Wavelength_nm	Reactant_normalized	PSS_normalized_to_reactant	Reactant_reconstructed_M-1_cm-1	PSS_reconstructed_M-1_cm-1	Product_epsilon_M-1_cm-1	Product_epsilon_raw_M-1_cm-1	Product_lower_nonnegative_M-1_cm-1	Product_upper_nonnegative_M-1_cm-1	Product_error_lower_M-1_cm-1	Product_error_upper_M-1_cm-1
2.50000000e+02	1.03637897e-01	1.66332056e-01	2.37864831e+03	3.81757519e+03	8.91922505e+03	8.91922505e+03	8.54849931e+03	9.32299252e+03	3.70725741e+02	4.03767462e+02
2.50100000e+02	1.03610664e-01	1.65775162e-01	2.37802327e+03	3.80479364e+03	8.86334311e+03	8.86334311e+03	8.49555466e+03	9.26389413e+03	3.67788445e+02	4.00551019e+02
2.50200000e+02	1.03590401e-01	1.65224887e-01	2.37755822e+03	3.79216398e+03	8.80758440e+03	8.80758440e+03	8.44273360e+03	9.20491844e+03	3.64850800e+02	3.97334041e+02
2.50300000e+02	1.03577020e-01	1.64681158e-01	2.37725109e+03	3.77968456e+03	8.75194867e+03	8.75194867e+03	8.39003579e+03	9.14606528e+03	3.61912881e+02	3.94116612e+02
2.50400000e+02	1.03570429e-01	1.64143902e-01	2.37709982e+03	3.76735371e+03	8.69643568e+03	8.69643568e+03	8.33746092e+03	9.08733450e+03	3.58974764e+02	3.90898819e+02
2.50500000e+02	1.03570539e-01	1.63613046e-01	2.37710234e+03	3.75516977e+03	8.64104519e+03	8.64104519e+03	8.28500866e+03	9.02872593e+03	3.56036524e+02	3.87680744e+02
2.50600000e+02	1.03577260e-01	1.63088520e-01	2.37725660e+03	3.74313108e+03	8.58577693e+03	8.58577693e+03	8.23267870e+03	8.97023941e+03	3.53098237e+02	3.84462474e+02
2.50700000e+02	1.03590502e-01	1.62570249e-01	2.37756054e+03	3.73123597e+03	8.53063068e+03	8.53063068e+03	8.18047070e+03	8.91187477e+03	3.50159980e+02	3.81244092e+02
2.50800000e+02	1.03610176e-01	1.62058162e-01	2.37801208e+03	3.71948278e+03	8.47560618e+03	8.47560618e+03	8.12838436e+03	8.85363187e+03	3.47221826e+02	3.78025685e+02
2.50900000e+02	1.03636191e-01	1.61552185e-01	2.37860917e+03	3.70786986e+03	8.42070319e+03	8.42070319e+03	8.07641933e+03	8.79551052e+03	3.44283853e+02	3.74807336e+02
2.51000000e+02	1.03668459e-01	1.61052248e-01	2.37934975e+03	3.69639553e+03	8.36592145e+03	8.36592145e+03	8.02457531e+03	8.73751058e+03	3.41346136e+02	3.71589131e+02
2.51100000e+02	1.03706887e-01	1.60558277e-01	2.38023175e+03	3.68505813e+03	8.31126072e+03	8.31126072e+03	7.97285197e+03	8.67963187e+03	3.38408750e+02	3.68371154e+02
2.51200000e+02	1.03751388e-01	1.60070199e-01	2.38125312e+03	3.67385600e+03	8.25672076e+03	8.25672076e+03	7.92124898e+03	8.62187425e+03	3.35471772e+02	3.65153491e+02
2.51300000e+02	1.03801871e-01	1.59587943e-01	2.38241178e+03	3.66278748e+03	8.20230131e+03	8.20230131e+03	7.86976603e+03	8.56423753e+03	3.32535276e+02	3.61936225e+02
2.51400000e+02	1.03858247e-01	1.59111435e-01	2.38370568e+03	3.65185090e+03	8.14800213e+03	8.14800213e+03	7.81840279e+03	8.50672157e+03	3.29599339e+02	3.58719443e+02
2.51500000e+02	1.03920424e-01	1.58640604e-01	2.38513276e+03	3.64104461e+03	8.09382298e+03	8.09382298e+03	7.76715894e+03	8.44932621e+03	3.26664036e+02	3.55503228e+02
2.51600000e+02	1.03988315e-01	1.58175377e-01	2.38669094e+03	3.63036693e+03	8.03976360e+03	8.03976360e+03	7.71603416e+03	8.39205127e+03	3.23729443e+02	3.52287666e+02
2.51700000e+02	1.04061828e-01	1.57715681e-01	2.38837818e+03	3.61981621e+03	7.98582375e+03	7.98582375e+03	7.66502812e+03	8.33489660e+03	3.20795636e+02	3.49072841e+02
2.51800000e+02	1.04140874e-01	1.57261444e-01	2.39019241e+03	3.60939078e+03	7.93200319e+03	7.93200319e+03	7.61414050e+03	8.27786203e+03	3.17862689e+02	3.45858839e+02
2.51900000e+02	1.04225363e-01	1.56812594e-01	2.39213156e+03	3.59908898e+03	7.87830166e+03	7.87830166e+03	7.56337098e+03	8.22094741e+03	3.14930680e+02	3.42645744e+02
2.52000000e+02	1.04315205e-01	1.56369058e-01	2.39419358e+03	3.58890915e+03	7.82471892e+03	7.82471892e+03	7.51271924e+03	8.16415256e+03	3.11999683e+02	3.39433640e+02
2.52100000e+02	1.04410311e-01	1.55930764e-01	2.39637639e+03	3.57884963e+03	7.77125472e+03	7.77125472e+03	7.46218495e+03	8.10747734e+03	3.09069775e+02	3.36222614e+02
2.52200000e+02	1.04510590e-01	1.55497639e-01	2.39867795e+03	3.56890874e+03	7.71790882e+03	7.71790882e+03	7.41176779e+03	8.05092157e+03	3.06141030e+02	3.33012749e+02
2.52300000e+02	1.04615952e-01	1.55069610e-01	2.40109618e+03	3.55908484e+03	7.66468097e+03	7.66468097e+03	7.36146744e+03	7.99448510e+03	3.03213525e+02	3.29804131e+02
2.52400000e+02	1.04726309e-01	1.54646606e-01	2.40362903e+03	3.54937625e+03	7.61157091e+03	7.61157091e+03	7.31128358e+03	7.93816776e+03	3.00287335e+02	3.26596844e+02
2.52500000e+02	1.04841569e-01	1.54228554e-01	2.40627443e+03	3.53978131e+03	7.55857842e+03	7.55857842e+03	7.26121588e+03	7.88196939e+03	2.97362536e+02	3.23390973e+02
2.52600000e+02	1.04959211e-01	1.53816541e-01	2.40897451e+03	3.53032499e+03	7.50602215e+03	7.50602215e+03	7.21156363e+03	7.82622996e+03	2.94458523e+02	3.20207816e+02
2.52700000e+02	1.05081790e-01	1.53408572e-01	2.41178787e+03	3.52096146e+03	7.45348602e+03	7.45348602e+03	7.16193531e+03	7.77050640e+03	2.91550702e+02	3.17020380e+02
2.52800000e+02	1.05209025e-01	1.53005195e-01	2.41470811e+03	3.51170334e+03	7.40105003e+03	7.40105003e+03	7.11240644e+03	7.71488365e+03	2.88643592e+02	3.13833621e+02
2.52900000e+02	1.05340572e-01	1.52606884e-01	2.41772730e+03	3.50256151e+03	7.34879188e+03	7.34879188e+03	7.06305022e+03	7.65944431e+03	2.85741657e+02	3.10652436e+02
2.53000000e+02	1.05477231e-01	1.52211996e-01	2.42086385e+03	3.49349821e+03	7.29647459e+03	7.29647459e+03	7.01364306e+03	7.60393676e+03	2.82831533e+02	3.07462170e+02
2.53100000e+02	1.05616177e-01	1.51818209e-01	2.42405287e+03	3.48446020e+03	7.24408617e+03	7.24408617e+03	6.96417079e+03	7.54835141e+03	2.79915377e+02	3.04265247e+02
2.53200000e+02	1.05757193e-01	1.51425249e-01	2.42728942e+03	3.47544118e+03	7.19161561e+03	7.19161561e+03	6.91462279e+03	7.49267688e+03	2.76992820e+02	3.01061268e+02
2.53300000e+02	1.05900733e-01	1.51033112e-01	2.43058386e+03	3.46644102e+03	7.13902552e+03	7.13902552e+03	6.86496409e+03	7.43687308e+03	2.74061429e+02	2.97847560e+02
2.53400000e+02	1.06047162e-01	1.50641682e-01	2.43394464e+03	3.45745711e+03	7.08627408e+03	7.08627408e+03	6.81515545e+03	7.38089536e+03	2.71118624e+02	2.94621287e+02
2.53500000e+02	1.06196763e-01	1.50250737e-01	2.43737821e+03	3.44848432e+03	7.03331507e+03	7.03331507e+03	6.76515340e+03	7.32469453e+03	2.68161676e+02	2.91379454e+02
2.53600000e+02	1.06351318e-01	1.49865161e-01	2.44092549e+03	3.43963477e+03	6.98051314e+03	6.98051314e+03	6.71530497e+03	7.26865442e+03	2.65208165e+02	2.88141279e+02
2.53700000e+02	1.06510865e-01	1.49482728e-01	2.44458733e+03	3.43085733e+03	6.92763279e+03	6.92763279e+03	6.66538723e+03	7.21252583e+03	2.62245564e+02	2.84893037e+02
2.53800000e+02	1.06675844e-01	1.49104620e-01	2.44837385e+03	3.42217917e+03	6.87476169e+03	6.87476169e+03	6.61548360e+03	7.15640103e+03	2.59278087e+02	2.81639337e+02
2.53900000e+02	1.06846617e-01	1.48731924e-01	2.45229335e+03	3.41362523e+03	6.82198371e+03	6.82198371e+03	6.56567388e+03	7.10036836e+03	2.56309825e+02	2.78384650e+02
2.54000000e+02	1.07023470e-01	1.48365630e-01	2.45635240e+03	3.40521823e+03	6.76937891e+03	6.76937891e+03	6.51603417e+03	7.04451222e+03	2.53344743e+02	2.75133313e+02
2.54100000e+02	1.07206833e-01	1.48007186e-01	2.46056085e+03	3.39699140e+03	6.71706334e+03	6.71706334e+03	6.46667477e+03	6.98895494e+03	2.50388572e+02	2.71891594e+02
2.54200000e+02	1.07398286e-01	1.47660237e-01	2.46495501e+03	3.38902838e+03	6.66528852e+03	6.66528852e+03	6.41783543e+03	6.93396088e+03	2.47453091e+02	2.68672358e+02
2.54300000e+02	1.07599264e-01	1.47327184e-01	2.46956776e+03	3.38138430e+03	6.61418842e+03	6.61418842e+03	6.36964443e+03	6.87967023e+03	2.44543991e+02	2.65481808e+02
2.54400000e+02	1.07809585e-01	1.47008791e-01	2.47439493e+03	3.37407670e+03	6.56385749e+03	6.56385749e+03	6.32219103e+03	6.82618312e+03	2.41666461e+02	2.62325630e+02
2.54500000e+02	1.08029012e-01	1.46705759e-01	2.47943112e+03	3.36712166e+03	6.51438812e+03	6.51438812e+03	6.27556249e+03	6.77359757e+03	2.38825635e+02	2.59209452e+02
2.54600000e+02	1.08257254e-01	1.46418728e-01	2.48466964e+03	3.36053386e+03	6.46587066e+03	6.46587066e+03	6.22984407e+03	6.72200951e+03	2.36026593e+02	2.56138846e+02
2.54700000e+02	1.08494445e-01	1.46146608e-01	2.49011352e+03	3.35428829e+03	6.41818067e+03	6.41818067e+03	6.18491807e+03	6.67128711e+03	2.33262604e+02	2.53106434e+02
2.54800000e+02	1.08738015e-01	1.45884015e-01	2.49570384e+03	3.34826137e+03	6.37096532e+03	6.37096532e+03	6.14044783e+03	6.62105988e+03	2.30517488e+02	2.50094555e+02
2.54900000e+02	1.08985762e-01	1.45628378e-01	2.50139001e+03	3.34239411e+03	6.32413590e+03	6.32413590e+03	6.09634718e+03	6.57123638e+03	2.27788717e+02	2.47100486e+02
2.55000000e+02	1.09238505e-01	1.45380633e-01	2.50719084e+03	3.33670798e+03	6.27772329e+03	6.27772329e+03	6.05264617e+03	6.52184841e+03	2.25077121e+02	2.44125118e+02
2.55100000e+02	1.09496969e-01	1.45141571e-01	2.51312298e+03	3.33122114e+03	6.23175100e+03	6.23175100e+03	6.00936777e+03	6.47292001e+03	2.22383229e+02	2.41169014e+02
2.55200000e+02	1.09761787e-01	1.44911841e-01	2.51920098e+03	3.32594849e+03	6.18623515e+03	6.18623515e+03	5.96652788e+03	6.42446757e+03	2.19707271e+02	2.38232414e+02
2.55300000e+02	1.10034238e-01	1.44692663e-01	2.52545414e+03	3.32091803e+03	6.14119909e+03	6.14119909e+03	5.92414986e+03	6.37651435e+03	2.17049222e+02	2.35315262e+02
2.55400000e+02	1.10316323e-01	1.44486285e-01	2.53192842e+03	3.31618132e+03	6.09671430e+03	6.09671430e+03	5.88230341e+03	6.32913381e+03	2.14410898e+02	2.32419502e+02
2.55500000e+02	1.10608720e-01	1.44293277e-01	2.53863938e+03	3.31175151e+03	6.05278542e+03	6.05278542e+03	5.84099354e+03	6.28233007e+03	2.11791873e+02	2.29544655e+02
2.55600000e+02	1.10911635e-01	1.44113563e-01	2.54559173e+03	3.30762679e+03	6.00938745e+03	6.00938745e+03	5.80019683e+03	6.23607649e+03	2.09190620e+02	2.26689041e+02
2.55700000e+02	1.11225199e-01	1.43946942e-01	2.55278851e+03	3.30380258e+03	5.96648885e+03	5.96648885e+03	5.75988352e+03	6.19033954e+03	2.06605334e+02	2.23850684e+02
2.55800000e+02	1.11549471e-01	1.43793095e-01	2.56023106e+03	3.30027156e+03	5.92405154e+03	5.92405154e+03	5.72001760e+03	6.14507885e+03	2.04033938e+02	2.21027305e+02
2.55900000e+02	1.11883432e-01	1.43653600e-01	2.56789596e+03	3.29706993e+03	5.88232308e+03	5.88232308e+03	5.68083251e+03	6.10055750e+03	2.01490572e+02	2.18234413e+02
2.56000000e+02	1.12224867e-01	1.43525781e-01	2.57573241e+03	3.29413628e+03	5.84120455e+03	5.84120455e+03	5.64223238e+03	6.05667326e+03	1.98972174e+02	2.15468704e+02
2.56100000e+02	1.12573762e-01	1.43409924e-01	2.58374009e+03	3.29147720e+03	5.80072696e+03	5.80072696e+03	5.60424656e+03	6.01345896e+03	1.96480405e+02	2.12731996e+02
2.56200000e+02	1.12930030e-01	1.43306223e-01	2.59191698e+03	3.28909710e+03	5.76091755e+03	5.76091755e+03	5.56690076e+03	5.97094352e+03	1.94016794e+02	2.10025969e+02
2.56300000e+02	1.13293485e-01	1.43214742e-01	2.60025884e+03	3.28699747e+03	5.72179810e+03	5.72179810e+03	5.53021541e+03	5.92915019e+03	1.91582681e+02	2.07352090e+02
2.56400000e+02	1.13664062e-01	1.43135850e-01	2.60876416e+03	3.28518678e+03	5.68341244e+03	5.68341244e+03	5.49423199e+03	5.88812542e+03	1.89180456e+02	2.04712981e+02
2.56500000e+02	1.14043294e-01	1.43071911e-01	2.61746809e+03	3.28371928e+03	5.64588258e+03	5.64588258e+03	5.45906750e+03	5.84799662e+03	1.86815076e+02	2.02114037e+02
2.56600000e+02	1.14432345e-01	1.43021916e-01	2.62639742e+03	3.28257181e+03	5.60900829e+03	5.60900829e+03	5.42453352e+03	5.80855062e+03	1.84474769e+02	1.99542338e+02
2.56700000e+02	1.14830584e-01	1.42986433e-01	2.63553762e+03	3.28175744e+03	5.57290045e+03	5.57290045e+03	5.39073441e+03	5.76990548e+03	1.82166041e+02	1.97005026e+02
2.56800000e+02	1.15237308e-01	1.42965913e-01	2.64487254e+03	3.28128647e+03	5.53766313e+03	5.53766313e+03	5.35776803e+03	5.73217205e+03	1.79895106e+02	1.94508921e+02
2.56900000e+02	1.15651743e-01	1.42960685e-01	2.65438448e+03	3.28116647e+03	5.50339351e+03	5.50339351e+03	5.32572563e+03	5.69545404e+03	1.77667883e+02	1.92060523e+02
2.57000000e+02	1.16074052e-01	1.42969752e-01	2.66407710e+03	3.28137457e+03	5.46997472e+03	5.46997472e+03	5.29449671e+03	5.65962758e+03	1.75478015e+02	1.89652863e+02
2.57100000e+02	1.16503403e-01	1.42990421e-01	2.67393137e+03	3.28184896e+03	5.43719317e+03	5.43719317e+03	5.26387818e+03	5.62446762e+03	1.73314989e+02	1.87274450e+02
2.57200000e+02	1.16937519e-01	1.43021629e-01	2.68389499e+03	3.28256523e+03	5.40512336e+03	5.40512336e+03	5.23393835e+03	5.59005549e+03	1.71185012e+02	1.84932128e+02
2.57300000e+02	1.17376727e-01	1.43062759e-01	2.69397549e+03	3.28350923e+03	5.37367429e+03	5.37367429e+03	5.20459137e+03	5.55629454e+03	1.69082929e+02	1.82620246e+02
2.57400000e+02	1.17821272e-01	1.43113044e-01	2.70417848e+03	3.28466335e+03	5.34274609e+03	5.34274609e+03	5.17574289e+03	5.52307882e+03	1.67003203e+02	1.80332733e+02
2.57500000e+02	1.18271312e-01	1.43171566e-01	2.71450758e+03	3.28600652e+03	5.31223004e+03	5.31223004e+03	5.14729013e+03	5.49029314e+03	1.64939911e+02	1.78063099e+02
2.57600000e+02	1.18726579e-01	1.43240592e-01	2.72495665e+03	3.28759077e+03	5.28238449e+03	5.28238449e+03	5.11947747e+03	5.45821113e+03	1.62907020e+02	1.75826648e+02
2.57700000e+02	1.19186142e-01	1.43320487e-01	2.73550432e+03	3.28942449e+03	5.25332325e+03	5.25332325e+03	5.09241176e+03	5.42695427e+03	1.60911489e+02	1.73631020e+02
2.57800000e+02	1.19649645e-01	1.43410630e-01	2.74614244e+03	3.29149340e+03	5.22501045e+03	5.22501045e+03	5.06605869e+03	5.39648497e+03	1.58951764e+02	1.71474523e+02
2.57900000e+02	1.20116980e-01	1.43510959e-01	2.75686850e+03	3.29379610e+03	5.19744849e+03	5.19744849e+03	5.04042041e+03	5.36680591e+03	1.57028083e+02	1.69357418e+02
2.58000000e+02	1.20587941e-01	1.43621283e-01	2.76767776e+03	3.29632820e+03	5.17063432e+03	5.17063432e+03	5.01549383e+03	5.33791407e+03	1.55140485e+02	1.67279754e+02
2.58100000e+02	1.21062224e-01	1.43741285e-01	2.77856328e+03	3.29908243e+03	5.14455941e+03	5.14455941e+03	4.99127059e+03	5.30980078e+03	1.53288818e+02	1.65241370e+02
2.58200000e+02	1.21543109e-01	1.43872359e-01	2.78960034e+03	3.30209078e+03	5.11910234e+03	5.11910234e+03	4.96763894e+03	5.28233393e+03	1.51463401e+02	1.63231592e+02
2.58300000e+02	1.22031507e-01	1.44014633e-01	2.80080981e+03	3.30535620e+03	5.09420250e+03	5.09420250e+03	4.94454238e+03	5.25544839e+03	1.49660121e+02	1.61245894e+02
2.58400000e+02	1.22527673e-01	1.44167833e-01	2.81219759e+03	3.30887236e+03	5.06981020e+03	5.06981020e+03	4.92193411e+03	5.22909130e+03	1.47876087e+02	1.59281106e+02
2.58500000e+02	1.23031803e-01	1.44331571e-01	2.82376813e+03	3.31263039e+03	5.04586932e+03	5.04586932e+03	4.89976119e+03	5.20320307e+03	1.46108132e+02	1.57333755e+02
2.58600000e+02	1.23544023e-01	1.44505347e-01	2.83552436e+03	3.31661883e+03	5.02231741e+03	5.02231741e+03	4.87796459e+03	5.17771748e+03	1.44352817e+02	1.55400069e+02
2.58700000e+02	1.24064428e-01	1.44688784e-01	2.84746846e+03	3.32082899e+03	4.99910721e+03	4.99910721e+03	4.85649967e+03	5.15258442e+03	1.42607541e+02	1.53477201e+02
2.58800000e+02	1.24592818e-01	1.44884193e-01	2.85959581e+03	3.32531392e+03	4.97649628e+03	4.97649628e+03	4.83561012e+03	5.12807662e+03	1.40886165e+02	1.51580334e+02
2.58900000e+02	1.25125576e-01	1.45088164e-01	2.87182342e+03	3.32999538e+03	4.95442322e+03	4.95442322e+03	4.81523422e+03	5.10413311e+03	1.39189003e+02	1.49709892e+02
2.59000000e+02	1.25663608e-01	1.45301342e-01	2.88417210e+03	3.33488813e+03	4.93288136e+03	4.93288136e+03	4.79536655e+03	5.08074585e+03	1.37514808e+02	1.47864489e+02
2.59100000e+02	1.26207721e-01	1.45524248e-01	2.89666031e+03	3.34000418e+03	4.91185969e+03	4.91185969e+03	4.77599749e+03	5.05790229e+03	1.35862200e+02	1.46042595e+02
2.59200000e+02	1.26758618e-01	1.45757286e-01	2.90930425e+03	3.34535275e+03	4.89134291e+03	4.89134291e+03	4.75711324e+03	5.03558545e+03	1.34229670e+02	1.44242543e+02
2.59300000e+02	1.27316267e-01	1.46000094e-01	2.92210314e+03	3.35092557e+03	4.87129601e+03	4.87129601e+03	4.73868061e+03	5.01375835e+03	1.32615394e+02	1.42462338e+02
2.59400000e+02	1.27881445e-01	1.46251494e-01	2.93507484e+03	3.35669558e+03	4.85153275e+03	4.85153275e+03	4.72052402e+03	4.99222305e+03	1.31008726e+02	1.40690298e+02
2.59500000e+02	1.28456792e-01	1.46511594e-01	2.94827994e+03	3.36266528e+03	4.83184965e+03	4.83184965e+03	4.70245339e+03	4.97076134e+03	1.29396263e+02	1.38911691e+02
2.59600000e+02	1.29041157e-01	1.46779700e-01	2.96169201e+03	3.36881870e+03	4.81226788e+03	4.81226788e+03	4.68448761e+03	4.94939689e+03	1.27780267e+02	1.37129016e+02
2.59700000e+02	1.29633314e-01	1.47054986e-01	2.97528293e+03	3.37513695e+03	4.79280124e+03	4.79280124e+03	4.66663856e+03	4.92814567e+03	1.26162679e+02	1.35344428e+02
2.59800000e+02	1.30231966e-01	1.47336504e-01	2.98902289e+03	3.38159822e+03	4.77345620e+03	4.77345620e+03	4.64891107e+03	4.90701593e+03	1.24545126e+02	1.33559736e+02
2.59900000e+02	1.30839253e-01	1.47627287e-01	3.00296106e+03	3.38827214e+03	4.75437504e+03	4.75437504e+03	4.63144201e+03	4.88615589e+03	1.22933039e+02	1.31780842e+02
2.60000000e+02	1.31456914e-01	1.47930526e-01	3.01713733e+03	3.39523193e+03	4.73574914e+03	4.73574914e+03	4.61441428e+03	4.86576608e+03	1.21334852e+02	1.30016944e+02
2.60100000e+02	1.32084446e-01	1.48246346e-01	3.03154015e+03	3.40248048e+03	4.71763254e+03	4.71763254e+03	4.59787861e+03	4.84590428e+03	1.19753929e+02	1.28271739e+02
2.60200000e+02	1.32721747e-01	1.48574810e-01	3.04616718e+03	3.41001922e+03	4.70004011e+03	4.70004011e+03	4.58184895e+03	4.82658631e+03	1.18191159e+02	1.26546203e+02
2.60300000e+02	1.33368679e-01	1.48915906e-01	3.06101526e+03	3.41784791e+03	4.68298185e+03	4.68298185e+03	4.56633464e+03	4.80782292e+03	1.16647208e+02	1.24841068e+02
2.60400000e+02	1.34025071e-01	1.49269551e-01	3.07608045e+03	3.42596460e+03	4.66646294e+03	4.66646294e+03	4.55134042e+03	4.78961977e+03	1.15122522e+02	1.23156825e+02
2.60500000e+02	1.34689451e-01	1.49633901e-01	3.09132899e+03	3.43432699e+03	4.65041080e+03	4.65041080e+03	4.53679609e+03	4.77190168e+03	1.13614703e+02	1.21490881e+02
2.60600000e+02	1.35358230e-01	1.50006332e-01	3.10667849e+03	3.44287486e+03	4.63484380e+03	4.63484380e+03	4.52271553e+03	4.75469206e+03	1.12128273e+02	1.19848266e+02
2.60700000e+02	1.36030937e-01	1.50386187e-01	3.12211815e+03	3.45159311e+03	4.61973162e+03	4.61973162e+03	4.50906954e+03	4.73795936e+03	1.10662087e+02	1.18227739e+02
2.60800000e+02	1.36707566e-01	1.50773010e-01	3.13764782e+03	3.46047130e+03	4.60502727e+03	4.60502727e+03	4.49581361e+03	4.72165384e+03	1.09213659e+02	1.16626574e+02
2.60900000e+02	1.37388036e-01	1.51166241e-01	3.15326565e+03	3.46949654e+03	4.59067880e+03	4.59067880e+03	4.48289848e+03	4.70572064e+03	1.07780314e+02	1.15041845e+02
2.61000000e+02	1.38072193e-01	1.51565214e-01	3.16896811e+03	3.47865359e+03	4.57662936e+03	4.57662936e+03	4.47027018e+03	4.69009978e+03	1.06359188e+02	1.13470419e+02
2.61100000e+02	1.38761831e-01	1.51972093e-01	3.18479634e+03	3.48799209e+03	4.56295881e+03	4.56295881e+03	4.45800607e+03	4.67487377e+03	1.04952746e+02	1.11914955e+02
2.61200000e+02	1.39455052e-01	1.52382997e-01	3.20070683e+03	3.49742295e+03	4.54941645e+03	4.54941645e+03	4.44586689e+03	4.65977943e+03	1.03549563e+02	1.10362982e+02
2.61300000e+02	1.40152387e-01	1.52798437e-01	3.21671174e+03	3.50695794e+03	4.53601267e+03	4.53601267e+03	4.43386301e+03	4.64482719e+03	1.02149667e+02	1.08814519e+02
2.61400000e+02	1.40854288e-01	1.53218811e-01	3.23282144e+03	3.51660617e+03	4.52275203e+03	4.52275203e+03	4.42199918e+03	4.63002136e+03	1.00752853e+02	1.07269331e+02
2.61500000e+02	1.41561130e-01	1.53644399e-01	3.24904455e+03	3.52637407e+03	4.50963326e+03	4.50963326e+03	4.41027458e+03	4.61536019e+03	9.93586827e+01	1.05726932e+02
2.61600000e+02	1.42272695e-01	1.54075874e-01	3.26537605e+03	3.53627706e+03	4.49674425e+03	4.49674425e+03	4.39877221e+03	4.60093691e+03	9.79720342e+01	1.04192667e+02
2.61700000e+02	1.42987364e-01	1.54515502e-01	3.28177880e+03	3.54636719e+03	4.48445330e+03	4.48445330e+03	4.38783926e+03	4.58714302e+03	9.66140429e+01	1.02689720e+02
2.61800000e+02	1.43704836e-01	1.54964447e-01	3.29824588e+03	3.55667118e+03	4.47290635e+03	4.47290635e+03	4.37761360e+03	4.57413325e+03	9.52927468e+01	1.01226903e+02
2.61900000e+02	1.44424750e-01	1.55422680e-01	3.31476901e+03	3.56718832e+03	4.46212949e+03	4.46212949e+03	4.36811961e+03	4.56193562e+03	9.40098871e+01	9.98061290e+01
2.62000000e+02	1.45146653e-01	1.55890078e-01	3.33133777e+03	3.57791583e+03	4.45214711e+03	4.45214711e+03	4.35937991e+03	4.55057643e+03	9.27672053e+01	9.84293160e+01
2.62100000e+02	1.45869996e-01	1.56366433e-01	3.34793961e+03	3.58884891e+03	4.44298186e+03	4.44298186e+03	4.35141542e+03	4.54008024e+03	9.15664436e+01	9.70983839e+01
2.62200000e+02	1.46596434e-01	1.56851956e-01	3.36461247e+03	3.59999239e+03	4.43452118e+03	4.43452118e+03	4.34412119e+03	4.53032615e+03	9.03999983e+01	9.58049689e+01
2.62300000e+02	1.47329138e-01	1.57347221e-01	3.38142915e+03	3.61135950e+03	4.42656711e+03	4.42656711e+03	4.33731288e+03	4.52110118e+03	8.92542349e+01	9.45340685e+01
2.62400000e+02	1.48068675e-01	1.57852119e-01	3.39840266e+03	3.62294767e+03	4.41906179e+03	4.41906179e+03	4.33093627e+03	4.51234349e+03	8.81255245e+01	9.32816958e+01
2.62500000e+02	1.48814814e-01	1.58366199e-01	3.41552768e+03	3.63474659e+03	4.41197729e+03	4.41197729e+03	4.32496467e+03	4.50402377e+03	8.70126142e+01	9.20464836e+01
2.62600000e+02	1.49567274e-01	1.58888935e-01	3.43279780e+03	3.64674418e+03	4.40528134e+03	4.40528134e+03	4.31936727e+03	4.49610820e+03	8.59140687e+01	9.08268663e+01
2.62700000e+02	1.50325732e-01	1.59419722e-01	3.45020556e+03	3.65892657e+03	4.39893740e+03	4.39893740e+03	4.31410913e+03	4.48855848e+03	8.48282711e+01	8.96210797e+01
2.62800000e+02	1.51090579e-01	1.59959409e-01	3.46775997e+03	3.67131321e+03	4.39300195e+03	4.39300195e+03	4.30924412e+03	4.48143392e+03	8.37578288e+01	8.84319712e+01
2.62900000e+02	1.51858645e-01	1.60504610e-01	3.48538827e+03	3.68382640e+03	4.38737976e+03	4.38737976e+03	4.30467893e+03	4.47463726e+03	8.27008227e+01	8.72575081e+01
2.63000000e+02	1.52629490e-01	1.61054702e-01	3.50308034e+03	3.69645185e+03	4.38204175e+03	4.38204175e+03	4.30038560e+03	4.46813824e+03	8.16561457e+01	8.60964877e+01
2.63100000e+02	1.53403647e-01	1.61610126e-01	3.52084843e+03	3.70919969e+03	4.37699052e+03	4.37699052e+03	4.29636711e+03	4.46193899e+03	8.06234083e+01	8.49484715e+01
2.63200000e+02	1.54181576e-01	1.62171223e-01	3.53870309e+03	3.72207772e+03	4.37222413e+03	4.37222413e+03	4.29262208e+03	4.45603697e+03	7.96020539e+01	8.38128400e+01
2.63300000e+02	1.54963663e-01	1.62738232e-01	3.55665319e+03	3.73509144e+03	4.36773614e+03	4.36773614e+03	4.28914478e+03	4.45042493e+03	7.85913591e+01	8.26887924e+01
2.63400000e+02	1.55750246e-01	1.63311301e-01	3.57470647e+03	3.74824424e+03	4.36351451e+03	4.36351451e+03	4.28592416e+03	4.44508976e+03	7.75903513e+01	8.15752560e+01
2.63500000e+02	1.56541129e-01	1.63890028e-01	3.59285845e+03	3.76152692e+03	4.35953332e+03	4.35953332e+03	4.28293547e+03	4.44000426e+03	7.65978496e+01	8.04709418e+01
2.63600000e+02	1.57336580e-01	1.64474451e-01	3.61111526e+03	3.77494031e+03	4.35577458e+03	4.35577458e+03	4.28016195e+03	4.43514909e+03	7.56126349e+01	7.93745089e+01
2.63700000e+02	1.58136789e-01	1.65064500e-01	3.62948128e+03	3.78848285e+03	4.35221568e+03	4.35221568e+03	4.27758236e+03	4.43050012e+03	7.46333201e+01	7.82844336e+01
2.63800000e+02	1.58941868e-01	1.65660003e-01	3.64795909e+03	3.80215055e+03	4.34882940e+03	4.34882940e+03	4.27517105e+03	4.42602841e+03	7.36583493e+01	7.71990097e+01
2.63900000e+02	1.59752735e-01	1.66261478e-01	3.66656973e+03	3.81595532e+03	4.34559514e+03	4.34559514e+03	4.27290942e+03	4.42171117e+03	7.26857254e+01	7.61160297e+01
2.64000000e+02	1.60574351e-01	1.66872852e-01	3.68542705e+03	3.82998728e+03	4.34251902e+03	4.34251902e+03	4.27080815e+03	4.41754939e+03	7.17108712e+01	7.50303719e+01
2.64100000e+02	1.61408225e-01	1.67494538e-01	3.70456574e+03	3.84425593e+03	4.33952115e+03	4.33952115e+03	4.26879309e+03	4.41345688e+03	7.07280568e+01	7.39357279e+01
2.64200000e+02	1.62255048e-01	1.68126913e-01	3.72400163e+03	3.85876992e+03	4.33658479e+03	4.33658479e+03	4.26684908e+03	4.40941516e+03	6.97357132e+01	7.28303641e+01
2.64300000e+02	1.63115478e-01	1.68770286e-01	3.74374981e+03	3.87353631e+03	4.33368846e+03	4.33368846e+03	4.26495641e+03	4.40540077e+03	6.87320503e+01	7.17123055e+01
2.64400000e+02	1.63990142e-01	1.69424893e-01	3.76382468e+03	3.88856055e+03	4.33080591e+03	4.33080591e+03	4.26309086e+03	4.40138525e+03	6.77150567e+01	7.05793356e+01
2.64500000e+02	1.64877258e-01	1.70090470e-01	3.78418535e+03	3.90383656e+03	4.32805449e+03	4.32805449e+03	4.26136177e+03	4.39749472e+03	6.66927163e+01	6.94402373e+01
2.64600000e+02	1.65771470e-01	1.70764816e-01	3.80470889e+03	3.91931381e+03	4.32564036e+03	4.32564036e+03	4.25995910e+03	4.39395326e+03	6.56812575e+01	6.83129019e+01
2.64700000e+02	1.66670698e-01	1.71446463e-01	3.82534755e+03	3.93495867e+03	4.32357989e+03	4.32357989e+03	4.25889629e+03	4.39078047e+03	6.46836029e+01	6.72005757e+01
2.64800000e+02	1.67574990e-01	1.72135798e-01	3.84610245e+03	3.95077995e+03	4.32190928e+03	4.32190928e+03	4.25820765e+03	4.38801459e+03	6.37016244e+01	6.61053079e+01
2.64900000e+02	1.68484291e-01	1.72833099e-01	3.86697228e+03	3.96678408e+03	4.32066229e+03	4.32066229e+03	4.25792512e+03	4.38569142e+03	6.27371699e+01	6.50291236e+01
2.65000000e+02	1.69398438e-01	1.73538542e-01	3.88795335e+03	3.98297509e+03	4.31987033e+03	4.31987033e+03	4.25807827e+03	4.38384436e+03	6.17920633e+01	6.39740238e+01
2.65100000e+02	1.70317877e-01	1.74252215e-01	3.90905589e+03	3.99935497e+03	4.31950628e+03	4.31950628e+03	4.25864185e+03	4.38244422e+03	6.08644261e+01	6.29379416e+01
2.65200000e+02	1.71241822e-01	1.74974425e-01	3.93026184e+03	4.01593079e+03	4.31966617e+03	4.31966617e+03	4.25970604e+03	4.38159349e+03	5.99601296e+01	6.19273245e+01
2.65300000e+02	1.72169838e-01	1.75705098e-01	3.95156124e+03	4.03270085e+03	4.32037767e+03	4.32037767e+03	4.26129660e+03	4.38132193e+03	5.90810708e+01	6.09442597e+01
2.65400000e+02	1.73101848e-01	1.76443904e-01	3.97295229e+03	4.04965758e+03	4.32161271e+03	4.32161271e+03	4.26338687e+03	4.38159991e+03	5.82258372e+01	5.99872017e+01
2.65500000e+02	1.74037666e-01	1.77190413e-01	3.99443075e+03	4.06679112e+03	4.32334152e+03	4.32334152e+03	4.26594849e+03	4.38239615e+03	5.73930337e+01	5.90546270e+01
2.65600000e+02	1.74976998e-01	1.77944096e-01	4.01598985e+03	4.08408927e+03	4.32553268e+03	4.32553268e+03	4.26895140e+03	4.38367772e+03	5.65812831e+01	5.81450333e+01
2.65700000e+02	1.75922744e-01	1.78706202e-01	4.03769617e+03	4.10158078e+03	4.32808076e+03	4.32808076e+03	4.27229863e+03	4.38532986e+03	5.57821280e+01	5.72490945e+01
2.65800000e+02	1.76874626e-01	1.79476616e-01	4.05954332e+03	4.11926296e+03	4.33099624e+03	4.33099624e+03	4.27599984e+03	4.38736397e+03	5.49963998e+01	5.63677271e+01
2.65900000e+02	1.77832903e-01	1.80254930e-01	4.08153723e+03	4.13712647e+03	4.33421559e+03	4.33421559e+03	4.27999511e+03	4.38971254e+03	5.42204730e+01	5.54969548e+01
2.66000000e+02	1.78797801e-01	1.81040655e-01	4.10368313e+03	4.15516005e+03	4.33766912e+03	4.33766912e+03	4.28421870e+03	4.39230160e+03	5.34504261e+01	5.46324778e+01
2.66100000e+02	1.79769461e-01	1.81833214e-01	4.12598420e+03	4.17335050e+03	4.34128553e+03	4.34128553e+03	4.28860319e+03	4.39505553e+03	5.26823392e+01	5.37699996e+01
2.66200000e+02	1.80748180e-01	1.82632396e-01	4.14844730e+03	4.19169294e+03	4.34501838e+03	4.34501838e+03	4.29310492e+03	4.39792487e+03	5.19134550e+01	5.29064938e+01
2.66300000e+02	1.81736408e-01	1.83441303e-01	4.17112866e+03	4.21025860e+03	4.34899204e+03	4.34899204e+03	4.29784409e+03	4.40103852e+03	5.11479498e+01	5.20464809e+01
2.66400000e+02	1.82734223e-01	1.84256907e-01	4.19403004e+03	4.22897795e+03	4.35288420e+03	4.35288420e+03	4.30251555e+03	4.40405535e+03	5.03686507e+01	5.11711510e+01
2.66500000e+02	1.83742022e-01	1.85080089e-01	4.21716056e+03	4.24787123e+03	4.35675454e+03	4.35675454e+03	4.30717621e+03	4.40703807e+03	4.95783314e+01	5.02835330e+01
2.66600000e+02	1.84760128e-01	1.85911645e-01	4.24052764e+03	4.26695672e+03	4.36065984e+03	4.36065984e+03	4.31188016e+03	4.41004641e+03	4.87796841e+01	4.93865686e+01
2.66700000e+02	1.85788790e-01	1.86752288e-01	4.26413703e+03	4.28625076e+03	4.36465399e+03	4.36465399e+03	4.31667867e+03	4.41313710e+03	4.79753199e+01	4.84831120e+01
2.66800000e+02	1.86828203e-01	1.87602123e-01	4.28799314e+03	4.30575578e+03	4.36873240e+03	4.36873240e+03	4.32156759e+03	4.41630508e+03	4.71648052e+01	4.75726843e+01
2.66900000e+02	1.87878697e-01	1.88461828e-01	4.31210357e+03	4.32548734e+03	4.37293886e+03	4.37293886e+03	4.32658872e+03	4.41959632e+03	4.63501361e+01	4.66574641e+01
2.67000000e+02	1.88940534e-01	1.89333126e-01	4.33647437e+03	4.34548494e+03	4.37743152e+03	4.37743152e+03	4.33189208e+03	4.42317787e+03	4.55394414e+01	4.57463490e+01
2.67100000e+02	1.90013588e-01	1.90215417e-01	4.36110260e+03	4.36573488e+03	4.38215841e+03	4.38215841e+03	4.33742832e+03	4.42699487e+03	4.47300903e+01	4.48364602e+01
2.67200000e+02	1.91097661e-01	1.91108035e-01	4.38598373e+03	4.38622182e+03	4.38706595e+03	4.38706595e+03	4.34314651e+03	4.43099085e+03	4.39194354e+01	4.39249025e+01
2.67300000e+02	1.92192487e-01	1.92010242e-01	4.41111166e+03	4.40692887e+03	4.39209895e+03	4.39209895e+03	4.34727945e+03	4.43685704e+03	4.48194988e+01	4.47580921e+01
2.67400000e+02	1.93296771e-01	1.92920903e-01	4.43645668e+03	4.42782992e+03	4.39724415e+03	4.39724415e+03	4.35142092e+03	4.44294074e+03	4.58232296e+01	4.56965823e+01
2.67500000e+02	1.94407994e-01	1.93838524e-01	4.46196094e+03	4.44889073e+03	4.40255089e+03	4.40255089e+03	4.35572242e+03	4.44918747e+03	4.68284684e+01	4.66365877e+01
2.67600000e+02	1.95524966e-01	1.94761951e-01	4.48759716e+03	4.47008479e+03	4.40799547e+03	4.40799547e+03	4.36016066e+03	4.45557318e+03	4.78348081e+01	4.75777131e+01
2.67700000e+02	1.96647178e-01	1.95690146e-01	4.51335363e+03	4.49138828e+03	4.41351112e+03	4.41351112e+03	4.36466695e+03	4.46203283e+03	4.88441769e+01	4.85217087e+01
2.67800000e+02	1.97774022e-01	1.96621993e-01	4.53921643e+03	4.51277561e+03	4.41903088e+03	4.41903088e+03	4.36917248e+03	4.46850112e+03	4.98584056e+01	4.94702342e+01
2.67900000e+02	1.98904795e-01	1.97556301e-01	4.56516940e+03	4.53421940e+03	4.42448758e+03	4.42448758e+03	4.37360835e+03	4.47491243e+03	5.08792279e+01	5.04248582e+01
2.68000000e+02	2.00042636e-01	1.98496175e-01	4.59128458e+03	4.55579095e+03	4.42994990e+03	4.42994990e+03	4.37804241e+03	4.48133631e+03	5.19074882e+01	5.13864146e+01
2.68100000e+02	2.01190379e-01	1.99439795e-01	4.61762704e+03	4.57744846e+03	4.43499714e+03	4.43499714e+03	4.38203526e+03	4.48736917e+03	5.29618800e+01	5.23720277e+01
2.68200000e+02	2.02347840e-01	2.00386967e-01	4.64419255e+03	4.59918752e+03	4.43962420e+03	4.43962420e+03	4.38558181e+03	4.49300589e+03	5.40423936e+01	5.33816853e+01
2.68300000e+02	2.03514469e-01	2.01337844e-01	4.67096847e+03	4.62101159e+03	4.44389176e+03	4.44389176e+03	4.38874558e+03	4.49830453e+03	5.51461791e+01	5.44127739e+01
2.68400000e+02	2.04689670e-01	2.02292514e-01	4.69794114e+03	4.64292274e+03	4.44785748e+03	4.44785748e+03	4.39158703e+03	4.50332022e+03	5.62704509e+01	5.54627387e+01
2.68500000e+02	2.05872818e-01	2.03251016e-01	4.72509619e+03	4.66492182e+03	4.45157630e+03	4.45157630e+03	4.39416381e+03	4.50810539e+03	5.74124915e+01	5.65290857e+01
2.68600000e+02	2.07063292e-01	2.04214192e-01	4.75241938e+03	4.68702819e+03	4.45518669e+03	4.45518669e+03	4.39662020e+03	4.51279318e+03	5.85664858e+01	5.76064931e+01
2.68700000e+02	2.08257013e-01	2.05184426e-01	4.77981710e+03	4.70929654e+03	4.45926911e+03	4.45926911e+03	4.39956265e+03	4.51794027e+03	5.97064616e+01	5.86711659e+01
2.68800000e+02	2.09454159e-01	2.06161088e-01	4.80729345e+03	4.73171242e+03	4.46374328e+03	4.46374328e+03	4.40290769e+03	4.52346929e+03	6.08355932e+01	5.97260058e+01
2.68900000e+02	2.10654837e-01	2.07143511e-01	4.83485083e+03	4.75426053e+03	4.46853130e+03	4.46853130e+03	4.40657441e+03	4.52930506e+03	6.19568880e+01	6.07737609e+01
2.69000000e+02	2.11859075e-01	2.08130996e-01	4.86248995e+03	4.77692483e+03	4.47355758e+03	4.47355758e+03	4.41048440e+03	4.53537461e+03	6.30731863e+01	6.18170249e+01
2.69100000e+02	2.13066569e-01	2.09122819e-01	4.89020378e+03	4.79968869e+03	4.47877155e+03	4.47877155e+03	4.41458551e+03	4.54162875e+03	6.41860361e+01	6.28572054e+01
2.69200000e+02	2.14276842e-01	2.10118248e-01	4.91798139e+03	4.82253530e+03	4.48413551e+03	4.48413551e+03	4.41883919e+03	4.54803061e+03	6.52963212e+01	6.38950996e+01
2.69300000e+02	2.15490295e-01	2.11116485e-01	4.94583199e+03	4.84544638e+03	4.48953373e+03	4.48953373e+03	4.42312495e+03	4.55446876e+03	6.64087753e+01	6.49350377e+01
2.69400000e+02	2.16706180e-01	2.12116701e-01	4.97373843e+03	4.86840286e+03	4.49494041e+03	4.49494041e+03	4.42741687e+03	4.56091755e+03	6.75235467e+01	6.59771401e+01
2.69500000e+02	2.17923681e-01	2.13118031e-01	5.00168193e+03	4.89138491e+03	4.50033182e+03	4.50033182e+03	4.43169119e+03	4.56735321e+03	6.86406330e+01	6.70213884e+01
2.69600000e+02	2.19141910e-01	2.14119574e-01	5.02964215e+03	4.91437185e+03	4.50568624e+03	4.50568624e+03	4.43592636e+03	4.57375387e+03	6.97598813e+01	6.80676252e+01
2.69700000e+02	2.20362056e-01	2.15122274e-01	5.05764638e+03	4.93738536e+03	4.51100536e+03	4.51100536e+03	4.44012285e+03	4.58012236e+03	7.08825156e+01	6.91169919e+01
2.69800000e+02	2.21584633e-01	2.16124264e-01	5.08570638e+03	4.96038257e+03	4.51605272e+03	4.51605272e+03	4.44403484e+03	4.58623074e+03	7.20178728e+01	7.01780235e+01
2.69900000e+02	2.22808806e-01	2.17123614e-01	5.11380303e+03	4.98331916e+03	4.52069456e+03	4.52069456e+03	4.44752454e+03	4.59194897e+03	7.31700198e+01	7.12544170e+01
2.70000000e+02	2.24034652e-01	2.18121156e-01	5.14193807e+03	5.00621428e+03	4.52501177e+03	4.52501177e+03	4.45067573e+03	4.59735527e+03	7.43360340e+01	7.23435051e+01
2.70100000e+02	2.25262191e-01	2.19117670e-01	5.17011197e+03	5.02908582e+03	4.52908399e+03	4.52908399e+03	4.45357101e+03	4.60252660e+03	7.55129800e+01	7.34426083e+01
2.70200000e+02	2.26491390e-01	2.20113883e-01	5.19832397e+03	5.05195041e+03	4.53298962e+03	4.53298962e+03	4.45629171e+03	4.60753865e+03	7.66979093e+01	7.45490337e+01
2.70300000e+02	2.27723357e-01	2.21110064e-01	5.22659949e+03	5.07481429e+03	4.53666679e+03	4.53666679e+03	4.45877247e+03	4.61233278e+03	7.78943187e+01	7.56659960e+01
2.70400000e+02	2.28955699e-01	2.22108512e-01	5.25488362e+03	5.09773021e+03	4.54054991e+03	4.54054991e+03	4.46146642e+03	4.61732626e+03	7.90834849e+01	7.67763526e+01
2.70500000e+02	2.30188502e-01	2.23109704e-01	5.28317834e+03	5.12070910e+03	4.54468180e+03	4.54468180e+03	4.46441789e+03	4.62256053e+03	8.02639097e+01	7.78787371e+01
2.70600000e+02	2.31422561e-01	2.24113568e-01	5.31150189e+03	5.14374930e+03	4.54899014e+03	4.54899014e+03	4.46755100e+03	4.62796655e+03	8.14391399e+01	7.89764038e+01
2.70700000e+02	2.32658599e-01	2.25119992e-01	5.33987085e+03	5.16684827e+03	4.55340459e+03	4.55340459e+03	4.47079202e+03	4.63347705e+03	8.26125707e+01	8.00724670e+01
2.70800000e+02	2.33897265e-01	2.26128826e-01	5.36830012e+03	5.19000257e+03	4.55785671e+03	4.55785671e+03	4.47406926e+03	4.63902661e+03	8.37874450e+01	8.11699006e+01
2.70900000e+02	2.35140500e-01	2.27139909e-01	5.39683428e+03	5.21320848e+03	4.56217156e+03	4.56217156e+03	4.47719920e+03	4.64444816e+03	8.49723620e+01	8.22765950e+01
2.71000000e+02	2.36393778e-01	2.28152598e-01	5.42559893e+03	5.23645123e+03	4.56583667e+03	4.56583667e+03	4.47964439e+03	4.64925211e+03	8.61922786e+01	8.34154458e+01
2.71100000e+02	2.37656711e-01	2.29166730e-01	5.45458517e+03	5.25972712e+03	4.56886675e+03	4.56886675e+03	4.48142052e+03	4.65345231e+03	8.74462279e+01	8.45855628e+01
2.71200000e+02	2.38928888e-01	2.30182103e-01	5.48378359e+03	5.28303147e+03	4.57127398e+03	4.57127398e+03	4.48254067e+03	4.65706010e+03	8.87333137e+01	8.57861192e+01
2.71300000e+02	2.40209877e-01	2.31198470e-01	5.51318422e+03	5.30635865e+03	4.57306799e+03	4.57306799e+03	4.48301528e+03	4.66008434e+03	9.00527095e+01	8.70163521e+01
2.71400000e+02	2.41499312e-01	2.32216481e-01	5.54277874e+03	5.32972357e+03	4.57434612e+03	4.57434612e+03	4.48294571e+03	4.66261871e+03	9.14004062e+01	8.82725933e+01
2.71500000e+02	2.42795725e-01	2.33239976e-01	5.57253340e+03	5.35321435e+03	4.57562863e+03	4.57562863e+03	4.48287314e+03	4.66516435e+03	9.27554895e+01	8.95357183e+01
2.71600000e+02	2.44095390e-01	2.34269504e-01	5.60236271e+03	5.37684359e+03	4.57727579e+03	4.57727579e+03	4.48317524e+03	4.66806555e+03	9.41005482e+01	9.07897552e+01
2.71700000e+02	2.45398909e-01	2.35305604e-01	5.63228046e+03	5.40062367e+03	4.57929501e+03	4.57929501e+03	4.48385906e+03	4.67133007e+03	9.54359575e+01	9.20350587e+01
2.71800000e+02	2.46706821e-01	2.36348809e-01	5.66229905e+03	5.42456681e+03	4.58169795e+03	4.58169795e+03	4.48493608e+03	4.67496973e+03	9.67618680e+01	9.32717770e+01
2.71900000e+02	2.48019604e-01	2.37399643e-01	5.69242942e+03	5.44868505e+03	4.58450048e+03	4.58450048e+03	4.48642228e+03	4.67900034e+03	9.80782064e+01	9.44998528e+01
2.72000000e+02	2.49337440e-01	2.38456994e-01	5.72267577e+03	5.47295288e+03	4.58757173e+03	4.58757173e+03	4.48818170e+03	4.68329564e+03	9.93900316e+01	9.57239088e+01
2.72100000e+02	2.50661446e-01	2.39517864e-01	5.75306374e+03	5.49730147e+03	4.59050797e+03	4.59050797e+03	4.48979442e+03	4.68746673e+03	1.00713548e+02	9.69587625e+01
2.72200000e+02	2.51992659e-01	2.40581304e-01	5.78361711e+03	5.52170905e+03	4.59312596e+03	4.59312596e+03	4.49106928e+03	4.69133763e+03	1.02056682e+02	9.82116715e+01
2.72300000e+02	2.53330748e-01	2.41647435e-01	5.81432830e+03	5.54617838e+03	4.59546503e+03	4.59546503e+03	4.49204741e+03	4.69494600e+03	1.03417616e+02	9.94809705e+01
2.72400000e+02	2.54675337e-01	2.42716324e-01	5.84518868e+03	5.57071103e+03	4.59756300e+03	4.59756300e+03	4.49276846e+03	4.69832800e+03	1.04794538e+02	1.00764997e+02
2.72500000e+02	2.56026003e-01	2.43787991e-01	5.87618852e+03	5.59530742e+03	4.59945624e+03	4.59945624e+03	4.49327060e+03	4.70151833e+03	1.06185639e+02	1.02062090e+02
2.72600000e+02	2.57383714e-01	2.44862762e-01	5.90735008e+03	5.61997506e+03	4.60109998e+03	4.60109998e+03	4.49350635e+03	4.70447473e+03	1.07593631e+02	1.03374746e+02
2.72700000e+02	2.58746313e-01	2.45942221e-01	5.93862382e+03	5.64475030e+03	4.60283513e+03	4.60283513e+03	4.49383161e+03	4.70752436e+03	1.09003516e+02	1.04689229e+02
2.72800000e+02	2.60113320e-01	2.47026515e-01	5.96999871e+03	5.66963652e+03	4.60471600e+03	4.60471600e+03	4.49430324e+03	4.71071921e+03	1.10412758e+02	1.06003211e+02
2.72900000e+02	2.61485281e-01	2.48115189e-01	6.00148732e+03	5.69462325e+03	4.60665064e+03	4.60665064e+03	4.49482528e+03	4.71397101e+03	1.11825363e+02	1.07320364e+02
2.73000000e+02	2.62862682e-01	2.49207757e-01	6.03310077e+03	5.71969936e+03	4.60854891e+03	4.60854891e+03	4.49530370e+03	4.71719314e+03	1.13245204e+02	1.08644232e+02
2.73100000e+02	2.64245944e-01	2.50303702e-01	6.06484876e+03	5.74485297e+03	4.61032245e+03	4.61032245e+03	4.49564643e+03	4.72030069e+03	1.14676021e+02	1.09978238e+02
2.73200000e+02	2.65633050e-01	2.51405455e-01	6.09668497e+03	5.77013988e+03	4.61238913e+03	4.61238913e+03	4.49628902e+03	4.72369531e+03	1.16100109e+02	1.11306177e+02
2.73300000e+02	2.67025765e-01	2.52512502e-01	6.12864989e+03	5.79554830e+03	4.61455174e+03	4.61455174e+03	4.49702504e+03	4.72718826e+03	1.17526702e+02	1.12636516e+02
2.73400000e+02	2.68423388e-01	2.53625048e-01	6.16072749e+03	5.82108295e+03	4.61688866e+03	4.61688866e+03	4.49793653e+03	4.73085455e+03	1.18952132e+02	1.13965890e+02
2.73500000e+02	2.69825104e-01	2.54743307e-01	6.19289901e+03	5.84674870e+03	4.61948851e+03	4.61948851e+03	4.49911629e+03	4.73477898e+03	1.20372224e+02	1.15290473e+02
2.73600000e+02	2.71230034e-01	2.55867476e-01	6.22514430e+03	5.87255009e+03	4.62244334e+03	4.62244334e+03	4.50066073e+03	4.73904959e+03	1.21782609e+02	1.16606257e+02
2.73700000e+02	2.72637829e-01	2.56997330e-01	6.25745535e+03	5.89848198e+03	4.62575821e+03	4.62575821e+03	4.50257548e+03	4.74367092e+03	1.23182722e+02	1.17912718e+02
2.73800000e+02	2.74051338e-01	2.58128824e-01	6.28989756e+03	5.92445149e+03	4.62877905e+03	4.62877905e+03	4.50417911e+03	4.74801396e+03	1.24599938e+02	1.19234910e+02
2.73900000e+02	2.75468323e-01	2.59257355e-01	6.32241952e+03	5.95035300e+03	4.63120808e+03	4.63120808e+03	4.50516518e+03	4.75178875e+03	1.26042896e+02	1.20580675e+02
2.74000000e+02	2.76889187e-01	2.60383549e-01	6.35503053e+03	5.97620088e+03	4.63307758e+03	4.63307758e+03	4.50556675e+03	4.75502691e+03	1.27510833e+02	1.21949324e+02
2.74100000e+02	2.78314285e-01	2.61507946e-01	6.38773870e+03	6.00200750e+03	4.63441507e+03	4.63441507e+03	4.50541196e+03	4.75775536e+03	1.29003111e+02	1.23340283e+02
2.74200000e+02	2.79743919e-01	2.62630999e-01	6.42055099e+03	6.02778329e+03	4.63524326e+03	4.63524326e+03	4.50472404e+03	4.75999634e+03	1.30519215e+02	1.24753085e+02
2.74300000e+02	2.81177760e-01	2.63753077e-01	6.45345983e+03	6.05353669e+03	4.63562739e+03	4.63562739e+03	4.50357102e+03	4.76181257e+03	1.32056364e+02	1.26185187e+02
2.74400000e+02	2.82613623e-01	2.64876334e-01	6.48641510e+03	6.07931717e+03	4.63596998e+03	4.63596998e+03	4.50237273e+03	4.76359071e+03	1.33597244e+02	1.27620735e+02
2.74500000e+02	2.84050134e-01	2.66002866e-01	6.51938522e+03	6.10517280e+03	4.63660151e+03	4.63660151e+03	4.50147342e+03	4.76564865e+03	1.35128092e+02	1.29047137e+02
2.74600000e+02	2.85487612e-01	2.67131933e-01	6.55237753e+03	6.13108661e+03	4.63741881e+03	4.63741881e+03	4.50076572e+03	4.76788702e+03	1.36653087e+02	1.30468214e+02
2.74700000e+02	2.86926291e-01	2.68262744e-01	6.58539742e+03	6.15704047e+03	4.63832037e+03	4.63832037e+03	4.50014412e+03	4.77020801e+03	1.38176252e+02	1.31887644e+02
2.74800000e+02	2.88366321e-01	2.69394460e-01	6.61844830e+03	6.18301508e+03	4.63920637e+03	4.63920637e+03	4.49950491e+03	4.77251533e+03	1.39701456e+02	1.33308963e+02
2.74900000e+02	2.89809095e-01	2.70530084e-01	6.65156217e+03	6.20907939e+03	4.64027680e+03	4.64027680e+03	4.49905402e+03	4.77500359e+03	1.41222779e+02	1.34726794e+02
2.75000000e+02	2.91256730e-01	2.71672218e-01	6.68478761e+03	6.23529309e+03	4.64163071e+03	4.64163071e+03	4.49889188e+03	4.77777062e+03	1.42738833e+02	1.36139910e+02
2.75100000e+02	2.92709797e-01	2.72821139e-01	6.71813772e+03	6.26166260e+03	4.64325078e+03	4.64325078e+03	4.49899991e+03	4.78080026e+03	1.44250879e+02	1.37549475e+02
2.75200000e+02	2.94168277e-01	2.73977124e-01	6.75161209e+03	6.28819423e+03	4.64516729e+03	4.64516729e+03	4.49940952e+03	4.78412173e+03	1.45757772e+02	1.38954443e+02
2.75300000e+02	2.95632096e-01	2.75140447e-01	6.78520897e+03	6.31489426e+03	4.64741483e+03	4.64741483e+03	4.50015669e+03	4.78776840e+03	1.47258145e+02	1.40353566e+02
2.75400000e+02	2.97101120e-01	2.76311375e-01	6.81892531e+03	6.34176886e+03	4.65003235e+03	4.65003235e+03	4.50128194e+03	4.79177774e+03	1.48750408e+02	1.41745386e+02
2.75500000e+02	2.98578729e-01	2.77487849e-01	6.85283870e+03	6.36877073e+03	4.65252975e+03	4.65252975e+03	4.50227333e+03	4.79567968e+03	1.50256422e+02	1.43149934e+02
2.75600000e+02	3.00064050e-01	2.78665875e-01	6.88692908e+03	6.39580822e+03	4.65456154e+03	4.65456154e+03	4.50277347e+03	4.79913958e+03	1.51788074e+02	1.44578044e+02
2.75700000e+02	3.01557834e-01	2.79845532e-01	6.92121372e+03	6.42288317e+03	4.65607485e+03	4.65607485e+03	4.50272671e+03	4.80210712e+03	1.53348141e+02	1.46032267e+02
2.75800000e+02	3.03061037e-01	2.81027246e-01	6.95571454e+03	6.45000532e+03	4.65703627e+03	4.65703627e+03	4.50209737e+03	4.80455097e+03	1.54938898e+02	1.47514700e+02
2.75900000e+02	3.04574569e-01	2.82211388e-01	6.99045239e+03	6.47718318e+03	4.65741052e+03	4.65741052e+03	4.50084788e+03	4.80643797e+03	1.56562638e+02	1.49027454e+02
2.76000000e+02	3.06098985e-01	2.83398301e-01	7.02544009e+03	6.50442465e+03	4.65718811e+03	4.65718811e+03	4.49896779e+03	4.80775952e+03	1.58220318e+02	1.50571413e+02
2.76100000e+02	3.07629310e-01	2.84588771e-01	7.06056338e+03	6.53174775e+03	4.65685598e+03	4.65685598e+03	4.49696752e+03	4.80898103e+03	1.59888465e+02	1.52125048e+02
2.76200000e+02	3.09165495e-01	2.85783056e-01	7.09582117e+03	6.55915843e+03	4.65644509e+03	4.65644509e+03	4.49487921e+03	4.81013235e+03	1.61565879e+02	1.53687260e+02
2.76300000e+02	3.10707011e-01	2.86981431e-01	7.13120134e+03	6.58666297e+03	4.65602694e+03	4.65602694e+03	4.49277761e+03	4.81128203e+03	1.63249332e+02	1.55255092e+02
2.76400000e+02	3.12253245e-01	2.88184118e-01	7.16668977e+03	6.61426646e+03	4.65567475e+03	4.65567475e+03	4.49073931e+03	4.81250019e+03	1.64935438e+02	1.56825442e+02
2.76500000e+02	3.13803496e-01	2.89391287e-01	7.20227040e+03	6.64197286e+03	4.65546339e+03	4.65546339e+03	4.48884273e+03	4.81385845e+03	1.66620660e+02	1.58395064e+02
2.76600000e+02	3.15358684e-01	2.90603061e-01	7.23796434e+03	6.66978491e+03	4.65533057e+03	4.65533057e+03	4.48702226e+03	4.81529757e+03	1.68308307e+02	1.59966999e+02
2.76700000e+02	3.16921459e-01	2.91819877e-01	7.27383243e+03	6.69771272e+03	4.65510645e+03	4.65510645e+03	4.48509889e+03	4.81665612e+03	1.70007555e+02	1.61549677e+02
2.76800000e+02	3.18490323e-01	2.93042282e-01	7.30984026e+03	6.72576877e+03	4.65496985e+03	4.65496985e+03	4.48325971e+03	4.81810537e+03	1.71710139e+02	1.63135524e+02
2.76900000e+02	3.20066053e-01	2.94270043e-01	7.34600566e+03	6.75394776e+03	4.65483339e+03	4.65483339e+03	4.48141324e+03	4.81956167e+03	1.73420148e+02	1.64728285e+02
2.77000000e+02	3.21649356e-01	2.95502887e-01	7.38234489e+03	6.78224341e+03	4.65461091e+03	4.65461091e+03	4.47946937e+03	4.82094251e+03	1.75141545e+02	1.66331596e+02
2.77100000e+02	3.23240870e-01	2.96740496e-01	7.41887256e+03	6.81064845e+03	4.65421750e+03	4.65421750e+03	4.47733932e+03	4.82216648e+03	1.76878175e+02	1.67948980e+02
2.77200000e+02	3.24839790e-01	2.97983677e-01	7.45557024e+03	6.83918135e+03	4.65380258e+03	4.65380258e+03	4.47517896e+03	4.82337714e+03	1.78623618e+02	1.69574559e+02
2.77300000e+02	3.26445321e-01	2.99232251e-01	7.49241962e+03	6.86783802e+03	4.65341236e+03	4.65341236e+03	4.47303707e+03	4.82461832e+03	1.80375296e+02	1.71205961e+02
2.77400000e+02	3.28057501e-01	3.00485724e-01	7.52942164e+03	6.89660716e+03	4.65299218e+03	4.65299218e+03	4.47085690e+03	4.82583726e+03	1.82135283e+02	1.72845083e+02
2.77500000e+02	3.29676073e-01	3.01744428e-01	7.56657032e+03	6.92549633e+03	4.65259763e+03	4.65259763e+03	4.46869640e+03	4.82708741e+03	1.83901231e+02	1.74489775e+02
2.77600000e+02	3.31300689e-01	3.03008649e-01	7.60385776e+03	6.95451214e+03	4.65228679e+03	4.65228679e+03	4.46661618e+03	4.82842451e+03	1.85670612e+02	1.76137722e+02
2.77700000e+02	3.32930922e-01	3.04278634e-01	7.64127409e+03	6.98366024e+03	4.65212024e+03	4.65212024e+03	4.46467953e+03	4.82990667e+03	1.87440710e+02	1.77786436e+02
2.77800000e+02	3.34569521e-01	3.05552874e-01	7.67888245e+03	7.01290600e+03	4.65171673e+03	4.65171673e+03	4.46248807e+03	4.83116835e+03	1.89228662e+02	1.79451619e+02
2.77900000e+02	3.36217513e-01	3.06829440e-01	7.71670639e+03	7.04220514e+03	4.65079162e+03	4.65079162e+03	4.45974547e+03	4.83193558e+03	1.91046151e+02	1.81143957e+02
2.78000000e+02	3.37875044e-01	3.08108038e-01	7.75474927e+03	7.07155094e+03	4.64930229e+03	4.64930229e+03	4.45640738e+03	4.83216734e+03	1.92894917e+02	1.82865043e+02
2.78100000e+02	3.39542223e-01	3.09388584e-01	7.79301357e+03	7.10094141e+03	4.64723103e+03	4.64723103e+03	4.45245530e+03	4.83184662e+03	1.94775736e+02	1.84615588e+02
2.78200000e+02	3.41219102e-01	3.10670920e-01	7.83150051e+03	7.13037300e+03	4.64455728e+03	4.64455728e+03	4.44786785e+03	4.83095362e+03	1.96689429e+02	1.86396341e+02
2.78300000e+02	3.42905680e-01	3.11954822e-01	7.87021005e+03	7.15984051e+03	4.64125760e+03	4.64125760e+03	4.44262073e+03	4.82946569e+03	1.98636864e+02	1.88208096e+02
2.78400000e+02	3.44598754e-01	3.13240829e-01	7.90906869e+03	7.18935634e+03	4.63764890e+03	4.63764890e+03	4.43704609e+03	4.82768578e+03	2.00602806e+02	1.90036879e+02
2.78500000e+02	3.46292793e-01	3.14525978e-01	7.94794949e+03	7.21885248e+03	4.63387214e+03	4.63387214e+03	4.43129611e+03	4.82574448e+03	2.02576035e+02	1.91872333e+02
2.78600000e+02	3.47988218e-01	3.15810694e-01	7.98686207e+03	7.24833866e+03	4.62993750e+03	4.62993750e+03	4.42538088e+03	4.82365204e+03	2.04556625e+02	1.93714537e+02
2.78700000e+02	3.49685325e-01	3.17095311e-01	8.02581328e+03	7.27782260e+03	4.62585562e+03	4.62585562e+03	4.41931111e+03	4.82141905e+03	2.06544507e+02	1.95563432e+02
2.78800000e+02	3.51384295e-01	3.18380076e-01	8.06480724e+03	7.30730992e+03	4.62163761e+03	4.62163761e+03	4.41309816e+03	4.81905643e+03	2.08539459e+02	1.97418819e+02
2.78900000e+02	3.53085903e-01	3.19666559e-01	8.10386175e+03	7.33683666e+03	4.61738411e+03	4.61738411e+03	4.40684552e+03	4.81666218e+03	2.10538584e+02	1.99278070e+02
2.79000000e+02	3.54793339e-01	3.20960824e-01	8.14305002e+03	7.36654203e+03	4.61346826e+03	4.61346826e+03	4.40093679e+03	4.81460001e+03	2.12531474e+02	2.01131743e+02
2.79100000e+02	3.56507914e-01	3.22264961e-01	8.18240213e+03	7.39647396e+03	4.61000137e+03	4.61000137e+03	4.39548596e+03	4.81297876e+03	2.14515412e+02	2.02977386e+02
2.79200000e+02	3.58229705e-01	3.23579880e-01	8.22191988e+03	7.42665337e+03	4.60707210e+03	4.60707210e+03	4.39058491e+03	4.81188417e+03	2.16487191e+02	2.04812071e+02
2.79300000e+02	3.59958708e-01	3.24906462e-01	8.26160314e+03	7.45710046e+03	4.60477281e+03	4.60477281e+03	4.38632943e+03	4.81140546e+03	2.18443373e+02	2.06632659e+02
2.79400000e+02	3.61694831e-01	3.26245558e-01	8.30144982e+03	7.48783476e+03	4.60319958e+03	4.60319958e+03	4.38281928e+03	4.81163538e+03	2.20380292e+02	2.08435801e+02
2.79500000e+02	3.63439356e-01	3.27595709e-01	8.34148933e+03	7.51882280e+03	4.60209600e+03	4.60209600e+03	4.37978714e+03	4.81232748e+03	2.22308858e+02	2.10231484e+02
2.79600000e+02	3.65195995e-01	3.28955201e-01	8.38180689e+03	7.55002521e+03	4.60098106e+03	4.60098106e+03	4.37673010e+03	4.81302082e+03	2.24250953e+02	2.12039763e+02
2.79700000e+02	3.66966251e-01	3.30324290e-01	8.42243698e+03	7.58144789e+03	4.59975933e+03	4.59975933e+03	4.37354758e+03	4.81362472e+03	2.26211748e+02	2.13865386e+02
2.79800000e+02	3.68749602e-01	3.31702451e-01	8.46336761e+03	7.61307880e+03	4.59841851e+03	4.59841851e+03	4.37022737e+03	4.81412675e+03	2.28191136e+02	2.15708246e+02
2.79900000e+02	3.70545494e-01	3.33089105e-01	8.50458608e+03	7.64490463e+03	4.59694314e+03	4.59694314e+03	4.36675405e+03	4.81451145e+03	2.30189090e+02	2.17568309e+02
2.80000000e+02	3.72353342e-01	3.34483617e-01	8.54607896e+03	7.67691081e+03	4.59531466e+03	4.59531466e+03	4.36310899e+03	4.81476027e+03	2.32205667e+02	2.19445615e+02
2.80100000e+02	3.74171399e-01	3.35885297e-01	8.58780615e+03	7.70908152e+03	4.59360330e+03	4.59360330e+03	4.35936693e+03	4.81493932e+03	2.34236369e+02	2.21336020e+02
2.80200000e+02	3.75994433e-01	3.37290613e-01	8.62964758e+03	7.74133567e+03	4.59186617e+03	4.59186617e+03	4.35559275e+03	4.81509848e+03	2.36273414e+02	2.23232316e+02
2.80300000e+02	3.77821166e-01	3.38698559e-01	8.67157388e+03	7.77365019e+03	4.59010255e+03	4.59010255e+03	4.35178710e+03	4.81523578e+03	2.38315443e+02	2.25133237e+02
2.80400000e+02	3.79651550e-01	3.40109003e-01	8.71358400e+03	7.80602204e+03	4.58830236e+03	4.58830236e+03	4.34793957e+03	4.81534144e+03	2.40362783e+02	2.27039080e+02
2.80500000e+02	3.81485456e-01	3.41521728e-01	8.75567495e+03	7.83844625e+03	4.58645356e+03	4.58645356e+03	4.34403783e+03	4.81540368e+03	2.42415738e+02	2.28950120e+02
2.80600000e+02	3.83322667e-01	3.42936431e-01	8.79784175e+03	7.87091585e+03	4.58454217e+03	4.58454217e+03	4.34006758e+03	4.81540878e+03	2.44474594e+02	2.30866613e+02
2.80700000e+02	3.85165362e-01	3.44356758e-01	8.84013442e+03	7.90351452e+03	4.58277123e+03	4.58277123e+03	4.33623706e+03	4.81555510e+03	2.46534167e+02	2.32783871e+02
2.80800000e+02	3.87009822e-01	3.45783381e-01	8.88246760e+03	7.93625771e+03	4.58151353e+03	4.58151353e+03	4.33293694e+03	4.81619903e+03	2.48576587e+02	2.34685503e+02
2.80900000e+02	3.88856960e-01	3.47216592e-01	8.92486224e+03	7.96915208e+03	4.58072517e+03	4.58072517e+03	4.33012070e+03	4.81729909e+03	2.50604472e+02	2.36573916e+02
2.81000000e+02	3.90707586e-01	3.48656626e-01	8.96733695e+03	8.00220307e+03	4.58036478e+03	4.58036478e+03	4.32774454e+03	4.81881611e+03	2.52620236e+02	2.38451333e+02
2.81100000e+02	3.92562413e-01	3.50103667e-01	9.00990807e+03	8.03541487e+03	4.58039352e+03	4.58039352e+03	4.32576743e+03	4.82071331e+03	2.54626091e+02	2.40319787e+02
2.81200000e+02	3.94421986e-01	3.51557852e-01	9.05258811e+03	8.06879064e+03	4.58078144e+03	4.58078144e+03	4.32415770e+03	4.82296228e+03	2.56623742e+02	2.42180843e+02
2.81300000e+02	3.96287173e-01	3.53020088e-01	9.09539700e+03	8.10235119e+03	4.58155240e+03	4.58155240e+03	4.32293917e+03	4.82558697e+03	2.58613238e+02	2.44034567e+02
2.81400000e+02	3.98160559e-01	3.54492670e-01	9.13839408e+03	8.13614921e+03	4.58273556e+03	4.58273556e+03	4.32213926e+03	4.82861814e+03	2.60596297e+02	2.45882577e+02
2.81500000e+02	4.00041708e-01	3.55974922e-01	9.18156931e+03	8.17016915e+03	4.58429586e+03	4.58429586e+03	4.32172212e+03	4.83202148e+03	2.62573747e+02	2.47725620e+02
2.81600000e+02	4.01930103e-01	3.57466139e-01	9.22491088e+03	8.20439487e+03	4.58620176e+03	4.58620176e+03	4.32165555e+03	4.83576600e+03	2.64546202e+02	2.49564247e+02
2.81700000e+02	4.03825154e-01	3.58965591e-01	9.26840520e+03	8.23880958e+03	4.58842514e+03	4.58842514e+03	4.32191108e+03	4.83982396e+03	2.66514065e+02	2.51398815e+02
2.81800000e+02	4.05727630e-01	3.60472071e-01	9.31206994e+03	8.27338560e+03	4.59077749e+03	4.59077749e+03	4.32229232e+03	4.84401399e+03	2.68485173e+02	2.53236493e+02
2.81900000e+02	4.07639141e-01	3.61984161e-01	9.35594203e+03	8.30809038e+03	4.59297996e+03	4.59297996e+03	4.32250834e+03	4.84806832e+03	2.70471623e+02	2.55088360e+02
2.82000000e+02	4.09559338e-01	3.63500996e-01	9.40001349e+03	8.34290407e+03	4.59497069e+03	4.59497069e+03	4.32249536e+03	4.85192685e+03	2.72475336e+02	2.56956162e+02
2.82100000e+02	4.11488171e-01	3.65021430e-01	9.44428317e+03	8.37780036e+03	4.59663404e+03	4.59663404e+03	4.32213348e+03	4.85547781e+03	2.74500554e+02	2.58843771e+02
2.82200000e+02	4.13425537e-01	3.66544284e-01	9.48874869e+03	8.41275219e+03	4.59785552e+03	4.59785552e+03	4.32130411e+03	4.85861049e+03	2.76551416e+02	2.60754965e+02
2.82300000e+02	4.15371277e-01	3.68068349e-01	9.53340640e+03	8.44773180e+03	4.59852186e+03	4.59852186e+03	4.31988991e+03	4.86121529e+03	2.78631957e+02	2.62693424e+02
2.82400000e+02	4.17324839e-01	3.69593733e-01	9.57824362e+03	8.48274172e+03	4.59868950e+03	4.59868950e+03	4.31795002e+03	4.86334618e+03	2.80739485e+02	2.64656679e+02
2.82500000e+02	4.19283155e-01	3.71115802e-01	9.62318997e+03	8.51767551e+03	4.59812425e+03	4.59812425e+03	4.31524487e+03	4.86477383e+03	2.82879377e+02	2.66649580e+02
2.82600000e+02	4.21245291e-01	3.72632772e-01	9.66822401e+03	8.55249230e+03	4.59671625e+03	4.59671625e+03	4.31166155e+03	4.86539116e+03	2.85054706e+02	2.68674912e+02
2.82700000e+02	4.23211479e-01	3.74145020e-01	9.71335102e+03	8.58720071e+03	4.59448595e+03	4.59448595e+03	4.30722099e+03	4.86521817e+03	2.87264960e+02	2.70732213e+02
2.82800000e+02	4.25181858e-01	3.75652851e-01	9.75857424e+03	8.62180774e+03	4.59145378e+03	4.59145378e+03	4.30194424e+03	4.86427471e+03	2.89509533e+02	2.72820932e+02
2.82900000e+02	4.27156481e-01	3.77156501e-01	9.80389486e+03	8.65631881e+03	4.58764012e+03	4.58764012e+03	4.29585240e+03	4.86258055e+03	2.91787723e+02	2.74940430e+02
2.83000000e+02	4.29135394e-01	3.78657600e-01	9.84931393e+03	8.69077133e+03	4.58321118e+03	4.58321118e+03	4.28911777e+03	4.86029629e+03	2.94093408e+02	2.77085117e+02
2.83100000e+02	4.31121498e-01	3.80156366e-01	9.89489807e+03	8.72517029e+03	4.57795363e+03	4.57795363e+03	4.28151598e+03	4.85721878e+03	2.96437651e+02	2.79265153e+02
2.83200000e+02	4.33114165e-01	3.81653220e-01	9.94063281e+03	8.75952538e+03	4.57196265e+03	4.57196265e+03	4.27314641e+03	4.85343932e+03	2.98816236e+02	2.81476676e+02
2.83300000e+02	4.35112471e-01	3.83148555e-01	9.98649699e+03	8.79384562e+03	4.56535439e+03	4.56535439e+03	4.26413054e+03	4.84906921e+03	3.01223849e+02	2.83714815e+02
2.83400000e+02	4.37115431e-01	3.84642704e-01	1.00324680e+04	8.82813862e+03	4.55824360e+03	4.55824360e+03	4.25458843e+03	4.84421829e+03	3.03655163e+02	2.85974688e+02
2.83500000e+02	4.39122524e-01	3.86136241e-01	1.00785338e+04	8.86241759e+03	4.55073266e+03	4.55073266e+03	4.24462684e+03	4.83898495e+03	3.06105812e+02	2.88252296e+02
2.83600000e+02	4.41138051e-01	3.87632913e-01	1.01247933e+04	8.89676850e+03	4.54286248e+03	4.54286248e+03	4.23428355e+03	4.83341307e+03	3.08578930e+02	2.90550587e+02
2.83700000e+02	4.43158722e-01	3.89133511e-01	1.01711708e+04	8.93120952e+03	4.53498324e+03	4.53498324e+03	4.22392529e+03	4.82783761e+03	3.11057950e+02	2.92854371e+02
2.83800000e+02	4.45185441e-01	3.90638870e-01	1.02176871e+04	8.96575981e+03	4.52710864e+03	4.52710864e+03	4.21356530e+03	4.82227273e+03	3.13543340e+02	2.95164091e+02
2.83900000e+02	4.47219055e-01	3.92149789e-01	1.02643616e+04	9.00043770e+03	4.51925286e+03	4.51925286e+03	4.20321736e+03	4.81673298e+03	3.16035494e+02	2.97480125e+02
2.84000000e+02	4.49260366e-01	3.93667031e-01	1.03112128e+04	9.03526073e+03	4.51143053e+03	4.51143053e+03	4.19289580e+03	4.81123331e+03	3.18534732e+02	2.99802780e+02
2.84100000e+02	4.51309606e-01	3.95190810e-01	1.03582460e+04	9.07023379e+03	4.50364492e+03	4.50364492e+03	4.18260374e+03	4.80577710e+03	3.21041185e+02	3.02132181e+02
2.84200000e+02	4.53365897e-01	3.96722847e-01	1.04054411e+04	9.10539640e+03	4.49614712e+03	4.49614712e+03	4.17260254e+03	4.80060605e+03	3.23544579e+02	3.04458930e+02
2.84300000e+02	4.55429167e-01	3.98266286e-01	1.04527963e+04	9.14082068e+03	4.48927093e+03	4.48927093e+03	4.16323850e+03	4.79604257e+03	3.26032434e+02	3.06771630e+02
2.84400000e+02	4.57499851e-01	3.99820290e-01	1.05003216e+04	9.17648744e+03	4.48289352e+03	4.48289352e+03	4.15438373e+03	4.79196841e+03	3.28509787e+02	3.09074890e+02
2.84500000e+02	4.59578317e-01	4.01384021e-01	1.05480256e+04	9.21237747e+03	4.47689769e+03	4.47689769e+03	4.14591630e+03	4.78827074e+03	3.30981387e+02	3.11373052e+02
2.84600000e+02	4.61664864e-01	4.02956644e-01	1.05959150e+04	9.24847156e+03	4.47117193e+03	4.47117193e+03	4.13772023e+03	4.78484213e+03	3.33451699e+02	3.13670199e+02
2.84700000e+02	4.63757379e-01	4.04536467e-01	1.06439415e+04	9.28473092e+03	4.46571165e+03	4.46571165e+03	4.12979304e+03	4.78167601e+03	3.35918608e+02	3.15964359e+02
2.84800000e+02	4.65855054e-01	4.06117397e-01	1.06920863e+04	9.32101568e+03	4.45994710e+03	4.45994710e+03	4.12154470e+03	4.77822114e+03	3.38402401e+02	3.18274037e+02
2.84900000e+02	4.67957673e-01	4.07696751e-01	1.07403446e+04	9.35726427e+03	4.45361571e+03	4.45361571e+03	4.11270311e+03	4.77422363e+03	3.40912598e+02	3.20607921e+02
2.85000000e+02	4.70063945e-01	4.09274767e-01	1.07886868e+04	9.39348216e+03	4.44684753e+03	4.44684753e+03	4.10340456e+03	4.76980783e+03	3.43442971e+02	3.22960300e+02
2.85100000e+02	4.72172498e-01	4.10851616e-01	1.08370813e+04	9.42967326e+03	4.43977199e+03	4.43977199e+03	4.09378476e+03	4.76509739e+03	3.45987227e+02	3.25325401e+02
2.85200000e+02	4.74281878e-01	4.12427399e-01	1.08854948e+04	9.46583989e+03	4.43251784e+03	4.43251784e+03	4.08397883e+03	4.76021523e+03	3.48539013e+02	3.27697394e+02
2.85300000e+02	4.76395228e-01	4.14005542e-01	1.09339994e+04	9.50206068e+03	4.42518687e+03	4.42518687e+03	4.07408892e+03	4.75526286e+03	3.51097948e+02	3.30075992e+02
2.85400000e+02	4.78511137e-01	4.15584424e-01	1.09825628e+04	9.53829843e+03	4.41772481e+03	4.41772481e+03	4.06406029e+03	4.75018642e+03	3.53664520e+02	3.32461615e+02
2.85500000e+02	4.80629169e-01	4.17164954e-01	1.10311749e+04	9.57457403e+03	4.41026199e+03	4.41026199e+03	4.05402857e+03	4.74511139e+03	3.56233417e+02	3.34849404e+02
2.85600000e+02	4.82749190e-01	4.18748550e-01	1.10798326e+04	9.61091998e+03	4.40295704e+03	4.40295704e+03	4.04415843e+03	4.74019088e+03	3.58798604e+02	3.37233844e+02
2.85700000e+02	4.84871011e-01	4.20336558e-01	1.11285316e+04	9.64736719e+03	4.39596602e+03	4.39596602e+03	4.03461194e+03	4.73557547e+03	3.61354076e+02	3.39609451e+02
2.85800000e+02	4.86994430e-01	4.21930255e-01	1.11772673e+04	9.68394497e+03	4.38943840e+03	4.38943840e+03	4.02554433e+03	4.73140935e+03	3.63894067e+02	3.41970954e+02
2.85900000e+02	4.89124166e-01	4.23531706e-01	1.12261480e+04	9.72070071e+03	4.38320562e+03	4.38320562e+03	4.01677567e+03	4.72753444e+03	3.66429942e+02	3.44328825e+02
2.86000000e+02	4.91261490e-01	4.25149590e-01	1.12752029e+04	9.75783364e+03	4.37806996e+03	4.37806996e+03	4.00913668e+03	4.72472710e+03	3.68933277e+02	3.46657137e+02
2.86100000e+02	4.93406767e-01	4.26783197e-01	1.13244403e+04	9.79532742e+03	4.37392726e+03	4.37392726e+03	4.00251893e+03	4.72288705e+03	3.71408336e+02	3.48959791e+02
2.86200000e+02	4.95560348e-01	4.28431817e-01	1.13738683e+04	9.83316576e+03	4.37067503e+03	4.37067503e+03	3.99681572e+03	4.72191565e+03	3.73859308e+02	3.51240617e+02
2.86300000e+02	4.97722569e-01	4.30094744e-01	1.14234945e+04	9.87133248e+03	4.36821244e+03	4.36821244e+03	3.99192214e+03	4.72171581e+03	3.76290297e+02	3.53503372e+02
2.86400000e+02	4.99892815e-01	4.31770345e-01	1.14733050e+04	9.90979008e+03	4.36641897e+03	4.36641897e+03	3.98771386e+03	4.72217050e+03	3.78705117e+02	3.55751523e+02
2.86500000e+02	5.02066755e-01	4.33451884e-01	1.15232003e+04	9.94838397e+03	4.36494438e+03	4.36494438e+03	3.98383229e+03	4.72293696e+03	3.81112091e+02	3.57992584e+02
2.86600000e+02	5.04241328e-01	4.35132885e-01	1.15731100e+04	9.98696554e+03	4.36336230e+03	4.36336230e+03	3.97983856e+03	4.72360023e+03	3.83523741e+02	3.60237927e+02
2.86700000e+02	5.06416964e-01	4.36813668e-01	1.16230442e+04	1.00255421e+04	4.36167081e+03	4.36167081e+03	3.97573020e+03	4.72415886e+03	3.85940605e+02	3.62488053e+02
2.86800000e+02	5.08594014e-01	4.38494452e-01	1.16730108e+04	1.00641186e+04	4.35986448e+03	4.35986448e+03	3.97150121e+03	4.72460797e+03	3.88363265e+02	3.64743498e+02
2.86900000e+02	5.10772747e-01	4.40175364e-01	1.17230161e+04	1.01026981e+04	4.35793441e+03	4.35793441e+03	3.96714207e+03	4.72493925e+03	3.90792342e+02	3.67004836e+02
2.87000000e+02	5.12953665e-01	4.41856207e-01	1.17730715e+04	1.01412761e+04	4.35581946e+03	4.35581946e+03	3.96258881e+03	4.72509411e+03	3.93230649e+02	3.69274645e+02
2.87100000e+02	5.15141698e-01	4.43542590e-01	1.18232902e+04	1.01799811e+04	4.35370345e+03	4.35370345e+03	3.95802676e+03	4.72525511e+03	3.95676695e+02	3.71551662e+02
2.87200000e+02	5.17339407e-01	4.45237518e-01	1.18737310e+04	1.02188823e+04	4.35169149e+03	4.35169149e+03	3.95356214e+03	4.72552639e+03	3.98129346e+02	3.73834903e+02
2.87300000e+02	5.19545292e-01	4.46938503e-01	1.19243594e+04	1.02579225e+04	4.34964631e+03	4.34964631e+03	3.94905423e+03	4.72577382e+03	4.00592076e+02	3.76127509e+02
2.87400000e+02	5.21757839e-01	4.48643050e-01	1.19751408e+04	1.02970445e+04	4.34743040e+03	4.34743040e+03	3.94436204e+03	4.72586302e+03	4.03068357e+02	3.78432621e+02
2.87500000e+02	5.23975529e-01	4.50348650e-01	1.20260401e+04	1.03361906e+04	4.34490594e+03	4.34490594e+03	3.93934428e+03	4.72565932e+03	4.05561661e+02	3.80753379e+02
2.87600000e+02	5.26199892e-01	4.52058233e-01	1.20770927e+04	1.03754282e+04	4.34225397e+03	4.34225397e+03	3.93418705e+03	4.72533916e+03	4.08066923e+02	3.83085187e+02
2.87700000e+02	5.28431857e-01	4.53771719e-01	1.21283197e+04	1.04147553e+04	4.33939058e+03	4.33939058e+03	3.92880232e+03	4.72482241e+03	4.10588263e+02	3.85431828e+02
2.87800000e+02	5.30670718e-01	4.55487994e-01	1.21797050e+04	1.04541464e+04	4.33625698e+03	4.33625698e+03	3.92312988e+03	4.72405157e+03	4.13127100e+02	3.87794582e+02
2.87900000e+02	5.32915597e-01	4.57206216e-01	1.22312284e+04	1.04935823e+04	4.33283689e+03	4.33283689e+03	3.91715380e+03	4.72301001e+03	4.15683090e+02	3.90173117e+02
2.88000000e+02	5.35165640e-01	4.58925578e-01	1.22828703e+04	1.05330442e+04	4.32911544e+03	4.32911544e+03	3.91085958e+03	4.72168252e+03	4.18255860e+02	3.92567076e+02
2.88100000e+02	5.37420021e-01	4.60645307e-01	1.23346118e+04	1.05725147e+04	4.32507922e+03	4.32507922e+03	3.90423420e+03	4.72005530e+03	4.20845016e+02	3.94976083e+02
2.88200000e+02	5.39674245e-01	4.62364969e-01	1.23863497e+04	1.06119835e+04	4.32104885e+03	4.32104885e+03	3.89761507e+03	4.71843358e+03	4.23433783e+02	3.97384732e+02
2.88300000e+02	5.41925419e-01	4.64078855e-01	1.24380176e+04	1.06513198e+04	4.31666414e+03	4.31666414e+03	3.89063172e+03	4.71646646e+03	4.26032413e+02	3.99802324e+02
2.88400000e+02	5.44172318e-01	4.65787525e-01	1.24895874e+04	1.06905364e+04	4.31208308e+03	4.31208308e+03	3.88344937e+03	4.71430534e+03	4.28633708e+02	4.02222266e+02
2.88500000e+02	5.46413702e-01	4.67491527e-01	1.25410306e+04	1.07296459e+04	4.30746380e+03	4.30746380e+03	3.87623334e+03	4.71210174e+03	4.31230458e+02	4.04637946e+02
2.88600000e+02	5.48648323e-01	4.69191404e-01	1.25923185e+04	1.07686607e+04	4.30296458e+03	4.30296458e+03	3.86914915e+03	4.71000732e+03	4.33815429e+02	4.07042738e+02
2.88700000e+02	5.50875787e-01	4.70887707e-01	1.26434422e+04	1.08075934e+04	4.29867481e+03	4.29867481e+03	3.86228993e+03	4.70810803e+03	4.36384878e+02	4.09433214e+02
2.88800000e+02	5.53098733e-01	4.72582888e-01	1.26944622e+04	1.08465004e+04	4.29463574e+03	4.29463574e+03	3.85569562e+03	4.70644638e+03	4.38940126e+02	4.11810634e+02
2.88900000e+02	5.55315600e-01	4.74282087e-01	1.27453427e+04	1.08854996e+04	4.29151032e+03	4.29151032e+03	3.85005546e+03	4.70566126e+03	4.41454862e+02	4.14150944e+02
2.89000000e+02	5.57526457e-01	4.75984424e-01	1.27960853e+04	1.09245709e+04	4.28920152e+03	4.28920152e+03	3.84526876e+03	4.70565902e+03	4.43932763e+02	4.16457501e+02
2.89100000e+02	5.59731378e-01	4.77689074e-01	1.28466916e+04	1.09636952e+04	4.28761696e+03	4.28761696e+03	3.84123962e+03	4.70635048e+03	4.46377343e+02	4.18733517e+02
2.89200000e+02	5.61930449e-01	4.79395261e-01	1.28971636e+04	1.10028548e+04	4.28666886e+03	4.28666886e+03	3.83787691e+03	4.70765091e+03	4.48791952e+02	4.20982051e+02
2.89300000e+02	5.64124165e-01	4.81099496e-01	1.29475128e+04	1.10419696e+04	4.28595278e+03	4.28595278e+03	3.83476063e+03	4.70917010e+03	4.51192151e+02	4.23217320e+02
2.89400000e+02	5.66313511e-01	4.82792971e-01	1.29977616e+04	1.10808374e+04	4.28446980e+03	4.28446980e+03	3.83085370e+03	4.70994399e+03	4.53616105e+02	4.25474193e+02
2.89500000e+02	5.68498963e-01	4.84470912e-01	1.30479211e+04	1.11193487e+04	4.28168314e+03	4.28168314e+03	3.82559887e+03	4.70945449e+03	4.56084267e+02	4.27771351e+02
2.89600000e+02	5.70680738e-01	4.86132919e-01	1.30979962e+04	1.11574943e+04	4.27753333e+03	4.27753333e+03	3.81893425e+03	4.70764436e+03	4.58599082e+02	4.30111032e+02
2.89700000e+02	5.72859074e-01	4.87778534e-01	1.31479923e+04	1.11952637e+04	4.27195327e+03	4.27195327e+03	3.81078998e+03	4.70444902e+03	4.61163298e+02	4.32495750e+02
2.89800000e+02	5.75034227e-01	4.89407240e-01	1.31979154e+04	1.12326450e+04	4.26486824e+03	4.26486824e+03	3.80108827e+03	4.69979654e+03	4.63779968e+02	4.34928297e+02
2.89900000e+02	5.77204699e-01	4.91023782e-01	1.32477311e+04	1.12697471e+04	4.25689503e+03	4.25689503e+03	3.79047047e+03	4.69428128e+03	4.66424563e+02	4.37386248e+02
2.90000000e+02	5.79369056e-01	4.92635774e-01	1.32974064e+04	1.13067448e+04	4.24894486e+03	4.24894486e+03	3.77988317e+03	4.68878211e+03	4.69061685e+02	4.39837253e+02
2.90100000e+02	5.81527020e-01	4.94244792e-01	1.33469349e+04	1.13436742e+04	4.24120455e+03	4.24120455e+03	3.76952045e+03	4.68347925e+03	4.71684096e+02	4.42274698e+02
2.90200000e+02	5.83678493e-01	4.95850539e-01	1.33963145e+04	1.13805286e+04	4.23365120e+03	4.23365120e+03	3.75935866e+03	4.67835046e+03	4.74292539e+02	4.44699261e+02
2.90300000e+02	5.85823371e-01	4.97452768e-01	1.34455428e+04	1.14173022e+04	4.22626745e+03	4.22626745e+03	3.74937991e+03	4.67337888e+03	4.76887547e+02	4.47111426e+02
2.90400000e+02	5.87961548e-01	4.99051282e-01	1.34946172e+04	1.14539906e+04	4.21904155e+03	4.21904155e+03	3.73957211e+03	4.66855303e+03	4.79469442e+02	4.49511483e+02
2.90500000e+02	5.90095320e-01	5.00649791e-01	1.35435905e+04	1.14906788e+04	4.21217347e+03	4.21217347e+03	3.73014019e+03	4.66406844e+03	4.82033280e+02	4.51894966e+02
2.90600000e+02	5.92222381e-01	5.02246021e-01	1.35924098e+04	1.15273147e+04	4.20561374e+03	4.20561374e+03	3.72103533e+03	4.65987497e+03	4.84578405e+02	4.54261230e+02
2.90700000e+02	5.94343672e-01	5.03841388e-01	1.36410967e+04	1.15639308e+04	4.19943353e+03	4.19943353e+03	3.71233035e+03	4.65604234e+03	4.87103189e+02	4.56608806e+02
2.90800000e+02	5.96460232e-01	5.05437487e-01	1.36896750e+04	1.16005637e+04	4.19371467e+03	4.19371467e+03	3.70410896e+03	4.65265064e+03	4.89605719e+02	4.58935969e+02
2.90900000e+02	5.98573089e-01	5.07035964e-01	1.37381683e+04	1.16372512e+04	4.18854517e+03	4.18854517e+03	3.69646133e+03	4.64978594e+03	4.92083838e+02	4.61240770e+02
2.91000000e+02	6.00683162e-01	5.08637471e-01	1.37865977e+04	1.16740082e+04	4.18391831e+03	4.18391831e+03	3.68937952e+03	4.64744268e+03	4.94538790e+02	4.63524362e+02
2.91100000e+02	6.02791645e-01	5.10234438e-01	1.38349906e+04	1.17106611e+04	4.17894728e+03	4.17894728e+03	3.68194248e+03	4.64476530e+03	4.97004804e+02	4.65818023e+02
2.91200000e+02	6.04903492e-01	5.11827758e-01	1.38834607e+04	1.17472302e+04	4.17332201e+03	4.17332201e+03	3.67382325e+03	4.64145927e+03	4.99498759e+02	4.68137262e+02
2.91300000e+02	6.07018366e-01	5.13416982e-01	1.39320003e+04	1.17837053e+04	4.16702309e+03	4.16702309e+03	3.66500208e+03	4.63750549e+03	5.02021009e+02	4.70482397e+02
2.91400000e+02	6.09135958e-01	5.15001650e-01	1.39806023e+04	1.18200759e+04	4.16002772e+03	4.16002772e+03	3.65545566e+03	4.63288161e+03	5.04572068e+02	4.72853889e+02
2.91500000e+02	6.11255987e-01	5.16581292e-01	1.40292602e+04	1.18563311e+04	4.15230966e+03	4.15230966e+03	3.64515705e+03	4.62756201e+03	5.07152607e+02	4.75252347e+02
2.91600000e+02	6.13380042e-01	5.18158975e-01	1.40780105e+04	1.18925413e+04	4.14405967e+03	4.14405967e+03	3.63430241e+03	4.62173257e+03	5.09757259e+02	4.77672901e+02
2.91700000e+02	6.15509419e-01	5.19739958e-01	1.41268830e+04	1.19288273e+04	4.13572080e+03	4.13572080e+03	3.62334983e+03	4.61582263e+03	5.12370970e+02	4.80101833e+02
2.91800000e+02	6.17642261e-01	5.21323686e-01	1.41758350e+04	1.19651763e+04	4.12738643e+03	4.12738643e+03	3.61239816e+03	4.60992053e+03	5.14988263e+02	4.82534104e+02
2.91900000e+02	6.19780592e-01	5.22912531e-01	1.42249129e+04	1.20016427e+04	4.11913921e+03	4.11913921e+03	3.60153095e+03	4.60410816e+03	5.17608258e+02	4.84968952e+02
2.92000000e+02	6.21926455e-01	5.24508891e-01	1.42741638e+04	1.20382816e+04	4.11106308e+03	4.11106308e+03	3.59083304e+03	4.59846868e+03	5.20230049e+02	4.87405591e+02
2.92100000e+02	6.24081913e-01	5.26115192e-01	1.43236349e+04	1.20751487e+04	4.10324322e+03	4.10324322e+03	3.58039052e+03	4.59308643e+03	5.22852703e+02	4.89843208e+02
2.92200000e+02	6.26243677e-01	5.27726620e-01	1.43732506e+04	1.21121334e+04	4.09544516e+03	4.09544516e+03	3.56996379e+03	4.58773160e+03	5.25481370e+02	4.92286442e+02
2.92300000e+02	6.28409787e-01	5.29341018e-01	1.44229662e+04	1.21491863e+04	4.08760328e+03	4.08760328e+03	3.55948692e+03	4.58233882e+03	5.28116367e+02	4.94735541e+02
2.92400000e+02	6.30580858e-01	5.30959101e-01	1.44727956e+04	1.21863238e+04	4.07974217e+03	4.07974217e+03	3.54898472e+03	4.57693246e+03	5.30757446e+02	4.97190294e+02
2.92500000e+02	6.32756880e-01	5.32580238e-01	1.45227386e+04	1.22235314e+04	4.07179673e+03	4.07179673e+03	3.53838972e+03	4.57144963e+03	5.33407014e+02	4.99652895e+02
2.92600000e+02	6.34937808e-01	5.34203762e-01	1.45727942e+04	1.22607938e+04	4.06370111e+03	4.06370111e+03	3.52763364e+03	4.56582665e+03	5.36067469e+02	5.02125535e+02
2.92700000e+02	6.37123562e-01	5.35828972e-01	1.46229606e+04	1.22980948e+04	4.05538863e+03	4.05538863e+03	3.51664743e+03	4.55999903e+03	5.38741200e+02	5.04610393e+02
2.92800000e+02	6.39313232e-01	5.37456085e-01	1.46732169e+04	1.23354395e+04	4.04695607e+03	4.04695607e+03	3.50553244e+03	4.55405934e+03	5.41423629e+02	5.07103270e+02
2.92900000e+02	6.41505505e-01	5.39083518e-01	1.47235329e+04	1.23727916e+04	4.03834508e+03	4.03834508e+03	3.49422958e+03	4.54794990e+03	5.44115501e+02	5.09604822e+02
2.93000000e+02	6.43700085e-01	5.40710810e-01	1.47739019e+04	1.24101405e+04	4.02953173e+03	4.02953173e+03	3.48271434e+03	4.54164729e+03	5.46817385e+02	5.12115561e+02
2.93100000e+02	6.45896739e-01	5.42337633e-01	1.48243185e+04	1.24474785e+04	4.02050049e+03	4.02050049e+03	3.47097088e+03	4.53513627e+03	5.49529607e+02	5.14635780e+02
2.93200000e+02	6.48095186e-01	5.43963616e-01	1.48747762e+04	1.24847973e+04	4.01123587e+03	4.01123587e+03	3.45898343e+03	4.52840159e+03	5.52252436e+02	5.17165719e+02
2.93300000e+02	6.50295154e-01	5.45588615e-01	1.49252688e+04	1.25220935e+04	4.00174478e+03	4.00174478e+03	3.44675946e+03	4.52144966e+03	5.54985322e+02	5.19704873e+02
2.93400000e+02	6.52498219e-01	5.47218405e-01	1.49758325e+04	1.25594997e+04	3.99250155e+03	3.99250155e+03	3.43478920e+03	4.51474030e+03	5.57712354e+02	5.22238742e+02
2.93500000e+02	6.54707224e-01	5.48852887e-01	1.50265326e+04	1.25970136e+04	3.98326432e+03	3.98326432e+03	3.42281873e+03	4.50804271e+03	5.60445591e+02	5.24778395e+02
2.93600000e+02	6.56921252e-01	5.50493006e-01	1.50773479e+04	1.26346568e+04	3.97420652e+03	3.97420652e+03	3.41102892e+03	4.50152354e+03	5.63177597e+02	5.27317025e+02
2.93700000e+02	6.59139377e-01	5.52139709e-01	1.51282573e+04	1.26724512e+04	3.96550223e+03	3.96550223e+03	3.39960133e+03	4.49535003e+03	5.65900906e+02	5.29847796e+02
2.93800000e+02	6.61360664e-01	5.53793941e-01	1.51792392e+04	1.27104183e+04	3.95732616e+03	3.95732616e+03	3.38871815e+03	4.48969000e+03	5.68608017e+02	5.32363840e+02
2.93900000e+02	6.63584768e-01	5.55454405e-01	1.52302858e+04	1.27485285e+04	3.94957085e+03	3.94957085e+03	3.37826830e+03	4.48443930e+03	5.71302549e+02	5.34868455e+02
2.94000000e+02	6.65811492e-01	5.57116432e-01	1.52813925e+04	1.27866746e+04	3.94176553e+03	3.94176553e+03	3.36776376e+03	4.47914294e+03	5.74001772e+02	5.37377407e+02
2.94100000e+02	6.68038835e-01	5.58780717e-01	1.53325135e+04	1.28248725e+04	3.93414527e+03	3.93414527e+03	3.35745048e+03	4.47402597e+03	5.76694792e+02	5.39880706e+02
2.94200000e+02	6.70266798e-01	5.60446104e-01	1.53836486e+04	1.28630956e+04	3.92658961e+03	3.92658961e+03	3.34720352e+03	4.46897204e+03	5.79386084e+02	5.42382440e+02
2.94300000e+02	6.72495368e-01	5.62111401e-01	1.54347977e+04	1.29013168e+04	3.91897532e+03	3.91897532e+03	3.33689511e+03	4.46386209e+03	5.82080208e+02	5.44886772e+02
2.94400000e+02	6.74724513e-01	5.63775379e-01	1.54859600e+04	1.29395076e+04	3.91117640e+03	3.91117640e+03	3.32639459e+03	4.45857435e+03	5.84781814e+02	5.47397947e+02
2.94500000e+02	6.76953914e-01	5.65441200e-01	1.55371282e+04	1.29777408e+04	3.90354902e+03	3.90354902e+03	3.31607170e+03	4.45345258e+03	5.87477325e+02	5.49903562e+02
2.94600000e+02	6.79182907e-01	5.67112536e-01	1.55882870e+04	1.30161005e+04	3.89653012e+03	3.89653012e+03	3.30638032e+03	4.44891825e+03	5.90149795e+02	5.52388131e+02
2.94700000e+02	6.81411188e-01	5.68789587e-01	1.56394294e+04	1.30545913e+04	3.89016546e+03	3.89016546e+03	3.29736827e+03	4.44501526e+03	5.92797192e+02	5.54849794e+02
2.94800000e+02	6.83638648e-01	5.70472794e-01	1.56905530e+04	1.30932235e+04	3.88450985e+03	3.88450985e+03	3.28909248e+03	4.44179644e+03	5.95417367e+02	5.57286585e+02
2.94900000e+02	6.85865157e-01	5.72162619e-01	1.57416548e+04	1.31320076e+04	3.87962197e+03	3.87962197e+03	3.28161397e+03	4.43931835e+03	5.98007998e+02	5.59696382e+02
2.95000000e+02	6.88090562e-01	5.73859541e-01	1.57927313e+04	1.31709546e+04	3.87556442e+03	3.87556442e+03	3.27499782e+03	4.43764132e+03	6.00566593e+02	5.62076907e+02
2.95100000e+02	6.90315179e-01	5.75558865e-01	1.58437896e+04	1.32099567e+04	3.87182152e+03	3.87182152e+03	3.26870887e+03	4.43626749e+03	6.03112649e+02	5.64445968e+02
2.95200000e+02	6.92542483e-01	5.77259738e-01	1.58949097e+04	1.32489943e+04	3.86802149e+03	3.86802149e+03	3.26235776e+03	4.43484116e+03	6.05663734e+02	5.66819674e+02
2.95300000e+02	6.94772367e-01	5.78961337e-01	1.59460889e+04	1.32880486e+04	3.86408732e+03	3.86408732e+03	3.25586473e+03	4.43328785e+03	6.08222594e+02	5.69200530e+02
2.95400000e+02	6.97003894e-01	5.80662450e-01	1.59973059e+04	1.33270917e+04	3.85996880e+03	3.85996880e+03	3.24917872e+03	4.43155809e+03	6.10790078e+02	5.71589294e+02
2.95500000e+02	6.99236142e-01	5.82361849e-01	1.60485394e+04	1.33660955e+04	3.85561282e+03	3.85561282e+03	3.24224566e+03	4.42959966e+03	6.13367161e+02	5.73986836e+02
2.95600000e+02	7.01468205e-01	5.84058292e-01	1.60997687e+04	1.34050315e+04	3.85096341e+03	3.85096341e+03	3.23500847e+03	4.42735756e+03	6.15954944e+02	5.76394143e+02
2.95700000e+02	7.03702832e-01	5.85754759e-01	1.61510568e+04	1.34439680e+04	3.84610797e+03	3.84610797e+03	3.22755482e+03	4.42491899e+03	6.18553153e+02	5.78811021e+02
2.95800000e+02	7.05939847e-01	5.87451245e-01	1.62023997e+04	1.34829050e+04	3.84106010e+03	3.84106010e+03	3.21989900e+03	4.42229693e+03	6.21161093e+02	5.81236833e+02
2.95900000e+02	7.08179135e-01	5.89147217e-01	1.62537948e+04	1.35218301e+04	3.83577360e+03	3.83577360e+03	3.21199324e+03	4.41944663e+03	6.23780357e+02	5.83673028e+02
2.96000000e+02	7.10420624e-01	5.90842161e-01	1.63052404e+04	1.35607317e+04	3.83020084e+03	3.83020084e+03	3.20378821e+03	4.41632199e+03	6.26412633e+02	5.86121148e+02
2.96100000e+02	7.12664280e-01	5.92535582e-01	1.63567357e+04	1.35995983e+04	3.82429275e+03	3.82429275e+03	3.19523304e+03	4.41287557e+03	6.29059710e+02	5.88582825e+02
2.96200000e+02	7.14908786e-01	5.94226670e-01	1.64082506e+04	1.36384113e+04	3.81807232e+03	3.81807232e+03	3.18635302e+03	4.40912827e+03	6.31719306e+02	5.91055950e+02
2.96300000e+02	7.17149749e-01	5.95913601e-01	1.64596841e+04	1.36771290e+04	3.81170629e+03	3.81170629e+03	3.17732581e+03	4.40523673e+03	6.34380478e+02	5.93530443e+02
2.96400000e+02	7.19388407e-01	5.97595669e-01	1.65110647e+04	1.37157350e+04	3.80502066e+03	3.80502066e+03	3.16796963e+03	4.40103411e+03	6.37051026e+02	5.96013450e+02
2.96500000e+02	7.21622839e-01	5.99272120e-01	1.65623483e+04	1.37542121e+04	3.79809281e+03	3.79809281e+03	3.15836681e+03	4.39659322e+03	6.39725998e+02	5.98500413e+02
2.96600000e+02	7.23851150e-01	6.00942203e-01	1.66134915e+04	1.37925431e+04	3.79099872e+03	3.79099872e+03	3.14859819e+03	4.39198556e+03	6.42400523e+02	6.00986844e+02
2.96700000e+02	7.26071474e-01	6.02605177e-01	1.66644513e+04	1.38307109e+04	3.78381295e+03	3.78381295e+03	3.13874314e+03	4.38728128e+03	6.45069810e+02	6.03468335e+02
2.96800000e+02	7.28284885e-01	6.04262496e-01	1.67152525e+04	1.38687489e+04	3.77659968e+03	3.77659968e+03	3.12886704e+03	4.38254347e+03	6.47732639e+02	6.05943791e+02
2.96900000e+02	7.30493009e-01	6.05919150e-01	1.67659323e+04	1.39067716e+04	3.76974738e+03	3.76974738e+03	3.11937104e+03	4.37814906e+03	6.50376340e+02	6.08401676e+02
2.97000000e+02	7.32694680e-01	6.07577016e-01	1.68164640e+04	1.39448222e+04	3.76354659e+03	3.76354659e+03	3.11055774e+03	4.37437756e+03	6.52988860e+02	6.10830963e+02
2.97100000e+02	7.34889834e-01	6.09235448e-01	1.68668462e+04	1.39828858e+04	3.75793518e+03	3.75793518e+03	3.10236274e+03	4.37116888e+03	6.55572437e+02	6.13233695e+02
2.97200000e+02	7.37078465e-01	6.10893883e-01	1.69170786e+04	1.40209494e+04	3.75285477e+03	3.75285477e+03	3.09472553e+03	4.36846661e+03	6.58129235e+02	6.15611845e+02
2.97300000e+02	7.39260627e-01	6.12551837e-01	1.69671626e+04	1.40590020e+04	3.74825073e+03	3.74825073e+03	3.08758939e+03	4.36621805e+03	6.60661339e+02	6.17967319e+02
2.97400000e+02	7.41435232e-01	6.14206248e-01	1.70170731e+04	1.40969732e+04	3.74389183e+03	3.74389183e+03	3.08071567e+03	4.36419869e+03	6.63176162e+02	6.20306865e+02
2.97500000e+02	7.43597408e-01	6.15854594e-01	1.70666983e+04	1.41348053e+04	3.73991173e+03	3.73991173e+03	3.07424826e+03	4.36253276e+03	6.65663467e+02	6.22621036e+02
2.97600000e+02	7.45746589e-01	6.17495842e-01	1.71160253e+04	1.41724744e+04	3.73624852e+03	3.73624852e+03	3.06812358e+03	4.36115988e+03	6.68124942e+02	6.24911365e+02
2.97700000e+02	7.47883838e-01	6.19129161e-01	1.71650785e+04	1.42099616e+04	3.73272912e+03	3.73272912e+03	3.06216095e+03	4.35991391e+03	6.70568164e+02	6.27184790e+02
2.97800000e+02	7.50010213e-01	6.20753768e-01	1.72138820e+04	1.42472488e+04	3.72918571e+03	3.72918571e+03	3.05618520e+03	4.35863378e+03	6.73000512e+02	6.29448070e+02
2.97900000e+02	7.52126773e-01	6.22368932e-01	1.72624603e+04	1.42843193e+04	3.72545575e+03	3.72545575e+03	3.05002658e+03	4.35716353e+03	6.75429170e+02	6.31707785e+02
2.98000000e+02	7.54235575e-01	6.23975466e-01	1.73108605e+04	1.43211917e+04	3.72145685e+03	3.72145685e+03	3.04359742e+03	4.35542565e+03	6.77859423e+02	6.33968800e+02
2.98100000e+02	7.56350368e-01	6.25572791e-01	1.73593983e+04	1.43578528e+04	3.71600972e+03	3.71600972e+03	3.03565977e+03	4.35229468e+03	6.80349948e+02	6.36284966e+02
2.98200000e+02	7.58469837e-01	6.27160725e-01	1.74080433e+04	1.43942983e+04	3.70920218e+03	3.70920218e+03	3.02630612e+03	4.34785416e+03	6.82896062e+02	6.38651981e+02
2.98300000e+02	7.60592781e-01	6.28739140e-01	1.74567682e+04	1.44305253e+04	3.70111897e+03	3.70111897e+03	3.01562565e+03	4.34218473e+03	6.85493317e+02	6.41065760e+02
2.98400000e+02	7.62718111e-01	6.30307971e-01	1.75055477e+04	1.44665324e+04	3.69184175e+03	3.69184175e+03	3.00370425e+03	4.33536419e+03	6.88137502e+02	6.43522435e+02
2.98500000e+02	7.64844287e-01	6.31867365e-01	1.75543467e+04	1.45023229e+04	3.68151107e+03	3.68151107e+03	2.99068934e+03	4.32752676e+03	6.90821731e+02	6.46015688e+02
2.98600000e+02	7.66965753e-01	6.33417820e-01	1.76030376e+04	1.45379082e+04	3.67063122e+03	3.67063122e+03	2.97710996e+03	4.31915404e+03	6.93521260e+02	6.48522818e+02
2.98700000e+02	7.69078322e-01	6.34957695e-01	1.76515243e+04	1.45732507e+04	3.65937154e+03	3.65937154e+03	2.96314627e+03	4.31040541e+03	6.96225270e+02	6.51033861e+02
2.98800000e+02	7.71181273e-01	6.36487952e-01	1.76997902e+04	1.46083724e+04	3.64789108e+03	3.64789108e+03	2.94896401e+03	4.30143378e+03	6.98927074e+02	6.53542699e+02
2.98900000e+02	7.73273935e-01	6.38009595e-01	1.77478200e+04	1.46432965e+04	3.63634920e+03	3.63634920e+03	2.93472918e+03	4.29239245e+03	7.01620028e+02	6.56043249e+02
2.99000000e+02	7.75355690e-01	6.39523672e-01	1.77955995e+04	1.46780468e+04	3.62490564e+03	3.62490564e+03	2.92060812e+03	4.28343512e+03	7.04297527e+02	6.58529472e+02
2.99100000e+02	7.77427155e-01	6.41030215e-01	1.78431428e+04	1.47126243e+04	3.61351333e+03	3.61351333e+03	2.90655134e+03	4.27451691e+03	7.06961990e+02	6.61003587e+02
2.99200000e+02	7.79488586e-01	6.42531706e-01	1.78904558e+04	1.47470858e+04	3.60241052e+03	3.60241052e+03	2.89280567e+03	4.26586829e+03	7.09604843e+02	6.63457770e+02
2.99300000e+02	7.81538702e-01	6.44032020e-01	1.79375091e+04	1.47815203e+04	3.59210564e+03	3.59210564e+03	2.87989983e+03	4.25797913e+03	7.12205816e+02	6.65873490e+02
2.99400000e+02	7.83578366e-01	6.45530332e-01	1.79843225e+04	1.48159089e+04	3.58244240e+03	3.58244240e+03	2.86767076e+03	4.25069932e+03	7.14771648e+02	6.68256915e+02
2.99500000e+02	7.85608484e-01	6.47025899e-01	1.80309168e+04	1.48502344e+04	3.57326961e+03	3.57326961e+03	2.85596068e+03	4.24388370e+03	7.17308935e+02	6.70614087e+02
2.99600000e+02	7.87630011e-01	6.48518066e-01	1.80773140e+04	1.48844819e+04	3.56444118e+03	3.56444118e+03	2.84461704e+03	4.23739210e+03	7.19824136e+02	6.72950923e+02
2.99700000e+02	7.89644280e-01	6.50006594e-01	1.81235445e+04	1.49186459e+04	3.55582375e+03	3.55582375e+03	2.83350011e+03	4.23109704e+03	7.22323647e+02	6.75273287e+02
2.99800000e+02	7.91658222e-01	6.51491241e-01	1.81697675e+04	1.49527209e+04	3.54682806e+03	3.54682806e+03	2.82199120e+03	4.22443621e+03	7.24836853e+02	6.77608149e+02
2.99900000e+02	7.93674383e-01	6.52971701e-01	1.82160415e+04	1.49866997e+04	3.53721491e+03	3.53721491e+03	2.80983952e+03	4.21718110e+03	7.27375394e+02	6.79966188e+02
3.00000000e+02	7.95692369e-01	6.54447779e-01	1.82623574e+04	1.50205779e+04	3.52699611e+03	3.52699611e+03	2.79705771e+03	4.20934272e+03	7.29938406e+02	6.82346606e+02
3.00100000e+02	7.97711906e-01	6.55919369e-01	1.83087089e+04	1.50543532e+04	3.51618296e+03	3.51618296e+03	2.78365779e+03	4.20093170e+03	7.32525172e+02	6.84748743e+02
3.00200000e+02	7.99732838e-01	6.57386454e-01	1.83550923e+04	1.50880250e+04	3.50478629e+03	3.50478629e+03	2.76965117e+03	4.19195836e+03	7.35135119e+02	6.87172074e+02
3.00300000e+02	8.01750989e-01	6.58847265e-01	1.84014120e+04	1.51215529e+04	3.49296135e+03	3.49296135e+03	2.75520339e+03	4.18256848e+03	7.37757964e+02	6.89607126e+02
3.00400000e+02	8.03764479e-01	6.60298757e-01	1.84476247e+04	1.51548668e+04	3.48054358e+03	3.48054358e+03	2.74014580e+03	4.17260117e+03	7.40397786e+02	6.92057585e+02
3.00500000e+02	8.05772605e-01	6.61741088e-01	1.84937142e+04	1.51879705e+04	3.46760646e+03	3.46760646e+03	2.72455537e+03	4.16212671e+03	7.43051093e+02	6.94520249e+02
3.00600000e+02	8.07774776e-01	6.63174689e-01	1.85396671e+04	1.52208739e+04	3.45424327e+03	3.45424327e+03	2.70852949e+03	4.15123463e+03	7.45713782e+02	6.96991361e+02
3.00700000e+02	8.09770482e-01	6.64600046e-01	1.85854716e+04	1.52535880e+04	3.44054592e+03	3.44054592e+03	2.69216403e+03	4.14001321e+03	7.48381889e+02	6.99467290e+02
3.00800000e+02	8.11759305e-01	6.66017664e-01	1.86311182e+04	1.52861245e+04	3.42660147e+03	3.42660147e+03	2.67554975e+03	4.12854613e+03	7.51051724e+02	7.01944661e+02
3.00900000e+02	8.13741155e-01	6.67427977e-01	1.86766046e+04	1.53184933e+04	3.41246230e+03	3.41246230e+03	2.65874105e+03	4.11688390e+03	7.53721248e+02	7.04421608e+02
3.01000000e+02	8.15716524e-01	6.68833002e-01	1.87219424e+04	1.53507408e+04	3.39829890e+03	3.39829890e+03	2.64191425e+03	4.10519175e+03	7.56384659e+02	7.06892844e+02
3.01100000e+02	8.17685062e-01	6.70232959e-01	1.87671234e+04	1.53828720e+04	3.38416255e+03	3.38416255e+03	2.62512288e+03	4.09351883e+03	7.59039675e+02	7.09356279e+02
3.01200000e+02	8.19646510e-01	6.71628129e-01	1.88121416e+04	1.54148933e+04	3.37010371e+03	3.37010371e+03	2.60841957e+03	4.08191365e+03	7.61684140e+02	7.11809939e+02
3.01300000e+02	8.21600698e-01	6.73018855e-01	1.88569932e+04	1.54468126e+04	3.35617205e+03	3.35617205e+03	2.59185603e+03	4.07042402e+03	7.64316027e+02	7.14251969e+02
3.01400000e+02	8.23546182e-01	6.74405518e-01	1.89016450e+04	1.54786386e+04	3.34252480e+03	3.34252480e+03	2.57559687e+03	4.05920039e+03	7.66927931e+02	7.16675581e+02
3.01500000e+02	8.25484127e-01	6.75792231e-01	1.89461238e+04	1.55104658e+04	3.32949632e+03	3.32949632e+03	2.55998762e+03	4.04856693e+03	7.69508696e+02	7.19070610e+02
3.01600000e+02	8.27420009e-01	6.77184543e-01	1.89905553e+04	1.55424215e+04	3.31721973e+03	3.31721973e+03	2.54516043e+03	4.03865780e+03	7.72059301e+02	7.21438062e+02
3.01700000e+02	8.29350719e-01	6.78581079e-01	1.90348680e+04	1.55744741e+04	3.30580468e+03	3.30580468e+03	2.53123237e+03	4.02957577e+03	7.74572312e+02	7.23771084e+02
3.01800000e+02	8.31273306e-01	6.79980607e-01	1.90789943e+04	1.56065954e+04	3.29536282e+03	3.29536282e+03	2.51832243e+03	4.02142574e+03	7.77040386e+02	7.26062916e+02
3.01900000e+02	8.33184977e-01	6.81382039e-01	1.91228701e+04	1.56387604e+04	3.28600783e+03	3.28600783e+03	2.50655155e+03	4.01431472e+03	7.79456281e+02	7.28306888e+02
3.02000000e+02	8.35084272e-01	6.82781493e-01	1.91664619e+04	1.56708800e+04	3.27745349e+03	3.27745349e+03	2.49562444e+03	4.00796473e+03	7.81829047e+02	7.30511234e+02
3.02100000e+02	8.36963987e-01	6.84171315e-01	1.92096042e+04	1.57027786e+04	3.26948770e+03	3.26948770e+03	2.48532893e+03	4.00216359e+03	7.84158767e+02	7.32675887e+02
3.02200000e+02	8.38819954e-01	6.85548397e-01	1.92522015e+04	1.57343847e+04	3.26212526e+03	3.26212526e+03	2.47568488e+03	3.99692140e+03	7.86440381e+02	7.34796143e+02
3.02300000e+02	8.40652375e-01	6.86912328e-01	1.92942583e+04	1.57656890e+04	3.25530688e+03	3.25530688e+03	2.46663057e+03	3.99218110e+03	7.88676311e+02	7.36874217e+02
3.02400000e+02	8.42461546e-01	6.88262754e-01	1.93357816e+04	1.57966833e+04	3.24897138e+03	3.24897138e+03	2.45810223e+03	3.98788387e+03	7.90869151e+02	7.38912484e+02
3.02500000e+02	8.44247858e-01	6.89599372e-01	1.93767802e+04	1.58273608e+04	3.24305566e+03	3.24305566e+03	2.45003399e+03	3.98396913e+03	7.93021664e+02	7.40913475e+02
3.02600000e+02	8.46016940e-01	6.90922417e-01	1.94173833e+04	1.58577267e+04	3.23712598e+03	3.23712598e+03	2.44196993e+03	3.98002356e+03	7.95156053e+02	7.42897573e+02
3.02700000e+02	8.47777429e-01	6.92239770e-01	1.94577892e+04	1.58879620e+04	3.23130167e+03	3.23130167e+03	2.43402444e+03	3.97617111e+03	7.97277230e+02	7.44869438e+02
3.02800000e+02	8.49531033e-01	6.93551055e-01	1.94980371e+04	1.59180580e+04	3.22540459e+03	3.22540459e+03	2.42601093e+03	3.97224142e+03	7.99393662e+02	7.46836832e+02
3.02900000e+02	8.51278570e-01	6.94854483e-01	1.95381458e+04	1.59479736e+04	3.21918150e+03	3.21918150e+03	2.41766586e+03	3.96799067e+03	8.01515637e+02	7.48809167e+02
3.03000000e+02	8.53021051e-01	6.96148400e-01	1.95781384e+04	1.59776710e+04	3.21237753e+03	3.21237753e+03	2.40872382e+03	3.96317364e+03	8.03653718e+02	7.50796105e+02
3.03100000e+02	8.54759683e-01	6.97431288e-01	1.96180426e+04	1.60071152e+04	3.20473619e+03	3.20473619e+03	2.39891746e+03	3.95754376e+03	8.05818735e+02	7.52807561e+02
3.03200000e+02	8.56480371e-01	6.98700968e-01	1.96575351e+04	1.60362563e+04	3.19717721e+03	3.19717721e+03	2.38921593e+03	3.95197535e+03	8.07961278e+02	7.54798139e+02
3.03300000e+02	8.58177859e-01	6.99943704e-01	1.96964950e+04	1.60647790e+04	3.18869512e+03	3.18869512e+03	2.37858211e+03	3.94549176e+03	8.10113004e+02	7.56796638e+02
3.03400000e+02	8.59851981e-01	7.01161406e-01	1.97349187e+04	1.60927272e+04	3.17950270e+03	3.17950270e+03	2.36723687e+03	3.93829838e+03	8.12265832e+02	7.58795678e+02
3.03500000e+02	8.61502624e-01	7.02356005e-01	1.97728034e+04	1.61201450e+04	3.16981065e+03	3.16981065e+03	2.35539883e+03	3.93059864e+03	8.14411814e+02	7.60787997e+02
3.03600000e+02	8.63129724e-01	7.03529452e-01	1.98101479e+04	1.61470774e+04	3.15982759e+03	3.15982759e+03	2.34328446e+03	3.92259405e+03	8.16543131e+02	7.62766457e+02
3.03700000e+02	8.64734288e-01	7.04684480e-01	1.98469751e+04	1.61735871e+04	3.14975689e+03	3.14975689e+03	2.33110357e+03	3.91448206e+03	8.18653318e+02	7.64725175e+02
3.03800000e+02	8.66321390e-01	7.05829408e-01	1.98834015e+04	1.61998649e+04	3.14005343e+03	3.14005343e+03	2.31932246e+03	3.90670727e+03	8.20730972e+02	7.66653841e+02
3.03900000e+02	8.67894700e-01	7.06973821e-01	1.99195114e+04	1.62261310e+04	3.13141859e+03	3.13141859e+03	2.30866458e+03	3.89995096e+03	8.22754012e+02	7.68532365e+02
3.04000000e+02	8.69454290e-01	7.08118058e-01	1.99553064e+04	1.62523930e+04	3.12388187e+03	3.12388187e+03	2.29916045e+03	3.89424169e+03	8.24721420e+02	7.70359822e+02
3.04100000e+02	8.71000354e-01	7.09262600e-01	1.99907909e+04	1.62786620e+04	3.11747751e+03	3.11747751e+03	2.29084538e+03	3.88961276e+03	8.26632135e+02	7.72135245e+02
3.04200000e+02	8.72533205e-01	7.10408064e-01	2.00259722e+04	1.63049521e+04	3.11224458e+03	3.11224458e+03	2.28375954e+03	3.88610220e+03	8.28485042e+02	7.73857624e+02
3.04300000e+02	8.74055058e-01	7.11551128e-01	2.00609010e+04	1.63311872e+04	3.10765629e+03	3.10765629e+03	2.27735419e+03	3.88320335e+03	8.30302107e+02	7.75547058e+02
3.04400000e+02	8.75565100e-01	7.12685642e-01	2.00955588e+04	1.63572260e+04	3.10313697e+03	3.10313697e+03	2.27103314e+03	3.88035922e+03	8.32103831e+02	7.77222249e+02
3.04500000e+02	8.77062546e-01	7.13810100e-01	2.01299275e+04	1.63830340e+04	3.09859360e+03	3.09859360e+03	2.26470078e+03	3.87747916e+03	8.33892820e+02	7.78885561e+02
3.04600000e+02	8.78550321e-01	7.14924491e-01	2.01640742e+04	1.64086110e+04	3.09378703e+03	3.09378703e+03	2.25810591e+03	3.87433508e+03	8.35681120e+02	7.80548051e+02
3.04700000e+02	8.80031440e-01	7.16028860e-01	2.01980681e+04	1.64339580e+04	3.08847650e+03	3.08847650e+03	2.25099557e+03	3.87069743e+03	8.37480936e+02	7.82220923e+02
3.04800000e+02	8.81509007e-01	7.17123305e-01	2.02319805e+04	1.64590772e+04	3.08241968e+03	3.08241968e+03	2.24311505e+03	3.86633520e+03	8.39304628e+02	7.83915523e+02
3.04900000e+02	8.82979399e-01	7.18208026e-01	2.02657283e+04	1.64839732e+04	3.07593225e+03	3.07593225e+03	2.23479569e+03	3.86154974e+03	8.41136551e+02	7.85617496e+02
3.05000000e+02	8.84456323e-01	7.19288297e-01	2.02996260e+04	1.65087670e+04	3.06844903e+03	3.06844903e+03	2.22543650e+03	3.85580885e+03	8.43012527e+02	7.87359821e+02
3.05100000e+02	8.85942121e-01	7.20364681e-01	2.03337273e+04	1.65334717e+04	3.05983822e+03	3.05983822e+03	2.21489823e+03	3.84898755e+03	8.44939987e+02	7.89149330e+02
3.05200000e+02	8.87434544e-01	7.21436223e-01	2.03679807e+04	1.65580652e+04	3.05018308e+03	3.05018308e+03	2.20326968e+03	3.84116401e+03	8.46913403e+02	7.90980932e+02
3.05300000e+02	8.88931521e-01	7.22502074e-01	2.04023386e+04	1.65825281e+04	3.03956369e+03	3.03956369e+03	2.19063613e+03	3.83241351e+03	8.48927561e+02	7.92849824e+02
3.05400000e+02	8.90431160e-01	7.23561495e-01	2.04367576e+04	1.66068435e+04	3.02805694e+03	3.02805694e+03	2.17707938e+03	3.82280843e+03	8.50977558e+02	7.94751492e+02
3.05500000e+02	8.91932054e-01	7.24616800e-01	2.04712054e+04	1.66310643e+04	3.01601866e+03	3.01601866e+03	2.16297000e+03	3.81269111e+03	8.53048655e+02	7.96672449e+02
3.05600000e+02	8.93426949e-01	7.25664214e-01	2.05055156e+04	1.66551041e+04	3.00364525e+03	3.00364525e+03	2.14851954e+03	3.80224398e+03	8.55125710e+02	7.98598727e+02
3.05700000e+02	8.94915822e-01	7.26704812e-01	2.05396875e+04	1.66789874e+04	2.99105074e+03	2.99105074e+03	2.13384628e+03	3.79157717e+03	8.57204460e+02	8.00526433e+02
3.05800000e+02	8.96398780e-01	7.27739762e-01	2.05737236e+04	1.67027411e+04	2.97834853e+03	2.97834853e+03	2.11906772e+03	3.78080035e+03	8.59280810e+02	8.02451829e+02
3.05900000e+02	8.97876059e-01	7.28770333e-01	2.06076294e+04	1.67263943e+04	2.96565140e+03	2.96565140e+03	2.10430057e+03	3.77002273e+03	8.61350827e+02	8.04371329e+02
3.06000000e+02	8.99347852e-01	7.29797532e-01	2.06414093e+04	1.67499701e+04	2.95304897e+03	2.95304897e+03	2.08963758e+03	3.75933106e+03	8.63411391e+02	8.06282089e+02
3.06100000e+02	9.00811814e-01	7.30820310e-01	2.06750095e+04	1.67734444e+04	2.94062256e+03	2.94062256e+03	2.07516562e+03	3.74880155e+03	8.65456944e+02	8.08178987e+02
3.06200000e+02	9.02263411e-01	7.31838279e-01	2.07083259e+04	1.67968083e+04	2.92870065e+03	2.92870065e+03	2.06123027e+03	3.73874696e+03	8.67470380e+02	8.10046314e+02
3.06300000e+02	9.03704683e-01	7.32853124e-01	2.07414053e+04	1.68201006e+04	2.91729302e+03	2.91729302e+03	2.04783948e+03	3.72917881e+03	8.69453542e+02	8.11885793e+02
3.06400000e+02	9.05137729e-01	7.33866590e-01	2.07742959e+04	1.68433612e+04	2.90641089e+03	2.90641089e+03	2.03500261e+03	3.72011005e+03	8.71408286e+02	8.13699161e+02
3.06500000e+02	9.06564712e-01	7.34880486e-01	2.08070473e+04	1.68666316e+04	2.89606691e+03	2.89606691e+03	2.02273043e+03	3.71155508e+03	8.73336482e+02	8.15488168e+02
3.06600000e+02	9.07982268e-01	7.35892164e-01	2.08395824e+04	1.68898512e+04	2.88625879e+03	2.88625879e+03	2.01102422e+03	3.70350829e+03	8.75234573e+02	8.17249501e+02
3.06700000e+02	9.09385133e-01	7.36898110e-01	2.08717803e+04	1.69129392e+04	2.87704792e+03	2.87704792e+03	1.99995334e+03	3.69602370e+03	8.77094588e+02	8.18975775e+02
3.06800000e+02	9.10774822e-01	7.37900183e-01	2.09036758e+04	1.69359383e+04	2.86850534e+03	2.86850534e+03	1.98958982e+03	3.68917145e+03	8.78915522e+02	8.20666104e+02
3.06900000e+02	9.12150020e-01	7.38897159e-01	2.09352387e+04	1.69588204e+04	2.86061018e+03	2.86061018e+03	1.97991345e+03	3.68293006e+03	8.80696732e+02	8.22319873e+02
3.07000000e+02	9.13509417e-01	7.39887839e-01	2.09664389e+04	1.69815580e+04	2.85334399e+03	2.85334399e+03	1.97090651e+03	3.67728037e+03	8.82437482e+02	8.23936386e+02
3.07100000e+02	9.14851699e-01	7.40871044e-01	2.09972463e+04	1.70041241e+04	2.84669073e+03	2.84669073e+03	1.96255378e+03	3.67220559e+03	8.84136949e+02	8.25514863e+02
3.07200000e+02	9.16182841e-01	7.41850127e-01	2.10277981e+04	1.70265956e+04	2.84051389e+03	2.84051389e+03	1.95470722e+03	3.66757985e+03	8.85806667e+02	8.27065957e+02
3.07300000e+02	9.17508471e-01	7.42825799e-01	2.10582233e+04	1.70489887e+04	2.83442962e+03	2.83442962e+03	1.94696263e+03	3.66303797e+03	8.87466983e+02	8.28608355e+02
3.07400000e+02	9.18829708e-01	7.43798011e-01	2.10885477e+04	1.70713025e+04	2.82834202e+03	2.82834202e+03	1.93921935e+03	3.65848846e+03	8.89122670e+02	8.30146439e+02
3.07500000e+02	9.20147147e-01	7.44767549e-01	2.11187850e+04	1.70935549e+04	2.82228440e+03	2.82228440e+03	1.93151126e+03	3.65396408e+03	8.90773133e+02	8.31679679e+02
3.07600000e+02	9.21461481e-01	7.45735250e-01	2.11489510e+04	1.71157651e+04	2.81628783e+03	2.81628783e+03	1.92386986e+03	3.64949555e+03	8.92417969e+02	8.33207718e+02
3.07700000e+02	9.22773497e-01	7.46702004e-01	2.11790637e+04	1.71379536e+04	2.81038118e+03	2.81038118e+03	1.91632422e+03	3.64511155e+03	8.94056957e+02	8.34730372e+02
3.07800000e+02	9.24077410e-01	7.47659230e-01	2.12089905e+04	1.71599234e+04	2.80413971e+03	2.80413971e+03	1.90844010e+03	3.64039592e+03	8.95699614e+02	8.36256214e+02
3.07900000e+02	9.25372263e-01	7.48607603e-01	2.12387094e+04	1.71816900e+04	2.79771200e+03	2.79771200e+03	1.90037262e+03	3.63549124e+03	8.97339385e+02	8.37779240e+02
3.08000000e+02	9.26657591e-01	7.49545592e-01	2.12682096e+04	1.72032183e+04	2.79097612e+03	2.79097612e+03	1.89199582e+03	3.63027923e+03	8.98980297e+02	8.39303117e+02
3.08100000e+02	9.27932954e-01	7.50471481e-01	2.12974812e+04	1.72244688e+04	2.78378873e+03	2.78378873e+03	1.88316153e+03	3.62462099e+03	9.00627196e+02	8.40832263e+02
3.08200000e+02	9.29197955e-01	7.51383554e-01	2.13265149e+04	1.72454023e+04	2.77600314e+03	2.77600314e+03	1.87371804e+03	3.61837439e+03	9.02285102e+02	8.42371251e+02
3.08300000e+02	9.30452743e-01	7.52281645e-01	2.13553142e+04	1.72660149e+04	2.76758998e+03	2.76758998e+03	1.86363471e+03	3.61151121e+03	9.03955268e+02	8.43921229e+02
3.08400000e+02	9.31702852e-01	7.53180230e-01	2.13840061e+04	1.72866388e+04	2.75960911e+03	2.75960911e+03	1.85400480e+03	3.60506094e+03	9.05604314e+02	8.45451831e+02
3.08500000e+02	9.32951902e-01	7.54081878e-01	2.14126737e+04	1.73073330e+04	2.75203391e+03	2.75203391e+03	1.84479676e+03	3.59900152e+03	9.07237147e+02	8.46967608e+02
3.08600000e+02	9.34199985e-01	7.54987909e-01	2.14413191e+04	1.73281277e+04	2.74499467e+03	2.74499467e+03	1.83614564e+03	3.59345890e+03	9.08849027e+02	8.48464235e+02
3.08700000e+02	9.35447310e-01	7.55899779e-01	2.14699471e+04	1.73490566e+04	2.73862636e+03	2.73862636e+03	1.82819120e+03	3.58856371e+03	9.10435166e+02	8.49937344e+02
3.08800000e+02	9.36694200e-01	7.56819081e-01	2.14985652e+04	1.73701559e+04	2.73306867e+03	2.73306867e+03	1.82107794e+03	3.58445119e+03	9.11990728e+02	8.51382526e+02
3.08900000e+02	9.37939350e-01	7.57743126e-01	2.15271433e+04	1.73913642e+04	2.72814749e+03	2.72814749e+03	1.81462673e+03	3.58095186e+03	9.13520764e+02	8.52804366e+02
3.09000000e+02	9.39178894e-01	7.58664532e-01	2.15555927e+04	1.74125119e+04	2.72340711e+03	2.72340711e+03	1.80836909e+03	3.57762154e+03	9.15038020e+02	8.54214427e+02
3.09100000e+02	9.40412034e-01	7.59583832e-01	2.15838952e+04	1.74336112e+04	2.71896821e+03	2.71896821e+03	1.80243106e+03	3.57457602e+03	9.16537149e+02	8.55607809e+02
3.09200000e+02	9.41638684e-01	7.60500013e-01	2.16120486e+04	1.74546390e+04	2.71473193e+03	2.71473193e+03	1.79671020e+03	3.57171971e+03	9.18021729e+02	8.56987778e+02
3.09300000e+02	9.42858827e-01	7.61412116e-01	2.16400528e+04	1.74755731e+04	2.71059981e+03	2.71059981e+03	1.79110440e+03	3.56895746e+03	9.19495401e+02	8.58357657e+02
3.09400000e+02	9.44072517e-01	7.62319244e-01	2.16679089e+04	1.74963931e+04	2.70647373e+03	2.70647373e+03	1.78551187e+03	3.56619456e+03	9.20961866e+02	8.59720828e+02
3.09500000e+02	9.45284491e-01	7.63222391e-01	2.16957255e+04	1.75171217e+04	2.70207202e+03	2.70207202e+03	1.77963531e+03	3.56316364e+03	9.22436711e+02	8.61091615e+02
3.09600000e+02	9.46501460e-01	7.64122534e-01	2.17236568e+04	1.75377814e+04	2.69695037e+03	2.69695037e+03	1.77300667e+03	3.55944222e+03	9.23943702e+02	8.62491852e+02
3.09700000e+02	9.47725922e-01	7.65019563e-01	2.17517601e+04	1.75583696e+04	2.69089413e+03	2.69089413e+03	1.76540061e+03	3.55482546e+03	9.25493513e+02	8.63931336e+02
3.09800000e+02	9.48959188e-01	7.65913461e-01	2.17800654e+04	1.75788859e+04	2.68379482e+03	2.68379482e+03	1.75670323e+03	3.54920989e+03	9.27091592e+02	8.65415066e+02
3.09900000e+02	9.50202725e-01	7.66804293e-01	2.18086065e+04	1.75993318e+04	2.67553988e+03	2.67553988e+03	1.74679617e+03	3.54248822e+03	9.28743708e+02	8.66948339e+02
3.10000000e+02	9.51458155e-01	7.67692205e-01	2.18374205e+04	1.76197108e+04	2.66601258e+03	2.66601258e+03	1.73555663e+03	3.53454932e+03	9.30455949e+02	8.68536747e+02
3.10100000e+02	9.52709306e-01	7.68571295e-01	2.18661364e+04	1.76398873e+04	2.65591314e+03	2.65591314e+03	1.72372833e+03	3.52605338e+03	9.32184812e+02	8.70140245e+02
3.10200000e+02	9.53956944e-01	7.69440352e-01	2.18947716e+04	1.76598334e+04	2.64505281e+03	2.64505281e+03	1.71111467e+03	3.51681881e+03	9.33938134e+02	8.71766006e+02
3.10300000e+02	9.55198235e-01	7.70298180e-01	2.19232611e+04	1.76795219e+04	2.63353751e+03	2.63353751e+03	1.69782860e+03	3.50694509e+03	9.35708915e+02	8.73407581e+02
3.10400000e+02	9.56429362e-01	7.71143433e-01	2.19515173e+04	1.76989218e+04	2.62153746e+03	2.62153746e+03	1.68405076e+03	3.49659282e+03	9.37486705e+02	8.75055352e+02
3.10500000e+02	9.57646574e-01	7.71974809e-01	2.19794542e+04	1.77180031e+04	2.60922187e+03	2.60922187e+03	1.66996072e+03	3.48592167e+03	9.39261158e+02	8.76699799e+02
3.10600000e+02	9.58846324e-01	7.72791139e-01	2.20069903e+04	1.77367391e+04	2.59675764e+03	2.59675764e+03	1.65573540e+03	3.47508932e+03	9.41022240e+02	8.78331689e+02
3.10700000e+02	9.60031753e-01	7.73596428e-01	2.20341977e+04	1.77552217e+04	2.58430695e+03	2.58430695e+03	1.64153963e+03	3.46425564e+03	9.42767320e+02	8.79948683e+02
3.10800000e+02	9.61197913e-01	7.74392367e-01	2.20609629e+04	1.77734898e+04	2.57244868e+03	2.57244868e+03	1.62797913e+03	3.45397485e+03	9.44469550e+02	8.81526168e+02
3.10900000e+02	9.62343359e-01	7.75178302e-01	2.20872526e+04	1.77915282e+04	2.56123237e+03	2.56123237e+03	1.61510685e+03	3.44429338e+03	9.46125523e+02	8.83061005e+02
3.11000000e+02	9.63466730e-01	7.75953673e-01	2.21130357e+04	1.78093241e+04	2.55071036e+03	2.55071036e+03	1.60297854e+03	3.43526041e+03	9.47731823e+02	8.84550048e+02
3.11100000e+02	9.64566751e-01	7.76718015e-01	2.21382829e+04	1.78268669e+04	2.54093773e+03	2.54093773e+03	1.59165271e+03	3.42692787e+03	9.49285023e+02	8.85990143e+02
3.11200000e+02	9.65644520e-01	7.77471660e-01	2.21630193e+04	1.78441642e+04	2.53185988e+03	2.53185988e+03	1.58107153e+03	3.41924413e+03	9.50788342e+02	8.87384249e+02
3.11300000e+02	9.66705217e-01	7.78216620e-01	2.21873639e+04	1.78612622e+04	2.52326525e+03	2.52326525e+03	1.57101001e+03	3.41201002e+03	9.52255241e+02	8.88744762e+02
3.11400000e+02	9.67748395e-01	7.78953467e-01	2.22113065e+04	1.78781740e+04	2.51524972e+03	2.51524972e+03	1.56156805e+03	3.40531770e+03	9.53681676e+02	8.90067980e+02
3.11500000e+02	9.68775212e-01	7.79682546e-01	2.22348735e+04	1.78949075e+04	2.50775518e+03	2.50775518e+03	1.55268413e+03	3.39911222e+03	9.55071056e+02	8.91357038e+02
3.11600000e+02	9.69786954e-01	7.80404317e-01	2.22580945e+04	1.79114732e+04	2.50072493e+03	2.50072493e+03	1.54429805e+03	3.39334009e+03	9.56426881e+02	8.92615159e+02
3.11700000e+02	9.70785041e-01	7.81119357e-01	2.22810021e+04	1.79278845e+04	2.49410369e+03	2.49410369e+03	1.53635095e+03	3.38794933e+03	9.57752740e+02	8.93845646e+02
3.11800000e+02	9.71768309e-01	7.81825374e-01	2.23035696e+04	1.79440886e+04	2.48774695e+03	2.48774695e+03	1.52869421e+03	3.38279918e+03	9.59052740e+02	8.95052228e+02
3.11900000e+02	9.72740506e-01	7.82521140e-01	2.23258831e+04	1.79600575e+04	2.48122165e+03	2.48122165e+03	1.52087463e+03	3.37747502e+03	9.60347022e+02	8.96253368e+02
3.12000000e+02	9.73705027e-01	7.83207223e-01	2.23480203e+04	1.79758042e+04	2.47431073e+03	2.47431073e+03	1.51266341e+03	3.37177058e+03	9.61647322e+02	8.97459848e+02
3.12100000e+02	9.74660873e-01	7.83882909e-01	2.23699584e+04	1.79913122e+04	2.46702125e+03	2.46702125e+03	1.50406895e+03	3.36569167e+03	9.62952295e+02	8.98670424e+02
3.12200000e+02	9.75607214e-01	7.84547586e-01	2.23916784e+04	1.80065676e+04	2.45935648e+03	2.45935648e+03	1.49509556e+03	3.35924063e+03	9.64260924e+02	8.99884147e+02
3.12300000e+02	9.76543394e-01	7.85200734e-01	2.24131651e+04	1.80215583e+04	2.45131596e+03	2.45131596e+03	1.48574345e+03	3.35241633e+03	9.65572514e+02	9.01100370e+02
3.12400000e+02	9.77467327e-01	7.85843927e-01	2.24343708e+04	1.80363206e+04	2.44323337e+03	2.44323337e+03	1.47636096e+03	3.34553905e+03	9.66872417e+02	9.02305679e+02
3.12500000e+02	9.78377782e-01	7.86481720e-01	2.24552672e+04	1.80509589e+04	2.43568423e+03	2.43568423e+03	1.46754631e+03	3.33916354e+03	9.68137922e+02	9.03479311e+02
3.12600000e+02	9.79274189e-01	7.87114454e-01	2.24758411e+04	1.80654811e+04	2.42875039e+03	2.42875039e+03	1.45938501e+03	3.33336831e+03	9.69365373e+02	9.04617919e+02
3.12700000e+02	9.80156134e-01	7.87741626e-01	2.24960831e+04	1.80798757e+04	2.42241322e+03	2.42241322e+03	1.45185821e+03	3.32813494e+03	9.70555015e+02	9.05721716e+02
3.12800000e+02	9.81023358e-01	7.88362892e-01	2.25159872e+04	1.80941347e+04	2.41665767e+03	2.41665767e+03	1.44495054e+03	3.32344862e+03	9.71707126e+02	9.06790953e+02
3.12900000e+02	9.81875757e-01	7.88978059e-01	2.25355511e+04	1.81082537e+04	2.41147220e+03	2.41147220e+03	1.43865017e+03	3.31929811e+03	9.72822023e+02	9.07825915e+02
3.13000000e+02	9.82713147e-01	7.89583653e-01	2.25547704e+04	1.81221530e+04	2.40650950e+03	2.40650950e+03	1.43259710e+03	3.31534770e+03	9.73912405e+02	9.08838195e+02
3.13100000e+02	9.83539901e-01	7.90182778e-01	2.25737457e+04	1.81359039e+04	2.40173735e+03	2.40173735e+03	1.42675315e+03	3.31157064e+03	9.74984202e+02	9.09833293e+02
3.13200000e+02	9.84355340e-01	7.90774120e-01	2.25924613e+04	1.81494761e+04	2.39707394e+03	2.39707394e+03	1.42103422e+03	3.30788724e+03	9.76039717e+02	9.10813299e+02
3.13300000e+02	9.85158973e-01	7.91356526e-01	2.26109059e+04	1.81628432e+04	2.39243899e+03	2.39243899e+03	1.41535759e+03	3.30421943e+03	9.77081401e+02	9.11780441e+02
3.13400000e+02	9.85950502e-01	7.91929008e-01	2.26290727e+04	1.81759825e+04	2.38775374e+03	2.38775374e+03	1.40964188e+03	3.30049083e+03	9.78111857e+02	9.12737090e+02
3.13500000e+02	9.86728963e-01	7.92490417e-01	2.26469395e+04	1.81888677e+04	2.38297667e+03	2.38297667e+03	1.40384509e+03	3.29666035e+03	9.79131583e+02	9.13683681e+02
3.13600000e+02	9.87494461e-01	7.93039030e-01	2.26645089e+04	1.82014592e+04	2.37791937e+03	2.37791937e+03	1.39777168e+03	3.29254608e+03	9.80147691e+02	9.14626711e+02
3.13700000e+02	9.88255472e-01	7.93574930e-01	2.26819753e+04	1.82137589e+04	2.37190100e+03	2.37190100e+03	1.39070636e+03	3.28749881e+03	9.81194642e+02	9.15597812e+02
3.13800000e+02	9.89008772e-01	7.94097169e-01	2.26992647e+04	1.82257451e+04	2.36508500e+03	2.36508500e+03	1.38282212e+03	3.28167319e+03	9.82262875e+02	9.16588190e+02
3.13900000e+02	9.89751412e-01	7.94604964e-01	2.27163094e+04	1.82373998e+04	2.35762939e+03	2.35762939e+03	1.37428606e+03	3.27521891e+03	9.83343330e+02	9.17589515e+02
3.14000000e+02	9.90480718e-01	7.95097689e-01	2.27330481e+04	1.82487086e+04	2.34968680e+03	2.34968680e+03	1.36525936e+03	3.26828072e+03	9.84427446e+02	9.18593915e+02
3.14100000e+02	9.91194756e-01	7.95573723e-01	2.27494363e+04	1.82596343e+04	2.34124519e+03	2.34124519e+03	1.35573161e+03	3.26084504e+03	9.85513576e+02	9.19599851e+02
3.14200000e+02	9.91894495e-01	7.96033312e-01	2.27654964e+04	1.82701826e+04	2.33225169e+03	2.33225169e+03	1.34564695e+03	3.25286178e+03	9.86604734e+02	9.20610091e+02
3.14300000e+02	9.92579983e-01	7.96477495e-01	2.27812294e+04	1.82803773e+04	2.32281049e+03	2.32281049e+03	1.33511339e+03	3.24443164e+03	9.87697100e+02	9.21621151e+02
3.14400000e+02	9.93248936e-01	7.96904830e-01	2.27965829e+04	1.82901852e+04	2.31295713e+03	2.31295713e+03	1.32417025e+03	3.23558665e+03	9.88786884e+02	9.22629522e+02
3.14500000e+02	9.93899389e-01	7.97314056e-01	2.28115118e+04	1.82995776e+04	2.30271995e+03	2.30271995e+03	1.31284904e+03	3.22635221e+03	9.89870907e+02	9.23632265e+02
3.14600000e+02	9.94529702e-01	7.97704096e-01	2.28259784e+04	1.83085296e+04	2.29212013e+03	2.29212013e+03	1.30117352e+03	3.21674714e+03	9.90946607e+02	9.24627007e+02
3.14700000e+02	9.95136067e-01	7.98074079e-01	2.28398954e+04	1.83170213e+04	2.28137654e+03	2.28137654e+03	1.28937480e+03	3.20697903e+03	9.92001736e+02	9.25602487e+02
3.14800000e+02	9.95712270e-01	7.98428430e-01	2.28531202e+04	1.83251542e+04	2.27145654e+03	2.27145654e+03	1.27846290e+03	3.19797618e+03	9.92993641e+02	9.26519640e+02
3.14900000e+02	9.96256482e-01	7.98767266e-01	2.28656107e+04	1.83329310e+04	2.26252113e+03	2.26252113e+03	1.26860677e+03	3.18989229e+03	9.93914360e+02	9.27371158e+02
3.15000000e+02	9.96768513e-01	7.99088864e-01	2.28773626e+04	1.83403122e+04	2.25440612e+03	2.25440612e+03	1.25963633e+03	3.18256854e+03	9.94769788e+02	9.28162421e+02
3.15100000e+02	9.97248430e-01	7.99391744e-01	2.28883774e+04	1.83472637e+04	2.24695153e+03	2.24695153e+03	1.25138559e+03	3.17585045e+03	9.95565938e+02	9.28898919e+02
3.15200000e+02	9.97696554e-01	7.99674663e-01	2.28986625e+04	1.83537571e+04	2.24000165e+03	2.24000165e+03	1.24369270e+03	3.16958791e+03	9.96308944e+02	9.29586259e+02
3.15300000e+02	9.98105033e-01	7.99935109e-01	2.29080378e+04	1.83597348e+04	2.23393323e+03	2.23393323e+03	1.23695692e+03	3.16413698e+03	9.96976314e+02	9.30203750e+02
3.15400000e+02	9.98476577e-01	8.00166954e-01	2.29165653e+04	1.83650560e+04	2.22788669e+03	2.22788669e+03	1.23028379e+03	3.15866997e+03	9.97602906e+02	9.30783272e+02
3.15500000e+02	9.98809619e-01	8.00370274e-01	2.29242091e+04	1.83697225e+04	2.22199718e+03	2.22199718e+03	1.22381517e+03	3.15331585e+03	9.98182009e+02	9.31318665e+02
3.15600000e+02	9.99102714e-01	8.00545451e-01	2.29309361e+04	1.83737431e+04	2.21642238e+03	2.21642238e+03	1.21771618e+03	3.14822550e+03	9.98706199e+02	9.31803123e+02
3.15700000e+02	9.99354643e-01	8.00693054e-01	2.29367182e+04	1.83771308e+04	2.21132075e+03	2.21132075e+03	1.21215248e+03	3.14355080e+03	9.99168272e+02	9.32230044e+02
3.15800000e+02	9.99564881e-01	8.00813506e-01	2.29415435e+04	1.83798953e+04	2.20677903e+03	2.20677903e+03	1.20721459e+03	3.13937499e+03	9.99564440e+02	9.32595958e+02
3.15900000e+02	9.99735161e-01	8.00905144e-01	2.29454517e+04	1.83819986e+04	2.20248293e+03	2.20248293e+03	1.20257468e+03	3.13539620e+03	9.99908250e+02	9.32913270e+02
3.16000000e+02	9.99862317e-01	8.00968239e-01	2.29483701e+04	1.83834467e+04	2.19871821e+03	2.19871821e+03	1.19853255e+03	3.13188731e+03	1.00018566e+03	9.33169099e+02
3.16100000e+02	9.99947736e-01	8.01003664e-01	2.29503306e+04	1.83842598e+04	2.19546308e+03	2.19546308e+03	1.19506409e+03	3.12882866e+03	1.00039899e+03	9.33365580e+02
3.16200000e+02	9.99993023e-01	8.01012456e-01	2.29513700e+04	1.83844615e+04	2.19269509e+03	2.19269509e+03	1.19214429e+03	3.12620018e+03	1.00055080e+03	9.33505094e+02
3.16300000e+02	1.00000000e+00	8.00995813e-01	2.29515302e+04	1.83840796e+04	2.19039110e+03	2.19039110e+03	1.18974717e+03	3.12398136e+03	1.00064392e+03	9.33590260e+02
3.16400000e+02	9.99971497e-01	8.00954913e-01	2.29508760e+04	1.83831408e+04	2.18844362e+03	2.18844362e+03	1.18775820e+03	3.12207120e+03	1.00068542e+03	9.33627576e+02
3.16500000e+02	9.99913436e-01	8.00895618e-01	2.29495434e+04	1.83817799e+04	2.18698221e+03	2.18698221e+03	1.18630533e+03	3.12060082e+03	1.00067688e+03	9.33618618e+02
3.16600000e+02	9.99830792e-01	8.00824292e-01	2.29476466e+04	1.83801429e+04	2.18626625e+03	2.18626625e+03	1.18565220e+03	3.11982585e+03	1.00061405e+03	9.33559603e+02
3.16700000e+02	9.99725762e-01	8.00740543e-01	2.29452360e+04	1.83782207e+04	2.18607572e+03	2.18607572e+03	1.18556823e+03	3.11953592e+03	1.00050748e+03	9.33460208e+02
3.16800000e+02	9.99600816e-01	8.00644223e-01	2.29423683e+04	1.83760100e+04	2.18619436e+03	2.18619436e+03	1.18582648e+03	3.11952462e+03	1.00036788e+03	9.33330256e+02
3.16900000e+02	9.99458696e-01	8.00535433e-01	2.29391064e+04	1.83735131e+04	2.18640973e+03	2.18640973e+03	1.18620362e+03	3.11958945e+03	1.00020611e+03	9.33179712e+02
3.17000000e+02	9.99295846e-01	8.00412545e-01	2.29353687e+04	1.83706927e+04	2.18684109e+03	2.18684109e+03	1.18682721e+03	3.11984204e+03	1.00001388e+03	9.33000952e+02
3.17100000e+02	9.99115963e-01	8.00274414e-01	2.29312402e+04	1.83675223e+04	2.18706827e+03	2.18706827e+03	1.18725746e+03	3.11988022e+03	9.99810814e+02	9.32811949e+02
3.17200000e+02	9.98922121e-01	8.00121252e-01	2.29267912e+04	1.83640070e+04	2.18686326e+03	2.18686326e+03	1.18725457e+03	3.11948679e+03	9.99608692e+02	9.32623534e+02
3.17300000e+02	9.98714116e-01	7.99953493e-01	2.29220171e+04	1.83601567e+04	2.18628796e+03	2.18628796e+03	1.18688296e+03	3.11872136e+03	9.99404998e+02	9.32433401e+02
3.17400000e+02	9.98492016e-01	7.99771798e-01	2.29169196e+04	1.83559865e+04	2.18540565e+03	2.18540565e+03	1.18620820e+03	3.11764513e+03	9.99197456e+02	9.32239474e+02
3.17500000e+02	9.98256160e-01	7.99577050e-01	2.29115063e+04	1.83515168e+04	2.18428099e+03	2.18428099e+03	1.18529696e+03	3.11632089e+03	9.98984033e+02	9.32039901e+02
3.17600000e+02	9.98007158e-01	7.99365815e-01	2.29057914e+04	1.83466686e+04	2.18250603e+03	2.18250603e+03	1.18372549e+03	3.11435516e+03	9.98780539e+02	9.31849133e+02
3.17700000e+02	9.97752147e-01	7.99142178e-01	2.28999385e+04	1.83415358e+04	2.17992625e+03	2.17992625e+03	1.18132581e+03	3.11160585e+03	9.98600436e+02	9.31679601e+02
3.17800000e+02	9.97491594e-01	7.98906137e-01	2.28939584e+04	1.83361183e+04	2.17650336e+03	2.17650336e+03	1.17805771e+03	3.10803644e+03	9.98445652e+02	9.31533076e+02
3.17900000e+02	9.97225544e-01	7.98657366e-01	2.28878522e+04	1.83304086e+04	2.17219976e+03	2.17219976e+03	1.17388213e+03	3.10361064e+03	9.98317632e+02	9.31410878e+02
3.18000000e+02	9.96954371e-01	7.98395769e-01	2.28816283e+04	1.83244046e+04	2.16697489e+03	2.16697489e+03	1.16875660e+03	3.09828965e+03	9.98218286e+02	9.31314759e+02
3.18100000e+02	9.96678501e-01	7.98121226e-01	2.28752967e+04	1.83181034e+04	2.16078177e+03	2.16078177e+03	1.16263195e+03	3.09202851e+03	9.98149821e+02	9.31246742e+02
3.18200000e+02	9.96395216e-01	7.97830267e-01	2.28687949e+04	1.83114254e+04	2.15347932e+03	2.15347932e+03	1.15536478e+03	3.08468819e+03	9.98114538e+02	9.31208872e+02
3.18300000e+02	9.96113391e-01	7.97527746e-01	2.28623265e+04	1.83044821e+04	2.14485190e+03	2.14485190e+03	1.14672185e+03	3.07606930e+03	9.98130045e+02	9.31217406e+02
3.18400000e+02	9.95831489e-01	7.97212207e-01	2.28558565e+04	1.82972400e+04	2.13487258e+03	2.13487258e+03	1.13667690e+03	3.06614429e+03	9.98195683e+02	9.31271710e+02
3.18500000e+02	9.95548358e-01	7.96882444e-01	2.28493582e+04	1.82896714e+04	2.12350945e+03	2.12350945e+03	1.12519806e+03	3.05488115e+03	9.98311388e+02	9.31371703e+02
3.18600000e+02	9.95263221e-01	7.96537498e-01	2.28428138e+04	1.82817544e+04	2.11072552e+03	2.11072552e+03	1.11224783e+03	3.04224338e+03	9.98477694e+02	9.31517857e+02
3.18700000e+02	9.94971026e-01	7.96176193e-01	2.28361075e+04	1.82734619e+04	2.09680927e+03	2.09680927e+03	1.09813085e+03	3.02850457e+03	9.98678422e+02	9.31695297e+02
3.18800000e+02	9.94650961e-01	7.95791939e-01	2.28287615e+04	1.82646427e+04	2.08276681e+03	2.08276681e+03	1.08391313e+03	3.01461573e+03	9.98853680e+02	9.31848928e+02
3.18900000e+02	9.94288947e-01	7.95377315e-01	2.28204528e+04	1.82551264e+04	2.06896939e+03	2.06896939e+03	1.06999494e+03	3.00092136e+03	9.98974450e+02	9.31951971e+02
3.19000000e+02	9.93886796e-01	7.94934645e-01	2.28112228e+04	1.82449665e+04	2.05551229e+03	2.05551229e+03	1.05647314e+03	2.98751531e+03	9.99039150e+02	9.32003019e+02
3.19100000e+02	9.93446402e-01	7.94466382e-01	2.28011150e+04	1.82342191e+04	2.04249719e+03	2.04249719e+03	1.04345113e+03	2.97449772e+03	9.99046055e+02	9.32000533e+02
3.19200000e+02	9.92969744e-01	7.93975106e-01	2.27901750e+04	1.82229436e+04	2.03003215e+03	2.03003215e+03	1.03103886e+03	2.96197499e+03	9.98993291e+02	9.31942844e+02
3.19300000e+02	9.92456011e-01	7.93460643e-01	2.27783841e+04	1.82111359e+04	2.01816502e+03	2.01816502e+03	1.01928682e+03	2.94999254e+03	9.98878205e+02	9.31827512e+02
3.19400000e+02	9.91913085e-01	7.92928771e-01	2.27659231e+04	1.81989286e+04	2.00685724e+03	2.00685724e+03	1.00814648e+03	2.93852102e+03	9.98710757e+02	9.31663788e+02
3.19500000e+02	9.91346001e-01	7.92384052e-01	2.27529076e+04	1.81864265e+04	1.99617498e+03	1.99617498e+03	9.97681044e+02	2.92762948e+03	9.98493936e+02	9.31454503e+02
3.19600000e+02	9.90753026e-01	7.91826448e-01	2.27392980e+04	1.81736286e+04	1.98625537e+03	1.98625537e+03	9.88034600e+02	2.91744863e+03	9.98220775e+02	9.31193259e+02
3.19700000e+02	9.90132598e-01	7.91256096e-01	2.27250582e+04	1.81605382e+04	1.97723985e+03	1.97723985e+03	9.79355523e+02	2.90811354e+03	9.97884329e+02	9.30873687e+02
3.19800000e+02	9.89483326e-01	7.90673309e-01	2.27101564e+04	1.81471623e+04	1.96927416e+03	1.96927416e+03	9.71796484e+02	2.89976360e+03	9.97477680e+02	9.30489440e+02
3.19900000e+02	9.88808144e-01	7.90072340e-01	2.26946599e+04	1.81333691e+04	1.96151996e+03	1.96151996e+03	9.64484822e+02	2.89159187e+03	9.97035142e+02	9.30071908e+02
3.20000000e+02	9.88104243e-01	7.89445937e-01	2.26785043e+04	1.81189922e+04	1.95344933e+03	1.95344933e+03	9.56876042e+02	2.88308549e+03	9.96573284e+02	9.29636162e+02
3.20100000e+02	9.87371926e-01	7.88793504e-01	2.26616965e+04	1.81040179e+04	1.94497540e+03	1.94497540e+03	9.48879743e+02	2.87416085e+03	9.96095658e+02	9.29185453e+02
3.20200000e+02	9.86612504e-01	7.88115516e-01	2.26442666e+04	1.80884570e+04	1.93604121e+03	1.93604121e+03	9.40435406e+02	2.86476424e+03	9.95605800e+02	9.28723034e+02
3.20300000e+02	9.85827457e-01	7.87412521e-01	2.26262486e+04	1.80723222e+04	1.92658317e+03	1.92658317e+03	9.31475495e+02	2.85483572e+03	9.95107673e+02	9.28252554e+02
3.20400000e+02	9.85018439e-01	7.86685134e-01	2.26076804e+04	1.80556276e+04	1.91653112e+03	1.91653112e+03	9.21925448e+02	2.84430918e+03	9.94605672e+02	9.27778058e+02
3.20500000e+02	9.84181205e-01	7.85940476e-01	2.25884646e+04	1.80385365e+04	1.90697339e+03	1.90697339e+03	9.12918612e+02	2.83423175e+03	9.94054780e+02	9.27258359e+02
3.20600000e+02	9.83309634e-01	7.85185875e-01	2.25684607e+04	1.80212173e+04	1.89917247e+03	1.89917247e+03	9.05770982e+02	2.82581694e+03	9.93401485e+02	9.26644477e+02
3.20700000e+02	9.82406429e-01	7.84422096e-01	2.25477308e+04	1.80036874e+04	1.89298812e+03	1.89298812e+03	9.00334204e+02	2.81893201e+03	9.92653919e+02	9.25943889e+02
3.20800000e+02	9.81474360e-01	7.83650066e-01	2.25263384e+04	1.79859681e+04	1.88829175e+03	1.88829175e+03	8.96471896e+02	2.81345550e+03	9.91819854e+02	9.25163749e+02
3.20900000e+02	9.80516261e-01	7.82870873e-01	2.25043485e+04	1.79680844e+04	1.88496635e+03	1.88496635e+03	8.94059650e+02	2.80927723e+03	9.90906703e+02	9.24310880e+02
3.21000000e+02	9.79536254e-01	7.82085894e-01	2.24818559e+04	1.79500680e+04	1.88282000e+03	1.88282000e+03	8.92893938e+02	2.80621594e+03	9.89926057e+02	9.23395948e+02
3.21100000e+02	9.78546104e-01	7.81295597e-01	2.24591304e+04	1.79319294e+04	1.88094418e+03	1.88094418e+03	8.92019790e+02	2.80340579e+03	9.88924387e+02	9.22461617e+02
3.21200000e+02	9.77558423e-01	7.80498815e-01	2.24364616e+04	1.79136421e+04	1.87819102e+03	1.87819102e+03	8.90233042e+02	2.79975054e+03	9.87957974e+02	9.21559527e+02
3.21300000e+02	9.76574574e-01	7.79698335e-01	2.24138808e+04	1.78952698e+04	1.87474010e+03	1.87474010e+03	8.87718478e+02	2.79542507e+03	9.87021625e+02	9.20684963e+02
3.21400000e+02	9.75596144e-01	7.78897069e-01	2.23914243e+04	1.78768796e+04	1.87076640e+03	1.87076640e+03	8.84655843e+02	2.79059999e+03	9.86110556e+02	9.19833589e+02
3.21500000e+02	9.74624938e-01	7.78098060e-01	2.23691336e+04	1.78585411e+04	1.86644024e+03	1.86644024e+03	8.81219842e+02	2.78544168e+03	9.85220394e+02	9.19001448e+02
3.21600000e+02	9.73660488e-01	7.77298742e-01	2.23469980e+04	1.78401955e+04	1.86153195e+03	1.86153195e+03	8.77172789e+02	2.77972781e+03	9.84359164e+02	9.18195859e+02
3.21700000e+02	9.72700084e-01	7.76495590e-01	2.23249553e+04	1.78217619e+04	1.85589455e+03	1.85589455e+03	8.72365156e+02	2.77331362e+03	9.83529393e+02	9.17419073e+02
3.21800000e+02	9.71744218e-01	7.75690434e-01	2.23030167e+04	1.78032824e+04	1.84967883e+03	1.84967883e+03	8.66952821e+02	2.76634531e+03	9.82726012e+02	9.16666473e+02
3.21900000e+02	9.70795042e-01	7.74883865e-01	2.22812317e+04	1.77847704e+04	1.84277131e+03	1.84277131e+03	8.60815744e+02	2.75871539e+03	9.81955565e+02	9.15944077e+02
3.22000000e+02	9.69854869e-01	7.74076534e-01	2.22596533e+04	1.77662409e+04	1.83505162e+03	1.83505162e+03	8.53826598e+02	2.75030992e+03	9.81225025e+02	9.15258298e+02
3.22100000e+02	9.68926170e-01	7.73269148e-01	2.22383382e+04	1.77477102e+04	1.82639257e+03	1.82639257e+03	8.45850775e+02	2.74100850e+03	9.80541790e+02	9.14615939e+02
3.22200000e+02	9.68004041e-01	7.72462474e-01	2.22171739e+04	1.77291958e+04	1.81727323e+03	1.81727323e+03	8.37390470e+02	2.73126904e+03	9.79882759e+02	9.13995811e+02
3.22300000e+02	9.67087712e-01	7.71656243e-01	2.21961428e+04	1.77106915e+04	1.80772794e+03	1.80772794e+03	8.28482112e+02	2.72112391e+03	9.79245826e+02	9.13395974e+02
3.22400000e+02	9.66178131e-01	7.70851255e-01	2.21752665e+04	1.76922158e+04	1.79776345e+03	1.79776345e+03	8.19131691e+02	2.71058061e+03	9.78631763e+02	9.12817154e+02
3.22500000e+02	9.65275865e-01	7.70048738e-01	2.21545581e+04	1.76737968e+04	1.78746137e+03	1.78746137e+03	8.09423211e+02	2.69971852e+03	9.78038155e+02	9.12257155e+02
3.22600000e+02	9.64381579e-01	7.69249962e-01	2.21340329e+04	1.76554637e+04	1.77690023e+03	1.77690023e+03	7.99437427e+02	2.68861421e+03	9.77462803e+02	9.11713985e+02
3.22700000e+02	9.63496035e-01	7.68456246e-01	2.21137083e+04	1.76372467e+04	1.76615558e+03	1.76615558e+03	7.89251851e+02	2.67734143e+03	9.76903726e+02	9.11185849e+02
3.22800000e+02	9.62612363e-01	7.67663374e-01	2.20934267e+04	1.76190491e+04	1.75534664e+03	1.75534664e+03	7.78997581e+02	2.66600842e+03	9.76349061e+02	9.10661779e+02
3.22900000e+02	9.61717660e-01	7.66871619e-01	2.20728919e+04	1.76008771e+04	1.74555192e+03	1.74555192e+03	7.69807133e+02	2.65564412e+03	9.75744791e+02	9.10092196e+02
3.23000000e+02	9.60813841e-01	7.66081168e-01	2.20521478e+04	1.75827350e+04	1.73663507e+03	1.73663507e+03	7.61537015e+02	2.64611872e+03	9.75098052e+02	9.09483656e+02
3.23100000e+02	9.59902760e-01	7.65292217e-01	2.20312371e+04	1.75646274e+04	1.72846557e+03	1.72846557e+03	7.54049869e+02	2.63730802e+03	9.74415697e+02	9.08842452e+02
3.23200000e+02	9.58986208e-01	7.64504967e-01	2.20102009e+04	1.75465588e+04	1.72091876e+03	1.72091876e+03	7.47214466e+02	2.62909338e+03	9.73704293e+02	9.08174617e+02
3.23300000e+02	9.58064010e-01	7.63718471e-01	2.19890350e+04	1.75285075e+04	1.71391003e+03	1.71391003e+03	7.40943232e+02	2.62139287e+03	9.72966795e+02	9.07482843e+02
3.23400000e+02	9.57129546e-01	7.62926840e-01	2.19675876e+04	1.75103384e+04	1.70736374e+03	1.70736374e+03	7.35164894e+02	2.61412677e+03	9.72198849e+02	9.06763024e+02
3.23500000e+02	9.56190499e-01	7.62130832e-01	2.19460351e+04	1.74920688e+04	1.70073376e+03	1.70073376e+03	7.29304711e+02	2.60677519e+03	9.71429053e+02	9.06041424e+02
3.23600000e+02	9.55243504e-01	7.61328616e-01	2.19243001e+04	1.74736567e+04	1.69410276e+03	1.69410276e+03	7.23452063e+02	2.59941461e+03	9.70650696e+02	9.05311849e+02
3.23700000e+02	9.54285150e-01	7.60518337e-01	2.19023044e+04	1.74550595e+04	1.68755507e+03	1.68755507e+03	7.17698118e+02	2.59212307e+03	9.69856953e+02	9.04568000e+02
3.23800000e+02	9.53311973e-01	7.59698120e-01	2.18799685e+04	1.74362343e+04	1.68117672e+03	1.68117672e+03	7.12135834e+02	2.58498018e+03	9.69040882e+02	9.03803469e+02
3.23900000e+02	9.52330145e-01	7.58871960e-01	2.18574340e+04	1.74172727e+04	1.67488230e+03	1.67488230e+03	7.06669969e+02	2.57790967e+03	9.68212334e+02	9.03027371e+02
3.24000000e+02	9.51354330e-01	7.58047749e-01	2.18350376e+04	1.73983558e+04	1.66830210e+03	1.66830210e+03	7.00901193e+02	2.57056912e+03	9.67400905e+02	9.02267026e+02
3.24100000e+02	9.50386254e-01	7.57225676e-01	2.18128188e+04	1.73794879e+04	1.66131502e+03	1.66131502e+03	6.94702053e+02	2.56284329e+03	9.66612963e+02	9.01528279e+02
3.24200000e+02	9.49426951e-01	7.56407174e-01	2.17908013e+04	1.73607021e+04	1.65398658e+03	1.65398658e+03	6.88139386e+02	2.55479653e+03	9.65847193e+02	9.00809951e+02
3.24300000e+02	9.48477596e-01	7.55593748e-01	2.17690121e+04	1.73420327e+04	1.64637824e+03	1.64637824e+03	6.81275656e+02	2.54648938e+03	9.65102582e+02	9.00111140e+02
3.24400000e+02	9.47539501e-01	7.54786972e-01	2.17474814e+04	1.73235159e+04	1.63854737e+03	1.63854737e+03	6.74168953e+02	2.53797860e+03	9.64378420e+02	8.99431226e+02
3.24500000e+02	9.46603267e-01	7.53981023e-01	2.17259934e+04	1.73050182e+04	1.63065147e+03	1.63065147e+03	6.66992785e+02	2.52940686e+03	9.63658686e+02	8.98755392e+02
3.24600000e+02	9.45664446e-01	7.53174693e-01	2.17044460e+04	1.72865117e+04	1.62292617e+03	1.62292617e+03	6.59996354e+02	2.52099734e+03	9.62929818e+02	8.98071165e+02
3.24700000e+02	9.44721982e-01	7.52368092e-01	2.16828150e+04	1.72679989e+04	1.61546911e+03	1.61546911e+03	6.53282062e+02	2.51284328e+03	9.62187044e+02	8.97374170e+02
3.24800000e+02	9.43773421e-01	7.51559747e-01	2.16610441e+04	1.72494462e+04	1.60832628e+03	1.60832628e+03	6.46900279e+02	2.50498665e+03	9.61426002e+02	8.96660373e+02
3.24900000e+02	9.42816360e-01	7.50748210e-01	2.16390781e+04	1.72308202e+04	1.60154203e+03	1.60154203e+03	6.40899583e+02	2.49746788e+03	9.60642445e+02	8.95925850e+02
3.25000000e+02	9.41848446e-01	7.49932053e-01	2.16168630e+04	1.72120881e+04	1.59515900e+03	1.59515900e+03	6.35326761e+02	2.49032578e+03	9.59832242e+02	8.95166781e+02
3.25100000e+02	9.40872137e-01	7.49115567e-01	2.15944552e+04	1.71933485e+04	1.58942480e+03	1.58942480e+03	6.30435947e+02	2.48380205e+03	9.58988858e+02	8.94377248e+02
3.25200000e+02	9.39886101e-01	7.48303763e-01	2.15718242e+04	1.71747164e+04	1.58497045e+03	1.58497045e+03	6.26883039e+02	2.47850496e+03	9.58087412e+02	8.93534509e+02
3.25300000e+02	9.38889322e-01	7.47495936e-01	2.15489466e+04	1.71561755e+04	1.58180533e+03	1.58180533e+03	6.24678870e+02	2.47444255e+03	9.57126457e+02	8.92637221e+02
3.25400000e+02	9.37880926e-01	7.46691155e-01	2.15258023e+04	1.71377046e+04	1.57990336e+03	1.57990336e+03	6.23797349e+02	2.47158875e+03	9.56106015e+02	8.91685386e+02
3.25500000e+02	9.36860121e-01	7.45888599e-01	2.15023733e+04	1.71192847e+04	1.57924320e+03	1.57924320e+03	6.24217172e+02	2.46992213e+03	9.55026024e+02	8.90678933e+02
3.25600000e+02	9.35826951e-01	7.45086978e-01	2.14786605e+04	1.71008862e+04	1.57968673e+03	1.57968673e+03	6.25795066e+02	2.46930932e+03	9.53891660e+02	8.89622589e+02
3.25700000e+02	9.34788681e-01	7.44278289e-01	2.14548306e+04	1.70823256e+04	1.57980786e+03	1.57980786e+03	6.27044105e+02	2.46837990e+03	9.52763753e+02	8.88572038e+02
3.25800000e+02	9.33742549e-01	7.43457805e-01	2.14308203e+04	1.70634942e+04	1.57933827e+03	1.57933827e+03	6.27688993e+02	2.46687187e+03	9.51649279e+02	8.87533596e+02
3.25900000e+02	9.32690954e-01	7.42624515e-01	2.14066845e+04	1.70443690e+04	1.57797734e+03	1.57797734e+03	6.27415342e+02	2.46449722e+03	9.50562001e+02	8.86519875e+02
3.26000000e+02	9.31636399e-01	7.41777438e-01	2.13824809e+04	1.70249272e+04	1.57541876e+03	1.57541876e+03	6.25902760e+02	2.46096255e+03	9.49516005e+02	8.85543787e+02
3.26100000e+02	9.30581494e-01	7.40915616e-01	2.13582692e+04	1.70051471e+04	1.57135055e+03	1.57135055e+03	6.22824854e+02	2.45596909e+03	9.48525700e+02	8.84618541e+02
3.26200000e+02	9.29523797e-01	7.40039839e-01	2.13339935e+04	1.69850467e+04	1.56605353e+03	1.56605353e+03	6.18475511e+02	2.44978568e+03	9.47578016e+02	8.83732154e+02
3.26300000e+02	9.28460237e-01	7.39155398e-01	2.13095831e+04	1.69647474e+04	1.56032982e+03	1.56032982e+03	6.13689982e+02	2.44318415e+03	9.46639836e+02	8.82854327e+02
3.26400000e+02	9.27398664e-01	7.38264985e-01	2.12852184e+04	1.69443111e+04	1.55382142e+03	1.55382142e+03	6.08088466e+02	2.43582653e+03	9.45732950e+02	8.82005113e+02
3.26500000e+02	9.26335607e-01	7.37367802e-01	2.12608196e+04	1.69237193e+04	1.54672742e+03	1.54672742e+03	6.01881204e+02	2.42790168e+03	9.44846211e+02	8.81174264e+02
3.26600000e+02	9.25267724e-01	7.36463161e-01	2.12363101e+04	1.69029564e+04	1.53924814e+03	1.53924814e+03	5.95279582e+02	2.41959976e+03	9.43968558e+02	8.80351616e+02
3.26700000e+02	9.24191793e-01	7.35550482e-01	2.12116158e+04	1.68820091e+04	1.53158514e+03	1.53158514e+03	5.88496121e+02	2.41111223e+03	9.43089022e+02	8.79527087e+02
3.26800000e+02	9.23106481e-01	7.34627771e-01	2.11867062e+04	1.68608314e+04	1.52363899e+03	1.52363899e+03	5.81429132e+02	2.40234169e+03	9.42209854e+02	8.78702706e+02
3.26900000e+02	9.22012684e-01	7.33695711e-01	2.11616019e+04	1.68394392e+04	1.51540788e+03	1.51540788e+03	5.74075794e+02	2.39328732e+03	9.41332088e+02	8.77879437e+02
3.27000000e+02	9.20908893e-01	7.32754443e-01	2.11362682e+04	1.68178357e+04	1.50702943e+03	1.50702943e+03	5.66580450e+02	2.38408052e+03	9.40448980e+02	8.77051091e+02
3.27100000e+02	9.19792375e-01	7.31802436e-01	2.11106424e+04	1.67959857e+04	1.49856631e+03	1.49856631e+03	5.59011064e+02	2.37477910e+03	9.39555248e+02	8.76212790e+02
3.27200000e+02	9.18660573e-01	7.30838285e-01	2.10846658e+04	1.67738569e+04	1.49007996e+03	1.49007996e+03	5.51434115e+02	2.36543983e+03	9.38645841e+02	8.75359872e+02
3.27300000e+02	9.17511103e-01	7.29860707e-01	2.10582837e+04	1.67514200e+04	1.48163054e+03	1.48163054e+03	5.43914593e+02	2.35611843e+03	9.37715945e+02	8.74487895e+02
3.27400000e+02	9.16340071e-01	7.28869876e-01	2.10314068e+04	1.67286789e+04	1.47355301e+03	1.47355301e+03	5.36804107e+02	2.34713459e+03	9.36748907e+02	8.73581574e+02
3.27500000e+02	9.15143140e-01	7.27869800e-01	2.10039354e+04	1.67057257e+04	1.46661845e+03	1.46661845e+03	5.30907054e+02	2.33922884e+03	9.35711394e+02	8.72610390e+02
3.27600000e+02	9.13918126e-01	7.26859631e-01	2.09758194e+04	1.66825407e+04	1.46091629e+03	1.46091629e+03	5.26318575e+02	2.33248540e+03	9.34597719e+02	8.71569107e+02
3.27700000e+02	9.12663263e-01	7.25837899e-01	2.09470184e+04	1.66590904e+04	1.45643667e+03	1.45643667e+03	5.23030333e+02	2.32689295e+03	9.33406341e+02	8.70456281e+02
3.27800000e+02	9.11376929e-01	7.24803310e-01	2.09174951e+04	1.66353450e+04	1.45317664e+03	1.45317664e+03	5.21041027e+02	2.32244702e+03	9.32135613e+02	8.69270378e+02
3.27900000e+02	9.10057791e-01	7.23754744e-01	2.08872188e+04	1.66112788e+04	1.45112788e+03	1.45112788e+03	5.20343476e+02	2.31913821e+03	9.30784401e+02	8.68010334e+02
3.28000000e+02	9.08719947e-01	7.22691109e-01	2.08565133e+04	1.65868668e+04	1.44902925e+03	1.44902925e+03	5.19614451e+02	2.31576238e+03	9.29414801e+02	8.66733128e+02
3.28100000e+02	9.07373885e-01	7.21614641e-01	2.08256191e+04	1.65621602e+04	1.44626045e+03	1.44626045e+03	5.18199245e+02	2.31173082e+03	9.28061202e+02	8.65470368e+02
3.28200000e+02	9.06019175e-01	7.20523915e-01	2.07945264e+04	1.65371264e+04	1.44270792e+03	1.44270792e+03	5.15980566e+02	2.30693339e+03	9.26727355e+02	8.64225468e+02
3.28300000e+02	9.04655718e-01	7.19417710e-01	2.07632330e+04	1.65117373e+04	1.43825244e+03	1.43825244e+03	5.12834862e+02	2.30125482e+03	9.25417580e+02	8.63002374e+02
3.28400000e+02	9.03283747e-01	7.18295013e-01	2.07317442e+04	1.64859696e+04	1.43276909e+03	1.43276909e+03	5.08632322e+02	2.29457465e+03	9.24136772e+02	8.61805558e+02
3.28500000e+02	9.01900358e-01	7.17154203e-01	2.06999933e+04	1.64597863e+04	1.42632532e+03	1.42632532e+03	5.03446033e+02	2.28695512e+03	9.22879282e+02	8.60629804e+02
3.28600000e+02	9.00496670e-01	7.15991961e-01	2.06677765e+04	1.64331111e+04	1.41929745e+03	1.41929745e+03	4.97675932e+02	2.27875085e+03	9.21621522e+02	8.59453399e+02
3.28700000e+02	8.99074432e-01	7.14807258e-01	2.06351339e+04	1.64059203e+04	1.41143578e+03	1.41143578e+03	4.91061114e+02	2.26972235e+03	9.20374662e+02	8.58286575e+02
3.28800000e+02	8.97631283e-01	7.13599245e-01	2.06020115e+04	1.63781946e+04	1.40284392e+03	1.40284392e+03	4.83711620e+02	2.25996735e+03	9.19132296e+02	8.57123437e+02
3.28900000e+02	8.96165140e-01	7.12367257e-01	2.05683612e+04	1.63499186e+04	1.39362181e+03	1.39362181e+03	4.75733352e+02	2.24958031e+03	9.17888460e+02	8.55958498e+02
3.29000000e+02	8.94674200e-01	7.11110806e-01	2.05341419e+04	1.63210811e+04	1.38386570e+03	1.38386570e+03	4.67228071e+02	2.23865237e+03	9.16637627e+02	8.54786676e+02
3.29100000e+02	8.93156168e-01	7.09830680e-01	2.04993007e+04	1.62917003e+04	1.37384412e+03	1.37384412e+03	4.58476781e+02	2.22744067e+03	9.15367341e+02	8.53596551e+02
3.29200000e+02	8.91613304e-01	7.08532342e-01	2.04638896e+04	1.62619014e+04	1.36394318e+03	1.36394318e+03	4.49877479e+02	2.21632049e+03	9.14065705e+02	8.52377307e+02
3.29300000e+02	8.90046784e-01	7.07218574e-01	2.04279356e+04	1.62317484e+04	1.35435756e+03	1.35435756e+03	4.41630794e+02	2.20548109e+03	9.12726764e+02	8.51123529e+02
3.29400000e+02	8.88454005e-01	7.05888561e-01	2.03913789e+04	1.62012226e+04	1.34521395e+03	1.34521395e+03	4.33870962e+02	2.19504225e+03	9.11342991e+02	8.49828295e+02
3.29500000e+02	8.86832698e-01	7.04541748e-01	2.03541674e+04	1.61703112e+04	1.33663905e+03	1.33663905e+03	4.26731819e+02	2.18512407e+03	9.09907228e+02	8.48485022e+02
3.29600000e+02	8.85180926e-01	7.03177837e-01	2.03162567e+04	1.61390073e+04	1.32875948e+03	1.32875948e+03	4.20346805e+02	2.17584694e+03	9.08412676e+02	8.47087463e+02
3.29700000e+02	8.83493548e-01	7.01792859e-01	2.02775288e+04	1.61072200e+04	1.32157957e+03	1.32157957e+03	4.14725954e+02	2.16720986e+03	9.06853612e+02	8.45630291e+02
3.29800000e+02	8.81774840e-01	7.00392375e-01	2.02380818e+04	1.60750767e+04	1.31533131e+03	1.31533131e+03	4.10105260e+02	2.15944125e+03	9.05226045e+02	8.44109949e+02
3.29900000e+02	8.80023123e-01	6.98976017e-01	2.01978772e+04	1.60425691e+04	1.31011316e+03	1.31011316e+03	4.06588654e+02	2.15263456e+03	9.03524501e+02	8.42521403e+02
3.30000000e+02	8.78234911e-01	6.97541531e-01	2.01568350e+04	1.60096455e+04	1.30597338e+03	1.30597338e+03	4.04229966e+02	2.14683289e+03	9.01743416e+02	8.40859504e+02
3.30100000e+02	8.76407100e-01	6.96086962e-01	2.01148840e+04	1.59762609e+04	1.30296088e+03	1.30296088e+03	4.03083267e+02	2.14208035e+03	8.99877616e+02	8.39119466e+02
3.30200000e+02	8.74536964e-01	6.94610660e-01	2.00719615e+04	1.59423775e+04	1.30112518e+03	1.30112518e+03	4.03202873e+02	2.13842205e+03	8.97922311e+02	8.37296862e+02
3.30300000e+02	8.72623023e-01	6.93106152e-01	2.00280336e+04	1.59078467e+04	1.29991145e+03	1.29991145e+03	4.04014941e+02	2.13532046e+03	8.95896507e+02	8.35409015e+02
3.30400000e+02	8.70660952e-01	6.91574544e-01	1.99830011e+04	1.58726940e+04	1.29978702e+03	1.29978702e+03	4.06008852e+02	2.13322274e+03	8.93778168e+02	8.33435718e+02
3.30500000e+02	8.68649931e-01	6.90013258e-01	1.99368451e+04	1.58368601e+04	1.30054971e+03	1.30054971e+03	4.08975791e+02	2.13193271e+03	8.91573915e+02	8.31383002e+02
3.30600000e+02	8.66589504e-01	6.88420011e-01	1.98895551e+04	1.58002927e+04	1.30199839e+03	1.30199839e+03	4.12707668e+02	2.13125562e+03	8.89290724e+02	8.29257226e+02
3.30700000e+02	8.64479577e-01	6.86792813e-01	1.98411291e+04	1.57629460e+04	1.30393304e+03	1.30393304e+03	4.16997111e+02	2.13099812e+03	8.86935926e+02	8.27065081e+02
3.30800000e+02	8.62321531e-01	6.85130776e-01	1.97915986e+04	1.57247997e+04	1.30614883e+03	1.30614883e+03	4.21630210e+02	2.13096373e+03	8.84518619e+02	8.24814903e+02
3.30900000e+02	8.60121752e-01	6.83435599e-01	1.97411103e+04	1.56858928e+04	1.30830320e+03	1.30830320e+03	4.26244760e+02	2.13082795e+03	8.82058440e+02	8.22524748e+02
3.31000000e+02	8.57883616e-01	6.81705172e-01	1.96897417e+04	1.56461768e+04	1.30990140e+03	1.30990140e+03	4.30323988e+02	2.13011620e+03	8.79577416e+02	8.20214793e+02
3.31100000e+02	8.55609300e-01	6.79940113e-01	1.96375426e+04	1.56056660e+04	1.31083067e+03	1.31083067e+03	4.33748584e+02	2.12872173e+03	8.77082090e+02	8.17891060e+02
3.31200000e+02	8.53301404e-01	6.78141342e-01	1.95845729e+04	1.55643815e+04	1.31097541e+03	1.31097541e+03	4.36395843e+02	2.12653550e+03	8.74579570e+02	8.15560088e+02
3.31300000e+02	8.50962950e-01	6.76310080e-01	1.95309018e+04	1.55223512e+04	1.31021719e+03	1.31021719e+03	4.38139663e+02	2.12344613e+03	8.72077526e+02	8.13228939e+02
3.31400000e+02	8.48589433e-01	6.74445354e-01	1.94764260e+04	1.54795529e+04	1.30882102e+03	1.30882102e+03	4.39259783e+02	2.11970510e+03	8.69561237e+02	8.10884085e+02
3.31500000e+02	8.46176662e-01	6.72547950e-01	1.94210492e+04	1.54360046e+04	1.30720997e+03	1.30720997e+03	4.40199511e+02	2.11571692e+03	8.67010456e+02	8.08506956e+02
3.31600000e+02	8.43729125e-01	6.70621241e-01	1.93648744e+04	1.53917836e+04	1.30537073e+03	1.30537073e+03	4.40940201e+02	2.11147326e+03	8.64430534e+02	8.06102524e+02
3.31700000e+02	8.41245766e-01	6.68665235e-01	1.93078776e+04	1.53468903e+04	1.30339006e+03	1.30339006e+03	4.41572954e+02	2.10705685e+03	8.61817106e+02	8.03666786e+02
3.31800000e+02	8.38725901e-01	6.66680253e-01	1.92500428e+04	1.53013319e+04	1.30135707e+03	1.30135707e+03	4.42190945e+02	2.10255309e+03	8.59166121e+02	8.01196029e+02
3.31900000e+02	8.36169212e-01	6.64666925e-01	1.91913629e+04	1.52551230e+04	1.29936326e+03	1.29936326e+03	4.42889419e+02	2.09805009e+03	8.56473839e+02	7.98686829e+02
3.32000000e+02	8.33573272e-01	6.62623000e-01	1.91317821e+04	1.52082118e+04	1.29737157e+03	1.29737157e+03	4.43632562e+02	2.09350957e+03	8.53739007e+02	7.96137997e+02
3.32100000e+02	8.30935521e-01	6.60548604e-01	1.90712417e+04	1.51606012e+04	1.29560318e+03	1.29560318e+03	4.44652533e+02	2.08914263e+03	8.50950642e+02	7.93539452e+02
3.32200000e+02	8.28255854e-01	6.58444532e-01	1.90097392e+04	1.51123095e+04	1.29414979e+03	1.29414979e+03	4.46044570e+02	2.08503777e+03	8.48105224e+02	7.90887978e+02
3.32300000e+02	8.25534976e-01	6.56311335e-01	1.89472909e+04	1.50633494e+04	1.29301139e+03	1.29301139e+03	4.47807875e+02	2.08119568e+03	8.45203517e+02	7.88184288e+02
3.32400000e+02	8.22773920e-01	6.54149852e-01	1.88839204e+04	1.50137401e+04	1.29219145e+03	1.29219145e+03	4.49944941e+02	2.07762075e+03	8.42246508e+02	7.85429303e+02
3.32500000e+02	8.19974049e-01	6.51961213e-01	1.88196591e+04	1.49635074e+04	1.29169696e+03	1.29169696e+03	4.52461550e+02	2.07432112e+03	8.39235413e+02	7.82624160e+02
3.32600000e+02	8.17138897e-01	6.49741458e-01	1.87545880e+04	1.49125607e+04	1.29082730e+03	1.29082730e+03	4.54627216e+02	2.07062348e+03	8.36200080e+02	7.79796183e+02
3.32700000e+02	8.14274636e-01	6.47493591e-01	1.86888489e+04	1.48609687e+04	1.28939353e+03	1.28939353e+03	4.56239330e+02	2.06635153e+03	8.33154202e+02	7.76957996e+02
3.32800000e+02	8.11383393e-01	6.45217881e-01	1.86224904e+04	1.48087377e+04	1.28725066e+03	1.28725066e+03	4.57145187e+02	2.06136732e+03	8.30105468e+02	7.74116664e+02
3.32900000e+02	8.08467538e-01	6.42914757e-01	1.85555671e+04	1.47558774e+04	1.28425044e+03	1.28425044e+03	4.57188493e+02	2.05553004e+03	8.27061948e+02	7.71279601e+02
3.33000000e+02	8.05529818e-01	6.40584919e-01	1.84881419e+04	1.47024041e+04	1.28024277e+03	1.28024277e+03	4.56210585e+02	2.04869744e+03	8.24032189e+02	7.68454665e+02
3.33100000e+02	8.02571960e-01	6.38228868e-01	1.84202545e+04	1.46483291e+04	1.27513898e+03	1.27513898e+03	4.54117629e+02	2.04078559e+03	8.21021353e+02	7.65646605e+02
3.33200000e+02	7.99586436e-01	6.35843925e-01	1.83517322e+04	1.45935910e+04	1.26927237e+03	1.26927237e+03	4.51263457e+02	2.03210890e+03	8.18008914e+02	7.62836530e+02
3.33300000e+02	7.96576612e-01	6.33430906e-01	1.82826521e+04	1.45382085e+04	1.26245398e+03	1.26245398e+03	4.47448446e+02	2.02248822e+03	8.15005535e+02	7.60034242e+02
3.33400000e+02	7.93543789e-01	6.30990743e-01	1.82130442e+04	1.44822031e+04	1.25467544e+03	1.25467544e+03	4.42662507e+02	2.01191678e+03	8.12012934e+02	7.57241335e+02
3.33500000e+02	7.90489576e-01	6.28524619e-01	1.81429453e+04	1.44256017e+04	1.24592894e+03	1.24592894e+03	4.36895800e+02	2.00038864e+03	8.09033141e+02	7.54459696e+02
3.33600000e+02	7.87415889e-01	6.26033956e-01	1.80723995e+04	1.43684372e+04	1.23620723e+03	1.23620723e+03	4.30138731e+02	1.98789873e+03	8.06068497e+02	7.51691500e+02
3.33700000e+02	7.84322689e-01	6.23520424e-01	1.80014058e+04	1.43107478e+04	1.22568756e+03	1.22568756e+03	4.22575185e+02	1.97461826e+03	8.03112379e+02	7.48930699e+02
3.33800000e+02	7.81209632e-01	6.20985882e-01	1.79299564e+04	1.42525762e+04	1.21459179e+03	1.21459179e+03	4.14435618e+02	1.96076121e+03	8.00156174e+02	7.46169422e+02
3.33900000e+02	7.78080366e-01	6.18432429e-01	1.78581350e+04	1.41939706e+04	1.20284214e+03	1.20284214e+03	4.05635428e+02	1.94625613e+03	7.97206717e+02	7.43413983e+02
3.34000000e+02	7.74935842e-01	6.15862496e-01	1.77859634e+04	1.41349867e+04	1.19061474e+03	1.19061474e+03	3.96356241e+02	1.93127411e+03	7.94258496e+02	7.40659369e+02
3.34100000e+02	7.71777312e-01	6.13278758e-01	1.77134703e+04	1.40756859e+04	1.17808687e+03	1.17808687e+03	3.86780592e+02	1.91598770e+03	7.91306281e+02	7.37900827e+02
3.34200000e+02	7.68606325e-01	6.10684134e-01	1.76406912e+04	1.40161353e+04	1.16543704e+03	1.16543704e+03	3.77091927e+02	1.90057091e+03	7.88345116e+02	7.35133865e+02
3.34300000e+02	7.65419273e-01	6.08076670e-01	1.75675435e+04	1.39562900e+04	1.15275489e+03	1.15275489e+03	3.67387116e+02	1.88510670e+03	7.85367770e+02	7.32351809e+02
3.34400000e+02	7.62205857e-01	6.05452525e-01	1.74937907e+04	1.38960619e+04	1.14047785e+03	1.14047785e+03	3.58130997e+02	1.87000729e+03	7.82346851e+02	7.29529443e+02
3.34500000e+02	7.58964628e-01	6.02812957e-01	1.74193996e+04	1.38354798e+04	1.12885506e+03	1.12885506e+03	3.49583524e+02	1.85551192e+03	7.79271539e+02	7.26656858e+02
3.34600000e+02	7.55698667e-01	6.00160840e-01	1.73444407e+04	1.37746096e+04	1.11793560e+03	1.11793560e+03	3.41792258e+02	1.84167109e+03	7.76143343e+02	7.23735494e+02
3.34700000e+02	7.52411190e-01	5.97499194e-01	1.72689881e+04	1.37135208e+04	1.10777294e+03	1.10777294e+03	3.34809188e+02	1.82853972e+03	7.72963757e+02	7.20766779e+02
3.34800000e+02	7.49105553e-01	5.94831193e-01	1.71931187e+04	1.36522861e+04	1.09842499e+03	1.09842499e+03	3.28690731e+02	1.81617713e+03	7.69734261e+02	7.17752133e+02
3.34900000e+02	7.45775945e-01	5.92150825e-01	1.71166991e+04	1.35907675e+04	1.08973741e+03	1.08973741e+03	3.23283110e+02	1.80442835e+03	7.66454302e+02	7.14690933e+02
3.35000000e+02	7.42427421e-01	5.89459284e-01	1.70398453e+04	1.35289925e+04	1.08142350e+03	1.08142350e+03	3.18283504e+02	1.79302150e+03	7.63139997e+02	7.11597995e+02
3.35100000e+02	7.39061041e-01	5.86757834e-01	1.69625818e+04	1.34669901e+04	1.07352887e+03	1.07352887e+03	3.13738074e+02	1.78200171e+03	7.59790798e+02	7.08472842e+02
3.35200000e+02	7.35677254e-01	5.84047604e-01	1.68849187e+04	1.34047862e+04	1.06613470e+03	1.06613470e+03	3.09730520e+02	1.77144787e+03	7.56404176e+02	7.05313172e+02
3.35300000e+02	7.32276616e-01	5.81329806e-01	1.68068688e+04	1.33424086e+04	1.05932221e+03	1.05932221e+03	3.06344491e+02	1.76143900e+03	7.52977717e+02	7.02116793e+02
3.35400000e+02	7.28859926e-01	5.78605562e-01	1.67284506e+04	1.32798830e+04	1.05314339e+03	1.05314339e+03	3.03633038e+02	1.75202614e+03	7.49510355e+02	6.98882747e+02
3.35500000e+02	7.25430484e-01	5.75871271e-01	1.66497396e+04	1.32171268e+04	1.04695425e+03	1.04695425e+03	3.00924671e+02	1.74259045e+03	7.46029577e+02	6.95636198e+02
3.35600000e+02	7.21985310e-01	5.73123074e-01	1.65706676e+04	1.31540515e+04	1.04059443e+03	1.04059443e+03	2.98056313e+02	1.73297401e+03	7.42538117e+02	6.92379581e+02
3.35700000e+02	7.18527135e-01	5.70362779e-01	1.64912972e+04	1.30906985e+04	1.03403040e+03	1.03403040e+03	2.94990222e+02	1.72314718e+03	7.39040174e+02	6.89116787e+02
3.35800000e+02	7.15058778e-01	5.67592203e-01	1.64116931e+04	1.30271096e+04	1.02722249e+03	1.02722249e+03	2.91682214e+02	1.71307449e+03	7.35540273e+02	6.85852000e+02
3.35900000e+02	7.11583143e-01	5.64813174e-01	1.63319220e+04	1.29633266e+04	1.02012491e+03	1.02012491e+03	2.88081654e+02	1.70271461e+03	7.32043255e+02	6.82589701e+02
3.36000000e+02	7.08102621e-01	5.62028425e-01	1.62520387e+04	1.28994123e+04	1.01282808e+03	1.01282808e+03	2.84279731e+02	1.69215732e+03	7.28548352e+02	6.79329235e+02
3.36100000e+02	7.04620697e-01	5.59245380e-01	1.61721232e+04	1.28355372e+04	1.00582335e+03	1.00582335e+03	2.80782271e+02	1.68188080e+03	7.25041081e+02	6.76057450e+02
3.36200000e+02	7.01143308e-01	5.56470984e-01	1.60923118e+04	1.27718606e+04	9.99351699e+02	9.99351699e+02	2.77832780e+02	1.67212386e+03	7.21518919e+02	6.72772157e+02
3.36300000e+02	6.97672092e-01	5.53706084e-01	1.60126421e+04	1.27084019e+04	9.93368489e+02	9.93368489e+02	2.75383197e+02	1.66284501e+03	7.17985292e+02	6.69476522e+02
3.36400000e+02	6.94208805e-01	5.50951629e-01	1.59331543e+04	1.26451829e+04	9.87829828e+02	9.87829828e+02	2.73386094e+02	1.65400363e+03	7.14443734e+02	6.66173801e+02
3.36500000e+02	6.90755324e-01	5.48208671e-01	1.58538916e+04	1.25822278e+04	9.82692552e+02	9.82692552e+02	2.71794675e+02	1.64555990e+03	7.10897877e+02	6.62867352e+02
3.36600000e+02	6.87307733e-01	5.45474684e-01	1.57747642e+04	1.25194787e+04	9.78011885e+02	9.78011885e+02	2.70670451e+02	1.63756324e+03	7.07341435e+02	6.59551356e+02
3.36700000e+02	6.83853770e-01	5.42740829e-01	1.56954904e+04	1.24567325e+04	9.73863582e+02	9.73863582e+02	2.70105259e+02	1.63007446e+03	7.03758323e+02	6.56210882e+02
3.36800000e+02	6.80390058e-01	5.40004442e-01	1.56159929e+04	1.23939282e+04	9.70244317e+02	9.70244317e+02	2.70099303e+02	1.62308696e+03	7.00145014e+02	6.52842642e+02
3.36900000e+02	6.76919140e-01	5.37267480e-01	1.55363300e+04	1.23311108e+04	9.67151506e+02	9.67151506e+02	2.70647152e+02	1.61660079e+03	6.96504354e+02	6.49449286e+02
3.37000000e+02	6.73443491e-01	5.34531870e-01	1.54565586e+04	1.22683243e+04	9.64584686e+02	9.64584686e+02	2.71745646e+02	1.61061801e+03	6.92839039e+02	6.46033324e+02
3.37100000e+02	6.69965518e-01	5.31799505e-01	1.53767338e+04	1.22056124e+04	9.62545518e+02	9.62545518e+02	2.73393906e+02	1.60514264e+03	6.89151612e+02	6.42597126e+02
3.37200000e+02	6.66488932e-01	5.29070716e-01	1.52969408e+04	1.21429825e+04	9.60766657e+02	9.60766657e+02	2.75310641e+02	1.59992015e+03	6.85456016e+02	6.39153498e+02
3.37300000e+02	6.63012690e-01	5.26343956e-01	1.52171558e+04	1.20803992e+04	9.59171348e+02	9.59171348e+02	2.77417373e+02	1.59487534e+03	6.81753976e+02	6.35703992e+02
3.37400000e+02	6.59539366e-01	5.23620638e-01	1.51374377e+04	1.20178949e+04	9.57697660e+02	9.57697660e+02	2.79647086e+02	1.58995096e+03	6.78050575e+02	6.32253303e+02
3.37500000e+02	6.56072446e-01	5.20902738e-01	1.50578665e+04	1.19555149e+04	9.56268215e+02	9.56268215e+02	2.81915755e+02	1.58507578e+03	6.74352459e+02	6.28807567e+02
3.37600000e+02	6.52615320e-01	5.18192162e-01	1.49785202e+04	1.18933030e+04	9.54805840e+02	9.54805840e+02	2.84139676e+02	1.58017866e+03	6.70666164e+02	6.25372819e+02
3.37700000e+02	6.49171282e-01	5.15490741e-01	1.48994742e+04	1.18313013e+04	9.53233571e+02	9.53233571e+02	2.86235460e+02	1.57518856e+03	6.66998112e+02	6.21954989e+02
3.37800000e+02	6.45739158e-01	5.12796211e-01	1.48207018e+04	1.17694577e+04	9.51410584e+02	9.51410584e+02	2.88058320e+02	1.56996825e+03	6.63352264e+02	6.18557670e+02
3.37900000e+02	6.42320170e-01	5.10106011e-01	1.47422308e+04	1.17077135e+04	9.48970516e+02	9.48970516e+02	2.89226968e+02	1.56416503e+03	6.59743548e+02	6.15194516e+02
3.38000000e+02	6.38916690e-01	5.07421790e-01	1.46641157e+04	1.16461065e+04	9.45892270e+02	9.45892270e+02	2.89716955e+02	1.55776090e+03	6.56175315e+02	6.11868635e+02
3.38100000e+02	6.35530955e-01	5.04745066e-01	1.45864079e+04	1.15846716e+04	9.42152042e+02	9.42152042e+02	2.89501171e+02	1.55073513e+03	6.52650871e+02	6.08583088e+02
3.38200000e+02	6.32165069e-01	5.02077223e-01	1.45091556e+04	1.15234405e+04	9.37723323e+02	9.37723323e+02	2.88549849e+02	1.54306422e+03	6.49173474e+02	6.05340894e+02
3.38300000e+02	6.28820403e-01	4.99419485e-01	1.44323904e+04	1.14624414e+04	9.32621904e+02	9.32621904e+02	2.86877881e+02	1.53476481e+03	6.45744023e+02	6.02142901e+02
3.38400000e+02	6.25495623e-01	4.96772295e-01	1.43560817e+04	1.14016843e+04	9.27002804e+02	9.27002804e+02	2.84647487e+02	1.52598531e+03	6.42355318e+02	5.98982507e+02
3.38500000e+02	6.22190420e-01	4.94135454e-01	1.42802222e+04	1.13411648e+04	9.20870354e+02	9.20870354e+02	2.81863493e+02	1.51672961e+03	6.39006861e+02	5.95859252e+02
3.38600000e+02	6.18906247e-01	4.91510166e-01	1.42048454e+04	1.12809104e+04	9.14231757e+02	9.14231757e+02	2.78531799e+02	1.50700612e+03	6.35699958e+02	5.92774358e+02
3.38700000e+02	6.15644384e-01	4.88897485e-01	1.41299806e+04	1.12209454e+04	9.07093042e+02	9.07093042e+02	2.74657272e+02	1.49682195e+03	6.32435771e+02	5.89728910e+02
3.38800000e+02	6.12405934e-01	4.86298319e-01	1.40556533e+04	1.11612905e+04	8.99459066e+02	8.99459066e+02	2.70243756e+02	1.48618292e+03	6.29215310e+02	5.86723854e+02
3.38900000e+02	6.09189472e-01	4.83713495e-01	1.39818305e+04	1.11019649e+04	8.91532055e+02	8.91532055e+02	2.65502530e+02	1.47528295e+03	6.26029525e+02	5.83750897e+02
3.39000000e+02	6.05987495e-01	4.81140587e-01	1.39083403e+04	1.10429127e+04	8.83669440e+02	8.83669440e+02	2.60812418e+02	1.46445980e+03	6.22857022e+02	5.80790356e+02
3.39100000e+02	6.02796300e-01	4.78577958e-01	1.38350974e+04	1.09840964e+04	8.76001915e+02	8.76001915e+02	2.56312977e+02	1.45383598e+03	6.19688938e+02	5.77834064e+02
3.39200000e+02	5.99617099e-01	4.76027159e-01	1.37621299e+04	1.09255517e+04	8.68592568e+02	8.68592568e+02	2.52068326e+02	1.44347367e+03	6.16524242e+02	5.74881107e+02
3.39300000e+02	5.96450815e-01	4.73489545e-01	1.36894589e+04	1.08673096e+04	8.61507520e+02	8.61507520e+02	2.48146042e+02	1.43343769e+03	6.13361478e+02	5.71930170e+02
3.39400000e+02	5.93298081e-01	4.70966271e-01	1.36170988e+04	1.08093966e+04	8.54815920e+02	8.54815920e+02	2.44617158e+02	1.42379547e+03	6.10198761e+02	5.68979547e+02
3.39500000e+02	5.90168149e-01	4.68461265e-01	1.35452621e+04	1.07519029e+04	8.48174788e+02	8.48174788e+02	2.41115947e+02	1.41422498e+03	6.07058841e+02	5.66050193e+02
3.39600000e+02	5.87072390e-01	4.65981530e-01	1.34742097e+04	1.06949891e+04	8.41389047e+02	8.41389047e+02	2.37427778e+02	1.40454923e+03	6.03961268e+02	5.63160187e+02
3.39700000e+02	5.84013660e-01	4.63528924e-01	1.34040071e+04	1.06386981e+04	8.34420474e+02	8.34420474e+02	2.33509923e+02	1.39473417e+03	6.00910551e+02	5.60313701e+02
3.39800000e+02	5.80992643e-01	4.61103563e-01	1.33346702e+04	1.05830323e+04	8.27225416e+02	8.27225416e+02	2.29316365e+02	1.38473832e+03	5.97909051e+02	5.57512905e+02
3.39900000e+02	5.78009887e-01	4.58705444e-01	1.32662113e+04	1.05279918e+04	8.19759042e+02	8.19759042e+02	2.24800016e+02	1.37451891e+03	5.94959027e+02	5.54759872e+02
3.40000000e+02	5.75065799e-01	4.56334446e-01	1.31986400e+04	1.04735738e+04	8.11975347e+02	8.11975347e+02	2.19912719e+02	1.36403192e+03	5.92062628e+02	5.52056573e+02
3.40100000e+02	5.72154168e-01	4.53988331e-01	1.31318136e+04	1.04197269e+04	8.04146558e+02	8.04146558e+02	2.14943536e+02	1.35353407e+03	5.89203022e+02	5.49387516e+02
3.40200000e+02	5.69268530e-01	4.51661498e-01	1.30655838e+04	1.03663225e+04	7.96214133e+02	7.96214133e+02	2.09838743e+02	1.34296230e+03	5.86375390e+02	5.46748171e+02
3.40300000e+02	5.66408473e-01	4.49354011e-01	1.29999412e+04	1.03133621e+04	7.88218327e+02	7.88218327e+02	2.04640536e+02	1.33235509e+03	5.83577791e+02	5.44136758e+02
3.40400000e+02	5.63573358e-01	4.47065760e-01	1.29348709e+04	1.02608433e+04	7.80199810e+02	7.80199810e+02	1.99391787e+02	1.32175106e+03	5.80808022e+02	5.41551253e+02
3.40500000e+02	5.60762315e-01	4.44796462e-01	1.28703532e+04	1.02087594e+04	7.72199660e+02	7.72199660e+02	1.94136041e+02	1.31118905e+03	5.78063618e+02	5.38989388e+02
3.40600000e+02	5.57975089e-01	4.42546505e-01	1.28063821e+04	1.01571195e+04	7.64279233e+02	7.64279233e+02	1.88937210e+02	1.30072806e+03	5.75342022e+02	5.36448822e+02
3.40700000e+02	5.55215506e-01	4.40320656e-01	1.27430454e+04	1.01060328e+04	7.56624473e+02	7.56624473e+02	1.83984005e+02	1.29055158e+03	5.72640468e+02	5.33927108e+02
3.40800000e+02	5.52481242e-01	4.38118004e-01	1.26802899e+04	1.00554786e+04	7.49329455e+02	7.49329455e+02	1.79376506e+02	1.28074817e+03	5.69952948e+02	5.31418713e+02
3.40900000e+02	5.49772327e-01	4.35939202e-01	1.26181161e+04	1.00054717e+04	7.42459742e+02	7.42459742e+02	1.75182683e+02	1.27138118e+03	5.67277059e+02	5.28921443e+02
3.41000000e+02	5.47088585e-01	4.33784756e-01	1.25565202e+04	9.95602391e+03	7.36082653e+02	7.36082653e+02	1.71472543e+02	1.26251549e+03	5.64610110e+02	5.26432838e+02
3.41100000e+02	5.44429632e-01	4.31655030e-01	1.24954931e+04	9.90714343e+03	7.30267260e+02	7.30267260e+02	1.68318140e+02	1.25421743e+03	5.61949120e+02	5.23950168e+02
3.41200000e+02	5.41792283e-01	4.29546605e-01	1.24349619e+04	9.85875186e+03	7.24916218e+02	7.24916218e+02	1.65621961e+02	1.24638974e+03	5.59294257e+02	5.21473525e+02
3.41300000e+02	5.39171096e-01	4.27453987e-01	1.23748017e+04	9.81072308e+03	7.19898965e+02	7.19898965e+02	1.63254479e+02	1.23890082e+03	5.56644486e+02	5.19001852e+02
3.41400000e+02	5.36564005e-01	4.25376516e-01	1.23149649e+04	9.76304192e+03	7.15314904e+02	7.15314904e+02	1.61321030e+02	1.23184460e+03	5.53993875e+02	5.16529695e+02
3.41500000e+02	5.33968315e-01	4.23311484e-01	1.22553899e+04	9.71564629e+03	7.11100789e+02	7.11100789e+02	1.59758928e+02	1.22515727e+03	5.51341860e+02	5.14056484e+02
3.41600000e+02	5.31381086e-01	4.21255998e-01	1.21960090e+04	9.66846973e+03	7.07194062e+02	7.07194062e+02	1.58506479e+02	1.21877544e+03	5.48687583e+02	5.11581375e+02
3.41700000e+02	5.28799124e-01	4.19206973e-01	1.21367490e+04	9.62144149e+03	7.03532861e+02	7.03532861e+02	1.57502975e+02	1.21263611e+03	5.46029885e+02	5.09103248e+02
3.41800000e+02	5.26227961e-01	4.17168119e-01	1.20777369e+04	9.57464667e+03	7.00053933e+02	7.00053933e+02	1.56676830e+02	1.20668376e+03	5.43377102e+02	5.06629825e+02
3.41900000e+02	5.23670197e-01	4.15137713e-01	1.20190323e+04	9.52804574e+03	6.96366065e+02	6.96366065e+02	1.55619488e+02	1.20054306e+03	5.40746577e+02	5.04176990e+02
3.42000000e+02	5.21124421e-01	4.13113382e-01	1.19606029e+04	9.48158424e+03	6.92336365e+02	6.92336365e+02	1.54194646e+02	1.19408420e+03	5.38141719e+02	5.01747832e+02
3.42100000e+02	5.18589766e-01	4.11094786e-01	1.19024287e+04	9.43525439e+03	6.88000163e+02	6.88000163e+02	1.52439884e+02	1.18734044e+03	5.35560279e+02	4.99340275e+02
3.42200000e+02	5.16065202e-01	4.09081431e-01	1.18444860e+04	9.38904479e+03	6.83389460e+02	6.83389460e+02	1.50389508e+02	1.18034166e+03	5.32999952e+02	4.96952198e+02
3.42300000e+02	5.13549535e-01	4.07072659e-01	1.17867476e+04	9.34294040e+03	6.78532932e+02	6.78532932e+02	1.48074549e+02	1.17311436e+03	5.30458383e+02	4.94581425e+02
3.42400000e+02	5.11046336e-01	4.05070766e-01	1.17292954e+04	9.29699389e+03	6.73379495e+02	6.73379495e+02	1.45438163e+02	1.16561278e+03	5.27941332e+02	4.92233287e+02
3.42500000e+02	5.08557702e-01	4.03077262e-01	1.16721774e+04	9.25123993e+03	6.67916059e+02	6.67916059e+02	1.42464505e+02	1.15782640e+03	5.25451555e+02	4.89910342e+02
3.42600000e+02	5.06082861e-01	4.01091562e-01	1.16153760e+04	9.20566509e+03	6.62144432e+02	6.62144432e+02	1.39156285e+02	1.14975618e+03	5.22988148e+02	4.87611749e+02
3.42700000e+02	5.03620778e-01	3.99112844e-01	1.15588675e+04	9.16025047e+03	6.56062887e+02	6.56062887e+02	1.35512830e+02	1.14139941e+03	5.20550056e+02	4.85336526e+02
3.42800000e+02	5.01170315e-01	3.97140163e-01	1.15026256e+04	9.11497442e+03	6.49665677e+02	6.49665677e+02	1.31529414e+02	1.13274940e+03	5.18136263e+02	4.83083719e+02
3.42900000e+02	4.98730316e-01	3.95172774e-01	1.14466239e+04	9.06981985e+03	6.42969144e+02	6.42969144e+02	1.27224236e+02	1.12382075e+03	5.15744908e+02	4.80851608e+02
3.43000000e+02	4.96300716e-01	3.93214248e-01	1.13908609e+04	9.02486868e+03	6.36350935e+02	6.36350935e+02	1.22989039e+02	1.11497826e+03	5.13361896e+02	4.78627323e+02
3.43100000e+02	4.93880752e-01	3.91266401e-01	1.13353190e+04	8.98016259e+03	6.30062706e+02	6.30062706e+02	1.19085652e+02	1.10646426e+03	5.10977054e+02	4.76401559e+02
3.43200000e+02	4.91468988e-01	3.89328100e-01	1.12799653e+04	8.93567562e+03	6.24103121e+02	6.24103121e+02	1.15514243e+02	1.09827604e+03	5.08588878e+02	4.74172914e+02
3.43300000e+02	4.89063899e-01	3.87398149e-01	1.12247648e+04	8.89138030e+03	6.18471544e+02	6.18471544e+02	1.12275804e+02	1.09041142e+03	5.06195741e+02	4.71939873e+02
3.43400000e+02	4.86663865e-01	3.85475286e-01	1.11696804e+04	8.84724765e+03	6.13168035e+02	6.13168035e+02	1.09372147e+02	1.08286884e+03	5.03795888e+02	4.69700801e+02
3.43500000e+02	4.84268007e-01	3.83558849e-01	1.11146918e+04	8.80326249e+03	6.08195083e+02	6.08195083e+02	1.06806806e+02	1.07564981e+03	5.01388277e+02	4.67454729e+02
3.43600000e+02	4.81877117e-01	3.81649449e-01	1.10598172e+04	8.75943884e+03	6.03551956e+02	6.03551956e+02	1.04578165e+02	1.06875443e+03	4.98973791e+02	4.65202478e+02
3.43700000e+02	4.79490470e-01	3.79746469e-01	1.10050400e+04	8.71576253e+03	5.99233422e+02	5.99233422e+02	1.02681584e+02	1.06217692e+03	4.96551838e+02	4.62943496e+02
3.43800000e+02	4.77106358e-01	3.77848649e-01	1.09503210e+04	8.67220465e+03	5.95246808e+02	5.95246808e+02	1.01126507e+02	1.05592262e+03	4.94120301e+02	4.60675813e+02
3.43900000e+02	4.74723015e-01	3.75954685e-01	1.08956196e+04	8.62873529e+03	5.91600038e+02	5.91600038e+02	9.99230649e+01	1.04999742e+03	4.91676973e+02	4.58397379e+02
3.44000000e+02	4.72338611e-01	3.74063234e-01	1.08408939e+04	8.58532358e+03	5.88301633e+02	5.88301633e+02	9.90820755e+01	1.04440770e+03	4.89219558e+02	4.56106062e+02
3.44100000e+02	4.69957128e-01	3.72176723e-01	1.07862352e+04	8.54202528e+03	5.85281064e+02	5.85281064e+02	9.85260801e+01	1.03908933e+03	4.86754984e+02	4.53808267e+02
3.44200000e+02	4.67585776e-01	3.70299250e-01	1.07318090e+04	8.49893440e+03	5.82378869e+02	5.82378869e+02	9.80818941e+01	1.03389554e+03	4.84296975e+02	4.51516669e+02
3.44300000e+02	4.65225721e-01	3.68431245e-01	1.06776422e+04	8.45606083e+03	5.79545223e+02	5.79545223e+02	9.76965799e+01	1.02877935e+03	4.81848643e+02	4.49234131e+02
3.44400000e+02	4.62876131e-01	3.66572142e-01	1.06237155e+04	8.41339156e+03	5.76788598e+02	5.76788598e+02	9.73798239e+01	1.02374813e+03	4.79408774e+02	4.46959530e+02
3.44500000e+02	4.60536230e-01	3.64721400e-01	1.05700112e+04	8.37091421e+03	5.74115883e+02	5.74115883e+02	9.71396118e+01	1.01880773e+03	4.76976271e+02	4.44691847e+02
3.44600000e+02	4.58205295e-01	3.62878507e-01	1.05165126e+04	8.32861699e+03	5.71532385e+02	5.71532385e+02	9.69822282e+01	1.01396256e+03	4.74550157e+02	4.42430176e+02
3.44700000e+02	4.55876229e-01	3.61037833e-01	1.04630570e+04	8.28637072e+03	5.69028351e+02	5.69028351e+02	9.69052377e+01	1.00919604e+03	4.72123113e+02	4.40167694e+02
3.44800000e+02	4.53547939e-01	3.59198302e-01	1.04096192e+04	8.24415066e+03	5.66580377e+02	5.66580377e+02	9.68855515e+01	1.00448447e+03	4.69694826e+02	4.37904093e+02
3.44900000e+02	4.51218128e-01	3.57358103e-01	1.03561465e+04	8.20191528e+03	5.64186499e+02	5.64186499e+02	9.69236151e+01	9.99823623e+02	4.67262884e+02	4.35637124e+02
3.45000000e+02	4.48883979e-01	3.55515038e-01	1.03025742e+04	8.15961411e+03	5.61846579e+02	5.61846579e+02	9.70223346e+01	9.95210533e+02	4.64824245e+02	4.33363953e+02
3.45100000e+02	4.46542698e-01	3.53666907e-01	1.02488382e+04	8.11719669e+03	5.59558588e+02	5.59558588e+02	9.71826289e+01	9.90640422e+02	4.62375960e+02	4.31081833e+02
3.45200000e+02	4.44191512e-01	3.51811511e-01	1.01948749e+04	8.07461250e+03	5.57318604e+02	5.57318604e+02	9.74034293e+01	9.86106706e+02	4.59915174e+02	4.28788102e+02
3.45300000e+02	4.41833535e-01	3.49952604e-01	1.01407557e+04	8.03194775e+03	5.55264973e+02	5.55264973e+02	9.78248532e+01	9.81746180e+02	4.57440119e+02	4.26481207e+02
3.45400000e+02	4.39468831e-01	3.48091966e-01	1.00864821e+04	7.98924325e+03	5.53578098e+02	5.53578098e+02	9.86339335e+01	9.77733192e+02	4.54944164e+02	4.24155095e+02
3.45500000e+02	4.37095383e-01	3.46227798e-01	1.00320079e+04	7.94645774e+03	5.52234580e+02	5.52234580e+02	9.98085856e+01	9.74043104e+02	4.52425994e+02	4.21808525e+02
3.45600000e+02	4.34711251e-01	3.44358369e-01	9.97728839e+03	7.90355149e+03	5.51211588e+02	5.51211588e+02	1.01327229e+02	9.70651905e+02	4.49884359e+02	4.19440317e+02
3.45700000e+02	4.32314575e-01	3.42482015e-01	9.92228100e+03	7.86048629e+03	5.50486859e+02	5.50486859e+02	1.03168786e+02	9.67536210e+02	4.47318073e+02	4.17049351e+02
3.45800000e+02	4.29904337e-01	3.40597647e-01	9.86696236e+03	7.81723716e+03	5.50029657e+02	5.50029657e+02	1.05302480e+02	9.64665302e+02	4.44727177e+02	4.14635645e+02
3.45900000e+02	4.27482394e-01	3.38706552e-01	9.81137506e+03	7.77383365e+03	5.49823199e+02	5.49823199e+02	1.07708897e+02	9.62024837e+02	4.42114302e+02	4.12201638e+02
3.46000000e+02	4.25049306e-01	3.36809535e-01	9.75553197e+03	7.73029419e+03	5.49905690e+02	5.49905690e+02	1.10427052e+02	9.59652289e+02	4.39478637e+02	4.09746599e+02
3.46100000e+02	4.22603637e-01	3.34904992e-01	9.69940012e+03	7.68658202e+03	5.50226921e+02	5.50226921e+02	1.13406430e+02	9.57497705e+02	4.36820492e+02	4.07270784e+02
3.46200000e+02	4.20144073e-01	3.32991430e-01	9.64294936e+03	7.64266284e+03	5.50737916e+02	5.50737916e+02	1.16597653e+02	9.55512445e+02	4.34140263e+02	4.04774529e+02
3.46300000e+02	4.17669425e-01	3.31067464e-01	9.58615240e+03	7.59850487e+03	5.51390922e+02	5.51390922e+02	1.19952483e+02	9.53649177e+02	4.31438439e+02	4.02258255e+02
3.46400000e+02	4.15178311e-01	3.29130235e-01	9.52897752e+03	7.55404252e+03	5.52000273e+02	5.52000273e+02	1.23279852e+02	9.51727139e+02	4.28720421e+02	3.99726866e+02
3.46500000e+02	4.12670124e-01	3.27175664e-01	9.47141080e+03	7.50918211e+03	5.52189514e+02	5.52189514e+02	1.26189980e+02	9.49382031e+02	4.25999534e+02	3.97192517e+02
3.46600000e+02	4.10144360e-01	3.25201600e-01	9.41344064e+03	7.46387432e+03	5.51775572e+02	5.51775572e+02	1.28493542e+02	9.46436480e+02	4.23282031e+02	3.94660908e+02
3.46700000e+02	4.07599911e-01	3.23206698e-01	9.35504165e+03	7.41808828e+03	5.50708146e+02	5.50708146e+02	1.30139562e+02	9.42840774e+02	4.20568584e+02	3.92132628e+02
3.46800000e+02	4.05035803e-01	3.21189687e-01	9.29619144e+03	7.37179478e+03	5.48933887e+02	5.48933887e+02	1.31073768e+02	9.38542391e+02	4.17860118e+02	3.89608505e+02
3.46900000e+02	4.02451190e-01	3.19149366e-01	9.23687062e+03	7.32496630e+03	5.46396406e+02	5.46396406e+02	1.31238591e+02	9.33486004e+02	4.15157815e+02	3.87089598e+02
3.47000000e+02	3.99847004e-01	3.17089730e-01	9.17710057e+03	7.27769449e+03	5.43436561e+02	5.43436561e+02	1.30986541e+02	9.28001849e+02	4.12450021e+02	3.84565288e+02
3.47100000e+02	3.97225220e-01	3.15014031e-01	9.11692662e+03	7.23005403e+03	5.40233051e+02	5.40233051e+02	1.30500815e+02	9.22264556e+02	4.09732236e+02	3.82031505e+02
3.47200000e+02	3.94585922e-01	3.12922747e-01	9.05635068e+03	7.18205586e+03	5.36828793e+02	5.36828793e+02	1.29825836e+02	9.16315670e+02	4.07002957e+02	3.79486877e+02
3.47300000e+02	3.91928854e-01	3.10816113e-01	8.99536692e+03	7.13370539e+03	5.33269066e+02	5.33269066e+02	1.29008840e+02	9.10198678e+02	4.04260226e+02	3.76929612e+02
3.47400000e+02	3.89253927e-01	3.08694501e-01	8.93397325e+03	7.08501115e+03	5.29600055e+02	5.29600055e+02	1.28097824e+02	9.03958108e+02	4.01502230e+02	3.74358054e+02
3.47500000e+02	3.86561214e-01	3.06558420e-01	8.87217137e+03	7.03598482e+03	5.25868848e+02	5.25868848e+02	1.27141548e+02	8.97639527e+02	3.98727300e+02	3.71770678e+02
3.47600000e+02	3.83849010e-01	3.04407115e-01	8.80992214e+03	6.98660909e+03	5.22135563e+02	5.22135563e+02	1.26204206e+02	8.91299292e+02	3.95931358e+02	3.69163729e+02
3.47700000e+02	3.81120994e-01	3.02245689e-01	8.74730998e+03	6.93700104e+03	5.18632987e+02	5.18632987e+02	1.25523250e+02	8.85166006e+02	3.93109737e+02	3.66533019e+02
3.47800000e+02	3.78376481e-01	3.00073720e-01	8.68431921e+03	6.88715103e+03	5.15372913e+02	5.15372913e+02	1.25111652e+02	8.79250371e+02	3.90261261e+02	3.63877459e+02
3.47900000e+02	3.75614971e-01	2.97890955e-01	8.62093832e+03	6.83705323e+03	5.12369694e+02	5.12369694e+02	1.24984842e+02	8.73565750e+02	3.87384853e+02	3.61196056e+02
3.48000000e+02	3.72836143e-01	2.95697306e-01	8.55715997e+03	6.78670563e+03	5.09640247e+02	5.09640247e+02	1.25160709e+02	8.68128163e+02	3.84479538e+02	3.58487916e+02
3.48100000e+02	3.70039750e-01	2.93492304e-01	8.49297847e+03	6.73609747e+03	5.07155727e+02	5.07155727e+02	1.25609605e+02	8.62909492e+02	3.81546121e+02	3.55753766e+02
3.48200000e+02	3.67225710e-01	2.91273329e-01	8.42839196e+03	6.68516858e+03	5.04649352e+02	5.04649352e+02	1.26054929e+02	8.57651924e+02	3.78594423e+02	3.53002572e+02
3.48300000e+02	3.64395371e-01	2.89040465e-01	8.36343135e+03	6.63392094e+03	5.02020391e+02	5.02020391e+02	1.26390750e+02	8.52259498e+02	3.75629641e+02	3.50239107e+02
3.48400000e+02	3.61548633e-01	2.86793534e-01	8.29809434e+03	6.58235043e+03	4.99258384e+02	4.99258384e+02	1.26606327e+02	8.46722010e+02	3.72652057e+02	3.47463626e+02
3.48500000e+02	3.58685587e-01	2.84532503e-01	8.23238306e+03	6.53045633e+03	4.96352466e+02	4.96352466e+02	1.26690292e+02	8.41029055e+02	3.69662174e+02	3.44676589e+02
3.48600000e+02	3.55806519e-01	2.82257488e-01	8.16630405e+03	6.47824126e+03	4.93291366e+02	4.93291366e+02	1.26630648e+02	8.35170033e+02	3.66660718e+02	3.41878667e+02
3.48700000e+02	3.52911295e-01	2.79968349e-01	8.09985424e+03	6.42570201e+03	4.90071380e+02	4.90071380e+02	1.26423697e+02	8.29141230e+02	3.63647684e+02	3.39069850e+02
3.48800000e+02	3.49998664e-01	2.77664149e-01	8.03300490e+03	6.37281709e+03	4.86696656e+02	4.86696656e+02	1.26075094e+02	8.22945392e+02	3.60621562e+02	3.36248736e+02
3.48900000e+02	3.47068459e-01	2.75344696e-01	7.96575220e+03	6.31958209e+03	4.83160776e+02	4.83160776e+02	1.25578367e+02	8.16576151e+02	3.57582410e+02	3.33415375e+02
3.49000000e+02	3.44121809e-01	2.73010773e-01	7.89812207e+03	6.26601500e+03	4.79453570e+02	4.79453570e+02	1.24921742e+02	8.10024819e+02	3.54531828e+02	3.30571249e+02
3.49100000e+02	3.41160010e-01	2.70663293e-01	7.83014425e+03	6.21213674e+03	4.75564646e+02	4.75564646e+02	1.24093041e+02	8.03282664e+02	3.51471605e+02	3.27718018e+02
3.49200000e+02	3.38184524e-01	2.68303294e-01	7.76185231e+03	6.15797115e+03	4.71483396e+02	4.71483396e+02	1.23079680e+02	7.96340912e+02	3.48403716e+02	3.24857515e+02
3.49300000e+02	3.35193492e-01	2.65930198e-01	7.69320353e+03	6.10350497e+03	4.67300958e+02	4.67300958e+02	1.21978194e+02	7.89285732e+02	3.45322764e+02	3.21984774e+02
3.49400000e+02	3.32188744e-01	2.63546991e-01	7.62423997e+03	6.04880671e+03	4.63179723e+02	4.63179723e+02	1.20955025e+02	7.82275858e+02	3.42224698e+02	3.19096134e+02
3.49500000e+02	3.29171686e-01	2.61155119e-01	7.55499387e+03	5.99390958e+03	4.59156208e+02	4.59156208e+02	1.20046524e+02	7.75347981e+02	3.39109684e+02	3.16191774e+02
3.49600000e+02	3.26142589e-01	2.58754733e-01	7.48547147e+03	5.93881706e+03	4.55224157e+02	4.55224157e+02	1.19245911e+02	7.68496335e+02	3.35978246e+02	3.13272178e+02
3.49700000e+02	3.23101886e-01	2.56346131e-01	7.41568268e+03	5.88353595e+03	4.51379347e+02	4.51379347e+02	1.18548336e+02	7.61717273e+02	3.32831011e+02	3.10337926e+02
3.49800000e+02	3.20050169e-01	2.53929752e-01	7.34564110e+03	5.82807636e+03	4.47619585e+02	4.47619585e+02	1.17950887e+02	7.55009273e+02	3.29668698e+02	3.07389688e+02
3.49900000e+02	3.16984853e-01	2.51503800e-01	7.27528742e+03	5.77239705e+03	4.43967576e+02	4.43967576e+02	1.17479905e+02	7.48391667e+02	3.26487671e+02	3.04424092e+02
3.50000000e+02	3.13902484e-01	2.49063248e-01	7.20454234e+03	5.71638265e+03	4.40180142e+02	4.40180142e+02	1.16886921e+02	7.41626041e+02	3.23293221e+02	3.01445900e+02
3.50100000e+02	3.10803927e-01	2.46609262e-01	7.13342570e+03	5.66005991e+03	4.36308434e+02	4.36308434e+02	1.16224048e+02	7.34762684e+02	3.20084386e+02	2.98454250e+02
3.50200000e+02	3.07690313e-01	2.44143336e-01	7.06196351e+03	5.60346315e+03	4.32416407e+02	4.32416407e+02	1.15556393e+02	7.27864522e+02	3.16860014e+02	2.95448114e+02
3.50300000e+02	3.04562880e-01	2.41667050e-01	6.99018413e+03	5.54662858e+03	4.28567992e+02	4.28567992e+02	1.14948922e+02	7.20994563e+02	3.13619070e+02	2.92426572e+02
3.50400000e+02	3.01422755e-01	2.39181700e-01	6.91811345e+03	5.48958601e+03	4.24806882e+02	4.24806882e+02	1.14445731e+02	7.14196158e+02	3.10361151e+02	2.89389276e+02
3.50500000e+02	2.98268838e-01	2.36685058e-01	6.84572623e+03	5.43228424e+03	4.20989931e+02	4.20989931e+02	1.13899549e+02	7.07329905e+02	3.07090382e+02	2.86339974e+02
3.50600000e+02	2.95100835e-01	2.34177147e-01	6.77301571e+03	5.37472386e+03	4.17143658e+02	4.17143658e+02	1.13338196e+02	7.00421127e+02	3.03805462e+02	2.83277469e+02
3.50700000e+02	2.91920319e-01	2.31659382e-01	6.70001801e+03	5.31693728e+03	4.13287419e+02	4.13287419e+02	1.12780046e+02	6.93490110e+02	3.00507373e+02	2.80202691e+02
3.50800000e+02	2.88728938e-01	2.29133215e-01	6.62677092e+03	5.25895790e+03	4.09439024e+02	4.09439024e+02	1.12241788e+02	6.86555720e+02	2.97197236e+02	2.77116696e+02
3.50900000e+02	2.85528408e-01	2.26600145e-01	6.55331387e+03	5.20082006e+03	4.05614739e+02	4.05614739e+02	1.11738433e+02	6.79635402e+02	2.93876306e+02	2.74020663e+02
3.51000000e+02	2.82319478e-01	2.24060471e-01	6.47966400e+03	5.14253065e+03	4.01785132e+02	4.01785132e+02	1.11238649e+02	6.72701475e+02	2.90546483e+02	2.70916343e+02
3.51100000e+02	2.79100797e-01	2.21513459e-01	6.40579035e+03	5.08407283e+03	3.97983449e+02	3.97983449e+02	1.10778376e+02	6.65784699e+02	2.87205073e+02	2.67801250e+02
3.51200000e+02	2.75872656e-01	2.18960532e-01	6.33169958e+03	5.02547926e+03	3.94334475e+02	3.94334475e+02	1.10486719e+02	6.59005918e+02	2.83847756e+02	2.64671443e+02
3.51300000e+02	2.72636885e-01	2.16402414e-01	6.25743369e+03	4.96676654e+03	3.90764799e+02	3.90764799e+02	1.10285562e+02	6.52296057e+02	2.80479237e+02	2.61531257e+02
3.51400000e+02	2.69395347e-01	2.13839853e-01	6.18303543e+03	4.90795184e+03	3.87200921e+02	3.87200921e+02	1.10096658e+02	6.45585982e+02	2.77104263e+02	2.58385062e+02
3.51500000e+02	2.66149935e-01	2.11273621e-01	6.10854826e+03	4.84905288e+03	3.83569243e+02	3.83569243e+02	1.09841627e+02	6.38806504e+02	2.73727616e+02	2.55237261e+02
3.51600000e+02	2.62901646e-01	2.08705444e-01	6.03399505e+03	4.79010930e+03	3.79968929e+02	3.79968929e+02	1.09622239e+02	6.32054426e+02	2.70346690e+02	2.52085497e+02
3.51700000e+02	2.59649036e-01	2.06133367e-01	5.95934268e+03	4.73107619e+03	3.76313153e+02	3.76313153e+02	1.09350003e+02	6.25244413e+02	2.66963150e+02	2.48931260e+02
3.51800000e+02	2.56393017e-01	2.03557418e-01	5.88461207e+03	4.67195421e+03	3.72530916e+02	3.72530916e+02	1.08950297e+02	6.18308790e+02	2.63580619e+02	2.45777875e+02
3.51900000e+02	2.53136053e-01	2.00979923e-01	5.80985976e+03	4.61279676e+03	3.68664325e+02	3.68664325e+02	1.08464128e+02	6.11290722e+02	2.60200197e+02	2.42626397e+02
3.52000000e+02	2.49880596e-01	1.98403196e-01	5.73514203e+03	4.55365693e+03	3.64755223e+02	3.64755223e+02	1.07932238e+02	6.04233103e+02	2.56822985e+02	2.39477881e+02
3.52100000e+02	2.46629086e-01	1.95829539e-01	5.66051491e+03	4.49458757e+03	3.60845184e+02	3.60845184e+02	1.07395106e+02	5.97178559e+02	2.53450079e+02	2.36333375e+02
3.52200000e+02	2.43382068e-01	1.93259825e-01	5.58599088e+03	4.43560871e+03	3.56981003e+02	3.56981003e+02	1.06900674e+02	5.90172844e+02	2.50080330e+02	2.33191840e+02
3.52300000e+02	2.40140299e-01	1.90694884e-01	5.51158731e+03	4.37673937e+03	3.53187593e+02	3.53187593e+02	1.06473962e+02	5.83240789e+02	2.46713631e+02	2.30053196e+02
3.52400000e+02	2.36905797e-01	1.88136708e-01	5.43735055e+03	4.31802533e+03	3.49508630e+02	3.49508630e+02	1.06158085e+02	5.76426625e+02	2.43350545e+02	2.26917995e+02
3.52500000e+02	2.33680669e-01	1.85587382e-01	5.36332892e+03	4.25951440e+03	3.45990191e+02	3.45990191e+02	1.05998552e+02	5.69776988e+02	2.39991638e+02	2.23786798e+02
3.52600000e+02	2.30466983e-01	1.83048958e-01	5.28956991e+03	4.20125368e+03	3.42677958e+02	3.42677958e+02	1.06040504e+02	5.63338098e+02	2.36637454e+02	2.20660140e+02
3.52700000e+02	2.27266629e-01	1.80523277e-01	5.21611688e+03	4.14328544e+03	3.39610315e+02	3.39610315e+02	1.06321706e+02	5.57148939e+02	2.33288609e+02	2.17538624e+02
3.52800000e+02	2.24076194e-01	1.78006566e-01	5.14289152e+03	4.08552306e+03	3.36671219e+02	3.36671219e+02	1.06725496e+02	5.51093965e+02	2.29945723e+02	2.14422746e+02
3.52900000e+02	2.20891687e-01	1.75500064e-01	5.06980221e+03	4.02799501e+03	3.34314953e+02	3.34314953e+02	1.07727350e+02	5.45608030e+02	2.26587603e+02	2.11293077e+02
3.53000000e+02	2.17715332e-01	1.73004455e-01	4.99690001e+03	3.97071697e+03	3.32431652e+02	3.32431652e+02	1.09210915e+02	5.40587238e+02	2.23220737e+02	2.08155586e+02
3.53100000e+02	2.14549236e-01	1.70520353e-01	4.92423327e+03	3.91370302e+03	3.30913949e+02	3.30913949e+02	1.11062557e+02	5.35929984e+02	2.19851392e+02	2.05016036e+02
3.53200000e+02	2.11395385e-01	1.68048300e-01	4.85184755e+03	3.85696562e+03	3.29656971e+02	3.29656971e+02	1.13171360e+02	5.31536955e+02	2.16485611e+02	2.01879984e+02
3.53300000e+02	2.08255067e-01	1.65588627e-01	4.77977245e+03	3.80051236e+03	3.28590204e+02	3.28590204e+02	1.15462794e+02	5.27341326e+02	2.13127409e+02	1.98751123e+02
3.53400000e+02	2.05127527e-01	1.63139070e-01	4.70799062e+03	3.74429128e+03	3.27539098e+02	3.27539098e+02	1.17756647e+02	5.23173706e+02	2.09782451e+02	1.95634608e+02
3.53500000e+02	2.02012730e-01	1.60696183e-01	4.63650126e+03	3.68822328e+03	3.26146828e+02	3.26146828e+02	1.19682876e+02	5.18689335e+02	2.06463952e+02	1.92542507e+02
3.53600000e+02	1.98912195e-01	1.58261431e-01	4.56533924e+03	3.63234201e+03	3.24442757e+02	3.24442757e+02	1.21270292e+02	5.13918111e+02	2.03172466e+02	1.89475353e+02
3.53700000e+02	1.95827287e-01	1.55836154e-01	4.49453588e+03	3.57667818e+03	3.22455441e+02	3.22455441e+02	1.22547032e+02	5.08888997e+02	1.99908408e+02	1.86433556e+02
3.53800000e+02	1.92759217e-01	1.53421561e-01	4.42411898e+03	3.52125958e+03	3.20212625e+02	3.20212625e+02	1.23540565e+02	5.03630018e+02	1.96672060e+02	1.83417394e+02
3.53900000e+02	1.89710128e-01	1.51019550e-01	4.35413773e+03	3.46612976e+03	3.17737850e+02	3.17737850e+02	1.24272985e+02	4.98166078e+02	1.93464864e+02	1.80428229e+02
3.54000000e+02	1.86674395e-01	1.48625278e-01	4.28446301e+03	3.41117754e+03	3.14983585e+02	3.14983585e+02	1.24701084e+02	4.92445587e+02	1.90282500e+02	1.77462002e+02
3.54100000e+02	1.83649361e-01	1.46236577e-01	4.21503384e+03	3.35635320e+03	3.11940030e+02	3.11940030e+02	1.24817573e+02	4.86456399e+02	1.87122457e+02	1.74516369e+02
3.54200000e+02	1.80638762e-01	1.43856815e-01	4.14593599e+03	3.30173402e+03	3.08654292e+02	3.08654292e+02	1.24667264e+02	4.80247791e+02	1.83987029e+02	1.71593499e+02
3.54300000e+02	1.77646086e-01	1.41489144e-01	4.07724949e+03	3.24739236e+03	3.05171619e+02	3.05171619e+02	1.24293312e+02	4.73866990e+02	1.80878307e+02	1.68695370e+02
3.54400000e+02	1.74674566e-01	1.39136505e-01	4.00904858e+03	3.19339568e+03	3.01535402e+02	3.01535402e+02	1.23737221e+02	4.67359174e+02	1.77798181e+02	1.65823773e+02
3.54500000e+02	1.71723861e-01	1.36797922e-01	3.94132538e+03	3.13972163e+03	2.97671970e+02	2.97671970e+02	1.22922956e+02	4.60652828e+02	1.74749014e+02	1.62980858e+02
3.54600000e+02	1.68792291e-01	1.34473933e-01	3.87404135e+03	3.08638254e+03	2.93774003e+02	2.93774003e+02	1.22052170e+02	4.53932404e+02	1.71721834e+02	1.60158401e+02
3.54700000e+02	1.65881428e-01	1.32165860e-01	3.80723260e+03	3.03340872e+03	2.89851334e+02	2.89851334e+02	1.21133357e+02	4.47208985e+02	1.68717977e+02	1.57357651e+02
3.54800000e+02	1.62993204e-01	1.29874735e-01	3.74094344e+03	2.98082389e+03	2.85854554e+02	2.85854554e+02	1.20113185e+02	4.40436786e+02	1.65741368e+02	1.54582232e+02
3.54900000e+02	1.60129241e-01	1.27601342e-01	3.67521110e+03	2.92864604e+03	2.81733551e+02	2.81733551e+02	1.18937928e+02	4.33569028e+02	1.62795623e+02	1.51835477e+02
3.55000000e+02	1.57290849e-01	1.25346217e-01	3.61006567e+03	2.87688747e+03	2.77437510e+02	2.77437510e+02	1.17553462e+02	4.26557942e+02	1.59884048e+02	1.49120432e+02
3.55100000e+02	1.54482466e-01	1.23115275e-01	3.54560898e+03	2.82568394e+03	2.73222423e+02	2.73222423e+02	1.16220488e+02	4.19655308e+02	1.57001935e+02	1.46432885e+02
3.55200000e+02	1.51696882e-01	1.20902997e-01	3.48167556e+03	2.77490877e+03	2.69099249e+02	2.69099249e+02	1.14958172e+02	4.12864449e+02	1.54141077e+02	1.43765200e+02
3.55300000e+02	1.48937203e-01	1.18711903e-01	3.41833671e+03	2.72461981e+03	2.65078075e+02	2.65078075e+02	1.13773615e+02	4.06198240e+02	1.51304460e+02	1.41120165e+02
3.55400000e+02	1.46206175e-01	1.16544244e-01	3.35565543e+03	2.67486874e+03	2.61170462e+02	2.61170462e+02	1.12675838e+02	3.99670618e+02	1.48494624e+02	1.38500155e+02
3.55500000e+02	1.43506181e-01	1.14402006e-01	3.29368644e+03	2.62570110e+03	2.57389451e+02	2.57389451e+02	1.11675785e+02	3.93296582e+02	1.45713666e+02	1.35907131e+02
3.55600000e+02	1.40839666e-01	1.12287222e-01	3.23248583e+03	2.57716356e+03	2.53748241e+02	2.53748241e+02	1.10784502e+02	3.87091348e+02	1.42963739e+02	1.33343107e+02
3.55700000e+02	1.38211714e-01	1.10203309e-01	3.17217032e+03	2.52933457e+03	2.50189644e+02	2.50189644e+02	1.09937174e+02	3.81004794e+02	1.40252470e+02	1.30815150e+02
3.55800000e+02	1.35627512e-01	1.08153023e-01	3.11285894e+03	2.48227736e+03	2.46579048e+02	2.46579048e+02	1.08988579e+02	3.74912097e+02	1.37590469e+02	1.28333050e+02
3.55900000e+02	1.33087329e-01	1.06137199e-01	3.05455785e+03	2.43601113e+03	2.42981847e+02	2.42981847e+02	1.08006248e+02	3.68876707e+02	1.34975599e+02	1.25894860e+02
3.56000000e+02	1.30591133e-01	1.04156436e-01	2.99726634e+03	2.39054958e+03	2.39462891e+02	2.39462891e+02	1.07057474e+02	3.62961242e+02	1.32405417e+02	1.23498351e+02
3.56100000e+02	1.28138593e-01	1.02211090e-01	2.94097679e+03	2.34590092e+03	2.36086484e+02	2.36086484e+02	1.06209308e+02	3.57227491e+02	1.29877176e+02	1.21141007e+02
3.56200000e+02	1.25730169e-01	1.00300758e-01	2.88569977e+03	2.30205587e+03	2.32772935e+02	2.32772935e+02	1.05378601e+02	3.51598930e+02	1.27394334e+02	1.18825995e+02
3.56300000e+02	1.23366332e-01	9.84250660e-02	2.83144608e+03	2.25900587e+03	2.29445122e+02	2.29445122e+02	1.04484858e+02	3.46001526e+02	1.24960263e+02	1.16556404e+02
3.56400000e+02	1.21046118e-01	9.65838264e-02	2.77819362e+03	2.21674660e+03	2.26161735e+02	2.26161735e+02	1.03589991e+02	3.40491008e+02	1.22571744e+02	1.14329273e+02
3.56500000e+02	1.18768623e-01	9.47759737e-02	2.72592164e+03	2.17525362e+03	2.22885191e+02	2.22885191e+02	1.02655997e+02	3.35030157e+02	1.20229193e+02	1.12144966e+02
3.56600000e+02	1.16532658e-01	9.30002041e-02	2.67460281e+03	2.13449699e+03	2.19576350e+02	2.19576350e+02	1.01643573e+02	3.29579960e+02	1.17932777e+02	1.10003610e+02
3.56700000e+02	1.14336744e-01	9.12549749e-02	2.62420322e+03	2.09444131e+03	2.16194522e+02	2.16194522e+02	1.00512116e+02	3.24099619e+02	1.15682406e+02	1.07905096e+02
3.56800000e+02	1.12182155e-01	8.95429842e-02	2.57475210e+03	2.05514850e+03	2.12917546e+02	2.12917546e+02	9.94446910e+01	3.18762223e+02	1.13472855e+02	1.05844677e+02
3.56900000e+02	1.10059963e-01	8.78585564e-02	2.52604457e+03	2.01648831e+03	2.09879747e+02	2.09879747e+02	9.85902727e+01	3.13688546e+02	1.11289474e+02	1.03808799e+02
3.57000000e+02	1.07967580e-01	8.61998719e-02	2.47802116e+03	1.97841896e+03	2.07102065e+02	2.07102065e+02	9.79733800e+01	3.08896207e+02	1.09128685e+02	1.01794143e+02
3.57100000e+02	1.05905708e-01	8.45675979e-02	2.43069806e+03	1.94095577e+03	2.04596754e+02	2.04596754e+02	9.76059611e+01	3.04397756e+02	1.06990793e+02	9.98010017e+01
3.57200000e+02	1.03874698e-01	8.29621334e-02	2.38408326e+03	1.90410791e+03	2.02377120e+02	2.02377120e+02	9.75014386e+01	3.00206396e+02	1.04875681e+02	9.78292763e+01
3.57300000e+02	1.01874539e-01	8.13836092e-02	2.33817655e+03	1.86787836e+03	2.00457516e+02	2.00457516e+02	9.76747090e+01	2.96335987e+02	1.02782807e+02	9.58784706e+01
3.57400000e+02	9.99058520e-02	7.98328739e-02	2.29299217e+03	1.83228661e+03	1.98875982e+02	1.98875982e+02	9.81645523e+01	2.92823902e+02	1.00711430e+02	9.39479202e+01
3.57500000e+02	9.79654090e-02	7.83048637e-02	2.24845604e+03	1.79721644e+03	1.97366958e+02	1.97366958e+02	9.86990389e+01	2.89410335e+02	9.86679189e+01	9.20433768e+01
3.57600000e+02	9.60528996e-02	7.68001004e-02	2.20456102e+03	1.76267982e+03	1.96010102e+02	1.96010102e+02	9.93611220e+01	2.86171929e+02	9.66489803e+01	9.01618266e+01
3.57700000e+02	9.41676751e-02	7.53188634e-02	2.16129223e+03	1.72868316e+03	1.94887371e+02	1.94887371e+02	1.00236503e+02	2.83187207e+02	9.46508679e+01	8.82998361e+01
3.57800000e+02	9.23087133e-02	7.38611291e-02	2.11862622e+03	1.69522593e+03	1.94079465e+02	1.94079465e+02	1.01409986e+02	2.80533103e+02	9.26694785e+01	8.64536387e+01
3.57900000e+02	9.04754833e-02	7.24265042e-02	2.07655078e+03	1.66229909e+03	1.93588558e+02	1.93588558e+02	1.02884401e+02	2.78211183e+02	9.07041567e+01	8.46226254e+01
3.58000000e+02	8.86712225e-02	7.10134180e-02	2.03514024e+03	1.62986660e+03	1.92987361e+02	1.92987361e+02	1.04213085e+02	2.75811911e+02	8.87742761e+01	8.28245495e+01
3.58100000e+02	8.68901480e-02	6.96193635e-02	1.99426185e+03	1.59787092e+03	1.92484887e+02	1.92484887e+02	1.05619070e+02	2.73531381e+02	8.68658163e+01	8.10464945e+01
3.58200000e+02	8.51325359e-02	6.82434111e-02	1.95392197e+03	1.56629071e+03	1.91961701e+02	1.91961701e+02	1.06978189e+02	2.71254490e+02	8.49835120e+01	7.92927890e+01
3.58300000e+02	8.33982814e-02	6.68843071e-02	1.91411817e+03	1.53509719e+03	1.91295535e+02	1.91295535e+02	1.08163743e+02	2.68863008e+02	8.31317913e+01	7.75674737e+01
3.58400000e+02	8.16868991e-02	6.55404737e-02	1.87483933e+03	1.50425416e+03	1.90361278e+02	1.90361278e+02	1.09046502e+02	2.66235581e+02	8.13147759e+01	7.58743024e+01
3.58500000e+02	7.99984424e-02	6.42127234e-02	1.83608666e+03	1.47378026e+03	1.89239368e+02	1.89239368e+02	1.09709832e+02	2.63449969e+02	7.95295358e+01	7.42106010e+01
3.58600000e+02	7.83340130e-02	6.29045379e-02	1.79788546e+03	1.44375540e+03	1.88203357e+02	1.88203357e+02	1.10436254e+02	2.60771560e+02	7.77671028e+01	7.25682029e+01
3.58700000e+02	7.66929543e-02	6.16149884e-02	1.76022065e+03	1.41415826e+03	1.87209792e+02	1.87209792e+02	1.11181412e+02	2.58157712e+02	7.60283804e+01	7.09479201e+01
3.58800000e+02	7.50735556e-02	6.03426358e-02	1.72305298e+03	1.38495582e+03	1.86247741e+02	1.86247741e+02	1.11935818e+02	2.55596141e+02	7.43119236e+01	6.93483990e+01
3.58900000e+02	7.34737528e-02	5.90857740e-02	1.68633505e+03	1.35610892e+03	1.85307193e+02	1.85307193e+02	1.12691322e+02	2.53075092e+02	7.26158708e+01	6.77678989e+01
3.59000000e+02	7.18911283e-02	5.78424303e-02	1.65001140e+03	1.32757228e+03	1.84379057e+02	1.84379057e+02	1.13441113e+02	2.50583349e+02	7.09379440e+01	6.62042914e+01
3.59100000e+02	7.03324764e-02	5.66186365e-02	1.61423795e+03	1.29948434e+03	1.83539729e+02	1.83539729e+02	1.14257072e+02	2.48201562e+02	6.92826570e+01	6.46618335e+01
3.59200000e+02	6.87983462e-02	5.54154697e-02	1.57902732e+03	1.27186982e+03	1.82856889e+02	1.82856889e+02	1.15208799e+02	2.45995672e+02	6.76480902e+01	6.31387834e+01
3.59300000e+02	6.72870851e-02	5.42318414e-02	1.54434156e+03	1.24470374e+03	1.82351477e+02	1.82351477e+02	1.16319799e+02	2.43984242e+02	6.60316776e+01	6.16327654e+01
3.59400000e+02	6.57994578e-02	5.30685647e-02	1.51019824e+03	1.21800476e+03	1.82046071e+02	1.82046071e+02	1.17612663e+02	2.42189856e+02	6.44334081e+01	6.01437846e+01
3.59500000e+02	6.43359298e-02	5.19262374e-02	1.47660803e+03	1.19178660e+03	1.81965180e+02	1.81965180e+02	1.19112305e+02	2.40636658e+02	6.28528750e+01	5.86714788e+01
3.59600000e+02	6.28966669e-02	5.08052425e-02	1.44357475e+03	1.16605806e+03	1.82135239e+02	1.82135239e+02	1.20845963e+02	2.39350358e+02	6.12892760e+01	5.72151189e+01
3.59700000e+02	6.14845799e-02	4.97055661e-02	1.41116519e+03	1.14081880e+03	1.82317957e+02	1.82317957e+02	1.22563346e+02	2.38103676e+02	5.97546110e+01	5.57857194e+01
3.59800000e+02	6.01000592e-02	4.86258883e-02	1.37938832e+03	1.11603854e+03	1.82343866e+02	1.82343866e+02	1.24088269e+02	2.36733287e+02	5.82555970e+01	5.43894210e+01
3.59900000e+02	5.87431309e-02	4.75660501e-02	1.34824474e+03	1.09171363e+03	1.82194256e+02	1.82194256e+02	1.25401298e+02	2.35221140e+02	5.67929573e+01	5.30268846e+01
3.60000000e+02	5.74135872e-02	4.65257919e-02	1.31772968e+03	1.06783812e+03	1.81858937e+02	1.81858937e+02	1.26492092e+02	2.33557183e+02	5.53668454e+01	5.16982463e+01
3.60100000e+02	5.61109432e-02	4.55046262e-02	1.28783201e+03	1.04440080e+03	1.81326531e+02	1.81326531e+02	1.27349372e+02	2.31729935e+02	5.39771591e+01	5.04034030e+01
3.60200000e+02	5.48350056e-02	4.45022860e-02	1.25854728e+03	1.02139556e+03	1.80584898e+02	1.80584898e+02	1.27960758e+02	2.29727470e+02	5.26241404e+01	4.91425718e+01
3.60300000e+02	5.35948237e-02	4.35258616e-02	1.23008321e+03	9.98985126e+02	1.79637364e+02	1.79637364e+02	1.28319907e+02	2.27562125e+02	5.13174570e+01	4.79247605e+01
3.60400000e+02	5.23866813e-02	4.25727879e-02	1.20235450e+03	9.77110625e+02	1.78518721e+02	1.78518721e+02	1.28466925e+02	2.25263764e+02	5.00517958e+01	4.67450436e+01
3.60500000e+02	5.12123160e-02	4.16441645e-02	1.17540101e+03	9.55797297e+02	1.77202302e+02	1.77202302e+02	1.28372275e+02	2.22808379e+02	4.88300271e+01	4.56060768e+01
3.60600000e+02	5.00732207e-02	4.07408943e-02	1.14925703e+03	9.35065865e+02	1.75660810e+02	1.75660810e+02	1.28006030e+02	2.20171101e+02	4.76547804e+01	4.45102904e+01
3.60700000e+02	4.89706439e-02	3.98636834e-02	1.12395121e+03	9.14932533e+02	1.73866316e+02	1.73866316e+02	1.27337873e+02	2.17326206e+02	4.65284438e+01	4.34598900e+01
3.60800000e+02	4.79037036e-02	3.90123553e-02	1.09946330e+03	8.95393249e+02	1.71872174e+02	1.71872174e+02	1.26424092e+02	2.14324351e+02	4.54480814e+01	4.24521771e+01
3.60900000e+02	4.68681324e-02	3.81851119e-02	1.07569535e+03	8.76406746e+02	1.69838044e+02	1.69838044e+02	1.25434898e+02	2.11315480e+02	4.44031456e+01	4.14774365e+01
3.61000000e+02	4.58631422e-02	3.73811927e-02	1.05262929e+03	8.57955571e+02	1.67748743e+02	1.67748743e+02	1.24355395e+02	2.08284131e+02	4.33933475e+01	4.05353885e+01
3.61100000e+02	4.48877727e-02	3.66002216e-02	1.03024307e+03	8.40031091e+02	1.65643169e+02	1.65643169e+02	1.23226966e+02	2.05266916e+02	4.24162035e+01	3.96237463e+01
3.61200000e+02	4.39407723e-02	3.58416025e-02	1.00850796e+03	8.22619622e+02	1.63560963e+02	1.63560963e+02	1.22092077e+02	2.02300867e+02	4.14688869e+01	3.87399040e+01
3.61300000e+02	4.30205982e-02	3.51045190e-02	9.87388557e+02	8.05702425e+02	1.61542505e+02	1.61542505e+02	1.20994276e+02	1.99423442e+02	4.05482286e+01	3.78809374e+01
3.61400000e+02	4.21257906e-02	3.43872429e-02	9.66851353e+02	7.89239841e+02	1.59526299e+02	1.59526299e+02	1.19871366e+02	1.96573759e+02	3.96549332e+01	3.70474605e+01
3.61500000e+02	4.12531845e-02	3.36866106e-02	9.46823709e+02	7.73159259e+02	1.57439849e+02	1.57439849e+02	1.18651580e+02	1.93678591e+02	3.87882689e+01	3.62387421e+01
3.61600000e+02	4.03999106e-02	3.30004329e-02	9.27239765e+02	7.57410430e+02	1.55288240e+02	1.55288240e+02	1.17343298e+02	1.90739958e+02	3.79449421e+01	3.54517177e+01
3.61700000e+02	3.95638778e-02	3.23271258e-02	9.08051535e+02	7.41957001e+02	1.53076381e+02	1.53076381e+02	1.15953873e+02	1.87760495e+02	3.71225082e+01	3.46841135e+01
3.61800000e+02	3.87426893e-02	3.16648604e-02	8.89204001e+02	7.26756999e+02	1.50808538e+02	1.50808538e+02	1.14490322e+02	1.84741906e+02	3.63182151e+01	3.39333689e+01
3.61900000e+02	3.79336415e-02	3.10115630e-02	8.70635116e+02	7.11762822e+02	1.48488325e+02	1.48488325e+02	1.12959321e+02	1.81684961e+02	3.55290033e+01	3.31966367e+01
3.62000000e+02	3.71446806e-02	3.03731799e-02	8.52527257e+02	6.97110954e+02	1.46089517e+02	1.46089517e+02	1.11325072e+02	1.78572331e+02	3.47644449e+01	3.24828148e+01
3.62100000e+02	3.63798745e-02	2.97520523e-02	8.34973786e+02	6.82855125e+02	1.43525328e+02	1.43525328e+02	1.09493164e+02	1.75324274e+02	3.40321645e+01	3.17989463e+01
3.62200000e+02	3.56383283e-02	2.91474498e-02	8.17954167e+02	6.68978573e+02	1.40792378e+02	1.40792378e+02	1.07461058e+02	1.71936622e+02	3.33313196e+01	3.11442440e+01
3.62300000e+02	3.49185946e-02	2.85583474e-02	8.01435178e+02	6.55457771e+02	1.37901510e+02	1.37901510e+02	1.05241569e+02	1.68418391e+02	3.26599412e+01	3.05168813e+01
3.62400000e+02	3.42190387e-02	2.79835579e-02	7.85379300e+02	6.42265474e+02	1.34861910e+02	1.34861910e+02	1.02845991e+02	1.64776809e+02	3.20159194e+01	2.99148991e+01
3.62500000e+02	3.35378388e-02	2.74217326e-02	7.69744719e+02	6.29370723e+02	1.31681104e+02	1.31681104e+02	1.00284101e+02	1.61017310e+02	3.13970035e+01	2.93362060e+01
3.62600000e+02	3.28763694e-02	2.68774355e-02	7.54562983e+02	6.16878272e+02	1.28723389e+02	1.28723389e+02	9.79322396e+01	1.57493223e+02	3.07911499e+01	2.87698331e+01
3.62700000e+02	3.22326909e-02	2.63505845e-02	7.39789576e+02	6.04786236e+02	1.26138029e+02	1.26138029e+02	9.59473135e+01	1.54346793e+02	3.01907159e+01	2.82087637e+01
3.62800000e+02	3.16051782e-02	2.58404223e-02	7.25387200e+02	5.93077232e+02	1.23978254e+02	1.23978254e+02	9.43862875e+01	1.51627809e+02	2.95919663e+01	2.76495548e+01
3.62900000e+02	3.09920394e-02	2.53460761e-02	7.11314727e+02	5.81731231e+02	1.22298834e+02	1.22298834e+02	9.33079067e+01	1.49387377e+02	2.89909276e+01	2.70885428e+01
3.63000000e+02	3.03913157e-02	2.48665579e-02	6.97527199e+02	5.70725554e+02	1.21156085e+02	1.21156085e+02	9.27726963e+01	1.47677929e+02	2.83833888e+01	2.65218437e+01
3.63100000e+02	2.98026975e-02	2.44013005e-02	6.84017511e+02	5.60047184e+02	1.20516025e+02	1.20516025e+02	9.27457474e+01	1.46466323e+02	2.77702772e+01	2.59502980e+01
3.63200000e+02	2.92294305e-02	2.39506387e-02	6.70860156e+02	5.49703807e+02	1.20149477e+02	1.20149477e+02	9.29858599e+01	1.45534425e+02	2.71636166e+01	2.53849488e+01
3.63300000e+02	2.86681006e-02	2.35127916e-02	6.57976774e+02	5.39654545e+02	1.20148459e+02	1.20148459e+02	9.35921636e+01	1.44967694e+02	2.65562953e+01	2.48192346e+01
3.63400000e+02	2.81185014e-02	2.30870784e-02	6.45362633e+02	5.29883775e+02	1.20458734e+02	1.20458734e+02	9.45086289e+01	1.44713520e+02	2.59501046e+01	2.42547867e+01
3.63500000e+02	2.75802838e-02	2.26727077e-02	6.33009715e+02	5.20373335e+02	1.21026169e+02	1.21026169e+02	9.56794923e+01	1.44719258e+02	2.53466771e+01	2.36930890e+01
3.63600000e+02	2.70529552e-02	2.22687777e-02	6.20906718e+02	5.11102523e+02	1.21796743e+02	1.21796743e+02	9.70492568e+01	1.44932221e+02	2.47474867e+01	2.31354772e+01
3.63700000e+02	2.65353068e-02	2.18740764e-02	6.09025894e+02	5.02043524e+02	1.22742394e+02	1.22742394e+02	9.85901268e+01	1.45324078e+02	2.41522673e+01	2.25816844e+01
3.63800000e+02	2.60255188e-02	2.14860899e-02	5.97325479e+02	4.93138639e+02	1.23748936e+02	1.23748936e+02	1.00185645e+02	1.45782685e+02	2.35632913e+01	2.20337488e+01
3.63900000e+02	2.55222866e-02	2.11028239e-02	5.85775532e+02	4.84342099e+02	1.24714476e+02	1.24714476e+02	1.01731545e+02	1.46208288e+02	2.29829316e+01	2.14938113e+01
3.64000000e+02	2.50243833e-02	2.07232587e-02	5.74347887e+02	4.75630496e+02	1.25632474e+02	1.25632474e+02	1.03222370e+02	1.46593330e+02	2.24101035e+01	2.09608568e+01
3.64100000e+02	2.45304258e-02	2.03462433e-02	5.63010807e+02	4.66977418e+02	1.26495399e+02	1.26495399e+02	1.04651809e+02	1.46929146e+02	2.18435904e+01	2.04337468e+01
3.64200000e+02	2.40388757e-02	1.99704963e-02	5.51728981e+02	4.58353447e+02	1.27294738e+02	1.27294738e+02	1.06012694e+02	1.47205957e+02	2.12820438e+01	1.99112196e+01
3.64300000e+02	2.35538125e-02	1.95991024e-02	5.40596037e+02	4.49829391e+02	1.28020371e+02	1.28020371e+02	1.07290118e+02	1.47418101e+02	2.07302536e+01	1.93977298e+01
3.64400000e+02	2.30770303e-02	1.92331836e-02	5.29653157e+02	4.41430994e+02	1.28643326e+02	1.28643326e+02	1.08452089e+02	1.47539394e+02	2.01912372e+01	1.88960685e+01
3.64500000e+02	2.26081261e-02	1.88723009e-02	5.18891087e+02	4.33148184e+02	1.29150620e+02	1.29150620e+02	1.09485579e+02	1.47556889e+02	1.96650407e+01	1.84062693e+01
3.64600000e+02	2.21466473e-02	1.85160251e-02	5.08299444e+02	4.24971109e+02	1.29534286e+02	1.29534286e+02	1.10382815e+02	1.47462432e+02	1.91514703e+01	1.79281467e+01
3.64700000e+02	2.16920439e-02	1.81638393e-02	4.97865600e+02	4.16887904e+02	1.29785166e+02	1.29785166e+02	1.11134895e+02	1.47246623e+02	1.86502711e+01	1.74614566e+01
3.64800000e+02	2.12436677e-02	1.78151387e-02	4.87574681e+02	4.08884692e+02	1.29892913e+02	1.29892913e+02	1.11731787e+02	1.46898810e+02	1.81611260e+01	1.70058969e+01
3.64900000e+02	2.08012490e-02	1.74706923e-02	4.77420493e+02	4.00979122e+02	1.29959716e+02	1.29959716e+02	1.12279768e+02	1.46517446e+02	1.76799477e+01	1.65577299e+01
3.65000000e+02	2.03619757e-02	1.71303396e-02	4.67338498e+02	3.93167505e+02	1.30197619e+02	1.30197619e+02	1.13001801e+02	1.46304550e+02	1.71958176e+01	1.61069307e+01
3.65100000e+02	1.99254532e-02	1.67934694e-02	4.57319639e+02	3.85435820e+02	1.30575010e+02	1.30575010e+02	1.13865527e+02	1.46229183e+02	1.67094830e+01	1.56541736e+01
3.65200000e+02	1.94911746e-02	1.64593964e-02	4.47352281e+02	3.77768332e+02	1.31061605e+02	1.31061605e+02	1.14840085e+02	1.46261580e+02	1.62215202e+01	1.51999747e+01
3.65300000e+02	1.90585209e-02	1.61273600e-02	4.37422217e+02	3.70147589e+02	1.31628456e+02	1.31628456e+02	1.15896121e+02	1.46373147e+02	1.57323347e+01	1.47446918e+01
3.65400000e+02	1.86277665e-02	1.57972067e-02	4.27535744e+02	3.62570065e+02	1.32237207e+02	1.32237207e+02	1.16993559e+02	1.46527109e+02	1.52436479e+01	1.42899021e+01
3.65500000e+02	1.82029902e-02	1.54707027e-02	4.17786479e+02	3.55076299e+02	1.32740208e+02	1.32740208e+02	1.17974850e+02	1.46584932e+02	1.47653573e+01	1.38447240e+01
3.65600000e+02	1.77817987e-02	1.51440474e-02	4.08119488e+02	3.47579060e+02	1.32935724e+02	1.32935724e+02	1.18633358e+02	1.46349310e+02	1.43023660e+01	1.34135863e+01
3.65700000e+02	1.73652131e-02	1.48181413e-02	3.98558211e+02	3.40099016e+02	1.32834597e+02	1.32834597e+02	1.18979220e+02	1.45831747e+02	1.38553765e+01	1.29971508e+01
3.65800000e+02	1.69541567e-02	1.44937972e-02	3.89123838e+02	3.32654825e+02	1.32446505e+02	1.32446505e+02	1.19021478e+02	1.45042525e+02	1.34250280e+01	1.25960197e+01
3.65900000e+02	1.65494546e-02	1.41717406e-02	3.79835306e+02	3.25263132e+02	1.31779971e+02	1.31779971e+02	1.18768074e+02	1.43990706e+02	1.30118969e+01	1.22107357e+01
3.66000000e+02	1.61519071e-02	1.38529795e-02	3.70710983e+02	3.17947076e+02	1.30875045e+02	1.30875045e+02	1.18259683e+02	1.42715792e+02	1.26153615e+01	1.18407471e+01
3.66100000e+02	1.57616664e-02	1.35376332e-02	3.61754361e+02	3.10709397e+02	1.29731798e+02	1.29731798e+02	1.17496214e+02	1.41218003e+02	1.22355839e+01	1.14862048e+01
3.66200000e+02	1.53787660e-02	1.32253817e-02	3.52966211e+02	3.03542746e+02	1.28314096e+02	1.28314096e+02	1.16440154e+02	1.39462464e+02	1.18739424e+01	1.11483681e+01
3.66300000e+02	1.50039358e-02	1.29172592e-02	3.44363284e+02	2.96470863e+02	1.26670462e+02	1.26670462e+02	1.15141037e+02	1.37496789e+02	1.15294244e+01	1.08263271e+01
3.66400000e+02	1.46377981e-02	1.26141998e-02	3.35959863e+02	2.89515187e+02	1.24847698e+02	1.24847698e+02	1.13646733e+02	1.35366820e+02	1.12009650e+01	1.05191217e+01
3.66500000e+02	1.42808676e-02	1.23170372e-02	3.27767764e+02	2.82694851e+02	1.22890890e+02	1.22890890e+02	1.12003443e+02	1.33116632e+02	1.08874467e+01	1.02257419e+01
3.66600000e+02	1.39353216e-02	1.20278927e-02	3.19836955e+02	2.76058543e+02	1.20844172e+02	1.20844172e+02	1.10254586e+02	1.30791057e+02	1.05895857e+01	9.94688520e+00
3.66700000e+02	1.36054199e-02	1.17521600e-02	3.12265205e+02	2.69730055e+02	1.18923616e+02	1.18923616e+02	1.08619650e+02	1.28603133e+02	1.03039659e+01	9.67951742e+00
3.66800000e+02	1.32924054e-02	1.14915270e-02	3.05081042e+02	2.63748129e+02	1.17204164e+02	1.17204164e+02	1.07175016e+02	1.26626514e+02	1.00291486e+01	9.42234983e+00
3.66900000e+02	1.29961979e-02	1.12458250e-02	2.98282627e+02	2.58108893e+02	1.15674743e+02	1.15674743e+02	1.05909285e+02	1.24850421e+02	9.76545830e+00	9.17567718e+00
3.67000000e+02	1.27166602e-02	1.10148444e-02	2.91866809e+02	2.52807534e+02	1.14324649e+02	1.14324649e+02	1.04811505e+02	1.23264373e+02	9.51314413e+00	8.93972412e+00
3.67100000e+02	1.24535979e-02	1.07983345e-02	2.85829128e+02	2.47838300e+02	1.13143547e+02	1.13143547e+02	1.03871167e+02	1.21858192e+02	9.27237961e+00	8.71464523e+00
3.67200000e+02	1.22046876e-02	1.05952502e-02	2.80116255e+02	2.43177205e+02	1.12211484e+02	1.12211484e+02	1.03173806e+02	1.20706868e+02	9.03767757e+00	8.49538410e+00
3.67300000e+02	1.19677385e-02	1.04034366e-02	2.74677910e+02	2.38774790e+02	1.11481907e+02	1.11481907e+02	1.02673510e+02	1.19763218e+02	8.80839682e+00	8.28131157e+00
3.67400000e+02	1.17420829e-02	1.02225747e-02	2.69498769e+02	2.34623732e+02	1.10975877e+02	1.10975877e+02	1.02392844e+02	1.19046917e+02	8.58303253e+00	8.07104035e+00
3.67500000e+02	1.15270566e-02	1.00524048e-02	2.64563586e+02	2.30718071e+02	1.10720337e+02	1.10720337e+02	1.02360471e+02	1.18583324e+02	8.35986540e+00	7.86298738e+00
3.67600000e+02	1.13219111e-02	9.89260576e-03	2.59855184e+02	2.27050439e+02	1.10742710e+02	1.10742710e+02	1.02605643e+02	1.18398179e+02	8.13706695e+00	7.65546824e+00
3.67700000e+02	1.11258579e-02	9.74275124e-03	2.55355463e+02	2.23611049e+02	1.11062673e+02	1.11062673e+02	1.03149620e+02	1.18509694e+02	7.91305321e+00	7.44702095e+00
3.67800000e+02	1.09379942e-02	9.60193579e-03	2.51043704e+02	2.20379119e+02	1.11659227e+02	1.11659227e+02	1.03971599e+02	1.18896674e+02	7.68762727e+00	7.23744773e+00
3.67900000e+02	1.07552326e-02	9.46979468e-03	2.46849044e+02	2.17346278e+02	1.12745562e+02	1.12745562e+02	1.05296032e+02	1.19761969e+02	7.44953011e+00	7.01640696e+00
3.68000000e+02	1.05771723e-02	9.34559132e-03	2.42762289e+02	2.14495621e+02	1.14277436e+02	1.14277436e+02	1.07077464e+02	1.21062431e+02	7.19997151e+00	6.78499522e+00
3.68100000e+02	1.04033085e-02	9.22852668e-03	2.38771848e+02	2.11808808e+02	1.16212578e+02	1.16212578e+02	1.09272603e+02	1.22756715e+02	6.93997510e+00	6.54413708e+00
3.68200000e+02	1.02330319e-02	9.11773934e-03	2.34863740e+02	2.09266069e+02	1.18510694e+02	1.18510694e+02	1.11840315e+02	1.24805279e+02	6.67037844e+00	6.29458508e+00
3.68300000e+02	1.00671347e-02	9.01284951e-03	2.31056145e+02	2.06858687e+02	1.21067702e+02	1.21067702e+02	1.14671797e+02	1.27108369e+02	6.39590439e+00	6.04066722e+00
3.68400000e+02	9.90708494e-03	8.91284784e-03	2.27382759e+02	2.04563496e+02	1.23658837e+02	1.23658837e+02	1.17532347e+02	1.29450322e+02	6.12648976e+00	5.79148554e+00
3.68500000e+02	9.75121642e-03	8.81537175e-03	2.23805338e+02	2.02326271e+02	1.26173214e+02	1.26173214e+02	1.20308764e+02	1.31722335e+02	5.86445017e+00	5.54912105e+00
3.68600000e+02	9.60011827e-03	8.72031812e-03	2.20337404e+02	2.00144644e+02	1.28552133e+02	1.28552133e+02	1.22939530e+02	1.33868291e+02	5.61260332e+00	5.31615818e+00
3.68700000e+02	9.45428140e-03	8.62750599e-03	2.16990225e+02	1.98014464e+02	1.30736767e+02	1.30736767e+02	1.25363102e+02	1.35831854e+02	5.37366542e+00	5.09508675e+00
3.68800000e+02	9.31409857e-03	8.53667658e-03	2.13772814e+02	1.95929790e+02	1.32668158e+02	1.32668158e+02	1.27517907e+02	1.37556460e+02	5.15025120e+00	4.88830196e+00
3.68900000e+02	9.18014898e-03	8.44884395e-03	2.10698466e+02	1.93913897e+02	1.34404969e+02	1.34404969e+02	1.29464160e+02	1.39099367e+02	4.94080851e+00	4.69439821e+00
3.69000000e+02	9.05555064e-03	8.36535982e-03	2.07838743e+02	1.91997808e+02	1.35834492e+02	1.35834492e+02	1.31081595e+02	1.40354832e+02	4.75289727e+00	4.52034024e+00
3.69100000e+02	8.94143311e-03	8.28634164e-03	2.05219572e+02	1.90184220e+02	1.36877065e+02	1.36877065e+02	1.32286366e+02	1.41247033e+02	4.59069850e+00	4.36996805e+00
3.69200000e+02	8.83706209e-03	8.21157042e-03	2.02824097e+02	1.88468106e+02	1.37569592e+02	1.37569592e+02	1.33117546e+02	1.41810883e+02	4.45204694e+00	4.24129002e+00
3.69300000e+02	8.74164372e-03	8.14077193e-03	2.00634099e+02	1.86843172e+02	1.37948068e+02	1.37948068e+02	1.33613321e+02	1.42080353e+02	4.33474680e+00	4.13228545e+00
3.69400000e+02	8.65432456e-03	8.07361675e-03	1.98629991e+02	1.85301858e+02	1.38047569e+02	1.38047569e+02	1.33810997e+02	1.42088474e+02	4.23657174e+00	4.04090457e+00
3.69500000e+02	8.57436450e-03	8.01006598e-03	1.96794785e+02	1.83843271e+02	1.37924265e+02	1.37924265e+02	1.33769630e+02	1.41888762e+02	4.15463474e+00	3.96449661e+00
3.69600000e+02	8.50212752e-03	7.94893573e-03	1.95136836e+02	1.82440238e+02	1.37425027e+02	1.37425027e+02	1.33330009e+02	1.41333648e+02	4.09501720e+00	3.90862144e+00
3.69700000e+02	8.43653337e-03	7.88988061e-03	1.93631350e+02	1.81084833e+02	1.36601725e+02	1.36601725e+02	1.32547102e+02	1.40472156e+02	4.05462366e+00	3.87043119e+00
3.69800000e+02	8.37624755e-03	7.83264462e-03	1.92247698e+02	1.79771179e+02	1.35536248e+02	1.35536248e+02	1.31507279e+02	1.39382052e+02	4.02896869e+00	3.84580386e+00
3.69900000e+02	8.31988967e-03	7.77691093e-03	1.90954199e+02	1.78492006e+02	1.34307866e+02	1.34307866e+02	1.30294252e+02	1.38138526e+02	4.01361442e+00	3.83065990e+00
3.70000000e+02	8.26605938e-03	7.72229906e-03	1.89718711e+02	1.77238580e+02	1.32990841e+02	1.32990841e+02	1.28986554e+02	1.36811911e+02	4.00428742e+00	3.82106955e+00
3.70100000e+02	8.21544810e-03	7.66835928e-03	1.88557105e+02	1.76000579e+02	1.31481989e+02	1.31481989e+02	1.27476420e+02	1.35303217e+02	4.00556832e+00	3.82122893e+00
3.70200000e+02	8.16381591e-03	7.61659437e-03	1.87372067e+02	1.74812495e+02	1.30283105e+02	1.30283105e+02	1.26288873e+02	1.34092952e+02	3.99423162e+00	3.80984751e+00
3.70300000e+02	8.11086285e-03	7.56590034e-03	1.86156713e+02	1.73648990e+02	1.29303425e+02	1.29303425e+02	1.25330101e+02	1.33093126e+02	3.97332400e+00	3.78970106e+00
3.70400000e+02	8.05622975e-03	7.51513052e-03	1.84902800e+02	1.72483745e+02	1.28452549e+02	1.28452549e+02	1.24506734e+02	1.32216042e+02	3.94581450e+00	3.76349328e+00
3.70500000e+02	7.99949830e-03	7.46309562e-03	1.83600726e+02	1.71289464e+02	1.27640444e+02	1.27640444e+02	1.23725849e+02	1.31374300e+02	3.91459454e+00	3.73385580e+00
3.70600000e+02	7.94136194e-03	7.41015996e-03	1.82266408e+02	1.70074510e+02	1.26848688e+02	1.26848688e+02	1.22967590e+02	1.30550800e+02	3.88109864e+00	3.70211226e+00
3.70700000e+02	7.88554785e-03	7.35995997e-03	1.80985389e+02	1.68922343e+02	1.26153361e+02	1.26153361e+02	1.22306827e+02	1.29822800e+02	3.84653386e+00	3.66943912e+00
3.70800000e+02	7.83326123e-03	7.31207153e-03	1.79785331e+02	1.67823230e+02	1.25412144e+02	1.25412144e+02	1.21594654e+02	1.29054022e+02	3.81749025e+00	3.64187746e+00
3.70900000e+02	7.78443262e-03	7.26647773e-03	1.78664640e+02	1.66776783e+02	1.24628925e+02	1.24628925e+02	1.20835176e+02	1.28248150e+02	3.79374828e+00	3.61922545e+00
3.71000000e+02	7.73897948e-03	7.22315928e-03	1.77621421e+02	1.65782558e+02	1.23808408e+02	1.23808408e+02	1.20033364e+02	1.27409649e+02	3.77504387e+00	3.60124032e+00
3.71100000e+02	7.69680617e-03	7.18209456e-03	1.76653479e+02	1.64840060e+02	1.22956119e+02	1.22956119e+02	1.19195051e+02	1.26543757e+02	3.76106836e+00	3.58763834e+00
3.71200000e+02	7.65854598e-03	7.14460257e-03	1.75775349e+02	1.63979561e+02	1.22158133e+02	1.22158133e+02	1.18408823e+02	1.25734272e+02	3.74930989e+00	3.57613871e+00
3.71300000e+02	7.62627490e-03	7.11342481e-03	1.75034678e+02	1.63263984e+02	1.21531522e+02	1.21531522e+02	1.17793856e+02	1.25096386e+02	3.73766636e+00	3.56486357e+00
3.71400000e+02	7.60083564e-03	7.08964115e-03	1.74450808e+02	1.62718113e+02	1.21120373e+02	1.21120373e+02	1.17394961e+02	1.24673540e+02	3.72541212e+00	3.55316718e+00
3.71500000e+02	7.58193390e-03	7.07338770e-03	1.74016984e+02	1.62345071e+02	1.20962832e+02	1.20962832e+02	1.17252021e+02	1.24502292e+02	3.71081186e+00	3.53945925e+00
3.71600000e+02	7.56929180e-03	7.06483360e-03	1.73726829e+02	1.62148741e+02	1.21099158e+02	1.21099158e+02	1.17407088e+02	1.24621253e+02	3.69206965e+00	3.52209448e+00
3.71700000e+02	7.56264796e-03	7.06418108e-03	1.73574343e+02	1.62133765e+02	1.21571718e+02	1.21571718e+02	1.17904389e+02	1.25071090e+02	3.66732905e+00	3.49937263e+00
3.71800000e+02	7.55865760e-03	7.06722025e-03	1.73482758e+02	1.62203519e+02	1.22213489e+02	1.22213489e+02	1.18574314e+02	1.25687075e+02	3.63917461e+00	3.47358676e+00
3.71900000e+02	7.54967504e-03	7.06546192e-03	1.73276594e+02	1.62163162e+02	1.22760994e+02	1.22760994e+02	1.19151874e+02	1.26206960e+02	3.60911986e+00	3.44596619e+00
3.72000000e+02	7.53451178e-03	7.05785651e-03	1.72928574e+02	1.61988607e+02	1.23201448e+02	1.23201448e+02	1.19625094e+02	1.26617195e+02	3.57635370e+00	3.41574662e+00
3.72100000e+02	7.51349858e-03	7.04502601e-03	1.72446289e+02	1.61694127e+02	1.23572824e+02	1.23572824e+02	1.20033000e+02	1.26954797e+02	3.53982368e+00	3.38197371e+00
3.72200000e+02	7.48689363e-03	7.02751746e-03	1.71835665e+02	1.61292279e+02	1.23911183e+02	1.23911183e+02	1.20412713e+02	1.27254868e+02	3.49846966e+00	3.34368470e+00
3.72300000e+02	7.45488251e-03	7.00580301e-03	1.71100961e+02	1.60793899e+02	1.24250681e+02	1.24250681e+02	1.20799457e+02	1.27550589e+02	3.45122388e+00	3.29990834e+00
3.72400000e+02	7.41924126e-03	6.98249184e-03	1.70282940e+02	1.60258872e+02	1.24718996e+02	1.24718996e+02	1.21323730e+02	1.27967100e+02	3.39526573e+00	3.24810476e+00
3.72500000e+02	7.38712626e-03	6.96613222e-03	1.69545851e+02	1.59883394e+02	1.25625591e+02	1.25625591e+02	1.22298746e+02	1.28810583e+02	3.32684423e+00	3.18499198e+00
3.72600000e+02	7.35730624e-03	6.95566107e-03	1.68861436e+02	1.59643065e+02	1.26959748e+02	1.26959748e+02	1.23714723e+02	1.30069441e+02	3.24502524e+00	3.10969251e+00
3.72700000e+02	7.32854813e-03	6.95002367e-03	1.68201393e+02	1.59513678e+02	1.28711777e+02	1.28711777e+02	1.25562943e+02	1.31733070e+02	3.14883451e+00	3.02129221e+00
3.72800000e+02	7.29961700e-03	6.94817374e-03	1.67537380e+02	1.59471219e+02	1.30873013e+02	1.30873013e+02	1.27835755e+02	1.33791853e+02	3.03725770e+00	2.91884029e+00
3.72900000e+02	7.26988879e-03	6.94900545e-03	1.66855072e+02	1.59490308e+02	1.33378873e+02	1.33378873e+02	1.30466855e+02	1.36182771e+02	2.91201826e+00	2.80389791e+00
3.73000000e+02	7.24033396e-03	6.94931910e-03	1.66176743e+02	1.59497507e+02	1.35816578e+02	1.35816578e+02	1.33027080e+02	1.38508019e+02	2.78949790e+00	2.69144161e+00
3.73100000e+02	7.20861120e-03	6.94341137e-03	1.65448657e+02	1.59361915e+02	1.37781648e+02	1.37781648e+02	1.35099461e+02	1.40374477e+02	2.68218659e+00	2.59282856e+00
3.73200000e+02	7.17466740e-03	6.93160693e-03	1.64669595e+02	1.59090985e+02	1.39312278e+02	1.39312278e+02	1.36723670e+02	1.41818988e+02	2.58860820e+00	2.50670994e+00
3.73300000e+02	7.13844946e-03	6.91417802e-03	1.63838338e+02	1.58690965e+02	1.40441190e+02	1.40441190e+02	1.37933700e+02	1.42873112e+02	2.50748999e+00	2.43192262e+00
3.73400000e+02	7.09990437e-03	6.89134445e-03	1.62953669e+02	1.58166900e+02	1.41195627e+02	1.41195627e+02	1.38757865e+02	1.43563116e+02	2.43776261e+00	2.36748918e+00
3.73500000e+02	7.06061470e-03	6.86489778e-03	1.62051911e+02	1.57559908e+02	1.41633716e+02	1.41633716e+02	1.39254737e+02	1.43946750e+02	2.37897954e+00	2.31303350e+00
3.73600000e+02	7.02429805e-03	6.84142103e-03	1.61218388e+02	1.57021081e+02	1.42139719e+02	1.42139719e+02	1.39818828e+02	1.44398990e+02	2.32089081e+00	2.25927113e+00
3.73700000e+02	6.99248992e-03	6.82460357e-03	1.60488343e+02	1.56635095e+02	1.42973576e+02	1.42973576e+02	1.40718073e+02	1.45172511e+02	2.25550299e+00	2.19893435e+00
3.73800000e+02	6.96546994e-03	6.81369608e-03	1.59868193e+02	1.56384751e+02	1.44034365e+02	1.44034365e+02	1.41847498e+02	1.46170093e+02	2.18686720e+00	2.13572760e+00
3.73900000e+02	6.94356423e-03	6.80798840e-03	1.59365424e+02	1.56253751e+02	1.45221456e+02	1.45221456e+02	1.43102382e+02	1.47294848e+02	2.11907388e+00	2.07339215e+00
3.74000000e+02	6.92714543e-03	6.80680942e-03	1.58988587e+02	1.56226692e+02	1.46434517e+02	1.46434517e+02	1.44378264e+02	1.48450223e+02	2.05625282e+00	2.01570608e+00
3.74100000e+02	6.91342500e-03	6.80902718e-03	1.58673682e+02	1.56277593e+02	1.47782365e+02	1.47782365e+02	1.45791020e+02	1.49738534e+02	1.99134510e+00	1.95616867e+00
3.74200000e+02	6.89850593e-03	6.80991807e-03	1.58331267e+02	1.56298040e+02	1.49089326e+02	1.49089326e+02	1.47162667e+02	1.50986136e+02	1.92665908e+00	1.89680975e+00
3.74300000e+02	6.88166885e-03	6.80824286e-03	1.57944830e+02	1.56259591e+02	1.50284654e+02	1.50284654e+02	1.48420610e+02	1.52123957e+02	1.86404409e+00	1.83930350e+00
3.74400000e+02	6.86302312e-03	6.80435898e-03	1.57516882e+02	1.56170450e+02	1.51396737e+02	1.51396737e+02	1.49594173e+02	1.53179535e+02	1.80256404e+00	1.78279739e+00
3.74500000e+02	6.84266704e-03	6.79861435e-03	1.57049679e+02	1.56038602e+02	1.52453876e+02	1.52453876e+02	1.50712602e+02	1.54180307e+02	1.74127416e+00	1.72643078e+00
3.74600000e+02	6.82068778e-03	6.79134736e-03	1.56545221e+02	1.55871814e+02	1.53484278e+02	1.53484278e+02	1.51805057e+02	1.55153613e+02	1.67922108e+00	1.66933494e+00
3.74700000e+02	6.79563336e-03	6.78398881e-03	1.55970184e+02	1.55702924e+02	1.54755365e+02	1.54755365e+02	1.53150464e+02	1.56356342e+02	1.60490104e+00	1.60097745e+00
3.74800000e+02	6.76020688e-03	6.77418429e-03	1.55157092e+02	1.55477895e+02	1.56615288e+02	1.56615288e+02	1.54986291e+02	1.58251651e+02	1.62899696e+00	1.63636348e+00
3.74900000e+02	6.71534886e-03	6.76302040e-03	1.54127532e+02	1.55221667e+02	1.59100872e+02	1.59100872e+02	1.57295714e+02	1.60931154e+02	1.80515801e+00	1.83028236e+00
3.75000000e+02	6.66217493e-03	6.75167038e-03	1.52907109e+02	1.54961166e+02	1.62243734e+02	1.62243734e+02	1.60219335e+02	1.64315300e+02	2.02439908e+00	2.07156590e+00
3.75100000e+02	6.60171726e-03	6.74128016e-03	1.51519513e+02	1.54722695e+02	1.66079432e+02	1.66079432e+02	1.63791845e+02	1.68440572e+02	2.28758659e+00	2.36114047e+00
3.75200000e+02	6.53541883e-03	6.73265143e-03	1.49997862e+02	1.54524652e+02	1.70574180e+02	1.70574180e+02	1.67982677e+02	1.73269631e+02	2.59150294e+00	2.69545049e+00
3.75300000e+02	6.47051180e-03	6.72580411e-03	1.48508147e+02	1.54367496e+02	1.75141552e+02	1.75141552e+02	1.72243655e+02	1.78173995e+02	2.89789689e+00	3.03244367e+00
3.75400000e+02	6.41670246e-03	6.72677980e-03	1.47273140e+02	1.54389890e+02	1.79622001e+02	1.79622001e+02	1.76433284e+02	1.82974138e+02	3.18871661e+00	3.35213676e+00
3.75500000e+02	6.37331724e-03	6.73453328e-03	1.46277383e+02	1.54567844e+02	1.83961296e+02	1.83961296e+02	1.80499545e+02	1.87613418e+02	3.46175080e+00	3.65212259e+00
3.75600000e+02	6.33972268e-03	6.74803468e-03	1.45506336e+02	1.54877721e+02	1.88103542e+02	1.88103542e+02	1.84388881e+02	1.92033395e+02	3.71466043e+00	3.92985322e+00
3.75700000e+02	6.31532541e-03	6.76626949e-03	1.44946382e+02	1.55296238e+02	1.91991185e+02	1.91991185e+02	1.88046206e+02	1.96173825e+02	3.94497879e+00	4.18263998e+00
3.75800000e+02	6.29892230e-03	6.78844959e-03	1.44569905e+02	1.55805305e+02	1.95639907e+02	1.95639907e+02	1.91485180e+02	2.00052629e+02	4.15472628e+00	4.41272199e+00
3.75900000e+02	6.28732808e-03	6.81222474e-03	1.44303800e+02	1.56350982e+02	1.99063717e+02	1.99063717e+02	1.94715924e+02	2.03688146e+02	4.34779279e+00	4.62442923e+00
3.76000000e+02	6.27833792e-03	6.83481098e-03	1.44097462e+02	1.56869370e+02	2.02151590e+02	2.02151590e+02	1.97631123e+02	2.06965335e+02	4.52046731e+00	4.81374546e+00
3.76100000e+02	6.27174697e-03	6.85622000e-03	1.43946190e+02	1.57360740e+02	2.04921418e+02	2.04921418e+02	2.00247517e+02	2.09903355e+02	4.67390126e+00	4.98193625e+00
3.76200000e+02	6.26735218e-03	6.87644813e-03	1.43845322e+02	1.57825007e+02	2.07389342e+02	2.07389342e+02	2.02580190e+02	2.12519505e+02	4.80915134e+00	5.13016336e+00
3.76300000e+02	6.26495233e-03	6.89547635e-03	1.43790242e+02	1.58261733e+02	2.09569748e+02	2.09569748e+02	2.04642568e+02	2.14829232e+02	4.92717954e+00	5.25948480e+00
3.76400000e+02	6.26281896e-03	6.91197531e-03	1.43741278e+02	1.58640410e+02	2.11464603e+02	2.11464603e+02	2.06434806e+02	2.16836526e+02	5.02979777e+00	5.37192283e+00
3.76500000e+02	6.25536418e-03	6.92385488e-03	1.43570180e+02	1.58913064e+02	2.13310563e+02	2.13310563e+02	2.08175484e+02	2.18797957e+02	5.13507946e+00	5.48739430e+00
3.76600000e+02	6.24076112e-03	6.93038605e-03	1.43235017e+02	1.59062964e+02	2.15180232e+02	2.15180232e+02	2.09931552e+02	2.20792366e+02	5.24868066e+00	5.61213389e+00
3.76700000e+02	6.21948539e-03	6.93129180e-03	1.42746707e+02	1.59083753e+02	2.17006007e+02	2.17006007e+02	2.11639461e+02	2.22747696e+02	5.36654554e+00	5.74168907e+00
3.76800000e+02	6.19194551e-03	6.92625337e-03	1.42114624e+02	1.58968113e+02	2.18721393e+02	2.18721393e+02	2.13236649e+02	2.24593139e+02	5.48474341e+00	5.87174590e+00
3.76900000e+02	6.15848287e-03	6.91491035e-03	1.41346605e+02	1.58707773e+02	2.20261006e+02	2.20261006e+02	2.14661537e+02	2.26259135e+02	5.59946879e+00	5.99812898e+00
3.77000000e+02	6.12615814e-03	6.90430607e-03	1.40604703e+02	1.58464389e+02	2.21785093e+02	2.21785093e+02	2.16072847e+02	2.27907447e+02	5.71224641e+00	6.12235394e+00
3.77100000e+02	6.10307697e-03	6.90105526e-03	1.40074955e+02	1.58389778e+02	2.23324150e+02	2.23324150e+02	2.17507464e+02	2.29561395e+02	5.81668626e+00	6.23724499e+00
3.77200000e+02	6.09048745e-03	6.90604423e-03	1.39786006e+02	1.58504282e+02	2.24869079e+02	2.24869079e+02	2.18958006e+02	2.31209975e+02	5.91107278e+00	6.34089591e+00
3.77300000e+02	6.08899404e-03	6.91968716e-03	1.39751730e+02	1.58817409e+02	2.26413904e+02	2.26413904e+02	2.20419413e+02	2.32846197e+02	5.99449177e+00	6.43229221e+00
3.77400000e+02	6.09924038e-03	6.94245796e-03	1.39986899e+02	1.59340033e+02	2.27955690e+02	2.27955690e+02	2.21889538e+02	2.34466243e+02	6.06615169e+00	6.51055290e+00
3.77500000e+02	6.12156285e-03	6.97449352e-03	1.40499234e+02	1.60075298e+02	2.29481344e+02	2.29481344e+02	2.23356318e+02	2.36055890e+02	6.12502573e+00	6.57454603e+00
3.77600000e+02	6.14835913e-03	7.00624595e-03	1.41114250e+02	1.60804065e+02	2.30613411e+02	2.30613411e+02	2.24454808e+02	2.37224146e+02	6.15860265e+00	6.61073500e+00
3.77700000e+02	6.17910084e-03	7.03328373e-03	1.41819819e+02	1.61424624e+02	2.30932566e+02	2.30932566e+02	2.24787404e+02	2.37527908e+02	6.14516177e+00	6.59534203e+00
3.77800000e+02	6.21284268e-03	7.05521994e-03	1.42594246e+02	1.61928093e+02	2.30475369e+02	2.30475369e+02	2.24387793e+02	2.37006904e+02	6.08757623e+00	6.53153456e+00
3.77900000e+02	6.24862122e-03	7.07162487e-03	1.43415418e+02	1.62304611e+02	2.29275387e+02	2.29275387e+02	2.23286808e+02	2.35697713e+02	5.98857832e+00	6.42232617e+00
3.78000000e+02	6.28545491e-03	7.08202596e-03	1.44260808e+02	1.62543332e+02	2.27363192e+02	2.27363192e+02	2.21512433e+02	2.33633768e+02	5.85075946e+00	6.27057653e+00
3.78100000e+02	6.32319036e-03	7.08815677e-03	1.45126894e+02	1.62684044e+02	2.24932119e+02	2.24932119e+02	2.19247593e+02	2.31019806e+02	5.68452640e+00	6.08768686e+00
3.78200000e+02	6.36199450e-03	7.09547249e-03	1.46017509e+02	1.62851951e+02	2.22537701e+02	2.22537701e+02	2.17018519e+02	2.28443448e+02	5.51918186e+00	5.90574698e+00
3.78300000e+02	6.39953463e-03	7.10420777e-03	1.46879112e+02	1.63052439e+02	2.20394234e+02	2.20394234e+02	2.15025836e+02	2.26134016e+02	5.36839749e+00	5.73978158e+00
3.78400000e+02	6.43606383e-03	7.11560330e-03	1.47717513e+02	1.63313984e+02	2.18610561e+02	2.18610561e+02	2.13372864e+02	2.24206395e+02	5.23769673e+00	5.59583460e+00
3.78500000e+02	6.47180999e-03	7.13090403e-03	1.48537942e+02	1.63665159e+02	2.17298018e+02	2.17298018e+02	2.12165258e+02	2.22778141e+02	5.13276018e+00	5.48012270e+00
3.78600000e+02	6.50697582e-03	7.15135921e-03	1.49345052e+02	1.64134637e+02	2.16570438e+02	2.16570438e+02	2.11511012e+02	2.21969473e+02	5.05942566e+00	5.39903523e+00
3.78700000e+02	6.54038330e-03	7.17356183e-03	1.50111804e+02	1.64644221e+02	2.16168242e+02	2.16168242e+02	2.11163154e+02	2.21507034e+02	5.00508792e+00	5.33879218e+00
3.78800000e+02	6.57254198e-03	7.19577651e-03	1.50849895e+02	1.65154082e+02	2.15868924e+02	2.15868924e+02	2.10911483e+02	2.21154828e+02	4.95744089e+00	5.28590436e+00
3.78900000e+02	6.60395305e-03	7.21861647e-03	1.51570828e+02	1.65678294e+02	2.15695673e+02	2.15695673e+02	2.10778453e+02	2.20936838e+02	4.91721955e+00	5.24116579e+00
3.79000000e+02	6.63355111e-03	7.24076413e-03	1.52250148e+02	1.66186616e+02	2.15597730e+02	2.15597730e+02	2.10714946e+02	2.20800534e+02	4.88278400e+00	5.20280365e+00
3.79100000e+02	6.66025406e-03	7.26087563e-03	1.52863022e+02	1.66648206e+02	2.15522949e+02	2.15522949e+02	2.10670512e+02	2.20691932e+02	4.85243712e+00	5.16898288e+00
3.79200000e+02	6.68296314e-03	7.27758074e-03	1.53384230e+02	1.67031614e+02	2.15417793e+02	2.15417793e+02	2.10593369e+02	2.20555599e+02	4.82442463e+00	5.13780612e+00
3.79300000e+02	6.70295321e-03	7.29405448e-03	1.53843033e+02	1.67409711e+02	2.15509753e+02	2.15509753e+02	2.10700199e+02	2.20630836e+02	4.80955409e+00	5.12108236e+00
3.79400000e+02	6.71882045e-03	7.30851815e-03	1.54207210e+02	1.67741675e+02	2.15727504e+02	2.15727504e+02	2.10922075e+02	2.20843721e+02	4.80542897e+00	5.11621752e+00
3.79500000e+02	6.73005871e-03	7.32074874e-03	1.54465145e+02	1.68022386e+02	2.16088964e+02	2.16088964e+02	2.11275465e+02	2.21213776e+02	4.81349987e+00	5.12481141e+00
3.79600000e+02	6.73651222e-03	7.33116263e-03	1.54613263e+02	1.68261400e+02	2.16650249e+02	2.16650249e+02	2.11813352e+02	2.21800545e+02	4.83689710e+00	5.15029588e+00
3.79700000e+02	6.73801541e-03	7.34016461e-03	1.54647764e+02	1.68468009e+02	2.17467062e+02	2.17467062e+02	2.12588323e+02	2.22663152e+02	4.87873909e+00	5.19608995e+00
3.79800000e+02	6.73439285e-03	7.34814791e-03	1.54564621e+02	1.68651238e+02	2.18594702e+02	2.18594702e+02	2.13652569e+02	2.23860302e+02	4.94213234e+00	5.26559984e+00
3.79900000e+02	6.73385880e-03	7.35942524e-03	1.54552363e+02	1.68910070e+02	2.19814668e+02	2.19814668e+02	2.14807296e+02	2.25151732e+02	5.00737175e+00	5.33706421e+00
3.80000000e+02	6.73853764e-03	7.37838493e-03	1.54659750e+02	1.69345224e+02	2.21411906e+02	2.21411906e+02	2.16324433e+02	2.26836598e+02	5.08747330e+00	5.42469221e+00
3.80100000e+02	6.74976259e-03	7.40538349e-03	1.54917380e+02	1.69964883e+02	2.23315121e+02	2.23315121e+02	2.18137783e+02	2.28837991e+02	5.17733807e+00	5.52287014e+00
3.80200000e+02	6.76892206e-03	7.44082238e-03	1.55357119e+02	1.70778259e+02	2.25453211e+02	2.25453211e+02	2.20181388e+02	2.31079146e+02	5.27182296e+00	5.62593478e+00
3.80300000e+02	6.79745961e-03	7.48514789e-03	1.56012099e+02	1.71795598e+02	2.27755274e+02	2.27755274e+02	2.22389533e+02	2.33483447e+02	5.36574082e+00	5.72817338e+00
3.80400000e+02	6.83410410e-03	7.53696334e-03	1.56853146e+02	1.72984841e+02	2.30179033e+02	2.30179033e+02	2.24720928e+02	2.36007567e+02	5.45810506e+00	5.82853317e+00
3.80500000e+02	6.86983710e-03	7.58931614e-03	1.57673273e+02	1.74186418e+02	2.32733022e+02	2.32733022e+02	2.27174745e+02	2.38670487e+02	5.55827764e+00	5.93746488e+00
3.80600000e+02	6.90457205e-03	7.64103089e-03	1.58470494e+02	1.75373351e+02	2.35301663e+02	2.35301663e+02	2.29641450e+02	2.41350013e+02	5.66021340e+00	6.04834951e+00
3.80700000e+02	6.93717168e-03	7.69101796e-03	1.59218705e+02	1.76520631e+02	2.37863822e+02	2.37863822e+02	2.32099907e+02	2.44025036e+02	5.76391481e+00	6.16121463e+00
3.80800000e+02	6.96647194e-03	7.73816873e-03	1.59891191e+02	1.77602813e+02	2.40398564e+02	2.40398564e+02	2.34529143e+02	2.46674693e+02	5.86942148e+00	6.27612906e+00
3.80900000e+02	6.99128198e-03	7.78135562e-03	1.60460619e+02	1.78594018e+02	2.42885160e+02	2.42885160e+02	2.36908349e+02	2.49278362e+02	5.97681016e+00	6.39320290e+00
3.81000000e+02	7.01195413e-03	7.82164074e-03	1.60935077e+02	1.79518623e+02	2.45405743e+02	2.45405743e+02	2.39315653e+02	2.51922562e+02	6.09008959e+00	6.51681896e+00
3.81100000e+02	7.02815329e-03	7.85797071e-03	1.61306872e+02	1.80352452e+02	2.47877689e+02	2.47877689e+02	2.41672481e+02	2.54520236e+02	6.20520802e+00	6.64254693e+00
3.81200000e+02	7.03834399e-03	7.88799745e-03	1.61540764e+02	1.81041611e+02	2.50180978e+02	2.50180978e+02	2.43863662e+02	2.56946088e+02	6.31731608e+00	6.76510920e+00
3.81300000e+02	7.04245542e-03	7.91269281e-03	1.61635128e+02	1.81608408e+02	2.52422763e+02	2.52422763e+02	2.45990596e+02	2.59313572e+02	6.43216747e+00	6.89080893e+00
3.81400000e+02	7.04039280e-03	7.93299490e-03	1.61587788e+02	1.82074372e+02	2.54708625e+02	2.54708625e+02	2.48153168e+02	2.61734509e+02	6.55545630e+00	7.02588465e+00
3.81500000e+02	7.03203732e-03	7.94980807e-03	1.61396017e+02	1.82460260e+02	2.57142575e+02	2.57142575e+02	2.50449758e+02	2.64319086e+02	6.69281717e+00	7.17651015e+00
3.81600000e+02	7.02205718e-03	7.96500518e-03	1.61166957e+02	1.82809057e+02	2.59540136e+02	2.59540136e+02	2.52710283e+02	2.66866951e+02	6.82985279e+00	7.32681494e+00
3.81700000e+02	7.01343274e-03	7.98173921e-03	1.60969013e+02	1.83193128e+02	2.61987718e+02	2.61987718e+02	2.55019516e+02	2.69466247e+02	6.96820241e+00	7.47852925e+00
3.81800000e+02	7.00732634e-03	8.00124519e-03	1.60828862e+02	1.83640820e+02	2.64519582e+02	2.64519582e+02	2.57411047e+02	2.72151942e+02	7.10853507e+00	7.63236041e+00
3.81900000e+02	7.00496646e-03	8.02415795e-03	1.60774699e+02	1.84166703e+02	2.67101991e+02	2.67101991e+02	2.59854144e+02	2.74886984e+02	7.24784766e+00	7.78499245e+00
3.82000000e+02	7.00760650e-03	8.05110713e-03	1.60835292e+02	1.84785228e+02	2.69698638e+02	2.69698638e+02	2.62315662e+02	2.77631570e+02	7.38297592e+00	7.93293235e+00
3.82100000e+02	7.01652483e-03	8.08271710e-03	1.61039981e+02	1.85510725e+02	2.72270636e+02	2.72270636e+02	2.64760042e+02	2.80343146e+02	7.51059437e+00	8.07250999e+00
3.82200000e+02	7.02687987e-03	8.11482086e-03	1.61277645e+02	1.86247556e+02	2.74777238e+02	2.74777238e+02	2.67143913e+02	2.82983940e+02	7.63332456e+00	8.20670241e+00
3.82300000e+02	7.03972269e-03	8.15110370e-03	1.61572408e+02	1.87080302e+02	2.77517383e+02	2.77517383e+02	2.69751398e+02	2.85869100e+02	7.76598511e+00	8.35171656e+00
3.82400000e+02	7.05477757e-03	8.19022076e-03	1.61917940e+02	1.87978099e+02	2.80373207e+02	2.80373207e+02	2.72470611e+02	2.88874216e+02	7.90259639e+00	8.50100934e+00
3.82500000e+02	7.07175910e-03	8.23082298e-03	1.62307692e+02	1.88909982e+02	2.83227190e+02	2.83227190e+02	2.75189983e+02	2.91875258e+02	8.03720665e+00	8.64806842e+00
3.82600000e+02	7.09037227e-03	8.27155706e-03	1.62734893e+02	1.89844891e+02	2.85962159e+02	2.85962159e+02	2.77798267e+02	2.94748571e+02	8.16389203e+00	8.78641220e+00
3.82700000e+02	7.11024743e-03	8.31173091e-03	1.63191058e+02	1.90766943e+02	2.88535987e+02	2.88535987e+02	2.80255204e+02	2.97449988e+02	8.28078312e+00	8.91400131e+00
3.82800000e+02	7.13119325e-03	8.35382384e-03	1.63671797e+02	1.91733040e+02	2.91222901e+02	2.91222901e+02	2.82820286e+02	3.00269879e+02	8.40261501e+00	9.04697836e+00
3.82900000e+02	7.15447535e-03	8.39619422e-03	1.64206157e+02	1.92705505e+02	2.93748648e+02	2.93748648e+02	2.85235058e+02	3.02916662e+02	8.51358995e+00	9.16801341e+00
3.83000000e+02	7.17919151e-03	8.43872163e-03	1.64773431e+02	1.93681574e+02	2.96174082e+02	2.96174082e+02	2.87556255e+02	3.05455720e+02	8.61782715e+00	9.28163767e+00
3.83100000e+02	7.20444635e-03	8.48130094e-03	1.65353068e+02	1.94658834e+02	2.98561098e+02	2.98561098e+02	2.89841604e+02	3.07953533e+02	8.71949433e+00	9.39243538e+00
3.83200000e+02	7.22935131e-03	8.52384239e-03	1.65924675e+02	1.95635226e+02	3.00972634e+02	3.00972634e+02	2.92149826e+02	3.10477678e+02	8.82280782e+00	9.50504383e+00
3.83300000e+02	7.25455811e-03	8.56685990e-03	1.66503209e+02	1.96622543e+02	3.03409273e+02	3.03409273e+02	2.94482119e+02	3.13028051e+02	8.92715466e+00	9.61877745e+00
3.83400000e+02	7.28173850e-03	8.61088715e-03	1.67127041e+02	1.97633036e+02	3.05790656e+02	3.05790656e+02	2.96764035e+02	3.15517778e+02	9.02662075e+00	9.72712235e+00
3.83500000e+02	7.31048245e-03	8.65570278e-03	1.67786758e+02	1.98661623e+02	3.08127054e+02	3.08127054e+02	2.99004898e+02	3.17958182e+02	9.12215601e+00	9.83112787e+00
3.83600000e+02	7.34088738e-03	8.70181325e-03	1.68484598e+02	1.99719929e+02	3.10463376e+02	3.10463376e+02	3.01247329e+02	3.20396671e+02	9.21604634e+00	9.93329549e+00
3.83700000e+02	7.37308017e-03	8.74974205e-03	1.69223472e+02	2.00819968e+02	3.12843911e+02	3.12843911e+02	3.03533395e+02	3.22879969e+02	9.31051564e+00	1.00360581e+01
3.83800000e+02	7.40721725e-03	8.80002978e-03	1.70006970e+02	2.01974149e+02	3.15312328e+02	3.15312328e+02	3.05904602e+02	3.25454108e+02	9.40772579e+00	1.01417802e+01
3.83900000e+02	7.44115961e-03	8.85037738e-03	1.70785999e+02	2.03129703e+02	3.17802837e+02	3.17802837e+02	3.08296536e+02	3.28051837e+02	9.50630012e+00	1.02490006e+01
3.84000000e+02	7.47097167e-03	8.89915878e-03	1.71470231e+02	2.04249311e+02	3.20466048e+02	3.20466048e+02	3.10847932e+02	3.30836861e+02	9.61811564e+00	1.03708135e+01
3.84100000e+02	7.49568650e-03	8.94611535e-03	1.72037475e+02	2.05327036e+02	3.23353664e+02	3.23353664e+02	3.13606794e+02	3.33864954e+02	9.74687013e+00	1.05112901e+01
3.84200000e+02	7.51544516e-03	8.99085379e-03	1.72490966e+02	2.06353852e+02	3.26413173e+02	3.26413173e+02	3.16523534e+02	3.37080397e+02	9.88963876e+00	1.06672238e+01
3.84300000e+02	7.53036479e-03	9.03296739e-03	1.72833395e+02	2.07320424e+02	3.29592617e+02	3.29592617e+02	3.19549067e+02	3.40428084e+02	1.00435497e+01	1.08354668e+01
3.84400000e+02	7.54053857e-03	9.07203611e-03	1.73066898e+02	2.08217110e+02	3.32840590e+02	3.32840590e+02	3.22634805e+02	3.43853519e+02	1.02057843e+01	1.10129298e+01
3.84500000e+02	7.54792695e-03	9.11104416e-03	1.73236473e+02	2.09112405e+02	3.36308889e+02	3.36308889e+02	3.25926432e+02	3.47515157e+02	1.03824575e+01	1.12062676e+01
3.84600000e+02	7.55317137e-03	9.14985889e-03	1.73356840e+02	2.10003262e+02	3.39931485e+02	3.39931485e+02	3.29362052e+02	3.51342421e+02	1.05694333e+01	1.14109360e+01
3.84700000e+02	7.55673854e-03	9.18892651e-03	1.73438713e+02	2.10899924e+02	3.43716946e+02	3.43716946e+02	3.32950241e+02	3.55343863e+02	1.07667050e+01	1.16269175e+01
3.84800000e+02	7.55909642e-03	9.22878822e-03	1.73492829e+02	2.11814811e+02	3.47683655e+02	3.47683655e+02	3.36708869e+02	3.59538419e+02	1.09747856e+01	1.18547638e+01
3.84900000e+02	7.56070368e-03	9.26999141e-03	1.73529718e+02	2.12760487e+02	3.51851395e+02	3.51851395e+02	3.40657124e+02	3.63946513e+02	1.11942712e+01	1.20951176e+01
3.85000000e+02	7.56196205e-03	9.31278987e-03	1.73558600e+02	2.13742778e+02	3.56213952e+02	3.56213952e+02	3.44789517e+02	3.68561127e+02	1.14244354e+01	1.23471746e+01
3.85100000e+02	7.56279481e-03	9.35394592e-03	1.73577713e+02	2.14687372e+02	3.60439798e+02	3.60439798e+02	3.48792030e+02	3.73031557e+02	1.16477682e+01	1.25917591e+01
3.85200000e+02	7.56414006e-03	9.39444573e-03	1.73608589e+02	2.15616904e+02	3.64555479e+02	3.64555479e+02	3.52690727e+02	3.77384856e+02	1.18647512e+01	1.28293777e+01
3.85300000e+02	7.56612559e-03	9.43372449e-03	1.73654160e+02	2.16518412e+02	3.68491671e+02	3.68491671e+02	3.56420090e+02	3.81547534e+02	1.20715809e+01	1.30558621e+01
3.85400000e+02	7.56887183e-03	9.47120647e-03	1.73717190e+02	2.17378681e+02	3.72178512e+02	3.72178512e+02	3.59914079e+02	3.85445532e+02	1.22644325e+01	1.32670205e+01
3.85500000e+02	7.57249190e-03	9.50630500e-03	1.73800276e+02	2.18184246e+02	3.75545593e+02	3.75545593e+02	3.63106133e+02	3.89004230e+02	1.24394595e+01	1.34586376e+01
3.85600000e+02	7.57665273e-03	9.53846736e-03	1.73895774e+02	2.18922421e+02	3.78562354e+02	3.78562354e+02	3.65966984e+02	3.92191659e+02	1.25953699e+01	1.36293056e+01
3.85700000e+02	7.58020458e-03	9.56690685e-03	1.73977294e+02	2.19575151e+02	3.81240280e+02	3.81240280e+02	3.68506371e+02	3.95021241e+02	1.27339088e+01	1.37809610e+01
3.85800000e+02	7.58277984e-03	9.59065584e-03	1.74036400e+02	2.20120227e+02	3.83508339e+02	3.83508339e+02	3.70656668e+02	3.97418222e+02	1.28516715e+01	1.39098829e+01
3.85900000e+02	7.58425138e-03	9.60926227e-03	1.74070174e+02	2.20547273e+02	3.85329713e+02	3.85329713e+02	3.72382882e+02	3.99343785e+02	1.29468306e+01	1.40140726e+01
3.86000000e+02	7.58447151e-03	9.62225800e-03	1.74075227e+02	2.20845545e+02	3.86667581e+02	3.86667581e+02	3.73650002e+02	4.00759135e+02	1.30175789e+01	1.40915541e+01
3.86100000e+02	7.58327192e-03	9.62915881e-03	1.74047694e+02	2.21003929e+02	3.87485124e+02	3.87485124e+02	3.74422994e+02	4.01625498e+02	1.30621297e+01	1.41403741e+01
3.86200000e+02	7.58214239e-03	9.63324627e-03	1.74021770e+02	2.21097742e+02	3.88003463e+02	3.88003463e+02	3.74912723e+02	4.02175198e+02	1.30907404e+01	1.41717342e+01
3.86300000e+02	7.58221683e-03	9.63665250e-03	1.74023478e+02	2.21175920e+02	3.88352761e+02	3.88352761e+02	3.75243566e+02	4.02544706e+02	1.31091950e+01	1.41919448e+01
3.86400000e+02	7.58369058e-03	9.63966024e-03	1.74057303e+02	2.21244953e+02	3.88546620e+02	3.88546620e+02	3.75428598e+02	4.02748200e+02	1.31180221e+01	1.42015803e+01
3.86500000e+02	7.58708028e-03	9.64357155e-03	1.74135102e+02	2.21334723e+02	3.88678836e+02	3.88678836e+02	3.75557149e+02	4.02884355e+02	1.31216866e+01	1.42055198e+01
3.86600000e+02	7.59289799e-03	9.64970333e-03	1.74268627e+02	2.21475457e+02	3.88845127e+02	3.88845127e+02	3.75720367e+02	4.03053886e+02	1.31247599e+01	1.42087587e+01
3.86700000e+02	7.60165110e-03	9.65938730e-03	1.74469524e+02	2.21697719e+02	3.89143135e+02	3.89143135e+02	3.76011215e+02	4.03359544e+02	1.31319201e+01	1.42164095e+01
3.86800000e+02	7.61398037e-03	9.67197818e-03	1.74752500e+02	2.21986699e+02	3.89453403e+02	3.89453403e+02	3.76317205e+02	4.03674228e+02	1.31361977e+01	1.42208249e+01
3.86900000e+02	7.63433851e-03	9.69265433e-03	1.75219751e+02	2.22461248e+02	3.89953830e+02	3.89953830e+02	3.76811200e+02	4.04181256e+02	1.31426303e+01	1.42274251e+01
3.87000000e+02	7.66307616e-03	9.72208127e-03	1.75879323e+02	2.23136641e+02	3.90685314e+02	3.90685314e+02	3.77532273e+02	4.04923513e+02	1.31530408e+01	1.42381989e+01
3.87100000e+02	7.69980888e-03	9.76002149e-03	1.76722396e+02	2.24007428e+02	3.91654359e+02	3.91654359e+02	3.78486205e+02	4.05908307e+02	1.31681540e+01	1.42539485e+01
3.87200000e+02	7.74418734e-03	9.80628152e-03	1.77740949e+02	2.25069166e+02	3.92869208e+02	3.92869208e+02	3.79680455e+02	4.07144746e+02	1.31887524e+01	1.42755384e+01
3.87300000e+02	7.79589726e-03	9.86071191e-03	1.78927771e+02	2.26318427e+02	3.94339842e+02	3.94339842e+02	3.81124167e+02	4.08643738e+02	1.32156757e+01	1.43038956e+01
3.87400000e+02	7.85258364e-03	9.91742963e-03	1.80228810e+02	2.27620185e+02	3.95644151e+02	3.95644151e+02	3.82415291e+02	4.09961248e+02	1.32288602e+01	1.43170966e+01
3.87500000e+02	7.91191781e-03	9.97259589e-03	1.81590620e+02	2.28886335e+02	3.96571143e+02	3.96571143e+02	3.83351729e+02	4.10876597e+02	1.32194145e+01	1.43054543e+01
3.87600000e+02	7.97373963e-03	1.00257961e-02	1.83009526e+02	2.30107363e+02	3.97090603e+02	3.97090603e+02	3.83904709e+02	4.11357993e+02	1.31858941e+01	1.42673901e+01
3.87700000e+02	8.03789410e-03	1.00765950e-02	1.84481969e+02	2.31273273e+02	3.97169715e+02	3.97169715e+02	3.84043004e+02	4.11370884e+02	1.31267115e+01	1.42011686e+01
3.87800000e+02	8.10423140e-03	1.01245360e-02	1.86004511e+02	2.32373593e+02	3.96773065e+02	3.96773065e+02	3.83732929e+02	4.10877963e+02	1.30401361e+01	1.41048978e+01
3.87900000e+02	8.17195722e-03	1.01695918e-02	1.87558923e+02	2.33407692e+02	3.95962421e+02	3.95962421e+02	3.83032192e+02	4.09945464e+02	1.29302291e+01	1.39830430e+01
3.88000000e+02	8.23803451e-03	1.02117113e-02	1.89075497e+02	2.34374401e+02	3.94979604e+02	3.94979604e+02	3.82166786e+02	4.08832609e+02	1.28128180e+01	1.38530055e+01
3.88100000e+02	8.30070351e-03	1.02486603e-02	1.90513847e+02	2.35222436e+02	3.93734708e+02	3.93734708e+02	3.81049836e+02	4.07446213e+02	1.26848723e+01	1.37115045e+01
3.88200000e+02	8.35966295e-03	1.02809889e-02	1.91867056e+02	2.35964427e+02	3.92309650e+02	3.92309650e+02	3.79758616e+02	4.05873282e+02	1.25510348e+01	1.35636317e+01
3.88300000e+02	8.41458145e-03	1.03092107e-02	1.93127520e+02	2.36612159e+02	3.90784972e+02	3.90784972e+02	3.78369067e+02	4.04199404e+02	1.24159051e+01	1.34144321e+01
3.88400000e+02	8.46509750e-03	1.03338024e-02	1.94286940e+02	2.37176578e+02	3.89239840e+02	3.89239840e+02	3.76955800e+02	4.02508744e+02	1.22840397e+01	1.32689038e+01
3.88500000e+02	8.51124329e-03	1.03558347e-02	1.95346057e+02	2.37682253e+02	3.87783310e+02	3.87783310e+02	3.75622118e+02	4.00916657e+02	1.21611915e+01	1.31333471e+01
3.88600000e+02	8.55448018e-03	1.03788842e-02	1.96338410e+02	2.38211274e+02	3.86669613e+02	3.86669613e+02	3.74610210e+02	3.99690531e+02	1.20594023e+01	1.30209185e+01
3.88700000e+02	8.59529226e-03	1.04049250e-02	1.97275109e+02	2.38808950e+02	3.86065294e+02	3.86065294e+02	3.74078266e+02	3.99006053e+02	1.19870281e+01	1.29407593e+01
3.88800000e+02	8.63289157e-03	1.04336966e-02	1.98138071e+02	2.39469302e+02	3.86007305e+02	3.86007305e+02	3.74060497e+02	3.98903191e+02	1.19468072e+01	1.28958860e+01
3.88900000e+02	8.66648645e-03	1.04649469e-02	1.98909125e+02	2.40186545e+02	3.86533763e+02	3.86533763e+02	3.74592219e+02	3.99423150e+02	1.19415438e+01	1.28893870e+01
3.89000000e+02	8.69528159e-03	1.04984322e-02	1.99570018e+02	2.40955083e+02	3.87683953e+02	3.87683953e+02	3.75709846e+02	4.00608376e+02	1.19741074e+01	1.29244224e+01
3.89100000e+02	8.72111919e-03	1.05336338e-02	2.00163030e+02	2.41763014e+02	3.89253867e+02	3.89253867e+02	3.77222011e+02	4.02240974e+02	1.20318565e+01	1.29871067e+01
3.89200000e+02	8.74185148e-03	1.05702966e-02	2.00638868e+02	2.42604482e+02	3.91391661e+02	3.91391661e+02	3.79266889e+02	4.04480079e+02	1.21247719e+01	1.30884179e+01
3.89300000e+02	8.75726573e-03	1.06081311e-02	2.00992648e+02	2.43472840e+02	3.94084429e+02	3.94084429e+02	3.81832050e+02	4.07312270e+02	1.22523790e+01	1.32278411e+01
3.89400000e+02	8.76804273e-03	1.06468102e-02	2.01239997e+02	2.44360585e+02	3.97242667e+02	3.97242667e+02	3.84833410e+02	4.10642093e+02	1.24092577e+01	1.33994251e+01
3.89500000e+02	8.77485445e-03	1.06860141e-02	2.01396336e+02	2.45260374e+02	4.00778326e+02	4.00778326e+02	3.88188253e+02	4.14375639e+02	1.25900737e+01	1.35973127e+01
3.89600000e+02	8.77836401e-03	1.07254300e-02	2.01476886e+02	2.46165029e+02	4.04604809e+02	4.04604809e+02	3.91815230e+02	4.18420550e+02	1.27895783e+01	1.38157410e+01
3.89700000e+02	8.77947086e-03	1.07658364e-02	2.01502290e+02	2.47092419e+02	4.08730149e+02	4.08730149e+02	3.95722840e+02	4.22784333e+02	1.30073092e+01	1.40541840e+01
3.89800000e+02	8.78226193e-03	1.08041703e-02	2.01566349e+02	2.47972240e+02	4.12502218e+02	4.12502218e+02	3.99297581e+02	4.26772462e+02	1.32046373e+01	1.42702443e+01
3.89900000e+02	8.78666734e-03	1.08410463e-02	2.01667460e+02	2.48818602e+02	4.15990832e+02	4.15990832e+02	4.02605497e+02	4.30458887e+02	1.33853350e+01	1.44680550e+01
3.90000000e+02	8.79263948e-03	1.08770681e-02	2.01804530e+02	2.49645356e+02	4.19262830e+02	4.19262830e+02	4.05709835e+02	4.33914381e+02	1.35529948e+01	1.46515518e+01
3.90100000e+02	8.80015299e-03	1.09128278e-02	2.01976977e+02	2.50466097e+02	4.22382071e+02	4.22382071e+02	4.08671042e+02	4.37206543e+02	1.37110290e+01	1.48244726e+01
3.90200000e+02	8.80905183e-03	1.09486135e-02	2.02181219e+02	2.51287432e+02	4.25391279e+02	4.25391279e+02	4.11529421e+02	4.40380751e+02	1.38618580e+01	1.49894718e+01
3.90300000e+02	8.81765845e-03	1.09830453e-02	2.02378754e+02	2.52077696e+02	4.28283035e+02	4.28283035e+02	4.14276290e+02	4.43431005e+02	1.40067456e+01	1.51479701e+01
3.90400000e+02	8.82355344e-03	1.10154038e-02	2.02514053e+02	2.52820372e+02	4.31179140e+02	4.31179140e+02	4.17024598e+02	4.46488855e+02	1.41545428e+01	1.53097143e+01
3.90500000e+02	8.82730177e-03	1.10461636e-02	2.02600083e+02	2.53526357e+02	4.34083149e+02	4.34083149e+02	4.19778269e+02	4.49557436e+02	1.43048798e+01	1.54742872e+01
3.90600000e+02	8.82945572e-03	1.10757640e-02	2.02649519e+02	2.54205731e+02	4.36995935e+02	4.36995935e+02	4.22538677e+02	4.52637065e+02	1.44572576e+01	1.56411301e+01
3.90700000e+02	8.83055482e-03	1.11046083e-02	2.02674745e+02	2.54867753e+02	4.39915691e+02	4.39915691e+02	4.25304644e+02	4.55725234e+02	1.46110472e+01	1.58095423e+01
3.90800000e+02	8.83129994e-03	1.11334191e-02	2.02691847e+02	2.55529003e+02	4.42860740e+02	4.42860740e+02	4.28094212e+02	4.58840555e+02	1.47665282e+01	1.59798147e+01
3.90900000e+02	8.83351088e-03	1.11643735e-02	2.02742591e+02	2.56239454e+02	4.45910150e+02	4.45910150e+02	4.30984053e+02	4.62064681e+02	1.49260967e+01	1.61545319e+01
3.91000000e+02	8.83861361e-03	1.11989736e-02	2.02859707e+02	2.57033579e+02	4.49104582e+02	4.49104582e+02	4.34014081e+02	4.65439064e+02	1.50905009e+01	1.63344821e+01
3.91100000e+02	8.84675980e-03	1.12371332e-02	2.03046674e+02	2.57909402e+02	4.52422709e+02	4.52422709e+02	4.37164249e+02	4.68940968e+02	1.52584598e+01	1.65182590e+01
3.91200000e+02	8.85810901e-03	1.12787585e-02	2.03307156e+02	2.58864767e+02	4.55841750e+02	4.55841750e+02	4.40413143e+02	4.72546113e+02	1.54286072e+01	1.67043629e+01
3.91300000e+02	8.87282870e-03	1.13237479e-02	2.03644995e+02	2.59897340e+02	4.59337472e+02	4.59337472e+02	4.43737980e+02	4.76228673e+02	1.55994924e+01	1.68912010e+01
3.91400000e+02	8.89164922e-03	1.13737021e-02	2.04076955e+02	2.61043867e+02	4.63017462e+02	4.63017462e+02	4.47241361e+02	4.80101680e+02	1.57761006e+01	1.70842176e+01
3.91500000e+02	8.91624031e-03	1.14323205e-02	2.04641358e+02	2.62389250e+02	4.67131773e+02	4.67131773e+02	4.51161727e+02	4.84427870e+02	1.59700461e+01	1.72960966e+01
3.91600000e+02	8.94713098e-03	1.15003960e-02	2.05350347e+02	2.63951685e+02	4.71720067e+02	4.71720067e+02	4.55537157e+02	4.89248625e+02	1.61829100e+01	1.75285580e+01
3.91700000e+02	8.98440054e-03	1.15776384e-02	2.06205740e+02	2.65724517e+02	4.76745637e+02	4.76745637e+02	4.60332970e+02	4.94525019e+02	1.64126670e+01	1.77793819e+01
3.91800000e+02	9.02815464e-03	1.16637982e-02	2.07209963e+02	2.67702015e+02	4.82173834e+02	4.82173834e+02	4.65516460e+02	5.00220273e+02	1.66573749e+01	1.80464388e+01
3.91900000e+02	9.07852531e-03	1.17586657e-02	2.08366047e+02	2.69879371e+02	4.87972066e+02	4.87972066e+02	4.71056891e+02	5.06299755e+02	1.69151741e+01	1.83276893e+01
3.92000000e+02	9.13094016e-03	1.18562546e-02	2.09569048e+02	2.72119184e+02	4.93887847e+02	4.93887847e+02	4.76710658e+02	5.12501360e+02	1.71771893e+01	1.86135125e+01
3.92100000e+02	9.18181338e-03	1.19503025e-02	2.10736667e+02	2.74277729e+02	4.99559677e+02	4.99559677e+02	4.82131889e+02	5.18446541e+02	1.74277872e+01	1.88868649e+01
3.92200000e+02	9.23065841e-03	1.20401125e-02	2.11857735e+02	2.76339004e+02	5.04954414e+02	5.04954414e+02	4.87288723e+02	5.24100772e+02	1.76656908e+01	1.91463581e+01
3.92300000e+02	9.27706552e-03	1.21251521e-02	2.12922849e+02	2.78290795e+02	5.10049874e+02	5.10049874e+02	4.92159746e+02	5.29441030e+02	1.78901279e+01	1.93911558e+01
3.92400000e+02	9.32059408e-03	1.22048459e-02	2.13921896e+02	2.80119888e+02	5.14821859e+02	5.14821859e+02	4.96721609e+02	5.34442198e+02	1.81002505e+01	1.96203386e+01
3.92500000e+02	9.36101292e-03	1.22789575e-02	2.14849570e+02	2.81820862e+02	5.19264533e+02	5.19264533e+02	5.00968556e+02	5.39098355e+02	1.82959772e+01	1.98338223e+01
3.92600000e+02	9.39995602e-03	1.23511196e-02	2.15743374e+02	2.83477093e+02	5.23623914e+02	5.23623914e+02	5.05135170e+02	5.43668010e+02	1.84887436e+01	2.00440962e+01
3.92700000e+02	9.43704687e-03	1.24244968e-02	2.16594666e+02	2.85161214e+02	5.28260792e+02	5.28260792e+02	5.09562732e+02	5.48533328e+02	1.86980594e+01	2.02725360e+01
3.92800000e+02	9.47226270e-03	1.24982307e-02	2.17402923e+02	2.86853520e+02	5.33087453e+02	5.33087453e+02	5.14168158e+02	5.53601524e+02	1.89192944e+01	2.05140712e+01
3.92900000e+02	9.50556346e-03	1.25714810e-02	2.18167226e+02	2.88534724e+02	5.38019490e+02	5.38019490e+02	5.18871479e+02	5.58783332e+02	1.91480109e+01	2.07638423e+01
3.93000000e+02	9.53689181e-03	1.26434254e-02	2.18886260e+02	2.90185960e+02	5.42975804e+02	5.42975804e+02	5.23595841e+02	5.63993006e+02	1.93799638e+01	2.10172011e+01
3.93100000e+02	9.56690628e-03	1.27146498e-02	2.19575138e+02	2.91820668e+02	5.47963912e+02	5.47963912e+02	5.28349011e+02	5.69237769e+02	1.96149010e+01	2.12738572e+01
3.93200000e+02	9.59757134e-03	1.27844308e-02	2.20278948e+02	2.93422249e+02	5.52748500e+02	5.52748500e+02	5.32910100e+02	5.74266471e+02	1.98384001e+01	2.15179716e+01
3.93300000e+02	9.62967705e-03	1.28494207e-02	2.21015823e+02	2.94913867e+02	5.56916024e+02	5.56916024e+02	5.36888280e+02	5.78640671e+02	2.00277444e+01	2.17246469e+01
3.93400000e+02	9.66332331e-03	1.29111249e-02	2.21788056e+02	2.96330073e+02	5.60615403e+02	5.60615403e+02	5.40424668e+02	5.82517827e+02	2.01907345e+01	2.19024243e+01
3.93500000e+02	9.69861679e-03	1.29710367e-02	2.22598096e+02	2.97705140e+02	5.63993751e+02	5.63993751e+02	5.43658682e+02	5.86053484e+02	2.03350686e+01	2.20597330e+01
3.93600000e+02	9.73567095e-03	1.30306375e-02	2.23448545e+02	2.99073069e+02	5.67196379e+02	5.67196379e+02	5.46728037e+02	5.89401269e+02	2.04683423e+01	2.22048895e+01
3.93700000e+02	9.77299167e-03	1.30885422e-02	2.24305113e+02	3.00402070e+02	5.70200372e+02	5.70200372e+02	5.49609556e+02	5.92538584e+02	2.05908164e+01	2.23382119e+01
3.93800000e+02	9.81142248e-03	1.31494170e-02	2.25187159e+02	3.01799240e+02	5.73423891e+02	5.73423891e+02	5.52700053e+02	5.95906954e+02	2.07238383e+01	2.24830625e+01
3.93900000e+02	9.85125278e-03	1.32155782e-02	2.26101325e+02	3.03317742e+02	5.77085037e+02	5.77085037e+02	5.56206346e+02	5.99736830e+02	2.08786911e+01	2.26517925e+01
3.94000000e+02	9.89135634e-03	1.32856229e-02	2.27021763e+02	3.04925375e+02	5.81129089e+02	5.81129089e+02	5.60075504e+02	6.03971555e+02	2.10535847e+01	2.28424660e+01
3.94100000e+02	9.93062299e-03	1.33581775e-02	2.27922993e+02	3.06590614e+02	5.85503088e+02	5.85503088e+02	5.64256281e+02	6.08556320e+02	2.12468069e+01	2.30532320e+01
3.94200000e+02	9.96795862e-03	1.34318979e-02	2.28779903e+02	3.08282609e+02	5.90155839e+02	5.90155839e+02	5.68699116e+02	6.13438163e+02	2.14567229e+01	2.32823238e+01
3.94300000e+02	1.00058945e-02	1.35052919e-02	2.29650590e+02	3.09967114e+02	5.94725700e+02	5.94725700e+02	5.73064051e+02	6.18231638e+02	2.16616490e+01	2.35059374e+01
3.94400000e+02	1.00426701e-02	1.35729853e-02	2.30494646e+02	3.11520781e+02	5.98795260e+02	5.98795260e+02	5.76954076e+02	6.22497026e+02	2.18411835e+01	2.37017665e+01
3.94500000e+02	1.00782924e-02	1.36340198e-02	2.31312233e+02	3.12921617e+02	6.02263978e+02	6.02263978e+02	5.80273992e+02	6.26127940e+02	2.19899862e+01	2.38639622e+01
3.94600000e+02	1.01131358e-02	1.36880302e-02	2.32111941e+02	3.14161238e+02	6.05063290e+02	6.05063290e+02	5.82959240e+02	6.29051418e+02	2.21040506e+01	2.39881282e+01
3.94700000e+02	1.01476004e-02	1.37346407e-02	2.32902956e+02	3.15231021e+02	6.07121434e+02	6.07121434e+02	5.84942259e+02	6.31191087e+02	2.21791747e+01	2.40696536e+01
3.94800000e+02	1.01819832e-02	1.37735815e-02	2.33692095e+02	3.16124772e+02	6.08386082e+02	6.08386082e+02	5.86173792e+02	6.32491252e+02	2.22122893e+01	2.41051704e+01
3.94900000e+02	1.02122465e-02	1.38081354e-02	2.34386683e+02	3.16917835e+02	6.09528283e+02	6.09528283e+02	5.87285305e+02	6.33666405e+02	2.22429788e+01	2.41381211e+01
3.95000000e+02	1.02359652e-02	1.38378715e-02	2.34931064e+02	3.17600325e+02	6.10700433e+02	6.10700433e+02	5.88418711e+02	6.34880469e+02	2.22817222e+01	2.41800359e+01
3.95100000e+02	1.02533266e-02	1.38632986e-02	2.35329535e+02	3.18183917e+02	6.11940361e+02	6.11940361e+02	5.89610020e+02	6.36173267e+02	2.23303413e+01	2.42329059e+01
3.95200000e+02	1.02644928e-02	1.38849347e-02	2.35585817e+02	3.18680496e+02	6.13288905e+02	6.13288905e+02	5.90898062e+02	6.37587829e+02	2.23908421e+01	2.42989246e+01
3.95300000e+02	1.02696009e-02	1.39033067e-02	2.35703056e+02	3.19102163e+02	6.14789908e+02	6.14789908e+02	5.92324493e+02	6.39170396e+02	2.24654149e+01	2.43804879e+01
3.95400000e+02	1.02698159e-02	1.39193834e-02	2.35707989e+02	3.19471148e+02	6.16449619e+02	6.16449619e+02	5.93896379e+02	6.40926292e+02	2.25532402e+01	2.44766729e+01
3.95500000e+02	1.02689918e-02	1.39350380e-02	2.35689075e+02	3.19830446e+02	6.18149850e+02	6.18149850e+02	5.95505609e+02	6.42726209e+02	2.26442413e+01	2.45763587e+01
3.95600000e+02	1.02688506e-02	1.39511641e-02	2.35685834e+02	3.20200563e+02	6.19843694e+02	6.19843694e+02	5.97109465e+02	6.44518614e+02	2.27342290e+01	2.46749198e+01
3.95700000e+02	1.02698866e-02	1.39686381e-02	2.35709613e+02	3.20601619e+02	6.21582370e+02	6.21582370e+02	5.98756938e+02	6.46357156e+02	2.28254317e+01	2.47747858e+01
3.95800000e+02	1.02726112e-02	1.39883581e-02	2.35772145e+02	3.21054223e+02	6.23417952e+02	6.23417952e+02	6.00497845e+02	6.48296370e+02	2.29201066e+01	2.48784178e+01
3.95900000e+02	1.02775523e-02	1.40112432e-02	2.35885551e+02	3.21579471e+02	6.25403367e+02	6.25403367e+02	6.02382827e+02	6.50391675e+02	2.30205395e+01	2.49883077e+01
3.96000000e+02	1.02840229e-02	1.40367155e-02	2.36034061e+02	3.22164099e+02	6.27534234e+02	6.27534234e+02	6.04407057e+02	6.52639193e+02	2.31271768e+01	2.51049595e+01
3.96100000e+02	1.02904833e-02	1.40645738e-02	2.36182338e+02	3.22803489e+02	6.29914841e+02	6.29914841e+02	6.06667770e+02	6.55150973e+02	2.32470713e+01	2.52361313e+01
3.96200000e+02	1.02967503e-02	1.40955564e-02	2.36326174e+02	3.23514588e+02	6.32637149e+02	6.32637149e+02	6.09251866e+02	6.58024516e+02	2.33852820e+01	2.53873679e+01
3.96300000e+02	1.03031309e-02	1.41298211e-02	2.36472620e+02	3.24301015e+02	6.35692599e+02	6.35692599e+02	6.12151547e+02	6.61250432e+02	2.35410517e+01	2.55578333e+01
3.96400000e+02	1.03099232e-02	1.41675351e-02	2.36628513e+02	3.25166609e+02	6.39074405e+02	6.39074405e+02	6.15360679e+02	6.64821209e+02	2.37137259e+01	2.57468042e+01
3.96500000e+02	1.03174156e-02	1.42088754e-02	2.36800476e+02	3.26115431e+02	6.42777545e+02	6.42777545e+02	6.18874792e+02	6.68731216e+02	2.39027532e+01	2.59536703e+01
3.96600000e+02	1.03246004e-02	1.42509923e-02	2.36965378e+02	3.27082079e+02	6.46586745e+02	6.46586745e+02	6.22489035e+02	6.72753782e+02	2.40977102e+01	2.61670376e+01
3.96700000e+02	1.03294225e-02	1.42892542e-02	2.37076052e+02	3.27960249e+02	6.50186037e+02	6.50186037e+02	6.25902170e+02	6.76556856e+02	2.42838672e+01	2.63708184e+01
3.96800000e+02	1.03317890e-02	1.43230407e-02	2.37130368e+02	3.28735700e+02	6.53518240e+02	6.53518240e+02	6.29059957e+02	6.80080033e+02	2.44582824e+01	2.65617929e+01
3.96900000e+02	1.03319992e-02	1.43525186e-02	2.37135191e+02	3.29412265e+02	6.56576433e+02	6.56576433e+02	6.31956140e+02	6.83315662e+02	2.46202935e+01	2.67392290e+01
3.97000000e+02	1.03303139e-02	1.43778033e-02	2.37096510e+02	3.29992585e+02	6.59351395e+02	6.59351395e+02	6.34582242e+02	6.86253698e+02	2.47691534e+01	2.69023029e+01
3.97100000e+02	1.03269556e-02	1.43989576e-02	2.37019432e+02	3.30478110e+02	6.61831603e+02	6.61831603e+02	6.36927572e+02	6.88881703e+02	2.49040311e+01	2.70500996e+01
3.97200000e+02	1.03247568e-02	1.44210970e-02	2.36968967e+02	3.30986242e+02	6.64320218e+02	6.64320218e+02	6.39282009e+02	6.91517323e+02	2.50382094e+01	2.71971047e+01
3.97300000e+02	1.03254271e-02	1.44469269e-02	2.36984352e+02	3.31579079e+02	6.66960383e+02	6.66960383e+02	6.41782791e+02	6.94310131e+02	2.51775919e+01	2.73497472e+01
3.97400000e+02	1.03293719e-02	1.44769929e-02	2.37074891e+02	3.32269138e+02	6.69776017e+02	6.69776017e+02	6.44452969e+02	6.97284986e+02	2.53230472e+01	2.75089690e+01
3.97500000e+02	1.03369860e-02	1.45118395e-02	2.37249646e+02	3.33068923e+02	6.72791813e+02	6.72791813e+02	6.47316318e+02	7.00467582e+02	2.54754949e+01	2.76757691e+01
3.97600000e+02	1.03486537e-02	1.45520108e-02	2.37517438e+02	3.33990915e+02	6.76033245e+02	6.76033245e+02	6.50397338e+02	7.03884448e+02	2.56359065e+01	2.78512031e+01
3.97700000e+02	1.03648358e-02	1.45971019e-02	2.37888843e+02	3.35025824e+02	6.79420578e+02	6.79420578e+02	6.53620980e+02	7.07450708e+02	2.57995976e+01	2.80301299e+01
3.97800000e+02	1.03867318e-02	1.46439267e-02	2.38391387e+02	3.36100525e+02	6.82523835e+02	6.82523835e+02	6.56581259e+02	7.10710081e+02	2.59425753e+01	2.81862460e+01
3.97900000e+02	1.04157852e-02	1.46931906e-02	2.39058208e+02	3.37231208e+02	6.85299117e+02	6.85299117e+02	6.59238032e+02	7.13614524e+02	2.60610850e+01	2.83154072e+01
3.98000000e+02	1.04521083e-02	1.47441222e-02	2.39891879e+02	3.38400165e+02	6.87656819e+02	6.87656819e+02	6.61506556e+02	7.16069103e+02	2.61502628e+01	2.84122841e+01
3.98100000e+02	1.04958190e-02	1.47959286e-02	2.40895106e+02	3.39589202e+02	6.89504636e+02	6.89504636e+02	6.63299540e+02	7.17976020e+02	2.62050959e+01	2.84713839e+01
3.98200000e+02	1.05470411e-02	1.48477959e-02	2.42070731e+02	3.40779634e+02	6.90747565e+02	6.90747565e+02	6.64527142e+02	7.19234616e+02	2.62204228e+01	2.84870509e+01
3.98300000e+02	1.06053784e-02	1.49025586e-02	2.43409662e+02	3.42036524e+02	6.91713581e+02	6.91713581e+02	6.65499549e+02	7.20192357e+02	2.62140319e+01	2.84787761e+01
3.98400000e+02	1.06710955e-02	1.49658758e-02	2.44917971e+02	3.43489750e+02	6.92971514e+02	6.92971514e+02	6.66755679e+02	7.21450828e+02	2.62158348e+01	2.84793141e+01
3.98500000e+02	1.07447637e-02	1.50391695e-02	2.46608767e+02	3.45171951e+02	6.94623241e+02	6.94623241e+02	6.68392570e+02	7.23117195e+02	2.62306713e+01	2.84939532e+01
3.98600000e+02	1.08259291e-02	1.51228254e-02	2.48471639e+02	3.47091984e+02	6.96745935e+02	6.96745935e+02	6.70482852e+02	7.25273612e+02	2.62630829e+01	2.85276774e+01
3.98700000e+02	1.09141508e-02	1.52172839e-02	2.50496461e+02	3.49259950e+02	6.99421412e+02	6.99421412e+02	6.73103566e+02	7.28007138e+02	2.63178454e+01	2.85857269e+01
3.98800000e+02	1.10089997e-02	1.53230391e-02	2.52673389e+02	3.51687194e+02	7.02736136e+02	7.02736136e+02	6.76336167e+02	7.31409734e+02	2.63999690e+01	2.86735984e+01
3.98900000e+02	1.11072804e-02	1.54333626e-02	2.54929081e+02	3.54219286e+02	7.06248199e+02	7.06248199e+02	6.79759029e+02	7.35017345e+02	2.64891700e+01	2.87691463e+01
3.99000000e+02	1.12056512e-02	1.55420171e-02	2.57186841e+02	3.56713073e+02	7.09578807e+02	7.09578807e+02	6.83010150e+02	7.38432859e+02	2.65686568e+01	2.88540529e+01
3.99100000e+02	1.13027974e-02	1.56473489e-02	2.59416495e+02	3.59130600e+02	7.12662426e+02	7.12662426e+02	6.86026174e+02	7.41588388e+02	2.66362521e+01	2.89259624e+01
3.99200000e+02	1.13977779e-02	1.57483690e-02	2.61596444e+02	3.61449165e+02	7.15472448e+02	7.15472448e+02	6.88780974e+02	7.44456816e+02	2.66914743e+01	2.89843675e+01
3.99300000e+02	1.14896236e-02	1.58440456e-02	2.63704442e+02	3.63645091e+02	7.17980120e+02	7.17980120e+02	6.91246365e+02	7.47008788e+02	2.67337556e+01	2.90286679e+01
3.99400000e+02	1.15773367e-02	1.59333047e-02	2.65717593e+02	3.65693723e+02	7.20154544e+02	7.20154544e+02	6.93392102e+02	7.49212714e+02	2.67624427e+01	2.90581697e+01
3.99500000e+02	1.16626530e-02	1.60199109e-02	2.67675732e+02	3.67681469e+02	7.22247264e+02	7.22247264e+02	6.95458100e+02	7.51332834e+02	2.67891637e+01	2.90855706e+01
3.99600000e+02	1.17446508e-02	1.61010146e-02	2.69557707e+02	3.69542923e+02	7.24035961e+02	7.24035961e+02	6.97232925e+02	7.53134934e+02	2.68030366e+01	2.90989723e+01
3.99700000e+02	1.18229843e-02	1.61770974e-02	2.71355581e+02	3.71289138e+02	7.25599023e+02	7.25599023e+02	6.98790462e+02	7.54702333e+02	2.68085609e+01	2.91033103e+01
3.99800000e+02	1.18973039e-02	1.62486484e-02	2.73061330e+02	3.72931344e+02	7.27015940e+02	7.27015940e+02	7.00205642e+02	7.56119529e+02	2.68102985e+01	2.91035888e+01
3.99900000e+02	1.19672472e-02	1.63161252e-02	2.74666634e+02	3.74480040e+02	7.28363935e+02	7.28363935e+02	7.01551232e+02	7.57468629e+02	2.68127036e+01	2.91046941e+01
4.00000000e+02	1.20327984e-02	1.63800804e-02	2.76171135e+02	3.75947909e+02	7.29701922e+02	7.29701922e+02	7.02883006e+02	7.58811988e+02	2.68189168e+01	2.91100661e+01
4.00100000e+02	1.20965940e-02	1.64429131e-02	2.77635341e+02	3.77390016e+02	7.31065680e+02	7.31065680e+02	7.04237449e+02	7.60184554e+02	2.68282315e+01	2.91188733e+01
4.00200000e+02	1.21598602e-02	1.65086922e-02	2.79087398e+02	3.78899747e+02	7.32779892e+02	7.32779892e+02	7.05923233e+02	7.61928516e+02	2.68566584e+01	2.91486246e+01
4.00300000e+02	1.22224612e-02	1.65769651e-02	2.80524187e+02	3.80466714e+02	7.34808401e+02	7.34808401e+02	7.07905987e+02	7.64005771e+02	2.69024142e+01	2.91973697e+01
4.00400000e+02	1.22842815e-02	1.66472954e-02	2.81943058e+02	3.82080903e+02	7.37115080e+02	7.37115080e+02	7.10151384e+02	7.66378217e+02	2.69636965e+01	2.92631370e+01
4.00500000e+02	1.23452263e-02	1.67192632e-02	2.83341834e+02	3.83732673e+02	7.39663829e+02	7.39663829e+02	7.12625145e+02	7.69007763e+02	2.70386841e+01	2.93439340e+01
4.00600000e+02	1.24045214e-02	1.67924432e-02	2.84702747e+02	3.85412266e+02	7.42473289e+02	7.42473289e+02	7.15344158e+02	7.71914987e+02	2.71291306e+01	2.94416982e+01
4.00700000e+02	1.24602466e-02	1.68658927e-02	2.85981726e+02	3.87098045e+02	7.45601358e+02	7.45601358e+02	7.18361354e+02	7.75163271e+02	2.72400040e+01	2.95619130e+01
4.00800000e+02	1.25115045e-02	1.69387091e-02	2.87158173e+02	3.88769293e+02	7.49026901e+02	7.49026901e+02	7.21655831e+02	7.78731242e+02	2.73710700e+01	2.97043410e+01
4.00900000e+02	1.25581278e-02	1.70107592e-02	2.88228249e+02	3.90422953e+02	7.52749631e+02	7.52749631e+02	7.25227152e+02	7.82618781e+02	2.75224786e+01	2.98691502e+01
4.01000000e+02	1.25999469e-02	1.70819159e-02	2.89188060e+02	3.92056108e+02	7.56770093e+02	7.56770093e+02	7.29075667e+02	7.86826653e+02	2.76944262e+01	3.00565597e+01
4.01100000e+02	1.26367897e-02	1.71520582e-02	2.90033659e+02	3.93665982e+02	7.61089670e+02	7.61089670e+02	7.33202514e+02	7.91356510e+02	2.78871562e+01	3.02668395e+01
4.01200000e+02	1.26692011e-02	1.72202216e-02	2.90777551e+02	3.95230435e+02	7.65563390e+02	7.65563390e+02	7.37470949e+02	7.96054356e+02	2.80924403e+01	3.04909660e+01
4.01300000e+02	1.26972616e-02	1.72840114e-02	2.91421583e+02	3.96694510e+02	7.69934886e+02	7.69934886e+02	7.41638286e+02	8.00648843e+02	2.82966004e+01	3.07139565e+01
4.01400000e+02	1.27209324e-02	1.73426821e-02	2.91964864e+02	3.98041090e+02	7.74129527e+02	7.74129527e+02	7.45633811e+02	8.05061045e+02	2.84957160e+01	3.09315181e+01
4.01500000e+02	1.27403818e-02	1.73963058e-02	2.92411256e+02	3.99271837e+02	7.78141169e+02	7.78141169e+02	7.49451874e+02	8.09284278e+02	2.86892952e+01	3.11431082e+01
4.01600000e+02	1.27557794e-02	1.74449322e-02	2.92764655e+02	4.00387887e+02	7.81961164e+02	7.81961164e+02	7.53084453e+02	8.13309201e+02	2.88767113e+01	3.13480368e+01
4.01700000e+02	1.27672966e-02	1.74885879e-02	2.93028993e+02	4.01389852e+02	7.85578351e+02	7.85578351e+02	7.56521148e+02	8.17123818e+02	2.90572032e+01	3.15454667e+01
4.01800000e+02	1.27770663e-02	1.75311009e-02	2.93253222e+02	4.02365590e+02	7.89218532e+02	7.89218532e+02	7.59977891e+02	8.20964694e+02	2.92406412e+01	3.17461615e+01
4.01900000e+02	1.27860560e-02	1.75757173e-02	2.93459549e+02	4.03389605e+02	7.93141620e+02	7.93141620e+02	7.63701764e+02	8.25105773e+02	2.94398563e+01	3.19641528e+01
4.02000000e+02	1.27948980e-02	1.76230771e-02	2.93662488e+02	4.04476586e+02	7.97362933e+02	7.97362933e+02	7.67707897e+02	8.29562566e+02	2.96550362e+01	3.21996329e+01
4.02100000e+02	1.28042429e-02	1.76736643e-02	2.93876968e+02	4.05637639e+02	8.01880020e+02	8.01880020e+02	7.71994611e+02	8.34331761e+02	2.98854084e+01	3.24517410e+01
4.02200000e+02	1.28147596e-02	1.77279884e-02	2.94118340e+02	4.06884461e+02	8.06691616e+02	8.06691616e+02	7.76561371e+02	8.39411281e+02	3.01302450e+01	3.27196654e+01
4.02300000e+02	1.28270579e-02	1.77864577e-02	2.94400607e+02	4.08226420e+02	8.11790666e+02	8.11790666e+02	7.81402097e+02	8.44792989e+02	3.03885691e+01	3.30023229e+01
4.02400000e+02	1.28407606e-02	1.78478740e-02	2.94715104e+02	4.09636018e+02	8.17082896e+02	8.17082896e+02	7.86427143e+02	8.50377549e+02	3.06557528e+01	3.32946533e+01
4.02500000e+02	1.28570987e-02	1.79138105e-02	2.95090088e+02	4.11149362e+02	8.22632244e+02	8.22632244e+02	7.91698272e+02	8.56231255e+02	3.09339716e+01	3.35990119e+01
4.02600000e+02	1.28763785e-02	1.79841231e-02	2.95532589e+02	4.12763144e+02	8.28398746e+02	8.28398746e+02	7.97177943e+02	8.62311485e+02	3.12208029e+01	3.39127390e+01
4.02700000e+02	1.28989234e-02	1.80586928e-02	2.96050029e+02	4.14474632e+02	8.34343678e+02	8.34343678e+02	8.02829804e+02	8.68576906e+02	3.15138732e+01	3.42332280e+01
4.02800000e+02	1.29250738e-02	1.81374258e-02	2.96650221e+02	4.16281674e+02	8.40429553e+02	8.40429553e+02	8.08618696e+02	8.74987479e+02	3.18108578e+01	3.45579252e+01
4.02900000e+02	1.29546408e-02	1.82196589e-02	2.97328829e+02	4.18169050e+02	8.46602560e+02	8.46602560e+02	8.14493471e+02	8.81486473e+02	3.21090889e+01	3.48839129e+01
4.03000000e+02	1.29865771e-02	1.83032285e-02	2.98061817e+02	4.20087101e+02	8.52722199e+02	8.52722199e+02	8.20320051e+02	8.87926384e+02	3.24021484e+01	3.52041847e+01
4.03100000e+02	1.30209457e-02	1.83869433e-02	2.98850628e+02	4.22008484e+02	8.58659064e+02	8.58659064e+02	8.25975954e+02	8.94170218e+02	3.26831101e+01	3.55111533e+01
4.03200000e+02	1.30577801e-02	1.84707114e-02	2.99696034e+02	4.23931089e+02	8.64400832e+02	8.64400832e+02	8.31449545e+02	9.00204898e+02	3.29512870e+01	3.58040657e+01
4.03300000e+02	1.30971181e-02	1.85544392e-02	3.00598901e+02	4.25852770e+02	8.69934669e+02	8.69934669e+02	8.36728708e+02	9.06016803e+02	3.32059610e+01	3.60821345e+01
4.03400000e+02	1.31390018e-02	1.86380316e-02	3.01560197e+02	4.27771344e+02	8.75247232e+02	8.75247232e+02	8.41800849e+02	9.11591770e+02	3.34463829e+01	3.63445382e+01
4.03500000e+02	1.31823539e-02	1.87202108e-02	3.02555194e+02	4.29657482e+02	8.80292869e+02	8.80292869e+02	8.46621673e+02	9.16882682e+02	3.36711953e+01	3.65898136e+01
4.03600000e+02	1.32252747e-02	1.87985263e-02	3.03540290e+02	4.31454943e+02	8.84970531e+02	8.84970531e+02	8.51093616e+02	9.21784719e+02	3.38769151e+01	3.68141875e+01
4.03700000e+02	1.32671255e-02	1.88720274e-02	3.04500832e+02	4.33141906e+02	8.89232989e+02	8.89232989e+02	8.55171321e+02	9.26248610e+02	3.40616677e+01	3.70156208e+01
4.03800000e+02	1.33077735e-02	1.89405096e-02	3.05433764e+02	4.34713678e+02	8.93069736e+02	8.93069736e+02	8.58844709e+02	9.30263386e+02	3.42250273e+01	3.71936499e+01
4.03900000e+02	1.33470648e-02	1.90037366e-02	3.06335561e+02	4.36164835e+02	8.96468622e+02	8.96468622e+02	8.62102121e+02	9.33816361e+02	3.43665012e+01	3.73477386e+01
4.04000000e+02	1.33848255e-02	1.90614405e-02	3.07202227e+02	4.37489226e+02	8.99415857e+02	8.99415857e+02	8.64930327e+02	9.36893135e+02	3.44855299e+01	3.74772779e+01
4.04100000e+02	1.34220670e-02	1.91154431e-02	3.08056976e+02	4.38728669e+02	9.02019219e+02	9.02019219e+02	8.67432388e+02	9.39606632e+02	3.45868312e+01	3.75874129e+01
4.04200000e+02	1.34583867e-02	1.91675195e-02	3.08890567e+02	4.39923902e+02	9.04496635e+02	9.04496635e+02	8.69814273e+02	9.42187883e+02	3.46823625e+01	3.76912484e+01
4.04300000e+02	1.34938809e-02	1.92178131e-02	3.09705215e+02	4.41078216e+02	9.06855219e+02	9.06855219e+02	8.72082813e+02	9.44644310e+02	3.47724058e+01	3.77890914e+01
4.04400000e+02	1.35288034e-02	1.92662492e-02	3.10506739e+02	4.42189899e+02	9.09066556e+02	9.09066556e+02	8.74211353e+02	9.46945568e+02	3.48552036e+01	3.78790113e+01
4.04500000e+02	1.35633902e-02	1.93127513e-02	3.11300558e+02	4.43257195e+02	9.11103451e+02	9.11103451e+02	8.76174371e+02	9.49062618e+02	3.49290798e+01	3.79591673e+01
4.04600000e+02	1.35978599e-02	1.93572411e-02	3.12091693e+02	4.44278303e+02	9.12939924e+02	9.12939924e+02	8.77947484e+02	9.50967733e+02	3.49924405e+01	3.80278088e+01
4.04700000e+02	1.36334432e-02	1.94036167e-02	3.12908383e+02	4.45342693e+02	9.14882518e+02	9.14882518e+02	8.79822188e+02	9.52983904e+02	3.50603301e+01	3.81013863e+01
4.04800000e+02	1.36722213e-02	1.94535416e-02	3.13798399e+02	4.46488546e+02	9.16935429e+02	9.16935429e+02	8.81804513e+02	9.55113275e+02	3.51309153e+01	3.81778462e+01
4.04900000e+02	1.37141338e-02	1.95074601e-02	3.14760356e+02	4.47726058e+02	9.19149909e+02	9.19149909e+02	8.83942935e+02	9.57410142e+02	3.52069741e+01	3.82602325e+01
4.05000000e+02	1.37591256e-02	1.95658513e-02	3.15792986e+02	4.49066225e+02	9.21580438e+02	9.21580438e+02	8.86288987e+02	9.59932209e+02	3.52914510e+01	3.83517713e+01
4.05100000e+02	1.38071462e-02	1.96292290e-02	3.16895133e+02	4.50520842e+02	9.24284718e+02	9.24284718e+02	8.88897262e+02	9.62740589e+02	3.53874565e+01	3.84558705e+01
4.05200000e+02	1.38577605e-02	1.96968622e-02	3.18056808e+02	4.52073128e+02	9.27221899e+02	9.27221899e+02	8.91728645e+02	9.65792536e+02	3.54932537e+01	3.85706372e+01
4.05300000e+02	1.39102311e-02	1.97645602e-02	3.19261088e+02	4.53626899e+02	9.30014775e+02	9.30014775e+02	8.94425212e+02	9.68689746e+02	3.55895625e+01	3.86749713e+01
4.05400000e+02	1.39656447e-02	1.98318558e-02	3.20532916e+02	4.55171436e+02	9.32526186e+02	9.32526186e+02	8.96858152e+02	9.71285891e+02	3.56680338e+01	3.87597047e+01
4.05500000e+02	1.40231407e-02	1.98982750e-02	3.21852537e+02	4.56695859e+02	9.34776729e+02	9.34776729e+02	8.99046118e+02	9.73603713e+02	3.57306105e+01	3.88269842e+01
4.05600000e+02	1.40818711e-02	1.99633382e-02	3.23200489e+02	4.58189160e+02	9.36785354e+02	9.36785354e+02	9.01006219e+02	9.75664201e+02	3.57791354e+01	3.88788467e+01
4.05700000e+02	1.41410007e-02	2.00265598e-02	3.24557604e+02	4.59640192e+02	9.38569369e+02	9.38569369e+02	9.02754017e+02	9.77486588e+02	3.58153517e+01	3.89172196e+01
4.05800000e+02	1.42003064e-02	2.00880729e-02	3.25918761e+02	4.61052011e+02	9.40160806e+02	9.40160806e+02	9.04319627e+02	9.79105016e+02	3.58411789e+01	3.89442102e+01
4.05900000e+02	1.42586201e-02	2.01481088e-02	3.27257150e+02	4.62429928e+02	9.41678867e+02	9.41678867e+02	9.05814773e+02	9.80646900e+02	3.58640940e+01	3.89680329e+01
4.06000000e+02	1.43146627e-02	2.02063344e-02	3.28543413e+02	4.63766293e+02	9.43192866e+02	9.43192866e+02	9.07303829e+02	9.82186993e+02	3.58890373e+01	3.89941267e+01
4.06100000e+02	1.43683554e-02	2.02625674e-02	3.29775741e+02	4.65056926e+02	9.44690219e+02	9.44690219e+02	9.08774800e+02	9.83712067e+02	3.59154192e+01	3.90218474e+01
4.06200000e+02	1.44196227e-02	2.03166273e-02	3.30952405e+02	4.66297685e+02	9.46158220e+02	9.46158220e+02	9.10215580e+02	9.85208760e+02	3.59426400e+01	3.90505401e+01
4.06300000e+02	1.44683930e-02	2.03683352e-02	3.32071757e+02	4.67484460e+02	9.47584041e+02	9.47584041e+02	9.11613950e+02	9.86663579e+02	3.59700904e+01	3.90795387e+01
4.06400000e+02	1.45150551e-02	2.04193851e-02	3.33142724e+02	4.68656134e+02	9.49112769e+02	9.49112769e+02	9.13107687e+02	9.88229612e+02	3.60050821e+01	3.91168429e+01
4.06500000e+02	1.45588018e-02	2.04696845e-02	3.34146778e+02	4.69810580e+02	9.50800423e+02	9.50800423e+02	9.14749039e+02	9.89967021e+02	3.60513840e+01	3.91665982e+01
4.06600000e+02	1.45996216e-02	2.05194928e-02	3.35083656e+02	4.70953759e+02	9.52675032e+02	9.52675032e+02	9.16564538e+02	9.91905477e+02	3.61104942e+01	3.92304456e+01
4.06700000e+02	1.46378543e-02	2.05694574e-02	3.35961154e+02	4.72100522e+02	9.54776464e+02	9.54776464e+02	9.18592272e+02	9.94086791e+02	3.61841920e+01	3.93103265e+01
4.06800000e+02	1.46738364e-02	2.06202338e-02	3.36786998e+02	4.73265919e+02	9.57145729e+02	9.57145729e+02	9.20871409e+02	9.96553981e+02	3.62743200e+01	3.94082515e+01
4.06900000e+02	1.47079014e-02	2.06724862e-02	3.37568842e+02	4.74465191e+02	9.59824974e+02	9.59824974e+02	9.23442190e+02	9.99351275e+02	3.63827844e+01	3.95263013e+01
4.07000000e+02	1.47403524e-02	2.07247964e-02	3.38313642e+02	4.75665790e+02	9.62641588e+02	9.62641588e+02	9.26141458e+02	1.00229570e+03	3.65001300e+01	3.96541133e+01
4.07100000e+02	1.47701869e-02	2.07772364e-02	3.38998389e+02	4.76869369e+02	9.65684659e+02	9.65684659e+02	9.29052587e+02	1.00548263e+03	3.66320726e+01	3.97979697e+01
4.07200000e+02	1.47980126e-02	2.08300692e-02	3.39637033e+02	4.78081961e+02	9.68932158e+02	9.68932158e+02	9.32155314e+02	1.00888808e+03	3.67768434e+01	3.99559199e+01
4.07300000e+02	1.48244227e-02	2.08835498e-02	3.40243185e+02	4.79309422e+02	9.72362444e+02	9.72362444e+02	9.35429736e+02	1.01248850e+03	3.69327085e+01	4.01260520e+01
4.07400000e+02	1.48499954e-02	2.09379256e-02	3.40830118e+02	4.80557431e+02	9.75954269e+02	9.75954269e+02	9.38856300e+02	1.01626076e+03	3.70979695e+01	4.03064931e+01
4.07500000e+02	1.48751281e-02	2.09931289e-02	3.41406952e+02	4.81824430e+02	9.79668217e+02	9.79668217e+02	9.42398074e+02	1.02016273e+03	3.72701430e+01	4.04945147e+01
4.07600000e+02	1.48994768e-02	2.10478425e-02	3.41965791e+02	4.83080191e+02	9.83394881e+02	9.83394881e+02	9.45951115e+02	1.02407902e+03	3.74437657e+01	4.06841406e+01
4.07700000e+02	1.49235917e-02	2.11026079e-02	3.42519264e+02	4.84337141e+02	9.87145976e+02	9.87145976e+02	9.49527061e+02	1.02802142e+03	3.76189152e+01	4.08754439e+01
4.07800000e+02	1.49477124e-02	2.11570389e-02	3.43072871e+02	4.85586415e+02	9.90861709e+02	9.90861709e+02	9.53069526e+02	1.03192640e+03	3.77921832e+01	4.10646864e+01
4.07900000e+02	1.49720588e-02	2.12107357e-02	3.43631659e+02	4.86818839e+02	9.94482477e+02	9.94482477e+02	9.56522286e+02	1.03573064e+03	3.79601909e+01	4.12481626e+01
4.08000000e+02	1.49968311e-02	2.12632849e-02	3.44200222e+02	4.88024925e+02	9.97948873e+02	9.97948873e+02	9.59829283e+02	1.03937107e+03	3.81195894e+01	4.14222003e+01
4.08100000e+02	1.50221892e-02	2.13149345e-02	3.44782227e+02	4.89210363e+02	1.00127375e+03	1.00127375e+03	9.63002850e+02	1.04286112e+03	3.82709026e+01	4.15873700e+01
4.08200000e+02	1.50495019e-02	2.13664700e-02	3.45409098e+02	4.90393181e+02	1.00442766e+03	1.00442766e+03	9.66016444e+02	1.04616811e+03	3.84112156e+01	4.17404492e+01
4.08300000e+02	1.50799903e-02	2.14177709e-02	3.46108851e+02	4.91570616e+02	1.00729869e+03	1.00729869e+03	9.68765304e+02	1.04917228e+03	3.85333867e+01	4.18735891e+01
4.08400000e+02	1.51132346e-02	2.14687157e-02	3.46871860e+02	4.92739876e+02	1.00990830e+03	1.00990830e+03	9.71269331e+02	1.05189680e+03	3.86389681e+01	4.19884991e+01
4.08500000e+02	1.51488174e-02	2.15191816e-02	3.47688540e+02	4.93898146e+02	1.01227766e+03	1.01227766e+03	9.73548162e+02	1.05436453e+03	3.87294955e+01	4.20868704e+01
4.08600000e+02	1.51863232e-02	2.15690448e-02	3.48549354e+02	4.95042583e+02	1.01442767e+03	1.01442767e+03	9.75621178e+02	1.05659804e+03	3.88064880e+01	4.21703757e+01
4.08700000e+02	1.52261962e-02	2.16194496e-02	3.49464500e+02	4.96199449e+02	1.01644154e+03	1.01644154e+03	9.77567620e+02	1.05868490e+03	3.88739209e+01	4.22433591e+01
4.08800000e+02	1.52688061e-02	2.16712162e-02	3.50442464e+02	4.97387572e+02	1.01837477e+03	1.01837477e+03	9.79440398e+02	1.06068341e+03	3.89343721e+01	4.23086361e+01
4.08900000e+02	1.53140250e-02	2.17245920e-02	3.51480306e+02	4.98612628e+02	1.02026359e+03	1.02026359e+03	9.81273700e+02	1.06263204e+03	3.89898902e+01	4.23684532e+01
4.09000000e+02	1.53616892e-02	2.17798699e-02	3.52574274e+02	4.99881340e+02	1.02215185e+03	1.02215185e+03	9.83108885e+02	1.06457739e+03	3.90429628e+01	4.24255384e+01
4.09100000e+02	1.54116483e-02	2.18373550e-02	3.53720910e+02	5.01200712e+02	1.02408364e+03	1.02408364e+03	9.84987567e+02	1.06656626e+03	3.90960777e+01	4.24826198e+01
4.09200000e+02	1.54637642e-02	2.18973649e-02	3.54917050e+02	5.02578031e+02	1.02610333e+03	1.02610333e+03	9.86951606e+02	1.06864576e+03	3.91517238e+01	4.25424263e+01
4.09300000e+02	1.55189008e-02	2.19590051e-02	3.56182520e+02	5.03992769e+02	1.02804728e+03	1.02804728e+03	9.88846916e+02	1.07064178e+03	3.92003687e+01	4.25944987e+01
4.09400000e+02	1.55774337e-02	2.20222209e-02	3.57525940e+02	5.05443667e+02	1.02987925e+03	1.02987925e+03	9.90639529e+02	1.07251556e+03	3.92397177e+01	4.26363158e+01
4.09500000e+02	1.56394654e-02	2.20870844e-02	3.58949661e+02	5.06932385e+02	1.03159840e+03	1.03159840e+03	9.92328776e+02	1.07426612e+03	3.92696267e+01	4.26677172e+01
4.09600000e+02	1.57051121e-02	2.21536677e-02	3.60456354e+02	5.08460573e+02	1.03320280e+03	1.03320280e+03	9.93912925e+02	1.07589126e+03	3.92898771e+01	4.26884613e+01
4.09700000e+02	1.57745122e-02	2.22220454e-02	3.62049193e+02	5.10029946e+02	1.03468898e+03	1.03468898e+03	9.95388830e+02	1.07738717e+03	3.93001485e+01	4.26981938e+01
4.09800000e+02	1.58476402e-02	2.22921888e-02	3.63727591e+02	5.11639842e+02	1.03605601e+03	1.03605601e+03	9.96755589e+02	1.07875290e+03	3.93004170e+01	4.26968893e+01
4.09900000e+02	1.59223243e-02	2.23625346e-02	3.65441705e+02	5.13254387e+02	1.03731753e+03	1.03731753e+03	9.98023977e+02	1.08000527e+03	3.92935517e+01	4.26877376e+01
4.10000000e+02	1.59975533e-02	2.24311732e-02	3.67168327e+02	5.14829748e+02	1.03835660e+03	1.03835660e+03	9.99082253e+02	1.08102166e+03	3.92743485e+01	4.26650610e+01
4.10100000e+02	1.60733129e-02	2.24983955e-02	3.68907126e+02	5.16372603e+02	1.03920475e+03	1.03920475e+03	9.99960255e+02	1.08183546e+03	3.92444937e+01	4.26307068e+01
4.10200000e+02	1.61495860e-02	2.25644670e-02	3.70657710e+02	5.17889045e+02	1.03989105e+03	1.03989105e+03	1.00068550e+03	1.08247743e+03	3.92055466e+01	4.25863832e+01
4.10300000e+02	1.62263528e-02	2.26296275e-02	3.72419625e+02	5.19384578e+02	1.04044214e+03	1.04044214e+03	1.00128320e+03	1.08297580e+03	3.91589396e+01	4.25336594e+01
4.10400000e+02	1.63026682e-02	2.26940908e-02	3.74171182e+02	5.20864109e+02	1.04095722e+03	1.04095722e+03	1.00184635e+03	1.08343656e+03	3.91108683e+01	4.24793416e+01
4.10500000e+02	1.63760388e-02	2.27587899e-02	3.75855148e+02	5.22349053e+02	1.04173654e+03	1.04173654e+03	1.00265681e+03	1.08418016e+03	3.90797229e+01	4.24436261e+01
4.10600000e+02	1.64454810e-02	2.28248051e-02	3.77448952e+02	5.23864204e+02	1.04297282e+03	1.04297282e+03	1.00389612e+03	1.08541162e+03	3.90766974e+01	4.24387945e+01
4.10700000e+02	1.65105724e-02	2.28919014e-02	3.78942900e+02	5.25404166e+02	1.04467593e+03	1.04467593e+03	1.00557320e+03	1.08714181e+03	3.91027323e+01	4.24658860e+01
4.10800000e+02	1.65708607e-02	2.29598337e-02	3.80326610e+02	5.26963315e+02	1.04685709e+03	1.04685709e+03	1.00769822e+03	1.08938314e+03	3.91588700e+01	4.25260522e+01
4.10900000e+02	1.66258639e-02	2.30283467e-02	3.81589016e+02	5.28535793e+02	1.04952891e+03	1.04952891e+03	1.01028265e+03	1.09214947e+03	3.92462557e+01	4.26205580e+01
4.11000000e+02	1.66765326e-02	2.30973579e-02	3.82751940e+02	5.30119707e+02	1.05260543e+03	1.05260543e+03	1.01324604e+03	1.09534878e+03	3.93593899e+01	4.27433594e+01
4.11100000e+02	1.67242387e-02	2.31689678e-02	3.83846869e+02	5.31763263e+02	1.05619411e+03	1.05619411e+03	1.01669149e+03	1.09909330e+03	3.95026186e+01	4.28991860e+01
4.11200000e+02	1.67690607e-02	2.32436773e-02	3.84875601e+02	5.33477961e+02	1.06034087e+03	1.06034087e+03	1.02066257e+03	1.10343149e+03	3.96782989e+01	4.30906180e+01
4.11300000e+02	1.68107790e-02	2.33205721e-02	3.85833101e+02	5.35242814e+02	1.06496816e+03	1.06496816e+03	1.02508562e+03	1.10828155e+03	3.98825344e+01	4.33133925e+01
4.11400000e+02	1.68491690e-02	2.33987586e-02	3.86714210e+02	5.37037313e+02	1.07000104e+03	1.07000104e+03	1.02988947e+03	1.11356445e+03	4.01115726e+01	4.35634047e+01
4.11500000e+02	1.68840003e-02	2.34773642e-02	3.87513642e+02	5.38841431e+02	1.07536723e+03	1.07536723e+03	1.03500542e+03	1.11920394e+03	4.03618059e+01	4.38367084e+01
4.11600000e+02	1.69162938e-02	2.35568808e-02	3.88254828e+02	5.40666460e+02	1.08103497e+03	1.08103497e+03	1.04040443e+03	1.12516531e+03	4.06305423e+01	4.41303328e+01
4.11700000e+02	1.69467962e-02	2.36355829e-02	3.88954904e+02	5.42472794e+02	1.08676349e+03	1.08676349e+03	1.04585922e+03	1.13119296e+03	4.09042721e+01	4.44294653e+01
4.11800000e+02	1.69755391e-02	2.37130986e-02	3.89614598e+02	5.44251897e+02	1.09251141e+03	1.09251141e+03	1.05133064e+03	1.13724308e+03	4.11807687e+01	4.47316666e+01
4.11900000e+02	1.70024977e-02	2.37893268e-02	3.90233338e+02	5.46001451e+02	1.09827021e+03	1.09827021e+03	1.05681061e+03	1.14330669e+03	4.14596058e+01	4.50364703e+01
4.12000000e+02	1.70276564e-02	2.38641847e-02	3.90810770e+02	5.47719555e+02	1.10403252e+03	1.10403252e+03	1.06229211e+03	1.14937598e+03	4.17404065e+01	4.53434640e+01
4.12100000e+02	1.70510430e-02	2.39376088e-02	3.91347529e+02	5.49404750e+02	1.10978945e+03	1.10978945e+03	1.06776677e+03	1.15544155e+03	4.20226728e+01	4.56521016e+01
4.12200000e+02	1.70740773e-02	2.40093518e-02	3.91876200e+02	5.51051362e+02	1.11539967e+03	1.11539967e+03	1.07310216e+03	1.16135227e+03	4.22975052e+01	4.59526050e+01
4.12300000e+02	1.70953826e-02	2.40774209e-02	3.92365190e+02	5.52613653e+02	1.12076729e+03	1.12076729e+03	1.07820612e+03	1.16700822e+03	4.25611777e+01	4.62409233e+01
4.12400000e+02	1.71157075e-02	2.41422882e-02	3.92831677e+02	5.54102455e+02	1.12588067e+03	1.12588067e+03	1.08306833e+03	1.17239622e+03	4.28123319e+01	4.65155527e+01
4.12500000e+02	1.71358051e-02	2.42044247e-02	3.93292947e+02	5.55528582e+02	1.13072765e+03	1.13072765e+03	1.08767807e+03	1.17750261e+03	4.30495807e+01	4.67749573e+01
4.12600000e+02	1.71564330e-02	2.42643009e-02	3.93766390e+02	5.56902833e+02	1.13529568e+03	1.13529568e+03	1.09202417e+03	1.18231325e+03	4.32715081e+01	4.70175698e+01
4.12700000e+02	1.71782568e-02	2.43220817e-02	3.94267279e+02	5.58228992e+02	1.13954779e+03	1.13954779e+03	1.09607230e+03	1.18678830e+03	4.34754971e+01	4.72405092e+01
4.12800000e+02	1.72037956e-02	2.43778068e-02	3.94853433e+02	5.59507967e+02	1.14328313e+03	1.14328313e+03	1.09963473e+03	1.19071246e+03	4.36484042e+01	4.74293253e+01
4.12900000e+02	1.72373198e-02	2.44326541e-02	3.95622866e+02	5.60766798e+02	1.14627710e+03	1.14627710e+03	1.10250301e+03	1.19384336e+03	4.37740973e+01	4.75662564e+01
4.13000000e+02	1.72782854e-02	2.44865278e-02	3.96563087e+02	5.62003281e+02	1.14856397e+03	1.14856397e+03	1.10470904e+03	1.19621786e+03	4.38549311e+01	4.76538932e+01
4.13100000e+02	1.73262015e-02	2.45393358e-02	3.97662835e+02	5.63215306e+02	1.15017407e+03	1.15017407e+03	1.10628107e+03	1.19786861e+03	4.38930002e+01	4.76945405e+01
4.13200000e+02	1.73806309e-02	2.45909906e-02	3.98912074e+02	5.64400863e+02	1.15113384e+03	1.15113384e+03	1.10724370e+03	1.19882406e+03	4.38901389e+01	4.76902169e+01
4.13300000e+02	1.74396741e-02	2.46414089e-02	4.00267206e+02	5.65558039e+02	1.15158917e+03	1.15158917e+03	1.10773321e+03	1.19924067e+03	4.38559620e+01	4.76514943e+01
4.13400000e+02	1.74971396e-02	2.46904331e-02	4.01586126e+02	5.66683221e+02	1.15202747e+03	1.15202747e+03	1.10820503e+03	1.19964099e+03	4.38224398e+01	4.76135234e+01
4.13500000e+02	1.75501237e-02	2.47379482e-02	4.02802194e+02	5.67773764e+02	1.15267297e+03	1.15267297e+03	1.10886863e+03	1.20026551e+03	4.38043361e+01	4.75925373e+01
4.13600000e+02	1.75991669e-02	2.47839109e-02	4.03927809e+02	5.68828677e+02	1.15347721e+03	1.15347721e+03	1.10967866e+03	1.20106233e+03	4.37985459e+01	4.75851235e+01
4.13700000e+02	1.76447831e-02	2.48282810e-02	4.04974770e+02	5.69847041e+02	1.15439418e+03	1.15439418e+03	1.11059206e+03	1.20198222e+03	4.38021208e+01	4.75880419e+01
4.13800000e+02	1.76874599e-02	2.48710217e-02	4.05954269e+02	5.70828005e+02	1.15538034e+03	1.15538034e+03	1.11156807e+03	1.20297857e+03	4.38122697e+01	4.75982244e+01
4.13900000e+02	1.77275410e-02	2.49121800e-02	4.06874193e+02	5.71772651e+02	1.15641264e+03	1.15641264e+03	1.11258521e+03	1.20402659e+03	4.38274302e+01	4.76139526e+01
4.14000000e+02	1.77662399e-02	2.49504824e-02	4.07762392e+02	5.72651750e+02	1.15725947e+03	1.15725947e+03	1.11342535e+03	1.20487990e+03	4.38341184e+01	4.76204318e+01
4.14100000e+02	1.78039560e-02	2.49858890e-02	4.08628033e+02	5.73464385e+02	1.15788418e+03	1.15788418e+03	1.11405418e+03	1.20549927e+03	4.38299950e+01	4.76150912e+01
4.14200000e+02	1.78408279e-02	2.50187187e-02	4.09474300e+02	5.74217877e+02	1.15830874e+03	1.15830874e+03	1.11449265e+03	1.20590779e+03	4.38160891e+01	4.75990549e+01
4.14300000e+02	1.78769759e-02	2.50492808e-02	4.10303951e+02	5.74919323e+02	1.15855564e+03	1.15855564e+03	1.11476217e+03	1.20612914e+03	4.37934749e+01	4.75734968e+01
4.14400000e+02	1.79125014e-02	2.50778748e-02	4.11119315e+02	5.75575600e+02	1.15864788e+03	1.15864788e+03	1.11488461e+03	1.20618752e+03	4.37632716e+01	4.75396405e+01
4.14500000e+02	1.79474657e-02	2.51047568e-02	4.11921800e+02	5.76192582e+02	1.15860717e+03	1.15860717e+03	1.11488060e+03	1.20610585e+03	4.37265705e+01	4.74986797e+01
4.14600000e+02	1.79851471e-02	2.51307101e-02	4.12786646e+02	5.76788251e+02	1.15824849e+03	1.15824849e+03	1.11457817e+03	1.20568473e+03	4.36703184e+01	4.74362465e+01
4.14700000e+02	1.80248488e-02	2.51558813e-02	4.13697860e+02	5.77365968e+02	1.15764381e+03	1.15764381e+03	1.11404479e+03	1.20500110e+03	4.35990221e+01	4.73572922e+01
4.14800000e+02	1.80658832e-02	2.51804115e-02	4.14639663e+02	5.77928973e+02	1.15686380e+03	1.15686380e+03	1.11334669e+03	1.20413048e+03	4.35171088e+01	4.72666807e+01
4.14900000e+02	1.81075722e-02	2.52044361e-02	4.15596489e+02	5.78480376e+02	1.15597779e+03	1.15597779e+03	1.11254887e+03	1.20314698e+03	4.34289265e+01	4.71691888e+01
4.15000000e+02	1.81494663e-02	2.52285742e-02	4.16558022e+02	5.79034382e+02	1.15508693e+03	1.15508693e+03	1.11174665e+03	1.20215812e+03	4.33402837e+01	4.70711880e+01
4.15100000e+02	1.81911295e-02	2.52559565e-02	4.17514258e+02	5.79662847e+02	1.15455330e+03	1.15455330e+03	1.11128248e+03	1.20154750e+03	4.32708182e+01	4.69941960e+01
4.15200000e+02	1.82302097e-02	2.52888378e-02	4.18411208e+02	5.80417523e+02	1.15480355e+03	1.15480355e+03	1.11155806e+03	1.20176915e+03	4.32454846e+01	4.69655954e+01
4.15300000e+02	1.82669021e-02	2.53273499e-02	4.19253355e+02	5.81301434e+02	1.15583553e+03	1.15583553e+03	1.11257156e+03	1.20282058e+03	4.32639762e+01	4.69850461e+01
4.15400000e+02	1.83013951e-02	2.53716590e-02	4.20045022e+02	5.82318396e+02	1.15765127e+03	1.15765127e+03	1.11432505e+03	1.20470372e+03	4.33262139e+01	4.70524571e+01
4.15500000e+02	1.83338700e-02	2.54219658e-02	4.20790371e+02	5.83473014e+02	1.16025693e+03	1.16025693e+03	1.11682458e+03	1.20742492e+03	4.34323461e+01	4.71679872e+01
4.15600000e+02	1.83649119e-02	2.54775985e-02	4.21502830e+02	5.84749870e+02	1.16353483e+03	1.16353483e+03	1.11995928e+03	1.21085898e+03	4.35755522e+01	4.73241535e+01
4.15700000e+02	1.83957730e-02	2.55356119e-02	4.22211138e+02	5.86081367e+02	1.16707582e+03	1.16707582e+03	1.12334292e+03	1.21457162e+03	4.37328921e+01	4.74958035e+01
4.15800000e+02	1.84271165e-02	2.55945837e-02	4.22930520e+02	5.87434860e+02	1.17067752e+03	1.17067752e+03	1.12678455e+03	1.21834797e+03	4.38929762e+01	4.76704485e+01
4.15900000e+02	1.84591241e-02	2.56551176e-02	4.23665143e+02	5.88824205e+02	1.17438815e+03	1.17438815e+03	1.13032997e+03	1.22223884e+03	4.40581818e+01	4.78506883e+01
4.16000000e+02	1.84919844e-02	2.57178072e-02	4.24419338e+02	5.90263027e+02	1.17825429e+03	1.17825429e+03	1.13402349e+03	1.22629331e+03	4.42307939e+01	4.80390214e+01
4.16100000e+02	1.85258931e-02	2.57832362e-02	4.25197593e+02	5.91764722e+02	1.18232091e+03	1.18232091e+03	1.13790790e+03	1.23055875e+03	4.44130046e+01	4.82378442e+01
4.16200000e+02	1.85605098e-02	2.58493105e-02	4.25992100e+02	5.93281229e+02	1.18639723e+03	1.18639723e+03	1.14180220e+03	1.23483368e+03	4.45950306e+01	4.84364493e+01
4.16300000e+02	1.85945058e-02	2.59132818e-02	4.26772361e+02	5.94749468e+02	1.19030467e+03	1.19030467e+03	1.14553596e+03	1.23893059e+03	4.47687114e+01	4.86259280e+01
4.16400000e+02	1.86277755e-02	2.59747274e-02	4.27535951e+02	5.96159740e+02	1.19400772e+03	1.19400772e+03	1.14907545e+03	1.24281206e+03	4.49322686e+01	4.88043348e+01
4.16500000e+02	1.86606908e-02	2.60337607e-02	4.28291408e+02	5.97514645e+02	1.19748794e+03	1.19748794e+03	1.15240358e+03	1.24645813e+03	4.50843556e+01	4.89701867e+01
4.16600000e+02	1.86936120e-02	2.60904404e-02	4.29046999e+02	5.98815530e+02	1.20072214e+03	1.20072214e+03	1.15549875e+03	1.24984388e+03	4.52233872e+01	4.91217399e+01
4.16700000e+02	1.87268870e-02	2.61447706e-02	4.29810713e+02	6.00062492e+02	1.20368244e+03	1.20368244e+03	1.15833490e+03	1.25293943e+03	4.53475401e+01	4.92569895e+01
4.16800000e+02	1.87603645e-02	2.61985537e-02	4.30579072e+02	6.01296895e+02	1.20656918e+03	1.20656918e+03	1.16110159e+03	1.25595692e+03	4.54675914e+01	4.93877424e+01
4.16900000e+02	1.87961097e-02	2.62603242e-02	4.31399480e+02	6.02714622e+02	1.21010467e+03	1.21010467e+03	1.16448486e+03	1.25965836e+03	4.56198149e+01	4.95536820e+01
4.17000000e+02	1.88339921e-02	2.63288983e-02	4.32268937e+02	6.04288502e+02	1.21417605e+03	1.21417605e+03	1.16837770e+03	1.26392445e+03	4.57983526e+01	4.97483952e+01
4.17100000e+02	1.88738102e-02	2.64028200e-02	4.33182824e+02	6.05985120e+02	1.21864781e+03	1.21864781e+03	1.17265159e+03	1.26861204e+03	4.59962153e+01	4.99642316e+01
4.17200000e+02	1.89153636e-02	2.64806642e-02	4.34136537e+02	6.07771764e+02	1.22338757e+03	1.22338757e+03	1.17718099e+03	1.27358129e+03	4.62065797e+01	5.01937223e+01
4.17300000e+02	1.89587145e-02	2.65613409e-02	4.35131507e+02	6.09623417e+02	1.22827655e+03	1.22827655e+03	1.18185347e+03	1.27870645e+03	4.64230840e+01	5.04298984e+01
4.17400000e+02	1.90069231e-02	2.66466189e-02	4.36237970e+02	6.11580676e+02	1.23325027e+03	1.23325027e+03	1.18661099e+03	1.28391591e+03	4.66392837e+01	5.06656347e+01
4.17500000e+02	1.90641087e-02	2.67378501e-02	4.37550467e+02	6.13674572e+02	1.23811458e+03	1.23811458e+03	1.19127377e+03	1.28899969e+03	4.68408116e+01	5.08851058e+01
4.17600000e+02	1.91294611e-02	2.68336657e-02	4.39050403e+02	6.15873687e+02	1.24279260e+03	1.24279260e+03	1.19576821e+03	1.29387734e+03	4.70243898e+01	5.10847390e+01
4.17700000e+02	1.92022316e-02	2.69327714e-02	4.40720597e+02	6.18148316e+02	1.24721023e+03	1.24721023e+03	1.20002340e+03	1.29847128e+03	4.71868273e+01	5.12610559e+01
4.17800000e+02	1.92817332e-02	2.70339479e-02	4.42545280e+02	6.20470471e+02	1.25129615e+03	1.25129615e+03	1.20397113e+03	1.30270682e+03	4.73250199e+01	5.14106719e+01
4.17900000e+02	1.93648325e-02	2.71353917e-02	4.44452537e+02	6.22798760e+02	1.25511719e+03	1.25511719e+03	1.20767158e+03	1.30665812e+03	4.74456081e+01	5.15409281e+01
4.18000000e+02	1.94425679e-02	2.72293832e-02	4.46236682e+02	6.24956009e+02	1.25859726e+03	1.25859726e+03	1.21104385e+03	1.31025456e+03	4.75534091e+01	5.16572966e+01
4.18100000e+02	1.95097908e-02	2.73089769e-02	4.47779553e+02	6.26782807e+02	1.26143071e+03	1.26143071e+03	1.21379341e+03	1.31317841e+03	4.76372959e+01	5.17477032e+01
4.18200000e+02	1.95660509e-02	2.73753160e-02	4.49070807e+02	6.28305390e+02	1.26377346e+03	1.26377346e+03	1.21606747e+03	1.31559516e+03	4.77059846e+01	5.18217038e+01
4.18300000e+02	1.96108483e-02	2.74295034e-02	4.50098976e+02	6.29549075e+02	1.26578124e+03	1.26578124e+03	1.21801301e+03	1.31767014e+03	4.77682295e+01	5.18888976e+01
4.18400000e+02	1.96436341e-02	2.74726019e-02	4.50851460e+02	6.30538251e+02	1.26760960e+03	1.26760960e+03	1.21977678e+03	1.31956853e+03	4.78328235e+01	5.19589266e+01
4.18500000e+02	1.96686023e-02	2.75057292e-02	4.51424519e+02	6.31298573e+02	1.26903386e+03	1.26903386e+03	1.22115015e+03	1.32104797e+03	4.78837051e+01	5.20141084e+01
4.18600000e+02	1.96925163e-02	2.75353259e-02	4.51973381e+02	6.31977863e+02	1.27017557e+03	1.27017557e+03	1.22225493e+03	1.32222961e+03	4.79206412e+01	5.20540395e+01
4.18700000e+02	1.97171107e-02	2.75638919e-02	4.52537862e+02	6.32633495e+02	1.27115438e+03	1.27115438e+03	1.22320611e+03	1.32323813e+03	4.79482638e+01	5.20837551e+01
4.18800000e+02	1.97423377e-02	2.75907362e-02	4.53116859e+02	6.33249615e+02	1.27190211e+03	1.27190211e+03	1.22393911e+03	1.32400146e+03	4.79630045e+01	5.20993482e+01
4.18900000e+02	1.97681966e-02	2.76151974e-02	4.53710359e+02	6.33811035e+02	1.27234979e+03	1.27234979e+03	1.22438859e+03	1.32444661e+03	4.79612051e+01	5.20968122e+01
4.19000000e+02	1.97947339e-02	2.76366426e-02	4.54319431e+02	6.34303237e+02	1.27242764e+03	1.27242764e+03	1.22448852e+03	1.32449968e+03	4.79391177e+01	5.20720411e+01
4.19100000e+02	1.98210113e-02	2.76560393e-02	4.54922540e+02	6.34748419e+02	1.27231290e+03	1.27231290e+03	1.22440583e+03	1.32434927e+03	4.79070717e+01	5.20363687e+01
4.19200000e+02	1.98432945e-02	2.76686206e-02	4.55433972e+02	6.35037180e+02	1.27181219e+03	1.27181219e+03	1.22395369e+03	1.32379488e+03	4.78584983e+01	5.19826822e+01
4.19300000e+02	1.98619052e-02	2.76747423e-02	4.55861116e+02	6.35177682e+02	1.27093642e+03	1.27093642e+03	1.22314276e+03	1.32284768e+03	4.77936579e+01	5.19112597e+01
4.19400000e+02	1.98775859e-02	2.76753410e-02	4.56221011e+02	6.35191423e+02	1.26972288e+03	1.26972288e+03	1.22200909e+03	1.32154633e+03	4.77137963e+01	5.18234494e+01
4.19500000e+02	1.98910851e-02	2.76713508e-02	4.56530839e+02	6.35099843e+02	1.26820813e+03	1.26820813e+03	1.22058802e+03	1.31992868e+03	4.76201116e+01	5.17205473e+01
4.19600000e+02	1.99029913e-02	2.76636767e-02	4.56804106e+02	6.34923710e+02	1.26643867e+03	1.26643867e+03	1.21892418e+03	1.31804328e+03	4.75144902e+01	5.16046064e+01
4.19700000e+02	1.99097376e-02	2.76524300e-02	4.56958943e+02	6.34665580e+02	1.26471638e+03	1.26471638e+03	1.21729991e+03	1.31621348e+03	4.74164684e+01	5.14971018e+01
4.19800000e+02	1.99095041e-02	2.76373547e-02	4.56953585e+02	6.34319581e+02	1.26316266e+03	1.26316266e+03	1.21582837e+03	1.31456975e+03	4.73342833e+01	5.14070947e+01
4.19900000e+02	1.99027169e-02	2.76195113e-02	4.56797807e+02	6.33910047e+02	1.26185344e+03	1.26185344e+03	1.21458190e+03	1.31319197e+03	4.72715424e+01	5.13385268e+01
4.20000000e+02	1.98897604e-02	2.75999417e-02	4.56500436e+02	6.33460894e+02	1.26086615e+03	1.26086615e+03	1.21363418e+03	1.31216162e+03	4.72319726e+01	5.12954717e+01
4.20100000e+02	1.98709778e-02	2.75796697e-02	4.56069345e+02	6.32995621e+02	1.26027969e+03	1.26027969e+03	1.21306027e+03	1.31156182e+03	4.72194201e+01	5.12821342e+01
4.20200000e+02	1.98476640e-02	2.75588622e-02	4.55534259e+02	6.32518056e+02	1.26000606e+03	1.26000606e+03	1.21277813e+03	1.31129804e+03	4.72279378e+01	5.12919728e+01
4.20300000e+02	1.98240305e-02	2.75378280e-02	4.54991835e+02	6.32035290e+02	1.25973481e+03	1.25973481e+03	1.21249792e+03	1.31103712e+03	4.72368974e+01	5.13023023e+01
4.20400000e+02	1.98027722e-02	2.75194180e-02	4.54503922e+02	6.31612753e+02	1.25954406e+03	1.25954406e+03	1.21229628e+03	1.31085875e+03	4.72477806e+01	5.13146867e+01
4.20500000e+02	1.97840825e-02	2.75030955e-02	4.54074966e+02	6.31238125e+02	1.25936205e+03	1.25936205e+03	1.21210546e+03	1.31068680e+03	4.72565899e+01	5.13247435e+01
4.20600000e+02	1.97681664e-02	2.74883220e-02	4.53709668e+02	6.30899051e+02	1.25911596e+03	1.25911596e+03	1.21185670e+03	1.31044397e+03	4.72592598e+01	5.13280156e+01
4.20700000e+02	1.97552400e-02	2.74745578e-02	4.53412986e+02	6.30583141e+02	1.25873187e+03	1.25873187e+03	1.21148022e+03	1.31005185e+03	4.72516567e+01	5.13199710e+01
4.20800000e+02	1.97450218e-02	2.74633806e-02	4.53178463e+02	6.30326608e+02	1.25839731e+03	1.25839731e+03	1.21115330e+03	1.30970912e+03	4.72440045e+01	5.13118134e+01
4.20900000e+02	1.97364183e-02	2.74556762e-02	4.52980999e+02	6.30149779e+02	1.25829364e+03	1.25829364e+03	1.21104663e+03	1.30960892e+03	4.72470050e+01	5.13152878e+01
4.21000000e+02	1.97291679e-02	2.74512532e-02	4.52814593e+02	6.30048266e+02	1.25842220e+03	1.25842220e+03	1.21116121e+03	1.30975296e+03	4.72609872e+01	5.13307600e+01
4.21100000e+02	1.97235860e-02	2.74507121e-02	4.52686480e+02	6.30035847e+02	1.25881997e+03	1.25881997e+03	1.21153237e+03	1.31018000e+03	4.72876009e+01	5.13600304e+01
4.21200000e+02	1.97199817e-02	2.74546668e-02	4.52603753e+02	6.30126613e+02	1.25952584e+03	1.25952584e+03	1.21219724e+03	1.31093086e+03	4.73286040e+01	5.14050174e+01
4.21300000e+02	1.97186577e-02	2.74637447e-02	4.52573366e+02	6.30334965e+02	1.26058063e+03	1.26058063e+03	1.21319477e+03	1.31204839e+03	4.73858622e+01	5.14677577e+01
4.21400000e+02	1.97213048e-02	2.74802678e-02	4.52634121e+02	6.30714196e+02	1.26208901e+03	1.26208901e+03	1.21462575e+03	1.31364147e+03	4.74632573e+01	5.15524659e+01
4.21500000e+02	1.97294586e-02	2.75059839e-02	4.52821264e+02	6.31304420e+02	1.26410834e+03	1.26410834e+03	1.21654602e+03	1.31576912e+03	4.75623153e+01	5.16607797e+01
4.21600000e+02	1.97437531e-02	2.75419901e-02	4.53149345e+02	6.32130817e+02	1.26670149e+03	1.26670149e+03	1.21901574e+03	1.31849714e+03	4.76857444e+01	5.17956515e+01
4.21700000e+02	1.97647192e-02	2.75893705e-02	4.53630548e+02	6.33218269e+02	1.26993837e+03	1.26993837e+03	1.22210164e+03	1.32189893e+03	4.78367290e+01	5.19605573e+01
4.21800000e+02	1.97928995e-02	2.76492407e-02	4.54277329e+02	6.34592381e+02	1.27389120e+03	1.27389120e+03	1.22587264e+03	1.32605029e+03	4.80185630e+01	5.21590928e+01
4.21900000e+02	1.98288488e-02	2.77227475e-02	4.55102422e+02	6.36279474e+02	1.27863448e+03	1.27863448e+03	1.23039983e+03	1.33102945e+03	4.82346504e+01	5.23949741e+01
4.22000000e+02	1.98709360e-02	2.78012523e-02	4.56068386e+02	6.38081281e+02	1.28339973e+03	1.28339973e+03	1.23495389e+03	1.33602508e+03	4.84458396e+01	5.26253565e+01
4.22100000e+02	1.99206994e-02	2.78834744e-02	4.57210533e+02	6.39968404e+02	1.28792813e+03	1.28792813e+03	1.23929125e+03	1.34076163e+03	4.86368820e+01	5.28335056e+01
4.22200000e+02	1.99779418e-02	2.79688027e-02	4.58524333e+02	6.41926820e+02	1.29217200e+03	1.29217200e+03	1.24336656e+03	1.34518887e+03	4.88054433e+01	5.30168691e+01
4.22300000e+02	2.00424746e-02	2.80565837e-02	4.60005461e+02	6.43941527e+02	1.29607849e+03	1.29607849e+03	1.24712958e+03	1.34925107e+03	4.89489059e+01	5.31725841e+01
4.22400000e+02	2.01141185e-02	2.81461210e-02	4.61649798e+02	6.45996546e+02	1.29958956e+03	1.29958956e+03	1.25052519e+03	1.35288704e+03	4.90643691e+01	5.32974777e+01
4.22500000e+02	2.01913761e-02	2.82359327e-02	4.63422977e+02	6.48057860e+02	1.30267244e+03	1.30267244e+03	1.25352087e+03	1.35606374e+03	4.91515736e+01	5.33912986e+01
4.22600000e+02	2.02685892e-02	2.83232880e-02	4.65195137e+02	6.50062798e+02	1.30550269e+03	1.30550269e+03	1.25627727e+03	1.35897318e+03	4.92254212e+01	5.34704914e+01
4.22700000e+02	2.03438739e-02	2.84087940e-02	4.66923036e+02	6.52025293e+02	1.30829693e+03	1.30829693e+03	1.25899767e+03	1.36184665e+03	4.92992641e+01	5.35497213e+01
4.22800000e+02	2.04160411e-02	2.84902235e-02	4.68579383e+02	6.53894223e+02	1.31091956e+03	1.31091956e+03	1.26155248e+03	1.36454198e+03	4.93670840e+01	5.36224226e+01
4.22900000e+02	2.04838592e-02	2.85653095e-02	4.70135913e+02	6.55617563e+02	1.31323432e+03	1.31323432e+03	1.26381145e+03	1.36691636e+03	4.94228697e+01	5.36820388e+01
4.23000000e+02	2.05460541e-02	2.86317461e-02	4.71563379e+02	6.57142383e+02	1.31510431e+03	1.31510431e+03	1.26564369e+03	1.36882633e+03	4.94606178e+01	5.37220224e+01
4.23100000e+02	2.06050387e-02	2.86935744e-02	4.72917167e+02	6.58561439e+02	1.31675477e+03	1.31675477e+03	1.26726487e+03	1.37050756e+03	4.94898932e+01	5.37527965e+01
4.23200000e+02	2.06653838e-02	2.87566873e-02	4.74302180e+02	6.60009976e+02	1.31842852e+03	1.31842852e+03	1.26890946e+03	1.37221194e+03	4.95190599e+01	5.37834219e+01
4.23300000e+02	2.07276001e-02	2.88207273e-02	4.75730140e+02	6.61479791e+02	1.32004674e+03	1.32004674e+03	1.27050331e+03	1.37385549e+03	4.95434322e+01	5.38087553e+01
4.23400000e+02	2.07917124e-02	2.88864548e-02	4.77201614e+02	6.62988338e+02	1.32168672e+03	1.32168672e+03	1.27211963e+03	1.37551998e+03	4.95670860e+01	5.38332604e+01
4.23500000e+02	2.08577699e-02	2.89546758e-02	4.78717734e+02	6.64554115e+02	1.32342855e+03	1.32342855e+03	1.27383433e+03	1.37729009e+03	4.95942207e+01	5.38615354e+01
4.23600000e+02	2.09258461e-02	2.90262421e-02	4.80280188e+02	6.66196671e+02	1.32535511e+03	1.32535511e+03	1.27572595e+03	1.37925342e+03	4.96291594e+01	5.38983135e+01
4.23700000e+02	2.09923240e-02	2.90955144e-02	4.81805958e+02	6.67786577e+02	1.32717241e+03	1.32717241e+03	1.27751252e+03	1.38110291e+03	4.96598816e+01	5.39305084e+01
4.23800000e+02	2.10545277e-02	2.91586902e-02	4.83233627e+02	6.69236558e+02	1.32870149e+03	1.32870149e+03	1.27902196e+03	1.38265217e+03	4.96795387e+01	5.39506779e+01
4.23900000e+02	2.11115257e-02	2.92148774e-02	4.84541819e+02	6.70526140e+02	1.32992510e+03	1.32992510e+03	1.28023696e+03	1.38388394e+03	4.96881343e+01	5.39588461e+01
4.24000000e+02	2.11624713e-02	2.92632726e-02	4.85711097e+02	6.71636884e+02	1.33082831e+03	1.33082831e+03	1.28114260e+03	1.38478339e+03	4.96857146e+01	5.39550823e+01
4.24100000e+02	2.12064999e-02	2.93030464e-02	4.86721623e+02	6.72549753e+02	1.33139494e+03	1.33139494e+03	1.28172267e+03	1.38533434e+03	4.96722745e+01	5.39393998e+01
4.24200000e+02	2.12427300e-02	2.93333435e-02	4.87553158e+02	6.73245117e+02	1.33160752e+03	1.33160752e+03	1.28195976e+03	1.38551927e+03	4.96477581e+01	5.39117565e+01
4.24300000e+02	2.12744510e-02	2.93591859e-02	4.88281203e+02	6.73838242e+02	1.33172229e+03	1.33172229e+03	1.28209978e+03	1.38560569e+03	4.96225083e+01	5.38834085e+01
4.24400000e+02	2.13004767e-02	2.93823002e-02	4.88878534e+02	6.74368749e+02	1.33201588e+03	1.33201588e+03	1.28240351e+03	1.38588761e+03	4.96123704e+01	5.38717361e+01
4.24500000e+02	2.13210588e-02	2.94027963e-02	4.89350924e+02	6.74839166e+02	1.33247930e+03	1.33247930e+03	1.28286268e+03	1.38635524e+03	4.96166188e+01	5.38759393e+01
4.24600000e+02	2.13364511e-02	2.94208118e-02	4.89704201e+02	6.75252649e+02	1.33310624e+03	1.33310624e+03	1.28347157e+03	1.38700161e+03	4.96346680e+01	5.38953709e+01
4.24700000e+02	2.13469099e-02	2.94365117e-02	4.89944246e+02	6.75612987e+02	1.33389307e+03	1.33389307e+03	1.28422700e+03	1.38782261e+03	4.96660721e+01	5.39295373e+01
4.24800000e+02	2.13530659e-02	2.94503058e-02	4.90085537e+02	6.75929581e+02	1.33483119e+03	1.33483119e+03	1.28512144e+03	1.38880844e+03	4.97097524e+01	5.39772430e+01
4.24900000e+02	2.13574384e-02	2.94636900e-02	4.90185892e+02	6.76236769e+02	1.33587169e+03	1.33587169e+03	1.28611107e+03	1.38990456e+03	4.97606249e+01	5.40328650e+01
4.25000000e+02	2.13604964e-02	2.94769093e-02	4.90256076e+02	6.76540173e+02	1.33700197e+03	1.33700197e+03	1.28718441e+03	1.39109713e+03	4.98175584e+01	5.40951539e+01
4.25100000e+02	2.13631028e-02	2.94906232e-02	4.90315899e+02	6.76854927e+02	1.33822057e+03	1.33822057e+03	1.28834095e+03	1.39238364e+03	4.98796228e+01	5.41630721e+01
4.25200000e+02	2.13661384e-02	2.95055256e-02	4.90385570e+02	6.77196960e+02	1.33952825e+03	1.33952825e+03	1.28958226e+03	1.39376394e+03	4.99459884e+01	5.42356920e+01
4.25300000e+02	2.13705011e-02	2.95223456e-02	4.90485701e+02	6.77583005e+02	1.34092799e+03	1.34092799e+03	1.29091207e+03	1.39524019e+03	5.00159263e+01	5.43121952e+01
4.25400000e+02	2.13756307e-02	2.95398583e-02	4.90603433e+02	6.77984950e+02	1.34233760e+03	1.34233760e+03	1.29225197e+03	1.39672602e+03	5.00856297e+01	5.43884249e+01
4.25500000e+02	2.13800597e-02	2.95540596e-02	4.90705084e+02	6.78310891e+02	1.34345875e+03	1.34345875e+03	1.29331803e+03	1.39790742e+03	5.01407247e+01	5.44486702e+01
4.25600000e+02	2.13843435e-02	2.95638098e-02	4.90803404e+02	6.78534672e+02	1.34412735e+03	1.34412735e+03	1.29395539e+03	1.39861013e+03	5.01719575e+01	5.44827840e+01
4.25700000e+02	2.13885057e-02	2.95693862e-02	4.90898933e+02	6.78662660e+02	1.34437042e+03	1.34437042e+03	1.29418968e+03	1.39886273e+03	5.01807391e+01	5.44923110e+01
4.25800000e+02	2.13925663e-02	2.95710448e-02	4.90992130e+02	6.78700727e+02	1.34421302e+03	1.34421302e+03	1.29404465e+03	1.39869171e+03	5.01683788e+01	5.44786847e+01
4.25900000e+02	2.13965419e-02	2.95690197e-02	4.91083376e+02	6.78654246e+02	1.34367824e+03	1.34367824e+03	1.29354216e+03	1.39812147e+03	5.01360843e+01	5.44432277e+01
4.26000000e+02	2.14013573e-02	2.95647401e-02	4.91193897e+02	6.78556023e+02	1.34283993e+03	1.34283993e+03	1.29275307e+03	1.39722914e+03	5.00868596e+01	5.43892096e+01
4.26100000e+02	2.14074870e-02	2.95588902e-02	4.91334584e+02	6.78421760e+02	1.34173084e+03	1.34173084e+03	1.29170886e+03	1.39604885e+03	5.00219735e+01	5.43180099e+01
4.26200000e+02	2.14151572e-02	2.95519047e-02	4.91510627e+02	6.78261432e+02	1.34037792e+03	1.34037792e+03	1.29043529e+03	1.39460887e+03	4.99426321e+01	5.42309445e+01
4.26300000e+02	2.14247471e-02	2.95444703e-02	4.91730729e+02	6.78090802e+02	1.33882197e+03	1.33882197e+03	1.28897134e+03	1.39295193e+03	4.98506240e+01	5.41299641e+01
4.26400000e+02	2.14366394e-02	2.95372598e-02	4.92003675e+02	6.77925309e+02	1.33710201e+03	1.33710201e+03	1.28735437e+03	1.39111893e+03	4.97476423e+01	5.40169146e+01
4.26500000e+02	2.14512201e-02	2.95309319e-02	4.92338325e+02	6.77780074e+02	1.33525537e+03	1.33525537e+03	1.28562008e+03	1.38914890e+03	4.96352843e+01	5.38935372e+01
4.26600000e+02	2.14682740e-02	2.95258989e-02	4.92729739e+02	6.77664558e+02	1.33334255e+03	1.33334255e+03	1.28382558e+03	1.38710614e+03	4.95169734e+01	5.37635857e+01
4.26700000e+02	2.14893645e-02	2.95266864e-02	4.93213797e+02	6.77682634e+02	1.33170851e+03	1.33170851e+03	1.28229905e+03	1.38535389e+03	4.94094618e+01	5.36453739e+01
4.26800000e+02	2.15145645e-02	2.95333288e-02	4.93792176e+02	6.77835087e+02	1.33035086e+03	1.33035086e+03	1.28103831e+03	1.38388954e+03	4.93125511e+01	5.35386828e+01
4.26900000e+02	2.15438304e-02	2.95455160e-02	4.94463874e+02	6.78114801e+02	1.32924081e+03	1.32924081e+03	1.28001606e+03	1.38268270e+03	4.92247577e+01	5.34418883e+01
4.27000000e+02	2.15771297e-02	2.95629584e-02	4.95228143e+02	6.78515131e+02	1.32835081e+03	1.32835081e+03	1.27920616e+03	1.38170424e+03	4.91446518e+01	5.33534254e+01
4.27100000e+02	2.16143054e-02	2.95854221e-02	4.96081382e+02	6.79030706e+02	1.32766922e+03	1.32766922e+03	1.27859745e+03	1.38094201e+03	4.90717711e+01	5.32727910e+01
4.27200000e+02	2.16538284e-02	2.96130510e-02	4.96988495e+02	6.79664833e+02	1.32733549e+03	1.32733549e+03	1.27832046e+03	1.38054526e+03	4.90150231e+01	5.32097745e+01
4.27300000e+02	2.16967869e-02	2.96453466e-02	4.97974459e+02	6.80406066e+02	1.32720904e+03	1.32720904e+03	1.27824316e+03	1.38036404e+03	4.89658764e+01	5.31550081e+01
4.27400000e+02	2.17424430e-02	2.96822921e-02	4.99022337e+02	6.81254023e+02	1.32734818e+03	1.32734818e+03	1.27842003e+03	1.38046088e+03	4.89281530e+01	5.31126940e+01
4.27500000e+02	2.17900719e-02	2.97238911e-02	5.00115493e+02	6.82208783e+02	1.32781227e+03	1.32781227e+03	1.27890655e+03	1.38089935e+03	4.89057167e+01	5.30870797e+01
4.27600000e+02	2.18389620e-02	2.97701672e-02	5.01237595e+02	6.83270889e+02	1.32866166e+03	1.32866166e+03	1.27975919e+03	1.38174412e+03	4.89024728e+01	5.30824581e+01
4.27700000e+02	2.18887309e-02	2.98199662e-02	5.02379867e+02	6.84413854e+02	1.32980708e+03	1.32980708e+03	1.28089302e+03	1.38290114e+03	4.89140630e+01	5.30940643e+01
4.27800000e+02	2.19373768e-02	2.98688421e-02	5.03496364e+02	6.85535630e+02	1.33094757e+03	1.33094757e+03	1.28202107e+03	1.38405420e+03	4.89265013e+01	5.31066238e+01
4.27900000e+02	2.19816960e-02	2.99142020e-02	5.04513558e+02	6.86576710e+02	1.33207334e+03	1.33207334e+03	1.28313091e+03	1.38519644e+03	4.89424329e+01	5.31231039e+01
4.28000000e+02	2.20223166e-02	2.99561397e-02	5.05445864e+02	6.87539243e+02	1.33314304e+03	1.33314304e+03	1.28418399e+03	1.38628345e+03	4.89590443e+01	5.31404093e+01
4.28100000e+02	2.20598425e-02	2.99947091e-02	5.06307141e+02	6.88424471e+02	1.33411319e+03	1.33411319e+03	1.28513975e+03	1.38726853e+03	4.89734324e+01	5.31553475e+01
4.28200000e+02	2.20948530e-02	3.00299250e-02	5.07110685e+02	6.89232730e+02	1.33493816e+03	1.33493816e+03	1.28595556e+03	1.38810279e+03	4.89826051e+01	5.31646284e+01
4.28300000e+02	2.21273041e-02	3.00630209e-02	5.07855488e+02	6.89992331e+02	1.33575023e+03	1.33575023e+03	1.28675661e+03	1.38892621e+03	4.89936215e+01	5.31759846e+01
4.28400000e+02	2.21574177e-02	3.00964409e-02	5.08546641e+02	6.90759371e+02	1.33678632e+03	1.33678632e+03	1.28776749e+03	1.38998926e+03	4.90188303e+01	5.32029360e+01
4.28500000e+02	2.21856089e-02	3.01309776e-02	5.09193672e+02	6.91552040e+02	1.33809535e+03	1.33809535e+03	1.28903493e+03	1.39134321e+03	4.90604157e+01	5.32478657e+01
4.28600000e+02	2.22120415e-02	3.01665563e-02	5.09800339e+02	6.92368626e+02	1.33965619e+03	1.33965619e+03	1.29053909e+03	1.39296556e+03	4.91170960e+01	5.33093662e+01
4.28700000e+02	2.22368513e-02	3.02030955e-02	5.10369763e+02	6.93207258e+02	1.34144928e+03	1.34144928e+03	1.29226159e+03	1.39483544e+03	4.91876988e+01	5.33861508e+01
4.28800000e+02	2.22601465e-02	3.02405068e-02	5.10904423e+02	6.94065903e+02	1.34345660e+03	1.34345660e+03	1.29418544e+03	1.39693366e+03	4.92711613e+01	5.34770529e+01
4.28900000e+02	2.22823484e-02	3.02790784e-02	5.11413991e+02	6.94951180e+02	1.34567394e+03	1.34567394e+03	1.29630710e+03	1.39925531e+03	4.93668443e+01	5.35813633e+01
4.29000000e+02	2.23070854e-02	3.03215099e-02	5.11981742e+02	6.95925048e+02	1.34808768e+03	1.34808768e+03	1.29861724e+03	1.40178196e+03	4.94704403e+01	5.36942848e+01
4.29100000e+02	2.23342652e-02	3.03676326e-02	5.12605561e+02	6.96983636e+02	1.35068772e+03	1.35068772e+03	1.30110621e+03	1.40450305e+03	4.95815055e+01	5.38153335e+01
4.29200000e+02	2.23631840e-02	3.04168245e-02	5.13269292e+02	6.98112664e+02	1.35346644e+03	1.35346644e+03	1.30376611e+03	1.40741128e+03	4.97003304e+01	5.39448429e+01
4.29300000e+02	2.23931463e-02	3.04684852e-02	5.13956973e+02	6.99298357e+02	1.35641781e+03	1.35641781e+03	1.30659052e+03	1.41050104e+03	4.98272826e+01	5.40832308e+01
4.29400000e+02	2.24234653e-02	3.05220368e-02	5.14652840e+02	7.00527447e+02	1.35953742e+03	1.35953742e+03	1.30957461e+03	1.41376842e+03	4.99628066e+01	5.42309991e+01
4.29500000e+02	2.24552886e-02	3.05754496e-02	5.15383234e+02	7.01753353e+02	1.36252014e+03	1.36252014e+03	1.31243056e+03	1.41688929e+03	5.00895832e+01	5.43691540e+01
4.29600000e+02	2.24887156e-02	3.06252520e-02	5.16150434e+02	7.02896395e+02	1.36499571e+03	1.36499571e+03	1.31480784e+03	1.41947179e+03	5.01878744e+01	5.44760756e+01
4.29700000e+02	2.25233223e-02	3.06713510e-02	5.16944712e+02	7.03954437e+02	1.36698892e+03	1.36698892e+03	1.31672950e+03	1.42154259e+03	5.02594135e+01	5.45536714e+01
4.29800000e+02	2.25587100e-02	3.07136409e-02	5.17756913e+02	7.04925055e+02	1.36852120e+03	1.36852120e+03	1.31821546e+03	1.42312482e+03	5.03057317e+01	5.46036273e+01
4.29900000e+02	2.25945050e-02	3.07520038e-02	5.18578464e+02	7.05805543e+02	1.36961064e+03	1.36961064e+03	1.31928249e+03	1.42423805e+03	5.03281579e+01	5.46274069e+01
4.30000000e+02	2.26304780e-02	3.07864293e-02	5.19404098e+02	7.06595660e+02	1.37027483e+03	1.37027483e+03	1.31994698e+03	1.42490112e+03	5.03278509e+01	5.46262843e+01
4.30100000e+02	2.26671852e-02	3.08181076e-02	5.20246585e+02	7.07322725e+02	1.37059268e+03	1.37059268e+03	1.32028423e+03	1.42519691e+03	5.03084471e+01	5.46042301e+01
4.30200000e+02	2.27052974e-02	3.08486743e-02	5.21121317e+02	7.08024278e+02	1.37068023e+03	1.37068023e+03	1.32040479e+03	1.42524748e+03	5.02754398e+01	5.45672461e+01
4.30300000e+02	2.27443382e-02	3.08774784e-02	5.22017364e+02	7.08685376e+02	1.37050833e+03	1.37050833e+03	1.32028058e+03	1.42502249e+03	5.02277526e+01	5.45141638e+01
4.30400000e+02	2.27838726e-02	3.09038841e-02	5.22924738e+02	7.09291427e+02	1.37004605e+03	1.37004605e+03	1.31988188e+03	1.42448972e+03	5.01641750e+01	5.44436670e+01
4.30500000e+02	2.28235063e-02	3.09272706e-02	5.23834394e+02	7.09828183e+02	1.36926071e+03	1.36926071e+03	1.31917735e+03	1.42361500e+03	5.00833626e+01	5.43542918e+01
4.30600000e+02	2.28624177e-02	3.09483082e-02	5.24727469e+02	7.10311029e+02	1.36828911e+03	1.36828911e+03	1.31829572e+03	1.42254400e+03	4.99933840e+01	5.42548933e+01
4.30700000e+02	2.28939861e-02	3.09665762e-02	5.25452013e+02	7.10730307e+02	1.36762608e+03	1.36762608e+03	1.31769905e+03	1.42180760e+03	4.99270273e+01	5.41815267e+01
4.30800000e+02	2.29144657e-02	3.09811415e-02	5.25922051e+02	7.11064602e+02	1.36747910e+03	1.36747910e+03	1.31758010e+03	1.42162949e+03	4.98989992e+01	5.41503817e+01
4.30900000e+02	2.29255010e-02	3.09925216e-02	5.26175328e+02	7.11325794e+02	1.36776835e+03	1.36776835e+03	1.31786491e+03	1.42192336e+03	4.99034403e+01	5.41550044e+01
4.31000000e+02	2.29286844e-02	3.10012454e-02	5.26248391e+02	7.11526018e+02	1.36841942e+03	1.36841942e+03	1.31848459e+03	1.42260874e+03	4.99348306e+01	5.41893148e+01
4.31100000e+02	2.29255556e-02	3.10078527e-02	5.26176581e+02	7.11677667e+02	1.36936334e+03	1.36936334e+03	1.31937534e+03	1.42361094e+03	4.99879905e+01	5.42476059e+01
4.31200000e+02	2.29179513e-02	3.10135154e-02	5.26002050e+02	7.11807634e+02	1.37057289e+03	1.37057289e+03	1.32051322e+03	1.42489915e+03	5.00596622e+01	5.43262697e+01
4.31300000e+02	2.29143424e-02	3.10210359e-02	5.25919221e+02	7.11980241e+02	1.37165113e+03	1.37165113e+03	1.32153071e+03	1.42604403e+03	5.01204219e+01	5.43928949e+01
4.31400000e+02	2.29164907e-02	3.10312338e-02	5.25968528e+02	7.12214299e+02	1.37254022e+03	1.37254022e+03	1.32237476e+03	1.42698239e+03	5.01654600e+01	5.44421754e+01
4.31500000e+02	2.29241065e-02	3.10444003e-02	5.26143321e+02	7.12516490e+02	1.37329409e+03	1.37329409e+03	1.32309617e+03	1.42777166e+03	5.01979249e+01	5.44775658e+01
4.31600000e+02	2.29369234e-02	3.10608637e-02	5.26437489e+02	7.12894350e+02	1.37396867e+03	1.37396867e+03	1.32374763e+03	1.42847128e+03	5.02210453e+01	5.45026079e+01
4.31700000e+02	2.29546991e-02	3.10809894e-02	5.26845468e+02	7.13356266e+02	1.37462182e+03	1.37462182e+03	1.32438369e+03	1.42914275e+03	5.02381303e+01	5.45209314e+01
4.31800000e+02	2.29754483e-02	3.11001855e-02	5.27321695e+02	7.13796846e+02	1.37493602e+03	1.37493602e+03	1.32470172e+03	1.42945230e+03	5.02342978e+01	5.45162804e+01
4.31900000e+02	2.29964266e-02	3.11128466e-02	5.27803179e+02	7.14087436e+02	1.37454980e+03	1.37454980e+03	1.32435672e+03	1.42902049e+03	5.01930868e+01	5.44706860e+01
4.32000000e+02	2.30175665e-02	3.11194835e-02	5.28288372e+02	7.14239764e+02	1.37352197e+03	1.37352197e+03	1.32340429e+03	1.42790961e+03	5.01176822e+01	5.43876379e+01
4.32100000e+02	2.30387928e-02	3.11205658e-02	5.28775548e+02	7.14264604e+02	1.37190762e+03	1.37190762e+03	1.32189654e+03	1.42617804e+03	5.00110809e+01	5.42704200e+01
4.32200000e+02	2.30600226e-02	3.11165215e-02	5.29262804e+02	7.14171781e+02	1.36975815e+03	1.36975815e+03	1.31988206e+03	1.42388026e+03	4.98760913e+01	5.41221103e+01
4.32300000e+02	2.30807885e-02	3.11078317e-02	5.29739413e+02	7.13972338e+02	1.36716180e+03	1.36716180e+03	1.31744394e+03	1.42111015e+03	4.97178557e+01	5.39483506e+01
4.32400000e+02	2.30976714e-02	3.10958886e-02	5.30126901e+02	7.13698226e+02	1.36454201e+03	1.36454201e+03	1.31497980e+03	1.41831953e+03	4.95622130e+01	5.37775158e+01
4.32500000e+02	2.31064286e-02	3.10825967e-02	5.30327892e+02	7.13393155e+02	1.36244272e+03	1.36244272e+03	1.31300052e+03	1.41608861e+03	4.94422070e+01	5.36458891e+01
4.32600000e+02	2.31076368e-02	3.10678758e-02	5.30355622e+02	7.13055287e+02	1.36080865e+03	1.36080865e+03	1.31145431e+03	1.41435827e+03	4.93543355e+01	5.35496226e+01
4.32700000e+02	2.31018032e-02	3.10516268e-02	5.30221734e+02	7.12682349e+02	1.35958817e+03	1.35958817e+03	1.31029281e+03	1.41307333e+03	4.92953596e+01	5.34851574e+01
4.32800000e+02	2.30893658e-02	3.10337318e-02	5.29936276e+02	7.12271630e+02	1.35873334e+03	1.35873334e+03	1.30947104e+03	1.41218256e+03	4.92623031e+01	5.34492246e+01
4.32900000e+02	2.30732639e-02	3.10158708e-02	5.29566712e+02	7.11861694e+02	1.35818027e+03	1.35818027e+03	1.30893140e+03	1.41161514e+03	4.92488734e+01	5.34348678e+01
4.33000000e+02	2.30640989e-02	3.10028414e-02	5.29356362e+02	7.11562648e+02	1.35756676e+03	1.35756676e+03	1.30834137e+03	1.41097610e+03	4.92253844e+01	5.34093422e+01
4.33100000e+02	2.30680351e-02	3.09968193e-02	5.29446704e+02	7.11424434e+02	1.35661820e+03	1.35661820e+03	1.30744702e+03	1.40996809e+03	4.91711808e+01	5.33498903e+01
4.33200000e+02	2.30840491e-02	3.09977247e-02	5.29814249e+02	7.11445213e+02	1.35540954e+03	1.35540954e+03	1.30631829e+03	1.40867153e+03	4.90912481e+01	5.32619948e+01
4.33300000e+02	2.31111944e-02	3.10055223e-02	5.30437276e+02	7.11624179e+02	1.35401411e+03	1.35401411e+03	1.30502370e+03	1.40716507e+03	4.89904116e+01	5.31509615e+01
4.33400000e+02	2.31486018e-02	3.10202218e-02	5.31295832e+02	7.11961555e+02	1.35250366e+03	1.35250366e+03	1.30363033e+03	1.40552558e+03	4.88733366e+01	5.30219187e+01
4.33500000e+02	2.31950987e-02	3.10404134e-02	5.32363008e+02	7.12424984e+02	1.35082653e+03	1.35082653e+03	1.30208809e+03	1.40369969e+03	4.87384400e+01	5.28731585e+01
4.33600000e+02	2.32439261e-02	3.10642676e-02	5.33483670e+02	7.12972475e+02	1.34934188e+03	1.34934188e+03	1.30073043e+03	1.40207488e+03	4.86114507e+01	5.27330076e+01
4.33700000e+02	2.32934024e-02	3.10913594e-02	5.34619227e+02	7.13594274e+02	1.34814217e+03	1.34814217e+03	1.29964323e+03	1.40075086e+03	4.84989352e+01	5.26086947e+01
4.33800000e+02	2.33444400e-02	3.11216421e-02	5.35790619e+02	7.14289307e+02	1.34714829e+03	1.34714829e+03	1.29875250e+03	1.39964291e+03	4.83957953e+01	5.24946164e+01
4.33900000e+02	2.33979573e-02	3.11550883e-02	5.37018922e+02	7.15056949e+02	1.34628268e+03	1.34628268e+03	1.29798567e+03	1.39866793e+03	4.82970093e+01	5.23852523e+01
4.34000000e+02	2.34548783e-02	3.11916901e-02	5.38325346e+02	7.15897017e+02	1.34546930e+03	1.34546930e+03	1.29727167e+03	1.39774447e+03	4.81976316e+01	5.22751658e+01
4.34100000e+02	2.35119822e-02	3.12282755e-02	5.39635969e+02	7.16736708e+02	1.34463932e+03	1.34463932e+03	1.29654213e+03	1.39680324e+03	4.80971925e+01	5.21639128e+01
4.34200000e+02	2.35734495e-02	3.12628485e-02	5.41046737e+02	7.17530209e+02	1.34324434e+03	1.34324434e+03	1.29528187e+03	1.39525936e+03	4.79624727e+01	5.20150189e+01
4.34300000e+02	2.36385369e-02	3.12949195e-02	5.42540593e+02	7.18266289e+02	1.34129376e+03	1.34129376e+03	1.29349905e+03	1.39312361e+03	4.77947054e+01	5.18298510e+01
4.34400000e+02	2.37062801e-02	3.13240334e-02	5.44095402e+02	7.18934496e+02	1.33881856e+03	1.33881856e+03	1.29122207e+03	1.39042983e+03	4.75964866e+01	5.16112733e+01
4.34500000e+02	2.37757281e-02	3.13497199e-02	5.45689340e+02	7.19524041e+02	1.33584707e+03	1.33584707e+03	1.28847682e+03	1.38720906e+03	4.73702588e+01	5.13619819e+01
4.34600000e+02	2.38458826e-02	3.13718711e-02	5.47299494e+02	7.20032445e+02	1.33244927e+03	1.33244927e+03	1.28532855e+03	1.38353642e+03	4.71207194e+01	5.10871433e+01
4.34700000e+02	2.39150096e-02	3.13937861e-02	5.48886065e+02	7.20535428e+02	1.32911044e+03	1.32911044e+03	1.28223512e+03	1.37992731e+03	4.68753231e+01	5.08168648e+01
4.34800000e+02	2.39810701e-02	3.14170216e-02	5.50402253e+02	7.21068718e+02	1.32615891e+03	1.32615891e+03	1.27950541e+03	1.37673139e+03	4.66535004e+01	5.05724721e+01
4.34900000e+02	2.40433222e-02	3.14414076e-02	5.51831034e+02	7.21628415e+02	1.32363731e+03	1.32363731e+03	1.27717907e+03	1.37399457e+03	4.64582450e+01	5.03572601e+01
4.35000000e+02	2.41010223e-02	3.14668009e-02	5.53155339e+02	7.22211229e+02	1.32159120e+03	1.32159120e+03	1.27529849e+03	1.37176590e+03	4.62927085e+01	5.01746970e+01
4.35100000e+02	2.41534248e-02	3.14930848e-02	5.54358057e+02	7.22814486e+02	1.32006910e+03	1.32006910e+03	1.27390890e+03	1.37009752e+03	4.61602010e+01	5.00284241e+01
4.35200000e+02	2.41991970e-02	3.15190360e-02	5.55408601e+02	7.23410106e+02	1.31905181e+03	1.31905181e+03	1.27299079e+03	1.36897060e+03	4.60610207e+01	4.99187976e+01
4.35300000e+02	2.42344129e-02	3.15415891e-02	5.56216858e+02	7.23927734e+02	1.31853902e+03	1.31853902e+03	1.27253999e+03	1.36838915e+03	4.59990302e+01	4.98501334e+01
4.35400000e+02	2.42558875e-02	3.15595152e-02	5.56709734e+02	7.24339165e+02	1.31866169e+03	1.31866169e+03	1.27267737e+03	1.36849525e+03	4.59843224e+01	4.98335554e+01
4.35500000e+02	2.42634179e-02	3.15723704e-02	5.56882568e+02	7.24634210e+02	1.31939003e+03	1.31939003e+03	1.27337452e+03	1.36925759e+03	4.60155169e+01	4.98675562e+01
4.35600000e+02	2.42567498e-02	3.15797036e-02	5.56729523e+02	7.24802520e+02	1.32069769e+03	1.32069769e+03	1.27460622e+03	1.37064858e+03	4.60914679e+01	4.99508864e+01
4.35700000e+02	2.42355770e-02	3.15810571e-02	5.56243577e+02	7.24833585e+02	1.32256180e+03	1.32256180e+03	1.27635053e+03	1.37264435e+03	4.62112642e+01	5.00825547e+01
4.35800000e+02	2.42064699e-02	3.15777979e-02	5.55575523e+02	7.24758780e+02	1.32459033e+03	1.32459033e+03	1.27824271e+03	1.37482286e+03	4.63476208e+01	5.02325339e+01
4.35900000e+02	2.41784198e-02	3.15691289e-02	5.54931731e+02	7.24559815e+02	1.32596848e+03	1.32596848e+03	1.27952004e+03	1.37631204e+03	4.64484343e+01	5.03435619e+01
4.36000000e+02	2.41541263e-02	3.15545448e-02	5.54374158e+02	7.24225085e+02	1.32642383e+03	1.32642383e+03	1.27992724e+03	1.37682066e+03	4.64965879e+01	5.03968326e+01
4.36100000e+02	2.41346816e-02	3.15348471e-02	5.53927873e+02	7.23772993e+02	1.32595115e+03	1.32595115e+03	1.27946042e+03	1.37634198e+03	4.64907247e+01	5.03908360e+01
4.36200000e+02	2.41212475e-02	3.15108265e-02	5.53619539e+02	7.23221684e+02	1.32453838e+03	1.32453838e+03	1.27810932e+03	1.37486197e+03	4.64290576e+01	5.03235895e+01
4.36300000e+02	2.41150550e-02	3.14832623e-02	5.53477413e+02	7.22589044e+02	1.32216665e+03	1.32216665e+03	1.27585728e+03	1.37235928e+03	4.63093692e+01	5.01926376e+01
4.36400000e+02	2.41091040e-02	3.14506604e-02	5.53340827e+02	7.21840779e+02	1.31924970e+03	1.31924970e+03	1.27308918e+03	1.36927945e+03	4.61605220e+01	5.00297445e+01
4.36500000e+02	2.41003010e-02	3.14135605e-02	5.53138786e+02	7.20989282e+02	1.31609559e+03	1.31609559e+03	1.27009368e+03	1.36595181e+03	4.60019119e+01	4.98562212e+01
4.36600000e+02	2.40881781e-02	3.13721041e-02	5.52860546e+02	7.20037792e+02	1.31275712e+03	1.31275712e+03	1.26692032e+03	1.36243277e+03	4.58368027e+01	4.96756523e+01
4.36700000e+02	2.40723840e-02	3.13262930e-02	5.52498046e+02	7.18986358e+02	1.30926310e+03	1.30926310e+03	1.26359603e+03	1.35875320e+03	4.56670694e+01	4.94900992e+01
4.36800000e+02	2.40525561e-02	3.12761058e-02	5.52042966e+02	7.17834486e+02	1.30564078e+03	1.30564078e+03	1.26014627e+03	1.35494233e+03	4.54945155e+01	4.93015450e+01
4.36900000e+02	2.40284005e-02	3.12216785e-02	5.51488559e+02	7.16585295e+02	1.30192827e+03	1.30192827e+03	1.25660682e+03	1.35104080e+03	4.53214527e+01	4.91125281e+01
4.37000000e+02	2.40019373e-02	3.11695918e-02	5.50881188e+02	7.15389826e+02	1.29864772e+03	1.29864772e+03	1.25347414e+03	1.34759887e+03	4.51735828e+01	4.89511538e+01
4.37100000e+02	2.39720352e-02	3.11257878e-02	5.50194888e+02	7.14384456e+02	1.29651111e+03	1.29651111e+03	1.25142132e+03	1.34537114e+03	4.50897891e+01	4.88600334e+01
4.37200000e+02	2.39391002e-02	3.10901039e-02	5.49438981e+02	7.13565456e+02	1.29546842e+03	1.29546842e+03	1.25040140e+03	1.34430423e+03	4.50670175e+01	4.88358130e+01
4.37300000e+02	2.39035336e-02	3.10624456e-02	5.48622672e+02	7.12930658e+02	1.29547715e+03	1.29547715e+03	1.25037453e+03	1.34435273e+03	4.51026176e+01	4.88755811e+01
4.37400000e+02	2.38657314e-02	3.10427868e-02	5.47755055e+02	7.12479457e+02	1.29650234e+03	1.29650234e+03	1.25130800e+03	1.34547921e+03	4.51943429e+01	4.89768685e+01
4.37500000e+02	2.38278025e-02	3.10304786e-02	5.46884527e+02	7.12196965e+02	1.29830470e+03	1.29830470e+03	1.25297728e+03	1.34742815e+03	4.53274179e+01	4.91234463e+01
4.37600000e+02	2.37969459e-02	3.10220459e-02	5.46176322e+02	7.12003422e+02	1.29993586e+03	1.29993586e+03	1.25449144e+03	1.34918814e+03	4.54444247e+01	4.92522712e+01
4.37700000e+02	2.37772995e-02	3.10148291e-02	5.45725405e+02	7.11837784e+02	1.30078167e+03	1.30078167e+03	1.25527297e+03	1.35010477e+03	4.55086987e+01	4.93230961e+01
4.37800000e+02	2.37696046e-02	3.10094096e-02	5.45548796e+02	7.11713400e+02	1.30084245e+03	1.30084245e+03	1.25532293e+03	1.35017757e+03	4.55195245e+01	4.93351211e+01
4.37900000e+02	2.37746820e-02	3.10063835e-02	5.45665331e+02	7.11643947e+02	1.30011358e+03	1.30011358e+03	1.25463774e+03	1.34940076e+03	4.54758465e+01	4.92871723e+01
4.38000000e+02	2.37934315e-02	3.10063610e-02	5.46095660e+02	7.11643429e+02	1.29858552e+03	1.29858552e+03	1.25320925e+03	1.34776322e+03	4.53762690e+01	4.91777014e+01
4.38100000e+02	2.38195671e-02	3.10076656e-02	5.46695513e+02	7.11673372e+02	1.29659487e+03	1.29659487e+03	1.25135001e+03	1.34562807e+03	4.52448575e+01	4.90332031e+01
4.38200000e+02	2.38410458e-02	3.10054914e-02	5.47188482e+02	7.11623471e+02	1.29462025e+03	1.29462025e+03	1.24950135e+03	1.34351502e+03	4.51188965e+01	4.88947763e+01
4.38300000e+02	2.38540780e-02	3.09983009e-02	5.47487590e+02	7.11458438e+02	1.29280963e+03	1.29280963e+03	1.24779965e+03	1.34158483e+03	4.50099795e+01	4.87752013e+01
4.38400000e+02	2.38585843e-02	3.09867980e-02	5.47591017e+02	7.11194427e+02	1.29124288e+03	1.29124288e+03	1.24632046e+03	1.33992209e+03	4.49224213e+01	4.86792058e+01
4.38500000e+02	2.38543983e-02	3.09716293e-02	5.47494942e+02	7.10846283e+02	1.29000103e+03	1.29000103e+03	1.24514035e+03	1.33861271e+03	4.48606840e+01	4.86116803e+01
4.38600000e+02	2.38412664e-02	3.09533846e-02	5.47193546e+02	7.10427541e+02	1.28916625e+03	1.28916625e+03	1.24433687e+03	1.33774393e+03	4.48293770e+01	4.85776787e+01
4.38700000e+02	2.38258450e-02	3.09335676e-02	5.46839600e+02	7.09972710e+02	1.28835374e+03	1.28835374e+03	1.24355222e+03	1.33690124e+03	4.48015131e+01	4.85474982e+01
4.38800000e+02	2.38165848e-02	3.09191326e-02	5.46627065e+02	7.09641404e+02	1.28760134e+03	1.28760134e+03	1.24283058e+03	1.33611534e+03	4.47707510e+01	4.85140088e+01
4.38900000e+02	2.38147771e-02	3.09107306e-02	5.46585576e+02	7.09448565e+02	1.28687189e+03	1.28687189e+03	1.24213805e+03	1.33534552e+03	4.47338443e+01	4.84736267e+01
4.39000000e+02	2.38204992e-02	3.09075454e-02	5.46716905e+02	7.09375460e+02	1.28607398e+03	1.28607398e+03	1.24138811e+03	1.33449493e+03	4.46858667e+01	4.84209548e+01
4.39100000e+02	2.38338591e-02	3.09087740e-02	5.47023535e+02	7.09403658e+02	1.28511500e+03	1.28511500e+03	1.24049320e+03	1.33346550e+03	4.46218005e+01	4.83504950e+01
4.39200000e+02	2.38549961e-02	3.09136265e-02	5.47508662e+02	7.09515030e+02	1.28390124e+03	1.28390124e+03	1.23936471e+03	1.33215789e+03	4.45365364e+01	4.82566484e+01
4.39300000e+02	2.38783057e-02	3.09224772e-02	5.48043653e+02	7.09718168e+02	1.28292781e+03	1.28292781e+03	1.23846594e+03	1.33110218e+03	4.44618739e+01	4.81743657e+01
4.39400000e+02	2.39005984e-02	3.09345325e-02	5.48555305e+02	7.09994855e+02	1.28237144e+03	1.28237144e+03	1.23796110e+03	1.33048887e+03	4.44103385e+01	4.81174348e+01
4.39500000e+02	2.39214525e-02	3.09493421e-02	5.49033939e+02	7.10334758e+02	1.28221948e+03	1.28221948e+03	1.23783780e+03	1.33030506e+03	4.43816757e+01	4.80855864e+01
4.39600000e+02	2.39404169e-02	3.09664747e-02	5.49469200e+02	7.10727978e+02	1.28246365e+03	1.28246365e+03	1.23808775e+03	1.33054248e+03	4.43758923e+01	4.80788376e+01
4.39700000e+02	2.39570108e-02	3.09855181e-02	5.49850057e+02	7.11165053e+02	1.28310004e+03	1.28310004e+03	1.23870679e+03	1.33119753e+03	4.43932559e+01	4.80974921e+01
4.39800000e+02	2.39710291e-02	3.10056677e-02	5.50171798e+02	7.11627516e+02	1.28406143e+03	1.28406143e+03	1.23963102e+03	1.33219930e+03	4.44304027e+01	4.81378702e+01
4.39900000e+02	2.39834332e-02	3.10230819e-02	5.50456490e+02	7.12027200e+02	1.28486881e+03	1.28486881e+03	1.24040783e+03	1.33303989e+03	4.44609752e+01	4.81710833e+01
4.40000000e+02	2.39942787e-02	3.10333342e-02	5.50705410e+02	7.12262506e+02	1.28505584e+03	1.28505584e+03	1.24059566e+03	1.33322582e+03	4.44601820e+01	4.81699774e+01
4.40100000e+02	2.40031745e-02	3.10368316e-02	5.50909584e+02	7.12342775e+02	1.28469682e+03	1.28469682e+03	1.24026447e+03	1.33283612e+03	4.44323495e+01	4.81392998e+01
4.40200000e+02	2.40097157e-02	3.10339368e-02	5.51059714e+02	7.12276336e+02	1.28386254e+03	1.28386254e+03	1.23948091e+03	1.33194615e+03	4.43816340e+01	4.80836113e+01
4.40300000e+02	2.40134833e-02	3.10249687e-02	5.51146187e+02	7.12070504e+02	1.28262036e+03	1.28262036e+03	1.23830834e+03	1.33062764e+03	4.43120216e+01	4.80072867e+01
4.40400000e+02	2.40163327e-02	3.10107990e-02	5.51211585e+02	7.11745289e+02	1.28091024e+03	1.28091024e+03	1.23669174e+03	1.32881503e+03	4.42184951e+01	4.79047907e+01
4.40500000e+02	2.40208945e-02	3.09945263e-02	5.51316284e+02	7.11371805e+02	1.27884138e+03	1.27884138e+03	1.23473713e+03	1.32662094e+03	4.41042480e+01	4.77795632e+01
4.40600000e+02	2.40274377e-02	3.09780030e-02	5.51466462e+02	7.10992571e+02	1.27658514e+03	1.27658514e+03	1.23260704e+03	1.32422640e+03	4.39781040e+01	4.76412624e+01
4.40700000e+02	2.40366753e-02	3.09608716e-02	5.51678479e+02	7.10599378e+02	1.27404620e+03	1.27404620e+03	1.23021190e+03	1.32152977e+03	4.38343029e+01	4.74835640e+01
4.40800000e+02	2.40493371e-02	3.09427721e-02	5.51969086e+02	7.10183966e+02	1.27112763e+03	1.27112763e+03	1.22746065e+03	1.31842766e+03	4.36669816e+01	4.73000306e+01
4.40900000e+02	2.40661699e-02	3.09233421e-02	5.52355424e+02	7.09738020e+02	1.26773086e+03	1.26773086e+03	1.22426068e+03	1.31481497e+03	4.34701739e+01	4.70841113e+01
4.41000000e+02	2.40846831e-02	3.09047770e-02	5.52780330e+02	7.09311921e+02	1.26428756e+03	1.26428756e+03	1.22101832e+03	1.31115120e+03	4.32692384e+01	4.68636345e+01
4.41100000e+02	2.41085704e-02	3.08927927e-02	5.53328580e+02	7.09036863e+02	1.26109351e+03	1.26109351e+03	1.21801729e+03	1.30774521e+03	4.30762144e+01	4.66517051e+01
4.41200000e+02	2.41382517e-02	3.08882172e-02	5.54009811e+02	7.08931848e+02	1.25820089e+03	1.25820089e+03	1.21530743e+03	1.30465178e+03	4.28934562e+01	4.64508924e+01
4.41300000e+02	2.41721924e-02	3.08903026e-02	5.54788804e+02	7.08979710e+02	1.25565656e+03	1.25565656e+03	1.21293160e+03	1.30192217e+03	4.27249644e+01	4.62656119e+01
4.41400000e+02	2.42088988e-02	3.08983737e-02	5.55631271e+02	7.09164955e+02	1.25351165e+03	1.25351165e+03	1.21093673e+03	1.29961214e+03	4.25749272e+01	4.61004831e+01
4.41500000e+02	2.42469175e-02	3.09118282e-02	5.56503858e+02	7.09473757e+02	1.25182158e+03	1.25182158e+03	1.20937386e+03	1.29778191e+03	4.24477199e+01	4.59603297e+01
4.41600000e+02	2.42858714e-02	3.09292026e-02	5.57397910e+02	7.09872526e+02	1.25046435e+03	1.25046435e+03	1.20812710e+03	1.29630283e+03	4.23372438e+01	4.58384806e+01
4.41700000e+02	2.43174058e-02	3.09406011e-02	5.58121673e+02	7.10134140e+02	1.24908743e+03	1.24908743e+03	1.20685438e+03	1.29481111e+03	4.22330534e+01	4.57236779e+01
4.41800000e+02	2.43418598e-02	3.09472529e-02	5.58682929e+02	7.10286807e+02	1.24779147e+03	1.24779147e+03	1.20565132e+03	1.29341286e+03	4.21401521e+01	4.56213943e+01
4.41900000e+02	2.43596480e-02	3.09504863e-02	5.59091196e+02	7.10361019e+02	1.24668130e+03	1.24668130e+03	1.20461761e+03	1.29221856e+03	4.20636911e+01	4.55372625e+01
4.42000000e+02	2.43711715e-02	3.09516167e-02	5.59355677e+02	7.10386964e+02	1.24586153e+03	1.24586153e+03	1.20385270e+03	1.29133844e+03	4.20088229e+01	4.54769168e+01
4.42100000e+02	2.43770476e-02	3.09510239e-02	5.59490543e+02	7.10373359e+02	1.24532153e+03	1.24532153e+03	1.20334715e+03	1.29076059e+03	4.19743741e+01	4.54390588e+01
4.42200000e+02	2.43787222e-02	3.09439834e-02	5.59528978e+02	7.10211767e+02	1.24445075e+03	1.24445075e+03	1.20252422e+03	1.28983737e+03	4.19265302e+01	4.53866217e+01
4.42300000e+02	2.43751745e-02	3.09315516e-02	5.59447552e+02	7.09926439e+02	1.24344249e+03	1.24344249e+03	1.20156594e+03	1.28877446e+03	4.18765532e+01	4.53319625e+01
4.42400000e+02	2.43675728e-02	3.09133118e-02	5.59273082e+02	7.09507808e+02	1.24215820e+03	1.24215820e+03	1.20034226e+03	1.28742394e+03	4.18159391e+01	4.52657419e+01
4.42500000e+02	2.43570641e-02	3.08887972e-02	5.59031890e+02	7.08945160e+02	1.24045585e+03	1.24045585e+03	1.19871982e+03	1.28563429e+03	4.17360211e+01	4.51784423e+01
4.42600000e+02	2.43447739e-02	3.08574909e-02	5.58749811e+02	7.08226634e+02	1.23818991e+03	1.23818991e+03	1.19656194e+03	1.28325028e+03	4.16279687e+01	4.50603679e+01
4.42700000e+02	2.43298518e-02	3.08206414e-02	5.58407327e+02	7.07380880e+02	1.23555984e+03	1.23555984e+03	1.19405664e+03	1.28048389e+03	4.15032011e+01	4.49240438e+01
4.42800000e+02	2.43128351e-02	3.07821385e-02	5.58016769e+02	7.06497181e+02	1.23292773e+03	1.23292773e+03	1.19154734e+03	1.27771765e+03	4.13803945e+01	4.47899133e+01
4.42900000e+02	2.42969445e-02	3.07431734e-02	5.57652055e+02	7.05602870e+02	1.23015576e+03	1.23015576e+03	1.18890671e+03	1.27480218e+03	4.12490568e+01	4.46464147e+01
4.43000000e+02	2.42807003e-02	3.07035914e-02	5.57279225e+02	7.04694404e+02	1.22734822e+03	1.22734822e+03	1.18623204e+03	1.27184946e+03	4.11161816e+01	4.45012398e+01
4.43100000e+02	2.42626243e-02	3.06632409e-02	5.56864354e+02	7.03768297e+02	1.22460955e+03	1.22460955e+03	1.18362078e+03	1.26897164e+03	4.09887692e+01	4.43620880e+01
4.43200000e+02	2.42412401e-02	3.06219727e-02	5.56373554e+02	7.02821130e+02	1.22204435e+03	1.22204435e+03	1.18117053e+03	1.26628102e+03	4.08738268e+01	4.42366661e+01
4.43300000e+02	2.42205375e-02	3.05829478e-02	5.55898396e+02	7.01925448e+02	1.21965772e+03	1.21965772e+03	1.17889004e+03	1.26377859e+03	4.07676827e+01	4.41208656e+01
4.43400000e+02	2.42002395e-02	3.05487759e-02	5.55432526e+02	7.01141152e+02	1.21774446e+03	1.21774446e+03	1.17705821e+03	1.26177658e+03	4.06862484e+01	4.40321194e+01
4.43500000e+02	2.41797572e-02	3.05203396e-02	5.54962426e+02	7.00488494e+02	1.21644455e+03	1.21644455e+03	1.17580702e+03	1.26042376e+03	4.06375309e+01	4.39792099e+01
4.43600000e+02	2.41604985e-02	3.04986469e-02	5.54520410e+02	6.99990613e+02	1.21574861e+03	1.21574861e+03	1.17512897e+03	1.25970864e+03	4.06196411e+01	4.39600373e+01
4.43700000e+02	2.41438932e-02	3.04847460e-02	5.54139293e+02	6.99671567e+02	1.21564963e+03	1.21564963e+03	1.17501883e+03	1.25962225e+03	4.06307955e+01	4.39726170e+01
4.43800000e+02	2.41313928e-02	3.04797250e-02	5.53852389e+02	6.99556328e+02	1.21614302e+03	1.21614302e+03	1.17547370e+03	1.26015810e+03	4.06693162e+01	4.40150796e+01
4.43900000e+02	2.41183922e-02	3.04774842e-02	5.53554006e+02	6.99504898e+02	1.21696715e+03	1.21696715e+03	1.17624128e+03	1.26104446e+03	4.07258749e+01	4.40773090e+01
4.44000000e+02	2.41063618e-02	3.04807293e-02	5.53277889e+02	6.99579378e+02	1.21828465e+03	1.21828465e+03	1.17747701e+03	1.26245178e+03	4.08076455e+01	4.41671302e+01
4.44100000e+02	2.40951349e-02	3.04884763e-02	5.53020215e+02	6.99757183e+02	1.22000643e+03	1.22000643e+03	1.17909637e+03	1.26428598e+03	4.09100666e+01	4.42795512e+01
4.44200000e+02	2.40842889e-02	3.04992995e-02	5.52771283e+02	7.00005593e+02	1.22201815e+03	1.22201815e+03	1.18099066e+03	1.26642654e+03	4.10274907e+01	4.44083956e+01
4.44300000e+02	2.40733936e-02	3.05117929e-02	5.52521218e+02	7.00292334e+02	1.22420811e+03	1.22420811e+03	1.18305369e+03	1.26875576e+03	4.11544186e+01	4.45476500e+01
4.44400000e+02	2.40621770e-02	3.05245926e-02	5.52263781e+02	7.00586108e+02	1.22645618e+03	1.22645618e+03	1.18517143e+03	1.27114681e+03	4.12847462e+01	4.46906349e+01
4.44500000e+02	2.40532115e-02	3.05363799e-02	5.52058008e+02	7.00856644e+02	1.22841544e+03	1.22841544e+03	1.18701791e+03	1.27322980e+03	4.13975306e+01	4.48143567e+01
4.44600000e+02	2.40486497e-02	3.05441304e-02	5.51953309e+02	7.01034531e+02	1.22959523e+03	1.22959523e+03	1.18813061e+03	1.27448316e+03	4.14646174e+01	4.48879325e+01
4.44700000e+02	2.40480349e-02	3.05470322e-02	5.51939198e+02	7.01101130e+02	1.22994798e+03	1.22994798e+03	1.18846404e+03	1.27485708e+03	4.14839363e+01	4.49091048e+01
4.44800000e+02	2.40509435e-02	3.05442770e-02	5.52005954e+02	7.01037895e+02	1.22942387e+03	1.22942387e+03	1.18797060e+03	1.27429931e+03	4.14532618e+01	4.48754452e+01
4.44900000e+02	2.40569853e-02	3.05350608e-02	5.52144624e+02	7.00826368e+02	1.22797073e+03	1.22797073e+03	1.18660052e+03	1.27275509e+03	4.13702130e+01	4.47843550e+01
4.45000000e+02	2.40656269e-02	3.05205756e-02	5.52342962e+02	7.00493911e+02	1.22575636e+03	1.22575636e+03	1.18451215e+03	1.27040253e+03	4.12442170e+01	4.46461704e+01
4.45100000e+02	2.40743370e-02	3.05038316e-02	5.52542872e+02	7.00109611e+02	1.22330078e+03	1.22330078e+03	1.18219542e+03	1.26779468e+03	4.11053583e+01	4.44938967e+01
4.45200000e+02	2.40803491e-02	3.04833700e-02	5.52680859e+02	6.99639985e+02	1.22067689e+03	1.22067689e+03	1.17971665e+03	1.26501171e+03	4.09602373e+01	4.43348232e+01
4.45300000e+02	2.40842040e-02	3.04604935e-02	5.52769335e+02	6.99114934e+02	1.21797660e+03	1.21797660e+03	1.17716341e+03	1.26215030e+03	4.08131951e+01	4.41736928e+01
4.45400000e+02	2.40864337e-02	3.04365254e-02	5.52820509e+02	6.98564830e+02	1.21529470e+03	1.21529470e+03	1.17462596e+03	1.25931012e+03	4.06687335e+01	4.40154241e+01
4.45500000e+02	2.40875610e-02	3.04128096e-02	5.52846383e+02	6.98020517e+02	1.21272881e+03	1.21272881e+03	1.17219729e+03	1.25659392e+03	4.05315150e+01	4.38651125e+01
4.45600000e+02	2.40885623e-02	3.03883187e-02	5.52869363e+02	6.97458412e+02	1.21009231e+03	1.21009231e+03	1.16970164e+03	1.25380315e+03	4.03906756e+01	4.37108380e+01
4.45700000e+02	2.40905394e-02	3.03598387e-02	5.52914741e+02	6.96804754e+02	1.20696025e+03	1.20696025e+03	1.16673767e+03	1.25048695e+03	4.02225856e+01	4.35266962e+01
4.45800000e+02	2.40941908e-02	3.03271187e-02	5.52998546e+02	6.96053779e+02	1.20324960e+03	1.20324960e+03	1.16322745e+03	1.24655670e+03	4.00221508e+01	4.33070926e+01
4.45900000e+02	2.41001500e-02	3.02913217e-02	5.53135320e+02	6.95232184e+02	1.19903016e+03	1.19903016e+03	1.15923771e+03	1.24208554e+03	3.97924474e+01	4.30553824e+01
4.46000000e+02	2.41090492e-02	3.02535728e-02	5.53339571e+02	6.94365788e+02	1.19436783e+03	1.19436783e+03	1.15483149e+03	1.23714253e+03	3.95363477e+01	4.27746977e+01
4.46100000e+02	2.41215190e-02	3.02149584e-02	5.53625771e+02	6.93479530e+02	1.18932468e+03	1.18932468e+03	1.15006816e+03	1.23179262e+03	3.92565196e+01	4.24679467e+01
4.46200000e+02	2.41318704e-02	3.01713063e-02	5.53863352e+02	6.92477646e+02	1.18392832e+03	1.18392832e+03	1.14496827e+03	1.22607134e+03	3.89600494e+01	4.21430151e+01
4.46300000e+02	2.41400454e-02	3.01245717e-02	5.54050980e+02	6.91405016e+02	1.17838751e+03	1.17838751e+03	1.13972944e+03	1.22019960e+03	3.86580665e+01	4.18120931e+01
4.46400000e+02	2.41450072e-02	3.00743042e-02	5.54164861e+02	6.90251300e+02	1.17273959e+03	1.17273959e+03	1.13438601e+03	1.21421808e+03	3.83535765e+01	4.14784956e+01
4.46500000e+02	2.41451520e-02	3.00192380e-02	5.54168185e+02	6.88987447e+02	1.16698301e+03	1.16698301e+03	1.12893493e+03	1.20812691e+03	3.80480820e+01	4.11439032e+01
4.46600000e+02	2.41388411e-02	2.99580565e-02	5.54023340e+02	6.87583238e+02	1.16111378e+03	1.16111378e+03	1.12337079e+03	1.20192368e+03	3.77429895e+01	4.08098922e+01
4.46700000e+02	2.41244010e-02	2.98893925e-02	5.53691918e+02	6.86007292e+02	1.15512544e+03	1.15512544e+03	1.11768583e+03	1.19560337e+03	3.74396096e+01	4.04779347e+01
4.46800000e+02	2.41091442e-02	2.98232823e-02	5.53341751e+02	6.84489962e+02	1.14946998e+03	1.14946998e+03	1.11231529e+03	1.18963620e+03	3.71546943e+01	4.01662181e+01
4.46900000e+02	2.40943994e-02	2.97635967e-02	5.53003335e+02	6.83120087e+02	1.14444312e+03	1.14444312e+03	1.10754050e+03	1.18433357e+03	3.69026160e+01	3.98904547e+01
4.47000000e+02	2.40798017e-02	2.97102399e-02	5.52668294e+02	6.81895467e+02	1.14006454e+03	1.14006454e+03	1.10337976e+03	1.17971673e+03	3.66847801e+01	3.96521916e+01
4.47100000e+02	2.40650265e-02	2.96631740e-02	5.52329182e+02	6.80815234e+02	1.13635669e+03	1.13635669e+03	1.09985399e+03	1.17580978e+03	3.65026977e+01	3.94530910e+01
4.47200000e+02	2.40497903e-02	2.96224193e-02	5.51979488e+02	6.79879851e+02	1.13334477e+03	1.13334477e+03	1.09698679e+03	1.17263970e+03	3.63579857e+01	3.92949300e+01
4.47300000e+02	2.40344736e-02	2.95876526e-02	5.51627944e+02	6.79081902e+02	1.13096411e+03	1.13096411e+03	1.09471728e+03	1.17013765e+03	3.62468379e+01	3.91735314e+01
4.47400000e+02	2.40201069e-02	2.95565945e-02	5.51298208e+02	6.78369071e+02	1.12889304e+03	1.12889304e+03	1.09274187e+03	1.16796211e+03	3.61511729e+01	3.90690695e+01
4.47500000e+02	2.40049633e-02	2.95273394e-02	5.50950640e+02	6.77697620e+02	1.12707328e+03	1.12707328e+03	1.09100367e+03	1.16605334e+03	3.60696060e+01	3.89800654e+01
4.47600000e+02	2.39901729e-02	2.95003760e-02	5.50611177e+02	6.77078769e+02	1.12546387e+03	1.12546387e+03	1.08946502e+03	1.16436676e+03	3.59988483e+01	3.89028922e+01
4.47700000e+02	2.39768970e-02	2.94762142e-02	5.50306475e+02	6.76524218e+02	1.12402349e+03	1.12402349e+03	1.08808793e+03	1.16285735e+03	3.59355602e+01	3.88338669e+01
4.47800000e+02	2.39663286e-02	2.94553846e-02	5.50063914e+02	6.76046148e+02	1.12271043e+03	1.12271043e+03	1.08683408e+03	1.16147968e+03	3.58763510e+01	3.87692498e+01
4.47900000e+02	2.39556868e-02	2.94372905e-02	5.49819667e+02	6.75630860e+02	1.12168872e+03	1.12168872e+03	1.08585605e+03	1.16041036e+03	3.58326689e+01	3.87216401e+01
4.48000000e+02	2.39396568e-02	2.94200169e-02	5.49451755e+02	6.75234405e+02	1.12119107e+03	1.12119107e+03	1.08536897e+03	1.15990150e+03	3.58221078e+01	3.87104236e+01
4.48100000e+02	2.39171982e-02	2.94031220e-02	5.48936297e+02	6.74846641e+02	1.12125604e+03	1.12125604e+03	1.08540830e+03	1.15999503e+03	3.58477413e+01	3.87389893e+01
4.48200000e+02	2.38883457e-02	2.93870754e-02	5.48274086e+02	6.74478348e+02	1.12192982e+03	1.12192982e+03	1.08601784e+03	1.16073981e+03	3.59119850e+01	3.88099822e+01
4.48300000e+02	2.38530868e-02	2.93723361e-02	5.47464842e+02	6.74140058e+02	1.12326128e+03	1.12326128e+03	1.08724384e+03	1.16218754e+03	3.60174434e+01	3.89262550e+01
4.48400000e+02	2.38113627e-02	2.93593521e-02	5.46507208e+02	6.73842055e+02	1.12530196e+03	1.12530196e+03	1.08913506e+03	1.16439283e+03	3.61669092e+01	3.90908677e+01
4.48500000e+02	2.37674636e-02	2.93487517e-02	5.45499659e+02	6.73598759e+02	1.12776830e+03	1.12776830e+03	1.09142719e+03	1.16705090e+03	3.63411016e+01	3.92826094e+01
4.48600000e+02	2.37248771e-02	2.93417573e-02	5.44522232e+02	6.73438228e+02	1.13050403e+03	1.13050403e+03	1.09397574e+03	1.16999259e+03	3.65282877e+01	3.94885537e+01
4.48700000e+02	2.36846768e-02	2.93388870e-02	5.43599573e+02	6.73372350e+02	1.13347583e+03	1.13347583e+03	1.09675019e+03	1.17318141e+03	3.67256382e+01	3.97055782e+01
4.48800000e+02	2.36476514e-02	2.93404254e-02	5.42749783e+02	6.73407659e+02	1.13664922e+03	1.13664922e+03	1.09971867e+03	1.17658003e+03	3.69305451e+01	3.99308095e+01
4.48900000e+02	2.36145965e-02	2.93466558e-02	5.41991123e+02	6.73550655e+02	1.13998900e+03	1.13998900e+03	1.10284864e+03	1.18015032e+03	3.71403554e+01	4.01613242e+01
4.49000000e+02	2.35863148e-02	2.93578597e-02	5.41342014e+02	6.73807802e+02	1.14345923e+03	1.14345923e+03	1.10610686e+03	1.18385338e+03	3.73523703e+01	4.03941493e+01
4.49100000e+02	2.35607458e-02	2.93689969e-02	5.40755168e+02	6.74063419e+02	1.14670176e+03	1.14670176e+03	1.10915214e+03	1.18731251e+03	3.75496269e+01	4.06107512e+01
4.49200000e+02	2.35371760e-02	2.93779702e-02	5.40214204e+02	6.74269370e+02	1.14955587e+03	1.14955587e+03	1.11183156e+03	1.19035845e+03	3.77243049e+01	4.08025804e+01
4.49300000e+02	2.35159948e-02	2.93841515e-02	5.39728065e+02	6.74411240e+02	1.15192431e+03	1.15192431e+03	1.11405345e+03	1.19288787e+03	3.78708618e+01	4.09635581e+01
4.49400000e+02	2.34975708e-02	2.93868628e-02	5.39305205e+02	6.74473467e+02	1.15370640e+03	1.15370640e+03	1.11572281e+03	1.19479383e+03	3.79835920e+01	4.10874272e+01
4.49500000e+02	2.34822509e-02	2.93853761e-02	5.38953589e+02	6.74439345e+02	1.15479794e+03	1.15479794e+03	1.11674131e+03	1.19596569e+03	3.80566262e+01	4.11677520e+01
4.49600000e+02	2.34698944e-02	2.93793032e-02	5.38669989e+02	6.74299964e+02	1.15516988e+03	1.15516988e+03	1.11708131e+03	1.19637288e+03	3.80885624e+01	4.12029999e+01
4.49700000e+02	2.34588962e-02	2.93703701e-02	5.38417564e+02	6.74094936e+02	1.15513289e+03	1.15513289e+03	1.11703542e+03	1.19634588e+03	3.80974658e+01	4.12129916e+01
4.49800000e+02	2.34512484e-02	2.93589455e-02	5.38242035e+02	6.73832723e+02	1.15456334e+03	1.15456334e+03	1.11648853e+03	1.19575169e+03	3.80748101e+01	4.11883454e+01
4.49900000e+02	2.34459361e-02	2.93443783e-02	5.38120109e+02	6.73498383e+02	1.15347590e+03	1.15347590e+03	1.11545352e+03	1.19460693e+03	3.80223758e+01	4.11310335e+01
4.50000000e+02	2.34419292e-02	2.93259949e-02	5.38028144e+02	6.73076455e+02	1.15188411e+03	1.15188411e+03	1.11394221e+03	1.19292709e+03	3.79418994e+01	4.10429803e+01
4.50100000e+02	2.34381824e-02	2.93030992e-02	5.37942150e+02	6.72550966e+02	1.14980041e+03	1.14980041e+03	1.11196533e+03	1.19072647e+03	3.78350732e+01	4.09260620e+01
4.50200000e+02	2.34357556e-02	2.92767254e-02	5.37886450e+02	6.71945646e+02	1.14724643e+03	1.14724643e+03	1.10954443e+03	1.18802680e+03	3.77019978e+01	4.07803658e+01
4.50300000e+02	2.34382025e-02	2.92508402e-02	5.37942612e+02	6.71351542e+02	1.14434684e+03	1.14434684e+03	1.10680106e+03	1.18495605e+03	3.75457744e+01	4.06092106e+01
4.50400000e+02	2.34462598e-02	2.92269615e-02	5.38127538e+02	6.70803489e+02	1.14120004e+03	1.14120004e+03	1.10382914e+03	1.18161754e+03	3.73708960e+01	4.04175009e+01
4.50500000e+02	2.34594892e-02	2.92044802e-02	5.38431174e+02	6.70287508e+02	1.13777815e+03	1.13777815e+03	1.10060183e+03	1.17798225e+03	3.71763158e+01	4.02041001e+01
4.50600000e+02	2.34774920e-02	2.91828254e-02	5.38844366e+02	6.69790496e+02	1.13405405e+03	1.13405405e+03	1.09709306e+03	1.17402192e+03	3.69609898e+01	3.99678733e+01
4.50700000e+02	2.34999084e-02	2.91614639e-02	5.39358856e+02	6.69300219e+02	1.13000141e+03	1.13000141e+03	1.09327754e+03	1.16970910e+03	3.67238764e+01	3.97076876e+01
4.50800000e+02	2.35263148e-02	2.91422712e-02	5.39964923e+02	6.68859715e+02	1.12585034e+03	1.12585034e+03	1.08937274e+03	1.16528772e+03	3.64775999e+01	3.94373790e+01
4.50900000e+02	2.35550649e-02	2.91265788e-02	5.40624782e+02	6.68499553e+02	1.12187374e+03	1.12187374e+03	1.08563548e+03	1.16104836e+03	3.62382625e+01	3.91746192e+01
4.51000000e+02	2.35856534e-02	2.91146739e-02	5.41326835e+02	6.68226317e+02	1.11814266e+03	1.11814266e+03	1.08213253e+03	1.15706675e+03	3.60101326e+01	3.89240939e+01
4.51100000e+02	2.36182047e-02	2.91069555e-02	5.42073938e+02	6.68049167e+02	1.11468862e+03	1.11468862e+03	1.07889386e+03	1.15337611e+03	3.57947586e+01	3.86874965e+01
4.51200000e+02	2.36528662e-02	2.91038862e-02	5.42869471e+02	6.67978722e+02	1.11154788e+03	1.11154788e+03	1.07595396e+03	1.15001466e+03	3.55939191e+01	3.84667718e+01
4.51300000e+02	2.36898079e-02	2.91059921e-02	5.43717340e+02	6.68027055e+02	1.10876150e+03	1.10876150e+03	1.07335188e+03	1.14702562e+03	3.54096233e+01	3.82641164e+01
4.51400000e+02	2.37262057e-02	2.91095298e-02	5.44552725e+02	6.68108250e+02	1.10616875e+03	1.10616875e+03	1.07093261e+03	1.14424206e+03	3.52361353e+01	3.80733102e+01
4.51500000e+02	2.37617899e-02	2.91120712e-02	5.45369437e+02	6.68166581e+02	1.10353827e+03	1.10353827e+03	1.06847682e+03	1.14141948e+03	3.50614505e+01	3.78812108e+01
4.51600000e+02	2.37960264e-02	2.91135945e-02	5.46155218e+02	6.68201543e+02	1.10091124e+03	1.10091124e+03	1.06602296e+03	1.13860204e+03	3.48882797e+01	3.76907991e+01
4.51700000e+02	2.38283459e-02	2.91141890e-02	5.46897000e+02	6.68215187e+02	1.09834330e+03	1.09834330e+03	1.06362317e+03	1.13584924e+03	3.47201372e+01	3.75059366e+01
4.51800000e+02	2.38581826e-02	2.91139582e-02	5.47581796e+02	6.68209891e+02	1.09589132e+03	1.09589132e+03	1.06133072e+03	1.13322187e+03	3.45605981e+01	3.73305510e+01
4.51900000e+02	2.38848096e-02	2.91126313e-02	5.48192928e+02	6.68179435e+02	1.09358614e+03	1.09358614e+03	1.05917413e+03	1.13075338e+03	3.44120174e+01	3.71672377e+01
4.52000000e+02	2.39053620e-02	2.91062381e-02	5.48664636e+02	6.68032702e+02	1.09124675e+03	1.09124675e+03	1.05697913e+03	1.12825539e+03	3.42676229e+01	3.70086422e+01
4.52100000e+02	2.39162711e-02	2.90936966e-02	5.48915018e+02	6.67744855e+02	1.08905064e+03	1.08905064e+03	1.05491029e+03	1.12591966e+03	3.41403552e+01	3.68690153e+01
4.52200000e+02	2.39173398e-02	2.90744471e-02	5.48939546e+02	6.67303049e+02	1.08695547e+03	1.08695547e+03	1.05292730e+03	1.12370158e+03	3.40281630e+01	3.67461147e+01
4.52300000e+02	2.39083326e-02	2.90479093e-02	5.48732816e+02	6.66693966e+02	1.08491986e+03	1.08491986e+03	1.05099078e+03	1.12155766e+03	3.39290849e+01	3.66377975e+01
4.52400000e+02	2.38889754e-02	2.90134825e-02	5.48288540e+02	6.65903820e+02	1.08290345e+03	1.08290345e+03	1.04906220e+03	1.11944547e+03	3.38412494e+01	3.65420199e+01
4.52500000e+02	2.38602859e-02	2.89716626e-02	5.47630072e+02	6.64943988e+02	1.08087515e+03	1.08087515e+03	1.04711314e+03	1.11733100e+03	3.37620030e+01	3.64558534e+01
4.52600000e+02	2.38258086e-02	2.89241004e-02	5.46838765e+02	6.63852362e+02	1.07871875e+03	1.07871875e+03	1.04503707e+03	1.11508738e+03	3.36816799e+01	3.63686340e+01
4.52700000e+02	2.37868988e-02	2.88704503e-02	5.45945725e+02	6.62621011e+02	1.07628793e+03	1.07628793e+03	1.04269675e+03	1.11255830e+03	3.35911792e+01	3.62703648e+01
4.52800000e+02	2.37435356e-02	2.88108486e-02	5.44950474e+02	6.61253061e+02	1.07359860e+03	1.07359860e+03	1.04010723e+03	1.10976059e+03	3.34913652e+01	3.61619927e+01
4.52900000e+02	2.36957056e-02	2.87454296e-02	5.43852702e+02	6.59751593e+02	1.07066584e+03	1.07066584e+03	1.03728279e+03	1.10671025e+03	3.33830523e+01	3.60444098e+01
4.53000000e+02	2.36434027e-02	2.86743255e-02	5.42652271e+02	6.58119646e+02	1.06750398e+03	1.06750398e+03	1.03423697e+03	1.10342243e+03	3.32670051e+01	3.59184537e+01
4.53100000e+02	2.35879995e-02	2.85987943e-02	5.41380681e+02	6.56386089e+02	1.06413254e+03	1.06413254e+03	1.03098963e+03	1.09991628e+03	3.31429042e+01	3.57837448e+01
4.53200000e+02	2.35304364e-02	2.85199477e-02	5.40059520e+02	6.54576439e+02	1.06059097e+03	1.06059097e+03	1.02757906e+03	1.09623251e+03	3.30119129e+01	3.56415364e+01
4.53300000e+02	2.34710542e-02	2.84382509e-02	5.38696608e+02	6.52701373e+02	1.05690009e+03	1.05690009e+03	1.02402529e+03	1.09239275e+03	3.28747982e+01	3.54926613e+01
4.53400000e+02	2.34105034e-02	2.83542765e-02	5.37306875e+02	6.50774032e+02	1.05306668e+03	1.05306668e+03	1.02033540e+03	1.08840348e+03	3.27312780e+01	3.53367962e+01
4.53500000e+02	2.33494537e-02	2.82686076e-02	5.35905690e+02	6.48807799e+02	1.04909710e+03	1.04909710e+03	1.01651607e+03	1.08427067e+03	3.25810275e+01	3.51735706e+01
4.53600000e+02	2.32885933e-02	2.81818376e-02	5.34508852e+02	6.46816295e+02	1.04499723e+03	1.04499723e+03	1.01257355e+03	1.07999979e+03	3.24236790e+01	3.50025669e+01
4.53700000e+02	2.32275947e-02	2.80937493e-02	5.33108840e+02	6.44794533e+02	1.04077108e+03	1.04077108e+03	1.00851131e+03	1.07559546e+03	3.22597688e+01	3.48243796e+01
4.53800000e+02	2.31676622e-02	2.80061761e-02	5.31733297e+02	6.42784596e+02	1.03651193e+03	1.03651193e+03	1.00441887e+03	1.07115503e+03	3.20930547e+01	3.46430981e+01
4.53900000e+02	2.31092189e-02	2.79194270e-02	5.30391934e+02	6.40793570e+02	1.03221755e+03	1.03221755e+03	1.00029455e+03	1.06667568e+03	3.19230009e+01	3.44581262e+01
4.54000000e+02	2.30525474e-02	2.78335632e-02	5.29091237e+02	6.38822865e+02	1.02787136e+03	1.02787136e+03	9.96122915e+02	1.06213955e+03	3.17484483e+01	3.42681884e+01
4.54100000e+02	2.29979494e-02	2.77486649e-02	5.27838130e+02	6.36874319e+02	1.02345717e+03	1.02345717e+03	9.91888930e+02	1.05752918e+03	3.15682401e+01	3.40720110e+01
4.54200000e+02	2.29457643e-02	2.76648539e-02	5.26640401e+02	6.34950729e+02	1.01896007e+03	1.01896007e+03	9.87578822e+02	1.05282843e+03	3.13812506e+01	3.38683538e+01
4.54300000e+02	2.28971404e-02	2.75831166e-02	5.25524409e+02	6.33074732e+02	1.01438951e+03	1.01438951e+03	9.83202668e+02	1.04804601e+03	3.11868463e+01	3.36564976e+01
4.54400000e+02	2.28517025e-02	2.75016325e-02	5.24481538e+02	6.31204548e+02	1.00958613e+03	1.00958613e+03	9.78609185e+02	1.04301373e+03	3.09769445e+01	3.34275984e+01
4.54500000e+02	2.28102258e-02	2.74212993e-02	5.23529585e+02	6.29360778e+02	1.00458046e+03	1.00458046e+03	9.73828064e+02	1.03776304e+03	3.07523995e+01	3.31825749e+01
4.54600000e+02	2.27735025e-02	2.73430200e-02	5.22686729e+02	6.27564149e+02	9.99402275e+02	9.99402275e+02	9.68888268e+02	1.03232456e+03	3.05140074e+01	3.29222815e+01
4.54700000e+02	2.27423412e-02	2.72677031e-02	5.21971530e+02	6.25835511e+02	9.94080532e+02	9.94080532e+02	9.63818027e+02	1.02672804e+03	3.02625057e+01	3.26475085e+01
4.54800000e+02	2.27165701e-02	2.71959301e-02	5.21380043e+02	6.24188209e+02	9.88689886e+02	9.88689886e+02	9.58687862e+02	1.02105267e+03	3.00020241e+01	3.23627825e+01
4.54900000e+02	2.26946194e-02	2.71283582e-02	5.20876242e+02	6.22637331e+02	9.83426647e+02	9.83426647e+02	9.53682121e+02	1.01550789e+03	2.97445265e+01	3.20812411e+01
4.55000000e+02	2.26778634e-02	2.70669778e-02	5.20491666e+02	6.21228556e+02	9.78386623e+02	9.78386623e+02	9.48892886e+02	1.01019356e+03	2.94937371e+01	3.18069333e+01
4.55100000e+02	2.26659550e-02	2.70119934e-02	5.20218349e+02	6.19966582e+02	9.73619407e+02	9.73619407e+02	9.44366778e+02	1.00516253e+03	2.92526296e+01	3.15431236e+01
4.55200000e+02	2.26585543e-02	2.69636253e-02	5.20048493e+02	6.18856459e+02	9.69175613e+02	9.69175613e+02	9.40151389e+02	1.00046874e+03	2.90242244e+01	3.12931272e+01
4.55300000e+02	2.26553291e-02	2.69221090e-02	5.19974469e+02	6.17903597e+02	9.65106869e+02	9.65106869e+02	9.36295280e+02	9.96167179e+02	2.88115884e+01	3.10603106e+01
4.55400000e+02	2.26548340e-02	2.68856974e-02	5.19963105e+02	6.17067895e+02	9.61348513e+02	9.61348513e+02	9.32735793e+02	9.92191025e+02	2.86127194e+01	3.08425126e+01
4.55500000e+02	2.26545644e-02	2.68502737e-02	5.19956918e+02	6.16254866e+02	9.57674864e+02	9.57674864e+02	9.29256743e+02	9.88304250e+02	2.84181209e+01	3.06293868e+01
4.55600000e+02	2.26533749e-02	2.68143815e-02	5.19929618e+02	6.15431084e+02	9.54027193e+02	9.54027193e+02	9.25801384e+02	9.84445979e+02	2.82258091e+01	3.04187855e+01
4.55700000e+02	2.26507749e-02	2.67781526e-02	5.19869943e+02	6.14599578e+02	9.50459191e+02	9.50459191e+02	9.22420074e+02	9.80673561e+02	2.80391167e+01	3.02143698e+01
4.55800000e+02	2.26462534e-02	2.67416784e-02	5.19766168e+02	6.13762438e+02	9.47021943e+02	9.47021943e+02	9.19160685e+02	9.77041615e+02	2.78612584e+01	3.00196714e+01
4.55900000e+02	2.26392793e-02	2.67050092e-02	5.19606102e+02	6.12920824e+02	9.43763931e+02	9.43763931e+02	9.16068600e+02	9.73602024e+02	2.76953303e+01	2.98380931e+01
4.56000000e+02	2.26308621e-02	2.66682799e-02	5.19412913e+02	6.12077831e+02	9.40617085e+02	9.40617085e+02	9.13080361e+02	9.70281652e+02	2.75367246e+01	2.96645661e+01
4.56100000e+02	2.26194432e-02	2.66337096e-02	5.19150834e+02	6.11284390e+02	9.37939725e+02	9.37939725e+02	9.10533737e+02	9.67461352e+02	2.74059877e+01	2.95216276e+01
4.56200000e+02	2.26047941e-02	2.66013168e-02	5.18814613e+02	6.10540925e+02	9.35752394e+02	9.35752394e+02	9.08447959e+02	9.65163118e+02	2.73044351e+01	2.94107236e+01
4.56300000e+02	2.25871986e-02	2.65704817e-02	5.18410769e+02	6.09833212e+02	9.33967328e+02	9.33967328e+02	9.06740197e+02	9.63293770e+02	2.72271310e+01	2.93264419e+01
4.56400000e+02	2.25669158e-02	2.65405679e-02	5.17945249e+02	6.09146644e+02	9.32497046e+02	9.32497046e+02	9.05327867e+02	9.61760460e+02	2.71691790e+01	2.92634140e+01
4.56500000e+02	2.25441802e-02	2.65109224e-02	5.17423432e+02	6.08466234e+02	9.31254350e+02	9.31254350e+02	9.04128628e+02	9.60470666e+02	2.71257223e+01	2.92163155e+01
4.56600000e+02	2.25184782e-02	2.64827221e-02	5.16833532e+02	6.07818995e+02	9.30403820e+02	9.30403820e+02	9.03297822e+02	9.59599095e+02	2.71059981e+01	2.91952747e+01
4.56700000e+02	2.24900784e-02	2.64558021e-02	5.16181712e+02	6.07201140e+02	9.29906381e+02	9.29906381e+02	9.02798713e+02	9.59104106e+02	2.71076686e+01	2.91977251e+01
4.56800000e+02	2.24589346e-02	2.64298130e-02	5.15466914e+02	6.06604649e+02	9.29729349e+02	9.29729349e+02	9.02600303e+02	9.58951167e+02	2.71290455e+01	2.92218187e+01
4.56900000e+02	2.24249727e-02	2.64044031e-02	5.14687436e+02	6.06021454e+02	9.29842062e+02	9.29842062e+02	9.02673486e+02	9.59107918e+02	2.71685756e+01	2.92658560e+01
4.57000000e+02	2.23880908e-02	2.63792185e-02	5.13840941e+02	6.05443429e+02	9.30215887e+02	9.30215887e+02	9.02991047e+02	9.59544173e+02	2.72248409e+01	2.93282861e+01
4.57100000e+02	2.23489076e-02	2.63540221e-02	5.12941628e+02	6.04865133e+02	9.30775745e+02	9.30775745e+02	9.03482497e+02	9.60179809e+02	2.72932475e+01	2.94040641e+01
4.57200000e+02	2.23115023e-02	2.63289693e-02	5.12083118e+02	6.04290132e+02	9.31205910e+02	9.31205910e+02	9.03852892e+02	9.60676255e+02	2.73530184e+01	2.94703452e+01
4.57300000e+02	2.22780914e-02	2.63037020e-02	5.11316286e+02	6.03710209e+02	9.31288664e+02	9.31288664e+02	9.03898248e+02	9.60800697e+02	2.73904151e+01	2.95120338e+01
4.57400000e+02	2.22487594e-02	2.62780225e-02	5.10643071e+02	6.03120827e+02	9.30996505e+02	9.30996505e+02	9.03592610e+02	9.60523944e+02	2.74038953e+01	2.95274391e+01
4.57500000e+02	2.22236128e-02	2.62517340e-02	5.10065920e+02	6.02517465e+02	9.30300216e+02	9.30300216e+02	9.02908412e+02	9.59814962e+02	2.73918040e+01	2.95147458e+01
4.57600000e+02	2.22027805e-02	2.62246403e-02	5.09587787e+02	6.01895623e+02	9.29168858e+02	9.29168858e+02	9.01816486e+02	9.58640873e+02	2.73523728e+01	2.94720147e+01
4.57700000e+02	2.21854114e-02	2.61968961e-02	5.09189139e+02	6.01258852e+02	9.27687834e+02	9.27687834e+02	9.00396862e+02	9.57092981e+02	2.72909726e+01	2.94051466e+01
4.57800000e+02	2.21695521e-02	2.61663707e-02	5.08825143e+02	6.00558246e+02	9.25793795e+02	9.25793795e+02	8.98587622e+02	9.55106413e+02	2.72061729e+01	2.93126174e+01
4.57900000e+02	2.21545294e-02	2.61311573e-02	5.08480350e+02	5.99750046e+02	9.23342603e+02	9.23342603e+02	8.96251610e+02	9.52529400e+02	2.70909931e+01	2.91867965e+01
4.58000000e+02	2.21403180e-02	2.60922194e-02	5.08154177e+02	5.98856361e+02	9.20436834e+02	9.20436834e+02	8.93485935e+02	9.49470505e+02	2.69508992e+01	2.90336709e+01
4.58100000e+02	2.21268886e-02	2.60504856e-02	5.07845951e+02	5.97898505e+02	9.17175742e+02	9.17175742e+02	8.90384557e+02	9.46034781e+02	2.67911851e+01	2.88590395e+01
4.58200000e+02	2.21142080e-02	2.60068495e-02	5.07554913e+02	5.96896990e+02	9.13655262e+02	9.13655262e+02	8.87038290e+02	9.42323774e+02	2.66169722e+01	2.86685121e+01
4.58300000e+02	2.21027795e-02	2.59623500e-02	5.07292610e+02	5.95875660e+02	9.09942837e+02	9.09942837e+02	8.83511496e+02	9.38408289e+02	2.64313409e+01	2.84654515e+01
4.58400000e+02	2.20938982e-02	2.59242489e-02	5.07088772e+02	5.95001180e+02	9.06690629e+02	9.06690629e+02	8.80423024e+02	9.34976944e+02	2.62676048e+01	2.82863156e+01
4.58500000e+02	2.20878124e-02	2.58942898e-02	5.06949093e+02	5.94313574e+02	9.04060369e+02	9.04060369e+02	8.77926271e+02	9.32200595e+02	2.61340976e+01	2.81402265e+01
4.58600000e+02	2.20843788e-02	2.58715596e-02	5.06870287e+02	5.93791881e+02	9.01968440e+02	9.01968440e+02	8.75941915e+02	9.29990925e+02	2.60265256e+01	2.80224846e+01
4.58700000e+02	2.20834670e-02	2.58551846e-02	5.06849358e+02	5.93416048e+02	9.00334314e+02	9.00334314e+02	8.74393568e+02	9.28262869e+02	2.59407459e+01	2.79285553e+01
4.58800000e+02	2.20849592e-02	2.58443306e-02	5.06883606e+02	5.93166933e+02	8.99080545e+02	8.99080545e+02	8.73207778e+02	9.26934614e+02	2.58727669e+01	2.78540695e+01
4.58900000e+02	2.20875804e-02	2.58362529e-02	5.06943769e+02	5.92981537e+02	8.98024534e+02	8.98024534e+02	8.72210372e+02	9.25814361e+02	2.58141623e+01	2.77898262e+01
4.59000000e+02	2.20934034e-02	2.58264373e-02	5.07077415e+02	5.92756253e+02	8.96526680e+02	8.96526680e+02	8.70797723e+02	9.24223060e+02	2.57289576e+01	2.76963795e+01
4.59100000e+02	2.21016169e-02	2.58143329e-02	5.07265927e+02	5.92478439e+02	8.94595526e+02	8.94595526e+02	8.68977118e+02	9.22170647e+02	2.56184073e+01	2.75751211e+01
4.59200000e+02	2.21113722e-02	2.57994636e-02	5.07489826e+02	5.92137166e+02	8.92250462e+02	8.92250462e+02	8.66766083e+02	9.19678576e+02	2.54843785e+01	2.74281143e+01
4.59300000e+02	2.21218461e-02	2.57813501e-02	5.07730217e+02	5.91721434e+02	8.89508475e+02	8.89508475e+02	8.64179890e+02	9.16765730e+02	2.53285854e+01	2.72572548e+01
4.59400000e+02	2.21323811e-02	2.57598454e-02	5.07972012e+02	5.91227868e+02	8.86407723e+02	8.86407723e+02	8.61254021e+02	9.13473208e+02	2.51537015e+01	2.70654851e+01
4.59500000e+02	2.21435756e-02	2.57381758e-02	5.08228944e+02	5.90730517e+02	8.83236096e+02	8.83236096e+02	8.58261689e+02	9.10104966e+02	2.49744066e+01	2.68688698e+01
4.59600000e+02	2.21556677e-02	2.57197493e-02	5.08506475e+02	5.90307603e+02	8.80329783e+02	8.80329783e+02	8.55521484e+02	9.07016460e+02	2.48082984e+01	2.66866774e+01
4.59700000e+02	2.21679752e-02	2.57037409e-02	5.08788952e+02	5.89940184e+02	8.77658189e+02	8.77658189e+02	8.53003761e+02	9.04176072e+02	2.46544277e+01	2.65178833e+01
4.59800000e+02	2.21798593e-02	2.56893813e-02	5.09061709e+02	5.89610610e+02	8.75193078e+02	8.75193078e+02	8.50681150e+02	9.01554631e+02	2.45119281e+01	2.63615525e+01
4.59900000e+02	2.21907238e-02	2.56759577e-02	5.09311065e+02	5.89302518e+02	8.72908577e+02	8.72908577e+02	8.48528561e+02	8.99125417e+02	2.43800159e+01	2.62168398e+01
4.60000000e+02	2.21990848e-02	2.56618435e-02	5.09502964e+02	5.88978575e+02	8.70755740e+02	8.70755740e+02	8.46498179e+02	8.96838280e+02	2.42575609e+01	2.60825397e+01
4.60100000e+02	2.21977186e-02	2.56388027e-02	5.09471607e+02	5.88449754e+02	8.68463181e+02	8.68463181e+02	8.44325877e+02	8.94414041e+02	2.41373043e+01	2.59508598e+01
4.60200000e+02	2.21805364e-02	2.55997522e-02	5.09077249e+02	5.87553485e+02	8.65787412e+02	8.65787412e+02	8.41775066e+02	8.91601787e+02	2.40123454e+01	2.58143757e+01
4.60300000e+02	2.21488343e-02	2.55462937e-02	5.08349638e+02	5.86326530e+02	8.62790059e+02	8.62790059e+02	8.38905386e+02	8.88465296e+02	2.38846729e+01	2.56752369e+01
4.60400000e+02	2.21038398e-02	2.54799564e-02	5.07316945e+02	5.84803987e+02	8.59530771e+02	8.59530771e+02	8.35774533e+02	8.85066324e+02	2.37562380e+01	2.55355537e+01
4.60500000e+02	2.20467117e-02	2.54021969e-02	5.06005769e+02	5.83019287e+02	8.56067215e+02	8.56067215e+02	8.32438260e+02	8.81464612e+02	2.36289548e+01	2.53973971e+01
4.60600000e+02	2.19794723e-02	2.53166489e-02	5.04462521e+02	5.81055829e+02	8.52613922e+02	8.52613922e+02	8.29101717e+02	8.77884920e+02	2.35122052e+01	2.52709983e+01
4.60700000e+02	2.19108401e-02	2.52336437e-02	5.02887307e+02	5.79150734e+02	8.49539245e+02	8.49539245e+02	8.26122330e+02	8.74707378e+02	2.34169148e+01	2.51681330e+01
4.60800000e+02	2.18438685e-02	2.51569834e-02	5.01350207e+02	5.77391264e+02	8.46991376e+02	8.46991376e+02	8.23643448e+02	8.72085415e+02	2.33479279e+01	2.50940398e+01
4.60900000e+02	2.17777170e-02	2.50865185e-02	4.99831928e+02	5.75773986e+02	8.45023103e+02	8.45023103e+02	8.21714228e+02	8.70075817e+02	2.33088749e+01	2.50527136e+01
4.61000000e+02	2.17115731e-02	2.50221411e-02	4.98313825e+02	5.74296425e+02	8.43689280e+02	8.43689280e+02	8.20385812e+02	8.68737517e+02	2.33034680e+01	2.50482376e+01
4.61100000e+02	2.16446529e-02	2.49637851e-02	4.96777905e+02	5.72957066e+02	8.43046819e+02	8.43046819e+02	8.19711318e+02	8.68131603e+02	2.33355007e+01	2.50847838e+01
4.61200000e+02	2.15784919e-02	2.49087759e-02	4.95259408e+02	5.71694521e+02	8.42691743e+02	8.42691743e+02	8.19309715e+02	8.67828931e+02	2.33820274e+01	2.51371879e+01
4.61300000e+02	2.15091394e-02	2.48548171e-02	4.93667662e+02	5.70456084e+02	8.42705946e+02	8.42705946e+02	8.19254651e+02	8.67920515e+02	2.34512951e+01	2.52145685e+01
4.61400000e+02	2.14368940e-02	2.48014751e-02	4.92009519e+02	5.69231804e+02	8.43019906e+02	8.43019906e+02	8.19480585e+02	8.68332463e+02	2.35393209e+01	2.53125571e+01
4.61500000e+02	2.13625668e-02	2.47484687e-02	4.90303596e+02	5.68015226e+02	8.43538279e+02	8.43538279e+02	8.19898033e+02	8.68962999e+02	2.36402463e+01	2.54247192e+01
4.61600000e+02	2.12869778e-02	2.46955244e-02	4.88568713e+02	5.66800073e+02	8.44165806e+02	8.44165806e+02	8.20417598e+02	8.69710421e+02	2.37482082e+01	2.55446155e+01
4.61700000e+02	2.12109393e-02	2.46423711e-02	4.86823512e+02	5.65580123e+02	8.44808105e+02	8.44808105e+02	8.20950708e+02	8.70473972e+02	2.38573977e+01	2.56658662e+01
4.61800000e+02	2.11354772e-02	2.45888641e-02	4.85091542e+02	5.64352056e+02	8.45366606e+02	8.45366606e+02	8.21405033e+02	8.71148218e+02	2.39615728e+01	2.57816123e+01
4.61900000e+02	2.10644025e-02	2.45360194e-02	4.83460269e+02	5.63139190e+02	8.45637180e+02	8.45637180e+02	8.21591040e+02	8.71512969e+02	2.40461408e+01	2.58757880e+01
4.62000000e+02	2.09977519e-02	2.44832530e-02	4.81930535e+02	5.61928121e+02	8.45555924e+02	8.45555924e+02	8.21448248e+02	8.71500564e+02	2.41076756e+01	2.59446403e+01
4.62100000e+02	2.09355994e-02	2.44300011e-02	4.80504042e+02	5.60705906e+02	8.45057972e+02	8.45057972e+02	8.20915309e+02	8.71042292e+02	2.41426635e+01	2.59843190e+01
4.62200000e+02	2.08780569e-02	2.43757198e-02	4.79183353e+02	5.59460068e+02	8.44077510e+02	8.44077510e+02	8.19930007e+02	8.70068387e+02	2.41475029e+01	2.59908772e+01
4.62300000e+02	2.08244360e-02	2.43199476e-02	4.77952670e+02	5.58180011e+02	8.42622404e+02	8.42622404e+02	8.18499113e+02	8.68587936e+02	2.41232912e+01	2.59655318e+01
4.62400000e+02	2.07719242e-02	2.42607683e-02	4.76747444e+02	5.56821756e+02	8.40721592e+02	8.40721592e+02	8.16647250e+02	8.66634660e+02	2.40743417e+01	2.59130683e+01
4.62500000e+02	2.07191552e-02	2.41953733e-02	4.75536314e+02	5.55320839e+02	8.38193246e+02	8.38193246e+02	8.14200887e+02	8.64017678e+02	2.39923594e+01	2.58244317e+01
4.62600000e+02	2.06661927e-02	2.41242206e-02	4.74320744e+02	5.53687776e+02	8.35079978e+02	8.35079978e+02	8.11200436e+02	8.60782005e+02	2.38795417e+01	2.57020272e+01
4.62700000e+02	2.06131012e-02	2.40477536e-02	4.73102213e+02	5.51932742e+02	8.31422799e+02	8.31422799e+02	8.07684799e+02	8.56970965e+02	2.37380003e+01	2.55481661e+01
4.62800000e+02	2.05599460e-02	2.39664011e-02	4.71882220e+02	5.50065578e+02	8.27261121e+02	8.27261121e+02	8.03691360e+02	8.52626187e+02	2.35697611e+01	2.53650662e+01
4.62900000e+02	2.05074713e-02	2.38836006e-02	4.70677847e+02	5.48165179e+02	8.22892996e+02	8.22892996e+02	7.99503097e+02	8.48062217e+02	2.33898989e+01	2.51692213e+01
4.63000000e+02	2.04542701e-02	2.38024110e-02	4.69456796e+02	5.46301753e+02	8.18752054e+02	8.18752054e+02	7.95529249e+02	8.43739431e+02	2.32228052e+01	2.49873769e+01
4.63100000e+02	2.03996905e-02	2.37239887e-02	4.68204112e+02	5.44501842e+02	8.15011976e+02	8.15011976e+02	7.91933640e+02	8.39842319e+02	2.30783365e+01	2.48303423e+01
4.63200000e+02	2.03448112e-02	2.36501323e-02	4.66944548e+02	5.42806723e+02	8.11772618e+02	8.11772618e+02	7.88811894e+02	8.36475346e+02	2.29607241e+01	2.47027284e+01
4.63300000e+02	2.02906893e-02	2.35826554e-02	4.65702367e+02	5.41258027e+02	8.09137185e+02	8.09137185e+02	7.86262787e+02	8.33746549e+02	2.28743981e+01	2.46093640e+01
4.63400000e+02	2.02383606e-02	2.35233876e-02	4.64501343e+02	5.39897739e+02	8.07212233e+02	8.07212233e+02	7.84388245e+02	8.31767529e+02	2.28239872e+01	2.45552959e+01
4.63500000e+02	2.01876894e-02	2.34664986e-02	4.63338362e+02	5.38592050e+02	8.05400579e+02	8.05400579e+02	7.82622630e+02	8.29906559e+02	2.27779486e+01	2.45059804e+01
4.63600000e+02	2.01379045e-02	2.34097310e-02	4.62195722e+02	5.37289146e+02	8.03529468e+02	8.03529468e+02	7.80801588e+02	8.27981701e+02	2.27278807e+01	2.44522324e+01
4.63700000e+02	2.00897024e-02	2.33529862e-02	4.61089410e+02	5.35986768e+02	8.01531944e+02	8.01531944e+02	7.78862401e+02	8.25921337e+02	2.26695436e+01	2.43893931e+01
4.63800000e+02	2.00440018e-02	2.32961089e-02	4.60040513e+02	5.34681346e+02	7.99317026e+02	7.99317026e+02	7.76719822e+02	8.23628189e+02	2.25972038e+01	2.43111627e+01
4.63900000e+02	2.00016778e-02	2.32388865e-02	4.59069112e+02	5.33368004e+02	7.96791348e+02	7.96791348e+02	7.74286304e+02	8.21002500e+02	2.25050443e+01	2.42111513e+01
4.64000000e+02	1.99635616e-02	2.31810496e-02	4.58194286e+02	5.32040559e+02	7.93859164e+02	7.93859164e+02	7.71471999e+02	8.17942042e+02	2.23871652e+01	2.40828788e+01
4.64100000e+02	1.99276259e-02	2.31266416e-02	4.57369507e+02	5.30791812e+02	7.91107257e+02	7.91107257e+02	7.68830563e+02	8.15069930e+02	2.22766945e+01	2.39626726e+01
4.64200000e+02	1.98976055e-02	2.30833669e-02	4.56680492e+02	5.29798591e+02	7.89035487e+02	7.89035487e+02	7.66839030e+02	8.12910937e+02	2.21964572e+01	2.38754499e+01
4.64300000e+02	1.98727713e-02	2.30498743e-02	4.56110510e+02	5.29029885e+02	7.87562216e+02	7.87562216e+02	7.65419373e+02	8.11379489e+02	2.21428431e+01	2.38172726e+01
4.64400000e+02	1.98523622e-02	2.30248507e-02	4.55642090e+02	5.28455556e+02	7.86612388e+02	7.86612388e+02	7.64499765e+02	8.10397008e+02	2.21126228e+01	2.37846204e+01
4.64500000e+02	1.98355850e-02	2.30070211e-02	4.55257027e+02	5.28046338e+02	7.86117530e+02	7.86117530e+02	7.64014582e+02	8.09891921e+02	2.21029480e+01	2.37743909e+01
4.64600000e+02	1.98213583e-02	2.29940080e-02	4.54930502e+02	5.27747669e+02	7.85917625e+02	7.85917625e+02	7.63811226e+02	8.09696107e+02	2.21063991e+01	2.37784816e+01
4.64700000e+02	1.98095784e-02	2.29779772e-02	4.54660135e+02	5.27379737e+02	7.85203779e+02	7.85203779e+02	7.63123607e+02	8.08953792e+02	2.20801714e+01	2.37500135e+01
4.64800000e+02	1.98026874e-02	2.29524472e-02	4.54501977e+02	5.26793785e+02	7.83101104e+02	7.83101104e+02	7.61125659e+02	8.06736567e+02	2.19754448e+01	2.36354636e+01
4.64900000e+02	1.97983570e-02	2.29166603e-02	4.54402587e+02	5.25972420e+02	7.79720013e+02	7.79720013e+02	7.57919636e+02	8.03163830e+02	2.18003765e+01	2.34438168e+01
4.65000000e+02	1.97942663e-02	2.28698001e-02	4.54308699e+02	5.24896907e+02	7.75164190e+02	7.75164190e+02	7.53601431e+02	7.98347848e+02	2.15627588e+01	2.31836583e+01
4.65100000e+02	1.97881024e-02	2.28109919e-02	4.54167228e+02	5.23547167e+02	7.69530588e+02	7.69530588e+02	7.48260569e+02	7.92393762e+02	2.12700197e+01	2.28631741e+01
4.65200000e+02	1.97834163e-02	2.27461831e-02	4.54059676e+02	5.22059707e+02	7.63150724e+02	7.63150724e+02	7.42214488e+02	7.85648427e+02	2.09362359e+01	2.24977037e+01
4.65300000e+02	1.97840882e-02	2.26848808e-02	4.54075096e+02	5.20652725e+02	7.56700682e+02	7.56700682e+02	7.36107246e+02	7.78822924e+02	2.05934364e+01	2.21222420e+01
4.65400000e+02	1.97888149e-02	2.26292794e-02	4.54183582e+02	5.19376590e+02	7.50515435e+02	7.50515435e+02	7.30254758e+02	7.72273123e+02	2.02606769e+01	2.17576877e+01
4.65500000e+02	1.97988038e-02	2.25811475e-02	4.54412842e+02	5.18271888e+02	7.44681232e+02	7.44681232e+02	7.24739893e+02	7.66088951e+02	1.99413395e+01	2.14077189e+01
4.65600000e+02	1.98153257e-02	2.25423115e-02	4.54792045e+02	5.17380543e+02	7.39285219e+02	7.39285219e+02	7.19646428e+02	7.60361215e+02	1.96387914e+01	2.10759956e+01
4.65700000e+02	1.98397150e-02	2.25146563e-02	4.55351818e+02	5.16745814e+02	7.34415436e+02	7.34415436e+02	7.15059052e+02	7.55181595e+02	1.93563843e+01	2.07661594e+01
4.65800000e+02	1.98650351e-02	2.24916384e-02	4.55932951e+02	5.16217517e+02	7.29953703e+02	7.29953703e+02	7.10859001e+02	7.50432705e+02	1.90947023e+01	2.04790018e+01
4.65900000e+02	1.98841263e-02	2.24715519e-02	4.56371125e+02	5.15756501e+02	7.26304652e+02	7.26304652e+02	7.07422370e+02	7.46550585e+02	1.88822817e+01	2.02459333e+01
4.66000000e+02	1.98959008e-02	2.24542536e-02	4.56641366e+02	5.15359478e+02	7.23541876e+02	7.23541876e+02	7.04817775e+02	7.43614307e+02	1.87241011e+01	2.00724305e+01
4.66100000e+02	1.99003603e-02	2.24389164e-02	4.56743720e+02	5.15007466e+02	7.21578928e+02	7.21578928e+02	7.02963355e+02	7.41532397e+02	1.86155729e+01	1.99534688e+01
4.66200000e+02	1.98974501e-02	2.24247046e-02	4.56676926e+02	5.14681284e+02	7.20333101e+02	7.20333101e+02	7.01780737e+02	7.40217405e+02	1.85523643e+01	1.98843040e+01
4.66300000e+02	1.98870582e-02	2.24107742e-02	4.56438416e+02	5.14361559e+02	7.19725430e+02	7.19725430e+02	7.01195033e+02	7.39585902e+02	1.85303973e+01	1.98604721e+01
4.66400000e+02	1.98741081e-02	2.23977345e-02	4.56141192e+02	5.14062278e+02	7.19418854e+02	7.19418854e+02	7.00891925e+02	7.39275811e+02	1.85269289e+01	1.98569564e+01
4.66500000e+02	1.98651531e-02	2.23845059e-02	4.55935660e+02	5.13758662e+02	7.18767487e+02	7.18767487e+02	7.00266262e+02	7.38596487e+02	1.85012246e+01	1.98289998e+01
4.66600000e+02	1.98598714e-02	2.23706586e-02	4.55814438e+02	5.13440845e+02	7.17752649e+02	7.17752649e+02	6.99300038e+02	7.37528521e+02	1.84526114e+01	1.97758722e+01
4.66700000e+02	1.98579691e-02	2.23557599e-02	4.55770777e+02	5.13098897e+02	7.16353143e+02	7.16353143e+02	6.97972887e+02	7.36049809e+02	1.83802553e+01	1.96966667e+01
4.66800000e+02	1.98591795e-02	2.23393746e-02	4.55798558e+02	5.12722830e+02	7.14545249e+02	7.14545249e+02	6.96262088e+02	7.34135549e+02	1.82831617e+01	1.95902997e+01
4.66900000e+02	1.98626432e-02	2.23208011e-02	4.55878054e+02	5.12296539e+02	7.12325713e+02	7.12325713e+02	6.94163706e+02	7.31783244e+02	1.81620070e+01	1.94575307e+01
4.67000000e+02	1.98636195e-02	2.22962460e-02	4.55900462e+02	5.11732962e+02	7.09684554e+02	7.09684554e+02	6.91663609e+02	7.28987567e+02	1.80209449e+01	1.93030128e+01
4.67100000e+02	1.98593179e-02	2.22599343e-02	4.55801733e+02	5.10899553e+02	7.06246368e+02	7.06246368e+02	6.88403549e+02	7.25354385e+02	1.78428196e+01	1.91080171e+01
4.67200000e+02	1.98492434e-02	2.22125034e-02	4.55570508e+02	5.09810941e+02	7.02117932e+02	7.02117932e+02	6.84484148e+02	7.20997225e+02	1.76337837e+01	1.88792933e+01
4.67300000e+02	1.98328763e-02	2.21545153e-02	4.55194859e+02	5.08480025e+02	6.97400160e+02	6.97400160e+02	6.80000457e+02	7.16023438e+02	1.73997037e+01	1.86232777e+01
4.67400000e+02	1.98096722e-02	2.20864563e-02	4.54662288e+02	5.06917969e+02	6.92188108e+02	6.92188108e+02	6.75041948e+02	7.10534202e+02	1.71461595e+01	1.83460937e+01
4.67500000e+02	1.97799011e-02	2.20106648e-02	4.53978997e+02	5.05178437e+02	6.86703723e+02	6.86703723e+02	6.69819065e+02	7.04764060e+02	1.68846572e+01	1.80603372e+01
4.67600000e+02	1.97446823e-02	2.19351163e-02	4.53170670e+02	5.03444484e+02	6.81688006e+02	6.81688006e+02	6.65034609e+02	6.99495828e+02	1.66533969e+01	1.78078221e+01
4.67700000e+02	1.97039408e-02	2.18647280e-02	4.52235591e+02	5.01828964e+02	6.77660011e+02	6.77660011e+02	6.61180026e+02	6.95278796e+02	1.64799851e+01	1.76187854e+01
4.67800000e+02	1.96574192e-02	2.17989588e-02	4.51167849e+02	5.00319460e+02	6.74584262e+02	6.74584262e+02	6.58221467e+02	6.92075712e+02	1.63627946e+01	1.74914508e+01
4.67900000e+02	1.96048532e-02	2.17373011e-02	4.49961380e+02	4.98904322e+02	6.72429297e+02	6.72429297e+02	6.56128879e+02	6.89853579e+02	1.63004173e+01	1.74242819e+01
4.68000000e+02	1.95459721e-02	2.16792806e-02	4.48609969e+02	4.97572662e+02	6.71167665e+02	6.71167665e+02	6.54876000e+02	6.88583648e+02	1.62916648e+01	1.74159829e+01
4.68100000e+02	1.94832379e-02	2.16254359e-02	4.47170122e+02	4.96336845e+02	6.70655226e+02	6.70655226e+02	6.54328767e+02	6.88110688e+02	1.63264590e+01	1.74554622e+01
4.68200000e+02	1.94214994e-02	2.15774806e-02	4.45753129e+02	4.95236197e+02	6.70676164e+02	6.70676164e+02	6.54287602e+02	6.88200993e+02	1.63885619e+01	1.75248293e+01
4.68300000e+02	1.93619499e-02	2.15356337e-02	4.44386376e+02	4.94275747e+02	6.71156243e+02	6.71156243e+02	6.54683386e+02	6.88774697e+02	1.64728569e+01	1.76184542e+01
4.68400000e+02	1.93043432e-02	2.14994899e-02	4.43064216e+02	4.93446191e+02	6.72073195e+02	6.72073195e+02	6.55494789e+02	6.89808510e+02	1.65784060e+01	1.77353148e+01
4.68500000e+02	1.92484932e-02	2.14687043e-02	4.41782372e+02	4.92739615e+02	6.73406203e+02	6.73406203e+02	6.56701914e+02	6.91280610e+02	1.67042890e+01	1.78744075e+01
4.68600000e+02	1.91942731e-02	2.14429925e-02	4.40537938e+02	4.92149490e+02	6.75135901e+02	6.75135901e+02	6.58286297e+02	6.93170648e+02	1.68496038e+01	1.80347471e+01
4.68700000e+02	1.91430122e-02	2.14221306e-02	4.39361421e+02	4.91670676e+02	6.77130761e+02	6.77130761e+02	6.60124701e+02	6.95337986e+02	1.70060604e+01	1.82072249e+01
4.68800000e+02	1.90874732e-02	2.14016661e-02	4.38086716e+02	4.91200985e+02	6.79515211e+02	6.79515211e+02	6.62327802e+02	6.97922270e+02	1.71874088e+01	1.84070586e+01
4.68900000e+02	1.90291467e-02	2.13821159e-02	4.36748033e+02	4.90752278e+02	6.82221874e+02	6.82221874e+02	6.64833271e+02	7.00850562e+02	1.73886024e+01	1.86286885e+01
4.69000000e+02	1.89701266e-02	2.13643516e-02	4.35393433e+02	4.90344560e+02	6.85171282e+02	6.85171282e+02	6.67567925e+02	7.04036469e+02	1.76033574e+01	1.88651865e+01
4.69100000e+02	1.89125083e-02	2.13492665e-02	4.34071004e+02	4.89998334e+02	6.88286138e+02	6.88286138e+02	6.70460634e+02	7.07395887e+02	1.78255036e+01	1.91097490e+01
4.69200000e+02	1.88580505e-02	2.13370959e-02	4.32821115e+02	4.89718999e+02	6.91447864e+02	6.91447864e+02	6.73400851e+02	7.10801410e+02	1.80470136e+01	1.93535456e+01
4.69300000e+02	1.88053653e-02	2.13195512e-02	4.31611910e+02	4.89316323e+02	6.93904699e+02	6.93904699e+02	6.75675317e+02	7.13459133e+02	1.82293822e+01	1.95544344e+01
4.69400000e+02	1.87606129e-02	2.12954625e-02	4.30584774e+02	4.88763451e+02	6.95033306e+02	6.95033306e+02	6.76699847e+02	7.14702708e+02	1.83334595e+01	1.96694020e+01
4.69500000e+02	1.87236738e-02	2.12640240e-02	4.29736963e+02	4.88041887e+02	6.94759345e+02	6.94759345e+02	6.76403925e+02	7.14453607e+02	1.83554202e+01	1.96942617e+01
4.69600000e+02	1.86944488e-02	2.12243800e-02	4.29066206e+02	4.87131998e+02	6.93001625e+02	6.93001625e+02	6.74710570e+02	7.12626031e+02	1.82910555e+01	1.96244059e+01
4.69700000e+02	1.86728596e-02	2.11756256e-02	4.28570700e+02	4.86013010e+02	6.89672106e+02	6.89672106e+02	6.71536333e+02	7.09126912e+02	1.81357729e+01	1.94548064e+01
4.69800000e+02	1.86567014e-02	2.11194036e-02	4.28199844e+02	4.84722629e+02	6.85121593e+02	6.85121593e+02	6.67211234e+02	7.04329870e+02	1.79103586e+01	1.92082773e+01
4.69900000e+02	1.86391571e-02	2.10611919e-02	4.27797177e+02	4.83386581e+02	6.80476284e+02	6.80476284e+02	6.62794998e+02	6.99434054e+02	1.76812852e+01	1.89577709e+01
4.70000000e+02	1.86168411e-02	2.10017895e-02	4.27284991e+02	4.82023205e+02	6.76095056e+02	6.76095056e+02	6.58624122e+02	6.94822930e+02	1.74709338e+01	1.87278739e+01
4.70100000e+02	1.85892327e-02	2.09416089e-02	4.26651336e+02	4.80641968e+02	6.72063301e+02	6.72063301e+02	6.54778953e+02	6.90587423e+02	1.72843483e+01	1.85241218e+01
4.70200000e+02	1.85557493e-02	2.08810760e-02	4.25882839e+02	4.79252646e+02	6.68472869e+02	6.68472869e+02	6.51345892e+02	6.86825362e+02	1.71269763e+01	1.83524939e+01
4.70300000e+02	1.85157463e-02	2.08206304e-02	4.24964708e+02	4.77865327e+02	6.65422066e+02	6.65422066e+02	6.48417397e+02	6.83641479e+02	1.70046692e+01	1.82194130e+01
4.70400000e+02	1.84713893e-02	2.07601568e-02	4.23946648e+02	4.76477364e+02	6.62722631e+02	6.62722631e+02	6.45817329e+02	6.80834182e+02	1.69053013e+01	1.81115511e+01
4.70500000e+02	1.84270755e-02	2.06997642e-02	4.22929578e+02	4.75091262e+02	6.60028139e+02	6.60028139e+02	6.43221986e+02	6.78032068e+02	1.68061530e+01	1.80039288e+01
4.70600000e+02	1.83837540e-02	2.06398161e-02	4.21935284e+02	4.73715363e+02	6.57299277e+02	6.57299277e+02	6.40595076e+02	6.75192492e+02	1.67042012e+01	1.78932143e+01
4.70700000e+02	1.83408813e-02	2.05805266e-02	4.20951289e+02	4.72354578e+02	6.54602601e+02	6.54602601e+02	6.37999088e+02	6.72386475e+02	1.66035134e+01	1.77838743e+01
4.70800000e+02	1.82979180e-02	2.05221190e-02	4.19965217e+02	4.71014033e+02	6.52005289e+02	6.52005289e+02	6.35497104e+02	6.69685696e+02	1.65081857e+01	1.76804070e+01
4.70900000e+02	1.82543292e-02	2.04648258e-02	4.18964787e+02	4.69699066e+02	6.49575145e+02	6.49575145e+02	6.33152802e+02	6.67162487e+02	1.64223432e+01	1.75873418e+01
4.71000000e+02	1.82134237e-02	2.04066278e-02	4.18025942e+02	4.68363332e+02	6.46832261e+02	6.46832261e+02	6.30515000e+02	6.64305407e+02	1.63172609e+01	1.74731459e+01
4.71100000e+02	1.81729280e-02	2.03442656e-02	4.17096505e+02	4.66932026e+02	6.43621600e+02	6.43621600e+02	6.27434639e+02	6.60952921e+02	1.61869609e+01	1.73313216e+01
4.71200000e+02	1.81334826e-02	2.02775825e-02	4.16191172e+02	4.65401547e+02	6.39874696e+02	6.39874696e+02	6.23847517e+02	6.57031881e+02	1.60271790e+01	1.71571846e+01
4.71300000e+02	1.80963870e-02	2.02068263e-02	4.15339773e+02	4.63777583e+02	6.35511636e+02	6.35511636e+02	6.19679244e+02	6.52456294e+02	1.58323922e+01	1.69446576e+01
4.71400000e+02	1.80629450e-02	2.01322097e-02	4.14572226e+02	4.62065019e+02	6.30448556e+02	6.30448556e+02	6.14851691e+02	6.47135985e+02	1.55968642e+01	1.66874294e+01
4.71500000e+02	1.80344638e-02	2.00539109e-02	4.13918539e+02	4.60267941e+02	6.24597639e+02	6.24597639e+02	6.09282994e+02	6.40976594e+02	1.53146454e+01	1.63789552e+01
4.71600000e+02	1.80058346e-02	1.99730264e-02	4.13261456e+02	4.58411518e+02	6.18489011e+02	6.18489011e+02	6.03470108e+02	6.34544683e+02	1.50189027e+01	1.60556724e+01
4.71700000e+02	1.79777715e-02	1.98914086e-02	4.12617365e+02	4.56538264e+02	6.12257816e+02	6.12257816e+02	5.97541717e+02	6.27982460e+02	1.47160994e+01	1.57246441e+01
4.71800000e+02	1.79502050e-02	1.98089014e-02	4.11984671e+02	4.54644597e+02	6.05893424e+02	6.05893424e+02	5.91487684e+02	6.21278754e+02	1.44057402e+01	1.53853295e+01
4.71900000e+02	1.79230297e-02	1.97253345e-02	4.11360957e+02	4.52726609e+02	5.99386649e+02	5.99386649e+02	5.85299207e+02	6.14423960e+02	1.40874419e+01	1.50373111e+01
4.72000000e+02	1.78961049e-02	1.96405239e-02	4.10742991e+02	4.50780077e+02	5.92729748e+02	5.92729748e+02	5.78968815e+02	6.07410042e+02	1.37609329e+01	1.46802946e+01
4.72100000e+02	1.78699866e-02	1.95563204e-02	4.10143537e+02	4.48847478e+02	5.86070542e+02	5.86070542e+02	5.72637037e+02	6.00392796e+02	1.34335049e+01	1.43222539e+01
4.72200000e+02	1.78487244e-02	1.94799666e-02	4.09655535e+02	4.47095042e+02	5.79835110e+02	5.79835110e+02	5.66711352e+02	5.93818582e+02	1.31237581e+01	1.39834722e+01
4.72300000e+02	1.78359302e-02	1.94139018e-02	4.09361889e+02	4.45578752e+02	5.73983993e+02	5.73983993e+02	5.61157962e+02	5.87641663e+02	1.28260313e+01	1.36576701e+01
4.72400000e+02	1.78307880e-02	1.93591750e-02	4.09243868e+02	4.44322688e+02	5.68693052e+02	5.68693052e+02	5.56142593e+02	5.82049017e+02	1.25504589e+01	1.33559651e+01
4.72500000e+02	1.78325138e-02	1.93168962e-02	4.09283479e+02	4.43352325e+02	5.64141872e+02	5.64141872e+02	5.51834530e+02	5.77231527e+02	1.23073413e+01	1.30896558e+01
4.72600000e+02	1.78403560e-02	1.92882362e-02	4.09463469e+02	4.42694534e+02	5.60513763e+02	5.60513763e+02	5.48406618e+02	5.73383984e+02	1.21071446e+01	1.28702213e+01
4.72700000e+02	1.78534388e-02	1.92695569e-02	4.09763739e+02	4.42265816e+02	5.57500454e+02	5.57500454e+02	5.45566072e+02	5.70181173e+02	1.19343821e+01	1.26807193e+01
4.72800000e+02	1.78710733e-02	1.92555739e-02	4.10168477e+02	4.41944885e+02	5.54606696e+02	5.54606696e+02	5.42843232e+02	5.67099835e+02	1.17634645e+01	1.24931383e+01
4.72900000e+02	1.78926528e-02	1.92455873e-02	4.10663760e+02	4.41715677e+02	5.51808838e+02	5.51808838e+02	5.40215102e+02	5.64115612e+02	1.15937363e+01	1.23067738e+01
4.73000000e+02	1.79174168e-02	1.92390517e-02	4.11232133e+02	4.41565675e+02	5.49111870e+02	5.49111870e+02	5.37685656e+02	5.61234625e+02	1.14262137e+01	1.21227553e+01
4.73100000e+02	1.79446377e-02	1.92354073e-02	4.11856893e+02	4.41482031e+02	5.46516611e+02	5.46516611e+02	5.35254952e+02	5.58458544e+02	1.12616591e+01	1.19419338e+01
4.73200000e+02	1.79736206e-02	1.92340801e-02	4.12522094e+02	4.41451569e+02	5.44019707e+02	5.44019707e+02	5.32919126e+02	5.55784588e+02	1.11005808e+01	1.17648812e+01
4.73300000e+02	1.80002062e-02	1.92328834e-02	4.13132274e+02	4.41424104e+02	5.41731499e+02	5.41731499e+02	5.30778558e+02	5.53334099e+02	1.09529410e+01	1.16025993e+01
4.73400000e+02	1.80183406e-02	1.92303430e-02	4.13548488e+02	4.41365797e+02	5.39990803e+02	5.39990803e+02	5.29148110e+02	5.51472257e+02	1.08426923e+01	1.14814543e+01
4.73500000e+02	1.80263415e-02	1.92254123e-02	4.13732122e+02	4.41252630e+02	5.38825341e+02	5.38825341e+02	5.28052374e+02	5.50230255e+02	1.07729674e+01	1.14049140e+01
4.73600000e+02	1.80234871e-02	1.92169825e-02	4.13666608e+02	4.41059154e+02	5.38178179e+02	5.38178179e+02	5.27436719e+02	5.49548646e+02	1.07414593e+01	1.13704675e+01
4.73700000e+02	1.80090186e-02	1.92039157e-02	4.13334533e+02	4.40759250e+02	5.37992339e+02	5.37992339e+02	5.27246444e+02	5.49367982e+02	1.07458953e+01	1.13756423e+01
4.73800000e+02	1.79821403e-02	1.91850448e-02	4.12717636e+02	4.40326134e+02	5.38210809e+02	5.38210809e+02	5.27426772e+02	5.49628813e+02	1.07840371e+01	1.14180042e+01
4.73900000e+02	1.79513561e-02	1.91643886e-02	4.12011091e+02	4.39852042e+02	5.38560870e+02	5.38560870e+02	5.27727852e+02	5.50033193e+02	1.08330179e+01	1.14723228e+01
4.74000000e+02	1.79149380e-02	1.91418929e-02	4.11175239e+02	4.39335732e+02	5.39177481e+02	5.39177481e+02	5.28275778e+02	5.50725827e+02	1.09017034e+01	1.15483458e+01
4.74100000e+02	1.78745973e-02	1.91173957e-02	4.10249360e+02	4.38773484e+02	5.39904469e+02	5.39904469e+02	5.28924350e+02	5.51539580e+02	1.09801187e+01	1.16351111e+01
4.74200000e+02	1.78320507e-02	1.90907435e-02	4.09272849e+02	4.38161774e+02	5.40586147e+02	5.40586147e+02	5.29527837e+02	5.52307826e+02	1.10583100e+01	1.17216792e+01
4.74300000e+02	1.77890194e-02	1.90617912e-02	4.08285215e+02	4.37497276e+02	5.41067313e+02	5.41067313e+02	5.29940969e+02	5.52864447e+02	1.11263441e+01	1.17971335e+01
4.74400000e+02	1.77459395e-02	1.90304874e-02	4.07296465e+02	4.36778805e+02	5.41307100e+02	5.41307100e+02	5.30125478e+02	5.53165719e+02	1.11816226e+01	1.18586183e+01
4.74500000e+02	1.76989021e-02	1.89971696e-02	4.06216885e+02	4.36014110e+02	5.41658819e+02	5.41658819e+02	5.30412071e+02	5.53589793e+02	1.12467480e+01	1.19309743e+01
4.74600000e+02	1.76504718e-02	1.89619012e-02	4.05105335e+02	4.35204647e+02	5.41920391e+02	5.41920391e+02	5.30611923e+02	5.53920021e+02	1.13084678e+01	1.19996308e+01
4.74700000e+02	1.76002364e-02	1.89246405e-02	4.03952355e+02	4.34349457e+02	5.42120998e+02	5.42120998e+02	5.30752261e+02	5.54187736e+02	1.13687370e+01	1.20667381e+01
4.74800000e+02	1.75477638e-02	1.88853587e-02	4.02748031e+02	4.33447881e+02	5.42292804e+02	5.42292804e+02	5.30863116e+02	5.54427446e+02	1.14296886e+01	1.21346416e+01
4.74900000e+02	1.74926024e-02	1.88440405e-02	4.01481993e+02	4.32499564e+02	5.42470953e+02	5.42470953e+02	5.30977320e+02	5.54676834e+02	1.14936329e+01	1.22058817e+01
4.75000000e+02	1.74362321e-02	1.88004166e-02	4.00188208e+02	4.31498328e+02	5.42506937e+02	5.42506937e+02	5.30955707e+02	5.54777135e+02	1.15512307e+01	1.22701972e+01
4.75100000e+02	1.73829299e-02	1.87531148e-02	3.98964840e+02	4.30412679e+02	5.41909563e+02	5.41909563e+02	5.30337362e+02	5.54203894e+02	1.15722016e+01	1.22943305e+01
4.75200000e+02	1.73342734e-02	1.87012947e-02	3.97848098e+02	4.29223329e+02	5.40462785e+02	5.40462785e+02	5.28919258e+02	5.52726774e+02	1.15435272e+01	1.22639888e+01
4.75300000e+02	1.72900789e-02	1.86452445e-02	3.96833768e+02	4.27936890e+02	5.38211597e+02	5.38211597e+02	5.26743822e+02	5.50393586e+02	1.14677755e+01	1.21819888e+01
4.75400000e+02	1.72502025e-02	1.85852448e-02	3.95918544e+02	4.26559806e+02	5.35197008e+02	5.35197008e+02	5.23849743e+02	5.47247879e+02	1.13472642e+01	1.20508719e+01
4.75500000e+02	1.72145397e-02	1.85215690e-02	3.95100026e+02	4.25098349e+02	5.31456041e+02	5.31456041e+02	5.20271980e+02	5.43328945e+02	1.11840603e+01	1.18729044e+01
4.75600000e+02	1.71803640e-02	1.84542008e-02	3.94315642e+02	4.23552147e+02	5.27208846e+02	5.27208846e+02	5.16216311e+02	5.38872731e+02	1.09925349e+01	1.16638855e+01
4.75700000e+02	1.71450952e-02	1.83821907e-02	3.93506170e+02	4.21899405e+02	5.22566329e+02	5.22566329e+02	5.11785209e+02	5.33999436e+02	1.07811199e+01	1.14331067e+01
4.75800000e+02	1.71078673e-02	1.83055451e-02	3.92651733e+02	4.20140271e+02	5.17599632e+02	5.17599632e+02	5.07045188e+02	5.28785290e+02	1.05544446e+01	1.11856571e+01
4.75900000e+02	1.70680727e-02	1.82246973e-02	3.91738385e+02	4.18284690e+02	5.12403408e+02	5.12403408e+02	5.02085278e+02	5.23331114e+02	1.03181300e+01	1.09277062e+01
4.76000000e+02	1.70251074e-02	1.81400584e-02	3.90752265e+02	4.16342098e+02	5.07069688e+02	5.07069688e+02	4.96992033e+02	5.17734955e+02	1.00776543e+01	1.06652673e+01
4.76100000e+02	1.69783714e-02	1.80520176e-02	3.89679603e+02	4.14321425e+02	5.01687888e+02	5.01687888e+02	4.91849535e+02	5.12092086e+02	9.83835349e+00	1.04041976e+01
4.76200000e+02	1.69316551e-02	1.79638821e-02	3.88607392e+02	4.12298582e+02	4.96294620e+02	4.96294620e+02	4.86696196e+02	5.06437060e+02	9.59842490e+00	1.01424398e+01
4.76300000e+02	1.68866701e-02	1.78792559e-02	3.87574919e+02	4.10356281e+02	4.91126562e+02	4.91126562e+02	4.81757830e+02	5.01018417e+02	9.36873185e+00	9.89185460e+00
4.76400000e+02	1.68436532e-02	1.77987290e-02	3.86587614e+02	4.08508065e+02	4.86226029e+02	4.86226029e+02	4.77074744e+02	4.95880668e+02	9.15128518e+00	9.65463906e+00
4.76500000e+02	1.68028449e-02	1.77227980e-02	3.85651002e+02	4.06765332e+02	4.81625231e+02	4.81625231e+02	4.72677675e+02	4.91057630e+02	8.94755569e+00	9.43239882e+00
4.76600000e+02	1.67645325e-02	1.76519810e-02	3.84771674e+02	4.05139975e+02	4.77354858e+02	4.77354858e+02	4.68595971e+02	4.86581458e+02	8.75888754e+00	9.22659977e+00
4.76700000e+02	1.67289667e-02	1.75865964e-02	3.83955383e+02	4.03639298e+02	4.73427722e+02	4.73427722e+02	4.64842009e+02	4.82465432e+02	8.58571267e+00	9.03770952e+00
4.76800000e+02	1.66952986e-02	1.75253245e-02	3.83182650e+02	4.02233014e+02	4.69775216e+02	4.69775216e+02	4.61349986e+02	4.78637895e+02	8.42523043e+00	8.86267922e+00
4.76900000e+02	1.66620351e-02	1.74689221e-02	3.82419202e+02	4.00938493e+02	4.66597797e+02	4.66597797e+02	4.58308248e+02	4.75312600e+02	8.28954898e+00	8.71480286e+00
4.77000000e+02	1.66299703e-02	1.74174073e-02	3.81683265e+02	3.99756148e+02	4.63832734e+02	4.63832734e+02	4.55658177e+02	4.72422293e+02	8.17455636e+00	8.58955949e+00
4.77100000e+02	1.65999190e-02	1.73708107e-02	3.80993542e+02	3.98686687e+02	4.61416926e+02	4.61416926e+02	4.53340826e+02	4.69899310e+02	8.07610043e+00	8.48238371e+00
4.77200000e+02	1.65727172e-02	1.73291762e-02	3.80369218e+02	3.97731109e+02	4.59286907e+02	4.59286907e+02	4.51296918e+02	4.67675572e+02	7.98998882e+00	8.38866563e+00
4.77300000e+02	1.65470246e-02	1.72918453e-02	3.79779534e+02	3.96874308e+02	4.57483056e+02	4.57483056e+02	4.49563368e+02	4.65795286e+02	7.91968747e+00	8.31223054e+00
4.77400000e+02	1.65177748e-02	1.72570495e-02	3.79108207e+02	3.96075691e+02	4.56233134e+02	4.56233134e+02	4.48350851e+02	4.64505037e+02	7.88228290e+00	8.27190302e+00
4.77500000e+02	1.64834152e-02	1.72241802e-02	3.78319601e+02	3.95321292e+02	4.55600014e+02	4.55600014e+02	4.47717370e+02	4.63873063e+02	7.88264402e+00	8.27304962e+00
4.77600000e+02	1.64440831e-02	1.71930323e-02	3.77416868e+02	3.94606400e+02	4.55551102e+02	4.55551102e+02	4.47632196e+02	4.63864727e+02	7.91890629e+00	8.31362523e+00
4.77700000e+02	1.63998688e-02	1.71633930e-02	3.76402084e+02	3.93926133e+02	4.56056852e+02	4.56056852e+02	4.48067438e+02	4.64448665e+02	7.98941309e+00	8.39181347e+00
4.77800000e+02	1.63508160e-02	1.71350423e-02	3.75276246e+02	3.93275439e+02	4.57090761e+02	4.57090761e+02	4.48998046e+02	4.65596788e+02	8.09271570e+00	8.50602671e+00
4.77900000e+02	1.62966735e-02	1.71079764e-02	3.74033592e+02	3.92654235e+02	4.58672878e+02	4.58672878e+02	4.50442752e+02	4.67330585e+02	8.23012554e+00	8.65770674e+00
4.78000000e+02	1.62394444e-02	1.70822926e-02	3.72720099e+02	3.92064754e+02	4.60650350e+02	4.60650350e+02	4.52258794e+02	4.69486112e+02	8.39155576e+00	8.83576228e+00
4.78100000e+02	1.61796510e-02	1.70578605e-02	3.71347748e+02	3.91504000e+02	4.62967076e+02	4.62967076e+02	4.54393561e+02	4.72003433e+02	8.57351480e+00	9.03635782e+00
4.78200000e+02	1.61163615e-02	1.70344699e-02	3.69895157e+02	3.90967150e+02	4.65676944e+02	4.65676944e+02	4.56897163e+02	4.74940596e+02	8.77978146e+00	9.26365241e+00
4.78300000e+02	1.60486239e-02	1.70119077e-02	3.68340476e+02	3.90449313e+02	4.68835190e+02	4.68835190e+02	4.59820964e+02	4.78357096e+02	9.01422622e+00	9.52190596e+00
4.78400000e+02	1.59754656e-02	1.69899576e-02	3.66661381e+02	3.89945524e+02	4.72498397e+02	4.72498397e+02	4.63217586e+02	4.82313876e+02	9.28081122e+00	9.81547923e+00
4.78500000e+02	1.58998828e-02	1.69682673e-02	3.64926639e+02	3.89447699e+02	4.76386004e+02	4.76386004e+02	4.66824309e+02	4.86510770e+02	9.56169460e+00	1.01247656e+01
4.78600000e+02	1.58221029e-02	1.69459395e-02	3.63141471e+02	3.88935241e+02	4.80385879e+02	4.80385879e+02	4.70535175e+02	4.90828878e+02	9.85070356e+00	1.04429995e+01
4.78700000e+02	1.57420913e-02	1.69227769e-02	3.61305083e+02	3.88403624e+02	4.84480267e+02	4.84480267e+02	4.74333337e+02	4.95249455e+02	1.01469306e+01	1.07691877e+01
4.78800000e+02	1.56598901e-02	1.68986557e-02	3.59418439e+02	3.87850006e+02	4.88652837e+02	4.88652837e+02	4.78203369e+02	4.99755172e+02	1.04494679e+01	1.11023349e+01
4.78900000e+02	1.55755508e-02	1.68734421e-02	3.57482723e+02	3.87271316e+02	4.92885416e+02	4.92885416e+02	4.82128116e+02	5.04326745e+02	1.07573005e+01	1.14413286e+01
4.79000000e+02	1.54892563e-02	1.68469970e-02	3.55502134e+02	3.86664360e+02	4.97148617e+02	4.97148617e+02	4.86079928e+02	5.08932876e+02	1.10686890e+01	1.17842594e+01
4.79100000e+02	1.54050532e-02	1.68198869e-02	3.53569544e+02	3.86042141e+02	5.01172260e+02	5.01172260e+02	4.89806955e+02	5.13283224e+02	1.13653043e+01	1.21109645e+01
4.79200000e+02	1.53239267e-02	1.67956239e-02	3.51707566e+02	3.85485267e+02	5.05242573e+02	5.05242573e+02	4.93581217e+02	5.17679558e+02	1.16613558e+01	1.24369848e+01
4.79300000e+02	1.52467087e-02	1.67731686e-02	3.49935294e+02	3.84969884e+02	5.09183431e+02	5.09183431e+02	4.97236752e+02	5.21934601e+02	1.19466792e+01	1.27511698e+01
4.79400000e+02	1.51742706e-02	1.67515095e-02	3.48272730e+02	3.84472776e+02	5.12818394e+02	5.12818394e+02	5.00607340e+02	5.25860701e+02	1.22110545e+01	1.30423072e+01
4.79500000e+02	1.51075236e-02	1.67296632e-02	3.46740784e+02	3.83971368e+02	5.15970713e+02	5.15970713e+02	5.03526506e+02	5.29269836e+02	1.24442062e+01	1.32991229e+01
4.79600000e+02	1.50463244e-02	1.67066298e-02	3.45336169e+02	3.83442718e+02	5.18547757e+02	5.18547757e+02	5.05906395e+02	5.32064150e+02	1.26413623e+01	1.35163935e+01
4.79700000e+02	1.49880937e-02	1.66809454e-02	3.43999685e+02	3.82853220e+02	5.20606664e+02	5.20606664e+02	5.07798562e+02	5.34306950e+02	1.28081018e+01	1.37002859e+01
4.79800000e+02	1.49324601e-02	1.66510361e-02	3.42722809e+02	3.82166758e+02	5.22013487e+02	5.22013487e+02	5.09075801e+02	5.35856915e+02	1.29376864e+01	1.38434280e+01
4.79900000e+02	1.48799404e-02	1.66162322e-02	3.41517401e+02	3.81367954e+02	5.22656276e+02	5.22656276e+02	5.09632608e+02	5.36595022e+02	1.30236674e+01	1.39387457e+01
4.80000000e+02	1.48310528e-02	1.65758804e-02	3.40395356e+02	3.80441819e+02	5.22424732e+02	5.22424732e+02	5.09365050e+02	5.36403991e+02	1.30596821e+01	1.39792591e+01
4.80100000e+02	1.47863171e-02	1.65293449e-02	3.39368604e+02	3.79373757e+02	5.21210209e+02	5.21210209e+02	5.08170755e+02	5.35168292e+02	1.30394540e+01	1.39580824e+01
4.80200000e+02	1.47444541e-02	1.64771424e-02	3.38407783e+02	3.78175632e+02	5.19170732e+02	5.19170732e+02	5.06198103e+02	5.33056541e+02	1.29726291e+01	1.38858083e+01
4.80300000e+02	1.47042028e-02	1.64155813e-02	3.37483955e+02	3.76762708e+02	5.16023744e+02	5.16023744e+02	5.03178279e+02	5.29771157e+02	1.28454651e+01	1.37474134e+01
4.80400000e+02	1.46655788e-02	1.63423465e-02	3.36597474e+02	3.75081859e+02	5.11526495e+02	5.11526495e+02	4.98881425e+02	5.25055273e+02	1.26450704e+01	1.35287778e+01
4.80500000e+02	1.46282826e-02	1.62588436e-02	3.35741470e+02	3.73165338e+02	5.05849964e+02	5.05849964e+02	4.93469154e+02	5.19090129e+02	1.23808101e+01	1.32401651e+01
4.80600000e+02	1.45919963e-02	1.61664468e-02	3.34908643e+02	3.71044690e+02	4.99163403e+02	4.99163403e+02	4.87101426e+02	5.12055162e+02	1.20619762e+01	1.28917593e+01
4.80700000e+02	1.45563833e-02	1.60664994e-02	3.34091270e+02	3.68750745e+02	4.91634338e+02	4.91634338e+02	4.79936551e+02	5.04128002e+02	1.16977874e+01	1.24936643e+01
4.80800000e+02	1.45217761e-02	1.59615271e-02	3.33296981e+02	3.66341470e+02	4.83499206e+02	4.83499206e+02	4.72198749e+02	4.95558455e+02	1.13004567e+01	1.20592491e+01
4.80900000e+02	1.44864803e-02	1.58562862e-02	3.32486889e+02	3.63926032e+02	4.75392082e+02	4.75392082e+02	4.64486790e+02	4.87019304e+02	1.09052920e+01	1.16272212e+01
4.81000000e+02	1.44502890e-02	1.57523335e-02	3.31656243e+02	3.61540157e+02	4.67492216e+02	4.67492216e+02	4.56970210e+02	4.78700438e+02	1.05220057e+01	1.12082226e+01
4.81100000e+02	1.44133899e-02	1.56505365e-02	3.30809352e+02	3.59203761e+02	4.59874849e+02	4.59874849e+02	4.49720446e+02	4.70681266e+02	1.01544035e+01	1.08064173e+01
4.81200000e+02	1.43759414e-02	1.55517724e-02	3.29949852e+02	3.56936974e+02	4.52618590e+02	4.52618590e+02	4.42812091e+02	4.63044787e+02	9.80649871e+00	1.04261973e+01
4.81300000e+02	1.43380724e-02	1.54569275e-02	3.29080701e+02	3.54760137e+02	4.45805408e+02	4.45805408e+02	4.36322897e+02	4.55877591e+02	9.48251186e+00	1.00721824e+01
4.81400000e+02	1.42992338e-02	1.53645306e-02	3.28189296e+02	3.52639487e+02	4.39326528e+02	4.39326528e+02	4.30149312e+02	4.49065187e+02	9.17721556e+00	9.73865923e+00
4.81500000e+02	1.42649661e-02	1.52810667e-02	3.27402799e+02	3.50723863e+02	4.33407637e+02	4.33407637e+02	4.24510529e+02	4.42840260e+02	8.89710771e+00	9.43262352e+00
4.81600000e+02	1.42338290e-02	1.52055056e-02	3.26688155e+02	3.48989621e+02	4.28058455e+02	4.28058455e+02	4.19414328e+02	4.37214685e+02	8.64412669e+00	9.15622971e+00
4.81700000e+02	1.42043978e-02	1.51368633e-02	3.26012665e+02	3.47414174e+02	4.23292252e+02	4.23292252e+02	4.14871868e+02	4.32204073e+02	8.42038384e+00	8.91182138e+00
4.81800000e+02	1.41752633e-02	1.50742016e-02	3.25343982e+02	3.45975992e+02	4.19125844e+02	4.19125844e+02	4.10897680e+02	4.27827775e+02	8.22816350e+00	8.70193122e+00
4.81900000e+02	1.41455980e-02	1.50164406e-02	3.24663119e+02	3.44650290e+02	4.15513893e+02	4.15513893e+02	4.07448015e+02	4.24038732e+02	8.06587804e+00	8.52483847e+00
4.82000000e+02	1.41182626e-02	1.49632213e-02	3.24035729e+02	3.43428826e+02	4.12186168e+02	4.12186168e+02	4.04269800e+02	4.20547854e+02	7.91636735e+00	8.36168621e+00
4.82100000e+02	1.40966060e-02	1.49164203e-02	3.23538678e+02	3.42354671e+02	4.09065918e+02	4.09065918e+02	4.01293666e+02	4.17270237e+02	7.77225176e+00	8.20431873e+00
4.82200000e+02	1.40785033e-02	1.48741981e-02	3.23123193e+02	3.41385606e+02	4.06134164e+02	4.06134164e+02	3.98499541e+02	4.14188144e+02	7.63462388e+00	8.05397915e+00
4.82300000e+02	1.40619193e-02	1.48347921e-02	3.22742566e+02	3.40481178e+02	4.03372619e+02	4.03372619e+02	3.95868095e+02	4.11284471e+02	7.50452408e+00	7.91185142e+00
4.82400000e+02	1.40449091e-02	1.47965164e-02	3.22352156e+02	3.39602692e+02	4.00763685e+02	4.00763685e+02	3.93380744e+02	4.08542745e+02	7.38294048e+00	7.77906027e+00
4.82500000e+02	1.40269280e-02	1.47580718e-02	3.21939460e+02	3.38720330e+02	3.98216140e+02	3.98216140e+02	3.90950567e+02	4.05867047e+02	7.26557246e+00	7.65090740e+00
4.82600000e+02	1.39997575e-02	1.47113856e-02	3.21315857e+02	3.37648810e+02	3.95556552e+02	3.95556552e+02	3.88405213e+02	4.03082941e+02	7.15133945e+00	7.52638900e+00
4.82700000e+02	1.39565749e-02	1.46503831e-02	3.20324749e+02	3.36248709e+02	3.92706382e+02	3.92706382e+02	3.85663566e+02	4.00114856e+02	7.04281583e+00	7.40847375e+00
4.82800000e+02	1.38996329e-02	1.45765216e-02	3.19017843e+02	3.34553474e+02	3.89634349e+02	3.89634349e+02	3.82698232e+02	3.96927206e+02	6.93611681e+00	7.29285765e+00
4.82900000e+02	1.38311602e-02	1.44912278e-02	3.17446291e+02	3.32595852e+02	3.86307934e+02	3.86307934e+02	3.79480619e+02	3.93483125e+02	6.82731565e+00	7.17519127e+00
4.83000000e+02	1.37533618e-02	1.43958981e-02	3.15660698e+02	3.30407889e+02	3.82693383e+02	3.82693383e+02	3.75980940e+02	3.89744463e+02	6.71244368e+00	7.05107977e+00
4.83100000e+02	1.36656363e-02	1.42917494e-02	3.13647264e+02	3.28017518e+02	3.78966599e+02	3.78966599e+02	3.72365174e+02	3.85898005e+02	6.60142545e+00	6.93140602e+00
4.83200000e+02	1.35650433e-02	1.41767947e-02	3.11338500e+02	3.25379132e+02	3.75159555e+02	3.75159555e+02	3.68660693e+02	3.81980828e+02	6.49886194e+00	6.82127349e+00
4.83300000e+02	1.34525770e-02	1.40519499e-02	3.08757226e+02	3.22513751e+02	3.71286886e+02	3.71286886e+02	3.64882339e+02	3.78007321e+02	6.40454720e+00	6.72043488e+00
4.83400000e+02	1.33303532e-02	1.39192993e-02	3.05952003e+02	3.19469217e+02	3.67393884e+02	3.67393884e+02	3.61075091e+02	3.74023070e+02	6.31879346e+00	6.62918588e+00
4.83500000e+02	1.32003990e-02	1.37808592e-02	3.02969355e+02	3.16291805e+02	3.63525945e+02	3.63525945e+02	3.57283938e+02	3.70073871e+02	6.24200616e+00	6.54792626e+00
4.83600000e+02	1.30646526e-02	1.36385776e-02	2.99853768e+02	3.13026225e+02	3.59728570e+02	3.59728570e+02	3.53553886e+02	3.66205730e+02	6.17468399e+00	6.47715984e+00
4.83700000e+02	1.29255661e-02	1.34950854e-02	2.96661519e+02	3.09732858e+02	3.56076698e+02	3.56076698e+02	3.49958318e+02	3.62495232e+02	6.11837969e+00	6.41853361e+00
4.83800000e+02	1.27940051e-02	1.33574630e-02	2.93641993e+02	3.06574214e+02	3.52424818e+02	3.52424818e+02	3.46370177e+02	3.58776417e+02	6.05464035e+00	6.35159974e+00
4.83900000e+02	1.26700005e-02	1.32266135e-02	2.90795899e+02	3.03571018e+02	3.48864618e+02	3.48864618e+02	3.42876319e+02	3.55146269e+02	5.98829900e+00	6.28165087e+00
4.84000000e+02	1.25534663e-02	1.31033587e-02	2.88121261e+02	3.00742133e+02	3.45488863e+02	3.45488863e+02	3.39564502e+02	3.51703035e+02	5.92436129e+00	6.21417126e+00
4.84100000e+02	1.24443089e-02	1.29885018e-02	2.85615930e+02	2.98105991e+02	3.42388932e+02	3.42388932e+02	3.36521165e+02	3.48543505e+02	5.86776675e+00	6.15457291e+00
4.84200000e+02	1.23423986e-02	1.28821424e-02	2.83276933e+02	2.95664879e+02	3.39585780e+02	3.39585780e+02	3.33766025e+02	3.45689997e+02	5.81975503e+00	6.10421637e+00
4.84300000e+02	1.22471355e-02	1.27806542e-02	2.81090501e+02	2.93335570e+02	3.36749907e+02	3.36749907e+02	3.30986467e+02	3.42794528e+02	5.76344070e+00	6.04462119e+00
4.84400000e+02	1.21574416e-02	1.26847918e-02	2.79031888e+02	2.91135381e+02	3.34047767e+02	3.34047767e+02	3.28339049e+02	3.40034415e+02	5.70871830e+00	5.98664782e+00
4.84500000e+02	1.20734144e-02	1.25939835e-02	2.77103336e+02	2.89051192e+02	3.31411773e+02	3.31411773e+02	3.25759867e+02	3.37338035e+02	5.65190629e+00	5.92626194e+00
4.84600000e+02	1.19951319e-02	1.25076135e-02	2.75306632e+02	2.87068868e+02	3.28771340e+02	3.28771340e+02	3.23182157e+02	3.34630617e+02	5.58918361e+00	5.85927691e+00
4.84700000e+02	1.19226523e-02	1.24250218e-02	2.73643113e+02	2.85173263e+02	3.26052886e+02	3.26052886e+02	3.20536297e+02	3.31834240e+02	5.51658970e+00	5.78135368e+00
4.84800000e+02	1.18565124e-02	1.23460030e-02	2.72125103e+02	2.83359661e+02	3.23191275e+02	3.23191275e+02	3.17761136e+02	3.28879391e+02	5.43013893e+00	5.68811530e+00
4.84900000e+02	1.17976053e-02	1.22700337e-02	2.70773093e+02	2.81616049e+02	3.20059254e+02	3.20059254e+02	3.14737054e+02	3.25630437e+02	5.32219927e+00	5.57118336e+00
4.85000000e+02	1.17460886e-02	1.21958534e-02	2.69590706e+02	2.79913497e+02	3.16512485e+02	3.16512485e+02	3.11327527e+02	3.21934484e+02	5.18495868e+00	5.42199838e+00
4.85100000e+02	1.17022577e-02	1.21232304e-02	2.68584720e+02	2.78246688e+02	3.12502755e+02	3.12502755e+02	3.07487187e+02	3.17740188e+02	5.01556785e+00	5.23743322e+00
4.85200000e+02	1.16663960e-02	1.20518845e-02	2.67761639e+02	2.76609190e+02	3.07977777e+02	3.07977777e+02	3.03166803e+02	3.12991914e+02	4.81097332e+00	5.01413742e+00
4.85300000e+02	1.16387749e-02	1.19814871e-02	2.67127693e+02	2.74993462e+02	3.02881190e+02	3.02881190e+02	2.98313273e+02	3.07629728e+02	4.56791746e+00	4.74853717e+00
4.85400000e+02	1.16192274e-02	1.19170594e-02	2.66679048e+02	2.73514748e+02	2.97750411e+02	2.97750411e+02	2.93435339e+02	3.02222450e+02	4.31507188e+00	4.47203836e+00
4.85500000e+02	1.16108616e-02	1.18677965e-02	2.66487039e+02	2.72384088e+02	2.93291808e+02	2.93291808e+02	2.89204973e+02	2.97514055e+02	4.08683461e+00	4.22224708e+00
4.85600000e+02	1.16145557e-02	1.18361299e-02	2.66571825e+02	2.71657293e+02	2.89687589e+02	2.89687589e+02	2.85795586e+02	2.93696368e+02	3.89200314e+00	4.00877948e+00
4.85700000e+02	1.16294417e-02	1.18219047e-02	2.66913482e+02	2.71330802e+02	2.86992209e+02	2.86992209e+02	2.83257886e+02	2.90827967e+02	3.73432345e+00	3.83575727e+00
4.85800000e+02	1.16546744e-02	1.18250412e-02	2.67492611e+02	2.71402789e+02	2.85266147e+02	2.85266147e+02	2.81648309e+02	2.88973774e+02	3.61783853e+00	3.70762697e+00
4.85900000e+02	1.16894315e-02	1.18455355e-02	2.68290340e+02	2.71873164e+02	2.84575905e+02	2.84575905e+02	2.81029017e+02	2.88205065e+02	3.54688837e+00	3.62915988e+00
4.86000000e+02	1.17349848e-02	1.18800500e-02	2.69335857e+02	2.72665325e+02	2.84469802e+02	2.84469802e+02	2.80973544e+02	2.88042513e+02	3.49625754e+00	3.57271128e+00
4.86100000e+02	1.17859583e-02	1.19205291e-02	2.70505778e+02	2.73594382e+02	2.84544889e+02	2.84544889e+02	2.81095006e+02	2.88065695e+02	3.44988302e+00	3.52080587e+00
4.86200000e+02	1.18427312e-02	1.19672453e-02	2.71808802e+02	2.74666590e+02	2.84798749e+02	2.84798749e+02	2.81391487e+02	2.88271634e+02	3.40726210e+00	3.47288478e+00
4.86300000e+02	1.19062448e-02	1.20211816e-02	2.73266537e+02	2.75904511e+02	2.85257330e+02	2.85257330e+02	2.81888489e+02	2.88686746e+02	3.36884109e+00	3.42941624e+00
4.86400000e+02	1.19774310e-02	1.20833044e-02	2.74900368e+02	2.77330325e+02	2.85945630e+02	2.85945630e+02	2.82610604e+02	2.89336454e+02	3.33502552e+00	3.39082403e+00
4.86500000e+02	1.20567629e-02	1.21540748e-02	2.76721157e+02	2.78954614e+02	2.86873235e+02	2.86873235e+02	2.83567378e+02	2.90230377e+02	3.30585633e+00	3.35714265e+00
4.86600000e+02	1.21392560e-02	1.22273137e-02	2.78614500e+02	2.80635558e+02	2.87801128e+02	2.87801128e+02	2.84527548e+02	2.91121116e+02	3.27357940e+00	3.31998845e+00
4.86700000e+02	1.22305614e-02	1.23056241e-02	2.80710098e+02	2.82432902e+02	2.88541022e+02	2.88541022e+02	2.85318398e+02	2.91803207e+02	3.22262453e+00	3.26218483e+00
4.86800000e+02	1.23285569e-02	1.23875164e-02	2.82959244e+02	2.84312457e+02	2.89110210e+02	2.89110210e+02	2.85954204e+02	2.92297288e+02	3.15600545e+00	3.18707893e+00
4.86900000e+02	1.24311229e-02	1.24714613e-02	2.85313293e+02	2.86239121e+02	2.89521600e+02	2.89521600e+02	2.86445099e+02	2.92619361e+02	3.07650086e+00	3.09776040e+00
4.87000000e+02	1.25361429e-02	1.25558895e-02	2.87723662e+02	2.88176876e+02	2.89783724e+02	2.89783724e+02	2.86797070e+02	2.92780786e+02	2.98665434e+00	2.99706138e+00
4.87100000e+02	1.26392300e-02	1.26376424e-02	2.90089669e+02	2.90053231e+02	2.89924044e+02	2.89924044e+02	2.87016850e+02	2.92830702e+02	2.90719344e+00	2.90665851e+00
4.87200000e+02	1.27292159e-02	1.27095530e-02	2.92154982e+02	2.91703689e+02	2.90103650e+02	2.90103650e+02	2.87105763e+02	2.93094912e+02	2.99788718e+00	2.99126185e+00
4.87300000e+02	1.27983597e-02	1.27669821e-02	2.93741940e+02	2.93021774e+02	2.90468458e+02	2.90468458e+02	2.87409307e+02	2.93517037e+02	3.05915100e+00	3.04857841e+00
4.87400000e+02	1.28446487e-02	1.28079194e-02	2.94804342e+02	2.93961349e+02	2.90972557e+02	2.90972557e+02	2.87882044e+02	2.94050693e+02	3.09051226e+00	3.07813649e+00
4.87500000e+02	1.28659508e-02	1.28302464e-02	2.95293258e+02	2.94473788e+02	2.91568392e+02	2.91568392e+02	2.88476962e+02	2.94647792e+02	3.09143047e+00	3.07940001e+00
4.87600000e+02	1.28600152e-02	1.28317358e-02	2.95157027e+02	2.94507971e+02	2.92206771e+02	2.92206771e+02	2.89145474e+02	2.95258540e+02	3.06129724e+00	3.05176859e+00
4.87700000e+02	1.28347332e-02	1.28185797e-02	2.94576767e+02	2.94206019e+02	2.92891549e+02	2.92891549e+02	2.89883041e+02	2.95894614e+02	3.00850790e+00	3.00306504e+00
4.87800000e+02	1.28023180e-02	1.28037518e-02	2.93832787e+02	2.93865696e+02	2.93982375e+02	2.93982375e+02	2.91035966e+02	2.96929541e+02	2.94640956e+00	2.94716526e+00
4.87900000e+02	1.27653162e-02	1.27902776e-02	2.92983539e+02	2.93556442e+02	2.95587643e+02	2.95587643e+02	2.92519529e+02	2.98668912e+02	3.06811385e+00	3.08126928e+00
4.88000000e+02	1.27235807e-02	1.27765917e-02	2.92025645e+02	2.93242330e+02	2.97556030e+02	2.97556030e+02	2.94342274e+02	3.00797724e+02	3.21375595e+00	3.24169438e+00
4.88100000e+02	1.26770313e-02	1.27612189e-02	2.90957266e+02	2.92889500e+02	2.99740145e+02	2.99740145e+02	2.96364549e+02	3.03160112e+02	3.37559681e+00	3.41996620e+00
4.88200000e+02	1.26256550e-02	1.27427737e-02	2.89778101e+02	2.92466155e+02	3.01996527e+02	3.01996527e+02	2.98450487e+02	3.05604291e+02	3.54603954e+00	3.60776465e+00
4.88300000e+02	1.25733375e-02	1.27238768e-02	2.88577334e+02	2.92032442e+02	3.04282372e+02	3.04282372e+02	3.00563397e+02	3.08080686e+02	3.71897502e+00	3.79831382e+00
4.88400000e+02	1.25230928e-02	1.26954827e-02	2.87424143e+02	2.91380753e+02	3.05408736e+02	3.05408736e+02	3.01580376e+02	3.09327949e+02	3.82835909e+00	3.91921376e+00
4.88500000e+02	1.24760253e-02	1.26579037e-02	2.86343870e+02	2.90518259e+02	3.05318366e+02	3.05318366e+02	3.01448302e+02	3.09284285e+02	3.87006419e+00	3.96591965e+00
4.88600000e+02	1.24331579e-02	1.26134231e-02	2.85359999e+02	2.89497361e+02	3.04166192e+02	3.04166192e+02	3.00314895e+02	3.08112495e+02	3.85129759e+00	3.94630281e+00
4.88700000e+02	1.23956259e-02	1.25643531e-02	2.84498581e+02	2.88371128e+02	3.02101069e+02	3.02101069e+02	2.98322236e+02	3.05968827e+02	3.77883371e+00	3.86775805e+00
4.88800000e+02	1.23646760e-02	1.25130347e-02	2.83788235e+02	2.87193293e+02	2.99265774e+02	2.99265774e+02	2.95606760e+02	3.03002978e+02	3.65901417e+00	3.73720368e+00
4.88900000e+02	1.23303178e-02	1.24561322e-02	2.82999660e+02	2.85887294e+02	2.96125272e+02	2.96125272e+02	2.92598899e+02	2.99717952e+02	3.52637250e+00	3.59268054e+00
4.89000000e+02	1.22870715e-02	1.23991473e-02	2.82007091e+02	2.84579403e+02	2.93699417e+02	2.93699417e+02	2.90258998e+02	2.97198904e+02	3.44041916e+00	3.49948651e+00
4.89100000e+02	1.22355368e-02	1.23423149e-02	2.80824293e+02	2.83275013e+02	2.91963932e+02	2.91963932e+02	2.88564658e+02	2.95419481e+02	3.39927389e+00	3.45554918e+00
4.89200000e+02	1.21763026e-02	1.22858968e-02	2.79464777e+02	2.81980132e+02	2.90898208e+02	2.90898208e+02	2.87496946e+02	2.94357230e+02	3.40126194e+00	3.45902141e+00
4.89300000e+02	1.21099468e-02	1.22301815e-02	2.77941809e+02	2.80701379e+02	2.90485311e+02	2.90485311e+02	2.87040397e+02	2.93993593e+02	3.44491406e+00	3.50828140e+00
4.89400000e+02	1.20373935e-02	1.21751011e-02	2.76276600e+02	2.79437201e+02	2.90642966e+02	2.90642966e+02	2.87118013e+02	2.94240495e+02	3.52495301e+00	3.59752909e+00
4.89500000e+02	1.19607230e-02	1.21195572e-02	2.74516895e+02	2.78162383e+02	2.91087296e+02	2.91087296e+02	2.87463030e+02	2.94795272e+02	3.62426583e+00	3.70797627e+00
4.89600000e+02	1.18812734e-02	1.20634399e-02	2.72693406e+02	2.76874405e+02	2.91697951e+02	2.91697951e+02	2.87962804e+02	2.95529104e+02	3.73514666e+00	3.83115393e+00
4.89700000e+02	1.17997116e-02	1.20068781e-02	2.70821437e+02	2.75576226e+02	2.92434111e+02	2.92434111e+02	2.88579339e+02	2.96398065e+02	3.85477150e+00	3.96395453e+00
4.89800000e+02	1.17167115e-02	1.19500135e-02	2.68916457e+02	2.74271096e+02	2.93255725e+02	2.93255725e+02	2.89275374e+02	2.97359032e+02	3.98035008e+00	4.10330732e+00
4.89900000e+02	1.16329538e-02	1.18930006e-02	2.66994091e+02	2.72962562e+02	2.94123505e+02	2.94123505e+02	2.90014379e+02	2.98369683e+02	4.10912586e+00	4.24617838e+00
4.90000000e+02	1.15492539e-02	1.18369241e-02	2.65073050e+02	2.71675521e+02	2.95084281e+02	2.95084281e+02	2.90841504e+02	2.99478670e+02	4.24277748e+00	4.39438838e+00
4.90100000e+02	1.14637957e-02	1.17794998e-02	2.63111653e+02	2.70357544e+02	2.96047524e+02	2.96047524e+02	2.91669227e+02	3.00592207e+02	4.37829702e+00	4.54468263e+00
4.90200000e+02	1.13756962e-02	1.17190328e-02	2.61089634e+02	2.68969735e+02	2.96908274e+02	2.96908274e+02	2.92397285e+02	3.01600212e+02	4.51098928e+00	4.69193807e+00
4.90300000e+02	1.12867121e-02	1.16574928e-02	2.59047313e+02	2.67557297e+02	2.97729055e+02	2.97729055e+02	2.93086620e+02	3.02566903e+02	4.64243530e+00	4.83784793e+00
4.90400000e+02	1.11985676e-02	1.15968185e-02	2.57024262e+02	2.66164730e+02	2.98571845e+02	2.98571845e+02	2.93797626e+02	3.03555955e+02	4.77421934e+00	4.98410965e+00
4.90500000e+02	1.11129542e-02	1.15389183e-02	2.55059302e+02	2.64835832e+02	2.99498074e+02	2.99498074e+02	2.94590145e+02	3.04630499e+02	4.90792882e+00	5.13242484e+00
4.90600000e+02	1.10275931e-02	1.14797441e-02	2.53100135e+02	2.63477694e+02	3.00270857e+02	3.00270857e+02	2.95237607e+02	3.05542403e+02	5.03324960e+00	5.27154691e+00
4.90700000e+02	1.09479137e-02	1.14248723e-02	2.51271371e+02	2.62218302e+02	3.01030146e+02	3.01030146e+02	2.95877905e+02	3.06433760e+02	5.15224167e+00	5.40361332e+00
4.90800000e+02	1.08747876e-02	1.13749179e-02	2.49593017e+02	2.61071771e+02	3.01769174e+02	3.01769174e+02	2.96505489e+02	3.07296443e+02	5.26368480e+00	5.52726860e+00
4.90900000e+02	1.08070438e-02	1.13280634e-02	2.48038191e+02	2.59996389e+02	3.02393636e+02	3.02393636e+02	2.97029902e+02	3.08031962e+02	5.36373377e+00	5.63832689e+00
4.91000000e+02	1.07435062e-02	1.12824813e-02	2.46579907e+02	2.58950210e+02	3.02808554e+02	3.02808554e+02	2.97360042e+02	3.08541123e+02	5.44851228e+00	5.73256846e+00
4.91100000e+02	1.06829945e-02	1.12363340e-02	2.45191071e+02	2.57891057e+02	3.02918282e+02	3.02918282e+02	2.97404169e+02	3.08724022e+02	5.51411299e+00	5.80573962e+00
4.91200000e+02	1.06309617e-02	1.11961560e-02	2.43996837e+02	2.56968912e+02	3.02960815e+02	3.02960815e+02	2.97393042e+02	3.08826463e+02	5.56777304e+00	5.86564758e+00
4.91300000e+02	1.05908699e-02	1.11632811e-02	2.43076669e+02	2.56214383e+02	3.02793552e+02	3.02793552e+02	2.97195044e+02	3.08693738e+02	5.59850799e+00	5.90018606e+00
4.91400000e+02	1.05622846e-02	1.11373881e-02	2.42420594e+02	2.55620100e+02	3.02418346e+02	3.02418346e+02	2.96811501e+02	3.08328288e+02	5.60684529e+00	5.90994225e+00
4.91500000e+02	1.05448418e-02	1.11182174e-02	2.42020255e+02	2.55180102e+02	3.01837741e+02	3.01837741e+02	2.96244461e+02	3.07733207e+02	5.59327969e+00	5.89546599e+00
4.91600000e+02	1.05382474e-02	1.11055706e-02	2.41868903e+02	2.54889838e+02	3.01054971e+02	3.01054971e+02	2.95496698e+02	3.06912241e+02	5.55827321e+00	5.85726970e+00
4.91700000e+02	1.05407967e-02	1.10985390e-02	2.41927412e+02	2.54728452e+02	3.00113958e+02	3.00113958e+02	2.94608119e+02	3.05913745e+02	5.50583970e+00	5.79978681e+00
4.91800000e+02	1.05416112e-02	1.10899553e-02	2.41946108e+02	2.54531442e+02	2.99152172e+02	2.99152172e+02	2.93698154e+02	3.04895183e+02	5.45401799e+00	5.74301188e+00
4.91900000e+02	1.05314166e-02	1.10708209e-02	2.41712125e+02	2.54092279e+02	2.97985555e+02	2.97985555e+02	2.92583347e+02	3.03672045e+02	5.40220749e+00	5.68648991e+00
4.92000000e+02	1.05106166e-02	1.10426399e-02	2.41234733e+02	2.53445482e+02	2.96738134e+02	2.96738134e+02	2.91381546e+02	3.02375114e+02	5.35658793e+00	5.63698031e+00
4.92100000e+02	1.04795299e-02	1.10068453e-02	2.40521246e+02	2.52623942e+02	2.95533498e+02	2.95533498e+02	2.90210098e+02	3.01134810e+02	5.32340023e+00	5.60131142e+00
4.92200000e+02	1.04383897e-02	1.09647996e-02	2.39577015e+02	2.51658928e+02	2.94494800e+02	2.94494800e+02	2.89185854e+02	3.00081181e+02	5.30894655e+00	5.58638051e+00
4.92300000e+02	1.03910819e-02	1.09195445e-02	2.38491230e+02	2.50620255e+02	2.93623162e+02	2.93623162e+02	2.88313715e+02	2.99211125e+02	5.30944737e+00	5.58796316e+00
4.92400000e+02	1.03482503e-02	1.08809145e-02	2.37508178e+02	2.49733637e+02	2.93078446e+02	2.93078446e+02	2.87755578e+02	2.98682043e+02	5.32286740e+00	5.60359758e+00
4.92500000e+02	1.03150378e-02	1.08555247e-02	2.36745902e+02	2.49150903e+02	2.93132269e+02	2.93132269e+02	2.87773735e+02	2.98775655e+02	5.35853337e+00	5.64338632e+00
4.92600000e+02	1.02915202e-02	1.08430157e-02	2.36206135e+02	2.48863802e+02	2.93740986e+02	2.93740986e+02	2.88326931e+02	2.99445697e+02	5.41405560e+00	5.70471048e+00
4.92700000e+02	1.02778244e-02	1.08430850e-02	2.35891798e+02	2.48865393e+02	2.94862684e+02	2.94862684e+02	2.89375599e+02	3.00647678e+02	5.48708504e+00	5.78499448e+00
4.92800000e+02	1.02741297e-02	1.08554869e-02	2.35806997e+02	2.49150036e+02	2.96457173e+02	2.96457173e+02	2.90881860e+02	3.02338879e+02	5.57531319e+00	5.88170607e+00
4.92900000e+02	1.02761617e-02	1.08723959e-02	2.35853636e+02	2.49538122e+02	2.98055845e+02	2.98055845e+02	2.92397739e+02	3.04028184e+02	5.65810558e+00	5.97233904e+00
4.93000000e+02	1.02755198e-02	1.08862541e-02	2.35838903e+02	2.49856189e+02	2.99553840e+02	2.99553840e+02	2.93815641e+02	3.05613915e+02	5.73819932e+00	6.06007478e+00
4.93100000e+02	1.02702425e-02	1.08944120e-02	2.35717780e+02	2.50043426e+02	3.00834355e+02	3.00834355e+02	2.95023018e+02	3.06974648e+02	5.81133645e+00	6.14029272e+00
4.93200000e+02	1.02607167e-02	1.08948050e-02	2.35499148e+02	2.50052446e+02	3.01650500e+02	3.01650500e+02	2.95786461e+02	3.07848722e+02	5.86403866e+00	6.19822242e+00
4.93300000e+02	1.02472704e-02	1.08853236e-02	2.35190536e+02	2.49834832e+02	3.01755518e+02	3.01755518e+02	2.95872625e+02	3.07974684e+02	5.88289296e+00	6.21916629e+00
4.93400000e+02	1.02301724e-02	1.08638133e-02	2.34798110e+02	2.49341138e+02	3.00902779e+02	3.00902779e+02	2.95048227e+02	3.07091279e+02	5.85455168e+00	6.18849960e+00
4.93500000e+02	1.02084477e-02	1.08400022e-02	2.34299495e+02	2.48794637e+02	3.00186500e+02	3.00186500e+02	2.94348481e+02	3.06357368e+02	5.83801954e+00	6.17086786e+00
4.93600000e+02	1.01858574e-02	1.08118473e-02	2.33781013e+02	2.48148439e+02	2.99087495e+02	2.99087495e+02	2.93285453e+02	3.05219451e+02	5.80204118e+00	6.13195682e+00
4.93700000e+02	1.01616031e-02	1.07803262e-02	2.33224341e+02	2.47424982e+02	2.97772709e+02	2.97772709e+02	2.92016449e+02	3.03855056e+02	5.75626089e+00	6.08234668e+00
4.93800000e+02	1.01345962e-02	1.07466860e-02	2.32604489e+02	2.46652889e+02	2.96460850e+02	2.96460850e+02	2.90747495e+02	3.02496795e+02	5.71335523e+00	6.03594514e+00
4.93900000e+02	1.01037150e-02	1.07121907e-02	2.31895719e+02	2.45861167e+02	2.95375029e+02	2.95375029e+02	2.89688762e+02	3.01381981e+02	5.68626689e+00	6.00695201e+00
4.94000000e+02	1.00683987e-02	1.06775920e-02	2.31085157e+02	2.45067076e+02	2.94639333e+02	2.94639333e+02	2.88957201e+02	3.00642529e+02	5.68213209e+00	6.00319542e+00
4.94100000e+02	1.00339226e-02	1.06386922e-02	2.30293878e+02	2.44174265e+02	2.93386546e+02	2.93386546e+02	2.87736808e+02	2.99355017e+02	5.64973870e+00	5.96847058e+00
4.94200000e+02	1.00018245e-02	1.05954839e-02	2.29557176e+02	2.43182568e+02	2.91490777e+02	2.91490777e+02	2.85909887e+02	2.97384543e+02	5.58088977e+00	5.89376627e+00
4.94300000e+02	9.97171794e-03	1.05482262e-02	2.28866185e+02	2.42097931e+02	2.89010485e+02	2.89010485e+02	2.83531417e+02	2.94793390e+02	5.47906789e+00	5.78290519e+00
4.94400000e+02	9.94324667e-03	1.04971512e-02	2.28212726e+02	2.40925682e+02	2.85998889e+02	2.85998889e+02	2.80651441e+02	2.91638261e+02	5.34744809e+00	5.63937254e+00
4.94500000e+02	9.91608430e-03	1.04424643e-02	2.27589308e+02	2.39670533e+02	2.82503969e+02	2.82503969e+02	2.77315072e+02	2.87970285e+02	5.18889780e+00	5.46631598e+00
4.94600000e+02	9.88961528e-03	1.03844503e-02	2.26981803e+02	2.38339024e+02	2.78605533e+02	2.78605533e+02	2.73597274e+02	2.83874584e+02	5.00825838e+00	5.26905141e+00
4.94700000e+02	9.86272291e-03	1.03268562e-02	2.26364582e+02	2.37017151e+02	2.74785348e+02	2.74785348e+02	2.69953160e+02	2.79862149e+02	4.83218802e+00	5.07680031e+00
4.94800000e+02	9.83485127e-03	1.02737967e-02	2.25724886e+02	2.35799356e+02	2.71517932e+02	2.71517932e+02	2.66831526e+02	2.76435676e+02	4.68640608e+00	4.91774364e+00
4.94900000e+02	9.80565511e-03	1.02238016e-02	2.25054789e+02	2.34651890e+02	2.68677975e+02	2.68677975e+02	2.64113368e+02	2.73462958e+02	4.56460680e+00	4.78498265e+00
4.95000000e+02	9.77480987e-03	1.01754435e-02	2.24346843e+02	2.33541998e+02	2.66142999e+02	2.66142999e+02	2.61682385e+02	2.70814759e+02	4.46061407e+00	4.67176011e+00
4.95100000e+02	9.74201169e-03	1.01273386e-02	2.23594075e+02	2.32437917e+02	2.63793356e+02	2.63793356e+02	2.59424974e+02	2.68364816e+02	4.36838145e+00	4.57146040e+00
4.95200000e+02	9.71024351e-03	1.00826624e-02	2.22864947e+02	2.31412530e+02	2.61717598e+02	2.61717598e+02	2.57427939e+02	2.66203534e+02	4.28965926e+00	4.48593530e+00
4.95300000e+02	9.68118223e-03	1.00415265e-02	2.22197946e+02	2.30468399e+02	2.59790915e+02	2.59790915e+02	2.55574744e+02	2.64196997e+02	4.21617036e+00	4.40608272e+00
4.95400000e+02	9.65526704e-03	1.00031983e-02	2.21603153e+02	2.29588708e+02	2.57901131e+02	2.57901131e+02	2.53759600e+02	2.62226032e+02	4.14153073e+00	4.32490105e+00
4.95500000e+02	9.63385833e-03	9.96905074e-03	2.21111790e+02	2.28804969e+02	2.56080784e+02	2.56080784e+02	2.52014662e+02	2.60323563e+02	4.06612226e+00	4.24277882e+00
4.95600000e+02	9.61836124e-03	9.94051662e-03	2.20756108e+02	2.28150067e+02	2.54365013e+02	2.54365013e+02	2.50374592e+02	2.58525219e+02	3.99042075e+00	4.16020639e+00
4.95700000e+02	9.61022557e-03	9.91908858e-03	2.20569382e+02	2.27658261e+02	2.52791558e+02	2.52791558e+02	2.48876562e+02	2.56869334e+02	3.91499582e+00	4.07777598e+00
4.95800000e+02	9.60327824e-03	9.89720611e-03	2.20409930e+02	2.27156025e+02	2.51073995e+02	2.51073995e+02	2.47243242e+02	2.55059657e+02	3.83075285e+00	3.98566174e+00
4.95900000e+02	9.59537241e-03	9.86903069e-03	2.20228479e+02	2.26509355e+02	2.48777917e+02	2.48777917e+02	2.45061147e+02	2.52638913e+02	3.71677004e+00	3.86099624e+00
4.96000000e+02	9.58625747e-03	9.83427497e-03	2.20019277e+02	2.25711659e+02	2.45893737e+02	2.45893737e+02	2.42320951e+02	2.49597237e+02	3.57278652e+00	3.70349926e+00
4.96100000e+02	9.57569532e-03	9.79315288e-03	2.19776860e+02	2.24767844e+02	2.42463149e+02	2.42463149e+02	2.39061900e+02	2.45979005e+02	3.40124904e+00	3.51585575e+00
4.96200000e+02	9.56342256e-03	9.74582526e-03	2.19495181e+02	2.23681602e+02	2.38524368e+02	2.38524368e+02	2.35319923e+02	2.41824945e+02	3.20444492e+00	3.30057666e+00
4.96300000e+02	9.54907909e-03	9.69237707e-03	2.19165977e+02	2.22454885e+02	2.34115558e+02	2.34115558e+02	2.31130804e+02	2.37175835e+02	2.98475429e+00	3.06027667e+00
4.96400000e+02	9.52858841e-03	9.63147075e-03	2.18695684e+02	2.21056991e+02	2.29428899e+02	2.29428899e+02	2.26672501e+02	2.32239520e+02	2.75639839e+00	2.81062050e+00
4.96500000e+02	9.49915086e-03	9.56097625e-03	2.18020047e+02	2.19439035e+02	2.24469989e+02	2.24469989e+02	2.21947550e+02	2.27025013e+02	2.52243993e+00	2.55502379e+00
4.96600000e+02	9.46015179e-03	9.48108820e-03	2.17124959e+02	2.17605482e+02	2.19309153e+02	2.19309153e+02	2.17021936e+02	2.21607403e+02	2.28721643e+00	2.29825055e+00
4.96700000e+02	9.41090838e-03	9.39192110e-03	2.15994747e+02	2.15558960e+02	2.14013897e+02	2.14013897e+02	2.11780268e+02	2.16241128e+02	2.23362888e+00	2.22723119e+00
4.96800000e+02	9.35066969e-03	9.29350932e-03	2.14612177e+02	2.13300259e+02	2.08648914e+02	2.08648914e+02	2.06281196e+02	2.10997373e+02	2.36771859e+00	2.34845863e+00
4.96900000e+02	9.28187128e-03	9.18933146e-03	2.13033148e+02	2.10909218e+02	2.03378919e+02	2.03378919e+02	2.00889901e+02	2.05836757e+02	2.48901861e+00	2.45783768e+00
4.97000000e+02	9.21408506e-03	9.09118067e-03	2.11477351e+02	2.08656507e+02	1.98655334e+02	1.98655334e+02	1.96064215e+02	2.01205041e+02	2.59111889e+00	2.54970675e+00
4.97100000e+02	9.14894167e-03	9.00262918e-03	2.09982211e+02	2.06624115e+02	1.94718141e+02	1.94718141e+02	1.92051270e+02	1.97335711e+02	2.66687028e+00	2.61757087e+00
4.97200000e+02	9.08788792e-03	8.92571783e-03	2.08580934e+02	2.04858882e+02	1.91662516e+02	1.91662516e+02	1.88948213e+02	1.94322177e+02	2.71430313e+00	2.65966057e+00
4.97300000e+02	9.03239573e-03	8.86252266e-03	2.07307303e+02	2.03408456e+02	1.89585271e+02	1.89585271e+02	1.86853857e+02	1.92259447e+02	2.73141430e+00	2.67417625e+00
4.97400000e+02	8.98396207e-03	8.81515493e-03	2.06195676e+02	2.02321294e+02	1.88584848e+02	1.88584848e+02	1.85868681e+02	1.91244136e+02	2.71616712e+00	2.65928823e+00
4.97500000e+02	8.93919046e-03	8.77900534e-03	2.05168099e+02	2.01491606e+02	1.88456764e+02	1.88456764e+02	1.85784283e+02	1.91075272e+02	2.67248156e+00	2.61850782e+00
4.97600000e+02	8.89746148e-03	8.75205046e-03	2.04210355e+02	2.00872950e+02	1.89040331e+02	1.89040331e+02	1.86434675e+02	1.91596991e+02	2.60565577e+00	2.55666011e+00
4.97700000e+02	8.86044698e-03	8.73600998e-03	2.03360816e+02	2.00504797e+02	1.90378909e+02	1.90378909e+02	1.87863021e+02	1.92852869e+02	2.51588816e+00	2.47395961e+00
4.97800000e+02	8.82642595e-03	8.72900930e-03	2.02579981e+02	2.00344120e+02	1.92416976e+02	1.92416976e+02	1.90013597e+02	1.94787531e+02	2.40337882e+00	2.37055468e+00
4.97900000e+02	8.79368892e-03	8.72917244e-03	2.01828617e+02	2.00347864e+02	1.95097925e+02	1.95097925e+02	1.92829545e+02	1.97344567e+02	2.26838066e+00	2.24664209e+00
4.98000000e+02	8.76053805e-03	8.73462208e-03	2.01067753e+02	2.00472942e+02	1.98364066e+02	1.98364066e+02	1.96252867e+02	2.00466533e+02	2.11119931e+00	2.10246703e+00
4.98100000e+02	8.73147826e-03	8.74509917e-03	2.00400787e+02	2.00713407e+02	2.01821789e+02	2.01821789e+02	1.99742306e+02	2.03908452e+02	2.07948367e+00	2.08666230e+00
4.98200000e+02	8.70453180e-03	8.75871433e-03	1.99782324e+02	2.01025896e+02	2.05434924e+02	2.05434924e+02	2.03137165e+02	2.07761239e+02	2.29775941e+00	2.32631524e+00
4.98300000e+02	8.67956999e-03	8.77398944e-03	1.99209412e+02	2.01376483e+02	2.09059734e+02	2.09059734e+02	2.06545041e+02	2.11624190e+02	2.51469379e+00	2.56445570e+00
4.98400000e+02	8.65759632e-03	8.78971891e-03	1.98705083e+02	2.01737499e+02	2.12488791e+02	2.12488791e+02	2.09770498e+02	2.15276716e+02	2.71829257e+00	2.78792518e+00
4.98500000e+02	8.63964544e-03	8.80470166e-03	1.98293083e+02	2.02081376e+02	2.15512596e+02	2.15512596e+02	2.12616175e+02	2.18496007e+02	2.89642109e+00	2.98341072e+00
4.98600000e+02	8.62678319e-03	8.81774113e-03	1.97997874e+02	2.02380651e+02	2.17919588e+02	2.17919588e+02	2.14882784e+02	2.21057033e+02	3.03680425e+00	3.13744486e+00
4.98700000e+02	8.61530139e-03	8.83229367e-03	1.97734350e+02	2.02714654e+02	2.20372099e+02	2.20372099e+02	2.17193861e+02	2.23664698e+02	3.17823815e+00	3.29259965e+00
4.98800000e+02	8.60685338e-03	8.84536107e-03	1.97540455e+02	2.03014571e+02	2.22422802e+02	2.22422802e+02	2.19127441e+02	2.25843865e+02	3.29536149e+00	3.42106226e+00
4.98900000e+02	8.60123629e-03	8.85738416e-03	1.97411534e+02	2.03290520e+02	2.24134196e+02	2.24134196e+02	2.20742507e+02	2.27660884e+02	3.39168979e+00	3.52668748e+00
4.99000000e+02	8.59825771e-03	8.86881691e-03	1.97343171e+02	2.03552919e+02	2.25569297e+02	2.25569297e+02	2.22098541e+02	2.29182645e+02	3.47075577e+00	3.61334866e+00
4.99100000e+02	8.59773569e-03	8.88012639e-03	1.97331190e+02	2.03812489e+02	2.26791638e+02	2.26791638e+02	2.23255529e+02	2.30476576e+02	3.53610931e+00	3.68493776e+00
4.99200000e+02	8.59906981e-03	8.89185718e-03	1.97361810e+02	2.04081728e+02	2.27906892e+02	2.27906892e+02	2.24312943e+02	2.31655149e+02	3.59394880e+00	3.74825661e+00
4.99300000e+02	8.60003493e-03	8.90482424e-03	1.97383961e+02	2.04379342e+02	2.29181148e+02	2.29181148e+02	2.25520561e+02	2.33002368e+02	3.66058692e+00	3.82122012e+00
4.99400000e+02	8.59996386e-03	8.91963987e-03	1.97382330e+02	2.04719383e+02	2.30732574e+02	2.30732574e+02	2.26989623e+02	2.34644003e+02	3.74295087e+00	3.91142981e+00
4.99500000e+02	8.59827804e-03	8.93688062e-03	1.97343638e+02	2.05115085e+02	2.32668398e+02	2.32668398e+02	2.28821098e+02	2.36694152e+02	3.84730011e+00	4.02575392e+00
4.99600000e+02	8.59439175e-03	8.95713915e-03	1.97254441e+02	2.05580049e+02	2.35098113e+02	2.35098113e+02	2.31118092e+02	2.39269313e+02	3.98002112e+00	4.17119998e+00
4.99700000e+02	8.58771218e-03	8.98102427e-03	1.97101135e+02	2.06128249e+02	2.38133473e+02	2.38133473e+02	2.33985846e+02	2.42488388e+02	4.14762746e+00	4.35491485e+00
4.99800000e+02	8.57777688e-03	9.00508507e-03	1.96873105e+02	2.06680481e+02	2.41452090e+02	2.41452090e+02	2.37118614e+02	2.46010769e+02	4.33347522e+00	4.55867958e+00
4.99900000e+02	8.56340042e-03	9.02440781e-03	1.96543143e+02	2.07123968e+02	2.44637803e+02	2.44637803e+02	2.40121142e+02	2.49397428e+02	4.51666074e+00	4.75962560e+00
5.00000000e+02	8.54343292e-03	9.03844757e-03	1.96084858e+02	2.07446202e+02	2.47727329e+02	2.47727329e+02	2.43027061e+02	2.52688484e+02	4.70026761e+00	4.96115532e+00
5.00100000e+02	8.51763442e-03	9.04565280e-03	1.95492743e+02	2.07611573e+02	2.50578333e+02	2.50578333e+02	2.45701350e+02	2.55733597e+02	4.87698279e+00	5.15526446e+00
5.00200000e+02	8.48574688e-03	9.04443410e-03	1.94760875e+02	2.07583602e+02	2.53045996e+02	2.53045996e+02	2.48006617e+02	2.58379821e+02	5.03937956e+00	5.33382464e+00
5.00300000e+02	8.44749420e-03	9.03316422e-03	1.93882918e+02	2.07324941e+02	2.54983023e+02	2.54983023e+02	2.49803106e+02	2.60471607e+02	5.17991747e+00	5.48858331e+00
5.00400000e+02	8.40420998e-03	9.01397743e-03	1.92889479e+02	2.06884575e+02	2.56503551e+02	2.56503551e+02	2.51200218e+02	2.62128250e+02	5.30333332e+00	5.62469923e+00
5.00500000e+02	8.35648611e-03	8.98852523e-03	1.91794143e+02	2.06300408e+02	2.57731711e+02	2.57731711e+02	2.52316084e+02	2.63480441e+02	5.41562680e+00	5.74873056e+00
5.00600000e+02	8.30443315e-03	8.95625137e-03	1.90599448e+02	2.05559673e+02	2.58600473e+02	2.58600473e+02	2.53087340e+02	2.64457134e+02	5.51313321e+00	5.85666116e+00
5.00700000e+02	8.24826908e-03	8.91636402e-03	1.89310396e+02	2.04644198e+02	2.59009493e+02	2.59009493e+02	2.53419179e+02	2.64951914e+02	5.59031449e+00	5.94242076e+00
5.00800000e+02	8.18820818e-03	8.86808117e-03	1.87931907e+02	2.03536032e+02	2.58859750e+02	2.58859750e+02	2.53218044e+02	2.64859770e+02	5.64170648e+00	6.00002015e+00
5.00900000e+02	8.12446106e-03	8.81063065e-03	1.86468813e+02	2.02217455e+02	2.58053549e+02	2.58053549e+02	2.52391630e+02	2.64077100e+02	5.66191901e+00	6.02355116e+00
5.01000000e+02	8.05751201e-03	8.74731528e-03	1.84932230e+02	2.00764270e+02	2.56896050e+02	2.56896050e+02	2.51229389e+02	2.62926258e+02	5.66666051e+00	6.03020772e+00
5.01100000e+02	7.98930895e-03	8.67741799e-03	1.83366865e+02	1.99160021e+02	2.55153936e+02	2.55153936e+02	2.49512305e+02	2.61158221e+02	5.64163059e+00	6.00428490e+00
5.01200000e+02	7.91980064e-03	8.60131899e-03	1.81771543e+02	1.97413432e+02	2.52871038e+02	2.52871038e+02	2.47281833e+02	2.58819424e+02	5.58920485e+00	5.94838566e+00
5.01300000e+02	7.84890763e-03	8.51946111e-03	1.80144440e+02	1.95534669e+02	2.50100023e+02	2.50100023e+02	2.44587768e+02	2.55965681e+02	5.51225538e+00	5.86565737e+00
5.01400000e+02	7.77656339e-03	8.43231830e-03	1.78484029e+02	1.93534608e+02	2.46895750e+02	2.46895750e+02	2.41481992e+02	2.52655110e+02	5.41375788e+00	5.75936058e+00
5.01500000e+02	7.70302147e-03	8.34072350e-03	1.76796129e+02	1.91432367e+02	2.43324482e+02	2.43324482e+02	2.38027505e+02	2.48957547e+02	5.29697673e+00	5.63306501e+00
5.01600000e+02	7.63011500e-03	8.24708995e-03	1.75122815e+02	1.89283334e+02	2.39488810e+02	2.39488810e+02	2.34323267e+02	2.44979517e+02	5.16554278e+00	5.49070726e+00
5.01700000e+02	7.55674264e-03	8.15040200e-03	1.73438807e+02	1.87064197e+02	2.35372401e+02	2.35372401e+02	2.30352723e+02	2.40704955e+02	5.01967767e+00	5.33255413e+00
5.01800000e+02	7.48381250e-03	8.05236419e-03	1.71764948e+02	1.84814080e+02	2.31079181e+02	2.31079181e+02	2.26215184e+02	2.36242822e+02	4.86399696e+00	5.16364092e+00
5.01900000e+02	7.41224583e-03	7.95470738e-03	1.70122384e+02	1.82572706e+02	2.26714759e+02	2.26714759e+02	2.22011567e+02	2.31703845e+02	4.70319242e+00	4.98908609e+00
5.02000000e+02	7.34297699e-03	7.85918879e-03	1.68532558e+02	1.80380409e+02	2.22386425e+02	2.22386425e+02	2.17844393e+02	2.27200516e+02	4.54203204e+00	4.81409130e+00
5.02100000e+02	7.27684099e-03	7.76674845e-03	1.67014635e+02	1.78258761e+02	2.18124298e+02	2.18124298e+02	2.13743009e+02	2.22763783e+02	4.38128858e+00	4.63948465e+00
5.02200000e+02	7.21355062e-03	7.67659331e-03	1.65562025e+02	1.76189563e+02	2.13869017e+02	2.13869017e+02	2.09650920e+02	2.18331152e+02	4.21809706e+00	4.46213458e+00
5.02300000e+02	7.15298703e-03	7.58921507e-03	1.64171997e+02	1.74184098e+02	2.09681548e+02	2.09681548e+02	2.05625739e+02	2.13967262e+02	4.05580867e+00	4.28571406e+00
5.02400000e+02	7.09653723e-03	7.50640726e-03	1.62876388e+02	1.72283533e+02	2.05636136e+02	2.05636136e+02	2.01739144e+02	2.09749141e+02	3.89699150e+00	4.11300542e+00
5.02500000e+02	7.04557988e-03	7.42995633e-03	1.61706839e+02	1.70528867e+02	2.01806965e+02	2.01806965e+02	1.98062747e+02	2.05753762e+02	3.74421861e+00	3.94679665e+00
5.02600000e+02	7.00148525e-03	7.36164158e-03	1.60694800e+02	1.68960939e+02	1.98268159e+02	1.98268159e+02	1.94668091e+02	2.02058040e+02	3.60006796e+00	3.78988126e+00
5.02700000e+02	6.96091388e-03	7.29827352e-03	1.59763625e+02	1.67506545e+02	1.94958715e+02	1.94958715e+02	1.91494112e+02	1.98601117e+02	3.46460296e+00	3.64240170e+00
5.02800000e+02	6.92184217e-03	7.23811480e-03	1.58866869e+02	1.66125810e+02	1.91862054e+02	1.91862054e+02	1.88523111e+02	1.95367683e+02	3.33894329e+00	3.50562855e+00
5.02900000e+02	6.88431686e-03	7.18156921e-03	1.58005606e+02	1.64828002e+02	1.89016499e+02	1.89016499e+02	1.85791423e+02	1.92398235e+02	3.22507552e+00	3.38173652e+00
5.03000000e+02	6.84781673e-03	7.12840827e-03	1.57167872e+02	1.63607877e+02	1.86440623e+02	1.86440623e+02	1.83316123e+02	1.89713003e+02	3.12449984e+00	3.27238008e+00
5.03100000e+02	6.81176681e-03	7.07834920e-03	1.56340471e+02	1.62458945e+02	1.84151716e+02	1.84151716e+02	1.81113014e+02	1.87330914e+02	3.03870131e+00	3.17919830e+00
5.03200000e+02	6.77553835e-03	7.03105495e-03	1.55508973e+02	1.61373470e+02	1.82165777e+02	1.82165777e+02	1.79196627e+02	1.85269592e+02	2.96914987e+00	3.10381486e+00
5.03300000e+02	6.74314246e-03	6.98727692e-03	1.54765437e+02	1.60368697e+02	1.80234799e+02	1.80234799e+02	1.77336072e+02	1.83262193e+02	2.89872747e+00	3.02739373e+00
5.03400000e+02	6.72210691e-03	6.95531949e-03	1.54282639e+02	1.59635225e+02	1.78612574e+02	1.78612574e+02	1.75779115e+02	1.81568944e+02	2.83345954e+00	2.95636964e+00
5.03500000e+02	6.71205873e-03	6.93404696e-03	1.54052018e+02	1.59146988e+02	1.77210971e+02	1.77210971e+02	1.74441931e+02	1.80097005e+02	2.76903969e+00	2.88603422e+00
5.03600000e+02	6.71191303e-03	6.92136119e-03	1.54048674e+02	1.58855830e+02	1.75899382e+02	1.75899382e+02	1.73199770e+02	1.78709379e+02	2.69961175e+00	2.80999727e+00
5.03700000e+02	6.72063045e-03	6.91519688e-03	1.54248752e+02	1.58714350e+02	1.74546922e+02	1.74546922e+02	1.71927662e+02	1.77268724e+02	2.61925987e+00	2.72180228e+00
5.03800000e+02	6.73710775e-03	6.91371286e-03	1.54626932e+02	1.58680289e+02	1.73051283e+02	1.73051283e+02	1.70527636e+02	1.75668007e+02	2.52364715e+00	2.61672339e+00
5.03900000e+02	6.75786709e-03	6.91790688e-03	1.55103390e+02	1.58776548e+02	1.71799563e+02	1.71799563e+02	1.69362820e+02	1.74320651e+02	2.43674249e+00	2.52108830e+00
5.04000000e+02	6.77904250e-03	6.92253468e-03	1.55589398e+02	1.58882764e+02	1.70559240e+02	1.70559240e+02	1.68209209e+02	1.72984896e+02	2.35003141e+00	2.42565613e+00
5.04100000e+02	6.79999311e-03	6.92739292e-03	1.56070247e+02	1.58994267e+02	1.69361249e+02	1.69361249e+02	1.67095461e+02	1.71694181e+02	2.26578786e+00	2.33293142e+00
5.04200000e+02	6.82008212e-03	6.93229699e-03	1.56531320e+02	1.59106823e+02	1.68238153e+02	1.68238153e+02	1.66051785e+02	1.70483662e+02	2.18636818e+00	2.24550882e+00
5.04300000e+02	6.83867678e-03	6.93708110e-03	1.56958096e+02	1.59216626e+02	1.67224140e+02	1.67224140e+02	1.65109929e+02	1.69390213e+02	2.11421104e+00	2.16607310e+00
5.04400000e+02	6.85518567e-03	6.94157804e-03	1.57337001e+02	1.59319838e+02	1.66349897e+02	1.66349897e+02	1.64298369e+02	1.68446957e+02	2.05152837e+00	2.09705977e+00
5.04500000e+02	6.86724237e-03	6.94299131e-03	1.57613720e+02	1.59352274e+02	1.65516239e+02	1.65516239e+02	1.63520842e+02	1.67551558e+02	1.99539686e+00	2.03531885e+00
5.04600000e+02	6.87162615e-03	6.93747947e-03	1.57714335e+02	1.59225769e+02	1.64584491e+02	1.64584491e+02	1.62642849e+02	1.66560840e+02	1.94164248e+00	1.97634917e+00
5.04700000e+02	6.86874187e-03	6.92634802e-03	1.57648136e+02	1.58970285e+02	1.63657905e+02	1.63657905e+02	1.61762563e+02	1.65583608e+02	1.89534212e+00	1.92570230e+00
5.04800000e+02	6.85895811e-03	6.91086227e-03	1.57423584e+02	1.58614864e+02	1.62838492e+02	1.62838492e+02	1.60976949e+02	1.64727390e+02	1.86154271e+00	1.88889777e+00
5.04900000e+02	6.84260717e-03	6.89224733e-03	1.57048305e+02	1.58187622e+02	1.62227022e+02	1.62227022e+02	1.60381760e+02	1.64098445e+02	1.84526121e+00	1.87142308e+00
5.05000000e+02	6.82095091e-03	6.87067989e-03	1.56551261e+02	1.57692617e+02	1.61739243e+02	1.61739243e+02	1.59898461e+02	1.63606234e+02	1.84078201e+00	1.86699069e+00
5.05100000e+02	6.79790565e-03	6.85057935e-03	1.56022337e+02	1.57231279e+02	1.61517528e+02	1.61517528e+02	1.59665740e+02	1.63397076e+02	1.85178806e+00	1.87954870e+00
5.05200000e+02	6.77515126e-03	6.83458652e-03	1.55500088e+02	1.56864219e+02	1.61700680e+02	1.61700680e+02	1.59816697e+02	1.63615987e+02	1.88398254e+00	1.91530672e+00
5.05300000e+02	6.75239649e-03	6.82190346e-03	1.54977832e+02	1.56573123e+02	1.62229155e+02	1.62229155e+02	1.60294661e+02	1.64200282e+02	1.93449471e+00	1.97112698e+00
5.05400000e+02	6.72936259e-03	6.81173998e-03	1.54449169e+02	1.56339856e+02	1.63043201e+02	1.63043201e+02	1.61042770e+02	1.65087046e+02	2.00043038e+00	2.04384576e+00
5.05500000e+02	6.70578332e-03	6.80331366e-03	1.53907988e+02	1.56146459e+02	1.64082854e+02	1.64082854e+02	1.62003982e+02	1.66213128e+02	2.07887199e+00	2.13027344e+00
5.05600000e+02	6.68173813e-03	6.79511353e-03	1.53356114e+02	1.55958253e+02	1.65184019e+02	1.65184019e+02	1.63022982e+02	1.67404808e+02	2.16103668e+00	2.22078895e+00
5.05700000e+02	6.65393156e-03	6.78230574e-03	1.52717911e+02	1.55664295e+02	1.66110564e+02	1.66110564e+02	1.63872909e+02	1.68415876e+02	2.23765479e+00	2.30531187e+00
5.05800000e+02	6.62227710e-03	6.76400996e-03	1.51991393e+02	1.55244379e+02	1.66777692e+02	1.66777692e+02	1.64473379e+02	1.69156704e+02	2.30431376e+00	2.37901127e+00
5.05900000e+02	6.58741909e-03	6.74016360e-03	1.51191348e+02	1.54697068e+02	1.67126440e+02	1.67126440e+02	1.64769190e+02	1.69564190e+02	2.35724940e+00	2.43775038e+00
5.06000000e+02	6.54998482e-03	6.71066766e-03	1.50332174e+02	1.54020091e+02	1.67095433e+02	1.67095433e+02	1.64702846e+02	1.69572704e+02	2.39258647e+00	2.47727119e+00
5.06100000e+02	6.51058452e-03	6.67538670e-03	1.49427877e+02	1.53210339e+02	1.66620887e+02	1.66620887e+02	1.64214548e+02	1.69114082e+02	2.40633878e+00	2.49319452e+00
5.06200000e+02	6.46769736e-03	6.63563136e-03	1.48443551e+02	1.52297893e+02	1.65963288e+02	1.65963288e+02	1.63549462e+02	1.68465620e+02	2.41382591e+00	2.50233221e+00
5.06300000e+02	6.42036125e-03	6.59077737e-03	1.47357115e+02	1.51268426e+02	1.65135800e+02	1.65135800e+02	1.62719103e+02	1.67642311e+02	2.41669662e+00	2.50651108e+00
5.06400000e+02	6.36899888e-03	6.54105207e-03	1.46178270e+02	1.50127154e+02	1.64127743e+02	1.64127743e+02	1.61713776e+02	1.66632387e+02	2.41396685e+00	2.50464410e+00
5.06500000e+02	6.31399092e-03	6.48665049e-03	1.44915753e+02	1.48878554e+02	1.62928487e+02	1.62928487e+02	1.60523790e+02	1.65424180e+02	2.40469665e+00	2.49569348e+00
5.06600000e+02	6.25567605e-03	6.42773538e-03	1.43577337e+02	1.47526362e+02	1.61527451e+02	1.61527451e+02	1.59139461e+02	1.64006122e+02	2.38799021e+00	2.47867069e+00
5.06700000e+02	6.19488161e-03	6.36515327e-03	1.42182012e+02	1.46090007e+02	1.59945626e+02	1.59945626e+02	1.57581483e+02	1.62399508e+02	2.36414360e+00	2.45388192e+00
5.06800000e+02	6.13492518e-03	6.30327410e-03	1.40805920e+02	1.44669786e+02	1.58368945e+02	1.58368945e+02	1.56029203e+02	1.60797412e+02	2.33974192e+00	2.42846690e+00
5.06900000e+02	6.07844457e-03	6.24571622e-03	1.39509604e+02	1.43348744e+02	1.56960242e+02	1.56960242e+02	1.54639425e+02	1.59369216e+02	2.32081666e+00	2.40897389e+00
5.07000000e+02	6.02545728e-03	6.19221445e-03	1.38293464e+02	1.42120797e+02	1.55690429e+02	1.55690429e+02	1.53384621e+02	1.58084123e+02	2.30580762e+00	2.39369370e+00
5.07100000e+02	5.97598298e-03	6.14253477e-03	1.37157954e+02	1.40980572e+02	1.54533492e+02	1.54533492e+02	1.52240176e+02	1.56914585e+02	2.29331540e+00	2.38109324e+00
5.07200000e+02	5.93004356e-03	6.09647435e-03	1.36103574e+02	1.39923415e+02	1.53466489e+02	1.53466489e+02	1.51184387e+02	1.55836304e+02	2.28210149e+00	2.36981556e+00
5.07300000e+02	5.88890203e-03	6.05493256e-03	1.35159313e+02	1.38969967e+02	1.52480471e+02	1.52480471e+02	1.50210027e+02	1.54838417e+02	2.27044346e+00	2.35794658e+00
5.07400000e+02	5.85665431e-03	6.01924678e-03	1.34419178e+02	1.38150924e+02	1.51381659e+02	1.51381659e+02	1.49137643e+02	1.53711367e+02	2.24401611e+00	2.32970726e+00
5.07500000e+02	5.83534424e-03	5.98973697e-03	1.33930079e+02	1.37473629e+02	1.50037122e+02	1.50037122e+02	1.47843373e+02	1.52312241e+02	2.19374903e+00	2.27511868e+00
5.07600000e+02	5.82466268e-03	5.96680104e-03	1.33684921e+02	1.36947214e+02	1.48513524e+02	1.48513524e+02	1.46390041e+02	1.50711919e+02	2.12348384e+00	2.19839506e+00
5.07700000e+02	5.82435861e-03	5.95088424e-03	1.33677942e+02	1.36581899e+02	1.46877746e+02	1.46877746e+02	1.44840730e+02	1.48981445e+02	2.03701610e+00	2.10369894e+00
5.07800000e+02	5.83423904e-03	5.94247919e-03	1.33904713e+02	1.36388990e+02	1.45196882e+02	1.45196882e+02	1.43258786e+02	1.47192023e+02	1.93809538e+00	1.99514122e+00
5.07900000e+02	5.85307650e-03	5.94089762e-03	1.34337062e+02	1.36352691e+02	1.43499012e+02	1.43499012e+02	1.41669588e+02	1.45374720e+02	1.82942387e+00	1.87570826e+00
5.08000000e+02	5.87854866e-03	5.94671490e-03	1.34921687e+02	1.36486206e+02	1.42033140e+02	1.42033140e+02	1.40306636e+02	1.43795569e+02	1.72650393e+00	1.76242960e+00
5.08100000e+02	5.91019341e-03	5.96029435e-03	1.35647982e+02	1.36797875e+02	1.40874769e+02	1.40874769e+02	1.39240972e+02	1.42534971e+02	1.63379709e+00	1.66020180e+00
5.08200000e+02	5.94813440e-03	5.98175433e-03	1.36518786e+02	1.37290415e+02	1.40026190e+02	1.40026190e+02	1.38474888e+02	1.41595212e+02	1.55130272e+00	1.56902144e+00
5.08300000e+02	5.99252520e-03	6.01125674e-03	1.37537623e+02	1.37967540e+02	1.39491793e+02	1.39491793e+02	1.38012691e+02	1.40980767e+02	1.47910193e+00	1.48897402e+00
5.08400000e+02	6.04354937e-03	6.04900694e-03	1.38708706e+02	1.38833965e+02	1.39278067e+02	1.39278067e+02	1.37860710e+02	1.40698301e+02	1.41735760e+00	1.42023390e+00
5.08500000e+02	6.09376133e-03	6.08513459e-03	1.39861147e+02	1.39663150e+02	1.38961161e+02	1.38961161e+02	1.37529052e+02	1.40390364e+02	1.43210897e+00	1.42920222e+00
5.08600000e+02	6.14118437e-03	6.11158381e-03	1.40949578e+02	1.40270200e+02	1.37861495e+02	1.37861495e+02	1.36337230e+02	1.39375786e+02	1.52426488e+00	1.51429109e+00
5.08700000e+02	6.18448927e-03	6.12772928e-03	1.41943492e+02	1.40640763e+02	1.36021998e+02	1.36021998e+02	1.34382554e+02	1.37642317e+02	1.63944399e+00	1.62031894e+00
5.08800000e+02	6.22231753e-03	6.13286465e-03	1.42811708e+02	1.40758628e+02	1.33479525e+02	1.33479525e+02	1.31704717e+02	1.35224192e+02	1.77480756e+00	1.74466677e+00
5.08900000e+02	6.25328146e-03	6.12620256e-03	1.43522378e+02	1.40605723e+02	1.30264855e+02	1.30264855e+02	1.28337144e+02	1.32149747e+02	1.92771089e+00	1.88489217e+00
5.09000000e+02	6.27648847e-03	6.10769213e-03	1.44055014e+02	1.40180880e+02	1.26445313e+02	1.26445313e+02	1.24350625e+02	1.28483125e+02	2.09468757e+00	2.03781232e+00
5.09100000e+02	6.29192002e-03	6.08110718e-03	1.44409192e+02	1.39570715e+02	1.22416114e+02	1.22416114e+02	1.20155075e+02	1.24606119e+02	2.26103838e+00	2.19000583e+00
5.09200000e+02	6.29320523e-03	6.04517245e-03	1.44438690e+02	1.38745958e+02	1.18562636e+02	1.18562636e+02	1.16157080e+02	1.20884618e+02	2.40555613e+00	2.32198248e+00
5.09300000e+02	6.28118787e-03	6.00029133e-03	1.44162873e+02	1.37715867e+02	1.14858303e+02	1.14858303e+02	1.12328162e+02	1.17293797e+02	2.53014091e+00	2.43549395e+00
5.09400000e+02	6.25664168e-03	5.94681104e-03	1.43599500e+02	1.36488413e+02	1.11276377e+02	1.11276377e+02	1.08639754e+02	1.13808604e+02	2.63662302e+00	2.53222683e+00
5.09500000e+02	6.22027036e-03	5.88502264e-03	1.42764723e+02	1.35070275e+02	1.07789958e+02	1.07789958e+02	1.05063195e+02	1.10403761e+02	2.72676299e+00	2.61380260e+00
5.09600000e+02	6.17495195e-03	5.81834017e-03	1.41724596e+02	1.33539810e+02	1.04521023e+02	1.04521023e+02	1.01721878e+02	1.07200008e+02	2.79914434e+00	2.67898543e+00
5.09700000e+02	6.12808840e-03	5.75483295e-03	1.40649006e+02	1.32082222e+02	1.01709080e+02	1.01709080e+02	9.88561994e+01	1.04436193e+02	2.85288010e+00	2.72711317e+00
5.09800000e+02	6.08382086e-03	5.69813922e-03	1.39632998e+02	1.30781014e+02	9.93967077e+01	9.93967077e+01	9.65058382e+01	1.02157623e+02	2.89086950e+00	2.76091561e+00
5.09900000e+02	6.04252325e-03	5.64903585e-03	1.38685154e+02	1.29654017e+02	9.76345277e+01	9.76345277e+01	9.47228908e+01	1.00413581e+02	2.91163695e+00	2.77905294e+00
5.10000000e+02	6.00459069e-03	5.60834028e-03	1.37814544e+02	1.28719991e+02	9.64756666e+01	9.64756666e+01	9.35620298e+01	9.92557883e+01	2.91363672e+00	2.78012173e+00
5.10100000e+02	5.97043948e-03	5.57691051e-03	1.37030722e+02	1.27998630e+02	9.59757574e+01	9.59757574e+01	9.30805044e+01	9.87384122e+01	2.89525291e+00	2.76265489e+00
5.10200000e+02	5.93740452e-03	5.55025437e-03	1.36272519e+02	1.27386830e+02	9.58830259e+01	9.58830259e+01	9.30200725e+01	9.86155305e+01	2.86295334e+00	2.73250464e+00
5.10300000e+02	5.91145825e-03	5.53003150e-03	1.35677012e+02	1.26922685e+02	9.58846137e+01	9.58846137e+01	9.30497932e+01	9.85909140e+01	2.83482050e+00	2.70630028e+00
5.10400000e+02	5.89373229e-03	5.51658100e-03	1.35270174e+02	1.26613975e+02	9.59238146e+01	9.59238146e+01	9.31096297e+01	9.86109200e+01	2.81418499e+00	2.68710537e+00
5.10500000e+02	5.88142865e-03	5.50771539e-03	1.34987787e+02	1.26410496e+02	9.60000993e+01	9.60000993e+01	9.32020602e+01	9.86722172e+01	2.79803906e+00	2.67211787e+00
5.10600000e+02	5.87183168e-03	5.50128780e-03	1.34767522e+02	1.26262973e+02	9.61104812e+01	9.61104812e+01	9.33269259e+01	9.87691832e+01	2.78355529e+00	2.65870202e+00
5.10700000e+02	5.86230802e-03	5.49519206e-03	1.34548939e+02	1.26123066e+02	9.62495170e+01	9.62495170e+01	9.34814304e+01	9.88939053e+01	2.76808657e+00	2.64438832e+00
5.10800000e+02	5.85423333e-03	5.49184685e-03	1.34363613e+02	1.26046289e+02	9.65575940e+01	9.65575940e+01	9.38096869e+01	9.91833964e+01	2.74790706e+00	2.62580239e+00
5.10900000e+02	5.83128288e-03	5.48097786e-03	1.33836865e+02	1.25796829e+02	9.72912451e+01	9.72912451e+01	9.45954199e+01	9.98690364e+01	2.69582516e+00	2.57779129e+00
5.11000000e+02	5.79417879e-03	5.46305627e-03	1.32985269e+02	1.25385501e+02	9.84408666e+01	9.84408666e+01	9.58278877e+01	1.00942275e+02	2.61297891e+00	2.50140850e+00
5.11100000e+02	5.74481023e-03	5.43931294e-03	1.31852185e+02	1.24840555e+02	9.99811389e+01	9.99811389e+01	9.74787861e+01	1.02380556e+02	2.50235281e+00	2.39941672e+00
5.11200000e+02	5.68504267e-03	5.41096684e-03	1.30480428e+02	1.24189969e+02	1.01887430e+02	1.01887430e+02	9.95205495e+01	1.04161961e+02	2.36688021e+00	2.27453145e+00
5.11300000e+02	5.61683900e-03	5.37930412e-03	1.28915050e+02	1.23463261e+02	1.04134190e+02	1.04134190e+02	1.01924556e+02	1.06263788e+02	2.20963390e+00	2.12959747e+00
5.11400000e+02	5.54282511e-03	5.34673080e-03	1.27216318e+02	1.22715653e+02	1.06758752e+02	1.06758752e+02	1.04726683e+02	1.08724747e+02	2.03206852e+00	1.96599532e+00
5.11500000e+02	5.46223651e-03	5.31595245e-03	1.25366686e+02	1.22009243e+02	1.10105581e+02	1.10105581e+02	1.08285018e+02	1.11876854e+02	1.82056260e+00	1.77127277e+00
5.11600000e+02	5.37787516e-03	5.28798245e-03	1.23430464e+02	1.21367289e+02	1.14052395e+02	1.14052395e+02	1.12469705e+02	1.15604796e+02	1.58268972e+00	1.55240073e+00
5.11700000e+02	5.29249947e-03	5.26384353e-03	1.21470961e+02	1.20813263e+02	1.18481426e+02	1.18481426e+02	1.17155617e+02	1.19797579e+02	1.32580866e+00	1.31615316e+00
5.11800000e+02	5.20882437e-03	5.24456774e-03	1.19550490e+02	1.20370855e+02	1.23279422e+02	1.23279422e+02	1.21886060e+02	1.24691621e+02	1.39336198e+00	1.41219982e+00
5.11900000e+02	5.12834298e-03	5.22943767e-03	1.17703319e+02	1.20023596e+02	1.28250036e+02	1.28250036e+02	1.26513504e+02	1.30039847e+02	1.73653164e+00	1.78981160e+00
5.12000000e+02	5.05456042e-03	5.21378506e-03	1.16009896e+02	1.19664345e+02	1.32621028e+02	1.32621028e+02	1.30579751e+02	1.34746222e+02	2.04127715e+00	2.12519335e+00
5.12100000e+02	4.99415136e-03	5.19569723e-03	1.14623415e+02	1.19249202e+02	1.35649717e+02	1.35649717e+02	1.33388107e+02	1.38017547e+02	2.26160967e+00	2.36783045e+00
5.12200000e+02	4.94701314e-03	5.17589848e-03	1.13541521e+02	1.18794790e+02	1.37420015e+02	1.37420015e+02	1.35017934e+02	1.39942727e+02	2.40208179e+00	2.52271130e+00
5.12300000e+02	4.91305207e-03	5.15505133e-03	1.12762063e+02	1.18316316e+02	1.38008669e+02	1.38008669e+02	1.35541812e+02	1.40603067e+02	2.46685689e+00	2.59439783e+00
5.12400000e+02	4.89218340e-03	5.13375658e-03	1.12283095e+02	1.17827569e+02	1.37485250e+02	1.37485250e+02	1.35025541e+02	1.40072275e+02	2.45970910e+00	2.58702549e+00
5.12500000e+02	4.88150104e-03	5.11258918e-03	1.12037918e+02	1.17341745e+02	1.36146221e+02	1.36146221e+02	1.33746986e+02	1.38667246e+02	2.39923495e+00	2.52102540e+00
5.12600000e+02	4.87954920e-03	5.09767269e-03	1.11993121e+02	1.16999388e+02	1.34748884e+02	1.34748884e+02	1.32421841e+02	1.37190885e+02	2.32704293e+00	2.44200062e+00
5.12700000e+02	4.88582723e-03	5.09142175e-03	1.12137211e+02	1.16855920e+02	1.33585887e+02	1.33585887e+02	1.31326736e+02	1.35953393e+02	2.25915083e+00	2.36750537e+00
5.12800000e+02	4.89876904e-03	5.09242502e-03	1.12434245e+02	1.16878946e+02	1.32637432e+02	1.32637432e+02	1.30441377e+02	1.34935550e+02	2.19605563e+00	2.29811820e+00
5.12900000e+02	4.91680140e-03	5.09928442e-03	1.12848116e+02	1.17036380e+02	1.31885682e+02	1.31885682e+02	1.29747317e+02	1.34120222e+02	2.13836543e+00	2.23453951e+00
5.13000000e+02	4.93834396e-03	5.11061510e-03	1.13342550e+02	1.17296437e+02	1.31314761e+02	1.31314761e+02	1.29227962e+02	1.33492352e+02	2.08679934e+00	2.17759145e+00
5.13100000e+02	4.96366982e-03	5.12407989e-03	1.13923817e+02	1.17605474e+02	1.30658620e+02	1.30658620e+02	1.28631645e+02	1.32770137e+02	2.02697530e+00	2.11151627e+00
5.13200000e+02	4.98846007e-03	5.13575766e-03	1.14492792e+02	1.17873497e+02	1.29859633e+02	1.29859633e+02	1.27899530e+02	1.31897366e+02	1.96010322e+00	2.03773351e+00
5.13300000e+02	5.01178698e-03	5.14418775e-03	1.15028180e+02	1.18066980e+02	1.28840909e+02	1.28840909e+02	1.26957888e+02	1.30793709e+02	1.88302110e+00	1.95280032e+00
5.13400000e+02	5.03335621e-03	5.14827456e-03	1.15523227e+02	1.18160779e+02	1.27512100e+02	1.27512100e+02	1.25720873e+02	1.29363893e+02	1.79122730e+00	1.85179275e+00
5.13500000e+02	5.05284772e-03	5.14690645e-03	1.15970587e+02	1.18129378e+02	1.25783276e+02	1.25783276e+02	1.24103008e+02	1.27513115e+02	1.68026771e+00	1.72983950e+00
5.13600000e+02	5.06991640e-03	5.13902339e-03	1.16362339e+02	1.17948450e+02	1.23571935e+02	1.23571935e+02	1.22025828e+02	1.25154464e+02	1.54610707e+00	1.58252855e+00
5.13700000e+02	5.08435364e-03	5.12982060e-03	1.16693696e+02	1.17737232e+02	1.21437043e+02	1.21437043e+02	1.20018442e+02	1.22879607e+02	1.41860122e+00	1.44256369e+00
5.13800000e+02	5.09672588e-03	5.11616140e-03	1.16977658e+02	1.17423733e+02	1.19005271e+02	1.19005271e+02	1.17727883e+02	1.20292902e+02	1.27738769e+00	1.28763079e+00
5.13900000e+02	5.10639600e-03	5.09893213e-03	1.17199602e+02	1.17028295e+02	1.16420933e+02	1.16420933e+02	1.15219957e+02	1.17619394e+02	1.20097620e+00	1.19846128e+00
5.14000000e+02	5.11271080e-03	5.07901917e-03	1.17344536e+02	1.16571262e+02	1.13829653e+02	1.13829653e+02	1.12525598e+02	1.15122355e+02	1.30405500e+00	1.29270274e+00
5.14100000e+02	5.11500101e-03	5.05730889e-03	1.17397100e+02	1.16072977e+02	1.11378361e+02	1.11378361e+02	1.09980782e+02	1.12756502e+02	1.39757970e+00	1.37814057e+00
5.14200000e+02	5.11488176e-03	5.03523551e-03	1.17394363e+02	1.15566360e+02	1.09085257e+02	1.09085257e+02	1.07602635e+02	1.10541043e+02	1.48262191e+00	1.45578542e+00
5.14300000e+02	5.12170443e-03	5.01813461e-03	1.17550954e+02	1.15173868e+02	1.06746018e+02	1.06746018e+02	1.05169129e+02	1.08288009e+02	1.57688884e+00	1.54199140e+00
5.14400000e+02	5.14060107e-03	5.01184681e-03	1.17984661e+02	1.15029553e+02	1.04552354e+02	1.04552354e+02	1.02873541e+02	1.06187784e+02	1.67881280e+00	1.63542957e+00
5.14500000e+02	5.17128111e-03	5.01612222e-03	1.18688814e+02	1.15127680e+02	1.02501842e+02	1.02501842e+02	1.00713673e+02	1.04237731e+02	1.78816942e+00	1.73588925e+00
5.14600000e+02	5.21356345e-03	5.03079227e-03	1.19659259e+02	1.15464380e+02	1.00591630e+02	1.00591630e+02	9.86867611e+01	1.02434914e+02	1.90486865e+00	1.84328463e+00
5.14700000e+02	5.26737650e-03	5.05576967e-03	1.20894351e+02	1.16037650e+02	9.88184387e+01	9.88184387e+01	9.67894838e+01	1.00776093e+02	2.02895483e+00	1.95765476e+00
5.14800000e+02	5.32939864e-03	5.08847509e-03	1.22317854e+02	1.16788289e+02	9.71834710e+01	9.71834710e+01	9.50266817e+01	9.92590821e+01	2.15678932e+00	2.07561109e+00
5.14900000e+02	5.38867077e-03	5.12006958e-03	1.23678240e+02	1.17513431e+02	9.56563837e+01	9.56563837e+01	9.33787423e+01	9.78435209e+01	2.27764135e+00	2.18713726e+00
5.15000000e+02	5.44044624e-03	5.14665499e-03	1.24866566e+02	1.18123607e+02	9.42167530e+01	9.42167530e+01	9.18296194e+01	9.65048949e+01	2.38713366e+00	2.28814188e+00
5.15100000e+02	5.48608477e-03	5.16937537e-03	1.25914040e+02	1.18645075e+02	9.28732887e+01	9.28732887e+01	9.03868747e+01	9.52529887e+01	2.48641395e+00	2.37969999e+00
5.15200000e+02	5.52690569e-03	5.18933523e-03	1.26850943e+02	1.19103184e+02	9.16338584e+01	9.16338584e+01	8.90572409e+01	9.40967329e+01	2.57661753e+00	2.46287451e+00
5.15300000e+02	5.56418801e-03	5.20759954e-03	1.27706629e+02	1.19522378e+02	9.05054884e+01	9.05054884e+01	8.78466211e+01	9.30442047e+01	2.65886730e+00	2.53871624e+00
5.15400000e+02	5.58934812e-03	5.21890838e-03	1.28284092e+02	1.19781933e+02	8.96379149e+01	8.96379149e+01	8.69196007e+01	9.22314110e+01	2.71831425e+00	2.59349606e+00
5.15500000e+02	5.60130862e-03	5.22134633e-03	1.28558604e+02	1.19837888e+02	8.89189855e+01	8.89189855e+01	8.61610273e+01	9.15489170e+01	2.75795823e+00	2.62993145e+00
5.15600000e+02	5.59874507e-03	5.21421103e-03	1.28499766e+02	1.19674122e+02	8.83831999e+01	8.83831999e+01	8.56081151e+01	9.10287175e+01	2.77508479e+00	2.64551758e+00
5.15700000e+02	5.57915229e-03	5.19645506e-03	1.28050082e+02	1.19266595e+02	8.81251416e+01	8.81251416e+01	8.53616713e+01	9.07596635e+01	2.76347029e+00	2.63452199e+00
5.15800000e+02	5.53992588e-03	5.16693844e-03	1.27149776e+02	1.18589143e+02	8.82378103e+01	8.82378103e+01	8.55209677e+01	9.08289762e+01	2.71684253e+00	2.59116591e+00
5.15900000e+02	5.47836220e-03	5.12442859e-03	1.25736795e+02	1.17613477e+02	8.88126226e+01	8.88126226e+01	8.61837418e+01	9.13222468e+01	2.62888075e+00	2.50962423e+00
5.16000000e+02	5.41044497e-03	5.08018325e-03	1.24177991e+02	1.16597979e+02	8.97233916e+01	8.97233916e+01	8.72018254e+01	9.21336775e+01	2.52156621e+00	2.41028584e+00
5.16100000e+02	5.34103751e-03	5.04756872e-03	1.22584983e+02	1.15849426e+02	9.19688122e+01	9.19688122e+01	8.96057450e+01	9.42329962e+01	2.36306717e+00	2.26418403e+00
5.16200000e+02	5.27026217e-03	5.02496729e-03	1.20960581e+02	1.15330688e+02	9.53701590e+01	9.53701590e+01	9.32100047e+01	9.74476621e+01	2.16015429e+00	2.07750316e+00
5.16300000e+02	5.19830867e-03	5.01086374e-03	1.19309138e+02	1.15006990e+02	9.97539199e+01	9.97539199e+01	9.78344424e+01	1.01610239e+02	1.91947748e+00	1.85631866e+00
5.16400000e+02	5.12543404e-03	5.00384534e-03	1.17636554e+02	1.14845907e+02	1.04951796e+02	1.04951796e+02	1.03304230e+02	1.06558393e+02	1.64756587e+00	1.60659705e+00
5.16500000e+02	5.05270202e-03	5.00225333e-03	1.15967243e+02	1.14809368e+02	1.10704176e+02	1.10704176e+02	1.09348964e+02	1.12042391e+02	1.35521297e+00	1.33821449e+00
5.16600000e+02	4.98525434e-03	5.00095514e-03	1.14419215e+02	1.14779573e+02	1.16057204e+02	1.16057204e+02	1.14826069e+02	1.17296613e+02	1.23113475e+00	1.23940954e+00
5.16700000e+02	4.92686391e-03	4.99307647e-03	1.13079066e+02	1.14598745e+02	1.19986700e+02	1.19986700e+02	1.18489445e+02	1.21518852e+02	1.49725548e+00	1.53215150e+00
5.16800000e+02	4.87813255e-03	4.97886551e-03	1.11960606e+02	1.14272582e+02	1.22469587e+02	1.22469587e+02	1.20792487e+02	1.24199776e+02	1.67709994e+00	1.73018926e+00
5.16900000e+02	4.83979141e-03	4.95859063e-03	1.11080618e+02	1.13807242e+02	1.23474363e+02	1.23474363e+02	1.21706088e+02	1.25305249e+02	1.76827500e+00	1.83088578e+00
5.17000000e+02	4.81270095e-03	4.93254035e-03	1.10458851e+02	1.13209349e+02	1.22961114e+02	1.22961114e+02	1.21193300e+02	1.24792086e+02	1.76781322e+00	1.83097222e+00
5.17100000e+02	4.79332675e-03	4.90282254e-03	1.10014184e+02	1.12527279e+02	1.21437347e+02	1.21437347e+02	1.19731220e+02	1.23201181e+02	1.70612662e+00	1.76383422e+00
5.17200000e+02	4.76748251e-03	4.86670345e-03	1.09421019e+02	1.11698291e+02	1.19772257e+02	1.19772257e+02	1.18128921e+02	1.21467885e+02	1.64333553e+00	1.69562797e+00
5.17300000e+02	4.72820944e-03	4.82055282e-03	1.08519642e+02	1.10639063e+02	1.18153377e+02	1.18153377e+02	1.16557115e+02	1.19798307e+02	1.59626212e+00	1.64492988e+00
5.17400000e+02	4.67781533e-03	4.76810437e-03	1.07363020e+02	1.09435291e+02	1.16782436e+02	1.16782436e+02	1.15209109e+02	1.18403348e+02	1.57332700e+00	1.62091205e+00
5.17500000e+02	4.61852760e-03	4.71303978e-03	1.06002275e+02	1.08171475e+02	1.15862272e+02	1.15862272e+02	1.14279183e+02	1.17495172e+02	1.58308898e+00	1.63289976e+00
5.17600000e+02	4.55249331e-03	4.65898868e-03	1.04486687e+02	1.06930919e+02	1.15596832e+02	1.15596832e+02	1.13962587e+02	1.17287203e+02	1.63424513e+00	1.69037142e+00
5.17700000e+02	4.47989770e-03	4.60270339e-03	1.02820507e+02	1.05639086e+02	1.15632227e+02	1.15632227e+02	1.13924386e+02	1.17404790e+02	1.70784081e+00	1.77256313e+00
5.17800000e+02	4.40856833e-03	4.55481893e-03	1.01183389e+02	1.04540064e+02	1.16441002e+02	1.16441002e+02	1.14619794e+02	1.18339290e+02	1.82120867e+00	1.89828717e+00
5.17900000e+02	4.34102441e-03	4.51875891e-03	9.96331526e+01	1.03712431e+02	1.18175328e+02	1.18175328e+02	1.16195397e+02	1.20248932e+02	1.97993171e+00	2.07360317e+00
5.18000000e+02	4.27650663e-03	4.49246616e-03	9.81523709e+01	1.03108972e+02	1.20682378e+02	1.20682378e+02	1.18505725e+02	1.22972849e+02	2.17665351e+00	2.29047072e+00
5.18100000e+02	4.21423922e-03	4.47389920e-03	9.67232384e+01	1.02682832e+02	1.23812302e+02	1.23812302e+02	1.21408110e+02	1.26353343e+02	2.40419187e+00	2.54104054e+00
5.18200000e+02	4.15342992e-03	4.46103225e-03	9.53275720e+01	1.02387516e+02	1.27418228e+02	1.27418228e+02	1.24762689e+02	1.30235883e+02	2.65553875e+00	2.81765450e+00
5.18300000e+02	4.09768057e-03	4.45440514e-03	9.40480391e+01	1.02235414e+02	1.31263379e+02	1.31263379e+02	1.28348803e+02	1.34365960e+02	2.91457630e+00	3.10258096e+00
5.18400000e+02	4.05372976e-03	4.44953227e-03	9.30393009e+01	1.02123574e+02	1.34331451e+02	1.34331451e+02	1.31210713e+02	1.37660790e+02	3.12073856e+00	3.32933847e+00
5.18500000e+02	4.02062544e-03	4.44558882e-03	9.22795061e+01	1.02033066e+02	1.36613869e+02	1.36613869e+02	1.33339358e+02	1.40112349e+02	3.27451121e+00	3.49847979e+00
5.18600000e+02	3.99725875e-03	4.44188271e-03	9.17432047e+01	1.01948005e+02	1.38128660e+02	1.38128660e+02	1.34750714e+02	1.41740937e+02	3.37794601e+00	3.61227631e+00
5.18700000e+02	3.98259315e-03	4.43772869e-03	9.14066068e+01	1.01852664e+02	1.38888684e+02	1.38888684e+02	1.35455935e+02	1.42561303e+02	3.43274902e+00	3.67261924e+00
5.18800000e+02	3.97553250e-03	4.43289537e-03	9.12445539e+01	1.01741732e+02	1.38958999e+02	1.38958999e+02	1.35515545e+02	1.42643497e+02	3.44345411e+00	3.68449820e+00
5.18900000e+02	3.97129564e-03	4.43099006e-03	9.11473116e+01	1.01698002e+02	1.39104995e+02	1.39104995e+02	1.35649611e+02	1.42802652e+02	3.45538398e+00	3.69765686e+00
5.19000000e+02	3.95866632e-03	4.43283503e-03	9.08574493e+01	1.01740347e+02	1.40325165e+02	1.40325165e+02	1.36792582e+02	1.44107650e+02	3.53258330e+00	3.78248457e+00
5.19100000e+02	3.93940890e-03	4.43845583e-03	9.04154621e+01	1.01869353e+02	1.42478602e+02	1.42478602e+02	1.38812767e+02	1.46407449e+02	3.66583474e+00	3.92884758e+00
5.19200000e+02	3.91523703e-03	4.44792346e-03	8.98606809e+01	1.02086649e+02	1.45433266e+02	1.45433266e+02	1.41586824e+02	1.49560449e+02	3.84644151e+00	4.12718339e+00
5.19300000e+02	3.88781365e-03	4.46135438e-03	8.92312721e+01	1.02394910e+02	1.49065988e+02	1.49065988e+02	1.44999760e+02	1.53434489e+02	4.06622740e+00	4.36850074e+00
5.19400000e+02	3.85590104e-03	4.47573104e-03	8.84988289e+01	1.02724876e+02	1.53162680e+02	1.53162680e+02	1.48847620e+02	1.57804408e+02	4.31505902e+00	4.64172821e+00
5.19500000e+02	3.81545751e-03	4.48113509e-03	8.75705882e+01	1.02848907e+02	1.57017493e+02	1.57017493e+02	1.52458004e+02	1.61927813e+02	4.55948824e+00	4.91032049e+00
5.19600000e+02	3.76693197e-03	4.47230573e-03	8.64568528e+01	1.02646260e+02	1.60045067e+02	1.60045067e+02	1.55277045e+02	1.65184842e+02	4.76802178e+00	5.13977512e+00
5.19700000e+02	3.70993631e-03	4.44932368e-03	8.51487150e+01	1.02118787e+02	1.62285404e+02	1.62285404e+02	1.57342239e+02	1.67618249e+02	4.94316492e+00	5.33284447e+00
5.19800000e+02	3.64398213e-03	4.41218320e-03	8.36349658e+01	1.01266356e+02	1.63777648e+02	1.63777648e+02	1.58690171e+02	1.69269989e+02	5.08747641e+00	5.49234164e+00
5.19900000e+02	3.56848082e-03	4.36079212e-03	8.19020951e+01	1.00086852e+02	1.64560080e+02	1.64560080e+02	1.59356512e+02	1.70181221e+02	5.20356847e+00	5.62114053e+00
5.20000000e+02	3.49089137e-03	4.30170805e-03	8.01212985e+01	9.87307820e+01	1.64709860e+02	1.64709860e+02	1.59421695e+02	1.70425350e+02	5.28816502e+00	5.71548997e+00
5.20100000e+02	3.42453148e-03	4.24563742e-03	7.85982376e+01	9.74438752e+01	1.64260227e+02	1.64260227e+02	1.58930354e+02	1.70022847e+02	5.32987250e+00	5.76262020e+00
5.20200000e+02	3.37304928e-03	4.19578364e-03	7.74166423e+01	9.62996547e+01	1.63248517e+02	1.63248517e+02	1.57921450e+02	1.69009190e+02	5.32706737e+00	5.76067330e+00
5.20300000e+02	3.33630788e-03	4.15262291e-03	7.65733710e+01	9.53090499e+01	1.61735548e+02	1.61735548e+02	1.56452437e+02	1.67448881e+02	5.28311081e+00	5.71333355e+00
5.20400000e+02	3.31425191e-03	4.11668646e-03	7.60671526e+01	9.44842533e+01	1.59781247e+02	1.59781247e+02	1.54580011e+02	1.65405391e+02	5.20123634e+00	5.62414366e+00
5.20500000e+02	3.30690747e-03	4.08856058e-03	7.58985866e+01	9.38387215e+01	1.57444654e+02	1.57444654e+02	1.52360104e+02	1.62941159e+02	5.08454989e+00	5.49650475e+00
5.20600000e+02	3.31005618e-03	4.06787676e-03	7.59708543e+01	9.33639961e+01	1.55030590e+02	1.55030590e+02	1.50077202e+02	1.60383372e+02	4.95338770e+00	5.35278210e+00
5.20700000e+02	3.31357514e-03	4.05233073e-03	7.60516197e+01	9.30071909e+01	1.53122398e+02	1.53122398e+02	1.48273704e+02	1.58360437e+02	4.84869322e+00	5.23803979e+00
5.20800000e+02	3.31752286e-03	4.04268213e-03	7.61422259e+01	9.27857407e+01	1.51794566e+02	1.51794566e+02	1.47020206e+02	1.56951106e+02	4.77435976e+00	5.15654066e+00
5.20900000e+02	3.32306164e-03	4.04005893e-03	7.62693494e+01	9.27255343e+01	1.51070190e+02	1.51070190e+02	1.46339726e+02	1.56178534e+02	4.73046417e+00	5.10834346e+00
5.21000000e+02	3.33131783e-03	4.04561114e-03	7.64588416e+01	9.28529661e+01	1.50977589e+02	1.50977589e+02	1.46260193e+02	1.56071439e+02	4.71739585e+00	5.09385006e+00
5.21100000e+02	3.34322229e-03	4.05990862e-03	7.67320673e+01	9.31811151e+01	1.51500466e+02	1.51500466e+02	1.46767096e+02	1.56611553e+02	4.73337075e+00	5.11108615e+00
5.21200000e+02	3.35676466e-03	4.06928854e-03	7.70428852e+01	9.33963986e+01	1.51377037e+02	1.51377037e+02	1.46663592e+02	1.56466004e+02	4.71344489e+00	5.08896656e+00
5.21300000e+02	3.37737421e-03	4.07027511e-03	7.75159061e+01	9.34190419e+01	1.49802887e+02	1.49802887e+02	1.45193302e+02	1.54777652e+02	4.60958531e+00	4.97476507e+00
5.21400000e+02	3.40399961e-03	4.06167626e-03	7.81269996e+01	9.32216851e+01	1.46739206e+02	1.46739206e+02	1.42318434e+02	1.51506594e+02	4.42077196e+00	4.76738747e+00
5.21500000e+02	3.43557763e-03	4.04219756e-03	7.88517636e+01	9.27746192e+01	1.42137471e+02	1.42137471e+02	1.37991989e+02	1.46602659e+02	4.14548136e+00	4.46518843e+00
5.21600000e+02	3.47103323e-03	4.01044228e-03	7.96655239e+01	9.20457869e+01	1.35939447e+02	1.35939447e+02	1.32157760e+02	1.40005418e+02	3.78168658e+00	4.06597149e+00
5.21700000e+02	3.50805881e-03	3.96753822e-03	8.05153175e+01	9.10610731e+01	1.28450570e+02	1.28450570e+02	1.25102701e+02	1.32040599e+02	3.34786889e+00	3.59002845e+00
5.21800000e+02	3.54360994e-03	3.92401286e-03	8.13312704e+01	9.00620995e+01	1.21016857e+02	1.21016857e+02	1.18098423e+02	1.24135775e+02	2.91843391e+00	3.11891777e+00
5.21900000e+02	3.57821120e-03	3.88710797e-03	8.21254223e+01	8.92150758e+01	1.14351120e+02	1.14351120e+02	1.11820446e+02	1.17044592e+02	2.53067378e+00	2.69347173e+00
5.22000000e+02	3.60896143e-03	3.85431675e-03	8.28311870e+01	8.84624672e+01	1.08427915e+02	1.08427915e+02	1.06241810e+02	1.10743330e+02	2.18610501e+00	2.31541470e+00
5.22100000e+02	3.63295334e-03	3.82320532e-03	8.33818382e+01	8.77484121e+01	1.03229901e+02	1.03229901e+02	1.01343222e+02	1.05216850e+02	1.88667987e+00	1.98694843e+00
5.22200000e+02	3.64727358e-03	3.79141267e-03	8.37105095e+01	8.70187221e+01	9.87478396e+01	9.87478396e+01	9.71130532e+01	1.00458592e+02	1.63478644e+00	1.71075210e+00
5.22300000e+02	3.65834956e-03	3.76406672e-03	8.39647202e+01	8.63910909e+01	9.49936778e+01	9.49936778e+01	9.35689691e+01	9.64741027e+01	1.42470873e+00	1.48042488e+00
5.22400000e+02	3.66562032e-03	3.73510978e-03	8.41315954e+01	8.57264848e+01	9.13810928e+01	9.13810928e+01	9.01551928e+01	9.26436159e+01	1.22590005e+00	1.26252310e+00
5.22500000e+02	3.66568777e-03	3.69940843e-03	8.41331433e+01	8.49070841e+01	8.76510562e+01	8.76510562e+01	8.66230786e+01	8.86968055e+01	1.02797752e+00	1.04574933e+00
5.22600000e+02	3.66222320e-03	3.66207406e-03	8.40536263e+01	8.40502031e+01	8.40380666e+01	8.40380666e+01	8.31969104e+01	8.48791726e+01	8.41156213e-01	8.41105959e-01
5.22700000e+02	3.65889899e-03	3.62821557e-03	8.39773304e+01	8.32730992e+01	8.07762793e+01	8.07762793e+01	7.98175695e+01	8.17246504e+01	9.58709802e-01	9.48371149e-01
5.22800000e+02	3.65938852e-03	3.60293942e-03	8.39885659e+01	8.26929727e+01	7.80995057e+01	7.80995057e+01	7.70408447e+01	7.91391465e+01	1.05866109e+00	1.03964079e+00
5.22900000e+02	3.65854665e-03	3.57648874e-03	8.39692438e+01	8.20858892e+01	7.54085411e+01	7.54085411e+01	7.42508422e+01	7.65385909e+01	1.15769890e+00	1.13004981e+00
5.23000000e+02	3.66543298e-03	3.55507006e-03	8.41272955e+01	8.15942977e+01	7.26136692e+01	7.26136692e+01	7.13447112e+01	7.38454408e+01	1.26895797e+00	1.23177163e+00
5.23100000e+02	3.68138894e-03	3.53987580e-03	8.44935093e+01	8.12455661e+01	6.97301313e+01	6.97301313e+01	6.83368076e+01	7.10757726e+01	1.39332365e+00	1.34564136e+00
5.23200000e+02	3.70521596e-03	3.52971827e-03	8.50403759e+01	8.10124354e+01	6.67315554e+01	6.67315554e+01	6.52010768e+01	6.82029007e+01	1.53047860e+00	1.47134535e+00
5.23300000e+02	3.73573740e-03	3.52336090e-03	8.57408896e+01	8.08665240e+01	6.35846825e+01	6.35846825e+01	6.19042975e+01	6.51935081e+01	1.68038500e+00	1.60882558e+00
5.23400000e+02	3.77179854e-03	3.51951819e-03	8.65685478e+01	8.07783279e+01	6.02493664e+01	6.02493664e+01	5.84060819e+01	6.20076462e+01	1.84328457e+00	1.75827972e+00
5.23500000e+02	3.80490656e-03	3.52148638e-03	8.73284277e+01	8.08235008e+01	5.77605779e+01	5.77605779e+01	5.57890311e+01	5.96366275e+01	1.97154688e+00	1.87604958e+00
5.23600000e+02	3.83309237e-03	3.53743426e-03	8.79753351e+01	8.11895291e+01	5.71307623e+01	5.71307623e+01	5.51053255e+01	5.90565782e+01	2.02543675e+00	1.92581593e+00
5.23700000e+02	3.85363455e-03	3.56479174e-03	8.84468097e+01	8.18174251e+01	5.83132436e+01	5.83132436e+01	5.63095004e+01	6.02196625e+01	2.00374327e+00	1.90641884e+00
5.23800000e+02	3.86378708e-03	3.60104863e-03	8.86798256e+01	8.26495763e+01	6.12696015e+01	6.12696015e+01	5.93646793e+01	6.30859951e+01	1.90492227e+00	1.81639361e+00
5.23900000e+02	3.86077927e-03	3.64375467e-03	8.86107919e+01	8.36297453e+01	6.59696709e+01	6.59696709e+01	6.42425746e+01	6.76236416e+01	1.72709629e+00	1.65397072e+00
5.24000000e+02	3.84507369e-03	3.69030898e-03	8.82503248e+01	8.46982378e+01	7.21044749e+01	7.21044749e+01	7.06222330e+01	7.35345694e+01	1.48224191e+00	1.43009456e+00
5.24100000e+02	3.82563984e-03	3.73383698e-03	8.78042880e+01	8.56972721e+01	7.82269427e+01	7.82269427e+01	7.69931310e+01	7.94298219e+01	1.23381174e+00	1.20287913e+00
5.24200000e+02	3.79875128e-03	3.76408791e-03	8.71871546e+01	8.63915771e+01	8.35708934e+01	8.35708934e+01	8.25646619e+01	8.45654453e+01	1.00623152e+00	9.94551832e-01
5.24300000e+02	3.76595770e-03	3.78116000e-03	8.64344916e+01	8.67834077e+01	8.80204738e+01	8.80204738e+01	8.70719589e+01	8.89770008e+01	9.48514906e-01	9.56526980e-01
5.24400000e+02	3.72884564e-03	3.78510023e-03	8.55827132e+01	8.68738420e+01	9.14514801e+01	9.14514801e+01	9.02843076e+01	9.26483005e+01	1.16717254e+00	1.19682041e+00
5.24500000e+02	3.68903859e-03	3.77590431e-03	8.46690805e+01	8.66627816e+01	9.37313582e+01	9.37313582e+01	9.24039260e+01	9.51045712e+01	1.32743221e+00	1.37321307e+00
5.24600000e+02	3.64764112e-03	3.75761146e-03	8.37189452e+01	8.62429328e+01	9.51916159e+01	9.51916159e+01	9.37458287e+01	9.66953607e+01	1.44578716e+00	1.50374486e+00
5.24700000e+02	3.60606106e-03	3.73755116e-03	8.27646192e+01	8.57825181e+01	9.64823416e+01	9.64823416e+01	9.49270118e+01	9.81069708e+01	1.55532985e+00	1.62462911e+00
5.24800000e+02	3.56616262e-03	3.71820551e-03	8.18488890e+01	8.53385059e+01	9.77107839e+01	9.77107839e+01	9.60508764e+01	9.94508225e+01	1.65990748e+00	1.74003868e+00
5.24900000e+02	3.52925300e-03	3.70074307e-03	8.10017567e+01	8.49377160e+01	9.88924809e+01	9.88924809e+01	9.71334281e+01	1.00741914e+02	1.75905287e+00	1.84943332e+00
5.25000000e+02	3.49667608e-03	3.68636771e-03	8.02540664e+01	8.46077797e+01	1.00043672e+02	1.00043672e+02	9.81913724e+01	1.01995945e+02	1.85229978e+00	1.95227301e+00
5.25100000e+02	3.46981242e-03	3.67631868e-03	7.96375045e+01	8.43771390e+01	1.01181298e+02	1.01181298e+02	9.92421147e+01	1.03229316e+02	1.93918289e+00	2.04801794e+00
5.25200000e+02	3.44222912e-03	3.66622161e-03	7.90044254e+01	8.41453957e+01	1.02372472e+02	1.02372472e+02	1.00342855e+02	1.04520140e+02	2.02961741e+00	2.14766824e+00
5.25300000e+02	3.41067584e-03	3.65644057e-03	7.82802294e+01	8.39209059e+01	1.03919668e+02	1.03919668e+02	1.01776809e+02	1.06192052e+02	2.14285871e+00	2.27238417e+00
5.25400000e+02	3.37448482e-03	3.64702974e-03	7.74495900e+01	8.37049132e+01	1.05882877e+02	1.05882877e+02	1.03600128e+02	1.08309265e+02	2.28274867e+00	2.42638811e+00
5.25500000e+02	3.33271329e-03	3.63694432e-03	7.64908695e+01	8.34734373e+01	1.08229814e+02	1.08229814e+02	1.05781308e+02	1.10838659e+02	2.44850614e+00	2.60884511e+00
5.25600000e+02	3.28438020e-03	3.62514816e-03	7.53815513e+01	8.32026974e+01	1.10932215e+02	1.10932215e+02	1.08292614e+02	1.13751411e+02	2.63960108e+00	2.81919611e+00
5.25700000e+02	3.22846623e-03	3.61061380e-03	7.40982400e+01	8.28691114e+01	1.13965837e+02	1.13965837e+02	1.11110083e+02	1.17022995e+02	2.85575453e+00	3.05715787e+00
5.25800000e+02	3.17417095e-03	3.59543899e-03	7.28520803e+01	8.25208263e+01	1.16800926e+02	1.16800926e+02	1.13741148e+02	1.20082725e+02	3.05977788e+00	3.28179889e+00
5.25900000e+02	3.12084675e-03	3.57529377e-03	7.16282082e+01	8.20584627e+01	1.19038456e+02	1.19038456e+02	1.15807311e+02	1.22509108e+02	3.23114501e+00	3.47065235e+00
5.26000000e+02	3.07005521e-03	3.55068089e-03	7.04624648e+01	8.14935594e+01	1.20603804e+02	1.20603804e+02	1.17239449e+02	1.24221463e+02	3.36435490e+00	3.61765919e+00
5.26100000e+02	3.02340889e-03	3.52215168e-03	6.93918602e+01	8.08387704e+01	1.21423270e+02	1.21423270e+02	1.17969365e+02	1.25140028e+02	3.45390516e+00	3.71675772e+00
5.26200000e+02	2.98253940e-03	3.49025390e-03	6.84538429e+01	8.01066676e+01	1.21421228e+02	1.21421228e+02	1.17927055e+02	1.25182981e+02	3.49417231e+00	3.76175323e+00
5.26300000e+02	2.94813088e-03	3.45588826e-03	6.76641147e+01	7.93179235e+01	1.20635973e+02	1.20635973e+02	1.17149461e+02	1.24390088e+02	3.48651193e+00	3.75411544e+00
5.26400000e+02	2.91566274e-03	3.42177445e-03	6.69189212e+01	7.85349594e+01	1.19719095e+02	1.19719095e+02	1.16249142e+02	1.23455784e+02	3.46995279e+00	3.73668899e+00
5.26500000e+02	2.88687622e-03	3.38810286e-03	6.62582266e+01	7.77621450e+01	1.18548765e+02	1.18548765e+02	1.15112453e+02	1.22249239e+02	3.43631244e+00	3.70047407e+00
5.26600000e+02	2.86163328e-03	3.35618144e-03	6.56788624e+01	7.70294994e+01	1.17272667e+02	1.17272667e+02	1.13879106e+02	1.20926870e+02	3.39356099e+00	3.65420285e+00
5.26700000e+02	2.83977992e-03	3.32732361e-03	6.51772945e+01	7.63671681e+01	1.16040356e+02	1.16040356e+02	1.12690573e+02	1.19647090e+02	3.34978358e+00	3.60673387e+00
5.26800000e+02	2.82114620e-03	3.30284830e-03	6.47496221e+01	7.58054224e+01	1.15003260e+02	1.15003260e+02	1.11690080e+02	1.18570312e+02	3.31318039e+00	3.56705198e+00
5.26900000e+02	2.80362267e-03	3.27855539e-03	6.43474304e+01	7.52478630e+01	1.13894851e+02	1.13894851e+02	1.10623154e+02	1.17416853e+02	3.27169773e+00	3.52200166e+00
5.27000000e+02	2.78542876e-03	3.24605712e-03	6.39298522e+01	7.45019779e+01	1.11984969e+02	1.11984969e+02	1.08796605e+02	1.15416098e+02	3.18836401e+00	3.43112911e+00
5.27100000e+02	2.76746523e-03	3.20489650e-03	6.35175617e+01	7.35572786e+01	1.09152638e+02	1.09152638e+02	1.06096766e+02	1.12439050e+02	3.05587240e+00	3.28641193e+00
5.27200000e+02	2.74748168e-03	3.15292598e-03	6.30589087e+01	7.23644758e+01	1.05356941e+02	1.05356941e+02	1.02482665e+02	1.08444898e+02	2.87427561e+00	3.08795703e+00
5.27300000e+02	2.72321504e-03	3.08791714e-03	6.25019520e+01	7.08724233e+01	1.00549548e+02	1.00549548e+02	9.79063027e+01	1.03385003e+02	2.64324582e+00	2.83545488e+00
5.27400000e+02	2.69238954e-03	3.00756059e-03	6.17944597e+01	6.90281176e+01	9.46747227e+01	9.46747227e+01	9.23126480e+01	9.72029021e+01	2.36207473e+00	2.52817942e+00
5.27500000e+02	2.66331931e-03	2.92483700e-03	6.11272535e+01	6.71294845e+01	8.84101219e+01	8.84101219e+01	8.63516276e+01	9.06064441e+01	2.05849439e+00	2.19632213e+00
5.27600000e+02	2.63994918e-03	2.85333087e-03	6.05908732e+01	6.54883096e+01	8.28519477e+01	8.28519477e+01	8.10651932e+01	8.47511608e+01	1.78675449e+00	1.89921311e+00
5.27700000e+02	2.62264062e-03	2.79605531e-03	6.01936153e+01	6.41737478e+01	7.82851266e+01	7.82851266e+01	7.67235151e+01	7.99381330e+01	1.56161159e+00	1.65300639e+00
5.27800000e+02	2.61335460e-03	2.75453873e-03	5.99804869e+01	6.32208787e+01	7.47095404e+01	7.47095404e+01	7.33284182e+01	7.61650708e+01	1.38112213e+00	1.45553044e+00
5.27900000e+02	2.61412856e-03	2.73044415e-03	5.99982504e+01	6.26678713e+01	7.21328907e+01	7.21328907e+01	7.08892088e+01	7.34378743e+01	1.24368183e+00	1.30498368e+00
5.28000000e+02	2.62707642e-03	2.72556923e-03	6.02954236e+01	6.25559843e+01	7.05706997e+01	7.05706997e+01	6.94226740e+01	7.17706340e+01	1.14802568e+00	1.19993438e+00
5.28100000e+02	2.64188023e-03	2.73046454e-03	6.06351938e+01	6.26683393e+01	6.98767641e+01	6.98767641e+01	6.87801724e+01	7.10200424e+01	1.09659171e+00	1.14327832e+00
5.28200000e+02	2.65213753e-03	2.73653428e-03	6.08706145e+01	6.28076489e+01	6.96753166e+01	6.96753166e+01	6.85995438e+01	7.07955691e+01	1.07577282e+00	1.12025246e+00
5.28300000e+02	2.65781791e-03	2.74418912e-03	6.10009879e+01	6.29833394e+01	7.00116764e+01	7.00116764e+01	6.89236735e+01	7.11451996e+01	1.08800295e+00	1.13352319e+00
5.28400000e+02	2.65917471e-03	2.75439170e-03	6.10321285e+01	6.32175041e+01	7.09656538e+01	7.09656538e+01	6.98283885e+01	7.21531014e+01	1.13726529e+00	1.18744752e+00
5.28500000e+02	2.65639776e-03	2.76808649e-03	6.09683933e+01	6.35318206e+01	7.26203359e+01	7.26203359e+01	7.13925563e+01	7.39069788e+01	1.22777955e+00	1.28664290e+00
5.28600000e+02	2.64955493e-03	2.78551720e-03	6.08113399e+01	6.39318821e+01	7.49956225e+01	7.49956225e+01	7.36350882e+01	7.64278130e+01	1.36053427e+00	1.43219051e+00
5.28700000e+02	2.63764751e-03	2.79699611e-03	6.05380465e+01	6.41953405e+01	7.71621100e+01	7.71621100e+01	7.56748932e+01	7.87333084e+01	1.48721684e+00	1.57119837e+00
5.28800000e+02	2.61981450e-03	2.80244013e-03	6.01287514e+01	6.43202891e+01	7.91811953e+01	7.91811953e+01	7.75692607e+01	8.08893791e+01	1.61193458e+00	1.70818382e+00
5.28900000e+02	2.59597840e-03	2.80023780e-03	5.95816765e+01	6.42697424e+01	8.08910669e+01	8.08910669e+01	7.91648859e+01	8.27248987e+01	1.72618093e+00	1.83383182e+00
5.29000000e+02	2.56598428e-03	2.78869205e-03	5.88932655e+01	6.40047496e+01	8.21272842e+01	8.21272842e+01	8.03058978e+01	8.40660443e+01	1.82138638e+00	1.93876012e+00
5.29100000e+02	2.52959971e-03	2.76602014e-03	5.80581840e+01	6.34843946e+01	8.27227774e+01	8.27227774e+01	8.08338589e+01	8.47362966e+01	1.88891849e+00	2.01351921e+00
5.29200000e+02	2.48876018e-03	2.73481099e-03	5.71208544e+01	6.27680968e+01	8.27901382e+01	8.27901382e+01	8.08573007e+01	8.48526519e+01	1.93283748e+00	2.06251371e+00
5.29300000e+02	2.45029601e-03	2.70412677e-03	5.62380427e+01	6.20638472e+01	8.27189723e+01	8.27189723e+01	8.07519105e+01	8.48198106e+01	1.96706182e+00	2.10083833e+00
5.29400000e+02	2.41726270e-03	2.67442635e-03	5.54798778e+01	6.13821770e+01	8.23085108e+01	8.23085108e+01	8.03305874e+01	8.44219672e+01	1.97792336e+00	2.11345639e+00
5.29500000e+02	2.38975052e-03	2.64658100e-03	5.48484311e+01	6.07430837e+01	8.16423066e+01	8.16423066e+01	7.96725417e+01	8.37474289e+01	1.96976490e+00	2.10512235e+00
5.29600000e+02	2.36785862e-03	2.62147565e-03	5.43459786e+01	6.01668774e+01	8.08046097e+01	8.08046097e+01	7.88576523e+01	8.28852310e+01	1.94695744e+00	2.08062129e+00
5.29700000e+02	2.35169507e-03	2.60000883e-03	5.39750004e+01	5.96741811e+01	7.98803673e+01	7.98803673e+01	7.79664671e+01	8.19251363e+01	1.91390014e+00	2.04476902e+00
5.29800000e+02	2.34070733e-03	2.58157162e-03	5.37228148e+01	5.92510190e+01	7.88510157e+01	7.88510157e+01	7.69808615e+01	8.08481127e+01	1.87015421e+00	1.99709699e+00
5.29900000e+02	2.33923804e-03	2.56794657e-03	5.36890924e+01	5.89383030e+01	7.75491408e+01	7.75491408e+01	7.57465916e+01	7.94722262e+01	1.80254914e+00	1.92308546e+00
5.30000000e+02	2.34917973e-03	2.56053727e-03	5.39172694e+01	5.87682484e+01	7.59671740e+01	7.59671740e+01	7.42583602e+01	7.77873797e+01	1.70881384e+00	1.82020567e+00
5.30100000e+02	2.36881250e-03	2.55891999e-03	5.43678716e+01	5.87311293e+01	7.42008614e+01	7.42008614e+01	7.26051352e+01	7.58967799e+01	1.59572615e+00	1.69591855e+00
5.30200000e+02	2.39648422e-03	2.56269866e-03	5.50029799e+01	5.88178555e+01	7.23433235e+01	7.23433235e+01	7.08734658e+01	7.39007813e+01	1.46985773e+00	1.55745777e+00
5.30300000e+02	2.43061051e-03	2.57150490e-03	5.57862305e+01	5.90199721e+01	7.04850563e+01	7.04850563e+01	6.91474822e+01	7.18968860e+01	1.33757408e+00	1.41182968e+00
5.30400000e+02	2.46892521e-03	2.58149040e-03	5.66656115e+01	5.92491548e+01	6.84089901e+01	6.84089901e+01	6.72193903e+01	6.96579150e+01	1.18959971e+00	1.24892497e+00
5.30500000e+02	2.50140839e-03	2.59016169e-03	5.74111502e+01	5.94481741e+01	6.66703497e+01	6.66703497e+01	6.56050650e+01	6.77824102e+01	1.06528479e+00	1.11206046e+00
5.30600000e+02	2.52686431e-03	2.59637352e-03	5.79954024e+01	5.95907452e+01	6.52469604e+01	6.52469604e+01	6.42823260e+01	6.62482282e+01	9.64634349e-01	1.00126781e+00
5.30700000e+02	2.54570051e-03	2.59905576e-03	5.84277220e+01	5.96523067e+01	6.39940160e+01	6.39940160e+01	6.31144513e+01	6.49017005e+01	8.79564688e-01	9.07684521e-01
5.30800000e+02	2.55830437e-03	2.59712952e-03	5.87169999e+01	5.96080965e+01	6.27674390e+01	6.27674390e+01	6.19653883e+01	6.35899517e+01	8.02050675e-01	8.22512705e-01
5.30900000e+02	2.56504308e-03	2.58950715e-03	5.88716637e+01	5.94331514e+01	6.14238806e+01	6.14238806e+01	6.06997549e+01	6.21608997e+01	7.24125759e-01	7.37019062e-01
5.31000000e+02	2.56955732e-03	2.58002656e-03	5.89752723e+01	5.92155573e+01	6.00674770e+01	6.00674770e+01	5.94197599e+01	6.07207116e+01	6.47717070e-01	6.53234676e-01
5.31100000e+02	2.57418558e-03	2.56632247e-03	5.90814978e+01	5.89010275e+01	5.82611780e+01	5.82611780e+01	5.76398649e+01	5.88798417e+01	6.21313113e-01	6.18663670e-01
5.31200000e+02	2.57952118e-03	2.54881123e-03	5.92039581e+01	5.84991177e+01	5.60001379e+01	5.60001379e+01	5.52890714e+01	5.67008569e+01	7.11066543e-01	7.00718946e-01
5.31300000e+02	2.58617286e-03	2.52791523e-03	5.93566243e+01	5.80195225e+01	5.32788891e+01	5.32788891e+01	5.24595519e+01	5.40785966e+01	8.19337188e-01	7.99707513e-01
5.31400000e+02	2.59476473e-03	2.50406292e-03	5.95538208e+01	5.74720755e+01	5.00913422e+01	5.00913422e+01	4.91443156e+01	5.10078071e+01	9.47026523e-01	9.16464911e-01
5.31500000e+02	2.60537974e-03	2.47802097e-03	5.97974516e+01	5.68743730e+01	4.65107307e+01	4.65107307e+01	4.54192265e+01	4.75593219e+01	1.09150423e+00	1.04859120e+00
5.31600000e+02	2.61682161e-03	2.45016569e-03	6.00600600e+01	5.62350517e+01	4.26736585e+01	4.26736585e+01	4.14272564e+01	4.38639066e+01	1.24640215e+00	1.19024811e+00
5.31700000e+02	2.62952944e-03	2.41884099e-03	6.03517242e+01	5.55161019e+01	3.83716228e+01	3.83716228e+01	3.69516831e+01	3.97205718e+01	1.41993967e+00	1.34894904e+00
5.31800000e+02	2.64364601e-03	2.38557473e-03	6.06757210e+01	5.47525903e+01	3.37523995e+01	3.37523995e+01	3.21456169e+01	3.52722259e+01	1.60678253e+00	1.51982645e+00
5.31900000e+02	2.65931564e-03	2.35187802e-03	6.10353630e+01	5.39791993e+01	2.89618914e+01	2.89618914e+01	2.71602237e+01	3.06599692e+01	1.80166772e+00	1.69807785e+00
5.32000000e+02	2.67668421e-03	2.31924523e-03	6.14339984e+01	5.32302268e+01	2.41441278e+01	2.41441278e+01	2.21447243e+01	2.60230937e+01	1.99940350e+00	1.87896587e+00
5.32100000e+02	2.69322562e-03	2.28778281e-03	6.18136490e+01	5.25081161e+01	1.95157720e+01	1.95157720e+01	1.73265627e+01	2.15683689e+01	2.18920925e+00	2.05259691e+00
5.32200000e+02	2.70476154e-03	2.25810936e-03	6.20784161e+01	5.18270650e+01	1.54813659e+01	1.54813659e+01	1.31298275e+01	1.76824066e+01	2.35153837e+00	2.20104070e+00
5.32300000e+02	2.70994698e-03	2.23169710e-03	6.21974299e+01	5.12208633e+01	1.23039455e+01	1.23039455e+01	9.82877968e+00	1.46179669e+01	2.47516583e+00	2.31402144e+00
5.32400000e+02	2.70805061e-03	2.20901974e-03	6.21539052e+01	5.07003832e+01	1.00924415e+01	1.00924415e+01	7.53718716e+00	1.24795494e+01	2.55525437e+00	2.38710791e+00
5.32500000e+02	2.69829148e-03	2.19052890e-03	6.19299182e+01	5.02759902e+01	8.95751828e+00	8.95751828e+00	6.37066960e+00	1.13732784e+01	2.58684868e+00	2.41576011e+00
5.32600000e+02	2.67983905e-03	2.17665416e-03	6.15064068e+01	4.99575435e+01	9.01157363e+00	9.01157363e+00	6.44669822e+00	1.14069029e+01	2.56487541e+00	2.39532927e+00
5.32700000e+02	2.65520313e-03	2.16419877e-03	6.09409748e+01	4.96716733e+01	9.71687725e+00	9.71687725e+00	7.20485453e+00	1.20634580e+01	2.51202272e+00	2.34658077e+00
5.32800000e+02	2.62618749e-03	2.15503115e-03	6.02750215e+01	4.94612625e+01	1.11215716e+01	1.11215716e+01	8.69311742e+00	1.33912715e+01	2.42845417e+00	2.26969993e+00
5.32900000e+02	2.59277980e-03	2.14873888e-03	5.95082637e+01	4.93168451e+01	1.31836337e+01	1.31836337e+01	1.08679164e+01	1.53497331e+01	2.31571724e+00	2.16609943e+00
5.33000000e+02	2.55477023e-03	2.14367215e-03	5.86358859e+01	4.92005560e+01	1.57480227e+01	1.57480227e+01	1.35686792e+01	1.77888483e+01	2.17934349e+00	2.04082564e+00
5.33100000e+02	2.51193997e-03	2.13816319e-03	5.76528660e+01	4.90741170e+01	1.86585522e+01	1.86585522e+01	1.66336550e+01	2.05575069e+01	2.02489729e+00	1.89895470e+00
5.33200000e+02	2.46406123e-03	2.13052623e-03	5.65539756e+01	4.88988369e+01	2.17578905e+01	2.17578905e+01	1.98999147e+01	2.35034831e+01	1.85797583e+00	1.74559254e+00
5.33300000e+02	2.41563480e-03	2.12671972e-03	5.54425150e+01	4.88114717e+01	2.53014092e+01	2.53014092e+01	2.36274454e+01	2.68780243e+01	1.67396387e+00	1.57661509e+00
5.33400000e+02	2.37369132e-03	2.13133214e-03	5.44798479e+01	4.89173339e+01	2.91956935e+01	2.91956935e+01	2.77117553e+01	3.05979697e+01	1.48393821e+00	1.40227625e+00
5.33500000e+02	2.33763092e-03	2.14325937e-03	5.36522066e+01	4.91910821e+01	3.33743681e+01	3.33743681e+01	3.20846530e+01	3.45985905e+01	1.28971513e+00	1.22422241e+00
5.33600000e+02	2.30693235e-03	2.16147399e-03	5.29476274e+01	4.96091355e+01	3.77726643e+01	3.77726643e+01	3.66795280e+01	3.88167889e+01	1.09313629e+00	1.04412468e+00
5.33700000e+02	2.28115295e-03	2.18502529e-03	5.23559508e+01	5.01496739e+01	4.23274194e+01	4.23274194e+01	4.14313506e+01	4.31910983e+01	8.96068744e-01	8.63678913e-01
5.33800000e+02	2.26009269e-03	2.21276446e-03	5.18725854e+01	5.07863303e+01	4.69350622e+01	4.69350622e+01	4.62329192e+01	4.76212580e+01	7.02142927e-01	6.86195872e-01
5.33900000e+02	2.24246424e-03	2.23992887e-03	5.14679855e+01	5.14097950e+01	5.12034833e+01	5.12034833e+01	5.06789535e+01	5.17271589e+01	5.24529818e-01	5.23675538e-01
5.34000000e+02	2.22325768e-03	2.25895804e-03	5.10271656e+01	5.18465436e+01	5.47516111e+01	5.47516111e+01	5.40437546e+01	5.54782828e+01	7.07856495e-01	7.26671669e-01
5.34100000e+02	2.20404384e-03	2.27083564e-03	5.05861787e+01	5.21191526e+01	5.75542416e+01	5.75542416e+01	5.66787409e+01	5.84649436e+01	8.75500709e-01	9.10702006e-01
5.34200000e+02	2.18641741e-03	2.27652917e-03	5.01816250e+01	5.22498280e+01	5.95825475e+01	5.95825475e+01	5.85820440e+01	6.06305425e+01	1.00050346e+00	1.04799509e+00
5.34300000e+02	2.17199690e-03	2.27699005e-03	4.98506524e+01	5.22604059e+01	6.08040776e+01	6.08040776e+01	5.97245331e+01	6.19389566e+01	1.07954446e+00	1.13487903e+00
5.34400000e+02	2.16052319e-03	2.27340852e-03	4.95873130e+01	5.21782042e+01	6.13640911e+01	6.13640911e+01	6.02435063e+01	6.25441699e+01	1.12058483e+00	1.18007882e+00
5.34500000e+02	2.14931212e-03	2.26722693e-03	4.93300020e+01	5.20363272e+01	6.16314804e+01	6.16314804e+01	6.04856366e+01	6.28394688e+01	1.14584377e+00	1.20798844e+00
5.34600000e+02	2.13828508e-03	2.25953541e-03	4.90769145e+01	5.18597950e+01	6.17263713e+01	6.17263713e+01	6.05646003e+01	6.29520448e+01	1.16177092e+00	1.22567351e+00
5.34700000e+02	2.12863242e-03	2.25131608e-03	4.88553712e+01	5.16711489e+01	6.16543610e+01	6.16543610e+01	6.04868738e+01	6.28865062e+01	1.16748720e+00	1.23214521e+00
5.34800000e+02	2.12151651e-03	2.24354087e-03	4.86920501e+01	5.14926959e+01	6.14222583e+01	6.14222583e+01	6.02600529e+01	6.26487743e+01	1.16220546e+00	1.22651600e+00
5.34900000e+02	2.11807172e-03	2.23717146e-03	4.86129869e+01	5.13465082e+01	6.10380836e+01	6.10380836e+01	5.98928531e+01	6.22460832e+01	1.14523046e+00	1.20799963e+00
5.35000000e+02	2.11339996e-03	2.23013265e-03	4.85057629e+01	5.11849567e+01	6.06839167e+01	6.06839167e+01	5.95528574e+01	6.18764977e+01	1.13105935e+00	1.19258101e+00
5.35100000e+02	2.10643313e-03	2.22341872e-03	4.83458635e+01	5.10308618e+01	6.05504016e+01	6.05504016e+01	5.94195418e+01	6.17429163e+01	1.13085980e+00	1.19251475e+00
5.35200000e+02	2.09686389e-03	2.21748125e-03	4.81262348e+01	5.08945877e+01	6.07096571e+01	6.07096571e+01	5.95608962e+01	6.19219870e+01	1.14876092e+00	1.21232992e+00
5.35300000e+02	2.08306855e-03	2.21158845e-03	4.78096106e+01	5.07593389e+01	6.12174667e+01	6.12174667e+01	6.00281410e+01	6.24745263e+01	1.18932575e+00	1.25705963e+00
5.35400000e+02	2.06335896e-03	2.20499335e-03	4.73572455e+01	5.06079714e+01	6.21332724e+01	6.21332724e+01	6.08758974e+01	6.34652931e+01	1.25737507e+00	1.33202068e+00
5.35500000e+02	2.03598259e-03	2.19693382e-03	4.67289158e+01	5.04229928e+01	6.35201751e+01	6.35201751e+01	6.21621878e+01	6.49629887e+01	1.35798736e+00	1.44281353e+00
5.35600000e+02	2.00909511e-03	2.18714757e-03	4.61118071e+01	5.01983833e+01	6.46871535e+01	6.46871535e+01	6.32407026e+01	6.62274436e+01	1.44645100e+00	1.54029003e+00
5.35700000e+02	1.98391739e-03	2.17471110e-03	4.55339397e+01	4.99129474e+01	6.54385199e+01	6.54385199e+01	6.39273400e+01	6.70502538e+01	1.51117985e+00	1.61173391e+00
5.35800000e+02	1.96077800e-03	2.15897954e-03	4.50028554e+01	4.95518839e+01	6.56802578e+01	6.56802578e+01	6.41333955e+01	6.73315783e+01	1.54686229e+00	1.65132051e+00
5.35900000e+02	1.94004242e-03	2.13931408e-03	4.45269422e+01	4.91005317e+01	6.53159855e+01	6.53159855e+01	6.37679607e+01	6.69690325e+01	1.54802480e+00	1.65304700e+00
5.36000000e+02	1.92208945e-03	2.11506218e-03	4.41148940e+01	4.85439135e+01	6.42468006e+01	6.42468006e+01	6.27377536e+01	6.58575501e+01	1.50904698e+00	1.61074945e+00
5.36100000e+02	1.90713965e-03	2.08583624e-03	4.37717733e+01	4.78731334e+01	6.24143190e+01	6.24143190e+01	6.09877050e+01	6.39351116e+01	1.42661401e+00	1.52079252e+00
5.36200000e+02	1.89502862e-03	2.05420746e-03	4.34938066e+01	4.71472044e+01	6.01001603e+01	6.01001603e+01	5.87843338e+01	6.14998789e+01	1.31582652e+00	1.39971859e+00
5.36300000e+02	1.89067191e-03	2.02160343e-03	4.33938135e+01	4.63988920e+01	5.70532613e+01	5.70532613e+01	5.58947503e+01	5.82807772e+01	1.15851099e+00	1.22751586e+00
5.36400000e+02	1.89283251e-03	1.98749882e-03	4.34434023e+01	4.56161390e+01	5.33194783e+01	5.33194783e+01	5.23611564e+01	5.43276922e+01	9.58321892e-01	1.00821391e+00
5.36500000e+02	1.90032691e-03	1.95139324e-03	4.36154103e+01	4.47874608e+01	4.89429125e+01	4.89429125e+01	4.82241448e+01	4.96885937e+01	7.18767704e-01	7.45681207e-01
5.36600000e+02	1.91202518e-03	1.91281124e-03	4.38839035e+01	4.39019448e+01	4.39659093e+01	4.39659093e+01	4.35226984e+01	4.44095345e+01	4.43210893e-01	4.43625171e-01
5.36700000e+02	1.92671072e-03	1.87280849e-03	4.42209592e+01	4.29838205e+01	3.85976014e+01	3.85976014e+01	3.79465050e+01	3.92305356e+01	6.51096336e-01	6.32934194e-01
5.36800000e+02	1.94161902e-03	1.83342740e-03	4.45631275e+01	4.20799642e+01	3.32760213e+01	3.32760213e+01	3.24111382e+01	3.41044495e+01	8.64883021e-01	8.28428285e-01
5.36900000e+02	1.95403608e-03	1.79396321e-03	4.48481180e+01	4.11742007e+01	2.81484939e+01	2.81484939e+01	2.70797273e+01	2.91633246e+01	1.06876661e+00	1.01483069e+00
5.37000000e+02	1.96365217e-03	1.75544848e-03	4.50688220e+01	4.02902287e+01	2.33479434e+01	2.33479434e+01	2.20904685e+01	2.45352649e+01	1.25747487e+00	1.18732147e+00
5.37100000e+02	1.97017935e-03	1.71895310e-03	4.52186307e+01	3.94526039e+01	1.90094180e+01	1.90094180e+01	1.75837377e+01	2.03504485e+01	1.42568023e+00	1.34103055e+00
5.37200000e+02	1.97335143e-03	1.68558431e-03	4.52914349e+01	3.86867391e+01	1.52700903e+01	1.52700903e+01	1.37020906e+01	1.67411281e+01	1.56799978e+00	1.47103780e+00
5.37300000e+02	1.97376815e-03	1.65524394e-03	4.53009992e+01	3.79903811e+01	1.20709171e+01	1.20709171e+01	1.03836417e+01	1.36508671e+01	1.68727543e+00	1.57994997e+00
5.37400000e+02	1.96772589e-03	1.62515644e-03	4.51623200e+01	3.72998270e+01	9.42371561e+00	9.42371561e+00	7.64465467e+00	1.10873491e+01	1.77906094e+00	1.66363353e+00
5.37500000e+02	1.95388909e-03	1.59521330e-03	4.48447445e+01	3.66125861e+01	7.42584290e+00	7.42584290e+00	5.58754771e+00	9.14328370e+00	1.83829518e+00	1.71744081e+00
5.37600000e+02	1.93371607e-03	1.56709428e-03	4.43817428e+01	3.59672116e+01	6.13387360e+00	6.13387360e+00	4.26941887e+00	7.87479657e+00	1.86445473e+00	1.74092298e+00
5.37700000e+02	1.90864117e-03	1.54246499e-03	4.38062355e+01	3.54019318e+01	5.60485528e+00	5.60485528e+00	3.74788262e+00	7.33844633e+00	1.85697265e+00	1.73359105e+00
5.37800000e+02	1.88007478e-03	1.52297691e-03	4.31505931e+01	3.49546505e+01	5.89630848e+00	5.89630848e+00	4.08106992e+00	7.59122435e+00	1.81523856e+00	1.69491586e+00
5.37900000e+02	1.84869427e-03	1.50568021e-03	4.24303622e+01	3.45576648e+01	6.64537400e+00	6.64537400e+00	4.89191120e+00	8.28325958e+00	1.75346280e+00	1.63788558e+00
5.38000000e+02	1.81844657e-03	1.49358379e-03	4.17361312e+01	3.42800334e+01	7.84477766e+00	7.84477766e+00	6.16859153e+00	9.41150258e+00	1.67618613e+00	1.56672492e+00
5.38100000e+02	1.79025295e-03	1.48689660e-03	4.10890445e+01	3.41265521e+01	9.44135201e+00	9.44135201e+00	7.85497187e+00	1.09255174e+01	1.58638013e+00	1.48416542e+00
5.38200000e+02	1.76459539e-03	1.48528631e-03	4.05001644e+01	3.40895936e+01	1.13612060e+01	1.13612060e+01	9.87389520e+00	1.27544047e+01	1.48731080e+00	1.39319872e+00
5.38300000e+02	1.74195342e-03	1.48839888e-03	3.99804965e+01	3.41610318e+01	1.35283842e+01	1.35283842e+01	1.21460661e+01	1.48252682e+01	1.38231813e+00	1.29688394e+00
5.38400000e+02	1.72265256e-03	1.49575037e-03	3.95375123e+01	3.43297597e+01	1.58659094e+01	1.58659094e+01	1.45912960e+01	1.70640691e+01	1.27461346e+00	1.19815967e+00
5.38500000e+02	1.69979587e-03	1.50191033e-03	3.90129162e+01	3.44711403e+01	1.83684802e+01	1.83684802e+01	1.72115490e+01	1.94587347e+01	1.15693119e+00	1.09025445e+00
5.38600000e+02	1.67302382e-03	1.50750877e-03	3.83984566e+01	3.45996329e+01	2.11310763e+01	2.11310763e+01	2.01057217e+01	2.21006612e+01	1.02535456e+00	9.69584927e-01
5.38700000e+02	1.64121041e-03	1.51056705e-03	3.76682903e+01	3.46698252e+01	2.40389034e+01	2.40389034e+01	2.31559745e+01	2.48778126e+01	8.82928967e-01	8.38909208e-01
5.38800000e+02	1.60317996e-03	1.50906745e-03	3.67954331e+01	3.46354071e+01	2.69771330e+01	2.69771330e+01	2.62444857e+01	2.76780695e+01	7.32647305e-01	7.00936472e-01
5.38900000e+02	1.55770702e-03	1.50095312e-03	3.57517596e+01	3.44491709e+01	2.98309017e+01	2.98309017e+01	2.92534517e+01	3.03892286e+01	5.77449952e-01	5.58326954e-01
5.39000000e+02	1.50582022e-03	1.48713576e-03	3.45608783e+01	3.41320413e+01	3.26116194e+01	3.26116194e+01	3.21935933e+01	3.30233498e+01	4.18026086e-01	4.11730432e-01
5.39100000e+02	1.45231128e-03	1.47247480e-03	3.33327662e+01	3.37955499e+01	3.54363282e+01	3.54363282e+01	3.49914026e+01	3.58918805e+01	4.44925577e-01	4.55552363e-01
5.39200000e+02	1.39603315e-03	1.45345931e-03	3.20410970e+01	3.33591152e+01	3.80320890e+01	3.80320890e+01	3.73938761e+01	3.87005673e+01	6.38212914e-01	6.68478240e-01
5.39300000e+02	1.33778905e-03	1.43136552e-03	3.07043057e+01	3.28520288e+01	4.04666833e+01	4.04666833e+01	3.96417898e+01	4.13408945e+01	8.24893545e-01	8.74211177e-01
5.39400000e+02	1.27837334e-03	1.40745979e-03	2.93406242e+01	3.23033559e+01	4.28075863e+01	4.28075863e+01	4.17998244e+01	4.38833806e+01	1.00776186e+00	1.07579434e+00
5.39500000e+02	1.21857151e-03	1.38299867e-03	2.79680807e+01	3.17419357e+01	4.51219670e+01	4.51219670e+01	4.39323622e+01	4.63982298e+01	1.18960479e+00	1.27626288e+00
5.39600000e+02	1.16040631e-03	1.35913489e-03	2.66331003e+01	3.11942254e+01	4.73654870e+01	4.73654870e+01	4.59994149e+01	4.88362951e+01	1.36607214e+00	1.47080812e+00
5.39700000e+02	1.10571313e-03	1.33633035e-03	2.53778082e+01	3.06708264e+01	4.94369815e+01	4.94369815e+01	4.79069970e+01	5.10885083e+01	1.52998452e+00	1.65152678e+00
5.39800000e+02	1.05549319e-03	1.31543556e-03	2.42251838e+01	3.01912590e+01	5.13437077e+01	5.13437077e+01	4.96629699e+01	5.31614429e+01	1.68073775e+00	1.81773526e+00
5.39900000e+02	1.01115530e-03	1.29786154e-03	2.32075613e+01	2.97879082e+01	5.31182287e+01	5.31182287e+01	5.12995613e+01	5.50879989e+01	1.81866736e+00	1.96977023e+00
5.40000000e+02	9.74110431e-04	1.28499841e-03	2.23573249e+01	2.94926797e+01	5.47907557e+01	5.47907557e+01	5.28467738e+01	5.68985850e+01	1.94398192e+00	2.10782930e+00
5.40100000e+02	9.45771713e-04	1.27821546e-03	2.17069080e+01	2.93370007e+01	5.63891476e+01	5.63891476e+01	5.43323844e+01	5.86211186e+01	2.05676314e+00	2.23197107e+00
5.40200000e+02	9.24335156e-04	1.27585725e-03	2.12149062e+01	2.92828762e+01	5.78874970e+01	5.78874970e+01	5.57300780e+01	6.02301788e+01	2.15741898e+00	2.34268177e+00
5.40300000e+02	9.12365352e-04	1.28320514e-03	2.09401809e+01	2.94515216e+01	5.96280931e+01	5.96280931e+01	5.73665209e+01	6.20851091e+01	2.26157221e+00	2.45701602e+00
5.40400000e+02	9.10464891e-04	1.30083572e-03	2.08965624e+01	2.98561703e+01	6.16220527e+01	6.16220527e+01	5.92528355e+01	6.41970071e+01	2.36921721e+00	2.57495446e+00
5.40500000e+02	9.18438276e-04	1.32781770e-03	2.10795638e+01	3.04754481e+01	6.37881288e+01	6.37881288e+01	6.13118913e+01	6.64801216e+01	2.47623744e+00	2.69199280e+00
5.40600000e+02	9.36091986e-04	1.36322869e-03	2.14847434e+01	3.12881844e+01	6.60458387e+01	6.60458387e+01	6.34672837e+01	6.88495077e+01	2.57855498e+00	2.80366896e+00
5.40700000e+02	9.63234474e-04	1.40615514e-03	2.21077051e+01	3.22734121e+01	6.83154642e+01	6.83154642e+01	6.56433338e+01	7.12210273e+01	2.67213047e+00	2.90556308e+00
5.40800000e+02	1.00014376e-03	1.45621054e-03	2.29548298e+01	3.34222600e+01	7.05340582e+01	7.05340582e+01	6.77807079e+01	7.35277695e+01	2.75335030e+00	2.99371131e+00
5.40900000e+02	1.04711095e-03	1.51523274e-03	2.40327986e+01	3.47769099e+01	7.28696680e+01	7.28696680e+01	7.00388272e+01	7.59472231e+01	2.83084078e+00	3.07755514e+00
5.41000000e+02	1.10395847e-03	1.58182599e-03	2.53375362e+01	3.63053268e+01	7.51911300e+01	7.51911300e+01	7.22933101e+01	7.83408005e+01	2.89781989e+00	3.14967055e+00
5.41100000e+02	1.17051740e-03	1.65463010e-03	2.68651653e+01	3.79762925e+01	7.73702889e+01	7.73702889e+01	7.44226322e+01	8.05730876e+01	2.94765667e+00	3.20279872e+00
5.41200000e+02	1.24662744e-03	1.73232045e-03	2.86120072e+01	3.97594051e+01	7.92819976e+01	7.92819976e+01	7.63081264e+01	8.25118436e+01	2.97387114e+00	3.22984607e+00
5.41300000e+02	1.33068118e-03	1.81314407e-03	3.05411692e+01	4.16144308e+01	8.08741763e+01	8.08741763e+01	7.78988875e+01	8.41037377e+01	2.97528881e+00	3.22956136e+00
5.41400000e+02	1.41573463e-03	1.89204667e-03	3.24932761e+01	4.34253662e+01	8.21845946e+01	8.21845946e+01	7.92238215e+01	8.53963987e+01	2.96077315e+00	3.21180402e+00
5.41500000e+02	1.49945573e-03	1.96325013e-03	3.44148035e+01	4.50595946e+01	8.28002175e+01	8.28002175e+01	7.98894985e+01	8.59553703e+01	2.91071904e+00	3.15515274e+00
5.41600000e+02	1.58047541e-03	2.02637730e-03	3.62743291e+01	4.65084598e+01	8.27931052e+01	8.27931052e+01	7.99628038e+01	8.58584104e+01	2.83030137e+00	3.06530517e+00
5.41700000e+02	1.65736980e-03	2.08101679e-03	3.80391730e+01	4.77625196e+01	8.22362030e+01	8.22362030e+01	7.95114069e+01	8.51842739e+01	2.72479609e+00	2.94807088e+00
5.41800000e+02	1.72866027e-03	2.12672295e-03	3.96753983e+01	4.88115458e+01	8.12033417e+01	8.12033417e+01	7.86037614e+01	8.40127130e+01	2.59958025e+00	2.80937133e+00
5.41900000e+02	1.79453864e-03	2.16424688e-03	4.11874077e+01	4.96727775e+01	7.97572706e+01	7.97572706e+01	7.72994778e+01	8.24099108e+01	2.45779280e+00	2.65264024e+00
5.42000000e+02	1.85719630e-03	2.19443053e-03	4.26254970e+01	5.03655385e+01	7.78075041e+01	7.78075041e+01	7.55150350e+01	8.02777059e+01	2.29246914e+00	2.47020180e+00
5.42100000e+02	1.91653324e-03	2.21686818e-03	4.39873704e+01	5.08805169e+01	7.53198547e+01	7.53198547e+01	7.32179600e+01	7.75800349e+01	2.10189463e+00	2.26018025e+00
5.42200000e+02	1.97123055e-03	2.23177329e-03	4.52427574e+01	5.12226120e+01	7.24239147e+01	7.24239147e+01	7.05296683e+01	7.44554749e+01	1.89424632e+00	2.03156024e+00
5.42300000e+02	2.01996090e-03	2.23933621e-03	4.63611935e+01	5.13961926e+01	6.92475532e+01	6.92475532e+01	6.75699350e+01	7.10407888e+01	1.67761818e+00	1.79323562e+00
5.42400000e+02	2.06138849e-03	2.23972418e-03	4.73120200e+01	5.14050972e+01	6.59169160e+01	6.59169160e+01	6.44568948e+01	6.74709254e+01	1.46002115e+00	1.55400946e+00
5.42500000e+02	2.09940212e-03	2.23642871e-03	4.81844911e+01	5.13294609e+01	6.24798081e+01	6.24798081e+01	6.12396589e+01	6.37921744e+01	1.24014918e+00	1.31236634e+00
5.42600000e+02	2.13374844e-03	2.23446552e-03	4.89727916e+01	5.12844026e+01	5.94801147e+01	5.94801147e+01	5.84330123e+01	6.05802980e+01	1.04710239e+00	1.10018334e+00
5.42700000e+02	2.16425778e-03	2.23521862e-03	4.96730278e+01	5.13016875e+01	5.70760264e+01	5.70760264e+01	5.61865869e+01	5.80028643e+01	8.89439451e-01	9.26837959e-01
5.42800000e+02	2.19186796e-03	2.23911008e-03	5.03067237e+01	5.13910025e+01	5.52352640e+01	5.52352640e+01	5.44707423e+01	5.60246837e+01	7.64521668e-01	7.89419694e-01
5.42900000e+02	2.21753411e-03	2.24660288e-03	5.08958009e+01	5.15629738e+01	5.39284050e+01	5.39284050e+01	5.32585603e+01	5.46135700e+01	6.69844779e-01	6.85164905e-01
5.43000000e+02	2.24222867e-03	2.25820090e-03	5.14625790e+01	5.18291662e+01	5.31288842e+01	5.31288842e+01	5.25258452e+01	5.37403409e+01	6.03038938e-01	6.11456788e-01
5.43100000e+02	2.26340744e-03	2.27024529e-03	5.19486642e+01	5.21056032e+01	5.26620231e+01	5.26620231e+01	5.21046711e+01	5.32229788e+01	5.57351994e-01	5.60955744e-01
5.43200000e+02	2.28217325e-03	2.28384428e-03	5.23793681e+01	5.24177210e+01	5.25536991e+01	5.25536991e+01	5.20206321e+01	5.30876469e+01	5.33067078e-01	5.33947764e-01
5.43300000e+02	2.29856746e-03	2.29837832e-03	5.27556405e+01	5.27512993e+01	5.27359079e+01	5.27359079e+01	5.22075922e+01	5.32641599e+01	5.28315695e-01	5.28251964e-01
5.43400000e+02	2.31260187e-03	2.31320630e-03	5.30777516e+01	5.30916241e+01	5.31408084e+01	5.31408084e+01	5.26066596e+01	5.36752758e+01	5.34148836e-01	5.34467387e-01
5.43500000e+02	2.32428815e-03	2.32771083e-03	5.33459695e+01	5.34245252e+01	5.37030410e+01	5.37030410e+01	5.31506141e+01	5.42572717e+01	5.52426854e-01	5.54230710e-01
5.43600000e+02	2.33354010e-03	2.34094782e-03	5.35583160e+01	5.37283344e+01	5.43311269e+01	5.43311269e+01	5.37545240e+01	5.49116338e+01	5.76602886e-01	5.80506976e-01
5.43700000e+02	2.34001533e-03	2.34858078e-03	5.37069325e+01	5.39035226e+01	5.46005239e+01	5.46005239e+01	5.40160281e+01	5.51895340e+01	5.84495805e-01	5.89010055e-01
5.43800000e+02	2.34492752e-03	2.34549721e-03	5.38196746e+01	5.38327500e+01	5.38791083e+01	5.38791083e+01	5.33377320e+01	5.44207848e+01	5.41376255e-01	5.41676502e-01
5.43900000e+02	2.34775593e-03	2.33172443e-03	5.38845911e+01	5.35166435e+01	5.22121022e+01	5.22121022e+01	5.16111092e+01	5.28076934e+01	6.00992993e-01	5.95591242e-01
5.44000000e+02	2.34798948e-03	2.30724719e-03	5.38899514e+01	5.29548534e+01	4.96395060e+01	4.96395060e+01	4.89427081e+01	5.03225759e+01	6.96797918e-01	6.83069965e-01
5.44100000e+02	2.34512668e-03	2.27200770e-03	5.38242457e+01	5.21460532e+01	4.61960981e+01	4.61960981e+01	4.53745015e+01	4.69930575e+01	8.21596570e-01	7.96959422e-01
5.44200000e+02	2.33973059e-03	2.22848863e-03	5.37003971e+01	5.11472240e+01	4.20950647e+01	4.20950647e+01	4.11269847e+01	4.30256621e+01	9.68079947e-01	9.30597415e-01
5.44300000e+02	2.33262222e-03	2.18162366e-03	5.35372493e+01	5.00716012e+01	3.77843036e+01	3.77843036e+01	3.66638032e+01	3.88539257e+01	1.12050042e+00	1.06962206e+00
5.44400000e+02	2.32303144e-03	2.13241054e-03	5.33171262e+01	4.89420849e+01	3.34305749e+01	3.34305749e+01	3.21587441e+01	3.46381768e+01	1.27183084e+00	1.20760189e+00
5.44500000e+02	2.31146868e-03	2.08214791e-03	5.30517432e+01	4.77884806e+01	2.91278221e+01	2.91278221e+01	2.77086879e+01	3.04696876e+01	1.41913421e+00	1.34186549e+00
5.44600000e+02	2.29845898e-03	2.03213966e-03	5.27531507e+01	4.66407146e+01	2.49693502e+01	2.49693502e+01	2.34098372e+01	2.64391281e+01	1.55951306e+00	1.46977783e+00
5.44700000e+02	2.28454198e-03	1.98369494e-03	5.24337341e+01	4.55288343e+01	2.10478258e+01	2.10478258e+01	1.93577163e+01	2.26365660e+01	1.69010943e+00	1.58874022e+00
5.44800000e+02	2.27083179e-03	1.93893102e-03	5.21190642e+01	4.45014339e+01	1.74934718e+01	1.74934718e+01	1.56861798e+01	1.91889311e+01	1.80729200e+00	1.69545936e+00
5.44900000e+02	2.26052725e-03	1.90567204e-03	5.18825594e+01	4.37380894e+01	1.48622412e+01	1.48622412e+01	1.29683687e+01	1.66365467e+01	1.89387253e+00	1.77430549e+00
5.45000000e+02	2.25495069e-03	1.88701927e-03	5.17545687e+01	4.33099796e+01	1.33700728e+01	1.33700728e+01	1.14268115e+01	1.51893611e+01	1.94326131e+00	1.81928829e+00
5.45100000e+02	2.25425779e-03	1.88285452e-03	5.17386657e+01	4.32143922e+01	1.29919678e+01	1.29919678e+01	1.10354125e+01	1.48233802e+01	1.95655530e+00	1.83141245e+00
5.45200000e+02	2.25865212e-03	1.89314675e-03	5.18395223e+01	4.34506147e+01	1.37081243e+01	1.37081243e+01	1.17734141e+01	1.55196790e+01	1.93471023e+00	1.81155466e+00
5.45300000e+02	2.26838509e-03	1.91795209e-03	5.20629088e+01	4.40199351e+01	1.55039374e+01	1.55039374e+01	1.36253967e+01	1.72644010e+01	1.87854063e+00	1.76046363e+00
5.45400000e+02	2.28011126e-03	1.95050428e-03	5.23320424e+01	4.47670578e+01	1.79457484e+01	1.79457484e+01	1.61452146e+01	1.96352224e+01	1.80053379e+00	1.68947403e+00
5.45500000e+02	2.29153194e-03	1.98342719e-03	5.25941643e+01	4.55226889e+01	2.04510943e+01	2.04510943e+01	1.87312577e+01	2.20671162e+01	1.71983656e+00	1.61602190e+00
5.45600000e+02	2.30232167e-03	2.01595608e-03	5.28418052e+01	4.62692767e+01	2.29666754e+01	2.29666754e+01	2.13285989e+01	2.45082622e+01	1.63807650e+00	1.54158676e+00
5.45700000e+02	2.31230180e-03	2.04788842e-03	5.30708644e+01	4.70021728e+01	2.54859024e+01	2.54859024e+01	2.39305973e+01	2.69521144e+01	1.55530504e+00	1.46621201e+00
5.45800000e+02	2.32129951e-03	2.07900501e-03	5.32773758e+01	4.77163461e+01	2.79999680e+01	2.79999680e+01	2.65283057e+01	2.93899901e+01	1.47166230e+00	1.39002214e+00
5.45900000e+02	2.32912378e-03	2.10889874e-03	5.34569546e+01	4.84024531e+01	3.04819478e+01	3.04819478e+01	2.90940062e+01	3.17956855e+01	1.38794163e+00	1.31373769e+00
5.46000000e+02	2.33530859e-03	2.13428993e-03	5.35989056e+01	4.89852198e+01	3.26276064e+01	3.26276064e+01	3.13126676e+01	3.38748128e+01	1.31493884e+00	1.24720641e+00
5.46100000e+02	2.34046890e-03	2.15567925e-03	5.37173425e+01	4.94761373e+01	3.44391372e+01	3.44391372e+01	3.31858994e+01	3.56301109e+01	1.25323781e+00	1.19097368e+00
5.46200000e+02	2.34414515e-03	2.17176616e-03	5.38017182e+01	4.98453566e+01	3.58182564e+01	3.58182564e+01	3.46122646e+01	3.69661658e+01	1.20599181e+00	1.14790940e+00
5.46300000e+02	2.34588924e-03	2.18122412e-03	5.38417476e+01	5.00624312e+01	3.66630367e+01	3.66630367e+01	3.54865349e+01	3.77840552e+01	1.17650181e+00	1.12101855e+00
5.46400000e+02	2.34526446e-03	2.18270056e-03	5.38274081e+01	5.00963177e+01	3.68679066e+01	3.68679066e+01	3.56996902e+01	3.79813478e+01	1.16821645e+00	1.11344119e+00
5.46500000e+02	2.34224135e-03	2.17693059e-03	5.37580229e+01	4.99638880e+01	3.65119550e+01	3.65119550e+01	3.53337887e+01	3.76344205e+01	1.17816631e+00	1.12246551e+00
5.46600000e+02	2.33675137e-03	2.16806700e-03	5.36320196e+01	4.97604552e+01	3.60339996e+01	3.60339996e+01	3.48440210e+01	3.71671406e+01	1.18997854e+00	1.13314101e+00
5.46700000e+02	2.32759529e-03	2.15570873e-03	5.34218734e+01	4.94768139e+01	3.54897850e+01	3.54897850e+01	3.42894999e+01	3.66321535e+01	1.20028505e+00	1.14236856e+00
5.46800000e+02	2.31505900e-03	2.14000991e-03	5.31341464e+01	4.91165020e+01	3.48721263e+01	3.48721263e+01	3.36624642e+01	3.60228063e+01	1.20966207e+00	1.15067998e+00
5.46900000e+02	2.29943303e-03	2.12114539e-03	5.27755066e+01	4.86835324e+01	3.41756238e+01	3.41756238e+01	3.29569993e+01	3.53341750e+01	1.21862450e+00	1.15855119e+00
5.47000000e+02	2.28101252e-03	2.09931072e-03	5.23527276e+01	4.81823934e+01	3.33966631e+01	3.33966631e+01	3.21690372e+01	3.45630653e+01	1.22762592e+00	1.16640223e+00
5.47100000e+02	2.25878593e-03	2.07541802e-03	5.18425935e+01	4.76340192e+01	3.27127103e+01	3.27127103e+01	3.14837299e+01	3.38799055e+01	1.22898036e+00	1.16719527e+00
5.47200000e+02	2.23124570e-03	2.04960355e-03	5.12105031e+01	4.70415378e+01	3.22606609e+01	3.22606609e+01	3.10446889e+01	3.34154293e+01	1.21597199e+00	1.15476840e+00
5.47300000e+02	2.19807006e-03	2.02200192e-03	5.04490712e+01	4.64080380e+01	3.20807386e+01	3.20807386e+01	3.08939799e+01	3.32081718e+01	1.18675867e+00	1.12743321e+00
5.47400000e+02	2.15919827e-03	1.99344387e-03	4.95569041e+01	4.57525870e+01	3.22645536e+01	3.22645536e+01	3.11266816e+01	3.33465754e+01	1.13787207e+00	1.08202178e+00
5.47500000e+02	2.11455161e-03	1.96477807e-03	4.85321950e+01	4.50946631e+01	3.29070501e+01	3.29070501e+01	3.18413495e+01	3.39222850e+01	1.06570056e+00	1.01523497e+00
5.47600000e+02	2.06403335e-03	1.93687111e-03	4.73727236e+01	4.44541556e+01	3.41065055e+01	3.41065055e+01	3.31400163e+01	3.50301479e+01	9.66489215e-01	9.23642407e-01
5.47700000e+02	2.01079903e-03	1.90759894e-03	4.61509147e+01	4.37823146e+01	3.53845505e+01	3.53845505e+01	3.45231304e+01	3.62111978e+01	8.61420110e-01	8.26647250e-01
5.47800000e+02	1.95676440e-03	1.87277625e-03	4.49107371e+01	4.29830805e+01	3.61486618e+01	3.61486618e+01	3.53740880e+01	3.68949360e+01	7.74573749e-01	7.46274278e-01
5.47900000e+02	1.90259777e-03	1.83267187e-03	4.36675300e+01	4.20626236e+01	3.63725010e+01	3.63725010e+01	3.56648495e+01	3.70565913e+01	7.07651533e-01	6.84090281e-01
5.48000000e+02	1.84890771e-03	1.78826674e-03	4.24352610e+01	4.10434581e+01	3.61088844e+01	3.61088844e+01	3.54495341e+01	3.67478018e+01	6.59350217e-01	6.38917487e-01
5.48100000e+02	1.79631878e-03	1.74049641e-03	4.12282646e+01	3.99470559e+01	3.54045888e+01	3.54045888e+01	3.47759806e+01	3.60143878e+01	6.28608171e-01	6.09799048e-01
5.48200000e+02	1.74547153e-03	1.69025099e-03	4.00612425e+01	3.87938466e+01	3.43003518e+01	3.43003518e+01	3.36857464e+01	3.48963508e+01	6.14605379e-01	5.95999038e-01
5.48300000e+02	1.69578634e-03	1.63674047e-03	3.89208912e+01	3.75656982e+01	3.27609230e+01	3.27609230e+01	3.21428990e+01	3.33590517e+01	6.18023966e-01	5.98128697e-01
5.48400000e+02	1.64998900e-03	1.58686495e-03	3.78697723e+01	3.64209787e+01	3.12843467e+01	3.12843467e+01	3.06610319e+01	3.18863920e+01	6.23314732e-01	6.02045335e-01
5.48500000e+02	1.60794478e-03	1.53943707e-03	3.69047930e+01	3.53324364e+01	2.97577174e+01	2.97577174e+01	2.91231920e+01	3.03691595e+01	6.34525447e-01	6.11442050e-01
5.48600000e+02	1.56954673e-03	1.49327000e-03	3.60234990e+01	3.42728314e+01	2.80659189e+01	2.80659189e+01	2.74101028e+01	2.86960339e+01	6.55816094e-01	6.30114956e-01
5.48700000e+02	1.53471573e-03	1.44717738e-03	3.52240744e+01	3.32149353e+01	2.60916241e+01	2.60916241e+01	2.54001652e+01	2.67535873e+01	6.91458870e-01	6.61963174e-01
5.48800000e+02	1.50293689e-03	1.40135098e-03	3.44947014e+01	3.21631492e+01	2.38967369e+01	2.38967369e+01	2.31581395e+01	2.46011053e+01	7.38597389e-01	7.04368422e-01
5.48900000e+02	1.47216516e-03	1.35929059e-03	3.37884432e+01	3.11977989e+01	2.20127876e+01	2.20127876e+01	2.12375109e+01	2.27500316e+01	7.75276651e-01	7.37244014e-01
5.49000000e+02	1.44160611e-03	1.31951801e-03	3.30870661e+01	3.02849574e+01	2.03502087e+01	2.03502087e+01	1.95462449e+01	2.11130354e+01	8.03963807e-01	7.62826711e-01
5.49100000e+02	1.41099157e-03	1.28261839e-03	3.23844155e+01	2.94380547e+01	1.89918666e+01	1.89918666e+01	1.81705757e+01	1.97699026e+01	8.21290864e-01	7.78036037e-01
5.49200000e+02	1.38006052e-03	1.24920259e-03	3.16745006e+01	2.86711109e+01	1.80227294e+01	1.80227294e+01	1.71989100e+01	1.88024569e+01	8.23819478e-01	7.79727423e-01
5.49300000e+02	1.34855906e-03	1.21990717e-03	3.09514940e+01	2.79987361e+01	1.75298673e+01	1.75298673e+01	1.67218263e+01	1.82945595e+01	8.08040951e-01	7.64692209e-01
5.49400000e+02	1.31727625e-03	1.19563626e-03	3.02335056e+01	2.74416817e+01	1.75433971e+01	1.75433971e+01	1.67697067e+01	1.82761014e+01	7.73690413e-01	7.32704305e-01
5.49500000e+02	1.28410559e-03	1.17549997e-03	2.94721881e+01	2.69795229e+01	1.81418919e+01	1.81418919e+01	1.74263216e+01	1.88208679e+01	7.15570256e-01	6.78976026e-01
5.49600000e+02	1.24710858e-03	1.15907873e-03	2.86230501e+01	2.66026304e+01	1.94393243e+01	1.94393243e+01	1.88119745e+01	2.00370128e+01	6.27349817e-01	5.97688512e-01
5.49700000e+02	1.20776382e-03	1.14794070e-03	2.77200278e+01	2.63469957e+01	2.14789727e+01	2.14789727e+01	2.09699512e+01	2.19678371e+01	5.09021486e-01	4.88864325e-01
5.49800000e+02	1.16752079e-03	1.14365330e-03	2.67963886e+01	2.62485931e+01	2.43064090e+01	2.43064090e+01	2.39459481e+01	2.46588279e+01	3.60460939e-01	3.52418882e-01
5.49900000e+02	1.12779981e-03	1.14778317e-03	2.58847312e+01	2.63433800e+01	2.79694985e+01	2.79694985e+01	2.76000540e+01	2.83494749e+01	3.69444559e-01	3.79976398e-01
5.50000000e+02	1.08741127e-03	1.15486972e-03	2.49577525e+01	2.65060273e+01	3.19953652e+01	3.19953652e+01	3.13724724e+01	3.26538107e+01	6.22892828e-01	6.58445478e-01
5.50100000e+02	1.05053375e-03	1.16891369e-03	2.41113571e+01	2.68283577e+01	3.64613601e+01	3.64613601e+01	3.55651414e+01	3.74199685e+01	8.96218650e-01	9.58608462e-01
5.50200000e+02	1.01811170e-03	1.19003607e-03	2.33672213e+01	2.73131488e+01	4.13032556e+01	4.13032556e+01	4.01181735e+01	4.25789471e+01	1.18508212e+00	1.27569148e+00
5.50300000e+02	9.89535517e-04	1.21594438e-03	2.27113543e+01	2.79077840e+01	4.63314896e+01	4.63314896e+01	4.48514592e+01	4.79308442e+01	1.48003033e+00	1.59935466e+00
5.50400000e+02	9.64189128e-04	1.24434992e-03	2.21296158e+01	2.85597347e+01	5.13574289e+01	5.13574289e+01	4.95857628e+01	5.32767481e+01	1.77166607e+00	1.91931929e+00
5.50500000e+02	9.41449936e-04	1.27296786e-03	2.16077166e+01	2.92165603e+01	5.61933696e+01	5.61933696e+01	5.41427217e+01	5.84187374e+01	2.05064784e+00	2.22536783e+00
5.50600000e+02	9.22081238e-04	1.30528174e-03	2.11631753e+01	2.99582133e+01	6.11406205e+01	6.11406205e+01	5.88084163e+01	6.36747830e+01	2.33220420e+00	2.53416247e+00
5.50700000e+02	9.02658439e-04	1.33190571e-03	2.07173924e+01	3.05692741e+01	6.54986727e+01	6.54986727e+01	6.29161122e+01	6.83074596e+01	2.58256057e+00	2.80878689e+00
5.50800000e+02	8.83512545e-04	1.35364748e-03	2.02779648e+01	3.10682809e+01	6.93248562e+01	6.93248562e+01	6.65204252e+01	7.23770625e+01	2.80443096e+00	3.05220631e+00
5.50900000e+02	8.64951509e-04	1.37128805e-03	1.98519606e+01	3.14731589e+01	7.26755892e+01	7.26755892e+01	6.96750854e+01	7.59429477e+01	3.00050379e+00	3.26735848e+00
5.51000000e+02	8.47260230e-04	1.38558169e-03	1.94459187e+01	3.18012199e+01	7.56063789e+01	7.56063789e+01	7.24329369e+01	7.90635325e+01	3.17344192e+00	3.45715363e+00
5.51100000e+02	8.30508924e-04	1.39694271e-03	1.90614506e+01	3.20619727e+01	7.81547326e+01	7.81547326e+01	7.48295671e+01	8.17784259e+01	3.32516552e+00	3.62369328e+00
5.51200000e+02	8.14073778e-04	1.40511105e-03	1.86842389e+01	3.22494487e+01	8.03442835e+01	8.03442835e+01	7.68867390e+01	8.41133225e+01	3.45754446e+00	3.76903900e+00
5.51300000e+02	7.98698146e-04	1.41295249e-03	1.83313446e+01	3.24294217e+01	8.24135132e+01	8.24135132e+01	7.88310188e+01	8.63197382e+01	3.58249438e+00	3.90622502e+00
5.51400000e+02	7.84105440e-04	1.41996110e-03	1.79964196e+01	3.25902800e+01	8.43321485e+01	8.43321485e+01	8.06334658e+01	8.83659464e+01	3.69868271e+00	4.03379791e+00
5.51500000e+02	7.69996259e-04	1.42562056e-03	1.76725924e+01	3.27201732e+01	8.60706872e+01	8.60706872e+01	8.22658468e+01	9.02210613e+01	3.80484033e+00	4.15037419e+00
5.51600000e+02	7.56048391e-04	1.42940413e-03	1.73524674e+01	3.28070121e+01	8.76003976e+01	8.76003976e+01	8.37006361e+01	9.18550380e+01	3.89976150e+00	4.25464038e+00
5.51700000e+02	7.42824241e-04	1.43110229e-03	1.70489530e+01	3.28459874e+01	8.88536551e+01	8.88536551e+01	8.48743516e+01	9.31957020e+01	3.97930355e+00	4.34204693e+00
5.51800000e+02	7.32552867e-04	1.43067908e-03	1.68132092e+01	3.28362740e+01	8.96453217e+01	8.96453217e+01	8.56138778e+01	9.40446993e+01	4.03144391e+00	4.39937757e+00
5.51900000e+02	7.26121945e-04	1.42766533e-03	1.66656097e+01	3.27671039e+01	8.98542196e+01	8.98542196e+01	8.58053417e+01	9.42728321e+01	4.04887787e+00	4.41861248e+00
5.52000000e+02	7.23179732e-04	1.42169624e-03	1.65980814e+01	3.26301041e+01	8.94709117e+01	8.94709117e+01	8.54394594e+01	9.38705035e+01	4.03145236e+00	4.39959171e+00
5.52100000e+02	7.23385157e-04	1.41240112e-03	1.66027962e+01	3.24167669e+01	8.84844812e+01	8.84844812e+01	8.45055559e+01	9.28265387e+01	3.97892524e+00	4.34205752e+00
5.52200000e+02	7.26407824e-04	1.39940344e-03	1.66721711e+01	3.21184502e+01	8.68825306e+01	8.68825306e+01	8.29915653e+01	9.11281850e+01	3.89096531e+00	4.24565438e+00
5.52300000e+02	7.32364496e-04	1.38338168e-03	1.68088858e+01	3.17507263e+01	8.47263427e+01	8.47263427e+01	8.09556348e+01	8.88401563e+01	3.77070789e+00	4.11381367e+00
5.52400000e+02	7.40005790e-04	1.36683668e-03	1.69842652e+01	3.13709933e+01	8.23784840e+01	8.23784840e+01	7.87398648e+01	8.63474621e+01	3.63861924e+00	3.96897811e+00
5.52500000e+02	7.48908693e-04	1.35010691e-03	1.71886004e+01	3.09870195e+01	7.99086870e+01	7.99086870e+01	7.64098708e+01	8.37243528e+01	3.49881614e+00	3.81566581e+00
5.52600000e+02	7.59296534e-04	1.33256007e-03	1.74270173e+01	3.05842927e+01	7.72328147e+01	7.72328147e+01	7.38861997e+01	8.08815570e+01	3.34661501e+00	3.64874226e+00
5.52700000e+02	7.71392746e-04	1.31359430e-03	1.77046439e+01	3.01489992e+01	7.42698953e+01	7.42698953e+01	7.10923952e+01	7.77331519e+01	3.17750003e+00	3.46325667e+00
5.52800000e+02	7.85420861e-04	1.29263813e-03	1.80266106e+01	2.96680230e+01	7.09421215e+01	7.09421215e+01	6.79549983e+01	7.41965635e+01	2.98712318e+00	3.25444204e+00
5.52900000e+02	8.01175261e-04	1.27344320e-03	1.83881982e+01	2.92274700e+01	6.76576158e+01	6.76576158e+01	6.48602797e+01	7.07038513e+01	2.79733602e+00	3.04623553e+00
5.53000000e+02	8.19112213e-04	1.25078453e-03	1.87998787e+01	2.87074188e+01	6.38341520e+01	6.38341520e+01	6.12573477e+01	6.66384606e+01	2.57680422e+00	2.80430861e+00
5.53100000e+02	8.39303005e-04	1.22605270e-03	1.92632882e+01	2.81397856e+01	5.96110033e+01	5.96110033e+01	5.72781584e+01	6.21476771e+01	2.33284496e+00	2.53667376e+00
5.53200000e+02	8.61788888e-04	1.20113409e-03	1.97793737e+01	2.75678653e+01	5.51816082e+01	5.51816082e+01	5.31059300e+01	5.74361316e+01	2.07567822e+00	2.25452342e+00
5.53300000e+02	8.86611194e-04	1.17792407e-03	2.03490835e+01	2.70351598e+01	5.07403391e+01	5.07403391e+01	4.89247656e+01	5.27094432e+01	1.81557345e+00	1.96910416e+00
5.53400000e+02	9.13558065e-04	1.15762051e-03	2.09675555e+01	2.65691619e+01	4.64294031e+01	4.64294031e+01	4.48691199e+01	4.81183145e+01	1.56028317e+00	1.68891147e+00
5.53500000e+02	9.39879301e-04	1.13461635e-03	2.15716681e+01	2.60411815e+01	4.18876379e+01	4.18876379e+01	4.05942710e+01	4.32836371e+01	1.29336689e+00	1.39599921e+00
5.53600000e+02	9.65812766e-04	1.11263127e-03	2.21668808e+01	2.55365902e+01	3.74837416e+01	3.74837416e+01	3.64495948e+01	3.85952662e+01	1.03414679e+00	1.11152459e+00
5.53700000e+02	9.90585732e-04	1.09099950e-03	2.27354583e+01	2.50401078e+01	3.32111379e+01	3.32111379e+01	3.24281005e+01	3.40470965e+01	7.83037447e-01	8.35958542e-01
5.53800000e+02	1.01341182e-03	1.06903935e-03	2.32593521e+01	2.45360889e+01	2.90627015e+01	2.90627015e+01	2.85222638e+01	2.96324567e+01	5.40437769e-01	5.69755161e-01
5.53900000e+02	1.03349102e-03	1.04605326e-03	2.37202003e+01	2.40085230e+01	2.50307578e+01	2.50307578e+01	2.47240268e+01	2.53441095e+01	3.06731016e-01	3.13351697e-01
5.54000000e+02	1.05024290e-03	1.02224319e-03	2.41046815e+01	2.34620455e+01	2.11836087e+01	2.11836087e+01	2.08340544e+01	2.15237287e+01	3.49554325e-01	3.40119938e-01
5.54100000e+02	1.06092578e-03	9.96871425e-04	2.43498700e+01	2.28797246e+01	1.76673908e+01	1.76673908e+01	1.71756770e+01	1.81375216e+01	4.91713747e-01	4.70130889e-01
5.54200000e+02	1.06179161e-03	9.67019320e-04	2.43697422e+01	2.21945731e+01	1.44826098e+01	1.44826098e+01	1.38716690e+01	1.50616174e+01	6.10940776e-01	5.79007631e-01
5.54300000e+02	1.05336943e-03	9.33606482e-04	2.41764402e+01	2.14276973e+01	1.16821545e+01	1.16821545e+01	1.09763110e+01	1.23476442e+01	7.05843416e-01	6.65489770e-01
5.54400000e+02	1.03612850e-03	8.97511294e-04	2.37807345e+01	2.05992575e+01	9.31947553e+00	9.31947553e+00	8.54453139e+00	1.00477132e+01	7.74944136e-01	7.28237623e-01
5.54500000e+02	1.01047834e-03	8.59570912e-04	2.31920241e+01	1.97284677e+01	7.44858578e+00	7.44858578e+00	6.63190590e+00	8.21441799e+00	8.16679873e-01	7.65832217e-01
5.54600000e+02	9.80814292e-04	8.22915527e-04	2.25111888e+01	1.88871705e+01	6.03837845e+00	6.03837845e+00	5.20141669e+00	6.82213685e+00	8.36961757e-01	7.83758399e-01
5.54700000e+02	9.56024346e-04	7.93208305e-04	2.19422216e+01	1.82053443e+01	4.95641577e+00	4.95641577e+00	4.10609012e+00	5.75188120e+00	8.50325650e-01	7.95465436e-01
5.54800000e+02	9.39313639e-04	7.72860622e-04	2.15586853e+01	1.77383339e+01	4.19345150e+00	4.19345150e+00	3.33286857e+00	4.99794876e+00	8.60582935e-01	8.04497256e-01
5.54900000e+02	9.30924958e-04	7.62603105e-04	2.13661523e+01	1.75029081e+01	3.80595177e+00	3.80595177e+00	2.94005274e+00	4.61513542e+00	8.65899026e-01	8.09183650e-01
5.55000000e+02	9.31152185e-04	7.63188417e-04	2.13713674e+01	1.75163420e+01	3.84852430e+00	3.84852430e+00	2.98396066e+00	4.65649323e+00	8.64563641e-01	8.07968921e-01
5.55100000e+02	9.40340289e-04	7.75391260e-04	2.15822485e+01	1.77964159e+01	4.37391848e+00	4.37391848e+00	3.51892767e+00	5.17333037e+00	8.54990806e-01	7.99411890e-01
5.55200000e+02	9.53398689e-04	7.91437755e-04	2.18819588e+01	1.81647075e+01	4.98536209e+00	4.98536209e+00	4.13895253e+00	5.77719955e+00	8.46409555e-01	7.91837466e-01
5.55300000e+02	9.67967765e-04	8.11232578e-04	2.22163413e+01	1.86190290e+01	5.86492150e+00	5.86492150e+00	5.03541709e+00	6.64161461e+00	8.29504408e-01	7.76693113e-01
5.55400000e+02	9.83219124e-04	8.33339793e-04	2.25663834e+01	1.91264234e+01	6.93020158e+00	6.93020158e+00	6.12376218e+00	7.68613973e+00	8.06439394e-01	7.55938152e-01
5.55500000e+02	9.98368159e-04	8.55737005e-04	2.29140769e+01	1.96404737e+01	8.03406219e+00	8.03406219e+00	7.25223149e+00	8.76783388e+00	7.81830693e-01	7.33771696e-01
5.55600000e+02	1.01262982e-03	8.76377278e-04	2.32414038e+01	2.01141995e+01	9.02683880e+00	9.02683880e+00	8.26645102e+00	9.74131682e+00	7.60387772e-01	7.14478023e-01
5.55700000e+02	1.02525795e-03	8.93297175e-04	2.35312388e+01	2.05025371e+01	9.76441277e+00	9.76441277e+00	9.01775658e+00	1.04666053e+01	7.46656194e-01	7.02192538e-01
5.55800000e+02	1.03949728e-03	9.15034701e-04	2.38580531e+01	2.10014465e+01	1.08734778e+01	1.08734778e+01	1.01526079e+01	1.15524105e+01	7.20869885e-01	6.78932718e-01
5.55900000e+02	1.05630639e-03	9.40824328e-04	2.42438481e+01	2.15933579e+01	1.21961657e+01	1.21961657e+01	1.15062361e+01	1.28471841e+01	6.89929636e-01	6.51018415e-01
5.56000000e+02	1.07541166e-03	9.70752594e-04	2.46823432e+01	2.22802574e+01	1.37637717e+01	1.37637717e+01	1.31113947e+01	1.43808842e+01	6.52376996e-01	6.17112541e-01
5.56100000e+02	1.09657645e-03	1.00495065e-03	2.51681075e+01	2.30651552e+01	1.56092335e+01	1.56092335e+01	1.50025009e+01	1.61850931e+01	6.06732546e-01	5.75859600e-01
5.56200000e+02	1.11960116e-03	1.04359428e-03	2.56965597e+01	2.39520856e+01	1.77671319e+01	1.77671319e+01	1.72156360e+01	1.82930176e+01	5.51495899e-01	5.25885685e-01
5.56300000e+02	1.14400830e-03	1.08584241e-03	2.62567409e+01	2.49217449e+01	2.01885771e+01	2.01885771e+01	1.97006108e+01	2.06569447e+01	4.87966300e-01	4.68367538e-01
5.56400000e+02	1.16606712e-03	1.12601071e-03	2.67630247e+01	2.58436688e+01	2.25841342e+01	2.25841342e+01	2.21612768e+01	2.29934947e+01	4.22857374e-01	4.09360527e-01
5.56500000e+02	1.18102563e-03	1.15943826e-03	2.71063454e+01	2.66108821e+01	2.48542397e+01	2.48542397e+01	2.44995142e+01	2.52016914e+01	3.54725467e-01	3.47451688e-01
5.56600000e+02	1.19011858e-03	1.18706700e-03	2.73150425e+01	2.72450040e+01	2.69966856e+01	2.69966856e+01	2.67116970e+01	2.72806460e+01	2.84988603e-01	2.83960384e-01
5.56700000e+02	1.19454482e-03	1.20979278e-03	2.74166314e+01	2.77665955e+01	2.90073776e+01	2.90073776e+01	2.86488181e+01	2.93739732e+01	3.58559494e-01	3.66595635e-01
5.56800000e+02	1.19546725e-03	1.22846536e-03	2.74378026e+01	2.81951598e+01	3.08803352e+01	3.08803352e+01	3.04233379e+01	3.13547235e+01	4.56997294e-01	4.74388298e-01
5.56900000e+02	1.19285894e-03	1.24399010e-03	2.73779379e+01	2.85514763e+01	3.27122036e+01	3.27122036e+01	3.21554600e+01	3.32958949e+01	5.56743629e-01	5.83691302e-01
5.57000000e+02	1.19010003e-03	1.26027042e-03	2.73146168e+01	2.89251345e+01	3.46351519e+01	3.46351519e+01	3.39736819e+01	3.53336038e+01	6.61469970e-01	6.98451889e-01
5.57100000e+02	1.18984170e-03	1.27970507e-03	2.73086876e+01	2.93711894e+01	3.66836960e+01	3.66836960e+01	3.59133079e+01	3.75014448e+01	7.70388069e-01	8.17748787e-01
5.57200000e+02	1.19129334e-03	1.30192384e-03	2.73420051e+01	2.98811443e+01	3.88835468e+01	3.88835468e+01	3.79979040e+01	3.98274952e+01	8.85642759e-01	9.43948381e-01
5.57300000e+02	1.19366766e-03	1.32655692e-03	2.73964992e+01	3.04465112e+01	4.12601900e+01	4.12601900e+01	4.02508263e+01	4.23395904e+01	1.00936370e+00	1.07940037e+00
5.57400000e+02	1.19618059e-03	1.35323489e-03	2.74541748e+01	3.10588113e+01	4.38388863e+01	4.38388863e+01	4.26952209e+01	4.50653240e+01	1.14366540e+00	1.22643777e+00
5.57500000e+02	1.19963351e-03	1.37913755e-03	2.75334248e+01	3.16533171e+01	4.62602079e+01	4.62602079e+01	4.49915172e+01	4.76235026e+01	1.26869068e+00	1.36329475e+00
5.57600000e+02	1.20469644e-03	1.40584560e-03	2.76496267e+01	3.22663077e+01	4.86345405e+01	4.86345405e+01	4.72449075e+01	5.01301851e+01	1.38963295e+00	1.49564465e+00
5.57700000e+02	1.21104001e-03	1.43247618e-03	2.77952212e+01	3.28775202e+01	5.08965803e+01	5.08965803e+01	4.93932267e+01	5.25166375e+01	1.50335360e+00	1.62005717e+00
5.57800000e+02	1.21820447e-03	1.45712321e-03	2.79596566e+01	3.34432073e+01	5.28848872e+01	5.28848872e+01	5.12831438e+01	5.46125480e+01	1.60174339e+00	1.72766081e+00
5.57900000e+02	1.22575432e-03	1.47789307e-03	2.81329372e+01	3.39199073e+01	5.44373470e+01	5.44373470e+01	5.27607136e+01	5.62468652e+01	1.67663341e+00	1.80951817e+00
5.58000000e+02	1.23327829e-03	1.49290458e-03	2.83056238e+01	3.42644444e+01	5.53911722e+01	5.53911722e+01	5.36713772e+01	5.72477982e+01	1.71979504e+00	1.85662596e+00
5.58100000e+02	1.23966503e-03	1.50767102e-03	2.84522094e+01	3.46033569e+01	5.64119706e+01	5.64119706e+01	5.46443380e+01	5.83208506e+01	1.76763268e+00	1.90887995e+00
5.58200000e+02	1.23842789e-03	1.51643674e-03	2.84238150e+01	3.48045436e+01	5.74271270e+01	5.74271270e+01	5.56044242e+01	5.93963488e+01	1.82270278e+00	1.96922187e+00
5.58300000e+02	1.23044477e-03	1.52018077e-03	2.82405903e+01	3.48904747e+01	5.84673377e+01	5.84673377e+01	5.65815714e+01	6.05058036e+01	1.88576630e+00	2.03846594e+00
5.58400000e+02	1.21656069e-03	1.51989945e-03	2.79219293e+01	3.48840181e+01	5.95677874e+01	5.95677874e+01	5.76099327e+01	6.16855109e+01	1.95785478e+00	2.11772349e+00
5.58500000e+02	1.19758769e-03	1.51660648e-03	2.74864699e+01	3.48084394e+01	6.07681492e+01	6.07681492e+01	5.87278788e+01	6.29765521e+01	2.04027039e+00	2.20840296e+00
5.58600000e+02	1.17410069e-03	1.51043790e-03	2.69474074e+01	3.46668611e+01	6.20358331e+01	6.20358331e+01	5.99051166e+01	6.43438095e+01	2.13071647e+00	2.30797637e+00
5.58700000e+02	1.14689740e-03	1.49810377e-03	2.63230503e+01	3.43837739e+01	6.29627027e+01	6.29627027e+01	6.07559469e+01	6.53545549e+01	2.20675579e+00	2.39185219e+00
5.58800000e+02	1.11917786e-03	1.48018005e-03	2.56868445e+01	3.39723971e+01	6.33484473e+01	6.33484473e+01	6.10938456e+01	6.57933081e+01	2.25460171e+00	2.44486080e+00
5.58900000e+02	1.09056119e-03	1.45658152e-03	2.50300480e+01	3.34307747e+01	6.32151694e+01	6.32151694e+01	6.09393665e+01	6.56838762e+01	2.27580292e+00	2.46870672e+00
5.59000000e+02	1.06065937e-03	1.42720969e-03	2.43437556e+01	3.27566463e+01	6.25841681e+01	6.25841681e+01	6.03122955e+01	6.50492237e+01	2.27187251e+00	2.46505563e+00
5.59100000e+02	1.02907729e-03	1.39195282e-03	2.36188984e+01	3.19474472e+01	6.14759385e+01	6.14759385e+01	5.92316506e+01	6.39114729e+01	2.24428799e+00	2.43553439e+00
5.59200000e+02	9.98426427e-04	1.35338181e-03	2.29154142e+01	3.10621835e+01	5.99461837e+01	5.99461837e+01	5.77527596e+01	6.23266801e+01	2.19342413e+00	2.38049637e+00
5.59300000e+02	9.73598482e-04	1.31693095e-03	2.23455749e+01	3.02255804e+01	5.81637815e+01	5.81637815e+01	5.60403751e+01	6.04681344e+01	2.12340631e+00	2.30435292e+00
5.59400000e+02	9.55880744e-04	1.28463033e-03	2.19389257e+01	2.94842317e+01	5.62357708e+01	5.62357708e+01	5.41971303e+01	5.84476724e+01	2.03864059e+00	2.21190158e+00
5.59500000e+02	9.46117500e-04	1.25711036e-03	2.17148443e+01	2.88526062e+01	5.41592166e+01	5.41592166e+01	5.22210794e+01	5.62612564e+01	1.93813717e+00	2.10203983e+00
5.59600000e+02	9.45204187e-04	1.23505444e-03	2.16938824e+01	2.83463892e+01	5.19325498e+01	5.19325498e+01	5.01116215e+01	5.39062379e+01	1.82092823e+00	1.97368809e+00
5.59700000e+02	9.54087399e-04	1.21919898e-03	2.18977657e+01	2.79824822e+01	4.95555677e+01	4.95555677e+01	4.78694999e+01	5.13813574e+01	1.68606786e+00	1.82578969e+00
5.59800000e+02	9.68407658e-04	1.20730619e-03	2.22264376e+01	2.77095245e+01	4.71495600e+01	4.71495600e+01	4.56052635e+01	4.88197633e+01	1.54429651e+00	1.67020328e+00
5.59900000e+02	9.84711765e-04	1.19391018e-03	2.26006418e+01	2.74020655e+01	4.44252952e+01	4.44252952e+01	4.30416115e+01	4.59192328e+01	1.38368369e+00	1.49393759e+00
5.60000000e+02	1.00244119e-03	1.17843076e-03	2.30075593e+01	2.70467892e+01	4.13676953e+01	4.13676953e+01	4.01637139e+01	4.26644285e+01	1.20398135e+00	1.29673319e+00
5.60100000e+02	1.02123667e-03	1.16199057e-03	2.34389443e+01	2.66694617e+01	3.81231143e+01	3.81231143e+01	3.71098066e+01	3.92106035e+01	1.01330764e+00	1.08748920e+00
5.60200000e+02	1.04072589e-03	1.14568571e-03	2.38862517e+01	2.62952402e+01	3.48361993e+01	3.48361993e+01	3.40164963e+01	3.57112193e+01	8.19703001e-01	8.75020005e-01
5.60300000e+02	1.06052349e-03	1.13058574e-03	2.43406369e+01	2.59486727e+01	3.16498907e+01	3.16498907e+01	3.10187604e+01	3.23179459e+01	6.31130280e-01	6.68055208e-01
5.60400000e+02	1.08052700e-03	1.11397316e-03	2.47997481e+01	2.55673885e+01	2.82890227e+01	2.82890227e+01	2.78559279e+01	2.87397446e+01	4.33094809e-01	4.50721945e-01
5.60500000e+02	1.10166243e-03	1.10089905e-03	2.52848385e+01	2.52673176e+01	2.52051982e+01	2.52051982e+01	2.49493792e+01	2.54607601e+01	2.55819054e-01	2.55561834e-01
5.60600000e+02	1.12335063e-03	1.09058763e-03	2.57826158e+01	2.50306549e+01	2.23646121e+01	2.23646121e+01	2.19798204e+01	2.27383644e+01	3.84791680e-01	3.73752321e-01
5.60700000e+02	1.14496602e-03	1.08205361e-03	2.62787221e+01	2.48347861e+01	1.97153765e+01	1.97153765e+01	1.92087982e+01	2.02007568e+01	5.06578330e-01	4.85380246e-01
5.60800000e+02	1.16588323e-03	1.07430133e-03	2.67588041e+01	2.46568593e+01	1.72045095e+01	1.72045095e+01	1.65820393e+01	1.77961216e+01	6.22470213e-01	5.91612057e-01
5.60900000e+02	1.18532018e-03	1.06642458e-03	2.72049119e+01	2.44760759e+01	1.48011116e+01	1.48011116e+01	1.40683428e+01	1.54938190e+01	7.32768807e-01	6.92707409e-01
5.61000000e+02	1.20068625e-03	1.05740791e-03	2.75575867e+01	2.42691295e+01	1.26100541e+01	1.26100541e+01	1.17792782e+01	1.33925529e+01	8.30775883e-01	7.82498818e-01
5.61100000e+02	1.20856114e-03	1.04326504e-03	2.77383275e+01	2.39445289e+01	1.04937885e+01	1.04937885e+01	9.57588894e+00	1.13559922e+01	9.17899560e-01	8.62203698e-01
5.61200000e+02	1.20873452e-03	1.02398639e-03	2.77423067e+01	2.35020544e+01	8.46843272e+00	8.46843272e+00	7.47511913e+00	9.39949617e+00	9.93313591e-01	9.31063447e-01
5.61300000e+02	1.20095788e-03	9.99523308e-04	2.75638209e+01	2.29405894e+01	6.54913205e+00	6.54913205e+00	5.49294548e+00	7.53744605e+00	1.05618657e+00	9.88313997e-01
5.61400000e+02	1.18494457e-03	9.69788062e-04	2.71962910e+01	2.22581200e+01	4.75005913e+00	4.75005913e+00	3.64437720e+00	5.78324494e+00	1.10568193e+00	1.03318581e+00
5.61500000e+02	1.16347238e-03	9.37563904e-04	2.67034715e+01	2.15185262e+01	3.13553840e+00	3.13553840e+00	1.99312230e+00	4.20183553e+00	1.14241609e+00	1.06629714e+00
5.61600000e+02	1.14309872e-03	9.09757565e-04	2.62358647e+01	2.08803282e+01	1.89251704e+00	1.89251704e+00	7.25976546e-01	2.98043417e+00	1.16654050e+00	1.08791713e+00
5.61700000e+02	1.12549499e-03	8.88757906e-04	2.58318323e+01	2.03983539e+01	1.13420323e+00	1.13420323e+00	0.00000000e+00	2.23009443e+00	1.13420323e+00	1.09589119e+00
5.61800000e+02	1.11184347e-03	8.75564877e-04	2.55185090e+01	2.00955537e+01	8.68712053e-01	8.68712053e-01	0.00000000e+00	1.95984775e+00	8.68712053e-01	1.09113570e+00
5.61900000e+02	1.10335842e-03	8.71216652e-04	2.53237641e+01	1.99957553e+01	1.10554214e+00	1.10554214e+00	0.00000000e+00	2.18009448e+00	1.10554214e+00	1.07455233e+00
5.62000000e+02	1.10128611e-03	8.76789634e-04	2.52762014e+01	2.01236637e+01	1.85557569e+00	1.85557569e+00	7.32904354e-01	2.90260384e+00	1.12267134e+00	1.04702815e+00
5.62100000e+02	1.10233818e-03	8.89727460e-04	2.53003481e+01	2.04206066e+01	3.11970514e+00	3.11970514e+00	2.04284817e+00	4.12492377e+00	1.07685696e+00	1.00521863e+00
5.62200000e+02	1.10424924e-03	9.08850690e-04	2.53442098e+01	2.08595140e+01	4.95922886e+00	4.95922886e+00	3.94862833e+00	5.90399063e+00	1.01060053e+00	9.44761766e-01
5.62300000e+02	1.10704923e-03	9.34449512e-04	2.54084739e+01	2.14470462e+01	7.40198430e+00	7.40198430e+00	6.47908382e+00	8.26672799e+00	9.22900481e-01	8.64743695e-01
5.62400000e+02	1.11032467e-03	9.66152135e-04	2.54836501e+01	2.21746699e+01	1.04428309e+01	1.04428309e+01	9.62933056e+00	1.12077529e+01	8.13500361e-01	7.64922003e-01
5.62500000e+02	1.11364715e-03	1.00359416e-03	2.55599061e+01	2.30340216e+01	1.40786127e+01	1.40786127e+01	1.33965589e+01	1.47235847e+01	6.82053869e-01	6.44971953e-01
5.62600000e+02	1.11657338e-03	1.04641858e-03	2.56270677e+01	2.40169076e+01	1.83081582e+01	1.83081582e+01	1.77800333e+01	1.88126446e+01	5.28124867e-01	5.04486487e-01
5.62700000e+02	1.11802665e-03	1.09013315e-03	2.56604224e+01	2.50202238e+01	2.27504290e+01	2.27504290e+01	2.23857280e+01	2.31057314e+01	3.64700998e-01	3.55302394e-01
5.62800000e+02	1.11669506e-03	1.13092088e-03	2.56298603e+01	2.59563648e+01	2.71139715e+01	2.71139715e+01	2.67789370e+01	2.74565035e+01	3.35034550e-01	3.42531992e-01
5.62900000e+02	1.11199847e-03	1.16762163e-03	2.55220665e+01	2.67987030e+01	3.13249596e+01	3.13249596e+01	3.07619178e+01	3.19173165e+01	5.63041837e-01	5.92356923e-01
5.63000000e+02	1.10340808e-03	1.19925668e-03	2.53249039e+01	2.75247759e+01	3.53243222e+01	3.53243222e+01	3.45406517e+01	3.61585077e+01	7.83670410e-01	8.34185525e-01
5.63100000e+02	1.09036938e-03	1.22480276e-03	2.50256457e+01	2.81110976e+01	3.90504270e+01	3.90504270e+01	3.80562281e+01	4.01154763e+01	9.94198858e-01	1.06504932e+00
5.63200000e+02	1.07260937e-03	1.24348856e-03	2.46180263e+01	2.85399651e+01	4.24450211e+01	4.24450211e+01	4.12532142e+01	4.37268865e+01	1.19180691e+00	1.28186542e+00
5.63300000e+02	1.05721261e-03	1.26185513e-03	2.42646471e+01	2.89615060e+01	4.56140056e+01	4.56140056e+01	4.42388926e+01	4.70969715e+01	1.37511305e+00	1.48296585e+00
5.63400000e+02	1.04666275e-03	1.28324086e-03	2.40225117e+01	2.94523414e+01	4.87035556e+01	4.87035556e+01	4.71541382e+01	5.03776567e+01	1.54941734e+00	1.67410117e+00
5.63500000e+02	1.04136487e-03	1.30710381e-03	2.39009172e+01	3.00000326e+01	5.16241691e+01	5.16241691e+01	4.99145970e+01	5.34737937e+01	1.70957210e+00	1.84962457e+00
5.63600000e+02	1.04176907e-03	1.33294073e-03	2.39101942e+01	3.05930293e+01	5.42867173e+01	5.42867173e+01	5.24363125e+01	5.62905785e+01	1.85040487e+00	2.00386115e+00
5.63700000e+02	1.04837050e-03	1.36028705e-03	2.40617071e+01	3.12206692e+01	5.66024437e+01	5.66024437e+01	5.46357252e+01	5.87335517e+01	1.96671852e+00	2.13110799e+00
5.63800000e+02	1.06038753e-03	1.38847727e-03	2.43375163e+01	3.18676780e+01	5.85655243e+01	5.85655243e+01	5.65065480e+01	6.07974139e+01	2.05897630e+00	2.23188954e+00
5.63900000e+02	1.07497416e-03	1.41389169e-03	2.46723018e+01	3.24509777e+01	6.00299196e+01	6.00299196e+01	5.79076763e+01	6.23307827e+01	2.12224329e+00	2.30086310e+00
5.64000000e+02	1.09242372e-03	1.43221973e-03	2.50727959e+01	3.28716343e+01	6.05220616e+01	6.05220616e+01	5.83909518e+01	6.28322542e+01	2.13110981e+00	2.31019260e+00
5.64100000e+02	1.11224661e-03	1.44438812e-03	2.55277616e+01	3.31509174e+01	6.01784700e+01	6.01784700e+01	5.80851689e+01	6.24468197e+01	2.09330105e+00	2.26834969e+00
5.64200000e+02	1.13397298e-03	1.45129768e-03	2.60264149e+01	3.33095025e+01	5.91313585e+01	5.91313585e+01	5.71150641e+01	6.13148926e+01	2.01629435e+00	2.18353408e+00
5.64300000e+02	1.15715268e-03	1.45382338e-03	2.65584246e+01	3.33674711e+01	5.75086356e+01	5.75086356e+01	5.56013164e+01	5.95723092e+01	1.90731917e+00	2.06367361e+00
5.64400000e+02	1.18086116e-03	1.45136157e-03	2.71025704e+01	3.33109689e+01	5.53225635e+01	5.53225635e+01	5.35546241e+01	5.72330647e+01	1.76793934e+00	1.91050125e+00
5.64500000e+02	1.20226591e-03	1.44857953e-03	2.75938422e+01	3.32471168e+01	5.32905450e+01	5.32905450e+01	5.16515380e+01	5.50593668e+01	1.63900701e+00	1.76882175e+00
5.64600000e+02	1.21994794e-03	1.44827736e-03	2.79996718e+01	3.32401814e+01	5.18201699e+01	5.18201699e+01	5.02766257e+01	5.34840506e+01	1.54354418e+00	1.66388070e+00
5.64700000e+02	1.23396457e-03	1.44877274e-03	2.83213751e+01	3.32515512e+01	5.07312664e+01	5.07312664e+01	4.92593292e+01	5.23164140e+01	1.47193721e+00	1.58514762e+00
5.64800000e+02	1.24435994e-03	1.44841606e-03	2.85599646e+01	3.32433649e+01	4.98481477e+01	4.98481477e+01	4.84333244e+01	5.13705149e+01	1.41482339e+00	1.52236715e+00
5.64900000e+02	1.25116495e-03	1.44559041e-03	2.87161501e+01	3.31785118e+01	4.89996124e+01	4.89996124e+01	4.76365215e+01	5.04651715e+01	1.36309095e+00	1.46555906e+00
5.65000000e+02	1.25500159e-03	1.44363355e-03	2.88042068e+01	3.31335989e+01	4.84832617e+01	4.84832617e+01	4.71513503e+01	4.99145878e+01	1.33191140e+00	1.43132616e+00
5.65100000e+02	1.25631287e-03	1.43674756e-03	2.88343027e+01	3.29755550e+01	4.76581768e+01	4.76581768e+01	4.63713266e+01	4.90401215e+01	1.28685020e+00	1.38194475e+00
5.65200000e+02	1.25524514e-03	1.42470394e-03	2.88097967e+01	3.26991355e+01	4.64886094e+01	4.64886094e+01	4.52627428e+01	4.78037858e+01	1.22586654e+00	1.31517646e+00
5.65300000e+02	1.25190995e-03	1.40899931e-03	2.87332489e+01	3.23386901e+01	4.51216179e+01	4.51216179e+01	4.39649671e+01	4.63610596e+01	1.15665079e+00	1.23944164e+00
5.65400000e+02	1.24641250e-03	1.39113889e-03	2.86070741e+01	3.19287662e+01	4.37056744e+01	4.37056744e+01	4.26186999e+01	4.48689242e+01	1.08697455e+00	1.16324974e+00
5.65500000e+02	1.23885170e-03	1.37263654e-03	2.84335421e+01	3.15041090e+01	4.23906641e+01	4.23906641e+01	4.13659735e+01	4.34858634e+01	1.02469061e+00	1.09519928e+00
5.65600000e+02	1.22775630e-03	1.34875182e-03	2.81788858e+01	3.09559180e+01	4.08017595e+01	4.08017595e+01	3.98503894e+01	4.18168979e+01	9.51370114e-01	1.01513842e+00
5.65700000e+02	1.21214353e-03	1.32194766e-03	2.78205488e+01	3.03407215e+01	3.92758793e+01	3.92758793e+01	3.83900238e+01	4.02196048e+01	8.85855450e-01	9.43725550e-01
5.65800000e+02	1.19196376e-03	1.29196181e-03	2.73573923e+01	2.96525006e+01	3.77897026e+01	3.77897026e+01	3.69627440e+01	3.86693632e+01	8.26958618e-01	8.79660620e-01
5.65900000e+02	1.16714329e-03	1.25851585e-03	2.67877245e+01	2.88848645e+01	3.63201788e+01	3.63201788e+01	3.55466491e+01	3.71418647e+01	7.73529732e-01	8.21685836e-01
5.66000000e+02	1.13758433e-03	1.22131512e-03	2.61093010e+01	2.80310507e+01	3.48445271e+01	3.48445271e+01	3.41200701e+01	3.56131128e+01	7.24457022e-01	7.68585684e-01
5.66100000e+02	1.10397700e-03	1.18105272e-03	2.53379615e+01	2.71069672e+01	3.33788964e+01	3.33788964e+01	3.26989811e+01	3.40994330e+01	6.79915289e-01	7.20536527e-01
5.66200000e+02	1.06973596e-03	1.14162191e-03	2.45520772e+01	2.62019696e+01	3.20515881e+01	3.20515881e+01	3.14082513e+01	3.27328110e+01	6.43336779e-01	6.81222848e-01
5.66300000e+02	1.03579325e-03	1.10365550e-03	2.37730400e+01	2.53305825e+01	3.08527787e+01	3.08527787e+01	3.02394991e+01	3.15018238e+01	6.13279639e-01	6.49045101e-01
5.66400000e+02	1.00262943e-03	1.06775300e-03	2.30118795e+01	2.45065652e+01	2.98059053e+01	2.98059053e+01	2.92153929e+01	3.04307397e+01	5.90512308e-01	6.24834404e-01
5.66500000e+02	9.70733931e-04	1.03453329e-03	2.22798291e+01	2.37441221e+01	2.89357065e+01	2.89357065e+01	2.83598430e+01	2.95451942e+01	5.75863501e-01	6.09487699e-01
5.66600000e+02	9.40605091e-04	1.00463469e-03	2.15883261e+01	2.30579034e+01	2.82682228e+01	2.82682228e+01	2.76980006e+01	2.88721906e+01	5.70222206e-01	6.03967744e-01
5.66700000e+02	9.12356947e-04	9.77638281e-04	2.09399880e+01	2.24382945e+01	2.77504720e+01	2.77504720e+01	2.71798067e+01	2.83555426e+01	5.70665369e-01	6.05070609e-01
5.66800000e+02	8.86771677e-04	9.52296394e-04	2.03527669e+01	2.18566594e+01	2.71886420e+01	2.71886420e+01	2.66225023e+01	2.77893152e+01	5.66139707e-01	6.00673218e-01
5.66900000e+02	8.64785703e-04	9.28632002e-04	1.98481551e+01	2.13135254e+01	2.65089290e+01	2.65089290e+01	2.59571237e+01	2.70943832e+01	5.51805274e-01	5.85454207e-01
5.67000000e+02	8.46423655e-04	9.06987060e-04	1.94267181e+01	2.08167408e+01	2.57450035e+01	2.57450035e+01	2.52155797e+01	2.63063460e+01	5.29423752e-01	5.61342501e-01
5.67100000e+02	8.31726454e-04	8.87700647e-04	1.90893948e+01	2.03740882e+01	2.49289101e+01	2.49289101e+01	2.44282556e+01	2.54590647e+01	5.00654492e-01	5.30154587e-01
5.67200000e+02	8.20751309e-04	8.71108965e-04	1.88374984e+01	1.99932837e+01	2.40910678e+01	2.40910678e+01	2.36240133e+01	2.45846623e+01	4.67054508e-01	4.93594518e-01
5.67300000e+02	8.12701694e-04	8.56186302e-04	1.86527474e+01	1.96507857e+01	2.31892852e+01	2.31892852e+01	2.27621124e+01	2.36393756e+01	4.27172711e-01	4.50090417e-01
5.67400000e+02	8.07878709e-04	8.42359966e-04	1.85420525e+01	1.93334501e+01	2.21393144e+01	2.21393144e+01	2.17630716e+01	2.25337299e+01	3.76242798e-01	3.94415464e-01
5.67500000e+02	8.06227954e-04	8.29574323e-04	1.85041652e+01	1.90400001e+01	2.09397783e+01	2.09397783e+01	2.06255329e+01	2.12663281e+01	3.14245462e-01	3.26549705e-01
5.67600000e+02	8.07403434e-04	8.17750009e-04	1.85311443e+01	1.87686140e+01	1.96105522e+01	1.96105522e+01	1.93679754e+01	1.98585819e+01	2.42576776e-01	2.48029735e-01
5.67700000e+02	8.11075327e-04	8.06790806e-04	1.86154198e+01	1.85170835e+01	1.81684366e+01	1.81684366e+01	1.79656711e+01	1.83697584e+01	2.02765507e-01	2.01321855e-01
5.67800000e+02	8.16929995e-04	7.96583645e-04	1.87497934e+01	1.82828136e+01	1.66271577e+01	1.66271577e+01	1.63608107e+01	1.68866490e+01	2.66346953e-01	2.59491331e-01
5.67900000e+02	8.25363098e-04	7.89033097e-04	1.89433460e+01	1.81095169e+01	1.51532137e+01	1.51532137e+01	1.48229964e+01	1.54711898e+01	3.30217291e-01	3.17976042e-01
5.68000000e+02	8.33448136e-04	7.83603617e-04	1.91289100e+01	1.79849020e+01	1.39288738e+01	1.39288738e+01	1.35444336e+01	1.42965190e+01	3.84440144e-01	3.67645233e-01
5.68100000e+02	8.41661337e-04	7.80771000e-04	1.93174156e+01	1.79198892e+01	1.29650228e+01	1.29650228e+01	1.25358963e+01	1.33736326e+01	4.29126503e-01	4.08609747e-01
5.68200000e+02	8.50476253e-04	7.81001557e-04	1.95197314e+01	1.79251808e+01	1.22717742e+01	1.22717742e+01	1.18073611e+01	1.27127781e+01	4.64413114e-01	4.41003894e-01
5.68300000e+02	8.60363753e-04	7.84752110e-04	1.97466646e+01	1.80112617e+01	1.18584696e+01	1.18584696e+01	1.13680071e+01	1.23234551e+01	4.90462487e-01	4.64985447e-01
5.68400000e+02	8.71474710e-04	7.91884395e-04	2.00016781e+01	1.81749586e+01	1.16984075e+01	1.16984075e+01	1.11899779e+01	1.21800195e+01	5.08429625e-01	4.81611987e-01
5.68500000e+02	8.82260043e-04	7.99537659e-04	2.02492180e+01	1.83506127e+01	1.16191939e+01	1.16191939e+01	1.10961524e+01	1.21143625e+01	5.23041535e-01	4.95168559e-01
5.68600000e+02	8.93255053e-04	8.09590304e-04	2.05015703e+01	1.85813363e+01	1.17732339e+01	1.17732339e+01	1.12440171e+01	1.22742601e+01	5.29216734e-01	5.01026231e-01
5.68700000e+02	9.04298059e-04	8.20937423e-04	2.07550242e+01	1.88417700e+01	1.20584145e+01	1.20584145e+01	1.15278415e+01	1.25608994e+01	5.30572995e-01	5.02484962e-01
5.68800000e+02	9.15213846e-04	8.32460095e-04	2.10055582e+01	1.91062330e+01	1.23722618e+01	1.23722618e+01	1.18415349e+01	1.28751051e+01	5.30726858e-01	5.02843313e-01
5.68900000e+02	9.25813665e-04	8.43025376e-04	2.12488402e+01	1.93487223e+01	1.26119407e+01	1.26119407e+01	1.20786471e+01	1.31173392e+01	5.33293628e-01	5.05398445e-01
5.69000000e+02	9.35423846e-04	8.54577372e-04	2.14694086e+01	1.96138583e+01	1.30350891e+01	1.30350891e+01	1.25071140e+01	1.35358234e+01	5.27975125e-01	5.00734229e-01
5.69100000e+02	9.42988685e-04	8.71389111e-04	2.16430332e+01	1.99997135e+01	1.41733978e+01	1.41733978e+01	1.36795170e+01	1.46431535e+01	4.93880842e-01	4.69755652e-01
5.69200000e+02	9.48087926e-04	8.93466531e-04	2.17600686e+01	2.05064240e+01	1.60616841e+01	1.60616841e+01	1.56324212e+01	1.64725425e+01	4.29262865e-01	4.10858404e-01
5.69300000e+02	9.50208318e-04	9.21426136e-04	2.18087349e+01	2.11481397e+01	1.88060298e+01	1.88060298e+01	1.84764040e+01	1.91259575e+01	3.29625727e-01	3.19927686e-01
5.69400000e+02	9.48815101e-04	9.55921373e-04	2.17767584e+01	2.19398582e+01	2.25181212e+01	2.25181212e+01	2.22610179e+01	2.27789697e+01	2.57103288e-01	2.60848508e-01
5.69500000e+02	9.43352001e-04	9.97642626e-04	2.16513719e+01	2.28974248e+01	2.73152488e+01	2.73152488e+01	2.67982898e+01	2.78608206e+01	5.16958987e-01	5.45571791e-01
5.69600000e+02	9.35475513e-04	1.04054456e-03	2.14705944e+01	2.38820899e+01	3.24319376e+01	3.24319376e+01	3.16357879e+01	3.32834619e+01	7.96149692e-01	8.51524265e-01
5.69700000e+02	9.26212034e-04	1.07818383e-03	2.12579834e+01	2.47459686e+01	3.71124615e+01	3.71124615e+01	3.60588868e+01	3.82461299e+01	1.05357471e+00	1.13366845e+00
5.69800000e+02	9.15584826e-04	1.10890719e-03	2.10140727e+01	2.54511167e+01	4.11824546e+01	4.11824546e+01	3.99024926e+01	4.25643033e+01	1.27996200e+00	1.38184874e+00
5.69900000e+02	9.03763051e-04	1.13175210e-03	2.07427449e+01	2.59754425e+01	4.45277339e+01	4.45277339e+01	4.30586461e+01	4.61169788e+01	1.46908774e+00	1.58924488e+00
5.70000000e+02	8.90917006e-04	1.14569661e-03	2.04479085e+01	2.62954902e+01	4.70278254e+01	4.70278254e+01	4.54134321e+01	4.87764952e+01	1.61439326e+00	1.74866983e+00
5.70100000e+02	8.77218130e-04	1.14965933e-03	2.01334984e+01	2.63864409e+01	4.85559642e+01	4.85559642e+01	4.68469792e+01	5.04085341e+01	1.70898510e+00	1.85256986e+00
5.70200000e+02	8.62699926e-04	1.15088012e-03	1.98002834e+01	2.64144598e+01	4.98647217e+01	4.98647217e+01	4.80719722e+01	5.18093509e+01	1.79274950e+00	1.94462919e+00
5.70300000e+02	8.50124629e-04	1.15526499e-03	1.95116611e+01	2.65150993e+01	5.13454714e+01	5.13454714e+01	4.94617538e+01	5.33900072e+01	1.88371762e+00	2.04453583e+00
5.70400000e+02	8.39283433e-04	1.16297208e-03	1.92628390e+01	2.66919887e+01	5.30317013e+01	5.30317013e+01	5.10478292e+01	5.51861671e+01	1.98387208e+00	2.15446580e+00
5.70500000e+02	8.29749614e-04	1.17385424e-03	1.90440233e+01	2.69417511e+01	5.49427859e+01	5.49427859e+01	5.28481238e+01	5.72188016e+01	2.09466216e+00	2.27601572e+00
5.70600000e+02	8.21120578e-04	1.18781059e-03	1.88459737e+01	2.72620707e+01	5.71009598e+01	5.71009598e+01	5.48832948e+01	5.95118815e+01	2.21766498e+00	2.41092173e+00
5.70700000e+02	8.13087032e-04	1.20457025e-03	1.86615915e+01	2.76467304e+01	5.95031317e+01	5.95031317e+01	5.71501095e+01	6.20624773e+01	2.35302213e+00	2.55934564e+00
5.70800000e+02	8.05488260e-04	1.22088729e-03	1.84871881e+01	2.80212314e+01	6.18237488e+01	6.18237488e+01	5.93401250e+01	6.45263004e+01	2.48362377e+00	2.70255164e+00
5.70900000e+02	7.94456102e-04	1.23458861e-03	1.82339832e+01	2.83356977e+01	6.41508672e+01	6.41508672e+01	6.15329050e+01	6.70007925e+01	2.61796215e+00	2.84992531e+00
5.71000000e+02	7.80829699e-04	1.24558326e-03	1.79212364e+01	2.85880418e+01	6.64067155e+01	6.64067155e+01	6.36556325e+01	6.94027377e+01	2.75108297e+00	2.99602218e+00
5.71100000e+02	7.65439996e-04	1.25378770e-03	1.75680191e+01	2.87763462e+01	6.85149603e+01	6.85149603e+01	6.56368440e+01	7.16504506e+01	2.87811631e+00	3.13549034e+00
5.71200000e+02	7.49109749e-04	1.25912576e-03	1.71932150e+01	2.88988630e+01	7.04007057e+01	7.04007057e+01	6.74064292e+01	7.36637762e+01	2.99427657e+00	3.26307046e+00
5.71300000e+02	7.32456221e-04	1.26150608e-03	1.68109911e+01	2.89534949e+01	7.20041905e+01	7.20041905e+01	6.89084065e+01	7.53787998e+01	3.09578399e+00	3.37460929e+00
5.71400000e+02	7.15279892e-04	1.25926273e-03	1.64167680e+01	2.89020066e+01	7.31678525e+01	7.31678525e+01	6.99933745e+01	7.66290259e+01	3.17447795e+00	3.46117338e+00
5.71500000e+02	6.97565698e-04	1.25022940e-03	1.60102001e+01	2.86946779e+01	7.36669171e+01	7.36669171e+01	7.04484667e+01	7.71766380e+01	3.21845039e+00	3.50972091e+00
5.71600000e+02	6.80243426e-04	1.23515842e-03	1.56126275e+01	2.83487758e+01	7.35042106e+01	7.35042106e+01	7.02772779e+01	7.70236003e+01	3.22693270e+00	3.51938971e+00
5.71700000e+02	6.64218978e-04	1.21477524e-03	1.52448419e+01	2.78809505e+01	7.26816992e+01	7.26816992e+01	6.94825650e+01	7.61709932e+01	3.19913420e+00	3.48929403e+00
5.71800000e+02	6.50374368e-04	1.18977842e-03	1.49270869e+01	2.73072352e+01	7.12004883e+01	7.12004883e+01	6.80662461e+01	7.46190127e+01	3.13424219e+00	3.41852446e+00
5.71900000e+02	6.38521158e-04	1.16120260e-03	1.46550376e+01	2.66513765e+01	6.91838507e+01	6.91838507e+01	6.61448690e+01	7.24983013e+01	3.03898169e+00	3.31445065e+00
5.72000000e+02	6.32334961e-04	1.13368147e-03	1.45130549e+01	2.60197244e+01	6.68160979e+01	6.68160979e+01	6.38965998e+01	6.99998209e+01	2.91949814e+00	3.18372294e+00
5.72100000e+02	6.33755094e-04	1.10932651e-03	1.45456491e+01	2.54607409e+01	6.41597025e+01	6.41597025e+01	6.13825131e+01	6.71875325e+01	2.77718946e+00	3.02783000e+00
5.72200000e+02	6.41904334e-04	1.08770313e-03	1.47326867e+01	2.49644511e+01	6.12407069e+01	6.12407069e+01	5.86264033e+01	6.40899601e+01	2.61430364e+00	2.84925311e+00
5.72300000e+02	6.55921268e-04	1.06840320e-03	1.50543968e+01	2.45214883e+01	5.80866312e+01	5.80866312e+01	5.56534797e+01	6.07371731e+01	2.43315147e+00	2.65054194e+00
5.72400000e+02	6.74960292e-04	1.05104512e-03	1.54913715e+01	2.41230938e+01	5.47264730e+01	5.47264730e+01	5.24903665e+01	5.71607876e+01	2.23610648e+00	2.43431458e+00
5.72500000e+02	6.97216986e-04	1.03525197e-03	1.60021967e+01	2.37606168e+01	5.12677425e+01	5.12677425e+01	4.92370885e+01	5.34765513e+01	2.03065405e+00	2.20880872e+00
5.72600000e+02	7.22206717e-04	1.02190670e-03	1.65757492e+01	2.34543225e+01	4.78419914e+01	4.78419914e+01	4.60177405e+01	4.98241934e+01	1.82425097e+00	1.98220194e+00
5.72700000e+02	7.48849777e-04	1.01064606e-03	1.71872482e+01	2.31958734e+01	4.44991810e+01	4.44991810e+01	4.28785669e+01	4.62577696e+01	1.62061405e+00	1.75858862e+00
5.72800000e+02	7.75919429e-04	1.00090297e-03	1.78085382e+01	2.29722547e+01	4.12799771e+01	4.12799771e+01	3.98568648e+01	4.28216625e+01	1.42311227e+00	1.54168541e+00
5.72900000e+02	8.02203866e-04	9.92148774e-04	1.84118062e+01	2.27713325e+01	3.82278348e+01	3.82278348e+01	3.69925870e+01	3.95631894e+01	1.23524783e+00	1.33535455e+00
5.73000000e+02	8.26506213e-04	9.83893174e-04	1.89695823e+01	2.25818539e+01	3.53889986e+01	3.53889986e+01	3.43283425e+01	3.65326024e+01	1.06065611e+00	1.14360381e+00
5.73100000e+02	8.51050719e-04	9.76746854e-04	1.95329162e+01	2.24178349e+01	3.26461828e+01	3.26461828e+01	3.17552643e+01	3.36033469e+01	8.90918469e-01	9.57164140e-01
5.73200000e+02	8.74693707e-04	9.69093662e-04	2.00755590e+01	2.22421824e+01	2.99238472e+01	2.99238472e+01	2.92006894e+01	3.06967566e+01	7.23157799e-01	7.72909434e-01
5.73300000e+02	8.97093855e-04	9.61122454e-04	2.05896767e+01	2.20592310e+01	2.72694690e+01	2.72694690e+01	2.67092393e+01	2.78634436e+01	5.60229674e-01	5.93974684e-01
5.73400000e+02	9.17943104e-04	9.53055293e-04	2.10681988e+01	2.18740773e+01	2.47312827e+01	2.47312827e+01	2.43262858e+01	2.51547849e+01	4.04996986e-01	4.23502173e-01
5.73500000e+02	9.36966660e-04	9.45147451e-04	2.15048185e+01	2.16925802e+01	2.23582807e+01	2.23582807e+01	2.20979508e+01	2.26229222e+01	2.60329948e-01	2.64641472e-01
5.73600000e+02	9.53718846e-04	9.36800476e-04	2.18893069e+01	2.15010044e+01	2.01242955e+01	2.01242955e+01	1.98398349e+01	2.04030556e+01	2.84460653e-01	2.78760076e-01
5.73700000e+02	9.66100605e-04	9.24236237e-04	2.21734872e+01	2.12126359e+01	1.78059813e+01	1.78059813e+01	1.74220159e+01	1.81758405e+01	3.83965319e-01	3.69859288e-01
5.73800000e+02	9.71640273e-04	9.05328786e-04	2.23006310e+01	2.07786809e+01	1.53826760e+01	1.53826760e+01	1.49027096e+01	1.58402991e+01	4.79966452e-01	4.57623061e-01
5.73900000e+02	9.70752518e-04	8.80320770e-04	2.22802557e+01	2.02047087e+01	1.28459512e+01	1.28459512e+01	1.22727254e+01	1.33887064e+01	5.73225780e-01	5.42755164e-01
5.74000000e+02	9.63848936e-04	8.49436203e-04	2.21218079e+01	1.94958606e+01	1.01856839e+01	1.01856839e+01	9.52111923e+00	1.08116976e+01	6.64564639e-01	6.26013726e-01
5.74100000e+02	9.51338047e-04	8.12880456e-04	2.18346639e+01	1.86568503e+01	7.39005673e+00	7.39005673e+00	6.63519276e+00	8.09826797e+00	7.54863970e-01	7.08211238e-01
5.74200000e+02	9.33564408e-04	7.71328911e-04	2.14267317e+01	1.77031788e+01	4.50149114e+00	4.50149114e+00	3.65857019e+00	5.28974749e+00	8.42920955e-01	7.88256353e-01
5.74300000e+02	9.10140062e-04	7.25434527e-04	2.08891071e+01	1.66498324e+01	1.61967687e+00	1.61967687e+00	6.95063754e-01	2.48205419e+00	9.24613115e-01	8.62377324e-01
5.74400000e+02	8.81030828e-04	6.75443398e-04	2.02210056e+01	1.55024595e+01	0.00000000e+00	-1.22693121e+00	0.00000000e+00	0.00000000e+00	1.22693121e+00	1.22693121e+00
5.74500000e+02	8.46864285e-04	6.21759057e-04	1.94368312e+01	1.42703218e+01	0.00000000e+00	-4.04730256e+00	0.00000000e+00	0.00000000e+00	4.04730256e+00	4.04730256e+00
5.74600000e+02	8.08253267e-04	5.64771102e-04	1.85506492e+01	1.29623610e+01	0.00000000e+00	-6.85066094e+00	0.00000000e+00	0.00000000e+00	6.85066094e+00	6.85066094e+00
5.74700000e+02	7.65795864e-04	5.04855193e-04	1.75761869e+01	1.15871992e+01	0.00000000e+00	-9.64648442e+00	0.00000000e+00	0.00000000e+00	9.64648442e+00	9.64648442e+00
5.74800000e+02	7.20413197e-04	4.44123259e-04	1.65345852e+01	1.01933084e+01	0.00000000e+00	-1.22894004e+01	0.00000000e+00	0.00000000e+00	1.22894004e+01	1.22894004e+01
5.74900000e+02	6.73636562e-04	3.84320304e-04	1.54609899e+01	8.82073904e+00	0.00000000e+00	-1.47219684e+01	0.00000000e+00	0.00000000e+00	1.47219684e+01	1.47219684e+01
5.75000000e+02	6.26154964e-04	3.26273993e-04	1.43712145e+01	7.48848740e+00	0.00000000e+00	-1.69139089e+01	0.00000000e+00	0.00000000e+00	1.69139089e+01	1.69139089e+01
5.75100000e+02	5.78409831e-04	2.70714522e-04	1.32753907e+01	6.21331251e+00	0.00000000e+00	-1.88249646e+01	0.00000000e+00	0.00000000e+00	1.88249646e+01	1.88249646e+01
5.75200000e+02	5.30839346e-04	2.18379096e-04	1.21835753e+01	5.01213440e+00	0.00000000e+00	-2.04138832e+01	0.00000000e+00	0.00000000e+00	2.04138832e+01	2.04138832e+01
5.75300000e+02	4.83878455e-04	1.70011932e-04	1.11057510e+01	3.90203399e+00	0.00000000e+00	-2.16384171e+01	0.00000000e+00	0.00000000e+00	2.16384171e+01	2.16384171e+01
5.75400000e+02	4.34816016e-04	1.21732374e-04	9.97969290e+00	2.79394425e+00	0.00000000e+00	-2.26828010e+01	0.00000000e+00	0.00000000e+00	2.26828010e+01	2.26828010e+01
5.75500000e+02	3.86802743e-04	7.49370828e-05	8.87771481e+00	1.71992072e+00	0.00000000e+00	-2.36577129e+01	0.00000000e+00	0.00000000e+00	2.36577129e+01	2.36577129e+01
5.75600000e+02	3.38841667e-04	2.90331454e-05	7.77693474e+00	6.66355113e-01	0.00000000e+00	-2.45438818e+01	0.00000000e+00	0.00000000e+00	2.45438818e+01	2.45438818e+01
5.75700000e+02	2.89939435e-04	-1.65842691e-05	6.65455369e+00	-3.80634353e-01	0.00000000e+00	-2.53235738e+01	0.00000000e+00	0.00000000e+00	2.53235738e+01	2.53235738e+01
5.75800000e+02	2.39106310e-04	-6.25319078e-05	5.48785567e+00	-1.43520297e+00	0.00000000e+00	-2.59805927e+01	0.00000000e+00	0.00000000e+00	2.59805927e+01	2.59805927e+01
5.75900000e+02	1.86254357e-04	-1.09043238e-04	4.27482249e+00	-2.50270916e+00	0.00000000e+00	-2.65321396e+01	0.00000000e+00	0.00000000e+00	2.65321396e+01	2.65321396e+01
5.76000000e+02	1.34339394e-04	-1.55026435e-04	3.08329466e+00	-3.55809390e+00	0.00000000e+00	-2.71048352e+01	0.00000000e+00	0.00000000e+00	2.71048352e+01	2.71048352e+01
5.76100000e+02	8.09395865e-05	-2.01770008e-04	1.85768736e+00	-4.63093042e+00	0.00000000e+00	-2.76360298e+01	0.00000000e+00	0.00000000e+00	2.76360298e+01	2.76360298e+01
5.76200000e+02	2.69127245e-05	-2.49131495e-04	6.17688207e-01	-5.71794902e+00	0.00000000e+00	-2.81806628e+01	0.00000000e+00	0.00000000e+00	2.81806628e+01	2.81806628e+01
5.76300000e+02	-2.68714143e-05	-2.96976682e-04	-6.16740076e-01	-6.81606927e+00	0.00000000e+00	-2.87955091e+01	0.00000000e+00	0.00000000e+00	2.87955091e+01	2.87955091e+01
5.76400000e+02	-7.95310652e-05	-3.45179601e-04	-1.82535964e+00	-7.92240003e+00	0.00000000e+00	-2.95391796e+01	0.00000000e+00	0.00000000e+00	2.95391796e+01	2.95391796e+01
5.76500000e+02	-1.29553120e-04	-3.91739336e-04	-2.97344234e+00	-8.99101718e+00	0.00000000e+00	-3.03260553e+01	0.00000000e+00	0.00000000e+00	3.03260553e+01	3.03260553e+01
5.76600000e+02	-1.76561931e-04	-4.35751647e-04	-4.05236648e+00	-1.00011671e+01	0.00000000e+00	-3.10923692e+01	0.00000000e+00	0.00000000e+00	3.10923692e+01	3.10923692e+01
5.76700000e+02	-2.20684581e-04	-4.78288723e-04	-5.06504883e+00	-1.09774580e+01	0.00000000e+00	-3.19396362e+01	0.00000000e+00	0.00000000e+00	3.19396362e+01	3.19396362e+01
5.76800000e+02	-2.60009541e-04	-5.17275021e-04	-5.96761682e+00	-1.18722533e+01	0.00000000e+00	-3.28068733e+01	0.00000000e+00	0.00000000e+00	3.28068733e+01	3.28068733e+01
5.76900000e+02	-2.92630194e-04	-5.50652881e-04	-6.71631073e+00	-1.26383262e+01	0.00000000e+00	-3.36345628e+01	0.00000000e+00	0.00000000e+00	3.36345628e+01	3.36345628e+01
5.77000000e+02	-3.16644842e-04	-5.76382517e-04	-7.26748365e+00	-1.32288607e+01	0.00000000e+00	-3.43646522e+01	0.00000000e+00	0.00000000e+00	3.43646522e+01	3.43646522e+01
5.77100000e+02	-3.34979348e-04	-5.96822389e-04	-7.68828860e+00	-1.36979871e+01	0.00000000e+00	-3.50050998e+01	0.00000000e+00	0.00000000e+00	3.50050998e+01	3.50050998e+01
5.77200000e+02	-3.47422479e-04	-6.11909645e-04	-7.97387749e+00	-1.40442627e+01	0.00000000e+00	-3.55665374e+01	0.00000000e+00	0.00000000e+00	3.55665374e+01	3.55665374e+01
5.77300000e+02	-3.53169378e-04	-6.20715863e-04	-8.10577762e+00	-1.42463789e+01	0.00000000e+00	-3.60176014e+01	0.00000000e+00	0.00000000e+00	3.60176014e+01	3.60176014e+01
5.77400000e+02	-3.52417074e-04	-6.23044713e-04	-8.08851110e+00	-1.42998295e+01	0.00000000e+00	-3.63217766e+01	0.00000000e+00	0.00000000e+00	3.63217766e+01	3.63217766e+01
5.77500000e+02	-3.45396856e-04	-6.18749291e-04	-7.92738636e+00	-1.42012430e+01	0.00000000e+00	-3.64449166e+01	0.00000000e+00	0.00000000e+00	3.64449166e+01	3.64449166e+01
5.77600000e+02	-3.32374274e-04	-6.07732125e-04	-7.62849817e+00	-1.39483822e+01	0.00000000e+00	-3.63552438e+01	0.00000000e+00	0.00000000e+00	3.63552438e+01	3.63552438e+01
5.77700000e+02	-3.14644043e-04	-5.91432766e-04	-7.22156223e+00	-1.35742870e+01	0.00000000e+00	-3.60975837e+01	0.00000000e+00	0.00000000e+00	3.60975837e+01	3.60975837e+01
5.77800000e+02	-2.90546712e-04	-5.66266824e-04	-6.66849161e+00	-1.29966901e+01	0.00000000e+00	-3.54330302e+01	0.00000000e+00	0.00000000e+00	3.54330302e+01	3.54330302e+01
5.77900000e+02	-2.61061753e-04	-5.33299743e-04	-5.99176669e+00	-1.22400451e+01	0.00000000e+00	-3.43930323e+01	0.00000000e+00	0.00000000e+00	3.43930323e+01	3.43930323e+01
5.78000000e+02	-2.27308886e-04	-4.93830183e-04	-5.21708675e+00	-1.13341583e+01	0.00000000e+00	-3.30219576e+01	0.00000000e+00	0.00000000e+00	3.30219576e+01	3.30219576e+01
5.78100000e+02	-1.90429450e-04	-4.49181976e-04	-4.37064727e+00	-1.03094137e+01	0.00000000e+00	-3.13650400e+01	0.00000000e+00	0.00000000e+00	3.13650400e+01	3.13650400e+01
5.78200000e+02	-1.51510342e-04	-4.00528893e-04	-3.47739419e+00	-9.19275097e+00	0.00000000e+00	-2.94562887e+01	0.00000000e+00	0.00000000e+00	2.94562887e+01	2.94562887e+01
5.78300000e+02	-1.11025035e-04	-3.47002331e-04	-2.54819443e+00	-7.96423446e+00	0.00000000e+00	-2.71665582e+01	0.00000000e+00	0.00000000e+00	2.71665582e+01	2.71665582e+01
5.78400000e+02	-7.03148940e-05	-2.87861697e-04	-1.61383441e+00	-6.60686642e+00	0.00000000e+00	-2.43094345e+01	0.00000000e+00	0.00000000e+00	2.43094345e+01	2.43094345e+01
5.78500000e+02	-3.03663890e-05	-2.24633226e-04	-6.96955093e-01	-5.15567627e+00	0.00000000e+00	-2.09638695e+01	0.00000000e+00	0.00000000e+00	2.09638695e+01	2.09638695e+01
5.78600000e+02	7.81507221e-06	-1.58835091e-04	1.79367866e-01	-3.64550839e+00	0.00000000e+00	-1.72064333e+01	0.00000000e+00	0.00000000e+00	1.72064333e+01	1.72064333e+01
5.78700000e+02	4.32051423e-05	-9.19774036e-05	9.91624127e-01	-2.11102215e+00	0.00000000e+00	-1.31113135e+01	0.00000000e+00	0.00000000e+00	1.31113135e+01	1.31113135e+01
5.78800000e+02	7.61836753e-05	-2.43864079e-05	1.74853192e+00	-5.59705376e-01	0.00000000e+00	-8.74345580e+00	0.00000000e+00	0.00000000e+00	8.74345580e+00	8.74345580e+00
5.78900000e+02	1.08856173e-04	4.43269570e-05	2.49841574e+00	1.01737149e+00	0.00000000e+00	-4.23360356e+00	0.00000000e+00	0.00000000e+00	4.23360356e+00	4.23360356e+00
5.79000000e+02	1.40967362e-04	1.12498253e-04	3.23541665e+00	2.58200705e+00	2.65373009e-01	2.65373009e-01	1.22702874e-01	3.98450592e-01	1.42670135e-01	1.33077583e-01
5.79100000e+02	1.72248635e-04	1.79694517e-04	3.95336973e+00	4.12426413e+00	4.73016247e+00	4.73016247e+00	4.64942263e+00	4.81482650e+00	8.07398340e-02	8.46640397e-02
5.79200000e+02	2.02442881e-04	2.45501130e-04	4.64637389e+00	5.63462659e+00	9.13843161e+00	9.13843161e+00	8.85368903e+00	9.44586718e+00	2.84742576e-01	3.07435578e-01
5.79300000e+02	2.31304487e-04	3.09521816e-04	5.30879191e+00	7.10399930e+00	1.34688255e+01	1.34688255e+01	1.29828945e+01	1.39959794e+01	4.85931041e-01	5.27153942e-01
5.79400000e+02	2.59460335e-04	3.71596765e-04	5.95501171e+00	8.52871436e+00	1.76536601e+01	1.76536601e+01	1.69735644e+01	1.83928551e+01	6.80095693e-01	7.39194988e-01
5.79500000e+02	2.87101449e-04	4.30256229e-04	6.58941756e+00	9.87503881e+00	2.15240596e+01	2.15240596e+01	2.06659696e+01	2.24575965e+01	8.58089973e-01	9.33536879e-01
5.79600000e+02	3.14177872e-04	4.84827025e-04	7.21086290e+00	1.11275221e+01	2.50138592e+01	2.50138592e+01	2.39974056e+01	2.61202501e+01	1.01645360e+00	1.10639087e+00
5.79700000e+02	3.40921171e-04	5.35468668e-04	7.82466253e+00	1.22898253e+01	2.81208568e+01	2.81208568e+01	2.69660159e+01	2.93782303e+01	1.15484099e+00	1.25737341e+00
5.79800000e+02	3.67579712e-04	5.82344707e-04	8.43651684e+00	1.33657021e+01	3.08419044e+01	3.08419044e+01	2.95690646e+01	3.22279318e+01	1.27283979e+00	1.38602745e+00
5.79900000e+02	3.94418661e-04	6.25622725e-04	9.05251179e+00	1.43589988e+01	3.31729074e+01	3.31729074e+01	3.18029365e+01	3.46647298e+01	1.36997086e+00	1.49182240e+00
5.80000000e+02	4.20800808e-04	6.65081282e-04	9.65802243e+00	1.52646331e+01	3.51426163e+01	3.51426163e+01	3.36942276e+01	3.67197483e+01	1.44838875e+00	1.57713195e+00
5.80100000e+02	4.45148667e-04	7.01123997e-04	1.02168430e+01	1.60918685e+01	3.69215044e+01	3.69215044e+01	3.54028100e+01	3.85751056e+01	1.51869444e+00	1.65360119e+00
5.80200000e+02	4.67679775e-04	7.33801333e-04	1.07339664e+01	1.68418634e+01	3.84971345e+01	3.84971345e+01	3.69171212e+01	4.02174019e+01	1.58001331e+00	1.72026743e+00
5.80300000e+02	4.88826205e-04	7.63107237e-04	1.12193094e+01	1.75144788e+01	3.98337156e+01	3.98337156e+01	3.82036956e+01	4.16082901e+01	1.63002003e+00	1.77457444e+00
5.80400000e+02	5.09014733e-04	7.89040085e-04	1.16826670e+01	1.81096773e+01	4.08963503e+01	4.08963503e+01	3.92299084e+01	4.27103740e+01	1.66644186e+00	1.81402370e+00
5.80500000e+02	5.28578058e-04	8.11556428e-04	1.21316752e+01	1.86264618e+01	4.16534324e+01	4.16534324e+01	3.99661588e+01	4.34898442e+01	1.68727362e+00	1.83641179e+00
5.80600000e+02	5.43735961e-04	8.28481176e-04	1.24795723e+01	1.90149107e+01	4.21856558e+01	4.21856558e+01	4.04851257e+01	4.40362554e+01	1.70053017e+00	1.85059952e+00
5.80700000e+02	5.55289736e-04	8.40058336e-04	1.27447491e+01	1.92806242e+01	4.24532723e+01	4.24532723e+01	4.07499608e+01	4.43066654e+01	1.70331148e+00	1.85339315e+00
5.80800000e+02	5.62497161e-04	8.45698959e-04	1.29101706e+01	1.94100852e+01	4.24552369e+01	4.24552369e+01	4.07589416e+01	4.43007882e+01	1.69629538e+00	1.84555130e+00
5.80900000e+02	5.64591764e-04	8.44808941e-04	1.29582449e+01	1.93896579e+01	4.21919403e+01	4.21919403e+01	4.05116805e+01	4.40198830e+01	1.68025980e+00	1.82794274e+00
5.81000000e+02	5.60782819e-04	8.36789015e-04	1.28708238e+01	1.92055883e+01	4.16652081e+01	4.16652081e+01	4.00091253e+01	4.34667544e+01	1.65608274e+00	1.80154637e+00
5.81100000e+02	5.51403436e-04	8.21540429e-04	1.26555526e+01	1.88556099e+01	4.08376313e+01	4.08376313e+01	3.92161805e+01	4.26014525e+01	1.62145081e+00	1.76382119e+00
5.81200000e+02	5.39036841e-04	7.99179694e-04	1.23717203e+01	1.83423968e+01	3.95111591e+01	3.95111591e+01	3.79478525e+01	4.12115689e+01	1.56330660e+00	1.70040976e+00
5.81300000e+02	5.23550011e-04	7.68125570e-04	1.20162739e+01	1.76296572e+01	3.75316526e+01	3.75316526e+01	3.60580472e+01	3.91341567e+01	1.47360539e+00	1.60250411e+00
5.81400000e+02	5.04945728e-04	7.28608799e-04	1.15892771e+01	1.67226868e+01	3.49229576e+01	3.49229576e+01	3.35693483e+01	3.63944441e+01	1.35360930e+00	1.47148651e+00
5.81500000e+02	4.83231976e-04	6.80848956e-04	1.10909133e+01	1.56265253e+01	3.17073317e+01	3.17073317e+01	3.05028406e+01	3.30159729e+01	1.20449108e+00	1.30864122e+00
5.81600000e+02	4.58421939e-04	6.25054444e-04	1.05214850e+01	1.43459559e+01	2.79054439e+01	2.79054439e+01	2.68781099e+01	2.90205984e+01	1.02733408e+00	1.11515445e+00
5.81700000e+02	4.32497395e-04	5.64463970e-04	9.92647700e+00	1.29553118e+01	2.36939080e+01	2.36939080e+01	2.28643593e+01	2.45930072e+01	8.29548747e-01	8.99099129e-01
5.81800000e+02	4.08253505e-04	5.03155135e-04	9.37004264e+00	1.15481803e+01	1.92706681e+01	1.92706681e+01	1.86517947e+01	1.99395576e+01	6.18873460e-01	6.68889494e-01
5.81900000e+02	3.86652137e-04	4.42552714e-04	8.87425819e+00	1.01572619e+01	1.47060935e+01	1.47060935e+01	1.43080028e+01	1.51336454e+01	3.98090636e-01	4.27551933e-01
5.82000000e+02	3.68385433e-04	3.83978461e-04	8.45500937e+00	8.81289324e+00	1.00817542e+01	1.00817542e+01	9.91091093e+00	1.02608155e+01	1.70843305e-01	1.79061304e-01
5.82100000e+02	3.54183988e-04	3.28788686e-04	8.12906449e+00	7.54620345e+00	5.47969613e+00	5.47969613e+00	5.29999770e+00	5.65083772e+00	1.79698432e-01	1.71141587e-01
5.82200000e+02	3.44816856e-04	2.78374248e-04	7.91407447e+00	6.38911495e+00	9.82440269e-01	9.82440269e-01	6.45838499e-01	1.29665447e+00	3.36601770e-01	3.14214199e-01
5.82300000e+02	3.38603361e-04	2.32405150e-04	7.77146526e+00	5.33405382e+00	0.00000000e+00	-3.30767766e+00	0.00000000e+00	0.00000000e+00	3.30767766e+00	3.30767766e+00
5.82400000e+02	3.34945010e-04	1.92937229e-04	7.68750051e+00	4.42820462e+00	0.00000000e+00	-7.12748078e+00	0.00000000e+00	0.00000000e+00	7.12748078e+00	7.12748078e+00
5.82500000e+02	3.34068688e-04	1.61019165e-04	7.66738756e+00	3.69563621e+00	0.00000000e+00	-1.03860277e+01	0.00000000e+00	0.00000000e+00	1.03860277e+01	1.03860277e+01
5.82600000e+02	3.36219705e-04	1.37305443e-04	7.71675670e+00	3.15137002e+00	0.00000000e+00	-1.30350010e+01	0.00000000e+00	0.00000000e+00	1.30350010e+01	1.30350010e+01
5.82700000e+02	3.41657512e-04	1.22484693e-04	7.84156270e+00	2.81121113e+00	0.00000000e+00	-1.50236717e+01	0.00000000e+00	0.00000000e+00	1.50236717e+01	1.50236717e+01
5.82800000e+02	3.50655699e-04	1.17279689e-04	8.04808484e+00	2.69174831e+00	0.00000000e+00	-1.62988994e+01	0.00000000e+00	0.00000000e+00	1.62988994e+01	1.62988994e+01
5.82900000e+02	3.60663769e-04	1.17465252e-04	8.27778538e+00	2.69600727e+00	0.00000000e+00	-1.70939333e+01	0.00000000e+00	0.00000000e+00	1.70939333e+01	1.70939333e+01
5.83000000e+02	3.71503851e-04	1.22908303e-04	8.52658184e+00	2.82093361e+00	0.00000000e+00	-1.74081828e+01	0.00000000e+00	0.00000000e+00	1.74081828e+01	1.74081828e+01
5.83100000e+02	3.82886093e-04	1.33389807e-04	8.78782170e+00	3.06150017e+00	0.00000000e+00	-1.72409126e+01	0.00000000e+00	0.00000000e+00	1.72409126e+01	1.72409126e+01
5.83200000e+02	3.94515560e-04	1.48690414e-04	9.05473577e+00	3.41267252e+00	0.00000000e+00	-1.65910063e+01	0.00000000e+00	0.00000000e+00	1.65910063e+01	1.65910063e+01
5.83300000e+02	4.06092237e-04	1.68590460e-04	9.32043821e+00	3.86940904e+00	0.00000000e+00	-1.54569671e+01	0.00000000e+00	0.00000000e+00	1.54569671e+01	1.54569671e+01
5.83400000e+02	4.17398714e-04	1.92336349e-04	9.57993917e+00	4.41441352e+00	0.00000000e+00	-1.38997229e+01	0.00000000e+00	0.00000000e+00	1.38997229e+01	1.38997229e+01
5.83500000e+02	4.28688881e-04	2.17466792e-04	9.83906578e+00	4.99119563e+00	0.00000000e+00	-1.21967076e+01	0.00000000e+00	0.00000000e+00	1.21967076e+01	1.21967076e+01
5.83600000e+02	4.40123291e-04	2.43534624e-04	1.01015030e+01	5.58949227e+00	0.00000000e+00	-1.04076367e+01	0.00000000e+00	0.00000000e+00	1.04076367e+01	1.04076367e+01
5.83700000e+02	4.51347389e-04	2.69681259e-04	1.03591132e+01	6.18959755e+00	0.00000000e+00	-8.59323066e+00	0.00000000e+00	0.00000000e+00	8.59323066e+00	8.59323066e+00
5.83800000e+02	4.62009861e-04	2.95032061e-04	1.06038333e+01	6.77143724e+00	0.00000000e+00	-6.81614861e+00	0.00000000e+00	0.00000000e+00	6.81614861e+00	6.81614861e+00
5.83900000e+02	4.71762641e-04	3.18696342e-04	1.08276745e+01	7.31456871e+00	0.00000000e+00	-5.14098808e+00	0.00000000e+00	0.00000000e+00	5.14098808e+00	5.14098808e+00
5.84000000e+02	4.80242925e-04	3.40645840e-04	1.10223100e+01	7.81834327e+00	0.00000000e+00	-3.54117505e+00	0.00000000e+00	0.00000000e+00	3.54117505e+00	3.54117505e+00
5.84100000e+02	4.85501731e-04	3.60521982e-04	1.11430076e+01	8.27453114e+00	0.00000000e+00	-1.89552178e+00	0.00000000e+00	0.00000000e+00	1.89552178e+00	1.89552178e+00
5.84200000e+02	4.86063915e-04	3.77199322e-04	1.11559106e+01	8.65730161e+00	0.00000000e+00	-2.01402965e-01	0.00000000e+00	2.95317355e-01	2.01402965e-01	4.96720320e-01
5.84300000e+02	4.82205317e-04	3.90449318e-04	1.10673499e+01	8.96140929e+00	1.49489271e+00	1.49489271e+00	1.02867028e+00	1.93019832e+00	4.66222427e-01	4.35305610e-01
5.84400000e+02	4.74178897e-04	4.00028723e-04	1.08831313e+01	9.18127130e+00	3.14740416e+00	3.14740416e+00	2.75124445e+00	3.51857927e+00	3.96159709e-01	3.71175104e-01
5.84500000e+02	4.62214738e-04	4.05679585e-04	1.06085355e+01	9.31096723e+00	4.71049797e+00	4.71049797e+00	4.38534044e+00	5.01660621e+00	3.25157535e-01	3.06108241e-01
5.84600000e+02	4.47033911e-04	4.08737825e-04	1.02601123e+01	9.38115852e+00	6.26486788e+00	6.26486788e+00	6.01386893e+00	6.50296312e+00	2.50998953e-01	2.38095240e-01
5.84700000e+02	4.28486711e-04	4.08872262e-04	9.83442567e+00	9.38424406e+00	7.78814564e+00	7.78814564e+00	7.61379285e+00	7.95588942e+00	1.74352789e-01	1.67743779e-01
5.84800000e+02	4.06795615e-04	4.06097113e-04	9.33658182e+00	9.32055015e+00	9.26371058e+00	9.26371058e+00	9.16763349e+00	9.35955232e+00	9.60770944e-02	9.58417372e-02
5.84900000e+02	3.82439255e-04	4.00890367e-04	8.77756609e+00	9.20104734e+00	1.07024809e+01	1.07024809e+01	1.05125957e+01	1.09020903e+01	1.89885145e-01	1.99609440e-01
5.85000000e+02	3.55870957e-04	3.93719067e-04	8.16778301e+00	9.03645503e+00	1.21162922e+01	1.21162922e+01	1.18251658e+01	1.24273658e+01	2.91126465e-01	3.11073565e-01
5.85100000e+02	3.27518742e-04	3.85039316e-04	7.51705629e+00	8.83724146e+00	1.35178980e+01	1.35178980e+01	1.31244153e+01	1.39416958e+01	3.93482708e-01	4.23797793e-01
5.85200000e+02	2.99563967e-04	3.74803163e-04	6.87545142e+00	8.60230609e+00	1.47247908e+01	1.47247908e+01	1.42396728e+01	1.52495621e+01	4.85117970e-01	5.24771305e-01
5.85300000e+02	2.75449147e-04	3.63939266e-04	6.32197940e+00	8.35296303e+00	1.55537232e+01	1.55537232e+01	1.50008120e+01	1.61532713e+01	5.52911170e-01	5.99548143e-01
5.85400000e+02	2.55436102e-04	3.52643316e-04	5.86264939e+00	8.09370371e+00	1.60038054e+01	1.60038054e+01	1.54072489e+01	1.66515930e+01	5.96556464e-01	6.47787611e-01
5.85500000e+02	2.39734661e-04	3.41085742e-04	5.50227729e+00	7.82843969e+00	1.60757427e+01	1.60757427e+01	1.54598588e+01	1.67450418e+01	6.15883965e-01	6.69299054e-01
5.85600000e+02	2.28565144e-04	3.29427765e-04	5.24591980e+00	7.56087129e+00	1.57684266e+01	1.57684266e+01	1.51578093e+01	1.64322014e+01	6.10617212e-01	6.63774868e-01
5.85700000e+02	2.21951190e-04	3.17708526e-04	5.09411944e+00	7.29189683e+00	1.50840166e+01	1.50840166e+01	1.45031692e+01	1.57153311e+01	5.80847415e-01	6.31314431e-01
5.85800000e+02	2.19114362e-04	3.05584072e-04	5.02900990e+00	7.01362205e+00	1.40499742e+01	1.40499742e+01	1.35211740e+01	1.46243466e+01	5.28800253e-01	5.74372410e-01
5.85900000e+02	2.21780303e-04	2.94220826e-04	5.09019731e+00	6.75281816e+00	1.26475648e+01	1.26475648e+01	1.21957876e+01	1.31375204e+01	4.51777192e-01	4.89955542e-01
5.86000000e+02	2.29373275e-04	2.83221978e-04	5.26446763e+00	6.50037777e+00	1.08822410e+01	1.08822410e+01	1.05316048e+01	1.12612571e+01	3.50636235e-01	3.79016133e-01
5.86100000e+02	2.41336757e-04	2.72188931e-04	5.53904786e+00	6.24715246e+00	8.75770515e+00	8.75770515e+00	8.53158159e+00	9.00008875e+00	2.26123566e-01	2.42383596e-01
5.86200000e+02	2.57133445e-04	2.60721299e-04	5.90160601e+00	5.98395277e+00	6.27590945e+00	6.27590945e+00	6.19703591e+00	6.35667391e+00	7.88735466e-02	8.07644548e-02
5.86300000e+02	2.76315572e-04	2.49398607e-04	6.34186519e+00	5.72407965e+00	3.53374911e+00	3.53374911e+00	3.36602730e+00	3.69240135e+00	1.67721806e-01	1.58652243e-01
5.86400000e+02	2.97341135e-04	2.39519620e-04	6.82443402e+00	5.49734177e+00	7.92196512e-01	7.92196512e-01	4.99897383e-01	1.06501291e+00	2.92299129e-01	2.72816400e-01
5.86500000e+02	3.18564936e-04	2.30898446e-04	7.31155273e+00	5.29947264e+00	0.00000000e+00	-1.83426586e+00	0.00000000e+00	0.00000000e+00	1.83426586e+00	1.83426586e+00
5.86600000e+02	3.40104970e-04	2.23810773e-04	7.80592947e+00	5.13679971e+00	0.00000000e+00	-4.32647855e+00	0.00000000e+00	0.00000000e+00	4.32647855e+00	4.32647855e+00
5.86700000e+02	3.62077426e-04	2.18544390e-04	8.31023095e+00	5.01592817e+00	0.00000000e+00	-6.66387262e+00	0.00000000e+00	0.00000000e+00	6.66387262e+00	6.66387262e+00
5.86800000e+02	3.84596687e-04	2.15399189e-04	8.82708245e+00	4.94374098e+00	0.00000000e+00	-8.82446972e+00	0.00000000e+00	0.00000000e+00	8.82446972e+00	8.82446972e+00
5.86900000e+02	4.07331853e-04	2.14489193e-04	9.34888931e+00	4.92285518e+00	0.00000000e+00	-1.07694477e+01	0.00000000e+00	0.00000000e+00	1.07694477e+01	1.07694477e+01
5.87000000e+02	4.29932845e-04	2.15880712e-04	9.86761665e+00	4.95479268e+00	0.00000000e+00	-1.24634014e+01	0.00000000e+00	0.00000000e+00	1.24634014e+01	1.24634014e+01
5.87100000e+02	4.52347832e-04	2.19824511e-04	1.03820749e+01	5.04530890e+00	0.00000000e+00	-1.38759524e+01	0.00000000e+00	0.00000000e+00	1.38759524e+01	1.38759524e+01
5.87200000e+02	4.74557442e-04	2.26627910e-04	1.08918194e+01	5.20145732e+00	0.00000000e+00	-1.49734629e+01	0.00000000e+00	0.00000000e+00	1.49734629e+01	1.49734629e+01
5.87300000e+02	4.96534361e-04	2.36606942e-04	1.13962234e+01	5.43049136e+00	0.00000000e+00	-1.57207403e+01	0.00000000e+00	0.00000000e+00	1.57207403e+01	1.57207403e+01
5.87400000e+02	5.18243336e-04	2.50086351e-04	1.18944776e+01	5.73986442e+00	0.00000000e+00	-1.60810367e+01	0.00000000e+00	0.00000000e+00	1.60810367e+01	1.60810367e+01
5.87500000e+02	5.39660708e-04	2.65448268e-04	1.23860390e+01	6.09244392e+00	0.00000000e+00	-1.62212114e+01	0.00000000e+00	0.00000000e+00	1.62212114e+01	1.62212114e+01
5.87600000e+02	5.60586100e-04	2.81819924e-04	1.28663088e+01	6.46819848e+00	0.00000000e+00	-1.62160107e+01	0.00000000e+00	0.00000000e+00	1.62160107e+01	1.62160107e+01
5.87700000e+02	5.80984058e-04	2.99149500e-04	1.33344731e+01	6.86593877e+00	0.00000000e+00	-1.60679558e+01	0.00000000e+00	0.00000000e+00	1.60679558e+01	1.60679558e+01
5.87800000e+02	6.00826533e-04	3.17418324e-04	1.37898883e+01	7.28523624e+00	0.00000000e+00	-1.57767119e+01	0.00000000e+00	0.00000000e+00	1.57767119e+01	1.57767119e+01
5.87900000e+02	6.20076246e-04	3.36595878e-04	1.42316987e+01	7.72539045e+00	0.00000000e+00	-1.53424296e+01	0.00000000e+00	0.00000000e+00	1.53424296e+01	1.53424296e+01
5.88000000e+02	6.38675937e-04	3.56626288e-04	1.46585900e+01	8.18511901e+00	0.00000000e+00	-1.47662783e+01	0.00000000e+00	0.00000000e+00	1.47662783e+01	1.47662783e+01
5.88100000e+02	6.56320131e-04	3.77305435e-04	1.50635513e+01	8.65973707e+00	0.00000000e+00	-1.40446951e+01	0.00000000e+00	0.00000000e+00	1.40446951e+01	1.40446951e+01
5.88200000e+02	6.72667229e-04	3.99113240e-04	1.54387422e+01	9.16025957e+00	0.00000000e+00	-1.30998151e+01	0.00000000e+00	0.00000000e+00	1.30998151e+01	1.30998151e+01
5.88300000e+02	6.87661494e-04	4.21769040e-04	1.57828835e+01	9.68024483e+00	0.00000000e+00	-1.19563832e+01	0.00000000e+00	0.00000000e+00	1.19563832e+01	1.19563832e+01
5.88400000e+02	7.01234003e-04	4.44984623e-04	1.60943934e+01	1.02130780e+01	0.00000000e+00	-1.06388583e+01	0.00000000e+00	0.00000000e+00	1.06388583e+01	1.06388583e+01
5.88500000e+02	7.13302642e-04	4.68464236e-04	1.63713871e+01	1.07519710e+01	0.00000000e+00	-9.17141314e+00	0.00000000e+00	0.00000000e+00	9.17141314e+00	9.17141314e+00
5.88600000e+02	7.23560387e-04	4.91743091e-04	1.66068180e+01	1.12862564e+01	0.00000000e+00	-7.57755315e+00	0.00000000e+00	0.00000000e+00	7.57755315e+00	7.57755315e+00
5.88700000e+02	7.32116676e-04	5.14359136e-04	1.68031980e+01	1.18053292e+01	0.00000000e+00	-5.91438725e+00	0.00000000e+00	0.00000000e+00	5.91438725e+00	5.91438725e+00
5.88800000e+02	7.39816862e-04	5.36279799e-04	1.69799290e+01	1.23084420e+01	0.00000000e+00	-4.25410299e+00	0.00000000e+00	0.00000000e+00	4.25410299e+00	4.25410299e+00
5.88900000e+02	7.45965733e-04	5.56923080e-04	1.71210550e+01	1.27822369e+01	0.00000000e+00	-2.60084568e+00	0.00000000e+00	0.00000000e+00	2.60084568e+00	2.60084568e+00
5.89000000e+02	7.49867141e-04	5.75701677e-04	1.72105983e+01	1.32132344e+01	0.00000000e+00	-9.59237611e-01	0.00000000e+00	0.00000000e+00	9.59237611e-01	9.59237611e-01
5.89100000e+02	7.50823998e-04	5.92022983e-04	1.72325596e+01	1.35878333e+01	6.65621957e-01	6.65621957e-01	0.00000000e+00	1.39978352e+00	6.65621957e-01	7.34161567e-01
5.89200000e+02	7.50059965e-04	6.06276667e-04	1.72150239e+01	1.39149772e+01	2.21481169e+00	2.21481169e+00	1.48550996e+00	2.89566621e+00	7.29301728e-01	6.80854521e-01
5.89300000e+02	7.48717890e-04	6.18097040e-04	1.71842212e+01	1.41862729e+01	3.55718319e+00	3.55718319e+00	2.87919240e+00	4.19116181e+00	6.77990793e-01	6.33978620e-01
5.89400000e+02	7.46671567e-04	6.26864824e-04	1.71372550e+01	1.43875069e+01	4.63840008e+00	4.63840008e+00	4.00278233e+00	5.23364943e+00	6.35617753e-01	5.95249350e-01
5.89500000e+02	7.44039662e-04	6.32623471e-04	1.70768487e+01	1.45196767e+01	5.45333937e+00	5.45333937e+00	4.85083809e+00	6.01829942e+00	6.02501285e-01	5.64960045e-01
5.89600000e+02	7.40961715e-04	6.35412459e-04	1.70062051e+01	1.45836882e+01	5.99476453e+00	5.99476453e+00	5.41570338e+00	6.53826129e+00	5.79061152e-01	5.43496752e-01
5.89700000e+02	7.37598140e-04	6.35267285e-04	1.69290059e+01	1.45803562e+01	6.25332549e+00	6.25332549e+00	5.68750728e+00	6.78466372e+00	5.65818206e-01	5.31338234e-01
5.89800000e+02	7.34974605e-04	6.33643614e-04	1.68687918e+01	1.45430905e+01	6.29742226e+00	6.29742226e+00	5.73608058e+00	6.82462087e+00	5.61341684e-01	5.27198611e-01
5.89900000e+02	7.32846216e-04	6.32568921e-04	1.68199420e+01	1.45184247e+01	6.35849952e+00	6.35849952e+00	5.80172931e+00	6.88148170e+00	5.56770215e-01	5.22982181e-01
5.90000000e+02	7.31678595e-04	6.32388173e-04	1.67931433e+01	1.45142762e+01	6.43465645e+00	6.43465645e+00	5.88197824e+00	6.95387914e+00	5.52678203e-01	5.19222692e-01
5.90100000e+02	7.32147268e-04	6.33197358e-04	1.68039001e+01	1.45328482e+01	6.48093711e+00	6.48093711e+00	5.92947078e+00	6.99906267e+00	5.51466335e-01	5.18125559e-01
5.90200000e+02	7.34947653e-04	6.35114378e-04	1.68681732e+01	1.45768468e+01	6.45305312e+00	6.45305312e+00	5.89752109e+00	6.97494672e+00	5.55532028e-01	5.21893606e-01
5.90300000e+02	7.40795054e-04	6.38279047e-04	1.70023800e+01	1.46494808e+01	6.30738354e+00	6.30738354e+00	5.74011412e+00	6.84011061e+00	5.67269425e-01	5.32727067e-01
5.90400000e+02	7.47401187e-04	6.41938592e-04	1.71540009e+01	1.47334730e+01	6.15160126e+00	6.15160126e+00	5.57139788e+00	6.69626944e+00	5.80203380e-01	5.44668180e-01
5.90500000e+02	7.55320309e-04	6.44674458e-04	1.73357569e+01	1.47962653e+01	5.79261328e+00	5.79261328e+00	5.19050776e+00	6.35743713e+00	6.02105523e-01	5.64823846e-01
5.90600000e+02	7.64628980e-04	6.46869105e-04	1.75494051e+01	1.48466358e+01	5.26409006e+00	5.26409006e+00	4.63228197e+00	5.85621943e+00	6.31808091e-01	5.92129373e-01
5.90700000e+02	7.75405848e-04	6.48907735e-04	1.77967507e+01	1.48934254e+01	4.59981771e+00	4.59981771e+00	3.93167642e+00	5.22533596e+00	6.68141290e-01	6.25518256e-01
5.90800000e+02	7.87731659e-04	6.51178290e-04	1.80796469e+01	1.49455382e+01	3.83369800e+00	3.83369800e+00	3.12376471e+00	4.49762018e+00	7.09933292e-01	6.63922181e-01
5.90900000e+02	8.01034724e-04	6.53631049e-04	1.83849726e+01	1.50018327e+01	3.00706401e+00	3.00706401e+00	2.25203368e+00	3.71242725e+00	7.55030326e-01	7.05363247e-01
5.91000000e+02	8.13123210e-04	6.55298821e-04	1.86624219e+01	1.50401107e+01	2.19737092e+00	2.19737092e+00	1.39918696e+00	2.94237659e+00	7.98183960e-01	7.45005664e-01
5.91100000e+02	8.23861580e-04	6.56773690e-04	1.89088839e+01	1.50739612e+01	1.47741690e+00	1.47741690e+00	6.40873253e-01	2.25766096e+00	8.36543651e-01	7.80244055e-01
5.91200000e+02	8.32653131e-04	6.57879411e-04	1.91106634e+01	1.50993391e+01	8.77371162e-01	8.77371162e-01	9.02795297e-03	1.68682507e+00	8.68343209e-01	8.09453903e-01
5.91300000e+02	8.38886989e-04	6.58436238e-04	1.92537400e+01	1.51121192e+01	4.28190648e-01	4.28190648e-01	0.00000000e+00	1.25916035e+00	4.28190648e-01	8.30969698e-01
5.91400000e+02	8.41938112e-04	6.58260923e-04	1.93237680e+01	1.51080954e+01	1.61620055e-01	1.61620055e-01	0.00000000e+00	1.00470499e+00	1.61620055e-01	8.43084932e-01
5.91500000e+02	8.42611373e-04	6.57534470e-04	1.93392203e+01	1.50914222e+01	3.10470975e-02	3.10470975e-02	0.00000000e+00	8.79238654e-01	3.10470975e-02	8.48191557e-01
5.91600000e+02	8.42196348e-04	6.55949723e-04	1.93296949e+01	1.50550499e+01	0.00000000e+00	-1.00509726e-01	0.00000000e+00	7.51724968e-01	1.00509726e-01	8.52234694e-01
5.91700000e+02	8.40575291e-04	6.53079899e-04	1.92924891e+01	1.49891830e+01	0.00000000e+00	-2.67993301e-01	0.00000000e+00	5.88287373e-01	2.67993301e-01	8.56280674e-01
5.91800000e+02	8.37726399e-04	6.49122303e-04	1.92271027e+01	1.48983501e+01	0.00000000e+00	-4.49045432e-01	0.00000000e+00	4.10503866e-01	4.49045432e-01	8.59549298e-01
5.91900000e+02	8.33634740e-04	6.44266641e-04	1.91331929e+01	1.47869052e+01	0.00000000e+00	-6.22660063e-01	0.00000000e+00	2.38653084e-01	6.22660063e-01	8.61313146e-01
5.92000000e+02	8.28292254e-04	6.38695015e-04	1.90105746e+01	1.46590279e+01	0.00000000e+00	-7.69183283e-01	0.00000000e+00	9.17142997e-02	7.69183283e-01	8.60897583e-01
5.92100000e+02	8.21783600e-04	6.32683603e-04	1.88611911e+01	1.45210568e+01	0.00000000e+00	-8.66692039e-01	0.00000000e+00	0.00000000e+00	8.66692039e-01	8.66692039e-01
5.92200000e+02	8.14843415e-04	6.27740267e-04	1.87019032e+01	1.44075997e+01	0.00000000e+00	-8.17658420e-01	0.00000000e+00	3.13283704e-02	8.17658420e-01	8.48986790e-01
5.92300000e+02	8.07557824e-04	6.24146647e-04	1.85346878e+01	1.43251206e+01	0.00000000e+00	-5.99708445e-01	0.00000000e+00	2.34544160e-01	5.99708445e-01	8.34252604e-01
5.92400000e+02	7.99797174e-04	6.21754372e-04	1.83565690e+01	1.42702142e+01	0.00000000e+00	-2.17770768e-01	0.00000000e+00	5.95707608e-01	2.17770768e-01	8.13478375e-01
5.92500000e+02	7.91446900e-04	6.20422406e-04	1.81649174e+01	1.42396436e+01	3.22763587e-01	3.22763587e-01	0.00000000e+00	1.10949505e+00	3.22763587e-01	7.86731461e-01
5.92600000e+02	7.82407525e-04	6.20017049e-04	1.79574499e+01	1.42303400e+01	1.01604123e+00	1.01604123e+00	2.07214301e-01	1.77015133e+00	8.08826926e-01	7.54110105e-01
5.92700000e+02	7.72761271e-04	6.20925801e-04	1.77360536e+01	1.42511972e+01	1.89579743e+00	1.89579743e+00	1.13008395e+00	2.61035055e+00	7.65713479e-01	7.14553125e-01
5.92800000e+02	7.60059137e-04	6.22815995e-04	1.74445202e+01	1.42945801e+01	3.12661063e+00	3.12661063e+00	2.42035614e+00	3.78662160e+00	7.06254494e-01	6.60010966e-01
5.92900000e+02	7.44799337e-04	6.25758433e-04	1.70942844e+01	1.43621135e+01	4.67532577e+00	4.67532577e+00	4.04310528e+00	5.26743591e+00	6.32220494e-01	5.92110138e-01
5.93000000e+02	7.27475695e-04	6.29832132e-04	1.66966804e+01	1.44556112e+01	6.51000220e+00	6.51000220e+00	5.96467005e+00	7.02243374e+00	5.45332148e-01	5.12431539e-01
5.93100000e+02	7.08577643e-04	6.35124325e-04	1.62629411e+01	1.45770751e+01	8.59991366e+00	8.59991366e+00	8.15265340e+00	9.02242412e+00	4.47260263e-01	4.22510462e-01
5.93200000e+02	6.88642995e-04	6.41597571e-04	1.58054105e+01	1.47256460e+01	1.08973902e+01	1.08973902e+01	1.05570329e+01	1.12218957e+01	3.40357333e-01	3.24505565e-01
5.93300000e+02	6.68375353e-04	6.48599565e-04	1.53402371e+01	1.48863525e+01	1.32771252e+01	1.32771252e+01	1.30470864e+01	1.35005007e+01	2.30038829e-01	2.23375456e-01
5.93400000e+02	6.48062457e-04	6.56141337e-04	1.48740250e+01	1.50594477e+01	1.57168552e+01	1.57168552e+01	1.55234005e+01	1.59145678e+01	1.93454737e-01	1.97712551e-01
5.93500000e+02	6.28317970e-04	6.64153167e-04	1.44208588e+01	1.52433314e+01	1.81593707e+01	1.81593707e+01	1.78168494e+01	1.85207782e+01	3.42521260e-01	3.61407495e-01
5.93600000e+02	6.09750578e-04	6.72568128e-04	1.39947088e+01	1.54364677e+01	2.05481582e+01	2.05481582e+01	2.00605833e+01	2.10688400e+01	4.87574973e-01	5.20681724e-01
5.93700000e+02	5.92963997e-04	6.81322085e-04	1.36094310e+01	1.56373844e+01	2.28274007e+01	2.28274007e+01	2.22023420e+01	2.34990268e+01	6.25058696e-01	6.71626085e-01
5.93800000e+02	5.77613319e-04	6.90020200e-04	1.32571095e+01	1.58370194e+01	2.49839727e+01	2.49839727e+01	2.42293558e+01	2.57978315e+01	7.54616946e-01	8.13858776e-01
5.93900000e+02	5.63353111e-04	6.97725194e-04	1.29298159e+01	1.60138608e+01	2.69482019e+01	2.69482019e+01	2.60753067e+01	2.78919154e+01	8.72895284e-01	9.43713442e-01
5.94000000e+02	5.50983982e-04	7.03977720e-04	1.26459255e+01	1.61573659e+01	2.86070182e+01	2.86070182e+01	2.76339131e+01	2.96607556e+01	9.73105084e-01	1.05373742e+00
5.94100000e+02	5.40276078e-04	7.08669931e-04	1.24001627e+01	1.62650593e+01	2.99678746e+01	2.99678746e+01	2.89120058e+01	3.11124920e+01	1.05586877e+00	1.14461743e+00
5.94200000e+02	5.30990946e-04	7.11685809e-04	1.21870547e+01	1.63342783e+01	3.10380711e+01	3.10380711e+01	2.99162620e+01	3.22551119e+01	1.12180914e+00	1.21704080e+00
5.94300000e+02	5.22881541e-04	7.12901162e-04	1.20009315e+01	1.63621725e+01	3.18247545e+01	3.18247545e+01	3.06532052e+01	3.30964499e+01	1.17154932e+00	1.27169542e+00
5.94400000e+02	5.16042574e-04	7.13226424e-04	1.18439667e+01	1.63696378e+01	3.24151988e+01	3.24151988e+01	3.12055737e+01	3.37287458e+01	1.20962513e+00	1.31354699e+00
5.94500000e+02	5.12179094e-04	7.14060407e-04	1.17552939e+01	1.63887790e+01	3.28165896e+01	3.28165896e+01	3.15818563e+01	3.41577204e+01	1.23473327e+00	1.34113084e+00
5.94600000e+02	5.11463357e-04	7.15714251e-04	1.17388667e+01	1.64267372e+01	3.30473691e+01	3.30473691e+01	3.17996873e+01	3.44026973e+01	1.24768181e+00	1.35532822e+00
5.94700000e+02	5.13247969e-04	7.18173261e-04	1.17798262e+01	1.64831752e+01	3.31586854e+01	3.31586854e+01	3.19068619e+01	3.45185106e+01	1.25182343e+00	1.35982526e+00
5.94800000e+02	5.16901081e-04	7.21434657e-04	1.18636707e+01	1.65580293e+01	3.32016641e+01	3.32016641e+01	3.19511699e+01	3.45599537e+01	1.25049423e+00	1.35828962e+00
5.94900000e+02	5.21806386e-04	7.25507569e-04	1.19762550e+01	1.66515089e+01	3.32274089e+01	3.32274089e+01	3.19803951e+01	3.45817794e+01	1.24701382e+00	1.35437052e+00
5.95000000e+02	5.28439880e-04	7.28878015e-04	1.21285038e+01	1.67288657e+01	3.30392397e+01	3.30392397e+01	3.18087605e+01	3.43753560e+01	1.23047927e+00	1.33611624e+00
5.95100000e+02	5.32514792e-04	7.29117963e-04	1.22220293e+01	1.67343729e+01	3.27326821e+01	3.27326821e+01	3.15224895e+01	3.40464905e+01	1.21019258e+00	1.31380840e+00
5.95200000e+02	5.34294720e-04	7.26202524e-04	1.22628814e+01	1.66674591e+01	3.22836893e+01	3.22836893e+01	3.10990715e+01	3.35694484e+01	1.18461781e+00	1.28575904e+00
5.95300000e+02	5.34348397e-04	7.20236884e-04	1.22641133e+01	1.65305386e+01	3.16569552e+01	3.16569552e+01	3.05056349e+01	3.29062444e+01	1.15132033e+00	1.24928919e+00
5.95400000e+02	5.33231945e-04	7.11308280e-04	1.22384891e+01	1.63256134e+01	3.08163271e+01	3.08163271e+01	2.97084941e+01	3.20180118e+01	1.10783304e+00	1.20168467e+00
5.95500000e+02	5.31442688e-04	6.99641225e-04	1.21974229e+01	1.60578367e+01	2.97447583e+01	2.97447583e+01	2.86919979e+01	3.08861644e+01	1.05276042e+00	1.14140615e+00
5.95600000e+02	5.29123722e-04	6.87160778e-04	1.21441991e+01	1.57713913e+01	2.86314366e+01	2.86314366e+01	2.76354402e+01	2.97107233e+01	9.95996373e-01	1.07928669e+00
5.95700000e+02	5.27346391e-04	6.74521117e-04	1.21034066e+01	1.54812918e+01	2.74574300e+01	2.74574300e+01	2.65219518e+01	2.84704739e+01	9.35478270e-01	1.01304381e+00
5.95800000e+02	5.26330599e-04	6.62042827e-04	1.20800926e+01	1.51948959e+01	2.62382894e+01	2.62382894e+01	2.53664757e+01	2.71816276e+01	8.71813741e-01	9.43338196e-01
5.95900000e+02	5.26286775e-04	6.50044929e-04	1.20790868e+01	1.49195258e+01	2.49901732e+01	2.49901732e+01	2.41845211e+01	2.58610495e+01	8.05652012e-01	8.70876307e-01
5.96000000e+02	5.27415883e-04	6.38844888e-04	1.21050015e+01	1.46624677e+01	2.37298477e+01	2.37298477e+01	2.29921638e+01	2.45262581e+01	7.37683904e-01	7.96410365e-01
5.96100000e+02	5.29708587e-04	6.28414987e-04	1.21576226e+01	1.44230855e+01	2.24551813e+01	2.24551813e+01	2.17873758e+01	2.31750081e+01	6.67805562e-01	7.19826825e-01
5.96200000e+02	5.33904784e-04	6.19407505e-04	1.22539317e+01	1.42163500e+01	2.11740149e+01	2.11740149e+01	2.05783130e+01	2.18147794e+01	5.95701948e-01	6.40764472e-01
5.96300000e+02	5.41338111e-04	6.13363027e-04	1.24245380e+01	1.40776200e+01	1.99385472e+01	1.99385472e+01	1.94157229e+01	2.04993309e+01	5.22824373e-01	5.60783686e-01
5.96400000e+02	5.51525108e-04	6.09794598e-04	1.26583451e+01	1.39957191e+01	1.87373177e+01	1.87373177e+01	1.82882751e+01	1.92170700e+01	4.49042536e-01	4.79752322e-01
5.96500000e+02	5.63989929e-04	6.08230148e-04	1.29444319e+01	1.39598126e+01	1.75597988e+01	1.75597988e+01	1.71855307e+01	1.79573828e+01	3.74268113e-01	3.97584048e-01
5.96600000e+02	5.78264343e-04	6.08212492e-04	1.32720515e+01	1.39594073e+01	1.63963962e+01	1.63963962e+01	1.60979415e+01	1.67106346e+01	2.98454758e-01	3.14238339e-01
5.96700000e+02	5.93996595e-04	6.10071394e-04	1.36331308e+01	1.40020720e+01	1.53101363e+01	1.53101363e+01	1.50848432e+01	1.55439014e+01	2.25293135e-01	2.33765041e-01
5.96800000e+02	6.10967457e-04	6.13192909e-04	1.40226380e+01	1.40737155e+01	1.42548086e+01	1.42548086e+01	1.41022600e+01	1.44085301e+01	1.52548638e-01	1.53721518e-01
5.96900000e+02	6.28813067e-04	6.17089435e-04	1.44322221e+01	1.41631468e+01	1.32091525e+01	1.32091525e+01	1.30193954e+01	1.33949594e+01	1.89757095e-01	1.85806864e-01
5.97000000e+02	6.47094969e-04	6.21943198e-04	1.48518197e+01	1.42745481e+01	1.22278578e+01	1.22278578e+01	1.19818721e+01	1.24653687e+01	2.45985690e-01	2.37510902e-01
5.97100000e+02	6.65385358e-04	6.27948352e-04	1.52716121e+01	1.44123755e+01	1.13659913e+01	1.13659913e+01	1.10682037e+01	1.16511647e+01	2.97787627e-01	2.85173377e-01
5.97200000e+02	6.83267084e-04	6.35310970e-04	1.56820251e+01	1.45813589e+01	1.06789969e+01	1.06789969e+01	1.03363447e+01	1.10054905e+01	3.42652232e-01	3.26493612e-01
5.97300000e+02	6.99515133e-04	6.42698452e-04	1.60549427e+01	1.47509129e+01	1.01275346e+01	1.01275346e+01	9.74681933e+00	1.04891056e+01	3.80715223e-01	3.61571069e-01
5.97400000e+02	7.11163724e-04	6.49732201e-04	1.63222957e+01	1.49123482e+01	9.91344355e+00	9.91344355e+00	9.51217271e+00	1.02940153e+01	4.01270840e-01	3.80571733e-01
5.97500000e+02	7.14817495e-04	6.61092516e-04	1.64061553e+01	1.51730848e+01	1.08012895e+01	1.08012895e+01	1.04290419e+01	1.11554346e+01	3.72247549e-01	3.54145133e-01
5.97600000e+02	7.17194098e-04	6.72171753e-04	1.64607020e+01	1.54273703e+01	1.17637397e+01	1.17637397e+01	1.14246683e+01	1.20876410e+01	3.39071387e-01	3.23901288e-01
5.97700000e+02	7.18259512e-04	6.82764008e-04	1.64851548e+01	1.56704787e+01	1.27820815e+01	1.27820815e+01	1.24796809e+01	1.30725220e+01	3.02400576e-01	2.90440508e-01
5.97800000e+02	7.17979716e-04	6.92663373e-04	1.64787331e+01	1.58976843e+01	1.38376021e+01	1.38376021e+01	1.35747088e+01	1.40919652e+01	2.62893338e-01	2.54363098e-01
5.97900000e+02	7.16320690e-04	7.01663944e-04	1.64406559e+01	1.61042612e+01	1.49115889e+01	1.49115889e+01	1.46903810e+01	1.51278582e+01	2.21207897e-01	2.16269365e-01
5.98000000e+02	7.13248411e-04	7.09559814e-04	1.63701424e+01	1.62854835e+01	1.59853290e+01	1.59853290e+01	1.58073266e+01	1.61620887e+01	1.78002476e-01	1.76759618e-01
5.98100000e+02	7.08728859e-04	7.16145079e-04	1.62664118e+01	1.64366254e+01	1.70401099e+01	1.70401099e+01	1.68363977e+01	1.72477308e+01	2.03712262e-01	2.07620834e-01
5.98200000e+02	7.02728013e-04	7.21213832e-04	1.61286832e+01	1.65529610e+01	1.80572188e+01	1.80572188e+01	1.77936267e+01	1.83305534e+01	2.63592055e-01	2.73334642e-01
5.98300000e+02	6.95211851e-04	7.24560168e-04	1.59561758e+01	1.66297645e+01	1.90179429e+01	1.90179429e+01	1.86959649e+01	1.93553884e+01	3.21977980e-01	3.37445432e-01
5.98400000e+02	6.86146353e-04	7.25978181e-04	1.57481087e+01	1.66623101e+01	1.99035696e+01	1.99035696e+01	1.95256586e+01	2.03024733e+01	3.77911050e-01	3.98903630e-01
5.98500000e+02	6.75497496e-04	7.25261965e-04	1.55037011e+01	1.66458719e+01	2.06953862e+01	2.06953862e+01	2.02649539e+01	2.11520458e+01	4.30432279e-01	4.56659662e-01
5.98600000e+02	6.63231260e-04	7.22205615e-04	1.52221723e+01	1.65757239e+01	2.13746799e+01	2.13746799e+01	2.08960972e+01	2.18843438e+01	4.78582680e-01	5.09663951e-01
5.98700000e+02	6.49313624e-04	7.16603225e-04	1.49027412e+01	1.64471405e+01	2.19227380e+01	2.19227380e+01	2.14013347e+01	2.24796049e+01	5.21403267e-01	5.56866924e-01
5.98800000e+02	6.33710567e-04	7.08248889e-04	1.45446272e+01	1.62553957e+01	2.23208478e+01	2.23208478e+01	2.17629127e+01	2.29180668e+01	5.57935053e-01	5.97219006e-01
5.98900000e+02	6.16388067e-04	6.96936701e-04	1.41470493e+01	1.59957637e+01	2.25502966e+01	2.25502966e+01	2.19630776e+01	2.31799672e+01	5.87219051e-01	6.29670621e-01
5.99000000e+02	5.97312103e-04	6.82460757e-04	1.37092267e+01	1.56635186e+01	2.25923717e+01	2.25923717e+01	2.19840754e+01	2.32455439e+01	6.08296277e-01	6.53172196e-01
5.99100000e+02	5.76448654e-04	6.64615150e-04	1.32303787e+01	1.52539346e+01	2.24283604e+01	2.24283604e+01	2.18081526e+01	2.30950345e+01	6.20207742e-01	6.66674156e-01
5.99200000e+02	5.53763700e-04	6.43193974e-04	1.27097243e+01	1.47622859e+01	2.20395499e+01	2.20395499e+01	2.14175554e+01	2.27086768e+01	6.21994462e-01	6.69126925e-01
5.99300000e+02	5.29223218e-04	6.17991324e-04	1.21464826e+01	1.41838465e+01	2.14072275e+01	2.14072275e+01	2.07945301e+01	2.20667084e+01	6.12697448e-01	6.59480929e-01
5.99400000e+02	5.02793187e-04	5.88801294e-04	1.15398730e+01	1.35138907e+01	2.05126806e+01	2.05126806e+01	1.99213229e+01	2.11493672e+01	5.91357716e-01	6.36686593e-01
5.99500000e+02	4.74439587e-04	5.55417979e-04	1.08891145e+01	1.27476925e+01	1.93371964e+01	1.93371964e+01	1.87801801e+01	1.99368907e+01	5.57016277e-01	5.99694343e-01
5.99600000e+02	4.44128396e-04	5.17635473e-04	1.01934263e+01	1.18805262e+01	1.78620621e+01	1.78620621e+01	1.73533480e+01	1.84095167e+01	5.08714147e-01	5.47454603e-01
5.99700000e+02	4.11825593e-04	4.75247869e-04	9.45202751e+00	1.09076658e+01	1.60685652e+01	1.60685652e+01	1.56230729e+01	1.65474830e+01	4.45492339e-01	4.78917799e-01
5.99800000e+02	3.77497157e-04	4.28049263e-04	8.66413738e+00	9.82438558e+00	1.39379928e+01	1.39379928e+01	1.35716010e+01	1.43310272e+01	3.66391865e-01	3.93034356e-01
5.99900000e+02	3.41109067e-04	3.75833749e-04	7.82897503e+00	8.62595963e+00	1.14516323e+01	1.14516323e+01	1.11811786e+01	1.17403870e+01	2.70453740e-01	2.88754700e-01
