Wavelength_nm	Absorbance__2107362U1_0001A	Concentration_M__2107362U1_0001A	Path_length_cm__2107362U1_0001A	Epsilon_M-1_cm-1__2107362U1_0001A	Absorbance__2107362U1_0001B	Concentration_M__2107362U1_0001B	Path_length_cm__2107362U1_0001B	Epsilon_M-1_cm-1__2107362U1_0001B	Absorbance__2107362U1_0001C	Concentration_M__2107362U1_0001C	Path_length_cm__2107362U1_0001C	Epsilon_M-1_cm-1__2107362U1_0001C	Epsilon_mean_M-1_cm-1	Epsilon_SD_M-1_cm-1	Epsilon_SEM_M-1_cm-1	Epsilon_lower_nonnegative_M-1_cm-1	Epsilon_upper_nonnegative_M-1_cm-1
2.50584122e+02	6.72122313e-01	6.82000000e-05	1	9.85516589e+03	6.55848793e-01	6.87000000e-05	1	9.54656177e+03	6.59630033e-01	6.80000000e-05	1	9.70044166e+03	9.70072310e+03	1.54302252e+02	8.90864468e+01	9.54642085e+03	9.85502536e+03
2.51184402e+02	6.73662966e-01	6.82000000e-05	1	9.87775611e+03	6.55018284e-01	6.87000000e-05	1	9.53447284e+03	6.58620475e-01	6.80000000e-05	1	9.68559522e+03	9.69927472e+03	1.72049983e+02	9.93331039e+01	9.52722474e+03	9.87132471e+03
2.51784653e+02	6.74527282e-01	6.82000000e-05	1	9.89042936e+03	6.53583674e-01	6.87000000e-05	1	9.51359060e+03	6.57049965e-01	6.80000000e-05	1	9.66249948e+03	9.68883981e+03	1.89795214e+02	1.09578318e+02	9.49904460e+03	9.87863503e+03
2.52384872e+02	6.74676868e-01	6.82000000e-05	1	9.89262270e+03	6.51602392e-01	6.87000000e-05	1	9.48475098e+03	6.54949175e-01	6.80000000e-05	1	9.63160551e+03	9.66965973e+03	2.06581531e+02	1.19269902e+02	9.46307820e+03	9.87624126e+03
2.52985077e+02	6.74073331e-01	6.82000000e-05	1	9.88377318e+03	6.49131868e-01	6.87000000e-05	1	9.44878992e+03	6.52348777e-01	6.80000000e-05	1	9.59336437e+03	9.64197583e+03	2.21528586e+02	1.27899589e+02	9.42044724e+03	9.86350441e+03
2.53585251e+02	6.72697384e-01	6.82000000e-05	1	9.86359801e+03	6.46176420e-01	6.87000000e-05	1	9.40577031e+03	6.49207772e-01	6.80000000e-05	1	9.54717312e+03	9.60551382e+03	2.34423289e+02	1.35344349e+02	9.37109053e+03	9.83993710e+03
2.54185394e+02	6.70186018e-01	6.82000000e-05	1	9.82677445e+03	6.42998308e-01	6.87000000e-05	1	9.35950958e+03	6.45691560e-01	6.80000000e-05	1	9.49546411e+03	9.56058271e+03	2.40342339e+02	1.38761714e+02	9.32024038e+03	9.80092505e+03
2.54785522e+02	6.66885817e-01	6.82000000e-05	1	9.77838441e+03	6.39329979e-01	6.87000000e-05	1	9.30611323e+03	6.41772677e-01	6.80000000e-05	1	9.43783349e+03	9.50744371e+03	2.43709264e+02	1.40705609e+02	9.26373444e+03	9.75115297e+03
2.55385620e+02	6.63049280e-01	6.82000000e-05	1	9.72213020e+03	6.35126275e-01	6.87000000e-05	1	9.24492395e+03	6.37674776e-01	6.80000000e-05	1	9.37757024e+03	9.44820813e+03	2.46320394e+02	1.42213146e+02	9.20188774e+03	9.69452853e+03
2.55985687e+02	6.59028228e-01	6.82000000e-05	1	9.66317050e+03	6.31297808e-01	6.87000000e-05	1	9.18919662e+03	6.33664724e-01	6.80000000e-05	1	9.31859888e+03	9.39032200e+03	2.44991762e+02	1.41446060e+02	9.14533024e+03	9.63531376e+03
2.56585754e+02	6.55658293e-01	6.82000000e-05	1	9.61375796e+03	6.27340115e-01	6.87000000e-05	1	9.13158828e+03	6.29737053e-01	6.80000000e-05	1	9.26083902e+03	9.33539509e+03	2.49581357e+02	1.44095864e+02	9.08581373e+03	9.58497644e+03
2.57185760e+02	6.52502549e-01	6.82000000e-05	1	9.56748606e+03	6.23641212e-01	6.87000000e-05	1	9.07774690e+03	6.25991485e-01	6.80000000e-05	1	9.20575713e+03	9.28366337e+03	2.53994385e+02	1.46643727e+02	9.02966898e+03	9.53765775e+03
2.57785767e+02	6.50570463e-01	6.82000000e-05	1	9.53915635e+03	6.20988768e-01	6.87000000e-05	1	9.03913781e+03	6.23094698e-01	6.80000000e-05	1	9.16315733e+03	9.24715050e+03	2.60376217e+02	1.50328279e+02	8.98677428e+03	9.50752671e+03
2.58385742e+02	6.49317255e-01	6.82000000e-05	1	9.52078087e+03	6.18800622e-01	6.87000000e-05	1	9.00728707e+03	6.20457632e-01	6.80000000e-05	1	9.12437694e+03	9.21748163e+03	2.69110261e+02	1.55370882e+02	8.94837137e+03	9.48659189e+03
2.58985657e+02	6.48879843e-01	6.82000000e-05	1	9.51436721e+03	6.17154675e-01	6.87000000e-05	1	8.98332861e+03	6.18324893e-01	6.80000000e-05	1	9.09301314e+03	9.19690298e+03	2.80348576e+02	1.61859326e+02	8.91655441e+03	9.47725156e+03
2.59585602e+02	6.49771006e-01	6.82000000e-05	1	9.52743411e+03	6.15838669e-01	6.87000000e-05	1	8.96417276e+03	6.16651782e-01	6.80000000e-05	1	9.06840856e+03	9.18667181e+03	2.99675630e+02	1.73017806e+02	8.88699618e+03	9.48634744e+03
2.60185486e+02	6.51146165e-01	6.82000000e-05	1	9.54759773e+03	6.14901967e-01	6.87000000e-05	1	8.95053810e+03	6.15476829e-01	6.80000000e-05	1	9.05112984e+03	9.18308855e+03	3.19655872e+02	1.84553404e+02	8.86343268e+03	9.50274443e+03
2.60785339e+02	6.51747390e-01	6.82000000e-05	1	9.55641334e+03	6.14239394e-01	6.87000000e-05	1	8.94089365e+03	6.14539379e-01	6.80000000e-05	1	9.03734381e+03	9.17821693e+03	3.31058980e+02	1.91136992e+02	8.84715795e+03	9.50927591e+03
2.61385193e+02	6.50651038e-01	6.82000000e-05	1	9.54033779e+03	6.13022148e-01	6.87000000e-05	1	8.92317536e+03	6.13646119e-01	6.80000000e-05	1	9.02420763e+03	9.16257360e+03	3.31030545e+02	1.91120574e+02	8.83154305e+03	9.49360414e+03
2.61985016e+02	6.47514268e-01	6.82000000e-05	1	9.49434411e+03	6.11697398e-01	6.87000000e-05	1	8.90389226e+03	6.12422338e-01	6.80000000e-05	1	9.00621086e+03	9.13481574e+03	3.15535670e+02	1.82174604e+02	8.81928007e+03	9.45035141e+03
2.62584778e+02	6.42643901e-01	6.82000000e-05	1	9.42293110e+03	6.09729198e-01	6.87000000e-05	1	8.87524305e+03	6.10934218e-01	6.80000000e-05	1	8.98432674e+03	9.09416696e+03	2.89895164e+02	1.67371051e+02	8.80427180e+03	9.38406213e+03
2.63184540e+02	6.35935249e-01	6.82000000e-05	1	9.32456377e+03	6.06736018e-01	6.87000000e-05	1	8.83167421e+03	6.08289205e-01	6.80000000e-05	1	8.94542948e+03	9.03388915e+03	2.58077248e+02	1.49000968e+02	8.77581191e+03	9.29196640e+03
2.63784302e+02	6.27892065e-01	6.82000000e-05	1	9.20662852e+03	6.02552429e-01	6.87000000e-05	1	8.77077771e+03	6.04623255e-01	6.80000000e-05	1	8.89151845e+03	8.95630823e+03	2.25032815e+02	1.29922757e+02	8.73127541e+03	9.18134104e+03
2.64384003e+02	6.19059968e-01	6.82000000e-05	1	9.07712563e+03	5.97130151e-01	6.87000000e-05	1	8.69185081e+03	5.99799076e-01	6.80000000e-05	1	8.82057464e+03	8.86318370e+03	1.96139797e+02	1.13241365e+02	8.66704390e+03	9.05932349e+03
2.64983673e+02	6.10069881e-01	6.82000000e-05	1	8.94530617e+03	5.90867436e-01	6.87000000e-05	1	8.60069048e+03	5.93973248e-01	6.80000000e-05	1	8.73490071e+03	8.76029912e+03	1.73706082e+02	1.00289253e+02	8.58659304e+03	8.93400520e+03
2.65583344e+02	6.02205915e-01	6.82000000e-05	1	8.82999876e+03	5.83941561e-01	6.87000000e-05	1	8.49987716e+03	5.87226478e-01	6.80000000e-05	1	8.63568350e+03	8.65518647e+03	1.65922696e+02	9.57955132e+01	8.48926378e+03	8.82110917e+03
2.66182983e+02	5.96636437e-01	6.82000000e-05	1	8.74833486e+03	5.76538644e-01	6.87000000e-05	1	8.39212001e+03	5.79658758e-01	6.80000000e-05	1	8.52439350e+03	8.55494945e+03	1.80062501e+02	1.03959134e+02	8.37488695e+03	8.73501195e+03
2.66782593e+02	5.93032497e-01	6.82000000e-05	1	8.69549116e+03	5.69225619e-01	6.87000000e-05	1	8.28567132e+03	5.71445725e-01	6.80000000e-05	1	8.40361360e+03	8.46159202e+03	2.10972037e+02	1.21804762e+02	8.25061999e+03	8.67256406e+03
2.67382172e+02	5.89454199e-01	6.82000000e-05	1	8.64302345e+03	5.61506497e-01	6.87000000e-05	1	8.17331145e+03	5.63327046e-01	6.80000000e-05	1	8.28422127e+03	8.36685206e+03	2.45516246e+02	1.41748870e+02	8.12133581e+03	8.61236830e+03
2.67981720e+02	5.83341362e-01	6.82000000e-05	1	8.55339240e+03	5.53292403e-01	6.87000000e-05	1	8.05374677e+03	5.54682535e-01	6.80000000e-05	1	8.15709610e+03	8.25474509e+03	2.63747858e+02	1.52274897e+02	7.99099723e+03	8.51849295e+03
2.68581238e+02	5.73293171e-01	6.82000000e-05	1	8.40605823e+03	5.44916269e-01	6.87000000e-05	1	7.93182342e+03	5.46425163e-01	6.80000000e-05	1	8.03566416e+03	8.12451527e+03	2.49290101e+02	1.43927707e+02	7.87522517e+03	8.37380537e+03
2.69180756e+02	5.58320714e-01	6.82000000e-05	1	8.18652074e+03	5.35495755e-01	6.87000000e-05	1	7.79469804e+03	5.37582274e-01	6.80000000e-05	1	7.90562168e+03	7.96228015e+03	2.01962608e+02	1.16603166e+02	7.76031754e+03	8.16424276e+03
2.69780243e+02	5.40008964e-01	6.82000000e-05	1	7.91802000e+03	5.24858388e-01	6.87000000e-05	1	7.63986009e+03	5.27972866e-01	6.80000000e-05	1	7.76430685e+03	7.77406231e+03	1.39336319e+02	8.04458614e+01	7.63472599e+03	7.91339863e+03
2.70379669e+02	5.20808893e-01	6.82000000e-05	1	7.63649404e+03	5.13088263e-01	6.87000000e-05	1	7.46853367e+03	5.17240434e-01	6.80000000e-05	1	7.60647697e+03	7.57050156e+03	8.95731232e+01	5.17150668e+01	7.48092844e+03	7.66007468e+03
2.70979095e+02	5.02067873e-01	6.82000000e-05	1	7.36169902e+03	4.99591664e-01	6.87000000e-05	1	7.27207662e+03	5.04319263e-01	6.80000000e-05	1	7.41645975e+03	7.35007846e+03	7.28896423e+01	4.20828546e+01	7.27718882e+03	7.42296811e+03
2.71578491e+02	4.83495989e-01	6.82000000e-05	1	7.08938400e+03	4.84064034e-01	6.87000000e-05	1	7.04605580e+03	4.89133785e-01	6.80000000e-05	1	7.19314390e+03	7.10952790e+03	7.55847852e+01	4.36388961e+01	7.03394312e+03	7.18511269e+03
2.72177887e+02	4.64346997e-01	6.82000000e-05	1	6.80860700e+03	4.66198733e-01	6.87000000e-05	1	6.78600776e+03	4.71859475e-01	6.80000000e-05	1	6.93910993e+03	6.84457490e+03	8.26458468e+01	4.77156019e+01	6.76192905e+03	6.92722075e+03
2.72777222e+02	4.44501683e-01	6.82000000e-05	1	6.51761999e+03	4.46898807e-01	6.87000000e-05	1	6.50507725e+03	4.52677886e-01	6.80000000e-05	1	6.65702774e+03	6.55990833e+03	8.43413648e+01	4.86945097e+01	6.47556696e+03	6.64424969e+03
2.73376556e+02	4.24223935e-01	6.82000000e-05	1	6.22029229e+03	4.26793969e-01	6.87000000e-05	1	6.21243040e+03	4.32681349e-01	6.80000000e-05	1	6.36296101e+03	6.26522790e+03	8.47305890e+01	4.89192283e+01	6.18049731e+03	6.34995849e+03
2.73975830e+02	4.03660635e-01	6.82000000e-05	1	5.91877764e+03	4.06425252e-01	6.87000000e-05	1	5.91594254e+03	4.12245282e-01	6.80000000e-05	1	6.06243062e+03	5.96571693e+03	8.37685049e+01	4.83637688e+01	5.88194843e+03	6.04948544e+03
2.74575104e+02	3.83952183e-01	6.82000000e-05	1	5.62979740e+03	3.86688780e-01	6.87000000e-05	1	5.62865764e+03	3.92519509e-01	6.80000000e-05	1	5.77234572e+03	5.67693359e+03	8.26312943e+01	4.77072000e+01	5.59430229e+03	5.75956488e+03
2.75174347e+02	3.65927085e-01	6.82000000e-05	1	5.36549978e+03	3.68745432e-01	6.87000000e-05	1	5.36747354e+03	3.74416821e-01	6.80000000e-05	1	5.50612972e+03	5.41303435e+03	8.06290002e+01	4.65511750e+01	5.33240535e+03	5.49366335e+03
2.75773560e+02	3.49609967e-01	6.82000000e-05	1	5.12624586e+03	3.52395199e-01	6.87000000e-05	1	5.12947888e+03	3.57957736e-01	6.80000000e-05	1	5.26408436e+03	5.17326970e+03	7.86644152e+01	4.54169213e+01	5.09460528e+03	5.25193411e+03
2.76372742e+02	3.35387753e-01	6.82000000e-05	1	4.91770898e+03	3.38224551e-01	6.87000000e-05	1	4.92321035e+03	3.43778177e-01	6.80000000e-05	1	5.05556143e+03	4.96549359e+03	7.80495236e+01	4.50619135e+01	4.88744406e+03	5.04354311e+03
2.76971924e+02	3.23310654e-01	6.82000000e-05	1	4.74062542e+03	3.26197291e-01	6.87000000e-05	1	4.74814106e+03	3.31750952e-01	6.80000000e-05	1	4.87869047e+03	4.78915231e+03	7.76333145e+01	4.48216150e+01	4.71151900e+03	4.86678563e+03
2.77571045e+02	3.13583402e-01	6.82000000e-05	1	4.59799709e+03	3.16447734e-01	6.87000000e-05	1	4.60622612e+03	3.21819050e-01	6.80000000e-05	1	4.73263309e+03	4.64561877e+03	7.54688603e+01	4.35719668e+01	4.57014991e+03	4.72108763e+03
2.78170166e+02	3.05796951e-01	6.82000000e-05	1	4.48382626e+03	3.08593988e-01	6.87000000e-05	1	4.49190666e+03	3.13891948e-01	6.80000000e-05	1	4.61605806e+03	4.53059699e+03	7.41216510e+01	4.27941551e+01	4.45647534e+03	4.60471864e+03
2.78769226e+02	3.00014962e-01	6.82000000e-05	1	4.39904636e+03	3.02866351e-01	6.87000000e-05	1	4.40853495e+03	3.08065622e-01	6.80000000e-05	1	4.53037680e+03	4.44598604e+03	7.32383700e+01	4.22841926e+01	4.37274767e+03	4.51922441e+03
2.79368286e+02	2.95939895e-01	6.82000000e-05	1	4.33929464e+03	2.98668413e-01	6.87000000e-05	1	4.34742959e+03	3.03910454e-01	6.80000000e-05	1	4.46927138e+03	4.38533187e+03	7.28074523e+01	4.20354022e+01	4.31252442e+03	4.45813932e+03
2.79967316e+02	2.93423526e-01	6.82000000e-05	1	4.30239774e+03	2.96139910e-01	6.87000000e-05	1	4.31062460e+03	3.01331668e-01	6.80000000e-05	1	4.43134805e+03	4.34812347e+03	7.21918929e+01	4.16800088e+01	4.27593157e+03	4.42031536e+03
2.80566315e+02	2.92079708e-01	6.82000000e-05	1	4.28269367e+03	2.94580691e-01	6.87000000e-05	1	4.28792855e+03	3.00059696e-01	6.80000000e-05	1	4.41264258e+03	4.32775493e+03	7.35614433e+01	4.24707191e+01	4.25419349e+03	4.40131638e+03
2.81165314e+02	2.91507487e-01	6.82000000e-05	1	4.27430332e+03	2.94028717e-01	6.87000000e-05	1	4.27989398e+03	2.99567643e-01	6.80000000e-05	1	4.40540652e+03	4.31986794e+03	7.41313031e+01	4.27997278e+01	4.24573664e+03	4.39399924e+03
2.81764252e+02	2.91334384e-01	6.82000000e-05	1	4.27176516e+03	2.93991287e-01	6.87000000e-05	1	4.27934915e+03	2.99260206e-01	6.80000000e-05	1	4.40088539e+03	4.31733323e+03	7.24575819e+01	4.18334044e+01	4.24487565e+03	4.38979082e+03
2.82363190e+02	2.91335863e-01	6.82000000e-05	1	4.27178685e+03	2.94023650e-01	6.87000000e-05	1	4.27982023e+03	2.99079567e-01	6.80000000e-05	1	4.39822892e+03	4.31661200e+03	7.07963635e+01	4.08742995e+01	4.24581564e+03	4.38740836e+03
2.82962067e+02	2.91166186e-01	6.82000000e-05	1	4.26929891e+03	2.93862044e-01	6.87000000e-05	1	4.27746788e+03	2.98769278e-01	6.80000000e-05	1	4.39366585e+03	4.31347755e+03	6.95651203e+01	4.01634409e+01	4.24391243e+03	4.38304267e+03
2.83560944e+02	2.90877191e-01	6.82000000e-05	1	4.26506145e+03	2.93557328e-01	6.87000000e-05	1	4.27303242e+03	2.98442282e-01	6.80000000e-05	1	4.38885709e+03	4.30898365e+03	6.92871409e+01	4.00029494e+01	4.23969651e+03	4.37827080e+03
2.84159790e+02	2.90347672e-01	6.82000000e-05	1	4.25729724e+03	2.93029121e-01	6.87000000e-05	1	4.26534382e+03	2.97859300e-01	6.80000000e-05	1	4.38028382e+03	4.30097496e+03	6.88012236e+01	3.97224050e+01	4.23217374e+03	4.36977618e+03
2.84758606e+02	2.89577179e-01	6.82000000e-05	1	4.24599969e+03	2.92242546e-01	6.87000000e-05	1	4.25389441e+03	2.97081379e-01	6.80000000e-05	1	4.36884382e+03	4.28957930e+03	6.87584819e+01	3.96977280e+01	4.22082082e+03	4.35833779e+03
2.85357391e+02	2.88587045e-01	6.82000000e-05	1	4.23148160e+03	2.91140995e-01	6.87000000e-05	1	4.23786019e+03	2.96168648e-01	6.80000000e-05	1	4.35542130e+03	4.27492103e+03	6.97881935e+01	4.02922323e+01	4.20513283e+03	4.34470922e+03
2.85956177e+02	2.87031327e-01	6.82000000e-05	1	4.20867049e+03	2.89621517e-01	6.87000000e-05	1	4.21574260e+03	2.94562234e-01	6.80000000e-05	1	4.33179756e+03	4.25207022e+03	6.91363929e+01	3.99159151e+01	4.18293382e+03	4.32120661e+03
2.86554901e+02	2.84965365e-01	6.82000000e-05	1	4.17837779e+03	2.87583509e-01	6.87000000e-05	1	4.18607727e+03	2.92371685e-01	6.80000000e-05	1	4.29958360e+03	4.22134622e+03	6.78648382e+01	3.91817826e+01	4.15348138e+03	4.28921106e+03
2.87153625e+02	2.82407513e-01	6.82000000e-05	1	4.14087262e+03	2.84888193e-01	6.87000000e-05	1	4.14684414e+03	2.89819571e-01	6.80000000e-05	1	4.26205251e+03	4.18325642e+03	6.83046997e+01	3.94357368e+01	4.11495172e+03	4.25156112e+03
2.87752289e+02	2.79572714e-01	6.82000000e-05	1	4.09930666e+03	2.81962554e-01	6.87000000e-05	1	4.10425843e+03	2.86925898e-01	6.80000000e-05	1	4.21949850e+03	4.14102120e+03	6.80084240e+01	3.92646819e+01	4.07301277e+03	4.20902962e+03
2.88350952e+02	2.76717983e-01	6.82000000e-05	1	4.05744843e+03	2.79101062e-01	6.87000000e-05	1	4.06260643e+03	2.84130144e-01	6.80000000e-05	1	4.17838448e+03	4.09947978e+03	6.83821235e+01	3.94804374e+01	4.03109765e+03	4.16786190e+03
2.88949585e+02	2.74064091e-01	6.82000000e-05	1	4.01853506e+03	2.76422059e-01	6.87000000e-05	1	4.02361075e+03	2.81339022e-01	6.80000000e-05	1	4.13733857e+03	4.05982813e+03	6.71739674e+01	3.87829081e+01	3.99265416e+03	4.12700209e+03
2.89548187e+02	2.71279455e-01	6.82000000e-05	1	3.97770463e+03	2.73452052e-01	6.87000000e-05	1	3.98037922e+03	2.78309343e-01	6.80000000e-05	1	4.09278446e+03	4.01695610e+03	6.56829019e+01	3.79220411e+01	3.95127320e+03	4.08263900e+03
2.90146790e+02	2.68303353e-01	6.82000000e-05	1	3.93406676e+03	2.70377764e-01	6.87000000e-05	1	3.93562975e+03	2.75130766e-01	6.80000000e-05	1	4.04604068e+03	3.97191240e+03	6.42017292e+01	3.70668856e+01	3.90771067e+03	4.03611413e+03
2.90745331e+02	2.65161715e-01	6.82000000e-05	1	3.88800168e+03	2.67199687e-01	6.87000000e-05	1	3.88936954e+03	2.71679848e-01	6.80000000e-05	1	3.99529189e+03	3.92422103e+03	6.15529634e+01	3.55376200e+01	3.86266807e+03	3.98577400e+03
2.91343842e+02	2.61839124e-01	6.82000000e-05	1	3.83928335e+03	2.63759788e-01	6.87000000e-05	1	3.83929823e+03	2.68232063e-01	6.80000000e-05	1	3.94458916e+03	3.87439024e+03	6.07940438e+01	3.50994576e+01	3.81359620e+03	3.93518429e+03
2.91942352e+02	2.58767037e-01	6.82000000e-05	1	3.79423809e+03	2.60655702e-01	6.87000000e-05	1	3.79411502e+03	2.65330591e-01	6.80000000e-05	1	3.90192046e+03	3.83009119e+03	6.22060049e+01	3.59146537e+01	3.76788518e+03	3.89229719e+03
2.92540833e+02	2.55893467e-01	6.82000000e-05	1	3.75210363e+03	2.57825250e-01	6.87000000e-05	1	3.75291485e+03	2.62439216e-01	6.80000000e-05	1	3.85940024e+03	3.78813957e+03	6.17148805e+01	3.56311029e+01	3.72642469e+03	3.84985445e+03
2.93139252e+02	2.53554876e-01	6.82000000e-05	1	3.71781343e+03	2.55350993e-01	6.87000000e-05	1	3.71689946e+03	2.60058347e-01	6.80000000e-05	1	3.82438746e+03	3.75303345e+03	6.17960747e+01	3.56779804e+01	3.69123737e+03	3.81482952e+03
2.93737671e+02	2.51181159e-01	6.82000000e-05	1	3.68300819e+03	2.52795267e-01	6.87000000e-05	1	3.67969822e+03	2.57552024e-01	6.80000000e-05	1	3.78752976e+03	3.71674539e+03	6.13233990e+01	3.54050809e+01	3.65542199e+03	3.77806879e+03
2.94336060e+02	2.48091052e-01	6.82000000e-05	1	3.63769871e+03	2.49493552e-01	6.87000000e-05	1	3.63163832e+03	2.54300114e-01	6.80000000e-05	1	3.73970756e+03	3.66968153e+03	6.07199770e+01	3.50566951e+01	3.60896155e+03	3.73040150e+03
2.94934448e+02	2.44253461e-01	6.82000000e-05	1	3.58142905e+03	2.45586859e-01	6.87000000e-05	1	3.57477232e+03	2.50263473e-01	6.80000000e-05	1	3.68034519e+03	3.61218219e+03	5.91246509e+01	3.41356331e+01	3.55305754e+03	3.67130684e+03
2.95532776e+02	2.39427060e-01	6.82000000e-05	1	3.51066071e+03	2.40836863e-01	6.87000000e-05	1	3.50563120e+03	2.45322125e-01	6.80000000e-05	1	3.60767830e+03	3.54132340e+03	5.75200282e+01	3.32092037e+01	3.48380338e+03	3.59884343e+03
2.96131073e+02	2.33544831e-01	6.82000000e-05	1	3.42441102e+03	2.34977040e-01	6.87000000e-05	1	3.42033537e+03	2.39371128e-01	6.80000000e-05	1	3.52016365e+03	3.45497001e+03	5.64961121e+01	3.26180455e+01	3.39847390e+03	3.51146612e+03
2.96729370e+02	2.26985584e-01	6.82000000e-05	1	3.32823437e+03	2.28430927e-01	6.87000000e-05	1	3.32504988e+03	2.32859213e-01	6.80000000e-05	1	3.42440019e+03	3.35922814e+03	5.64630996e+01	3.25989858e+01	3.30276504e+03	3.41569124e+03
2.97327606e+02	2.19715666e-01	6.82000000e-05	1	3.22163734e+03	2.21054448e-01	6.87000000e-05	1	3.21767756e+03	2.25333149e-01	6.80000000e-05	1	3.31372278e+03	3.25101256e+03	5.43447209e+01	3.13759392e+01	3.19666784e+03	3.30535728e+03
2.97925842e+02	2.12248253e-01	6.82000000e-05	1	3.11214447e+03	2.13249320e-01	6.87000000e-05	1	3.10406579e+03	2.17587757e-01	6.80000000e-05	1	3.19981996e+03	3.13867674e+03	5.31054269e+01	3.06604325e+01	3.08557132e+03	3.19178217e+03
2.98524048e+02	2.04609188e-01	6.82000000e-05	1	3.00013472e+03	2.05229700e-01	6.87000000e-05	1	2.98733188e+03	2.09677552e-01	6.80000000e-05	1	3.08349341e+03	3.02365334e+03	5.22168963e+01	3.01474391e+01	2.97143644e+03	3.07587023e+03
2.99122223e+02	1.96930460e-01	6.82000000e-05	1	2.88754340e+03	1.97330255e-01	6.87000000e-05	1	2.87234723e+03	2.01752378e-01	6.80000000e-05	1	2.96694673e+03	2.90894579e+03	5.08017046e+01	2.93303778e+01	2.85814408e+03	2.95974749e+03
2.99720367e+02	1.89574866e-01	6.82000000e-05	1	2.77969011e+03	1.89939980e-01	6.87000000e-05	1	2.76477409e+03	1.94294088e-01	6.80000000e-05	1	2.85726600e+03	2.80057673e+03	4.96575928e+01	2.86698246e+01	2.75091914e+03	2.85023433e+03
3.00318481e+02	1.82798778e-01	6.82000000e-05	1	2.68033398e+03	1.83201071e-01	6.87000000e-05	1	2.66668226e+03	1.87356157e-01	6.80000000e-05	1	2.75523761e+03	2.70075128e+03	4.76776890e+01	2.75267266e+01	2.65307359e+03	2.74842897e+03
3.00916595e+02	1.76790934e-01	6.82000000e-05	1	2.59224243e+03	1.77214003e-01	6.87000000e-05	1	2.57953425e+03	1.81147504e-01	6.80000000e-05	1	2.66393389e+03	2.61190352e+03	4.55054242e+01	2.62725689e+01	2.56639810e+03	2.65740895e+03
3.01514648e+02	1.71487714e-01	6.82000000e-05	1	2.51448262e+03	1.71893650e-01	6.87000000e-05	1	2.50209097e+03	1.75740263e-01	6.80000000e-05	1	2.58441564e+03	2.53366308e+03	4.43875561e+01	2.56271675e+01	2.48927552e+03	2.57805063e+03
3.02112701e+02	1.66975776e-01	6.82000000e-05	1	2.44832517e+03	1.67383653e-01	6.87000000e-05	1	2.43644328e+03	1.71190007e-01	6.80000000e-05	1	2.51750010e+03	2.46742285e+03	4.37732027e+01	2.52724704e+01	2.42364965e+03	2.51119605e+03
3.02710693e+02	1.63102088e-01	6.82000000e-05	1	2.39152622e+03	1.63462632e-01	6.87000000e-05	1	2.37936874e+03	1.67463647e-01	6.80000000e-05	1	2.46270070e+03	2.41119855e+03	4.50144905e+01	2.59891282e+01	2.36618406e+03	2.45621304e+03
3.03308685e+02	1.60011796e-01	6.82000000e-05	1	2.34621402e+03	1.60126888e-01	6.87000000e-05	1	2.33081351e+03	1.64304971e-01	6.80000000e-05	1	2.41624958e+03	2.36442570e+03	4.55365726e+01	2.62905525e+01	2.31888913e+03	2.40996227e+03
3.03906647e+02	1.57349773e-01	6.82000000e-05	1	2.30718143e+03	1.57446082e-01	6.87000000e-05	1	2.29179158e+03	1.61608763e-01	6.80000000e-05	1	2.37659945e+03	2.32519082e+03	4.51812738e+01	2.60854206e+01	2.28000955e+03	2.37037209e+03
3.04504578e+02	1.55093670e-01	6.82000000e-05	1	2.27410074e+03	1.55174745e-01	6.87000000e-05	1	2.25872991e+03	1.59314294e-01	6.80000000e-05	1	2.34285726e+03	2.29189597e+03	4.47979430e+01	2.58641044e+01	2.24709803e+03	2.33669391e+03
3.05102478e+02	1.53370694e-01	6.82000000e-05	1	2.24883716e+03	1.53295834e-01	6.87000000e-05	1	2.23138040e+03	1.57324599e-01	6.80000000e-05	1	2.31359705e+03	2.26460487e+03	4.33169691e+01	2.50090638e+01	2.22128790e+03	2.30792184e+03
3.05700348e+02	1.51735785e-01	6.82000000e-05	1	2.22486488e+03	1.51673517e-01	6.87000000e-05	1	2.20776589e+03	1.55594882e-01	6.80000000e-05	1	2.28816003e+03	2.24026360e+03	4.23514451e+01	2.44516182e+01	2.19791215e+03	2.28261504e+03
3.06298218e+02	1.49827013e-01	6.82000000e-05	1	2.19687703e+03	1.49753282e-01	6.87000000e-05	1	2.17981488e+03	1.53552165e-01	6.80000000e-05	1	2.25812008e+03	2.21160399e+03	4.11775281e+01	2.37738570e+01	2.17042647e+03	2.25278152e+03
3.06896027e+02	1.47417332e-01	6.82000000e-05	1	2.16154445e+03	1.47335425e-01	6.87000000e-05	1	2.14462046e+03	1.51141867e-01	6.80000000e-05	1	2.22267452e+03	2.17627981e+03	4.10604109e+01	2.37062393e+01	2.13521940e+03	2.21734022e+03
3.07493835e+02	1.44332045e-01	6.82000000e-05	1	2.11630565e+03	1.44281823e-01	6.87000000e-05	1	2.10017209e+03	1.48190204e-01	6.80000000e-05	1	2.17926771e+03	2.13191515e+03	4.17943953e+01	2.41300054e+01	2.09012075e+03	2.17370954e+03
3.08091583e+02	1.40595409e-01	6.82000000e-05	1	2.06151626e+03	1.40342857e-01	6.87000000e-05	1	2.04283635e+03	1.44305764e-01	6.80000000e-05	1	2.12214358e+03	2.07549873e+03	4.14613257e+01	2.39377076e+01	2.03403740e+03	2.11696006e+03
3.08689331e+02	1.35966643e-01	6.82000000e-05	1	1.99364579e+03	1.35604799e-01	6.87000000e-05	1	1.97386898e+03	1.39552321e-01	6.80000000e-05	1	2.05224001e+03	2.00658493e+03	4.07562343e+01	2.35306229e+01	1.96582869e+03	2.04734116e+03
3.09287048e+02	1.30643004e-01	6.82000000e-05	1	1.91558657e+03	1.30204090e-01	6.87000000e-05	1	1.89525604e+03	1.34095906e-01	6.80000000e-05	1	1.97199861e+03	1.92761374e+03	3.97598463e+01	2.29553579e+01	1.88785390e+03	1.96737359e+03
3.09884735e+02	1.25010992e-01	6.82000000e-05	1	1.83300575e+03	1.24441023e-01	6.87000000e-05	1	1.81136861e+03	1.28223756e-01	6.80000000e-05	1	1.88564347e+03	1.84333927e+03	3.82004583e+01	2.20550449e+01	1.80513882e+03	1.88153973e+03
3.10482391e+02	1.19306752e-01	6.82000000e-05	1	1.74936586e+03	1.18701255e-01	6.87000000e-05	1	1.72782031e+03	1.22414586e-01	6.80000000e-05	1	1.80021450e+03	1.75913356e+03	3.71723766e+01	2.14614816e+01	1.72196118e+03	1.79630593e+03
3.11080017e+02	1.13746208e-01	6.82000000e-05	1	1.66783297e+03	1.12954291e-01	6.87000000e-05	1	1.64416726e+03	1.16582224e-01	6.80000000e-05	1	1.71444446e+03	1.67548157e+03	3.57574748e+01	2.06445877e+01	1.63972409e+03	1.71123904e+03
3.11677612e+02	1.08511294e-01	6.82000000e-05	1	1.59107470e+03	1.07709612e-01	6.87000000e-05	1	1.56782551e+03	1.11264909e-01	6.80000000e-05	1	1.63624866e+03	1.59838295e+03	3.47920951e+01	2.00872255e+01	1.56359086e+03	1.63317505e+03
3.12275208e+02	1.03894951e-01	6.82000000e-05	1	1.52338638e+03	1.03070031e-01	6.87000000e-05	1	1.50029157e+03	1.06627171e-01	6.80000000e-05	1	1.56804664e+03	1.53057486e+03	3.44447825e+01	1.98867045e+01	1.49613008e+03	1.56501965e+03
3.12872742e+02	1.00032262e-01	6.82000000e-05	1	1.46674871e+03	9.91008128e-02	6.87000000e-05	1	1.44251547e+03	1.02637716e-01	6.80000000e-05	1	1.50937817e+03	1.47288078e+03	3.38505104e+01	1.95436013e+01	1.43903027e+03	1.50673129e+03
3.13470276e+02	9.68855092e-02	6.82000000e-05	1	1.42060864e+03	9.59045383e-02	6.87000000e-05	1	1.39599037e+03	9.93791734e-02	6.80000000e-05	1	1.46145843e+03	1.42601915e+03	3.30676889e+01	1.90916391e+01	1.39295146e+03	1.45908684e+03
3.14067749e+02	9.43124082e-02	6.82000000e-05	1	1.38287989e+03	9.32918588e-02	6.87000000e-05	1	1.35796010e+03	9.67620382e-02	6.80000000e-05	1	1.42297115e+03	1.38793705e+03	3.27992434e+01	1.89366520e+01	1.35513780e+03	1.42073629e+03
3.14665222e+02	9.23543763e-02	6.82000000e-05	1	1.35416974e+03	9.12600636e-02	6.87000000e-05	1	1.32838521e+03	9.47348733e-02	6.80000000e-05	1	1.39315990e+03	1.35857162e+03	3.26109291e+01	1.88279287e+01	1.32596069e+03	1.39118255e+03
3.15262665e+02	9.09437271e-02	6.82000000e-05	1	1.33348573e+03	8.97606779e-02	6.87000000e-05	1	1.30656009e+03	9.33295681e-02	6.80000000e-05	1	1.37249365e+03	1.33751316e+03	3.31507732e+01	1.91396078e+01	1.30436238e+03	1.37066393e+03
3.15860077e+02	8.99090552e-02	6.82000000e-05	1	1.31831459e+03	8.86197448e-02	6.87000000e-05	1	1.28995262e+03	9.21809093e-02	6.80000000e-05	1	1.35560161e+03	1.32128961e+03	3.29254538e+01	1.90095196e+01	1.28836415e+03	1.35421506e+03
3.16457458e+02	8.91046699e-02	6.82000000e-05	1	1.30652009e+03	8.78131370e-02	6.87000000e-05	1	1.27821160e+03	9.13848626e-02	6.80000000e-05	1	1.34389504e+03	1.30954224e+03	3.29458426e+01	1.90212911e+01	1.27659640e+03	1.34248808e+03
3.17054810e+02	8.86647735e-02	6.82000000e-05	1	1.30006999e+03	8.73882820e-02	6.87000000e-05	1	1.27202739e+03	9.09097039e-02	6.80000000e-05	1	1.33690741e+03	1.30300160e+03	3.25392048e+01	1.87865187e+01	1.27046239e+03	1.33554080e+03
3.17652130e+02	8.84791076e-02	6.82000000e-05	1	1.29734762e+03	8.72856002e-02	6.87000000e-05	1	1.27053275e+03	9.07005031e-02	6.80000000e-05	1	1.33383093e+03	1.30057043e+03	3.17719151e+01	1.83435237e+01	1.26879852e+03	1.33234235e+03
3.18249451e+02	8.84971241e-02	6.82000000e-05	1	1.29761179e+03	8.73647135e-02	6.87000000e-05	1	1.27168433e+03	9.06919803e-02	6.80000000e-05	1	1.33370559e+03	1.30100057e+03	3.11491912e+01	1.79839939e+01	1.26985138e+03	1.33214976e+03
3.18846710e+02	8.88364209e-02	6.82000000e-05	1	1.30258682e+03	8.75868902e-02	6.87000000e-05	1	1.27491834e+03	9.10418210e-02	6.80000000e-05	1	1.33885031e+03	1.30545182e+03	3.20621308e+01	1.85110799e+01	1.27338969e+03	1.33751395e+03
3.19443970e+02	8.93419997e-02	6.82000000e-05	1	1.31000000e+03	8.80420566e-02	6.87000000e-05	1	1.28154376e+03	9.16031707e-02	6.80000000e-05	1	1.34710545e+03	1.31288307e+03	3.28757937e+01	1.89808483e+01	1.28000728e+03	1.34575886e+03
3.20041168e+02	8.99485054e-02	6.82000000e-05	1	1.31889304e+03	8.86017834e-02	6.87000000e-05	1	1.28969117e+03	9.23293565e-02	6.80000000e-05	1	1.35778465e+03	1.32212296e+03	3.41614531e+01	1.97231242e+01	1.28796150e+03	1.35628441e+03
3.20638367e+02	9.06348651e-02	6.82000000e-05	1	1.32895697e+03	8.92792462e-02	6.87000000e-05	1	1.29955235e+03	9.31136219e-02	6.80000000e-05	1	1.36931797e+03	1.33260909e+03	3.50259059e+01	2.02222162e+01	1.29758319e+03	1.36763500e+03
3.21235535e+02	9.13521014e-02	6.82000000e-05	1	1.33947363e+03	9.00225474e-02	6.87000000e-05	1	1.31037187e+03	9.39393291e-02	6.80000000e-05	1	1.38146072e+03	1.34376874e+03	3.57385264e+01	2.06336478e+01	1.30803021e+03	1.37950727e+03
3.21832672e+02	9.23555652e-02	6.82000000e-05	1	1.35418717e+03	9.10497646e-02	6.87000000e-05	1	1.32532408e+03	9.48709953e-02	6.80000000e-05	1	1.39516169e+03	1.35822432e+03	3.50934023e+01	2.02611853e+01	1.32313091e+03	1.39331772e+03
3.22429749e+02	9.32220094e-02	6.82000000e-05	1	1.36689163e+03	9.19952017e-02	6.87000000e-05	1	1.33908590e+03	9.58106365e-02	6.80000000e-05	1	1.40897995e+03	1.37165250e+03	3.51893978e+01	2.03166083e+01	1.33646310e+03	1.40684189e+03
3.23026855e+02	9.41034897e-02	6.82000000e-05	1	1.37981656e+03	9.30201985e-02	6.87000000e-05	1	1.35400580e+03	9.66458457e-02	6.80000000e-05	1	1.42126244e+03	1.38502827e+03	3.39298564e+01	1.95894117e+01	1.35109841e+03	1.41895812e+03
3.23623901e+02	9.51748971e-02	6.82000000e-05	1	1.39552635e+03	9.39990544e-02	6.87000000e-05	1	1.36825407e+03	9.77077945e-02	6.80000000e-05	1	1.43687933e+03	1.40021992e+03	3.45525525e+01	1.99489255e+01	1.36566736e+03	1.43477247e+03
3.24220917e+02	9.62236657e-02	6.82000000e-05	1	1.41090419e+03	9.50233724e-02	6.87000000e-05	1	1.38316408e+03	9.86544826e-02	6.80000000e-05	1	1.45080121e+03	1.41495649e+03	3.40001666e+01	1.96300053e+01	1.38095633e+03	1.44895666e+03
3.24817902e+02	9.72236027e-02	6.82000000e-05	1	1.42556602e+03	9.60790597e-02	6.87000000e-05	1	1.39853071e+03	9.97076524e-02	6.80000000e-05	1	1.46628901e+03	1.43012858e+03	3.41087882e+01	1.96927180e+01	1.39601979e+03	1.46423737e+03
3.25414886e+02	9.85255209e-02	6.82000000e-05	1	1.44465573e+03	9.73741549e-02	6.87000000e-05	1	1.41738217e+03	1.01029248e-01	6.80000000e-05	1	1.48572424e+03	1.44925405e+03	3.44022976e+01	1.98621758e+01	1.41485175e+03	1.48365634e+03
3.26011810e+02	9.98043613e-02	6.82000000e-05	1	1.46340706e+03	9.87007496e-02	6.87000000e-05	1	1.43669213e+03	1.02326368e-01	6.80000000e-05	1	1.50479953e+03	1.46829957e+03	3.43162795e+01	1.98125132e+01	1.43398330e+03	1.50261585e+03
3.26608734e+02	1.01273244e-01	6.82000000e-05	1	1.48494492e+03	1.00162913e-01	6.87000000e-05	1	1.45797545e+03	1.03665177e-01	6.80000000e-05	1	1.52448790e+03	1.48913609e+03	3.34537141e+01	1.93145108e+01	1.45568238e+03	1.52258981e+03
3.27205627e+02	1.02616193e-01	6.82000000e-05	1	1.50463626e+03	1.01547587e-01	6.87000000e-05	1	1.47813081e+03	1.04984908e-01	6.80000000e-05	1	1.54389570e+03	1.50888759e+03	3.30879229e+01	1.91033212e+01	1.47579967e+03	1.54197552e+03
3.27802460e+02	1.04141780e-01	6.82000000e-05	1	1.52700557e+03	1.03154215e-01	6.87000000e-05	1	1.50151695e+03	1.06466295e-01	6.80000000e-05	1	1.56568081e+03	1.53140111e+03	3.23069796e+01	1.86524434e+01	1.49909413e+03	1.56370809e+03
3.28399292e+02	1.05827921e-01	6.82000000e-05	1	1.55172904e+03	1.04662109e-01	6.87000000e-05	1	1.52346593e+03	1.08235047e-01	6.80000000e-05	1	1.59169186e+03	1.55562895e+03	3.42797537e+01	1.97914250e+01	1.52134919e+03	1.58990870e+03
3.28996094e+02	1.07644583e-01	6.82000000e-05	1	1.57836632e+03	1.06516770e-01	6.87000000e-05	1	1.55046244e+03	1.10151058e-01	6.80000000e-05	1	1.61986851e+03	1.58289909e+03	3.49243460e+01	2.01635805e+01	1.54797474e+03	1.61782344e+03
3.29592865e+02	1.09505769e-01	6.82000000e-05	1	1.60565644e+03	1.08501514e-01	6.87000000e-05	1	1.57935246e+03	1.12179473e-01	6.80000000e-05	1	1.64969814e+03	1.61156901e+03	3.55436000e+01	2.05211070e+01	1.57602541e+03	1.64711261e+03
3.30189606e+02	1.11795995e-01	6.82000000e-05	1	1.63923746e+03	1.10778096e-01	6.87000000e-05	1	1.61249048e+03	1.14481355e-01	6.80000000e-05	1	1.68354933e+03	1.64509243e+03	3.58894218e+01	2.07207673e+01	1.60920300e+03	1.68098185e+03
3.30786316e+02	1.14026266e-01	6.82000000e-05	1	1.67193939e+03	1.13130288e-01	6.87000000e-05	1	1.64672908e+03	1.16793970e-01	6.80000000e-05	1	1.71755839e+03	1.67874229e+03	3.59013539e+01	2.07276563e+01	1.64284093e+03	1.71464364e+03
3.31383026e+02	1.16315360e-01	6.82000000e-05	1	1.70550382e+03	1.15631137e-01	6.87000000e-05	1	1.68313155e+03	1.19170963e-01	6.80000000e-05	1	1.75251416e+03	1.71371651e+03	3.54128895e+01	2.04456413e+01	1.67830362e+03	1.74912940e+03
3.31979675e+02	1.18780455e-01	6.82000000e-05	1	1.74164889e+03	1.18235636e-01	6.87000000e-05	1	1.72104273e+03	1.21597611e-01	6.80000000e-05	1	1.78820016e+03	1.75029726e+03	3.44038604e+01	1.98630780e+01	1.71589340e+03	1.78470112e+03
3.32576294e+02	1.21605485e-01	6.82000000e-05	1	1.78307163e+03	1.21086106e-01	6.87000000e-05	1	1.76253430e+03	1.24505483e-01	6.80000000e-05	1	1.83096298e+03	1.79218964e+03	3.51137385e+01	2.02729264e+01	1.75707590e+03	1.82730337e+03
3.33172913e+02	1.24643741e-01	6.82000000e-05	1	1.82762084e+03	1.24129542e-01	6.87000000e-05	1	1.80683467e+03	1.27639415e-01	6.80000000e-05	1	1.87705022e+03	1.83716858e+03	3.60683429e+01	2.08240675e+01	1.80110023e+03	1.87323692e+03
3.33769470e+02	1.27944234e-01	6.82000000e-05	1	1.87601516e+03	1.27504798e-01	6.87000000e-05	1	1.85596504e+03	1.31058419e-01	6.80000000e-05	1	1.92732969e+03	1.88643663e+03	3.68060288e+01	2.12499706e+01	1.84963060e+03	1.92324266e+03
3.34366028e+02	1.31565641e-01	6.82000000e-05	1	1.92911497e+03	1.31078154e-01	6.87000000e-05	1	1.90797895e+03	1.34684531e-01	6.80000000e-05	1	1.98065487e+03	1.93924960e+03	3.73828903e+01	2.15830218e+01	1.90186670e+03	1.97663249e+03
3.34962555e+02	1.35482878e-01	6.82000000e-05	1	1.98655247e+03	1.34870661e-01	6.87000000e-05	1	1.96318284e+03	1.38581055e-01	6.80000000e-05	1	2.03795669e+03	1.99589734e+03	3.82528036e+01	2.20852664e+01	1.95764453e+03	2.03415014e+03
3.35559052e+02	1.39589480e-01	6.82000000e-05	1	2.04676657e+03	1.38962542e-01	6.87000000e-05	1	2.02274442e+03	1.42714703e-01	6.80000000e-05	1	2.09874563e+03	2.05608554e+03	3.88481452e+01	2.24289871e+01	2.01723739e+03	2.09493368e+03
3.36155518e+02	1.43985987e-01	6.82000000e-05	1	2.11123148e+03	1.43309385e-01	6.87000000e-05	1	2.08601725e+03	1.47183246e-01	6.80000000e-05	1	2.16445949e+03	2.12056941e+03	4.00461508e+01	2.31206560e+01	2.08052326e+03	2.16061556e+03
3.36751953e+02	1.48668876e-01	6.82000000e-05	1	2.17989554e+03	1.48002462e-01	6.87000000e-05	1	2.15432987e+03	1.51732860e-01	6.80000000e-05	1	2.23136559e+03	2.18853033e+03	3.92370387e+01	2.26535149e+01	2.14929329e+03	2.22776737e+03
3.37348358e+02	1.53539642e-01	6.82000000e-05	1	2.25131440e+03	1.53051927e-01	6.87000000e-05	1	2.22783008e+03	1.56831052e-01	6.80000000e-05	1	2.30633900e+03	2.26182783e+03	4.02965439e+01	2.32652205e+01	2.22153128e+03	2.30212437e+03
3.37944733e+02	1.58574920e-01	6.82000000e-05	1	2.32514545e+03	1.58233200e-01	6.87000000e-05	1	2.30324891e+03	1.62155716e-01	6.80000000e-05	1	2.38464288e+03	2.33767908e+03	4.21196341e+01	2.43177821e+01	2.29555945e+03	2.37979872e+03
3.38541077e+02	1.63856495e-01	6.82000000e-05	1	2.40258790e+03	1.63691162e-01	6.87000000e-05	1	2.38269522e+03	1.67617975e-01	6.80000000e-05	1	2.46497022e+03	2.41675111e+03	4.29271644e+01	2.47840099e+01	2.37382395e+03	2.45967828e+03
3.39137390e+02	1.69395300e-01	6.82000000e-05	1	2.48380205e+03	1.69407823e-01	6.87000000e-05	1	2.46590717e+03	1.73394233e-01	6.80000000e-05	1	2.54991519e+03	2.49987480e+03	4.42502746e+01	2.55479079e+01	2.45562453e+03	2.54412508e+03
3.39733704e+02	1.75106285e-01	6.82000000e-05	1	2.56754084e+03	1.75165671e-01	6.87000000e-05	1	2.54971865e+03	1.79272607e-01	6.80000000e-05	1	2.63636186e+03	2.58454045e+03	4.57548015e+01	2.64165469e+01	2.53878565e+03	2.63029525e+03
3.40329956e+02	1.81078333e-01	6.82000000e-05	1	2.65510752e+03	1.81323292e-01	6.87000000e-05	1	2.63934922e+03	1.85364909e-01	6.80000000e-05	1	2.72595454e+03	2.67347043e+03	4.61304406e+01	2.66334223e+01	2.62733999e+03	2.71960087e+03
3.40926178e+02	1.87300890e-01	6.82000000e-05	1	2.74634736e+03	1.87618919e-01	6.87000000e-05	1	2.73098863e+03	1.91755060e-01	6.80000000e-05	1	2.81992736e+03	2.76575445e+03	4.75394643e+01	2.74469225e+01	2.71821498e+03	2.81329391e+03
3.41522400e+02	1.93718603e-01	6.82000000e-05	1	2.84044872e+03	1.94273597e-01	6.87000000e-05	1	2.82785439e+03	1.98289265e-01	6.80000000e-05	1	2.91601861e+03	2.86144057e+03	4.76836007e+01	2.75301397e+01	2.81375697e+03	2.90912417e+03
3.42118591e+02	2.00434117e-01	6.82000000e-05	1	2.93891667e+03	2.01223474e-01	6.87000000e-05	1	2.92901709e+03	2.05294052e-01	6.80000000e-05	1	3.01903018e+03	2.96232132e+03	4.93601219e+01	2.84980797e+01	2.91296119e+03	3.01168144e+03
3.42714722e+02	2.07346409e-01	6.82000000e-05	1	3.04026993e+03	2.08247009e-01	6.87000000e-05	1	3.03125196e+03	2.12416748e-01	6.80000000e-05	1	3.12377570e+03	3.06509920e+03	5.10150009e+01	2.94535245e+01	3.01408420e+03	3.11611420e+03
3.43310852e+02	2.14613158e-01	6.82000000e-05	1	3.14682050e+03	2.15668543e-01	6.87000000e-05	1	3.13928011e+03	2.19756742e-01	6.80000000e-05	1	3.23171679e+03	3.17260580e+03	5.13302665e+01	2.96355432e+01	3.12127553e+03	3.22393606e+03
3.43906952e+02	2.22196058e-01	6.82000000e-05	1	3.25800672e+03	2.23633937e-01	6.87000000e-05	1	3.25522470e+03	2.27704385e-01	6.80000000e-05	1	3.34859389e+03	3.28727510e+03	5.31218442e+01	3.06699110e+01	3.23415326e+03	3.34039695e+03
3.44503021e+02	2.30098096e-01	6.82000000e-05	1	3.37387238e+03	2.31809647e-01	6.87000000e-05	1	3.37423067e+03	2.35799157e-01	6.80000000e-05	1	3.46763466e+03	3.40524590e+03	5.40305428e+01	3.11945485e+01	3.35121536e+03	3.45927644e+03
3.45099060e+02	2.38221478e-01	6.82000000e-05	1	3.49298354e+03	2.40124716e-01	6.87000000e-05	1	3.49526515e+03	2.44132669e-01	6.80000000e-05	1	3.59018632e+03	3.52614500e+03	5.54731340e+01	3.20274288e+01	3.47067187e+03	3.58161814e+03
3.45695068e+02	2.46635847e-01	6.82000000e-05	1	3.61636140e+03	2.48595794e-01	6.87000000e-05	1	3.61857051e+03	2.52705174e-01	6.80000000e-05	1	3.71625256e+03	3.65039482e+03	5.70451665e+01	3.29350422e+01	3.59334966e+03	3.70743999e+03
3.46291046e+02	2.55116798e-01	6.82000000e-05	1	3.74071551e+03	2.57148136e-01	6.87000000e-05	1	3.74305875e+03	2.61373558e-01	6.80000000e-05	1	3.84372879e+03	3.77583435e+03	5.88099830e+01	3.39539595e+01	3.71702437e+03	3.83464433e+03
3.46886993e+02	2.63834811e-01	6.82000000e-05	1	3.86854561e+03	2.65821335e-01	6.87000000e-05	1	3.86930619e+03	2.70241958e-01	6.80000000e-05	1	3.97414644e+03	3.90399941e+03	6.07502978e+01	3.50742008e+01	3.84324912e+03	3.96474971e+03
3.47482910e+02	2.72736219e-01	6.82000000e-05	1	3.99906480e+03	2.74635865e-01	6.87000000e-05	1	3.99761085e+03	2.79142739e-01	6.80000000e-05	1	4.10504027e+03	4.03390531e+03	6.16089778e+01	3.55699599e+01	3.97229633e+03	4.09551428e+03
3.48078827e+02	2.81897481e-01	6.82000000e-05	1	4.13339415e+03	2.83733515e-01	6.87000000e-05	1	4.13003661e+03	2.88252767e-01	6.80000000e-05	1	4.23901128e+03	4.16748068e+03	6.19700601e+01	3.57784309e+01	4.10551062e+03	4.22945074e+03
3.48674683e+02	2.91305256e-01	6.82000000e-05	1	4.27133806e+03	2.93292432e-01	6.87000000e-05	1	4.26917660e+03	2.97886349e-01	6.80000000e-05	1	4.38068161e+03	4.30706542e+03	6.37626451e+01	3.68133803e+01	4.24330278e+03	4.37082807e+03
3.49270508e+02	3.00925510e-01	6.82000000e-05	1	4.41239751e+03	3.02972101e-01	6.87000000e-05	1	4.41007424e+03	3.07563232e-01	6.80000000e-05	1	4.52298870e+03	4.44848682e+03	6.45309805e+01	3.72569789e+01	4.38395584e+03	4.51301780e+03
3.49866333e+02	3.10873201e-01	6.82000000e-05	1	4.55825809e+03	3.12824608e-01	6.87000000e-05	1	4.55348774e+03	3.17622050e-01	6.80000000e-05	1	4.67091250e+03	4.59421944e+03	6.64609528e+01	3.83712490e+01	4.52775849e+03	4.66068040e+03
3.50462097e+02	3.20995821e-01	6.82000000e-05	1	4.70668360e+03	3.23060987e-01	6.87000000e-05	1	4.70248889e+03	3.27956781e-01	6.80000000e-05	1	4.82289384e+03	4.74402211e+03	6.83371139e+01	3.94544511e+01	4.67568499e+03	4.81235922e+03
3.51057861e+02	3.30755102e-01	6.82000000e-05	1	4.84978155e+03	3.33076141e-01	6.87000000e-05	1	4.84826988e+03	3.38128715e-01	6.80000000e-05	1	4.97248110e+03	4.89017751e+03	7.12810079e+01	4.11541091e+01	4.81889650e+03	4.96145852e+03
3.51653595e+02	3.40999374e-01	6.82000000e-05	1	4.99999081e+03	3.43649422e-01	6.87000000e-05	1	5.00217499e+03	3.48625340e-01	6.80000000e-05	1	5.12684323e+03	5.04300301e+03	7.26159735e+01	4.19248518e+01	4.97038704e+03	5.11561899e+03
3.52249268e+02	3.51451674e-01	6.82000000e-05	1	5.15325036e+03	3.54316268e-01	6.87000000e-05	1	5.15744204e+03	3.59136505e-01	6.80000000e-05	1	5.28141919e+03	5.19737053e+03	7.28184403e+01	4.20417461e+01	5.12455209e+03	5.27018897e+03
3.52844940e+02	3.61911522e-01	6.82000000e-05	1	5.30662055e+03	3.65080127e-01	6.87000000e-05	1	5.31412121e+03	3.69870468e-01	6.80000000e-05	1	5.43927158e+03	5.35333778e+03	7.45152923e+01	4.30214241e+01	5.27882249e+03	5.42785307e+03
3.53440582e+02	3.72602684e-01	6.82000000e-05	1	5.46338246e+03	3.76029376e-01	6.87000000e-05	1	5.47349892e+03	3.80895888e-01	6.80000000e-05	1	5.60141012e+03	5.51276384e+03	7.69363935e+01	4.44192475e+01	5.43582744e+03	5.58970023e+03
3.54036194e+02	3.83617147e-01	6.82000000e-05	1	5.62488486e+03	3.87117384e-01	6.87000000e-05	1	5.63489642e+03	3.92079521e-01	6.80000000e-05	1	5.76587530e+03	5.67521886e+03	7.86702013e+01	4.54202619e+01	5.59654866e+03	5.75388906e+03
3.54631775e+02	3.95033242e-01	6.82000000e-05	1	5.79227627e+03	3.98508812e-01	6.87000000e-05	1	5.80071051e+03	4.03672543e-01	6.80000000e-05	1	5.93636093e+03	5.84311590e+03	8.08625975e+01	4.66860424e+01	5.76225331e+03	5.92397850e+03
3.55227325e+02	4.06280597e-01	6.82000000e-05	1	5.95719351e+03	4.09891864e-01	6.87000000e-05	1	5.96640268e+03	4.15236782e-01	6.80000000e-05	1	6.10642326e+03	6.01000648e+03	8.36262441e+01	4.82816346e+01	5.92638024e+03	6.09363273e+03
3.55822845e+02	4.17161815e-01	6.82000000e-05	1	6.11674215e+03	4.20963379e-01	6.87000000e-05	1	6.12756010e+03	4.26463170e-01	6.80000000e-05	1	6.27151720e+03	6.17193982e+03	8.64060115e+01	4.98865340e+01	6.08553381e+03	6.25834583e+03
3.56418335e+02	4.28021855e-01	6.82000000e-05	1	6.27598028e+03	4.32209293e-01	6.87000000e-05	1	6.29125609e+03	4.37577210e-01	6.80000000e-05	1	6.43495897e+03	6.33406511e+03	8.77098389e+01	5.06392991e+01	6.24635527e+03	6.42177495e+03
3.57013794e+02	4.38100257e-01	6.82000000e-05	1	6.42375744e+03	4.42553934e-01	6.87000000e-05	1	6.44183311e+03	4.47910283e-01	6.80000000e-05	1	6.58691593e+03	6.48416882e+03	8.94394130e+01	5.16378692e+01	6.39472941e+03	6.57360824e+03
3.57609222e+02	4.48816547e-01	6.82000000e-05	1	6.58088778e+03	4.53401970e-01	6.87000000e-05	1	6.59973756e+03	4.59057471e-01	6.80000000e-05	1	6.75084517e+03	6.64382350e+03	9.31614522e+01	5.37867895e+01	6.55066205e+03	6.73698495e+03
3.58204651e+02	4.59817006e-01	6.82000000e-05	1	6.74218484e+03	4.64779728e-01	6.87000000e-05	1	6.76535267e+03	4.70342436e-01	6.80000000e-05	1	6.91680052e+03	6.80811268e+03	9.48365597e+01	5.47539133e+01	6.71327612e+03	6.90294924e+03
3.58800018e+02	4.71479672e-01	6.82000000e-05	1	6.91319167e+03	4.76434102e-01	6.87000000e-05	1	6.93499420e+03	4.82246518e-01	6.80000000e-05	1	7.09186056e+03	6.98001548e+03	9.74721986e+01	5.62756001e+01	6.88254328e+03	7.07748768e+03
3.59395386e+02	4.83580498e-01	6.82000000e-05	1	7.09062313e+03	4.88586845e-01	6.87000000e-05	1	7.11189003e+03	4.94379263e-01	6.80000000e-05	1	7.27028327e+03	7.15759881e+03	9.81652230e+01	5.66757179e+01	7.05943359e+03	7.25576404e+03
3.59990692e+02	4.95771978e-01	6.82000000e-05	1	7.26938384e+03	5.01102281e-01	6.87000000e-05	1	7.29406522e+03	5.06791035e-01	6.80000000e-05	1	7.45280934e+03	7.33875280e+03	9.95437736e+01	5.74716245e+01	7.23920903e+03	7.43829657e+03
3.60585968e+02	5.08153968e-01	6.82000000e-05	1	7.45093795e+03	5.13741574e-01	6.87000000e-05	1	7.47804329e+03	5.19404637e-01	6.80000000e-05	1	7.63830348e+03	7.52242824e+03	1.01261931e+02	5.84636034e+01	7.42116631e+03	7.62369017e+03
3.61181244e+02	5.20451680e-01	6.82000000e-05	1	7.63125630e+03	5.26419197e-01	6.87000000e-05	1	7.66257928e+03	5.32096768e-01	6.80000000e-05	1	7.82495248e+03	7.70626269e+03	1.03974670e+02	6.00298035e+01	7.60228802e+03	7.81023736e+03
3.61776489e+02	5.32352216e-01	6.82000000e-05	1	7.80575097e+03	5.38364010e-01	6.87000000e-05	1	7.83644847e+03	5.44044160e-01	6.80000000e-05	1	8.00064941e+03	7.88094962e+03	1.04793201e+02	6.05023829e+01	7.77615642e+03	7.98574282e+03
3.62371674e+02	5.44744534e-01	6.82000000e-05	1	7.98745651e+03	5.50939643e-01	6.87000000e-05	1	8.01949990e+03	5.56829353e-01	6.80000000e-05	1	8.18866695e+03	8.06520779e+03	1.08112530e+02	6.24187983e+01	7.95709526e+03	8.17332032e+03
3.62966858e+02	5.56766574e-01	6.82000000e-05	1	8.16373275e+03	5.63152961e-01	6.87000000e-05	1	8.19727745e+03	5.68999627e-01	6.80000000e-05	1	8.36764158e+03	8.24288393e+03	1.09337393e+02	6.31259731e+01	8.13354654e+03	8.35222132e+03
3.63562012e+02	5.68540095e-01	6.82000000e-05	1	8.33636502e+03	5.74951060e-01	6.87000000e-05	1	8.36901106e+03	5.81110246e-01	6.80000000e-05	1	8.54573891e+03	8.41703833e+03	1.12646882e+02	6.50367075e+01	8.30439145e+03	8.52968521e+03
3.64157135e+02	5.80099584e-01	6.82000000e-05	1	8.50585900e+03	5.86553350e-01	6.87000000e-05	1	8.53789447e+03	5.92785658e-01	6.80000000e-05	1	8.71743614e+03	8.58706320e+03	1.14036816e+02	6.58391863e+01	8.47302639e+03	8.70110002e+03
3.64752197e+02	5.92051488e-01	6.82000000e-05	1	8.68110686e+03	5.98401150e-01	6.87000000e-05	1	8.71035153e+03	6.04978841e-01	6.80000000e-05	1	8.89674766e+03	8.76273535e+03	1.16975582e+02	6.75358839e+01	8.64575977e+03	8.87971094e+03
3.65347260e+02	6.03886529e-01	6.82000000e-05	1	8.85464118e+03	6.10180747e-01	6.87000000e-05	1	8.88181583e+03	6.17058455e-01	6.80000000e-05	1	9.07438904e+03	8.93694868e+03	1.19799852e+02	6.91664769e+01	8.81714883e+03	9.05674854e+03
3.65942291e+02	6.16297281e-01	6.82000000e-05	1	9.03661702e+03	6.22328799e-01	6.87000000e-05	1	9.05864336e+03	6.29383839e-01	6.80000000e-05	1	9.25564470e+03	9.11696836e+03	1.20601137e+02	6.96290991e+01	8.99636722e+03	9.23756950e+03
3.66537292e+02	6.29345310e-01	6.82000000e-05	1	9.22793710e+03	6.35394023e-01	6.87000000e-05	1	9.24882130e+03	6.42262945e-01	6.80000000e-05	1	9.44504330e+03	9.30726724e+03	1.19773623e+02	6.91513333e+01	9.18749361e+03	9.42704086e+03
3.67132263e+02	6.42408862e-01	6.82000000e-05	1	9.41948479e+03	6.48796017e-01	6.87000000e-05	1	9.44390126e+03	6.55843088e-01	6.80000000e-05	1	9.64475129e+03	9.50271245e+03	1.23613576e+02	7.13683316e+01	9.37909887e+03	9.62632602e+03
3.67727203e+02	6.55194689e-01	6.82000000e-05	1	9.60696025e+03	6.62054414e-01	6.87000000e-05	1	9.63689103e+03	6.69235956e-01	6.80000000e-05	1	9.84170524e+03	9.69518551e+03	1.27769270e+02	7.37676226e+01	9.56741624e+03	9.82295478e+03
3.68322113e+02	6.68040978e-01	6.82000000e-05	1	9.79532226e+03	6.75107717e-01	6.87000000e-05	1	9.82689544e+03	6.82177067e-01	6.80000000e-05	1	1.00320157e+04	9.88474446e+03	1.28513920e+02	7.41975462e+01	9.75623054e+03	1.00132584e+04
3.68917023e+02	6.79797439e-01	6.82000000e-05	1	9.96770438e+03	6.87344655e-01	6.87000000e-05	1	1.00050168e+04	6.94172006e-01	6.80000000e-05	1	1.02084118e+04	1.00603777e+04	1.29551692e+02	7.47967042e+01	9.93082599e+03	1.01899294e+04
3.69511871e+02	6.91839394e-01	6.82000000e-05	1	1.01442726e+04	6.99349703e-01	6.87000000e-05	1	1.01797628e+04	7.06438666e-01	6.80000000e-05	1	1.03888039e+04	1.02376131e+04	1.32132064e+02	7.62864828e+01	1.01054810e+04	1.03697452e+04
3.70106689e+02	7.02719605e-01	6.82000000e-05	1	1.03038065e+04	7.10404657e-01	6.87000000e-05	1	1.03406791e+04	7.17667627e-01	6.80000000e-05	1	1.05539357e+04	1.03994738e+04	1.35032429e+02	7.79610093e+01	1.02644414e+04	1.05345062e+04
3.70701477e+02	7.13889854e-01	6.82000000e-05	1	1.04675932e+04	7.21381970e-01	6.87000000e-05	1	1.05004654e+04	7.28625815e-01	6.80000000e-05	1	1.07150855e+04	1.05610480e+04	1.34409111e+02	7.76011367e+01	1.04266389e+04	1.06954571e+04
3.71296265e+02	7.25141318e-01	6.82000000e-05	1	1.06325706e+04	7.32918896e-01	6.87000000e-05	1	1.06683973e+04	7.39878515e-01	6.80000000e-05	1	1.08805664e+04	1.07271781e+04	1.34040515e+02	7.73883272e+01	1.05931376e+04	1.08612186e+04
3.71890991e+02	7.36846055e-01	6.82000000e-05	1	1.08041944e+04	7.44962503e-01	6.87000000e-05	1	1.08437046e+04	7.52318315e-01	6.80000000e-05	1	1.10635046e+04	1.09038012e+04	1.39710983e+02	8.06621736e+01	1.07640902e+04	1.10435122e+04
3.72485687e+02	7.47641355e-01	6.82000000e-05	1	1.09624832e+04	7.56363760e-01	6.87000000e-05	1	1.10096617e+04	7.63789632e-01	6.80000000e-05	1	1.12322005e+04	1.10681151e+04	1.44046700e+02	8.31654011e+01	1.09240684e+04	1.12121618e+04
3.73080383e+02	7.59098953e-01	6.82000000e-05	1	1.11304832e+04	7.67879778e-01	6.87000000e-05	1	1.11772894e+04	7.75104787e-01	6.80000000e-05	1	1.13985998e+04	1.12354574e+04	1.43210608e+02	8.26826831e+01	1.10922468e+04	1.13786681e+04
3.73675018e+02	7.69263622e-01	6.82000000e-05	1	1.12795252e+04	7.78183942e-01	6.87000000e-05	1	1.13272772e+04	7.85286967e-01	6.80000000e-05	1	1.15483377e+04	1.13850467e+04	1.43415587e+02	8.28010277e+01	1.12416311e+04	1.15284623e+04
3.74269653e+02	7.78814390e-01	6.82000000e-05	1	1.14195658e+04	7.87620625e-01	6.87000000e-05	1	1.14646379e+04	7.94943617e-01	6.80000000e-05	1	1.16903473e+04	1.15248504e+04	1.45085511e+02	8.37651589e+01	1.13797648e+04	1.16699359e+04
3.74864227e+02	7.88231141e-01	6.82000000e-05	1	1.15576414e+04	7.96789078e-01	6.87000000e-05	1	1.15980943e+04	8.04481108e-01	6.80000000e-05	1	1.18306045e+04	1.16621134e+04	1.47312785e+02	8.50510758e+01	1.15148006e+04	1.18094262e+04
3.75458801e+02	7.97610668e-01	6.82000000e-05	1	1.16951711e+04	8.06254806e-01	6.87000000e-05	1	1.17358778e+04	8.13846344e-01	6.80000000e-05	1	1.19683286e+04	1.17997925e+04	1.47368818e+02	8.50834266e+01	1.16524237e+04	1.19471613e+04
3.76053314e+02	8.06555570e-01	6.82000000e-05	1	1.18263280e+04	8.15534284e-01	6.87000000e-05	1	1.18709503e+04	8.23093419e-01	6.80000000e-05	1	1.21043150e+04	1.19338644e+04	1.49291104e+02	8.61932592e+01	1.17845733e+04	1.20831555e+04
3.76647827e+02	8.15741261e-01	6.82000000e-05	1	1.19610156e+04	8.25135957e-01	6.87000000e-05	1	1.20107126e+04	8.33158505e-01	6.80000000e-05	1	1.22523310e+04	1.20746864e+04	1.55838525e+02	8.99734141e+01	1.19188479e+04	1.22305249e+04
3.77242310e+02	8.23918213e-01	6.82000000e-05	1	1.20809122e+04	8.34376611e-01	6.87000000e-05	1	1.21452200e+04	8.41913575e-01	6.80000000e-05	1	1.23810820e+04	1.22024047e+04	1.58044438e+02	9.12469989e+01	1.20443603e+04	1.23604492e+04
3.77836761e+02	8.33115544e-01	6.82000000e-05	1	1.22157704e+04	8.43836579e-01	6.87000000e-05	1	1.22829196e+04	8.51252225e-01	6.80000000e-05	1	1.25184151e+04	1.23390350e+04	1.58934415e+02	9.17608275e+01	1.21801006e+04	1.24979695e+04
3.78431152e+02	8.41773431e-01	6.82000000e-05	1	1.23427189e+04	8.52661135e-01	6.87000000e-05	1	1.24113702e+04	8.59617478e-01	6.80000000e-05	1	1.26414335e+04	1.24651742e+04	1.56456862e+02	9.03304112e+01	1.23087174e+04	1.26216311e+04
3.79025543e+02	8.49943695e-01	6.82000000e-05	1	1.24625175e+04	8.61221536e-01	6.87000000e-05	1	1.25359758e+04	8.68522185e-01	6.80000000e-05	1	1.27723851e+04	1.25902928e+04	1.61917348e+02	9.34830246e+01	1.24283754e+04	1.27522101e+04
3.79619904e+02	8.58869628e-01	6.82000000e-05	1	1.25933963e+04	8.69953521e-01	6.87000000e-05	1	1.26630789e+04	8.77492332e-01	6.80000000e-05	1	1.29042990e+04	1.27202581e+04	1.63147831e+02	9.41934444e+01	1.25571102e+04	1.28834059e+04
3.80214233e+02	8.66974591e-01	6.82000000e-05	1	1.27122374e+04	8.77570538e-01	6.87000000e-05	1	1.27739525e+04	8.85652803e-01	6.80000000e-05	1	1.30243059e+04	1.28368319e+04	1.65263606e+02	9.54149872e+01	1.26715683e+04	1.30020956e+04
3.80808533e+02	8.74356546e-01	6.82000000e-05	1	1.28204772e+04	8.84218346e-01	6.87000000e-05	1	1.28707183e+04	8.92913581e-01	6.80000000e-05	1	1.31310821e+04	1.29407592e+04	1.66727748e+02	9.62603102e+01	1.27740314e+04	1.31074869e+04
3.81402802e+02	8.81263666e-01	6.82000000e-05	1	1.29217546e+04	8.90712407e-01	6.87000000e-05	1	1.29652461e+04	8.99892914e-01	6.80000000e-05	1	1.32337193e+04	1.30402400e+04	1.68963181e+02	9.75509378e+01	1.28712768e+04	1.32092032e+04
3.81997040e+02	8.87795281e-01	6.82000000e-05	1	1.30175261e+04	8.97728167e-01	6.87000000e-05	1	1.30673678e+04	9.06452515e-01	6.80000000e-05	1	1.33301840e+04	1.31383593e+04	1.67983912e+02	9.69855566e+01	1.29703754e+04	1.33063432e+04
3.82591217e+02	8.94765238e-01	6.82000000e-05	1	1.31197249e+04	9.04657585e-01	6.87000000e-05	1	1.31682327e+04	9.13270573e-01	6.80000000e-05	1	1.34304496e+04	1.32394691e+04	1.67162877e+02	9.65115320e+01	1.30723062e+04	1.34066319e+04
3.83185394e+02	9.01292108e-01	6.82000000e-05	1	1.32154268e+04	9.11729746e-01	6.87000000e-05	1	1.32711753e+04	9.19742735e-01	6.80000000e-05	1	1.35256285e+04	1.33374102e+04	1.65367952e+02	9.54752315e+01	1.31720422e+04	1.35027782e+04
3.83779541e+02	9.09082480e-01	6.82000000e-05	1	1.33296551e+04	9.19791667e-01	6.87000000e-05	1	1.33885250e+04	9.27798844e-01	6.80000000e-05	1	1.36441006e+04	1.34540936e+04	1.67162871e+02	9.65115285e+01	1.32869307e+04	1.36212565e+04
3.84373688e+02	9.16067719e-01	6.82000000e-05	1	1.34320780e+04	9.27148647e-01	6.87000000e-05	1	1.34956135e+04	9.34858837e-01	6.80000000e-05	1	1.37479241e+04	1.35585385e+04	1.67060933e+02	9.64526749e+01	1.33914776e+04	1.37255995e+04
3.84967773e+02	9.22410877e-01	6.82000000e-05	1	1.35250862e+04	9.33476338e-01	6.87000000e-05	1	1.35877196e+04	9.41639401e-01	6.80000000e-05	1	1.38476382e+04	1.36534813e+04	1.71036295e+02	9.87478508e+01	1.34824450e+04	1.38245176e+04
3.85561829e+02	9.29207500e-01	6.82000000e-05	1	1.36247434e+04	9.40378640e-01	6.87000000e-05	1	1.36881898e+04	9.48189394e-01	6.80000000e-05	1	1.39439617e+04	1.37522983e+04	1.68989641e+02	9.75662148e+01	1.35833087e+04	1.39212879e+04
3.86155853e+02	9.34347846e-01	6.82000000e-05	1	1.37001150e+04	9.45675562e-01	6.87000000e-05	1	1.37652920e+04	9.53612029e-01	6.80000000e-05	1	1.40237063e+04	1.38297045e+04	1.71141901e+02	9.88088226e+01	1.36585626e+04	1.40008464e+04
3.86749847e+02	9.40680730e-01	6.82000000e-05	1	1.37929726e+04	9.52097039e-01	6.87000000e-05	1	1.38587633e+04	9.60137052e-01	6.80000000e-05	1	1.41196625e+04	1.39237995e+04	1.72782685e+02	9.97561298e+01	1.37510168e+04	1.40965822e+04
3.87343811e+02	9.46579629e-01	6.82000000e-05	1	1.38794667e+04	9.58477693e-01	6.87000000e-05	1	1.39516404e+04	9.66825787e-01	6.80000000e-05	1	1.42180263e+04	1.40163778e+04	1.78322314e+02	1.02954436e+02	1.38380555e+04	1.41947001e+04
3.87937744e+02	9.52661069e-01	6.82000000e-05	1	1.39686374e+04	9.64655625e-01	6.87000000e-05	1	1.40415666e+04	9.73228997e-01	6.80000000e-05	1	1.43121911e+04	1.41074650e+04	1.81008979e+02	1.04505583e+02	1.39264561e+04	1.42884740e+04
3.88531677e+02	9.58716025e-01	6.82000000e-05	1	1.40574197e+04	9.70378170e-01	6.87000000e-05	1	1.41248642e+04	9.78990923e-01	6.80000000e-05	1	1.43969253e+04	1.41930697e+04	1.79735956e+02	1.03770603e+02	1.40133338e+04	1.43728057e+04
3.89125549e+02	9.64622958e-01	6.82000000e-05	1	1.41440316e+04	9.76402711e-01	6.87000000e-05	1	1.42125577e+04	9.84934887e-01	6.80000000e-05	1	1.44843366e+04	1.42803086e+04	1.79984740e+02	1.03914238e+02	1.41003239e+04	1.44602934e+04
3.89719391e+02	9.71233419e-01	6.82000000e-05	1	1.42409592e+04	9.82177288e-01	6.87000000e-05	1	1.42966126e+04	9.91003193e-01	6.80000000e-05	1	1.45735764e+04	1.43703827e+04	1.78157409e+02	1.02859228e+02	1.41922253e+04	1.45485401e+04
3.90313202e+02	9.77270487e-01	6.82000000e-05	1	1.43294793e+04	9.88031461e-01	6.87000000e-05	1	1.43818262e+04	9.97019742e-01	6.80000000e-05	1	1.46620550e+04	1.44577868e+04	1.78827211e+02	1.03245939e+02	1.42789596e+04	1.46366141e+04
3.90907013e+02	9.81623186e-01	6.82000000e-05	1	1.43933018e+04	9.91866655e-01	6.87000000e-05	1	1.44376515e+04	1.00139730e+00	6.80000000e-05	1	1.47264309e+04	1.45191281e+04	1.80893799e+02	1.04439084e+02	1.43382343e+04	1.47000219e+04
3.91500763e+02	9.87593766e-01	6.82000000e-05	1	1.44808470e+04	9.97876038e-01	6.87000000e-05	1	1.45251243e+04	1.00793774e+00	6.80000000e-05	1	1.48226138e+04	1.46095284e+04	1.85860626e+02	1.07306683e+02	1.44236677e+04	1.47953890e+04
3.92094482e+02	9.91769608e-01	6.82000000e-05	1	1.45420764e+04	1.00286551e+00	6.87000000e-05	1	1.45977512e+04	1.01294511e+00	6.80000000e-05	1	1.48962516e+04	1.46786931e+04	1.90456611e+02	1.09960176e+02	1.44882364e+04	1.48691497e+04
3.92688202e+02	9.95859852e-01	6.82000000e-05	1	1.46020506e+04	1.00710252e+00	6.87000000e-05	1	1.46594253e+04	1.01729651e+00	6.80000000e-05	1	1.49602428e+04	1.47405729e+04	1.92390500e+02	1.11076707e+02	1.45481824e+04	1.49329634e+04
3.93281860e+02	9.97585763e-01	6.82000000e-05	1	1.46273572e+04	1.00985401e+00	6.87000000e-05	1	1.46994761e+04	1.01919721e+00	6.80000000e-05	1	1.49881943e+04	1.47716759e+04	1.90946195e+02	1.10242837e+02	1.45807297e+04	1.49626221e+04
3.93875488e+02	1.00091075e+00	6.82000000e-05	1	1.46761108e+04	1.01338765e+00	6.87000000e-05	1	1.47509119e+04	1.02250577e+00	6.80000000e-05	1	1.50368495e+04	1.48212907e+04	1.90389075e+02	1.09921184e+02	1.46309017e+04	1.50116798e+04
3.94469116e+02	1.00456994e+00	6.82000000e-05	1	1.47297645e+04	1.01658299e+00	6.87000000e-05	1	1.47974235e+04	1.02539626e+00	6.80000000e-05	1	1.50793568e+04	1.48688482e+04	1.85417973e+02	1.07051117e+02	1.46834303e+04	1.50542662e+04
3.95062683e+02	1.00674666e+00	6.82000000e-05	1	1.47616812e+04	1.01877653e+00	6.87000000e-05	1	1.48293526e+04	1.02768591e+00	6.80000000e-05	1	1.51130281e+04	1.49013540e+04	1.86411647e+02	1.07624815e+02	1.47149423e+04	1.50877656e+04
3.95656250e+02	1.00842930e+00	6.82000000e-05	1	1.47863533e+04	1.02022082e+00	6.87000000e-05	1	1.48503759e+04	1.02912075e+00	6.80000000e-05	1	1.51341287e+04	1.49236193e+04	1.85095584e+02	1.06864985e+02	1.47385237e+04	1.51087149e+04
3.96249756e+02	1.01114018e+00	6.82000000e-05	1	1.48261023e+04	1.02289649e+00	6.87000000e-05	1	1.48893230e+04	1.03193406e+00	6.80000000e-05	1	1.51755010e+04	1.49636421e+04	1.86178261e+02	1.07490069e+02	1.47774638e+04	1.51498204e+04
3.96843262e+02	1.01235457e+00	6.82000000e-05	1	1.48439086e+04	1.02422664e+00	6.87000000e-05	1	1.49086847e+04	1.03337627e+00	6.80000000e-05	1	1.51967099e+04	1.49831011e+04	1.87804498e+02	1.08428978e+02	1.47952966e+04	1.51709056e+04
3.97436707e+02	1.01341400e+00	6.82000000e-05	1	1.48594428e+04	1.02531642e+00	6.87000000e-05	1	1.49245476e+04	1.03451746e+00	6.80000000e-05	1	1.52134920e+04	1.49991608e+04	1.88449092e+02	1.08801134e+02	1.48107117e+04	1.51876099e+04
3.98030151e+02	1.01369763e+00	6.82000000e-05	1	1.48636016e+04	1.02605373e+00	6.87000000e-05	1	1.49352798e+04	1.03489530e+00	6.80000000e-05	1	1.52190485e+04	1.50059767e+04	1.87973810e+02	1.08526730e+02	1.48180029e+04	1.51939505e+04
3.98623535e+02	1.01380388e+00	6.82000000e-05	1	1.48651595e+04	1.02612188e+00	6.87000000e-05	1	1.49362720e+04	1.03526279e+00	6.80000000e-05	1	1.52244527e+04	1.50086280e+04	1.90261571e+02	1.09847569e+02	1.48183665e+04	1.51988896e+04
3.99216919e+02	1.01504084e+00	6.82000000e-05	1	1.48832967e+04	1.02763099e+00	6.87000000e-05	1	1.49582386e+04	1.03608002e+00	6.80000000e-05	1	1.52364709e+04	1.50260021e+04	1.86083106e+02	1.07435132e+02	1.48399190e+04	1.52120852e+04
3.99810242e+02	1.01442816e+00	6.82000000e-05	1	1.48743132e+04	1.02662370e+00	6.87000000e-05	1	1.49435764e+04	1.03573728e+00	6.80000000e-05	1	1.52314307e+04	1.50164401e+04	1.89380721e+02	1.09339010e+02	1.48270594e+04	1.52058208e+04
4.00403564e+02	1.01326421e+00	6.82000000e-05	1	1.48572465e+04	1.02563432e+00	6.87000000e-05	1	1.49291750e+04	1.03515297e+00	6.80000000e-05	1	1.52228377e+04	1.50030864e+04	1.93678604e+02	1.11820394e+02	1.48094078e+04	1.51967650e+04
4.00996826e+02	1.01325735e+00	6.82000000e-05	1	1.48571459e+04	1.02581925e+00	6.87000000e-05	1	1.49318668e+04	1.03506708e+00	6.80000000e-05	1	1.52215747e+04	1.50035292e+04	1.92493375e+02	1.11136102e+02	1.48110358e+04	1.51960225e+04
4.01590088e+02	1.01111243e+00	6.82000000e-05	1	1.48256954e+04	1.02399584e+00	6.87000000e-05	1	1.49053251e+04	1.03337161e+00	6.80000000e-05	1	1.51966413e+04	1.49758873e+04	1.95280539e+02	1.12745272e+02	1.47806067e+04	1.51711678e+04
4.02183289e+02	1.00943366e+00	6.82000000e-05	1	1.48010801e+04	1.02285940e+00	6.87000000e-05	1	1.48887831e+04	1.03180020e+00	6.80000000e-05	1	1.51735323e+04	1.49544652e+04	1.94719710e+02	1.12421477e+02	1.47597454e+04	1.51491849e+04
4.02776489e+02	1.00861008e+00	6.82000000e-05	1	1.47890041e+04	1.02217288e+00	6.87000000e-05	1	1.48787901e+04	1.03048597e+00	6.80000000e-05	1	1.51542054e+04	1.49406665e+04	1.90301130e+02	1.09870409e+02	1.47503654e+04	1.51309677e+04
4.03369659e+02	1.00756511e+00	6.82000000e-05	1	1.47736819e+04	1.02107870e+00	6.87000000e-05	1	1.48628632e+04	1.02927953e+00	6.80000000e-05	1	1.51364637e+04	1.49243363e+04	1.89041917e+02	1.09143401e+02	1.47352944e+04	1.51133782e+04
4.03962769e+02	1.00713061e+00	6.82000000e-05	1	1.47673110e+04	1.02058048e+00	6.87000000e-05	1	1.48556111e+04	1.02804576e+00	6.80000000e-05	1	1.51183200e+04	1.49137474e+04	1.82583401e+02	1.05414576e+02	1.47311640e+04	1.50963308e+04
4.04555878e+02	1.00487368e+00	6.82000000e-05	1	1.47342182e+04	1.01741758e+00	6.87000000e-05	1	1.48095718e+04	1.02588156e+00	6.80000000e-05	1	1.50864935e+04	1.48767612e+04	1.85500093e+02	1.07098528e+02	1.46912611e+04	1.50622613e+04
4.05148926e+02	1.00284905e+00	6.82000000e-05	1	1.47045316e+04	1.01485515e+00	6.87000000e-05	1	1.47722729e+04	1.02347718e+00	6.80000000e-05	1	1.50511349e+04	1.48426465e+04	1.83705743e+02	1.06062560e+02	1.46589407e+04	1.50263522e+04
4.05741974e+02	1.00064867e+00	6.82000000e-05	1	1.46722679e+04	1.01236369e+00	6.87000000e-05	1	1.47360072e+04	1.02112499e+00	6.80000000e-05	1	1.50165439e+04	1.48082730e+04	1.83161848e+02	1.05748542e+02	1.46251112e+04	1.49914348e+04
4.06334991e+02	9.97166732e-01	6.82000000e-05	1	1.46212131e+04	1.00860415e+00	6.87000000e-05	1	1.46812831e+04	1.01801481e+00	6.80000000e-05	1	1.49708061e+04	1.47577674e+04	1.86925652e+02	1.07921575e+02	1.45708418e+04	1.49446931e+04
4.06927948e+02	9.94319154e-01	6.82000000e-05	1	1.45794597e+04	1.00583060e+00	6.87000000e-05	1	1.46409112e+04	1.01565713e+00	6.80000000e-05	1	1.49361343e+04	1.47188351e+04	1.90678459e+02	1.10088260e+02	1.45281566e+04	1.49095135e+04
4.07520905e+02	9.92360028e-01	6.82000000e-05	1	1.45507335e+04	1.00372879e+00	6.87000000e-05	1	1.46103172e+04	1.01349725e+00	6.80000000e-05	1	1.49043713e+04	1.46884740e+04	1.89331132e+02	1.09310380e+02	1.44991429e+04	1.48778052e+04
4.08113800e+02	9.91302516e-01	6.82000000e-05	1	1.45352275e+04	1.00282948e+00	6.87000000e-05	1	1.45972267e+04	1.01275436e+00	6.80000000e-05	1	1.48934464e+04	1.46753002e+04	1.91446596e+02	1.10531744e+02	1.44838536e+04	1.48667468e+04
4.08706696e+02	9.88991942e-01	6.82000000e-05	1	1.45013481e+04	1.00040167e+00	6.87000000e-05	1	1.45618874e+04	1.01002575e+00	6.80000000e-05	1	1.48533198e+04	1.46388518e+04	1.88185174e+02	1.08648761e+02	1.44506666e+04	1.48270370e+04
4.09299561e+02	9.86672973e-01	6.82000000e-05	1	1.44673456e+04	9.98151869e-01	6.87000000e-05	1	1.45291393e+04	1.00769439e+00	6.80000000e-05	1	1.48190352e+04	1.46051734e+04	1.87769193e+02	1.08408594e+02	1.44174042e+04	1.47929426e+04
4.09892365e+02	9.85022035e-01	6.82000000e-05	1	1.44431383e+04	9.96642702e-01	6.87000000e-05	1	1.45071718e+04	1.00552380e+00	6.80000000e-05	1	1.47871146e+04	1.45791416e+04	1.82933489e+02	1.05616699e+02	1.43962081e+04	1.47620751e+04
4.10485168e+02	9.82218403e-01	6.82000000e-05	1	1.44020294e+04	9.93986444e-01	6.87000000e-05	1	1.44685072e+04	1.00267499e+00	6.80000000e-05	1	1.47452205e+04	1.45385857e+04	1.82011770e+02	1.05084545e+02	1.43565739e+04	1.47205975e+04
4.11077942e+02	9.79270258e-01	6.82000000e-05	1	1.43588014e+04	9.91340774e-01	6.87000000e-05	1	1.44299967e+04	9.99586031e-01	6.80000000e-05	1	1.46997946e+04	1.44961976e+04	1.79877721e+02	1.03852451e+02	1.43163199e+04	1.46760753e+04
4.11670654e+02	9.76562653e-01	6.82000000e-05	1	1.43191005e+04	9.88822854e-01	6.87000000e-05	1	1.43933458e+04	9.96951296e-01	6.80000000e-05	1	1.46610485e+04	1.44578316e+04	1.79863618e+02	1.03844308e+02	1.42779680e+04	1.46376952e+04
4.12263367e+02	9.74224779e-01	6.82000000e-05	1	1.42848208e+04	9.85728176e-01	6.87000000e-05	1	1.43482995e+04	9.93755557e-01	6.80000000e-05	1	1.46140523e+04	1.44157242e+04	1.74665142e+02	1.00842967e+02	1.42410591e+04	1.45903894e+04
4.12856018e+02	9.72297139e-01	6.82000000e-05	1	1.42565563e+04	9.83496442e-01	6.87000000e-05	1	1.43158143e+04	9.91795801e-01	6.80000000e-05	1	1.45852324e+04	1.43858677e+04	1.75178757e+02	1.01139503e+02	1.42106889e+04	1.45610464e+04
4.13448669e+02	9.69010214e-01	6.82000000e-05	1	1.42083609e+04	9.79618543e-01	6.87000000e-05	1	1.42593674e+04	9.88233261e-01	6.80000000e-05	1	1.45328421e+04	1.43335235e+04	1.74488809e+02	1.00741161e+02	1.41590347e+04	1.45080123e+04
4.14041290e+02	9.66235671e-01	6.82000000e-05	1	1.41676785e+04	9.77683775e-01	6.87000000e-05	1	1.42312049e+04	9.86067230e-01	6.80000000e-05	1	1.45009887e+04	1.42999573e+04	1.76972035e+02	1.02174852e+02	1.41229853e+04	1.44769294e+04
4.14633850e+02	9.63146910e-01	6.82000000e-05	1	1.41223887e+04	9.74539982e-01	6.87000000e-05	1	1.41854437e+04	9.83431205e-01	6.80000000e-05	1	1.44622236e+04	1.42566853e+04	1.80771865e+02	1.04368685e+02	1.40759135e+04	1.44374572e+04
4.15226410e+02	9.60207847e-01	6.82000000e-05	1	1.40792939e+04	9.71682156e-01	6.87000000e-05	1	1.41438451e+04	9.80412018e-01	6.80000000e-05	1	1.44178238e+04	1.42136543e+04	1.79737610e+02	1.03771558e+02	1.40339167e+04	1.43933919e+04
4.15818909e+02	9.55650821e-01	6.82000000e-05	1	1.40124754e+04	9.67236832e-01	6.87000000e-05	1	1.40791387e+04	9.75860754e-01	6.80000000e-05	1	1.43508934e+04	1.41475025e+04	1.79267673e+02	1.03500239e+02	1.39682348e+04	1.43267702e+04
4.16411407e+02	9.52194559e-01	6.82000000e-05	1	1.39617970e+04	9.63820832e-01	6.87000000e-05	1	1.40294153e+04	9.72522577e-01	6.80000000e-05	1	1.43018026e+04	1.40976717e+04	1.79986504e+02	1.03915256e+02	1.39176852e+04	1.42776582e+04
4.17003876e+02	9.47733624e-01	6.82000000e-05	1	1.38963874e+04	9.58054795e-01	6.87000000e-05	1	1.39454846e+04	9.67451575e-01	6.80000000e-05	1	1.42272290e+04	1.40230337e+04	1.78534131e+02	1.03076729e+02	1.38444996e+04	1.42015678e+04
4.17596283e+02	9.43068601e-01	6.82000000e-05	1	1.38279854e+04	9.53057898e-01	6.87000000e-05	1	1.38727496e+04	9.62669795e-01	6.80000000e-05	1	1.41569087e+04	1.39525479e+04	1.78391352e+02	1.02994295e+02	1.37741566e+04	1.41309393e+04
4.18188690e+02	9.37853593e-01	6.82000000e-05	1	1.37515190e+04	9.47486715e-01	6.87000000e-05	1	1.37916552e+04	9.57058593e-01	6.80000000e-05	1	1.40743911e+04	1.38725218e+04	1.75972000e+02	1.01597481e+02	1.36965498e+04	1.40484938e+04
4.18781036e+02	9.33490627e-01	6.82000000e-05	1	1.36875459e+04	9.43299154e-01	6.87000000e-05	1	1.37307009e+04	9.52745679e-01	6.80000000e-05	1	1.40109659e+04	1.38097376e+04	1.75599597e+02	1.01382474e+02	1.36341380e+04	1.39853371e+04
4.19373383e+02	9.28650413e-01	6.82000000e-05	1	1.36165750e+04	9.38258692e-01	6.87000000e-05	1	1.36573318e+04	9.47984710e-01	6.80000000e-05	1	1.39409516e+04	1.37382861e+04	1.76692553e+02	1.02013493e+02	1.35615936e+04	1.39149787e+04
4.19965668e+02	9.25192844e-01	6.82000000e-05	1	1.35658775e+04	9.35511558e-01	6.87000000e-05	1	1.36173444e+04	9.44479604e-01	6.80000000e-05	1	1.38894059e+04	1.36908759e+04	1.73847161e+02	1.00370705e+02	1.35170288e+04	1.38647231e+04
4.20557953e+02	9.19636383e-01	6.82000000e-05	1	1.34844044e+04	9.30317515e-01	6.87000000e-05	1	1.35417397e+04	9.39085683e-01	6.80000000e-05	1	1.38100836e+04	1.36120759e+04	1.73859466e+02	1.00377809e+02	1.34382164e+04	1.37859354e+04
4.21150177e+02	9.15284309e-01	6.82000000e-05	1	1.34205910e+04	9.26739165e-01	6.87000000e-05	1	1.34896531e+04	9.34909791e-01	6.80000000e-05	1	1.37486734e+04	1.35529725e+04	1.72963931e+02	9.98607722e+01	1.33800086e+04	1.37259364e+04
4.21742401e+02	9.08865289e-01	6.82000000e-05	1	1.33264705e+04	9.20221812e-01	6.87000000e-05	1	1.33947862e+04	9.28619205e-01	6.80000000e-05	1	1.36561648e+04	1.34591405e+04	1.74013461e+02	1.00466719e+02	1.32851270e+04	1.36331540e+04
4.22334564e+02	9.02558196e-01	6.82000000e-05	1	1.32339911e+04	9.13976869e-01	6.87000000e-05	1	1.33038846e+04	9.22219432e-01	6.80000000e-05	1	1.35620505e+04	1.33666421e+04	1.72799330e+02	9.97657395e+01	1.31938427e+04	1.35394414e+04
4.22926727e+02	8.96291904e-01	6.82000000e-05	1	1.31421100e+04	9.07091868e-01	6.87000000e-05	1	1.32036662e+04	9.15551052e-01	6.80000000e-05	1	1.34639861e+04	1.32699208e+04	1.70860450e+02	9.86463266e+01	1.30990603e+04	1.34407812e+04
4.23518829e+02	8.90501907e-01	6.82000000e-05	1	1.30572127e+04	9.00991259e-01	6.87000000e-05	1	1.31148655e+04	9.09381401e-01	6.80000000e-05	1	1.33732559e+04	1.31817780e+04	1.68311586e+02	9.71747394e+01	1.30134664e+04	1.33500896e+04
4.24110931e+02	8.83581047e-01	6.82000000e-05	1	1.29557338e+04	8.93803510e-01	6.87000000e-05	1	1.30102403e+04	9.02300864e-01	6.80000000e-05	1	1.32691303e+04	1.30783682e+04	1.67437743e+02	9.66702262e+01	1.29109304e+04	1.32458059e+04
4.24702972e+02	8.76315248e-01	6.82000000e-05	1	1.28491972e+04	8.86347063e-01	6.87000000e-05	1	1.29017040e+04	8.94870727e-01	6.80000000e-05	1	1.31598636e+04	1.29702549e+04	1.66291420e+02	9.60083963e+01	1.28039635e+04	1.31365463e+04
4.25295013e+02	8.68728134e-01	6.82000000e-05	1	1.27379492e+04	8.78865977e-01	6.87000000e-05	1	1.27928090e+04	8.87144413e-01	6.80000000e-05	1	1.30462414e+04	1.28589998e+04	1.64459542e+02	9.49507610e+01	1.26945403e+04	1.30234594e+04
4.25886993e+02	8.61652918e-01	6.82000000e-05	1	1.26342070e+04	8.72293494e-01	6.87000000e-05	1	1.26971397e+04	8.79562727e-01	6.80000000e-05	1	1.29347460e+04	1.27553642e+04	1.58503928e+02	9.15122853e+01	1.25968603e+04	1.29138681e+04
4.26478943e+02	8.53790181e-01	6.82000000e-05	1	1.25189176e+04	8.64322982e-01	6.87000000e-05	1	1.25811205e+04	8.71455374e-01	6.80000000e-05	1	1.28155202e+04	1.26385195e+04	1.56410519e+02	9.03036553e+01	1.24821089e+04	1.27949300e+04
4.27070892e+02	8.46141459e-01	6.82000000e-05	1	1.24067663e+04	8.56450681e-01	6.87000000e-05	1	1.24665310e+04	8.63600460e-01	6.80000000e-05	1	1.27000068e+04	1.25244347e+04	1.54958461e+02	8.94653092e+01	1.23694762e+04	1.26793931e+04
4.27662781e+02	8.38744558e-01	6.82000000e-05	1	1.22983073e+04	8.49433176e-01	6.87000000e-05	1	1.23643839e+04	8.55925668e-01	6.80000000e-05	1	1.25871422e+04	1.24166111e+04	1.51334586e+02	8.73730642e+01	1.22652765e+04	1.25679457e+04
4.28254639e+02	8.31314369e-01	6.82000000e-05	1	1.21893603e+04	8.42221293e-01	6.87000000e-05	1	1.22594075e+04	8.48540223e-01	6.80000000e-05	1	1.24785327e+04	1.23091001e+04	1.50854888e+02	8.70961103e+01	1.21582453e+04	1.24599550e+04
4.28846497e+02	8.23503335e-01	6.82000000e-05	1	1.20748290e+04	8.34261198e-01	6.87000000e-05	1	1.21435400e+04	8.41129220e-01	6.80000000e-05	1	1.23695474e+04	1.21959721e+04	1.54196553e+02	8.90254212e+01	1.20417756e+04	1.23501687e+04
4.29438293e+02	8.15528353e-01	6.82000000e-05	1	1.19578937e+04	8.25804789e-01	6.87000000e-05	1	1.20204482e+04	8.33005104e-01	6.80000000e-05	1	1.22500751e+04	1.20761390e+04	1.53845968e+02	8.88230112e+01	1.19222930e+04	1.22299850e+04
4.30030060e+02	8.06834418e-01	6.82000000e-05	1	1.18304167e+04	8.17390039e-01	6.87000000e-05	1	1.18979627e+04	8.24930747e-01	6.80000000e-05	1	1.21313345e+04	1.19532380e+04	1.57890469e+02	9.11581048e+01	1.17953475e+04	1.21111284e+04
4.30621796e+02	7.98679481e-01	6.82000000e-05	1	1.17108428e+04	8.09110664e-01	6.87000000e-05	1	1.17774478e+04	8.16486042e-01	6.80000000e-05	1	1.20071477e+04	1.18318128e+04	1.55453536e+02	8.97511408e+01	1.16763592e+04	1.19872663e+04
4.31213531e+02	7.89367878e-01	6.82000000e-05	1	1.15743091e+04	7.99638532e-01	6.87000000e-05	1	1.16395711e+04	8.07209911e-01	6.80000000e-05	1	1.18707340e+04	1.16948714e+04	1.55757913e+02	8.99268728e+01	1.15391135e+04	1.18506293e+04
4.31805206e+02	7.80093593e-01	6.82000000e-05	1	1.14383225e+04	7.90298802e-01	6.87000000e-05	1	1.15036216e+04	7.97846448e-01	6.80000000e-05	1	1.17330360e+04	1.15583267e+04	1.54785343e+02	8.93653592e+01	1.14035413e+04	1.17131120e+04
4.32396851e+02	7.71030920e-01	6.82000000e-05	1	1.13054387e+04	7.81165767e-01	6.87000000e-05	1	1.13706807e+04	7.88224838e-01	6.80000000e-05	1	1.15915417e+04	1.14225537e+04	1.49939452e+02	8.65675830e+01	1.12726143e+04	1.15724932e+04
4.32988464e+02	7.61415397e-01	6.82000000e-05	1	1.11644486e+04	7.71581570e-01	6.87000000e-05	1	1.12311728e+04	7.78628425e-01	6.80000000e-05	1	1.14504180e+04	1.12820131e+04	1.49610089e+02	8.63774249e+01	1.11324031e+04	1.14316232e+04
4.33580048e+02	7.52794121e-01	6.82000000e-05	1	1.10380370e+04	7.62451209e-01	6.87000000e-05	1	1.10982709e+04	7.69824766e-01	6.80000000e-05	1	1.13209524e+04	1.11524201e+04	1.49028172e+02	8.60414551e+01	1.10033919e+04	1.13014483e+04
4.34171600e+02	7.42946586e-01	6.82000000e-05	1	1.08936450e+04	7.52689953e-01	6.87000000e-05	1	1.09561856e+04	7.59895159e-01	6.80000000e-05	1	1.11749288e+04	1.10082531e+04	1.47693671e+02	8.52709810e+01	1.08605595e+04	1.11559468e+04
4.34763153e+02	7.33485027e-01	6.82000000e-05	1	1.07549124e+04	7.42983049e-01	6.87000000e-05	1	1.08148915e+04	7.50406270e-01	6.80000000e-05	1	1.10353863e+04	1.08683968e+04	1.47693966e+02	8.52711512e+01	1.07207028e+04	1.10160907e+04
4.35354645e+02	7.24290323e-01	6.82000000e-05	1	1.06200927e+04	7.33120157e-01	6.87000000e-05	1	1.06713269e+04	7.40199846e-01	6.80000000e-05	1	1.08852919e+04	1.07255705e+04	1.40674886e+02	8.12186832e+01	1.05848956e+04	1.08662454e+04
4.35946106e+02	7.13945588e-01	6.82000000e-05	1	1.04684104e+04	7.22143385e-01	6.87000000e-05	1	1.05115485e+04	7.29020450e-01	6.80000000e-05	1	1.07208890e+04	1.05669493e+04	1.35049223e+02	7.79707050e+01	1.04319001e+04	1.07019985e+04
4.36537537e+02	7.03853888e-01	6.82000000e-05	1	1.03204382e+04	7.11159524e-01	6.87000000e-05	1	1.03516670e+04	7.18061636e-01	6.80000000e-05	1	1.05597299e+04	1.04106117e+04	1.30080702e+02	7.51021281e+01	1.02805310e+04	1.05406924e+04
4.37128937e+02	6.94167749e-01	6.82000000e-05	1	1.01784127e+04	7.00523373e-01	6.87000000e-05	1	1.01968468e+04	7.07578727e-01	6.80000000e-05	1	1.04055695e+04	1.02602763e+04	1.26164707e+02	7.28412276e+01	1.01341116e+04	1.03864411e+04
4.37720306e+02	6.83351922e-01	6.82000000e-05	1	1.00198229e+04	6.89417126e-01	6.87000000e-05	1	1.00351838e+04	6.96858848e-01	6.80000000e-05	1	1.02479242e+04	1.01009770e+04	1.27491620e+02	7.36073212e+01	9.97348536e+03	1.02284686e+04
4.38311615e+02	6.72292186e-01	6.82000000e-05	1	9.85765669e+03	6.77880018e-01	6.87000000e-05	1	9.86724918e+03	6.85431436e-01	6.80000000e-05	1	1.00798741e+04	9.93492664e+03	1.25619739e+02	7.25265904e+01	9.80930690e+03	1.00605464e+04
4.38902924e+02	6.60512070e-01	6.82000000e-05	1	9.68492771e+03	6.66704025e-01	6.87000000e-05	1	9.70457096e+03	6.74113352e-01	6.80000000e-05	1	9.91343164e+03	9.76764344e+03	1.26637730e+02	7.31143276e+01	9.64100571e+03	9.89428117e+03
4.39494202e+02	6.49926342e-01	6.82000000e-05	1	9.52971177e+03	6.56407143e-01	6.87000000e-05	1	9.55468912e+03	6.63544579e-01	6.80000000e-05	1	9.75800851e+03	9.61413647e+03	1.25221167e+02	7.22964745e+01	9.48891530e+03	9.73935763e+03
4.40085449e+02	6.39636817e-01	6.82000000e-05	1	9.37883896e+03	6.46177863e-01	6.87000000e-05	1	9.40579130e+03	6.52873044e-01	6.80000000e-05	1	9.60107418e+03	9.46190148e+03	1.21278139e+02	7.00199662e+01	9.34062334e+03	9.58317962e+03
4.40676666e+02	6.28717326e-01	6.82000000e-05	1	9.21872911e+03	6.35706047e-01	6.87000000e-05	1	9.25336314e+03	6.41975284e-01	6.80000000e-05	1	9.44081300e+03	9.30430175e+03	1.19483766e+02	6.89839847e+01	9.18481798e+03	9.42378552e+03
4.41267853e+02	6.18203882e-01	6.82000000e-05	1	9.06457304e+03	6.25446966e-01	6.87000000e-05	1	9.10403154e+03	6.31401469e-01	6.80000000e-05	1	9.28531572e+03	9.15130676e+03	1.17720187e+02	6.79657817e+01	9.03358658e+03	9.26902695e+03
4.41858978e+02	6.07975045e-01	6.82000000e-05	1	8.91459011e+03	6.15627290e-01	6.87000000e-05	1	8.96109593e+03	6.21376239e-01	6.80000000e-05	1	9.13788586e+03	9.00452397e+03	1.17812328e+02	6.80189790e+01	8.88671164e+03	9.12233629e+03
4.42450104e+02	5.97057438e-01	6.82000000e-05	1	8.75450788e+03	6.04458155e-01	6.87000000e-05	1	8.79851755e+03	6.10556121e-01	6.80000000e-05	1	8.97876648e+03	8.84393064e+03	1.18826520e+02	6.86045234e+01	8.72510412e+03	8.96275716e+03
4.43041199e+02	5.85841913e-01	6.82000000e-05	1	8.59005738e+03	5.92958964e-01	6.87000000e-05	1	8.63113484e+03	5.99385282e-01	6.80000000e-05	1	8.81448944e+03	8.67856055e+03	1.19496177e+02	6.89911499e+01	8.55906438e+03	8.79805673e+03
4.43632233e+02	5.74508835e-01	6.82000000e-05	1	8.42388321e+03	5.81819981e-01	6.87000000e-05	1	8.46899535e+03	5.88203565e-01	6.80000000e-05	1	8.65005243e+03	8.51431033e+03	1.19700521e+02	6.91091280e+01	8.39460981e+03	8.63401085e+03
4.44223267e+02	5.63110623e-01	6.82000000e-05	1	8.25675400e+03	5.70254563e-01	6.87000000e-05	1	8.30064866e+03	5.76793131e-01	6.80000000e-05	1	8.48225193e+03	8.34655153e+03	1.19551803e+02	6.90232655e+01	8.22699973e+03	8.46610333e+03
4.44814240e+02	5.52462716e-01	6.82000000e-05	1	8.10062633e+03	5.59146785e-01	6.87000000e-05	1	8.13896339e+03	5.65400554e-01	6.80000000e-05	1	8.31471403e+03	8.18476791e+03	1.14157462e+02	6.59088412e+01	8.07061045e+03	8.29892538e+03
4.45405212e+02	5.40935768e-01	6.82000000e-05	1	7.93160950e+03	5.47681470e-01	6.87000000e-05	1	7.97207380e+03	5.53569692e-01	6.80000000e-05	1	8.14073077e+03	8.01480469e+03	1.10916063e+02	6.40374189e+01	7.90388863e+03	8.12572075e+03
4.45996124e+02	5.29739475e-01	6.82000000e-05	1	7.76744099e+03	5.36254954e-01	6.87000000e-05	1	7.80574896e+03	5.41876662e-01	6.80000000e-05	1	7.96877445e+03	7.84732146e+03	1.06911157e+02	6.17251851e+01	7.74041031e+03	7.95423262e+03
4.46587036e+02	5.18312974e-01	6.82000000e-05	1	7.59989698e+03	5.24655359e-01	6.87000000e-05	1	7.63690479e+03	5.29960915e-01	6.80000000e-05	1	7.79354286e+03	7.67678155e+03	1.02797364e+02	5.93500855e+01	7.57398418e+03	7.77957891e+03
4.47177887e+02	5.07049767e-01	6.82000000e-05	1	7.43474732e+03	5.12807802e-01	6.87000000e-05	1	7.46445126e+03	5.18170103e-01	6.80000000e-05	1	7.62014858e+03	7.50644905e+03	9.95804557e+01	5.74928029e+01	7.40686860e+03	7.60602951e+03
4.47768738e+02	4.96002479e-01	6.82000000e-05	1	7.27276362e+03	5.01431772e-01	6.87000000e-05	1	7.29886132e+03	5.06795216e-01	6.80000000e-05	1	7.45287083e+03	7.34149859e+03	9.73298746e+01	5.61934293e+01	7.24416871e+03	7.43882846e+03
4.48359528e+02	4.84798580e-01	6.82000000e-05	1	7.10848357e+03	4.90007016e-01	6.87000000e-05	1	7.13256209e+03	4.95052707e-01	6.80000000e-05	1	7.28018687e+03	7.17374418e+03	9.29649336e+01	5.36733294e+01	7.08077924e+03	7.26670911e+03
4.48950287e+02	4.74120212e-01	6.82000000e-05	1	6.95190927e+03	4.79045906e-01	6.87000000e-05	1	6.97301174e+03	4.83913683e-01	6.80000000e-05	1	7.11637770e+03	7.01376624e+03	8.94883375e+01	5.16661158e+01	6.92427790e+03	7.10325457e+03
4.49541016e+02	4.63118659e-01	6.82000000e-05	1	6.79059618e+03	4.67850098e-01	6.87000000e-05	1	6.81004509e+03	4.72240052e-01	6.80000000e-05	1	6.94470665e+03	6.84844931e+03	8.39265884e+01	4.84550384e+01	6.76452272e+03	6.93237589e+03
4.50131744e+02	4.52043909e-01	6.82000000e-05	1	6.62820981e+03	4.56963237e-01	6.87000000e-05	1	6.65157551e+03	4.61387825e-01	6.80000000e-05	1	6.78511508e+03	6.68830013e+03	8.46542342e+01	4.88751449e+01	6.60364590e+03	6.77295437e+03
4.50722412e+02	4.41019584e-01	6.82000000e-05	1	6.46656282e+03	4.46041039e-01	6.87000000e-05	1	6.49259154e+03	4.50552424e-01	6.80000000e-05	1	6.62577095e+03	6.52830844e+03	8.54024554e+01	4.93071306e+01	6.44290598e+03	6.61371089e+03
4.51313049e+02	4.29814623e-01	6.82000000e-05	1	6.30226720e+03	4.34993855e-01	6.87000000e-05	1	6.33178828e+03	4.39518449e-01	6.80000000e-05	1	6.46350660e+03	6.36585403e+03	8.58480775e+01	4.95644107e+01	6.28000595e+03	6.45170211e+03
4.51903656e+02	4.18673927e-01	6.82000000e-05	1	6.13891389e+03	4.24150137e-01	6.87000000e-05	1	6.17394669e+03	4.28520807e-01	6.80000000e-05	1	6.30177658e+03	6.20487905e+03	8.57243974e+01	4.94930039e+01	6.11915465e+03	6.29060345e+03
4.52494232e+02	4.07911979e-01	6.82000000e-05	1	5.98111406e+03	4.13039354e-01	6.87000000e-05	1	6.01221768e+03	4.17499068e-01	6.80000000e-05	1	6.13969217e+03	6.04434130e+03	8.40279694e+01	4.85135708e+01	5.96031333e+03	6.12836927e+03
4.53084778e+02	3.97231021e-01	6.82000000e-05	1	5.82450177e+03	4.01788646e-01	6.87000000e-05	1	5.84845191e+03	4.06526139e-01	6.80000000e-05	1	5.97832557e+03	5.88375975e+03	8.27672833e+01	4.77857133e+01	5.80099247e+03	5.96652703e+03
4.53675293e+02	3.86852438e-01	6.82000000e-05	1	5.67232313e+03	3.91117448e-01	6.87000000e-05	1	5.69312152e+03	3.95909998e-01	6.80000000e-05	1	5.82220586e+03	5.72921684e+03	8.11995189e+01	4.68805641e+01	5.64801732e+03	5.81041636e+03
4.54265778e+02	3.76677102e-01	6.82000000e-05	1	5.52312467e+03	3.80506487e-01	6.87000000e-05	1	5.53866794e+03	3.85237832e-01	6.80000000e-05	1	5.66526224e+03	5.57568495e+03	7.79645197e+01	4.50128364e+01	5.49772043e+03	5.65364947e+03
4.54856232e+02	3.66247539e-01	6.82000000e-05	1	5.37019852e+03	3.70355238e-01	6.87000000e-05	1	5.39090593e+03	3.74928541e-01	6.80000000e-05	1	5.51365501e+03	5.42491982e+03	7.75412787e+01	4.47684781e+01	5.34737854e+03	5.50246110e+03
4.55446655e+02	3.55885072e-01	6.82000000e-05	1	5.21825618e+03	3.59816983e-01	6.87000000e-05	1	5.23751067e+03	3.64274489e-01	6.80000000e-05	1	5.35697778e+03	5.27091488e+03	7.51518514e+01	4.33889417e+01	5.19576303e+03	5.34606673e+03
4.56037018e+02	3.45580694e-01	6.82000000e-05	1	5.06716560e+03	3.49495010e-01	6.87000000e-05	1	5.08726361e+03	3.54047700e-01	6.80000000e-05	1	5.20658383e+03	5.12033768e+03	7.53643237e+01	4.35116126e+01	5.04497336e+03	5.19570200e+03
4.56627380e+02	3.35699359e-01	6.82000000e-05	1	4.92227799e+03	3.39453723e-01	6.87000000e-05	1	4.94110223e+03	3.43813366e-01	6.80000000e-05	1	5.05607892e+03	4.97315305e+03	7.24300551e+01	4.18175118e+01	4.90072299e+03	5.04558310e+03
4.57217712e+02	3.25684125e-01	6.82000000e-05	1	4.77542705e+03	3.28932813e-01	6.87000000e-05	1	4.78795943e+03	3.33593928e-01	6.80000000e-05	1	4.90579306e+03	4.82305984e+03	7.19225535e+01	4.15245056e+01	4.75113729e+03	4.89498240e+03
4.57807983e+02	3.15719994e-01	6.82000000e-05	1	4.62932543e+03	3.18724026e-01	6.87000000e-05	1	4.63935992e+03	3.23512211e-01	6.80000000e-05	1	4.75753251e+03	4.67540595e+03	7.13004325e+01	4.11653239e+01	4.60410552e+03	4.74670638e+03
4.58398254e+02	3.06480911e-01	6.82000000e-05	1	4.49385500e+03	3.08923813e-01	6.87000000e-05	1	4.49670762e+03	3.13681030e-01	6.80000000e-05	1	4.61295632e+03	4.53450631e+03	6.79546701e+01	3.92336471e+01	4.46655164e+03	4.60246098e+03
4.58988464e+02	2.97374491e-01	6.82000000e-05	1	4.36032978e+03	2.99533624e-01	6.87000000e-05	1	4.36002364e+03	3.04148495e-01	6.80000000e-05	1	4.47277199e+03	4.39770847e+03	6.50070945e+01	3.75318635e+01	4.33270138e+03	4.46271557e+03
4.59578674e+02	2.88275629e-01	6.82000000e-05	1	4.22691538e+03	2.90538465e-01	6.87000000e-05	1	4.22908973e+03	2.94826564e-01	6.80000000e-05	1	4.33568476e+03	4.26389662e+03	6.21798566e+01	3.58995569e+01	4.20171677e+03	4.32607648e+03
4.60168823e+02	2.79012415e-01	6.82000000e-05	1	4.09109113e+03	2.81235910e-01	6.87000000e-05	1	4.09368137e+03	2.85239533e-01	6.80000000e-05	1	4.19469901e+03	4.12649051e+03	5.90844964e+01	3.41124499e+01	4.06740601e+03	4.18557500e+03
4.60758972e+02	2.69996158e-01	6.82000000e-05	1	3.95888795e+03	2.72264940e-01	6.87000000e-05	1	3.96309956e+03	2.76114923e-01	6.80000000e-05	1	4.06051358e+03	3.99416703e+03	5.74963746e+01	3.31955474e+01	3.93667065e+03	4.05166340e+03
4.61349060e+02	2.60938406e-01	6.82000000e-05	1	3.82607633e+03	2.63213135e-01	6.87000000e-05	1	3.83134111e+03	2.66619630e-01	6.80000000e-05	1	3.92087691e+03	3.85943145e+03	5.32783974e+01	3.07602971e+01	3.80615305e+03	3.91270985e+03
4.61939117e+02	2.51273395e-01	6.82000000e-05	1	3.68436064e+03	2.53986988e-01	6.87000000e-05	1	3.69704495e+03	2.57309024e-01	6.80000000e-05	1	3.78395624e+03	3.72178727e+03	5.42121573e+01	3.12994036e+01	3.66757512e+03	3.77599943e+03
4.62529144e+02	2.42045004e-01	6.82000000e-05	1	3.54904698e+03	2.44787398e-01	6.87000000e-05	1	3.56313534e+03	2.48098403e-01	6.80000000e-05	1	3.64850592e+03	3.58689608e+03	5.38186766e+01	3.10722274e+01	3.53307741e+03	3.64071476e+03
4.63119141e+02	2.33181532e-01	6.82000000e-05	1	3.41908404e+03	2.35839983e-01	6.87000000e-05	1	3.43289640e+03	2.39118435e-01	6.80000000e-05	1	3.51644757e+03	3.45614267e+03	5.26802241e+01	3.04149416e+01	3.40346245e+03	3.50882290e+03
4.63709137e+02	2.24297724e-01	6.82000000e-05	1	3.28882293e+03	2.27119799e-01	6.87000000e-05	1	3.30596505e+03	2.30389847e-01	6.80000000e-05	1	3.38808599e+03	3.32762465e+03	5.30579162e+01	3.06330022e+01	3.27456674e+03	3.38068257e+03
4.64299072e+02	2.16233449e-01	6.82000000e-05	1	3.17057844e+03	2.19143683e-01	6.87000000e-05	1	3.18986438e+03	2.22361560e-01	6.80000000e-05	1	3.27002295e+03	3.21015526e+03	5.27360624e+01	3.04471798e+01	3.15741919e+03	3.26289132e+03
4.64888977e+02	2.08191452e-01	6.82000000e-05	1	3.05266059e+03	2.10960688e-01	6.87000000e-05	1	3.07075237e+03	2.14106851e-01	6.80000000e-05	1	3.14863017e+03	3.09068104e+03	5.09941571e+01	2.94414903e+01	3.03968688e+03	3.14167520e+03
4.65478821e+02	2.00580503e-01	6.82000000e-05	1	2.94106310e+03	2.03177547e-01	6.87000000e-05	1	2.95746066e+03	2.06258169e-01	6.80000000e-05	1	3.03320837e+03	2.97724404e+03	4.91551078e+01	2.83797147e+01	2.92808894e+03	3.02639915e+03
4.66068665e+02	1.92606054e-01	6.82000000e-05	1	2.82413569e+03	1.95302659e-01	6.87000000e-05	1	2.84283346e+03	1.98049414e-01	6.80000000e-05	1	2.91249138e+03	2.85982018e+03	4.65627888e+01	2.68830386e+01	2.81325739e+03	2.90638296e+03
4.66658478e+02	1.85152770e-01	6.82000000e-05	1	2.71485000e+03	1.87633205e-01	6.87000000e-05	1	2.73119658e+03	1.90357961e-01	6.80000000e-05	1	2.79938177e+03	2.74847612e+03	4.48368391e+01	2.58865611e+01	2.70363928e+03	2.79331296e+03
4.67248260e+02	1.78065281e-01	6.82000000e-05	1	2.61092788e+03	1.79981409e-01	6.87000000e-05	1	2.61981672e+03	1.82785476e-01	6.80000000e-05	1	2.68802170e+03	2.63958877e+03	4.21789614e+01	2.43520347e+01	2.59740980e+03	2.68176773e+03
4.67838013e+02	1.70997856e-01	6.82000000e-05	1	2.50729994e+03	1.72593978e-01	6.87000000e-05	1	2.51228498e+03	1.75403018e-01	6.80000000e-05	1	2.57945615e+03	2.53301369e+03	4.02975089e+01	2.32657776e+01	2.49271618e+03	2.57331120e+03
4.68427704e+02	1.64121826e-01	6.82000000e-05	1	2.40647839e+03	1.65505742e-01	6.87000000e-05	1	2.40910833e+03	1.68072243e-01	6.80000000e-05	1	2.47165064e+03	2.42907912e+03	3.68914605e+01	2.12992946e+01	2.39218766e+03	2.46597058e+03
4.69017395e+02	1.57439083e-01	6.82000000e-05	1	2.30849096e+03	1.58421281e-01	6.87000000e-05	1	2.30598663e+03	1.61116898e-01	6.80000000e-05	1	2.36936614e+03	2.32794791e+03	3.58910926e+01	2.07217320e+01	2.29205682e+03	2.36383900e+03
4.69607025e+02	1.50755543e-01	6.82000000e-05	1	2.21049183e+03	1.51361184e-01	6.87000000e-05	1	2.20321957e+03	1.54251725e-01	6.80000000e-05	1	2.26840772e+03	2.22737304e+03	3.57226155e+01	2.06244617e+01	2.19165043e+03	2.26309566e+03
4.70196655e+02	1.44307097e-01	6.82000000e-05	1	2.11593984e+03	1.44897643e-01	6.87000000e-05	1	2.10913599e+03	1.47868125e-01	6.80000000e-05	1	2.17453125e+03	2.13320236e+03	3.59531751e+01	2.07575753e+01	2.09724919e+03	2.16915554e+03
4.70786224e+02	1.37461224e-01	6.82000000e-05	1	2.01556047e+03	1.38304003e-01	6.87000000e-05	1	2.01315871e+03	1.41264035e-01	6.80000000e-05	1	2.07741229e+03	2.03537715e+03	3.64232941e+01	2.10289986e+01	1.99895386e+03	2.07180045e+03
4.71375763e+02	1.31393249e-01	6.82000000e-05	1	1.92658722e+03	1.31960974e-01	6.87000000e-05	1	1.92082932e+03	1.35266770e-01	6.80000000e-05	1	1.98921721e+03	1.94554458e+03	3.79310150e+01	2.18994817e+01	1.90761357e+03	1.98347560e+03
4.71965302e+02	1.25393499e-01	6.82000000e-05	1	1.83861436e+03	1.26027266e-01	6.87000000e-05	1	1.83445803e+03	1.29299526e-01	6.80000000e-05	1	1.90146361e+03	1.85817867e+03	3.75434241e+01	2.16757060e+01	1.82063524e+03	1.89572209e+03
4.72554779e+02	1.19641520e-01	6.82000000e-05	1	1.75427449e+03	1.20304525e-01	6.87000000e-05	1	1.75115757e+03	1.23252494e-01	6.80000000e-05	1	1.81253667e+03	1.77265624e+03	3.45726073e+01	1.99605041e+01	1.73808364e+03	1.80722885e+03
4.73144226e+02	1.14050906e-01	6.82000000e-05	1	1.67230068e+03	1.14719411e-01	6.87000000e-05	1	1.66986042e+03	1.17262837e-01	6.80000000e-05	1	1.72445348e+03	1.68887153e+03	3.08390245e+01	1.78049191e+01	1.65803250e+03	1.71971055e+03
4.73733643e+02	1.08487466e-01	6.82000000e-05	1	1.59072531e+03	1.09024394e-01	6.87000000e-05	1	1.58696352e+03	1.11526535e-01	6.80000000e-05	1	1.64009610e+03	1.60592831e+03	2.96498939e+01	1.71183742e+01	1.57627841e+03	1.63557820e+03
4.74323029e+02	1.02975328e-01	6.82000000e-05	1	1.50990217e+03	1.03465202e-01	6.87000000e-05	1	1.50604370e+03	1.06089923e-01	6.80000000e-05	1	1.56014592e+03	1.52536393e+03	3.01838050e+01	1.74266279e+01	1.49518013e+03	1.55554774e+03
4.74912384e+02	9.80714984e-02	6.82000000e-05	1	1.43799851e+03	9.83840684e-02	6.87000000e-05	1	1.43208251e+03	1.01000129e-01	6.80000000e-05	1	1.48529602e+03	1.45179235e+03	2.91654234e+01	1.68386650e+01	1.42262692e+03	1.48095777e+03
4.75501709e+02	9.30501058e-02	6.82000000e-05	1	1.36437105e+03	9.31057059e-02	6.87000000e-05	1	1.35525045e+03	9.58125335e-02	6.80000000e-05	1	1.40900785e+03	1.37620978e+03	2.87677084e+01	1.66090442e+01	1.34744207e+03	1.40497749e+03
4.76090973e+02	8.84021657e-02	6.82000000e-05	1	1.29621944e+03	8.80046585e-02	6.87000000e-05	1	1.28099940e+03	9.09534531e-02	6.80000000e-05	1	1.33755078e+03	1.30492320e+03	2.92631415e+01	1.68950826e+01	1.27566006e+03	1.33418635e+03
4.76680237e+02	8.38023139e-02	6.82000000e-05	1	1.22877293e+03	8.34621294e-02	6.87000000e-05	1	1.21487816e+03	8.62037369e-02	6.80000000e-05	1	1.26770201e+03	1.23711770e+03	2.73827746e+01	1.58094523e+01	1.20973493e+03	1.26450048e+03
4.77269470e+02	7.93270745e-02	6.82000000e-05	1	1.16315359e+03	7.90197919e-02	6.87000000e-05	1	1.15021531e+03	8.14165081e-02	6.80000000e-05	1	1.19730159e+03	1.17022350e+03	2.43262635e+01	1.40447748e+01	1.14589723e+03	1.19454976e+03
4.77858643e+02	7.47870768e-02	6.82000000e-05	1	1.09658470e+03	7.44726694e-02	6.87000000e-05	1	1.08402721e+03	7.67298117e-02	6.80000000e-05	1	1.12837958e+03	1.10299717e+03	2.28609498e+01	1.31987755e+01	1.08013622e+03	1.12585812e+03
4.78447815e+02	7.04875778e-02	6.82000000e-05	1	1.03354220e+03	7.01896165e-02	6.87000000e-05	1	1.02168292e+03	7.25583859e-02	6.80000000e-05	1	1.06703509e+03	1.04075340e+03	2.35203288e+01	1.35794681e+01	1.01723307e+03	1.06427373e+03
4.79036926e+02	6.65469329e-02	6.82000000e-05	1	9.75761479e+02	6.64013656e-02	6.87000000e-05	1	9.66540985e+02	6.86969071e-02	6.80000000e-05	1	1.01024863e+03	9.84183699e+02	2.30388800e+01	1.33015036e+01	9.61144819e+02	1.00722258e+03
4.79626038e+02	6.30589761e-02	6.82000000e-05	1	9.24618417e+02	6.28419211e-02	6.87000000e-05	1	9.14729565e+02	6.49514333e-02	6.80000000e-05	1	9.55168136e+02	9.31505373e+02	2.10806103e+01	1.21708960e+01	9.10424762e+02	9.52585983e+02
4.80215088e+02	5.96027681e-02	6.82000000e-05	1	8.73940881e+02	5.94173792e-02	6.87000000e-05	1	8.64881793e+02	6.12747207e-02	6.80000000e-05	1	9.01098833e+02	8.79973836e+02	1.88471722e+01	1.08814200e+01	8.61126664e+02	8.98821008e+02
4.80804108e+02	5.67352741e-02	6.82000000e-05	1	8.31895515e+02	5.63681129e-02	6.87000000e-05	1	8.20496549e+02	5.81325580e-02	6.80000000e-05	1	8.54890559e+02	8.35760874e+02	1.75197814e+01	1.01150505e+01	8.18241093e+02	8.53280655e+02
4.81393097e+02	5.35693112e-02	6.82000000e-05	1	7.85473772e+02	5.34722988e-02	6.87000000e-05	1	7.78344961e+02	5.51117785e-02	6.80000000e-05	1	8.10467331e+02	7.91428688e+02	1.68688305e+01	9.73922383e+00	7.74559857e+02	8.08297518e+02
4.81982056e+02	5.04286288e-02	6.82000000e-05	1	7.39422709e+02	5.03504582e-02	6.87000000e-05	1	7.32903322e+02	5.20128811e-02	6.80000000e-05	1	7.64895311e+02	7.45740447e+02	1.69058333e+01	9.76058741e+00	7.28834614e+02	7.62646281e+02
4.82570984e+02	4.76516440e-02	6.82000000e-05	1	6.98704457e+02	4.74434240e-02	6.87000000e-05	1	6.90588413e+02	4.94502691e-02	6.80000000e-05	1	7.27209839e+02	7.05500903e+02	1.92334597e+01	1.11044431e+01	6.86267443e+02	7.24734363e+02
4.83159882e+02	4.46264425e-02	6.82000000e-05	1	6.54346664e+02	4.43304413e-02	6.87000000e-05	1	6.45275710e+02	4.65039545e-02	6.80000000e-05	1	6.83881684e+02	6.61168019e+02	2.01867153e+01	1.16548055e+01	6.40981304e+02	6.81354734e+02
4.83748749e+02	4.13470747e-02	6.82000000e-05	1	6.06262092e+02	4.09307013e-02	6.87000000e-05	1	5.95788956e+02	4.28753984e-02	6.80000000e-05	1	6.30520565e+02	6.10857204e+02	1.78159328e+01	1.02860336e+01	5.93041271e+02	6.28673137e+02
4.84337585e+02	3.85716182e-02	6.82000000e-05	1	5.65566249e+02	3.82111836e-02	6.87000000e-05	1	5.56203545e+02	4.01189708e-02	6.80000000e-05	1	5.89984865e+02	5.70584886e+02	1.74408836e+01	1.00694989e+01	5.53144003e+02	5.88025770e+02
4.84926361e+02	3.59305417e-02	6.82000000e-05	1	5.26840787e+02	3.58796612e-02	6.87000000e-05	1	5.22265811e+02	3.77435677e-02	6.80000000e-05	1	5.55052467e+02	5.34719689e+02	1.77566609e+01	1.02518130e+01	5.16963028e+02	5.52476349e+02
4.85515137e+02	3.43423430e-02	6.82000000e-05	1	5.03553416e+02	3.41539899e-02	6.87000000e-05	1	4.97146869e+02	3.59325273e-02	6.80000000e-05	1	5.28419520e+02	5.09706602e+02	1.65194111e+01	9.53748647e+00	4.93187190e+02	5.26226013e+02
4.86103882e+02	3.27119046e-02	6.82000000e-05	1	4.79646695e+02	3.26906746e-02	6.87000000e-05	1	4.75846792e+02	3.44178087e-02	6.80000000e-05	1	5.06144246e+02	4.87212578e+02	1.65050252e+01	9.52918076e+00	4.70707552e+02	5.03717603e+02
4.86692566e+02	3.11445388e-02	6.82000000e-05	1	4.56664792e+02	3.10756328e-02	6.87000000e-05	1	4.52338178e+02	3.30268905e-02	6.80000000e-05	1	4.85689567e+02	4.64897512e+02	1.81359324e+01	1.04707854e+01	4.46761580e+02	4.83033445e+02
4.87281219e+02	3.03942915e-02	6.82000000e-05	1	4.45664098e+02	2.99919733e-02	6.87000000e-05	1	4.36564385e+02	3.20928888e-02	6.80000000e-05	1	4.71954247e+02	4.51394243e+02	1.83776087e+01	1.06103173e+01	4.33016635e+02	4.69771852e+02
4.87869873e+02	2.86359928e-02	6.82000000e-05	1	4.19882593e+02	2.83459090e-02	6.87000000e-05	1	4.12604207e+02	3.00643472e-02	6.80000000e-05	1	4.42122753e+02	4.24869851e+02	1.53782544e+01	8.87863933e+00	4.09491597e+02	4.40248105e+02
4.88458466e+02	2.68576865e-02	6.82000000e-05	1	3.93807720e+02	2.63607472e-02	6.87000000e-05	1	3.83708110e+02	2.80960863e-02	6.80000000e-05	1	4.13177740e+02	3.96897857e+02	1.49758631e+01	8.64631860e+00	3.81921994e+02	4.11873720e+02
4.89047028e+02	2.53572357e-02	6.82000000e-05	1	3.71806975e+02	2.49851010e-02	6.87000000e-05	1	3.63684148e+02	2.66531974e-02	6.80000000e-05	1	3.91958785e+02	3.75816636e+02	1.45575345e+01	8.40479645e+00	3.61259102e+02	3.90374171e+02
4.89635559e+02	2.38856957e-02	6.82000000e-05	1	3.50230142e+02	2.35309358e-02	6.87000000e-05	1	3.42517260e+02	2.54469562e-02	6.80000000e-05	1	3.74219944e+02	3.55655782e+02	1.65330948e+01	9.54538672e+00	3.39122687e+02	3.72188877e+02
4.90224060e+02	2.30578831e-02	6.82000000e-05	1	3.38092127e+02	2.22785012e-02	6.87000000e-05	1	3.24286771e+02	2.43050870e-02	6.80000000e-05	1	3.57427751e+02	3.39935550e+02	1.66472154e+01	9.61127431e+00	3.23288334e+02	3.56582765e+02
4.90812531e+02	2.19060075e-02	6.82000000e-05	1	3.21202456e+02	2.08590849e-02	6.87000000e-05	1	3.03625690e+02	2.32724875e-02	6.80000000e-05	1	3.42242463e+02	3.22356870e+02	1.93342517e+01	1.11626354e+01	3.03022618e+02	3.41691121e+02
4.91400970e+02	2.07141347e-02	6.82000000e-05	1	3.03726315e+02	1.94300354e-02	6.87000000e-05	1	2.82824388e+02	2.19473162e-02	6.80000000e-05	1	3.22754650e+02	3.03101784e+02	1.99724556e+01	1.15311026e+01	2.83129328e+02	3.23074240e+02
4.91989349e+02	1.97596143e-02	6.82000000e-05	1	2.89730415e+02	1.80807250e-02	6.87000000e-05	1	2.63183770e+02	2.03945325e-02	6.80000000e-05	1	2.99919596e+02	2.84277927e+02	1.89651639e+01	1.09495425e+01	2.65312763e+02	3.03243091e+02
4.92577728e+02	1.82752675e-02	6.82000000e-05	1	2.67965799e+02	1.67910395e-02	6.87000000e-05	1	2.44411056e+02	1.86456601e-02	6.80000000e-05	1	2.74200884e+02	2.62192580e+02	1.57116520e+01	9.07112650e+00	2.46480928e+02	2.77904231e+02
4.93166046e+02	1.71749292e-02	6.82000000e-05	1	2.51831806e+02	1.56690343e-02	6.87000000e-05	1	2.28079101e+02	1.75038762e-02	6.80000000e-05	1	2.57409944e+02	2.45773617e+02	1.55756483e+01	8.99260476e+00	2.30197969e+02	2.61349265e+02
4.93754364e+02	1.57507011e-02	6.82000000e-05	1	2.30948697e+02	1.48577520e-02	6.87000000e-05	1	2.16270043e+02	1.60447107e-02	6.80000000e-05	1	2.35951628e+02	2.27723456e+02	1.02295080e+01	5.90600918e+00	2.17493948e+02	2.37952964e+02
4.94342621e+02	1.46961823e-02	6.82000000e-05	1	2.15486543e+02	1.41332768e-02	6.87000000e-05	1	2.05724553e+02	1.50576494e-02	6.80000000e-05	1	2.21436020e+02	2.14215706e+02	7.93245376e+00	4.57980431e+00	2.06283252e+02	2.22148159e+02
4.94930847e+02	1.40308356e-02	6.82000000e-05	1	2.05730728e+02	1.35307576e-02	6.87000000e-05	1	1.96954258e+02	1.44575533e-02	6.80000000e-05	1	2.12611078e+02	2.05098688e+02	7.84752221e+00	4.53076906e+00	1.97251166e+02	2.12946210e+02
4.95519073e+02	1.33883700e-02	6.82000000e-05	1	1.96310410e+02	1.27991145e-02	6.87000000e-05	1	1.86304432e+02	1.40324089e-02	6.80000000e-05	1	2.06358954e+02	1.96324599e+02	1.00272688e+01	5.78924632e+00	1.86297330e+02	2.06351868e+02
4.96107239e+02	1.28725644e-02	6.82000000e-05	1	1.88747279e+02	1.21646909e-02	6.87000000e-05	1	1.77069737e+02	1.34654215e-02	6.80000000e-05	1	1.98020905e+02	1.87945974e+02	1.04985437e+01	6.06133706e+00	1.77447430e+02	1.98444517e+02
4.96695374e+02	1.22641428e-02	6.82000000e-05	1	1.79826140e+02	1.11674028e-02	6.87000000e-05	1	1.62553171e+02	1.29624877e-02	6.80000000e-05	1	1.90624820e+02	1.77668044e+02	1.41597105e+01	8.17511267e+00	1.63508333e+02	1.91827754e+02
4.97283478e+02	1.19576863e-02	6.82000000e-05	1	1.75332644e+02	1.06516061e-02	6.87000000e-05	1	1.55045213e+02	1.27499657e-02	6.80000000e-05	1	1.87499495e+02	1.72625784e+02	1.63955915e+01	9.46599918e+00	1.56230192e+02	1.89021375e+02
4.97871521e+02	1.13299821e-02	6.82000000e-05	1	1.66128770e+02	1.01361901e-02	6.87000000e-05	1	1.47542796e+02	1.23093589e-02	6.80000000e-05	1	1.81019984e+02	1.64897183e+02	1.67725409e+01	9.68363103e+00	1.48124642e+02	1.81669724e+02
4.98459564e+02	1.05784707e-02	6.82000000e-05	1	1.55109541e+02	9.62130139e-03	6.87000000e-05	1	1.40048055e+02	1.16296818e-02	6.80000000e-05	1	1.71024733e+02	1.55394109e+02	1.54902992e+01	8.94332843e+00	1.39903810e+02	1.70884409e+02
4.99047577e+02	1.00360051e-02	6.82000000e-05	1	1.47155500e+02	9.10041792e-03	6.87000000e-05	1	1.32466054e+02	1.08457499e-02	6.80000000e-05	1	1.59496322e+02	1.46372626e+02	1.35321290e+01	7.81277834e+00	1.32840497e+02	1.59904755e+02
4.99635529e+02	9.57543435e-03	6.82000000e-05	1	1.40402263e+02	8.47750313e-03	6.87000000e-05	1	1.23398881e+02	1.03359551e-02	6.80000000e-05	1	1.51999340e+02	1.38600161e+02	1.43851396e+01	8.30526424e+00	1.24215022e+02	1.52985301e+02
5.00223480e+02	9.20149559e-03	6.82000000e-05	1	1.34919290e+02	7.70400074e-03	6.87000000e-05	1	1.12139749e+02	9.82872261e-03	6.80000000e-05	1	1.44540038e+02	1.30533026e+02	1.66395366e+01	9.60684091e+00	1.13893489e+02	1.47172562e+02
5.00811371e+02	8.67838196e-03	6.82000000e-05	1	1.27249002e+02	7.15092584e-03	6.87000000e-05	1	1.04089168e+02	9.36094399e-03	6.80000000e-05	1	1.37660941e+02	1.22999704e+02	1.71845393e+01	9.92149838e+00	1.05815165e+02	1.40184243e+02
5.01399231e+02	8.29971595e-03	6.82000000e-05	1	1.21696715e+02	6.58350225e-03	6.87000000e-05	1	9.58297271e+01	9.01821166e-03	6.80000000e-05	1	1.32620760e+02	1.16715734e+02	1.88945137e+01	1.09087526e+01	9.78212202e+01	1.35610248e+02
5.01987091e+02	8.09682955e-03	6.82000000e-05	1	1.18721841e+02	6.45139960e-03	6.87000000e-05	1	9.39068355e+01	8.91388754e-03	6.80000000e-05	1	1.31086581e+02	1.14571753e+02	1.89341174e+01	1.09316178e+01	9.56376352e+01	1.33505870e+02
5.02574890e+02	7.43654686e-03	6.82000000e-05	1	1.09040277e+02	6.21860855e-03	6.87000000e-05	1	9.05183196e+01	8.20364217e-03	6.80000000e-05	1	1.20641797e+02	1.06733464e+02	1.51936502e+01	8.77205802e+00	9.15398141e+01	1.21927114e+02
5.03162659e+02	7.09178824e-03	6.82000000e-05	1	1.03985165e+02	6.18697022e-03	6.87000000e-05	1	9.00577907e+01	7.79960218e-03	6.80000000e-05	1	1.14700032e+02	1.02914329e+02	1.23559715e+01	7.13372347e+00	9.05583577e+01	1.15270301e+02
5.03750366e+02	6.71797698e-03	6.82000000e-05	1	9.85040612e+01	6.14639784e-03	6.87000000e-05	1	8.94672174e+01	7.24303123e-03	6.80000000e-05	1	1.06515165e+02	9.81621479e+01	8.52911537e+00	4.92428705e+00	8.96330326e+01	1.06691263e+02
5.04338074e+02	6.31714802e-03	6.82000000e-05	1	9.26268038e+01	5.64161538e-03	6.87000000e-05	1	8.21195835e+01	6.76789833e-03	6.80000000e-05	1	9.95279167e+01	9.14247680e+01	8.76619553e+00	5.06116535e+00	8.26585725e+01	1.00190964e+02
5.04925751e+02	5.99969793e-03	6.82000000e-05	1	8.79721104e+01	5.21058508e-03	6.87000000e-05	1	7.58454888e+01	6.28381276e-03	6.80000000e-05	1	9.24090112e+01	8.54088701e+01	8.57410162e+00	4.95025988e+00	7.68347685e+01	9.39829718e+01
5.05513367e+02	5.81656544e-03	6.82000000e-05	1	8.52868833e+01	5.22200300e-03	6.87000000e-05	1	7.60116885e+01	6.27488238e-03	6.80000000e-05	1	9.22776820e+01	8.45254180e+01	8.15968800e+00	4.71099806e+00	7.63657300e+01	9.26851060e+01
5.06100983e+02	5.68759851e-03	6.82000000e-05	1	8.33958726e+01	5.03692175e-03	6.87000000e-05	1	7.33176384e+01	6.12063221e-03	6.80000000e-05	1	9.00092973e+01	8.22409361e+01	8.40555044e+00	4.85294681e+00	7.38353856e+01	9.06464865e+01
5.06688538e+02	5.80579813e-03	6.82000000e-05	1	8.51290049e+01	4.84156665e-03	6.87000000e-05	1	7.04740415e+01	6.23735866e-03	6.80000000e-05	1	9.17258627e+01	8.24429697e+01	1.08775487e+01	6.28015566e+00	7.15654210e+01	9.33205184e+01
5.07276093e+02	5.74978651e-03	6.82000000e-05	1	8.43077201e+01	4.82546597e-03	6.87000000e-05	1	7.02396793e+01	5.80558788e-03	6.80000000e-05	1	8.53762923e+01	7.99745639e+01	8.44757036e+00	4.87720702e+00	7.15269935e+01	8.84221343e+01
5.07863586e+02	5.67007428e-03	6.82000000e-05	1	8.31389190e+01	4.51588773e-03	6.87000000e-05	1	6.57334459e+01	5.89989390e-03	6.80000000e-05	1	8.67631456e+01	7.85451702e+01	1.12422846e+01	6.49073606e+00	6.73028855e+01	8.97874548e+01
5.08451050e+02	5.46565665e-03	6.82000000e-05	1	8.01415932e+01	4.31243895e-03	6.87000000e-05	1	6.27720371e+01	5.88518453e-03	6.80000000e-05	1	8.65468313e+01	7.64868205e+01	1.23015541e+01	7.10230557e+00	6.41852664e+01	8.87883746e+01
5.09038483e+02	5.38290022e-03	6.82000000e-05	1	7.89281557e+01	4.05863475e-03	6.87000000e-05	1	5.90776528e+01	5.98253135e-03	6.80000000e-05	1	8.79784023e+01	7.53280703e+01	1.47828885e+01	8.53490463e+00	6.05451818e+01	9.01109587e+01
5.09625885e+02	4.84772242e-03	6.82000000e-05	1	7.10809740e+01	3.57319604e-03	6.87000000e-05	1	5.20115872e+01	5.59162572e-03	6.80000000e-05	1	8.22297900e+01	6.84407837e+01	1.52811288e+01	8.82256385e+00	5.31596549e+01	8.37219126e+01
5.10213226e+02	4.74313060e-03	6.82000000e-05	1	6.95473695e+01	3.48797031e-03	6.87000000e-05	1	5.07710380e+01	5.77721977e-03	6.80000000e-05	1	8.49591143e+01	6.84258406e+01	1.71216094e+01	9.88516582e+00	5.13042311e+01	8.55474500e+01
5.10800568e+02	4.46341380e-03	6.82000000e-05	1	6.54459501e+01	3.19898263e-03	6.87000000e-05	1	4.65645216e+01	5.58040415e-03	6.80000000e-05	1	8.20647669e+01	6.46917462e+01	1.77621359e+01	1.02549740e+01	4.69296103e+01	8.24538821e+01
5.11387878e+02	4.30414580e-03	6.82000000e-05	1	6.31106422e+01	3.05612216e-03	6.87000000e-05	1	4.44850387e+01	5.31541702e-03	6.80000000e-05	1	7.81678974e+01	6.19211928e+01	1.68729024e+01	9.74157474e+00	4.50482904e+01	7.87940951e+01
5.11975128e+02	4.19666898e-03	6.82000000e-05	1	6.15347357e+01	3.24425621e-03	6.87000000e-05	1	4.72235257e+01	4.86890218e-03	6.80000000e-05	1	7.16015027e+01	6.01199214e+01	1.22504170e+01	7.07278153e+00	4.78695044e+01	7.23703383e+01
5.12562378e+02	4.32193674e-03	6.82000000e-05	1	6.33715065e+01	3.05834444e-03	6.87000000e-05	1	4.45173863e+01	4.94440329e-03	6.80000000e-05	1	7.27118131e+01	6.02002353e+01	1.43622472e+01	8.29204730e+00	4.58379881e+01	7.45624825e+01
5.13149536e+02	4.42866788e-03	6.82000000e-05	1	6.49364792e+01	3.46024491e-03	6.87000000e-05	1	5.03674659e+01	4.92319424e-03	6.80000000e-05	1	7.23999153e+01	6.25679535e+01	1.12055630e+01	6.46953483e+00	5.13623905e+01	7.37735165e+01
5.13736694e+02	4.51454336e-03	6.82000000e-05	1	6.61956504e+01	3.39395993e-03	6.87000000e-05	1	4.94026190e+01	4.87797992e-03	6.80000000e-05	1	7.17349989e+01	6.24444228e+01	1.16291693e+01	6.71410404e+00	5.08152535e+01	7.40735921e+01
5.14323853e+02	4.14918068e-03	6.82000000e-05	1	6.08384263e+01	2.98021724e-03	6.87000000e-05	1	4.33801636e+01	4.20884033e-03	6.80000000e-05	1	6.18947108e+01	5.53711003e+01	1.03978774e+01	6.00321733e+00	4.49732228e+01	6.57689777e+01
5.14910950e+02	4.10418085e-03	6.82000000e-05	1	6.01786049e+01	2.55415918e-03	6.87000000e-05	1	3.71784452e+01	3.89748007e-03	6.80000000e-05	1	5.73158833e+01	5.15576445e+01	1.25347446e+01	7.23693818e+00	3.90228998e+01	6.40923891e+01
5.15497986e+02	3.82213577e-03	6.82000000e-05	1	5.60430464e+01	2.44801106e-03	6.87000000e-05	1	3.56333488e+01	3.63651674e-03	6.80000000e-05	1	5.34781874e+01	4.83848609e+01	1.11173478e+01	6.41860372e+00	3.72675131e+01	5.95022086e+01
5.16085022e+02	3.57384511e-03	6.82000000e-05	1	5.24024209e+01	2.25600400e-03	6.87000000e-05	1	3.28384862e+01	3.39346298e-03	6.80000000e-05	1	4.99038674e+01	4.50482582e+01	1.06475157e+01	6.14734608e+00	3.44007424e+01	5.56957739e+01
5.16671997e+02	3.33842177e-03	6.82000000e-05	1	4.89504658e+01	2.38816695e-03	6.87000000e-05	1	3.47622554e+01	3.23077667e-03	6.80000000e-05	1	4.75114216e+01	4.37413809e+01	7.80936829e+00	4.50874088e+00	3.59320127e+01	5.15507492e+01
5.17258972e+02	3.45312884e-03	6.82000000e-05	1	5.06323877e+01	2.75322807e-03	6.87000000e-05	1	4.00761000e+01	3.64371437e-03	6.80000000e-05	1	5.35840348e+01	4.80975075e+01	7.10178068e+00	4.10021499e+00	4.09957268e+01	5.51992882e+01
5.17845886e+02	3.31315119e-03	6.82000000e-05	1	4.85799294e+01	2.86194542e-03	6.87000000e-05	1	4.16585942e+01	3.41052696e-03	6.80000000e-05	1	5.01548083e+01	4.67977773e+01	4.51978576e+00	2.60949952e+00	4.22779915e+01	5.13175630e+01
5.18432800e+02	2.81681859e-03	6.82000000e-05	1	4.13023253e+01	2.33960370e-03	6.87000000e-05	1	3.40553668e+01	2.98124495e-03	6.80000000e-05	1	4.38418375e+01	3.97331765e+01	5.07842726e+00	2.93203134e+00	3.46547493e+01	4.48116038e+01
5.19019653e+02	2.55176421e-03	6.82000000e-05	1	3.74158975e+01	2.23938316e-03	6.87000000e-05	1	3.25965526e+01	2.46719787e-03	6.80000000e-05	1	3.62823217e+01	3.54315906e+01	2.51978745e+00	1.45479996e+00	3.29118031e+01	3.79513780e+01
5.19606445e+02	2.41906000e-03	6.82000000e-05	1	3.54700879e+01	1.71821849e-03	6.87000000e-05	1	2.50104583e+01	2.06791907e-03	6.80000000e-05	1	3.04105746e+01	3.02970403e+01	5.23073899e+00	3.01996857e+00	2.50663013e+01	3.55277793e+01
5.20193237e+02	2.19614921e-03	6.82000000e-05	1	3.22016014e+01	1.75968783e-03	6.87000000e-05	1	2.56140877e+01	2.16797788e-03	6.80000000e-05	1	3.18820276e+01	2.98992389e+01	3.71448817e+00	2.14456074e+00	2.61847507e+01	3.36137271e+01
5.20780029e+02	2.27598247e-03	6.82000000e-05	1	3.33721770e+01	1.52755401e-03	6.87000000e-05	1	2.22351384e+01	2.45113492e-03	6.80000000e-05	1	3.60461018e+01	3.05511390e+01	7.32491426e+00	4.22904122e+00	2.32262248e+01	3.78760533e+01
5.21366760e+02	2.31345779e-03	6.82000000e-05	1	3.39216685e+01	1.69939171e-03	6.87000000e-05	1	2.47364150e+01	2.90662353e-03	6.80000000e-05	1	4.27444637e+01	3.38008491e+01	9.00463231e+00	5.19882689e+00	2.47962168e+01	4.28054814e+01
5.21953430e+02	2.42879760e-03	6.82000000e-05	1	3.56128681e+01	1.65328027e-03	6.87000000e-05	1	2.40652149e+01	3.19743895e-03	6.80000000e-05	1	4.70211610e+01	3.55664147e+01	1.14780435e+01	6.62685153e+00	2.40883711e+01	4.70444582e+01
5.22540100e+02	2.53859872e-03	6.82000000e-05	1	3.72228551e+01	1.49905335e-03	6.87000000e-05	1	2.18202817e+01	3.06786844e-03	6.80000000e-05	1	4.51157123e+01	3.47196164e+01	1.18477392e+01	6.84029544e+00	2.28718771e+01	4.65673556e+01
5.23126709e+02	2.40935197e-03	6.82000000e-05	1	3.53277415e+01	1.07680808e-03	6.87000000e-05	1	1.56740623e+01	2.75188715e-03	6.80000000e-05	1	4.04689286e+01	3.04902441e+01	1.30861524e+01	7.55529361e+00	1.74040917e+01	4.35763965e+01
5.23713257e+02	2.52015608e-03	6.82000000e-05	1	3.69524352e+01	1.25938189e-03	6.87000000e-05	1	1.83316141e+01	2.70838774e-03	6.80000000e-05	1	3.98292314e+01	3.17044269e+01	1.16701791e+01	6.73778106e+00	2.00342478e+01	4.33746060e+01
5.24299805e+02	2.37132838e-03	6.82000000e-05	1	3.47702109e+01	1.06862206e-03	6.87000000e-05	1	1.55549063e+01	2.45873730e-03	6.80000000e-05	1	3.61579015e+01	2.88276729e+01	1.15154753e+01	6.64846276e+00	1.73121976e+01	4.03431482e+01
5.24886353e+02	1.92586930e-03	6.82000000e-05	1	2.82385528e+01	8.71456850e-04	6.87000000e-05	1	1.26849614e+01	2.26746013e-03	6.80000000e-05	1	3.33450020e+01	2.47561721e+01	1.07612523e+01	6.21301190e+00	1.39949198e+01	3.55174244e+01
5.25472839e+02	1.89579755e-03	6.82000000e-05	1	2.77976180e+01	9.60562872e-04	6.87000000e-05	1	1.39819923e+01	2.38870283e-03	6.80000000e-05	1	3.51279828e+01	2.56358644e+01	1.07374631e+01	6.19927718e+00	1.48984013e+01	3.63733274e+01
5.26059265e+02	2.00606317e-03	6.82000000e-05	1	2.94144159e+01	1.17716637e-03	6.87000000e-05	1	1.71348816e+01	2.43413783e-03	6.80000000e-05	1	3.57961446e+01	2.74484807e+01	9.48469081e+00	5.47598879e+00	1.79637899e+01	3.69331715e+01
5.26645691e+02	1.80546685e-03	6.82000000e-05	1	2.64731209e+01	1.05057573e-03	6.87000000e-05	1	1.52922231e+01	1.87580525e-03	6.80000000e-05	1	2.75853713e+01	2.31169051e+01	6.79915522e+00	3.92549410e+00	1.63177499e+01	2.99160603e+01
5.27232056e+02	2.02836320e-03	6.82000000e-05	1	2.97413959e+01	1.16416802e-03	6.87000000e-05	1	1.69456771e+01	1.89075221e-03	6.80000000e-05	1	2.78051796e+01	2.48307509e+01	6.89695765e+00	3.98196035e+00	1.79337932e+01	3.17277085e+01
5.27818420e+02	2.05831997e-03	6.82000000e-05	1	3.01806447e+01	1.06265408e-03	6.87000000e-05	1	1.54680361e+01	1.47063600e-03	6.80000000e-05	1	2.16270000e+01	2.24252270e+01	7.38871352e+00	4.26587574e+00	1.50365134e+01	2.98139405e+01
5.28404724e+02	1.91578808e-03	6.82000000e-05	1	2.80907343e+01	1.07929249e-03	6.87000000e-05	1	1.57102254e+01	1.36943258e-03	6.80000000e-05	1	2.01387143e+01	2.13132247e+01	6.27326519e+00	3.62187135e+00	1.50399595e+01	2.75864899e+01
5.28991028e+02	1.75542458e-03	6.82000000e-05	1	2.57393634e+01	8.71514951e-04	6.87000000e-05	1	1.26858071e+01	1.34406112e-03	6.80000000e-05	1	1.97656047e+01	1.93969251e+01	6.53458309e+00	3.77274330e+00	1.28623420e+01	2.59315082e+01
5.29577271e+02	1.57751732e-03	6.82000000e-05	1	2.31307525e+01	6.02838126e-04	6.87000000e-05	1	8.77493633e+00	1.36730224e-03	6.80000000e-05	1	2.01073858e+01	1.73376916e+01	7.56807567e+00	4.36943052e+00	9.76961589e+00	2.49057672e+01
5.30163452e+02	1.82594849e-03	6.82000000e-05	1	2.67734383e+01	8.03361260e-04	6.87000000e-05	1	1.16937592e+01	1.62086865e-03	6.80000000e-05	1	2.38363037e+01	2.07678337e+01	7.99442373e+00	4.61558269e+00	1.27734100e+01	2.87622575e+01
5.30749634e+02	1.93792480e-03	6.82000000e-05	1	2.84153197e+01	8.41379135e-04	6.87000000e-05	1	1.22471490e+01	1.75537051e-03	6.80000000e-05	1	2.58142722e+01	2.21589136e+01	8.68180111e+00	5.01244021e+00	1.34771125e+01	3.08407147e+01
5.31335754e+02	1.52611103e-03	6.82000000e-05	1	2.23769945e+01	8.25252398e-04	6.87000000e-05	1	1.20124075e+01	1.53428383e-03	6.80000000e-05	1	2.25629975e+01	1.89841332e+01	6.03840775e+00	3.48627634e+00	1.29457254e+01	2.50225409e+01
5.31921875e+02	1.58070147e-03	6.82000000e-05	1	2.31774409e+01	1.06835727e-03	6.87000000e-05	1	1.55510519e+01	1.67367118e-03	6.80000000e-05	1	2.46128115e+01	2.11137681e+01	4.87061911e+00	2.81205325e+00	1.62431490e+01	2.59843872e+01
5.32507935e+02	1.47280020e-03	6.82000000e-05	1	2.15953108e+01	1.20952112e-03	6.87000000e-05	1	1.76058387e+01	1.38458179e-03	6.80000000e-05	1	2.03614970e+01	1.98542155e+01	2.04254076e+00	1.17926146e+00	1.78116747e+01	2.18967563e+01
5.33093994e+02	1.32419392e-03	6.82000000e-05	1	1.94163331e+01	1.17899363e-03	6.87000000e-05	1	1.71614793e+01	1.23836839e-03	6.80000000e-05	1	1.82112999e+01	1.82630374e+01	1.12831691e+00	6.51434073e-01	1.71347205e+01	1.93913543e+01
5.33679993e+02	1.27944870e-03	6.82000000e-05	1	1.87602448e+01	1.07804927e-03	6.87000000e-05	1	1.56921291e+01	1.39977222e-03	6.80000000e-05	1	2.05848856e+01	1.83457531e+01	2.47257337e+00	1.42754090e+00	1.58731798e+01	2.08183265e+01
5.34265930e+02	1.19172837e-03	6.82000000e-05	1	1.74740231e+01	9.79048789e-04	6.87000000e-05	1	1.42510741e+01	1.34477439e-03	6.80000000e-05	1	1.97760940e+01	1.71670637e+01	2.77527104e+00	1.60230348e+00	1.43917927e+01	1.99423348e+01
5.34851868e+02	1.35947636e-03	6.82000000e-05	1	1.99336709e+01	8.68940670e-04	6.87000000e-05	1	1.26483358e+01	1.36681823e-03	6.80000000e-05	1	2.01002681e+01	1.75607583e+01	4.25509808e+00	2.45668202e+00	1.33056602e+01	2.18158564e+01
5.35437744e+02	1.36675809e-03	6.82000000e-05	1	2.00404411e+01	6.22795449e-04	6.87000000e-05	1	9.06543594e+00	1.33656589e-03	6.80000000e-05	1	1.96553808e+01	1.62537526e+01	6.22824136e+00	3.59587682e+00	1.00255113e+01	2.24819940e+01
5.36023621e+02	1.22825819e-03	6.82000000e-05	1	1.80096509e+01	4.23947502e-04	6.87000000e-05	1	6.17099711e+00	1.14589921e-03	6.80000000e-05	1	1.68514590e+01	1.36773690e+01	6.52645129e+00	3.76804841e+00	7.15091772e+00	2.02038203e+01
5.36609436e+02	1.58447234e-03	6.82000000e-05	1	2.32327323e+01	6.49537647e-04	6.87000000e-05	1	9.45469646e+00	1.01142316e-03	6.80000000e-05	1	1.48738699e+01	1.58537662e+01	6.94108890e+00	4.00743955e+00	8.91267732e+00	2.27948551e+01
5.37195251e+02	1.57262073e-03	6.82000000e-05	1	2.30589550e+01	6.23669243e-04	6.87000000e-05	1	9.07815492e+00	8.45026624e-04	6.80000000e-05	1	1.24268621e+01	1.48546574e+01	7.29974899e+00	4.21451204e+00	7.55490837e+00	2.21544063e+01
5.37781006e+02	1.53351158e-03	6.82000000e-05	1	2.24855071e+01	6.86505729e-04	6.87000000e-05	1	9.99280537e+00	8.29168903e-04	6.80000000e-05	1	1.21936603e+01	1.48906576e+01	6.66875134e+00	3.85020538e+00	8.22190625e+00	2.15594089e+01
5.38366760e+02	1.33878417e-03	6.82000000e-05	1	1.96302665e+01	6.71548864e-04	6.87000000e-05	1	9.77509264e+00	8.86475790e-04	6.80000000e-05	1	1.30364087e+01	1.41472559e+01	5.02061739e+00	2.89865480e+00	9.12663854e+00	1.91678733e+01
5.38952454e+02	1.33397281e-03	6.82000000e-05	1	1.95597186e+01	8.76223558e-04	6.87000000e-05	1	1.27543458e+01	9.43597424e-04	6.80000000e-05	1	1.38764327e+01	1.53968324e+01	3.64855947e+00	2.10649679e+00	1.17482729e+01	1.90453919e+01
5.39538086e+02	1.20164799e-03	6.82000000e-05	1	1.76194720e+01	9.18056962e-04	6.87000000e-05	1	1.33632746e+01	9.68635315e-04	6.80000000e-05	1	1.42446370e+01	1.50757945e+01	2.24653538e+00	1.29703780e+00	1.28292591e+01	1.73223299e+01
5.40123718e+02	1.12368335e-03	6.82000000e-05	1	1.64762955e+01	6.57494758e-04	6.87000000e-05	1	9.57052050e+00	9.46373572e-04	6.80000000e-05	1	1.39172584e+01	1.33213581e+01	3.49123975e+00	2.01566821e+00	9.83011839e+00	1.68125979e+01
5.40709290e+02	9.37129477e-04	6.82000000e-05	1	1.37409014e+01	4.19520439e-04	6.87000000e-05	1	6.10655661e+00	9.56564818e-04	6.80000000e-05	1	1.40671297e+01	1.13048626e+01	4.50481907e+00	2.60085850e+00	6.80004350e+00	1.58096816e+01
5.41294861e+02	9.09109996e-04	6.82000000e-05	1	1.33300586e+01	5.51524527e-04	6.87000000e-05	1	8.02801349e+00	8.05010489e-04	6.80000000e-05	1	1.18383895e+01	1.10654872e+01	2.73421910e+00	1.57860213e+00	8.33126811e+00	1.37997063e+01
5.41880371e+02	7.08222953e-04	6.82000000e-05	1	1.03845008e+01	4.14807679e-04	6.87000000e-05	1	6.03795749e+00	8.29521467e-04	6.80000000e-05	1	1.21988451e+01	9.54043446e+00	3.16598642e+00	1.82788311e+00	6.37444803e+00	1.27064209e+01
5.42465820e+02	3.41540412e-04	6.82000000e-05	1	5.00792393e+00	1.54129915e-04	6.87000000e-05	1	2.24352132e+00	7.28811339e-04	6.80000000e-05	1	1.07178138e+01	5.98975302e+00	4.32162001e+00	2.49508848e+00	1.66813300e+00	1.03113730e+01
5.43051270e+02	1.78541108e-04	6.82000000e-05	1	2.61790481e+00	1.13512830e-04	6.87000000e-05	1	1.65229737e+00	7.30473046e-04	6.80000000e-05	1	1.07422507e+01	5.00415096e+00	4.99273881e+00	2.88255909e+00	1.14121503e-02	9.99688976e+00
5.43636719e+02	3.48708527e-04	6.82000000e-05	1	5.11302825e+00	3.86373470e-04	6.87000000e-05	1	5.62406798e+00	8.99422091e-04	6.80000000e-05	1	1.32267955e+01	7.98796390e+00	4.54415091e+00	2.62356675e+00	3.44381298e+00	1.25321148e+01
5.44222107e+02	3.73540637e-04	6.82000000e-05	1	5.47713544e+00	3.84857407e-04	6.87000000e-05	1	5.60200011e+00	7.68956043e-04	6.80000000e-05	1	1.13081771e+01	7.46243755e+00	3.33109326e+00	1.92320759e+00	4.13134428e+00	1.07935308e+01
5.44807434e+02	3.59513839e-04	6.82000000e-05	1	5.27146391e+00	1.07168411e-04	6.87000000e-05	1	1.55994775e+00	5.93374774e-04	6.80000000e-05	1	8.72609962e+00	5.18583709e+00	3.58384320e+00	2.06913284e+00	1.60199389e+00	8.76968029e+00
5.45392761e+02	3.65167242e-04	6.82000000e-05	1	5.35435839e+00	8.85961106e-05	6.87000000e-05	1	1.28960860e+00	5.88162959e-04	6.80000000e-05	1	8.64945528e+00	5.09780742e+00	3.68662442e+00	2.12847360e+00	1.41118300e+00	8.78443184e+00
5.45978027e+02	5.52755498e-04	6.82000000e-05	1	8.10491933e+00	2.85540329e-04	6.87000000e-05	1	4.15633666e+00	3.69405775e-04	6.80000000e-05	1	5.43243786e+00	5.89789795e+00	2.01502260e+00	1.16337384e+00	3.88287535e+00	7.91292056e+00
5.46563232e+02	7.48085238e-04	6.82000000e-05	1	1.09689918e+01	2.97193318e-04	6.87000000e-05	1	4.32595805e+00	3.72448640e-04	6.80000000e-05	1	5.47718588e+00	6.92404523e+00	3.55000362e+00	2.04959554e+00	3.37404161e+00	1.04740488e+01
5.47148438e+02	6.45854718e-04	6.82000000e-05	1	9.47001053e+00	2.32606407e-04	6.87000000e-05	1	3.38582834e+00	2.45771042e-04	6.80000000e-05	1	3.61428003e+00	5.49003963e+00	3.44864811e+00	1.99107792e+00	2.04139152e+00	8.93868775e+00
5.47733643e+02	6.99092707e-04	6.82000000e-05	1	1.02506262e+01	4.68212957e-04	6.87000000e-05	1	6.81532689e+00	1.57987903e-04	6.80000000e-05	1	2.32335151e+00	6.46310153e+00	3.97535760e+00	2.29517378e+00	2.48774393e+00	1.04384591e+01
5.48318787e+02	7.49138548e-04	6.82000000e-05	1	1.09844362e+01	7.05605966e-04	6.87000000e-05	1	1.02708292e+01	3.19946894e-04	6.80000000e-05	1	4.70510139e+00	8.65345559e+00	3.43794043e+00	1.98489584e+00	5.21551516e+00	1.20913960e+01
5.48903870e+02	8.42833431e-04	6.82000000e-05	1	1.23582614e+01	8.12729040e-04	6.87000000e-05	1	1.18301170e+01	5.94156440e-04	6.80000000e-05	1	8.73759471e+00	1.09753244e+01	1.95583991e+00	1.12920470e+00	9.01948449e+00	1.29311643e+01
5.49488953e+02	8.24248581e-04	6.82000000e-05	1	1.20857563e+01	9.23659929e-04	6.87000000e-05	1	1.34448316e+01	6.48166346e-04	6.80000000e-05	1	9.53185802e+00	1.16874820e+01	1.98665733e+00	1.14699714e+00	9.70082464e+00	1.36741393e+01
5.50073975e+02	8.35690837e-04	6.82000000e-05	1	1.22535313e+01	9.26161995e-04	6.87000000e-05	1	1.34812517e+01	8.59496762e-04	6.80000000e-05	1	1.26396583e+01	1.27914804e+01	6.27783268e-01	3.62450839e-01	1.21636972e+01	1.34192637e+01
5.50658936e+02	1.01882468e-03	6.82000000e-05	1	1.49387782e+01	9.63129269e-04	6.87000000e-05	1	1.40193489e+01	8.23587732e-04	6.80000000e-05	1	1.21115843e+01	1.36899038e+01	1.44210157e+00	8.32597730e-01	1.22478022e+01	1.51320054e+01
5.51243896e+02	1.08337451e-03	6.82000000e-05	1	1.58852567e+01	8.51469032e-04	6.87000000e-05	1	1.23940179e+01	9.11766667e-04	6.80000000e-05	1	1.34083333e+01	1.38958693e+01	1.79595531e+00	1.03689528e+00	1.20999140e+01	1.56918246e+01
5.51828857e+02	1.18595708e-03	6.82000000e-05	1	1.73894000e+01	7.22529130e-04	6.87000000e-05	1	1.05171635e+01	8.88815240e-04	6.80000000e-05	1	1.30708124e+01	1.36591253e+01	3.47368574e+00	2.00553340e+00	1.01854395e+01	1.71328110e+01
5.52413696e+02	1.16845362e-03	6.82000000e-05	1	1.71327510e+01	5.68419102e-04	6.87000000e-05	1	8.27393161e+00	8.14615613e-04	6.80000000e-05	1	1.19796414e+01	1.24621080e+01	4.44907302e+00	2.56867351e+00	8.01303497e+00	1.69111810e+01
5.52998596e+02	8.78606021e-04	6.82000000e-05	1	1.28827862e+01	4.71843259e-04	6.87000000e-05	1	6.86816970e+00	8.40655604e-04	6.80000000e-05	1	1.23625824e+01	1.07045128e+01	3.33253645e+00	1.92404082e+00	7.37197634e+00	1.40370492e+01
5.53583374e+02	7.83606704e-04	6.82000000e-05	1	1.14898344e+01	3.23922388e-04	6.87000000e-05	1	4.71502748e+00	8.49956825e-04	6.80000000e-05	1	1.24993651e+01	9.56807564e+00	4.23306572e+00	2.44396163e+00	5.33500992e+00	1.38011414e+01
5.54168152e+02	4.02885522e-04	6.82000000e-05	1	5.90741235e+00	3.34558896e-04	6.87000000e-05	1	4.86985293e+00	5.93176499e-04	6.80000000e-05	1	8.72318381e+00	6.50014970e+00	1.99387635e+00	1.15116505e+00	4.50627335e+00	8.49402605e+00
5.54752930e+02	2.58318485e-04	6.82000000e-05	1	3.78766108e+00	3.19195596e-04	6.87000000e-05	1	4.64622411e+00	5.18413896e-04	6.80000000e-05	1	7.62373376e+00	5.35253965e+00	2.01321252e+00	1.16232879e+00	3.33932713e+00	7.36575216e+00
5.55337646e+02	4.18921693e-04	6.82000000e-05	1	6.14254682e+00	6.12429128e-04	6.87000000e-05	1	8.91454335e+00	6.24091542e-04	6.80000000e-05	1	9.17781680e+00	8.07830232e+00	1.68157374e+00	9.70857053e-01	6.39672858e+00	9.75987607e+00
5.55922302e+02	5.39306761e-04	6.82000000e-05	1	7.90772377e+00	5.96956234e-04	6.87000000e-05	1	8.68931927e+00	6.58312564e-04	6.80000000e-05	1	9.68106712e+00	8.75937005e+00	8.88744618e-01	5.13116944e-01	7.87062544e+00	9.64811467e+00
5.56506958e+02	8.06224032e-04	6.82000000e-05	1	1.18214667e+01	6.11443455e-04	6.87000000e-05	1	8.90019585e+00	7.65949963e-04	6.80000000e-05	1	1.12639700e+01	1.06618775e+01	1.55091664e+00	8.95422141e-01	9.11096090e+00	1.22127942e+01
5.57091553e+02	7.50307685e-04	6.82000000e-05	1	1.10015790e+01	3.41007106e-04	6.87000000e-05	1	4.96371333e+00	6.50280098e-04	6.80000000e-05	1	9.56294261e+00	8.50941164e+00	3.15379153e+00	1.82084239e+00	5.35562011e+00	1.16632032e+01
5.57676147e+02	4.82247700e-04	6.82000000e-05	1	7.07108064e+00	2.48487000e-04	6.87000000e-05	1	3.61698689e+00	3.67629635e-04	6.80000000e-05	1	5.40631816e+00	5.36479523e+00	1.72742120e+00	9.97327097e-01	3.63737403e+00	7.09221643e+00
5.58260681e+02	3.96501328e-04	6.82000000e-05	1	5.81380247e+00	5.69876359e-05	6.87000000e-05	1	8.29514351e-01	2.39104959e-04	6.80000000e-05	1	3.51624939e+00	3.38652207e+00	2.49467511e+00	1.44030134e+00	8.91846963e-01	5.88119718e+00
5.58845215e+02	-4.12931718e-05	6.82000000e-05	1	-6.05471727e-01	-1.99039790e-04	6.87000000e-05	1	-2.89723130e+00	9.21670365e-06	6.80000000e-05	1	1.35539760e-01	-1.12238776e+00	1.58108403e+00	9.12839290e-01	0.00000000e+00	4.58696274e-01
5.59429626e+02	-1.92227706e-04	6.82000000e-05	1	-2.81858806e+00	-3.05852398e-04	6.87000000e-05	1	-4.45199998e+00	-8.65087414e-05	6.80000000e-05	1	-1.27218737e+00	-2.84759180e+00	1.59010470e+00	9.18047377e-01	0.00000000e+00	0.00000000e+00
5.60014099e+02	-1.27895794e-04	6.82000000e-05	1	-1.87530490e+00	-1.50880376e-04	6.87000000e-05	1	-2.19622091e+00	6.33656624e-05	6.80000000e-05	1	9.31847976e-01	-1.04655928e+00	1.72084811e+00	9.93532119e-01	0.00000000e+00	6.74288832e-01
5.60598511e+02	1.72864660e-05	6.82000000e-05	1	2.53467244e-01	-2.42076839e-04	6.87000000e-05	1	-3.52368033e+00	1.40292955e-04	6.80000000e-05	1	2.06313168e+00	-4.02360469e-01	2.85056128e+00	1.64577232e+00	0.00000000e+00	2.44820081e+00
5.61182861e+02	1.86509612e-04	6.82000000e-05	1	2.73474504e+00	-1.75602355e-04	6.87000000e-05	1	-2.55607504e+00	2.69042644e-04	6.80000000e-05	1	3.95650948e+00	1.37839316e+00	3.46167692e+00	1.99860010e+00	0.00000000e+00	4.84007008e+00
5.61767151e+02	2.28516428e-04	6.82000000e-05	1	3.35068077e+00	-1.66120852e-04	6.87000000e-05	1	-2.41806189e+00	2.02602450e-04	6.80000000e-05	1	2.97944780e+00	1.30402222e+00	3.22875922e+00	1.86412501e+00	0.00000000e+00	4.53278145e+00
5.62351440e+02	3.29623900e-04	6.82000000e-05	1	4.83319502e+00	9.26854173e-05	6.87000000e-05	1	1.34913271e+00	3.06856323e-04	6.80000000e-05	1	4.51259299e+00	3.56497357e+00	1.92565819e+00	1.11177927e+00	1.63931539e+00	5.49063176e+00
5.62935730e+02	5.37485951e-04	6.82000000e-05	1	7.88102568e+00	3.81481160e-04	6.87000000e-05	1	5.55285531e+00	5.07064627e-04	6.80000000e-05	1	7.45683276e+00	6.96357125e+00	1.23998972e+00	7.15908398e-01	5.72358153e+00	8.20356097e+00
5.63519958e+02	5.41297271e-04	6.82000000e-05	1	7.93691013e+00	5.24918234e-04	6.87000000e-05	1	7.64073120e+00	5.85843554e-04	6.80000000e-05	1	8.61534638e+00	8.06432924e+00	4.99645282e-01	2.88470338e-01	7.56468395e+00	8.56397452e+00
5.64104126e+02	6.18702284e-04	6.82000000e-05	1	9.07188100e+00	6.59461121e-04	6.87000000e-05	1	9.59914296e+00	5.65239096e-04	6.80000000e-05	1	8.31233965e+00	8.99445453e+00	6.46886261e-01	3.73479957e-01	8.34756827e+00	9.64134080e+00
5.64688293e+02	6.04859068e-04	6.82000000e-05	1	8.86890130e+00	6.67070825e-04	6.87000000e-05	1	9.70991011e+00	5.11990185e-04	6.80000000e-05	1	7.52926743e+00	8.70269295e+00	1.09978159e+00	6.34959196e-01	7.60291136e+00	9.80247453e+00
5.65272400e+02	4.43100711e-04	6.82000000e-05	1	6.49707788e+00	3.21309711e-04	6.87000000e-05	1	4.67699724e+00	2.60145635e-04	6.80000000e-05	1	3.82567111e+00	4.99991541e+00	1.36466503e+00	7.87889722e-01	3.63525038e+00	6.36458044e+00
5.65856445e+02	3.27201605e-04	6.82000000e-05	1	4.79767749e+00	1.14436436e-04	6.87000000e-05	1	1.66574143e+00	4.71659220e-05	6.80000000e-05	1	6.93616501e-01	2.38567847e+00	2.14465875e+00	1.23821931e+00	2.41019724e-01	4.53033722e+00
5.66440491e+02	1.10415620e-04	6.82000000e-05	1	1.61899736e+00	-1.94822463e-04	6.87000000e-05	1	-2.83584371e+00	-1.14103329e-04	6.80000000e-05	1	-1.67799013e+00	-9.64945493e-01	2.31143391e+00	1.33450699e+00	0.00000000e+00	1.34648842e+00
5.67024536e+02	8.21732865e-05	6.82000000e-05	1	1.20488690e+00	-3.43496193e-04	6.87000000e-05	1	-4.99994458e+00	-1.09478872e-04	6.80000000e-05	1	-1.60998342e+00	-1.80168037e+00	3.10685439e+00	1.79374322e+00	0.00000000e+00	1.30517403e+00
5.67608459e+02	1.99379639e-04	6.82000000e-05	1	2.92345512e+00	-3.80170565e-04	6.87000000e-05	1	-5.53377824e+00	1.47744222e-05	6.80000000e-05	1	2.17270915e-01	-7.97684068e-01	4.31900443e+00	2.49357837e+00	0.00000000e+00	3.52132036e+00
5.68192444e+02	2.64909243e-04	6.82000000e-05	1	3.88429975e+00	-2.60296861e-04	6.87000000e-05	1	-3.78889172e+00	1.57907229e-04	6.80000000e-05	1	2.32216514e+00	8.05857725e-01	4.05510271e+00	2.34121464e+00	0.00000000e+00	4.86096043e+00
5.68776306e+02	4.24882831e-04	6.82000000e-05	1	6.22995353e+00	-1.66412335e-04	6.87000000e-05	1	-2.42230473e+00	2.80373451e-04	6.80000000e-05	1	4.12313899e+00	2.64359593e+00	4.51189306e+00	2.60494267e+00	0.00000000e+00	7.15548899e+00
5.69360168e+02	4.14494965e-04	6.82000000e-05	1	6.07763878e+00	-6.62901911e-05	6.87000000e-05	1	-9.64922724e-01	3.10703139e-04	6.80000000e-05	1	4.56916380e+00	3.22729329e+00	3.70808313e+00	2.14086279e+00	0.00000000e+00	6.93537642e+00
5.69944031e+02	3.06303657e-04	6.82000000e-05	1	4.49125596e+00	-4.17430698e-05	6.87000000e-05	1	-6.07613826e-01	1.80680525e-04	6.80000000e-05	1	2.65706654e+00	2.18023623e+00	2.58266212e+00	1.49110067e+00	0.00000000e+00	4.76289835e+00
5.70527832e+02	1.82621638e-04	6.82000000e-05	1	2.67773663e+00	1.50168543e-05	6.87000000e-05	1	2.18585943e-01	1.19630040e-04	6.80000000e-05	1	1.75926529e+00	1.55186262e+00	1.24262522e+00	7.17430003e-01	3.09237406e-01	2.79448784e+00
5.71111572e+02	4.40041981e-07	6.82000000e-05	1	6.45222846e-03	4.65375889e-06	6.87000000e-05	1	6.77403041e-02	2.13074600e-05	6.80000000e-05	1	3.13344999e-01	1.29179177e-01	1.62409497e-01	9.37671666e-02	0.00000000e+00	2.91588674e-01
5.71695312e+02	-3.94282228e-05	6.82000000e-05	1	-5.78126434e-01	-4.81051587e-06	6.87000000e-05	1	-7.00220651e-02	1.70284793e-05	6.80000000e-05	1	2.50418813e-01	-1.32576562e-01	4.17799719e-01	2.41216780e-01	0.00000000e+00	2.85223157e-01
5.72278992e+02	7.56601050e-05	6.82000000e-05	1	1.10938570e+00	2.31760435e-05	6.87000000e-05	1	3.37351434e-01	3.34290080e-04	6.80000000e-05	1	4.91603058e+00	2.12092257e+00	2.45122027e+00	1.41521268e+00	0.00000000e+00	4.57214284e+00
5.72862610e+02	2.58136634e-04	6.82000000e-05	1	3.78499464e+00	1.57601979e-04	6.87000000e-05	1	2.29406083e+00	5.77376585e-04	6.80000000e-05	1	8.49083213e+00	4.85662920e+00	3.23439238e+00	1.86737731e+00	1.62223682e+00	8.09102158e+00
5.73446228e+02	3.94961688e-04	6.82000000e-05	1	5.79122710e+00	8.36243143e-05	6.87000000e-05	1	1.21723893e+00	5.69128308e-04	6.80000000e-05	1	8.36953393e+00	5.12599999e+00	3.62225431e+00	2.09130950e+00	1.50374568e+00	8.74825430e+00
5.74029846e+02	2.83793130e-04	6.82000000e-05	1	4.16118959e+00	-1.14889956e-04	6.87000000e-05	1	-1.67234289e+00	3.94019212e-04	6.80000000e-05	1	5.79440018e+00	2.76108229e+00	3.92533926e+00	2.26629568e+00	0.00000000e+00	6.68642156e+00
5.74613342e+02	1.80630124e-04	6.82000000e-05	1	2.64853554e+00	-2.28311303e-04	6.87000000e-05	1	-3.32330863e+00	1.45356054e-04	6.80000000e-05	1	2.13758903e+00	4.87605316e-01	3.31022135e+00	1.91115719e+00	0.00000000e+00	3.79782667e+00
5.75196899e+02	9.18943212e-05	6.82000000e-05	1	1.34742406e+00	-3.82053616e-04	6.87000000e-05	1	-5.56118801e+00	1.50665553e-05	6.80000000e-05	1	2.21566990e-01	-1.33073232e+00	3.70667709e+00	2.14005101e+00	0.00000000e+00	2.37594477e+00
5.75780334e+02	-6.69473104e-05	6.82000000e-05	1	-9.81632118e-01	-4.19339413e-04	6.87000000e-05	1	-6.10392159e+00	-2.54213079e-04	6.80000000e-05	1	-3.73842764e+00	-3.60799378e+00	2.56363455e+00	1.48011510e+00	0.00000000e+00	0.00000000e+00
5.76363770e+02	-1.27531440e-04	6.82000000e-05	1	-1.86996247e+00	-3.89510420e-04	6.87000000e-05	1	-5.66972955e+00	-2.84643904e-04	6.80000000e-05	1	-4.18593976e+00	-3.90854392e+00	1.91501144e+00	1.10563237e+00	0.00000000e+00	0.00000000e+00
5.76947205e+02	7.00283476e-05	6.82000000e-05	1	1.02680862e+00	-1.78116883e-04	6.87000000e-05	1	-2.59267661e+00	4.28899411e-05	6.80000000e-05	1	6.30734428e-01	-3.11711190e-01	1.98527609e+00	1.14619968e+00	0.00000000e+00	1.67356490e+00
5.77530579e+02	3.63759729e-04	6.82000000e-05	1	5.33372037e+00	2.00350214e-04	6.87000000e-05	1	2.91630588e+00	2.94372905e-04	6.80000000e-05	1	4.32901331e+00	4.19301318e+00	1.21443206e+00	7.01152677e-01	2.97858112e+00	5.40744525e+00
5.78113892e+02	3.23512369e-04	6.82000000e-05	1	4.74358312e+00	3.33608627e-04	6.87000000e-05	1	4.85602078e+00	2.59623127e-04	6.80000000e-05	1	3.81798717e+00	4.47253035e+00	5.69632025e-01	3.28877203e-01	3.90289833e+00	5.04216238e+00
5.78697205e+02	7.37552399e-05	6.82000000e-05	1	1.08145513e+00	2.36947029e-04	6.87000000e-05	1	3.44901061e+00	2.02541520e-04	6.80000000e-05	1	2.97855176e+00	2.50300583e+00	1.25337053e+00	7.23633812e-01	1.24963530e+00	3.75637636e+00
5.79280457e+02	2.29579867e-05	6.82000000e-05	1	3.36627371e-01	2.74170847e-04	6.87000000e-05	1	3.99084203e+00	1.91652527e-04	6.80000000e-05	1	2.81841951e+00	2.38196297e+00	1.86579525e+00	1.07721739e+00	5.16167718e-01	4.24775822e+00
5.79863647e+02	9.25034439e-05	6.82000000e-05	1	1.35635548e+00	1.95639702e-04	6.87000000e-05	1	2.84773948e+00	3.15555517e-04	6.80000000e-05	1	4.64052230e+00	2.94820576e+00	1.64438682e+00	9.49387176e-01	1.30381893e+00	4.59259258e+00
5.80446838e+02	-2.40846151e-05	6.82000000e-05	1	-3.53146848e-01	6.14583218e-05	6.87000000e-05	1	8.94589837e-01	2.06405636e-04	6.80000000e-05	1	3.03537700e+00	1.19227333e+00	1.71376342e+00	9.89441772e-01	0.00000000e+00	2.90603675e+00
5.81029968e+02	3.00838183e-05	6.82000000e-05	1	4.41111705e-01	-4.71475658e-05	6.87000000e-05	1	-6.86281889e-01	2.67025287e-04	6.80000000e-05	1	3.92684246e+00	1.22722409e+00	2.40493422e+00	1.38848942e+00	0.00000000e+00	3.63215831e+00
5.81613098e+02	1.53477377e-04	6.82000000e-05	1	2.25040142e+00	-9.47436492e-05	6.87000000e-05	1	-1.37909242e+00	2.55686313e-04	6.80000000e-05	1	3.76009284e+00	1.54380061e+00	2.64145222e+00	1.52504315e+00	0.00000000e+00	4.18525283e+00
5.82196167e+02	3.22349502e-04	6.82000000e-05	1	4.72653228e+00	-8.08477872e-06	6.87000000e-05	1	-1.17682369e-01	3.19086544e-04	6.80000000e-05	1	4.69244918e+00	3.10043303e+00	2.78702179e+00	1.60908778e+00	3.13411241e-01	5.88745482e+00
5.82779236e+02	2.81983427e-04	6.82000000e-05	1	4.13465435e+00	2.34564109e-05	6.87000000e-05	1	3.41432473e-01	3.99933789e-04	6.80000000e-05	1	5.88137925e+00	3.45248869e+00	2.83227207e+00	1.63521304e+00	6.20216624e-01	6.28476076e+00
5.83362244e+02	2.57792238e-04	6.82000000e-05	1	3.77994485e+00	5.08514696e-05	6.87000000e-05	1	7.40196064e-01	4.22406730e-04	6.80000000e-05	1	6.21186368e+00	3.57733486e+00	2.74145486e+00	1.58277970e+00	8.35880006e-01	6.31878972e+00
5.83945190e+02	2.23782036e-04	6.82000000e-05	1	3.28126153e+00	1.36786262e-04	6.87000000e-05	1	1.99106640e+00	3.65709221e-04	6.80000000e-05	1	5.37807679e+00	3.55013490e+00	1.70943836e+00	9.86944698e-01	1.84069654e+00	5.25957327e+00
5.84528137e+02	1.90595359e-04	6.82000000e-05	1	2.79465336e+00	1.09569999e-04	6.87000000e-05	1	1.59490537e+00	3.21601602e-04	6.80000000e-05	1	4.72943533e+00	3.03966469e+00	1.58156329e+00	9.13115989e-01	1.45810140e+00	4.62122797e+00
5.85111023e+02	2.43732502e-06	6.82000000e-05	1	3.57379035e-02	9.95862021e-05	6.87000000e-05	1	1.44958082e+00	1.56165999e-04	6.80000000e-05	1	2.29655881e+00	1.26062584e+00	1.14219341e+00	6.59445670e-01	1.18432437e-01	2.40281925e+00
5.85693909e+02	7.29626233e-05	6.82000000e-05	1	1.06983319e+00	1.67162713e-04	6.87000000e-05	1	2.43322726e+00	1.43247104e-04	6.80000000e-05	1	2.10657507e+00	1.86987850e+00	7.11849562e-01	4.10986536e-01	1.15802894e+00	2.58172807e+00
5.86276733e+02	1.52569899e-05	6.82000000e-05	1	2.23709530e-01	7.96096455e-05	6.87000000e-05	1	1.15880124e+00	4.80504429e-05	6.80000000e-05	1	7.06624161e-01	6.96378312e-01	4.67630048e-01	2.69986334e-01	2.28748264e-01	1.16400836e+00
5.86859497e+02	7.12321131e-05	6.82000000e-05	1	1.04445914e+00	1.25164982e-04	6.87000000e-05	1	1.82190657e+00	1.43664155e-04	6.80000000e-05	1	2.11270817e+00	1.65969129e+00	5.52290092e-01	3.18864833e-01	1.10740120e+00	2.21198138e+00
5.87442261e+02	9.79180905e-05	6.82000000e-05	1	1.43574913e+00	1.36046739e-04	6.87000000e-05	1	1.98030188e+00	2.70796559e-04	6.80000000e-05	1	3.98230234e+00	2.46611778e+00	1.34098700e+00	7.74219205e-01	1.12513078e+00	3.80710478e+00
5.88024963e+02	1.76948532e-04	6.82000000e-05	1	2.59455325e+00	1.64821152e-04	6.87000000e-05	1	2.39914340e+00	2.68779696e-04	6.80000000e-05	1	3.95264259e+00	2.98211308e+00	8.46163046e-01	4.88532463e-01	2.13595004e+00	3.82827613e+00
5.88607666e+02	1.29454491e-04	6.82000000e-05	1	1.89815970e+00	3.10310496e-05	6.87000000e-05	1	4.51689222e-01	1.13150219e-04	6.80000000e-05	1	1.66397381e+00	1.33794091e+00	7.76396997e-01	4.48253015e-01	5.61543912e-01	2.11433791e+00
5.89190308e+02	1.02093019e-04	6.82000000e-05	1	1.49696509e+00	8.10804569e-06	6.87000000e-05	1	1.18021044e-01	7.62860501e-05	6.80000000e-05	1	1.12185368e+00	9.12279938e-01	7.12960404e-01	4.11627881e-01	1.99319534e-01	1.62524034e+00
5.89772888e+02	6.15090258e-05	6.82000000e-05	1	9.01891874e-01	-6.52682774e-05	6.87000000e-05	1	-9.50047705e-01	3.47040080e-05	6.80000000e-05	1	5.10353058e-01	1.54065742e-01	9.76025379e-01	5.63508515e-01	0.00000000e+00	1.13009112e+00
5.90355469e+02	2.11032182e-04	6.82000000e-05	1	3.09431352e+00	1.24210466e-06	6.87000000e-05	1	1.80801261e-02	1.07749181e-04	6.80000000e-05	1	1.58454678e+00	1.56564681e+00	1.53820378e+00	8.88082369e-01	2.74430253e-02	3.10385059e+00
5.90937988e+02	1.33645460e-04	6.82000000e-05	1	1.95961085e+00	-2.82548733e-05	6.87000000e-05	1	-4.11279087e-01	2.05209792e-05	6.80000000e-05	1	3.01779106e-01	6.16703622e-01	1.21641393e+00	7.02296912e-01	0.00000000e+00	1.83311756e+00
5.91520508e+02	1.13197735e-04	6.82000000e-05	1	1.65979083e+00	-1.60686052e-04	6.87000000e-05	1	-2.33895272e+00	-2.15142237e-05	6.80000000e-05	1	-3.16385643e-01	-3.31849179e-01	1.99941663e+00	1.15436373e+00	0.00000000e+00	1.66756745e+00
5.92102966e+02	1.41948980e-04	6.82000000e-05	1	2.08136334e+00	-2.32580725e-04	6.87000000e-05	1	-3.38545451e+00	-4.07232048e-05	6.80000000e-05	1	-5.98870658e-01	-6.34320607e-01	2.73358133e+00	1.57823392e+00	0.00000000e+00	2.09926072e+00
5.92685425e+02	2.16558561e-04	6.82000000e-05	1	3.17534547e+00	-2.74040569e-04	6.87000000e-05	1	-3.98894569e+00	-4.09624694e-05	6.80000000e-05	1	-6.02389256e-01	-4.71996492e-01	3.58392503e+00	2.06918008e+00	0.00000000e+00	3.11192854e+00
5.93267761e+02	2.95708855e-04	6.82000000e-05	1	4.33590697e+00	-3.51721832e-04	6.87000000e-05	1	-5.11967733e+00	-9.56766187e-05	6.80000000e-05	1	-1.40700910e+00	-7.30259819e-01	4.76398056e+00	2.75048546e+00	0.00000000e+00	4.03372074e+00
5.93850159e+02	2.40621629e-04	6.82000000e-05	1	3.52817638e+00	-3.23813824e-04	6.87000000e-05	1	-4.71344721e+00	-1.17539756e-04	6.80000000e-05	1	-1.72852582e+00	-9.71265551e-01	4.17266967e+00	2.40909196e+00	0.00000000e+00	3.20140412e+00
5.94432434e+02	2.04924401e-04	6.82000000e-05	1	3.00475662e+00	-3.18763709e-04	6.87000000e-05	1	-4.63993754e+00	-1.90407421e-04	6.80000000e-05	1	-2.80010913e+00	-1.47843002e+00	3.99004561e+00	2.30365391e+00	0.00000000e+00	2.51161559e+00
5.95014771e+02	2.60264924e-04	6.82000000e-05	1	3.81620123e+00	-1.05842069e-04	6.87000000e-05	1	-1.54064147e+00	-2.13564440e-04	6.80000000e-05	1	-3.14065353e+00	-2.88364591e-01	3.64357038e+00	2.10361634e+00	0.00000000e+00	3.35520579e+00
5.95596985e+02	2.25022118e-04	6.82000000e-05	1	3.29944454e+00	7.33266290e-05	6.87000000e-05	1	1.06734540e+00	-2.15624137e-04	6.80000000e-05	1	-3.17094319e+00	3.98615583e-01	3.28662122e+00	1.89753165e+00	0.00000000e+00	3.68523680e+00
5.96179199e+02	2.44214645e-04	6.82000000e-05	1	3.58085990e+00	3.06376039e-05	6.87000000e-05	1	4.45962211e-01	-2.75777855e-04	6.80000000e-05	1	-4.05555669e+00	-9.57819420e-03	3.83853519e+00	2.21617932e+00	0.00000000e+00	3.82895699e+00
5.96761353e+02	2.17230857e-04	6.82000000e-05	1	3.18520318e+00	1.04034287e-05	6.87000000e-05	1	1.51432732e-01	-3.05256244e-04	6.80000000e-05	1	-4.48906241e+00	-3.84142165e-01	3.86506384e+00	2.23149565e+00	0.00000000e+00	3.48092167e+00
5.97343506e+02	2.56736968e-04	6.82000000e-05	1	3.76447168e+00	-1.98033687e-05	6.87000000e-05	1	-2.88258642e-01	-2.42749639e-04	6.80000000e-05	1	-3.56984764e+00	-3.12115339e-02	3.67391002e+00	2.12113294e+00	0.00000000e+00	3.64269849e+00
5.97925598e+02	2.87423481e-04	6.82000000e-05	1	4.21442054e+00	-7.66171298e-05	6.87000000e-05	1	-1.11524206e+00	-2.49232973e-04	6.80000000e-05	1	-3.66519078e+00	-1.88670767e-01	4.02069265e+00	2.32134798e+00	0.00000000e+00	3.83202188e+00
5.98507690e+02	9.45106624e-05	6.82000000e-05	1	1.38578684e+00	-2.20528031e-04	6.87000000e-05	1	-3.21001500e+00	-3.30111743e-04	6.80000000e-05	1	-4.85458446e+00	-2.22627087e+00	3.23440456e+00	1.86738434e+00	0.00000000e+00	1.00813369e+00
5.99089661e+02	-1.60456018e-05	6.82000000e-05	1	-2.35272753e-01	-3.10591919e-04	6.87000000e-05	1	-4.52098863e+00	-3.55842882e-04	6.80000000e-05	1	-5.23298356e+00	-3.32974831e+00	2.70343641e+00	1.56082974e+00	0.00000000e+00	0.00000000e+00
5.99671692e+02	9.91955338e-06	6.82000000e-05	1	1.45447997e-01	-2.01781418e-04	6.87000000e-05	1	-2.93713855e+00	-1.99690654e-04	6.80000000e-05	1	-2.93662727e+00	-1.90943927e+00	1.77958460e+00	1.02744365e+00	0.00000000e+00	0.00000000e+00
6.00253601e+02	2.15361109e-05	6.82000000e-05	1	3.15778752e-01	-2.50036757e-04	6.87000000e-05	1	-3.63954522e+00	-3.26413284e-05	6.80000000e-05	1	-4.80019536e-01	-1.26792867e+00	2.09206776e+00	1.20785589e+00	0.00000000e+00	8.24139097e-01
6.00835571e+02	3.69883510e-05	6.82000000e-05	1	5.42351188e-01	-2.64949769e-04	6.87000000e-05	1	-3.85661963e+00	5.31137835e-05	6.80000000e-05	1	7.81085051e-01	-8.44394465e-01	2.61139308e+00	1.50768850e+00	0.00000000e+00	1.76699861e+00
6.01417419e+02	-5.03364401e-06	6.82000000e-05	1	-7.38070970e-02	-2.83064071e-04	6.87000000e-05	1	-4.12029216e+00	2.30142564e-04	6.80000000e-05	1	3.38444947e+00	-2.69883261e-01	3.75621101e+00	2.16864944e+00	0.00000000e+00	3.48632775e+00
6.01999268e+02	-5.52333604e-05	6.82000000e-05	1	-8.09873320e-01	-2.27756129e-04	6.87000000e-05	1	-3.31522749e+00	2.85673211e-04	6.80000000e-05	1	4.20107664e+00	2.53252753e-02	3.82712352e+00	2.20959080e+00	0.00000000e+00	3.85244880e+00
6.02581055e+02	3.47304553e-05	6.82000000e-05	1	5.09244213e-01	-1.42950136e-04	6.87000000e-05	1	-2.08078800e+00	3.09205545e-04	6.80000000e-05	1	4.54714037e+00	9.91865527e-01	3.34021722e+00	1.92847531e+00	0.00000000e+00	4.33208275e+00
6.03162842e+02	1.05778687e-04	6.82000000e-05	1	1.55100715e+00	-8.21089732e-05	6.87000000e-05	1	-1.19518156e+00	2.44904580e-04	6.80000000e-05	1	3.60153794e+00	1.31912117e+00	2.40675255e+00	1.38953923e+00	0.00000000e+00	3.72587372e+00
6.03744568e+02	1.37268365e-04	6.82000000e-05	1	2.01273262e+00	-1.04606890e-04	6.87000000e-05	1	-1.52266216e+00	9.86309226e-05	6.80000000e-05	1	1.45045474e+00	6.46841736e-01	1.89976300e+00	1.09682868e+00	0.00000000e+00	2.54660473e+00
6.04326294e+02	3.00937968e-04	6.82000000e-05	1	4.41258018e+00	2.93087155e-05	6.87000000e-05	1	4.26618858e-01	8.69212536e-05	6.80000000e-05	1	1.27825373e+00	2.03915092e+00	2.09909393e+00	1.21191244e+00	0.00000000e+00	4.13824485e+00
6.04907959e+02	3.34020122e-04	6.82000000e-05	1	4.89765574e+00	-1.29813311e-04	6.87000000e-05	1	-1.88956785e+00	-6.27491036e-05	6.80000000e-05	1	-9.22780935e-01	6.95102321e-01	3.67147936e+00	2.11972960e+00	0.00000000e+00	4.36658168e+00
6.05489563e+02	2.93262015e-04	6.82000000e-05	1	4.30002955e+00	-1.85676087e-04	6.87000000e-05	1	-2.70270869e+00	-1.48562860e-04	6.80000000e-05	1	-2.18474794e+00	-1.95809025e-01	3.90211407e+00	2.25288661e+00	0.00000000e+00	3.70630504e+00
6.06071167e+02	1.20211231e-04	6.82000000e-05	1	1.76262802e+00	-2.57826172e-04	6.87000000e-05	1	-3.75292827e+00	-1.22336563e-04	6.80000000e-05	1	-1.79906711e+00	-1.26312245e+00	2.79656357e+00	1.61459673e+00	0.00000000e+00	1.53344112e+00
6.06652710e+02	-6.05580026e-05	6.82000000e-05	1	-8.87947252e-01	-2.47981994e-04	6.87000000e-05	1	-3.60963602e+00	-1.22207359e-04	6.80000000e-05	1	-1.79716705e+00	-2.09825011e+00	1.38559940e+00	7.99976184e-01	0.00000000e+00	0.00000000e+00
6.07234192e+02	-8.37313785e-05	6.82000000e-05	1	-1.22773282e+00	-1.78850429e-04	6.87000000e-05	1	-2.60335413e+00	-7.00464036e-05	6.80000000e-05	1	-1.03009417e+00	-1.62039371e+00	8.56985212e-01	4.94780643e-01	0.00000000e+00	0.00000000e+00
6.07815674e+02	-1.99610241e-04	6.82000000e-05	1	-2.92683638e+00	-1.58479863e-04	6.87000000e-05	1	-2.30683934e+00	-9.94899181e-05	6.80000000e-05	1	-1.46308703e+00	-2.23225425e+00	7.34719496e-01	4.24190499e-01	0.00000000e+00	0.00000000e+00
6.08397095e+02	-3.10923946e-04	6.82000000e-05	1	-4.55900214e+00	-2.48604588e-04	6.87000000e-05	1	-3.61869851e+00	-2.30063680e-04	6.80000000e-05	1	-3.38328942e+00	-3.85366336e+00	6.22078337e-01	3.59157095e-01	0.00000000e+00	0.00000000e+00
6.08978516e+02	-2.23200605e-04	6.82000000e-05	1	-3.27273614e+00	-1.54729616e-04	6.87000000e-05	1	-2.25225059e+00	-2.00873290e-04	6.80000000e-05	1	-2.95401897e+00	-2.82633523e+00	5.22087194e-01	3.01427182e-01	0.00000000e+00	0.00000000e+00
6.09559875e+02	-1.60171541e-04	6.82000000e-05	1	-2.34855632e+00	-1.83806702e-04	6.87000000e-05	1	-2.67549784e+00	-3.00094240e-04	6.80000000e-05	1	-4.41315058e+00	-3.14573492e+00	1.10972048e+00	6.40697419e-01	0.00000000e+00	0.00000000e+00
6.10141174e+02	5.38042305e-05	6.82000000e-05	1	7.88918335e-01	-6.16696181e-05	6.87000000e-05	1	-8.97665474e-01	-2.31363515e-04	6.80000000e-05	1	-3.40240463e+00	-1.17038392e+00	2.10892830e+00	1.21759032e+00	0.00000000e+00	9.38544374e-01
6.10722473e+02	7.21617960e-05	6.82000000e-05	1	1.05809085e+00	-1.33570808e-04	6.87000000e-05	1	-1.94426212e+00	-2.65397876e-04	6.80000000e-05	1	-3.90290994e+00	-1.59636040e+00	2.49873146e+00	1.44264328e+00	0.00000000e+00	9.02371057e-01
6.11303772e+02	2.16286168e-04	6.82000000e-05	1	3.17135144e+00	3.66891426e-05	6.87000000e-05	1	5.34048655e-01	-1.07314038e-04	6.80000000e-05	1	-1.57814762e+00	7.09084156e-01	2.37958261e+00	1.37385266e+00	0.00000000e+00	3.08866677e+00
6.11884949e+02	1.63417957e-04	6.82000000e-05	1	2.39615773e+00	2.60324893e-05	6.87000000e-05	1	3.78929976e-01	-1.44006020e-04	6.80000000e-05	1	-2.11773559e+00	2.19117373e-01	2.26118626e+00	1.30549649e+00	0.00000000e+00	2.48030363e+00
6.12466125e+02	1.44471374e-04	6.82000000e-05	1	2.11834859e+00	2.83764669e-05	6.87000000e-05	1	4.13049009e-01	-9.04482368e-05	6.80000000e-05	1	-1.33012113e+00	4.00425491e-01	1.72426952e+00	9.95507470e-01	0.00000000e+00	2.12469501e+00
6.13047302e+02	1.78741180e-04	6.82000000e-05	1	2.62083842e+00	6.28899436e-05	6.87000000e-05	1	9.15428582e-01	-3.42729518e-05	6.80000000e-05	1	-5.04013997e-01	1.01075100e+00	1.56460552e+00	9.03325417e-01	0.00000000e+00	2.57535652e+00
6.13628418e+02	2.43536778e-04	6.82000000e-05	1	3.57092049e+00	1.89789569e-04	6.87000000e-05	1	2.76258470e+00	3.96155636e-05	6.80000000e-05	1	5.82581817e-01	2.30536234e+00	1.54574617e+00	8.92436969e-01	7.59616165e-01	3.85110851e+00
6.14209473e+02	3.70663209e-04	6.82000000e-05	1	5.43494442e+00	1.75276141e-04	6.87000000e-05	1	2.55132665e+00	6.09441340e-05	6.80000000e-05	1	8.96237265e-01	2.96083611e+00	2.29689772e+00	1.32611452e+00	6.63938389e-01	5.25773383e+00
6.14790466e+02	5.34361530e-04	6.82000000e-05	1	7.83521304e+00	1.66797495e-04	6.87000000e-05	1	2.42791113e+00	1.45149941e-04	6.80000000e-05	1	2.13455796e+00	4.13256071e+00	3.20994388e+00	1.85326197e+00	9.22616826e-01	7.34250460e+00
6.15371521e+02	5.22217995e-04	6.82000000e-05	1	7.65715536e+00	3.90119145e-05	6.87000000e-05	1	5.67859017e-01	2.15323044e-05	6.80000000e-05	1	3.16651535e-01	2.84722197e+00	4.16741775e+00	2.40605976e+00	0.00000000e+00	7.01463972e+00
6.15952454e+02	4.94441884e-04	6.82000000e-05	1	7.24988100e+00	6.83724428e-05	6.87000000e-05	1	9.95232064e-01	-6.27123174e-06	6.80000000e-05	1	-9.22239961e-02	2.71762969e+00	3.96252654e+00	2.28776577e+00	0.00000000e+00	6.68015623e+00
6.16533386e+02	3.95898230e-04	6.82000000e-05	1	5.80495939e+00	-3.06830821e-06	6.87000000e-05	1	-4.46624193e-02	-1.22067491e-04	6.80000000e-05	1	-1.79511016e+00	1.32172894e+00	3.98001674e+00	2.29786374e+00	0.00000000e+00	5.30174568e+00
6.17114258e+02	3.60321317e-04	6.82000000e-05	1	5.28330377e+00	-5.97732950e-06	6.87000000e-05	1	-8.70062518e-02	-5.79345099e-05	6.80000000e-05	1	-8.51978087e-01	1.44810648e+00	3.34332906e+00	1.93027193e+00	0.00000000e+00	4.79143554e+00
6.17695068e+02	2.04620229e-04	6.82000000e-05	1	3.00029661e+00	-2.69301215e-05	6.87000000e-05	1	-3.91995947e-01	-1.10786709e-06	6.80000000e-05	1	-1.62921631e-02	8.64002835e-01	1.85959718e+00	1.07363893e+00	0.00000000e+00	2.72360001e+00
6.18275879e+02	-1.36508366e-06	6.82000000e-05	1	-2.00158894e-02	-3.39047168e-05	6.87000000e-05	1	-4.93518440e-01	-1.02573372e-04	6.80000000e-05	1	-1.50843194e+00	-6.73988755e-01	7.60442459e-01	4.39041658e-01	0.00000000e+00	8.64537035e-02
6.18856689e+02	-1.15475753e-04	6.82000000e-05	1	-1.69319286e+00	-9.73262999e-05	6.87000000e-05	1	-1.41668559e+00	-1.21264791e-04	6.80000000e-05	1	-1.78330576e+00	-1.63106140e+00	1.91044041e-01	1.10299328e-01	0.00000000e+00	0.00000000e+00
6.19437439e+02	-2.27330814e-04	6.82000000e-05	1	-3.33329640e+00	-1.42057274e-04	6.87000000e-05	1	-2.06779147e+00	-1.38005409e-04	6.80000000e-05	1	-2.02949131e+00	-2.47685972e+00	7.41943094e-01	4.28361045e-01	0.00000000e+00	0.00000000e+00
6.20018127e+02	-2.65090905e-04	6.82000000e-05	1	-3.88696342e+00	-9.81443155e-05	6.87000000e-05	1	-1.42859266e+00	-1.94577843e-04	6.80000000e-05	1	-2.86143886e+00	-2.72566498e+00	1.23479659e+00	7.12910143e-01	0.00000000e+00	0.00000000e+00
6.20598755e+02	-3.71200574e-04	6.82000000e-05	1	-5.44282366e+00	-1.60107415e-04	6.87000000e-05	1	-2.33053006e+00	-3.27533469e-04	6.80000000e-05	1	-4.81666867e+00	-4.19667413e+00	1.64617368e+00	9.50418818e-01	0.00000000e+00	0.00000000e+00
6.21179382e+02	-3.54367812e-04	6.82000000e-05	1	-5.19600898e+00	-2.26643592e-04	6.87000000e-05	1	-3.29903337e+00	-2.43907862e-04	6.80000000e-05	1	-3.58688032e+00	-4.02730755e+00	1.02230682e+00	5.90229115e-01	0.00000000e+00	0.00000000e+00
6.21760010e+02	-3.65632155e-04	6.82000000e-05	1	-5.36117530e+00	-2.19914143e-04	6.87000000e-05	1	-3.20107923e+00	-1.57843891e-04	6.80000000e-05	1	-2.32123369e+00	-3.62782941e+00	1.56425638e+00	9.03123843e-01	0.00000000e+00	0.00000000e+00
6.22340515e+02	-3.68568724e-04	6.82000000e-05	1	-5.40423349e+00	-1.76304329e-04	6.87000000e-05	1	-2.56629300e+00	-6.54723035e-05	6.80000000e-05	1	-9.62827993e-01	-2.97778483e+00	2.24911423e+00	1.29852671e+00	0.00000000e+00	0.00000000e+00
6.22921021e+02	-3.37636975e-04	6.82000000e-05	1	-4.95068878e+00	-1.99068277e-04	6.87000000e-05	1	-2.89764596e+00	-8.10046920e-05	6.80000000e-05	1	-1.19124547e+00	-3.01319340e+00	1.88238331e+00	1.08679451e+00	0.00000000e+00	0.00000000e+00
6.23501526e+02	-2.69662159e-04	6.82000000e-05	1	-3.95399060e+00	-1.11410200e-04	6.87000000e-05	1	-1.62169141e+00	-4.02303316e-05	6.80000000e-05	1	-5.91622524e-01	-2.05576818e+00	1.72270043e+00	9.94601555e-01	0.00000000e+00	0.00000000e+00
6.24081970e+02	-2.28355322e-04	6.82000000e-05	1	-3.34831851e+00	3.57067878e-06	6.87000000e-05	1	5.19749459e-02	2.42270352e-05	6.80000000e-05	1	3.56279930e-01	-9.80021212e-01	2.05664155e+00	1.18740255e+00	0.00000000e+00	1.07662034e+00
6.24662354e+02	-1.83784653e-04	6.82000000e-05	1	-2.69478963e+00	1.36112486e-06	6.87000000e-05	1	1.98125889e-02	2.26809002e-05	6.80000000e-05	1	3.33542650e-01	-7.80478130e-01	1.66524714e+00	9.61430882e-01	0.00000000e+00	8.84769006e-01
6.25242737e+02	-2.31427852e-04	6.82000000e-05	1	-3.39337027e+00	1.61717453e-06	6.87000000e-05	1	2.35396584e-02	5.58903557e-05	6.80000000e-05	1	8.21916996e-01	-8.49304537e-01	2.23909679e+00	1.29274313e+00	0.00000000e+00	1.38979225e+00
6.25823059e+02	-1.39123380e-04	6.82000000e-05	1	-2.03993226e+00	6.29248574e-05	6.87000000e-05	1	9.15936789e-01	2.34454910e-04	6.80000000e-05	1	3.44786632e+00	7.74623616e-01	2.74662709e+00	1.58576589e+00	0.00000000e+00	3.52125071e+00
6.26403320e+02	-8.07338527e-05	6.82000000e-05	1	-1.18378083e+00	2.20485800e-04	6.87000000e-05	1	3.20940029e+00	2.88342452e-04	6.80000000e-05	1	4.24033018e+00	2.08864988e+00	2.88050450e+00	1.66306005e+00	0.00000000e+00	4.96915438e+00
6.26983582e+02	-1.01074562e-05	6.82000000e-05	1	-1.48203170e-01	3.84195430e-04	6.87000000e-05	1	5.59236434e+00	3.37317491e-04	6.80000000e-05	1	4.96055134e+00	3.46823750e+00	3.14782135e+00	1.81739551e+00	3.20416150e-01	6.61605886e+00
6.27563782e+02	7.87426898e-05	6.82000000e-05	1	1.15458489e+00	4.47190500e-04	6.87000000e-05	1	6.50932314e+00	2.89971495e-04	6.80000000e-05	1	4.26428669e+00	3.97606491e+00	2.68897922e+00	1.55248288e+00	1.28708568e+00	6.66504413e+00
6.28143982e+02	1.66867754e-04	6.82000000e-05	1	2.44674126e+00	5.22741962e-04	6.87000000e-05	1	7.60905330e+00	1.66760432e-04	6.80000000e-05	1	2.45235929e+00	4.16938462e+00	2.97884178e+00	1.71983510e+00	1.19054283e+00	7.14822640e+00
6.28724121e+02	2.05425421e-04	6.82000000e-05	1	3.01210294e+00	4.49639072e-04	6.87000000e-05	1	6.54496466e+00	5.28164802e-05	6.80000000e-05	1	7.76712945e-01	3.44459351e+00	2.90834455e+00	1.67913351e+00	5.36248964e-01	6.35293806e+00
6.29304199e+02	1.63172748e-04	6.82000000e-05	1	2.39256228e+00	1.68378873e-04	6.87000000e-05	1	2.45092974e+00	-1.67863369e-04	6.80000000e-05	1	-2.46857895e+00	7.91637691e-01	2.82358126e+00	1.63019540e+00	0.00000000e+00	3.61521895e+00
6.29884277e+02	9.41544547e-05	6.82000000e-05	1	1.38056385e+00	1.51228587e-05	6.87000000e-05	1	2.20128948e-01	-2.57002832e-04	6.80000000e-05	1	-3.77945341e+00	-7.26253536e-01	2.70706010e+00	1.56292188e+00	0.00000000e+00	1.98080656e+00
6.30464294e+02	9.56555913e-05	6.82000000e-05	1	1.40257465e+00	-1.31085356e-04	6.87000000e-05	1	-1.90808379e+00	-1.96272561e-04	6.80000000e-05	1	-2.88636119e+00	-1.13062344e+00	2.24768238e+00	1.29770003e+00	0.00000000e+00	1.11705894e+00
6.31044250e+02	3.68091646e-05	6.82000000e-05	1	5.39723821e-01	-2.13549200e-04	6.87000000e-05	1	-3.10843086e+00	-2.57947190e-04	6.80000000e-05	1	-3.79334103e+00	-2.12068269e+00	2.32929122e+00	1.34481691e+00	0.00000000e+00	2.08608529e-01
6.31624207e+02	-3.04747337e-05	6.82000000e-05	1	-4.46843603e-01	-1.87660910e-04	6.87000000e-05	1	-2.73159986e+00	-2.93124090e-04	6.80000000e-05	1	-4.31064838e+00	-2.49636395e+00	1.94261391e+00	1.12156866e+00	0.00000000e+00	0.00000000e+00
6.32204163e+02	3.22418524e-05	6.82000000e-05	1	4.72754433e-01	1.53477406e-05	6.87000000e-05	1	2.23402338e-01	-2.04046414e-04	6.80000000e-05	1	-3.00068256e+00	-7.68175262e-01	1.93742374e+00	1.11857212e+00	0.00000000e+00	1.16924847e+00
6.32783997e+02	5.79411690e-05	6.82000000e-05	1	8.49577257e-01	1.21170892e-04	6.87000000e-05	1	1.76376844e+00	-8.47751730e-05	6.80000000e-05	1	-1.24669372e+00	4.55550658e-01	1.54342584e+00	8.91097324e-01	0.00000000e+00	1.99897650e+00
6.33363831e+02	4.70132462e-06	6.82000000e-05	1	6.89343786e-02	1.72024928e-05	6.87000000e-05	1	2.50400186e-01	-1.61787214e-04	6.80000000e-05	1	-2.37922373e+00	-6.86629722e-01	1.46863485e+00	8.47916725e-01	0.00000000e+00	7.82005127e-01
6.33943665e+02	-1.96138161e-06	6.82000000e-05	1	-2.87592612e-02	-1.62760936e-04	6.87000000e-05	1	-2.36915481e+00	-2.41672568e-04	6.80000000e-05	1	-3.55400836e+00	-1.98397415e+00	1.79391148e+00	1.03571528e+00	0.00000000e+00	0.00000000e+00
6.34523376e+02	-4.68608126e-05	6.82000000e-05	1	-6.87108688e-01	-3.07614946e-04	6.87000000e-05	1	-4.47765570e+00	-3.15665369e-04	6.80000000e-05	1	-4.64213779e+00	-3.26896739e+00	2.23746717e+00	1.29180228e+00	0.00000000e+00	0.00000000e+00
6.35103149e+02	-6.36214506e-05	6.82000000e-05	1	-9.32865844e-01	-4.45031342e-04	6.87000000e-05	1	-6.47789435e+00	-3.41727868e-04	6.80000000e-05	1	-5.02540983e+00	-4.14539001e+00	2.87535414e+00	1.66008649e+00	0.00000000e+00	0.00000000e+00
6.35682800e+02	-2.92072727e-06	6.82000000e-05	1	-4.28259130e-02	-3.92190301e-04	6.87000000e-05	1	-5.70873801e+00	-3.94240838e-04	6.80000000e-05	1	-5.79765938e+00	-3.84974110e+00	3.29718504e+00	1.90363067e+00	0.00000000e+00	0.00000000e+00
6.36262451e+02	9.97823788e-05	6.82000000e-05	1	1.46308473e+00	-2.67714829e-04	6.87000000e-05	1	-3.89686797e+00	-1.79046452e-04	6.80000000e-05	1	-2.63303606e+00	-1.68893976e+00	2.80192106e+00	1.61768988e+00	0.00000000e+00	1.11298129e+00
6.36842041e+02	2.21356875e-04	6.82000000e-05	1	3.24570197e+00	-1.57341772e-05	6.87000000e-05	1	-2.29027325e-01	4.31348274e-05	6.80000000e-05	1	6.34335698e-01	1.21700345e+00	1.80916064e+00	1.04451938e+00	0.00000000e+00	3.02616408e+00
6.37421631e+02	1.31582699e-04	6.82000000e-05	1	1.92936508e+00	1.02068293e-06	6.87000000e-05	1	1.48571023e-02	1.52161269e-04	6.80000000e-05	1	2.23766572e+00	1.39396264e+00	1.20424722e+00	6.95272459e-01	1.89715412e-01	2.59820986e+00
6.38001160e+02	7.76554037e-05	6.82000000e-05	1	1.13864228e+00	-6.66973912e-05	6.87000000e-05	1	-9.70849945e-01	7.47239544e-05	6.80000000e-05	1	1.09888168e+00	4.22224674e-01	1.20660180e+00	6.96631872e-01	0.00000000e+00	1.62882647e+00
6.38580688e+02	9.76411278e-06	6.82000000e-05	1	1.43168809e-01	-1.51440707e-04	6.87000000e-05	1	-2.20437710e+00	-5.84861221e-05	6.80000000e-05	1	-8.60090031e-01	-9.73766109e-01	1.17789416e+00	6.80057508e-01	0.00000000e+00	2.04128047e-01
6.39160156e+02	-1.41929779e-04	6.82000000e-05	1	-2.08108180e+00	-2.01067857e-04	6.87000000e-05	1	-2.92675191e+00	-3.14084633e-04	6.80000000e-05	1	-4.61889165e+00	-3.20890846e+00	1.29221862e+00	7.46062766e-01	0.00000000e+00	0.00000000e+00
6.39739563e+02	-2.03191150e-04	6.82000000e-05	1	-2.97934237e+00	-1.04576095e-04	6.87000000e-05	1	-1.52221390e+00	-4.13321860e-04	6.80000000e-05	1	-6.07826264e+00	-3.52660631e+00	2.32680433e+00	1.34338111e+00	0.00000000e+00	0.00000000e+00
6.40318909e+02	-1.99680085e-04	6.82000000e-05	1	-2.92786049e+00	1.14848260e-04	6.87000000e-05	1	1.67173595e+00	-2.85481204e-04	6.80000000e-05	1	-4.19825300e+00	-1.81812585e+00	3.08833706e+00	1.78305223e+00	0.00000000e+00	1.27021121e+00
6.40898254e+02	-1.44993337e-04	6.82000000e-05	1	-2.12600202e+00	3.06268206e-04	6.87000000e-05	1	4.45805250e+00	-2.79419538e-05	6.80000000e-05	1	-4.10911086e-01	6.40379798e-01	3.41560432e+00	1.97200007e+00	0.00000000e+00	4.05598411e+00
6.41477600e+02	-5.95496551e-05	6.82000000e-05	1	-8.73162099e-01	4.41401796e-04	6.87000000e-05	1	6.42506253e+00	9.83133294e-05	6.80000000e-05	1	1.44578426e+00	2.33256156e+00	3.72904829e+00	2.15296704e+00	0.00000000e+00	6.06160985e+00
6.42056885e+02	-5.11731074e-05	6.82000000e-05	1	-7.50338818e-01	3.35154790e-04	6.87000000e-05	1	4.87852679e+00	1.92773179e-04	6.80000000e-05	1	2.83489969e+00	2.32102922e+00	2.84939979e+00	1.64510173e+00	0.00000000e+00	5.17042900e+00
6.42636108e+02	-8.83093290e-07	6.82000000e-05	1	-1.29485820e-02	3.00251735e-04	6.87000000e-05	1	4.37047649e+00	2.66364951e-04	6.80000000e-05	1	3.91713163e+00	2.75821985e+00	2.41058317e+00	1.39175084e+00	3.47636674e-01	5.16880302e+00
6.43215271e+02	-7.31371154e-05	6.82000000e-05	1	-1.07239172e+00	1.73004537e-04	6.87000000e-05	1	2.51826110e+00	2.63271720e-04	6.80000000e-05	1	3.87164294e+00	1.77250411e+00	2.55499213e+00	1.47512540e+00	0.00000000e+00	4.32749624e+00
6.43794434e+02	-1.58141709e-04	6.82000000e-05	1	-2.31879339e+00	1.27502476e-04	6.87000000e-05	1	1.85593124e+00	2.29186762e-04	6.80000000e-05	1	3.37039356e+00	9.69177134e-01	2.94643202e+00	1.70112332e+00	0.00000000e+00	3.91560916e+00
6.44373535e+02	-2.53665273e-04	6.82000000e-05	1	-3.71943216e+00	1.26830375e-04	6.87000000e-05	1	1.84614811e+00	2.99346678e-04	6.80000000e-05	1	4.40215703e+00	8.42957660e-01	4.15269142e+00	2.39755751e+00	0.00000000e+00	4.99564908e+00
6.44952637e+02	-3.20167590e-04	6.82000000e-05	1	-4.69453944e+00	9.75554137e-05	6.87000000e-05	1	1.42002058e+00	2.94727207e-04	6.80000000e-05	1	4.33422363e+00	3.53234925e-01	4.60794579e+00	2.66039874e+00	0.00000000e+00	4.96118071e+00
6.45531677e+02	-3.95552038e-04	6.82000000e-05	1	-5.79988326e+00	9.21511020e-05	6.87000000e-05	1	1.34135520e+00	2.97956747e-04	6.80000000e-05	1	4.38171686e+00	-2.56037333e-02	5.22663159e+00	3.01759716e+00	0.00000000e+00	5.20102786e+00
6.46110657e+02	-3.53126260e-04	6.82000000e-05	1	-5.17780441e+00	1.54423645e-04	6.87000000e-05	1	2.24779686e+00	2.55746066e-04	6.80000000e-05	1	3.76097156e+00	2.76988006e-01	4.78419216e+00	2.76215463e+00	0.00000000e+00	5.06118016e+00
6.46689636e+02	-3.95593243e-04	6.82000000e-05	1	-5.80048744e+00	1.91556947e-04	6.87000000e-05	1	2.78831073e+00	2.40087551e-04	6.80000000e-05	1	3.53069928e+00	1.72840855e-01	5.18635453e+00	2.99434319e+00	0.00000000e+00	5.35919539e+00
6.47268555e+02	-2.24051109e-04	6.82000000e-05	1	-3.28520688e+00	3.41635357e-04	6.87000000e-05	1	4.97285818e+00	2.98779084e-04	6.80000000e-05	1	4.39381006e+00	2.02715378e+00	4.60974035e+00	2.66143483e+00	0.00000000e+00	6.63689413e+00
6.47847473e+02	1.39954904e-05	6.82000000e-05	1	2.05212469e-01	4.19735589e-04	6.87000000e-05	1	6.10968834e+00	4.53487136e-04	6.80000000e-05	1	6.66892847e+00	4.32794309e+00	3.58132214e+00	2.06767730e+00	7.46620958e-01	7.90926523e+00
6.48426331e+02	1.74278271e-04	6.82000000e-05	1	2.55539988e+00	4.05622117e-04	6.87000000e-05	1	5.90425206e+00	4.74074772e-04	6.80000000e-05	1	6.97168783e+00	5.14377992e+00	2.30426522e+00	1.33036815e+00	2.83951470e+00	7.44804514e+00
6.49005127e+02	2.45638586e-04	6.82000000e-05	1	3.60173880e+00	3.72146230e-04	6.87000000e-05	1	5.41697569e+00	4.62429218e-04	6.80000000e-05	1	6.80042968e+00	5.27304806e+00	1.60419519e+00	9.26182524e-01	3.66885287e+00	6.87724325e+00
6.49583923e+02	3.53084871e-04	6.82000000e-05	1	5.17719752e+00	3.07696865e-04	6.87000000e-05	1	4.47884811e+00	4.48786526e-04	6.80000000e-05	1	6.59980185e+00	5.41861583e+00	1.08089005e+00	6.24052160e-01	4.33772578e+00	6.49950588e+00
6.50162659e+02	3.10828999e-04	6.82000000e-05	1	4.55760995e+00	1.92160330e-04	6.87000000e-05	1	2.79709359e+00	4.26470017e-04	6.80000000e-05	1	6.27161789e+00	4.54210715e+00	1.73731403e+00	1.00303872e+00	2.80479312e+00	6.27942117e+00
6.50741333e+02	2.06284463e-04	6.82000000e-05	1	3.02469886e+00	1.70348393e-04	6.87000000e-05	1	2.47959815e+00	1.88183436e-04	6.80000000e-05	1	2.76740347e+00	2.75723349e+00	2.72692625e-01	1.57439160e-01	2.48454087e+00	3.02992612e+00
6.51320007e+02	-1.66710557e-04	6.82000000e-05	1	-2.44443632e+00	8.42222555e-05	6.87000000e-05	1	1.22594258e+00	-1.58963222e-05	6.80000000e-05	1	-2.33769444e-01	-4.84087727e-01	1.84794880e+00	1.06691374e+00	0.00000000e+00	1.36386107e+00
6.51898621e+02	-3.48591134e-04	6.82000000e-05	1	-5.11130694e+00	-8.35637008e-06	6.87000000e-05	1	-1.21635663e-01	-1.86356124e-04	6.80000000e-05	1	-2.74053123e+00	-2.65782461e+00	2.49586361e+00	1.44098753e+00	0.00000000e+00	0.00000000e+00
6.52477234e+02	-3.11493992e-04	6.82000000e-05	1	-4.56736059e+00	-4.72285416e-05	6.87000000e-05	1	-6.87460577e-01	-1.83863773e-04	6.80000000e-05	1	-2.70387902e+00	-2.65290006e+00	1.94045231e+00	1.12032066e+00	0.00000000e+00	0.00000000e+00
6.53055725e+02	-3.40539587e-04	6.82000000e-05	1	-4.99324908e+00	-2.52777540e-04	6.87000000e-05	1	-3.67944018e+00	-2.69055463e-04	6.80000000e-05	1	-3.95669798e+00	-4.20979575e+00	6.92507990e-01	3.99819674e-01	0.00000000e+00	0.00000000e+00
6.53634277e+02	-2.75308183e-04	6.82000000e-05	1	-4.03677688e+00	-2.66814519e-04	6.87000000e-05	1	-3.88376301e+00	-2.72693611e-04	6.80000000e-05	1	-4.01020017e+00	-3.97691336e+00	8.17576911e-02	4.72028249e-02	0.00000000e+00	0.00000000e+00
6.54212708e+02	-1.63759317e-05	6.82000000e-05	1	-2.40116300e-01	-2.44437710e-04	6.87000000e-05	1	-3.55804527e+00	-9.85855136e-05	6.80000000e-05	1	-1.44978696e+00	-1.74931618e+00	1.67912224e+00	9.69441675e-01	0.00000000e+00	0.00000000e+00
6.54791138e+02	2.51146199e-04	6.82000000e-05	1	3.68249559e+00	-2.02071454e-04	6.87000000e-05	1	-2.94136032e+00	3.57827615e-05	6.80000000e-05	1	5.26217081e-01	4.22450784e-01	3.31314689e+00	1.91284625e+00	0.00000000e+00	3.73559768e+00
6.55369568e+02	3.09707019e-04	6.82000000e-05	1	4.54115864e+00	-6.42541612e-05	6.87000000e-05	1	-9.35286190e-01	-3.12094506e-05	6.80000000e-05	1	-4.58962509e-01	1.04896998e+00	3.03368708e+00	1.75150005e+00	0.00000000e+00	4.08265706e+00
6.55947876e+02	1.08006151e-04	6.82000000e-05	1	1.58366791e+00	-6.51017898e-05	6.87000000e-05	1	-9.47624306e-01	-1.09848047e-04	6.80000000e-05	1	-1.61541246e+00	-3.26456286e-01	1.68757698e+00	9.74323025e-01	0.00000000e+00	1.36112070e+00
6.56526245e+02	-7.26258591e-05	6.82000000e-05	1	-1.06489529e+00	-1.04599445e-04	6.87000000e-05	1	-1.52255378e+00	-1.75127587e-04	6.80000000e-05	1	-2.57540569e+00	-1.72095159e+00	7.74552571e-01	4.47188135e-01	0.00000000e+00	0.00000000e+00
6.57104492e+02	-6.30112000e-05	6.82000000e-05	1	-9.23917888e-01	-1.18514822e-04	6.87000000e-05	1	-1.72510658e+00	-3.30213361e-04	6.80000000e-05	1	-4.85607884e+00	-2.50170110e+00	2.07793088e+00	1.19969395e+00	0.00000000e+00	0.00000000e+00
6.57682739e+02	-1.39049500e-05	6.82000000e-05	1	-2.03884897e-01	-2.04230054e-04	6.87000000e-05	1	-2.97278099e+00	-3.68443169e-04	6.80000000e-05	1	-5.41828190e+00	-2.86498259e+00	2.60886937e+00	1.50623143e+00	0.00000000e+00	0.00000000e+00
6.58260925e+02	1.11847953e-04	6.82000000e-05	1	1.63999932e+00	-9.71331480e-05	6.87000000e-05	1	-1.41387406e+00	-2.94103733e-04	6.80000000e-05	1	-4.32505490e+00	-1.36630988e+00	2.98281154e+00	1.72212705e+00	0.00000000e+00	1.61650166e+00
6.58839111e+02	3.00484672e-04	6.82000000e-05	1	4.40593360e+00	2.49737007e-05	6.87000000e-05	1	3.63518205e-01	-1.48684910e-04	6.80000000e-05	1	-2.18654279e+00	8.60969670e-01	3.32427131e+00	1.91926893e+00	0.00000000e+00	4.18524098e+00
6.59417236e+02	3.89635047e-04	6.82000000e-05	1	5.71312385e+00	4.74279910e-05	6.87000000e-05	1	6.90363771e-01	-1.22437838e-04	6.80000000e-05	1	-1.80055644e+00	1.53431040e+00	3.82727479e+00	2.20967813e+00	0.00000000e+00	5.36158518e+00
6.59995300e+02	3.33341011e-04	6.82000000e-05	1	4.88769811e+00	1.42353559e-04	6.87000000e-05	1	2.07210421e+00	-9.94046535e-05	6.80000000e-05	1	-1.46183314e+00	1.83265640e+00	3.18153080e+00	1.83685766e+00	0.00000000e+00	5.01418719e+00
6.60573364e+02	1.88577663e-04	6.82000000e-05	1	2.76506837e+00	1.24890656e-04	6.87000000e-05	1	1.81791348e+00	-9.95719635e-05	6.80000000e-05	1	-1.46429358e+00	1.03956275e+00	2.21951526e+00	1.28143774e+00	0.00000000e+00	3.25907802e+00
6.61151367e+02	5.69384691e-05	6.82000000e-05	1	8.34874913e-01	7.69264872e-05	6.87000000e-05	1	1.11974508e+00	-3.99601038e-05	6.80000000e-05	1	-5.87648586e-01	4.55657137e-01	9.14687311e-01	5.28094965e-01	0.00000000e+00	1.37034445e+00
6.61729309e+02	5.56697355e-06	6.82000000e-05	1	8.16271781e-02	-3.73106208e-06	6.87000000e-05	1	-5.43094917e-02	-8.13943851e-05	6.80000000e-05	1	-1.19697625e+00	-3.89886188e-01	7.02257411e-01	4.05448506e-01	0.00000000e+00	3.12371223e-01
6.62307251e+02	8.23146486e-05	6.82000000e-05	1	1.20695966e+00	9.36020033e-05	6.87000000e-05	1	1.36247458e+00	6.95468095e-05	6.80000000e-05	1	1.02274720e+00	1.19739381e+00	1.70065580e-01	9.81874087e-02	1.02732823e+00	1.36745939e+00
6.62885132e+02	1.66960503e-04	6.82000000e-05	1	2.44810122e+00	2.48801521e-04	6.87000000e-05	1	3.62156509e+00	1.69131579e-04	6.80000000e-05	1	2.48722910e+00	2.85229847e+00	6.66491633e-01	3.84799124e-01	2.18580683e+00	3.51879010e+00
6.63463013e+02	1.47660114e-04	6.82000000e-05	1	2.16510430e+00	2.44387343e-04	6.87000000e-05	1	3.55731212e+00	1.55703003e-04	6.80000000e-05	1	2.28975005e+00	2.67072216e+00	7.70334645e-01	4.44752914e-01	1.90038751e+00	3.44105680e+00
6.64040833e+02	1.53809358e-04	6.82000000e-05	1	2.25526919e+00	2.06862402e-04	6.87000000e-05	1	3.01109756e+00	8.16946592e-05	6.80000000e-05	1	1.20139205e+00	2.15591960e+00	9.08934136e-01	5.24773368e-01	1.24698546e+00	3.06485373e+00
6.64618591e+02	1.38730580e-04	6.82000000e-05	1	2.03417272e+00	1.88322032e-04	6.87000000e-05	1	2.74122317e+00	5.25973527e-05	6.80000000e-05	1	7.73490481e-01	1.84962879e+00	9.96762425e-01	5.75481055e-01	8.52866366e-01	2.84639122e+00
6.65196350e+02	1.66250676e-04	6.82000000e-05	1	2.43769320e+00	1.91082274e-04	6.87000000e-05	1	2.78140137e+00	-5.91889314e-05	6.80000000e-05	1	-8.70425461e-01	1.44955637e+00	2.01649959e+00	1.16422658e+00	0.00000000e+00	3.46605596e+00
6.65774048e+02	2.29136383e-04	6.82000000e-05	1	3.35977101e+00	2.00424105e-04	6.87000000e-05	1	2.91738144e+00	4.30647970e-05	6.80000000e-05	1	6.33305838e-01	2.30348610e+00	1.46323399e+00	8.44798537e-01	8.40252108e-01	3.76672009e+00
6.66351685e+02	2.05907269e-04	6.82000000e-05	1	3.01916817e+00	1.70621369e-04	6.87000000e-05	1	2.48357160e+00	7.35343100e-05	6.80000000e-05	1	1.08138691e+00	2.19470889e+00	1.00066493e+00	5.77734165e-01	1.19404397e+00	3.19537382e+00
6.66929321e+02	2.19657380e-04	6.82000000e-05	1	3.22078270e+00	2.79494517e-04	6.87000000e-05	1	4.06833359e+00	7.13231168e-05	6.80000000e-05	1	1.04886936e+00	2.77932855e+00	1.55738639e+00	8.99157453e-01	1.22194216e+00	4.33671494e+00
6.67506897e+02	1.66628345e-04	6.82000000e-05	1	2.44323086e+00	2.96040121e-04	6.87000000e-05	1	4.30917207e+00	-3.27875196e-06	6.80000000e-05	1	-4.82169407e-02	2.23472866e+00	2.18616436e+00	1.26218258e+00	4.85643018e-02	4.42089303e+00
6.68084412e+02	-1.76065544e-05	6.82000000e-05	1	-2.58160622e-01	1.74337433e-04	6.87000000e-05	1	2.53766278e+00	-1.50853405e-04	6.80000000e-05	1	-2.21843242e+00	2.03565801e-02	2.39024879e+00	1.38001078e+00	0.00000000e+00	2.41060537e+00
6.68661926e+02	-4.83322296e-05	6.82000000e-05	1	-7.08683718e-01	4.39870004e-05	6.87000000e-05	1	6.40276570e-01	-2.29609186e-04	6.80000000e-05	1	-3.37660568e+00	-1.14833761e+00	2.04421315e+00	1.18022701e+00	0.00000000e+00	8.95875542e-01
6.69239380e+02	-1.80405834e-04	6.82000000e-05	1	-2.64524684e+00	-1.72942111e-04	6.87000000e-05	1	-2.51735242e+00	-4.16286875e-04	6.80000000e-05	1	-6.12186581e+00	-3.76148836e+00	2.04514683e+00	1.18076607e+00	0.00000000e+00	0.00000000e+00
6.69816833e+02	-1.67740760e-04	6.82000000e-05	1	-2.45954194e+00	-2.91123321e-04	6.87000000e-05	1	-4.23760293e+00	-5.12575720e-04	6.80000000e-05	1	-7.53787824e+00	-4.74500770e+00	2.57691086e+00	1.48778018e+00	0.00000000e+00	0.00000000e+00
6.70394226e+02	-1.42925041e-04	6.82000000e-05	1	-2.09567508e+00	-3.04519088e-04	6.87000000e-05	1	-4.43259225e+00	-3.83942869e-04	6.80000000e-05	1	-5.64621866e+00	-4.05816200e+00	1.80464358e+00	1.04191145e+00	0.00000000e+00	0.00000000e+00
6.70971558e+02	-1.32456570e-04	6.82000000e-05	1	-1.94217845e+00	-2.71351088e-04	6.87000000e-05	1	-3.94979750e+00	-3.02077474e-04	6.80000000e-05	1	-4.44231580e+00	-3.44476392e+00	1.32437377e+00	7.64627552e-01	0.00000000e+00	0.00000000e+00
6.71548889e+02	-6.41259168e-05	6.82000000e-05	1	-9.40262709e-01	-1.18740917e-04	6.87000000e-05	1	-1.72839763e+00	-2.23696134e-04	6.80000000e-05	1	-3.28964903e+00	-1.98610312e+00	1.19570611e+00	6.90341246e-01	0.00000000e+00	0.00000000e+00
6.72126160e+02	-4.45496456e-05	6.82000000e-05	1	-6.53220610e-01	-6.25636968e-05	6.87000000e-05	1	-9.10679720e-01	-2.49249017e-04	6.80000000e-05	1	-3.66542671e+00	-1.74310901e+00	1.66974558e+00	9.64028060e-01	0.00000000e+00	0.00000000e+00
6.72703369e+02	-6.69946588e-06	6.82000000e-05	1	-9.82326375e-02	1.01202772e-05	6.87000000e-05	1	1.47311167e-01	-2.81697170e-04	6.80000000e-05	1	-4.14260544e+00	-1.36450897e+00	2.40903257e+00	1.39085560e+00	0.00000000e+00	1.04452360e+00
6.73280579e+02	1.18489107e-04	6.82000000e-05	1	1.73737693e+00	7.96855198e-05	6.87000000e-05	1	1.15990567e+00	-2.65428690e-04	6.80000000e-05	1	-3.90336309e+00	-3.35360160e-01	3.10344195e+00	1.79177304e+00	0.00000000e+00	2.76808179e+00
6.73857727e+02	2.81649140e-04	6.82000000e-05	1	4.12975278e+00	1.28272347e-04	6.87000000e-05	1	1.86713751e+00	-3.01939779e-04	6.80000000e-05	1	-4.44029086e+00	5.18866475e-01	4.44125974e+00	2.56416251e+00	0.00000000e+00	4.96012622e+00
6.74434875e+02	3.61511912e-04	6.82000000e-05	1	5.30076118e+00	7.02742898e-05	6.87000000e-05	1	1.02291543e+00	-3.13092886e-04	6.80000000e-05	1	-4.60430715e+00	5.73123151e-01	4.96782945e+00	2.86817767e+00	0.00000000e+00	5.54095260e+00
6.75011902e+02	4.54398643e-04	6.82000000e-05	1	6.66273670e+00	1.57129091e-04	6.87000000e-05	1	2.28717746e+00	-1.45792399e-04	6.80000000e-05	1	-2.14400587e+00	2.26863610e+00	4.40340056e+00	2.54230450e+00	0.00000000e+00	6.67203666e+00
6.75588989e+02	3.40430240e-04	6.82000000e-05	1	4.99164575e+00	1.58764560e-04	6.87000000e-05	1	2.31098341e+00	-1.05457572e-04	6.80000000e-05	1	-1.55084665e+00	1.91726084e+00	3.28896865e+00	1.89888694e+00	0.00000000e+00	5.20622949e+00
6.76165955e+02	3.90196709e-04	6.82000000e-05	1	5.72135937e+00	3.20429599e-04	6.87000000e-05	1	4.66418630e+00	1.43218390e-05	6.80000000e-05	1	2.10615280e-01	3.53205365e+00	2.92461422e+00	1.68852681e+00	6.07439426e-01	6.45666787e+00
6.76742920e+02	2.45205050e-04	6.82000000e-05	1	3.59538197e+00	2.32221549e-04	6.87000000e-05	1	3.38022633e+00	1.89497591e-06	6.80000000e-05	1	2.78672927e-02	2.33449186e+00	2.00049011e+00	1.15498350e+00	3.34001756e-01	4.33498197e+00
6.77319824e+02	2.09300645e-04	6.82000000e-05	1	3.06892441e+00	3.15957724e-04	6.87000000e-05	1	4.59909351e+00	5.07909392e-05	6.80000000e-05	1	7.46925576e-01	2.80498117e+00	1.93960021e+00	1.11982870e+00	8.65380956e-01	4.74458138e+00
6.77896729e+02	1.92497840e-04	6.82000000e-05	1	2.82254897e+00	3.38006988e-04	6.87000000e-05	1	4.92004350e+00	7.09880036e-05	6.80000000e-05	1	1.04394123e+00	2.92884457e+00	1.94023614e+00	1.12019586e+00	9.88608431e-01	4.86908070e+00
6.78473572e+02	2.98530689e-04	6.82000000e-05	1	4.37728283e+00	3.42183890e-04	6.87000000e-05	1	4.98084264e+00	4.03768058e-05	6.80000000e-05	1	5.93776556e-01	3.31730068e+00	2.37786855e+00	1.37286305e+00	9.39432128e-01	5.69516923e+00
6.79050354e+02	1.94754618e-04	6.82000000e-05	1	2.85563956e+00	2.25517952e-04	6.87000000e-05	1	3.28264850e+00	-1.34486871e-04	6.80000000e-05	1	-1.97774810e+00	1.38684666e+00	2.92163611e+00	1.68680739e+00	0.00000000e+00	4.30848277e+00
6.79627136e+02	2.98650685e-04	6.82000000e-05	1	4.37904231e+00	2.08009574e-04	6.87000000e-05	1	3.02779584e+00	-5.04672122e-05	6.80000000e-05	1	-7.42164885e-01	2.22155775e+00	2.65409225e+00	1.53234087e+00	0.00000000e+00	4.87565000e+00
6.80203857e+02	2.08997567e-04	6.82000000e-05	1	3.06448046e+00	1.72869592e-04	6.87000000e-05	1	2.51629682e+00	-1.52828172e-04	6.80000000e-05	1	-2.24747312e+00	1.11110139e+00	2.92149677e+00	1.68672695e+00	0.00000000e+00	4.03259816e+00
6.80780518e+02	2.71261189e-04	6.82000000e-05	1	3.97743679e+00	1.97658285e-04	6.87000000e-05	1	2.87712205e+00	-3.32040587e-05	6.80000000e-05	1	-4.88294981e-01	2.12208795e+00	2.32663865e+00	1.34328545e+00	0.00000000e+00	4.44872660e+00
6.81357178e+02	3.18174908e-05	6.82000000e-05	1	4.66532124e-01	1.21687346e-04	6.87000000e-05	1	1.77128596e+00	-1.00282364e-04	6.80000000e-05	1	-1.47474065e+00	2.54359144e-01	1.63338153e+00	9.43033266e-01	0.00000000e+00	1.88774067e+00
6.81933777e+02	-7.36100333e-05	6.82000000e-05	1	-1.07932600e+00	1.16566835e-04	6.87000000e-05	1	1.69675160e+00	-1.11804435e-04	6.80000000e-05	1	-1.64418286e+00	-3.42252420e-01	1.78827259e+00	1.03245966e+00	0.00000000e+00	1.44602017e+00
6.82510376e+02	-1.70249493e-04	6.82000000e-05	1	-2.49632687e+00	6.98662070e-05	6.87000000e-05	1	1.01697536e+00	-9.83956239e-05	6.80000000e-05	1	-1.44699447e+00	-9.75448662e-01	1.80349376e+00	1.04124761e+00	0.00000000e+00	8.28045094e-01
6.83086914e+02	-1.66251614e-04	6.82000000e-05	1	-2.43770695e+00	1.48816152e-05	6.87000000e-05	1	2.16617398e-01	-1.70027915e-04	6.80000000e-05	1	-2.50041051e+00	-1.57383335e+00	1.55089276e+00	8.95408353e-01	0.00000000e+00	0.00000000e+00
6.83663391e+02	-2.09730118e-04	6.82000000e-05	1	-3.07522167e+00	2.37633043e-05	6.87000000e-05	1	3.45899625e-01	-3.06010719e-04	6.80000000e-05	1	-4.50015764e+00	-2.40982656e+00	2.49060851e+00	1.43795349e+00	0.00000000e+00	8.07819460e-02
6.84239868e+02	-6.10591318e-05	6.82000000e-05	1	-8.95295188e-01	-4.08583089e-05	6.87000000e-05	1	-5.94735210e-01	-2.81937017e-04	6.80000000e-05	1	-4.14613260e+00	-1.87872100e+00	1.96937823e+00	1.13702105e+00	0.00000000e+00	9.06572273e-02
6.84816223e+02	-5.75314312e-05	6.82000000e-05	1	-8.43569373e-01	-5.76275959e-05	6.87000000e-05	1	-8.38829635e-01	-2.89086409e-04	6.80000000e-05	1	-4.25127072e+00	-1.97788991e+00	1.96880696e+00	1.13669123e+00	0.00000000e+00	0.00000000e+00
6.85392639e+02	-1.31191609e-04	6.82000000e-05	1	-1.92363062e+00	-1.95921809e-04	6.87000000e-05	1	-2.85184584e+00	-2.33689420e-04	6.80000000e-05	1	-3.43660912e+00	-2.73736186e+00	7.62958662e-01	4.40494389e-01	0.00000000e+00	0.00000000e+00
6.85968933e+02	-2.01277871e-04	6.82000000e-05	1	-2.95128843e+00	-1.49687970e-04	6.87000000e-05	1	-2.17886420e+00	-2.46128205e-04	6.80000000e-05	1	-3.61953242e+00	-2.91656168e+00	7.20961644e-01	4.16247399e-01	0.00000000e+00	0.00000000e+00
6.86545227e+02	-2.20969326e-04	6.82000000e-05	1	-3.24001945e+00	-9.43255354e-05	6.87000000e-05	1	-1.37300634e+00	-1.02024156e-04	6.80000000e-05	1	-1.50035523e+00	-2.03779367e+00	1.04310333e+00	6.02235986e-01	0.00000000e+00	0.00000000e+00
6.87121521e+02	-2.82393456e-04	6.82000000e-05	1	-4.14066651e+00	-9.60927517e-05	6.87000000e-05	1	-1.39873001e+00	-8.02809504e-05	6.80000000e-05	1	-1.18060221e+00	-2.23999958e+00	1.64963512e+00	9.52417281e-01	0.00000000e+00	0.00000000e+00
6.87697693e+02	-2.96515397e-04	6.82000000e-05	1	-4.34773309e+00	-2.62842530e-05	6.87000000e-05	1	-3.82594658e-01	-1.50743096e-04	6.80000000e-05	1	-2.21681024e+00	-2.31571266e+00	1.98441855e+00	1.14570458e+00	0.00000000e+00	0.00000000e+00
6.88273865e+02	-3.81501156e-04	6.82000000e-05	1	-5.59385859e+00	2.30796651e-05	6.87000000e-05	1	3.35948546e-01	-2.60352574e-04	6.80000000e-05	1	-3.82871432e+00	-3.02887479e+00	3.04474311e+00	1.75788326e+00	0.00000000e+00	1.58683247e-02
6.88850037e+02	-3.72446267e-04	6.82000000e-05	1	-5.46108895e+00	-4.15957939e-05	6.87000000e-05	1	-6.05470072e-01	-4.12481390e-04	6.80000000e-05	1	-6.06590280e+00	-4.04415394e+00	2.99330253e+00	1.72818402e+00	0.00000000e+00	0.00000000e+00
6.89426147e+02	-4.15066792e-04	6.82000000e-05	1	-6.08602334e+00	-6.47709353e-05	6.87000000e-05	1	-9.42808373e-01	-4.41154668e-04	6.80000000e-05	1	-6.48756865e+00	-4.50546679e+00	3.09187821e+00	1.78509672e+00	0.00000000e+00	0.00000000e+00
6.90002197e+02	-4.30607728e-04	6.82000000e-05	1	-6.31389631e+00	-2.15544346e-04	6.87000000e-05	1	-3.13747228e+00	-5.29606815e-04	6.80000000e-05	1	-7.78833552e+00	-5.74656804e+00	2.37676845e+00	1.37222790e+00	0.00000000e+00	0.00000000e+00
6.90578186e+02	-2.73849246e-04	6.82000000e-05	1	-4.01538483e+00	-1.96615427e-04	6.87000000e-05	1	-2.86194217e+00	-4.93432864e-04	6.80000000e-05	1	-7.25636564e+00	-4.71123088e+00	2.27835263e+00	1.31540750e+00	0.00000000e+00	0.00000000e+00
6.91154175e+02	-1.30695929e-04	6.82000000e-05	1	-1.91636260e+00	-2.15403606e-04	6.87000000e-05	1	-3.13542367e+00	-3.45125480e-04	6.80000000e-05	1	-5.07537471e+00	-3.37572032e+00	1.59315607e+00	9.19809083e-01	0.00000000e+00	0.00000000e+00
6.91730103e+02	-5.19363385e-05	6.82000000e-05	1	-7.61529890e-01	-3.29171072e-04	6.87000000e-05	1	-4.79142755e+00	-3.93620752e-04	6.80000000e-05	1	-5.78854046e+00	-3.78049930e+00	2.66161432e+00	1.53668374e+00	0.00000000e+00	0.00000000e+00
6.92306030e+02	5.59982791e-05	6.82000000e-05	1	8.21089136e-01	-3.48457219e-04	6.87000000e-05	1	-5.07215748e+00	-4.47088268e-04	6.80000000e-05	1	-6.57482747e+00	-3.60863194e+00	3.90913365e+00	2.25693936e+00	0.00000000e+00	3.00501709e-01
6.92881897e+02	1.28084181e-04	6.82000000e-05	1	1.87806716e+00	-4.55254530e-04	6.87000000e-05	1	-6.62670350e+00	-5.09199721e-04	6.80000000e-05	1	-7.48823119e+00	-4.07895584e+00	5.17688611e+00	2.98887659e+00	0.00000000e+00	1.09793027e+00
6.93457703e+02	3.13172206e-04	6.82000000e-05	1	4.59196784e+00	-4.15505974e-04	6.87000000e-05	1	-6.04812189e+00	-4.71659090e-04	6.80000000e-05	1	-6.93616309e+00	-2.79743905e+00	6.41479968e+00	3.70358632e+00	0.00000000e+00	3.61736063e+00
6.94033447e+02	3.62771607e-04	6.82000000e-05	1	5.31923178e+00	-3.16015799e-04	6.87000000e-05	1	-4.59993885e+00	-3.85411730e-04	6.80000000e-05	1	-5.66781956e+00	-1.64950888e+00	6.05867989e+00	3.49798047e+00	0.00000000e+00	4.40917102e+00
6.94609192e+02	3.34539083e-04	6.82000000e-05	1	4.90526515e+00	-2.46626982e-04	6.87000000e-05	1	-3.58991240e+00	-4.00348775e-04	6.80000000e-05	1	-5.88748198e+00	-1.52404308e+00	5.68521853e+00	3.28236245e+00	0.00000000e+00	4.16117545e+00
6.95184937e+02	2.35919269e-04	6.82000000e-05	1	3.45922681e+00	-9.12783905e-05	6.87000000e-05	1	-1.32865197e+00	-3.43472337e-04	6.80000000e-05	1	-5.05106378e+00	-9.73496314e-01	4.26624697e+00	2.46311883e+00	0.00000000e+00	3.29275065e+00
6.95760559e+02	8.93198564e-05	6.82000000e-05	1	1.30967531e+00	6.16302057e-05	6.87000000e-05	1	8.97091786e-01	-2.06801958e-04	6.80000000e-05	1	-3.04120526e+00	-2.78146053e-01	2.40175528e+00	1.38665406e+00	0.00000000e+00	2.12360923e+00
6.96336182e+02	1.03936353e-04	6.82000000e-05	1	1.52399344e+00	2.73595282e-04	6.87000000e-05	1	3.98246408e+00	8.07386246e-06	6.80000000e-05	1	1.18733271e-01	1.87506360e+00	1.95564353e+00	1.12909132e+00	0.00000000e+00	3.83070713e+00
6.96911743e+02	4.24593960e-05	6.82000000e-05	1	6.22571789e-01	3.14464225e-04	6.87000000e-05	1	4.57735407e+00	4.94332899e-05	6.80000000e-05	1	7.26960146e-01	1.97562867e+00	2.25376475e+00	1.30121168e+00	0.00000000e+00	4.22939342e+00
6.97487305e+02	1.10771726e-05	6.82000000e-05	1	1.62421885e-01	3.06518686e-04	6.87000000e-05	1	4.46169848e+00	1.08891269e-04	6.80000000e-05	1	1.60134218e+00	2.07515418e+00	2.18845109e+00	1.26350283e+00	0.00000000e+00	4.26360527e+00
6.98062805e+02	5.86296297e-05	6.82000000e-05	1	8.59671990e-01	3.30395481e-04	6.87000000e-05	1	4.80925008e+00	2.03794799e-04	6.80000000e-05	1	2.99698234e+00	2.88863480e+00	1.97701699e+00	1.14143129e+00	9.11617816e-01	4.86565179e+00
6.98638245e+02	7.69156889e-05	6.82000000e-05	1	1.12779602e+00	3.57005491e-04	6.87000000e-05	1	5.19658648e+00	2.44921102e-04	6.80000000e-05	1	3.60178092e+00	3.30872114e+00	2.05016511e+00	1.18366338e+00	1.25855603e+00	5.35888625e+00
6.99213684e+02	2.61098539e-05	6.82000000e-05	1	3.82842432e-01	3.95992715e-04	6.87000000e-05	1	5.76408610e+00	2.00582764e-04	6.80000000e-05	1	2.94974653e+00	3.03222502e+00	2.69156978e+00	1.55397854e+00	3.40655242e-01	5.72379480e+00
6.99789062e+02	-1.33613371e-04	6.82000000e-05	1	-1.95914034e+00	4.57001151e-04	6.87000000e-05	1	6.65212738e+00	3.90923707e-05	6.80000000e-05	1	5.74887804e-01	1.75595828e+00	4.42545800e+00	2.55503937e+00	0.00000000e+00	6.18141628e+00
