Wavelength_nm,Reactant_normalized,PSS_normalized_to_reactant,Reactant_reconstructed_M-1_cm-1,Reactant_lower_M-1_cm-1,Reactant_upper_M-1_cm-1,PSS_reconstructed_M-1_cm-1,Product_epsilon_M-1_cm-1,Product_epsilon_raw_M-1_cm-1,Product_lower_nonnegative_M-1_cm-1,Product_upper_nonnegative_M-1_cm-1,Product_error_lower_M-1_cm-1,Product_error_upper_M-1_cm-1
250.58412200000001,0.66254242699999999,0.99896359899999998,9955.3638800000008,9832.0759300000009,10078.6518,15010.429099999999,16520.383699999998,16520.383699999998,16232.669400000001,16812.424900000002,287.71422799999999,292.04123499999997
251.18440200000001,0.66382140000000001,1.0003071299999999,9974.5817399999996,9851.0557900000003,10098.1077,15030.617,16540.8613,16540.8613,16252.877500000001,16833.172900000001,287.98377499999998,292.31161300000002
251.78465299999999,0.66452467299999995,1.00092464,9985.1491100000003,9861.4922999999999,10108.805899999999,15039.8958,16549.7552,16549.7552,16261.6824,16842.154600000002,288.07272799999998,292.39946300000003
252.384872,0.66459622900000004,1.00052918,9986.2243199999994,9862.5541900000007,10109.8945,15033.953600000001,16541.716899999999,16541.716899999999,16253.8591,16833.895400000001,287.85778900000003,292.178517
252.98507699999999,0.66398005400000004,0.99883379100000003,9976.9656699999996,9853.4102000000003,10100.5211,15008.4786,16511.398099999999,16511.398099999999,16224.1824,16802.920600000001,287.21566000000001,291.52250700000002
253.585251,0.66261889399999996,0.99549895799999999,9956.5128700000005,9833.2106899999999,10079.8151,14958.3694,16452.430499999999,16452.430499999999,16166.432699999999,16742.709699999999,285.99773599999997,290.27919800000001
254.185394,0.66020418700000005,0.99031760999999996,9920.2294899999997,9797.3766400000004,10043.0823,14880.514499999999,16362.157999999999,16362.157999999999,16077.961799999999,16650.6001,284.19620099999997,288.44207799999998
254.78552199999999,0.657005226,0.98275647700000002,9872.1618999999992,9749.9043199999996,9994.4194700000007,14766.900900000001,16228.9658,16228.9658,15947.496800000001,16514.624400000001,281.46891099999999,285.658683
255.38561999999999,0.65330677800000003,0.972914155,9816.5889999999999,9695.0196500000002,9938.1583599999994,14619.0101,16053.4995,16053.4995,15775.7217,16335.388199999999,277.77786600000002,281.88861600000001
255.98568700000001,0.64945861599999999,0.96136236200000003,9758.7665199999992,9637.9132399999999,9879.6198000000004,14445.4329,15845.3462,15845.3462,15572.049499999999,16122.654500000001,273.296629,277.30829599999998
256.58575400000001,0.64607034100000005,0.94771541800000003,9707.8542799999996,9587.6314999999995,9828.0770599999996,14240.373799999999,15594.2433,15594.2433,15326.5911,15865.7752,267.65219100000002,271.53191199999998
257.18576000000002,0.64313653400000004,0.93157821900000004,9663.7708999999995,9544.0940599999994,9783.4477399999996,13997.8963,15292.5051,15292.5051,15031.852000000001,15556.8681,260.65308399999998,264.36298499999998
257.78576700000002,0.64110851300000005,0.91312591799999998,9633.2978399999993,9513.9983800000009,9752.5973099999992,13720.6319,14941.5239,14941.5239,14689.275600000001,15197.2709,252.24831599999999,255.74697
258.38574199999999,0.63985164500000002,0.89227168000000001,9614.4121500000001,9495.34656,9733.4777300000005,13407.276099999999,14540.209500000001,14540.209500000001,14297.773300000001,14785.8923,242.436195,245.68279000000001
258.985657,0.63948885,0.86964032099999999,9608.9607799999994,9489.9627099999998,9727.9588500000009,13067.2173,14100.203,14100.203,13868.7181,14334.6481,231.48489599999999,234.445075
259.58560199999999,0.64026826800000003,0.84612804500000005,9620.6723199999997,9501.5292100000006,9739.8154300000006,12713.9218,13637.8794,13637.8794,13418.122100000001,13860.2845,219.75733600000001,222.405079
260.18548600000003,0.64146488000000002,0.82131297700000006,9638.6526200000008,9519.2868400000007,9758.0184000000008,12341.050499999999,13148.2603,13148.2603,12940.9935,13357.840200000001,207.266763,209.579947
260.78533900000002,0.64190724200000004,0.79421947400000004,9645.2995499999997,9525.8514599999999,9764.7476399999996,11933.943499999999,12617.564399999999,12617.564399999999,12423.673500000001,12813.4143,193.89089000000001,195.84991099999999
261.38519300000002,0.64086055200000003,0.76431300999999996,9629.5719900000004,9510.3186600000008,9748.8253100000002,11484.5689,12038.6589,12038.6589,11859.067999999999,12219.837600000001,179.590868,181.178698
261.98501599999997,0.63784276100000004,0.73205963500000004,9584.2266600000003,9465.5348900000008,9702.91842,10999.929599999999,11422.8019,11422.8019,11258.0615,11588.7541,164.74037899999999,165.95218499999999
262.58477799999997,0.63298333799999995,0.69828844999999995,9511.2089599999999,9393.4214499999998,9628.9964600000003,10492.483700000001,10785.591700000001,10785.591700000001,10635.8863,10936.137199999999,149.70546200000001,150.54540900000001
263.18454000000003,0.62638556000000001,0.66403305899999998,9412.0707299999995,9295.5109499999999,9528.6304999999993,9977.7621199999994,10146.734899999999,10146.734899999999,10011.774799999999,10282.179099999999,134.96003400000001,135.44425100000001
263.78430200000003,0.61850049100000004,0.63055713099999999,9293.5896499999999,9178.4971600000008,9408.6821500000005,9474.7527599999994,9528.8664100000005,9528.8664100000005,9407.8812199999993,9650.0066700000007,120.985191,121.14026200000001
264.38400300000001,0.60996035400000004,0.59931378700000004,9165.2655400000003,9051.7622300000003,9278.7688600000001,9005.2902200000008,8957.5053800000005,8957.5053800000005,8843.8751400000001,9071.1323599999996,113.630233,113.62697799999999
264.98367300000001,0.60142540799999999,0.57152857800000001,9037.0194300000003,8925.1043200000004,9148.9345400000002,8587.7896000000001,8453.6040699999994,8453.6040699999994,8341.3325700000005,8565.8664399999998,112.271501,112.26236299999999
265.58334400000001,0.59394969500000006,0.54914306400000001,8924.6893500000006,8814.1653399999996,9035.21335,8251.4248299999999,8050.3198400000001,8050.3198400000001,7939.2617099999998,8161.3642799999998,111.058133,111.044438
266.18298299999998,0.58837237200000003,0.53332478500000002,8840.8844800000006,8731.3983200000002,8950.3706399999992,8013.7393300000003,7766.6700000000001,7766.6700000000001,7656.5276299999996,7876.7955400000001,110.142368,110.125542
266.78259300000002,0.58438823299999998,0.522572908,8781.0187999999998,8672.2740200000007,8889.7635800000007,7852.1815999999999,7574.7367199999999,7574.7367199999999,7465.2550600000004,7684.19949,109.481663,109.46276899999999
267.38217200000003,0.58028677500000003,0.51287129399999998,8719.3902899999994,8611.4087199999994,8827.3718499999995,7706.4051300000001,7403.8251399999999,7403.8251399999999,7295.0399299999999,7512.5897500000001,108.78521000000001,108.76460299999999
267.98172,0.57392478099999999,0.499604889,8623.7949599999993,8516.9972500000003,8730.5926600000003,7507.0640999999996,7173.4951499999997,7173.4951499999997,7065.81149,7281.1560900000004,107.683656,107.660939
268.58123799999998,0.56381100699999998,0.47994123300000002,8471.8253600000007,8366.9096499999996,8576.7410600000003,7211.5979699999998,6835.1664099999998,6835.1664099999998,6729.2509200000004,6941.05627,105.91549500000001,105.889859
269.18075599999997,0.54938455399999997,0.45373208399999998,8255.0534399999997,8152.8222599999999,8357.2846300000001,6817.7792399999998,6388.4635699999999,6388.4635699999999,6285.09213,6491.8057600000002,103.37143500000001,103.342197
269.78024299999998,0.53186559200000005,0.42402664699999998,7991.8134899999995,7892.8422899999996,8090.7846900000004,6371.4252699999997,5887.4132099999997,5887.4132099999997,5787.1564799999996,5987.6369699999996,100.25672400000001,100.22376199999999
270.37966899999998,0.51331753000000002,0.39567598999999998,7713.1102700000001,7617.5905499999999,7808.6299900000004,5945.4282400000002,5417.41932,5417.41932,5320.4972200000002,5514.3054599999996,96.922097199999996,96.886138799999998
270.97909499999997,0.49479987600000003,0.37155598699999998,7434.8639599999997,7342.7900600000003,7526.93786,5583.0010300000004,5029.84717,5029.84717,4936.30411,5123.3525600000003,93.543058799999997,93.505387999999996
271.57849099999999,0.47637654200000001,0.351999915,7158.0349100000003,7069.3892900000001,7246.6805400000003,5289.1514500000003,4730.9135299999998,4730.9135299999998,4640.7852400000002,4821.0038000000004,90.128290800000002,90.090273800000006
272.177887,0.45745759600000002,0.33573832799999997,6873.7587899999999,6788.6336600000004,6958.8839200000002,5044.8048099999996,4498.49388,4498.49388,4411.9177600000003,4585.0327900000002,86.5761167,86.538911900000002
272.77722199999999,0.43793937399999999,0.32167684099999999,6580.4779399999998,6498.9848300000003,6661.9710599999999,4833.5168800000001,4311.6973399999997,4311.6973399999997,4228.8182800000004,4394.5408600000001,82.879056899999995,82.843520100000006
273.37655599999999,0.41794186799999999,0.308833001,6279.9953800000003,6202.2234600000002,6357.7673000000004,4640.52531,4150.8134700000001,4150.8134700000001,4071.74089,4229.8527000000004,79.072581799999995,79.039231599999994
273.97582999999997,0.39778348099999999,0.29705352800000001,5977.0954099999999,5903.0746200000003,6051.1162000000004,4463.52693,4011.4220500000001,4011.4220500000001,3936.2004900000002,4086.61283,75.221563399999994,75.190774300000001
274.57510400000001,0.37844122099999999,0.28623754800000001,5686.4585800000004,5616.0370599999997,5756.8801000000003,4301.0059899999997,3887.1695,3887.1695,3815.6488399999998,3958.6619700000001,71.520656000000002,71.492472899999996
275.17434700000001,0.36069206599999998,0.27662331800000001,5419.7597400000004,5352.6410400000004,5486.8784400000004,4156.5425500000001,3779.2179299999998,3779.2179299999998,3711.0970699999998,3847.3130999999998,68.120863600000007,68.095167099999998
275.77355999999997,0.34467474599999998,0.26795772600000001,5179.0834500000001,5114.9453000000003,5243.2215999999999,4026.3333499999999,3682.0053899999998,3682.0053899999998,3616.9527200000002,3747.0346199999999,65.052672700000002,65.029223299999998
276.37274200000002,0.330720982,0.26047122,4969.4141600000003,4907.8725700000005,5030.9557500000001,3913.8410899999999,3598.5400399999999,3598.5400399999999,3536.16102,3660.89759,62.379018299999998,62.357545700000003
276.971924,0.318903877,0.25406623699999997,4791.8503199999996,4732.5077000000001,4851.1929499999997,3817.5998100000002,3526.5899199999999,3526.5899199999999,3466.4743800000001,3586.6856400000001,60.115538100000002,60.095719799999998
277.57104500000003,0.30931933499999997,0.248801889,4647.8329700000004,4590.27387,4705.3920799999996,3738.4976999999999,3466.87808,3466.87808,3408.5975600000002,3525.1400899999999,58.2805167,58.262018900000001
278.17016599999999,0.301717385,0.24441737299999999,4533.6060600000001,4477.46155,4589.7505700000002,3672.6159499999999,3415.4370899999999,3415.4370899999999,3358.60952,3472.2471399999999,56.827567999999999,56.810053699999997
278.769226,0.29597634499999997,0.241121958,4447.3411699999997,4392.2649700000002,4502.4173700000001,3623.0990400000001,3376.8968399999999,3376.8968399999999,3321.1667400000001,3432.6101800000001,55.730103700000001,55.7133368
279.36828600000001,0.29195043900000001,0.23864673,4386.8478999999998,4332.5208599999996,4441.1749499999996,3585.9062600000002,3346.6639500000001,3346.6639500000001,3291.7014800000002,3401.6101199999998,54.962465299999998,54.946172500000003
279.96731599999998,0.28939247200000001,0.23690663100000001,4348.4118799999997,4294.5608300000004,4402.2629299999999,3559.7595299999998,3324.1880500000002,3324.1880500000002,3269.7113199999999,3378.6487200000001,54.4767212,54.460678399999999
280.56631499999997,0.287968261,0.235680431,4327.0116900000003,4273.4256599999999,4380.5977199999998,3541.33464,3306.6518900000001,3306.6518900000001,3252.4425500000002,3360.8452400000001,54.209339300000003,54.193356999999999
281.16531400000002,0.28731844600000001,0.23482308199999999,4317.2475700000005,4263.7824600000004,4370.7126799999996,3528.4521199999999,3292.8379,3292.8379,3238.7469999999998,3346.9127400000002,54.090893700000002,54.074847900000002
281.764252,0.28709950000000001,0.23403158600000001,4313.9576800000004,4260.5333099999998,4367.3820500000002,3516.5590999999999,3278.3751000000002,3278.3751000000002,3224.3181300000001,3332.4158600000001,54.056976599999999,54.040755900000001
282.36318999999997,0.28702797400000002,0.23316124599999999,4312.8829400000004,4259.4718800000001,4366.2939999999999,3503.4813600000002,3261.7120599999998,3261.7120599999998,3207.6588700000002,3315.7487799999999,54.053189500000002,54.036724499999998
282.96206699999999,0.28687354700000001,0.23211282499999999,4310.5625099999997,4257.18019,4363.9448300000004,3487.7277899999999,3241.9459900000002,3241.9459900000002,3187.9108799999999,3295.9643599999999,54.035110099999997,54.018371999999999
283.56094400000001,0.28654832499999999,0.23096921100000001,4305.6757200000002,4252.3539199999996,4358.9975299999996,3470.54385,3221.08887,3221.08887,3167.1045300000001,3275.0562300000001,53.984347700000001,53.967359399999999
284.15978999999999,0.28602802999999999,0.22982540000000001,4297.8577699999996,4244.6327899999997,4351.0827600000002,3453.3569299999999,3201.1034300000001,3201.1034300000001,3147.20847,3254.9812200000001,53.894962499999998,53.8777835
284.75860599999999,0.28526563399999999,0.22866252500000001,4286.402,4233.3188899999996,4339.4851200000003,3435.88357,3181.8326099999999,3181.8326099999999,3128.0747500000002,3235.5731799999999,53.757867400000002,53.740566000000001
285.35739100000001,0.28423482799999999,0.227551594,4270.9131200000002,4218.0218199999999,4323.8044200000004,3419.1907299999998,3164.7801399999998,3164.7801399999998,3111.2131399999998,3218.3298199999999,53.567007099999998,53.549681300000003
285.95617700000003,0.28271822400000002,0.226369019,4248.1246300000003,4195.5155400000003,4300.7337100000004,3401.4213500000001,3148.50999,3148.50999,3095.2291799999998,3201.7735699999998,53.280810799999998,53.263587100000002
286.55490099999997,0.28069537100000003,0.225172075,4217.7292200000002,4165.4965499999998,4269.9618899999996,3383.4360700000002,3134.23162,3134.23162,3081.3370799999998,3187.1091999999999,52.894546400000003,52.877575100000001
287.15362499999998,0.27820535400000002,0.223891857,4180.31423,4128.5449099999996,4232.0835500000003,3364.1995099999999,3120.4249799999998,3120.4249799999998,3068.00821,3172.8251500000001,52.416774699999998,52.400173199999998
287.75228900000002,0.275445895,0.222498107,4138.85059,4087.59476,4190.1064100000003,3343.25702,3105.6121899999998,3105.6121899999998,3053.7251799999999,3157.4830099999999,51.887005600000002,51.870821599999999
288.35095200000001,0.27267751299999998,0.22129606800000001,4097.25288,4046.5122000000001,4147.9935599999999,3325.1951800000002,3094.5805399999999,3094.5805399999999,3043.2273599999999,3145.9180200000001,51.353184599999999,51.337479299999998
288.94958500000001,0.270035574,0.22025528,4057.5551,4007.3060399999999,4107.8041599999997,3309.5563000000002,3086.12808,3086.12808,3035.2856099999999,3136.9553500000002,50.842477500000001,50.8272616
289.54818699999998,0.26728117400000001,0.21896695999999999,4016.1674800000001,3966.4309699999999,4065.9039899999998,3290.1979999999999,3073.34998,3073.34998,3023.0375199999999,3123.6476600000001,50.312453400000003,50.297685600000001
290.14679000000001,0.26435424499999999,0.21733555600000001,3972.1874400000002,3922.9955799999998,4021.3793000000001,3265.68451,3054.6511700000001,3054.6511700000001,3004.8988100000001,3104.3891600000002,49.752357699999997,49.737985899999998
290.74533100000002,0.26125326700000001,0.215271613,3925.59213,3876.9773100000002,3974.2069499999998,3234.6717100000001,3028.29288,3028.29288,2979.1299300000001,3077.4417800000001,49.162955699999998,49.148901000000002
291.343842,0.25804267800000003,0.212856134,3877.3498199999999,3829.3324299999999,3925.3672000000001,3198.3767200000002,2995.56657,2995.56657,2947.01053,3044.1088,48.556041100000002,48.542229300000002
291.94235200000003,0.25497742800000001,0.210145832,3831.2913600000002,3783.8443699999998,3878.7383500000001,3157.6517100000001,2956.4346700000001,2956.4346700000001,2908.45325,3004.40238,47.981418599999998,47.967715300000002
292.54083300000002,0.25221155899999997,0.20727672599999999,3789.7314099999999,3742.7991000000002,3836.66372,3114.5405099999998,2912.8601100000001,2912.8601100000001,2865.3921399999999,2960.3143399999999,47.467967799999997,47.454232900000001
293.139252,0.24980223900000001,0.204588361,3753.5289600000001,3707.0449800000001,3800.0129400000001,3074.1451299999999,2871.2123000000001,2871.2123000000001,2824.1893399999999,2918.2214399999998,47.022960400000002,47.009140299999999
293.73767099999998,0.24734910900000001,0.20191456999999999,3716.6682300000002,3670.6407300000001,3762.6957200000002,3033.9687399999998,2830.0455200000001,2830.0455200000001,2783.4764100000002,2876.6007399999999,46.569104799999998,46.555217300000002
294.33605999999997,0.24428313600000001,0.19897003699999999,3670.5989100000002,3625.14194,3716.0558700000001,2989.7241899999999,2786.3460300000002,2786.3460300000002,2740.3489,2832.3293100000001,45.997131299999999,45.983280899999997
294.93444799999997,0.240430478,0.19572678099999999,3612.7088600000002,3567.9688099999998,3657.4489100000001,2940.9910199999999,2740.3480300000001,2740.3480300000001,2695.0750800000001,2785.6073200000001,45.272952199999999,45.259288099999999
295.53277600000001,0.23567281100000001,0.19217511100000001,3541.2201399999999,3497.3654200000001,3585.0748699999999,2887.6236199999998,2692.3934899999999,2692.3934899999999,2648.0202300000001,2736.7534500000002,44.3732544,44.359958800000001
296.13107300000001,0.22993312599999999,0.188285127,3454.9756200000002,3412.1889500000002,3497.7622900000001,2829.17272,2642.2445699999998,2642.2445699999998,2598.9614299999998,2685.5149900000001,43.283146100000003,43.270415900000003
296.72937000000002,0.22346396299999999,0.18417768700000001,3357.7699699999998,3316.1871000000001,3399.35284,2767.4543100000001,2591.12626,2591.12626,2549.0750699999999,2633.1654400000002,42.051190599999998,42.039182400000001
297.327606,0.21641254300000001,0.17986945900000001,3251.8153299999999,3211.5446099999999,3292.0860499999999,2702.7188700000002,2538.7030399999999,2538.7030399999999,2497.9967000000001,2579.3982099999998,40.706339700000001,40.695169900000003
297.92584199999999,0.209066381,0.17551128299999999,3141.4318699999999,3102.5281500000001,3180.3355900000001,2637.2329,2486.6280099999999,2486.6280099999999,2447.3242799999998,2525.92148,39.303723900000001,39.293467399999997
298.52404799999999,0.20158076799999999,0.17118791799999999,3028.9530300000001,2991.4422599999998,3066.4638100000002,2572.2700199999999,2435.8582099999999,2435.8582099999999,2397.9851199999998,2473.7220000000002,37.873081300000003,37.863791399999997
299.12222300000002,0.19410353,0.16689540999999999,2916.60005,2880.4806600000002,2952.7194399999998,2507.7707799999998,2385.6529500000001,2385.6529500000001,2349.2092200000002,2422.0883600000002,36.443729400000002,36.435412900000003
299.72036700000001,0.186898281,0.16264798899999999,2808.3339599999999,2773.5553500000001,2843.1125699999998,2443.9490300000002,2335.1067699999999,2335.1067699999999,2300.03908,2370.1670600000002,35.067694600000003,35.060282299999997
300.31848100000002,0.18027765500000001,0.158609423,2708.8524200000002,2675.3057899999999,2742.39905,2383.2655300000001,2286.0122999999999,2286.0122999999999,2252.2073700000001,2319.8105999999998,33.804927900000003,33.798304799999997
300.91659499999997,0.17433459600000001,0.15472377800000001,2619.5520000000001,2587.1112800000001,2651.9927200000002,2324.8798200000001,2236.86085,2236.86085,2204.1863499999999,2269.52936,32.674498999999997,32.668504800000001
301.51464800000002,0.16910018700000001,0.151060162,2540.8997599999998,2509.4330799999998,2572.36645,2269.8303000000001,2188.8615,2188.8615,2157.17976,2220.53773,31.681739,31.6762248
302.11270100000002,0.16462078999999999,0.14762463300000001,2473.5923299999999,2442.9591799999998,2504.2254800000001,2218.20804,2141.9244199999998,2141.9244199999998,2111.0886599999999,2172.7549800000002,30.8357551,30.830559999999998
302.71069299999999,0.160801473,0.14421666,2416.20327,2386.2808300000002,2446.1257099999998,2166.9998300000002,2092.5624299999999,2092.5624299999999,2062.44229,2122.6774999999998,30.1201413,30.1150719
303.30868500000003,0.15770852499999999,0.14080071399999999,2369.7286300000001,2340.3817399999998,2399.0755199999999,2115.6718300000002,2039.7847300000001,2039.7847300000001,2010.2362800000001,2069.3280100000002,29.548446299999998,29.5432782
303.90664700000002,0.15506809299999999,0.13716266799999999,2330.0534899999998,2301.1979299999998,2358.90904,2061.0065300000001,1980.64185,1980.64185,1951.57285,2009.7053800000001,29.068998700000002,29.0635257
304.50457799999998,0.15286751000000001,0.13339801600000001,2296.9875299999999,2268.5414599999999,2325.4335900000001,2004.43886,1917.0542,1917.0542,1888.3760500000001,1945.7264,28.678152300000001,28.672201300000001
305.10247800000002,0.15111376000000001,0.12969496,2270.6356700000001,2242.51595,2298.7553800000001,1948.79673,1852.6630299999999,1852.6630299999999,1824.2879800000001,1881.03153,28.3750462,28.3684993
305.70034800000002,0.14945973800000001,0.12615776400000001,2245.7823400000002,2217.9704000000002,2273.5942700000001,1895.6468199999999,1791.06089,1791.06089,1762.97118,1819.14347,28.089709599999999,28.082587100000001
306.29821800000002,0.147553622,0.122676639,2217.14104,2189.6837999999998,2244.59827,1843.33944,1731.68442,1731.68442,1703.9306300000001,1759.4305999999999,27.753789000000001,27.746185100000002
306.896027,0.14517028400000001,0.119295018,2181.32899,2154.3152599999999,2208.3427299999998,1792.52719,1676.39158,1676.39158,1649.0693900000001,1703.70586,27.322190299999999,27.314281300000001
307.49383499999999,0.142113714,0.115882306,2135.4009700000001,2108.9560099999999,2161.84593,1741.2477799999999,1623.5137099999999,1623.5137099999999,1596.75605,1650.2633499999999,26.757659799999999,26.7496419
308.09158300000001,0.13839538000000001,0.112408325,2079.5292599999998,2053.7762200000002,2105.2822999999999,1689.04772,1572.41038,1572.41038,1546.34755,1598.4652699999999,26.062827599999999,26.054884399999999
308.68933099999998,0.13383120900000001,0.108709216,2010.94802,1986.04429,2035.85175,1633.4648999999999,1520.71021,1520.71021,1495.50701,1545.9057299999999,25.203200299999999,25.195521500000002
309.28704800000003,0.12863885899999999,0.104905657,1932.92776,1908.9902400000001,1956.86528,1576.3126099999999,1469.7912100000001,1469.7912100000001,1445.57077,1494.0043900000001,24.220436299999999,24.213182
309.88473499999998,0.123127528,0.101049755,1850.1144899999999,1827.20254,1873.0264500000001,1518.37382,1419.2824599999999,1419.2824599999999,1396.1073200000001,1442.45084,23.175136800000001,23.168388499999999
310.48239100000001,0.117557273,0.097321824400000007,1766.4158299999999,1744.5404100000001,1788.29125,1462.3579400000001,1371.5354500000001,1371.5354500000001,1349.4187999999999,1393.64591,22.1166445,22.110459299999999
311.080017,0.112116495,0.093562443199999998,1684.6626900000001,1663.79971,1705.52568,1405.8694700000001,1322.59357,1322.59357,1301.5093999999999,1343.6720600000001,21.0841642,21.078492900000001
311.67761200000001,0.107024509,0.089950878799999995,1608.1505,1588.23505,1628.0659599999999,1351.6020900000001,1274.97075,1274.97075,1254.85176,1295.0845099999999,20.1189839,20.113765099999998
312.27520800000002,0.10251146899999999,0.0865725465,1540.33755,1521.2619,1559.4132,1300.83926,1229.30081,1229.30081,1210.0351599999999,1248.5616,19.265656799999999,19.260784900000001
312.87274200000002,0.098702568700000007,0.083422761200000001,1483.105,1464.73812,1501.4718800000001,1253.5105799999999,1184.9304299999999,1184.9304299999999,1166.3814,1203.47479,18.549027500000001,18.544357099999999
313.47027600000001,0.095571754699999997,0.080563075900000003,1436.0613900000001,1418.2771,1453.8456699999999,1210.5409500000001,1143.1777,1143.1777,1125.2144900000001,1161.1363100000001,17.9632039,17.958616299999999
314.06774899999999,0.093041729700000006,0.077968948800000007,1398.04522,1380.73173,1415.3587199999999,1171.56159,1103.9106300000001,1103.9106300000001,1086.4174599999999,1121.3992000000001,17.4931731,17.488565900000001
314.66522200000003,0.091097972900000004,0.075536862299999993,1368.83833,1351.88654,1385.7901199999999,1135.0170499999999,1065.1743300000001,1065.1743300000001,1048.0370399999999,1082.3068699999999,17.137294099999998,17.132537599999999
315.26266500000003,0.089673012600000004,0.073322628599999995,1347.42687,1330.7402400000001,1364.1135099999999,1101.7459699999999,1028.36076,1028.36076,1011.4792200000001,1045.23731,16.881541800000001,16.8765441
315.86007699999999,0.088614482699999997,0.071252392100000006,1331.5214000000001,1315.0317399999999,1348.01106,1070.63859,992.71255699999995,992.71255699999995,976.01593000000003,1009.40388,16.696627500000002,16.691320600000001
316.45745799999997,0.087840818099999995,0.069272552799999998,1319.8963100000001,1303.55062,1336.2420099999999,1040.8895199999999,957.54983100000004,957.54983100000004,940.98279100000002,974.11119499999995,16.5670401,16.561364600000001
317.05480999999997,0.087392514000000004,0.067391953099999999,1313.1601000000001,1296.8978300000001,1329.42237,1012.63163,922.863382,922.863382,906.36269000000004,939.35796100000005,16.500692399999998,16.494579000000002
317.65213,0.0871994876,0.065655365500000007,1310.2596799999999,1294.03333,1326.48603,986.53765899999996,889.84146999999996,889.84146999999996,873.35829699999999,906.31805899999995,16.483173799999999,16.476588700000001
318.24945100000002,0.087208280200000002,0.064006089099999997,1310.3918000000001,1294.16381,1326.61979,961.755628,857.61755100000005,857.61755100000005,841.11297500000001,874.11503400000004,16.5045754,16.497483500000001
318.84670999999997,0.087534369200000003,0.062530000200000005,1315.29161,1299.0029500000001,1331.5802799999999,939.57591300000001,827.34914500000002,827.34914500000002,810.76240700000005,843.92824099999996,16.586738400000002,16.579095599999999
319.44396999999998,0.088028511800000001,0.061155444000000003,1322.7166,1306.3359800000001,1339.0972200000001,918.921828,798.30780600000003,798.30780600000003,781.60683900000004,815.00055799999996,16.700966300000001,16.692752299999999
320.04116800000003,0.088601155900000006,0.0598895277,1331.32115,1314.8339699999999,1347.8083300000001,899.90016800000001,771.03416000000004,771.03416000000004,754.20471699999996,787.854827,16.829442799999999,16.8206667
320.63836700000002,0.089274579199999995,0.058707247400000002,1341.44001,1324.82752,1358.0525,882.135221,744.94028300000002,744.94028300000002,727.96340699999996,761.90781700000002,16.976876900000001,16.967533599999999
321.23553500000003,0.090004273400000001,0.057596615699999999,1352.4043999999999,1335.6561200000001,1369.1526699999999,865.446867,719.99201900000003,719.99201900000003,702.85742100000004,737.11671200000001,17.134598700000002,17.124693000000001
321.832672,0.090944181599999993,0.0567548098,1366.52746,1349.60429,1383.45064,852.79789000000005,699.34619999999995,699.34619999999995,682.01546099999996,716.66648899999996,17.330739099999999,17.3202888
322.42974900000002,0.091819284200000004,0.056070324900000003,1379.6767500000001,1362.5907400000001,1396.76277,842.51281900000004,682.06125399999996,682.06125399999996,664.549081,699.562499,17.512172400000001,17.501245300000001
323.02685500000001,0.092706687499999996,0.055464232600000003,1393.01088,1375.75973,1410.2620300000001,833.40567399999998,666.25087299999996,666.25087299999996,648.55576599999995,683.93459600000006,17.695106800000001,17.683723199999999
323.62390099999999,0.093752974500000003,0.055016007700000001,1408.7323899999999,1391.2865400000001,1426.17823,826.67064700000003,652.80804799999999,652.80804799999999,634.90042900000003,670.70382600000005,17.907618800000002,17.895778499999999
324.22091699999999,0.094781787300000003,0.054709901499999998,1424.1913300000001,1406.55404,1441.82862,822.07109400000002,642.21699699999999,642.21699699999999,624.10202000000004,660.31972499999995,18.114976800000001,18.1027284
324.817902,0.095824978399999997,0.054466583499999999,1439.8663200000001,1422.0349200000001,1457.6977300000001,818.41499599999997,632.78667700000005,632.78667700000005,614.46224400000006,651.09846900000002,18.324433200000001,18.311791500000002
325.41488600000002,0.097053946299999999,0.054357382000000003,1458.3327999999999,1440.2727,1476.3929000000001,816.774134,625.13972799999999,625.13972799999999,606.57065299999999,643.69575299999997,18.569075300000002,18.556024699999998
326.01181000000003,0.098338665300000003,0.054343338300000002,1477.63699,1459.3378299999999,1495.93615,816.56311400000004,619.09948899999995,619.09948899999995,600.27586699999995,637.90966400000002,18.823622100000001,18.810174400000001
326.60873400000003,0.099754186199999997,0.054517467999999999,1498.90661,1480.3440399999999,1517.4691800000001,819.17958799999997,616.14424399999996,616.14424399999996,597.042419,635.23224200000004,19.1018249,19.0879978
327.20562699999999,0.101142789,0.054712721999999998,1519.7717600000001,1500.9507900000001,1538.5927200000001,822.11347499999999,613.72203999999999,613.72203999999999,594.34759399999996,633.08229400000005,19.374445999999999,19.3602542
327.80246,0.10265360499999999,0.054987046499999997,1542.4732799999999,1523.3711800000001,1561.57538,826.23547499999995,612.29431299999999,612.29431299999999,592.62399000000005,631.95006699999999,19.6703233,19.655753499999999
328.399292,0.104305579,0.055356544700000003,1567.29585,1547.88634,1586.70535,831.787555,612.09027300000002,612.09027300000002,592.09725700000001,632.06832699999995,19.9930159,19.978054100000001
328.99609400000003,0.106071049,0.055914089899999998,1593.8237999999999,1574.0857599999999,1613.5618300000001,840.16523099999995,615.04643899999996,615.04643899999996,594.71050000000002,635.36704699999996,20.3359393,20.3206083
329.59286500000002,0.107982621,0.056583880199999999,1622.54709,1602.45334,1642.6408300000001,850.22950100000003,619.53723500000001,619.53723500000001,598.830782,640.227979,20.7064536,20.690743000000001
330.18960600000003,0.11012100599999999,0.057386271699999998,1654.6784700000001,1634.1868099999999,1675.17013,862.28623800000003,625.59765000000004,625.59765000000004,604.47735299999999,646.70182799999998,21.120297000000001,21.104178099999999
330.786316,0.112331981,0.058292723400000003,1687.90059,1666.9974999999999,1708.80367,875.90658299999996,633.36292000000003,633.36292000000003,611.81564700000001,654.89367500000003,21.547273100000002,21.5307554
331.38302599999997,0.11460461299999999,0.059287272100000003,1722.04916,1700.72318,1743.3751400000001,890.85067300000003,642.570606,642.570606,620.58519899999999,664.53910499999995,21.985407200000001,21.9684989
331.97967499999999,0.11707124200000001,0.0603810444,1759.1127200000001,1737.3277399999999,1780.8977,907.28569900000002,652.84386099999995,652.84386099999995,630.38309000000004,675.28730299999995,22.4607706,22.443442600000001
332.57629400000002,0.119823297,0.061668340100000003,1800.4650999999999,1778.1680100000001,1822.7621899999999,926.62860699999999,665.61251100000004,665.61251100000004,642.62216799999999,688.58507699999996,22.990342500000001,22.9725669
333.17291299999999,0.12282282899999999,0.063090751299999998,1845.5360800000001,1822.68083,1868.3913399999999,948.00176099999999,679.90709300000003,679.90709300000003,656.339788,703.456141,23.567305300000001,23.549047600000002
333.76947000000001,0.12607642399999999,0.064657914699999999,1894.42461,1870.9639199999999,1917.8852999999999,971.54996000000006,695.88610500000004,695.88610500000004,671.69325700000002,720.06017899999995,24.1928479,24.174074699999998
334.36602799999997,0.129661948,0.066477783600000007,1948.30071,1924.17281,1972.4286,998.89531399999998,715.306691,715.306691,690.42558899999995,740.16847900000005,24.881101399999999,24.861788499999999
334.96255500000001,0.133483666,0.068461862400000004,2005.72585,1980.88679,2030.5649000000001,1028.7080900000001,736.87161300000002,736.87161300000002,711.25744899999995,762.46590300000003,25.614164599999999,25.594290000000001
335.55905200000001,0.13755900200000001,0.070541354599999995,2066.9618500000001,2041.3644400000001,2092.55926,1059.95454,759.16015000000004,759.16015000000004,732.76384199999995,785.53597300000001,26.396307700000001,26.375823100000002
336.15551799999997,0.14190376199999999,0.072654467299999997,2132.24622,2105.84033,2158.65211,1091.7061799999999,780.89551500000005,780.89551500000005,753.66411800000003,808.10574499999996,27.231397000000001,27.210230299999999
336.75195300000001,0.14649636199999999,0.074966063400000005,2201.2546299999999,2173.9941399999998,2228.5151300000002,1126.44022,805.39176399999997,805.39176399999997,777.27856999999995,833.48309400000005,28.113193599999999,28.091329600000002
337.34835800000002,0.151271297,0.077448129599999999,2273.0028200000002,2244.8537900000001,2301.1518500000002,1163.73576,832.39624300000003,832.39624300000003,803.36718199999996,861.402739,29.0290611,29.006496299999998
337.94473299999999,0.156240353,0.079898338499999999,2347.6678700000002,2318.5941800000001,2376.7415599999999,1200.5526,857.90778,857.90778,827.924035,887.86819000000003,29.9837451,29.960410299999999
338.54107699999997,0.16143489699999999,0.082413685700000003,2425.7211000000002,2395.6808000000001,2455.7614100000001,1238.3482100000001,883.67838800000004,883.67838800000004,852.69608800000003,914.63653499999998,30.9823001,30.9581464
339.13738999999998,0.16688477299999999,0.0852144024,2507.61094,2476.5565099999999,2538.6653799999999,1280.4317900000001,913.87177899999995,913.87177899999995,881.84376899999995,945.87482499999999,32.028009900000001,32.003046500000004
339.73370399999999,0.172520707,0.088109695099999996,2592.2964999999999,2560.1933100000001,2624.3996900000002,1323.9364599999999,945.07567200000005,945.07567200000005,911.96623999999997,978.15930400000002,33.109432499999997,33.0836313
340.32995599999998,0.17841421499999999,0.091076552399999997,2680.8523700000001,2647.6525000000001,2714.05224,1368.51647,976.52002600000003,976.52002600000003,942.27902300000005,1010.73433,34.241002799999997,34.214307099999999
340.92617799999999,0.184555947,0.094060626699999997,2773.1380399999998,2738.7953000000002,2807.4807799999999,1413.35517,1007.1862599999999,1007.1862599999999,971.76474700000006,1042.5801200000001,35.4215169,35.393856
341.5224,0.19090832399999999,0.097253358299999995,2868.58887,2833.0640600000002,2904.1136799999999,1461.32916,1040.9788599999999,1040.9788599999999,1004.33761,1077.59149,36.641252299999998,36.612625700000002
342.11859099999998,0.19749263,0.100574976,2967.5246699999998,2930.7746299999999,3004.2747199999999,1511.2397900000001,1076.2456099999999,1076.2456099999999,1038.34023,1114.1213600000001,37.905374299999998,37.875750400000001
342.71472199999999,0.204337614,0.10393403499999999,3070.3774100000001,3032.3536300000001,3108.40119,1561.7130199999999,1111.0730100000001,1111.0730100000001,1071.8523399999999,1150.26298,39.220664999999997,39.189975599999997
343.31085200000001,0.21148592699999999,0.107433902,3177.7879899999998,3138.4340299999999,3217.14194,1614.30204,1147.28676,1147.28676,1106.6924200000001,1187.8492900000001,40.594337600000003,40.562533000000002
343.90695199999999,0.218959452,0.111207139,3290.08518,3249.3405200000002,3330.8298300000001,1670.9987000000001,1187.37547,1187.37547,1145.3463200000001,1229.37168,42.029144500000001,41.996208799999998
344.50302099999999,0.22674181800000001,0.115135133,3407.0230299999998,3364.8302100000001,3449.2158599999998,1730.0207399999999,1229.09798,1229.09798,1185.5747200000001,1272.5871199999999,43.523258499999997,43.489144699999997
345.09906000000001,0.23476696899999999,0.11914836500000001,3527.6089700000002,3483.9227999999998,3571.2951400000002,1790.32358,1271.39418,1271.39418,1226.3297500000001,1316.42327,45.064428599999999,45.029088600000001
345.69506799999999,0.24300819100000001,0.123164815,3651.4415899999999,3606.2218699999999,3696.66131,1850.6747600000001,1312.7833700000001,1312.7833700000001,1266.1350299999999,1359.39509,46.648343300000001,46.611711900000003
346.29104599999999,0.25140955100000001,0.127237039,3777.6804299999999,3730.8973599999999,3824.4634999999998,1911.86401,1354.54223,1354.54223,1306.2789299999999,1402.76757,48.263300899999997,48.225346299999998
346.88699300000002,0.25999397000000002,0.13136388800000001,3906.66993,3858.28944,3955.0504099999998,1973.8740499999999,1396.5454099999999,1396.5454099999999,1346.63156,1446.41995,49.913853899999999,49.874536800000001
347.48291,0.26876828200000003,0.13556047500000001,4038.5127600000001,3988.49953,4088.5259999999998,2036.9319800000001,1439.0572,1439.0572,1387.4560300000001,1490.6176599999999,51.601175099999999,51.560458799999999
348.07882699999999,0.27778560600000002,0.13986321700000001,4174.0070999999998,4122.3158899999999,4225.6983099999998,2101.5849899999998,1482.54982,1482.54982,1429.2144699999999,1535.84301,53.3353483,53.293190799999998
348.67468300000002,0.287056282,0.14426275599999999,4313.3082899999999,4259.8919699999997,4366.72462,2167.69247,1526.7942399999999,1526.7942399999999,1471.6757,1581.8691200000001,55.118532100000003,55.074885799999997
349.27050800000001,0.29657042500000003,0.14875954499999999,4456.26782,4401.0810799999999,4511.4545699999999,2235.2612399999998,1571.8436899999999,1571.8436899999999,1514.89492,1628.7472700000001,56.948763999999997,56.903584100000003
349.866333,0.30634796800000003,0.15335600599999999,4603.1851999999999,4546.1790199999996,4660.1913800000002,2304.3276599999999,1617.6559299999999,1617.6559299999999,1558.8259700000001,1676.43913,58.829962000000002,58.783198400000003
350.46209700000003,0.31620748799999998,0.15802117900000001,4751.3343699999996,4692.4934899999998,4810.1752399999996,2374.4265599999999,1664.44111,1664.44111,1603.7145399999999,1725.11933,60.726572599999997,60.678221299999997
351.057861,0.32597907500000001,0.16260812599999999,4898.1622500000003,4837.5030500000003,4958.8214500000004,2443.3500399999998,1710.0944500000001,1710.0944500000001,1647.48774,1772.65121,62.606704700000002,62.556768699999999
351.653595,0.33603575000000002,0.167383581,5049.27387,4986.7433000000001,5111.8044499999996,2515.1060299999999,1758.1468,1758.1468,1693.6057699999999,1822.6362899999999,64.541038299999997,64.4894879
352.24926799999997,0.34629082700000002,0.17224793899999999,5203.3666800000001,5138.9278100000001,5267.80555,2588.1979000000001,1807.04358,1807.04358,1740.52999,1873.50398,66.513596199999995,66.4603982
352.84494000000001,0.35663033500000002,0.177278558,5358.7281499999999,5292.3652700000002,5425.0910299999996,2663.7879899999998,1858.8058599999999,1858.8058599999999,1790.3049699999999,1927.2519299999999,68.500889999999998,68.446069300000005
353.44058200000001,0.36716728999999998,0.182375015,5517.0564599999998,5448.7328299999999,5585.3800899999997,2740.36735,1910.9666999999999,1910.9666999999999,1840.44021,1981.4367099999999,70.526494299999996,70.470010599999995
354.03619400000002,0.378035183,0.187557692,5680.3574399999998,5610.0114800000001,5750.7034000000003,2818.2422700000002,1963.32476,1963.32476,1890.7081599999999,2035.8831299999999,72.616597600000006,72.558376100000004
354.631775,0.389238851,0.19303658900000001,5848.7037799999998,5776.2730099999999,5921.1345600000004,2900.5681800000002,2019.95625,2019.95625,1945.1866,2094.6659300000001,74.769654599999996,74.709683299999995
355.22732500000001,0.40028786399999999,0.19842510299999999,6014.7262700000001,5940.2394599999998,6089.2130800000004,2981.53602,2075.5181499999999,2075.5181499999999,1998.6249800000001,2152.3496100000002,76.893166699999995,76.831465199999997
355.82284499999997,0.41108143899999999,0.20364031499999999,6176.9105600000003,6100.41525,6253.4058699999996,3059.8997899999999,2128.8446300000001,2128.8446300000001,2049.87646,2207.7493899999999,78.968167100000002,78.904760600000003
356.41833500000001,0.42167959399999999,0.20880754300000001,6336.1584499999999,6257.6910099999996,6414.6259,3137.5425799999998,2182.11186,2182.11186,2101.1068100000002,2263.0518400000001,81.0050454,80.939978800000006
357.01379400000002,0.431738703,0.21372091400000001,6487.3066500000004,6406.96738,6567.6459299999997,3211.3708999999999,2232.8446300000001,2232.8446300000001,2149.9064100000001,2315.71621,82.9382169,82.871577500000001
357.60922199999999,0.44223067999999999,0.21886836600000001,6644.9591099999998,6562.6674499999999,6727.2507699999996,3288.7165199999999,2286.2025100000001,2286.2025100000001,2201.2482,2371.0885400000002,84.954307200000002,84.886034100000003
358.20465100000001,0.45309714600000001,0.224184726,6808.23866,6723.9249300000001,6892.5523800000001,3368.60016,2341.1756700000001,2341.1756700000001,2254.1331300000002,2428.1482299999998,87.042534500000002,86.972565000000003
358.80001800000002,0.46455824499999998,0.22968281099999999,6980.4531500000003,6894.0067099999997,7066.89959,3451.2143999999998,2397.0261999999998,2397.0261999999998,2307.7798600000001,2486.2007400000002,89.246335000000002,89.174542900000006
359.39538599999997,0.47647174799999997,0.23544248200000001,7159.4654799999998,7070.80213,7248.1288199999999,3537.7592199999999,2455.9508599999999,2455.9508599999999,2364.4142700000002,2547.4137799999999,91.5365951,91.462921899999998
359.99069200000002,0.488509737,0.24113052200000001,7340.3483299999998,7249.4449199999999,7431.2517399999997,3623.2277199999999,2512.9189700000002,2512.9189700000002,2419.0666099999999,2606.69571,93.852357799999993,93.776743699999997
360.58596799999998,0.50070066000000002,0.24680051,7523.5291500000003,7430.3572199999999,7616.7010799999998,3708.4249799999998,2568.8484100000001,2568.8484100000001,2472.6497899999999,2664.9694100000002,96.198616900000005,96.121009700000002
361.18124399999999,0.51277494599999995,0.25238618299999999,7704.9574000000002,7609.5386399999998,7800.3761500000001,3792.3553099999999,2623.6559900000002,2623.6559900000002,2525.1332000000002,2722.0991899999999,98.522786800000006,98.443196200000003
361.77648900000003,0.52456688600000001,0.25779896600000002,7882.14311,7784.5300800000005,7979.7561500000002,3873.6877899999999,2676.3569900000002,2676.3569900000002,2575.56387,2777.0685600000002,100.79311199999999,100.711572
362.37167399999998,0.53669548600000005,0.26342679299999999,8064.3874900000001,7964.5175200000003,8164.2574500000001,3958.2515400000002,2731.7433999999998,2731.7433999999998,2628.6158599999999,2834.7874000000002,103.127534,103.044006
362.966858,0.54854590400000003,0.269129811,8242.4519,8140.3767699999999,8344.5270199999995,4043.9450900000002,2789.84566,2789.84566,2684.43968,2895.1662299999998,105.405978,105.320572
363.56201199999998,0.56018828799999998,0.27471594599999999,8417.3903699999992,8313.1488000000008,8521.6319500000009,4127.8823700000003,2846.6007599999998,2846.6007599999998,2738.95613,2954.1581200000001,107.64462399999999,107.557366
364.15713499999998,0.571712785,0.28021590099999999,8590.5574899999992,8484.1713999999993,8696.9435799999992,4210.5247099999997,2902.2032199999999,2902.2032199999999,2792.3422700000001,3011.9750800000002,109.860955,109.771856
364.75219700000002,0.58335499899999999,0.28572496200000003,8765.4934300000004,8656.9409199999991,8874.04594,4293.3038699999997,2957.4550399999998,2957.4550399999998,2845.35455,3069.4645500000001,112.100487,112.009513
365.34726000000001,0.59517857399999996,0.29118465199999999,8943.1545000000006,8832.4018199999991,9053.9071700000004,4375.3411800000003,3010.9294100000002,3010.9294100000002,2896.5529000000001,3125.2130099999999,114.37651700000001,114.283598
365.94229100000001,0.60742713699999995,0.296763634,9127.2014299999992,9014.1695,9240.2333600000002,4459.1709899999996,3064.8242300000002,3064.8242300000002,2948.08896,3181.4645500000001,116.735274,116.640316
366.53729199999998,0.620149803,0.30249234899999999,9318.3722300000009,9202.9728200000009,9433.7716299999993,4545.2506700000004,3119.5130600000002,3119.5130600000002,3000.3269399999999,3238.6020899999999,119.18612,119.08902500000001
367.13226300000002,0.63296299899999997,0.308306048,9510.9033400000008,9393.1196199999995,9628.6870600000002,4632.6073100000003,3175.4539500000001,3175.4539500000001,3053.8000699999998,3297.0086000000001,121.653879,121.554644
367.72720299999997,0.64561763000000005,0.31407493199999997,9701.0518499999998,9580.9133199999997,9821.1903899999998,4719.2905799999999,3231.2320100000002,3231.2320100000002,3107.1412399999999,3355.22145,124.09077499999999,123.989436
368.322113,0.65805435300000004,0.31965687500000001,9887.9260799999993,9765.4732800000002,10010.3789,4803.1648599999999,3284.3400799999999,3284.3400799999999,3157.8533299999999,3410.7233999999999,126.48675299999999,126.383319
368.91702299999997,0.66988510800000001,0.325073,10065.695,9941.0407300000006,10190.3493,4884.5475800000004,3336.9321,3336.9321,3208.1673799999999,3465.5914299999999,128.764724,128.65932900000001
369.51187099999999,0.681457918,0.33039780400000002,10239.588100000001,10112.7803,10366.3959,4964.5580900000004,3388.8997800000002,3388.8997800000002,3257.9070700000002,3519.7851799999999,130.99270999999999,130.88540399999999
370.10668900000002,0.69247801200000003,0.33560978200000002,10405.175999999999,10276.3176,10534.0345,5042.8732799999998,3441.1464799999999,3441.1464799999999,3308.03388,3574.1500000000001,133.11259999999999,133.00352000000001
370.70147700000001,0.70347363100000004,0.340856938,10570.396199999999,10439.4917,10701.300800000001,5121.7170599999999,3494.1895100000002,3494.1895100000002,3358.9622899999999,3629.3058999999998,135.227225,135.116388
371.29626500000001,0.71457238199999995,0.346234339,10737.1661,10604.1962,10870.135899999999,5202.5178999999998,3549.3112900000001,3549.3112900000001,3411.9505800000002,3686.5594299999998,137.36071799999999,137.248132
371.89099099999999,0.72601416600000002,0.35158078599999998,10909.090399999999,10773.991400000001,11044.1893,5282.8536199999999,3602.2893899999999,3602.2893899999999,3462.7268899999999,3741.7374500000001,139.56250199999999,139.44805199999999
372.48568699999998,0.73679278100000001,0.35693331,11071.0499,10933.9452,11208.1546,5363.2806600000004,3658.3625900000002,3658.3625900000002,3516.7296900000001,3799.8793900000001,141.632903,141.516795
373.08038299999998,0.74783048500000004,0.36233083199999999,11236.902400000001,11097.7438,11376.061,5444.3838299999998,3714.1509999999998,3714.1509999999998,3570.3969299999999,3857.7872400000001,143.75406899999999,143.63623699999999
373.67501800000002,0.75809232400000004,0.36720784899999998,11391.096799999999,11250.028700000001,11532.165000000001,5517.6659,3763.2644500000001,3763.2644500000001,3617.5366399999998,3908.8727899999999,145.72781499999999,145.60833700000001
374.26965300000001,0.76735070599999999,0.37162388099999999,11530.213299999999,11387.4223,11673.004300000001,5584.0212099999999,3807.88591,3807.88591,3660.37754,3955.2733199999998,147.50836799999999,147.38740999999999
374.86422700000003,0.77669471099999998,0.37596120100000002,11670.6163,11526.086600000001,11815.1461,5649.1937799999996,3850.5870500000001,3850.5870500000001,3701.28024,3999.7713699999999,149.30681300000001,149.184324
375.45880099999999,0.78589050599999999,0.38028304600000001,11808.7924,11662.5514,11955.033299999999,5714.1338400000004,3893.6514099999999,3893.6514099999999,3742.5753199999999,4044.6035299999999,151.07609600000001,150.95211800000001
376.053314,0.79479110900000005,0.38461870100000001,11942.5329,11794.635700000001,12090.4301,5779.2813999999998,3938.3101799999999,3938.3101799999999,3785.52342,4090.9715799999999,152.786765,152.66139200000001
376.64782700000001,0.80372380099999996,0.38906022499999998,12076.755499999999,11927.196099999999,12226.314899999999,5846.0197399999997,3984.8908799999999,3984.8908799999999,3830.3883500000002,4139.2666600000002,154.50252699999999,154.37577999999999
377.24230999999997,0.81195877599999999,0.39359973300000001,12200.494199999999,12049.402400000001,12351.5861,5914.2304000000004,4036.51523,4036.51523,3880.4362599999999,4192.4663200000005,156.078969,155.95109299999999
377.83676100000002,0.82091445500000004,0.39821030000000002,12335.0623,12182.304,12487.820599999999,5983.5087999999996,4086.2915200000002,4086.2915200000002,3928.4942599999999,4243.9595799999997,157.79726700000001,157.66806299999999
378.431152,0.82948178100000003,0.40238320900000002,12463.795,12309.4424,12618.147499999999,6046.2109300000002,4129.2702499999996,4129.2702499999996,3969.82636,4288.5835900000002,159.44388599999999,159.31333900000001
379.02554300000003,0.83753337400000005,0.406329895,12584.778200000001,12428.9274,12740.629000000001,6105.5138500000003,4170.1491699999997,4170.1491699999997,4009.1580899999999,4331.0084500000003,160.991085,160.859283
379.61990400000002,0.846170227,0.41038511599999999,12714.5556,12557.097599999999,12872.0136,6166.4476100000002,4210.5192500000003,4210.5192500000003,4047.8663700000002,4373.03892,162.652874,162.51967200000001
380.21423299999998,0.85417657599999997,0.41445622599999998,12834.859,12675.9112,12993.8068,6227.6201099999998,4254.0292799999997,4254.0292799999997,4089.8396499999999,4418.0844999999999,164.18963099999999,164.055226
380.80853300000001,0.86150013400000003,0.41827713,12944.9028,12784.592199999999,13105.213400000001,6285.0330199999999,4295.7212600000003,4295.7212600000003,4130.12709,4461.1799600000004,165.594176,165.45870099999999
381.40280200000001,0.86832712899999998,0.421919777,13047.485199999999,12885.904200000001,13209.0663,6339.7674500000003,4336.1634299999996,4336.1634299999996,4169.26091,4502.9295099999999,166.902525,166.766075
381.99704000000003,0.87488606599999996,0.425499658,13146.0399,12983.238300000001,13308.841399999999,6393.5587400000004,4376.5838700000004,4376.5838700000004,4208.4253200000003,4544.6050500000001,168.158545,168.021185
382.59121699999997,0.88157881100000002,0.42911540399999998,13246.605,13082.5581,13410.652,6447.8889499999996,4417.1036199999999,4417.1036199999999,4247.6629899999998,4586.4059500000003,169.440631,169.30233100000001
383.18539399999997,0.88840733299999997,0.43269903900000001,13349.2104,13183.8928,13514.528,6501.7366599999996,4456.38735,4456.38735,4285.6373700000004,4626.9980500000001,170.74998500000001,170.610693
383.77954099999999,0.89560778200000002,0.43623980099999998,13457.404399999999,13290.7469,13624.061900000001,6554.9401500000004,4493.1651099999999,4493.1651099999999,4321.0316199999997,4665.1581999999999,172.13349400000001,171.99308300000001
384.37368800000002,0.90255302599999998,0.43970732499999998,13561.7636,13393.8138,13729.7135,6607.0431799999997,4529.6591500000004,4529.6591500000004,4356.1917999999996,4702.9850200000001,173.467343,173.32587000000001
384.96777300000002,0.90905588900000001,0.443079116,13659.475700000001,13490.315699999999,13828.6356,6657.7077200000003,4566.2705400000004,4566.2705400000004,4391.5558000000001,4740.84285,174.714741,174.57230999999999
385.56182899999999,0.91526458200000005,0.44622957000000002,13752.7675,13582.4522,13923.0828,6705.0464499999998,4599.8830099999996,4599.8830099999996,4423.9764800000003,4775.6461799999997,175.90653,175.76316499999999
386.15585299999998,0.92096091000000002,0.44916491600000003,13838.360500000001,13666.9853,14009.7358,6749.1529499999997,4631.5974399999996,4631.5974399999996,4454.598,4808.4526599999999,176.99943400000001,176.85522499999999
386.74984699999999,0.92685113500000005,0.45229142700000002,13926.867099999999,13754.395699999999,14099.338400000001,6796.1319100000001,4666.1720599999999,4666.1720599999999,4488.0436099999997,4844.1554599999999,178.12845100000001,177.983397
387.34381100000002,0.93277082,0.45560210000000001,14015.8163,13842.243399999999,14189.3892,6845.8780999999999,4704.2082600000003,4704.2082600000003,4524.94715,4883.3235100000002,179.26110600000001,179.11525399999999
387.93774400000001,0.93876444400000003,0.458864088,14105.8765,13931.1883,14280.564700000001,6894.89275,4740.9625400000004,4740.9625400000004,4560.5535499999996,4921.2248300000001,180.40898100000001,180.262294
388.531677,0.94459784099999999,0.46192809600000001,14193.5291,14017.7554,14369.302799999999,6940.93253,4774.57251,4774.57251,4593.0450199999996,4955.9524700000002,181.527491,181.37995799999999
389.12554899999998,0.95066129700000002,0.46509664899999997,14284.6386,14107.7366,14461.5406,6988.5432199999996,4809.1900500000002,4809.1900500000002,4626.4997400000002,4991.7319399999997,182.69030699999999,182.541889
389.71939099999997,0.95700879400000005,0.46843050899999999,14380.016100000001,14201.933000000001,14558.0993,7038.6378000000004,4845.7585600000002,4845.7585600000002,4661.8511699999999,5029.5166200000003,183.90739400000001,183.75805500000001
390.31320199999999,0.96263721499999999,0.47161406500000003,14464.5888,14285.4583,14643.719300000001,7086.4739300000001,4882.6214300000001,4882.6214300000001,4697.6375399999997,5067.4552400000002,184.983892,184.83380600000001
390.90701300000001,0.96762243400000003,0.47448177600000002,14539.4967,14359.4385,14719.554899999999,7129.5641500000002,4916.2076699999998,4916.2076699999998,4730.2708700000003,5101.9937399999999,185.93680000000001,185.78606600000001
391.50076300000001,0.97290800799999999,0.47732261300000001,14618.9177,14437.876,14799.959500000001,7172.2505700000002,4947.9214199999997,4947.9214199999997,4760.97192,5134.7194399999998,186.949499,186.79801800000001
392.09448200000003,0.97723240200000006,0.48016810599999998,14683.8961,14502.0497,14865.7425,7215.0069599999997,4984.04007,4984.04007,4796.2682400000003,5171.65996,187.77182500000001,187.61989199999999
392.68820199999999,0.98098272600000003,0.482627737,14740.2485,14557.7042,14922.792799999999,7251.9653799999996,5015.2054900000003,5015.2054900000003,4826.7204099999999,5203.5382399999999,188.485083,188.33275599999999
393.28185999999999,0.98316125700000001,0.48485088900000001,14772.983099999999,14590.0334,14955.9328,7285.3704699999998,5048.8108499999998,5048.8108499999998,4859.9209099999998,5237.5484800000004,188.889939,188.73762500000001
393.87548800000002,0.98634216500000005,0.487432847,14820.779399999999,14637.237800000001,15004.321,7324.1669700000002,5084.9190900000003,5084.9190900000003,4895.4300999999996,5274.2555899999998,189.488992,189.33649600000001
394.46911599999999,0.98985857899999996,0.49023642200000001,14873.617099999999,14689.4211,15057.813,7366.2934999999998,5123.8462,5123.8462,4933.6943700000002,5313.8453200000004,190.15183500000001,189.99912
395.06268299999999,0.99214529500000004,0.49257967400000002,14907.9773,14723.355799999999,15092.5987,7401.5032099999999,5159.3096599999999,5159.3096599999999,4968.7329799999998,5349.7336400000004,190.57668100000001,190.42398299999999
395.65625,0.99399412200000004,0.494762537,14935.7577,14750.7922,15120.7233,7434.3029200000001,5193.60862,5193.60862,5002.6918800000003,5384.3727600000002,190.91673399999999,190.764139
396.24975599999999,0.99641758999999996,0.49711595400000003,14972.1728,14786.756299999999,15157.5893,7469.66536,5228.6566400000002,5228.6566400000002,5037.2881100000004,5419.8725599999998,191.36853600000001,191.21591900000001
396.84326199999998,0.99777554400000001,0.49938044100000001,14992.5774,14806.9082,15178.2466,7503.6915399999998,5266.7516100000003,5266.7516100000003,5075.1411900000003,5458.2096899999997,191.610421,191.45808099999999
397.43670700000001,0.99874924700000001,0.50139094200000001,15007.2083,14821.357900000001,15193.0586,7533.9013400000003,5301.6148599999997,5301.6148599999997,5109.8356100000001,5493.2420899999997,191.77925200000001,191.627229
398.03015099999999,0.99883223300000001,0.50347023000000002,15008.4552,14822.589400000001,15194.321,7565.1447200000002,5341.8182100000004,5341.8182100000004,5150.0473099999999,5533.4376899999997,191.77089599999999,191.619484
398.623535,0.99930972100000004,0.50550465099999997,15015.6299,14829.675300000001,15201.5846,7595.7139399999996,5379.3753999999999,5379.3753999999999,5187.5342099999998,5571.0656499999996,191.84118900000001,191.69025199999999
399.21691900000002,1,0.50749107800000004,15026.0021,14839.919,15212.0852,7625.5619900000002,5415.0409200000004,5415.0409200000004,5223.08673,5606.8445700000002,191.95418699999999,191.80364700000001
399.81024200000002,0.99942913499999997,0.508961569,15017.424300000001,14831.447399999999,15203.401099999999,7647.6575899999998,5446.29871,5446.29871,5254.4750800000002,5637.9724200000001,191.823624,191.673708
400.40356400000002,0.99851626900000001,0.51030402799999997,15003.7075,14817.9005,15189.514499999999,7667.8293800000001,5476.5930600000002,5476.5930600000002,5284.9661900000001,5668.0707000000002,191.62687,191.477643
400.996826,0.99800217800000002,0.51177820699999998,14995.9828,14810.2714,15181.694100000001,7689.9804000000004,5507.6679999999997,5507.6679999999997,5316.1605,5699.0268900000001,191.50750500000001,191.35888499999999
401.59008799999998,0.99648326799999998,0.51303942999999996,14973.1597,14787.731,15158.588400000001,7708.9315500000002,5539.0971799999998,5539.0971799999998,5347.9054599999999,5730.14113,191.19172,191.04395
402.183289,0.99494069200000002,0.51433300699999995,14949.9809,14764.8393,15135.122600000001,7728.3688400000001,5571.2639300000001,5571.2639300000001,5380.3930700000001,5761.9879000000001,190.87086400000001,190.723961
402.77648900000003,0.99404735399999999,0.51575800800000005,14936.5576,14751.582200000001,15121.532999999999,7749.7808999999997,5603.0813600000001,5603.0813600000001,5412.4043700000002,5793.6121599999997,190.67699200000001,190.530798
403.36965900000001,0.99321928599999998,0.51709963699999995,14924.115100000001,14739.2937,15108.936400000001,7769.9402200000004,5632.9789099999998,5632.9789099999998,5442.4818699999996,5823.3304099999996,190.497038,190.351507
403.96276899999998,0.99238345699999997,0.51849627600000003,14911.555899999999,14726.890100000001,15096.2217,7790.9261100000003,5663.9847499999996,5663.9847499999996,5473.66986,5854.1548000000003,190.31489199999999,190.17004299999999
404.55587800000001,0.99053022300000004,0.51975276800000003,14883.709199999999,14699.388300000001,15068.0301,7809.8061699999998,5696.82215,5696.82215,5506.8891899999999,5886.6112199999998,189.93296599999999,189.78906799999999
405.14892600000002,0.98842069899999996,0.52084233199999996,14852.011500000001,14668.0831,15035.939899999999,7826.17796,5727.5523700000003,5727.5523700000003,5538.0500899999997,5916.9117399999996,189.502284,189.359363
405.74197400000003,0.98594505499999996,0.52178168400000002,14814.812400000001,14631.3447,14998.280199999999,7840.2926699999998,5756.9945600000001,5756.9945600000001,5567.9936600000001,5945.85358,189.000899,188.85902200000001
406.334991,0.98286637200000004,0.52259683599999995,14768.552100000001,14585.657300000001,14951.447,7852.54115,5786.7196800000002,5786.7196800000002,5598.3380900000002,5974.9605899999997,188.38158999999999,188.240904
406.92794800000001,0.98001881400000002,0.52334406499999997,14725.7647,14543.399799999999,14908.1297,7863.76901,5814.0819700000002,5814.0819700000002,5626.2731199999998,6001.7512399999996,187.80885499999999,187.66926799999999
407.52090500000003,0.97804206100000002,0.52389317999999996,14696.062,14514.064899999999,14878.0591,7872.0200100000002,5833.6697999999997,5833.6697999999997,5646.2588900000001,6020.9418900000001,187.41090500000001,187.27208899999999
408.11380000000003,0.97653738199999995,0.52454956100000005,14673.4527,14491.7356,14855.1698,7881.8827899999997,5853.2320200000004,5853.2320200000004,5666.1268799999998,6040.19902,187.10514800000001,186.966993
408.70669600000002,0.97453723599999997,0.525245081,14643.398499999999,14462.053599999999,14824.743399999999,7892.3336799999997,5875.7818399999996,5875.7818399999996,5689.0810199999996,6062.3453300000001,186.70081999999999,186.563489
409.29956099999998,0.97239510600000001,0.52602031500000002,14611.2109,14430.2646,14792.1572,7903.9823500000002,5900.5244700000003,5900.5244700000003,5714.2570400000004,6086.6554599999999,186.26742899999999,186.13099
409.89236499999998,0.97043652999999996,0.526904975,14581.781300000001,14401.199500000001,14762.3632,7917.2752499999997,5926.5786399999997,5926.5786399999997,5740.7095600000002,6112.3121499999997,185.869077,185.733507
410.48516799999999,0.96784357700000001,0.527524365,14542.819600000001,14362.720300000001,14722.918900000001,7926.5822099999996,5950.3035099999997,5950.3035099999997,5764.9552299999996,6135.5172000000002,185.34827899999999,185.21369100000001
411.07794200000001,0.96497394700000005,0.52795769299999995,14499.700500000001,14320.135200000001,14679.2659,7933.09339,5971.6393099999996,5971.6393099999996,5786.8644000000004,6156.2806499999997,184.77491599999999,184.64133699999999
411.67065400000001,0.96235521199999996,0.52828448400000005,14460.3514,14281.2734,14639.4295,7938.0037499999999,5989.7700400000003,5989.7700400000003,5805.5175399999998,6173.8898600000002,184.2525,184.119822
412.26336700000002,0.960060625,0.52842082499999998,14425.8729,14247.2219,14604.523999999999,7940.0524100000002,6002.7293900000004,6002.7293900000004,5818.9328500000001,6186.3939899999996,183.796538,183.664603
412.85601800000001,0.95790231100000001,0.52871080400000003,14393.4421,14215.1927,14571.6916,7944.4096300000001,6018.0752599999996,6018.0752599999996,5834.7095300000001,6201.3098,183.36572699999999,183.23454000000001
413.448669,0.95490598000000004,0.52891444700000001,14348.4192,14170.7274,14526.1111,7947.4695700000002,6035.4975899999999,6035.4975899999999,5852.7275799999998,6218.1373999999996,182.770014,182.639805
414.04129,0.952130649,0.52924046800000002,14306.7171,14129.5417,14483.8925,7952.3683700000001,6054.3161499999997,6054.3161499999997,5872.0995499999999,6236.4034899999997,182.216601,182.08734100000001
414.63385,0.94890761400000001,0.52963574800000002,14258.2878,14081.712100000001,14434.8634,7958.3078500000001,6076.4956700000002,6076.4956700000002,5894.9219499999999,6257.9412300000004,181.57371599999999,181.445561
415.22640999999999,0.94609809,0.52998309799999999,14216.071900000001,14040.019,14392.1247,7963.5271300000004,6095.8838900000001,6095.8838900000001,5914.8706099999999,6276.76998,181.01327900000001,180.886089
415.81890900000002,0.94179228800000003,0.52979190899999995,14151.3729,13976.1212,14326.6245,7960.6543300000003,6111.47865,6111.47865,5931.3156600000002,6291.5157099999997,180.162992,180.03706
416.411407,0.93824171300000003,0.52973786300000003,14098.0219,13923.431,14272.6129,7959.8422300000002,6126.3599800000002,6126.3599800000002,5946.8993700000001,6305.6957199999997,179.46060900000001,179.335746
417.00387599999999,0.93393609600000005,0.52930567500000003,14033.325699999999,13859.536,14207.115400000001,7953.34818,6137.2509899999995,6137.2509899999995,5958.6377599999996,6315.7405399999998,178.61323200000001,178.489553
417.59628300000003,0.92930697500000004,0.52890064699999995,13963.7685,13790.840200000001,14136.696900000001,7947.2622199999996,6150.1239699999996,6150.1239699999996,5972.4224999999997,6327.7030599999998,177.70147700000001,177.57908800000001
418.18869000000001,0.92425465600000001,0.52835805199999997,13887.8524,13715.8642,14059.8406,7939.1091900000001,6162.2118700000001,6162.2118700000001,5985.5042999999996,6338.7984299999998,176.70756600000001,176.586556
418.78103599999997,0.91978313300000003,0.52765108800000005,13820.6633,13649.5072,13991.8194,7928.4863500000001,6168.4854500000001,6168.4854500000001,5992.6548400000001,6344.1962100000001,175.83061499999999,175.71075500000001
419.37338299999999,0.91512687000000004,0.52692923199999997,13750.698200000001,13580.408600000001,13920.9879,7917.6397399999996,6175.2975900000001,6175.2975900000001,6000.38033,6350.0961900000002,174.91726199999999,174.79860500000001
419.96566799999999,0.91150098400000001,0.52649903099999995,13696.215700000001,13526.600700000001,13865.830599999999,7911.1755300000004,6183.1765299999997,6183.1765299999997,6008.9720799999996,6357.2632999999996,174.20445000000001,174.086771
420.557953,0.90628987500000002,0.52561492399999998,13617.913500000001,13449.2683,13786.558800000001,7897.8909400000002,6189.3127699999995,6189.3127699999995,6016.1296000000002,6362.3795799999998,173.18316999999999,173.066813
421.15017699999999,0.90165749500000003,0.52486010999999999,13548.3074,13380.5242,13716.0906,7886.5491000000002,6195.3745500000005,6195.3745500000005,6023.0996100000002,6367.53431,172.27493899999999,172.15976699999999
421.74240099999997,0.89563332200000001,0.52359654,13457.788200000001,13291.125899999999,13624.4504,7867.5626899999997,6197.7550799999999,6197.7550799999999,6026.6578900000004,6368.7385599999998,171.09719200000001,170.983475
422.334564,0.88939780400000001,0.52243467899999996,13364.0933,13198.5913,13529.5952,7850.1045700000004,6203.06898,6203.06898,6033.1926000000003,6372.8332,169.876386,169.76421999999999
422.92672700000003,0.88327383599999998,0.52130401199999998,13272.074500000001,13107.7122,13436.436799999999,7833.11517,6208.4909600000001,6208.4909600000001,6039.8136599999998,6377.0576099999998,168.67729499999999,168.566655
423.51882899999998,0.87723400500000004,0.52000504400000003,13181.32,13018.0816,13344.5584,7813.5968599999997,6210.2510000000002,6210.2510000000002,6042.7541300000003,6377.63868,167.49687,167.38767899999999
424.11093099999999,0.87052565199999998,0.51852471099999997,13080.5203,12918.5301,13242.510399999999,7791.3533799999996,6211.4723700000004,6211.4723700000004,6045.2861300000004,6377.5510100000001,166.18623600000001,166.078644
424.70297199999999,0.86342310499999997,0.51681584199999997,12973.797399999999,12813.1289,13134.4658,7765.6759099999999,6210.0032600000004,6210.0032600000004,6045.2029899999998,6374.6976000000004,164.800276,164.69433100000001
425.29501299999998,0.85611469699999998,0.51486472000000005,12863.9812,12704.672699999999,13023.289699999999,7736.3583600000002,6204.7307499999997,6204.7307499999997,6041.3543099999997,6368.0028899999998,163.376441,163.27213499999999
425.88699300000002,0.84888118700000004,0.51289247500000001,12755.290499999999,12597.328,12913.252899999999,7706.7233999999999,6198.7098599999999,6198.7098599999999,6036.7421700000004,6360.57485,161.96768900000001,161.864991
426.47894300000002,0.84133983300000004,0.51071473000000001,12641.974099999999,12485.415000000001,12798.5332,7674.0005899999996,6190.0604599999997,6190.0604599999997,6029.5600299999996,6350.4598299999998,160.50043199999999,160.399373
427.07089200000001,0.83381762699999995,0.50851425900000002,12528.945400000001,12373.786,12684.104799999999,7640.9363199999998,6180.88166,6180.88166,6021.8444200000004,6339.8194599999997,159.037238,158.937805
427.662781,0.82646201200000002,0.50646471000000004,12418.419900000001,12264.629300000001,12572.210499999999,7610.1397900000002,6173.9002700000001,6173.9002700000001,6016.29504,6331.40769,157.60523000000001,157.507419
428.254639,0.81905582799999999,0.504391594,12307.134599999999,12154.722100000001,12459.547,7578.9891500000003,6166.6859700000005,6166.6859700000005,6010.5224799999996,6322.7532799999999,156.16349,156.06730899999999
428.846497,0.81141374499999996,0.50211794600000004,12192.304599999999,12041.314200000001,12343.295,7544.8253000000004,6156.6171899999999,6156.6171899999999,6001.9397600000002,6311.2000799999996,154.67743100000001,154.58289199999999
429.43829299999999,0.80345730400000004,0.49978578099999998,12072.751099999999,11923.2413,12222.260899999999,7509.7821800000002,6146.8174300000001,6146.8174300000001,5993.6876099999999,6299.8544400000001,153.12982600000001,153.03700599999999
430.03005999999999,0.79513236899999995,0.49744539399999999,11947.660599999999,11799.6999,12095.621300000001,7474.6155200000003,6138.5111399999996,6138.5111399999996,5987.0017799999996,6289.9295000000002,151.509356,151.41836499999999
430.62179600000002,0.78675236500000001,0.49505326500000002,11821.742700000001,11675.3413,11968.144,7438.6713900000004,6129.4422999999997,6129.4422999999997,5979.5637100000004,6279.2317400000002,149.87859900000001,149.78943799999999
431.21353099999999,0.77779206700000003,0.49252822499999999,11687.1052,11542.371300000001,11831.8392,7400.7301299999999,6120.3843299999999,6120.3843299999999,5972.2497999999996,6268.4316600000002,148.13452599999999,148.04733200000001
431.805206,0.76869967699999997,0.48998623499999999,11550.482900000001,11407.4409,11693.525,7362.5341900000003,6111.5884500000002,6111.5884500000002,5965.2239499999996,6257.8677600000001,146.36449999999999,146.27930799999999
432.39685100000003,0.75964156699999996,0.48716163600000001,11414.3758,11273.0193,11555.7322,7320.0917600000002,6097.12381,6097.12381,5952.5191800000002,6241.6451500000003,144.60463100000001,144.521344
432.98846400000002,0.75043665800000003,0.48412667100000001,11276.0628,11136.4192,11415.706399999999,7274.4883600000003,6079.21288,6079.21288,5936.3946800000003,6221.9496799999997,142.81820200000001,142.73680200000001
433.58004799999998,0.74163115400000001,0.48091639600000002,11143.7513,11005.7462,11281.756299999999,7226.2507599999999,6056.0882700000002,6056.0882700000002,5914.9753300000002,6197.1215300000003,141.11294699999999,141.03325699999999
434.17160000000001,0.73200931400000002,0.477691745,10999.173500000001,10862.9589,11135.388000000001,7177.7971500000003,6036.3470799999996,6036.3470799999996,5897.1008499999998,6175.5155699999996,139.24622600000001,139.16849099999999
434.76315299999999,0.72286176800000002,0.47458820800000001,10861.722400000001,10727.2101,10996.2348,7131.1634000000004,6016.84058,6016.84058,5879.3685999999998,6154.2366599999996,137.47197299999999,137.396086
435.354645,0.71352042800000004,0.47111894100000001,10721.359399999999,10588.585300000001,10854.1335,7079.0341900000003,5991.0669099999996,5991.0669099999996,5855.4031999999997,6126.6565199999995,135.66370800000001,135.58961500000001
435.94610599999999,0.70358181799999997,0.46745258000000001,10572.0219,10441.0972,10702.946599999999,7023.94344,5964.1278000000002,5964.1278000000002,5830.3882700000004,6097.7951599999997,133.73953,133.66735499999999
436.53753699999999,0.69356903400000003,0.46378919200000002,10421.5697,10292.5083,10550.6312,6968.8973599999999,5937.5796399999999,5937.5796399999999,5805.7790100000002,6069.3100299999996,131.80063100000001,131.73039600000001
437.12893700000001,0.68396416299999996,0.46002320499999999,10277.2469,10149.9728,10404.5211,6912.3096299999997,5907.19848,5907.19848,5777.2547599999998,6037.0737600000002,129.94372300000001,129.87527299999999
437.72030599999999,0.67342169100000004,0.45633266900000002,10118.8357,9993.5233200000002,10244.1481,6856.85563,5882.4979400000002,5882.4979400000002,5754.5976799999999,6010.3318499999996,127.900266,127.833911
438.31161500000002,0.66237817099999996,0.45225842999999999,9952.8957800000007,9829.6383900000001,10076.153200000001,6795.6361100000004,5852.5585499999997,5852.5585499999997,5726.79637,5978.2565000000004,125.762175,125.69794899999999
438.90292399999998,0.65098715299999999,0.448289942,9781.7343099999998,9660.5966000000008,9902.8720200000007,6736.0056000000004,5826.2424799999999,5826.2424799999999,5702.6884600000003,5949.7345400000004,123.554016,123.49206
439.49420199999997,0.64045004100000003,0.44445612899999998,9623.4036400000005,9504.2267100000008,9742.5805799999998,6678.3987200000001,5798.72192,5798.72192,5677.2085900000002,5920.1753399999998,121.51333,121.453422
440.08544899999998,0.63016929600000005,0.44058374099999997,9468.9251600000007,9351.6612999999998,9586.1890199999998,6620.2122099999997,5769.2979500000001,5769.2979500000001,5649.7740800000001,5888.76386,119.523864,119.465915
440.67666600000001,0.61951594499999996,0.436447366,9308.8478799999993,9193.5664199999992,9424.1293299999998,6558.0590199999997,5736.3948200000004,5736.3948200000004,5618.9310500000001,5853.8026300000001,117.463768,117.407811
441.267853,0.60910281799999999,0.43251621000000001,9152.3802099999994,9039.0364699999991,9265.7239599999994,6498.9894700000004,5706.4182099999998,5706.4182099999998,5590.9694200000004,5821.8130199999996,115.448791,115.39481600000001
441.85897799999998,0.599059652,0.42879563300000001,9001.4715799999994,8889.9966999999997,9112.9464599999992,6443.0840799999996,5678.89041,5678.89041,5565.3858499999997,5792.34292,113.504558,113.45251500000001
442.45010400000001,0.58828745900000001,0.42508620200000002,8839.6085800000001,8730.1382300000005,8949.0789399999994,6387.3461600000001,5654.8521899999996,5654.8521899999996,5543.4363499999999,5766.2181399999999,111.415841,111.36595699999999
443.04119900000001,0.577194243,0.42117715700000002,8672.9218899999996,8565.5157899999995,8780.32798,6328.6088399999999,5628.3594899999998,5628.3594899999998,5519.0935499999996,5737.5777399999997,109.26594,109.21825200000001
443.63223299999999,0.56611171000000005,0.41716583499999998,8506.3957399999999,8401.0519100000001,8611.73956,6268.3347000000003,5599.8229600000004,5599.8229600000004,5492.7035800000003,5706.8968000000004,107.11937399999999,107.073847
444.22326700000002,0.55492864900000005,0.41284348500000001,8338.3590299999996,8235.0961800000005,8441.6218700000009,6203.38706,5565.6681600000002,5565.6681600000002,5460.71155,5670.5813399999997,104.95661,104.91318
444.81423999999998,0.54425032900000003,0.40838757599999997,8177.9065700000001,8076.6307800000004,8279.1823600000007,6136.4325699999999,5526.6416399999998,5526.6416399999998,5423.7462599999999,5629.4954900000002,102.89537900000001,102.85385100000001
445.40521200000001,0.53305618600000004,0.403530106,8009.7033499999998,7910.5105999999996,8108.8960999999999,6063.4442200000003,5482.0940799999998,5482.0940799999998,5381.3572800000002,5582.7912900000001,100.7368,100.697209
445.99612400000001,0.52195510300000003,0.398831824,7842.8984700000001,7745.7714400000004,7940.02549,5992.84782,5440.2352899999996,5440.2352899999996,5341.6405400000003,5538.79241,98.594750099999999,98.557116199999996
446.58703600000001,0.51075427399999995,0.39403700600000002,7674.5947800000004,7579.5520299999998,7769.6375200000002,5920.8008600000003,5396.9403400000001,5396.9403400000001,5300.5062399999997,5493.3387700000003,96.434100400000005,96.398424599999998
447.177887,0.49967236999999998,0.38942330400000003,7508.0780699999996,7415.0974800000004,7601.0586599999997,5851.4753799999999,5356.6459999999997,5356.6459999999997,5262.3511699999999,5450.90715,94.294839499999995,94.261140699999999
447.76873799999998,0.48870838500000002,0.38518881999999999,7343.3332099999998,7252.3928400000004,7434.2735899999998,5787.8480099999997,5323.2225600000002,5323.2225600000002,5231.0481499999996,5415.3653199999999,92.174406399999995,92.142764600000007
448.35952800000001,0.47779413900000001,0.38095746699999999,7179.33572,7090.4263099999998,7268.24514,5724.2676899999997,5289.6369699999996,5289.6369699999996,5199.5731900000001,5379.6711599999999,90.063784400000003,90.034185199999996
448.950287,0.46707026400000001,0.37664467800000001,7018.1987499999996,6931.2848700000004,7105.1126400000003,5659.4637199999997,5253.6077999999998,5253.6077999999998,5165.6159699999998,5341.5719900000004,87.991827299999997,87.964187800000005
449.54101600000001,0.45629402600000002,0.372082686,6856.2749899999999,6771.3663800000004,6941.1836000000003,5590.9152199999999,5212.9506099999999,5212.9506099999999,5127.0381399999997,5298.8373499999998,85.912473000000006,85.886733000000007
450.13174400000003,0.44542062799999999,0.367605564,6692.8912899999996,6610.0060299999996,6775.7765399999998,5523.6419699999997,5174.3856699999997,5174.3856699999997,5090.5728099999997,5258.1747599999999,83.812868899999998,83.789083899999994
450.72241200000002,0.434514976,0.36313746299999999,6529.0229399999998,6448.1670400000003,6609.8788299999997,5456.5042700000004,5136.1415500000003,5136.1415500000003,5054.4347799999996,5217.8265099999999,81.706770800000001,81.684953500000006
451.31304899999998,0.42353426500000002,0.35844679200000001,6364.0267400000002,6285.2141700000002,6442.83932,5386.02225,5093.8910299999998,5093.8910299999998,5014.3025699999998,5173.4596000000001,79.588463899999994,79.568569199999999
451.90365600000001,0.41262454999999998,0.35373138700000001,6200.09735,6123.3148899999997,6276.8797999999997,5315.1685600000001,5050.8391799999999,5050.8391799999999,4973.3546699999997,5128.3056900000001,77.484509399999993,77.466508000000005
452.49423200000001,0.40194522799999999,0.34893796599999999,6039.6298299999999,5964.8346099999999,6114.4250499999998,5243.1426000000001,5005.2308400000002,5005.2308400000002,4929.8037299999996,5080.64174,75.427103500000001,75.410901300000006
453.08477799999997,0.39146777900000002,0.344025619,5882.1956600000003,5809.3501200000001,5955.0411999999997,5169.3296700000001,4956.3956799999996,4956.3956799999996,4882.98459,5029.7922600000002,73.411086999999995,73.396585799999997
453.67529300000001,0.38120713699999997,0.33926103800000001,5728.0192399999996,5657.0830299999998,5798.9554500000004,5097.7370499999997,4909.4709499999999,4909.4709499999999,4838.0347099999999,4980.8943600000002,71.436237700000007,71.423416500000002
454.26577800000001,0.37111544099999999,0.33477657599999999,5576.3813799999998,5507.3230700000004,5645.4396999999999,5030.3535300000003,4867.2542999999996,4867.2542999999996,4797.7628000000004,4936.7346900000002,69.491501,69.480393599999999
454.85623199999998,0.36090021500000002,0.33035422800000003,5422.8873899999999,5355.7299499999999,5490.0448200000001,4963.9033099999997,4826.8041700000003,4826.8041700000003,4759.2825999999995,4894.3163999999997,67.521564600000005,67.512227899999999
455.44665500000002,0.35068637699999999,0.32583522199999998,5269.4142300000003,5204.1574199999995,5334.6710400000002,4896.0007299999997,4784.4616299999998,4784.4616299999998,4718.9085800000003,4850.0070900000001,65.553055099999995,65.545459100000002
456.03701799999999,0.34059767299999999,0.32134653499999999,5117.8213400000004,5054.4418699999997,5181.2008100000003,4828.5537100000001,4742.1490899999999,4742.1490899999999,4678.5401300000003,4805.7521699999998,63.608961200000003,63.603076899999998
456.62738000000002,0.33076908999999999,0.31677445500000001,4970.1370299999999,4908.5864899999997,5031.6875700000001,4759.8536199999999,4697.04169,4697.04169,4635.3243300000004,4758.7547800000002,61.717366499999997,61.713088900000002
457.21771200000001,0.32090487099999998,0.31204376900000003,4821.9172600000002,4762.2022800000004,4881.6322300000002,4688.7703199999996,4648.9991600000003,4648.9991600000003,4589.1785499999996,4708.8170600000003,59.820606300000001,59.817897799999997
457.80798299999998,0.31118692100000001,0.30710735300000003,4675.8953199999996,4617.9886900000001,4733.80195,4614.5957200000003,4596.2854500000003,4596.2854500000003,4538.3301899999997,4654.2394599999998,57.955260500000001,57.954013500000002
458.39825400000001,0.30202699799999999,0.302323915,4538.2583000000004,4482.0561699999998,4594.4604200000003,4542.7197800000004,4544.0524299999997,4544.0524299999997,4487.7051799999999,4600.4034799999999,56.3472407,56.351059599999999
458.98846400000002,0.29294519699999999,0.29788830199999999,4401.7951300000004,4347.28298,4456.3072899999997,4476.0702499999998,4498.2563200000004,4498.2563200000004,4441.3282200000003,4555.2479999999996,56.928101300000002,56.991678899999997
459.57867399999998,0.28406476000000003,0.29362080299999999,4268.3576700000003,4215.4980100000002,4321.2173199999997,4411.9467999999997,4454.8370599999998,4454.8370599999998,4397.3068700000003,4512.4901499999996,57.530181300000002,57.653089899999998
460.16882299999997,0.27495987500000002,0.28919127300000003,4131.5476600000002,4080.3822700000001,4182.7130500000003,4345.38868,4409.2632700000004,4409.2632700000004,4351.1422599999996,4467.5673100000004,58.121001700000001,58.304044099999999
460.75897200000003,0.266059657,0.28475687799999999,3997.8129600000002,3948.30375,4047.3221699999999,4278.7574400000003,4362.6759199999997,4362.6759199999997,4304.0284300000003,4421.5639000000001,58.647497999999999,58.887979399999999
461.34906000000001,0.25703912400000001,0.27993654699999998,3862.2703999999999,3814.43977,3910.10104,4206.3271400000003,4309.0973299999996,4309.0973299999996,4250.0755499999996,4368.4136200000003,59.021783499999998,59.316287299999999
461.93911700000001,0.247575349,0.27529730600000002,3720.0677099999998,3673.9981200000002,3766.1372999999999,4136.6178900000004,4261.0419700000002,4261.0419700000002,4201.4232400000001,4321.0172599999996,59.618731599999997,59.975287999999999
462.52914399999997,0.23848942300000001,0.27038634099999997,3583.5425700000001,3539.16372,3627.9214200000001,4062.8257199999998,4205.9882200000002,4205.9882200000002,4146.0197099999996,4266.3669900000004,59.968511800000002,60.378765999999999
463.11914100000001,0.229690018,0.26564945899999998,3451.32269,3408.5812599999999,3494.06412,3991.64932,4153.04558,4153.04558,4092.7289300000002,4213.82474,60.316654300000003,60.7791602
463.709137,0.221008548,0.26105131799999998,3320.8748999999998,3279.7489399999999,3362.0008600000001,3922.55764,4102.2810600000003,4102.2810600000003,4041.5841500000001,4163.4929899999997,60.696911700000001,61.211936799999997
464.29907200000002,0.21302136399999999,0.25676486100000001,3200.8594600000001,3161.2197799999999,3240.4991399999999,3858.1493399999999,4054.4826800000001,4054.4826800000001,3993.4633199999998,4116.0646699999998,61.019367000000003,61.581990400000002
464.88897700000001,0.20512034600000001,0.25217532199999998,3082.1387399999999,3043.96931,3120.3081699999998,3789.1869099999999,4000.3831100000002,4000.3831100000002,3939.2154999999998,4062.1559299999999,61.1676103,61.772825500000003
465.47882099999998,0.197570475,0.24767309100000001,2968.69436,2931.92983,3005.4588899999999,3721.5363900000002,3946.4112799999998,3946.4112799999998,3885.1590299999998,4008.3079400000001,61.252245299999998,61.896658899999998
466.06866500000001,0.18983196999999999,0.24288103699999999,2852.4155700000001,2817.09105,2887.7400899999998,3649.5309600000001,3887.6303600000001,3887.6303600000001,3826.3780400000001,3949.5649899999999,61.2523214,61.934631899999999
466.658478,0.182423949,0.238609656,2741.1026400000001,2707.15663,2775.0486599999999,3585.3491899999999,3837.52673,3837.52673,3776.1198800000002,3899.6562300000001,61.4068507,62.129504300000001
467.24826000000002,0.17545082400000001,0.234352055,2636.3244500000001,2603.6760100000001,2668.9728799999998,3521.37446,3785.7400499999999,3785.7400499999999,3724.3035599999998,3847.9341100000001,61.436485599999997,62.194065899999998
467.83801299999999,0.16849050400000001,0.23040628199999999,2531.7386700000002,2500.3854299999998,2563.0918999999999,3462.0852799999998,3739.9810200000002,3739.9810200000002,3678.36636,3802.3920199999998,61.614651600000002,62.411004599999998
468.42770400000001,0.16170796400000001,0.22625188299999999,2429.8242,2399.73308,2459.9153200000001,3399.6612599999999,3689.3528500000002,3689.3528500000002,3627.7157999999999,3751.8200400000001,61.6370425,62.467198400000001
469.01739500000002,0.155089278,0.221935774,2330.3718100000001,2301.5123199999998,2359.2313100000001,3334.8074000000001,3634.8336100000001,3634.8336100000001,3573.3028100000001,3697.2241899999999,61.530804400000001,62.390575699999999
469.60702500000002,0.14855893100000001,0.21747272200000001,2232.2467999999999,2204.6024900000002,2259.89111,3267.7455799999998,3577.0504099999998,3577.0504099999998,3515.7244000000001,3639.26278,61.326010599999996,62.2123712
470.19665500000002,0.142080079,0.21318699799999999,2134.8955599999999,2108.45685,2161.3342600000001,3203.34827,3522.49649,3522.49649,3461.3041899999998,3584.6033499999999,61.192299499999997,62.106867800000003
470.786224,0.13552361900000001,0.20865779200000001,2036.3781799999999,2011.1595299999999,2061.5968400000002,3135.29241,3463.5395199999998,3463.5395199999998,3402.5764399999998,3525.4432400000001,60.963075799999999,61.903718400000002
471.37576300000001,0.12943633099999999,0.20434861300000001,1944.91058,1920.82466,1968.99649,3070.5426900000002,3406.7704600000002,3406.7704600000002,3346.07107,3468.43336,60.699387600000001,61.662900100000002
471.96530200000001,0.12355153300000001,0.20017425899999999,1856.48559,1833.4947299999999,1879.4764399999999,3007.8188300000002,3351.7235599999999,3351.7235599999999,3291.28325,3413.1493799999998,60.440307599999997,61.425819599999997
472.554779,0.11787352199999999,0.196132633,1771.16778,1749.23351,1793.10205,2947.0893500000002,3298.3386500000001,3298.3386500000001,3238.1551399999998,3359.5287199999998,60.183511000000003,61.190069999999999
473.144226,0.112337669,0.19204539900000001,1687.98605,1667.0819100000001,1708.8901900000001,2885.6745700000001,3243.42569,3243.42569,3183.5642899999998,3304.3122800000001,59.861396900000003,60.886587800000001
473.73364299999997,0.106875103,0.18795358500000001,1605.90552,1586.0178699999999,1625.7931699999999,2824.1909599999999,3188.0944100000002,3188.0944100000002,3128.5795499999999,3248.65209,59.514862399999998,60.5576838
474.32302900000002,0.101569019,0.18416739800000001,1526.1762799999999,1507.27601,1545.07656,2767.2997,3138.0248799999999,3138.0248799999999,3078.7545399999999,3198.3575900000001,59.270341299999998,60.332711400000001
474.91238399999997,0.096578555799999993,0.18056324300000001,1451.18958,1433.21794,1469.16122,2713.1436600000002,3090.0909799999999,3090.0909799999999,3031.0717199999999,3150.1904399999999,59.019260000000003,60.0994606
475.50170900000001,0.091736339700000002,0.176795906,1378.4304299999999,1361.3598500000001,1395.50101,2656.5356499999998,3038.3073399999998,3038.3073399999998,2979.6637900000001,3098.0449199999998,58.643554199999997,59.737579799999999
476.09097300000002,0.087085664300000004,0.17302311200000001,1308.54937,1292.3442,1324.7545399999999,2599.84564,2985.5575199999998,2985.5575199999998,2927.3503099999998,3044.8700399999998,58.207207799999999,59.312524500000002
476.68023699999998,0.082575209100000005,0.16920704,1240.7752599999999,1225.40941,1256.14111,2542.50533,2931.3337900000001,2931.3337900000001,2873.62653,2990.1553100000001,57.7072687,58.821516600000002
477.26947000000001,0.078119907299999999,0.16518955599999999,1173.82989,1159.2930899999999,1188.3666800000001,2482.1386000000002,2872.9321199999999,2872.9321199999999,2815.8399199999999,2931.14419,57.092196199999997,58.2120751
477.85864299999997,0.073716264099999998,0.161113328,1107.66074,1093.9433899999999,1121.3780899999999,2420.8892000000001,2813.1522399999999,2813.1522399999999,2756.7194599999998,2870.7091099999998,56.432777199999997,57.556867400000002
478.44781499999999,0.069510245799999995,0.157219365,1044.4611,1031.5264199999999,1057.3957800000001,2362.3784999999998,2756.04214,2756.04214,2700.2395200000001,2812.9728700000001,55.802625800000001,56.930729499999998
479.03692599999999,0.065651151199999994,0.15369105299999999,986.474334,974.25776399999995,998.69090400000005,2309.3620799999999,2704.51037,2704.51037,2649.2641800000001,2760.8889100000001,55.246183899999998,56.378542199999998
479.62603799999999,0.062115005199999997,0.150308094,933.34019699999999,921.78164400000003,944.89874999999995,2258.5297399999999,2654.3655699999999,2654.3655699999999,2599.7025400000002,2710.1629400000002,54.6630374,55.797365999999997
480.21508799999998,0.058820900500000002,0.14685944200000001,883.84297300000003,872.89739699999996,894.78854899999999,2206.7102799999998,2601.8524600000001,2601.8524600000001,2547.8779300000001,2656.9593199999999,53.974524799999998,55.106865499999998
480.80410799999999,0.055815105699999999,0.14355659100000001,838.67789400000004,828.29164500000002,849.06414199999995,2157.0816399999999,2550.8905500000001,2550.8905500000001,2497.6205399999999,2605.28908,53.270010800000001,54.398530899999997
481.39309700000001,0.052758817999999999,0.14030593799999999,792.75410799999997,782.93658300000004,802.57163300000002,2108.23731,2501.1738500000001,2501.1738500000001,2448.56756,2554.90616,52.606290600000001,53.7323108
481.982056,0.0497108863,0.13694082899999999,746.95588099999998,737.70552499999997,756.20623699999999,2057.67317,2449.18613,2449.18613,2397.3020299999998,2502.1921699999998,51.884101200000003,53.0060419
482.57098400000001,0.046894049399999999,0.13369194200000001,704.63008400000001,695.90389300000004,713.35627399999998,2008.8553999999999,2398.4291899999998,2398.4291899999998,2347.28042,2450.6943500000002,51.148770599999999,52.265154299999999
483.15988199999998,0.0438967257,0.13016288100000001,659.59229100000005,651.42385200000001,667.76072999999997,1955.82772,2343.0149299999998,2343.0149299999998,2292.6837999999998,2394.45561,50.331132099999998,51.440676699999997
483.74874899999998,0.040771866900000002,0.12632380300000001,612.63815699999998,605.05120099999999,620.22511299999996,1898.1417200000001,2282.1233000000002,2282.1233000000002,2232.72273,2332.6242299999999,49.400572799999999,50.500931199999997
484.33758499999999,0.037995462200000003,0.122883536,570.919893,563.84957999999995,577.99020700000005,1846.4482700000001,2227.4502499999999,2227.4502499999999,2178.8907800000002,2277.1015400000001,48.559467599999998,49.651287400000001
484.92636099999999,0.035535020799999997,0.119789042,533.949297,527.33682999999996,540.56176400000004,1799.95039,2178.1065600000002,2178.1065600000002,2130.3148299999998,2226.9819499999999,47.791726799999999,48.875391499999999
485.51513699999998,0.0337897895,0.11722679799999999,507.72544799999997,501.43773900000002,514.01315699999998,1761.45012,2135.9393,2135.9393,2088.87165,2184.0801099999999,47.067653100000001,48.140809500000003
486.103882,0.0322391499,0.114986957,484.42553400000003,478.42637300000001,490.42469499999999,1727.7942499999999,2099.1900999999998,2099.1900999999998,2052.7478500000002,2146.6966499999999,46.442256899999997,47.506548899999999
486.692566,0.030756258799999998,0.11270648599999999,462.14360799999997,456.420388,467.866828,1693.5278900000001,2061.3439800000001,2061.3439800000001,2015.5674799999999,2108.1745099999998,45.776497800000001,46.830531399999998
487.28121900000002,0.029802828900000002,0.110597031,447.81736899999999,442.27156600000001,453.36317200000002,1661.83122,2024.4587300000001,2024.4587300000001,1979.4246599999999,2070.53197,45.034071900000001,46.073236899999998
487.86987299999998,0.0281544234,0.10782006600000001,423.04842400000001,417.80936100000002,428.287486,1620.10454,1977.6667600000001,1977.6667600000001,1933.49101,2022.86715,44.175746699999998,45.200396300000001
488.45846599999999,0.0264692279,0.104943387,397.72667300000001,392.801197,402.65214900000001,1576.8795500000001,1929.0940499999999,1929.0940499999999,1885.81423,1973.3832,43.279821200000001,44.289146000000002
489.04702800000001,0.024929255399999999,0.102320017,374.58704299999999,369.94812999999999,379.225956,1537.4607900000001,1884.81269,1884.81269,1842.3489400000001,1928.2718199999999,42.463746299999997,43.459136700000002
489.635559,0.0235426917,0.099926586600000006,353.75253400000003,349.37163700000002,358.13343200000003,1501.4971,1844.32989,1844.32989,1802.61627,1887.02595,41.713622800000003,42.696063000000002
490.22406000000001,0.022658521800000001,0.097688047099999994,340.466995,336.25062700000001,344.68336299999999,1467.8607999999999,1804.6147900000001,1804.6147900000001,1763.72765,1846.46696,40.887143899999998,41.852164299999998
490.81253099999998,0.021543008700000001,0.095275926799999994,323.70529299999998,319.69650300000001,327.71408300000002,1431.61627,1762.55072,1762.55072,1722.50488,1803.5449100000001,40.0458474,40.994191000000001
491.40096999999997,0.0203905001,0.092748366999999998,306.387697,302.593369,310.18202500000001,1393.63715,1718.3999799999999,1718.3999799999999,1679.24065,1758.4899600000001,39.159326900000003,40.089984800000003
491.989349,0.019413285400000001,0.090237985000000007,291.70406700000001,288.09158300000001,295.316551,1355.91615,1673.7976799999999,1673.7976799999999,1635.56954,1712.93677,38.228146299999999,39.139084799999999
492.57772799999998,0.018005071599999999,0.087586104799999995,270.54424299999999,267.193803,273.89468299999999,1316.06899,1628.36859,1628.36859,1591.0103300000001,1666.6217899999999,37.358257999999999,38.2532006
493.16604599999999,0.016861571400000001,0.085178538799999995,253.36200700000001,250.22435300000001,256.49966000000001,1279.8929000000001,1586.51901,1586.51901,1549.99135,1623.92536,36.527658199999998,37.406342500000001
493.75436400000001,0.015514706099999999,0.082477339600000005,233.12400600000001,230.23698099999999,236.011031,1239.30468,1539.8521499999999,1539.8521499999999,1504.23705,1576.3285100000001,35.615096899999998,36.476361900000001
494.34262100000001,0.014481990599999999,0.080117039000000001,217.60642100000001,214.91156699999999,220.301275,1203.83879,1498.42769,1498.42769,1463.65362,1534.04594,34.774067100000003,35.618256899999999
494.93084700000003,0.013811824,0.078046109799999999,207.536496,204.96634900000001,210.10664399999999,1172.72101,1461.02287,1461.02287,1427.0581400000001,1495.81378,33.964735900000001,34.790909200000002
495.51907299999999,0.0131505293,0.075944229500000002,197.59988000000001,195.15278900000001,200.04697100000001,1141.13815,1422.97426,1422.97426,1389.8366599999999,1456.91949,33.137592099999999,33.945236800000004
496.10723899999999,0.0126393792,0.074097963700000005,189.91933900000001,187.567364,192.27131399999999,1113.39616,1389.2398800000001,1389.2398800000001,1356.84995,1422.42029,32.389936200000001,33.180408800000002
496.69537400000002,0.012106871,0.072231660399999995,181.917869,179.664985,184.17075299999999,1085.3530800000001,1355.2103500000001,1355.2103500000001,1323.5714,1387.6226200000001,31.638951299999999,32.412268900000001
497.283478,0.0116704458,0.0704182312,175.36014299999999,173.18847,177.53181599999999,1058.1044899999999,1321.7813699999999,1321.7813699999999,1290.8966399999999,1353.4217000000001,30.8847275,31.640334200000002
497.87152099999997,0.0111295391,0.068586190500000005,167.23247699999999,165.16145800000001,169.303496,1030.5762400000001,1288.45814,1288.45814,1258.30511,1319.3501799999999,30.153030600000001,30.892030900000002
498.459564,0.010420491299999999,0.066633345799999993,156.57832400000001,154.63924700000001,158.517402,1001.23279,1253.5321799999999,1253.5321799999999,1224.1189999999999,1283.6683599999999,29.413181399999999,30.136184199999999
499.04757699999999,0.0098625979200000005,0.064829741100000005,148.19541699999999,146.36015399999999,150.03067999999999,974.13182500000005,1220.8400999999999,1220.8400999999999,1192.13958,1250.2476099999999,28.7005239,29.407504500000002
499.63552900000002,0.0094137245999999994,0.063206269199999998,141.45064500000001,139.69891000000001,143.202381,949.73753199999999,1191.1738700000001,1191.1738700000001,1163.13096,1219.9086600000001,28.042909600000002,28.734782599999999
500.22348,0.0090055356399999995,0.061554409499999997,135.31719699999999,133.64141900000001,136.992975,924.91668500000003,1160.77108,1160.77108,1133.4119700000001,1188.8060599999999,27.3591069,28.0349839
500.81137100000001,0.0085447357000000002,0.059943636600000003,128.393216,126.803185,129.98324700000001,900.71320800000001,1131.4061899999999,1131.4061899999999,1104.69488,1158.7785899999999,26.711309100000001,27.372395300000001
501.39923099999999,0.00817354021,0.058288962700000002,122.81563199999999,121.294674,124.33659,875.85007399999995,1100.78244,1100.78244,1074.7675099999999,1127.4419499999999,26.014934100000001,26.659512500000002
501.98709100000002,0.0078490841600000003,0.056666171199999997,117.940355,116.47977299999999,119.400937,851.46600599999999,1070.57107,1070.57107,1045.25108,1096.5189499999999,25.319995299999999,25.947874599999999
502.57488999999998,0.0073578526199999999,0.055043587400000003,110.55910900000001,109.189937,111.928281,827.085059,1041.11229,1041.11229,1016.43666,1066.4012499999999,24.675635499999999,25.288963500000001
503.16265900000002,0.0069453593200000004,0.053434569299999998,104.360984,103.068569,105.653398,802.90794900000003,1011.56484,1011.56484,987.55076099999997,1036.1768500000001,24.0140745,24.6120129
503.75036599999999,0.0065775310000000002,0.051775208099999998,98.833994500000003,97.610027099999996,100.057962,777.97438399999999,980.83450000000005,980.83450000000005,957.52011100000004,1004.73022,23.314389500000001,23.895716400000001
504.33807400000001,0.0062079369099999997,0.050123742499999999,93.280472900000007,92.125280700000005,94.435665,753.15945899999997,950.26616899999999,950.26616899999999,927.64707099999998,973.450107,22.6190979,23.1839376
504.92575099999999,0.0059077357800000002,0.048571376999999999,88.769649999999999,87.670320200000006,89.868979899999999,729.83361200000002,921.32024999999999,921.32024999999999,899.369011,943.82022300000006,21.951238700000001,22.499973099999998
505.51336700000002,0.0057079568200000003,0.047177583000000002,85.767770999999996,84.705616599999999,86.829925299999999,708.89045999999996,895.01801599999999,895.01801599999999,873.68753000000004,916.88188000000002,21.330486799999999,21.863864
506.10098299999999,0.0056263459500000002,0.045909787899999999,84.541485899999998,83.494517999999999,85.588453900000005,689.84056799999996,870.64418999999998,870.64418999999998,849.90863899999999,891.89786200000003,20.735551300000001,21.253672000000002
506.68853799999999,0.0056442221800000001,0.044789976199999998,84.810094199999995,83.759799799999996,85.860388599999993,673.014275,848.71162700000002,848.71162700000002,828.52879600000006,869.39794700000004,20.182831400000001,20.6863192
507.276093,0.0056232980199999996,0.043720787800000001,84.495687700000005,83.449286999999998,85.542088500000006,656.94864900000005,827.94109200000003,827.94109200000003,808.274494,848.09769400000005,19.666597299999999,20.156602500000002
507.863586,0.0055211118800000004,0.042569903700000002,82.960238599999997,81.932852999999994,83.987624299999993,639.65546099999995,805.94104700000003,805.94104700000003,786.806017,825.552594,19.1350297,19.6115466
508.45105000000001,0.0053737204600000001,0.041361499400000001,80.745534800000001,79.745576200000002,81.745493400000001,621.49797599999999,783.021432,783.021432,764.43240100000003,802.07333300000005,18.589031200000001,19.051901600000001
509.03848299999999,0.0051700488400000001,0.040168529100000003,77.685164599999993,76.723105899999993,78.647223400000001,603.57240100000001,760.65560100000005,760.65560100000005,742.58799099999999,779.17335800000001,18.0676104,18.517756500000001
509.62588499999998,0.0048286097199999999,0.038957336699999998,72.5546997,71.656177,73.453222400000001,585.37302199999999,738.55251999999996,738.55251999999996,720.97353899999996,756.57046100000002,17.578981299999999,18.017940800000002
510.21322600000002,0.0046026778199999997,0.037854262,69.159846400000006,68.303365799999995,70.016327000000004,568.79821900000002,718.04084999999998,718.04084999999998,700.93261500000006,735.57676200000003,17.108234599999999,17.5359123
510.800568,0.0043942219000000001,0.036722302200000001,66.027587400000002,65.209896999999998,66.845277899999999,551.78938900000003,696.88706999999999,696.88706999999999,680.26898900000003,713.92094999999995,16.618080800000001,17.033880499999999
511.387878,0.0042055633600000001,0.035570895300000002,63.1928038,62.410219499999997,63.975388100000004,534.48834699999998,675.26493800000003,675.26493800000003,659.15250800000001,691.78078500000004,16.112430100000001,16.515847099999998
511.97512799999998,0.0041450985200000004,0.034435773500000003,62.284258899999998,61.512926100000001,63.055591700000001,517.432005,653.38522799999998,653.38522799999998,637.80928900000004,669.35076100000003,15.5759387,15.965533600000001
512.56237799999997,0.0042218735399999997,0.033425495499999999,63.4378806,62.652261299999999,64.223500000000001,502.25156399999997,633.32578100000001,633.32578100000001,618.26685499999996,648.76032099999998,15.058926599999999,15.43454
513.14953600000001,0.0043329628800000001,0.032562685100000002,65.107109199999996,64.300818000000007,65.9134004,489.28697399999999,615.99005,615.99005,601.38644599999998,630.95674099999997,14.6036038,14.9666909
513.73669400000006,0.0043193143699999997,0.031698603700000001,64.902026699999993,64.098275299999997,65.705778199999997,476.30328500000002,599.18937600000004,599.18937600000004,585.003962,613.72693900000002,14.1854139,14.537562899999999
514.32385299999999,0.0041220167199999998,0.030696724799999998,61.937431699999998,61.170394100000003,62.704469400000001,461.24905000000001,580.52394900000002,580.52394900000002,566.76848900000005,594.62120900000002,13.755459999999999,14.0972606
514.91094999999996,0.0039499401600000001,0.029648238800000001,59.351809000000003,58.616791900000003,60.086826199999997,445.49449800000002,560.83582100000001,560.83582100000001,547.54072799999994,574.46144300000003,13.2950932,13.625621600000001
515.49798599999997,0.0037280078900000001,0.028686362900000002,56.017054299999998,55.323335,56.710773600000003,431.04134900000003,543.06159200000002,543.06159200000002,530.169445,556.27475100000004,12.892147,13.2131583
516.08502199999998,0.00350716479,0.0277439755,52.698665400000003,52.046041299999999,53.351289600000001,416.881034,525.66278,525.66278,513.16438400000004,538.47290699999996,12.498396100000001,12.810127
516.67199700000003,0.0032896463600000001,0.026997330399999998,49.430233100000002,48.818085500000002,50.042380700000002,405.66194200000001,512.06881599999997,512.06881599999997,499.869508,524.57304999999997,12.1993083,12.504233599999999
517.25897199999997,0.0033442355899999999,0.026610049699999999,50.250490900000003,49.628185199999997,50.872796700000002,399.84266200000002,504.26629800000001,504.26629800000001,492.27279600000003,516.55904199999998,11.9935019,12.292744000000001
517.84588599999995,0.0031956494300000001,0.0259139759,48.017834999999998,47.4231786,48.612491400000003,389.38345600000002,491.34980999999999,491.34980999999999,479.65154200000001,503.34027700000001,11.698267299999999,11.990467600000001
518.43280000000004,0.0027412682300000002,0.024952651700000002,41.190302099999997,40.680198400000002,41.700405799999999,374.93859700000002,474.62964599999998,474.62964599999998,463.26369999999997,486.281271,11.3659456,11.6516257
519.01965299999995,0.0024809740299999998,0.024281677200000001,37.279120900000002,36.817453499999999,37.740788199999997,364.85653100000002,462.70432899999997,462.70432899999997,451.58754099999999,474.101516,11.116788700000001,11.3971866
519.60644500000001,0.0023666921000000001,0.023348983,35.561920399999998,35.121518899999998,36.002321799999997,350.84186599999998,445.01639599999999,445.01639599999999,434.32087300000001,455.98178999999999,10.6955227,10.9653943
520.19323699999995,0.00213538154,0.022462734299999999,32.086247499999999,31.688889,32.483605900000001,337.52509300000003,428.76007299999998,428.76007299999998,418.42769500000003,439.35389800000002,10.332377899999999,10.593825799999999
520.78002900000001,0.0021911578200000002,0.021613163099999999,32.924342000000003,32.5166045,33.332079399999998,324.759433,411.93095399999999,411.93095399999999,402.030687,422.08102500000001,9.9002671899999992,10.150070599999999
521.36676,0.0022561223400000001,0.021155085300000001,33.900499000000003,33.480672800000001,34.3203253,317.87635499999999,402.70031299999999,402.70031299999999,393.04359399999998,412.60010699999998,9.65671839,9.8997945000000005
521.95343000000003,0.00235237431,0.020497578200000002,35.346781300000004,34.909044199999997,35.784518400000003,307.99665199999998,389.437523,389.437523,380.13129400000003,398.97713299999998,9.3062285500000002,9.5396099000000003
522.54010000000005,0.0024446947599999999,0.019792684200000001,36.733988500000002,36.2790721,37.188904899999997,297.40491300000002,375.26765699999999,375.26765699999999,366.333889,384.424553,8.93376825,9.1568959299999992
523.12670900000001,0.0023453190799999999,0.019059365599999999,35.240769399999998,34.804345099999999,35.677193699999997,286.38606700000003,361.40349300000003,361.40349300000003,352.79805800000003,370.22390300000001,8.6054357199999991,8.8204097000000008
523.713257,0.0024315054200000001,0.018815847100000001,36.535805400000001,36.083343300000003,36.988267499999999,282.72695800000002,356.26457499999998,356.26457499999998,347.80424499999998,364.93563799999998,8.4603298900000006,8.6710632600000004
524.29980499999999,0.0023002107500000001,0.0181779179,34.562971400000002,34.134941099999999,34.991001799999999,273.14143200000001,344.40512699999999,344.40512699999999,336.21684800000003,352.79762399999998,8.1882798799999996,8.3924969699999998
524.88635299999999,0.00188309315,0.017447650499999998,28.295361499999999,27.944949699999999,28.645773299999998,262.16843299999999,332.02662299999997,332.02662299999997,324.06901399999998,340.18442099999999,7.9576089999999997,8.1577984000000008
525.47283900000002,0.0018532016000000001,0.016957021400000001,27.846211100000001,27.501361599999999,28.1910606,254.79623900000001,322.58650799999998,322.58650799999998,314.859647,330.507632,7.7268606399999999,7.9211240900000002
526.05926499999998,0.00190914855,0.0166371053,28.6868701,28.331609799999999,29.042130400000001,249.98917900000001,316.092466,316.092466,308.53889800000002,323.835463,7.5535678600000002,7.7429970099999998
526.64569100000006,0.0017742327,0.016146269299999998,26.6596242,26.329469499999998,26.989778900000001,242.613876,307.11969099999999,307.11969099999999,299.76518499999997,314.65904799999998,7.3545058599999997,7.5393572100000004
527.23205599999994,0.0019413209599999999,0.015790848199999999,29.170292700000001,28.809045699999999,29.531539800000001,237.27331799999999,299.43396200000001,299.43396200000001,292.303741,306.74231400000002,7.1302210700000002,7.3083519600000004
527.81841999999995,0.0019626594,0.015044286800000001,29.490924199999998,29.125706399999999,29.856141900000001,226.05548400000001,284.76957399999998,284.76957399999998,278.010694,291.696708,6.7588797600000001,6.9271340199999996
528.40472399999999,0.0018642590399999999,0.0144084486,28.0123602,27.665453100000001,28.359267299999999,216.50137799999999,272.803292,272.803292,266.32539700000001,279.44252999999998,6.4778956699999997,6.6392374800000002
528.99102800000003,0.00168829544,0.013772484,25.368330799999999,25.054167499999998,25.682493999999998,206.94537299999999,261.18267200000003,261.18267200000003,254.962346,267.558423,6.2203257699999996,6.3757510999999996
529.577271,0.00158986098,0.013191906200000001,23.889254399999999,23.593408100000001,24.1851007,198.221609,250.29490999999999,250.29490999999999,244.32855000000001,256.41049500000003,5.9663605799999999,6.1155846499999997
530.16345200000001,0.00172669502,0.0130033541,25.945322999999998,25.624014200000001,26.266631799999999,195.38842600000001,246.00130100000001,246.00130100000001,240.168511,251.979131,5.8327902399999996,5.9778292200000003
530.74963400000001,0.00177678449,0.0127456792,26.697967500000001,26.367337899999999,27.028597099999999,191.516603,240.748143,240.748143,235.05645200000001,246.580915,5.6916908199999998,5.8327713799999996
531.33575399999995,0.0015604432300000001,0.0125275113,23.4472232,23.156851,23.737595299999999,188.23841100000001,237.46175199999999,237.46175199999999,231.81121200000001,243.25335000000001,5.6505405599999996,5.7915976300000001
531.921875,0.0014911392100000001,0.0120897773,22.405860799999999,22.128385000000002,22.683336700000002,181.66102000000001,229.23074199999999,229.23074199999999,223.773169,234.824634,5.4575736700000004,5.5938920300000001
532.50793499999997,0.00141185958,0.011497224,21.214604999999999,20.951881799999999,21.4773283,172.75731200000001,218.02331599999999,218.02331599999999,212.83135799999999,223.34499,5.1919579000000002,5.3216746099999996
533.09399399999995,0.00128370468,0.011035950100000001,19.288949200000001,19.050073399999999,19.527824899999999,165.82620900000001,209.59707800000001,209.59707800000001,204.59178,214.72780900000001,5.0052980800000002,5.1307302400000001
533.67999299999997,0.00121574849,0.0107061174,18.267839299999999,18.041609099999999,18.4940696,160.87014300000001,203.46563599999999,203.46563599999999,198.600976,208.45236,4.8646601299999999,4.9867240800000001
534.26593000000003,0.00118693682,0.0104405156,17.8349151,17.614046200000001,18.055783999999999,156.879209,198.41192000000001,198.41192000000001,193.668353,203.274505,4.7435672599999998,4.8625856399999998
534.85186799999997,0.0012753232599999999,0.0103285493,19.163009899999999,18.925693800000001,19.400326,155.19680299999999,195.830274,195.830274,191.168182,200.60880700000001,4.6620918400000004,4.7785333100000003
535.43774399999995,0.00128092116,0.0100867193,19.247123999999999,19.0087662,19.485481799999999,151.56306599999999,191.08600999999999,191.08600999999999,186.54380699999999,195.74147099999999,4.5422028399999999,4.6554619199999996
536.02362100000005,0.00128189086,0.0098696619799999996,19.2616947,19.023156400000001,19.5002329,148.30156099999999,186.84593699999999,186.84593699999999,182.41011499999999,191.392214,4.4358222700000001,4.5462771200000001
536.60943599999996,0.00143850074,0.0096161082699999997,21.614915,21.3472343,21.8825957,144.49166299999999,181.19510700000001,181.19510700000001,176.93061,185.56478300000001,4.2644967500000002,4.3696761200000003
537.19525099999998,0.0015054083399999999,0.0092791215400000009,22.620268899999999,22.340137800000001,22.900400000000001,139.428099,174.31874999999999,174.31874999999999,170.23920699999999,178.498278,4.0795432600000003,4.1795277899999999
537.78100600000005,0.0014386277899999999,0.0089646803300000005,21.616824099999999,21.3491198,21.884528400000001,134.703305,168.482384,168.482384,164.53631200000001,172.52525499999999,3.9460720600000001,4.0428712200000003
538.36676,0.00132914475,0.0086178498299999996,19.971731800000001,19.7244004,20.219063200000001,129.49182999999999,162.205625,162.205625,158.39592999999999,166.10906700000001,3.8096952499999999,3.9034416699999999
538.95245399999999,0.0012470443800000001,0.0082236391899999997,18.738091399999998,18.506037500000001,18.970145299999999,123.56842,154.88137499999999,154.88137499999999,151.23950099999999,158.61297999999999,3.6418734700000002,3.7316055600000002
539.53808600000002,0.0011597455800000001,0.0077473092499999998,17.426339500000001,17.210530500000001,17.642148599999999,116.411085,145.977957,145.977957,142.54246800000001,149.49817400000001,3.4354891699999999,3.5202175900000001
540.12371800000005,0.00104414044,0.0072867494300000004,15.6892564,15.4949595,15.883553300000001,109.490712,137.50932900000001,137.50932900000001,134.263949,140.83500000000001,3.2453799700000001,3.32567163
540.70929000000001,0.00092390211299999997,0.00694042088,13.882555099999999,13.710632499999999,14.0544776,104.286779,131.290638,131.290638,128.178134,134.480525,3.1125037600000001,3.1898874799999999
541.29486099999997,0.00081683130900000003,0.00667379451,12.273708900000001,12.1217104,12.4257075,100.28045,126.568178,126.568178,123.55358099999999,129.658106,3.0145967100000002,3.0899282399999999
541.88037099999997,0.00062316452200000003,0.0064485784799999998,9.3636713999999994,9.2477110099999997,9.4796317899999991,96.896353700000006,123.04248,123.04248,120.079341,126.080544,2.9631388599999999,3.0380646100000002
542.46582000000001,0.00034719972000000002,0.0062631386299999998,5.2170237200000003,5.1524157099999996,5.28163172,94.109934100000004,120.662362,120.662362,117.70633100000001,123.69448300000001,2.9560306600000001,3.0321207299999999
543.05127000000005,0.00021852894800000001,0.0061755738400000003,3.2836164299999999,3.2429518800000001,3.3242809800000002,92.794185400000003,119.531109,119.531109,116.578931,122.559905,2.9521777999999999,3.0287965699999999
543.63671899999997,0.00027214577100000001,0.0061390701000000004,4.0892629200000004,4.0386211899999997,4.1399046500000001,92.245680100000001,118.57811599999999,118.57811599999999,115.660008,121.571684,2.9181084500000001,2.9935681000000001
544.22210700000005,0.00032344561499999999,0.0060533931300000001,4.8600944799999999,4.7999067100000001,4.9202822399999997,90.958297700000003,116.675943,116.675943,113.815236,119.610348,2.8607068899999999,2.9344047600000001
544.80743399999994,0.000321419293,0.0059180123799999996,4.8296469699999998,4.7698362699999999,4.8894576699999996,88.924066400000001,114.04317899999999,114.04317899999999,111.248026,116.910314,2.7951526800000002,2.8671353599999998
545.39276099999995,0.00036513671299999998,0.0057447006000000004,5.4865449999999996,5.4185992299999999,5.5544907800000001,86.319883099999998,110.464906,110.464906,107.767692,113.231312,2.6972144500000002,2.7664057400000002
545.978027,0.00050882587299999995,0.0054786752199999997,7.6456186199999996,7.5509347199999999,7.7403025200000002,82.3225853,104.628692,104.628692,102.10498800000001,107.216318,2.5237040799999999,2.58762566
546.56323199999997,0.00063512514300000003,0.0052291933099999997,9.5433917099999999,9.4252056500000005,9.6615777699999992,78.573869599999995,99.193363000000005,99.193363000000005,96.829820299999994,101.615994,2.3635427099999999,2.4226310500000001
547.14843800000006,0.00063444884500000001,0.0050325437300000001,9.5332296700000008,9.4151694500000005,9.6512898800000002,75.619012499999997,95.358921699999996,95.358921699999996,93.091286999999994,97.683124100000001,2.2676346700000001,2.3242024200000002
547.73364300000003,0.000652581178,0.0048736247199999997,9.8056861400000006,9.6842518099999992,9.9271204700000002,73.231095100000005,92.176347199999995,92.176347199999995,89.991872400000005,94.415112399999998,2.1844747199999999,2.2387652600000001
548.31878700000004,0.00070650231099999997,0.0048126599999999999,10.6159052,10.484437099999999,10.7473733,72.315039100000007,90.744650500000006,90.744650500000006,88.606292600000003,92.935821300000001,2.1383579300000002,2.19117082
548.90386999999998,0.00077274925500000005,0.00482982312,11.6113319,11.467536300000001,11.7551275,72.572932199999997,90.782241400000004,90.782241400000004,88.655545799999999,92.961118600000006,2.1266955900000002,2.1788771599999999
549.48895300000004,0.00078235223799999996,0.0048093572999999999,11.755626400000001,11.6100438,11.9012089,72.265412799999993,90.339764599999995,90.339764599999995,88.2259782,92.505345800000001,2.1137863700000001,2.16558121
550.07397500000002,0.000815158696,0.0047367900500000001,12.2485763,12.096888999999999,12.400263499999999,71.175017100000005,88.776421600000006,88.776421600000006,86.708032000000003,90.895250700000005,2.0683895699999999,2.1188291000000001
550.65893600000004,0.000952445028,0.0046622655300000001,14.311441,14.134207,14.488674899999999,70.055211499999999,86.705948100000001,86.705948100000001,84.715534700000006,88.744076800000002,1.9904134099999999,2.0381286599999999
551.24389599999995,0.0010292375000000001,0.0046243232500000004,15.465324900000001,15.273801199999999,15.6568486,69.485090799999995,85.620864999999995,85.620864999999995,83.6722386,87.615730999999997,1.94862644,1.9948659799999999
551.82885699999997,0.00111775587,0.0045543866900000004,16.795401999999999,16.587406600000001,17.003397499999998,68.434223900000006,83.858807100000007,83.858807100000007,81.971153900000004,85.790661700000001,1.8876531599999999,1.93185468
552.41369599999996,0.0010793987100000001,0.0044015390100000003,16.2190473,16.018189400000001,16.419905199999999,66.137534299999999,81.048251199999996,81.048251199999996,79.223692999999997,82.915538299999994,1.8245581500000001,1.8672871099999999
552.99859600000002,0.00084977256199999997,0.0040948829699999998,12.7686843,12.610556000000001,12.9268126,61.529719999999998,76.094704699999994,76.094704699999994,74.350524500000006,77.880623,1.74418015,1.7859183599999999
553.58337400000005,0.00070031832200000003,0.0038098641399999999,10.522984599999999,10.392667100000001,10.653302,57.247026400000003,71.203558400000006,71.203558400000006,69.553446500000007,72.893664900000005,1.6501118800000001,1.6901064699999999
554.16815199999996,0.000380196398,0.0034291355800000001,5.7128318699999996,5.6420837400000003,5.7835799899999998,51.526198399999998,65.210710500000005,65.210710500000005,63.649789400000003,66.810846600000005,1.56092103,1.6001361000000001
554.75292999999999,0.00025191772199999998,0.0031960784500000001,3.78531621,3.73843858,3.83219384,48.024281500000001,61.238517799999997,61.238517799999997,59.752677900000002,62.762225200000003,1.48583993,1.52370736
555.33764599999995,0.00037189757500000003,0.0032942550400000001,5.58813374,5.51892988,5.65733759,49.499482999999998,62.615860099999999,62.615860099999999,61.118350300000003,64.150956800000003,1.4975097799999999,1.53509677
555.92230199999995,0.00052142164600000001,0.0033207634899999998,7.8348827400000003,7.7378549799999998,7.9319104999999999,49.897798999999999,62.462046700000002,62.462046700000002,60.9968371,63.963261199999998,1.4652096400000001,1.5012144300000001
556.50695800000005,0.00073324991399999998,0.0033433304099999999,11.017814700000001,10.881369299999999,11.1542602,50.236889699999999,61.951678299999998,61.951678299999998,60.539552700000002,63.397374399999997,1.4121255800000001,1.4456961100000001
557.09155299999998,0.00068086970399999997,0.00316733887,10.230749599999999,10.104051200000001,10.3574479,47.592440500000002,58.752426,58.752426,57.410462699999997,60.126370000000001,1.3419633099999999,1.37394397
557.67614700000001,0.00044767471099999999,0.00291763089,6.7267611299999999,6.6434564299999996,6.8100658300000001,43.840327799999997,54.926198300000003,54.926198300000003,53.6356994,56.248465500000002,1.2904989200000001,1.32226719
558.26068099999998,0.00032977492100000002,0.00263448289,4.9551986399999999,4.8938331000000002,5.0165641900000004,39.585745299999999,49.929934600000003,49.929934600000003,48.7421401,51.147371900000003,1.1877944899999999,1.21743735
558.84521500000005,-6.0388550599999999e-05,0.00219043198,-0.90739848700000003,-0.91863577600000001,-0.89616119800000005,32.913435499999999,43.015762600000002,43.015762600000002,41.926908500000003,44.133566500000001,1.08885411,1.1178038800000001
559.42962599999998,-0.00021857572000000001,0.0019899744800000001,-3.28431922,-3.3249924700000002,-3.2436459700000002,29.9013606,39.813966299999997,39.813966299999997,38.775207799999997,40.881130800000001,1.0387584599999999,1.0671645599999999
560.01409899999999,-0.000163059669,0.00203103263,-2.4501349299999999,-2.4804775800000001,-2.4197922799999998,30.518300400000001,40.366014900000003,40.366014900000003,39.323992199999999,41.4362578,1.0420227500000001,1.0702428900000001
560.59851100000003,-2.20936136e-05,0.0020267395899999999,-0.33197868400000002,-0.33608993199999998,-0.32786743499999998,30.453793300000001,39.649543399999999,39.649543399999999,38.652284799999997,40.673153800000001,0.99725858199999995,1.02361042
561.182861,0.000137584651,0.0021580165699999999,2.0673472500000001,2.0417450700000002,2.09294943,32.426361499999999,41.494638500000001,41.494638500000001,40.4815477,42.533715899999997,1.01309085,1.0390773900000001
561.76715100000001,0.00018837048300000001,0.0021565836300000002,2.8304552699999999,2.7954026999999999,2.8655078299999999,32.404830099999998,41.238734200000003,41.238734200000003,40.241714999999999,42.261068399999999,0.997019239,1.0223341500000001
562.35144000000003,0.00029264730800000001,0.00226831703,4.3973190600000001,4.3428623399999999,4.4517757800000002,34.083736299999998,42.951107700000001,42.951107700000001,41.931039900000002,43.996586399999998,1.0200678000000001,1.0454786199999999
562.93573000000004,0.000488365933,0.0023028715600000001,7.33818752,7.2473108699999997,7.4290641700000002,34.602952799999997,42.746973599999997,42.746973599999997,41.769255000000001,43.748030100000001,0.97771857799999995,1.0010565199999999
563.51995799999997,0.00050090350799999995,0.0022263361799999999,7.5265771499999996,7.4333674700000003,7.6197868299999998,33.452932099999998,41.197167999999998,41.197167999999998,40.260650900000002,42.155877400000001,0.936517092,0.95870939200000005
564.10412599999995,0.00056036915099999995,0.0021539294600000001,8.4201080299999997,8.3158328000000008,8.5243832699999995,32.364948499999997,39.517303499999997,39.517303499999997,38.634173599999997,40.4209295,0.88312985700000002,0.90362603200000002
564.68829300000004,0.00054341673899999999,0.00199535986,8.1653810399999998,8.0642603699999995,8.2665017200000008,29.9822813,36.499017799999997,36.499017799999997,35.688258099999999,37.328452200000001,0.81075971700000005,0.82943442899999997
565.27239999999995,0.00040954865700000001,0.0017189290700000001,6.1538789700000001,6.0776688800000001,6.2300890600000001,25.8286318,31.705506,31.705506,30.989334599999999,32.438518500000001,0.71617142600000006,0.733012514
565.85644500000001,0.000277682751,0.0015424948199999999,4.1724616000000001,4.1207895299999997,4.2241336699999996,23.177530300000001,28.8543691,28.8543691,28.184518499999999,29.540487500000001,0.66985057299999995,0.686118428
566.44049099999995,9.6131158700000005e-05,0.00133798264,1.44446699,1.42657861,1.46235538,20.104529899999999,25.678315000000001,25.678315000000001,25.053470099999998,26.319132400000001,0.62484487399999999,0.64081741299999995
567.02453600000001,5.9827798200000001e-05,0.0012592081300000001,0.89897262,0.88783967699999999,0.91010556200000003,18.920864000000002,24.304026400000001,24.304026400000001,23.706694800000001,24.9167843,0.59733160399999996,0.61275788399999997
567.60845900000004,0.00014954549899999999,0.0012836909200000001,2.2470709800000002,2.21924309,2.2748988699999999,19.2887424,24.3791118,24.3791118,23.7969689,24.975841899999999,0.58214290499999999,0.59673014300000005
568.19244400000002,0.00023506836600000001,0.0013925648500000001,3.53213775,3.4883955000000002,3.5758800000000002,20.924682300000001,26.1198579,26.1198579,25.5103878,26.7442156,0.60947012700000003,0.62435770300000004
568.77630599999998,0.00035902828899999999,0.0015131224600000001,5.39475982,5.3279507199999996,5.4615689200000004,22.736181299999998,27.916086400000001,27.916086400000001,27.285212300000001,28.561804299999999,0.630874092,0.64571790799999995
569.36016800000004,0.000359610422,0.0015475887800000001,5.4035069499999997,5.3365895200000004,5.4704243699999999,23.254072300000001,28.586059299999999,28.586059299999999,27.938516,29.248882299999998,0.64754335699999999,0.66282298699999997
569.944031,0.00025928140599999999,0.0014738051099999999,3.8959629499999999,3.8477150600000001,3.9442108400000002,22.145398700000001,27.596528800000002,27.596528800000002,26.9546809,28.2539978,0.641847893,0.65746894600000005
570.52783199999999,0.000136630461,0.0013801001299999999,2.0530095899999998,2.0275849699999999,2.0784342100000002,20.737387399999999,26.318435300000001,26.318435300000001,25.685263299999999,26.967600699999998,0.63317199999999996,0.64916535200000003
571.11157200000002,-1.3800996599999999e-05,0.0012677492200000001,-0.20737380399999999,-0.209941936,-0.20480567099999999,19.049202399999999,24.801166800000001,24.801166800000001,24.177375600000001,25.441441099999999,0.62379116499999998,0.64027430399999996
571.69531199999994,-4.5370229499999999e-05,0.0012372055000000001,-0.681733162,-0.69017579600000001,-0.67329052899999997,18.590252400000001,24.346819499999999,24.346819499999999,23.728401600000002,24.981733699999999,0.61841788200000003,0.63491421199999998
572.27899200000002,5.2618733999999998e-05,0.0012737608599999999,0.79064920599999999,0.78085774799999996,0.80044066300000005,19.139533400000001,24.620368899999999,24.620368899999999,24.013742700000002,25.2427013,0.60662622399999999,0.62233240199999995
572.86261000000002,0.000203903208,0.0013732065900000001,3.0638500299999998,3.0259070800000001,3.10179297,20.6338051,25.881973500000001,25.881973500000001,25.272532000000002,26.506454399999999,0.60944145599999999,0.62448088999999996
573.44622800000002,0.00030067102299999998,0.0013295925899999999,4.5178834200000004,4.4619336199999999,4.57383322,19.978460999999999,24.596555599999999,24.596555599999999,24.0377191,25.168626,0.55883651899999998,0.57207037999999999
574.02984600000002,0.000245923339,0.00116932139,3.6952446000000001,3.64948242,3.7410067800000002,17.570225600000001,21.714700499999999,21.714700499999999,21.217626299999999,22.223651199999999,0.49707414799999999,0.50895077899999996
574.61334199999999,0.00014844889699999999,0.00099193474799999992,2.2305934399999998,2.2029696099999998,2.2582172699999998,14.904813600000001,18.690619600000002,18.690619600000002,18.250741000000001,19.141347,0.43987861299999997,0.45072742300000002
575.19689900000003,3.8466219799999999e-05,0.00077743915900000001,0.57799349899999997,0.57083558599999995,0.58515141299999995,11.6818024,14.9985246,14.9985246,14.6301927,15.376360999999999,0.368331876,0.37783645399999999
575.78033400000004,-8.0880632899999998e-05,0.000630922084,-1.2153125600000001,-1.2303630800000001,-1.2002620399999999,9.4802365399999999,12.6750109,12.6750109,12.342167,13.017010000000001,0.33284396199999999,0.34199908000000001
576.36377000000005,-0.00010769765200000001,0.00060006070900000001,-1.6182651400000001,-1.63830586,-1.5982244299999999,9.0165134699999996,12.1931356,12.1931356,11.8672586,12.5281158,0.32587708399999998,0.33498018400000001
576.94720500000005,5.19736861e-05,0.00074687736100000003,0.78095671600000005,0.77128529099999998,0.79062814100000001,11.222580799999999,14.341507500000001,14.341507500000001,13.992201,14.6997517,0.349306479,0.35824424300000002
577.53057899999999,0.00024598599199999999,0.00091743436700000001,3.6961860199999998,3.65041218,3.7419598600000001,13.7853707,16.799023300000002,16.799023300000002,16.425078200000002,17.181604400000001,0.37394508399999998,0.382581169
578.11389199999996,0.000235736279,0.00091862761400000003,3.54217381,3.4983072700000002,3.5860403500000002,13.803300399999999,16.868312299999999,16.868312299999999,16.4906817,17.254726099999999,0.37763054600000001,0.38641381000000002
578.69720500000005,8.2062322199999999e-05,0.00087231589700000002,1.2330686200000001,1.21779821,1.2483390400000001,13.1074205,16.654304799999998,16.654304799999998,16.2527969,17.065976800000001,0.40150785,0.41167199300000001
579.28045699999996,1.3913767e-05,0.00081346735300000001,0.20906829199999999,0.20647917499999999,0.21165740899999999,12.2231621,15.811787600000001,15.811787600000001,15.418415599999999,16.2154433,0.39337194800000003,0.403655706
579.86364700000001,1.12614681e-05,0.00071274489499999997,0.169214844,0.16711927500000001,0.17131041299999999,10.709706300000001,13.858164800000001,13.858164800000001,13.5132183,14.2121336,0.34494648500000002,0.35396887700000002
580.44683799999996,-2.0203175200000001e-05,0.00060949252299999997,-0.30357295200000001,-0.30733242199999999,-0.29981348299999999,9.1582359199999992,11.9844905,11.9844905,11.6804854,12.2965947,0.304005103,0.31210417000000001
581.02996800000005,8.4555063800000005e-06,0.00058119278000000004,0.12705245600000001,0.12547902899999999,0.128625883,8.7330039199999998,11.3036128,11.3036128,11.022113299999999,11.5924788,0.28149949699999999,0.28886597200000003
581.61309800000004,0.00012532268799999999,0.000636187806,1.8830989600000001,1.85977853,1.9064194000000001,9.5593592899999997,11.852268199999999,11.852268199999999,11.579261799999999,12.1318453,0.27300640999999998,0.27957709400000003
582.19616699999995,0.000231213317,0.000690957154,3.4742117800000001,3.4311868900000002,3.5172366799999999,10.382323599999999,12.445785600000001,12.445785600000001,12.1780603,12.719424099999999,0.26772527600000001,0.27363844399999998
582.77923599999997,0.000245067411,0.00075922136899999996,3.6823834199999999,3.6367805199999999,3.7279863299999998,11.4080619,13.715731999999999,13.715731999999999,13.418835700000001,14.019241299999999,0.29689630500000003,0.30350928900000002
583.36224400000003,0.000214394549,0.00085218315899999997,3.2214929400000001,3.18159774,3.2613881400000002,12.8049059,15.667483799999999,15.667483799999999,15.3158686,16.027302200000001,0.35161519699999999,0.35981835400000001
583.94519000000003,0.000183856369,0.00089168175899999997,2.7626261900000002,2.72841362,2.79683875,13.398412,16.575334999999999,16.575334999999999,16.195171899999998,16.9646021,0.38016312200000002,0.38926708399999999
584.52813700000002,0.000113565668,0.00086176913999999995,1.7064379700000001,1.6853053099999999,1.7275706200000001,12.948944900000001,16.307096300000001,16.307096300000001,15.9202783,16.703537699999998,0.386818049,0.396441349
585.11102300000005,2.8214893299999999e-05,0.00078007756400000003,0.42395704499999998,0.41870673000000003,0.42920735999999998,11.721447100000001,15.096022100000001,15.096022100000001,14.7232979,15.478416599999999,0.37272414999999998,0.38239451400000002
585.69390899999996,4.4285837999999999e-06,0.00067750247800000001,0.066543909400000004,0.065719824699999999,0.067367994,10.180153600000001,13.201102000000001,13.201102000000001,12.8713122,13.5395488,0.32978980499999999,0.33844679799999999
586.27673300000004,5.8092618499999999e-06,0.00059255232999999997,0.087289980700000006,0.086208975199999996,0.088370986200000001,8.9036925399999998,11.537163400000001,11.537163400000001,11.249311000000001,11.8325625,0.28785242500000002,0.295399042
586.85949700000003,2.6404701299999999e-05,0.00055052035099999999,0.396757097,0.391843628,0.40167056600000001,8.2721199399999996,10.624501,10.624501,10.363425400000001,10.892317800000001,0.26107565799999999,0.26781676900000001
587.44226100000003,7.2212418800000002e-05,0.00050847152000000001,1.0850639500000001,1.07162644,1.09850147,7.6402941100000001,9.5983498699999998,9.5983498699999998,9.3716901700000008,9.8306206799999991,0.22665970099999999,0.23227081099999999
588.02496299999996,0.000107053405,0.00042585389800000001,1.60858469,1.58866386,1.62850552,6.3988815600000004,7.8297494500000004,7.8297494500000004,7.6540144799999998,8.0095848000000007,0.17573497599999999,0.17983534800000001
588.60766599999999,9.5731973900000002e-05,0.00034372596400000002,1.4384688400000001,1.4206547300000001,1.4562829399999999,5.1648270399999996,6.2778950800000004,6.2778950800000004,6.1388736000000002,6.42010623,0.139021481,0.14221114800000001
589.19030799999996,6.0376346399999999e-05,0.00029072345700000002,0.90721510599999999,0.89598008799999995,0.91845012400000003,4.3684112700000002,5.40227507,5.40227507,5.2784576000000003,5.52905522,0.123817461,0.126780157
589.77288799999997,6.9140136500000002e-05,0.00026302648399999999,1.0388998300000001,1.02603402,1.0517656500000001,3.9522365000000002,4.8224539399999999,4.8224539399999999,4.7148259299999999,4.9325756900000002,0.10762801,0.110121752
590.35546899999997,0.000117967182,0.00026059829399999998,1.7725751199999999,1.7506234199999999,1.79452682,3.9157505100000001,4.55591978,4.55591978,4.4642569400000003,4.6494171199999998,0.091662836900000003,0.093497340499999998
590.93798800000002,0.000108381032,0.00028697890199999999,1.62853362,1.60836574,1.6487015,4.3121455700000002,5.1137439499999999,5.1137439499999999,5.0062861300000003,5.2234988700000002,0.107457815,0.10975491800000001
591.52050799999995,8.5210601399999996e-05,0.00032663125900000002,1.28037467,1.2645184199999999,1.2962309299999999,4.9079619699999997,5.9915270100000004,5.9915270100000004,5.8576760999999999,6.1284830299999999,0.13385090599999999,0.13695602900000001
592.10296600000004,0.000113817281,0.00035667935399999999,1.7102187,1.6890392299999999,1.73139818,5.3594647100000001,6.4494992399999997,6.4494992399999997,6.3096206199999996,6.5925015199999999,0.13987862000000001,0.14300228100000001
592.68542500000001,0.000176995968,0.00040810400499999999,2.6595417800000001,2.62660582,2.6924777400000002,6.1321716200000003,7.1694506599999999,7.1694506599999999,7.0235603600000003,7.3183134499999998,0.145890306,0.148862789
593.26776099999995,0.000226551472,0.00043746560400000003,3.4041628899999998,3.36200549,3.4463203,6.5733590700000004,7.5200020900000002,7.5200020900000002,7.3747601300000003,7.6679567899999999,0.14524195100000001,0.14795470299999999
593.85015899999996,0.00020441279900000001,0.00039546072600000001,3.07150714,3.0334693800000001,3.1095449099999999,5.9421936899999999,6.7996714899999997,6.7996714899999997,6.6682588100000002,6.9335414100000001,0.131412686,0.13386992
594.43243399999994,0.00018378559600000001,0.00037264064100000002,2.76156275,2.7273633500000001,2.7957621399999999,5.59929904,6.4469345599999999,6.4469345599999999,6.3204320200000002,6.5758661199999997,0.126502538,0.128931568
595.014771,0.00019939398600000001,0.00039334319500000003,2.9960944500000002,2.95899059,3.0331983,5.9103756599999997,6.7808752400000003,6.7808752400000003,6.6489784700000003,6.91526657,0.13189677399999999,0.13439132500000001
595.59698500000002,0.000196364647,0.00037961187200000001,2.9505755900000001,2.9140354500000001,2.9871157300000002,5.70404877,6.5265147900000002,6.5265147900000002,6.40041233,6.6549741500000001,0.126102457,0.12845935999999999
596.17919900000004,0.00019699616900000001,0.00032589444199999999,2.9600648399999998,2.9234071799999999,2.9967225000000002,4.8968905600000001,5.4754229199999997,5.4754229199999997,5.3757660700000001,5.5767376500000001,0.099656853899999995,0.10131472699999999
596.76135299999999,0.000189598107,0.00028069854000000003,2.8489015499999999,2.81362055,2.8841825600000002,4.21777684,4.6266616699999998,4.6266616699999998,4.5468552100000004,4.7076398499999996,0.079806456999999997,0.080978179400000003
597.34350600000005,0.000214954856,0.00027296148300000003,3.2299121199999998,3.1899126500000001,3.26991159,4.1015198100000001,4.3618701599999996,4.3618701599999996,4.2935198799999998,4.4309665200000001,0.068350279900000005,0.069096353900000004
597.92559800000004,0.00020236264899999999,0.000242185784,3.0407015799999999,3.0030453100000001,3.0783578500000002,3.6390840999999998,3.8178217299999999,3.8178217299999999,3.7607018499999998,3.8754538100000002,0.057119878300000003,0.057632078599999997
598.50769000000003,7.1458312399999999e-05,0.00013387886900000001,1.07373275,1.0604355700000001,1.0870299400000001,2.01166417,2.2918254999999998,2.2918254999999998,2.2480201900000001,2.33643366,0.043805311200000002,0.044608156599999997
599.08966099999998,-2.74509194e-05,9.4305936600000003e-05,-0.41247757200000001,-0.41758572399999999,-0.40736941900000001,1.4170411999999999,1.96352083,1.96352083,1.90912017,2.0194875200000002,0.054400665600000002,0.055966687199999997
599.67169200000001,-2.9279117199999999e-05,0.000159506905,-0.43994807600000002,-0.44539642499999998,-0.434499727,2.39675109,3.2440768100000001,3.2440768100000001,3.15725576,3.3333260199999999,0.0868210591,0.0892492015
600.253601,-1.4095142699999999e-05,0.00015963129000000001,-0.211793644,-0.214416512,-0.209170776,2.3986200900000001,3.1783540700000001,3.1783540700000001,3.0960679199999999,3.26287466,0.082286146599999999,0.084520594300000002
600.83557099999996,-1.18989123e-05,0.000128345755,-0.17879308199999999,-0.181007268,-0.17657889500000001,1.92852358,2.5579817999999999,2.5579817999999999,2.49165123,2.6261161799999999,0.066330572599999998,0.068134382100000002
601.417419,-3.9130662299999999e-05,0.00012439400299999999,-0.58797741299999995,-0.595258968,-0.58069585800000001,1.8691445499999999,2.6030900699999999,2.6030900699999999,2.5304487400000002,2.6778346399999999,0.0726413328,0.074744566700000001
601.99926800000003,-7.3024724200000001e-05,6.4992682199999999e-05,-1.09726966,-1.1108583299999999,-1.08368099,0.97658017799999997,1.5960418199999999,1.5960418199999999,1.5421743000000001,1.6516844900000001,0.053867515099999999,0.055642677799999998
602.58105499999999,-7.1598769899999996e-06,0.000112436056,-0.10758432699999999,-0.108916659,-0.106251994,1.68946442,2.2262452100000001,2.2262452100000001,2.16912488,2.2849037700000001,0.057120332099999997,0.0586585601
603.16284199999996,6.55004282e-05,0.000111968251,0.98420956999999998,0.97202104600000006,0.99639809300000004,1.68243517,1.89099606,1.89099606,1.85609633,1.9264934600000001,0.034899730499999997,0.035497393799999999
603.74456799999996,0.00011670429700000001,7.0679766899999999e-05,1.7535990100000001,1.73188231,1.7753157100000001,1.06203432,0.855463054,0.855463054,0.83319770900000001,0.87771433200000004,0.0222653456,0.022251277699999999
604.32629399999996,0.00024308383200000001,9.8627996200000004e-05,3.65257817,3.6073443699999999,3.6978119600000001,1.4819844799999999,0.83362532,0.83362532,0.78666950199999996,0.88053698400000002,0.046955818000000003,0.046911663499999999
604.90795900000001,0.00028225818599999998,5.05375306e-05,4.2412120900000003,4.1886886099999998,4.2937355699999999,0.75937703899999998,0,-0.28065161100000002,0,0,0.28065161100000002,0.28065161100000002
605.48956299999998,0.000235893729,4.23957053e-05,3.5445396599999999,3.5006438200000001,3.5884355000000001,0.63703795500000004,0,-0.231436579,0,0,0.231436579,0.231436579
606.07116699999995,7.5303107e-05,4.7870174500000001e-05,1.13150464,1.1174920100000001,1.14551728,0.71929734099999998,0.59617048500000003,0.59617048500000003,0.58183082799999997,0.61050175799999995,0.0143396575,0.0143312723
606.65270999999996,-7.3654754299999994e-05,-3.8171980900000001e-06,-1.1067364900000001,-1.1204423999999999,-1.0930305899999999,-0.057357226499999997,0.256093723,0.256093723,0.23566643400000001,0.27741925299999998,0.020427288799999999,0.021325530799999999
607.23419200000001,-0.000128421599,3.2722361299999998e-05,-1.92966321,-1.9535602999999999,-1.90576612,0.49168626900000001,1.2149464999999999,1.2149464999999999,1.16008428,1.27188134,0.054862225100000002,0.056934838699999997
607.81567399999994,-0.00023627096,-2.28799132e-05,-3.55020794,-3.5941739699999999,-3.5062419,-0.34379362299999999,0.61396649599999997,0.61396649599999997,0.55363738500000004,0.67704021599999997,0.060329110900000003,0.06307372
608.39709500000004,-0.00032095745000000001,-0.00012757900600000001,-4.8227073100000002,-4.8824320700000001,-4.7629825500000003,-1.91700241,0,-1.04906458,0,0,1.04906458,1.04906458
608.97851600000001,-0.00026067154300000002,-0.00012368766999999999,-3.9168511499999998,-3.9653577200000001,-3.86834458,-1.8585311900000001,0,-1.2437083499999999,0,0,1.2437083499999999,1.2437083499999999
609.55987500000003,-0.00018353189600000001,-0.000132059526,-2.7577506500000002,-2.7919028300000002,-2.7235984599999998,-1.9843267099999999,0,-1.7533039699999999,0,0,1.7533039699999999,1.7533039699999999
610.14117399999998,4.5058369100000004e-06,-1.04699347e-05,0.067704714799999996,0.066866254700000002,0.068543174999999998,-0.15732125999999999,0,-0.224536811,0,0,0.224536811,0.224536811
610.72247300000004,4.5120487499999999e-05,1.33265116e-05,0.67798053899999999,0.66958437900000001,0.68637669999999995,0.20024418999999999,0.057543722499999998,0.057543722499999998,0.048768553700000002,0.066309173200000002,0.00877516884,0.00876545068
611.30377199999998,0.00016377389400000001,4.0571664100000003e-05,2.4608668800000002,2.43039132,2.49134243,0.60962990900000003,0.056663022100000002,0.056663022100000002,0.0247188029,0.088569583300000004,0.0319442193,0.031906561200000003
611.88494900000001,0.00012004647,-1.1506508500000001e-05,1.8038185099999999,1.78147989,1.8261571299999999,-0.17289682100000001,0,-0.76334425800000005,0,0,0.76334425800000005,0.76334425800000005
612.46612500000003,0.000109343946,5.1533827399999998e-05,1.6430023499999999,1.62265529,1.6633494200000001,0.77434739799999996,0.51487903499999998,0.51487903499999998,0.49384283299999998,0.53589756600000005,0.021036201599999999,0.021018531399999998
613.04730199999995,0.00014119033299999999,9.8983012399999997e-05,2.1215262400000001,2.0952531099999998,2.1477993799999999,1.4873189499999999,1.2978804100000001,1.2978804100000001,1.2711041300000001,1.3246437900000001,0.026776279199999999,0.026763378099999999
613.62841800000001,0.00020655969200000001,0.000183077541,3.1037663700000002,3.0653291,3.14220364,2.7509235099999998,2.6455288800000001,2.6455288800000001,2.6068116899999998,2.6842389,0.0387171943,0.038710016799999997
614.209473,0.00033417586100000001,0.00025675154000000001,5.0213271900000001,4.9591427000000001,5.08351167,3.8579491799999999,3.51044665,3.51044665,3.44733921,3.5735304299999999,0.063107439200000004,0.063083773600000004
614.79046600000004,0.00048038863899999999,0.000400533612,7.2183206799999997,7.12892847,7.3077128900000003,6.0184188900000004,5.6600066599999996,5.6600066599999996,5.5696625199999996,5.7503263999999996,0.090344142799999999,0.090319734299999996
615.37152100000003,0.00047956189900000002,0.00041956158900000002,7.2058980899999998,7.1166597200000004,7.2951364600000002,6.3043333099999996,6.0350347400000004,6.0350347400000004,5.9450811200000002,6.1249700100000002,0.089953617200000002,0.089935277499999994
615.95245399999999,0.00044649805399999998,0.00045277419500000001,6.7090806900000004,6.62599494,6.79216643,6.8033859999999997,6.83155511,6.83155511,6.7454019000000001,6.9177890499999997,0.086153216899999996,0.086233939800000006
616.53338599999995,0.00035635535299999998,0.000418245212,5.35459628,5.2882845700000001,5.4209079899999999,6.2845534199999999,6.56233282,6.56233282,6.4657723699999998,6.6596893000000001,0.096560458099999996,0.097356477699999999
617.11425799999995,0.00031587045500000002,0.000490030602,4.7462701200000001,4.68749196,4.8050482800000003,7.3632008500000001,8.1448814499999997,8.1448814499999997,8.0009823000000004,8.2910206300000002,0.143899148,0.14613917500000001
617.69506799999999,0.00016418516,0.00034909188499999998,2.4670465500000001,2.43649447,2.4975986400000001,5.2454553900000001,6.0753697200000003,6.0753697200000003,5.9544442399999999,6.1986734500000003,0.120925481,0.123303729
618.27587900000003,-3.4058822e-05,5.7502899399999998e-05,-0.51176792999999998,-0.51810570099999997,-0.50543015800000002,0.86403868500000003,1.2749939100000001,1.2749939100000001,1.23658077,1.3145846999999999,0.038413136200000003,0.039590791700000003
618.85668899999996,-0.000149536352,-0.00018378853900000001,-2.2469335300000002,-2.27475972,-2.2191073499999998,-2.7616069599999999,0,-2.9153405800000001,0,0,2.9153405800000001,2.9153405800000001
619.43743900000004,-0.00025916753400000001,-0.00036459032599999998,-3.8942519099999999,-3.9424786100000002,-3.8460252100000001,-5.4783350000000004,0,-5.9515026799999999,0,0,5.9515026799999999,5.9515026799999999
620.01812700000005,-0.00030198711100000002,-0.00039756463100000002,-4.5376589599999999,-4.5938536599999997,-4.4814642600000001,-5.97380698,0,-6.4027862600000001,0,0,6.4027862600000001,6.4027862600000001
620.59875499999998,-0.00039888274599999998,-0.000389628419,-5.99361298,-6.0678383199999999,-5.9193876300000001,-5.8545574299999998,0,-5.8130213499999996,0,0,5.8130213499999996,5.8130213499999996
621.17938200000003,-0.00038636931799999999,-0.00034047164699999998,-5.8055861799999997,-5.8774829799999999,-5.7336893699999996,-5.1159276800000004,0,-4.90992579,0,0,4.90992579,4.90992579
621.76000999999997,-0.000394586079,-0.00020843126900000001,-5.9290512399999997,-6.0024770399999996,-5.8556254399999998,-3.1318886799999999,0,-2.2963725899999998,0,0,2.2963725899999998,2.2963725899999998
622.34051499999998,-0.00039703849299999998,-0.000147093915,-5.9659012300000001,-6.0397833800000003,-5.8920190699999999,-2.2102334699999999,0,-1.08841063,0,0,1.08841063,1.08841063
622.921021,-0.00037029309799999999,-0.00017483600200000001,-5.5640248699999999,-5.6329301599999999,-5.4951195799999999,-2.6270861299999999,0,-1.7498187199999999,0,0,1.7498187199999999,1.7498187199999999
623.50152600000001,-0.00030490544299999997,-0.000117451143,-4.58150981,-4.6382475599999999,-4.5247720600000001,-1.76482111,0,-0.92347254300000003,0,0,0.92347254300000003,0.92347254300000003
624.08196999999996,-0.00026138103100000002,-5.5397983499999999e-05,-3.9275119100000002,-3.9761505100000001,-3.8788733199999998,-0.83241021500000001,0.092100681599999998,0.092100681599999998,0.040064799700000001,0.146785892,0.052035881800000003,0.054685210099999999
624.66235400000005,-0.00022350568600000001,-2.4303299399999999e-05,-3.3583968999999998,-3.3999875400000001,-3.3168062699999998,-0.365181427,0.52889592299999999,0.52889592299999999,0.47312613599999997,0.58722782699999998,0.055769787100000003,0.058331903400000003
625.24273700000003,-0.00025199650599999997,-5.8204074400000003e-05,-3.7865000200000001,-3.8333923099999998,-3.73960772,-0.87457454300000004,0,-0.0047786229200000004,0,0.045537915499999998,0.0047786229200000004,0.050316538399999999
625.82305899999994,-0.00017767426799999999,-5.7389327699999998e-05,-2.6697339100000002,-2.7027960900000001,-2.6366717300000002,-0.86233215699999999,0,-0.32245890399999999,0,0,0.32245890399999999,0.32245890399999999
626.40332000000001,-0.000116822709,-3.96483153e-05,-1.7553782600000001,-1.7771169899999999,-1.73363953,-0.59575566800000002,0,-0.24937489299999999,0,0,0.24937489299999999,0.24937489299999999
626.98358199999996,-4.5178577500000003e-05,-3.9718825600000001e-05,-0.67885340000000005,-0.68726036999999995,-0.67044643000000004,-0.59681515500000004,0,-0.57231022499999995,0,0,0.57231022499999995,0.57231022499999995
627.56378199999995,4.2841386400000001e-05,4.5451745199999997e-05,0.64373476100000004,0.63576270300000004,0.65170682000000002,0.682958018,0.69467405500000001,0.69467405500000001,0.68542618099999997,0.70395550399999995,0.0092478744300000006,0.0092814485400000007
628.14398200000005,0.000122017942,0.000136991704,1.83344185,1.8107363700000001,1.85614733,2.0584376299999998,2.1256441599999998,2.1256441599999998,2.0956202300000002,2.15586067,0.0300239227,0.030216513399999999
628.72412099999997,0.00015556492400000001,0.00013304318699999999,2.3375188599999999,2.3085708600000001,2.36646687,1.9991072000000001,1.8980231999999999,1.8980231999999999,1.86880672,1.9272328000000001,0.029216480499999999,0.029209596500000001
629.30419900000004,0.000121265885,1.6571113900000001e-05,1.8221414300000001,1.7995759,1.8447069700000001,0.24899759199999999,0,-0.22090251599999999,0,0,0.22090251599999999,0.22090251599999999
629.884277,6.3409230399999998e-05,-5.8512235800000001e-05,0.95278722800000004,0.94098784099999999,0.96458661499999998,-0.879204977,0,-1.42642343,0,0,1.42642343,1.42642343
630.464294,5.1349357000000002e-05,-0.00012683949399999999,0.77157554500000003,0.76202029699999996,0.78113079299999999,-1.9058904999999999,0,-2.7056530799999998,0,0,2.7056530799999998,2.7056530799999998
631.04425000000003,-1.1656716100000001e-06,-0.000190209364,-0.017515383999999998,-0.017732295799999999,-0.017298472200000001,-2.8580863000000001,0,-3.7065685199999998,0,0,3.7065685199999998,3.7065685199999998
631.62420699999996,-4.9113811700000002e-05,-0.00022950336599999999,-0.73798423700000004,-0.74712348799999995,-0.72884498600000003,-3.4485180500000001,0,-4.2581580199999998,0,0,4.2581580199999998,4.2581580199999998
632.20416299999999,-1.28150471e-05,-0.000107792427,-0.19255892499999999,-0.194943589,-0.19017426100000001,-1.61968924,0,-2.0459749199999999,0,0,2.0459749199999999,2.0459749199999999
632.783997,9.3274327800000006e-06,-7.9119067999999999e-05,0.14015402399999999,0.138418347,0.14188970200000001,-1.1888432799999999,0,-1.5858165,0,0,1.5858165,1.5858165
633.363831,-2.3426149799999999e-05,-0.00015915788,-0.35200137500000001,-0.35636058599999998,-0.347642165,-2.3915066399999998,0,-3.0007095100000001,0,0,3.0007095100000001,3.0007095100000001
633.94366500000001,-4.5208883300000002e-05,-0.00022662123100000001,-0.679308774,-0.68772138400000005,-0.67089616500000004,-3.4052110799999999,0,-4.2194416400000003,0,0,4.2194416400000003,4.2194416400000003
634.52337599999998,-7.8664635900000006e-05,-0.00030800106099999999,-1.1820149799999999,-1.19665314,-1.1673768200000001,-4.6280245899999999,0,-5.6573521299999996,0,0,5.6573521299999996,5.6573521299999996
635.10314900000003,-8.7310627699999999e-05,-0.00032758296499999997,-1.31192967,-1.3281767099999999,-1.2956826400000001,-4.9222623099999998,0,-6.0006733600000004,0,0,6.0006733600000004,6.0006733600000004
635.68280000000004,-3.3469872799999999e-05,-0.000232246577,-0.50291837900000003,-0.509146557,-0.496690201,-3.4897375400000001,0,-4.3819043100000004,0,0,4.3819043100000004,4.3819043100000004
636.26245100000006,6.3072738199999997e-05,-6.9196467499999995e-05,0.94773109499999997,0.93599432299999996,0.959467866,-1.03974626,0,-1.63340833,0,0,1.63340833,1.63340833
636.84204099999999,0.000147852392,0.000119628505,2.2216303499999999,2.1941175199999998,2.2491431799999999,1.79753816,1.6708612700000001,1.6708612700000001,1.64301199,1.6987019299999999,0.027849282600000001,0.027840655700000001
637.42163100000005,9.9522272400000004e-05,0.00016323864600000001,1.4954218699999999,1.47690246,1.51394129,2.45282423,2.7388015600000002,2.7388015600000002,2.6891406799999999,2.78928194,0.0496608719,0.050480384000000003
638.00116000000003,3.5981599799999998e-05,0.000129006157,0.54065959299999999,0.53396402499999995,0.54735516100000003,1.93844678,2.3559676299999999,2.3559676299999999,2.30380619,2.4093255400000002,0.052161438300000001,0.053357908500000002
638.58068800000001,-4.0133069899999997e-05,5.81353424e-05,-0.60303959200000001,-0.61050767900000003,-0.59557150599999997,0.87354177499999996,1.3145985499999999,1.3145985499999999,1.27403782,1.3564231899999999,0.040560724999999999,0.041824641099999997
639.16015600000003,-0.00016078752799999999,-7.9721218399999994e-05,-2.4159937299999998,-2.4459135700000001,-2.38607389,-1.19789119,0,-0.834042383,0,0,0.834042383,0.834042383
639.73956299999998,-0.000226470697,-0.000114490205,-3.4029491599999999,-3.44509153,-3.3608067899999998,-1.72033006,0,-1.2177295400000001,0,0,1.2177295400000001,1.2177295400000001
640.31890899999996,-0.00022464091100000001,-7.2262762999999994e-05,-3.37545479,-3.41725667,-3.3336529100000001,-1.0858204300000001,0,-0.40190366900000002,0,0,0.40190366900000002,0.40190366900000002
640.89825399999995,-0.00017381683200000001,2.8715161400000001e-06,-2.6117720800000002,-2.6441164499999998,-2.5794277000000001,0.0431474076,0.83617530600000001,0.83617530600000001,0.78216302699999996,0.89246012799999996,0.054012278499999997,0.056284821999999998
641.47760000000005,-0.000109718059,4.2999758e-05,-1.6486237800000001,-1.6690404599999999,-1.6282071,0.64611445300000003,1.33155574,1.33155574,1.2773313900000001,1.3877443300000001,0.0542243497,0.056188587200000001
642.05688499999997,-8.0036356000000005e-05,-3.9958415099999999e-05,-1.2026264499999999,-1.2175198700000001,-1.1877330399999999,-0.60041522800000002,0,-0.42053395300000002,0,0,0.42053395300000002,0.42053395300000002
642.63610800000004,-5.9841845699999998e-05,-0.00013314440299999999,-0.89918369799999998,-0.91031925499999999,-0.88804814200000004,-2.0006280699999999,0,-2.32963093,0,0,2.32963093,2.32963093
643.21527100000003,-0.000111318696,-0.00017703256699999999,-1.6726749599999999,-1.6933894899999999,-1.6519604299999999,-2.6600917100000001,0,-2.9550343799999998,0,0,2.9550343799999998,2.9550343799999998
643.79443400000002,-0.000194820634,-0.00021103681300000001,-2.9273752399999999,-2.9636280699999999,-2.8911224199999999,-3.1710395899999999,0,-3.2438224500000001,0,0,3.2438224500000001,3.2438224500000001
644.37353499999995,-0.00028044086700000002,-0.000145108772,-4.2139050500000002,-4.2660903599999997,-4.1617197399999997,-2.1804047099999999,0,-1.5729955099999999,0,0,1.5729955099999999,1.5729955099999999
644.95263699999998,-0.00035456677000000002,-5.6234270800000002e-05,-5.3277210300000002,-5.3936999099999996,-5.26174214,-0.84497626999999997,0.49402541100000003,0.49402541100000003,0.41419390900000003,0.57769402800000003,0.079831501900000004,0.083668617400000006
645.53167699999995,-0.00040336428299999998,3.09955339e-05,-6.0609525499999997,-6.1360118300000002,-5.98589327,0.46573895700000001,2.4152701900000002,2.4152701900000002,2.2780355499999998,2.5580915000000002,0.13723463299999999,0.142821315
646.11065699999995,-0.00040187136799999998,5.5762111699999997e-05,-6.03852001,-6.1133014799999996,-5.9637385399999996,0.83788160599999995,2.8918716999999998,2.8918716999999998,2.7429842299999998,3.0466451999999999,0.14888747199999999,0.15477349700000001
646.68963599999995,-0.00038321773800000002,-3.9111724399999999e-05,-5.7582305199999997,-5.8295408699999998,-5.6869201800000004,-0.58769285199999999,0.956753466,0.956753466,0.85988156199999999,1.0580512200000001,0.096871903999999995,0.101297753
647.26855499999999,-0.000244055956,-3.7732724399999997e-05,-3.6671852999999999,-3.7125999900000002,-3.62177061,-0.56697199600000003,0.35906574400000002,0.35906574400000002,0.30363969299999999,0.41714549899999998,0.055426050900000003,0.0580797547
647.84747300000004,-3.9403343199999997e-05,6.1967113799999993e-05,-0.59207471700000003,-0.59940701399999996,-0.58474242099999996,0.93111798099999998,1.3860976199999999,1.3860976199999999,1.3438849799999999,1.4296140799999999,0.042212643100000002,0.043516457299999999
648.426331,0.00011646465700000001,0.000106280791,1.74999818,1.72832608,1.7716702900000001,1.5969753900000001,1.55126728,1.55126728,1.5294737700000001,1.5730576700000001,0.021793504599999999,0.0217903918
649.00512700000002,0.00021269332100000001,0.00014161380599999999,3.1959302799999998,3.15635165,3.23550892,2.1278893399999999,1.8088641299999999,1.8088641299999999,1.76843817,1.8492683599999999,0.040425955700000002,0.0404042295
649.58392300000003,0.000280524214,0.000178442139,4.2151574299999996,4.1629566100000002,4.26735825,2.6812719500000002,2.2230983599999998,2.2230983599999998,2.1696806500000001,2.27648487,0.053417713200000001,0.053386510700000001
650.16265899999996,0.00025626289699999999,0.00022065705100000001,3.8506068299999998,3.80292063,3.8982930200000001,3.3155933000000002,3.1557840599999998,3.1557840599999998,3.1076734199999998,3.2038838300000001,0.048110644700000003,0.048099761400000003
650.74133300000005,0.00011013168200000001,0.00016778202,1.65483889,1.63434524,1.6753325299999999,2.5210929700000002,2.7798441999999999,2.7798441999999999,2.7311738800000001,2.8292560099999999,0.048670321199999998,0.0494118126
651.32000700000003,-0.00016124656799999999,1.4920195399999999e-05,-2.42289127,-2.4528965299999999,-2.3928860099999998,0.22419088700000001,1.01487777,1.01487777,0.958781298,1.07324007,0.0560964672,0.058362302200000001
651.89862100000005,-0.00033289078199999998,-0.00010991928400000001,-5.0020175900000003,-5.0639629399999997,-4.9400722300000002,-1.6516474000000001,0,-0.650887471,0,0,0.650887471,0.650887471
652.47723399999995,-0.000357783508,-0.00019968473399999999,-5.37605573,-5.4426332000000004,-5.3094782699999996,-3.0004632299999998,0,-2.2908706699999999,0,0,2.2908706699999999,2.2908706699999999
653.05572500000005,-0.00035205626,-0.00029580845600000002,-5.2899981,-5.35550982,-5.2244863700000002,-4.4448184800000003,0,-4.1923622299999996,0,0,4.1923622299999996,4.1923622299999996
653.634277,-0.00026658009299999999,-0.000325626835,-4.0056330400000002,-4.0552390899999997,-3.9560269799999999,-4.8928694899999998,0,-5.1578881699999997,0,0,5.1578881699999997,5.1578881699999997
654.21270800000002,-5.1129563100000003e-05,-0.00022351319899999999,-0.768272921,-0.77778726899999995,-0.75875857300000005,-3.3585098000000002,0,-4.1322169100000004,0,0,4.1322169100000004,4.1322169100000004
654.79113800000005,0.000164854312,-5.0207146899999999e-05,2.4771012300000002,2.4464246300000001,2.5077778300000002,-0.75441269399999999,0,-1.7196701000000001,0,0,1.7196701000000001,1.7196701000000001
655.36956799999996,0.00021196377500000001,8.4348421100000003e-05,3.1849681200000002,3.14552524,3.22441099,1.2674195500000001,0.69464530300000005,0.69464530300000005,0.65368115299999996,0.73557044599999999,0.040964149599999999,0.0409251427
655.94787599999995,7.4180986199999998e-05,0.00013565712999999999,1.1146436500000001,1.10083982,1.1284474799999999,2.0383843100000001,2.3143068499999999,2.3143068499999999,2.2704564700000001,2.3589479199999999,0.043850371499999999,0.044641069999999998
656.52624500000002,-6.6457596099999999e-05,0.00014645259200000001,-0.99859197600000005,-1.0109586100000001,-0.98622533999999995,2.20059695,3.1561988400000001,3.1561988400000001,3.0645053500000001,3.25063075,0.0916934888,0.094431913199999995
657.10449200000005,-8.9328355699999995e-05,0.000143321982,-1.34224806,-1.3588705599999999,-1.32562556,2.1535563899999999,3.1977577199999998,3.1977577199999998,3.1006720699999999,3.2978356899999999,0.097085649900000001,0.10007797
657.68273899999997,-3.3740961099999999e-05,0.000157975903,-0.50699175200000002,-0.51327037499999995,-0.50071312899999998,2.37374624,3.2342264200000002,3.2342264200000002,3.14680319,3.3241155,0.087423237900000006,0.089889076299999995
658.26092500000004,8.6985750800000006e-05,0.00024617882899999999,1.30704807,1.2908614899999999,1.3232346500000001,3.6990835899999999,4.4135877099999998,4.4135877099999998,4.3195953100000004,4.5096276299999998,0.093992397800000002,0.096039919400000007
658.839111,0.00023668128099999999,0.00033275254500000001,3.5563734299999998,3.5123310399999998,3.6004158099999999,4.9999404299999997,5.43113577,5.43113577,5.3401384299999997,5.5233687700000003,0.090997340199999999,0.092232996900000003
659.417236,0.00031490450899999999,0.00033436075900000002,4.7317558100000001,4.6731574,4.7903542200000002,5.0241054600000004,5.1114306899999997,5.1114306899999997,5.0433230099999999,5.1797886100000001,0.068107676199999995,0.068357920099999997
659.99530000000004,0.00027198187899999998,0.00028508844399999998,4.0868002800000003,4.0361890499999999,4.1374115099999997,4.2837395599999999,4.3425655799999996,4.3425655799999996,4.28554849,4.3997512299999997,0.057017083400000002,0.057185658399999999
660.57336399999997,0.000152244305,0.00018665733300000001,2.2876232500000002,2.25929315,2.3159533400000001,2.8047134800000002,2.9591690000000002,2.9591690000000002,2.9140194899999998,3.00476112,0.045149504299999997,0.045592120399999998
661.15136700000005,3.7362250199999999e-05,5.1674186400000002e-05,0.561405249,0.55445276600000004,0.56835773300000003,0.77645643200000003,0.84069249999999995,0.84069249999999995,0.82674503899999996,0.85482403799999995,0.013947460599999999,0.014131538900000001
661.72930899999994,-2.4340840700000001e-06,-7.4399508599999996e-05,-0.0365745523,-0.037027494199999997,-0.036121610300000002,-1.11792717,0,-1.4409285999999999,0,0,1.4409285999999999,1.4409285999999999
662.30725099999995,4.6186335299999999e-05,-0.000115633412,0.69399597000000002,0.68540147299999998,0.70259046599999997,-1.7375078900000001,0,-2.4638012499999999,0,0,2.4638012499999999,2.4638012499999999
662.885132,0.000103816919,-8.9575673600000006e-05,1.55995325,1.54063467,1.57927182,-1.3459642599999999,0,-2.2139655899999999,0,0,2.2139655899999999,2.2139655899999999
663.46301300000005,0.000114855897,-7.5189519699999995e-05,1.72582495,1.7044522099999999,1.7471976899999999,-1.1297978799999999,0,-1.98277613,0,0,1.98277613,1.98277613
664.04083300000002,0.00010977309900000001,-5.5765376300000002e-05,1.64945082,1.6290239,1.66987774,-0.83793065899999997,0,-1.5809147400000001,0,0,1.5809147400000001,1.5809147400000001
664.61859100000004,0.000109856308,1.17067851e-05,1.65070111,1.6302586999999999,1.6711435100000001,0.175906178,0,-0.26461698299999997,0,0,0.26461698299999997,0.26461698299999997
665.19635000000005,0.00013517281800000001,0.0001049612,2.0311070400000002,2.0059536599999999,2.0562604200000001,1.5771472099999999,1.44154882,1.44154882,1.4160353000000001,1.4670531099999999,0.0255135233,0.0255042888
665.77404799999999,0.00016904627499999999,0.00014536789,2.54008967,2.50863302,2.5715463299999999,2.1842982200000001,2.07802285,2.07802285,2.04628393,2.10975453,0.0317389202,0.0317316827
666.35168499999997,0.00017464107600000001,0.00016368841599999999,2.6241571700000001,2.5916594100000001,2.6566549199999998,2.4595824799999999,2.4104238100000002,2.4104238100000002,2.37779549,2.4430487799999998,0.032628317900000002,0.032624970099999998
666.92932099999996,0.000164097865,0.000186210174,2.46573485,2.4351990099999998,2.4962706899999998,2.79799446,2.8972408299999999,2.8972408299999999,2.8558975700000002,2.9388684999999999,0.041343259600000001,0.041627665299999998
667.50689699999998,9.7079348999999998e-05,0.00013298291699999999,1.4587144999999999,1.44064967,1.4767793300000001,1.9982015900000001,2.1593470799999999,2.1593470799999999,2.1237343399999999,2.1954216099999999,0.035612741400000002,0.036074528600000003
668.08441200000004,-1.84989363e-05,2.4995685699999999e-05,-0.27796505599999999,-0.281407395,-0.274522716,0.37558522599999999,0.57080154400000005,0.57080154400000005,0.55298583199999995,0.58917667799999995,0.0178157122,0.0183751347
668.66192599999999,-0.000107940685,-6.9435564600000001e-05,-1.6219169499999999,-1.6420028900000001,-1.6018310099999999,-1.0433389399999999,0,-0.87051693299999999,0,0,0.87051693299999999,0.87051693299999999
669.23937999999998,-0.00018086395900000001,-0.000166608021,-2.7176622300000002,-2.7513179499999998,-2.6840065000000002,-2.5034524600000001,0,-2.4394677300000001,0,0,2.4394677300000001,2.4394677300000001
669.81683299999997,-0.00019924144699999999,-0.00020662682000000001,-2.9938023999999999,-3.0308778599999999,-2.9567269299999999,-3.1047750299999999,0,-3.1379226999999998,0,0,3.1379226999999998,3.1379226999999998
670.394226,-0.00018091755,-0.00019659301799999999,-2.7184674800000002,-2.75213318,-2.6848017799999999,-2.9540071000000001,0,-3.0243630800000001,0,0,3.0243630800000001,3.0243630800000001
670.97155799999996,-0.00015385858899999999,-0.000144040056,-2.31187948,-2.3405099699999998,-2.2832490000000001,-2.1643461799999999,0,-2.1202778000000002,0,0,2.1202778000000002,2.1202778000000002
671.54888900000003,-0.000111365323,-8.5220145300000005e-05,-1.6733755800000001,-1.69409879,-1.6526523799999999,-1.28051808,0,-1.16317103,0,0,1.16317103,1.16317103
672.12616000000003,-7.6406688800000002e-05,-6.1224703200000002e-05,-1.1480870700000001,-1.16230506,-1.13386907,-0.91996251799999995,0,-0.85182141899999997,0,0,0.85182141899999997,0.85182141899999997
672.70336899999995,-2.29873038e-05,-3.6235495000000002e-05,-0.34540727500000001,-0.34968482400000001,-0.34112972600000002,-0.54447462400000002,0,-0.60393629900000001,0,0,0.60393629900000001,0.60393629900000001
673.28057899999999,8.8995327500000003e-05,1.2989732e-05,1.33724398,1.32068345,1.3538045000000001,0.19518373899999999,0,-0.14595113600000001,0,0,0.14595113600000001,0.14595113600000001
673.85772699999995,0.00022103288199999999,4.4772256299999999e-05,3.3212405500000002,3.2801100600000002,3.3623710299999998,0.67274801699999998,0,-0.118360142,0,0,0.118360142,0.118360142
674.43487500000003,0.000322520359,0.000106835373,4.8461915900000001,4.7861760000000002,4.90620718,1.60530854,0.63725256500000005,0.63725256500000005,0.57466584600000004,0.69977335799999996,0.062586719400000004,0.062520793000000005
675.01190199999996,0.00036224989199999999,0.00020156214400000001,5.4431676299999996,5.3757590500000001,5.5105762199999999,3.0286732000000001,2.3074605799999999,2.3074605799999999,2.2381364700000002,2.3767355700000001,0.069324105299999994,0.0692749894
675.58898899999997,0.00033728455599999998,0.000257958062,5.0680384299999997,5.0052754799999999,5.1308013900000002,3.87607838,3.52003837,3.52003837,3.4563297799999999,3.58372271,0.063708589999999996,0.063684343000000004
676.16595500000005,0.00030178361799999999,0.00024568331000000002,4.5346012699999996,4.4784444299999997,4.5907581000000004,3.6916379199999998,3.4398436700000001,3.4398436700000001,3.3830180799999998,3.4966521199999998,0.0568255914,0.056808443700000003
676.74292000000003,0.00023050935600000001,0.000161211007,3.46363406,3.4207401599999998,3.5065279600000001,2.4223569199999999,2.1113260899999999,2.1113260899999999,2.0676060999999999,2.15502489,0.043719986000000002,0.043698804199999997
677.31982400000004,0.00017388987000000001,6.8550810199999998e-05,2.6128695400000002,2.58051158,2.6452275099999998,1.03004462,0.55725275500000004,0.55725275500000004,0.52363906599999999,0.59083424600000001,0.033613688799999999,0.033581490800000002
677.89672900000005,0.00018178054300000001,3.1964747900000002e-05,2.73143482,2.6976085300000001,2.76526111,0.48030236799999998,0,-0.19211381999999999,0,0,0.19211381999999999,0.19211381999999999
678.47357199999999,0.000207894902,3.5307306100000001e-05,3.1238292300000001,3.0851435,3.1625149600000002,0.53052765499999999,0,-0.24409489200000001,0,0,0.24409489200000001,0.24409489200000001
679.05035399999997,0.000204039825,7.3822257900000007e-05,3.0659028400000001,3.0279344799999999,3.1038711999999999,1.1092534000000001,0.52479967299999997,0.52479967299999997,0.48527901600000001,0.56428052699999998,0.039520656899999999,0.039480854599999997
679.62713599999995,0.00021188741199999999,0.00013401749099999999,3.1838207000000001,3.1443920300000001,3.2232493600000001,2.0137471100000002,1.6642446,1.6642446,1.62388767,1.70457774,0.040356936500000003,0.040333134800000003
680.20385699999997,0.00020491502599999999,0.00017351089399999999,3.0790535999999999,3.04092238,3.1171848299999998,2.6071750499999999,2.4662243099999999,2.4662243099999999,2.4277187200000001,2.5047202999999998,0.038505585699999997,0.038495986699999998
680.78051800000003,0.00015934289999999999,0.000175267883,2.3942867400000001,2.3646357199999999,2.4239377599999998,2.63357558,2.7050514699999999,2.7050514699999999,2.6676170899999998,2.74269067,0.037434377800000002,0.037639202900000002
681.35717799999998,2.61080439e-05,6.7555550700000005e-05,0.39229952099999998,0.38744125499999998,0.39715778699999998,1.0150898399999999,1.2011181200000001,1.2011181200000001,1.1760023399999999,1.2267669999999999,0.0251157875,0.025648880200000002
681.93377699999996,-0.00010728891199999999,-6.1287450699999997e-05,-1.6121234099999999,-1.63208807,-1.59215876,-0.92090536199999995,0,-0.71443763199999999,0,0,0.71443763199999999,0.71443763199999999
682.51037599999995,-0.00018083834,-0.000124773795,-2.7172772799999998,-2.7509282399999999,-2.6836263200000001,-1.8748513,0,-1.6232175600000001,0,0,1.6232175600000001,1.6232175600000001
683.08691399999998,-0.00021178129299999999,-0.000166235863,-3.18222615,-3.22163507,-3.14281722,-2.4978604199999999,0,-2.2934394999999999,0,0,2.2934394999999999,2.2934394999999999
683.66339100000005,-0.000198116007,-0.000192998888,-2.9768915300000001,-3.0137575700000001,-2.94002549,-2.9000016899999999,0,-2.8770345900000001,0,0,2.8770345900000001,2.8770345900000001
684.239868,-0.000131123658,-0.00018966231600000001,-1.97026436,-1.99466425,-1.9458644599999999,-2.84986636,0,-3.1126046199999999,0,0,3.1126046199999999,3.1126046199999999
684.81622300000004,-0.000111654586,-0.00016694964699999999,-1.6777220500000001,-1.6984990799999999,-1.65694502,-2.50858574,0,-2.7567658000000002,0,0,2.7567658000000002,2.7567658000000002
685.39263900000003,-0.00016531402100000001,-0.00016427473599999999,-2.4840088200000001,-2.5147709599999999,-2.45324667,-2.4683925200000001,0,-2.4637279200000002,0,0,2.4637279200000002,2.4637279200000002
685.96893299999999,-0.00022329521000000001,-0.00017914996599999999,-3.3552342799999999,-3.3967857499999998,-3.3136828199999999,-2.6919077699999998,0,-2.4937712799999998,0,0,2.4937712799999998,2.4937712799999998
686.54522699999995,-0.00026428956399999999,-0.00014729538500000001,-3.9712155400000002,-4.0203953700000001,-3.9220357199999998,-2.2132607499999999,0,-1.68815738,0,0,1.68815738,1.68815738
687.12152100000003,-0.00030395134900000002,-0.00010216037800000001,-4.5671736100000002,-4.62373382,-4.5106134000000004,-1.53506206,0,-0.62936640200000005,0,0,0.62936640200000005,0.62936640200000005
687.69769299999996,-0.00034558594200000001,-7.9425136300000006e-05,-5.1927750799999997,-5.2570827800000002,-5.1284673700000001,-1.1934422600000001,0.00116364305,0.00116364305,0,0.070365696300000002,0.00116364305,0.069202053200000002
688.273865,-0.00039072447999999999,-7.9553268600000005e-05,-5.8710268499999998,-5.9437340799999996,-5.7983196299999999,-1.1953675800000001,0.20125791700000001,0.20125791700000001,0.121879818,0.284638263,0.079378099800000004,0.083380345199999997
688.85003700000004,-0.00041596462000000002,-7.4882732400000001e-05,-6.2502852500000001,-6.3276892399999998,-6.1728812599999996,-1.12518809,0.405685085,0.405685085,0.31638486700000001,0.49937225499999999,0.089300217200000004,0.09368717
689.42614700000001,-0.00043943285500000002,-9.7614699800000003e-05,-6.60291899,-6.6846900199999997,-6.5211479600000004,-1.4667586800000001,0.067419071799999994,0.067419071799999994,0,0.157108521,0.067419071799999994,0.089689449199999993
690.00219700000002,-0.00042073435400000002,-0.00018186925000000001,-6.3219552700000001,-6.4002468300000004,-6.2436637199999998,-2.73276772,0,-1.6606727400000001,0,0,1.6606727400000001,1.6606727400000001
690.57818599999996,-0.00030978451700000001,-0.000226787615,-4.6548227899999999,-4.7124684500000003,-4.5971771199999996,-3.4077111800000002,0,-3.03519732,0,0,3.03519732,3.03519732
691.15417500000001,-0.000180650455,-0.00022270056999999999,-2.7144541100000001,-2.74807011,-2.6808381099999998,-3.3462992300000001,0,-3.5350321899999999,0,0,3.5350321899999999,3.5350321899999999
691.73010299999999,-8.1124259999999996e-05,-0.000220637795,-1.2189733,-1.2340691500000001,-1.20387745,-3.31530396,0,-3.9414806599999999,0,0,3.9414806599999999,3.9414806599999999
692.30602999999996,9.9856089200000008e-06,-0.000173564446,0.15004377999999999,0.14818562699999999,0.15190193299999999,-2.6079797199999999,0,-3.4318049199999998,0,0,3.4318049199999998,3.4318049199999998
692.88189699999998,0.000115781717,-8.2598596300000003e-05,1.7397363299999999,1.7181913099999999,1.76128135,-1.24112668,0,-2.1315143299999999,0,0,2.1315143299999999,2.1315143299999999
693.45770300000004,0.000240485204,3.8145233799999998e-05,3.6135311799999998,3.5687809499999998,3.6582814099999998,0.57317036200000004,0,-0.33498936299999998,0,0,0.33498936299999998,0.33498936299999998
694.03344700000002,0.00030264917899999998,0.000121254119,4.5476071899999999,4.4912892900000001,4.6039250799999998,1.82196464,1.0078116800000001,1.0078116800000001,0.94933140999999999,1.0662365,0.0584802663,0.058424821000000002
694.60919200000001,0.00027665681200000002,0.00012354792499999999,4.1570458400000003,4.1055646799999996,4.2085269900000002,1.8564313800000001,1.16923485,1.16923485,1.11592852,1.22249439,0.053306333400000003,0.053259533999999997
695.18493699999999,0.000184388288,0.000104793694,2.7706187999999998,2.7363072599999998,2.8049303499999998,1.5746302599999999,1.21738693,1.21738693,1.1821265599999999,1.25262297,0.035260373499999997,0.035236044600000002
695.76055899999994,8.7961766200000006e-05,9.4786984700000003e-05,1.32171368,1.3053454799999999,1.3380818800000001,1.4242694300000001,1.4549029600000001,1.4549029600000001,1.4351989300000001,1.4746947800000001,0.019704032900000001,0.019791817999999999
696.33618200000001,4.8378054100000003e-05,9.7423901400000003e-05,0.72692874200000002,0.71792640299999999,0.73593107999999996,1.46389174,1.68402355,1.68402355,1.65104999,1.7176279299999999,0.032973558700000002,0.0336043803
696.911743,1.2108127100000001e-05,8.65730019e-05,0.18193674300000001,0.17968362500000001,0.18418986000000001,1.3008461099999999,1.6350657900000001,1.6350657900000001,1.59641787,1.6746714599999999,0.038647920099999997,0.039605677999999998
697.48730499999999,-3.9763498600000004e-06,7.0834124600000002e-05,-0.059748641300000002,-0.060488572800000001,-0.059008709700000002,1.0643537000000001,1.40012453,1.40012453,1.36430075,1.4369105200000001,0.035823782800000002,0.036785985899999998
698.06280500000003,2.4755855400000001e-05,5.7975962299999999e-05,0.371981534,0.36737488699999998,0.37658817999999999,0.87114692999999999,1.0202482799999999,1.0202482799999999,0.99940526600000001,1.04151857,0.020843015900000001,0.021270288799999999
698.63824499999998,2.33677108e-05,2.5882015400000001e-05,0.35112326999999999,0.34677493399999998,0.35547160700000002,0.38890321700000002,0.40018813600000003,0.40018813600000003,0.39461093000000003,0.40579767999999999,0.0055772057800000004,0.0056095444500000001
699.21368399999994,-4.0589944599999999e-05,-3.4409912699999998e-05,-0.60990459299999999,-0.617457696,-0.60235148999999999,-0.51704342000000003,0,-0.489305667,0,0,0.489305667,0.489305667
699.78906199999994,-0.000199566272,-0.00013186201900000001,-2.9986832200000002,-3.0358191300000001,-2.9615472999999999,-1.9813589599999999,0,-1.6774828900000001,0,0,1.6774828900000001,1.6774828900000001
