Wavelength_nm,Absorbance__2107362U1_0001A,Concentration_M__2107362U1_0001A,Path_length_cm__2107362U1_0001A,Epsilon_M-1_cm-1__2107362U1_0001A,Absorbance__2107362U1_0001B,Concentration_M__2107362U1_0001B,Path_length_cm__2107362U1_0001B,Epsilon_M-1_cm-1__2107362U1_0001B,Absorbance__2107362U1_0001C,Concentration_M__2107362U1_0001C,Path_length_cm__2107362U1_0001C,Epsilon_M-1_cm-1__2107362U1_0001C,Epsilon_mean_M-1_cm-1,Epsilon_SD_M-1_cm-1,Epsilon_SEM_M-1_cm-1,Epsilon_lower_nonnegative_M-1_cm-1,Epsilon_upper_nonnegative_M-1_cm-1
250.58412200000001,0.67212231300000003,6.8200000000000004e-05,1,9855.1658900000002,0.65584879299999999,6.8700000000000003e-05,1,9546.5617700000003,0.659630033,6.7999999999999999e-05,1,9700.4416600000004,9700.7230999999992,154.30225200000001,89.086446800000004,9546.4208500000004,9855.0253599999996
251.18440200000001,0.67366296599999997,6.8200000000000004e-05,1,9877.7561100000003,0.65501828399999995,6.8700000000000003e-05,1,9534.4728400000004,0.65862047499999998,6.7999999999999999e-05,1,9685.5952199999992,9699.2747199999994,172.049983,99.333103899999998,9527.2247399999997,9871.3247100000008
251.78465299999999,0.67452728200000001,6.8200000000000004e-05,1,9890.4293600000001,0.65358367399999995,6.8700000000000003e-05,1,9513.5905999999995,0.65704996500000001,6.7999999999999999e-05,1,9662.4994800000004,9688.8398099999995,189.79521399999999,109.578318,9499.0445999999993,9878.6350299999995
252.384872,0.67467686800000004,6.8200000000000004e-05,1,9892.6226999999999,0.65160239200000003,6.8700000000000003e-05,1,9484.7509800000007,0.65494917500000005,6.7999999999999999e-05,1,9631.6055099999994,9669.6597299999994,206.58153100000001,119.269902,9463.0781999999999,9876.2412600000007
252.98507699999999,0.674073331,6.8200000000000004e-05,1,9883.7731800000001,0.649131868,6.8700000000000003e-05,1,9448.7899199999993,0.65234877700000005,6.7999999999999999e-05,1,9593.3643699999993,9641.9758299999994,221.52858599999999,127.89958900000001,9420.4472399999995,9863.5044099999996
253.585251,0.67269738400000001,6.8200000000000004e-05,1,9863.5980099999997,0.64617641999999997,6.8700000000000003e-05,1,9405.7703099999999,0.64920777200000002,6.7999999999999999e-05,1,9547.1731199999995,9605.5138200000001,234.42328900000001,135.34434899999999,9371.0905299999995,9839.9370999999992
254.185394,0.67018601799999999,6.8200000000000004e-05,1,9826.7744500000008,0.64299830800000002,6.8700000000000003e-05,1,9359.5095799999999,0.64569156000000005,6.7999999999999999e-05,1,9495.4641100000008,9560.5827100000006,240.34233900000001,138.76171400000001,9320.2403799999993,9800.9250499999998
254.78552199999999,0.66688581700000005,6.8200000000000004e-05,1,9778.3844100000006,0.63932997899999999,6.8700000000000003e-05,1,9306.1132300000008,0.64177267699999996,6.7999999999999999e-05,1,9437.8334900000009,9507.4437099999996,243.70926399999999,140.70560900000001,9263.7344400000002,9751.1529699999992
255.38561999999999,0.66304927999999996,6.8200000000000004e-05,1,9722.1301999999996,0.63512627499999996,6.8700000000000003e-05,1,9244.9239500000003,0.637674776,6.7999999999999999e-05,1,9377.5702399999991,9448.2081300000009,246.32039399999999,142.21314599999999,9201.8877400000001,9694.5285299999996
255.98568700000001,0.65902822800000005,6.8200000000000004e-05,1,9663.1705000000002,0.63129780800000002,6.8700000000000003e-05,1,9189.1966200000006,0.63366472399999996,6.7999999999999999e-05,1,9318.5988799999996,9390.3220000000001,244.99176199999999,141.44605999999999,9145.3302399999993,9635.3137599999991
256.58575400000001,0.655658293,6.8200000000000004e-05,1,9613.7579600000008,0.62734011499999998,6.8700000000000003e-05,1,9131.5882799999999,0.62973705300000005,6.7999999999999999e-05,1,9260.8390199999994,9335.39509,249.581357,144.09586400000001,9085.8137299999999,9584.9764400000004
257.18576000000002,0.65250254900000004,6.8200000000000004e-05,1,9567.4860599999993,0.623641212,6.8700000000000003e-05,1,9077.7469000000001,0.62599148500000001,6.7999999999999999e-05,1,9205.75713,9283.6633700000002,253.99438499999999,146.64372700000001,9029.6689800000004,9537.6577500000003
257.78576700000002,0.65057046299999999,6.8200000000000004e-05,1,9539.1563499999993,0.62098876800000002,6.8700000000000003e-05,1,9039.1378100000002,0.62309469799999995,6.7999999999999999e-05,1,9163.15733,9247.1504999999997,260.376217,150.32827900000001,8986.7742799999996,9507.5267100000001
258.38574199999999,0.64931725500000004,6.8200000000000004e-05,1,9520.7808700000005,0.61880062199999997,6.8700000000000003e-05,1,9007.2870700000003,0.62045763200000004,6.7999999999999999e-05,1,9124.3769400000001,9217.4816300000002,269.11026099999998,155.37088199999999,8948.3713700000008,9486.5918899999997
258.985657,0.64887984300000001,6.8200000000000004e-05,1,9514.3672100000003,0.61715467499999999,6.8700000000000003e-05,1,8983.3286100000005,0.61832489300000004,6.7999999999999999e-05,1,9093.0131399999991,9196.9029800000008,280.34857599999998,161.85932600000001,8916.5544100000006,9477.2515600000006
259.58560199999999,0.64977100600000004,6.8200000000000004e-05,1,9527.4341100000001,0.61583866899999995,6.8700000000000003e-05,1,8964.1727599999995,0.61665178200000004,6.7999999999999999e-05,1,9068.4085599999999,9186.6718099999998,299.67563000000001,173.01780600000001,8886.9961800000001,9486.3474399999996
260.18548600000003,0.651146165,6.8200000000000004e-05,1,9547.5977299999995,0.61490196699999999,6.8700000000000003e-05,1,8950.5380999999998,0.615476829,6.7999999999999999e-05,1,9051.1298399999996,9183.0885500000004,319.65587199999999,184.553404,8863.4326799999999,9502.7444300000006
260.78533900000002,0.65174739000000004,6.8200000000000004e-05,1,9556.4133399999992,0.61423939400000005,6.8700000000000003e-05,1,8940.89365,0.614539379,6.7999999999999999e-05,1,9037.3438100000003,9178.2169300000005,331.05898000000002,191.13699199999999,8847.1579500000007,9509.2759100000003
261.38519300000002,0.65065103800000001,6.8200000000000004e-05,1,9540.3377899999996,0.61302214799999999,6.8700000000000003e-05,1,8923.1753599999993,0.61364611899999999,6.7999999999999999e-05,1,9024.2076300000008,9162.5735999999997,331.03054500000002,191.120574,8831.5430500000002,9493.6041399999995
261.98501599999997,0.647514268,6.8200000000000004e-05,1,9494.34411,0.611697398,6.8700000000000003e-05,1,8903.8922600000005,0.61242233800000001,6.7999999999999999e-05,1,9006.2108599999992,9134.81574,315.53566999999998,182.17460399999999,8819.2800700000007,9450.3514099999993
262.58477799999997,0.64264390100000002,6.8200000000000004e-05,1,9422.9310999999998,0.60972919800000003,6.8700000000000003e-05,1,8875.2430499999991,0.61093421800000003,6.7999999999999999e-05,1,8984.3267400000004,9094.1669600000005,289.89516400000002,167.37105099999999,8804.2718000000004,9384.0621300000003
263.18454000000003,0.63593524899999998,6.8200000000000004e-05,1,9324.5637700000007,0.60673601799999999,6.8700000000000003e-05,1,8831.6742099999992,0.60828920500000006,6.7999999999999999e-05,1,8945.4294800000007,9033.8891500000009,258.077248,149.000968,8775.8119100000004,9291.9663999999993
263.78430200000003,0.62789206500000005,6.8200000000000004e-05,1,9206.6285200000002,0.60255242899999994,6.8700000000000003e-05,1,8770.7777100000003,0.60462325500000003,6.7999999999999999e-05,1,8891.5184499999996,8956.3082300000005,225.032815,129.92275699999999,8731.2754100000002,9181.3410399999993
264.38400300000001,0.61905996799999996,6.8200000000000004e-05,1,9077.1256300000005,0.597130151,6.8700000000000003e-05,1,8691.8508099999999,0.59979907600000004,6.7999999999999999e-05,1,8820.5746400000007,8863.1836999999996,196.13979699999999,113.241365,8667.0439000000006,9059.3234900000007
264.98367300000001,0.61006988100000004,6.8200000000000004e-05,1,8945.3061699999998,0.59086743600000002,6.8700000000000003e-05,1,8600.6904799999993,0.59397324799999995,6.7999999999999999e-05,1,8734.9007099999999,8760.2991199999997,173.70608200000001,100.289253,8586.5930399999997,8934.0051999999996
265.58334400000001,0.60220591499999998,6.8200000000000004e-05,1,8829.9987600000004,0.58394156100000005,6.8700000000000003e-05,1,8499.87716,0.58722647800000005,6.7999999999999999e-05,1,8635.6834999999992,8655.1864700000006,165.922696,95.795513200000002,8489.2637799999993,8821.1091699999997
266.18298299999998,0.59663643700000002,6.8200000000000004e-05,1,8748.3348600000008,0.57653864399999999,6.8700000000000003e-05,1,8392.1200100000005,0.579658758,6.7999999999999999e-05,1,8524.3935000000001,8554.9494500000001,180.062501,103.95913400000001,8374.8869500000001,8735.0119500000001
266.78259300000002,0.59303249700000005,6.8200000000000004e-05,1,8695.4911599999996,0.56922561900000002,6.8700000000000003e-05,1,8285.6713199999995,0.57144572500000002,6.7999999999999999e-05,1,8403.6136000000006,8461.59202,210.972037,121.804762,8250.6199899999992,8672.5640600000006
267.38217200000003,0.58945419899999996,6.8200000000000004e-05,1,8643.0234500000006,0.56150649699999999,6.8700000000000003e-05,1,8173.3114500000001,0.56332704600000005,6.7999999999999999e-05,1,8284.22127,8366.8520599999993,245.516246,141.74887000000001,8121.3358099999996,8612.3683000000001
267.98172,0.58334136199999997,6.8200000000000004e-05,1,8553.3924000000006,0.55329240300000004,6.8700000000000003e-05,1,8053.7467699999997,0.55468253499999998,6.7999999999999999e-05,1,8157.0960999999998,8254.7450900000003,263.74785800000001,152.27489700000001,7990.9972299999999,8518.4929499999998
268.58123799999998,0.57329317099999999,6.8200000000000004e-05,1,8406.0582300000005,0.54491626900000001,6.8700000000000003e-05,1,7931.8234199999997,0.54642516299999999,6.7999999999999999e-05,1,8035.6641600000003,8124.5152699999999,249.29010099999999,143.927707,7875.2251699999997,8373.80537
269.18075599999997,0.55832071400000005,6.8200000000000004e-05,1,8186.5207399999999,0.53549575500000002,6.8700000000000003e-05,1,7794.6980400000002,0.53758227400000003,6.7999999999999999e-05,1,7905.6216800000002,7962.2801499999996,201.96260799999999,116.603166,7760.31754,8164.2427600000001
269.78024299999998,0.54000896399999998,6.8200000000000004e-05,1,7918.0200000000004,0.52485838799999995,6.8700000000000003e-05,1,7639.8600900000001,0.52797286600000004,6.7999999999999999e-05,1,7764.3068499999999,7774.0623100000003,139.336319,80.445861399999998,7634.7259899999999,7913.3986299999997
270.37966899999998,0.52080889299999999,6.8200000000000004e-05,1,7636.4940399999996,0.51308826299999999,6.8700000000000003e-05,1,7468.5336699999998,0.51724043399999997,6.7999999999999999e-05,1,7606.4769699999997,7570.5015599999997,89.573123199999998,51.715066800000002,7480.9284399999997,7660.0746799999997
270.97909499999997,0.502067873,6.8200000000000004e-05,1,7361.69902,0.49959166399999999,6.8700000000000003e-05,1,7272.0766199999998,0.50431926299999996,6.7999999999999999e-05,1,7416.45975,7350.0784599999997,72.889642300000006,42.082854599999997,7277.1888200000003,7422.9681099999998
271.57849099999999,0.48349598900000001,6.8200000000000004e-05,1,7089.384,0.48406403399999998,6.8700000000000003e-05,1,7046.0558000000001,0.48913378499999999,6.7999999999999999e-05,1,7193.1439,7109.5279,75.584785199999999,43.638896099999997,7033.9431199999999,7185.1126899999999
272.177887,0.46434699699999998,6.8200000000000004e-05,1,6808.607,0.46619873299999998,6.8700000000000003e-05,1,6786.0077600000004,0.47185947499999997,6.7999999999999999e-05,1,6939.1099299999996,6844.5748999999996,82.645846800000001,47.715601900000003,6761.9290499999997,6927.2207500000004
272.77722199999999,0.44450168299999998,6.8200000000000004e-05,1,6517.6199900000001,0.44689880700000001,6.8700000000000003e-05,1,6505.0772500000003,0.45267788599999997,6.7999999999999999e-05,1,6657.0277400000004,6559.9083300000002,84.341364799999994,48.694509699999998,6475.5669600000001,6644.2496899999996
273.37655599999999,0.424223935,6.8200000000000004e-05,1,6220.2922900000003,0.426793969,6.8700000000000003e-05,1,6212.4304000000002,0.43268134899999999,6.7999999999999999e-05,1,6362.96101,6265.2278999999999,84.730588999999995,48.9192283,6180.4973099999997,6349.95849
273.97582999999997,0.40366063499999999,6.8200000000000004e-05,1,5918.7776400000002,0.40642525200000001,6.8700000000000003e-05,1,5915.94254,0.41224528199999999,6.7999999999999999e-05,1,6062.4306200000001,5965.7169299999996,83.768504899999996,48.363768800000003,5881.9484300000004,6049.4854400000004
274.57510400000001,0.383952183,6.8200000000000004e-05,1,5629.7974000000004,0.38668878000000001,6.8700000000000003e-05,1,5628.6576400000004,0.39251950899999999,6.7999999999999999e-05,1,5772.3457200000003,5676.9335899999996,82.631294299999993,47.7072,5594.3022899999996,5759.5648799999999
275.17434700000001,0.36592708499999999,6.8200000000000004e-05,1,5365.4997800000001,0.36874543199999998,6.8700000000000003e-05,1,5367.47354,0.37441682100000001,6.7999999999999999e-05,1,5506.1297199999999,5413.0343499999999,80.629000199999993,46.551175000000001,5332.40535,5493.6633499999998
275.77355999999997,0.34960996700000002,6.8200000000000004e-05,1,5126.24586,0.35239519899999999,6.8700000000000003e-05,1,5129.4788799999997,0.35795773600000003,6.7999999999999999e-05,1,5264.0843599999998,5173.2696999999998,78.664415199999993,45.416921299999998,5094.6052799999998,5251.9341100000001
276.37274200000002,0.33538775300000001,6.8200000000000004e-05,1,4917.7089800000003,0.33822455099999998,6.8700000000000003e-05,1,4923.2103500000003,0.34377817700000002,6.7999999999999999e-05,1,5055.5614299999997,4965.49359,78.049523600000001,45.061913500000003,4887.4440599999998,5043.5431099999996
276.971924,0.32331065399999998,6.8200000000000004e-05,1,4740.6254200000003,0.326197291,6.8700000000000003e-05,1,4748.1410599999999,0.33175095199999999,6.7999999999999999e-05,1,4878.6904699999996,4789.1523100000004,77.633314499999997,44.821615000000001,4711.5190000000002,4866.7856300000003
277.57104500000003,0.31358340200000001,6.8200000000000004e-05,1,4597.9970899999998,0.31644773399999998,6.8700000000000003e-05,1,4606.2261200000003,0.32181905,6.7999999999999999e-05,1,4732.6330900000003,4645.61877,75.468860300000003,43.571966799999998,4570.1499100000001,4721.08763
278.17016599999999,0.30579695099999998,6.8200000000000004e-05,1,4483.8262599999998,0.30859398799999999,6.8700000000000003e-05,1,4491.9066599999996,0.31389194799999998,6.7999999999999999e-05,1,4616.0580600000003,4530.59699,74.121651,42.794155099999998,4456.47534,4604.7186400000001
278.769226,0.300014962,6.8200000000000004e-05,1,4399.0463600000003,0.30286635099999998,6.8700000000000003e-05,1,4408.5349500000002,0.30806562199999998,6.7999999999999999e-05,1,4530.3768,4445.9860399999998,73.238370000000003,42.284192599999997,4372.7476699999997,4519.2244099999998
279.36828600000001,0.29593989500000001,6.8200000000000004e-05,1,4339.2946400000001,0.29866841300000002,6.8700000000000003e-05,1,4347.4295899999997,0.303910454,6.7999999999999999e-05,1,4469.2713800000001,4385.33187,72.807452299999994,42.0354022,4312.5244199999997,4458.1393200000002
279.96731599999998,0.29342352599999999,6.8200000000000004e-05,1,4302.3977400000003,0.29613991000000001,6.8700000000000003e-05,1,4310.6246000000001,0.301331668,6.7999999999999999e-05,1,4431.3480499999996,4348.1234700000005,72.191892899999999,41.680008800000003,4275.9315699999997,4420.3153599999996
280.56631499999997,0.29207970799999999,6.8200000000000004e-05,1,4282.6936699999997,0.29458069100000001,6.8700000000000003e-05,1,4287.9285499999996,0.30005969599999999,6.7999999999999999e-05,1,4412.6425799999997,4327.7549300000001,73.561443299999993,42.470719099999997,4254.1934899999997,4401.3163800000002
281.16531400000002,0.29150748700000001,6.8200000000000004e-05,1,4274.30332,0.29402871699999999,6.8700000000000003e-05,1,4279.8939799999998,0.29956764299999999,6.7999999999999999e-05,1,4405.4065199999995,4319.8679400000001,74.131303099999997,42.799727799999999,4245.7366400000001,4393.9992400000001
281.764252,0.291334384,6.8200000000000004e-05,1,4271.7651599999999,0.29399128699999999,6.8700000000000003e-05,1,4279.34915,0.29926020599999997,6.7999999999999999e-05,1,4400.8853900000004,4317.3332300000002,72.457581899999994,41.833404399999999,4244.87565,4389.7908200000002
282.36318999999997,0.29133586299999997,6.8200000000000004e-05,1,4271.7868500000004,0.29402365000000003,6.8700000000000003e-05,1,4279.8202300000003,0.29907956699999999,6.7999999999999999e-05,1,4398.2289199999996,4316.6120000000001,70.796363499999998,40.874299499999999,4245.8156399999998,4387.4083600000004
282.96206699999999,0.29116618599999999,6.8200000000000004e-05,1,4269.2989100000004,0.29386204399999999,6.8700000000000003e-05,1,4277.4678800000002,0.29876927800000003,6.7999999999999999e-05,1,4393.6658500000003,4313.4775499999996,69.565120300000004,40.163440899999998,4243.9124300000003,4383.0426699999998
283.56094400000001,0.29087719099999998,6.8200000000000004e-05,1,4265.0614500000001,0.29355732800000001,6.8700000000000003e-05,1,4273.0324199999995,0.298442282,6.7999999999999999e-05,1,4388.8570900000004,4308.9836500000001,69.287140899999997,40.002949399999999,4239.6965099999998,4378.2708000000002
284.15978999999999,0.290347672,6.8200000000000004e-05,1,4257.2972399999999,0.293029121,6.8700000000000003e-05,1,4265.3438200000001,0.29785929999999999,6.7999999999999999e-05,1,4380.2838199999997,4300.9749599999996,68.8012236,39.722405000000002,4232.1737400000002,4369.7761799999998
284.75860599999999,0.28957717900000002,6.8200000000000004e-05,1,4245.9996899999996,0.29224254599999999,6.8700000000000003e-05,1,4253.8944099999999,0.29708137899999998,6.7999999999999999e-05,1,4368.8438200000001,4289.5793000000003,68.758481900000007,39.697727999999998,4220.8208199999999,4358.3377899999996
285.35739100000001,0.28858704499999999,6.8200000000000004e-05,1,4231.4816000000001,0.29114099500000001,6.8700000000000003e-05,1,4237.8601900000003,0.29616864799999998,6.7999999999999999e-05,1,4355.4213,4274.9210300000004,69.788193500000006,40.292232300000002,4205.1328299999996,4344.7092199999997
285.95617700000003,0.287031327,6.8200000000000004e-05,1,4208.6704900000004,0.28962151699999999,6.8700000000000003e-05,1,4215.7425999999996,0.29456223399999998,6.7999999999999999e-05,1,4331.79756,4252.0702199999996,69.136392900000004,39.915915099999999,4182.9338200000002,4321.2066100000002
286.55490099999997,0.28496536500000003,6.8200000000000004e-05,1,4178.3777899999995,0.28758350900000001,6.8700000000000003e-05,1,4186.0772699999998,0.29237168499999999,6.7999999999999999e-05,1,4299.5835999999999,4221.3462200000004,67.864838199999994,39.181782599999998,4153.4813800000002,4289.2110599999996
287.15362499999998,0.282407513,6.8200000000000004e-05,1,4140.8726200000001,0.28488819300000001,6.8700000000000003e-05,1,4146.8441400000002,0.289819571,6.7999999999999999e-05,1,4262.0525100000004,4183.2564199999997,68.3046997,39.435736800000001,4114.95172,4251.5611200000003
287.75228900000002,0.279572714,6.8200000000000004e-05,1,4099.3066600000002,0.28196255399999998,6.8700000000000003e-05,1,4104.2584299999999,0.28692589800000001,6.7999999999999999e-05,1,4219.4984999999997,4141.0212000000001,68.008424000000005,39.264681899999999,4073.0127699999998,4209.0296200000003
288.35095200000001,0.276717983,6.8200000000000004e-05,1,4057.4484299999999,0.27910106200000001,6.8700000000000003e-05,1,4062.6064299999998,0.28413014399999997,6.7999999999999999e-05,1,4178.3844799999997,4099.4797799999997,68.382123500000006,39.4804374,4031.0976500000002,4167.8618999999999
288.94958500000001,0.27406409100000001,6.8200000000000004e-05,1,4018.5350600000002,0.276422059,6.8700000000000003e-05,1,4023.6107499999998,0.28133902199999999,6.7999999999999999e-05,1,4137.3385699999999,4059.8281299999999,67.173967399999995,38.7829081,3992.65416,4127.00209
289.54818699999998,0.271279455,6.8200000000000004e-05,1,3977.7046300000002,0.273452052,6.8700000000000003e-05,1,3980.3792199999998,0.27830934299999999,6.7999999999999999e-05,1,4092.7844599999999,4016.9560999999999,65.682901900000005,37.922041100000001,3951.2732000000001,4082.6390000000001
290.14679000000001,0.26830335300000002,6.8200000000000004e-05,1,3934.0667600000002,0.27037776400000002,6.8700000000000003e-05,1,3935.6297500000001,0.27513076600000003,6.7999999999999999e-05,1,4046.0406800000001,3971.9124000000002,64.201729200000003,37.066885599999999,3907.7106699999999,4036.1141299999999
290.74533100000002,0.26516171500000002,6.8200000000000004e-05,1,3888.0016799999999,0.26719968700000002,6.8700000000000003e-05,1,3889.3695400000001,0.271679848,6.7999999999999999e-05,1,3995.29189,3924.2210300000002,61.552963400000003,35.537619999999997,3862.6680700000002,3985.7739999999999
291.343842,0.26183912399999998,6.8200000000000004e-05,1,3839.2833500000002,0.263759788,6.8700000000000003e-05,1,3839.2982299999999,0.26823206300000002,6.7999999999999999e-05,1,3944.58916,3874.3902400000002,60.794043799999997,35.099457600000001,3813.5962,3935.1842900000001
291.94235200000003,0.25876703699999998,6.8200000000000004e-05,1,3794.2380899999998,0.26065570199999999,6.8700000000000003e-05,1,3794.1150200000002,0.265330591,6.7999999999999999e-05,1,3901.9204599999998,3830.0911900000001,62.206004900000003,35.914653700000002,3767.8851800000002,3892.2971899999998
292.54083300000002,0.25589346699999999,6.8200000000000004e-05,1,3752.1036300000001,0.25782525000000001,6.8700000000000003e-05,1,3752.9148500000001,0.26243921599999998,6.7999999999999999e-05,1,3859.4002399999999,3788.1395699999998,61.7148805,35.631102900000002,3726.4246899999998,3849.8544499999998
293.139252,0.25355487599999998,6.8200000000000004e-05,1,3717.8134300000002,0.25535099300000003,6.8700000000000003e-05,1,3716.8994600000001,0.26005834700000002,6.7999999999999999e-05,1,3824.3874599999999,3753.0334499999999,61.796074699999998,35.677980400000003,3691.2373699999998,3814.8295199999998
293.73767099999998,0.25118115899999999,6.8200000000000004e-05,1,3683.00819,0.25279526699999999,6.8700000000000003e-05,1,3679.6982200000002,0.25755202399999999,6.7999999999999999e-05,1,3787.5297599999999,3716.74539,61.323399000000002,35.405080900000002,3655.4219899999998,3778.0687899999998
294.33605999999997,0.24809105200000001,6.8200000000000004e-05,1,3637.6987100000001,0.24949355200000001,6.8700000000000003e-05,1,3631.63832,0.25430011400000002,6.7999999999999999e-05,1,3739.7075599999998,3669.6815299999998,60.719977,35.056695099999999,3608.96155,3730.4014999999999
294.93444799999997,0.24425346100000001,6.8200000000000004e-05,1,3581.4290500000002,0.24558685899999999,6.8700000000000003e-05,1,3574.77232,0.25026347300000001,6.7999999999999999e-05,1,3680.34519,3612.18219,59.124650899999999,34.1356331,3553.0575399999998,3671.3068400000002
295.53277600000001,0.23942706,6.8200000000000004e-05,1,3510.6607100000001,0.24083686300000001,6.8700000000000003e-05,1,3505.6311999999998,0.245322125,6.7999999999999999e-05,1,3607.6783,3541.3234000000002,57.520028199999999,33.209203700000003,3483.8033799999998,3598.8434299999999
296.13107300000001,0.23354483100000001,6.8200000000000004e-05,1,3424.41102,0.23497704,6.8700000000000003e-05,1,3420.3353699999998,0.23937112799999999,6.7999999999999999e-05,1,3520.16365,3454.97001,56.496112099999998,32.618045500000001,3398.4739,3511.46612
296.72937000000002,0.22698558399999999,6.8200000000000004e-05,1,3328.2343700000001,0.22843092700000001,6.8700000000000003e-05,1,3325.04988,0.23285921300000001,6.7999999999999999e-05,1,3424.4001899999998,3359.2281400000002,56.4630996,32.598985800000001,3302.7650400000002,3415.6912400000001
297.327606,0.219715666,6.8200000000000004e-05,1,3221.6373400000002,0.22105444799999999,6.8700000000000003e-05,1,3217.6775600000001,0.22533314900000001,6.7999999999999999e-05,1,3313.7227800000001,3251.0125600000001,54.344720899999999,31.375939200000001,3196.6678400000001,3305.3572800000002
297.92584199999999,0.212248253,6.8200000000000004e-05,1,3112.1444700000002,0.21324931999999999,6.8700000000000003e-05,1,3104.0657900000001,0.21758775699999999,6.7999999999999999e-05,1,3199.8199599999998,3138.6767399999999,53.105426899999998,30.660432499999999,3085.57132,3191.78217
298.52404799999999,0.204609188,6.8200000000000004e-05,1,3000.13472,0.20522969999999999,6.8700000000000003e-05,1,2987.3318800000002,0.20967755199999999,6.7999999999999999e-05,1,3083.49341,3023.6533399999998,52.216896300000002,30.1474391,2971.4364399999999,3075.87023
299.12222300000002,0.19693046,6.8200000000000004e-05,1,2887.5434,0.19733025500000001,6.8700000000000003e-05,1,2872.3472299999999,0.20175237800000001,6.7999999999999999e-05,1,2966.9467300000001,2908.9457900000002,50.801704600000001,29.330377800000001,2858.14408,2959.7474900000002
299.72036700000001,0.18957486600000001,6.8200000000000004e-05,1,2779.69011,0.18993998000000001,6.8700000000000003e-05,1,2764.7740899999999,0.194294088,6.7999999999999999e-05,1,2857.2660000000001,2800.5767300000002,49.657592800000003,28.669824599999998,2750.91914,2850.2343300000002
300.31848100000002,0.182798778,6.8200000000000004e-05,1,2680.3339799999999,0.18320107099999999,6.8700000000000003e-05,1,2666.68226,0.187356157,6.7999999999999999e-05,1,2755.2376100000001,2700.75128,47.677689000000001,27.5267266,2653.07359,2748.4289699999999
300.91659499999997,0.17679093400000001,6.8200000000000004e-05,1,2592.2424299999998,0.17721400300000001,6.8700000000000003e-05,1,2579.5342500000002,0.18114750399999999,6.7999999999999999e-05,1,2663.9338899999998,2611.9035199999998,45.5054242,26.2725689,2566.3980999999999,2657.40895
301.51464800000002,0.17148771400000001,6.8200000000000004e-05,1,2514.4826200000002,0.17189365000000001,6.8700000000000003e-05,1,2502.0909700000002,0.17574026300000001,6.7999999999999999e-05,1,2584.4156400000002,2533.6630799999998,44.387556099999998,25.627167499999999,2489.2755200000001,2578.0506300000002
302.11270100000002,0.16697577599999999,6.8200000000000004e-05,1,2448.3251700000001,0.16738365299999999,6.8700000000000003e-05,1,2436.44328,0.17119000700000001,6.7999999999999999e-05,1,2517.5001000000002,2467.4228499999999,43.773202699999999,25.2724704,2423.6496499999998,2511.19605
302.71069299999999,0.16310208800000001,6.8200000000000004e-05,1,2391.5262200000002,0.163462632,6.8700000000000003e-05,1,2379.3687399999999,0.16746364699999999,6.7999999999999999e-05,1,2462.7006999999999,2411.1985500000001,45.014490500000001,25.9891282,2366.18406,2456.2130400000001
303.30868500000003,0.16001179600000001,6.8200000000000004e-05,1,2346.2140199999999,0.160126888,6.8700000000000003e-05,1,2330.81351,0.16430497099999999,6.7999999999999999e-05,1,2416.2495800000002,2364.4256999999998,45.5365726,26.2905525,2318.88913,2409.96227
303.90664700000002,0.157349773,6.8200000000000004e-05,1,2307.1814300000001,0.15744608199999999,6.8700000000000003e-05,1,2291.7915800000001,0.16160876299999999,6.7999999999999999e-05,1,2376.5994500000002,2325.1908199999998,45.1812738,26.085420599999999,2280.0095500000002,2370.3720899999998
304.50457799999998,0.15509366999999999,6.8200000000000004e-05,1,2274.1007399999999,0.155174745,6.8700000000000003e-05,1,2258.72991,0.159314294,6.7999999999999999e-05,1,2342.8572600000002,2291.89597,44.797942999999997,25.864104399999999,2247.0980300000001,2336.69391
305.10247800000002,0.153370694,6.8200000000000004e-05,1,2248.83716,0.15329583399999999,6.8700000000000003e-05,1,2231.3804,0.15732459900000001,6.7999999999999999e-05,1,2313.5970499999999,2264.6048700000001,43.316969100000001,25.0090638,2221.2878999999998,2307.92184
305.70034800000002,0.15173578500000001,6.8200000000000004e-05,1,2224.8648800000001,0.15167351700000001,6.8700000000000003e-05,1,2207.7658900000001,0.15559488199999999,6.7999999999999999e-05,1,2288.16003,2240.2636000000002,42.351445099999999,24.451618199999999,2197.9121500000001,2282.6150400000001
306.29821800000002,0.14982701300000001,6.8200000000000004e-05,1,2196.8770300000001,0.14975328199999999,6.8700000000000003e-05,1,2179.8148799999999,0.15355216499999999,6.7999999999999999e-05,1,2258.1200800000001,2211.6039900000001,41.177528100000004,23.773857,2170.4264699999999,2252.78152
306.896027,0.14741733200000001,6.8200000000000004e-05,1,2161.5444499999999,0.14733542499999999,6.8700000000000003e-05,1,2144.6204600000001,0.15114186700000001,6.7999999999999999e-05,1,2222.67452,2176.27981,41.060410900000001,23.7062393,2135.2194,2217.34022
307.49383499999999,0.14433204499999999,6.8200000000000004e-05,1,2116.3056499999998,0.144281823,6.8700000000000003e-05,1,2100.17209,0.14819020399999999,6.7999999999999999e-05,1,2179.2677100000001,2131.9151499999998,41.794395299999998,24.130005400000002,2090.12075,2173.7095399999998
308.09158300000001,0.140595409,6.8200000000000004e-05,1,2061.5162599999999,0.14034285699999999,6.8700000000000003e-05,1,2042.83635,0.144305764,6.7999999999999999e-05,1,2122.1435799999999,2075.4987299999998,41.461325700000003,23.9377076,2034.0373999999999,2116.9600599999999
308.68933099999998,0.135966643,6.8200000000000004e-05,1,1993.64579,0.135604799,6.8700000000000003e-05,1,1973.86898,0.13955232100000001,6.7999999999999999e-05,1,2052.24001,2006.58493,40.756234300000003,23.530622900000001,1965.8286900000001,2047.3411599999999
309.28704800000003,0.13064300400000001,6.8200000000000004e-05,1,1915.5865699999999,0.13020408999999999,6.8700000000000003e-05,1,1895.25604,0.13409590599999999,6.7999999999999999e-05,1,1971.9986100000001,1927.61374,39.7598463,22.955357899999999,1887.8539000000001,1967.3735899999999
309.88473499999998,0.12501099199999999,6.8200000000000004e-05,1,1833.00575,0.124441023,6.8700000000000003e-05,1,1811.36861,0.12822375599999999,6.7999999999999999e-05,1,1885.64347,1843.3392699999999,38.200458300000001,22.055044899999999,1805.1388199999999,1881.53973
310.48239100000001,0.119306752,6.8200000000000004e-05,1,1749.3658600000001,0.11870125500000001,6.8700000000000003e-05,1,1727.8203100000001,0.12241458600000001,6.7999999999999999e-05,1,1800.2145,1759.13356,37.1723766,21.461481599999999,1721.96118,1796.30593
311.080017,0.113746208,6.8200000000000004e-05,1,1667.8329699999999,0.112954291,6.8700000000000003e-05,1,1644.1672599999999,0.116582224,6.7999999999999999e-05,1,1714.4444599999999,1675.4815699999999,35.757474799999997,20.644587699999999,1639.7240899999999,1711.2390399999999
311.67761200000001,0.10851129399999999,6.8200000000000004e-05,1,1591.0746999999999,0.107709612,6.8700000000000003e-05,1,1567.8255099999999,0.111264909,6.7999999999999999e-05,1,1636.24866,1598.3829499999999,34.792095099999997,20.087225499999999,1563.59086,1633.1750500000001
312.27520800000002,0.103894951,6.8200000000000004e-05,1,1523.3863799999999,0.10307003100000001,6.8700000000000003e-05,1,1500.2915700000001,0.10662717100000001,6.7999999999999999e-05,1,1568.04664,1530.5748599999999,34.444782500000002,19.8867045,1496.1300799999999,1565.01965
312.87274200000002,0.100032262,6.8200000000000004e-05,1,1466.7487100000001,0.099100812799999993,6.8700000000000003e-05,1,1442.5154700000001,0.102637716,6.7999999999999999e-05,1,1509.37817,1472.88078,33.850510399999997,19.543601299999999,1439.03027,1506.7312899999999
313.47027600000001,0.096885509199999997,6.8200000000000004e-05,1,1420.6086399999999,0.095904538299999995,6.8700000000000003e-05,1,1395.99037,0.099379173400000007,6.7999999999999999e-05,1,1461.4584299999999,1426.0191500000001,33.0676889,19.091639099999998,1392.95146,1459.0868399999999
314.06774899999999,0.094312408200000003,6.8200000000000004e-05,1,1382.8798899999999,0.093291858800000002,6.8700000000000003e-05,1,1357.9601,0.096762038199999997,6.7999999999999999e-05,1,1422.9711500000001,1387.93705,32.799243400000002,18.936651999999999,1355.1378,1420.7362900000001
314.66522200000003,0.092354376299999999,6.8200000000000004e-05,1,1354.16974,0.091260063599999997,6.8700000000000003e-05,1,1328.3852099999999,0.094734873299999994,6.7999999999999999e-05,1,1393.1599000000001,1358.5716199999999,32.6109291,18.827928700000001,1325.9606900000001,1391.18255
315.26266500000003,0.090943727099999996,6.8200000000000004e-05,1,1333.4857300000001,0.089760677900000002,6.8700000000000003e-05,1,1306.5600899999999,0.093329568099999996,6.7999999999999999e-05,1,1372.4936499999999,1337.51316,33.150773200000003,19.1396078,1304.36238,1370.6639299999999
315.86007699999999,0.089909055200000004,6.8200000000000004e-05,1,1318.31459,0.088619744799999997,6.8700000000000003e-05,1,1289.95262,0.092180909300000002,6.7999999999999999e-05,1,1355.6016099999999,1321.28961,32.9254538,19.009519600000001,1288.3641500000001,1354.21506
316.45745799999997,0.089104669900000003,6.8200000000000004e-05,1,1306.52009,0.087813136999999999,6.8700000000000003e-05,1,1278.2116000000001,0.091384862600000005,6.7999999999999999e-05,1,1343.8950400000001,1309.54224,32.945842599999999,19.021291099999999,1276.5963999999999,1342.4880800000001
317.05480999999997,0.088664773500000002,6.8200000000000004e-05,1,1300.06999,0.087388281999999998,6.8700000000000003e-05,1,1272.02739,0.0909097039,6.7999999999999999e-05,1,1336.90741,1303.0016000000001,32.5392048,18.786518699999998,1270.4623899999999,1335.5408
317.65213,0.088479107599999995,6.8200000000000004e-05,1,1297.34762,0.087285600199999994,6.8700000000000003e-05,1,1270.5327500000001,0.090700503099999996,6.7999999999999999e-05,1,1333.8309300000001,1300.57043,31.771915100000001,18.343523699999999,1268.7985200000001,1332.3423499999999
318.24945100000002,0.088497124100000005,6.8200000000000004e-05,1,1297.6117899999999,0.087364713499999996,6.8700000000000003e-05,1,1271.68433,0.090691980300000002,6.7999999999999999e-05,1,1333.70559,1301.0005699999999,31.149191200000001,17.983993900000002,1269.8513800000001,1332.14976
318.84670999999997,0.088836420900000004,6.8200000000000004e-05,1,1302.58682,0.087586890200000003,6.8700000000000003e-05,1,1274.9183399999999,0.091041820999999995,6.7999999999999999e-05,1,1338.85031,1305.45182,32.062130799999998,18.511079899999999,1273.38969,1337.51395
319.44396999999998,0.089341999699999994,6.8200000000000004e-05,1,1310,0.088042056600000002,6.8700000000000003e-05,1,1281.54376,0.0916031707,6.7999999999999999e-05,1,1347.10545,1312.8830700000001,32.875793700000003,18.980848300000002,1280.00728,1345.7588599999999
320.04116800000003,0.089948505400000003,6.8200000000000004e-05,1,1318.8930399999999,0.088601783399999995,6.8700000000000003e-05,1,1289.6911700000001,0.092329356500000001,6.7999999999999999e-05,1,1357.7846500000001,1322.1229599999999,34.161453100000003,19.723124200000001,1287.9614999999999,1356.28441
320.63836700000002,0.090634865100000003,6.8200000000000004e-05,1,1328.95697,0.089279246199999995,6.8700000000000003e-05,1,1299.5523499999999,0.093113621899999999,6.7999999999999999e-05,1,1369.3179700000001,1332.6090899999999,35.025905899999998,20.222216199999998,1297.5831900000001,1367.635
321.23553500000003,0.091352101399999996,6.8200000000000004e-05,1,1339.47363,0.0900225474,6.8700000000000003e-05,1,1310.3718699999999,0.093939329099999996,6.7999999999999999e-05,1,1381.46072,1343.76874,35.738526399999998,20.633647799999999,1308.0302099999999,1379.5072700000001
321.832672,0.092355565200000003,6.8200000000000004e-05,1,1354.1871699999999,0.091049764599999999,6.8700000000000003e-05,1,1325.3240800000001,0.094870995299999997,6.7999999999999999e-05,1,1395.1616899999999,1358.22432,35.093402300000001,20.261185300000001,1323.1309100000001,1393.31772
322.42974900000002,0.0932220094,6.8200000000000004e-05,1,1366.8916300000001,0.091995201700000001,6.8700000000000003e-05,1,1339.0859,0.095810636500000004,6.7999999999999999e-05,1,1408.9799499999999,1371.6524999999999,35.189397800000002,20.316608299999999,1336.4630999999999,1406.8418899999999
323.02685500000001,0.094103489700000001,6.8200000000000004e-05,1,1379.81656,0.093020198499999998,6.8700000000000003e-05,1,1354.0057999999999,0.096645845699999997,6.7999999999999999e-05,1,1421.26244,1385.02827,33.929856399999998,19.589411699999999,1351.0984100000001,1418.95812
323.62390099999999,0.095174897100000003,6.8200000000000004e-05,1,1395.5263500000001,0.093999054400000004,6.8700000000000003e-05,1,1368.25407,0.0977077945,6.7999999999999999e-05,1,1436.87933,1400.21992,34.552552499999997,19.948925500000001,1365.6673599999999,1434.7724700000001
324.22091699999999,0.096223665700000002,6.8200000000000004e-05,1,1410.90419,0.0950233724,6.8700000000000003e-05,1,1383.16408,0.098654482599999996,6.7999999999999999e-05,1,1450.8012100000001,1414.95649,34.0001666,19.630005300000001,1380.95633,1448.9566600000001
324.817902,0.097223602699999995,6.8200000000000004e-05,1,1425.56602,0.096079059699999997,6.8700000000000003e-05,1,1398.53071,0.099707652399999999,6.7999999999999999e-05,1,1466.28901,1430.1285800000001,34.108788199999999,19.692717999999999,1396.0197900000001,1464.2373700000001
325.41488600000002,0.098525520899999997,6.8200000000000004e-05,1,1444.6557299999999,0.097374154899999996,6.8700000000000003e-05,1,1417.3821700000001,0.101029248,6.7999999999999999e-05,1,1485.72424,1449.25405,34.402297599999997,19.862175799999999,1414.85175,1483.65634
326.01181000000003,0.099804361300000005,6.8200000000000004e-05,1,1463.40706,0.098700749599999998,6.8700000000000003e-05,1,1436.6921299999999,0.102326368,6.7999999999999999e-05,1,1504.79953,1468.2995699999999,34.3162795,19.812513200000001,1433.9833000000001,1502.6158499999999
326.60873400000003,0.101273244,6.8200000000000004e-05,1,1484.9449199999999,0.10016291300000001,6.8700000000000003e-05,1,1457.9754499999999,0.103665177,6.7999999999999999e-05,1,1524.4879000000001,1489.13609,33.453714099999999,19.314510800000001,1455.68238,1522.5898099999999
327.20562699999999,0.10261619299999999,6.8200000000000004e-05,1,1504.63626,0.10154758699999999,6.8700000000000003e-05,1,1478.1308100000001,0.104984908,6.7999999999999999e-05,1,1543.8957,1508.88759,33.087922900000002,19.1033212,1475.7996700000001,1541.97552
327.80246,0.10414178,6.8200000000000004e-05,1,1527.00557,0.10315421499999999,6.8700000000000003e-05,1,1501.51695,0.106466295,6.7999999999999999e-05,1,1565.6808100000001,1531.40111,32.306979599999998,18.652443399999999,1499.09413,1563.7080900000001
328.399292,0.10582792100000001,6.8200000000000004e-05,1,1551.7290399999999,0.104662109,6.8700000000000003e-05,1,1523.4659300000001,0.108235047,6.7999999999999999e-05,1,1591.6918599999999,1555.62895,34.279753700000001,19.791425,1521.3491899999999,1589.9087
328.99609400000003,0.107644583,6.8200000000000004e-05,1,1578.3663200000001,0.10651677,6.8700000000000003e-05,1,1550.46244,0.110151058,6.7999999999999999e-05,1,1619.86851,1582.8990899999999,34.924346,20.163580499999998,1547.9747400000001,1617.8234399999999
329.59286500000002,0.109505769,6.8200000000000004e-05,1,1605.65644,0.10850151399999999,6.8700000000000003e-05,1,1579.3524600000001,0.112179473,6.7999999999999999e-05,1,1649.69814,1611.5690099999999,35.543599999999998,20.521107000000001,1576.02541,1647.1126099999999
330.18960600000003,0.111795995,6.8200000000000004e-05,1,1639.2374600000001,0.11077809600000001,6.8700000000000003e-05,1,1612.4904799999999,0.11448135500000001,6.7999999999999999e-05,1,1683.5493300000001,1645.0924299999999,35.889421800000001,20.720767299999999,1609.203,1680.9818499999999
330.786316,0.114026266,6.8200000000000004e-05,1,1671.93939,0.113130288,6.8700000000000003e-05,1,1646.7290800000001,0.11679397,6.7999999999999999e-05,1,1717.5583899999999,1678.7422899999999,35.901353899999997,20.7276563,1642.8409300000001,1714.64364
331.38302599999997,0.11631536000000001,6.8200000000000004e-05,1,1705.5038199999999,0.11563113699999999,6.8700000000000003e-05,1,1683.1315500000001,0.119170963,6.7999999999999999e-05,1,1752.5141599999999,1713.71651,35.412889499999999,20.445641299999998,1678.3036199999999,1749.1294
331.97967499999999,0.11878045499999999,6.8200000000000004e-05,1,1741.6488899999999,0.11823563600000001,6.8700000000000003e-05,1,1721.0427299999999,0.12159761099999999,6.7999999999999999e-05,1,1788.2001600000001,1750.2972600000001,34.403860399999999,19.863078000000002,1715.8933999999999,1784.7011199999999
332.57629400000002,0.121605485,6.8200000000000004e-05,1,1783.0716299999999,0.121086106,6.8700000000000003e-05,1,1762.5343,0.124505483,6.7999999999999999e-05,1,1830.96298,1792.1896400000001,35.113738499999997,20.272926399999999,1757.0759,1827.3033700000001
333.17291299999999,0.124643741,6.8200000000000004e-05,1,1827.62084,0.124129542,6.8700000000000003e-05,1,1806.83467,0.12763941500000001,6.7999999999999999e-05,1,1877.0502200000001,1837.16858,36.068342899999998,20.824067500000002,1801.10023,1873.2369200000001
333.76947000000001,0.12794423399999999,6.8200000000000004e-05,1,1876.0151599999999,0.127504798,6.8700000000000003e-05,1,1855.96504,0.13105841900000001,6.7999999999999999e-05,1,1927.32969,1886.4366299999999,36.8060288,21.249970600000001,1849.6306,1923.2426599999999
334.36602799999997,0.13156564100000001,6.8200000000000004e-05,1,1929.1149700000001,0.131078154,6.8700000000000003e-05,1,1907.9789499999999,0.134684531,6.7999999999999999e-05,1,1980.6548700000001,1939.2496000000001,37.3828903,21.583021800000001,1901.8667,1976.63249
334.96255500000001,0.135482878,6.8200000000000004e-05,1,1986.5524700000001,0.134870661,6.8700000000000003e-05,1,1963.1828399999999,0.13858105500000001,6.7999999999999999e-05,1,2037.95669,1995.89734,38.2528036,22.085266399999998,1957.64453,2034.15014
335.55905200000001,0.13958947999999999,6.8200000000000004e-05,1,2046.76657,0.13896254199999999,6.8700000000000003e-05,1,2022.74442,0.142714703,6.7999999999999999e-05,1,2098.7456299999999,2056.08554,38.848145199999998,22.428987100000001,2017.23739,2094.9336800000001
336.15551799999997,0.14398598700000001,6.8200000000000004e-05,1,2111.2314799999999,0.14330938500000001,6.8700000000000003e-05,1,2086.0172499999999,0.14718324599999999,6.7999999999999999e-05,1,2164.4594900000002,2120.5694100000001,40.046150799999999,23.120656,2080.5232599999999,2160.6155600000002
336.75195300000001,0.14866887600000001,6.8200000000000004e-05,1,2179.89554,0.148002462,6.8700000000000003e-05,1,2154.32987,0.15173286,6.7999999999999999e-05,1,2231.3655899999999,2188.53033,39.237038699999999,22.653514900000001,2149.2932900000001,2227.76737
337.34835800000002,0.153539642,6.8200000000000004e-05,1,2251.3144000000002,0.153051927,6.8700000000000003e-05,1,2227.8300800000002,0.156831052,6.7999999999999999e-05,1,2306.3389999999999,2261.8278300000002,40.296543900000003,23.265220500000002,2221.5312800000002,2302.12437
337.94473299999999,0.15857492000000001,6.8200000000000004e-05,1,2325.14545,0.15823319999999999,6.8700000000000003e-05,1,2303.2489099999998,0.16215571600000001,6.7999999999999999e-05,1,2384.6428799999999,2337.6790799999999,42.119634099999999,24.317782099999999,2295.5594500000002,2379.7987199999998
338.54107699999997,0.16385649499999999,6.8200000000000004e-05,1,2402.5879,0.163691162,6.8700000000000003e-05,1,2382.6952200000001,0.167617975,6.7999999999999999e-05,1,2464.9702200000002,2416.7511100000002,42.927164400000002,24.784009900000001,2373.82395,2459.6782800000001
339.13738999999998,0.1693953,6.8200000000000004e-05,1,2483.8020499999998,0.16940782300000001,6.8700000000000003e-05,1,2465.90717,0.17339423300000001,6.7999999999999999e-05,1,2549.9151900000002,2499.8748000000001,44.250274599999997,25.547907899999998,2455.62453,2544.1250799999998
339.73370399999999,0.175106285,6.8200000000000004e-05,1,2567.5408400000001,0.175165671,6.8700000000000003e-05,1,2549.7186499999998,0.179272607,6.7999999999999999e-05,1,2636.36186,2584.54045,45.754801499999999,26.4165469,2538.7856499999998,2630.2952500000001
340.32995599999998,0.18107833300000001,6.8200000000000004e-05,1,2655.10752,0.181323292,6.8700000000000003e-05,1,2639.3492200000001,0.18536490899999999,6.7999999999999999e-05,1,2725.9545400000002,2673.4704299999999,46.1304406,26.633422299999999,2627.3399899999999,2719.6008700000002
340.92617799999999,0.18730089,6.8200000000000004e-05,1,2746.3473600000002,0.187618919,6.8700000000000003e-05,1,2730.9886299999998,0.19175506,6.7999999999999999e-05,1,2819.9273600000001,2765.7544499999999,47.539464299999999,27.446922499999999,2718.2149800000002,2813.2939099999999
341.5224,0.19371860299999999,6.8200000000000004e-05,1,2840.4487199999999,0.19427359699999999,6.8700000000000003e-05,1,2827.85439,0.19828926499999999,6.7999999999999999e-05,1,2916.0186100000001,2861.4405700000002,47.6836007,27.530139699999999,2813.7569699999999,2909.12417
342.11859099999998,0.20043411699999999,6.8200000000000004e-05,1,2938.9166700000001,0.20122347400000001,6.8700000000000003e-05,1,2929.0170899999998,0.205294052,6.7999999999999999e-05,1,3019.0301800000002,2962.32132,49.360121900000003,28.498079700000002,2912.96119,3011.6814399999998
342.71472199999999,0.20734640900000001,6.8200000000000004e-05,1,3040.2699299999999,0.20824700900000001,6.8700000000000003e-05,1,3031.2519600000001,0.21241674799999999,6.7999999999999999e-05,1,3123.7757000000001,3065.0992000000001,51.015000899999997,29.4535245,3014.0841999999998,3116.1142
343.31085200000001,0.214613158,6.8200000000000004e-05,1,3146.8204999999998,0.21566854299999999,6.8700000000000003e-05,1,3139.2801100000001,0.219756742,6.7999999999999999e-05,1,3231.7167899999999,3172.6057999999998,51.3302665,29.635543200000001,3121.2755299999999,3223.93606
343.90695199999999,0.222196058,6.8200000000000004e-05,1,3258.0067199999999,0.223633937,6.8700000000000003e-05,1,3255.2247000000002,0.22770438500000001,6.7999999999999999e-05,1,3348.5938900000001,3287.2750999999998,53.121844199999998,30.669910999999999,3234.15326,3340.3969499999998
344.50302099999999,0.230098096,6.8200000000000004e-05,1,3373.8723799999998,0.23180964700000001,6.8700000000000003e-05,1,3374.2306699999999,0.23579915700000001,6.7999999999999999e-05,1,3467.6346600000002,3405.2458999999999,54.030542799999999,31.1945485,3351.2153600000001,3459.2764400000001
345.09906000000001,0.23822147799999999,6.8200000000000004e-05,1,3492.9835400000002,0.24012471599999999,6.8700000000000003e-05,1,3495.2651500000002,0.244132669,6.7999999999999999e-05,1,3590.1863199999998,3526.145,55.473134000000002,32.027428800000003,3470.6718700000001,3581.61814
345.69506799999999,0.24663584699999999,6.8200000000000004e-05,1,3616.3613999999998,0.24859579400000001,6.8700000000000003e-05,1,3618.57051,0.25270517399999998,6.7999999999999999e-05,1,3716.2525599999999,3650.39482,57.045166500000001,32.935042199999998,3593.3496599999999,3707.4399899999999
346.29104599999999,0.25511679799999998,6.8200000000000004e-05,1,3740.71551,0.25714813600000003,6.8700000000000003e-05,1,3743.0587500000001,0.26137355800000001,6.7999999999999999e-05,1,3843.7287900000001,3775.8343500000001,58.809983000000003,33.953959500000003,3717.0243700000001,3834.6443300000001
346.88699300000002,0.263834811,6.8200000000000004e-05,1,3868.5456100000001,0.26582133499999999,6.8700000000000003e-05,1,3869.3061899999998,0.270241958,6.7999999999999999e-05,1,3974.14644,3903.9994099999999,60.750297799999998,35.0742008,3843.2491199999999,3964.7497100000001
347.48291,0.272736219,6.8200000000000004e-05,1,3999.0648000000001,0.27463586499999998,6.8700000000000003e-05,1,3997.61085,0.27914273899999997,6.7999999999999999e-05,1,4105.0402700000004,4033.9053100000001,61.608977799999998,35.569959900000001,3972.2963300000001,4095.5142799999999
348.07882699999999,0.28189748100000001,6.8200000000000004e-05,1,4133.3941500000001,0.28373351499999999,6.8700000000000003e-05,1,4130.0366100000001,0.28825276700000002,6.7999999999999999e-05,1,4239.0112799999997,4167.4806799999997,61.970060099999998,35.778430899999996,4105.51062,4229.4507400000002
348.67468300000002,0.29130525600000001,6.8200000000000004e-05,1,4271.33806,0.29329243199999999,6.8700000000000003e-05,1,4269.1765999999998,0.29788634899999999,6.7999999999999999e-05,1,4380.6816099999996,4307.0654199999999,63.7626451,36.813380299999999,4243.30278,4370.8280699999996
349.27050800000001,0.30092551000000001,6.8200000000000004e-05,1,4412.3975099999998,0.30297210099999999,6.8700000000000003e-05,1,4410.0742399999999,0.30756323200000002,6.7999999999999999e-05,1,4522.9886999999999,4448.4868200000001,64.530980499999998,37.2569789,4383.9558399999996,4513.0177999999996
349.866333,0.31087320099999999,6.8200000000000004e-05,1,4558.2580900000003,0.312824608,6.8700000000000003e-05,1,4553.4877399999996,0.31762204999999999,6.7999999999999999e-05,1,4670.9125000000004,4594.2194399999998,66.460952800000001,38.371248999999999,4527.7584900000002,4660.6804000000002
350.46209700000003,0.32099582100000001,6.8200000000000004e-05,1,4706.6836000000003,0.32306098700000002,6.8700000000000003e-05,1,4702.4888899999996,0.32795678099999998,6.7999999999999999e-05,1,4822.8938399999997,4744.0221099999999,68.337113900000006,39.4544511,4675.6849899999997,4812.3592200000003
351.057861,0.33075510200000002,6.8200000000000004e-05,1,4849.7815499999997,0.33307614099999999,6.8700000000000003e-05,1,4848.2698799999998,0.33812871500000002,6.7999999999999999e-05,1,4972.4811,4890.1775100000004,71.281007900000006,41.154109099999999,4818.8964999999998,4961.4585200000001
351.653595,0.34099937400000002,6.8200000000000004e-05,1,4999.9908100000002,0.34364942199999998,6.8700000000000003e-05,1,5002.1749900000004,0.34862534000000001,6.7999999999999999e-05,1,5126.8432300000004,5043.0030100000004,72.615973499999996,41.924851799999999,4970.3870399999996,5115.6189899999999
352.24926799999997,0.35145167399999999,6.8200000000000004e-05,1,5153.25036,0.35431626799999999,6.8700000000000003e-05,1,5157.4420399999999,0.35913650499999999,6.7999999999999999e-05,1,5281.4191899999996,5197.3705300000001,72.818440300000006,42.041746099999997,5124.5520900000001,5270.1889700000002
352.84494000000001,0.36191152199999999,6.8200000000000004e-05,1,5306.6205499999996,0.36508012699999998,6.8700000000000003e-05,1,5314.1212100000002,0.36987046800000001,6.7999999999999999e-05,1,5439.2715799999996,5353.3377799999998,74.515292299999999,43.021424099999997,5278.8224899999996,5427.8530700000001
353.44058200000001,0.37260268400000002,6.8200000000000004e-05,1,5463.3824599999998,0.37602937600000003,6.8700000000000003e-05,1,5473.49892,0.38089588800000002,6.7999999999999999e-05,1,5601.4101199999996,5512.7638399999996,76.936393499999994,44.419247499999997,5435.82744,5589.7002300000004
354.03619400000002,0.38361714699999999,6.8200000000000004e-05,1,5624.8848600000001,0.38711738400000001,6.8700000000000003e-05,1,5634.89642,0.39207952099999999,6.7999999999999999e-05,1,5765.8752999999997,5675.2188599999999,78.670201300000002,45.4202619,5596.5486600000004,5753.8890600000004
354.631775,0.39503324200000001,6.8200000000000004e-05,1,5792.2762700000003,0.39850881199999999,6.8700000000000003e-05,1,5800.7105099999999,0.40367254299999999,6.7999999999999999e-05,1,5936.3609299999998,5843.1158999999998,80.862597500000007,46.686042399999998,5762.2533100000001,5923.9785000000002
355.22732500000001,0.40628059700000002,6.8200000000000004e-05,1,5957.1935100000001,0.40989186399999999,6.8700000000000003e-05,1,5966.4026800000001,0.41523678200000003,6.7999999999999999e-05,1,6106.4232599999996,6010.00648,83.626244099999994,48.281634599999997,5926.3802400000004,6093.6327300000003
355.82284499999997,0.41716181499999999,6.8200000000000004e-05,1,6116.74215,0.42096337900000003,6.8700000000000003e-05,1,6127.5600999999997,0.42646317,6.7999999999999999e-05,1,6271.5172000000002,6171.9398199999996,86.406011500000005,49.886533999999997,6085.5338099999999,6258.3458300000002
356.41833500000001,0.42802185500000001,6.8200000000000004e-05,1,6275.9802799999998,0.43220929299999999,6.8700000000000003e-05,1,6291.2560899999999,0.43757720999999999,6.7999999999999999e-05,1,6434.9589699999997,6334.0651099999995,87.709838899999994,50.639299100000002,6246.35527,6421.77495
357.01379400000002,0.43810025699999999,6.8200000000000004e-05,1,6423.7574400000003,0.44255393399999998,6.8700000000000003e-05,1,6441.8331099999996,0.44791028300000002,6.7999999999999999e-05,1,6586.9159300000001,6484.1688199999999,89.439413000000002,51.637869199999997,6394.7294099999999,6573.6082399999996
357.60922199999999,0.44881654700000001,6.8200000000000004e-05,1,6580.88778,0.45340196999999999,6.8700000000000003e-05,1,6599.7375599999996,0.45905747099999999,6.7999999999999999e-05,1,6750.8451699999996,6643.8235000000004,93.161452199999999,53.786789499999998,6550.6620499999999,6736.98495
358.20465100000001,0.45981700599999997,6.8200000000000004e-05,1,6742.1848399999999,0.464779728,6.8700000000000003e-05,1,6765.3526700000002,0.47034243599999997,6.7999999999999999e-05,1,6916.8005199999998,6808.1126800000002,94.836559699999995,54.753913300000001,6713.2761200000004,6902.9492399999999
358.80001800000002,0.47147967200000002,6.8200000000000004e-05,1,6913.1916700000002,0.47643410200000003,6.8700000000000003e-05,1,6934.9942000000001,0.48224651800000001,6.7999999999999999e-05,1,7091.8605600000001,6980.01548,97.472198599999999,56.275600099999998,6882.5432799999999,7077.4876800000002
359.39538599999997,0.48358049800000003,6.8200000000000004e-05,1,7090.6231299999999,0.48858684499999999,6.8700000000000003e-05,1,7111.8900299999996,0.49437926300000001,6.7999999999999999e-05,1,7270.2832699999999,7157.5988100000004,98.165222999999997,56.675717900000002,7059.4335899999996,7255.76404
359.99069200000002,0.495771978,6.8200000000000004e-05,1,7269.3838400000004,0.50110228099999998,6.8700000000000003e-05,1,7294.0652200000004,0.506791035,6.7999999999999999e-05,1,7452.8093399999998,7338.7528000000002,99.543773599999994,57.471624499999997,7239.20903,7438.2965700000004
360.58596799999998,0.50815396800000001,6.8200000000000004e-05,1,7450.9379499999995,0.51374157399999998,6.8700000000000003e-05,1,7478.0432899999996,0.51940463699999995,6.7999999999999999e-05,1,7638.3034799999996,7522.4282400000002,101.261931,58.463603399999997,7421.1663099999996,7623.6901699999999
361.18124399999999,0.52045167999999997,6.8200000000000004e-05,1,7631.2563,0.52641919699999995,6.8700000000000003e-05,1,7662.5792799999999,0.53209676800000005,6.7999999999999999e-05,1,7824.9524799999999,7706.2626899999996,103.97467,60.0298035,7602.28802,7810.2373600000001
361.77648900000003,0.53235221600000004,6.8200000000000004e-05,1,7805.7509700000001,0.53836401,6.8700000000000003e-05,1,7836.4484700000003,0.54404416,6.7999999999999999e-05,1,8000.64941,7880.9496200000003,104.793201,60.502382900000001,7776.1564200000003,7985.7428200000004
362.37167399999998,0.544744534,6.8200000000000004e-05,1,7987.45651,0.55093964299999998,6.8700000000000003e-05,1,8019.4998999999998,0.55682935300000003,6.7999999999999999e-05,1,8188.6669499999998,8065.2077900000004,108.11253000000001,62.418798299999999,7957.0952600000001,8173.3203199999998
362.966858,0.55676657399999996,6.8200000000000004e-05,1,8163.7327500000001,0.56315296100000001,6.8700000000000003e-05,1,8197.2774499999996,0.56899962699999995,6.7999999999999999e-05,1,8367.6415799999995,8242.88393,109.33739300000001,63.125973100000003,8133.5465400000003,8352.2213200000006
363.56201199999998,0.56854009500000002,6.8200000000000004e-05,1,8336.3650199999993,0.57495105999999996,6.8700000000000003e-05,1,8369.0110600000007,0.58111024600000005,6.7999999999999999e-05,1,8545.73891,8417.0383299999994,112.64688200000001,65.036707500000006,8304.3914499999992,8529.6852099999996
364.15713499999998,0.58009958399999995,6.8200000000000004e-05,1,8505.8590000000004,0.58655334999999997,6.8700000000000003e-05,1,8537.8944699999993,0.59278565800000005,6.7999999999999999e-05,1,8717.4361399999998,8587.0632000000005,114.036816,65.839186299999994,8473.0263900000009,8701.1000199999999
364.75219700000002,0.59205148799999996,6.8200000000000004e-05,1,8681.1068599999999,0.59840115000000005,6.8700000000000003e-05,1,8710.3515299999999,0.60497884099999999,6.7999999999999999e-05,1,8896.7476600000009,8762.7353500000008,116.975582,67.535883900000002,8645.7597700000006,8879.7109400000008
365.34726000000001,0.60388652899999995,6.8200000000000004e-05,1,8854.6411800000005,0.61018074700000002,6.8700000000000003e-05,1,8881.8158299999996,0.61705845500000001,6.7999999999999999e-05,1,9074.38904,8936.9486799999995,119.799852,69.166476900000006,8817.1488300000001,9056.7485400000005
365.94229100000001,0.61629728100000003,6.8200000000000004e-05,1,9036.6170199999997,0.62232879900000004,6.8700000000000003e-05,1,9058.64336,0.62938383899999994,6.7999999999999999e-05,1,9255.6447000000007,9116.9683600000008,120.60113699999999,69.629099100000005,8996.3672200000001,9237.5694999999996
366.53729199999998,0.62934531000000005,6.8200000000000004e-05,1,9227.9370999999992,0.63539402300000003,6.8700000000000003e-05,1,9248.8212999999996,0.64226294500000003,6.7999999999999999e-05,1,9445.0432999999994,9307.2672399999992,119.773623,69.151333300000005,9187.4936099999995,9427.0408599999992
367.13226300000002,0.64240886200000002,6.8200000000000004e-05,1,9419.4847900000004,0.648796017,6.8700000000000003e-05,1,9443.9012600000005,0.65584308800000002,6.7999999999999999e-05,1,9644.7512900000002,9502.7124500000009,123.61357599999999,71.368331600000005,9379.0988699999998,9626.3260200000004
367.72720299999997,0.655194689,6.8200000000000004e-05,1,9606.9602500000001,0.66205441399999998,6.8700000000000003e-05,1,9636.8910300000007,0.66923595599999997,6.7999999999999999e-05,1,9841.7052399999993,9695.1855099999993,127.76927000000001,73.767622599999996,9567.4162400000005,9822.95478
368.322113,0.66804097799999995,6.8200000000000004e-05,1,9795.3222600000008,0.67510771700000005,6.8700000000000003e-05,1,9826.8954400000002,0.68217706700000003,6.7999999999999999e-05,1,10032.0157,9884.7444599999999,128.51392000000001,74.197546200000005,9756.2305400000005,10013.258400000001
368.91702299999997,0.679797439,6.8200000000000004e-05,1,9967.7043799999992,0.68734465499999997,6.8700000000000003e-05,1,10005.016799999999,0.69417200599999995,6.7999999999999999e-05,1,10208.4118,10060.377699999999,129.551692,74.796704199999994,9930.8259899999994,10189.929400000001
369.51187099999999,0.69183939400000005,6.8200000000000004e-05,1,10144.2726,0.69934970299999999,6.8700000000000003e-05,1,10179.7628,0.70643866600000005,6.7999999999999999e-05,1,10388.803900000001,10237.6131,132.13206400000001,76.286482800000002,10105.481,10369.745199999999
370.10668900000002,0.70271960499999997,6.8200000000000004e-05,1,10303.806500000001,0.71040465699999999,6.8700000000000003e-05,1,10340.679099999999,0.71766762699999997,6.7999999999999999e-05,1,10553.9357,10399.4738,135.03242900000001,77.961009300000001,10264.4414,10534.5062
370.70147700000001,0.71388985400000005,6.8200000000000004e-05,1,10467.593199999999,0.72138197000000004,6.8700000000000003e-05,1,10500.465399999999,0.72862581500000001,6.7999999999999999e-05,1,10715.085499999999,10561.048000000001,134.409111,77.601136699999998,10426.6389,10695.4571
371.29626500000001,0.72514131800000003,6.8200000000000004e-05,1,10632.570599999999,0.73291889600000004,6.8700000000000003e-05,1,10668.397300000001,0.73987851500000001,6.7999999999999999e-05,1,10880.5664,10727.178099999999,134.040515,77.388327200000006,10593.1376,10861.2186
371.89099099999999,0.736846055,6.8200000000000004e-05,1,10804.1944,0.744962503,6.8700000000000003e-05,1,10843.704599999999,0.75231831500000002,6.7999999999999999e-05,1,11063.5046,10903.8012,139.710983,80.662173600000003,10764.090200000001,11043.512199999999
372.48568699999998,0.74764135499999995,6.8200000000000004e-05,1,10962.483200000001,0.75636376000000005,6.8700000000000003e-05,1,11009.661700000001,0.76378963200000005,6.7999999999999999e-05,1,11232.200500000001,11068.115100000001,144.04669999999999,83.165401099999997,10924.0684,11212.1618
373.08038299999998,0.75909895299999997,6.8200000000000004e-05,1,11130.483200000001,0.76787977799999996,6.8700000000000003e-05,1,11177.2894,0.77510478699999996,6.7999999999999999e-05,1,11398.5998,11235.457399999999,143.21060800000001,82.682683100000006,11092.246800000001,11378.668100000001
373.67501800000002,0.76926362199999998,6.8200000000000004e-05,1,11279.5252,0.77818394199999996,6.8700000000000003e-05,1,11327.2772,0.785286967,6.7999999999999999e-05,1,11548.3377,11385.046700000001,143.41558699999999,82.801027700000006,11241.631100000001,11528.462299999999
374.26965300000001,0.77881438999999997,6.8200000000000004e-05,1,11419.5658,0.78762062499999996,6.8700000000000003e-05,1,11464.6379,0.79494361700000005,6.7999999999999999e-05,1,11690.347299999999,11524.850399999999,145.085511,83.765158900000003,11379.764800000001,11669.9359
374.86422700000003,0.78823114100000002,6.8200000000000004e-05,1,11557.6414,0.79678907799999998,6.8700000000000003e-05,1,11598.094300000001,0.80448110799999994,6.7999999999999999e-05,1,11830.604499999999,11662.1134,147.31278499999999,85.051075800000007,11514.8006,11809.4262
375.45880099999999,0.79761066800000002,6.8200000000000004e-05,1,11695.1711,0.80625480599999999,6.8700000000000003e-05,1,11735.8778,0.813846344,6.7999999999999999e-05,1,11968.328600000001,11799.7925,147.368818,85.083426599999996,11652.423699999999,11947.1613
376.053314,0.80655557,6.8200000000000004e-05,1,11826.328,0.81553428400000005,6.8700000000000003e-05,1,11870.9503,0.82309341899999999,6.7999999999999999e-05,1,12104.315000000001,11933.8644,149.29110399999999,86.1932592,11784.5733,12083.155500000001
376.64782700000001,0.815741261,6.8200000000000004e-05,1,11961.015600000001,0.82513595699999998,6.8700000000000003e-05,1,12010.712600000001,0.83315850499999999,6.7999999999999999e-05,1,12252.331,12074.686400000001,155.838525,89.973414099999999,11918.847900000001,12230.5249
377.24230999999997,0.82391821300000001,6.8200000000000004e-05,1,12080.912200000001,0.83437661100000005,6.8700000000000003e-05,1,12145.219999999999,0.84191357499999997,6.7999999999999999e-05,1,12381.082,12202.404699999999,158.04443800000001,91.246998899999994,12044.3603,12360.449199999999
377.83676100000002,0.83311554399999999,6.8200000000000004e-05,1,12215.770399999999,0.84383657899999998,6.8700000000000003e-05,1,12282.919599999999,0.85125222499999997,6.7999999999999999e-05,1,12518.4151,12339.035,158.934415,91.760827500000005,12180.1006,12497.969499999999
378.431152,0.84177343100000002,6.8200000000000004e-05,1,12342.7189,0.85266113499999996,6.8700000000000003e-05,1,12411.370199999999,0.85961747799999999,6.7999999999999999e-05,1,12641.433499999999,12465.174199999999,156.456862,90.3304112,12308.7174,12621.631100000001
379.02554300000003,0.849943695,6.8200000000000004e-05,1,12462.5175,0.86122153599999995,6.8700000000000003e-05,1,12535.9758,0.868522185,6.7999999999999999e-05,1,12772.3851,12590.292799999999,161.917348,93.483024599999993,12428.375400000001,12752.2101
379.61990400000002,0.858869628,6.8200000000000004e-05,1,12593.3963,0.86995352100000001,6.8700000000000003e-05,1,12663.0789,0.87749233199999999,6.7999999999999999e-05,1,12904.299000000001,12720.258099999999,163.147831,94.193444400000004,12557.110199999999,12883.4059
380.21423299999998,0.86697459099999996,6.8200000000000004e-05,1,12712.2374,0.87757053799999996,6.8700000000000003e-05,1,12773.952499999999,0.88565280300000004,6.7999999999999999e-05,1,13024.305899999999,12836.831899999999,165.26360600000001,95.414987199999999,12671.568300000001,13002.095600000001
380.80853300000001,0.87435654600000001,6.8200000000000004e-05,1,12820.477199999999,0.88421834600000004,6.8700000000000003e-05,1,12870.7183,0.89291358099999996,6.7999999999999999e-05,1,13131.0821,12940.7592,166.72774799999999,96.260310200000006,12774.0314,13107.4869
381.40280200000001,0.88126366599999995,6.8200000000000004e-05,1,12921.7546,0.89071240699999998,6.8700000000000003e-05,1,12965.2461,0.89989291400000004,6.7999999999999999e-05,1,13233.719300000001,13040.24,168.96318099999999,97.5509378,12871.2768,13209.2032
381.99704000000003,0.88779528100000005,6.8200000000000004e-05,1,13017.526099999999,0.89772816700000002,6.8700000000000003e-05,1,13067.3678,0.90645251500000001,6.7999999999999999e-05,1,13330.183999999999,13138.3593,167.983912,96.985556599999995,12970.375400000001,13306.343199999999
382.59121699999997,0.89476523799999996,6.8200000000000004e-05,1,13119.724899999999,0.90465758500000004,6.8700000000000003e-05,1,13168.2327,0.91327057300000003,6.7999999999999999e-05,1,13430.4496,13239.4691,167.16287700000001,96.511532000000003,13072.306200000001,13406.6319
383.18539399999997,0.90129210800000004,6.8200000000000004e-05,1,13215.426799999999,0.91172974600000001,6.8700000000000003e-05,1,13271.175300000001,0.91974273500000003,6.7999999999999999e-05,1,13525.628500000001,13337.4102,165.367952,95.475231500000007,13172.0422,13502.778200000001
383.77954099999999,0.90908248000000003,6.8200000000000004e-05,1,13329.6551,0.91979166700000003,6.8700000000000003e-05,1,13388.525,0.92779884400000001,6.7999999999999999e-05,1,13644.1006,13454.0936,167.162871,96.511528499999997,13286.930700000001,13621.2565
384.37368800000002,0.91606771899999995,6.8200000000000004e-05,1,13432.078,0.92714864699999999,6.8700000000000003e-05,1,13495.613499999999,0.93485883700000005,6.7999999999999999e-05,1,13747.9241,13558.538500000001,167.06093300000001,96.452674900000005,13391.4776,13725.5995
384.96777300000002,0.92241087700000002,6.8200000000000004e-05,1,13525.0862,0.93347633799999996,6.8700000000000003e-05,1,13587.7196,0.94163940099999999,6.7999999999999999e-05,1,13847.638199999999,13653.481299999999,171.036295,98.747850799999995,13482.445,13824.517599999999
385.56182899999999,0.92920749999999996,6.8200000000000004e-05,1,13624.743399999999,0.94037864000000004,6.8700000000000003e-05,1,13688.1898,0.94818939400000002,6.7999999999999999e-05,1,13943.9617,13752.2983,168.98964100000001,97.566214799999997,13583.3087,13921.287899999999
386.15585299999998,0.93434784599999998,6.8200000000000004e-05,1,13700.115,0.94567556200000003,6.8700000000000003e-05,1,13765.291999999999,0.95361202899999997,6.7999999999999999e-05,1,14023.7063,13829.7045,171.14190099999999,98.808822599999999,13658.562599999999,14000.8464
386.74984699999999,0.94068072999999996,6.8200000000000004e-05,1,13792.972599999999,0.95209703899999998,6.8700000000000003e-05,1,13858.763300000001,0.96013705199999999,6.7999999999999999e-05,1,14119.6625,13923.799499999999,172.78268499999999,99.756129799999997,13751.016799999999,14096.582200000001
387.34381100000002,0.94657962900000003,6.8200000000000004e-05,1,13879.466700000001,0.95847769299999996,6.8700000000000003e-05,1,13951.6404,0.96682578699999999,6.7999999999999999e-05,1,14218.0263,14016.3778,178.32231400000001,102.954436,13838.0555,14194.7001
387.93774400000001,0.95266106900000003,6.8200000000000004e-05,1,13968.6374,0.96465562500000002,6.8700000000000003e-05,1,14041.5666,0.97322899699999998,6.7999999999999999e-05,1,14312.1911,14107.465,181.00897900000001,104.505583,13926.456099999999,14288.474
388.531677,0.95871602499999997,6.8200000000000004e-05,1,14057.4197,0.97037817000000004,6.8700000000000003e-05,1,14124.8642,0.97899092300000001,6.7999999999999999e-05,1,14396.925300000001,14193.0697,179.73595599999999,103.77060299999999,14013.3338,14372.805700000001
389.12554899999998,0.96462295799999997,6.8200000000000004e-05,1,14144.0316,0.97640271099999998,6.8700000000000003e-05,1,14212.557699999999,0.98493488699999998,6.7999999999999999e-05,1,14484.336600000001,14280.3086,179.98473999999999,103.914238,14100.323899999999,14460.2934
389.71939099999997,0.97123341900000004,6.8200000000000004e-05,1,14240.959199999999,0.98217728800000004,6.8700000000000003e-05,1,14296.6126,0.99100319299999995,6.7999999999999999e-05,1,14573.5764,14370.3827,178.157409,102.859228,14192.2253,14548.5401
390.31320199999999,0.97727048699999997,6.8200000000000004e-05,1,14329.479300000001,0.98803146100000006,6.8700000000000003e-05,1,14381.8262,0.99701974199999999,6.7999999999999999e-05,1,14662.055,14457.7868,178.82721100000001,103.24593900000001,14278.9596,14636.614100000001
390.90701300000001,0.98162318599999998,6.8200000000000004e-05,1,14393.301799999999,0.99186665500000004,6.8700000000000003e-05,1,14437.6515,1.0013973,6.7999999999999999e-05,1,14726.430899999999,14519.1281,180.893799,104.43908399999999,14338.2343,14700.0219
391.50076300000001,0.98759376600000004,6.8200000000000004e-05,1,14480.847,0.99787603800000002,6.8700000000000003e-05,1,14525.124299999999,1.00793774,6.7999999999999999e-05,1,14822.613799999999,14609.528399999999,185.860626,107.30668300000001,14423.6677,14795.388999999999
392.09448200000003,0.99176960800000002,6.8200000000000004e-05,1,14542.0764,1.0028655099999999,6.8700000000000003e-05,1,14597.751200000001,1.01294511,6.7999999999999999e-05,1,14896.2516,14678.6931,190.45661100000001,109.960176,14488.2364,14869.1497
392.68820199999999,0.99585985200000005,6.8200000000000004e-05,1,14602.0506,1.0071025199999999,6.8700000000000003e-05,1,14659.425300000001,1.01729651,6.7999999999999999e-05,1,14960.2428,14740.572899999999,192.3905,111.076707,14548.1824,14932.963400000001
393.28185999999999,0.99758576300000001,6.8200000000000004e-05,1,14627.3572,1.00985401,6.8700000000000003e-05,1,14699.4761,1.01919721,6.7999999999999999e-05,1,14988.194299999999,14771.6759,190.94619499999999,110.24283699999999,14580.7297,14962.622100000001
393.87548800000002,1.0009107500000001,6.8200000000000004e-05,1,14676.1108,1.0133876500000001,6.8700000000000003e-05,1,14750.911899999999,1.02250577,6.7999999999999999e-05,1,15036.8495,14821.2907,190.38907499999999,109.921184,14630.9017,15011.6798
394.46911599999999,1.0045699400000001,6.8200000000000004e-05,1,14729.764499999999,1.0165829900000001,6.8700000000000003e-05,1,14797.423500000001,1.0253962599999999,6.7999999999999999e-05,1,15079.3568,14868.8482,185.41797299999999,107.051117,14683.4303,15054.2662
395.06268299999999,1.0067466599999999,6.8200000000000004e-05,1,14761.681200000001,1.01877653,6.8700000000000003e-05,1,14829.3526,1.02768591,6.7999999999999999e-05,1,15113.0281,14901.353999999999,186.41164699999999,107.624815,14714.942300000001,15087.765600000001
395.65625,1.0084293,6.8200000000000004e-05,1,14786.353300000001,1.02022082,6.8700000000000003e-05,1,14850.375899999999,1.0291207499999999,6.7999999999999999e-05,1,15134.128699999999,14923.6193,185.095584,106.864985,14738.5237,15108.714900000001
396.24975599999999,1.0111401799999999,6.8200000000000004e-05,1,14826.1023,1.0228964899999999,6.8700000000000003e-05,1,14889.323,1.03193406,6.7999999999999999e-05,1,15175.501,14963.642099999999,186.17826099999999,107.49006900000001,14777.4638,15149.820400000001
396.84326199999998,1.0123545700000001,6.8200000000000004e-05,1,14843.908600000001,1.02422664,6.8700000000000003e-05,1,14908.6847,1.03337627,6.7999999999999999e-05,1,15196.7099,14983.1011,187.804498,108.428978,14795.2966,15170.9056
397.43670700000001,1.013414,6.8200000000000004e-05,1,14859.442800000001,1.02531642,6.8700000000000003e-05,1,14924.5476,1.03451746,6.7999999999999999e-05,1,15213.492,14999.1608,188.44909200000001,108.801134,14810.7117,15187.609899999999
398.03015099999999,1.01369763,6.8200000000000004e-05,1,14863.6016,1.0260537300000001,6.8700000000000003e-05,1,14935.2798,1.0348953000000001,6.7999999999999999e-05,1,15219.048500000001,15005.976699999999,187.97380999999999,108.52673,14818.002899999999,15193.950500000001
398.623535,1.01380388,6.8200000000000004e-05,1,14865.1595,1.02612188,6.8700000000000003e-05,1,14936.272000000001,1.03526279,6.7999999999999999e-05,1,15224.4527,15008.628000000001,190.261571,109.84756899999999,14818.3665,15198.8896
399.21691900000002,1.0150408399999999,6.8200000000000004e-05,1,14883.296700000001,1.02763099,6.8700000000000003e-05,1,14958.238600000001,1.03608002,6.7999999999999999e-05,1,15236.4709,15026.0021,186.08310599999999,107.435132,14839.919,15212.0852
399.81024200000002,1.01442816,6.8200000000000004e-05,1,14874.313200000001,1.0266237,6.8700000000000003e-05,1,14943.5764,1.03573728,6.7999999999999999e-05,1,15231.430700000001,15016.4401,189.38072099999999,109.33901,14827.0594,15205.8208
400.40356400000002,1.01326421,6.8200000000000004e-05,1,14857.246499999999,1.02563432,6.8700000000000003e-05,1,14929.174999999999,1.03515297,6.7999999999999999e-05,1,15222.8377,15003.0864,193.67860400000001,111.82039399999999,14809.407800000001,15196.764999999999
400.996826,1.0132573499999999,6.8200000000000004e-05,1,14857.1459,1.0258192500000001,6.8700000000000003e-05,1,14931.8668,1.0350670799999999,6.7999999999999999e-05,1,15221.574699999999,15003.529200000001,192.49337499999999,111.13610199999999,14811.0358,15196.022499999999
401.59008799999998,1.0111124300000001,6.8200000000000004e-05,1,14825.695400000001,1.02399584,6.8700000000000003e-05,1,14905.3251,1.0333716100000001,6.7999999999999999e-05,1,15196.641299999999,14975.8873,195.280539,112.745272,14780.6067,15171.167799999999
402.183289,1.00943366,6.8200000000000004e-05,1,14801.080099999999,1.0228594,6.8700000000000003e-05,1,14888.783100000001,1.0318001999999999,6.7999999999999999e-05,1,15173.532300000001,14954.465200000001,194.71970999999999,112.421477,14759.7454,15149.1849
402.77648900000003,1.00861008,6.8200000000000004e-05,1,14789.0041,1.0221728800000001,6.8700000000000003e-05,1,14878.7901,1.03048597,6.7999999999999999e-05,1,15154.205400000001,14940.666499999999,190.30113,109.870409,14750.365400000001,15130.967699999999
403.36965900000001,1.00756511,6.8200000000000004e-05,1,14773.6819,1.0210786999999999,6.8700000000000003e-05,1,14862.8632,1.0292795299999999,6.7999999999999999e-05,1,15136.4637,14924.336300000001,189.04191700000001,109.143401,14735.294400000001,15113.378199999999
403.96276899999998,1.0071306099999999,6.8200000000000004e-05,1,14767.311,1.02058048,6.8700000000000003e-05,1,14855.6111,1.0280457599999999,6.7999999999999999e-05,1,15118.32,14913.7474,182.58340100000001,105.414576,14731.164000000001,15096.3308
404.55587800000001,1.00487368,6.8200000000000004e-05,1,14734.218199999999,1.01741758,6.8700000000000003e-05,1,14809.5718,1.02588156,6.7999999999999999e-05,1,15086.4935,14876.761200000001,185.50009299999999,107.098528,14691.2611,15062.2613
405.14892600000002,1.00284905,6.8200000000000004e-05,1,14704.5316,1.01485515,6.8700000000000003e-05,1,14772.2729,1.02347718,6.7999999999999999e-05,1,15051.134899999999,14842.646500000001,183.70574300000001,106.06256,14658.940699999999,15026.352199999999
405.74197400000003,1.0006486699999999,6.8200000000000004e-05,1,14672.267900000001,1.0123636899999999,6.8700000000000003e-05,1,14736.0072,1.0211249899999999,6.7999999999999999e-05,1,15016.543900000001,14808.272999999999,183.16184799999999,105.748542,14625.111199999999,14991.434800000001
406.334991,0.99716673199999994,6.8200000000000004e-05,1,14621.213100000001,1.00860415,6.8700000000000003e-05,1,14681.283100000001,1.0180148099999999,6.7999999999999999e-05,1,14970.8061,14757.767400000001,186.92565200000001,107.921575,14570.8418,14944.6931
406.92794800000001,0.99431915400000004,6.8200000000000004e-05,1,14579.459699999999,1.0058305999999999,6.8700000000000003e-05,1,14640.9112,1.0156571299999999,6.7999999999999999e-05,1,14936.1343,14718.8351,190.678459,110.08826000000001,14528.1566,14909.513499999999
407.52090500000003,0.99236002800000001,6.8200000000000004e-05,1,14550.7335,1.00372879,6.8700000000000003e-05,1,14610.3172,1.0134972499999999,6.7999999999999999e-05,1,14904.371300000001,14688.474,189.331132,109.31037999999999,14499.142900000001,14877.805200000001
408.11380000000003,0.99130251599999997,6.8200000000000004e-05,1,14535.227500000001,1.0028294799999999,6.8700000000000003e-05,1,14597.226699999999,1.01275436,6.7999999999999999e-05,1,14893.446400000001,14675.3002,191.446596,110.531744,14483.8536,14866.746800000001
408.70669600000002,0.98899194199999996,6.8200000000000004e-05,1,14501.348099999999,1.00040167,6.8700000000000003e-05,1,14561.8874,1.0100257500000001,6.7999999999999999e-05,1,14853.319799999999,14638.8518,188.18517399999999,108.64876099999999,14450.6666,14827.037
409.29956099999998,0.98667297300000001,6.8200000000000004e-05,1,14467.345600000001,0.99815186899999997,6.8700000000000003e-05,1,14529.139300000001,1.0076943899999999,6.7999999999999999e-05,1,14819.0352,14605.1734,187.769193,108.40859399999999,14417.404200000001,14792.9426
409.89236499999998,0.98502203499999996,6.8200000000000004e-05,1,14443.138300000001,0.99664270200000005,6.8700000000000003e-05,1,14507.1718,1.0055238,6.7999999999999999e-05,1,14787.114600000001,14579.141600000001,182.93348900000001,105.616699,14396.2081,14762.0751
410.48516799999999,0.98221840299999996,6.8200000000000004e-05,1,14402.029399999999,0.99398644400000002,6.8700000000000003e-05,1,14468.5072,1.00267499,6.7999999999999999e-05,1,14745.220499999999,14538.5857,182.01177000000001,105.08454500000001,14356.573899999999,14720.5975
411.07794200000001,0.979270258,6.8200000000000004e-05,1,14358.8014,0.99134077399999998,6.8700000000000003e-05,1,14429.9967,0.99958603099999999,6.7999999999999999e-05,1,14699.794599999999,14496.1976,179.87772100000001,103.852451,14316.3199,14676.0753
411.67065400000001,0.976562653,6.8200000000000004e-05,1,14319.1005,0.98882285400000003,6.8700000000000003e-05,1,14393.345799999999,0.99695129599999999,6.7999999999999999e-05,1,14661.048500000001,14457.8316,179.863618,103.844308,14277.968000000001,14637.6952
412.26336700000002,0.97422477900000004,6.8200000000000004e-05,1,14284.8208,0.98572817599999996,6.8700000000000003e-05,1,14348.299499999999,0.99375555699999996,6.7999999999999999e-05,1,14614.052299999999,14415.724200000001,174.665142,100.842967,14241.0591,14590.3894
412.85601800000001,0.97229713900000003,6.8200000000000004e-05,1,14256.5563,0.98349644199999997,6.8700000000000003e-05,1,14315.8143,0.99179580099999998,6.7999999999999999e-05,1,14585.232400000001,14385.867700000001,175.17875699999999,101.139503,14210.688899999999,14561.046399999999
413.448669,0.96901021399999998,6.8200000000000004e-05,1,14208.3609,0.97961854299999995,6.8700000000000003e-05,1,14259.367399999999,0.98823326099999997,6.7999999999999999e-05,1,14532.8421,14333.523499999999,174.488809,100.74116100000001,14159.0347,14508.0123
414.04129,0.96623567099999996,6.8200000000000004e-05,1,14167.6785,0.97768377500000003,6.8700000000000003e-05,1,14231.204900000001,0.98606722999999996,6.7999999999999999e-05,1,14500.9887,14299.9573,176.97203500000001,102.174852,14122.9853,14476.929400000001
414.63385,0.96314690999999997,6.8200000000000004e-05,1,14122.3887,0.97453998200000003,6.8700000000000003e-05,1,14185.4437,0.98343120500000003,6.7999999999999999e-05,1,14462.223599999999,14256.685299999999,180.77186499999999,104.368685,14075.913500000001,14437.457200000001
415.22640999999999,0.96020784699999995,6.8200000000000004e-05,1,14079.293900000001,0.97168215599999996,6.8700000000000003e-05,1,14143.8451,0.980412018,6.7999999999999999e-05,1,14417.8238,14213.6543,179.73760999999999,103.771558,14033.9167,14393.391900000001
415.81890900000002,0.95565082099999998,6.8200000000000004e-05,1,14012.475399999999,0.96723683199999999,6.8700000000000003e-05,1,14079.1387,0.97586075400000005,6.7999999999999999e-05,1,14350.893400000001,14147.502500000001,179.267673,103.50023899999999,13968.2348,14326.770200000001
416.411407,0.95219455900000005,6.8200000000000004e-05,1,13961.797,0.96382083200000002,6.8700000000000003e-05,1,14029.415300000001,0.972522577,6.7999999999999999e-05,1,14301.802600000001,14097.671700000001,179.986504,103.915256,13917.6852,14277.6582
417.00387599999999,0.94773362400000005,6.8200000000000004e-05,1,13896.3874,0.95805479500000001,6.8700000000000003e-05,1,13945.4846,0.96745157500000001,6.7999999999999999e-05,1,14227.228999999999,14023.0337,178.534131,103.076729,13844.499599999999,14201.567800000001
417.59628300000003,0.94306860100000001,6.8200000000000004e-05,1,13827.9854,0.95305789799999996,6.8700000000000003e-05,1,13872.749599999999,0.96266979500000005,6.7999999999999999e-05,1,14156.9087,13952.5479,178.39135200000001,102.99429499999999,13774.1566,14130.9393
418.18869000000001,0.93785359300000004,6.8200000000000004e-05,1,13751.519,0.94748671500000003,6.8700000000000003e-05,1,13791.655199999999,0.95705859299999996,6.7999999999999999e-05,1,14074.391100000001,13872.5218,175.97200000000001,101.597481,13696.549800000001,14048.4938
418.78103599999997,0.93349062699999996,6.8200000000000004e-05,1,13687.545899999999,0.94329915399999997,6.8700000000000003e-05,1,13730.7009,0.95274567899999996,6.7999999999999999e-05,1,14010.965899999999,13809.7376,175.59959699999999,101.382474,13634.138000000001,13985.337100000001
419.37338299999999,0.92865041299999995,6.8200000000000004e-05,1,13616.575000000001,0.93825869200000001,6.8700000000000003e-05,1,13657.3318,0.94798470999999995,6.7999999999999999e-05,1,13940.9516,13738.286099999999,176.692553,102.013493,13561.5936,13914.9787
419.96566799999999,0.92519284400000001,6.8200000000000004e-05,1,13565.877500000001,0.93551155799999997,6.8700000000000003e-05,1,13617.3444,0.94447960399999997,6.7999999999999999e-05,1,13889.4059,13690.875899999999,173.847161,100.370705,13517.0288,13864.723099999999
420.557953,0.91963638299999995,6.8200000000000004e-05,1,13484.404399999999,0.93031751500000004,6.8700000000000003e-05,1,13541.7397,0.93908568299999995,6.7999999999999999e-05,1,13810.0836,13612.0759,173.859466,100.377809,13438.216399999999,13785.9354
421.15017699999999,0.91528430900000002,6.8200000000000004e-05,1,13420.591,0.92673916499999998,6.8700000000000003e-05,1,13489.6531,0.93490979100000005,6.7999999999999999e-05,1,13748.6734,13552.9725,172.963931,99.8607722,13380.008599999999,13725.936400000001
421.74240099999997,0.90886528899999997,6.8200000000000004e-05,1,13326.470499999999,0.92022181199999997,6.8700000000000003e-05,1,13394.7862,0.92861920499999995,6.7999999999999999e-05,1,13656.1648,13459.1405,174.01346100000001,100.466719,13285.127,13633.154
422.334564,0.90255819599999998,6.8200000000000004e-05,1,13233.991099999999,0.91397686899999997,6.8700000000000003e-05,1,13303.884599999999,0.92221943200000001,6.7999999999999999e-05,1,13562.050499999999,13366.642099999999,172.79933,99.765739499999995,13193.842699999999,13539.4414
422.92672700000003,0.89629190400000003,6.8200000000000004e-05,1,13142.110000000001,0.90709186799999997,6.8700000000000003e-05,1,13203.6662,0.91555105199999998,6.7999999999999999e-05,1,13463.9861,13269.9208,170.86044999999999,98.646326599999995,13099.060299999999,13440.781199999999
423.51882899999998,0.89050190699999998,6.8200000000000004e-05,1,13057.2127,0.90099125899999999,6.8700000000000003e-05,1,13114.8655,0.90938140099999998,6.7999999999999999e-05,1,13373.2559,13181.778,168.31158600000001,97.174739400000007,13013.466399999999,13350.089599999999
424.11093099999999,0.88358104699999995,6.8200000000000004e-05,1,12955.7338,0.89380351000000002,6.8700000000000003e-05,1,13010.240299999999,0.90230086399999998,6.7999999999999999e-05,1,13269.130300000001,13078.368200000001,167.43774300000001,96.670226200000002,12910.930399999999,13245.805899999999
424.70297199999999,0.87631524800000005,6.8200000000000004e-05,1,12849.197200000001,0.88634706299999999,6.8700000000000003e-05,1,12901.704,0.89487072700000003,6.7999999999999999e-05,1,13159.863600000001,12970.2549,166.29141999999999,96.008396300000001,12803.9635,13136.5463
425.29501299999998,0.86872813400000004,6.8200000000000004e-05,1,12737.949199999999,0.87886597700000002,6.8700000000000003e-05,1,12792.808999999999,0.88714441300000002,6.7999999999999999e-05,1,13046.241400000001,12858.9998,164.459542,94.950761,12694.540300000001,13023.4594
425.88699300000002,0.86165291799999999,6.8200000000000004e-05,1,12634.207,0.872293494,6.8700000000000003e-05,1,12697.1397,0.87956272700000004,6.7999999999999999e-05,1,12934.745999999999,12755.3642,158.503928,91.512285300000002,12596.8603,12913.8681
426.47894300000002,0.85379018100000004,6.8200000000000004e-05,1,12518.917600000001,0.86432298200000002,6.8700000000000003e-05,1,12581.120500000001,0.87145537399999995,6.7999999999999999e-05,1,12815.520200000001,12638.5195,156.41051899999999,90.303655300000003,12482.108899999999,12794.93
427.07089200000001,0.84614145900000004,6.8200000000000004e-05,1,12406.766299999999,0.85645068099999999,6.8700000000000003e-05,1,12466.531000000001,0.86360046000000001,6.7999999999999999e-05,1,12700.006799999999,12524.4347,154.958461,89.465309199999993,12369.476199999999,12679.393099999999
427.662781,0.83874455800000003,6.8200000000000004e-05,1,12298.3073,0.84943317600000001,6.8700000000000003e-05,1,12364.383900000001,0.85592566800000003,6.7999999999999999e-05,1,12587.1422,12416.6111,151.334586,87.373064200000002,12265.2765,12567.9457
428.254639,0.831314369,6.8200000000000004e-05,1,12189.3603,0.84222129300000004,6.8700000000000003e-05,1,12259.407499999999,0.84854022299999998,6.7999999999999999e-05,1,12478.5327,12309.1001,150.85488799999999,87.096110300000007,12158.2453,12459.955
428.846497,0.82350333499999995,6.8200000000000004e-05,1,12074.829,0.83426119799999998,6.8700000000000003e-05,1,12143.540000000001,0.84112922000000001,6.7999999999999999e-05,1,12369.547399999999,12195.972100000001,154.19655299999999,89.025421199999997,12041.775600000001,12350.1687
429.43829299999999,0.81552835300000004,6.8200000000000004e-05,1,11957.893700000001,0.82580478899999998,6.8700000000000003e-05,1,12020.448200000001,0.83300510400000005,6.7999999999999999e-05,1,12250.0751,12076.138999999999,153.845968,88.823011199999996,11922.293,12229.985000000001
430.03005999999999,0.806834418,6.8200000000000004e-05,1,11830.4167,0.81739003899999996,6.8700000000000003e-05,1,11897.9627,0.82493074700000002,6.7999999999999999e-05,1,12131.334500000001,11953.237999999999,157.890469,91.158104800000004,11795.3475,12111.1284
430.62179600000002,0.79867948099999997,6.8200000000000004e-05,1,11710.8428,0.80911066399999998,6.8700000000000003e-05,1,11777.4478,0.81648604199999997,6.7999999999999999e-05,1,12007.1477,11831.8128,155.45353600000001,89.751140800000002,11676.359200000001,11987.266299999999
431.21353099999999,0.78936787799999997,6.8200000000000004e-05,1,11574.3091,0.79963853200000001,6.8700000000000003e-05,1,11639.571099999999,0.80720991099999995,6.7999999999999999e-05,1,11870.734,11694.8714,155.757913,89.926872799999998,11539.113499999999,11850.629300000001
431.805206,0.78009359300000003,6.8200000000000004e-05,1,11438.3225,0.79029880200000002,6.8700000000000003e-05,1,11503.6216,0.79784644800000004,6.7999999999999999e-05,1,11733.036,11558.3267,154.78534300000001,89.3653592,11403.541300000001,11713.111999999999
432.39685100000003,0.77103091999999995,6.8200000000000004e-05,1,11305.438700000001,0.78116576699999996,6.8700000000000003e-05,1,11370.680700000001,0.78822483799999998,6.7999999999999999e-05,1,11591.5417,11422.5537,149.93945199999999,86.567582999999999,11272.614299999999,11572.493200000001
432.98846400000002,0.76141539700000005,6.8200000000000004e-05,1,11164.4486,0.77158157000000005,6.8700000000000003e-05,1,11231.1728,0.77862842499999996,6.7999999999999999e-05,1,11450.418,11282.0131,149.61008899999999,86.377424899999994,11132.4031,11431.6232
433.58004799999998,0.75279412099999998,6.8200000000000004e-05,1,11038.037,0.76245120899999996,6.8700000000000003e-05,1,11098.2709,0.76982476600000005,6.7999999999999999e-05,1,11320.9524,11152.420099999999,149.02817200000001,86.041455099999993,11003.391900000001,11301.4483
434.17160000000001,0.74294658599999996,6.8200000000000004e-05,1,10893.645,0.75268995299999997,6.8700000000000003e-05,1,10956.185600000001,0.75989515900000004,6.7999999999999999e-05,1,11174.9288,11008.2531,147.69367099999999,85.270981000000006,10860.559499999999,11155.9468
434.76315299999999,0.73348502699999996,6.8200000000000004e-05,1,10754.912399999999,0.74298304900000001,6.8700000000000003e-05,1,10814.8915,0.75040627000000004,6.7999999999999999e-05,1,11035.3863,10868.3968,147.69396599999999,85.271151200000006,10720.702799999999,11016.090700000001
435.354645,0.72429032299999996,6.8200000000000004e-05,1,10620.092699999999,0.73312015699999999,6.8700000000000003e-05,1,10671.3269,0.74019984599999999,6.7999999999999999e-05,1,10885.2919,10725.5705,140.67488599999999,81.218683200000001,10584.8956,10866.2454
435.94610599999999,0.71394558799999996,6.8200000000000004e-05,1,10468.410400000001,0.72214338499999997,6.8700000000000003e-05,1,10511.548500000001,0.72902045000000004,6.7999999999999999e-05,1,10720.888999999999,10566.9493,135.04922300000001,77.970704999999995,10431.900100000001,10701.9985
436.53753699999999,0.70385388800000004,6.8200000000000004e-05,1,10320.438200000001,0.71115952400000004,6.8700000000000003e-05,1,10351.666999999999,0.71806163599999995,6.7999999999999999e-05,1,10559.7299,10410.611699999999,130.080702,75.102128100000002,10280.531000000001,10540.6924
437.12893700000001,0.694167749,6.8200000000000004e-05,1,10178.412700000001,0.700523373,6.8700000000000003e-05,1,10196.846799999999,0.70757872700000002,6.7999999999999999e-05,1,10405.5695,10260.2763,126.16470700000001,72.841227599999996,10134.1116,10386.4411
437.72030599999999,0.68335192199999995,6.8200000000000004e-05,1,10019.822899999999,0.68941712600000005,6.8700000000000003e-05,1,10035.183800000001,0.69685884799999998,6.7999999999999999e-05,1,10247.924199999999,10100.977000000001,127.49162,73.607321200000001,9973.4853600000006,10228.4686
438.31161500000002,0.67229218599999996,6.8200000000000004e-05,1,9857.6566899999998,0.67788001799999997,6.8700000000000003e-05,1,9867.2491800000007,0.68543143600000001,6.7999999999999999e-05,1,10079.874100000001,9934.9266399999997,125.619739,72.526590400000003,9809.3068999999996,10060.546399999999
438.90292399999998,0.66051207000000001,6.8200000000000004e-05,1,9684.9277099999999,0.66670402500000003,6.8700000000000003e-05,1,9704.5709599999991,0.674113352,6.7999999999999999e-05,1,9913.4316400000007,9767.6434399999998,126.63773,73.114327599999996,9641.0057099999995,9894.2811700000002
439.49420199999997,0.64992634199999999,6.8200000000000004e-05,1,9529.7117699999999,0.65640714300000003,6.8700000000000003e-05,1,9554.6891199999991,0.66354457899999997,6.7999999999999999e-05,1,9758.0085099999997,9614.1364699999995,125.22116699999999,72.296474500000002,9488.9153000000006,9739.3576300000004
440.08544899999998,0.63963681699999997,6.8200000000000004e-05,1,9378.8389599999991,0.64617786300000002,6.8700000000000003e-05,1,9405.7913000000008,0.65287304400000001,6.7999999999999999e-05,1,9601.0741799999996,9461.9014800000004,121.278139,70.019966199999999,9340.6233400000001,9583.1796200000008
440.67666600000001,0.62871732599999997,6.8200000000000004e-05,1,9218.7291100000002,0.635706047,6.8700000000000003e-05,1,9253.3631399999995,0.64197528400000003,6.7999999999999999e-05,1,9440.8130000000001,9304.3017500000005,119.483766,68.983984699999993,9184.8179799999998,9423.7855199999995
441.267853,0.61820388199999998,6.8200000000000004e-05,1,9064.5730399999993,0.62544696600000005,6.8700000000000003e-05,1,9104.0315399999999,0.63140146900000005,6.7999999999999999e-05,1,9285.3157200000005,9151.3067599999995,117.720187,67.965781699999994,9033.5865799999992,9269.0269499999995
441.85897799999998,0.60797504499999999,6.8200000000000004e-05,1,8914.5901099999992,0.61562729000000005,6.8700000000000003e-05,1,8961.0959299999995,0.62137623900000005,6.7999999999999999e-05,1,9137.8858600000003,9004.5239700000002,117.81232799999999,68.018979000000002,8886.7116399999995,9122.3362899999993
442.45010400000001,0.597057438,6.8200000000000004e-05,1,8754.5078799999992,0.604458155,6.8700000000000003e-05,1,8798.5175500000005,0.61055612100000001,6.7999999999999999e-05,1,8978.7664800000002,8843.9306400000005,118.82652,68.604523400000005,8725.10412,8962.7571599999992
443.04119900000001,0.58584191299999999,6.8200000000000004e-05,1,8590.0573800000002,0.59295896400000003,6.8700000000000003e-05,1,8631.1348400000006,0.59938528199999996,6.7999999999999999e-05,1,8814.4894399999994,8678.5605500000001,119.496177,68.991149899999996,8559.0643799999998,8798.0567300000002
443.63223299999999,0.57450883500000005,6.8200000000000004e-05,1,8423.88321,0.58181998099999999,6.8700000000000003e-05,1,8468.9953499999992,0.58820356500000004,6.7999999999999999e-05,1,8650.0524299999997,8514.3103300000002,119.70052099999999,69.109127999999998,8394.6098099999999,8634.0108500000006
444.22326700000002,0.56311062300000003,6.8200000000000004e-05,1,8256.7540000000008,0.57025456299999999,6.8700000000000003e-05,1,8300.6486600000007,0.57679313099999996,6.7999999999999999e-05,1,8482.2519300000004,8346.5515300000006,119.55180300000001,69.023265499999994,8226.9997299999995,8466.1033299999999
444.81423999999998,0.55246271599999996,6.8200000000000004e-05,1,8100.6263300000001,0.55914678500000004,6.8700000000000003e-05,1,8138.9633899999999,0.565400554,6.7999999999999999e-05,1,8314.7140299999992,8184.7679099999996,114.157462,65.908841199999998,8070.6104500000001,8298.9253800000006
445.40521200000001,0.54093576799999998,6.8200000000000004e-05,1,7931.6094999999996,0.54768147,6.8700000000000003e-05,1,7972.0738000000001,0.55356969199999995,6.7999999999999999e-05,1,8140.7307700000001,8014.8046899999999,110.91606299999999,64.037418900000006,7903.8886300000004,8125.7207500000004
445.99612400000001,0.52973947499999996,6.8200000000000004e-05,1,7767.4409900000001,0.53625495400000001,6.8700000000000003e-05,1,7805.7489599999999,0.54187666199999995,6.7999999999999999e-05,1,7968.7744499999999,7847.3214600000001,106.911157,61.725185099999997,7740.4103100000002,7954.2326199999998
446.58703600000001,0.51831297399999998,6.8200000000000004e-05,1,7599.8969800000004,0.52465535900000004,6.8700000000000003e-05,1,7636.9047899999996,0.52996091499999998,6.7999999999999999e-05,1,7793.5428599999996,7676.7815499999997,102.797364,59.350085499999999,7573.9841800000004,7779.5789100000002
447.177887,0.50704976700000004,6.8200000000000004e-05,1,7434.7473200000004,0.51280780199999998,6.8700000000000003e-05,1,7464.4512599999998,0.51817010299999999,6.7999999999999999e-05,1,7620.14858,7506.4490500000002,99.580455700000002,57.492802900000001,7406.8685999999998,7606.0295100000003
447.76873799999998,0.496002479,6.8200000000000004e-05,1,7272.7636199999997,0.501431772,6.8700000000000003e-05,1,7298.86132,0.50679521599999999,6.7999999999999999e-05,1,7452.8708299999998,7341.4985900000001,97.329874599999997,56.193429299999998,7244.1687099999999,7438.8284599999997
448.35952800000001,0.48479857999999998,6.8200000000000004e-05,1,7108.4835700000003,0.49000701600000002,6.8700000000000003e-05,1,7132.5620900000004,0.49505270699999998,6.7999999999999999e-05,1,7280.1868700000005,7173.7441799999997,92.964933599999995,53.6733294,7080.7792399999998,7266.7091099999998
448.950287,0.47412021199999999,6.8200000000000004e-05,1,6951.9092700000001,0.47904590600000002,6.8700000000000003e-05,1,6973.0117399999999,0.48391368299999998,6.7999999999999999e-05,1,7116.3777,7013.7662399999999,89.4883375,51.6661158,6924.2779,7103.2545700000001
449.54101600000001,0.46311865899999999,6.8200000000000004e-05,1,6790.5961799999995,0.46785009799999999,6.8700000000000003e-05,1,6810.0450899999996,0.47224005200000002,6.7999999999999999e-05,1,6944.7066500000001,6848.44931,83.9265884,48.455038399999999,6764.5227199999999,6932.3758900000003
450.13174400000003,0.45204390900000002,6.8200000000000004e-05,1,6628.2098100000003,0.45696323700000002,6.8700000000000003e-05,1,6651.5755099999997,0.46138782499999997,6.7999999999999999e-05,1,6785.1150799999996,6688.3001299999996,84.654234200000005,48.875144900000002,6603.6459000000004,6772.9543700000004
450.72241200000002,0.44101958400000002,6.8200000000000004e-05,1,6466.5628200000001,0.44604103899999997,6.8700000000000003e-05,1,6492.5915400000004,0.45055242400000001,6.7999999999999999e-05,1,6625.7709500000001,6528.3084399999998,85.402455399999994,49.307130600000001,6442.9059800000005,6613.7108900000003
451.31304899999998,0.42981462300000001,6.8200000000000004e-05,1,6302.2672000000002,0.43499385499999998,6.8700000000000003e-05,1,6331.7882799999998,0.43951844899999998,6.7999999999999999e-05,1,6463.5065999999997,6365.8540300000004,85.848077500000002,49.564410700000003,6280.0059499999998,6451.7021100000002
451.90365600000001,0.418673927,6.8200000000000004e-05,1,6138.9138899999998,0.42415013699999998,6.8700000000000003e-05,1,6173.9466899999998,0.428520807,6.7999999999999999e-05,1,6301.7765799999997,6204.8790499999996,85.724397400000001,49.493003899999998,6119.1546500000004,6290.6034499999996
452.49423200000001,0.40791197899999998,6.8200000000000004e-05,1,5981.1140599999999,0.41303935400000003,6.8700000000000003e-05,1,6012.2176799999997,0.41749906799999997,6.7999999999999999e-05,1,6139.6921700000003,6044.3413,84.027969400000003,48.513570799999997,5960.31333,6128.3692700000001
453.08477799999997,0.39723102100000002,6.8200000000000004e-05,1,5824.5017699999999,0.40178864600000003,6.8700000000000003e-05,1,5848.4519099999998,0.40652613900000001,6.7999999999999999e-05,1,5978.32557,5883.7597500000002,82.767283300000003,47.785713299999998,5800.9924700000001,5966.5270300000002
453.67529300000001,0.38685243800000002,6.8200000000000004e-05,1,5672.3231299999998,0.39111744799999998,6.8700000000000003e-05,1,5693.1215199999997,0.39590999799999999,6.7999999999999999e-05,1,5822.20586,5729.21684,81.199518900000001,46.880564100000001,5648.0173199999999,5810.4163600000002
454.26577800000001,0.37667710199999999,6.8200000000000004e-05,1,5523.1246700000002,0.380506487,6.8700000000000003e-05,1,5538.6679400000003,0.385237832,6.7999999999999999e-05,1,5665.26224,5575.6849499999998,77.964519699999997,45.012836399999998,5497.7204300000003,5653.6494700000003
454.85623199999998,0.36624753900000001,6.8200000000000004e-05,1,5370.1985199999999,0.37035523799999998,6.8700000000000003e-05,1,5390.9059299999999,0.374928541,6.7999999999999999e-05,1,5513.6550100000004,5424.9198200000001,77.541278700000007,44.768478100000003,5347.3785399999997,5502.4611000000004
455.44665500000002,0.35588507200000002,6.8200000000000004e-05,1,5218.2561800000003,0.35981698299999998,6.8700000000000003e-05,1,5237.5106699999997,0.36427448899999998,6.7999999999999999e-05,1,5356.9777800000002,5270.9148800000003,75.151851399999998,43.388941699999997,5195.7630300000001,5346.0667299999996
456.03701799999999,0.34558069400000002,6.8200000000000004e-05,1,5067.1656000000003,0.34949500999999999,6.8700000000000003e-05,1,5087.26361,0.35404770000000002,6.7999999999999999e-05,1,5206.5838299999996,5120.3376799999996,75.3643237,43.511612599999999,5044.97336,5195.7020000000002
456.62738000000002,0.33569935899999997,6.8200000000000004e-05,1,4922.2779899999996,0.33945372299999998,6.8700000000000003e-05,1,4941.1022300000004,0.34381336600000001,6.7999999999999999e-05,1,5056.0789199999999,4973.1530499999999,72.430055100000004,41.817511799999998,4900.7229900000002,5045.5830999999998
457.21771200000001,0.32568412499999999,6.8200000000000004e-05,1,4775.4270500000002,0.32893281299999999,6.8700000000000003e-05,1,4787.9594299999999,0.33359392799999998,6.7999999999999999e-05,1,4905.79306,4823.0598399999999,71.922553500000006,41.524505599999998,4751.1372899999997,4894.9823999999999
457.80798299999998,0.315719994,6.8200000000000004e-05,1,4629.3254299999999,0.31872402599999999,6.8700000000000003e-05,1,4639.3599199999999,0.32351221099999999,6.7999999999999999e-05,1,4757.53251,4675.4059500000003,71.300432499999999,41.165323899999997,4604.1055200000001,4746.7063799999996
458.39825400000001,0.30648091100000002,6.8200000000000004e-05,1,4493.8549999999996,0.30892381299999999,6.8700000000000003e-05,1,4496.7076200000001,0.31368103000000003,6.7999999999999999e-05,1,4612.9563200000002,4534.5063099999998,67.954670100000001,39.233647099999999,4466.5516399999997,4602.4609799999998
458.98846400000002,0.29737449100000002,6.8200000000000004e-05,1,4360.32978,0.299533624,6.8700000000000003e-05,1,4360.0236400000003,0.30414849500000002,6.7999999999999999e-05,1,4472.7719900000002,4397.7084699999996,65.007094499999994,37.5318635,4332.7013800000004,4462.7155700000003
459.57867399999998,0.28827562899999998,6.8200000000000004e-05,1,4226.9153800000004,0.29053846500000002,6.8700000000000003e-05,1,4229.0897299999997,0.29482656400000001,6.7999999999999999e-05,1,4335.6847600000001,4263.8966200000004,62.179856600000001,35.8995569,4201.71677,4326.0764799999997
460.16882299999997,0.27901241500000001,6.8200000000000004e-05,1,4091.0911299999998,0.28123590999999998,6.8700000000000003e-05,1,4093.6813699999998,0.28523953299999999,6.7999999999999999e-05,1,4194.6990100000003,4126.4905099999996,59.084496399999999,34.112449900000001,4067.4060100000002,4185.5749999999998
460.75897200000003,0.26999615799999999,6.8200000000000004e-05,1,3958.8879499999998,0.27226494000000001,6.8700000000000003e-05,1,3963.0995600000001,0.27611492300000001,6.7999999999999999e-05,1,4060.5135799999998,3994.1670300000001,57.496374600000003,33.195547400000002,3936.67065,4051.6633999999999
461.34906000000001,0.26093840600000001,6.8200000000000004e-05,1,3826.0763299999999,0.26321313499999999,6.8700000000000003e-05,1,3831.3411099999998,0.26661963,6.7999999999999999e-05,1,3920.87691,3859.43145,53.278397400000003,30.760297099999999,3806.1530499999999,3912.7098500000002
461.93911700000001,0.25127339500000001,6.8200000000000004e-05,1,3684.3606399999999,0.25398698800000002,6.8700000000000003e-05,1,3697.04495,0.257309024,6.7999999999999999e-05,1,3783.95624,3721.7872699999998,54.212157300000001,31.299403600000002,3667.57512,3775.9994299999998
462.52914399999997,0.24204500400000001,6.8200000000000004e-05,1,3549.0469800000001,0.24478739799999999,6.8700000000000003e-05,1,3563.1353399999998,0.248098403,6.7999999999999999e-05,1,3648.5059200000001,3586.89608,53.818676600000003,31.072227399999999,3533.0774099999999,3640.7147599999998
463.11914100000001,0.233181532,6.8200000000000004e-05,1,3419.0840400000002,0.235839983,6.8700000000000003e-05,1,3432.8964000000001,0.23911843499999999,6.7999999999999999e-05,1,3516.4475699999998,3456.1426700000002,52.680224099999997,30.414941599999999,3403.46245,3508.8229000000001
463.709137,0.224297724,6.8200000000000004e-05,1,3288.8229299999998,0.22711979900000001,6.8700000000000003e-05,1,3305.9650499999998,0.23038984700000001,6.7999999999999999e-05,1,3388.08599,3327.6246500000002,53.057916200000001,30.6330022,3274.5667400000002,3380.6825699999999
464.29907200000002,0.21623344899999999,6.8200000000000004e-05,1,3170.5784399999998,0.21914368300000001,6.8700000000000003e-05,1,3189.86438,0.22236156000000001,6.7999999999999999e-05,1,3270.02295,3210.15526,52.736062400000002,30.447179800000001,3157.4191900000001,3262.8913200000002
464.88897700000001,0.208191452,6.8200000000000004e-05,1,3052.66059,0.21096068800000001,6.8700000000000003e-05,1,3070.7523700000002,0.21410685099999999,6.7999999999999999e-05,1,3148.6301699999999,3090.6810399999999,50.994157100000002,29.441490300000002,3039.6868800000002,3141.6752000000001
465.47882099999998,0.20058050299999999,6.8200000000000004e-05,1,2941.0630999999998,0.20317754699999999,6.8700000000000003e-05,1,2957.4606600000002,0.20625816899999999,6.7999999999999999e-05,1,3033.2083699999998,2977.24404,49.155107800000003,28.379714700000001,2928.0889400000001,3026.3991500000002
466.06866500000001,0.192606054,6.8200000000000004e-05,1,2824.1356900000001,0.19530265899999999,6.8700000000000003e-05,1,2842.8334599999998,0.19804941400000001,6.7999999999999999e-05,1,2912.4913799999999,2859.8201800000002,46.5627888,26.883038599999999,2813.2573900000002,2906.3829599999999
466.658478,0.18515276999999999,6.8200000000000004e-05,1,2714.8499999999999,0.187633205,6.8700000000000003e-05,1,2731.1965799999998,0.19035796099999999,6.7999999999999999e-05,1,2799.38177,2748.4761199999998,44.836839099999999,25.886561100000002,2703.6392799999999,2793.3129600000002
467.24826000000002,0.17806528099999999,6.8200000000000004e-05,1,2610.9278800000002,0.17998140900000001,6.8700000000000003e-05,1,2619.8167199999998,0.182785476,6.7999999999999999e-05,1,2688.0216999999998,2639.5887699999998,42.178961399999999,24.352034700000001,2597.4097999999999,2681.76773
467.83801299999999,0.170997856,6.8200000000000004e-05,1,2507.2999399999999,0.17259397800000001,6.8700000000000003e-05,1,2512.2849799999999,0.17540301799999999,6.7999999999999999e-05,1,2579.45615,2533.0136900000002,40.297508899999997,23.2657776,2492.7161799999999,2573.3112000000001
468.42770400000001,0.164121826,6.8200000000000004e-05,1,2406.4783900000002,0.16550574200000001,6.8700000000000003e-05,1,2409.10833,0.16807224300000001,6.7999999999999999e-05,1,2471.6506399999998,2429.0791199999999,36.891460500000001,21.2992946,2392.1876600000001,2465.9705800000002
469.01739500000002,0.15743908300000001,6.8200000000000004e-05,1,2308.4909600000001,0.158421281,6.8700000000000003e-05,1,2305.9866299999999,0.16111689800000001,6.7999999999999999e-05,1,2369.3661400000001,2327.9479099999999,35.8910926,20.721731999999999,2292.0568199999998,2363.8389999999999
469.60702500000002,0.15075554299999999,6.8200000000000004e-05,1,2210.4918299999999,0.15136118400000001,6.8700000000000003e-05,1,2203.2195700000002,0.15425172500000001,6.7999999999999999e-05,1,2268.4077200000002,2227.3730399999999,35.722615500000003,20.624461700000001,2191.6504300000001,2263.09566
470.19665500000002,0.144307097,6.8200000000000004e-05,1,2115.93984,0.14489764299999999,6.8700000000000003e-05,1,2109.1359900000002,0.14786812499999999,6.7999999999999999e-05,1,2174.53125,2133.2023600000002,35.953175100000003,20.757575299999999,2097.24919,2169.1555400000002
470.786224,0.13746122399999999,6.8200000000000004e-05,1,2015.5604699999999,0.13830400300000001,6.8700000000000003e-05,1,2013.1587099999999,0.14126403500000001,6.7999999999999999e-05,1,2077.4122900000002,2035.37715,36.4232941,21.028998600000001,1998.9538600000001,2071.8004500000002
471.37576300000001,0.13139324899999999,6.8200000000000004e-05,1,1926.5872199999999,0.13196097400000001,6.8700000000000003e-05,1,1920.8293200000001,0.13526677000000001,6.7999999999999999e-05,1,1989.21721,1945.54458,37.931015000000002,21.899481699999999,1907.61357,1983.4756
471.96530200000001,0.12539349899999999,6.8200000000000004e-05,1,1838.61436,0.126027266,6.8700000000000003e-05,1,1834.45803,0.129299526,6.7999999999999999e-05,1,1901.46361,1858.17867,37.543424100000003,21.675706000000002,1820.6352400000001,1895.72209
472.554779,0.11964152,6.8200000000000004e-05,1,1754.27449,0.120304525,6.8700000000000003e-05,1,1751.1575700000001,0.123252494,6.7999999999999999e-05,1,1812.53667,1772.65624,34.572607300000001,19.960504100000001,1738.0836400000001,1807.22885
473.144226,0.11405090599999999,6.8200000000000004e-05,1,1672.3006800000001,0.11471941099999999,6.8700000000000003e-05,1,1669.86042,0.11726283699999999,6.7999999999999999e-05,1,1724.4534799999999,1688.8715299999999,30.839024500000001,17.804919099999999,1658.0325,1719.71055
473.73364299999997,0.108487466,6.8200000000000004e-05,1,1590.72531,0.109024394,6.8700000000000003e-05,1,1586.96352,0.111526535,6.7999999999999999e-05,1,1640.0961,1605.92831,29.649893899999999,17.118374200000002,1576.2784099999999,1635.5781999999999
474.32302900000002,0.102975328,6.8200000000000004e-05,1,1509.9021700000001,0.10346520200000001,6.8700000000000003e-05,1,1506.0436999999999,0.106089923,6.7999999999999999e-05,1,1560.1459199999999,1525.36393,30.183805,17.4266279,1495.18013,1555.54774
474.91238399999997,0.098071498399999998,6.8200000000000004e-05,1,1437.9985099999999,0.098384068399999997,6.8700000000000003e-05,1,1432.08251,0.10100012899999999,6.7999999999999999e-05,1,1485.29602,1451.7923499999999,29.165423400000002,16.838664999999999,1422.6269199999999,1480.95777
475.50170900000001,0.093050105800000005,6.8200000000000004e-05,1,1364.37105,0.093105705900000002,6.8700000000000003e-05,1,1355.25045,0.095812533500000005,6.7999999999999999e-05,1,1409.00785,1376.2097799999999,28.7677084,16.6090442,1347.4420700000001,1404.97749
476.09097300000002,0.088402165699999993,6.8200000000000004e-05,1,1296.2194400000001,0.088004658499999999,6.8700000000000003e-05,1,1280.9993999999999,0.090953453099999998,6.7999999999999999e-05,1,1337.55078,1304.9232,29.2631415,16.895082599999999,1275.6600599999999,1334.1863499999999
476.68023699999998,0.083802313899999994,6.8200000000000004e-05,1,1228.7729300000001,0.083462129400000001,6.8700000000000003e-05,1,1214.87816,0.086203736899999994,6.7999999999999999e-05,1,1267.70201,1237.1177,27.382774600000001,15.8094523,1209.7349300000001,1264.5004799999999
477.26947000000001,0.079327074499999997,6.8200000000000004e-05,1,1163.1535899999999,0.079019791899999997,6.8700000000000003e-05,1,1150.21531,0.081416508100000007,6.7999999999999999e-05,1,1197.30159,1170.2235000000001,24.3262635,14.044774800000001,1145.89723,1194.5497600000001
477.85864299999997,0.074787076800000005,6.8200000000000004e-05,1,1096.5847000000001,0.074472669399999997,6.8700000000000003e-05,1,1084.02721,0.076729811699999997,6.7999999999999999e-05,1,1128.37958,1102.9971700000001,22.8609498,13.1987755,1080.1362200000001,1125.8581200000001
478.44781499999999,0.070487577800000006,6.8200000000000004e-05,1,1033.5422000000001,0.070189616499999996,6.8700000000000003e-05,1,1021.68292,0.072558385899999994,6.7999999999999999e-05,1,1067.0350900000001,1040.7534000000001,23.520328800000001,13.5794681,1017.23307,1064.2737299999999
479.03692599999999,0.066546932899999994,6.8200000000000004e-05,1,975.76147900000001,0.066401365599999998,6.8700000000000003e-05,1,966.54098499999998,0.068696907099999996,6.7999999999999999e-05,1,1010.24863,984.18369900000005,23.038879999999999,13.3015036,961.14481899999998,1007.22258
479.62603799999999,0.063058976099999997,6.8200000000000004e-05,1,924.61841700000002,0.062841921100000003,6.8700000000000003e-05,1,914.72956499999998,0.0649514333,6.7999999999999999e-05,1,955.168136,931.50537299999996,21.0806103,12.170896000000001,910.42476199999999,952.58598300000006
480.21508799999998,0.059602768100000002,6.8200000000000004e-05,1,873.94088099999999,0.059417379200000002,6.8700000000000003e-05,1,864.88179300000002,0.0612747207,6.7999999999999999e-05,1,901.09883300000001,879.97383600000001,18.847172199999999,10.88142,861.12666400000001,898.82100800000001
480.80410799999999,0.056735274099999997,6.8200000000000004e-05,1,831.89551500000005,0.056368112900000003,6.8700000000000003e-05,1,820.49654899999996,0.058132558000000001,6.7999999999999999e-05,1,854.89055900000005,835.76087399999994,17.519781399999999,10.115050500000001,818.24109299999998,853.28065500000002
481.39309700000001,0.053569311199999997,6.8200000000000004e-05,1,785.47377200000005,0.053472298799999998,6.8700000000000003e-05,1,778.34496100000001,0.0551117785,6.7999999999999999e-05,1,810.46733099999994,791.42868799999997,16.868830500000001,9.7392238300000002,774.55985699999997,808.29751799999997
481.982056,0.0504286288,6.8200000000000004e-05,1,739.42270900000005,0.050350458200000003,6.8700000000000003e-05,1,732.903322,0.052012881099999998,6.7999999999999999e-05,1,764.89531099999999,745.74044700000002,16.905833300000001,9.7605874099999994,728.83461399999999,762.64628100000004
482.57098400000001,0.047651644,6.8200000000000004e-05,1,698.70445700000005,0.047443423999999998,6.8700000000000003e-05,1,690.58841299999995,0.049450269099999999,6.7999999999999999e-05,1,727.20983899999999,705.50090299999999,19.233459700000001,11.104443099999999,686.26744299999996,724.73436300000003
483.15988199999998,0.044626442500000002,6.8200000000000004e-05,1,654.34666400000003,0.044330441300000002,6.8700000000000003e-05,1,645.27571,0.0465039545,6.7999999999999999e-05,1,683.88168399999995,661.16801899999996,20.186715299999999,11.6548055,640.98130400000002,681.35473400000001
483.74874899999998,0.0413470747,6.8200000000000004e-05,1,606.26209200000005,0.040930701299999997,6.8700000000000003e-05,1,595.78895599999998,0.0428753984,6.7999999999999999e-05,1,630.52056500000003,610.85720400000002,17.815932799999999,10.2860336,593.04127100000005,628.673137
484.33758499999999,0.038571618199999998,6.8200000000000004e-05,1,565.56624899999997,0.038211183599999997,6.8700000000000003e-05,1,556.20354499999996,0.040118970800000001,6.7999999999999999e-05,1,589.98486500000001,570.58488599999998,17.440883599999999,10.069498899999999,553.144003,588.02576999999997
484.92636099999999,0.035930541699999999,6.8200000000000004e-05,1,526.84078699999998,0.035879661200000003,6.8700000000000003e-05,1,522.26581099999999,0.037743567700000001,6.7999999999999999e-05,1,555.05246699999998,534.71968900000002,17.7566609,10.251813,516.96302800000001,552.47634900000003
485.51513699999998,0.034342342999999997,6.8200000000000004e-05,1,503.55341600000003,0.034153989900000001,6.8700000000000003e-05,1,497.14686899999998,0.035932527300000003,6.7999999999999999e-05,1,528.41952000000003,509.70660199999998,16.519411099999999,9.5374864699999993,493.18718999999999,526.22601299999997
486.103882,0.032711904600000001,6.8200000000000004e-05,1,479.64669500000002,0.032690674599999997,6.8700000000000003e-05,1,475.84679199999999,0.034417808699999997,6.7999999999999999e-05,1,506.14424600000001,487.21257800000001,16.505025199999999,9.5291807599999991,470.70755200000002,503.717603
486.692566,0.0311445388,6.8200000000000004e-05,1,456.66479199999998,0.031075632799999999,6.8700000000000003e-05,1,452.33817800000003,0.033026890500000003,6.7999999999999999e-05,1,485.68956700000001,464.89751200000001,18.135932400000002,10.4707854,446.76157999999998,483.03344499999997
487.28121900000002,0.0303942915,6.8200000000000004e-05,1,445.66409800000002,0.029991973299999999,6.8700000000000003e-05,1,436.56438500000002,0.032092888799999997,6.7999999999999999e-05,1,471.95424700000001,451.39424300000002,18.3776087,10.6103173,433.01663500000001,469.77185200000002
487.86987299999998,0.028635992799999999,6.8200000000000004e-05,1,419.88259299999999,0.028345908999999999,6.8700000000000003e-05,1,412.60420699999997,0.030064347200000001,6.7999999999999999e-05,1,442.12275299999999,424.86985099999998,15.378254399999999,8.8786393300000004,409.49159700000001,440.24810500000001
488.45846599999999,0.026857686499999998,6.8200000000000004e-05,1,393.80772000000002,0.0263607472,6.8700000000000003e-05,1,383.70810999999998,0.0280960863,6.7999999999999999e-05,1,413.17773999999997,396.89785699999999,14.9758631,8.6463186000000007,381.92199399999998,411.87371999999999
489.04702800000001,0.025357235700000001,6.8200000000000004e-05,1,371.80697500000002,0.024985100999999999,6.8700000000000003e-05,1,363.68414799999999,0.026653197399999998,6.7999999999999999e-05,1,391.95878499999998,375.81663600000002,14.557534499999999,8.4047964499999992,361.25910199999998,390.37417099999999
489.635559,0.023885695700000001,6.8200000000000004e-05,1,350.230142,0.0235309358,6.8700000000000003e-05,1,342.51726000000002,0.025446956199999999,6.7999999999999999e-05,1,374.219944,355.65578199999999,16.533094800000001,9.5453867199999998,339.12268699999998,372.18887699999999
490.22406000000001,0.023057883099999999,6.8200000000000004e-05,1,338.092127,0.022278501199999998,6.8700000000000003e-05,1,324.28677099999999,0.024305087,6.7999999999999999e-05,1,357.427751,339.93554999999998,16.6472154,9.6112743100000007,323.28833400000002,356.58276499999999
490.81253099999998,0.021906007500000001,6.8200000000000004e-05,1,321.20245599999998,0.020859084900000002,6.8700000000000003e-05,1,303.62569000000002,0.023272487500000001,6.7999999999999999e-05,1,342.24246299999999,322.35687000000001,19.334251699999999,11.162635399999999,303.02261800000002,341.69112100000001
491.40096999999997,0.020714134700000001,6.8200000000000004e-05,1,303.726315,0.0194300354,6.8700000000000003e-05,1,282.824388,0.021947316200000001,6.7999999999999999e-05,1,322.75465000000003,303.10178400000001,19.9724556,11.531102600000001,283.12932799999999,323.07423999999997
491.989349,0.019759614299999999,6.8200000000000004e-05,1,289.73041499999999,0.018080724999999999,6.8700000000000003e-05,1,263.18376999999998,0.0203945325,6.7999999999999999e-05,1,299.91959600000001,284.27792699999998,18.9651639,10.9495425,265.31276300000002,303.24309099999999
492.57772799999998,0.018275267500000001,6.8200000000000004e-05,1,267.965799,0.0167910395,6.8700000000000003e-05,1,244.411056,0.018645660099999999,6.7999999999999999e-05,1,274.20088399999997,262.19258000000002,15.711652000000001,9.0711265000000001,246.48092800000001,277.90423099999998
493.16604599999999,0.017174929200000001,6.8200000000000004e-05,1,251.831806,0.015669034299999999,6.8700000000000003e-05,1,228.07910100000001,0.017503876200000001,6.7999999999999999e-05,1,257.409944,245.773617,15.575648299999999,8.9926047600000008,230.197969,261.349265
493.75436400000001,0.0157507011,6.8200000000000004e-05,1,230.94869700000001,0.014857752,6.8700000000000003e-05,1,216.27004299999999,0.016044710699999999,6.7999999999999999e-05,1,235.951628,227.723456,10.229507999999999,5.9060091799999999,217.49394799999999,237.95296400000001
494.34262100000001,0.014696182299999999,6.8200000000000004e-05,1,215.48654300000001,0.0141332768,6.8700000000000003e-05,1,205.72455299999999,0.015057649399999999,6.7999999999999999e-05,1,221.43602000000001,214.21570600000001,7.9324537599999996,4.5798043100000001,206.283252,222.14815899999999
494.93084700000003,0.0140308356,6.8200000000000004e-05,1,205.730728,0.0135307576,6.8700000000000003e-05,1,196.95425800000001,0.0144575533,6.7999999999999999e-05,1,212.61107799999999,205.09868800000001,7.8475222100000002,4.5307690599999999,197.25116600000001,212.94621000000001
495.51907299999999,0.01338837,6.8200000000000004e-05,1,196.31040999999999,0.0127991145,6.8700000000000003e-05,1,186.30443199999999,0.0140324089,6.7999999999999999e-05,1,206.35895400000001,196.32459900000001,10.0272688,5.7892463200000002,186.29732999999999,206.351868
496.10723899999999,0.0128725644,6.8200000000000004e-05,1,188.74727899999999,0.0121646909,6.8700000000000003e-05,1,177.069737,0.0134654215,6.7999999999999999e-05,1,198.020905,187.94597400000001,10.498543700000001,6.0613370599999996,177.44743,198.44451699999999
496.69537400000002,0.012264142800000001,6.8200000000000004e-05,1,179.82614000000001,0.0111674028,6.8700000000000003e-05,1,162.55317099999999,0.012962487700000001,6.7999999999999999e-05,1,190.62482,177.66804400000001,14.159710499999999,8.1751126700000007,163.50833299999999,191.827754
497.283478,0.011957686299999999,6.8200000000000004e-05,1,175.33264399999999,0.010651606100000001,6.8700000000000003e-05,1,155.04521299999999,0.012749965699999999,6.7999999999999999e-05,1,187.499495,172.62578400000001,16.395591499999998,9.4659991800000007,156.23019199999999,189.02137500000001
497.87152099999997,0.0113299821,6.8200000000000004e-05,1,166.12877,0.010136190099999999,6.8700000000000003e-05,1,147.54279600000001,0.012309358899999999,6.7999999999999999e-05,1,181.01998399999999,164.89718300000001,16.772540899999999,9.6836310300000008,148.12464199999999,181.669724
498.459564,0.0105784707,6.8200000000000004e-05,1,155.10954100000001,0.0096213013899999998,6.8700000000000003e-05,1,140.04805500000001,0.0116296818,6.7999999999999999e-05,1,171.024733,155.39410899999999,15.490299200000001,8.9433284299999993,139.90380999999999,170.88440900000001
499.04757699999999,0.0100360051,6.8200000000000004e-05,1,147.15549999999999,0.0091004179199999993,6.8700000000000003e-05,1,132.46605400000001,0.0108457499,6.7999999999999999e-05,1,159.49632199999999,146.372626,13.532128999999999,7.8127783400000004,132.840497,159.90475499999999
499.63552900000002,0.0095754343500000002,6.8200000000000004e-05,1,140.402263,0.0084775031299999994,6.8700000000000003e-05,1,123.398881,0.0103359551,6.7999999999999999e-05,1,151.99933999999999,138.60016100000001,14.3851396,8.3052642399999996,124.215022,152.98530099999999
500.22348,0.0092014955900000008,6.8200000000000004e-05,1,134.91928999999999,0.0077040007400000004,6.8700000000000003e-05,1,112.13974899999999,0.00982872261,6.7999999999999999e-05,1,144.54003800000001,130.53302600000001,16.6395366,9.6068409100000007,113.893489,147.172562
500.81137100000001,0.0086783819600000003,6.8200000000000004e-05,1,127.249002,0.0071509258399999999,6.8700000000000003e-05,1,104.089168,0.0093609439900000004,6.7999999999999999e-05,1,137.66094100000001,122.99970399999999,17.184539300000001,9.9214983799999992,105.81516499999999,140.18424300000001
501.39923099999999,0.0082997159499999997,6.8200000000000004e-05,1,121.696715,0.0065835022499999996,6.8700000000000003e-05,1,95.829727099999999,0.0090182116600000008,6.7999999999999999e-05,1,132.62075999999999,116.715734,18.894513700000001,10.9087526,97.821220199999999,135.61024800000001
501.98709100000002,0.0080968295500000002,6.8200000000000004e-05,1,118.721841,0.0064513996000000002,6.8700000000000003e-05,1,93.9068355,0.0089138875400000001,6.7999999999999999e-05,1,131.086581,114.571753,18.934117400000002,10.9316178,95.637635200000005,133.50586999999999
502.57488999999998,0.0074365468599999996,6.8200000000000004e-05,1,109.040277,0.00621860855,6.8700000000000003e-05,1,90.518319599999998,0.0082036421700000008,6.7999999999999999e-05,1,120.641797,106.733464,15.1936502,8.7720580199999993,91.539814100000001,121.927114
503.16265900000002,0.0070917882399999998,6.8200000000000004e-05,1,103.98516499999999,0.00618697022,6.8700000000000003e-05,1,90.057790699999998,0.0077996021800000002,6.7999999999999999e-05,1,114.70003199999999,102.914329,12.355971500000001,7.1337234699999996,90.558357700000002,115.270301
503.75036599999999,0.0067179769800000001,6.8200000000000004e-05,1,98.504061199999995,0.0061463978399999997,6.8700000000000003e-05,1,89.467217399999996,0.0072430312300000004,6.7999999999999999e-05,1,106.515165,98.162147899999994,8.5291153699999995,4.9242870500000002,89.633032600000007,106.69126300000001
504.33807400000001,0.0063171480199999998,6.8200000000000004e-05,1,92.626803800000005,0.0056416153800000002,6.8700000000000003e-05,1,82.119583500000005,0.00676789833,6.7999999999999999e-05,1,99.527916700000006,91.424768,8.7661955299999992,5.0611653499999996,82.658572500000005,100.19096399999999
504.92575099999999,0.0059996979299999998,6.8200000000000004e-05,1,87.972110400000005,0.0052105850799999999,6.8700000000000003e-05,1,75.845488799999998,0.0062838127600000002,6.7999999999999999e-05,1,92.409011199999995,85.408870100000001,8.5741016200000004,4.9502598799999999,76.834768499999996,93.982971800000001
505.51336700000002,0.0058165654400000001,6.8200000000000004e-05,1,85.2868833,0.0052220030000000002,6.8700000000000003e-05,1,76.011688500000005,0.0062748823800000001,6.7999999999999999e-05,1,92.277681999999999,84.525418000000002,8.1596879999999992,4.7109980599999997,76.365729999999999,92.685106000000005
506.10098299999999,0.00568759851,6.8200000000000004e-05,1,83.395872600000004,0.0050369217500000002,6.8700000000000003e-05,1,73.317638400000007,0.00612063221,6.7999999999999999e-05,1,90.0092973,82.240936099999999,8.4055504400000007,4.8529468099999997,73.835385599999995,90.646486499999995
506.68853799999999,0.0058057981300000004,6.8200000000000004e-05,1,85.129004899999998,0.0048415666500000003,6.8700000000000003e-05,1,70.474041499999998,0.0062373586600000001,6.7999999999999999e-05,1,91.725862699999993,82.442969700000006,10.8775487,6.2801556600000001,71.565421000000001,93.320518399999997
507.276093,0.0057497865100000004,6.8200000000000004e-05,1,84.307720099999997,0.0048254659699999997,6.8700000000000003e-05,1,70.239679300000006,0.00580558788,6.7999999999999999e-05,1,85.376292300000003,79.974563900000007,8.4475703600000003,4.8772070200000002,71.526993500000003,88.422134299999996
507.863586,0.0056700742800000004,6.8200000000000004e-05,1,83.138919000000001,0.0045158877300000002,6.8700000000000003e-05,1,65.733445900000007,0.0058998938999999997,6.7999999999999999e-05,1,86.763145600000001,78.545170200000001,11.2422846,6.4907360599999997,67.302885500000002,89.787454800000006
508.45105000000001,0.0054656566500000002,6.8200000000000004e-05,1,80.141593200000003,0.0043124389499999997,6.8700000000000003e-05,1,62.772037099999999,0.0058851845300000004,6.7999999999999999e-05,1,86.546831299999994,76.486820499999993,12.301554100000001,7.1023055700000004,64.185266400000003,88.788374599999997
509.03848299999999,0.0053829002200000003,6.8200000000000004e-05,1,78.928155700000005,0.0040586347499999998,6.8700000000000003e-05,1,59.077652800000003,0.0059825313499999996,6.7999999999999999e-05,1,87.978402299999999,75.328070299999993,14.7828885,8.5349046299999998,60.545181800000002,90.110958699999998
509.62588499999998,0.0048477224199999997,6.8200000000000004e-05,1,71.080973999999998,0.0035731960400000001,6.8700000000000003e-05,1,52.011587200000001,0.00559162572,6.7999999999999999e-05,1,82.229789999999994,68.440783699999997,15.281128799999999,8.8225638499999999,53.1596549,83.721912599999996
510.21322600000002,0.0047431306000000001,6.8200000000000004e-05,1,69.547369500000002,0.00348797031,6.8700000000000003e-05,1,50.771037999999997,0.0057772197699999996,6.7999999999999999e-05,1,84.959114299999996,68.425840600000001,17.121609400000001,9.8851658199999992,51.304231100000003,85.547449999999998
510.800568,0.0044634137999999997,6.8200000000000004e-05,1,65.445950100000005,0.00319898263,6.8700000000000003e-05,1,46.564521599999999,0.00558040415,6.7999999999999999e-05,1,82.064766899999995,64.691746199999997,17.762135900000001,10.254974000000001,46.9296103,82.453882100000001
511.387878,0.0043041457999999999,6.8200000000000004e-05,1,63.110642200000001,0.0030561221599999999,6.8700000000000003e-05,1,44.485038699999997,0.0053154170200000002,6.7999999999999999e-05,1,78.167897400000001,61.9211928,16.872902400000001,9.7415747400000008,45.048290399999999,78.794095100000007
511.97512799999998,0.0041966689800000002,6.8200000000000004e-05,1,61.534735699999999,0.0032442562100000001,6.8700000000000003e-05,1,47.223525700000003,0.0048689021799999998,6.7999999999999999e-05,1,71.601502699999998,60.119921400000003,12.250417000000001,7.0727815300000003,47.869504399999997,72.3703383
512.56237799999997,0.0043219367399999998,6.8200000000000004e-05,1,63.371506500000002,0.0030583444400000001,6.8700000000000003e-05,1,44.517386299999998,0.0049444032899999997,6.7999999999999999e-05,1,72.711813100000001,60.200235300000003,14.362247200000001,8.2920473000000001,45.837988099999997,74.562482500000002
513.14953600000001,0.0044286678799999998,6.8200000000000004e-05,1,64.936479199999994,0.0034602449100000002,6.8700000000000003e-05,1,50.367465899999999,0.0049231942399999996,6.7999999999999999e-05,1,72.399915300000004,62.567953500000002,11.205563,6.4695348299999997,51.362390499999997,73.773516499999999
513.73669400000006,0.0045145433599999996,6.8200000000000004e-05,1,66.195650400000005,0.00339395993,6.8700000000000003e-05,1,49.402619000000001,0.00487797992,6.7999999999999999e-05,1,71.734998899999994,62.444422799999998,11.629169299999999,6.7141040399999996,50.815253499999997,74.073592099999999
514.32385299999999,0.0041491806799999996,6.8200000000000004e-05,1,60.838426300000002,0.0029802172400000002,6.8700000000000003e-05,1,43.380163600000003,0.0042088403299999997,6.7999999999999999e-05,1,61.894710799999999,55.371100300000002,10.3978774,6.00321733,44.973222800000002,65.768977699999994
514.91094999999996,0.0041041808499999999,6.8200000000000004e-05,1,60.178604900000003,0.00255415918,6.8700000000000003e-05,1,37.178445199999999,0.0038974800700000002,6.7999999999999999e-05,1,57.315883300000003,51.557644500000002,12.5347446,7.2369381800000001,39.022899799999998,64.092389100000005
515.49798599999997,0.0038221357699999999,6.8200000000000004e-05,1,56.043046400000001,0.0024480110600000001,6.8700000000000003e-05,1,35.6333488,0.0036365167399999999,6.7999999999999999e-05,1,53.478187400000003,48.3848609,11.117347799999999,6.4186037200000001,37.267513100000002,59.502208600000003
516.08502199999998,0.00357384511,6.8200000000000004e-05,1,52.402420900000003,0.0022560039999999998,6.8700000000000003e-05,1,32.838486199999998,0.0033934629799999999,6.7999999999999999e-05,1,49.903867400000003,45.048258199999999,10.6475157,6.1473460800000002,34.400742399999999,55.695773899999999
516.67199700000003,0.0033384217699999998,6.8200000000000004e-05,1,48.950465800000003,0.0023881669499999998,6.8700000000000003e-05,1,34.762255400000001,0.0032307766699999998,6.7999999999999999e-05,1,47.511421599999998,43.741380900000003,7.8093682900000001,4.5087408800000004,35.932012700000001,51.550749199999998
517.25897199999997,0.0034531288399999999,6.8200000000000004e-05,1,50.632387700000002,0.0027532280700000001,6.8700000000000003e-05,1,40.076099999999997,0.00364371437,6.7999999999999999e-05,1,53.584034799999998,48.097507499999999,7.1017806800000001,4.1002149899999996,40.9957268,55.199288199999998
517.84588599999995,0.00331315119,6.8200000000000004e-05,1,48.579929399999997,0.0028619454199999999,6.8700000000000003e-05,1,41.658594200000003,0.0034105269600000002,6.7999999999999999e-05,1,50.154808299999999,46.7977773,4.5197857600000004,2.60949952,42.277991499999999,51.317563
518.43280000000004,0.0028168185899999998,6.8200000000000004e-05,1,41.3023253,0.0023396036999999998,6.8700000000000003e-05,1,34.055366800000002,0.0029812449500000002,6.7999999999999999e-05,1,43.841837499999997,39.733176499999999,5.0784272599999998,2.93203134,34.654749299999999,44.8116038
519.01965299999995,0.0025517642099999998,6.8200000000000004e-05,1,37.4158975,0.00223938316,6.8700000000000003e-05,1,32.596552600000003,0.00246719787,6.7999999999999999e-05,1,36.282321699999997,35.4315906,2.5197874499999999,1.4547999599999999,32.9118031,37.951377999999998
519.60644500000001,0.0024190599999999998,6.8200000000000004e-05,1,35.470087900000003,0.0017182184900000001,6.8700000000000003e-05,1,25.0104583,0.0020679190699999998,6.7999999999999999e-05,1,30.4105746,30.297040299999999,5.2307389899999999,3.0199685700000001,25.066301299999999,35.527779299999999
520.19323699999995,0.0021961492100000001,6.8200000000000004e-05,1,32.201601400000001,0.0017596878299999999,6.8700000000000003e-05,1,25.614087699999999,0.0021679778800000001,6.7999999999999999e-05,1,31.882027600000001,29.8992389,3.7144881700000001,2.1445607400000002,26.184750699999999,33.613727099999998
520.78002900000001,0.00227598247,6.8200000000000004e-05,1,33.372177000000001,0.0015275540099999999,6.8700000000000003e-05,1,22.2351384,0.00245113492,6.7999999999999999e-05,1,36.046101800000002,30.551138999999999,7.3249142599999999,4.22904122,23.226224800000001,37.876053300000002
521.36676,0.00231345779,6.8200000000000004e-05,1,33.921668500000003,0.0016993917099999999,6.8700000000000003e-05,1,24.736415000000001,0.0029066235300000002,6.7999999999999999e-05,1,42.744463699999997,33.800849100000001,9.0046323099999999,5.1988268900000003,24.7962168,42.805481399999998
521.95343000000003,0.0024287976000000001,6.8200000000000004e-05,1,35.6128681,0.00165328027,6.8700000000000003e-05,1,24.065214900000001,0.00319743895,6.7999999999999999e-05,1,47.021160999999999,35.566414700000003,11.4780435,6.6268515299999997,24.0883711,47.044458200000001
522.54010000000005,0.0025385987200000001,6.8200000000000004e-05,1,37.222855099999997,0.0014990533500000001,6.8700000000000003e-05,1,21.820281699999999,0.00306786844,6.7999999999999999e-05,1,45.115712299999998,34.7196164,11.847739199999999,6.8402954400000002,22.871877099999999,46.567355599999999
523.12670900000001,0.0024093519700000001,6.8200000000000004e-05,1,35.327741500000002,0.00107680808,6.8700000000000003e-05,1,15.674062299999999,0.00275188715,6.7999999999999999e-05,1,40.468928599999998,30.490244100000002,13.0861524,7.5552936099999997,17.404091699999999,43.576396500000001
523.713257,0.0025201560800000001,6.8200000000000004e-05,1,36.952435199999996,0.0012593818900000001,6.8700000000000003e-05,1,18.331614099999999,0.0027083877400000001,6.7999999999999999e-05,1,39.829231399999998,31.704426900000001,11.6701791,6.7377810599999997,20.034247799999999,43.374606
524.29980499999999,0.00237132838,6.8200000000000004e-05,1,34.770210900000002,0.00106862206,6.8700000000000003e-05,1,15.554906300000001,0.0024587373,6.7999999999999999e-05,1,36.157901500000001,28.8276729,11.5154753,6.6484627600000001,17.312197600000001,40.343148200000002
524.88635299999999,0.0019258693000000001,6.8200000000000004e-05,1,28.238552800000001,0.00087145685000000002,6.8700000000000003e-05,1,12.684961400000001,0.0022674601300000001,6.7999999999999999e-05,1,33.345002000000001,24.756172100000001,10.761252300000001,6.2130118999999997,13.9949198,35.517424400000003
525.47283900000002,0.00189579755,6.8200000000000004e-05,1,27.797618,0.00096056287199999997,6.8700000000000003e-05,1,13.9819923,0.0023887028300000001,6.7999999999999999e-05,1,35.127982799999998,25.635864399999999,10.737463099999999,6.1992771800000002,14.8984013,36.373327400000001
526.05926499999998,0.00200606317,6.8200000000000004e-05,1,29.414415900000002,0.0011771663699999999,6.8700000000000003e-05,1,17.1348816,0.00243413783,6.7999999999999999e-05,1,35.796144599999998,27.448480700000001,9.48469081,5.4759887899999997,17.963789899999998,36.9331715
526.64569100000006,0.00180546685,6.8200000000000004e-05,1,26.473120900000001,0.0010505757299999999,6.8700000000000003e-05,1,15.292223099999999,0.00187580525,6.7999999999999999e-05,1,27.585371299999998,23.1169051,6.7991552200000003,3.9254940999999999,16.317749899999999,29.916060300000002
527.23205599999994,0.0020283632000000001,6.8200000000000004e-05,1,29.741395900000001,0.0011641680200000001,6.8700000000000003e-05,1,16.945677100000001,0.0018907522099999999,6.7999999999999999e-05,1,27.805179599999999,24.830750900000002,6.8969576500000001,3.98196035,17.9337932,31.727708499999999
527.81841999999995,0.0020583199699999999,6.8200000000000004e-05,1,30.180644699999998,0.00106265408,6.8700000000000003e-05,1,15.468036100000001,0.001470636,6.7999999999999999e-05,1,21.626999999999999,22.425227,7.3887135199999996,4.2658757400000002,15.0365134,29.813940500000001
528.40472399999999,0.00191578808,6.8200000000000004e-05,1,28.090734300000001,0.0010792924899999999,6.8700000000000003e-05,1,15.710225400000001,0.0013694325799999999,6.7999999999999999e-05,1,20.1387143,21.313224699999999,6.27326519,3.6218713500000002,15.0399595,27.5864899
528.99102800000003,0.0017554245800000001,6.8200000000000004e-05,1,25.739363399999998,0.00087151495099999999,6.8700000000000003e-05,1,12.6858071,0.0013440611200000001,6.7999999999999999e-05,1,19.765604700000001,19.396925100000001,6.5345830899999999,3.7727433000000001,12.862342,25.9315082
529.577271,0.0015775173200000001,6.8200000000000004e-05,1,23.1307525,0.000602838126,6.8700000000000003e-05,1,8.7749363299999992,0.0013673022400000001,6.7999999999999999e-05,1,20.107385799999999,17.337691599999999,7.5680756699999998,4.3694305199999999,9.7696158900000007,24.9057672
530.16345200000001,0.00182594849,6.8200000000000004e-05,1,26.773438299999999,0.00080336125999999999,6.8700000000000003e-05,1,11.693759200000001,0.0016208686499999999,6.7999999999999999e-05,1,23.836303699999998,20.767833700000001,7.9944237300000003,4.6155826900000001,12.77341,28.7622575
530.74963400000001,0.0019379248,6.8200000000000004e-05,1,28.415319700000001,0.00084137913499999996,6.8700000000000003e-05,1,12.247149,0.0017553705099999999,6.7999999999999999e-05,1,25.814272200000001,22.158913600000002,8.6818011100000003,5.0124402100000003,13.4771125,30.840714699999999
531.33575399999995,0.00152611103,6.8200000000000004e-05,1,22.376994499999999,0.00082525239799999999,6.8700000000000003e-05,1,12.0124075,0.0015342838299999999,6.7999999999999999e-05,1,22.562997500000002,18.984133199999999,6.0384077500000002,3.4862763399999999,12.945725400000001,25.022540899999999
531.921875,0.00158070147,6.8200000000000004e-05,1,23.177440900000001,0.00106835727,6.8700000000000003e-05,1,15.551051899999999,0.00167367118,6.7999999999999999e-05,1,24.612811499999999,21.113768100000001,4.8706191099999998,2.8120532499999999,16.243148999999999,25.9843872
532.50793499999997,0.0014728002000000001,6.8200000000000004e-05,1,21.5953108,0.00120952112,6.8700000000000003e-05,1,17.6058387,0.0013845817900000001,6.7999999999999999e-05,1,20.361497,19.854215499999999,2.0425407600000001,1.17926146,17.811674700000001,21.8967563
533.09399399999995,0.00132419392,6.8200000000000004e-05,1,19.416333099999999,0.00117899363,6.8700000000000003e-05,1,17.1614793,0.0012383683900000001,6.7999999999999999e-05,1,18.2112999,18.263037400000002,1.1283169099999999,0.651434073,17.1347205,19.3913543
533.67999299999997,0.0012794486999999999,6.8200000000000004e-05,1,18.760244799999999,0.00107804927,6.8700000000000003e-05,1,15.692129100000001,0.0013997722200000001,6.7999999999999999e-05,1,20.5848856,18.3457531,2.4725733700000001,1.4275408999999999,15.873179800000001,20.818326500000001
534.26593000000003,0.00119172837,6.8200000000000004e-05,1,17.4740231,0.00097904878900000004,6.8700000000000003e-05,1,14.2510741,0.0013447743899999999,6.7999999999999999e-05,1,19.776094000000001,17.1670637,2.7752710399999998,1.60230348,14.3917927,19.942334800000001
534.85186799999997,0.0013594763599999999,6.8200000000000004e-05,1,19.933670899999999,0.00086894067000000005,6.8700000000000003e-05,1,12.6483358,0.0013668182300000001,6.7999999999999999e-05,1,20.100268100000001,17.5607583,4.2550980799999998,2.4566820200000001,13.3056602,21.815856400000001
535.43774399999995,0.0013667580899999999,6.8200000000000004e-05,1,20.040441099999999,0.00062279544900000004,6.8700000000000003e-05,1,9.0654359400000004,0.00133656589,6.7999999999999999e-05,1,19.6553808,16.253752599999999,6.2282413600000002,3.59587682,10.0255113,22.481994
536.02362100000005,0.00122825819,6.8200000000000004e-05,1,18.0096509,0.00042394750199999998,6.8700000000000003e-05,1,6.1709971100000001,0.0011458992099999999,6.7999999999999999e-05,1,16.851458999999998,13.677369000000001,6.5264512899999998,3.76804841,7.1509177199999998,20.2038203
536.60943599999996,0.0015844723399999999,6.8200000000000004e-05,1,23.232732299999999,0.00064953764699999996,6.8700000000000003e-05,1,9.4546964599999992,0.00101142316,6.7999999999999999e-05,1,14.873869900000001,15.853766200000001,6.9410888999999996,4.00743955,8.9126773200000002,22.794855099999999
537.19525099999998,0.00157262073,6.8200000000000004e-05,1,23.058955000000001,0.00062366924299999999,6.8700000000000003e-05,1,9.0781549199999994,0.00084502662400000002,6.7999999999999999e-05,1,12.426862099999999,14.854657400000001,7.2997489900000003,4.2145120399999998,7.5549083699999997,22.154406300000002
537.78100600000005,0.0015335115800000001,6.8200000000000004e-05,1,22.4855071,0.00068650572900000003,6.8700000000000003e-05,1,9.9928053699999992,0.000829168903,6.7999999999999999e-05,1,12.193660299999999,14.890657600000001,6.66875134,3.8502053799999998,8.22190625,21.559408900000001
538.36676,0.00133878417,6.8200000000000004e-05,1,19.630266500000001,0.00067154886400000002,6.8700000000000003e-05,1,9.7750926400000004,0.00088647578999999995,6.7999999999999999e-05,1,13.036408700000001,14.147255899999999,5.02061739,2.8986548000000001,9.1266385400000001,19.1678733
538.95245399999999,0.0013339728099999999,6.8200000000000004e-05,1,19.5597186,0.00087622355800000002,6.8700000000000003e-05,1,12.754345799999999,0.00094359742400000005,6.7999999999999999e-05,1,13.876432700000001,15.396832399999999,3.6485594699999999,2.10649679,11.7482729,19.045391899999998
539.53808600000002,0.0012016479900000001,6.8200000000000004e-05,1,17.619471999999998,0.00091805696200000005,6.8700000000000003e-05,1,13.3632746,0.00096863531499999996,6.7999999999999999e-05,1,14.244637000000001,15.075794500000001,2.2465353800000001,1.2970378,12.8292591,17.3223299
540.12371800000005,0.00112368335,6.8200000000000004e-05,1,16.476295499999999,0.00065749475800000001,6.8700000000000003e-05,1,9.5705205000000007,0.00094637357200000002,6.7999999999999999e-05,1,13.9172584,13.321358099999999,3.4912397500000001,2.0156682099999998,9.8301183900000009,16.8125979
540.70929000000001,0.00093712947700000002,6.8200000000000004e-05,1,13.7409014,0.00041952043899999998,6.8700000000000003e-05,1,6.1065566100000002,0.00095656481800000001,6.7999999999999999e-05,1,14.067129700000001,11.3048626,4.5048190699999999,2.6008585000000002,6.8000435000000001,15.809681599999999
541.29486099999997,0.00090910999599999999,6.8200000000000004e-05,1,13.330058599999999,0.00055152452700000002,6.8700000000000003e-05,1,8.0280134899999993,0.00080501048899999999,6.7999999999999999e-05,1,11.8383895,11.0654872,2.7342190999999998,1.5786021299999999,8.3312681099999999,13.7997063
541.88037099999997,0.00070822295299999998,6.8200000000000004e-05,1,10.3845008,0.000414807679,6.8700000000000003e-05,1,6.0379574900000001,0.00082952146700000003,6.7999999999999999e-05,1,12.1988451,9.5404344600000002,3.1659864199999999,1.8278831099999999,6.3744480299999999,12.706420899999999
542.46582000000001,0.00034154041200000002,6.8200000000000004e-05,1,5.0079239299999996,0.000154129915,6.8700000000000003e-05,1,2.2435213200000002,0.00072881133900000005,6.7999999999999999e-05,1,10.7178138,5.9897530200000002,4.3216200100000002,2.4950884800000002,1.6681330000000001,10.311373
543.05127000000005,0.000178541108,6.8200000000000004e-05,1,2.6179048100000002,0.00011351283,6.8700000000000003e-05,1,1.6522973700000001,0.00073047304599999996,6.7999999999999999e-05,1,10.7422507,5.0041509599999996,4.9927388099999996,2.88255909,0.0114121503,9.9968897600000002
543.63671899999997,0.00034870852699999999,6.8200000000000004e-05,1,5.1130282500000002,0.00038637346999999999,6.8700000000000003e-05,1,5.6240679800000004,0.00089942209100000005,6.7999999999999999e-05,1,13.2267955,7.9879638999999996,4.5441509099999999,2.6235667500000002,3.4438129800000001,12.5321148
544.22210700000005,0.00037354063700000001,6.8200000000000004e-05,1,5.4771354399999996,0.00038485740700000001,6.8700000000000003e-05,1,5.6020001099999996,0.00076895604300000005,6.7999999999999999e-05,1,11.3081771,7.4624375499999998,3.3310932599999998,1.9232075900000001,4.1313442800000004,10.793530799999999
544.80743399999994,0.00035951383900000001,6.8200000000000004e-05,1,5.2714639099999996,0.000107168411,6.8700000000000003e-05,1,1.5599477500000001,0.00059337477399999997,6.7999999999999999e-05,1,8.7260996199999994,5.1858370899999997,3.5838432,2.06913284,1.6019938899999999,8.7696802900000002
545.39276099999995,0.00036516724200000002,6.8200000000000004e-05,1,5.3543583899999998,8.8596110600000001e-05,6.8700000000000003e-05,1,1.2896086,0.000588162959,6.7999999999999999e-05,1,8.6494552799999997,5.0978074199999996,3.6866244199999998,2.1284736,1.4111830000000001,8.7844318399999999
545.978027,0.000552755498,6.8200000000000004e-05,1,8.1049193299999995,0.00028554032900000002,6.8700000000000003e-05,1,4.15633666,0.000369405775,6.7999999999999999e-05,1,5.4324378600000003,5.8978979499999999,2.0150226,1.16337384,3.8828753499999999,7.9129205599999999
546.56323199999997,0.00074808523800000003,6.8200000000000004e-05,1,10.9689918,0.00029719331799999999,6.8700000000000003e-05,1,4.3259580499999997,0.00037244863999999999,6.7999999999999999e-05,1,5.4771858800000004,6.9240452299999999,3.55000362,2.0495955399999999,3.3740416099999999,10.4740488
547.14843800000006,0.00064585471800000002,6.8200000000000004e-05,1,9.4700105299999997,0.000232606407,6.8700000000000003e-05,1,3.3858283400000002,0.00024577104199999998,6.7999999999999999e-05,1,3.6142800300000002,5.4900396300000001,3.4486481100000002,1.9910779199999999,2.0413915199999999,8.9386877499999997
547.73364300000003,0.000699092707,6.8200000000000004e-05,1,10.250626199999999,0.00046821295699999999,6.8700000000000003e-05,1,6.8153268899999997,0.000157987903,6.7999999999999999e-05,1,2.3233515100000002,6.4631015300000003,3.9753576000000002,2.2951737799999998,2.4877439300000002,10.438459099999999
548.31878700000004,0.00074913854799999997,6.8200000000000004e-05,1,10.984436199999999,0.00070560596600000003,6.8700000000000003e-05,1,10.2708292,0.00031994689399999999,6.7999999999999999e-05,1,4.7051013900000003,8.6534555900000001,3.4379404299999998,1.9848958400000001,5.2155151599999998,12.091396
548.90386999999998,0.00084283343099999998,6.8200000000000004e-05,1,12.3582614,0.00081272904000000005,6.8700000000000003e-05,1,11.830117,0.00059415643999999996,6.7999999999999999e-05,1,8.7375947099999998,10.9753244,1.9558399099999999,1.1292047000000001,9.01948449,12.931164300000001
549.48895300000004,0.00082424858100000004,6.8200000000000004e-05,1,12.0857563,0.00092365992900000004,6.8700000000000003e-05,1,13.444831600000001,0.00064816634599999996,6.7999999999999999e-05,1,9.5318580199999996,11.687481999999999,1.9866573300000001,1.1469971400000001,9.7008246400000004,13.6741393
550.07397500000002,0.00083569083699999995,6.8200000000000004e-05,1,12.253531300000001,0.00092616199500000003,6.8700000000000003e-05,1,13.4812517,0.00085949676199999995,6.7999999999999999e-05,1,12.639658300000001,12.791480399999999,0.62778326799999995,0.36245083900000002,12.1636972,13.4192637
550.65893600000004,0.0010188246800000001,6.8200000000000004e-05,1,14.9387782,0.00096312926899999997,6.8700000000000003e-05,1,14.019348900000001,0.00082358773199999998,6.7999999999999999e-05,1,12.111584300000001,13.6899038,1.4421015699999999,0.83259773000000004,12.247802200000001,15.132005400000001
551.24389599999995,0.0010833745099999999,6.8200000000000004e-05,1,15.885256699999999,0.00085146903199999997,6.8700000000000003e-05,1,12.3940179,0.00091176666699999999,6.7999999999999999e-05,1,13.408333300000001,13.895869299999999,1.7959553100000001,1.03689528,12.099914,15.6918246
551.82885699999997,0.00118595708,6.8200000000000004e-05,1,17.389399999999998,0.00072252912999999999,6.8700000000000003e-05,1,10.517163500000001,0.00088881523999999996,6.7999999999999999e-05,1,13.070812399999999,13.659125299999999,3.4736857400000001,2.0055334,10.185439499999999,17.132811
552.41369599999996,0.00116845362,6.8200000000000004e-05,1,17.132750999999999,0.00056841910200000005,6.8700000000000003e-05,1,8.27393161,0.00081461561300000002,6.7999999999999999e-05,1,11.9796414,12.462108000000001,4.4490730200000002,2.56867351,8.0130349699999996,16.911180999999999
552.99859600000002,0.00087860602100000001,6.8200000000000004e-05,1,12.8827862,0.000471843259,6.8700000000000003e-05,1,6.8681697000000002,0.00084065560400000002,6.7999999999999999e-05,1,12.362582400000001,10.7045128,3.3325364500000001,1.9240408200000001,7.3719763399999998,14.0370492
553.58337400000005,0.00078360670399999996,6.8200000000000004e-05,1,11.489834399999999,0.000323922388,6.8700000000000003e-05,1,4.7150274799999998,0.00084995682499999997,6.7999999999999999e-05,1,12.4993651,9.56807564,4.2330657199999999,2.44396163,5.3350099200000001,13.801141400000001
554.16815199999996,0.00040288552199999999,6.8200000000000004e-05,1,5.9074123500000004,0.00033455889599999999,6.8700000000000003e-05,1,4.8698529300000004,0.00059317649900000001,6.7999999999999999e-05,1,8.7231838100000001,6.5001496999999997,1.9938763500000001,1.1511650499999999,4.5062733499999998,8.4940260500000004
554.75292999999999,0.00025831848500000002,6.8200000000000004e-05,1,3.7876610799999999,0.00031919559599999999,6.8700000000000003e-05,1,4.6462241100000004,0.00051841389600000001,6.7999999999999999e-05,1,7.6237337600000004,5.3525396499999998,2.0132125200000002,1.1623287899999999,3.33932713,7.3657521600000004
555.33764599999995,0.00041892169299999999,6.8200000000000004e-05,1,6.1425468199999997,0.00061242912799999998,6.8700000000000003e-05,1,8.9145433500000006,0.00062409154200000001,6.7999999999999999e-05,1,9.1778168000000004,8.0783023200000006,1.6815737399999999,0.97085705300000003,6.3967285800000004,9.7598760700000007
555.92230199999995,0.00053930676100000003,6.8200000000000004e-05,1,7.9077237699999996,0.00059695623399999998,6.8700000000000003e-05,1,8.6893192700000004,0.000658312564,6.7999999999999999e-05,1,9.6810671199999998,8.7593700499999994,0.88874461800000004,0.51311694399999996,7.8706254400000004,9.64811467
556.50695800000005,0.00080622403200000001,6.8200000000000004e-05,1,11.8214667,0.00061144345499999995,6.8700000000000003e-05,1,8.9001958499999994,0.00076594996299999998,6.7999999999999999e-05,1,11.26397,10.661877499999999,1.5509166400000001,0.89542214099999995,9.1109609000000003,12.212794199999999
557.09155299999998,0.00075030768500000005,6.8200000000000004e-05,1,11.001579,0.00034100710600000001,6.8700000000000003e-05,1,4.96371333,0.00065028009799999998,6.7999999999999999e-05,1,9.5629426100000003,8.5094116399999997,3.1537915299999999,1.8208423899999999,5.3556201100000003,11.6632032
557.67614700000001,0.00048224770000000001,6.8200000000000004e-05,1,7.0710806399999999,0.00024848699999999998,6.8700000000000003e-05,1,3.6169868900000002,0.00036762963500000002,6.7999999999999999e-05,1,5.4063181599999997,5.3647952300000004,1.7274212,0.997327097,3.6373740300000001,7.0922164299999997
558.26068099999998,0.00039650132799999999,6.8200000000000004e-05,1,5.8138024699999997,5.6987635900000003e-05,6.8700000000000003e-05,1,0.82951435100000004,0.00023910495900000001,6.7999999999999999e-05,1,3.51624939,3.3865220699999998,2.4946751100000002,1.44030134,0.89184696299999999,5.88119718
558.84521500000005,-4.12931718e-05,6.8200000000000004e-05,1,-0.60547172699999996,-0.00019903978999999999,6.8700000000000003e-05,1,-2.8972313000000001,9.2167036499999997e-06,6.7999999999999999e-05,1,0.13553976000000001,-1.1223877600000001,1.58108403,0.91283928999999997,0,0.45869627400000001
559.42962599999998,-0.000192227706,6.8200000000000004e-05,1,-2.8185880600000002,-0.00030585239799999999,6.8700000000000003e-05,1,-4.4519999800000001,-8.6508741400000006e-05,6.7999999999999999e-05,1,-1.2721873699999999,-2.8475918,1.5901046999999999,0.91804737700000005,0,0
560.01409899999999,-0.00012789579399999999,6.8200000000000004e-05,1,-1.8753048999999999,-0.00015088037600000001,6.8700000000000003e-05,1,-2.1962209100000001,6.3365662400000005e-05,6.7999999999999999e-05,1,0.93184797600000002,-1.0465592800000001,1.7208481099999999,0.99353211900000005,0,0.674288832
560.59851100000003,1.7286466000000002e-05,6.8200000000000004e-05,1,0.25346724399999998,-0.00024207683900000001,6.8700000000000003e-05,1,-3.5236803299999999,0.00014029295500000001,6.7999999999999999e-05,1,2.0631316800000001,-0.402360469,2.85056128,1.6457723200000001,0,2.4482008099999999
561.182861,0.00018650961200000001,6.8200000000000004e-05,1,2.73474504,-0.00017560235500000001,6.8700000000000003e-05,1,-2.5560750400000001,0.00026904264400000002,6.7999999999999999e-05,1,3.9565094799999998,1.3783931599999999,3.4616769199999999,1.9986001,0,4.8400700800000003
561.76715100000001,0.000228516428,6.8200000000000004e-05,1,3.3506807699999999,-0.000166120852,6.8700000000000003e-05,1,-2.4180618900000002,0.00020260244999999999,6.7999999999999999e-05,1,2.9794478,1.30402222,3.2287592200000002,1.86412501,0,4.5327814499999999
562.35144000000003,0.00032962390000000001,6.8200000000000004e-05,1,4.8331950199999998,9.26854173e-05,6.8700000000000003e-05,1,1.3491327099999999,0.000306856323,6.7999999999999999e-05,1,4.5125929899999999,3.5649735699999998,1.92565819,1.11177927,1.6393153899999999,5.4906317600000003
562.93573000000004,0.00053748595099999998,6.8200000000000004e-05,1,7.8810256799999996,0.00038148115999999999,6.8700000000000003e-05,1,5.55285531,0.00050706462699999998,6.7999999999999999e-05,1,7.4568327600000002,6.9635712500000002,1.2399897200000001,0.71590839799999995,5.7235815299999997,8.2035609699999998
563.51995799999997,0.00054129727100000005,6.8200000000000004e-05,1,7.9369101300000002,0.00052491823400000002,6.8700000000000003e-05,1,7.6407312000000003,0.00058584355400000002,6.7999999999999999e-05,1,8.6153463800000001,8.0643292399999993,0.49964528200000002,0.28847033799999999,7.56468395,8.5639745200000004
564.10412599999995,0.000618702284,6.8200000000000004e-05,1,9.0718809999999994,0.00065946112100000003,6.8700000000000003e-05,1,9.59914296,0.00056523909599999998,6.7999999999999999e-05,1,8.3123396500000002,8.9944545300000005,0.64688626100000002,0.37347995699999997,8.34756827,9.6413408
564.68829300000004,0.00060485906799999996,6.8200000000000004e-05,1,8.8689012999999992,0.00066707082500000003,6.8700000000000003e-05,1,9.7099101099999992,0.00051199018499999995,6.7999999999999999e-05,1,7.52926743,8.7026929499999994,1.0997815900000001,0.63495919599999995,7.6029113600000002,9.8024745299999996
565.27239999999995,0.00044310071100000001,6.8200000000000004e-05,1,6.49707788,0.00032130971100000001,6.8700000000000003e-05,1,4.6769972400000004,0.00026014563499999999,6.7999999999999999e-05,1,3.82567111,4.9999154099999998,1.3646650300000001,0.78788972199999996,3.63525038,6.3645804400000001
565.85644500000001,0.00032720160500000002,6.8200000000000004e-05,1,4.7976774899999999,0.00011443643600000001,6.8700000000000003e-05,1,1.66574143,4.7165922000000002e-05,6.7999999999999999e-05,1,0.69361650100000005,2.3856784700000002,2.1446587500000001,1.2382193100000001,0.24101972399999999,4.5303372199999998
566.44049099999995,0.00011041562,6.8200000000000004e-05,1,1.6189973600000001,-0.00019482246300000001,6.8700000000000003e-05,1,-2.8358437099999998,-0.000114103329,6.7999999999999999e-05,1,-1.67799013,-0.96494549299999999,2.3114339099999999,1.3345069899999999,0,1.34648842
567.02453600000001,8.2173286499999994e-05,6.8200000000000004e-05,1,1.2048869,-0.00034349619299999998,6.8700000000000003e-05,1,-4.9999445800000002,-0.000109478872,6.7999999999999999e-05,1,-1.6099834200000001,-1.8016803699999999,3.1068543900000001,1.7937432200000001,0,1.3051740300000001
567.60845900000004,0.00019937963900000001,6.8200000000000004e-05,1,2.9234551199999999,-0.00038017056500000001,6.8700000000000003e-05,1,-5.5337782400000002,1.47744222e-05,6.7999999999999999e-05,1,0.21727091500000001,-0.79768406800000002,4.3190044299999997,2.4935783699999998,0,3.5213203599999998
568.19244400000002,0.00026490924300000003,6.8200000000000004e-05,1,3.8842997499999998,-0.000260296861,6.8700000000000003e-05,1,-3.7888917200000001,0.000157907229,6.7999999999999999e-05,1,2.3221651400000001,0.80585772499999997,4.0551027099999999,2.34121464,0,4.8609604300000004
568.77630599999998,0.000424882831,6.8200000000000004e-05,1,6.2299535300000004,-0.00016641233499999999,6.8700000000000003e-05,1,-2.42230473,0.00028037345099999998,6.7999999999999999e-05,1,4.1231389900000002,2.64359593,4.5118930600000002,2.6049426699999998,0,7.1554889900000003
569.36016800000004,0.000414494965,6.8200000000000004e-05,1,6.07763878,-6.6290191100000005e-05,6.8700000000000003e-05,1,-0.96492272400000001,0.000310703139,6.7999999999999999e-05,1,4.5691638000000001,3.22729329,3.7080831299999999,2.1408627899999999,0,6.9353764199999999
569.944031,0.00030630365699999999,6.8200000000000004e-05,1,4.4912559600000002,-4.1743069799999998e-05,6.8700000000000003e-05,1,-0.60761382600000002,0.000180680525,6.7999999999999999e-05,1,2.6570665400000002,2.1802362300000002,2.5826621200000002,1.49110067,0,4.7628983500000004
570.52783199999999,0.000182621638,6.8200000000000004e-05,1,2.6777366300000001,1.5016854300000001e-05,6.8700000000000003e-05,1,0.218585943,0.00011963003999999999,6.7999999999999999e-05,1,1.7592652900000001,1.5518626200000001,1.2426252200000001,0.71743000300000004,0.30923740599999999,2.7944878399999999
571.11157200000002,4.40041981e-07,6.8200000000000004e-05,1,0.0064522284599999999,4.65375889e-06,6.8700000000000003e-05,1,0.067740304099999996,2.1307459999999999e-05,6.7999999999999999e-05,1,0.31334499900000001,0.12917917700000001,0.16240949700000001,0.093767166599999993,0,0.29158867399999999
571.69531199999994,-3.9428222800000003e-05,6.8200000000000004e-05,1,-0.57812643399999997,-4.8105158700000001e-06,6.8700000000000003e-05,1,-0.070022065100000003,1.7028479299999999e-05,6.7999999999999999e-05,1,0.25041881300000002,-0.13257656200000001,0.41779971900000001,0.24121677999999999,0,0.285223157
572.27899200000002,7.5660105000000005e-05,6.8200000000000004e-05,1,1.1093857,2.3176043499999999e-05,6.8700000000000003e-05,1,0.33735143400000001,0.00033429008000000001,6.7999999999999999e-05,1,4.9160305800000001,2.1209225699999998,2.4512202699999999,1.41521268,0,4.5721428399999997
572.86261000000002,0.00025813663400000002,6.8200000000000004e-05,1,3.7849946399999999,0.00015760197899999999,6.8700000000000003e-05,1,2.2940608299999998,0.00057737658500000004,6.7999999999999999e-05,1,8.4908321299999994,4.8566292000000004,3.2343923800000001,1.86737731,1.6222368199999999,8.0910215799999996
573.44622800000002,0.000394961688,6.8200000000000004e-05,1,5.7912271000000004,8.3624314300000005e-05,6.8700000000000003e-05,1,1.2172389299999999,0.00056912830799999998,6.7999999999999999e-05,1,8.3695339299999993,5.1259999900000004,3.6222543100000002,2.0913094999999999,1.50374568,8.7482542999999993
574.02984600000002,0.00028379312999999998,6.8200000000000004e-05,1,4.1611895900000002,-0.00011488995600000001,6.8700000000000003e-05,1,-1.6723428899999999,0.00039401921199999998,6.7999999999999999e-05,1,5.7944001800000002,2.7610822900000001,3.9253392599999999,2.2662956799999998,0,6.6864215600000003
574.61334199999999,0.000180630124,6.8200000000000004e-05,1,2.6485355400000001,-0.00022831130300000001,6.8700000000000003e-05,1,-3.3233086300000001,0.000145356054,6.7999999999999999e-05,1,2.13758903,0.48760531600000001,3.31022135,1.91115719,0,3.7978266700000001
575.19689900000003,9.1894321199999999e-05,6.8200000000000004e-05,1,1.34742406,-0.00038205361600000001,6.8700000000000003e-05,1,-5.5611880100000004,1.5066555300000001e-05,6.7999999999999999e-05,1,0.22156698999999999,-1.3307323200000001,3.7066770899999999,2.1400510100000001,0,2.3759447699999998
575.78033400000004,-6.6947310399999996e-05,6.8200000000000004e-05,1,-0.98163211800000005,-0.00041933941299999999,6.8700000000000003e-05,1,-6.1039215899999997,-0.000254213079,6.7999999999999999e-05,1,-3.7384276399999998,-3.6079937800000002,2.5636345500000002,1.4801150999999999,0,0
576.36377000000005,-0.00012753144000000001,6.8200000000000004e-05,1,-1.8699624699999999,-0.00038951041999999998,6.8700000000000003e-05,1,-5.6697295499999996,-0.00028464390400000003,6.7999999999999999e-05,1,-4.1859397600000001,-3.9085439200000001,1.91501144,1.1056323699999999,0,0
576.94720500000005,7.00283476e-05,6.8200000000000004e-05,1,1.0268086199999999,-0.000178116883,6.8700000000000003e-05,1,-2.5926766099999998,4.2889941100000001e-05,6.7999999999999999e-05,1,0.63073442800000001,-0.31171119000000003,1.9852760899999999,1.1461996800000001,0,1.6735648999999999
577.53057899999999,0.00036375972900000003,6.8200000000000004e-05,1,5.33372037,0.000200350214,6.8700000000000003e-05,1,2.9163058799999999,0.00029437290500000001,6.7999999999999999e-05,1,4.3290133099999997,4.1930131800000003,1.21443206,0.70115267699999995,2.9785811199999999,5.4074452500000003
578.11389199999996,0.00032351236900000002,6.8200000000000004e-05,1,4.7435831200000003,0.00033360862699999998,6.8700000000000003e-05,1,4.8560207799999997,0.00025962312699999998,6.7999999999999999e-05,1,3.8179871699999999,4.4725303500000004,0.56963202499999999,0.32887720300000001,3.9028983300000002,5.0421623799999997
578.69720500000005,7.3755239899999999e-05,6.8200000000000004e-05,1,1.0814551299999999,0.00023694702900000001,6.8700000000000003e-05,1,3.4490106100000002,0.00020254151999999999,6.7999999999999999e-05,1,2.9785517600000002,2.5030058300000002,1.25337053,0.72363381199999999,1.2496353,3.75637636
579.28045699999996,2.2957986699999999e-05,6.8200000000000004e-05,1,0.33662737100000001,0.00027417084699999999,6.8700000000000003e-05,1,3.99084203,0.00019165252700000001,6.7999999999999999e-05,1,2.81841951,2.38196297,1.8657952499999999,1.0772173899999999,0.51616771800000005,4.2477582199999997
579.86364700000001,9.2503443900000001e-05,6.8200000000000004e-05,1,1.3563554799999999,0.00019563970199999999,6.8700000000000003e-05,1,2.84773948,0.00031555551700000002,6.7999999999999999e-05,1,4.6405222999999998,2.94820576,1.64438682,0.949387176,1.30381893,4.5925925799999998
580.44683799999996,-2.4084615099999999e-05,6.8200000000000004e-05,1,-0.35314684800000001,6.1458321799999998e-05,6.8700000000000003e-05,1,0.89458983700000005,0.00020640563600000001,6.7999999999999999e-05,1,3.035377,1.1922733299999999,1.71376342,0.98944177200000005,0,2.9060367500000002
581.02996800000005,3.0083818299999999e-05,6.8200000000000004e-05,1,0.44111170500000002,-4.7147565799999999e-05,6.8700000000000003e-05,1,-0.68628188899999998,0.00026702528699999999,6.7999999999999999e-05,1,3.92684246,1.22722409,2.4049342199999999,1.38848942,0,3.6321583099999999
581.61309800000004,0.00015347737699999999,6.8200000000000004e-05,1,2.2504014200000002,-9.4743649200000003e-05,6.8700000000000003e-05,1,-1.3790924200000001,0.00025568631299999997,6.7999999999999999e-05,1,3.76009284,1.5438006099999999,2.6414522200000001,1.5250431499999999,0,4.1852528299999996
582.19616699999995,0.00032234950199999999,6.8200000000000004e-05,1,4.7265322799999998,-8.08477872e-06,6.8700000000000003e-05,1,-0.117682369,0.000319086544,6.7999999999999999e-05,1,4.6924491799999997,3.10043303,2.7870217899999998,1.6090877800000001,0.31341124100000001,5.8874548200000003
582.77923599999997,0.000281983427,6.8200000000000004e-05,1,4.1346543499999999,2.34564109e-05,6.8700000000000003e-05,1,0.34143247300000001,0.00039993378899999999,6.7999999999999999e-05,1,5.8813792500000002,3.45248869,2.8322720700000001,1.63521304,0.62021662399999999,6.2847607600000002
583.36224400000003,0.00025779223799999999,6.8200000000000004e-05,1,3.7799448500000001,5.0851469599999997e-05,6.8700000000000003e-05,1,0.74019606400000004,0.00042240673000000002,6.7999999999999999e-05,1,6.2118636800000004,3.5773348600000001,2.7414548600000002,1.5827796999999999,0.83588000600000001,6.3187897199999998
583.94519000000003,0.000223782036,6.8200000000000004e-05,1,3.2812615300000001,0.000136786262,6.8700000000000003e-05,1,1.9910664,0.00036570922100000002,6.7999999999999999e-05,1,5.3780767899999997,3.5501349000000002,1.70943836,0.98694469799999995,1.8406965399999999,5.2595732699999997
584.52813700000002,0.000190595359,6.8200000000000004e-05,1,2.7946533599999999,0.000109569999,6.8700000000000003e-05,1,1.59490537,0.00032160160200000001,6.7999999999999999e-05,1,4.7294353300000003,3.0396646899999999,1.5815632900000001,0.91311598900000002,1.4581014000000001,4.6212279699999996
585.11102300000005,2.4373250200000001e-06,6.8200000000000004e-05,1,0.035737903500000001,9.9586202100000002e-05,6.8700000000000003e-05,1,1.44958082,0.00015616599900000001,6.7999999999999999e-05,1,2.2965588100000001,1.2606258400000001,1.14219341,0.65944566999999998,0.118432437,2.4028192499999999
585.69390899999996,7.2962623300000003e-05,6.8200000000000004e-05,1,1.06983319,0.00016716271299999999,6.8700000000000003e-05,1,2.4332272599999998,0.00014324710400000001,6.7999999999999999e-05,1,2.1065750699999999,1.8698785,0.71184956200000005,0.41098653600000001,1.1580289399999999,2.58172807
586.27673300000004,1.5256989900000001e-05,6.8200000000000004e-05,1,0.22370952999999999,7.9609645499999999e-05,6.8700000000000003e-05,1,1.1588012400000001,4.8050442900000003e-05,6.7999999999999999e-05,1,0.70662416100000003,0.696378312,0.46763004800000002,0.26998633399999999,0.22874826400000001,1.16400836
586.85949700000003,7.1232113099999999e-05,6.8200000000000004e-05,1,1.0444591400000001,0.00012516498199999999,6.8700000000000003e-05,1,1.8219065699999999,0.000143664155,6.7999999999999999e-05,1,2.1127081699999999,1.65969129,0.55229009200000001,0.31886483300000001,1.1074012,2.2119813800000001
587.44226100000003,9.7918090499999998e-05,6.8200000000000004e-05,1,1.43574913,0.00013604673899999999,6.8700000000000003e-05,1,1.9803018800000001,0.000270796559,6.7999999999999999e-05,1,3.9823023399999999,2.4661177799999998,1.3409869999999999,0.77421920499999997,1.1251307800000001,3.80710478
588.02496299999996,0.000176948532,6.8200000000000004e-05,1,2.5945532500000001,0.00016482115199999999,6.8700000000000003e-05,1,2.3991433999999998,0.00026877969600000001,6.7999999999999999e-05,1,3.95264259,2.98211308,0.84616304600000003,0.48853246299999997,2.13595004,3.8282761299999999
588.60766599999999,0.000129454491,6.8200000000000004e-05,1,1.8981596999999999,3.1031049599999999e-05,6.8700000000000003e-05,1,0.451689222,0.00011315021900000001,6.7999999999999999e-05,1,1.6639738100000001,1.3379409099999999,0.77639699699999998,0.44825301499999998,0.56154391199999998,2.1143379100000002
589.19030799999996,0.00010209301900000001,6.8200000000000004e-05,1,1.49696509,8.1080456900000005e-06,6.8700000000000003e-05,1,0.11802104400000001,7.6286050100000003e-05,6.7999999999999999e-05,1,1.1218536800000001,0.91227993799999996,0.71296040400000005,0.41162788099999997,0.19931953399999999,1.62524034
589.77288799999997,6.1509025800000005e-05,6.8200000000000004e-05,1,0.90189187400000004,-6.5268277399999997e-05,6.8700000000000003e-05,1,-0.95004770500000002,3.4704008e-05,6.7999999999999999e-05,1,0.51035305799999997,0.15406574200000001,0.97602537899999997,0.56350851499999999,0,1.1300911199999999
590.35546899999997,0.000211032182,6.8200000000000004e-05,1,3.09431352,1.2421046599999999e-06,6.8700000000000003e-05,1,0.0180801261,0.000107749181,6.7999999999999999e-05,1,1.5845467799999999,1.5656468100000001,1.5382037799999999,0.88808236900000004,0.0274430253,3.10385059
590.93798800000002,0.00013364546,6.8200000000000004e-05,1,1.95961085,-2.82548733e-05,6.8700000000000003e-05,1,-0.41127908699999999,2.0520979200000001e-05,6.7999999999999999e-05,1,0.30177910600000002,0.61670362199999995,1.2164139300000001,0.702296912,0,1.83311756
591.52050799999995,0.000113197735,6.8200000000000004e-05,1,1.6597908299999999,-0.00016068605200000001,6.8700000000000003e-05,1,-2.33895272,-2.1514223699999999e-05,6.7999999999999999e-05,1,-0.31638564299999999,-0.33184917899999999,1.99941663,1.15436373,0,1.66756745
592.10296600000004,0.00014194897999999999,6.8200000000000004e-05,1,2.0813633399999998,-0.000232580725,6.8700000000000003e-05,1,-3.3854545100000002,-4.07232048e-05,6.7999999999999999e-05,1,-0.59887065799999994,-0.63432060700000004,2.7335813299999998,1.57823392,0,2.0992607200000002
592.68542500000001,0.000216558561,6.8200000000000004e-05,1,3.1753454699999999,-0.00027404056899999997,6.8700000000000003e-05,1,-3.98894569,-4.0962469400000001e-05,6.7999999999999999e-05,1,-0.60238925600000004,-0.47199649199999999,3.5839250300000001,2.0691800800000002,0,3.1119285400000001
593.26776099999995,0.00029570885499999999,6.8200000000000004e-05,1,4.3359069699999999,-0.00035172183200000003,6.8700000000000003e-05,1,-5.11967733,-9.5676618700000002e-05,6.7999999999999999e-05,1,-1.4070091,-0.73025981900000003,4.7639805600000003,2.7504854600000002,0,4.0337207399999997
593.85015899999996,0.00024062162900000001,6.8200000000000004e-05,1,3.5281763800000001,-0.00032381382400000001,6.8700000000000003e-05,1,-4.71344721,-0.000117539756,6.7999999999999999e-05,1,-1.72852582,-0.971265551,4.1726696700000003,2.40909196,0,3.2014041199999999
594.43243399999994,0.00020492440099999999,6.8200000000000004e-05,1,3.0047566200000002,-0.000318763709,6.8700000000000003e-05,1,-4.63993754,-0.00019040742099999999,6.7999999999999999e-05,1,-2.8001091300000001,-1.47843002,3.9900456100000001,2.30365391,0,2.5116155899999999
595.014771,0.00026026492400000001,6.8200000000000004e-05,1,3.8162012299999999,-0.000105842069,6.8700000000000003e-05,1,-1.54064147,-0.00021356443999999999,6.7999999999999999e-05,1,-3.1406535299999998,-0.288364591,3.6435703799999999,2.1036163399999999,0,3.3552057899999999
595.59698500000002,0.000225022118,6.8200000000000004e-05,1,3.2994445400000001,7.3326629000000003e-05,6.8700000000000003e-05,1,1.0673454,-0.000215624137,6.7999999999999999e-05,1,-3.17094319,0.398615583,3.2866212199999998,1.8975316499999999,0,3.6852368000000002
596.17919900000004,0.000244214645,6.8200000000000004e-05,1,3.5808599000000001,3.0637603899999999e-05,6.8700000000000003e-05,1,0.445962211,-0.000275777855,6.7999999999999999e-05,1,-4.0555566900000004,-0.0095781941999999991,3.83853519,2.2161793200000002,0,3.82895699
596.76135299999999,0.000217230857,6.8200000000000004e-05,1,3.1852031799999998,1.0403428700000001e-05,6.8700000000000003e-05,1,0.15143273199999999,-0.00030525624400000001,6.7999999999999999e-05,1,-4.4890624099999998,-0.38414216499999998,3.8650638399999999,2.2314956499999998,0,3.4809216699999999
597.34350600000005,0.00025673696800000001,6.8200000000000004e-05,1,3.7644716800000002,-1.9803368700000001e-05,6.8700000000000003e-05,1,-0.28825864200000001,-0.000242749639,6.7999999999999999e-05,1,-3.5698476399999999,-0.031211533900000001,3.6739100200000001,2.1211329399999999,0,3.6426984899999999
597.92559800000004,0.000287423481,6.8200000000000004e-05,1,4.2144205399999999,-7.6617129800000001e-05,6.8700000000000003e-05,1,-1.1152420599999999,-0.00024923297300000002,6.7999999999999999e-05,1,-3.6651907800000001,-0.18867076699999999,4.02069265,2.3213479800000001,0,3.8320218800000001
598.50769000000003,9.4510662400000006e-05,6.8200000000000004e-05,1,1.38578684,-0.00022052803100000001,6.8700000000000003e-05,1,-3.2100149999999998,-0.00033011174300000002,6.7999999999999999e-05,1,-4.8545844599999999,-2.22627087,3.2344045600000002,1.8673843400000001,0,1.00813369
599.08966099999998,-1.60456018e-05,6.8200000000000004e-05,1,-0.235272753,-0.000310591919,6.8700000000000003e-05,1,-4.5209886299999997,-0.00035584288199999998,6.7999999999999999e-05,1,-5.2329835600000001,-3.3297483099999998,2.7034364100000001,1.56082974,0,0
599.67169200000001,9.9195533800000006e-06,6.8200000000000004e-05,1,0.145447997,-0.00020178141800000001,6.8700000000000003e-05,1,-2.9371385499999998,-0.000199690654,6.7999999999999999e-05,1,-2.9366272699999998,-1.90943927,1.7795846,1.0274436499999999,0,0
600.253601,2.1536110900000001e-05,6.8200000000000004e-05,1,0.315778752,-0.00025003675699999999,6.8700000000000003e-05,1,-3.63954522,-3.2641328399999998e-05,6.7999999999999999e-05,1,-0.48001953600000002,-1.2679286700000001,2.0920677599999999,1.20785589,0,0.82413909699999999
600.83557099999996,3.6988350999999999e-05,6.8200000000000004e-05,1,0.54235118800000004,-0.00026494976900000002,6.8700000000000003e-05,1,-3.85661963,5.3113783499999998e-05,6.7999999999999999e-05,1,0.78108505100000003,-0.84439446500000004,2.61139308,1.5076885,0,1.7669986099999999
601.417419,-5.0336440099999997e-06,6.8200000000000004e-05,1,-0.073807097000000002,-0.00028306407100000001,6.8700000000000003e-05,1,-4.12029216,0.00023014256399999999,6.7999999999999999e-05,1,3.3844494699999998,-0.26988326099999999,3.7562110099999999,2.1686494399999998,0,3.4863277500000001
601.99926800000003,-5.5233360400000002e-05,6.8200000000000004e-05,1,-0.80987332000000001,-0.00022775612899999999,6.8700000000000003e-05,1,-3.3152274899999998,0.00028567321099999998,6.7999999999999999e-05,1,4.2010766400000001,0.025325275299999998,3.8271235199999998,2.2095908,0,3.8524487999999999
602.58105499999999,3.4730455300000001e-05,6.8200000000000004e-05,1,0.509244213,-0.000142950136,6.8700000000000003e-05,1,-2.0807880000000001,0.000309205545,6.7999999999999999e-05,1,4.5471403700000002,0.99186552699999997,3.34021722,1.9284753100000001,0,4.3320827499999996
603.16284199999996,0.000105778687,6.8200000000000004e-05,1,1.55100715,-8.2108973200000006e-05,6.8700000000000003e-05,1,-1.19518156,0.00024490458000000001,6.7999999999999999e-05,1,3.60153794,1.3191211700000001,2.4067525500000002,1.38953923,0,3.7258737200000001
603.74456799999996,0.00013726836499999999,6.8200000000000004e-05,1,2.01273262,-0.00010460689,6.8700000000000003e-05,1,-1.5226621600000001,9.8630922600000001e-05,6.7999999999999999e-05,1,1.4504547400000001,0.64684173599999994,1.8997630000000001,1.09682868,0,2.5466047299999999
604.32629399999996,0.00030093796800000002,6.8200000000000004e-05,1,4.41258018,2.9308715499999998e-05,6.8700000000000003e-05,1,0.42661885799999999,8.6921253599999998e-05,6.7999999999999999e-05,1,1.2782537300000001,2.03915092,2.09909393,1.2119124400000001,0,4.1382448500000004
604.90795900000001,0.00033402012199999998,6.8200000000000004e-05,1,4.8976557400000003,-0.000129813311,6.8700000000000003e-05,1,-1.8895678499999999,-6.2749103600000003e-05,6.7999999999999999e-05,1,-0.92278093500000002,0.69510232100000002,3.6714793600000002,2.1197295999999999,0,4.3665816800000004
605.48956299999998,0.00029326201500000002,6.8200000000000004e-05,1,4.3000295499999996,-0.00018567608699999999,6.8700000000000003e-05,1,-2.7027086900000001,-0.00014856286000000001,6.7999999999999999e-05,1,-2.1847479399999998,-0.195809025,3.9021140700000001,2.25288661,0,3.7063050400000002
606.07116699999995,0.000120211231,6.8200000000000004e-05,1,1.76262802,-0.00025782617200000003,6.8700000000000003e-05,1,-3.75292827,-0.00012233656299999999,6.7999999999999999e-05,1,-1.79906711,-1.26312245,2.79656357,1.6145967299999999,0,1.53344112
606.65270999999996,-6.05580026e-05,6.8200000000000004e-05,1,-0.88794725200000002,-0.00024798199400000002,6.8700000000000003e-05,1,-3.6096360199999999,-0.00012220735899999999,6.7999999999999999e-05,1,-1.7971670500000001,-2.0982501099999999,1.3855994,0.79997618400000003,0,0
607.23419200000001,-8.3731378499999994e-05,6.8200000000000004e-05,1,-1.2277328199999999,-0.000178850429,6.8700000000000003e-05,1,-2.60335413,-7.0046403600000005e-05,6.7999999999999999e-05,1,-1.0300941699999999,-1.6203937100000001,0.856985212,0.49478064300000002,0,0
607.81567399999994,-0.00019961024100000001,6.8200000000000004e-05,1,-2.9268363800000001,-0.00015847986299999999,6.8700000000000003e-05,1,-2.3068393399999998,-9.9489918100000005e-05,6.7999999999999999e-05,1,-1.4630870300000001,-2.23225425,0.73471949599999997,0.424190499,0,0
608.39709500000004,-0.00031092394600000002,6.8200000000000004e-05,1,-4.5590021399999996,-0.00024860458800000002,6.8700000000000003e-05,1,-3.6186985100000002,-0.00023006367999999999,6.7999999999999999e-05,1,-3.3832894200000001,-3.8536633600000001,0.62207833700000004,0.35915709499999998,0,0
608.97851600000001,-0.000223200605,6.8200000000000004e-05,1,-3.2727361400000001,-0.00015472961599999999,6.8700000000000003e-05,1,-2.2522505900000001,-0.00020087328999999999,6.7999999999999999e-05,1,-2.9540189699999999,-2.8263352300000002,0.52208719400000003,0.30142718200000002,0,0
609.55987500000003,-0.000160171541,6.8200000000000004e-05,1,-2.3485563200000001,-0.000183806702,6.8700000000000003e-05,1,-2.6754978399999998,-0.00030009424000000001,6.7999999999999999e-05,1,-4.4131505799999999,-3.1457349200000002,1.10972048,0.64069741899999999,0,0
610.14117399999998,5.3804230500000002e-05,6.8200000000000004e-05,1,0.78891833499999997,-6.1669618099999997e-05,6.8700000000000003e-05,1,-0.89766547399999996,-0.000231363515,6.7999999999999999e-05,1,-3.4024046299999999,-1.1703839199999999,2.1089283000000001,1.21759032,0,0.93854437400000001
610.72247300000004,7.2161796000000007e-05,6.8200000000000004e-05,1,1.0580908499999999,-0.00013357080800000001,6.8700000000000003e-05,1,-1.9442621200000001,-0.00026539787599999998,6.7999999999999999e-05,1,-3.9029099399999998,-1.5963604,2.4987314600000001,1.44264328,0,0.90237105699999998
611.30377199999998,0.000216286168,6.8200000000000004e-05,1,3.17135144,3.6689142599999999e-05,6.8700000000000003e-05,1,0.53404865499999998,-0.00010731403799999999,6.7999999999999999e-05,1,-1.57814762,0.70908415599999997,2.3795826099999999,1.3738526600000001,0,3.0886667700000001
611.88494900000001,0.00016341795700000001,6.8200000000000004e-05,1,2.3961577300000001,2.60324893e-05,6.8700000000000003e-05,1,0.378929976,-0.00014400601999999999,6.7999999999999999e-05,1,-2.1177355900000001,0.219117373,2.2611862600000001,1.3054964899999999,0,2.4803036299999999
612.46612500000003,0.00014447137399999999,6.8200000000000004e-05,1,2.1183485900000001,2.83764669e-05,6.8700000000000003e-05,1,0.41304900900000002,-9.0448236800000004e-05,6.7999999999999999e-05,1,-1.33012113,0.40042549100000002,1.72426952,0.99550746999999995,0,2.1246950099999999
613.04730199999995,0.00017874117999999999,6.8200000000000004e-05,1,2.6208384200000001,6.2889943600000003e-05,6.8700000000000003e-05,1,0.91542858199999999,-3.4272951800000001e-05,6.7999999999999999e-05,1,-0.50401399700000005,1.010751,1.56460552,0.90332541700000002,0,2.5753565200000001
613.62841800000001,0.00024353677799999999,6.8200000000000004e-05,1,3.5709204899999998,0.000189789569,6.8700000000000003e-05,1,2.7625847000000001,3.9615563600000002e-05,6.7999999999999999e-05,1,0.582581817,2.3053623399999998,1.5457461699999999,0.89243696900000002,0.75961616499999995,3.85110851
614.209473,0.000370663209,6.8200000000000004e-05,1,5.4349444199999999,0.00017527614100000001,6.8700000000000003e-05,1,2.55132665,6.0944133999999998e-05,6.7999999999999999e-05,1,0.89623726500000001,2.9608361099999998,2.29689772,1.32611452,0.66393838900000002,5.2577338300000003
614.79046600000004,0.00053436152999999996,6.8200000000000004e-05,1,7.8352130400000002,0.000166797495,6.8700000000000003e-05,1,2.42791113,0.000145149941,6.7999999999999999e-05,1,2.13455796,4.1325607099999999,3.20994388,1.8532619699999999,0.92261682599999995,7.3425045999999998
615.37152100000003,0.00052221799499999999,6.8200000000000004e-05,1,7.65715536,3.9011914500000001e-05,6.8700000000000003e-05,1,0.56785901699999997,2.1532304400000001e-05,6.7999999999999999e-05,1,0.31665153499999998,2.8472219700000001,4.1674177500000003,2.4060597600000002,0,7.0146397199999999
615.95245399999999,0.00049444188400000002,6.8200000000000004e-05,1,7.2498810000000002,6.8372442799999997e-05,6.8700000000000003e-05,1,0.99523206399999997,-6.2712317399999997e-06,6.7999999999999999e-05,1,-0.092223996099999997,2.7176296899999999,3.9625265399999998,2.28776577,0,6.6801562299999997
616.53338599999995,0.00039589823,6.8200000000000004e-05,1,5.8049593899999996,-3.0683082099999998e-06,6.8700000000000003e-05,1,-0.044662419299999999,-0.000122067491,6.7999999999999999e-05,1,-1.7951101599999999,1.3217289400000001,3.9800167399999999,2.2978637399999999,0,5.3017456799999998
617.11425799999995,0.00036032131700000002,6.8200000000000004e-05,1,5.2833037699999998,-5.9773295000000002e-06,6.8700000000000003e-05,1,-0.087006251800000003,-5.7934509900000001e-05,6.7999999999999999e-05,1,-0.851978087,1.4481064800000001,3.3433290599999999,1.93027193,0,4.7914355400000002
617.69506799999999,0.00020462022900000001,6.8200000000000004e-05,1,3.0002966099999999,-2.69301215e-05,6.8700000000000003e-05,1,-0.39199594700000001,-1.1078670900000001e-06,6.7999999999999999e-05,1,-0.0162921631,0.86400283499999997,1.85959718,1.07363893,0,2.7236000100000002
618.27587900000003,-1.3650836600000001e-06,6.8200000000000004e-05,1,-0.0200158894,-3.3904716799999997e-05,6.8700000000000003e-05,1,-0.49351844,-0.000102573372,6.7999999999999999e-05,1,-1.5084319399999999,-0.67398875499999999,0.76044245899999996,0.439041658,0,0.086453703500000006
618.85668899999996,-0.000115475753,6.8200000000000004e-05,1,-1.6931928599999999,-9.7326299899999999e-05,6.8700000000000003e-05,1,-1.4166855899999999,-0.00012126479099999999,6.7999999999999999e-05,1,-1.78330576,-1.6310614000000001,0.191044041,0.110299328,0,0
619.43743900000004,-0.00022733081400000001,6.8200000000000004e-05,1,-3.3332964,-0.000142057274,6.8700000000000003e-05,1,-2.06779147,-0.00013800540900000001,6.7999999999999999e-05,1,-2.02949131,-2.4768597200000002,0.74194309400000003,0.428361045,0,0
620.01812700000005,-0.00026509090500000001,6.8200000000000004e-05,1,-3.8869634199999998,-9.8144315500000001e-05,6.8700000000000003e-05,1,-1.4285926600000001,-0.000194577843,6.7999999999999999e-05,1,-2.8614388599999998,-2.7256649799999999,1.23479659,0.712910143,0,0
620.59875499999998,-0.00037120057400000001,6.8200000000000004e-05,1,-5.4428236600000002,-0.00016010741500000001,6.8700000000000003e-05,1,-2.3305300600000001,-0.00032753346899999999,6.7999999999999999e-05,1,-4.8166686700000003,-4.1966741299999999,1.64617368,0.95041881800000005,0,0
621.17938200000003,-0.00035436781200000003,6.8200000000000004e-05,1,-5.1960089800000002,-0.000226643592,6.8700000000000003e-05,1,-3.2990333700000001,-0.00024390786199999999,6.7999999999999999e-05,1,-3.5868803200000001,-4.0273075499999997,1.0223068200000001,0.59022911499999997,0,0
621.76000999999997,-0.00036563215499999999,6.8200000000000004e-05,1,-5.3611753000000002,-0.00021991414300000001,6.8700000000000003e-05,1,-3.2010792299999999,-0.000157843891,6.7999999999999999e-05,1,-2.3212336900000001,-3.6278294099999999,1.56425638,0.90312384300000004,0,0
622.34051499999998,-0.00036856872399999998,6.8200000000000004e-05,1,-5.4042334900000002,-0.000176304329,6.8700000000000003e-05,1,-2.5662929999999999,-6.5472303500000006e-05,6.7999999999999999e-05,1,-0.96282799299999999,-2.97778483,2.24911423,1.29852671,0,0
622.921021,-0.000337636975,6.8200000000000004e-05,1,-4.9506887800000001,-0.000199068277,6.8700000000000003e-05,1,-2.8976459600000002,-8.1004691999999999e-05,6.7999999999999999e-05,1,-1.1912454699999999,-3.0131934,1.88238331,1.08679451,0,0
623.50152600000001,-0.00026966215900000001,6.8200000000000004e-05,1,-3.9539906,-0.00011141020000000001,6.8700000000000003e-05,1,-1.6216914099999999,-4.0230331600000001e-05,6.7999999999999999e-05,1,-0.59162252400000004,-2.0557681799999998,1.7227004299999999,0.99460155500000003,0,0
624.08196999999996,-0.00022835532200000001,6.8200000000000004e-05,1,-3.3483185099999999,3.5706787800000001e-06,6.8700000000000003e-05,1,0.0519749459,2.4227035199999999e-05,6.7999999999999999e-05,1,0.35627993000000002,-0.98002121200000003,2.0566415500000002,1.1874025500000001,0,1.0766203400000001
624.66235400000005,-0.00018378465300000001,6.8200000000000004e-05,1,-2.6947896299999998,1.3611248599999999e-06,6.8700000000000003e-05,1,0.019812588900000001,2.2680900200000002e-05,6.7999999999999999e-05,1,0.33354265,-0.78047812999999999,1.66524714,0.96143088200000004,0,0.88476900599999997
625.24273700000003,-0.00023142785199999999,6.8200000000000004e-05,1,-3.3933702700000001,1.6171745300000001e-06,6.8700000000000003e-05,1,0.0235396584,5.5890355700000001e-05,6.7999999999999999e-05,1,0.82191699600000001,-0.84930453699999997,2.2390967900000001,1.2927431300000001,0,1.38979225
625.82305899999994,-0.00013912338,6.8200000000000004e-05,1,-2.0399322600000001,6.2924857399999993e-05,6.8700000000000003e-05,1,0.91593678899999997,0.00023445491000000001,6.7999999999999999e-05,1,3.4478663200000002,0.77462361599999996,2.74662709,1.58576589,0,3.5212507099999999
626.40332000000001,-8.0733852700000006e-05,6.8200000000000004e-05,1,-1.1837808299999999,0.0002204858,6.8700000000000003e-05,1,3.20940029,0.00028834245200000001,6.7999999999999999e-05,1,4.2403301799999999,2.0886498800000002,2.8805044999999998,1.6630600499999999,0,4.96915438
626.98358199999996,-1.0107456200000001e-05,6.8200000000000004e-05,1,-0.14820317,0.00038419543000000001,6.8700000000000003e-05,1,5.5923643399999996,0.000337317491,6.7999999999999999e-05,1,4.9605513400000003,3.4682374999999999,3.1478213500000001,1.8173955100000001,0.32041615000000001,6.6160588599999999
627.56378199999995,7.8742689799999997e-05,6.8200000000000004e-05,1,1.15458489,0.00044719049999999999,6.8700000000000003e-05,1,6.5093231400000002,0.00028997149500000001,6.7999999999999999e-05,1,4.2642866899999996,3.9760649099999998,2.6889792199999998,1.5524828799999999,1.2870856799999999,6.6650441300000001
628.14398200000005,0.00016686775400000001,6.8200000000000004e-05,1,2.44674126,0.00052274196200000002,6.8700000000000003e-05,1,7.6090533000000002,0.00016676043199999999,6.7999999999999999e-05,1,2.45235929,4.1693846199999998,2.9788417800000002,1.7198351000000001,1.1905428300000001,7.1482264000000004
628.72412099999997,0.00020542542099999999,6.8200000000000004e-05,1,3.0121029400000001,0.00044963907199999998,6.8700000000000003e-05,1,6.5449646599999998,5.28164802e-05,6.7999999999999999e-05,1,0.77671294499999999,3.4445935099999998,2.9083445499999998,1.67913351,0.53624896399999999,6.3529380599999996
629.30419900000004,0.000163172748,6.8200000000000004e-05,1,2.3925622799999999,0.00016837887299999999,6.8700000000000003e-05,1,2.4509297399999999,-0.00016786336899999999,6.7999999999999999e-05,1,-2.4685789499999999,0.79163769100000003,2.8235812600000001,1.6301954000000001,0,3.61521895
629.884277,9.4154454700000003e-05,6.8200000000000004e-05,1,1.3805638499999999,1.51228587e-05,6.8700000000000003e-05,1,0.22012894799999999,-0.00025700283200000003,6.7999999999999999e-05,1,-3.7794534099999999,-0.72625353599999998,2.7070601000000001,1.56292188,0,1.98080656
630.464294,9.5655591300000003e-05,6.8200000000000004e-05,1,1.40257465,-0.00013108535600000001,6.8700000000000003e-05,1,-1.9080837900000001,-0.000196272561,6.7999999999999999e-05,1,-2.8863611900000001,-1.1306234399999999,2.2476823800000001,1.2977000299999999,0,1.1170589399999999
631.04425000000003,3.6809164599999998e-05,6.8200000000000004e-05,1,0.53972382100000005,-0.00021354920000000001,6.8700000000000003e-05,1,-3.1084308599999999,-0.00025794719000000002,6.7999999999999999e-05,1,-3.7933410300000001,-2.1206826900000002,2.32929122,1.34481691,0,0.20860852899999999
631.62420699999996,-3.04747337e-05,6.8200000000000004e-05,1,-0.44684360299999998,-0.00018766091,6.8700000000000003e-05,1,-2.7315998600000002,-0.00029312408999999999,6.7999999999999999e-05,1,-4.3106483799999999,-2.4963639500000001,1.9426139099999999,1.1215686600000001,0,0
632.20416299999999,3.2241852400000002e-05,6.8200000000000004e-05,1,0.47275443299999997,1.5347740600000001e-05,6.8700000000000003e-05,1,0.22340233800000001,-0.00020404641399999999,6.7999999999999999e-05,1,-3.00068256,-0.76817526199999997,1.9374237400000001,1.1185721200000001,0,1.1692484700000001
632.783997,5.7941169000000002e-05,6.8200000000000004e-05,1,0.84957725699999997,0.00012117089199999999,6.8700000000000003e-05,1,1.76376844,-8.4775173000000001e-05,6.7999999999999999e-05,1,-1.2466937199999999,0.455550658,1.54342584,0.89109732399999997,0,1.9989764999999999
633.363831,4.7013246200000001e-06,6.8200000000000004e-05,1,0.068934378599999999,1.7202492800000001e-05,6.8700000000000003e-05,1,0.25040018600000002,-0.000161787214,6.7999999999999999e-05,1,-2.3792237300000001,-0.68662972200000005,1.4686348499999999,0.84791672500000004,0,0.78200512700000002
633.94366500000001,-1.96138161e-06,6.8200000000000004e-05,1,-0.0287592612,-0.00016276093599999999,6.8700000000000003e-05,1,-2.3691548099999999,-0.00024167256799999999,6.7999999999999999e-05,1,-3.5540083600000001,-1.9839741500000001,1.79391148,1.03571528,0,0
634.52337599999998,-4.6860812599999999e-05,6.8200000000000004e-05,1,-0.68710868800000002,-0.00030761494600000001,6.8700000000000003e-05,1,-4.4776556999999997,-0.00031566536900000001,6.7999999999999999e-05,1,-4.6421377899999996,-3.2689673899999998,2.2374671699999999,1.29180228,0,0
635.10314900000003,-6.36214506e-05,6.8200000000000004e-05,1,-0.93286584400000006,-0.00044503134200000002,6.8700000000000003e-05,1,-6.4778943499999997,-0.000341727868,6.7999999999999999e-05,1,-5.0254098300000001,-4.1453900099999998,2.8753541399999998,1.6600864900000001,0,0
635.68280000000004,-2.9207272699999999e-06,6.8200000000000004e-05,1,-0.042825913,-0.00039219030099999999,6.8700000000000003e-05,1,-5.7087380100000003,-0.00039424083799999998,6.7999999999999999e-05,1,-5.7976593799999998,-3.8497411000000001,3.29718504,1.9036306700000001,0,0
636.26245100000006,9.9782378799999995e-05,6.8200000000000004e-05,1,1.4630847300000001,-0.000267714829,6.8700000000000003e-05,1,-3.8968679700000002,-0.00017904645199999999,6.7999999999999999e-05,1,-2.6330360599999998,-1.68893976,2.8019210600000002,1.6176898799999999,0,1.11298129
636.84204099999999,0.000221356875,6.8200000000000004e-05,1,3.2457019699999998,-1.57341772e-05,6.8700000000000003e-05,1,-0.229027325,4.3134827399999999e-05,6.7999999999999999e-05,1,0.634335698,1.21700345,1.80916064,1.0445193800000001,0,3.02616408
637.42163100000005,0.00013158269899999999,6.8200000000000004e-05,1,1.92936508,1.0206829299999999e-06,6.8700000000000003e-05,1,0.014857102299999999,0.000152161269,6.7999999999999999e-05,1,2.2376657199999999,1.39396264,1.2042472200000001,0.69527245900000001,0.189715412,2.5982098599999999
638.00116000000003,7.7655403699999998e-05,6.8200000000000004e-05,1,1.13864228,-6.6697391199999995e-05,6.8700000000000003e-05,1,-0.97084994499999999,7.4723954399999999e-05,6.7999999999999999e-05,1,1.0988816800000001,0.42222467400000002,1.2066018000000001,0.69663187199999999,0,1.6288264699999999
638.58068800000001,9.7641127799999996e-06,6.8200000000000004e-05,1,0.14316880900000001,-0.00015144070699999999,6.8700000000000003e-05,1,-2.2043770999999999,-5.8486122100000001e-05,6.7999999999999999e-05,1,-0.86009003100000003,-0.97376610900000005,1.1778941599999999,0.68005750799999998,0,0.20412804700000001
639.16015600000003,-0.00014192977900000001,6.8200000000000004e-05,1,-2.0810818000000002,-0.000201067857,6.8700000000000003e-05,1,-2.9267519100000001,-0.00031408463299999997,6.7999999999999999e-05,1,-4.6188916500000001,-3.20890846,1.2922186200000001,0.74606276599999999,0,0
639.73956299999998,-0.00020319115,6.8200000000000004e-05,1,-2.9793423699999999,-0.000104576095,6.8700000000000003e-05,1,-1.5222138999999999,-0.00041332186,6.7999999999999999e-05,1,-6.0782626400000002,-3.52660631,2.3268043299999999,1.3433811099999999,0,0
640.31890899999996,-0.000199680085,6.8200000000000004e-05,1,-2.92786049,0.00011484826,6.8700000000000003e-05,1,1.67173595,-0.00028548120400000002,6.7999999999999999e-05,1,-4.1982530000000002,-1.8181258499999999,3.0883370600000002,1.78305223,0,1.27021121
640.89825399999995,-0.00014499333700000001,6.8200000000000004e-05,1,-2.12600202,0.00030626820599999999,6.8700000000000003e-05,1,4.4580525,-2.7941953799999999e-05,6.7999999999999999e-05,1,-0.41091108599999998,0.640379798,3.4156043199999999,1.97200007,0,4.0559841099999998
641.47760000000005,-5.9549655099999999e-05,6.8200000000000004e-05,1,-0.87316209899999997,0.00044140179599999997,6.8700000000000003e-05,1,6.4250625299999999,9.8313329399999998e-05,6.7999999999999999e-05,1,1.4457842599999999,2.3325615599999998,3.7290482900000002,2.1529670400000001,0,6.06160985
642.05688499999997,-5.1173107399999999e-05,6.8200000000000004e-05,1,-0.75033881800000002,0.00033515478999999998,6.8700000000000003e-05,1,4.8785267899999996,0.000192773179,6.7999999999999999e-05,1,2.8348996899999999,2.3210292199999998,2.8493997900000001,1.6451017299999999,0,5.1704290000000004
642.63610800000004,-8.8309328999999997e-07,6.8200000000000004e-05,1,-0.012948582,0.00030025173500000001,6.8700000000000003e-05,1,4.3704764899999997,0.00026636495099999999,6.7999999999999999e-05,1,3.9171316300000001,2.7582198500000001,2.4105831700000002,1.39175084,0.34763667399999998,5.1688030200000004
643.21527100000003,-7.3137115399999996e-05,6.8200000000000004e-05,1,-1.0723917199999999,0.00017300453700000001,6.8700000000000003e-05,1,2.5182611000000001,0.00026327171999999998,6.7999999999999999e-05,1,3.8716429400000001,1.7725041100000001,2.55499213,1.4751254,0,4.3274962400000003
643.79443400000002,-0.000158141709,6.8200000000000004e-05,1,-2.3187933900000002,0.00012750247600000001,6.8700000000000003e-05,1,1.8559312400000001,0.000229186762,6.7999999999999999e-05,1,3.3703935600000001,0.96917713400000005,2.94643202,1.70112332,0,3.9156091599999998
644.37353499999995,-0.00025366527300000003,6.8200000000000004e-05,1,-3.7194321600000002,0.000126830375,6.8700000000000003e-05,1,1.8461481099999999,0.00029934667799999998,6.7999999999999999e-05,1,4.4021570299999997,0.84295766000000005,4.15269142,2.3975575099999999,0,4.9956490799999997
644.95263699999998,-0.00032016759000000003,6.8200000000000004e-05,1,-4.6945394399999998,9.7555413699999994e-05,6.8700000000000003e-05,1,1.4200205800000001,0.00029472720699999998,6.7999999999999999e-05,1,4.3342236300000003,0.35323492499999998,4.6079457899999996,2.6603987400000002,0,4.9611807099999998
645.53167699999995,-0.00039555203799999998,6.8200000000000004e-05,1,-5.7998832599999997,9.2151102000000005e-05,6.8700000000000003e-05,1,1.3413552,0.00029795674699999999,6.7999999999999999e-05,1,4.38171686,-0.025603733300000001,5.2266315900000002,3.0175971599999998,0,5.2010278599999999
646.11065699999995,-0.00035312625999999998,6.8200000000000004e-05,1,-5.1778044100000002,0.00015442364499999999,6.8700000000000003e-05,1,2.2477968599999998,0.00025574606600000001,6.7999999999999999e-05,1,3.7609715600000002,0.27698800600000001,4.7841921599999999,2.7621546299999999,0,5.0611801600000001
646.68963599999995,-0.00039559324300000002,6.8200000000000004e-05,1,-5.8004874400000004,0.00019155694699999999,6.8700000000000003e-05,1,2.7883107300000001,0.00024008755099999999,6.7999999999999999e-05,1,3.5306992799999999,0.17284085499999999,5.18635453,2.9943431899999999,0,5.35919539
647.26855499999999,-0.00022405110900000001,6.8200000000000004e-05,1,-3.2852068800000001,0.000341635357,6.8700000000000003e-05,1,4.9728581800000002,0.00029877908399999998,6.7999999999999999e-05,1,4.3938100599999999,2.0271537799999999,4.60974035,2.6614348300000001,0,6.6368941299999999
647.84747300000004,1.3995490400000001e-05,6.8200000000000004e-05,1,0.20521246900000001,0.000419735589,6.8700000000000003e-05,1,6.1096883399999999,0.00045348713599999998,6.7999999999999999e-05,1,6.66892847,4.3279430899999998,3.5813221400000002,2.0676773000000002,0.74662095799999995,7.9092652299999999
648.426331,0.00017427827099999999,6.8200000000000004e-05,1,2.55539988,0.00040562211699999998,6.8700000000000003e-05,1,5.9042520600000001,0.00047407477200000001,6.7999999999999999e-05,1,6.9716878299999996,5.1437799200000001,2.30426522,1.33036815,2.8395147000000001,7.4480451399999996
649.00512700000002,0.000245638586,6.8200000000000004e-05,1,3.6017388000000001,0.00037214623000000001,6.8700000000000003e-05,1,5.4169756900000001,0.00046242921799999998,6.7999999999999999e-05,1,6.8004296799999997,5.2730480599999998,1.60419519,0.92618252400000001,3.6688528699999998,6.8772432500000003
649.58392300000003,0.00035308487100000003,6.8200000000000004e-05,1,5.17719752,0.000307696865,6.8700000000000003e-05,1,4.4788481100000004,0.00044878652600000002,6.7999999999999999e-05,1,6.5998018500000004,5.4186158300000002,1.08089005,0.62405215999999997,4.3377257800000004,6.4995058800000001
650.16265899999996,0.00031082899899999999,6.8200000000000004e-05,1,4.5576099499999998,0.00019216033000000001,6.8700000000000003e-05,1,2.7970935899999998,0.00042647001700000001,6.7999999999999999e-05,1,6.2716178899999999,4.5421071499999996,1.7373140300000001,1.0030387199999999,2.8047931199999998,6.27942117
650.74133300000005,0.00020628446300000001,6.8200000000000004e-05,1,3.02469886,0.00017034839299999999,6.8700000000000003e-05,1,2.4795981500000002,0.00018818343599999999,6.7999999999999999e-05,1,2.7674034700000001,2.75723349,0.27269262500000002,0.15743915999999999,2.48454087,3.0299261199999998
651.32000700000003,-0.00016671055700000001,6.8200000000000004e-05,1,-2.4444363199999999,8.4222255500000003e-05,6.8700000000000003e-05,1,1.2259425799999999,-1.5896322199999999e-05,6.7999999999999999e-05,1,-0.23376944399999999,-0.48408772700000002,1.8479487999999999,1.0669137399999999,0,1.36386107
651.89862100000005,-0.00034859113399999999,6.8200000000000004e-05,1,-5.1113069400000004,-8.35637008e-06,6.8700000000000003e-05,1,-0.121635663,-0.00018635612400000001,6.7999999999999999e-05,1,-2.7405312300000002,-2.65782461,2.4958636099999998,1.4409875299999999,0,0
652.47723399999995,-0.00031149399199999997,6.8200000000000004e-05,1,-4.5673605899999998,-4.7228541599999999e-05,6.8700000000000003e-05,1,-0.68746057699999996,-0.00018386377300000001,6.7999999999999999e-05,1,-2.70387902,-2.6529000599999999,1.94045231,1.12032066,0,0
653.05572500000005,-0.00034053958699999999,6.8200000000000004e-05,1,-4.99324908,-0.00025277753999999999,6.8700000000000003e-05,1,-3.6794401799999998,-0.00026905546300000003,6.7999999999999999e-05,1,-3.9566979799999999,-4.2097957499999996,0.69250798999999996,0.39981967400000001,0,0
653.634277,-0.00027530818300000001,6.8200000000000004e-05,1,-4.0367768799999997,-0.00026681451900000002,6.8700000000000003e-05,1,-3.88376301,-0.00027269361100000001,6.7999999999999999e-05,1,-4.0102001700000001,-3.9769133600000002,0.081757691100000002,0.047202824900000002,0,0
654.21270800000002,-1.63759317e-05,6.8200000000000004e-05,1,-0.2401163,-0.00024443771,6.8700000000000003e-05,1,-3.55804527,-9.8585513600000005e-05,6.7999999999999999e-05,1,-1.44978696,-1.7493161800000001,1.6791222400000001,0.969441675,0,0
654.79113800000005,0.00025114619900000002,6.8200000000000004e-05,1,3.6824955899999998,-0.00020207145400000001,6.8700000000000003e-05,1,-2.9413603199999998,3.5782761499999997e-05,6.7999999999999999e-05,1,0.52621708099999998,0.42245078400000002,3.3131468900000001,1.9128462500000001,0,3.7355976800000001
655.36956799999996,0.00030970701900000003,6.8200000000000004e-05,1,4.5411586399999999,-6.4254161200000002e-05,6.8700000000000003e-05,1,-0.93528619000000002,-3.1209450599999999e-05,6.7999999999999999e-05,1,-0.45896250900000002,1.0489699800000001,3.03368708,1.75150005,0,4.0826570599999998
655.94787599999995,0.000108006151,6.8200000000000004e-05,1,1.58366791,-6.5101789800000003e-05,6.8700000000000003e-05,1,-0.94762430600000003,-0.000109848047,6.7999999999999999e-05,1,-1.6154124599999999,-0.32645628599999998,1.68757698,0.97432302500000001,0,1.3611207000000001
656.52624500000002,-7.2625859100000005e-05,6.8200000000000004e-05,1,-1.0648952899999999,-0.000104599445,6.8700000000000003e-05,1,-1.52255378,-0.000175127587,6.7999999999999999e-05,1,-2.5754056900000002,-1.7209515900000001,0.77455257099999997,0.44718813499999999,0,0
657.10449200000005,-6.3011199999999997e-05,6.8200000000000004e-05,1,-0.92391788799999996,-0.00011851482200000001,6.8700000000000003e-05,1,-1.7251065800000001,-0.00033021336100000001,6.7999999999999999e-05,1,-4.8560788400000003,-2.5017011,2.0779308799999998,1.1996939499999999,0,0
657.68273899999997,-1.390495e-05,6.8200000000000004e-05,1,-0.20388489700000001,-0.00020423005399999999,6.8700000000000003e-05,1,-2.97278099,-0.00036844316900000001,6.7999999999999999e-05,1,-5.4182819000000002,-2.8649825899999999,2.6088693699999999,1.5062314299999999,0,0
658.26092500000004,0.000111847953,6.8200000000000004e-05,1,1.63999932,-9.7133147999999998e-05,6.8700000000000003e-05,1,-1.4138740599999999,-0.00029410373299999998,6.7999999999999999e-05,1,-4.3250548999999996,-1.36630988,2.9828115400000002,1.7221270500000001,0,1.61650166
658.839111,0.00030048467199999998,6.8200000000000004e-05,1,4.4059336,2.4973700699999999e-05,6.8700000000000003e-05,1,0.36351820499999998,-0.00014868491,6.7999999999999999e-05,1,-2.1865427899999998,0.86096967000000002,3.3242713099999999,1.9192689300000001,0,4.1852409799999997
659.417236,0.00038963504700000002,6.8200000000000004e-05,1,5.7131238499999997,4.7427991000000003e-05,6.8700000000000003e-05,1,0.69036377100000001,-0.00012243783799999999,6.7999999999999999e-05,1,-1.80055644,1.5343104000000001,3.8272747900000001,2.2096781299999999,0,5.3615851799999996
659.99530000000004,0.00033334101099999998,6.8200000000000004e-05,1,4.8876981099999997,0.000142353559,6.8700000000000003e-05,1,2.07210421,-9.9404653500000003e-05,6.7999999999999999e-05,1,-1.46183314,1.8326564000000001,3.1815308,1.8368576599999999,0,5.0141871900000003
660.57336399999997,0.000188577663,6.8200000000000004e-05,1,2.7650683699999998,0.00012489065600000001,6.8700000000000003e-05,1,1.8179134800000001,-9.9571963499999998e-05,6.7999999999999999e-05,1,-1.4642935800000001,1.03956275,2.2195152600000001,1.2814377400000001,0,3.25907802
661.15136700000005,5.6938469099999997e-05,6.8200000000000004e-05,1,0.83487491300000005,7.6926487200000004e-05,6.8700000000000003e-05,1,1.1197450799999999,-3.9960103799999998e-05,6.7999999999999999e-05,1,-0.58764858600000003,0.45565713699999999,0.914687311,0.52809496499999997,0,1.3703444499999999
661.72930899999994,5.5669735500000002e-06,6.8200000000000004e-05,1,0.081627178100000003,-3.7310620799999998e-06,6.8700000000000003e-05,1,-0.054309491699999997,-8.1394385099999998e-05,6.7999999999999999e-05,1,-1.1969762500000001,-0.38988618800000002,0.70225741100000005,0.40544850599999999,0,0.31237122299999998
662.30725099999995,8.2314648600000001e-05,6.8200000000000004e-05,1,1.2069596600000001,9.3602003300000006e-05,6.8700000000000003e-05,1,1.36247458,6.9546809500000006e-05,6.7999999999999999e-05,1,1.0227472,1.1973938099999999,0.17006557999999999,0.098187408700000006,1.02732823,1.3674593900000001
662.885132,0.00016696050300000001,6.8200000000000004e-05,1,2.4481012199999999,0.00024880152100000002,6.8700000000000003e-05,1,3.6215650899999998,0.00016913157900000001,6.7999999999999999e-05,1,2.4872291,2.85229847,0.66649163300000003,0.38479912399999999,2.1858068300000002,3.5187900999999999
663.46301300000005,0.00014766011400000001,6.8200000000000004e-05,1,2.1651042999999999,0.00024438734299999997,6.8700000000000003e-05,1,3.5573121200000002,0.000155703003,6.7999999999999999e-05,1,2.2897500499999999,2.67072216,0.77033464500000004,0.444752914,1.9003875100000001,3.4410568000000001
664.04083300000002,0.00015380935800000001,6.8200000000000004e-05,1,2.2552691899999999,0.00020686240200000001,6.8700000000000003e-05,1,3.0110975600000001,8.16946592e-05,6.7999999999999999e-05,1,1.2013920499999999,2.1559195999999998,0.90893413599999995,0.52477336799999996,1.2469854600000001,3.0648537299999998
664.61859100000004,0.00013873058000000001,6.8200000000000004e-05,1,2.0341727199999999,0.000188322032,6.8700000000000003e-05,1,2.74122317,5.2597352700000002e-05,6.7999999999999999e-05,1,0.77349048099999995,1.8496287899999999,0.99676242500000001,0.57548105500000002,0.85286636599999999,2.8463912200000001
665.19635000000005,0.00016625067600000001,6.8200000000000004e-05,1,2.4376932,0.00019108227399999999,6.8700000000000003e-05,1,2.7814013700000002,-5.9188931400000003e-05,6.7999999999999999e-05,1,-0.87042546099999996,1.44955637,2.01649959,1.16422658,0,3.4660559599999998
665.77404799999999,0.000229136383,6.8200000000000004e-05,1,3.3597710099999998,0.000200424105,6.8700000000000003e-05,1,2.9173814400000002,4.3064797e-05,6.7999999999999999e-05,1,0.63330583799999995,2.3034861000000002,1.46323399,0.84479853699999996,0.84025210800000005,3.7667200900000002
666.35168499999997,0.000205907269,6.8200000000000004e-05,1,3.0191681699999999,0.00017062136899999999,6.8700000000000003e-05,1,2.4835715999999999,7.3534309999999999e-05,6.7999999999999999e-05,1,1.08138691,2.1947088899999998,1.0006649299999999,0.57773416499999997,1.1940439700000001,3.1953738199999999
666.92932099999996,0.00021965738,6.8200000000000004e-05,1,3.2207827,0.00027949451700000003,6.8700000000000003e-05,1,4.0683335899999999,7.1323116800000005e-05,6.7999999999999999e-05,1,1.0488693600000001,2.7793285499999998,1.55738639,0.89915745300000005,1.22194216,4.3367149400000002
667.50689699999998,0.00016662834499999999,6.8200000000000004e-05,1,2.4432308599999999,0.00029604012100000002,6.8700000000000003e-05,1,4.3091720699999998,-3.2787519600000001e-06,6.7999999999999999e-05,1,-0.048216940700000002,2.23472866,2.1861643599999998,1.2621825799999999,0.048564301800000001,4.4208930300000002
668.08441200000004,-1.7606554399999999e-05,6.8200000000000004e-05,1,-0.25816062200000001,0.000174337433,6.8700000000000003e-05,1,2.5376627799999998,-0.00015085340500000001,6.7999999999999999e-05,1,-2.2184324200000001,0.0203565801,2.3902487899999998,1.3800107800000001,0,2.4106053699999999
668.66192599999999,-4.83322296e-05,6.8200000000000004e-05,1,-0.70868371799999996,4.3987000399999997e-05,6.8700000000000003e-05,1,0.64027657000000004,-0.00022960918599999999,6.7999999999999999e-05,1,-3.3766056799999999,-1.14833761,2.04421315,1.1802270100000001,0,0.89587554199999997
669.23937999999998,-0.00018040583399999999,6.8200000000000004e-05,1,-2.64524684,-0.000172942111,6.8700000000000003e-05,1,-2.5173524199999999,-0.00041628687500000001,6.7999999999999999e-05,1,-6.1218658100000001,-3.76148836,2.0451468300000002,1.18076607,0,0
669.81683299999997,-0.00016774075999999999,6.8200000000000004e-05,1,-2.4595419399999998,-0.00029112332099999998,6.8700000000000003e-05,1,-4.2376029300000004,-0.00051257571999999997,6.7999999999999999e-05,1,-7.5378782400000004,-4.7450077000000004,2.5769108599999999,1.4877801799999999,0,0
670.394226,-0.00014292504099999999,6.8200000000000004e-05,1,-2.0956750799999999,-0.00030451908799999998,6.8700000000000003e-05,1,-4.4325922499999999,-0.00038394286900000002,6.7999999999999999e-05,1,-5.6462186599999997,-4.0581620000000003,1.80464358,1.04191145,0,0
670.97155799999996,-0.00013245657000000001,6.8200000000000004e-05,1,-1.9421784499999999,-0.000271351088,6.8700000000000003e-05,1,-3.9497974999999999,-0.00030207747399999999,6.7999999999999999e-05,1,-4.4423158000000003,-3.4447639200000002,1.32437377,0.76462755199999999,0,0
671.54888900000003,-6.4125916799999999e-05,6.8200000000000004e-05,1,-0.94026270899999997,-0.000118740917,6.8700000000000003e-05,1,-1.7283976299999999,-0.00022369613399999999,6.7999999999999999e-05,1,-3.2896490300000001,-1.9861031200000001,1.1957061099999999,0.69034124600000002,0,0
672.12616000000003,-4.4549645599999997e-05,6.8200000000000004e-05,1,-0.65322060999999998,-6.2563696800000001e-05,6.8700000000000003e-05,1,-0.91067971999999997,-0.00024924901699999998,6.7999999999999999e-05,1,-3.6654267100000002,-1.74310901,1.6697455800000001,0.96402805999999996,0,0
672.70336899999995,-6.6994658799999999e-06,6.8200000000000004e-05,1,-0.098232637499999997,1.0120277200000001e-05,6.8700000000000003e-05,1,0.14731116699999999,-0.00028169717,6.7999999999999999e-05,1,-4.1426054399999996,-1.3645089699999999,2.4090325699999999,1.3908556000000001,0,1.0445236
673.28057899999999,0.000118489107,6.8200000000000004e-05,1,1.7373769299999999,7.9685519800000006e-05,6.8700000000000003e-05,1,1.1599056700000001,-0.00026542869000000001,6.7999999999999999e-05,1,-3.90336309,-0.33536016000000002,3.1034419500000001,1.79177304,0,2.7680817900000001
673.85772699999995,0.00028164914000000001,6.8200000000000004e-05,1,4.1297527799999996,0.00012827234699999999,6.8700000000000003e-05,1,1.8671375100000001,-0.00030193977900000001,6.7999999999999999e-05,1,-4.4402908600000002,0.51886647500000005,4.4412597399999996,2.5641625100000001,0,4.9601262200000003
674.43487500000003,0.000361511912,6.8200000000000004e-05,1,5.3007611800000003,7.0274289799999995e-05,6.8700000000000003e-05,1,1.0229154300000001,-0.00031309288599999999,6.7999999999999999e-05,1,-4.6043071500000003,0.573123151,4.96782945,2.8681776700000001,0,5.5409525999999998
675.01190199999996,0.00045439864299999999,6.8200000000000004e-05,1,6.6627367,0.00015712909100000001,6.8700000000000003e-05,1,2.2871774600000001,-0.00014579239900000001,6.7999999999999999e-05,1,-2.14400587,2.2686361000000002,4.4034005599999997,2.5423045000000002,0,6.6720366599999998
675.58898899999997,0.00034043023999999998,6.8200000000000004e-05,1,4.99164575,0.00015876456,6.8700000000000003e-05,1,2.31098341,-0.00010545757199999999,6.7999999999999999e-05,1,-1.55084665,1.91726084,3.2889686500000002,1.8988869399999999,0,5.2062294900000001
676.16595500000005,0.00039019670899999997,6.8200000000000004e-05,1,5.7213593700000001,0.000320429599,6.8700000000000003e-05,1,4.6641862999999999,1.4321839000000001e-05,6.7999999999999999e-05,1,0.21061527999999999,3.5320536499999999,2.92461422,1.6885268099999999,0.607439426,6.4566678700000004
676.74292000000003,0.00024520504999999998,6.8200000000000004e-05,1,3.59538197,0.00023222154900000001,6.8700000000000003e-05,1,3.3802263300000002,1.8949759099999999e-06,6.7999999999999999e-05,1,0.027867292700000001,2.33449186,2.0004901099999999,1.1549834999999999,0.33400175599999998,4.3349819700000003
677.31982400000004,0.00020930064499999999,6.8200000000000004e-05,1,3.0689244100000002,0.00031595772399999999,6.8700000000000003e-05,1,4.5990935100000003,5.0790939199999998e-05,6.7999999999999999e-05,1,0.74692557599999998,2.80498117,1.93960021,1.1198287,0.86538095599999998,4.7445813799999996
677.89672900000005,0.00019249784,6.8200000000000004e-05,1,2.8225489700000002,0.00033800698800000003,6.8700000000000003e-05,1,4.9200435000000002,7.0988003599999996e-05,6.7999999999999999e-05,1,1.0439412299999999,2.9288445699999999,1.9402361400000001,1.1201958599999999,0.98860843099999995,4.8690806999999996
678.47357199999999,0.00029853068899999999,6.8200000000000004e-05,1,4.3772828300000004,0.00034218388999999999,6.8700000000000003e-05,1,4.9808426399999997,4.0376805800000003e-05,6.7999999999999999e-05,1,0.59377655600000001,3.3173006799999998,2.3778685500000001,1.3728630500000001,0.93943212799999998,5.6951692300000003
679.05035399999997,0.000194754618,6.8200000000000004e-05,1,2.8556395600000002,0.00022551795199999999,6.8700000000000003e-05,1,3.2826485000000001,-0.000134486871,6.7999999999999999e-05,1,-1.9777480999999999,1.38684666,2.9216361100000001,1.68680739,0,4.3084827700000004
679.62713599999995,0.000298650685,6.8200000000000004e-05,1,4.37904231,0.000208009574,6.8700000000000003e-05,1,3.02779584,-5.04672122e-05,6.7999999999999999e-05,1,-0.742164885,2.2215577500000001,2.6540922500000002,1.5323408700000001,0,4.8756500000000003
680.20385699999997,0.000208997567,6.8200000000000004e-05,1,3.06448046,0.00017286959199999999,6.8700000000000003e-05,1,2.51629682,-0.000152828172,6.7999999999999999e-05,1,-2.24747312,1.11110139,2.9214967700000001,1.6867269499999999,0,4.03259816
680.78051800000003,0.00027126118900000002,6.8200000000000004e-05,1,3.9774367900000001,0.000197658285,6.8700000000000003e-05,1,2.8771220500000001,-3.3204058700000003e-05,6.7999999999999999e-05,1,-0.48829498100000002,2.1220879500000001,2.32663865,1.34328545,0,4.4487265999999996
681.35717799999998,3.1817490799999997e-05,6.8200000000000004e-05,1,0.46653212399999999,0.000121687346,6.8700000000000003e-05,1,1.7712859599999999,-0.000100282364,6.7999999999999999e-05,1,-1.47474065,0.25435914399999998,1.6333815300000001,0.94303326600000004,0,1.8877406699999999
681.93377699999996,-7.36100333e-05,6.8200000000000004e-05,1,-1.079326,0.00011656683500000001,6.8700000000000003e-05,1,1.6967516,-0.000111804435,6.7999999999999999e-05,1,-1.6441828599999999,-0.34225242,1.7882725900000001,1.03245966,0,1.4460201699999999
682.51037599999995,-0.00017024949300000001,6.8200000000000004e-05,1,-2.4963268699999999,6.9866206999999998e-05,6.8700000000000003e-05,1,1.01697536,-9.8395623900000004e-05,6.7999999999999999e-05,1,-1.4469944699999999,-0.97544866200000002,1.8034937600000001,1.0412476100000001,0,0.82804509400000004
683.08691399999998,-0.000166251614,6.8200000000000004e-05,1,-2.4377069499999999,1.4881615199999999e-05,6.8700000000000003e-05,1,0.21661739799999999,-0.00017002791500000001,6.7999999999999999e-05,1,-2.50041051,-1.5738333499999999,1.55089276,0.89540835299999999,0,0
683.66339100000005,-0.000209730118,6.8200000000000004e-05,1,-3.0752216699999999,2.3763304299999999e-05,6.8700000000000003e-05,1,0.34589962499999999,-0.00030601071900000001,6.7999999999999999e-05,1,-4.5001576400000003,-2.40982656,2.4906085099999999,1.4379534899999999,0,0.080781945999999993
684.239868,-6.1059131800000004e-05,6.8200000000000004e-05,1,-0.89529518799999996,-4.0858308900000001e-05,6.8700000000000003e-05,1,-0.59473520999999996,-0.00028193701699999999,6.7999999999999999e-05,1,-4.1461325999999996,-1.8787210000000001,1.96937823,1.13702105,0,0.090657227300000004
684.81622300000004,-5.7531431199999997e-05,6.8200000000000004e-05,1,-0.84356937300000001,-5.7627595900000001e-05,6.8700000000000003e-05,1,-0.83882963499999996,-0.00028908640900000002,6.7999999999999999e-05,1,-4.2512707199999999,-1.97788991,1.96880696,1.1366912300000001,0,0
685.39263900000003,-0.00013119160899999999,6.8200000000000004e-05,1,-1.92363062,-0.00019592180899999999,6.8700000000000003e-05,1,-2.8518458400000002,-0.00023368942000000001,6.7999999999999999e-05,1,-3.43660912,-2.73736186,0.76295866199999995,0.44049438899999999,0,0
685.96893299999999,-0.00020127787099999999,6.8200000000000004e-05,1,-2.95128843,-0.00014968796999999999,6.8700000000000003e-05,1,-2.1788642,-0.00024612820500000002,6.7999999999999999e-05,1,-3.6195324200000001,-2.91656168,0.72096164399999996,0.41624739900000002,0,0
686.54522699999995,-0.000220969326,6.8200000000000004e-05,1,-3.2400194500000001,-9.4325535399999999e-05,6.8700000000000003e-05,1,-1.3730063400000001,-0.000102024156,6.7999999999999999e-05,1,-1.50035523,-2.0377936700000001,1.0431033300000001,0.60223598599999995,0,0
687.12152100000003,-0.000282393456,6.8200000000000004e-05,1,-4.14066651,-9.6092751700000003e-05,6.8700000000000003e-05,1,-1.39873001,-8.0280950400000002e-05,6.7999999999999999e-05,1,-1.18060221,-2.2399995800000001,1.6496351199999999,0.952417281,0,0
687.69769299999996,-0.000296515397,6.8200000000000004e-05,1,-4.3477330900000002,-2.6284253e-05,6.8700000000000003e-05,1,-0.38259465799999998,-0.000150743096,6.7999999999999999e-05,1,-2.21681024,-2.31571266,1.98441855,1.1457045800000001,0,0
688.273865,-0.00038150115599999999,6.8200000000000004e-05,1,-5.59385859,2.3079665100000001e-05,6.8700000000000003e-05,1,0.33594854600000001,-0.00026035257399999997,6.7999999999999999e-05,1,-3.82871432,-3.0288747900000002,3.0447431100000002,1.7578832600000001,0,0.015868324699999999
688.85003700000004,-0.00037244626699999998,6.8200000000000004e-05,1,-5.4610889499999997,-4.1595793899999998e-05,6.8700000000000003e-05,1,-0.60547007200000003,-0.00041248138999999998,6.7999999999999999e-05,1,-6.0659027999999999,-4.0441539400000002,2.9933025299999998,1.72818402,0,0
689.42614700000001,-0.00041506679199999999,6.8200000000000004e-05,1,-6.0860233399999997,-6.4770935299999997e-05,6.8700000000000003e-05,1,-0.94280837299999998,-0.00044115466800000001,6.7999999999999999e-05,1,-6.48756865,-4.5054667899999998,3.09187821,1.7850967200000001,0,0
690.00219700000002,-0.00043060772800000002,6.8200000000000004e-05,1,-6.3138963099999996,-0.00021554434599999999,6.8700000000000003e-05,1,-3.1374722799999999,-0.00052960681499999995,6.7999999999999999e-05,1,-7.7883355200000004,-5.7465680399999997,2.3767684500000001,1.3722278999999999,0,0
690.57818599999996,-0.00027384924599999999,6.8200000000000004e-05,1,-4.0153848300000003,-0.000196615427,6.8700000000000003e-05,1,-2.8619421699999998,-0.00049343286400000005,6.7999999999999999e-05,1,-7.2563656400000003,-4.7112308799999996,2.2783526300000001,1.3154075000000001,0,0
691.15417500000001,-0.00013069592900000001,6.8200000000000004e-05,1,-1.9163626,-0.00021540360599999999,6.8700000000000003e-05,1,-3.1354236700000002,-0.00034512547999999998,6.7999999999999999e-05,1,-5.0753747100000002,-3.3757203200000001,1.59315607,0.91980908299999997,0,0
691.73010299999999,-5.1936338500000001e-05,6.8200000000000004e-05,1,-0.76152989000000004,-0.00032917107199999999,6.8700000000000003e-05,1,-4.7914275499999999,-0.00039362075199999999,6.7999999999999999e-05,1,-5.7885404600000001,-3.7804992999999998,2.66161432,1.53668374,0,0
692.30602999999996,5.5998279100000003e-05,6.8200000000000004e-05,1,0.821089136,-0.00034845721899999998,6.8700000000000003e-05,1,-5.0721574800000004,-0.00044708826800000001,6.7999999999999999e-05,1,-6.5748274699999998,-3.60863194,3.9091336499999998,2.2569393600000001,0,0.30050170900000001
692.88189699999998,0.000128084181,6.8200000000000004e-05,1,1.8780671600000001,-0.00045525452999999998,6.8700000000000003e-05,1,-6.6267034999999996,-0.00050919972100000005,6.7999999999999999e-05,1,-7.4882311899999996,-4.0789558399999999,5.1768861099999999,2.9888765899999998,0,1.09793027
693.45770300000004,0.00031317220600000001,6.8200000000000004e-05,1,4.5919678399999997,-0.000415505974,6.8700000000000003e-05,1,-6.04812189,-0.00047165909,6.7999999999999999e-05,1,-6.93616309,-2.7974390499999999,6.4147996799999998,3.7035863199999999,0,3.6173606299999999
694.03344700000002,0.00036277160699999997,6.8200000000000004e-05,1,5.31923178,-0.00031601579900000001,6.8700000000000003e-05,1,-4.59993885,-0.00038541173000000001,6.7999999999999999e-05,1,-5.6678195599999999,-1.64950888,6.0586798899999996,3.4979804699999999,0,4.4091710199999996
694.60919200000001,0.00033453908300000001,6.8200000000000004e-05,1,4.90526515,-0.00024662698199999999,6.8700000000000003e-05,1,-3.5899123999999998,-0.00040034877500000002,6.7999999999999999e-05,1,-5.8874819799999996,-1.52404308,5.6852185300000002,3.2823624499999999,0,4.16117545
695.18493699999999,0.000235919269,6.8200000000000004e-05,1,3.4592268100000001,-9.1278390500000001e-05,6.8700000000000003e-05,1,-1.3286519699999999,-0.000343472337,6.7999999999999999e-05,1,-5.0510637799999998,-0.97349631400000003,4.2662469700000001,2.46311883,0,3.2927506499999999
695.76055899999994,8.9319856400000005e-05,6.8200000000000004e-05,1,1.30967531,6.1630205700000007e-05,6.8700000000000003e-05,1,0.89709178599999995,-0.00020680195799999999,6.7999999999999999e-05,1,-3.0412052599999999,-0.278146053,2.4017552800000002,1.3866540599999999,0,2.12360923
696.33618200000001,0.000103936353,6.8200000000000004e-05,1,1.5239934399999999,0.00027359528200000002,6.8700000000000003e-05,1,3.9824640800000002,8.0738624600000005e-06,6.7999999999999999e-05,1,0.118733271,1.8750636000000001,1.9556435299999999,1.1290913199999999,0,3.83070713
696.911743,4.2459395999999998e-05,6.8200000000000004e-05,1,0.62257178899999999,0.000314464225,6.8700000000000003e-05,1,4.5773540700000002,4.9433289900000001e-05,6.7999999999999999e-05,1,0.72696014600000003,1.9756286700000001,2.2537647500000002,1.30121168,0,4.2293934200000001
697.48730499999999,1.1077172599999999e-05,6.8200000000000004e-05,1,0.16242188499999999,0.00030651868600000001,6.8700000000000003e-05,1,4.4616984799999999,0.00010889126899999999,6.7999999999999999e-05,1,1.6013421800000001,2.0751541800000002,2.18845109,1.26350283,0,4.2636052700000002
698.06280500000003,5.8629629699999999e-05,6.8200000000000004e-05,1,0.85967199000000005,0.00033039548100000001,6.8700000000000003e-05,1,4.80925008,0.00020379479900000001,6.7999999999999999e-05,1,2.9969823400000002,2.8886348000000002,1.9770169900000001,1.1414312900000001,0.91161781600000003,4.8656517900000003
698.63824499999998,7.6915688899999998e-05,6.8200000000000004e-05,1,1.1277960199999999,0.00035700549100000002,6.8700000000000003e-05,1,5.1965864799999997,0.00024492110200000002,6.7999999999999999e-05,1,3.6017809199999999,3.3087211399999998,2.05016511,1.18366338,1.25855603,5.3588862500000003
699.21368399999994,2.6109853900000001e-05,6.8200000000000004e-05,1,0.38284243200000001,0.00039599271499999997,6.8700000000000003e-05,1,5.7640861000000001,0.00020058276399999999,6.7999999999999999e-05,1,2.9497465300000001,3.0322250199999998,2.69156978,1.5539785399999999,0.34065524200000002,5.7237948000000003
699.78906199999994,-0.00013361337099999999,6.8200000000000004e-05,1,-1.95914034,0.000457001151,6.8700000000000003e-05,1,6.6521273799999996,3.9092370699999998e-05,6.7999999999999999e-05,1,0.57488780399999995,1.75595828,4.4254579999999999,2.5550393699999998,0,6.1814162799999997
