Wavelength_nm,value
250,2377
250.09999999999999,2376
250.19999999999999,2373
250.30000000000001,2372
250.40000000000001,2372
250.5,2369
250.59999999999999,2367
250.69999999999999,2368
250.80000000000001,2367
250.90000000000001,2365
251,2364
251.09999999999999,2365
251.19999999999999,2364
251.30000000000001,2366
251.40000000000001,2369
251.5,2368
251.59999999999999,2366
251.69999999999999,2369
251.80000000000001,2370
251.90000000000001,2371
252,2374
252.09999999999999,2376
252.19999999999999,2376
252.30000000000001,2378
252.40000000000001,2380
252.5,2383
252.59999999999999,2385
252.69999999999999,2387
252.80000000000001,2391
252.90000000000001,2390
253,2396
253.09999999999999,2399
253.19999999999999,2402
253.30000000000001,2407
253.40000000000001,2411
253.5,2413
253.59999999999999,2416
253.69999999999999,2421
253.80000000000001,2426
253.90000000000001,2430
254,2435
254.09999999999999,2440
254.19999999999999,2442
254.30000000000001,2447
254.40000000000001,2454
254.5,2459
254.59999999999999,2463
254.69999999999999,2470
254.80000000000001,2476
254.90000000000001,2479
255,2485
255.09999999999999,2493
255.19999999999999,2497
255.30000000000001,2505
255.40000000000001,2512
255.5,2519
255.59999999999999,2524
255.69999999999999,2531
255.80000000000001,2537
255.90000000000001,2543
256,2553
256.10000000000002,2560
256.19999999999999,2565
256.30000000000001,2574
256.39999999999998,2583
256.5,2590
256.60000000000002,2597
256.69999999999999,2605
256.80000000000001,2616
256.89999999999998,2622
257,2630
257.10000000000002,2640
257.19999999999999,2646
257.30000000000001,2657
257.39999999999998,2665
257.5,2674
257.60000000000002,2682
257.69999999999999,2692
257.80000000000001,2701
257.89999999999998,2710
258,2720
258.10000000000002,2732
258.19999999999999,2740
258.30000000000001,2750
258.39999999999998,2760
258.5,2770
258.60000000000002,2780
258.69999999999999,2791
258.80000000000001,2803
258.89999999999998,2811
259,2822
259.10000000000002,2834
259.19999999999999,2846
259.30000000000001,2857
259.39999999999998,2870
259.5,2881
259.60000000000002,2892
259.69999999999999,2904
259.80000000000001,2914
259.89999999999998,2926
260,2939
260.10000000000002,2953
260.19999999999999,2965
260.30000000000001,2976
260.39999999999998,2991
260.5,3002
260.60000000000002,3015
260.69999999999999,3030
260.80000000000001,3044
260.89999999999998,3056
261,3070
261.10000000000002,3085
261.19999999999999,3097
261.30000000000001,3110
261.39999999999998,3127
261.5,3140
261.60000000000002,3152
261.69999999999999,3166
261.80000000000001,3182
261.89999999999998,3197
262,3211
262.10000000000002,3227
262.19999999999999,3240
262.30000000000001,3256
262.39999999999998,3273
262.5,3288
262.60000000000002,3300
262.69999999999999,3318
262.80000000000001,3333
262.89999999999998,3348
263,3363
263.10000000000002,3383
263.19999999999999,3396
263.30000000000001,3416
263.39999999999998,3433
263.5,3449
263.60000000000002,3465
263.69999999999999,3483
263.80000000000001,3499
263.89999999999998,3513
264,3533
264.10000000000002,3552
264.19999999999999,3568
264.30000000000001,3586
264.39999999999998,3607
264.5,3624
264.60000000000002,3643
264.69999999999999,3661
264.80000000000001,3680
264.89999999999998,3696
265,3716
265.10000000000002,3736
265.19999999999999,3751
265.30000000000001,3772
265.39999999999998,3793
265.5,3812
265.60000000000002,3829
265.69999999999999,3852
265.80000000000001,3870
265.89999999999998,3889
266,3910
266.10000000000002,3929
266.19999999999999,3947
266.30000000000001,3969
266.39999999999998,3989
266.5,4007
266.60000000000002,4029
266.69999999999999,4052
266.80000000000001,4073
266.89999999999998,4092
267,4118
267.10000000000002,4138
267.19999999999999,4160
267.30000000000001,4185
267.39999999999998,4208
267.5,4227
267.60000000000002,4252
267.69999999999999,4274
267.80000000000001,4293
267.89999999999998,4315
268,4340
268.10000000000002,4363
268.19999999999999,4383
268.30000000000001,4408
268.39999999999998,4433
268.5,4456
268.60000000000002,4480
268.69999999999999,4507
268.80000000000001,4526
268.89999999999998,4554
269,4579
269.10000000000002,4601
269.19999999999999,4623
269.30000000000001,4650
269.39999999999998,4675
269.5,4696
269.60000000000002,4723
269.69999999999999,4750
269.80000000000001,4775
269.89999999999998,4800
270,4827
270.10000000000002,4849
270.19999999999999,4877
270.30000000000001,4902
270.39999999999998,4929
270.5,4953
270.60000000000002,4980
270.69999999999999,5009
270.80000000000001,5031
270.89999999999998,5060
271,5086
271.10000000000002,5114
271.19999999999999,5141
271.30000000000001,5170
271.39999999999998,5199
271.5,5226
271.60000000000002,5255
271.69999999999999,5281
271.80000000000001,5309
271.89999999999998,5337
272,5367
272.10000000000002,5394
272.19999999999999,5424
272.30000000000001,5450
272.39999999999998,5482
272.5,5510
272.60000000000002,5540
272.69999999999999,5570
272.80000000000001,5602
272.89999999999998,5629
273,5659
273.10000000000002,5688
273.19999999999999,5719
273.30000000000001,5751
273.39999999999998,5779
273.5,5811
273.60000000000002,5840
273.69999999999999,5872
273.80000000000001,5903
273.89999999999998,5936
274,5966
274.10000000000002,5999
274.19999999999999,6030
274.30000000000001,6062
274.39999999999998,6093
274.5,6126
274.60000000000002,6157
274.69999999999999,6187
274.80000000000001,6223
274.89999999999998,6254
275,6291
275.10000000000002,6322
275.19999999999999,6355
275.30000000000001,6388
275.39999999999998,6425
275.5,6457
275.60000000000002,6489
275.69999999999999,6524
275.80000000000001,6557
275.89999999999998,6591
276,6625
276.10000000000002,6660
276.19999999999999,6690
276.30000000000001,6728
276.39999999999998,6763
276.5,6798
276.60000000000002,6830
276.69999999999999,6872
276.80000000000001,6905
276.89999999999998,6939
277,6976
277.10000000000002,7013
277.19999999999999,7050
277.30000000000001,7083
277.39999999999998,7121
277.5,7152
277.60000000000002,7190
277.69999999999999,7228
277.80000000000001,7266
277.89999999999998,7302
278,7341
278.10000000000002,7377
278.19999999999999,7414
278.30000000000001,7454
278.39999999999998,7489
278.5,7529
278.60000000000002,7565
278.69999999999999,7602
278.80000000000001,7639
278.89999999999998,7678
279,7717
279.10000000000002,7758
279.19999999999999,7793
279.30000000000001,7838
279.39999999999998,7877
279.5,7914
279.60000000000002,7953
279.69999999999999,7992
279.80000000000001,8032
279.89999999999998,8071
280,8112
280.10000000000002,8149
280.19999999999999,8188
280.30000000000001,8228
280.39999999999998,8273
280.5,8311
280.60000000000002,8356
280.69999999999999,8395
280.80000000000001,8436
280.89999999999998,8474
281,8517
281.10000000000002,8557
281.19999999999999,8595
281.30000000000001,8641
281.39999999999998,8681
281.5,8721
281.60000000000002,8763
281.69999999999999,8810
281.80000000000001,8846
281.89999999999998,8892
282,8935
282.10000000000002,8977
282.19999999999999,9017
282.30000000000001,9061
282.39999999999998,9103
282.5,9142
282.60000000000002,9190
282.69999999999999,9232
282.80000000000001,9273
282.89999999999998,9316
283,9364
283.10000000000002,9407
283.19999999999999,9454
283.30000000000001,9498
283.39999999999998,9542
283.5,9585
283.60000000000002,9632
283.69999999999999,9673
283.80000000000001,9717
283.89999999999998,9760
284,9808
284.10000000000002,9853
284.19999999999999,9895
284.30000000000001,9944
284.39999999999998,9988
284.5,10040
284.60000000000002,10080
284.69999999999999,10130
284.80000000000001,10170
284.89999999999998,10220
285,10260
285.10000000000002,10310
285.19999999999999,10350
285.30000000000001,10400
285.39999999999998,10450
285.5,10490
285.60000000000002,10540
285.69999999999999,10590
285.80000000000001,10640
285.89999999999998,10680
286,10730
286.10000000000002,10780
286.19999999999999,10830
286.30000000000001,10880
286.39999999999998,10920
286.5,10970
286.60000000000002,11010
286.69999999999999,11070
286.80000000000001,11110
286.89999999999998,11160
287,11210
287.10000000000002,11260
287.19999999999999,11310
287.30000000000001,11360
287.39999999999998,11400
287.5,11450
287.60000000000002,11500
287.69999999999999,11550
287.80000000000001,11600
287.89999999999998,11640
288,11700
288.10000000000002,11740
288.19999999999999,11800
288.30000000000001,11840
288.39999999999998,11900
288.5,11940
288.60000000000002,12000
288.69999999999999,12040
288.80000000000001,12090
288.89999999999998,12140
289,12190
289.10000000000002,12240
289.19999999999999,12280
289.30000000000001,12340
289.39999999999998,12380
289.5,12430
289.60000000000002,12480
289.69999999999999,12540
289.80000000000001,12580
289.89999999999998,12630
290,12680
290.10000000000002,12730
290.19999999999999,12780
290.30000000000001,12830
290.39999999999998,12880
290.5,12930
290.60000000000002,12980
290.69999999999999,13030
290.80000000000001,13080
290.89999999999998,13130
291,13180
291.10000000000002,13230
291.19999999999999,13280
291.30000000000001,13330
291.39999999999998,13390
291.5,13430
291.60000000000002,13470
291.69999999999999,13530
291.80000000000001,13580
291.89999999999998,13630
292,13680
292.10000000000002,13730
292.19999999999999,13780
292.30000000000001,13830
292.39999999999998,13880
292.5,13930
292.60000000000002,13980
292.69999999999999,14030
292.80000000000001,14080
292.89999999999998,14120
293,14180
293.10000000000002,14230
293.19999999999999,14280
293.30000000000001,14320
293.39999999999998,14380
293.5,14420
293.60000000000002,14480
293.69999999999999,14520
293.80000000000001,14580
293.89999999999998,14630
294,14680
294.10000000000002,14730
294.19999999999999,14780
294.30000000000001,14830
294.39999999999998,14880
294.5,14930
294.60000000000002,14980
294.69999999999999,15030
294.80000000000001,15080
294.89999999999998,15130
295,15180
295.10000000000002,15230
295.19999999999999,15280
295.30000000000001,15340
295.39999999999998,15380
295.5,15430
295.60000000000002,15490
295.69999999999999,15540
295.80000000000001,15590
295.89999999999998,15640
296,15690
296.10000000000002,15730
296.19999999999999,15790
296.30000000000001,15840
296.39999999999998,15890
296.5,15940
296.60000000000002,16000
296.69999999999999,16050
296.80000000000001,16090
296.89999999999998,16150
297,16200
297.10000000000002,16250
297.19999999999999,16290
297.30000000000001,16350
297.39999999999998,16400
297.5,16450
297.60000000000002,16500
297.69999999999999,16560
297.80000000000001,16600
297.89999999999998,16660
298,16710
298.10000000000002,16760
298.19999999999999,16810
298.30000000000001,16860
298.39999999999998,16920
298.5,16960
298.60000000000002,17010
298.69999999999999,17060
298.80000000000001,17110
298.89999999999998,17170
299,17220
299.10000000000002,17270
299.19999999999999,17330
299.30000000000001,17380
299.39999999999998,17420
299.5,17460
299.60000000000002,17520
299.69999999999999,17570
299.80000000000001,17620
299.89999999999998,17670
300,17720
300.10000000000002,17770
300.19999999999999,17820
300.30000000000001,17870
300.39999999999998,17920
300.5,17970
300.60000000000002,18010
300.69999999999999,18070
300.80000000000001,18110
300.89999999999998,18160
301,18200
301.10000000000002,18250
301.19999999999999,18300
301.30000000000001,18340
301.39999999999998,18390
301.5,18440
301.60000000000002,18490
301.69999999999999,18540
301.80000000000001,18580
301.89999999999998,18630
302,18670
302.10000000000002,18720
302.19999999999999,18760
302.30000000000001,18810
302.39999999999998,18850
302.5,18900
302.60000000000002,18940
302.69999999999999,18980
302.80000000000001,19020
302.89999999999998,19060
303,19110
303.10000000000002,19150
303.19999999999999,19200
303.30000000000001,19250
303.39999999999998,19280
303.5,19320
303.60000000000002,19360
303.69999999999999,19410
303.80000000000001,19440
303.89999999999998,19480
304,19530
304.10000000000002,19560
304.19999999999999,19600
304.30000000000001,19640
304.39999999999998,19690
304.5,19720
304.60000000000002,19770
304.69999999999999,19800
304.80000000000001,19830
304.89999999999998,19870
305,19910
305.10000000000002,19940
305.19999999999999,19990
305.30000000000001,20020
305.39999999999998,20060
305.5,20100
305.60000000000002,20130
305.69999999999999,20170
305.80000000000001,20200
305.89999999999998,20240
306,20270
306.10000000000002,20310
306.19999999999999,20330
306.30000000000001,20370
306.39999999999998,20410
306.5,20440
306.60000000000002,20480
306.69999999999999,20500
306.80000000000001,20540
306.89999999999998,20570
307,20600
307.10000000000002,20640
307.19999999999999,20670
307.30000000000001,20710
307.39999999999998,20740
307.5,20770
307.60000000000002,20810
307.69999999999999,20840
307.80000000000001,20860
307.89999999999998,20900
308,20930
308.10000000000002,20960
308.19999999999999,20990
308.30000000000001,21020
308.39999999999998,21060
308.5,21090
308.60000000000002,21120
308.69999999999999,21160
308.80000000000001,21190
308.89999999999998,21210
309,21250
309.10000000000002,21280
309.19999999999999,21310
309.30000000000001,21340
309.39999999999998,21370
309.5,21400
309.60000000000002,21440
309.69999999999999,21460
309.80000000000001,21490
309.89999999999998,21520
310,21560
310.10000000000002,21590
310.19999999999999,21610
310.30000000000001,21650
310.39999999999998,21670
310.5,21700
310.60000000000002,21740
310.69999999999999,21770
310.80000000000001,21780
310.89999999999998,21820
311,21860
311.10000000000002,21890
311.19999999999999,21920
311.30000000000001,21950
311.39999999999998,21980
311.5,22000
311.60000000000002,22040
311.69999999999999,22060
311.80000000000001,22080
311.89999999999998,22120
312,22140
312.10000000000002,22170
312.19999999999999,22200
312.30000000000001,22230
312.39999999999998,22250
312.5,22270
312.60000000000002,22310
312.69999999999999,22330
312.80000000000001,22360
312.89999999999998,22390
313,22400
313.10000000000002,22430
313.19999999999999,22460
313.30000000000001,22480
313.39999999999998,22500
313.5,22510
313.60000000000002,22540
313.69999999999999,22580
313.80000000000001,22590
313.89999999999998,22620
314,22630
314.10000000000002,22650
314.19999999999999,22670
314.30000000000001,22690
314.39999999999998,22710
314.5,22720
314.60000000000002,22750
314.69999999999999,22760
314.80000000000001,22780
314.89999999999998,22800
315,22810
315.10000000000002,22810
315.19999999999999,22840
315.30000000000001,22860
315.39999999999998,22860
315.5,22870
315.60000000000002,22870
315.69999999999999,22890
315.80000000000001,22890
315.89999999999998,22920
316,22910
316.10000000000002,22920
316.19999999999999,22930
316.30000000000001,22930
316.39999999999998,22930
316.5,22930
316.60000000000002,22940
316.69999999999999,22940
316.80000000000001,22930
316.89999999999998,22950
317,22950
317.10000000000002,22940
317.19999999999999,22930
317.30000000000001,22940
317.39999999999998,22930
317.5,22920
317.60000000000002,22920
317.69999999999999,22900
317.80000000000001,22900
317.89999999999998,22900
318,22880
318.10000000000002,22870
318.19999999999999,22870
318.30000000000001,22860
318.39999999999998,22850
318.5,22830
318.60000000000002,22810
318.69999999999999,22800
318.80000000000001,22780
318.89999999999998,22770
319,22760
319.10000000000002,22740
319.19999999999999,22720
319.30000000000001,22700
319.39999999999998,22680
319.5,22670
319.60000000000002,22660
319.69999999999999,22630
319.80000000000001,22600
319.89999999999998,22580
320,22570
320.10000000000002,22540
320.19999999999999,22520
320.30000000000001,22500
320.39999999999998,22470
320.5,22450
320.60000000000002,22430
320.69999999999999,22400
320.80000000000001,22380
320.89999999999998,22360
321,22320
321.10000000000002,22310
321.19999999999999,22290
321.30000000000001,22250
321.39999999999998,22220
321.5,22200
321.60000000000002,22180
321.69999999999999,22150
321.80000000000001,22120
321.89999999999998,22100
322,22070
322.10000000000002,22050
322.19999999999999,22030
322.30000000000001,21990
322.39999999999998,21970
322.5,21950
322.60000000000002,21930
322.69999999999999,21900
322.80000000000001,21870
322.89999999999998,21850
323,21820
323.10000000000002,21800
323.19999999999999,21780
323.30000000000001,21740
323.39999999999998,21730
323.5,21710
323.60000000000002,21690
323.69999999999999,21660
323.80000000000001,21640
323.89999999999998,21610
324,21600
324.10000000000002,21570
324.19999999999999,21560
324.30000000000001,21520
324.39999999999998,21500
324.5,21480
324.60000000000002,21450
324.69999999999999,21440
324.80000000000001,21420
324.89999999999998,21410
325,21380
325.10000000000002,21350
325.19999999999999,21340
325.30000000000001,21320
325.39999999999998,21300
325.5,21280
325.60000000000002,21260
325.69999999999999,21230
325.80000000000001,21220
325.89999999999998,21210
326,21190
326.10000000000002,21160
326.19999999999999,21150
326.30000000000001,21130
326.39999999999998,21110
326.5,21100
326.60000000000002,21070
326.69999999999999,21050
326.80000000000001,21030
326.89999999999998,21020
327,21000
327.10000000000002,20980
327.19999999999999,20960
327.30000000000001,20930
327.39999999999998,20920
327.5,20890
327.60000000000002,20870
327.69999999999999,20850
327.80000000000001,20830
327.89999999999998,20810
328,20790
328.10000000000002,20750
328.19999999999999,20730
328.30000000000001,20710
328.39999999999998,20680
328.5,20660
328.60000000000002,20620
328.69999999999999,20610
328.80000000000001,20570
328.89999999999998,20540
329,20520
329.10000000000002,20490
329.19999999999999,20450
329.30000000000001,20420
329.39999999999998,20380
329.5,20340
329.60000000000002,20310
329.69999999999999,20280
329.80000000000001,20230
329.89999999999998,20200
330,20160
330.10000000000002,20110
330.19999999999999,20080
330.30000000000001,20040
330.39999999999998,19990
330.5,19940
330.60000000000002,19890
330.69999999999999,19850
330.80000000000001,19800
330.89999999999998,19740
331,19690
331.10000000000002,19640
331.19999999999999,19580
331.30000000000001,19530
331.39999999999998,19470
331.5,19420
331.60000000000002,19360
331.69999999999999,19300
331.80000000000001,19230
331.89999999999998,19170
332,19100
332.10000000000002,19040
332.19999999999999,18960
332.30000000000001,18900
332.39999999999998,18830
332.5,18760
332.60000000000002,18690
332.69999999999999,18620
332.80000000000001,18540
332.89999999999998,18470
333,18390
333.10000000000002,18320
333.19999999999999,18230
333.30000000000001,18160
333.39999999999998,18070
333.5,17990
333.60000000000002,17910
333.69999999999999,17830
333.80000000000001,17730
333.89999999999998,17660
334,17580
334.10000000000002,17490
334.19999999999999,17410
334.30000000000001,17320
334.39999999999998,17230
334.5,17140
334.60000000000002,17060
334.69999999999999,16960
334.80000000000001,16870
334.89999999999998,16780
335,16690
335.10000000000002,16600
335.19999999999999,16510
335.30000000000001,16420
335.39999999999998,16330
335.5,16240
335.60000000000002,16150
335.69999999999999,16060
335.80000000000001,15970
335.89999999999998,15880
336,15780
336.10000000000002,15690
336.19999999999999,15600
336.30000000000001,15510
336.39999999999998,15420
336.5,15330
336.60000000000002,15240
336.69999999999999,15150
336.80000000000001,15070
336.89999999999998,14980
337,14890
337.10000000000002,14800
337.19999999999999,14720
337.30000000000001,14630
337.39999999999998,14550
337.5,14460
337.60000000000002,14380
337.69999999999999,14290
337.80000000000001,14210
337.89999999999998,14130
338,14050
338.10000000000002,13960
338.19999999999999,13890
338.30000000000001,13810
338.39999999999998,13730
338.5,13660
338.60000000000002,13580
338.69999999999999,13500
338.80000000000001,13420
338.89999999999998,13360
339,13280
339.10000000000002,13210
339.19999999999999,13140
339.30000000000001,13070
339.39999999999998,13000
339.5,12940
339.60000000000002,12880
339.69999999999999,12810
339.80000000000001,12740
339.89999999999998,12680
340,12620
340.10000000000002,12550
340.19999999999999,12500
340.30000000000001,12430
340.39999999999998,12370
340.5,12310
340.60000000000002,12260
340.69999999999999,12200
340.80000000000001,12140
340.89999999999998,12100
341,12040
341.10000000000002,11980
341.19999999999999,11930
341.30000000000001,11880
341.39999999999998,11830
341.5,11770
341.60000000000002,11720
341.69999999999999,11680
341.80000000000001,11630
341.89999999999998,11580
342,11540
342.10000000000002,11480
342.19999999999999,11440
342.30000000000001,11390
342.39999999999998,11340
342.5,11300
342.60000000000002,11260
342.69999999999999,11210
342.80000000000001,11170
342.89999999999998,11120
343,11080
343.10000000000002,11030
343.19999999999999,10990
343.30000000000001,10950
343.39999999999998,10900
343.5,10870
343.60000000000002,10820
343.69999999999999,10780
343.80000000000001,10730
343.89999999999998,10690
344,10650
344.10000000000002,10600
344.19999999999999,10550
344.30000000000001,10510
344.39999999999998,10460
344.5,10420
344.60000000000002,10380
344.69999999999999,10330
344.80000000000001,10290
344.89999999999998,10240
345,10200
345.10000000000002,10150
345.19999999999999,10100
345.30000000000001,10050
345.39999999999998,10000
345.5,9954
345.60000000000002,9905
345.69999999999999,9851
345.80000000000001,9805
345.89999999999998,9750
346,9701
346.10000000000002,9650
346.19999999999999,9596
346.30000000000001,9542
346.39999999999998,9488
346.5,9433
346.60000000000002,9372
346.69999999999999,9319
346.80000000000001,9257
346.89999999999998,9196
347,9142
347.10000000000002,9081
347.19999999999999,9017
347.30000000000001,8960
347.39999999999998,8894
347.5,8833
347.60000000000002,8770
347.69999999999999,8705
347.80000000000001,8640
347.89999999999998,8568
348,8501
348.10000000000002,8433
348.19999999999999,8364
348.30000000000001,8293
348.39999999999998,8226
348.5,8156
348.60000000000002,8084
348.69999999999999,8013
348.80000000000001,7934
348.89999999999998,7863
349,7791
349.10000000000002,7715
349.19999999999999,7632
349.30000000000001,7562
349.39999999999998,7476
349.5,7401
349.60000000000002,7321
349.69999999999999,7248
349.80000000000001,7166
349.89999999999998,7091
350,7011
350.10000000000002,6927
350.19999999999999,6851
350.30000000000001,6768
350.39999999999998,6693
350.5,6602
350.60000000000002,6524
350.69999999999999,6434
350.80000000000001,6359
350.89999999999998,6272
351,6195
351.10000000000002,6110
351.19999999999999,6030
351.30000000000001,5948
351.39999999999998,5864
351.5,5784
351.60000000000002,5702
351.69999999999999,5623
351.80000000000001,5533
351.89999999999998,5454
352,5373
352.10000000000002,5290
352.19999999999999,5203
352.30000000000001,5129
352.39999999999998,5046
352.5,4967
352.60000000000002,4893
352.69999999999999,4808
352.80000000000001,4731
352.89999999999998,4651
353,4582
353.10000000000002,4496
353.19999999999999,4423
353.30000000000001,4343
353.39999999999998,4268
353.5,4191
353.60000000000002,4120
353.69999999999999,4046
353.80000000000001,3974
353.89999999999998,3906
354,3831
354.10000000000002,3763
354.19999999999999,3693
354.30000000000001,3625
354.39999999999998,3555
354.5,3489
354.60000000000002,3418
354.69999999999999,3355
354.80000000000001,3289
354.89999999999998,3226
355,3160
355.10000000000002,3100
355.19999999999999,3042
355.30000000000001,2979
355.39999999999998,2923
355.5,2858
355.60000000000002,2807
355.69999999999999,2747
355.80000000000001,2695
355.89999999999998,2633
356,2583
356.10000000000002,2524
356.19999999999999,2475
356.30000000000001,2424
356.39999999999998,2374
356.5,2324
356.60000000000002,2276
356.69999999999999,2227
356.80000000000001,2184
356.89999999999998,2138
357,2090
357.10000000000002,2046
357.19999999999999,2002
357.30000000000001,1959
357.39999999999998,1911
357.5,1872
357.60000000000002,1830
357.69999999999999,1793
357.80000000000001,1756
357.89999999999998,1716
358,1681
358.10000000000002,1645
358.19999999999999,1611
358.30000000000001,1574
358.39999999999998,1539
358.5,1507
358.60000000000002,1471
358.69999999999999,1438
358.80000000000001,1407
358.89999999999998,1356
359,1326
359.10000000000002,1298
359.19999999999999,1270
359.30000000000001,1241
359.39999999999998,1213
359.5,1191
359.60000000000002,1164
359.69999999999999,1138
359.80000000000001,1115
359.89999999999998,1085
360,1036
360.10000000000002,1014
360.19999999999999,990.5
360.30000000000001,970.70000000000005
360.39999999999998,948.89999999999998
360.5,928.70000000000005
360.60000000000002,908
360.69999999999999,889.5
360.80000000000001,870.60000000000002
360.89999999999998,851.89999999999998
361,834.10000000000002
361.10000000000002,815.89999999999998
361.19999999999999,799.10000000000002
361.30000000000001,781.79999999999995
361.39999999999998,765.70000000000005
361.5,748.5
361.60000000000002,733.79999999999995
361.69999999999999,717.79999999999995
361.80000000000001,702.70000000000005
361.89999999999998,687.60000000000002
362,674
362.10000000000002,660
362.19999999999999,646.29999999999995
362.30000000000001,633.20000000000005
362.39999999999998,619.70000000000005
362.5,607.60000000000002
362.60000000000002,594.79999999999995
362.69999999999999,583
362.80000000000001,570.10000000000002
362.89999999999998,559.10000000000002
363,547.39999999999998
363.10000000000002,536.5
363.19999999999999,525.20000000000005
363.30000000000001,515.10000000000002
363.39999999999998,505
363.5,494.69999999999999
363.60000000000002,485
363.69999999999999,475.19999999999999
363.80000000000001,466.30000000000001
363.89999999999998,456.60000000000002
364,448.19999999999999
364.10000000000002,438.5
364.19999999999999,430.30000000000001
364.30000000000001,421.80000000000001
364.39999999999998,413.89999999999998
364.5,405.89999999999998
364.60000000000002,398
364.69999999999999,390.30000000000001
364.80000000000001,382.80000000000001
364.89999999999998,375.89999999999998
365,368.80000000000001
365.10000000000002,362
365.19999999999999,355.10000000000002
365.30000000000001,348.80000000000001
365.39999999999998,342
365.5,335.80000000000001
365.60000000000002,329.39999999999998
365.69999999999999,323.80000000000001
365.80000000000001,317.5
365.89999999999998,312
366,306.39999999999998
366.10000000000002,301.10000000000002
366.19999999999999,295.89999999999998
366.30000000000001,290.60000000000002
366.39999999999998,285.69999999999999
366.5,280.5
366.60000000000002,275.89999999999998
366.69999999999999,270.89999999999998
366.80000000000001,266.39999999999998
366.89999999999998,261.89999999999998
367,257.60000000000002
367.10000000000002,253.40000000000001
367.19999999999999,249.30000000000001
367.30000000000001,245
367.39999999999998,241.19999999999999
367.5,237.5
367.60000000000002,233.90000000000001
367.69999999999999,230.30000000000001
367.80000000000001,226.69999999999999
367.89999999999998,223.19999999999999
368,219.69999999999999
368.10000000000002,216.59999999999999
368.19999999999999,213.09999999999999
368.30000000000001,209.90000000000001
368.39999999999998,206.80000000000001
368.5,203.90000000000001
368.60000000000002,201.09999999999999
368.69999999999999,198.19999999999999
368.80000000000001,195.5
368.89999999999998,192.90000000000001
369,190.30000000000001
369.10000000000002,187.69999999999999
369.19999999999999,185.59999999999999
369.30000000000001,183.09999999999999
369.39999999999998,180.69999999999999
369.5,178
369.60000000000002,175.80000000000001
369.69999999999999,173.40000000000001
369.80000000000001,171.59999999999999
369.89999999999998,169.5
370,167.5
370.10000000000002,165.69999999999999
370.19999999999999,163.59999999999999
370.30000000000001,162
370.39999999999998,160.40000000000001
370.5,158.5
370.60000000000002,156.80000000000001
370.69999999999999,155.19999999999999
370.80000000000001,153.5
370.89999999999998,152
371,150.59999999999999
371.10000000000002,149.19999999999999
371.19999999999999,147.69999999999999
371.30000000000001,146.5
371.39999999999998,145
371.5,143.59999999999999
371.60000000000002,142.59999999999999
371.69999999999999,141.40000000000001
371.80000000000001,140.30000000000001
371.89999999999998,138.90000000000001
372,137.80000000000001
372.10000000000002,136.69999999999999
372.19999999999999,135.80000000000001
372.30000000000001,134.80000000000001
372.39999999999998,133.90000000000001
372.5,132.80000000000001
372.60000000000002,132
372.69999999999999,131.09999999999999
372.80000000000001,130.40000000000001
372.89999999999998,129.5
373,128.69999999999999
373.10000000000002,127.90000000000001
373.19999999999999,127.59999999999999
373.30000000000001,126.7
373.39999999999998,126
373.5,125.40000000000001
373.60000000000002,124.7
373.69999999999999,124.3
373.80000000000001,123.7
373.89999999999998,123.2
374,122.8
374.10000000000002,122.3
374.19999999999999,121.8
374.30000000000001,121.3
374.39999999999998,121.09999999999999
374.5,120.5
374.60000000000002,120.09999999999999
374.69999999999999,119.7
374.80000000000001,119.40000000000001
374.89999999999998,119.3
375,118.90000000000001
375.10000000000002,118.8
375.19999999999999,118.2
375.30000000000001,117.90000000000001
375.39999999999998,117.8
375.5,117.59999999999999
375.60000000000002,117.7
375.69999999999999,117.40000000000001
375.80000000000001,117.09999999999999
375.89999999999998,116.90000000000001
376,117
376.10000000000002,116.7
376.19999999999999,116.59999999999999
376.30000000000001,116.59999999999999
376.39999999999998,116.5
376.5,116.40000000000001
376.60000000000002,116.5
376.69999999999999,116.3
376.80000000000001,116.3
376.89999999999998,116.3
377,116.2
377.10000000000002,116.2
377.19999999999999,116.2
377.30000000000001,116.3
377.39999999999998,116.2
377.5,116.3
377.60000000000002,116.40000000000001
377.69999999999999,116.5
377.80000000000001,116.5
377.89999999999998,116.7
378,117
378.10000000000002,117.40000000000001
378.19999999999999,117.2
378.30000000000001,117.2
378.39999999999998,117.40000000000001
378.5,117.59999999999999
378.60000000000002,117.7
378.69999999999999,118
378.80000000000001,118.3
378.89999999999998,118.5
379,118.59999999999999
379.10000000000002,118.8
379.19999999999999,119
379.30000000000001,119.40000000000001
379.39999999999998,119.5
379.5,119.59999999999999
379.60000000000002,120.09999999999999
379.69999999999999,120.3
379.80000000000001,120.3
379.89999999999998,120.7
380,120.90000000000001
380.10000000000002,121
380.19999999999999,121.5
380.30000000000001,121.90000000000001
380.39999999999998,122.2
380.5,122.40000000000001
380.60000000000002,122.5
380.69999999999999,122.90000000000001
380.80000000000001,123.3
380.89999999999998,123.59999999999999
381,123.90000000000001
381.10000000000002,124.3
381.19999999999999,124.59999999999999
381.30000000000001,124.90000000000001
381.39999999999998,125.3
381.5,125.90000000000001
381.60000000000002,126
381.69999999999999,126.5
381.80000000000001,126.8
381.89999999999998,127.2
382,127.7
382.10000000000002,128
382.19999999999999,128.40000000000001
382.30000000000001,128.80000000000001
382.39999999999998,129
382.5,129.59999999999999
382.60000000000002,129.90000000000001
382.69999999999999,130.30000000000001
382.80000000000001,131.09999999999999
382.89999999999998,131.40000000000001
383,131.69999999999999
383.10000000000002,132.19999999999999
383.19999999999999,132.69999999999999
383.30000000000001,133
383.39999999999998,133.5
383.5,134
383.60000000000002,134.40000000000001
383.69999999999999,134.69999999999999
383.80000000000001,135.30000000000001
383.89999999999998,135.69999999999999
384,136.5
384.10000000000002,136.90000000000001
384.19999999999999,137.40000000000001
384.30000000000001,137.80000000000001
384.39999999999998,138.19999999999999
384.5,138.69999999999999
384.60000000000002,138.90000000000001
384.69999999999999,139.80000000000001
384.80000000000001,140.09999999999999
384.89999999999998,140.59999999999999
385,141
385.10000000000002,141.69999999999999
385.19999999999999,142.19999999999999
385.30000000000001,142.69999999999999
385.39999999999998,143.19999999999999
385.5,143.59999999999999
385.60000000000002,144.09999999999999
385.69999999999999,144.69999999999999
385.80000000000001,145.40000000000001
385.89999999999998,145.80000000000001
386,146.5
386.10000000000002,146.69999999999999
386.19999999999999,147.40000000000001
386.30000000000001,148
386.39999999999998,148.5
386.5,149.09999999999999
386.60000000000002,149.69999999999999
386.69999999999999,150.19999999999999
386.80000000000001,150.69999999999999
386.89999999999998,151.30000000000001
387,151.90000000000001
387.10000000000002,152.5
387.19999999999999,152.90000000000001
387.30000000000001,153.59999999999999
387.39999999999998,154.19999999999999
387.5,155
387.60000000000002,155.59999999999999
387.69999999999999,156.09999999999999
387.80000000000001,156.69999999999999
387.89999999999998,157.30000000000001
388,157.80000000000001
388.10000000000002,158.5
388.19999999999999,158.90000000000001
388.30000000000001,159.5
388.39999999999998,160.19999999999999
388.5,160.80000000000001
388.60000000000002,161.40000000000001
388.69999999999999,162
388.80000000000001,162.59999999999999
388.89999999999998,163.19999999999999
389,163.90000000000001
389.10000000000002,164.40000000000001
389.19999999999999,165
389.30000000000001,165.80000000000001
389.39999999999998,166.40000000000001
389.5,167
389.60000000000002,167.59999999999999
389.69999999999999,168.09999999999999
389.80000000000001,168.90000000000001
389.89999999999998,169.69999999999999
390,170.09999999999999
390.10000000000002,170.80000000000001
390.19999999999999,171.5
390.30000000000001,172.09999999999999
390.39999999999998,172.80000000000001
390.5,173.5
390.60000000000002,174.09999999999999
390.69999999999999,174.80000000000001
390.80000000000001,175.40000000000001
390.89999999999998,176.30000000000001
391,176.90000000000001
391.10000000000002,177.40000000000001
391.19999999999999,178
391.30000000000001,178.80000000000001
391.39999999999998,179.40000000000001
391.5,180.09999999999999
391.60000000000002,180.80000000000001
391.69999999999999,181.5
391.80000000000001,182.09999999999999
391.89999999999998,182.90000000000001
392,183.59999999999999
392.10000000000002,184.09999999999999
392.19999999999999,184.90000000000001
392.30000000000001,185.69999999999999
392.39999999999998,186.30000000000001
392.5,187.09999999999999
392.60000000000002,187.69999999999999
392.69999999999999,188.5
392.80000000000001,189.09999999999999
392.89999999999998,189.80000000000001
393,190.5
393.10000000000002,191.30000000000001
393.19999999999999,192
393.30000000000001,192.80000000000001
393.39999999999998,193.5
393.5,194.30000000000001
393.60000000000002,195
393.69999999999999,195.59999999999999
393.80000000000001,196.30000000000001
393.89999999999998,197.19999999999999
394,197.80000000000001
394.10000000000002,198.40000000000001
394.19999999999999,199.19999999999999
394.30000000000001,199.59999999999999
394.39999999999998,200.59999999999999
394.5,201.40000000000001
394.60000000000002,202.19999999999999
394.69999999999999,202.80000000000001
394.80000000000001,203.69999999999999
394.89999999999998,204.40000000000001
395,205.09999999999999
395.10000000000002,206.09999999999999
395.19999999999999,206.5
395.30000000000001,207.40000000000001
395.39999999999998,207.90000000000001
395.5,208.80000000000001
395.60000000000002,209.69999999999999
395.69999999999999,210.30000000000001
395.80000000000001,211
395.89999999999998,211.19999999999999
396,212.5
396.10000000000002,213.30000000000001
396.19999999999999,214.09999999999999
396.30000000000001,214.80000000000001
396.39999999999998,215.5
396.5,216.30000000000001
396.60000000000002,217
396.69999999999999,217.80000000000001
396.80000000000001,218.69999999999999
396.89999999999998,219.30000000000001
397,220.09999999999999
397.10000000000002,221
397.19999999999999,222.09999999999999
397.30000000000001,222.80000000000001
397.39999999999998,223.40000000000001
397.5,224.19999999999999
397.60000000000002,225
397.69999999999999,225.69999999999999
397.80000000000001,226.40000000000001
397.89999999999998,227.30000000000001
398,228
398.10000000000002,228.80000000000001
398.19999999999999,229.59999999999999
398.30000000000001,230.40000000000001
398.39999999999998,231.19999999999999
398.5,231.90000000000001
398.60000000000002,232.69999999999999
398.69999999999999,233.59999999999999
398.80000000000001,234.40000000000001
398.89999999999998,235.19999999999999
399,235.80000000000001
399.10000000000002,236.80000000000001
399.19999999999999,237.40000000000001
399.30000000000001,238.30000000000001
399.39999999999998,239
399.5,239.80000000000001
399.60000000000002,240.80000000000001
399.69999999999999,241.40000000000001
399.80000000000001,242.30000000000001
399.89999999999998,243.09999999999999
400,243.80000000000001
400.10000000000002,244.59999999999999
400.19999999999999,245.40000000000001
400.30000000000001,246.09999999999999
400.39999999999998,247.09999999999999
400.5,247.90000000000001
400.60000000000002,248.69999999999999
400.69999999999999,249.59999999999999
400.80000000000001,250.40000000000001
400.89999999999998,251.19999999999999
401,252
401.10000000000002,253
401.19999999999999,253.69999999999999
401.30000000000001,254.59999999999999
401.39999999999998,255.19999999999999
401.5,255.90000000000001
401.60000000000002,256.69999999999999
401.69999999999999,257.69999999999999
401.80000000000001,258.5
401.89999999999998,259.19999999999999
402,260
402.10000000000002,261
402.19999999999999,261.80000000000001
402.30000000000001,262.60000000000002
402.39999999999998,263.5
402.5,264.39999999999998
402.60000000000002,265.10000000000002
402.69999999999999,265.89999999999998
402.80000000000001,266.80000000000001
402.89999999999998,267.80000000000001
403,268.69999999999999
403.10000000000002,269.30000000000001
403.19999999999999,270.10000000000002
403.30000000000001,271
403.39999999999998,271.69999999999999
403.5,272.39999999999998
403.60000000000002,273.39999999999998
403.69999999999999,274.30000000000001
403.80000000000001,275.10000000000002
403.89999999999998,276
404,276.80000000000001
404.10000000000002,278
404.19999999999999,278.5
404.30000000000001,279.30000000000001
404.39999999999998,280.10000000000002
404.5,280.89999999999998
404.60000000000002,281.80000000000001
404.69999999999999,282.5
404.80000000000001,283.5
404.89999999999998,284.30000000000001
405,285.39999999999998
405.10000000000002,285.89999999999998
405.19999999999999,286.80000000000001
405.30000000000001,287.69999999999999
405.39999999999998,288.5
405.5,289.30000000000001
405.60000000000002,290.19999999999999
405.69999999999999,290.80000000000001
405.80000000000001,291.69999999999999
405.89999999999998,292.5
406,293.39999999999998
406.10000000000002,294.30000000000001
406.19999999999999,295.19999999999999
406.30000000000001,296
406.39999999999998,296.69999999999999
406.5,297.69999999999999
406.60000000000002,298.5
406.69999999999999,299.39999999999998
406.80000000000001,300.10000000000002
406.89999999999998,301.10000000000002
407,301.89999999999998
407.10000000000002,302.80000000000001
407.19999999999999,303.69999999999999
407.30000000000001,304.5
407.39999999999998,305.10000000000002
407.5,306
407.60000000000002,306.89999999999998
407.69999999999999,307.60000000000002
407.80000000000001,308.60000000000002
407.89999999999998,309.30000000000001
408,310.19999999999999
408.10000000000002,311
408.19999999999999,311.89999999999998
408.30000000000001,312.69999999999999
408.39999999999998,313.5
408.5,314.39999999999998
408.60000000000002,315.19999999999999
408.69999999999999,316
408.80000000000001,316.80000000000001
408.89999999999998,317.89999999999998
409,318.60000000000002
409.10000000000002,319.60000000000002
409.19999999999999,320.30000000000001
409.30000000000001,321.30000000000001
409.39999999999998,321.80000000000001
409.5,322.69999999999999
409.60000000000002,324
409.69999999999999,324.60000000000002
409.80000000000001,325.30000000000001
409.89999999999998,326.10000000000002
410,327
410.10000000000002,327.60000000000002
410.19999999999999,328.69999999999999
410.30000000000001,329.39999999999998
410.39999999999998,330.19999999999999
410.5,331.19999999999999
410.60000000000002,332
410.69999999999999,332.80000000000001
410.80000000000001,333.69999999999999
410.89999999999998,334.30000000000001
411,335.5
411.10000000000002,335.89999999999998
411.19999999999999,337
411.30000000000001,338
411.39999999999998,338.69999999999999
411.5,339.30000000000001
411.60000000000002,340.19999999999999
411.69999999999999,341
411.80000000000001,341.80000000000001
411.89999999999998,342.69999999999999
412,343.39999999999998
412.10000000000002,344.19999999999999
412.19999999999999,345
412.30000000000001,345.89999999999998
412.39999999999998,346.69999999999999
412.5,347.60000000000002
412.60000000000002,348.39999999999998
412.69999999999999,349.10000000000002
412.80000000000001,350
412.89999999999998,351
413,351.60000000000002
413.10000000000002,352.5
413.19999999999999,353.39999999999998
413.30000000000001,354
413.39999999999998,355.10000000000002
413.5,355.80000000000001
413.60000000000002,356.60000000000002
413.69999999999999,357.39999999999998
413.80000000000001,358.10000000000002
413.89999999999998,359
414,359.89999999999998
414.10000000000002,360.60000000000002
414.19999999999999,361.30000000000001
414.30000000000001,362
414.39999999999998,362.80000000000001
414.5,363.69999999999999
414.60000000000002,364.5
414.69999999999999,365.10000000000002
414.80000000000001,365.89999999999998
414.89999999999998,366.69999999999999
415,367.60000000000002
415.10000000000002,368.19999999999999
415.19999999999999,369.10000000000002
415.30000000000001,369.89999999999998
415.39999999999998,370.69999999999999
415.5,371.39999999999998
415.60000000000002,372.39999999999998
415.69999999999999,373.10000000000002
415.80000000000001,373.80000000000001
415.89999999999998,374.60000000000002
416,375.30000000000001
416.10000000000002,376.19999999999999
416.19999999999999,376.89999999999998
416.30000000000001,377.69999999999999
416.39999999999998,378.30000000000001
416.5,379.19999999999999
416.60000000000002,379.89999999999998
416.69999999999999,380.89999999999998
416.80000000000001,381.5
416.89999999999998,382.39999999999998
417,383.10000000000002
417.10000000000002,383.89999999999998
417.19999999999999,384.5
417.30000000000001,385.30000000000001
417.39999999999998,386.30000000000001
417.5,387.10000000000002
417.60000000000002,387.80000000000001
417.69999999999999,388.5
417.80000000000001,389
417.89999999999998,389.80000000000001
418,390.60000000000002
418.10000000000002,391.39999999999998
418.19999999999999,392.10000000000002
418.30000000000001,392.89999999999998
418.39999999999998,393.5
418.5,394.30000000000001
418.60000000000002,395.10000000000002
418.69999999999999,395.69999999999999
418.80000000000001,396.30000000000001
418.89999999999998,397.30000000000001
419,397.89999999999998
419.10000000000002,398.80000000000001
419.19999999999999,399.39999999999998
419.30000000000001,400.10000000000002
419.39999999999998,400.80000000000001
419.5,401.80000000000001
419.60000000000002,402.39999999999998
419.69999999999999,403
419.80000000000001,403.69999999999999
419.89999999999998,404.5
420,405.10000000000002
420.10000000000002,405.80000000000001
420.19999999999999,406.5
420.30000000000001,407.10000000000002
420.39999999999998,407.80000000000001
420.5,408.5
420.60000000000002,409.19999999999999
420.69999999999999,409.89999999999998
420.80000000000001,410.60000000000002
420.89999999999998,411.19999999999999
421,412
421.10000000000002,412.60000000000002
421.19999999999999,413.5
421.30000000000001,414
421.39999999999998,414.60000000000002
421.5,415.39999999999998
421.60000000000002,416
421.69999999999999,416.60000000000002
421.80000000000001,417.30000000000001
421.89999999999998,418
422,418.60000000000002
422.10000000000002,419.39999999999998
422.19999999999999,420.10000000000002
422.30000000000001,420.69999999999999
422.39999999999998,421.30000000000001
422.5,421.89999999999998
422.60000000000002,422.5
422.69999999999999,423.19999999999999
422.80000000000001,423.89999999999998
422.89999999999998,424.39999999999998
423,425.10000000000002
423.10000000000002,425.60000000000002
423.19999999999999,426.39999999999998
423.30000000000001,427
423.39999999999998,427.80000000000001
423.5,428.19999999999999
423.60000000000002,428.89999999999998
423.69999999999999,429.5
423.80000000000001,430.10000000000002
423.89999999999998,430.80000000000001
424,431.5
424.10000000000002,432
424.19999999999999,432.60000000000002
424.30000000000001,433.19999999999999
424.39999999999998,433.80000000000001
424.5,434.39999999999998
424.60000000000002,435
424.69999999999999,435.69999999999999
424.80000000000001,436.10000000000002
424.89999999999998,436.89999999999998
425,437.5
425.10000000000002,438
425.19999999999999,438.60000000000002
425.30000000000001,439.10000000000002
425.39999999999998,439.69999999999999
425.5,440.39999999999998
425.60000000000002,440.89999999999998
425.69999999999999,441.39999999999998
425.80000000000001,442
425.89999999999998,442.60000000000002
426,443.10000000000002
426.10000000000002,443.60000000000002
426.19999999999999,444.30000000000001
426.30000000000001,444.80000000000001
426.39999999999998,445.30000000000001
426.5,445.80000000000001
426.60000000000002,446.30000000000001
426.69999999999999,447
426.80000000000001,447.5
426.89999999999998,448
427,448.5
427.10000000000002,449
427.19999999999999,449.60000000000002
427.30000000000001,450.30000000000001
427.39999999999998,450.69999999999999
427.5,451.19999999999999
427.60000000000002,451.5
427.69999999999999,452.10000000000002
427.80000000000001,452.60000000000002
427.89999999999998,453.19999999999999
428,453.69999999999999
428.10000000000002,454.30000000000001
428.19999999999999,454.69999999999999
428.30000000000001,455.10000000000002
428.39999999999998,455.69999999999999
428.5,456.30000000000001
428.60000000000002,456.60000000000002
428.69999999999999,457.10000000000002
428.80000000000001,457.60000000000002
428.89999999999998,458
429,458.39999999999998
429.10000000000002,458.89999999999998
429.19999999999999,459.39999999999998
429.30000000000001,459.89999999999998
429.39999999999998,460.30000000000001
429.5,460.80000000000001
429.60000000000002,461.19999999999999
429.69999999999999,461.60000000000002
429.80000000000001,462
429.89999999999998,462.5
430,463.10000000000002
430.10000000000002,463.5
430.19999999999999,463.89999999999998
430.30000000000001,464.5
430.39999999999998,465.19999999999999
430.5,465.30000000000001
430.60000000000002,465.60000000000002
430.69999999999999,465.80000000000001
430.80000000000001,466.30000000000001
430.89999999999998,466.69999999999999
431,467.30000000000001
431.10000000000002,467.69999999999999
431.19999999999999,468.19999999999999
431.30000000000001,468.60000000000002
431.39999999999998,469
431.5,469.19999999999999
431.60000000000002,469.69999999999999
431.69999999999999,469.89999999999998
431.80000000000001,470.30000000000001
431.89999999999998,470.69999999999999
432,471.30000000000001
432.10000000000002,471.5
432.19999999999999,471.80000000000001
432.30000000000001,472.19999999999999
432.39999999999998,472.60000000000002
432.5,473.10000000000002
432.60000000000002,473.30000000000001
432.69999999999999,473.5
432.80000000000001,474
432.89999999999998,474.19999999999999
433,474.60000000000002
433.10000000000002,474.89999999999998
433.19999999999999,475.30000000000001
433.30000000000001,475.60000000000002
433.39999999999998,475.80000000000001
433.5,476.19999999999999
433.60000000000002,476.5
433.69999999999999,476.80000000000001
433.80000000000001,477.10000000000002
433.89999999999998,477.5
434,477.89999999999998
434.10000000000002,478.19999999999999
434.19999999999999,478.30000000000001
434.30000000000001,478.60000000000002
434.39999999999998,479
434.5,479.39999999999998
434.60000000000002,479.5
434.69999999999999,479.80000000000001
434.80000000000001,480.19999999999999
434.89999999999998,480.39999999999998
435,480.60000000000002
435.10000000000002,480.89999999999998
435.19999999999999,481.10000000000002
435.30000000000001,481.39999999999998
435.39999999999998,481.69999999999999
435.5,482.19999999999999
435.60000000000002,482.5
435.69999999999999,482.60000000000002
435.80000000000001,482.80000000000001
435.89999999999998,483.19999999999999
436,483.60000000000002
436.10000000000002,483.60000000000002
436.19999999999999,483.80000000000001
436.30000000000001,483.89999999999998
436.39999999999998,484.10000000000002
436.5,484.30000000000001
436.60000000000002,484.60000000000002
436.69999999999999,484.60000000000002
436.80000000000001,484.89999999999998
436.89999999999998,485.10000000000002
437,485.19999999999999
437.10000000000002,485.60000000000002
437.19999999999999,485.69999999999999
437.30000000000001,485.89999999999998
437.39999999999998,486.10000000000002
437.5,486.19999999999999
437.60000000000002,486.5
437.69999999999999,486.5
437.80000000000001,487
437.89999999999998,487
438,487.19999999999999
438.10000000000002,487.30000000000001
438.19999999999999,487.60000000000002
438.30000000000001,487.60000000000002
438.39999999999998,487.69999999999999
438.5,487.89999999999998
438.60000000000002,488
438.69999999999999,488
438.80000000000001,488.30000000000001
438.89999999999998,488.5
439,488.5
439.10000000000002,488.5
439.19999999999999,488.80000000000001
439.30000000000001,489
439.39999999999998,489.30000000000001
439.5,489.30000000000001
439.60000000000002,489.30000000000001
439.69999999999999,489.30000000000001
439.80000000000001,489.39999999999998
439.89999999999998,489.60000000000002
440,490
440.10000000000002,489.69999999999999
440.19999999999999,489.80000000000001
440.30000000000001,489.89999999999998
440.39999999999998,489.89999999999998
440.5,490.10000000000002
440.60000000000002,489.80000000000001
440.69999999999999,490
440.80000000000001,490.10000000000002
440.89999999999998,490.30000000000001
441,490.30000000000001
441.10000000000002,490.39999999999998
441.19999999999999,490.39999999999998
441.30000000000001,490.30000000000001
441.39999999999998,490.30000000000001
441.5,490.30000000000001
441.60000000000002,490.39999999999998
441.69999999999999,490.5
441.80000000000001,490.39999999999998
441.89999999999998,490.39999999999998
442,490.5
442.10000000000002,490.60000000000002
442.19999999999999,490.80000000000001
442.30000000000001,490.69999999999999
442.39999999999998,490.69999999999999
442.5,490.60000000000002
442.60000000000002,490.5
442.69999999999999,490.39999999999998
442.80000000000001,490.39999999999998
442.89999999999998,490.5
443,490.5
443.10000000000002,490.69999999999999
443.19999999999999,490.5
443.30000000000001,490.69999999999999
443.39999999999998,490.39999999999998
443.5,490.39999999999998
443.60000000000002,490.30000000000001
443.69999999999999,490.19999999999999
443.80000000000001,490.10000000000002
443.89999999999998,490
444,490
444.10000000000002,490.10000000000002
444.19999999999999,489.89999999999998
444.30000000000001,489.69999999999999
444.39999999999998,489.80000000000001
444.5,489.80000000000001
444.60000000000002,489.69999999999999
444.69999999999999,489.60000000000002
444.80000000000001,489.5
444.89999999999998,489.30000000000001
445,489.30000000000001
445.10000000000002,489.30000000000001
445.19999999999999,489.10000000000002
445.30000000000001,488.89999999999998
445.39999999999998,488.80000000000001
445.5,488.69999999999999
445.60000000000002,488.60000000000002
445.69999999999999,488.5
445.80000000000001,488.39999999999998
445.89999999999998,488.10000000000002
446,488.10000000000002
446.10000000000002,488.10000000000002
446.19999999999999,487.89999999999998
446.30000000000001,487.80000000000001
446.39999999999998,487.69999999999999
446.5,487.5
446.60000000000002,487.30000000000001
446.69999999999999,487.19999999999999
446.80000000000001,487
446.89999999999998,486.80000000000001
447,486.60000000000002
447.10000000000002,486.5
447.19999999999999,486.19999999999999
447.30000000000001,486.5
447.39999999999998,486.30000000000001
447.5,485.69999999999999
447.60000000000002,485.5
447.69999999999999,485.30000000000001
447.80000000000001,485.5
447.89999999999998,485
448,484.80000000000001
448.10000000000002,484.5
448.19999999999999,484.39999999999998
448.30000000000001,484
448.39999999999998,483.80000000000001
448.5,483.5
448.60000000000002,483.39999999999998
448.69999999999999,483.19999999999999
448.80000000000001,482.89999999999998
448.89999999999998,482.69999999999999
449,482.39999999999998
449.10000000000002,482.30000000000001
449.19999999999999,481.89999999999998
449.30000000000001,481.69999999999999
449.39999999999998,481.5
449.5,481.30000000000001
449.60000000000002,480.89999999999998
449.69999999999999,480.69999999999999
449.80000000000001,480.5
449.89999999999998,480.39999999999998
450,480.10000000000002
450.10000000000002,479.69999999999999
450.19999999999999,479.60000000000002
450.30000000000001,479.5
450.39999999999998,479
450.5,478.5
450.60000000000002,478.39999999999998
450.69999999999999,477.89999999999998
450.80000000000001,477.69999999999999
450.89999999999998,477.30000000000001
451,477.10000000000002
451.10000000000002,476.89999999999998
451.19999999999999,476.80000000000001
451.30000000000001,476.30000000000001
451.39999999999998,476
451.5,475.69999999999999
451.60000000000002,475.30000000000001
451.69999999999999,474.89999999999998
451.80000000000001,474.5
451.89999999999998,474.19999999999999
452,473.80000000000001
452.10000000000002,473.5
452.19999999999999,473.19999999999999
452.30000000000001,472.89999999999998
452.39999999999998,472.69999999999999
452.5,472.30000000000001
452.60000000000002,471.69999999999999
452.69999999999999,471.39999999999998
452.80000000000001,471.10000000000002
452.89999999999998,470.60000000000002
453,470.19999999999999
453.10000000000002,469.89999999999998
453.19999999999999,469.60000000000002
453.30000000000001,469.19999999999999
453.39999999999998,469
453.5,468.5
453.60000000000002,468
453.69999999999999,467.69999999999999
453.80000000000001,467.19999999999999
453.89999999999998,466.89999999999998
454,466.30000000000001
454.10000000000002,466
454.19999999999999,465.69999999999999
454.30000000000001,465.30000000000001
454.39999999999998,464.89999999999998
454.5,464.5
454.60000000000002,464
454.69999999999999,463.60000000000002
454.80000000000001,463.30000000000001
454.89999999999998,462.89999999999998
455,462.30000000000001
455.10000000000002,461.89999999999998
455.19999999999999,461.30000000000001
455.30000000000001,461.10000000000002
455.39999999999998,460.60000000000002
455.5,460
455.60000000000002,459.60000000000002
455.69999999999999,459.10000000000002
455.80000000000001,458.80000000000001
455.89999999999998,458.19999999999999
456,457.80000000000001
456.10000000000002,457.39999999999998
456.19999999999999,457.10000000000002
456.30000000000001,456.69999999999999
456.39999999999998,456.10000000000002
456.5,455.69999999999999
456.60000000000002,455.19999999999999
456.69999999999999,454.60000000000002
456.80000000000001,454.10000000000002
456.89999999999998,453.5
457,453.10000000000002
457.10000000000002,452.80000000000001
457.19999999999999,452.19999999999999
457.30000000000001,451.89999999999998
457.39999999999998,451.30000000000001
457.5,450.80000000000001
457.60000000000002,450.19999999999999
457.69999999999999,449.80000000000001
457.80000000000001,449.10000000000002
457.89999999999998,448.69999999999999
458,448.30000000000001
458.10000000000002,447.69999999999999
458.19999999999999,447.10000000000002
458.30000000000001,446.60000000000002
458.39999999999998,446
458.5,445.60000000000002
458.60000000000002,445
458.69999999999999,444.60000000000002
458.80000000000001,444.19999999999999
458.89999999999998,443.60000000000002
459,443.10000000000002
459.10000000000002,442.39999999999998
459.19999999999999,441.80000000000001
459.30000000000001,441.30000000000001
459.39999999999998,440.69999999999999
459.5,440.39999999999998
459.60000000000002,439.60000000000002
459.69999999999999,439.10000000000002
459.80000000000001,438.69999999999999
459.89999999999998,438.19999999999999
460,437.5
460.10000000000002,437.10000000000002
460.19999999999999,436.30000000000001
460.30000000000001,435.80000000000001
460.39999999999998,435.19999999999999
460.5,434.60000000000002
460.60000000000002,433.89999999999998
460.69999999999999,433.39999999999998
460.80000000000001,432.80000000000001
460.89999999999998,432.10000000000002
461,431.5
461.10000000000002,430.89999999999998
461.19999999999999,430.5
461.30000000000001,429.89999999999998
461.39999999999998,429.30000000000001
461.5,428.5
461.60000000000002,428
461.69999999999999,427.39999999999998
461.80000000000001,426.80000000000001
461.89999999999998,426.19999999999999
462,425.60000000000002
462.10000000000002,424.89999999999998
462.19999999999999,424.30000000000001
462.30000000000001,423.69999999999999
462.39999999999998,423.10000000000002
462.5,422.69999999999999
462.60000000000002,422
462.69999999999999,421.30000000000001
462.80000000000001,420.69999999999999
462.89999999999998,420.10000000000002
463,419.39999999999998
463.10000000000002,418.80000000000001
463.19999999999999,418.10000000000002
463.30000000000001,417.5
463.39999999999998,416.89999999999998
463.5,416.30000000000001
463.60000000000002,415.69999999999999
463.69999999999999,415
463.80000000000001,414.5
463.89999999999998,413.80000000000001
464,413.39999999999998
464.10000000000002,412.89999999999998
464.19999999999999,411.89999999999998
464.30000000000001,411.10000000000002
464.39999999999998,410.39999999999998
464.5,410
464.60000000000002,409
464.69999999999999,408.5
464.80000000000001,407.89999999999998
464.89999999999998,407.19999999999999
465,406.60000000000002
465.10000000000002,405.69999999999999
465.19999999999999,405.10000000000002
465.30000000000001,404.5
465.39999999999998,403.89999999999998
465.5,403.30000000000001
465.60000000000002,402.60000000000002
465.69999999999999,401.89999999999998
465.80000000000001,401.19999999999999
465.89999999999998,400.80000000000001
466,400
466.10000000000002,399.10000000000002
466.19999999999999,398.5
466.30000000000001,397.69999999999999
466.39999999999998,397
466.5,396.19999999999999
466.60000000000002,395.80000000000001
466.69999999999999,394.89999999999998
466.80000000000001,394.10000000000002
466.89999999999998,393.39999999999998
467,392.80000000000001
467.10000000000002,392.30000000000001
467.19999999999999,391.60000000000002
467.30000000000001,390.69999999999999
467.39999999999998,389.89999999999998
467.5,389.30000000000001
467.60000000000002,388.60000000000002
467.69999999999999,387.89999999999998
467.80000000000001,387.19999999999999
467.89999999999998,386.39999999999998
468,385.69999999999999
468.10000000000002,385.19999999999999
468.19999999999999,384.30000000000001
468.30000000000001,383.60000000000002
468.39999999999998,382.80000000000001
468.5,382.39999999999998
468.60000000000002,381.39999999999998
468.69999999999999,380.80000000000001
468.80000000000001,380.10000000000002
468.89999999999998,379.19999999999999
469,378.5
469.10000000000002,377.80000000000001
469.19999999999999,377.19999999999999
469.30000000000001,376.39999999999998
469.39999999999998,375.60000000000002
469.5,375
469.60000000000002,374.10000000000002
469.69999999999999,373.39999999999998
469.80000000000001,372.80000000000001
469.89999999999998,371.89999999999998
470,371.19999999999999
470.10000000000002,370.60000000000002
470.19999999999999,369.80000000000001
470.30000000000001,369
470.39999999999998,368.19999999999999
470.5,367.5
470.60000000000002,366.69999999999999
470.69999999999999,366.10000000000002
470.80000000000001,365.30000000000001
470.89999999999998,364.39999999999998
471,363.69999999999999
471.10000000000002,363.30000000000001
471.19999999999999,362.39999999999998
471.30000000000001,361.5
471.39999999999998,360.80000000000001
471.5,360
471.60000000000002,359.39999999999998
471.69999999999999,358.60000000000002
471.80000000000001,357.80000000000001
471.89999999999998,357.10000000000002
472,356.30000000000001
472.10000000000002,355.60000000000002
472.19999999999999,354.60000000000002
472.30000000000001,353.89999999999998
472.39999999999998,353.10000000000002
472.5,352.39999999999998
472.60000000000002,351.60000000000002
472.69999999999999,350.89999999999998
472.80000000000001,350.19999999999999
472.89999999999998,349.39999999999998
473,348.80000000000001
473.10000000000002,347.89999999999998
473.19999999999999,347
473.30000000000001,346.30000000000001
473.39999999999998,345.60000000000002
473.5,344.80000000000001
473.60000000000002,344
473.69999999999999,343.19999999999999
473.80000000000001,342.39999999999998
473.89999999999998,341.80000000000001
474,341
474.10000000000002,340.19999999999999
474.19999999999999,339.39999999999998
474.30000000000001,338.60000000000002
474.39999999999998,337.80000000000001
474.5,337
474.60000000000002,336.30000000000001
474.69999999999999,335.5
474.80000000000001,334.80000000000001
474.89999999999998,334
475,333.30000000000001
475.10000000000002,332.39999999999998
475.19999999999999,331.80000000000001
475.30000000000001,330.89999999999998
475.39999999999998,330.10000000000002
475.5,329.19999999999999
475.60000000000002,328.39999999999998
475.69999999999999,327.60000000000002
475.80000000000001,326.89999999999998
475.89999999999998,326
476,325.19999999999999
476.10000000000002,324.5
476.19999999999999,323.69999999999999
476.30000000000001,322.89999999999998
476.39999999999998,322.10000000000002
476.5,321.39999999999998
476.60000000000002,320.60000000000002
476.69999999999999,319.89999999999998
476.80000000000001,319.10000000000002
476.89999999999998,318.10000000000002
477,317.5
477.10000000000002,316.69999999999999
477.19999999999999,315.80000000000001
477.30000000000001,315
477.39999999999998,314.30000000000001
477.5,313.5
477.60000000000002,312.69999999999999
477.69999999999999,311.89999999999998
477.80000000000001,311.10000000000002
477.89999999999998,310.30000000000001
478,309.60000000000002
478.10000000000002,308.89999999999998
478.19999999999999,308
478.30000000000001,307.30000000000001
478.39999999999998,306.69999999999999
478.5,305.69999999999999
478.60000000000002,304.69999999999999
478.69999999999999,304
478.80000000000001,303.30000000000001
478.89999999999998,302.39999999999998
479,301.5
479.10000000000002,300.80000000000001
479.19999999999999,300.10000000000002
479.30000000000001,299.30000000000001
479.39999999999998,298.5
479.5,297.60000000000002
479.60000000000002,296.89999999999998
479.69999999999999,296.19999999999999
479.80000000000001,295.69999999999999
479.89999999999998,294.5
480,293.69999999999999
480.10000000000002,293.19999999999999
480.19999999999999,292.5
480.30000000000001,291.39999999999998
480.39999999999998,290.5
480.5,289.60000000000002
480.60000000000002,288.80000000000001
480.69999999999999,288.30000000000001
480.80000000000001,287.30000000000001
480.89999999999998,286.5
481,285.80000000000001
481.10000000000002,284.89999999999998
481.19999999999999,284.19999999999999
481.30000000000001,283.30000000000001
481.39999999999998,282.39999999999998
481.5,281.80000000000001
481.60000000000002,281
481.69999999999999,280.30000000000001
481.80000000000001,279.5
481.89999999999998,278.60000000000002
482,278
482.10000000000002,277.69999999999999
482.19999999999999,276.60000000000002
482.30000000000001,275.60000000000002
482.39999999999998,274.69999999999999
482.5,274.10000000000002
482.60000000000002,273.19999999999999
482.69999999999999,272.39999999999998
482.80000000000001,271.60000000000002
482.89999999999998,270.69999999999999
483,269.89999999999998
483.10000000000002,269.19999999999999
483.19999999999999,268.39999999999998
483.30000000000001,267.80000000000001
483.39999999999998,267.10000000000002
483.5,266.19999999999999
483.60000000000002,265.30000000000001
483.69999999999999,264.60000000000002
483.80000000000001,263.69999999999999
483.89999999999998,263.19999999999999
484,262.19999999999999
484.10000000000002,261.30000000000001
484.19999999999999,260.60000000000002
484.30000000000001,259.89999999999998
484.39999999999998,259.10000000000002
484.5,258.19999999999999
484.60000000000002,257.69999999999999
484.69999999999999,256.69999999999999
484.80000000000001,255.90000000000001
484.89999999999998,255.09999999999999
485,254.5
485.10000000000002,253.69999999999999
485.19999999999999,252.80000000000001
485.30000000000001,252.09999999999999
485.39999999999998,251.30000000000001
485.5,250.40000000000001
485.60000000000002,249.59999999999999
485.69999999999999,249
485.80000000000001,248.19999999999999
485.89999999999998,247.5
486,246.69999999999999
486.10000000000002,245.90000000000001
486.19999999999999,245.09999999999999
486.30000000000001,244.40000000000001
486.39999999999998,243.80000000000001
486.5,242.90000000000001
486.60000000000002,242
486.69999999999999,241.19999999999999
486.80000000000001,240.40000000000001
486.89999999999998,239.69999999999999
487,239.30000000000001
487.10000000000002,238.69999999999999
487.19999999999999,237.59999999999999
487.30000000000001,236.80000000000001
487.39999999999998,236.19999999999999
487.5,235.30000000000001
487.60000000000002,234.69999999999999
487.69999999999999,233.80000000000001
487.80000000000001,232.90000000000001
487.89999999999998,232.19999999999999
488,231.69999999999999
488.10000000000002,230.80000000000001
488.19999999999999,229.80000000000001
488.30000000000001,229.30000000000001
488.39999999999998,228.30000000000001
488.5,227.59999999999999
488.60000000000002,226.80000000000001
488.69999999999999,226.09999999999999
488.80000000000001,225.40000000000001
488.89999999999998,224.59999999999999
489,223.80000000000001
489.10000000000002,223.09999999999999
489.19999999999999,222.30000000000001
489.30000000000001,221.59999999999999
489.39999999999998,221
489.5,220.09999999999999
489.60000000000002,219.40000000000001
489.69999999999999,218.80000000000001
489.80000000000001,218
489.89999999999998,217.09999999999999
490,216.5
490.10000000000002,215.80000000000001
490.19999999999999,215
490.30000000000001,214.19999999999999
490.39999999999998,213.59999999999999
490.5,212.80000000000001
490.60000000000002,212.09999999999999
490.69999999999999,211.5
490.80000000000001,210.5
490.89999999999998,209.90000000000001
491,209.09999999999999
491.10000000000002,208.40000000000001
491.19999999999999,207.59999999999999
491.30000000000001,207
491.39999999999998,206.19999999999999
491.5,205.59999999999999
491.60000000000002,205
491.69999999999999,204.19999999999999
491.80000000000001,203.40000000000001
491.89999999999998,202.69999999999999
492,202.09999999999999
492.10000000000002,201.19999999999999
492.19999999999999,200.59999999999999
492.30000000000001,199.80000000000001
492.39999999999998,199.09999999999999
492.5,198.30000000000001
492.60000000000002,197.59999999999999
492.69999999999999,196.90000000000001
492.80000000000001,196.19999999999999
492.89999999999998,195.5
493,194.80000000000001
493.10000000000002,194.09999999999999
493.19999999999999,193.80000000000001
493.30000000000001,192.90000000000001
493.39999999999998,192
493.5,191.30000000000001
493.60000000000002,190.80000000000001
493.69999999999999,189.90000000000001
493.80000000000001,189.40000000000001
493.89999999999998,188.59999999999999
494,187.80000000000001
494.10000000000002,187.40000000000001
494.19999999999999,186.40000000000001
494.30000000000001,185.90000000000001
494.39999999999998,185
494.5,184.30000000000001
494.60000000000002,183.69999999999999
494.69999999999999,182.90000000000001
494.80000000000001,182.30000000000001
494.89999999999998,181.69999999999999
495,181.09999999999999
495.10000000000002,180.30000000000001
495.19999999999999,179.90000000000001
495.30000000000001,179
495.39999999999998,178.30000000000001
495.5,177.59999999999999
495.60000000000002,176.90000000000001
495.69999999999999,176.19999999999999
495.80000000000001,175.59999999999999
495.89999999999998,174.90000000000001
496,174.30000000000001
496.10000000000002,173.80000000000001
496.19999999999999,172.90000000000001
496.30000000000001,172.09999999999999
496.39999999999998,171.59999999999999
496.5,170.90000000000001
496.60000000000002,170.30000000000001
496.69999999999999,169.69999999999999
496.80000000000001,169
496.89999999999998,168.59999999999999
497,167.69999999999999
497.10000000000002,166.80000000000001
497.19999999999999,166.19999999999999
497.30000000000001,165.69999999999999
497.39999999999998,165
497.5,164.5
497.60000000000002,163.80000000000001
497.69999999999999,163
497.80000000000001,162.30000000000001
497.89999999999998,161.69999999999999
498,161.19999999999999
498.10000000000002,160.40000000000001
498.19999999999999,160.09999999999999
498.30000000000001,159.19999999999999
498.39999999999998,158.69999999999999
498.5,158
498.60000000000002,157.30000000000001
498.69999999999999,156.59999999999999
498.80000000000001,155.90000000000001
498.89999999999998,155.40000000000001
499,154.69999999999999
499.10000000000002,154.19999999999999
499.19999999999999,153.59999999999999
499.30000000000001,152.90000000000001
499.39999999999998,152.30000000000001
499.5,151.59999999999999
499.60000000000002,151.09999999999999
499.69999999999999,150.40000000000001
499.80000000000001,149.80000000000001
499.89999999999998,149
500,148.40000000000001
500.10000000000002,147.69999999999999
500.19999999999999,147.30000000000001
500.30000000000001,146.69999999999999
500.39999999999998,146.19999999999999
500.5,145.69999999999999
500.60000000000002,145
500.69999999999999,144.19999999999999
500.80000000000001,143.5
500.89999999999998,143.30000000000001
501,142.40000000000001
501.10000000000002,141.90000000000001
501.19999999999999,141.19999999999999
501.30000000000001,140.59999999999999
501.39999999999998,140.09999999999999
501.5,139.59999999999999
501.60000000000002,138.90000000000001
501.69999999999999,138.30000000000001
501.80000000000001,137.69999999999999
501.89999999999998,137.19999999999999
502,136.69999999999999
502.10000000000002,136
502.19999999999999,135.40000000000001
502.30000000000001,135
502.39999999999998,134.30000000000001
502.5,133.69999999999999
502.60000000000002,133.19999999999999
502.69999999999999,133.19999999999999
502.80000000000001,132.30000000000001
502.89999999999998,131.5
503,130.90000000000001
503.10000000000002,130.19999999999999
503.19999999999999,129.90000000000001
503.30000000000001,129.30000000000001
503.39999999999998,128.40000000000001
503.5,127.90000000000001
503.60000000000002,127.3
503.69999999999999,126.8
503.80000000000001,126.3
503.89999999999998,125.7
504,125.09999999999999
504.10000000000002,124.59999999999999
504.19999999999999,124
504.30000000000001,123.40000000000001
504.39999999999998,122.8
504.5,122.3
504.60000000000002,121.8
504.69999999999999,121.2
504.80000000000001,120.5
504.89999999999998,120.2
505,119.5
505.10000000000002,119
505.19999999999999,118.5
505.30000000000001,117.90000000000001
505.39999999999998,117.40000000000001
505.5,116.90000000000001
505.60000000000002,116.3
505.69999999999999,115.90000000000001
505.80000000000001,115.3
505.89999999999998,114.90000000000001
506,114.40000000000001
506.10000000000002,113.7
506.19999999999999,113.2
506.30000000000001,112.59999999999999
506.39999999999998,112.09999999999999
506.5,111.59999999999999
506.60000000000002,111.09999999999999
506.69999999999999,110.7
506.80000000000001,110.2
506.89999999999998,109.7
507,109.3
507.10000000000002,108.59999999999999
507.19999999999999,108
507.30000000000001,107.7
507.39999999999998,107.09999999999999
507.5,106.5
507.60000000000002,106.09999999999999
507.69999999999999,105.59999999999999
507.80000000000001,105.09999999999999
507.89999999999998,104.59999999999999
508,104.09999999999999
508.10000000000002,103.59999999999999
508.19999999999999,103.2
508.30000000000001,102.7
508.39999999999998,102.09999999999999
508.5,101.7
508.60000000000002,101.2
508.69999999999999,100.7
508.80000000000001,100.09999999999999
508.89999999999998,99.629999999999995
509,99.340000000000003
509.10000000000002,98.75
509.19999999999999,98.340000000000003
509.30000000000001,97.870000000000005
509.39999999999998,97.379999999999995
509.5,96.790000000000006
509.60000000000002,96.599999999999994
509.69999999999999,95.959999999999994
509.80000000000001,95.549999999999997
509.89999999999998,95.079999999999998
510,94.579999999999998
510.10000000000002,94.170000000000002
510.19999999999999,93.780000000000001
510.30000000000001,93.189999999999998
510.39999999999998,92.840000000000003
510.5,92.189999999999998
510.60000000000002,91.75
510.69999999999999,91.269999999999996
510.80000000000001,90.819999999999993
510.89999999999998,90.349999999999994
511,90.090000000000003
511.10000000000002,89.579999999999998
511.19999999999999,89.120000000000005
511.30000000000001,88.650000000000006
511.39999999999998,88.150000000000006
511.5,87.760000000000005
511.60000000000002,87.340000000000003
511.69999999999999,86.849999999999994
511.80000000000001,86.459999999999994
511.89999999999998,86
512,85.510000000000005
512.10000000000002,85.170000000000002
512.20000000000005,84.739999999999995
512.29999999999995,84.200000000000003
512.39999999999998,83.739999999999995
512.5,83.359999999999999
512.60000000000002,82.920000000000002
512.70000000000005,82.590000000000003
512.79999999999995,82.090000000000003
512.89999999999998,81.719999999999999
513,81.299999999999997
513.10000000000002,80.909999999999997
513.20000000000005,80.540000000000006
513.29999999999995,80.109999999999999
513.39999999999998,79.730000000000004
513.5,79.170000000000002
513.60000000000002,78.799999999999997
513.70000000000005,78.379999999999995
513.79999999999995,78.060000000000002
513.89999999999998,77.569999999999993
514,77.180000000000007
514.10000000000002,76.959999999999994
514.20000000000005,76.340000000000003
514.29999999999995,76.069999999999993
514.39999999999998,75.599999999999994
514.5,75.230000000000004
514.60000000000002,74.75
514.70000000000005,74.459999999999994
514.79999999999995,73.959999999999994
514.89999999999998,73.620000000000005
515,73.200000000000003
515.10000000000002,72.950000000000003
515.20000000000005,72.700000000000003
515.29999999999995,72.180000000000007
515.39999999999998,71.599999999999994
515.5,71.219999999999999
515.60000000000002,71
515.70000000000005,70.590000000000003
515.79999999999995,70.120000000000005
515.89999999999998,69.900000000000006
516,69.530000000000001
516.10000000000002,68.980000000000004
516.20000000000005,68.620000000000005
516.29999999999995,68.260000000000005
516.39999999999998,67.909999999999997
516.5,67.540000000000006
516.60000000000002,67.180000000000007
516.70000000000005,66.799999999999997
516.79999999999995,66.540000000000006
516.89999999999998,66.5
517,66
517.10000000000002,65.480000000000004
517.20000000000005,65.049999999999997
517.29999999999995,64.840000000000003
517.39999999999998,64.519999999999996
517.5,64
517.60000000000002,63.659999999999997
517.70000000000005,63.299999999999997
517.79999999999995,62.979999999999997
517.89999999999998,62.490000000000002
518,62.189999999999998
518.10000000000002,61.969999999999999
518.20000000000005,61.539999999999999
518.29999999999995,61.310000000000002
518.39999999999998,60.950000000000003
518.5,60.649999999999999
518.60000000000002,60.289999999999999
518.70000000000005,59.770000000000003
518.79999999999995,59.479999999999997
518.89999999999998,59.25
519,58.859999999999999
519.10000000000002,58.390000000000001
519.20000000000005,58.159999999999997
519.29999999999995,57.810000000000002
519.39999999999998,57.43
519.5,57.149999999999999
519.60000000000002,56.869999999999997
519.70000000000005,56.530000000000001
519.79999999999995,56.140000000000001
519.89999999999998,55.939999999999998
520,55.520000000000003
520.10000000000002,55.210000000000001
520.20000000000005,54.909999999999997
520.29999999999995,54.619999999999997
520.39999999999998,54.32
520.5,54.119999999999997
520.60000000000002,53.640000000000001
520.70000000000005,53.479999999999997
520.79999999999995,53.140000000000001
520.89999999999998,52.789999999999999
521,52.560000000000002
521.10000000000002,52.25
521.20000000000005,51.880000000000003
521.29999999999995,51.780000000000001
521.39999999999998,51.32
521.5,50.950000000000003
521.60000000000002,50.68
521.70000000000005,50.240000000000002
521.79999999999995,50.060000000000002
521.89999999999998,49.810000000000002
522,49.409999999999997
522.10000000000002,49.109999999999999
522.20000000000005,48.75
522.29999999999995,48.549999999999997
522.39999999999998,48.340000000000003
522.5,48.100000000000001
522.60000000000002,47.640000000000001
522.70000000000005,47.409999999999997
522.79999999999995,47.200000000000003
522.89999999999998,46.990000000000002
523,46.619999999999997
523.10000000000002,46.409999999999997
523.20000000000005,46.100000000000001
523.29999999999995,45.829999999999998
523.39999999999998,45.420000000000002
523.5,45.18
523.60000000000002,44.850000000000001
523.70000000000005,44.579999999999998
523.79999999999995,44.350000000000001
523.89999999999998,44.140000000000001
524,43.810000000000002
524.10000000000002,43.530000000000001
524.20000000000005,43.159999999999997
524.29999999999995,42.990000000000002
524.39999999999998,42.770000000000003
524.5,42.509999999999998
524.60000000000002,42.270000000000003
524.70000000000005,42.030000000000001
524.79999999999995,41.810000000000002
524.89999999999998,41.439999999999998
525,41.259999999999998
525.10000000000002,40.990000000000002
525.20000000000005,40.829999999999998
525.29999999999995,40.700000000000003
525.39999999999998,40.189999999999998
525.5,39.990000000000002
525.60000000000002,39.710000000000001
525.70000000000005,39.390000000000001
525.79999999999995,39.210000000000001
525.89999999999998,39.009999999999998
526,38.700000000000003
526.10000000000002,38.390000000000001
526.20000000000005,38.200000000000003
526.29999999999995,38.030000000000001
526.39999999999998,37.850000000000001
526.5,37.640000000000001
526.60000000000002,37.270000000000003
526.70000000000005,36.969999999999999
526.79999999999995,36.93
526.89999999999998,36.57
527,36.280000000000001
527.10000000000002,36.140000000000001
527.20000000000005,35.869999999999997
527.29999999999995,35.700000000000003
527.39999999999998,35.350000000000001
527.5,35.289999999999999
527.60000000000002,35.030000000000001
527.70000000000005,34.810000000000002
527.79999999999995,34.479999999999997
527.89999999999998,34.259999999999998
528,34.149999999999999
528.10000000000002,34.049999999999997
528.20000000000005,33.840000000000003
528.29999999999995,33.539999999999999
528.39999999999998,33.32
528.5,33.020000000000003
528.60000000000002,32.780000000000001
528.70000000000005,32.539999999999999
528.79999999999995,32.280000000000001
528.89999999999998,32.270000000000003
529,31.859999999999999
529.10000000000002,31.800000000000001
529.20000000000005,31.579999999999998
529.29999999999995,31.25
529.39999999999998,30.98
529.5,30.800000000000001
529.60000000000002,30.710000000000001
529.70000000000005,30.449999999999999
529.79999999999995,30.199999999999999
529.89999999999998,29.949999999999999
530,29.82
530.10000000000002,29.649999999999999
530.20000000000005,29.489999999999998
530.29999999999995,29.219999999999999
530.39999999999998,28.969999999999999
530.5,28.760000000000002
530.60000000000002,28.760000000000002
530.70000000000005,28.539999999999999
530.79999999999995,28.359999999999999
530.89999999999998,28.210000000000001
531,28.149999999999999
531.10000000000002,27.859999999999999
531.20000000000005,27.800000000000001
531.29999999999995,27.460000000000001
531.39999999999998,27.120000000000001
531.5,27.02
531.60000000000002,26.690000000000001
531.70000000000005,26.77
531.79999999999995,26.460000000000001
531.89999999999998,26.239999999999998
532,26.100000000000001
532.10000000000002,25.899999999999999
532.20000000000005,25.800000000000001
532.29999999999995,25.600000000000001
532.39999999999998,25.52
532.5,25.260000000000002
532.60000000000002,25.09
532.70000000000005,24.940000000000001
532.79999999999995,24.850000000000001
532.89999999999998,24.57
533,24.460000000000001
533.10000000000002,24.170000000000002
533.20000000000005,24.109999999999999
533.29999999999995,23.920000000000002
533.39999999999998,23.77
533.5,23.57
533.60000000000002,23.350000000000001
533.70000000000005,23.16
533.79999999999995,23.140000000000001
533.89999999999998,22.859999999999999
534,22.629999999999999
534.10000000000002,22.510000000000002
534.20000000000005,22.420000000000002
534.29999999999995,22.27
534.39999999999998,22.100000000000001
534.5,22.039999999999999
534.60000000000002,21.75
534.70000000000005,21.640000000000001
534.79999999999995,21.460000000000001
534.89999999999998,21.399999999999999
535,21.18
535.10000000000002,21.120000000000001
535.20000000000005,21.16
535.29999999999995,20.710000000000001
535.39999999999998,20.489999999999998
535.5,20.640000000000001
535.60000000000002,20.620000000000001
535.70000000000005,20.359999999999999
535.79999999999995,20.16
535.89999999999998,19.850000000000001
536,19.920000000000002
536.10000000000002,19.57
536.20000000000005,19.379999999999999
536.29999999999995,19.25
536.39999999999998,19.140000000000001
536.5,18.98
536.60000000000002,18.82
536.70000000000005,18.640000000000001
536.79999999999995,18.530000000000001
536.89999999999998,18.399999999999999
537,18.27
537.10000000000002,18.280000000000001
537.20000000000005,18.030000000000001
537.29999999999995,17.890000000000001
537.39999999999998,17.68
537.5,17.84
537.60000000000002,17.239999999999998
537.70000000000005,17.460000000000001
537.79999999999995,17.239999999999998
537.89999999999998,17.16
538,17.129999999999999
538.10000000000002,16.84
538.20000000000005,16.75
538.29999999999995,16.609999999999999
538.39999999999998,16.719999999999999
538.5,16.539999999999999
538.60000000000002,16.260000000000002
538.70000000000005,16.100000000000001
538.79999999999995,15.970000000000001
538.89999999999998,15.74
539,15.68
539.10000000000002,15.75
539.20000000000005,15.6
539.29999999999995,15.449999999999999
539.39999999999998,15.449999999999999
539.5,15.359999999999999
539.60000000000002,15.119999999999999
539.70000000000005,14.890000000000001
539.79999999999995,14.880000000000001
539.89999999999998,14.710000000000001
540,14.6
540.10000000000002,14.91
540.20000000000005,14.640000000000001
540.29999999999995,14.32
540.39999999999998,14.199999999999999
540.5,14.33
540.60000000000002,13.9
540.70000000000005,14.029999999999999
540.79999999999995,13.81
540.89999999999998,13.58
541,13.68
541.10000000000002,13.48
541.20000000000005,13.32
541.29999999999995,13.27
541.39999999999998,13.16
541.5,13.25
541.60000000000002,13.23
541.70000000000005,13
541.79999999999995,12.789999999999999
541.89999999999998,12.859999999999999
542,12.58
542.10000000000002,12.6
542.20000000000005,12.69
542.29999999999995,12.460000000000001
542.39999999999998,12.07
542.5,12.09
542.60000000000002,11.949999999999999
542.70000000000005,11.83
542.79999999999995,11.76
542.89999999999998,11.66
543,11.48
543.10000000000002,11.4
543.20000000000005,11.35
543.29999999999995,11.210000000000001
543.39999999999998,11.18
543.5,11.109999999999999
543.60000000000002,11.01
543.70000000000005,10.859999999999999
543.79999999999995,10.82
543.89999999999998,10.66
544,10.82
544.10000000000002,10.619999999999999
544.20000000000005,10.640000000000001
544.29999999999995,10.359999999999999
544.39999999999998,10.17
544.5,10.1
544.60000000000002,10.050000000000001
544.70000000000005,9.9380000000000006
544.79999999999995,9.7940000000000005
544.89999999999998,9.8420000000000005
545,9.8399999999999999
545.10000000000002,9.8339999999999996
545.20000000000005,9.7550000000000008
545.29999999999995,9.8879999999999999
545.39999999999998,9.6669999999999998
545.5,9.2949999999999999
545.60000000000002,8.9120000000000008
545.70000000000005,8.8079999999999998
545.79999999999995,9.1500000000000004
545.89999999999998,9.0299999999999994
546,8.9290000000000003
546.10000000000002,9.0489999999999995
546.20000000000005,9
546.29999999999995,8.7050000000000001
546.39999999999998,8.734
546.5,8.6989999999999998
546.60000000000002,8.5370000000000008
546.70000000000005,8.5199999999999996
546.79999999999995,8.4000000000000004
546.89999999999998,8.3620000000000001
547,8.2170000000000005
547.10000000000002,8.1430000000000007
547.20000000000005,8.0980000000000008
547.29999999999995,7.9530000000000003
547.39999999999998,7.9770000000000003
547.5,7.7990000000000004
547.60000000000002,7.8399999999999999
547.70000000000005,7.7839999999999998
547.79999999999995,7.8090000000000002
547.89999999999998,7.5750000000000002
548,7.665
548.10000000000002,7.7670000000000003
548.20000000000005,7.6219999999999999
548.29999999999995,7.2990000000000004
548.39999999999998,7.3070000000000004
548.5,7.3710000000000004
548.60000000000002,7.3600000000000003
548.70000000000005,7.2910000000000004
548.79999999999995,7.085
548.89999999999998,6.9610000000000003
549,7.25
549.10000000000002,7.2329999999999997
549.20000000000005,7.0599999999999996
549.29999999999995,6.7990000000000004
549.39999999999998,6.8550000000000004
549.5,6.6449999999999996
549.60000000000002,6.6390000000000002
549.70000000000005,6.6150000000000002
549.79999999999995,6.5309999999999997
549.89999999999998,6.7000000000000002
550,6.8250000000000002
550.10000000000002,6.5970000000000004
550.20000000000005,6.3940000000000001
550.29999999999995,6.1120000000000001
550.39999999999998,6.1440000000000001
550.5,6.1050000000000004
550.60000000000002,5.9279999999999999
550.70000000000005,6.0300000000000002
550.79999999999995,5.9420000000000002
550.89999999999998,5.9359999999999999
551,5.8259999999999996
551.10000000000002,5.8869999999999996
551.20000000000005,5.6269999999999998
551.29999999999995,5.6630000000000003
551.39999999999998,5.5970000000000004
551.5,5.6299999999999999
551.60000000000002,5.5129999999999999
551.70000000000005,5.4630000000000001
551.79999999999995,5.4720000000000004
551.89999999999998,5.2530000000000001
552,5.2430000000000003
552.10000000000002,5.0819999999999999
552.20000000000005,5.141
552.29999999999995,5.1239999999999997
552.39999999999998,5.093
552.5,4.9509999999999996
552.60000000000002,5.0110000000000001
552.70000000000005,5.1360000000000001
552.79999999999995,5.0880000000000001
552.89999999999998,4.8419999999999996
553,4.8150000000000004
553.10000000000002,4.7869999999999999
553.20000000000005,4.6959999999999997
553.29999999999995,4.7160000000000002
553.39999999999998,4.6820000000000004
553.5,4.5170000000000003
553.60000000000002,4.609
553.70000000000005,4.5709999999999997
553.79999999999995,4.4029999999999996
553.89999999999998,4.5149999999999997
554,4.6539999999999999
554.10000000000002,4.3659999999999997
554.20000000000005,4.2729999999999997
554.29999999999995,4.3639999999999999
554.39999999999998,4.1449999999999996
554.5,4.194
554.60000000000002,4.0259999999999998
554.70000000000005,4.2000000000000002
554.79999999999995,4.2709999999999999
554.89999999999998,4.165
555,4.1310000000000002
555.10000000000002,3.9590000000000001
555.20000000000005,3.8900000000000001
555.29999999999995,3.9390000000000001
555.39999999999998,3.9830000000000001
555.5,3.9039999999999999
555.60000000000002,3.7320000000000002
555.70000000000005,3.7890000000000001
555.79999999999995,3.7509999999999999
555.89999999999998,3.7109999999999999
556,3.7050000000000001
556.10000000000002,3.8370000000000002
556.20000000000005,3.7160000000000002
556.29999999999995,3.6160000000000001
556.39999999999998,3.8490000000000002
556.5,3.6280000000000001
556.60000000000002,3.4700000000000002
556.70000000000005,3.4209999999999998
556.79999999999995,3.351
556.89999999999998,3.2719999999999998
557,3.1099999999999999
557.10000000000002,3.2869999999999999
557.20000000000005,3.2069999999999999
557.29999999999995,3.1909999999999998
557.39999999999998,3.2130000000000001
557.5,3.141
557.60000000000002,2.9540000000000002
557.70000000000005,3.0960000000000001
557.79999999999995,3.0419999999999998
557.89999999999998,3.0209999999999999
558,3.004
558.10000000000002,2.9100000000000001
558.20000000000005,3.0859999999999999
558.29999999999995,3.0670000000000002
558.39999999999998,2.9350000000000001
558.5,2.8220000000000001
558.60000000000002,2.8140000000000001
558.70000000000005,2.9769999999999999
558.79999999999995,2.7509999999999999
558.89999999999998,2.6989999999999998
559,2.7530000000000001
559.10000000000002,2.7770000000000001
559.20000000000005,2.7149999999999999
559.29999999999995,2.7429999999999999
559.39999999999998,2.7370000000000001
559.5,2.6989999999999998
559.60000000000002,2.5859999999999999
559.70000000000005,2.6309999999999998
559.79999999999995,2.472
559.89999999999998,2.532
560,2.3610000000000002
560.10000000000002,2.484
560.20000000000005,2.2959999999999998
560.29999999999995,2.3290000000000002
560.39999999999998,2.363
560.5,2.2959999999999998
560.60000000000002,2.282
560.70000000000005,2.2090000000000001
560.79999999999995,2.2829999999999999
560.89999999999998,2.1619999999999999
561,2.1960000000000002
561.10000000000002,2.1150000000000002
561.20000000000005,2.0539999999999998
561.29999999999995,2.1019999999999999
561.39999999999998,2.1499999999999999
561.5,2.097
561.60000000000002,2.028
561.70000000000005,2.0619999999999998
561.79999999999995,2.04
561.89999999999998,2.056
562,2.0899999999999999
562.10000000000002,2.2069999999999999
562.20000000000005,2.1720000000000002
562.29999999999995,2.0609999999999999
562.39999999999998,1.8340000000000001
562.5,2.02
562.60000000000002,1.8029999999999999
562.70000000000005,1.8660000000000001
562.79999999999995,1.841
562.89999999999998,1.7350000000000001
563,1.857
563.10000000000002,1.732
563.20000000000005,1.8340000000000001
563.29999999999995,1.728
563.39999999999998,1.726
563.5,1.792
563.60000000000002,1.6719999999999999
563.70000000000005,1.671
563.79999999999995,1.6819999999999999
563.89999999999998,1.589
564,1.661
564.10000000000002,1.6819999999999999
564.20000000000005,1.5469999999999999
564.29999999999995,1.5880000000000001
564.39999999999998,1.645
564.5,1.528
564.60000000000002,1.512
564.70000000000005,1.649
564.79999999999995,1.575
564.89999999999998,1.5649999999999999
565,1.647
565.10000000000002,1.538
565.20000000000005,1.5700000000000001
565.29999999999995,1.5669999999999999
565.39999999999998,1.552
565.5,1.659
565.60000000000002,1.4079999999999999
565.70000000000005,1.5029999999999999
565.79999999999995,1.4399999999999999
565.89999999999998,1.7070000000000001
566,1.2949999999999999
566.10000000000002,1.3460000000000001
566.20000000000005,1.4199999999999999
566.29999999999995,1.284
566.39999999999998,1.4670000000000001
566.5,1.629
566.60000000000002,1.448
566.70000000000005,1.2849999999999999
566.79999999999995,1.2669999999999999
566.89999999999998,1.238
567,1.3240000000000001
567.10000000000002,1.2430000000000001
567.20000000000005,1.1339999999999999
567.29999999999995,1.079
567.39999999999998,1.1910000000000001
567.5,1.119
567.60000000000002,1.0509999999999999
567.70000000000005,1.1439999999999999
567.79999999999995,1.0669999999999999
567.89999999999998,1.022
568,0.97819999999999996
568.10000000000002,1.0629999999999999
568.20000000000005,0.97270000000000001
568.29999999999995,1.054
568.39999999999998,0.92910000000000004
568.5,0.88319999999999999
568.60000000000002,1.052
568.70000000000005,0.76839999999999997
568.79999999999995,0.87160000000000004
568.89999999999998,0.84470000000000001
569,0.92349999999999999
569.10000000000002,0.81759999999999999
569.20000000000005,0.85119999999999996
569.29999999999995,0.92100000000000004
569.39999999999998,0.80430000000000001
569.5,0.76249999999999996
569.60000000000002,0.78400000000000003
569.70000000000005,0.8962
569.79999999999995,0.94920000000000004
569.89999999999998,0.78739999999999999
570,0.76019999999999999
570.10000000000002,0.79110000000000003
570.20000000000005,0.73050000000000004
570.29999999999995,0.77849999999999997
570.39999999999998,0.64680000000000004
570.5,0.7278
570.60000000000002,0.70699999999999996
570.70000000000005,0.74460000000000004
570.79999999999995,0.71850000000000003
570.89999999999998,0.63829999999999998
571,0.68999999999999995
571.10000000000002,0.75619999999999998
571.20000000000005,0.67059999999999997
571.29999999999995,0.65380000000000005
571.39999999999998,0.56389999999999996
571.5,0.57899999999999996
571.60000000000002,0.46129999999999999
571.70000000000005,0.6724
571.79999999999995,0.55079999999999996
571.89999999999998,0.85229999999999995
572,0.54800000000000004
572.10000000000002,0.53310000000000002
572.20000000000005,0.57930000000000004
572.29999999999995,0.69240000000000002
572.39999999999998,0.58730000000000004
572.5,0.50019999999999998
572.60000000000002,0.72330000000000005
572.70000000000005,0.6845
572.79999999999995,0.4214
572.89999999999998,0.51649999999999996
573,0.44130000000000003
573.10000000000002,0.54449999999999998
573.20000000000005,0.58840000000000003
573.29999999999995,0.54420000000000002
573.39999999999998,0.49719999999999998
573.5,0.37540000000000001
573.60000000000002,0.57809999999999995
573.70000000000005,0.36830000000000002
573.79999999999995,0.48609999999999998
573.89999999999998,0.35239999999999999
574,0.67230000000000001
574.10000000000002,0.4859
574.20000000000005,0.504
574.29999999999995,0.38400000000000001
574.39999999999998,0.52439999999999998
574.5,0.53790000000000004
574.60000000000002,0.57989999999999997
574.70000000000005,0.4098
574.79999999999995,0.4194
574.89999999999998,0.53969999999999996
575,0.50980000000000003
575.10000000000002,0.49730000000000002
575.20000000000005,0.53620000000000001
575.29999999999995,0.47160000000000002
575.39999999999998,0.51300000000000001
575.5,0.47720000000000001
575.60000000000002,0.45040000000000002
575.70000000000005,0.312
575.79999999999995,0.35270000000000001
575.89999999999998,0.51400000000000001
576,0.37380000000000002
576.10000000000002,0.50900000000000001
576.20000000000005,0.51559999999999995
576.29999999999995,0.47049999999999997
576.39999999999998,0.3609
576.5,0.36649999999999999
576.60000000000002,0.38779999999999998
576.70000000000005,0.59119999999999995
576.79999999999995,0.45329999999999998
576.89999999999998,0.30480000000000002
577,0.21240000000000001
577.10000000000002,0.48370000000000002
577.20000000000005,0.75849999999999995
577.29999999999995,0.50929999999999997
577.39999999999998,0.3296
577.5,0.30620000000000003
577.60000000000002,0.16470000000000001
577.70000000000005,0.19539999999999999
577.79999999999995,0.28889999999999999
577.89999999999998,0.2974
578,0.25190000000000001
578.10000000000002,0.19989999999999999
578.20000000000005,0.25640000000000002
578.29999999999995,0.2069
578.39999999999998,0.25280000000000002
578.5,0.1691
578.60000000000002,0.27779999999999999
578.70000000000005,0.1699
578.79999999999995,0.21460000000000001
578.89999999999998,0.25919999999999999
579,0.29189999999999999
579.10000000000002,0.32729999999999998
579.20000000000005,0.33660000000000001
579.29999999999995,0.53110000000000002
579.39999999999998,0.40749999999999997
579.5,0.43140000000000001
579.60000000000002,0.25419999999999998
579.70000000000005,0.26350000000000001
579.79999999999995,0.24560000000000001
579.89999999999998,0.2233
580,0.094990000000000005
580.10000000000002,0.12180000000000001
580.20000000000005,0.13769999999999999
580.29999999999995,0.16589999999999999
580.39999999999998,0.34189999999999998
580.5,0.37590000000000001
580.60000000000002,0.2107
580.70000000000005,0.317
580.79999999999995,0.22070000000000001
580.89999999999998,0.059319999999999998
581,0.19239999999999999
581.10000000000002,0.109
581.20000000000005,0.16009999999999999
581.29999999999995,0.19320000000000001
581.39999999999998,0.06411
581.5,0.22600000000000001
581.60000000000002,0.1162
581.70000000000005,0.08931
581.79999999999995,0.1096
581.89999999999998,0.1206
582,0.25690000000000002
582.10000000000002,0.002944
582.20000000000005,0.075579999999999994
582.29999999999995,0.044229999999999998
582.39999999999998,0.12870000000000001
582.5,0.1007
582.60000000000002,0.073840000000000003
582.70000000000005,0.30320000000000003
582.79999999999995,0.31890000000000002
582.89999999999998,0.2414
583,0.035450000000000002
583.10000000000002,0.083159999999999998
583.20000000000005,0.3009
583.29999999999995,0.31309999999999999
583.39999999999998,0.1113
583.5,0.23960000000000001
583.60000000000002,0.10349999999999999
583.70000000000005,0.23300000000000001
583.79999999999995,0.22750000000000001
583.89999999999998,0.1152
584,0.055820000000000002
584.10000000000002,0.14180000000000001
584.20000000000005,0.090060000000000001
584.29999999999995,-0.02963
584.39999999999998,-0.0043579999999999999
584.5,0.067960000000000007
584.60000000000002,0.15390000000000001
584.70000000000005,0.1661
584.79999999999995,0.1138
584.89999999999998,0.1358
585,0.031690000000000003
585.10000000000002,0.44979999999999998
585.20000000000005,0.095899999999999999
585.29999999999995,0.079369999999999996
585.39999999999998,0.16550000000000001
585.5,0.049869999999999998
585.60000000000002,0.1991
585.70000000000005,0.10050000000000001
585.79999999999995,0.019769999999999999
585.89999999999998,0.0969
586,0.035479999999999998
586.10000000000002,0.046899999999999997
586.20000000000005,0.033079999999999998
586.29999999999995,0.057299999999999997
586.39999999999998,-0.017829999999999999
586.5,0.1245
586.60000000000002,0.035189999999999999
586.70000000000005,-0.073649999999999993
586.79999999999995,0.1467
586.89999999999998,0.067100000000000007
587,-0.069400000000000003
587.10000000000002,-0.097420000000000007
587.20000000000005,0.01244
587.29999999999995,0.041939999999999998
587.39999999999998,0.066659999999999997
587.5,-0.015520000000000001
587.60000000000002,-0.080159999999999995
587.70000000000005,0.1535
587.79999999999995,0.14119999999999999
587.89999999999998,0.099820000000000006
588,0.02674
588.10000000000002,0.1605
588.20000000000005,-0.006953
588.29999999999995,0.095100000000000004
588.39999999999998,0.1046
588.5,0.01108
588.60000000000002,-0.034759999999999999
588.70000000000005,-0.0057670000000000004
588.79999999999995,0.043040000000000002
588.89999999999998,0.098799999999999999
589,0.0064819999999999999
589.10000000000002,0.0024229999999999998
589.20000000000005,0.081040000000000001
589.29999999999995,0.088410000000000002
589.39999999999998,-0.032809999999999999
589.5,0.050439999999999999
589.60000000000002,-0.0051450000000000003
589.70000000000005,0.1905
589.79999999999995,0.083140000000000006
589.89999999999998,-0.034869999999999998
590,-0.035159999999999997
590.10000000000002,0.059650000000000002
590.20000000000005,0.031710000000000002
590.29999999999995,-0.066699999999999995
590.39999999999998,0.049820000000000003
590.5,0.1794
590.60000000000002,0.052609999999999997
590.70000000000005,-0.029440000000000001
590.79999999999995,-0.043090000000000003
590.89999999999998,0.2334
591,0.0032290000000000001
591.10000000000002,-0.069360000000000005
591.20000000000005,-0.057849999999999999
591.29999999999995,0.0026250000000000002
591.39999999999998,-0.0178
591.5,0.032689999999999997
591.60000000000002,-0.077539999999999998
591.70000000000005,-0.040390000000000002
591.79999999999995,0.079250000000000001
591.89999999999998,-0.055739999999999998
592,-0.13780000000000001
592.10000000000002,-0.1211
592.20000000000005,0.084889999999999993
592.29999999999995,-0.11269999999999999
592.39999999999998,-0.12139999999999999
592.5,0.1221
592.60000000000002,0.061629999999999997
592.70000000000005,0.037379999999999997
592.79999999999995,0.047190000000000003
592.89999999999998,0.01949
593,-0.01431
593.10000000000002,0.1857
593.20000000000005,0.085569999999999993
593.29999999999995,0.0052890000000000003
593.39999999999998,-0.076719999999999997
593.5,0.1313
593.60000000000002,0.036490000000000002
593.70000000000005,-0.14399999999999999
593.79999999999995,0.01797
593.89999999999998,-0.06096
594,0.0436
594.10000000000002,0.01474
594.20000000000005,-0.036920000000000001
594.29999999999995,-0.0044330000000000003
594.39999999999998,-0.030630000000000001
594.5,0.0407
594.60000000000002,-0.07936
594.70000000000005,0.0424
594.79999999999995,0.0224
594.89999999999998,-0.0044860000000000004
595,0.1192
595.10000000000002,0.093689999999999996
595.20000000000005,-0.0143
595.29999999999995,-0.049169999999999998
595.39999999999998,0.19589999999999999
595.5,-0.054460000000000001
595.60000000000002,0.036490000000000002
595.70000000000005,0.058610000000000002
595.79999999999995,-0.037740000000000003
595.89999999999998,-0.01308
596,0.059630000000000002
596.10000000000002,0.13589999999999999
596.20000000000005,-0.061440000000000002
596.29999999999995,-0.1094
596.39999999999998,-0.1328
596.5,-0.042029999999999998
596.60000000000002,-0.058020000000000002
596.70000000000005,0.10580000000000001
596.79999999999995,0.036760000000000001
596.89999999999998,-0.1206
597,-0.086400000000000005
597.10000000000002,0.10290000000000001
597.20000000000005,0.070739999999999997
597.29999999999995,0.093439999999999995
597.39999999999998,0.047399999999999998
597.5,-0.13539999999999999
597.60000000000002,0.036720000000000003
597.70000000000005,0.074300000000000005
597.79999999999995,-0.041410000000000002
597.89999999999998,0.016379999999999999
598,-0.024279999999999999
598.10000000000002,-0.089840000000000003
598.20000000000005,0.019210000000000001
598.29999999999995,-0.0028210000000000002
598.39999999999998,0.027320000000000001
598.5,0.002709
598.60000000000002,-0.0465
598.70000000000005,-0.016039999999999999
598.79999999999995,0.066460000000000005
598.89999999999998,-0.14180000000000001
599,-0.054530000000000002
599.10000000000002,-0.08362
599.20000000000005,0.012370000000000001
599.29999999999995,0.089520000000000002
599.39999999999998,-0.030939999999999999
599.5,-0.10440000000000001
599.60000000000002,-0.088400000000000006
599.70000000000005,0.02631
599.79999999999995,-0.1615
599.89999999999998,-0.003473
