Wavelength_nm	Absorbance__trans_azobenzene_epsilons_-_Copy	Concentration_M__trans_azobenzene_epsilons_-_Copy	Path_length_cm__trans_azobenzene_epsilons_-_Copy	Epsilon_M-1_cm-1__trans_azobenzene_epsilons_-_Copy	Absorbance__trans_azobenzene_epsilons	Concentration_M__trans_azobenzene_epsilons	Path_length_cm__trans_azobenzene_epsilons	Epsilon_M-1_cm-1__trans_azobenzene_epsilons	Absorbance__trans_azobenzene_epsilons_-_Copy__2	Concentration_M__trans_azobenzene_epsilons_-_Copy__2	Path_length_cm__trans_azobenzene_epsilons_-_Copy__2	Epsilon_M-1_cm-1__trans_azobenzene_epsilons_-_Copy__2	Epsilon_mean_M-1_cm-1	Epsilon_SD_M-1_cm-1	Epsilon_SEM_M-1_cm-1	Epsilon_lower_nonnegative_M-1_cm-1	Epsilon_upper_nonnegative_M-1_cm-1
2.50000000e+02	2.37700000e+03	1.01000000e+00	1	2.35346535e+03	2.37700000e+03	1.00000000e+00	1	2.37700000e+03	2.37700000e+03	9.90000000e-01	1	2.40101010e+03	2.37715848e+03	2.37727734e+01	1.37252171e+01	2.35338571e+03	2.40093126e+03
2.50100000e+02	2.37600000e+03	1.01000000e+00	1	2.35247525e+03	2.37600000e+03	1.00000000e+00	1	2.37600000e+03	2.37600000e+03	9.90000000e-01	1	2.40000000e+03	2.37615842e+03	2.37627723e+01	1.37194430e+01	2.35239564e+03	2.39992119e+03
2.50200000e+02	2.37300000e+03	1.01000000e+00	1	2.34950495e+03	2.37300000e+03	1.00000000e+00	1	2.37300000e+03	2.37300000e+03	9.90000000e-01	1	2.39696970e+03	2.37315822e+03	2.37327688e+01	1.37021204e+01	2.34942545e+03	2.39689098e+03
2.50300000e+02	2.37200000e+03	1.01000000e+00	1	2.34851485e+03	2.37200000e+03	1.00000000e+00	1	2.37200000e+03	2.37200000e+03	9.90000000e-01	1	2.39595960e+03	2.37215815e+03	2.37227676e+01	1.36963463e+01	2.34843538e+03	2.39588092e+03
2.50400000e+02	2.37200000e+03	1.01000000e+00	1	2.34851485e+03	2.37200000e+03	1.00000000e+00	1	2.37200000e+03	2.37200000e+03	9.90000000e-01	1	2.39595960e+03	2.37215815e+03	2.37227676e+01	1.36963463e+01	2.34843538e+03	2.39588092e+03
2.50500000e+02	2.36900000e+03	1.01000000e+00	1	2.34554455e+03	2.36900000e+03	1.00000000e+00	1	2.36900000e+03	2.36900000e+03	9.90000000e-01	1	2.39292929e+03	2.36915795e+03	2.36927641e+01	1.36790237e+01	2.34546519e+03	2.39285071e+03
2.50600000e+02	2.36700000e+03	1.01000000e+00	1	2.34356436e+03	2.36700000e+03	1.00000000e+00	1	2.36700000e+03	2.36700000e+03	9.90000000e-01	1	2.39090909e+03	2.36715782e+03	2.36727618e+01	1.36674754e+01	2.34348505e+03	2.39083058e+03
2.50700000e+02	2.36800000e+03	1.01000000e+00	1	2.34455446e+03	2.36800000e+03	1.00000000e+00	1	2.36800000e+03	2.36800000e+03	9.90000000e-01	1	2.39191919e+03	2.36815788e+03	2.36827629e+01	1.36732496e+01	2.34447512e+03	2.39184065e+03
2.50800000e+02	2.36700000e+03	1.01000000e+00	1	2.34356436e+03	2.36700000e+03	1.00000000e+00	1	2.36700000e+03	2.36700000e+03	9.90000000e-01	1	2.39090909e+03	2.36715782e+03	2.36727618e+01	1.36674754e+01	2.34348505e+03	2.39083058e+03
2.50900000e+02	2.36500000e+03	1.01000000e+00	1	2.34158416e+03	2.36500000e+03	1.00000000e+00	1	2.36500000e+03	2.36500000e+03	9.90000000e-01	1	2.38888889e+03	2.36515768e+03	2.36527594e+01	1.36559270e+01	2.34150492e+03	2.38881044e+03
2.51000000e+02	2.36400000e+03	1.01000000e+00	1	2.34059406e+03	2.36400000e+03	1.00000000e+00	1	2.36400000e+03	2.36400000e+03	9.90000000e-01	1	2.38787879e+03	2.36415762e+03	2.36427583e+01	1.36501529e+01	2.34051486e+03	2.38780037e+03
2.51100000e+02	2.36500000e+03	1.01000000e+00	1	2.34158416e+03	2.36500000e+03	1.00000000e+00	1	2.36500000e+03	2.36500000e+03	9.90000000e-01	1	2.38888889e+03	2.36515768e+03	2.36527594e+01	1.36559270e+01	2.34150492e+03	2.38881044e+03
2.51200000e+02	2.36400000e+03	1.01000000e+00	1	2.34059406e+03	2.36400000e+03	1.00000000e+00	1	2.36400000e+03	2.36400000e+03	9.90000000e-01	1	2.38787879e+03	2.36415762e+03	2.36427583e+01	1.36501529e+01	2.34051486e+03	2.38780037e+03
2.51300000e+02	2.36600000e+03	1.01000000e+00	1	2.34257426e+03	2.36600000e+03	1.00000000e+00	1	2.36600000e+03	2.36600000e+03	9.90000000e-01	1	2.38989899e+03	2.36615775e+03	2.36627606e+01	1.36617012e+01	2.34249499e+03	2.38982051e+03
2.51400000e+02	2.36900000e+03	1.01000000e+00	1	2.34554455e+03	2.36900000e+03	1.00000000e+00	1	2.36900000e+03	2.36900000e+03	9.90000000e-01	1	2.39292929e+03	2.36915795e+03	2.36927641e+01	1.36790237e+01	2.34546519e+03	2.39285071e+03
2.51500000e+02	2.36800000e+03	1.01000000e+00	1	2.34455446e+03	2.36800000e+03	1.00000000e+00	1	2.36800000e+03	2.36800000e+03	9.90000000e-01	1	2.39191919e+03	2.36815788e+03	2.36827629e+01	1.36732496e+01	2.34447512e+03	2.39184065e+03
2.51600000e+02	2.36600000e+03	1.01000000e+00	1	2.34257426e+03	2.36600000e+03	1.00000000e+00	1	2.36600000e+03	2.36600000e+03	9.90000000e-01	1	2.38989899e+03	2.36615775e+03	2.36627606e+01	1.36617012e+01	2.34249499e+03	2.38982051e+03
2.51700000e+02	2.36900000e+03	1.01000000e+00	1	2.34554455e+03	2.36900000e+03	1.00000000e+00	1	2.36900000e+03	2.36900000e+03	9.90000000e-01	1	2.39292929e+03	2.36915795e+03	2.36927641e+01	1.36790237e+01	2.34546519e+03	2.39285071e+03
2.51800000e+02	2.37000000e+03	1.01000000e+00	1	2.34653465e+03	2.37000000e+03	1.00000000e+00	1	2.37000000e+03	2.37000000e+03	9.90000000e-01	1	2.39393939e+03	2.37015802e+03	2.37027653e+01	1.36847979e+01	2.34645525e+03	2.39386078e+03
2.51900000e+02	2.37100000e+03	1.01000000e+00	1	2.34752475e+03	2.37100000e+03	1.00000000e+00	1	2.37100000e+03	2.37100000e+03	9.90000000e-01	1	2.39494949e+03	2.37115808e+03	2.37127664e+01	1.36905721e+01	2.34744532e+03	2.39487085e+03
2.52000000e+02	2.37400000e+03	1.01000000e+00	1	2.35049505e+03	2.37400000e+03	1.00000000e+00	1	2.37400000e+03	2.37400000e+03	9.90000000e-01	1	2.39797980e+03	2.37415828e+03	2.37427699e+01	1.37078946e+01	2.35041551e+03	2.39790105e+03
2.52100000e+02	2.37600000e+03	1.01000000e+00	1	2.35247525e+03	2.37600000e+03	1.00000000e+00	1	2.37600000e+03	2.37600000e+03	9.90000000e-01	1	2.40000000e+03	2.37615842e+03	2.37627723e+01	1.37194430e+01	2.35239564e+03	2.39992119e+03
2.52200000e+02	2.37600000e+03	1.01000000e+00	1	2.35247525e+03	2.37600000e+03	1.00000000e+00	1	2.37600000e+03	2.37600000e+03	9.90000000e-01	1	2.40000000e+03	2.37615842e+03	2.37627723e+01	1.37194430e+01	2.35239564e+03	2.39992119e+03
2.52300000e+02	2.37800000e+03	1.01000000e+00	1	2.35445545e+03	2.37800000e+03	1.00000000e+00	1	2.37800000e+03	2.37800000e+03	9.90000000e-01	1	2.40202020e+03	2.37815855e+03	2.37827746e+01	1.37309913e+01	2.35437577e+03	2.40194132e+03
2.52400000e+02	2.38000000e+03	1.01000000e+00	1	2.35643564e+03	2.38000000e+03	1.00000000e+00	1	2.38000000e+03	2.38000000e+03	9.90000000e-01	1	2.40404040e+03	2.38015868e+03	2.38027769e+01	1.37425397e+01	2.35635591e+03	2.40396146e+03
2.52500000e+02	2.38300000e+03	1.01000000e+00	1	2.35940594e+03	2.38300000e+03	1.00000000e+00	1	2.38300000e+03	2.38300000e+03	9.90000000e-01	1	2.40707071e+03	2.38315888e+03	2.38327804e+01	1.37598622e+01	2.35932610e+03	2.40699166e+03
2.52600000e+02	2.38500000e+03	1.01000000e+00	1	2.36138614e+03	2.38500000e+03	1.00000000e+00	1	2.38500000e+03	2.38500000e+03	9.90000000e-01	1	2.40909091e+03	2.38515902e+03	2.38527828e+01	1.37714106e+01	2.36130623e+03	2.40901180e+03
2.52700000e+02	2.38700000e+03	1.01000000e+00	1	2.36336634e+03	2.38700000e+03	1.00000000e+00	1	2.38700000e+03	2.38700000e+03	9.90000000e-01	1	2.41111111e+03	2.38715915e+03	2.38727851e+01	1.37829589e+01	2.36328636e+03	2.41103193e+03
2.52800000e+02	2.39100000e+03	1.01000000e+00	1	2.36732673e+03	2.39100000e+03	1.00000000e+00	1	2.39100000e+03	2.39100000e+03	9.90000000e-01	1	2.41515152e+03	2.39115942e+03	2.39127898e+01	1.38060556e+01	2.36724663e+03	2.41507221e+03
2.52900000e+02	2.39000000e+03	1.01000000e+00	1	2.36633663e+03	2.39000000e+03	1.00000000e+00	1	2.39000000e+03	2.39000000e+03	9.90000000e-01	1	2.41414141e+03	2.39015935e+03	2.39027886e+01	1.38002814e+01	2.36625656e+03	2.41406214e+03
2.53000000e+02	2.39600000e+03	1.01000000e+00	1	2.37227723e+03	2.39600000e+03	1.00000000e+00	1	2.39600000e+03	2.39600000e+03	9.90000000e-01	1	2.42020202e+03	2.39615975e+03	2.39627956e+01	1.38349265e+01	2.37219695e+03	2.42012254e+03
2.53100000e+02	2.39900000e+03	1.01000000e+00	1	2.37524752e+03	2.39900000e+03	1.00000000e+00	1	2.39900000e+03	2.39900000e+03	9.90000000e-01	1	2.42323232e+03	2.39915995e+03	2.39927991e+01	1.38522490e+01	2.37516715e+03	2.42315275e+03
2.53200000e+02	2.40200000e+03	1.01000000e+00	1	2.37821782e+03	2.40200000e+03	1.00000000e+00	1	2.40200000e+03	2.40200000e+03	9.90000000e-01	1	2.42626263e+03	2.40216015e+03	2.40228026e+01	1.38695716e+01	2.37813735e+03	2.42618295e+03
2.53300000e+02	2.40700000e+03	1.01000000e+00	1	2.38316832e+03	2.40700000e+03	1.00000000e+00	1	2.40700000e+03	2.40700000e+03	9.90000000e-01	1	2.43131313e+03	2.40716048e+03	2.40728084e+01	1.38984424e+01	2.38308767e+03	2.43123329e+03
2.53400000e+02	2.41100000e+03	1.01000000e+00	1	2.38712871e+03	2.41100000e+03	1.00000000e+00	1	2.41100000e+03	2.41100000e+03	9.90000000e-01	1	2.43535354e+03	2.41116075e+03	2.41128131e+01	1.39215391e+01	2.38704794e+03	2.43527356e+03
2.53500000e+02	2.41300000e+03	1.01000000e+00	1	2.38910891e+03	2.41300000e+03	1.00000000e+00	1	2.41300000e+03	2.41300000e+03	9.90000000e-01	1	2.43737374e+03	2.41316088e+03	2.41328154e+01	1.39330875e+01	2.38902807e+03	2.43729370e+03
2.53600000e+02	2.41600000e+03	1.01000000e+00	1	2.39207921e+03	2.41600000e+03	1.00000000e+00	1	2.41600000e+03	2.41600000e+03	9.90000000e-01	1	2.44040404e+03	2.41616108e+03	2.41628189e+01	1.39504100e+01	2.39199826e+03	2.44032390e+03
2.53700000e+02	2.42100000e+03	1.01000000e+00	1	2.39702970e+03	2.42100000e+03	1.00000000e+00	1	2.42100000e+03	2.42100000e+03	9.90000000e-01	1	2.44545455e+03	2.42116142e+03	2.42128248e+01	1.39792809e+01	2.39694859e+03	2.44537424e+03
2.53800000e+02	2.42600000e+03	1.01000000e+00	1	2.40198020e+03	2.42600000e+03	1.00000000e+00	1	2.42600000e+03	2.42600000e+03	9.90000000e-01	1	2.45050505e+03	2.42616175e+03	2.42628306e+01	1.40081518e+01	2.40189892e+03	2.45042458e+03
2.53900000e+02	2.43000000e+03	1.01000000e+00	1	2.40594059e+03	2.43000000e+03	1.00000000e+00	1	2.43000000e+03	2.43000000e+03	9.90000000e-01	1	2.45454545e+03	2.43016202e+03	2.43028353e+01	1.40312485e+01	2.40585918e+03	2.45446485e+03
2.54000000e+02	2.43500000e+03	1.01000000e+00	1	2.41089109e+03	2.43500000e+03	1.00000000e+00	1	2.43500000e+03	2.43500000e+03	9.90000000e-01	1	2.45959596e+03	2.43516235e+03	2.43528411e+01	1.40601194e+01	2.41080951e+03	2.45951519e+03
2.54100000e+02	2.44000000e+03	1.01000000e+00	1	2.41584158e+03	2.44000000e+03	1.00000000e+00	1	2.44000000e+03	2.44000000e+03	9.90000000e-01	1	2.46464646e+03	2.44016268e+03	2.44028469e+01	1.40889903e+01	2.41575984e+03	2.46456553e+03
2.54200000e+02	2.44200000e+03	1.01000000e+00	1	2.41782178e+03	2.44200000e+03	1.00000000e+00	1	2.44200000e+03	2.44200000e+03	9.90000000e-01	1	2.46666667e+03	2.44216282e+03	2.44228493e+01	1.41005386e+01	2.41773997e+03	2.46658567e+03
2.54300000e+02	2.44700000e+03	1.01000000e+00	1	2.42277228e+03	2.44700000e+03	1.00000000e+00	1	2.44700000e+03	2.44700000e+03	9.90000000e-01	1	2.47171717e+03	2.44716315e+03	2.44728551e+01	1.41294095e+01	2.42269029e+03	2.47163600e+03
2.54400000e+02	2.45400000e+03	1.01000000e+00	1	2.42970297e+03	2.45400000e+03	1.00000000e+00	1	2.45400000e+03	2.45400000e+03	9.90000000e-01	1	2.47878788e+03	2.45416362e+03	2.45428633e+01	1.41698287e+01	2.42962075e+03	2.47870648e+03
2.54500000e+02	2.45900000e+03	1.01000000e+00	1	2.43465347e+03	2.45900000e+03	1.00000000e+00	1	2.45900000e+03	2.45900000e+03	9.90000000e-01	1	2.48383838e+03	2.45916395e+03	2.45928691e+01	1.41986996e+01	2.43457108e+03	2.48375682e+03
2.54600000e+02	2.46300000e+03	1.01000000e+00	1	2.43861386e+03	2.46300000e+03	1.00000000e+00	1	2.46300000e+03	2.46300000e+03	9.90000000e-01	1	2.48787879e+03	2.46316422e+03	2.46328738e+01	1.42217963e+01	2.43853134e+03	2.48779709e+03
2.54700000e+02	2.47000000e+03	1.01000000e+00	1	2.44554455e+03	2.47000000e+03	1.00000000e+00	1	2.47000000e+03	2.47000000e+03	9.90000000e-01	1	2.49494949e+03	2.47016468e+03	2.47028820e+01	1.42622155e+01	2.44546180e+03	2.49486757e+03
2.54800000e+02	2.47600000e+03	1.01000000e+00	1	2.45148515e+03	2.47600000e+03	1.00000000e+00	1	2.47600000e+03	2.47600000e+03	9.90000000e-01	1	2.50101010e+03	2.47616508e+03	2.47628890e+01	1.42968606e+01	2.45140219e+03	2.50092797e+03
2.54900000e+02	2.47900000e+03	1.01000000e+00	1	2.45445545e+03	2.47900000e+03	1.00000000e+00	1	2.47900000e+03	2.47900000e+03	9.90000000e-01	1	2.50404040e+03	2.47916528e+03	2.47928925e+01	1.43141831e+01	2.45437239e+03	2.50395818e+03
2.55000000e+02	2.48500000e+03	1.01000000e+00	1	2.46039604e+03	2.48500000e+03	1.00000000e+00	1	2.48500000e+03	2.48500000e+03	9.90000000e-01	1	2.51010101e+03	2.48516568e+03	2.48528995e+01	1.43488282e+01	2.46031278e+03	2.51001858e+03
2.55100000e+02	2.49300000e+03	1.01000000e+00	1	2.46831683e+03	2.49300000e+03	1.00000000e+00	1	2.49300000e+03	2.49300000e+03	9.90000000e-01	1	2.51818182e+03	2.49316622e+03	2.49329088e+01	1.43950216e+01	2.46823331e+03	2.51809913e+03
2.55200000e+02	2.49700000e+03	1.01000000e+00	1	2.47227723e+03	2.49700000e+03	1.00000000e+00	1	2.49700000e+03	2.49700000e+03	9.90000000e-01	1	2.52222222e+03	2.49716648e+03	2.49729135e+01	1.44181183e+01	2.47219357e+03	2.52213940e+03
2.55300000e+02	2.50500000e+03	1.01000000e+00	1	2.48019802e+03	2.50500000e+03	1.00000000e+00	1	2.50500000e+03	2.50500000e+03	9.90000000e-01	1	2.53030303e+03	2.50516702e+03	2.50529228e+01	1.44643117e+01	2.48011409e+03	2.53021994e+03
2.55400000e+02	2.51200000e+03	1.01000000e+00	1	2.48712871e+03	2.51200000e+03	1.00000000e+00	1	2.51200000e+03	2.51200000e+03	9.90000000e-01	1	2.53737374e+03	2.51216748e+03	2.51229310e+01	1.45047310e+01	2.48704455e+03	2.53729041e+03
2.55500000e+02	2.51900000e+03	1.01000000e+00	1	2.49405941e+03	2.51900000e+03	1.00000000e+00	1	2.51900000e+03	2.51900000e+03	9.90000000e-01	1	2.54444444e+03	2.51916795e+03	2.51929391e+01	1.45451502e+01	2.49397501e+03	2.54436089e+03
2.55600000e+02	2.52400000e+03	1.01000000e+00	1	2.49900990e+03	2.52400000e+03	1.00000000e+00	1	2.52400000e+03	2.52400000e+03	9.90000000e-01	1	2.54949495e+03	2.52416828e+03	2.52429450e+01	1.45740211e+01	2.49892534e+03	2.54941123e+03
2.55700000e+02	2.53100000e+03	1.01000000e+00	1	2.50594059e+03	2.53100000e+03	1.00000000e+00	1	2.53100000e+03	2.53100000e+03	9.90000000e-01	1	2.55656566e+03	2.53116875e+03	2.53129531e+01	1.46144403e+01	2.50585580e+03	2.55648170e+03
2.55800000e+02	2.53700000e+03	1.01000000e+00	1	2.51188119e+03	2.53700000e+03	1.00000000e+00	1	2.53700000e+03	2.53700000e+03	9.90000000e-01	1	2.56262626e+03	2.53716915e+03	2.53729601e+01	1.46490854e+01	2.51179619e+03	2.56254211e+03
2.55900000e+02	2.54300000e+03	1.01000000e+00	1	2.51782178e+03	2.54300000e+03	1.00000000e+00	1	2.54300000e+03	2.54300000e+03	9.90000000e-01	1	2.56868687e+03	2.54316955e+03	2.54329671e+01	1.46837304e+01	2.51773658e+03	2.56860252e+03
2.56000000e+02	2.55300000e+03	1.01000000e+00	1	2.52772277e+03	2.55300000e+03	1.00000000e+00	1	2.55300000e+03	2.55300000e+03	9.90000000e-01	1	2.57878788e+03	2.55317022e+03	2.55329788e+01	1.47414722e+01	2.52763724e+03	2.57870320e+03
2.56100000e+02	2.56000000e+03	1.01000000e+00	1	2.53465347e+03	2.56000000e+03	1.00000000e+00	1	2.56000000e+03	2.56000000e+03	9.90000000e-01	1	2.58585859e+03	2.56017068e+03	2.56029870e+01	1.47818914e+01	2.53456770e+03	2.58577367e+03
2.56200000e+02	2.56500000e+03	1.01000000e+00	1	2.53960396e+03	2.56500000e+03	1.00000000e+00	1	2.56500000e+03	2.56500000e+03	9.90000000e-01	1	2.59090909e+03	2.56517102e+03	2.56529928e+01	1.48107623e+01	2.53951802e+03	2.59082401e+03
2.56300000e+02	2.57400000e+03	1.01000000e+00	1	2.54851485e+03	2.57400000e+03	1.00000000e+00	1	2.57400000e+03	2.57400000e+03	9.90000000e-01	1	2.60000000e+03	2.57417162e+03	2.57430033e+01	1.48627299e+01	2.54842861e+03	2.59991462e+03
2.56400000e+02	2.58300000e+03	1.01000000e+00	1	2.55742574e+03	2.58300000e+03	1.00000000e+00	1	2.58300000e+03	2.58300000e+03	9.90000000e-01	1	2.60909091e+03	2.58317222e+03	2.58330138e+01	1.49146975e+01	2.55733920e+03	2.60900523e+03
2.56500000e+02	2.59000000e+03	1.01000000e+00	1	2.56435644e+03	2.59000000e+03	1.00000000e+00	1	2.59000000e+03	2.59000000e+03	9.90000000e-01	1	2.61616162e+03	2.59017268e+03	2.59030220e+01	1.49551167e+01	2.56426966e+03	2.61607571e+03
2.56600000e+02	2.59700000e+03	1.01000000e+00	1	2.57128713e+03	2.59700000e+03	1.00000000e+00	1	2.59700000e+03	2.59700000e+03	9.90000000e-01	1	2.62323232e+03	2.59717315e+03	2.59730301e+01	1.49955359e+01	2.57120012e+03	2.62314618e+03
2.56700000e+02	2.60500000e+03	1.01000000e+00	1	2.57920792e+03	2.60500000e+03	1.00000000e+00	1	2.60500000e+03	2.60500000e+03	9.90000000e-01	1	2.63131313e+03	2.60517368e+03	2.60530395e+01	1.50417293e+01	2.57912064e+03	2.63122672e+03
2.56800000e+02	2.61600000e+03	1.01000000e+00	1	2.59009901e+03	2.61600000e+03	1.00000000e+00	1	2.61600000e+03	2.61600000e+03	9.90000000e-01	1	2.64242424e+03	2.61617442e+03	2.61630523e+01	1.51052453e+01	2.59001137e+03	2.64233747e+03
2.56900000e+02	2.62200000e+03	1.01000000e+00	1	2.59603960e+03	2.62200000e+03	1.00000000e+00	1	2.62200000e+03	2.62200000e+03	9.90000000e-01	1	2.64848485e+03	2.62217482e+03	2.62230593e+01	1.51398903e+01	2.59595176e+03	2.64839788e+03
2.57000000e+02	2.63000000e+03	1.01000000e+00	1	2.60396040e+03	2.63000000e+03	1.00000000e+00	1	2.63000000e+03	2.63000000e+03	9.90000000e-01	1	2.65656566e+03	2.63017535e+03	2.63030686e+01	1.51860838e+01	2.60387228e+03	2.65647842e+03
2.57100000e+02	2.64000000e+03	1.01000000e+00	1	2.61386139e+03	2.64000000e+03	1.00000000e+00	1	2.64000000e+03	2.64000000e+03	9.90000000e-01	1	2.66666667e+03	2.64017602e+03	2.64030803e+01	1.52438255e+01	2.61377294e+03	2.66657910e+03
2.57200000e+02	2.64600000e+03	1.01000000e+00	1	2.61980198e+03	2.64600000e+03	1.00000000e+00	1	2.64600000e+03	2.64600000e+03	9.90000000e-01	1	2.67272727e+03	2.64617642e+03	2.64630873e+01	1.52784706e+01	2.61971333e+03	2.67263950e+03
2.57300000e+02	2.65700000e+03	1.01000000e+00	1	2.63069307e+03	2.65700000e+03	1.00000000e+00	1	2.65700000e+03	2.65700000e+03	9.90000000e-01	1	2.68383838e+03	2.65717715e+03	2.65731001e+01	1.53419865e+01	2.63060405e+03	2.68375025e+03
2.57400000e+02	2.66500000e+03	1.01000000e+00	1	2.63861386e+03	2.66500000e+03	1.00000000e+00	1	2.66500000e+03	2.66500000e+03	9.90000000e-01	1	2.69191919e+03	2.66517768e+03	2.66531095e+01	1.53881799e+01	2.63852457e+03	2.69183079e+03
2.57500000e+02	2.67400000e+03	1.01000000e+00	1	2.64752475e+03	2.67400000e+03	1.00000000e+00	1	2.67400000e+03	2.67400000e+03	9.90000000e-01	1	2.70101010e+03	2.67417828e+03	2.67431200e+01	1.54401475e+01	2.64743516e+03	2.70092140e+03
2.57600000e+02	2.68200000e+03	1.01000000e+00	1	2.65544554e+03	2.68200000e+03	1.00000000e+00	1	2.68200000e+03	2.68200000e+03	9.90000000e-01	1	2.70909091e+03	2.68217882e+03	2.68231293e+01	1.54863409e+01	2.65535569e+03	2.70900195e+03
2.57700000e+02	2.69200000e+03	1.01000000e+00	1	2.66534653e+03	2.69200000e+03	1.00000000e+00	1	2.69200000e+03	2.69200000e+03	9.90000000e-01	1	2.71919192e+03	2.69217948e+03	2.69231410e+01	1.55440827e+01	2.66525634e+03	2.71910263e+03
2.57800000e+02	2.70100000e+03	1.01000000e+00	1	2.67425743e+03	2.70100000e+03	1.00000000e+00	1	2.70100000e+03	2.70100000e+03	9.90000000e-01	1	2.72828283e+03	2.70118008e+03	2.70131515e+01	1.55960503e+01	2.67416693e+03	2.72819324e+03
2.57900000e+02	2.71000000e+03	1.01000000e+00	1	2.68316832e+03	2.71000000e+03	1.00000000e+00	1	2.71000000e+03	2.71000000e+03	9.90000000e-01	1	2.73737374e+03	2.71018068e+03	2.71031620e+01	1.56480179e+01	2.68307752e+03	2.73728385e+03
2.58000000e+02	2.72000000e+03	1.01000000e+00	1	2.69306931e+03	2.72000000e+03	1.00000000e+00	1	2.72000000e+03	2.72000000e+03	9.90000000e-01	1	2.74747475e+03	2.72018135e+03	2.72031736e+01	1.57057596e+01	2.69297818e+03	2.74738453e+03
2.58100000e+02	2.73200000e+03	1.01000000e+00	1	2.70495050e+03	2.73200000e+03	1.00000000e+00	1	2.73200000e+03	2.73200000e+03	9.90000000e-01	1	2.75959596e+03	2.73218215e+03	2.73231876e+01	1.57750497e+01	2.70485896e+03	2.75950534e+03
2.58200000e+02	2.74000000e+03	1.01000000e+00	1	2.71287129e+03	2.74000000e+03	1.00000000e+00	1	2.74000000e+03	2.74000000e+03	9.90000000e-01	1	2.76767677e+03	2.74018268e+03	2.74031970e+01	1.58212432e+01	2.71277949e+03	2.76758588e+03
2.58300000e+02	2.75000000e+03	1.01000000e+00	1	2.72277228e+03	2.75000000e+03	1.00000000e+00	1	2.75000000e+03	2.75000000e+03	9.90000000e-01	1	2.77777778e+03	2.75018335e+03	2.75032087e+01	1.58789849e+01	2.72268014e+03	2.77768656e+03
2.58400000e+02	2.76000000e+03	1.01000000e+00	1	2.73267327e+03	2.76000000e+03	1.00000000e+00	1	2.76000000e+03	2.76000000e+03	9.90000000e-01	1	2.78787879e+03	2.76018402e+03	2.76032203e+01	1.59367267e+01	2.73258080e+03	2.78778724e+03
2.58500000e+02	2.77000000e+03	1.01000000e+00	1	2.74257426e+03	2.77000000e+03	1.00000000e+00	1	2.77000000e+03	2.77000000e+03	9.90000000e-01	1	2.79797980e+03	2.77018469e+03	2.77032320e+01	1.59944684e+01	2.74248145e+03	2.79788792e+03
2.58600000e+02	2.78000000e+03	1.01000000e+00	1	2.75247525e+03	2.78000000e+03	1.00000000e+00	1	2.78000000e+03	2.78000000e+03	9.90000000e-01	1	2.80808081e+03	2.78018535e+03	2.78032437e+01	1.60522102e+01	2.75238211e+03	2.80798860e+03
2.58700000e+02	2.79100000e+03	1.01000000e+00	1	2.76336634e+03	2.79100000e+03	1.00000000e+00	1	2.79100000e+03	2.79100000e+03	9.90000000e-01	1	2.81919192e+03	2.79118609e+03	2.79132565e+01	1.61157261e+01	2.76327283e+03	2.81909934e+03
2.58800000e+02	2.80300000e+03	1.01000000e+00	1	2.77524752e+03	2.80300000e+03	1.00000000e+00	1	2.80300000e+03	2.80300000e+03	9.90000000e-01	1	2.83131313e+03	2.80318689e+03	2.80332705e+01	1.61850163e+01	2.77515361e+03	2.83122016e+03
2.58900000e+02	2.81100000e+03	1.01000000e+00	1	2.78316832e+03	2.81100000e+03	1.00000000e+00	1	2.81100000e+03	2.81100000e+03	9.90000000e-01	1	2.83939394e+03	2.81118742e+03	2.81132798e+01	1.62312097e+01	2.78307414e+03	2.83930070e+03
2.59000000e+02	2.82200000e+03	1.01000000e+00	1	2.79405941e+03	2.82200000e+03	1.00000000e+00	1	2.82200000e+03	2.82200000e+03	9.90000000e-01	1	2.85050505e+03	2.82218815e+03	2.82232927e+01	1.62947256e+01	2.79396486e+03	2.85041144e+03
2.59100000e+02	2.83400000e+03	1.01000000e+00	1	2.80594059e+03	2.83400000e+03	1.00000000e+00	1	2.83400000e+03	2.83400000e+03	9.90000000e-01	1	2.86262626e+03	2.83418895e+03	2.83433067e+01	1.63640157e+01	2.80584565e+03	2.86253226e+03
2.59200000e+02	2.84600000e+03	1.01000000e+00	1	2.81782178e+03	2.84600000e+03	1.00000000e+00	1	2.84600000e+03	2.84600000e+03	9.90000000e-01	1	2.87474747e+03	2.84618975e+03	2.84633207e+01	1.64333058e+01	2.81772643e+03	2.87465307e+03
2.59300000e+02	2.85700000e+03	1.01000000e+00	1	2.82871287e+03	2.85700000e+03	1.00000000e+00	1	2.85700000e+03	2.85700000e+03	9.90000000e-01	1	2.88585859e+03	2.85719049e+03	2.85733335e+01	1.64968218e+01	2.82861715e+03	2.88576382e+03
2.59400000e+02	2.87000000e+03	1.01000000e+00	1	2.84158416e+03	2.87000000e+03	1.00000000e+00	1	2.87000000e+03	2.87000000e+03	9.90000000e-01	1	2.89898990e+03	2.87019135e+03	2.87033487e+01	1.65718861e+01	2.84148800e+03	2.89889470e+03
2.59500000e+02	2.88100000e+03	1.01000000e+00	1	2.85247525e+03	2.88100000e+03	1.00000000e+00	1	2.88100000e+03	2.88100000e+03	9.90000000e-01	1	2.91010101e+03	2.88119209e+03	2.88133615e+01	1.66354020e+01	2.85237872e+03	2.91000545e+03
2.59600000e+02	2.89200000e+03	1.01000000e+00	1	2.86336634e+03	2.89200000e+03	1.00000000e+00	1	2.89200000e+03	2.89200000e+03	9.90000000e-01	1	2.92121212e+03	2.89219282e+03	2.89233743e+01	1.66989180e+01	2.86326944e+03	2.92111619e+03
2.59700000e+02	2.90400000e+03	1.01000000e+00	1	2.87524752e+03	2.90400000e+03	1.00000000e+00	1	2.90400000e+03	2.90400000e+03	9.90000000e-01	1	2.93333333e+03	2.90419362e+03	2.90433883e+01	1.67682081e+01	2.87515023e+03	2.93323701e+03
2.59800000e+02	2.91400000e+03	1.01000000e+00	1	2.88514851e+03	2.91400000e+03	1.00000000e+00	1	2.91400000e+03	2.91400000e+03	9.90000000e-01	1	2.94343434e+03	2.91419429e+03	2.91434000e+01	1.68259498e+01	2.88505089e+03	2.94333769e+03
2.59900000e+02	2.92600000e+03	1.01000000e+00	1	2.89702970e+03	2.92600000e+03	1.00000000e+00	1	2.92600000e+03	2.92600000e+03	9.90000000e-01	1	2.95555556e+03	2.92619509e+03	2.92634140e+01	1.68952400e+01	2.89693167e+03	2.95545850e+03
2.60000000e+02	2.93900000e+03	1.01000000e+00	1	2.90990099e+03	2.93900000e+03	1.00000000e+00	1	2.93900000e+03	2.93900000e+03	9.90000000e-01	1	2.96868687e+03	2.93919595e+03	2.93934292e+01	1.69703042e+01	2.90980252e+03	2.96858938e+03
2.60100000e+02	2.95300000e+03	1.01000000e+00	1	2.92376238e+03	2.95300000e+03	1.00000000e+00	1	2.95300000e+03	2.95300000e+03	9.90000000e-01	1	2.98282828e+03	2.95319689e+03	2.95334455e+01	1.70511427e+01	2.92366344e+03	2.98273033e+03
2.60200000e+02	2.96500000e+03	1.01000000e+00	1	2.93564356e+03	2.96500000e+03	1.00000000e+00	1	2.96500000e+03	2.96500000e+03	9.90000000e-01	1	2.99494949e+03	2.96519769e+03	2.96534595e+01	1.71204328e+01	2.93554423e+03	2.99485115e+03
2.60300000e+02	2.97600000e+03	1.01000000e+00	1	2.94653465e+03	2.97600000e+03	1.00000000e+00	1	2.97600000e+03	2.97600000e+03	9.90000000e-01	1	3.00606061e+03	2.97619842e+03	2.97634723e+01	1.71839488e+01	2.94643495e+03	3.00596189e+03
2.60400000e+02	2.99100000e+03	1.01000000e+00	1	2.96138614e+03	2.99100000e+03	1.00000000e+00	1	2.99100000e+03	2.99100000e+03	9.90000000e-01	1	3.02121212e+03	2.99119942e+03	2.99134898e+01	1.72705614e+01	2.96128593e+03	3.02111291e+03
2.60500000e+02	3.00200000e+03	1.01000000e+00	1	2.97227723e+03	3.00200000e+03	1.00000000e+00	1	3.00200000e+03	3.00200000e+03	9.90000000e-01	1	3.03232323e+03	3.00220015e+03	3.00235027e+01	1.73340774e+01	2.97217665e+03	3.03222366e+03
2.60600000e+02	3.01500000e+03	1.01000000e+00	1	2.98514851e+03	3.01500000e+03	1.00000000e+00	1	3.01500000e+03	3.01500000e+03	9.90000000e-01	1	3.04545455e+03	3.01520102e+03	3.01535178e+01	1.74091416e+01	2.98504750e+03	3.04535454e+03
2.60700000e+02	3.03000000e+03	1.01000000e+00	1	3.00000000e+03	3.03000000e+03	1.00000000e+00	1	3.03000000e+03	3.03000000e+03	9.90000000e-01	1	3.06060606e+03	3.03020202e+03	3.03035353e+01	1.74957543e+01	2.99989848e+03	3.06050556e+03
2.60800000e+02	3.04400000e+03	1.01000000e+00	1	3.01386139e+03	3.04400000e+03	1.00000000e+00	1	3.04400000e+03	3.04400000e+03	9.90000000e-01	1	3.07474747e+03	3.04420295e+03	3.04435517e+01	1.75765928e+01	3.01375940e+03	3.07464651e+03
2.60900000e+02	3.05600000e+03	1.01000000e+00	1	3.02574257e+03	3.05600000e+03	1.00000000e+00	1	3.05600000e+03	3.05600000e+03	9.90000000e-01	1	3.08686869e+03	3.05620375e+03	3.05635657e+01	1.76458829e+01	3.02564019e+03	3.08676732e+03
2.61000000e+02	3.07000000e+03	1.01000000e+00	1	3.03960396e+03	3.07000000e+03	1.00000000e+00	1	3.07000000e+03	3.07000000e+03	9.90000000e-01	1	3.10101010e+03	3.07020469e+03	3.07035820e+01	1.77267213e+01	3.03950111e+03	3.10090827e+03
2.61100000e+02	3.08500000e+03	1.01000000e+00	1	3.05445545e+03	3.08500000e+03	1.00000000e+00	1	3.08500000e+03	3.08500000e+03	9.90000000e-01	1	3.11616162e+03	3.08520569e+03	3.08535995e+01	1.78133340e+01	3.05435209e+03	3.11605929e+03
2.61200000e+02	3.09700000e+03	1.01000000e+00	1	3.06633663e+03	3.09700000e+03	1.00000000e+00	1	3.09700000e+03	3.09700000e+03	9.90000000e-01	1	3.12828283e+03	3.09720649e+03	3.09736135e+01	1.78826241e+01	3.06623287e+03	3.12818010e+03
2.61300000e+02	3.11000000e+03	1.01000000e+00	1	3.07920792e+03	3.11000000e+03	1.00000000e+00	1	3.11000000e+03	3.11000000e+03	9.90000000e-01	1	3.14141414e+03	3.11020735e+03	3.11036287e+01	1.79576884e+01	3.07910373e+03	3.14131098e+03
2.61400000e+02	3.12700000e+03	1.01000000e+00	1	3.09603960e+03	3.12700000e+03	1.00000000e+00	1	3.12700000e+03	3.12700000e+03	9.90000000e-01	1	3.15858586e+03	3.12720849e+03	3.12736485e+01	1.80558494e+01	3.09593484e+03	3.15848214e+03
2.61500000e+02	3.14000000e+03	1.01000000e+00	1	3.10891089e+03	3.14000000e+03	1.00000000e+00	1	3.14000000e+03	3.14000000e+03	9.90000000e-01	1	3.17171717e+03	3.14020935e+03	3.14036637e+01	1.81309137e+01	3.10880569e+03	3.17161302e+03
2.61600000e+02	3.15200000e+03	1.01000000e+00	1	3.12079208e+03	3.15200000e+03	1.00000000e+00	1	3.15200000e+03	3.15200000e+03	9.90000000e-01	1	3.18383838e+03	3.15221015e+03	3.15236777e+01	1.82002038e+01	3.12068648e+03	3.18373383e+03
2.61700000e+02	3.16600000e+03	1.01000000e+00	1	3.13465347e+03	3.16600000e+03	1.00000000e+00	1	3.16600000e+03	3.16600000e+03	9.90000000e-01	1	3.19797980e+03	3.16621109e+03	3.16636940e+01	1.82810423e+01	3.13454739e+03	3.19787478e+03
2.61800000e+02	3.18200000e+03	1.01000000e+00	1	3.15049505e+03	3.18200000e+03	1.00000000e+00	1	3.18200000e+03	3.18200000e+03	9.90000000e-01	1	3.21414141e+03	3.18221215e+03	3.18237127e+01	1.83734291e+01	3.15038844e+03	3.21403587e+03
2.61900000e+02	3.19700000e+03	1.01000000e+00	1	3.16534653e+03	3.19700000e+03	1.00000000e+00	1	3.19700000e+03	3.19700000e+03	9.90000000e-01	1	3.22929293e+03	3.19721315e+03	3.19737302e+01	1.84600417e+01	3.16523942e+03	3.22918688e+03
2.62000000e+02	3.21100000e+03	1.01000000e+00	1	3.17920792e+03	3.21100000e+03	1.00000000e+00	1	3.21100000e+03	3.21100000e+03	9.90000000e-01	1	3.24343434e+03	3.21121409e+03	3.21137465e+01	1.85408802e+01	3.17910034e+03	3.24332783e+03
2.62100000e+02	3.22700000e+03	1.01000000e+00	1	3.19504950e+03	3.22700000e+03	1.00000000e+00	1	3.22700000e+03	3.22700000e+03	9.90000000e-01	1	3.25959596e+03	3.22721515e+03	3.22737652e+01	1.86332670e+01	3.19494139e+03	3.25948892e+03
2.62200000e+02	3.24000000e+03	1.01000000e+00	1	3.20792079e+03	3.24000000e+03	1.00000000e+00	1	3.24000000e+03	3.24000000e+03	9.90000000e-01	1	3.27272727e+03	3.24021602e+03	3.24037804e+01	1.87083313e+01	3.20781224e+03	3.27261980e+03
2.62300000e+02	3.25600000e+03	1.01000000e+00	1	3.22376238e+03	3.25600000e+03	1.00000000e+00	1	3.25600000e+03	3.25600000e+03	9.90000000e-01	1	3.28888889e+03	3.25621709e+03	3.25637990e+01	1.88007181e+01	3.22365329e+03	3.28878089e+03
2.62400000e+02	3.27300000e+03	1.01000000e+00	1	3.24059406e+03	3.27300000e+03	1.00000000e+00	1	3.27300000e+03	3.27300000e+03	9.90000000e-01	1	3.30606061e+03	3.27321822e+03	3.27338189e+01	1.88988791e+01	3.24048440e+03	3.30595204e+03
2.62500000e+02	3.28800000e+03	1.01000000e+00	1	3.25544554e+03	3.28800000e+03	1.00000000e+00	1	3.28800000e+03	3.28800000e+03	9.90000000e-01	1	3.32121212e+03	3.28821922e+03	3.28838364e+01	1.89854918e+01	3.25533539e+03	3.32110306e+03
2.62600000e+02	3.30000000e+03	1.01000000e+00	1	3.26732673e+03	3.30000000e+03	1.00000000e+00	1	3.30000000e+03	3.30000000e+03	9.90000000e-01	1	3.33333333e+03	3.30022002e+03	3.30038504e+01	1.90547819e+01	3.26721617e+03	3.33322387e+03
2.62700000e+02	3.31800000e+03	1.01000000e+00	1	3.28514851e+03	3.31800000e+03	1.00000000e+00	1	3.31800000e+03	3.31800000e+03	9.90000000e-01	1	3.35151515e+03	3.31822122e+03	3.31838714e+01	1.91587171e+01	3.28503735e+03	3.35140509e+03
2.62800000e+02	3.33300000e+03	1.01000000e+00	1	3.30000000e+03	3.33300000e+03	1.00000000e+00	1	3.33300000e+03	3.33300000e+03	9.90000000e-01	1	3.36666667e+03	3.33322222e+03	3.33338889e+01	1.92453297e+01	3.29988833e+03	3.36655611e+03
2.62900000e+02	3.34800000e+03	1.01000000e+00	1	3.31485149e+03	3.34800000e+03	1.00000000e+00	1	3.34800000e+03	3.34800000e+03	9.90000000e-01	1	3.38181818e+03	3.34822322e+03	3.34839064e+01	1.93319424e+01	3.31473932e+03	3.38170713e+03
2.63000000e+02	3.36300000e+03	1.01000000e+00	1	3.32970297e+03	3.36300000e+03	1.00000000e+00	1	3.36300000e+03	3.36300000e+03	9.90000000e-01	1	3.39696970e+03	3.36322422e+03	3.36339239e+01	1.94185550e+01	3.32959030e+03	3.39685815e+03
2.63100000e+02	3.38300000e+03	1.01000000e+00	1	3.34950495e+03	3.38300000e+03	1.00000000e+00	1	3.38300000e+03	3.38300000e+03	9.90000000e-01	1	3.41717172e+03	3.38322556e+03	3.38339472e+01	1.95340385e+01	3.34939161e+03	3.41705950e+03
2.63200000e+02	3.39600000e+03	1.01000000e+00	1	3.36237624e+03	3.39600000e+03	1.00000000e+00	1	3.39600000e+03	3.39600000e+03	9.90000000e-01	1	3.43030303e+03	3.39622642e+03	3.39639624e+01	1.96091028e+01	3.36226246e+03	3.43019039e+03
2.63300000e+02	3.41600000e+03	1.01000000e+00	1	3.38217822e+03	3.41600000e+03	1.00000000e+00	1	3.41600000e+03	3.41600000e+03	9.90000000e-01	1	3.45050505e+03	3.41622776e+03	3.41639857e+01	1.97245864e+01	3.38206377e+03	3.45039174e+03
2.63400000e+02	3.43300000e+03	1.01000000e+00	1	3.39900990e+03	3.43300000e+03	1.00000000e+00	1	3.43300000e+03	3.43300000e+03	9.90000000e-01	1	3.46767677e+03	3.43322889e+03	3.43340056e+01	1.98227474e+01	3.39889488e+03	3.46756290e+03
2.63500000e+02	3.44900000e+03	1.01000000e+00	1	3.41485149e+03	3.44900000e+03	1.00000000e+00	1	3.44900000e+03	3.44900000e+03	9.90000000e-01	1	3.48383838e+03	3.44922996e+03	3.44940242e+01	1.99151342e+01	3.41473593e+03	3.48372398e+03
2.63600000e+02	3.46500000e+03	1.01000000e+00	1	3.43069307e+03	3.46500000e+03	1.00000000e+00	1	3.46500000e+03	3.46500000e+03	9.90000000e-01	1	3.50000000e+03	3.46523102e+03	3.46540429e+01	2.00075210e+01	3.43057698e+03	3.49988507e+03
2.63700000e+02	3.48300000e+03	1.01000000e+00	1	3.44851485e+03	3.48300000e+03	1.00000000e+00	1	3.48300000e+03	3.48300000e+03	9.90000000e-01	1	3.51818182e+03	3.48323222e+03	3.48340639e+01	2.01114562e+01	3.44839816e+03	3.51806629e+03
2.63800000e+02	3.49900000e+03	1.01000000e+00	1	3.46435644e+03	3.49900000e+03	1.00000000e+00	1	3.49900000e+03	3.49900000e+03	9.90000000e-01	1	3.53434343e+03	3.49923329e+03	3.49940826e+01	2.02038430e+01	3.46423921e+03	3.53422737e+03
2.63900000e+02	3.51300000e+03	1.01000000e+00	1	3.47821782e+03	3.51300000e+03	1.00000000e+00	1	3.51300000e+03	3.51300000e+03	9.90000000e-01	1	3.54848485e+03	3.51323422e+03	3.51340989e+01	2.02846815e+01	3.47810012e+03	3.54836832e+03
2.64000000e+02	3.53300000e+03	1.01000000e+00	1	3.49801980e+03	3.53300000e+03	1.00000000e+00	1	3.53300000e+03	3.53300000e+03	9.90000000e-01	1	3.56868687e+03	3.53323556e+03	3.53341222e+01	2.04001650e+01	3.49790143e+03	3.56856968e+03
2.64100000e+02	3.55200000e+03	1.01000000e+00	1	3.51683168e+03	3.55200000e+03	1.00000000e+00	1	3.55200000e+03	3.55200000e+03	9.90000000e-01	1	3.58787879e+03	3.55223682e+03	3.55241444e+01	2.05098743e+01	3.51671268e+03	3.58776097e+03
2.64200000e+02	3.56800000e+03	1.01000000e+00	1	3.53267327e+03	3.56800000e+03	1.00000000e+00	1	3.56800000e+03	3.56800000e+03	9.90000000e-01	1	3.60404040e+03	3.56823789e+03	3.56841631e+01	2.06022612e+01	3.53255373e+03	3.60392205e+03
2.64300000e+02	3.58600000e+03	1.01000000e+00	1	3.55049505e+03	3.58600000e+03	1.00000000e+00	1	3.58600000e+03	3.58600000e+03	9.90000000e-01	1	3.62222222e+03	3.58623909e+03	3.58641841e+01	2.07061963e+01	3.55037491e+03	3.62210327e+03
2.64400000e+02	3.60700000e+03	1.01000000e+00	1	3.57128713e+03	3.60700000e+03	1.00000000e+00	1	3.60700000e+03	3.60700000e+03	9.90000000e-01	1	3.64343434e+03	3.60724049e+03	3.60742086e+01	2.08274540e+01	3.57116628e+03	3.64331470e+03
2.64500000e+02	3.62400000e+03	1.01000000e+00	1	3.58811881e+03	3.62400000e+03	1.00000000e+00	1	3.62400000e+03	3.62400000e+03	9.90000000e-01	1	3.66060606e+03	3.62424162e+03	3.62442284e+01	2.09256150e+01	3.58799740e+03	3.66048585e+03
2.64600000e+02	3.64300000e+03	1.01000000e+00	1	3.60693069e+03	3.64300000e+03	1.00000000e+00	1	3.64300000e+03	3.64300000e+03	9.90000000e-01	1	3.67979798e+03	3.64324289e+03	3.64342506e+01	2.10353244e+01	3.60680864e+03	3.67967714e+03
2.64700000e+02	3.66100000e+03	1.01000000e+00	1	3.62475248e+03	3.66100000e+03	1.00000000e+00	1	3.66100000e+03	3.66100000e+03	9.90000000e-01	1	3.69797980e+03	3.66124409e+03	3.66142716e+01	2.11392596e+01	3.62462982e+03	3.69785836e+03
2.64800000e+02	3.68000000e+03	1.01000000e+00	1	3.64356436e+03	3.68000000e+03	1.00000000e+00	1	3.68000000e+03	3.68000000e+03	9.90000000e-01	1	3.71717172e+03	3.68024536e+03	3.68042938e+01	2.12489689e+01	3.64344106e+03	3.71704965e+03
2.64900000e+02	3.69600000e+03	1.01000000e+00	1	3.65940594e+03	3.69600000e+03	1.00000000e+00	1	3.69600000e+03	3.69600000e+03	9.90000000e-01	1	3.73333333e+03	3.69624642e+03	3.69643124e+01	2.13413557e+01	3.65928211e+03	3.73321074e+03
2.65000000e+02	3.71600000e+03	1.01000000e+00	1	3.67920792e+03	3.71600000e+03	1.00000000e+00	1	3.71600000e+03	3.71600000e+03	9.90000000e-01	1	3.75353535e+03	3.71624776e+03	3.71643358e+01	2.14568393e+01	3.67908342e+03	3.75341209e+03
2.65100000e+02	3.73600000e+03	1.01000000e+00	1	3.69900990e+03	3.73600000e+03	1.00000000e+00	1	3.73600000e+03	3.73600000e+03	9.90000000e-01	1	3.77373737e+03	3.73624909e+03	3.73643591e+01	2.15723228e+01	3.69888473e+03	3.77361345e+03
2.65200000e+02	3.75100000e+03	1.01000000e+00	1	3.71386139e+03	3.75100000e+03	1.00000000e+00	1	3.75100000e+03	3.75100000e+03	9.90000000e-01	1	3.78888889e+03	3.75125009e+03	3.75143766e+01	2.16589354e+01	3.71373572e+03	3.78876447e+03
2.65300000e+02	3.77200000e+03	1.01000000e+00	1	3.73465347e+03	3.77200000e+03	1.00000000e+00	1	3.77200000e+03	3.77200000e+03	9.90000000e-01	1	3.81010101e+03	3.77225149e+03	3.77244011e+01	2.17801931e+01	3.73452709e+03	3.80997589e+03
2.65400000e+02	3.79300000e+03	1.01000000e+00	1	3.75544554e+03	3.79300000e+03	1.00000000e+00	1	3.79300000e+03	3.79300000e+03	9.90000000e-01	1	3.83131313e+03	3.79325289e+03	3.79344256e+01	2.19014508e+01	3.75531847e+03	3.83118732e+03
2.65500000e+02	3.81200000e+03	1.01000000e+00	1	3.77425743e+03	3.81200000e+03	1.00000000e+00	1	3.81200000e+03	3.81200000e+03	9.90000000e-01	1	3.85050505e+03	3.81225416e+03	3.81244478e+01	2.20111602e+01	3.77412971e+03	3.85037861e+03
2.65600000e+02	3.82900000e+03	1.01000000e+00	1	3.79108911e+03	3.82900000e+03	1.00000000e+00	1	3.82900000e+03	3.82900000e+03	9.90000000e-01	1	3.86767677e+03	3.82925529e+03	3.82944676e+01	2.21093212e+01	3.79096082e+03	3.86754976e+03
2.65700000e+02	3.85200000e+03	1.01000000e+00	1	3.81386139e+03	3.85200000e+03	1.00000000e+00	1	3.85200000e+03	3.85200000e+03	9.90000000e-01	1	3.89090909e+03	3.85225683e+03	3.85244944e+01	2.22421272e+01	3.81373233e+03	3.89078132e+03
2.65800000e+02	3.87000000e+03	1.01000000e+00	1	3.83168317e+03	3.87000000e+03	1.00000000e+00	1	3.87000000e+03	3.87000000e+03	9.90000000e-01	1	3.90909091e+03	3.87025803e+03	3.87045154e+01	2.23460624e+01	3.83155351e+03	3.90896254e+03
2.65900000e+02	3.88900000e+03	1.01000000e+00	1	3.85049505e+03	3.88900000e+03	1.00000000e+00	1	3.88900000e+03	3.88900000e+03	9.90000000e-01	1	3.92828283e+03	3.88925929e+03	3.88945376e+01	2.24557718e+01	3.85036475e+03	3.92815383e+03
2.66000000e+02	3.91000000e+03	1.01000000e+00	1	3.87128713e+03	3.91000000e+03	1.00000000e+00	1	3.91000000e+03	3.91000000e+03	9.90000000e-01	1	3.94949495e+03	3.91026069e+03	3.91045621e+01	2.25770295e+01	3.87115613e+03	3.94936525e+03
2.66100000e+02	3.92900000e+03	1.01000000e+00	1	3.89009901e+03	3.92900000e+03	1.00000000e+00	1	3.92900000e+03	3.92900000e+03	9.90000000e-01	1	3.96868687e+03	3.92926196e+03	3.92945843e+01	2.26867388e+01	3.88996738e+03	3.96855654e+03
2.66200000e+02	3.94700000e+03	1.01000000e+00	1	3.90792079e+03	3.94700000e+03	1.00000000e+00	1	3.94700000e+03	3.94700000e+03	9.90000000e-01	1	3.98686869e+03	3.94726316e+03	3.94746053e+01	2.27906740e+01	3.90778855e+03	3.98673776e+03
2.66300000e+02	3.96900000e+03	1.01000000e+00	1	3.92970297e+03	3.96900000e+03	1.00000000e+00	1	3.96900000e+03	3.96900000e+03	9.90000000e-01	1	4.00909091e+03	3.96926463e+03	3.96946310e+01	2.29177059e+01	3.92957000e+03	4.00895926e+03
2.66400000e+02	3.98900000e+03	1.01000000e+00	1	3.94950495e+03	3.98900000e+03	1.00000000e+00	1	3.98900000e+03	3.98900000e+03	9.90000000e-01	1	4.02929293e+03	3.98926596e+03	3.98946543e+01	2.30331894e+01	3.94937131e+03	4.02916061e+03
2.66500000e+02	4.00700000e+03	1.01000000e+00	1	3.96732673e+03	4.00700000e+03	1.00000000e+00	1	4.00700000e+03	4.00700000e+03	9.90000000e-01	1	4.04747475e+03	4.00726716e+03	4.00746753e+01	2.31371246e+01	3.96719248e+03	4.04734184e+03
2.66600000e+02	4.02900000e+03	1.01000000e+00	1	3.98910891e+03	4.02900000e+03	1.00000000e+00	1	4.02900000e+03	4.02900000e+03	9.90000000e-01	1	4.06969697e+03	4.02926863e+03	4.02947010e+01	2.32641564e+01	3.98897393e+03	4.06956333e+03
2.66700000e+02	4.05200000e+03	1.01000000e+00	1	4.01188119e+03	4.05200000e+03	1.00000000e+00	1	4.05200000e+03	4.05200000e+03	9.90000000e-01	1	4.09292929e+03	4.05227016e+03	4.05247278e+01	2.33969625e+01	4.01174543e+03	4.09279489e+03
2.66800000e+02	4.07300000e+03	1.01000000e+00	1	4.03267327e+03	4.07300000e+03	1.00000000e+00	1	4.07300000e+03	4.07300000e+03	9.90000000e-01	1	4.11414141e+03	4.07327156e+03	4.07347523e+01	2.35182202e+01	4.03253681e+03	4.11400631e+03
2.66900000e+02	4.09200000e+03	1.01000000e+00	1	4.05148515e+03	4.09200000e+03	1.00000000e+00	1	4.09200000e+03	4.09200000e+03	9.90000000e-01	1	4.13333333e+03	4.09227283e+03	4.09247745e+01	2.36279296e+01	4.05134805e+03	4.13319760e+03
2.67000000e+02	4.11800000e+03	1.01000000e+00	1	4.07722772e+03	4.11800000e+03	1.00000000e+00	1	4.11800000e+03	4.11800000e+03	9.90000000e-01	1	4.15959596e+03	4.11827456e+03	4.11848048e+01	2.37780581e+01	4.07708976e+03	4.15945937e+03
2.67100000e+02	4.13800000e+03	1.01000000e+00	1	4.09702970e+03	4.13800000e+03	1.00000000e+00	1	4.13800000e+03	4.13800000e+03	9.90000000e-01	1	4.17979798e+03	4.13827589e+03	4.13848281e+01	2.38935417e+01	4.09689107e+03	4.17966072e+03
2.67200000e+02	4.16000000e+03	1.01000000e+00	1	4.11881188e+03	4.16000000e+03	1.00000000e+00	1	4.16000000e+03	4.16000000e+03	9.90000000e-01	1	4.20202020e+03	4.16027736e+03	4.16048538e+01	2.40205735e+01	4.11867251e+03	4.20188221e+03
2.67300000e+02	4.18500000e+03	1.01000000e+00	1	4.14356436e+03	4.18500000e+03	1.00000000e+00	1	4.18500000e+03	4.18500000e+03	9.90000000e-01	1	4.22727273e+03	4.18527903e+03	4.18548830e+01	2.41649280e+01	4.14342414e+03	4.22713391e+03
2.67400000e+02	4.20800000e+03	1.01000000e+00	1	4.16633663e+03	4.20800000e+03	1.00000000e+00	1	4.20800000e+03	4.20800000e+03	9.90000000e-01	1	4.25050505e+03	4.20828056e+03	4.20849098e+01	2.42977340e+01	4.16619565e+03	4.25036547e+03
2.67500000e+02	4.22700000e+03	1.01000000e+00	1	4.18514851e+03	4.22700000e+03	1.00000000e+00	1	4.22700000e+03	4.22700000e+03	9.90000000e-01	1	4.26969697e+03	4.22728183e+03	4.22749320e+01	2.44074434e+01	4.18500690e+03	4.26955676e+03
2.67600000e+02	4.25200000e+03	1.01000000e+00	1	4.20990099e+03	4.25200000e+03	1.00000000e+00	1	4.25200000e+03	4.25200000e+03	9.90000000e-01	1	4.29494949e+03	4.25228350e+03	4.25249612e+01	2.45517978e+01	4.20975853e+03	4.29480846e+03
2.67700000e+02	4.27400000e+03	1.01000000e+00	1	4.23168317e+03	4.27400000e+03	1.00000000e+00	1	4.27400000e+03	4.27400000e+03	9.90000000e-01	1	4.31717172e+03	4.27428496e+03	4.27449868e+01	2.46788297e+01	4.23153998e+03	4.31702995e+03
2.67800000e+02	4.29300000e+03	1.01000000e+00	1	4.25049505e+03	4.29300000e+03	1.00000000e+00	1	4.29300000e+03	4.29300000e+03	9.90000000e-01	1	4.33636364e+03	4.29328623e+03	4.29350090e+01	2.47885390e+01	4.25035122e+03	4.33622124e+03
2.67900000e+02	4.31500000e+03	1.01000000e+00	1	4.27227723e+03	4.31500000e+03	1.00000000e+00	1	4.31500000e+03	4.31500000e+03	9.90000000e-01	1	4.35858586e+03	4.31528770e+03	4.31550347e+01	2.49155709e+01	4.27213266e+03	4.35844273e+03
2.68000000e+02	4.34000000e+03	1.01000000e+00	1	4.29702970e+03	4.34000000e+03	1.00000000e+00	1	4.34000000e+03	4.34000000e+03	9.90000000e-01	1	4.38383838e+03	4.34028936e+03	4.34050638e+01	2.50599253e+01	4.29688430e+03	4.38369443e+03
2.68100000e+02	4.36300000e+03	1.01000000e+00	1	4.31980198e+03	4.36300000e+03	1.00000000e+00	1	4.36300000e+03	4.36300000e+03	9.90000000e-01	1	4.40707071e+03	4.36329090e+03	4.36350907e+01	2.51927313e+01	4.31965581e+03	4.40692599e+03
2.68200000e+02	4.38300000e+03	1.01000000e+00	1	4.33960396e+03	4.38300000e+03	1.00000000e+00	1	4.38300000e+03	4.38300000e+03	9.90000000e-01	1	4.42727273e+03	4.38329223e+03	4.38351140e+01	2.53082149e+01	4.33945712e+03	4.42712734e+03
2.68300000e+02	4.40800000e+03	1.01000000e+00	1	4.36435644e+03	4.40800000e+03	1.00000000e+00	1	4.40800000e+03	4.40800000e+03	9.90000000e-01	1	4.45252525e+03	4.40829390e+03	4.40851432e+01	2.54525693e+01	4.36420875e+03	4.45237904e+03
2.68400000e+02	4.43300000e+03	1.01000000e+00	1	4.38910891e+03	4.43300000e+03	1.00000000e+00	1	4.43300000e+03	4.43300000e+03	9.90000000e-01	1	4.47777778e+03	4.43329556e+03	4.43351723e+01	2.55969237e+01	4.38896039e+03	4.47763074e+03
2.68500000e+02	4.45600000e+03	1.01000000e+00	1	4.41188119e+03	4.45600000e+03	1.00000000e+00	1	4.45600000e+03	4.45600000e+03	9.90000000e-01	1	4.50101010e+03	4.45629710e+03	4.45651992e+01	2.57297297e+01	4.41173190e+03	4.50086230e+03
2.68600000e+02	4.48000000e+03	1.01000000e+00	1	4.43564356e+03	4.48000000e+03	1.00000000e+00	1	4.48000000e+03	4.48000000e+03	9.90000000e-01	1	4.52525253e+03	4.48029870e+03	4.48052272e+01	2.58683100e+01	4.43549347e+03	4.52510392e+03
2.68700000e+02	4.50700000e+03	1.01000000e+00	1	4.46237624e+03	4.50700000e+03	1.00000000e+00	1	4.50700000e+03	4.50700000e+03	9.90000000e-01	1	4.55252525e+03	4.50730050e+03	4.50752587e+01	2.60242127e+01	4.46222524e+03	4.55237576e+03
2.68800000e+02	4.52600000e+03	1.01000000e+00	1	4.48118812e+03	4.52600000e+03	1.00000000e+00	1	4.52600000e+03	4.52600000e+03	9.90000000e-01	1	4.57171717e+03	4.52630176e+03	4.52652809e+01	2.61339221e+01	4.48103648e+03	4.57156704e+03
2.68900000e+02	4.55400000e+03	1.01000000e+00	1	4.50891089e+03	4.55400000e+03	1.00000000e+00	1	4.55400000e+03	4.55400000e+03	9.90000000e-01	1	4.60000000e+03	4.55430363e+03	4.55453135e+01	2.62955990e+01	4.50875832e+03	4.59984894e+03
2.69000000e+02	4.57900000e+03	1.01000000e+00	1	4.53366337e+03	4.57900000e+03	1.00000000e+00	1	4.57900000e+03	4.57900000e+03	9.90000000e-01	1	4.62525253e+03	4.57930530e+03	4.57953427e+01	2.64399534e+01	4.53350995e+03	4.62510064e+03
2.69100000e+02	4.60100000e+03	1.01000000e+00	1	4.55544554e+03	4.60100000e+03	1.00000000e+00	1	4.60100000e+03	4.60100000e+03	9.90000000e-01	1	4.64747475e+03	4.60130676e+03	4.60153684e+01	2.65669853e+01	4.55529140e+03	4.64732213e+03
2.69200000e+02	4.62300000e+03	1.01000000e+00	1	4.57722772e+03	4.62300000e+03	1.00000000e+00	1	4.62300000e+03	4.62300000e+03	9.90000000e-01	1	4.66969697e+03	4.62330823e+03	4.62353940e+01	2.66940172e+01	4.57707284e+03	4.66954362e+03
2.69300000e+02	4.65000000e+03	1.01000000e+00	1	4.60396040e+03	4.65000000e+03	1.00000000e+00	1	4.65000000e+03	4.65000000e+03	9.90000000e-01	1	4.69696970e+03	4.65031003e+03	4.65054255e+01	2.68499200e+01	4.60380461e+03	4.69681546e+03
2.69400000e+02	4.67500000e+03	1.01000000e+00	1	4.62871287e+03	4.67500000e+03	1.00000000e+00	1	4.67500000e+03	4.67500000e+03	9.90000000e-01	1	4.72222222e+03	4.67531170e+03	4.67554547e+01	2.69942744e+01	4.62855624e+03	4.72206715e+03
2.69500000e+02	4.69600000e+03	1.01000000e+00	1	4.64950495e+03	4.69600000e+03	1.00000000e+00	1	4.69600000e+03	4.69600000e+03	9.90000000e-01	1	4.74343434e+03	4.69631310e+03	4.69654792e+01	2.71155321e+01	4.64934762e+03	4.74327858e+03
2.69600000e+02	4.72300000e+03	1.01000000e+00	1	4.67623762e+03	4.72300000e+03	1.00000000e+00	1	4.72300000e+03	4.72300000e+03	9.90000000e-01	1	4.77070707e+03	4.72331490e+03	4.72355107e+01	2.72714348e+01	4.67607939e+03	4.77055041e+03
2.69700000e+02	4.75000000e+03	1.01000000e+00	1	4.70297030e+03	4.75000000e+03	1.00000000e+00	1	4.75000000e+03	4.75000000e+03	9.90000000e-01	1	4.79797980e+03	4.75031670e+03	4.75055422e+01	2.74273376e+01	4.70281116e+03	4.79782224e+03
2.69800000e+02	4.77500000e+03	1.01000000e+00	1	4.72772277e+03	4.77500000e+03	1.00000000e+00	1	4.77500000e+03	4.77500000e+03	9.90000000e-01	1	4.82323232e+03	4.77531837e+03	4.77555714e+01	2.75716920e+01	4.72756279e+03	4.82307394e+03
2.69900000e+02	4.80000000e+03	1.01000000e+00	1	4.75247525e+03	4.80000000e+03	1.00000000e+00	1	4.80000000e+03	4.80000000e+03	9.90000000e-01	1	4.84848485e+03	4.80032003e+03	4.80056006e+01	2.77160464e+01	4.75231443e+03	4.84832563e+03
2.70000000e+02	4.82700000e+03	1.01000000e+00	1	4.77920792e+03	4.82700000e+03	1.00000000e+00	1	4.82700000e+03	4.82700000e+03	9.90000000e-01	1	4.87575758e+03	4.82732183e+03	4.82756321e+01	2.78719492e+01	4.77904620e+03	4.87559746e+03
2.70100000e+02	4.84900000e+03	1.01000000e+00	1	4.80099010e+03	4.84900000e+03	1.00000000e+00	1	4.84900000e+03	4.84900000e+03	9.90000000e-01	1	4.89797980e+03	4.84932330e+03	4.84956577e+01	2.79989810e+01	4.80082764e+03	4.89781896e+03
2.70200000e+02	4.87700000e+03	1.01000000e+00	1	4.82871287e+03	4.87700000e+03	1.00000000e+00	1	4.87700000e+03	4.87700000e+03	9.90000000e-01	1	4.92626263e+03	4.87732517e+03	4.87756904e+01	2.81606580e+01	4.82854948e+03	4.92610086e+03
2.70300000e+02	4.90200000e+03	1.01000000e+00	1	4.85346535e+03	4.90200000e+03	1.00000000e+00	1	4.90200000e+03	4.90200000e+03	9.90000000e-01	1	4.95151515e+03	4.90232683e+03	4.90257196e+01	2.83050124e+01	4.85330111e+03	4.95135255e+03
2.70400000e+02	4.92900000e+03	1.01000000e+00	1	4.88019802e+03	4.92900000e+03	1.00000000e+00	1	4.92900000e+03	4.92900000e+03	9.90000000e-01	1	4.97878788e+03	4.92932863e+03	4.92957511e+01	2.84609151e+01	4.88003288e+03	4.97862438e+03
2.70500000e+02	4.95300000e+03	1.01000000e+00	1	4.90396040e+03	4.95300000e+03	1.00000000e+00	1	4.95300000e+03	4.95300000e+03	9.90000000e-01	1	5.00303030e+03	4.95333023e+03	4.95357791e+01	2.85994954e+01	4.90379445e+03	5.00286601e+03
2.70600000e+02	4.98000000e+03	1.01000000e+00	1	4.93069307e+03	4.98000000e+03	1.00000000e+00	1	4.98000000e+03	4.98000000e+03	9.90000000e-01	1	5.03030303e+03	4.98033203e+03	4.98058106e+01	2.87553981e+01	4.93052622e+03	5.03013784e+03
2.70700000e+02	5.00900000e+03	1.01000000e+00	1	4.95940594e+03	5.00900000e+03	1.00000000e+00	1	5.00900000e+03	5.00900000e+03	9.90000000e-01	1	5.05959596e+03	5.00933397e+03	5.00958444e+01	2.89228493e+01	4.95923812e+03	5.05942981e+03
2.70800000e+02	5.03100000e+03	1.01000000e+00	1	4.98118812e+03	5.03100000e+03	1.00000000e+00	1	5.03100000e+03	5.03100000e+03	9.90000000e-01	1	5.08181818e+03	5.03133543e+03	5.03158701e+01	2.90498811e+01	4.98101956e+03	5.08165130e+03
2.70900000e+02	5.06000000e+03	1.01000000e+00	1	5.00990099e+03	5.06000000e+03	1.00000000e+00	1	5.06000000e+03	5.06000000e+03	9.90000000e-01	1	5.11111111e+03	5.06033737e+03	5.06059039e+01	2.92173322e+01	5.00973146e+03	5.11094327e+03
2.71000000e+02	5.08600000e+03	1.01000000e+00	1	5.03564356e+03	5.08600000e+03	1.00000000e+00	1	5.08600000e+03	5.08600000e+03	9.90000000e-01	1	5.13737374e+03	5.08633910e+03	5.08659343e+01	2.93674608e+01	5.03547317e+03	5.13720503e+03
2.71100000e+02	5.11400000e+03	1.01000000e+00	1	5.06336634e+03	5.11400000e+03	1.00000000e+00	1	5.11400000e+03	5.11400000e+03	9.90000000e-01	1	5.16565657e+03	5.11434097e+03	5.11459669e+01	2.95291378e+01	5.06319500e+03	5.16548693e+03
2.71200000e+02	5.14100000e+03	1.01000000e+00	1	5.09009901e+03	5.14100000e+03	1.00000000e+00	1	5.14100000e+03	5.14100000e+03	9.90000000e-01	1	5.19292929e+03	5.14134277e+03	5.14159984e+01	2.96850405e+01	5.08992677e+03	5.19275877e+03
2.71300000e+02	5.17000000e+03	1.01000000e+00	1	5.11881188e+03	5.17000000e+03	1.00000000e+00	1	5.17000000e+03	5.17000000e+03	9.90000000e-01	1	5.22222222e+03	5.17034470e+03	5.17060323e+01	2.98524916e+01	5.11863867e+03	5.22205073e+03
2.71400000e+02	5.19900000e+03	1.01000000e+00	1	5.14752475e+03	5.19900000e+03	1.00000000e+00	1	5.19900000e+03	5.19900000e+03	9.90000000e-01	1	5.25151515e+03	5.19934663e+03	5.19960661e+01	3.00199428e+01	5.14735057e+03	5.25134270e+03
2.71500000e+02	5.22600000e+03	1.01000000e+00	1	5.17425743e+03	5.22600000e+03	1.00000000e+00	1	5.22600000e+03	5.22600000e+03	9.90000000e-01	1	5.27878788e+03	5.22634843e+03	5.22660976e+01	3.01758455e+01	5.17408234e+03	5.27861453e+03
2.71600000e+02	5.25500000e+03	1.01000000e+00	1	5.20297030e+03	5.25500000e+03	1.00000000e+00	1	5.25500000e+03	5.25500000e+03	9.90000000e-01	1	5.30808081e+03	5.25535037e+03	5.25561314e+01	3.03432966e+01	5.20279424e+03	5.30790650e+03
2.71700000e+02	5.28100000e+03	1.01000000e+00	1	5.22871287e+03	5.28100000e+03	1.00000000e+00	1	5.28100000e+03	5.28100000e+03	9.90000000e-01	1	5.33434343e+03	5.28135210e+03	5.28161618e+01	3.04934252e+01	5.22853594e+03	5.33416826e+03
2.71800000e+02	5.30900000e+03	1.01000000e+00	1	5.25643564e+03	5.30900000e+03	1.00000000e+00	1	5.30900000e+03	5.30900000e+03	9.90000000e-01	1	5.36262626e+03	5.30935397e+03	5.30961944e+01	3.06551022e+01	5.25625777e+03	5.36245016e+03
2.71900000e+02	5.33700000e+03	1.01000000e+00	1	5.28415842e+03	5.33700000e+03	1.00000000e+00	1	5.33700000e+03	5.33700000e+03	9.90000000e-01	1	5.39090909e+03	5.33735584e+03	5.33762271e+01	3.08167791e+01	5.28397961e+03	5.39073206e+03
2.72000000e+02	5.36700000e+03	1.01000000e+00	1	5.31386139e+03	5.36700000e+03	1.00000000e+00	1	5.36700000e+03	5.36700000e+03	9.90000000e-01	1	5.42121212e+03	5.36735784e+03	5.36762621e+01	3.09900044e+01	5.31368157e+03	5.42103410e+03
2.72100000e+02	5.39400000e+03	1.01000000e+00	1	5.34059406e+03	5.39400000e+03	1.00000000e+00	1	5.39400000e+03	5.39400000e+03	9.90000000e-01	1	5.44848485e+03	5.39435964e+03	5.39462936e+01	3.11459071e+01	5.34041334e+03	5.44830593e+03
2.72200000e+02	5.42400000e+03	1.01000000e+00	1	5.37029703e+03	5.42400000e+03	1.00000000e+00	1	5.42400000e+03	5.42400000e+03	9.90000000e-01	1	5.47878788e+03	5.42436164e+03	5.42463286e+01	3.13191324e+01	5.37011531e+03	5.47860796e+03
2.72300000e+02	5.45000000e+03	1.01000000e+00	1	5.39603960e+03	5.45000000e+03	1.00000000e+00	1	5.45000000e+03	5.45000000e+03	9.90000000e-01	1	5.50505051e+03	5.45036337e+03	5.45063590e+01	3.14692610e+01	5.39585701e+03	5.50486973e+03
2.72400000e+02	5.48200000e+03	1.01000000e+00	1	5.42772277e+03	5.48200000e+03	1.00000000e+00	1	5.48200000e+03	5.48200000e+03	9.90000000e-01	1	5.53737374e+03	5.48236550e+03	5.48263963e+01	3.16540347e+01	5.42753911e+03	5.53719190e+03
2.72500000e+02	5.51000000e+03	1.01000000e+00	1	5.45544554e+03	5.51000000e+03	1.00000000e+00	1	5.51000000e+03	5.51000000e+03	9.90000000e-01	1	5.56565657e+03	5.51036737e+03	5.51064290e+01	3.18157116e+01	5.45526094e+03	5.56547380e+03
2.72600000e+02	5.54000000e+03	1.01000000e+00	1	5.48514851e+03	5.54000000e+03	1.00000000e+00	1	5.54000000e+03	5.54000000e+03	9.90000000e-01	1	5.59595960e+03	5.54036937e+03	5.54064640e+01	3.19889369e+01	5.48496291e+03	5.59577583e+03
2.72700000e+02	5.57000000e+03	1.01000000e+00	1	5.51485149e+03	5.57000000e+03	1.00000000e+00	1	5.57000000e+03	5.57000000e+03	9.90000000e-01	1	5.62626263e+03	5.57037137e+03	5.57064990e+01	3.21621622e+01	5.51466487e+03	5.62607787e+03
2.72800000e+02	5.60200000e+03	1.01000000e+00	1	5.54653465e+03	5.60200000e+03	1.00000000e+00	1	5.60200000e+03	5.60200000e+03	9.90000000e-01	1	5.65858586e+03	5.60237350e+03	5.60265363e+01	3.23469358e+01	5.54634697e+03	5.65840004e+03
2.72900000e+02	5.62900000e+03	1.01000000e+00	1	5.57326733e+03	5.62900000e+03	1.00000000e+00	1	5.62900000e+03	5.62900000e+03	9.90000000e-01	1	5.68585859e+03	5.62937530e+03	5.62965678e+01	3.25028386e+01	5.57307874e+03	5.68567187e+03
2.73000000e+02	5.65900000e+03	1.01000000e+00	1	5.60297030e+03	5.65900000e+03	1.00000000e+00	1	5.65900000e+03	5.65900000e+03	9.90000000e-01	1	5.71616162e+03	5.65937730e+03	5.65966028e+01	3.26760639e+01	5.60278070e+03	5.71597391e+03
2.73100000e+02	5.68800000e+03	1.01000000e+00	1	5.63168317e+03	5.68800000e+03	1.00000000e+00	1	5.68800000e+03	5.68800000e+03	9.90000000e-01	1	5.74545455e+03	5.68837924e+03	5.68866367e+01	3.28435150e+01	5.63149260e+03	5.74526587e+03
2.73200000e+02	5.71900000e+03	1.01000000e+00	1	5.66237624e+03	5.71900000e+03	1.00000000e+00	1	5.71900000e+03	5.71900000e+03	9.90000000e-01	1	5.77676768e+03	5.71938130e+03	5.71966728e+01	3.30225145e+01	5.66218463e+03	5.77657798e+03
2.73300000e+02	5.75100000e+03	1.01000000e+00	1	5.69405941e+03	5.75100000e+03	1.00000000e+00	1	5.75100000e+03	5.75100000e+03	9.90000000e-01	1	5.80909091e+03	5.75138344e+03	5.75167102e+01	3.32072881e+01	5.69386673e+03	5.80890015e+03
2.73400000e+02	5.77900000e+03	1.01000000e+00	1	5.72178218e+03	5.77900000e+03	1.00000000e+00	1	5.77900000e+03	5.77900000e+03	9.90000000e-01	1	5.83737374e+03	5.77938531e+03	5.77967428e+01	3.33689650e+01	5.72158856e+03	5.83718205e+03
2.73500000e+02	5.81100000e+03	1.01000000e+00	1	5.75346535e+03	5.81100000e+03	1.00000000e+00	1	5.81100000e+03	5.81100000e+03	9.90000000e-01	1	5.86969697e+03	5.81138744e+03	5.81167802e+01	3.35537387e+01	5.75327066e+03	5.86950422e+03
2.73600000e+02	5.84000000e+03	1.01000000e+00	1	5.78217822e+03	5.84000000e+03	1.00000000e+00	1	5.84000000e+03	5.84000000e+03	9.90000000e-01	1	5.89898990e+03	5.84038937e+03	5.84068140e+01	3.37211898e+01	5.78198256e+03	5.89879619e+03
2.73700000e+02	5.87200000e+03	1.01000000e+00	1	5.81386139e+03	5.87200000e+03	1.00000000e+00	1	5.87200000e+03	5.87200000e+03	9.90000000e-01	1	5.93131313e+03	5.87239151e+03	5.87268513e+01	3.39059634e+01	5.81366465e+03	5.93111836e+03
2.73800000e+02	5.90300000e+03	1.01000000e+00	1	5.84455446e+03	5.90300000e+03	1.00000000e+00	1	5.90300000e+03	5.90300000e+03	9.90000000e-01	1	5.96262626e+03	5.90339357e+03	5.90368875e+01	3.40849629e+01	5.84435669e+03	5.96243046e+03
2.73900000e+02	5.93600000e+03	1.01000000e+00	1	5.87722772e+03	5.93600000e+03	1.00000000e+00	1	5.93600000e+03	5.93600000e+03	9.90000000e-01	1	5.99595960e+03	5.93639577e+03	5.93669260e+01	3.42755107e+01	5.87702885e+03	5.99576270e+03
2.74000000e+02	5.96600000e+03	1.01000000e+00	1	5.90693069e+03	5.96600000e+03	1.00000000e+00	1	5.96600000e+03	5.96600000e+03	9.90000000e-01	1	6.02626263e+03	5.96639777e+03	5.96669610e+01	3.44487360e+01	5.90673081e+03	6.02606473e+03
2.74100000e+02	5.99900000e+03	1.01000000e+00	1	5.93960396e+03	5.99900000e+03	1.00000000e+00	1	5.99900000e+03	5.99900000e+03	9.90000000e-01	1	6.05959596e+03	5.99939997e+03	5.99969995e+01	3.46392838e+01	5.93940297e+03	6.05939697e+03
2.74200000e+02	6.03000000e+03	1.01000000e+00	1	5.97029703e+03	6.03000000e+03	1.00000000e+00	1	6.03000000e+03	6.03000000e+03	9.90000000e-01	1	6.09090909e+03	6.03040204e+03	6.03070357e+01	3.48182833e+01	5.97009500e+03	6.09070908e+03
2.74300000e+02	6.06200000e+03	1.01000000e+00	1	6.00198020e+03	6.06200000e+03	1.00000000e+00	1	6.06200000e+03	6.06200000e+03	9.90000000e-01	1	6.12323232e+03	6.06240417e+03	6.06270730e+01	3.50030569e+01	6.00177710e+03	6.12303125e+03
2.74400000e+02	6.09300000e+03	1.01000000e+00	1	6.03267327e+03	6.09300000e+03	1.00000000e+00	1	6.09300000e+03	6.09300000e+03	9.90000000e-01	1	6.15454545e+03	6.09340624e+03	6.09371092e+01	3.51820564e+01	6.03246913e+03	6.15434335e+03
2.74500000e+02	6.12600000e+03	1.01000000e+00	1	6.06534653e+03	6.12600000e+03	1.00000000e+00	1	6.12600000e+03	6.12600000e+03	9.90000000e-01	1	6.18787879e+03	6.12640844e+03	6.12671477e+01	3.53726042e+01	6.06514129e+03	6.18767559e+03
2.74600000e+02	6.15700000e+03	1.01000000e+00	1	6.09603960e+03	6.15700000e+03	1.00000000e+00	1	6.15700000e+03	6.15700000e+03	9.90000000e-01	1	6.21919192e+03	6.15741051e+03	6.15771839e+01	3.55516037e+01	6.09583332e+03	6.21898769e+03
2.74700000e+02	6.18700000e+03	1.01000000e+00	1	6.12574257e+03	6.18700000e+03	1.00000000e+00	1	6.18700000e+03	6.18700000e+03	9.90000000e-01	1	6.24949495e+03	6.18741251e+03	6.18772189e+01	3.57248290e+01	6.12553529e+03	6.24928973e+03
2.74800000e+02	6.22300000e+03	1.01000000e+00	1	6.16138614e+03	6.22300000e+03	1.00000000e+00	1	6.22300000e+03	6.22300000e+03	9.90000000e-01	1	6.28585859e+03	6.22341491e+03	6.22372609e+01	3.59326993e+01	6.16117765e+03	6.28565217e+03
2.74900000e+02	6.25400000e+03	1.01000000e+00	1	6.19207921e+03	6.25400000e+03	1.00000000e+00	1	6.25400000e+03	6.25400000e+03	9.90000000e-01	1	6.31717172e+03	6.25441698e+03	6.25472971e+01	3.61116988e+01	6.19186968e+03	6.31696427e+03
2.75000000e+02	6.29100000e+03	1.01000000e+00	1	6.22871287e+03	6.29100000e+03	1.00000000e+00	1	6.29100000e+03	6.29100000e+03	9.90000000e-01	1	6.35454545e+03	6.29141944e+03	6.29173402e+01	3.63253433e+01	6.22850210e+03	6.35433678e+03
2.75100000e+02	6.32200000e+03	1.01000000e+00	1	6.25940594e+03	6.32200000e+03	1.00000000e+00	1	6.32200000e+03	6.32200000e+03	9.90000000e-01	1	6.38585859e+03	6.32242151e+03	6.32273764e+01	3.65043428e+01	6.25919413e+03	6.38564889e+03
2.75200000e+02	6.35500000e+03	1.01000000e+00	1	6.29207921e+03	6.35500000e+03	1.00000000e+00	1	6.35500000e+03	6.35500000e+03	9.90000000e-01	1	6.41919192e+03	6.35542371e+03	6.35574149e+01	3.66948906e+01	6.29186629e+03	6.41898112e+03
2.75300000e+02	6.38800000e+03	1.01000000e+00	1	6.32475248e+03	6.38800000e+03	1.00000000e+00	1	6.38800000e+03	6.38800000e+03	9.90000000e-01	1	6.45252525e+03	6.38842591e+03	6.38874534e+01	3.68854384e+01	6.32453846e+03	6.45231336e+03
2.75400000e+02	6.42500000e+03	1.01000000e+00	1	6.36138614e+03	6.42500000e+03	1.00000000e+00	1	6.42500000e+03	6.42500000e+03	9.90000000e-01	1	6.48989899e+03	6.42542838e+03	6.42574966e+01	3.70990829e+01	6.36117088e+03	6.48968587e+03
2.75500000e+02	6.45700000e+03	1.01000000e+00	1	6.39306931e+03	6.45700000e+03	1.00000000e+00	1	6.45700000e+03	6.45700000e+03	9.90000000e-01	1	6.52222222e+03	6.45743051e+03	6.45775339e+01	3.72838566e+01	6.39285298e+03	6.52200804e+03
2.75600000e+02	6.48900000e+03	1.01000000e+00	1	6.42475248e+03	6.48900000e+03	1.00000000e+00	1	6.48900000e+03	6.48900000e+03	9.90000000e-01	1	6.55454545e+03	6.48943264e+03	6.48975712e+01	3.74686302e+01	6.42453507e+03	6.55433021e+03
2.75700000e+02	6.52400000e+03	1.01000000e+00	1	6.45940594e+03	6.52400000e+03	1.00000000e+00	1	6.52400000e+03	6.52400000e+03	9.90000000e-01	1	6.58989899e+03	6.52443498e+03	6.52476121e+01	3.76707264e+01	6.45918736e+03	6.58968259e+03
2.75800000e+02	6.55700000e+03	1.01000000e+00	1	6.49207921e+03	6.55700000e+03	1.00000000e+00	1	6.55700000e+03	6.55700000e+03	9.90000000e-01	1	6.62323232e+03	6.55743718e+03	6.55776506e+01	3.78612742e+01	6.49185953e+03	6.62301483e+03
2.75900000e+02	6.59100000e+03	1.01000000e+00	1	6.52574257e+03	6.59100000e+03	1.00000000e+00	1	6.59100000e+03	6.59100000e+03	9.90000000e-01	1	6.65757576e+03	6.59143944e+03	6.59176903e+01	3.80575962e+01	6.52552175e+03	6.65735713e+03
2.76000000e+02	6.62500000e+03	1.01000000e+00	1	6.55940594e+03	6.62500000e+03	1.00000000e+00	1	6.62500000e+03	6.62500000e+03	9.90000000e-01	1	6.69191919e+03	6.62544171e+03	6.62577299e+01	3.82539182e+01	6.55918398e+03	6.69169944e+03
2.76100000e+02	6.66000000e+03	1.01000000e+00	1	6.59405941e+03	6.66000000e+03	1.00000000e+00	1	6.66000000e+03	6.66000000e+03	9.90000000e-01	1	6.72727273e+03	6.66044404e+03	6.66077708e+01	3.84560144e+01	6.59383627e+03	6.72705182e+03
2.76200000e+02	6.69000000e+03	1.01000000e+00	1	6.62376238e+03	6.69000000e+03	1.00000000e+00	1	6.69000000e+03	6.69000000e+03	9.90000000e-01	1	6.75757576e+03	6.69044604e+03	6.69078058e+01	3.86292397e+01	6.62353824e+03	6.75735385e+03
2.76300000e+02	6.72800000e+03	1.01000000e+00	1	6.66138614e+03	6.72800000e+03	1.00000000e+00	1	6.72800000e+03	6.72800000e+03	9.90000000e-01	1	6.79595960e+03	6.72844858e+03	6.72878501e+01	3.88486584e+01	6.66116073e+03	6.79573643e+03
2.76400000e+02	6.76300000e+03	1.01000000e+00	1	6.69603960e+03	6.76300000e+03	1.00000000e+00	1	6.76300000e+03	6.76300000e+03	9.90000000e-01	1	6.83131313e+03	6.76345091e+03	6.76378909e+01	3.90507545e+01	6.69581302e+03	6.83108880e+03
2.76500000e+02	6.79800000e+03	1.01000000e+00	1	6.73069307e+03	6.79800000e+03	1.00000000e+00	1	6.79800000e+03	6.79800000e+03	9.90000000e-01	1	6.86666667e+03	6.79845325e+03	6.79879318e+01	3.92528507e+01	6.73046531e+03	6.86644118e+03
2.76600000e+02	6.83000000e+03	1.01000000e+00	1	6.76237624e+03	6.83000000e+03	1.00000000e+00	1	6.83000000e+03	6.83000000e+03	9.90000000e-01	1	6.89898990e+03	6.83045538e+03	6.83079691e+01	3.94376244e+01	6.76214741e+03	6.89876335e+03
2.76700000e+02	6.87200000e+03	1.01000000e+00	1	6.80396040e+03	6.87200000e+03	1.00000000e+00	1	6.87200000e+03	6.87200000e+03	9.90000000e-01	1	6.94141414e+03	6.87245818e+03	6.87280181e+01	3.96801398e+01	6.80373016e+03	6.94118620e+03
2.76800000e+02	6.90500000e+03	1.01000000e+00	1	6.83663366e+03	6.90500000e+03	1.00000000e+00	1	6.90500000e+03	6.90500000e+03	9.90000000e-01	1	6.97474747e+03	6.90546038e+03	6.90580566e+01	3.98706876e+01	6.83640232e+03	6.97451844e+03
2.76900000e+02	6.93900000e+03	1.01000000e+00	1	6.87029703e+03	6.93900000e+03	1.00000000e+00	1	6.93900000e+03	6.93900000e+03	9.90000000e-01	1	7.00909091e+03	6.93946265e+03	6.93980963e+01	4.00670096e+01	6.87006455e+03	7.00886074e+03
2.77000000e+02	6.97600000e+03	1.01000000e+00	1	6.90693069e+03	6.97600000e+03	1.00000000e+00	1	6.97600000e+03	6.97600000e+03	9.90000000e-01	1	7.04646465e+03	6.97646511e+03	6.97681395e+01	4.02806541e+01	6.90669697e+03	7.04623325e+03
2.77100000e+02	7.01300000e+03	1.01000000e+00	1	6.94356436e+03	7.01300000e+03	1.00000000e+00	1	7.01300000e+03	7.01300000e+03	9.90000000e-01	1	7.08383838e+03	7.01346758e+03	7.01381826e+01	4.04942986e+01	6.94332940e+03	7.08360576e+03
2.77200000e+02	7.05000000e+03	1.01000000e+00	1	6.98019802e+03	7.05000000e+03	1.00000000e+00	1	7.05000000e+03	7.05000000e+03	9.90000000e-01	1	7.12121212e+03	7.05047005e+03	7.05082258e+01	4.07079432e+01	6.97996182e+03	7.12097827e+03
2.77300000e+02	7.08300000e+03	1.01000000e+00	1	7.01287129e+03	7.08300000e+03	1.00000000e+00	1	7.08300000e+03	7.08300000e+03	9.90000000e-01	1	7.15454545e+03	7.08347225e+03	7.08382643e+01	4.08984910e+01	7.01263398e+03	7.15431051e+03
2.77400000e+02	7.12100000e+03	1.01000000e+00	1	7.05049505e+03	7.12100000e+03	1.00000000e+00	1	7.12100000e+03	7.12100000e+03	9.90000000e-01	1	7.19292929e+03	7.12147478e+03	7.12183087e+01	4.11179097e+01	7.05025647e+03	7.19269309e+03
2.77500000e+02	7.15200000e+03	1.01000000e+00	1	7.08118812e+03	7.15200000e+03	1.00000000e+00	1	7.15200000e+03	7.15200000e+03	9.90000000e-01	1	7.22424242e+03	7.15247685e+03	7.15283448e+01	4.12969091e+01	7.08094850e+03	7.22400519e+03
2.77600000e+02	7.19000000e+03	1.01000000e+00	1	7.11881188e+03	7.19000000e+03	1.00000000e+00	1	7.19000000e+03	7.19000000e+03	9.90000000e-01	1	7.26262626e+03	7.19047938e+03	7.19083892e+01	4.15163278e+01	7.11857099e+03	7.26238777e+03
2.77700000e+02	7.22800000e+03	1.01000000e+00	1	7.15643564e+03	7.22800000e+03	1.00000000e+00	1	7.22800000e+03	7.22800000e+03	9.90000000e-01	1	7.30101010e+03	7.22848191e+03	7.22884335e+01	4.17357465e+01	7.15619348e+03	7.30077035e+03
2.77800000e+02	7.26600000e+03	1.01000000e+00	1	7.19405941e+03	7.26600000e+03	1.00000000e+00	1	7.26600000e+03	7.26600000e+03	9.90000000e-01	1	7.33939394e+03	7.26648445e+03	7.26684778e+01	4.19551652e+01	7.19381597e+03	7.33915293e+03
2.77900000e+02	7.30200000e+03	1.01000000e+00	1	7.22970297e+03	7.30200000e+03	1.00000000e+00	1	7.30200000e+03	7.30200000e+03	9.90000000e-01	1	7.37575758e+03	7.30248685e+03	7.30285198e+01	4.21630356e+01	7.22945833e+03	7.37551537e+03
2.78000000e+02	7.34100000e+03	1.01000000e+00	1	7.26831683e+03	7.34100000e+03	1.00000000e+00	1	7.34100000e+03	7.34100000e+03	9.90000000e-01	1	7.41515152e+03	7.34148945e+03	7.34185653e+01	4.23882285e+01	7.26807088e+03	7.41490801e+03
2.78100000e+02	7.37700000e+03	1.01000000e+00	1	7.30396040e+03	7.37700000e+03	1.00000000e+00	1	7.37700000e+03	7.37700000e+03	9.90000000e-01	1	7.45151515e+03	7.37749185e+03	7.37786074e+01	4.25960988e+01	7.30371324e+03	7.45127046e+03
2.78200000e+02	7.41400000e+03	1.01000000e+00	1	7.34059406e+03	7.41400000e+03	1.00000000e+00	1	7.41400000e+03	7.41400000e+03	9.90000000e-01	1	7.48888889e+03	7.41449432e+03	7.41486505e+01	4.28097433e+01	7.34034567e+03	7.48864297e+03
2.78300000e+02	7.45400000e+03	1.01000000e+00	1	7.38019802e+03	7.45400000e+03	1.00000000e+00	1	7.45400000e+03	7.45400000e+03	9.90000000e-01	1	7.52929293e+03	7.45449698e+03	7.45486972e+01	4.30407104e+01	7.37994829e+03	7.52904568e+03
2.78400000e+02	7.48900000e+03	1.01000000e+00	1	7.41485149e+03	7.48900000e+03	1.00000000e+00	1	7.48900000e+03	7.48900000e+03	9.90000000e-01	1	7.56464646e+03	7.48949932e+03	7.48987380e+01	4.32428066e+01	7.41460058e+03	7.56439805e+03
2.78500000e+02	7.52900000e+03	1.01000000e+00	1	7.45445545e+03	7.52900000e+03	1.00000000e+00	1	7.52900000e+03	7.52900000e+03	9.90000000e-01	1	7.60505051e+03	7.52950198e+03	7.52987847e+01	4.34737736e+01	7.45420320e+03	7.60480077e+03
2.78600000e+02	7.56500000e+03	1.01000000e+00	1	7.49009901e+03	7.56500000e+03	1.00000000e+00	1	7.56500000e+03	7.56500000e+03	9.90000000e-01	1	7.64141414e+03	7.56550438e+03	7.56588267e+01	4.36816440e+01	7.48984556e+03	7.64116321e+03
2.78700000e+02	7.60200000e+03	1.01000000e+00	1	7.52673267e+03	7.60200000e+03	1.00000000e+00	1	7.60200000e+03	7.60200000e+03	9.90000000e-01	1	7.67878788e+03	7.60250685e+03	7.60288699e+01	4.38952885e+01	7.52647798e+03	7.67853572e+03
2.78800000e+02	7.63900000e+03	1.01000000e+00	1	7.56336634e+03	7.63900000e+03	1.00000000e+00	1	7.63900000e+03	7.63900000e+03	9.90000000e-01	1	7.71616162e+03	7.63950932e+03	7.63989130e+01	4.41089330e+01	7.56311040e+03	7.71590823e+03
2.78900000e+02	7.67800000e+03	1.01000000e+00	1	7.60198020e+03	7.67800000e+03	1.00000000e+00	1	7.67800000e+03	7.67800000e+03	9.90000000e-01	1	7.75555556e+03	7.67851192e+03	7.67889586e+01	4.43341259e+01	7.60172296e+03	7.75530088e+03
2.79000000e+02	7.71700000e+03	1.01000000e+00	1	7.64059406e+03	7.71700000e+03	1.00000000e+00	1	7.71700000e+03	7.71700000e+03	9.90000000e-01	1	7.79494949e+03	7.71751452e+03	7.71790041e+01	4.45593188e+01	7.64033551e+03	7.79469352e+03
2.79100000e+02	7.75800000e+03	1.01000000e+00	1	7.68118812e+03	7.75800000e+03	1.00000000e+00	1	7.75800000e+03	7.75800000e+03	9.90000000e-01	1	7.83636364e+03	7.75851725e+03	7.75890519e+01	4.47960600e+01	7.68092820e+03	7.83610630e+03
2.79200000e+02	7.79300000e+03	1.01000000e+00	1	7.71584158e+03	7.79300000e+03	1.00000000e+00	1	7.79300000e+03	7.79300000e+03	9.90000000e-01	1	7.87171717e+03	7.79351959e+03	7.79390927e+01	4.49981562e+01	7.71558049e+03	7.87145868e+03
2.79300000e+02	7.83800000e+03	1.01000000e+00	1	7.76039604e+03	7.83800000e+03	1.00000000e+00	1	7.83800000e+03	7.83800000e+03	9.90000000e-01	1	7.91717172e+03	7.83852259e+03	7.83891452e+01	4.52579941e+01	7.76013344e+03	7.91691173e+03
2.79400000e+02	7.87700000e+03	1.01000000e+00	1	7.79900990e+03	7.87700000e+03	1.00000000e+00	1	7.87700000e+03	7.87700000e+03	9.90000000e-01	1	7.95656566e+03	7.87752519e+03	7.87791907e+01	4.54831870e+01	7.79874600e+03	7.95630438e+03
2.79500000e+02	7.91400000e+03	1.01000000e+00	1	7.83564356e+03	7.91400000e+03	1.00000000e+00	1	7.91400000e+03	7.91400000e+03	9.90000000e-01	1	7.99393939e+03	7.91452765e+03	7.91492339e+01	4.56968315e+01	7.83537842e+03	7.99367689e+03
2.79600000e+02	7.95300000e+03	1.01000000e+00	1	7.87425743e+03	7.95300000e+03	1.00000000e+00	1	7.95300000e+03	7.95300000e+03	9.90000000e-01	1	8.03333333e+03	7.95353025e+03	7.95392794e+01	4.59220244e+01	7.87399097e+03	8.03306953e+03
2.79700000e+02	7.99200000e+03	1.01000000e+00	1	7.91287129e+03	7.99200000e+03	1.00000000e+00	1	7.99200000e+03	7.99200000e+03	9.90000000e-01	1	8.07272727e+03	7.99253285e+03	7.99293249e+01	4.61472173e+01	7.91260353e+03	8.07246218e+03
2.79800000e+02	8.03200000e+03	1.01000000e+00	1	7.95247525e+03	8.03200000e+03	1.00000000e+00	1	8.03200000e+03	8.03200000e+03	9.90000000e-01	1	8.11313131e+03	8.03253552e+03	8.03293716e+01	4.63781843e+01	7.95220615e+03	8.11286489e+03
2.79900000e+02	8.07100000e+03	1.01000000e+00	1	7.99108911e+03	8.07100000e+03	1.00000000e+00	1	8.07100000e+03	8.07100000e+03	9.90000000e-01	1	8.15252525e+03	8.07153812e+03	8.07194171e+01	4.66033772e+01	7.99081870e+03	8.15225754e+03
2.80000000e+02	8.11200000e+03	1.01000000e+00	1	8.03168317e+03	8.11200000e+03	1.00000000e+00	1	8.11200000e+03	8.11200000e+03	9.90000000e-01	1	8.19393939e+03	8.11254085e+03	8.11294649e+01	4.68401184e+01	8.03141139e+03	8.19367032e+03
2.80100000e+02	8.14900000e+03	1.01000000e+00	1	8.06831683e+03	8.14900000e+03	1.00000000e+00	1	8.14900000e+03	8.14900000e+03	9.90000000e-01	1	8.23131313e+03	8.14954332e+03	8.14995081e+01	4.70537629e+01	8.06804381e+03	8.23104283e+03
2.80200000e+02	8.18800000e+03	1.01000000e+00	1	8.10693069e+03	8.18800000e+03	1.00000000e+00	1	8.18800000e+03	8.18800000e+03	9.90000000e-01	1	8.27070707e+03	8.18854592e+03	8.18895536e+01	4.72789558e+01	8.10665637e+03	8.27043547e+03
2.80300000e+02	8.22800000e+03	1.01000000e+00	1	8.14653465e+03	8.22800000e+03	1.00000000e+00	1	8.22800000e+03	8.22800000e+03	9.90000000e-01	1	8.31111111e+03	8.22854859e+03	8.22896003e+01	4.75099229e+01	8.14625899e+03	8.31083819e+03
2.80400000e+02	8.27300000e+03	1.01000000e+00	1	8.19108911e+03	8.27300000e+03	1.00000000e+00	1	8.27300000e+03	8.27300000e+03	9.90000000e-01	1	8.35656566e+03	8.27355159e+03	8.27396528e+01	4.77697608e+01	8.19081194e+03	8.35629124e+03
2.80500000e+02	8.31100000e+03	1.01000000e+00	1	8.22871287e+03	8.31100000e+03	1.00000000e+00	1	8.31100000e+03	8.31100000e+03	9.90000000e-01	1	8.39494949e+03	8.31155412e+03	8.31196971e+01	4.79891795e+01	8.22843442e+03	8.39467382e+03
2.80600000e+02	8.35600000e+03	1.01000000e+00	1	8.27326733e+03	8.35600000e+03	1.00000000e+00	1	8.35600000e+03	8.35600000e+03	9.90000000e-01	1	8.44040404e+03	8.35655712e+03	8.35697496e+01	4.82490174e+01	8.27298737e+03	8.44012687e+03
2.80700000e+02	8.39500000e+03	1.01000000e+00	1	8.31188119e+03	8.39500000e+03	1.00000000e+00	1	8.39500000e+03	8.39500000e+03	9.90000000e-01	1	8.47979798e+03	8.39555972e+03	8.39597951e+01	4.84742103e+01	8.31159993e+03	8.47951952e+03
2.80800000e+02	8.43600000e+03	1.01000000e+00	1	8.35247525e+03	8.43600000e+03	1.00000000e+00	1	8.43600000e+03	8.43600000e+03	9.90000000e-01	1	8.52121212e+03	8.43656246e+03	8.43698430e+01	4.87109516e+01	8.35219261e+03	8.52093230e+03
2.80900000e+02	8.47400000e+03	1.01000000e+00	1	8.39009901e+03	8.47400000e+03	1.00000000e+00	1	8.47400000e+03	8.47400000e+03	9.90000000e-01	1	8.55959596e+03	8.47456499e+03	8.47498873e+01	4.89303703e+01	8.38981510e+03	8.55931488e+03
2.81000000e+02	8.51700000e+03	1.01000000e+00	1	8.43267327e+03	8.51700000e+03	1.00000000e+00	1	8.51700000e+03	8.51700000e+03	9.90000000e-01	1	8.60303030e+03	8.51756786e+03	8.51799375e+01	4.91786598e+01	8.43238792e+03	8.60274779e+03
2.81100000e+02	8.55700000e+03	1.01000000e+00	1	8.47227723e+03	8.55700000e+03	1.00000000e+00	1	8.55700000e+03	8.55700000e+03	9.90000000e-01	1	8.64343434e+03	8.55757052e+03	8.55799842e+01	4.94096269e+01	8.47199054e+03	8.64315051e+03
2.81200000e+02	8.59500000e+03	1.01000000e+00	1	8.50990099e+03	8.59500000e+03	1.00000000e+00	1	8.59500000e+03	8.59500000e+03	9.90000000e-01	1	8.68181818e+03	8.59557306e+03	8.59600285e+01	4.96290456e+01	8.50961303e+03	8.68153309e+03
2.81300000e+02	8.64100000e+03	1.01000000e+00	1	8.55544554e+03	8.64100000e+03	1.00000000e+00	1	8.64100000e+03	8.64100000e+03	9.90000000e-01	1	8.72828283e+03	8.64157612e+03	8.64200822e+01	4.98946577e+01	8.55515604e+03	8.72799621e+03
2.81400000e+02	8.68100000e+03	1.01000000e+00	1	8.59504950e+03	8.68100000e+03	1.00000000e+00	1	8.68100000e+03	8.68100000e+03	9.90000000e-01	1	8.76868687e+03	8.68157879e+03	8.68201288e+01	5.01256248e+01	8.59475866e+03	8.76839892e+03
2.81500000e+02	8.72100000e+03	1.01000000e+00	1	8.63465347e+03	8.72100000e+03	1.00000000e+00	1	8.72100000e+03	8.72100000e+03	9.90000000e-01	1	8.80909091e+03	8.72158146e+03	8.72201755e+01	5.03565918e+01	8.63436128e+03	8.80880163e+03
2.81600000e+02	8.76300000e+03	1.01000000e+00	1	8.67623762e+03	8.76300000e+03	1.00000000e+00	1	8.76300000e+03	8.76300000e+03	9.90000000e-01	1	8.85151515e+03	8.76358426e+03	8.76402245e+01	5.05991072e+01	8.67594403e+03	8.85122448e+03
2.81700000e+02	8.81000000e+03	1.01000000e+00	1	8.72277228e+03	8.81000000e+03	1.00000000e+00	1	8.81000000e+03	8.81000000e+03	9.90000000e-01	1	8.89898990e+03	8.81058739e+03	8.81102793e+01	5.08704935e+01	8.72247711e+03	8.89869767e+03
2.81800000e+02	8.84600000e+03	1.01000000e+00	1	8.75841584e+03	8.84600000e+03	1.00000000e+00	1	8.84600000e+03	8.84600000e+03	9.90000000e-01	1	8.93535354e+03	8.84658979e+03	8.84703214e+01	5.10783638e+01	8.75811947e+03	8.93506011e+03
2.81900000e+02	8.89200000e+03	1.01000000e+00	1	8.80396040e+03	8.89200000e+03	1.00000000e+00	1	8.89200000e+03	8.89200000e+03	9.90000000e-01	1	8.98181818e+03	8.89259286e+03	8.89303750e+01	5.13439760e+01	8.80366248e+03	8.98152323e+03
2.82000000e+02	8.93500000e+03	1.01000000e+00	1	8.84653465e+03	8.93500000e+03	1.00000000e+00	1	8.93500000e+03	8.93500000e+03	9.90000000e-01	1	9.02525253e+03	8.93559573e+03	8.93604252e+01	5.15922655e+01	8.84623530e+03	9.02495615e+03
2.82100000e+02	8.97700000e+03	1.01000000e+00	1	8.88811881e+03	8.97700000e+03	1.00000000e+00	1	8.97700000e+03	8.97700000e+03	9.90000000e-01	1	9.06767677e+03	8.97759853e+03	8.97804742e+01	5.18347809e+01	8.88781805e+03	9.06737900e+03
2.82200000e+02	9.01700000e+03	1.01000000e+00	1	8.92772277e+03	9.01700000e+03	1.00000000e+00	1	9.01700000e+03	9.01700000e+03	9.90000000e-01	1	9.10808081e+03	9.01760119e+03	9.01805209e+01	5.20657480e+01	8.92742067e+03	9.10778171e+03
2.82300000e+02	9.06100000e+03	1.01000000e+00	1	8.97128713e+03	9.06100000e+03	1.00000000e+00	1	9.06100000e+03	9.06100000e+03	9.90000000e-01	1	9.15252525e+03	9.06160413e+03	9.06205722e+01	5.23198118e+01	8.97098355e+03	9.15222470e+03
2.82400000e+02	9.10300000e+03	1.01000000e+00	1	9.01287129e+03	9.10300000e+03	1.00000000e+00	1	9.10300000e+03	9.10300000e+03	9.90000000e-01	1	9.19494949e+03	9.10360693e+03	9.10406212e+01	5.25623272e+01	9.01256631e+03	9.19464755e+03
2.82500000e+02	9.14200000e+03	1.01000000e+00	1	9.05148515e+03	9.14200000e+03	1.00000000e+00	1	9.14200000e+03	9.14200000e+03	9.90000000e-01	1	9.23434343e+03	9.14260953e+03	9.14306667e+01	5.27875200e+01	9.05117886e+03	9.23404019e+03
2.82600000e+02	9.19000000e+03	1.01000000e+00	1	9.09900990e+03	9.19000000e+03	1.00000000e+00	1	9.19000000e+03	9.19000000e+03	9.90000000e-01	1	9.28282828e+03	9.19061273e+03	9.19107227e+01	5.30646805e+01	9.09870201e+03	9.28252345e+03
2.82700000e+02	9.23200000e+03	1.01000000e+00	1	9.14059406e+03	9.23200000e+03	1.00000000e+00	1	9.23200000e+03	9.23200000e+03	9.90000000e-01	1	9.32525253e+03	9.23261553e+03	9.23307717e+01	5.33071959e+01	9.14028476e+03	9.32494630e+03
2.82800000e+02	9.27300000e+03	1.01000000e+00	1	9.18118812e+03	9.27300000e+03	1.00000000e+00	1	9.27300000e+03	9.27300000e+03	9.90000000e-01	1	9.36666667e+03	9.27361826e+03	9.27408196e+01	5.35439371e+01	9.18087744e+03	9.36635908e+03
2.82900000e+02	9.31600000e+03	1.01000000e+00	1	9.22376238e+03	9.31600000e+03	1.00000000e+00	1	9.31600000e+03	9.31600000e+03	9.90000000e-01	1	9.41010101e+03	9.31662113e+03	9.31708697e+01	5.37922267e+01	9.22345026e+03	9.40979200e+03
2.83000000e+02	9.36400000e+03	1.01000000e+00	1	9.27128713e+03	9.36400000e+03	1.00000000e+00	1	9.36400000e+03	9.36400000e+03	9.90000000e-01	1	9.45858586e+03	9.36462433e+03	9.36509257e+01	5.40693872e+01	9.27097340e+03	9.45827525e+03
2.83100000e+02	9.40700000e+03	1.01000000e+00	1	9.31386139e+03	9.40700000e+03	1.00000000e+00	1	9.40700000e+03	9.40700000e+03	9.90000000e-01	1	9.50202020e+03	9.40762720e+03	9.40809759e+01	5.43176768e+01	9.31354622e+03	9.50170817e+03
2.83200000e+02	9.45400000e+03	1.01000000e+00	1	9.36039604e+03	9.45400000e+03	1.00000000e+00	1	9.45400000e+03	9.45400000e+03	9.90000000e-01	1	9.54949495e+03	9.45463033e+03	9.45510308e+01	5.45890631e+01	9.36007930e+03	9.54918136e+03
2.83300000e+02	9.49800000e+03	1.01000000e+00	1	9.40396040e+03	9.49800000e+03	1.00000000e+00	1	9.49800000e+03	9.49800000e+03	9.90000000e-01	1	9.59393939e+03	9.49863326e+03	9.49910821e+01	5.48431268e+01	9.40364218e+03	9.59362435e+03
2.83400000e+02	9.54200000e+03	1.01000000e+00	1	9.44752475e+03	9.54200000e+03	1.00000000e+00	1	9.54200000e+03	9.54200000e+03	9.90000000e-01	1	9.63838384e+03	9.54263620e+03	9.54311334e+01	5.50971906e+01	9.44720506e+03	9.63806733e+03
2.83500000e+02	9.58500000e+03	1.01000000e+00	1	9.49009901e+03	9.58500000e+03	1.00000000e+00	1	9.58500000e+03	9.58500000e+03	9.90000000e-01	1	9.68181818e+03	9.58563906e+03	9.58611836e+01	5.53454802e+01	9.48977788e+03	9.68150025e+03
2.83600000e+02	9.63200000e+03	1.01000000e+00	1	9.53663366e+03	9.63200000e+03	1.00000000e+00	1	9.63200000e+03	9.63200000e+03	9.90000000e-01	1	9.72929293e+03	9.63264220e+03	9.63312384e+01	5.56168664e+01	9.53631096e+03	9.72897344e+03
2.83700000e+02	9.67300000e+03	1.01000000e+00	1	9.57722772e+03	9.67300000e+03	1.00000000e+00	1	9.67300000e+03	9.67300000e+03	9.90000000e-01	1	9.77070707e+03	9.67364493e+03	9.67412863e+01	5.58536077e+01	9.57690364e+03	9.77038622e+03
2.83800000e+02	9.71700000e+03	1.01000000e+00	1	9.62079208e+03	9.71700000e+03	1.00000000e+00	1	9.71700000e+03	9.71700000e+03	9.90000000e-01	1	9.81515152e+03	9.71764786e+03	9.71813376e+01	5.61076714e+01	9.62046653e+03	9.81482920e+03
2.83900000e+02	9.76000000e+03	1.01000000e+00	1	9.66336634e+03	9.76000000e+03	1.00000000e+00	1	9.76000000e+03	9.76000000e+03	9.90000000e-01	1	9.85858586e+03	9.76065073e+03	9.76113878e+01	5.63559610e+01	9.66303934e+03	9.85826212e+03
2.84000000e+02	9.80800000e+03	1.01000000e+00	1	9.71089109e+03	9.80800000e+03	1.00000000e+00	1	9.80800000e+03	9.80800000e+03	9.90000000e-01	1	9.90707071e+03	9.80865393e+03	9.80914438e+01	5.66331215e+01	9.71056249e+03	9.90674538e+03
2.84100000e+02	9.85300000e+03	1.01000000e+00	1	9.75544554e+03	9.85300000e+03	1.00000000e+00	1	9.85300000e+03	9.85300000e+03	9.90000000e-01	1	9.95252525e+03	9.85365693e+03	9.85414963e+01	5.68929594e+01	9.75511544e+03	9.95219843e+03
2.84200000e+02	9.89500000e+03	1.01000000e+00	1	9.79702970e+03	9.89500000e+03	1.00000000e+00	1	9.89500000e+03	9.89500000e+03	9.90000000e-01	1	9.99494949e+03	9.89565973e+03	9.89615453e+01	5.71354748e+01	9.79669819e+03	9.99462128e+03
2.84300000e+02	9.94400000e+03	1.01000000e+00	1	9.84554455e+03	9.94400000e+03	1.00000000e+00	1	9.94400000e+03	9.94400000e+03	9.90000000e-01	1	1.00444444e+04	9.94466300e+03	9.94516025e+01	5.74184095e+01	9.84521140e+03	1.00441146e+04
2.84400000e+02	9.98800000e+03	1.01000000e+00	1	9.88910891e+03	9.98800000e+03	1.00000000e+00	1	9.98800000e+03	9.98800000e+03	9.90000000e-01	1	1.00888889e+04	9.98866593e+03	9.98916538e+01	5.76724732e+01	9.88877428e+03	1.00885576e+04
2.84500000e+02	1.00400000e+04	1.01000000e+00	1	9.94059406e+03	1.00400000e+04	1.00000000e+00	1	1.00400000e+04	1.00400000e+04	9.90000000e-01	1	1.01414141e+04	1.00406694e+04	1.00411714e+02	5.79727304e+01	9.94025769e+03	1.01410811e+04
2.84600000e+02	1.00800000e+04	1.01000000e+00	1	9.98019802e+03	1.00800000e+04	1.00000000e+00	1	1.00800000e+04	1.00800000e+04	9.90000000e-01	1	1.01818182e+04	1.00806721e+04	1.00811761e+02	5.82036974e+01	9.97986031e+03	1.01814838e+04
2.84700000e+02	1.01300000e+04	1.01000000e+00	1	1.00297030e+04	1.01300000e+04	1.00000000e+00	1	1.01300000e+04	1.01300000e+04	9.90000000e-01	1	1.02323232e+04	1.01306754e+04	1.01311820e+02	5.84924063e+01	1.00293636e+04	1.02319872e+04
2.84800000e+02	1.01700000e+04	1.01000000e+00	1	1.00693069e+04	1.01700000e+04	1.00000000e+00	1	1.01700000e+04	1.01700000e+04	9.90000000e-01	1	1.02727273e+04	1.01706781e+04	1.01711866e+02	5.87233733e+01	1.00689662e+04	1.02723899e+04
2.84900000e+02	1.02200000e+04	1.01000000e+00	1	1.01188119e+04	1.02200000e+04	1.00000000e+00	1	1.02200000e+04	1.02200000e+04	9.90000000e-01	1	1.03232323e+04	1.02206814e+04	1.02211925e+02	5.90120821e+01	1.01184695e+04	1.03228933e+04
2.85000000e+02	1.02600000e+04	1.01000000e+00	1	1.01584158e+04	1.02600000e+04	1.00000000e+00	1	1.02600000e+04	1.02600000e+04	9.90000000e-01	1	1.03636364e+04	1.02606841e+04	1.02611971e+02	5.92430492e+01	1.01580721e+04	1.03632960e+04
2.85100000e+02	1.03100000e+04	1.01000000e+00	1	1.02079208e+04	1.03100000e+04	1.00000000e+00	1	1.03100000e+04	1.03100000e+04	9.90000000e-01	1	1.04141414e+04	1.03106874e+04	1.03112030e+02	5.95317580e+01	1.02075754e+04	1.04137994e+04
2.85200000e+02	1.03500000e+04	1.01000000e+00	1	1.02475248e+04	1.03500000e+04	1.00000000e+00	1	1.03500000e+04	1.03500000e+04	9.90000000e-01	1	1.04545455e+04	1.03506901e+04	1.03512076e+02	5.97627251e+01	1.02471780e+04	1.04542021e+04
2.85300000e+02	1.04000000e+04	1.01000000e+00	1	1.02970297e+04	1.04000000e+04	1.00000000e+00	1	1.04000000e+04	1.04000000e+04	9.90000000e-01	1	1.05050505e+04	1.04006934e+04	1.04012135e+02	6.00514339e+01	1.02966813e+04	1.05047055e+04
2.85400000e+02	1.04500000e+04	1.01000000e+00	1	1.03465347e+04	1.04500000e+04	1.00000000e+00	1	1.04500000e+04	1.04500000e+04	9.90000000e-01	1	1.05555556e+04	1.04506967e+04	1.04512193e+02	6.03401427e+01	1.03461845e+04	1.05552089e+04
2.85500000e+02	1.04900000e+04	1.01000000e+00	1	1.03861386e+04	1.04900000e+04	1.00000000e+00	1	1.04900000e+04	1.04900000e+04	9.90000000e-01	1	1.05959596e+04	1.04906994e+04	1.04912240e+02	6.05711097e+01	1.03857872e+04	1.05956116e+04
2.85600000e+02	1.05400000e+04	1.01000000e+00	1	1.04356436e+04	1.05400000e+04	1.00000000e+00	1	1.05400000e+04	1.05400000e+04	9.90000000e-01	1	1.06464646e+04	1.05407027e+04	1.05412298e+02	6.08598186e+01	1.04352904e+04	1.06461150e+04
2.85700000e+02	1.05900000e+04	1.01000000e+00	1	1.04851485e+04	1.05900000e+04	1.00000000e+00	1	1.05900000e+04	1.05900000e+04	9.90000000e-01	1	1.06969697e+04	1.05907061e+04	1.05912356e+02	6.11485274e+01	1.04847937e+04	1.06966184e+04
2.85800000e+02	1.06400000e+04	1.01000000e+00	1	1.05346535e+04	1.06400000e+04	1.00000000e+00	1	1.06400000e+04	1.06400000e+04	9.90000000e-01	1	1.07474747e+04	1.06407094e+04	1.06412415e+02	6.14372362e+01	1.05342970e+04	1.07471218e+04
2.85900000e+02	1.06800000e+04	1.01000000e+00	1	1.05742574e+04	1.06800000e+04	1.00000000e+00	1	1.06800000e+04	1.06800000e+04	9.90000000e-01	1	1.07878788e+04	1.06807121e+04	1.06812461e+02	6.16682032e+01	1.05738996e+04	1.07875245e+04
2.86000000e+02	1.07300000e+04	1.01000000e+00	1	1.06237624e+04	1.07300000e+04	1.00000000e+00	1	1.07300000e+04	1.07300000e+04	9.90000000e-01	1	1.08383838e+04	1.07307154e+04	1.07312520e+02	6.19569121e+01	1.06234029e+04	1.08380279e+04
2.86100000e+02	1.07800000e+04	1.01000000e+00	1	1.06732673e+04	1.07800000e+04	1.00000000e+00	1	1.07800000e+04	1.07800000e+04	9.90000000e-01	1	1.08888889e+04	1.07807187e+04	1.07812578e+02	6.22456209e+01	1.06729062e+04	1.08885313e+04
2.86200000e+02	1.08300000e+04	1.01000000e+00	1	1.07227723e+04	1.08300000e+04	1.00000000e+00	1	1.08300000e+04	1.08300000e+04	9.90000000e-01	1	1.09393939e+04	1.08307221e+04	1.08312636e+02	6.25343297e+01	1.07224094e+04	1.09390347e+04
2.86300000e+02	1.08800000e+04	1.01000000e+00	1	1.07722772e+04	1.08800000e+04	1.00000000e+00	1	1.08800000e+04	1.08800000e+04	9.90000000e-01	1	1.09898990e+04	1.08807254e+04	1.08812695e+02	6.28230385e+01	1.07719127e+04	1.09895381e+04
2.86400000e+02	1.09200000e+04	1.01000000e+00	1	1.08118812e+04	1.09200000e+04	1.00000000e+00	1	1.09200000e+04	1.09200000e+04	9.90000000e-01	1	1.10303030e+04	1.09207281e+04	1.09212741e+02	6.30540056e+01	1.08115153e+04	1.10299408e+04
2.86500000e+02	1.09700000e+04	1.01000000e+00	1	1.08613861e+04	1.09700000e+04	1.00000000e+00	1	1.09700000e+04	1.09700000e+04	9.90000000e-01	1	1.10808081e+04	1.09707314e+04	1.09712800e+02	6.33427144e+01	1.08610186e+04	1.10804442e+04
2.86600000e+02	1.10100000e+04	1.01000000e+00	1	1.09009901e+04	1.10100000e+04	1.00000000e+00	1	1.10100000e+04	1.10100000e+04	9.90000000e-01	1	1.11212121e+04	1.10107341e+04	1.10112846e+02	6.35736814e+01	1.09006212e+04	1.11208469e+04
2.86700000e+02	1.10700000e+04	1.01000000e+00	1	1.09603960e+04	1.10700000e+04	1.00000000e+00	1	1.10700000e+04	1.10700000e+04	9.90000000e-01	1	1.11818182e+04	1.10707381e+04	1.10712916e+02	6.39201320e+01	1.09600252e+04	1.11814510e+04
2.86800000e+02	1.11100000e+04	1.01000000e+00	1	1.10000000e+04	1.11100000e+04	1.00000000e+00	1	1.11100000e+04	1.11100000e+04	9.90000000e-01	1	1.12222222e+04	1.11107407e+04	1.11112963e+02	6.41510991e+01	1.09996278e+04	1.12218537e+04
2.86900000e+02	1.11600000e+04	1.01000000e+00	1	1.10495050e+04	1.11600000e+04	1.00000000e+00	1	1.11600000e+04	1.11600000e+04	9.90000000e-01	1	1.12727273e+04	1.11607441e+04	1.11613021e+02	6.44398079e+01	1.10491311e+04	1.12723571e+04
2.87000000e+02	1.12100000e+04	1.01000000e+00	1	1.10990099e+04	1.12100000e+04	1.00000000e+00	1	1.12100000e+04	1.12100000e+04	9.90000000e-01	1	1.13232323e+04	1.12107474e+04	1.12113080e+02	6.47285167e+01	1.10986343e+04	1.13228605e+04
2.87100000e+02	1.12600000e+04	1.01000000e+00	1	1.11485149e+04	1.12600000e+04	1.00000000e+00	1	1.12600000e+04	1.12600000e+04	9.90000000e-01	1	1.13737374e+04	1.12607507e+04	1.12613138e+02	6.50172255e+01	1.11481376e+04	1.13733639e+04
2.87200000e+02	1.13100000e+04	1.01000000e+00	1	1.11980198e+04	1.13100000e+04	1.00000000e+00	1	1.13100000e+04	1.13100000e+04	9.90000000e-01	1	1.14242424e+04	1.13107541e+04	1.13113196e+02	6.53059343e+01	1.11976409e+04	1.14238673e+04
2.87300000e+02	1.13600000e+04	1.01000000e+00	1	1.12475248e+04	1.13600000e+04	1.00000000e+00	1	1.13600000e+04	1.13600000e+04	9.90000000e-01	1	1.14747475e+04	1.13607574e+04	1.13613255e+02	6.55946432e+01	1.12471442e+04	1.14743707e+04
2.87400000e+02	1.14000000e+04	1.01000000e+00	1	1.12871287e+04	1.14000000e+04	1.00000000e+00	1	1.14000000e+04	1.14000000e+04	9.90000000e-01	1	1.15151515e+04	1.14007601e+04	1.14013301e+02	6.58256102e+01	1.12867468e+04	1.15147734e+04
2.87500000e+02	1.14500000e+04	1.01000000e+00	1	1.13366337e+04	1.14500000e+04	1.00000000e+00	1	1.14500000e+04	1.14500000e+04	9.90000000e-01	1	1.15656566e+04	1.14507634e+04	1.14513360e+02	6.61143190e+01	1.13362501e+04	1.15652768e+04
2.87600000e+02	1.15000000e+04	1.01000000e+00	1	1.13861386e+04	1.15000000e+04	1.00000000e+00	1	1.15000000e+04	1.15000000e+04	9.90000000e-01	1	1.16161616e+04	1.15007667e+04	1.15013418e+02	6.64030278e+01	1.13857533e+04	1.16157802e+04
2.87700000e+02	1.15500000e+04	1.01000000e+00	1	1.14356436e+04	1.15500000e+04	1.00000000e+00	1	1.15500000e+04	1.15500000e+04	9.90000000e-01	1	1.16666667e+04	1.15507701e+04	1.15513476e+02	6.66917367e+01	1.14352566e+04	1.16662836e+04
2.87800000e+02	1.16000000e+04	1.01000000e+00	1	1.14851485e+04	1.16000000e+04	1.00000000e+00	1	1.16000000e+04	1.16000000e+04	9.90000000e-01	1	1.17171717e+04	1.16007734e+04	1.16013535e+02	6.69804455e+01	1.14847599e+04	1.17167869e+04
2.87900000e+02	1.16400000e+04	1.01000000e+00	1	1.15247525e+04	1.16400000e+04	1.00000000e+00	1	1.16400000e+04	1.16400000e+04	9.90000000e-01	1	1.17575758e+04	1.16407761e+04	1.16413581e+02	6.72114125e+01	1.15243625e+04	1.17571897e+04
2.88000000e+02	1.17000000e+04	1.01000000e+00	1	1.15841584e+04	1.17000000e+04	1.00000000e+00	1	1.17000000e+04	1.17000000e+04	9.90000000e-01	1	1.18181818e+04	1.17007801e+04	1.17013651e+02	6.75578631e+01	1.15837664e+04	1.18177937e+04
2.88100000e+02	1.17400000e+04	1.01000000e+00	1	1.16237624e+04	1.17400000e+04	1.00000000e+00	1	1.17400000e+04	1.17400000e+04	9.90000000e-01	1	1.18585859e+04	1.17407827e+04	1.17413698e+02	6.77888302e+01	1.16233690e+04	1.18581964e+04
2.88200000e+02	1.18000000e+04	1.01000000e+00	1	1.16831683e+04	1.18000000e+04	1.00000000e+00	1	1.18000000e+04	1.18000000e+04	9.90000000e-01	1	1.19191919e+04	1.18007867e+04	1.18013768e+02	6.81352807e+01	1.16827730e+04	1.19188005e+04
2.88300000e+02	1.18400000e+04	1.01000000e+00	1	1.17227723e+04	1.18400000e+04	1.00000000e+00	1	1.18400000e+04	1.18400000e+04	9.90000000e-01	1	1.19595960e+04	1.18407894e+04	1.18413815e+02	6.83662478e+01	1.17223756e+04	1.19592032e+04
2.88400000e+02	1.19000000e+04	1.01000000e+00	1	1.17821782e+04	1.19000000e+04	1.00000000e+00	1	1.19000000e+04	1.19000000e+04	9.90000000e-01	1	1.20202020e+04	1.19007934e+04	1.19013885e+02	6.87126984e+01	1.17817795e+04	1.20198073e+04
2.88500000e+02	1.19400000e+04	1.01000000e+00	1	1.18217822e+04	1.19400000e+04	1.00000000e+00	1	1.19400000e+04	1.19400000e+04	9.90000000e-01	1	1.20606061e+04	1.19407961e+04	1.19413931e+02	6.89436654e+01	1.18213821e+04	1.20602100e+04
2.88600000e+02	1.20000000e+04	1.01000000e+00	1	1.18811881e+04	1.20000000e+04	1.00000000e+00	1	1.20000000e+04	1.20000000e+04	9.90000000e-01	1	1.21212121e+04	1.20008001e+04	1.20014001e+02	6.92901160e+01	1.18807861e+04	1.21208141e+04
2.88700000e+02	1.20400000e+04	1.01000000e+00	1	1.19207921e+04	1.20400000e+04	1.00000000e+00	1	1.20400000e+04	1.20400000e+04	9.90000000e-01	1	1.21616162e+04	1.20408027e+04	1.20414048e+02	6.95210831e+01	1.19203887e+04	1.21612168e+04
2.88800000e+02	1.20900000e+04	1.01000000e+00	1	1.19702970e+04	1.20900000e+04	1.00000000e+00	1	1.20900000e+04	1.20900000e+04	9.90000000e-01	1	1.22121212e+04	1.20908061e+04	1.20914106e+02	6.98097919e+01	1.19698920e+04	1.22117202e+04
2.88900000e+02	1.21400000e+04	1.01000000e+00	1	1.20198020e+04	1.21400000e+04	1.00000000e+00	1	1.21400000e+04	1.21400000e+04	9.90000000e-01	1	1.22626263e+04	1.21408094e+04	1.21414165e+02	7.00985007e+01	1.20193952e+04	1.22622236e+04
2.89000000e+02	1.21900000e+04	1.01000000e+00	1	1.20693069e+04	1.21900000e+04	1.00000000e+00	1	1.21900000e+04	1.21900000e+04	9.90000000e-01	1	1.23131313e+04	1.21908127e+04	1.21914223e+02	7.03872095e+01	1.20688985e+04	1.23127270e+04
2.89100000e+02	1.22400000e+04	1.01000000e+00	1	1.21188119e+04	1.22400000e+04	1.00000000e+00	1	1.22400000e+04	1.22400000e+04	9.90000000e-01	1	1.23636364e+04	1.22408161e+04	1.22414281e+02	7.06759183e+01	1.21184018e+04	1.23632304e+04
2.89200000e+02	1.22800000e+04	1.01000000e+00	1	1.21584158e+04	1.22800000e+04	1.00000000e+00	1	1.22800000e+04	1.22800000e+04	9.90000000e-01	1	1.24040404e+04	1.22808187e+04	1.22814328e+02	7.09068854e+01	1.21580044e+04	1.24036331e+04
2.89300000e+02	1.23400000e+04	1.01000000e+00	1	1.22178218e+04	1.23400000e+04	1.00000000e+00	1	1.23400000e+04	1.23400000e+04	9.90000000e-01	1	1.24646465e+04	1.23408227e+04	1.23414398e+02	7.12533360e+01	1.22174084e+04	1.24642371e+04
2.89400000e+02	1.23800000e+04	1.01000000e+00	1	1.22574257e+04	1.23800000e+04	1.00000000e+00	1	1.23800000e+04	1.23800000e+04	9.90000000e-01	1	1.25050505e+04	1.23808254e+04	1.23814445e+02	7.14843030e+01	1.22570110e+04	1.25046399e+04
2.89500000e+02	1.24300000e+04	1.01000000e+00	1	1.23069307e+04	1.24300000e+04	1.00000000e+00	1	1.24300000e+04	1.24300000e+04	9.90000000e-01	1	1.25555556e+04	1.24308287e+04	1.24314503e+02	7.17730118e+01	1.23065142e+04	1.25551433e+04
2.89600000e+02	1.24800000e+04	1.01000000e+00	1	1.23564356e+04	1.24800000e+04	1.00000000e+00	1	1.24800000e+04	1.24800000e+04	9.90000000e-01	1	1.26060606e+04	1.24808321e+04	1.24814561e+02	7.20617206e+01	1.23560175e+04	1.26056466e+04
2.89700000e+02	1.25400000e+04	1.01000000e+00	1	1.24158416e+04	1.25400000e+04	1.00000000e+00	1	1.25400000e+04	1.25400000e+04	9.90000000e-01	1	1.26666667e+04	1.25408361e+04	1.25414631e+02	7.24081712e+01	1.24154215e+04	1.26662507e+04
2.89800000e+02	1.25800000e+04	1.01000000e+00	1	1.24554455e+04	1.25800000e+04	1.00000000e+00	1	1.25800000e+04	1.25800000e+04	9.90000000e-01	1	1.27070707e+04	1.25808388e+04	1.25814678e+02	7.26391383e+01	1.24550241e+04	1.27066534e+04
2.89900000e+02	1.26300000e+04	1.01000000e+00	1	1.25049505e+04	1.26300000e+04	1.00000000e+00	1	1.26300000e+04	1.26300000e+04	9.90000000e-01	1	1.27575758e+04	1.26308421e+04	1.26314736e+02	7.29278471e+01	1.25045273e+04	1.27571568e+04
2.90000000e+02	1.26800000e+04	1.01000000e+00	1	1.25544554e+04	1.26800000e+04	1.00000000e+00	1	1.26800000e+04	1.26800000e+04	9.90000000e-01	1	1.28080808e+04	1.26808454e+04	1.26814795e+02	7.32165559e+01	1.25540306e+04	1.28076602e+04
2.90100000e+02	1.27300000e+04	1.01000000e+00	1	1.26039604e+04	1.27300000e+04	1.00000000e+00	1	1.27300000e+04	1.27300000e+04	9.90000000e-01	1	1.28585859e+04	1.27308488e+04	1.27314853e+02	7.35052647e+01	1.26035339e+04	1.28581636e+04
2.90200000e+02	1.27800000e+04	1.01000000e+00	1	1.26534653e+04	1.27800000e+04	1.00000000e+00	1	1.27800000e+04	1.27800000e+04	9.90000000e-01	1	1.29090909e+04	1.27808521e+04	1.27814911e+02	7.37939735e+01	1.26530372e+04	1.29086670e+04
2.90300000e+02	1.28300000e+04	1.01000000e+00	1	1.27029703e+04	1.28300000e+04	1.00000000e+00	1	1.28300000e+04	1.28300000e+04	9.90000000e-01	1	1.29595960e+04	1.28308554e+04	1.28314970e+02	7.40826824e+01	1.27025404e+04	1.29591704e+04
2.90400000e+02	1.28800000e+04	1.01000000e+00	1	1.27524752e+04	1.28800000e+04	1.00000000e+00	1	1.28800000e+04	1.28800000e+04	9.90000000e-01	1	1.30101010e+04	1.28808588e+04	1.28815028e+02	7.43713912e+01	1.27520437e+04	1.30096738e+04
2.90500000e+02	1.29300000e+04	1.01000000e+00	1	1.28019802e+04	1.29300000e+04	1.00000000e+00	1	1.29300000e+04	1.29300000e+04	9.90000000e-01	1	1.30606061e+04	1.29308621e+04	1.29315086e+02	7.46601000e+01	1.28015470e+04	1.30601772e+04
2.90600000e+02	1.29800000e+04	1.01000000e+00	1	1.28514851e+04	1.29800000e+04	1.00000000e+00	1	1.29800000e+04	1.29800000e+04	9.90000000e-01	1	1.31111111e+04	1.29808654e+04	1.29815145e+02	7.49488088e+01	1.28510503e+04	1.31106806e+04
2.90700000e+02	1.30300000e+04	1.01000000e+00	1	1.29009901e+04	1.30300000e+04	1.00000000e+00	1	1.30300000e+04	1.30300000e+04	9.90000000e-01	1	1.31616162e+04	1.30308688e+04	1.30315203e+02	7.52375176e+01	1.29005536e+04	1.31611840e+04
2.90800000e+02	1.30800000e+04	1.01000000e+00	1	1.29504950e+04	1.30800000e+04	1.00000000e+00	1	1.30800000e+04	1.30800000e+04	9.90000000e-01	1	1.32121212e+04	1.30808721e+04	1.30815262e+02	7.55262264e+01	1.29500568e+04	1.32116873e+04
2.90900000e+02	1.31300000e+04	1.01000000e+00	1	1.30000000e+04	1.31300000e+04	1.00000000e+00	1	1.31300000e+04	1.31300000e+04	9.90000000e-01	1	1.32626263e+04	1.31308754e+04	1.31315320e+02	7.58149353e+01	1.29995601e+04	1.32621907e+04
2.91000000e+02	1.31800000e+04	1.01000000e+00	1	1.30495050e+04	1.31800000e+04	1.00000000e+00	1	1.31800000e+04	1.31800000e+04	9.90000000e-01	1	1.33131313e+04	1.31808788e+04	1.31815378e+02	7.61036441e+01	1.30490634e+04	1.33126941e+04
2.91100000e+02	1.32300000e+04	1.01000000e+00	1	1.30990099e+04	1.32300000e+04	1.00000000e+00	1	1.32300000e+04	1.32300000e+04	9.90000000e-01	1	1.33636364e+04	1.32308821e+04	1.32315437e+02	7.63923529e+01	1.30985667e+04	1.33631975e+04
2.91200000e+02	1.32800000e+04	1.01000000e+00	1	1.31485149e+04	1.32800000e+04	1.00000000e+00	1	1.32800000e+04	1.32800000e+04	9.90000000e-01	1	1.34141414e+04	1.32808854e+04	1.32815495e+02	7.66810617e+01	1.31480699e+04	1.34137009e+04
2.91300000e+02	1.33300000e+04	1.01000000e+00	1	1.31980198e+04	1.33300000e+04	1.00000000e+00	1	1.33300000e+04	1.33300000e+04	9.90000000e-01	1	1.34646465e+04	1.33308888e+04	1.33315553e+02	7.69697705e+01	1.31975732e+04	1.34642043e+04
2.91400000e+02	1.33900000e+04	1.01000000e+00	1	1.32574257e+04	1.33900000e+04	1.00000000e+00	1	1.33900000e+04	1.33900000e+04	9.90000000e-01	1	1.35252525e+04	1.33908928e+04	1.33915623e+02	7.73162211e+01	1.32569771e+04	1.35248084e+04
2.91500000e+02	1.34300000e+04	1.01000000e+00	1	1.32970297e+04	1.34300000e+04	1.00000000e+00	1	1.34300000e+04	1.34300000e+04	9.90000000e-01	1	1.35656566e+04	1.34308954e+04	1.34315670e+02	7.75471882e+01	1.32965798e+04	1.35652111e+04
2.91600000e+02	1.34700000e+04	1.01000000e+00	1	1.33366337e+04	1.34700000e+04	1.00000000e+00	1	1.34700000e+04	1.34700000e+04	9.90000000e-01	1	1.36060606e+04	1.34708981e+04	1.34715717e+02	7.77781552e+01	1.33361824e+04	1.36056138e+04
2.91700000e+02	1.35300000e+04	1.01000000e+00	1	1.33960396e+04	1.35300000e+04	1.00000000e+00	1	1.35300000e+04	1.35300000e+04	9.90000000e-01	1	1.36666667e+04	1.35309021e+04	1.35315787e+02	7.81246058e+01	1.33955863e+04	1.36662179e+04
2.91800000e+02	1.35800000e+04	1.01000000e+00	1	1.34455446e+04	1.35800000e+04	1.00000000e+00	1	1.35800000e+04	1.35800000e+04	9.90000000e-01	1	1.37171717e+04	1.35809054e+04	1.35815845e+02	7.84133146e+01	1.34450896e+04	1.37167213e+04
2.91900000e+02	1.36300000e+04	1.01000000e+00	1	1.34950495e+04	1.36300000e+04	1.00000000e+00	1	1.36300000e+04	1.36300000e+04	9.90000000e-01	1	1.37676768e+04	1.36309088e+04	1.36315903e+02	7.87020234e+01	1.34945929e+04	1.37672247e+04
2.92000000e+02	1.36800000e+04	1.01000000e+00	1	1.35445545e+04	1.36800000e+04	1.00000000e+00	1	1.36800000e+04	1.36800000e+04	9.90000000e-01	1	1.38181818e+04	1.36809121e+04	1.36815962e+02	7.89907322e+01	1.35440961e+04	1.38177281e+04
2.92100000e+02	1.37300000e+04	1.01000000e+00	1	1.35940594e+04	1.37300000e+04	1.00000000e+00	1	1.37300000e+04	1.37300000e+04	9.90000000e-01	1	1.38686869e+04	1.37309154e+04	1.37316020e+02	7.92794411e+01	1.35935994e+04	1.38682314e+04
2.92200000e+02	1.37800000e+04	1.01000000e+00	1	1.36435644e+04	1.37800000e+04	1.00000000e+00	1	1.37800000e+04	1.37800000e+04	9.90000000e-01	1	1.39191919e+04	1.37809188e+04	1.37816078e+02	7.95681499e+01	1.36431027e+04	1.39187348e+04
2.92300000e+02	1.38300000e+04	1.01000000e+00	1	1.36930693e+04	1.38300000e+04	1.00000000e+00	1	1.38300000e+04	1.38300000e+04	9.90000000e-01	1	1.39696970e+04	1.38309221e+04	1.38316137e+02	7.98568587e+01	1.36926060e+04	1.39692382e+04
2.92400000e+02	1.38800000e+04	1.01000000e+00	1	1.37425743e+04	1.38800000e+04	1.00000000e+00	1	1.38800000e+04	1.38800000e+04	9.90000000e-01	1	1.40202020e+04	1.38809254e+04	1.38816195e+02	8.01455675e+01	1.37421092e+04	1.40197416e+04
2.92500000e+02	1.39300000e+04	1.01000000e+00	1	1.37920792e+04	1.39300000e+04	1.00000000e+00	1	1.39300000e+04	1.39300000e+04	9.90000000e-01	1	1.40707071e+04	1.39309288e+04	1.39316253e+02	8.04342763e+01	1.37916125e+04	1.40702450e+04
2.92600000e+02	1.39800000e+04	1.01000000e+00	1	1.38415842e+04	1.39800000e+04	1.00000000e+00	1	1.39800000e+04	1.39800000e+04	9.90000000e-01	1	1.41212121e+04	1.39809321e+04	1.39816312e+02	8.07229851e+01	1.38411158e+04	1.41207484e+04
2.92700000e+02	1.40300000e+04	1.01000000e+00	1	1.38910891e+04	1.40300000e+04	1.00000000e+00	1	1.40300000e+04	1.40300000e+04	9.90000000e-01	1	1.41717172e+04	1.40309354e+04	1.40316370e+02	8.10116940e+01	1.38906191e+04	1.41712518e+04
2.92800000e+02	1.40800000e+04	1.01000000e+00	1	1.39405941e+04	1.40800000e+04	1.00000000e+00	1	1.40800000e+04	1.40800000e+04	9.90000000e-01	1	1.42222222e+04	1.40809388e+04	1.40816428e+02	8.13004028e+01	1.39401223e+04	1.42217552e+04
2.92900000e+02	1.41200000e+04	1.01000000e+00	1	1.39801980e+04	1.41200000e+04	1.00000000e+00	1	1.41200000e+04	1.41200000e+04	9.90000000e-01	1	1.42626263e+04	1.41209414e+04	1.41216475e+02	8.15313698e+01	1.39797250e+04	1.42621579e+04
2.93000000e+02	1.41800000e+04	1.01000000e+00	1	1.40396040e+04	1.41800000e+04	1.00000000e+00	1	1.41800000e+04	1.41800000e+04	9.90000000e-01	1	1.43232323e+04	1.41809454e+04	1.41816545e+02	8.18778204e+01	1.40391289e+04	1.43227620e+04
2.93100000e+02	1.42300000e+04	1.01000000e+00	1	1.40891089e+04	1.42300000e+04	1.00000000e+00	1	1.42300000e+04	1.42300000e+04	9.90000000e-01	1	1.43737374e+04	1.42309488e+04	1.42316603e+02	8.21665292e+01	1.40886322e+04	1.43732654e+04
2.93200000e+02	1.42800000e+04	1.01000000e+00	1	1.41386139e+04	1.42800000e+04	1.00000000e+00	1	1.42800000e+04	1.42800000e+04	9.90000000e-01	1	1.44242424e+04	1.42809521e+04	1.42816662e+02	8.24552380e+01	1.41381354e+04	1.44237688e+04
2.93300000e+02	1.43200000e+04	1.01000000e+00	1	1.41782178e+04	1.43200000e+04	1.00000000e+00	1	1.43200000e+04	1.43200000e+04	9.90000000e-01	1	1.44646465e+04	1.43209548e+04	1.43216708e+02	8.26862051e+01	1.41777381e+04	1.44641715e+04
2.93400000e+02	1.43800000e+04	1.01000000e+00	1	1.42376238e+04	1.43800000e+04	1.00000000e+00	1	1.43800000e+04	1.43800000e+04	9.90000000e-01	1	1.45252525e+04	1.43809588e+04	1.43816778e+02	8.30326557e+01	1.42371420e+04	1.45247755e+04
2.93500000e+02	1.44200000e+04	1.01000000e+00	1	1.42772277e+04	1.44200000e+04	1.00000000e+00	1	1.44200000e+04	1.44200000e+04	9.90000000e-01	1	1.45656566e+04	1.44209614e+04	1.44216825e+02	8.32636227e+01	1.42767446e+04	1.45651783e+04
2.93600000e+02	1.44800000e+04	1.01000000e+00	1	1.43366337e+04	1.44800000e+04	1.00000000e+00	1	1.44800000e+04	1.44800000e+04	9.90000000e-01	1	1.46262626e+04	1.44809654e+04	1.44816895e+02	8.36100733e+01	1.43361485e+04	1.46257823e+04
2.93700000e+02	1.45200000e+04	1.01000000e+00	1	1.43762376e+04	1.45200000e+04	1.00000000e+00	1	1.45200000e+04	1.45200000e+04	9.90000000e-01	1	1.46666667e+04	1.45209681e+04	1.45216942e+02	8.38410404e+01	1.43757512e+04	1.46661850e+04
2.93800000e+02	1.45800000e+04	1.01000000e+00	1	1.44356436e+04	1.45800000e+04	1.00000000e+00	1	1.45800000e+04	1.45800000e+04	9.90000000e-01	1	1.47272727e+04	1.45809721e+04	1.45817012e+02	8.41874909e+01	1.44351551e+04	1.47267891e+04
2.93900000e+02	1.46300000e+04	1.01000000e+00	1	1.44851485e+04	1.46300000e+04	1.00000000e+00	1	1.46300000e+04	1.46300000e+04	9.90000000e-01	1	1.47777778e+04	1.46309754e+04	1.46317070e+02	8.44761998e+01	1.44846584e+04	1.47772925e+04
2.94000000e+02	1.46800000e+04	1.01000000e+00	1	1.45346535e+04	1.46800000e+04	1.00000000e+00	1	1.46800000e+04	1.46800000e+04	9.90000000e-01	1	1.48282828e+04	1.46809788e+04	1.46817128e+02	8.47649086e+01	1.45341616e+04	1.48277959e+04
2.94100000e+02	1.47300000e+04	1.01000000e+00	1	1.45841584e+04	1.47300000e+04	1.00000000e+00	1	1.47300000e+04	1.47300000e+04	9.90000000e-01	1	1.48787879e+04	1.47309821e+04	1.47317187e+02	8.50536174e+01	1.45836649e+04	1.48782993e+04
2.94200000e+02	1.47800000e+04	1.01000000e+00	1	1.46336634e+04	1.47800000e+04	1.00000000e+00	1	1.47800000e+04	1.47800000e+04	9.90000000e-01	1	1.49292929e+04	1.47809854e+04	1.47817245e+02	8.53423262e+01	1.46331682e+04	1.49288027e+04
2.94300000e+02	1.48300000e+04	1.01000000e+00	1	1.46831683e+04	1.48300000e+04	1.00000000e+00	1	1.48300000e+04	1.48300000e+04	9.90000000e-01	1	1.49797980e+04	1.48309888e+04	1.48317303e+02	8.56310350e+01	1.46826715e+04	1.49793061e+04
2.94400000e+02	1.48800000e+04	1.01000000e+00	1	1.47326733e+04	1.48800000e+04	1.00000000e+00	1	1.48800000e+04	1.48800000e+04	9.90000000e-01	1	1.50303030e+04	1.48809921e+04	1.48817362e+02	8.59197438e+01	1.47321747e+04	1.50298095e+04
2.94500000e+02	1.49300000e+04	1.01000000e+00	1	1.47821782e+04	1.49300000e+04	1.00000000e+00	1	1.49300000e+04	1.49300000e+04	9.90000000e-01	1	1.50808081e+04	1.49309954e+04	1.49317420e+02	8.62084527e+01	1.47816780e+04	1.50803129e+04
2.94600000e+02	1.49800000e+04	1.01000000e+00	1	1.48316832e+04	1.49800000e+04	1.00000000e+00	1	1.49800000e+04	1.49800000e+04	9.90000000e-01	1	1.51313131e+04	1.49809988e+04	1.49817478e+02	8.64971615e+01	1.48311813e+04	1.51308162e+04
2.94700000e+02	1.50300000e+04	1.01000000e+00	1	1.48811881e+04	1.50300000e+04	1.00000000e+00	1	1.50300000e+04	1.50300000e+04	9.90000000e-01	1	1.51818182e+04	1.50310021e+04	1.50317537e+02	8.67858703e+01	1.48806846e+04	1.51813196e+04
2.94800000e+02	1.50800000e+04	1.01000000e+00	1	1.49306931e+04	1.50800000e+04	1.00000000e+00	1	1.50800000e+04	1.50800000e+04	9.90000000e-01	1	1.52323232e+04	1.50810054e+04	1.50817595e+02	8.70745791e+01	1.49301878e+04	1.52318230e+04
2.94900000e+02	1.51300000e+04	1.01000000e+00	1	1.49801980e+04	1.51300000e+04	1.00000000e+00	1	1.51300000e+04	1.51300000e+04	9.90000000e-01	1	1.52828283e+04	1.51310088e+04	1.51317653e+02	8.73632879e+01	1.49796911e+04	1.52823264e+04
2.95000000e+02	1.51800000e+04	1.01000000e+00	1	1.50297030e+04	1.51800000e+04	1.00000000e+00	1	1.51800000e+04	1.51800000e+04	9.90000000e-01	1	1.53333333e+04	1.51810121e+04	1.51817712e+02	8.76519967e+01	1.50291944e+04	1.53328298e+04
2.95100000e+02	1.52300000e+04	1.01000000e+00	1	1.50792079e+04	1.52300000e+04	1.00000000e+00	1	1.52300000e+04	1.52300000e+04	9.90000000e-01	1	1.53838384e+04	1.52310154e+04	1.52317770e+02	8.79407056e+01	1.50786977e+04	1.53833332e+04
2.95200000e+02	1.52800000e+04	1.01000000e+00	1	1.51287129e+04	1.52800000e+04	1.00000000e+00	1	1.52800000e+04	1.52800000e+04	9.90000000e-01	1	1.54343434e+04	1.52810188e+04	1.52817828e+02	8.82294144e+01	1.51282009e+04	1.54338366e+04
2.95300000e+02	1.53400000e+04	1.01000000e+00	1	1.51881188e+04	1.53400000e+04	1.00000000e+00	1	1.53400000e+04	1.53400000e+04	9.90000000e-01	1	1.54949495e+04	1.53410228e+04	1.53417898e+02	8.85758650e+01	1.51876049e+04	1.54944407e+04
2.95400000e+02	1.53800000e+04	1.01000000e+00	1	1.52277228e+04	1.53800000e+04	1.00000000e+00	1	1.53800000e+04	1.53800000e+04	9.90000000e-01	1	1.55353535e+04	1.53810254e+04	1.53817945e+02	8.88068320e+01	1.52272075e+04	1.55348434e+04
2.95500000e+02	1.54300000e+04	1.01000000e+00	1	1.52772277e+04	1.54300000e+04	1.00000000e+00	1	1.54300000e+04	1.54300000e+04	9.90000000e-01	1	1.55858586e+04	1.54310288e+04	1.54318003e+02	8.90955408e+01	1.52767108e+04	1.55853468e+04
2.95600000e+02	1.54900000e+04	1.01000000e+00	1	1.53366337e+04	1.54900000e+04	1.00000000e+00	1	1.54900000e+04	1.54900000e+04	9.90000000e-01	1	1.56464646e+04	1.54910328e+04	1.54918073e+02	8.94419914e+01	1.53361147e+04	1.56459508e+04
2.95700000e+02	1.55400000e+04	1.01000000e+00	1	1.53861386e+04	1.55400000e+04	1.00000000e+00	1	1.55400000e+04	1.55400000e+04	9.90000000e-01	1	1.56969697e+04	1.55410361e+04	1.55418132e+02	8.97307002e+01	1.53856180e+04	1.56964542e+04
2.95800000e+02	1.55900000e+04	1.01000000e+00	1	1.54356436e+04	1.55900000e+04	1.00000000e+00	1	1.55900000e+04	1.55900000e+04	9.90000000e-01	1	1.57474747e+04	1.55910394e+04	1.55918190e+02	9.00194090e+01	1.54351212e+04	1.57469576e+04
2.95900000e+02	1.56400000e+04	1.01000000e+00	1	1.54851485e+04	1.56400000e+04	1.00000000e+00	1	1.56400000e+04	1.56400000e+04	9.90000000e-01	1	1.57979798e+04	1.56410428e+04	1.56418248e+02	9.03081179e+01	1.54846245e+04	1.57974610e+04
2.96000000e+02	1.56900000e+04	1.01000000e+00	1	1.55346535e+04	1.56900000e+04	1.00000000e+00	1	1.56900000e+04	1.56900000e+04	9.90000000e-01	1	1.58484848e+04	1.56910461e+04	1.56918307e+02	9.05968267e+01	1.55341278e+04	1.58479644e+04
2.96100000e+02	1.57300000e+04	1.01000000e+00	1	1.55742574e+04	1.57300000e+04	1.00000000e+00	1	1.57300000e+04	1.57300000e+04	9.90000000e-01	1	1.58888889e+04	1.57310488e+04	1.57318353e+02	9.08277937e+01	1.55737304e+04	1.58883671e+04
2.96200000e+02	1.57900000e+04	1.01000000e+00	1	1.56336634e+04	1.57900000e+04	1.00000000e+00	1	1.57900000e+04	1.57900000e+04	9.90000000e-01	1	1.59494949e+04	1.57910528e+04	1.57918423e+02	9.11742443e+01	1.56331343e+04	1.59489712e+04
2.96300000e+02	1.58400000e+04	1.01000000e+00	1	1.56831683e+04	1.58400000e+04	1.00000000e+00	1	1.58400000e+04	1.58400000e+04	9.90000000e-01	1	1.60000000e+04	1.58410561e+04	1.58418482e+02	9.14629531e+01	1.56826376e+04	1.59994746e+04
2.96400000e+02	1.58900000e+04	1.01000000e+00	1	1.57326733e+04	1.58900000e+04	1.00000000e+00	1	1.58900000e+04	1.58900000e+04	9.90000000e-01	1	1.60505051e+04	1.58910594e+04	1.58918540e+02	9.17516619e+01	1.57321409e+04	1.60499780e+04
2.96500000e+02	1.59400000e+04	1.01000000e+00	1	1.57821782e+04	1.59400000e+04	1.00000000e+00	1	1.59400000e+04	1.59400000e+04	9.90000000e-01	1	1.61010101e+04	1.59410628e+04	1.59418599e+02	9.20403708e+01	1.57816442e+04	1.61004814e+04
2.96600000e+02	1.60000000e+04	1.01000000e+00	1	1.58415842e+04	1.60000000e+04	1.00000000e+00	1	1.60000000e+04	1.60000000e+04	9.90000000e-01	1	1.61616162e+04	1.60010668e+04	1.60018669e+02	9.23868213e+01	1.58410481e+04	1.61610854e+04
2.96700000e+02	1.60500000e+04	1.01000000e+00	1	1.58910891e+04	1.60500000e+04	1.00000000e+00	1	1.60500000e+04	1.60500000e+04	9.90000000e-01	1	1.62121212e+04	1.60510701e+04	1.60518727e+02	9.26755302e+01	1.58905514e+04	1.62115888e+04
2.96800000e+02	1.60900000e+04	1.01000000e+00	1	1.59306931e+04	1.60900000e+04	1.00000000e+00	1	1.60900000e+04	1.60900000e+04	9.90000000e-01	1	1.62525253e+04	1.60910728e+04	1.60918774e+02	9.29064972e+01	1.59301540e+04	1.62519915e+04
2.96900000e+02	1.61500000e+04	1.01000000e+00	1	1.59900990e+04	1.61500000e+04	1.00000000e+00	1	1.61500000e+04	1.61500000e+04	9.90000000e-01	1	1.63131313e+04	1.61510768e+04	1.61518844e+02	9.32529478e+01	1.59895579e+04	1.63125956e+04
2.97000000e+02	1.62000000e+04	1.01000000e+00	1	1.60396040e+04	1.62000000e+04	1.00000000e+00	1	1.62000000e+04	1.62000000e+04	9.90000000e-01	1	1.63636364e+04	1.62010801e+04	1.62018902e+02	9.35416566e+01	1.60390612e+04	1.63630990e+04
2.97100000e+02	1.62500000e+04	1.01000000e+00	1	1.60891089e+04	1.62500000e+04	1.00000000e+00	1	1.62500000e+04	1.62500000e+04	9.90000000e-01	1	1.64141414e+04	1.62510834e+04	1.62518960e+02	9.38303654e+01	1.60885645e+04	1.64136024e+04
2.97200000e+02	1.62900000e+04	1.01000000e+00	1	1.61287129e+04	1.62900000e+04	1.00000000e+00	1	1.62900000e+04	1.62900000e+04	9.90000000e-01	1	1.64545455e+04	1.62910861e+04	1.62919007e+02	9.40613325e+01	1.61281671e+04	1.64540051e+04
2.97300000e+02	1.63500000e+04	1.01000000e+00	1	1.61881188e+04	1.63500000e+04	1.00000000e+00	1	1.63500000e+04	1.63500000e+04	9.90000000e-01	1	1.65151515e+04	1.63510901e+04	1.63519077e+02	9.44077831e+01	1.61875710e+04	1.65146092e+04
2.97400000e+02	1.64000000e+04	1.01000000e+00	1	1.62376238e+04	1.64000000e+04	1.00000000e+00	1	1.64000000e+04	1.64000000e+04	9.90000000e-01	1	1.65656566e+04	1.64010934e+04	1.64019135e+02	9.46964919e+01	1.62370743e+04	1.65651126e+04
2.97500000e+02	1.64500000e+04	1.01000000e+00	1	1.62871287e+04	1.64500000e+04	1.00000000e+00	1	1.64500000e+04	1.64500000e+04	9.90000000e-01	1	1.66161616e+04	1.64510968e+04	1.64519194e+02	9.49852007e+01	1.62865776e+04	1.66156160e+04
2.97600000e+02	1.65000000e+04	1.01000000e+00	1	1.63366337e+04	1.65000000e+04	1.00000000e+00	1	1.65000000e+04	1.65000000e+04	9.90000000e-01	1	1.66666667e+04	1.65011001e+04	1.65019252e+02	9.52739095e+01	1.63360809e+04	1.66661194e+04
2.97700000e+02	1.65600000e+04	1.01000000e+00	1	1.63960396e+04	1.65600000e+04	1.00000000e+00	1	1.65600000e+04	1.65600000e+04	9.90000000e-01	1	1.67272727e+04	1.65611041e+04	1.65619322e+02	9.56203601e+01	1.63954848e+04	1.67267234e+04
2.97800000e+02	1.66000000e+04	1.01000000e+00	1	1.64356436e+04	1.66000000e+04	1.00000000e+00	1	1.66000000e+04	1.66000000e+04	9.90000000e-01	1	1.67676768e+04	1.66011068e+04	1.66019369e+02	9.58513271e+01	1.64350874e+04	1.67671261e+04
2.97900000e+02	1.66600000e+04	1.01000000e+00	1	1.64950495e+04	1.66600000e+04	1.00000000e+00	1	1.66600000e+04	1.66600000e+04	9.90000000e-01	1	1.68282828e+04	1.66611108e+04	1.66619439e+02	9.61977777e+01	1.64944913e+04	1.68277302e+04
2.98000000e+02	1.67100000e+04	1.01000000e+00	1	1.65445545e+04	1.67100000e+04	1.00000000e+00	1	1.67100000e+04	1.67100000e+04	9.90000000e-01	1	1.68787879e+04	1.67111141e+04	1.67119497e+02	9.64864865e+01	1.65439946e+04	1.68782336e+04
2.98100000e+02	1.67600000e+04	1.01000000e+00	1	1.65940594e+04	1.67600000e+04	1.00000000e+00	1	1.67600000e+04	1.67600000e+04	9.90000000e-01	1	1.69292929e+04	1.67611174e+04	1.67619555e+02	9.67751954e+01	1.65934979e+04	1.69287370e+04
2.98200000e+02	1.68100000e+04	1.01000000e+00	1	1.66435644e+04	1.68100000e+04	1.00000000e+00	1	1.68100000e+04	1.68100000e+04	9.90000000e-01	1	1.69797980e+04	1.68111208e+04	1.68119614e+02	9.70639042e+01	1.66430012e+04	1.69792404e+04
2.98300000e+02	1.68600000e+04	1.01000000e+00	1	1.66930693e+04	1.68600000e+04	1.00000000e+00	1	1.68600000e+04	1.68600000e+04	9.90000000e-01	1	1.70303030e+04	1.68611241e+04	1.68619672e+02	9.73526130e+01	1.66925044e+04	1.70297438e+04
2.98400000e+02	1.69200000e+04	1.01000000e+00	1	1.67524752e+04	1.69200000e+04	1.00000000e+00	1	1.69200000e+04	1.69200000e+04	9.90000000e-01	1	1.70909091e+04	1.69211281e+04	1.69219742e+02	9.76990636e+01	1.67519084e+04	1.70903479e+04
2.98500000e+02	1.69600000e+04	1.01000000e+00	1	1.67920792e+04	1.69600000e+04	1.00000000e+00	1	1.69600000e+04	1.69600000e+04	9.90000000e-01	1	1.71313131e+04	1.69611308e+04	1.69619789e+02	9.79300306e+01	1.67915110e+04	1.71307506e+04
2.98600000e+02	1.70100000e+04	1.01000000e+00	1	1.68415842e+04	1.70100000e+04	1.00000000e+00	1	1.70100000e+04	1.70100000e+04	9.90000000e-01	1	1.71818182e+04	1.70111341e+04	1.70119847e+02	9.82187394e+01	1.68410143e+04	1.71812540e+04
2.98700000e+02	1.70600000e+04	1.01000000e+00	1	1.68910891e+04	1.70600000e+04	1.00000000e+00	1	1.70600000e+04	1.70600000e+04	9.90000000e-01	1	1.72323232e+04	1.70611374e+04	1.70619905e+02	9.85074483e+01	1.68905175e+04	1.72317574e+04
2.98800000e+02	1.71100000e+04	1.01000000e+00	1	1.69405941e+04	1.71100000e+04	1.00000000e+00	1	1.71100000e+04	1.71100000e+04	9.90000000e-01	1	1.72828283e+04	1.71111408e+04	1.71119964e+02	9.87961571e+01	1.69400208e+04	1.72822607e+04
2.98900000e+02	1.71700000e+04	1.01000000e+00	1	1.70000000e+04	1.71700000e+04	1.00000000e+00	1	1.71700000e+04	1.71700000e+04	9.90000000e-01	1	1.73434343e+04	1.71711448e+04	1.71720034e+02	9.91426077e+01	1.69994247e+04	1.73428648e+04
2.99000000e+02	1.72200000e+04	1.01000000e+00	1	1.70495050e+04	1.72200000e+04	1.00000000e+00	1	1.72200000e+04	1.72200000e+04	9.90000000e-01	1	1.73939394e+04	1.72211481e+04	1.72220092e+02	9.94313165e+01	1.70489280e+04	1.73933682e+04
2.99100000e+02	1.72700000e+04	1.01000000e+00	1	1.70990099e+04	1.72700000e+04	1.00000000e+00	1	1.72700000e+04	1.72700000e+04	9.90000000e-01	1	1.74444444e+04	1.72711514e+04	1.72720150e+02	9.97200253e+01	1.70984313e+04	1.74438716e+04
2.99200000e+02	1.73300000e+04	1.01000000e+00	1	1.71584158e+04	1.73300000e+04	1.00000000e+00	1	1.73300000e+04	1.73300000e+04	9.90000000e-01	1	1.75050505e+04	1.73311554e+04	1.73320220e+02	1.00066476e+02	1.71578352e+04	1.75044757e+04
2.99300000e+02	1.73800000e+04	1.01000000e+00	1	1.72079208e+04	1.73800000e+04	1.00000000e+00	1	1.73800000e+04	1.73800000e+04	9.90000000e-01	1	1.75555556e+04	1.73811588e+04	1.73820279e+02	1.00355185e+02	1.72073385e+04	1.75549791e+04
2.99400000e+02	1.74200000e+04	1.01000000e+00	1	1.72475248e+04	1.74200000e+04	1.00000000e+00	1	1.74200000e+04	1.74200000e+04	9.90000000e-01	1	1.75959596e+04	1.74211614e+04	1.74220325e+02	1.00586152e+02	1.72469411e+04	1.75953818e+04
2.99500000e+02	1.74600000e+04	1.01000000e+00	1	1.72871287e+04	1.74600000e+04	1.00000000e+00	1	1.74600000e+04	1.74600000e+04	9.90000000e-01	1	1.76363636e+04	1.74611641e+04	1.74620372e+02	1.00817119e+02	1.72865437e+04	1.76357845e+04
2.99600000e+02	1.75200000e+04	1.01000000e+00	1	1.73465347e+04	1.75200000e+04	1.00000000e+00	1	1.75200000e+04	1.75200000e+04	9.90000000e-01	1	1.76969697e+04	1.75211681e+04	1.75220442e+02	1.01163569e+02	1.73459477e+04	1.76963886e+04
2.99700000e+02	1.75700000e+04	1.01000000e+00	1	1.73960396e+04	1.75700000e+04	1.00000000e+00	1	1.75700000e+04	1.75700000e+04	9.90000000e-01	1	1.77474747e+04	1.75711715e+04	1.75720500e+02	1.01452278e+02	1.73954510e+04	1.77468920e+04
2.99800000e+02	1.76200000e+04	1.01000000e+00	1	1.74455446e+04	1.76200000e+04	1.00000000e+00	1	1.76200000e+04	1.76200000e+04	9.90000000e-01	1	1.77979798e+04	1.76211748e+04	1.76220559e+02	1.01740987e+02	1.74449542e+04	1.77973953e+04
2.99900000e+02	1.76700000e+04	1.01000000e+00	1	1.74950495e+04	1.76700000e+04	1.00000000e+00	1	1.76700000e+04	1.76700000e+04	9.90000000e-01	1	1.78484848e+04	1.76711781e+04	1.76720617e+02	1.02029696e+02	1.74944575e+04	1.78478987e+04
3.00000000e+02	1.77200000e+04	1.01000000e+00	1	1.75445545e+04	1.77200000e+04	1.00000000e+00	1	1.77200000e+04	1.77200000e+04	9.90000000e-01	1	1.78989899e+04	1.77211815e+04	1.77220675e+02	1.02318405e+02	1.75439608e+04	1.78984021e+04
3.00100000e+02	1.77700000e+04	1.01000000e+00	1	1.75940594e+04	1.77700000e+04	1.00000000e+00	1	1.77700000e+04	1.77700000e+04	9.90000000e-01	1	1.79494949e+04	1.77711848e+04	1.77720734e+02	1.02607113e+02	1.75934641e+04	1.79489055e+04
3.00200000e+02	1.78200000e+04	1.01000000e+00	1	1.76435644e+04	1.78200000e+04	1.00000000e+00	1	1.78200000e+04	1.78200000e+04	9.90000000e-01	1	1.80000000e+04	1.78211881e+04	1.78220792e+02	1.02895822e+02	1.76429673e+04	1.79994089e+04
3.00300000e+02	1.78700000e+04	1.01000000e+00	1	1.76930693e+04	1.78700000e+04	1.00000000e+00	1	1.78700000e+04	1.78700000e+04	9.90000000e-01	1	1.80505051e+04	1.78711915e+04	1.78720850e+02	1.03184531e+02	1.76924706e+04	1.80499123e+04
3.00400000e+02	1.79200000e+04	1.01000000e+00	1	1.77425743e+04	1.79200000e+04	1.00000000e+00	1	1.79200000e+04	1.79200000e+04	9.90000000e-01	1	1.81010101e+04	1.79211948e+04	1.79220909e+02	1.03473240e+02	1.77419739e+04	1.81004157e+04
3.00500000e+02	1.79700000e+04	1.01000000e+00	1	1.77920792e+04	1.79700000e+04	1.00000000e+00	1	1.79700000e+04	1.79700000e+04	9.90000000e-01	1	1.81515152e+04	1.79711981e+04	1.79720967e+02	1.03761949e+02	1.77914772e+04	1.81509191e+04
3.00600000e+02	1.80100000e+04	1.01000000e+00	1	1.78316832e+04	1.80100000e+04	1.00000000e+00	1	1.80100000e+04	1.80100000e+04	9.90000000e-01	1	1.81919192e+04	1.80112008e+04	1.80121014e+02	1.03992916e+02	1.78310798e+04	1.81913218e+04
3.00700000e+02	1.80700000e+04	1.01000000e+00	1	1.78910891e+04	1.80700000e+04	1.00000000e+00	1	1.80700000e+04	1.80700000e+04	9.90000000e-01	1	1.82525253e+04	1.80712048e+04	1.80721084e+02	1.04339366e+02	1.78904837e+04	1.82519259e+04
3.00800000e+02	1.81100000e+04	1.01000000e+00	1	1.79306931e+04	1.81100000e+04	1.00000000e+00	1	1.81100000e+04	1.81100000e+04	9.90000000e-01	1	1.82929293e+04	1.81112075e+04	1.81121130e+02	1.04570333e+02	1.79300863e+04	1.82923286e+04
3.00900000e+02	1.81600000e+04	1.01000000e+00	1	1.79801980e+04	1.81600000e+04	1.00000000e+00	1	1.81600000e+04	1.81600000e+04	9.90000000e-01	1	1.83434343e+04	1.81612108e+04	1.81621189e+02	1.04859042e+02	1.79795896e+04	1.83428320e+04
3.01000000e+02	1.82000000e+04	1.01000000e+00	1	1.80198020e+04	1.82000000e+04	1.00000000e+00	1	1.82000000e+04	1.82000000e+04	9.90000000e-01	1	1.83838384e+04	1.82012135e+04	1.82021235e+02	1.05090009e+02	1.80191922e+04	1.83832347e+04
3.01100000e+02	1.82500000e+04	1.01000000e+00	1	1.80693069e+04	1.82500000e+04	1.00000000e+00	1	1.82500000e+04	1.82500000e+04	9.90000000e-01	1	1.84343434e+04	1.82512168e+04	1.82521294e+02	1.05378718e+02	1.80686955e+04	1.84337381e+04
3.01200000e+02	1.83000000e+04	1.01000000e+00	1	1.81188119e+04	1.83000000e+04	1.00000000e+00	1	1.83000000e+04	1.83000000e+04	9.90000000e-01	1	1.84848485e+04	1.83012201e+04	1.83021352e+02	1.05667427e+02	1.81181988e+04	1.84842415e+04
3.01300000e+02	1.83400000e+04	1.01000000e+00	1	1.81584158e+04	1.83400000e+04	1.00000000e+00	1	1.83400000e+04	1.83400000e+04	9.90000000e-01	1	1.85252525e+04	1.83412228e+04	1.83421399e+02	1.05898394e+02	1.81578014e+04	1.85246442e+04
3.01400000e+02	1.83900000e+04	1.01000000e+00	1	1.82079208e+04	1.83900000e+04	1.00000000e+00	1	1.83900000e+04	1.83900000e+04	9.90000000e-01	1	1.85757576e+04	1.83912261e+04	1.83921457e+02	1.06187103e+02	1.82073047e+04	1.85751476e+04
3.01500000e+02	1.84400000e+04	1.01000000e+00	1	1.82574257e+04	1.84400000e+04	1.00000000e+00	1	1.84400000e+04	1.84400000e+04	9.90000000e-01	1	1.86262626e+04	1.84412295e+04	1.84421515e+02	1.06475812e+02	1.82568079e+04	1.86256510e+04
3.01600000e+02	1.84900000e+04	1.01000000e+00	1	1.83069307e+04	1.84900000e+04	1.00000000e+00	1	1.84900000e+04	1.84900000e+04	9.90000000e-01	1	1.86767677e+04	1.84912328e+04	1.84921574e+02	1.06764520e+02	1.83063112e+04	1.86761544e+04
3.01700000e+02	1.85400000e+04	1.01000000e+00	1	1.83564356e+04	1.85400000e+04	1.00000000e+00	1	1.85400000e+04	1.85400000e+04	9.90000000e-01	1	1.87272727e+04	1.85412361e+04	1.85421632e+02	1.07053229e+02	1.83558145e+04	1.87266578e+04
3.01800000e+02	1.85800000e+04	1.01000000e+00	1	1.83960396e+04	1.85800000e+04	1.00000000e+00	1	1.85800000e+04	1.85800000e+04	9.90000000e-01	1	1.87676768e+04	1.85812388e+04	1.85821679e+02	1.07284196e+02	1.83954171e+04	1.87670605e+04
3.01900000e+02	1.86300000e+04	1.01000000e+00	1	1.84455446e+04	1.86300000e+04	1.00000000e+00	1	1.86300000e+04	1.86300000e+04	9.90000000e-01	1	1.88181818e+04	1.86312421e+04	1.86321737e+02	1.07572905e+02	1.84449204e+04	1.88175639e+04
3.02000000e+02	1.86700000e+04	1.01000000e+00	1	1.84851485e+04	1.86700000e+04	1.00000000e+00	1	1.86700000e+04	1.86700000e+04	9.90000000e-01	1	1.88585859e+04	1.86712448e+04	1.86721784e+02	1.07803872e+02	1.84845230e+04	1.88579666e+04
3.02100000e+02	1.87200000e+04	1.01000000e+00	1	1.85346535e+04	1.87200000e+04	1.00000000e+00	1	1.87200000e+04	1.87200000e+04	9.90000000e-01	1	1.89090909e+04	1.87212481e+04	1.87221842e+02	1.08092581e+02	1.85340263e+04	1.89084700e+04
3.02200000e+02	1.87600000e+04	1.01000000e+00	1	1.85742574e+04	1.87600000e+04	1.00000000e+00	1	1.87600000e+04	1.87600000e+04	9.90000000e-01	1	1.89494949e+04	1.87612508e+04	1.87621889e+02	1.08323548e+02	1.85736289e+04	1.89488727e+04
3.02300000e+02	1.88100000e+04	1.01000000e+00	1	1.86237624e+04	1.88100000e+04	1.00000000e+00	1	1.88100000e+04	1.88100000e+04	9.90000000e-01	1	1.90000000e+04	1.88112541e+04	1.88121947e+02	1.08612257e+02	1.86231322e+04	1.89993761e+04
3.02400000e+02	1.88500000e+04	1.01000000e+00	1	1.86633663e+04	1.88500000e+04	1.00000000e+00	1	1.88500000e+04	1.88500000e+04	9.90000000e-01	1	1.90404040e+04	1.88512568e+04	1.88521994e+02	1.08843224e+02	1.86627348e+04	1.90397788e+04
3.02500000e+02	1.89000000e+04	1.01000000e+00	1	1.87128713e+04	1.89000000e+04	1.00000000e+00	1	1.89000000e+04	1.89000000e+04	9.90000000e-01	1	1.90909091e+04	1.89012601e+04	1.89022052e+02	1.09131933e+02	1.87122381e+04	1.90902822e+04
3.02600000e+02	1.89400000e+04	1.01000000e+00	1	1.87524752e+04	1.89400000e+04	1.00000000e+00	1	1.89400000e+04	1.89400000e+04	9.90000000e-01	1	1.91313131e+04	1.89412628e+04	1.89422099e+02	1.09362900e+02	1.87518407e+04	1.91306849e+04
3.02700000e+02	1.89800000e+04	1.01000000e+00	1	1.87920792e+04	1.89800000e+04	1.00000000e+00	1	1.89800000e+04	1.89800000e+04	9.90000000e-01	1	1.91717172e+04	1.89812655e+04	1.89822146e+02	1.09593867e+02	1.87914433e+04	1.91710876e+04
3.02800000e+02	1.90200000e+04	1.01000000e+00	1	1.88316832e+04	1.90200000e+04	1.00000000e+00	1	1.90200000e+04	1.90200000e+04	9.90000000e-01	1	1.92121212e+04	1.90212681e+04	1.90222192e+02	1.09824834e+02	1.88310459e+04	1.92114903e+04
3.02900000e+02	1.90600000e+04	1.01000000e+00	1	1.88712871e+04	1.90600000e+04	1.00000000e+00	1	1.90600000e+04	1.90600000e+04	9.90000000e-01	1	1.92525253e+04	1.90612708e+04	1.90622239e+02	1.10055801e+02	1.88706486e+04	1.92518930e+04
3.03000000e+02	1.91100000e+04	1.01000000e+00	1	1.89207921e+04	1.91100000e+04	1.00000000e+00	1	1.91100000e+04	1.91100000e+04	9.90000000e-01	1	1.93030303e+04	1.91112741e+04	1.91122297e+02	1.10344510e+02	1.89201518e+04	1.93023964e+04
3.03100000e+02	1.91500000e+04	1.01000000e+00	1	1.89603960e+04	1.91500000e+04	1.00000000e+00	1	1.91500000e+04	1.91500000e+04	9.90000000e-01	1	1.93434343e+04	1.91512768e+04	1.91522344e+02	1.10575477e+02	1.89597545e+04	1.93427991e+04
3.03200000e+02	1.92000000e+04	1.01000000e+00	1	1.90099010e+04	1.92000000e+04	1.00000000e+00	1	1.92000000e+04	1.92000000e+04	9.90000000e-01	1	1.93939394e+04	1.92012801e+04	1.92022402e+02	1.10864186e+02	1.90092577e+04	1.93933025e+04
3.03300000e+02	1.92500000e+04	1.01000000e+00	1	1.90594059e+04	1.92500000e+04	1.00000000e+00	1	1.92500000e+04	1.92500000e+04	9.90000000e-01	1	1.94444444e+04	1.92512835e+04	1.92522461e+02	1.11152894e+02	1.90587610e+04	1.94438059e+04
3.03400000e+02	1.92800000e+04	1.01000000e+00	1	1.90891089e+04	1.92800000e+04	1.00000000e+00	1	1.92800000e+04	1.92800000e+04	9.90000000e-01	1	1.94747475e+04	1.92812855e+04	1.92822496e+02	1.11326120e+02	1.90884630e+04	1.94741080e+04
3.03500000e+02	1.93200000e+04	1.01000000e+00	1	1.91287129e+04	1.93200000e+04	1.00000000e+00	1	1.93200000e+04	1.93200000e+04	9.90000000e-01	1	1.95151515e+04	1.93212881e+04	1.93222542e+02	1.11557087e+02	1.91280656e+04	1.95145107e+04
3.03600000e+02	1.93600000e+04	1.01000000e+00	1	1.91683168e+04	1.93600000e+04	1.00000000e+00	1	1.93600000e+04	1.93600000e+04	9.90000000e-01	1	1.95555556e+04	1.93612908e+04	1.93622589e+02	1.11788054e+02	1.91676682e+04	1.95549134e+04
3.03700000e+02	1.94100000e+04	1.01000000e+00	1	1.92178218e+04	1.94100000e+04	1.00000000e+00	1	1.94100000e+04	1.94100000e+04	9.90000000e-01	1	1.96060606e+04	1.94112941e+04	1.94122647e+02	1.12076763e+02	1.92171715e+04	1.96054168e+04
3.03800000e+02	1.94400000e+04	1.01000000e+00	1	1.92475248e+04	1.94400000e+04	1.00000000e+00	1	1.94400000e+04	1.94400000e+04	9.90000000e-01	1	1.96363636e+04	1.94412961e+04	1.94422682e+02	1.12249988e+02	1.92468734e+04	1.96357188e+04
3.03900000e+02	1.94800000e+04	1.01000000e+00	1	1.92871287e+04	1.94800000e+04	1.00000000e+00	1	1.94800000e+04	1.94800000e+04	9.90000000e-01	1	1.96767677e+04	1.94812988e+04	1.94822729e+02	1.12480955e+02	1.92864761e+04	1.96761215e+04
3.04000000e+02	1.95300000e+04	1.01000000e+00	1	1.93366337e+04	1.95300000e+04	1.00000000e+00	1	1.95300000e+04	1.95300000e+04	9.90000000e-01	1	1.97272727e+04	1.95313021e+04	1.95322787e+02	1.12769664e+02	1.93359793e+04	1.97266249e+04
3.04100000e+02	1.95600000e+04	1.01000000e+00	1	1.93663366e+04	1.95600000e+04	1.00000000e+00	1	1.95600000e+04	1.95600000e+04	9.90000000e-01	1	1.97575758e+04	1.95613041e+04	1.95622822e+02	1.12942889e+02	1.93656813e+04	1.97569270e+04
3.04200000e+02	1.96000000e+04	1.01000000e+00	1	1.94059406e+04	1.96000000e+04	1.00000000e+00	1	1.96000000e+04	1.96000000e+04	9.90000000e-01	1	1.97979798e+04	1.96013068e+04	1.96022869e+02	1.13173856e+02	1.94052839e+04	1.97973297e+04
3.04300000e+02	1.96400000e+04	1.01000000e+00	1	1.94455446e+04	1.96400000e+04	1.00000000e+00	1	1.96400000e+04	1.96400000e+04	9.90000000e-01	1	1.98383838e+04	1.96413095e+04	1.96422916e+02	1.13404823e+02	1.94448865e+04	1.98377324e+04
3.04400000e+02	1.96900000e+04	1.01000000e+00	1	1.94950495e+04	1.96900000e+04	1.00000000e+00	1	1.96900000e+04	1.96900000e+04	9.90000000e-01	1	1.98888889e+04	1.96913128e+04	1.96922974e+02	1.13693532e+02	1.94943898e+04	1.98882358e+04
3.04500000e+02	1.97200000e+04	1.01000000e+00	1	1.95247525e+04	1.97200000e+04	1.00000000e+00	1	1.97200000e+04	1.97200000e+04	9.90000000e-01	1	1.99191919e+04	1.97213148e+04	1.97223009e+02	1.13866757e+02	1.95240918e+04	1.99185378e+04
3.04600000e+02	1.97700000e+04	1.01000000e+00	1	1.95742574e+04	1.97700000e+04	1.00000000e+00	1	1.97700000e+04	1.97700000e+04	9.90000000e-01	1	1.99696970e+04	1.97713181e+04	1.97723067e+02	1.14155466e+02	1.95735951e+04	1.99690412e+04
3.04700000e+02	1.98000000e+04	1.01000000e+00	1	1.96039604e+04	1.98000000e+04	1.00000000e+00	1	1.98000000e+04	1.98000000e+04	9.90000000e-01	1	2.00000000e+04	1.98013201e+04	1.98023102e+02	1.14328691e+02	1.96032970e+04	1.99993432e+04
3.04800000e+02	1.98300000e+04	1.01000000e+00	1	1.96336634e+04	1.98300000e+04	1.00000000e+00	1	1.98300000e+04	1.98300000e+04	9.90000000e-01	1	2.00303030e+04	1.98313221e+04	1.98323137e+02	1.14501917e+02	1.96329990e+04	2.00296453e+04
3.04900000e+02	1.98700000e+04	1.01000000e+00	1	1.96732673e+04	1.98700000e+04	1.00000000e+00	1	1.98700000e+04	1.98700000e+04	9.90000000e-01	1	2.00707071e+04	1.98713248e+04	1.98723184e+02	1.14732884e+02	1.96726016e+04	2.00700480e+04
3.05000000e+02	1.99100000e+04	1.01000000e+00	1	1.97128713e+04	1.99100000e+04	1.00000000e+00	1	1.99100000e+04	1.99100000e+04	9.90000000e-01	1	2.01111111e+04	1.99113275e+04	1.99123231e+02	1.14963851e+02	1.97122042e+04	2.01104507e+04
3.05100000e+02	1.99400000e+04	1.01000000e+00	1	1.97425743e+04	1.99400000e+04	1.00000000e+00	1	1.99400000e+04	1.99400000e+04	9.90000000e-01	1	2.01414141e+04	1.99413295e+04	1.99423266e+02	1.15137076e+02	1.97419062e+04	2.01407527e+04
3.05200000e+02	1.99900000e+04	1.01000000e+00	1	1.97920792e+04	1.99900000e+04	1.00000000e+00	1	1.99900000e+04	1.99900000e+04	9.90000000e-01	1	2.01919192e+04	1.99913328e+04	1.99923324e+02	1.15425785e+02	1.97914095e+04	2.01912561e+04
3.05300000e+02	2.00200000e+04	1.01000000e+00	1	1.98217822e+04	2.00200000e+04	1.00000000e+00	1	2.00200000e+04	2.00200000e+04	9.90000000e-01	1	2.02222222e+04	2.00213348e+04	2.00223359e+02	1.15599010e+02	1.98211114e+04	2.02215582e+04
3.05400000e+02	2.00600000e+04	1.01000000e+00	1	1.98613861e+04	2.00600000e+04	1.00000000e+00	1	2.00600000e+04	2.00600000e+04	9.90000000e-01	1	2.02626263e+04	2.00613375e+04	2.00623406e+02	1.15829977e+02	1.98607141e+04	2.02619609e+04
3.05500000e+02	2.01000000e+04	1.01000000e+00	1	1.99009901e+04	2.01000000e+04	1.00000000e+00	1	2.01000000e+04	2.01000000e+04	9.90000000e-01	1	2.03030303e+04	2.01013401e+04	2.01023452e+02	1.16060944e+02	1.99003167e+04	2.03023636e+04
3.05600000e+02	2.01300000e+04	1.01000000e+00	1	1.99306931e+04	2.01300000e+04	1.00000000e+00	1	2.01300000e+04	2.01300000e+04	9.90000000e-01	1	2.03333333e+04	2.01313421e+04	2.01323487e+02	1.16234170e+02	1.99300186e+04	2.03326656e+04
3.05700000e+02	2.01700000e+04	1.01000000e+00	1	1.99702970e+04	2.01700000e+04	1.00000000e+00	1	2.01700000e+04	2.01700000e+04	9.90000000e-01	1	2.03737374e+04	2.01713448e+04	2.01723534e+02	1.16465137e+02	1.99696213e+04	2.03730683e+04
3.05800000e+02	2.02000000e+04	1.01000000e+00	1	2.00000000e+04	2.02000000e+04	1.00000000e+00	1	2.02000000e+04	2.02000000e+04	9.90000000e-01	1	2.04040404e+04	2.02013468e+04	2.02023569e+02	1.16638362e+02	1.99993232e+04	2.04033704e+04
3.05900000e+02	2.02400000e+04	1.01000000e+00	1	2.00396040e+04	2.02400000e+04	1.00000000e+00	1	2.02400000e+04	2.02400000e+04	9.90000000e-01	1	2.04444444e+04	2.02413495e+04	2.02423616e+02	1.16869329e+02	2.00389259e+04	2.04437731e+04
3.06000000e+02	2.02700000e+04	1.01000000e+00	1	2.00693069e+04	2.02700000e+04	1.00000000e+00	1	2.02700000e+04	2.02700000e+04	9.90000000e-01	1	2.04747475e+04	2.02713515e+04	2.02723651e+02	1.17042554e+02	2.00686278e+04	2.04740751e+04
3.06100000e+02	2.03100000e+04	1.01000000e+00	1	2.01089109e+04	2.03100000e+04	1.00000000e+00	1	2.03100000e+04	2.03100000e+04	9.90000000e-01	1	2.05151515e+04	2.03113541e+04	2.03123697e+02	1.17273521e+02	2.01082304e+04	2.05144778e+04
3.06200000e+02	2.03300000e+04	1.01000000e+00	1	2.01287129e+04	2.03300000e+04	1.00000000e+00	1	2.03300000e+04	2.03300000e+04	9.90000000e-01	1	2.05353535e+04	2.03313555e+04	2.03323721e+02	1.17389005e+02	2.01280317e+04	2.05346792e+04
3.06300000e+02	2.03700000e+04	1.01000000e+00	1	2.01683168e+04	2.03700000e+04	1.00000000e+00	1	2.03700000e+04	2.03700000e+04	9.90000000e-01	1	2.05757576e+04	2.03713581e+04	2.03723767e+02	1.17619972e+02	2.01676344e+04	2.05750819e+04
3.06400000e+02	2.04100000e+04	1.01000000e+00	1	2.02079208e+04	2.04100000e+04	1.00000000e+00	1	2.04100000e+04	2.04100000e+04	9.90000000e-01	1	2.06161616e+04	2.04113608e+04	2.04123814e+02	1.17850939e+02	2.02072370e+04	2.06154846e+04
3.06500000e+02	2.04400000e+04	1.01000000e+00	1	2.02376238e+04	2.04400000e+04	1.00000000e+00	1	2.04400000e+04	2.04400000e+04	9.90000000e-01	1	2.06464646e+04	2.04413628e+04	2.04423849e+02	1.18024164e+02	2.02369390e+04	2.06457867e+04
3.06600000e+02	2.04800000e+04	1.01000000e+00	1	2.02772277e+04	2.04800000e+04	1.00000000e+00	1	2.04800000e+04	2.04800000e+04	9.90000000e-01	1	2.06868687e+04	2.04813655e+04	2.04823896e+02	1.18255131e+02	2.02765416e+04	2.06861894e+04
3.06700000e+02	2.05000000e+04	1.01000000e+00	1	2.02970297e+04	2.05000000e+04	1.00000000e+00	1	2.05000000e+04	2.05000000e+04	9.90000000e-01	1	2.07070707e+04	2.05013668e+04	2.05023919e+02	1.18370615e+02	2.02963429e+04	2.07063907e+04
3.06800000e+02	2.05400000e+04	1.01000000e+00	1	2.03366337e+04	2.05400000e+04	1.00000000e+00	1	2.05400000e+04	2.05400000e+04	9.90000000e-01	1	2.07474747e+04	2.05413695e+04	2.05423966e+02	1.18601582e+02	2.03359455e+04	2.07467934e+04
3.06900000e+02	2.05700000e+04	1.01000000e+00	1	2.03663366e+04	2.05700000e+04	1.00000000e+00	1	2.05700000e+04	2.05700000e+04	9.90000000e-01	1	2.07777778e+04	2.05713715e+04	2.05724001e+02	1.18774807e+02	2.03656475e+04	2.07770955e+04
3.07000000e+02	2.06000000e+04	1.01000000e+00	1	2.03960396e+04	2.06000000e+04	1.00000000e+00	1	2.06000000e+04	2.06000000e+04	9.90000000e-01	1	2.08080808e+04	2.06013735e+04	2.06024036e+02	1.18948032e+02	2.03953494e+04	2.08073975e+04
3.07100000e+02	2.06400000e+04	1.01000000e+00	1	2.04356436e+04	2.06400000e+04	1.00000000e+00	1	2.06400000e+04	2.06400000e+04	9.90000000e-01	1	2.08484848e+04	2.06413761e+04	2.06424082e+02	1.19179000e+02	2.04349521e+04	2.08478002e+04
3.07200000e+02	2.06700000e+04	1.01000000e+00	1	2.04653465e+04	2.06700000e+04	1.00000000e+00	1	2.06700000e+04	2.06700000e+04	9.90000000e-01	1	2.08787879e+04	2.06713781e+04	2.06724117e+02	1.19352225e+02	2.04646540e+04	2.08781023e+04
3.07300000e+02	2.07100000e+04	1.01000000e+00	1	2.05049505e+04	2.07100000e+04	1.00000000e+00	1	2.07100000e+04	2.07100000e+04	9.90000000e-01	1	2.09191919e+04	2.07113808e+04	2.07124164e+02	1.19583192e+02	2.05042566e+04	2.09185050e+04
3.07400000e+02	2.07400000e+04	1.01000000e+00	1	2.05346535e+04	2.07400000e+04	1.00000000e+00	1	2.07400000e+04	2.07400000e+04	9.90000000e-01	1	2.09494949e+04	2.07413828e+04	2.07424199e+02	1.19756417e+02	2.05339586e+04	2.09488070e+04
3.07500000e+02	2.07700000e+04	1.01000000e+00	1	2.05643564e+04	2.07700000e+04	1.00000000e+00	1	2.07700000e+04	2.07700000e+04	9.90000000e-01	1	2.09797980e+04	2.07713848e+04	2.07724234e+02	1.19929642e+02	2.05636606e+04	2.09791090e+04
3.07600000e+02	2.08100000e+04	1.01000000e+00	1	2.06039604e+04	2.08100000e+04	1.00000000e+00	1	2.08100000e+04	2.08100000e+04	9.90000000e-01	1	2.10202020e+04	2.08113875e+04	2.08124281e+02	1.20160610e+02	2.06032632e+04	2.10195118e+04
3.07700000e+02	2.08400000e+04	1.01000000e+00	1	2.06336634e+04	2.08400000e+04	1.00000000e+00	1	2.08400000e+04	2.08400000e+04	9.90000000e-01	1	2.10505051e+04	2.08413895e+04	2.08424316e+02	1.20333835e+02	2.06329652e+04	2.10498138e+04
3.07800000e+02	2.08600000e+04	1.01000000e+00	1	2.06534653e+04	2.08600000e+04	1.00000000e+00	1	2.08600000e+04	2.08600000e+04	9.90000000e-01	1	2.10707071e+04	2.08613908e+04	2.08624339e+02	1.20449318e+02	2.06527665e+04	2.10700151e+04
3.07900000e+02	2.09000000e+04	1.01000000e+00	1	2.06930693e+04	2.09000000e+04	1.00000000e+00	1	2.09000000e+04	2.09000000e+04	9.90000000e-01	1	2.11111111e+04	2.09013935e+04	2.09024386e+02	1.20680285e+02	2.06923691e+04	2.11104179e+04
3.08000000e+02	2.09300000e+04	1.01000000e+00	1	2.07227723e+04	2.09300000e+04	1.00000000e+00	1	2.09300000e+04	2.09300000e+04	9.90000000e-01	1	2.11414141e+04	2.09313955e+04	2.09324421e+02	1.20853511e+02	2.07220711e+04	2.11407199e+04
3.08100000e+02	2.09600000e+04	1.01000000e+00	1	2.07524752e+04	2.09600000e+04	1.00000000e+00	1	2.09600000e+04	2.09600000e+04	9.90000000e-01	1	2.11717172e+04	2.09613975e+04	2.09624456e+02	1.21026736e+02	2.07517730e+04	2.11710219e+04
3.08200000e+02	2.09900000e+04	1.01000000e+00	1	2.07821782e+04	2.09900000e+04	1.00000000e+00	1	2.09900000e+04	2.09900000e+04	9.90000000e-01	1	2.12020202e+04	2.09913995e+04	2.09924491e+02	1.21199961e+02	2.07814750e+04	2.12013240e+04
3.08300000e+02	2.10200000e+04	1.01000000e+00	1	2.08118812e+04	2.10200000e+04	1.00000000e+00	1	2.10200000e+04	2.10200000e+04	9.90000000e-01	1	2.12323232e+04	2.10214015e+04	2.10224526e+02	1.21373187e+02	2.08111769e+04	2.12316260e+04
3.08400000e+02	2.10600000e+04	1.01000000e+00	1	2.08514851e+04	2.10600000e+04	1.00000000e+00	1	2.10600000e+04	2.10600000e+04	9.90000000e-01	1	2.12727273e+04	2.10614041e+04	2.10624572e+02	1.21604154e+02	2.08507796e+04	2.12720287e+04
3.08500000e+02	2.10900000e+04	1.01000000e+00	1	2.08811881e+04	2.10900000e+04	1.00000000e+00	1	2.10900000e+04	2.10900000e+04	9.90000000e-01	1	2.13030303e+04	2.10914061e+04	2.10924607e+02	1.21777379e+02	2.08804815e+04	2.13023307e+04
3.08600000e+02	2.11200000e+04	1.01000000e+00	1	2.09108911e+04	2.11200000e+04	1.00000000e+00	1	2.11200000e+04	2.11200000e+04	9.90000000e-01	1	2.13333333e+04	2.11214081e+04	2.11224642e+02	1.21950604e+02	2.09101835e+04	2.13326328e+04
3.08700000e+02	2.11600000e+04	1.01000000e+00	1	2.09504950e+04	2.11600000e+04	1.00000000e+00	1	2.11600000e+04	2.11600000e+04	9.90000000e-01	1	2.13737374e+04	2.11614108e+04	2.11624689e+02	1.22181571e+02	2.09497861e+04	2.13730355e+04
3.08800000e+02	2.11900000e+04	1.01000000e+00	1	2.09801980e+04	2.11900000e+04	1.00000000e+00	1	2.11900000e+04	2.11900000e+04	9.90000000e-01	1	2.14040404e+04	2.11914128e+04	2.11924724e+02	1.22354797e+02	2.09794881e+04	2.14033375e+04
3.08900000e+02	2.12100000e+04	1.01000000e+00	1	2.10000000e+04	2.12100000e+04	1.00000000e+00	1	2.12100000e+04	2.12100000e+04	9.90000000e-01	1	2.14242424e+04	2.12114141e+04	2.12124747e+02	1.22470280e+02	2.09992894e+04	2.14235389e+04
3.09000000e+02	2.12500000e+04	1.01000000e+00	1	2.10396040e+04	2.12500000e+04	1.00000000e+00	1	2.12500000e+04	2.12500000e+04	9.90000000e-01	1	2.14646465e+04	2.12514168e+04	2.12524794e+02	1.22701247e+02	2.10388920e+04	2.14639416e+04
3.09100000e+02	2.12800000e+04	1.01000000e+00	1	2.10693069e+04	2.12800000e+04	1.00000000e+00	1	2.12800000e+04	2.12800000e+04	9.90000000e-01	1	2.14949495e+04	2.12814188e+04	2.12824829e+02	1.22874472e+02	2.10685940e+04	2.14942436e+04
3.09200000e+02	2.13100000e+04	1.01000000e+00	1	2.10990099e+04	2.13100000e+04	1.00000000e+00	1	2.13100000e+04	2.13100000e+04	9.90000000e-01	1	2.15252525e+04	2.13114208e+04	2.13124864e+02	1.23047698e+02	2.10982959e+04	2.15245457e+04
3.09300000e+02	2.13400000e+04	1.01000000e+00	1	2.11287129e+04	2.13400000e+04	1.00000000e+00	1	2.13400000e+04	2.13400000e+04	9.90000000e-01	1	2.15555556e+04	2.13414228e+04	2.13424899e+02	1.23220923e+02	2.11279979e+04	2.15548477e+04
3.09400000e+02	2.13700000e+04	1.01000000e+00	1	2.11584158e+04	2.13700000e+04	1.00000000e+00	1	2.13700000e+04	2.13700000e+04	9.90000000e-01	1	2.15858586e+04	2.13714248e+04	2.13724934e+02	1.23394148e+02	2.11576999e+04	2.15851497e+04
3.09500000e+02	2.14000000e+04	1.01000000e+00	1	2.11881188e+04	2.14000000e+04	1.00000000e+00	1	2.14000000e+04	2.14000000e+04	9.90000000e-01	1	2.16161616e+04	2.14014268e+04	2.14024969e+02	1.23567374e+02	2.11874018e+04	2.16154518e+04
3.09600000e+02	2.14400000e+04	1.01000000e+00	1	2.12277228e+04	2.14400000e+04	1.00000000e+00	1	2.14400000e+04	2.14400000e+04	9.90000000e-01	1	2.16565657e+04	2.14414295e+04	2.14425016e+02	1.23798341e+02	2.12270045e+04	2.16558545e+04
3.09700000e+02	2.14600000e+04	1.01000000e+00	1	2.12475248e+04	2.14600000e+04	1.00000000e+00	1	2.14600000e+04	2.14600000e+04	9.90000000e-01	1	2.16767677e+04	2.14614308e+04	2.14625039e+02	1.23913824e+02	2.12468058e+04	2.16760558e+04
3.09800000e+02	2.14900000e+04	1.01000000e+00	1	2.12772277e+04	2.14900000e+04	1.00000000e+00	1	2.14900000e+04	2.14900000e+04	9.90000000e-01	1	2.17070707e+04	2.14914328e+04	2.14925074e+02	1.24087049e+02	2.12765077e+04	2.17063579e+04
3.09900000e+02	2.15200000e+04	1.01000000e+00	1	2.13069307e+04	2.15200000e+04	1.00000000e+00	1	2.15200000e+04	2.15200000e+04	9.90000000e-01	1	2.17373737e+04	2.15214348e+04	2.15225109e+02	1.24260275e+02	2.13062097e+04	2.17366599e+04
3.10000000e+02	2.15600000e+04	1.01000000e+00	1	2.13465347e+04	2.15600000e+04	1.00000000e+00	1	2.15600000e+04	2.15600000e+04	9.90000000e-01	1	2.17777778e+04	2.15614375e+04	2.15625156e+02	1.24491242e+02	2.13458123e+04	2.17770626e+04
3.10100000e+02	2.15900000e+04	1.01000000e+00	1	2.13762376e+04	2.15900000e+04	1.00000000e+00	1	2.15900000e+04	2.15900000e+04	9.90000000e-01	1	2.18080808e+04	2.15914395e+04	2.15925191e+02	1.24664467e+02	2.13755143e+04	2.18073647e+04
3.10200000e+02	2.16100000e+04	1.01000000e+00	1	2.13960396e+04	2.16100000e+04	1.00000000e+00	1	2.16100000e+04	2.16100000e+04	9.90000000e-01	1	2.18282828e+04	2.16114408e+04	2.16125214e+02	1.24779951e+02	2.13953156e+04	2.18275660e+04
3.10300000e+02	2.16500000e+04	1.01000000e+00	1	2.14356436e+04	2.16500000e+04	1.00000000e+00	1	2.16500000e+04	2.16500000e+04	9.90000000e-01	1	2.18686869e+04	2.16514435e+04	2.16525261e+02	1.25010918e+02	2.14349182e+04	2.18679687e+04
3.10400000e+02	2.16700000e+04	1.01000000e+00	1	2.14554455e+04	2.16700000e+04	1.00000000e+00	1	2.16700000e+04	2.16700000e+04	9.90000000e-01	1	2.18888889e+04	2.16714448e+04	2.16725284e+02	1.25126401e+02	2.14547195e+04	2.18881701e+04
3.10500000e+02	2.17000000e+04	1.01000000e+00	1	2.14851485e+04	2.17000000e+04	1.00000000e+00	1	2.17000000e+04	2.17000000e+04	9.90000000e-01	1	2.19191919e+04	2.17014468e+04	2.17025319e+02	1.25299626e+02	2.14844215e+04	2.19184721e+04
3.10600000e+02	2.17400000e+04	1.01000000e+00	1	2.15247525e+04	2.17400000e+04	1.00000000e+00	1	2.17400000e+04	2.17400000e+04	9.90000000e-01	1	2.19595960e+04	2.17414495e+04	2.17425366e+02	1.25530593e+02	2.15240241e+04	2.19588748e+04
3.10700000e+02	2.17700000e+04	1.01000000e+00	1	2.15544554e+04	2.17700000e+04	1.00000000e+00	1	2.17700000e+04	2.17700000e+04	9.90000000e-01	1	2.19898990e+04	2.17714515e+04	2.17725401e+02	1.25703819e+02	2.15537261e+04	2.19891769e+04
3.10800000e+02	2.17800000e+04	1.01000000e+00	1	2.15643564e+04	2.17800000e+04	1.00000000e+00	1	2.17800000e+04	2.17800000e+04	9.90000000e-01	1	2.20000000e+04	2.17814521e+04	2.17825413e+02	1.25761561e+02	2.15636267e+04	2.19992776e+04
3.10900000e+02	2.18200000e+04	1.01000000e+00	1	2.16039604e+04	2.18200000e+04	1.00000000e+00	1	2.18200000e+04	2.18200000e+04	9.90000000e-01	1	2.20404040e+04	2.18214548e+04	2.18225459e+02	1.25992528e+02	2.16032294e+04	2.20396803e+04
3.11000000e+02	2.18600000e+04	1.01000000e+00	1	2.16435644e+04	2.18600000e+04	1.00000000e+00	1	2.18600000e+04	2.18600000e+04	9.90000000e-01	1	2.20808081e+04	2.18614575e+04	2.18625506e+02	1.26223495e+02	2.16428320e+04	2.20800830e+04
3.11100000e+02	2.18900000e+04	1.01000000e+00	1	2.16732673e+04	2.18900000e+04	1.00000000e+00	1	2.18900000e+04	2.18900000e+04	9.90000000e-01	1	2.21111111e+04	2.18914595e+04	2.18925541e+02	1.26396720e+02	2.16725339e+04	2.21103850e+04
3.11200000e+02	2.19200000e+04	1.01000000e+00	1	2.17029703e+04	2.19200000e+04	1.00000000e+00	1	2.19200000e+04	2.19200000e+04	9.90000000e-01	1	2.21414141e+04	2.19214615e+04	2.19225576e+02	1.26569945e+02	2.17022359e+04	2.21406871e+04
3.11300000e+02	2.19500000e+04	1.01000000e+00	1	2.17326733e+04	2.19500000e+04	1.00000000e+00	1	2.19500000e+04	2.19500000e+04	9.90000000e-01	1	2.21717172e+04	2.19514635e+04	2.19525611e+02	1.26743171e+02	2.17319379e+04	2.21709891e+04
3.11400000e+02	2.19800000e+04	1.01000000e+00	1	2.17623762e+04	2.19800000e+04	1.00000000e+00	1	2.19800000e+04	2.19800000e+04	9.90000000e-01	1	2.22020202e+04	2.19814655e+04	2.19825646e+02	1.26916396e+02	2.17616398e+04	2.22012911e+04
3.11500000e+02	2.20000000e+04	1.01000000e+00	1	2.17821782e+04	2.20000000e+04	1.00000000e+00	1	2.20000000e+04	2.20000000e+04	9.90000000e-01	1	2.22222222e+04	2.20014668e+04	2.20025669e+02	1.27031879e+02	2.17814411e+04	2.22214925e+04
3.11600000e+02	2.20400000e+04	1.01000000e+00	1	2.18217822e+04	2.20400000e+04	1.00000000e+00	1	2.20400000e+04	2.20400000e+04	9.90000000e-01	1	2.22626263e+04	2.20414695e+04	2.20425716e+02	1.27262846e+02	2.18210438e+04	2.22618952e+04
3.11700000e+02	2.20600000e+04	1.01000000e+00	1	2.18415842e+04	2.20600000e+04	1.00000000e+00	1	2.20600000e+04	2.20600000e+04	9.90000000e-01	1	2.22828283e+04	2.20614708e+04	2.20625739e+02	1.27378330e+02	2.18408451e+04	2.22820966e+04
3.11800000e+02	2.20800000e+04	1.01000000e+00	1	2.18613861e+04	2.20800000e+04	1.00000000e+00	1	2.20800000e+04	2.20800000e+04	9.90000000e-01	1	2.23030303e+04	2.20814721e+04	2.20825763e+02	1.27493813e+02	2.18606464e+04	2.23022979e+04
3.11900000e+02	2.21200000e+04	1.01000000e+00	1	2.19009901e+04	2.21200000e+04	1.00000000e+00	1	2.21200000e+04	2.21200000e+04	9.90000000e-01	1	2.23434343e+04	2.21214748e+04	2.21225809e+02	1.27724781e+02	2.19002490e+04	2.23427006e+04
3.12000000e+02	2.21400000e+04	1.01000000e+00	1	2.19207921e+04	2.21400000e+04	1.00000000e+00	1	2.21400000e+04	2.21400000e+04	9.90000000e-01	1	2.23636364e+04	2.21414761e+04	2.21425833e+02	1.27840264e+02	2.19200503e+04	2.23629020e+04
3.12100000e+02	2.21700000e+04	1.01000000e+00	1	2.19504950e+04	2.21700000e+04	1.00000000e+00	1	2.21700000e+04	2.21700000e+04	9.90000000e-01	1	2.23939394e+04	2.21714781e+04	2.21725868e+02	1.28013489e+02	2.19497523e+04	2.23932040e+04
3.12200000e+02	2.22000000e+04	1.01000000e+00	1	2.19801980e+04	2.22000000e+04	1.00000000e+00	1	2.22000000e+04	2.22000000e+04	9.90000000e-01	1	2.24242424e+04	2.22014801e+04	2.22025903e+02	1.28186715e+02	2.19794542e+04	2.24235061e+04
3.12300000e+02	2.22300000e+04	1.01000000e+00	1	2.20099010e+04	2.22300000e+04	1.00000000e+00	1	2.22300000e+04	2.22300000e+04	9.90000000e-01	1	2.24545455e+04	2.22314821e+04	2.22325938e+02	1.28359940e+02	2.20091562e+04	2.24538081e+04
3.12400000e+02	2.22500000e+04	1.01000000e+00	1	2.20297030e+04	2.22500000e+04	1.00000000e+00	1	2.22500000e+04	2.22500000e+04	9.90000000e-01	1	2.24747475e+04	2.22514835e+04	2.22525961e+02	1.28475423e+02	2.20289575e+04	2.24740094e+04
3.12500000e+02	2.22700000e+04	1.01000000e+00	1	2.20495050e+04	2.22700000e+04	1.00000000e+00	1	2.22700000e+04	2.22700000e+04	9.90000000e-01	1	2.24949495e+04	2.22714848e+04	2.22725984e+02	1.28590907e+02	2.20487588e+04	2.24942108e+04
3.12600000e+02	2.23100000e+04	1.01000000e+00	1	2.20891089e+04	2.23100000e+04	1.00000000e+00	1	2.23100000e+04	2.23100000e+04	9.90000000e-01	1	2.25353535e+04	2.23114875e+04	2.23126031e+02	1.28821874e+02	2.20883615e+04	2.25346135e+04
3.12700000e+02	2.23300000e+04	1.01000000e+00	1	2.21089109e+04	2.23300000e+04	1.00000000e+00	1	2.23300000e+04	2.23300000e+04	9.90000000e-01	1	2.25555556e+04	2.23314888e+04	2.23326054e+02	1.28937358e+02	2.21081628e+04	2.25548149e+04
3.12800000e+02	2.23600000e+04	1.01000000e+00	1	2.21386139e+04	2.23600000e+04	1.00000000e+00	1	2.23600000e+04	2.23600000e+04	9.90000000e-01	1	2.25858586e+04	2.23614908e+04	2.23626089e+02	1.29110583e+02	2.21378647e+04	2.25851169e+04
3.12900000e+02	2.23900000e+04	1.01000000e+00	1	2.21683168e+04	2.23900000e+04	1.00000000e+00	1	2.23900000e+04	2.23900000e+04	9.90000000e-01	1	2.26161616e+04	2.23914928e+04	2.23926124e+02	1.29283808e+02	2.21675667e+04	2.26154189e+04
3.13000000e+02	2.24000000e+04	1.01000000e+00	1	2.21782178e+04	2.24000000e+04	1.00000000e+00	1	2.24000000e+04	2.24000000e+04	9.90000000e-01	1	2.26262626e+04	2.24014935e+04	2.24026136e+02	1.29341550e+02	2.21774673e+04	2.26255196e+04
3.13100000e+02	2.24300000e+04	1.01000000e+00	1	2.22079208e+04	2.24300000e+04	1.00000000e+00	1	2.24300000e+04	2.24300000e+04	9.90000000e-01	1	2.26565657e+04	2.24314955e+04	2.24326171e+02	1.29514775e+02	2.22071693e+04	2.26558217e+04
3.13200000e+02	2.24600000e+04	1.01000000e+00	1	2.22376238e+04	2.24600000e+04	1.00000000e+00	1	2.24600000e+04	2.24600000e+04	9.90000000e-01	1	2.26868687e+04	2.24614975e+04	2.24626206e+02	1.29688000e+02	2.22368713e+04	2.26861237e+04
3.13300000e+02	2.24800000e+04	1.01000000e+00	1	2.22574257e+04	2.24800000e+04	1.00000000e+00	1	2.24800000e+04	2.24800000e+04	9.90000000e-01	1	2.27070707e+04	2.24814988e+04	2.24826229e+02	1.29803484e+02	2.22566726e+04	2.27063250e+04
3.13400000e+02	2.25000000e+04	1.01000000e+00	1	2.22772277e+04	2.25000000e+04	1.00000000e+00	1	2.25000000e+04	2.25000000e+04	9.90000000e-01	1	2.27272727e+04	2.25015002e+04	2.25026253e+02	1.29918968e+02	2.22764739e+04	2.27265264e+04
3.13500000e+02	2.25100000e+04	1.01000000e+00	1	2.22871287e+04	2.25100000e+04	1.00000000e+00	1	2.25100000e+04	2.25100000e+04	9.90000000e-01	1	2.27373737e+04	2.25115008e+04	2.25126264e+02	1.29976709e+02	2.22863746e+04	2.27366271e+04
3.13600000e+02	2.25400000e+04	1.01000000e+00	1	2.23168317e+04	2.25400000e+04	1.00000000e+00	1	2.25400000e+04	2.25400000e+04	9.90000000e-01	1	2.27676768e+04	2.25415028e+04	2.25426299e+02	1.30149935e+02	2.23160765e+04	2.27669291e+04
3.13700000e+02	2.25800000e+04	1.01000000e+00	1	2.23564356e+04	2.25800000e+04	1.00000000e+00	1	2.25800000e+04	2.25800000e+04	9.90000000e-01	1	2.28080808e+04	2.25815055e+04	2.25826346e+02	1.30380902e+02	2.23556791e+04	2.28073318e+04
3.13800000e+02	2.25900000e+04	1.01000000e+00	1	2.23663366e+04	2.25900000e+04	1.00000000e+00	1	2.25900000e+04	2.25900000e+04	9.90000000e-01	1	2.28181818e+04	2.25915062e+04	2.25926358e+02	1.30438643e+02	2.23655798e+04	2.28174325e+04
3.13900000e+02	2.26200000e+04	1.01000000e+00	1	2.23960396e+04	2.26200000e+04	1.00000000e+00	1	2.26200000e+04	2.26200000e+04	9.90000000e-01	1	2.28484848e+04	2.26215082e+04	2.26226393e+02	1.30611869e+02	2.23952818e+04	2.28477345e+04
3.14000000e+02	2.26300000e+04	1.01000000e+00	1	2.24059406e+04	2.26300000e+04	1.00000000e+00	1	2.26300000e+04	2.26300000e+04	9.90000000e-01	1	2.28585859e+04	2.26315088e+04	2.26326404e+02	1.30669610e+02	2.24051824e+04	2.28578352e+04
3.14100000e+02	2.26500000e+04	1.01000000e+00	1	2.24257426e+04	2.26500000e+04	1.00000000e+00	1	2.26500000e+04	2.26500000e+04	9.90000000e-01	1	2.28787879e+04	2.26515102e+04	2.26526428e+02	1.30785094e+02	2.24249837e+04	2.28780366e+04
3.14200000e+02	2.26700000e+04	1.01000000e+00	1	2.24455446e+04	2.26700000e+04	1.00000000e+00	1	2.26700000e+04	2.26700000e+04	9.90000000e-01	1	2.28989899e+04	2.26715115e+04	2.26726451e+02	1.30900577e+02	2.24447850e+04	2.28982379e+04
3.14300000e+02	2.26900000e+04	1.01000000e+00	1	2.24653465e+04	2.26900000e+04	1.00000000e+00	1	2.26900000e+04	2.26900000e+04	9.90000000e-01	1	2.29191919e+04	2.26915128e+04	2.26926474e+02	1.31016061e+02	2.24645863e+04	2.29184393e+04
3.14400000e+02	2.27100000e+04	1.01000000e+00	1	2.24851485e+04	2.27100000e+04	1.00000000e+00	1	2.27100000e+04	2.27100000e+04	9.90000000e-01	1	2.29393939e+04	2.27115142e+04	2.27126498e+02	1.31131545e+02	2.24843877e+04	2.29386406e+04
3.14500000e+02	2.27200000e+04	1.01000000e+00	1	2.24950495e+04	2.27200000e+04	1.00000000e+00	1	2.27200000e+04	2.27200000e+04	9.90000000e-01	1	2.29494949e+04	2.27215148e+04	2.27226509e+02	1.31189286e+02	2.24942883e+04	2.29487413e+04
3.14600000e+02	2.27500000e+04	1.01000000e+00	1	2.25247525e+04	2.27500000e+04	1.00000000e+00	1	2.27500000e+04	2.27500000e+04	9.90000000e-01	1	2.29797980e+04	2.27515168e+04	2.27526544e+02	1.31362512e+02	2.25239903e+04	2.29790434e+04
3.14700000e+02	2.27600000e+04	1.01000000e+00	1	2.25346535e+04	2.27600000e+04	1.00000000e+00	1	2.27600000e+04	2.27600000e+04	9.90000000e-01	1	2.29898990e+04	2.27615175e+04	2.27626556e+02	1.31420253e+02	2.25338909e+04	2.29891440e+04
3.14800000e+02	2.27800000e+04	1.01000000e+00	1	2.25544554e+04	2.27800000e+04	1.00000000e+00	1	2.27800000e+04	2.27800000e+04	9.90000000e-01	1	2.30101010e+04	2.27815188e+04	2.27826579e+02	1.31535737e+02	2.25536922e+04	2.30093454e+04
3.14900000e+02	2.28000000e+04	1.01000000e+00	1	2.25742574e+04	2.28000000e+04	1.00000000e+00	1	2.28000000e+04	2.28000000e+04	9.90000000e-01	1	2.30303030e+04	2.28015202e+04	2.28026603e+02	1.31651220e+02	2.25734935e+04	2.30295468e+04
3.15000000e+02	2.28100000e+04	1.01000000e+00	1	2.25841584e+04	2.28100000e+04	1.00000000e+00	1	2.28100000e+04	2.28100000e+04	9.90000000e-01	1	2.30404040e+04	2.28115208e+04	2.28126614e+02	1.31708962e+02	2.25833942e+04	2.30396474e+04
3.15100000e+02	2.28100000e+04	1.01000000e+00	1	2.25841584e+04	2.28100000e+04	1.00000000e+00	1	2.28100000e+04	2.28100000e+04	9.90000000e-01	1	2.30404040e+04	2.28115208e+04	2.28126614e+02	1.31708962e+02	2.25833942e+04	2.30396474e+04
3.15200000e+02	2.28400000e+04	1.01000000e+00	1	2.26138614e+04	2.28400000e+04	1.00000000e+00	1	2.28400000e+04	2.28400000e+04	9.90000000e-01	1	2.30707071e+04	2.28415228e+04	2.28426649e+02	1.31882187e+02	2.26130962e+04	2.30699495e+04
3.15300000e+02	2.28600000e+04	1.01000000e+00	1	2.26336634e+04	2.28600000e+04	1.00000000e+00	1	2.28600000e+04	2.28600000e+04	9.90000000e-01	1	2.30909091e+04	2.28615242e+04	2.28626673e+02	1.31997671e+02	2.26328975e+04	2.30901508e+04
3.15400000e+02	2.28600000e+04	1.01000000e+00	1	2.26336634e+04	2.28600000e+04	1.00000000e+00	1	2.28600000e+04	2.28600000e+04	9.90000000e-01	1	2.30909091e+04	2.28615242e+04	2.28626673e+02	1.31997671e+02	2.26328975e+04	2.30901508e+04
3.15500000e+02	2.28700000e+04	1.01000000e+00	1	2.26435644e+04	2.28700000e+04	1.00000000e+00	1	2.28700000e+04	2.28700000e+04	9.90000000e-01	1	2.31010101e+04	2.28715248e+04	2.28726684e+02	1.32055413e+02	2.26427981e+04	2.31002515e+04
3.15600000e+02	2.28700000e+04	1.01000000e+00	1	2.26435644e+04	2.28700000e+04	1.00000000e+00	1	2.28700000e+04	2.28700000e+04	9.90000000e-01	1	2.31010101e+04	2.28715248e+04	2.28726684e+02	1.32055413e+02	2.26427981e+04	2.31002515e+04
3.15700000e+02	2.28900000e+04	1.01000000e+00	1	2.26633663e+04	2.28900000e+04	1.00000000e+00	1	2.28900000e+04	2.28900000e+04	9.90000000e-01	1	2.31212121e+04	2.28915262e+04	2.28926708e+02	1.32170896e+02	2.26625994e+04	2.31204529e+04
3.15800000e+02	2.28900000e+04	1.01000000e+00	1	2.26633663e+04	2.28900000e+04	1.00000000e+00	1	2.28900000e+04	2.28900000e+04	9.90000000e-01	1	2.31212121e+04	2.28915262e+04	2.28926708e+02	1.32170896e+02	2.26625994e+04	2.31204529e+04
3.15900000e+02	2.29200000e+04	1.01000000e+00	1	2.26930693e+04	2.29200000e+04	1.00000000e+00	1	2.29200000e+04	2.29200000e+04	9.90000000e-01	1	2.31515152e+04	2.29215282e+04	2.29226743e+02	1.32344122e+02	2.26923014e+04	2.31507549e+04
3.16000000e+02	2.29100000e+04	1.01000000e+00	1	2.26831683e+04	2.29100000e+04	1.00000000e+00	1	2.29100000e+04	2.29100000e+04	9.90000000e-01	1	2.31414141e+04	2.29115275e+04	2.29126731e+02	1.32286380e+02	2.26824008e+04	2.31406542e+04
3.16100000e+02	2.29200000e+04	1.01000000e+00	1	2.26930693e+04	2.29200000e+04	1.00000000e+00	1	2.29200000e+04	2.29200000e+04	9.90000000e-01	1	2.31515152e+04	2.29215282e+04	2.29226743e+02	1.32344122e+02	2.26923014e+04	2.31507549e+04
3.16200000e+02	2.29300000e+04	1.01000000e+00	1	2.27029703e+04	2.29300000e+04	1.00000000e+00	1	2.29300000e+04	2.29300000e+04	9.90000000e-01	1	2.31616162e+04	2.29315288e+04	2.29326754e+02	1.32401863e+02	2.27022021e+04	2.31608556e+04
3.16300000e+02	2.29300000e+04	1.01000000e+00	1	2.27029703e+04	2.29300000e+04	1.00000000e+00	1	2.29300000e+04	2.29300000e+04	9.90000000e-01	1	2.31616162e+04	2.29315288e+04	2.29326754e+02	1.32401863e+02	2.27022021e+04	2.31608556e+04
3.16400000e+02	2.29300000e+04	1.01000000e+00	1	2.27029703e+04	2.29300000e+04	1.00000000e+00	1	2.29300000e+04	2.29300000e+04	9.90000000e-01	1	2.31616162e+04	2.29315288e+04	2.29326754e+02	1.32401863e+02	2.27022021e+04	2.31608556e+04
3.16500000e+02	2.29300000e+04	1.01000000e+00	1	2.27029703e+04	2.29300000e+04	1.00000000e+00	1	2.29300000e+04	2.29300000e+04	9.90000000e-01	1	2.31616162e+04	2.29315288e+04	2.29326754e+02	1.32401863e+02	2.27022021e+04	2.31608556e+04
3.16600000e+02	2.29400000e+04	1.01000000e+00	1	2.27128713e+04	2.29400000e+04	1.00000000e+00	1	2.29400000e+04	2.29400000e+04	9.90000000e-01	1	2.31717172e+04	2.29415295e+04	2.29426766e+02	1.32459605e+02	2.27121027e+04	2.31709563e+04
3.16700000e+02	2.29400000e+04	1.01000000e+00	1	2.27128713e+04	2.29400000e+04	1.00000000e+00	1	2.29400000e+04	2.29400000e+04	9.90000000e-01	1	2.31717172e+04	2.29415295e+04	2.29426766e+02	1.32459605e+02	2.27121027e+04	2.31709563e+04
3.16800000e+02	2.29300000e+04	1.01000000e+00	1	2.27029703e+04	2.29300000e+04	1.00000000e+00	1	2.29300000e+04	2.29300000e+04	9.90000000e-01	1	2.31616162e+04	2.29315288e+04	2.29326754e+02	1.32401863e+02	2.27022021e+04	2.31608556e+04
3.16900000e+02	2.29500000e+04	1.01000000e+00	1	2.27227723e+04	2.29500000e+04	1.00000000e+00	1	2.29500000e+04	2.29500000e+04	9.90000000e-01	1	2.31818182e+04	2.29515302e+04	2.29526778e+02	1.32517347e+02	2.27220034e+04	2.31810569e+04
3.17000000e+02	2.29500000e+04	1.01000000e+00	1	2.27227723e+04	2.29500000e+04	1.00000000e+00	1	2.29500000e+04	2.29500000e+04	9.90000000e-01	1	2.31818182e+04	2.29515302e+04	2.29526778e+02	1.32517347e+02	2.27220034e+04	2.31810569e+04
3.17100000e+02	2.29400000e+04	1.01000000e+00	1	2.27128713e+04	2.29400000e+04	1.00000000e+00	1	2.29400000e+04	2.29400000e+04	9.90000000e-01	1	2.31717172e+04	2.29415295e+04	2.29426766e+02	1.32459605e+02	2.27121027e+04	2.31709563e+04
3.17200000e+02	2.29300000e+04	1.01000000e+00	1	2.27029703e+04	2.29300000e+04	1.00000000e+00	1	2.29300000e+04	2.29300000e+04	9.90000000e-01	1	2.31616162e+04	2.29315288e+04	2.29326754e+02	1.32401863e+02	2.27022021e+04	2.31608556e+04
3.17300000e+02	2.29400000e+04	1.01000000e+00	1	2.27128713e+04	2.29400000e+04	1.00000000e+00	1	2.29400000e+04	2.29400000e+04	9.90000000e-01	1	2.31717172e+04	2.29415295e+04	2.29426766e+02	1.32459605e+02	2.27121027e+04	2.31709563e+04
3.17400000e+02	2.29300000e+04	1.01000000e+00	1	2.27029703e+04	2.29300000e+04	1.00000000e+00	1	2.29300000e+04	2.29300000e+04	9.90000000e-01	1	2.31616162e+04	2.29315288e+04	2.29326754e+02	1.32401863e+02	2.27022021e+04	2.31608556e+04
3.17500000e+02	2.29200000e+04	1.01000000e+00	1	2.26930693e+04	2.29200000e+04	1.00000000e+00	1	2.29200000e+04	2.29200000e+04	9.90000000e-01	1	2.31515152e+04	2.29215282e+04	2.29226743e+02	1.32344122e+02	2.26923014e+04	2.31507549e+04
3.17600000e+02	2.29200000e+04	1.01000000e+00	1	2.26930693e+04	2.29200000e+04	1.00000000e+00	1	2.29200000e+04	2.29200000e+04	9.90000000e-01	1	2.31515152e+04	2.29215282e+04	2.29226743e+02	1.32344122e+02	2.26923014e+04	2.31507549e+04
3.17700000e+02	2.29000000e+04	1.01000000e+00	1	2.26732673e+04	2.29000000e+04	1.00000000e+00	1	2.29000000e+04	2.29000000e+04	9.90000000e-01	1	2.31313131e+04	2.29015268e+04	2.29026719e+02	1.32228638e+02	2.26725001e+04	2.31305535e+04
3.17800000e+02	2.29000000e+04	1.01000000e+00	1	2.26732673e+04	2.29000000e+04	1.00000000e+00	1	2.29000000e+04	2.29000000e+04	9.90000000e-01	1	2.31313131e+04	2.29015268e+04	2.29026719e+02	1.32228638e+02	2.26725001e+04	2.31305535e+04
3.17900000e+02	2.29000000e+04	1.01000000e+00	1	2.26732673e+04	2.29000000e+04	1.00000000e+00	1	2.29000000e+04	2.29000000e+04	9.90000000e-01	1	2.31313131e+04	2.29015268e+04	2.29026719e+02	1.32228638e+02	2.26725001e+04	2.31305535e+04
3.18000000e+02	2.28800000e+04	1.01000000e+00	1	2.26534653e+04	2.28800000e+04	1.00000000e+00	1	2.28800000e+04	2.28800000e+04	9.90000000e-01	1	2.31111111e+04	2.28815255e+04	2.28826696e+02	1.32113155e+02	2.26526988e+04	2.31103522e+04
3.18100000e+02	2.28700000e+04	1.01000000e+00	1	2.26435644e+04	2.28700000e+04	1.00000000e+00	1	2.28700000e+04	2.28700000e+04	9.90000000e-01	1	2.31010101e+04	2.28715248e+04	2.28726684e+02	1.32055413e+02	2.26427981e+04	2.31002515e+04
3.18200000e+02	2.28700000e+04	1.01000000e+00	1	2.26435644e+04	2.28700000e+04	1.00000000e+00	1	2.28700000e+04	2.28700000e+04	9.90000000e-01	1	2.31010101e+04	2.28715248e+04	2.28726684e+02	1.32055413e+02	2.26427981e+04	2.31002515e+04
3.18300000e+02	2.28600000e+04	1.01000000e+00	1	2.26336634e+04	2.28600000e+04	1.00000000e+00	1	2.28600000e+04	2.28600000e+04	9.90000000e-01	1	2.30909091e+04	2.28615242e+04	2.28626673e+02	1.31997671e+02	2.26328975e+04	2.30901508e+04
3.18400000e+02	2.28500000e+04	1.01000000e+00	1	2.26237624e+04	2.28500000e+04	1.00000000e+00	1	2.28500000e+04	2.28500000e+04	9.90000000e-01	1	2.30808081e+04	2.28515235e+04	2.28526661e+02	1.31939929e+02	2.26229968e+04	2.30800501e+04
3.18500000e+02	2.28300000e+04	1.01000000e+00	1	2.26039604e+04	2.28300000e+04	1.00000000e+00	1	2.28300000e+04	2.28300000e+04	9.90000000e-01	1	2.30606061e+04	2.28315222e+04	2.28326638e+02	1.31824446e+02	2.26031955e+04	2.30598488e+04
3.18600000e+02	2.28100000e+04	1.01000000e+00	1	2.25841584e+04	2.28100000e+04	1.00000000e+00	1	2.28100000e+04	2.28100000e+04	9.90000000e-01	1	2.30404040e+04	2.28115208e+04	2.28126614e+02	1.31708962e+02	2.25833942e+04	2.30396474e+04
3.18700000e+02	2.28000000e+04	1.01000000e+00	1	2.25742574e+04	2.28000000e+04	1.00000000e+00	1	2.28000000e+04	2.28000000e+04	9.90000000e-01	1	2.30303030e+04	2.28015202e+04	2.28026603e+02	1.31651220e+02	2.25734935e+04	2.30295468e+04
3.18800000e+02	2.27800000e+04	1.01000000e+00	1	2.25544554e+04	2.27800000e+04	1.00000000e+00	1	2.27800000e+04	2.27800000e+04	9.90000000e-01	1	2.30101010e+04	2.27815188e+04	2.27826579e+02	1.31535737e+02	2.25536922e+04	2.30093454e+04
3.18900000e+02	2.27700000e+04	1.01000000e+00	1	2.25445545e+04	2.27700000e+04	1.00000000e+00	1	2.27700000e+04	2.27700000e+04	9.90000000e-01	1	2.30000000e+04	2.27715182e+04	2.27726568e+02	1.31477995e+02	2.25437916e+04	2.29992447e+04
3.19000000e+02	2.27600000e+04	1.01000000e+00	1	2.25346535e+04	2.27600000e+04	1.00000000e+00	1	2.27600000e+04	2.27600000e+04	9.90000000e-01	1	2.29898990e+04	2.27615175e+04	2.27626556e+02	1.31420253e+02	2.25338909e+04	2.29891440e+04
3.19100000e+02	2.27400000e+04	1.01000000e+00	1	2.25148515e+04	2.27400000e+04	1.00000000e+00	1	2.27400000e+04	2.27400000e+04	9.90000000e-01	1	2.29696970e+04	2.27415162e+04	2.27426533e+02	1.31304770e+02	2.25140896e+04	2.29689427e+04
3.19200000e+02	2.27200000e+04	1.01000000e+00	1	2.24950495e+04	2.27200000e+04	1.00000000e+00	1	2.27200000e+04	2.27200000e+04	9.90000000e-01	1	2.29494949e+04	2.27215148e+04	2.27226509e+02	1.31189286e+02	2.24942883e+04	2.29487413e+04
3.19300000e+02	2.27000000e+04	1.01000000e+00	1	2.24752475e+04	2.27000000e+04	1.00000000e+00	1	2.27000000e+04	2.27000000e+04	9.90000000e-01	1	2.29292929e+04	2.27015135e+04	2.27026486e+02	1.31073803e+02	2.24744870e+04	2.29285400e+04
3.19400000e+02	2.26800000e+04	1.01000000e+00	1	2.24554455e+04	2.26800000e+04	1.00000000e+00	1	2.26800000e+04	2.26800000e+04	9.90000000e-01	1	2.29090909e+04	2.26815122e+04	2.26826463e+02	1.30958319e+02	2.24546857e+04	2.29083386e+04
3.19500000e+02	2.26700000e+04	1.01000000e+00	1	2.24455446e+04	2.26700000e+04	1.00000000e+00	1	2.26700000e+04	2.26700000e+04	9.90000000e-01	1	2.28989899e+04	2.26715115e+04	2.26726451e+02	1.30900577e+02	2.24447850e+04	2.28982379e+04
3.19600000e+02	2.26600000e+04	1.01000000e+00	1	2.24356436e+04	2.26600000e+04	1.00000000e+00	1	2.26600000e+04	2.26600000e+04	9.90000000e-01	1	2.28888889e+04	2.26615108e+04	2.26626439e+02	1.30842836e+02	2.24348844e+04	2.28881373e+04
3.19700000e+02	2.26300000e+04	1.01000000e+00	1	2.24059406e+04	2.26300000e+04	1.00000000e+00	1	2.26300000e+04	2.26300000e+04	9.90000000e-01	1	2.28585859e+04	2.26315088e+04	2.26326404e+02	1.30669610e+02	2.24051824e+04	2.28578352e+04
3.19800000e+02	2.26000000e+04	1.01000000e+00	1	2.23762376e+04	2.26000000e+04	1.00000000e+00	1	2.26000000e+04	2.26000000e+04	9.90000000e-01	1	2.28282828e+04	2.26015068e+04	2.26026369e+02	1.30496385e+02	2.23754804e+04	2.28275332e+04
3.19900000e+02	2.25800000e+04	1.01000000e+00	1	2.23564356e+04	2.25800000e+04	1.00000000e+00	1	2.25800000e+04	2.25800000e+04	9.90000000e-01	1	2.28080808e+04	2.25815055e+04	2.25826346e+02	1.30380902e+02	2.23556791e+04	2.28073318e+04
3.20000000e+02	2.25700000e+04	1.01000000e+00	1	2.23465347e+04	2.25700000e+04	1.00000000e+00	1	2.25700000e+04	2.25700000e+04	9.90000000e-01	1	2.27979798e+04	2.25715048e+04	2.25726334e+02	1.30323160e+02	2.23457785e+04	2.27972312e+04
3.20100000e+02	2.25400000e+04	1.01000000e+00	1	2.23168317e+04	2.25400000e+04	1.00000000e+00	1	2.25400000e+04	2.25400000e+04	9.90000000e-01	1	2.27676768e+04	2.25415028e+04	2.25426299e+02	1.30149935e+02	2.23160765e+04	2.27669291e+04
3.20200000e+02	2.25200000e+04	1.01000000e+00	1	2.22970297e+04	2.25200000e+04	1.00000000e+00	1	2.25200000e+04	2.25200000e+04	9.90000000e-01	1	2.27474747e+04	2.25215015e+04	2.25226276e+02	1.30034451e+02	2.22962752e+04	2.27467278e+04
3.20300000e+02	2.25000000e+04	1.01000000e+00	1	2.22772277e+04	2.25000000e+04	1.00000000e+00	1	2.25000000e+04	2.25000000e+04	9.90000000e-01	1	2.27272727e+04	2.25015002e+04	2.25026253e+02	1.29918968e+02	2.22764739e+04	2.27265264e+04
3.20400000e+02	2.24700000e+04	1.01000000e+00	1	2.22475248e+04	2.24700000e+04	1.00000000e+00	1	2.24700000e+04	2.24700000e+04	9.90000000e-01	1	2.26969697e+04	2.24714981e+04	2.24726218e+02	1.29745742e+02	2.22467719e+04	2.26962244e+04
3.20500000e+02	2.24500000e+04	1.01000000e+00	1	2.22277228e+04	2.24500000e+04	1.00000000e+00	1	2.24500000e+04	2.24500000e+04	9.90000000e-01	1	2.26767677e+04	2.24514968e+04	2.24526194e+02	1.29630259e+02	2.22269706e+04	2.26760230e+04
3.20600000e+02	2.24300000e+04	1.01000000e+00	1	2.22079208e+04	2.24300000e+04	1.00000000e+00	1	2.24300000e+04	2.24300000e+04	9.90000000e-01	1	2.26565657e+04	2.24314955e+04	2.24326171e+02	1.29514775e+02	2.22071693e+04	2.26558217e+04
3.20700000e+02	2.24000000e+04	1.01000000e+00	1	2.21782178e+04	2.24000000e+04	1.00000000e+00	1	2.24000000e+04	2.24000000e+04	9.90000000e-01	1	2.26262626e+04	2.24014935e+04	2.24026136e+02	1.29341550e+02	2.21774673e+04	2.26255196e+04
3.20800000e+02	2.23800000e+04	1.01000000e+00	1	2.21584158e+04	2.23800000e+04	1.00000000e+00	1	2.23800000e+04	2.23800000e+04	9.90000000e-01	1	2.26060606e+04	2.23814921e+04	2.23826113e+02	1.29226066e+02	2.21576660e+04	2.26053183e+04
3.20900000e+02	2.23600000e+04	1.01000000e+00	1	2.21386139e+04	2.23600000e+04	1.00000000e+00	1	2.23600000e+04	2.23600000e+04	9.90000000e-01	1	2.25858586e+04	2.23614908e+04	2.23626089e+02	1.29110583e+02	2.21378647e+04	2.25851169e+04
3.21000000e+02	2.23200000e+04	1.01000000e+00	1	2.20990099e+04	2.23200000e+04	1.00000000e+00	1	2.23200000e+04	2.23200000e+04	9.90000000e-01	1	2.25454545e+04	2.23214881e+04	2.23226043e+02	1.28879616e+02	2.20982621e+04	2.25447142e+04
3.21100000e+02	2.23100000e+04	1.01000000e+00	1	2.20891089e+04	2.23100000e+04	1.00000000e+00	1	2.23100000e+04	2.23100000e+04	9.90000000e-01	1	2.25353535e+04	2.23114875e+04	2.23126031e+02	1.28821874e+02	2.20883615e+04	2.25346135e+04
3.21200000e+02	2.22900000e+04	1.01000000e+00	1	2.20693069e+04	2.22900000e+04	1.00000000e+00	1	2.22900000e+04	2.22900000e+04	9.90000000e-01	1	2.25151515e+04	2.22914861e+04	2.22926008e+02	1.28706390e+02	2.20685601e+04	2.25144122e+04
3.21300000e+02	2.22500000e+04	1.01000000e+00	1	2.20297030e+04	2.22500000e+04	1.00000000e+00	1	2.22500000e+04	2.22500000e+04	9.90000000e-01	1	2.24747475e+04	2.22514835e+04	2.22525961e+02	1.28475423e+02	2.20289575e+04	2.24740094e+04
3.21400000e+02	2.22200000e+04	1.01000000e+00	1	2.20000000e+04	2.22200000e+04	1.00000000e+00	1	2.22200000e+04	2.22200000e+04	9.90000000e-01	1	2.24444444e+04	2.22214815e+04	2.22225926e+02	1.28302198e+02	2.19992556e+04	2.24437074e+04
3.21500000e+02	2.22000000e+04	1.01000000e+00	1	2.19801980e+04	2.22000000e+04	1.00000000e+00	1	2.22000000e+04	2.22000000e+04	9.90000000e-01	1	2.24242424e+04	2.22014801e+04	2.22025903e+02	1.28186715e+02	2.19794542e+04	2.24235061e+04
3.21600000e+02	2.21800000e+04	1.01000000e+00	1	2.19603960e+04	2.21800000e+04	1.00000000e+00	1	2.21800000e+04	2.21800000e+04	9.90000000e-01	1	2.24040404e+04	2.21814788e+04	2.21825879e+02	1.28071231e+02	2.19596529e+04	2.24033047e+04
3.21700000e+02	2.21500000e+04	1.01000000e+00	1	2.19306931e+04	2.21500000e+04	1.00000000e+00	1	2.21500000e+04	2.21500000e+04	9.90000000e-01	1	2.23737374e+04	2.21514768e+04	2.21525844e+02	1.27898006e+02	2.19299510e+04	2.23730027e+04
3.21800000e+02	2.21200000e+04	1.01000000e+00	1	2.19009901e+04	2.21200000e+04	1.00000000e+00	1	2.21200000e+04	2.21200000e+04	9.90000000e-01	1	2.23434343e+04	2.21214748e+04	2.21225809e+02	1.27724781e+02	2.19002490e+04	2.23427006e+04
3.21900000e+02	2.21000000e+04	1.01000000e+00	1	2.18811881e+04	2.21000000e+04	1.00000000e+00	1	2.21000000e+04	2.21000000e+04	9.90000000e-01	1	2.23232323e+04	2.21014735e+04	2.21025786e+02	1.27609297e+02	2.18804477e+04	2.23224993e+04
3.22000000e+02	2.20700000e+04	1.01000000e+00	1	2.18514851e+04	2.20700000e+04	1.00000000e+00	1	2.20700000e+04	2.20700000e+04	9.90000000e-01	1	2.22929293e+04	2.20714715e+04	2.20725751e+02	1.27436072e+02	2.18507457e+04	2.22921972e+04
3.22100000e+02	2.20500000e+04	1.01000000e+00	1	2.18316832e+04	2.20500000e+04	1.00000000e+00	1	2.20500000e+04	2.20500000e+04	9.90000000e-01	1	2.22727273e+04	2.20514701e+04	2.20525728e+02	1.27320588e+02	2.18309444e+04	2.22719959e+04
3.22200000e+02	2.20300000e+04	1.01000000e+00	1	2.18118812e+04	2.20300000e+04	1.00000000e+00	1	2.20300000e+04	2.20300000e+04	9.90000000e-01	1	2.22525253e+04	2.20314688e+04	2.20325704e+02	1.27205105e+02	2.18111431e+04	2.22517945e+04
3.22300000e+02	2.19900000e+04	1.01000000e+00	1	2.17722772e+04	2.19900000e+04	1.00000000e+00	1	2.19900000e+04	2.19900000e+04	9.90000000e-01	1	2.22121212e+04	2.19914661e+04	2.19925658e+02	1.26974138e+02	2.17715405e+04	2.22113918e+04
3.22400000e+02	2.19700000e+04	1.01000000e+00	1	2.17524752e+04	2.19700000e+04	1.00000000e+00	1	2.19700000e+04	2.19700000e+04	9.90000000e-01	1	2.21919192e+04	2.19714648e+04	2.19725634e+02	1.26858654e+02	2.17517392e+04	2.21911904e+04
3.22500000e+02	2.19500000e+04	1.01000000e+00	1	2.17326733e+04	2.19500000e+04	1.00000000e+00	1	2.19500000e+04	2.19500000e+04	9.90000000e-01	1	2.21717172e+04	2.19514635e+04	2.19525611e+02	1.26743171e+02	2.17319379e+04	2.21709891e+04
3.22600000e+02	2.19300000e+04	1.01000000e+00	1	2.17128713e+04	2.19300000e+04	1.00000000e+00	1	2.19300000e+04	2.19300000e+04	9.90000000e-01	1	2.21515152e+04	2.19314621e+04	2.19325588e+02	1.26627687e+02	2.17121366e+04	2.21507877e+04
3.22700000e+02	2.19000000e+04	1.01000000e+00	1	2.16831683e+04	2.19000000e+04	1.00000000e+00	1	2.19000000e+04	2.19000000e+04	9.90000000e-01	1	2.21212121e+04	2.19014601e+04	2.19025553e+02	1.26454462e+02	2.16824346e+04	2.21204857e+04
3.22800000e+02	2.18700000e+04	1.01000000e+00	1	2.16534653e+04	2.18700000e+04	1.00000000e+00	1	2.18700000e+04	2.18700000e+04	9.90000000e-01	1	2.20909091e+04	2.18714581e+04	2.18725518e+02	1.26281236e+02	2.16527326e+04	2.20901837e+04
3.22900000e+02	2.18500000e+04	1.01000000e+00	1	2.16336634e+04	2.18500000e+04	1.00000000e+00	1	2.18500000e+04	2.18500000e+04	9.90000000e-01	1	2.20707071e+04	2.18514568e+04	2.18525494e+02	1.26165753e+02	2.16329313e+04	2.20699823e+04
3.23000000e+02	2.18200000e+04	1.01000000e+00	1	2.16039604e+04	2.18200000e+04	1.00000000e+00	1	2.18200000e+04	2.18200000e+04	9.90000000e-01	1	2.20404040e+04	2.18214548e+04	2.18225459e+02	1.25992528e+02	2.16032294e+04	2.20396803e+04
3.23100000e+02	2.18000000e+04	1.01000000e+00	1	2.15841584e+04	2.18000000e+04	1.00000000e+00	1	2.18000000e+04	2.18000000e+04	9.90000000e-01	1	2.20202020e+04	2.18014535e+04	2.18025436e+02	1.25877044e+02	2.15834280e+04	2.20194789e+04
3.23200000e+02	2.17800000e+04	1.01000000e+00	1	2.15643564e+04	2.17800000e+04	1.00000000e+00	1	2.17800000e+04	2.17800000e+04	9.90000000e-01	1	2.20000000e+04	2.17814521e+04	2.17825413e+02	1.25761561e+02	2.15636267e+04	2.19992776e+04
3.23300000e+02	2.17400000e+04	1.01000000e+00	1	2.15247525e+04	2.17400000e+04	1.00000000e+00	1	2.17400000e+04	2.17400000e+04	9.90000000e-01	1	2.19595960e+04	2.17414495e+04	2.17425366e+02	1.25530593e+02	2.15240241e+04	2.19588748e+04
3.23400000e+02	2.17300000e+04	1.01000000e+00	1	2.15148515e+04	2.17300000e+04	1.00000000e+00	1	2.17300000e+04	2.17300000e+04	9.90000000e-01	1	2.19494949e+04	2.17314488e+04	2.17325354e+02	1.25472852e+02	2.15141235e+04	2.19487742e+04
3.23500000e+02	2.17100000e+04	1.01000000e+00	1	2.14950495e+04	2.17100000e+04	1.00000000e+00	1	2.17100000e+04	2.17100000e+04	9.90000000e-01	1	2.19292929e+04	2.17114475e+04	2.17125331e+02	1.25357368e+02	2.14943221e+04	2.19285728e+04
3.23600000e+02	2.16900000e+04	1.01000000e+00	1	2.14752475e+04	2.16900000e+04	1.00000000e+00	1	2.16900000e+04	2.16900000e+04	9.90000000e-01	1	2.19090909e+04	2.16914461e+04	2.16925308e+02	1.25241885e+02	2.14745208e+04	2.19083715e+04
3.23700000e+02	2.16600000e+04	1.01000000e+00	1	2.14455446e+04	2.16600000e+04	1.00000000e+00	1	2.16600000e+04	2.16600000e+04	9.90000000e-01	1	2.18787879e+04	2.16614441e+04	2.16625272e+02	1.25068659e+02	2.14448189e+04	2.18780694e+04
3.23800000e+02	2.16400000e+04	1.01000000e+00	1	2.14257426e+04	2.16400000e+04	1.00000000e+00	1	2.16400000e+04	2.16400000e+04	9.90000000e-01	1	2.18585859e+04	2.16414428e+04	2.16425249e+02	1.24953176e+02	2.14250176e+04	2.18578681e+04
3.23900000e+02	2.16100000e+04	1.01000000e+00	1	2.13960396e+04	2.16100000e+04	1.00000000e+00	1	2.16100000e+04	2.16100000e+04	9.90000000e-01	1	2.18282828e+04	2.16114408e+04	2.16125214e+02	1.24779951e+02	2.13953156e+04	2.18275660e+04
3.24000000e+02	2.16000000e+04	1.01000000e+00	1	2.13861386e+04	2.16000000e+04	1.00000000e+00	1	2.16000000e+04	2.16000000e+04	9.90000000e-01	1	2.18181818e+04	2.16014401e+04	2.16025202e+02	1.24722209e+02	2.13854149e+04	2.18174653e+04
3.24100000e+02	2.15700000e+04	1.01000000e+00	1	2.13564356e+04	2.15700000e+04	1.00000000e+00	1	2.15700000e+04	2.15700000e+04	9.90000000e-01	1	2.17878788e+04	2.15714381e+04	2.15725167e+02	1.24548984e+02	2.13557130e+04	2.17871633e+04
3.24200000e+02	2.15600000e+04	1.01000000e+00	1	2.13465347e+04	2.15600000e+04	1.00000000e+00	1	2.15600000e+04	2.15600000e+04	9.90000000e-01	1	2.17777778e+04	2.15614375e+04	2.15625156e+02	1.24491242e+02	2.13458123e+04	2.17770626e+04
3.24300000e+02	2.15200000e+04	1.01000000e+00	1	2.13069307e+04	2.15200000e+04	1.00000000e+00	1	2.15200000e+04	2.15200000e+04	9.90000000e-01	1	2.17373737e+04	2.15214348e+04	2.15225109e+02	1.24260275e+02	2.13062097e+04	2.17366599e+04
3.24400000e+02	2.15000000e+04	1.01000000e+00	1	2.12871287e+04	2.15000000e+04	1.00000000e+00	1	2.15000000e+04	2.15000000e+04	9.90000000e-01	1	2.17171717e+04	2.15014335e+04	2.15025086e+02	1.24144791e+02	2.12864084e+04	2.17164586e+04
3.24500000e+02	2.14800000e+04	1.01000000e+00	1	2.12673267e+04	2.14800000e+04	1.00000000e+00	1	2.14800000e+04	2.14800000e+04	9.90000000e-01	1	2.16969697e+04	2.14814321e+04	2.14825062e+02	1.24029308e+02	2.12666071e+04	2.16962572e+04
3.24600000e+02	2.14500000e+04	1.01000000e+00	1	2.12376238e+04	2.14500000e+04	1.00000000e+00	1	2.14500000e+04	2.14500000e+04	9.90000000e-01	1	2.16666667e+04	2.14514301e+04	2.14525027e+02	1.23856082e+02	2.12369051e+04	2.16659552e+04
3.24700000e+02	2.14400000e+04	1.01000000e+00	1	2.12277228e+04	2.14400000e+04	1.00000000e+00	1	2.14400000e+04	2.14400000e+04	9.90000000e-01	1	2.16565657e+04	2.14414295e+04	2.14425016e+02	1.23798341e+02	2.12270045e+04	2.16558545e+04
3.24800000e+02	2.14200000e+04	1.01000000e+00	1	2.12079208e+04	2.14200000e+04	1.00000000e+00	1	2.14200000e+04	2.14200000e+04	9.90000000e-01	1	2.16363636e+04	2.14214281e+04	2.14224992e+02	1.23682857e+02	2.12072032e+04	2.16356531e+04
3.24900000e+02	2.14100000e+04	1.01000000e+00	1	2.11980198e+04	2.14100000e+04	1.00000000e+00	1	2.14100000e+04	2.14100000e+04	9.90000000e-01	1	2.16262626e+04	2.14114275e+04	2.14124981e+02	1.23625115e+02	2.11973025e+04	2.16255525e+04
3.25000000e+02	2.13800000e+04	1.01000000e+00	1	2.11683168e+04	2.13800000e+04	1.00000000e+00	1	2.13800000e+04	2.13800000e+04	9.90000000e-01	1	2.15959596e+04	2.13814255e+04	2.13824946e+02	1.23451890e+02	2.11676005e+04	2.15952504e+04
3.25100000e+02	2.13500000e+04	1.01000000e+00	1	2.11386139e+04	2.13500000e+04	1.00000000e+00	1	2.13500000e+04	2.13500000e+04	9.90000000e-01	1	2.15656566e+04	2.13514235e+04	2.13524911e+02	1.23278665e+02	2.11378986e+04	2.15649484e+04
3.25200000e+02	2.13400000e+04	1.01000000e+00	1	2.11287129e+04	2.13400000e+04	1.00000000e+00	1	2.13400000e+04	2.13400000e+04	9.90000000e-01	1	2.15555556e+04	2.13414228e+04	2.13424899e+02	1.23220923e+02	2.11279979e+04	2.15548477e+04
3.25300000e+02	2.13200000e+04	1.01000000e+00	1	2.11089109e+04	2.13200000e+04	1.00000000e+00	1	2.13200000e+04	2.13200000e+04	9.90000000e-01	1	2.15353535e+04	2.13214215e+04	2.13224876e+02	1.23105439e+02	2.11081966e+04	2.15346464e+04
3.25400000e+02	2.13000000e+04	1.01000000e+00	1	2.10891089e+04	2.13000000e+04	1.00000000e+00	1	2.13000000e+04	2.13000000e+04	9.90000000e-01	1	2.15151515e+04	2.13014201e+04	2.13024852e+02	1.22989956e+02	2.10883953e+04	2.15144450e+04
3.25500000e+02	2.12800000e+04	1.01000000e+00	1	2.10693069e+04	2.12800000e+04	1.00000000e+00	1	2.12800000e+04	2.12800000e+04	9.90000000e-01	1	2.14949495e+04	2.12814188e+04	2.12824829e+02	1.22874472e+02	2.10685940e+04	2.14942436e+04
3.25600000e+02	2.12600000e+04	1.01000000e+00	1	2.10495050e+04	2.12600000e+04	1.00000000e+00	1	2.12600000e+04	2.12600000e+04	9.90000000e-01	1	2.14747475e+04	2.12614175e+04	2.12624806e+02	1.22758989e+02	2.10487927e+04	2.14740423e+04
3.25700000e+02	2.12300000e+04	1.01000000e+00	1	2.10198020e+04	2.12300000e+04	1.00000000e+00	1	2.12300000e+04	2.12300000e+04	9.90000000e-01	1	2.14444444e+04	2.12314155e+04	2.12324771e+02	1.22585764e+02	2.10190907e+04	2.14437402e+04
3.25800000e+02	2.12200000e+04	1.01000000e+00	1	2.10099010e+04	2.12200000e+04	1.00000000e+00	1	2.12200000e+04	2.12200000e+04	9.90000000e-01	1	2.14343434e+04	2.12214148e+04	2.12224759e+02	1.22528022e+02	2.10091900e+04	2.14336396e+04
3.25900000e+02	2.12100000e+04	1.01000000e+00	1	2.10000000e+04	2.12100000e+04	1.00000000e+00	1	2.12100000e+04	2.12100000e+04	9.90000000e-01	1	2.14242424e+04	2.12114141e+04	2.12124747e+02	1.22470280e+02	2.09992894e+04	2.14235389e+04
3.26000000e+02	2.11900000e+04	1.01000000e+00	1	2.09801980e+04	2.11900000e+04	1.00000000e+00	1	2.11900000e+04	2.11900000e+04	9.90000000e-01	1	2.14040404e+04	2.11914128e+04	2.11924724e+02	1.22354797e+02	2.09794881e+04	2.14033375e+04
3.26100000e+02	2.11600000e+04	1.01000000e+00	1	2.09504950e+04	2.11600000e+04	1.00000000e+00	1	2.11600000e+04	2.11600000e+04	9.90000000e-01	1	2.13737374e+04	2.11614108e+04	2.11624689e+02	1.22181571e+02	2.09497861e+04	2.13730355e+04
3.26200000e+02	2.11500000e+04	1.01000000e+00	1	2.09405941e+04	2.11500000e+04	1.00000000e+00	1	2.11500000e+04	2.11500000e+04	9.90000000e-01	1	2.13636364e+04	2.11514101e+04	2.11524677e+02	1.22123829e+02	2.09398855e+04	2.13629348e+04
3.26300000e+02	2.11300000e+04	1.01000000e+00	1	2.09207921e+04	2.11300000e+04	1.00000000e+00	1	2.11300000e+04	2.11300000e+04	9.90000000e-01	1	2.13434343e+04	2.11314088e+04	2.11324654e+02	1.22008346e+02	2.09200842e+04	2.13427335e+04
3.26400000e+02	2.11100000e+04	1.01000000e+00	1	2.09009901e+04	2.11100000e+04	1.00000000e+00	1	2.11100000e+04	2.11100000e+04	9.90000000e-01	1	2.13232323e+04	2.11114075e+04	2.11124631e+02	1.21892862e+02	2.09002828e+04	2.13225321e+04
3.26500000e+02	2.11000000e+04	1.01000000e+00	1	2.08910891e+04	2.11000000e+04	1.00000000e+00	1	2.11000000e+04	2.11000000e+04	9.90000000e-01	1	2.13131313e+04	2.11014068e+04	2.11024619e+02	1.21835121e+02	2.08903822e+04	2.13124314e+04
3.26600000e+02	2.10700000e+04	1.01000000e+00	1	2.08613861e+04	2.10700000e+04	1.00000000e+00	1	2.10700000e+04	2.10700000e+04	9.90000000e-01	1	2.12828283e+04	2.10714048e+04	2.10724584e+02	1.21661895e+02	2.08606802e+04	2.12821294e+04
3.26700000e+02	2.10500000e+04	1.01000000e+00	1	2.08415842e+04	2.10500000e+04	1.00000000e+00	1	2.10500000e+04	2.10500000e+04	9.90000000e-01	1	2.12626263e+04	2.10514035e+04	2.10524561e+02	1.21546412e+02	2.08408789e+04	2.12619280e+04
3.26800000e+02	2.10300000e+04	1.01000000e+00	1	2.08217822e+04	2.10300000e+04	1.00000000e+00	1	2.10300000e+04	2.10300000e+04	9.90000000e-01	1	2.12424242e+04	2.10314021e+04	2.10324537e+02	1.21430928e+02	2.08210776e+04	2.12417267e+04
3.26900000e+02	2.10200000e+04	1.01000000e+00	1	2.08118812e+04	2.10200000e+04	1.00000000e+00	1	2.10200000e+04	2.10200000e+04	9.90000000e-01	1	2.12323232e+04	2.10214015e+04	2.10224526e+02	1.21373187e+02	2.08111769e+04	2.12316260e+04
3.27000000e+02	2.10000000e+04	1.01000000e+00	1	2.07920792e+04	2.10000000e+04	1.00000000e+00	1	2.10000000e+04	2.10000000e+04	9.90000000e-01	1	2.12121212e+04	2.10014001e+04	2.10024502e+02	1.21257703e+02	2.07913756e+04	2.12114246e+04
3.27100000e+02	2.09800000e+04	1.01000000e+00	1	2.07722772e+04	2.09800000e+04	1.00000000e+00	1	2.09800000e+04	2.09800000e+04	9.90000000e-01	1	2.11919192e+04	2.09813988e+04	2.09824479e+02	1.21142219e+02	2.07715743e+04	2.11912233e+04
3.27200000e+02	2.09600000e+04	1.01000000e+00	1	2.07524752e+04	2.09600000e+04	1.00000000e+00	1	2.09600000e+04	2.09600000e+04	9.90000000e-01	1	2.11717172e+04	2.09613975e+04	2.09624456e+02	1.21026736e+02	2.07517730e+04	2.11710219e+04
3.27300000e+02	2.09300000e+04	1.01000000e+00	1	2.07227723e+04	2.09300000e+04	1.00000000e+00	1	2.09300000e+04	2.09300000e+04	9.90000000e-01	1	2.11414141e+04	2.09313955e+04	2.09324421e+02	1.20853511e+02	2.07220711e+04	2.11407199e+04
3.27400000e+02	2.09200000e+04	1.01000000e+00	1	2.07128713e+04	2.09200000e+04	1.00000000e+00	1	2.09200000e+04	2.09200000e+04	9.90000000e-01	1	2.11313131e+04	2.09213948e+04	2.09224409e+02	1.20795769e+02	2.07121704e+04	2.11306192e+04
3.27500000e+02	2.08900000e+04	1.01000000e+00	1	2.06831683e+04	2.08900000e+04	1.00000000e+00	1	2.08900000e+04	2.08900000e+04	9.90000000e-01	1	2.11010101e+04	2.08913928e+04	2.08924374e+02	1.20622544e+02	2.06824684e+04	2.11003172e+04
3.27600000e+02	2.08700000e+04	1.01000000e+00	1	2.06633663e+04	2.08700000e+04	1.00000000e+00	1	2.08700000e+04	2.08700000e+04	9.90000000e-01	1	2.10808081e+04	2.08713915e+04	2.08724351e+02	1.20507060e+02	2.06626671e+04	2.10801158e+04
3.27700000e+02	2.08500000e+04	1.01000000e+00	1	2.06435644e+04	2.08500000e+04	1.00000000e+00	1	2.08500000e+04	2.08500000e+04	9.90000000e-01	1	2.10606061e+04	2.08513901e+04	2.08524327e+02	1.20391577e+02	2.06428658e+04	2.10599145e+04
3.27800000e+02	2.08300000e+04	1.01000000e+00	1	2.06237624e+04	2.08300000e+04	1.00000000e+00	1	2.08300000e+04	2.08300000e+04	9.90000000e-01	1	2.10404040e+04	2.08313888e+04	2.08324304e+02	1.20276093e+02	2.06230645e+04	2.10397131e+04
3.27900000e+02	2.08100000e+04	1.01000000e+00	1	2.06039604e+04	2.08100000e+04	1.00000000e+00	1	2.08100000e+04	2.08100000e+04	9.90000000e-01	1	2.10202020e+04	2.08113875e+04	2.08124281e+02	1.20160610e+02	2.06032632e+04	2.10195118e+04
3.28000000e+02	2.07900000e+04	1.01000000e+00	1	2.05841584e+04	2.07900000e+04	1.00000000e+00	1	2.07900000e+04	2.07900000e+04	9.90000000e-01	1	2.10000000e+04	2.07913861e+04	2.07924257e+02	1.20045126e+02	2.05834619e+04	2.09993104e+04
3.28100000e+02	2.07500000e+04	1.01000000e+00	1	2.05445545e+04	2.07500000e+04	1.00000000e+00	1	2.07500000e+04	2.07500000e+04	9.90000000e-01	1	2.09595960e+04	2.07513835e+04	2.07524211e+02	1.19814159e+02	2.05438593e+04	2.09589077e+04
3.28200000e+02	2.07300000e+04	1.01000000e+00	1	2.05247525e+04	2.07300000e+04	1.00000000e+00	1	2.07300000e+04	2.07300000e+04	9.90000000e-01	1	2.09393939e+04	2.07313821e+04	2.07324187e+02	1.19698675e+02	2.05240580e+04	2.09387063e+04
3.28300000e+02	2.07100000e+04	1.01000000e+00	1	2.05049505e+04	2.07100000e+04	1.00000000e+00	1	2.07100000e+04	2.07100000e+04	9.90000000e-01	1	2.09191919e+04	2.07113808e+04	2.07124164e+02	1.19583192e+02	2.05042566e+04	2.09185050e+04
3.28400000e+02	2.06800000e+04	1.01000000e+00	1	2.04752475e+04	2.06800000e+04	1.00000000e+00	1	2.06800000e+04	2.06800000e+04	9.90000000e-01	1	2.08888889e+04	2.06813788e+04	2.06824129e+02	1.19409967e+02	2.04745547e+04	2.08882029e+04
3.28500000e+02	2.06600000e+04	1.01000000e+00	1	2.04554455e+04	2.06600000e+04	1.00000000e+00	1	2.06600000e+04	2.06600000e+04	9.90000000e-01	1	2.08686869e+04	2.06613775e+04	2.06624106e+02	1.19294483e+02	2.04547534e+04	2.08680016e+04
3.28600000e+02	2.06200000e+04	1.01000000e+00	1	2.04158416e+04	2.06200000e+04	1.00000000e+00	1	2.06200000e+04	2.06200000e+04	9.90000000e-01	1	2.08282828e+04	2.06213748e+04	2.06224059e+02	1.19063516e+02	2.04151507e+04	2.08275989e+04
3.28700000e+02	2.06100000e+04	1.01000000e+00	1	2.04059406e+04	2.06100000e+04	1.00000000e+00	1	2.06100000e+04	2.06100000e+04	9.90000000e-01	1	2.08181818e+04	2.06113741e+04	2.06124047e+02	1.19005774e+02	2.04052501e+04	2.08174982e+04
3.28800000e+02	2.05700000e+04	1.01000000e+00	1	2.03663366e+04	2.05700000e+04	1.00000000e+00	1	2.05700000e+04	2.05700000e+04	9.90000000e-01	1	2.07777778e+04	2.05713715e+04	2.05724001e+02	1.18774807e+02	2.03656475e+04	2.07770955e+04
3.28900000e+02	2.05400000e+04	1.01000000e+00	1	2.03366337e+04	2.05400000e+04	1.00000000e+00	1	2.05400000e+04	2.05400000e+04	9.90000000e-01	1	2.07474747e+04	2.05413695e+04	2.05423966e+02	1.18601582e+02	2.03359455e+04	2.07467934e+04
3.29000000e+02	2.05200000e+04	1.01000000e+00	1	2.03168317e+04	2.05200000e+04	1.00000000e+00	1	2.05200000e+04	2.05200000e+04	9.90000000e-01	1	2.07272727e+04	2.05213681e+04	2.05223942e+02	1.18486098e+02	2.03161442e+04	2.07265921e+04
3.29100000e+02	2.04900000e+04	1.01000000e+00	1	2.02871287e+04	2.04900000e+04	1.00000000e+00	1	2.04900000e+04	2.04900000e+04	9.90000000e-01	1	2.06969697e+04	2.04913661e+04	2.04923907e+02	1.18312873e+02	2.02864422e+04	2.06962900e+04
3.29200000e+02	2.04500000e+04	1.01000000e+00	1	2.02475248e+04	2.04500000e+04	1.00000000e+00	1	2.04500000e+04	2.04500000e+04	9.90000000e-01	1	2.06565657e+04	2.04513635e+04	2.04523861e+02	1.18081906e+02	2.02468396e+04	2.06558873e+04
3.29300000e+02	2.04200000e+04	1.01000000e+00	1	2.02178218e+04	2.04200000e+04	1.00000000e+00	1	2.04200000e+04	2.04200000e+04	9.90000000e-01	1	2.06262626e+04	2.04213615e+04	2.04223826e+02	1.17908681e+02	2.02171376e+04	2.06255853e+04
3.29400000e+02	2.03800000e+04	1.01000000e+00	1	2.01782178e+04	2.03800000e+04	1.00000000e+00	1	2.03800000e+04	2.03800000e+04	9.90000000e-01	1	2.05858586e+04	2.03813588e+04	2.03823779e+02	1.17677714e+02	2.01775350e+04	2.05851826e+04
3.29500000e+02	2.03400000e+04	1.01000000e+00	1	2.01386139e+04	2.03400000e+04	1.00000000e+00	1	2.03400000e+04	2.03400000e+04	9.90000000e-01	1	2.05454545e+04	2.03413561e+04	2.03423732e+02	1.17446747e+02	2.01379324e+04	2.05447799e+04
3.29600000e+02	2.03100000e+04	1.01000000e+00	1	2.01089109e+04	2.03100000e+04	1.00000000e+00	1	2.03100000e+04	2.03100000e+04	9.90000000e-01	1	2.05151515e+04	2.03113541e+04	2.03123697e+02	1.17273521e+02	2.01082304e+04	2.05144778e+04
3.29700000e+02	2.02800000e+04	1.01000000e+00	1	2.00792079e+04	2.02800000e+04	1.00000000e+00	1	2.02800000e+04	2.02800000e+04	9.90000000e-01	1	2.04848485e+04	2.02813521e+04	2.02823662e+02	1.17100296e+02	2.00785285e+04	2.04841758e+04
3.29800000e+02	2.02300000e+04	1.01000000e+00	1	2.00297030e+04	2.02300000e+04	1.00000000e+00	1	2.02300000e+04	2.02300000e+04	9.90000000e-01	1	2.04343434e+04	2.02313488e+04	2.02323604e+02	1.16811587e+02	2.00290252e+04	2.04336724e+04
3.29900000e+02	2.02000000e+04	1.01000000e+00	1	2.00000000e+04	2.02000000e+04	1.00000000e+00	1	2.02000000e+04	2.02000000e+04	9.90000000e-01	1	2.04040404e+04	2.02013468e+04	2.02023569e+02	1.16638362e+02	1.99993232e+04	2.04033704e+04
3.30000000e+02	2.01600000e+04	1.01000000e+00	1	1.99603960e+04	2.01600000e+04	1.00000000e+00	1	2.01600000e+04	2.01600000e+04	9.90000000e-01	1	2.03636364e+04	2.01613441e+04	2.01623522e+02	1.16407395e+02	1.99597206e+04	2.03629677e+04
3.30100000e+02	2.01100000e+04	1.01000000e+00	1	1.99108911e+04	2.01100000e+04	1.00000000e+00	1	2.01100000e+04	2.01100000e+04	9.90000000e-01	1	2.03131313e+04	2.01113408e+04	2.01123464e+02	1.16118686e+02	1.99102173e+04	2.03124643e+04
3.30200000e+02	2.00800000e+04	1.01000000e+00	1	1.98811881e+04	2.00800000e+04	1.00000000e+00	1	2.00800000e+04	2.00800000e+04	9.90000000e-01	1	2.02828283e+04	2.00813388e+04	2.00823429e+02	1.15945461e+02	1.98805154e+04	2.02821622e+04
3.30300000e+02	2.00400000e+04	1.01000000e+00	1	1.98415842e+04	2.00400000e+04	1.00000000e+00	1	2.00400000e+04	2.00400000e+04	9.90000000e-01	1	2.02424242e+04	2.00413361e+04	2.00423382e+02	1.15714494e+02	1.98409128e+04	2.02417595e+04
3.30400000e+02	1.99900000e+04	1.01000000e+00	1	1.97920792e+04	1.99900000e+04	1.00000000e+00	1	1.99900000e+04	1.99900000e+04	9.90000000e-01	1	2.01919192e+04	1.99913328e+04	1.99923324e+02	1.15425785e+02	1.97914095e+04	2.01912561e+04
3.30500000e+02	1.99400000e+04	1.01000000e+00	1	1.97425743e+04	1.99400000e+04	1.00000000e+00	1	1.99400000e+04	1.99400000e+04	9.90000000e-01	1	2.01414141e+04	1.99413295e+04	1.99423266e+02	1.15137076e+02	1.97419062e+04	2.01407527e+04
3.30600000e+02	1.98900000e+04	1.01000000e+00	1	1.96930693e+04	1.98900000e+04	1.00000000e+00	1	1.98900000e+04	1.98900000e+04	9.90000000e-01	1	2.00909091e+04	1.98913261e+04	1.98923207e+02	1.14848367e+02	1.96924029e+04	2.00902493e+04
3.30700000e+02	1.98500000e+04	1.01000000e+00	1	1.96534653e+04	1.98500000e+04	1.00000000e+00	1	1.98500000e+04	1.98500000e+04	9.90000000e-01	1	2.00505051e+04	1.98513235e+04	1.98523161e+02	1.14617400e+02	1.96528003e+04	2.00498466e+04
3.30800000e+02	1.98000000e+04	1.01000000e+00	1	1.96039604e+04	1.98000000e+04	1.00000000e+00	1	1.98000000e+04	1.98000000e+04	9.90000000e-01	1	2.00000000e+04	1.98013201e+04	1.98023102e+02	1.14328691e+02	1.96032970e+04	1.99993432e+04
3.30900000e+02	1.97400000e+04	1.01000000e+00	1	1.95445545e+04	1.97400000e+04	1.00000000e+00	1	1.97400000e+04	1.97400000e+04	9.90000000e-01	1	1.99393939e+04	1.97413161e+04	1.97423032e+02	1.13982241e+02	1.95438931e+04	1.99387392e+04
3.31000000e+02	1.96900000e+04	1.01000000e+00	1	1.94950495e+04	1.96900000e+04	1.00000000e+00	1	1.96900000e+04	1.96900000e+04	9.90000000e-01	1	1.98888889e+04	1.96913128e+04	1.96922974e+02	1.13693532e+02	1.94943898e+04	1.98882358e+04
3.31100000e+02	1.96400000e+04	1.01000000e+00	1	1.94455446e+04	1.96400000e+04	1.00000000e+00	1	1.96400000e+04	1.96400000e+04	9.90000000e-01	1	1.98383838e+04	1.96413095e+04	1.96422916e+02	1.13404823e+02	1.94448865e+04	1.98377324e+04
3.31200000e+02	1.95800000e+04	1.01000000e+00	1	1.93861386e+04	1.95800000e+04	1.00000000e+00	1	1.95800000e+04	1.95800000e+04	9.90000000e-01	1	1.97777778e+04	1.95813055e+04	1.95822846e+02	1.13058373e+02	1.93854826e+04	1.97771283e+04
3.31300000e+02	1.95300000e+04	1.01000000e+00	1	1.93366337e+04	1.95300000e+04	1.00000000e+00	1	1.95300000e+04	1.95300000e+04	9.90000000e-01	1	1.97272727e+04	1.95313021e+04	1.95322787e+02	1.12769664e+02	1.93359793e+04	1.97266249e+04
3.31400000e+02	1.94700000e+04	1.01000000e+00	1	1.92772277e+04	1.94700000e+04	1.00000000e+00	1	1.94700000e+04	1.94700000e+04	9.90000000e-01	1	1.96666667e+04	1.94712981e+04	1.94722717e+02	1.12423213e+02	1.92765754e+04	1.96660208e+04
3.31500000e+02	1.94200000e+04	1.01000000e+00	1	1.92277228e+04	1.94200000e+04	1.00000000e+00	1	1.94200000e+04	1.94200000e+04	9.90000000e-01	1	1.96161616e+04	1.94212948e+04	1.94222659e+02	1.12134504e+02	1.92270721e+04	1.96155175e+04
3.31600000e+02	1.93600000e+04	1.01000000e+00	1	1.91683168e+04	1.93600000e+04	1.00000000e+00	1	1.93600000e+04	1.93600000e+04	9.90000000e-01	1	1.95555556e+04	1.93612908e+04	1.93622589e+02	1.11788054e+02	1.91676682e+04	1.95549134e+04
3.31700000e+02	1.93000000e+04	1.01000000e+00	1	1.91089109e+04	1.93000000e+04	1.00000000e+00	1	1.93000000e+04	1.93000000e+04	9.90000000e-01	1	1.94949495e+04	1.93012868e+04	1.93022519e+02	1.11441603e+02	1.91082643e+04	1.94943093e+04
3.31800000e+02	1.92300000e+04	1.01000000e+00	1	1.90396040e+04	1.92300000e+04	1.00000000e+00	1	1.92300000e+04	1.92300000e+04	9.90000000e-01	1	1.94242424e+04	1.92312821e+04	1.92322437e+02	1.11037411e+02	1.90389597e+04	1.94236046e+04
3.31900000e+02	1.91700000e+04	1.01000000e+00	1	1.89801980e+04	1.91700000e+04	1.00000000e+00	1	1.91700000e+04	1.91700000e+04	9.90000000e-01	1	1.93636364e+04	1.91712781e+04	1.91722367e+02	1.10690960e+02	1.89795558e+04	1.93630005e+04
3.32000000e+02	1.91000000e+04	1.01000000e+00	1	1.89108911e+04	1.91000000e+04	1.00000000e+00	1	1.91000000e+04	1.91000000e+04	9.90000000e-01	1	1.92929293e+04	1.91012735e+04	1.91022286e+02	1.10286768e+02	1.89102512e+04	1.92922957e+04
3.32100000e+02	1.90400000e+04	1.01000000e+00	1	1.88514851e+04	1.90400000e+04	1.00000000e+00	1	1.90400000e+04	1.90400000e+04	9.90000000e-01	1	1.92323232e+04	1.90412695e+04	1.90422216e+02	1.09940317e+02	1.88508472e+04	1.92316917e+04
3.32200000e+02	1.89600000e+04	1.01000000e+00	1	1.87722772e+04	1.89600000e+04	1.00000000e+00	1	1.89600000e+04	1.89600000e+04	9.90000000e-01	1	1.91515152e+04	1.89612641e+04	1.89622122e+02	1.09478383e+02	1.87716420e+04	1.91508862e+04
3.32300000e+02	1.89000000e+04	1.01000000e+00	1	1.87128713e+04	1.89000000e+04	1.00000000e+00	1	1.89000000e+04	1.89000000e+04	9.90000000e-01	1	1.90909091e+04	1.89012601e+04	1.89022052e+02	1.09131933e+02	1.87122381e+04	1.90902822e+04
3.32400000e+02	1.88300000e+04	1.01000000e+00	1	1.86435644e+04	1.88300000e+04	1.00000000e+00	1	1.88300000e+04	1.88300000e+04	9.90000000e-01	1	1.90202020e+04	1.88312555e+04	1.88321971e+02	1.08727740e+02	1.86429335e+04	1.90195774e+04
3.32500000e+02	1.87600000e+04	1.01000000e+00	1	1.85742574e+04	1.87600000e+04	1.00000000e+00	1	1.87600000e+04	1.87600000e+04	9.90000000e-01	1	1.89494949e+04	1.87612508e+04	1.87621889e+02	1.08323548e+02	1.85736289e+04	1.89488727e+04
3.32600000e+02	1.86900000e+04	1.01000000e+00	1	1.85049505e+04	1.86900000e+04	1.00000000e+00	1	1.86900000e+04	1.86900000e+04	9.90000000e-01	1	1.88787879e+04	1.86912461e+04	1.86921807e+02	1.07919356e+02	1.85043243e+04	1.88781679e+04
3.32700000e+02	1.86200000e+04	1.01000000e+00	1	1.84356436e+04	1.86200000e+04	1.00000000e+00	1	1.86200000e+04	1.86200000e+04	9.90000000e-01	1	1.88080808e+04	1.86212415e+04	1.86221725e+02	1.07515163e+02	1.84350197e+04	1.88074632e+04
3.32800000e+02	1.85400000e+04	1.01000000e+00	1	1.83564356e+04	1.85400000e+04	1.00000000e+00	1	1.85400000e+04	1.85400000e+04	9.90000000e-01	1	1.87272727e+04	1.85412361e+04	1.85421632e+02	1.07053229e+02	1.83558145e+04	1.87266578e+04
3.32900000e+02	1.84700000e+04	1.01000000e+00	1	1.82871287e+04	1.84700000e+04	1.00000000e+00	1	1.84700000e+04	1.84700000e+04	9.90000000e-01	1	1.86565657e+04	1.84712315e+04	1.84721550e+02	1.06649037e+02	1.82865099e+04	1.86559530e+04
3.33000000e+02	1.83900000e+04	1.01000000e+00	1	1.82079208e+04	1.83900000e+04	1.00000000e+00	1	1.83900000e+04	1.83900000e+04	9.90000000e-01	1	1.85757576e+04	1.83912261e+04	1.83921457e+02	1.06187103e+02	1.82073047e+04	1.85751476e+04
3.33100000e+02	1.83200000e+04	1.01000000e+00	1	1.81386139e+04	1.83200000e+04	1.00000000e+00	1	1.83200000e+04	1.83200000e+04	9.90000000e-01	1	1.85050505e+04	1.83212215e+04	1.83221375e+02	1.05782910e+02	1.81380001e+04	1.85044428e+04
3.33200000e+02	1.82300000e+04	1.01000000e+00	1	1.80495050e+04	1.82300000e+04	1.00000000e+00	1	1.82300000e+04	1.82300000e+04	9.90000000e-01	1	1.84141414e+04	1.82312155e+04	1.82321270e+02	1.05263235e+02	1.80488942e+04	1.84135367e+04
3.33300000e+02	1.81600000e+04	1.01000000e+00	1	1.79801980e+04	1.81600000e+04	1.00000000e+00	1	1.81600000e+04	1.81600000e+04	9.90000000e-01	1	1.83434343e+04	1.81612108e+04	1.81621189e+02	1.04859042e+02	1.79795896e+04	1.83428320e+04
3.33400000e+02	1.80700000e+04	1.01000000e+00	1	1.78910891e+04	1.80700000e+04	1.00000000e+00	1	1.80700000e+04	1.80700000e+04	9.90000000e-01	1	1.82525253e+04	1.80712048e+04	1.80721084e+02	1.04339366e+02	1.78904837e+04	1.82519259e+04
3.33500000e+02	1.79900000e+04	1.01000000e+00	1	1.78118812e+04	1.79900000e+04	1.00000000e+00	1	1.79900000e+04	1.79900000e+04	9.90000000e-01	1	1.81717172e+04	1.79911995e+04	1.79920990e+02	1.03877432e+02	1.78112785e+04	1.81711204e+04
3.33600000e+02	1.79100000e+04	1.01000000e+00	1	1.77326733e+04	1.79100000e+04	1.00000000e+00	1	1.79100000e+04	1.79100000e+04	9.90000000e-01	1	1.80909091e+04	1.79111941e+04	1.79120897e+02	1.03415498e+02	1.77320732e+04	1.80903150e+04
3.33700000e+02	1.78300000e+04	1.01000000e+00	1	1.76534653e+04	1.78300000e+04	1.00000000e+00	1	1.78300000e+04	1.78300000e+04	9.90000000e-01	1	1.80101010e+04	1.78311888e+04	1.78320804e+02	1.02953564e+02	1.76528680e+04	1.80095096e+04
3.33800000e+02	1.77300000e+04	1.01000000e+00	1	1.75544554e+04	1.77300000e+04	1.00000000e+00	1	1.77300000e+04	1.77300000e+04	9.90000000e-01	1	1.79090909e+04	1.77311821e+04	1.77320687e+02	1.02376146e+02	1.75538614e+04	1.79085028e+04
3.33900000e+02	1.76600000e+04	1.01000000e+00	1	1.74851485e+04	1.76600000e+04	1.00000000e+00	1	1.76600000e+04	1.76600000e+04	9.90000000e-01	1	1.78383838e+04	1.76611775e+04	1.76620605e+02	1.01971954e+02	1.74845568e+04	1.78377981e+04
3.34000000e+02	1.75800000e+04	1.01000000e+00	1	1.74059406e+04	1.75800000e+04	1.00000000e+00	1	1.75800000e+04	1.75800000e+04	9.90000000e-01	1	1.77575758e+04	1.75811721e+04	1.75820512e+02	1.01510020e+02	1.74053516e+04	1.77569926e+04
3.34100000e+02	1.74900000e+04	1.01000000e+00	1	1.73168317e+04	1.74900000e+04	1.00000000e+00	1	1.74900000e+04	1.74900000e+04	9.90000000e-01	1	1.76666667e+04	1.74911661e+04	1.74920407e+02	1.00990344e+02	1.73162457e+04	1.76660865e+04
3.34200000e+02	1.74100000e+04	1.01000000e+00	1	1.72376238e+04	1.74100000e+04	1.00000000e+00	1	1.74100000e+04	1.74100000e+04	9.90000000e-01	1	1.75858586e+04	1.74111608e+04	1.74120314e+02	1.00528410e+02	1.72370405e+04	1.75852811e+04
3.34300000e+02	1.73200000e+04	1.01000000e+00	1	1.71485149e+04	1.73200000e+04	1.00000000e+00	1	1.73200000e+04	1.73200000e+04	9.90000000e-01	1	1.74949495e+04	1.73211548e+04	1.73220209e+02	1.00008734e+02	1.71479346e+04	1.74943750e+04
3.34400000e+02	1.72300000e+04	1.01000000e+00	1	1.70594059e+04	1.72300000e+04	1.00000000e+00	1	1.72300000e+04	1.72300000e+04	9.90000000e-01	1	1.74040404e+04	1.72311488e+04	1.72320104e+02	9.94890582e+01	1.70588287e+04	1.74034689e+04
3.34500000e+02	1.71400000e+04	1.01000000e+00	1	1.69702970e+04	1.71400000e+04	1.00000000e+00	1	1.71400000e+04	1.71400000e+04	9.90000000e-01	1	1.73131313e+04	1.71411428e+04	1.71419999e+02	9.89693824e+01	1.69697228e+04	1.73125628e+04
3.34600000e+02	1.70600000e+04	1.01000000e+00	1	1.68910891e+04	1.70600000e+04	1.00000000e+00	1	1.70600000e+04	1.70600000e+04	9.90000000e-01	1	1.72323232e+04	1.70611374e+04	1.70619905e+02	9.85074483e+01	1.68905175e+04	1.72317574e+04
3.34700000e+02	1.69600000e+04	1.01000000e+00	1	1.67920792e+04	1.69600000e+04	1.00000000e+00	1	1.69600000e+04	1.69600000e+04	9.90000000e-01	1	1.71313131e+04	1.69611308e+04	1.69619789e+02	9.79300306e+01	1.67915110e+04	1.71307506e+04
3.34800000e+02	1.68700000e+04	1.01000000e+00	1	1.67029703e+04	1.68700000e+04	1.00000000e+00	1	1.68700000e+04	1.68700000e+04	9.90000000e-01	1	1.70404040e+04	1.68711248e+04	1.68719684e+02	9.74103548e+01	1.67024051e+04	1.70398445e+04
3.34900000e+02	1.67800000e+04	1.01000000e+00	1	1.66138614e+04	1.67800000e+04	1.00000000e+00	1	1.67800000e+04	1.67800000e+04	9.90000000e-01	1	1.69494949e+04	1.67811188e+04	1.67819579e+02	9.68906789e+01	1.66132992e+04	1.69489384e+04
3.35000000e+02	1.66900000e+04	1.01000000e+00	1	1.65247525e+04	1.66900000e+04	1.00000000e+00	1	1.66900000e+04	1.66900000e+04	9.90000000e-01	1	1.68585859e+04	1.66911128e+04	1.66919474e+02	9.63710030e+01	1.65241933e+04	1.68580323e+04
3.35100000e+02	1.66000000e+04	1.01000000e+00	1	1.64356436e+04	1.66000000e+04	1.00000000e+00	1	1.66000000e+04	1.66000000e+04	9.90000000e-01	1	1.67676768e+04	1.66011068e+04	1.66019369e+02	9.58513271e+01	1.64350874e+04	1.67671261e+04
3.35200000e+02	1.65100000e+04	1.01000000e+00	1	1.63465347e+04	1.65100000e+04	1.00000000e+00	1	1.65100000e+04	1.65100000e+04	9.90000000e-01	1	1.66767677e+04	1.65111008e+04	1.65119264e+02	9.53316513e+01	1.63459815e+04	1.66762200e+04
3.35300000e+02	1.64200000e+04	1.01000000e+00	1	1.62574257e+04	1.64200000e+04	1.00000000e+00	1	1.64200000e+04	1.64200000e+04	9.90000000e-01	1	1.65858586e+04	1.64210948e+04	1.64219159e+02	9.48119754e+01	1.62568756e+04	1.65853139e+04
3.35400000e+02	1.63300000e+04	1.01000000e+00	1	1.61683168e+04	1.63300000e+04	1.00000000e+00	1	1.63300000e+04	1.63300000e+04	9.90000000e-01	1	1.64949495e+04	1.63310888e+04	1.63319054e+02	9.42922995e+01	1.61677697e+04	1.64944078e+04
3.35500000e+02	1.62400000e+04	1.01000000e+00	1	1.60792079e+04	1.62400000e+04	1.00000000e+00	1	1.62400000e+04	1.62400000e+04	9.90000000e-01	1	1.64040404e+04	1.62410828e+04	1.62418949e+02	9.37726237e+01	1.60786638e+04	1.64035017e+04
3.35600000e+02	1.61500000e+04	1.01000000e+00	1	1.59900990e+04	1.61500000e+04	1.00000000e+00	1	1.61500000e+04	1.61500000e+04	9.90000000e-01	1	1.63131313e+04	1.61510768e+04	1.61518844e+02	9.32529478e+01	1.59895579e+04	1.63125956e+04
3.35700000e+02	1.60600000e+04	1.01000000e+00	1	1.59009901e+04	1.60600000e+04	1.00000000e+00	1	1.60600000e+04	1.60600000e+04	9.90000000e-01	1	1.62222222e+04	1.60610708e+04	1.60618739e+02	9.27332719e+01	1.59004520e+04	1.62216895e+04
3.35800000e+02	1.59700000e+04	1.01000000e+00	1	1.58118812e+04	1.59700000e+04	1.00000000e+00	1	1.59700000e+04	1.59700000e+04	9.90000000e-01	1	1.61313131e+04	1.59710648e+04	1.59718634e+02	9.22135961e+01	1.58113461e+04	1.61307834e+04
3.35900000e+02	1.58800000e+04	1.01000000e+00	1	1.57227723e+04	1.58800000e+04	1.00000000e+00	1	1.58800000e+04	1.58800000e+04	9.90000000e-01	1	1.60404040e+04	1.58810588e+04	1.58818528e+02	9.16939202e+01	1.57222402e+04	1.60398773e+04
3.36000000e+02	1.57800000e+04	1.01000000e+00	1	1.56237624e+04	1.57800000e+04	1.00000000e+00	1	1.57800000e+04	1.57800000e+04	9.90000000e-01	1	1.59393939e+04	1.57810521e+04	1.57818412e+02	9.11165025e+01	1.56232337e+04	1.59388705e+04
3.36100000e+02	1.56900000e+04	1.01000000e+00	1	1.55346535e+04	1.56900000e+04	1.00000000e+00	1	1.56900000e+04	1.56900000e+04	9.90000000e-01	1	1.58484848e+04	1.56910461e+04	1.56918307e+02	9.05968267e+01	1.55341278e+04	1.58479644e+04
3.36200000e+02	1.56000000e+04	1.01000000e+00	1	1.54455446e+04	1.56000000e+04	1.00000000e+00	1	1.56000000e+04	1.56000000e+04	9.90000000e-01	1	1.57575758e+04	1.56010401e+04	1.56018202e+02	9.00771508e+01	1.54450219e+04	1.57570583e+04
3.36300000e+02	1.55100000e+04	1.01000000e+00	1	1.53564356e+04	1.55100000e+04	1.00000000e+00	1	1.55100000e+04	1.55100000e+04	9.90000000e-01	1	1.56666667e+04	1.55110341e+04	1.55118097e+02	8.95574749e+01	1.53559160e+04	1.56661522e+04
3.36400000e+02	1.54200000e+04	1.01000000e+00	1	1.52673267e+04	1.54200000e+04	1.00000000e+00	1	1.54200000e+04	1.54200000e+04	9.90000000e-01	1	1.55757576e+04	1.54210281e+04	1.54217992e+02	8.90377991e+01	1.52668101e+04	1.55752461e+04
3.36500000e+02	1.53300000e+04	1.01000000e+00	1	1.51782178e+04	1.53300000e+04	1.00000000e+00	1	1.53300000e+04	1.53300000e+04	9.90000000e-01	1	1.54848485e+04	1.53310221e+04	1.53317887e+02	8.85181232e+01	1.51777042e+04	1.54843400e+04
3.36600000e+02	1.52400000e+04	1.01000000e+00	1	1.50891089e+04	1.52400000e+04	1.00000000e+00	1	1.52400000e+04	1.52400000e+04	9.90000000e-01	1	1.53939394e+04	1.52410161e+04	1.52417782e+02	8.79984473e+01	1.50885983e+04	1.53934339e+04
3.36700000e+02	1.51500000e+04	1.01000000e+00	1	1.50000000e+04	1.51500000e+04	1.00000000e+00	1	1.51500000e+04	1.51500000e+04	9.90000000e-01	1	1.53030303e+04	1.51510101e+04	1.51517677e+02	8.74787715e+01	1.49994924e+04	1.53025278e+04
3.36800000e+02	1.50700000e+04	1.01000000e+00	1	1.49207921e+04	1.50700000e+04	1.00000000e+00	1	1.50700000e+04	1.50700000e+04	9.90000000e-01	1	1.52222222e+04	1.50710048e+04	1.50717583e+02	8.70168373e+01	1.49202872e+04	1.52217224e+04
3.36900000e+02	1.49800000e+04	1.01000000e+00	1	1.48316832e+04	1.49800000e+04	1.00000000e+00	1	1.49800000e+04	1.49800000e+04	9.90000000e-01	1	1.51313131e+04	1.49809988e+04	1.49817478e+02	8.64971615e+01	1.48311813e+04	1.51308162e+04
3.37000000e+02	1.48900000e+04	1.01000000e+00	1	1.47425743e+04	1.48900000e+04	1.00000000e+00	1	1.48900000e+04	1.48900000e+04	9.90000000e-01	1	1.50404040e+04	1.48909928e+04	1.48917373e+02	8.59774856e+01	1.47420754e+04	1.50399101e+04
3.37100000e+02	1.48000000e+04	1.01000000e+00	1	1.46534653e+04	1.48000000e+04	1.00000000e+00	1	1.48000000e+04	1.48000000e+04	9.90000000e-01	1	1.49494949e+04	1.48009868e+04	1.48017268e+02	8.54578097e+01	1.46529695e+04	1.49490040e+04
3.37200000e+02	1.47200000e+04	1.01000000e+00	1	1.45742574e+04	1.47200000e+04	1.00000000e+00	1	1.47200000e+04	1.47200000e+04	9.90000000e-01	1	1.48686869e+04	1.47209814e+04	1.47217175e+02	8.49958756e+01	1.45737643e+04	1.48681986e+04
3.37300000e+02	1.46300000e+04	1.01000000e+00	1	1.44851485e+04	1.46300000e+04	1.00000000e+00	1	1.46300000e+04	1.46300000e+04	9.90000000e-01	1	1.47777778e+04	1.46309754e+04	1.46317070e+02	8.44761998e+01	1.44846584e+04	1.47772925e+04
3.37400000e+02	1.45500000e+04	1.01000000e+00	1	1.44059406e+04	1.45500000e+04	1.00000000e+00	1	1.45500000e+04	1.45500000e+04	9.90000000e-01	1	1.46969697e+04	1.45509701e+04	1.45516977e+02	8.40142657e+01	1.44054531e+04	1.46964871e+04
3.37500000e+02	1.44600000e+04	1.01000000e+00	1	1.43168317e+04	1.44600000e+04	1.00000000e+00	1	1.44600000e+04	1.44600000e+04	9.90000000e-01	1	1.46060606e+04	1.44609641e+04	1.44616872e+02	8.34945898e+01	1.43163472e+04	1.46055810e+04
3.37600000e+02	1.43800000e+04	1.01000000e+00	1	1.42376238e+04	1.43800000e+04	1.00000000e+00	1	1.43800000e+04	1.43800000e+04	9.90000000e-01	1	1.45252525e+04	1.43809588e+04	1.43816778e+02	8.30326557e+01	1.42371420e+04	1.45247755e+04
3.37700000e+02	1.42900000e+04	1.01000000e+00	1	1.41485149e+04	1.42900000e+04	1.00000000e+00	1	1.42900000e+04	1.42900000e+04	9.90000000e-01	1	1.44343434e+04	1.42909528e+04	1.42916673e+02	8.25129798e+01	1.41480361e+04	1.44338694e+04
3.37800000e+02	1.42100000e+04	1.01000000e+00	1	1.40693069e+04	1.42100000e+04	1.00000000e+00	1	1.42100000e+04	1.42100000e+04	9.90000000e-01	1	1.43535354e+04	1.42109474e+04	1.42116580e+02	8.20510457e+01	1.40688308e+04	1.43530640e+04
3.37900000e+02	1.41300000e+04	1.01000000e+00	1	1.39900990e+04	1.41300000e+04	1.00000000e+00	1	1.41300000e+04	1.41300000e+04	9.90000000e-01	1	1.42727273e+04	1.41309421e+04	1.41316487e+02	8.15891116e+01	1.39896256e+04	1.42722586e+04
3.38000000e+02	1.40500000e+04	1.01000000e+00	1	1.39108911e+04	1.40500000e+04	1.00000000e+00	1	1.40500000e+04	1.40500000e+04	9.90000000e-01	1	1.41919192e+04	1.40509368e+04	1.40516393e+02	8.11271775e+01	1.39104204e+04	1.41914532e+04
3.38100000e+02	1.39600000e+04	1.01000000e+00	1	1.38217822e+04	1.39600000e+04	1.00000000e+00	1	1.39600000e+04	1.39600000e+04	9.90000000e-01	1	1.41010101e+04	1.39609308e+04	1.39616288e+02	8.06075016e+01	1.38213145e+04	1.41005470e+04
3.38200000e+02	1.38900000e+04	1.01000000e+00	1	1.37524752e+04	1.38900000e+04	1.00000000e+00	1	1.38900000e+04	1.38900000e+04	9.90000000e-01	1	1.40303030e+04	1.38909261e+04	1.38916207e+02	8.02033093e+01	1.37520099e+04	1.40298423e+04
3.38300000e+02	1.38100000e+04	1.01000000e+00	1	1.36732673e+04	1.38100000e+04	1.00000000e+00	1	1.38100000e+04	1.38100000e+04	9.90000000e-01	1	1.39494949e+04	1.38109208e+04	1.38116113e+02	7.97413752e+01	1.36728046e+04	1.39490369e+04
3.38400000e+02	1.37300000e+04	1.01000000e+00	1	1.35940594e+04	1.37300000e+04	1.00000000e+00	1	1.37300000e+04	1.37300000e+04	9.90000000e-01	1	1.38686869e+04	1.37309154e+04	1.37316020e+02	7.92794411e+01	1.35935994e+04	1.38682314e+04
3.38500000e+02	1.36600000e+04	1.01000000e+00	1	1.35247525e+04	1.36600000e+04	1.00000000e+00	1	1.36600000e+04	1.36600000e+04	9.90000000e-01	1	1.37979798e+04	1.36609108e+04	1.36615938e+02	7.88752487e+01	1.35242948e+04	1.37975267e+04
3.38600000e+02	1.35800000e+04	1.01000000e+00	1	1.34455446e+04	1.35800000e+04	1.00000000e+00	1	1.35800000e+04	1.35800000e+04	9.90000000e-01	1	1.37171717e+04	1.35809054e+04	1.35815845e+02	7.84133146e+01	1.34450896e+04	1.37167213e+04
3.38700000e+02	1.35000000e+04	1.01000000e+00	1	1.33663366e+04	1.35000000e+04	1.00000000e+00	1	1.35000000e+04	1.35000000e+04	9.90000000e-01	1	1.36363636e+04	1.35009001e+04	1.35015752e+02	7.79513805e+01	1.33658843e+04	1.36359158e+04
3.38800000e+02	1.34200000e+04	1.01000000e+00	1	1.32871287e+04	1.34200000e+04	1.00000000e+00	1	1.34200000e+04	1.34200000e+04	9.90000000e-01	1	1.35555556e+04	1.34208948e+04	1.34215658e+02	7.74894464e+01	1.32866791e+04	1.35551104e+04
3.38900000e+02	1.33600000e+04	1.01000000e+00	1	1.32277228e+04	1.33600000e+04	1.00000000e+00	1	1.33600000e+04	1.33600000e+04	9.90000000e-01	1	1.34949495e+04	1.33608908e+04	1.33615588e+02	7.71429958e+01	1.32272752e+04	1.34945063e+04
3.39000000e+02	1.32800000e+04	1.01000000e+00	1	1.31485149e+04	1.32800000e+04	1.00000000e+00	1	1.32800000e+04	1.32800000e+04	9.90000000e-01	1	1.34141414e+04	1.32808854e+04	1.32815495e+02	7.66810617e+01	1.31480699e+04	1.34137009e+04
3.39100000e+02	1.32100000e+04	1.01000000e+00	1	1.30792079e+04	1.32100000e+04	1.00000000e+00	1	1.32100000e+04	1.32100000e+04	9.90000000e-01	1	1.33434343e+04	1.32108808e+04	1.32115413e+02	7.62768694e+01	1.30787653e+04	1.33429962e+04
3.39200000e+02	1.31400000e+04	1.01000000e+00	1	1.30099010e+04	1.31400000e+04	1.00000000e+00	1	1.31400000e+04	1.31400000e+04	9.90000000e-01	1	1.32727273e+04	1.31408761e+04	1.31415332e+02	7.58726770e+01	1.30094608e+04	1.32722914e+04
3.39300000e+02	1.30700000e+04	1.01000000e+00	1	1.29405941e+04	1.30700000e+04	1.00000000e+00	1	1.30700000e+04	1.30700000e+04	9.90000000e-01	1	1.32020202e+04	1.30708714e+04	1.30715250e+02	7.54684847e+01	1.29401562e+04	1.32015867e+04
3.39400000e+02	1.30000000e+04	1.01000000e+00	1	1.28712871e+04	1.30000000e+04	1.00000000e+00	1	1.30000000e+04	1.30000000e+04	9.90000000e-01	1	1.31313131e+04	1.30008668e+04	1.30015168e+02	7.50642923e+01	1.28708516e+04	1.31308819e+04
3.39500000e+02	1.29400000e+04	1.01000000e+00	1	1.28118812e+04	1.29400000e+04	1.00000000e+00	1	1.29400000e+04	1.29400000e+04	9.90000000e-01	1	1.30707071e+04	1.29408628e+04	1.29415098e+02	7.47178418e+01	1.28114477e+04	1.30702779e+04
3.39600000e+02	1.28800000e+04	1.01000000e+00	1	1.27524752e+04	1.28800000e+04	1.00000000e+00	1	1.28800000e+04	1.28800000e+04	9.90000000e-01	1	1.30101010e+04	1.28808588e+04	1.28815028e+02	7.43713912e+01	1.27520437e+04	1.30096738e+04
3.39700000e+02	1.28100000e+04	1.01000000e+00	1	1.26831683e+04	1.28100000e+04	1.00000000e+00	1	1.28100000e+04	1.28100000e+04	9.90000000e-01	1	1.29393939e+04	1.28108541e+04	1.28114946e+02	7.39671988e+01	1.26827391e+04	1.29389690e+04
3.39800000e+02	1.27400000e+04	1.01000000e+00	1	1.26138614e+04	1.27400000e+04	1.00000000e+00	1	1.27400000e+04	1.27400000e+04	9.90000000e-01	1	1.28686869e+04	1.27408494e+04	1.27414865e+02	7.35630065e+01	1.26134346e+04	1.28682643e+04
3.39900000e+02	1.26800000e+04	1.01000000e+00	1	1.25544554e+04	1.26800000e+04	1.00000000e+00	1	1.26800000e+04	1.26800000e+04	9.90000000e-01	1	1.28080808e+04	1.26808454e+04	1.26814795e+02	7.32165559e+01	1.25540306e+04	1.28076602e+04
3.40000000e+02	1.26200000e+04	1.01000000e+00	1	1.24950495e+04	1.26200000e+04	1.00000000e+00	1	1.26200000e+04	1.26200000e+04	9.90000000e-01	1	1.27474747e+04	1.26208414e+04	1.26214725e+02	7.28701053e+01	1.24946267e+04	1.27470561e+04
3.40100000e+02	1.25500000e+04	1.01000000e+00	1	1.24257426e+04	1.25500000e+04	1.00000000e+00	1	1.25500000e+04	1.25500000e+04	9.90000000e-01	1	1.26767677e+04	1.25508368e+04	1.25514643e+02	7.24659130e+01	1.24253221e+04	1.26763514e+04
3.40200000e+02	1.25000000e+04	1.01000000e+00	1	1.23762376e+04	1.25000000e+04	1.00000000e+00	1	1.25000000e+04	1.25000000e+04	9.90000000e-01	1	1.26262626e+04	1.25008334e+04	1.25014585e+02	7.21772042e+01	1.23758188e+04	1.26258480e+04
3.40300000e+02	1.24300000e+04	1.01000000e+00	1	1.23069307e+04	1.24300000e+04	1.00000000e+00	1	1.24300000e+04	1.24300000e+04	9.90000000e-01	1	1.25555556e+04	1.24308287e+04	1.24314503e+02	7.17730118e+01	1.23065142e+04	1.25551433e+04
3.40400000e+02	1.23700000e+04	1.01000000e+00	1	1.22475248e+04	1.23700000e+04	1.00000000e+00	1	1.23700000e+04	1.23700000e+04	9.90000000e-01	1	1.24949495e+04	1.23708247e+04	1.23714433e+02	7.14265612e+01	1.22471103e+04	1.24945392e+04
3.40500000e+02	1.23100000e+04	1.01000000e+00	1	1.21881188e+04	1.23100000e+04	1.00000000e+00	1	1.23100000e+04	1.23100000e+04	9.90000000e-01	1	1.24343434e+04	1.23108207e+04	1.23114363e+02	7.10801107e+01	1.21877064e+04	1.24339351e+04
3.40600000e+02	1.22600000e+04	1.01000000e+00	1	1.21386139e+04	1.22600000e+04	1.00000000e+00	1	1.22600000e+04	1.22600000e+04	9.90000000e-01	1	1.23838384e+04	1.22608174e+04	1.22614305e+02	7.07914019e+01	1.21382031e+04	1.23834317e+04
3.40700000e+02	1.22000000e+04	1.01000000e+00	1	1.20792079e+04	1.22000000e+04	1.00000000e+00	1	1.22000000e+04	1.22000000e+04	9.90000000e-01	1	1.23232323e+04	1.22008134e+04	1.22014235e+02	7.04449513e+01	1.20787992e+04	1.23228276e+04
3.40800000e+02	1.21400000e+04	1.01000000e+00	1	1.20198020e+04	1.21400000e+04	1.00000000e+00	1	1.21400000e+04	1.21400000e+04	9.90000000e-01	1	1.22626263e+04	1.21408094e+04	1.21414165e+02	7.00985007e+01	1.20193952e+04	1.22622236e+04
3.40900000e+02	1.21000000e+04	1.01000000e+00	1	1.19801980e+04	1.21000000e+04	1.00000000e+00	1	1.21000000e+04	1.21000000e+04	9.90000000e-01	1	1.22222222e+04	1.21008067e+04	1.21014118e+02	6.98675336e+01	1.19797926e+04	1.22218209e+04
3.41000000e+02	1.20400000e+04	1.01000000e+00	1	1.19207921e+04	1.20400000e+04	1.00000000e+00	1	1.20400000e+04	1.20400000e+04	9.90000000e-01	1	1.21616162e+04	1.20408027e+04	1.20414048e+02	6.95210831e+01	1.19203887e+04	1.21612168e+04
3.41100000e+02	1.19800000e+04	1.01000000e+00	1	1.18613861e+04	1.19800000e+04	1.00000000e+00	1	1.19800000e+04	1.19800000e+04	9.90000000e-01	1	1.21010101e+04	1.19807987e+04	1.19813978e+02	6.91746325e+01	1.18609848e+04	1.21006127e+04
3.41200000e+02	1.19300000e+04	1.01000000e+00	1	1.18118812e+04	1.19300000e+04	1.00000000e+00	1	1.19300000e+04	1.19300000e+04	9.90000000e-01	1	1.20505051e+04	1.19307954e+04	1.19313920e+02	6.88859237e+01	1.18114815e+04	1.20501093e+04
3.41300000e+02	1.18800000e+04	1.01000000e+00	1	1.17623762e+04	1.18800000e+04	1.00000000e+00	1	1.18800000e+04	1.18800000e+04	9.90000000e-01	1	1.20000000e+04	1.18807921e+04	1.18813861e+02	6.85972148e+01	1.17619782e+04	1.19996059e+04
3.41400000e+02	1.18300000e+04	1.01000000e+00	1	1.17128713e+04	1.18300000e+04	1.00000000e+00	1	1.18300000e+04	1.18300000e+04	9.90000000e-01	1	1.19494949e+04	1.18307887e+04	1.18313803e+02	6.83085060e+01	1.17124749e+04	1.19491025e+04
3.41500000e+02	1.17700000e+04	1.01000000e+00	1	1.16534653e+04	1.17700000e+04	1.00000000e+00	1	1.17700000e+04	1.17700000e+04	9.90000000e-01	1	1.18888889e+04	1.17707847e+04	1.17713733e+02	6.79620554e+01	1.16530710e+04	1.18884985e+04
3.41600000e+02	1.17200000e+04	1.01000000e+00	1	1.16039604e+04	1.17200000e+04	1.00000000e+00	1	1.17200000e+04	1.17200000e+04	9.90000000e-01	1	1.18383838e+04	1.17207814e+04	1.17213675e+02	6.76733466e+01	1.16035677e+04	1.18379951e+04
3.41700000e+02	1.16800000e+04	1.01000000e+00	1	1.15643564e+04	1.16800000e+04	1.00000000e+00	1	1.16800000e+04	1.16800000e+04	9.90000000e-01	1	1.17979798e+04	1.16807787e+04	1.16813628e+02	6.74423796e+01	1.15639651e+04	1.17975924e+04
3.41800000e+02	1.16300000e+04	1.01000000e+00	1	1.15148515e+04	1.16300000e+04	1.00000000e+00	1	1.16300000e+04	1.16300000e+04	9.90000000e-01	1	1.17474747e+04	1.16307754e+04	1.16313570e+02	6.71536708e+01	1.15144618e+04	1.17470890e+04
3.41900000e+02	1.15800000e+04	1.01000000e+00	1	1.14653465e+04	1.15800000e+04	1.00000000e+00	1	1.15800000e+04	1.15800000e+04	9.90000000e-01	1	1.16969697e+04	1.15807721e+04	1.15813511e+02	6.68649619e+01	1.14649586e+04	1.16965856e+04
3.42000000e+02	1.15400000e+04	1.01000000e+00	1	1.14257426e+04	1.15400000e+04	1.00000000e+00	1	1.15400000e+04	1.15400000e+04	9.90000000e-01	1	1.16565657e+04	1.15407694e+04	1.15413465e+02	6.66339949e+01	1.14253559e+04	1.16561829e+04
3.42100000e+02	1.14800000e+04	1.01000000e+00	1	1.13663366e+04	1.14800000e+04	1.00000000e+00	1	1.14800000e+04	1.14800000e+04	9.90000000e-01	1	1.15959596e+04	1.14807654e+04	1.14813395e+02	6.62875443e+01	1.13659520e+04	1.15955788e+04
3.42200000e+02	1.14400000e+04	1.01000000e+00	1	1.13267327e+04	1.14400000e+04	1.00000000e+00	1	1.14400000e+04	1.14400000e+04	9.90000000e-01	1	1.15555556e+04	1.14407627e+04	1.14413348e+02	6.60565773e+01	1.13263494e+04	1.15551761e+04
3.42300000e+02	1.13900000e+04	1.01000000e+00	1	1.12772277e+04	1.13900000e+04	1.00000000e+00	1	1.13900000e+04	1.13900000e+04	9.90000000e-01	1	1.15050505e+04	1.13907594e+04	1.13913290e+02	6.57678684e+01	1.12768461e+04	1.15046727e+04
3.42400000e+02	1.13400000e+04	1.01000000e+00	1	1.12277228e+04	1.13400000e+04	1.00000000e+00	1	1.13400000e+04	1.13400000e+04	9.90000000e-01	1	1.14545455e+04	1.13407561e+04	1.13413231e+02	6.54791596e+01	1.12273428e+04	1.14541693e+04
3.42500000e+02	1.13000000e+04	1.01000000e+00	1	1.11881188e+04	1.13000000e+04	1.00000000e+00	1	1.13000000e+04	1.13000000e+04	9.90000000e-01	1	1.14141414e+04	1.13007534e+04	1.13013185e+02	6.52481926e+01	1.11877402e+04	1.14137666e+04
3.42600000e+02	1.12600000e+04	1.01000000e+00	1	1.11485149e+04	1.12600000e+04	1.00000000e+00	1	1.12600000e+04	1.12600000e+04	9.90000000e-01	1	1.13737374e+04	1.12607507e+04	1.12613138e+02	6.50172255e+01	1.11481376e+04	1.13733639e+04
3.42700000e+02	1.12100000e+04	1.01000000e+00	1	1.10990099e+04	1.12100000e+04	1.00000000e+00	1	1.12100000e+04	1.12100000e+04	9.90000000e-01	1	1.13232323e+04	1.12107474e+04	1.12113080e+02	6.47285167e+01	1.10986343e+04	1.13228605e+04
3.42800000e+02	1.11700000e+04	1.01000000e+00	1	1.10594059e+04	1.11700000e+04	1.00000000e+00	1	1.11700000e+04	1.11700000e+04	9.90000000e-01	1	1.12828283e+04	1.11707447e+04	1.11713033e+02	6.44975496e+01	1.10590317e+04	1.12824578e+04
3.42900000e+02	1.11200000e+04	1.01000000e+00	1	1.10099010e+04	1.11200000e+04	1.00000000e+00	1	1.11200000e+04	1.11200000e+04	9.90000000e-01	1	1.12323232e+04	1.11207414e+04	1.11212975e+02	6.42088408e+01	1.10095284e+04	1.12319544e+04
3.43000000e+02	1.10800000e+04	1.01000000e+00	1	1.09702970e+04	1.10800000e+04	1.00000000e+00	1	1.10800000e+04	1.10800000e+04	9.90000000e-01	1	1.11919192e+04	1.10807387e+04	1.10812928e+02	6.39778738e+01	1.09699258e+04	1.11915517e+04
3.43100000e+02	1.10300000e+04	1.01000000e+00	1	1.09207921e+04	1.10300000e+04	1.00000000e+00	1	1.10300000e+04	1.10300000e+04	9.90000000e-01	1	1.11414141e+04	1.10307354e+04	1.10312870e+02	6.36891650e+01	1.09204225e+04	1.11410483e+04
3.43200000e+02	1.09900000e+04	1.01000000e+00	1	1.08811881e+04	1.09900000e+04	1.00000000e+00	1	1.09900000e+04	1.09900000e+04	9.90000000e-01	1	1.11010101e+04	1.09907327e+04	1.09912823e+02	6.34581979e+01	1.08808199e+04	1.11006456e+04
3.43300000e+02	1.09500000e+04	1.01000000e+00	1	1.08415842e+04	1.09500000e+04	1.00000000e+00	1	1.09500000e+04	1.09500000e+04	9.90000000e-01	1	1.10606061e+04	1.09507301e+04	1.09512776e+02	6.32272309e+01	1.08412173e+04	1.10602428e+04
3.43400000e+02	1.09000000e+04	1.01000000e+00	1	1.07920792e+04	1.09000000e+04	1.00000000e+00	1	1.09000000e+04	1.09000000e+04	9.90000000e-01	1	1.10101010e+04	1.09007267e+04	1.09012718e+02	6.29385220e+01	1.07917140e+04	1.10097395e+04
3.43500000e+02	1.08700000e+04	1.01000000e+00	1	1.07623762e+04	1.08700000e+04	1.00000000e+00	1	1.08700000e+04	1.08700000e+04	9.90000000e-01	1	1.09797980e+04	1.08707247e+04	1.08712683e+02	6.27652967e+01	1.07620121e+04	1.09794374e+04
3.43600000e+02	1.08200000e+04	1.01000000e+00	1	1.07128713e+04	1.08200000e+04	1.00000000e+00	1	1.08200000e+04	1.08200000e+04	9.90000000e-01	1	1.09292929e+04	1.08207214e+04	1.08212625e+02	6.24765879e+01	1.07125088e+04	1.09289340e+04
3.43700000e+02	1.07800000e+04	1.01000000e+00	1	1.06732673e+04	1.07800000e+04	1.00000000e+00	1	1.07800000e+04	1.07800000e+04	9.90000000e-01	1	1.08888889e+04	1.07807187e+04	1.07812578e+02	6.22456209e+01	1.06729062e+04	1.08885313e+04
3.43800000e+02	1.07300000e+04	1.01000000e+00	1	1.06237624e+04	1.07300000e+04	1.00000000e+00	1	1.07300000e+04	1.07300000e+04	9.90000000e-01	1	1.08383838e+04	1.07307154e+04	1.07312520e+02	6.19569121e+01	1.06234029e+04	1.08380279e+04
3.43900000e+02	1.06900000e+04	1.01000000e+00	1	1.05841584e+04	1.06900000e+04	1.00000000e+00	1	1.06900000e+04	1.06900000e+04	9.90000000e-01	1	1.07979798e+04	1.06907127e+04	1.06912473e+02	6.17259450e+01	1.05838003e+04	1.07976252e+04
3.44000000e+02	1.06500000e+04	1.01000000e+00	1	1.05445545e+04	1.06500000e+04	1.00000000e+00	1	1.06500000e+04	1.06500000e+04	9.90000000e-01	1	1.07575758e+04	1.06507101e+04	1.06512426e+02	6.14949780e+01	1.05441976e+04	1.07572225e+04
3.44100000e+02	1.06000000e+04	1.01000000e+00	1	1.04950495e+04	1.06000000e+04	1.00000000e+00	1	1.06000000e+04	1.06000000e+04	9.90000000e-01	1	1.07070707e+04	1.06007067e+04	1.06012368e+02	6.12062691e+01	1.04946944e+04	1.07067191e+04
3.44200000e+02	1.05500000e+04	1.01000000e+00	1	1.04455446e+04	1.05500000e+04	1.00000000e+00	1	1.05500000e+04	1.05500000e+04	9.90000000e-01	1	1.06565657e+04	1.05507034e+04	1.05512310e+02	6.09175603e+01	1.04451911e+04	1.06562157e+04
3.44300000e+02	1.05100000e+04	1.01000000e+00	1	1.04059406e+04	1.05100000e+04	1.00000000e+00	1	1.05100000e+04	1.05100000e+04	9.90000000e-01	1	1.06161616e+04	1.05107007e+04	1.05112263e+02	6.06865933e+01	1.04055885e+04	1.06158130e+04
3.44400000e+02	1.04600000e+04	1.01000000e+00	1	1.03564356e+04	1.04600000e+04	1.00000000e+00	1	1.04600000e+04	1.04600000e+04	9.90000000e-01	1	1.05656566e+04	1.04606974e+04	1.04612205e+02	6.03978845e+01	1.03560852e+04	1.05653096e+04
3.44500000e+02	1.04200000e+04	1.01000000e+00	1	1.03168317e+04	1.04200000e+04	1.00000000e+00	1	1.04200000e+04	1.04200000e+04	9.90000000e-01	1	1.05252525e+04	1.04206947e+04	1.04212158e+02	6.01669174e+01	1.03164826e+04	1.05249069e+04
3.44600000e+02	1.03800000e+04	1.01000000e+00	1	1.02772277e+04	1.03800000e+04	1.00000000e+00	1	1.03800000e+04	1.03800000e+04	9.90000000e-01	1	1.04848485e+04	1.03806921e+04	1.03812111e+02	5.99359503e+01	1.02768800e+04	1.04845042e+04
3.44700000e+02	1.03300000e+04	1.01000000e+00	1	1.02277228e+04	1.03300000e+04	1.00000000e+00	1	1.03300000e+04	1.03300000e+04	9.90000000e-01	1	1.04343434e+04	1.03306887e+04	1.03312053e+02	5.96472415e+01	1.02273767e+04	1.04340008e+04
3.44800000e+02	1.02900000e+04	1.01000000e+00	1	1.01881188e+04	1.02900000e+04	1.00000000e+00	1	1.02900000e+04	1.02900000e+04	9.90000000e-01	1	1.03939394e+04	1.02906861e+04	1.02912006e+02	5.94162745e+01	1.01877741e+04	1.03935981e+04
3.44900000e+02	1.02400000e+04	1.01000000e+00	1	1.01386139e+04	1.02400000e+04	1.00000000e+00	1	1.02400000e+04	1.02400000e+04	9.90000000e-01	1	1.03434343e+04	1.02406827e+04	1.02411948e+02	5.91275657e+01	1.01382708e+04	1.03430947e+04
3.45000000e+02	1.02000000e+04	1.01000000e+00	1	1.00990099e+04	1.02000000e+04	1.00000000e+00	1	1.02000000e+04	1.02000000e+04	9.90000000e-01	1	1.03030303e+04	1.02006801e+04	1.02011901e+02	5.88965986e+01	1.00986682e+04	1.03026920e+04
3.45100000e+02	1.01500000e+04	1.01000000e+00	1	1.00495050e+04	1.01500000e+04	1.00000000e+00	1	1.01500000e+04	1.01500000e+04	9.90000000e-01	1	1.02525253e+04	1.01506767e+04	1.01511843e+02	5.86078898e+01	1.00491649e+04	1.02521886e+04
3.45200000e+02	1.01000000e+04	1.01000000e+00	1	1.00000000e+04	1.01000000e+04	1.00000000e+00	1	1.01000000e+04	1.01000000e+04	9.90000000e-01	1	1.02020202e+04	1.01006734e+04	1.01011784e+02	5.83191810e+01	9.99966162e+03	1.02016852e+04
3.45300000e+02	1.00500000e+04	1.01000000e+00	1	9.95049505e+03	1.00500000e+04	1.00000000e+00	1	1.00500000e+04	1.00500000e+04	9.90000000e-01	1	1.01515152e+04	1.00506701e+04	1.00511726e+02	5.80304722e+01	9.95015834e+03	1.01511818e+04
3.45400000e+02	1.00000000e+04	1.01000000e+00	1	9.90099010e+03	1.00000000e+04	1.00000000e+00	1	1.00000000e+04	1.00000000e+04	9.90000000e-01	1	1.01010101e+04	1.00006667e+04	1.00011668e+02	5.77417633e+01	9.90065507e+03	1.01006784e+04
3.45500000e+02	9.95400000e+03	1.01000000e+00	1	9.85544554e+03	9.95400000e+03	1.00000000e+00	1	9.95400000e+03	9.95400000e+03	9.90000000e-01	1	1.00545455e+04	9.95466367e+03	9.95516141e+01	5.74761512e+01	9.85511205e+03	1.00542153e+04
3.45600000e+02	9.90500000e+03	1.01000000e+00	1	9.80693069e+03	9.90500000e+03	1.00000000e+00	1	9.90500000e+03	9.90500000e+03	9.90000000e-01	1	1.00050505e+04	9.90566040e+03	9.90615570e+01	5.71932166e+01	9.80659884e+03	1.00047220e+04
3.45700000e+02	9.85100000e+03	1.01000000e+00	1	9.75346535e+03	9.85100000e+03	1.00000000e+00	1	9.85100000e+03	9.85100000e+03	9.90000000e-01	1	9.95050505e+03	9.85165680e+03	9.85214940e+01	5.68814111e+01	9.75313531e+03	9.95017829e+03
3.45800000e+02	9.80500000e+03	1.01000000e+00	1	9.70792079e+03	9.80500000e+03	1.00000000e+00	1	9.80500000e+03	9.80500000e+03	9.90000000e-01	1	9.90404040e+03	9.80565373e+03	9.80614403e+01	5.66157990e+01	9.70759229e+03	9.90371517e+03
3.45900000e+02	9.75000000e+03	1.01000000e+00	1	9.65346535e+03	9.75000000e+03	1.00000000e+00	1	9.75000000e+03	9.75000000e+03	9.90000000e-01	1	9.84848485e+03	9.75065007e+03	9.75113761e+01	5.62982193e+01	9.65313869e+03	9.84816144e+03
3.46000000e+02	9.70100000e+03	1.01000000e+00	1	9.60495050e+03	9.70100000e+03	1.00000000e+00	1	9.70100000e+03	9.70100000e+03	9.90000000e-01	1	9.79898990e+03	9.70164680e+03	9.70213190e+01	5.60152846e+01	9.60462548e+03	9.79866812e+03
3.46100000e+02	9.65000000e+03	1.01000000e+00	1	9.55445545e+03	9.65000000e+03	1.00000000e+00	1	9.65000000e+03	9.65000000e+03	9.90000000e-01	1	9.74747475e+03	9.65064340e+03	9.65112594e+01	5.57208016e+01	9.55413214e+03	9.74715466e+03
3.46200000e+02	9.59600000e+03	1.01000000e+00	1	9.50099010e+03	9.59600000e+03	1.00000000e+00	1	9.59600000e+03	9.59600000e+03	9.90000000e-01	1	9.69292929e+03	9.59663980e+03	9.59711964e+01	5.54089961e+01	9.50066860e+03	9.69261099e+03
3.46300000e+02	9.54200000e+03	1.01000000e+00	1	9.44752475e+03	9.54200000e+03	1.00000000e+00	1	9.54200000e+03	9.54200000e+03	9.90000000e-01	1	9.63838384e+03	9.54263620e+03	9.54311334e+01	5.50971906e+01	9.44720506e+03	9.63806733e+03
3.46400000e+02	9.48800000e+03	1.01000000e+00	1	9.39405941e+03	9.48800000e+03	1.00000000e+00	1	9.48800000e+03	9.48800000e+03	9.90000000e-01	1	9.58383838e+03	9.48863260e+03	9.48910704e+01	5.47853851e+01	9.39374153e+03	9.58352367e+03
3.46500000e+02	9.43300000e+03	1.01000000e+00	1	9.33960396e+03	9.43300000e+03	1.00000000e+00	1	9.43300000e+03	9.43300000e+03	9.90000000e-01	1	9.52828283e+03	9.43362893e+03	9.43410063e+01	5.44678054e+01	9.33928792e+03	9.52796994e+03
3.46600000e+02	9.37200000e+03	1.01000000e+00	1	9.27920792e+03	9.37200000e+03	1.00000000e+00	1	9.37200000e+03	9.37200000e+03	9.90000000e-01	1	9.46666667e+03	9.37262486e+03	9.37309351e+01	5.41155806e+01	9.27889393e+03	9.46635580e+03
3.46700000e+02	9.31900000e+03	1.01000000e+00	1	9.22673267e+03	9.31900000e+03	1.00000000e+00	1	9.31900000e+03	9.31900000e+03	9.90000000e-01	1	9.41313131e+03	9.31962133e+03	9.32008732e+01	5.38095493e+01	9.22642046e+03	9.41282220e+03
3.46800000e+02	9.25700000e+03	1.01000000e+00	1	9.16534653e+03	9.25700000e+03	1.00000000e+00	1	9.25700000e+03	9.25700000e+03	9.90000000e-01	1	9.35050505e+03	9.25761720e+03	9.25808009e+01	5.34515503e+01	9.16503639e+03	9.35019800e+03
3.46900000e+02	9.19600000e+03	1.01000000e+00	1	9.10495050e+03	9.19600000e+03	1.00000000e+00	1	9.19600000e+03	9.19600000e+03	9.90000000e-01	1	9.28888889e+03	9.19661313e+03	9.19707297e+01	5.30993256e+01	9.10464240e+03	9.28858386e+03
3.47000000e+02	9.14200000e+03	1.01000000e+00	1	9.05148515e+03	9.14200000e+03	1.00000000e+00	1	9.14200000e+03	9.14200000e+03	9.90000000e-01	1	9.23434343e+03	9.14260953e+03	9.14306667e+01	5.27875200e+01	9.05117886e+03	9.23404019e+03
3.47100000e+02	9.08100000e+03	1.01000000e+00	1	8.99108911e+03	9.08100000e+03	1.00000000e+00	1	9.08100000e+03	9.08100000e+03	9.90000000e-01	1	9.17272727e+03	9.08160546e+03	9.08205955e+01	5.24352953e+01	8.99078486e+03	9.17242606e+03
3.47200000e+02	9.01700000e+03	1.01000000e+00	1	8.92772277e+03	9.01700000e+03	1.00000000e+00	1	9.01700000e+03	9.01700000e+03	9.90000000e-01	1	9.10808081e+03	9.01760119e+03	9.01805209e+01	5.20657480e+01	8.92742067e+03	9.10778171e+03
3.47300000e+02	8.96000000e+03	1.01000000e+00	1	8.87128713e+03	8.96000000e+03	1.00000000e+00	1	8.96000000e+03	8.96000000e+03	9.90000000e-01	1	9.05050505e+03	8.96059739e+03	8.96104544e+01	5.17366200e+01	8.87098694e+03	9.05020785e+03
3.47400000e+02	8.89400000e+03	1.01000000e+00	1	8.80594059e+03	8.89400000e+03	1.00000000e+00	1	8.89400000e+03	8.89400000e+03	9.90000000e-01	1	8.98383838e+03	8.89459299e+03	8.89503774e+01	5.13555243e+01	8.80564262e+03	8.98354337e+03
3.47500000e+02	8.83300000e+03	1.01000000e+00	1	8.74554455e+03	8.83300000e+03	1.00000000e+00	1	8.83300000e+03	8.83300000e+03	9.90000000e-01	1	8.92222222e+03	8.83358893e+03	8.83403062e+01	5.10032996e+01	8.74524862e+03	8.92192923e+03
3.47600000e+02	8.77000000e+03	1.01000000e+00	1	8.68316832e+03	8.77000000e+03	1.00000000e+00	1	8.77000000e+03	8.77000000e+03	9.90000000e-01	1	8.85858586e+03	8.77058473e+03	8.77102327e+01	5.06395264e+01	8.68287449e+03	8.85829496e+03
3.47700000e+02	8.70500000e+03	1.01000000e+00	1	8.61881188e+03	8.70500000e+03	1.00000000e+00	1	8.70500000e+03	8.70500000e+03	9.90000000e-01	1	8.79292929e+03	8.70558039e+03	8.70601568e+01	5.02642050e+01	8.61852023e+03	8.79264055e+03
3.47800000e+02	8.64000000e+03	1.01000000e+00	1	8.55445545e+03	8.64000000e+03	1.00000000e+00	1	8.64000000e+03	8.64000000e+03	9.90000000e-01	1	8.72727273e+03	8.64057606e+03	8.64100810e+01	4.98888835e+01	8.55416598e+03	8.72698614e+03
3.47900000e+02	8.56800000e+03	1.01000000e+00	1	8.48316832e+03	8.56800000e+03	1.00000000e+00	1	8.56800000e+03	8.56800000e+03	9.90000000e-01	1	8.65454545e+03	8.56857126e+03	8.56899970e+01	4.94731428e+01	8.48288126e+03	8.65426125e+03
3.48000000e+02	8.50100000e+03	1.01000000e+00	1	8.41683168e+03	8.50100000e+03	1.00000000e+00	1	8.50100000e+03	8.50100000e+03	9.90000000e-01	1	8.58686869e+03	8.50156679e+03	8.50199188e+01	4.90862730e+01	8.41654687e+03	8.58658671e+03
3.48100000e+02	8.43300000e+03	1.01000000e+00	1	8.34950495e+03	8.43300000e+03	1.00000000e+00	1	8.43300000e+03	8.43300000e+03	9.90000000e-01	1	8.51818182e+03	8.43356226e+03	8.43398395e+01	4.86936290e+01	8.34922242e+03	8.51790210e+03
3.48200000e+02	8.36400000e+03	1.01000000e+00	1	8.28118812e+03	8.36400000e+03	1.00000000e+00	1	8.36400000e+03	8.36400000e+03	9.90000000e-01	1	8.44848485e+03	8.36455766e+03	8.36497590e+01	4.82952109e+01	8.28090790e+03	8.44820741e+03
3.48300000e+02	8.29300000e+03	1.01000000e+00	1	8.21089109e+03	8.29300000e+03	1.00000000e+00	1	8.29300000e+03	8.29300000e+03	9.90000000e-01	1	8.37676768e+03	8.29355292e+03	8.29396761e+01	4.78852443e+01	8.21061325e+03	8.37649260e+03
3.48400000e+02	8.22600000e+03	1.01000000e+00	1	8.14455446e+03	8.22600000e+03	1.00000000e+00	1	8.22600000e+03	8.22600000e+03	9.90000000e-01	1	8.30909091e+03	8.22654845e+03	8.22695979e+01	4.74983745e+01	8.14427886e+03	8.30881805e+03
3.48500000e+02	8.15600000e+03	1.01000000e+00	1	8.07524752e+03	8.15600000e+03	1.00000000e+00	1	8.15600000e+03	8.15600000e+03	9.90000000e-01	1	8.23838384e+03	8.15654379e+03	8.15695163e+01	4.70941822e+01	8.07497427e+03	8.23811330e+03
3.48600000e+02	8.08400000e+03	1.01000000e+00	1	8.00396040e+03	8.08400000e+03	1.00000000e+00	1	8.08400000e+03	8.08400000e+03	9.90000000e-01	1	8.16565657e+03	8.08453899e+03	8.08494323e+01	4.66784415e+01	8.00368955e+03	8.16538842e+03
3.48700000e+02	8.01300000e+03	1.01000000e+00	1	7.93366337e+03	8.01300000e+03	1.00000000e+00	1	8.01300000e+03	8.01300000e+03	9.90000000e-01	1	8.09393939e+03	8.01353425e+03	8.01393494e+01	4.62684750e+01	7.93339490e+03	8.09367360e+03
3.48800000e+02	7.93400000e+03	1.01000000e+00	1	7.85544554e+03	7.93400000e+03	1.00000000e+00	1	7.93400000e+03	7.93400000e+03	9.90000000e-01	1	8.01414141e+03	7.93452899e+03	7.93492572e+01	4.58123150e+01	7.85517973e+03	8.01387824e+03
3.48900000e+02	7.86300000e+03	1.01000000e+00	1	7.78514851e+03	7.86300000e+03	1.00000000e+00	1	7.86300000e+03	7.86300000e+03	9.90000000e-01	1	7.94242424e+03	7.86352425e+03	7.86391744e+01	4.54023485e+01	7.78488508e+03	7.94216343e+03
3.49000000e+02	7.79100000e+03	1.01000000e+00	1	7.71386139e+03	7.79100000e+03	1.00000000e+00	1	7.79100000e+03	7.79100000e+03	9.90000000e-01	1	7.86969697e+03	7.79151945e+03	7.79190904e+01	4.49866078e+01	7.71360036e+03	7.86943854e+03
3.49100000e+02	7.71500000e+03	1.01000000e+00	1	7.63861386e+03	7.71500000e+03	1.00000000e+00	1	7.71500000e+03	7.71500000e+03	9.90000000e-01	1	7.79292929e+03	7.71551438e+03	7.71590017e+01	4.45477704e+01	7.63835538e+03	7.79267339e+03
3.49200000e+02	7.63200000e+03	1.01000000e+00	1	7.55643564e+03	7.63200000e+03	1.00000000e+00	1	7.63200000e+03	7.63200000e+03	9.90000000e-01	1	7.70909091e+03	7.63250885e+03	7.63289049e+01	4.40685138e+01	7.55617995e+03	7.70883776e+03
3.49300000e+02	7.56200000e+03	1.01000000e+00	1	7.48712871e+03	7.56200000e+03	1.00000000e+00	1	7.56200000e+03	7.56200000e+03	9.90000000e-01	1	7.63838384e+03	7.56250418e+03	7.56288232e+01	4.36643214e+01	7.48687536e+03	7.63813301e+03
3.49400000e+02	7.47600000e+03	1.01000000e+00	1	7.40198020e+03	7.47600000e+03	1.00000000e+00	1	7.47600000e+03	7.47600000e+03	9.90000000e-01	1	7.55151515e+03	7.47649845e+03	7.47687229e+01	4.31677423e+01	7.40172973e+03	7.55126717e+03
3.49500000e+02	7.40100000e+03	1.01000000e+00	1	7.32772277e+03	7.40100000e+03	1.00000000e+00	1	7.40100000e+03	7.40100000e+03	9.90000000e-01	1	7.47575758e+03	7.40149345e+03	7.40186354e+01	4.27346790e+01	7.32747481e+03	7.47551208e+03
3.49600000e+02	7.32100000e+03	1.01000000e+00	1	7.24851485e+03	7.32100000e+03	1.00000000e+00	1	7.32100000e+03	7.32100000e+03	9.90000000e-01	1	7.39494949e+03	7.32148812e+03	7.32185420e+01	4.22727449e+01	7.24826957e+03	7.39470666e+03
3.49700000e+02	7.24800000e+03	1.01000000e+00	1	7.17623762e+03	7.24800000e+03	1.00000000e+00	1	7.24800000e+03	7.24800000e+03	9.90000000e-01	1	7.32121212e+03	7.24848325e+03	7.24884568e+01	4.18512301e+01	7.17599479e+03	7.32097171e+03
3.49800000e+02	7.16600000e+03	1.01000000e+00	1	7.09504950e+03	7.16600000e+03	1.00000000e+00	1	7.16600000e+03	7.16600000e+03	9.90000000e-01	1	7.23838384e+03	7.16647778e+03	7.16683612e+01	4.13777476e+01	7.09480942e+03	7.23814614e+03
3.49900000e+02	7.09100000e+03	1.01000000e+00	1	7.02079208e+03	7.09100000e+03	1.00000000e+00	1	7.09100000e+03	7.09100000e+03	9.90000000e-01	1	7.16262626e+03	7.09147278e+03	7.09182737e+01	4.09446844e+01	7.02055451e+03	7.16239105e+03
3.50000000e+02	7.01100000e+03	1.01000000e+00	1	6.94158416e+03	7.01100000e+03	1.00000000e+00	1	7.01100000e+03	7.01100000e+03	9.90000000e-01	1	7.08181818e+03	7.01146745e+03	7.01181803e+01	4.04827503e+01	6.94134927e+03	7.08158563e+03
3.50100000e+02	6.92700000e+03	1.01000000e+00	1	6.85841584e+03	6.92700000e+03	1.00000000e+00	1	6.92700000e+03	6.92700000e+03	9.90000000e-01	1	6.99696970e+03	6.92746185e+03	6.92780823e+01	3.99977195e+01	6.85818376e+03	6.99673993e+03
3.50200000e+02	6.85100000e+03	1.01000000e+00	1	6.78316832e+03	6.85100000e+03	1.00000000e+00	1	6.85100000e+03	6.85100000e+03	9.90000000e-01	1	6.92020202e+03	6.85145678e+03	6.85179936e+01	3.95588821e+01	6.78293879e+03	6.91997477e+03
3.50300000e+02	6.76800000e+03	1.01000000e+00	1	6.70099010e+03	6.76800000e+03	1.00000000e+00	1	6.76800000e+03	6.76800000e+03	9.90000000e-01	1	6.83636364e+03	6.76845125e+03	6.76878968e+01	3.90796254e+01	6.70076335e+03	6.83613914e+03
3.50400000e+02	6.69300000e+03	1.01000000e+00	1	6.62673267e+03	6.69300000e+03	1.00000000e+00	1	6.69300000e+03	6.69300000e+03	9.90000000e-01	1	6.76060606e+03	6.69344624e+03	6.69378093e+01	3.86465622e+01	6.62650844e+03	6.76038405e+03
3.50500000e+02	6.60200000e+03	1.01000000e+00	1	6.53663366e+03	6.60200000e+03	1.00000000e+00	1	6.60200000e+03	6.60200000e+03	9.90000000e-01	1	6.66868687e+03	6.60244018e+03	6.60277031e+01	3.81211122e+01	6.53641247e+03	6.66846788e+03
3.50600000e+02	6.52400000e+03	1.01000000e+00	1	6.45940594e+03	6.52400000e+03	1.00000000e+00	1	6.52400000e+03	6.52400000e+03	9.90000000e-01	1	6.58989899e+03	6.52443498e+03	6.52476121e+01	3.76707264e+01	6.45918736e+03	6.58968259e+03
3.50700000e+02	6.43400000e+03	1.01000000e+00	1	6.37029703e+03	6.43400000e+03	1.00000000e+00	1	6.43400000e+03	6.43400000e+03	9.90000000e-01	1	6.49898990e+03	6.43442898e+03	6.43475071e+01	3.71510505e+01	6.37008147e+03	6.49877648e+03
3.50800000e+02	6.35900000e+03	1.01000000e+00	1	6.29603960e+03	6.35900000e+03	1.00000000e+00	1	6.35900000e+03	6.35900000e+03	9.90000000e-01	1	6.42323232e+03	6.35942398e+03	6.35974196e+01	3.67179873e+01	6.29582656e+03	6.42302140e+03
3.50900000e+02	6.27200000e+03	1.01000000e+00	1	6.20990099e+03	6.27200000e+03	1.00000000e+00	1	6.27200000e+03	6.27200000e+03	9.90000000e-01	1	6.33535354e+03	6.27241818e+03	6.27273181e+01	3.62156340e+01	6.20969086e+03	6.33514549e+03
3.51000000e+02	6.19500000e+03	1.01000000e+00	1	6.13366337e+03	6.19500000e+03	1.00000000e+00	1	6.19500000e+03	6.19500000e+03	9.90000000e-01	1	6.25757576e+03	6.19541304e+03	6.19572282e+01	3.57710224e+01	6.13345581e+03	6.25737027e+03
3.51100000e+02	6.11000000e+03	1.01000000e+00	1	6.04950495e+03	6.11000000e+03	1.00000000e+00	1	6.11000000e+03	6.11000000e+03	9.90000000e-01	1	6.17171717e+03	6.11040737e+03	6.11071290e+01	3.52802174e+01	6.04930025e+03	6.17151450e+03
3.51200000e+02	6.03000000e+03	1.01000000e+00	1	5.97029703e+03	6.03000000e+03	1.00000000e+00	1	6.03000000e+03	6.03000000e+03	9.90000000e-01	1	6.09090909e+03	6.03040204e+03	6.03070357e+01	3.48182833e+01	5.97009500e+03	6.09070908e+03
3.51300000e+02	5.94800000e+03	1.01000000e+00	1	5.88910891e+03	5.94800000e+03	1.00000000e+00	1	5.94800000e+03	5.94800000e+03	9.90000000e-01	1	6.00808081e+03	5.94839657e+03	5.94869400e+01	3.43448008e+01	5.88890963e+03	6.00788351e+03
3.51400000e+02	5.86400000e+03	1.01000000e+00	1	5.80594059e+03	5.86400000e+03	1.00000000e+00	1	5.86400000e+03	5.86400000e+03	9.90000000e-01	1	5.92323232e+03	5.86439097e+03	5.86468420e+01	3.38597700e+01	5.80574413e+03	5.92303781e+03
3.51500000e+02	5.78400000e+03	1.01000000e+00	1	5.72673267e+03	5.78400000e+03	1.00000000e+00	1	5.78400000e+03	5.78400000e+03	9.90000000e-01	1	5.84242424e+03	5.78438564e+03	5.78467487e+01	3.33978359e+01	5.72653889e+03	5.84223239e+03
3.51600000e+02	5.70200000e+03	1.01000000e+00	1	5.64554455e+03	5.70200000e+03	1.00000000e+00	1	5.70200000e+03	5.70200000e+03	9.90000000e-01	1	5.75959596e+03	5.70238017e+03	5.70266530e+01	3.29243535e+01	5.64535352e+03	5.75940682e+03
3.51700000e+02	5.62300000e+03	1.01000000e+00	1	5.56732673e+03	5.62300000e+03	1.00000000e+00	1	5.62300000e+03	5.62300000e+03	9.90000000e-01	1	5.67979798e+03	5.62337490e+03	5.62365608e+01	3.24681935e+01	5.56713834e+03	5.67961146e+03
3.51800000e+02	5.53300000e+03	1.01000000e+00	1	5.47821782e+03	5.53300000e+03	1.00000000e+00	1	5.53300000e+03	5.53300000e+03	9.90000000e-01	1	5.58888889e+03	5.53336890e+03	5.53364558e+01	3.19485177e+01	5.47803245e+03	5.58870536e+03
3.51900000e+02	5.45400000e+03	1.01000000e+00	1	5.40000000e+03	5.45400000e+03	1.00000000e+00	1	5.45400000e+03	5.45400000e+03	9.90000000e-01	1	5.50909091e+03	5.45436364e+03	5.45463636e+01	3.14923577e+01	5.39981727e+03	5.50891000e+03
3.52000000e+02	5.37300000e+03	1.01000000e+00	1	5.31980198e+03	5.37300000e+03	1.00000000e+00	1	5.37300000e+03	5.37300000e+03	9.90000000e-01	1	5.42727273e+03	5.37335824e+03	5.37362691e+01	3.10246494e+01	5.31962197e+03	5.42709450e+03
3.52100000e+02	5.29000000e+03	1.01000000e+00	1	5.23762376e+03	5.29000000e+03	1.00000000e+00	1	5.29000000e+03	5.29000000e+03	9.90000000e-01	1	5.34343434e+03	5.29035270e+03	5.29061723e+01	3.05453928e+01	5.23744653e+03	5.34325887e+03
3.52200000e+02	5.20300000e+03	1.01000000e+00	1	5.15148515e+03	5.20300000e+03	1.00000000e+00	1	5.20300000e+03	5.20300000e+03	9.90000000e-01	1	5.25555556e+03	5.20334690e+03	5.20360708e+01	3.00430395e+01	5.15131083e+03	5.25538297e+03
3.52300000e+02	5.12900000e+03	1.01000000e+00	1	5.07821782e+03	5.12900000e+03	1.00000000e+00	1	5.12900000e+03	5.12900000e+03	9.90000000e-01	1	5.18080808e+03	5.12934197e+03	5.12959844e+01	2.96157504e+01	5.07804598e+03	5.18063795e+03
3.52400000e+02	5.04600000e+03	1.01000000e+00	1	4.99603960e+03	5.04600000e+03	1.00000000e+00	1	5.04600000e+03	5.04600000e+03	9.90000000e-01	1	5.09696970e+03	5.04633643e+03	5.04658876e+01	2.91364938e+01	4.99587055e+03	5.09680232e+03
3.52500000e+02	4.96700000e+03	1.01000000e+00	1	4.91782178e+03	4.96700000e+03	1.00000000e+00	1	4.96700000e+03	4.96700000e+03	9.90000000e-01	1	5.01717172e+03	4.96733117e+03	4.96757954e+01	2.86803338e+01	4.91765537e+03	5.01700696e+03
3.52600000e+02	4.89300000e+03	1.01000000e+00	1	4.84455446e+03	4.89300000e+03	1.00000000e+00	1	4.89300000e+03	4.89300000e+03	9.90000000e-01	1	4.94242424e+03	4.89332623e+03	4.89357091e+01	2.82530448e+01	4.84439052e+03	4.94226194e+03
3.52700000e+02	4.80800000e+03	1.01000000e+00	1	4.76039604e+03	4.80800000e+03	1.00000000e+00	1	4.80800000e+03	4.80800000e+03	9.90000000e-01	1	4.85656566e+03	4.80832057e+03	4.80856099e+01	2.77622398e+01	4.76023496e+03	4.85640618e+03
3.52800000e+02	4.73100000e+03	1.01000000e+00	1	4.68415842e+03	4.73100000e+03	1.00000000e+00	1	4.73100000e+03	4.73100000e+03	9.90000000e-01	1	4.77878788e+03	4.73131543e+03	4.73155200e+01	2.73176282e+01	4.68399991e+03	4.77863095e+03
3.52900000e+02	4.65100000e+03	1.01000000e+00	1	4.60495050e+03	4.65100000e+03	1.00000000e+00	1	4.65100000e+03	4.65100000e+03	9.90000000e-01	1	4.69797980e+03	4.65131010e+03	4.65154267e+01	2.68556941e+01	4.60479467e+03	4.69782552e+03
3.53000000e+02	4.58200000e+03	1.01000000e+00	1	4.53663366e+03	4.58200000e+03	1.00000000e+00	1	4.58200000e+03	4.58200000e+03	9.90000000e-01	1	4.62828283e+03	4.58230550e+03	4.58253462e+01	2.64572760e+01	4.53648015e+03	4.62813084e+03
3.53100000e+02	4.49600000e+03	1.01000000e+00	1	4.45148515e+03	4.49600000e+03	1.00000000e+00	1	4.49600000e+03	4.49600000e+03	9.90000000e-01	1	4.54141414e+03	4.49629976e+03	4.49652459e+01	2.59606968e+01	4.45133452e+03	4.54126501e+03
3.53200000e+02	4.42300000e+03	1.01000000e+00	1	4.37920792e+03	4.42300000e+03	1.00000000e+00	1	4.42300000e+03	4.42300000e+03	9.90000000e-01	1	4.46767677e+03	4.42329490e+03	4.42351607e+01	2.55391819e+01	4.37905974e+03	4.46753006e+03
3.53300000e+02	4.34300000e+03	1.01000000e+00	1	4.30000000e+03	4.34300000e+03	1.00000000e+00	1	4.34300000e+03	4.34300000e+03	9.90000000e-01	1	4.38686869e+03	4.34328956e+03	4.34350673e+01	2.50772478e+01	4.29985449e+03	4.38672463e+03
3.53400000e+02	4.26800000e+03	1.01000000e+00	1	4.22574257e+03	4.26800000e+03	1.00000000e+00	1	4.26800000e+03	4.26800000e+03	9.90000000e-01	1	4.31111111e+03	4.26828456e+03	4.26849798e+01	2.46441846e+01	4.22559958e+03	4.31096954e+03
3.53500000e+02	4.19100000e+03	1.01000000e+00	1	4.14950495e+03	4.19100000e+03	1.00000000e+00	1	4.19100000e+03	4.19100000e+03	9.90000000e-01	1	4.23333333e+03	4.19127943e+03	4.19148900e+01	2.41995730e+01	4.14936454e+03	4.23319432e+03
3.53600000e+02	4.12000000e+03	1.01000000e+00	1	4.07920792e+03	4.12000000e+03	1.00000000e+00	1	4.12000000e+03	4.12000000e+03	9.90000000e-01	1	4.16161616e+03	4.12027469e+03	4.12048071e+01	2.37896065e+01	4.07906989e+03	4.16147950e+03
3.53700000e+02	4.04600000e+03	1.01000000e+00	1	4.00594059e+03	4.04600000e+03	1.00000000e+00	1	4.04600000e+03	4.04600000e+03	9.90000000e-01	1	4.08686869e+03	4.04626976e+03	4.04647208e+01	2.33623174e+01	4.00580504e+03	4.08673448e+03
3.53800000e+02	3.97400000e+03	1.01000000e+00	1	3.93465347e+03	3.97400000e+03	1.00000000e+00	1	3.97400000e+03	3.97400000e+03	9.90000000e-01	1	4.01414141e+03	3.97426496e+03	3.97446368e+01	2.29465768e+01	3.93452032e+03	4.01400960e+03
3.53900000e+02	3.90600000e+03	1.01000000e+00	1	3.86732673e+03	3.90600000e+03	1.00000000e+00	1	3.90600000e+03	3.90600000e+03	9.90000000e-01	1	3.94545455e+03	3.90626043e+03	3.90645575e+01	2.25539328e+01	3.86719587e+03	3.94532498e+03
3.54000000e+02	3.83100000e+03	1.01000000e+00	1	3.79306931e+03	3.83100000e+03	1.00000000e+00	1	3.83100000e+03	3.83100000e+03	9.90000000e-01	1	3.86969697e+03	3.83125543e+03	3.83144699e+01	2.21208695e+01	3.79294096e+03	3.86956990e+03
3.54100000e+02	3.76300000e+03	1.01000000e+00	1	3.72574257e+03	3.76300000e+03	1.00000000e+00	1	3.76300000e+03	3.76300000e+03	9.90000000e-01	1	3.80101010e+03	3.76325089e+03	3.76343906e+01	2.17282255e+01	3.72561650e+03	3.80088528e+03
3.54200000e+02	3.69300000e+03	1.01000000e+00	1	3.65643564e+03	3.69300000e+03	1.00000000e+00	1	3.69300000e+03	3.69300000e+03	9.90000000e-01	1	3.73030303e+03	3.69324622e+03	3.69343089e+01	2.13240332e+01	3.65631192e+03	3.73018053e+03
3.54300000e+02	3.62500000e+03	1.01000000e+00	1	3.58910891e+03	3.62500000e+03	1.00000000e+00	1	3.62500000e+03	3.62500000e+03	9.90000000e-01	1	3.66161616e+03	3.62524169e+03	3.62542296e+01	2.09313892e+01	3.58898746e+03	3.66149592e+03
3.54400000e+02	3.55500000e+03	1.01000000e+00	1	3.51980198e+03	3.55500000e+03	1.00000000e+00	1	3.55500000e+03	3.55500000e+03	9.90000000e-01	1	3.59090909e+03	3.55523702e+03	3.55541479e+01	2.05271969e+01	3.51968288e+03	3.59079117e+03
3.54500000e+02	3.48900000e+03	1.01000000e+00	1	3.45445545e+03	3.48900000e+03	1.00000000e+00	1	3.48900000e+03	3.48900000e+03	9.90000000e-01	1	3.52424242e+03	3.48923262e+03	3.48940709e+01	2.01461012e+01	3.45433855e+03	3.52412669e+03
3.54600000e+02	3.41800000e+03	1.01000000e+00	1	3.38415842e+03	3.41800000e+03	1.00000000e+00	1	3.41800000e+03	3.41800000e+03	9.90000000e-01	1	3.45252525e+03	3.41822789e+03	3.41839881e+01	1.97361347e+01	3.38404390e+03	3.45241188e+03
3.54700000e+02	3.35500000e+03	1.01000000e+00	1	3.32178218e+03	3.35500000e+03	1.00000000e+00	1	3.35500000e+03	3.35500000e+03	9.90000000e-01	1	3.38888889e+03	3.35522369e+03	3.35539146e+01	1.93723616e+01	3.32166977e+03	3.38877760e+03
3.54800000e+02	3.28900000e+03	1.01000000e+00	1	3.25643564e+03	3.28900000e+03	1.00000000e+00	1	3.28900000e+03	3.28900000e+03	9.90000000e-01	1	3.32222222e+03	3.28921929e+03	3.28938375e+01	1.89912660e+01	3.25632545e+03	3.32211313e+03
3.54900000e+02	3.22600000e+03	1.01000000e+00	1	3.19405941e+03	3.22600000e+03	1.00000000e+00	1	3.22600000e+03	3.22600000e+03	9.90000000e-01	1	3.25858586e+03	3.22621509e+03	3.22637640e+01	1.86274929e+01	3.19395132e+03	3.25847885e+03
3.55000000e+02	3.16000000e+03	1.01000000e+00	1	3.12871287e+03	3.16000000e+03	1.00000000e+00	1	3.16000000e+03	3.16000000e+03	9.90000000e-01	1	3.19191919e+03	3.16021069e+03	3.16036870e+01	1.82463972e+01	3.12860700e+03	3.19181437e+03
3.55100000e+02	3.10000000e+03	1.01000000e+00	1	3.06930693e+03	3.10000000e+03	1.00000000e+00	1	3.10000000e+03	3.10000000e+03	9.90000000e-01	1	3.13131313e+03	3.10020669e+03	3.10036170e+01	1.78999466e+01	3.06920307e+03	3.13121030e+03
3.55200000e+02	3.04200000e+03	1.01000000e+00	1	3.01188119e+03	3.04200000e+03	1.00000000e+00	1	3.04200000e+03	3.04200000e+03	9.90000000e-01	1	3.07272727e+03	3.04220282e+03	3.04235494e+01	1.75650444e+01	3.01177927e+03	3.07262637e+03
3.55300000e+02	2.97900000e+03	1.01000000e+00	1	2.94950495e+03	2.97900000e+03	1.00000000e+00	1	2.97900000e+03	2.97900000e+03	9.90000000e-01	1	3.00909091e+03	2.97919862e+03	2.97934758e+01	1.72012713e+01	2.94940514e+03	3.00899210e+03
3.55400000e+02	2.92300000e+03	1.01000000e+00	1	2.89405941e+03	2.92300000e+03	1.00000000e+00	1	2.92300000e+03	2.92300000e+03	9.90000000e-01	1	2.95252525e+03	2.92319489e+03	2.92334105e+01	1.68779174e+01	2.89396148e+03	2.95242830e+03
3.55500000e+02	2.85800000e+03	1.01000000e+00	1	2.82970297e+03	2.85800000e+03	1.00000000e+00	1	2.85800000e+03	2.85800000e+03	9.90000000e-01	1	2.88686869e+03	2.85819055e+03	2.85833347e+01	1.65025960e+01	2.82960722e+03	2.88677389e+03
3.55600000e+02	2.80700000e+03	1.01000000e+00	1	2.77920792e+03	2.80700000e+03	1.00000000e+00	1	2.80700000e+03	2.80700000e+03	9.90000000e-01	1	2.83535354e+03	2.80718715e+03	2.80732752e+01	1.62081130e+01	2.77911388e+03	2.83526043e+03
3.55700000e+02	2.74700000e+03	1.01000000e+00	1	2.71980198e+03	2.74700000e+03	1.00000000e+00	1	2.74700000e+03	2.74700000e+03	9.90000000e-01	1	2.77474747e+03	2.74718315e+03	2.74732052e+01	1.58616624e+01	2.71970995e+03	2.77465636e+03
3.55800000e+02	2.69500000e+03	1.01000000e+00	1	2.66831683e+03	2.69500000e+03	1.00000000e+00	1	2.69500000e+03	2.69500000e+03	9.90000000e-01	1	2.72222222e+03	2.69517968e+03	2.69531445e+01	1.55614052e+01	2.66822654e+03	2.72213283e+03
3.55900000e+02	2.63300000e+03	1.01000000e+00	1	2.60693069e+03	2.63300000e+03	1.00000000e+00	1	2.63300000e+03	2.63300000e+03	9.90000000e-01	1	2.65959596e+03	2.63317555e+03	2.63330721e+01	1.52034063e+01	2.60684248e+03	2.65950862e+03
3.56000000e+02	2.58300000e+03	1.01000000e+00	1	2.55742574e+03	2.58300000e+03	1.00000000e+00	1	2.58300000e+03	2.58300000e+03	9.90000000e-01	1	2.60909091e+03	2.58317222e+03	2.58330138e+01	1.49146975e+01	2.55733920e+03	2.60900523e+03
3.56100000e+02	2.52400000e+03	1.01000000e+00	1	2.49900990e+03	2.52400000e+03	1.00000000e+00	1	2.52400000e+03	2.52400000e+03	9.90000000e-01	1	2.54949495e+03	2.52416828e+03	2.52429450e+01	1.45740211e+01	2.49892534e+03	2.54941123e+03
3.56200000e+02	2.47500000e+03	1.01000000e+00	1	2.45049505e+03	2.47500000e+03	1.00000000e+00	1	2.47500000e+03	2.47500000e+03	9.90000000e-01	1	2.50000000e+03	2.47516502e+03	2.47528878e+01	1.42910864e+01	2.45041213e+03	2.49991790e+03
3.56300000e+02	2.42400000e+03	1.01000000e+00	1	2.40000000e+03	2.42400000e+03	1.00000000e+00	1	2.42400000e+03	2.42400000e+03	9.90000000e-01	1	2.44848485e+03	2.42416162e+03	2.42428283e+01	1.39966034e+01	2.39991879e+03	2.44840444e+03
3.56400000e+02	2.37400000e+03	1.01000000e+00	1	2.35049505e+03	2.37400000e+03	1.00000000e+00	1	2.37400000e+03	2.37400000e+03	9.90000000e-01	1	2.39797980e+03	2.37415828e+03	2.37427699e+01	1.37078946e+01	2.35041551e+03	2.39790105e+03
3.56500000e+02	2.32400000e+03	1.01000000e+00	1	2.30099010e+03	2.32400000e+03	1.00000000e+00	1	2.32400000e+03	2.32400000e+03	9.90000000e-01	1	2.34747475e+03	2.32415495e+03	2.32427116e+01	1.34191858e+01	2.30091224e+03	2.34739766e+03
3.56600000e+02	2.27600000e+03	1.01000000e+00	1	2.25346535e+03	2.27600000e+03	1.00000000e+00	1	2.27600000e+03	2.27600000e+03	9.90000000e-01	1	2.29898990e+03	2.27615175e+03	2.27626556e+01	1.31420253e+01	2.25338909e+03	2.29891440e+03
3.56700000e+02	2.22700000e+03	1.01000000e+00	1	2.20495050e+03	2.22700000e+03	1.00000000e+00	1	2.22700000e+03	2.22700000e+03	9.90000000e-01	1	2.24949495e+03	2.22714848e+03	2.22725984e+01	1.28590907e+01	2.20487588e+03	2.24942108e+03
3.56800000e+02	2.18400000e+03	1.01000000e+00	1	2.16237624e+03	2.18400000e+03	1.00000000e+00	1	2.18400000e+03	2.18400000e+03	9.90000000e-01	1	2.20606061e+03	2.18414561e+03	2.18425483e+01	1.26108011e+01	2.16230307e+03	2.20598816e+03
3.56900000e+02	2.13800000e+03	1.01000000e+00	1	2.11683168e+03	2.13800000e+03	1.00000000e+00	1	2.13800000e+03	2.13800000e+03	9.90000000e-01	1	2.15959596e+03	2.13814255e+03	2.13824946e+01	1.23451890e+01	2.11676005e+03	2.15952504e+03
3.57000000e+02	2.09000000e+03	1.01000000e+00	1	2.06930693e+03	2.09000000e+03	1.00000000e+00	1	2.09000000e+03	2.09000000e+03	9.90000000e-01	1	2.11111111e+03	2.09013935e+03	2.09024386e+01	1.20680285e+01	2.06923691e+03	2.11104179e+03
3.57100000e+02	2.04600000e+03	1.01000000e+00	1	2.02574257e+03	2.04600000e+03	1.00000000e+00	1	2.04600000e+03	2.04600000e+03	9.90000000e-01	1	2.06666667e+03	2.04613641e+03	2.04623872e+01	1.18139648e+01	2.02567403e+03	2.06659880e+03
3.57200000e+02	2.00200000e+03	1.01000000e+00	1	1.98217822e+03	2.00200000e+03	1.00000000e+00	1	2.00200000e+03	2.00200000e+03	9.90000000e-01	1	2.02222222e+03	2.00213348e+03	2.00223359e+01	1.15599010e+01	1.98211114e+03	2.02215582e+03
3.57300000e+02	1.95900000e+03	1.01000000e+00	1	1.93960396e+03	1.95900000e+03	1.00000000e+00	1	1.95900000e+03	1.95900000e+03	9.90000000e-01	1	1.97878788e+03	1.95913061e+03	1.95922857e+01	1.13116114e+01	1.93953833e+03	1.97872290e+03
3.57400000e+02	1.91100000e+03	1.01000000e+00	1	1.89207921e+03	1.91100000e+03	1.00000000e+00	1	1.91100000e+03	1.91100000e+03	9.90000000e-01	1	1.93030303e+03	1.91112741e+03	1.91122297e+01	1.10344510e+01	1.89201518e+03	1.93023964e+03
3.57500000e+02	1.87200000e+03	1.01000000e+00	1	1.85346535e+03	1.87200000e+03	1.00000000e+00	1	1.87200000e+03	1.87200000e+03	9.90000000e-01	1	1.89090909e+03	1.87212481e+03	1.87221842e+01	1.08092581e+01	1.85340263e+03	1.89084700e+03
3.57600000e+02	1.83000000e+03	1.01000000e+00	1	1.81188119e+03	1.83000000e+03	1.00000000e+00	1	1.83000000e+03	1.83000000e+03	9.90000000e-01	1	1.84848485e+03	1.83012201e+03	1.83021352e+01	1.05667427e+01	1.81181988e+03	1.84842415e+03
3.57700000e+02	1.79300000e+03	1.01000000e+00	1	1.77524752e+03	1.79300000e+03	1.00000000e+00	1	1.79300000e+03	1.79300000e+03	9.90000000e-01	1	1.81111111e+03	1.79311955e+03	1.79320920e+01	1.03530982e+01	1.77518745e+03	1.81105164e+03
3.57800000e+02	1.75600000e+03	1.01000000e+00	1	1.73861386e+03	1.75600000e+03	1.00000000e+00	1	1.75600000e+03	1.75600000e+03	9.90000000e-01	1	1.77373737e+03	1.75611708e+03	1.75620489e+01	1.01394536e+01	1.73855503e+03	1.77367913e+03
3.57900000e+02	1.71600000e+03	1.01000000e+00	1	1.69900990e+03	1.71600000e+03	1.00000000e+00	1	1.71600000e+03	1.71600000e+03	9.90000000e-01	1	1.73333333e+03	1.71611441e+03	1.71620022e+01	9.90848659e+00	1.69895241e+03	1.73327641e+03
3.58000000e+02	1.68100000e+03	1.01000000e+00	1	1.66435644e+03	1.68100000e+03	1.00000000e+00	1	1.68100000e+03	1.68100000e+03	9.90000000e-01	1	1.69797980e+03	1.68111208e+03	1.68119614e+01	9.70639042e+00	1.66430012e+03	1.69792404e+03
3.58100000e+02	1.64500000e+03	1.01000000e+00	1	1.62871287e+03	1.64500000e+03	1.00000000e+00	1	1.64500000e+03	1.64500000e+03	9.90000000e-01	1	1.66161616e+03	1.64510968e+03	1.64519194e+01	9.49852007e+00	1.62865776e+03	1.66156160e+03
3.58200000e+02	1.61100000e+03	1.01000000e+00	1	1.59504950e+03	1.61100000e+03	1.00000000e+00	1	1.61100000e+03	1.61100000e+03	9.90000000e-01	1	1.62727273e+03	1.61110741e+03	1.61118797e+01	9.30219807e+00	1.59499553e+03	1.62721929e+03
3.58300000e+02	1.57400000e+03	1.01000000e+00	1	1.55841584e+03	1.57400000e+03	1.00000000e+00	1	1.57400000e+03	1.57400000e+03	9.90000000e-01	1	1.58989899e+03	1.57410494e+03	1.57418365e+01	9.08855355e+00	1.55836311e+03	1.58984678e+03
3.58400000e+02	1.53900000e+03	1.01000000e+00	1	1.52376238e+03	1.53900000e+03	1.00000000e+00	1	1.53900000e+03	1.53900000e+03	9.90000000e-01	1	1.55454545e+03	1.53910261e+03	1.53917957e+01	8.88645738e+00	1.52371081e+03	1.55449441e+03
3.58500000e+02	1.50700000e+03	1.01000000e+00	1	1.49207921e+03	1.50700000e+03	1.00000000e+00	1	1.50700000e+03	1.50700000e+03	9.90000000e-01	1	1.52222222e+03	1.50710048e+03	1.50717583e+01	8.70168373e+00	1.49202872e+03	1.52217224e+03
3.58600000e+02	1.47100000e+03	1.01000000e+00	1	1.45643564e+03	1.47100000e+03	1.00000000e+00	1	1.47100000e+03	1.47100000e+03	9.90000000e-01	1	1.48585859e+03	1.47109808e+03	1.47117163e+01	8.49381339e+00	1.45638636e+03	1.48580979e+03
3.58700000e+02	1.43800000e+03	1.01000000e+00	1	1.42376238e+03	1.43800000e+03	1.00000000e+00	1	1.43800000e+03	1.43800000e+03	9.90000000e-01	1	1.45252525e+03	1.43809588e+03	1.43816778e+01	8.30326557e+00	1.42371420e+03	1.45247755e+03
3.58800000e+02	1.40700000e+03	1.01000000e+00	1	1.39306931e+03	1.40700000e+03	1.00000000e+00	1	1.40700000e+03	1.40700000e+03	9.90000000e-01	1	1.42121212e+03	1.40709381e+03	1.40716417e+01	8.12426610e+00	1.39302217e+03	1.42116545e+03
3.58900000e+02	1.35600000e+03	1.01000000e+00	1	1.34257426e+03	1.35600000e+03	1.00000000e+00	1	1.35600000e+03	1.35600000e+03	9.90000000e-01	1	1.36969697e+03	1.35609041e+03	1.35615822e+01	7.82978311e+00	1.34252883e+03	1.36965199e+03
3.59000000e+02	1.32600000e+03	1.01000000e+00	1	1.31287129e+03	1.32600000e+03	1.00000000e+00	1	1.32600000e+03	1.32600000e+03	9.90000000e-01	1	1.33939394e+03	1.32608841e+03	1.32615472e+01	7.65655782e+00	1.31282686e+03	1.33934996e+03
3.59100000e+02	1.29800000e+03	1.01000000e+00	1	1.28514851e+03	1.29800000e+03	1.00000000e+00	1	1.29800000e+03	1.29800000e+03	9.90000000e-01	1	1.31111111e+03	1.29808654e+03	1.29815145e+01	7.49488088e+00	1.28510503e+03	1.31106806e+03
3.59200000e+02	1.27000000e+03	1.01000000e+00	1	1.25742574e+03	1.27000000e+03	1.00000000e+00	1	1.27000000e+03	1.27000000e+03	9.90000000e-01	1	1.28282828e+03	1.27008468e+03	1.27014818e+01	7.33320394e+00	1.25738319e+03	1.28278616e+03
3.59300000e+02	1.24100000e+03	1.01000000e+00	1	1.22871287e+03	1.24100000e+03	1.00000000e+00	1	1.24100000e+03	1.24100000e+03	9.90000000e-01	1	1.25353535e+03	1.24108274e+03	1.24114480e+01	7.16575283e+00	1.22867129e+03	1.25349419e+03
3.59400000e+02	1.21300000e+03	1.01000000e+00	1	1.20099010e+03	1.21300000e+03	1.00000000e+00	1	1.21300000e+03	1.21300000e+03	9.90000000e-01	1	1.22525253e+03	1.21308087e+03	1.21314153e+01	7.00407589e+00	1.20094946e+03	1.22521229e+03
3.59500000e+02	1.19100000e+03	1.01000000e+00	1	1.17920792e+03	1.19100000e+03	1.00000000e+00	1	1.19100000e+03	1.19100000e+03	9.90000000e-01	1	1.20303030e+03	1.19107941e+03	1.19113896e+01	6.87704401e+00	1.17916802e+03	1.20299080e+03
3.59600000e+02	1.16400000e+03	1.01000000e+00	1	1.15247525e+03	1.16400000e+03	1.00000000e+00	1	1.16400000e+03	1.16400000e+03	9.90000000e-01	1	1.17575758e+03	1.16407761e+03	1.16413581e+01	6.72114125e+00	1.15243625e+03	1.17571897e+03
3.59700000e+02	1.13800000e+03	1.01000000e+00	1	1.12673267e+03	1.13800000e+03	1.00000000e+00	1	1.13800000e+03	1.13800000e+03	9.90000000e-01	1	1.14949495e+03	1.13807587e+03	1.13813278e+01	6.57101267e+00	1.12669455e+03	1.14945720e+03
3.59800000e+02	1.11500000e+03	1.01000000e+00	1	1.10396040e+03	1.11500000e+03	1.00000000e+00	1	1.11500000e+03	1.11500000e+03	9.90000000e-01	1	1.12626263e+03	1.11507434e+03	1.11513010e+01	6.43820661e+00	1.10392304e+03	1.12622564e+03
3.59900000e+02	1.08500000e+03	1.01000000e+00	1	1.07425743e+03	1.08500000e+03	1.00000000e+00	1	1.08500000e+03	1.08500000e+03	9.90000000e-01	1	1.09595960e+03	1.08507234e+03	1.08512660e+01	6.26498132e+00	1.07422107e+03	1.09592361e+03
3.60000000e+02	1.03600000e+03	1.01000000e+00	1	1.02574257e+03	1.03600000e+03	1.00000000e+00	1	1.03600000e+03	1.03600000e+03	9.90000000e-01	1	1.04646465e+03	1.03606907e+03	1.03612088e+01	5.98204668e+00	1.02570786e+03	1.04643028e+03
3.60100000e+02	1.01400000e+03	1.01000000e+00	1	1.00396040e+03	1.01400000e+03	1.00000000e+00	1	1.01400000e+03	1.01400000e+03	9.90000000e-01	1	1.02424242e+03	1.01406761e+03	1.01411831e+01	5.85501480e+00	1.00392642e+03	1.02420879e+03
3.60200000e+02	9.90500000e+02	1.01000000e+00	1	9.80693069e+02	9.90500000e+02	1.00000000e+00	1	9.90500000e+02	9.90500000e+02	9.90000000e-01	1	1.00050505e+03	9.90566040e+02	9.90615570e+00	5.71932166e+00	9.80659884e+02	1.00047220e+03
3.60300000e+02	9.70700000e+02	1.01000000e+00	1	9.61089109e+02	9.70700000e+02	1.00000000e+00	1	9.70700000e+02	9.70700000e+02	9.90000000e-01	1	9.80505051e+02	9.70764720e+02	9.70813260e+00	5.60499297e+00	9.61056587e+02	9.80472852e+02
3.60400000e+02	9.48900000e+02	1.01000000e+00	1	9.39504950e+02	9.48900000e+02	1.00000000e+00	1	9.48900000e+02	9.48900000e+02	9.90000000e-01	1	9.58484848e+02	9.48963266e+02	9.49010716e+00	5.47911592e+00	9.39473159e+02	9.58453373e+02
3.60500000e+02	9.28700000e+02	1.01000000e+00	1	9.19504950e+02	9.28700000e+02	1.00000000e+00	1	9.28700000e+02	9.28700000e+02	9.90000000e-01	1	9.38080808e+02	9.28761920e+02	9.28808359e+00	5.36247756e+00	9.19473836e+02	9.38050003e+02
3.60600000e+02	9.08000000e+02	1.01000000e+00	1	8.99009901e+02	9.08000000e+02	1.00000000e+00	1	9.08000000e+02	9.08000000e+02	9.90000000e-01	1	9.17171717e+02	9.08060539e+02	9.08105944e+00	5.24295211e+00	8.98979480e+02	9.17141599e+02
3.60700000e+02	8.89500000e+02	1.01000000e+00	1	8.80693069e+02	8.89500000e+02	1.00000000e+00	1	8.89500000e+02	8.89500000e+02	9.90000000e-01	1	8.98484848e+02	8.89559306e+02	8.89603785e+00	5.13612985e+00	8.80663268e+02	8.98455344e+02
3.60800000e+02	8.70600000e+02	1.01000000e+00	1	8.61980198e+02	8.70600000e+02	1.00000000e+00	1	8.70600000e+02	8.70600000e+02	9.90000000e-01	1	8.79393939e+02	8.70658046e+02	8.70701580e+00	5.02699792e+00	8.61951030e+02	8.79365062e+02
3.60900000e+02	8.51900000e+02	1.01000000e+00	1	8.43465347e+02	8.51900000e+02	1.00000000e+00	1	8.51900000e+02	8.51900000e+02	9.90000000e-01	1	8.60505051e+02	8.51956799e+02	8.51999398e+00	4.91902082e+00	8.43436805e+02	8.60476793e+02
3.61000000e+02	8.34100000e+02	1.01000000e+00	1	8.25841584e+02	8.34100000e+02	1.00000000e+00	1	8.34100000e+02	8.34100000e+02	9.90000000e-01	1	8.42525253e+02	8.34155612e+02	8.34197321e+00	4.81624048e+00	8.25813639e+02	8.42497585e+02
3.61100000e+02	8.15900000e+02	1.01000000e+00	1	8.07821782e+02	8.15900000e+02	1.00000000e+00	1	8.15900000e+02	8.15900000e+02	9.90000000e-01	1	8.24141414e+02	8.15954399e+02	8.15995198e+00	4.71115047e+00	8.07794447e+02	8.24114351e+02
3.61200000e+02	7.99100000e+02	1.01000000e+00	1	7.91188119e+02	7.99100000e+02	1.00000000e+00	1	7.99100000e+02	7.99100000e+02	9.90000000e-01	1	8.07171717e+02	7.99153279e+02	7.99193238e+00	4.61414431e+00	7.91161346e+02	8.07145211e+02
3.61300000e+02	7.81800000e+02	1.01000000e+00	1	7.74059406e+02	7.81800000e+02	1.00000000e+00	1	7.81800000e+02	7.81800000e+02	9.90000000e-01	1	7.89696970e+02	7.81852125e+02	7.81891219e+00	4.51425106e+00	7.74033213e+02	7.89671037e+02
3.61400000e+02	7.65700000e+02	1.01000000e+00	1	7.58118812e+02	7.65700000e+02	1.00000000e+00	1	7.65700000e+02	7.65700000e+02	9.90000000e-01	1	7.73434343e+02	7.65751052e+02	7.65789340e+00	4.42128682e+00	7.58093158e+02	7.73408945e+02
3.61500000e+02	7.48500000e+02	1.01000000e+00	1	7.41089109e+02	7.48500000e+02	1.00000000e+00	1	7.48500000e+02	7.48500000e+02	9.90000000e-01	1	7.56060606e+02	7.48549905e+02	7.48587334e+00	4.32197099e+00	7.41064032e+02	7.56035778e+02
3.61600000e+02	7.33800000e+02	1.01000000e+00	1	7.26534653e+02	7.33800000e+02	1.00000000e+00	1	7.33800000e+02	7.33800000e+02	9.90000000e-01	1	7.41212121e+02	7.33848925e+02	7.33885618e+00	4.23709059e+00	7.26510069e+02	7.41187781e+02
3.61700000e+02	7.17800000e+02	1.01000000e+00	1	7.10693069e+02	7.17800000e+02	1.00000000e+00	1	7.17800000e+02	7.17800000e+02	9.90000000e-01	1	7.25050505e+02	7.17847858e+02	7.17883752e+00	4.14470377e+00	7.10669021e+02	7.25026696e+02
3.61800000e+02	7.02700000e+02	1.01000000e+00	1	6.95742574e+02	7.02700000e+02	1.00000000e+00	1	7.02700000e+02	7.02700000e+02	9.90000000e-01	1	7.09797980e+02	7.02746851e+02	7.02781990e+00	4.05751371e+00	6.95719031e+02	7.09774671e+02
3.61900000e+02	6.87600000e+02	1.01000000e+00	1	6.80792079e+02	6.87600000e+02	1.00000000e+00	1	6.87600000e+02	6.87600000e+02	9.90000000e-01	1	6.94545455e+02	6.87645845e+02	6.87680228e+00	3.97032365e+00	6.80769042e+02	6.94522647e+02
3.62000000e+02	6.74000000e+02	1.01000000e+00	1	6.67326733e+02	6.74000000e+02	1.00000000e+00	1	6.74000000e+02	6.74000000e+02	9.90000000e-01	1	6.80808081e+02	6.74044938e+02	6.74078641e+00	3.89179485e+00	6.67304151e+02	6.80785724e+02
3.62100000e+02	6.60000000e+02	1.01000000e+00	1	6.53465347e+02	6.60000000e+02	1.00000000e+00	1	6.60000000e+02	6.60000000e+02	9.90000000e-01	1	6.66666667e+02	6.60044004e+02	6.60077008e+00	3.81095638e+00	6.53443234e+02	6.66644774e+02
3.62200000e+02	6.46300000e+02	1.01000000e+00	1	6.39900990e+02	6.46300000e+02	1.00000000e+00	1	6.46300000e+02	6.46300000e+02	9.90000000e-01	1	6.52828283e+02	6.46343091e+02	6.46375409e+00	3.73185016e+00	6.39879337e+02	6.52806845e+02
3.62300000e+02	6.33200000e+02	1.01000000e+00	1	6.26930693e+02	6.33200000e+02	1.00000000e+00	1	6.33200000e+02	6.33200000e+02	9.90000000e-01	1	6.39595960e+02	6.33242218e+02	6.33273881e+00	3.65620845e+00	6.26909479e+02	6.39574956e+02
3.62400000e+02	6.19700000e+02	1.01000000e+00	1	6.13564356e+02	6.19700000e+02	1.00000000e+00	1	6.19700000e+02	6.19700000e+02	9.90000000e-01	1	6.25959596e+02	6.19741317e+02	6.19772305e+00	3.57825707e+00	6.13543594e+02	6.25939041e+02
3.62500000e+02	6.07600000e+02	1.01000000e+00	1	6.01584158e+02	6.07600000e+02	1.00000000e+00	1	6.07600000e+02	6.07600000e+02	9.90000000e-01	1	6.13737374e+02	6.07640511e+02	6.07670894e+00	3.50838954e+00	6.01563802e+02	6.13717220e+02
3.62600000e+02	5.94800000e+02	1.01000000e+00	1	5.88910891e+02	5.94800000e+02	1.00000000e+00	1	5.94800000e+02	5.94800000e+02	9.90000000e-01	1	6.00808081e+02	5.94839657e+02	5.94869400e+00	3.43448008e+00	5.88890963e+02	6.00788351e+02
3.62700000e+02	5.83000000e+02	1.01000000e+00	1	5.77227723e+02	5.83000000e+02	1.00000000e+00	1	5.83000000e+02	5.83000000e+02	9.90000000e-01	1	5.88888889e+02	5.83038871e+02	5.83068023e+00	3.36634480e+00	5.77208190e+02	5.88869551e+02
3.62800000e+02	5.70100000e+02	1.01000000e+00	1	5.64455446e+02	5.70100000e+02	1.00000000e+00	1	5.70100000e+02	5.70100000e+02	9.90000000e-01	1	5.75858586e+02	5.70138010e+02	5.70166518e+00	3.29185793e+00	5.64436345e+02	5.75839676e+02
3.62900000e+02	5.59100000e+02	1.01000000e+00	1	5.53564356e+02	5.59100000e+02	1.00000000e+00	1	5.59100000e+02	5.59100000e+02	9.90000000e-01	1	5.64747475e+02	5.59137277e+02	5.59165235e+00	3.22834199e+00	5.53545625e+02	5.64728929e+02
3.63000000e+02	5.47400000e+02	1.01000000e+00	1	5.41980198e+02	5.47400000e+02	1.00000000e+00	1	5.47400000e+02	5.47400000e+02	9.90000000e-01	1	5.52929293e+02	5.47436497e+02	5.47463870e+00	3.16078413e+00	5.41961858e+02	5.52911136e+02
3.63100000e+02	5.36500000e+02	1.01000000e+00	1	5.31188119e+02	5.36500000e+02	1.00000000e+00	1	5.36500000e+02	5.36500000e+02	9.90000000e-01	1	5.41919192e+02	5.36535770e+02	5.36562598e+00	3.09784560e+00	5.31170144e+02	5.41901396e+02
3.63200000e+02	5.25200000e+02	1.01000000e+00	1	5.20000000e+02	5.25200000e+02	1.00000000e+00	1	5.25200000e+02	5.25200000e+02	9.90000000e-01	1	5.30505051e+02	5.25235017e+02	5.25261279e+00	3.03259741e+00	5.19982404e+02	5.30487630e+02
3.63300000e+02	5.15100000e+02	1.01000000e+00	1	5.10000000e+02	5.15100000e+02	1.00000000e+00	1	5.15100000e+02	5.15100000e+02	9.90000000e-01	1	5.20303030e+02	5.15134343e+02	5.15160101e+00	2.97427823e+00	5.09982742e+02	5.20285944e+02
3.63400000e+02	5.05000000e+02	1.01000000e+00	1	5.00000000e+02	5.05000000e+02	1.00000000e+00	1	5.05000000e+02	5.05000000e+02	9.90000000e-01	1	5.10101010e+02	5.05033670e+02	5.05058922e+00	2.91595905e+00	4.99983081e+02	5.10084259e+02
3.63500000e+02	4.94700000e+02	1.01000000e+00	1	4.89801980e+02	4.94700000e+02	1.00000000e+00	1	4.94700000e+02	4.94700000e+02	9.90000000e-01	1	4.99696970e+02	4.94732983e+02	4.94757721e+00	2.85648503e+00	4.89785406e+02	4.99680561e+02
3.63600000e+02	4.85000000e+02	1.01000000e+00	1	4.80198020e+02	4.85000000e+02	1.00000000e+00	1	4.85000000e+02	4.85000000e+02	9.90000000e-01	1	4.89898990e+02	4.85032337e+02	4.85056589e+00	2.80047552e+00	4.80181771e+02	4.89882902e+02
3.63700000e+02	4.75200000e+02	1.01000000e+00	1	4.70495050e+02	4.75200000e+02	1.00000000e+00	1	4.75200000e+02	4.75200000e+02	9.90000000e-01	1	4.80000000e+02	4.75231683e+02	4.75255445e+00	2.74388859e+00	4.70479129e+02	4.79984238e+02
3.63800000e+02	4.66300000e+02	1.01000000e+00	1	4.61683168e+02	4.66300000e+02	1.00000000e+00	1	4.66300000e+02	4.66300000e+02	9.90000000e-01	1	4.71010101e+02	4.66331090e+02	4.66354407e+00	2.69249842e+00	4.61667546e+02	4.70994634e+02
3.63900000e+02	4.56600000e+02	1.01000000e+00	1	4.52079208e+02	4.56600000e+02	1.00000000e+00	1	4.56600000e+02	4.56600000e+02	9.90000000e-01	1	4.61212121e+02	4.56630443e+02	4.56653275e+00	2.63648891e+00	4.52063910e+02	4.61196976e+02
3.64000000e+02	4.48200000e+02	1.01000000e+00	1	4.43762376e+02	4.48200000e+02	1.00000000e+00	1	4.48200000e+02	4.48200000e+02	9.90000000e-01	1	4.52727273e+02	4.48229883e+02	4.48252295e+00	2.58798583e+00	4.43747360e+02	4.52712406e+02
3.64100000e+02	4.38500000e+02	1.01000000e+00	1	4.34158416e+02	4.38500000e+02	1.00000000e+00	1	4.38500000e+02	4.38500000e+02	9.90000000e-01	1	4.42929293e+02	4.38529236e+02	4.38551163e+00	2.53197632e+00	4.34143725e+02	4.42914748e+02
3.64200000e+02	4.30300000e+02	1.01000000e+00	1	4.26039604e+02	4.30300000e+02	1.00000000e+00	1	4.30300000e+02	4.30300000e+02	9.90000000e-01	1	4.34646465e+02	4.30328690e+02	4.30350207e+00	2.48462808e+00	4.26025187e+02	4.34632192e+02
3.64300000e+02	4.21800000e+02	1.01000000e+00	1	4.17623762e+02	4.21800000e+02	1.00000000e+00	1	4.21800000e+02	4.21800000e+02	9.90000000e-01	1	4.26060606e+02	4.21828123e+02	4.21849215e+00	2.43554758e+00	4.17609631e+02	4.26046615e+02
3.64400000e+02	4.13900000e+02	1.01000000e+00	1	4.09801980e+02	4.13900000e+02	1.00000000e+00	1	4.13900000e+02	4.13900000e+02	9.90000000e-01	1	4.18080808e+02	4.13927596e+02	4.13948293e+00	2.38993158e+00	4.09788113e+02	4.18067079e+02
3.64500000e+02	4.05900000e+02	1.01000000e+00	1	4.01881188e+02	4.05900000e+02	1.00000000e+00	1	4.05900000e+02	4.05900000e+02	9.90000000e-01	1	4.10000000e+02	4.05927063e+02	4.05947360e+00	2.34373817e+00	4.01867589e+02	4.09986536e+02
3.64600000e+02	3.98000000e+02	1.01000000e+00	1	3.94059406e+02	3.98000000e+02	1.00000000e+00	1	3.98000000e+02	3.98000000e+02	9.90000000e-01	1	4.02020202e+02	3.98026536e+02	3.98046438e+00	2.29812218e+00	3.94046072e+02	4.02007000e+02
3.64700000e+02	3.90300000e+02	1.01000000e+00	1	3.86435644e+02	3.90300000e+02	1.00000000e+00	1	3.90300000e+02	3.90300000e+02	9.90000000e-01	1	3.94242424e+02	3.90326023e+02	3.90345539e+00	2.25366102e+00	3.86422567e+02	3.94229478e+02
3.64800000e+02	3.82800000e+02	1.01000000e+00	1	3.79009901e+02	3.82800000e+02	1.00000000e+00	1	3.82800000e+02	3.82800000e+02	9.90000000e-01	1	3.86666667e+02	3.82825523e+02	3.82844664e+00	2.21035470e+00	3.78997076e+02	3.86653969e+02
3.64900000e+02	3.75900000e+02	1.01000000e+00	1	3.72178218e+02	3.75900000e+02	1.00000000e+00	1	3.75900000e+02	3.75900000e+02	9.90000000e-01	1	3.79696970e+02	3.75925063e+02	3.75943859e+00	2.17051288e+00	3.72165624e+02	3.79684501e+02
3.65000000e+02	3.68800000e+02	1.01000000e+00	1	3.65148515e+02	3.68800000e+02	1.00000000e+00	1	3.68800000e+02	3.68800000e+02	9.90000000e-01	1	3.72525253e+02	3.68824589e+02	3.68843031e+00	2.12951623e+00	3.65136159e+02	3.72513019e+02
3.65100000e+02	3.62000000e+02	1.01000000e+00	1	3.58415842e+02	3.62000000e+02	1.00000000e+00	1	3.62000000e+02	3.62000000e+02	9.90000000e-01	1	3.65656566e+02	3.62024136e+02	3.62042238e+00	2.09025183e+00	3.58403713e+02	3.65644558e+02
3.65200000e+02	3.55100000e+02	1.01000000e+00	1	3.51584158e+02	3.55100000e+02	1.00000000e+00	1	3.55100000e+02	3.55100000e+02	9.90000000e-01	1	3.58686869e+02	3.55123676e+02	3.55141432e+00	2.05041002e+00	3.51572261e+02	3.58675090e+02
3.65300000e+02	3.48800000e+02	1.01000000e+00	1	3.45346535e+02	3.48800000e+02	1.00000000e+00	1	3.48800000e+02	3.48800000e+02	9.90000000e-01	1	3.52323232e+02	3.48823256e+02	3.48840697e+00	2.01403271e+00	3.45334849e+02	3.52311663e+02
3.65400000e+02	3.42000000e+02	1.01000000e+00	1	3.38613861e+02	3.42000000e+02	1.00000000e+00	1	3.42000000e+02	3.42000000e+02	9.90000000e-01	1	3.45454545e+02	3.42022802e+02	3.42039904e+00	1.97476831e+00	3.38602403e+02	3.45443201e+02
3.65500000e+02	3.35800000e+02	1.01000000e+00	1	3.32475248e+02	3.35800000e+02	1.00000000e+00	1	3.35800000e+02	3.35800000e+02	9.90000000e-01	1	3.39191919e+02	3.35822389e+02	3.35839181e+00	1.93896841e+00	3.32463997e+02	3.39180781e+02
3.65600000e+02	3.29400000e+02	1.01000000e+00	1	3.26138614e+02	3.29400000e+02	1.00000000e+00	1	3.29400000e+02	3.29400000e+02	9.90000000e-01	1	3.32727273e+02	3.29421962e+02	3.29438434e+00	1.90201368e+00	3.26127578e+02	3.32716347e+02
3.65700000e+02	3.23800000e+02	1.01000000e+00	1	3.20594059e+02	3.23800000e+02	1.00000000e+00	1	3.23800000e+02	3.23800000e+02	9.90000000e-01	1	3.27070707e+02	3.23821589e+02	3.23837780e+00	1.86967830e+00	3.20583211e+02	3.27059967e+02
3.65800000e+02	3.17500000e+02	1.01000000e+00	1	3.14356436e+02	3.17500000e+02	1.00000000e+00	1	3.17500000e+02	3.17500000e+02	9.90000000e-01	1	3.20707071e+02	3.17521169e+02	3.17537045e+00	1.83330099e+00	3.14345798e+02	3.20696539e+02
3.65900000e+02	3.12000000e+02	1.01000000e+00	1	3.08910891e+02	3.12000000e+02	1.00000000e+00	1	3.12000000e+02	3.12000000e+02	9.90000000e-01	1	3.15151515e+02	3.12020802e+02	3.12036404e+00	1.80154302e+00	3.08900438e+02	3.15141166e+02
3.66000000e+02	3.06400000e+02	1.01000000e+00	1	3.03366337e+02	3.06400000e+02	1.00000000e+00	1	3.06400000e+02	3.06400000e+02	9.90000000e-01	1	3.09494949e+02	3.06420429e+02	3.06435750e+00	1.76920763e+00	3.03356071e+02	3.09484786e+02
3.66100000e+02	3.01100000e+02	1.01000000e+00	1	2.98118812e+02	3.01100000e+02	1.00000000e+00	1	3.01100000e+02	3.01100000e+02	9.90000000e-01	1	3.04141414e+02	3.01120075e+02	3.01135132e+00	1.73860449e+00	2.98108724e+02	3.04131427e+02
3.66200000e+02	2.95900000e+02	1.01000000e+00	1	2.92970297e+02	2.95900000e+02	1.00000000e+00	1	2.95900000e+02	2.95900000e+02	9.90000000e-01	1	2.98888889e+02	2.95919729e+02	2.95934525e+00	1.70857878e+00	2.92960383e+02	2.98879074e+02
3.66300000e+02	2.90600000e+02	1.01000000e+00	1	2.87722772e+02	2.90600000e+02	1.00000000e+00	1	2.90600000e+02	2.90600000e+02	9.90000000e-01	1	2.93535354e+02	2.90619375e+02	2.90633907e+00	1.67797564e+00	2.87713036e+02	2.93525714e+02
3.66400000e+02	2.85700000e+02	1.01000000e+00	1	2.82871287e+02	2.85700000e+02	1.00000000e+00	1	2.85700000e+02	2.85700000e+02	9.90000000e-01	1	2.88585859e+02	2.85719049e+02	2.85733335e+00	1.64968218e+00	2.82861715e+02	2.88576382e+02
3.66500000e+02	2.80500000e+02	1.01000000e+00	1	2.77722772e+02	2.80500000e+02	1.00000000e+00	1	2.80500000e+02	2.80500000e+02	9.90000000e-01	1	2.83333333e+02	2.80518702e+02	2.80532728e+00	1.61965646e+00	2.77713375e+02	2.83324029e+02
3.66600000e+02	2.75900000e+02	1.01000000e+00	1	2.73168317e+02	2.75900000e+02	1.00000000e+00	1	2.75900000e+02	2.75900000e+02	9.90000000e-01	1	2.78686869e+02	2.75918395e+02	2.75932192e+00	1.59309525e+00	2.73159073e+02	2.78677717e+02
3.66700000e+02	2.70900000e+02	1.01000000e+00	1	2.68217822e+02	2.70900000e+02	1.00000000e+00	1	2.70900000e+02	2.70900000e+02	9.90000000e-01	1	2.73636364e+02	2.70918062e+02	2.70931608e+00	1.56422437e+00	2.68208746e+02	2.73627378e+02
3.66800000e+02	2.66400000e+02	1.01000000e+00	1	2.63762376e+02	2.66400000e+02	1.00000000e+00	1	2.66400000e+02	2.66400000e+02	9.90000000e-01	1	2.69090909e+02	2.66417762e+02	2.66431083e+00	1.53824058e+00	2.63753451e+02	2.69082073e+02
3.66900000e+02	2.61900000e+02	1.01000000e+00	1	2.59306931e+02	2.61900000e+02	1.00000000e+00	1	2.61900000e+02	2.61900000e+02	9.90000000e-01	1	2.64545455e+02	2.61917462e+02	2.61930558e+00	1.51225678e+00	2.59298156e+02	2.64536767e+02
3.67000000e+02	2.57600000e+02	1.01000000e+00	1	2.55049505e+02	2.57600000e+02	1.00000000e+00	1	2.57600000e+02	2.57600000e+02	9.90000000e-01	1	2.60202020e+02	2.57617175e+02	2.57630056e+00	1.48742782e+00	2.55040874e+02	2.60193476e+02
3.67100000e+02	2.53400000e+02	1.01000000e+00	1	2.50891089e+02	2.53400000e+02	1.00000000e+00	1	2.53400000e+02	2.53400000e+02	9.90000000e-01	1	2.55959596e+02	2.53416895e+02	2.53429566e+00	1.46317628e+00	2.50882599e+02	2.55951191e+02
3.67200000e+02	2.49300000e+02	1.01000000e+00	1	2.46831683e+02	2.49300000e+02	1.00000000e+00	1	2.49300000e+02	2.49300000e+02	9.90000000e-01	1	2.51818182e+02	2.49316622e+02	2.49329088e+00	1.43950216e+00	2.46823331e+02	2.51809913e+02
3.67300000e+02	2.45000000e+02	1.01000000e+00	1	2.42574257e+02	2.45000000e+02	1.00000000e+00	1	2.45000000e+02	2.45000000e+02	9.90000000e-01	1	2.47474747e+02	2.45016335e+02	2.45028586e+00	1.41467320e+00	2.42566049e+02	2.47466621e+02
3.67400000e+02	2.41200000e+02	1.01000000e+00	1	2.38811881e+02	2.41200000e+02	1.00000000e+00	1	2.41200000e+02	2.41200000e+02	9.90000000e-01	1	2.43636364e+02	2.41216082e+02	2.41228143e+00	1.39273133e+00	2.38803800e+02	2.43628363e+02
3.67500000e+02	2.37500000e+02	1.01000000e+00	1	2.35148515e+02	2.37500000e+02	1.00000000e+00	1	2.37500000e+02	2.37500000e+02	9.90000000e-01	1	2.39898990e+02	2.37515835e+02	2.37527711e+00	1.37136688e+00	2.35140558e+02	2.39891112e+02
3.67600000e+02	2.33900000e+02	1.01000000e+00	1	2.31584158e+02	2.33900000e+02	1.00000000e+00	1	2.33900000e+02	2.33900000e+02	9.90000000e-01	1	2.36262626e+02	2.33915595e+02	2.33927291e+00	1.35057984e+00	2.31576322e+02	2.36254868e+02
3.67700000e+02	2.30300000e+02	1.01000000e+00	1	2.28019802e+02	2.30300000e+02	1.00000000e+00	1	2.30300000e+02	2.30300000e+02	9.90000000e-01	1	2.32626263e+02	2.30315355e+02	2.30326871e+00	1.32979281e+00	2.28012086e+02	2.32618624e+02
3.67800000e+02	2.26700000e+02	1.01000000e+00	1	2.24455446e+02	2.26700000e+02	1.00000000e+00	1	2.26700000e+02	2.26700000e+02	9.90000000e-01	1	2.28989899e+02	2.26715115e+02	2.26726451e+00	1.30900577e+00	2.24447850e+02	2.28982379e+02
3.67900000e+02	2.23200000e+02	1.01000000e+00	1	2.20990099e+02	2.23200000e+02	1.00000000e+00	1	2.23200000e+02	2.23200000e+02	9.90000000e-01	1	2.25454545e+02	2.23214881e+02	2.23226043e+00	1.28879616e+00	2.20982621e+02	2.25447142e+02
3.68000000e+02	2.19700000e+02	1.01000000e+00	1	2.17524752e+02	2.19700000e+02	1.00000000e+00	1	2.19700000e+02	2.19700000e+02	9.90000000e-01	1	2.21919192e+02	2.19714648e+02	2.19725634e+00	1.26858654e+00	2.17517392e+02	2.21911904e+02
3.68100000e+02	2.16600000e+02	1.01000000e+00	1	2.14455446e+02	2.16600000e+02	1.00000000e+00	1	2.16600000e+02	2.16600000e+02	9.90000000e-01	1	2.18787879e+02	2.16614441e+02	2.16625272e+00	1.25068659e+00	2.14448189e+02	2.18780694e+02
3.68200000e+02	2.13100000e+02	1.01000000e+00	1	2.10990099e+02	2.13100000e+02	1.00000000e+00	1	2.13100000e+02	2.13100000e+02	9.90000000e-01	1	2.15252525e+02	2.13114208e+02	2.13124864e+00	1.23047698e+00	2.10982959e+02	2.15245457e+02
3.68300000e+02	2.09900000e+02	1.01000000e+00	1	2.07821782e+02	2.09900000e+02	1.00000000e+00	1	2.09900000e+02	2.09900000e+02	9.90000000e-01	1	2.12020202e+02	2.09913995e+02	2.09924491e+00	1.21199961e+00	2.07814750e+02	2.12013240e+02
3.68400000e+02	2.06800000e+02	1.01000000e+00	1	2.04752475e+02	2.06800000e+02	1.00000000e+00	1	2.06800000e+02	2.06800000e+02	9.90000000e-01	1	2.08888889e+02	2.06813788e+02	2.06824129e+00	1.19409967e+00	2.04745547e+02	2.08882029e+02
3.68500000e+02	2.03900000e+02	1.01000000e+00	1	2.01881188e+02	2.03900000e+02	1.00000000e+00	1	2.03900000e+02	2.03900000e+02	9.90000000e-01	1	2.05959596e+02	2.03913595e+02	2.03923791e+00	1.17735455e+00	2.01874357e+02	2.05952833e+02
3.68600000e+02	2.01100000e+02	1.01000000e+00	1	1.99108911e+02	2.01100000e+02	1.00000000e+00	1	2.01100000e+02	2.01100000e+02	9.90000000e-01	1	2.03131313e+02	2.01113408e+02	2.01123464e+00	1.16118686e+00	1.99102173e+02	2.03124643e+02
3.68700000e+02	1.98200000e+02	1.01000000e+00	1	1.96237624e+02	1.98200000e+02	1.00000000e+00	1	1.98200000e+02	1.98200000e+02	9.90000000e-01	1	2.00202020e+02	1.98213215e+02	1.98223126e+00	1.14444175e+00	1.96230983e+02	2.00195446e+02
3.68800000e+02	1.95500000e+02	1.01000000e+00	1	1.93564356e+02	1.95500000e+02	1.00000000e+00	1	1.95500000e+02	1.95500000e+02	9.90000000e-01	1	1.97474747e+02	1.95513035e+02	1.95522811e+00	1.12885147e+00	1.93557807e+02	1.97468263e+02
3.68900000e+02	1.92900000e+02	1.01000000e+00	1	1.90990099e+02	1.92900000e+02	1.00000000e+00	1	1.92900000e+02	1.92900000e+02	9.90000000e-01	1	1.94848485e+02	1.92912861e+02	1.92922507e+00	1.11383861e+00	1.90983636e+02	1.94842086e+02
3.69000000e+02	1.90300000e+02	1.01000000e+00	1	1.88415842e+02	1.90300000e+02	1.00000000e+00	1	1.90300000e+02	1.90300000e+02	9.90000000e-01	1	1.92222222e+02	1.90312688e+02	1.90322204e+00	1.09882576e+00	1.88409466e+02	1.92215910e+02
3.69100000e+02	1.87700000e+02	1.01000000e+00	1	1.85841584e+02	1.87700000e+02	1.00000000e+00	1	1.87700000e+02	1.87700000e+02	9.90000000e-01	1	1.89595960e+02	1.87712515e+02	1.87721900e+00	1.08381290e+00	1.85835296e+02	1.89589734e+02
3.69200000e+02	1.85600000e+02	1.01000000e+00	1	1.83762376e+02	1.85600000e+02	1.00000000e+00	1	1.85600000e+02	1.85600000e+02	9.90000000e-01	1	1.87474747e+02	1.85612375e+02	1.85621655e+00	1.07168713e+00	1.83756158e+02	1.87468591e+02
3.69300000e+02	1.83100000e+02	1.01000000e+00	1	1.81287129e+02	1.83100000e+02	1.00000000e+00	1	1.83100000e+02	1.83100000e+02	9.90000000e-01	1	1.84949495e+02	1.83112208e+02	1.83121364e+00	1.05725169e+00	1.81280994e+02	1.84943422e+02
3.69400000e+02	1.80700000e+02	1.01000000e+00	1	1.78910891e+02	1.80700000e+02	1.00000000e+00	1	1.80700000e+02	1.80700000e+02	9.90000000e-01	1	1.82525253e+02	1.80712048e+02	1.80721084e+00	1.04339366e+00	1.78904837e+02	1.82519259e+02
3.69500000e+02	1.78000000e+02	1.01000000e+00	1	1.76237624e+02	1.78000000e+02	1.00000000e+00	1	1.78000000e+02	1.78000000e+02	9.90000000e-01	1	1.79797980e+02	1.78011868e+02	1.78020769e+00	1.02780339e+00	1.76231660e+02	1.79792076e+02
3.69600000e+02	1.75800000e+02	1.01000000e+00	1	1.74059406e+02	1.75800000e+02	1.00000000e+00	1	1.75800000e+02	1.75800000e+02	9.90000000e-01	1	1.77575758e+02	1.75811721e+02	1.75820512e+00	1.01510020e+00	1.74053516e+02	1.77569926e+02
3.69700000e+02	1.73400000e+02	1.01000000e+00	1	1.71683168e+02	1.73400000e+02	1.00000000e+00	1	1.73400000e+02	1.73400000e+02	9.90000000e-01	1	1.75151515e+02	1.73411561e+02	1.73420232e+00	1.00124218e+00	1.71677359e+02	1.75145763e+02
3.69800000e+02	1.71600000e+02	1.01000000e+00	1	1.69900990e+02	1.71600000e+02	1.00000000e+00	1	1.71600000e+02	1.71600000e+02	9.90000000e-01	1	1.73333333e+02	1.71611441e+02	1.71620022e+00	9.90848659e-01	1.69895241e+02	1.73327641e+02
3.69900000e+02	1.69500000e+02	1.01000000e+00	1	1.67821782e+02	1.69500000e+02	1.00000000e+00	1	1.69500000e+02	1.69500000e+02	9.90000000e-01	1	1.71212121e+02	1.69511301e+02	1.69519777e+00	9.78722889e-01	1.67816103e+02	1.71206499e+02
3.70000000e+02	1.67500000e+02	1.01000000e+00	1	1.65841584e+02	1.67500000e+02	1.00000000e+00	1	1.67500000e+02	1.67500000e+02	9.90000000e-01	1	1.69191919e+02	1.67511168e+02	1.67519544e+00	9.67174536e-01	1.65835972e+02	1.69186363e+02
3.70100000e+02	1.65700000e+02	1.01000000e+00	1	1.64059406e+02	1.65700000e+02	1.00000000e+00	1	1.65700000e+02	1.65700000e+02	9.90000000e-01	1	1.67373737e+02	1.65711048e+02	1.65719334e+00	9.56781019e-01	1.64053854e+02	1.67368241e+02
3.70200000e+02	1.63600000e+02	1.01000000e+00	1	1.61980198e+02	1.63600000e+02	1.00000000e+00	1	1.63600000e+02	1.63600000e+02	9.90000000e-01	1	1.65252525e+02	1.63610908e+02	1.63619089e+00	9.44655248e-01	1.61974717e+02	1.65247099e+02
3.70300000e+02	1.62000000e+02	1.01000000e+00	1	1.60396040e+02	1.62000000e+02	1.00000000e+00	1	1.62000000e+02	1.62000000e+02	9.90000000e-01	1	1.63636364e+02	1.62010801e+02	1.62018902e+00	9.35416566e-01	1.60390612e+02	1.63630990e+02
3.70400000e+02	1.60400000e+02	1.01000000e+00	1	1.58811881e+02	1.60400000e+02	1.00000000e+00	1	1.60400000e+02	1.60400000e+02	9.90000000e-01	1	1.62020202e+02	1.60410694e+02	1.60418715e+00	9.26177884e-01	1.58806507e+02	1.62014882e+02
3.70500000e+02	1.58500000e+02	1.01000000e+00	1	1.56930693e+02	1.58500000e+02	1.00000000e+00	1	1.58500000e+02	1.58500000e+02	9.90000000e-01	1	1.60101010e+02	1.58510568e+02	1.58518493e+00	9.15206949e-01	1.56925383e+02	1.60095753e+02
3.70600000e+02	1.56800000e+02	1.01000000e+00	1	1.55247525e+02	1.56800000e+02	1.00000000e+00	1	1.56800000e+02	1.56800000e+02	9.90000000e-01	1	1.58383838e+02	1.56810454e+02	1.56818295e+00	9.05390849e-01	1.55242271e+02	1.58378637e+02
3.70700000e+02	1.55200000e+02	1.01000000e+00	1	1.53663366e+02	1.55200000e+02	1.00000000e+00	1	1.55200000e+02	1.55200000e+02	9.90000000e-01	1	1.56767677e+02	1.55210348e+02	1.55218108e+00	8.96152167e-01	1.53658167e+02	1.56762529e+02
3.70800000e+02	1.53500000e+02	1.01000000e+00	1	1.51980198e+02	1.53500000e+02	1.00000000e+00	1	1.53500000e+02	1.53500000e+02	9.90000000e-01	1	1.55050505e+02	1.53510234e+02	1.53517910e+00	8.86336067e-01	1.51975055e+02	1.55045413e+02
3.70900000e+02	1.52000000e+02	1.01000000e+00	1	1.50495050e+02	1.52000000e+02	1.00000000e+00	1	1.52000000e+02	1.52000000e+02	9.90000000e-01	1	1.53535354e+02	1.52010134e+02	1.52017735e+00	8.77674803e-01	1.50489957e+02	1.53530312e+02
3.71000000e+02	1.50600000e+02	1.01000000e+00	1	1.49108911e+02	1.50600000e+02	1.00000000e+00	1	1.50600000e+02	1.50600000e+02	9.90000000e-01	1	1.52121212e+02	1.50610041e+02	1.50617572e+00	8.69590956e-01	1.49103865e+02	1.52116217e+02
3.71100000e+02	1.49200000e+02	1.01000000e+00	1	1.47722772e+02	1.49200000e+02	1.00000000e+00	1	1.49200000e+02	1.49200000e+02	9.90000000e-01	1	1.50707071e+02	1.49209948e+02	1.49217408e+00	8.61507109e-01	1.47717774e+02	1.50702122e+02
3.71200000e+02	1.47700000e+02	1.01000000e+00	1	1.46237624e+02	1.47700000e+02	1.00000000e+00	1	1.47700000e+02	1.47700000e+02	9.90000000e-01	1	1.49191919e+02	1.47709848e+02	1.47717233e+00	8.52845844e-01	1.46232675e+02	1.49187020e+02
3.71300000e+02	1.46500000e+02	1.01000000e+00	1	1.45049505e+02	1.46500000e+02	1.00000000e+00	1	1.46500000e+02	1.46500000e+02	9.90000000e-01	1	1.47979798e+02	1.46509768e+02	1.46517093e+00	8.45916833e-01	1.45044597e+02	1.47974939e+02
3.71400000e+02	1.45000000e+02	1.01000000e+00	1	1.43564356e+02	1.45000000e+02	1.00000000e+00	1	1.45000000e+02	1.45000000e+02	9.90000000e-01	1	1.46464646e+02	1.45009668e+02	1.45016918e+00	8.37255568e-01	1.43559498e+02	1.46459837e+02
3.71500000e+02	1.43600000e+02	1.01000000e+00	1	1.42178218e+02	1.43600000e+02	1.00000000e+00	1	1.43600000e+02	1.43600000e+02	9.90000000e-01	1	1.45050505e+02	1.43609574e+02	1.43616755e+00	8.29171722e-01	1.42173407e+02	1.45045742e+02
3.71600000e+02	1.42600000e+02	1.01000000e+00	1	1.41188119e+02	1.42600000e+02	1.00000000e+00	1	1.42600000e+02	1.42600000e+02	9.90000000e-01	1	1.44040404e+02	1.42609508e+02	1.42616638e+00	8.23397545e-01	1.41183341e+02	1.44035674e+02
3.71700000e+02	1.41400000e+02	1.01000000e+00	1	1.40000000e+02	1.41400000e+02	1.00000000e+00	1	1.41400000e+02	1.41400000e+02	9.90000000e-01	1	1.42828283e+02	1.41409428e+02	1.41416498e+00	8.16468534e-01	1.39995263e+02	1.42823593e+02
3.71800000e+02	1.40300000e+02	1.01000000e+00	1	1.38910891e+02	1.40300000e+02	1.00000000e+00	1	1.40300000e+02	1.40300000e+02	9.90000000e-01	1	1.41717172e+02	1.40309354e+02	1.40316370e+00	8.10116940e-01	1.38906191e+02	1.41712518e+02
3.71900000e+02	1.38900000e+02	1.01000000e+00	1	1.37524752e+02	1.38900000e+02	1.00000000e+00	1	1.38900000e+02	1.38900000e+02	9.90000000e-01	1	1.40303030e+02	1.38909261e+02	1.38916207e+00	8.02033093e-01	1.37520099e+02	1.40298423e+02
3.72000000e+02	1.37800000e+02	1.01000000e+00	1	1.36435644e+02	1.37800000e+02	1.00000000e+00	1	1.37800000e+02	1.37800000e+02	9.90000000e-01	1	1.39191919e+02	1.37809188e+02	1.37816078e+00	7.95681499e-01	1.36431027e+02	1.39187348e+02
3.72100000e+02	1.36700000e+02	1.01000000e+00	1	1.35346535e+02	1.36700000e+02	1.00000000e+00	1	1.36700000e+02	1.36700000e+02	9.90000000e-01	1	1.38080808e+02	1.36709114e+02	1.36715950e+00	7.89329905e-01	1.35341955e+02	1.38076274e+02
3.72200000e+02	1.35800000e+02	1.01000000e+00	1	1.34455446e+02	1.35800000e+02	1.00000000e+00	1	1.35800000e+02	1.35800000e+02	9.90000000e-01	1	1.37171717e+02	1.35809054e+02	1.35815845e+00	7.84133146e-01	1.34450896e+02	1.37167213e+02
3.72300000e+02	1.34800000e+02	1.01000000e+00	1	1.33465347e+02	1.34800000e+02	1.00000000e+00	1	1.34800000e+02	1.34800000e+02	9.90000000e-01	1	1.36161616e+02	1.34808988e+02	1.34815728e+00	7.78358970e-01	1.33460830e+02	1.36157145e+02
3.72400000e+02	1.33900000e+02	1.01000000e+00	1	1.32574257e+02	1.33900000e+02	1.00000000e+00	1	1.33900000e+02	1.33900000e+02	9.90000000e-01	1	1.35252525e+02	1.33908928e+02	1.33915623e+00	7.73162211e-01	1.32569771e+02	1.35248084e+02
3.72500000e+02	1.32800000e+02	1.01000000e+00	1	1.31485149e+02	1.32800000e+02	1.00000000e+00	1	1.32800000e+02	1.32800000e+02	9.90000000e-01	1	1.34141414e+02	1.32808854e+02	1.32815495e+00	7.66810617e-01	1.31480699e+02	1.34137009e+02
3.72600000e+02	1.32000000e+02	1.01000000e+00	1	1.30693069e+02	1.32000000e+02	1.00000000e+00	1	1.32000000e+02	1.32000000e+02	9.90000000e-01	1	1.33333333e+02	1.32008801e+02	1.32015402e+00	7.62191276e-01	1.30688647e+02	1.33328955e+02
3.72700000e+02	1.31100000e+02	1.01000000e+00	1	1.29801980e+02	1.31100000e+02	1.00000000e+00	1	1.31100000e+02	1.31100000e+02	9.90000000e-01	1	1.32424242e+02	1.31108741e+02	1.31115297e+00	7.56994517e-01	1.29797588e+02	1.32419894e+02
3.72800000e+02	1.30400000e+02	1.01000000e+00	1	1.29108911e+02	1.30400000e+02	1.00000000e+00	1	1.30400000e+02	1.30400000e+02	9.90000000e-01	1	1.31717172e+02	1.30408694e+02	1.30415215e+00	7.52952594e-01	1.29104542e+02	1.31712846e+02
3.72900000e+02	1.29500000e+02	1.01000000e+00	1	1.28217822e+02	1.29500000e+02	1.00000000e+00	1	1.29500000e+02	1.29500000e+02	9.90000000e-01	1	1.30808081e+02	1.29508634e+02	1.29515110e+00	7.47755835e-01	1.28213483e+02	1.30803785e+02
3.73000000e+02	1.28700000e+02	1.01000000e+00	1	1.27425743e+02	1.28700000e+02	1.00000000e+00	1	1.28700000e+02	1.28700000e+02	9.90000000e-01	1	1.30000000e+02	1.28708581e+02	1.28715016e+00	7.43136494e-01	1.27421431e+02	1.29995731e+02
3.73100000e+02	1.27900000e+02	1.01000000e+00	1	1.26633663e+02	1.27900000e+02	1.00000000e+00	1	1.27900000e+02	1.27900000e+02	9.90000000e-01	1	1.29191919e+02	1.27908528e+02	1.27914923e+00	7.38517153e-01	1.26629378e+02	1.29187677e+02
3.73200000e+02	1.27600000e+02	1.01000000e+00	1	1.26336634e+02	1.27600000e+02	1.00000000e+00	1	1.27600000e+02	1.27600000e+02	9.90000000e-01	1	1.28888889e+02	1.27608508e+02	1.27614888e+00	7.36784900e-01	1.26332359e+02	1.28884656e+02
3.73300000e+02	1.26700000e+02	1.01000000e+00	1	1.25445545e+02	1.26700000e+02	1.00000000e+00	1	1.26700000e+02	1.26700000e+02	9.90000000e-01	1	1.27979798e+02	1.26708448e+02	1.26714783e+00	7.31588141e-01	1.25441300e+02	1.27975595e+02
3.73400000e+02	1.26000000e+02	1.01000000e+00	1	1.24752475e+02	1.26000000e+02	1.00000000e+00	1	1.26000000e+02	1.26000000e+02	9.90000000e-01	1	1.27272727e+02	1.26008401e+02	1.26014701e+00	7.27546218e-01	1.24748254e+02	1.27268548e+02
3.73500000e+02	1.25400000e+02	1.01000000e+00	1	1.24158416e+02	1.25400000e+02	1.00000000e+00	1	1.25400000e+02	1.25400000e+02	9.90000000e-01	1	1.26666667e+02	1.25408361e+02	1.25414631e+00	7.24081712e-01	1.24154215e+02	1.26662507e+02
3.73600000e+02	1.24700000e+02	1.01000000e+00	1	1.23465347e+02	1.24700000e+02	1.00000000e+00	1	1.24700000e+02	1.24700000e+02	9.90000000e-01	1	1.25959596e+02	1.24708314e+02	1.24714550e+00	7.20039789e-01	1.23461169e+02	1.25955460e+02
3.73700000e+02	1.24300000e+02	1.01000000e+00	1	1.23069307e+02	1.24300000e+02	1.00000000e+00	1	1.24300000e+02	1.24300000e+02	9.90000000e-01	1	1.25555556e+02	1.24308287e+02	1.24314503e+00	7.17730118e-01	1.23065142e+02	1.25551433e+02
3.73800000e+02	1.23700000e+02	1.01000000e+00	1	1.22475248e+02	1.23700000e+02	1.00000000e+00	1	1.23700000e+02	1.23700000e+02	9.90000000e-01	1	1.24949495e+02	1.23708247e+02	1.23714433e+00	7.14265612e-01	1.22471103e+02	1.24945392e+02
3.73900000e+02	1.23200000e+02	1.01000000e+00	1	1.21980198e+02	1.23200000e+02	1.00000000e+00	1	1.23200000e+02	1.23200000e+02	9.90000000e-01	1	1.24444444e+02	1.23208214e+02	1.23214375e+00	7.11378524e-01	1.21976070e+02	1.24440358e+02
3.74000000e+02	1.22800000e+02	1.01000000e+00	1	1.21584158e+02	1.22800000e+02	1.00000000e+00	1	1.22800000e+02	1.22800000e+02	9.90000000e-01	1	1.24040404e+02	1.22808187e+02	1.22814328e+00	7.09068854e-01	1.21580044e+02	1.24036331e+02
3.74100000e+02	1.22300000e+02	1.01000000e+00	1	1.21089109e+02	1.22300000e+02	1.00000000e+00	1	1.22300000e+02	1.22300000e+02	9.90000000e-01	1	1.23535354e+02	1.22308154e+02	1.22314270e+00	7.06181766e-01	1.21085011e+02	1.23531297e+02
3.74200000e+02	1.21800000e+02	1.01000000e+00	1	1.20594059e+02	1.21800000e+02	1.00000000e+00	1	1.21800000e+02	1.21800000e+02	9.90000000e-01	1	1.23030303e+02	1.21808121e+02	1.21814211e+00	7.03294677e-01	1.20589979e+02	1.23026263e+02
3.74300000e+02	1.21300000e+02	1.01000000e+00	1	1.20099010e+02	1.21300000e+02	1.00000000e+00	1	1.21300000e+02	1.21300000e+02	9.90000000e-01	1	1.22525253e+02	1.21308087e+02	1.21314153e+00	7.00407589e-01	1.20094946e+02	1.22521229e+02
3.74400000e+02	1.21100000e+02	1.01000000e+00	1	1.19900990e+02	1.21100000e+02	1.00000000e+00	1	1.21100000e+02	1.21100000e+02	9.90000000e-01	1	1.22323232e+02	1.21108074e+02	1.21114130e+00	6.99252754e-01	1.19896933e+02	1.22319215e+02
3.74500000e+02	1.20500000e+02	1.01000000e+00	1	1.19306931e+02	1.20500000e+02	1.00000000e+00	1	1.20500000e+02	1.20500000e+02	9.90000000e-01	1	1.21717172e+02	1.20508034e+02	1.20514060e+00	6.95788248e-01	1.19302894e+02	1.21713175e+02
3.74600000e+02	1.20100000e+02	1.01000000e+00	1	1.18910891e+02	1.20100000e+02	1.00000000e+00	1	1.20100000e+02	1.20100000e+02	9.90000000e-01	1	1.21313131e+02	1.20108007e+02	1.20114013e+00	6.93478578e-01	1.18906867e+02	1.21309148e+02
3.74700000e+02	1.19700000e+02	1.01000000e+00	1	1.18514851e+02	1.19700000e+02	1.00000000e+00	1	1.19700000e+02	1.19700000e+02	9.90000000e-01	1	1.20909091e+02	1.19707981e+02	1.19713966e+00	6.91168907e-01	1.18510841e+02	1.20905120e+02
3.74800000e+02	1.19400000e+02	1.01000000e+00	1	1.18217822e+02	1.19400000e+02	1.00000000e+00	1	1.19400000e+02	1.19400000e+02	9.90000000e-01	1	1.20606061e+02	1.19407961e+02	1.19413931e+00	6.89436654e-01	1.18213821e+02	1.20602100e+02
3.74900000e+02	1.19300000e+02	1.01000000e+00	1	1.18118812e+02	1.19300000e+02	1.00000000e+00	1	1.19300000e+02	1.19300000e+02	9.90000000e-01	1	1.20505051e+02	1.19307954e+02	1.19313920e+00	6.88859237e-01	1.18114815e+02	1.20501093e+02
3.75000000e+02	1.18900000e+02	1.01000000e+00	1	1.17722772e+02	1.18900000e+02	1.00000000e+00	1	1.18900000e+02	1.18900000e+02	9.90000000e-01	1	1.20101010e+02	1.18907927e+02	1.18913873e+00	6.86549566e-01	1.17718789e+02	1.20097066e+02
3.75100000e+02	1.18800000e+02	1.01000000e+00	1	1.17623762e+02	1.18800000e+02	1.00000000e+00	1	1.18800000e+02	1.18800000e+02	9.90000000e-01	1	1.20000000e+02	1.18807921e+02	1.18813861e+00	6.85972148e-01	1.17619782e+02	1.19996059e+02
3.75200000e+02	1.18200000e+02	1.01000000e+00	1	1.17029703e+02	1.18200000e+02	1.00000000e+00	1	1.18200000e+02	1.18200000e+02	9.90000000e-01	1	1.19393939e+02	1.18207881e+02	1.18213791e+00	6.82507643e-01	1.17025743e+02	1.19390019e+02
3.75300000e+02	1.17900000e+02	1.01000000e+00	1	1.16732673e+02	1.17900000e+02	1.00000000e+00	1	1.17900000e+02	1.17900000e+02	9.90000000e-01	1	1.19090909e+02	1.17907861e+02	1.17913756e+00	6.80775390e-01	1.16728723e+02	1.19086998e+02
3.75400000e+02	1.17800000e+02	1.01000000e+00	1	1.16633663e+02	1.17800000e+02	1.00000000e+00	1	1.17800000e+02	1.17800000e+02	9.90000000e-01	1	1.18989899e+02	1.17807854e+02	1.17813745e+00	6.80197972e-01	1.16629717e+02	1.18985992e+02
3.75500000e+02	1.17600000e+02	1.01000000e+00	1	1.16435644e+02	1.17600000e+02	1.00000000e+00	1	1.17600000e+02	1.17600000e+02	9.90000000e-01	1	1.18787879e+02	1.17607841e+02	1.17613721e+00	6.79043137e-01	1.16431704e+02	1.18783978e+02
3.75600000e+02	1.17700000e+02	1.01000000e+00	1	1.16534653e+02	1.17700000e+02	1.00000000e+00	1	1.17700000e+02	1.17700000e+02	9.90000000e-01	1	1.18888889e+02	1.17707847e+02	1.17713733e+00	6.79620554e-01	1.16530710e+02	1.18884985e+02
3.75700000e+02	1.17400000e+02	1.01000000e+00	1	1.16237624e+02	1.17400000e+02	1.00000000e+00	1	1.17400000e+02	1.17400000e+02	9.90000000e-01	1	1.18585859e+02	1.17407827e+02	1.17413698e+00	6.77888302e-01	1.16233690e+02	1.18581964e+02
3.75800000e+02	1.17100000e+02	1.01000000e+00	1	1.15940594e+02	1.17100000e+02	1.00000000e+00	1	1.17100000e+02	1.17100000e+02	9.90000000e-01	1	1.18282828e+02	1.17107807e+02	1.17113663e+00	6.76156049e-01	1.15936671e+02	1.18278944e+02
3.75900000e+02	1.16900000e+02	1.01000000e+00	1	1.15742574e+02	1.16900000e+02	1.00000000e+00	1	1.16900000e+02	1.16900000e+02	9.90000000e-01	1	1.18080808e+02	1.16907794e+02	1.16913640e+00	6.75001213e-01	1.15738658e+02	1.18076931e+02
3.76000000e+02	1.17000000e+02	1.01000000e+00	1	1.15841584e+02	1.17000000e+02	1.00000000e+00	1	1.17000000e+02	1.17000000e+02	9.90000000e-01	1	1.18181818e+02	1.17007801e+02	1.17013651e+00	6.75578631e-01	1.15837664e+02	1.18177937e+02
3.76100000e+02	1.16700000e+02	1.01000000e+00	1	1.15544554e+02	1.16700000e+02	1.00000000e+00	1	1.16700000e+02	1.16700000e+02	9.90000000e-01	1	1.17878788e+02	1.16707781e+02	1.16713616e+00	6.73846378e-01	1.15540645e+02	1.17874917e+02
3.76200000e+02	1.16600000e+02	1.01000000e+00	1	1.15445545e+02	1.16600000e+02	1.00000000e+00	1	1.16600000e+02	1.16600000e+02	9.90000000e-01	1	1.17777778e+02	1.16607774e+02	1.16613605e+00	6.73268961e-01	1.15441638e+02	1.17773910e+02
3.76300000e+02	1.16600000e+02	1.01000000e+00	1	1.15445545e+02	1.16600000e+02	1.00000000e+00	1	1.16600000e+02	1.16600000e+02	9.90000000e-01	1	1.17777778e+02	1.16607774e+02	1.16613605e+00	6.73268961e-01	1.15441638e+02	1.17773910e+02
3.76400000e+02	1.16500000e+02	1.01000000e+00	1	1.15346535e+02	1.16500000e+02	1.00000000e+00	1	1.16500000e+02	1.16500000e+02	9.90000000e-01	1	1.17676768e+02	1.16507767e+02	1.16513593e+00	6.72691543e-01	1.15342632e+02	1.17672903e+02
3.76500000e+02	1.16400000e+02	1.01000000e+00	1	1.15247525e+02	1.16400000e+02	1.00000000e+00	1	1.16400000e+02	1.16400000e+02	9.90000000e-01	1	1.17575758e+02	1.16407761e+02	1.16413581e+00	6.72114125e-01	1.15243625e+02	1.17571897e+02
3.76600000e+02	1.16500000e+02	1.01000000e+00	1	1.15346535e+02	1.16500000e+02	1.00000000e+00	1	1.16500000e+02	1.16500000e+02	9.90000000e-01	1	1.17676768e+02	1.16507767e+02	1.16513593e+00	6.72691543e-01	1.15342632e+02	1.17672903e+02
3.76700000e+02	1.16300000e+02	1.01000000e+00	1	1.15148515e+02	1.16300000e+02	1.00000000e+00	1	1.16300000e+02	1.16300000e+02	9.90000000e-01	1	1.17474747e+02	1.16307754e+02	1.16313570e+00	6.71536708e-01	1.15144618e+02	1.17470890e+02
3.76800000e+02	1.16300000e+02	1.01000000e+00	1	1.15148515e+02	1.16300000e+02	1.00000000e+00	1	1.16300000e+02	1.16300000e+02	9.90000000e-01	1	1.17474747e+02	1.16307754e+02	1.16313570e+00	6.71536708e-01	1.15144618e+02	1.17470890e+02
3.76900000e+02	1.16300000e+02	1.01000000e+00	1	1.15148515e+02	1.16300000e+02	1.00000000e+00	1	1.16300000e+02	1.16300000e+02	9.90000000e-01	1	1.17474747e+02	1.16307754e+02	1.16313570e+00	6.71536708e-01	1.15144618e+02	1.17470890e+02
3.77000000e+02	1.16200000e+02	1.01000000e+00	1	1.15049505e+02	1.16200000e+02	1.00000000e+00	1	1.16200000e+02	1.16200000e+02	9.90000000e-01	1	1.17373737e+02	1.16207747e+02	1.16213558e+00	6.70959290e-01	1.15045612e+02	1.17369883e+02
3.77100000e+02	1.16200000e+02	1.01000000e+00	1	1.15049505e+02	1.16200000e+02	1.00000000e+00	1	1.16200000e+02	1.16200000e+02	9.90000000e-01	1	1.17373737e+02	1.16207747e+02	1.16213558e+00	6.70959290e-01	1.15045612e+02	1.17369883e+02
3.77200000e+02	1.16200000e+02	1.01000000e+00	1	1.15049505e+02	1.16200000e+02	1.00000000e+00	1	1.16200000e+02	1.16200000e+02	9.90000000e-01	1	1.17373737e+02	1.16207747e+02	1.16213558e+00	6.70959290e-01	1.15045612e+02	1.17369883e+02
3.77300000e+02	1.16300000e+02	1.01000000e+00	1	1.15148515e+02	1.16300000e+02	1.00000000e+00	1	1.16300000e+02	1.16300000e+02	9.90000000e-01	1	1.17474747e+02	1.16307754e+02	1.16313570e+00	6.71536708e-01	1.15144618e+02	1.17470890e+02
3.77400000e+02	1.16200000e+02	1.01000000e+00	1	1.15049505e+02	1.16200000e+02	1.00000000e+00	1	1.16200000e+02	1.16200000e+02	9.90000000e-01	1	1.17373737e+02	1.16207747e+02	1.16213558e+00	6.70959290e-01	1.15045612e+02	1.17369883e+02
3.77500000e+02	1.16300000e+02	1.01000000e+00	1	1.15148515e+02	1.16300000e+02	1.00000000e+00	1	1.16300000e+02	1.16300000e+02	9.90000000e-01	1	1.17474747e+02	1.16307754e+02	1.16313570e+00	6.71536708e-01	1.15144618e+02	1.17470890e+02
3.77600000e+02	1.16400000e+02	1.01000000e+00	1	1.15247525e+02	1.16400000e+02	1.00000000e+00	1	1.16400000e+02	1.16400000e+02	9.90000000e-01	1	1.17575758e+02	1.16407761e+02	1.16413581e+00	6.72114125e-01	1.15243625e+02	1.17571897e+02
3.77700000e+02	1.16500000e+02	1.01000000e+00	1	1.15346535e+02	1.16500000e+02	1.00000000e+00	1	1.16500000e+02	1.16500000e+02	9.90000000e-01	1	1.17676768e+02	1.16507767e+02	1.16513593e+00	6.72691543e-01	1.15342632e+02	1.17672903e+02
3.77800000e+02	1.16500000e+02	1.01000000e+00	1	1.15346535e+02	1.16500000e+02	1.00000000e+00	1	1.16500000e+02	1.16500000e+02	9.90000000e-01	1	1.17676768e+02	1.16507767e+02	1.16513593e+00	6.72691543e-01	1.15342632e+02	1.17672903e+02
3.77900000e+02	1.16700000e+02	1.01000000e+00	1	1.15544554e+02	1.16700000e+02	1.00000000e+00	1	1.16700000e+02	1.16700000e+02	9.90000000e-01	1	1.17878788e+02	1.16707781e+02	1.16713616e+00	6.73846378e-01	1.15540645e+02	1.17874917e+02
3.78000000e+02	1.17000000e+02	1.01000000e+00	1	1.15841584e+02	1.17000000e+02	1.00000000e+00	1	1.17000000e+02	1.17000000e+02	9.90000000e-01	1	1.18181818e+02	1.17007801e+02	1.17013651e+00	6.75578631e-01	1.15837664e+02	1.18177937e+02
3.78100000e+02	1.17400000e+02	1.01000000e+00	1	1.16237624e+02	1.17400000e+02	1.00000000e+00	1	1.17400000e+02	1.17400000e+02	9.90000000e-01	1	1.18585859e+02	1.17407827e+02	1.17413698e+00	6.77888302e-01	1.16233690e+02	1.18581964e+02
3.78200000e+02	1.17200000e+02	1.01000000e+00	1	1.16039604e+02	1.17200000e+02	1.00000000e+00	1	1.17200000e+02	1.17200000e+02	9.90000000e-01	1	1.18383838e+02	1.17207814e+02	1.17213675e+00	6.76733466e-01	1.16035677e+02	1.18379951e+02
3.78300000e+02	1.17200000e+02	1.01000000e+00	1	1.16039604e+02	1.17200000e+02	1.00000000e+00	1	1.17200000e+02	1.17200000e+02	9.90000000e-01	1	1.18383838e+02	1.17207814e+02	1.17213675e+00	6.76733466e-01	1.16035677e+02	1.18379951e+02
3.78400000e+02	1.17400000e+02	1.01000000e+00	1	1.16237624e+02	1.17400000e+02	1.00000000e+00	1	1.17400000e+02	1.17400000e+02	9.90000000e-01	1	1.18585859e+02	1.17407827e+02	1.17413698e+00	6.77888302e-01	1.16233690e+02	1.18581964e+02
3.78500000e+02	1.17600000e+02	1.01000000e+00	1	1.16435644e+02	1.17600000e+02	1.00000000e+00	1	1.17600000e+02	1.17600000e+02	9.90000000e-01	1	1.18787879e+02	1.17607841e+02	1.17613721e+00	6.79043137e-01	1.16431704e+02	1.18783978e+02
3.78600000e+02	1.17700000e+02	1.01000000e+00	1	1.16534653e+02	1.17700000e+02	1.00000000e+00	1	1.17700000e+02	1.17700000e+02	9.90000000e-01	1	1.18888889e+02	1.17707847e+02	1.17713733e+00	6.79620554e-01	1.16530710e+02	1.18884985e+02
3.78700000e+02	1.18000000e+02	1.01000000e+00	1	1.16831683e+02	1.18000000e+02	1.00000000e+00	1	1.18000000e+02	1.18000000e+02	9.90000000e-01	1	1.19191919e+02	1.18007867e+02	1.18013768e+00	6.81352807e-01	1.16827730e+02	1.19188005e+02
3.78800000e+02	1.18300000e+02	1.01000000e+00	1	1.17128713e+02	1.18300000e+02	1.00000000e+00	1	1.18300000e+02	1.18300000e+02	9.90000000e-01	1	1.19494949e+02	1.18307887e+02	1.18313803e+00	6.83085060e-01	1.17124749e+02	1.19491025e+02
3.78900000e+02	1.18500000e+02	1.01000000e+00	1	1.17326733e+02	1.18500000e+02	1.00000000e+00	1	1.18500000e+02	1.18500000e+02	9.90000000e-01	1	1.19696970e+02	1.18507901e+02	1.18513826e+00	6.84239896e-01	1.17322763e+02	1.19693039e+02
3.79000000e+02	1.18600000e+02	1.01000000e+00	1	1.17425743e+02	1.18600000e+02	1.00000000e+00	1	1.18600000e+02	1.18600000e+02	9.90000000e-01	1	1.19797980e+02	1.18607907e+02	1.18613838e+00	6.84817313e-01	1.17421769e+02	1.19794046e+02
3.79100000e+02	1.18800000e+02	1.01000000e+00	1	1.17623762e+02	1.18800000e+02	1.00000000e+00	1	1.18800000e+02	1.18800000e+02	9.90000000e-01	1	1.20000000e+02	1.18807921e+02	1.18813861e+00	6.85972148e-01	1.17619782e+02	1.19996059e+02
3.79200000e+02	1.19000000e+02	1.01000000e+00	1	1.17821782e+02	1.19000000e+02	1.00000000e+00	1	1.19000000e+02	1.19000000e+02	9.90000000e-01	1	1.20202020e+02	1.19007934e+02	1.19013885e+00	6.87126984e-01	1.17817795e+02	1.20198073e+02
3.79300000e+02	1.19400000e+02	1.01000000e+00	1	1.18217822e+02	1.19400000e+02	1.00000000e+00	1	1.19400000e+02	1.19400000e+02	9.90000000e-01	1	1.20606061e+02	1.19407961e+02	1.19413931e+00	6.89436654e-01	1.18213821e+02	1.20602100e+02
3.79400000e+02	1.19500000e+02	1.01000000e+00	1	1.18316832e+02	1.19500000e+02	1.00000000e+00	1	1.19500000e+02	1.19500000e+02	9.90000000e-01	1	1.20707071e+02	1.19507967e+02	1.19513943e+00	6.90014072e-01	1.18312828e+02	1.20703107e+02
3.79500000e+02	1.19600000e+02	1.01000000e+00	1	1.18415842e+02	1.19600000e+02	1.00000000e+00	1	1.19600000e+02	1.19600000e+02	9.90000000e-01	1	1.20808081e+02	1.19607974e+02	1.19613955e+00	6.90591490e-01	1.18411835e+02	1.20804114e+02
3.79600000e+02	1.20100000e+02	1.01000000e+00	1	1.18910891e+02	1.20100000e+02	1.00000000e+00	1	1.20100000e+02	1.20100000e+02	9.90000000e-01	1	1.21313131e+02	1.20108007e+02	1.20114013e+00	6.93478578e-01	1.18906867e+02	1.21309148e+02
3.79700000e+02	1.20300000e+02	1.01000000e+00	1	1.19108911e+02	1.20300000e+02	1.00000000e+00	1	1.20300000e+02	1.20300000e+02	9.90000000e-01	1	1.21515152e+02	1.20308021e+02	1.20314036e+00	6.94633413e-01	1.19104880e+02	1.21511161e+02
3.79800000e+02	1.20300000e+02	1.01000000e+00	1	1.19108911e+02	1.20300000e+02	1.00000000e+00	1	1.20300000e+02	1.20300000e+02	9.90000000e-01	1	1.21515152e+02	1.20308021e+02	1.20314036e+00	6.94633413e-01	1.19104880e+02	1.21511161e+02
3.79900000e+02	1.20700000e+02	1.01000000e+00	1	1.19504950e+02	1.20700000e+02	1.00000000e+00	1	1.20700000e+02	1.20700000e+02	9.90000000e-01	1	1.21919192e+02	1.20708047e+02	1.20714083e+00	6.96943083e-01	1.19500907e+02	1.21915188e+02
3.80000000e+02	1.20900000e+02	1.01000000e+00	1	1.19702970e+02	1.20900000e+02	1.00000000e+00	1	1.20900000e+02	1.20900000e+02	9.90000000e-01	1	1.22121212e+02	1.20908061e+02	1.20914106e+00	6.98097919e-01	1.19698920e+02	1.22117202e+02
3.80100000e+02	1.21000000e+02	1.01000000e+00	1	1.19801980e+02	1.21000000e+02	1.00000000e+00	1	1.21000000e+02	1.21000000e+02	9.90000000e-01	1	1.22222222e+02	1.21008067e+02	1.21014118e+00	6.98675336e-01	1.19797926e+02	1.22218209e+02
3.80200000e+02	1.21500000e+02	1.01000000e+00	1	1.20297030e+02	1.21500000e+02	1.00000000e+00	1	1.21500000e+02	1.21500000e+02	9.90000000e-01	1	1.22727273e+02	1.21508101e+02	1.21514176e+00	7.01562425e-01	1.20292959e+02	1.22723243e+02
3.80300000e+02	1.21900000e+02	1.01000000e+00	1	1.20693069e+02	1.21900000e+02	1.00000000e+00	1	1.21900000e+02	1.21900000e+02	9.90000000e-01	1	1.23131313e+02	1.21908127e+02	1.21914223e+00	7.03872095e-01	1.20688985e+02	1.23127270e+02
3.80400000e+02	1.22200000e+02	1.01000000e+00	1	1.20990099e+02	1.22200000e+02	1.00000000e+00	1	1.22200000e+02	1.22200000e+02	9.90000000e-01	1	1.23434343e+02	1.22208147e+02	1.22214258e+00	7.05604348e-01	1.20986005e+02	1.23430290e+02
3.80500000e+02	1.22400000e+02	1.01000000e+00	1	1.21188119e+02	1.22400000e+02	1.00000000e+00	1	1.22400000e+02	1.22400000e+02	9.90000000e-01	1	1.23636364e+02	1.22408161e+02	1.22414281e+00	7.06759183e-01	1.21184018e+02	1.23632304e+02
3.80600000e+02	1.22500000e+02	1.01000000e+00	1	1.21287129e+02	1.22500000e+02	1.00000000e+00	1	1.22500000e+02	1.22500000e+02	9.90000000e-01	1	1.23737374e+02	1.22508167e+02	1.22514293e+00	7.07336601e-01	1.21283025e+02	1.23733310e+02
3.80700000e+02	1.22900000e+02	1.01000000e+00	1	1.21683168e+02	1.22900000e+02	1.00000000e+00	1	1.22900000e+02	1.22900000e+02	9.90000000e-01	1	1.24141414e+02	1.22908194e+02	1.22914340e+00	7.09646271e-01	1.21679051e+02	1.24137338e+02
3.80800000e+02	1.23300000e+02	1.01000000e+00	1	1.22079208e+02	1.23300000e+02	1.00000000e+00	1	1.23300000e+02	1.23300000e+02	9.90000000e-01	1	1.24545455e+02	1.23308221e+02	1.23314386e+00	7.11955942e-01	1.22075077e+02	1.24541365e+02
3.80900000e+02	1.23600000e+02	1.01000000e+00	1	1.22376238e+02	1.23600000e+02	1.00000000e+00	1	1.23600000e+02	1.23600000e+02	9.90000000e-01	1	1.24848485e+02	1.23608241e+02	1.23614421e+00	7.13688195e-01	1.22372097e+02	1.24844385e+02
3.81000000e+02	1.23900000e+02	1.01000000e+00	1	1.22673267e+02	1.23900000e+02	1.00000000e+00	1	1.23900000e+02	1.23900000e+02	9.90000000e-01	1	1.25151515e+02	1.23908261e+02	1.23914456e+00	7.15420448e-01	1.22669116e+02	1.25147405e+02
3.81100000e+02	1.24300000e+02	1.01000000e+00	1	1.23069307e+02	1.24300000e+02	1.00000000e+00	1	1.24300000e+02	1.24300000e+02	9.90000000e-01	1	1.25555556e+02	1.24308287e+02	1.24314503e+00	7.17730118e-01	1.23065142e+02	1.25551433e+02
3.81200000e+02	1.24600000e+02	1.01000000e+00	1	1.23366337e+02	1.24600000e+02	1.00000000e+00	1	1.24600000e+02	1.24600000e+02	9.90000000e-01	1	1.25858586e+02	1.24608307e+02	1.24614538e+00	7.19462371e-01	1.23362162e+02	1.25854453e+02
3.81300000e+02	1.24900000e+02	1.01000000e+00	1	1.23663366e+02	1.24900000e+02	1.00000000e+00	1	1.24900000e+02	1.24900000e+02	9.90000000e-01	1	1.26161616e+02	1.24908327e+02	1.24914573e+00	7.21194624e-01	1.23659182e+02	1.26157473e+02
3.81400000e+02	1.25300000e+02	1.01000000e+00	1	1.24059406e+02	1.25300000e+02	1.00000000e+00	1	1.25300000e+02	1.25300000e+02	9.90000000e-01	1	1.26565657e+02	1.25308354e+02	1.25314620e+00	7.23504295e-01	1.24055208e+02	1.26561500e+02
3.81500000e+02	1.25900000e+02	1.01000000e+00	1	1.24653465e+02	1.25900000e+02	1.00000000e+00	1	1.25900000e+02	1.25900000e+02	9.90000000e-01	1	1.27171717e+02	1.25908394e+02	1.25914690e+00	7.26968800e-01	1.24649247e+02	1.27167541e+02
3.81600000e+02	1.26000000e+02	1.01000000e+00	1	1.24752475e+02	1.26000000e+02	1.00000000e+00	1	1.26000000e+02	1.26000000e+02	9.90000000e-01	1	1.27272727e+02	1.26008401e+02	1.26014701e+00	7.27546218e-01	1.24748254e+02	1.27268548e+02
3.81700000e+02	1.26500000e+02	1.01000000e+00	1	1.25247525e+02	1.26500000e+02	1.00000000e+00	1	1.26500000e+02	1.26500000e+02	9.90000000e-01	1	1.27777778e+02	1.26508434e+02	1.26514760e+00	7.30433306e-01	1.25243287e+02	1.27773582e+02
3.81800000e+02	1.26800000e+02	1.01000000e+00	1	1.25544554e+02	1.26800000e+02	1.00000000e+00	1	1.26800000e+02	1.26800000e+02	9.90000000e-01	1	1.28080808e+02	1.26808454e+02	1.26814795e+00	7.32165559e-01	1.25540306e+02	1.28076602e+02
3.81900000e+02	1.27200000e+02	1.01000000e+00	1	1.25940594e+02	1.27200000e+02	1.00000000e+00	1	1.27200000e+02	1.27200000e+02	9.90000000e-01	1	1.28484848e+02	1.27208481e+02	1.27214841e+00	7.34475230e-01	1.25936332e+02	1.28480629e+02
3.82000000e+02	1.27700000e+02	1.01000000e+00	1	1.26435644e+02	1.27700000e+02	1.00000000e+00	1	1.27700000e+02	1.27700000e+02	9.90000000e-01	1	1.28989899e+02	1.27708514e+02	1.27714900e+00	7.37362318e-01	1.26431365e+02	1.28985663e+02
3.82100000e+02	1.28000000e+02	1.01000000e+00	1	1.26732673e+02	1.28000000e+02	1.00000000e+00	1	1.28000000e+02	1.28000000e+02	9.90000000e-01	1	1.29292929e+02	1.28008534e+02	1.28014935e+00	7.39094571e-01	1.26728385e+02	1.29288684e+02
3.82200000e+02	1.28400000e+02	1.01000000e+00	1	1.27128713e+02	1.28400000e+02	1.00000000e+00	1	1.28400000e+02	1.28400000e+02	9.90000000e-01	1	1.29696970e+02	1.28408561e+02	1.28414981e+00	7.41404241e-01	1.27124411e+02	1.29692711e+02
3.82300000e+02	1.28800000e+02	1.01000000e+00	1	1.27524752e+02	1.28800000e+02	1.00000000e+00	1	1.28800000e+02	1.28800000e+02	9.90000000e-01	1	1.30101010e+02	1.28808588e+02	1.28815028e+00	7.43713912e-01	1.27520437e+02	1.30096738e+02
3.82400000e+02	1.29000000e+02	1.01000000e+00	1	1.27722772e+02	1.29000000e+02	1.00000000e+00	1	1.29000000e+02	1.29000000e+02	9.90000000e-01	1	1.30303030e+02	1.29008601e+02	1.29015051e+00	7.44868747e-01	1.27718450e+02	1.30298751e+02
3.82500000e+02	1.29600000e+02	1.01000000e+00	1	1.28316832e+02	1.29600000e+02	1.00000000e+00	1	1.29600000e+02	1.29600000e+02	9.90000000e-01	1	1.30909091e+02	1.29608641e+02	1.29615121e+00	7.48333253e-01	1.28312490e+02	1.30904792e+02
3.82600000e+02	1.29900000e+02	1.01000000e+00	1	1.28613861e+02	1.29900000e+02	1.00000000e+00	1	1.29900000e+02	1.29900000e+02	9.90000000e-01	1	1.31212121e+02	1.29908661e+02	1.29915156e+00	7.50065506e-01	1.28609509e+02	1.31207812e+02
3.82700000e+02	1.30300000e+02	1.01000000e+00	1	1.29009901e+02	1.30300000e+02	1.00000000e+00	1	1.30300000e+02	1.30300000e+02	9.90000000e-01	1	1.31616162e+02	1.30308688e+02	1.30315203e+00	7.52375176e-01	1.29005536e+02	1.31611840e+02
3.82800000e+02	1.31100000e+02	1.01000000e+00	1	1.29801980e+02	1.31100000e+02	1.00000000e+00	1	1.31100000e+02	1.31100000e+02	9.90000000e-01	1	1.32424242e+02	1.31108741e+02	1.31115297e+00	7.56994517e-01	1.29797588e+02	1.32419894e+02
3.82900000e+02	1.31400000e+02	1.01000000e+00	1	1.30099010e+02	1.31400000e+02	1.00000000e+00	1	1.31400000e+02	1.31400000e+02	9.90000000e-01	1	1.32727273e+02	1.31408761e+02	1.31415332e+00	7.58726770e-01	1.30094608e+02	1.32722914e+02
3.83000000e+02	1.31700000e+02	1.01000000e+00	1	1.30396040e+02	1.31700000e+02	1.00000000e+00	1	1.31700000e+02	1.31700000e+02	9.90000000e-01	1	1.33030303e+02	1.31708781e+02	1.31715367e+00	7.60459023e-01	1.30391627e+02	1.33025935e+02
3.83100000e+02	1.32200000e+02	1.01000000e+00	1	1.30891089e+02	1.32200000e+02	1.00000000e+00	1	1.32200000e+02	1.32200000e+02	9.90000000e-01	1	1.33535354e+02	1.32208814e+02	1.32215425e+00	7.63346111e-01	1.30886660e+02	1.33530968e+02
3.83200000e+02	1.32700000e+02	1.01000000e+00	1	1.31386139e+02	1.32700000e+02	1.00000000e+00	1	1.32700000e+02	1.32700000e+02	9.90000000e-01	1	1.34040404e+02	1.32708848e+02	1.32715483e+00	7.66233199e-01	1.31381693e+02	1.34036002e+02
3.83300000e+02	1.33000000e+02	1.01000000e+00	1	1.31683168e+02	1.33000000e+02	1.00000000e+00	1	1.33000000e+02	1.33000000e+02	9.90000000e-01	1	1.34343434e+02	1.33008868e+02	1.33015518e+00	7.67965452e-01	1.31678712e+02	1.34339023e+02
3.83400000e+02	1.33500000e+02	1.01000000e+00	1	1.32178218e+02	1.33500000e+02	1.00000000e+00	1	1.33500000e+02	1.33500000e+02	9.90000000e-01	1	1.34848485e+02	1.33508901e+02	1.33515577e+00	7.70852541e-01	1.32173745e+02	1.34844057e+02
3.83500000e+02	1.34000000e+02	1.01000000e+00	1	1.32673267e+02	1.34000000e+02	1.00000000e+00	1	1.34000000e+02	1.34000000e+02	9.90000000e-01	1	1.35353535e+02	1.34008934e+02	1.34015635e+00	7.73739629e-01	1.32668778e+02	1.35349091e+02
3.83600000e+02	1.34400000e+02	1.01000000e+00	1	1.33069307e+02	1.34400000e+02	1.00000000e+00	1	1.34400000e+02	1.34400000e+02	9.90000000e-01	1	1.35757576e+02	1.34408961e+02	1.34415682e+00	7.76049299e-01	1.33064804e+02	1.35753118e+02
3.83700000e+02	1.34700000e+02	1.01000000e+00	1	1.33366337e+02	1.34700000e+02	1.00000000e+00	1	1.34700000e+02	1.34700000e+02	9.90000000e-01	1	1.36060606e+02	1.34708981e+02	1.34715717e+00	7.77781552e-01	1.33361824e+02	1.36056138e+02
3.83800000e+02	1.35300000e+02	1.01000000e+00	1	1.33960396e+02	1.35300000e+02	1.00000000e+00	1	1.35300000e+02	1.35300000e+02	9.90000000e-01	1	1.36666667e+02	1.35309021e+02	1.35315787e+00	7.81246058e-01	1.33955863e+02	1.36662179e+02
3.83900000e+02	1.35700000e+02	1.01000000e+00	1	1.34356436e+02	1.35700000e+02	1.00000000e+00	1	1.35700000e+02	1.35700000e+02	9.90000000e-01	1	1.37070707e+02	1.35709048e+02	1.35715833e+00	7.83555728e-01	1.34351889e+02	1.37066206e+02
3.84000000e+02	1.36500000e+02	1.01000000e+00	1	1.35148515e+02	1.36500000e+02	1.00000000e+00	1	1.36500000e+02	1.36500000e+02	9.90000000e-01	1	1.37878788e+02	1.36509101e+02	1.36515927e+00	7.88175070e-01	1.35143942e+02	1.37874260e+02
3.84100000e+02	1.36900000e+02	1.01000000e+00	1	1.35544554e+02	1.36900000e+02	1.00000000e+00	1	1.36900000e+02	1.36900000e+02	9.90000000e-01	1	1.38282828e+02	1.36909128e+02	1.36915973e+00	7.90484740e-01	1.35539968e+02	1.38278287e+02
3.84200000e+02	1.37400000e+02	1.01000000e+00	1	1.36039604e+02	1.37400000e+02	1.00000000e+00	1	1.37400000e+02	1.37400000e+02	9.90000000e-01	1	1.38787879e+02	1.37409161e+02	1.37416032e+00	7.93371828e-01	1.36035001e+02	1.38783321e+02
3.84300000e+02	1.37800000e+02	1.01000000e+00	1	1.36435644e+02	1.37800000e+02	1.00000000e+00	1	1.37800000e+02	1.37800000e+02	9.90000000e-01	1	1.39191919e+02	1.37809188e+02	1.37816078e+00	7.95681499e-01	1.36431027e+02	1.39187348e+02
3.84400000e+02	1.38200000e+02	1.01000000e+00	1	1.36831683e+02	1.38200000e+02	1.00000000e+00	1	1.38200000e+02	1.38200000e+02	9.90000000e-01	1	1.39595960e+02	1.38209214e+02	1.38216125e+00	7.97991169e-01	1.36827053e+02	1.39591376e+02
3.84500000e+02	1.38700000e+02	1.01000000e+00	1	1.37326733e+02	1.38700000e+02	1.00000000e+00	1	1.38700000e+02	1.38700000e+02	9.90000000e-01	1	1.40101010e+02	1.38709248e+02	1.38716183e+00	8.00878257e-01	1.37322086e+02	1.40096409e+02
3.84600000e+02	1.38900000e+02	1.01000000e+00	1	1.37524752e+02	1.38900000e+02	1.00000000e+00	1	1.38900000e+02	1.38900000e+02	9.90000000e-01	1	1.40303030e+02	1.38909261e+02	1.38916207e+00	8.02033093e-01	1.37520099e+02	1.40298423e+02
3.84700000e+02	1.39800000e+02	1.01000000e+00	1	1.38415842e+02	1.39800000e+02	1.00000000e+00	1	1.39800000e+02	1.39800000e+02	9.90000000e-01	1	1.41212121e+02	1.39809321e+02	1.39816312e+00	8.07229851e-01	1.38411158e+02	1.41207484e+02
3.84800000e+02	1.40100000e+02	1.01000000e+00	1	1.38712871e+02	1.40100000e+02	1.00000000e+00	1	1.40100000e+02	1.40100000e+02	9.90000000e-01	1	1.41515152e+02	1.40109341e+02	1.40116347e+00	8.08962104e-01	1.38708177e+02	1.41510504e+02
3.84900000e+02	1.40600000e+02	1.01000000e+00	1	1.39207921e+02	1.40600000e+02	1.00000000e+00	1	1.40600000e+02	1.40600000e+02	9.90000000e-01	1	1.42020202e+02	1.40609374e+02	1.40616405e+00	8.11849193e-01	1.39203210e+02	1.42015538e+02
3.85000000e+02	1.41000000e+02	1.01000000e+00	1	1.39603960e+02	1.41000000e+02	1.00000000e+00	1	1.41000000e+02	1.41000000e+02	9.90000000e-01	1	1.42424242e+02	1.41009401e+02	1.41016452e+00	8.14158863e-01	1.39599236e+02	1.42419565e+02
3.85100000e+02	1.41700000e+02	1.01000000e+00	1	1.40297030e+02	1.41700000e+02	1.00000000e+00	1	1.41700000e+02	1.41700000e+02	9.90000000e-01	1	1.43131313e+02	1.41709448e+02	1.41716533e+00	8.18200786e-01	1.40292282e+02	1.43126613e+02
3.85200000e+02	1.42200000e+02	1.01000000e+00	1	1.40792079e+02	1.42200000e+02	1.00000000e+00	1	1.42200000e+02	1.42200000e+02	9.90000000e-01	1	1.43636364e+02	1.42209481e+02	1.42216592e+00	8.21087875e-01	1.40787315e+02	1.43631647e+02
3.85300000e+02	1.42700000e+02	1.01000000e+00	1	1.41287129e+02	1.42700000e+02	1.00000000e+00	1	1.42700000e+02	1.42700000e+02	9.90000000e-01	1	1.44141414e+02	1.42709514e+02	1.42716650e+00	8.23974963e-01	1.41282348e+02	1.44136681e+02
3.85400000e+02	1.43200000e+02	1.01000000e+00	1	1.41782178e+02	1.43200000e+02	1.00000000e+00	1	1.43200000e+02	1.43200000e+02	9.90000000e-01	1	1.44646465e+02	1.43209548e+02	1.43216708e+00	8.26862051e-01	1.41777381e+02	1.44641715e+02
3.85500000e+02	1.43600000e+02	1.01000000e+00	1	1.42178218e+02	1.43600000e+02	1.00000000e+00	1	1.43600000e+02	1.43600000e+02	9.90000000e-01	1	1.45050505e+02	1.43609574e+02	1.43616755e+00	8.29171722e-01	1.42173407e+02	1.45045742e+02
3.85600000e+02	1.44100000e+02	1.01000000e+00	1	1.42673267e+02	1.44100000e+02	1.00000000e+00	1	1.44100000e+02	1.44100000e+02	9.90000000e-01	1	1.45555556e+02	1.44109608e+02	1.44116813e+00	8.32058810e-01	1.42668439e+02	1.45550776e+02
3.85700000e+02	1.44700000e+02	1.01000000e+00	1	1.43267327e+02	1.44700000e+02	1.00000000e+00	1	1.44700000e+02	1.44700000e+02	9.90000000e-01	1	1.46161616e+02	1.44709648e+02	1.44716883e+00	8.35523315e-01	1.43262479e+02	1.46156816e+02
3.85800000e+02	1.45400000e+02	1.01000000e+00	1	1.43960396e+02	1.45400000e+02	1.00000000e+00	1	1.45400000e+02	1.45400000e+02	9.90000000e-01	1	1.46868687e+02	1.45409694e+02	1.45416965e+00	8.39565239e-01	1.43955525e+02	1.46863864e+02
3.85900000e+02	1.45800000e+02	1.01000000e+00	1	1.44356436e+02	1.45800000e+02	1.00000000e+00	1	1.45800000e+02	1.45800000e+02	9.90000000e-01	1	1.47272727e+02	1.45809721e+02	1.45817012e+00	8.41874909e-01	1.44351551e+02	1.47267891e+02
3.86000000e+02	1.46500000e+02	1.01000000e+00	1	1.45049505e+02	1.46500000e+02	1.00000000e+00	1	1.46500000e+02	1.46500000e+02	9.90000000e-01	1	1.47979798e+02	1.46509768e+02	1.46517093e+00	8.45916833e-01	1.45044597e+02	1.47974939e+02
3.86100000e+02	1.46700000e+02	1.01000000e+00	1	1.45247525e+02	1.46700000e+02	1.00000000e+00	1	1.46700000e+02	1.46700000e+02	9.90000000e-01	1	1.48181818e+02	1.46709781e+02	1.46717117e+00	8.47071668e-01	1.45242610e+02	1.48176952e+02
3.86200000e+02	1.47400000e+02	1.01000000e+00	1	1.45940594e+02	1.47400000e+02	1.00000000e+00	1	1.47400000e+02	1.47400000e+02	9.90000000e-01	1	1.48888889e+02	1.47409828e+02	1.47417198e+00	8.51113592e-01	1.45935656e+02	1.48884000e+02
3.86300000e+02	1.48000000e+02	1.01000000e+00	1	1.46534653e+02	1.48000000e+02	1.00000000e+00	1	1.48000000e+02	1.48000000e+02	9.90000000e-01	1	1.49494949e+02	1.48009868e+02	1.48017268e+00	8.54578097e-01	1.46529695e+02	1.49490040e+02
3.86400000e+02	1.48500000e+02	1.01000000e+00	1	1.47029703e+02	1.48500000e+02	1.00000000e+00	1	1.48500000e+02	1.48500000e+02	9.90000000e-01	1	1.50000000e+02	1.48509901e+02	1.48517327e+00	8.57465186e-01	1.47024728e+02	1.49995074e+02
3.86500000e+02	1.49100000e+02	1.01000000e+00	1	1.47623762e+02	1.49100000e+02	1.00000000e+00	1	1.49100000e+02	1.49100000e+02	9.90000000e-01	1	1.50606061e+02	1.49109941e+02	1.49117397e+00	8.60929691e-01	1.47618767e+02	1.50601115e+02
3.86600000e+02	1.49700000e+02	1.01000000e+00	1	1.48217822e+02	1.49700000e+02	1.00000000e+00	1	1.49700000e+02	1.49700000e+02	9.90000000e-01	1	1.51212121e+02	1.49709981e+02	1.49717467e+00	8.64394197e-01	1.48212806e+02	1.51207156e+02
3.86700000e+02	1.50200000e+02	1.01000000e+00	1	1.48712871e+02	1.50200000e+02	1.00000000e+00	1	1.50200000e+02	1.50200000e+02	9.90000000e-01	1	1.51717172e+02	1.50210014e+02	1.50217525e+00	8.67281285e-01	1.48707839e+02	1.51712190e+02
3.86800000e+02	1.50700000e+02	1.01000000e+00	1	1.49207921e+02	1.50700000e+02	1.00000000e+00	1	1.50700000e+02	1.50700000e+02	9.90000000e-01	1	1.52222222e+02	1.50710048e+02	1.50717583e+00	8.70168373e-01	1.49202872e+02	1.52217224e+02
3.86900000e+02	1.51300000e+02	1.01000000e+00	1	1.49801980e+02	1.51300000e+02	1.00000000e+00	1	1.51300000e+02	1.51300000e+02	9.90000000e-01	1	1.52828283e+02	1.51310088e+02	1.51317653e+00	8.73632879e-01	1.49796911e+02	1.52823264e+02
3.87000000e+02	1.51900000e+02	1.01000000e+00	1	1.50396040e+02	1.51900000e+02	1.00000000e+00	1	1.51900000e+02	1.51900000e+02	9.90000000e-01	1	1.53434343e+02	1.51910128e+02	1.51917723e+00	8.77097385e-01	1.50390950e+02	1.53429305e+02
3.87100000e+02	1.52500000e+02	1.01000000e+00	1	1.50990099e+02	1.52500000e+02	1.00000000e+00	1	1.52500000e+02	1.52500000e+02	9.90000000e-01	1	1.54040404e+02	1.52510168e+02	1.52517793e+00	8.80561891e-01	1.50984990e+02	1.54035346e+02
3.87200000e+02	1.52900000e+02	1.01000000e+00	1	1.51386139e+02	1.52900000e+02	1.00000000e+00	1	1.52900000e+02	1.52900000e+02	9.90000000e-01	1	1.54444444e+02	1.52910194e+02	1.52917840e+00	8.82871561e-01	1.51381016e+02	1.54439373e+02
3.87300000e+02	1.53600000e+02	1.01000000e+00	1	1.52079208e+02	1.53600000e+02	1.00000000e+00	1	1.53600000e+02	1.53600000e+02	9.90000000e-01	1	1.55151515e+02	1.53610241e+02	1.53617922e+00	8.86913485e-01	1.52074062e+02	1.55146420e+02
3.87400000e+02	1.54200000e+02	1.01000000e+00	1	1.52673267e+02	1.54200000e+02	1.00000000e+00	1	1.54200000e+02	1.54200000e+02	9.90000000e-01	1	1.55757576e+02	1.54210281e+02	1.54217992e+00	8.90377991e-01	1.52668101e+02	1.55752461e+02
3.87500000e+02	1.55000000e+02	1.01000000e+00	1	1.53465347e+02	1.55000000e+02	1.00000000e+00	1	1.55000000e+02	1.55000000e+02	9.90000000e-01	1	1.56565657e+02	1.55010334e+02	1.55018085e+00	8.94997332e-01	1.53460154e+02	1.56560515e+02
3.87600000e+02	1.55600000e+02	1.01000000e+00	1	1.54059406e+02	1.55600000e+02	1.00000000e+00	1	1.55600000e+02	1.55600000e+02	9.90000000e-01	1	1.57171717e+02	1.55610374e+02	1.55618155e+00	8.98461838e-01	1.54054193e+02	1.57166556e+02
3.87700000e+02	1.56100000e+02	1.01000000e+00	1	1.54554455e+02	1.56100000e+02	1.00000000e+00	1	1.56100000e+02	1.56100000e+02	9.90000000e-01	1	1.57676768e+02	1.56110408e+02	1.56118213e+00	9.01348926e-01	1.54549226e+02	1.57671590e+02
3.87800000e+02	1.56700000e+02	1.01000000e+00	1	1.55148515e+02	1.56700000e+02	1.00000000e+00	1	1.56700000e+02	1.56700000e+02	9.90000000e-01	1	1.58282828e+02	1.56710448e+02	1.56718283e+00	9.04813432e-01	1.55143265e+02	1.58277631e+02
3.87900000e+02	1.57300000e+02	1.01000000e+00	1	1.55742574e+02	1.57300000e+02	1.00000000e+00	1	1.57300000e+02	1.57300000e+02	9.90000000e-01	1	1.58888889e+02	1.57310488e+02	1.57318353e+00	9.08277937e-01	1.55737304e+02	1.58883671e+02
3.88000000e+02	1.57800000e+02	1.01000000e+00	1	1.56237624e+02	1.57800000e+02	1.00000000e+00	1	1.57800000e+02	1.57800000e+02	9.90000000e-01	1	1.59393939e+02	1.57810521e+02	1.57818412e+00	9.11165025e-01	1.56232337e+02	1.59388705e+02
3.88100000e+02	1.58500000e+02	1.01000000e+00	1	1.56930693e+02	1.58500000e+02	1.00000000e+00	1	1.58500000e+02	1.58500000e+02	9.90000000e-01	1	1.60101010e+02	1.58510568e+02	1.58518493e+00	9.15206949e-01	1.56925383e+02	1.60095753e+02
3.88200000e+02	1.58900000e+02	1.01000000e+00	1	1.57326733e+02	1.58900000e+02	1.00000000e+00	1	1.58900000e+02	1.58900000e+02	9.90000000e-01	1	1.60505051e+02	1.58910594e+02	1.58918540e+00	9.17516619e-01	1.57321409e+02	1.60499780e+02
3.88300000e+02	1.59500000e+02	1.01000000e+00	1	1.57920792e+02	1.59500000e+02	1.00000000e+00	1	1.59500000e+02	1.59500000e+02	9.90000000e-01	1	1.61111111e+02	1.59510634e+02	1.59518610e+00	9.20981125e-01	1.57915448e+02	1.61105820e+02
3.88400000e+02	1.60200000e+02	1.01000000e+00	1	1.58613861e+02	1.60200000e+02	1.00000000e+00	1	1.60200000e+02	1.60200000e+02	9.90000000e-01	1	1.61818182e+02	1.60210681e+02	1.60218692e+00	9.25023049e-01	1.58608494e+02	1.61812868e+02
3.88500000e+02	1.60800000e+02	1.01000000e+00	1	1.59207921e+02	1.60800000e+02	1.00000000e+00	1	1.60800000e+02	1.60800000e+02	9.90000000e-01	1	1.62424242e+02	1.60810721e+02	1.60818762e+00	9.28487554e-01	1.59202533e+02	1.62418909e+02
3.88600000e+02	1.61400000e+02	1.01000000e+00	1	1.59801980e+02	1.61400000e+02	1.00000000e+00	1	1.61400000e+02	1.61400000e+02	9.90000000e-01	1	1.63030303e+02	1.61410761e+02	1.61418832e+00	9.31952060e-01	1.59796573e+02	1.63024949e+02
3.88700000e+02	1.62000000e+02	1.01000000e+00	1	1.60396040e+02	1.62000000e+02	1.00000000e+00	1	1.62000000e+02	1.62000000e+02	9.90000000e-01	1	1.63636364e+02	1.62010801e+02	1.62018902e+00	9.35416566e-01	1.60390612e+02	1.63630990e+02
3.88800000e+02	1.62600000e+02	1.01000000e+00	1	1.60990099e+02	1.62600000e+02	1.00000000e+00	1	1.62600000e+02	1.62600000e+02	9.90000000e-01	1	1.64242424e+02	1.62610841e+02	1.62618972e+00	9.38881072e-01	1.60984651e+02	1.64237031e+02
3.88900000e+02	1.63200000e+02	1.01000000e+00	1	1.61584158e+02	1.63200000e+02	1.00000000e+00	1	1.63200000e+02	1.63200000e+02	9.90000000e-01	1	1.64848485e+02	1.63210881e+02	1.63219042e+00	9.42345578e-01	1.61578691e+02	1.64843072e+02
3.89000000e+02	1.63900000e+02	1.01000000e+00	1	1.62277228e+02	1.63900000e+02	1.00000000e+00	1	1.63900000e+02	1.63900000e+02	9.90000000e-01	1	1.65555556e+02	1.63910928e+02	1.63919124e+00	9.46387501e-01	1.62271737e+02	1.65550119e+02
3.89100000e+02	1.64400000e+02	1.01000000e+00	1	1.62772277e+02	1.64400000e+02	1.00000000e+00	1	1.64400000e+02	1.64400000e+02	9.90000000e-01	1	1.66060606e+02	1.64410961e+02	1.64419182e+00	9.49274589e-01	1.62766769e+02	1.66055153e+02
3.89200000e+02	1.65000000e+02	1.01000000e+00	1	1.63366337e+02	1.65000000e+02	1.00000000e+00	1	1.65000000e+02	1.65000000e+02	9.90000000e-01	1	1.66666667e+02	1.65011001e+02	1.65019252e+00	9.52739095e-01	1.63360809e+02	1.66661194e+02
3.89300000e+02	1.65800000e+02	1.01000000e+00	1	1.64158416e+02	1.65800000e+02	1.00000000e+00	1	1.65800000e+02	1.65800000e+02	9.90000000e-01	1	1.67474747e+02	1.65811054e+02	1.65819345e+00	9.57358436e-01	1.64152861e+02	1.67469248e+02
3.89400000e+02	1.66400000e+02	1.01000000e+00	1	1.64752475e+02	1.66400000e+02	1.00000000e+00	1	1.66400000e+02	1.66400000e+02	9.90000000e-01	1	1.68080808e+02	1.66411094e+02	1.66419415e+00	9.60822942e-01	1.64746900e+02	1.68075289e+02
3.89500000e+02	1.67000000e+02	1.01000000e+00	1	1.65346535e+02	1.67000000e+02	1.00000000e+00	1	1.67000000e+02	1.67000000e+02	9.90000000e-01	1	1.68686869e+02	1.67011134e+02	1.67019485e+00	9.64287448e-01	1.65340940e+02	1.68681329e+02
3.89600000e+02	1.67600000e+02	1.01000000e+00	1	1.65940594e+02	1.67600000e+02	1.00000000e+00	1	1.67600000e+02	1.67600000e+02	9.90000000e-01	1	1.69292929e+02	1.67611174e+02	1.67619555e+00	9.67751954e-01	1.65934979e+02	1.69287370e+02
3.89700000e+02	1.68100000e+02	1.01000000e+00	1	1.66435644e+02	1.68100000e+02	1.00000000e+00	1	1.68100000e+02	1.68100000e+02	9.90000000e-01	1	1.69797980e+02	1.68111208e+02	1.68119614e+00	9.70639042e-01	1.66430012e+02	1.69792404e+02
3.89800000e+02	1.68900000e+02	1.01000000e+00	1	1.67227723e+02	1.68900000e+02	1.00000000e+00	1	1.68900000e+02	1.68900000e+02	9.90000000e-01	1	1.70606061e+02	1.68911261e+02	1.68919707e+00	9.75258383e-01	1.67222064e+02	1.70600458e+02
3.89900000e+02	1.69700000e+02	1.01000000e+00	1	1.68019802e+02	1.69700000e+02	1.00000000e+00	1	1.69700000e+02	1.69700000e+02	9.90000000e-01	1	1.71414141e+02	1.69711314e+02	1.69719800e+00	9.79877724e-01	1.68014116e+02	1.71408512e+02
3.90000000e+02	1.70100000e+02	1.01000000e+00	1	1.68415842e+02	1.70100000e+02	1.00000000e+00	1	1.70100000e+02	1.70100000e+02	9.90000000e-01	1	1.71818182e+02	1.70111341e+02	1.70119847e+00	9.82187394e-01	1.68410143e+02	1.71812540e+02
3.90100000e+02	1.70800000e+02	1.01000000e+00	1	1.69108911e+02	1.70800000e+02	1.00000000e+00	1	1.70800000e+02	1.70800000e+02	9.90000000e-01	1	1.72525253e+02	1.70811388e+02	1.70819929e+00	9.86229318e-01	1.69103189e+02	1.72519587e+02
3.90200000e+02	1.71500000e+02	1.01000000e+00	1	1.69801980e+02	1.71500000e+02	1.00000000e+00	1	1.71500000e+02	1.71500000e+02	9.90000000e-01	1	1.73232323e+02	1.71511434e+02	1.71520010e+00	9.90271241e-01	1.69796234e+02	1.73226635e+02
3.90300000e+02	1.72100000e+02	1.01000000e+00	1	1.70396040e+02	1.72100000e+02	1.00000000e+00	1	1.72100000e+02	1.72100000e+02	9.90000000e-01	1	1.73838384e+02	1.72111474e+02	1.72120080e+00	9.93735747e-01	1.70390274e+02	1.73832675e+02
3.90400000e+02	1.72800000e+02	1.01000000e+00	1	1.71089109e+02	1.72800000e+02	1.00000000e+00	1	1.72800000e+02	1.72800000e+02	9.90000000e-01	1	1.74545455e+02	1.72811521e+02	1.72820162e+00	9.97777670e-01	1.71083320e+02	1.74539723e+02
3.90500000e+02	1.73500000e+02	1.01000000e+00	1	1.71782178e+02	1.73500000e+02	1.00000000e+00	1	1.73500000e+02	1.73500000e+02	9.90000000e-01	1	1.75252525e+02	1.73511568e+02	1.73520244e+00	1.00181959e+00	1.71776365e+02	1.75246770e+02
3.90600000e+02	1.74100000e+02	1.01000000e+00	1	1.72376238e+02	1.74100000e+02	1.00000000e+00	1	1.74100000e+02	1.74100000e+02	9.90000000e-01	1	1.75858586e+02	1.74111608e+02	1.74120314e+00	1.00528410e+00	1.72370405e+02	1.75852811e+02
3.90700000e+02	1.74800000e+02	1.01000000e+00	1	1.73069307e+02	1.74800000e+02	1.00000000e+00	1	1.74800000e+02	1.74800000e+02	9.90000000e-01	1	1.76565657e+02	1.74811654e+02	1.74820395e+00	1.00932602e+00	1.73063451e+02	1.76559858e+02
3.90800000e+02	1.75400000e+02	1.01000000e+00	1	1.73663366e+02	1.75400000e+02	1.00000000e+00	1	1.75400000e+02	1.75400000e+02	9.90000000e-01	1	1.77171717e+02	1.75411695e+02	1.75420465e+00	1.01279053e+00	1.73657490e+02	1.77165899e+02
3.90900000e+02	1.76300000e+02	1.01000000e+00	1	1.74554455e+02	1.76300000e+02	1.00000000e+00	1	1.76300000e+02	1.76300000e+02	9.90000000e-01	1	1.78080808e+02	1.76311755e+02	1.76320570e+00	1.01798729e+00	1.74548549e+02	1.78074960e+02
3.91000000e+02	1.76900000e+02	1.01000000e+00	1	1.75148515e+02	1.76900000e+02	1.00000000e+00	1	1.76900000e+02	1.76900000e+02	9.90000000e-01	1	1.78686869e+02	1.76911795e+02	1.76920640e+00	1.02145179e+00	1.75142588e+02	1.78681001e+02
3.91100000e+02	1.77400000e+02	1.01000000e+00	1	1.75643564e+02	1.77400000e+02	1.00000000e+00	1	1.77400000e+02	1.77400000e+02	9.90000000e-01	1	1.79191919e+02	1.77411828e+02	1.77420699e+00	1.02433888e+00	1.75637621e+02	1.79186035e+02
3.91200000e+02	1.78000000e+02	1.01000000e+00	1	1.76237624e+02	1.78000000e+02	1.00000000e+00	1	1.78000000e+02	1.78000000e+02	9.90000000e-01	1	1.79797980e+02	1.78011868e+02	1.78020769e+00	1.02780339e+00	1.76231660e+02	1.79792076e+02
3.91300000e+02	1.78800000e+02	1.01000000e+00	1	1.77029703e+02	1.78800000e+02	1.00000000e+00	1	1.78800000e+02	1.78800000e+02	9.90000000e-01	1	1.80606061e+02	1.78811921e+02	1.78820862e+00	1.03242273e+00	1.77023713e+02	1.80600130e+02
3.91400000e+02	1.79400000e+02	1.01000000e+00	1	1.77623762e+02	1.79400000e+02	1.00000000e+00	1	1.79400000e+02	1.79400000e+02	9.90000000e-01	1	1.81212121e+02	1.79411961e+02	1.79420932e+00	1.03588723e+00	1.77617752e+02	1.81206171e+02
3.91500000e+02	1.80100000e+02	1.01000000e+00	1	1.78316832e+02	1.80100000e+02	1.00000000e+00	1	1.80100000e+02	1.80100000e+02	9.90000000e-01	1	1.81919192e+02	1.80112008e+02	1.80121014e+00	1.03992916e+00	1.78310798e+02	1.81913218e+02
3.91600000e+02	1.80800000e+02	1.01000000e+00	1	1.79009901e+02	1.80800000e+02	1.00000000e+00	1	1.80800000e+02	1.80800000e+02	9.90000000e-01	1	1.82626263e+02	1.80812055e+02	1.80821095e+00	1.04397108e+00	1.79003844e+02	1.82620265e+02
3.91700000e+02	1.81500000e+02	1.01000000e+00	1	1.79702970e+02	1.81500000e+02	1.00000000e+00	1	1.81500000e+02	1.81500000e+02	9.90000000e-01	1	1.83333333e+02	1.81512101e+02	1.81521177e+00	1.04801300e+00	1.79696889e+02	1.83327313e+02
3.91800000e+02	1.82100000e+02	1.01000000e+00	1	1.80297030e+02	1.82100000e+02	1.00000000e+00	1	1.82100000e+02	1.82100000e+02	9.90000000e-01	1	1.83939394e+02	1.82112141e+02	1.82121247e+00	1.05147751e+00	1.80290929e+02	1.83933354e+02
3.91900000e+02	1.82900000e+02	1.01000000e+00	1	1.81089109e+02	1.82900000e+02	1.00000000e+00	1	1.82900000e+02	1.82900000e+02	9.90000000e-01	1	1.84747475e+02	1.82912195e+02	1.82921340e+00	1.05609685e+00	1.81082981e+02	1.84741408e+02
3.92000000e+02	1.83600000e+02	1.01000000e+00	1	1.81782178e+02	1.83600000e+02	1.00000000e+00	1	1.83600000e+02	1.83600000e+02	9.90000000e-01	1	1.85454545e+02	1.83612241e+02	1.83621422e+00	1.06013877e+00	1.81776027e+02	1.85448455e+02
3.92100000e+02	1.84100000e+02	1.01000000e+00	1	1.82277228e+02	1.84100000e+02	1.00000000e+00	1	1.84100000e+02	1.84100000e+02	9.90000000e-01	1	1.85959596e+02	1.84112275e+02	1.84121480e+00	1.06302586e+00	1.82271060e+02	1.85953489e+02
3.92200000e+02	1.84900000e+02	1.01000000e+00	1	1.83069307e+02	1.84900000e+02	1.00000000e+00	1	1.84900000e+02	1.84900000e+02	9.90000000e-01	1	1.86767677e+02	1.84912328e+02	1.84921574e+00	1.06764520e+00	1.83063112e+02	1.86761544e+02
3.92300000e+02	1.85700000e+02	1.01000000e+00	1	1.83861386e+02	1.85700000e+02	1.00000000e+00	1	1.85700000e+02	1.85700000e+02	9.90000000e-01	1	1.87575758e+02	1.85712381e+02	1.85721667e+00	1.07226455e+00	1.83855165e+02	1.87569598e+02
3.92400000e+02	1.86300000e+02	1.01000000e+00	1	1.84455446e+02	1.86300000e+02	1.00000000e+00	1	1.86300000e+02	1.86300000e+02	9.90000000e-01	1	1.88181818e+02	1.86312421e+02	1.86321737e+00	1.07572905e+00	1.84449204e+02	1.88175639e+02
3.92500000e+02	1.87100000e+02	1.01000000e+00	1	1.85247525e+02	1.87100000e+02	1.00000000e+00	1	1.87100000e+02	1.87100000e+02	9.90000000e-01	1	1.88989899e+02	1.87112475e+02	1.87121830e+00	1.08034839e+00	1.85241256e+02	1.88983693e+02
3.92600000e+02	1.87700000e+02	1.01000000e+00	1	1.85841584e+02	1.87700000e+02	1.00000000e+00	1	1.87700000e+02	1.87700000e+02	9.90000000e-01	1	1.89595960e+02	1.87712515e+02	1.87721900e+00	1.08381290e+00	1.85835296e+02	1.89589734e+02
3.92700000e+02	1.88500000e+02	1.01000000e+00	1	1.86633663e+02	1.88500000e+02	1.00000000e+00	1	1.88500000e+02	1.88500000e+02	9.90000000e-01	1	1.90404040e+02	1.88512568e+02	1.88521994e+00	1.08843224e+00	1.86627348e+02	1.90397788e+02
3.92800000e+02	1.89100000e+02	1.01000000e+00	1	1.87227723e+02	1.89100000e+02	1.00000000e+00	1	1.89100000e+02	1.89100000e+02	9.90000000e-01	1	1.91010101e+02	1.89112608e+02	1.89122064e+00	1.09189674e+00	1.87221387e+02	1.91003829e+02
3.92900000e+02	1.89800000e+02	1.01000000e+00	1	1.87920792e+02	1.89800000e+02	1.00000000e+00	1	1.89800000e+02	1.89800000e+02	9.90000000e-01	1	1.91717172e+02	1.89812655e+02	1.89822146e+00	1.09593867e+00	1.87914433e+02	1.91710876e+02
3.93000000e+02	1.90500000e+02	1.01000000e+00	1	1.88613861e+02	1.90500000e+02	1.00000000e+00	1	1.90500000e+02	1.90500000e+02	9.90000000e-01	1	1.92424242e+02	1.90512701e+02	1.90522227e+00	1.09998059e+00	1.88607479e+02	1.92417924e+02
3.93100000e+02	1.91300000e+02	1.01000000e+00	1	1.89405941e+02	1.91300000e+02	1.00000000e+00	1	1.91300000e+02	1.91300000e+02	9.90000000e-01	1	1.93232323e+02	1.91312755e+02	1.91322321e+00	1.10459993e+00	1.89399531e+02	1.93225978e+02
3.93200000e+02	1.92000000e+02	1.01000000e+00	1	1.90099010e+02	1.92000000e+02	1.00000000e+00	1	1.92000000e+02	1.92000000e+02	9.90000000e-01	1	1.93939394e+02	1.92012801e+02	1.92022402e+00	1.10864186e+00	1.90092577e+02	1.93933025e+02
3.93300000e+02	1.92800000e+02	1.01000000e+00	1	1.90891089e+02	1.92800000e+02	1.00000000e+00	1	1.92800000e+02	1.92800000e+02	9.90000000e-01	1	1.94747475e+02	1.92812855e+02	1.92822496e+00	1.11326120e+00	1.90884630e+02	1.94741080e+02
3.93400000e+02	1.93500000e+02	1.01000000e+00	1	1.91584158e+02	1.93500000e+02	1.00000000e+00	1	1.93500000e+02	1.93500000e+02	9.90000000e-01	1	1.95454545e+02	1.93512901e+02	1.93522577e+00	1.11730312e+00	1.91577676e+02	1.95448127e+02
3.93500000e+02	1.94300000e+02	1.01000000e+00	1	1.92376238e+02	1.94300000e+02	1.00000000e+00	1	1.94300000e+02	1.94300000e+02	9.90000000e-01	1	1.96262626e+02	1.94312955e+02	1.94322671e+00	1.12192246e+00	1.92369728e+02	1.96256181e+02
3.93600000e+02	1.95000000e+02	1.01000000e+00	1	1.93069307e+02	1.95000000e+02	1.00000000e+00	1	1.95000000e+02	1.95000000e+02	9.90000000e-01	1	1.96969697e+02	1.95013001e+02	1.95022752e+00	1.12596439e+00	1.93062774e+02	1.96963229e+02
3.93700000e+02	1.95600000e+02	1.01000000e+00	1	1.93663366e+02	1.95600000e+02	1.00000000e+00	1	1.95600000e+02	1.95600000e+02	9.90000000e-01	1	1.97575758e+02	1.95613041e+02	1.95622822e+00	1.12942889e+00	1.93656813e+02	1.97569270e+02
3.93800000e+02	1.96300000e+02	1.01000000e+00	1	1.94356436e+02	1.96300000e+02	1.00000000e+00	1	1.96300000e+02	1.96300000e+02	9.90000000e-01	1	1.98282828e+02	1.96313088e+02	1.96322904e+00	1.13347081e+00	1.94349859e+02	1.98276317e+02
3.93900000e+02	1.97200000e+02	1.01000000e+00	1	1.95247525e+02	1.97200000e+02	1.00000000e+00	1	1.97200000e+02	1.97200000e+02	9.90000000e-01	1	1.99191919e+02	1.97213148e+02	1.97223009e+00	1.13866757e+00	1.95240918e+02	1.99185378e+02
3.94000000e+02	1.97800000e+02	1.01000000e+00	1	1.95841584e+02	1.97800000e+02	1.00000000e+00	1	1.97800000e+02	1.97800000e+02	9.90000000e-01	1	1.99797980e+02	1.97813188e+02	1.97823079e+00	1.14213208e+00	1.95834957e+02	1.99791419e+02
3.94100000e+02	1.98400000e+02	1.01000000e+00	1	1.96435644e+02	1.98400000e+02	1.00000000e+00	1	1.98400000e+02	1.98400000e+02	9.90000000e-01	1	2.00404040e+02	1.98413228e+02	1.98423149e+00	1.14559658e+00	1.96428996e+02	2.00397459e+02
3.94200000e+02	1.99200000e+02	1.01000000e+00	1	1.97227723e+02	1.99200000e+02	1.00000000e+00	1	1.99200000e+02	1.99200000e+02	9.90000000e-01	1	2.01212121e+02	1.99213281e+02	1.99223242e+00	1.15021593e+00	1.97221049e+02	2.01205514e+02
3.94300000e+02	1.99600000e+02	1.01000000e+00	1	1.97623762e+02	1.99600000e+02	1.00000000e+00	1	1.99600000e+02	1.99600000e+02	9.90000000e-01	1	2.01616162e+02	1.99613308e+02	1.99623289e+00	1.15252560e+00	1.97617075e+02	2.01609541e+02
3.94400000e+02	2.00600000e+02	1.01000000e+00	1	1.98613861e+02	2.00600000e+02	1.00000000e+00	1	2.00600000e+02	2.00600000e+02	9.90000000e-01	1	2.02626263e+02	2.00613375e+02	2.00623406e+00	1.15829977e+00	1.98607141e+02	2.02619609e+02
3.94500000e+02	2.01400000e+02	1.01000000e+00	1	1.99405941e+02	2.01400000e+02	1.00000000e+00	1	2.01400000e+02	2.01400000e+02	9.90000000e-01	1	2.03434343e+02	2.01413428e+02	2.01423499e+00	1.16291911e+00	1.99399193e+02	2.03427663e+02
3.94600000e+02	2.02200000e+02	1.01000000e+00	1	2.00198020e+02	2.02200000e+02	1.00000000e+00	1	2.02200000e+02	2.02200000e+02	9.90000000e-01	1	2.04242424e+02	2.02213481e+02	2.02223592e+00	1.16753845e+00	2.00191245e+02	2.04235717e+02
3.94700000e+02	2.02800000e+02	1.01000000e+00	1	2.00792079e+02	2.02800000e+02	1.00000000e+00	1	2.02800000e+02	2.02800000e+02	9.90000000e-01	1	2.04848485e+02	2.02813521e+02	2.02823662e+00	1.17100296e+00	2.00785285e+02	2.04841758e+02
3.94800000e+02	2.03700000e+02	1.01000000e+00	1	2.01683168e+02	2.03700000e+02	1.00000000e+00	1	2.03700000e+02	2.03700000e+02	9.90000000e-01	1	2.05757576e+02	2.03713581e+02	2.03723767e+00	1.17619972e+00	2.01676344e+02	2.05750819e+02
3.94900000e+02	2.04400000e+02	1.01000000e+00	1	2.02376238e+02	2.04400000e+02	1.00000000e+00	1	2.04400000e+02	2.04400000e+02	9.90000000e-01	1	2.06464646e+02	2.04413628e+02	2.04423849e+00	1.18024164e+00	2.02369390e+02	2.06457867e+02
3.95000000e+02	2.05100000e+02	1.01000000e+00	1	2.03069307e+02	2.05100000e+02	1.00000000e+00	1	2.05100000e+02	2.05100000e+02	9.90000000e-01	1	2.07171717e+02	2.05113675e+02	2.05123931e+00	1.18428357e+00	2.03062435e+02	2.07164914e+02
3.95100000e+02	2.06100000e+02	1.01000000e+00	1	2.04059406e+02	2.06100000e+02	1.00000000e+00	1	2.06100000e+02	2.06100000e+02	9.90000000e-01	1	2.08181818e+02	2.06113741e+02	2.06124047e+00	1.19005774e+00	2.04052501e+02	2.08174982e+02
3.95200000e+02	2.06500000e+02	1.01000000e+00	1	2.04455446e+02	2.06500000e+02	1.00000000e+00	1	2.06500000e+02	2.06500000e+02	9.90000000e-01	1	2.08585859e+02	2.06513768e+02	2.06524094e+00	1.19236741e+00	2.04448527e+02	2.08579009e+02
3.95300000e+02	2.07400000e+02	1.01000000e+00	1	2.05346535e+02	2.07400000e+02	1.00000000e+00	1	2.07400000e+02	2.07400000e+02	9.90000000e-01	1	2.09494949e+02	2.07413828e+02	2.07424199e+00	1.19756417e+00	2.05339586e+02	2.09488070e+02
3.95400000e+02	2.07900000e+02	1.01000000e+00	1	2.05841584e+02	2.07900000e+02	1.00000000e+00	1	2.07900000e+02	2.07900000e+02	9.90000000e-01	1	2.10000000e+02	2.07913861e+02	2.07924257e+00	1.20045126e+00	2.05834619e+02	2.09993104e+02
3.95500000e+02	2.08800000e+02	1.01000000e+00	1	2.06732673e+02	2.08800000e+02	1.00000000e+00	1	2.08800000e+02	2.08800000e+02	9.90000000e-01	1	2.10909091e+02	2.08813921e+02	2.08824362e+00	1.20564802e+00	2.06725678e+02	2.10902165e+02
3.95600000e+02	2.09700000e+02	1.01000000e+00	1	2.07623762e+02	2.09700000e+02	1.00000000e+00	1	2.09700000e+02	2.09700000e+02	9.90000000e-01	1	2.11818182e+02	2.09713981e+02	2.09724467e+00	1.21084478e+00	2.07616737e+02	2.11811226e+02
3.95700000e+02	2.10300000e+02	1.01000000e+00	1	2.08217822e+02	2.10300000e+02	1.00000000e+00	1	2.10300000e+02	2.10300000e+02	9.90000000e-01	1	2.12424242e+02	2.10314021e+02	2.10324537e+00	1.21430928e+00	2.08210776e+02	2.12417267e+02
3.95800000e+02	2.11000000e+02	1.01000000e+00	1	2.08910891e+02	2.11000000e+02	1.00000000e+00	1	2.11000000e+02	2.11000000e+02	9.90000000e-01	1	2.13131313e+02	2.11014068e+02	2.11024619e+00	1.21835121e+00	2.08903822e+02	2.13124314e+02
3.95900000e+02	2.11200000e+02	1.01000000e+00	1	2.09108911e+02	2.11200000e+02	1.00000000e+00	1	2.11200000e+02	2.11200000e+02	9.90000000e-01	1	2.13333333e+02	2.11214081e+02	2.11224642e+00	1.21950604e+00	2.09101835e+02	2.13326328e+02
3.96000000e+02	2.12500000e+02	1.01000000e+00	1	2.10396040e+02	2.12500000e+02	1.00000000e+00	1	2.12500000e+02	2.12500000e+02	9.90000000e-01	1	2.14646465e+02	2.12514168e+02	2.12524794e+00	1.22701247e+00	2.10388920e+02	2.14639416e+02
3.96100000e+02	2.13300000e+02	1.01000000e+00	1	2.11188119e+02	2.13300000e+02	1.00000000e+00	1	2.13300000e+02	2.13300000e+02	9.90000000e-01	1	2.15454545e+02	2.13314221e+02	2.13324887e+00	1.23163181e+00	2.11180973e+02	2.15447470e+02
3.96200000e+02	2.14100000e+02	1.01000000e+00	1	2.11980198e+02	2.14100000e+02	1.00000000e+00	1	2.14100000e+02	2.14100000e+02	9.90000000e-01	1	2.16262626e+02	2.14114275e+02	2.14124981e+00	1.23625115e+00	2.11973025e+02	2.16255525e+02
3.96300000e+02	2.14800000e+02	1.01000000e+00	1	2.12673267e+02	2.14800000e+02	1.00000000e+00	1	2.14800000e+02	2.14800000e+02	9.90000000e-01	1	2.16969697e+02	2.14814321e+02	2.14825062e+00	1.24029308e+00	2.12666071e+02	2.16962572e+02
3.96400000e+02	2.15500000e+02	1.01000000e+00	1	2.13366337e+02	2.15500000e+02	1.00000000e+00	1	2.15500000e+02	2.15500000e+02	9.90000000e-01	1	2.17676768e+02	2.15514368e+02	2.15525144e+00	1.24433500e+00	2.13359117e+02	2.17669620e+02
3.96500000e+02	2.16300000e+02	1.01000000e+00	1	2.14158416e+02	2.16300000e+02	1.00000000e+00	1	2.16300000e+02	2.16300000e+02	9.90000000e-01	1	2.18484848e+02	2.16314421e+02	2.16325237e+00	1.24895434e+00	2.14151169e+02	2.18477674e+02
3.96600000e+02	2.17000000e+02	1.01000000e+00	1	2.14851485e+02	2.17000000e+02	1.00000000e+00	1	2.17000000e+02	2.17000000e+02	9.90000000e-01	1	2.19191919e+02	2.17014468e+02	2.17025319e+00	1.25299626e+00	2.14844215e+02	2.19184721e+02
3.96700000e+02	2.17800000e+02	1.01000000e+00	1	2.15643564e+02	2.17800000e+02	1.00000000e+00	1	2.17800000e+02	2.17800000e+02	9.90000000e-01	1	2.20000000e+02	2.17814521e+02	2.17825413e+00	1.25761561e+00	2.15636267e+02	2.19992776e+02
3.96800000e+02	2.18700000e+02	1.01000000e+00	1	2.16534653e+02	2.18700000e+02	1.00000000e+00	1	2.18700000e+02	2.18700000e+02	9.90000000e-01	1	2.20909091e+02	2.18714581e+02	2.18725518e+00	1.26281236e+00	2.16527326e+02	2.20901837e+02
3.96900000e+02	2.19300000e+02	1.01000000e+00	1	2.17128713e+02	2.19300000e+02	1.00000000e+00	1	2.19300000e+02	2.19300000e+02	9.90000000e-01	1	2.21515152e+02	2.19314621e+02	2.19325588e+00	1.26627687e+00	2.17121366e+02	2.21507877e+02
3.97000000e+02	2.20100000e+02	1.01000000e+00	1	2.17920792e+02	2.20100000e+02	1.00000000e+00	1	2.20100000e+02	2.20100000e+02	9.90000000e-01	1	2.22323232e+02	2.20114675e+02	2.20125681e+00	1.27089621e+00	2.17913418e+02	2.22315932e+02
3.97100000e+02	2.21000000e+02	1.01000000e+00	1	2.18811881e+02	2.21000000e+02	1.00000000e+00	1	2.21000000e+02	2.21000000e+02	9.90000000e-01	1	2.23232323e+02	2.21014735e+02	2.21025786e+00	1.27609297e+00	2.18804477e+02	2.23224993e+02
3.97200000e+02	2.22100000e+02	1.01000000e+00	1	2.19900990e+02	2.22100000e+02	1.00000000e+00	1	2.22100000e+02	2.22100000e+02	9.90000000e-01	1	2.24343434e+02	2.22114808e+02	2.22125914e+00	1.28244456e+00	2.19893549e+02	2.24336067e+02
3.97300000e+02	2.22800000e+02	1.01000000e+00	1	2.20594059e+02	2.22800000e+02	1.00000000e+00	1	2.22800000e+02	2.22800000e+02	9.90000000e-01	1	2.25050505e+02	2.22814855e+02	2.22825996e+00	1.28648649e+00	2.20586595e+02	2.25043115e+02
3.97400000e+02	2.23400000e+02	1.01000000e+00	1	2.21188119e+02	2.23400000e+02	1.00000000e+00	1	2.23400000e+02	2.23400000e+02	9.90000000e-01	1	2.25656566e+02	2.23414895e+02	2.23426066e+00	1.28995099e+00	2.21180634e+02	2.25649155e+02
3.97500000e+02	2.24200000e+02	1.01000000e+00	1	2.21980198e+02	2.24200000e+02	1.00000000e+00	1	2.24200000e+02	2.24200000e+02	9.90000000e-01	1	2.26464646e+02	2.24214948e+02	2.24226159e+00	1.29457033e+00	2.21972687e+02	2.26457210e+02
3.97600000e+02	2.25000000e+02	1.01000000e+00	1	2.22772277e+02	2.25000000e+02	1.00000000e+00	1	2.25000000e+02	2.25000000e+02	9.90000000e-01	1	2.27272727e+02	2.25015002e+02	2.25026253e+00	1.29918968e+00	2.22764739e+02	2.27265264e+02
3.97700000e+02	2.25700000e+02	1.01000000e+00	1	2.23465347e+02	2.25700000e+02	1.00000000e+00	1	2.25700000e+02	2.25700000e+02	9.90000000e-01	1	2.27979798e+02	2.25715048e+02	2.25726334e+00	1.30323160e+00	2.23457785e+02	2.27972312e+02
3.97800000e+02	2.26400000e+02	1.01000000e+00	1	2.24158416e+02	2.26400000e+02	1.00000000e+00	1	2.26400000e+02	2.26400000e+02	9.90000000e-01	1	2.28686869e+02	2.26415095e+02	2.26426416e+00	1.30727352e+00	2.24150831e+02	2.28679359e+02
3.97900000e+02	2.27300000e+02	1.01000000e+00	1	2.25049505e+02	2.27300000e+02	1.00000000e+00	1	2.27300000e+02	2.27300000e+02	9.90000000e-01	1	2.29595960e+02	2.27315155e+02	2.27326521e+00	1.31247028e+00	2.25041890e+02	2.29588420e+02
3.98000000e+02	2.28000000e+02	1.01000000e+00	1	2.25742574e+02	2.28000000e+02	1.00000000e+00	1	2.28000000e+02	2.28000000e+02	9.90000000e-01	1	2.30303030e+02	2.28015202e+02	2.28026603e+00	1.31651220e+00	2.25734935e+02	2.30295468e+02
3.98100000e+02	2.28800000e+02	1.01000000e+00	1	2.26534653e+02	2.28800000e+02	1.00000000e+00	1	2.28800000e+02	2.28800000e+02	9.90000000e-01	1	2.31111111e+02	2.28815255e+02	2.28826696e+00	1.32113155e+00	2.26526988e+02	2.31103522e+02
3.98200000e+02	2.29600000e+02	1.01000000e+00	1	2.27326733e+02	2.29600000e+02	1.00000000e+00	1	2.29600000e+02	2.29600000e+02	9.90000000e-01	1	2.31919192e+02	2.29615308e+02	2.29626789e+00	1.32575089e+00	2.27319040e+02	2.31911576e+02
3.98300000e+02	2.30400000e+02	1.01000000e+00	1	2.28118812e+02	2.30400000e+02	1.00000000e+00	1	2.30400000e+02	2.30400000e+02	9.90000000e-01	1	2.32727273e+02	2.30415362e+02	2.30426883e+00	1.33037023e+00	2.28111093e+02	2.32719630e+02
3.98400000e+02	2.31200000e+02	1.01000000e+00	1	2.28910891e+02	2.31200000e+02	1.00000000e+00	1	2.31200000e+02	2.31200000e+02	9.90000000e-01	1	2.33535354e+02	2.31215415e+02	2.31226976e+00	1.33498957e+00	2.28903145e+02	2.33527685e+02
3.98500000e+02	2.31900000e+02	1.01000000e+00	1	2.29603960e+02	2.31900000e+02	1.00000000e+00	1	2.31900000e+02	2.31900000e+02	9.90000000e-01	1	2.34242424e+02	2.31915462e+02	2.31927058e+00	1.33903149e+00	2.29596191e+02	2.34234732e+02
3.98600000e+02	2.32700000e+02	1.01000000e+00	1	2.30396040e+02	2.32700000e+02	1.00000000e+00	1	2.32700000e+02	2.32700000e+02	9.90000000e-01	1	2.35050505e+02	2.32715515e+02	2.32727151e+00	1.34365083e+00	2.30388243e+02	2.35042786e+02
3.98700000e+02	2.33600000e+02	1.01000000e+00	1	2.31287129e+02	2.33600000e+02	1.00000000e+00	1	2.33600000e+02	2.33600000e+02	9.90000000e-01	1	2.35959596e+02	2.33615575e+02	2.33627256e+00	1.34884759e+00	2.31279302e+02	2.35951847e+02
3.98800000e+02	2.34400000e+02	1.01000000e+00	1	2.32079208e+02	2.34400000e+02	1.00000000e+00	1	2.34400000e+02	2.34400000e+02	9.90000000e-01	1	2.36767677e+02	2.34415628e+02	2.34427349e+00	1.35346693e+00	2.32071355e+02	2.36759902e+02
3.98900000e+02	2.35200000e+02	1.01000000e+00	1	2.32871287e+02	2.35200000e+02	1.00000000e+00	1	2.35200000e+02	2.35200000e+02	9.90000000e-01	1	2.37575758e+02	2.35215682e+02	2.35227443e+00	1.35808627e+00	2.32863407e+02	2.37567956e+02
3.99000000e+02	2.35800000e+02	1.01000000e+00	1	2.33465347e+02	2.35800000e+02	1.00000000e+00	1	2.35800000e+02	2.35800000e+02	9.90000000e-01	1	2.38181818e+02	2.35815722e+02	2.35827513e+00	1.36155078e+00	2.33457446e+02	2.38173997e+02
3.99100000e+02	2.36800000e+02	1.01000000e+00	1	2.34455446e+02	2.36800000e+02	1.00000000e+00	1	2.36800000e+02	2.36800000e+02	9.90000000e-01	1	2.39191919e+02	2.36815788e+02	2.36827629e+00	1.36732496e+00	2.34447512e+02	2.39184065e+02
3.99200000e+02	2.37400000e+02	1.01000000e+00	1	2.35049505e+02	2.37400000e+02	1.00000000e+00	1	2.37400000e+02	2.37400000e+02	9.90000000e-01	1	2.39797980e+02	2.37415828e+02	2.37427699e+00	1.37078946e+00	2.35041551e+02	2.39790105e+02
3.99300000e+02	2.38300000e+02	1.01000000e+00	1	2.35940594e+02	2.38300000e+02	1.00000000e+00	1	2.38300000e+02	2.38300000e+02	9.90000000e-01	1	2.40707071e+02	2.38315888e+02	2.38327804e+00	1.37598622e+00	2.35932610e+02	2.40699166e+02
3.99400000e+02	2.39000000e+02	1.01000000e+00	1	2.36633663e+02	2.39000000e+02	1.00000000e+00	1	2.39000000e+02	2.39000000e+02	9.90000000e-01	1	2.41414141e+02	2.39015935e+02	2.39027886e+00	1.38002814e+00	2.36625656e+02	2.41406214e+02
3.99500000e+02	2.39800000e+02	1.01000000e+00	1	2.37425743e+02	2.39800000e+02	1.00000000e+00	1	2.39800000e+02	2.39800000e+02	9.90000000e-01	1	2.42222222e+02	2.39815988e+02	2.39827979e+00	1.38464748e+00	2.37417708e+02	2.42214268e+02
3.99600000e+02	2.40800000e+02	1.01000000e+00	1	2.38415842e+02	2.40800000e+02	1.00000000e+00	1	2.40800000e+02	2.40800000e+02	9.90000000e-01	1	2.43232323e+02	2.40816055e+02	2.40828096e+00	1.39042166e+00	2.38407774e+02	2.43224336e+02
3.99700000e+02	2.41400000e+02	1.01000000e+00	1	2.39009901e+02	2.41400000e+02	1.00000000e+00	1	2.41400000e+02	2.41400000e+02	9.90000000e-01	1	2.43838384e+02	2.41416095e+02	2.41428166e+00	1.39388617e+00	2.39001813e+02	2.43830377e+02
3.99800000e+02	2.42300000e+02	1.01000000e+00	1	2.39900990e+02	2.42300000e+02	1.00000000e+00	1	2.42300000e+02	2.42300000e+02	9.90000000e-01	1	2.44747475e+02	2.42316155e+02	2.42328271e+00	1.39908293e+00	2.39892872e+02	2.44739438e+02
3.99900000e+02	2.43100000e+02	1.01000000e+00	1	2.40693069e+02	2.43100000e+02	1.00000000e+00	1	2.43100000e+02	2.43100000e+02	9.90000000e-01	1	2.45555556e+02	2.43116208e+02	2.43128364e+00	1.40370227e+00	2.40684925e+02	2.45547492e+02
4.00000000e+02	2.43800000e+02	1.01000000e+00	1	2.41386139e+02	2.43800000e+02	1.00000000e+00	1	2.43800000e+02	2.43800000e+02	9.90000000e-01	1	2.46262626e+02	2.43816255e+02	2.43828446e+00	1.40774419e+00	2.41377970e+02	2.46254539e+02
4.00100000e+02	2.44600000e+02	1.01000000e+00	1	2.42178218e+02	2.44600000e+02	1.00000000e+00	1	2.44600000e+02	2.44600000e+02	9.90000000e-01	1	2.47070707e+02	2.44616308e+02	2.44628539e+00	1.41236353e+00	2.42170023e+02	2.47062594e+02
4.00200000e+02	2.45400000e+02	1.01000000e+00	1	2.42970297e+02	2.45400000e+02	1.00000000e+00	1	2.45400000e+02	2.45400000e+02	9.90000000e-01	1	2.47878788e+02	2.45416362e+02	2.45428633e+00	1.41698287e+00	2.42962075e+02	2.47870648e+02
4.00300000e+02	2.46100000e+02	1.01000000e+00	1	2.43663366e+02	2.46100000e+02	1.00000000e+00	1	2.46100000e+02	2.46100000e+02	9.90000000e-01	1	2.48585859e+02	2.46116408e+02	2.46128715e+00	1.42102480e+00	2.43655121e+02	2.48577695e+02
4.00400000e+02	2.47100000e+02	1.01000000e+00	1	2.44653465e+02	2.47100000e+02	1.00000000e+00	1	2.47100000e+02	2.47100000e+02	9.90000000e-01	1	2.49595960e+02	2.47116475e+02	2.47128831e+00	1.42679897e+00	2.44645187e+02	2.49587763e+02
4.00500000e+02	2.47900000e+02	1.01000000e+00	1	2.45445545e+02	2.47900000e+02	1.00000000e+00	1	2.47900000e+02	2.47900000e+02	9.90000000e-01	1	2.50404040e+02	2.47916528e+02	2.47928925e+00	1.43141831e+00	2.45437239e+02	2.50395818e+02
4.00600000e+02	2.48700000e+02	1.01000000e+00	1	2.46237624e+02	2.48700000e+02	1.00000000e+00	1	2.48700000e+02	2.48700000e+02	9.90000000e-01	1	2.51212121e+02	2.48716582e+02	2.48729018e+00	1.43603765e+00	2.46229291e+02	2.51203872e+02
4.00700000e+02	2.49600000e+02	1.01000000e+00	1	2.47128713e+02	2.49600000e+02	1.00000000e+00	1	2.49600000e+02	2.49600000e+02	9.90000000e-01	1	2.52121212e+02	2.49616642e+02	2.49629123e+00	1.44123441e+00	2.47120350e+02	2.52112933e+02
4.00800000e+02	2.50400000e+02	1.01000000e+00	1	2.47920792e+02	2.50400000e+02	1.00000000e+00	1	2.50400000e+02	2.50400000e+02	9.90000000e-01	1	2.52929293e+02	2.50416695e+02	2.50429216e+00	1.44585375e+00	2.47912403e+02	2.52920987e+02
4.00900000e+02	2.51200000e+02	1.01000000e+00	1	2.48712871e+02	2.51200000e+02	1.00000000e+00	1	2.51200000e+02	2.51200000e+02	9.90000000e-01	1	2.53737374e+02	2.51216748e+02	2.51229310e+00	1.45047310e+00	2.48704455e+02	2.53729041e+02
4.01000000e+02	2.52000000e+02	1.01000000e+00	1	2.49504950e+02	2.52000000e+02	1.00000000e+00	1	2.52000000e+02	2.52000000e+02	9.90000000e-01	1	2.54545455e+02	2.52016802e+02	2.52029403e+00	1.45509244e+00	2.49496508e+02	2.54537096e+02
4.01100000e+02	2.53000000e+02	1.01000000e+00	1	2.50495050e+02	2.53000000e+02	1.00000000e+00	1	2.53000000e+02	2.53000000e+02	9.90000000e-01	1	2.55555556e+02	2.53016868e+02	2.53029520e+00	1.46086661e+00	2.50486573e+02	2.55547164e+02
4.01200000e+02	2.53700000e+02	1.01000000e+00	1	2.51188119e+02	2.53700000e+02	1.00000000e+00	1	2.53700000e+02	2.53700000e+02	9.90000000e-01	1	2.56262626e+02	2.53716915e+02	2.53729601e+00	1.46490854e+00	2.51179619e+02	2.56254211e+02
4.01300000e+02	2.54600000e+02	1.01000000e+00	1	2.52079208e+02	2.54600000e+02	1.00000000e+00	1	2.54600000e+02	2.54600000e+02	9.90000000e-01	1	2.57171717e+02	2.54616975e+02	2.54629706e+00	1.47010529e+00	2.52070678e+02	2.57163272e+02
4.01400000e+02	2.55200000e+02	1.01000000e+00	1	2.52673267e+02	2.55200000e+02	1.00000000e+00	1	2.55200000e+02	2.55200000e+02	9.90000000e-01	1	2.57777778e+02	2.55217015e+02	2.55229776e+00	1.47356980e+00	2.52664717e+02	2.57769313e+02
4.01500000e+02	2.55900000e+02	1.01000000e+00	1	2.53366337e+02	2.55900000e+02	1.00000000e+00	1	2.55900000e+02	2.55900000e+02	9.90000000e-01	1	2.58484848e+02	2.55917062e+02	2.55929858e+00	1.47761172e+00	2.53357763e+02	2.58476360e+02
4.01600000e+02	2.56700000e+02	1.01000000e+00	1	2.54158416e+02	2.56700000e+02	1.00000000e+00	1	2.56700000e+02	2.56700000e+02	9.90000000e-01	1	2.59292929e+02	2.56717115e+02	2.56729951e+00	1.48223106e+00	2.54149816e+02	2.59284415e+02
4.01700000e+02	2.57700000e+02	1.01000000e+00	1	2.55148515e+02	2.57700000e+02	1.00000000e+00	1	2.57700000e+02	2.57700000e+02	9.90000000e-01	1	2.60303030e+02	2.57717182e+02	2.57730068e+00	1.48800524e+00	2.55139881e+02	2.60294482e+02
4.01800000e+02	2.58500000e+02	1.01000000e+00	1	2.55940594e+02	2.58500000e+02	1.00000000e+00	1	2.58500000e+02	2.58500000e+02	9.90000000e-01	1	2.61111111e+02	2.58517235e+02	2.58530161e+00	1.49262458e+00	2.55931933e+02	2.61102537e+02
4.01900000e+02	2.59200000e+02	1.01000000e+00	1	2.56633663e+02	2.59200000e+02	1.00000000e+00	1	2.59200000e+02	2.59200000e+02	9.90000000e-01	1	2.61818182e+02	2.59217282e+02	2.59230243e+00	1.49666651e+00	2.56624979e+02	2.61809584e+02
4.02000000e+02	2.60000000e+02	1.01000000e+00	1	2.57425743e+02	2.60000000e+02	1.00000000e+00	1	2.60000000e+02	2.60000000e+02	9.90000000e-01	1	2.62626263e+02	2.60017335e+02	2.60030336e+00	1.50128585e+00	2.57417032e+02	2.62617638e+02
4.02100000e+02	2.61000000e+02	1.01000000e+00	1	2.58415842e+02	2.61000000e+02	1.00000000e+00	1	2.61000000e+02	2.61000000e+02	9.90000000e-01	1	2.63636364e+02	2.61017402e+02	2.61030453e+00	1.50706002e+00	2.58407097e+02	2.63627706e+02
4.02200000e+02	2.61800000e+02	1.01000000e+00	1	2.59207921e+02	2.61800000e+02	1.00000000e+00	1	2.61800000e+02	2.61800000e+02	9.90000000e-01	1	2.64444444e+02	2.61817455e+02	2.61830546e+00	1.51167936e+00	2.59199150e+02	2.64435761e+02
4.02300000e+02	2.62600000e+02	1.01000000e+00	1	2.60000000e+02	2.62600000e+02	1.00000000e+00	1	2.62600000e+02	2.62600000e+02	9.90000000e-01	1	2.65252525e+02	2.62617508e+02	2.62630640e+00	1.51629871e+00	2.59991202e+02	2.65243815e+02
4.02400000e+02	2.63500000e+02	1.01000000e+00	1	2.60891089e+02	2.63500000e+02	1.00000000e+00	1	2.63500000e+02	2.63500000e+02	9.90000000e-01	1	2.66161616e+02	2.63517568e+02	2.63530745e+00	1.52149546e+00	2.60882261e+02	2.66152876e+02
4.02500000e+02	2.64400000e+02	1.01000000e+00	1	2.61782178e+02	2.64400000e+02	1.00000000e+00	1	2.64400000e+02	2.64400000e+02	9.90000000e-01	1	2.67070707e+02	2.64417628e+02	2.64430850e+00	1.52669222e+00	2.61773320e+02	2.67061937e+02
4.02600000e+02	2.65100000e+02	1.01000000e+00	1	2.62475248e+02	2.65100000e+02	1.00000000e+00	1	2.65100000e+02	2.65100000e+02	9.90000000e-01	1	2.67777778e+02	2.65117675e+02	2.65130931e+00	1.53073415e+00	2.62466366e+02	2.67768984e+02
4.02700000e+02	2.65900000e+02	1.01000000e+00	1	2.63267327e+02	2.65900000e+02	1.00000000e+00	1	2.65900000e+02	2.65900000e+02	9.90000000e-01	1	2.68585859e+02	2.65917728e+02	2.65931025e+00	1.53535349e+00	2.63258418e+02	2.68577039e+02
4.02800000e+02	2.66800000e+02	1.01000000e+00	1	2.64158416e+02	2.66800000e+02	1.00000000e+00	1	2.66800000e+02	2.66800000e+02	9.90000000e-01	1	2.69494949e+02	2.66817788e+02	2.66831130e+00	1.54055025e+00	2.64149477e+02	2.69486100e+02
4.02900000e+02	2.67800000e+02	1.01000000e+00	1	2.65148515e+02	2.67800000e+02	1.00000000e+00	1	2.67800000e+02	2.67800000e+02	9.90000000e-01	1	2.70505051e+02	2.67817855e+02	2.67831246e+00	1.54632442e+00	2.65139543e+02	2.70496168e+02
4.03000000e+02	2.68700000e+02	1.01000000e+00	1	2.66039604e+02	2.68700000e+02	1.00000000e+00	1	2.68700000e+02	2.68700000e+02	9.90000000e-01	1	2.71414141e+02	2.68717915e+02	2.68731351e+00	1.55152118e+00	2.66030602e+02	2.71405229e+02
4.03100000e+02	2.69300000e+02	1.01000000e+00	1	2.66633663e+02	2.69300000e+02	1.00000000e+00	1	2.69300000e+02	2.69300000e+02	9.90000000e-01	1	2.72020202e+02	2.69317955e+02	2.69331421e+00	1.55498569e+00	2.66624641e+02	2.72011269e+02
4.03200000e+02	2.70100000e+02	1.01000000e+00	1	2.67425743e+02	2.70100000e+02	1.00000000e+00	1	2.70100000e+02	2.70100000e+02	9.90000000e-01	1	2.72828283e+02	2.70118008e+02	2.70131515e+00	1.55960503e+00	2.67416693e+02	2.72819324e+02
4.03300000e+02	2.71000000e+02	1.01000000e+00	1	2.68316832e+02	2.71000000e+02	1.00000000e+00	1	2.71000000e+02	2.71000000e+02	9.90000000e-01	1	2.73737374e+02	2.71018068e+02	2.71031620e+00	1.56480179e+00	2.68307752e+02	2.73728385e+02
4.03400000e+02	2.71700000e+02	1.01000000e+00	1	2.69009901e+02	2.71700000e+02	1.00000000e+00	1	2.71700000e+02	2.71700000e+02	9.90000000e-01	1	2.74444444e+02	2.71718115e+02	2.71731701e+00	1.56884371e+00	2.69000798e+02	2.74435432e+02
4.03500000e+02	2.72400000e+02	1.01000000e+00	1	2.69702970e+02	2.72400000e+02	1.00000000e+00	1	2.72400000e+02	2.72400000e+02	9.90000000e-01	1	2.75151515e+02	2.72418162e+02	2.72431783e+00	1.57288563e+00	2.69693844e+02	2.75142480e+02
4.03600000e+02	2.73400000e+02	1.01000000e+00	1	2.70693069e+02	2.73400000e+02	1.00000000e+00	1	2.73400000e+02	2.73400000e+02	9.90000000e-01	1	2.76161616e+02	2.73418228e+02	2.73431900e+00	1.57865981e+00	2.70683909e+02	2.76152547e+02
4.03700000e+02	2.74300000e+02	1.01000000e+00	1	2.71584158e+02	2.74300000e+02	1.00000000e+00	1	2.74300000e+02	2.74300000e+02	9.90000000e-01	1	2.77070707e+02	2.74318288e+02	2.74332005e+00	1.58385657e+00	2.71574968e+02	2.77061609e+02
4.03800000e+02	2.75100000e+02	1.01000000e+00	1	2.72376238e+02	2.75100000e+02	1.00000000e+00	1	2.75100000e+02	2.75100000e+02	9.90000000e-01	1	2.77878788e+02	2.75118342e+02	2.75132098e+00	1.58847591e+00	2.72367021e+02	2.77869663e+02
4.03900000e+02	2.76000000e+02	1.01000000e+00	1	2.73267327e+02	2.76000000e+02	1.00000000e+00	1	2.76000000e+02	2.76000000e+02	9.90000000e-01	1	2.78787879e+02	2.76018402e+02	2.76032203e+00	1.59367267e+00	2.73258080e+02	2.78778724e+02
4.04000000e+02	2.76800000e+02	1.01000000e+00	1	2.74059406e+02	2.76800000e+02	1.00000000e+00	1	2.76800000e+02	2.76800000e+02	9.90000000e-01	1	2.79595960e+02	2.76818455e+02	2.76832297e+00	1.59829201e+00	2.74050132e+02	2.79586778e+02
4.04100000e+02	2.78000000e+02	1.01000000e+00	1	2.75247525e+02	2.78000000e+02	1.00000000e+00	1	2.78000000e+02	2.78000000e+02	9.90000000e-01	1	2.80808081e+02	2.78018535e+02	2.78032437e+00	1.60522102e+00	2.75238211e+02	2.80798860e+02
4.04200000e+02	2.78500000e+02	1.01000000e+00	1	2.75742574e+02	2.78500000e+02	1.00000000e+00	1	2.78500000e+02	2.78500000e+02	9.90000000e-01	1	2.81313131e+02	2.78518569e+02	2.78532495e+00	1.60810811e+00	2.75733244e+02	2.81303893e+02
4.04300000e+02	2.79300000e+02	1.01000000e+00	1	2.76534653e+02	2.79300000e+02	1.00000000e+00	1	2.79300000e+02	2.79300000e+02	9.90000000e-01	1	2.82121212e+02	2.79318622e+02	2.79332588e+00	1.61272745e+00	2.76525296e+02	2.82111948e+02
4.04400000e+02	2.80100000e+02	1.01000000e+00	1	2.77326733e+02	2.80100000e+02	1.00000000e+00	1	2.80100000e+02	2.80100000e+02	9.90000000e-01	1	2.82929293e+02	2.80118675e+02	2.80132682e+00	1.61734679e+00	2.77317348e+02	2.82920002e+02
4.04500000e+02	2.80900000e+02	1.01000000e+00	1	2.78118812e+02	2.80900000e+02	1.00000000e+00	1	2.80900000e+02	2.80900000e+02	9.90000000e-01	1	2.83737374e+02	2.80918729e+02	2.80932775e+00	1.62196613e+00	2.78109401e+02	2.83728056e+02
4.04600000e+02	2.81800000e+02	1.01000000e+00	1	2.79009901e+02	2.81800000e+02	1.00000000e+00	1	2.81800000e+02	2.81800000e+02	9.90000000e-01	1	2.84646465e+02	2.81818789e+02	2.81832880e+00	1.62716289e+00	2.79000460e+02	2.84637117e+02
4.04700000e+02	2.82500000e+02	1.01000000e+00	1	2.79702970e+02	2.82500000e+02	1.00000000e+00	1	2.82500000e+02	2.82500000e+02	9.90000000e-01	1	2.85353535e+02	2.82518835e+02	2.82532962e+00	1.63120481e+00	2.79693506e+02	2.85344165e+02
4.04800000e+02	2.83500000e+02	1.01000000e+00	1	2.80693069e+02	2.83500000e+02	1.00000000e+00	1	2.83500000e+02	2.83500000e+02	9.90000000e-01	1	2.86363636e+02	2.83518902e+02	2.83533078e+00	1.63697899e+00	2.80683571e+02	2.86354233e+02
4.04900000e+02	2.84300000e+02	1.01000000e+00	1	2.81485149e+02	2.84300000e+02	1.00000000e+00	1	2.84300000e+02	2.84300000e+02	9.90000000e-01	1	2.87171717e+02	2.84318955e+02	2.84333172e+00	1.64159833e+00	2.81475624e+02	2.87162287e+02
4.05000000e+02	2.85400000e+02	1.01000000e+00	1	2.82574257e+02	2.85400000e+02	1.00000000e+00	1	2.85400000e+02	2.85400000e+02	9.90000000e-01	1	2.88282828e+02	2.85419029e+02	2.85433300e+00	1.64794993e+00	2.82564696e+02	2.88273362e+02
4.05100000e+02	2.85900000e+02	1.01000000e+00	1	2.83069307e+02	2.85900000e+02	1.00000000e+00	1	2.85900000e+02	2.85900000e+02	9.90000000e-01	1	2.88787879e+02	2.85919062e+02	2.85933358e+00	1.65083701e+00	2.83059728e+02	2.88778395e+02
4.05200000e+02	2.86800000e+02	1.01000000e+00	1	2.83960396e+02	2.86800000e+02	1.00000000e+00	1	2.86800000e+02	2.86800000e+02	9.90000000e-01	1	2.89696970e+02	2.86819122e+02	2.86833463e+00	1.65603377e+00	2.83950787e+02	2.89687457e+02
4.05300000e+02	2.87700000e+02	1.01000000e+00	1	2.84851485e+02	2.87700000e+02	1.00000000e+00	1	2.87700000e+02	2.87700000e+02	9.90000000e-01	1	2.90606061e+02	2.87719182e+02	2.87733568e+00	1.66123053e+00	2.84841846e+02	2.90596518e+02
4.05400000e+02	2.88500000e+02	1.01000000e+00	1	2.85643564e+02	2.88500000e+02	1.00000000e+00	1	2.88500000e+02	2.88500000e+02	9.90000000e-01	1	2.91414141e+02	2.88519235e+02	2.88533662e+00	1.66584987e+00	2.85633899e+02	2.91404572e+02
4.05500000e+02	2.89300000e+02	1.01000000e+00	1	2.86435644e+02	2.89300000e+02	1.00000000e+00	1	2.89300000e+02	2.89300000e+02	9.90000000e-01	1	2.92222222e+02	2.89319289e+02	2.89333755e+00	1.67046921e+00	2.86425951e+02	2.92212626e+02
4.05600000e+02	2.90200000e+02	1.01000000e+00	1	2.87326733e+02	2.90200000e+02	1.00000000e+00	1	2.90200000e+02	2.90200000e+02	9.90000000e-01	1	2.93131313e+02	2.90219349e+02	2.90233860e+00	1.67566597e+00	2.87317010e+02	2.93121687e+02
4.05700000e+02	2.90800000e+02	1.01000000e+00	1	2.87920792e+02	2.90800000e+02	1.00000000e+00	1	2.90800000e+02	2.90800000e+02	9.90000000e-01	1	2.93737374e+02	2.90819389e+02	2.90833930e+00	1.67913048e+00	2.87911049e+02	2.93727728e+02
4.05800000e+02	2.91700000e+02	1.01000000e+00	1	2.88811881e+02	2.91700000e+02	1.00000000e+00	1	2.91700000e+02	2.91700000e+02	9.90000000e-01	1	2.94646465e+02	2.91719449e+02	2.91734035e+00	1.68432724e+00	2.88802108e+02	2.94636789e+02
4.05900000e+02	2.92500000e+02	1.01000000e+00	1	2.89603960e+02	2.92500000e+02	1.00000000e+00	1	2.92500000e+02	2.92500000e+02	9.90000000e-01	1	2.95454545e+02	2.92519502e+02	2.92534128e+00	1.68894658e+00	2.89594161e+02	2.95444843e+02
4.06000000e+02	2.93400000e+02	1.01000000e+00	1	2.90495050e+02	2.93400000e+02	1.00000000e+00	1	2.93400000e+02	2.93400000e+02	9.90000000e-01	1	2.96363636e+02	2.93419562e+02	2.93434233e+00	1.69414334e+00	2.90485220e+02	2.96353904e+02
4.06100000e+02	2.94300000e+02	1.01000000e+00	1	2.91386139e+02	2.94300000e+02	1.00000000e+00	1	2.94300000e+02	2.94300000e+02	9.90000000e-01	1	2.97272727e+02	2.94319622e+02	2.94334338e+00	1.69934010e+00	2.91376279e+02	2.97262965e+02
4.06200000e+02	2.95200000e+02	1.01000000e+00	1	2.92277228e+02	2.95200000e+02	1.00000000e+00	1	2.95200000e+02	2.95200000e+02	9.90000000e-01	1	2.98181818e+02	2.95219682e+02	2.95234443e+00	1.70453685e+00	2.92267338e+02	2.98172026e+02
4.06300000e+02	2.96000000e+02	1.01000000e+00	1	2.93069307e+02	2.96000000e+02	1.00000000e+00	1	2.96000000e+02	2.96000000e+02	9.90000000e-01	1	2.98989899e+02	2.96019735e+02	2.96034537e+00	1.70915619e+00	2.93059390e+02	2.98980081e+02
4.06400000e+02	2.96700000e+02	1.01000000e+00	1	2.93762376e+02	2.96700000e+02	1.00000000e+00	1	2.96700000e+02	2.96700000e+02	9.90000000e-01	1	2.99696970e+02	2.96719782e+02	2.96734618e+00	1.71319812e+00	2.93752436e+02	2.99687128e+02
4.06500000e+02	2.97700000e+02	1.01000000e+00	1	2.94752475e+02	2.97700000e+02	1.00000000e+00	1	2.97700000e+02	2.97700000e+02	9.90000000e-01	1	3.00707071e+02	2.97719849e+02	2.97734735e+00	1.71897229e+00	2.94742501e+02	3.00697196e+02
4.06600000e+02	2.98500000e+02	1.01000000e+00	1	2.95544554e+02	2.98500000e+02	1.00000000e+00	1	2.98500000e+02	2.98500000e+02	9.90000000e-01	1	3.01515152e+02	2.98519902e+02	2.98534828e+00	1.72359164e+00	2.95534554e+02	3.01505250e+02
4.06700000e+02	2.99400000e+02	1.01000000e+00	1	2.96435644e+02	2.99400000e+02	1.00000000e+00	1	2.99400000e+02	2.99400000e+02	9.90000000e-01	1	3.02424242e+02	2.99419962e+02	2.99434933e+00	1.72878839e+00	2.96425613e+02	3.02414311e+02
4.06800000e+02	3.00100000e+02	1.01000000e+00	1	2.97128713e+02	3.00100000e+02	1.00000000e+00	1	3.00100000e+02	3.00100000e+02	9.90000000e-01	1	3.03131313e+02	3.00120009e+02	3.00135015e+00	1.73283032e+00	2.97118659e+02	3.03121359e+02
4.06900000e+02	3.01100000e+02	1.01000000e+00	1	2.98118812e+02	3.01100000e+02	1.00000000e+00	1	3.01100000e+02	3.01100000e+02	9.90000000e-01	1	3.04141414e+02	3.01120075e+02	3.01135132e+00	1.73860449e+00	2.98108724e+02	3.04131427e+02
4.07000000e+02	3.01900000e+02	1.01000000e+00	1	2.98910891e+02	3.01900000e+02	1.00000000e+00	1	3.01900000e+02	3.01900000e+02	9.90000000e-01	1	3.04949495e+02	3.01920129e+02	3.01935225e+00	1.74322384e+00	2.98900776e+02	3.04939481e+02
4.07100000e+02	3.02800000e+02	1.01000000e+00	1	2.99801980e+02	3.02800000e+02	1.00000000e+00	1	3.02800000e+02	3.02800000e+02	9.90000000e-01	1	3.05858586e+02	3.02820189e+02	3.02835330e+00	1.74842059e+00	2.99791835e+02	3.05848542e+02
4.07200000e+02	3.03700000e+02	1.01000000e+00	1	3.00693069e+02	3.03700000e+02	1.00000000e+00	1	3.03700000e+02	3.03700000e+02	9.90000000e-01	1	3.06767677e+02	3.03720249e+02	3.03735435e+00	1.75361735e+00	3.00682894e+02	3.06757603e+02
4.07300000e+02	3.04500000e+02	1.01000000e+00	1	3.01485149e+02	3.04500000e+02	1.00000000e+00	1	3.04500000e+02	3.04500000e+02	9.90000000e-01	1	3.07575758e+02	3.04520302e+02	3.04535529e+00	1.75823669e+00	3.01474947e+02	3.07565657e+02
4.07400000e+02	3.05100000e+02	1.01000000e+00	1	3.02079208e+02	3.05100000e+02	1.00000000e+00	1	3.05100000e+02	3.05100000e+02	9.90000000e-01	1	3.08181818e+02	3.05120342e+02	3.05135599e+00	1.76170120e+00	3.02068986e+02	3.08171698e+02
4.07500000e+02	3.06000000e+02	1.01000000e+00	1	3.02970297e+02	3.06000000e+02	1.00000000e+00	1	3.06000000e+02	3.06000000e+02	9.90000000e-01	1	3.09090909e+02	3.06020402e+02	3.06035704e+00	1.76689796e+00	3.02960045e+02	3.09080759e+02
4.07600000e+02	3.06900000e+02	1.01000000e+00	1	3.03861386e+02	3.06900000e+02	1.00000000e+00	1	3.06900000e+02	3.06900000e+02	9.90000000e-01	1	3.10000000e+02	3.06920462e+02	3.06935809e+00	1.77209472e+00	3.03851104e+02	3.09989820e+02
4.07700000e+02	3.07600000e+02	1.01000000e+00	1	3.04554455e+02	3.07600000e+02	1.00000000e+00	1	3.07600000e+02	3.07600000e+02	9.90000000e-01	1	3.10707071e+02	3.07620509e+02	3.07635890e+00	1.77613664e+00	3.04544150e+02	3.10696868e+02
4.07800000e+02	3.08600000e+02	1.01000000e+00	1	3.05544554e+02	3.08600000e+02	1.00000000e+00	1	3.08600000e+02	3.08600000e+02	9.90000000e-01	1	3.11717172e+02	3.08620575e+02	3.08636007e+00	1.78191082e+00	3.05534215e+02	3.11706935e+02
4.07900000e+02	3.09300000e+02	1.01000000e+00	1	3.06237624e+02	3.09300000e+02	1.00000000e+00	1	3.09300000e+02	3.09300000e+02	9.90000000e-01	1	3.12424242e+02	3.09320622e+02	3.09336089e+00	1.78595274e+00	3.06227261e+02	3.12413983e+02
4.08000000e+02	3.10200000e+02	1.01000000e+00	1	3.07128713e+02	3.10200000e+02	1.00000000e+00	1	3.10200000e+02	3.10200000e+02	9.90000000e-01	1	3.13333333e+02	3.10220682e+02	3.10236194e+00	1.79114950e+00	3.07118320e+02	3.13323044e+02
4.08100000e+02	3.11000000e+02	1.01000000e+00	1	3.07920792e+02	3.11000000e+02	1.00000000e+00	1	3.11000000e+02	3.11000000e+02	9.90000000e-01	1	3.14141414e+02	3.11020735e+02	3.11036287e+00	1.79576884e+00	3.07910373e+02	3.14131098e+02
4.08200000e+02	3.11900000e+02	1.01000000e+00	1	3.08811881e+02	3.11900000e+02	1.00000000e+00	1	3.11900000e+02	3.11900000e+02	9.90000000e-01	1	3.15050505e+02	3.11920795e+02	3.11936392e+00	1.80096560e+00	3.08801431e+02	3.15040159e+02
4.08300000e+02	3.12700000e+02	1.01000000e+00	1	3.09603960e+02	3.12700000e+02	1.00000000e+00	1	3.12700000e+02	3.12700000e+02	9.90000000e-01	1	3.15858586e+02	3.12720849e+02	3.12736485e+00	1.80558494e+00	3.09593484e+02	3.15848214e+02
4.08400000e+02	3.13500000e+02	1.01000000e+00	1	3.10396040e+02	3.13500000e+02	1.00000000e+00	1	3.13500000e+02	3.13500000e+02	9.90000000e-01	1	3.16666667e+02	3.13520902e+02	3.13536579e+00	1.81020428e+00	3.10385536e+02	3.16656268e+02
4.08500000e+02	3.14400000e+02	1.01000000e+00	1	3.11287129e+02	3.14400000e+02	1.00000000e+00	1	3.14400000e+02	3.14400000e+02	9.90000000e-01	1	3.17575758e+02	3.14420962e+02	3.14436684e+00	1.81540104e+00	3.11276595e+02	3.17565329e+02
4.08600000e+02	3.15200000e+02	1.01000000e+00	1	3.12079208e+02	3.15200000e+02	1.00000000e+00	1	3.15200000e+02	3.15200000e+02	9.90000000e-01	1	3.18383838e+02	3.15221015e+02	3.15236777e+00	1.82002038e+00	3.12068648e+02	3.18373383e+02
4.08700000e+02	3.16000000e+02	1.01000000e+00	1	3.12871287e+02	3.16000000e+02	1.00000000e+00	1	3.16000000e+02	3.16000000e+02	9.90000000e-01	1	3.19191919e+02	3.16021069e+02	3.16036870e+00	1.82463972e+00	3.12860700e+02	3.19181437e+02
4.08800000e+02	3.16800000e+02	1.01000000e+00	1	3.13663366e+02	3.16800000e+02	1.00000000e+00	1	3.16800000e+02	3.16800000e+02	9.90000000e-01	1	3.20000000e+02	3.16821122e+02	3.16836964e+00	1.82925906e+00	3.13652752e+02	3.19989492e+02
4.08900000e+02	3.17900000e+02	1.01000000e+00	1	3.14752475e+02	3.17900000e+02	1.00000000e+00	1	3.17900000e+02	3.17900000e+02	9.90000000e-01	1	3.21111111e+02	3.17921195e+02	3.17937092e+00	1.83561066e+00	3.14741825e+02	3.21100566e+02
4.09000000e+02	3.18600000e+02	1.01000000e+00	1	3.15445545e+02	3.18600000e+02	1.00000000e+00	1	3.18600000e+02	3.18600000e+02	9.90000000e-01	1	3.21818182e+02	3.18621242e+02	3.18637174e+00	1.83965258e+00	3.15434870e+02	3.21807614e+02
4.09100000e+02	3.19600000e+02	1.01000000e+00	1	3.16435644e+02	3.19600000e+02	1.00000000e+00	1	3.19600000e+02	3.19600000e+02	9.90000000e-01	1	3.22828283e+02	3.19621309e+02	3.19637290e+00	1.84542676e+00	3.16424936e+02	3.22817682e+02
4.09200000e+02	3.20300000e+02	1.01000000e+00	1	3.17128713e+02	3.20300000e+02	1.00000000e+00	1	3.20300000e+02	3.20300000e+02	9.90000000e-01	1	3.23535354e+02	3.20321355e+02	3.20337372e+00	1.84946868e+00	3.17117982e+02	3.23524729e+02
4.09300000e+02	3.21300000e+02	1.01000000e+00	1	3.18118812e+02	3.21300000e+02	1.00000000e+00	1	3.21300000e+02	3.21300000e+02	9.90000000e-01	1	3.24545455e+02	3.21321422e+02	3.21337489e+00	1.85524286e+00	3.18108047e+02	3.24534797e+02
4.09400000e+02	3.21800000e+02	1.01000000e+00	1	3.18613861e+02	3.21800000e+02	1.00000000e+00	1	3.21800000e+02	3.21800000e+02	9.90000000e-01	1	3.25050505e+02	3.21821455e+02	3.21837547e+00	1.85812994e+00	3.18603080e+02	3.25039831e+02
4.09500000e+02	3.22700000e+02	1.01000000e+00	1	3.19504950e+02	3.22700000e+02	1.00000000e+00	1	3.22700000e+02	3.22700000e+02	9.90000000e-01	1	3.25959596e+02	3.22721515e+02	3.22737652e+00	1.86332670e+00	3.19494139e+02	3.25948892e+02
4.09600000e+02	3.24000000e+02	1.01000000e+00	1	3.20792079e+02	3.24000000e+02	1.00000000e+00	1	3.24000000e+02	3.24000000e+02	9.90000000e-01	1	3.27272727e+02	3.24021602e+02	3.24037804e+00	1.87083313e+00	3.20781224e+02	3.27261980e+02
4.09700000e+02	3.24600000e+02	1.01000000e+00	1	3.21386139e+02	3.24600000e+02	1.00000000e+00	1	3.24600000e+02	3.24600000e+02	9.90000000e-01	1	3.27878788e+02	3.24621642e+02	3.24637874e+00	1.87429764e+00	3.21375263e+02	3.27868021e+02
4.09800000e+02	3.25300000e+02	1.01000000e+00	1	3.22079208e+02	3.25300000e+02	1.00000000e+00	1	3.25300000e+02	3.25300000e+02	9.90000000e-01	1	3.28585859e+02	3.25321689e+02	3.25337955e+00	1.87833956e+00	3.22068309e+02	3.28575068e+02
4.09900000e+02	3.26100000e+02	1.01000000e+00	1	3.22871287e+02	3.26100000e+02	1.00000000e+00	1	3.26100000e+02	3.26100000e+02	9.90000000e-01	1	3.29393939e+02	3.26121742e+02	3.26138049e+00	1.88295890e+00	3.22860362e+02	3.29383123e+02
4.10000000e+02	3.27000000e+02	1.01000000e+00	1	3.23762376e+02	3.27000000e+02	1.00000000e+00	1	3.27000000e+02	3.27000000e+02	9.90000000e-01	1	3.30303030e+02	3.27021802e+02	3.27038154e+00	1.88815566e+00	3.23751421e+02	3.30292184e+02
4.10100000e+02	3.27600000e+02	1.01000000e+00	1	3.24356436e+02	3.27600000e+02	1.00000000e+00	1	3.27600000e+02	3.27600000e+02	9.90000000e-01	1	3.30909091e+02	3.27621842e+02	3.27638224e+00	1.89162017e+00	3.24345460e+02	3.30898224e+02
4.10200000e+02	3.28700000e+02	1.01000000e+00	1	3.25445545e+02	3.28700000e+02	1.00000000e+00	1	3.28700000e+02	3.28700000e+02	9.90000000e-01	1	3.32020202e+02	3.28721916e+02	3.28738352e+00	1.89797176e+00	3.25434532e+02	3.32009299e+02
4.10300000e+02	3.29400000e+02	1.01000000e+00	1	3.26138614e+02	3.29400000e+02	1.00000000e+00	1	3.29400000e+02	3.29400000e+02	9.90000000e-01	1	3.32727273e+02	3.29421962e+02	3.29438434e+00	1.90201368e+00	3.26127578e+02	3.32716347e+02
4.10400000e+02	3.30200000e+02	1.01000000e+00	1	3.26930693e+02	3.30200000e+02	1.00000000e+00	1	3.30200000e+02	3.30200000e+02	9.90000000e-01	1	3.33535354e+02	3.30222016e+02	3.30238527e+00	1.90663303e+00	3.26919630e+02	3.33524401e+02
4.10500000e+02	3.31200000e+02	1.01000000e+00	1	3.27920792e+02	3.31200000e+02	1.00000000e+00	1	3.31200000e+02	3.31200000e+02	9.90000000e-01	1	3.34545455e+02	3.31222082e+02	3.31238644e+00	1.91240720e+00	3.27909696e+02	3.34534469e+02
4.10600000e+02	3.32000000e+02	1.01000000e+00	1	3.28712871e+02	3.32000000e+02	1.00000000e+00	1	3.32000000e+02	3.32000000e+02	9.90000000e-01	1	3.35353535e+02	3.32022136e+02	3.32038737e+00	1.91702654e+00	3.28701748e+02	3.35342523e+02
4.10700000e+02	3.32800000e+02	1.01000000e+00	1	3.29504950e+02	3.32800000e+02	1.00000000e+00	1	3.32800000e+02	3.32800000e+02	9.90000000e-01	1	3.36161616e+02	3.32822189e+02	3.32838831e+00	1.92164588e+00	3.29493801e+02	3.36150577e+02
4.10800000e+02	3.33700000e+02	1.01000000e+00	1	3.30396040e+02	3.33700000e+02	1.00000000e+00	1	3.33700000e+02	3.33700000e+02	9.90000000e-01	1	3.37070707e+02	3.33722249e+02	3.33738936e+00	1.92684264e+00	3.30384860e+02	3.37059638e+02
4.10900000e+02	3.34300000e+02	1.01000000e+00	1	3.30990099e+02	3.34300000e+02	1.00000000e+00	1	3.34300000e+02	3.34300000e+02	9.90000000e-01	1	3.37676768e+02	3.34322289e+02	3.34339006e+00	1.93030715e+00	3.30978899e+02	3.37665679e+02
4.11000000e+02	3.35500000e+02	1.01000000e+00	1	3.32178218e+02	3.35500000e+02	1.00000000e+00	1	3.35500000e+02	3.35500000e+02	9.90000000e-01	1	3.38888889e+02	3.35522369e+02	3.35539146e+00	1.93723616e+00	3.32166977e+02	3.38877760e+02
4.11100000e+02	3.35900000e+02	1.01000000e+00	1	3.32574257e+02	3.35900000e+02	1.00000000e+00	1	3.35900000e+02	3.35900000e+02	9.90000000e-01	1	3.39292929e+02	3.35922396e+02	3.35939192e+00	1.93954583e+00	3.32563004e+02	3.39281787e+02
4.11200000e+02	3.37000000e+02	1.01000000e+00	1	3.33663366e+02	3.37000000e+02	1.00000000e+00	1	3.37000000e+02	3.37000000e+02	9.90000000e-01	1	3.40404040e+02	3.37022469e+02	3.37039321e+00	1.94589742e+00	3.33652076e+02	3.40392862e+02
4.11300000e+02	3.38000000e+02	1.01000000e+00	1	3.34653465e+02	3.38000000e+02	1.00000000e+00	1	3.38000000e+02	3.38000000e+02	9.90000000e-01	1	3.41414141e+02	3.38022536e+02	3.38039437e+00	1.95167160e+00	3.34642141e+02	3.41402930e+02
4.11400000e+02	3.38700000e+02	1.01000000e+00	1	3.35346535e+02	3.38700000e+02	1.00000000e+00	1	3.38700000e+02	3.38700000e+02	9.90000000e-01	1	3.42121212e+02	3.38722582e+02	3.38739519e+00	1.95571352e+00	3.35335187e+02	3.42109977e+02
4.11500000e+02	3.39300000e+02	1.01000000e+00	1	3.35940594e+02	3.39300000e+02	1.00000000e+00	1	3.39300000e+02	3.39300000e+02	9.90000000e-01	1	3.42727273e+02	3.39322622e+02	3.39339589e+00	1.95917803e+00	3.35929226e+02	3.42716018e+02
4.11600000e+02	3.40200000e+02	1.01000000e+00	1	3.36831683e+02	3.40200000e+02	1.00000000e+00	1	3.40200000e+02	3.40200000e+02	9.90000000e-01	1	3.43636364e+02	3.40222682e+02	3.40239694e+00	1.96437479e+00	3.36820285e+02	3.43625079e+02
4.11700000e+02	3.41000000e+02	1.01000000e+00	1	3.37623762e+02	3.41000000e+02	1.00000000e+00	1	3.41000000e+02	3.41000000e+02	9.90000000e-01	1	3.44444444e+02	3.41022736e+02	3.41039787e+00	1.96899413e+00	3.37612338e+02	3.44433133e+02
4.11800000e+02	3.41800000e+02	1.01000000e+00	1	3.38415842e+02	3.41800000e+02	1.00000000e+00	1	3.41800000e+02	3.41800000e+02	9.90000000e-01	1	3.45252525e+02	3.41822789e+02	3.41839881e+00	1.97361347e+00	3.38404390e+02	3.45241188e+02
4.11900000e+02	3.42700000e+02	1.01000000e+00	1	3.39306931e+02	3.42700000e+02	1.00000000e+00	1	3.42700000e+02	3.42700000e+02	9.90000000e-01	1	3.46161616e+02	3.42722849e+02	3.42739986e+00	1.97881023e+00	3.39295449e+02	3.46150249e+02
4.12000000e+02	3.43400000e+02	1.01000000e+00	1	3.40000000e+02	3.43400000e+02	1.00000000e+00	1	3.43400000e+02	3.43400000e+02	9.90000000e-01	1	3.46868687e+02	3.43422896e+02	3.43440067e+00	1.98285215e+00	3.39988495e+02	3.46857296e+02
4.12100000e+02	3.44200000e+02	1.01000000e+00	1	3.40792079e+02	3.44200000e+02	1.00000000e+00	1	3.44200000e+02	3.44200000e+02	9.90000000e-01	1	3.47676768e+02	3.44222949e+02	3.44240161e+00	1.98747149e+00	3.40780547e+02	3.47665351e+02
4.12200000e+02	3.45000000e+02	1.01000000e+00	1	3.41584158e+02	3.45000000e+02	1.00000000e+00	1	3.45000000e+02	3.45000000e+02	9.90000000e-01	1	3.48484848e+02	3.45023002e+02	3.45040254e+00	1.99209084e+00	3.41572600e+02	3.48473405e+02
4.12300000e+02	3.45900000e+02	1.01000000e+00	1	3.42475248e+02	3.45900000e+02	1.00000000e+00	1	3.45900000e+02	3.45900000e+02	9.90000000e-01	1	3.49393939e+02	3.45923062e+02	3.45940359e+00	1.99728759e+00	3.42463659e+02	3.49382466e+02
4.12400000e+02	3.46700000e+02	1.01000000e+00	1	3.43267327e+02	3.46700000e+02	1.00000000e+00	1	3.46700000e+02	3.46700000e+02	9.90000000e-01	1	3.50202020e+02	3.46723116e+02	3.46740452e+00	2.00190693e+00	3.43255711e+02	3.50190520e+02
4.12500000e+02	3.47600000e+02	1.01000000e+00	1	3.44158416e+02	3.47600000e+02	1.00000000e+00	1	3.47600000e+02	3.47600000e+02	9.90000000e-01	1	3.51111111e+02	3.47623176e+02	3.47640557e+00	2.00710369e+00	3.44146770e+02	3.51099581e+02
4.12600000e+02	3.48400000e+02	1.01000000e+00	1	3.44950495e+02	3.48400000e+02	1.00000000e+00	1	3.48400000e+02	3.48400000e+02	9.90000000e-01	1	3.51919192e+02	3.48423229e+02	3.48440651e+00	2.01172303e+00	3.44938822e+02	3.51907635e+02
4.12700000e+02	3.49100000e+02	1.01000000e+00	1	3.45643564e+02	3.49100000e+02	1.00000000e+00	1	3.49100000e+02	3.49100000e+02	9.90000000e-01	1	3.52626263e+02	3.49123276e+02	3.49140732e+00	2.01576496e+00	3.45631868e+02	3.52614683e+02
4.12800000e+02	3.50000000e+02	1.01000000e+00	1	3.46534653e+02	3.50000000e+02	1.00000000e+00	1	3.50000000e+02	3.50000000e+02	9.90000000e-01	1	3.53535354e+02	3.50023336e+02	3.50040837e+00	2.02096172e+00	3.46522927e+02	3.53523744e+02
4.12900000e+02	3.51000000e+02	1.01000000e+00	1	3.47524752e+02	3.51000000e+02	1.00000000e+00	1	3.51000000e+02	3.51000000e+02	9.90000000e-01	1	3.54545455e+02	3.51023402e+02	3.51040954e+00	2.02673589e+00	3.47512993e+02	3.54533812e+02
4.13000000e+02	3.51600000e+02	1.01000000e+00	1	3.48118812e+02	3.51600000e+02	1.00000000e+00	1	3.51600000e+02	3.51600000e+02	9.90000000e-01	1	3.55151515e+02	3.51623442e+02	3.51641024e+00	2.03020040e+00	3.48107032e+02	3.55139853e+02
4.13100000e+02	3.52500000e+02	1.01000000e+00	1	3.49009901e+02	3.52500000e+02	1.00000000e+00	1	3.52500000e+02	3.52500000e+02	9.90000000e-01	1	3.56060606e+02	3.52523502e+02	3.52541129e+00	2.03539716e+00	3.48998091e+02	3.56048914e+02
4.13200000e+02	3.53400000e+02	1.01000000e+00	1	3.49900990e+02	3.53400000e+02	1.00000000e+00	1	3.53400000e+02	3.53400000e+02	9.90000000e-01	1	3.56969697e+02	3.53423562e+02	3.53441234e+00	2.04059392e+00	3.49889150e+02	3.56957975e+02
4.13300000e+02	3.54000000e+02	1.01000000e+00	1	3.50495050e+02	3.54000000e+02	1.00000000e+00	1	3.54000000e+02	3.54000000e+02	9.90000000e-01	1	3.57575758e+02	3.54023602e+02	3.54041304e+00	2.04405842e+00	3.50483189e+02	3.57564015e+02
4.13400000e+02	3.55100000e+02	1.01000000e+00	1	3.51584158e+02	3.55100000e+02	1.00000000e+00	1	3.55100000e+02	3.55100000e+02	9.90000000e-01	1	3.58686869e+02	3.55123676e+02	3.55141432e+00	2.05041002e+00	3.51572261e+02	3.58675090e+02
4.13500000e+02	3.55800000e+02	1.01000000e+00	1	3.52277228e+02	3.55800000e+02	1.00000000e+00	1	3.55800000e+02	3.55800000e+02	9.90000000e-01	1	3.59393939e+02	3.55823722e+02	3.55841514e+00	2.05445194e+00	3.52265307e+02	3.59382138e+02
4.13600000e+02	3.56600000e+02	1.01000000e+00	1	3.53069307e+02	3.56600000e+02	1.00000000e+00	1	3.56600000e+02	3.56600000e+02	9.90000000e-01	1	3.60202020e+02	3.56623776e+02	3.56641607e+00	2.05907128e+00	3.53057360e+02	3.60190192e+02
4.13700000e+02	3.57400000e+02	1.01000000e+00	1	3.53861386e+02	3.57400000e+02	1.00000000e+00	1	3.57400000e+02	3.57400000e+02	9.90000000e-01	1	3.61010101e+02	3.57423829e+02	3.57441701e+00	2.06369062e+00	3.53849412e+02	3.60998246e+02
4.13800000e+02	3.58100000e+02	1.01000000e+00	1	3.54554455e+02	3.58100000e+02	1.00000000e+00	1	3.58100000e+02	3.58100000e+02	9.90000000e-01	1	3.61717172e+02	3.58123876e+02	3.58141782e+00	2.06773255e+00	3.54542458e+02	3.61705294e+02
4.13900000e+02	3.59000000e+02	1.01000000e+00	1	3.55445545e+02	3.59000000e+02	1.00000000e+00	1	3.59000000e+02	3.59000000e+02	9.90000000e-01	1	3.62626263e+02	3.59023936e+02	3.59041887e+00	2.07292930e+00	3.55433517e+02	3.62614355e+02
4.14000000e+02	3.59900000e+02	1.01000000e+00	1	3.56336634e+02	3.59900000e+02	1.00000000e+00	1	3.59900000e+02	3.59900000e+02	9.90000000e-01	1	3.63535354e+02	3.59923996e+02	3.59941992e+00	2.07812606e+00	3.56324576e+02	3.63523416e+02
4.14100000e+02	3.60600000e+02	1.01000000e+00	1	3.57029703e+02	3.60600000e+02	1.00000000e+00	1	3.60600000e+02	3.60600000e+02	9.90000000e-01	1	3.64242424e+02	3.60624042e+02	3.60642074e+00	2.08216799e+00	3.57017622e+02	3.64230463e+02
4.14200000e+02	3.61300000e+02	1.01000000e+00	1	3.57722772e+02	3.61300000e+02	1.00000000e+00	1	3.61300000e+02	3.61300000e+02	9.90000000e-01	1	3.64949495e+02	3.61324089e+02	3.61342156e+00	2.08620991e+00	3.57710668e+02	3.64937511e+02
4.14300000e+02	3.62000000e+02	1.01000000e+00	1	3.58415842e+02	3.62000000e+02	1.00000000e+00	1	3.62000000e+02	3.62000000e+02	9.90000000e-01	1	3.65656566e+02	3.62024136e+02	3.62042238e+00	2.09025183e+00	3.58403713e+02	3.65644558e+02
4.14400000e+02	3.62800000e+02	1.01000000e+00	1	3.59207921e+02	3.62800000e+02	1.00000000e+00	1	3.62800000e+02	3.62800000e+02	9.90000000e-01	1	3.66464646e+02	3.62824189e+02	3.62842331e+00	2.09487117e+00	3.59195766e+02	3.66452612e+02
4.14500000e+02	3.63700000e+02	1.01000000e+00	1	3.60099010e+02	3.63700000e+02	1.00000000e+00	1	3.63700000e+02	3.63700000e+02	9.90000000e-01	1	3.67373737e+02	3.63724249e+02	3.63742436e+00	2.10006793e+00	3.60086825e+02	3.67361673e+02
4.14600000e+02	3.64500000e+02	1.01000000e+00	1	3.60891089e+02	3.64500000e+02	1.00000000e+00	1	3.64500000e+02	3.64500000e+02	9.90000000e-01	1	3.68181818e+02	3.64524302e+02	3.64542529e+00	2.10468727e+00	3.60878877e+02	3.68169728e+02
4.14700000e+02	3.65100000e+02	1.01000000e+00	1	3.61485149e+02	3.65100000e+02	1.00000000e+00	1	3.65100000e+02	3.65100000e+02	9.90000000e-01	1	3.68787879e+02	3.65124342e+02	3.65142599e+00	2.10815178e+00	3.61472916e+02	3.68775768e+02
4.14800000e+02	3.65900000e+02	1.01000000e+00	1	3.62277228e+02	3.65900000e+02	1.00000000e+00	1	3.65900000e+02	3.65900000e+02	9.90000000e-01	1	3.69595960e+02	3.65924396e+02	3.65942693e+00	2.11277112e+00	3.62264969e+02	3.69583823e+02
4.14900000e+02	3.66700000e+02	1.01000000e+00	1	3.63069307e+02	3.66700000e+02	1.00000000e+00	1	3.66700000e+02	3.66700000e+02	9.90000000e-01	1	3.70404040e+02	3.66724449e+02	3.66742786e+00	2.11739046e+00	3.63057021e+02	3.70391877e+02
4.15000000e+02	3.67600000e+02	1.01000000e+00	1	3.63960396e+02	3.67600000e+02	1.00000000e+00	1	3.67600000e+02	3.67600000e+02	9.90000000e-01	1	3.71313131e+02	3.67624509e+02	3.67642891e+00	2.12258722e+00	3.63948080e+02	3.71300938e+02
4.15100000e+02	3.68200000e+02	1.01000000e+00	1	3.64554455e+02	3.68200000e+02	1.00000000e+00	1	3.68200000e+02	3.68200000e+02	9.90000000e-01	1	3.71919192e+02	3.68224549e+02	3.68242961e+00	2.12605173e+00	3.64542120e+02	3.71906979e+02
4.15200000e+02	3.69100000e+02	1.01000000e+00	1	3.65445545e+02	3.69100000e+02	1.00000000e+00	1	3.69100000e+02	3.69100000e+02	9.90000000e-01	1	3.72828283e+02	3.69124609e+02	3.69143066e+00	2.13124848e+00	3.65433178e+02	3.72816040e+02
4.15300000e+02	3.69900000e+02	1.01000000e+00	1	3.66237624e+02	3.69900000e+02	1.00000000e+00	1	3.69900000e+02	3.69900000e+02	9.90000000e-01	1	3.73636364e+02	3.69924662e+02	3.69943159e+00	2.13586783e+00	3.66225231e+02	3.73624094e+02
4.15400000e+02	3.70700000e+02	1.01000000e+00	1	3.67029703e+02	3.70700000e+02	1.00000000e+00	1	3.70700000e+02	3.70700000e+02	9.90000000e-01	1	3.74444444e+02	3.70724716e+02	3.70743253e+00	2.14048717e+00	3.67017283e+02	3.74432148e+02
4.15500000e+02	3.71400000e+02	1.01000000e+00	1	3.67722772e+02	3.71400000e+02	1.00000000e+00	1	3.71400000e+02	3.71400000e+02	9.90000000e-01	1	3.75151515e+02	3.71424762e+02	3.71443334e+00	2.14452909e+00	3.67710329e+02	3.75139196e+02
4.15600000e+02	3.72400000e+02	1.01000000e+00	1	3.68712871e+02	3.72400000e+02	1.00000000e+00	1	3.72400000e+02	3.72400000e+02	9.90000000e-01	1	3.76161616e+02	3.72424829e+02	3.72443451e+00	2.15030327e+00	3.68700395e+02	3.76149264e+02
4.15700000e+02	3.73100000e+02	1.01000000e+00	1	3.69405941e+02	3.73100000e+02	1.00000000e+00	1	3.73100000e+02	3.73100000e+02	9.90000000e-01	1	3.76868687e+02	3.73124876e+02	3.73143533e+00	2.15434519e+00	3.69393440e+02	3.76856311e+02
4.15800000e+02	3.73800000e+02	1.01000000e+00	1	3.70099010e+02	3.73800000e+02	1.00000000e+00	1	3.73800000e+02	3.73800000e+02	9.90000000e-01	1	3.77575758e+02	3.73824922e+02	3.73843614e+00	2.15838711e+00	3.70086486e+02	3.77563359e+02
4.15900000e+02	3.74600000e+02	1.01000000e+00	1	3.70891089e+02	3.74600000e+02	1.00000000e+00	1	3.74600000e+02	3.74600000e+02	9.90000000e-01	1	3.78383838e+02	3.74624976e+02	3.74643708e+00	2.16300645e+00	3.70878539e+02	3.78371413e+02
4.16000000e+02	3.75300000e+02	1.01000000e+00	1	3.71584158e+02	3.75300000e+02	1.00000000e+00	1	3.75300000e+02	3.75300000e+02	9.90000000e-01	1	3.79090909e+02	3.75325023e+02	3.75343789e+00	2.16704838e+00	3.71571585e+02	3.79078460e+02
4.16100000e+02	3.76200000e+02	1.01000000e+00	1	3.72475248e+02	3.76200000e+02	1.00000000e+00	1	3.76200000e+02	3.76200000e+02	9.90000000e-01	1	3.80000000e+02	3.76225083e+02	3.76243894e+00	2.17224514e+00	3.72462644e+02	3.79987521e+02
4.16200000e+02	3.76900000e+02	1.01000000e+00	1	3.73168317e+02	3.76900000e+02	1.00000000e+00	1	3.76900000e+02	3.76900000e+02	9.90000000e-01	1	3.80707071e+02	3.76925129e+02	3.76943976e+00	2.17628706e+00	3.73155689e+02	3.80694569e+02
4.16300000e+02	3.77700000e+02	1.01000000e+00	1	3.73960396e+02	3.77700000e+02	1.00000000e+00	1	3.77700000e+02	3.77700000e+02	9.90000000e-01	1	3.81515152e+02	3.77725183e+02	3.77744069e+00	2.18090640e+00	3.73947742e+02	3.81502623e+02
4.16400000e+02	3.78300000e+02	1.01000000e+00	1	3.74554455e+02	3.78300000e+02	1.00000000e+00	1	3.78300000e+02	3.78300000e+02	9.90000000e-01	1	3.82121212e+02	3.78325223e+02	3.78344139e+00	2.18437091e+00	3.74541781e+02	3.82108664e+02
4.16500000e+02	3.79200000e+02	1.01000000e+00	1	3.75445545e+02	3.79200000e+02	1.00000000e+00	1	3.79200000e+02	3.79200000e+02	9.90000000e-01	1	3.83030303e+02	3.79225283e+02	3.79244244e+00	2.18956767e+00	3.75432840e+02	3.83017725e+02
4.16600000e+02	3.79900000e+02	1.01000000e+00	1	3.76138614e+02	3.79900000e+02	1.00000000e+00	1	3.79900000e+02	3.79900000e+02	9.90000000e-01	1	3.83737374e+02	3.79925329e+02	3.79944326e+00	2.19360959e+00	3.76125886e+02	3.83724772e+02
4.16700000e+02	3.80900000e+02	1.01000000e+00	1	3.77128713e+02	3.80900000e+02	1.00000000e+00	1	3.80900000e+02	3.80900000e+02	9.90000000e-01	1	3.84747475e+02	3.80925396e+02	3.80944443e+00	2.19938377e+00	3.77115951e+02	3.84734840e+02
4.16800000e+02	3.81500000e+02	1.01000000e+00	1	3.77722772e+02	3.81500000e+02	1.00000000e+00	1	3.81500000e+02	3.81500000e+02	9.90000000e-01	1	3.85353535e+02	3.81525436e+02	3.81544513e+00	2.20284827e+00	3.77709991e+02	3.85340881e+02
4.16900000e+02	3.82400000e+02	1.01000000e+00	1	3.78613861e+02	3.82400000e+02	1.00000000e+00	1	3.82400000e+02	3.82400000e+02	9.90000000e-01	1	3.86262626e+02	3.82425496e+02	3.82444618e+00	2.20804503e+00	3.78601050e+02	3.86249942e+02
4.17000000e+02	3.83100000e+02	1.01000000e+00	1	3.79306931e+02	3.83100000e+02	1.00000000e+00	1	3.83100000e+02	3.83100000e+02	9.90000000e-01	1	3.86969697e+02	3.83125543e+02	3.83144699e+00	2.21208695e+00	3.79294096e+02	3.86956990e+02
4.17100000e+02	3.83900000e+02	1.01000000e+00	1	3.80099010e+02	3.83900000e+02	1.00000000e+00	1	3.83900000e+02	3.83900000e+02	9.90000000e-01	1	3.87777778e+02	3.83925596e+02	3.83944793e+00	2.21670629e+00	3.80086148e+02	3.87765044e+02
4.17200000e+02	3.84500000e+02	1.01000000e+00	1	3.80693069e+02	3.84500000e+02	1.00000000e+00	1	3.84500000e+02	3.84500000e+02	9.90000000e-01	1	3.88383838e+02	3.84525636e+02	3.84544863e+00	2.22017080e+00	3.80680187e+02	3.88371085e+02
4.17300000e+02	3.85300000e+02	1.01000000e+00	1	3.81485149e+02	3.85300000e+02	1.00000000e+00	1	3.85300000e+02	3.85300000e+02	9.90000000e-01	1	3.89191919e+02	3.85325689e+02	3.85344956e+00	2.22479014e+00	3.81472240e+02	3.89179139e+02
4.17400000e+02	3.86300000e+02	1.01000000e+00	1	3.82475248e+02	3.86300000e+02	1.00000000e+00	1	3.86300000e+02	3.86300000e+02	9.90000000e-01	1	3.90202020e+02	3.86325756e+02	3.86345073e+00	2.23056432e+00	3.82462305e+02	3.90189207e+02
4.17500000e+02	3.87100000e+02	1.01000000e+00	1	3.83267327e+02	3.87100000e+02	1.00000000e+00	1	3.87100000e+02	3.87100000e+02	9.90000000e-01	1	3.91010101e+02	3.87125809e+02	3.87145166e+00	2.23518366e+00	3.83254358e+02	3.90997261e+02
4.17600000e+02	3.87800000e+02	1.01000000e+00	1	3.83960396e+02	3.87800000e+02	1.00000000e+00	1	3.87800000e+02	3.87800000e+02	9.90000000e-01	1	3.91717172e+02	3.87825856e+02	3.87845248e+00	2.23922558e+00	3.83947403e+02	3.91704308e+02
4.17700000e+02	3.88500000e+02	1.01000000e+00	1	3.84653465e+02	3.88500000e+02	1.00000000e+00	1	3.88500000e+02	3.88500000e+02	9.90000000e-01	1	3.92424242e+02	3.88525903e+02	3.88545329e+00	2.24326751e+00	3.84640449e+02	3.92411356e+02
4.17800000e+02	3.89000000e+02	1.01000000e+00	1	3.85148515e+02	3.89000000e+02	1.00000000e+00	1	3.89000000e+02	3.89000000e+02	9.90000000e-01	1	3.92929293e+02	3.89025936e+02	3.89045388e+00	2.24615459e+00	3.85135482e+02	3.92916390e+02
4.17900000e+02	3.89800000e+02	1.01000000e+00	1	3.85940594e+02	3.89800000e+02	1.00000000e+00	1	3.89800000e+02	3.89800000e+02	9.90000000e-01	1	3.93737374e+02	3.89825989e+02	3.89845481e+00	2.25077393e+00	3.85927534e+02	3.93724444e+02
4.18000000e+02	3.90600000e+02	1.01000000e+00	1	3.86732673e+02	3.90600000e+02	1.00000000e+00	1	3.90600000e+02	3.90600000e+02	9.90000000e-01	1	3.94545455e+02	3.90626043e+02	3.90645575e+00	2.25539328e+00	3.86719587e+02	3.94532498e+02
4.18100000e+02	3.91400000e+02	1.01000000e+00	1	3.87524752e+02	3.91400000e+02	1.00000000e+00	1	3.91400000e+02	3.91400000e+02	9.90000000e-01	1	3.95353535e+02	3.91426096e+02	3.91445668e+00	2.26001262e+00	3.87511639e+02	3.95340553e+02
4.18200000e+02	3.92100000e+02	1.01000000e+00	1	3.88217822e+02	3.92100000e+02	1.00000000e+00	1	3.92100000e+02	3.92100000e+02	9.90000000e-01	1	3.96060606e+02	3.92126143e+02	3.92145750e+00	2.26405454e+00	3.88204685e+02	3.96047600e+02
4.18300000e+02	3.92900000e+02	1.01000000e+00	1	3.89009901e+02	3.92900000e+02	1.00000000e+00	1	3.92900000e+02	3.92900000e+02	9.90000000e-01	1	3.96868687e+02	3.92926196e+02	3.92945843e+00	2.26867388e+00	3.88996738e+02	3.96855654e+02
4.18400000e+02	3.93500000e+02	1.01000000e+00	1	3.89603960e+02	3.93500000e+02	1.00000000e+00	1	3.93500000e+02	3.93500000e+02	9.90000000e-01	1	3.97474747e+02	3.93526236e+02	3.93545913e+00	2.27213839e+00	3.89590777e+02	3.97461695e+02
4.18500000e+02	3.94300000e+02	1.01000000e+00	1	3.90396040e+02	3.94300000e+02	1.00000000e+00	1	3.94300000e+02	3.94300000e+02	9.90000000e-01	1	3.98282828e+02	3.94326289e+02	3.94346006e+00	2.27675773e+00	3.90382829e+02	3.98269749e+02
4.18600000e+02	3.95100000e+02	1.01000000e+00	1	3.91188119e+02	3.95100000e+02	1.00000000e+00	1	3.95100000e+02	3.95100000e+02	9.90000000e-01	1	3.99090909e+02	3.95126343e+02	3.95146100e+00	2.28137707e+00	3.91174882e+02	3.99077804e+02
4.18700000e+02	3.95700000e+02	1.01000000e+00	1	3.91782178e+02	3.95700000e+02	1.00000000e+00	1	3.95700000e+02	3.95700000e+02	9.90000000e-01	1	3.99696970e+02	3.95726383e+02	3.95746170e+00	2.28484158e+00	3.91768921e+02	3.99683844e+02
4.18800000e+02	3.96300000e+02	1.01000000e+00	1	3.92376238e+02	3.96300000e+02	1.00000000e+00	1	3.96300000e+02	3.96300000e+02	9.90000000e-01	1	4.00303030e+02	3.96326423e+02	3.96346240e+00	2.28830608e+00	3.92362960e+02	4.00289885e+02
4.18900000e+02	3.97300000e+02	1.01000000e+00	1	3.93366337e+02	3.97300000e+02	1.00000000e+00	1	3.97300000e+02	3.97300000e+02	9.90000000e-01	1	4.01313131e+02	3.97326489e+02	3.97346356e+00	2.29408026e+00	3.93353026e+02	4.01299953e+02
4.19000000e+02	3.97900000e+02	1.01000000e+00	1	3.93960396e+02	3.97900000e+02	1.00000000e+00	1	3.97900000e+02	3.97900000e+02	9.90000000e-01	1	4.01919192e+02	3.97926529e+02	3.97946426e+00	2.29754476e+00	3.93947065e+02	4.01905994e+02
4.19100000e+02	3.98800000e+02	1.01000000e+00	1	3.94851485e+02	3.98800000e+02	1.00000000e+00	1	3.98800000e+02	3.98800000e+02	9.90000000e-01	1	4.02828283e+02	3.98826589e+02	3.98846531e+00	2.30274152e+00	3.94838124e+02	4.02815055e+02
4.19200000e+02	3.99400000e+02	1.01000000e+00	1	3.95445545e+02	3.99400000e+02	1.00000000e+00	1	3.99400000e+02	3.99400000e+02	9.90000000e-01	1	4.03434343e+02	3.99426629e+02	3.99446601e+00	2.30620603e+00	3.95432163e+02	4.03421095e+02
4.19300000e+02	4.00100000e+02	1.01000000e+00	1	3.96138614e+02	4.00100000e+02	1.00000000e+00	1	4.00100000e+02	4.00100000e+02	9.90000000e-01	1	4.04141414e+02	4.00126676e+02	4.00146683e+00	2.31024795e+00	3.96125209e+02	4.04128143e+02
4.19400000e+02	4.00800000e+02	1.01000000e+00	1	3.96831683e+02	4.00800000e+02	1.00000000e+00	1	4.00800000e+02	4.00800000e+02	9.90000000e-01	1	4.04848485e+02	4.00826723e+02	4.00846765e+00	2.31428987e+00	3.96818255e+02	4.04835190e+02
4.19500000e+02	4.01800000e+02	1.01000000e+00	1	3.97821782e+02	4.01800000e+02	1.00000000e+00	1	4.01800000e+02	4.01800000e+02	9.90000000e-01	1	4.05858586e+02	4.01826789e+02	4.01846881e+00	2.32006405e+00	3.97808321e+02	4.05845258e+02
4.19600000e+02	4.02400000e+02	1.01000000e+00	1	3.98415842e+02	4.02400000e+02	1.00000000e+00	1	4.02400000e+02	4.02400000e+02	9.90000000e-01	1	4.06464646e+02	4.02426829e+02	4.02446951e+00	2.32352856e+00	3.98402360e+02	4.06451299e+02
4.19700000e+02	4.03000000e+02	1.01000000e+00	1	3.99009901e+02	4.03000000e+02	1.00000000e+00	1	4.03000000e+02	4.03000000e+02	9.90000000e-01	1	4.07070707e+02	4.03026869e+02	4.03047021e+00	2.32699306e+00	3.98996399e+02	4.07057340e+02
4.19800000e+02	4.03700000e+02	1.01000000e+00	1	3.99702970e+02	4.03700000e+02	1.00000000e+00	1	4.03700000e+02	4.03700000e+02	9.90000000e-01	1	4.07777778e+02	4.03726916e+02	4.03747103e+00	2.33103499e+00	3.99689445e+02	4.07764387e+02
4.19900000e+02	4.04500000e+02	1.01000000e+00	1	4.00495050e+02	4.04500000e+02	1.00000000e+00	1	4.04500000e+02	4.04500000e+02	9.90000000e-01	1	4.08585859e+02	4.04526969e+02	4.04547196e+00	2.33565433e+00	4.00481497e+02	4.08572441e+02
4.20000000e+02	4.05100000e+02	1.01000000e+00	1	4.01089109e+02	4.05100000e+02	1.00000000e+00	1	4.05100000e+02	4.05100000e+02	9.90000000e-01	1	4.09191919e+02	4.05127009e+02	4.05147266e+00	2.33911883e+00	4.01075537e+02	4.09178482e+02
4.20100000e+02	4.05800000e+02	1.01000000e+00	1	4.01782178e+02	4.05800000e+02	1.00000000e+00	1	4.05800000e+02	4.05800000e+02	9.90000000e-01	1	4.09898990e+02	4.05827056e+02	4.05847348e+00	2.34316076e+00	4.01768583e+02	4.09885530e+02
4.20200000e+02	4.06500000e+02	1.01000000e+00	1	4.02475248e+02	4.06500000e+02	1.00000000e+00	1	4.06500000e+02	4.06500000e+02	9.90000000e-01	1	4.10606061e+02	4.06527103e+02	4.06547430e+00	2.34720268e+00	4.02461628e+02	4.10592577e+02
4.20300000e+02	4.07100000e+02	1.01000000e+00	1	4.03069307e+02	4.07100000e+02	1.00000000e+00	1	4.07100000e+02	4.07100000e+02	9.90000000e-01	1	4.11212121e+02	4.07127143e+02	4.07147500e+00	2.35066719e+00	4.03055668e+02	4.11198618e+02
4.20400000e+02	4.07800000e+02	1.01000000e+00	1	4.03762376e+02	4.07800000e+02	1.00000000e+00	1	4.07800000e+02	4.07800000e+02	9.90000000e-01	1	4.11919192e+02	4.07827189e+02	4.07847581e+00	2.35470911e+00	4.03748714e+02	4.11905665e+02
4.20500000e+02	4.08500000e+02	1.01000000e+00	1	4.04455446e+02	4.08500000e+02	1.00000000e+00	1	4.08500000e+02	4.08500000e+02	9.90000000e-01	1	4.12626263e+02	4.08527236e+02	4.08547663e+00	2.35875103e+00	4.04441759e+02	4.12612713e+02
4.20600000e+02	4.09200000e+02	1.01000000e+00	1	4.05148515e+02	4.09200000e+02	1.00000000e+00	1	4.09200000e+02	4.09200000e+02	9.90000000e-01	1	4.13333333e+02	4.09227283e+02	4.09247745e+00	2.36279296e+00	4.05134805e+02	4.13319760e+02
4.20700000e+02	4.09900000e+02	1.01000000e+00	1	4.05841584e+02	4.09900000e+02	1.00000000e+00	1	4.09900000e+02	4.09900000e+02	9.90000000e-01	1	4.14040404e+02	4.09927329e+02	4.09947826e+00	2.36683488e+00	4.05827851e+02	4.14026808e+02
4.20800000e+02	4.10600000e+02	1.01000000e+00	1	4.06534653e+02	4.10600000e+02	1.00000000e+00	1	4.10600000e+02	4.10600000e+02	9.90000000e-01	1	4.14747475e+02	4.10627376e+02	4.10647908e+00	2.37087680e+00	4.06520897e+02	4.14733855e+02
4.20900000e+02	4.11200000e+02	1.01000000e+00	1	4.07128713e+02	4.11200000e+02	1.00000000e+00	1	4.11200000e+02	4.11200000e+02	9.90000000e-01	1	4.15353535e+02	4.11227416e+02	4.11247978e+00	2.37434131e+00	4.07114936e+02	4.15339896e+02
4.21000000e+02	4.12000000e+02	1.01000000e+00	1	4.07920792e+02	4.12000000e+02	1.00000000e+00	1	4.12000000e+02	4.12000000e+02	9.90000000e-01	1	4.16161616e+02	4.12027469e+02	4.12048071e+00	2.37896065e+00	4.07906989e+02	4.16147950e+02
4.21100000e+02	4.12600000e+02	1.01000000e+00	1	4.08514851e+02	4.12600000e+02	1.00000000e+00	1	4.12600000e+02	4.12600000e+02	9.90000000e-01	1	4.16767677e+02	4.12627509e+02	4.12648141e+00	2.38242516e+00	4.08501028e+02	4.16753991e+02
4.21200000e+02	4.13500000e+02	1.01000000e+00	1	4.09405941e+02	4.13500000e+02	1.00000000e+00	1	4.13500000e+02	4.13500000e+02	9.90000000e-01	1	4.17676768e+02	4.13527569e+02	4.13548246e+00	2.38762191e+00	4.09392087e+02	4.17663052e+02
4.21300000e+02	4.14000000e+02	1.01000000e+00	1	4.09900990e+02	4.14000000e+02	1.00000000e+00	1	4.14000000e+02	4.14000000e+02	9.90000000e-01	1	4.18181818e+02	4.14027603e+02	4.14048305e+00	2.39050900e+00	4.09887120e+02	4.18168086e+02
4.21400000e+02	4.14600000e+02	1.01000000e+00	1	4.10495050e+02	4.14600000e+02	1.00000000e+00	1	4.14600000e+02	4.14600000e+02	9.90000000e-01	1	4.18787879e+02	4.14627643e+02	4.14648375e+00	2.39397351e+00	4.10481159e+02	4.18774127e+02
4.21500000e+02	4.15400000e+02	1.01000000e+00	1	4.11287129e+02	4.15400000e+02	1.00000000e+00	1	4.15400000e+02	4.15400000e+02	9.90000000e-01	1	4.19595960e+02	4.15427696e+02	4.15448468e+00	2.39859285e+00	4.11273211e+02	4.19582181e+02
4.21600000e+02	4.16000000e+02	1.01000000e+00	1	4.11881188e+02	4.16000000e+02	1.00000000e+00	1	4.16000000e+02	4.16000000e+02	9.90000000e-01	1	4.20202020e+02	4.16027736e+02	4.16048538e+00	2.40205735e+00	4.11867251e+02	4.20188221e+02
4.21700000e+02	4.16600000e+02	1.01000000e+00	1	4.12475248e+02	4.16600000e+02	1.00000000e+00	1	4.16600000e+02	4.16600000e+02	9.90000000e-01	1	4.20808081e+02	4.16627776e+02	4.16648608e+00	2.40552186e+00	4.12461290e+02	4.20794262e+02
4.21800000e+02	4.17300000e+02	1.01000000e+00	1	4.13168317e+02	4.17300000e+02	1.00000000e+00	1	4.17300000e+02	4.17300000e+02	9.90000000e-01	1	4.21515152e+02	4.17327823e+02	4.17348690e+00	2.40956378e+00	4.13154336e+02	4.21501310e+02
4.21900000e+02	4.18000000e+02	1.01000000e+00	1	4.13861386e+02	4.18000000e+02	1.00000000e+00	1	4.18000000e+02	4.18000000e+02	9.90000000e-01	1	4.22222222e+02	4.18027869e+02	4.18048771e+00	2.41360571e+00	4.13847382e+02	4.22208357e+02
4.22000000e+02	4.18600000e+02	1.01000000e+00	1	4.14455446e+02	4.18600000e+02	1.00000000e+00	1	4.18600000e+02	4.18600000e+02	9.90000000e-01	1	4.22828283e+02	4.18627909e+02	4.18648841e+00	2.41707021e+00	4.14441421e+02	4.22814398e+02
4.22100000e+02	4.19400000e+02	1.01000000e+00	1	4.15247525e+02	4.19400000e+02	1.00000000e+00	1	4.19400000e+02	4.19400000e+02	9.90000000e-01	1	4.23636364e+02	4.19427963e+02	4.19448935e+00	2.42168955e+00	4.15233473e+02	4.23622452e+02
4.22200000e+02	4.20100000e+02	1.01000000e+00	1	4.15940594e+02	4.20100000e+02	1.00000000e+00	1	4.20100000e+02	4.20100000e+02	9.90000000e-01	1	4.24343434e+02	4.20128009e+02	4.20149017e+00	2.42573148e+00	4.15926519e+02	4.24329500e+02
4.22300000e+02	4.20700000e+02	1.01000000e+00	1	4.16534653e+02	4.20700000e+02	1.00000000e+00	1	4.20700000e+02	4.20700000e+02	9.90000000e-01	1	4.24949495e+02	4.20728049e+02	4.20749087e+00	2.42919598e+00	4.16520559e+02	4.24935540e+02
4.22400000e+02	4.21300000e+02	1.01000000e+00	1	4.17128713e+02	4.21300000e+02	1.00000000e+00	1	4.21300000e+02	4.21300000e+02	9.90000000e-01	1	4.25555556e+02	4.21328089e+02	4.21349157e+00	2.43266049e+00	4.17114598e+02	4.25541581e+02
4.22500000e+02	4.21900000e+02	1.01000000e+00	1	4.17722772e+02	4.21900000e+02	1.00000000e+00	1	4.21900000e+02	4.21900000e+02	9.90000000e-01	1	4.26161616e+02	4.21928129e+02	4.21949227e+00	2.43612500e+00	4.17708637e+02	4.26147622e+02
4.22600000e+02	4.22500000e+02	1.01000000e+00	1	4.18316832e+02	4.22500000e+02	1.00000000e+00	1	4.22500000e+02	4.22500000e+02	9.90000000e-01	1	4.26767677e+02	4.22528169e+02	4.22549297e+00	2.43958950e+00	4.18302677e+02	4.26753662e+02
4.22700000e+02	4.23200000e+02	1.01000000e+00	1	4.19009901e+02	4.23200000e+02	1.00000000e+00	1	4.23200000e+02	4.23200000e+02	9.90000000e-01	1	4.27474747e+02	4.23228216e+02	4.23249378e+00	2.44363142e+00	4.18995722e+02	4.27460710e+02
4.22800000e+02	4.23900000e+02	1.01000000e+00	1	4.19702970e+02	4.23900000e+02	1.00000000e+00	1	4.23900000e+02	4.23900000e+02	9.90000000e-01	1	4.28181818e+02	4.23928263e+02	4.23949460e+00	2.44767335e+00	4.19688768e+02	4.28167757e+02
4.22900000e+02	4.24400000e+02	1.01000000e+00	1	4.20198020e+02	4.24400000e+02	1.00000000e+00	1	4.24400000e+02	4.24400000e+02	9.90000000e-01	1	4.28686869e+02	4.24428296e+02	4.24449518e+00	2.45056044e+00	4.20183801e+02	4.28672791e+02
4.23000000e+02	4.25100000e+02	1.01000000e+00	1	4.20891089e+02	4.25100000e+02	1.00000000e+00	1	4.25100000e+02	4.25100000e+02	9.90000000e-01	1	4.29393939e+02	4.25128343e+02	4.25149600e+00	2.45460236e+00	4.20876847e+02	4.29379839e+02
4.23100000e+02	4.25600000e+02	1.01000000e+00	1	4.21386139e+02	4.25600000e+02	1.00000000e+00	1	4.25600000e+02	4.25600000e+02	9.90000000e-01	1	4.29898990e+02	4.25628376e+02	4.25649658e+00	2.45748945e+00	4.21371880e+02	4.29884873e+02
4.23200000e+02	4.26400000e+02	1.01000000e+00	1	4.22178218e+02	4.26400000e+02	1.00000000e+00	1	4.26400000e+02	4.26400000e+02	9.90000000e-01	1	4.30707071e+02	4.26428430e+02	4.26449752e+00	2.46210879e+00	4.22163932e+02	4.30692927e+02
4.23300000e+02	4.27000000e+02	1.01000000e+00	1	4.22772277e+02	4.27000000e+02	1.00000000e+00	1	4.27000000e+02	4.27000000e+02	9.90000000e-01	1	4.31313131e+02	4.27028470e+02	4.27049822e+00	2.46557329e+00	4.22757971e+02	4.31298968e+02
4.23400000e+02	4.27800000e+02	1.01000000e+00	1	4.23564356e+02	4.27800000e+02	1.00000000e+00	1	4.27800000e+02	4.27800000e+02	9.90000000e-01	1	4.32121212e+02	4.27828523e+02	4.27849915e+00	2.47019264e+00	4.23550024e+02	4.32107022e+02
4.23500000e+02	4.28200000e+02	1.01000000e+00	1	4.23960396e+02	4.28200000e+02	1.00000000e+00	1	4.28200000e+02	4.28200000e+02	9.90000000e-01	1	4.32525253e+02	4.28228550e+02	4.28249962e+00	2.47250231e+00	4.23946050e+02	4.32511049e+02
4.23600000e+02	4.28900000e+02	1.01000000e+00	1	4.24653465e+02	4.28900000e+02	1.00000000e+00	1	4.28900000e+02	4.28900000e+02	9.90000000e-01	1	4.33232323e+02	4.28928596e+02	4.28950043e+00	2.47654423e+00	4.24639096e+02	4.33218097e+02
4.23700000e+02	4.29500000e+02	1.01000000e+00	1	4.25247525e+02	4.29500000e+02	1.00000000e+00	1	4.29500000e+02	4.29500000e+02	9.90000000e-01	1	4.33838384e+02	4.29528636e+02	4.29550113e+00	2.48000874e+00	4.25233135e+02	4.33824137e+02
4.23800000e+02	4.30100000e+02	1.01000000e+00	1	4.25841584e+02	4.30100000e+02	1.00000000e+00	1	4.30100000e+02	4.30100000e+02	9.90000000e-01	1	4.34444444e+02	4.30128676e+02	4.30150183e+00	2.48347324e+00	4.25827174e+02	4.34430178e+02
4.23900000e+02	4.30800000e+02	1.01000000e+00	1	4.26534653e+02	4.30800000e+02	1.00000000e+00	1	4.30800000e+02	4.30800000e+02	9.90000000e-01	1	4.35151515e+02	4.30828723e+02	4.30850265e+00	2.48751516e+00	4.26520220e+02	4.35137226e+02
4.24000000e+02	4.31500000e+02	1.01000000e+00	1	4.27227723e+02	4.31500000e+02	1.00000000e+00	1	4.31500000e+02	4.31500000e+02	9.90000000e-01	1	4.35858586e+02	4.31528770e+02	4.31550347e+00	2.49155709e+00	4.27213266e+02	4.35844273e+02
4.24100000e+02	4.32000000e+02	1.01000000e+00	1	4.27722772e+02	4.32000000e+02	1.00000000e+00	1	4.32000000e+02	4.32000000e+02	9.90000000e-01	1	4.36363636e+02	4.32028803e+02	4.32050405e+00	2.49444418e+00	4.27708299e+02	4.36349307e+02
4.24200000e+02	4.32600000e+02	1.01000000e+00	1	4.28316832e+02	4.32600000e+02	1.00000000e+00	1	4.32600000e+02	4.32600000e+02	9.90000000e-01	1	4.36969697e+02	4.32628843e+02	4.32650475e+00	2.49790868e+00	4.28302338e+02	4.36955348e+02
4.24300000e+02	4.33200000e+02	1.01000000e+00	1	4.28910891e+02	4.33200000e+02	1.00000000e+00	1	4.33200000e+02	4.33200000e+02	9.90000000e-01	1	4.37575758e+02	4.33228883e+02	4.33250545e+00	2.50137319e+00	4.28896377e+02	4.37561388e+02
4.24400000e+02	4.33800000e+02	1.01000000e+00	1	4.29504950e+02	4.33800000e+02	1.00000000e+00	1	4.33800000e+02	4.33800000e+02	9.90000000e-01	1	4.38181818e+02	4.33828923e+02	4.33850615e+00	2.50483769e+00	4.29490417e+02	4.38167429e+02
4.24500000e+02	4.34400000e+02	1.01000000e+00	1	4.30099010e+02	4.34400000e+02	1.00000000e+00	1	4.34400000e+02	4.34400000e+02	9.90000000e-01	1	4.38787879e+02	4.34428963e+02	4.34450685e+00	2.50830220e+00	4.30084456e+02	4.38773470e+02
4.24600000e+02	4.35000000e+02	1.01000000e+00	1	4.30693069e+02	4.35000000e+02	1.00000000e+00	1	4.35000000e+02	4.35000000e+02	9.90000000e-01	1	4.39393939e+02	4.35029003e+02	4.35050755e+00	2.51176671e+00	4.30678495e+02	4.39379510e+02
4.24700000e+02	4.35700000e+02	1.01000000e+00	1	4.31386139e+02	4.35700000e+02	1.00000000e+00	1	4.35700000e+02	4.35700000e+02	9.90000000e-01	1	4.40101010e+02	4.35729050e+02	4.35750837e+00	2.51580863e+00	4.31371541e+02	4.40086558e+02
4.24800000e+02	4.36100000e+02	1.01000000e+00	1	4.31782178e+02	4.36100000e+02	1.00000000e+00	1	4.36100000e+02	4.36100000e+02	9.90000000e-01	1	4.40505051e+02	4.36129076e+02	4.36150883e+00	2.51811830e+00	4.31767567e+02	4.40490585e+02
4.24900000e+02	4.36900000e+02	1.01000000e+00	1	4.32574257e+02	4.36900000e+02	1.00000000e+00	1	4.36900000e+02	4.36900000e+02	9.90000000e-01	1	4.41313131e+02	4.36929130e+02	4.36950977e+00	2.52273764e+00	4.32559620e+02	4.41298639e+02
4.25000000e+02	4.37500000e+02	1.01000000e+00	1	4.33168317e+02	4.37500000e+02	1.00000000e+00	1	4.37500000e+02	4.37500000e+02	9.90000000e-01	1	4.41919192e+02	4.37529170e+02	4.37551047e+00	2.52620215e+00	4.33153659e+02	4.41904680e+02
4.25100000e+02	4.38000000e+02	1.01000000e+00	1	4.33663366e+02	4.38000000e+02	1.00000000e+00	1	4.38000000e+02	4.38000000e+02	9.90000000e-01	1	4.42424242e+02	4.38029203e+02	4.38051105e+00	2.52908923e+00	4.33648692e+02	4.42409714e+02
4.25200000e+02	4.38600000e+02	1.01000000e+00	1	4.34257426e+02	4.38600000e+02	1.00000000e+00	1	4.38600000e+02	4.38600000e+02	9.90000000e-01	1	4.43030303e+02	4.38629243e+02	4.38651175e+00	2.53255374e+00	4.34242731e+02	4.43015755e+02
4.25300000e+02	4.39100000e+02	1.01000000e+00	1	4.34752475e+02	4.39100000e+02	1.00000000e+00	1	4.39100000e+02	4.39100000e+02	9.90000000e-01	1	4.43535354e+02	4.39129276e+02	4.39151233e+00	2.53544083e+00	4.34737764e+02	4.43520789e+02
4.25400000e+02	4.39700000e+02	1.01000000e+00	1	4.35346535e+02	4.39700000e+02	1.00000000e+00	1	4.39700000e+02	4.39700000e+02	9.90000000e-01	1	4.44141414e+02	4.39729316e+02	4.39751303e+00	2.53890533e+00	4.35331803e+02	4.44126829e+02
4.25500000e+02	4.40400000e+02	1.01000000e+00	1	4.36039604e+02	4.40400000e+02	1.00000000e+00	1	4.40400000e+02	4.40400000e+02	9.90000000e-01	1	4.44848485e+02	4.40429363e+02	4.40451385e+00	2.54294726e+00	4.36024849e+02	4.44833877e+02
4.25600000e+02	4.40900000e+02	1.01000000e+00	1	4.36534653e+02	4.40900000e+02	1.00000000e+00	1	4.40900000e+02	4.40900000e+02	9.90000000e-01	1	4.45353535e+02	4.40929396e+02	4.40951443e+00	2.54583435e+00	4.36519882e+02	4.45338911e+02
4.25700000e+02	4.41400000e+02	1.01000000e+00	1	4.37029703e+02	4.41400000e+02	1.00000000e+00	1	4.41400000e+02	4.41400000e+02	9.90000000e-01	1	4.45858586e+02	4.41429430e+02	4.41451502e+00	2.54872143e+00	4.37014915e+02	4.45843945e+02
4.25800000e+02	4.42000000e+02	1.01000000e+00	1	4.37623762e+02	4.42000000e+02	1.00000000e+00	1	4.42000000e+02	4.42000000e+02	9.90000000e-01	1	4.46464646e+02	4.42029470e+02	4.42051572e+00	2.55218594e+00	4.37608954e+02	4.46449985e+02
4.25900000e+02	4.42600000e+02	1.01000000e+00	1	4.38217822e+02	4.42600000e+02	1.00000000e+00	1	4.42600000e+02	4.42600000e+02	9.90000000e-01	1	4.47070707e+02	4.42629510e+02	4.42651642e+00	2.55565045e+00	4.38202993e+02	4.47056026e+02
4.26000000e+02	4.43100000e+02	1.01000000e+00	1	4.38712871e+02	4.43100000e+02	1.00000000e+00	1	4.43100000e+02	4.43100000e+02	9.90000000e-01	1	4.47575758e+02	4.43129543e+02	4.43151700e+00	2.55853753e+00	4.38698026e+02	4.47561060e+02
4.26100000e+02	4.43600000e+02	1.01000000e+00	1	4.39207921e+02	4.43600000e+02	1.00000000e+00	1	4.43600000e+02	4.43600000e+02	9.90000000e-01	1	4.48080808e+02	4.43629576e+02	4.43651758e+00	2.56142462e+00	4.39193059e+02	4.48066094e+02
4.26200000e+02	4.44300000e+02	1.01000000e+00	1	4.39900990e+02	4.44300000e+02	1.00000000e+00	1	4.44300000e+02	4.44300000e+02	9.90000000e-01	1	4.48787879e+02	4.44329623e+02	4.44351840e+00	2.56546655e+00	4.39886105e+02	4.48773141e+02
4.26300000e+02	4.44800000e+02	1.01000000e+00	1	4.40396040e+02	4.44800000e+02	1.00000000e+00	1	4.44800000e+02	4.44800000e+02	9.90000000e-01	1	4.49292929e+02	4.44829656e+02	4.44851898e+00	2.56835363e+00	4.40381137e+02	4.49278175e+02
4.26400000e+02	4.45300000e+02	1.01000000e+00	1	4.40891089e+02	4.45300000e+02	1.00000000e+00	1	4.45300000e+02	4.45300000e+02	9.90000000e-01	1	4.49797980e+02	4.45329690e+02	4.45351957e+00	2.57124072e+00	4.40876170e+02	4.49783209e+02
4.26500000e+02	4.45800000e+02	1.01000000e+00	1	4.41386139e+02	4.45800000e+02	1.00000000e+00	1	4.45800000e+02	4.45800000e+02	9.90000000e-01	1	4.50303030e+02	4.45829723e+02	4.45852015e+00	2.57412781e+00	4.41371203e+02	4.50288243e+02
4.26600000e+02	4.46300000e+02	1.01000000e+00	1	4.41881188e+02	4.46300000e+02	1.00000000e+00	1	4.46300000e+02	4.46300000e+02	9.90000000e-01	1	4.50808081e+02	4.46329756e+02	4.46352073e+00	2.57701490e+00	4.41866236e+02	4.50793277e+02
4.26700000e+02	4.47000000e+02	1.01000000e+00	1	4.42574257e+02	4.47000000e+02	1.00000000e+00	1	4.47000000e+02	4.47000000e+02	9.90000000e-01	1	4.51515152e+02	4.47029803e+02	4.47052155e+00	2.58105682e+00	4.42559281e+02	4.51500325e+02
4.26800000e+02	4.47500000e+02	1.01000000e+00	1	4.43069307e+02	4.47500000e+02	1.00000000e+00	1	4.47500000e+02	4.47500000e+02	9.90000000e-01	1	4.52020202e+02	4.47529836e+02	4.47552213e+00	2.58394391e+00	4.43054314e+02	4.52005358e+02
4.26900000e+02	4.48000000e+02	1.01000000e+00	1	4.43564356e+02	4.48000000e+02	1.00000000e+00	1	4.48000000e+02	4.48000000e+02	9.90000000e-01	1	4.52525253e+02	4.48029870e+02	4.48052272e+00	2.58683100e+00	4.43549347e+02	4.52510392e+02
4.27000000e+02	4.48500000e+02	1.01000000e+00	1	4.44059406e+02	4.48500000e+02	1.00000000e+00	1	4.48500000e+02	4.48500000e+02	9.90000000e-01	1	4.53030303e+02	4.48529903e+02	4.48552330e+00	2.58971809e+00	4.44044380e+02	4.53015426e+02
4.27100000e+02	4.49000000e+02	1.01000000e+00	1	4.44554455e+02	4.49000000e+02	1.00000000e+00	1	4.49000000e+02	4.49000000e+02	9.90000000e-01	1	4.53535354e+02	4.49029936e+02	4.49052389e+00	2.59260517e+00	4.44539412e+02	4.53520460e+02
4.27200000e+02	4.49600000e+02	1.01000000e+00	1	4.45148515e+02	4.49600000e+02	1.00000000e+00	1	4.49600000e+02	4.49600000e+02	9.90000000e-01	1	4.54141414e+02	4.49629976e+02	4.49652459e+00	2.59606968e+00	4.45133452e+02	4.54126501e+02
4.27300000e+02	4.50300000e+02	1.01000000e+00	1	4.45841584e+02	4.50300000e+02	1.00000000e+00	1	4.50300000e+02	4.50300000e+02	9.90000000e-01	1	4.54848485e+02	4.50330023e+02	4.50352540e+00	2.60011160e+00	4.45826498e+02	4.54833548e+02
4.27400000e+02	4.50700000e+02	1.01000000e+00	1	4.46237624e+02	4.50700000e+02	1.00000000e+00	1	4.50700000e+02	4.50700000e+02	9.90000000e-01	1	4.55252525e+02	4.50730050e+02	4.50752587e+00	2.60242127e+00	4.46222524e+02	4.55237576e+02
4.27500000e+02	4.51200000e+02	1.01000000e+00	1	4.46732673e+02	4.51200000e+02	1.00000000e+00	1	4.51200000e+02	4.51200000e+02	9.90000000e-01	1	4.55757576e+02	4.51230083e+02	4.51252645e+00	2.60530836e+00	4.46717557e+02	4.55742609e+02
4.27600000e+02	4.51500000e+02	1.01000000e+00	1	4.47029703e+02	4.51500000e+02	1.00000000e+00	1	4.51500000e+02	4.51500000e+02	9.90000000e-01	1	4.56060606e+02	4.51530103e+02	4.51552680e+00	2.60704061e+00	4.47014576e+02	4.56045630e+02
4.27700000e+02	4.52100000e+02	1.01000000e+00	1	4.47623762e+02	4.52100000e+02	1.00000000e+00	1	4.52100000e+02	4.52100000e+02	9.90000000e-01	1	4.56666667e+02	4.52130143e+02	4.52152750e+00	2.61050512e+00	4.47608616e+02	4.56651671e+02
4.27800000e+02	4.52600000e+02	1.01000000e+00	1	4.48118812e+02	4.52600000e+02	1.00000000e+00	1	4.52600000e+02	4.52600000e+02	9.90000000e-01	1	4.57171717e+02	4.52630176e+02	4.52652809e+00	2.61339221e+00	4.48103648e+02	4.57156704e+02
4.27900000e+02	4.53200000e+02	1.01000000e+00	1	4.48712871e+02	4.53200000e+02	1.00000000e+00	1	4.53200000e+02	4.53200000e+02	9.90000000e-01	1	4.57777778e+02	4.53230216e+02	4.53252879e+00	2.61685671e+00	4.48697688e+02	4.57762745e+02
4.28000000e+02	4.53700000e+02	1.01000000e+00	1	4.49207921e+02	4.53700000e+02	1.00000000e+00	1	4.53700000e+02	4.53700000e+02	9.90000000e-01	1	4.58282828e+02	4.53730250e+02	4.53752937e+00	2.61974380e+00	4.49192720e+02	4.58267779e+02
4.28100000e+02	4.54300000e+02	1.01000000e+00	1	4.49801980e+02	4.54300000e+02	1.00000000e+00	1	4.54300000e+02	4.54300000e+02	9.90000000e-01	1	4.58888889e+02	4.54330290e+02	4.54353007e+00	2.62320831e+00	4.49786760e+02	4.58873820e+02
4.28200000e+02	4.54700000e+02	1.01000000e+00	1	4.50198020e+02	4.54700000e+02	1.00000000e+00	1	4.54700000e+02	4.54700000e+02	9.90000000e-01	1	4.59292929e+02	4.54730316e+02	4.54753054e+00	2.62551798e+00	4.50182786e+02	4.59277847e+02
4.28300000e+02	4.55100000e+02	1.01000000e+00	1	4.50594059e+02	4.55100000e+02	1.00000000e+00	1	4.55100000e+02	4.55100000e+02	9.90000000e-01	1	4.59696970e+02	4.55130343e+02	4.55153100e+00	2.62782765e+00	4.50578812e+02	4.59681874e+02
4.28400000e+02	4.55700000e+02	1.01000000e+00	1	4.51188119e+02	4.55700000e+02	1.00000000e+00	1	4.55700000e+02	4.55700000e+02	9.90000000e-01	1	4.60303030e+02	4.55730383e+02	4.55753170e+00	2.63129216e+00	4.51172851e+02	4.60287915e+02
4.28500000e+02	4.56300000e+02	1.01000000e+00	1	4.51782178e+02	4.56300000e+02	1.00000000e+00	1	4.56300000e+02	4.56300000e+02	9.90000000e-01	1	4.60909091e+02	4.56330423e+02	4.56353240e+00	2.63475666e+00	4.51766891e+02	4.60893955e+02
4.28600000e+02	4.56600000e+02	1.01000000e+00	1	4.52079208e+02	4.56600000e+02	1.00000000e+00	1	4.56600000e+02	4.56600000e+02	9.90000000e-01	1	4.61212121e+02	4.56630443e+02	4.56653275e+00	2.63648891e+00	4.52063910e+02	4.61196976e+02
4.28700000e+02	4.57100000e+02	1.01000000e+00	1	4.52574257e+02	4.57100000e+02	1.00000000e+00	1	4.57100000e+02	4.57100000e+02	9.90000000e-01	1	4.61717172e+02	4.57130476e+02	4.57153334e+00	2.63937600e+00	4.52558943e+02	4.61702010e+02
4.28800000e+02	4.57600000e+02	1.01000000e+00	1	4.53069307e+02	4.57600000e+02	1.00000000e+00	1	4.57600000e+02	4.57600000e+02	9.90000000e-01	1	4.62222222e+02	4.57630510e+02	4.57653392e+00	2.64226309e+00	4.53053976e+02	4.62207044e+02
4.28900000e+02	4.58000000e+02	1.01000000e+00	1	4.53465347e+02	4.58000000e+02	1.00000000e+00	1	4.58000000e+02	4.58000000e+02	9.90000000e-01	1	4.62626263e+02	4.58030536e+02	4.58053439e+00	2.64457276e+00	4.53450002e+02	4.62611071e+02
4.29000000e+02	4.58400000e+02	1.01000000e+00	1	4.53861386e+02	4.58400000e+02	1.00000000e+00	1	4.58400000e+02	4.58400000e+02	9.90000000e-01	1	4.63030303e+02	4.58430563e+02	4.58453485e+00	2.64688243e+00	4.53846028e+02	4.63015098e+02
4.29100000e+02	4.58900000e+02	1.01000000e+00	1	4.54356436e+02	4.58900000e+02	1.00000000e+00	1	4.58900000e+02	4.58900000e+02	9.90000000e-01	1	4.63535354e+02	4.58930596e+02	4.58953544e+00	2.64976952e+00	4.54341061e+02	4.63520132e+02
4.29200000e+02	4.59400000e+02	1.01000000e+00	1	4.54851485e+02	4.59400000e+02	1.00000000e+00	1	4.59400000e+02	4.59400000e+02	9.90000000e-01	1	4.64040404e+02	4.59430630e+02	4.59453602e+00	2.65265661e+00	4.54836094e+02	4.64025166e+02
4.29300000e+02	4.59900000e+02	1.01000000e+00	1	4.55346535e+02	4.59900000e+02	1.00000000e+00	1	4.59900000e+02	4.59900000e+02	9.90000000e-01	1	4.64545455e+02	4.59930663e+02	4.59953660e+00	2.65554370e+00	4.55331126e+02	4.64530200e+02
4.29400000e+02	4.60300000e+02	1.01000000e+00	1	4.55742574e+02	4.60300000e+02	1.00000000e+00	1	4.60300000e+02	4.60300000e+02	9.90000000e-01	1	4.64949495e+02	4.60330690e+02	4.60353707e+00	2.65785337e+00	4.55727153e+02	4.64934227e+02
4.29500000e+02	4.60800000e+02	1.01000000e+00	1	4.56237624e+02	4.60800000e+02	1.00000000e+00	1	4.60800000e+02	4.60800000e+02	9.90000000e-01	1	4.65454545e+02	4.60830723e+02	4.60853765e+00	2.66074045e+00	4.56222185e+02	4.65439261e+02
4.29600000e+02	4.61200000e+02	1.01000000e+00	1	4.56633663e+02	4.61200000e+02	1.00000000e+00	1	4.61200000e+02	4.61200000e+02	9.90000000e-01	1	4.65858586e+02	4.61230750e+02	4.61253812e+00	2.66305013e+00	4.56618212e+02	4.65843288e+02
4.29700000e+02	4.61600000e+02	1.01000000e+00	1	4.57029703e+02	4.61600000e+02	1.00000000e+00	1	4.61600000e+02	4.61600000e+02	9.90000000e-01	1	4.66262626e+02	4.61630776e+02	4.61653859e+00	2.66535980e+00	4.57014238e+02	4.66247315e+02
4.29800000e+02	4.62000000e+02	1.01000000e+00	1	4.57425743e+02	4.62000000e+02	1.00000000e+00	1	4.62000000e+02	4.62000000e+02	9.90000000e-01	1	4.66666667e+02	4.62030803e+02	4.62053905e+00	2.66766947e+00	4.57410264e+02	4.66651342e+02
4.29900000e+02	4.62500000e+02	1.01000000e+00	1	4.57920792e+02	4.62500000e+02	1.00000000e+00	1	4.62500000e+02	4.62500000e+02	9.90000000e-01	1	4.67171717e+02	4.62530836e+02	4.62553964e+00	2.67055655e+00	4.57905297e+02	4.67156376e+02
4.30000000e+02	4.63100000e+02	1.01000000e+00	1	4.58514851e+02	4.63100000e+02	1.00000000e+00	1	4.63100000e+02	4.63100000e+02	9.90000000e-01	1	4.67777778e+02	4.63130876e+02	4.63154034e+00	2.67402106e+00	4.58499336e+02	4.67762417e+02
4.30100000e+02	4.63500000e+02	1.01000000e+00	1	4.58910891e+02	4.63500000e+02	1.00000000e+00	1	4.63500000e+02	4.63500000e+02	9.90000000e-01	1	4.68181818e+02	4.63530903e+02	4.63554080e+00	2.67633073e+00	4.58895362e+02	4.68166444e+02
4.30200000e+02	4.63900000e+02	1.01000000e+00	1	4.59306931e+02	4.63900000e+02	1.00000000e+00	1	4.63900000e+02	4.63900000e+02	9.90000000e-01	1	4.68585859e+02	4.63930930e+02	4.63954127e+00	2.67864040e+00	4.59291388e+02	4.68570471e+02
4.30300000e+02	4.64500000e+02	1.01000000e+00	1	4.59900990e+02	4.64500000e+02	1.00000000e+00	1	4.64500000e+02	4.64500000e+02	9.90000000e-01	1	4.69191919e+02	4.64530970e+02	4.64554197e+00	2.68210491e+00	4.59885428e+02	4.69176512e+02
4.30400000e+02	4.65200000e+02	1.01000000e+00	1	4.60594059e+02	4.65200000e+02	1.00000000e+00	1	4.65200000e+02	4.65200000e+02	9.90000000e-01	1	4.69898990e+02	4.65231016e+02	4.65254279e+00	2.68614683e+00	4.60578474e+02	4.69883559e+02
4.30500000e+02	4.65300000e+02	1.01000000e+00	1	4.60693069e+02	4.65300000e+02	1.00000000e+00	1	4.65300000e+02	4.65300000e+02	9.90000000e-01	1	4.70000000e+02	4.65331023e+02	4.65354290e+00	2.68672425e+00	4.60677480e+02	4.69984566e+02
4.30600000e+02	4.65600000e+02	1.01000000e+00	1	4.60990099e+02	4.65600000e+02	1.00000000e+00	1	4.65600000e+02	4.65600000e+02	9.90000000e-01	1	4.70303030e+02	4.65631043e+02	4.65654325e+00	2.68845650e+00	4.60974500e+02	4.70287586e+02
4.30700000e+02	4.65800000e+02	1.01000000e+00	1	4.61188119e+02	4.65800000e+02	1.00000000e+00	1	4.65800000e+02	4.65800000e+02	9.90000000e-01	1	4.70505051e+02	4.65831056e+02	4.65854349e+00	2.68961134e+00	4.61172513e+02	4.70489600e+02
4.30800000e+02	4.66300000e+02	1.01000000e+00	1	4.61683168e+02	4.66300000e+02	1.00000000e+00	1	4.66300000e+02	4.66300000e+02	9.90000000e-01	1	4.71010101e+02	4.66331090e+02	4.66354407e+00	2.69249842e+00	4.61667546e+02	4.70994634e+02
4.30900000e+02	4.66700000e+02	1.01000000e+00	1	4.62079208e+02	4.66700000e+02	1.00000000e+00	1	4.66700000e+02	4.66700000e+02	9.90000000e-01	1	4.71414141e+02	4.66731116e+02	4.66754454e+00	2.69480809e+00	4.62063572e+02	4.71398661e+02
4.31000000e+02	4.67300000e+02	1.01000000e+00	1	4.62673267e+02	4.67300000e+02	1.00000000e+00	1	4.67300000e+02	4.67300000e+02	9.90000000e-01	1	4.72020202e+02	4.67331156e+02	4.67354524e+00	2.69827260e+00	4.62657611e+02	4.72004702e+02
4.31100000e+02	4.67700000e+02	1.01000000e+00	1	4.63069307e+02	4.67700000e+02	1.00000000e+00	1	4.67700000e+02	4.67700000e+02	9.90000000e-01	1	4.72424242e+02	4.67731183e+02	4.67754570e+00	2.70058227e+00	4.63053637e+02	4.72408729e+02
4.31200000e+02	4.68200000e+02	1.01000000e+00	1	4.63564356e+02	4.68200000e+02	1.00000000e+00	1	4.68200000e+02	4.68200000e+02	9.90000000e-01	1	4.72929293e+02	4.68231216e+02	4.68254629e+00	2.70346936e+00	4.63548670e+02	4.72913763e+02
4.31300000e+02	4.68600000e+02	1.01000000e+00	1	4.63960396e+02	4.68600000e+02	1.00000000e+00	1	4.68600000e+02	4.68600000e+02	9.90000000e-01	1	4.73333333e+02	4.68631243e+02	4.68654675e+00	2.70577903e+00	4.63944696e+02	4.73317790e+02
4.31400000e+02	4.69000000e+02	1.01000000e+00	1	4.64356436e+02	4.69000000e+02	1.00000000e+00	1	4.69000000e+02	4.69000000e+02	9.90000000e-01	1	4.73737374e+02	4.69031270e+02	4.69054722e+00	2.70808870e+00	4.64340723e+02	4.73721817e+02
4.31500000e+02	4.69200000e+02	1.01000000e+00	1	4.64554455e+02	4.69200000e+02	1.00000000e+00	1	4.69200000e+02	4.69200000e+02	9.90000000e-01	1	4.73939394e+02	4.69231283e+02	4.69254745e+00	2.70924354e+00	4.64538736e+02	4.73923831e+02
4.31600000e+02	4.69700000e+02	1.01000000e+00	1	4.65049505e+02	4.69700000e+02	1.00000000e+00	1	4.69700000e+02	4.69700000e+02	9.90000000e-01	1	4.74444444e+02	4.69731316e+02	4.69754804e+00	2.71213062e+00	4.65033768e+02	4.74428865e+02
4.31700000e+02	4.69900000e+02	1.01000000e+00	1	4.65247525e+02	4.69900000e+02	1.00000000e+00	1	4.69900000e+02	4.69900000e+02	9.90000000e-01	1	4.74646465e+02	4.69931330e+02	4.69954827e+00	2.71328546e+00	4.65231782e+02	4.74630878e+02
4.31800000e+02	4.70300000e+02	1.01000000e+00	1	4.65643564e+02	4.70300000e+02	1.00000000e+00	1	4.70300000e+02	4.70300000e+02	9.90000000e-01	1	4.75050505e+02	4.70331356e+02	4.70354874e+00	2.71559513e+00	4.65627808e+02	4.75034905e+02
4.31900000e+02	4.70700000e+02	1.01000000e+00	1	4.66039604e+02	4.70700000e+02	1.00000000e+00	1	4.70700000e+02	4.70700000e+02	9.90000000e-01	1	4.75454545e+02	4.70731383e+02	4.70754920e+00	2.71790480e+00	4.66023834e+02	4.75438932e+02
4.32000000e+02	4.71300000e+02	1.01000000e+00	1	4.66633663e+02	4.71300000e+02	1.00000000e+00	1	4.71300000e+02	4.71300000e+02	9.90000000e-01	1	4.76060606e+02	4.71331423e+02	4.71354990e+00	2.72136931e+00	4.66617873e+02	4.76044973e+02
4.32100000e+02	4.71500000e+02	1.01000000e+00	1	4.66831683e+02	4.71500000e+02	1.00000000e+00	1	4.71500000e+02	4.71500000e+02	9.90000000e-01	1	4.76262626e+02	4.71531436e+02	4.71555014e+00	2.72252414e+00	4.66815886e+02	4.76246987e+02
4.32200000e+02	4.71800000e+02	1.01000000e+00	1	4.67128713e+02	4.71800000e+02	1.00000000e+00	1	4.71800000e+02	4.71800000e+02	9.90000000e-01	1	4.76565657e+02	4.71831456e+02	4.71855049e+00	2.72425639e+00	4.67112906e+02	4.76550007e+02
4.32300000e+02	4.72200000e+02	1.01000000e+00	1	4.67524752e+02	4.72200000e+02	1.00000000e+00	1	4.72200000e+02	4.72200000e+02	9.90000000e-01	1	4.76969697e+02	4.72231483e+02	4.72255095e+00	2.72656606e+00	4.67508932e+02	4.76954034e+02
4.32400000e+02	4.72600000e+02	1.01000000e+00	1	4.67920792e+02	4.72600000e+02	1.00000000e+00	1	4.72600000e+02	4.72600000e+02	9.90000000e-01	1	4.77373737e+02	4.72631510e+02	4.72655142e+00	2.72887574e+00	4.67904958e+02	4.77358061e+02
4.32500000e+02	4.73100000e+02	1.01000000e+00	1	4.68415842e+02	4.73100000e+02	1.00000000e+00	1	4.73100000e+02	4.73100000e+02	9.90000000e-01	1	4.77878788e+02	4.73131543e+02	4.73155200e+00	2.73176282e+00	4.68399991e+02	4.77863095e+02
4.32600000e+02	4.73300000e+02	1.01000000e+00	1	4.68613861e+02	4.73300000e+02	1.00000000e+00	1	4.73300000e+02	4.73300000e+02	9.90000000e-01	1	4.78080808e+02	4.73331556e+02	4.73355224e+00	2.73291766e+00	4.68598004e+02	4.78065109e+02
4.32700000e+02	4.73500000e+02	1.01000000e+00	1	4.68811881e+02	4.73500000e+02	1.00000000e+00	1	4.73500000e+02	4.73500000e+02	9.90000000e-01	1	4.78282828e+02	4.73531570e+02	4.73555247e+00	2.73407249e+00	4.68796017e+02	4.78267122e+02
4.32800000e+02	4.74000000e+02	1.01000000e+00	1	4.69306931e+02	4.74000000e+02	1.00000000e+00	1	4.74000000e+02	4.74000000e+02	9.90000000e-01	1	4.78787879e+02	4.74031603e+02	4.74055305e+00	2.73695958e+00	4.69291050e+02	4.78772156e+02
4.32900000e+02	4.74200000e+02	1.01000000e+00	1	4.69504950e+02	4.74200000e+02	1.00000000e+00	1	4.74200000e+02	4.74200000e+02	9.90000000e-01	1	4.78989899e+02	4.74231616e+02	4.74255329e+00	2.73811442e+00	4.69489063e+02	4.78974170e+02
4.33000000e+02	4.74600000e+02	1.01000000e+00	1	4.69900990e+02	4.74600000e+02	1.00000000e+00	1	4.74600000e+02	4.74600000e+02	9.90000000e-01	1	4.79393939e+02	4.74631643e+02	4.74655375e+00	2.74042409e+00	4.69885089e+02	4.79378197e+02
4.33100000e+02	4.74900000e+02	1.01000000e+00	1	4.70198020e+02	4.74900000e+02	1.00000000e+00	1	4.74900000e+02	4.74900000e+02	9.90000000e-01	1	4.79696970e+02	4.74931663e+02	4.74955410e+00	2.74215634e+00	4.70182109e+02	4.79681217e+02
4.33200000e+02	4.75300000e+02	1.01000000e+00	1	4.70594059e+02	4.75300000e+02	1.00000000e+00	1	4.75300000e+02	4.75300000e+02	9.90000000e-01	1	4.80101010e+02	4.75331690e+02	4.75355457e+00	2.74446601e+00	4.70578135e+02	4.80085244e+02
4.33300000e+02	4.75600000e+02	1.01000000e+00	1	4.70891089e+02	4.75600000e+02	1.00000000e+00	1	4.75600000e+02	4.75600000e+02	9.90000000e-01	1	4.80404040e+02	4.75631710e+02	4.75655492e+00	2.74619826e+00	4.70875155e+02	4.80388265e+02
4.33400000e+02	4.75800000e+02	1.01000000e+00	1	4.71089109e+02	4.75800000e+02	1.00000000e+00	1	4.75800000e+02	4.75800000e+02	9.90000000e-01	1	4.80606061e+02	4.75831723e+02	4.75855515e+00	2.74735310e+00	4.71073168e+02	4.80590278e+02
4.33500000e+02	4.76200000e+02	1.01000000e+00	1	4.71485149e+02	4.76200000e+02	1.00000000e+00	1	4.76200000e+02	4.76200000e+02	9.90000000e-01	1	4.81010101e+02	4.76231750e+02	4.76255562e+00	2.74966277e+00	4.71469194e+02	4.80994305e+02
4.33600000e+02	4.76500000e+02	1.01000000e+00	1	4.71782178e+02	4.76500000e+02	1.00000000e+00	1	4.76500000e+02	4.76500000e+02	9.90000000e-01	1	4.81313131e+02	4.76531770e+02	4.76555597e+00	2.75139502e+00	4.71766214e+02	4.81297326e+02
4.33700000e+02	4.76800000e+02	1.01000000e+00	1	4.72079208e+02	4.76800000e+02	1.00000000e+00	1	4.76800000e+02	4.76800000e+02	9.90000000e-01	1	4.81616162e+02	4.76831790e+02	4.76855632e+00	2.75312728e+00	4.72063234e+02	4.81600346e+02
4.33800000e+02	4.77100000e+02	1.01000000e+00	1	4.72376238e+02	4.77100000e+02	1.00000000e+00	1	4.77100000e+02	4.77100000e+02	9.90000000e-01	1	4.81919192e+02	4.77131810e+02	4.77155667e+00	2.75485953e+00	4.72360253e+02	4.81903367e+02
4.33900000e+02	4.77500000e+02	1.01000000e+00	1	4.72772277e+02	4.77500000e+02	1.00000000e+00	1	4.77500000e+02	4.77500000e+02	9.90000000e-01	1	4.82323232e+02	4.77531837e+02	4.77555714e+00	2.75716920e+00	4.72756279e+02	4.82307394e+02
4.34000000e+02	4.77900000e+02	1.01000000e+00	1	4.73168317e+02	4.77900000e+02	1.00000000e+00	1	4.77900000e+02	4.77900000e+02	9.90000000e-01	1	4.82727273e+02	4.77931863e+02	4.77955761e+00	2.75947887e+00	4.73152306e+02	4.82711421e+02
4.34100000e+02	4.78200000e+02	1.01000000e+00	1	4.73465347e+02	4.78200000e+02	1.00000000e+00	1	4.78200000e+02	4.78200000e+02	9.90000000e-01	1	4.83030303e+02	4.78231883e+02	4.78255796e+00	2.76121112e+00	4.73449325e+02	4.83014441e+02
4.34200000e+02	4.78300000e+02	1.01000000e+00	1	4.73564356e+02	4.78300000e+02	1.00000000e+00	1	4.78300000e+02	4.78300000e+02	9.90000000e-01	1	4.83131313e+02	4.78331890e+02	4.78355807e+00	2.76178854e+00	4.73548332e+02	4.83115448e+02
4.34300000e+02	4.78600000e+02	1.01000000e+00	1	4.73861386e+02	4.78600000e+02	1.00000000e+00	1	4.78600000e+02	4.78600000e+02	9.90000000e-01	1	4.83434343e+02	4.78631910e+02	4.78655842e+00	2.76352079e+00	4.73845351e+02	4.83418468e+02
4.34400000e+02	4.79000000e+02	1.01000000e+00	1	4.74257426e+02	4.79000000e+02	1.00000000e+00	1	4.79000000e+02	4.79000000e+02	9.90000000e-01	1	4.83838384e+02	4.79031937e+02	4.79055889e+00	2.76583046e+00	4.74241378e+02	4.83822495e+02
4.34500000e+02	4.79400000e+02	1.01000000e+00	1	4.74653465e+02	4.79400000e+02	1.00000000e+00	1	4.79400000e+02	4.79400000e+02	9.90000000e-01	1	4.84242424e+02	4.79431963e+02	4.79455936e+00	2.76814013e+00	4.74637404e+02	4.84226523e+02
4.34600000e+02	4.79500000e+02	1.01000000e+00	1	4.74752475e+02	4.79500000e+02	1.00000000e+00	1	4.79500000e+02	4.79500000e+02	9.90000000e-01	1	4.84343434e+02	4.79531970e+02	4.79555947e+00	2.76871755e+00	4.74736410e+02	4.84327529e+02
4.34700000e+02	4.79800000e+02	1.01000000e+00	1	4.75049505e+02	4.79800000e+02	1.00000000e+00	1	4.79800000e+02	4.79800000e+02	9.90000000e-01	1	4.84646465e+02	4.79831990e+02	4.79855982e+00	2.77044980e+00	4.75033430e+02	4.84630550e+02
4.34800000e+02	4.80200000e+02	1.01000000e+00	1	4.75445545e+02	4.80200000e+02	1.00000000e+00	1	4.80200000e+02	4.80200000e+02	9.90000000e-01	1	4.85050505e+02	4.80232017e+02	4.80256029e+00	2.77275948e+00	4.75429456e+02	4.85034577e+02
4.34900000e+02	4.80400000e+02	1.01000000e+00	1	4.75643564e+02	4.80400000e+02	1.00000000e+00	1	4.80400000e+02	4.80400000e+02	9.90000000e-01	1	4.85252525e+02	4.80432030e+02	4.80456052e+00	2.77391431e+00	4.75627469e+02	4.85236590e+02
4.35000000e+02	4.80600000e+02	1.01000000e+00	1	4.75841584e+02	4.80600000e+02	1.00000000e+00	1	4.80600000e+02	4.80600000e+02	9.90000000e-01	1	4.85454545e+02	4.80632043e+02	4.80656076e+00	2.77506915e+00	4.75825482e+02	4.85438604e+02
4.35100000e+02	4.80900000e+02	1.01000000e+00	1	4.76138614e+02	4.80900000e+02	1.00000000e+00	1	4.80900000e+02	4.80900000e+02	9.90000000e-01	1	4.85757576e+02	4.80932063e+02	4.80956111e+00	2.77680140e+00	4.76122502e+02	4.85741624e+02
4.35200000e+02	4.81100000e+02	1.01000000e+00	1	4.76336634e+02	4.81100000e+02	1.00000000e+00	1	4.81100000e+02	4.81100000e+02	9.90000000e-01	1	4.85959596e+02	4.81132077e+02	4.81156134e+00	2.77795623e+00	4.76320515e+02	4.85943638e+02
4.35300000e+02	4.81400000e+02	1.01000000e+00	1	4.76633663e+02	4.81400000e+02	1.00000000e+00	1	4.81400000e+02	4.81400000e+02	9.90000000e-01	1	4.86262626e+02	4.81432097e+02	4.81456169e+00	2.77968849e+00	4.76617535e+02	4.86246658e+02
4.35400000e+02	4.81700000e+02	1.01000000e+00	1	4.76930693e+02	4.81700000e+02	1.00000000e+00	1	4.81700000e+02	4.81700000e+02	9.90000000e-01	1	4.86565657e+02	4.81732117e+02	4.81756204e+00	2.78142074e+00	4.76914555e+02	4.86549679e+02
4.35500000e+02	4.82200000e+02	1.01000000e+00	1	4.77425743e+02	4.82200000e+02	1.00000000e+00	1	4.82200000e+02	4.82200000e+02	9.90000000e-01	1	4.87070707e+02	4.82232150e+02	4.82256262e+00	2.78430783e+00	4.77409587e+02	4.87054713e+02
4.35600000e+02	4.82500000e+02	1.01000000e+00	1	4.77722772e+02	4.82500000e+02	1.00000000e+00	1	4.82500000e+02	4.82500000e+02	9.90000000e-01	1	4.87373737e+02	4.82532170e+02	4.82556297e+00	2.78604008e+00	4.77706607e+02	4.87357733e+02
4.35700000e+02	4.82600000e+02	1.01000000e+00	1	4.77821782e+02	4.82600000e+02	1.00000000e+00	1	4.82600000e+02	4.82600000e+02	9.90000000e-01	1	4.87474747e+02	4.82632177e+02	4.82656309e+00	2.78661750e+00	4.77805613e+02	4.87458740e+02
4.35800000e+02	4.82800000e+02	1.01000000e+00	1	4.78019802e+02	4.82800000e+02	1.00000000e+00	1	4.82800000e+02	4.82800000e+02	9.90000000e-01	1	4.87676768e+02	4.82832190e+02	4.82856332e+00	2.78777233e+00	4.78003627e+02	4.87660753e+02
4.35900000e+02	4.83200000e+02	1.01000000e+00	1	4.78415842e+02	4.83200000e+02	1.00000000e+00	1	4.83200000e+02	4.83200000e+02	9.90000000e-01	1	4.88080808e+02	4.83232217e+02	4.83256379e+00	2.79008200e+00	4.78399653e+02	4.88064780e+02
4.36000000e+02	4.83600000e+02	1.01000000e+00	1	4.78811881e+02	4.83600000e+02	1.00000000e+00	1	4.83600000e+02	4.83600000e+02	9.90000000e-01	1	4.88484848e+02	4.83632243e+02	4.83656426e+00	2.79239168e+00	4.78795679e+02	4.88468807e+02
4.36100000e+02	4.83600000e+02	1.01000000e+00	1	4.78811881e+02	4.83600000e+02	1.00000000e+00	1	4.83600000e+02	4.83600000e+02	9.90000000e-01	1	4.88484848e+02	4.83632243e+02	4.83656426e+00	2.79239168e+00	4.78795679e+02	4.88468807e+02
4.36200000e+02	4.83800000e+02	1.01000000e+00	1	4.79009901e+02	4.83800000e+02	1.00000000e+00	1	4.83800000e+02	4.83800000e+02	9.90000000e-01	1	4.88686869e+02	4.83832257e+02	4.83856449e+00	2.79354651e+00	4.78993692e+02	4.88670821e+02
4.36300000e+02	4.83900000e+02	1.01000000e+00	1	4.79108911e+02	4.83900000e+02	1.00000000e+00	1	4.83900000e+02	4.83900000e+02	9.90000000e-01	1	4.88787879e+02	4.83932263e+02	4.83956461e+00	2.79412393e+00	4.79092699e+02	4.88771828e+02
4.36400000e+02	4.84100000e+02	1.01000000e+00	1	4.79306931e+02	4.84100000e+02	1.00000000e+00	1	4.84100000e+02	4.84100000e+02	9.90000000e-01	1	4.88989899e+02	4.84132277e+02	4.84156484e+00	2.79527876e+00	4.79290712e+02	4.88973841e+02
4.36500000e+02	4.84300000e+02	1.01000000e+00	1	4.79504950e+02	4.84300000e+02	1.00000000e+00	1	4.84300000e+02	4.84300000e+02	9.90000000e-01	1	4.89191919e+02	4.84332290e+02	4.84356507e+00	2.79643360e+00	4.79488725e+02	4.89175855e+02
4.36600000e+02	4.84600000e+02	1.01000000e+00	1	4.79801980e+02	4.84600000e+02	1.00000000e+00	1	4.84600000e+02	4.84600000e+02	9.90000000e-01	1	4.89494949e+02	4.84632310e+02	4.84656542e+00	2.79816585e+00	4.79785744e+02	4.89478875e+02
4.36700000e+02	4.84600000e+02	1.01000000e+00	1	4.79801980e+02	4.84600000e+02	1.00000000e+00	1	4.84600000e+02	4.84600000e+02	9.90000000e-01	1	4.89494949e+02	4.84632310e+02	4.84656542e+00	2.79816585e+00	4.79785744e+02	4.89478875e+02
4.36800000e+02	4.84900000e+02	1.01000000e+00	1	4.80099010e+02	4.84900000e+02	1.00000000e+00	1	4.84900000e+02	4.84900000e+02	9.90000000e-01	1	4.89797980e+02	4.84932330e+02	4.84956577e+00	2.79989810e+00	4.80082764e+02	4.89781896e+02
4.36900000e+02	4.85100000e+02	1.01000000e+00	1	4.80297030e+02	4.85100000e+02	1.00000000e+00	1	4.85100000e+02	4.85100000e+02	9.90000000e-01	1	4.90000000e+02	4.85132343e+02	4.85156601e+00	2.80105294e+00	4.80280777e+02	4.89983909e+02
4.37000000e+02	4.85200000e+02	1.01000000e+00	1	4.80396040e+02	4.85200000e+02	1.00000000e+00	1	4.85200000e+02	4.85200000e+02	9.90000000e-01	1	4.90101010e+02	4.85232350e+02	4.85256612e+00	2.80163036e+00	4.80379784e+02	4.90084916e+02
4.37100000e+02	4.85600000e+02	1.01000000e+00	1	4.80792079e+02	4.85600000e+02	1.00000000e+00	1	4.85600000e+02	4.85600000e+02	9.90000000e-01	1	4.90505051e+02	4.85632377e+02	4.85656659e+00	2.80394003e+00	4.80775810e+02	4.90488943e+02
4.37200000e+02	4.85700000e+02	1.01000000e+00	1	4.80891089e+02	4.85700000e+02	1.00000000e+00	1	4.85700000e+02	4.85700000e+02	9.90000000e-01	1	4.90606061e+02	4.85732383e+02	4.85756671e+00	2.80451745e+00	4.80874817e+02	4.90589950e+02
4.37300000e+02	4.85900000e+02	1.01000000e+00	1	4.81089109e+02	4.85900000e+02	1.00000000e+00	1	4.85900000e+02	4.85900000e+02	9.90000000e-01	1	4.90808081e+02	4.85932397e+02	4.85956694e+00	2.80567228e+00	4.81072830e+02	4.90791964e+02
4.37400000e+02	4.86100000e+02	1.01000000e+00	1	4.81287129e+02	4.86100000e+02	1.00000000e+00	1	4.86100000e+02	4.86100000e+02	9.90000000e-01	1	4.91010101e+02	4.86132410e+02	4.86156717e+00	2.80682712e+00	4.81270843e+02	4.90993977e+02
4.37500000e+02	4.86200000e+02	1.01000000e+00	1	4.81386139e+02	4.86200000e+02	1.00000000e+00	1	4.86200000e+02	4.86200000e+02	9.90000000e-01	1	4.91111111e+02	4.86232417e+02	4.86256729e+00	2.80740453e+00	4.81369849e+02	4.91094984e+02
4.37600000e+02	4.86500000e+02	1.01000000e+00	1	4.81683168e+02	4.86500000e+02	1.00000000e+00	1	4.86500000e+02	4.86500000e+02	9.90000000e-01	1	4.91414141e+02	4.86532437e+02	4.86556764e+00	2.80913679e+00	4.81666869e+02	4.91398004e+02
4.37700000e+02	4.86500000e+02	1.01000000e+00	1	4.81683168e+02	4.86500000e+02	1.00000000e+00	1	4.86500000e+02	4.86500000e+02	9.90000000e-01	1	4.91414141e+02	4.86532437e+02	4.86556764e+00	2.80913679e+00	4.81666869e+02	4.91398004e+02
4.37800000e+02	4.87000000e+02	1.01000000e+00	1	4.82178218e+02	4.87000000e+02	1.00000000e+00	1	4.87000000e+02	4.87000000e+02	9.90000000e-01	1	4.91919192e+02	4.87032470e+02	4.87056822e+00	2.81202387e+00	4.82161902e+02	4.91903038e+02
4.37900000e+02	4.87000000e+02	1.01000000e+00	1	4.82178218e+02	4.87000000e+02	1.00000000e+00	1	4.87000000e+02	4.87000000e+02	9.90000000e-01	1	4.91919192e+02	4.87032470e+02	4.87056822e+00	2.81202387e+00	4.82161902e+02	4.91903038e+02
4.38000000e+02	4.87200000e+02	1.01000000e+00	1	4.82376238e+02	4.87200000e+02	1.00000000e+00	1	4.87200000e+02	4.87200000e+02	9.90000000e-01	1	4.92121212e+02	4.87232483e+02	4.87256846e+00	2.81317871e+00	4.82359915e+02	4.92105052e+02
4.38100000e+02	4.87300000e+02	1.01000000e+00	1	4.82475248e+02	4.87300000e+02	1.00000000e+00	1	4.87300000e+02	4.87300000e+02	9.90000000e-01	1	4.92222222e+02	4.87332490e+02	4.87356857e+00	2.81375613e+00	4.82458921e+02	4.92206058e+02
4.38200000e+02	4.87600000e+02	1.01000000e+00	1	4.82772277e+02	4.87600000e+02	1.00000000e+00	1	4.87600000e+02	4.87600000e+02	9.90000000e-01	1	4.92525253e+02	4.87632510e+02	4.87656892e+00	2.81548838e+00	4.82755941e+02	4.92509079e+02
4.38300000e+02	4.87600000e+02	1.01000000e+00	1	4.82772277e+02	4.87600000e+02	1.00000000e+00	1	4.87600000e+02	4.87600000e+02	9.90000000e-01	1	4.92525253e+02	4.87632510e+02	4.87656892e+00	2.81548838e+00	4.82755941e+02	4.92509079e+02
4.38400000e+02	4.87700000e+02	1.01000000e+00	1	4.82871287e+02	4.87700000e+02	1.00000000e+00	1	4.87700000e+02	4.87700000e+02	9.90000000e-01	1	4.92626263e+02	4.87732517e+02	4.87756904e+00	2.81606580e+00	4.82854948e+02	4.92610086e+02
4.38500000e+02	4.87900000e+02	1.01000000e+00	1	4.83069307e+02	4.87900000e+02	1.00000000e+00	1	4.87900000e+02	4.87900000e+02	9.90000000e-01	1	4.92828283e+02	4.87932530e+02	4.87956927e+00	2.81722063e+00	4.83052961e+02	4.92812099e+02
4.38600000e+02	4.88000000e+02	1.01000000e+00	1	4.83168317e+02	4.88000000e+02	1.00000000e+00	1	4.88000000e+02	4.88000000e+02	9.90000000e-01	1	4.92929293e+02	4.88032537e+02	4.88056939e+00	2.81779805e+00	4.83151967e+02	4.92913106e+02
4.38700000e+02	4.88000000e+02	1.01000000e+00	1	4.83168317e+02	4.88000000e+02	1.00000000e+00	1	4.88000000e+02	4.88000000e+02	9.90000000e-01	1	4.92929293e+02	4.88032537e+02	4.88056939e+00	2.81779805e+00	4.83151967e+02	4.92913106e+02
4.38800000e+02	4.88300000e+02	1.01000000e+00	1	4.83465347e+02	4.88300000e+02	1.00000000e+00	1	4.88300000e+02	4.88300000e+02	9.90000000e-01	1	4.93232323e+02	4.88332557e+02	4.88356974e+00	2.81953030e+00	4.83448987e+02	4.93216126e+02
4.38900000e+02	4.88500000e+02	1.01000000e+00	1	4.83663366e+02	4.88500000e+02	1.00000000e+00	1	4.88500000e+02	4.88500000e+02	9.90000000e-01	1	4.93434343e+02	4.88532570e+02	4.88556997e+00	2.82068514e+00	4.83647000e+02	4.93418140e+02
4.39000000e+02	4.88500000e+02	1.01000000e+00	1	4.83663366e+02	4.88500000e+02	1.00000000e+00	1	4.88500000e+02	4.88500000e+02	9.90000000e-01	1	4.93434343e+02	4.88532570e+02	4.88556997e+00	2.82068514e+00	4.83647000e+02	4.93418140e+02
4.39100000e+02	4.88500000e+02	1.01000000e+00	1	4.83663366e+02	4.88500000e+02	1.00000000e+00	1	4.88500000e+02	4.88500000e+02	9.90000000e-01	1	4.93434343e+02	4.88532570e+02	4.88556997e+00	2.82068514e+00	4.83647000e+02	4.93418140e+02
4.39200000e+02	4.88800000e+02	1.01000000e+00	1	4.83960396e+02	4.88800000e+02	1.00000000e+00	1	4.88800000e+02	4.88800000e+02	9.90000000e-01	1	4.93737374e+02	4.88832590e+02	4.88857032e+00	2.82241739e+00	4.83944020e+02	4.93721160e+02
4.39300000e+02	4.89000000e+02	1.01000000e+00	1	4.84158416e+02	4.89000000e+02	1.00000000e+00	1	4.89000000e+02	4.89000000e+02	9.90000000e-01	1	4.93939394e+02	4.89032603e+02	4.89057056e+00	2.82357223e+00	4.84142033e+02	4.93923174e+02
4.39400000e+02	4.89300000e+02	1.01000000e+00	1	4.84455446e+02	4.89300000e+02	1.00000000e+00	1	4.89300000e+02	4.89300000e+02	9.90000000e-01	1	4.94242424e+02	4.89332623e+02	4.89357091e+00	2.82530448e+00	4.84439052e+02	4.94226194e+02
4.39500000e+02	4.89300000e+02	1.01000000e+00	1	4.84455446e+02	4.89300000e+02	1.00000000e+00	1	4.89300000e+02	4.89300000e+02	9.90000000e-01	1	4.94242424e+02	4.89332623e+02	4.89357091e+00	2.82530448e+00	4.84439052e+02	4.94226194e+02
4.39600000e+02	4.89300000e+02	1.01000000e+00	1	4.84455446e+02	4.89300000e+02	1.00000000e+00	1	4.89300000e+02	4.89300000e+02	9.90000000e-01	1	4.94242424e+02	4.89332623e+02	4.89357091e+00	2.82530448e+00	4.84439052e+02	4.94226194e+02
4.39700000e+02	4.89300000e+02	1.01000000e+00	1	4.84455446e+02	4.89300000e+02	1.00000000e+00	1	4.89300000e+02	4.89300000e+02	9.90000000e-01	1	4.94242424e+02	4.89332623e+02	4.89357091e+00	2.82530448e+00	4.84439052e+02	4.94226194e+02
4.39800000e+02	4.89400000e+02	1.01000000e+00	1	4.84554455e+02	4.89400000e+02	1.00000000e+00	1	4.89400000e+02	4.89400000e+02	9.90000000e-01	1	4.94343434e+02	4.89432630e+02	4.89457102e+00	2.82588190e+00	4.84538059e+02	4.94327201e+02
4.39900000e+02	4.89600000e+02	1.01000000e+00	1	4.84752475e+02	4.89600000e+02	1.00000000e+00	1	4.89600000e+02	4.89600000e+02	9.90000000e-01	1	4.94545455e+02	4.89632643e+02	4.89657126e+00	2.82703673e+00	4.84736072e+02	4.94529215e+02
4.40000000e+02	4.90000000e+02	1.01000000e+00	1	4.85148515e+02	4.90000000e+02	1.00000000e+00	1	4.90000000e+02	4.90000000e+02	9.90000000e-01	1	4.94949495e+02	4.90032670e+02	4.90057172e+00	2.82934640e+00	4.85132098e+02	4.94933242e+02
4.40100000e+02	4.89700000e+02	1.01000000e+00	1	4.84851485e+02	4.89700000e+02	1.00000000e+00	1	4.89700000e+02	4.89700000e+02	9.90000000e-01	1	4.94646465e+02	4.89732650e+02	4.89757137e+00	2.82761415e+00	4.84835079e+02	4.94630221e+02
4.40200000e+02	4.89800000e+02	1.01000000e+00	1	4.84950495e+02	4.89800000e+02	1.00000000e+00	1	4.89800000e+02	4.89800000e+02	9.90000000e-01	1	4.94747475e+02	4.89832657e+02	4.89857149e+00	2.82819157e+00	4.84934085e+02	4.94731228e+02
4.40300000e+02	4.89900000e+02	1.01000000e+00	1	4.85049505e+02	4.89900000e+02	1.00000000e+00	1	4.89900000e+02	4.89900000e+02	9.90000000e-01	1	4.94848485e+02	4.89932663e+02	4.89957161e+00	2.82876899e+00	4.85033092e+02	4.94832235e+02
4.40400000e+02	4.89900000e+02	1.01000000e+00	1	4.85049505e+02	4.89900000e+02	1.00000000e+00	1	4.89900000e+02	4.89900000e+02	9.90000000e-01	1	4.94848485e+02	4.89932663e+02	4.89957161e+00	2.82876899e+00	4.85033092e+02	4.94832235e+02
4.40500000e+02	4.90100000e+02	1.01000000e+00	1	4.85247525e+02	4.90100000e+02	1.00000000e+00	1	4.90100000e+02	4.90100000e+02	9.90000000e-01	1	4.95050505e+02	4.90132677e+02	4.90157184e+00	2.82992382e+00	4.85231105e+02	4.95034248e+02
4.40600000e+02	4.89800000e+02	1.01000000e+00	1	4.84950495e+02	4.89800000e+02	1.00000000e+00	1	4.89800000e+02	4.89800000e+02	9.90000000e-01	1	4.94747475e+02	4.89832657e+02	4.89857149e+00	2.82819157e+00	4.84934085e+02	4.94731228e+02
4.40700000e+02	4.90000000e+02	1.01000000e+00	1	4.85148515e+02	4.90000000e+02	1.00000000e+00	1	4.90000000e+02	4.90000000e+02	9.90000000e-01	1	4.94949495e+02	4.90032670e+02	4.90057172e+00	2.82934640e+00	4.85132098e+02	4.94933242e+02
4.40800000e+02	4.90100000e+02	1.01000000e+00	1	4.85247525e+02	4.90100000e+02	1.00000000e+00	1	4.90100000e+02	4.90100000e+02	9.90000000e-01	1	4.95050505e+02	4.90132677e+02	4.90157184e+00	2.82992382e+00	4.85231105e+02	4.95034248e+02
4.40900000e+02	4.90300000e+02	1.01000000e+00	1	4.85445545e+02	4.90300000e+02	1.00000000e+00	1	4.90300000e+02	4.90300000e+02	9.90000000e-01	1	4.95252525e+02	4.90332690e+02	4.90357207e+00	2.83107866e+00	4.85429118e+02	4.95236262e+02
4.41000000e+02	4.90300000e+02	1.01000000e+00	1	4.85445545e+02	4.90300000e+02	1.00000000e+00	1	4.90300000e+02	4.90300000e+02	9.90000000e-01	1	4.95252525e+02	4.90332690e+02	4.90357207e+00	2.83107866e+00	4.85429118e+02	4.95236262e+02
4.41100000e+02	4.90400000e+02	1.01000000e+00	1	4.85544554e+02	4.90400000e+02	1.00000000e+00	1	4.90400000e+02	4.90400000e+02	9.90000000e-01	1	4.95353535e+02	4.90432697e+02	4.90457219e+00	2.83165607e+00	4.85528124e+02	4.95337269e+02
4.41200000e+02	4.90400000e+02	1.01000000e+00	1	4.85544554e+02	4.90400000e+02	1.00000000e+00	1	4.90400000e+02	4.90400000e+02	9.90000000e-01	1	4.95353535e+02	4.90432697e+02	4.90457219e+00	2.83165607e+00	4.85528124e+02	4.95337269e+02
4.41300000e+02	4.90300000e+02	1.01000000e+00	1	4.85445545e+02	4.90300000e+02	1.00000000e+00	1	4.90300000e+02	4.90300000e+02	9.90000000e-01	1	4.95252525e+02	4.90332690e+02	4.90357207e+00	2.83107866e+00	4.85429118e+02	4.95236262e+02
4.41400000e+02	4.90300000e+02	1.01000000e+00	1	4.85445545e+02	4.90300000e+02	1.00000000e+00	1	4.90300000e+02	4.90300000e+02	9.90000000e-01	1	4.95252525e+02	4.90332690e+02	4.90357207e+00	2.83107866e+00	4.85429118e+02	4.95236262e+02
4.41500000e+02	4.90300000e+02	1.01000000e+00	1	4.85445545e+02	4.90300000e+02	1.00000000e+00	1	4.90300000e+02	4.90300000e+02	9.90000000e-01	1	4.95252525e+02	4.90332690e+02	4.90357207e+00	2.83107866e+00	4.85429118e+02	4.95236262e+02
4.41600000e+02	4.90400000e+02	1.01000000e+00	1	4.85544554e+02	4.90400000e+02	1.00000000e+00	1	4.90400000e+02	4.90400000e+02	9.90000000e-01	1	4.95353535e+02	4.90432697e+02	4.90457219e+00	2.83165607e+00	4.85528124e+02	4.95337269e+02
4.41700000e+02	4.90500000e+02	1.01000000e+00	1	4.85643564e+02	4.90500000e+02	1.00000000e+00	1	4.90500000e+02	4.90500000e+02	9.90000000e-01	1	4.95454545e+02	4.90532703e+02	4.90557231e+00	2.83223349e+00	4.85627131e+02	4.95438276e+02
4.41800000e+02	4.90400000e+02	1.01000000e+00	1	4.85544554e+02	4.90400000e+02	1.00000000e+00	1	4.90400000e+02	4.90400000e+02	9.90000000e-01	1	4.95353535e+02	4.90432697e+02	4.90457219e+00	2.83165607e+00	4.85528124e+02	4.95337269e+02
4.41900000e+02	4.90400000e+02	1.01000000e+00	1	4.85544554e+02	4.90400000e+02	1.00000000e+00	1	4.90400000e+02	4.90400000e+02	9.90000000e-01	1	4.95353535e+02	4.90432697e+02	4.90457219e+00	2.83165607e+00	4.85528124e+02	4.95337269e+02
4.42000000e+02	4.90500000e+02	1.01000000e+00	1	4.85643564e+02	4.90500000e+02	1.00000000e+00	1	4.90500000e+02	4.90500000e+02	9.90000000e-01	1	4.95454545e+02	4.90532703e+02	4.90557231e+00	2.83223349e+00	4.85627131e+02	4.95438276e+02
4.42100000e+02	4.90600000e+02	1.01000000e+00	1	4.85742574e+02	4.90600000e+02	1.00000000e+00	1	4.90600000e+02	4.90600000e+02	9.90000000e-01	1	4.95555556e+02	4.90632710e+02	4.90657242e+00	2.83281091e+00	4.85726138e+02	4.95539282e+02
4.42200000e+02	4.90800000e+02	1.01000000e+00	1	4.85940594e+02	4.90800000e+02	1.00000000e+00	1	4.90800000e+02	4.90800000e+02	9.90000000e-01	1	4.95757576e+02	4.90832723e+02	4.90857266e+00	2.83396574e+00	4.85924151e+02	4.95741296e+02
4.42300000e+02	4.90700000e+02	1.01000000e+00	1	4.85841584e+02	4.90700000e+02	1.00000000e+00	1	4.90700000e+02	4.90700000e+02	9.90000000e-01	1	4.95656566e+02	4.90732717e+02	4.90757254e+00	2.83338833e+00	4.85825144e+02	4.95640289e+02
4.42400000e+02	4.90700000e+02	1.01000000e+00	1	4.85841584e+02	4.90700000e+02	1.00000000e+00	1	4.90700000e+02	4.90700000e+02	9.90000000e-01	1	4.95656566e+02	4.90732717e+02	4.90757254e+00	2.83338833e+00	4.85825144e+02	4.95640289e+02
4.42500000e+02	4.90600000e+02	1.01000000e+00	1	4.85742574e+02	4.90600000e+02	1.00000000e+00	1	4.90600000e+02	4.90600000e+02	9.90000000e-01	1	4.95555556e+02	4.90632710e+02	4.90657242e+00	2.83281091e+00	4.85726138e+02	4.95539282e+02
4.42600000e+02	4.90500000e+02	1.01000000e+00	1	4.85643564e+02	4.90500000e+02	1.00000000e+00	1	4.90500000e+02	4.90500000e+02	9.90000000e-01	1	4.95454545e+02	4.90532703e+02	4.90557231e+00	2.83223349e+00	4.85627131e+02	4.95438276e+02
4.42700000e+02	4.90400000e+02	1.01000000e+00	1	4.85544554e+02	4.90400000e+02	1.00000000e+00	1	4.90400000e+02	4.90400000e+02	9.90000000e-01	1	4.95353535e+02	4.90432697e+02	4.90457219e+00	2.83165607e+00	4.85528124e+02	4.95337269e+02
4.42800000e+02	4.90400000e+02	1.01000000e+00	1	4.85544554e+02	4.90400000e+02	1.00000000e+00	1	4.90400000e+02	4.90400000e+02	9.90000000e-01	1	4.95353535e+02	4.90432697e+02	4.90457219e+00	2.83165607e+00	4.85528124e+02	4.95337269e+02
4.42900000e+02	4.90500000e+02	1.01000000e+00	1	4.85643564e+02	4.90500000e+02	1.00000000e+00	1	4.90500000e+02	4.90500000e+02	9.90000000e-01	1	4.95454545e+02	4.90532703e+02	4.90557231e+00	2.83223349e+00	4.85627131e+02	4.95438276e+02
4.43000000e+02	4.90500000e+02	1.01000000e+00	1	4.85643564e+02	4.90500000e+02	1.00000000e+00	1	4.90500000e+02	4.90500000e+02	9.90000000e-01	1	4.95454545e+02	4.90532703e+02	4.90557231e+00	2.83223349e+00	4.85627131e+02	4.95438276e+02
4.43100000e+02	4.90700000e+02	1.01000000e+00	1	4.85841584e+02	4.90700000e+02	1.00000000e+00	1	4.90700000e+02	4.90700000e+02	9.90000000e-01	1	4.95656566e+02	4.90732717e+02	4.90757254e+00	2.83338833e+00	4.85825144e+02	4.95640289e+02
4.43200000e+02	4.90500000e+02	1.01000000e+00	1	4.85643564e+02	4.90500000e+02	1.00000000e+00	1	4.90500000e+02	4.90500000e+02	9.90000000e-01	1	4.95454545e+02	4.90532703e+02	4.90557231e+00	2.83223349e+00	4.85627131e+02	4.95438276e+02
4.43300000e+02	4.90700000e+02	1.01000000e+00	1	4.85841584e+02	4.90700000e+02	1.00000000e+00	1	4.90700000e+02	4.90700000e+02	9.90000000e-01	1	4.95656566e+02	4.90732717e+02	4.90757254e+00	2.83338833e+00	4.85825144e+02	4.95640289e+02
4.43400000e+02	4.90400000e+02	1.01000000e+00	1	4.85544554e+02	4.90400000e+02	1.00000000e+00	1	4.90400000e+02	4.90400000e+02	9.90000000e-01	1	4.95353535e+02	4.90432697e+02	4.90457219e+00	2.83165607e+00	4.85528124e+02	4.95337269e+02
4.43500000e+02	4.90400000e+02	1.01000000e+00	1	4.85544554e+02	4.90400000e+02	1.00000000e+00	1	4.90400000e+02	4.90400000e+02	9.90000000e-01	1	4.95353535e+02	4.90432697e+02	4.90457219e+00	2.83165607e+00	4.85528124e+02	4.95337269e+02
4.43600000e+02	4.90300000e+02	1.01000000e+00	1	4.85445545e+02	4.90300000e+02	1.00000000e+00	1	4.90300000e+02	4.90300000e+02	9.90000000e-01	1	4.95252525e+02	4.90332690e+02	4.90357207e+00	2.83107866e+00	4.85429118e+02	4.95236262e+02
4.43700000e+02	4.90200000e+02	1.01000000e+00	1	4.85346535e+02	4.90200000e+02	1.00000000e+00	1	4.90200000e+02	4.90200000e+02	9.90000000e-01	1	4.95151515e+02	4.90232683e+02	4.90257196e+00	2.83050124e+00	4.85330111e+02	4.95135255e+02
4.43800000e+02	4.90100000e+02	1.01000000e+00	1	4.85247525e+02	4.90100000e+02	1.00000000e+00	1	4.90100000e+02	4.90100000e+02	9.90000000e-01	1	4.95050505e+02	4.90132677e+02	4.90157184e+00	2.82992382e+00	4.85231105e+02	4.95034248e+02
4.43900000e+02	4.90000000e+02	1.01000000e+00	1	4.85148515e+02	4.90000000e+02	1.00000000e+00	1	4.90000000e+02	4.90000000e+02	9.90000000e-01	1	4.94949495e+02	4.90032670e+02	4.90057172e+00	2.82934640e+00	4.85132098e+02	4.94933242e+02
4.44000000e+02	4.90000000e+02	1.01000000e+00	1	4.85148515e+02	4.90000000e+02	1.00000000e+00	1	4.90000000e+02	4.90000000e+02	9.90000000e-01	1	4.94949495e+02	4.90032670e+02	4.90057172e+00	2.82934640e+00	4.85132098e+02	4.94933242e+02
4.44100000e+02	4.90100000e+02	1.01000000e+00	1	4.85247525e+02	4.90100000e+02	1.00000000e+00	1	4.90100000e+02	4.90100000e+02	9.90000000e-01	1	4.95050505e+02	4.90132677e+02	4.90157184e+00	2.82992382e+00	4.85231105e+02	4.95034248e+02
4.44200000e+02	4.89900000e+02	1.01000000e+00	1	4.85049505e+02	4.89900000e+02	1.00000000e+00	1	4.89900000e+02	4.89900000e+02	9.90000000e-01	1	4.94848485e+02	4.89932663e+02	4.89957161e+00	2.82876899e+00	4.85033092e+02	4.94832235e+02
4.44300000e+02	4.89700000e+02	1.01000000e+00	1	4.84851485e+02	4.89700000e+02	1.00000000e+00	1	4.89700000e+02	4.89700000e+02	9.90000000e-01	1	4.94646465e+02	4.89732650e+02	4.89757137e+00	2.82761415e+00	4.84835079e+02	4.94630221e+02
4.44400000e+02	4.89800000e+02	1.01000000e+00	1	4.84950495e+02	4.89800000e+02	1.00000000e+00	1	4.89800000e+02	4.89800000e+02	9.90000000e-01	1	4.94747475e+02	4.89832657e+02	4.89857149e+00	2.82819157e+00	4.84934085e+02	4.94731228e+02
4.44500000e+02	4.89800000e+02	1.01000000e+00	1	4.84950495e+02	4.89800000e+02	1.00000000e+00	1	4.89800000e+02	4.89800000e+02	9.90000000e-01	1	4.94747475e+02	4.89832657e+02	4.89857149e+00	2.82819157e+00	4.84934085e+02	4.94731228e+02
4.44600000e+02	4.89700000e+02	1.01000000e+00	1	4.84851485e+02	4.89700000e+02	1.00000000e+00	1	4.89700000e+02	4.89700000e+02	9.90000000e-01	1	4.94646465e+02	4.89732650e+02	4.89757137e+00	2.82761415e+00	4.84835079e+02	4.94630221e+02
4.44700000e+02	4.89600000e+02	1.01000000e+00	1	4.84752475e+02	4.89600000e+02	1.00000000e+00	1	4.89600000e+02	4.89600000e+02	9.90000000e-01	1	4.94545455e+02	4.89632643e+02	4.89657126e+00	2.82703673e+00	4.84736072e+02	4.94529215e+02
4.44800000e+02	4.89500000e+02	1.01000000e+00	1	4.84653465e+02	4.89500000e+02	1.00000000e+00	1	4.89500000e+02	4.89500000e+02	9.90000000e-01	1	4.94444444e+02	4.89532637e+02	4.89557114e+00	2.82645932e+00	4.84637065e+02	4.94428208e+02
4.44900000e+02	4.89300000e+02	1.01000000e+00	1	4.84455446e+02	4.89300000e+02	1.00000000e+00	1	4.89300000e+02	4.89300000e+02	9.90000000e-01	1	4.94242424e+02	4.89332623e+02	4.89357091e+00	2.82530448e+00	4.84439052e+02	4.94226194e+02
4.45000000e+02	4.89300000e+02	1.01000000e+00	1	4.84455446e+02	4.89300000e+02	1.00000000e+00	1	4.89300000e+02	4.89300000e+02	9.90000000e-01	1	4.94242424e+02	4.89332623e+02	4.89357091e+00	2.82530448e+00	4.84439052e+02	4.94226194e+02
4.45100000e+02	4.89300000e+02	1.01000000e+00	1	4.84455446e+02	4.89300000e+02	1.00000000e+00	1	4.89300000e+02	4.89300000e+02	9.90000000e-01	1	4.94242424e+02	4.89332623e+02	4.89357091e+00	2.82530448e+00	4.84439052e+02	4.94226194e+02
4.45200000e+02	4.89100000e+02	1.01000000e+00	1	4.84257426e+02	4.89100000e+02	1.00000000e+00	1	4.89100000e+02	4.89100000e+02	9.90000000e-01	1	4.94040404e+02	4.89132610e+02	4.89157067e+00	2.82414964e+00	4.84241039e+02	4.94024181e+02
4.45300000e+02	4.88900000e+02	1.01000000e+00	1	4.84059406e+02	4.88900000e+02	1.00000000e+00	1	4.88900000e+02	4.88900000e+02	9.90000000e-01	1	4.93838384e+02	4.88932597e+02	4.88957044e+00	2.82299481e+00	4.84043026e+02	4.93822167e+02
4.45400000e+02	4.88800000e+02	1.01000000e+00	1	4.83960396e+02	4.88800000e+02	1.00000000e+00	1	4.88800000e+02	4.88800000e+02	9.90000000e-01	1	4.93737374e+02	4.88832590e+02	4.88857032e+00	2.82241739e+00	4.83944020e+02	4.93721160e+02
4.45500000e+02	4.88700000e+02	1.01000000e+00	1	4.83861386e+02	4.88700000e+02	1.00000000e+00	1	4.88700000e+02	4.88700000e+02	9.90000000e-01	1	4.93636364e+02	4.88732583e+02	4.88757021e+00	2.82183997e+00	4.83845013e+02	4.93620153e+02
4.45600000e+02	4.88600000e+02	1.01000000e+00	1	4.83762376e+02	4.88600000e+02	1.00000000e+00	1	4.88600000e+02	4.88600000e+02	9.90000000e-01	1	4.93535354e+02	4.88632577e+02	4.88657009e+00	2.82126256e+00	4.83746007e+02	4.93519147e+02
4.45700000e+02	4.88500000e+02	1.01000000e+00	1	4.83663366e+02	4.88500000e+02	1.00000000e+00	1	4.88500000e+02	4.88500000e+02	9.90000000e-01	1	4.93434343e+02	4.88532570e+02	4.88556997e+00	2.82068514e+00	4.83647000e+02	4.93418140e+02
4.45800000e+02	4.88400000e+02	1.01000000e+00	1	4.83564356e+02	4.88400000e+02	1.00000000e+00	1	4.88400000e+02	4.88400000e+02	9.90000000e-01	1	4.93333333e+02	4.88432563e+02	4.88456986e+00	2.82010772e+00	4.83547993e+02	4.93317133e+02
4.45900000e+02	4.88100000e+02	1.01000000e+00	1	4.83267327e+02	4.88100000e+02	1.00000000e+00	1	4.88100000e+02	4.88100000e+02	9.90000000e-01	1	4.93030303e+02	4.88132543e+02	4.88156951e+00	2.81837547e+00	4.83250974e+02	4.93014113e+02
4.46000000e+02	4.88100000e+02	1.01000000e+00	1	4.83267327e+02	4.88100000e+02	1.00000000e+00	1	4.88100000e+02	4.88100000e+02	9.90000000e-01	1	4.93030303e+02	4.88132543e+02	4.88156951e+00	2.81837547e+00	4.83250974e+02	4.93014113e+02
4.46100000e+02	4.88100000e+02	1.01000000e+00	1	4.83267327e+02	4.88100000e+02	1.00000000e+00	1	4.88100000e+02	4.88100000e+02	9.90000000e-01	1	4.93030303e+02	4.88132543e+02	4.88156951e+00	2.81837547e+00	4.83250974e+02	4.93014113e+02
4.46200000e+02	4.87900000e+02	1.01000000e+00	1	4.83069307e+02	4.87900000e+02	1.00000000e+00	1	4.87900000e+02	4.87900000e+02	9.90000000e-01	1	4.92828283e+02	4.87932530e+02	4.87956927e+00	2.81722063e+00	4.83052961e+02	4.92812099e+02
4.46300000e+02	4.87800000e+02	1.01000000e+00	1	4.82970297e+02	4.87800000e+02	1.00000000e+00	1	4.87800000e+02	4.87800000e+02	9.90000000e-01	1	4.92727273e+02	4.87832523e+02	4.87856916e+00	2.81664322e+00	4.82953954e+02	4.92711092e+02
4.46400000e+02	4.87700000e+02	1.01000000e+00	1	4.82871287e+02	4.87700000e+02	1.00000000e+00	1	4.87700000e+02	4.87700000e+02	9.90000000e-01	1	4.92626263e+02	4.87732517e+02	4.87756904e+00	2.81606580e+00	4.82854948e+02	4.92610086e+02
4.46500000e+02	4.87500000e+02	1.01000000e+00	1	4.82673267e+02	4.87500000e+02	1.00000000e+00	1	4.87500000e+02	4.87500000e+02	9.90000000e-01	1	4.92424242e+02	4.87532503e+02	4.87556881e+00	2.81491096e+00	4.82656934e+02	4.92408072e+02
4.46600000e+02	4.87300000e+02	1.01000000e+00	1	4.82475248e+02	4.87300000e+02	1.00000000e+00	1	4.87300000e+02	4.87300000e+02	9.90000000e-01	1	4.92222222e+02	4.87332490e+02	4.87356857e+00	2.81375613e+00	4.82458921e+02	4.92206058e+02
4.46700000e+02	4.87200000e+02	1.01000000e+00	1	4.82376238e+02	4.87200000e+02	1.00000000e+00	1	4.87200000e+02	4.87200000e+02	9.90000000e-01	1	4.92121212e+02	4.87232483e+02	4.87256846e+00	2.81317871e+00	4.82359915e+02	4.92105052e+02
4.46800000e+02	4.87000000e+02	1.01000000e+00	1	4.82178218e+02	4.87000000e+02	1.00000000e+00	1	4.87000000e+02	4.87000000e+02	9.90000000e-01	1	4.91919192e+02	4.87032470e+02	4.87056822e+00	2.81202387e+00	4.82161902e+02	4.91903038e+02
4.46900000e+02	4.86800000e+02	1.01000000e+00	1	4.81980198e+02	4.86800000e+02	1.00000000e+00	1	4.86800000e+02	4.86800000e+02	9.90000000e-01	1	4.91717172e+02	4.86832457e+02	4.86856799e+00	2.81086904e+00	4.81963889e+02	4.91701025e+02
4.47000000e+02	4.86600000e+02	1.01000000e+00	1	4.81782178e+02	4.86600000e+02	1.00000000e+00	1	4.86600000e+02	4.86600000e+02	9.90000000e-01	1	4.91515152e+02	4.86632443e+02	4.86656776e+00	2.80971420e+00	4.81765875e+02	4.91499011e+02
4.47100000e+02	4.86500000e+02	1.01000000e+00	1	4.81683168e+02	4.86500000e+02	1.00000000e+00	1	4.86500000e+02	4.86500000e+02	9.90000000e-01	1	4.91414141e+02	4.86532437e+02	4.86556764e+00	2.80913679e+00	4.81666869e+02	4.91398004e+02
4.47200000e+02	4.86200000e+02	1.01000000e+00	1	4.81386139e+02	4.86200000e+02	1.00000000e+00	1	4.86200000e+02	4.86200000e+02	9.90000000e-01	1	4.91111111e+02	4.86232417e+02	4.86256729e+00	2.80740453e+00	4.81369849e+02	4.91094984e+02
4.47300000e+02	4.86500000e+02	1.01000000e+00	1	4.81683168e+02	4.86500000e+02	1.00000000e+00	1	4.86500000e+02	4.86500000e+02	9.90000000e-01	1	4.91414141e+02	4.86532437e+02	4.86556764e+00	2.80913679e+00	4.81666869e+02	4.91398004e+02
4.47400000e+02	4.86300000e+02	1.01000000e+00	1	4.81485149e+02	4.86300000e+02	1.00000000e+00	1	4.86300000e+02	4.86300000e+02	9.90000000e-01	1	4.91212121e+02	4.86332423e+02	4.86356741e+00	2.80798195e+00	4.81468856e+02	4.91195991e+02
4.47500000e+02	4.85700000e+02	1.01000000e+00	1	4.80891089e+02	4.85700000e+02	1.00000000e+00	1	4.85700000e+02	4.85700000e+02	9.90000000e-01	1	4.90606061e+02	4.85732383e+02	4.85756671e+00	2.80451745e+00	4.80874817e+02	4.90589950e+02
4.47600000e+02	4.85500000e+02	1.01000000e+00	1	4.80693069e+02	4.85500000e+02	1.00000000e+00	1	4.85500000e+02	4.85500000e+02	9.90000000e-01	1	4.90404040e+02	4.85532370e+02	4.85556647e+00	2.80336261e+00	4.80676803e+02	4.90387936e+02
4.47700000e+02	4.85300000e+02	1.01000000e+00	1	4.80495050e+02	4.85300000e+02	1.00000000e+00	1	4.85300000e+02	4.85300000e+02	9.90000000e-01	1	4.90202020e+02	4.85332357e+02	4.85356624e+00	2.80220777e+00	4.80478790e+02	4.90185923e+02
4.47800000e+02	4.85500000e+02	1.01000000e+00	1	4.80693069e+02	4.85500000e+02	1.00000000e+00	1	4.85500000e+02	4.85500000e+02	9.90000000e-01	1	4.90404040e+02	4.85532370e+02	4.85556647e+00	2.80336261e+00	4.80676803e+02	4.90387936e+02
4.47900000e+02	4.85000000e+02	1.01000000e+00	1	4.80198020e+02	4.85000000e+02	1.00000000e+00	1	4.85000000e+02	4.85000000e+02	9.90000000e-01	1	4.89898990e+02	4.85032337e+02	4.85056589e+00	2.80047552e+00	4.80181771e+02	4.89882902e+02
4.48000000e+02	4.84800000e+02	1.01000000e+00	1	4.80000000e+02	4.84800000e+02	1.00000000e+00	1	4.84800000e+02	4.84800000e+02	9.90000000e-01	1	4.89696970e+02	4.84832323e+02	4.84856566e+00	2.79932069e+00	4.79983758e+02	4.89680889e+02
4.48100000e+02	4.84500000e+02	1.01000000e+00	1	4.79702970e+02	4.84500000e+02	1.00000000e+00	1	4.84500000e+02	4.84500000e+02	9.90000000e-01	1	4.89393939e+02	4.84532303e+02	4.84556531e+00	2.79758843e+00	4.79686738e+02	4.89377869e+02
4.48200000e+02	4.84400000e+02	1.01000000e+00	1	4.79603960e+02	4.84400000e+02	1.00000000e+00	1	4.84400000e+02	4.84400000e+02	9.90000000e-01	1	4.89292929e+02	4.84432297e+02	4.84456519e+00	2.79701102e+00	4.79587731e+02	4.89276862e+02
4.48300000e+02	4.84000000e+02	1.01000000e+00	1	4.79207921e+02	4.84000000e+02	1.00000000e+00	1	4.84000000e+02	4.84000000e+02	9.90000000e-01	1	4.88888889e+02	4.84032270e+02	4.84056472e+00	2.79470135e+00	4.79191705e+02	4.88872835e+02
4.48400000e+02	4.83800000e+02	1.01000000e+00	1	4.79009901e+02	4.83800000e+02	1.00000000e+00	1	4.83800000e+02	4.83800000e+02	9.90000000e-01	1	4.88686869e+02	4.83832257e+02	4.83856449e+00	2.79354651e+00	4.78993692e+02	4.88670821e+02
4.48500000e+02	4.83500000e+02	1.01000000e+00	1	4.78712871e+02	4.83500000e+02	1.00000000e+00	1	4.83500000e+02	4.83500000e+02	9.90000000e-01	1	4.88383838e+02	4.83532237e+02	4.83556414e+00	2.79181426e+00	4.78696672e+02	4.88367801e+02
4.48600000e+02	4.83400000e+02	1.01000000e+00	1	4.78613861e+02	4.83400000e+02	1.00000000e+00	1	4.83400000e+02	4.83400000e+02	9.90000000e-01	1	4.88282828e+02	4.83432230e+02	4.83456402e+00	2.79123684e+00	4.78597666e+02	4.88266794e+02
4.48700000e+02	4.83200000e+02	1.01000000e+00	1	4.78415842e+02	4.83200000e+02	1.00000000e+00	1	4.83200000e+02	4.83200000e+02	9.90000000e-01	1	4.88080808e+02	4.83232217e+02	4.83256379e+00	2.79008200e+00	4.78399653e+02	4.88064780e+02
4.48800000e+02	4.82900000e+02	1.01000000e+00	1	4.78118812e+02	4.82900000e+02	1.00000000e+00	1	4.82900000e+02	4.82900000e+02	9.90000000e-01	1	4.87777778e+02	4.82932197e+02	4.82956344e+00	2.78834975e+00	4.78102633e+02	4.87761760e+02
4.48900000e+02	4.82700000e+02	1.01000000e+00	1	4.77920792e+02	4.82700000e+02	1.00000000e+00	1	4.82700000e+02	4.82700000e+02	9.90000000e-01	1	4.87575758e+02	4.82732183e+02	4.82756321e+00	2.78719492e+00	4.77904620e+02	4.87559746e+02
4.49000000e+02	4.82400000e+02	1.01000000e+00	1	4.77623762e+02	4.82400000e+02	1.00000000e+00	1	4.82400000e+02	4.82400000e+02	9.90000000e-01	1	4.87272727e+02	4.82432163e+02	4.82456286e+00	2.78546266e+00	4.77607600e+02	4.87256726e+02
4.49100000e+02	4.82300000e+02	1.01000000e+00	1	4.77524752e+02	4.82300000e+02	1.00000000e+00	1	4.82300000e+02	4.82300000e+02	9.90000000e-01	1	4.87171717e+02	4.82332157e+02	4.82356274e+00	2.78488525e+00	4.77508594e+02	4.87155719e+02
4.49200000e+02	4.81900000e+02	1.01000000e+00	1	4.77128713e+02	4.81900000e+02	1.00000000e+00	1	4.81900000e+02	4.81900000e+02	9.90000000e-01	1	4.86767677e+02	4.81932130e+02	4.81956227e+00	2.78257558e+00	4.77112568e+02	4.86751692e+02
4.49300000e+02	4.81700000e+02	1.01000000e+00	1	4.76930693e+02	4.81700000e+02	1.00000000e+00	1	4.81700000e+02	4.81700000e+02	9.90000000e-01	1	4.86565657e+02	4.81732117e+02	4.81756204e+00	2.78142074e+00	4.76914555e+02	4.86549679e+02
4.49400000e+02	4.81500000e+02	1.01000000e+00	1	4.76732673e+02	4.81500000e+02	1.00000000e+00	1	4.81500000e+02	4.81500000e+02	9.90000000e-01	1	4.86363636e+02	4.81532103e+02	4.81556181e+00	2.78026590e+00	4.76716541e+02	4.86347665e+02
4.49500000e+02	4.81300000e+02	1.01000000e+00	1	4.76534653e+02	4.81300000e+02	1.00000000e+00	1	4.81300000e+02	4.81300000e+02	9.90000000e-01	1	4.86161616e+02	4.81332090e+02	4.81356157e+00	2.77911107e+00	4.76518528e+02	4.86145651e+02
4.49600000e+02	4.80900000e+02	1.01000000e+00	1	4.76138614e+02	4.80900000e+02	1.00000000e+00	1	4.80900000e+02	4.80900000e+02	9.90000000e-01	1	4.85757576e+02	4.80932063e+02	4.80956111e+00	2.77680140e+00	4.76122502e+02	4.85741624e+02
4.49700000e+02	4.80700000e+02	1.01000000e+00	1	4.75940594e+02	4.80700000e+02	1.00000000e+00	1	4.80700000e+02	4.80700000e+02	9.90000000e-01	1	4.85555556e+02	4.80732050e+02	4.80756087e+00	2.77564656e+00	4.75924489e+02	4.85539611e+02
4.49800000e+02	4.80500000e+02	1.01000000e+00	1	4.75742574e+02	4.80500000e+02	1.00000000e+00	1	4.80500000e+02	4.80500000e+02	9.90000000e-01	1	4.85353535e+02	4.80532037e+02	4.80556064e+00	2.77449173e+00	4.75726476e+02	4.85337597e+02
4.49900000e+02	4.80400000e+02	1.01000000e+00	1	4.75643564e+02	4.80400000e+02	1.00000000e+00	1	4.80400000e+02	4.80400000e+02	9.90000000e-01	1	4.85252525e+02	4.80432030e+02	4.80456052e+00	2.77391431e+00	4.75627469e+02	4.85236590e+02
4.50000000e+02	4.80100000e+02	1.01000000e+00	1	4.75346535e+02	4.80100000e+02	1.00000000e+00	1	4.80100000e+02	4.80100000e+02	9.90000000e-01	1	4.84949495e+02	4.80132010e+02	4.80156017e+00	2.77218206e+00	4.75330450e+02	4.84933570e+02
4.50100000e+02	4.79700000e+02	1.01000000e+00	1	4.74950495e+02	4.79700000e+02	1.00000000e+00	1	4.79700000e+02	4.79700000e+02	9.90000000e-01	1	4.84545455e+02	4.79731983e+02	4.79755971e+00	2.76987239e+00	4.74934423e+02	4.84529543e+02
4.50200000e+02	4.79600000e+02	1.01000000e+00	1	4.74851485e+02	4.79600000e+02	1.00000000e+00	1	4.79600000e+02	4.79600000e+02	9.90000000e-01	1	4.84444444e+02	4.79631977e+02	4.79655959e+00	2.76929497e+00	4.74835417e+02	4.84428536e+02
4.50300000e+02	4.79500000e+02	1.01000000e+00	1	4.74752475e+02	4.79500000e+02	1.00000000e+00	1	4.79500000e+02	4.79500000e+02	9.90000000e-01	1	4.84343434e+02	4.79531970e+02	4.79555947e+00	2.76871755e+00	4.74736410e+02	4.84327529e+02
4.50400000e+02	4.79000000e+02	1.01000000e+00	1	4.74257426e+02	4.79000000e+02	1.00000000e+00	1	4.79000000e+02	4.79000000e+02	9.90000000e-01	1	4.83838384e+02	4.79031937e+02	4.79055889e+00	2.76583046e+00	4.74241378e+02	4.83822495e+02
4.50500000e+02	4.78500000e+02	1.01000000e+00	1	4.73762376e+02	4.78500000e+02	1.00000000e+00	1	4.78500000e+02	4.78500000e+02	9.90000000e-01	1	4.83333333e+02	4.78531903e+02	4.78555831e+00	2.76294338e+00	4.73746345e+02	4.83317461e+02
4.50600000e+02	4.78400000e+02	1.01000000e+00	1	4.73663366e+02	4.78400000e+02	1.00000000e+00	1	4.78400000e+02	4.78400000e+02	9.90000000e-01	1	4.83232323e+02	4.78431897e+02	4.78455819e+00	2.76236596e+00	4.73647338e+02	4.83216455e+02
4.50700000e+02	4.77900000e+02	1.01000000e+00	1	4.73168317e+02	4.77900000e+02	1.00000000e+00	1	4.77900000e+02	4.77900000e+02	9.90000000e-01	1	4.82727273e+02	4.77931863e+02	4.77955761e+00	2.75947887e+00	4.73152306e+02	4.82711421e+02
4.50800000e+02	4.77700000e+02	1.01000000e+00	1	4.72970297e+02	4.77700000e+02	1.00000000e+00	1	4.77700000e+02	4.77700000e+02	9.90000000e-01	1	4.82525253e+02	4.77731850e+02	4.77755737e+00	2.75832403e+00	4.72954292e+02	4.82509407e+02
4.50900000e+02	4.77300000e+02	1.01000000e+00	1	4.72574257e+02	4.77300000e+02	1.00000000e+00	1	4.77300000e+02	4.77300000e+02	9.90000000e-01	1	4.82121212e+02	4.77331823e+02	4.77355691e+00	2.75601436e+00	4.72558266e+02	4.82105380e+02
4.51000000e+02	4.77100000e+02	1.01000000e+00	1	4.72376238e+02	4.77100000e+02	1.00000000e+00	1	4.77100000e+02	4.77100000e+02	9.90000000e-01	1	4.81919192e+02	4.77131810e+02	4.77155667e+00	2.75485953e+00	4.72360253e+02	4.81903367e+02
4.51100000e+02	4.76900000e+02	1.01000000e+00	1	4.72178218e+02	4.76900000e+02	1.00000000e+00	1	4.76900000e+02	4.76900000e+02	9.90000000e-01	1	4.81717172e+02	4.76931797e+02	4.76955644e+00	2.75370469e+00	4.72162240e+02	4.81701353e+02
4.51200000e+02	4.76800000e+02	1.01000000e+00	1	4.72079208e+02	4.76800000e+02	1.00000000e+00	1	4.76800000e+02	4.76800000e+02	9.90000000e-01	1	4.81616162e+02	4.76831790e+02	4.76855632e+00	2.75312728e+00	4.72063234e+02	4.81600346e+02
4.51300000e+02	4.76300000e+02	1.01000000e+00	1	4.71584158e+02	4.76300000e+02	1.00000000e+00	1	4.76300000e+02	4.76300000e+02	9.90000000e-01	1	4.81111111e+02	4.76331757e+02	4.76355574e+00	2.75024019e+00	4.71568201e+02	4.81095312e+02
4.51400000e+02	4.76000000e+02	1.01000000e+00	1	4.71287129e+02	4.76000000e+02	1.00000000e+00	1	4.76000000e+02	4.76000000e+02	9.90000000e-01	1	4.80808081e+02	4.76031737e+02	4.76055539e+00	2.74850793e+00	4.71271181e+02	4.80792292e+02
4.51500000e+02	4.75700000e+02	1.01000000e+00	1	4.70990099e+02	4.75700000e+02	1.00000000e+00	1	4.75700000e+02	4.75700000e+02	9.90000000e-01	1	4.80505051e+02	4.75731717e+02	4.75755504e+00	2.74677568e+00	4.70974161e+02	4.80489272e+02
4.51600000e+02	4.75300000e+02	1.01000000e+00	1	4.70594059e+02	4.75300000e+02	1.00000000e+00	1	4.75300000e+02	4.75300000e+02	9.90000000e-01	1	4.80101010e+02	4.75331690e+02	4.75355457e+00	2.74446601e+00	4.70578135e+02	4.80085244e+02
4.51700000e+02	4.74900000e+02	1.01000000e+00	1	4.70198020e+02	4.74900000e+02	1.00000000e+00	1	4.74900000e+02	4.74900000e+02	9.90000000e-01	1	4.79696970e+02	4.74931663e+02	4.74955410e+00	2.74215634e+00	4.70182109e+02	4.79681217e+02
4.51800000e+02	4.74500000e+02	1.01000000e+00	1	4.69801980e+02	4.74500000e+02	1.00000000e+00	1	4.74500000e+02	4.74500000e+02	9.90000000e-01	1	4.79292929e+02	4.74531636e+02	4.74555364e+00	2.73984667e+00	4.69786083e+02	4.79277190e+02
4.51900000e+02	4.74200000e+02	1.01000000e+00	1	4.69504950e+02	4.74200000e+02	1.00000000e+00	1	4.74200000e+02	4.74200000e+02	9.90000000e-01	1	4.78989899e+02	4.74231616e+02	4.74255329e+00	2.73811442e+00	4.69489063e+02	4.78974170e+02
4.52000000e+02	4.73800000e+02	1.01000000e+00	1	4.69108911e+02	4.73800000e+02	1.00000000e+00	1	4.73800000e+02	4.73800000e+02	9.90000000e-01	1	4.78585859e+02	4.73831590e+02	4.73855282e+00	2.73580475e+00	4.69093037e+02	4.78570143e+02
4.52100000e+02	4.73500000e+02	1.01000000e+00	1	4.68811881e+02	4.73500000e+02	1.00000000e+00	1	4.73500000e+02	4.73500000e+02	9.90000000e-01	1	4.78282828e+02	4.73531570e+02	4.73555247e+00	2.73407249e+00	4.68796017e+02	4.78267122e+02
4.52200000e+02	4.73200000e+02	1.01000000e+00	1	4.68514851e+02	4.73200000e+02	1.00000000e+00	1	4.73200000e+02	4.73200000e+02	9.90000000e-01	1	4.77979798e+02	4.73231550e+02	4.73255212e+00	2.73234024e+00	4.68498998e+02	4.77964102e+02
4.52300000e+02	4.72900000e+02	1.01000000e+00	1	4.68217822e+02	4.72900000e+02	1.00000000e+00	1	4.72900000e+02	4.72900000e+02	9.90000000e-01	1	4.77676768e+02	4.72931530e+02	4.72955177e+00	2.73060799e+00	4.68201978e+02	4.77661082e+02
4.52400000e+02	4.72700000e+02	1.01000000e+00	1	4.68019802e+02	4.72700000e+02	1.00000000e+00	1	4.72700000e+02	4.72700000e+02	9.90000000e-01	1	4.77474747e+02	4.72731516e+02	4.72755154e+00	2.72945315e+00	4.68003965e+02	4.77459068e+02
4.52500000e+02	4.72300000e+02	1.01000000e+00	1	4.67623762e+02	4.72300000e+02	1.00000000e+00	1	4.72300000e+02	4.72300000e+02	9.90000000e-01	1	4.77070707e+02	4.72331490e+02	4.72355107e+00	2.72714348e+00	4.67607939e+02	4.77055041e+02
4.52600000e+02	4.71700000e+02	1.01000000e+00	1	4.67029703e+02	4.71700000e+02	1.00000000e+00	1	4.71700000e+02	4.71700000e+02	9.90000000e-01	1	4.76464646e+02	4.71731450e+02	4.71755037e+00	2.72367898e+00	4.67013899e+02	4.76449000e+02
4.52700000e+02	4.71400000e+02	1.01000000e+00	1	4.66732673e+02	4.71400000e+02	1.00000000e+00	1	4.71400000e+02	4.71400000e+02	9.90000000e-01	1	4.76161616e+02	4.71431430e+02	4.71455002e+00	2.72194672e+00	4.66716880e+02	4.76145980e+02
4.52800000e+02	4.71100000e+02	1.01000000e+00	1	4.66435644e+02	4.71100000e+02	1.00000000e+00	1	4.71100000e+02	4.71100000e+02	9.90000000e-01	1	4.75858586e+02	4.71131410e+02	4.71154967e+00	2.72021447e+00	4.66419860e+02	4.75842959e+02
4.52900000e+02	4.70600000e+02	1.01000000e+00	1	4.65940594e+02	4.70600000e+02	1.00000000e+00	1	4.70600000e+02	4.70600000e+02	9.90000000e-01	1	4.75353535e+02	4.70631376e+02	4.70654909e+00	2.71732738e+00	4.65924827e+02	4.75337926e+02
4.53000000e+02	4.70200000e+02	1.01000000e+00	1	4.65544554e+02	4.70200000e+02	1.00000000e+00	1	4.70200000e+02	4.70200000e+02	9.90000000e-01	1	4.74949495e+02	4.70231350e+02	4.70254862e+00	2.71501771e+00	4.65528801e+02	4.74933898e+02
4.53100000e+02	4.69900000e+02	1.01000000e+00	1	4.65247525e+02	4.69900000e+02	1.00000000e+00	1	4.69900000e+02	4.69900000e+02	9.90000000e-01	1	4.74646465e+02	4.69931330e+02	4.69954827e+00	2.71328546e+00	4.65231782e+02	4.74630878e+02
4.53200000e+02	4.69600000e+02	1.01000000e+00	1	4.64950495e+02	4.69600000e+02	1.00000000e+00	1	4.69600000e+02	4.69600000e+02	9.90000000e-01	1	4.74343434e+02	4.69631310e+02	4.69654792e+00	2.71155321e+00	4.64934762e+02	4.74327858e+02
4.53300000e+02	4.69200000e+02	1.01000000e+00	1	4.64554455e+02	4.69200000e+02	1.00000000e+00	1	4.69200000e+02	4.69200000e+02	9.90000000e-01	1	4.73939394e+02	4.69231283e+02	4.69254745e+00	2.70924354e+00	4.64538736e+02	4.73923831e+02
4.53400000e+02	4.69000000e+02	1.01000000e+00	1	4.64356436e+02	4.69000000e+02	1.00000000e+00	1	4.69000000e+02	4.69000000e+02	9.90000000e-01	1	4.73737374e+02	4.69031270e+02	4.69054722e+00	2.70808870e+00	4.64340723e+02	4.73721817e+02
4.53500000e+02	4.68500000e+02	1.01000000e+00	1	4.63861386e+02	4.68500000e+02	1.00000000e+00	1	4.68500000e+02	4.68500000e+02	9.90000000e-01	1	4.73232323e+02	4.68531236e+02	4.68554664e+00	2.70520161e+00	4.63845690e+02	4.73216783e+02
4.53600000e+02	4.68000000e+02	1.01000000e+00	1	4.63366337e+02	4.68000000e+02	1.00000000e+00	1	4.68000000e+02	4.68000000e+02	9.90000000e-01	1	4.72727273e+02	4.68031203e+02	4.68054605e+00	2.70231452e+00	4.63350657e+02	4.72711749e+02
4.53700000e+02	4.67700000e+02	1.01000000e+00	1	4.63069307e+02	4.67700000e+02	1.00000000e+00	1	4.67700000e+02	4.67700000e+02	9.90000000e-01	1	4.72424242e+02	4.67731183e+02	4.67754570e+00	2.70058227e+00	4.63053637e+02	4.72408729e+02
4.53800000e+02	4.67200000e+02	1.01000000e+00	1	4.62574257e+02	4.67200000e+02	1.00000000e+00	1	4.67200000e+02	4.67200000e+02	9.90000000e-01	1	4.71919192e+02	4.67231150e+02	4.67254512e+00	2.69769518e+00	4.62558605e+02	4.71903695e+02
4.53900000e+02	4.66900000e+02	1.01000000e+00	1	4.62277228e+02	4.66900000e+02	1.00000000e+00	1	4.66900000e+02	4.66900000e+02	9.90000000e-01	1	4.71616162e+02	4.66931130e+02	4.66954477e+00	2.69596293e+00	4.62261585e+02	4.71600675e+02
4.54000000e+02	4.66300000e+02	1.01000000e+00	1	4.61683168e+02	4.66300000e+02	1.00000000e+00	1	4.66300000e+02	4.66300000e+02	9.90000000e-01	1	4.71010101e+02	4.66331090e+02	4.66354407e+00	2.69249842e+00	4.61667546e+02	4.70994634e+02
4.54100000e+02	4.66000000e+02	1.01000000e+00	1	4.61386139e+02	4.66000000e+02	1.00000000e+00	1	4.66000000e+02	4.66000000e+02	9.90000000e-01	1	4.70707071e+02	4.66031070e+02	4.66054372e+00	2.69076617e+00	4.61370526e+02	4.70691613e+02
4.54200000e+02	4.65700000e+02	1.01000000e+00	1	4.61089109e+02	4.65700000e+02	1.00000000e+00	1	4.65700000e+02	4.65700000e+02	9.90000000e-01	1	4.70404040e+02	4.65731050e+02	4.65754337e+00	2.68903392e+00	4.61073506e+02	4.70388593e+02
4.54300000e+02	4.65300000e+02	1.01000000e+00	1	4.60693069e+02	4.65300000e+02	1.00000000e+00	1	4.65300000e+02	4.65300000e+02	9.90000000e-01	1	4.70000000e+02	4.65331023e+02	4.65354290e+00	2.68672425e+00	4.60677480e+02	4.69984566e+02
4.54400000e+02	4.64900000e+02	1.01000000e+00	1	4.60297030e+02	4.64900000e+02	1.00000000e+00	1	4.64900000e+02	4.64900000e+02	9.90000000e-01	1	4.69595960e+02	4.64930996e+02	4.64954244e+00	2.68441458e+00	4.60281454e+02	4.69580539e+02
4.54500000e+02	4.64500000e+02	1.01000000e+00	1	4.59900990e+02	4.64500000e+02	1.00000000e+00	1	4.64500000e+02	4.64500000e+02	9.90000000e-01	1	4.69191919e+02	4.64530970e+02	4.64554197e+00	2.68210491e+00	4.59885428e+02	4.69176512e+02
4.54600000e+02	4.64000000e+02	1.01000000e+00	1	4.59405941e+02	4.64000000e+02	1.00000000e+00	1	4.64000000e+02	4.64000000e+02	9.90000000e-01	1	4.68686869e+02	4.64030936e+02	4.64054139e+00	2.67921782e+00	4.59390395e+02	4.68671478e+02
4.54700000e+02	4.63600000e+02	1.01000000e+00	1	4.59009901e+02	4.63600000e+02	1.00000000e+00	1	4.63600000e+02	4.63600000e+02	9.90000000e-01	1	4.68282828e+02	4.63630910e+02	4.63654092e+00	2.67690815e+00	4.58994369e+02	4.68267451e+02
4.54800000e+02	4.63300000e+02	1.01000000e+00	1	4.58712871e+02	4.63300000e+02	1.00000000e+00	1	4.63300000e+02	4.63300000e+02	9.90000000e-01	1	4.67979798e+02	4.63330890e+02	4.63354057e+00	2.67517590e+00	4.58697349e+02	4.67964430e+02
4.54900000e+02	4.62900000e+02	1.01000000e+00	1	4.58316832e+02	4.62900000e+02	1.00000000e+00	1	4.62900000e+02	4.62900000e+02	9.90000000e-01	1	4.67575758e+02	4.62930863e+02	4.62954010e+00	2.67286622e+00	4.58301323e+02	4.67560403e+02
4.55000000e+02	4.62300000e+02	1.01000000e+00	1	4.57722772e+02	4.62300000e+02	1.00000000e+00	1	4.62300000e+02	4.62300000e+02	9.90000000e-01	1	4.66969697e+02	4.62330823e+02	4.62353940e+00	2.66940172e+00	4.57707284e+02	4.66954362e+02
4.55100000e+02	4.61900000e+02	1.01000000e+00	1	4.57326733e+02	4.61900000e+02	1.00000000e+00	1	4.61900000e+02	4.61900000e+02	9.90000000e-01	1	4.66565657e+02	4.61930796e+02	4.61953894e+00	2.66709205e+00	4.57311257e+02	4.66550335e+02
4.55200000e+02	4.61300000e+02	1.01000000e+00	1	4.56732673e+02	4.61300000e+02	1.00000000e+00	1	4.61300000e+02	4.61300000e+02	9.90000000e-01	1	4.65959596e+02	4.61330756e+02	4.61353824e+00	2.66362754e+00	4.56717218e+02	4.65944295e+02
4.55300000e+02	4.61100000e+02	1.01000000e+00	1	4.56534653e+02	4.61100000e+02	1.00000000e+00	1	4.61100000e+02	4.61100000e+02	9.90000000e-01	1	4.65757576e+02	4.61130743e+02	4.61153800e+00	2.66247271e+00	4.56519205e+02	4.65742281e+02
4.55400000e+02	4.60600000e+02	1.01000000e+00	1	4.56039604e+02	4.60600000e+02	1.00000000e+00	1	4.60600000e+02	4.60600000e+02	9.90000000e-01	1	4.65252525e+02	4.60630710e+02	4.60653742e+00	2.65958562e+00	4.56024172e+02	4.65237247e+02
4.55500000e+02	4.60000000e+02	1.01000000e+00	1	4.55445545e+02	4.60000000e+02	1.00000000e+00	1	4.60000000e+02	4.60000000e+02	9.90000000e-01	1	4.64646465e+02	4.60030670e+02	4.60053672e+00	2.65612111e+00	4.55430133e+02	4.64631206e+02
4.55600000e+02	4.59600000e+02	1.01000000e+00	1	4.55049505e+02	4.59600000e+02	1.00000000e+00	1	4.59600000e+02	4.59600000e+02	9.90000000e-01	1	4.64242424e+02	4.59630643e+02	4.59653625e+00	2.65381144e+00	4.55034107e+02	4.64227179e+02
4.55700000e+02	4.59100000e+02	1.01000000e+00	1	4.54554455e+02	4.59100000e+02	1.00000000e+00	1	4.59100000e+02	4.59100000e+02	9.90000000e-01	1	4.63737374e+02	4.59130610e+02	4.59153567e+00	2.65092435e+00	4.54539074e+02	4.63722145e+02
4.55800000e+02	4.58800000e+02	1.01000000e+00	1	4.54257426e+02	4.58800000e+02	1.00000000e+00	1	4.58800000e+02	4.58800000e+02	9.90000000e-01	1	4.63434343e+02	4.58830590e+02	4.58853532e+00	2.64919210e+00	4.54242054e+02	4.63419125e+02
4.55900000e+02	4.58200000e+02	1.01000000e+00	1	4.53663366e+02	4.58200000e+02	1.00000000e+00	1	4.58200000e+02	4.58200000e+02	9.90000000e-01	1	4.62828283e+02	4.58230550e+02	4.58253462e+00	2.64572760e+00	4.53648015e+02	4.62813084e+02
4.56000000e+02	4.57800000e+02	1.01000000e+00	1	4.53267327e+02	4.57800000e+02	1.00000000e+00	1	4.57800000e+02	4.57800000e+02	9.90000000e-01	1	4.62424242e+02	4.57830523e+02	4.57853415e+00	2.64341793e+00	4.53251989e+02	4.62409057e+02
4.56100000e+02	4.57400000e+02	1.01000000e+00	1	4.52871287e+02	4.57400000e+02	1.00000000e+00	1	4.57400000e+02	4.57400000e+02	9.90000000e-01	1	4.62020202e+02	4.57430496e+02	4.57453369e+00	2.64110826e+00	4.52855963e+02	4.62005030e+02
4.56200000e+02	4.57100000e+02	1.01000000e+00	1	4.52574257e+02	4.57100000e+02	1.00000000e+00	1	4.57100000e+02	4.57100000e+02	9.90000000e-01	1	4.61717172e+02	4.57130476e+02	4.57153334e+00	2.63937600e+00	4.52558943e+02	4.61702010e+02
4.56300000e+02	4.56700000e+02	1.01000000e+00	1	4.52178218e+02	4.56700000e+02	1.00000000e+00	1	4.56700000e+02	4.56700000e+02	9.90000000e-01	1	4.61313131e+02	4.56730450e+02	4.56753287e+00	2.63706633e+00	4.52162917e+02	4.61297983e+02
4.56400000e+02	4.56100000e+02	1.01000000e+00	1	4.51584158e+02	4.56100000e+02	1.00000000e+00	1	4.56100000e+02	4.56100000e+02	9.90000000e-01	1	4.60707071e+02	4.56130410e+02	4.56153217e+00	2.63360183e+00	4.51568878e+02	4.60691942e+02
4.56500000e+02	4.55700000e+02	1.01000000e+00	1	4.51188119e+02	4.55700000e+02	1.00000000e+00	1	4.55700000e+02	4.55700000e+02	9.90000000e-01	1	4.60303030e+02	4.55730383e+02	4.55753170e+00	2.63129216e+00	4.51172851e+02	4.60287915e+02
4.56600000e+02	4.55200000e+02	1.01000000e+00	1	4.50693069e+02	4.55200000e+02	1.00000000e+00	1	4.55200000e+02	4.55200000e+02	9.90000000e-01	1	4.59797980e+02	4.55230350e+02	4.55253112e+00	2.62840507e+00	4.50677819e+02	4.59782881e+02
4.56700000e+02	4.54600000e+02	1.01000000e+00	1	4.50099010e+02	4.54600000e+02	1.00000000e+00	1	4.54600000e+02	4.54600000e+02	9.90000000e-01	1	4.59191919e+02	4.54630310e+02	4.54653042e+00	2.62494056e+00	4.50083779e+02	4.59176840e+02
4.56800000e+02	4.54100000e+02	1.01000000e+00	1	4.49603960e+02	4.54100000e+02	1.00000000e+00	1	4.54100000e+02	4.54100000e+02	9.90000000e-01	1	4.58686869e+02	4.54130276e+02	4.54152984e+00	2.62205347e+00	4.49588747e+02	4.58671806e+02
4.56900000e+02	4.53500000e+02	1.01000000e+00	1	4.49009901e+02	4.53500000e+02	1.00000000e+00	1	4.53500000e+02	4.53500000e+02	9.90000000e-01	1	4.58080808e+02	4.53530236e+02	4.53552914e+00	2.61858897e+00	4.48994707e+02	4.58065765e+02
4.57000000e+02	4.53100000e+02	1.01000000e+00	1	4.48613861e+02	4.53100000e+02	1.00000000e+00	1	4.53100000e+02	4.53100000e+02	9.90000000e-01	1	4.57676768e+02	4.53130210e+02	4.53152867e+00	2.61627930e+00	4.48598681e+02	4.57661738e+02
4.57100000e+02	4.52800000e+02	1.01000000e+00	1	4.48316832e+02	4.52800000e+02	1.00000000e+00	1	4.52800000e+02	4.52800000e+02	9.90000000e-01	1	4.57373737e+02	4.52830190e+02	4.52852832e+00	2.61454704e+00	4.48301661e+02	4.57358718e+02
4.57200000e+02	4.52200000e+02	1.01000000e+00	1	4.47722772e+02	4.52200000e+02	1.00000000e+00	1	4.52200000e+02	4.52200000e+02	9.90000000e-01	1	4.56767677e+02	4.52230150e+02	4.52252762e+00	2.61108254e+00	4.47707622e+02	4.56752677e+02
4.57300000e+02	4.51900000e+02	1.01000000e+00	1	4.47425743e+02	4.51900000e+02	1.00000000e+00	1	4.51900000e+02	4.51900000e+02	9.90000000e-01	1	4.56464646e+02	4.51930130e+02	4.51952727e+00	2.60935029e+00	4.47410602e+02	4.56449657e+02
4.57400000e+02	4.51300000e+02	1.01000000e+00	1	4.46831683e+02	4.51300000e+02	1.00000000e+00	1	4.51300000e+02	4.51300000e+02	9.90000000e-01	1	4.55858586e+02	4.51330090e+02	4.51352657e+00	2.60588578e+00	4.46816563e+02	4.55843616e+02
4.57500000e+02	4.50800000e+02	1.01000000e+00	1	4.46336634e+02	4.50800000e+02	1.00000000e+00	1	4.50800000e+02	4.50800000e+02	9.90000000e-01	1	4.55353535e+02	4.50830056e+02	4.50852599e+00	2.60299869e+00	4.46321530e+02	4.55338582e+02
4.57600000e+02	4.50200000e+02	1.01000000e+00	1	4.45742574e+02	4.50200000e+02	1.00000000e+00	1	4.50200000e+02	4.50200000e+02	9.90000000e-01	1	4.54747475e+02	4.50230016e+02	4.50252529e+00	2.59953419e+00	4.45727491e+02	4.54732542e+02
4.57700000e+02	4.49800000e+02	1.01000000e+00	1	4.45346535e+02	4.49800000e+02	1.00000000e+00	1	4.49800000e+02	4.49800000e+02	9.90000000e-01	1	4.54343434e+02	4.49829990e+02	4.49852482e+00	2.59722451e+00	4.45331465e+02	4.54328514e+02
4.57800000e+02	4.49100000e+02	1.01000000e+00	1	4.44653465e+02	4.49100000e+02	1.00000000e+00	1	4.49100000e+02	4.49100000e+02	9.90000000e-01	1	4.53636364e+02	4.49129943e+02	4.49152400e+00	2.59318259e+00	4.44638419e+02	4.53621467e+02
4.57900000e+02	4.48700000e+02	1.01000000e+00	1	4.44257426e+02	4.48700000e+02	1.00000000e+00	1	4.48700000e+02	4.48700000e+02	9.90000000e-01	1	4.53232323e+02	4.48729916e+02	4.48752354e+00	2.59087292e+00	4.44242393e+02	4.53217440e+02
4.58000000e+02	4.48300000e+02	1.01000000e+00	1	4.43861386e+02	4.48300000e+02	1.00000000e+00	1	4.48300000e+02	4.48300000e+02	9.90000000e-01	1	4.52828283e+02	4.48329890e+02	4.48352307e+00	2.58856325e+00	4.43846367e+02	4.52813413e+02
4.58100000e+02	4.47700000e+02	1.01000000e+00	1	4.43267327e+02	4.47700000e+02	1.00000000e+00	1	4.47700000e+02	4.47700000e+02	9.90000000e-01	1	4.52222222e+02	4.47729850e+02	4.47752237e+00	2.58509874e+00	4.43252327e+02	4.52207372e+02
4.58200000e+02	4.47100000e+02	1.01000000e+00	1	4.42673267e+02	4.47100000e+02	1.00000000e+00	1	4.47100000e+02	4.47100000e+02	9.90000000e-01	1	4.51616162e+02	4.47129810e+02	4.47152167e+00	2.58163424e+00	4.42658288e+02	4.51601331e+02
4.58300000e+02	4.46600000e+02	1.01000000e+00	1	4.42178218e+02	4.46600000e+02	1.00000000e+00	1	4.46600000e+02	4.46600000e+02	9.90000000e-01	1	4.51111111e+02	4.46629776e+02	4.46652108e+00	2.57874715e+00	4.42163255e+02	4.51096297e+02
4.58400000e+02	4.46000000e+02	1.01000000e+00	1	4.41584158e+02	4.46000000e+02	1.00000000e+00	1	4.46000000e+02	4.46000000e+02	9.90000000e-01	1	4.50505051e+02	4.46029736e+02	4.46052038e+00	2.57528264e+00	4.41569216e+02	4.50490257e+02
4.58500000e+02	4.45600000e+02	1.01000000e+00	1	4.41188119e+02	4.45600000e+02	1.00000000e+00	1	4.45600000e+02	4.45600000e+02	9.90000000e-01	1	4.50101010e+02	4.45629710e+02	4.45651992e+00	2.57297297e+00	4.41173190e+02	4.50086230e+02
4.58600000e+02	4.45000000e+02	1.01000000e+00	1	4.40594059e+02	4.45000000e+02	1.00000000e+00	1	4.45000000e+02	4.45000000e+02	9.90000000e-01	1	4.49494949e+02	4.45029670e+02	4.45051922e+00	2.56950847e+00	4.40579150e+02	4.49480189e+02
4.58700000e+02	4.44600000e+02	1.01000000e+00	1	4.40198020e+02	4.44600000e+02	1.00000000e+00	1	4.44600000e+02	4.44600000e+02	9.90000000e-01	1	4.49090909e+02	4.44629643e+02	4.44651875e+00	2.56719880e+00	4.40183124e+02	4.49076162e+02
4.58800000e+02	4.44200000e+02	1.01000000e+00	1	4.39801980e+02	4.44200000e+02	1.00000000e+00	1	4.44200000e+02	4.44200000e+02	9.90000000e-01	1	4.48686869e+02	4.44229616e+02	4.44251828e+00	2.56488913e+00	4.39787098e+02	4.48672135e+02
4.58900000e+02	4.43600000e+02	1.01000000e+00	1	4.39207921e+02	4.43600000e+02	1.00000000e+00	1	4.43600000e+02	4.43600000e+02	9.90000000e-01	1	4.48080808e+02	4.43629576e+02	4.43651758e+00	2.56142462e+00	4.39193059e+02	4.48066094e+02
4.59000000e+02	4.43100000e+02	1.01000000e+00	1	4.38712871e+02	4.43100000e+02	1.00000000e+00	1	4.43100000e+02	4.43100000e+02	9.90000000e-01	1	4.47575758e+02	4.43129543e+02	4.43151700e+00	2.55853753e+00	4.38698026e+02	4.47561060e+02
4.59100000e+02	4.42400000e+02	1.01000000e+00	1	4.38019802e+02	4.42400000e+02	1.00000000e+00	1	4.42400000e+02	4.42400000e+02	9.90000000e-01	1	4.46868687e+02	4.42429496e+02	4.42451618e+00	2.55449561e+00	4.38004980e+02	4.46854012e+02
4.59200000e+02	4.41800000e+02	1.01000000e+00	1	4.37425743e+02	4.41800000e+02	1.00000000e+00	1	4.41800000e+02	4.41800000e+02	9.90000000e-01	1	4.46262626e+02	4.41829456e+02	4.41851548e+00	2.55103110e+00	4.37410941e+02	4.46247972e+02
4.59300000e+02	4.41300000e+02	1.01000000e+00	1	4.36930693e+02	4.41300000e+02	1.00000000e+00	1	4.41300000e+02	4.41300000e+02	9.90000000e-01	1	4.45757576e+02	4.41329423e+02	4.41351490e+00	2.54814402e+00	4.36915908e+02	4.45742938e+02
4.59400000e+02	4.40700000e+02	1.01000000e+00	1	4.36336634e+02	4.40700000e+02	1.00000000e+00	1	4.40700000e+02	4.40700000e+02	9.90000000e-01	1	4.45151515e+02	4.40729383e+02	4.40751420e+00	2.54467951e+00	4.36321869e+02	4.45136897e+02
4.59500000e+02	4.40400000e+02	1.01000000e+00	1	4.36039604e+02	4.40400000e+02	1.00000000e+00	1	4.40400000e+02	4.40400000e+02	9.90000000e-01	1	4.44848485e+02	4.40429363e+02	4.40451385e+00	2.54294726e+00	4.36024849e+02	4.44833877e+02
4.59600000e+02	4.39600000e+02	1.01000000e+00	1	4.35247525e+02	4.39600000e+02	1.00000000e+00	1	4.39600000e+02	4.39600000e+02	9.90000000e-01	1	4.44040404e+02	4.39629310e+02	4.39651292e+00	2.53832792e+00	4.35232797e+02	4.44025823e+02
4.59700000e+02	4.39100000e+02	1.01000000e+00	1	4.34752475e+02	4.39100000e+02	1.00000000e+00	1	4.39100000e+02	4.39100000e+02	9.90000000e-01	1	4.43535354e+02	4.39129276e+02	4.39151233e+00	2.53544083e+00	4.34737764e+02	4.43520789e+02
4.59800000e+02	4.38700000e+02	1.01000000e+00	1	4.34356436e+02	4.38700000e+02	1.00000000e+00	1	4.38700000e+02	4.38700000e+02	9.90000000e-01	1	4.43131313e+02	4.38729250e+02	4.38751187e+00	2.53313116e+00	4.34341738e+02	4.43116761e+02
4.59900000e+02	4.38200000e+02	1.01000000e+00	1	4.33861386e+02	4.38200000e+02	1.00000000e+00	1	4.38200000e+02	4.38200000e+02	9.90000000e-01	1	4.42626263e+02	4.38229216e+02	4.38251128e+00	2.53024407e+00	4.33846705e+02	4.42611728e+02
4.60000000e+02	4.37500000e+02	1.01000000e+00	1	4.33168317e+02	4.37500000e+02	1.00000000e+00	1	4.37500000e+02	4.37500000e+02	9.90000000e-01	1	4.41919192e+02	4.37529170e+02	4.37551047e+00	2.52620215e+00	4.33153659e+02	4.41904680e+02
4.60100000e+02	4.37100000e+02	1.01000000e+00	1	4.32772277e+02	4.37100000e+02	1.00000000e+00	1	4.37100000e+02	4.37100000e+02	9.90000000e-01	1	4.41515152e+02	4.37129143e+02	4.37151000e+00	2.52389248e+00	4.32757633e+02	4.41500653e+02
4.60200000e+02	4.36300000e+02	1.01000000e+00	1	4.31980198e+02	4.36300000e+02	1.00000000e+00	1	4.36300000e+02	4.36300000e+02	9.90000000e-01	1	4.40707071e+02	4.36329090e+02	4.36350907e+00	2.51927313e+00	4.31965581e+02	4.40692599e+02
4.60300000e+02	4.35800000e+02	1.01000000e+00	1	4.31485149e+02	4.35800000e+02	1.00000000e+00	1	4.35800000e+02	4.35800000e+02	9.90000000e-01	1	4.40202020e+02	4.35829056e+02	4.35850848e+00	2.51638605e+00	4.31470548e+02	4.40187565e+02
4.60400000e+02	4.35200000e+02	1.01000000e+00	1	4.30891089e+02	4.35200000e+02	1.00000000e+00	1	4.35200000e+02	4.35200000e+02	9.90000000e-01	1	4.39595960e+02	4.35229016e+02	4.35250778e+00	2.51292154e+00	4.30876508e+02	4.39581524e+02
4.60500000e+02	4.34600000e+02	1.01000000e+00	1	4.30297030e+02	4.34600000e+02	1.00000000e+00	1	4.34600000e+02	4.34600000e+02	9.90000000e-01	1	4.38989899e+02	4.34628976e+02	4.34650708e+00	2.50945703e+00	4.30282469e+02	4.38975483e+02
4.60600000e+02	4.33900000e+02	1.01000000e+00	1	4.29603960e+02	4.33900000e+02	1.00000000e+00	1	4.33900000e+02	4.33900000e+02	9.90000000e-01	1	4.38282828e+02	4.33928930e+02	4.33950627e+00	2.50541511e+00	4.29589423e+02	4.38268436e+02
4.60700000e+02	4.33400000e+02	1.01000000e+00	1	4.29108911e+02	4.33400000e+02	1.00000000e+00	1	4.33400000e+02	4.33400000e+02	9.90000000e-01	1	4.37777778e+02	4.33428896e+02	4.33450568e+00	2.50252802e+00	4.29094391e+02	4.37763402e+02
4.60800000e+02	4.32800000e+02	1.01000000e+00	1	4.28514851e+02	4.32800000e+02	1.00000000e+00	1	4.32800000e+02	4.32800000e+02	9.90000000e-01	1	4.37171717e+02	4.32828856e+02	4.32850498e+00	2.49906352e+00	4.28500351e+02	4.37157361e+02
4.60900000e+02	4.32100000e+02	1.01000000e+00	1	4.27821782e+02	4.32100000e+02	1.00000000e+00	1	4.32100000e+02	4.32100000e+02	9.90000000e-01	1	4.36464646e+02	4.32128810e+02	4.32150417e+00	2.49502159e+00	4.27807305e+02	4.36450314e+02
4.61000000e+02	4.31500000e+02	1.01000000e+00	1	4.27227723e+02	4.31500000e+02	1.00000000e+00	1	4.31500000e+02	4.31500000e+02	9.90000000e-01	1	4.35858586e+02	4.31528770e+02	4.31550347e+00	2.49155709e+00	4.27213266e+02	4.35844273e+02
4.61100000e+02	4.30900000e+02	1.01000000e+00	1	4.26633663e+02	4.30900000e+02	1.00000000e+00	1	4.30900000e+02	4.30900000e+02	9.90000000e-01	1	4.35252525e+02	4.30928730e+02	4.30950277e+00	2.48809258e+00	4.26619227e+02	4.35238232e+02
4.61200000e+02	4.30500000e+02	1.01000000e+00	1	4.26237624e+02	4.30500000e+02	1.00000000e+00	1	4.30500000e+02	4.30500000e+02	9.90000000e-01	1	4.34848485e+02	4.30528703e+02	4.30550230e+00	2.48578291e+00	4.26223201e+02	4.34834205e+02
4.61300000e+02	4.29900000e+02	1.01000000e+00	1	4.25643564e+02	4.29900000e+02	1.00000000e+00	1	4.29900000e+02	4.29900000e+02	9.90000000e-01	1	4.34242424e+02	4.29928663e+02	4.29950160e+00	2.48231841e+00	4.25629161e+02	4.34228164e+02
4.61400000e+02	4.29300000e+02	1.01000000e+00	1	4.25049505e+02	4.29300000e+02	1.00000000e+00	1	4.29300000e+02	4.29300000e+02	9.90000000e-01	1	4.33636364e+02	4.29328623e+02	4.29350090e+00	2.47885390e+00	4.25035122e+02	4.33622124e+02
4.61500000e+02	4.28500000e+02	1.01000000e+00	1	4.24257426e+02	4.28500000e+02	1.00000000e+00	1	4.28500000e+02	4.28500000e+02	9.90000000e-01	1	4.32828283e+02	4.28528570e+02	4.28549997e+00	2.47423456e+00	4.24243070e+02	4.32814069e+02
4.61600000e+02	4.28000000e+02	1.01000000e+00	1	4.23762376e+02	4.28000000e+02	1.00000000e+00	1	4.28000000e+02	4.28000000e+02	9.90000000e-01	1	4.32323232e+02	4.28028536e+02	4.28049938e+00	2.47134747e+00	4.23748037e+02	4.32309036e+02
4.61700000e+02	4.27400000e+02	1.01000000e+00	1	4.23168317e+02	4.27400000e+02	1.00000000e+00	1	4.27400000e+02	4.27400000e+02	9.90000000e-01	1	4.31717172e+02	4.27428496e+02	4.27449868e+00	2.46788297e+00	4.23153998e+02	4.31702995e+02
4.61800000e+02	4.26800000e+02	1.01000000e+00	1	4.22574257e+02	4.26800000e+02	1.00000000e+00	1	4.26800000e+02	4.26800000e+02	9.90000000e-01	1	4.31111111e+02	4.26828456e+02	4.26849798e+00	2.46441846e+00	4.22559958e+02	4.31096954e+02
4.61900000e+02	4.26200000e+02	1.01000000e+00	1	4.21980198e+02	4.26200000e+02	1.00000000e+00	1	4.26200000e+02	4.26200000e+02	9.90000000e-01	1	4.30505051e+02	4.26228416e+02	4.26249728e+00	2.46095395e+00	4.21965919e+02	4.30490913e+02
4.62000000e+02	4.25600000e+02	1.01000000e+00	1	4.21386139e+02	4.25600000e+02	1.00000000e+00	1	4.25600000e+02	4.25600000e+02	9.90000000e-01	1	4.29898990e+02	4.25628376e+02	4.25649658e+00	2.45748945e+00	4.21371880e+02	4.29884873e+02
4.62100000e+02	4.24900000e+02	1.01000000e+00	1	4.20693069e+02	4.24900000e+02	1.00000000e+00	1	4.24900000e+02	4.24900000e+02	9.90000000e-01	1	4.29191919e+02	4.24928329e+02	4.24949577e+00	2.45344752e+00	4.20678834e+02	4.29177825e+02
4.62200000e+02	4.24300000e+02	1.01000000e+00	1	4.20099010e+02	4.24300000e+02	1.00000000e+00	1	4.24300000e+02	4.24300000e+02	9.90000000e-01	1	4.28585859e+02	4.24328289e+02	4.24349507e+00	2.44998302e+00	4.20084794e+02	4.28571785e+02
4.62300000e+02	4.23700000e+02	1.01000000e+00	1	4.19504950e+02	4.23700000e+02	1.00000000e+00	1	4.23700000e+02	4.23700000e+02	9.90000000e-01	1	4.27979798e+02	4.23728249e+02	4.23749437e+00	2.44651851e+00	4.19490755e+02	4.27965744e+02
4.62400000e+02	4.23100000e+02	1.01000000e+00	1	4.18910891e+02	4.23100000e+02	1.00000000e+00	1	4.23100000e+02	4.23100000e+02	9.90000000e-01	1	4.27373737e+02	4.23128209e+02	4.23149367e+00	2.44305401e+00	4.18896716e+02	4.27359703e+02
4.62500000e+02	4.22700000e+02	1.01000000e+00	1	4.18514851e+02	4.22700000e+02	1.00000000e+00	1	4.22700000e+02	4.22700000e+02	9.90000000e-01	1	4.26969697e+02	4.22728183e+02	4.22749320e+00	2.44074434e+00	4.18500690e+02	4.26955676e+02
4.62600000e+02	4.22000000e+02	1.01000000e+00	1	4.17821782e+02	4.22000000e+02	1.00000000e+00	1	4.22000000e+02	4.22000000e+02	9.90000000e-01	1	4.26262626e+02	4.22028136e+02	4.22049238e+00	2.43670241e+00	4.17807644e+02	4.26248629e+02
4.62700000e+02	4.21300000e+02	1.01000000e+00	1	4.17128713e+02	4.21300000e+02	1.00000000e+00	1	4.21300000e+02	4.21300000e+02	9.90000000e-01	1	4.25555556e+02	4.21328089e+02	4.21349157e+00	2.43266049e+00	4.17114598e+02	4.25541581e+02
4.62800000e+02	4.20700000e+02	1.01000000e+00	1	4.16534653e+02	4.20700000e+02	1.00000000e+00	1	4.20700000e+02	4.20700000e+02	9.90000000e-01	1	4.24949495e+02	4.20728049e+02	4.20749087e+00	2.42919598e+00	4.16520559e+02	4.24935540e+02
4.62900000e+02	4.20100000e+02	1.01000000e+00	1	4.15940594e+02	4.20100000e+02	1.00000000e+00	1	4.20100000e+02	4.20100000e+02	9.90000000e-01	1	4.24343434e+02	4.20128009e+02	4.20149017e+00	2.42573148e+00	4.15926519e+02	4.24329500e+02
4.63000000e+02	4.19400000e+02	1.01000000e+00	1	4.15247525e+02	4.19400000e+02	1.00000000e+00	1	4.19400000e+02	4.19400000e+02	9.90000000e-01	1	4.23636364e+02	4.19427963e+02	4.19448935e+00	2.42168955e+00	4.15233473e+02	4.23622452e+02
4.63100000e+02	4.18800000e+02	1.01000000e+00	1	4.14653465e+02	4.18800000e+02	1.00000000e+00	1	4.18800000e+02	4.18800000e+02	9.90000000e-01	1	4.23030303e+02	4.18827923e+02	4.18848865e+00	2.41822505e+00	4.14639434e+02	4.23016411e+02
4.63200000e+02	4.18100000e+02	1.01000000e+00	1	4.13960396e+02	4.18100000e+02	1.00000000e+00	1	4.18100000e+02	4.18100000e+02	9.90000000e-01	1	4.22323232e+02	4.18127876e+02	4.18148783e+00	2.41418313e+00	4.13946388e+02	4.22309364e+02
4.63300000e+02	4.17500000e+02	1.01000000e+00	1	4.13366337e+02	4.17500000e+02	1.00000000e+00	1	4.17500000e+02	4.17500000e+02	9.90000000e-01	1	4.21717172e+02	4.17527836e+02	4.17548713e+00	2.41071862e+00	4.13352349e+02	4.21703323e+02
4.63400000e+02	4.16900000e+02	1.01000000e+00	1	4.12772277e+02	4.16900000e+02	1.00000000e+00	1	4.16900000e+02	4.16900000e+02	9.90000000e-01	1	4.21111111e+02	4.16927796e+02	4.16948643e+00	2.40725411e+00	4.12758310e+02	4.21097283e+02
4.63500000e+02	4.16300000e+02	1.01000000e+00	1	4.12178218e+02	4.16300000e+02	1.00000000e+00	1	4.16300000e+02	4.16300000e+02	9.90000000e-01	1	4.20505051e+02	4.16327756e+02	4.16348573e+00	2.40378961e+00	4.12164270e+02	4.20491242e+02
4.63600000e+02	4.15700000e+02	1.01000000e+00	1	4.11584158e+02	4.15700000e+02	1.00000000e+00	1	4.15700000e+02	4.15700000e+02	9.90000000e-01	1	4.19898990e+02	4.15727716e+02	4.15748503e+00	2.40032510e+00	4.11570231e+02	4.19885201e+02
4.63700000e+02	4.15000000e+02	1.01000000e+00	1	4.10891089e+02	4.15000000e+02	1.00000000e+00	1	4.15000000e+02	4.15000000e+02	9.90000000e-01	1	4.19191919e+02	4.15027669e+02	4.15048421e+00	2.39628318e+00	4.10877185e+02	4.19178154e+02
4.63800000e+02	4.14500000e+02	1.01000000e+00	1	4.10396040e+02	4.14500000e+02	1.00000000e+00	1	4.14500000e+02	4.14500000e+02	9.90000000e-01	1	4.18686869e+02	4.14527636e+02	4.14548363e+00	2.39339609e+00	4.10382152e+02	4.18673120e+02
4.63900000e+02	4.13800000e+02	1.01000000e+00	1	4.09702970e+02	4.13800000e+02	1.00000000e+00	1	4.13800000e+02	4.13800000e+02	9.90000000e-01	1	4.17979798e+02	4.13827589e+02	4.13848281e+00	2.38935417e+00	4.09689107e+02	4.17966072e+02
4.64000000e+02	4.13400000e+02	1.01000000e+00	1	4.09306931e+02	4.13400000e+02	1.00000000e+00	1	4.13400000e+02	4.13400000e+02	9.90000000e-01	1	4.17575758e+02	4.13427563e+02	4.13448235e+00	2.38704450e+00	4.09293080e+02	4.17562045e+02
4.64100000e+02	4.12900000e+02	1.01000000e+00	1	4.08811881e+02	4.12900000e+02	1.00000000e+00	1	4.12900000e+02	4.12900000e+02	9.90000000e-01	1	4.17070707e+02	4.12927529e+02	4.12948176e+00	2.38415741e+00	4.08798048e+02	4.17057011e+02
4.64200000e+02	4.11900000e+02	1.01000000e+00	1	4.07821782e+02	4.11900000e+02	1.00000000e+00	1	4.11900000e+02	4.11900000e+02	9.90000000e-01	1	4.16060606e+02	4.11927463e+02	4.11948060e+00	2.37838323e+00	4.07807982e+02	4.16046943e+02
4.64300000e+02	4.11100000e+02	1.01000000e+00	1	4.07029703e+02	4.11100000e+02	1.00000000e+00	1	4.11100000e+02	4.11100000e+02	9.90000000e-01	1	4.15252525e+02	4.11127409e+02	4.11147966e+00	2.37376389e+00	4.07015930e+02	4.15238889e+02
4.64400000e+02	4.10400000e+02	1.01000000e+00	1	4.06336634e+02	4.10400000e+02	1.00000000e+00	1	4.10400000e+02	4.10400000e+02	9.90000000e-01	1	4.14545455e+02	4.10427363e+02	4.10447885e+00	2.36972197e+00	4.06322884e+02	4.14531842e+02
4.64500000e+02	4.10000000e+02	1.01000000e+00	1	4.05940594e+02	4.10000000e+02	1.00000000e+00	1	4.10000000e+02	4.10000000e+02	9.90000000e-01	1	4.14141414e+02	4.10027336e+02	4.10047838e+00	2.36741230e+00	4.05926858e+02	4.14127814e+02
4.64600000e+02	4.09000000e+02	1.01000000e+00	1	4.04950495e+02	4.09000000e+02	1.00000000e+00	1	4.09000000e+02	4.09000000e+02	9.90000000e-01	1	4.13131313e+02	4.09027269e+02	4.09047721e+00	2.36163812e+00	4.04936792e+02	4.13117747e+02
4.64700000e+02	4.08500000e+02	1.01000000e+00	1	4.04455446e+02	4.08500000e+02	1.00000000e+00	1	4.08500000e+02	4.08500000e+02	9.90000000e-01	1	4.12626263e+02	4.08527236e+02	4.08547663e+00	2.35875103e+00	4.04441759e+02	4.12612713e+02
4.64800000e+02	4.07900000e+02	1.01000000e+00	1	4.03861386e+02	4.07900000e+02	1.00000000e+00	1	4.07900000e+02	4.07900000e+02	9.90000000e-01	1	4.12020202e+02	4.07927196e+02	4.07947593e+00	2.35528653e+00	4.03847720e+02	4.12006672e+02
4.64900000e+02	4.07200000e+02	1.01000000e+00	1	4.03168317e+02	4.07200000e+02	1.00000000e+00	1	4.07200000e+02	4.07200000e+02	9.90000000e-01	1	4.11313131e+02	4.07227149e+02	4.07247511e+00	2.35124460e+00	4.03154674e+02	4.11299624e+02
4.65000000e+02	4.06600000e+02	1.01000000e+00	1	4.02574257e+02	4.06600000e+02	1.00000000e+00	1	4.06600000e+02	4.06600000e+02	9.90000000e-01	1	4.10707071e+02	4.06627109e+02	4.06647441e+00	2.34778010e+00	4.02560635e+02	4.10693584e+02
4.65100000e+02	4.05700000e+02	1.01000000e+00	1	4.01683168e+02	4.05700000e+02	1.00000000e+00	1	4.05700000e+02	4.05700000e+02	9.90000000e-01	1	4.09797980e+02	4.05727049e+02	4.05747336e+00	2.34258334e+00	4.01669576e+02	4.09784523e+02
4.65200000e+02	4.05100000e+02	1.01000000e+00	1	4.01089109e+02	4.05100000e+02	1.00000000e+00	1	4.05100000e+02	4.05100000e+02	9.90000000e-01	1	4.09191919e+02	4.05127009e+02	4.05147266e+00	2.33911883e+00	4.01075537e+02	4.09178482e+02
4.65300000e+02	4.04500000e+02	1.01000000e+00	1	4.00495050e+02	4.04500000e+02	1.00000000e+00	1	4.04500000e+02	4.04500000e+02	9.90000000e-01	1	4.08585859e+02	4.04526969e+02	4.04547196e+00	2.33565433e+00	4.00481497e+02	4.08572441e+02
4.65400000e+02	4.03900000e+02	1.01000000e+00	1	3.99900990e+02	4.03900000e+02	1.00000000e+00	1	4.03900000e+02	4.03900000e+02	9.90000000e-01	1	4.07979798e+02	4.03926929e+02	4.03947126e+00	2.33218982e+00	3.99887458e+02	4.07966401e+02
4.65500000e+02	4.03300000e+02	1.01000000e+00	1	3.99306931e+02	4.03300000e+02	1.00000000e+00	1	4.03300000e+02	4.03300000e+02	9.90000000e-01	1	4.07373737e+02	4.03326889e+02	4.03347056e+00	2.32872532e+00	3.99293419e+02	4.07360360e+02
4.65600000e+02	4.02600000e+02	1.01000000e+00	1	3.98613861e+02	4.02600000e+02	1.00000000e+00	1	4.02600000e+02	4.02600000e+02	9.90000000e-01	1	4.06666667e+02	4.02626843e+02	4.02646975e+00	2.32468339e+00	3.98600373e+02	4.06653312e+02
4.65700000e+02	4.01900000e+02	1.01000000e+00	1	3.97920792e+02	4.01900000e+02	1.00000000e+00	1	4.01900000e+02	4.01900000e+02	9.90000000e-01	1	4.05959596e+02	4.01926796e+02	4.01946893e+00	2.32064147e+00	3.97907327e+02	4.05946265e+02
4.65800000e+02	4.01200000e+02	1.01000000e+00	1	3.97227723e+02	4.01200000e+02	1.00000000e+00	1	4.01200000e+02	4.01200000e+02	9.90000000e-01	1	4.05252525e+02	4.01226749e+02	4.01246811e+00	2.31659955e+00	3.97214281e+02	4.05239217e+02
4.65900000e+02	4.00800000e+02	1.01000000e+00	1	3.96831683e+02	4.00800000e+02	1.00000000e+00	1	4.00800000e+02	4.00800000e+02	9.90000000e-01	1	4.04848485e+02	4.00826723e+02	4.00846765e+00	2.31428987e+00	3.96818255e+02	4.04835190e+02
4.66000000e+02	4.00000000e+02	1.01000000e+00	1	3.96039604e+02	4.00000000e+02	1.00000000e+00	1	4.00000000e+02	4.00000000e+02	9.90000000e-01	1	4.04040404e+02	4.00026669e+02	4.00046671e+00	2.30967053e+00	3.96026203e+02	4.04027136e+02
4.66100000e+02	3.99100000e+02	1.01000000e+00	1	3.95148515e+02	3.99100000e+02	1.00000000e+00	1	3.99100000e+02	3.99100000e+02	9.90000000e-01	1	4.03131313e+02	3.99126609e+02	3.99146566e+00	2.30447377e+00	3.95135144e+02	4.03118075e+02
4.66200000e+02	3.98500000e+02	1.01000000e+00	1	3.94554455e+02	3.98500000e+02	1.00000000e+00	1	3.98500000e+02	3.98500000e+02	9.90000000e-01	1	4.02525253e+02	3.98526569e+02	3.98546496e+00	2.30100927e+00	3.94541104e+02	4.02512034e+02
4.66300000e+02	3.97700000e+02	1.01000000e+00	1	3.93762376e+02	3.97700000e+02	1.00000000e+00	1	3.97700000e+02	3.97700000e+02	9.90000000e-01	1	4.01717172e+02	3.97726516e+02	3.97746403e+00	2.29638993e+00	3.93749052e+02	4.01703980e+02
4.66400000e+02	3.97000000e+02	1.01000000e+00	1	3.93069307e+02	3.97000000e+02	1.00000000e+00	1	3.97000000e+02	3.97000000e+02	9.90000000e-01	1	4.01010101e+02	3.97026469e+02	3.97046321e+00	2.29234800e+00	3.93056006e+02	4.00996933e+02
4.66500000e+02	3.96200000e+02	1.01000000e+00	1	3.92277228e+02	3.96200000e+02	1.00000000e+00	1	3.96200000e+02	3.96200000e+02	9.90000000e-01	1	4.00202020e+02	3.96226416e+02	3.96246228e+00	2.28772866e+00	3.92263954e+02	4.00188878e+02
4.66600000e+02	3.95800000e+02	1.01000000e+00	1	3.91881188e+02	3.95800000e+02	1.00000000e+00	1	3.95800000e+02	3.95800000e+02	9.90000000e-01	1	3.99797980e+02	3.95826389e+02	3.95846181e+00	2.28541899e+00	3.91867927e+02	3.99784851e+02
4.66700000e+02	3.94900000e+02	1.01000000e+00	1	3.90990099e+02	3.94900000e+02	1.00000000e+00	1	3.94900000e+02	3.94900000e+02	9.90000000e-01	1	3.98888889e+02	3.94926329e+02	3.94946076e+00	2.28022223e+00	3.90976869e+02	3.98875790e+02
4.66800000e+02	3.94100000e+02	1.01000000e+00	1	3.90198020e+02	3.94100000e+02	1.00000000e+00	1	3.94100000e+02	3.94100000e+02	9.90000000e-01	1	3.98080808e+02	3.94126276e+02	3.94145983e+00	2.27560289e+00	3.90184816e+02	3.98067736e+02
4.66900000e+02	3.93400000e+02	1.01000000e+00	1	3.89504950e+02	3.93400000e+02	1.00000000e+00	1	3.93400000e+02	3.93400000e+02	9.90000000e-01	1	3.97373737e+02	3.93426229e+02	3.93445901e+00	2.27156097e+00	3.89491770e+02	3.97360688e+02
4.67000000e+02	3.92800000e+02	1.01000000e+00	1	3.88910891e+02	3.92800000e+02	1.00000000e+00	1	3.92800000e+02	3.92800000e+02	9.90000000e-01	1	3.96767677e+02	3.92826189e+02	3.92845831e+00	2.26809646e+00	3.88897731e+02	3.96754648e+02
4.67100000e+02	3.92300000e+02	1.01000000e+00	1	3.88415842e+02	3.92300000e+02	1.00000000e+00	1	3.92300000e+02	3.92300000e+02	9.90000000e-01	1	3.96262626e+02	3.92326156e+02	3.92345773e+00	2.26520938e+00	3.88402698e+02	3.96249614e+02
4.67200000e+02	3.91600000e+02	1.01000000e+00	1	3.87722772e+02	3.91600000e+02	1.00000000e+00	1	3.91600000e+02	3.91600000e+02	9.90000000e-01	1	3.95555556e+02	3.91626109e+02	3.91645691e+00	2.26116745e+00	3.87709652e+02	3.95542566e+02
4.67300000e+02	3.90700000e+02	1.01000000e+00	1	3.86831683e+02	3.90700000e+02	1.00000000e+00	1	3.90700000e+02	3.90700000e+02	9.90000000e-01	1	3.94646465e+02	3.90726049e+02	3.90745586e+00	2.25597069e+00	3.86818593e+02	3.94633505e+02
4.67400000e+02	3.89900000e+02	1.01000000e+00	1	3.86039604e+02	3.89900000e+02	1.00000000e+00	1	3.89900000e+02	3.89900000e+02	9.90000000e-01	1	3.93838384e+02	3.89925996e+02	3.89945493e+00	2.25135135e+00	3.86026541e+02	3.93825451e+02
4.67500000e+02	3.89300000e+02	1.01000000e+00	1	3.85445545e+02	3.89300000e+02	1.00000000e+00	1	3.89300000e+02	3.89300000e+02	9.90000000e-01	1	3.93232323e+02	3.89325956e+02	3.89345423e+00	2.24788685e+00	3.85432502e+02	3.93219410e+02
4.67600000e+02	3.88600000e+02	1.01000000e+00	1	3.84752475e+02	3.88600000e+02	1.00000000e+00	1	3.88600000e+02	3.88600000e+02	9.90000000e-01	1	3.92525253e+02	3.88625909e+02	3.88645341e+00	2.24384492e+00	3.84739456e+02	3.92512363e+02
4.67700000e+02	3.87900000e+02	1.01000000e+00	1	3.84059406e+02	3.87900000e+02	1.00000000e+00	1	3.87900000e+02	3.87900000e+02	9.90000000e-01	1	3.91818182e+02	3.87925863e+02	3.87945259e+00	2.23980300e+00	3.84046410e+02	3.91805315e+02
4.67800000e+02	3.87200000e+02	1.01000000e+00	1	3.83366337e+02	3.87200000e+02	1.00000000e+00	1	3.87200000e+02	3.87200000e+02	9.90000000e-01	1	3.91111111e+02	3.87225816e+02	3.87245178e+00	2.23576108e+00	3.83353364e+02	3.91098268e+02
4.67900000e+02	3.86400000e+02	1.01000000e+00	1	3.82574257e+02	3.86400000e+02	1.00000000e+00	1	3.86400000e+02	3.86400000e+02	9.90000000e-01	1	3.90303030e+02	3.86425763e+02	3.86445084e+00	2.23114174e+00	3.82561312e+02	3.90290213e+02
4.68000000e+02	3.85700000e+02	1.01000000e+00	1	3.81881188e+02	3.85700000e+02	1.00000000e+00	1	3.85700000e+02	3.85700000e+02	9.90000000e-01	1	3.89595960e+02	3.85725716e+02	3.85745003e+00	2.22709981e+00	3.81868266e+02	3.89583166e+02
4.68100000e+02	3.85200000e+02	1.01000000e+00	1	3.81386139e+02	3.85200000e+02	1.00000000e+00	1	3.85200000e+02	3.85200000e+02	9.90000000e-01	1	3.89090909e+02	3.85225683e+02	3.85244944e+00	2.22421272e+00	3.81373233e+02	3.89078132e+02
4.68200000e+02	3.84300000e+02	1.01000000e+00	1	3.80495050e+02	3.84300000e+02	1.00000000e+00	1	3.84300000e+02	3.84300000e+02	9.90000000e-01	1	3.88181818e+02	3.84325623e+02	3.84344839e+00	2.21901597e+00	3.80482174e+02	3.88169071e+02
4.68300000e+02	3.83600000e+02	1.01000000e+00	1	3.79801980e+02	3.83600000e+02	1.00000000e+00	1	3.83600000e+02	3.83600000e+02	9.90000000e-01	1	3.87474747e+02	3.83625576e+02	3.83644758e+00	2.21497404e+00	3.79789128e+02	3.87462023e+02
4.68400000e+02	3.82800000e+02	1.01000000e+00	1	3.79009901e+02	3.82800000e+02	1.00000000e+00	1	3.82800000e+02	3.82800000e+02	9.90000000e-01	1	3.86666667e+02	3.82825523e+02	3.82844664e+00	2.21035470e+00	3.78997076e+02	3.86653969e+02
4.68500000e+02	3.82400000e+02	1.01000000e+00	1	3.78613861e+02	3.82400000e+02	1.00000000e+00	1	3.82400000e+02	3.82400000e+02	9.90000000e-01	1	3.86262626e+02	3.82425496e+02	3.82444618e+00	2.20804503e+00	3.78601050e+02	3.86249942e+02
4.68600000e+02	3.81400000e+02	1.01000000e+00	1	3.77623762e+02	3.81400000e+02	1.00000000e+00	1	3.81400000e+02	3.81400000e+02	9.90000000e-01	1	3.85252525e+02	3.81425429e+02	3.81444501e+00	2.20227085e+00	3.77610984e+02	3.85239874e+02
4.68700000e+02	3.80800000e+02	1.01000000e+00	1	3.77029703e+02	3.80800000e+02	1.00000000e+00	1	3.80800000e+02	3.80800000e+02	9.90000000e-01	1	3.84646465e+02	3.80825389e+02	3.80844431e+00	2.19880635e+00	3.77016945e+02	3.84633834e+02
4.68800000e+02	3.80100000e+02	1.01000000e+00	1	3.76336634e+02	3.80100000e+02	1.00000000e+00	1	3.80100000e+02	3.80100000e+02	9.90000000e-01	1	3.83939394e+02	3.80125343e+02	3.80144349e+00	2.19476442e+00	3.76323899e+02	3.83926786e+02
4.68900000e+02	3.79200000e+02	1.01000000e+00	1	3.75445545e+02	3.79200000e+02	1.00000000e+00	1	3.79200000e+02	3.79200000e+02	9.90000000e-01	1	3.83030303e+02	3.79225283e+02	3.79244244e+00	2.18956767e+00	3.75432840e+02	3.83017725e+02
4.69000000e+02	3.78500000e+02	1.01000000e+00	1	3.74752475e+02	3.78500000e+02	1.00000000e+00	1	3.78500000e+02	3.78500000e+02	9.90000000e-01	1	3.82323232e+02	3.78525236e+02	3.78544163e+00	2.18552574e+00	3.74739794e+02	3.82310677e+02
4.69100000e+02	3.77800000e+02	1.01000000e+00	1	3.74059406e+02	3.77800000e+02	1.00000000e+00	1	3.77800000e+02	3.77800000e+02	9.90000000e-01	1	3.81616162e+02	3.77825189e+02	3.77844081e+00	2.18148382e+00	3.74046748e+02	3.81603630e+02
4.69200000e+02	3.77200000e+02	1.01000000e+00	1	3.73465347e+02	3.77200000e+02	1.00000000e+00	1	3.77200000e+02	3.77200000e+02	9.90000000e-01	1	3.81010101e+02	3.77225149e+02	3.77244011e+00	2.17801931e+00	3.73452709e+02	3.80997589e+02
4.69300000e+02	3.76400000e+02	1.01000000e+00	1	3.72673267e+02	3.76400000e+02	1.00000000e+00	1	3.76400000e+02	3.76400000e+02	9.90000000e-01	1	3.80202020e+02	3.76425096e+02	3.76443918e+00	2.17339997e+00	3.72660657e+02	3.80189535e+02
4.69400000e+02	3.75600000e+02	1.01000000e+00	1	3.71881188e+02	3.75600000e+02	1.00000000e+00	1	3.75600000e+02	3.75600000e+02	9.90000000e-01	1	3.79393939e+02	3.75625043e+02	3.75643824e+00	2.16878063e+00	3.71868604e+02	3.79381481e+02
4.69500000e+02	3.75000000e+02	1.01000000e+00	1	3.71287129e+02	3.75000000e+02	1.00000000e+00	1	3.75000000e+02	3.75000000e+02	9.90000000e-01	1	3.78787879e+02	3.75025003e+02	3.75043754e+00	2.16531613e+00	3.71274565e+02	3.78775440e+02
4.69600000e+02	3.74100000e+02	1.01000000e+00	1	3.70396040e+02	3.74100000e+02	1.00000000e+00	1	3.74100000e+02	3.74100000e+02	9.90000000e-01	1	3.77878788e+02	3.74124942e+02	3.74143649e+00	2.16011937e+00	3.70383506e+02	3.77866379e+02
4.69700000e+02	3.73400000e+02	1.01000000e+00	1	3.69702970e+02	3.73400000e+02	1.00000000e+00	1	3.73400000e+02	3.73400000e+02	9.90000000e-01	1	3.77171717e+02	3.73424896e+02	3.73443568e+00	2.15607744e+00	3.69690460e+02	3.77159331e+02
4.69800000e+02	3.72800000e+02	1.01000000e+00	1	3.69108911e+02	3.72800000e+02	1.00000000e+00	1	3.72800000e+02	3.72800000e+02	9.90000000e-01	1	3.76565657e+02	3.72824856e+02	3.72843498e+00	2.15261294e+00	3.69096421e+02	3.76553291e+02
4.69900000e+02	3.71900000e+02	1.01000000e+00	1	3.68217822e+02	3.71900000e+02	1.00000000e+00	1	3.71900000e+02	3.71900000e+02	9.90000000e-01	1	3.75656566e+02	3.71924796e+02	3.71943393e+00	2.14741618e+00	3.68205362e+02	3.75644230e+02
4.70000000e+02	3.71200000e+02	1.01000000e+00	1	3.67524752e+02	3.71200000e+02	1.00000000e+00	1	3.71200000e+02	3.71200000e+02	9.90000000e-01	1	3.74949495e+02	3.71224749e+02	3.71243311e+00	2.14337426e+00	3.67512316e+02	3.74937182e+02
4.70100000e+02	3.70600000e+02	1.01000000e+00	1	3.66930693e+02	3.70600000e+02	1.00000000e+00	1	3.70600000e+02	3.70600000e+02	9.90000000e-01	1	3.74343434e+02	3.70624709e+02	3.70643241e+00	2.13990975e+00	3.66918277e+02	3.74331142e+02
4.70200000e+02	3.69800000e+02	1.01000000e+00	1	3.66138614e+02	3.69800000e+02	1.00000000e+00	1	3.69800000e+02	3.69800000e+02	9.90000000e-01	1	3.73535354e+02	3.69824656e+02	3.69843148e+00	2.13529041e+00	3.66126224e+02	3.73523087e+02
4.70300000e+02	3.69000000e+02	1.01000000e+00	1	3.65346535e+02	3.69000000e+02	1.00000000e+00	1	3.69000000e+02	3.69000000e+02	9.90000000e-01	1	3.72727273e+02	3.69024602e+02	3.69043054e+00	2.13067107e+00	3.65334172e+02	3.72715033e+02
4.70400000e+02	3.68200000e+02	1.01000000e+00	1	3.64554455e+02	3.68200000e+02	1.00000000e+00	1	3.68200000e+02	3.68200000e+02	9.90000000e-01	1	3.71919192e+02	3.68224549e+02	3.68242961e+00	2.12605173e+00	3.64542120e+02	3.71906979e+02
4.70500000e+02	3.67500000e+02	1.01000000e+00	1	3.63861386e+02	3.67500000e+02	1.00000000e+00	1	3.67500000e+02	3.67500000e+02	9.90000000e-01	1	3.71212121e+02	3.67524502e+02	3.67542879e+00	2.12200980e+00	3.63849074e+02	3.71199931e+02
4.70600000e+02	3.66700000e+02	1.01000000e+00	1	3.63069307e+02	3.66700000e+02	1.00000000e+00	1	3.66700000e+02	3.66700000e+02	9.90000000e-01	1	3.70404040e+02	3.66724449e+02	3.66742786e+00	2.11739046e+00	3.63057021e+02	3.70391877e+02
4.70700000e+02	3.66100000e+02	1.01000000e+00	1	3.62475248e+02	3.66100000e+02	1.00000000e+00	1	3.66100000e+02	3.66100000e+02	9.90000000e-01	1	3.69797980e+02	3.66124409e+02	3.66142716e+00	2.11392596e+00	3.62462982e+02	3.69785836e+02
4.70800000e+02	3.65300000e+02	1.01000000e+00	1	3.61683168e+02	3.65300000e+02	1.00000000e+00	1	3.65300000e+02	3.65300000e+02	9.90000000e-01	1	3.68989899e+02	3.65324356e+02	3.65342623e+00	2.10930661e+00	3.61670930e+02	3.68977782e+02
4.70900000e+02	3.64400000e+02	1.01000000e+00	1	3.60792079e+02	3.64400000e+02	1.00000000e+00	1	3.64400000e+02	3.64400000e+02	9.90000000e-01	1	3.68080808e+02	3.64424296e+02	3.64442518e+00	2.10410986e+00	3.60779871e+02	3.68068721e+02
4.71000000e+02	3.63700000e+02	1.01000000e+00	1	3.60099010e+02	3.63700000e+02	1.00000000e+00	1	3.63700000e+02	3.63700000e+02	9.90000000e-01	1	3.67373737e+02	3.63724249e+02	3.63742436e+00	2.10006793e+00	3.60086825e+02	3.67361673e+02
4.71100000e+02	3.63300000e+02	1.01000000e+00	1	3.59702970e+02	3.63300000e+02	1.00000000e+00	1	3.63300000e+02	3.63300000e+02	9.90000000e-01	1	3.66969697e+02	3.63324222e+02	3.63342389e+00	2.09775826e+00	3.59690799e+02	3.66957646e+02
4.71200000e+02	3.62400000e+02	1.01000000e+00	1	3.58811881e+02	3.62400000e+02	1.00000000e+00	1	3.62400000e+02	3.62400000e+02	9.90000000e-01	1	3.66060606e+02	3.62424162e+02	3.62442284e+00	2.09256150e+00	3.58799740e+02	3.66048585e+02
4.71300000e+02	3.61500000e+02	1.01000000e+00	1	3.57920792e+02	3.61500000e+02	1.00000000e+00	1	3.61500000e+02	3.61500000e+02	9.90000000e-01	1	3.65151515e+02	3.61524102e+02	3.61542179e+00	2.08736474e+00	3.57908681e+02	3.65139524e+02
4.71400000e+02	3.60800000e+02	1.01000000e+00	1	3.57227723e+02	3.60800000e+02	1.00000000e+00	1	3.60800000e+02	3.60800000e+02	9.90000000e-01	1	3.64444444e+02	3.60824056e+02	3.60842097e+00	2.08332282e+00	3.57215635e+02	3.64432477e+02
4.71500000e+02	3.60000000e+02	1.01000000e+00	1	3.56435644e+02	3.60000000e+02	1.00000000e+00	1	3.60000000e+02	3.60000000e+02	9.90000000e-01	1	3.63636364e+02	3.60024002e+02	3.60042004e+00	2.07870348e+00	3.56423582e+02	3.63624422e+02
4.71600000e+02	3.59400000e+02	1.01000000e+00	1	3.55841584e+02	3.59400000e+02	1.00000000e+00	1	3.59400000e+02	3.59400000e+02	9.90000000e-01	1	3.63030303e+02	3.59423962e+02	3.59441934e+00	2.07523897e+00	3.55829543e+02	3.63018382e+02
4.71700000e+02	3.58600000e+02	1.01000000e+00	1	3.55049505e+02	3.58600000e+02	1.00000000e+00	1	3.58600000e+02	3.58600000e+02	9.90000000e-01	1	3.62222222e+02	3.58623909e+02	3.58641841e+00	2.07061963e+00	3.55037491e+02	3.62210327e+02
4.71800000e+02	3.57800000e+02	1.01000000e+00	1	3.54257426e+02	3.57800000e+02	1.00000000e+00	1	3.57800000e+02	3.57800000e+02	9.90000000e-01	1	3.61414141e+02	3.57823856e+02	3.57841747e+00	2.06600029e+00	3.54245438e+02	3.61402273e+02
4.71900000e+02	3.57100000e+02	1.01000000e+00	1	3.53564356e+02	3.57100000e+02	1.00000000e+00	1	3.57100000e+02	3.57100000e+02	9.90000000e-01	1	3.60707071e+02	3.57123809e+02	3.57141666e+00	2.06195837e+00	3.53552392e+02	3.60695226e+02
4.72000000e+02	3.56300000e+02	1.01000000e+00	1	3.52772277e+02	3.56300000e+02	1.00000000e+00	1	3.56300000e+02	3.56300000e+02	9.90000000e-01	1	3.59898990e+02	3.56323756e+02	3.56341572e+00	2.05733903e+00	3.52760340e+02	3.59887171e+02
4.72100000e+02	3.55600000e+02	1.01000000e+00	1	3.52079208e+02	3.55600000e+02	1.00000000e+00	1	3.55600000e+02	3.55600000e+02	9.90000000e-01	1	3.59191919e+02	3.55623709e+02	3.55641491e+00	2.05329710e+00	3.52067294e+02	3.59180124e+02
4.72200000e+02	3.54600000e+02	1.01000000e+00	1	3.51089109e+02	3.54600000e+02	1.00000000e+00	1	3.54600000e+02	3.54600000e+02	9.90000000e-01	1	3.58181818e+02	3.54623642e+02	3.54641374e+00	2.04752293e+00	3.51077229e+02	3.58170056e+02
4.72300000e+02	3.53900000e+02	1.01000000e+00	1	3.50396040e+02	3.53900000e+02	1.00000000e+00	1	3.53900000e+02	3.53900000e+02	9.90000000e-01	1	3.57474747e+02	3.53923596e+02	3.53941292e+00	2.04348100e+00	3.50384183e+02	3.57463009e+02
4.72400000e+02	3.53100000e+02	1.01000000e+00	1	3.49603960e+02	3.53100000e+02	1.00000000e+00	1	3.53100000e+02	3.53100000e+02	9.90000000e-01	1	3.56666667e+02	3.53123542e+02	3.53141199e+00	2.03886166e+00	3.49592130e+02	3.56654954e+02
4.72500000e+02	3.52400000e+02	1.01000000e+00	1	3.48910891e+02	3.52400000e+02	1.00000000e+00	1	3.52400000e+02	3.52400000e+02	9.90000000e-01	1	3.55959596e+02	3.52423496e+02	3.52441117e+00	2.03481974e+00	3.48899085e+02	3.55947907e+02
4.72600000e+02	3.51600000e+02	1.01000000e+00	1	3.48118812e+02	3.51600000e+02	1.00000000e+00	1	3.51600000e+02	3.51600000e+02	9.90000000e-01	1	3.55151515e+02	3.51623442e+02	3.51641024e+00	2.03020040e+00	3.48107032e+02	3.55139853e+02
4.72700000e+02	3.50900000e+02	1.01000000e+00	1	3.47425743e+02	3.50900000e+02	1.00000000e+00	1	3.50900000e+02	3.50900000e+02	9.90000000e-01	1	3.54444444e+02	3.50923396e+02	3.50940942e+00	2.02615848e+00	3.47413986e+02	3.54432805e+02
4.72800000e+02	3.50200000e+02	1.01000000e+00	1	3.46732673e+02	3.50200000e+02	1.00000000e+00	1	3.50200000e+02	3.50200000e+02	9.90000000e-01	1	3.53737374e+02	3.50223349e+02	3.50240861e+00	2.02211655e+00	3.46720940e+02	3.53725758e+02
4.72900000e+02	3.49400000e+02	1.01000000e+00	1	3.45940594e+02	3.49400000e+02	1.00000000e+00	1	3.49400000e+02	3.49400000e+02	9.90000000e-01	1	3.52929293e+02	3.49423296e+02	3.49440767e+00	2.01749721e+00	3.45928888e+02	3.52917703e+02
4.73000000e+02	3.48800000e+02	1.01000000e+00	1	3.45346535e+02	3.48800000e+02	1.00000000e+00	1	3.48800000e+02	3.48800000e+02	9.90000000e-01	1	3.52323232e+02	3.48823256e+02	3.48840697e+00	2.01403271e+00	3.45334849e+02	3.52311663e+02
4.73100000e+02	3.47900000e+02	1.01000000e+00	1	3.44455446e+02	3.47900000e+02	1.00000000e+00	1	3.47900000e+02	3.47900000e+02	9.90000000e-01	1	3.51414141e+02	3.47923196e+02	3.47940592e+00	2.00883595e+00	3.44443790e+02	3.51402602e+02
4.73200000e+02	3.47000000e+02	1.01000000e+00	1	3.43564356e+02	3.47000000e+02	1.00000000e+00	1	3.47000000e+02	3.47000000e+02	9.90000000e-01	1	3.50505051e+02	3.47023136e+02	3.47040487e+00	2.00363919e+00	3.43552731e+02	3.50493541e+02
4.73300000e+02	3.46300000e+02	1.01000000e+00	1	3.42871287e+02	3.46300000e+02	1.00000000e+00	1	3.46300000e+02	3.46300000e+02	9.90000000e-01	1	3.49797980e+02	3.46323089e+02	3.46340406e+00	1.99959726e+00	3.42859685e+02	3.49786493e+02
4.73400000e+02	3.45600000e+02	1.01000000e+00	1	3.42178218e+02	3.45600000e+02	1.00000000e+00	1	3.45600000e+02	3.45600000e+02	9.90000000e-01	1	3.49090909e+02	3.45623042e+02	3.45640324e+00	1.99555534e+00	3.42166639e+02	3.49079446e+02
4.73500000e+02	3.44800000e+02	1.01000000e+00	1	3.41386139e+02	3.44800000e+02	1.00000000e+00	1	3.44800000e+02	3.44800000e+02	9.90000000e-01	1	3.48282828e+02	3.44822989e+02	3.44840231e+00	1.99093600e+00	3.41374587e+02	3.48271391e+02
4.73600000e+02	3.44000000e+02	1.01000000e+00	1	3.40594059e+02	3.44000000e+02	1.00000000e+00	1	3.44000000e+02	3.44000000e+02	9.90000000e-01	1	3.47474747e+02	3.44022936e+02	3.44040137e+00	1.98631666e+00	3.40582534e+02	3.47463337e+02
4.73700000e+02	3.43200000e+02	1.01000000e+00	1	3.39801980e+02	3.43200000e+02	1.00000000e+00	1	3.43200000e+02	3.43200000e+02	9.90000000e-01	1	3.46666667e+02	3.43222882e+02	3.43240044e+00	1.98169732e+00	3.39790482e+02	3.46655283e+02
4.73800000e+02	3.42400000e+02	1.01000000e+00	1	3.39009901e+02	3.42400000e+02	1.00000000e+00	1	3.42400000e+02	3.42400000e+02	9.90000000e-01	1	3.45858586e+02	3.42422829e+02	3.42439951e+00	1.97707798e+00	3.38998429e+02	3.45847228e+02
4.73900000e+02	3.41800000e+02	1.01000000e+00	1	3.38415842e+02	3.41800000e+02	1.00000000e+00	1	3.41800000e+02	3.41800000e+02	9.90000000e-01	1	3.45252525e+02	3.41822789e+02	3.41839881e+00	1.97361347e+00	3.38404390e+02	3.45241188e+02
4.74000000e+02	3.41000000e+02	1.01000000e+00	1	3.37623762e+02	3.41000000e+02	1.00000000e+00	1	3.41000000e+02	3.41000000e+02	9.90000000e-01	1	3.44444444e+02	3.41022736e+02	3.41039787e+00	1.96899413e+00	3.37612338e+02	3.44433133e+02
4.74100000e+02	3.40200000e+02	1.01000000e+00	1	3.36831683e+02	3.40200000e+02	1.00000000e+00	1	3.40200000e+02	3.40200000e+02	9.90000000e-01	1	3.43636364e+02	3.40222682e+02	3.40239694e+00	1.96437479e+00	3.36820285e+02	3.43625079e+02
4.74200000e+02	3.39400000e+02	1.01000000e+00	1	3.36039604e+02	3.39400000e+02	1.00000000e+00	1	3.39400000e+02	3.39400000e+02	9.90000000e-01	1	3.42828283e+02	3.39422629e+02	3.39439601e+00	1.95975545e+00	3.36028233e+02	3.42817025e+02
4.74300000e+02	3.38600000e+02	1.01000000e+00	1	3.35247525e+02	3.38600000e+02	1.00000000e+00	1	3.38600000e+02	3.38600000e+02	9.90000000e-01	1	3.42020202e+02	3.38622576e+02	3.38639507e+00	1.95513611e+00	3.35236181e+02	3.42008971e+02
4.74400000e+02	3.37800000e+02	1.01000000e+00	1	3.34455446e+02	3.37800000e+02	1.00000000e+00	1	3.37800000e+02	3.37800000e+02	9.90000000e-01	1	3.41212121e+02	3.37822522e+02	3.37839414e+00	1.95051677e+00	3.34444128e+02	3.41200916e+02
4.74500000e+02	3.37000000e+02	1.01000000e+00	1	3.33663366e+02	3.37000000e+02	1.00000000e+00	1	3.37000000e+02	3.37000000e+02	9.90000000e-01	1	3.40404040e+02	3.37022469e+02	3.37039321e+00	1.94589742e+00	3.33652076e+02	3.40392862e+02
4.74600000e+02	3.36300000e+02	1.01000000e+00	1	3.32970297e+02	3.36300000e+02	1.00000000e+00	1	3.36300000e+02	3.36300000e+02	9.90000000e-01	1	3.39696970e+02	3.36322422e+02	3.36339239e+00	1.94185550e+00	3.32959030e+02	3.39685815e+02
4.74700000e+02	3.35500000e+02	1.01000000e+00	1	3.32178218e+02	3.35500000e+02	1.00000000e+00	1	3.35500000e+02	3.35500000e+02	9.90000000e-01	1	3.38888889e+02	3.35522369e+02	3.35539146e+00	1.93723616e+00	3.32166977e+02	3.38877760e+02
4.74800000e+02	3.34800000e+02	1.01000000e+00	1	3.31485149e+02	3.34800000e+02	1.00000000e+00	1	3.34800000e+02	3.34800000e+02	9.90000000e-01	1	3.38181818e+02	3.34822322e+02	3.34839064e+00	1.93319424e+00	3.31473932e+02	3.38170713e+02
4.74900000e+02	3.34000000e+02	1.01000000e+00	1	3.30693069e+02	3.34000000e+02	1.00000000e+00	1	3.34000000e+02	3.34000000e+02	9.90000000e-01	1	3.37373737e+02	3.34022269e+02	3.34038971e+00	1.92857490e+00	3.30681879e+02	3.37362659e+02
4.75000000e+02	3.33300000e+02	1.01000000e+00	1	3.30000000e+02	3.33300000e+02	1.00000000e+00	1	3.33300000e+02	3.33300000e+02	9.90000000e-01	1	3.36666667e+02	3.33322222e+02	3.33338889e+00	1.92453297e+00	3.29988833e+02	3.36655611e+02
4.75100000e+02	3.32400000e+02	1.01000000e+00	1	3.29108911e+02	3.32400000e+02	1.00000000e+00	1	3.32400000e+02	3.32400000e+02	9.90000000e-01	1	3.35757576e+02	3.32422162e+02	3.32438784e+00	1.91933621e+00	3.29097774e+02	3.35746550e+02
4.75200000e+02	3.31800000e+02	1.01000000e+00	1	3.28514851e+02	3.31800000e+02	1.00000000e+00	1	3.31800000e+02	3.31800000e+02	9.90000000e-01	1	3.35151515e+02	3.31822122e+02	3.31838714e+00	1.91587171e+00	3.28503735e+02	3.35140509e+02
4.75300000e+02	3.30900000e+02	1.01000000e+00	1	3.27623762e+02	3.30900000e+02	1.00000000e+00	1	3.30900000e+02	3.30900000e+02	9.90000000e-01	1	3.34242424e+02	3.30922062e+02	3.30938609e+00	1.91067495e+00	3.27612676e+02	3.34231448e+02
4.75400000e+02	3.30100000e+02	1.01000000e+00	1	3.26831683e+02	3.30100000e+02	1.00000000e+00	1	3.30100000e+02	3.30100000e+02	9.90000000e-01	1	3.33434343e+02	3.30122009e+02	3.30138515e+00	1.90605561e+00	3.26820624e+02	3.33423394e+02
4.75500000e+02	3.29200000e+02	1.01000000e+00	1	3.25940594e+02	3.29200000e+02	1.00000000e+00	1	3.29200000e+02	3.29200000e+02	9.90000000e-01	1	3.32525253e+02	3.29221949e+02	3.29238410e+00	1.90085885e+00	3.25929565e+02	3.32514333e+02
4.75600000e+02	3.28400000e+02	1.01000000e+00	1	3.25148515e+02	3.28400000e+02	1.00000000e+00	1	3.28400000e+02	3.28400000e+02	9.90000000e-01	1	3.31717172e+02	3.28421896e+02	3.28438317e+00	1.89623951e+00	3.25137512e+02	3.31706279e+02
4.75700000e+02	3.27600000e+02	1.01000000e+00	1	3.24356436e+02	3.27600000e+02	1.00000000e+00	1	3.27600000e+02	3.27600000e+02	9.90000000e-01	1	3.30909091e+02	3.27621842e+02	3.27638224e+00	1.89162017e+00	3.24345460e+02	3.30898224e+02
4.75800000e+02	3.26900000e+02	1.01000000e+00	1	3.23663366e+02	3.26900000e+02	1.00000000e+00	1	3.26900000e+02	3.26900000e+02	9.90000000e-01	1	3.30202020e+02	3.26921796e+02	3.26938142e+00	1.88757824e+00	3.23652414e+02	3.30191177e+02
4.75900000e+02	3.26000000e+02	1.01000000e+00	1	3.22772277e+02	3.26000000e+02	1.00000000e+00	1	3.26000000e+02	3.26000000e+02	9.90000000e-01	1	3.29292929e+02	3.26021736e+02	3.26038037e+00	1.88238148e+00	3.22761355e+02	3.29282116e+02
4.76000000e+02	3.25200000e+02	1.01000000e+00	1	3.21980198e+02	3.25200000e+02	1.00000000e+00	1	3.25200000e+02	3.25200000e+02	9.90000000e-01	1	3.28484848e+02	3.25221682e+02	3.25237944e+00	1.87776214e+00	3.21969303e+02	3.28474062e+02
4.76100000e+02	3.24500000e+02	1.01000000e+00	1	3.21287129e+02	3.24500000e+02	1.00000000e+00	1	3.24500000e+02	3.24500000e+02	9.90000000e-01	1	3.27777778e+02	3.24521635e+02	3.24537862e+00	1.87372022e+00	3.21276257e+02	3.27767014e+02
4.76200000e+02	3.23700000e+02	1.01000000e+00	1	3.20495050e+02	3.23700000e+02	1.00000000e+00	1	3.23700000e+02	3.23700000e+02	9.90000000e-01	1	3.26969697e+02	3.23721582e+02	3.23737769e+00	1.86910088e+00	3.20484204e+02	3.26958960e+02
4.76300000e+02	3.22900000e+02	1.01000000e+00	1	3.19702970e+02	3.22900000e+02	1.00000000e+00	1	3.22900000e+02	3.22900000e+02	9.90000000e-01	1	3.26161616e+02	3.22921529e+02	3.22937675e+00	1.86448154e+00	3.19692152e+02	3.26150906e+02
4.76400000e+02	3.22100000e+02	1.01000000e+00	1	3.18910891e+02	3.22100000e+02	1.00000000e+00	1	3.22100000e+02	3.22100000e+02	9.90000000e-01	1	3.25353535e+02	3.22121475e+02	3.22137582e+00	1.85986220e+00	3.18900100e+02	3.25342851e+02
4.76500000e+02	3.21400000e+02	1.01000000e+00	1	3.18217822e+02	3.21400000e+02	1.00000000e+00	1	3.21400000e+02	3.21400000e+02	9.90000000e-01	1	3.24646465e+02	3.21421429e+02	3.21437500e+00	1.85582027e+00	3.18207054e+02	3.24635804e+02
4.76600000e+02	3.20600000e+02	1.01000000e+00	1	3.17425743e+02	3.20600000e+02	1.00000000e+00	1	3.20600000e+02	3.20600000e+02	9.90000000e-01	1	3.23838384e+02	3.20621375e+02	3.20637407e+00	1.85120093e+00	3.17415001e+02	3.23827750e+02
4.76700000e+02	3.19900000e+02	1.01000000e+00	1	3.16732673e+02	3.19900000e+02	1.00000000e+00	1	3.19900000e+02	3.19900000e+02	9.90000000e-01	1	3.23131313e+02	3.19921329e+02	3.19937325e+00	1.84715901e+00	3.16721956e+02	3.23120702e+02
4.76800000e+02	3.19100000e+02	1.01000000e+00	1	3.15940594e+02	3.19100000e+02	1.00000000e+00	1	3.19100000e+02	3.19100000e+02	9.90000000e-01	1	3.22323232e+02	3.19121275e+02	3.19137232e+00	1.84253967e+00	3.15929903e+02	3.22312648e+02
4.76900000e+02	3.18100000e+02	1.01000000e+00	1	3.14950495e+02	3.18100000e+02	1.00000000e+00	1	3.18100000e+02	3.18100000e+02	9.90000000e-01	1	3.21313131e+02	3.18121209e+02	3.18137115e+00	1.83676549e+00	3.14939838e+02	3.21302580e+02
4.77000000e+02	3.17500000e+02	1.01000000e+00	1	3.14356436e+02	3.17500000e+02	1.00000000e+00	1	3.17500000e+02	3.17500000e+02	9.90000000e-01	1	3.20707071e+02	3.17521169e+02	3.17537045e+00	1.83330099e+00	3.14345798e+02	3.20696539e+02
4.77100000e+02	3.16700000e+02	1.01000000e+00	1	3.13564356e+02	3.16700000e+02	1.00000000e+00	1	3.16700000e+02	3.16700000e+02	9.90000000e-01	1	3.19898990e+02	3.16721115e+02	3.16736952e+00	1.82868164e+00	3.13553746e+02	3.19888485e+02
4.77200000e+02	3.15800000e+02	1.01000000e+00	1	3.12673267e+02	3.15800000e+02	1.00000000e+00	1	3.15800000e+02	3.15800000e+02	9.90000000e-01	1	3.18989899e+02	3.15821055e+02	3.15836847e+00	1.82348489e+00	3.12662687e+02	3.18979424e+02
4.77300000e+02	3.15000000e+02	1.01000000e+00	1	3.11881188e+02	3.15000000e+02	1.00000000e+00	1	3.15000000e+02	3.15000000e+02	9.90000000e-01	1	3.18181818e+02	3.15021002e+02	3.15036754e+00	1.81886555e+00	3.11870635e+02	3.18171370e+02
4.77400000e+02	3.14300000e+02	1.01000000e+00	1	3.11188119e+02	3.14300000e+02	1.00000000e+00	1	3.14300000e+02	3.14300000e+02	9.90000000e-01	1	3.17474747e+02	3.14320955e+02	3.14336672e+00	1.81482362e+00	3.11177589e+02	3.17464322e+02
4.77500000e+02	3.13500000e+02	1.01000000e+00	1	3.10396040e+02	3.13500000e+02	1.00000000e+00	1	3.13500000e+02	3.13500000e+02	9.90000000e-01	1	3.16666667e+02	3.13520902e+02	3.13536579e+00	1.81020428e+00	3.10385536e+02	3.16656268e+02
4.77600000e+02	3.12700000e+02	1.01000000e+00	1	3.09603960e+02	3.12700000e+02	1.00000000e+00	1	3.12700000e+02	3.12700000e+02	9.90000000e-01	1	3.15858586e+02	3.12720849e+02	3.12736485e+00	1.80558494e+00	3.09593484e+02	3.15848214e+02
4.77700000e+02	3.11900000e+02	1.01000000e+00	1	3.08811881e+02	3.11900000e+02	1.00000000e+00	1	3.11900000e+02	3.11900000e+02	9.90000000e-01	1	3.15050505e+02	3.11920795e+02	3.11936392e+00	1.80096560e+00	3.08801431e+02	3.15040159e+02
4.77800000e+02	3.11100000e+02	1.01000000e+00	1	3.08019802e+02	3.11100000e+02	1.00000000e+00	1	3.11100000e+02	3.11100000e+02	9.90000000e-01	1	3.14242424e+02	3.11120742e+02	3.11136299e+00	1.79634626e+00	3.08009379e+02	3.14232105e+02
4.77900000e+02	3.10300000e+02	1.01000000e+00	1	3.07227723e+02	3.10300000e+02	1.00000000e+00	1	3.10300000e+02	3.10300000e+02	9.90000000e-01	1	3.13434343e+02	3.10320689e+02	3.10336205e+00	1.79172692e+00	3.07217327e+02	3.13424051e+02
4.78000000e+02	3.09600000e+02	1.01000000e+00	1	3.06534653e+02	3.09600000e+02	1.00000000e+00	1	3.09600000e+02	3.09600000e+02	9.90000000e-01	1	3.12727273e+02	3.09620642e+02	3.09636124e+00	1.78768499e+00	3.06524281e+02	3.12717003e+02
4.78100000e+02	3.08900000e+02	1.01000000e+00	1	3.05841584e+02	3.08900000e+02	1.00000000e+00	1	3.08900000e+02	3.08900000e+02	9.90000000e-01	1	3.12020202e+02	3.08920595e+02	3.08936042e+00	1.78364307e+00	3.05831235e+02	3.12009956e+02
4.78200000e+02	3.08000000e+02	1.01000000e+00	1	3.04950495e+02	3.08000000e+02	1.00000000e+00	1	3.08000000e+02	3.08000000e+02	9.90000000e-01	1	3.11111111e+02	3.08020535e+02	3.08035937e+00	1.77844631e+00	3.04940176e+02	3.11100895e+02
4.78300000e+02	3.07300000e+02	1.01000000e+00	1	3.04257426e+02	3.07300000e+02	1.00000000e+00	1	3.07300000e+02	3.07300000e+02	9.90000000e-01	1	3.10404040e+02	3.07320489e+02	3.07335855e+00	1.77440439e+00	3.04247130e+02	3.10393847e+02
4.78400000e+02	3.06700000e+02	1.01000000e+00	1	3.03663366e+02	3.06700000e+02	1.00000000e+00	1	3.06700000e+02	3.06700000e+02	9.90000000e-01	1	3.09797980e+02	3.06720449e+02	3.06735785e+00	1.77093988e+00	3.03653091e+02	3.09787807e+02
4.78500000e+02	3.05700000e+02	1.01000000e+00	1	3.02673267e+02	3.05700000e+02	1.00000000e+00	1	3.05700000e+02	3.05700000e+02	9.90000000e-01	1	3.08787879e+02	3.05720382e+02	3.05735669e+00	1.76516571e+00	3.02663025e+02	3.08777739e+02
4.78600000e+02	3.04700000e+02	1.01000000e+00	1	3.01683168e+02	3.04700000e+02	1.00000000e+00	1	3.04700000e+02	3.04700000e+02	9.90000000e-01	1	3.07777778e+02	3.04720315e+02	3.04735552e+00	1.75939153e+00	3.01672960e+02	3.07767671e+02
4.78700000e+02	3.04000000e+02	1.01000000e+00	1	3.00990099e+02	3.04000000e+02	1.00000000e+00	1	3.04000000e+02	3.04000000e+02	9.90000000e-01	1	3.07070707e+02	3.04020269e+02	3.04035470e+00	1.75534961e+00	3.00979914e+02	3.07060623e+02
4.78800000e+02	3.03300000e+02	1.01000000e+00	1	3.00297030e+02	3.03300000e+02	1.00000000e+00	1	3.03300000e+02	3.03300000e+02	9.90000000e-01	1	3.06363636e+02	3.03320222e+02	3.03335388e+00	1.75130768e+00	3.00286868e+02	3.06353576e+02
4.78900000e+02	3.02400000e+02	1.01000000e+00	1	2.99405941e+02	3.02400000e+02	1.00000000e+00	1	3.02400000e+02	3.02400000e+02	9.90000000e-01	1	3.05454545e+02	3.02420162e+02	3.02435283e+00	1.74611092e+00	2.99395809e+02	3.05444515e+02
4.79000000e+02	3.01500000e+02	1.01000000e+00	1	2.98514851e+02	3.01500000e+02	1.00000000e+00	1	3.01500000e+02	3.01500000e+02	9.90000000e-01	1	3.04545455e+02	3.01520102e+02	3.01535178e+00	1.74091416e+00	2.98504750e+02	3.04535454e+02
4.79100000e+02	3.00800000e+02	1.01000000e+00	1	2.97821782e+02	3.00800000e+02	1.00000000e+00	1	3.00800000e+02	3.00800000e+02	9.90000000e-01	1	3.03838384e+02	3.00820055e+02	3.00835097e+00	1.73687224e+00	2.97811704e+02	3.03828406e+02
4.79200000e+02	3.00100000e+02	1.01000000e+00	1	2.97128713e+02	3.00100000e+02	1.00000000e+00	1	3.00100000e+02	3.00100000e+02	9.90000000e-01	1	3.03131313e+02	3.00120009e+02	3.00135015e+00	1.73283032e+00	2.97118659e+02	3.03121359e+02
4.79300000e+02	2.99300000e+02	1.01000000e+00	1	2.96336634e+02	2.99300000e+02	1.00000000e+00	1	2.99300000e+02	2.99300000e+02	9.90000000e-01	1	3.02323232e+02	2.99319955e+02	2.99334922e+00	1.72821098e+00	2.96326606e+02	3.02313305e+02
4.79400000e+02	2.98500000e+02	1.01000000e+00	1	2.95544554e+02	2.98500000e+02	1.00000000e+00	1	2.98500000e+02	2.98500000e+02	9.90000000e-01	1	3.01515152e+02	2.98519902e+02	2.98534828e+00	1.72359164e+00	2.95534554e+02	3.01505250e+02
4.79500000e+02	2.97600000e+02	1.01000000e+00	1	2.94653465e+02	2.97600000e+02	1.00000000e+00	1	2.97600000e+02	2.97600000e+02	9.90000000e-01	1	3.00606061e+02	2.97619842e+02	2.97634723e+00	1.71839488e+00	2.94643495e+02	3.00596189e+02
4.79600000e+02	2.96900000e+02	1.01000000e+00	1	2.93960396e+02	2.96900000e+02	1.00000000e+00	1	2.96900000e+02	2.96900000e+02	9.90000000e-01	1	2.99898990e+02	2.96919795e+02	2.96934642e+00	1.71435295e+00	2.93950449e+02	2.99889142e+02
4.79700000e+02	2.96200000e+02	1.01000000e+00	1	2.93267327e+02	2.96200000e+02	1.00000000e+00	1	2.96200000e+02	2.96200000e+02	9.90000000e-01	1	2.99191919e+02	2.96219749e+02	2.96234560e+00	1.71031103e+00	2.93257403e+02	2.99182094e+02
4.79800000e+02	2.95700000e+02	1.01000000e+00	1	2.92772277e+02	2.95700000e+02	1.00000000e+00	1	2.95700000e+02	2.95700000e+02	9.90000000e-01	1	2.98686869e+02	2.95719715e+02	2.95734502e+00	1.70742394e+00	2.92762370e+02	2.98677060e+02
4.79900000e+02	2.94500000e+02	1.01000000e+00	1	2.91584158e+02	2.94500000e+02	1.00000000e+00	1	2.94500000e+02	2.94500000e+02	9.90000000e-01	1	2.97474747e+02	2.94519635e+02	2.94534362e+00	1.70049493e+00	2.91574292e+02	2.97464979e+02
4.80000000e+02	2.93700000e+02	1.01000000e+00	1	2.90792079e+02	2.93700000e+02	1.00000000e+00	1	2.93700000e+02	2.93700000e+02	9.90000000e-01	1	2.96666667e+02	2.93719582e+02	2.93734268e+00	1.69587559e+00	2.90782239e+02	2.96656925e+02
4.80100000e+02	2.93200000e+02	1.01000000e+00	1	2.90297030e+02	2.93200000e+02	1.00000000e+00	1	2.93200000e+02	2.93200000e+02	9.90000000e-01	1	2.96161616e+02	2.93219549e+02	2.93234210e+00	1.69298850e+00	2.90287207e+02	2.96151891e+02
4.80200000e+02	2.92500000e+02	1.01000000e+00	1	2.89603960e+02	2.92500000e+02	1.00000000e+00	1	2.92500000e+02	2.92500000e+02	9.90000000e-01	1	2.95454545e+02	2.92519502e+02	2.92534128e+00	1.68894658e+00	2.89594161e+02	2.95444843e+02
4.80300000e+02	2.91400000e+02	1.01000000e+00	1	2.88514851e+02	2.91400000e+02	1.00000000e+00	1	2.91400000e+02	2.91400000e+02	9.90000000e-01	1	2.94343434e+02	2.91419429e+02	2.91434000e+00	1.68259498e+00	2.88505089e+02	2.94333769e+02
4.80400000e+02	2.90500000e+02	1.01000000e+00	1	2.87623762e+02	2.90500000e+02	1.00000000e+00	1	2.90500000e+02	2.90500000e+02	9.90000000e-01	1	2.93434343e+02	2.90519369e+02	2.90533895e+00	1.67739822e+00	2.87614030e+02	2.93424708e+02
4.80500000e+02	2.89600000e+02	1.01000000e+00	1	2.86732673e+02	2.89600000e+02	1.00000000e+00	1	2.89600000e+02	2.89600000e+02	9.90000000e-01	1	2.92525253e+02	2.89619309e+02	2.89633790e+00	1.67220147e+00	2.86722971e+02	2.92515646e+02
4.80600000e+02	2.88800000e+02	1.01000000e+00	1	2.85940594e+02	2.88800000e+02	1.00000000e+00	1	2.88800000e+02	2.88800000e+02	9.90000000e-01	1	2.91717172e+02	2.88819255e+02	2.88833697e+00	1.66758213e+00	2.85930918e+02	2.91707592e+02
4.80700000e+02	2.88300000e+02	1.01000000e+00	1	2.85445545e+02	2.88300000e+02	1.00000000e+00	1	2.88300000e+02	2.88300000e+02	9.90000000e-01	1	2.91212121e+02	2.88319222e+02	2.88333638e+00	1.66469504e+00	2.85435886e+02	2.91202558e+02
4.80800000e+02	2.87300000e+02	1.01000000e+00	1	2.84455446e+02	2.87300000e+02	1.00000000e+00	1	2.87300000e+02	2.87300000e+02	9.90000000e-01	1	2.90202020e+02	2.87319155e+02	2.87333522e+00	1.65892086e+00	2.84445820e+02	2.90192490e+02
4.80900000e+02	2.86500000e+02	1.01000000e+00	1	2.83663366e+02	2.86500000e+02	1.00000000e+00	1	2.86500000e+02	2.86500000e+02	9.90000000e-01	1	2.89393939e+02	2.86519102e+02	2.86533428e+00	1.65430152e+00	2.83653768e+02	2.89384436e+02
4.81000000e+02	2.85800000e+02	1.01000000e+00	1	2.82970297e+02	2.85800000e+02	1.00000000e+00	1	2.85800000e+02	2.85800000e+02	9.90000000e-01	1	2.88686869e+02	2.85819055e+02	2.85833347e+00	1.65025960e+00	2.82960722e+02	2.88677389e+02
4.81100000e+02	2.84900000e+02	1.01000000e+00	1	2.82079208e+02	2.84900000e+02	1.00000000e+00	1	2.84900000e+02	2.84900000e+02	9.90000000e-01	1	2.87777778e+02	2.84918995e+02	2.84933242e+00	1.64506284e+00	2.82069663e+02	2.87768328e+02
4.81200000e+02	2.84200000e+02	1.01000000e+00	1	2.81386139e+02	2.84200000e+02	1.00000000e+00	1	2.84200000e+02	2.84200000e+02	9.90000000e-01	1	2.87070707e+02	2.84218949e+02	2.84233160e+00	1.64102091e+00	2.81376617e+02	2.87061280e+02
4.81300000e+02	2.83300000e+02	1.01000000e+00	1	2.80495050e+02	2.83300000e+02	1.00000000e+00	1	2.83300000e+02	2.83300000e+02	9.90000000e-01	1	2.86161616e+02	2.83318889e+02	2.83333055e+00	1.63582416e+00	2.80485558e+02	2.86152219e+02
4.81400000e+02	2.82400000e+02	1.01000000e+00	1	2.79603960e+02	2.82400000e+02	1.00000000e+00	1	2.82400000e+02	2.82400000e+02	9.90000000e-01	1	2.85252525e+02	2.82418829e+02	2.82432950e+00	1.63062740e+00	2.79594499e+02	2.85243158e+02
4.81500000e+02	2.81800000e+02	1.01000000e+00	1	2.79009901e+02	2.81800000e+02	1.00000000e+00	1	2.81800000e+02	2.81800000e+02	9.90000000e-01	1	2.84646465e+02	2.81818789e+02	2.81832880e+00	1.62716289e+00	2.79000460e+02	2.84637117e+02
4.81600000e+02	2.81000000e+02	1.01000000e+00	1	2.78217822e+02	2.81000000e+02	1.00000000e+00	1	2.81000000e+02	2.81000000e+02	9.90000000e-01	1	2.83838384e+02	2.81018735e+02	2.81032787e+00	1.62254355e+00	2.78208407e+02	2.83829063e+02
4.81700000e+02	2.80300000e+02	1.01000000e+00	1	2.77524752e+02	2.80300000e+02	1.00000000e+00	1	2.80300000e+02	2.80300000e+02	9.90000000e-01	1	2.83131313e+02	2.80318689e+02	2.80332705e+00	1.61850163e+00	2.77515361e+02	2.83122016e+02
4.81800000e+02	2.79500000e+02	1.01000000e+00	1	2.76732673e+02	2.79500000e+02	1.00000000e+00	1	2.79500000e+02	2.79500000e+02	9.90000000e-01	1	2.82323232e+02	2.79518635e+02	2.79532612e+00	1.61388229e+00	2.76723309e+02	2.82313961e+02
4.81900000e+02	2.78600000e+02	1.01000000e+00	1	2.75841584e+02	2.78600000e+02	1.00000000e+00	1	2.78600000e+02	2.78600000e+02	9.90000000e-01	1	2.81414141e+02	2.78618575e+02	2.78632507e+00	1.60868553e+00	2.75832250e+02	2.81404900e+02
4.82000000e+02	2.78000000e+02	1.01000000e+00	1	2.75247525e+02	2.78000000e+02	1.00000000e+00	1	2.78000000e+02	2.78000000e+02	9.90000000e-01	1	2.80808081e+02	2.78018535e+02	2.78032437e+00	1.60522102e+00	2.75238211e+02	2.80798860e+02
4.82100000e+02	2.77700000e+02	1.01000000e+00	1	2.74950495e+02	2.77700000e+02	1.00000000e+00	1	2.77700000e+02	2.77700000e+02	9.90000000e-01	1	2.80505051e+02	2.77718515e+02	2.77732402e+00	1.60348877e+00	2.74941191e+02	2.80495839e+02
4.82200000e+02	2.76600000e+02	1.01000000e+00	1	2.73861386e+02	2.76600000e+02	1.00000000e+00	1	2.76600000e+02	2.76600000e+02	9.90000000e-01	1	2.79393939e+02	2.76618442e+02	2.76632273e+00	1.59713717e+00	2.73852119e+02	2.79384765e+02
4.82300000e+02	2.75600000e+02	1.01000000e+00	1	2.72871287e+02	2.75600000e+02	1.00000000e+00	1	2.75600000e+02	2.75600000e+02	9.90000000e-01	1	2.78383838e+02	2.75618375e+02	2.75632157e+00	1.59136300e+00	2.72862054e+02	2.78374697e+02
4.82400000e+02	2.74700000e+02	1.01000000e+00	1	2.71980198e+02	2.74700000e+02	1.00000000e+00	1	2.74700000e+02	2.74700000e+02	9.90000000e-01	1	2.77474747e+02	2.74718315e+02	2.74732052e+00	1.58616624e+00	2.71970995e+02	2.77465636e+02
4.82500000e+02	2.74100000e+02	1.01000000e+00	1	2.71386139e+02	2.74100000e+02	1.00000000e+00	1	2.74100000e+02	2.74100000e+02	9.90000000e-01	1	2.76868687e+02	2.74118275e+02	2.74131981e+00	1.58270173e+00	2.71376955e+02	2.76859595e+02
4.82600000e+02	2.73200000e+02	1.01000000e+00	1	2.70495050e+02	2.73200000e+02	1.00000000e+00	1	2.73200000e+02	2.73200000e+02	9.90000000e-01	1	2.75959596e+02	2.73218215e+02	2.73231876e+00	1.57750497e+00	2.70485896e+02	2.75950534e+02
4.82700000e+02	2.72400000e+02	1.01000000e+00	1	2.69702970e+02	2.72400000e+02	1.00000000e+00	1	2.72400000e+02	2.72400000e+02	9.90000000e-01	1	2.75151515e+02	2.72418162e+02	2.72431783e+00	1.57288563e+00	2.69693844e+02	2.75142480e+02
4.82800000e+02	2.71600000e+02	1.01000000e+00	1	2.68910891e+02	2.71600000e+02	1.00000000e+00	1	2.71600000e+02	2.71600000e+02	9.90000000e-01	1	2.74343434e+02	2.71618108e+02	2.71631690e+00	1.56826629e+00	2.68901792e+02	2.74334425e+02
4.82900000e+02	2.70700000e+02	1.01000000e+00	1	2.68019802e+02	2.70700000e+02	1.00000000e+00	1	2.70700000e+02	2.70700000e+02	9.90000000e-01	1	2.73434343e+02	2.70718048e+02	2.70731585e+00	1.56306953e+00	2.68010733e+02	2.73425364e+02
4.83000000e+02	2.69900000e+02	1.01000000e+00	1	2.67227723e+02	2.69900000e+02	1.00000000e+00	1	2.69900000e+02	2.69900000e+02	9.90000000e-01	1	2.72626263e+02	2.69917995e+02	2.69931491e+00	1.55845019e+00	2.67218680e+02	2.72617310e+02
4.83100000e+02	2.69200000e+02	1.01000000e+00	1	2.66534653e+02	2.69200000e+02	1.00000000e+00	1	2.69200000e+02	2.69200000e+02	9.90000000e-01	1	2.71919192e+02	2.69217948e+02	2.69231410e+00	1.55440827e+00	2.66525634e+02	2.71910263e+02
4.83200000e+02	2.68400000e+02	1.01000000e+00	1	2.65742574e+02	2.68400000e+02	1.00000000e+00	1	2.68400000e+02	2.68400000e+02	9.90000000e-01	1	2.71111111e+02	2.68417895e+02	2.68431316e+00	1.54978893e+00	2.65733582e+02	2.71102208e+02
4.83300000e+02	2.67800000e+02	1.01000000e+00	1	2.65148515e+02	2.67800000e+02	1.00000000e+00	1	2.67800000e+02	2.67800000e+02	9.90000000e-01	1	2.70505051e+02	2.67817855e+02	2.67831246e+00	1.54632442e+00	2.65139543e+02	2.70496168e+02
4.83400000e+02	2.67100000e+02	1.01000000e+00	1	2.64455446e+02	2.67100000e+02	1.00000000e+00	1	2.67100000e+02	2.67100000e+02	9.90000000e-01	1	2.69797980e+02	2.67117808e+02	2.67131165e+00	1.54228250e+00	2.64446497e+02	2.69789120e+02
4.83500000e+02	2.66200000e+02	1.01000000e+00	1	2.63564356e+02	2.66200000e+02	1.00000000e+00	1	2.66200000e+02	2.66200000e+02	9.90000000e-01	1	2.68888889e+02	2.66217748e+02	2.66231060e+00	1.53708574e+00	2.63555438e+02	2.68880059e+02
4.83600000e+02	2.65300000e+02	1.01000000e+00	1	2.62673267e+02	2.65300000e+02	1.00000000e+00	1	2.65300000e+02	2.65300000e+02	9.90000000e-01	1	2.67979798e+02	2.65317688e+02	2.65330955e+00	1.53188898e+00	2.62664379e+02	2.67970998e+02
4.83700000e+02	2.64600000e+02	1.01000000e+00	1	2.61980198e+02	2.64600000e+02	1.00000000e+00	1	2.64600000e+02	2.64600000e+02	9.90000000e-01	1	2.67272727e+02	2.64617642e+02	2.64630873e+00	1.52784706e+00	2.61971333e+02	2.67263950e+02
4.83800000e+02	2.63700000e+02	1.01000000e+00	1	2.61089109e+02	2.63700000e+02	1.00000000e+00	1	2.63700000e+02	2.63700000e+02	9.90000000e-01	1	2.66363636e+02	2.63717582e+02	2.63730768e+00	1.52265030e+00	2.61080274e+02	2.66354889e+02
4.83900000e+02	2.63200000e+02	1.01000000e+00	1	2.60594059e+02	2.63200000e+02	1.00000000e+00	1	2.63200000e+02	2.63200000e+02	9.90000000e-01	1	2.65858586e+02	2.63217548e+02	2.63230710e+00	1.51976321e+00	2.60585241e+02	2.65849856e+02
4.84000000e+02	2.62200000e+02	1.01000000e+00	1	2.59603960e+02	2.62200000e+02	1.00000000e+00	1	2.62200000e+02	2.62200000e+02	9.90000000e-01	1	2.64848485e+02	2.62217482e+02	2.62230593e+00	1.51398903e+00	2.59595176e+02	2.64839788e+02
4.84100000e+02	2.61300000e+02	1.01000000e+00	1	2.58712871e+02	2.61300000e+02	1.00000000e+00	1	2.61300000e+02	2.61300000e+02	9.90000000e-01	1	2.63939394e+02	2.61317422e+02	2.61330488e+00	1.50879228e+00	2.58704117e+02	2.63930727e+02
4.84200000e+02	2.60600000e+02	1.01000000e+00	1	2.58019802e+02	2.60600000e+02	1.00000000e+00	1	2.60600000e+02	2.60600000e+02	9.90000000e-01	1	2.63232323e+02	2.60617375e+02	2.60630406e+00	1.50475035e+00	2.58011071e+02	2.63223679e+02
4.84300000e+02	2.59900000e+02	1.01000000e+00	1	2.57326733e+02	2.59900000e+02	1.00000000e+00	1	2.59900000e+02	2.59900000e+02	9.90000000e-01	1	2.62525253e+02	2.59917328e+02	2.59930325e+00	1.50070843e+00	2.57318025e+02	2.62516632e+02
4.84400000e+02	2.59100000e+02	1.01000000e+00	1	2.56534653e+02	2.59100000e+02	1.00000000e+00	1	2.59100000e+02	2.59100000e+02	9.90000000e-01	1	2.61717172e+02	2.59117275e+02	2.59130231e+00	1.49608909e+00	2.56525973e+02	2.61708577e+02
4.84500000e+02	2.58200000e+02	1.01000000e+00	1	2.55643564e+02	2.58200000e+02	1.00000000e+00	1	2.58200000e+02	2.58200000e+02	9.90000000e-01	1	2.60808081e+02	2.58217215e+02	2.58230126e+00	1.49089233e+00	2.55634914e+02	2.60799516e+02
4.84600000e+02	2.57700000e+02	1.01000000e+00	1	2.55148515e+02	2.57700000e+02	1.00000000e+00	1	2.57700000e+02	2.57700000e+02	9.90000000e-01	1	2.60303030e+02	2.57717182e+02	2.57730068e+00	1.48800524e+00	2.55139881e+02	2.60294482e+02
4.84700000e+02	2.56700000e+02	1.01000000e+00	1	2.54158416e+02	2.56700000e+02	1.00000000e+00	1	2.56700000e+02	2.56700000e+02	9.90000000e-01	1	2.59292929e+02	2.56717115e+02	2.56729951e+00	1.48223106e+00	2.54149816e+02	2.59284415e+02
4.84800000e+02	2.55900000e+02	1.01000000e+00	1	2.53366337e+02	2.55900000e+02	1.00000000e+00	1	2.55900000e+02	2.55900000e+02	9.90000000e-01	1	2.58484848e+02	2.55917062e+02	2.55929858e+00	1.47761172e+00	2.53357763e+02	2.58476360e+02
4.84900000e+02	2.55100000e+02	1.01000000e+00	1	2.52574257e+02	2.55100000e+02	1.00000000e+00	1	2.55100000e+02	2.55100000e+02	9.90000000e-01	1	2.57676768e+02	2.55117008e+02	2.55129765e+00	1.47299238e+00	2.52565711e+02	2.57668306e+02
4.85000000e+02	2.54500000e+02	1.01000000e+00	1	2.51980198e+02	2.54500000e+02	1.00000000e+00	1	2.54500000e+02	2.54500000e+02	9.90000000e-01	1	2.57070707e+02	2.54516968e+02	2.54529695e+00	1.46952788e+00	2.51971671e+02	2.57062265e+02
4.85100000e+02	2.53700000e+02	1.01000000e+00	1	2.51188119e+02	2.53700000e+02	1.00000000e+00	1	2.53700000e+02	2.53700000e+02	9.90000000e-01	1	2.56262626e+02	2.53716915e+02	2.53729601e+00	1.46490854e+00	2.51179619e+02	2.56254211e+02
4.85200000e+02	2.52800000e+02	1.01000000e+00	1	2.50297030e+02	2.52800000e+02	1.00000000e+00	1	2.52800000e+02	2.52800000e+02	9.90000000e-01	1	2.55353535e+02	2.52816855e+02	2.52829496e+00	1.45971178e+00	2.50288560e+02	2.55345150e+02
4.85300000e+02	2.52100000e+02	1.01000000e+00	1	2.49603960e+02	2.52100000e+02	1.00000000e+00	1	2.52100000e+02	2.52100000e+02	9.90000000e-01	1	2.54646465e+02	2.52116808e+02	2.52129415e+00	1.45566985e+00	2.49595514e+02	2.54638102e+02
4.85400000e+02	2.51300000e+02	1.01000000e+00	1	2.48811881e+02	2.51300000e+02	1.00000000e+00	1	2.51300000e+02	2.51300000e+02	9.90000000e-01	1	2.53838384e+02	2.51316755e+02	2.51329321e+00	1.45105051e+00	2.48803462e+02	2.53830048e+02
4.85500000e+02	2.50400000e+02	1.01000000e+00	1	2.47920792e+02	2.50400000e+02	1.00000000e+00	1	2.50400000e+02	2.50400000e+02	9.90000000e-01	1	2.52929293e+02	2.50416695e+02	2.50429216e+00	1.44585375e+00	2.47912403e+02	2.52920987e+02
4.85600000e+02	2.49600000e+02	1.01000000e+00	1	2.47128713e+02	2.49600000e+02	1.00000000e+00	1	2.49600000e+02	2.49600000e+02	9.90000000e-01	1	2.52121212e+02	2.49616642e+02	2.49629123e+00	1.44123441e+00	2.47120350e+02	2.52112933e+02
4.85700000e+02	2.49000000e+02	1.01000000e+00	1	2.46534653e+02	2.49000000e+02	1.00000000e+00	1	2.49000000e+02	2.49000000e+02	9.90000000e-01	1	2.51515152e+02	2.49016602e+02	2.49029053e+00	1.43776991e+00	2.46526311e+02	2.51506892e+02
4.85800000e+02	2.48200000e+02	1.01000000e+00	1	2.45742574e+02	2.48200000e+02	1.00000000e+00	1	2.48200000e+02	2.48200000e+02	9.90000000e-01	1	2.50707071e+02	2.48216548e+02	2.48228960e+00	1.43315057e+00	2.45734259e+02	2.50698838e+02
4.85900000e+02	2.47500000e+02	1.01000000e+00	1	2.45049505e+02	2.47500000e+02	1.00000000e+00	1	2.47500000e+02	2.47500000e+02	9.90000000e-01	1	2.50000000e+02	2.47516502e+02	2.47528878e+00	1.42910864e+00	2.45041213e+02	2.49991790e+02
4.86000000e+02	2.46700000e+02	1.01000000e+00	1	2.44257426e+02	2.46700000e+02	1.00000000e+00	1	2.46700000e+02	2.46700000e+02	9.90000000e-01	1	2.49191919e+02	2.46716448e+02	2.46728785e+00	1.42448930e+00	2.44249160e+02	2.49183736e+02
4.86100000e+02	2.45900000e+02	1.01000000e+00	1	2.43465347e+02	2.45900000e+02	1.00000000e+00	1	2.45900000e+02	2.45900000e+02	9.90000000e-01	1	2.48383838e+02	2.45916395e+02	2.45928691e+00	1.41986996e+00	2.43457108e+02	2.48375682e+02
4.86200000e+02	2.45100000e+02	1.01000000e+00	1	2.42673267e+02	2.45100000e+02	1.00000000e+00	1	2.45100000e+02	2.45100000e+02	9.90000000e-01	1	2.47575758e+02	2.45116342e+02	2.45128598e+00	1.41525062e+00	2.42665056e+02	2.47567628e+02
4.86300000e+02	2.44400000e+02	1.01000000e+00	1	2.41980198e+02	2.44400000e+02	1.00000000e+00	1	2.44400000e+02	2.44400000e+02	9.90000000e-01	1	2.46868687e+02	2.44416295e+02	2.44428516e+00	1.41120870e+00	2.41972010e+02	2.46860580e+02
4.86400000e+02	2.43800000e+02	1.01000000e+00	1	2.41386139e+02	2.43800000e+02	1.00000000e+00	1	2.43800000e+02	2.43800000e+02	9.90000000e-01	1	2.46262626e+02	2.43816255e+02	2.43828446e+00	1.40774419e+00	2.41377970e+02	2.46254539e+02
4.86500000e+02	2.42900000e+02	1.01000000e+00	1	2.40495050e+02	2.42900000e+02	1.00000000e+00	1	2.42900000e+02	2.42900000e+02	9.90000000e-01	1	2.45353535e+02	2.42916195e+02	2.42928341e+00	1.40254743e+00	2.40486912e+02	2.45345478e+02
4.86600000e+02	2.42000000e+02	1.01000000e+00	1	2.39603960e+02	2.42000000e+02	1.00000000e+00	1	2.42000000e+02	2.42000000e+02	9.90000000e-01	1	2.44444444e+02	2.42016135e+02	2.42028236e+00	1.39735067e+00	2.39595853e+02	2.44436417e+02
4.86700000e+02	2.41200000e+02	1.01000000e+00	1	2.38811881e+02	2.41200000e+02	1.00000000e+00	1	2.41200000e+02	2.41200000e+02	9.90000000e-01	1	2.43636364e+02	2.41216082e+02	2.41228143e+00	1.39273133e+00	2.38803800e+02	2.43628363e+02
4.86800000e+02	2.40400000e+02	1.01000000e+00	1	2.38019802e+02	2.40400000e+02	1.00000000e+00	1	2.40400000e+02	2.40400000e+02	9.90000000e-01	1	2.42828283e+02	2.40416028e+02	2.40428049e+00	1.38811199e+00	2.38011748e+02	2.42820309e+02
4.86900000e+02	2.39700000e+02	1.01000000e+00	1	2.37326733e+02	2.39700000e+02	1.00000000e+00	1	2.39700000e+02	2.39700000e+02	9.90000000e-01	1	2.42121212e+02	2.39715982e+02	2.39727968e+00	1.38407007e+00	2.37318702e+02	2.42113261e+02
4.87000000e+02	2.39300000e+02	1.01000000e+00	1	2.36930693e+02	2.39300000e+02	1.00000000e+00	1	2.39300000e+02	2.39300000e+02	9.90000000e-01	1	2.41717172e+02	2.39315955e+02	2.39327921e+00	1.38176040e+00	2.36922676e+02	2.41709234e+02
4.87100000e+02	2.38700000e+02	1.01000000e+00	1	2.36336634e+02	2.38700000e+02	1.00000000e+00	1	2.38700000e+02	2.38700000e+02	9.90000000e-01	1	2.41111111e+02	2.38715915e+02	2.38727851e+00	1.37829589e+00	2.36328636e+02	2.41103193e+02
4.87200000e+02	2.37600000e+02	1.01000000e+00	1	2.35247525e+02	2.37600000e+02	1.00000000e+00	1	2.37600000e+02	2.37600000e+02	9.90000000e-01	1	2.40000000e+02	2.37615842e+02	2.37627723e+00	1.37194430e+00	2.35239564e+02	2.39992119e+02
4.87300000e+02	2.36800000e+02	1.01000000e+00	1	2.34455446e+02	2.36800000e+02	1.00000000e+00	1	2.36800000e+02	2.36800000e+02	9.90000000e-01	1	2.39191919e+02	2.36815788e+02	2.36827629e+00	1.36732496e+00	2.34447512e+02	2.39184065e+02
4.87400000e+02	2.36200000e+02	1.01000000e+00	1	2.33861386e+02	2.36200000e+02	1.00000000e+00	1	2.36200000e+02	2.36200000e+02	9.90000000e-01	1	2.38585859e+02	2.36215748e+02	2.36227559e+00	1.36386045e+00	2.33853473e+02	2.38578024e+02
4.87500000e+02	2.35300000e+02	1.01000000e+00	1	2.32970297e+02	2.35300000e+02	1.00000000e+00	1	2.35300000e+02	2.35300000e+02	9.90000000e-01	1	2.37676768e+02	2.35315688e+02	2.35327454e+00	1.35866369e+00	2.32962414e+02	2.37668963e+02
4.87600000e+02	2.34700000e+02	1.01000000e+00	1	2.32376238e+02	2.34700000e+02	1.00000000e+00	1	2.34700000e+02	2.34700000e+02	9.90000000e-01	1	2.37070707e+02	2.34715648e+02	2.34727384e+00	1.35519919e+00	2.32368374e+02	2.37062922e+02
4.87700000e+02	2.33800000e+02	1.01000000e+00	1	2.31485149e+02	2.33800000e+02	1.00000000e+00	1	2.33800000e+02	2.33800000e+02	9.90000000e-01	1	2.36161616e+02	2.33815588e+02	2.33827279e+00	1.35000243e+00	2.31477315e+02	2.36153861e+02
4.87800000e+02	2.32900000e+02	1.01000000e+00	1	2.30594059e+02	2.32900000e+02	1.00000000e+00	1	2.32900000e+02	2.32900000e+02	9.90000000e-01	1	2.35252525e+02	2.32915528e+02	2.32927174e+00	1.34480567e+00	2.30586256e+02	2.35244800e+02
4.87900000e+02	2.32200000e+02	1.01000000e+00	1	2.29900990e+02	2.32200000e+02	1.00000000e+00	1	2.32200000e+02	2.32200000e+02	9.90000000e-01	1	2.34545455e+02	2.32215482e+02	2.32227093e+00	1.34076374e+00	2.29893211e+02	2.34537752e+02
4.88000000e+02	2.31700000e+02	1.01000000e+00	1	2.29405941e+02	2.31700000e+02	1.00000000e+00	1	2.31700000e+02	2.31700000e+02	9.90000000e-01	1	2.34040404e+02	2.31715448e+02	2.31727034e+00	1.33787666e+00	2.29398178e+02	2.34032719e+02
4.88100000e+02	2.30800000e+02	1.01000000e+00	1	2.28514851e+02	2.30800000e+02	1.00000000e+00	1	2.30800000e+02	2.30800000e+02	9.90000000e-01	1	2.33131313e+02	2.30815388e+02	2.30826929e+00	1.33267990e+00	2.28507119e+02	2.33123657e+02
4.88200000e+02	2.29800000e+02	1.01000000e+00	1	2.27524752e+02	2.29800000e+02	1.00000000e+00	1	2.29800000e+02	2.29800000e+02	9.90000000e-01	1	2.32121212e+02	2.29815322e+02	2.29826813e+00	1.32690572e+00	2.27517053e+02	2.32113590e+02
4.88300000e+02	2.29300000e+02	1.01000000e+00	1	2.27029703e+02	2.29300000e+02	1.00000000e+00	1	2.29300000e+02	2.29300000e+02	9.90000000e-01	1	2.31616162e+02	2.29315288e+02	2.29326754e+00	1.32401863e+00	2.27022021e+02	2.31608556e+02
4.88400000e+02	2.28300000e+02	1.01000000e+00	1	2.26039604e+02	2.28300000e+02	1.00000000e+00	1	2.28300000e+02	2.28300000e+02	9.90000000e-01	1	2.30606061e+02	2.28315222e+02	2.28326638e+00	1.31824446e+00	2.26031955e+02	2.30598488e+02
4.88500000e+02	2.27600000e+02	1.01000000e+00	1	2.25346535e+02	2.27600000e+02	1.00000000e+00	1	2.27600000e+02	2.27600000e+02	9.90000000e-01	1	2.29898990e+02	2.27615175e+02	2.27626556e+00	1.31420253e+00	2.25338909e+02	2.29891440e+02
4.88600000e+02	2.26800000e+02	1.01000000e+00	1	2.24554455e+02	2.26800000e+02	1.00000000e+00	1	2.26800000e+02	2.26800000e+02	9.90000000e-01	1	2.29090909e+02	2.26815122e+02	2.26826463e+00	1.30958319e+00	2.24546857e+02	2.29083386e+02
4.88700000e+02	2.26100000e+02	1.01000000e+00	1	2.23861386e+02	2.26100000e+02	1.00000000e+00	1	2.26100000e+02	2.26100000e+02	9.90000000e-01	1	2.28383838e+02	2.26115075e+02	2.26126381e+00	1.30554127e+00	2.23853811e+02	2.28376339e+02
4.88800000e+02	2.25400000e+02	1.01000000e+00	1	2.23168317e+02	2.25400000e+02	1.00000000e+00	1	2.25400000e+02	2.25400000e+02	9.90000000e-01	1	2.27676768e+02	2.25415028e+02	2.25426299e+00	1.30149935e+00	2.23160765e+02	2.27669291e+02
4.88900000e+02	2.24600000e+02	1.01000000e+00	1	2.22376238e+02	2.24600000e+02	1.00000000e+00	1	2.24600000e+02	2.24600000e+02	9.90000000e-01	1	2.26868687e+02	2.24614975e+02	2.24626206e+00	1.29688000e+00	2.22368713e+02	2.26861237e+02
4.89000000e+02	2.23800000e+02	1.01000000e+00	1	2.21584158e+02	2.23800000e+02	1.00000000e+00	1	2.23800000e+02	2.23800000e+02	9.90000000e-01	1	2.26060606e+02	2.23814921e+02	2.23826113e+00	1.29226066e+00	2.21576660e+02	2.26053183e+02
4.89100000e+02	2.23100000e+02	1.01000000e+00	1	2.20891089e+02	2.23100000e+02	1.00000000e+00	1	2.23100000e+02	2.23100000e+02	9.90000000e-01	1	2.25353535e+02	2.23114875e+02	2.23126031e+00	1.28821874e+00	2.20883615e+02	2.25346135e+02
4.89200000e+02	2.22300000e+02	1.01000000e+00	1	2.20099010e+02	2.22300000e+02	1.00000000e+00	1	2.22300000e+02	2.22300000e+02	9.90000000e-01	1	2.24545455e+02	2.22314821e+02	2.22325938e+00	1.28359940e+00	2.20091562e+02	2.24538081e+02
4.89300000e+02	2.21600000e+02	1.01000000e+00	1	2.19405941e+02	2.21600000e+02	1.00000000e+00	1	2.21600000e+02	2.21600000e+02	9.90000000e-01	1	2.23838384e+02	2.21614775e+02	2.21625856e+00	1.27955748e+00	2.19398516e+02	2.23831033e+02
4.89400000e+02	2.21000000e+02	1.01000000e+00	1	2.18811881e+02	2.21000000e+02	1.00000000e+00	1	2.21000000e+02	2.21000000e+02	9.90000000e-01	1	2.23232323e+02	2.21014735e+02	2.21025786e+00	1.27609297e+00	2.18804477e+02	2.23224993e+02
4.89500000e+02	2.20100000e+02	1.01000000e+00	1	2.17920792e+02	2.20100000e+02	1.00000000e+00	1	2.20100000e+02	2.20100000e+02	9.90000000e-01	1	2.22323232e+02	2.20114675e+02	2.20125681e+00	1.27089621e+00	2.17913418e+02	2.22315932e+02
4.89600000e+02	2.19400000e+02	1.01000000e+00	1	2.17227723e+02	2.19400000e+02	1.00000000e+00	1	2.19400000e+02	2.19400000e+02	9.90000000e-01	1	2.21616162e+02	2.19414628e+02	2.19425599e+00	1.26685429e+00	2.17220372e+02	2.21608884e+02
4.89700000e+02	2.18800000e+02	1.01000000e+00	1	2.16633663e+02	2.18800000e+02	1.00000000e+00	1	2.18800000e+02	2.18800000e+02	9.90000000e-01	1	2.21010101e+02	2.18814588e+02	2.18825529e+00	1.26338978e+00	2.16626333e+02	2.21002843e+02
4.89800000e+02	2.18000000e+02	1.01000000e+00	1	2.15841584e+02	2.18000000e+02	1.00000000e+00	1	2.18000000e+02	2.18000000e+02	9.90000000e-01	1	2.20202020e+02	2.18014535e+02	2.18025436e+00	1.25877044e+00	2.15834280e+02	2.20194789e+02
4.89900000e+02	2.17100000e+02	1.01000000e+00	1	2.14950495e+02	2.17100000e+02	1.00000000e+00	1	2.17100000e+02	2.17100000e+02	9.90000000e-01	1	2.19292929e+02	2.17114475e+02	2.17125331e+00	1.25357368e+00	2.14943221e+02	2.19285728e+02
4.90000000e+02	2.16500000e+02	1.01000000e+00	1	2.14356436e+02	2.16500000e+02	1.00000000e+00	1	2.16500000e+02	2.16500000e+02	9.90000000e-01	1	2.18686869e+02	2.16514435e+02	2.16525261e+00	1.25010918e+00	2.14349182e+02	2.18679687e+02
4.90100000e+02	2.15800000e+02	1.01000000e+00	1	2.13663366e+02	2.15800000e+02	1.00000000e+00	1	2.15800000e+02	2.15800000e+02	9.90000000e-01	1	2.17979798e+02	2.15814388e+02	2.15825179e+00	1.24606725e+00	2.13656136e+02	2.17972640e+02
4.90200000e+02	2.15000000e+02	1.01000000e+00	1	2.12871287e+02	2.15000000e+02	1.00000000e+00	1	2.15000000e+02	2.15000000e+02	9.90000000e-01	1	2.17171717e+02	2.15014335e+02	2.15025086e+00	1.24144791e+00	2.12864084e+02	2.17164586e+02
4.90300000e+02	2.14200000e+02	1.01000000e+00	1	2.12079208e+02	2.14200000e+02	1.00000000e+00	1	2.14200000e+02	2.14200000e+02	9.90000000e-01	1	2.16363636e+02	2.14214281e+02	2.14224992e+00	1.23682857e+00	2.12072032e+02	2.16356531e+02
4.90400000e+02	2.13600000e+02	1.01000000e+00	1	2.11485149e+02	2.13600000e+02	1.00000000e+00	1	2.13600000e+02	2.13600000e+02	9.90000000e-01	1	2.15757576e+02	2.13614241e+02	2.13624922e+00	1.23336406e+00	2.11477992e+02	2.15750491e+02
4.90500000e+02	2.12800000e+02	1.01000000e+00	1	2.10693069e+02	2.12800000e+02	1.00000000e+00	1	2.12800000e+02	2.12800000e+02	9.90000000e-01	1	2.14949495e+02	2.12814188e+02	2.12824829e+00	1.22874472e+00	2.10685940e+02	2.14942436e+02
4.90600000e+02	2.12100000e+02	1.01000000e+00	1	2.10000000e+02	2.12100000e+02	1.00000000e+00	1	2.12100000e+02	2.12100000e+02	9.90000000e-01	1	2.14242424e+02	2.12114141e+02	2.12124747e+00	1.22470280e+00	2.09992894e+02	2.14235389e+02
4.90700000e+02	2.11500000e+02	1.01000000e+00	1	2.09405941e+02	2.11500000e+02	1.00000000e+00	1	2.11500000e+02	2.11500000e+02	9.90000000e-01	1	2.13636364e+02	2.11514101e+02	2.11524677e+00	1.22123829e+00	2.09398855e+02	2.13629348e+02
4.90800000e+02	2.10500000e+02	1.01000000e+00	1	2.08415842e+02	2.10500000e+02	1.00000000e+00	1	2.10500000e+02	2.10500000e+02	9.90000000e-01	1	2.12626263e+02	2.10514035e+02	2.10524561e+00	1.21546412e+00	2.08408789e+02	2.12619280e+02
4.90900000e+02	2.09900000e+02	1.01000000e+00	1	2.07821782e+02	2.09900000e+02	1.00000000e+00	1	2.09900000e+02	2.09900000e+02	9.90000000e-01	1	2.12020202e+02	2.09913995e+02	2.09924491e+00	1.21199961e+00	2.07814750e+02	2.12013240e+02
4.91000000e+02	2.09100000e+02	1.01000000e+00	1	2.07029703e+02	2.09100000e+02	1.00000000e+00	1	2.09100000e+02	2.09100000e+02	9.90000000e-01	1	2.11212121e+02	2.09113941e+02	2.09124397e+00	1.20738027e+00	2.07022697e+02	2.11205185e+02
4.91100000e+02	2.08400000e+02	1.01000000e+00	1	2.06336634e+02	2.08400000e+02	1.00000000e+00	1	2.08400000e+02	2.08400000e+02	9.90000000e-01	1	2.10505051e+02	2.08413895e+02	2.08424316e+00	1.20333835e+00	2.06329652e+02	2.10498138e+02
4.91200000e+02	2.07600000e+02	1.01000000e+00	1	2.05544554e+02	2.07600000e+02	1.00000000e+00	1	2.07600000e+02	2.07600000e+02	9.90000000e-01	1	2.09696970e+02	2.07613841e+02	2.07624222e+00	1.19871901e+00	2.05537599e+02	2.09690084e+02
4.91300000e+02	2.07000000e+02	1.01000000e+00	1	2.04950495e+02	2.07000000e+02	1.00000000e+00	1	2.07000000e+02	2.07000000e+02	9.90000000e-01	1	2.09090909e+02	2.07013801e+02	2.07024152e+00	1.19525450e+00	2.04943560e+02	2.09084043e+02
4.91400000e+02	2.06200000e+02	1.01000000e+00	1	2.04158416e+02	2.06200000e+02	1.00000000e+00	1	2.06200000e+02	2.06200000e+02	9.90000000e-01	1	2.08282828e+02	2.06213748e+02	2.06224059e+00	1.19063516e+00	2.04151507e+02	2.08275989e+02
4.91500000e+02	2.05600000e+02	1.01000000e+00	1	2.03564356e+02	2.05600000e+02	1.00000000e+00	1	2.05600000e+02	2.05600000e+02	9.90000000e-01	1	2.07676768e+02	2.05613708e+02	2.05623989e+00	1.18717065e+00	2.03557468e+02	2.07669948e+02
4.91600000e+02	2.05000000e+02	1.01000000e+00	1	2.02970297e+02	2.05000000e+02	1.00000000e+00	1	2.05000000e+02	2.05000000e+02	9.90000000e-01	1	2.07070707e+02	2.05013668e+02	2.05023919e+00	1.18370615e+00	2.02963429e+02	2.07063907e+02
4.91700000e+02	2.04200000e+02	1.01000000e+00	1	2.02178218e+02	2.04200000e+02	1.00000000e+00	1	2.04200000e+02	2.04200000e+02	9.90000000e-01	1	2.06262626e+02	2.04213615e+02	2.04223826e+00	1.17908681e+00	2.02171376e+02	2.06255853e+02
4.91800000e+02	2.03400000e+02	1.01000000e+00	1	2.01386139e+02	2.03400000e+02	1.00000000e+00	1	2.03400000e+02	2.03400000e+02	9.90000000e-01	1	2.05454545e+02	2.03413561e+02	2.03423732e+00	1.17446747e+00	2.01379324e+02	2.05447799e+02
4.91900000e+02	2.02700000e+02	1.01000000e+00	1	2.00693069e+02	2.02700000e+02	1.00000000e+00	1	2.02700000e+02	2.02700000e+02	9.90000000e-01	1	2.04747475e+02	2.02713515e+02	2.02723651e+00	1.17042554e+00	2.00686278e+02	2.04740751e+02
4.92000000e+02	2.02100000e+02	1.01000000e+00	1	2.00099010e+02	2.02100000e+02	1.00000000e+00	1	2.02100000e+02	2.02100000e+02	9.90000000e-01	1	2.04141414e+02	2.02113475e+02	2.02123581e+00	1.16696104e+00	2.00092239e+02	2.04134710e+02
4.92100000e+02	2.01200000e+02	1.01000000e+00	1	1.99207921e+02	2.01200000e+02	1.00000000e+00	1	2.01200000e+02	2.01200000e+02	9.90000000e-01	1	2.03232323e+02	2.01213415e+02	2.01223476e+00	1.16176428e+00	1.99201180e+02	2.03225649e+02
4.92200000e+02	2.00600000e+02	1.01000000e+00	1	1.98613861e+02	2.00600000e+02	1.00000000e+00	1	2.00600000e+02	2.00600000e+02	9.90000000e-01	1	2.02626263e+02	2.00613375e+02	2.00623406e+00	1.15829977e+00	1.98607141e+02	2.02619609e+02
4.92300000e+02	1.99800000e+02	1.01000000e+00	1	1.97821782e+02	1.99800000e+02	1.00000000e+00	1	1.99800000e+02	1.99800000e+02	9.90000000e-01	1	2.01818182e+02	1.99813321e+02	1.99823312e+00	1.15368043e+00	1.97815088e+02	2.01811554e+02
4.92400000e+02	1.99100000e+02	1.01000000e+00	1	1.97128713e+02	1.99100000e+02	1.00000000e+00	1	1.99100000e+02	1.99100000e+02	9.90000000e-01	1	2.01111111e+02	1.99113275e+02	1.99123231e+00	1.14963851e+00	1.97122042e+02	2.01104507e+02
4.92500000e+02	1.98300000e+02	1.01000000e+00	1	1.96336634e+02	1.98300000e+02	1.00000000e+00	1	1.98300000e+02	1.98300000e+02	9.90000000e-01	1	2.00303030e+02	1.98313221e+02	1.98323137e+00	1.14501917e+00	1.96329990e+02	2.00296453e+02
4.92600000e+02	1.97600000e+02	1.01000000e+00	1	1.95643564e+02	1.97600000e+02	1.00000000e+00	1	1.97600000e+02	1.97600000e+02	9.90000000e-01	1	1.99595960e+02	1.97613175e+02	1.97623056e+00	1.14097724e+00	1.95636944e+02	1.99589405e+02
4.92700000e+02	1.96900000e+02	1.01000000e+00	1	1.94950495e+02	1.96900000e+02	1.00000000e+00	1	1.96900000e+02	1.96900000e+02	9.90000000e-01	1	1.98888889e+02	1.96913128e+02	1.96922974e+00	1.13693532e+00	1.94943898e+02	1.98882358e+02
4.92800000e+02	1.96200000e+02	1.01000000e+00	1	1.94257426e+02	1.96200000e+02	1.00000000e+00	1	1.96200000e+02	1.96200000e+02	9.90000000e-01	1	1.98181818e+02	1.96213081e+02	1.96222892e+00	1.13289340e+00	1.94250852e+02	1.98175310e+02
4.92900000e+02	1.95500000e+02	1.01000000e+00	1	1.93564356e+02	1.95500000e+02	1.00000000e+00	1	1.95500000e+02	1.95500000e+02	9.90000000e-01	1	1.97474747e+02	1.95513035e+02	1.95522811e+00	1.12885147e+00	1.93557807e+02	1.97468263e+02
4.93000000e+02	1.94800000e+02	1.01000000e+00	1	1.92871287e+02	1.94800000e+02	1.00000000e+00	1	1.94800000e+02	1.94800000e+02	9.90000000e-01	1	1.96767677e+02	1.94812988e+02	1.94822729e+00	1.12480955e+00	1.92864761e+02	1.96761215e+02
4.93100000e+02	1.94100000e+02	1.01000000e+00	1	1.92178218e+02	1.94100000e+02	1.00000000e+00	1	1.94100000e+02	1.94100000e+02	9.90000000e-01	1	1.96060606e+02	1.94112941e+02	1.94122647e+00	1.12076763e+00	1.92171715e+02	1.96054168e+02
4.93200000e+02	1.93800000e+02	1.01000000e+00	1	1.91881188e+02	1.93800000e+02	1.00000000e+00	1	1.93800000e+02	1.93800000e+02	9.90000000e-01	1	1.95757576e+02	1.93812921e+02	1.93822612e+00	1.11903537e+00	1.91874695e+02	1.95751147e+02
4.93300000e+02	1.92900000e+02	1.01000000e+00	1	1.90990099e+02	1.92900000e+02	1.00000000e+00	1	1.92900000e+02	1.92900000e+02	9.90000000e-01	1	1.94848485e+02	1.92912861e+02	1.92922507e+00	1.11383861e+00	1.90983636e+02	1.94842086e+02
4.93400000e+02	1.92000000e+02	1.01000000e+00	1	1.90099010e+02	1.92000000e+02	1.00000000e+00	1	1.92000000e+02	1.92000000e+02	9.90000000e-01	1	1.93939394e+02	1.92012801e+02	1.92022402e+00	1.10864186e+00	1.90092577e+02	1.93933025e+02
4.93500000e+02	1.91300000e+02	1.01000000e+00	1	1.89405941e+02	1.91300000e+02	1.00000000e+00	1	1.91300000e+02	1.91300000e+02	9.90000000e-01	1	1.93232323e+02	1.91312755e+02	1.91322321e+00	1.10459993e+00	1.89399531e+02	1.93225978e+02
4.93600000e+02	1.90800000e+02	1.01000000e+00	1	1.88910891e+02	1.90800000e+02	1.00000000e+00	1	1.90800000e+02	1.90800000e+02	9.90000000e-01	1	1.92727273e+02	1.90812721e+02	1.90822262e+00	1.10171284e+00	1.88904499e+02	1.92720944e+02
4.93700000e+02	1.89900000e+02	1.01000000e+00	1	1.88019802e+02	1.89900000e+02	1.00000000e+00	1	1.89900000e+02	1.89900000e+02	9.90000000e-01	1	1.91818182e+02	1.89912661e+02	1.89922157e+00	1.09651609e+00	1.88013440e+02	1.91811883e+02
4.93800000e+02	1.89400000e+02	1.01000000e+00	1	1.87524752e+02	1.89400000e+02	1.00000000e+00	1	1.89400000e+02	1.89400000e+02	9.90000000e-01	1	1.91313131e+02	1.89412628e+02	1.89422099e+00	1.09362900e+00	1.87518407e+02	1.91306849e+02
4.93900000e+02	1.88600000e+02	1.01000000e+00	1	1.86732673e+02	1.88600000e+02	1.00000000e+00	1	1.88600000e+02	1.88600000e+02	9.90000000e-01	1	1.90505051e+02	1.88612575e+02	1.88622006e+00	1.08900966e+00	1.86726355e+02	1.90498795e+02
4.94000000e+02	1.87800000e+02	1.01000000e+00	1	1.85940594e+02	1.87800000e+02	1.00000000e+00	1	1.87800000e+02	1.87800000e+02	9.90000000e-01	1	1.89696970e+02	1.87812521e+02	1.87821912e+00	1.08439032e+00	1.85934302e+02	1.89690740e+02
4.94100000e+02	1.87400000e+02	1.01000000e+00	1	1.85544554e+02	1.87400000e+02	1.00000000e+00	1	1.87400000e+02	1.87400000e+02	9.90000000e-01	1	1.89292929e+02	1.87412495e+02	1.87421865e+00	1.08208064e+00	1.85538276e+02	1.89286713e+02
4.94200000e+02	1.86400000e+02	1.01000000e+00	1	1.84554455e+02	1.86400000e+02	1.00000000e+00	1	1.86400000e+02	1.86400000e+02	9.90000000e-01	1	1.88282828e+02	1.86412428e+02	1.86421749e+00	1.07630647e+00	1.84548210e+02	1.88276645e+02
4.94300000e+02	1.85900000e+02	1.01000000e+00	1	1.84059406e+02	1.85900000e+02	1.00000000e+00	1	1.85900000e+02	1.85900000e+02	9.90000000e-01	1	1.87777778e+02	1.85912395e+02	1.85921690e+00	1.07341938e+00	1.84053178e+02	1.87771611e+02
4.94400000e+02	1.85000000e+02	1.01000000e+00	1	1.83168317e+02	1.85000000e+02	1.00000000e+00	1	1.85000000e+02	1.85000000e+02	9.90000000e-01	1	1.86868687e+02	1.85012335e+02	1.85021585e+00	1.06822262e+00	1.83162119e+02	1.86862550e+02
4.94500000e+02	1.84300000e+02	1.01000000e+00	1	1.82475248e+02	1.84300000e+02	1.00000000e+00	1	1.84300000e+02	1.84300000e+02	9.90000000e-01	1	1.86161616e+02	1.84312288e+02	1.84321504e+00	1.06418070e+00	1.82469073e+02	1.86155503e+02
4.94600000e+02	1.83700000e+02	1.01000000e+00	1	1.81881188e+02	1.83700000e+02	1.00000000e+00	1	1.83700000e+02	1.83700000e+02	9.90000000e-01	1	1.85555556e+02	1.83712248e+02	1.83721434e+00	1.06071619e+00	1.81875034e+02	1.85549462e+02
4.94700000e+02	1.82900000e+02	1.01000000e+00	1	1.81089109e+02	1.82900000e+02	1.00000000e+00	1	1.82900000e+02	1.82900000e+02	9.90000000e-01	1	1.84747475e+02	1.82912195e+02	1.82921340e+00	1.05609685e+00	1.81082981e+02	1.84741408e+02
4.94800000e+02	1.82300000e+02	1.01000000e+00	1	1.80495050e+02	1.82300000e+02	1.00000000e+00	1	1.82300000e+02	1.82300000e+02	9.90000000e-01	1	1.84141414e+02	1.82312155e+02	1.82321270e+00	1.05263235e+00	1.80488942e+02	1.84135367e+02
4.94900000e+02	1.81700000e+02	1.01000000e+00	1	1.79900990e+02	1.81700000e+02	1.00000000e+00	1	1.81700000e+02	1.81700000e+02	9.90000000e-01	1	1.83535354e+02	1.81712115e+02	1.81721200e+00	1.04916784e+00	1.79894903e+02	1.83529327e+02
4.95000000e+02	1.81100000e+02	1.01000000e+00	1	1.79306931e+02	1.81100000e+02	1.00000000e+00	1	1.81100000e+02	1.81100000e+02	9.90000000e-01	1	1.82929293e+02	1.81112075e+02	1.81121130e+00	1.04570333e+00	1.79300863e+02	1.82923286e+02
4.95100000e+02	1.80300000e+02	1.01000000e+00	1	1.78514851e+02	1.80300000e+02	1.00000000e+00	1	1.80300000e+02	1.80300000e+02	9.90000000e-01	1	1.82121212e+02	1.80312021e+02	1.80321037e+00	1.04108399e+00	1.78508811e+02	1.82115232e+02
4.95200000e+02	1.79900000e+02	1.01000000e+00	1	1.78118812e+02	1.79900000e+02	1.00000000e+00	1	1.79900000e+02	1.79900000e+02	9.90000000e-01	1	1.81717172e+02	1.79911995e+02	1.79920990e+00	1.03877432e+00	1.78112785e+02	1.81711204e+02
4.95300000e+02	1.79000000e+02	1.01000000e+00	1	1.77227723e+02	1.79000000e+02	1.00000000e+00	1	1.79000000e+02	1.79000000e+02	9.90000000e-01	1	1.80808081e+02	1.79011935e+02	1.79020885e+00	1.03357756e+00	1.77221726e+02	1.80802143e+02
4.95400000e+02	1.78300000e+02	1.01000000e+00	1	1.76534653e+02	1.78300000e+02	1.00000000e+00	1	1.78300000e+02	1.78300000e+02	9.90000000e-01	1	1.80101010e+02	1.78311888e+02	1.78320804e+00	1.02953564e+00	1.76528680e+02	1.80095096e+02
4.95500000e+02	1.77600000e+02	1.01000000e+00	1	1.75841584e+02	1.77600000e+02	1.00000000e+00	1	1.77600000e+02	1.77600000e+02	9.90000000e-01	1	1.79393939e+02	1.77611841e+02	1.77620722e+00	1.02549372e+00	1.75835634e+02	1.79388048e+02
4.95600000e+02	1.76900000e+02	1.01000000e+00	1	1.75148515e+02	1.76900000e+02	1.00000000e+00	1	1.76900000e+02	1.76900000e+02	9.90000000e-01	1	1.78686869e+02	1.76911795e+02	1.76920640e+00	1.02145179e+00	1.75142588e+02	1.78681001e+02
4.95700000e+02	1.76200000e+02	1.01000000e+00	1	1.74455446e+02	1.76200000e+02	1.00000000e+00	1	1.76200000e+02	1.76200000e+02	9.90000000e-01	1	1.77979798e+02	1.76211748e+02	1.76220559e+00	1.01740987e+00	1.74449542e+02	1.77973953e+02
4.95800000e+02	1.75600000e+02	1.01000000e+00	1	1.73861386e+02	1.75600000e+02	1.00000000e+00	1	1.75600000e+02	1.75600000e+02	9.90000000e-01	1	1.77373737e+02	1.75611708e+02	1.75620489e+00	1.01394536e+00	1.73855503e+02	1.77367913e+02
4.95900000e+02	1.74900000e+02	1.01000000e+00	1	1.73168317e+02	1.74900000e+02	1.00000000e+00	1	1.74900000e+02	1.74900000e+02	9.90000000e-01	1	1.76666667e+02	1.74911661e+02	1.74920407e+00	1.00990344e+00	1.73162457e+02	1.76660865e+02
4.96000000e+02	1.74300000e+02	1.01000000e+00	1	1.72574257e+02	1.74300000e+02	1.00000000e+00	1	1.74300000e+02	1.74300000e+02	9.90000000e-01	1	1.76060606e+02	1.74311621e+02	1.74320337e+00	1.00643893e+00	1.72568418e+02	1.76054825e+02
4.96100000e+02	1.73800000e+02	1.01000000e+00	1	1.72079208e+02	1.73800000e+02	1.00000000e+00	1	1.73800000e+02	1.73800000e+02	9.90000000e-01	1	1.75555556e+02	1.73811588e+02	1.73820279e+00	1.00355185e+00	1.72073385e+02	1.75549791e+02
4.96200000e+02	1.72900000e+02	1.01000000e+00	1	1.71188119e+02	1.72900000e+02	1.00000000e+00	1	1.72900000e+02	1.72900000e+02	9.90000000e-01	1	1.74646465e+02	1.72911528e+02	1.72920174e+00	9.98355088e-01	1.71182326e+02	1.74640730e+02
4.96300000e+02	1.72100000e+02	1.01000000e+00	1	1.70396040e+02	1.72100000e+02	1.00000000e+00	1	1.72100000e+02	1.72100000e+02	9.90000000e-01	1	1.73838384e+02	1.72111474e+02	1.72120080e+00	9.93735747e-01	1.70390274e+02	1.73832675e+02
4.96400000e+02	1.71600000e+02	1.01000000e+00	1	1.69900990e+02	1.71600000e+02	1.00000000e+00	1	1.71600000e+02	1.71600000e+02	9.90000000e-01	1	1.73333333e+02	1.71611441e+02	1.71620022e+00	9.90848659e-01	1.69895241e+02	1.73327641e+02
4.96500000e+02	1.70900000e+02	1.01000000e+00	1	1.69207921e+02	1.70900000e+02	1.00000000e+00	1	1.70900000e+02	1.70900000e+02	9.90000000e-01	1	1.72626263e+02	1.70911394e+02	1.70919940e+00	9.86806735e-01	1.69202195e+02	1.72620594e+02
4.96600000e+02	1.70300000e+02	1.01000000e+00	1	1.68613861e+02	1.70300000e+02	1.00000000e+00	1	1.70300000e+02	1.70300000e+02	9.90000000e-01	1	1.72020202e+02	1.70311354e+02	1.70319870e+00	9.83342230e-01	1.68608156e+02	1.72014553e+02
4.96700000e+02	1.69700000e+02	1.01000000e+00	1	1.68019802e+02	1.69700000e+02	1.00000000e+00	1	1.69700000e+02	1.69700000e+02	9.90000000e-01	1	1.71414141e+02	1.69711314e+02	1.69719800e+00	9.79877724e-01	1.68014116e+02	1.71408512e+02
4.96800000e+02	1.69000000e+02	1.01000000e+00	1	1.67326733e+02	1.69000000e+02	1.00000000e+00	1	1.69000000e+02	1.69000000e+02	9.90000000e-01	1	1.70707071e+02	1.69011268e+02	1.69019719e+00	9.75835800e-01	1.67321071e+02	1.70701465e+02
4.96900000e+02	1.68600000e+02	1.01000000e+00	1	1.66930693e+02	1.68600000e+02	1.00000000e+00	1	1.68600000e+02	1.68600000e+02	9.90000000e-01	1	1.70303030e+02	1.68611241e+02	1.68619672e+00	9.73526130e-01	1.66925044e+02	1.70297438e+02
4.97000000e+02	1.67700000e+02	1.01000000e+00	1	1.66039604e+02	1.67700000e+02	1.00000000e+00	1	1.67700000e+02	1.67700000e+02	9.90000000e-01	1	1.69393939e+02	1.67711181e+02	1.67719567e+00	9.68329371e-01	1.66033985e+02	1.69388377e+02
4.97100000e+02	1.66800000e+02	1.01000000e+00	1	1.65148515e+02	1.66800000e+02	1.00000000e+00	1	1.66800000e+02	1.66800000e+02	9.90000000e-01	1	1.68484848e+02	1.66811121e+02	1.66819462e+00	9.63132612e-01	1.65142926e+02	1.68479316e+02
4.97200000e+02	1.66200000e+02	1.01000000e+00	1	1.64554455e+02	1.66200000e+02	1.00000000e+00	1	1.66200000e+02	1.66200000e+02	9.90000000e-01	1	1.67878788e+02	1.66211081e+02	1.66219392e+00	9.59668107e-01	1.64548887e+02	1.67873275e+02
4.97300000e+02	1.65700000e+02	1.01000000e+00	1	1.64059406e+02	1.65700000e+02	1.00000000e+00	1	1.65700000e+02	1.65700000e+02	9.90000000e-01	1	1.67373737e+02	1.65711048e+02	1.65719334e+00	9.56781019e-01	1.64053854e+02	1.67368241e+02
4.97400000e+02	1.65000000e+02	1.01000000e+00	1	1.63366337e+02	1.65000000e+02	1.00000000e+00	1	1.65000000e+02	1.65000000e+02	9.90000000e-01	1	1.66666667e+02	1.65011001e+02	1.65019252e+00	9.52739095e-01	1.63360809e+02	1.66661194e+02
4.97500000e+02	1.64500000e+02	1.01000000e+00	1	1.62871287e+02	1.64500000e+02	1.00000000e+00	1	1.64500000e+02	1.64500000e+02	9.90000000e-01	1	1.66161616e+02	1.64510968e+02	1.64519194e+00	9.49852007e-01	1.62865776e+02	1.66156160e+02
4.97600000e+02	1.63800000e+02	1.01000000e+00	1	1.62178218e+02	1.63800000e+02	1.00000000e+00	1	1.63800000e+02	1.63800000e+02	9.90000000e-01	1	1.65454545e+02	1.63810921e+02	1.63819112e+00	9.45810083e-01	1.62172730e+02	1.65449112e+02
4.97700000e+02	1.63000000e+02	1.01000000e+00	1	1.61386139e+02	1.63000000e+02	1.00000000e+00	1	1.63000000e+02	1.63000000e+02	9.90000000e-01	1	1.64646465e+02	1.63010868e+02	1.63019019e+00	9.41190742e-01	1.61380678e+02	1.64641058e+02
4.97800000e+02	1.62300000e+02	1.01000000e+00	1	1.60693069e+02	1.62300000e+02	1.00000000e+00	1	1.62300000e+02	1.62300000e+02	9.90000000e-01	1	1.63939394e+02	1.62310821e+02	1.62318937e+00	9.37148819e-01	1.60687632e+02	1.63934010e+02
4.97900000e+02	1.61700000e+02	1.01000000e+00	1	1.60099010e+02	1.61700000e+02	1.00000000e+00	1	1.61700000e+02	1.61700000e+02	9.90000000e-01	1	1.63333333e+02	1.61710781e+02	1.61718867e+00	9.33684313e-01	1.60093592e+02	1.63327970e+02
4.98000000e+02	1.61200000e+02	1.01000000e+00	1	1.59603960e+02	1.61200000e+02	1.00000000e+00	1	1.61200000e+02	1.61200000e+02	9.90000000e-01	1	1.62828283e+02	1.61210748e+02	1.61218809e+00	9.30797225e-01	1.59598560e+02	1.62822936e+02
4.98100000e+02	1.60400000e+02	1.01000000e+00	1	1.58811881e+02	1.60400000e+02	1.00000000e+00	1	1.60400000e+02	1.60400000e+02	9.90000000e-01	1	1.62020202e+02	1.60410694e+02	1.60418715e+00	9.26177884e-01	1.58806507e+02	1.62014882e+02
4.98200000e+02	1.60100000e+02	1.01000000e+00	1	1.58514851e+02	1.60100000e+02	1.00000000e+00	1	1.60100000e+02	1.60100000e+02	9.90000000e-01	1	1.61717172e+02	1.60110674e+02	1.60118680e+00	9.24445631e-01	1.58509488e+02	1.61711861e+02
4.98300000e+02	1.59200000e+02	1.01000000e+00	1	1.57623762e+02	1.59200000e+02	1.00000000e+00	1	1.59200000e+02	1.59200000e+02	9.90000000e-01	1	1.60808081e+02	1.59210614e+02	1.59218575e+00	9.19248872e-01	1.57618429e+02	1.60802800e+02
4.98400000e+02	1.58700000e+02	1.01000000e+00	1	1.57128713e+02	1.58700000e+02	1.00000000e+00	1	1.58700000e+02	1.58700000e+02	9.90000000e-01	1	1.60303030e+02	1.58710581e+02	1.58718517e+00	9.16361784e-01	1.57123396e+02	1.60297766e+02
4.98500000e+02	1.58000000e+02	1.01000000e+00	1	1.56435644e+02	1.58000000e+02	1.00000000e+00	1	1.58000000e+02	1.58000000e+02	9.90000000e-01	1	1.59595960e+02	1.58010534e+02	1.58018435e+00	9.12319861e-01	1.56430350e+02	1.59590719e+02
4.98600000e+02	1.57300000e+02	1.01000000e+00	1	1.55742574e+02	1.57300000e+02	1.00000000e+00	1	1.57300000e+02	1.57300000e+02	9.90000000e-01	1	1.58888889e+02	1.57310488e+02	1.57318353e+00	9.08277937e-01	1.55737304e+02	1.58883671e+02
4.98700000e+02	1.56600000e+02	1.01000000e+00	1	1.55049505e+02	1.56600000e+02	1.00000000e+00	1	1.56600000e+02	1.56600000e+02	9.90000000e-01	1	1.58181818e+02	1.56610441e+02	1.56618272e+00	9.04236014e-01	1.55044258e+02	1.58176624e+02
4.98800000e+02	1.55900000e+02	1.01000000e+00	1	1.54356436e+02	1.55900000e+02	1.00000000e+00	1	1.55900000e+02	1.55900000e+02	9.90000000e-01	1	1.57474747e+02	1.55910394e+02	1.55918190e+00	9.00194090e-01	1.54351212e+02	1.57469576e+02
4.98900000e+02	1.55400000e+02	1.01000000e+00	1	1.53861386e+02	1.55400000e+02	1.00000000e+00	1	1.55400000e+02	1.55400000e+02	9.90000000e-01	1	1.56969697e+02	1.55410361e+02	1.55418132e+00	8.97307002e-01	1.53856180e+02	1.56964542e+02
4.99000000e+02	1.54700000e+02	1.01000000e+00	1	1.53168317e+02	1.54700000e+02	1.00000000e+00	1	1.54700000e+02	1.54700000e+02	9.90000000e-01	1	1.56262626e+02	1.54710314e+02	1.54718050e+00	8.93265079e-01	1.53163134e+02	1.56257495e+02
4.99100000e+02	1.54200000e+02	1.01000000e+00	1	1.52673267e+02	1.54200000e+02	1.00000000e+00	1	1.54200000e+02	1.54200000e+02	9.90000000e-01	1	1.55757576e+02	1.54210281e+02	1.54217992e+00	8.90377991e-01	1.52668101e+02	1.55752461e+02
4.99200000e+02	1.53600000e+02	1.01000000e+00	1	1.52079208e+02	1.53600000e+02	1.00000000e+00	1	1.53600000e+02	1.53600000e+02	9.90000000e-01	1	1.55151515e+02	1.53610241e+02	1.53617922e+00	8.86913485e-01	1.52074062e+02	1.55146420e+02
4.99300000e+02	1.52900000e+02	1.01000000e+00	1	1.51386139e+02	1.52900000e+02	1.00000000e+00	1	1.52900000e+02	1.52900000e+02	9.90000000e-01	1	1.54444444e+02	1.52910194e+02	1.52917840e+00	8.82871561e-01	1.51381016e+02	1.54439373e+02
4.99400000e+02	1.52300000e+02	1.01000000e+00	1	1.50792079e+02	1.52300000e+02	1.00000000e+00	1	1.52300000e+02	1.52300000e+02	9.90000000e-01	1	1.53838384e+02	1.52310154e+02	1.52317770e+00	8.79407056e-01	1.50786977e+02	1.53833332e+02
4.99500000e+02	1.51600000e+02	1.01000000e+00	1	1.50099010e+02	1.51600000e+02	1.00000000e+00	1	1.51600000e+02	1.51600000e+02	9.90000000e-01	1	1.53131313e+02	1.51610108e+02	1.51617688e+00	8.75365132e-01	1.50093931e+02	1.53126285e+02
4.99600000e+02	1.51100000e+02	1.01000000e+00	1	1.49603960e+02	1.51100000e+02	1.00000000e+00	1	1.51100000e+02	1.51100000e+02	9.90000000e-01	1	1.52626263e+02	1.51110074e+02	1.51117630e+00	8.72478044e-01	1.49598898e+02	1.52621251e+02
4.99700000e+02	1.50400000e+02	1.01000000e+00	1	1.48910891e+02	1.50400000e+02	1.00000000e+00	1	1.50400000e+02	1.50400000e+02	9.90000000e-01	1	1.51919192e+02	1.50410028e+02	1.50417548e+00	8.68436121e-01	1.48905852e+02	1.51914203e+02
4.99800000e+02	1.49800000e+02	1.01000000e+00	1	1.48316832e+02	1.49800000e+02	1.00000000e+00	1	1.49800000e+02	1.49800000e+02	9.90000000e-01	1	1.51313131e+02	1.49809988e+02	1.49817478e+00	8.64971615e-01	1.48311813e+02	1.51308162e+02
4.99900000e+02	1.49000000e+02	1.01000000e+00	1	1.47524752e+02	1.49000000e+02	1.00000000e+00	1	1.49000000e+02	1.49000000e+02	9.90000000e-01	1	1.50505051e+02	1.49009934e+02	1.49017385e+00	8.60352274e-01	1.47519760e+02	1.50500108e+02
5.00000000e+02	1.48400000e+02	1.01000000e+00	1	1.46930693e+02	1.48400000e+02	1.00000000e+00	1	1.48400000e+02	1.48400000e+02	9.90000000e-01	1	1.49898990e+02	1.48409894e+02	1.48417315e+00	8.56887768e-01	1.46925721e+02	1.49894067e+02
5.00100000e+02	1.47700000e+02	1.01000000e+00	1	1.46237624e+02	1.47700000e+02	1.00000000e+00	1	1.47700000e+02	1.47700000e+02	9.90000000e-01	1	1.49191919e+02	1.47709848e+02	1.47717233e+00	8.52845844e-01	1.46232675e+02	1.49187020e+02
5.00200000e+02	1.47300000e+02	1.01000000e+00	1	1.45841584e+02	1.47300000e+02	1.00000000e+00	1	1.47300000e+02	1.47300000e+02	9.90000000e-01	1	1.48787879e+02	1.47309821e+02	1.47317187e+00	8.50536174e-01	1.45836649e+02	1.48782993e+02
5.00300000e+02	1.46700000e+02	1.01000000e+00	1	1.45247525e+02	1.46700000e+02	1.00000000e+00	1	1.46700000e+02	1.46700000e+02	9.90000000e-01	1	1.48181818e+02	1.46709781e+02	1.46717117e+00	8.47071668e-01	1.45242610e+02	1.48176952e+02
5.00400000e+02	1.46200000e+02	1.01000000e+00	1	1.44752475e+02	1.46200000e+02	1.00000000e+00	1	1.46200000e+02	1.46200000e+02	9.90000000e-01	1	1.47676768e+02	1.46209748e+02	1.46217058e+00	8.44184580e-01	1.44747577e+02	1.47671918e+02
5.00500000e+02	1.45700000e+02	1.01000000e+00	1	1.44257426e+02	1.45700000e+02	1.00000000e+00	1	1.45700000e+02	1.45700000e+02	9.90000000e-01	1	1.47171717e+02	1.45709714e+02	1.45717000e+00	8.41297492e-01	1.44252544e+02	1.47166884e+02
5.00600000e+02	1.45000000e+02	1.01000000e+00	1	1.43564356e+02	1.45000000e+02	1.00000000e+00	1	1.45000000e+02	1.45000000e+02	9.90000000e-01	1	1.46464646e+02	1.45009668e+02	1.45016918e+00	8.37255568e-01	1.43559498e+02	1.46459837e+02
5.00700000e+02	1.44200000e+02	1.01000000e+00	1	1.42772277e+02	1.44200000e+02	1.00000000e+00	1	1.44200000e+02	1.44200000e+02	9.90000000e-01	1	1.45656566e+02	1.44209614e+02	1.44216825e+00	8.32636227e-01	1.42767446e+02	1.45651783e+02
5.00800000e+02	1.43500000e+02	1.01000000e+00	1	1.42079208e+02	1.43500000e+02	1.00000000e+00	1	1.43500000e+02	1.43500000e+02	9.90000000e-01	1	1.44949495e+02	1.43509568e+02	1.43516743e+00	8.28594304e-01	1.42074400e+02	1.44944735e+02
5.00900000e+02	1.43300000e+02	1.01000000e+00	1	1.41881188e+02	1.43300000e+02	1.00000000e+00	1	1.43300000e+02	1.43300000e+02	9.90000000e-01	1	1.44747475e+02	1.43309554e+02	1.43316720e+00	8.27439469e-01	1.41876387e+02	1.44742721e+02
5.01000000e+02	1.42400000e+02	1.01000000e+00	1	1.40990099e+02	1.42400000e+02	1.00000000e+00	1	1.42400000e+02	1.42400000e+02	9.90000000e-01	1	1.43838384e+02	1.42409494e+02	1.42416615e+00	8.22242710e-01	1.40985328e+02	1.43833660e+02
5.01100000e+02	1.41900000e+02	1.01000000e+00	1	1.40495050e+02	1.41900000e+02	1.00000000e+00	1	1.41900000e+02	1.41900000e+02	9.90000000e-01	1	1.43333333e+02	1.41909461e+02	1.41916557e+00	8.19355622e-01	1.40490295e+02	1.43328627e+02
5.01200000e+02	1.41200000e+02	1.01000000e+00	1	1.39801980e+02	1.41200000e+02	1.00000000e+00	1	1.41200000e+02	1.41200000e+02	9.90000000e-01	1	1.42626263e+02	1.41209414e+02	1.41216475e+00	8.15313698e-01	1.39797250e+02	1.42621579e+02
5.01300000e+02	1.40600000e+02	1.01000000e+00	1	1.39207921e+02	1.40600000e+02	1.00000000e+00	1	1.40600000e+02	1.40600000e+02	9.90000000e-01	1	1.42020202e+02	1.40609374e+02	1.40616405e+00	8.11849193e-01	1.39203210e+02	1.42015538e+02
5.01400000e+02	1.40100000e+02	1.01000000e+00	1	1.38712871e+02	1.40100000e+02	1.00000000e+00	1	1.40100000e+02	1.40100000e+02	9.90000000e-01	1	1.41515152e+02	1.40109341e+02	1.40116347e+00	8.08962104e-01	1.38708177e+02	1.41510504e+02
5.01500000e+02	1.39600000e+02	1.01000000e+00	1	1.38217822e+02	1.39600000e+02	1.00000000e+00	1	1.39600000e+02	1.39600000e+02	9.90000000e-01	1	1.41010101e+02	1.39609308e+02	1.39616288e+00	8.06075016e-01	1.38213145e+02	1.41005470e+02
5.01600000e+02	1.38900000e+02	1.01000000e+00	1	1.37524752e+02	1.38900000e+02	1.00000000e+00	1	1.38900000e+02	1.38900000e+02	9.90000000e-01	1	1.40303030e+02	1.38909261e+02	1.38916207e+00	8.02033093e-01	1.37520099e+02	1.40298423e+02
5.01700000e+02	1.38300000e+02	1.01000000e+00	1	1.36930693e+02	1.38300000e+02	1.00000000e+00	1	1.38300000e+02	1.38300000e+02	9.90000000e-01	1	1.39696970e+02	1.38309221e+02	1.38316137e+00	7.98568587e-01	1.36926060e+02	1.39692382e+02
5.01800000e+02	1.37700000e+02	1.01000000e+00	1	1.36336634e+02	1.37700000e+02	1.00000000e+00	1	1.37700000e+02	1.37700000e+02	9.90000000e-01	1	1.39090909e+02	1.37709181e+02	1.37716067e+00	7.95104081e-01	1.36332020e+02	1.39086342e+02
5.01900000e+02	1.37200000e+02	1.01000000e+00	1	1.35841584e+02	1.37200000e+02	1.00000000e+00	1	1.37200000e+02	1.37200000e+02	9.90000000e-01	1	1.38585859e+02	1.37209148e+02	1.37216008e+00	7.92216993e-01	1.35836987e+02	1.38581308e+02
5.02000000e+02	1.36700000e+02	1.01000000e+00	1	1.35346535e+02	1.36700000e+02	1.00000000e+00	1	1.36700000e+02	1.36700000e+02	9.90000000e-01	1	1.38080808e+02	1.36709114e+02	1.36715950e+00	7.89329905e-01	1.35341955e+02	1.38076274e+02
5.02100000e+02	1.36000000e+02	1.01000000e+00	1	1.34653465e+02	1.36000000e+02	1.00000000e+00	1	1.36000000e+02	1.36000000e+02	9.90000000e-01	1	1.37373737e+02	1.36009068e+02	1.36015868e+00	7.85287981e-01	1.34648909e+02	1.37369226e+02
5.02200000e+02	1.35400000e+02	1.01000000e+00	1	1.34059406e+02	1.35400000e+02	1.00000000e+00	1	1.35400000e+02	1.35400000e+02	9.90000000e-01	1	1.36767677e+02	1.35409028e+02	1.35415798e+00	7.81823476e-01	1.34054870e+02	1.36763186e+02
5.02300000e+02	1.35000000e+02	1.01000000e+00	1	1.33663366e+02	1.35000000e+02	1.00000000e+00	1	1.35000000e+02	1.35000000e+02	9.90000000e-01	1	1.36363636e+02	1.35009001e+02	1.35015752e+00	7.79513805e-01	1.33658843e+02	1.36359158e+02
5.02400000e+02	1.34300000e+02	1.01000000e+00	1	1.32970297e+02	1.34300000e+02	1.00000000e+00	1	1.34300000e+02	1.34300000e+02	9.90000000e-01	1	1.35656566e+02	1.34308954e+02	1.34315670e+00	7.75471882e-01	1.32965798e+02	1.35652111e+02
5.02500000e+02	1.33700000e+02	1.01000000e+00	1	1.32376238e+02	1.33700000e+02	1.00000000e+00	1	1.33700000e+02	1.33700000e+02	9.90000000e-01	1	1.35050505e+02	1.33708914e+02	1.33715600e+00	7.72007376e-01	1.32371758e+02	1.35046070e+02
5.02600000e+02	1.33200000e+02	1.01000000e+00	1	1.31881188e+02	1.33200000e+02	1.00000000e+00	1	1.33200000e+02	1.33200000e+02	9.90000000e-01	1	1.34545455e+02	1.33208881e+02	1.33215542e+00	7.69120288e-01	1.31876725e+02	1.34541036e+02
5.02700000e+02	1.33200000e+02	1.01000000e+00	1	1.31881188e+02	1.33200000e+02	1.00000000e+00	1	1.33200000e+02	1.33200000e+02	9.90000000e-01	1	1.34545455e+02	1.33208881e+02	1.33215542e+00	7.69120288e-01	1.31876725e+02	1.34541036e+02
5.02800000e+02	1.32300000e+02	1.01000000e+00	1	1.30990099e+02	1.32300000e+02	1.00000000e+00	1	1.32300000e+02	1.32300000e+02	9.90000000e-01	1	1.33636364e+02	1.32308821e+02	1.32315437e+00	7.63923529e-01	1.30985667e+02	1.33631975e+02
5.02900000e+02	1.31500000e+02	1.01000000e+00	1	1.30198020e+02	1.31500000e+02	1.00000000e+00	1	1.31500000e+02	1.31500000e+02	9.90000000e-01	1	1.32828283e+02	1.31508768e+02	1.31515343e+00	7.59304188e-01	1.30193614e+02	1.32823921e+02
5.03000000e+02	1.30900000e+02	1.01000000e+00	1	1.29603960e+02	1.30900000e+02	1.00000000e+00	1	1.30900000e+02	1.30900000e+02	9.90000000e-01	1	1.32222222e+02	1.30908728e+02	1.30915273e+00	7.55839682e-01	1.29599575e+02	1.32217880e+02
5.03100000e+02	1.30200000e+02	1.01000000e+00	1	1.28910891e+02	1.30200000e+02	1.00000000e+00	1	1.30200000e+02	1.30200000e+02	9.90000000e-01	1	1.31515152e+02	1.30208681e+02	1.30215192e+00	7.51797759e-01	1.28906529e+02	1.31510833e+02
5.03200000e+02	1.29900000e+02	1.01000000e+00	1	1.28613861e+02	1.29900000e+02	1.00000000e+00	1	1.29900000e+02	1.29900000e+02	9.90000000e-01	1	1.31212121e+02	1.29908661e+02	1.29915156e+00	7.50065506e-01	1.28609509e+02	1.31207812e+02
5.03300000e+02	1.29300000e+02	1.01000000e+00	1	1.28019802e+02	1.29300000e+02	1.00000000e+00	1	1.29300000e+02	1.29300000e+02	9.90000000e-01	1	1.30606061e+02	1.29308621e+02	1.29315086e+00	7.46601000e-01	1.28015470e+02	1.30601772e+02
5.03400000e+02	1.28400000e+02	1.01000000e+00	1	1.27128713e+02	1.28400000e+02	1.00000000e+00	1	1.28400000e+02	1.28400000e+02	9.90000000e-01	1	1.29696970e+02	1.28408561e+02	1.28414981e+00	7.41404241e-01	1.27124411e+02	1.29692711e+02
5.03500000e+02	1.27900000e+02	1.01000000e+00	1	1.26633663e+02	1.27900000e+02	1.00000000e+00	1	1.27900000e+02	1.27900000e+02	9.90000000e-01	1	1.29191919e+02	1.27908528e+02	1.27914923e+00	7.38517153e-01	1.26629378e+02	1.29187677e+02
5.03600000e+02	1.27300000e+02	1.01000000e+00	1	1.26039604e+02	1.27300000e+02	1.00000000e+00	1	1.27300000e+02	1.27300000e+02	9.90000000e-01	1	1.28585859e+02	1.27308488e+02	1.27314853e+00	7.35052647e-01	1.26035339e+02	1.28581636e+02
5.03700000e+02	1.26800000e+02	1.01000000e+00	1	1.25544554e+02	1.26800000e+02	1.00000000e+00	1	1.26800000e+02	1.26800000e+02	9.90000000e-01	1	1.28080808e+02	1.26808454e+02	1.26814795e+00	7.32165559e-01	1.25540306e+02	1.28076602e+02
5.03800000e+02	1.26300000e+02	1.01000000e+00	1	1.25049505e+02	1.26300000e+02	1.00000000e+00	1	1.26300000e+02	1.26300000e+02	9.90000000e-01	1	1.27575758e+02	1.26308421e+02	1.26314736e+00	7.29278471e-01	1.25045273e+02	1.27571568e+02
5.03900000e+02	1.25700000e+02	1.01000000e+00	1	1.24455446e+02	1.25700000e+02	1.00000000e+00	1	1.25700000e+02	1.25700000e+02	9.90000000e-01	1	1.26969697e+02	1.25708381e+02	1.25714666e+00	7.25813965e-01	1.24451234e+02	1.26965528e+02
5.04000000e+02	1.25100000e+02	1.01000000e+00	1	1.23861386e+02	1.25100000e+02	1.00000000e+00	1	1.25100000e+02	1.25100000e+02	9.90000000e-01	1	1.26363636e+02	1.25108341e+02	1.25114596e+00	7.22349459e-01	1.23857195e+02	1.26359487e+02
5.04100000e+02	1.24600000e+02	1.01000000e+00	1	1.23366337e+02	1.24600000e+02	1.00000000e+00	1	1.24600000e+02	1.24600000e+02	9.90000000e-01	1	1.25858586e+02	1.24608307e+02	1.24614538e+00	7.19462371e-01	1.23362162e+02	1.25854453e+02
5.04200000e+02	1.24000000e+02	1.01000000e+00	1	1.22772277e+02	1.24000000e+02	1.00000000e+00	1	1.24000000e+02	1.24000000e+02	9.90000000e-01	1	1.25252525e+02	1.24008267e+02	1.24014468e+00	7.15997865e-01	1.22768123e+02	1.25248412e+02
5.04300000e+02	1.23400000e+02	1.01000000e+00	1	1.22178218e+02	1.23400000e+02	1.00000000e+00	1	1.23400000e+02	1.23400000e+02	9.90000000e-01	1	1.24646465e+02	1.23408227e+02	1.23414398e+00	7.12533360e-01	1.22174084e+02	1.24642371e+02
5.04400000e+02	1.22800000e+02	1.01000000e+00	1	1.21584158e+02	1.22800000e+02	1.00000000e+00	1	1.22800000e+02	1.22800000e+02	9.90000000e-01	1	1.24040404e+02	1.22808187e+02	1.22814328e+00	7.09068854e-01	1.21580044e+02	1.24036331e+02
5.04500000e+02	1.22300000e+02	1.01000000e+00	1	1.21089109e+02	1.22300000e+02	1.00000000e+00	1	1.22300000e+02	1.22300000e+02	9.90000000e-01	1	1.23535354e+02	1.22308154e+02	1.22314270e+00	7.06181766e-01	1.21085011e+02	1.23531297e+02
5.04600000e+02	1.21800000e+02	1.01000000e+00	1	1.20594059e+02	1.21800000e+02	1.00000000e+00	1	1.21800000e+02	1.21800000e+02	9.90000000e-01	1	1.23030303e+02	1.21808121e+02	1.21814211e+00	7.03294677e-01	1.20589979e+02	1.23026263e+02
5.04700000e+02	1.21200000e+02	1.01000000e+00	1	1.20000000e+02	1.21200000e+02	1.00000000e+00	1	1.21200000e+02	1.21200000e+02	9.90000000e-01	1	1.22424242e+02	1.21208081e+02	1.21214141e+00	6.99830172e-01	1.19995939e+02	1.22420222e+02
5.04800000e+02	1.20500000e+02	1.01000000e+00	1	1.19306931e+02	1.20500000e+02	1.00000000e+00	1	1.20500000e+02	1.20500000e+02	9.90000000e-01	1	1.21717172e+02	1.20508034e+02	1.20514060e+00	6.95788248e-01	1.19302894e+02	1.21713175e+02
5.04900000e+02	1.20200000e+02	1.01000000e+00	1	1.19009901e+02	1.20200000e+02	1.00000000e+00	1	1.20200000e+02	1.20200000e+02	9.90000000e-01	1	1.21414141e+02	1.20208014e+02	1.20214025e+00	6.94055995e-01	1.19005874e+02	1.21410154e+02
5.05000000e+02	1.19500000e+02	1.01000000e+00	1	1.18316832e+02	1.19500000e+02	1.00000000e+00	1	1.19500000e+02	1.19500000e+02	9.90000000e-01	1	1.20707071e+02	1.19507967e+02	1.19513943e+00	6.90014072e-01	1.18312828e+02	1.20703107e+02
5.05100000e+02	1.19000000e+02	1.01000000e+00	1	1.17821782e+02	1.19000000e+02	1.00000000e+00	1	1.19000000e+02	1.19000000e+02	9.90000000e-01	1	1.20202020e+02	1.19007934e+02	1.19013885e+00	6.87126984e-01	1.17817795e+02	1.20198073e+02
5.05200000e+02	1.18500000e+02	1.01000000e+00	1	1.17326733e+02	1.18500000e+02	1.00000000e+00	1	1.18500000e+02	1.18500000e+02	9.90000000e-01	1	1.19696970e+02	1.18507901e+02	1.18513826e+00	6.84239896e-01	1.17322763e+02	1.19693039e+02
5.05300000e+02	1.17900000e+02	1.01000000e+00	1	1.16732673e+02	1.17900000e+02	1.00000000e+00	1	1.17900000e+02	1.17900000e+02	9.90000000e-01	1	1.19090909e+02	1.17907861e+02	1.17913756e+00	6.80775390e-01	1.16728723e+02	1.19086998e+02
5.05400000e+02	1.17400000e+02	1.01000000e+00	1	1.16237624e+02	1.17400000e+02	1.00000000e+00	1	1.17400000e+02	1.17400000e+02	9.90000000e-01	1	1.18585859e+02	1.17407827e+02	1.17413698e+00	6.77888302e-01	1.16233690e+02	1.18581964e+02
5.05500000e+02	1.16900000e+02	1.01000000e+00	1	1.15742574e+02	1.16900000e+02	1.00000000e+00	1	1.16900000e+02	1.16900000e+02	9.90000000e-01	1	1.18080808e+02	1.16907794e+02	1.16913640e+00	6.75001213e-01	1.15738658e+02	1.18076931e+02
5.05600000e+02	1.16300000e+02	1.01000000e+00	1	1.15148515e+02	1.16300000e+02	1.00000000e+00	1	1.16300000e+02	1.16300000e+02	9.90000000e-01	1	1.17474747e+02	1.16307754e+02	1.16313570e+00	6.71536708e-01	1.15144618e+02	1.17470890e+02
5.05700000e+02	1.15900000e+02	1.01000000e+00	1	1.14752475e+02	1.15900000e+02	1.00000000e+00	1	1.15900000e+02	1.15900000e+02	9.90000000e-01	1	1.17070707e+02	1.15907727e+02	1.15913523e+00	6.69227037e-01	1.14748592e+02	1.17066863e+02
5.05800000e+02	1.15300000e+02	1.01000000e+00	1	1.14158416e+02	1.15300000e+02	1.00000000e+00	1	1.15300000e+02	1.15300000e+02	9.90000000e-01	1	1.16464646e+02	1.15307687e+02	1.15313453e+00	6.65762531e-01	1.14154553e+02	1.16460822e+02
5.05900000e+02	1.14900000e+02	1.01000000e+00	1	1.13762376e+02	1.14900000e+02	1.00000000e+00	1	1.14900000e+02	1.14900000e+02	9.90000000e-01	1	1.16060606e+02	1.14907661e+02	1.14913406e+00	6.63452861e-01	1.13758527e+02	1.16056795e+02
5.06000000e+02	1.14400000e+02	1.01000000e+00	1	1.13267327e+02	1.14400000e+02	1.00000000e+00	1	1.14400000e+02	1.14400000e+02	9.90000000e-01	1	1.15555556e+02	1.14407627e+02	1.14413348e+00	6.60565773e-01	1.13263494e+02	1.15551761e+02
5.06100000e+02	1.13700000e+02	1.01000000e+00	1	1.12574257e+02	1.13700000e+02	1.00000000e+00	1	1.13700000e+02	1.13700000e+02	9.90000000e-01	1	1.14848485e+02	1.13707581e+02	1.13713266e+00	6.56523849e-01	1.12570448e+02	1.14844713e+02
5.06200000e+02	1.13200000e+02	1.01000000e+00	1	1.12079208e+02	1.13200000e+02	1.00000000e+00	1	1.13200000e+02	1.13200000e+02	9.90000000e-01	1	1.14343434e+02	1.13207547e+02	1.13213208e+00	6.53636761e-01	1.12075415e+02	1.14339680e+02
5.06300000e+02	1.12600000e+02	1.01000000e+00	1	1.11485149e+02	1.12600000e+02	1.00000000e+00	1	1.12600000e+02	1.12600000e+02	9.90000000e-01	1	1.13737374e+02	1.12607507e+02	1.12613138e+00	6.50172255e-01	1.11481376e+02	1.13733639e+02
5.06400000e+02	1.12100000e+02	1.01000000e+00	1	1.10990099e+02	1.12100000e+02	1.00000000e+00	1	1.12100000e+02	1.12100000e+02	9.90000000e-01	1	1.13232323e+02	1.12107474e+02	1.12113080e+00	6.47285167e-01	1.10986343e+02	1.13228605e+02
5.06500000e+02	1.11600000e+02	1.01000000e+00	1	1.10495050e+02	1.11600000e+02	1.00000000e+00	1	1.11600000e+02	1.11600000e+02	9.90000000e-01	1	1.12727273e+02	1.11607441e+02	1.11613021e+00	6.44398079e-01	1.10491311e+02	1.12723571e+02
5.06600000e+02	1.11100000e+02	1.01000000e+00	1	1.10000000e+02	1.11100000e+02	1.00000000e+00	1	1.11100000e+02	1.11100000e+02	9.90000000e-01	1	1.12222222e+02	1.11107407e+02	1.11112963e+00	6.41510991e-01	1.09996278e+02	1.12218537e+02
5.06700000e+02	1.10700000e+02	1.01000000e+00	1	1.09603960e+02	1.10700000e+02	1.00000000e+00	1	1.10700000e+02	1.10700000e+02	9.90000000e-01	1	1.11818182e+02	1.10707381e+02	1.10712916e+00	6.39201320e-01	1.09600252e+02	1.11814510e+02
5.06800000e+02	1.10200000e+02	1.01000000e+00	1	1.09108911e+02	1.10200000e+02	1.00000000e+00	1	1.10200000e+02	1.10200000e+02	9.90000000e-01	1	1.11313131e+02	1.10207347e+02	1.10212858e+00	6.36314232e-01	1.09105219e+02	1.11309476e+02
5.06900000e+02	1.09700000e+02	1.01000000e+00	1	1.08613861e+02	1.09700000e+02	1.00000000e+00	1	1.09700000e+02	1.09700000e+02	9.90000000e-01	1	1.10808081e+02	1.09707314e+02	1.09712800e+00	6.33427144e-01	1.08610186e+02	1.10804442e+02
5.07000000e+02	1.09300000e+02	1.01000000e+00	1	1.08217822e+02	1.09300000e+02	1.00000000e+00	1	1.09300000e+02	1.09300000e+02	9.90000000e-01	1	1.10404040e+02	1.09307287e+02	1.09312753e+00	6.31117473e-01	1.08214160e+02	1.10400415e+02
5.07100000e+02	1.08600000e+02	1.01000000e+00	1	1.07524752e+02	1.08600000e+02	1.00000000e+00	1	1.08600000e+02	1.08600000e+02	9.90000000e-01	1	1.09696970e+02	1.08607241e+02	1.08612671e+00	6.27075550e-01	1.07521114e+02	1.09693367e+02
5.07200000e+02	1.08000000e+02	1.01000000e+00	1	1.06930693e+02	1.08000000e+02	1.00000000e+00	1	1.08000000e+02	1.08000000e+02	9.90000000e-01	1	1.09090909e+02	1.08007201e+02	1.08012601e+00	6.23611044e-01	1.06927075e+02	1.09087327e+02
5.07300000e+02	1.07700000e+02	1.01000000e+00	1	1.06633663e+02	1.07700000e+02	1.00000000e+00	1	1.07700000e+02	1.07700000e+02	9.90000000e-01	1	1.08787879e+02	1.07707181e+02	1.07712566e+00	6.21878791e-01	1.06630055e+02	1.08784306e+02
5.07400000e+02	1.07100000e+02	1.01000000e+00	1	1.06039604e+02	1.07100000e+02	1.00000000e+00	1	1.07100000e+02	1.07100000e+02	9.90000000e-01	1	1.08181818e+02	1.07107141e+02	1.07112496e+00	6.18414285e-01	1.06036016e+02	1.08178266e+02
5.07500000e+02	1.06500000e+02	1.01000000e+00	1	1.05445545e+02	1.06500000e+02	1.00000000e+00	1	1.06500000e+02	1.06500000e+02	9.90000000e-01	1	1.07575758e+02	1.06507101e+02	1.06512426e+00	6.14949780e-01	1.05441976e+02	1.07572225e+02
5.07600000e+02	1.06100000e+02	1.01000000e+00	1	1.05049505e+02	1.06100000e+02	1.00000000e+00	1	1.06100000e+02	1.06100000e+02	9.90000000e-01	1	1.07171717e+02	1.06107074e+02	1.06112380e+00	6.12640109e-01	1.05045950e+02	1.07168198e+02
5.07700000e+02	1.05600000e+02	1.01000000e+00	1	1.04554455e+02	1.05600000e+02	1.00000000e+00	1	1.05600000e+02	1.05600000e+02	9.90000000e-01	1	1.06666667e+02	1.05607041e+02	1.05612321e+00	6.09753021e-01	1.04550917e+02	1.06663164e+02
5.07800000e+02	1.05100000e+02	1.01000000e+00	1	1.04059406e+02	1.05100000e+02	1.00000000e+00	1	1.05100000e+02	1.05100000e+02	9.90000000e-01	1	1.06161616e+02	1.05107007e+02	1.05112263e+00	6.06865933e-01	1.04055885e+02	1.06158130e+02
5.07900000e+02	1.04600000e+02	1.01000000e+00	1	1.03564356e+02	1.04600000e+02	1.00000000e+00	1	1.04600000e+02	1.04600000e+02	9.90000000e-01	1	1.05656566e+02	1.04606974e+02	1.04612205e+00	6.03978845e-01	1.03560852e+02	1.05653096e+02
5.08000000e+02	1.04100000e+02	1.01000000e+00	1	1.03069307e+02	1.04100000e+02	1.00000000e+00	1	1.04100000e+02	1.04100000e+02	9.90000000e-01	1	1.05151515e+02	1.04106941e+02	1.04112146e+00	6.01091756e-01	1.03065819e+02	1.05148062e+02
5.08100000e+02	1.03600000e+02	1.01000000e+00	1	1.02574257e+02	1.03600000e+02	1.00000000e+00	1	1.03600000e+02	1.03600000e+02	9.90000000e-01	1	1.04646465e+02	1.03606907e+02	1.03612088e+00	5.98204668e-01	1.02570786e+02	1.04643028e+02
5.08200000e+02	1.03200000e+02	1.01000000e+00	1	1.02178218e+02	1.03200000e+02	1.00000000e+00	1	1.03200000e+02	1.03200000e+02	9.90000000e-01	1	1.04242424e+02	1.03206881e+02	1.03212041e+00	5.95894998e-01	1.02174760e+02	1.04239001e+02
5.08300000e+02	1.02700000e+02	1.01000000e+00	1	1.01683168e+02	1.02700000e+02	1.00000000e+00	1	1.02700000e+02	1.02700000e+02	9.90000000e-01	1	1.03737374e+02	1.02706847e+02	1.02711983e+00	5.93007909e-01	1.01679728e+02	1.03733967e+02
5.08400000e+02	1.02100000e+02	1.01000000e+00	1	1.01089109e+02	1.02100000e+02	1.00000000e+00	1	1.02100000e+02	1.02100000e+02	9.90000000e-01	1	1.03131313e+02	1.02106807e+02	1.02111913e+00	5.89543404e-01	1.01085688e+02	1.03127926e+02
5.08500000e+02	1.01700000e+02	1.01000000e+00	1	1.00693069e+02	1.01700000e+02	1.00000000e+00	1	1.01700000e+02	1.01700000e+02	9.90000000e-01	1	1.02727273e+02	1.01706781e+02	1.01711866e+00	5.87233733e-01	1.00689662e+02	1.02723899e+02
5.08600000e+02	1.01200000e+02	1.01000000e+00	1	1.00198020e+02	1.01200000e+02	1.00000000e+00	1	1.01200000e+02	1.01200000e+02	9.90000000e-01	1	1.02222222e+02	1.01206747e+02	1.01211808e+00	5.84346645e-01	1.00194629e+02	1.02218865e+02
5.08700000e+02	1.00700000e+02	1.01000000e+00	1	9.97029703e+01	1.00700000e+02	1.00000000e+00	1	1.00700000e+02	1.00700000e+02	9.90000000e-01	1	1.01717172e+02	1.00706714e+02	1.00711749e+00	5.81459557e-01	9.96995965e+01	1.01713831e+02
5.08800000e+02	1.00100000e+02	1.01000000e+00	1	9.91089109e+01	1.00100000e+02	1.00000000e+00	1	1.00100000e+02	1.00100000e+02	9.90000000e-01	1	1.01111111e+02	1.00106674e+02	1.00111679e+00	5.77995051e-01	9.91055572e+01	1.01107791e+02
5.08900000e+02	9.96300000e+01	1.01000000e+00	1	9.86435644e+01	9.96300000e+01	1.00000000e+00	1	9.96300000e+01	9.96300000e+01	9.90000000e-01	1	1.00636364e+02	9.96366427e+01	9.96416246e-01	5.75281188e-01	9.86402264e+01	1.00633059e+02
5.09000000e+02	9.93400000e+01	1.01000000e+00	1	9.83564356e+01	9.93400000e+01	1.00000000e+00	1	9.93400000e+01	9.93400000e+01	9.90000000e-01	1	1.00343434e+02	9.93466233e+01	9.93515908e-01	5.73606677e-01	9.83531074e+01	1.00340139e+02
5.09100000e+02	9.87500000e+01	1.01000000e+00	1	9.77722772e+01	9.87500000e+01	1.00000000e+00	1	9.87500000e+01	9.87500000e+01	9.90000000e-01	1	9.97474747e+01	9.87565840e+01	9.87615220e-01	5.70199913e-01	9.77689688e+01	9.97441992e+01
5.09200000e+02	9.83400000e+01	1.01000000e+00	1	9.73663366e+01	9.83400000e+01	1.00000000e+00	1	9.83400000e+01	9.83400000e+01	9.90000000e-01	1	9.93333333e+01	9.83465567e+01	9.83514741e-01	5.67832501e-01	9.73630419e+01	9.93300714e+01
5.09300000e+02	9.78700000e+01	1.01000000e+00	1	9.69009901e+01	9.78700000e+01	1.00000000e+00	1	9.78700000e+01	9.78700000e+01	9.90000000e-01	1	9.88585859e+01	9.78765253e+01	9.78814193e-01	5.65118638e-01	9.68977111e+01	9.88553395e+01
5.09400000e+02	9.73800000e+01	1.01000000e+00	1	9.64158416e+01	9.73800000e+01	1.00000000e+00	1	9.73800000e+01	9.73800000e+01	9.90000000e-01	1	9.83636364e+01	9.73864926e+01	9.73913621e-01	5.62289291e-01	9.64125790e+01	9.83604063e+01
5.09500000e+02	9.67900000e+01	1.01000000e+00	1	9.58316832e+01	9.67900000e+01	1.00000000e+00	1	9.67900000e+01	9.67900000e+01	9.90000000e-01	1	9.77676768e+01	9.67964533e+01	9.68012933e-01	5.58882527e-01	9.58284404e+01	9.77644662e+01
5.09600000e+02	9.66000000e+01	1.01000000e+00	1	9.56435644e+01	9.66000000e+01	1.00000000e+00	1	9.66000000e+01	9.66000000e+01	9.90000000e-01	1	9.75757576e+01	9.66064406e+01	9.66112711e-01	5.57785434e-01	9.56403279e+01	9.75725534e+01
5.09700000e+02	9.59600000e+01	1.01000000e+00	1	9.50099010e+01	9.59600000e+01	1.00000000e+00	1	9.59600000e+01	9.59600000e+01	9.90000000e-01	1	9.69292929e+01	9.59663980e+01	9.59711964e-01	5.54089961e-01	9.50066860e+01	9.69261099e+01
5.09800000e+02	9.55500000e+01	1.01000000e+00	1	9.46039604e+01	9.55500000e+01	1.00000000e+00	1	9.55500000e+01	9.55500000e+01	9.90000000e-01	1	9.65151515e+01	9.55563706e+01	9.55611486e-01	5.51722549e-01	9.46007592e+01	9.65119821e+01
5.09900000e+02	9.50800000e+01	1.01000000e+00	1	9.41386139e+01	9.50800000e+01	1.00000000e+00	1	9.50800000e+01	9.50800000e+01	9.90000000e-01	1	9.60404040e+01	9.50863393e+01	9.50910938e-01	5.49008686e-01	9.41354284e+01	9.60372502e+01
5.10000000e+02	9.45800000e+01	1.01000000e+00	1	9.36435644e+01	9.45800000e+01	1.00000000e+00	1	9.45800000e+01	9.45800000e+01	9.90000000e-01	1	9.55353535e+01	9.45863060e+01	9.45910354e-01	5.46121598e-01	9.36403956e+01	9.55322163e+01
5.10100000e+02	9.41700000e+01	1.01000000e+00	1	9.32376238e+01	9.41700000e+01	1.00000000e+00	1	9.41700000e+01	9.41700000e+01	9.90000000e-01	1	9.51212121e+01	9.41762786e+01	9.41809876e-01	5.43754185e-01	9.32344688e+01	9.51180885e+01
5.10200000e+02	9.37800000e+01	1.01000000e+00	1	9.28514851e+01	9.37800000e+01	1.00000000e+00	1	9.37800000e+01	9.37800000e+01	9.90000000e-01	1	9.47272727e+01	9.37862526e+01	9.37909421e-01	5.41502257e-01	9.28483432e+01	9.47241620e+01
5.10300000e+02	9.31900000e+01	1.01000000e+00	1	9.22673267e+01	9.31900000e+01	1.00000000e+00	1	9.31900000e+01	9.31900000e+01	9.90000000e-01	1	9.41313131e+01	9.31962133e+01	9.32008732e-01	5.38095493e-01	9.22642046e+01	9.41282220e+01
5.10400000e+02	9.28400000e+01	1.01000000e+00	1	9.19207921e+01	9.28400000e+01	1.00000000e+00	1	9.28400000e+01	9.28400000e+01	9.90000000e-01	1	9.37777778e+01	9.28461900e+01	9.28508324e-01	5.36074531e-01	9.19176816e+01	9.37746983e+01
5.10500000e+02	9.21900000e+01	1.01000000e+00	1	9.12772277e+01	9.21900000e+01	1.00000000e+00	1	9.21900000e+01	9.21900000e+01	9.90000000e-01	1	9.31212121e+01	9.21961466e+01	9.22007566e-01	5.32321316e-01	9.12741390e+01	9.31181542e+01
5.10600000e+02	9.17500000e+01	1.01000000e+00	1	9.08415842e+01	9.17500000e+01	1.00000000e+00	1	9.17500000e+01	9.17500000e+01	9.90000000e-01	1	9.26767677e+01	9.17561173e+01	9.17607052e-01	5.29780679e-01	9.08385102e+01	9.26737243e+01
5.10700000e+02	9.12700000e+01	1.01000000e+00	1	9.03663366e+01	9.12700000e+01	1.00000000e+00	1	9.12700000e+01	9.12700000e+01	9.90000000e-01	1	9.21919192e+01	9.12760853e+01	9.12806492e-01	5.27009074e-01	9.03632788e+01	9.21888918e+01
5.10800000e+02	9.08200000e+01	1.01000000e+00	1	8.99207921e+01	9.08200000e+01	1.00000000e+00	1	9.08200000e+01	9.08200000e+01	9.90000000e-01	1	9.17373737e+01	9.08260553e+01	9.08305967e-01	5.24410695e-01	8.99177493e+01	9.17343612e+01
5.10900000e+02	9.03500000e+01	1.01000000e+00	1	8.94554455e+01	9.03500000e+01	1.00000000e+00	1	9.03500000e+01	9.03500000e+01	9.90000000e-01	1	9.12626263e+01	9.03560239e+01	9.03605419e-01	5.21696832e-01	8.94524185e+01	9.12596294e+01
5.11000000e+02	9.00900000e+01	1.01000000e+00	1	8.91980198e+01	9.00900000e+01	1.00000000e+00	1	9.00900000e+01	9.00900000e+01	9.90000000e-01	1	9.10000000e+01	9.00960066e+01	9.01005115e-01	5.20195546e-01	8.91950015e+01	9.09970117e+01
5.11100000e+02	8.95800000e+01	1.01000000e+00	1	8.86930693e+01	8.95800000e+01	1.00000000e+00	1	8.95800000e+01	8.95800000e+01	9.90000000e-01	1	9.04848485e+01	8.95859726e+01	8.95904520e-01	5.17250716e-01	8.86900681e+01	9.04818771e+01
5.11200000e+02	8.91200000e+01	1.01000000e+00	1	8.82376238e+01	8.91200000e+01	1.00000000e+00	1	8.91200000e+01	8.91200000e+01	9.90000000e-01	1	9.00202020e+01	8.91259419e+01	8.91303984e-01	5.14594595e-01	8.82346379e+01	9.00172459e+01
5.11300000e+02	8.86500000e+01	1.01000000e+00	1	8.77722772e+01	8.86500000e+01	1.00000000e+00	1	8.86500000e+01	8.86500000e+01	9.90000000e-01	1	8.95454545e+01	8.86559106e+01	8.86603435e-01	5.11880732e-01	8.77693072e+01	8.95425140e+01
5.11400000e+02	8.81500000e+01	1.01000000e+00	1	8.72772277e+01	8.81500000e+01	1.00000000e+00	1	8.81500000e+01	8.81500000e+01	9.90000000e-01	1	8.90404040e+01	8.81558773e+01	8.81602852e-01	5.08993644e-01	8.72742744e+01	8.90374801e+01
5.11500000e+02	8.77600000e+01	1.01000000e+00	1	8.68910891e+01	8.77600000e+01	1.00000000e+00	1	8.77600000e+01	8.77600000e+01	9.90000000e-01	1	8.86464646e+01	8.77658513e+01	8.77702397e-01	5.06741715e-01	8.68881489e+01	8.86435536e+01
5.11600000e+02	8.73400000e+01	1.01000000e+00	1	8.64752475e+01	8.73400000e+01	1.00000000e+00	1	8.73400000e+01	8.73400000e+01	9.90000000e-01	1	8.82222222e+01	8.73458232e+01	8.73501907e-01	5.04316561e-01	8.64723213e+01	8.82193252e+01
5.11700000e+02	8.68500000e+01	1.01000000e+00	1	8.59900990e+01	8.68500000e+01	1.00000000e+00	1	8.68500000e+01	8.68500000e+01	9.90000000e-01	1	8.77272727e+01	8.68557906e+01	8.68601335e-01	5.01487215e-01	8.59871892e+01	8.77243919e+01
5.11800000e+02	8.64600000e+01	1.01000000e+00	1	8.56039604e+01	8.64600000e+01	1.00000000e+00	1	8.64600000e+01	8.64600000e+01	9.90000000e-01	1	8.73333333e+01	8.64657646e+01	8.64700880e-01	4.99235286e-01	8.56010637e+01	8.73304655e+01
5.11900000e+02	8.60000000e+01	1.01000000e+00	1	8.51485149e+01	8.60000000e+01	1.00000000e+00	1	8.60000000e+01	8.60000000e+01	9.90000000e-01	1	8.68686869e+01	8.60057339e+01	8.60100343e-01	4.96579165e-01	8.51456336e+01	8.68658342e+01
5.12000000e+02	8.55100000e+01	1.01000000e+00	1	8.46633663e+01	8.55100000e+01	1.00000000e+00	1	8.55100000e+01	8.55100000e+01	9.90000000e-01	1	8.63737374e+01	8.55157012e+01	8.55199772e-01	4.93749818e-01	8.46605015e+01	8.63709010e+01
5.12100000e+02	8.51700000e+01	1.01000000e+00	1	8.43267327e+01	8.51700000e+01	1.00000000e+00	1	8.51700000e+01	8.51700000e+01	9.90000000e-01	1	8.60303030e+01	8.51756786e+01	8.51799375e-01	4.91786598e-01	8.43238792e+01	8.60274779e+01
5.12200000e+02	8.47400000e+01	1.01000000e+00	1	8.39009901e+01	8.47400000e+01	1.00000000e+00	1	8.47400000e+01	8.47400000e+01	9.90000000e-01	1	8.55959596e+01	8.47456499e+01	8.47498873e-01	4.89303703e-01	8.38981510e+01	8.55931488e+01
5.12300000e+02	8.42000000e+01	1.01000000e+00	1	8.33663366e+01	8.42000000e+01	1.00000000e+00	1	8.42000000e+01	8.42000000e+01	9.90000000e-01	1	8.50505051e+01	8.42056139e+01	8.42098243e-01	4.86185647e-01	8.33635157e+01	8.50477121e+01
5.12400000e+02	8.37400000e+01	1.01000000e+00	1	8.29108911e+01	8.37400000e+01	1.00000000e+00	1	8.37400000e+01	8.37400000e+01	9.90000000e-01	1	8.45858586e+01	8.37455832e+01	8.37497706e-01	4.83529526e-01	8.29080855e+01	8.45830809e+01
5.12500000e+02	8.33600000e+01	1.01000000e+00	1	8.25346535e+01	8.33600000e+01	1.00000000e+00	1	8.33600000e+01	8.33600000e+01	9.90000000e-01	1	8.42020202e+01	8.33655579e+01	8.33697263e-01	4.81335339e-01	8.25318606e+01	8.41992552e+01
5.12600000e+02	8.29200000e+01	1.01000000e+00	1	8.20990099e+01	8.29200000e+01	1.00000000e+00	1	8.29200000e+01	8.29200000e+01	9.90000000e-01	1	8.37575758e+01	8.29255286e+01	8.29296750e-01	4.78794702e-01	8.20962318e+01	8.37548253e+01
5.12700000e+02	8.25900000e+01	1.01000000e+00	1	8.17722772e+01	8.25900000e+01	1.00000000e+00	1	8.25900000e+01	8.25900000e+01	9.90000000e-01	1	8.34242424e+01	8.25955066e+01	8.25996365e-01	4.76889223e-01	8.17695102e+01	8.34215029e+01
5.12800000e+02	8.20900000e+01	1.01000000e+00	1	8.12772277e+01	8.20900000e+01	1.00000000e+00	1	8.20900000e+01	8.20900000e+01	9.90000000e-01	1	8.29191919e+01	8.20954732e+01	8.20995781e-01	4.74002135e-01	8.12744774e+01	8.29164690e+01
5.12900000e+02	8.17200000e+01	1.01000000e+00	1	8.09108911e+01	8.17200000e+01	1.00000000e+00	1	8.17200000e+01	8.17200000e+01	9.90000000e-01	1	8.25454545e+01	8.17254485e+01	8.17295349e-01	4.71865690e-01	8.09081532e+01	8.25427439e+01
5.13000000e+02	8.13000000e+01	1.01000000e+00	1	8.04950495e+01	8.13000000e+01	1.00000000e+00	1	8.13000000e+01	8.13000000e+01	9.90000000e-01	1	8.21212121e+01	8.13054205e+01	8.13094859e-01	4.69440536e-01	8.04923257e+01	8.21185154e+01
5.13100000e+02	8.09100000e+01	1.01000000e+00	1	8.01089109e+01	8.09100000e+01	1.00000000e+00	1	8.09100000e+01	8.09100000e+01	9.90000000e-01	1	8.17272727e+01	8.09153945e+01	8.09194404e-01	4.67188607e-01	8.01062001e+01	8.17245889e+01
5.13200000e+02	8.05400000e+01	1.01000000e+00	1	7.97425743e+01	8.05400000e+01	1.00000000e+00	1	8.05400000e+01	8.05400000e+01	9.90000000e-01	1	8.13535354e+01	8.05453699e+01	8.05493973e-01	4.65052162e-01	7.97398759e+01	8.13508638e+01
5.13300000e+02	8.01100000e+01	1.01000000e+00	1	7.93168317e+01	8.01100000e+01	1.00000000e+00	1	8.01100000e+01	8.01100000e+01	9.90000000e-01	1	8.09191919e+01	8.01153412e+01	8.01193471e-01	4.62569266e-01	7.93141477e+01	8.09165347e+01
5.13400000e+02	7.97300000e+01	1.01000000e+00	1	7.89405941e+01	7.97300000e+01	1.00000000e+00	1	7.97300000e+01	7.97300000e+01	9.90000000e-01	1	8.05353535e+01	7.97353159e+01	7.97393028e-01	4.60375079e-01	7.89379228e+01	8.05327089e+01
5.13500000e+02	7.91700000e+01	1.01000000e+00	1	7.83861386e+01	7.91700000e+01	1.00000000e+00	1	7.91700000e+01	7.91700000e+01	9.90000000e-01	1	7.99696970e+01	7.91752785e+01	7.91792374e-01	4.57141540e-01	7.83834862e+01	7.99670709e+01
5.13600000e+02	7.88000000e+01	1.01000000e+00	1	7.80198020e+01	7.88000000e+01	1.00000000e+00	1	7.88000000e+01	7.88000000e+01	9.90000000e-01	1	7.95959596e+01	7.88052539e+01	7.88091942e-01	4.55005095e-01	7.80171619e+01	7.95933458e+01
5.13700000e+02	7.83800000e+01	1.01000000e+00	1	7.76039604e+01	7.83800000e+01	1.00000000e+00	1	7.83800000e+01	7.83800000e+01	9.90000000e-01	1	7.91717172e+01	7.83852259e+01	7.83891452e-01	4.52579941e-01	7.76013344e+01	7.91691173e+01
5.13800000e+02	7.80600000e+01	1.01000000e+00	1	7.72871287e+01	7.80600000e+01	1.00000000e+00	1	7.80600000e+01	7.80600000e+01	9.90000000e-01	1	7.88484848e+01	7.80652045e+01	7.80691079e-01	4.50732205e-01	7.72845134e+01	7.88458956e+01
5.13900000e+02	7.75700000e+01	1.01000000e+00	1	7.68019802e+01	7.75700000e+01	1.00000000e+00	1	7.75700000e+01	7.75700000e+01	9.90000000e-01	1	7.83535354e+01	7.75751719e+01	7.75790507e-01	4.47902858e-01	7.67993813e+01	7.83509624e+01
5.14000000e+02	7.71800000e+01	1.01000000e+00	1	7.64158416e+01	7.71800000e+01	1.00000000e+00	1	7.71800000e+01	7.71800000e+01	9.90000000e-01	1	7.79595960e+01	7.71851458e+01	7.71890052e-01	4.45650929e-01	7.64132558e+01	7.79570359e+01
5.14100000e+02	7.69600000e+01	1.01000000e+00	1	7.61980198e+01	7.69600000e+01	1.00000000e+00	1	7.69600000e+01	7.69600000e+01	9.90000000e-01	1	7.77373737e+01	7.69651312e+01	7.69689796e-01	4.44380611e-01	7.61954414e+01	7.77348210e+01
5.14200000e+02	7.63400000e+01	1.01000000e+00	1	7.55841584e+01	7.63400000e+01	1.00000000e+00	1	7.63400000e+01	7.63400000e+01	9.90000000e-01	1	7.71111111e+01	7.63450898e+01	7.63489072e-01	4.40800621e-01	7.55816008e+01	7.71085789e+01
5.14300000e+02	7.60700000e+01	1.01000000e+00	1	7.53168317e+01	7.60700000e+01	1.00000000e+00	1	7.60700000e+01	7.60700000e+01	9.90000000e-01	1	7.68383838e+01	7.60750718e+01	7.60788757e-01	4.39241594e-01	7.53142831e+01	7.68358606e+01
5.14400000e+02	7.56000000e+01	1.01000000e+00	1	7.48514851e+01	7.56000000e+01	1.00000000e+00	1	7.56000000e+01	7.56000000e+01	9.90000000e-01	1	7.63636364e+01	7.56050405e+01	7.56088209e-01	4.36527731e-01	7.48489523e+01	7.63611287e+01
5.14500000e+02	7.52300000e+01	1.01000000e+00	1	7.44851485e+01	7.52300000e+01	1.00000000e+00	1	7.52300000e+01	7.52300000e+01	9.90000000e-01	1	7.59898990e+01	7.52350158e+01	7.52387777e-01	4.34391286e-01	7.44826281e+01	7.59874036e+01
5.14600000e+02	7.47500000e+01	1.01000000e+00	1	7.40099010e+01	7.47500000e+01	1.00000000e+00	1	7.47500000e+01	7.47500000e+01	9.90000000e-01	1	7.55050505e+01	7.47549838e+01	7.47587217e-01	4.31619681e-01	7.40073966e+01	7.55025710e+01
5.14700000e+02	7.44600000e+01	1.01000000e+00	1	7.37227723e+01	7.44600000e+01	1.00000000e+00	1	7.44600000e+01	7.44600000e+01	9.90000000e-01	1	7.52121212e+01	7.44649645e+01	7.44686879e-01	4.29945170e-01	7.37202776e+01	7.52096514e+01
5.14800000e+02	7.39600000e+01	1.01000000e+00	1	7.32277228e+01	7.39600000e+01	1.00000000e+00	1	7.39600000e+01	7.39600000e+01	9.90000000e-01	1	7.47070707e+01	7.39649312e+01	7.39686295e-01	4.27058082e-01	7.32252449e+01	7.47046175e+01
5.14900000e+02	7.36200000e+01	1.01000000e+00	1	7.28910891e+01	7.36200000e+01	1.00000000e+00	1	7.36200000e+01	7.36200000e+01	9.90000000e-01	1	7.43636364e+01	7.36249085e+01	7.36285898e-01	4.25094862e-01	7.28886226e+01	7.43611944e+01
5.15000000e+02	7.32000000e+01	1.01000000e+00	1	7.24752475e+01	7.32000000e+01	1.00000000e+00	1	7.32000000e+01	7.32000000e+01	9.90000000e-01	1	7.39393939e+01	7.32048805e+01	7.32085408e-01	4.22669708e-01	7.24727951e+01	7.39369659e+01
5.15100000e+02	7.29500000e+01	1.01000000e+00	1	7.22277228e+01	7.29500000e+01	1.00000000e+00	1	7.29500000e+01	7.29500000e+01	9.90000000e-01	1	7.36868687e+01	7.29548638e+01	7.29585117e-01	4.21226164e-01	7.22252787e+01	7.36844489e+01
5.15200000e+02	7.27000000e+01	1.01000000e+00	1	7.19801980e+01	7.27000000e+01	1.00000000e+00	1	7.27000000e+01	7.27000000e+01	9.90000000e-01	1	7.34343434e+01	7.27048472e+01	7.27084825e-01	4.19782619e-01	7.19777623e+01	7.34319320e+01
5.15300000e+02	7.21800000e+01	1.01000000e+00	1	7.14653465e+01	7.21800000e+01	1.00000000e+00	1	7.21800000e+01	7.21800000e+01	9.90000000e-01	1	7.29090909e+01	7.21848125e+01	7.21884218e-01	4.16780048e-01	7.14629283e+01	7.29066967e+01
5.15400000e+02	7.16000000e+01	1.01000000e+00	1	7.08910891e+01	7.16000000e+01	1.00000000e+00	1	7.16000000e+01	7.16000000e+01	9.90000000e-01	1	7.23232323e+01	7.16047738e+01	7.16083542e-01	4.13431025e-01	7.08886903e+01	7.23208574e+01
5.15500000e+02	7.12200000e+01	1.01000000e+00	1	7.05148515e+01	7.12200000e+01	1.00000000e+00	1	7.12200000e+01	7.12200000e+01	9.90000000e-01	1	7.19393939e+01	7.12247485e+01	7.12283098e-01	4.11236838e-01	7.05124654e+01	7.19370316e+01
5.15600000e+02	7.10000000e+01	1.01000000e+00	1	7.02970297e+01	7.10000000e+01	1.00000000e+00	1	7.10000000e+01	7.10000000e+01	9.90000000e-01	1	7.17171717e+01	7.10047338e+01	7.10082842e-01	4.09966520e-01	7.02946510e+01	7.17148166e+01
5.15700000e+02	7.05900000e+01	1.01000000e+00	1	6.98910891e+01	7.05900000e+01	1.00000000e+00	1	7.05900000e+01	7.05900000e+01	9.90000000e-01	1	7.13030303e+01	7.05947065e+01	7.05982363e-01	4.07599107e-01	6.98887241e+01	7.13006888e+01
5.15800000e+02	7.01200000e+01	1.01000000e+00	1	6.94257426e+01	7.01200000e+01	1.00000000e+00	1	7.01200000e+01	7.01200000e+01	9.90000000e-01	1	7.08282828e+01	7.01246751e+01	7.01281815e-01	4.04885245e-01	6.94233933e+01	7.08259569e+01
5.15900000e+02	6.99000000e+01	1.01000000e+00	1	6.92079208e+01	6.99000000e+01	1.00000000e+00	1	6.99000000e+01	6.99000000e+01	9.90000000e-01	1	7.06060606e+01	6.99046605e+01	6.99081558e-01	4.03614926e-01	6.92055789e+01	7.06037420e+01
5.16000000e+02	6.95300000e+01	1.01000000e+00	1	6.88415842e+01	6.95300000e+01	1.00000000e+00	1	6.95300000e+01	6.95300000e+01	9.90000000e-01	1	7.02323232e+01	6.95346358e+01	6.95381126e-01	4.01478480e-01	6.88392547e+01	7.02300169e+01
5.16100000e+02	6.89800000e+01	1.01000000e+00	1	6.82970297e+01	6.89800000e+01	1.00000000e+00	1	6.89800000e+01	6.89800000e+01	9.90000000e-01	1	6.96767677e+01	6.89845991e+01	6.89880485e-01	3.98302684e-01	6.82947186e+01	6.96744796e+01
5.16200000e+02	6.86200000e+01	1.01000000e+00	1	6.79405941e+01	6.86200000e+01	1.00000000e+00	1	6.86200000e+01	6.86200000e+01	9.90000000e-01	1	6.93131313e+01	6.86245751e+01	6.86280065e-01	3.96223980e-01	6.79382951e+01	6.93108552e+01
5.16300000e+02	6.82600000e+01	1.01000000e+00	1	6.75841584e+01	6.82600000e+01	1.00000000e+00	1	6.82600000e+01	6.82600000e+01	9.90000000e-01	1	6.89494949e+01	6.82645511e+01	6.82679645e-01	3.94145277e-01	6.75818715e+01	6.89472308e+01
5.16400000e+02	6.79100000e+01	1.01000000e+00	1	6.72376238e+01	6.79100000e+01	1.00000000e+00	1	6.79100000e+01	6.79100000e+01	9.90000000e-01	1	6.85959596e+01	6.79145278e+01	6.79179236e-01	3.92124315e-01	6.72353485e+01	6.85937070e+01
5.16500000e+02	6.75400000e+01	1.01000000e+00	1	6.68712871e+01	6.75400000e+01	1.00000000e+00	1	6.75400000e+01	6.75400000e+01	9.90000000e-01	1	6.82222222e+01	6.75445031e+01	6.75478804e-01	3.89987870e-01	6.68690243e+01	6.82199819e+01
5.16600000e+02	6.71800000e+01	1.01000000e+00	1	6.65148515e+01	6.71800000e+01	1.00000000e+00	1	6.71800000e+01	6.71800000e+01	9.90000000e-01	1	6.78585859e+01	6.71844791e+01	6.71878384e-01	3.87909166e-01	6.65126007e+01	6.78563575e+01
5.16700000e+02	6.68000000e+01	1.01000000e+00	1	6.61386139e+01	6.68000000e+01	1.00000000e+00	1	6.68000000e+01	6.68000000e+01	9.90000000e-01	1	6.74747475e+01	6.68044538e+01	6.68077941e-01	3.85714979e-01	6.61363758e+01	6.74725317e+01
5.16800000e+02	6.65400000e+01	1.01000000e+00	1	6.58811881e+01	6.65400000e+01	1.00000000e+00	1	6.65400000e+01	6.65400000e+01	9.90000000e-01	1	6.72121212e+01	6.65444364e+01	6.65477638e-01	3.84213693e-01	6.58789588e+01	6.72099141e+01
5.16900000e+02	6.65000000e+01	1.01000000e+00	1	6.58415842e+01	6.65000000e+01	1.00000000e+00	1	6.65000000e+01	6.65000000e+01	9.90000000e-01	1	6.71717172e+01	6.65044338e+01	6.65077591e-01	3.83982726e-01	6.58393562e+01	6.71695114e+01
5.17000000e+02	6.60000000e+01	1.01000000e+00	1	6.53465347e+01	6.60000000e+01	1.00000000e+00	1	6.60000000e+01	6.60000000e+01	9.90000000e-01	1	6.66666667e+01	6.60044004e+01	6.60077008e-01	3.81095638e-01	6.53443234e+01	6.66644774e+01
5.17100000e+02	6.54800000e+01	1.01000000e+00	1	6.48316832e+01	6.54800000e+01	1.00000000e+00	1	6.54800000e+01	6.54800000e+01	9.90000000e-01	1	6.61414141e+01	6.54843658e+01	6.54876401e-01	3.78093066e-01	6.48294894e+01	6.61392422e+01
5.17200000e+02	6.50500000e+01	1.01000000e+00	1	6.44059406e+01	6.50500000e+01	1.00000000e+00	1	6.50500000e+01	6.50500000e+01	9.90000000e-01	1	6.57070707e+01	6.50543371e+01	6.50575899e-01	3.75610171e-01	6.44037612e+01	6.57049130e+01
5.17300000e+02	6.48400000e+01	1.01000000e+00	1	6.41980198e+01	6.48400000e+01	1.00000000e+00	1	6.48400000e+01	6.48400000e+01	9.90000000e-01	1	6.54949495e+01	6.48443231e+01	6.48475654e-01	3.74397593e-01	6.41958474e+01	6.54927988e+01
5.17400000e+02	6.45200000e+01	1.01000000e+00	1	6.38811881e+01	6.45200000e+01	1.00000000e+00	1	6.45200000e+01	6.45200000e+01	9.90000000e-01	1	6.51717172e+01	6.45243018e+01	6.45275281e-01	3.72549857e-01	6.38790265e+01	6.51695770e+01
5.17500000e+02	6.40000000e+01	1.01000000e+00	1	6.33663366e+01	6.40000000e+01	1.00000000e+00	1	6.40000000e+01	6.40000000e+01	9.90000000e-01	1	6.46464646e+01	6.40042671e+01	6.40074674e-01	3.69547285e-01	6.33641924e+01	6.46443418e+01
5.17600000e+02	6.36600000e+01	1.01000000e+00	1	6.30297030e+01	6.36600000e+01	1.00000000e+00	1	6.36600000e+01	6.36600000e+01	9.90000000e-01	1	6.43030303e+01	6.36642444e+01	6.36674277e-01	3.67584065e-01	6.30275701e+01	6.43009187e+01
5.17700000e+02	6.33000000e+01	1.01000000e+00	1	6.26732673e+01	6.33000000e+01	1.00000000e+00	1	6.33000000e+01	6.33000000e+01	9.90000000e-01	1	6.39393939e+01	6.33042204e+01	6.33073857e-01	3.65505362e-01	6.26711466e+01	6.39372943e+01
5.17800000e+02	6.29800000e+01	1.01000000e+00	1	6.23564356e+01	6.29800000e+01	1.00000000e+00	1	6.29800000e+01	6.29800000e+01	9.90000000e-01	1	6.36161616e+01	6.29841991e+01	6.29873484e-01	3.63657626e-01	6.23543256e+01	6.36140726e+01
5.17900000e+02	6.24900000e+01	1.01000000e+00	1	6.18712871e+01	6.24900000e+01	1.00000000e+00	1	6.24900000e+01	6.24900000e+01	9.90000000e-01	1	6.31212121e+01	6.24941664e+01	6.24972912e-01	3.60828279e-01	6.18691935e+01	6.31191393e+01
5.18000000e+02	6.21900000e+01	1.01000000e+00	1	6.15742574e+01	6.21900000e+01	1.00000000e+00	1	6.21900000e+01	6.21900000e+01	9.90000000e-01	1	6.28181818e+01	6.21941464e+01	6.21972562e-01	3.59096026e-01	6.15721739e+01	6.28161190e+01
5.18100000e+02	6.19700000e+01	1.01000000e+00	1	6.13564356e+01	6.19700000e+01	1.00000000e+00	1	6.19700000e+01	6.19700000e+01	9.90000000e-01	1	6.25959596e+01	6.19741317e+01	6.19772305e-01	3.57825707e-01	6.13543594e+01	6.25939041e+01
5.18200000e+02	6.15400000e+01	1.01000000e+00	1	6.09306931e+01	6.15400000e+01	1.00000000e+00	1	6.15400000e+01	6.15400000e+01	9.90000000e-01	1	6.21616162e+01	6.15441031e+01	6.15471804e-01	3.55342812e-01	6.09286313e+01	6.21595749e+01
5.18300000e+02	6.13100000e+01	1.01000000e+00	1	6.07029703e+01	6.13100000e+01	1.00000000e+00	1	6.13100000e+01	6.13100000e+01	9.90000000e-01	1	6.19292929e+01	6.13140877e+01	6.13171535e-01	3.54014751e-01	6.07009162e+01	6.19272593e+01
5.18400000e+02	6.09500000e+01	1.01000000e+00	1	6.03465347e+01	6.09500000e+01	1.00000000e+00	1	6.09500000e+01	6.09500000e+01	9.90000000e-01	1	6.15656566e+01	6.09540637e+01	6.09571115e-01	3.51936048e-01	6.03444926e+01	6.15636349e+01
5.18500000e+02	6.06500000e+01	1.01000000e+00	1	6.00495050e+01	6.06500000e+01	1.00000000e+00	1	6.06500000e+01	6.06500000e+01	9.90000000e-01	1	6.12626263e+01	6.06540437e+01	6.06570765e-01	3.50203795e-01	6.00474730e+01	6.12606145e+01
5.18600000e+02	6.02900000e+01	1.01000000e+00	1	5.96930693e+01	6.02900000e+01	1.00000000e+00	1	6.02900000e+01	6.02900000e+01	9.90000000e-01	1	6.08989899e+01	6.02940197e+01	6.02970345e-01	3.48125091e-01	5.96910494e+01	6.08969901e+01
5.18700000e+02	5.97700000e+01	1.01000000e+00	1	5.91782178e+01	5.97700000e+01	1.00000000e+00	1	5.97700000e+01	5.97700000e+01	9.90000000e-01	1	6.03737374e+01	5.97739851e+01	5.97769739e-01	3.45122519e-01	5.91762153e+01	6.03717548e+01
5.18800000e+02	5.94800000e+01	1.01000000e+00	1	5.88910891e+01	5.94800000e+01	1.00000000e+00	1	5.94800000e+01	5.94800000e+01	9.90000000e-01	1	6.00808081e+01	5.94839657e+01	5.94869400e-01	3.43448008e-01	5.88890963e+01	6.00788351e+01
5.18900000e+02	5.92500000e+01	1.01000000e+00	1	5.86633663e+01	5.92500000e+01	1.00000000e+00	1	5.92500000e+01	5.92500000e+01	9.90000000e-01	1	5.98484848e+01	5.92539504e+01	5.92569132e-01	3.42119948e-01	5.86613813e+01	5.98465195e+01
5.19000000e+02	5.88600000e+01	1.01000000e+00	1	5.82772277e+01	5.88600000e+01	1.00000000e+00	1	5.88600000e+01	5.88600000e+01	9.90000000e-01	1	5.94545455e+01	5.88639244e+01	5.88668677e-01	3.39868019e-01	5.82752557e+01	5.94525931e+01
5.19100000e+02	5.83900000e+01	1.01000000e+00	1	5.78118812e+01	5.83900000e+01	1.00000000e+00	1	5.83900000e+01	5.83900000e+01	9.90000000e-01	1	5.89797980e+01	5.83938931e+01	5.83968128e-01	3.37154156e-01	5.78099249e+01	5.89778612e+01
5.19200000e+02	5.81600000e+01	1.01000000e+00	1	5.75841584e+01	5.81600000e+01	1.00000000e+00	1	5.81600000e+01	5.81600000e+01	9.90000000e-01	1	5.87474747e+01	5.81638777e+01	5.81667860e-01	3.35826096e-01	5.75822099e+01	5.87455456e+01
5.19300000e+02	5.78100000e+01	1.01000000e+00	1	5.72376238e+01	5.78100000e+01	1.00000000e+00	1	5.78100000e+01	5.78100000e+01	9.90000000e-01	1	5.83939394e+01	5.78138544e+01	5.78167452e-01	3.33805134e-01	5.72356869e+01	5.83920218e+01
5.19400000e+02	5.74300000e+01	1.01000000e+00	1	5.68613861e+01	5.74300000e+01	1.00000000e+00	1	5.74300000e+01	5.74300000e+01	9.90000000e-01	1	5.80101010e+01	5.74338290e+01	5.74367008e-01	3.31610947e-01	5.68594620e+01	5.80081961e+01
5.19500000e+02	5.71500000e+01	1.01000000e+00	1	5.65841584e+01	5.71500000e+01	1.00000000e+00	1	5.71500000e+01	5.71500000e+01	9.90000000e-01	1	5.77272727e+01	5.71538104e+01	5.71566682e-01	3.29994177e-01	5.65822437e+01	5.77253771e+01
5.19600000e+02	5.68700000e+01	1.01000000e+00	1	5.63069307e+01	5.68700000e+01	1.00000000e+00	1	5.68700000e+01	5.68700000e+01	9.90000000e-01	1	5.74444444e+01	5.68737917e+01	5.68766355e-01	3.28377408e-01	5.63050254e+01	5.74425581e+01
5.19700000e+02	5.65300000e+01	1.01000000e+00	1	5.59702970e+01	5.65300000e+01	1.00000000e+00	1	5.65300000e+01	5.65300000e+01	9.90000000e-01	1	5.71010101e+01	5.65337690e+01	5.65365958e-01	3.26414188e-01	5.59684031e+01	5.70991350e+01
5.19800000e+02	5.61400000e+01	1.01000000e+00	1	5.55841584e+01	5.61400000e+01	1.00000000e+00	1	5.61400000e+01	5.61400000e+01	9.90000000e-01	1	5.67070707e+01	5.61437430e+01	5.61465503e-01	3.24162259e-01	5.55822775e+01	5.67052085e+01
5.19900000e+02	5.59400000e+01	1.01000000e+00	1	5.53861386e+01	5.59400000e+01	1.00000000e+00	1	5.59400000e+01	5.59400000e+01	9.90000000e-01	1	5.65050505e+01	5.59437297e+01	5.59465270e-01	3.23007424e-01	5.53842644e+01	5.65031950e+01
5.20000000e+02	5.55200000e+01	1.01000000e+00	1	5.49702970e+01	5.55200000e+01	1.00000000e+00	1	5.55200000e+01	5.55200000e+01	9.90000000e-01	1	5.60808081e+01	5.55237017e+01	5.55264780e-01	3.20582270e-01	5.49684369e+01	5.60789665e+01
5.20100000e+02	5.52100000e+01	1.01000000e+00	1	5.46633663e+01	5.52100000e+01	1.00000000e+00	1	5.52100000e+01	5.52100000e+01	9.90000000e-01	1	5.57676768e+01	5.52136810e+01	5.52164418e-01	3.18792275e-01	5.46615166e+01	5.57658455e+01
5.20200000e+02	5.49100000e+01	1.01000000e+00	1	5.43663366e+01	5.49100000e+01	1.00000000e+00	1	5.49100000e+01	5.49100000e+01	9.90000000e-01	1	5.54646465e+01	5.49136610e+01	5.49164068e-01	3.17060022e-01	5.43644970e+01	5.54628251e+01
5.20300000e+02	5.46200000e+01	1.01000000e+00	1	5.40792079e+01	5.46200000e+01	1.00000000e+00	1	5.46200000e+01	5.46200000e+01	9.90000000e-01	1	5.51717172e+01	5.46236417e+01	5.46263730e-01	3.15385511e-01	5.40773780e+01	5.51699054e+01
5.20400000e+02	5.43200000e+01	1.01000000e+00	1	5.37821782e+01	5.43200000e+01	1.00000000e+00	1	5.43200000e+01	5.43200000e+01	9.90000000e-01	1	5.48686869e+01	5.43236217e+01	5.43263380e-01	3.13653258e-01	5.37803583e+01	5.48668851e+01
5.20500000e+02	5.41200000e+01	1.01000000e+00	1	5.35841584e+01	5.41200000e+01	1.00000000e+00	1	5.41200000e+01	5.41200000e+01	9.90000000e-01	1	5.46666667e+01	5.41236084e+01	5.41263146e-01	3.12498423e-01	5.35823452e+01	5.46648715e+01
5.20600000e+02	5.36400000e+01	1.01000000e+00	1	5.31089109e+01	5.36400000e+01	1.00000000e+00	1	5.36400000e+01	5.36400000e+01	9.90000000e-01	1	5.41818182e+01	5.36435764e+01	5.36462586e-01	3.09726819e-01	5.31071138e+01	5.41800389e+01
5.20700000e+02	5.34800000e+01	1.01000000e+00	1	5.29504950e+01	5.34800000e+01	1.00000000e+00	1	5.34800000e+01	5.34800000e+01	9.90000000e-01	1	5.40202020e+01	5.34835657e+01	5.34862399e-01	3.08802950e-01	5.29487033e+01	5.40184281e+01
5.20800000e+02	5.31400000e+01	1.01000000e+00	1	5.26138614e+01	5.31400000e+01	1.00000000e+00	1	5.31400000e+01	5.31400000e+01	9.90000000e-01	1	5.36767677e+01	5.31435430e+01	5.31462003e-01	3.06839730e-01	5.26120810e+01	5.36750050e+01
5.20900000e+02	5.27900000e+01	1.01000000e+00	1	5.22673267e+01	5.27900000e+01	1.00000000e+00	1	5.27900000e+01	5.27900000e+01	9.90000000e-01	1	5.33232323e+01	5.27935197e+01	5.27961594e-01	3.04818769e-01	5.22655581e+01	5.33214813e+01
5.21000000e+02	5.25600000e+01	1.01000000e+00	1	5.20396040e+01	5.25600000e+01	1.00000000e+00	1	5.25600000e+01	5.25600000e+01	9.90000000e-01	1	5.30909091e+01	5.25635044e+01	5.25661326e-01	3.03490708e-01	5.20378430e+01	5.30891657e+01
5.21100000e+02	5.22500000e+01	1.01000000e+00	1	5.17326733e+01	5.22500000e+01	1.00000000e+00	1	5.22500000e+01	5.22500000e+01	9.90000000e-01	1	5.27777778e+01	5.22534837e+01	5.22560964e-01	3.01700713e-01	5.17309227e+01	5.27760446e+01
5.21200000e+02	5.18800000e+01	1.01000000e+00	1	5.13663366e+01	5.18800000e+01	1.00000000e+00	1	5.18800000e+01	5.18800000e+01	9.90000000e-01	1	5.24040404e+01	5.18834590e+01	5.18860533e-01	2.99564268e-01	5.13645985e+01	5.24023195e+01
5.21300000e+02	5.17800000e+01	1.01000000e+00	1	5.12673267e+01	5.17800000e+01	1.00000000e+00	1	5.17800000e+01	5.17800000e+01	9.90000000e-01	1	5.23030303e+01	5.17834523e+01	5.17860416e-01	2.98986851e-01	5.12655919e+01	5.23013128e+01
5.21400000e+02	5.13200000e+01	1.01000000e+00	1	5.08118812e+01	5.13200000e+01	1.00000000e+00	1	5.13200000e+01	5.13200000e+01	9.90000000e-01	1	5.18383838e+01	5.13234217e+01	5.13259879e-01	2.96330729e-01	5.08101618e+01	5.18366816e+01
5.21500000e+02	5.09500000e+01	1.01000000e+00	1	5.04455446e+01	5.09500000e+01	1.00000000e+00	1	5.09500000e+01	5.09500000e+01	9.90000000e-01	1	5.14646465e+01	5.09533970e+01	5.09559448e-01	2.94194284e-01	5.04438376e+01	5.14629565e+01
5.21600000e+02	5.06800000e+01	1.01000000e+00	1	5.01782178e+01	5.06800000e+01	1.00000000e+00	1	5.06800000e+01	5.06800000e+01	9.90000000e-01	1	5.11919192e+01	5.06833790e+01	5.06859133e-01	2.92635257e-01	5.01765199e+01	5.11902381e+01
5.21700000e+02	5.02400000e+01	1.01000000e+00	1	4.97425743e+01	5.02400000e+01	1.00000000e+00	1	5.02400000e+01	5.02400000e+01	9.90000000e-01	1	5.07474747e+01	5.02433497e+01	5.02458619e-01	2.90094619e-01	4.97408910e+01	5.07458083e+01
5.21800000e+02	5.00600000e+01	1.01000000e+00	1	4.95643564e+01	5.00600000e+01	1.00000000e+00	1	5.00600000e+01	5.00600000e+01	9.90000000e-01	1	5.05656566e+01	5.00633377e+01	5.00658409e-01	2.89055267e-01	4.95626793e+01	5.05639961e+01
5.21900000e+02	4.98100000e+01	1.01000000e+00	1	4.93168317e+01	4.98100000e+01	1.00000000e+00	1	4.98100000e+01	4.98100000e+01	9.90000000e-01	1	5.03131313e+01	4.98133210e+01	4.98158117e-01	2.87611723e-01	4.93151629e+01	5.03114791e+01
5.22000000e+02	4.94100000e+01	1.01000000e+00	1	4.89207921e+01	4.94100000e+01	1.00000000e+00	1	4.94100000e+01	4.94100000e+01	9.90000000e-01	1	4.99090909e+01	4.94132943e+01	4.94157651e-01	2.85302053e-01	4.89191367e+01	4.99074520e+01
5.22100000e+02	4.91100000e+01	1.01000000e+00	1	4.86237624e+01	4.91100000e+01	1.00000000e+00	1	4.91100000e+01	4.91100000e+01	9.90000000e-01	1	4.96060606e+01	4.91132743e+01	4.91157301e-01	2.83569800e-01	4.86221170e+01	4.96044316e+01
5.22200000e+02	4.87500000e+01	1.01000000e+00	1	4.82673267e+01	4.87500000e+01	1.00000000e+00	1	4.87500000e+01	4.87500000e+01	9.90000000e-01	1	4.92424242e+01	4.87532503e+01	4.87556881e-01	2.81491096e-01	4.82656934e+01	4.92408072e+01
5.22300000e+02	4.85500000e+01	1.01000000e+00	1	4.80693069e+01	4.85500000e+01	1.00000000e+00	1	4.85500000e+01	4.85500000e+01	9.90000000e-01	1	4.90404040e+01	4.85532370e+01	4.85556647e-01	2.80336261e-01	4.80676803e+01	4.90387936e+01
5.22400000e+02	4.83400000e+01	1.01000000e+00	1	4.78613861e+01	4.83400000e+01	1.00000000e+00	1	4.83400000e+01	4.83400000e+01	9.90000000e-01	1	4.88282828e+01	4.83432230e+01	4.83456402e-01	2.79123684e-01	4.78597666e+01	4.88266794e+01
5.22500000e+02	4.81000000e+01	1.01000000e+00	1	4.76237624e+01	4.81000000e+01	1.00000000e+00	1	4.81000000e+01	4.81000000e+01	9.90000000e-01	1	4.85858586e+01	4.81032070e+01	4.81056122e-01	2.77737882e-01	4.76221509e+01	4.85842631e+01
5.22600000e+02	4.76400000e+01	1.01000000e+00	1	4.71683168e+01	4.76400000e+01	1.00000000e+00	1	4.76400000e+01	4.76400000e+01	9.90000000e-01	1	4.81212121e+01	4.76431763e+01	4.76455585e-01	2.75081761e-01	4.71667207e+01	4.81196319e+01
5.22700000e+02	4.74100000e+01	1.01000000e+00	1	4.69405941e+01	4.74100000e+01	1.00000000e+00	1	4.74100000e+01	4.74100000e+01	9.90000000e-01	1	4.78888889e+01	4.74131610e+01	4.74155317e-01	2.73753700e-01	4.69390057e+01	4.78873163e+01
5.22800000e+02	4.72000000e+01	1.01000000e+00	1	4.67326733e+01	4.72000000e+01	1.00000000e+00	1	4.72000000e+01	4.72000000e+01	9.90000000e-01	1	4.76767677e+01	4.72031470e+01	4.72055072e-01	2.72541123e-01	4.67310919e+01	4.76752021e+01
5.22900000e+02	4.69900000e+01	1.01000000e+00	1	4.65247525e+01	4.69900000e+01	1.00000000e+00	1	4.69900000e+01	4.69900000e+01	9.90000000e-01	1	4.74646465e+01	4.69931330e+01	4.69954827e-01	2.71328546e-01	4.65231782e+01	4.74630878e+01
5.23000000e+02	4.66200000e+01	1.01000000e+00	1	4.61584158e+01	4.66200000e+01	1.00000000e+00	1	4.66200000e+01	4.66200000e+01	9.90000000e-01	1	4.70909091e+01	4.66231083e+01	4.66254395e-01	2.69192101e-01	4.61568539e+01	4.70893627e+01
5.23100000e+02	4.64100000e+01	1.01000000e+00	1	4.59504950e+01	4.64100000e+01	1.00000000e+00	1	4.64100000e+01	4.64100000e+01	9.90000000e-01	1	4.68787879e+01	4.64130943e+01	4.64154150e-01	2.67979524e-01	4.59489402e+01	4.68772485e+01
5.23200000e+02	4.61000000e+01	1.01000000e+00	1	4.56435644e+01	4.61000000e+01	1.00000000e+00	1	4.61000000e+01	4.61000000e+01	9.90000000e-01	1	4.65656566e+01	4.61030736e+01	4.61053789e-01	2.66189529e-01	4.56420199e+01	4.65641274e+01
5.23300000e+02	4.58300000e+01	1.01000000e+00	1	4.53762376e+01	4.58300000e+01	1.00000000e+00	1	4.58300000e+01	4.58300000e+01	9.90000000e-01	1	4.62929293e+01	4.58330556e+01	4.58353474e-01	2.64630501e-01	4.53747022e+01	4.62914091e+01
5.23400000e+02	4.54200000e+01	1.01000000e+00	1	4.49702970e+01	4.54200000e+01	1.00000000e+00	1	4.54200000e+01	4.54200000e+01	9.90000000e-01	1	4.58787879e+01	4.54230283e+01	4.54252995e-01	2.62263089e-01	4.49687753e+01	4.58772813e+01
5.23500000e+02	4.51800000e+01	1.01000000e+00	1	4.47326733e+01	4.51800000e+01	1.00000000e+00	1	4.51800000e+01	4.51800000e+01	9.90000000e-01	1	4.56363636e+01	4.51830123e+01	4.51852715e-01	2.60877287e-01	4.47311596e+01	4.56348650e+01
5.23600000e+02	4.48500000e+01	1.01000000e+00	1	4.44059406e+01	4.48500000e+01	1.00000000e+00	1	4.48500000e+01	4.48500000e+01	9.90000000e-01	1	4.53030303e+01	4.48529903e+01	4.48552330e-01	2.58971809e-01	4.44044380e+01	4.53015426e+01
5.23700000e+02	4.45800000e+01	1.01000000e+00	1	4.41386139e+01	4.45800000e+01	1.00000000e+00	1	4.45800000e+01	4.45800000e+01	9.90000000e-01	1	4.50303030e+01	4.45829723e+01	4.45852015e-01	2.57412781e-01	4.41371203e+01	4.50288243e+01
5.23800000e+02	4.43500000e+01	1.01000000e+00	1	4.39108911e+01	4.43500000e+01	1.00000000e+00	1	4.43500000e+01	4.43500000e+01	9.90000000e-01	1	4.47979798e+01	4.43529570e+01	4.43551747e-01	2.56084720e-01	4.39094052e+01	4.47965087e+01
5.23900000e+02	4.41400000e+01	1.01000000e+00	1	4.37029703e+01	4.41400000e+01	1.00000000e+00	1	4.41400000e+01	4.41400000e+01	9.90000000e-01	1	4.45858586e+01	4.41429430e+01	4.41451502e-01	2.54872143e-01	4.37014915e+01	4.45843945e+01
5.24000000e+02	4.38100000e+01	1.01000000e+00	1	4.33762376e+01	4.38100000e+01	1.00000000e+00	1	4.38100000e+01	4.38100000e+01	9.90000000e-01	1	4.42525253e+01	4.38129210e+01	4.38151117e-01	2.52966665e-01	4.33747698e+01	4.42510721e+01
5.24100000e+02	4.35300000e+01	1.01000000e+00	1	4.30990099e+01	4.35300000e+01	1.00000000e+00	1	4.35300000e+01	4.35300000e+01	9.90000000e-01	1	4.39696970e+01	4.35329023e+01	4.35350790e-01	2.51349896e-01	4.30975515e+01	4.39682531e+01
5.24200000e+02	4.31600000e+01	1.01000000e+00	1	4.27326733e+01	4.31600000e+01	1.00000000e+00	1	4.31600000e+01	4.31600000e+01	9.90000000e-01	1	4.35959596e+01	4.31628776e+01	4.31650358e-01	2.49213451e-01	4.27312273e+01	4.35945280e+01
5.24300000e+02	4.29900000e+01	1.01000000e+00	1	4.25643564e+01	4.29900000e+01	1.00000000e+00	1	4.29900000e+01	4.29900000e+01	9.90000000e-01	1	4.34242424e+01	4.29928663e+01	4.29950160e-01	2.48231841e-01	4.25629161e+01	4.34228164e+01
5.24400000e+02	4.27700000e+01	1.01000000e+00	1	4.23465347e+01	4.27700000e+01	1.00000000e+00	1	4.27700000e+01	4.27700000e+01	9.90000000e-01	1	4.32020202e+01	4.27728516e+01	4.27749903e-01	2.46961522e-01	4.23451017e+01	4.32006015e+01
5.24500000e+02	4.25100000e+01	1.01000000e+00	1	4.20891089e+01	4.25100000e+01	1.00000000e+00	1	4.25100000e+01	4.25100000e+01	9.90000000e-01	1	4.29393939e+01	4.25128343e+01	4.25149600e-01	2.45460236e-01	4.20876847e+01	4.29379839e+01
5.24600000e+02	4.22700000e+01	1.01000000e+00	1	4.18514851e+01	4.22700000e+01	1.00000000e+00	1	4.22700000e+01	4.22700000e+01	9.90000000e-01	1	4.26969697e+01	4.22728183e+01	4.22749320e-01	2.44074434e-01	4.18500690e+01	4.26955676e+01
5.24700000e+02	4.20300000e+01	1.01000000e+00	1	4.16138614e+01	4.20300000e+01	1.00000000e+00	1	4.20300000e+01	4.20300000e+01	9.90000000e-01	1	4.24545455e+01	4.20328023e+01	4.20349040e-01	2.42688631e-01	4.16124532e+01	4.24531513e+01
5.24800000e+02	4.18100000e+01	1.01000000e+00	1	4.13960396e+01	4.18100000e+01	1.00000000e+00	1	4.18100000e+01	4.18100000e+01	9.90000000e-01	1	4.22323232e+01	4.18127876e+01	4.18148783e-01	2.41418313e-01	4.13946388e+01	4.22309364e+01
5.24900000e+02	4.14400000e+01	1.01000000e+00	1	4.10297030e+01	4.14400000e+01	1.00000000e+00	1	4.14400000e+01	4.14400000e+01	9.90000000e-01	1	4.18585859e+01	4.14427629e+01	4.14448351e-01	2.39281867e-01	4.10283146e+01	4.18572113e+01
5.25000000e+02	4.12600000e+01	1.01000000e+00	1	4.08514851e+01	4.12600000e+01	1.00000000e+00	1	4.12600000e+01	4.12600000e+01	9.90000000e-01	1	4.16767677e+01	4.12627509e+01	4.12648141e-01	2.38242516e-01	4.08501028e+01	4.16753991e+01
5.25100000e+02	4.09900000e+01	1.01000000e+00	1	4.05841584e+01	4.09900000e+01	1.00000000e+00	1	4.09900000e+01	4.09900000e+01	9.90000000e-01	1	4.14040404e+01	4.09927329e+01	4.09947826e-01	2.36683488e-01	4.05827851e+01	4.14026808e+01
5.25200000e+02	4.08300000e+01	1.01000000e+00	1	4.04257426e+01	4.08300000e+01	1.00000000e+00	1	4.08300000e+01	4.08300000e+01	9.90000000e-01	1	4.12424242e+01	4.08327223e+01	4.08347640e-01	2.35759620e-01	4.04243746e+01	4.12410699e+01
5.25300000e+02	4.07000000e+01	1.01000000e+00	1	4.02970297e+01	4.07000000e+01	1.00000000e+00	1	4.07000000e+01	4.07000000e+01	9.90000000e-01	1	4.11111111e+01	4.07027136e+01	4.07047488e-01	2.35008977e-01	4.02956661e+01	4.11097611e+01
5.25400000e+02	4.01900000e+01	1.01000000e+00	1	3.97920792e+01	4.01900000e+01	1.00000000e+00	1	4.01900000e+01	4.01900000e+01	9.90000000e-01	1	4.05959596e+01	4.01926796e+01	4.01946893e-01	2.32064147e-01	3.97907327e+01	4.05946265e+01
5.25500000e+02	3.99900000e+01	1.01000000e+00	1	3.95940594e+01	3.99900000e+01	1.00000000e+00	1	3.99900000e+01	3.99900000e+01	9.90000000e-01	1	4.03939394e+01	3.99926663e+01	3.99946660e-01	2.30909312e-01	3.95927196e+01	4.03926129e+01
5.25600000e+02	3.97100000e+01	1.01000000e+00	1	3.93168317e+01	3.97100000e+01	1.00000000e+00	1	3.97100000e+01	3.97100000e+01	9.90000000e-01	1	4.01111111e+01	3.97126476e+01	3.97146333e-01	2.29292542e-01	3.93155013e+01	4.01097939e+01
5.25700000e+02	3.93900000e+01	1.01000000e+00	1	3.90000000e+01	3.93900000e+01	1.00000000e+00	1	3.93900000e+01	3.93900000e+01	9.90000000e-01	1	3.97878788e+01	3.93926263e+01	3.93945960e-01	2.27444806e-01	3.89986803e+01	3.97865722e+01
5.25800000e+02	3.92100000e+01	1.01000000e+00	1	3.88217822e+01	3.92100000e+01	1.00000000e+00	1	3.92100000e+01	3.92100000e+01	9.90000000e-01	1	3.96060606e+01	3.92126143e+01	3.92145750e-01	2.26405454e-01	3.88204685e+01	3.96047600e+01
5.25900000e+02	3.90100000e+01	1.01000000e+00	1	3.86237624e+01	3.90100000e+01	1.00000000e+00	1	3.90100000e+01	3.90100000e+01	9.90000000e-01	1	3.94040404e+01	3.90126009e+01	3.90145516e-01	2.25250619e-01	3.86224554e+01	3.94027464e+01
5.26000000e+02	3.87000000e+01	1.01000000e+00	1	3.83168317e+01	3.87000000e+01	1.00000000e+00	1	3.87000000e+01	3.87000000e+01	9.90000000e-01	1	3.90909091e+01	3.87025803e+01	3.87045154e-01	2.23460624e-01	3.83155351e+01	3.90896254e+01
5.26100000e+02	3.83900000e+01	1.01000000e+00	1	3.80099010e+01	3.83900000e+01	1.00000000e+00	1	3.83900000e+01	3.83900000e+01	9.90000000e-01	1	3.87777778e+01	3.83925596e+01	3.83944793e-01	2.21670629e-01	3.80086148e+01	3.87765044e+01
5.26200000e+02	3.82000000e+01	1.01000000e+00	1	3.78217822e+01	3.82000000e+01	1.00000000e+00	1	3.82000000e+01	3.82000000e+01	9.90000000e-01	1	3.85858586e+01	3.82025469e+01	3.82044571e-01	2.20573536e-01	3.78205024e+01	3.85845915e+01
5.26300000e+02	3.80300000e+01	1.01000000e+00	1	3.76534653e+01	3.80300000e+01	1.00000000e+00	1	3.80300000e+01	3.80300000e+01	9.90000000e-01	1	3.84141414e+01	3.80325356e+01	3.80344373e-01	2.19591926e-01	3.76521912e+01	3.84128800e+01
5.26400000e+02	3.78500000e+01	1.01000000e+00	1	3.74752475e+01	3.78500000e+01	1.00000000e+00	1	3.78500000e+01	3.78500000e+01	9.90000000e-01	1	3.82323232e+01	3.78525236e+01	3.78544163e-01	2.18552574e-01	3.74739794e+01	3.82310677e+01
5.26500000e+02	3.76400000e+01	1.01000000e+00	1	3.72673267e+01	3.76400000e+01	1.00000000e+00	1	3.76400000e+01	3.76400000e+01	9.90000000e-01	1	3.80202020e+01	3.76425096e+01	3.76443918e-01	2.17339997e-01	3.72660657e+01	3.80189535e+01
5.26600000e+02	3.72700000e+01	1.01000000e+00	1	3.69009901e+01	3.72700000e+01	1.00000000e+00	1	3.72700000e+01	3.72700000e+01	9.90000000e-01	1	3.76464646e+01	3.72724849e+01	3.72743486e-01	2.15203552e-01	3.68997414e+01	3.76452284e+01
5.26700000e+02	3.69700000e+01	1.01000000e+00	1	3.66039604e+01	3.69700000e+01	1.00000000e+00	1	3.69700000e+01	3.69700000e+01	9.90000000e-01	1	3.73434343e+01	3.69724649e+01	3.69743136e-01	2.13471299e-01	3.66027218e+01	3.73422080e+01
5.26800000e+02	3.69300000e+01	1.01000000e+00	1	3.65643564e+01	3.69300000e+01	1.00000000e+00	1	3.69300000e+01	3.69300000e+01	9.90000000e-01	1	3.73030303e+01	3.69324622e+01	3.69343089e-01	2.13240332e-01	3.65631192e+01	3.73018053e+01
5.26900000e+02	3.65700000e+01	1.01000000e+00	1	3.62079208e+01	3.65700000e+01	1.00000000e+00	1	3.65700000e+01	3.65700000e+01	9.90000000e-01	1	3.69393939e+01	3.65724382e+01	3.65742669e-01	2.11161629e-01	3.62066956e+01	3.69381809e+01
5.27000000e+02	3.62800000e+01	1.01000000e+00	1	3.59207921e+01	3.62800000e+01	1.00000000e+00	1	3.62800000e+01	3.62800000e+01	9.90000000e-01	1	3.66464646e+01	3.62824189e+01	3.62842331e-01	2.09487117e-01	3.59195766e+01	3.66452612e+01
5.27100000e+02	3.61400000e+01	1.01000000e+00	1	3.57821782e+01	3.61400000e+01	1.00000000e+00	1	3.61400000e+01	3.61400000e+01	9.90000000e-01	1	3.65050505e+01	3.61424096e+01	3.61442167e-01	2.08678733e-01	3.57809674e+01	3.65038517e+01
5.27200000e+02	3.58700000e+01	1.01000000e+00	1	3.55148515e+01	3.58700000e+01	1.00000000e+00	1	3.58700000e+01	3.58700000e+01	9.90000000e-01	1	3.62323232e+01	3.58723916e+01	3.58741852e-01	2.07119705e-01	3.55136497e+01	3.62311334e+01
5.27300000e+02	3.57000000e+01	1.01000000e+00	1	3.53465347e+01	3.57000000e+01	1.00000000e+00	1	3.57000000e+01	3.57000000e+01	9.90000000e-01	1	3.60606061e+01	3.57023802e+01	3.57041654e-01	2.06138095e-01	3.53453386e+01	3.60594219e+01
5.27400000e+02	3.53500000e+01	1.01000000e+00	1	3.50000000e+01	3.53500000e+01	1.00000000e+00	1	3.53500000e+01	3.53500000e+01	9.90000000e-01	1	3.57070707e+01	3.53523569e+01	3.53541246e-01	2.04117133e-01	3.49988157e+01	3.57058981e+01
5.27500000e+02	3.52900000e+01	1.01000000e+00	1	3.49405941e+01	3.52900000e+01	1.00000000e+00	1	3.52900000e+01	3.52900000e+01	9.90000000e-01	1	3.56464646e+01	3.52923529e+01	3.52941176e-01	2.03770683e-01	3.49394117e+01	3.56452941e+01
5.27600000e+02	3.50300000e+01	1.01000000e+00	1	3.46831683e+01	3.50300000e+01	1.00000000e+00	1	3.50300000e+01	3.50300000e+01	9.90000000e-01	1	3.53838384e+01	3.50323356e+01	3.50340872e-01	2.02269397e-01	3.46819947e+01	3.53826764e+01
5.27700000e+02	3.48100000e+01	1.01000000e+00	1	3.44653465e+01	3.48100000e+01	1.00000000e+00	1	3.48100000e+01	3.48100000e+01	9.90000000e-01	1	3.51616162e+01	3.48123209e+01	3.48140616e-01	2.00999078e-01	3.44641803e+01	3.51604615e+01
5.27800000e+02	3.44800000e+01	1.01000000e+00	1	3.41386139e+01	3.44800000e+01	1.00000000e+00	1	3.44800000e+01	3.44800000e+01	9.90000000e-01	1	3.48282828e+01	3.44822989e+01	3.44840231e-01	1.99093600e-01	3.41374587e+01	3.48271391e+01
5.27900000e+02	3.42600000e+01	1.01000000e+00	1	3.39207921e+01	3.42600000e+01	1.00000000e+00	1	3.42600000e+01	3.42600000e+01	9.90000000e-01	1	3.46060606e+01	3.42622842e+01	3.42639974e-01	1.97823281e-01	3.39196443e+01	3.46049242e+01
5.28000000e+02	3.41500000e+01	1.01000000e+00	1	3.38118812e+01	3.41500000e+01	1.00000000e+00	1	3.41500000e+01	3.41500000e+01	9.90000000e-01	1	3.44949495e+01	3.41522769e+01	3.41539846e-01	1.97188122e-01	3.38107370e+01	3.44938167e+01
5.28100000e+02	3.40500000e+01	1.01000000e+00	1	3.37128713e+01	3.40500000e+01	1.00000000e+00	1	3.40500000e+01	3.40500000e+01	9.90000000e-01	1	3.43939394e+01	3.40522702e+01	3.40539729e-01	1.96610704e-01	3.37117305e+01	3.43928100e+01
5.28200000e+02	3.38400000e+01	1.01000000e+00	1	3.35049505e+01	3.38400000e+01	1.00000000e+00	1	3.38400000e+01	3.38400000e+01	9.90000000e-01	1	3.41818182e+01	3.38422562e+01	3.38439484e-01	1.95398127e-01	3.35038167e+01	3.41806957e+01
5.28300000e+02	3.35400000e+01	1.01000000e+00	1	3.32079208e+01	3.35400000e+01	1.00000000e+00	1	3.35400000e+01	3.35400000e+01	9.90000000e-01	1	3.38787879e+01	3.35422362e+01	3.35439134e-01	1.93665874e-01	3.32067971e+01	3.38776754e+01
5.28400000e+02	3.33200000e+01	1.01000000e+00	1	3.29900990e+01	3.33200000e+01	1.00000000e+00	1	3.33200000e+01	3.33200000e+01	9.90000000e-01	1	3.36565657e+01	3.33222216e+01	3.33238877e-01	1.92395555e-01	3.29889827e+01	3.36554604e+01
5.28500000e+02	3.30200000e+01	1.01000000e+00	1	3.26930693e+01	3.30200000e+01	1.00000000e+00	1	3.30200000e+01	3.30200000e+01	9.90000000e-01	1	3.33535354e+01	3.30222016e+01	3.30238527e-01	1.90663303e-01	3.26919630e+01	3.33524401e+01
5.28600000e+02	3.27800000e+01	1.01000000e+00	1	3.24554455e+01	3.27800000e+01	1.00000000e+00	1	3.27800000e+01	3.27800000e+01	9.90000000e-01	1	3.31111111e+01	3.27821856e+01	3.27838247e-01	1.89277500e-01	3.24543473e+01	3.31100238e+01
5.28700000e+02	3.25400000e+01	1.01000000e+00	1	3.22178218e+01	3.25400000e+01	1.00000000e+00	1	3.25400000e+01	3.25400000e+01	9.90000000e-01	1	3.28686869e+01	3.25421696e+01	3.25437967e-01	1.87891698e-01	3.22167316e+01	3.28676075e+01
5.28800000e+02	3.22800000e+01	1.01000000e+00	1	3.19603960e+01	3.22800000e+01	1.00000000e+00	1	3.22800000e+01	3.22800000e+01	9.90000000e-01	1	3.26060606e+01	3.22821522e+01	3.22837664e-01	1.86390412e-01	3.19593146e+01	3.26049899e+01
5.28900000e+02	3.22700000e+01	1.01000000e+00	1	3.19504950e+01	3.22700000e+01	1.00000000e+00	1	3.22700000e+01	3.22700000e+01	9.90000000e-01	1	3.25959596e+01	3.22721515e+01	3.22737652e-01	1.86332670e-01	3.19494139e+01	3.25948892e+01
5.29000000e+02	3.18600000e+01	1.01000000e+00	1	3.15445545e+01	3.18600000e+01	1.00000000e+00	1	3.18600000e+01	3.18600000e+01	9.90000000e-01	1	3.21818182e+01	3.18621242e+01	3.18637174e-01	1.83965258e-01	3.15434870e+01	3.21807614e+01
5.29100000e+02	3.18000000e+01	1.01000000e+00	1	3.14851485e+01	3.18000000e+01	1.00000000e+00	1	3.18000000e+01	3.18000000e+01	9.90000000e-01	1	3.21212121e+01	3.18021202e+01	3.18037104e-01	1.83618807e-01	3.14840831e+01	3.21201573e+01
5.29200000e+02	3.15800000e+01	1.01000000e+00	1	3.12673267e+01	3.15800000e+01	1.00000000e+00	1	3.15800000e+01	3.15800000e+01	9.90000000e-01	1	3.18989899e+01	3.15821055e+01	3.15836847e-01	1.82348489e-01	3.12662687e+01	3.18979424e+01
5.29300000e+02	3.12500000e+01	1.01000000e+00	1	3.09405941e+01	3.12500000e+01	1.00000000e+00	1	3.12500000e+01	3.12500000e+01	9.90000000e-01	1	3.15656566e+01	3.12520835e+01	3.12536462e-01	1.80443010e-01	3.09395471e+01	3.15646200e+01
5.29400000e+02	3.09800000e+01	1.01000000e+00	1	3.06732673e+01	3.09800000e+01	1.00000000e+00	1	3.09800000e+01	3.09800000e+01	9.90000000e-01	1	3.12929293e+01	3.09820655e+01	3.09836147e-01	1.78883983e-01	3.06722294e+01	3.12919017e+01
5.29500000e+02	3.08000000e+01	1.01000000e+00	1	3.04950495e+01	3.08000000e+01	1.00000000e+00	1	3.08000000e+01	3.08000000e+01	9.90000000e-01	1	3.11111111e+01	3.08020535e+01	3.08035937e-01	1.77844631e-01	3.04940176e+01	3.11100895e+01
5.29600000e+02	3.07100000e+01	1.01000000e+00	1	3.04059406e+01	3.07100000e+01	1.00000000e+00	1	3.07100000e+01	3.07100000e+01	9.90000000e-01	1	3.10202020e+01	3.07120475e+01	3.07135832e-01	1.77324955e-01	3.04049117e+01	3.10191834e+01
5.29700000e+02	3.04500000e+01	1.01000000e+00	1	3.01485149e+01	3.04500000e+01	1.00000000e+00	1	3.04500000e+01	3.04500000e+01	9.90000000e-01	1	3.07575758e+01	3.04520302e+01	3.04535529e-01	1.75823669e-01	3.01474947e+01	3.07565657e+01
5.29800000e+02	3.02000000e+01	1.01000000e+00	1	2.99009901e+01	3.02000000e+01	1.00000000e+00	1	3.02000000e+01	3.02000000e+01	9.90000000e-01	1	3.05050505e+01	3.02020135e+01	3.02035237e-01	1.74380125e-01	2.98999783e+01	3.05040488e+01
5.29900000e+02	2.99500000e+01	1.01000000e+00	1	2.96534653e+01	2.99500000e+01	1.00000000e+00	1	2.99500000e+01	2.99500000e+01	9.90000000e-01	1	3.02525253e+01	2.99519969e+01	2.99534945e-01	1.72936581e-01	2.96524619e+01	3.02515318e+01
5.30000000e+02	2.98200000e+01	1.01000000e+00	1	2.95247525e+01	2.98200000e+01	1.00000000e+00	1	2.98200000e+01	2.98200000e+01	9.90000000e-01	1	3.01212121e+01	2.98219882e+01	2.98234793e-01	1.72185938e-01	2.95237534e+01	3.01202230e+01
5.30100000e+02	2.96500000e+01	1.01000000e+00	1	2.93564356e+01	2.96500000e+01	1.00000000e+00	1	2.96500000e+01	2.96500000e+01	9.90000000e-01	1	2.99494949e+01	2.96519769e+01	2.96534595e-01	1.71204328e-01	2.93554423e+01	2.99485115e+01
5.30200000e+02	2.94900000e+01	1.01000000e+00	1	2.91980198e+01	2.94900000e+01	1.00000000e+00	1	2.94900000e+01	2.94900000e+01	9.90000000e-01	1	2.97878788e+01	2.94919662e+01	2.94934408e-01	1.70280460e-01	2.91970318e+01	2.97869006e+01
5.30300000e+02	2.92200000e+01	1.01000000e+00	1	2.89306931e+01	2.92200000e+01	1.00000000e+00	1	2.92200000e+01	2.92200000e+01	9.90000000e-01	1	2.95151515e+01	2.92219482e+01	2.92234093e-01	1.68721432e-01	2.89297141e+01	2.95141823e+01
5.30400000e+02	2.89700000e+01	1.01000000e+00	1	2.86831683e+01	2.89700000e+01	1.00000000e+00	1	2.89700000e+01	2.89700000e+01	9.90000000e-01	1	2.92626263e+01	2.89719315e+01	2.89733802e-01	1.67277888e-01	2.86821977e+01	2.92616653e+01
5.30500000e+02	2.87600000e+01	1.01000000e+00	1	2.84752475e+01	2.87600000e+01	1.00000000e+00	1	2.87600000e+01	2.87600000e+01	9.90000000e-01	1	2.90505051e+01	2.87619175e+01	2.87633557e-01	1.66065311e-01	2.84742840e+01	2.90495511e+01
5.30600000e+02	2.87600000e+01	1.01000000e+00	1	2.84752475e+01	2.87600000e+01	1.00000000e+00	1	2.87600000e+01	2.87600000e+01	9.90000000e-01	1	2.90505051e+01	2.87619175e+01	2.87633557e-01	1.66065311e-01	2.84742840e+01	2.90495511e+01
5.30700000e+02	2.85400000e+01	1.01000000e+00	1	2.82574257e+01	2.85400000e+01	1.00000000e+00	1	2.85400000e+01	2.85400000e+01	9.90000000e-01	1	2.88282828e+01	2.85419029e+01	2.85433300e-01	1.64794993e-01	2.82564696e+01	2.88273362e+01
5.30800000e+02	2.83600000e+01	1.01000000e+00	1	2.80792079e+01	2.83600000e+01	1.00000000e+00	1	2.83600000e+01	2.83600000e+01	9.90000000e-01	1	2.86464646e+01	2.83618909e+01	2.83633090e-01	1.63755641e-01	2.80782578e+01	2.86455239e+01
5.30900000e+02	2.82100000e+01	1.01000000e+00	1	2.79306931e+01	2.82100000e+01	1.00000000e+00	1	2.82100000e+01	2.82100000e+01	9.90000000e-01	1	2.84949495e+01	2.82118809e+01	2.82132915e-01	1.62889514e-01	2.79297479e+01	2.84940138e+01
5.31000000e+02	2.81500000e+01	1.01000000e+00	1	2.78712871e+01	2.81500000e+01	1.00000000e+00	1	2.81500000e+01	2.81500000e+01	9.90000000e-01	1	2.84343434e+01	2.81518769e+01	2.81532845e-01	1.62543064e-01	2.78703440e+01	2.84334097e+01
5.31100000e+02	2.78600000e+01	1.01000000e+00	1	2.75841584e+01	2.78600000e+01	1.00000000e+00	1	2.78600000e+01	2.78600000e+01	9.90000000e-01	1	2.81414141e+01	2.78618575e+01	2.78632507e-01	1.60868553e-01	2.75832250e+01	2.81404900e+01
5.31200000e+02	2.78000000e+01	1.01000000e+00	1	2.75247525e+01	2.78000000e+01	1.00000000e+00	1	2.78000000e+01	2.78000000e+01	9.90000000e-01	1	2.80808081e+01	2.78018535e+01	2.78032437e-01	1.60522102e-01	2.75238211e+01	2.80798860e+01
5.31300000e+02	2.74600000e+01	1.01000000e+00	1	2.71881188e+01	2.74600000e+01	1.00000000e+00	1	2.74600000e+01	2.74600000e+01	9.90000000e-01	1	2.77373737e+01	2.74618308e+01	2.74632040e-01	1.58558882e-01	2.71871988e+01	2.77364629e+01
5.31400000e+02	2.71200000e+01	1.01000000e+00	1	2.68514851e+01	2.71200000e+01	1.00000000e+00	1	2.71200000e+01	2.71200000e+01	9.90000000e-01	1	2.73939394e+01	2.71218082e+01	2.71231643e-01	1.56595662e-01	2.68505765e+01	2.73930398e+01
5.31500000e+02	2.70200000e+01	1.01000000e+00	1	2.67524752e+01	2.70200000e+01	1.00000000e+00	1	2.70200000e+01	2.70200000e+01	9.90000000e-01	1	2.72929293e+01	2.70218015e+01	2.70231526e-01	1.56018245e-01	2.67515700e+01	2.72920330e+01
5.31600000e+02	2.66900000e+01	1.01000000e+00	1	2.64257426e+01	2.66900000e+01	1.00000000e+00	1	2.66900000e+01	2.66900000e+01	9.90000000e-01	1	2.69595960e+01	2.66917795e+01	2.66931141e-01	1.54112766e-01	2.64248484e+01	2.69587107e+01
5.31700000e+02	2.67700000e+01	1.01000000e+00	1	2.65049505e+01	2.67700000e+01	1.00000000e+00	1	2.67700000e+01	2.67700000e+01	9.90000000e-01	1	2.70404040e+01	2.67717848e+01	2.67731235e-01	1.54574700e-01	2.65040536e+01	2.70395161e+01
5.31800000e+02	2.64600000e+01	1.01000000e+00	1	2.61980198e+01	2.64600000e+01	1.00000000e+00	1	2.64600000e+01	2.64600000e+01	9.90000000e-01	1	2.67272727e+01	2.64617642e+01	2.64630873e-01	1.52784706e-01	2.61971333e+01	2.67263950e+01
5.31900000e+02	2.62400000e+01	1.01000000e+00	1	2.59801980e+01	2.62400000e+01	1.00000000e+00	1	2.62400000e+01	2.62400000e+01	9.90000000e-01	1	2.65050505e+01	2.62417495e+01	2.62430616e-01	1.51514387e-01	2.59793189e+01	2.65041801e+01
5.32000000e+02	2.61000000e+01	1.01000000e+00	1	2.58415842e+01	2.61000000e+01	1.00000000e+00	1	2.61000000e+01	2.61000000e+01	9.90000000e-01	1	2.63636364e+01	2.61017402e+01	2.61030453e-01	1.50706002e-01	2.58407097e+01	2.63627706e+01
5.32100000e+02	2.59000000e+01	1.01000000e+00	1	2.56435644e+01	2.59000000e+01	1.00000000e+00	1	2.59000000e+01	2.59000000e+01	9.90000000e-01	1	2.61616162e+01	2.59017268e+01	2.59030220e-01	1.49551167e-01	2.56426966e+01	2.61607571e+01
5.32200000e+02	2.58000000e+01	1.01000000e+00	1	2.55445545e+01	2.58000000e+01	1.00000000e+00	1	2.58000000e+01	2.58000000e+01	9.90000000e-01	1	2.60606061e+01	2.58017202e+01	2.58030103e-01	1.48973749e-01	2.55436901e+01	2.60597503e+01
5.32300000e+02	2.56000000e+01	1.01000000e+00	1	2.53465347e+01	2.56000000e+01	1.00000000e+00	1	2.56000000e+01	2.56000000e+01	9.90000000e-01	1	2.58585859e+01	2.56017068e+01	2.56029870e-01	1.47818914e-01	2.53456770e+01	2.58577367e+01
5.32400000e+02	2.55200000e+01	1.01000000e+00	1	2.52673267e+01	2.55200000e+01	1.00000000e+00	1	2.55200000e+01	2.55200000e+01	9.90000000e-01	1	2.57777778e+01	2.55217015e+01	2.55229776e-01	1.47356980e-01	2.52664717e+01	2.57769313e+01
5.32500000e+02	2.52600000e+01	1.01000000e+00	1	2.50099010e+01	2.52600000e+01	1.00000000e+00	1	2.52600000e+01	2.52600000e+01	9.90000000e-01	1	2.55151515e+01	2.52616842e+01	2.52629473e-01	1.45855694e-01	2.50090547e+01	2.55143136e+01
5.32600000e+02	2.50900000e+01	1.01000000e+00	1	2.48415842e+01	2.50900000e+01	1.00000000e+00	1	2.50900000e+01	2.50900000e+01	9.90000000e-01	1	2.53434343e+01	2.50916728e+01	2.50929275e-01	1.44874084e-01	2.48407436e+01	2.53426021e+01
5.32700000e+02	2.49400000e+01	1.01000000e+00	1	2.46930693e+01	2.49400000e+01	1.00000000e+00	1	2.49400000e+01	2.49400000e+01	9.90000000e-01	1	2.51919192e+01	2.49416628e+01	2.49429100e-01	1.44007958e-01	2.46922337e+01	2.51910919e+01
5.32800000e+02	2.48500000e+01	1.01000000e+00	1	2.46039604e+01	2.48500000e+01	1.00000000e+00	1	2.48500000e+01	2.48500000e+01	9.90000000e-01	1	2.51010101e+01	2.48516568e+01	2.48528995e-01	1.43488282e-01	2.46031278e+01	2.51001858e+01
5.32900000e+02	2.45700000e+01	1.01000000e+00	1	2.43267327e+01	2.45700000e+01	1.00000000e+00	1	2.45700000e+01	2.45700000e+01	9.90000000e-01	1	2.48181818e+01	2.45716382e+01	2.45728668e-01	1.41871513e-01	2.43259095e+01	2.48173668e+01
5.33000000e+02	2.44600000e+01	1.01000000e+00	1	2.42178218e+01	2.44600000e+01	1.00000000e+00	1	2.44600000e+01	2.44600000e+01	9.90000000e-01	1	2.47070707e+01	2.44616308e+01	2.44628539e-01	1.41236353e-01	2.42170023e+01	2.47062594e+01
5.33100000e+02	2.41700000e+01	1.01000000e+00	1	2.39306931e+01	2.41700000e+01	1.00000000e+00	1	2.41700000e+01	2.41700000e+01	9.90000000e-01	1	2.44141414e+01	2.41716115e+01	2.41728201e-01	1.39561842e-01	2.39298833e+01	2.44133397e+01
5.33200000e+02	2.41100000e+01	1.01000000e+00	1	2.38712871e+01	2.41100000e+01	1.00000000e+00	1	2.41100000e+01	2.41100000e+01	9.90000000e-01	1	2.43535354e+01	2.41116075e+01	2.41128131e-01	1.39215391e-01	2.38704794e+01	2.43527356e+01
5.33300000e+02	2.39200000e+01	1.01000000e+00	1	2.36831683e+01	2.39200000e+01	1.00000000e+00	1	2.39200000e+01	2.39200000e+01	9.90000000e-01	1	2.41616162e+01	2.39215948e+01	2.39227909e-01	1.38118298e-01	2.36823669e+01	2.41608227e+01
5.33400000e+02	2.37700000e+01	1.01000000e+00	1	2.35346535e+01	2.37700000e+01	1.00000000e+00	1	2.37700000e+01	2.37700000e+01	9.90000000e-01	1	2.40101010e+01	2.37715848e+01	2.37727734e-01	1.37252171e-01	2.35338571e+01	2.40093126e+01
5.33500000e+02	2.35700000e+01	1.01000000e+00	1	2.33366337e+01	2.35700000e+01	1.00000000e+00	1	2.35700000e+01	2.35700000e+01	9.90000000e-01	1	2.38080808e+01	2.35715715e+01	2.35727501e-01	1.36097336e-01	2.33358440e+01	2.38072990e+01
5.33600000e+02	2.33500000e+01	1.01000000e+00	1	2.31188119e+01	2.33500000e+01	1.00000000e+00	1	2.33500000e+01	2.33500000e+01	9.90000000e-01	1	2.35858586e+01	2.33515568e+01	2.33527244e-01	1.34827017e-01	2.31180296e+01	2.35850841e+01
5.33700000e+02	2.31600000e+01	1.01000000e+00	1	2.29306931e+01	2.31600000e+01	1.00000000e+00	1	2.31600000e+01	2.31600000e+01	9.90000000e-01	1	2.33939394e+01	2.31615442e+01	2.31627023e-01	1.33729924e-01	2.29299171e+01	2.33931712e+01
5.33800000e+02	2.31400000e+01	1.01000000e+00	1	2.29108911e+01	2.31400000e+01	1.00000000e+00	1	2.31400000e+01	2.31400000e+01	9.90000000e-01	1	2.33737374e+01	2.31415428e+01	2.31426999e-01	1.33614440e-01	2.29101158e+01	2.33729698e+01
5.33900000e+02	2.28600000e+01	1.01000000e+00	1	2.26336634e+01	2.28600000e+01	1.00000000e+00	1	2.28600000e+01	2.28600000e+01	9.90000000e-01	1	2.30909091e+01	2.28615242e+01	2.28626673e-01	1.31997671e-01	2.26328975e+01	2.30901508e+01
5.34000000e+02	2.26300000e+01	1.01000000e+00	1	2.24059406e+01	2.26300000e+01	1.00000000e+00	1	2.26300000e+01	2.26300000e+01	9.90000000e-01	1	2.28585859e+01	2.26315088e+01	2.26326404e-01	1.30669610e-01	2.24051824e+01	2.28578352e+01
5.34100000e+02	2.25100000e+01	1.01000000e+00	1	2.22871287e+01	2.25100000e+01	1.00000000e+00	1	2.25100000e+01	2.25100000e+01	9.90000000e-01	1	2.27373737e+01	2.25115008e+01	2.25126264e-01	1.29976709e-01	2.22863746e+01	2.27366271e+01
5.34200000e+02	2.24200000e+01	1.01000000e+00	1	2.21980198e+01	2.24200000e+01	1.00000000e+00	1	2.24200000e+01	2.24200000e+01	9.90000000e-01	1	2.26464646e+01	2.24214948e+01	2.24226159e-01	1.29457033e-01	2.21972687e+01	2.26457210e+01
5.34300000e+02	2.22700000e+01	1.01000000e+00	1	2.20495050e+01	2.22700000e+01	1.00000000e+00	1	2.22700000e+01	2.22700000e+01	9.90000000e-01	1	2.24949495e+01	2.22714848e+01	2.22725984e-01	1.28590907e-01	2.20487588e+01	2.24942108e+01
5.34400000e+02	2.21000000e+01	1.01000000e+00	1	2.18811881e+01	2.21000000e+01	1.00000000e+00	1	2.21000000e+01	2.21000000e+01	9.90000000e-01	1	2.23232323e+01	2.21014735e+01	2.21025786e-01	1.27609297e-01	2.18804477e+01	2.23224993e+01
5.34500000e+02	2.20400000e+01	1.01000000e+00	1	2.18217822e+01	2.20400000e+01	1.00000000e+00	1	2.20400000e+01	2.20400000e+01	9.90000000e-01	1	2.22626263e+01	2.20414695e+01	2.20425716e-01	1.27262846e-01	2.18210438e+01	2.22618952e+01
5.34600000e+02	2.17500000e+01	1.01000000e+00	1	2.15346535e+01	2.17500000e+01	1.00000000e+00	1	2.17500000e+01	2.17500000e+01	9.90000000e-01	1	2.19696970e+01	2.17514501e+01	2.17525378e-01	1.25588335e-01	2.15339248e+01	2.19689755e+01
5.34700000e+02	2.16400000e+01	1.01000000e+00	1	2.14257426e+01	2.16400000e+01	1.00000000e+00	1	2.16400000e+01	2.16400000e+01	9.90000000e-01	1	2.18585859e+01	2.16414428e+01	2.16425249e-01	1.24953176e-01	2.14250176e+01	2.18578681e+01
5.34800000e+02	2.14600000e+01	1.01000000e+00	1	2.12475248e+01	2.14600000e+01	1.00000000e+00	1	2.14600000e+01	2.14600000e+01	9.90000000e-01	1	2.16767677e+01	2.14614308e+01	2.14625039e-01	1.23913824e-01	2.12468058e+01	2.16760558e+01
5.34900000e+02	2.14000000e+01	1.01000000e+00	1	2.11881188e+01	2.14000000e+01	1.00000000e+00	1	2.14000000e+01	2.14000000e+01	9.90000000e-01	1	2.16161616e+01	2.14014268e+01	2.14024969e-01	1.23567374e-01	2.11874018e+01	2.16154518e+01
5.35000000e+02	2.11800000e+01	1.01000000e+00	1	2.09702970e+01	2.11800000e+01	1.00000000e+00	1	2.11800000e+01	2.11800000e+01	9.90000000e-01	1	2.13939394e+01	2.11814121e+01	2.11824712e-01	1.22297055e-01	2.09695874e+01	2.13932369e+01
5.35100000e+02	2.11200000e+01	1.01000000e+00	1	2.09108911e+01	2.11200000e+01	1.00000000e+00	1	2.11200000e+01	2.11200000e+01	9.90000000e-01	1	2.13333333e+01	2.11214081e+01	2.11224642e-01	1.21950604e-01	2.09101835e+01	2.13326328e+01
5.35200000e+02	2.11600000e+01	1.01000000e+00	1	2.09504950e+01	2.11600000e+01	1.00000000e+00	1	2.11600000e+01	2.11600000e+01	9.90000000e-01	1	2.13737374e+01	2.11614108e+01	2.11624689e-01	1.22181571e-01	2.09497861e+01	2.13730355e+01
5.35300000e+02	2.07100000e+01	1.01000000e+00	1	2.05049505e+01	2.07100000e+01	1.00000000e+00	1	2.07100000e+01	2.07100000e+01	9.90000000e-01	1	2.09191919e+01	2.07113808e+01	2.07124164e-01	1.19583192e-01	2.05042566e+01	2.09185050e+01
5.35400000e+02	2.04900000e+01	1.01000000e+00	1	2.02871287e+01	2.04900000e+01	1.00000000e+00	1	2.04900000e+01	2.04900000e+01	9.90000000e-01	1	2.06969697e+01	2.04913661e+01	2.04923907e-01	1.18312873e-01	2.02864422e+01	2.06962900e+01
5.35500000e+02	2.06400000e+01	1.01000000e+00	1	2.04356436e+01	2.06400000e+01	1.00000000e+00	1	2.06400000e+01	2.06400000e+01	9.90000000e-01	1	2.08484848e+01	2.06413761e+01	2.06424082e-01	1.19179000e-01	2.04349521e+01	2.08478002e+01
5.35600000e+02	2.06200000e+01	1.01000000e+00	1	2.04158416e+01	2.06200000e+01	1.00000000e+00	1	2.06200000e+01	2.06200000e+01	9.90000000e-01	1	2.08282828e+01	2.06213748e+01	2.06224059e-01	1.19063516e-01	2.04151507e+01	2.08275989e+01
5.35700000e+02	2.03600000e+01	1.01000000e+00	1	2.01584158e+01	2.03600000e+01	1.00000000e+00	1	2.03600000e+01	2.03600000e+01	9.90000000e-01	1	2.05656566e+01	2.03613575e+01	2.03623756e-01	1.17562230e-01	2.01577337e+01	2.05649812e+01
5.35800000e+02	2.01600000e+01	1.01000000e+00	1	1.99603960e+01	2.01600000e+01	1.00000000e+00	1	2.01600000e+01	2.01600000e+01	9.90000000e-01	1	2.03636364e+01	2.01613441e+01	2.01623522e-01	1.16407395e-01	1.99597206e+01	2.03629677e+01
5.35900000e+02	1.98500000e+01	1.01000000e+00	1	1.96534653e+01	1.98500000e+01	1.00000000e+00	1	1.98500000e+01	1.98500000e+01	9.90000000e-01	1	2.00505051e+01	1.98513235e+01	1.98523161e-01	1.14617400e-01	1.96528003e+01	2.00498466e+01
5.36000000e+02	1.99200000e+01	1.01000000e+00	1	1.97227723e+01	1.99200000e+01	1.00000000e+00	1	1.99200000e+01	1.99200000e+01	9.90000000e-01	1	2.01212121e+01	1.99213281e+01	1.99223242e-01	1.15021593e-01	1.97221049e+01	2.01205514e+01
5.36100000e+02	1.95700000e+01	1.01000000e+00	1	1.93762376e+01	1.95700000e+01	1.00000000e+00	1	1.95700000e+01	1.95700000e+01	9.90000000e-01	1	1.97676768e+01	1.95713048e+01	1.95722834e-01	1.13000631e-01	1.93755820e+01	1.97670276e+01
5.36200000e+02	1.93800000e+01	1.01000000e+00	1	1.91881188e+01	1.93800000e+01	1.00000000e+00	1	1.93800000e+01	1.93800000e+01	9.90000000e-01	1	1.95757576e+01	1.93812921e+01	1.93822612e-01	1.11903537e-01	1.91874695e+01	1.95751147e+01
5.36300000e+02	1.92500000e+01	1.01000000e+00	1	1.90594059e+01	1.92500000e+01	1.00000000e+00	1	1.92500000e+01	1.92500000e+01	9.90000000e-01	1	1.94444444e+01	1.92512835e+01	1.92522461e-01	1.11152894e-01	1.90587610e+01	1.94438059e+01
5.36400000e+02	1.91400000e+01	1.01000000e+00	1	1.89504950e+01	1.91400000e+01	1.00000000e+00	1	1.91400000e+01	1.91400000e+01	9.90000000e-01	1	1.93333333e+01	1.91412761e+01	1.91422332e-01	1.10517735e-01	1.89498538e+01	1.93326985e+01
5.36500000e+02	1.89800000e+01	1.01000000e+00	1	1.87920792e+01	1.89800000e+01	1.00000000e+00	1	1.89800000e+01	1.89800000e+01	9.90000000e-01	1	1.91717172e+01	1.89812655e+01	1.89822146e-01	1.09593867e-01	1.87914433e+01	1.91710876e+01
5.36600000e+02	1.88200000e+01	1.01000000e+00	1	1.86336634e+01	1.88200000e+01	1.00000000e+00	1	1.88200000e+01	1.88200000e+01	9.90000000e-01	1	1.90101010e+01	1.88212548e+01	1.88221959e-01	1.08669999e-01	1.86330328e+01	1.90094768e+01
5.36700000e+02	1.86400000e+01	1.01000000e+00	1	1.84554455e+01	1.86400000e+01	1.00000000e+00	1	1.86400000e+01	1.86400000e+01	9.90000000e-01	1	1.88282828e+01	1.86412428e+01	1.86421749e-01	1.07630647e-01	1.84548210e+01	1.88276645e+01
5.36800000e+02	1.85300000e+01	1.01000000e+00	1	1.83465347e+01	1.85300000e+01	1.00000000e+00	1	1.85300000e+01	1.85300000e+01	9.90000000e-01	1	1.87171717e+01	1.85312355e+01	1.85321620e-01	1.06995487e-01	1.83459138e+01	1.87165571e+01
5.36900000e+02	1.84000000e+01	1.01000000e+00	1	1.82178218e+01	1.84000000e+01	1.00000000e+00	1	1.84000000e+01	1.84000000e+01	9.90000000e-01	1	1.85858586e+01	1.84012268e+01	1.84021469e-01	1.06244845e-01	1.82172053e+01	1.85852483e+01
5.37000000e+02	1.82700000e+01	1.01000000e+00	1	1.80891089e+01	1.82700000e+01	1.00000000e+00	1	1.82700000e+01	1.82700000e+01	9.90000000e-01	1	1.84545455e+01	1.82712181e+01	1.82721317e-01	1.05494202e-01	1.80884968e+01	1.84539394e+01
5.37100000e+02	1.82800000e+01	1.01000000e+00	1	1.80990099e+01	1.82800000e+01	1.00000000e+00	1	1.82800000e+01	1.82800000e+01	9.90000000e-01	1	1.84646465e+01	1.82812188e+01	1.82821329e-01	1.05551943e-01	1.80983975e+01	1.84640401e+01
5.37200000e+02	1.80300000e+01	1.01000000e+00	1	1.78514851e+01	1.80300000e+01	1.00000000e+00	1	1.80300000e+01	1.80300000e+01	9.90000000e-01	1	1.82121212e+01	1.80312021e+01	1.80321037e-01	1.04108399e-01	1.78508811e+01	1.82115232e+01
5.37300000e+02	1.78900000e+01	1.01000000e+00	1	1.77128713e+01	1.78900000e+01	1.00000000e+00	1	1.78900000e+01	1.78900000e+01	9.90000000e-01	1	1.80707071e+01	1.78911928e+01	1.78920874e-01	1.03300015e-01	1.77122719e+01	1.80701137e+01
5.37400000e+02	1.76800000e+01	1.01000000e+00	1	1.75049505e+01	1.76800000e+01	1.00000000e+00	1	1.76800000e+01	1.76800000e+01	9.90000000e-01	1	1.78585859e+01	1.76811788e+01	1.76820629e-01	1.02087438e-01	1.75043582e+01	1.78579994e+01
5.37500000e+02	1.78400000e+01	1.01000000e+00	1	1.76633663e+01	1.78400000e+01	1.00000000e+00	1	1.78400000e+01	1.78400000e+01	9.90000000e-01	1	1.80202020e+01	1.78411895e+01	1.78420815e-01	1.03011306e-01	1.76627686e+01	1.80196103e+01
5.37600000e+02	1.72400000e+01	1.01000000e+00	1	1.70693069e+01	1.72400000e+01	1.00000000e+00	1	1.72400000e+01	1.72400000e+01	9.90000000e-01	1	1.74141414e+01	1.72411494e+01	1.72420115e-01	9.95468000e-02	1.70687293e+01	1.74135696e+01
5.37700000e+02	1.74600000e+01	1.01000000e+00	1	1.72871287e+01	1.74600000e+01	1.00000000e+00	1	1.74600000e+01	1.74600000e+01	9.90000000e-01	1	1.76363636e+01	1.74611641e+01	1.74620372e-01	1.00817119e-01	1.72865437e+01	1.76357845e+01
5.37800000e+02	1.72400000e+01	1.01000000e+00	1	1.70693069e+01	1.72400000e+01	1.00000000e+00	1	1.72400000e+01	1.72400000e+01	9.90000000e-01	1	1.74141414e+01	1.72411494e+01	1.72420115e-01	9.95468000e-02	1.70687293e+01	1.74135696e+01
5.37900000e+02	1.71600000e+01	1.01000000e+00	1	1.69900990e+01	1.71600000e+01	1.00000000e+00	1	1.71600000e+01	1.71600000e+01	9.90000000e-01	1	1.73333333e+01	1.71611441e+01	1.71620022e-01	9.90848659e-02	1.69895241e+01	1.73327641e+01
5.38000000e+02	1.71300000e+01	1.01000000e+00	1	1.69603960e+01	1.71300000e+01	1.00000000e+00	1	1.71300000e+01	1.71300000e+01	9.90000000e-01	1	1.73030303e+01	1.71311421e+01	1.71319987e-01	9.89116406e-02	1.69598221e+01	1.73024621e+01
5.38100000e+02	1.68400000e+01	1.01000000e+00	1	1.66732673e+01	1.68400000e+01	1.00000000e+00	1	1.68400000e+01	1.68400000e+01	9.90000000e-01	1	1.70101010e+01	1.68411228e+01	1.68419649e-01	9.72371295e-02	1.66727031e+01	1.70095424e+01
5.38200000e+02	1.67500000e+01	1.01000000e+00	1	1.65841584e+01	1.67500000e+01	1.00000000e+00	1	1.67500000e+01	1.67500000e+01	9.90000000e-01	1	1.69191919e+01	1.67511168e+01	1.67519544e-01	9.67174536e-02	1.65835972e+01	1.69186363e+01
5.38300000e+02	1.66100000e+01	1.01000000e+00	1	1.64455446e+01	1.66100000e+01	1.00000000e+00	1	1.66100000e+01	1.66100000e+01	9.90000000e-01	1	1.67777778e+01	1.66111074e+01	1.66119380e-01	9.59090689e-02	1.64449881e+01	1.67772268e+01
5.38400000e+02	1.67200000e+01	1.01000000e+00	1	1.65544554e+01	1.67200000e+01	1.00000000e+00	1	1.67200000e+01	1.67200000e+01	9.90000000e-01	1	1.68888889e+01	1.67211148e+01	1.67219509e-01	9.65442283e-02	1.65538953e+01	1.68883343e+01
5.38500000e+02	1.65400000e+01	1.01000000e+00	1	1.63762376e+01	1.65400000e+01	1.00000000e+00	1	1.65400000e+01	1.65400000e+01	9.90000000e-01	1	1.67070707e+01	1.65411028e+01	1.65419299e-01	9.55048766e-02	1.63756835e+01	1.67065221e+01
5.38600000e+02	1.62600000e+01	1.01000000e+00	1	1.60990099e+01	1.62600000e+01	1.00000000e+00	1	1.62600000e+01	1.62600000e+01	9.90000000e-01	1	1.64242424e+01	1.62610841e+01	1.62618972e-01	9.38881072e-02	1.60984651e+01	1.64237031e+01
5.38700000e+02	1.61000000e+01	1.01000000e+00	1	1.59405941e+01	1.61000000e+01	1.00000000e+00	1	1.61000000e+01	1.61000000e+01	9.90000000e-01	1	1.62626263e+01	1.61010734e+01	1.61018785e-01	9.29642390e-02	1.59400547e+01	1.62620922e+01
5.38800000e+02	1.59700000e+01	1.01000000e+00	1	1.58118812e+01	1.59700000e+01	1.00000000e+00	1	1.59700000e+01	1.59700000e+01	9.90000000e-01	1	1.61313131e+01	1.59710648e+01	1.59718634e-01	9.22135961e-02	1.58113461e+01	1.61307834e+01
5.38900000e+02	1.57400000e+01	1.01000000e+00	1	1.55841584e+01	1.57400000e+01	1.00000000e+00	1	1.57400000e+01	1.57400000e+01	9.90000000e-01	1	1.58989899e+01	1.57410494e+01	1.57418365e-01	9.08855355e-02	1.55836311e+01	1.58984678e+01
5.39000000e+02	1.56800000e+01	1.01000000e+00	1	1.55247525e+01	1.56800000e+01	1.00000000e+00	1	1.56800000e+01	1.56800000e+01	9.90000000e-01	1	1.58383838e+01	1.56810454e+01	1.56818295e-01	9.05390849e-02	1.55242271e+01	1.58378637e+01
5.39100000e+02	1.57500000e+01	1.01000000e+00	1	1.55940594e+01	1.57500000e+01	1.00000000e+00	1	1.57500000e+01	1.57500000e+01	9.90000000e-01	1	1.59090909e+01	1.57510501e+01	1.57518377e-01	9.09432773e-02	1.55935317e+01	1.59085685e+01
5.39200000e+02	1.56000000e+01	1.01000000e+00	1	1.54455446e+01	1.56000000e+01	1.00000000e+00	1	1.56000000e+01	1.56000000e+01	9.90000000e-01	1	1.57575758e+01	1.56010401e+01	1.56018202e-01	9.00771508e-02	1.54450219e+01	1.57570583e+01
5.39300000e+02	1.54500000e+01	1.01000000e+00	1	1.52970297e+01	1.54500000e+01	1.00000000e+00	1	1.54500000e+01	1.54500000e+01	9.90000000e-01	1	1.56060606e+01	1.54510301e+01	1.54518027e-01	8.92110244e-02	1.52965121e+01	1.56055481e+01
5.39400000e+02	1.54500000e+01	1.01000000e+00	1	1.52970297e+01	1.54500000e+01	1.00000000e+00	1	1.54500000e+01	1.54500000e+01	9.90000000e-01	1	1.56060606e+01	1.54510301e+01	1.54518027e-01	8.92110244e-02	1.52965121e+01	1.56055481e+01
5.39500000e+02	1.53600000e+01	1.01000000e+00	1	1.52079208e+01	1.53600000e+01	1.00000000e+00	1	1.53600000e+01	1.53600000e+01	9.90000000e-01	1	1.55151515e+01	1.53610241e+01	1.53617922e-01	8.86913485e-02	1.52074062e+01	1.55146420e+01
5.39600000e+02	1.51200000e+01	1.01000000e+00	1	1.49702970e+01	1.51200000e+01	1.00000000e+00	1	1.51200000e+01	1.51200000e+01	9.90000000e-01	1	1.52727273e+01	1.51210081e+01	1.51217642e-01	8.73055462e-02	1.49697905e+01	1.52722257e+01
5.39700000e+02	1.48900000e+01	1.01000000e+00	1	1.47425743e+01	1.48900000e+01	1.00000000e+00	1	1.48900000e+01	1.48900000e+01	9.90000000e-01	1	1.50404040e+01	1.48909928e+01	1.48917373e-01	8.59774856e-02	1.47420754e+01	1.50399101e+01
5.39800000e+02	1.48800000e+01	1.01000000e+00	1	1.47326733e+01	1.48800000e+01	1.00000000e+00	1	1.48800000e+01	1.48800000e+01	9.90000000e-01	1	1.50303030e+01	1.48809921e+01	1.48817362e-01	8.59197438e-02	1.47321747e+01	1.50298095e+01
5.39900000e+02	1.47100000e+01	1.01000000e+00	1	1.45643564e+01	1.47100000e+01	1.00000000e+00	1	1.47100000e+01	1.47100000e+01	9.90000000e-01	1	1.48585859e+01	1.47109808e+01	1.47117163e-01	8.49381339e-02	1.45638636e+01	1.48580979e+01
5.40000000e+02	1.46000000e+01	1.01000000e+00	1	1.44554455e+01	1.46000000e+01	1.00000000e+00	1	1.46000000e+01	1.46000000e+01	9.90000000e-01	1	1.47474747e+01	1.46009734e+01	1.46017035e-01	8.43029745e-02	1.44549564e+01	1.47469905e+01
5.40100000e+02	1.49100000e+01	1.01000000e+00	1	1.47623762e+01	1.49100000e+01	1.00000000e+00	1	1.49100000e+01	1.49100000e+01	9.90000000e-01	1	1.50606061e+01	1.49109941e+01	1.49117397e-01	8.60929691e-02	1.47618767e+01	1.50601115e+01
5.40200000e+02	1.46400000e+01	1.01000000e+00	1	1.44950495e+01	1.46400000e+01	1.00000000e+00	1	1.46400000e+01	1.46400000e+01	9.90000000e-01	1	1.47878788e+01	1.46409761e+01	1.46417082e-01	8.45339415e-02	1.44945590e+01	1.47873932e+01
5.40300000e+02	1.43200000e+01	1.01000000e+00	1	1.41782178e+01	1.43200000e+01	1.00000000e+00	1	1.43200000e+01	1.43200000e+01	9.90000000e-01	1	1.44646465e+01	1.43209548e+01	1.43216708e-01	8.26862051e-02	1.41777381e+01	1.44641715e+01
5.40400000e+02	1.42000000e+01	1.01000000e+00	1	1.40594059e+01	1.42000000e+01	1.00000000e+00	1	1.42000000e+01	1.42000000e+01	9.90000000e-01	1	1.43434343e+01	1.42009468e+01	1.42016568e-01	8.19933039e-02	1.40589302e+01	1.43429633e+01
5.40500000e+02	1.43300000e+01	1.01000000e+00	1	1.41881188e+01	1.43300000e+01	1.00000000e+00	1	1.43300000e+01	1.43300000e+01	9.90000000e-01	1	1.44747475e+01	1.43309554e+01	1.43316720e-01	8.27439469e-02	1.41876387e+01	1.44742721e+01
5.40600000e+02	1.39000000e+01	1.01000000e+00	1	1.37623762e+01	1.39000000e+01	1.00000000e+00	1	1.39000000e+01	1.39000000e+01	9.90000000e-01	1	1.40404040e+01	1.39009268e+01	1.39016218e-01	8.02610510e-02	1.37619105e+01	1.40399430e+01
5.40700000e+02	1.40300000e+01	1.01000000e+00	1	1.38910891e+01	1.40300000e+01	1.00000000e+00	1	1.40300000e+01	1.40300000e+01	9.90000000e-01	1	1.41717172e+01	1.40309354e+01	1.40316370e-01	8.10116940e-02	1.38906191e+01	1.41712518e+01
5.40800000e+02	1.38100000e+01	1.01000000e+00	1	1.36732673e+01	1.38100000e+01	1.00000000e+00	1	1.38100000e+01	1.38100000e+01	9.90000000e-01	1	1.39494949e+01	1.38109208e+01	1.38116113e-01	7.97413752e-02	1.36728046e+01	1.39490369e+01
5.40900000e+02	1.35800000e+01	1.01000000e+00	1	1.34455446e+01	1.35800000e+01	1.00000000e+00	1	1.35800000e+01	1.35800000e+01	9.90000000e-01	1	1.37171717e+01	1.35809054e+01	1.35815845e-01	7.84133146e-02	1.34450896e+01	1.37167213e+01
5.41000000e+02	1.36800000e+01	1.01000000e+00	1	1.35445545e+01	1.36800000e+01	1.00000000e+00	1	1.36800000e+01	1.36800000e+01	9.90000000e-01	1	1.38181818e+01	1.36809121e+01	1.36815962e-01	7.89907322e-02	1.35440961e+01	1.38177281e+01
5.41100000e+02	1.34800000e+01	1.01000000e+00	1	1.33465347e+01	1.34800000e+01	1.00000000e+00	1	1.34800000e+01	1.34800000e+01	9.90000000e-01	1	1.36161616e+01	1.34808988e+01	1.34815728e-01	7.78358970e-02	1.33460830e+01	1.36157145e+01
5.41200000e+02	1.33200000e+01	1.01000000e+00	1	1.31881188e+01	1.33200000e+01	1.00000000e+00	1	1.33200000e+01	1.33200000e+01	9.90000000e-01	1	1.34545455e+01	1.33208881e+01	1.33215542e-01	7.69120288e-02	1.31876725e+01	1.34541036e+01
5.41300000e+02	1.32700000e+01	1.01000000e+00	1	1.31386139e+01	1.32700000e+01	1.00000000e+00	1	1.32700000e+01	1.32700000e+01	9.90000000e-01	1	1.34040404e+01	1.32708848e+01	1.32715483e-01	7.66233199e-02	1.31381693e+01	1.34036002e+01
5.41400000e+02	1.31600000e+01	1.01000000e+00	1	1.30297030e+01	1.31600000e+01	1.00000000e+00	1	1.31600000e+01	1.31600000e+01	9.90000000e-01	1	1.32929293e+01	1.31608774e+01	1.31615355e-01	7.59881606e-02	1.30292621e+01	1.32924928e+01
5.41500000e+02	1.32500000e+01	1.01000000e+00	1	1.31188119e+01	1.32500000e+01	1.00000000e+00	1	1.32500000e+01	1.32500000e+01	9.90000000e-01	1	1.33838384e+01	1.32508834e+01	1.32515460e-01	7.65078364e-02	1.31183680e+01	1.33833989e+01
5.41600000e+02	1.32300000e+01	1.01000000e+00	1	1.30990099e+01	1.32300000e+01	1.00000000e+00	1	1.32300000e+01	1.32300000e+01	9.90000000e-01	1	1.33636364e+01	1.32308821e+01	1.32315437e-01	7.63923529e-02	1.30985667e+01	1.33631975e+01
5.41700000e+02	1.30000000e+01	1.01000000e+00	1	1.28712871e+01	1.30000000e+01	1.00000000e+00	1	1.30000000e+01	1.30000000e+01	9.90000000e-01	1	1.31313131e+01	1.30008668e+01	1.30015168e-01	7.50642923e-02	1.28708516e+01	1.31308819e+01
5.41800000e+02	1.27900000e+01	1.01000000e+00	1	1.26633663e+01	1.27900000e+01	1.00000000e+00	1	1.27900000e+01	1.27900000e+01	9.90000000e-01	1	1.29191919e+01	1.27908528e+01	1.27914923e-01	7.38517153e-02	1.26629378e+01	1.29187677e+01
5.41900000e+02	1.28600000e+01	1.01000000e+00	1	1.27326733e+01	1.28600000e+01	1.00000000e+00	1	1.28600000e+01	1.28600000e+01	9.90000000e-01	1	1.29898990e+01	1.28608574e+01	1.28615005e-01	7.42559077e-02	1.27322424e+01	1.29894724e+01
5.42000000e+02	1.25800000e+01	1.01000000e+00	1	1.24554455e+01	1.25800000e+01	1.00000000e+00	1	1.25800000e+01	1.25800000e+01	9.90000000e-01	1	1.27070707e+01	1.25808388e+01	1.25814678e-01	7.26391383e-02	1.24550241e+01	1.27066534e+01
5.42100000e+02	1.26000000e+01	1.01000000e+00	1	1.24752475e+01	1.26000000e+01	1.00000000e+00	1	1.26000000e+01	1.26000000e+01	9.90000000e-01	1	1.27272727e+01	1.26008401e+01	1.26014701e-01	7.27546218e-02	1.24748254e+01	1.27268548e+01
5.42200000e+02	1.26900000e+01	1.01000000e+00	1	1.25643564e+01	1.26900000e+01	1.00000000e+00	1	1.26900000e+01	1.26900000e+01	9.90000000e-01	1	1.28181818e+01	1.26908461e+01	1.26914806e-01	7.32742977e-02	1.25639313e+01	1.28177609e+01
5.42300000e+02	1.24600000e+01	1.01000000e+00	1	1.23366337e+01	1.24600000e+01	1.00000000e+00	1	1.24600000e+01	1.24600000e+01	9.90000000e-01	1	1.25858586e+01	1.24608307e+01	1.24614538e-01	7.19462371e-02	1.23362162e+01	1.25854453e+01
5.42400000e+02	1.20700000e+01	1.01000000e+00	1	1.19504950e+01	1.20700000e+01	1.00000000e+00	1	1.20700000e+01	1.20700000e+01	9.90000000e-01	1	1.21919192e+01	1.20708047e+01	1.20714083e-01	6.96943083e-02	1.19500907e+01	1.21915188e+01
5.42500000e+02	1.20900000e+01	1.01000000e+00	1	1.19702970e+01	1.20900000e+01	1.00000000e+00	1	1.20900000e+01	1.20900000e+01	9.90000000e-01	1	1.22121212e+01	1.20908061e+01	1.20914106e-01	6.98097919e-02	1.19698920e+01	1.22117202e+01
5.42600000e+02	1.19500000e+01	1.01000000e+00	1	1.18316832e+01	1.19500000e+01	1.00000000e+00	1	1.19500000e+01	1.19500000e+01	9.90000000e-01	1	1.20707071e+01	1.19507967e+01	1.19513943e-01	6.90014072e-02	1.18312828e+01	1.20703107e+01
5.42700000e+02	1.18300000e+01	1.01000000e+00	1	1.17128713e+01	1.18300000e+01	1.00000000e+00	1	1.18300000e+01	1.18300000e+01	9.90000000e-01	1	1.19494949e+01	1.18307887e+01	1.18313803e-01	6.83085060e-02	1.17124749e+01	1.19491025e+01
5.42800000e+02	1.17600000e+01	1.01000000e+00	1	1.16435644e+01	1.17600000e+01	1.00000000e+00	1	1.17600000e+01	1.17600000e+01	9.90000000e-01	1	1.18787879e+01	1.17607841e+01	1.17613721e-01	6.79043137e-02	1.16431704e+01	1.18783978e+01
5.42900000e+02	1.16600000e+01	1.01000000e+00	1	1.15445545e+01	1.16600000e+01	1.00000000e+00	1	1.16600000e+01	1.16600000e+01	9.90000000e-01	1	1.17777778e+01	1.16607774e+01	1.16613605e-01	6.73268961e-02	1.15441638e+01	1.17773910e+01
5.43000000e+02	1.14800000e+01	1.01000000e+00	1	1.13663366e+01	1.14800000e+01	1.00000000e+00	1	1.14800000e+01	1.14800000e+01	9.90000000e-01	1	1.15959596e+01	1.14807654e+01	1.14813395e-01	6.62875443e-02	1.13659520e+01	1.15955788e+01
5.43100000e+02	1.14000000e+01	1.01000000e+00	1	1.12871287e+01	1.14000000e+01	1.00000000e+00	1	1.14000000e+01	1.14000000e+01	9.90000000e-01	1	1.15151515e+01	1.14007601e+01	1.14013301e-01	6.58256102e-02	1.12867468e+01	1.15147734e+01
5.43200000e+02	1.13500000e+01	1.01000000e+00	1	1.12376238e+01	1.13500000e+01	1.00000000e+00	1	1.13500000e+01	1.13500000e+01	9.90000000e-01	1	1.14646465e+01	1.13507567e+01	1.13513243e-01	6.55369014e-02	1.12372435e+01	1.14642700e+01
5.43300000e+02	1.12100000e+01	1.01000000e+00	1	1.10990099e+01	1.12100000e+01	1.00000000e+00	1	1.12100000e+01	1.12100000e+01	9.90000000e-01	1	1.13232323e+01	1.12107474e+01	1.12113080e-01	6.47285167e-02	1.10986343e+01	1.13228605e+01
5.43400000e+02	1.11800000e+01	1.01000000e+00	1	1.10693069e+01	1.11800000e+01	1.00000000e+00	1	1.11800000e+01	1.11800000e+01	9.90000000e-01	1	1.12929293e+01	1.11807454e+01	1.11813045e-01	6.45552914e-02	1.10689324e+01	1.12925585e+01
5.43500000e+02	1.11100000e+01	1.01000000e+00	1	1.10000000e+01	1.11100000e+01	1.00000000e+00	1	1.11100000e+01	1.11100000e+01	9.90000000e-01	1	1.12222222e+01	1.11107407e+01	1.11112963e-01	6.41510991e-02	1.09996278e+01	1.12218537e+01
5.43600000e+02	1.10100000e+01	1.01000000e+00	1	1.09009901e+01	1.10100000e+01	1.00000000e+00	1	1.10100000e+01	1.10100000e+01	9.90000000e-01	1	1.11212121e+01	1.10107341e+01	1.10112846e-01	6.35736814e-02	1.09006212e+01	1.11208469e+01
5.43700000e+02	1.08600000e+01	1.01000000e+00	1	1.07524752e+01	1.08600000e+01	1.00000000e+00	1	1.08600000e+01	1.08600000e+01	9.90000000e-01	1	1.09696970e+01	1.08607241e+01	1.08612671e-01	6.27075550e-02	1.07521114e+01	1.09693367e+01
5.43800000e+02	1.08200000e+01	1.01000000e+00	1	1.07128713e+01	1.08200000e+01	1.00000000e+00	1	1.08200000e+01	1.08200000e+01	9.90000000e-01	1	1.09292929e+01	1.08207214e+01	1.08212625e-01	6.24765879e-02	1.07125088e+01	1.09289340e+01
5.43900000e+02	1.06600000e+01	1.01000000e+00	1	1.05544554e+01	1.06600000e+01	1.00000000e+00	1	1.06600000e+01	1.06600000e+01	9.90000000e-01	1	1.07676768e+01	1.06607107e+01	1.06612438e-01	6.15527197e-02	1.05540983e+01	1.07673232e+01
5.44000000e+02	1.08200000e+01	1.01000000e+00	1	1.07128713e+01	1.08200000e+01	1.00000000e+00	1	1.08200000e+01	1.08200000e+01	9.90000000e-01	1	1.09292929e+01	1.08207214e+01	1.08212625e-01	6.24765879e-02	1.07125088e+01	1.09289340e+01
5.44100000e+02	1.06200000e+01	1.01000000e+00	1	1.05148515e+01	1.06200000e+01	1.00000000e+00	1	1.06200000e+01	1.06200000e+01	9.90000000e-01	1	1.07272727e+01	1.06207081e+01	1.06212391e-01	6.13217527e-02	1.05144957e+01	1.07269205e+01
5.44200000e+02	1.06400000e+01	1.01000000e+00	1	1.05346535e+01	1.06400000e+01	1.00000000e+00	1	1.06400000e+01	1.06400000e+01	9.90000000e-01	1	1.07474747e+01	1.06407094e+01	1.06412415e-01	6.14372362e-02	1.05342970e+01	1.07471218e+01
5.44300000e+02	1.03600000e+01	1.01000000e+00	1	1.02574257e+01	1.03600000e+01	1.00000000e+00	1	1.03600000e+01	1.03600000e+01	9.90000000e-01	1	1.04646465e+01	1.03606907e+01	1.03612088e-01	5.98204668e-02	1.02570786e+01	1.04643028e+01
5.44400000e+02	1.01700000e+01	1.01000000e+00	1	1.00693069e+01	1.01700000e+01	1.00000000e+00	1	1.01700000e+01	1.01700000e+01	9.90000000e-01	1	1.02727273e+01	1.01706781e+01	1.01711866e-01	5.87233733e-02	1.00689662e+01	1.02723899e+01
5.44500000e+02	1.01000000e+01	1.01000000e+00	1	1.00000000e+01	1.01000000e+01	1.00000000e+00	1	1.01000000e+01	1.01000000e+01	9.90000000e-01	1	1.02020202e+01	1.01006734e+01	1.01011784e-01	5.83191810e-02	9.99966162e+00	1.02016852e+01
5.44600000e+02	1.00500000e+01	1.01000000e+00	1	9.95049505e+00	1.00500000e+01	1.00000000e+00	1	1.00500000e+01	1.00500000e+01	9.90000000e-01	1	1.01515152e+01	1.00506701e+01	1.00511726e-01	5.80304722e-02	9.95015834e+00	1.01511818e+01
5.44700000e+02	9.93800000e+00	1.01000000e+00	1	9.83960396e+00	9.93800000e+00	1.00000000e+00	1	9.93800000e+00	9.93800000e+00	9.90000000e-01	1	1.00383838e+01	9.93866260e+00	9.93915955e-02	5.73837644e-02	9.83927100e+00	1.00380542e+01
5.44800000e+02	9.79400000e+00	1.01000000e+00	1	9.69702970e+00	9.79400000e+00	1.00000000e+00	1	9.79400000e+00	9.79400000e+00	9.90000000e-01	1	9.89292929e+00	9.79465300e+00	9.79514275e-02	5.65522830e-02	9.69670157e+00	9.89260443e+00
5.44900000e+02	9.84200000e+00	1.01000000e+00	1	9.74455446e+00	9.84200000e+00	1.00000000e+00	1	9.84200000e+00	9.84200000e+00	9.90000000e-01	1	9.94141414e+00	9.84265620e+00	9.84314835e-02	5.68294435e-02	9.74422472e+00	9.94108768e+00
5.45000000e+02	9.84000000e+00	1.01000000e+00	1	9.74257426e+00	9.84000000e+00	1.00000000e+00	1	9.84000000e+00	9.84000000e+00	9.90000000e-01	1	9.93939394e+00	9.84065607e+00	9.84114811e-02	5.68178951e-02	9.74224458e+00	9.93906755e+00
5.45100000e+02	9.83400000e+00	1.01000000e+00	1	9.73663366e+00	9.83400000e+00	1.00000000e+00	1	9.83400000e+00	9.83400000e+00	9.90000000e-01	1	9.93333333e+00	9.83465567e+00	9.83514741e-02	5.67832501e-02	9.73630419e+00	9.93300714e+00
5.45200000e+02	9.75500000e+00	1.01000000e+00	1	9.65841584e+00	9.75500000e+00	1.00000000e+00	1	9.75500000e+00	9.75500000e+00	9.90000000e-01	1	9.85353535e+00	9.75565040e+00	9.75613820e-02	5.63270901e-02	9.65808902e+00	9.85321178e+00
5.45300000e+02	9.88800000e+00	1.01000000e+00	1	9.79009901e+00	9.88800000e+00	1.00000000e+00	1	9.88800000e+00	9.88800000e+00	9.90000000e-01	1	9.98787879e+00	9.88865927e+00	9.88915371e-02	5.70950556e-02	9.78976773e+00	9.98755080e+00
5.45400000e+02	9.66700000e+00	1.01000000e+00	1	9.57128713e+00	9.66700000e+00	1.00000000e+00	1	9.66700000e+00	9.66700000e+00	9.90000000e-01	1	9.76464646e+00	9.66764453e+00	9.66812793e-02	5.58189626e-02	9.57096325e+00	9.76432581e+00
5.45500000e+02	9.29500000e+00	1.01000000e+00	1	9.20297030e+00	9.29500000e+00	1.00000000e+00	1	9.29500000e+00	9.29500000e+00	9.90000000e-01	1	9.38888889e+00	9.29561973e+00	9.29608452e-02	5.36709690e-02	9.20265888e+00	9.38858057e+00
5.45600000e+02	8.91200000e+00	1.01000000e+00	1	8.82376238e+00	8.91200000e+00	1.00000000e+00	1	8.91200000e+00	8.91200000e+00	9.90000000e-01	1	9.00202020e+00	8.91259419e+00	8.91303984e-02	5.14594595e-02	8.82346379e+00	9.00172459e+00
5.45700000e+02	8.80800000e+00	1.01000000e+00	1	8.72079208e+00	8.80800000e+00	1.00000000e+00	1	8.80800000e+00	8.80800000e+00	9.90000000e-01	1	8.89696970e+00	8.80858726e+00	8.80902770e-02	5.08589451e-02	8.72049698e+00	8.89667754e+00
5.45800000e+02	9.15000000e+00	1.01000000e+00	1	9.05940594e+00	9.15000000e+00	1.00000000e+00	1	9.15000000e+00	9.15000000e+00	9.90000000e-01	1	9.24242424e+00	9.15061006e+00	9.15106761e-02	5.28337135e-02	9.05909938e+00	9.24212074e+00
5.45900000e+02	9.03000000e+00	1.01000000e+00	1	8.94059406e+00	9.03000000e+00	1.00000000e+00	1	9.03000000e+00	9.03000000e+00	9.90000000e-01	1	9.12121212e+00	9.03060206e+00	9.03105360e-02	5.21408123e-02	8.94029152e+00	9.12091260e+00
5.46000000e+02	8.92900000e+00	1.01000000e+00	1	8.84059406e+00	8.92900000e+00	1.00000000e+00	1	8.92900000e+00	8.92900000e+00	9.90000000e-01	1	9.01919192e+00	8.92959533e+00	8.93004182e-02	5.15576205e-02	8.84029491e+00	9.01889574e+00
5.46100000e+02	9.04900000e+00	1.01000000e+00	1	8.95940594e+00	9.04900000e+00	1.00000000e+00	1	9.04900000e+00	9.04900000e+00	9.90000000e-01	1	9.14040404e+00	9.04960333e+00	9.05005582e-02	5.22505216e-02	8.95910277e+00	9.14010389e+00
5.46200000e+02	9.00000000e+00	1.01000000e+00	1	8.91089109e+00	9.00000000e+00	1.00000000e+00	1	9.00000000e+00	9.00000000e+00	9.90000000e-01	1	9.09090909e+00	9.00060006e+00	9.00105010e-02	5.19675870e-02	8.91058956e+00	9.09061056e+00
5.46300000e+02	8.70500000e+00	1.01000000e+00	1	8.61881188e+00	8.70500000e+00	1.00000000e+00	1	8.70500000e+00	8.70500000e+00	9.90000000e-01	1	8.79292929e+00	8.70558039e+00	8.70601568e-02	5.02642050e-02	8.61852023e+00	8.79264055e+00
5.46400000e+02	8.73400000e+00	1.01000000e+00	1	8.64752475e+00	8.73400000e+00	1.00000000e+00	1	8.73400000e+00	8.73400000e+00	9.90000000e-01	1	8.82222222e+00	8.73458232e+00	8.73501907e-02	5.04316561e-02	8.64723213e+00	8.82193252e+00
5.46500000e+02	8.69900000e+00	1.01000000e+00	1	8.61287129e+00	8.69900000e+00	1.00000000e+00	1	8.69900000e+00	8.69900000e+00	9.90000000e-01	1	8.78686869e+00	8.69957999e+00	8.70001498e-02	5.02295599e-02	8.61257984e+00	8.78658014e+00
5.46600000e+02	8.53700000e+00	1.01000000e+00	1	8.45247525e+00	8.53700000e+00	1.00000000e+00	1	8.53700000e+00	8.53700000e+00	9.90000000e-01	1	8.62323232e+00	8.53756919e+00	8.53799608e-02	4.92941434e-02	8.45218923e+00	8.62294915e+00
5.46700000e+02	8.52000000e+00	1.01000000e+00	1	8.43564356e+00	8.52000000e+00	1.00000000e+00	1	8.52000000e+00	8.52000000e+00	9.90000000e-01	1	8.60606061e+00	8.52056806e+00	8.52099410e-02	4.91959824e-02	8.43535812e+00	8.60577800e+00
5.46800000e+02	8.40000000e+00	1.01000000e+00	1	8.31683168e+00	8.40000000e+00	1.00000000e+00	1	8.40000000e+00	8.40000000e+00	9.90000000e-01	1	8.48484848e+00	8.40056006e+00	8.40098010e-02	4.85030812e-02	8.31655026e+00	8.48456986e+00
5.46900000e+02	8.36200000e+00	1.01000000e+00	1	8.27920792e+00	8.36200000e+00	1.00000000e+00	1	8.36200000e+00	8.36200000e+00	9.90000000e-01	1	8.44646465e+00	8.36255752e+00	8.36297566e-02	4.82836625e-02	8.27892777e+00	8.44618728e+00
5.47000000e+02	8.21700000e+00	1.01000000e+00	1	8.13564356e+00	8.21700000e+00	1.00000000e+00	1	8.21700000e+00	8.21700000e+00	9.90000000e-01	1	8.30000000e+00	8.21754785e+00	8.21795874e-02	4.74464069e-02	8.13536827e+00	8.29972744e+00
5.47100000e+02	8.14300000e+00	1.01000000e+00	1	8.06237624e+00	8.14300000e+00	1.00000000e+00	1	8.14300000e+00	8.14300000e+00	9.90000000e-01	1	8.22525253e+00	8.14354292e+00	8.14395011e-02	4.70191179e-02	8.06210342e+00	8.22498242e+00
5.47200000e+02	8.09800000e+00	1.01000000e+00	1	8.01782178e+00	8.09800000e+00	1.00000000e+00	1	8.09800000e+00	8.09800000e+00	9.90000000e-01	1	8.17979798e+00	8.09853992e+00	8.09894486e-02	4.67592800e-02	8.01755047e+00	8.17952937e+00
5.47300000e+02	7.95300000e+00	1.01000000e+00	1	7.87425743e+00	7.95300000e+00	1.00000000e+00	1	7.95300000e+00	7.95300000e+00	9.90000000e-01	1	8.03333333e+00	7.95353025e+00	7.95392794e-02	4.59220244e-02	7.87399097e+00	8.03306953e+00
5.47400000e+02	7.97700000e+00	1.01000000e+00	1	7.89801980e+00	7.97700000e+00	1.00000000e+00	1	7.97700000e+00	7.97700000e+00	9.90000000e-01	1	8.05757576e+00	7.97753185e+00	7.97793074e-02	4.60606046e-02	7.89775255e+00	8.05731116e+00
5.47500000e+02	7.79900000e+00	1.01000000e+00	1	7.72178218e+00	7.79900000e+00	1.00000000e+00	1	7.79900000e+00	7.79900000e+00	9.90000000e-01	1	7.87777778e+00	7.79951999e+00	7.79990997e-02	4.50328012e-02	7.72152089e+00	7.87751909e+00
5.47600000e+02	7.84000000e+00	1.01000000e+00	1	7.76237624e+00	7.84000000e+00	1.00000000e+00	1	7.84000000e+00	7.84000000e+00	9.90000000e-01	1	7.91919192e+00	7.84052272e+00	7.84091476e-02	4.52695425e-02	7.76211357e+00	7.91893187e+00
5.47700000e+02	7.78400000e+00	1.01000000e+00	1	7.70693069e+00	7.78400000e+00	1.00000000e+00	1	7.78400000e+00	7.78400000e+00	9.90000000e-01	1	7.86262626e+00	7.78451899e+00	7.78490822e-02	4.49461886e-02	7.70666990e+00	7.86236807e+00
5.47800000e+02	7.80900000e+00	1.01000000e+00	1	7.73168317e+00	7.80900000e+00	1.00000000e+00	1	7.80900000e+00	7.80900000e+00	9.90000000e-01	1	7.88787879e+00	7.80952065e+00	7.80991114e-02	4.50905430e-02	7.73142154e+00	7.88761976e+00
5.47900000e+02	7.57500000e+00	1.01000000e+00	1	7.50000000e+00	7.57500000e+00	1.00000000e+00	1	7.57500000e+00	7.57500000e+00	9.90000000e-01	1	7.65151515e+00	7.57550505e+00	7.57588384e-02	4.37393857e-02	7.49974621e+00	7.65126389e+00
5.48000000e+02	7.66500000e+00	1.01000000e+00	1	7.58910891e+00	7.66500000e+00	1.00000000e+00	1	7.66500000e+00	7.66500000e+00	9.90000000e-01	1	7.74242424e+00	7.66551105e+00	7.66589434e-02	4.42590616e-02	7.58885211e+00	7.74216999e+00
5.48100000e+02	7.76700000e+00	1.01000000e+00	1	7.69009901e+00	7.76700000e+00	1.00000000e+00	1	7.76700000e+00	7.76700000e+00	9.90000000e-01	1	7.84545455e+00	7.76751785e+00	7.76790624e-02	4.48480276e-02	7.68983879e+00	7.84519691e+00
5.48200000e+02	7.62200000e+00	1.01000000e+00	1	7.54653465e+00	7.62200000e+00	1.00000000e+00	1	7.62200000e+00	7.62200000e+00	9.90000000e-01	1	7.69898990e+00	7.62250818e+00	7.62288932e-02	4.40107720e-02	7.54627929e+00	7.69873708e+00
5.48300000e+02	7.29900000e+00	1.01000000e+00	1	7.22673267e+00	7.29900000e+00	1.00000000e+00	1	7.29900000e+00	7.29900000e+00	9.90000000e-01	1	7.37272727e+00	7.29948665e+00	7.29985163e-02	4.21457131e-02	7.22648813e+00	7.37248517e+00
5.48400000e+02	7.30700000e+00	1.01000000e+00	1	7.23465347e+00	7.30700000e+00	1.00000000e+00	1	7.30700000e+00	7.30700000e+00	9.90000000e-01	1	7.38080808e+00	7.30748718e+00	7.30785257e-02	4.21919065e-02	7.23440866e+00	7.38056571e+00
5.48500000e+02	7.37100000e+00	1.01000000e+00	1	7.29801980e+00	7.37100000e+00	1.00000000e+00	1	7.37100000e+00	7.37100000e+00	9.90000000e-01	1	7.44545455e+00	7.37149145e+00	7.37186003e-02	4.25614538e-02	7.29777285e+00	7.44521005e+00
5.48600000e+02	7.36000000e+00	1.01000000e+00	1	7.28712871e+00	7.36000000e+00	1.00000000e+00	1	7.36000000e+00	7.36000000e+00	9.90000000e-01	1	7.43434343e+00	7.36049072e+00	7.36085875e-02	4.24979378e-02	7.28688213e+00	7.43409930e+00
5.48700000e+02	7.29100000e+00	1.01000000e+00	1	7.21881188e+00	7.29100000e+00	1.00000000e+00	1	7.29100000e+00	7.29100000e+00	9.90000000e-01	1	7.36464646e+00	7.29148612e+00	7.29185070e-02	4.20995196e-02	7.21856761e+00	7.36440462e+00
5.48800000e+02	7.08500000e+00	1.01000000e+00	1	7.01485149e+00	7.08500000e+00	1.00000000e+00	1	7.08500000e+00	7.08500000e+00	9.90000000e-01	1	7.15656566e+00	7.08547238e+00	7.08582667e-02	4.09100393e-02	7.01461411e+00	7.15633065e+00
5.48900000e+02	6.96100000e+00	1.01000000e+00	1	6.89207921e+00	6.96100000e+00	1.00000000e+00	1	6.96100000e+00	6.96100000e+00	9.90000000e-01	1	7.03131313e+00	6.96146411e+00	6.96181220e-02	4.01940415e-02	6.89184599e+00	7.03108224e+00
5.49000000e+02	7.25000000e+00	1.01000000e+00	1	7.17821782e+00	7.25000000e+00	1.00000000e+00	1	7.25000000e+00	7.25000000e+00	9.90000000e-01	1	7.32323232e+00	7.25048338e+00	7.25084592e-02	4.18627784e-02	7.17797492e+00	7.32299184e+00
5.49100000e+02	7.23300000e+00	1.01000000e+00	1	7.16138614e+00	7.23300000e+00	1.00000000e+00	1	7.23300000e+00	7.23300000e+00	9.90000000e-01	1	7.30606061e+00	7.23348225e+00	7.23384393e-02	4.17646174e-02	7.16114381e+00	7.30582069e+00
5.49200000e+02	7.06000000e+00	1.01000000e+00	1	6.99009901e+00	7.06000000e+00	1.00000000e+00	1	7.06000000e+00	7.06000000e+00	9.90000000e-01	1	7.13131313e+00	7.06047071e+00	7.06082375e-02	4.07656849e-02	6.98986248e+00	7.13107895e+00
5.49300000e+02	6.79900000e+00	1.01000000e+00	1	6.73168317e+00	6.79900000e+00	1.00000000e+00	1	6.79900000e+00	6.79900000e+00	9.90000000e-01	1	6.86767677e+00	6.79945331e+00	6.79979330e-02	3.92586249e-02	6.73145538e+00	6.86745124e+00
5.49400000e+02	6.85500000e+00	1.01000000e+00	1	6.78712871e+00	6.85500000e+00	1.00000000e+00	1	6.85500000e+00	6.85500000e+00	9.90000000e-01	1	6.92424242e+00	6.85545705e+00	6.85579983e-02	3.95819788e-02	6.78689905e+00	6.92401504e+00
5.49500000e+02	6.64500000e+00	1.01000000e+00	1	6.57920792e+00	6.64500000e+00	1.00000000e+00	1	6.64500000e+00	6.64500000e+00	9.90000000e-01	1	6.71212121e+00	6.64544304e+00	6.64577533e-02	3.83694017e-02	6.57898529e+00	6.71190080e+00
5.49600000e+02	6.63900000e+00	1.01000000e+00	1	6.57326733e+00	6.63900000e+00	1.00000000e+00	1	6.63900000e+00	6.63900000e+00	9.90000000e-01	1	6.70606061e+00	6.63944264e+00	6.63977463e-02	3.83347567e-02	6.57304490e+00	6.70584039e+00
5.49700000e+02	6.61500000e+00	1.01000000e+00	1	6.54950495e+00	6.61500000e+00	1.00000000e+00	1	6.61500000e+00	6.61500000e+00	9.90000000e-01	1	6.68181818e+00	6.61544104e+00	6.61577183e-02	3.81961764e-02	6.54928333e+00	6.68159876e+00
5.49800000e+02	6.53100000e+00	1.01000000e+00	1	6.46633663e+00	6.53100000e+00	1.00000000e+00	1	6.53100000e+00	6.53100000e+00	9.90000000e-01	1	6.59696970e+00	6.53143544e+00	6.53176203e-02	3.77111456e-02	6.46611782e+00	6.59675306e+00
5.49900000e+02	6.70000000e+00	1.01000000e+00	1	6.63366337e+00	6.70000000e+00	1.00000000e+00	1	6.70000000e+00	6.70000000e+00	9.90000000e-01	1	6.76767677e+00	6.70044671e+00	6.70078174e-02	3.86869814e-02	6.63343889e+00	6.76745453e+00
5.50000000e+02	6.82500000e+00	1.01000000e+00	1	6.75742574e+00	6.82500000e+00	1.00000000e+00	1	6.82500000e+00	6.82500000e+00	9.90000000e-01	1	6.89393939e+00	6.82545505e+00	6.82579633e-02	3.94087535e-02	6.75719708e+00	6.89371301e+00
5.50100000e+02	6.59700000e+00	1.01000000e+00	1	6.53168317e+00	6.59700000e+00	1.00000000e+00	1	6.59700000e+00	6.59700000e+00	9.90000000e-01	1	6.66363636e+00	6.59743984e+00	6.59776973e-02	3.80922413e-02	6.53146215e+00	6.66341754e+00
5.50200000e+02	6.39400000e+00	1.01000000e+00	1	6.33069307e+00	6.39400000e+00	1.00000000e+00	1	6.39400000e+00	6.39400000e+00	9.90000000e-01	1	6.45858586e+00	6.39442631e+00	6.39474604e-02	3.69200835e-02	6.33047885e+00	6.45837377e+00
5.50300000e+02	6.11200000e+00	1.01000000e+00	1	6.05148515e+00	6.11200000e+00	1.00000000e+00	1	6.11200000e+00	6.11200000e+00	9.90000000e-01	1	6.17373737e+00	6.11240751e+00	6.11271314e-02	3.52917658e-02	6.05128038e+00	6.17353464e+00
5.50400000e+02	6.14400000e+00	1.01000000e+00	1	6.08316832e+00	6.14400000e+00	1.00000000e+00	1	6.14400000e+00	6.14400000e+00	9.90000000e-01	1	6.20606061e+00	6.14440964e+00	6.14471687e-02	3.54765394e-02	6.08296247e+00	6.20585681e+00
5.50500000e+02	6.10500000e+00	1.01000000e+00	1	6.04455446e+00	6.10500000e+00	1.00000000e+00	1	6.10500000e+00	6.10500000e+00	9.90000000e-01	1	6.16666667e+00	6.10540704e+00	6.10571232e-02	3.52513465e-02	6.04434992e+00	6.16646416e+00
5.50600000e+02	5.92800000e+00	1.01000000e+00	1	5.86930693e+00	5.92800000e+00	1.00000000e+00	1	5.92800000e+00	5.92800000e+00	9.90000000e-01	1	5.98787879e+00	5.92839524e+00	5.92869167e-02	3.42293173e-02	5.86910832e+00	5.98768216e+00
5.50700000e+02	6.03000000e+00	1.01000000e+00	1	5.97029703e+00	6.03000000e+00	1.00000000e+00	1	6.03000000e+00	6.03000000e+00	9.90000000e-01	1	6.09090909e+00	6.03040204e+00	6.03070357e-02	3.48182833e-02	5.97009500e+00	6.09070908e+00
5.50800000e+02	5.94200000e+00	1.01000000e+00	1	5.88316832e+00	5.94200000e+00	1.00000000e+00	1	5.94200000e+00	5.94200000e+00	9.90000000e-01	1	6.00202020e+00	5.94239617e+00	5.94269330e-02	3.43101558e-02	5.88296924e+00	6.00182311e+00
5.50900000e+02	5.93600000e+00	1.01000000e+00	1	5.87722772e+00	5.93600000e+00	1.00000000e+00	1	5.93600000e+00	5.93600000e+00	9.90000000e-01	1	5.99595960e+00	5.93639577e+00	5.93669260e-02	3.42755107e-02	5.87702885e+00	5.99576270e+00
5.51000000e+02	5.82600000e+00	1.01000000e+00	1	5.76831683e+00	5.82600000e+00	1.00000000e+00	1	5.82600000e+00	5.82600000e+00	9.90000000e-01	1	5.88484848e+00	5.82638844e+00	5.82667977e-02	3.36403513e-02	5.76812164e+00	5.88465524e+00
5.51100000e+02	5.88700000e+00	1.01000000e+00	1	5.82871287e+00	5.88700000e+00	1.00000000e+00	1	5.88700000e+00	5.88700000e+00	9.90000000e-01	1	5.94646465e+00	5.88739251e+00	5.88768688e-02	3.39925761e-02	5.82851564e+00	5.94626937e+00
5.51200000e+02	5.62700000e+00	1.01000000e+00	1	5.57128713e+00	5.62700000e+00	1.00000000e+00	1	5.62700000e+00	5.62700000e+00	9.90000000e-01	1	5.68383838e+00	5.62737517e+00	5.62765655e-02	3.24912902e-02	5.57109861e+00	5.68365174e+00
5.51300000e+02	5.66300000e+00	1.01000000e+00	1	5.60693069e+00	5.66300000e+00	1.00000000e+00	1	5.66300000e+00	5.66300000e+00	9.90000000e-01	1	5.72020202e+00	5.66337757e+00	5.66366075e-02	3.26991606e-02	5.60674096e+00	5.72001418e+00
5.51400000e+02	5.59700000e+00	1.01000000e+00	1	5.54158416e+00	5.59700000e+00	1.00000000e+00	1	5.59700000e+00	5.59700000e+00	9.90000000e-01	1	5.65353535e+00	5.59737317e+00	5.59765305e-02	3.23180649e-02	5.54139664e+00	5.65334970e+00
5.51500000e+02	5.63000000e+00	1.01000000e+00	1	5.57425743e+00	5.63000000e+00	1.00000000e+00	1	5.63000000e+00	5.63000000e+00	9.90000000e-01	1	5.68686869e+00	5.63037537e+00	5.63065690e-02	3.25086128e-02	5.57406880e+00	5.68668194e+00
5.51600000e+02	5.51300000e+00	1.01000000e+00	1	5.45841584e+00	5.51300000e+00	1.00000000e+00	1	5.51300000e+00	5.51300000e+00	9.90000000e-01	1	5.56868687e+00	5.51336757e+00	5.51364325e-02	3.18330341e-02	5.45823114e+00	5.56850400e+00
5.51700000e+02	5.46300000e+00	1.01000000e+00	1	5.40891089e+00	5.46300000e+00	1.00000000e+00	1	5.46300000e+00	5.46300000e+00	9.90000000e-01	1	5.51818182e+00	5.46336424e+00	5.46363741e-02	3.15443253e-02	5.40872786e+00	5.51800061e+00
5.51800000e+02	5.47200000e+00	1.01000000e+00	1	5.41782178e+00	5.47200000e+00	1.00000000e+00	1	5.47200000e+00	5.47200000e+00	9.90000000e-01	1	5.52727273e+00	5.47236484e+00	5.47263846e-02	3.15962929e-02	5.41763845e+00	5.52709122e+00
5.51900000e+02	5.25300000e+00	1.01000000e+00	1	5.20099010e+00	5.25300000e+00	1.00000000e+00	1	5.25300000e+00	5.25300000e+00	9.90000000e-01	1	5.30606061e+00	5.25335024e+00	5.25361291e-02	3.03317483e-02	5.20081411e+00	5.30588636e+00
5.52000000e+02	5.24300000e+00	1.01000000e+00	1	5.19108911e+00	5.24300000e+00	1.00000000e+00	1	5.24300000e+00	5.24300000e+00	9.90000000e-01	1	5.29595960e+00	5.24334957e+00	5.24361174e-02	3.02740065e-02	5.19091345e+00	5.29578569e+00
5.52100000e+02	5.08200000e+00	1.01000000e+00	1	5.03168317e+00	5.08200000e+00	1.00000000e+00	1	5.08200000e+00	5.08200000e+00	9.90000000e-01	1	5.13333333e+00	5.08233883e+00	5.08259296e-02	2.93443641e-02	5.03151290e+00	5.13316476e+00
5.52200000e+02	5.14100000e+00	1.01000000e+00	1	5.09009901e+00	5.14100000e+00	1.00000000e+00	1	5.14100000e+00	5.14100000e+00	9.90000000e-01	1	5.19292929e+00	5.14134277e+00	5.14159984e-02	2.96850405e-02	5.08992677e+00	5.19275877e+00
5.52300000e+02	5.12400000e+00	1.01000000e+00	1	5.07326733e+00	5.12400000e+00	1.00000000e+00	1	5.12400000e+00	5.12400000e+00	9.90000000e-01	1	5.17575758e+00	5.12434163e+00	5.12459786e-02	2.95868795e-02	5.07309566e+00	5.17558761e+00
5.52400000e+02	5.09300000e+00	1.01000000e+00	1	5.04257426e+00	5.09300000e+00	1.00000000e+00	1	5.09300000e+00	5.09300000e+00	9.90000000e-01	1	5.14444444e+00	5.09333957e+00	5.09359424e-02	2.94078801e-02	5.04240362e+00	5.14427551e+00
5.52500000e+02	4.95100000e+00	1.01000000e+00	1	4.90198020e+00	4.95100000e+00	1.00000000e+00	1	4.95100000e+00	4.95100000e+00	9.90000000e-01	1	5.00101010e+00	4.95133010e+00	4.95157767e-02	2.85879470e-02	4.90181432e+00	5.00084588e+00
5.52600000e+02	5.01100000e+00	1.01000000e+00	1	4.96138614e+00	5.01100000e+00	1.00000000e+00	1	5.01100000e+00	5.01100000e+00	9.90000000e-01	1	5.06161616e+00	5.01133410e+00	5.01158467e-02	2.89343976e-02	4.96121825e+00	5.06144995e+00
5.52700000e+02	5.13600000e+00	1.01000000e+00	1	5.08514851e+00	5.13600000e+00	1.00000000e+00	1	5.13600000e+00	5.13600000e+00	9.90000000e-01	1	5.18787879e+00	5.13634243e+00	5.13659926e-02	2.96561697e-02	5.08497644e+00	5.18770843e+00
5.52800000e+02	5.08800000e+00	1.01000000e+00	1	5.03762376e+00	5.08800000e+00	1.00000000e+00	1	5.08800000e+00	5.08800000e+00	9.90000000e-01	1	5.13939394e+00	5.08833923e+00	5.08859366e-02	2.93790092e-02	5.03745330e+00	5.13922517e+00
5.52900000e+02	4.84200000e+00	1.01000000e+00	1	4.79405941e+00	4.84200000e+00	1.00000000e+00	1	4.84200000e+00	4.84200000e+00	9.90000000e-01	1	4.89090909e+00	4.84232283e+00	4.84256496e-02	2.79585618e-02	4.79389718e+00	4.89074848e+00
5.53000000e+02	4.81500000e+00	1.01000000e+00	1	4.76732673e+00	4.81500000e+00	1.00000000e+00	1	4.81500000e+00	4.81500000e+00	9.90000000e-01	1	4.86363636e+00	4.81532103e+00	4.81556181e-02	2.78026590e-02	4.76716541e+00	4.86347665e+00
5.53100000e+02	4.78700000e+00	1.01000000e+00	1	4.73960396e+00	4.78700000e+00	1.00000000e+00	1	4.78700000e+00	4.78700000e+00	9.90000000e-01	1	4.83535354e+00	4.78731917e+00	4.78755854e-02	2.76409821e-02	4.73944358e+00	4.83519475e+00
5.53200000e+02	4.69600000e+00	1.01000000e+00	1	4.64950495e+00	4.69600000e+00	1.00000000e+00	1	4.69600000e+00	4.69600000e+00	9.90000000e-01	1	4.74343434e+00	4.69631310e+00	4.69654792e-02	2.71155321e-02	4.64934762e+00	4.74327858e+00
5.53300000e+02	4.71600000e+00	1.01000000e+00	1	4.66930693e+00	4.71600000e+00	1.00000000e+00	1	4.71600000e+00	4.71600000e+00	9.90000000e-01	1	4.76363636e+00	4.71631443e+00	4.71655025e-02	2.72310156e-02	4.66914893e+00	4.76347993e+00
5.53400000e+02	4.68200000e+00	1.01000000e+00	1	4.63564356e+00	4.68200000e+00	1.00000000e+00	1	4.68200000e+00	4.68200000e+00	9.90000000e-01	1	4.72929293e+00	4.68231216e+00	4.68254629e-02	2.70346936e-02	4.63548670e+00	4.72913763e+00
5.53500000e+02	4.51700000e+00	1.01000000e+00	1	4.47227723e+00	4.51700000e+00	1.00000000e+00	1	4.51700000e+00	4.51700000e+00	9.90000000e-01	1	4.56262626e+00	4.51730116e+00	4.51752704e-02	2.60819545e-02	4.47212589e+00	4.56247643e+00
5.53600000e+02	4.60900000e+00	1.01000000e+00	1	4.56336634e+00	4.60900000e+00	1.00000000e+00	1	4.60900000e+00	4.60900000e+00	9.90000000e-01	1	4.65555556e+00	4.60930730e+00	4.60953777e-02	2.66131787e-02	4.56321192e+00	4.65540268e+00
5.53700000e+02	4.57100000e+00	1.01000000e+00	1	4.52574257e+00	4.57100000e+00	1.00000000e+00	1	4.57100000e+00	4.57100000e+00	9.90000000e-01	1	4.61717172e+00	4.57130476e+00	4.57153334e-02	2.63937600e-02	4.52558943e+00	4.61702010e+00
5.53800000e+02	4.40300000e+00	1.01000000e+00	1	4.35940594e+00	4.40300000e+00	1.00000000e+00	1	4.40300000e+00	4.40300000e+00	9.90000000e-01	1	4.44747475e+00	4.40329356e+00	4.40351373e-02	2.54236984e-02	4.35925843e+00	4.44732870e+00
5.53900000e+02	4.51500000e+00	1.01000000e+00	1	4.47029703e+00	4.51500000e+00	1.00000000e+00	1	4.51500000e+00	4.51500000e+00	9.90000000e-01	1	4.56060606e+00	4.51530103e+00	4.51552680e-02	2.60704061e-02	4.47014576e+00	4.56045630e+00
5.54000000e+02	4.65400000e+00	1.01000000e+00	1	4.60792079e+00	4.65400000e+00	1.00000000e+00	1	4.65400000e+00	4.65400000e+00	9.90000000e-01	1	4.70101010e+00	4.65431030e+00	4.65454302e-02	2.68730167e-02	4.60776487e+00	4.70085573e+00
5.54100000e+02	4.36600000e+00	1.01000000e+00	1	4.32277228e+00	4.36600000e+00	1.00000000e+00	1	4.36600000e+00	4.36600000e+00	9.90000000e-01	1	4.41010101e+00	4.36629110e+00	4.36650942e-02	2.52100539e-02	4.32262600e+00	4.40995619e+00
5.54200000e+02	4.27300000e+00	1.01000000e+00	1	4.23069307e+00	4.27300000e+00	1.00000000e+00	1	4.27300000e+00	4.27300000e+00	9.90000000e-01	1	4.31616162e+00	4.27328490e+00	4.27349857e-02	2.46730555e-02	4.23054991e+00	4.31601988e+00
5.54300000e+02	4.36400000e+00	1.01000000e+00	1	4.32079208e+00	4.36400000e+00	1.00000000e+00	1	4.36400000e+00	4.36400000e+00	9.90000000e-01	1	4.40808081e+00	4.36429096e+00	4.36450918e-02	2.51985055e-02	4.32064587e+00	4.40793605e+00
5.54400000e+02	4.14500000e+00	1.01000000e+00	1	4.10396040e+00	4.14500000e+00	1.00000000e+00	1	4.14500000e+00	4.14500000e+00	9.90000000e-01	1	4.18686869e+00	4.14527636e+00	4.14548363e-02	2.39339609e-02	4.10382152e+00	4.18673120e+00
5.54500000e+02	4.19400000e+00	1.01000000e+00	1	4.15247525e+00	4.19400000e+00	1.00000000e+00	1	4.19400000e+00	4.19400000e+00	9.90000000e-01	1	4.23636364e+00	4.19427963e+00	4.19448935e-02	2.42168955e-02	4.15233473e+00	4.23622452e+00
5.54600000e+02	4.02600000e+00	1.01000000e+00	1	3.98613861e+00	4.02600000e+00	1.00000000e+00	1	4.02600000e+00	4.02600000e+00	9.90000000e-01	1	4.06666667e+00	4.02626843e+00	4.02646975e-02	2.32468339e-02	3.98600373e+00	4.06653312e+00
5.54700000e+02	4.20000000e+00	1.01000000e+00	1	4.15841584e+00	4.20000000e+00	1.00000000e+00	1	4.20000000e+00	4.20000000e+00	9.90000000e-01	1	4.24242424e+00	4.20028003e+00	4.20049005e-02	2.42515406e-02	4.15827513e+00	4.24228493e+00
5.54800000e+02	4.27100000e+00	1.01000000e+00	1	4.22871287e+00	4.27100000e+00	1.00000000e+00	1	4.27100000e+00	4.27100000e+00	9.90000000e-01	1	4.31414141e+00	4.27128476e+00	4.27149833e-02	2.46615071e-02	4.22856978e+00	4.31399975e+00
5.54900000e+02	4.16500000e+00	1.01000000e+00	1	4.12376238e+00	4.16500000e+00	1.00000000e+00	1	4.16500000e+00	4.16500000e+00	9.90000000e-01	1	4.20707071e+00	4.16527769e+00	4.16548596e-02	2.40494444e-02	4.12362283e+00	4.20693255e+00
5.55000000e+02	4.13100000e+00	1.01000000e+00	1	4.09009901e+00	4.13100000e+00	1.00000000e+00	1	4.13100000e+00	4.13100000e+00	9.90000000e-01	1	4.17272727e+00	4.13127543e+00	4.13148200e-02	2.38531224e-02	4.08996061e+00	4.17259025e+00
5.55100000e+02	3.95900000e+00	1.01000000e+00	1	3.91980198e+00	3.95900000e+00	1.00000000e+00	1	3.95900000e+00	3.95900000e+00	9.90000000e-01	1	3.99898990e+00	3.95926396e+00	3.95946193e-02	2.28599641e-02	3.91966934e+00	3.99885858e+00
5.55200000e+02	3.89000000e+00	1.01000000e+00	1	3.85148515e+00	3.89000000e+00	1.00000000e+00	1	3.89000000e+00	3.89000000e+00	9.90000000e-01	1	3.92929293e+00	3.89025936e+00	3.89045388e-02	2.24615459e-02	3.85135482e+00	3.92916390e+00
5.55300000e+02	3.93900000e+00	1.01000000e+00	1	3.90000000e+00	3.93900000e+00	1.00000000e+00	1	3.93900000e+00	3.93900000e+00	9.90000000e-01	1	3.97878788e+00	3.93926263e+00	3.93945960e-02	2.27444806e-02	3.89986803e+00	3.97865722e+00
5.55400000e+02	3.98300000e+00	1.01000000e+00	1	3.94356436e+00	3.98300000e+00	1.00000000e+00	1	3.98300000e+00	3.98300000e+00	9.90000000e-01	1	4.02323232e+00	3.98326556e+00	3.98346473e-02	2.29985443e-02	3.94343091e+00	4.02310021e+00
5.55500000e+02	3.90400000e+00	1.01000000e+00	1	3.86534653e+00	3.90400000e+00	1.00000000e+00	1	3.90400000e+00	3.90400000e+00	9.90000000e-01	1	3.94343434e+00	3.90426029e+00	3.90445551e-02	2.25423844e-02	3.86521574e+00	3.94330485e+00
5.55600000e+02	3.73200000e+00	1.01000000e+00	1	3.69504950e+00	3.73200000e+00	1.00000000e+00	1	3.73200000e+00	3.73200000e+00	9.90000000e-01	1	3.76969697e+00	3.73224882e+00	3.73243544e-02	2.15492261e-02	3.69492447e+00	3.76957318e+00
5.55700000e+02	3.78900000e+00	1.01000000e+00	1	3.75148515e+00	3.78900000e+00	1.00000000e+00	1	3.78900000e+00	3.78900000e+00	9.90000000e-01	1	3.82727273e+00	3.78925263e+00	3.78944209e-02	2.18783541e-02	3.75135820e+00	3.82714705e+00
5.55800000e+02	3.75100000e+00	1.01000000e+00	1	3.71386139e+00	3.75100000e+00	1.00000000e+00	1	3.75100000e+00	3.75100000e+00	9.90000000e-01	1	3.78888889e+00	3.75125009e+00	3.75143766e-02	2.16589354e-02	3.71373572e+00	3.78876447e+00
5.55900000e+02	3.71100000e+00	1.01000000e+00	1	3.67425743e+00	3.71100000e+00	1.00000000e+00	1	3.71100000e+00	3.71100000e+00	9.90000000e-01	1	3.74848485e+00	3.71124742e+00	3.71143299e-02	2.14279684e-02	3.67413309e+00	3.74836175e+00
5.56000000e+02	3.70500000e+00	1.01000000e+00	1	3.66831683e+00	3.70500000e+00	1.00000000e+00	1	3.70500000e+00	3.70500000e+00	9.90000000e-01	1	3.74242424e+00	3.70524702e+00	3.70543229e-02	2.13933233e-02	3.66819270e+00	3.74230135e+00
5.56100000e+02	3.83700000e+00	1.01000000e+00	1	3.79900990e+00	3.83700000e+00	1.00000000e+00	1	3.83700000e+00	3.83700000e+00	9.90000000e-01	1	3.87575758e+00	3.83725583e+00	3.83744769e-02	2.21555146e-02	3.79888135e+00	3.87563030e+00
5.56200000e+02	3.71600000e+00	1.01000000e+00	1	3.67920792e+00	3.71600000e+00	1.00000000e+00	1	3.71600000e+00	3.71600000e+00	9.90000000e-01	1	3.75353535e+00	3.71624776e+00	3.71643358e-02	2.14568393e-02	3.67908342e+00	3.75341209e+00
5.56300000e+02	3.61600000e+00	1.01000000e+00	1	3.58019802e+00	3.61600000e+00	1.00000000e+00	1	3.61600000e+00	3.61600000e+00	9.90000000e-01	1	3.65252525e+00	3.61624109e+00	3.61642191e-02	2.08794216e-02	3.58007687e+00	3.65240531e+00
5.56400000e+02	3.84900000e+00	1.01000000e+00	1	3.81089109e+00	3.84900000e+00	1.00000000e+00	1	3.84900000e+00	3.84900000e+00	9.90000000e-01	1	3.88787879e+00	3.84925663e+00	3.84944909e-02	2.22248047e-02	3.81076213e+00	3.88775112e+00
5.56500000e+02	3.62800000e+00	1.01000000e+00	1	3.59207921e+00	3.62800000e+00	1.00000000e+00	1	3.62800000e+00	3.62800000e+00	9.90000000e-01	1	3.66464646e+00	3.62824189e+00	3.62842331e-02	2.09487117e-02	3.59195766e+00	3.66452612e+00
5.56600000e+02	3.47000000e+00	1.01000000e+00	1	3.43564356e+00	3.47000000e+00	1.00000000e+00	1	3.47000000e+00	3.47000000e+00	9.90000000e-01	1	3.50505051e+00	3.47023136e+00	3.47040487e-02	2.00363919e-02	3.43552731e+00	3.50493541e+00
5.56700000e+02	3.42100000e+00	1.01000000e+00	1	3.38712871e+00	3.42100000e+00	1.00000000e+00	1	3.42100000e+00	3.42100000e+00	9.90000000e-01	1	3.45555556e+00	3.42122809e+00	3.42139916e-02	1.97534572e-02	3.38701410e+00	3.45544208e+00
5.56800000e+02	3.35100000e+00	1.01000000e+00	1	3.31782178e+00	3.35100000e+00	1.00000000e+00	1	3.35100000e+00	3.35100000e+00	9.90000000e-01	1	3.38484848e+00	3.35122342e+00	3.35139099e-02	1.93492649e-02	3.31770951e+00	3.38473733e+00
5.56900000e+02	3.27200000e+00	1.01000000e+00	1	3.23960396e+00	3.27200000e+00	1.00000000e+00	1	3.27200000e+00	3.27200000e+00	9.90000000e-01	1	3.30505051e+00	3.27221816e+00	3.27238177e-02	1.88931050e-02	3.23949434e+00	3.30494197e+00
5.57000000e+02	3.11000000e+00	1.01000000e+00	1	3.07920792e+00	3.11000000e+00	1.00000000e+00	1	3.11000000e+00	3.11000000e+00	9.90000000e-01	1	3.14141414e+00	3.11020735e+00	3.11036287e-02	1.79576884e-02	3.07910373e+00	3.14131098e+00
5.57100000e+02	3.28700000e+00	1.01000000e+00	1	3.25445545e+00	3.28700000e+00	1.00000000e+00	1	3.28700000e+00	3.28700000e+00	9.90000000e-01	1	3.32020202e+00	3.28721916e+00	3.28738352e-02	1.89797176e-02	3.25434532e+00	3.32009299e+00
5.57200000e+02	3.20700000e+00	1.01000000e+00	1	3.17524752e+00	3.20700000e+00	1.00000000e+00	1	3.20700000e+00	3.20700000e+00	9.90000000e-01	1	3.23939394e+00	3.20721382e+00	3.20737419e-02	1.85177835e-02	3.17514008e+00	3.23928756e+00
5.57300000e+02	3.19100000e+00	1.01000000e+00	1	3.15940594e+00	3.19100000e+00	1.00000000e+00	1	3.19100000e+00	3.19100000e+00	9.90000000e-01	1	3.22323232e+00	3.19121275e+00	3.19137232e-02	1.84253967e-02	3.15929903e+00	3.22312648e+00
5.57400000e+02	3.21300000e+00	1.01000000e+00	1	3.18118812e+00	3.21300000e+00	1.00000000e+00	1	3.21300000e+00	3.21300000e+00	9.90000000e-01	1	3.24545455e+00	3.21321422e+00	3.21337489e-02	1.85524286e-02	3.18108047e+00	3.24534797e+00
5.57500000e+02	3.14100000e+00	1.01000000e+00	1	3.10990099e+00	3.14100000e+00	1.00000000e+00	1	3.14100000e+00	3.14100000e+00	9.90000000e-01	1	3.17272727e+00	3.14120942e+00	3.14136649e-02	1.81366879e-02	3.10979576e+00	3.17262309e+00
5.57600000e+02	2.95400000e+00	1.01000000e+00	1	2.92475248e+00	2.95400000e+00	1.00000000e+00	1	2.95400000e+00	2.95400000e+00	9.90000000e-01	1	2.98383838e+00	2.95419695e+00	2.95434467e-02	1.70569169e-02	2.92465351e+00	2.98374040e+00
5.57700000e+02	3.09600000e+00	1.01000000e+00	1	3.06534653e+00	3.09600000e+00	1.00000000e+00	1	3.09600000e+00	3.09600000e+00	9.90000000e-01	1	3.12727273e+00	3.09620642e+00	3.09636124e-02	1.78768499e-02	3.06524281e+00	3.12717003e+00
5.57800000e+02	3.04200000e+00	1.01000000e+00	1	3.01188119e+00	3.04200000e+00	1.00000000e+00	1	3.04200000e+00	3.04200000e+00	9.90000000e-01	1	3.07272727e+00	3.04220282e+00	3.04235494e-02	1.75650444e-02	3.01177927e+00	3.07262637e+00
5.57900000e+02	3.02100000e+00	1.01000000e+00	1	2.99108911e+00	3.02100000e+00	1.00000000e+00	1	3.02100000e+00	3.02100000e+00	9.90000000e-01	1	3.05151515e+00	3.02120142e+00	3.02135248e-02	1.74437867e-02	2.99098790e+00	3.05141494e+00
5.58000000e+02	3.00400000e+00	1.01000000e+00	1	2.97425743e+00	3.00400000e+00	1.00000000e+00	1	3.00400000e+00	3.00400000e+00	9.90000000e-01	1	3.03434343e+00	3.00420029e+00	3.00435050e-02	1.73456257e-02	2.97415678e+00	3.03424379e+00
5.58100000e+02	2.91000000e+00	1.01000000e+00	1	2.88118812e+00	2.91000000e+00	1.00000000e+00	1	2.91000000e+00	2.91000000e+00	9.90000000e-01	1	2.93939394e+00	2.91019402e+00	2.91033953e-02	1.68028531e-02	2.88109062e+00	2.93929741e+00
5.58200000e+02	3.08600000e+00	1.01000000e+00	1	3.05544554e+00	3.08600000e+00	1.00000000e+00	1	3.08600000e+00	3.08600000e+00	9.90000000e-01	1	3.11717172e+00	3.08620575e+00	3.08636007e-02	1.78191082e-02	3.05534215e+00	3.11706935e+00
5.58300000e+02	3.06700000e+00	1.01000000e+00	1	3.03663366e+00	3.06700000e+00	1.00000000e+00	1	3.06700000e+00	3.06700000e+00	9.90000000e-01	1	3.09797980e+00	3.06720449e+00	3.06735785e-02	1.77093988e-02	3.03653091e+00	3.09787807e+00
5.58400000e+02	2.93500000e+00	1.01000000e+00	1	2.90594059e+00	2.93500000e+00	1.00000000e+00	1	2.93500000e+00	2.93500000e+00	9.90000000e-01	1	2.96464646e+00	2.93519569e+00	2.93534245e-02	1.69472075e-02	2.90584226e+00	2.96454911e+00
5.58500000e+02	2.82200000e+00	1.01000000e+00	1	2.79405941e+00	2.82200000e+00	1.00000000e+00	1	2.82200000e+00	2.82200000e+00	9.90000000e-01	1	2.85050505e+00	2.82218815e+00	2.82232927e-02	1.62947256e-02	2.79396486e+00	2.85041144e+00
5.58600000e+02	2.81400000e+00	1.01000000e+00	1	2.78613861e+00	2.81400000e+00	1.00000000e+00	1	2.81400000e+00	2.81400000e+00	9.90000000e-01	1	2.84242424e+00	2.81418762e+00	2.81432833e-02	1.62485322e-02	2.78604434e+00	2.84233090e+00
5.58700000e+02	2.97700000e+00	1.01000000e+00	1	2.94752475e+00	2.97700000e+00	1.00000000e+00	1	2.97700000e+00	2.97700000e+00	9.90000000e-01	1	3.00707071e+00	2.97719849e+00	2.97734735e-02	1.71897229e-02	2.94742501e+00	3.00697196e+00
5.58800000e+02	2.75100000e+00	1.01000000e+00	1	2.72376238e+00	2.75100000e+00	1.00000000e+00	1	2.75100000e+00	2.75100000e+00	9.90000000e-01	1	2.77878788e+00	2.75118342e+00	2.75132098e-02	1.58847591e-02	2.72367021e+00	2.77869663e+00
5.58900000e+02	2.69900000e+00	1.01000000e+00	1	2.67227723e+00	2.69900000e+00	1.00000000e+00	1	2.69900000e+00	2.69900000e+00	9.90000000e-01	1	2.72626263e+00	2.69917995e+00	2.69931491e-02	1.55845019e-02	2.67218680e+00	2.72617310e+00
5.59000000e+02	2.75300000e+00	1.01000000e+00	1	2.72574257e+00	2.75300000e+00	1.00000000e+00	1	2.75300000e+00	2.75300000e+00	9.90000000e-01	1	2.78080808e+00	2.75318355e+00	2.75332122e-02	1.58963074e-02	2.72565034e+00	2.78071676e+00
5.59100000e+02	2.77700000e+00	1.01000000e+00	1	2.74950495e+00	2.77700000e+00	1.00000000e+00	1	2.77700000e+00	2.77700000e+00	9.90000000e-01	1	2.80505051e+00	2.77718515e+00	2.77732402e-02	1.60348877e-02	2.74941191e+00	2.80495839e+00
5.59200000e+02	2.71500000e+00	1.01000000e+00	1	2.68811881e+00	2.71500000e+00	1.00000000e+00	1	2.71500000e+00	2.71500000e+00	9.90000000e-01	1	2.74242424e+00	2.71518102e+00	2.71531678e-02	1.56768887e-02	2.68802785e+00	2.74233419e+00
5.59300000e+02	2.74300000e+00	1.01000000e+00	1	2.71584158e+00	2.74300000e+00	1.00000000e+00	1	2.74300000e+00	2.74300000e+00	9.90000000e-01	1	2.77070707e+00	2.74318288e+00	2.74332005e-02	1.58385657e-02	2.71574968e+00	2.77061609e+00
5.59400000e+02	2.73700000e+00	1.01000000e+00	1	2.70990099e+00	2.73700000e+00	1.00000000e+00	1	2.73700000e+00	2.73700000e+00	9.90000000e-01	1	2.76464646e+00	2.73718248e+00	2.73731935e-02	1.58039206e-02	2.70980929e+00	2.76455568e+00
5.59500000e+02	2.69900000e+00	1.01000000e+00	1	2.67227723e+00	2.69900000e+00	1.00000000e+00	1	2.69900000e+00	2.69900000e+00	9.90000000e-01	1	2.72626263e+00	2.69917995e+00	2.69931491e-02	1.55845019e-02	2.67218680e+00	2.72617310e+00
5.59600000e+02	2.58600000e+00	1.01000000e+00	1	2.56039604e+00	2.58600000e+00	1.00000000e+00	1	2.58600000e+00	2.58600000e+00	9.90000000e-01	1	2.61212121e+00	2.58617242e+00	2.58630173e-02	1.49320200e-02	2.56030940e+00	2.61203543e+00
5.59700000e+02	2.63100000e+00	1.01000000e+00	1	2.60495050e+00	2.63100000e+00	1.00000000e+00	1	2.63100000e+00	2.63100000e+00	9.90000000e-01	1	2.65757576e+00	2.63117542e+00	2.63130698e-02	1.51918579e-02	2.60486235e+00	2.65748849e+00
5.59800000e+02	2.47200000e+00	1.01000000e+00	1	2.44752475e+00	2.47200000e+00	1.00000000e+00	1	2.47200000e+00	2.47200000e+00	9.90000000e-01	1	2.49696970e+00	2.47216482e+00	2.47228843e-02	1.42737639e-02	2.44744193e+00	2.49688770e+00
5.59900000e+02	2.53200000e+00	1.01000000e+00	1	2.50693069e+00	2.53200000e+00	1.00000000e+00	1	2.53200000e+00	2.53200000e+00	9.90000000e-01	1	2.55757576e+00	2.53216882e+00	2.53229543e-02	1.46202145e-02	2.50684586e+00	2.55749177e+00
5.60000000e+02	2.36100000e+00	1.01000000e+00	1	2.33762376e+00	2.36100000e+00	1.00000000e+00	1	2.36100000e+00	2.36100000e+00	9.90000000e-01	1	2.38484848e+00	2.36115742e+00	2.36127548e-02	1.36328303e-02	2.33754466e+00	2.38477017e+00
5.60100000e+02	2.48400000e+00	1.01000000e+00	1	2.45940594e+00	2.48400000e+00	1.00000000e+00	1	2.48400000e+00	2.48400000e+00	9.90000000e-01	1	2.50909091e+00	2.48416562e+00	2.48428983e-02	1.43430540e-02	2.45932272e+00	2.50900851e+00
5.60200000e+02	2.29600000e+00	1.01000000e+00	1	2.27326733e+00	2.29600000e+00	1.00000000e+00	1	2.29600000e+00	2.29600000e+00	9.90000000e-01	1	2.31919192e+00	2.29615308e+00	2.29626789e-02	1.32575089e-02	2.27319040e+00	2.31911576e+00
5.60300000e+02	2.32900000e+00	1.01000000e+00	1	2.30594059e+00	2.32900000e+00	1.00000000e+00	1	2.32900000e+00	2.32900000e+00	9.90000000e-01	1	2.35252525e+00	2.32915528e+00	2.32927174e-02	1.34480567e-02	2.30586256e+00	2.35244800e+00
5.60400000e+02	2.36300000e+00	1.01000000e+00	1	2.33960396e+00	2.36300000e+00	1.00000000e+00	1	2.36300000e+00	2.36300000e+00	9.90000000e-01	1	2.38686869e+00	2.36315755e+00	2.36327571e-02	1.36443787e-02	2.33952479e+00	2.38679031e+00
5.60500000e+02	2.29600000e+00	1.01000000e+00	1	2.27326733e+00	2.29600000e+00	1.00000000e+00	1	2.29600000e+00	2.29600000e+00	9.90000000e-01	1	2.31919192e+00	2.29615308e+00	2.29626789e-02	1.32575089e-02	2.27319040e+00	2.31911576e+00
5.60600000e+02	2.28200000e+00	1.01000000e+00	1	2.25940594e+00	2.28200000e+00	1.00000000e+00	1	2.28200000e+00	2.28200000e+00	9.90000000e-01	1	2.30505051e+00	2.28215215e+00	2.28226626e-02	1.31766704e-02	2.25932949e+00	2.30497481e+00
5.60700000e+02	2.20900000e+00	1.01000000e+00	1	2.18712871e+00	2.20900000e+00	1.00000000e+00	1	2.20900000e+00	2.20900000e+00	9.90000000e-01	1	2.23131313e+00	2.20914728e+00	2.20925774e-02	1.27551555e-02	2.18705470e+00	2.23123986e+00
5.60800000e+02	2.28300000e+00	1.01000000e+00	1	2.26039604e+00	2.28300000e+00	1.00000000e+00	1	2.28300000e+00	2.28300000e+00	9.90000000e-01	1	2.30606061e+00	2.28315222e+00	2.28326638e-02	1.31824446e-02	2.26031955e+00	2.30598488e+00
5.60900000e+02	2.16200000e+00	1.01000000e+00	1	2.14059406e+00	2.16200000e+00	1.00000000e+00	1	2.16200000e+00	2.16200000e+00	9.90000000e-01	1	2.18383838e+00	2.16214415e+00	2.16225226e-02	1.24837692e-02	2.14052163e+00	2.18376667e+00
5.61000000e+02	2.19600000e+00	1.01000000e+00	1	2.17425743e+00	2.19600000e+00	1.00000000e+00	1	2.19600000e+00	2.19600000e+00	9.90000000e-01	1	2.21818182e+00	2.19614641e+00	2.19625623e-02	1.26800912e-02	2.17418385e+00	2.21810898e+00
5.61100000e+02	2.11500000e+00	1.01000000e+00	1	2.09405941e+00	2.11500000e+00	1.00000000e+00	1	2.11500000e+00	2.11500000e+00	9.90000000e-01	1	2.13636364e+00	2.11514101e+00	2.11524677e-02	1.22123829e-02	2.09398855e+00	2.13629348e+00
5.61200000e+02	2.05400000e+00	1.01000000e+00	1	2.03366337e+00	2.05400000e+00	1.00000000e+00	1	2.05400000e+00	2.05400000e+00	9.90000000e-01	1	2.07474747e+00	2.05413695e+00	2.05423966e-02	1.18601582e-02	2.03359455e+00	2.07467934e+00
5.61300000e+02	2.10200000e+00	1.01000000e+00	1	2.08118812e+00	2.10200000e+00	1.00000000e+00	1	2.10200000e+00	2.10200000e+00	9.90000000e-01	1	2.12323232e+00	2.10214015e+00	2.10224526e-02	1.21373187e-02	2.08111769e+00	2.12316260e+00
5.61400000e+02	2.15000000e+00	1.01000000e+00	1	2.12871287e+00	2.15000000e+00	1.00000000e+00	1	2.15000000e+00	2.15000000e+00	9.90000000e-01	1	2.17171717e+00	2.15014335e+00	2.15025086e-02	1.24144791e-02	2.12864084e+00	2.17164586e+00
5.61500000e+02	2.09700000e+00	1.01000000e+00	1	2.07623762e+00	2.09700000e+00	1.00000000e+00	1	2.09700000e+00	2.09700000e+00	9.90000000e-01	1	2.11818182e+00	2.09713981e+00	2.09724467e-02	1.21084478e-02	2.07616737e+00	2.11811226e+00
5.61600000e+02	2.02800000e+00	1.01000000e+00	1	2.00792079e+00	2.02800000e+00	1.00000000e+00	1	2.02800000e+00	2.02800000e+00	9.90000000e-01	1	2.04848485e+00	2.02813521e+00	2.02823662e-02	1.17100296e-02	2.00785285e+00	2.04841758e+00
5.61700000e+02	2.06200000e+00	1.01000000e+00	1	2.04158416e+00	2.06200000e+00	1.00000000e+00	1	2.06200000e+00	2.06200000e+00	9.90000000e-01	1	2.08282828e+00	2.06213748e+00	2.06224059e-02	1.19063516e-02	2.04151507e+00	2.08275989e+00
5.61800000e+02	2.04000000e+00	1.01000000e+00	1	2.01980198e+00	2.04000000e+00	1.00000000e+00	1	2.04000000e+00	2.04000000e+00	9.90000000e-01	1	2.06060606e+00	2.04013601e+00	2.04023802e-02	1.17793197e-02	2.01973363e+00	2.06053839e+00
5.61900000e+02	2.05600000e+00	1.01000000e+00	1	2.03564356e+00	2.05600000e+00	1.00000000e+00	1	2.05600000e+00	2.05600000e+00	9.90000000e-01	1	2.07676768e+00	2.05613708e+00	2.05623989e-02	1.18717065e-02	2.03557468e+00	2.07669948e+00
5.62000000e+02	2.09000000e+00	1.01000000e+00	1	2.06930693e+00	2.09000000e+00	1.00000000e+00	1	2.09000000e+00	2.09000000e+00	9.90000000e-01	1	2.11111111e+00	2.09013935e+00	2.09024386e-02	1.20680285e-02	2.06923691e+00	2.11104179e+00
5.62100000e+02	2.20700000e+00	1.01000000e+00	1	2.18514851e+00	2.20700000e+00	1.00000000e+00	1	2.20700000e+00	2.20700000e+00	9.90000000e-01	1	2.22929293e+00	2.20714715e+00	2.20725751e-02	1.27436072e-02	2.18507457e+00	2.22921972e+00
5.62200000e+02	2.17200000e+00	1.01000000e+00	1	2.15049505e+00	2.17200000e+00	1.00000000e+00	1	2.17200000e+00	2.17200000e+00	9.90000000e-01	1	2.19393939e+00	2.17214481e+00	2.17225343e-02	1.25415110e-02	2.15042228e+00	2.19386735e+00
5.62300000e+02	2.06100000e+00	1.01000000e+00	1	2.04059406e+00	2.06100000e+00	1.00000000e+00	1	2.06100000e+00	2.06100000e+00	9.90000000e-01	1	2.08181818e+00	2.06113741e+00	2.06124047e-02	1.19005774e-02	2.04052501e+00	2.08174982e+00
5.62400000e+02	1.83400000e+00	1.01000000e+00	1	1.81584158e+00	1.83400000e+00	1.00000000e+00	1	1.83400000e+00	1.83400000e+00	9.90000000e-01	1	1.85252525e+00	1.83412228e+00	1.83421399e-02	1.05898394e-02	1.81578014e+00	1.85246442e+00
5.62500000e+02	2.02000000e+00	1.01000000e+00	1	2.00000000e+00	2.02000000e+00	1.00000000e+00	1	2.02000000e+00	2.02000000e+00	9.90000000e-01	1	2.04040404e+00	2.02013468e+00	2.02023569e-02	1.16638362e-02	1.99993232e+00	2.04033704e+00
5.62600000e+02	1.80300000e+00	1.01000000e+00	1	1.78514851e+00	1.80300000e+00	1.00000000e+00	1	1.80300000e+00	1.80300000e+00	9.90000000e-01	1	1.82121212e+00	1.80312021e+00	1.80321037e-02	1.04108399e-02	1.78508811e+00	1.82115232e+00
5.62700000e+02	1.86600000e+00	1.01000000e+00	1	1.84752475e+00	1.86600000e+00	1.00000000e+00	1	1.86600000e+00	1.86600000e+00	9.90000000e-01	1	1.88484848e+00	1.86612441e+00	1.86621772e-02	1.07746130e-02	1.84746224e+00	1.88478659e+00
5.62800000e+02	1.84100000e+00	1.01000000e+00	1	1.82277228e+00	1.84100000e+00	1.00000000e+00	1	1.84100000e+00	1.84100000e+00	9.90000000e-01	1	1.85959596e+00	1.84112275e+00	1.84121480e-02	1.06302586e-02	1.82271060e+00	1.85953489e+00
5.62900000e+02	1.73500000e+00	1.01000000e+00	1	1.71782178e+00	1.73500000e+00	1.00000000e+00	1	1.73500000e+00	1.73500000e+00	9.90000000e-01	1	1.75252525e+00	1.73511568e+00	1.73520244e-02	1.00181959e-02	1.71776365e+00	1.75246770e+00
5.63000000e+02	1.85700000e+00	1.01000000e+00	1	1.83861386e+00	1.85700000e+00	1.00000000e+00	1	1.85700000e+00	1.85700000e+00	9.90000000e-01	1	1.87575758e+00	1.85712381e+00	1.85721667e-02	1.07226455e-02	1.83855165e+00	1.87569598e+00
5.63100000e+02	1.73200000e+00	1.01000000e+00	1	1.71485149e+00	1.73200000e+00	1.00000000e+00	1	1.73200000e+00	1.73200000e+00	9.90000000e-01	1	1.74949495e+00	1.73211548e+00	1.73220209e-02	1.00008734e-02	1.71479346e+00	1.74943750e+00
5.63200000e+02	1.83400000e+00	1.01000000e+00	1	1.81584158e+00	1.83400000e+00	1.00000000e+00	1	1.83400000e+00	1.83400000e+00	9.90000000e-01	1	1.85252525e+00	1.83412228e+00	1.83421399e-02	1.05898394e-02	1.81578014e+00	1.85246442e+00
5.63300000e+02	1.72800000e+00	1.01000000e+00	1	1.71089109e+00	1.72800000e+00	1.00000000e+00	1	1.72800000e+00	1.72800000e+00	9.90000000e-01	1	1.74545455e+00	1.72811521e+00	1.72820162e-02	9.97777670e-03	1.71083320e+00	1.74539723e+00
5.63400000e+02	1.72600000e+00	1.01000000e+00	1	1.70891089e+00	1.72600000e+00	1.00000000e+00	1	1.72600000e+00	1.72600000e+00	9.90000000e-01	1	1.74343434e+00	1.72611508e+00	1.72620139e-02	9.96622835e-03	1.70885306e+00	1.74337709e+00
5.63500000e+02	1.79200000e+00	1.01000000e+00	1	1.77425743e+00	1.79200000e+00	1.00000000e+00	1	1.79200000e+00	1.79200000e+00	9.90000000e-01	1	1.81010101e+00	1.79211948e+00	1.79220909e-02	1.03473240e-02	1.77419739e+00	1.81004157e+00
5.63600000e+02	1.67200000e+00	1.01000000e+00	1	1.65544554e+00	1.67200000e+00	1.00000000e+00	1	1.67200000e+00	1.67200000e+00	9.90000000e-01	1	1.68888889e+00	1.67211148e+00	1.67219509e-02	9.65442283e-03	1.65538953e+00	1.68883343e+00
5.63700000e+02	1.67100000e+00	1.01000000e+00	1	1.65445545e+00	1.67100000e+00	1.00000000e+00	1	1.67100000e+00	1.67100000e+00	9.90000000e-01	1	1.68787879e+00	1.67111141e+00	1.67119497e-02	9.64864865e-03	1.65439946e+00	1.68782336e+00
5.63800000e+02	1.68200000e+00	1.01000000e+00	1	1.66534653e+00	1.68200000e+00	1.00000000e+00	1	1.68200000e+00	1.68200000e+00	9.90000000e-01	1	1.69898990e+00	1.68211214e+00	1.68219625e-02	9.71216459e-03	1.66529018e+00	1.69893411e+00
5.63900000e+02	1.58900000e+00	1.01000000e+00	1	1.57326733e+00	1.58900000e+00	1.00000000e+00	1	1.58900000e+00	1.58900000e+00	9.90000000e-01	1	1.60505051e+00	1.58910594e+00	1.58918540e-02	9.17516619e-03	1.57321409e+00	1.60499780e+00
5.64000000e+02	1.66100000e+00	1.01000000e+00	1	1.64455446e+00	1.66100000e+00	1.00000000e+00	1	1.66100000e+00	1.66100000e+00	9.90000000e-01	1	1.67777778e+00	1.66111074e+00	1.66119380e-02	9.59090689e-03	1.64449881e+00	1.67772268e+00
5.64100000e+02	1.68200000e+00	1.01000000e+00	1	1.66534653e+00	1.68200000e+00	1.00000000e+00	1	1.68200000e+00	1.68200000e+00	9.90000000e-01	1	1.69898990e+00	1.68211214e+00	1.68219625e-02	9.71216459e-03	1.66529018e+00	1.69893411e+00
5.64200000e+02	1.54700000e+00	1.01000000e+00	1	1.53168317e+00	1.54700000e+00	1.00000000e+00	1	1.54700000e+00	1.54700000e+00	9.90000000e-01	1	1.56262626e+00	1.54710314e+00	1.54718050e-02	8.93265079e-03	1.53163134e+00	1.56257495e+00
5.64300000e+02	1.58800000e+00	1.01000000e+00	1	1.57227723e+00	1.58800000e+00	1.00000000e+00	1	1.58800000e+00	1.58800000e+00	9.90000000e-01	1	1.60404040e+00	1.58810588e+00	1.58818528e-02	9.16939202e-03	1.57222402e+00	1.60398773e+00
5.64400000e+02	1.64500000e+00	1.01000000e+00	1	1.62871287e+00	1.64500000e+00	1.00000000e+00	1	1.64500000e+00	1.64500000e+00	9.90000000e-01	1	1.66161616e+00	1.64510968e+00	1.64519194e-02	9.49852007e-03	1.62865776e+00	1.66156160e+00
5.64500000e+02	1.52800000e+00	1.01000000e+00	1	1.51287129e+00	1.52800000e+00	1.00000000e+00	1	1.52800000e+00	1.52800000e+00	9.90000000e-01	1	1.54343434e+00	1.52810188e+00	1.52817828e-02	8.82294144e-03	1.51282009e+00	1.54338366e+00
5.64600000e+02	1.51200000e+00	1.01000000e+00	1	1.49702970e+00	1.51200000e+00	1.00000000e+00	1	1.51200000e+00	1.51200000e+00	9.90000000e-01	1	1.52727273e+00	1.51210081e+00	1.51217642e-02	8.73055462e-03	1.49697905e+00	1.52722257e+00
5.64700000e+02	1.64900000e+00	1.01000000e+00	1	1.63267327e+00	1.64900000e+00	1.00000000e+00	1	1.64900000e+00	1.64900000e+00	9.90000000e-01	1	1.66565657e+00	1.64910994e+00	1.64919240e-02	9.52161677e-03	1.63261802e+00	1.66560187e+00
5.64800000e+02	1.57500000e+00	1.01000000e+00	1	1.55940594e+00	1.57500000e+00	1.00000000e+00	1	1.57500000e+00	1.57500000e+00	9.90000000e-01	1	1.59090909e+00	1.57510501e+00	1.57518377e-02	9.09432773e-03	1.55935317e+00	1.59085685e+00
5.64900000e+02	1.56500000e+00	1.01000000e+00	1	1.54950495e+00	1.56500000e+00	1.00000000e+00	1	1.56500000e+00	1.56500000e+00	9.90000000e-01	1	1.58080808e+00	1.56510434e+00	1.56518260e-02	9.03658596e-03	1.54945252e+00	1.58075617e+00
5.65000000e+02	1.64700000e+00	1.01000000e+00	1	1.63069307e+00	1.64700000e+00	1.00000000e+00	1	1.64700000e+00	1.64700000e+00	9.90000000e-01	1	1.66363636e+00	1.64710981e+00	1.64719217e-02	9.51006842e-03	1.63063789e+00	1.66358173e+00
5.65100000e+02	1.53800000e+00	1.01000000e+00	1	1.52277228e+00	1.53800000e+00	1.00000000e+00	1	1.53800000e+00	1.53800000e+00	9.90000000e-01	1	1.55353535e+00	1.53810254e+00	1.53817945e-02	8.88068320e-03	1.52272075e+00	1.55348434e+00
5.65200000e+02	1.57000000e+00	1.01000000e+00	1	1.55445545e+00	1.57000000e+00	1.00000000e+00	1	1.57000000e+00	1.57000000e+00	9.90000000e-01	1	1.58585859e+00	1.57010468e+00	1.57018318e-02	9.06545684e-03	1.55440285e+00	1.58580651e+00
5.65300000e+02	1.56700000e+00	1.01000000e+00	1	1.55148515e+00	1.56700000e+00	1.00000000e+00	1	1.56700000e+00	1.56700000e+00	9.90000000e-01	1	1.58282828e+00	1.56710448e+00	1.56718283e-02	9.04813432e-03	1.55143265e+00	1.58277631e+00
5.65400000e+02	1.55200000e+00	1.01000000e+00	1	1.53663366e+00	1.55200000e+00	1.00000000e+00	1	1.55200000e+00	1.55200000e+00	9.90000000e-01	1	1.56767677e+00	1.55210348e+00	1.55218108e-02	8.96152167e-03	1.53658167e+00	1.56762529e+00
5.65500000e+02	1.65900000e+00	1.01000000e+00	1	1.64257426e+00	1.65900000e+00	1.00000000e+00	1	1.65900000e+00	1.65900000e+00	9.90000000e-01	1	1.67575758e+00	1.65911061e+00	1.65919357e-02	9.57935854e-03	1.64251868e+00	1.67570255e+00
5.65600000e+02	1.40800000e+00	1.01000000e+00	1	1.39405941e+00	1.40800000e+00	1.00000000e+00	1	1.40800000e+00	1.40800000e+00	9.90000000e-01	1	1.42222222e+00	1.40809388e+00	1.40816428e-02	8.13004028e-03	1.39401223e+00	1.42217552e+00
5.65700000e+02	1.50300000e+00	1.01000000e+00	1	1.48811881e+00	1.50300000e+00	1.00000000e+00	1	1.50300000e+00	1.50300000e+00	9.90000000e-01	1	1.51818182e+00	1.50310021e+00	1.50317537e-02	8.67858703e-03	1.48806846e+00	1.51813196e+00
5.65800000e+02	1.44000000e+00	1.01000000e+00	1	1.42574257e+00	1.44000000e+00	1.00000000e+00	1	1.44000000e+00	1.44000000e+00	9.90000000e-01	1	1.45454545e+00	1.44009601e+00	1.44016802e-02	8.31481392e-03	1.42569433e+00	1.45449769e+00
5.65900000e+02	1.70700000e+00	1.01000000e+00	1	1.69009901e+00	1.70700000e+00	1.00000000e+00	1	1.70700000e+00	1.70700000e+00	9.90000000e-01	1	1.72424242e+00	1.70711381e+00	1.70719917e-02	9.85651900e-03	1.69004182e+00	1.72418580e+00
5.66000000e+02	1.29500000e+00	1.01000000e+00	1	1.28217822e+00	1.29500000e+00	1.00000000e+00	1	1.29500000e+00	1.29500000e+00	9.90000000e-01	1	1.30808081e+00	1.29508634e+00	1.29515110e-02	7.47755835e-03	1.28213483e+00	1.30803785e+00
5.66100000e+02	1.34600000e+00	1.01000000e+00	1	1.33267327e+00	1.34600000e+00	1.00000000e+00	1	1.34600000e+00	1.34600000e+00	9.90000000e-01	1	1.35959596e+00	1.34608974e+00	1.34615705e-02	7.77204135e-03	1.33262817e+00	1.35955131e+00
5.66200000e+02	1.42000000e+00	1.01000000e+00	1	1.40594059e+00	1.42000000e+00	1.00000000e+00	1	1.42000000e+00	1.42000000e+00	9.90000000e-01	1	1.43434343e+00	1.42009468e+00	1.42016568e-02	8.19933039e-03	1.40589302e+00	1.43429633e+00
5.66300000e+02	1.28400000e+00	1.01000000e+00	1	1.27128713e+00	1.28400000e+00	1.00000000e+00	1	1.28400000e+00	1.28400000e+00	9.90000000e-01	1	1.29696970e+00	1.28408561e+00	1.28414981e-02	7.41404241e-03	1.27124411e+00	1.29692711e+00
5.66400000e+02	1.46700000e+00	1.01000000e+00	1	1.45247525e+00	1.46700000e+00	1.00000000e+00	1	1.46700000e+00	1.46700000e+00	9.90000000e-01	1	1.48181818e+00	1.46709781e+00	1.46717117e-02	8.47071668e-03	1.45242610e+00	1.48176952e+00
5.66500000e+02	1.62900000e+00	1.01000000e+00	1	1.61287129e+00	1.62900000e+00	1.00000000e+00	1	1.62900000e+00	1.62900000e+00	9.90000000e-01	1	1.64545455e+00	1.62910861e+00	1.62919007e-02	9.40613325e-03	1.61281671e+00	1.64540051e+00
5.66600000e+02	1.44800000e+00	1.01000000e+00	1	1.43366337e+00	1.44800000e+00	1.00000000e+00	1	1.44800000e+00	1.44800000e+00	9.90000000e-01	1	1.46262626e+00	1.44809654e+00	1.44816895e-02	8.36100733e-03	1.43361485e+00	1.46257823e+00
5.66700000e+02	1.28500000e+00	1.01000000e+00	1	1.27227723e+00	1.28500000e+00	1.00000000e+00	1	1.28500000e+00	1.28500000e+00	9.90000000e-01	1	1.29797980e+00	1.28508568e+00	1.28514993e-02	7.41981659e-03	1.27223418e+00	1.29793717e+00
5.66800000e+02	1.26700000e+00	1.01000000e+00	1	1.25445545e+00	1.26700000e+00	1.00000000e+00	1	1.26700000e+00	1.26700000e+00	9.90000000e-01	1	1.27979798e+00	1.26708448e+00	1.26714783e-02	7.31588141e-03	1.25441300e+00	1.27975595e+00
5.66900000e+02	1.23800000e+00	1.01000000e+00	1	1.22574257e+00	1.23800000e+00	1.00000000e+00	1	1.23800000e+00	1.23800000e+00	9.90000000e-01	1	1.25050505e+00	1.23808254e+00	1.23814445e-02	7.14843030e-03	1.22570110e+00	1.25046399e+00
5.67000000e+02	1.32400000e+00	1.01000000e+00	1	1.31089109e+00	1.32400000e+00	1.00000000e+00	1	1.32400000e+00	1.32400000e+00	9.90000000e-01	1	1.33737374e+00	1.32408828e+00	1.32415448e-02	7.64500947e-03	1.31084673e+00	1.33732982e+00
5.67100000e+02	1.24300000e+00	1.01000000e+00	1	1.23069307e+00	1.24300000e+00	1.00000000e+00	1	1.24300000e+00	1.24300000e+00	9.90000000e-01	1	1.25555556e+00	1.24308287e+00	1.24314503e-02	7.17730118e-03	1.23065142e+00	1.25551433e+00
5.67200000e+02	1.13400000e+00	1.01000000e+00	1	1.12277228e+00	1.13400000e+00	1.00000000e+00	1	1.13400000e+00	1.13400000e+00	9.90000000e-01	1	1.14545455e+00	1.13407561e+00	1.13413231e-02	6.54791596e-03	1.12273428e+00	1.14541693e+00
5.67300000e+02	1.07900000e+00	1.01000000e+00	1	1.06831683e+00	1.07900000e+00	1.00000000e+00	1	1.07900000e+00	1.07900000e+00	9.90000000e-01	1	1.08989899e+00	1.07907194e+00	1.07912590e-02	6.23033626e-03	1.06828068e+00	1.08986320e+00
5.67400000e+02	1.19100000e+00	1.01000000e+00	1	1.17920792e+00	1.19100000e+00	1.00000000e+00	1	1.19100000e+00	1.19100000e+00	9.90000000e-01	1	1.20303030e+00	1.19107941e+00	1.19113896e-02	6.87704401e-03	1.17916802e+00	1.20299080e+00
5.67500000e+02	1.11900000e+00	1.01000000e+00	1	1.10792079e+00	1.11900000e+00	1.00000000e+00	1	1.11900000e+00	1.11900000e+00	9.90000000e-01	1	1.13030303e+00	1.11907461e+00	1.11913056e-02	6.46130332e-03	1.10788330e+00	1.13026591e+00
5.67600000e+02	1.05100000e+00	1.01000000e+00	1	1.04059406e+00	1.05100000e+00	1.00000000e+00	1	1.05100000e+00	1.05100000e+00	9.90000000e-01	1	1.06161616e+00	1.05107007e+00	1.05112263e-02	6.06865933e-03	1.04055885e+00	1.06158130e+00
5.67700000e+02	1.14400000e+00	1.01000000e+00	1	1.13267327e+00	1.14400000e+00	1.00000000e+00	1	1.14400000e+00	1.14400000e+00	9.90000000e-01	1	1.15555556e+00	1.14407627e+00	1.14413348e-02	6.60565773e-03	1.13263494e+00	1.15551761e+00
5.67800000e+02	1.06700000e+00	1.01000000e+00	1	1.05643564e+00	1.06700000e+00	1.00000000e+00	1	1.06700000e+00	1.06700000e+00	9.90000000e-01	1	1.07777778e+00	1.06707114e+00	1.06712450e-02	6.16104615e-03	1.05639990e+00	1.07774239e+00
5.67900000e+02	1.02200000e+00	1.01000000e+00	1	1.01188119e+00	1.02200000e+00	1.00000000e+00	1	1.02200000e+00	1.02200000e+00	9.90000000e-01	1	1.03232323e+00	1.02206814e+00	1.02211925e-02	5.90120821e-03	1.01184695e+00	1.03228933e+00
5.68000000e+02	9.78200000e-01	1.01000000e+00	1	9.68514851e-01	9.78200000e-01	1.00000000e+00	1	9.78200000e-01	9.78200000e-01	9.90000000e-01	1	9.88080808e-01	9.78265220e-01	9.78314135e-03	5.64829929e-03	9.68482079e-01	9.88048361e-01
5.68100000e+02	1.06300000e+00	1.01000000e+00	1	1.05247525e+00	1.06300000e+00	1.00000000e+00	1	1.06300000e+00	1.06300000e+00	9.90000000e-01	1	1.07373737e+00	1.06307087e+00	1.06312403e-02	6.13794944e-03	1.05243963e+00	1.07370211e+00
5.68200000e+02	9.72700000e-01	1.01000000e+00	1	9.63069307e-01	9.72700000e-01	1.00000000e+00	1	9.72700000e-01	9.72700000e-01	9.90000000e-01	1	9.82525253e-01	9.72764853e-01	9.72813493e-03	5.61654132e-03	9.63036718e-01	9.82492988e-01
5.68300000e+02	1.05400000e+00	1.01000000e+00	1	1.04356436e+00	1.05400000e+00	1.00000000e+00	1	1.05400000e+00	1.05400000e+00	9.90000000e-01	1	1.06464646e+00	1.05407027e+00	1.05412298e-02	6.08598186e-03	1.04352904e+00	1.06461150e+00
5.68400000e+02	9.29100000e-01	1.01000000e+00	1	9.19900990e-01	9.29100000e-01	1.00000000e+00	1	9.29100000e-01	9.29100000e-01	9.90000000e-01	1	9.38484848e-01	9.29161946e-01	9.29208406e-03	5.36478723e-03	9.19869862e-01	9.38454030e-01
5.68500000e+02	8.83200000e-01	1.01000000e+00	1	8.74455446e-01	8.83200000e-01	1.00000000e+00	1	8.83200000e-01	8.83200000e-01	9.90000000e-01	1	8.92121212e-01	8.83258886e-01	8.83303050e-03	5.09975254e-03	8.74425855e-01	8.92091916e-01
5.68600000e+02	1.05200000e+00	1.01000000e+00	1	1.04158416e+00	1.05200000e+00	1.00000000e+00	1	1.05200000e+00	1.05200000e+00	9.90000000e-01	1	1.06262626e+00	1.05207014e+00	1.05212275e-02	6.07443350e-03	1.04154891e+00	1.06259137e+00
5.68700000e+02	7.68400000e-01	1.01000000e+00	1	7.60792079e-01	7.68400000e-01	1.00000000e+00	1	7.68400000e-01	7.68400000e-01	9.90000000e-01	1	7.76161616e-01	7.68451232e-01	7.68489656e-03	4.43687709e-03	7.60766335e-01	7.76136128e-01
5.68800000e+02	8.71600000e-01	1.01000000e+00	1	8.62970297e-01	8.71600000e-01	1.00000000e+00	1	8.71600000e-01	8.71600000e-01	9.90000000e-01	1	8.80404040e-01	8.71658112e-01	8.71701697e-03	5.03277209e-03	8.62941096e-01	8.80375129e-01
5.68900000e+02	8.44700000e-01	1.01000000e+00	1	8.36336634e-01	8.44700000e-01	1.00000000e+00	1	8.44700000e-01	8.44700000e-01	9.90000000e-01	1	8.53232323e-01	8.44756319e-01	8.44798558e-03	4.87744675e-03	8.36308333e-01	8.53204305e-01
5.69000000e+02	9.23500000e-01	1.01000000e+00	1	9.14356436e-01	9.23500000e-01	1.00000000e+00	1	9.23500000e-01	9.23500000e-01	9.90000000e-01	1	9.32828283e-01	9.23561573e-01	9.23607752e-03	5.33245184e-03	9.14325495e-01	9.32797650e-01
5.69100000e+02	8.17600000e-01	1.01000000e+00	1	8.09504950e-01	8.17600000e-01	1.00000000e+00	1	8.17600000e-01	8.17600000e-01	9.90000000e-01	1	8.25858586e-01	8.17654512e-01	8.17695396e-03	4.72096657e-03	8.09477558e-01	8.25831466e-01
5.69200000e+02	8.51200000e-01	1.01000000e+00	1	8.42772277e-01	8.51200000e-01	1.00000000e+00	1	8.51200000e-01	8.51200000e-01	9.90000000e-01	1	8.59797980e-01	8.51256752e-01	8.51299316e-03	4.91497890e-03	8.42743759e-01	8.59769746e-01
5.69300000e+02	9.21000000e-01	1.01000000e+00	1	9.11881188e-01	9.21000000e-01	1.00000000e+00	1	9.21000000e-01	9.21000000e-01	9.90000000e-01	1	9.30303030e-01	9.21061406e-01	9.21107461e-03	5.31801640e-03	9.11850332e-01	9.30272481e-01
5.69400000e+02	8.04300000e-01	1.01000000e+00	1	7.96336634e-01	8.04300000e-01	1.00000000e+00	1	8.04300000e-01	8.04300000e-01	9.90000000e-01	1	8.12424242e-01	8.04353625e-01	8.04393844e-03	4.64417003e-03	7.96309687e-01	8.12397564e-01
5.69500000e+02	7.62500000e-01	1.01000000e+00	1	7.54950495e-01	7.62500000e-01	1.00000000e+00	1	7.62500000e-01	7.62500000e-01	9.90000000e-01	1	7.70202020e-01	7.62550838e-01	7.62588967e-03	4.40280945e-03	7.54924949e-01	7.70176728e-01
5.69600000e+02	7.84000000e-01	1.01000000e+00	1	7.76237624e-01	7.84000000e-01	1.00000000e+00	1	7.84000000e-01	7.84000000e-01	9.90000000e-01	1	7.91919192e-01	7.84052272e-01	7.84091476e-03	4.52695425e-03	7.76211357e-01	7.91893187e-01
5.69700000e+02	8.96200000e-01	1.01000000e+00	1	8.87326733e-01	8.96200000e-01	1.00000000e+00	1	8.96200000e-01	8.96200000e-01	9.90000000e-01	1	9.05252525e-01	8.96259753e-01	8.96304567e-03	5.17481683e-03	8.87296707e-01	9.05222798e-01
5.69800000e+02	9.49200000e-01	1.01000000e+00	1	9.39801980e-01	9.49200000e-01	1.00000000e+00	1	9.49200000e-01	9.49200000e-01	9.90000000e-01	1	9.58787879e-01	9.49263286e-01	9.49310751e-03	5.48084818e-03	9.39770179e-01	9.58756394e-01
5.69900000e+02	7.87400000e-01	1.01000000e+00	1	7.79603960e-01	7.87400000e-01	1.00000000e+00	1	7.87400000e-01	7.87400000e-01	9.90000000e-01	1	7.95353535e-01	7.87452499e-01	7.87491872e-03	4.54658645e-03	7.79577580e-01	7.95327417e-01
5.70000000e+02	7.60200000e-01	1.01000000e+00	1	7.52673267e-01	7.60200000e-01	1.00000000e+00	1	7.60200000e-01	7.60200000e-01	9.90000000e-01	1	7.67878788e-01	7.60250685e-01	7.60288699e-03	4.38952885e-03	7.52647798e-01	7.67853572e-01
5.70100000e+02	7.91100000e-01	1.01000000e+00	1	7.83267327e-01	7.91100000e-01	1.00000000e+00	1	7.91100000e-01	7.91100000e-01	9.90000000e-01	1	7.99090909e-01	7.91152745e-01	7.91192304e-03	4.56795090e-03	7.83240822e-01	7.99064668e-01
5.70200000e+02	7.30500000e-01	1.01000000e+00	1	7.23267327e-01	7.30500000e-01	1.00000000e+00	1	7.30500000e-01	7.30500000e-01	9.90000000e-01	1	7.37878788e-01	7.30548705e-01	7.30585233e-03	4.21803581e-03	7.23242853e-01	7.37854557e-01
5.70300000e+02	7.78500000e-01	1.01000000e+00	1	7.70792079e-01	7.78500000e-01	1.00000000e+00	1	7.78500000e-01	7.78500000e-01	9.90000000e-01	1	7.86363636e-01	7.78551905e-01	7.78590834e-03	4.49519628e-03	7.70765997e-01	7.86337814e-01
5.70400000e+02	6.46800000e-01	1.01000000e+00	1	6.40396040e-01	6.46800000e-01	1.00000000e+00	1	6.46800000e-01	6.46800000e-01	9.90000000e-01	1	6.53333333e-01	6.46843124e-01	6.46875467e-03	3.73473725e-03	6.40374370e-01	6.53311879e-01
5.70500000e+02	7.27800000e-01	1.01000000e+00	1	7.20594059e-01	7.27800000e-01	1.00000000e+00	1	7.27800000e-01	7.27800000e-01	9.90000000e-01	1	7.35151515e-01	7.27848525e-01	7.27884918e-03	4.20244554e-03	7.20569676e-01	7.35127374e-01
5.70600000e+02	7.07000000e-01	1.01000000e+00	1	7.00000000e-01	7.07000000e-01	1.00000000e+00	1	7.07000000e-01	7.07000000e-01	9.90000000e-01	1	7.14141414e-01	7.07047138e-01	7.07082491e-03	4.08234267e-03	6.99976313e-01	7.14117963e-01
5.70700000e+02	7.44600000e-01	1.01000000e+00	1	7.37227723e-01	7.44600000e-01	1.00000000e+00	1	7.44600000e-01	7.44600000e-01	9.90000000e-01	1	7.52121212e-01	7.44649645e-01	7.44686879e-03	4.29945170e-03	7.37202776e-01	7.52096514e-01
5.70800000e+02	7.18500000e-01	1.01000000e+00	1	7.11386139e-01	7.18500000e-01	1.00000000e+00	1	7.18500000e-01	7.18500000e-01	9.90000000e-01	1	7.25757576e-01	7.18547905e-01	7.18583833e-03	4.14874570e-03	7.11362066e-01	7.25733743e-01
5.70900000e+02	6.38300000e-01	1.01000000e+00	1	6.31980198e-01	6.38300000e-01	1.00000000e+00	1	6.38300000e-01	6.38300000e-01	9.90000000e-01	1	6.44747475e-01	6.38342558e-01	6.38374476e-03	3.68565675e-03	6.31958813e-01	6.44726302e-01
5.71000000e+02	6.90000000e-01	1.01000000e+00	1	6.83168317e-01	6.90000000e-01	1.00000000e+00	1	6.90000000e-01	6.90000000e-01	9.90000000e-01	1	6.96969697e-01	6.90046005e-01	6.90080508e-03	3.98418167e-03	6.83145200e-01	6.96946810e-01
5.71100000e+02	7.56200000e-01	1.01000000e+00	1	7.48712871e-01	7.56200000e-01	1.00000000e+00	1	7.56200000e-01	7.56200000e-01	9.90000000e-01	1	7.63838384e-01	7.56250418e-01	7.56288232e-03	4.36643214e-03	7.48687536e-01	7.63813301e-01
5.71200000e+02	6.70600000e-01	1.01000000e+00	1	6.63960396e-01	6.70600000e-01	1.00000000e+00	1	6.70600000e-01	6.70600000e-01	9.90000000e-01	1	6.77373737e-01	6.70644711e-01	6.70678244e-03	3.87216265e-03	6.63937929e-01	6.77351494e-01
5.71300000e+02	6.53800000e-01	1.01000000e+00	1	6.47326733e-01	6.53800000e-01	1.00000000e+00	1	6.53800000e-01	6.53800000e-01	9.90000000e-01	1	6.60404040e-01	6.53843591e-01	6.53876284e-03	3.77515649e-03	6.47304828e-01	6.60382354e-01
5.71400000e+02	5.63900000e-01	1.01000000e+00	1	5.58316832e-01	5.63900000e-01	1.00000000e+00	1	5.63900000e-01	5.63900000e-01	9.90000000e-01	1	5.69595960e-01	5.63937597e-01	5.63965795e-03	3.25605803e-03	5.58297939e-01	5.69577255e-01
5.71500000e+02	5.79000000e-01	1.01000000e+00	1	5.73267327e-01	5.79000000e-01	1.00000000e+00	1	5.79000000e-01	5.79000000e-01	9.90000000e-01	1	5.84848485e-01	5.79038604e-01	5.79067557e-03	3.34324810e-03	5.73247928e-01	5.84829279e-01
5.71600000e+02	4.61300000e-01	1.01000000e+00	1	4.56732673e-01	4.61300000e-01	1.00000000e+00	1	4.61300000e-01	4.61300000e-01	9.90000000e-01	1	4.65959596e-01	4.61330756e-01	4.61353824e-03	2.66362754e-03	4.56717218e-01	4.65944295e-01
5.71700000e+02	6.72400000e-01	1.01000000e+00	1	6.65742574e-01	6.72400000e-01	1.00000000e+00	1	6.72400000e-01	6.72400000e-01	9.90000000e-01	1	6.79191919e-01	6.72444831e-01	6.72478454e-03	3.88255617e-03	6.65720047e-01	6.79169616e-01
5.71800000e+02	5.50800000e-01	1.01000000e+00	1	5.45346535e-01	5.50800000e-01	1.00000000e+00	1	5.50800000e-01	5.50800000e-01	9.90000000e-01	1	5.56363636e-01	5.50836724e-01	5.50864266e-03	3.18041632e-03	5.45328081e-01	5.56345366e-01
5.71900000e+02	8.52300000e-01	1.01000000e+00	1	8.43861386e-01	8.52300000e-01	1.00000000e+00	1	8.52300000e-01	8.52300000e-01	9.90000000e-01	1	8.60909091e-01	8.52356826e-01	8.52399445e-03	4.92133049e-03	8.43832831e-01	8.60880820e-01
5.72000000e+02	5.48000000e-01	1.01000000e+00	1	5.42574257e-01	5.48000000e-01	1.00000000e+00	1	5.48000000e-01	5.48000000e-01	9.90000000e-01	1	5.53535354e-01	5.48036537e-01	5.48063940e-03	3.16424863e-03	5.42555898e-01	5.53517176e-01
5.72100000e+02	5.33100000e-01	1.01000000e+00	1	5.27821782e-01	5.33100000e-01	1.00000000e+00	1	5.33100000e-01	5.33100000e-01	9.90000000e-01	1	5.38484848e-01	5.33135544e-01	5.33162201e-03	3.07821340e-03	5.27803922e-01	5.38467166e-01
5.72200000e+02	5.79300000e-01	1.01000000e+00	1	5.73564356e-01	5.79300000e-01	1.00000000e+00	1	5.79300000e-01	5.79300000e-01	9.90000000e-01	1	5.85151515e-01	5.79338624e-01	5.79367592e-03	3.34498035e-03	5.73544948e-01	5.85132300e-01
5.72300000e+02	6.92400000e-01	1.01000000e+00	1	6.85544554e-01	6.92400000e-01	1.00000000e+00	1	6.92400000e-01	6.92400000e-01	9.90000000e-01	1	6.99393939e-01	6.92446165e-01	6.92480788e-03	3.99803969e-03	6.85521357e-01	6.99370972e-01
5.72400000e+02	5.87300000e-01	1.01000000e+00	1	5.81485149e-01	5.87300000e-01	1.00000000e+00	1	5.87300000e-01	5.87300000e-01	9.90000000e-01	1	5.93232323e-01	5.87339157e-01	5.87368525e-03	3.39117376e-03	5.81465472e-01	5.93212843e-01
5.72500000e+02	5.00200000e-01	1.01000000e+00	1	4.95247525e-01	5.00200000e-01	1.00000000e+00	1	5.00200000e-01	5.00200000e-01	9.90000000e-01	1	5.05252525e-01	5.00233350e-01	5.00258362e-03	2.88824300e-03	4.95230766e-01	5.05235934e-01
5.72600000e+02	7.23300000e-01	1.01000000e+00	1	7.16138614e-01	7.23300000e-01	1.00000000e+00	1	7.23300000e-01	7.23300000e-01	9.90000000e-01	1	7.30606061e-01	7.23348225e-01	7.23384393e-03	4.17646174e-03	7.16114381e-01	7.30582069e-01
5.72700000e+02	6.84500000e-01	1.01000000e+00	1	6.77722772e-01	6.84500000e-01	1.00000000e+00	1	6.84500000e-01	6.84500000e-01	9.90000000e-01	1	6.91414141e-01	6.84545638e-01	6.84579866e-03	3.95242370e-03	6.77699839e-01	6.91391437e-01
5.72800000e+02	4.21400000e-01	1.01000000e+00	1	4.17227723e-01	4.21400000e-01	1.00000000e+00	1	4.21400000e-01	4.21400000e-01	9.90000000e-01	1	4.25656566e-01	4.21428096e-01	4.21449168e-03	2.43323791e-03	4.17213604e-01	4.25642588e-01
5.72900000e+02	5.16500000e-01	1.01000000e+00	1	5.11386139e-01	5.16500000e-01	1.00000000e+00	1	5.16500000e-01	5.16500000e-01	9.90000000e-01	1	5.21717172e-01	5.16534437e-01	5.16560264e-03	2.98236208e-03	5.11368834e-01	5.21700039e-01
5.73000000e+02	4.41300000e-01	1.01000000e+00	1	4.36930693e-01	4.41300000e-01	1.00000000e+00	1	4.41300000e-01	4.41300000e-01	9.90000000e-01	1	4.45757576e-01	4.41329423e-01	4.41351490e-03	2.54814402e-03	4.36915908e-01	4.45742938e-01
5.73100000e+02	5.44500000e-01	1.01000000e+00	1	5.39108911e-01	5.44500000e-01	1.00000000e+00	1	5.44500000e-01	5.44500000e-01	9.90000000e-01	1	5.50000000e-01	5.44536304e-01	5.44563531e-03	3.14403901e-03	5.39090668e-01	5.49981939e-01
5.73200000e+02	5.88400000e-01	1.01000000e+00	1	5.82574257e-01	5.88400000e-01	1.00000000e+00	1	5.88400000e-01	5.88400000e-01	9.90000000e-01	1	5.94343434e-01	5.88439231e-01	5.88468653e-03	3.39752535e-03	5.82554544e-01	5.94323917e-01
5.73300000e+02	5.44200000e-01	1.01000000e+00	1	5.38811881e-01	5.44200000e-01	1.00000000e+00	1	5.44200000e-01	5.44200000e-01	9.90000000e-01	1	5.49696970e-01	5.44236284e-01	5.44263496e-03	3.14230676e-03	5.38793649e-01	5.49678919e-01
5.73400000e+02	4.97200000e-01	1.01000000e+00	1	4.92277228e-01	4.97200000e-01	1.00000000e+00	1	4.97200000e-01	4.97200000e-01	9.90000000e-01	1	5.02222222e-01	4.97233150e-01	4.97258012e-03	2.87092047e-03	4.92260570e-01	5.02205730e-01
5.73500000e+02	3.75400000e-01	1.01000000e+00	1	3.71683168e-01	3.75400000e-01	1.00000000e+00	1	3.75400000e-01	3.75400000e-01	9.90000000e-01	1	3.79191919e-01	3.75425029e-01	3.75443801e-03	2.16762580e-03	3.71670591e-01	3.79179467e-01
5.73600000e+02	5.78100000e-01	1.01000000e+00	1	5.72376238e-01	5.78100000e-01	1.00000000e+00	1	5.78100000e-01	5.78100000e-01	9.90000000e-01	1	5.83939394e-01	5.78138544e-01	5.78167452e-03	3.33805134e-03	5.72356869e-01	5.83920218e-01
5.73700000e+02	3.68300000e-01	1.01000000e+00	1	3.64653465e-01	3.68300000e-01	1.00000000e+00	1	3.68300000e-01	3.68300000e-01	9.90000000e-01	1	3.72020202e-01	3.68324556e-01	3.68342973e-03	2.12662914e-03	3.64641126e-01	3.72007986e-01
5.73800000e+02	4.86100000e-01	1.01000000e+00	1	4.81287129e-01	4.86100000e-01	1.00000000e+00	1	4.86100000e-01	4.86100000e-01	9.90000000e-01	1	4.91010101e-01	4.86132410e-01	4.86156717e-03	2.80682712e-03	4.81270843e-01	4.90993977e-01
5.73900000e+02	3.52400000e-01	1.01000000e+00	1	3.48910891e-01	3.52400000e-01	1.00000000e+00	1	3.52400000e-01	3.52400000e-01	9.90000000e-01	1	3.55959596e-01	3.52423496e-01	3.52441117e-03	2.03481974e-03	3.48899085e-01	3.55947907e-01
5.74000000e+02	6.72300000e-01	1.01000000e+00	1	6.65643564e-01	6.72300000e-01	1.00000000e+00	1	6.72300000e-01	6.72300000e-01	9.90000000e-01	1	6.79090909e-01	6.72344824e-01	6.72378443e-03	3.88197875e-03	6.65621040e-01	6.79068609e-01
5.74100000e+02	4.85900000e-01	1.01000000e+00	1	4.81089109e-01	4.85900000e-01	1.00000000e+00	1	4.85900000e-01	4.85900000e-01	9.90000000e-01	1	4.90808081e-01	4.85932397e-01	4.85956694e-03	2.80567228e-03	4.81072830e-01	4.90791964e-01
5.74200000e+02	5.04000000e-01	1.01000000e+00	1	4.99009901e-01	5.04000000e-01	1.00000000e+00	1	5.04000000e-01	5.04000000e-01	9.90000000e-01	1	5.09090909e-01	5.04033603e-01	5.04058806e-03	2.91018487e-03	4.98993015e-01	5.09074191e-01
5.74300000e+02	3.84000000e-01	1.01000000e+00	1	3.80198020e-01	3.84000000e-01	1.00000000e+00	1	3.84000000e-01	3.84000000e-01	9.90000000e-01	1	3.87878788e-01	3.84025603e-01	3.84044804e-03	2.21728371e-03	3.80185155e-01	3.87866051e-01
5.74400000e+02	5.24400000e-01	1.01000000e+00	1	5.19207921e-01	5.24400000e-01	1.00000000e+00	1	5.24400000e-01	5.24400000e-01	9.90000000e-01	1	5.29696970e-01	5.24434963e-01	5.24461186e-03	3.02797807e-03	5.19190352e-01	5.29679575e-01
5.74500000e+02	5.37900000e-01	1.01000000e+00	1	5.32574257e-01	5.37900000e-01	1.00000000e+00	1	5.37900000e-01	5.37900000e-01	9.90000000e-01	1	5.43333333e-01	5.37935864e-01	5.37962761e-03	3.10592945e-03	5.32556236e-01	5.43315491e-01
5.74600000e+02	5.79900000e-01	1.01000000e+00	1	5.74158416e-01	5.79900000e-01	1.00000000e+00	1	5.79900000e-01	5.79900000e-01	9.90000000e-01	1	5.85757576e-01	5.79938664e-01	5.79967662e-03	3.34844486e-03	5.74138987e-01	5.85738340e-01
5.74700000e+02	4.09800000e-01	1.01000000e+00	1	4.05742574e-01	4.09800000e-01	1.00000000e+00	1	4.09800000e-01	4.09800000e-01	9.90000000e-01	1	4.13939394e-01	4.09827323e-01	4.09847815e-03	2.36625746e-03	4.05728845e-01	4.13925801e-01
5.74800000e+02	4.19400000e-01	1.01000000e+00	1	4.15247525e-01	4.19400000e-01	1.00000000e+00	1	4.19400000e-01	4.19400000e-01	9.90000000e-01	1	4.23636364e-01	4.19427963e-01	4.19448935e-03	2.42168955e-03	4.15233473e-01	4.23622452e-01
5.74900000e+02	5.39700000e-01	1.01000000e+00	1	5.34356436e-01	5.39700000e-01	1.00000000e+00	1	5.39700000e-01	5.39700000e-01	9.90000000e-01	1	5.45151515e-01	5.39735984e-01	5.39762971e-03	3.11632297e-03	5.34338354e-01	5.45133613e-01
5.75000000e+02	5.09800000e-01	1.01000000e+00	1	5.04752475e-01	5.09800000e-01	1.00000000e+00	1	5.09800000e-01	5.09800000e-01	9.90000000e-01	1	5.14949495e-01	5.09833990e-01	5.09859483e-03	2.94367509e-03	5.04735395e-01	5.14932585e-01
5.75100000e+02	4.97300000e-01	1.01000000e+00	1	4.92376238e-01	4.97300000e-01	1.00000000e+00	1	4.97300000e-01	4.97300000e-01	9.90000000e-01	1	5.02323232e-01	4.97333157e-01	4.97358024e-03	2.87149789e-03	4.92359576e-01	5.02306737e-01
5.75200000e+02	5.36200000e-01	1.01000000e+00	1	5.30891089e-01	5.36200000e-01	1.00000000e+00	1	5.36200000e-01	5.36200000e-01	9.90000000e-01	1	5.41616162e-01	5.36235750e-01	5.36262563e-03	3.09611335e-03	5.30873125e-01	5.41598376e-01
5.75300000e+02	4.71600000e-01	1.01000000e+00	1	4.66930693e-01	4.71600000e-01	1.00000000e+00	1	4.71600000e-01	4.71600000e-01	9.90000000e-01	1	4.76363636e-01	4.71631443e-01	4.71655025e-03	2.72310156e-03	4.66914893e-01	4.76347993e-01
5.75400000e+02	5.13000000e-01	1.01000000e+00	1	5.07920792e-01	5.13000000e-01	1.00000000e+00	1	5.13000000e-01	5.13000000e-01	9.90000000e-01	1	5.18181818e-01	5.13034203e-01	5.13059856e-03	2.96215246e-03	5.07903605e-01	5.18164802e-01
5.75500000e+02	4.77200000e-01	1.01000000e+00	1	4.72475248e-01	4.77200000e-01	1.00000000e+00	1	4.77200000e-01	4.77200000e-01	9.90000000e-01	1	4.82020202e-01	4.77231817e-01	4.77255679e-03	2.75543695e-03	4.72459260e-01	4.82004373e-01
5.75600000e+02	4.50400000e-01	1.01000000e+00	1	4.45940594e-01	4.50400000e-01	1.00000000e+00	1	4.50400000e-01	4.50400000e-01	9.90000000e-01	1	4.54949495e-01	4.50430030e-01	4.50452552e-03	2.60068902e-03	4.45925504e-01	4.54934555e-01
5.75700000e+02	3.12000000e-01	1.01000000e+00	1	3.08910891e-01	3.12000000e-01	1.00000000e+00	1	3.12000000e-01	3.12000000e-01	9.90000000e-01	1	3.15151515e-01	3.12020802e-01	3.12036404e-03	1.80154302e-03	3.08900438e-01	3.15141166e-01
5.75800000e+02	3.52700000e-01	1.01000000e+00	1	3.49207921e-01	3.52700000e-01	1.00000000e+00	1	3.52700000e-01	3.52700000e-01	9.90000000e-01	1	3.56262626e-01	3.52723516e-01	3.52741152e-03	2.03655199e-03	3.49196104e-01	3.56250927e-01
5.75900000e+02	5.14000000e-01	1.01000000e+00	1	5.08910891e-01	5.14000000e-01	1.00000000e+00	1	5.14000000e-01	5.14000000e-01	9.90000000e-01	1	5.19191919e-01	5.14034270e-01	5.14059973e-03	2.96792664e-03	5.08893670e-01	5.19174870e-01
5.76000000e+02	3.73800000e-01	1.01000000e+00	1	3.70099010e-01	3.73800000e-01	1.00000000e+00	1	3.73800000e-01	3.73800000e-01	9.90000000e-01	1	3.77575758e-01	3.73824922e-01	3.73843614e-03	2.15838711e-03	3.70086486e-01	3.77563359e-01
5.76100000e+02	5.09000000e-01	1.01000000e+00	1	5.03960396e-01	5.09000000e-01	1.00000000e+00	1	5.09000000e-01	5.09000000e-01	9.90000000e-01	1	5.14141414e-01	5.09033937e-01	5.09059389e-03	2.93905575e-03	5.03943343e-01	5.14124531e-01
5.76200000e+02	5.15600000e-01	1.01000000e+00	1	5.10495050e-01	5.15600000e-01	1.00000000e+00	1	5.15600000e-01	5.15600000e-01	9.90000000e-01	1	5.20808081e-01	5.15634377e-01	5.15660159e-03	2.97716532e-03	5.10477775e-01	5.20790978e-01
5.76300000e+02	4.70500000e-01	1.01000000e+00	1	4.65841584e-01	4.70500000e-01	1.00000000e+00	1	4.70500000e-01	4.70500000e-01	9.90000000e-01	1	4.75252525e-01	4.70531370e-01	4.70554897e-03	2.71674997e-03	4.65825821e-01	4.75236919e-01
5.76400000e+02	3.60900000e-01	1.01000000e+00	1	3.57326733e-01	3.60900000e-01	1.00000000e+00	1	3.60900000e-01	3.60900000e-01	9.90000000e-01	1	3.64545455e-01	3.60924062e-01	3.60942109e-03	2.08390024e-03	3.57314641e-01	3.64533483e-01
5.76500000e+02	3.66500000e-01	1.01000000e+00	1	3.62871287e-01	3.66500000e-01	1.00000000e+00	1	3.66500000e-01	3.66500000e-01	9.90000000e-01	1	3.70202020e-01	3.66524436e-01	3.66542763e-03	2.11623563e-03	3.62859008e-01	3.70189863e-01
5.76600000e+02	3.87800000e-01	1.01000000e+00	1	3.83960396e-01	3.87800000e-01	1.00000000e+00	1	3.87800000e-01	3.87800000e-01	9.90000000e-01	1	3.91717172e-01	3.87825856e-01	3.87845248e-03	2.23922558e-03	3.83947403e-01	3.91704308e-01
5.76700000e+02	5.91200000e-01	1.01000000e+00	1	5.85346535e-01	5.91200000e-01	1.00000000e+00	1	5.91200000e-01	5.91200000e-01	9.90000000e-01	1	5.97171717e-01	5.91239417e-01	5.91268980e-03	3.41369305e-03	5.85326727e-01	5.97152107e-01
5.76800000e+02	4.53300000e-01	1.01000000e+00	1	4.48811881e-01	4.53300000e-01	1.00000000e+00	1	4.53300000e-01	4.53300000e-01	9.90000000e-01	1	4.57878788e-01	4.53330223e-01	4.53352890e-03	2.61743413e-03	4.48796694e-01	4.57863752e-01
5.76900000e+02	3.04800000e-01	1.01000000e+00	1	3.01782178e-01	3.04800000e-01	1.00000000e+00	1	3.04800000e-01	3.04800000e-01	9.90000000e-01	1	3.07878788e-01	3.04820322e-01	3.04835564e-03	1.75996895e-03	3.01771966e-01	3.07868678e-01
5.77000000e+02	2.12400000e-01	1.01000000e+00	1	2.10297030e-01	2.12400000e-01	1.00000000e+00	1	2.12400000e-01	2.12400000e-01	9.90000000e-01	1	2.14545455e-01	2.12414161e-01	2.12424782e-03	1.22643505e-03	2.10289914e-01	2.14538409e-01
5.77100000e+02	4.83700000e-01	1.01000000e+00	1	4.78910891e-01	4.83700000e-01	1.00000000e+00	1	4.83700000e-01	4.83700000e-01	9.90000000e-01	1	4.88585859e-01	4.83732250e-01	4.83756437e-03	2.79296909e-03	4.78894686e-01	4.88569814e-01
5.77200000e+02	7.58500000e-01	1.01000000e+00	1	7.50990099e-01	7.58500000e-01	1.00000000e+00	1	7.58500000e-01	7.58500000e-01	9.90000000e-01	1	7.66161616e-01	7.58550572e-01	7.58588500e-03	4.37971275e-03	7.50964687e-01	7.66136457e-01
5.77300000e+02	5.09300000e-01	1.01000000e+00	1	5.04257426e-01	5.09300000e-01	1.00000000e+00	1	5.09300000e-01	5.09300000e-01	9.90000000e-01	1	5.14444444e-01	5.09333957e-01	5.09359424e-03	2.94078801e-03	5.04240362e-01	5.14427551e-01
5.77400000e+02	3.29600000e-01	1.01000000e+00	1	3.26336634e-01	3.29600000e-01	1.00000000e+00	1	3.29600000e-01	3.29600000e-01	9.90000000e-01	1	3.32929293e-01	3.29621976e-01	3.29638457e-03	1.90316852e-03	3.26325591e-01	3.32918360e-01
5.77500000e+02	3.06200000e-01	1.01000000e+00	1	3.03168317e-01	3.06200000e-01	1.00000000e+00	1	3.06200000e-01	3.06200000e-01	9.90000000e-01	1	3.09292929e-01	3.06220415e-01	3.06235727e-03	1.76805279e-03	3.03158058e-01	3.09282773e-01
5.77600000e+02	1.64700000e-01	1.01000000e+00	1	1.63069307e-01	1.64700000e-01	1.00000000e+00	1	1.64700000e-01	1.64700000e-01	9.90000000e-01	1	1.66363636e-01	1.64710981e-01	1.64719217e-03	9.51006842e-04	1.63063789e-01	1.66358173e-01
5.77700000e+02	1.95400000e-01	1.01000000e+00	1	1.93465347e-01	1.95400000e-01	1.00000000e+00	1	1.95400000e-01	1.95400000e-01	9.90000000e-01	1	1.97373737e-01	1.95413028e-01	1.95422799e-03	1.12827406e-03	1.93458800e-01	1.97367256e-01
5.77800000e+02	2.88900000e-01	1.01000000e+00	1	2.86039604e-01	2.88900000e-01	1.00000000e+00	1	2.88900000e-01	2.88900000e-01	9.90000000e-01	1	2.91818182e-01	2.88919262e-01	2.88933708e-03	1.66815954e-03	2.86029925e-01	2.91808599e-01
5.77900000e+02	2.97400000e-01	1.01000000e+00	1	2.94455446e-01	2.97400000e-01	1.00000000e+00	1	2.97400000e-01	2.97400000e-01	9.90000000e-01	1	3.00404040e-01	2.97419829e-01	2.97434700e-03	1.71724004e-03	2.94445482e-01	3.00394176e-01
5.78000000e+02	2.51900000e-01	1.01000000e+00	1	2.49405941e-01	2.51900000e-01	1.00000000e+00	1	2.51900000e-01	2.51900000e-01	9.90000000e-01	1	2.54444444e-01	2.51916795e-01	2.51929391e-03	1.45451502e-03	2.49397501e-01	2.54436089e-01
5.78100000e+02	1.99900000e-01	1.01000000e+00	1	1.97920792e-01	1.99900000e-01	1.00000000e+00	1	1.99900000e-01	1.99900000e-01	9.90000000e-01	1	2.01919192e-01	1.99913328e-01	1.99923324e-03	1.15425785e-03	1.97914095e-01	2.01912561e-01
5.78200000e+02	2.56400000e-01	1.01000000e+00	1	2.53861386e-01	2.56400000e-01	1.00000000e+00	1	2.56400000e-01	2.56400000e-01	9.90000000e-01	1	2.58989899e-01	2.56417095e-01	2.56429916e-03	1.48049881e-03	2.53852796e-01	2.58981394e-01
5.78300000e+02	2.06900000e-01	1.01000000e+00	1	2.04851485e-01	2.06900000e-01	1.00000000e+00	1	2.06900000e-01	2.06900000e-01	9.90000000e-01	1	2.08989899e-01	2.06913795e-01	2.06924141e-03	1.19467708e-03	2.04844553e-01	2.08983036e-01
5.78400000e+02	2.52800000e-01	1.01000000e+00	1	2.50297030e-01	2.52800000e-01	1.00000000e+00	1	2.52800000e-01	2.52800000e-01	9.90000000e-01	1	2.55353535e-01	2.52816855e-01	2.52829496e-03	1.45971178e-03	2.50288560e-01	2.55345150e-01
5.78500000e+02	1.69100000e-01	1.01000000e+00	1	1.67425743e-01	1.69100000e-01	1.00000000e+00	1	1.69100000e-01	1.69100000e-01	9.90000000e-01	1	1.70808081e-01	1.69111274e-01	1.69119730e-03	9.76413218e-04	1.67420077e-01	1.70802472e-01
5.78600000e+02	2.77800000e-01	1.01000000e+00	1	2.75049505e-01	2.77800000e-01	1.00000000e+00	1	2.77800000e-01	2.77800000e-01	9.90000000e-01	1	2.80606061e-01	2.77818522e-01	2.77832413e-03	1.60406619e-03	2.75040198e-01	2.80596846e-01
5.78700000e+02	1.69900000e-01	1.01000000e+00	1	1.68217822e-01	1.69900000e-01	1.00000000e+00	1	1.69900000e-01	1.69900000e-01	9.90000000e-01	1	1.71616162e-01	1.69911328e-01	1.69919824e-03	9.81032559e-04	1.68212130e-01	1.71610526e-01
5.78800000e+02	2.14600000e-01	1.01000000e+00	1	2.12475248e-01	2.14600000e-01	1.00000000e+00	1	2.14600000e-01	2.14600000e-01	9.90000000e-01	1	2.16767677e-01	2.14614308e-01	2.14625039e-03	1.23913824e-03	2.12468058e-01	2.16760558e-01
5.78900000e+02	2.59200000e-01	1.01000000e+00	1	2.56633663e-01	2.59200000e-01	1.00000000e+00	1	2.59200000e-01	2.59200000e-01	9.90000000e-01	1	2.61818182e-01	2.59217282e-01	2.59230243e-03	1.49666651e-03	2.56624979e-01	2.61809584e-01
5.79000000e+02	2.91900000e-01	1.01000000e+00	1	2.89009901e-01	2.91900000e-01	1.00000000e+00	1	2.91900000e-01	2.91900000e-01	9.90000000e-01	1	2.94848485e-01	2.91919462e-01	2.91934058e-03	1.68548207e-03	2.89000121e-01	2.94838803e-01
5.79100000e+02	3.27300000e-01	1.01000000e+00	1	3.24059406e-01	3.27300000e-01	1.00000000e+00	1	3.27300000e-01	3.27300000e-01	9.90000000e-01	1	3.30606061e-01	3.27321822e-01	3.27338189e-03	1.88988791e-03	3.24048440e-01	3.30595204e-01
5.79200000e+02	3.36600000e-01	1.01000000e+00	1	3.33267327e-01	3.36600000e-01	1.00000000e+00	1	3.36600000e-01	3.36600000e-01	9.90000000e-01	1	3.40000000e-01	3.36622442e-01	3.36639274e-03	1.94358775e-03	3.33256050e-01	3.39988835e-01
5.79300000e+02	5.31100000e-01	1.01000000e+00	1	5.25841584e-01	5.31100000e-01	1.00000000e+00	1	5.31100000e-01	5.31100000e-01	9.90000000e-01	1	5.36464646e-01	5.31135410e-01	5.31161968e-03	3.06666505e-03	5.25823791e-01	5.36447030e-01
5.79400000e+02	4.07500000e-01	1.01000000e+00	1	4.03465347e-01	4.07500000e-01	1.00000000e+00	1	4.07500000e-01	4.07500000e-01	9.90000000e-01	1	4.11616162e-01	4.07527169e-01	4.07547546e-03	2.35297686e-03	4.03451694e-01	4.11602645e-01
5.79500000e+02	4.31400000e-01	1.01000000e+00	1	4.27128713e-01	4.31400000e-01	1.00000000e+00	1	4.31400000e-01	4.31400000e-01	9.90000000e-01	1	4.35757576e-01	4.31428763e-01	4.31450335e-03	2.49097967e-03	4.27114260e-01	4.35743266e-01
5.79600000e+02	2.54200000e-01	1.01000000e+00	1	2.51683168e-01	2.54200000e-01	1.00000000e+00	1	2.54200000e-01	2.54200000e-01	9.90000000e-01	1	2.56767677e-01	2.54216948e-01	2.54229660e-03	1.46779562e-03	2.51674652e-01	2.56759245e-01
5.79700000e+02	2.63500000e-01	1.01000000e+00	1	2.60891089e-01	2.63500000e-01	1.00000000e+00	1	2.63500000e-01	2.63500000e-01	9.90000000e-01	1	2.66161616e-01	2.63517568e-01	2.63530745e-03	1.52149546e-03	2.60882261e-01	2.66152876e-01
5.79800000e+02	2.45600000e-01	1.01000000e+00	1	2.43168317e-01	2.45600000e-01	1.00000000e+00	1	2.45600000e-01	2.45600000e-01	9.90000000e-01	1	2.48080808e-01	2.45616375e-01	2.45628656e-03	1.41813771e-03	2.43160088e-01	2.48072662e-01
5.79900000e+02	2.23300000e-01	1.01000000e+00	1	2.21089109e-01	2.23300000e-01	1.00000000e+00	1	2.23300000e-01	2.23300000e-01	9.90000000e-01	1	2.25555556e-01	2.23314888e-01	2.23326054e-03	1.28937358e-03	2.21081628e-01	2.25548149e-01
5.80000000e+02	9.49900000e-02	1.01000000e+00	1	9.40495050e-02	9.49900000e-02	1.00000000e+00	1	9.49900000e-02	9.49900000e-02	9.90000000e-01	1	9.59494949e-02	9.49963333e-02	9.50010833e-04	5.48489010e-04	9.40463225e-02	9.59463441e-02
5.80100000e+02	1.21800000e-01	1.01000000e+00	1	1.20594059e-01	1.21800000e-01	1.00000000e+00	1	1.21800000e-01	1.21800000e-01	9.90000000e-01	1	1.23030303e-01	1.21808121e-01	1.21814211e-03	7.03294677e-04	1.20589979e-01	1.23026263e-01
5.80200000e+02	1.37700000e-01	1.01000000e+00	1	1.36336634e-01	1.37700000e-01	1.00000000e+00	1	1.37700000e-01	1.37700000e-01	9.90000000e-01	1	1.39090909e-01	1.37709181e-01	1.37716067e-03	7.95104081e-04	1.36332020e-01	1.39086342e-01
5.80300000e+02	1.65900000e-01	1.01000000e+00	1	1.64257426e-01	1.65900000e-01	1.00000000e+00	1	1.65900000e-01	1.65900000e-01	9.90000000e-01	1	1.67575758e-01	1.65911061e-01	1.65919357e-03	9.57935854e-04	1.64251868e-01	1.67570255e-01
5.80400000e+02	3.41900000e-01	1.01000000e+00	1	3.38514851e-01	3.41900000e-01	1.00000000e+00	1	3.41900000e-01	3.41900000e-01	9.90000000e-01	1	3.45353535e-01	3.41922796e-01	3.41939892e-03	1.97419089e-03	3.38503397e-01	3.45342195e-01
5.80500000e+02	3.75900000e-01	1.01000000e+00	1	3.72178218e-01	3.75900000e-01	1.00000000e+00	1	3.75900000e-01	3.75900000e-01	9.90000000e-01	1	3.79696970e-01	3.75925063e-01	3.75943859e-03	2.17051288e-03	3.72165624e-01	3.79684501e-01
5.80600000e+02	2.10700000e-01	1.01000000e+00	1	2.08613861e-01	2.10700000e-01	1.00000000e+00	1	2.10700000e-01	2.10700000e-01	9.90000000e-01	1	2.12828283e-01	2.10714048e-01	2.10724584e-03	1.21661895e-03	2.08606802e-01	2.12821294e-01
5.80700000e+02	3.17000000e-01	1.01000000e+00	1	3.13861386e-01	3.17000000e-01	1.00000000e+00	1	3.17000000e-01	3.17000000e-01	9.90000000e-01	1	3.20202020e-01	3.17021135e-01	3.17036987e-03	1.83041390e-03	3.13850766e-01	3.20191505e-01
5.80800000e+02	2.20700000e-01	1.01000000e+00	1	2.18514851e-01	2.20700000e-01	1.00000000e+00	1	2.20700000e-01	2.20700000e-01	9.90000000e-01	1	2.22929293e-01	2.20714715e-01	2.20725751e-03	1.27436072e-03	2.18507457e-01	2.22921972e-01
5.80900000e+02	5.93200000e-02	1.01000000e+00	1	5.87326733e-02	5.93200000e-02	1.00000000e+00	1	5.93200000e-02	5.93200000e-02	9.90000000e-01	1	5.99191919e-02	5.93239551e-02	5.93269214e-04	3.42524140e-04	5.87306858e-02	5.99172243e-02
5.81000000e+02	1.92400000e-01	1.01000000e+00	1	1.90495050e-01	1.92400000e-01	1.00000000e+00	1	1.92400000e-01	1.92400000e-01	9.90000000e-01	1	1.94343434e-01	1.92412828e-01	1.92422449e-03	1.11095153e-03	1.90488603e-01	1.94337052e-01
5.81100000e+02	1.09000000e-01	1.01000000e+00	1	1.07920792e-01	1.09000000e-01	1.00000000e+00	1	1.09000000e-01	1.09000000e-01	9.90000000e-01	1	1.10101010e-01	1.09007267e-01	1.09012718e-03	6.29385220e-04	1.07917140e-01	1.10097395e-01
5.81200000e+02	1.60100000e-01	1.01000000e+00	1	1.58514851e-01	1.60100000e-01	1.00000000e+00	1	1.60100000e-01	1.60100000e-01	9.90000000e-01	1	1.61717172e-01	1.60110674e-01	1.60118680e-03	9.24445631e-04	1.58509488e-01	1.61711861e-01
5.81300000e+02	1.93200000e-01	1.01000000e+00	1	1.91287129e-01	1.93200000e-01	1.00000000e+00	1	1.93200000e-01	1.93200000e-01	9.90000000e-01	1	1.95151515e-01	1.93212881e-01	1.93222542e-03	1.11557087e-03	1.91280656e-01	1.95145107e-01
5.81400000e+02	6.41100000e-02	1.01000000e+00	1	6.34752475e-02	6.41100000e-02	1.00000000e+00	1	6.41100000e-02	6.41100000e-02	9.90000000e-01	1	6.47575758e-02	6.41142744e-02	6.41174802e-04	3.70182445e-04	6.34730996e-02	6.47554492e-02
5.81500000e+02	2.26000000e-01	1.01000000e+00	1	2.23762376e-01	2.26000000e-01	1.00000000e+00	1	2.26000000e-01	2.26000000e-01	9.90000000e-01	1	2.28282828e-01	2.26015068e-01	2.26026369e-03	1.30496385e-03	2.23754804e-01	2.28275332e-01
5.81600000e+02	1.16200000e-01	1.01000000e+00	1	1.15049505e-01	1.16200000e-01	1.00000000e+00	1	1.16200000e-01	1.16200000e-01	9.90000000e-01	1	1.17373737e-01	1.16207747e-01	1.16213558e-03	6.70959290e-04	1.15045612e-01	1.17369883e-01
5.81700000e+02	8.93100000e-02	1.01000000e+00	1	8.84257426e-02	8.93100000e-02	1.00000000e+00	1	8.93100000e-02	8.93100000e-02	9.90000000e-01	1	9.02121212e-02	8.93159546e-02	8.93204205e-04	5.15691688e-04	8.84227504e-02	9.02091588e-02
5.81800000e+02	1.09600000e-01	1.01000000e+00	1	1.08514851e-01	1.09600000e-01	1.00000000e+00	1	1.09600000e-01	1.09600000e-01	9.90000000e-01	1	1.10707071e-01	1.09607307e-01	1.09612788e-03	6.32849726e-04	1.08511180e-01	1.10703435e-01
5.81900000e+02	1.20600000e-01	1.01000000e+00	1	1.19405941e-01	1.20600000e-01	1.00000000e+00	1	1.20600000e-01	1.20600000e-01	9.90000000e-01	1	1.21818182e-01	1.20608041e-01	1.20614071e-03	6.96365666e-04	1.19401900e-01	1.21814182e-01
5.82000000e+02	2.56900000e-01	1.01000000e+00	1	2.54356436e-01	2.56900000e-01	1.00000000e+00	1	2.56900000e-01	2.56900000e-01	9.90000000e-01	1	2.59494949e-01	2.56917128e-01	2.56929975e-03	1.48338590e-03	2.54347829e-01	2.59486428e-01
5.82100000e+02	2.94400000e-03	1.01000000e+00	1	2.91485149e-03	2.94400000e-03	1.00000000e+00	1	2.94400000e-03	2.94400000e-03	9.90000000e-01	1	2.97373737e-03	2.94419629e-03	2.94434350e-05	1.69991751e-05	2.91475285e-03	2.97363972e-03
5.82200000e+02	7.55800000e-02	1.01000000e+00	1	7.48316832e-02	7.55800000e-02	1.00000000e+00	1	7.55800000e-02	7.55800000e-02	9.90000000e-01	1	7.63434343e-02	7.55850392e-02	7.55888185e-04	4.36412247e-04	7.48291510e-02	7.63409274e-02
5.82300000e+02	4.42300000e-02	1.01000000e+00	1	4.37920792e-02	4.42300000e-02	1.00000000e+00	1	4.42300000e-02	4.42300000e-02	9.90000000e-01	1	4.46767677e-02	4.42329490e-02	4.42351607e-04	2.55391819e-04	4.37905974e-02	4.46753006e-02
5.82400000e+02	1.28700000e-01	1.01000000e+00	1	1.27425743e-01	1.28700000e-01	1.00000000e+00	1	1.28700000e-01	1.28700000e-01	9.90000000e-01	1	1.30000000e-01	1.28708581e-01	1.28715016e-03	7.43136494e-04	1.27421431e-01	1.29995731e-01
5.82500000e+02	1.00700000e-01	1.01000000e+00	1	9.97029703e-02	1.00700000e-01	1.00000000e+00	1	1.00700000e-01	1.00700000e-01	9.90000000e-01	1	1.01717172e-01	1.00706714e-01	1.00711749e-03	5.81459557e-04	9.96995965e-02	1.01713831e-01
5.82600000e+02	7.38400000e-02	1.01000000e+00	1	7.31089109e-02	7.38400000e-02	1.00000000e+00	1	7.38400000e-02	7.38400000e-02	9.90000000e-01	1	7.45858586e-02	7.38449232e-02	7.38486155e-04	4.26365180e-04	7.31064370e-02	7.45834093e-02
5.82700000e+02	3.03200000e-01	1.01000000e+00	1	3.00198020e-01	3.03200000e-01	1.00000000e+00	1	3.03200000e-01	3.03200000e-01	9.90000000e-01	1	3.06262626e-01	3.03220215e-01	3.03235377e-03	1.75073026e-03	3.00187862e-01	3.06252569e-01
5.82800000e+02	3.18900000e-01	1.01000000e+00	1	3.15742574e-01	3.18900000e-01	1.00000000e+00	1	3.18900000e-01	3.18900000e-01	9.90000000e-01	1	3.22121212e-01	3.18921262e-01	3.18937209e-03	1.84138483e-03	3.15731890e-01	3.22110634e-01
5.82900000e+02	2.41400000e-01	1.01000000e+00	1	2.39009901e-01	2.41400000e-01	1.00000000e+00	1	2.41400000e-01	2.41400000e-01	9.90000000e-01	1	2.43838384e-01	2.41416095e-01	2.41428166e-03	1.39388617e-03	2.39001813e-01	2.43830377e-01
5.83000000e+02	3.54500000e-02	1.01000000e+00	1	3.50990099e-02	3.54500000e-02	1.00000000e+00	1	3.54500000e-02	3.54500000e-02	9.90000000e-01	1	3.58080808e-02	3.54523636e-02	3.54541362e-04	2.04694551e-04	3.50978222e-02	3.58069049e-02
5.83100000e+02	8.31600000e-02	1.01000000e+00	1	8.23366337e-02	8.31600000e-02	1.00000000e+00	1	8.31600000e-02	8.31600000e-02	9.90000000e-01	1	8.40000000e-02	8.31655446e-02	8.31697030e-04	4.80180504e-04	8.23338475e-02	8.39972416e-02
5.83200000e+02	3.00900000e-01	1.01000000e+00	1	2.97920792e-01	3.00900000e-01	1.00000000e+00	1	3.00900000e-01	3.00900000e-01	9.90000000e-01	1	3.03939394e-01	3.00920062e-01	3.00935108e-03	1.73744966e-03	2.97910711e-01	3.03929413e-01
5.83300000e+02	3.13100000e-01	1.01000000e+00	1	3.10000000e-01	3.13100000e-01	1.00000000e+00	1	3.13100000e-01	3.13100000e-01	9.90000000e-01	1	3.16262626e-01	3.13120875e-01	3.13136532e-03	1.80789461e-03	3.09989510e-01	3.16252241e-01
5.83400000e+02	1.11300000e-01	1.01000000e+00	1	1.10198020e-01	1.11300000e-01	1.00000000e+00	1	1.11300000e-01	1.11300000e-01	9.90000000e-01	1	1.12424242e-01	1.11307421e-01	1.11312986e-03	6.42665826e-04	1.10194291e-01	1.12420551e-01
5.83500000e+02	2.39600000e-01	1.01000000e+00	1	2.37227723e-01	2.39600000e-01	1.00000000e+00	1	2.39600000e-01	2.39600000e-01	9.90000000e-01	1	2.42020202e-01	2.39615975e-01	2.39627956e-03	1.38349265e-03	2.37219695e-01	2.42012254e-01
5.83600000e+02	1.03500000e-01	1.01000000e+00	1	1.02475248e-01	1.03500000e-01	1.00000000e+00	1	1.03500000e-01	1.03500000e-01	9.90000000e-01	1	1.04545455e-01	1.03506901e-01	1.03512076e-03	5.97627251e-04	1.02471780e-01	1.04542021e-01
5.83700000e+02	2.33000000e-01	1.01000000e+00	1	2.30693069e-01	2.33000000e-01	1.00000000e+00	1	2.33000000e-01	2.33000000e-01	9.90000000e-01	1	2.35353535e-01	2.33015535e-01	2.33027186e-03	1.34538309e-03	2.30685263e-01	2.35345807e-01
5.83800000e+02	2.27500000e-01	1.01000000e+00	1	2.25247525e-01	2.27500000e-01	1.00000000e+00	1	2.27500000e-01	2.27500000e-01	9.90000000e-01	1	2.29797980e-01	2.27515168e-01	2.27526544e-03	1.31362512e-03	2.25239903e-01	2.29790434e-01
5.83900000e+02	1.15200000e-01	1.01000000e+00	1	1.14059406e-01	1.15200000e-01	1.00000000e+00	1	1.15200000e-01	1.15200000e-01	9.90000000e-01	1	1.16363636e-01	1.15207681e-01	1.15213441e-03	6.65185114e-04	1.14055546e-01	1.16359815e-01
5.84000000e+02	5.58200000e-02	1.01000000e+00	1	5.52673267e-02	5.58200000e-02	1.00000000e+00	1	5.58200000e-02	5.58200000e-02	9.90000000e-01	1	5.63838384e-02	5.58237217e-02	5.58265130e-04	3.22314523e-04	5.52654566e-02	5.63819868e-02
5.84100000e+02	1.41800000e-01	1.01000000e+00	1	1.40396040e-01	1.41800000e-01	1.00000000e+00	1	1.41800000e-01	1.41800000e-01	9.90000000e-01	1	1.43232323e-01	1.41809454e-01	1.41816545e-03	8.18778204e-04	1.40391289e-01	1.43227620e-01
5.84200000e+02	9.00600000e-02	1.01000000e+00	1	8.91683168e-02	9.00600000e-02	1.00000000e+00	1	9.00600000e-02	9.00600000e-02	9.90000000e-01	1	9.09696970e-02	9.00660046e-02	9.00705080e-04	5.20022321e-04	8.91652995e-02	9.09667097e-02
5.84300000e+02	-2.96300000e-02	1.01000000e+00	1	-2.93366337e-02	-2.96300000e-02	1.00000000e+00	1	-2.96300000e-02	-2.96300000e-02	9.90000000e-01	1	-2.99292929e-02	-2.96319755e-02	2.96334572e-04	1.71088845e-04	0.00000000e+00	0.00000000e+00
5.84400000e+02	-4.35800000e-03	1.01000000e+00	1	-4.31485149e-03	-4.35800000e-03	1.00000000e+00	1	-4.35800000e-03	-4.35800000e-03	9.90000000e-01	1	-4.40202020e-03	-4.35829056e-03	4.35850848e-05	2.51638605e-05	0.00000000e+00	0.00000000e+00
5.84500000e+02	6.79600000e-02	1.01000000e+00	1	6.72871287e-02	6.79600000e-02	1.00000000e+00	1	6.79600000e-02	6.79600000e-02	9.90000000e-01	1	6.86464646e-02	6.79645311e-02	6.79679295e-04	3.92413024e-04	6.72848518e-02	6.86442104e-02
5.84600000e+02	1.53900000e-01	1.01000000e+00	1	1.52376238e-01	1.53900000e-01	1.00000000e+00	1	1.53900000e-01	1.53900000e-01	9.90000000e-01	1	1.55454545e-01	1.53910261e-01	1.53917957e-03	8.88645738e-04	1.52371081e-01	1.55449441e-01
5.84700000e+02	1.66100000e-01	1.01000000e+00	1	1.64455446e-01	1.66100000e-01	1.00000000e+00	1	1.66100000e-01	1.66100000e-01	9.90000000e-01	1	1.67777778e-01	1.66111074e-01	1.66119380e-03	9.59090689e-04	1.64449881e-01	1.67772268e-01
5.84800000e+02	1.13800000e-01	1.01000000e+00	1	1.12673267e-01	1.13800000e-01	1.00000000e+00	1	1.13800000e-01	1.13800000e-01	9.90000000e-01	1	1.14949495e-01	1.13807587e-01	1.13813278e-03	6.57101267e-04	1.12669455e-01	1.14945720e-01
5.84900000e+02	1.35800000e-01	1.01000000e+00	1	1.34455446e-01	1.35800000e-01	1.00000000e+00	1	1.35800000e-01	1.35800000e-01	9.90000000e-01	1	1.37171717e-01	1.35809054e-01	1.35815845e-03	7.84133146e-04	1.34450896e-01	1.37167213e-01
5.85000000e+02	3.16900000e-02	1.01000000e+00	1	3.13762376e-02	3.16900000e-02	1.00000000e+00	1	3.16900000e-02	3.16900000e-02	9.90000000e-01	1	3.20101010e-02	3.16921129e-02	3.16936975e-04	1.82983648e-04	3.13751759e-02	3.20090499e-02
5.85100000e+02	4.49800000e-01	1.01000000e+00	1	4.45346535e-01	4.49800000e-01	1.00000000e+00	1	4.49800000e-01	4.49800000e-01	9.90000000e-01	1	4.54343434e-01	4.49829990e-01	4.49852482e-03	2.59722451e-03	4.45331465e-01	4.54328514e-01
5.85200000e+02	9.59000000e-02	1.01000000e+00	1	9.49504950e-02	9.59000000e-02	1.00000000e+00	1	9.59000000e-02	9.59000000e-02	9.90000000e-01	1	9.68686869e-02	9.59063940e-02	9.59111894e-04	5.53743510e-04	9.49472821e-02	9.68655059e-02
5.85300000e+02	7.93700000e-02	1.01000000e+00	1	7.85841584e-02	7.93700000e-02	1.00000000e+00	1	7.93700000e-02	7.93700000e-02	9.90000000e-01	1	8.01717172e-02	7.93752919e-02	7.93792607e-04	4.58296376e-04	7.85814993e-02	8.01690845e-02
5.85400000e+02	1.65500000e-01	1.01000000e+00	1	1.63861386e-01	1.65500000e-01	1.00000000e+00	1	1.65500000e-01	1.65500000e-01	9.90000000e-01	1	1.67171717e-01	1.65511034e-01	1.65519310e-03	9.55626183e-04	1.63855841e-01	1.67166228e-01
5.85500000e+02	4.98700000e-02	1.01000000e+00	1	4.93762376e-02	4.98700000e-02	1.00000000e+00	1	4.98700000e-02	4.98700000e-02	9.90000000e-01	1	5.03737374e-02	4.98733250e-02	4.98758187e-04	2.87958174e-04	4.93745668e-02	5.03720832e-02
5.85600000e+02	1.99100000e-01	1.01000000e+00	1	1.97128713e-01	1.99100000e-01	1.00000000e+00	1	1.99100000e-01	1.99100000e-01	9.90000000e-01	1	2.01111111e-01	1.99113275e-01	1.99123231e-03	1.14963851e-03	1.97122042e-01	2.01104507e-01
5.85700000e+02	1.00500000e-01	1.01000000e+00	1	9.95049505e-02	1.00500000e-01	1.00000000e+00	1	1.00500000e-01	1.00500000e-01	9.90000000e-01	1	1.01515152e-01	1.00506701e-01	1.00511726e-03	5.80304722e-04	9.95015834e-02	1.01511818e-01
5.85800000e+02	1.97700000e-02	1.01000000e+00	1	1.95742574e-02	1.97700000e-02	1.00000000e+00	1	1.97700000e-02	1.97700000e-02	9.90000000e-01	1	1.99696970e-02	1.97713181e-02	1.97723067e-04	1.14155466e-04	1.95735951e-02	1.99690412e-02
5.85900000e+02	9.69000000e-02	1.01000000e+00	1	9.59405941e-02	9.69000000e-02	1.00000000e+00	1	9.69000000e-02	9.69000000e-02	9.90000000e-01	1	9.78787879e-02	9.69064606e-02	9.69113061e-04	5.59517687e-04	9.59373476e-02	9.78755737e-02
5.86000000e+02	3.54800000e-02	1.01000000e+00	1	3.51287129e-02	3.54800000e-02	1.00000000e+00	1	3.54800000e-02	3.54800000e-02	9.90000000e-01	1	3.58383838e-02	3.54823656e-02	3.54841397e-04	2.04867776e-04	3.51275242e-02	3.58372070e-02
5.86100000e+02	4.69000000e-02	1.01000000e+00	1	4.64356436e-02	4.69000000e-02	1.00000000e+00	1	4.69000000e-02	4.69000000e-02	9.90000000e-01	1	4.73737374e-02	4.69031270e-02	4.69054722e-04	2.70808870e-04	4.64340723e-02	4.73721817e-02
5.86200000e+02	3.30800000e-02	1.01000000e+00	1	3.27524752e-02	3.30800000e-02	1.00000000e+00	1	3.30800000e-02	3.30800000e-02	9.90000000e-01	1	3.34141414e-02	3.30822056e-02	3.30838597e-04	1.91009753e-04	3.27513670e-02	3.34130442e-02
5.86300000e+02	5.73000000e-02	1.01000000e+00	1	5.67326733e-02	5.73000000e-02	1.00000000e+00	1	5.73000000e-02	5.73000000e-02	9.90000000e-01	1	5.78787879e-02	5.73038204e-02	5.73066857e-04	3.30860304e-04	5.67307535e-02	5.78768872e-02
5.86400000e+02	-1.78300000e-02	1.01000000e+00	1	-1.76534653e-02	-1.78300000e-02	1.00000000e+00	1	-1.78300000e-02	-1.78300000e-02	9.90000000e-01	1	-1.80101010e-02	-1.78311888e-02	1.78320804e-04	1.02953564e-04	0.00000000e+00	0.00000000e+00
5.86500000e+02	1.24500000e-01	1.01000000e+00	1	1.23267327e-01	1.24500000e-01	1.00000000e+00	1	1.24500000e-01	1.24500000e-01	9.90000000e-01	1	1.25757576e-01	1.24508301e-01	1.24514526e-03	7.18884954e-04	1.23263156e-01	1.25753446e-01
5.86600000e+02	3.51900000e-02	1.01000000e+00	1	3.48415842e-02	3.51900000e-02	1.00000000e+00	1	3.51900000e-02	3.51900000e-02	9.90000000e-01	1	3.55454545e-02	3.51923462e-02	3.51941059e-04	2.03193265e-04	3.48404052e-02	3.55442873e-02
5.86700000e+02	-7.36500000e-02	1.01000000e+00	1	-7.29207921e-02	-7.36500000e-02	1.00000000e+00	1	-7.36500000e-02	-7.36500000e-02	9.90000000e-01	1	-7.43939394e-02	-7.36549105e-02	7.36585933e-04	4.25268087e-04	0.00000000e+00	0.00000000e+00
5.86800000e+02	1.46700000e-01	1.01000000e+00	1	1.45247525e-01	1.46700000e-01	1.00000000e+00	1	1.46700000e-01	1.46700000e-01	9.90000000e-01	1	1.48181818e-01	1.46709781e-01	1.46717117e-03	8.47071668e-04	1.45242610e-01	1.48176952e-01
5.86900000e+02	6.71000000e-02	1.01000000e+00	1	6.64356436e-02	6.71000000e-02	1.00000000e+00	1	6.71000000e-02	6.71000000e-02	9.90000000e-01	1	6.77777778e-02	6.71044738e-02	6.71078291e-04	3.87447232e-04	6.64333955e-02	6.77755521e-02
5.87000000e+02	-6.94000000e-02	1.01000000e+00	1	-6.87128713e-02	-6.94000000e-02	1.00000000e+00	1	-6.94000000e-02	-6.94000000e-02	9.90000000e-01	1	-7.01010101e-02	-6.94046271e-02	6.94080975e-04	4.00727838e-04	0.00000000e+00	0.00000000e+00
5.87100000e+02	-9.74200000e-02	1.01000000e+00	1	-9.64554455e-02	-9.74200000e-02	1.00000000e+00	1	-9.74200000e-02	-9.74200000e-02	9.90000000e-01	1	-9.84040404e-02	-9.74264953e-02	9.74313668e-04	5.62520258e-04	0.00000000e+00	0.00000000e+00
5.87200000e+02	1.24400000e-02	1.01000000e+00	1	1.23168317e-02	1.24400000e-02	1.00000000e+00	1	1.24400000e-02	1.24400000e-02	9.90000000e-01	1	1.25656566e-02	1.24408294e-02	1.24414515e-04	7.18307536e-05	1.23164149e-02	1.25652439e-02
5.87300000e+02	4.19400000e-02	1.01000000e+00	1	4.15247525e-02	4.19400000e-02	1.00000000e+00	1	4.19400000e-02	4.19400000e-02	9.90000000e-01	1	4.23636364e-02	4.19427963e-02	4.19448935e-04	2.42168955e-04	4.15233473e-02	4.23622452e-02
5.87400000e+02	6.66600000e-02	1.01000000e+00	1	6.60000000e-02	6.66600000e-02	1.00000000e+00	1	6.66600000e-02	6.66600000e-02	9.90000000e-01	1	6.73333333e-02	6.66644444e-02	6.66677778e-04	3.84906594e-04	6.59977667e-02	6.73311222e-02
5.87500000e+02	-1.55200000e-02	1.01000000e+00	1	-1.53663366e-02	-1.55200000e-02	1.00000000e+00	1	-1.55200000e-02	-1.55200000e-02	9.90000000e-01	1	-1.56767677e-02	-1.55210348e-02	1.55218108e-04	8.96152167e-05	0.00000000e+00	0.00000000e+00
5.87600000e+02	-8.01600000e-02	1.01000000e+00	1	-7.93663366e-02	-8.01600000e-02	1.00000000e+00	1	-8.01600000e-02	-8.01600000e-02	9.90000000e-01	1	-8.09696970e-02	-8.01653445e-02	8.01693529e-04	4.62857975e-04	0.00000000e+00	0.00000000e+00
5.87700000e+02	1.53500000e-01	1.01000000e+00	1	1.51980198e-01	1.53500000e-01	1.00000000e+00	1	1.53500000e-01	1.53500000e-01	9.90000000e-01	1	1.55050505e-01	1.53510234e-01	1.53517910e-03	8.86336067e-04	1.51975055e-01	1.55045413e-01
5.87800000e+02	1.41200000e-01	1.01000000e+00	1	1.39801980e-01	1.41200000e-01	1.00000000e+00	1	1.41200000e-01	1.41200000e-01	9.90000000e-01	1	1.42626263e-01	1.41209414e-01	1.41216475e-03	8.15313698e-04	1.39797250e-01	1.42621579e-01
5.87900000e+02	9.98200000e-02	1.01000000e+00	1	9.88316832e-02	9.98200000e-02	1.00000000e+00	1	9.98200000e-02	9.98200000e-02	9.90000000e-01	1	1.00828283e-01	9.98266553e-02	9.98316468e-04	5.76378282e-04	9.88283389e-02	1.00824972e-01
5.88000000e+02	2.67400000e-02	1.01000000e+00	1	2.64752475e-02	2.67400000e-02	1.00000000e+00	1	2.67400000e-02	2.67400000e-02	9.90000000e-01	1	2.70101010e-02	2.67417828e-02	2.67431200e-04	1.54401475e-04	2.64743516e-02	2.70092140e-02
5.88100000e+02	1.60500000e-01	1.01000000e+00	1	1.58910891e-01	1.60500000e-01	1.00000000e+00	1	1.60500000e-01	1.60500000e-01	9.90000000e-01	1	1.62121212e-01	1.60510701e-01	1.60518727e-03	9.26755302e-04	1.58905514e-01	1.62115888e-01
5.88200000e+02	-6.95300000e-03	1.01000000e+00	1	-6.88415842e-03	-6.95300000e-03	1.00000000e+00	1	-6.95300000e-03	-6.95300000e-03	9.90000000e-01	1	-7.02323232e-03	-6.95346358e-03	6.95381126e-05	4.01478480e-05	0.00000000e+00	0.00000000e+00
5.88300000e+02	9.51000000e-02	1.01000000e+00	1	9.41584158e-02	9.51000000e-02	1.00000000e+00	1	9.51000000e-02	9.51000000e-02	9.90000000e-01	1	9.60606061e-02	9.51063406e-02	9.51110961e-04	5.49124169e-04	9.41552297e-02	9.60574516e-02
5.88400000e+02	1.04600000e-01	1.01000000e+00	1	1.03564356e-01	1.04600000e-01	1.00000000e+00	1	1.04600000e-01	1.04600000e-01	9.90000000e-01	1	1.05656566e-01	1.04606974e-01	1.04612205e-03	6.03978845e-04	1.03560852e-01	1.05653096e-01
5.88500000e+02	1.10800000e-02	1.01000000e+00	1	1.09702970e-02	1.10800000e-02	1.00000000e+00	1	1.10800000e-02	1.10800000e-02	9.90000000e-01	1	1.11919192e-02	1.10807387e-02	1.10812928e-04	6.39778738e-05	1.09699258e-02	1.11915517e-02
5.88600000e+02	-3.47600000e-02	1.01000000e+00	1	-3.44158416e-02	-3.47600000e-02	1.00000000e+00	1	-3.47600000e-02	-3.47600000e-02	9.90000000e-01	1	-3.51111111e-02	-3.47623176e-02	3.47640557e-04	2.00710369e-04	0.00000000e+00	0.00000000e+00
5.88700000e+02	-5.76700000e-03	1.01000000e+00	1	-5.70990099e-03	-5.76700000e-03	1.00000000e+00	1	-5.76700000e-03	-5.76700000e-03	9.90000000e-01	1	-5.82525253e-03	-5.76738451e-03	5.76767288e-05	3.32996749e-05	0.00000000e+00	0.00000000e+00
5.88800000e+02	4.30400000e-02	1.01000000e+00	1	4.26138614e-02	4.30400000e-02	1.00000000e+00	1	4.30400000e-02	4.30400000e-02	9.90000000e-01	1	4.34747475e-02	4.30428696e-02	4.30450218e-04	2.48520549e-04	4.26124194e-02	4.34733198e-02
5.88900000e+02	9.88000000e-02	1.01000000e+00	1	9.78217822e-02	9.88000000e-02	1.00000000e+00	1	9.88000000e-02	9.88000000e-02	9.90000000e-01	1	9.97979798e-02	9.88065873e-02	9.88115278e-04	5.70488622e-04	9.78184720e-02	9.97947026e-02
5.89000000e+02	6.48200000e-03	1.01000000e+00	1	6.41782178e-03	6.48200000e-03	1.00000000e+00	1	6.48200000e-03	6.48200000e-03	9.90000000e-01	1	6.54747475e-03	6.48243218e-03	6.48275631e-05	3.74282110e-05	6.41760461e-03	6.54725974e-03
5.89100000e+02	2.42300000e-03	1.01000000e+00	1	2.39900990e-03	2.42300000e-03	1.00000000e+00	1	2.42300000e-03	2.42300000e-03	9.90000000e-01	1	2.44747475e-03	2.42316155e-03	2.42328271e-05	1.39908293e-05	2.39892872e-03	2.44739438e-03
5.89200000e+02	8.10400000e-02	1.01000000e+00	1	8.02376238e-02	8.10400000e-02	1.00000000e+00	1	8.10400000e-02	8.10400000e-02	9.90000000e-01	1	8.18585859e-02	8.10454032e-02	8.10494556e-04	4.67939250e-04	8.02349087e-02	8.18558978e-02
5.89300000e+02	8.84100000e-02	1.01000000e+00	1	8.75346535e-02	8.84100000e-02	1.00000000e+00	1	8.84100000e-02	8.84100000e-02	9.90000000e-01	1	8.93030303e-02	8.84158946e-02	8.84203155e-04	5.10494930e-04	8.75316914e-02	8.93000977e-02
5.89400000e+02	-3.28100000e-02	1.01000000e+00	1	-3.24851485e-02	-3.28100000e-02	1.00000000e+00	1	-3.28100000e-02	-3.28100000e-02	9.90000000e-01	1	-3.31414141e-02	-3.28121876e-02	3.28138282e-04	1.89450726e-04	0.00000000e+00	0.00000000e+00
5.89500000e+02	5.04400000e-02	1.01000000e+00	1	4.99405941e-02	5.04400000e-02	1.00000000e+00	1	5.04400000e-02	5.04400000e-02	9.90000000e-01	1	5.09494949e-02	5.04433630e-02	5.04458852e-04	2.91249454e-04	4.99389042e-02	5.09478219e-02
5.89600000e+02	-5.14500000e-03	1.01000000e+00	1	-5.09405941e-03	-5.14500000e-03	1.00000000e+00	1	-5.14500000e-03	-5.14500000e-03	9.90000000e-01	1	-5.19696970e-03	-5.14534303e-03	5.14560031e-05	2.97081372e-05	0.00000000e+00	0.00000000e+00
5.89700000e+02	1.90500000e-01	1.01000000e+00	1	1.88613861e-01	1.90500000e-01	1.00000000e+00	1	1.90500000e-01	1.90500000e-01	9.90000000e-01	1	1.92424242e-01	1.90512701e-01	1.90522227e-03	1.09998059e-03	1.88607479e-01	1.92417924e-01
5.89800000e+02	8.31400000e-02	1.01000000e+00	1	8.23168317e-02	8.31400000e-02	1.00000000e+00	1	8.31400000e-02	8.31400000e-02	9.90000000e-01	1	8.39797980e-02	8.31455432e-02	8.31497006e-04	4.80065020e-04	8.23140462e-02	8.39770402e-02
5.89900000e+02	-3.48700000e-02	1.01000000e+00	1	-3.45247525e-02	-3.48700000e-02	1.00000000e+00	1	-3.48700000e-02	-3.48700000e-02	9.90000000e-01	1	-3.52222222e-02	-3.48723249e-02	3.48740686e-04	2.01345529e-04	0.00000000e+00	0.00000000e+00
5.90000000e+02	-3.51600000e-02	1.01000000e+00	1	-3.48118812e-02	-3.51600000e-02	1.00000000e+00	1	-3.51600000e-02	-3.51600000e-02	9.90000000e-01	1	-3.55151515e-02	-3.51623442e-02	3.51641024e-04	2.03020040e-04	0.00000000e+00	0.00000000e+00
5.90100000e+02	5.96500000e-02	1.01000000e+00	1	5.90594059e-02	5.96500000e-02	1.00000000e+00	1	5.96500000e-02	5.96500000e-02	9.90000000e-01	1	6.02525253e-02	5.96539771e-02	5.96569599e-04	3.44429618e-04	5.90574075e-02	6.02505467e-02
5.90200000e+02	3.17100000e-02	1.01000000e+00	1	3.13960396e-02	3.17100000e-02	1.00000000e+00	1	3.17100000e-02	3.17100000e-02	9.90000000e-01	1	3.20303030e-02	3.17121142e-02	3.17136999e-04	1.83099132e-04	3.13949772e-02	3.20292512e-02
5.90300000e+02	-6.67000000e-02	1.01000000e+00	1	-6.60396040e-02	-6.67000000e-02	1.00000000e+00	1	-6.67000000e-02	-6.67000000e-02	9.90000000e-01	1	-6.73737374e-02	-6.67044471e-02	6.67077824e-04	3.85137561e-04	0.00000000e+00	0.00000000e+00
5.90400000e+02	4.98200000e-02	1.01000000e+00	1	4.93267327e-02	4.98200000e-02	1.00000000e+00	1	4.98200000e-02	4.98200000e-02	9.90000000e-01	1	5.03232323e-02	4.98233217e-02	4.98258129e-04	2.87669465e-04	4.93250635e-02	5.03215798e-02
5.90500000e+02	1.79400000e-01	1.01000000e+00	1	1.77623762e-01	1.79400000e-01	1.00000000e+00	1	1.79400000e-01	1.79400000e-01	9.90000000e-01	1	1.81212121e-01	1.79411961e-01	1.79420932e-03	1.03588723e-03	1.77617752e-01	1.81206171e-01
5.90600000e+02	5.26100000e-02	1.01000000e+00	1	5.20891089e-02	5.26100000e-02	1.00000000e+00	1	5.26100000e-02	5.26100000e-02	9.90000000e-01	1	5.31414141e-02	5.26135077e-02	5.26161384e-04	3.03779417e-04	5.20873463e-02	5.31396691e-02
5.90700000e+02	-2.94400000e-02	1.01000000e+00	1	-2.91485149e-02	-2.94400000e-02	1.00000000e+00	1	-2.94400000e-02	-2.94400000e-02	9.90000000e-01	1	-2.97373737e-02	-2.94419629e-02	2.94434350e-04	1.69991751e-04	0.00000000e+00	0.00000000e+00
5.90800000e+02	-4.30900000e-02	1.01000000e+00	1	-4.26633663e-02	-4.30900000e-02	1.00000000e+00	1	-4.30900000e-02	-4.30900000e-02	9.90000000e-01	1	-4.35252525e-02	-4.30928730e-02	4.30950277e-04	2.48809258e-04	0.00000000e+00	0.00000000e+00
5.90900000e+02	2.33400000e-01	1.01000000e+00	1	2.31089109e-01	2.33400000e-01	1.00000000e+00	1	2.33400000e-01	2.33400000e-01	9.90000000e-01	1	2.35757576e-01	2.33415562e-01	2.33427233e-03	1.34769276e-03	2.31081289e-01	2.35749834e-01
5.91000000e+02	3.22900000e-03	1.01000000e+00	1	3.19702970e-03	3.22900000e-03	1.00000000e+00	1	3.22900000e-03	3.22900000e-03	9.90000000e-01	1	3.26161616e-03	3.22921529e-03	3.22937675e-05	1.86448154e-05	3.19692152e-03	3.26150906e-03
5.91100000e+02	-6.93600000e-02	1.01000000e+00	1	-6.86732673e-02	-6.93600000e-02	1.00000000e+00	1	-6.93600000e-02	-6.93600000e-02	9.90000000e-01	1	-7.00606061e-02	-6.93646245e-02	6.93680928e-04	4.00496871e-04	0.00000000e+00	0.00000000e+00
5.91200000e+02	-5.78500000e-02	1.01000000e+00	1	-5.72772277e-02	-5.78500000e-02	1.00000000e+00	1	-5.78500000e-02	-5.78500000e-02	9.90000000e-01	1	-5.84343434e-02	-5.78538571e-02	5.78567498e-04	3.34036101e-04	0.00000000e+00	0.00000000e+00
5.91300000e+02	2.62500000e-03	1.01000000e+00	1	2.59900990e-03	2.62500000e-03	1.00000000e+00	1	2.62500000e-03	2.62500000e-03	9.90000000e-01	1	2.65151515e-03	2.62517502e-03	2.62530628e-05	1.51572129e-05	2.59892195e-03	2.65142808e-03
5.91400000e+02	-1.78000000e-02	1.01000000e+00	1	-1.76237624e-02	-1.78000000e-02	1.00000000e+00	1	-1.78000000e-02	-1.78000000e-02	9.90000000e-01	1	-1.79797980e-02	-1.78011868e-02	1.78020769e-04	1.02780339e-04	0.00000000e+00	0.00000000e+00
5.91500000e+02	3.26900000e-02	1.01000000e+00	1	3.23663366e-02	3.26900000e-02	1.00000000e+00	1	3.26900000e-02	3.26900000e-02	9.90000000e-01	1	3.30202020e-02	3.26921796e-02	3.26938142e-04	1.88757824e-04	3.23652414e-02	3.30191177e-02
5.91600000e+02	-7.75400000e-02	1.01000000e+00	1	-7.67722772e-02	-7.75400000e-02	1.00000000e+00	1	-7.75400000e-02	-7.75400000e-02	9.90000000e-01	1	-7.83232323e-02	-7.75451699e-02	7.75490472e-04	4.47729633e-04	0.00000000e+00	0.00000000e+00
5.91700000e+02	-4.03900000e-02	1.01000000e+00	1	-3.99900990e-02	-4.03900000e-02	1.00000000e+00	1	-4.03900000e-02	-4.03900000e-02	9.90000000e-01	1	-4.07979798e-02	-4.03926929e-02	4.03947126e-04	2.33218982e-04	0.00000000e+00	0.00000000e+00
5.91800000e+02	7.92500000e-02	1.01000000e+00	1	7.84653465e-02	7.92500000e-02	1.00000000e+00	1	7.92500000e-02	7.92500000e-02	9.90000000e-01	1	8.00505051e-02	7.92552839e-02	7.92592467e-04	4.57603474e-04	7.84626914e-02	8.00478763e-02
5.91900000e+02	-5.57400000e-02	1.01000000e+00	1	-5.51881188e-02	-5.57400000e-02	1.00000000e+00	1	-5.57400000e-02	-5.57400000e-02	9.90000000e-01	1	-5.63030303e-02	-5.57437164e-02	5.57465036e-04	3.21852589e-04	0.00000000e+00	0.00000000e+00
5.92000000e+02	-1.37800000e-01	1.01000000e+00	1	-1.36435644e-01	-1.37800000e-01	1.00000000e+00	1	-1.37800000e-01	-1.37800000e-01	9.90000000e-01	1	-1.39191919e-01	-1.37809188e-01	1.37816078e-03	7.95681499e-04	0.00000000e+00	0.00000000e+00
5.92100000e+02	-1.21100000e-01	1.01000000e+00	1	-1.19900990e-01	-1.21100000e-01	1.00000000e+00	1	-1.21100000e-01	-1.21100000e-01	9.90000000e-01	1	-1.22323232e-01	-1.21108074e-01	1.21114130e-03	6.99252754e-04	0.00000000e+00	0.00000000e+00
5.92200000e+02	8.48900000e-02	1.01000000e+00	1	8.40495050e-02	8.48900000e-02	1.00000000e+00	1	8.48900000e-02	8.48900000e-02	9.90000000e-01	1	8.57474747e-02	8.48956599e-02	8.48999048e-04	4.90169829e-04	8.40466609e-02	8.57446589e-02
5.92300000e+02	-1.12700000e-01	1.01000000e+00	1	-1.11584158e-01	-1.12700000e-01	1.00000000e+00	1	-1.12700000e-01	-1.12700000e-01	9.90000000e-01	1	-1.13838384e-01	-1.12707514e-01	1.12713150e-03	6.50749673e-04	0.00000000e+00	0.00000000e+00
5.92400000e+02	-1.21400000e-01	1.01000000e+00	1	-1.20198020e-01	-1.21400000e-01	1.00000000e+00	1	-1.21400000e-01	-1.21400000e-01	9.90000000e-01	1	-1.22626263e-01	-1.21408094e-01	1.21414165e-03	7.00985007e-04	0.00000000e+00	0.00000000e+00
5.92500000e+02	1.22100000e-01	1.01000000e+00	1	1.20891089e-01	1.22100000e-01	1.00000000e+00	1	1.22100000e-01	1.22100000e-01	9.90000000e-01	1	1.23333333e-01	1.22108141e-01	1.22114246e-03	7.05026930e-04	1.20886998e-01	1.23329283e-01
5.92600000e+02	6.16300000e-02	1.01000000e+00	1	6.10198020e-02	6.16300000e-02	1.00000000e+00	1	6.16300000e-02	6.16300000e-02	9.90000000e-01	1	6.22525253e-02	6.16341091e-02	6.16371909e-04	3.55862487e-04	6.10177372e-02	6.22504810e-02
5.92700000e+02	3.73800000e-02	1.01000000e+00	1	3.70099010e-02	3.73800000e-02	1.00000000e+00	1	3.73800000e-02	3.73800000e-02	9.90000000e-01	1	3.77575758e-02	3.73824922e-02	3.73843614e-04	2.15838711e-04	3.70086486e-02	3.77563359e-02
5.92800000e+02	4.71900000e-02	1.01000000e+00	1	4.67227723e-02	4.71900000e-02	1.00000000e+00	1	4.71900000e-02	4.71900000e-02	9.90000000e-01	1	4.76666667e-02	4.71931463e-02	4.71955060e-04	2.72483381e-04	4.67211913e-02	4.76651014e-02
5.92900000e+02	1.94900000e-02	1.01000000e+00	1	1.92970297e-02	1.94900000e-02	1.00000000e+00	1	1.94900000e-02	1.94900000e-02	9.90000000e-01	1	1.96868687e-02	1.94912995e-02	1.94922741e-04	1.12538697e-04	1.92963767e-02	1.96862222e-02
5.93000000e+02	-1.43100000e-02	1.01000000e+00	1	-1.41683168e-02	-1.43100000e-02	1.00000000e+00	1	-1.43100000e-02	-1.43100000e-02	9.90000000e-01	1	-1.44545455e-02	-1.43109541e-02	1.43116697e-04	8.26284633e-05	0.00000000e+00	0.00000000e+00
5.93100000e+02	1.85700000e-01	1.01000000e+00	1	1.83861386e-01	1.85700000e-01	1.00000000e+00	1	1.85700000e-01	1.85700000e-01	9.90000000e-01	1	1.87575758e-01	1.85712381e-01	1.85721667e-03	1.07226455e-03	1.83855165e-01	1.87569598e-01
5.93200000e+02	8.55700000e-02	1.01000000e+00	1	8.47227723e-02	8.55700000e-02	1.00000000e+00	1	8.55700000e-02	8.55700000e-02	9.90000000e-01	1	8.64343434e-02	8.55757052e-02	8.55799842e-04	4.94096269e-04	8.47199054e-02	8.64315051e-02
5.93300000e+02	5.28900000e-03	1.01000000e+00	1	5.23663366e-03	5.28900000e-03	1.00000000e+00	1	5.28900000e-03	5.28900000e-03	9.90000000e-01	1	5.34242424e-03	5.28935264e-03	5.28961711e-05	3.05396186e-05	5.23645646e-03	5.34224881e-03
5.93400000e+02	-7.67200000e-02	1.01000000e+00	1	-7.59603960e-02	-7.67200000e-02	1.00000000e+00	1	-7.67200000e-02	-7.67200000e-02	9.90000000e-01	1	-7.74949495e-02	-7.67251152e-02	7.67289516e-04	4.42994808e-04	0.00000000e+00	0.00000000e+00
5.93500000e+02	1.31300000e-01	1.01000000e+00	1	1.30000000e-01	1.31300000e-01	1.00000000e+00	1	1.31300000e-01	1.31300000e-01	9.90000000e-01	1	1.32626263e-01	1.31308754e-01	1.31315320e-03	7.58149353e-04	1.29995601e-01	1.32621907e-01
5.93600000e+02	3.64900000e-02	1.01000000e+00	1	3.61287129e-02	3.64900000e-02	1.00000000e+00	1	3.64900000e-02	3.64900000e-02	9.90000000e-01	1	3.68585859e-02	3.64924329e-02	3.64942576e-04	2.10699694e-04	3.61274903e-02	3.68573755e-02
5.93700000e+02	-1.44000000e-01	1.01000000e+00	1	-1.42574257e-01	-1.44000000e-01	1.00000000e+00	1	-1.44000000e-01	-1.44000000e-01	9.90000000e-01	1	-1.45454545e-01	-1.44009601e-01	1.44016802e-03	8.31481392e-04	0.00000000e+00	0.00000000e+00
5.93800000e+02	1.79700000e-02	1.01000000e+00	1	1.77920792e-02	1.79700000e-02	1.00000000e+00	1	1.79700000e-02	1.79700000e-02	9.90000000e-01	1	1.81515152e-02	1.79711981e-02	1.79720967e-04	1.03761949e-04	1.77914772e-02	1.81509191e-02
5.93900000e+02	-6.09600000e-02	1.01000000e+00	1	-6.03564356e-02	-6.09600000e-02	1.00000000e+00	1	-6.09600000e-02	-6.09600000e-02	9.90000000e-01	1	-6.15757576e-02	-6.09640644e-02	6.09671127e-04	3.51993789e-04	0.00000000e+00	0.00000000e+00
5.94000000e+02	4.36000000e-02	1.01000000e+00	1	4.31683168e-02	4.36000000e-02	1.00000000e+00	1	4.36000000e-02	4.36000000e-02	9.90000000e-01	1	4.40404040e-02	4.36029070e-02	4.36050872e-04	2.51754088e-04	4.31668561e-02	4.40389578e-02
5.94100000e+02	1.47400000e-02	1.01000000e+00	1	1.45940594e-02	1.47400000e-02	1.00000000e+00	1	1.47400000e-02	1.47400000e-02	9.90000000e-01	1	1.48888889e-02	1.47409828e-02	1.47417198e-04	8.51113592e-05	1.45935656e-02	1.48884000e-02
5.94200000e+02	-3.69200000e-02	1.01000000e+00	1	-3.65544554e-02	-3.69200000e-02	1.00000000e+00	1	-3.69200000e-02	-3.69200000e-02	9.90000000e-01	1	-3.72929293e-02	-3.69224616e-02	3.69243078e-04	2.13182590e-04	0.00000000e+00	0.00000000e+00
5.94300000e+02	-4.43300000e-03	1.01000000e+00	1	-4.38910891e-03	-4.43300000e-03	1.00000000e+00	1	-4.43300000e-03	-4.43300000e-03	9.90000000e-01	1	-4.47777778e-03	-4.43329556e-03	4.43351723e-05	2.55969237e-05	0.00000000e+00	0.00000000e+00
5.94400000e+02	-3.06300000e-02	1.01000000e+00	1	-3.03267327e-02	-3.06300000e-02	1.00000000e+00	1	-3.06300000e-02	-3.06300000e-02	9.90000000e-01	1	-3.09393939e-02	-3.06320422e-02	3.06335739e-04	1.76863021e-04	0.00000000e+00	0.00000000e+00
5.94500000e+02	4.07000000e-02	1.01000000e+00	1	4.02970297e-02	4.07000000e-02	1.00000000e+00	1	4.07000000e-02	4.07000000e-02	9.90000000e-01	1	4.11111111e-02	4.07027136e-02	4.07047488e-04	2.35008977e-04	4.02956661e-02	4.11097611e-02
5.94600000e+02	-7.93600000e-02	1.01000000e+00	1	-7.85742574e-02	-7.93600000e-02	1.00000000e+00	1	-7.93600000e-02	-7.93600000e-02	9.90000000e-01	1	-8.01616162e-02	-7.93652912e-02	7.93692596e-04	4.58238634e-04	0.00000000e+00	0.00000000e+00
5.94700000e+02	4.24000000e-02	1.01000000e+00	1	4.19801980e-02	4.24000000e-02	1.00000000e+00	1	4.24000000e-02	4.24000000e-02	9.90000000e-01	1	4.28282828e-02	4.24028269e-02	4.24049472e-04	2.44825077e-04	4.19787775e-02	4.28268764e-02
5.94800000e+02	2.24000000e-02	1.01000000e+00	1	2.21782178e-02	2.24000000e-02	1.00000000e+00	1	2.24000000e-02	2.24000000e-02	9.90000000e-01	1	2.26262626e-02	2.24014935e-02	2.24026136e-04	1.29341550e-04	2.21774673e-02	2.26255196e-02
5.94900000e+02	-4.48600000e-03	1.01000000e+00	1	-4.44158416e-03	-4.48600000e-03	1.00000000e+00	1	-4.48600000e-03	-4.48600000e-03	9.90000000e-01	1	-4.53131313e-03	-4.48629910e-03	4.48652342e-05	2.59029550e-05	0.00000000e+00	0.00000000e+00
5.95000000e+02	1.19200000e-01	1.01000000e+00	1	1.18019802e-01	1.19200000e-01	1.00000000e+00	1	1.19200000e-01	1.19200000e-01	9.90000000e-01	1	1.20404040e-01	1.19207947e-01	1.19213908e-03	6.88281819e-04	1.18015808e-01	1.20400087e-01
5.95100000e+02	9.36900000e-02	1.01000000e+00	1	9.27623762e-02	9.36900000e-02	1.00000000e+00	1	9.36900000e-02	9.36900000e-02	9.90000000e-01	1	9.46363636e-02	9.36962466e-02	9.37009316e-04	5.40982581e-04	9.27592373e-02	9.46332559e-02
5.95200000e+02	-1.43000000e-02	1.01000000e+00	1	-1.41584158e-02	-1.43000000e-02	1.00000000e+00	1	-1.43000000e-02	-1.43000000e-02	9.90000000e-01	1	-1.44444444e-02	-1.43009534e-02	1.43016685e-04	8.25707216e-05	0.00000000e+00	0.00000000e+00
5.95300000e+02	-4.91700000e-02	1.01000000e+00	1	-4.86831683e-02	-4.91700000e-02	1.00000000e+00	1	-4.91700000e-02	-4.91700000e-02	9.90000000e-01	1	-4.96666667e-02	-4.91732783e-02	4.91757371e-04	2.83916250e-04	0.00000000e+00	0.00000000e+00
5.95400000e+02	1.95900000e-01	1.01000000e+00	1	1.93960396e-01	1.95900000e-01	1.00000000e+00	1	1.95900000e-01	1.95900000e-01	9.90000000e-01	1	1.97878788e-01	1.95913061e-01	1.95922857e-03	1.13116114e-03	1.93953833e-01	1.97872290e-01
5.95500000e+02	-5.44600000e-02	1.01000000e+00	1	-5.39207921e-02	-5.44600000e-02	1.00000000e+00	1	-5.44600000e-02	-5.44600000e-02	9.90000000e-01	1	-5.50101010e-02	-5.44636310e-02	5.44663543e-04	3.14461643e-04	0.00000000e+00	0.00000000e+00
5.95600000e+02	3.64900000e-02	1.01000000e+00	1	3.61287129e-02	3.64900000e-02	1.00000000e+00	1	3.64900000e-02	3.64900000e-02	9.90000000e-01	1	3.68585859e-02	3.64924329e-02	3.64942576e-04	2.10699694e-04	3.61274903e-02	3.68573755e-02
5.95700000e+02	5.86100000e-02	1.01000000e+00	1	5.80297030e-02	5.86100000e-02	1.00000000e+00	1	5.86100000e-02	5.86100000e-02	9.90000000e-01	1	5.92020202e-02	5.86139077e-02	5.86168385e-04	3.38424475e-04	5.80277393e-02	5.92000761e-02
5.95800000e+02	-3.77400000e-02	1.01000000e+00	1	-3.73663366e-02	-3.77400000e-02	1.00000000e+00	1	-3.77400000e-02	-3.77400000e-02	9.90000000e-01	1	-3.81212121e-02	-3.77425163e-02	3.77444034e-04	2.17917415e-04	0.00000000e+00	0.00000000e+00
5.95900000e+02	-1.30800000e-02	1.01000000e+00	1	-1.29504950e-02	-1.30800000e-02	1.00000000e+00	1	-1.30800000e-02	-1.30800000e-02	9.90000000e-01	1	-1.32121212e-02	-1.30808721e-02	1.30815262e-04	7.55262264e-05	0.00000000e+00	0.00000000e+00
5.96000000e+02	5.96300000e-02	1.01000000e+00	1	5.90396040e-02	5.96300000e-02	1.00000000e+00	1	5.96300000e-02	5.96300000e-02	9.90000000e-01	1	6.02323232e-02	5.96339757e-02	5.96369575e-04	3.44314135e-04	5.90376062e-02	6.02303453e-02
5.96100000e+02	1.35900000e-01	1.01000000e+00	1	1.34554455e-01	1.35900000e-01	1.00000000e+00	1	1.35900000e-01	1.35900000e-01	9.90000000e-01	1	1.37272727e-01	1.35909061e-01	1.35915857e-03	7.84710564e-04	1.34549902e-01	1.37268219e-01
5.96200000e+02	-6.14400000e-02	1.01000000e+00	1	-6.08316832e-02	-6.14400000e-02	1.00000000e+00	1	-6.14400000e-02	-6.14400000e-02	9.90000000e-01	1	-6.20606061e-02	-6.14440964e-02	6.14471687e-04	3.54765394e-04	0.00000000e+00	0.00000000e+00
5.96300000e+02	-1.09400000e-01	1.01000000e+00	1	-1.08316832e-01	-1.09400000e-01	1.00000000e+00	1	-1.09400000e-01	-1.09400000e-01	9.90000000e-01	1	-1.10505051e-01	-1.09407294e-01	1.09412765e-03	6.31694891e-04	0.00000000e+00	0.00000000e+00
5.96400000e+02	-1.32800000e-01	1.01000000e+00	1	-1.31485149e-01	-1.32800000e-01	1.00000000e+00	1	-1.32800000e-01	-1.32800000e-01	9.90000000e-01	1	-1.34141414e-01	-1.32808854e-01	1.32815495e-03	7.66810617e-04	0.00000000e+00	0.00000000e+00
5.96500000e+02	-4.20300000e-02	1.01000000e+00	1	-4.16138614e-02	-4.20300000e-02	1.00000000e+00	1	-4.20300000e-02	-4.20300000e-02	9.90000000e-01	1	-4.24545455e-02	-4.20328023e-02	4.20349040e-04	2.42688631e-04	0.00000000e+00	0.00000000e+00
5.96600000e+02	-5.80200000e-02	1.01000000e+00	1	-5.74455446e-02	-5.80200000e-02	1.00000000e+00	1	-5.80200000e-02	-5.80200000e-02	9.90000000e-01	1	-5.86060606e-02	-5.80238684e-02	5.80267697e-04	3.35017711e-04	0.00000000e+00	0.00000000e+00
5.96700000e+02	1.05800000e-01	1.01000000e+00	1	1.04752475e-01	1.05800000e-01	1.00000000e+00	1	1.05800000e-01	1.05800000e-01	9.90000000e-01	1	1.06868687e-01	1.05807054e-01	1.05812345e-03	6.10907856e-04	1.04748931e-01	1.06865177e-01
5.96800000e+02	3.67600000e-02	1.01000000e+00	1	3.63960396e-02	3.67600000e-02	1.00000000e+00	1	3.67600000e-02	3.67600000e-02	9.90000000e-01	1	3.71313131e-02	3.67624509e-02	3.67642891e-04	2.12258722e-04	3.63948080e-02	3.71300938e-02
5.96900000e+02	-1.20600000e-01	1.01000000e+00	1	-1.19405941e-01	-1.20600000e-01	1.00000000e+00	1	-1.20600000e-01	-1.20600000e-01	9.90000000e-01	1	-1.21818182e-01	-1.20608041e-01	1.20614071e-03	6.96365666e-04	0.00000000e+00	0.00000000e+00
5.97000000e+02	-8.64000000e-02	1.01000000e+00	1	-8.55445545e-02	-8.64000000e-02	1.00000000e+00	1	-8.64000000e-02	-8.64000000e-02	9.90000000e-01	1	-8.72727273e-02	-8.64057606e-02	8.64100810e-04	4.98888835e-04	0.00000000e+00	0.00000000e+00
5.97100000e+02	1.02900000e-01	1.01000000e+00	1	1.01881188e-01	1.02900000e-01	1.00000000e+00	1	1.02900000e-01	1.02900000e-01	9.90000000e-01	1	1.03939394e-01	1.02906861e-01	1.02912006e-03	5.94162745e-04	1.01877741e-01	1.03935981e-01
5.97200000e+02	7.07400000e-02	1.01000000e+00	1	7.00396040e-02	7.07400000e-02	1.00000000e+00	1	7.07400000e-02	7.07400000e-02	9.90000000e-01	1	7.14545455e-02	7.07447165e-02	7.07482538e-04	4.08465234e-04	7.00372339e-02	7.14521990e-02
5.97300000e+02	9.34400000e-02	1.01000000e+00	1	9.25148515e-02	9.34400000e-02	1.00000000e+00	1	9.34400000e-02	9.34400000e-02	9.90000000e-01	1	9.43838384e-02	9.34462300e-02	9.34509024e-04	5.39539037e-04	9.25117209e-02	9.43807390e-02
5.97400000e+02	4.74000000e-02	1.01000000e+00	1	4.69306931e-02	4.74000000e-02	1.00000000e+00	1	4.74000000e-02	4.74000000e-02	9.90000000e-01	1	4.78787879e-02	4.74031603e-02	4.74055305e-04	2.73695958e-04	4.69291050e-02	4.78772156e-02
5.97500000e+02	-1.35400000e-01	1.01000000e+00	1	-1.34059406e-01	-1.35400000e-01	1.00000000e+00	1	-1.35400000e-01	-1.35400000e-01	9.90000000e-01	1	-1.36767677e-01	-1.35409028e-01	1.35415798e-03	7.81823476e-04	0.00000000e+00	0.00000000e+00
5.97600000e+02	3.67200000e-02	1.01000000e+00	1	3.63564356e-02	3.67200000e-02	1.00000000e+00	1	3.67200000e-02	3.67200000e-02	9.90000000e-01	1	3.70909091e-02	3.67224482e-02	3.67242844e-04	2.12027755e-04	3.63552054e-02	3.70896911e-02
5.97700000e+02	7.43000000e-02	1.01000000e+00	1	7.35643564e-02	7.43000000e-02	1.00000000e+00	1	7.43000000e-02	7.43000000e-02	9.90000000e-01	1	7.50505051e-02	7.43049538e-02	7.43086692e-04	4.29021302e-04	7.35618671e-02	7.50480405e-02
5.97800000e+02	-4.14100000e-02	1.01000000e+00	1	-4.10000000e-02	-4.14100000e-02	1.00000000e+00	1	-4.14100000e-02	-4.14100000e-02	9.90000000e-01	1	-4.18282828e-02	-4.14127609e-02	4.14148316e-04	2.39108642e-04	0.00000000e+00	0.00000000e+00
5.97900000e+02	1.63800000e-02	1.01000000e+00	1	1.62178218e-02	1.63800000e-02	1.00000000e+00	1	1.63800000e-02	1.63800000e-02	9.90000000e-01	1	1.65454545e-02	1.63810921e-02	1.63819112e-04	9.45810083e-05	1.62172730e-02	1.65449112e-02
5.98000000e+02	-2.42800000e-02	1.01000000e+00	1	-2.40396040e-02	-2.42800000e-02	1.00000000e+00	1	-2.42800000e-02	-2.42800000e-02	9.90000000e-01	1	-2.45252525e-02	-2.42816188e-02	2.42828329e-04	1.40197001e-04	0.00000000e+00	0.00000000e+00
5.98100000e+02	-8.98400000e-02	1.01000000e+00	1	-8.89504950e-02	-8.98400000e-02	1.00000000e+00	1	-8.98400000e-02	-8.98400000e-02	9.90000000e-01	1	-9.07474747e-02	-8.98459899e-02	8.98504824e-04	5.18752002e-04	0.00000000e+00	0.00000000e+00
5.98200000e+02	1.92100000e-02	1.01000000e+00	1	1.90198020e-02	1.92100000e-02	1.00000000e+00	1	1.92100000e-02	1.92100000e-02	9.90000000e-01	1	1.94040404e-02	1.92112808e-02	1.92122414e-04	1.10921927e-04	1.90191584e-02	1.94034032e-02
5.98300000e+02	-2.82100000e-03	1.01000000e+00	1	-2.79306931e-03	-2.82100000e-03	1.00000000e+00	1	-2.82100000e-03	-2.82100000e-03	9.90000000e-01	1	-2.84949495e-03	-2.82118809e-03	2.82132915e-05	1.62889514e-05	0.00000000e+00	0.00000000e+00
5.98400000e+02	2.73200000e-02	1.01000000e+00	1	2.70495050e-02	2.73200000e-02	1.00000000e+00	1	2.73200000e-02	2.73200000e-02	9.90000000e-01	1	2.75959596e-02	2.73218215e-02	2.73231876e-04	1.57750497e-04	2.70485896e-02	2.75950534e-02
5.98500000e+02	2.70900000e-03	1.01000000e+00	1	2.68217822e-03	2.70900000e-03	1.00000000e+00	1	2.70900000e-03	2.70900000e-03	9.90000000e-01	1	2.73636364e-03	2.70918062e-03	2.70931608e-05	1.56422437e-05	2.68208746e-03	2.73627378e-03
5.98600000e+02	-4.65000000e-02	1.01000000e+00	1	-4.60396040e-02	-4.65000000e-02	1.00000000e+00	1	-4.65000000e-02	-4.65000000e-02	9.90000000e-01	1	-4.69696970e-02	-4.65031003e-02	4.65054255e-04	2.68499200e-04	0.00000000e+00	0.00000000e+00
5.98700000e+02	-1.60400000e-02	1.01000000e+00	1	-1.58811881e-02	-1.60400000e-02	1.00000000e+00	1	-1.60400000e-02	-1.60400000e-02	9.90000000e-01	1	-1.62020202e-02	-1.60410694e-02	1.60418715e-04	9.26177884e-05	0.00000000e+00	0.00000000e+00
5.98800000e+02	6.64600000e-02	1.01000000e+00	1	6.58019802e-02	6.64600000e-02	1.00000000e+00	1	6.64600000e-02	6.64600000e-02	9.90000000e-01	1	6.71313131e-02	6.64644311e-02	6.64677544e-04	3.83751759e-04	6.57997536e-02	6.71291087e-02
5.98900000e+02	-1.41800000e-01	1.01000000e+00	1	-1.40396040e-01	-1.41800000e-01	1.00000000e+00	1	-1.41800000e-01	-1.41800000e-01	9.90000000e-01	1	-1.43232323e-01	-1.41809454e-01	1.41816545e-03	8.18778204e-04	0.00000000e+00	0.00000000e+00
5.99000000e+02	-5.45300000e-02	1.01000000e+00	1	-5.39900990e-02	-5.45300000e-02	1.00000000e+00	1	-5.45300000e-02	-5.45300000e-02	9.90000000e-01	1	-5.50808081e-02	-5.45336357e-02	5.45363625e-04	3.14865835e-04	0.00000000e+00	0.00000000e+00
5.99100000e+02	-8.36200000e-02	1.01000000e+00	1	-8.27920792e-02	-8.36200000e-02	1.00000000e+00	1	-8.36200000e-02	-8.36200000e-02	9.90000000e-01	1	-8.44646465e-02	-8.36255752e-02	8.36297566e-04	4.82836625e-04	0.00000000e+00	0.00000000e+00
5.99200000e+02	1.23700000e-02	1.01000000e+00	1	1.22475248e-02	1.23700000e-02	1.00000000e+00	1	1.23700000e-02	1.23700000e-02	9.90000000e-01	1	1.24949495e-02	1.23708247e-02	1.23714433e-04	7.14265612e-05	1.22471103e-02	1.24945392e-02
5.99300000e+02	8.95200000e-02	1.01000000e+00	1	8.86336634e-02	8.95200000e-02	1.00000000e+00	1	8.95200000e-02	8.95200000e-02	9.90000000e-01	1	9.04242424e-02	8.95259686e-02	8.95304450e-04	5.16904265e-04	8.86306641e-02	9.04212730e-02
5.99400000e+02	-3.09400000e-02	1.01000000e+00	1	-3.06336634e-02	-3.09400000e-02	1.00000000e+00	1	-3.09400000e-02	-3.09400000e-02	9.90000000e-01	1	-3.12525253e-02	-3.09420629e-02	3.09436100e-04	1.78653016e-04	0.00000000e+00	0.00000000e+00
5.99500000e+02	-1.04400000e-01	1.01000000e+00	1	-1.03366337e-01	-1.04400000e-01	1.00000000e+00	1	-1.04400000e-01	-1.04400000e-01	9.90000000e-01	1	-1.05454545e-01	-1.04406961e-01	1.04412181e-03	6.02824009e-04	0.00000000e+00	0.00000000e+00
5.99600000e+02	-8.84000000e-02	1.01000000e+00	1	-8.75247525e-02	-8.84000000e-02	1.00000000e+00	1	-8.84000000e-02	-8.84000000e-02	9.90000000e-01	1	-8.92929293e-02	-8.84058939e-02	8.84103144e-04	5.10437188e-04	0.00000000e+00	0.00000000e+00
5.99700000e+02	2.63100000e-02	1.01000000e+00	1	2.60495050e-02	2.63100000e-02	1.00000000e+00	1	2.63100000e-02	2.63100000e-02	9.90000000e-01	1	2.65757576e-02	2.63117542e-02	2.63130698e-04	1.51918579e-04	2.60486235e-02	2.65748849e-02
5.99800000e+02	-1.61500000e-01	1.01000000e+00	1	-1.59900990e-01	-1.61500000e-01	1.00000000e+00	1	-1.61500000e-01	-1.61500000e-01	9.90000000e-01	1	-1.63131313e-01	-1.61510768e-01	1.61518844e-03	9.32529478e-04	0.00000000e+00	0.00000000e+00
5.99900000e+02	-3.47300000e-03	1.01000000e+00	1	-3.43861386e-03	-3.47300000e-03	1.00000000e+00	1	-3.47300000e-03	-3.47300000e-03	9.90000000e-01	1	-3.50808081e-03	-3.47323156e-03	3.47340522e-05	2.00537144e-05	0.00000000e+00	0.00000000e+00
