Wavelength [nm]	Wavenumbers [1/cm]	2107362U1_0001	2107362U1_0002	2107362U1_0003	2107362U1_0004	2107362U1_0005	2107362U1_0006	2107362U1_0007	2107362U1_0008	2107362U1_0009	2107362U1_0010	2107362U1_0011	2107362U1_0012	2107362U1_0013	2107362U1_0014	2107362U1_0015	2107362U1_0016	2107362U1_0017	2107362U1_0018	2107362U1_0019	2107362U1_0020	2107362U1_0021	2107362U1_0022	2107362U1_0023	2107362U1_0024	2107362U1_0025	2107362U1_0026	2107362U1_0027	2107362U1_0028	2107362U1_0029	2107362U1_0030	2107362U1_0031
175.355	57027.31	0.06606	-0.002578	0.02942	-0.003628	0.02301	0.0676	0.01313	0.03563	-0.0003959	0.02198	0.04677	0.02862	0.05448	0.03281	0.02601	-0.01218	0.003802	-0.02802	0.01755	-0.005887	-8.061E-5	0.003666	-0.03115	0.005322	0.006356	0.03624	0.05007	0.02315	0.03498	0.02339	0.03613
175.931	56840.38	-0.002836	-0.2437	0.2074	-0.08612	0.1523	0.1462	0.02476	0.1139	1.071	0.09314	0.09351	3.825	0.1305	0.3341	0.1341	0.7283	0.1304	0.7454	3.825	3.824	0.01901	0.04376	0.8071	0.1825	0.7466	0.1505	0.2623	0.268	-0.07005	0.04219	0.2544
176.508	56654.66	-0.006651	-0.05973	0.06062	0.2385	0.2592	0.1243	0.1094	0.1002	0.2264	0.07836	0.07945	0.3291	0.05945	0.0762	-0.03039	0.2195	0.2208	0.2172	0.5584	0.327	0.08042	0.05499	0.1648	0.1908	0.1235	0.1075	0.2052	0.1651	0.01772	0.1947	0.01287
177.085	56470.15	0.07413	0.1311	0.09568	0.1468	0.1354	0.07143	-0.01583	0.04099	0.0887	0.01088	0.1128	-0.009509	0.04397	0.05401	0.02425	-0.07879	0.1058	0.03157	0.09433	0.05186	0.05007	0.08128	0.03844	0.1438	0.02273	-0.01427	-0.05176	0.1044	0.04582	0.08235	0.02982
177.661	56286.85	-0.0544	-0.009088	-0.04235	-0.08227	-0.06877	-0.04374	-0.05504	-0.0367	-0.05015	-0.08037	0.02311	-0.0292	0.02223	-0.02323	-0.0157	-0.0855	-0.07404	-0.06775	-0.06612	-0.02467	-0.03889	0.0405	-0.08466	-0.02484	-0.02714	-0.01771	-0.08249	0.004028	-0.03612	-0.07465	-0.0809
178.238	56104.72	0.03497	0.03847	-0.01007	-0.05523	0.06085	0.03777	0.01412	0.01265	-0.03283	0.02591	0.05065	0.03962	0.08647	0.02103	0.03641	-0.01134	-0.04188	-0.0248	0.03249	-0.04377	0.006695	0.004448	-0.00734	-0.007075	0.03013	-0.02088	-0.02339	0.05754	0.01	-0.03549	0.01627
178.815	55923.78	0.08495	0.04451	0.05769	0.02279	0.0218	0.119	-0.01419	0.08374	0.03888	0.06879	0.04861	0.03709	0.07878	0.01648	0.04237	0.03092	-0.03632	0.02983	0.03742	-0.008071	-0.02274	0.03305	0.00908	-0.002871	0.1551	0.00511	0.02577	0.07247	0.05904	0.04697	-0.03148
179.392	55743.99	0.06209	0.007027	0.04437	0.02777	0.017	0.05143	0.06376	0.06898	0.03424	0.07353	0.03608	0.09012	0.06256	0.004638	0.04204	0.07297	0.001159	0.07012	0.02466	0.08245	0.01816	0.0767	0.05323	-0.003037	0.07834	0.03113	0.07365	0.1088	0.06941	0.0497	0.02204
179.968	55565.36	0.03637	0.0008584	0.08988	-0.04874	0.01204	0.001646	-0.04491	-0.01758	0.0001586	0.01661	0.09204	0.004446	-0.07569	-0.0305	-0.04313	0.1062	-0.04021	0.004526	0.0372	-0.05247	0.07833	0.08201	-0.0608	0.03153	-0.03261	-0.01076	-0.05731	0.009793	-0.05042	-0.03524	-0.09211
180.545	55387.87	-0.01328	-0.01938	0.0436	-0.01517	-0.005666	0.002534	-0.05169	0.01054	-0.0131	0.003908	0.02835	-0.01505	-0.05047	-0.02878	-0.06596	0.05768	0.02664	0.000563	0.08929	-0.06252	0.003558	0.06475	0.0183	0.02629	-0.00864	0.03078	-0.0674	0.0007976	-0.04269	-0.007943	0.03309
181.122	55211.51	0.02391	-0.1099	-0.09496	0.04192	0.03458	-0.02155	0.009421	0.08494	0.09431	0.004186	-0.09131	0.02868	-0.02219	0.08391	0.006601	0.1456	0.1653	0.04082	0.01973	0.00101	-0.0424	0.1685	0.18	0.02333	0.001344	0.04091	0.1855	-0.0215	0.1635	0.0006824	0.04828
181.698	55036.27	0.03408	-0.08493	-0.07253	0.01664	0.02558	-0.01958	0.001389	0.05195	0.0852	-0.006282	-0.05216	0.008528	-0.01571	0.08289	0.03214	0.1145	0.09912	0.01189	-0.04242	-0.01286	-0.01745	0.1173	0.1031	0.01828	-0.02272	0.005506	0.163	-0.04105	0.1511	-0.01595	-0.02881
182.275	54862.14	-0.01663	-0.01516	-0.0001326	0.0428	0.03395	-0.02602	-0.01095	0.001121	-0.0005185	0.0161	0.04491	0.06093	0.03696	0.08347	0.01365	0.0777	0.04623	0.03414	0.004755	0.1143	0.009301	0.0002734	0.08516	0.01889	0.03962	0.03033	0.03065	0.01792	0.02929	-0.005395	0.01572
182.852	54689.10	-0.006367	-0.01926	0.02183	0.04281	0.06703	-0.01062	-0.03263	0.02721	0.02707	0.04199	0.04918	0.07279	0.02266	0.1012	0.01269	0.07867	0.0812	0.05417	0.02803	0.1614	0.008561	0.03073	0.09338	0.02107	0.04779	0.03771	0.01859	0.03862	0.04278	-0.01563	0.02653
183.428	54517.16	-0.01353	0.004447	-0.0215	-0.0368	0.05635	0.01895	-0.06689	-0.02636	0.02148	0.02405	0.001419	-0.1029	-0.04474	0.04363	-0.04331	-0.09814	-0.05671	-0.06385	-0.03894	-0.0607	-0.06264	0.0182	-0.1244	-0.05049	-0.05703	-0.03745	-0.08295	0.03169	-0.02244	-0.03972	-0.006012
184.005	54346.29	-0.05445	0.02397	-0.1196	-0.02612	0.04887	-0.02382	-0.05379	-0.1083	-0.04327	-0.008314	-0.04098	-0.1456	-0.06058	0.05721	-0.08355	-0.1346	-0.1428	-0.1124	-0.08159	-0.1231	-0.1054	-0.02133	-0.1796	-0.09296	-0.05659	-0.06981	-0.09959	0.03294	-0.09892	-0.03893	-0.02423
184.582	54176.49	1.185	1.201	1.173	1.178	1.175	1.194	1.173	1.189	1.16	1.182	1.163	1.181	1.171	1.189	1.201	1.163	1.173	1.168	1.185	1.166	1.167	1.198	1.169	1.186	1.196	1.18	1.156	1.181	1.18	1.192	1.163
185.159	54007.75	4	4.001	4	4.001	4	4	4	4	4	4.001	4	4.001	4.001	4	4.001	4	4	4	4	4	4.001	4	4	4	4	4	4	4	4	4	4
185.735	53840.05	4	4.001	4	4.001	4	4	4	4	4	4.001	4	4.001	4.001	4	4.001	4	4	4	4	4	4.001	4	4	4	4	4	4	4	4	4	4
186.312	53673.40	4	4.001	4	4.001	3.776	4	4	3.786	4	4.001	4	4.001	4.001	3.621	4.001	4	4	4	4	4	4.001	4	4	4	4	3.666	3.667	4.027	4	4	4
186.889	53507.77	4	4.001	4	4.001	2.83	4	4	2.88	4	4.001	4	4.001	4.001	2.023	4.001	4	4	4	4	4	4.001	4	4	4	4	2.257	2.262	4.138	4	4	4
187.465	53343.16	4	4.001	4	4.001	4	4	4	4	4	4.001	4	4.001	4.001	4	4.001	4	4	4	4	4	4.001	4	4	4	4	4	4	4	4	4	4
188.042	53179.56	4	4.001	4	4.001	4	4	4	4	4	4.001	4	4.001	4.001	4	4.001	4	4	4	4	4	4.001	4	4	4	4	4	4	4	4	4	4
188.619	53016.96	4	4.001	4	4.001	4	4	4	4	4	4.001	4	4.001	4.001	4	4.001	4	4	4	4	4	4.001	4	4	4	4	4	4	4	4	4	4
189.196	52855.36	4	4.001	4	4.001	4	4	4	4	4	4.001	4	4.001	4.001	4	4.001	4	4	4	4	4	4.001	4	4	4	4	4	4	4	4	4	4
189.772	52694.73	4	2.841	1.866	3.335	2.541	1.755	2.446	2.12	2.484	4.001	2.242	2.632	4.001	2.191	4.001	3.896	4	1.659	2.373	4	4.001	1.581	4	1.613	1.756	1.947	4	4	2.959	4	2.191
190.349	52535.08	1.419	1.462	1.351	1.619	1.215	1.083	1.235	1.188	1.312	1.552	1.506	1.324	1.51	1.199	1.409	1.388	1.498	1.453	1.464	1.586	1.668	1.083	1.811	1.158	1.143	1.235	1.669	1.473	1.278	1.536	1.215
190.926	52376.39	3.467	3.512	3.519	3.529	3.47	3.467	3.477	3.477	3.492	3.495	3.539	3.49	3.486	3.477	3.465	3.464	3.483	3.546	3.527	3.502	3.519	3.472	3.548	3.487	3.479	3.493	3.519	3.478	3.47	3.492	3.481
191.502	52218.66	4	4.001	4	4.001	4	4	4	4	4	4.001	4	4.001	4.001	4	4.001	4	4	4	4	4	4.001	4	4	4	4	4	4	4	4	4	4
192.079	52061.88	4	4.001	4	4.001	4	4	4	4	4	4.001	4	4.001	4.001	4	4.001	4	4	4	4	4	4.001	4	4	4	4	4	4	4	4	4	4
192.656	51906.03	4	2.244	2.462	4.001	2.945	2.482	3.206	4	4	4.001	2.512	2.941	2.637	2.428	4.001	4	4	4	4	4	4.001	2.477	4	4	4	2.47	2.55	2.509	2.481	3.114	2.797
193.233	51751.12	4	3.11	3.22	4.001	3.465	3.23	3.598	4	4	4.001	3.246	3.463	3.309	3.203	4.001	4	4	4	4	4	4.001	3.228	4	4	4	3.224	3.265	3.244	3.23	3.551	3.39
193.809	51597.12	4	4.001	4	4.001	4	4	4	4	4	4.001	4	4.001	4.001	4	4.001	4	4	4	4	4	4.001	4	4	4	4	4	4	4	4	4	4
194.386	51444.04	4	4.001	4	4.001	4	4	4	4	4	4.001	4	4.001	4.001	4	4.001	4	4	4	4	4	4.001	4	4	4	4	4	4	4	4	4	4
194.963	51291.87	4	4.001	4	4.001	4	4	4	4	4	4.001	4	4.001	4.001	4	4.001	4	4	4	4	4	4.001	4	4	4	4	4	4	4	4	4	4
195.539	51140.59	4	4.001	4	4.001	4	4	4	4	4	4.001	4	4.001	4.001	4	4.001	4	4	4	4	4	4.001	4	4	4	4	4	4	4	4	4	4
196.116	50990.21	4	4.001	4	4.001	4	4	4	4	4	4.001	4	4.001	4.001	4	4.001	4	4	4	4	4	4.001	4	4	4	4	4	4	4	4	4	4
196.693	50840.70	4	4.001	4	4.001	4	4	4	4	4	4.001	4	4.001	4.001	4	4.001	4	4	4	4	4	4.001	4	4	4	4	4	4	4	4	4	4
197.270	50692.07	4	4.001	4	4.001	4	4	4	4	4	4.001	4	4.001	4.001	4	4.001	4	4	4	4	4	4.001	4	4	4	4	4	4	4	4	4	4
197.846	50544.31	4	4.001	4	4.001	4	4	4	4	4	4.001	4	4.001	4.001	4	4.001	4	4	4	4	4	4.001	4	4	4	4	4	4	4	4	4	4
198.423	50397.40	3.401	3.414	4	3.632	3.435	3.439	4	4	4	3.41	3.524	3.488	3.478	3.349	3.657	3.453	3.441	3.384	3.528	4	3.404	3.372	4	4	4	3.517	4	3.335	4	3.346	3.708
199.000	50251.35	1.876	1.705	3.515	2.555	1.862	1.816	3.47	3.481	3.599	1.749	2.148	2.016	1.946	1.705	2.46	2.379	2.345	1.665	2.203	4	1.741	1.7	3.716	3.455	3.411	2.052	3.483	1.54	3.569	2.062	2.721
199.576	50106.14	2.699	1.921	2.191	2.675	2.266	2.058	2.022	2.066	2.504	2.124	2.358	2.266	2.108	2.628	2.054	4	4	2.095	2.508	4	2.168	2.357	2.939	1.969	1.806	2.07	2.072	2.172	2.392	4	2.457
200.153	49961.76	4	4.001	4	4.001	4	4	4	4	4	4.001	4	4.001	4.001	4	4.001	4	4	4	4	4	4.001	4	4	4	4	4	4	4	4	4	4
200.730	49818.22	4	3.845	4.025	4.001	3.86	3.851	4	3.895	4	4.001	4	4.001	3.78	3.798	3.829	4	3.858	4	4	4	4.001	4	4	3.829	3.828	3.797	4	3.814	4	4	4
201.306	49675.50	4	2.404	4.256	4.001	2.56	2.474	4	2.925	4	4.001	4	4.001	1.738	1.922	2.244	4	2.539	4	4	4	4.001	4	4	2.249	2.234	1.913	4	2.089	4	4	4
201.883	49533.59	4	4.001	4	4.001	4	4	4	4	4	4.001	4	4.001	4.001	4	4.001	4	4	4	4	4	4.001	4	4	4	4	4	4	4	4	4	4
202.460	49392.50	4	4.001	4	4.001	4	4	4	4	4	4.001	4	4.001	4.001	4	4.001	4	4	4	4	4	4.001	4	4	4	4	4	4	4	4	4	4
203.037	49252.20	4	4.001	4	4.001	4	4	4	4	4	4.001	4	4.001	4.001	4	4.001	4	4	4	4	4	4.001	4	4	4	4	4	4	4	4	4	4
203.613	49112.70	4	4.001	4	4.001	4	4	4	4	4	4.001	4	4.001	4.001	4	4.001	4	4	4	4	4	4.001	4	4	4	4	4	4	4	4	4	4
204.190	48973.99	4	4.001	4	4.001	4	4	4	4	4	4.001	4	4.001	4.001	4	4.001	4	4	4	4	4	4.001	4	4	4	4	4	4	4	4	4	4
204.767	48836.06	4	4.001	4	4.001	4	4	4	4	4	4.001	4	4.001	4.001	4	4.001	4	4	4	4	4	4.001	4	4	4	4	4	4	4	4	4	4
205.343	48698.90	4	4.001	4	4.001	4	4	4	4	4	4.001	4	4.001	4.001	4	4.001	4	4	4	4	4	4.001	4	4	4	4	4	4	4	4	4	4
205.920	48562.51	4	4.001	4	4.001	4	4	4	4	4	4.001	4	4.001	4.001	4	4.001	4	4	4	4	4	4.001	4	4	4	4	4	4	4	4	4	4
206.497	48426.89	4	4.001	4	4.001	4	4	4	4	4	4.001	4	4.001	4.001	4	4.001	4	4	4	4	4	4.001	4	4	4	4	4	4	4	4	4	4
207.074	48292.02	4	3.168	3.31	4.001	4	3.127	4	3.36	4	3.498	4	4.001	3.314	4	3.303	4	4	4	3.115	4	3.096	4	4	3.423	4	4.244	4	3.393	4	4	3.384
207.650	48157.89	4	3.449	3.543	4.001	4	3.422	4	3.576	4	3.667	4	4.001	3.546	4	3.538	4	4	4	3.414	4	3.402	4	4	3.618	4	4.162	4	3.598	4	4	3.592
208.227	48024.51	4	4.001	4	4.001	4	4	4	4	4	4.001	4	4.001	4.001	4	4.001	4	4	4	4	4	4.001	4	4	4	4	4	4	4	4	4	4
208.804	47891.87	4	4.001	4	4.001	4	4	4	4	4	4.001	4	4.001	4.001	4	4.001	4	4	4	4	4	4.001	4	4	4	4	4	4	4	4	4	4
209.380	47759.96	4	4.001	4	4.001	4	4	4	4	4	4.001	4	4.001	4.001	4	4.001	4	4	4	4	4	4.001	4	4	4	4	4	4	4	4	4	4
209.957	47628.77	4	4.001	4	4.001	4	4	4	4	4	4.001	4	4.001	4.001	4	4.001	4	4	4	4	4	4.001	4	4	4	4	4	4	4	4	4	4
210.534	47498.31	3.45	3.477	3.66	3.568	3.546	3.57	3.508	3.472	3.557	3.478	3.516	3.586	3.582	3.831	3.554	3.725	4	3.714	3.812	4	3.535	3.575	4	3.608	3.553	3.782	3.785	3.597	4	3.792	3.604
211.111	47368.55	3.019	3.068	3.395	3.23	3.192	3.234	3.123	3.059	3.21	3.069	3.137	3.262	3.254	3.699	3.205	3.509	4	3.49	3.665	4	3.171	3.242	4	3.301	3.203	3.61	3.616	3.281	4	3.629	3.294
211.687	47239.50	3.603	3.697	3.638	3.63	3.696	3.691	3.652	3.697	3.737	3.686	3.879	3.769	3.877	3.715	5.046	3.815	3.71	3.73	3.74	3.864	4.001	3.954	4	4	4	4	4	3.765	4	4	3.944
212.264	47111.16	2.446	2.694	2.533	2.522	2.691	2.671	2.577	2.701	2.799	2.67	3.166	2.881	3.164	2.751	6.178	3.005	2.743	2.786	2.806	3.135	3.485	3.368	3.49	3.491	3.486	3.486	3.493	2.895	3.492	3.494	3.351
212.841	46983.50	1.955	1.964	1.949	1.98	1.97	1.96	1.985	1.995	1.99	1.997	1.989	1.994	2.002	2.019	1.997	2.015	2.054	2.018	2.012	2.03	2.021	2.05	2.052	2.051	2.026	2.043	2.096	2.081	2.055	2.068	2.078
213.417	46856.54	2.229	2.201	2.261	2.244	2.235	2.265	2.298	2.239	2.263	2.278	2.286	2.288	2.271	2.289	2.318	2.334	2.368	2.317	2.388	2.366	2.337	2.409	2.399	2.396	2.341	2.422	2.565	2.365	2.404	2.417	2.448
213.994	46730.26	2.33	2.351	2.353	2.332	2.381	2.353	2.407	2.371	2.357	2.392	2.381	2.393	2.407	2.396	2.417	2.456	2.449	2.423	2.422	2.467	2.405	2.454	2.447	2.45	2.417	2.44	2.544	2.505	2.51	2.43	2.524
214.571	46604.67	4	4.001	4	4.001	4	4	4	4	4	4.001	4	4.001	4.001	4	4.001	4	4	4	4	4	4.001	4	4	4	4	4	4	4	4	4	4
215.147	46479.74	3.926	3.928	3.928	3.927	3.927	3.926	3.927	3.93	3.929	3.93	3.926	3.929	3.93	3.926	3.928	3.931	3.93	3.93	3.931	3.935	3.929	3.931	3.935	3.932	3.932	3.933	3.937	3.931	3.936	3.936	3.936
215.724	46355.48	2.173	2.195	2.198	2.171	2.179	2.146	2.174	2.255	2.234	2.254	2.151	2.228	2.249	2.158	2.201	2.289	2.264	2.265	2.288	2.389	2.231	2.288	2.386	2.312	2.313	2.332	2.437	2.283	2.407	2.394	2.403
216.301	46231.89	3.922	3.923	3.923	3.922	3.922	3.921	3.922	3.926	3.925	3.926	3.921	3.925	3.925	3.921	3.923	3.927	3.926	3.926	3.927	3.931	3.925	3.927	3.931	3.928	3.928	3.929	3.933	3.927	3.932	3.932	3.932
216.878	46108.95	2.065	2.061	2.068	2.099	2.108	2.045	2.072	2.063	2.072	2.081	2.094	2.068	2.088	2.087	2.126	2.113	2.151	2.124	2.139	2.147	2.131	2.157	2.139	2.115	2.177	2.144	2.148	2.157	2.135	2.161	2.16
217.454	45986.67	3.734	3.734	3.735	3.739	3.74	3.732	3.735	3.734	3.735	3.737	3.738	3.735	3.738	3.737	3.743	3.741	3.746	3.742	3.744	3.746	3.743	3.747	3.744	3.741	3.75	3.745	3.746	3.747	3.744	3.747	3.747
218.031	45865.03	2.344	2.341	2.323	2.335	2.352	2.329	2.338	2.338	2.351	2.359	2.354	2.365	2.36	2.367	2.371	2.392	2.36	2.373	2.405	2.416	2.395	2.387	2.414	2.392	2.402	2.42	2.419	2.447	2.42	2.428	2.41
218.608	45744.03	1.867	1.86	1.856	1.855	1.855	1.856	1.859	1.861	1.866	1.87	1.867	1.886	1.874	1.871	1.875	1.891	1.881	1.891	1.901	1.908	1.893	1.898	1.921	1.903	1.908	1.914	1.932	1.936	1.925	1.941	1.932
219.184	45623.67	1.904	1.894	1.893	1.884	1.89	1.884	1.885	1.885	1.89	1.894	1.894	1.907	1.898	1.906	1.9	1.915	1.923	1.913	1.926	1.935	1.923	1.929	1.948	1.931	1.937	1.934	1.954	1.933	1.946	1.96	1.963
219.761	45503.94	1.828	1.82	1.814	1.82	1.819	1.81	1.818	1.819	1.814	1.82	1.82	1.823	1.827	1.827	1.824	1.833	1.845	1.838	1.846	1.847	1.842	1.852	1.848	1.845	1.844	1.85	1.857	1.85	1.856	1.863	1.867
220.338	45384.84	1.73	1.723	1.722	1.727	1.721	1.719	1.721	1.725	1.721	1.73	1.724	1.728	1.729	1.727	1.727	1.73	1.736	1.736	1.737	1.739	1.736	1.744	1.737	1.74	1.736	1.745	1.75	1.744	1.752	1.751	1.749
220.915	45266.36	1.708	1.705	1.701	1.709	1.703	1.703	1.706	1.707	1.71	1.707	1.707	1.711	1.711	1.707	1.71	1.714	1.72	1.713	1.714	1.721	1.717	1.719	1.718	1.721	1.718	1.724	1.732	1.719	1.729	1.723	1.724
221.491	45148.50	1.667	1.668	1.662	1.667	1.662	1.662	1.668	1.666	1.667	1.665	1.667	1.669	1.669	1.667	1.669	1.672	1.679	1.673	1.671	1.677	1.675	1.675	1.674	1.678	1.674	1.677	1.682	1.676	1.683	1.678	1.68
222.068	45031.25	1.629	1.631	1.632	1.634	1.631	1.63	1.634	1.631	1.631	1.636	1.632	1.635	1.633	1.633	1.638	1.635	1.64	1.639	1.637	1.639	1.638	1.639	1.638	1.64	1.638	1.638	1.641	1.64	1.642	1.642	1.641
222.645	44914.61	1.627	1.632	1.635	1.641	1.639	1.641	1.64	1.638	1.642	1.642	1.639	1.642	1.641	1.638	1.644	1.642	1.646	1.643	1.645	1.645	1.643	1.643	1.647	1.644	1.647	1.647	1.649	1.647	1.646	1.648	1.643
223.221	44798.57	1.63	1.637	1.64	1.647	1.647	1.65	1.648	1.651	1.652	1.652	1.65	1.654	1.651	1.65	1.652	1.653	1.655	1.653	1.654	1.655	1.655	1.652	1.655	1.653	1.657	1.655	1.659	1.656	1.656	1.656	1.652
223.798	44683.12	1.628	1.638	1.643	1.651	1.653	1.652	1.654	1.658	1.657	1.658	1.656	1.659	1.656	1.656	1.658	1.661	1.661	1.66	1.659	1.66	1.662	1.659	1.659	1.658	1.661	1.658	1.663	1.661	1.66	1.661	1.661
224.375	44568.28	1.614	1.627	1.635	1.643	1.643	1.642	1.647	1.648	1.648	1.649	1.648	1.649	1.649	1.648	1.649	1.652	1.652	1.649	1.653	1.651	1.652	1.651	1.653	1.648	1.653	1.653	1.652	1.651	1.65	1.652	1.654
224.952	44454.02	1.598	1.614	1.62	1.628	1.63	1.629	1.636	1.635	1.636	1.637	1.638	1.637	1.64	1.638	1.64	1.64	1.639	1.638	1.642	1.639	1.64	1.64	1.641	1.638	1.64	1.644	1.64	1.638	1.639	1.639	1.639
225.528	44340.34	1.614	1.63	1.639	1.648	1.649	1.648	1.656	1.654	1.656	1.656	1.658	1.661	1.658	1.657	1.662	1.661	1.661	1.664	1.661	1.66	1.659	1.661	1.662	1.66	1.657	1.663	1.663	1.66	1.66	1.661	1.659
226.105	44227.25	1.621	1.64	1.65	1.661	1.663	1.661	1.667	1.664	1.668	1.67	1.669	1.672	1.668	1.67	1.673	1.673	1.673	1.672	1.669	1.675	1.67	1.673	1.675	1.67	1.669	1.674	1.674	1.672	1.67	1.673	1.675
226.682	44114.73	1.638	1.658	1.669	1.678	1.682	1.688	1.692	1.688	1.693	1.694	1.694	1.694	1.694	1.692	1.693	1.696	1.697	1.692	1.695	1.696	1.698	1.694	1.698	1.696	1.695	1.695	1.696	1.696	1.692	1.696	1.694
227.258	44002.78	1.656	1.676	1.687	1.697	1.703	1.708	1.707	1.71	1.714	1.713	1.716	1.713	1.711	1.712	1.714	1.716	1.719	1.718	1.717	1.716	1.718	1.712	1.718	1.715	1.713	1.715	1.715	1.716	1.715	1.715	1.716
227.835	43891.39	1.675	1.698	1.714	1.725	1.73	1.736	1.736	1.739	1.742	1.74	1.741	1.745	1.745	1.743	1.744	1.742	1.745	1.745	1.744	1.745	1.743	1.739	1.744	1.739	1.739	1.739	1.745	1.746	1.745	1.746	1.747
228.412	43780.57	1.708	1.734	1.748	1.762	1.763	1.772	1.773	1.778	1.779	1.779	1.78	1.778	1.782	1.782	1.777	1.779	1.781	1.778	1.783	1.783	1.782	1.78	1.781	1.778	1.78	1.778	1.782	1.782	1.782	1.783	1.788
228.989	43670.31	1.734	1.758	1.776	1.793	1.796	1.801	1.802	1.805	1.805	1.809	1.811	1.803	1.808	1.807	1.809	1.805	1.812	1.813	1.812	1.81	1.806	1.809	1.812	1.81	1.809	1.808	1.811	1.81	1.807	1.81	1.808
229.565	43560.60	1.755	1.785	1.802	1.816	1.822	1.829	1.83	1.831	1.836	1.838	1.833	1.833	1.831	1.837	1.833	1.836	1.837	1.839	1.839	1.843	1.834	1.836	1.844	1.832	1.837	1.833	1.838	1.833	1.835	1.837	1.839
230.142	43451.45	1.81	1.842	1.86	1.875	1.885	1.885	1.888	1.896	1.893	1.895	1.898	1.898	1.898	1.894	1.897	1.901	1.9	1.902	1.9	1.899	1.899	1.897	1.905	1.896	1.898	1.899	1.897	1.894	1.902	1.898	1.902
230.719	43342.83	1.851	1.887	1.907	1.92	1.931	1.927	1.932	1.938	1.943	1.945	1.941	1.947	1.941	1.946	1.945	1.945	1.948	1.947	1.949	1.947	1.943	1.944	1.948	1.946	1.945	1.947	1.943	1.942	1.943	1.946	1.946
231.295	43234.76	1.86	1.896	1.913	1.93	1.939	1.947	1.945	1.952	1.955	1.956	1.952	1.957	1.955	1.955	1.955	1.958	1.957	1.958	1.957	1.961	1.951	1.954	1.961	1.958	1.953	1.953	1.957	1.957	1.955	1.955	1.958
231.872	43127.23	1.892	1.922	1.945	1.959	1.967	1.971	1.969	1.979	1.974	1.984	1.982	1.984	1.981	1.979	1.979	1.981	1.982	1.985	1.978	1.981	1.976	1.984	1.984	1.976	1.981	1.984	1.987	1.98	1.984	1.977	1.982
232.449	43020.23	1.936	1.968	1.989	2.002	2.015	2.022	2.02	2.023	2.023	2.027	2.031	2.029	2.033	2.029	2.028	2.032	2.032	2.032	2.031	2.03	2.028	2.033	2.029	2.028	2.026	2.032	2.032	2.032	2.03	2.031	2.027
233.025	42913.76	1.925	1.959	1.975	1.99	1.997	2.002	2.005	2.007	2.014	2.012	2.011	2.01	2.015	2.012	2.014	2.015	2.019	2.013	2.013	2.014	2.012	2.012	2.01	2.016	2.014	2.013	2.013	2.014	2.017	2.011	2.013
233.602	42807.82	1.961	1.998	2.011	2.034	2.041	2.045	2.046	2.052	2.053	2.056	2.054	2.052	2.055	2.053	2.056	2.053	2.058	2.055	2.057	2.06	2.056	2.054	2.052	2.057	2.054	2.057	2.057	2.054	2.056	2.055	2.053
234.179	42702.40	1.997	2.035	2.054	2.071	2.078	2.088	2.092	2.092	2.092	2.096	2.095	2.094	2.097	2.095	2.097	2.094	2.095	2.094	2.094	2.096	2.095	2.095	2.1	2.094	2.093	2.096	2.102	2.095	2.093	2.096	2.099
234.756	42597.49	2.028	2.065	2.086	2.104	2.11	2.114	2.121	2.119	2.12	2.124	2.124	2.129	2.123	2.129	2.127	2.127	2.127	2.126	2.126	2.127	2.131	2.127	2.131	2.13	2.128	2.127	2.133	2.128	2.126	2.128	2.128
235.332	42493.10	2.099	2.139	2.165	2.184	2.197	2.199	2.203	2.205	2.203	2.206	2.207	2.218	2.206	2.213	2.211	2.216	2.212	2.214	2.215	2.215	2.216	2.214	2.21	2.217	2.215	2.214	2.213	2.215	2.214	2.215	2.211
235.909	42389.22	2.132	2.173	2.199	2.22	2.23	2.234	2.235	2.243	2.241	2.247	2.246	2.251	2.25	2.247	2.248	2.252	2.251	2.248	2.256	2.255	2.249	2.25	2.252	2.25	2.253	2.25	2.249	2.255	2.251	2.257	2.248
236.486	42285.85	2.13	2.167	2.192	2.212	2.222	2.226	2.226	2.233	2.236	2.238	2.239	2.237	2.241	2.236	2.241	2.24	2.24	2.24	2.245	2.242	2.241	2.24	2.248	2.236	2.24	2.235	2.245	2.244	2.24	2.248	2.24
237.062	42182.98	2.129	2.164	2.192	2.207	2.221	2.226	2.224	2.229	2.229	2.228	2.23	2.233	2.237	2.237	2.233	2.233	2.233	2.242	2.241	2.235	2.239	2.236	2.241	2.23	2.232	2.234	2.241	2.233	2.236	2.239	2.238
237.639	42080.61	2.142	2.18	2.207	2.217	2.233	2.239	2.235	2.246	2.239	2.241	2.243	2.247	2.253	2.248	2.239	2.246	2.249	2.253	2.256	2.246	2.251	2.246	2.247	2.248	2.249	2.256	2.253	2.247	2.251	2.249	2.254
238.216	41978.73	2.151	2.189	2.213	2.225	2.241	2.244	2.246	2.254	2.254	2.254	2.256	2.254	2.258	2.25	2.249	2.256	2.258	2.253	2.264	2.254	2.259	2.254	2.255	2.262	2.258	2.263	2.259	2.256	2.262	2.257	2.263
238.793	41877.35	2.136	2.176	2.199	2.216	2.223	2.226	2.236	2.233	2.242	2.238	2.236	2.235	2.239	2.239	2.237	2.24	2.243	2.239	2.249	2.245	2.242	2.241	2.242	2.246	2.242	2.245	2.239	2.234	2.248	2.243	2.246
239.369	41776.46	2.141	2.18	2.201	2.22	2.221	2.228	2.24	2.234	2.241	2.238	2.235	2.238	2.241	2.236	2.24	2.242	2.247	2.244	2.245	2.243	2.242	2.241	2.245	2.244	2.249	2.242	2.244	2.241	2.244	2.243	2.247
239.946	41676.05	2.151	2.189	2.213	2.227	2.233	2.239	2.245	2.247	2.247	2.248	2.25	2.251	2.248	2.246	2.254	2.252	2.249	2.246	2.251	2.246	2.247	2.25	2.259	2.251	2.25	2.252	2.257	2.253	2.252	2.255	2.258
240.523	41576.12	2.175	2.212	2.234	2.249	2.268	2.268	2.275	2.274	2.275	2.276	2.281	2.281	2.276	2.277	2.284	2.281	2.286	2.276	2.282	2.278	2.279	2.285	2.278	2.28	2.277	2.291	2.287	2.281	2.281	2.286	2.282
241.099	41476.67	2.158	2.2	2.215	2.232	2.245	2.25	2.252	2.258	2.251	2.256	2.252	2.257	2.255	2.258	2.257	2.264	2.264	2.259	2.259	2.265	2.264	2.257	2.271	2.26	2.264	2.258	2.27	2.26	2.258	2.27	2.26
241.676	41377.69	2.208	2.246	2.274	2.284	2.304	2.301	2.311	2.314	2.308	2.319	2.314	2.32	2.309	2.324	2.32	2.322	2.328	2.314	2.321	2.33	2.312	2.312	2.331	2.322	2.324	2.324	2.328	2.316	2.316	2.328	2.32
242.253	41279.19	2.184	2.216	2.24	2.25	2.257	2.264	2.281	2.288	2.277	2.279	2.286	2.292	2.276	2.284	2.286	2.283	2.294	2.289	2.298	2.294	2.284	2.29	2.295	2.289	2.285	2.294	2.294	2.288	2.282	2.288	2.287
242.830	41181.15	2.164	2.188	2.224	2.228	2.239	2.241	2.243	2.248	2.261	2.246	2.254	2.256	2.258	2.256	2.26	2.258	2.261	2.255	2.268	2.271	2.262	2.257	2.267	2.263	2.253	2.273	2.268	2.26	2.257	2.26	2.267
243.406	41083.58	2.135	2.153	2.178	2.192	2.196	2.208	2.204	2.209	2.212	2.213	2.211	2.222	2.206	2.207	2.203	2.216	2.218	2.216	2.215	2.222	2.217	2.22	2.222	2.214	2.215	2.216	2.225	2.218	2.222	2.227	2.237
243.983	40986.47	2.151	2.165	2.18	2.203	2.204	2.216	2.215	2.22	2.216	2.22	2.227	2.216	2.216	2.213	2.225	2.23	2.238	2.228	2.229	2.237	2.223	2.214	2.24	2.233	2.228	2.225	2.226	2.227	2.229	2.246	2.239
244.560	40889.82	2.042	2.068	2.079	2.092	2.098	2.1	2.108	2.105	2.109	2.11	2.109	2.118	2.111	2.112	2.109	2.115	2.121	2.113	2.113	2.114	2.123	2.114	2.119	2.117	2.11	2.109	2.124	2.105	2.12	2.113	2.114
245.136	40793.62	2.007	2.017	2.03	2.041	2.042	2.051	2.053	2.056	2.055	2.064	2.054	2.063	2.056	2.057	2.055	2.06	2.064	2.067	2.065	2.061	2.061	2.057	2.066	2.062	2.063	2.06	2.061	2.052	2.064	2.061	2.064
245.713	40697.87	2.035	2.047	2.063	2.08	2.078	2.083	2.085	2.087	2.092	2.09	2.086	2.089	2.084	2.087	2.097	2.095	2.105	2.091	2.109	2.099	2.087	2.093	2.101	2.096	2.095	2.093	2.096	2.092	2.099	2.094	2.098
246.290	40602.58	2.06	2.074	2.085	2.1	2.103	2.096	2.108	2.102	2.107	2.106	2.11	2.112	2.112	2.109	2.114	2.112	2.117	2.118	2.124	2.117	2.111	2.112	2.123	2.115	2.124	2.125	2.12	2.109	2.125	2.119	2.118
246.866	40507.72	1.961	1.971	1.982	1.989	1.993	1.994	1.996	1.996	1.993	2	1.999	2.004	2.005	2	2.004	2.004	2.013	2.008	2.002	2.009	2.004	2.006	2.014	2.005	2.008	2.003	2.015	2.009	2.008	2.007	2.015
247.443	40413.31	1.94	1.94	1.951	1.961	1.961	1.962	1.961	1.963	1.963	1.966	1.965	1.969	1.97	1.965	1.968	1.966	1.977	1.976	1.971	1.972	1.964	1.973	1.978	1.975	1.973	1.968	1.978	1.972	1.975	1.971	1.975
248.020	40319.34	1.916	1.918	1.931	1.93	1.936	1.939	1.944	1.944	1.939	1.941	1.942	1.946	1.939	1.938	1.943	1.944	1.951	1.943	1.953	1.95	1.946	1.945	1.951	1.951	1.949	1.948	1.951	1.947	1.945	1.948	1.953
248.597	40225.81	1.873	1.885	1.886	1.892	1.892	1.895	1.899	1.899	1.898	1.894	1.899	1.897	1.9	1.895	1.899	1.902	1.905	1.902	1.905	1.902	1.904	1.906	1.908	1.909	1.908	1.904	1.907	1.904	1.907	1.909	1.911
249.173	40132.71	1.812	1.82	1.819	1.823	1.819	1.826	1.828	1.828	1.826	1.827	1.828	1.824	1.833	1.83	1.827	1.832	1.833	1.832	1.831	1.835	1.833	1.836	1.836	1.833	1.835	1.834	1.839	1.831	1.837	1.838	1.835
249.750	40040.03	1.78	1.782	1.781	1.783	1.779	1.781	1.784	1.788	1.782	1.788	1.786	1.784	1.789	1.789	1.789	1.788	1.792	1.791	1.789	1.796	1.79	1.792	1.794	1.791	1.792	1.792	1.798	1.79	1.794	1.795	1.794
250.327	39947.79	1.74	1.743	1.741	1.744	1.74	1.741	1.743	1.746	1.742	1.745	1.746	1.743	1.744	1.746	1.747	1.746	1.75	1.749	1.75	1.754	1.75	1.752	1.753	1.752	1.751	1.751	1.755	1.751	1.753	1.756	1.756
250.903	39855.97	1.706	1.706	1.707	1.706	1.706	1.705	1.708	1.706	1.706	1.71	1.707	1.709	1.708	1.708	1.711	1.711	1.713	1.71	1.713	1.716	1.714	1.717	1.715	1.715	1.715	1.717	1.717	1.714	1.717	1.72	1.721
251.480	39764.57	1.662	1.66	1.663	1.66	1.663	1.657	1.661	1.66	1.66	1.663	1.66	1.663	1.663	1.66	1.665	1.666	1.665	1.665	1.667	1.668	1.666	1.668	1.67	1.665	1.669	1.669	1.672	1.67	1.67	1.672	1.673
252.057	39673.58	1.613	1.612	1.613	1.609	1.612	1.607	1.609	1.611	1.612	1.61	1.612	1.611	1.613	1.611	1.612	1.616	1.615	1.617	1.617	1.617	1.615	1.618	1.62	1.615	1.619	1.618	1.62	1.621	1.62	1.623	1.622
252.634	39583.02	1.591	1.588	1.585	1.584	1.583	1.585	1.582	1.585	1.587	1.584	1.586	1.587	1.587	1.588	1.588	1.591	1.59	1.591	1.592	1.594	1.591	1.595	1.595	1.595	1.596	1.595	1.595	1.596	1.597	1.599	1.599
253.210	39492.86	1.559	1.556	1.55	1.553	1.549	1.552	1.551	1.551	1.553	1.552	1.552	1.555	1.554	1.555	1.556	1.558	1.556	1.557	1.56	1.561	1.56	1.56	1.563	1.564	1.565	1.562	1.565	1.564	1.565	1.568	1.567
253.787	39403.12	1.507	1.505	1.501	1.502	1.501	1.5	1.501	1.5	1.502	1.502	1.502	1.504	1.503	1.505	1.503	1.507	1.507	1.507	1.507	1.51	1.509	1.511	1.511	1.511	1.512	1.51	1.514	1.512	1.513	1.517	1.515
254.364	39313.78	1.465	1.463	1.46	1.46	1.46	1.459	1.459	1.459	1.459	1.462	1.46	1.462	1.462	1.465	1.461	1.465	1.466	1.465	1.465	1.467	1.467	1.469	1.467	1.47	1.469	1.47	1.47	1.47	1.471	1.473	1.473
254.940	39224.85	1.44	1.438	1.435	1.434	1.434	1.435	1.435	1.433	1.436	1.437	1.434	1.437	1.439	1.439	1.44	1.439	1.442	1.443	1.442	1.441	1.443	1.444	1.444	1.445	1.445	1.448	1.447	1.447	1.448	1.45	1.45
255.517	39136.32	1.402	1.399	1.395	1.395	1.395	1.394	1.396	1.397	1.398	1.396	1.398	1.4	1.399	1.399	1.401	1.4	1.402	1.405	1.404	1.404	1.406	1.406	1.405	1.406	1.407	1.407	1.409	1.409	1.409	1.411	1.411
256.094	39048.19	1.366	1.363	1.36	1.361	1.361	1.361	1.361	1.36	1.363	1.362	1.364	1.364	1.364	1.365	1.366	1.367	1.368	1.368	1.368	1.37	1.369	1.37	1.371	1.372	1.371	1.373	1.374	1.375	1.374	1.376	1.377
256.671	38960.45	1.327	1.326	1.325	1.325	1.325	1.326	1.326	1.325	1.327	1.327	1.329	1.33	1.329	1.33	1.33	1.331	1.333	1.334	1.333	1.335	1.335	1.336	1.336	1.337	1.336	1.338	1.339	1.338	1.34	1.341	1.341
257.247	38873.11	1.294	1.294	1.295	1.295	1.293	1.295	1.295	1.296	1.298	1.299	1.299	1.299	1.299	1.301	1.3	1.301	1.302	1.303	1.303	1.305	1.305	1.306	1.307	1.307	1.307	1.309	1.309	1.309	1.31	1.312	1.312
257.824	38786.15	1.264	1.266	1.266	1.267	1.265	1.268	1.267	1.269	1.271	1.271	1.271	1.272	1.273	1.273	1.274	1.275	1.274	1.275	1.276	1.279	1.278	1.28	1.279	1.281	1.28	1.28	1.282	1.282	1.283	1.283	1.285
258.401	38699.59	1.232	1.233	1.233	1.235	1.237	1.235	1.236	1.238	1.238	1.239	1.238	1.241	1.239	1.241	1.243	1.241	1.244	1.243	1.246	1.247	1.246	1.248	1.247	1.248	1.25	1.249	1.253	1.252	1.253	1.255	1.253
258.977	38613.41	1.198	1.201	1.202	1.203	1.203	1.204	1.205	1.207	1.208	1.208	1.21	1.21	1.21	1.211	1.211	1.212	1.213	1.214	1.215	1.215	1.217	1.216	1.218	1.217	1.218	1.219	1.22	1.222	1.222	1.222	1.223
259.554	38527.61	1.167	1.17	1.171	1.173	1.174	1.176	1.177	1.178	1.178	1.18	1.179	1.181	1.181	1.183	1.182	1.184	1.185	1.184	1.185	1.187	1.186	1.189	1.189	1.19	1.189	1.191	1.192	1.192	1.192	1.195	1.196
260.131	38442.20	1.142	1.147	1.148	1.15	1.152	1.152	1.153	1.155	1.155	1.156	1.157	1.157	1.157	1.159	1.16	1.161	1.16	1.162	1.163	1.165	1.165	1.166	1.167	1.167	1.167	1.169	1.171	1.17	1.172	1.173	1.173
260.708	38357.16	1.111	1.115	1.118	1.12	1.122	1.123	1.123	1.124	1.125	1.126	1.127	1.127	1.129	1.129	1.131	1.131	1.131	1.133	1.134	1.133	1.134	1.136	1.137	1.137	1.137	1.14	1.14	1.141	1.142	1.143	1.144
261.284	38272.50	1.087	1.091	1.095	1.097	1.098	1.1	1.101	1.101	1.102	1.104	1.104	1.105	1.106	1.106	1.108	1.107	1.109	1.11	1.111	1.112	1.113	1.113	1.115	1.115	1.116	1.118	1.119	1.119	1.119	1.122	1.122
261.861	38188.21	1.064	1.069	1.073	1.075	1.077	1.078	1.08	1.081	1.082	1.082	1.082	1.083	1.084	1.085	1.086	1.086	1.087	1.089	1.089	1.091	1.091	1.091	1.091	1.093	1.094	1.095	1.095	1.096	1.097	1.098	1.099
262.438	38104.29	1.042	1.048	1.051	1.055	1.056	1.057	1.059	1.059	1.061	1.061	1.061	1.063	1.063	1.064	1.064	1.065	1.065	1.067	1.068	1.068	1.069	1.07	1.071	1.071	1.071	1.073	1.073	1.074	1.074	1.076	1.077
263.014	38020.74	1.019	1.026	1.028	1.031	1.033	1.035	1.036	1.036	1.038	1.037	1.039	1.039	1.04	1.041	1.042	1.042	1.042	1.044	1.044	1.045	1.046	1.047	1.047	1.047	1.049	1.05	1.05	1.051	1.051	1.052	1.052
263.591	37937.55	1	1.006	1.01	1.013	1.015	1.016	1.017	1.018	1.019	1.02	1.021	1.021	1.021	1.022	1.023	1.022	1.024	1.026	1.024	1.026	1.027	1.027	1.028	1.028	1.029	1.031	1.031	1.031	1.032	1.032	1.033
264.168	37854.73	0.9819	0.9886	0.9933	0.9965	0.9981	0.9994	1	1.001	1.002	1.003	1.004	1.004	1.005	1.006	1.006	1.006	1.007	1.009	1.008	1.009	1.009	1.01	1.01	1.011	1.011	1.013	1.013	1.014	1.014	1.015	1.015
264.744	37772.27	0.9643	0.9722	0.976	0.9794	0.9813	0.9827	0.9835	0.9849	0.985	0.9858	0.9865	0.987	0.9881	0.989	0.9891	0.9895	0.9892	0.9908	0.9906	0.9927	0.9917	0.9929	0.9931	0.9932	0.9937	0.9949	0.9953	0.9955	0.9959	0.997	0.9974
265.321	37690.17	0.9493	0.957	0.9612	0.9648	0.9664	0.9677	0.9689	0.9707	0.9708	0.9708	0.9714	0.9724	0.9725	0.9736	0.9736	0.9745	0.9741	0.9751	0.9758	0.9768	0.9762	0.9774	0.9781	0.9774	0.9786	0.9795	0.9795	0.9797	0.9802	0.9808	0.9817
265.898	37608.42	0.9368	0.9446	0.9491	0.9526	0.9541	0.955	0.9567	0.9582	0.9581	0.9588	0.9595	0.9601	0.96	0.9609	0.9609	0.9619	0.962	0.9625	0.9634	0.9634	0.9637	0.9646	0.9659	0.9645	0.9656	0.9669	0.9667	0.9668	0.9678	0.9685	0.9686
266.475	37527.03	0.9252	0.9337	0.9378	0.9412	0.9432	0.9443	0.9455	0.9467	0.9473	0.9486	0.9486	0.9496	0.9493	0.95	0.9502	0.9512	0.9517	0.9521	0.9526	0.953	0.9542	0.9541	0.9555	0.9537	0.9553	0.9569	0.957	0.9566	0.9578	0.9589	0.9592
267.051	37445.99	0.9155	0.923	0.928	0.9319	0.9335	0.9353	0.9362	0.9373	0.9389	0.9396	0.9394	0.941	0.9413	0.9417	0.9418	0.9431	0.9438	0.9442	0.9445	0.9459	0.9468	0.9462	0.9474	0.9467	0.948	0.9493	0.9497	0.9504	0.9506	0.9518	0.9524
267.628	37365.29	0.9081	0.9152	0.9204	0.9247	0.9264	0.9277	0.9293	0.9309	0.9315	0.9322	0.933	0.9343	0.9354	0.9356	0.9357	0.937	0.9376	0.9381	0.939	0.9401	0.94	0.9412	0.9419	0.9421	0.9426	0.9434	0.9445	0.9461	0.9457	0.947	0.9468
268.205	37284.95	0.901	0.9085	0.9132	0.9171	0.9196	0.9202	0.922	0.9239	0.9242	0.9251	0.9258	0.9265	0.9272	0.9277	0.9285	0.9292	0.9301	0.9304	0.9323	0.9324	0.9323	0.9345	0.9346	0.935	0.9356	0.9368	0.9376	0.9384	0.9388	0.9399	0.9405
268.781	37204.95	0.8942	0.9014	0.9058	0.9098	0.9117	0.9125	0.9142	0.9155	0.9161	0.9171	0.9175	0.9172	0.9186	0.9189	0.92	0.9205	0.9214	0.9208	0.9226	0.9239	0.9237	0.9245	0.925	0.9256	0.9262	0.9278	0.9276	0.9283	0.9288	0.93	0.9307
269.358	37125.29	0.8889	0.8968	0.9005	0.9038	0.9057	0.9064	0.9088	0.9091	0.9097	0.9106	0.9112	0.9109	0.9121	0.9119	0.9121	0.9132	0.914	0.9132	0.9147	0.915	0.9155	0.9161	0.9164	0.9167	0.9175	0.9187	0.9188	0.9187	0.9194	0.9202	0.9204
269.935	37045.97	0.8848	0.893	0.8953	0.8987	0.8999	0.9016	0.9022	0.9033	0.9042	0.9041	0.9045	0.9042	0.9053	0.9048	0.9053	0.906	0.9062	0.9069	0.907	0.9072	0.908	0.9084	0.9079	0.9088	0.909	0.9101	0.9104	0.9094	0.9109	0.9112	0.9115
270.512	36967.00	0.885	0.8911	0.8941	0.8964	0.8972	0.8993	0.8992	0.9008	0.9014	0.9014	0.9017	0.9022	0.9021	0.9023	0.903	0.9031	0.9037	0.9034	0.9028	0.9043	0.9041	0.9044	0.9048	0.9042	0.9047	0.9055	0.9059	0.9052	0.9066	0.9063	0.9067
271.088	36888.35	0.8825	0.888	0.8904	0.8935	0.895	0.8946	0.8958	0.8973	0.897	0.8978	0.8978	0.8978	0.8986	0.8988	0.8983	0.8986	0.8994	0.8992	0.8996	0.8995	0.8997	0.8998	0.8997	0.8996	0.9	0.9008	0.9	0.9002	0.9015	0.9008	0.901
271.665	36810.04	0.883	0.8884	0.8901	0.8935	0.8943	0.8944	0.8962	0.8961	0.8955	0.8976	0.8963	0.8968	0.8966	0.8972	0.8975	0.8975	0.8972	0.8974	0.8983	0.8978	0.8981	0.8976	0.8979	0.8984	0.899	0.8989	0.8986	0.8991	0.8997	0.8989	0.9
272.242	36732.07	0.8842	0.8881	0.8903	0.8929	0.8933	0.8938	0.8949	0.8951	0.8953	0.896	0.8953	0.897	0.8955	0.8962	0.8957	0.8963	0.8962	0.8977	0.8972	0.8973	0.8966	0.8978	0.8971	0.8973	0.898	0.8978	0.8985	0.897	0.8978	0.8978	0.8984
272.818	36654.42	0.8832	0.8869	0.8883	0.8901	0.8909	0.8918	0.8922	0.8926	0.8921	0.893	0.8936	0.8933	0.8935	0.8935	0.8926	0.8941	0.8939	0.8929	0.8947	0.8947	0.8937	0.8936	0.8952	0.8946	0.895	0.8948	0.8943	0.8949	0.8947	0.895	0.8949
273.395	36577.10	0.8894	0.8917	0.8932	0.8943	0.8954	0.8959	0.8952	0.8964	0.897	0.8977	0.8967	0.8964	0.8973	0.8974	0.8969	0.8973	0.897	0.8975	0.898	0.8982	0.8985	0.8981	0.8978	0.8981	0.8978	0.8982	0.8989	0.899	0.8983	0.8982	0.8984
273.972	36500.10	0.8936	0.8961	0.8982	0.8997	0.8999	0.8994	0.901	0.9018	0.9029	0.902	0.9019	0.9013	0.9021	0.9012	0.9014	0.9007	0.9019	0.9015	0.9021	0.9022	0.9022	0.9027	0.9028	0.9023	0.9037	0.904	0.9034	0.9028	0.9025	0.9026	0.9031
274.549	36423.43	0.8998	0.9019	0.9033	0.9044	0.9052	0.9054	0.9054	0.9057	0.9062	0.9062	0.9067	0.9074	0.9067	0.9055	0.9061	0.9063	0.9067	0.9072	0.907	0.9069	0.9064	0.9077	0.9067	0.9064	0.907	0.9074	0.9078	0.9067	0.9071	0.9079	0.9075
275.125	36347.08	0.9038	0.9053	0.9053	0.9068	0.9065	0.9074	0.9078	0.9077	0.9078	0.9084	0.9091	0.9087	0.908	0.908	0.9077	0.9084	0.9073	0.9075	0.9083	0.9089	0.909	0.9089	0.9084	0.9083	0.9088	0.9092	0.9095	0.9088	0.9086	0.9096	0.909
275.702	36271.05	0.9129	0.9144	0.9145	0.9139	0.9141	0.9144	0.9151	0.9159	0.9156	0.9151	0.9164	0.9164	0.916	0.9155	0.9153	0.9154	0.9162	0.9159	0.9164	0.9164	0.9162	0.9156	0.9159	0.9156	0.9171	0.9161	0.9165	0.9158	0.9156	0.9163	0.9168
276.279	36195.34	0.9212	0.922	0.9214	0.9208	0.9215	0.9219	0.9215	0.9216	0.9212	0.9209	0.9219	0.9222	0.9216	0.9209	0.9212	0.9216	0.9219	0.9225	0.9219	0.9224	0.9225	0.9219	0.9224	0.9228	0.9218	0.9219	0.9221	0.9217	0.9219	0.9229	0.923
276.855	36119.94	0.9316	0.9314	0.9295	0.9291	0.9287	0.9293	0.929	0.9291	0.9283	0.9296	0.9292	0.9289	0.9292	0.9286	0.9293	0.929	0.9295	0.9294	0.9292	0.9292	0.9293	0.9292	0.9291	0.929	0.9285	0.9298	0.9293	0.9295	0.9292	0.9299	0.93
277.432	36044.86	0.9425	0.941	0.9377	0.9373	0.9369	0.9371	0.9362	0.9367	0.9359	0.9368	0.9367	0.9367	0.9367	0.9363	0.9364	0.9363	0.937	0.9371	0.9371	0.9371	0.9368	0.936	0.9367	0.9368	0.9363	0.9374	0.9369	0.9369	0.9371	0.938	0.9375
278.009	35970.09	0.9534	0.9496	0.9463	0.9456	0.9442	0.9438	0.9437	0.9441	0.9435	0.9431	0.9435	0.9441	0.9428	0.9432	0.9433	0.9425	0.9436	0.9437	0.9443	0.9437	0.9445	0.9434	0.9431	0.9436	0.9431	0.944	0.9444	0.9433	0.9438	0.9443	0.9437
278.586	35895.62	0.9641	0.958	0.9553	0.9533	0.9517	0.9499	0.9502	0.9504	0.9499	0.9496	0.9499	0.9504	0.9496	0.9495	0.9499	0.9501	0.9498	0.9495	0.9497	0.95	0.9504	0.9501	0.9503	0.9497	0.9496	0.9498	0.9504	0.95	0.9503	0.9508	0.9506
279.162	35821.47	0.9783	0.9711	0.9675	0.9649	0.963	0.9614	0.9616	0.9607	0.9612	0.9605	0.9605	0.9606	0.9607	0.9601	0.9601	0.9609	0.9607	0.9605	0.9604	0.9609	0.9598	0.9602	0.9615	0.9609	0.9603	0.9605	0.9609	0.9605	0.9603	0.9612	0.9608
279.739	35747.62	0.9945	0.9853	0.9803	0.9776	0.9744	0.9735	0.9729	0.9721	0.9725	0.9717	0.9717	0.9721	0.972	0.9712	0.9713	0.9717	0.9716	0.972	0.9717	0.9721	0.9716	0.9717	0.9723	0.9724	0.972	0.972	0.9724	0.9722	0.9721	0.9716	0.9719
280.316	35674.07	1.011	1.001	0.9936	0.9901	0.9866	0.9853	0.9849	0.9839	0.9836	0.9834	0.9834	0.9842	0.9837	0.9836	0.9833	0.9829	0.9828	0.9835	0.9838	0.9838	0.983	0.9832	0.9836	0.9831	0.983	0.9834	0.9835	0.9837	0.9839	0.9835	0.9832
280.892	35600.83	1.029	1.017	1.009	1.004	1.001	0.9989	0.9979	0.997	0.9965	0.9967	0.9966	0.9969	0.9962	0.9965	0.9959	0.9958	0.9964	0.9966	0.9967	0.9964	0.9963	0.996	0.9963	0.9956	0.996	0.9962	0.996	0.9967	0.9966	0.9964	0.9959
281.469	35527.89	1.049	1.036	1.027	1.022	1.018	1.016	1.014	1.014	1.012	1.013	1.013	1.012	1.012	1.012	1.011	1.012	1.012	1.013	1.013	1.012	1.013	1.013	1.012	1.012	1.012	1.012	1.013	1.013	1.013	1.012	1.012
282.046	35455.24	1.069	1.054	1.044	1.038	1.033	1.031	1.03	1.029	1.028	1.028	1.028	1.027	1.028	1.028	1.027	1.027	1.027	1.028	1.028	1.027	1.027	1.028	1.027	1.027	1.027	1.027	1.028	1.027	1.028	1.027	1.028
282.622	35382.89	1.089	1.072	1.061	1.053	1.049	1.047	1.045	1.043	1.043	1.043	1.043	1.042	1.043	1.043	1.042	1.041	1.043	1.043	1.043	1.042	1.043	1.042	1.042	1.043	1.042	1.042	1.043	1.041	1.042	1.043	1.042
283.199	35310.84	1.113	1.094	1.081	1.074	1.068	1.066	1.064	1.062	1.061	1.062	1.061	1.061	1.061	1.061	1.061	1.06	1.061	1.061	1.062	1.06	1.061	1.06	1.061	1.061	1.06	1.061	1.061	1.06	1.06	1.061	1.061
283.776	35239.08	1.135	1.114	1.1	1.093	1.086	1.084	1.081	1.08	1.079	1.079	1.078	1.078	1.077	1.078	1.078	1.078	1.078	1.078	1.079	1.078	1.078	1.078	1.078	1.078	1.077	1.078	1.078	1.077	1.079	1.078	1.078
284.353	35167.61	1.156	1.132	1.117	1.109	1.103	1.099	1.097	1.097	1.095	1.095	1.094	1.093	1.093	1.093	1.093	1.094	1.093	1.093	1.094	1.094	1.094	1.093	1.094	1.094	1.093	1.094	1.094	1.093	1.094	1.094	1.093
284.929	35096.43	1.178	1.152	1.137	1.128	1.121	1.117	1.114	1.115	1.113	1.112	1.112	1.111	1.11	1.111	1.111	1.111	1.111	1.111	1.111	1.111	1.111	1.111	1.11	1.11	1.11	1.111	1.112	1.111	1.11	1.111	1.11
285.506	35025.53	1.206	1.178	1.161	1.151	1.143	1.14	1.137	1.136	1.134	1.134	1.133	1.133	1.132	1.132	1.132	1.131	1.134	1.133	1.131	1.132	1.132	1.133	1.133	1.132	1.132	1.133	1.132	1.131	1.133	1.133	1.132
286.083	34954.92	1.228	1.2	1.18	1.169	1.161	1.157	1.155	1.153	1.151	1.15	1.149	1.15	1.15	1.15	1.149	1.15	1.151	1.15	1.149	1.149	1.149	1.149	1.15	1.149	1.149	1.149	1.149	1.148	1.149	1.15	1.149
286.659	34884.60	1.249	1.217	1.199	1.187	1.179	1.173	1.17	1.168	1.168	1.167	1.166	1.167	1.166	1.166	1.165	1.165	1.165	1.165	1.164	1.165	1.165	1.165	1.165	1.164	1.165	1.165	1.167	1.165	1.164	1.165	1.165
287.236	34814.56	1.265	1.233	1.214	1.201	1.193	1.188	1.183	1.182	1.181	1.179	1.179	1.179	1.18	1.179	1.179	1.179	1.178	1.179	1.178	1.179	1.18	1.178	1.178	1.178	1.178	1.178	1.179	1.177	1.177	1.179	1.178
287.813	34744.80	1.292	1.257	1.235	1.221	1.213	1.207	1.205	1.202	1.201	1.201	1.2	1.199	1.2	1.199	1.199	1.198	1.198	1.199	1.198	1.198	1.198	1.197	1.198	1.198	1.196	1.198	1.198	1.198	1.199	1.199	1.196
288.390	34675.32	1.314	1.276	1.253	1.238	1.23	1.225	1.221	1.219	1.216	1.216	1.215	1.215	1.215	1.214	1.214	1.214	1.215	1.213	1.213	1.215	1.214	1.214	1.213	1.213	1.214	1.214	1.214	1.213	1.213	1.214	1.215
288.966	34606.12	1.33	1.291	1.268	1.252	1.244	1.236	1.233	1.23	1.229	1.23	1.227	1.228	1.229	1.226	1.227	1.227	1.227	1.227	1.227	1.227	1.227	1.226	1.227	1.225	1.227	1.226	1.227	1.225	1.226	1.227	1.227
289.543	34537.19	1.351	1.311	1.285	1.271	1.261	1.254	1.25	1.247	1.245	1.244	1.243	1.243	1.244	1.244	1.243	1.243	1.244	1.242	1.243	1.243	1.243	1.244	1.242	1.242	1.243	1.242	1.243	1.243	1.242	1.243	1.242
290.120	34468.53	1.363	1.323	1.297	1.281	1.269	1.263	1.26	1.256	1.255	1.253	1.252	1.253	1.251	1.251	1.252	1.252	1.253	1.253	1.253	1.254	1.251	1.251	1.252	1.251	1.251	1.252	1.251	1.251	1.252	1.252	1.251
290.696	34400.15	1.374	1.332	1.304	1.286	1.275	1.269	1.266	1.262	1.26	1.259	1.258	1.258	1.258	1.258	1.258	1.259	1.257	1.259	1.259	1.257	1.258	1.257	1.257	1.257	1.258	1.258	1.259	1.257	1.257	1.258	1.257
291.273	34332.04	1.388	1.343	1.314	1.298	1.286	1.278	1.275	1.27	1.269	1.268	1.268	1.266	1.267	1.265	1.266	1.266	1.267	1.265	1.266	1.266	1.266	1.266	1.266	1.267	1.266	1.265	1.267	1.267	1.265	1.266	1.265
291.850	34264.20	1.411	1.363	1.332	1.315	1.302	1.293	1.29	1.286	1.284	1.282	1.284	1.283	1.283	1.28	1.281	1.281	1.282	1.281	1.281	1.282	1.282	1.281	1.281	1.281	1.281	1.282	1.281	1.28	1.282	1.281	1.28
292.427	34196.62	1.426	1.377	1.344	1.326	1.313	1.304	1.299	1.298	1.295	1.294	1.294	1.293	1.292	1.291	1.292	1.291	1.292	1.293	1.292	1.292	1.292	1.291	1.293	1.291	1.292	1.291	1.291	1.292	1.293	1.291	1.291
293.003	34129.32	1.435	1.384	1.35	1.332	1.317	1.31	1.304	1.302	1.3	1.298	1.298	1.298	1.296	1.296	1.296	1.296	1.297	1.296	1.296	1.296	1.297	1.297	1.296	1.297	1.296	1.295	1.296	1.296	1.297	1.296	1.294
293.580	34062.27	1.448	1.394	1.361	1.34	1.328	1.318	1.313	1.31	1.308	1.307	1.305	1.306	1.304	1.303	1.305	1.305	1.304	1.304	1.304	1.305	1.304	1.304	1.303	1.304	1.303	1.304	1.304	1.303	1.305	1.305	1.304
294.157	33995.49	1.463	1.407	1.372	1.35	1.336	1.326	1.322	1.317	1.316	1.315	1.314	1.314	1.313	1.312	1.312	1.312	1.311	1.313	1.313	1.313	1.313	1.312	1.313	1.311	1.311	1.312	1.312	1.312	1.313	1.312	1.313
294.733	33928.97	1.468	1.412	1.376	1.354	1.339	1.329	1.326	1.32	1.318	1.317	1.316	1.316	1.316	1.315	1.316	1.315	1.314	1.315	1.315	1.314	1.315	1.315	1.315	1.314	1.313	1.315	1.314	1.314	1.315	1.315	1.315
295.310	33862.71	1.477	1.419	1.381	1.359	1.343	1.334	1.329	1.325	1.322	1.32	1.32	1.32	1.32	1.319	1.321	1.32	1.318	1.319	1.319	1.318	1.318	1.319	1.317	1.319	1.318	1.319	1.319	1.318	1.319	1.318	1.318
295.887	33796.71	1.486	1.425	1.386	1.363	1.35	1.338	1.332	1.328	1.325	1.324	1.323	1.323	1.323	1.322	1.323	1.323	1.323	1.322	1.322	1.322	1.322	1.322	1.321	1.323	1.322	1.321	1.323	1.322	1.321	1.321	1.321
296.463	33730.97	1.489	1.428	1.387	1.364	1.349	1.338	1.332	1.328	1.325	1.324	1.322	1.323	1.322	1.321	1.322	1.323	1.322	1.322	1.322	1.322	1.322	1.322	1.321	1.322	1.322	1.32	1.321	1.32	1.321	1.321	1.321
297.040	33665.48	1.485	1.422	1.382	1.358	1.342	1.331	1.326	1.322	1.319	1.317	1.316	1.317	1.316	1.316	1.315	1.315	1.315	1.315	1.315	1.315	1.316	1.315	1.315	1.315	1.314	1.315	1.314	1.313	1.315	1.315	1.315
297.617	33600.24	1.478	1.415	1.375	1.349	1.334	1.324	1.317	1.314	1.311	1.309	1.309	1.308	1.308	1.308	1.307	1.306	1.307	1.307	1.307	1.306	1.308	1.308	1.307	1.306	1.306	1.307	1.308	1.306	1.307	1.306	1.307
298.194	33535.26	1.475	1.412	1.37	1.343	1.328	1.319	1.311	1.307	1.304	1.303	1.302	1.302	1.301	1.301	1.301	1.301	1.301	1.3	1.301	1.3	1.301	1.302	1.3	1.3	1.3	1.301	1.302	1.3	1.301	1.301	1.301
298.770	33470.53	1.467	1.402	1.36	1.334	1.318	1.309	1.301	1.297	1.294	1.293	1.292	1.292	1.291	1.291	1.29	1.29	1.29	1.29	1.291	1.29	1.289	1.29	1.291	1.29	1.289	1.291	1.29	1.29	1.29	1.291	1.29
299.347	33406.04	1.447	1.382	1.341	1.316	1.3	1.289	1.282	1.279	1.276	1.274	1.274	1.272	1.273	1.272	1.271	1.272	1.271	1.272	1.274	1.271	1.271	1.271	1.272	1.271	1.271	1.272	1.272	1.271	1.271	1.271	1.271
299.924	33341.81	1.425	1.361	1.321	1.296	1.279	1.268	1.262	1.258	1.256	1.255	1.254	1.252	1.252	1.252	1.251	1.252	1.252	1.251	1.253	1.252	1.252	1.252	1.251	1.251	1.251	1.251	1.252	1.251	1.251	1.251	1.251
300.500	33277.82	1.408	1.343	1.304	1.278	1.261	1.251	1.245	1.24	1.239	1.238	1.235	1.235	1.234	1.234	1.235	1.234	1.234	1.234	1.235	1.234	1.234	1.235	1.234	1.233	1.234	1.234	1.234	1.234	1.234	1.233	1.233
301.077	33214.08	1.379	1.315	1.276	1.251	1.235	1.224	1.218	1.215	1.213	1.212	1.209	1.208	1.209	1.208	1.209	1.208	1.208	1.207	1.208	1.209	1.208	1.207	1.208	1.207	1.208	1.208	1.207	1.208	1.207	1.208	1.207
301.654	33150.58	1.349	1.286	1.248	1.224	1.208	1.198	1.192	1.188	1.185	1.184	1.183	1.181	1.181	1.181	1.181	1.181	1.182	1.179	1.181	1.181	1.182	1.181	1.181	1.181	1.181	1.181	1.181	1.18	1.18	1.182	1.181
302.231	33087.32	1.321	1.262	1.223	1.199	1.184	1.173	1.168	1.165	1.162	1.16	1.159	1.159	1.158	1.157	1.157	1.157	1.158	1.157	1.157	1.157	1.158	1.157	1.157	1.158	1.157	1.157	1.157	1.157	1.157	1.158	1.157
302.807	33024.30	1.29	1.229	1.192	1.169	1.154	1.144	1.14	1.135	1.133	1.131	1.131	1.13	1.13	1.129	1.129	1.128	1.128	1.128	1.13	1.13	1.129	1.129	1.129	1.129	1.128	1.128	1.13	1.128	1.129	1.129	1.128
303.384	32961.53	1.256	1.197	1.162	1.139	1.125	1.114	1.11	1.106	1.104	1.103	1.102	1.101	1.101	1.1	1.1	1.1	1.1	1.1	1.1	1.101	1.1	1.101	1.1	1.099	1.099	1.1	1.099	1.099	1.1	1.1	1.101
303.961	32898.99	1.222	1.165	1.131	1.11	1.095	1.086	1.08	1.078	1.076	1.073	1.074	1.073	1.072	1.072	1.071	1.07	1.072	1.071	1.073	1.071	1.071	1.072	1.071	1.071	1.071	1.071	1.072	1.071	1.072	1.071	1.071
304.537	32836.69	1.188	1.134	1.099	1.078	1.065	1.056	1.051	1.048	1.046	1.044	1.044	1.043	1.043	1.041	1.043	1.042	1.042	1.042	1.042	1.042	1.042	1.042	1.042	1.042	1.041	1.042	1.042	1.042	1.042	1.042	1.041
305.114	32774.62	1.15	1.1	1.065	1.046	1.033	1.025	1.02	1.016	1.015	1.014	1.012	1.012	1.013	1.012	1.011	1.011	1.012	1.012	1.011	1.012	1.012	1.011	1.011	1.011	1.01	1.011	1.011	1.012	1.011	1.012	1.011
305.691	32712.79	1.116	1.066	1.035	1.015	1.004	0.9962	0.9901	0.989	0.986	0.9853	0.9842	0.9831	0.9829	0.9833	0.9823	0.9834	0.9827	0.9827	0.9831	0.9826	0.9823	0.9823	0.9826	0.9832	0.9825	0.9825	0.9822	0.9821	0.9831	0.983	0.983
306.268	32651.19	1.087	1.04	1.009	0.9904	0.9785	0.9712	0.9669	0.9638	0.9613	0.9615	0.9598	0.9595	0.9596	0.9602	0.9584	0.9589	0.9586	0.9587	0.9583	0.9587	0.9583	0.9582	0.959	0.9581	0.9583	0.9593	0.9586	0.9581	0.9585	0.9587	0.9585
306.844	32589.82	1.058	1.011	0.9824	0.9653	0.9529	0.9465	0.9419	0.9392	0.9369	0.9367	0.9355	0.9349	0.9351	0.935	0.9349	0.9337	0.9345	0.9345	0.934	0.9349	0.9342	0.934	0.9344	0.9343	0.9339	0.9335	0.9352	0.9342	0.9348	0.9346	0.9339
307.421	32528.69	1.03	0.9865	0.9581	0.9417	0.93	0.9232	0.9198	0.917	0.9154	0.9136	0.9136	0.9134	0.9127	0.9133	0.9125	0.9114	0.9118	0.9124	0.9118	0.9121	0.9124	0.9123	0.9124	0.9117	0.9118	0.9118	0.9128	0.9119	0.9117	0.9119	0.9115
307.998	32467.78	0.9996	0.9582	0.9311	0.9158	0.9052	0.8974	0.8945	0.8921	0.8899	0.8898	0.8879	0.8882	0.8876	0.8884	0.8872	0.8875	0.887	0.8868	0.8868	0.8872	0.8875	0.8874	0.8869	0.8878	0.8872	0.8869	0.8877	0.8865	0.8869	0.8872	0.8871
308.574	32407.10	0.9743	0.9349	0.9094	0.8942	0.8835	0.8765	0.8734	0.8706	0.8693	0.8686	0.8678	0.8674	0.867	0.8673	0.8673	0.8673	0.8667	0.867	0.8663	0.866	0.8668	0.8665	0.8655	0.8664	0.8667	0.8666	0.8667	0.8661	0.8661	0.8669	0.8661
309.151	32346.64	0.9532	0.915	0.8903	0.8754	0.8658	0.8592	0.8553	0.8529	0.8523	0.8512	0.8502	0.8498	0.85	0.8494	0.8499	0.8496	0.8491	0.8492	0.8497	0.8494	0.8496	0.8491	0.8487	0.8496	0.8493	0.849	0.8494	0.8488	0.8491	0.8495	0.8488
309.728	32286.41	0.9321	0.8946	0.8709	0.8566	0.8471	0.8415	0.8381	0.8359	0.835	0.8337	0.8329	0.8325	0.8325	0.8321	0.8321	0.8325	0.8319	0.8315	0.8314	0.832	0.8319	0.832	0.8323	0.8322	0.8314	0.8319	0.8319	0.8317	0.8318	0.8323	0.831
310.305	32226.41	0.9125	0.876	0.8535	0.8394	0.8301	0.8249	0.8214	0.8192	0.8183	0.8176	0.8167	0.8162	0.8161	0.8157	0.8157	0.8158	0.8151	0.8152	0.8154	0.8156	0.8153	0.816	0.8157	0.8153	0.815	0.8155	0.8152	0.8159	0.8155	0.8158	0.8156
310.881	32166.63	0.8934	0.8588	0.8367	0.8238	0.8147	0.8093	0.8057	0.804	0.803	0.8024	0.8012	0.8011	0.801	0.8003	0.8006	0.8004	0.8	0.8004	0.8004	0.8008	0.8005	0.8007	0.8007	0.7999	0.8001	0.8001	0.8007	0.801	0.8003	0.8005	0.8001
311.458	32107.07	0.8742	0.8406	0.8192	0.8075	0.7981	0.7925	0.7899	0.7877	0.7863	0.7862	0.7851	0.7852	0.7848	0.7844	0.7847	0.7841	0.7842	0.7844	0.7842	0.7848	0.7854	0.7842	0.7846	0.7841	0.7836	0.7846	0.7848	0.7842	0.7844	0.7845	0.784
312.035	32047.72	0.8567	0.825	0.804	0.7919	0.7831	0.7777	0.7754	0.7729	0.7719	0.7717	0.7706	0.7703	0.77	0.7704	0.7704	0.7697	0.7699	0.77	0.7695	0.7701	0.7702	0.7694	0.77	0.7697	0.7694	0.7702	0.7703	0.77	0.7699	0.7705	0.7697
312.611	31988.60	0.8407	0.8106	0.7897	0.778	0.7693	0.7648	0.7617	0.7597	0.7588	0.7585	0.7574	0.7575	0.7572	0.7573	0.7573	0.7568	0.7567	0.7568	0.7568	0.7571	0.7565	0.7566	0.7568	0.7569	0.7565	0.7572	0.7575	0.7574	0.7568	0.7576	0.7568
313.188	31929.70	0.8269	0.7965	0.7766	0.7651	0.7573	0.7531	0.7491	0.7479	0.7473	0.7461	0.7457	0.7457	0.7452	0.7449	0.745	0.7447	0.7445	0.7451	0.7453	0.7451	0.7449	0.7451	0.745	0.745	0.7448	0.7453	0.7456	0.745	0.7452	0.7451	0.7452
313.765	31871.01	0.8153	0.7848	0.7662	0.7546	0.7477	0.7431	0.7393	0.7382	0.7376	0.7361	0.7362	0.7355	0.735	0.7352	0.7351	0.7346	0.7348	0.7354	0.7353	0.7354	0.7352	0.7353	0.7352	0.7352	0.7349	0.7351	0.7356	0.7347	0.7353	0.735	0.7356
314.341	31812.54	0.8041	0.7751	0.7569	0.7458	0.7389	0.734	0.7309	0.7294	0.7285	0.7277	0.7274	0.7272	0.7266	0.7268	0.7265	0.7263	0.7263	0.7264	0.7262	0.7267	0.7264	0.7265	0.7265	0.7265	0.7261	0.7265	0.727	0.7263	0.7264	0.7267	0.727
314.918	31754.28	0.7946	0.7663	0.7484	0.7374	0.7306	0.726	0.7231	0.7217	0.7203	0.72	0.7195	0.7194	0.7192	0.7189	0.7184	0.719	0.7184	0.7186	0.7185	0.7187	0.7189	0.7188	0.7188	0.7187	0.718	0.7185	0.7191	0.7186	0.7185	0.7188	0.7188
315.495	31696.23	0.7866	0.7584	0.741	0.7301	0.7227	0.7189	0.7158	0.7151	0.7133	0.7128	0.7128	0.7121	0.7116	0.7117	0.7115	0.7115	0.7117	0.7116	0.7118	0.7115	0.712	0.7117	0.7119	0.7115	0.7108	0.7112	0.7119	0.7114	0.711	0.7116	0.7115
316.072	31638.40	0.7782	0.7509	0.7335	0.7227	0.7153	0.7114	0.7089	0.7076	0.7068	0.7055	0.7053	0.7052	0.7043	0.7048	0.7046	0.7045	0.7049	0.7045	0.7046	0.7041	0.7047	0.7042	0.7046	0.704	0.7044	0.7047	0.7045	0.7047	0.7036	0.7046	0.7046
316.648	31580.78	0.7707	0.7435	0.7258	0.7157	0.7087	0.7044	0.7025	0.7003	0.6998	0.6994	0.6985	0.6983	0.6982	0.6981	0.6977	0.6983	0.698	0.6976	0.6975	0.698	0.6981	0.698	0.6976	0.6975	0.6979	0.698	0.6979	0.6977	0.6975	0.6976	0.6978
317.225	31523.37	0.7632	0.736	0.7194	0.7086	0.7021	0.6978	0.6961	0.6939	0.6929	0.693	0.6924	0.6919	0.6914	0.6913	0.6908	0.6913	0.6916	0.6914	0.6909	0.6913	0.6915	0.6913	0.6914	0.6909	0.6909	0.6916	0.6915	0.6909	0.6911	0.6913	0.6908
317.802	31466.16	0.7571	0.7303	0.7142	0.7033	0.6967	0.6922	0.69	0.6884	0.6877	0.6875	0.6868	0.6864	0.6859	0.6861	0.6858	0.6862	0.6861	0.6861	0.686	0.686	0.6858	0.6858	0.6858	0.6856	0.6856	0.6859	0.686	0.6858	0.6861	0.6862	0.6858
318.378	31409.16	0.7522	0.7256	0.7091	0.6988	0.6924	0.6884	0.6854	0.6838	0.6826	0.6827	0.6816	0.6812	0.6815	0.6811	0.6811	0.6817	0.6813	0.681	0.6812	0.6819	0.6812	0.6811	0.6812	0.681	0.6812	0.681	0.6818	0.6814	0.6811	0.6813	0.6808
318.955	31352.37	0.7479	0.7215	0.7048	0.6943	0.6874	0.6838	0.6808	0.6796	0.6778	0.6784	0.6781	0.6774	0.6776	0.677	0.6767	0.677	0.677	0.6767	0.677	0.6768	0.6773	0.6764	0.677	0.6761	0.6765	0.6765	0.6769	0.677	0.6768	0.6772	0.6763
319.532	31295.78	0.7441	0.718	0.7008	0.6902	0.6835	0.6797	0.6771	0.6757	0.6743	0.6743	0.6736	0.6733	0.6725	0.6732	0.6733	0.6733	0.6729	0.6732	0.673	0.6733	0.6733	0.6728	0.673	0.6729	0.6735	0.6735	0.6735	0.6732	0.6729	0.673	0.6727
320.109	31239.40	0.74	0.7135	0.6969	0.6872	0.6798	0.6756	0.6733	0.6717	0.6706	0.67	0.6699	0.67	0.6685	0.6683	0.6696	0.6687	0.6684	0.6688	0.6689	0.6691	0.6692	0.6688	0.6691	0.6686	0.6688	0.6693	0.6697	0.6688	0.6685	0.6685	0.6689
320.685	31183.22	0.7358	0.7095	0.6922	0.6817	0.6752	0.6713	0.6689	0.6674	0.6659	0.6655	0.6647	0.6646	0.6642	0.6644	0.6646	0.6647	0.6645	0.6642	0.6641	0.6649	0.6646	0.6644	0.6642	0.6639	0.6644	0.6641	0.6646	0.6642	0.6649	0.6648	0.6641
321.262	31127.24	0.7325	0.706	0.6886	0.6784	0.671	0.6672	0.6646	0.6636	0.6621	0.6622	0.6607	0.6605	0.6606	0.6613	0.6606	0.6609	0.66	0.6604	0.6604	0.6611	0.6613	0.66	0.6596	0.6603	0.6604	0.6606	0.6602	0.6606	0.6606	0.661	0.6606
321.839	31071.47	0.7306	0.7034	0.6859	0.6759	0.6689	0.6642	0.662	0.6605	0.6596	0.6593	0.6591	0.6579	0.6586	0.658	0.6579	0.6578	0.6577	0.6586	0.6584	0.6584	0.6583	0.6583	0.6578	0.6575	0.6582	0.658	0.6585	0.6582	0.6576	0.6584	0.6579
322.415	31015.89	0.7289	0.7018	0.6842	0.6737	0.6661	0.662	0.6599	0.6578	0.6566	0.656	0.656	0.6555	0.6553	0.6554	0.6558	0.6552	0.655	0.6549	0.6546	0.6546	0.6551	0.6551	0.6547	0.6554	0.6552	0.6549	0.6557	0.6551	0.6551	0.6552	0.6548
322.992	30960.51	0.7282	0.7008	0.6827	0.6724	0.665	0.6613	0.658	0.6562	0.656	0.6544	0.6543	0.6538	0.6537	0.6542	0.6533	0.6531	0.6536	0.6531	0.6534	0.6532	0.6536	0.6533	0.6534	0.6535	0.6529	0.6524	0.6538	0.6535	0.6536	0.6531	0.6532
323.569	30905.33	0.7274	0.7002	0.6813	0.6701	0.6629	0.6583	0.6563	0.6547	0.6533	0.6527	0.6518	0.6527	0.6522	0.6519	0.6515	0.6517	0.6511	0.6513	0.6514	0.6511	0.6514	0.6516	0.6512	0.6512	0.6512	0.6515	0.6519	0.6512	0.6518	0.6521	0.6512
324.146	30850.34	0.7255	0.6974	0.6794	0.6682	0.6604	0.6567	0.6537	0.6519	0.6505	0.6502	0.6494	0.6495	0.6493	0.6492	0.6495	0.6489	0.6489	0.6491	0.6489	0.6489	0.6485	0.6487	0.6486	0.6481	0.6488	0.6484	0.6493	0.6486	0.6485	0.649	0.6484
324.722	30795.55	0.7248	0.6961	0.6772	0.6658	0.6583	0.6537	0.6507	0.6497	0.6484	0.6474	0.6476	0.647	0.6468	0.6462	0.6467	0.6466	0.6463	0.6463	0.6465	0.6466	0.646	0.6466	0.6464	0.6459	0.6461	0.646	0.6465	0.6462	0.6461	0.6465	0.6465
325.299	30740.95	0.722	0.6932	0.6746	0.6632	0.6559	0.6502	0.648	0.6467	0.6454	0.6445	0.6441	0.6437	0.6435	0.6432	0.6438	0.6436	0.6431	0.6429	0.6432	0.6439	0.6435	0.6428	0.6432	0.6438	0.6432	0.6431	0.6436	0.6426	0.6433	0.6434	0.6426
325.876	30686.55	0.7215	0.6916	0.6726	0.662	0.6539	0.6488	0.6456	0.6448	0.6438	0.643	0.6424	0.6422	0.6418	0.6409	0.6416	0.641	0.6411	0.6415	0.6413	0.6417	0.641	0.6416	0.6414	0.641	0.6408	0.6409	0.6413	0.6408	0.6408	0.6416	0.6406
326.452	30632.34	0.7205	0.6899	0.6709	0.6593	0.6518	0.6469	0.6435	0.6423	0.6415	0.6403	0.6401	0.64	0.6392	0.6386	0.6388	0.6388	0.6388	0.6393	0.6394	0.6389	0.6387	0.6387	0.6389	0.6382	0.639	0.6387	0.6388	0.639	0.6387	0.6393	0.6383
327.029	30578.32	0.7185	0.6874	0.6675	0.6563	0.6489	0.6442	0.6413	0.6395	0.6385	0.6374	0.6372	0.6374	0.6362	0.6362	0.6361	0.6362	0.636	0.6366	0.6361	0.6364	0.6366	0.6359	0.6361	0.6361	0.6361	0.6362	0.6359	0.6365	0.636	0.6364	0.6356
327.606	30524.49	0.7159	0.6851	0.6652	0.6538	0.6462	0.6414	0.6386	0.6365	0.6354	0.635	0.6346	0.6343	0.6335	0.6336	0.6332	0.6329	0.6337	0.6333	0.6333	0.6335	0.6341	0.6328	0.6334	0.6338	0.6328	0.6333	0.6337	0.6334	0.6332	0.6331	0.6335
328.182	30470.85	0.7131	0.6825	0.6626	0.651	0.6432	0.6382	0.6353	0.6331	0.6324	0.6318	0.6315	0.6306	0.631	0.6309	0.6304	0.6297	0.6306	0.63	0.6302	0.6305	0.6308	0.6299	0.6296	0.6303	0.63	0.63	0.6307	0.6298	0.6302	0.6301	0.6305
328.759	30417.40	0.7123	0.6819	0.6619	0.6498	0.642	0.6368	0.6342	0.6322	0.6308	0.6309	0.6298	0.6291	0.6295	0.629	0.6292	0.6288	0.6296	0.6288	0.629	0.6293	0.629	0.6286	0.6279	0.6288	0.6291	0.6288	0.6291	0.6288	0.6287	0.6293	0.6287
329.336	30364.14	0.7104	0.6797	0.6597	0.6474	0.6395	0.6348	0.6322	0.6304	0.6289	0.6289	0.6277	0.6273	0.627	0.6269	0.6271	0.6267	0.6272	0.6273	0.6273	0.6271	0.6269	0.6265	0.6262	0.627	0.6265	0.6269	0.627	0.6269	0.6265	0.6271	0.6263
329.913	30311.06	0.7086	0.6773	0.658	0.6455	0.6376	0.633	0.63	0.6284	0.6272	0.6265	0.6258	0.6255	0.625	0.6253	0.625	0.6244	0.6247	0.6249	0.6254	0.6251	0.6249	0.6244	0.6243	0.6247	0.6241	0.6245	0.6249	0.6247	0.6243	0.6249	0.6242
330.489	30258.16	0.7073	0.6761	0.6569	0.6444	0.6363	0.6313	0.6283	0.6268	0.6254	0.6246	0.6243	0.624	0.6237	0.6235	0.6231	0.6233	0.623	0.6234	0.6237	0.6234	0.6234	0.6228	0.623	0.6234	0.6228	0.623	0.6234	0.6231	0.6228	0.6232	0.6226
331.066	30205.45	0.705	0.6751	0.655	0.6433	0.6342	0.629	0.6265	0.6248	0.6229	0.6226	0.6226	0.6223	0.6219	0.6214	0.6213	0.6215	0.6208	0.6217	0.6219	0.6214	0.6216	0.6206	0.6211	0.6216	0.6207	0.6214	0.6215	0.6212	0.6211	0.6211	0.6208
331.643	30152.93	0.7038	0.6737	0.6533	0.642	0.6332	0.6278	0.6251	0.6234	0.6217	0.6212	0.6212	0.6207	0.6204	0.6202	0.6204	0.6202	0.6193	0.6197	0.6204	0.6204	0.62	0.6193	0.6194	0.6197	0.6193	0.6201	0.6201	0.6195	0.6199	0.6199	0.6195
332.219	30100.59	0.7023	0.6713	0.651	0.6398	0.632	0.6265	0.6235	0.6218	0.6209	0.6195	0.6193	0.6189	0.6185	0.6185	0.6188	0.6192	0.6181	0.6183	0.6181	0.6191	0.6182	0.6184	0.6178	0.6183	0.618	0.6188	0.6185	0.6179	0.6186	0.6187	0.6178
332.796	30048.42	0.6995	0.6691	0.6492	0.6376	0.63	0.6244	0.6216	0.6195	0.6192	0.6175	0.6171	0.6171	0.6166	0.6163	0.6164	0.6172	0.6164	0.6164	0.6161	0.6173	0.616	0.6166	0.6161	0.6168	0.6161	0.6166	0.6164	0.6161	0.6167	0.6167	0.6158
333.373	29996.44	0.6987	0.6672	0.6481	0.636	0.6288	0.6239	0.6203	0.6183	0.6178	0.6168	0.6159	0.6159	0.6155	0.6146	0.6151	0.6156	0.615	0.6148	0.6153	0.616	0.6147	0.6151	0.6152	0.6154	0.615	0.6148	0.6151	0.6147	0.6155	0.6154	0.6144
333.950	29944.64	0.6988	0.6676	0.6473	0.636	0.6281	0.6236	0.62	0.618	0.6169	0.6165	0.6159	0.6154	0.6149	0.6149	0.6147	0.6149	0.6148	0.615	0.6148	0.6152	0.6145	0.6147	0.615	0.6144	0.6145	0.6149	0.6147	0.6148	0.615	0.6149	0.6139
334.526	29893.02	0.6993	0.6684	0.6483	0.6364	0.6285	0.6235	0.6207	0.6185	0.617	0.6166	0.6163	0.6156	0.6156	0.6156	0.6156	0.6152	0.615	0.615	0.615	0.6153	0.615	0.6149	0.6152	0.6148	0.6151	0.6155	0.6152	0.6149	0.6152	0.6153	0.6147
335.103	29841.57	0.6988	0.6675	0.6476	0.6355	0.6278	0.623	0.6201	0.6183	0.6169	0.6163	0.6152	0.6154	0.6154	0.6149	0.6154	0.6152	0.6147	0.6144	0.6146	0.6151	0.6146	0.614	0.6148	0.6141	0.6148	0.6152	0.6146	0.6138	0.6148	0.6148	0.6152
335.680	29790.30	0.6978	0.6673	0.6469	0.6339	0.6271	0.6217	0.6185	0.617	0.6165	0.6154	0.6151	0.6147	0.6142	0.6142	0.6142	0.614	0.6139	0.6139	0.6139	0.6145	0.6143	0.6134	0.6134	0.6132	0.614	0.6139	0.614	0.6132	0.6138	0.6142	0.614
336.256	29739.21	0.699	0.6669	0.6479	0.6348	0.6279	0.6233	0.6193	0.6179	0.617	0.6164	0.616	0.6154	0.6147	0.6152	0.6146	0.6146	0.6145	0.6149	0.6145	0.615	0.6145	0.615	0.6139	0.6145	0.6137	0.6139	0.6151	0.6143	0.6143	0.6146	0.6143
336.833	29688.29	0.6972	0.6666	0.6471	0.6349	0.6265	0.6224	0.6188	0.617	0.6166	0.6153	0.6142	0.6145	0.6141	0.6141	0.6139	0.6143	0.6139	0.614	0.6141	0.6139	0.6141	0.6138	0.6136	0.6129	0.613	0.6132	0.6141	0.6133	0.6137	0.6135	0.6133
337.410	29637.55	0.7009	0.6699	0.6504	0.6385	0.6298	0.6245	0.6212	0.6202	0.6197	0.6188	0.6178	0.6173	0.6175	0.6175	0.6168	0.6167	0.6171	0.6175	0.6168	0.617	0.617	0.6169	0.6167	0.616	0.616	0.6165	0.6173	0.6168	0.6164	0.6161	0.6152
337.987	29586.98	0.7006	0.6703	0.6502	0.6377	0.6303	0.6246	0.6223	0.6203	0.6199	0.6186	0.6181	0.6177	0.6172	0.6169	0.6169	0.6168	0.6173	0.6173	0.6167	0.6177	0.6165	0.6169	0.617	0.6162	0.616	0.6168	0.6174	0.6163	0.6164	0.617	0.616
338.563	29536.58	0.7019	0.6716	0.6514	0.6395	0.6318	0.6266	0.6242	0.6222	0.6213	0.6205	0.6197	0.6194	0.6192	0.6188	0.6187	0.618	0.619	0.6181	0.6191	0.6185	0.6183	0.6183	0.619	0.6177	0.6189	0.6189	0.6186	0.6182	0.6185	0.6184	0.6179
339.140	29486.35	0.7034	0.6717	0.6518	0.6406	0.6323	0.6272	0.6243	0.6228	0.6216	0.6218	0.6212	0.6198	0.6197	0.62	0.6192	0.6198	0.6195	0.6199	0.6193	0.6194	0.6196	0.6189	0.6196	0.619	0.6192	0.6188	0.6191	0.6193	0.6194	0.6192	0.6189
339.717	29436.29	0.7035	0.6731	0.6536	0.6418	0.6334	0.6285	0.6262	0.6241	0.6226	0.6218	0.6224	0.6214	0.6207	0.6204	0.6209	0.6208	0.6201	0.6211	0.6214	0.621	0.6203	0.6208	0.6205	0.6197	0.6214	0.6209	0.6205	0.6206	0.6208	0.6207	0.6206
340.293	29386.41	0.7068	0.6764	0.6562	0.6455	0.637	0.6328	0.6297	0.6279	0.6274	0.625	0.6251	0.6242	0.6245	0.6249	0.6241	0.624	0.6241	0.6238	0.6245	0.6241	0.6236	0.6243	0.6237	0.6235	0.6238	0.6239	0.6244	0.6242	0.6237	0.624	0.6237
340.870	29336.69	0.7071	0.6766	0.6575	0.6465	0.6389	0.6338	0.6307	0.6284	0.6272	0.6263	0.6268	0.6267	0.626	0.626	0.626	0.6246	0.6253	0.625	0.625	0.6256	0.6256	0.6252	0.6254	0.6246	0.6248	0.6251	0.6256	0.6251	0.6247	0.6256	0.6248
341.447	29287.14	0.7102	0.6802	0.6603	0.6496	0.6418	0.6375	0.6345	0.6329	0.6318	0.63	0.6305	0.6301	0.6294	0.6294	0.6293	0.6286	0.6293	0.6289	0.629	0.6293	0.6289	0.6286	0.6288	0.6288	0.6301	0.6296	0.6288	0.6287	0.6284	0.6294	0.6288
342.024	29237.76	0.7128	0.6828	0.6633	0.6516	0.6449	0.6397	0.6369	0.6349	0.6339	0.6334	0.6336	0.6331	0.6328	0.632	0.632	0.6324	0.6324	0.6317	0.6315	0.6324	0.6318	0.6315	0.6313	0.6317	0.6324	0.632	0.6321	0.6318	0.6314	0.6317	0.6309
342.600	29188.54	0.7147	0.6854	0.6662	0.6556	0.6482	0.6429	0.6398	0.6375	0.6377	0.637	0.6365	0.6361	0.6352	0.6354	0.6356	0.6356	0.6352	0.6356	0.6354	0.6363	0.6357	0.6345	0.6351	0.635	0.6345	0.6348	0.6361	0.6351	0.6349	0.6354	0.6352
343.177	29139.49	0.7176	0.6884	0.6695	0.6587	0.6516	0.6467	0.6442	0.6422	0.6411	0.6416	0.6403	0.6399	0.6397	0.6397	0.6393	0.639	0.639	0.64	0.6393	0.6393	0.6389	0.6387	0.6392	0.639	0.6387	0.6383	0.6395	0.639	0.6392	0.6392	0.6392
343.754	29090.60	0.7194	0.6908	0.6722	0.6616	0.6544	0.6496	0.6474	0.6453	0.6439	0.6437	0.6429	0.6424	0.6424	0.6424	0.6418	0.6417	0.642	0.6421	0.6423	0.6419	0.6418	0.6418	0.6413	0.6412	0.6417	0.6416	0.6418	0.6422	0.6422	0.6421	0.6418
344.330	29041.88	0.7219	0.6946	0.6761	0.6656	0.6585	0.6535	0.6517	0.6495	0.6481	0.6473	0.6473	0.647	0.6465	0.6466	0.6463	0.6458	0.6462	0.646	0.6466	0.6457	0.6463	0.6457	0.6461	0.6455	0.6462	0.6462	0.6456	0.6465	0.6458	0.6462	0.6462
344.907	28993.32	0.7261	0.6987	0.6808	0.6703	0.6628	0.6587	0.6561	0.654	0.6528	0.6527	0.6518	0.6521	0.6514	0.6512	0.6518	0.651	0.6514	0.651	0.6511	0.651	0.6513	0.6507	0.6513	0.6509	0.651	0.651	0.6507	0.6506	0.6505	0.6508	0.6509
345.484	28944.92	0.7303	0.7028	0.6856	0.675	0.6676	0.6637	0.6613	0.6593	0.6585	0.6586	0.6567	0.657	0.6571	0.6566	0.6567	0.656	0.6568	0.6566	0.6565	0.6565	0.6566	0.656	0.6563	0.656	0.6559	0.6562	0.6563	0.6558	0.6562	0.6559	0.6551
346.060	28896.68	0.7357	0.7087	0.6916	0.681	0.6737	0.67	0.6675	0.6659	0.6647	0.6649	0.6632	0.6635	0.6634	0.6631	0.6629	0.6623	0.6631	0.6632	0.663	0.6624	0.6626	0.6627	0.6626	0.6625	0.6627	0.6627	0.6631	0.6623	0.6629	0.6625	0.6617
346.637	28848.61	0.7394	0.7136	0.6965	0.6862	0.6795	0.6753	0.6726	0.6715	0.67	0.6699	0.6689	0.6693	0.6685	0.6685	0.6683	0.6679	0.6683	0.6682	0.6683	0.6677	0.6679	0.6676	0.668	0.6681	0.6678	0.6682	0.6681	0.668	0.6682	0.6679	0.6678
347.214	28800.69	0.7419	0.7163	0.7001	0.6901	0.6838	0.6794	0.6769	0.6758	0.6743	0.6742	0.6736	0.6733	0.673	0.673	0.6724	0.6728	0.6726	0.6722	0.6723	0.6726	0.673	0.6721	0.6725	0.6725	0.672	0.6725	0.6724	0.6724	0.6722	0.6723	0.6725
347.791	28752.93	0.7456	0.7211	0.7052	0.6957	0.6892	0.685	0.6828	0.6815	0.6801	0.6801	0.6792	0.6791	0.679	0.6789	0.6788	0.6787	0.6782	0.6782	0.6784	0.6786	0.6789	0.6782	0.678	0.6782	0.678	0.6784	0.6787	0.6786	0.6777	0.6784	0.6782
348.367	28705.33	0.7523	0.7285	0.7129	0.7037	0.6969	0.6932	0.6908	0.6898	0.6885	0.6879	0.687	0.6875	0.6867	0.6868	0.6873	0.6866	0.6863	0.6864	0.6869	0.6865	0.6866	0.6863	0.6858	0.6864	0.6858	0.6865	0.6871	0.6867	0.6857	0.6866	0.6859
348.944	28657.89	0.7584	0.7349	0.7196	0.7106	0.704	0.7002	0.6976	0.6969	0.6959	0.6952	0.6946	0.6949	0.6939	0.694	0.6943	0.6939	0.6939	0.6939	0.6942	0.694	0.6942	0.6934	0.6934	0.6937	0.693	0.6931	0.6942	0.6934	0.6932	0.6938	0.6932
349.521	28610.61	0.7648	0.7414	0.7264	0.7176	0.7116	0.7075	0.7057	0.7042	0.7034	0.7029	0.7026	0.7028	0.7019	0.7019	0.7022	0.7014	0.7013	0.7017	0.7019	0.702	0.7015	0.7011	0.7011	0.7014	0.7011	0.7009	0.7014	0.7012	0.701	0.7014	0.7007
350.097	28563.48	0.7738	0.7502	0.7353	0.7269	0.7212	0.7173	0.716	0.7138	0.7132	0.7126	0.712	0.7122	0.7116	0.7116	0.712	0.7111	0.7107	0.7115	0.7116	0.7115	0.711	0.7108	0.7106	0.7112	0.7107	0.7111	0.7115	0.7108	0.7102	0.7109	0.7102
350.674	28516.50	0.7801	0.7579	0.7427	0.7342	0.7287	0.7247	0.723	0.7217	0.7209	0.7203	0.7194	0.7199	0.7195	0.7189	0.7192	0.719	0.7188	0.7194	0.7195	0.7193	0.7191	0.7183	0.7187	0.719	0.7186	0.7187	0.7196	0.718	0.718	0.7187	0.7185
351.251	28469.68	0.7875	0.7655	0.7507	0.7423	0.737	0.7331	0.7317	0.7304	0.729	0.7287	0.7285	0.7284	0.7278	0.727	0.7276	0.7271	0.7277	0.7276	0.7277	0.7283	0.7277	0.7272	0.7277	0.7276	0.7275	0.7274	0.7283	0.727	0.7274	0.7271	0.7277
351.828	28423.02	0.7968	0.775	0.7611	0.7529	0.7471	0.7436	0.7417	0.7409	0.7401	0.7391	0.7388	0.7387	0.7379	0.7375	0.7383	0.7377	0.7378	0.7376	0.7386	0.7383	0.7381	0.7376	0.7382	0.7374	0.7381	0.7375	0.7386	0.7379	0.7378	0.7376	0.7374
352.404	28376.50	0.8032	0.7824	0.7682	0.7607	0.7546	0.7515	0.749	0.7485	0.7473	0.7476	0.7459	0.7461	0.746	0.7449	0.7459	0.7459	0.7458	0.7458	0.7461	0.7462	0.7456	0.7452	0.7458	0.7449	0.7461	0.7449	0.7455	0.7453	0.7451	0.7449	0.7444
352.981	28330.14	0.8095	0.7887	0.775	0.7678	0.7616	0.7583	0.756	0.7555	0.755	0.7551	0.754	0.7538	0.7535	0.7522	0.7535	0.7533	0.7532	0.7533	0.7536	0.7531	0.7531	0.7524	0.7528	0.7524	0.7527	0.7533	0.7524	0.7523	0.753	0.7526	0.7515
353.558	28283.93	0.822	0.8015	0.7883	0.7807	0.775	0.772	0.7693	0.769	0.7678	0.7671	0.7677	0.767	0.7668	0.7658	0.7666	0.7662	0.7663	0.7666	0.7665	0.766	0.7663	0.7655	0.7669	0.7656	0.7661	0.7656	0.7661	0.7653	0.7662	0.7665	0.7654
354.134	28237.87	0.8295	0.8095	0.7965	0.7887	0.7835	0.7797	0.7778	0.7772	0.7763	0.7754	0.7753	0.7755	0.7749	0.7743	0.7745	0.7751	0.7744	0.7743	0.7746	0.775	0.7747	0.7735	0.7742	0.7738	0.7738	0.7733	0.7739	0.7735	0.7742	0.7744	0.7739
354.711	28191.96	0.8422	0.8214	0.8091	0.8015	0.7959	0.792	0.7908	0.79	0.7883	0.7885	0.7884	0.7876	0.7867	0.7873	0.787	0.7879	0.7872	0.7875	0.7873	0.7872	0.7876	0.787	0.7867	0.7861	0.7868	0.7863	0.7874	0.7864	0.7866	0.7864	0.787
355.288	28146.19	0.851	0.8311	0.8184	0.811	0.806	0.8023	0.7997	0.7993	0.799	0.798	0.7969	0.7973	0.7971	0.7972	0.7963	0.7969	0.7972	0.7966	0.7967	0.7967	0.796	0.7974	0.7963	0.7966	0.7963	0.7964	0.7975	0.7964	0.7968	0.7953	0.7958
355.865	28100.58	0.8631	0.8438	0.8303	0.8225	0.8173	0.8139	0.8126	0.811	0.8095	0.8093	0.809	0.8089	0.8091	0.809	0.8079	0.8085	0.8083	0.8084	0.8086	0.8082	0.8078	0.8078	0.808	0.8076	0.8078	0.8076	0.809	0.8084	0.8071	0.8076	0.8078
356.441	28055.12	0.8719	0.8519	0.8391	0.8323	0.827	0.8232	0.8217	0.8204	0.8194	0.8191	0.8183	0.8188	0.8186	0.8175	0.8192	0.8178	0.8173	0.8175	0.8185	0.8176	0.8179	0.8192	0.8172	0.8179	0.817	0.818	0.8177	0.8174	0.8168	0.8174	0.8177
357.018	28009.80	0.8797	0.8586	0.846	0.8394	0.8338	0.8299	0.8288	0.8269	0.8267	0.826	0.8257	0.8256	0.8252	0.825	0.8249	0.8253	0.8243	0.8251	0.8255	0.8246	0.8246	0.8248	0.8236	0.8242	0.8248	0.8238	0.824	0.8246	0.8243	0.8247	0.8245
357.595	27964.62	0.888	0.868	0.8549	0.8475	0.8423	0.8388	0.837	0.8359	0.8355	0.835	0.8345	0.8344	0.8331	0.8342	0.8332	0.8334	0.8338	0.8337	0.8333	0.8337	0.8333	0.8336	0.8325	0.8326	0.8327	0.8337	0.8326	0.8326	0.8326	0.832	0.8328
358.171	27919.60	0.9016	0.8807	0.868	0.8611	0.8542	0.852	0.8493	0.8488	0.8475	0.8483	0.8477	0.8473	0.8461	0.8459	0.8461	0.8455	0.8466	0.8474	0.8463	0.8459	0.8453	0.8459	0.8459	0.8456	0.8461	0.8458	0.8458	0.8464	0.8451	0.8458	0.8453
358.748	27874.71	0.9059	0.8846	0.8728	0.866	0.8602	0.8564	0.8551	0.8532	0.8531	0.852	0.8523	0.8516	0.8516	0.8501	0.852	0.8509	0.8507	0.8518	0.8515	0.8516	0.8517	0.8511	0.85	0.8499	0.8505	0.8504	0.8508	0.8512	0.851	0.851	0.8511
359.325	27829.98	0.9248	0.9038	0.8909	0.8831	0.8786	0.8737	0.8724	0.8726	0.8704	0.8701	0.87	0.8699	0.8691	0.8684	0.8704	0.8701	0.8697	0.8684	0.8697	0.8688	0.8692	0.8678	0.8692	0.869	0.8684	0.869	0.8696	0.8684	0.8698	0.8682	0.8683
359.901	27785.38	0.9343	0.9124	0.9005	0.8919	0.8864	0.8827	0.8806	0.8805	0.879	0.8785	0.8773	0.8783	0.8773	0.877	0.879	0.8773	0.878	0.8775	0.878	0.8768	0.8774	0.8773	0.8769	0.8766	0.8768	0.8784	0.8773	0.8768	0.877	0.877	0.8774
360.478	27740.93	0.9422	0.9204	0.9076	0.899	0.8939	0.8905	0.8877	0.8875	0.8859	0.8858	0.8856	0.8851	0.8853	0.8847	0.885	0.8854	0.8844	0.8842	0.885	0.8841	0.8849	0.8829	0.8845	0.8833	0.8842	0.8851	0.8835	0.8832	0.8844	0.8837	0.8841
361.055	27696.62	0.9488	0.9269	0.9135	0.9054	0.9006	0.8966	0.8953	0.8953	0.8928	0.8922	0.8921	0.8916	0.8914	0.8919	0.8904	0.8906	0.8913	0.8907	0.8908	0.8909	0.8911	0.8905	0.8905	0.8901	0.8907	0.891	0.8903	0.8893	0.8905	0.8911	0.8899
361.632	27652.45	0.9557	0.9352	0.9207	0.9137	0.9088	0.904	0.9025	0.9024	0.9009	0.8999	0.9001	0.8997	0.8989	0.8987	0.8987	0.8991	0.8988	0.8986	0.8984	0.8994	0.8997	0.8985	0.898	0.8994	0.8983	0.8982	0.8983	0.8976	0.8987	0.8985	0.8992
362.208	27608.42	0.9636	0.9424	0.9292	0.9208	0.9156	0.9109	0.909	0.9084	0.9066	0.9069	0.9061	0.9066	0.9054	0.9062	0.9063	0.9065	0.9057	0.9059	0.9052	0.9057	0.9057	0.9055	0.9055	0.9055	0.9055	0.9054	0.9052	0.9054	0.9055	0.9051	0.9054
362.785	27564.53	0.9719	0.95	0.9367	0.9289	0.9232	0.9196	0.9175	0.9155	0.9144	0.9148	0.9139	0.9137	0.9128	0.9138	0.9136	0.9142	0.9134	0.9129	0.9134	0.9127	0.9126	0.9139	0.9125	0.9116	0.9129	0.9129	0.9136	0.913	0.9127	0.913	0.9131
363.362	27520.78	0.9746	0.9525	0.9399	0.9317	0.9262	0.9221	0.9204	0.9182	0.9171	0.9176	0.9168	0.9167	0.9162	0.9165	0.9161	0.9174	0.9163	0.9162	0.9165	0.9156	0.9156	0.9155	0.9157	0.9148	0.9151	0.9167	0.9162	0.9162	0.9152	0.9153	0.9163
363.938	27477.17	0.9778	0.9563	0.9424	0.9349	0.9288	0.9255	0.9228	0.9221	0.9215	0.9218	0.9211	0.9216	0.9196	0.9194	0.9196	0.9205	0.92	0.9203	0.9192	0.9189	0.9201	0.9189	0.9206	0.9186	0.9187	0.9194	0.9191	0.9193	0.9183	0.9191	0.92
364.515	27433.70	0.9833	0.962	0.9473	0.9403	0.935	0.9304	0.9281	0.9278	0.9279	0.9268	0.9268	0.9264	0.9257	0.9244	0.9251	0.9241	0.9254	0.9256	0.9246	0.925	0.9259	0.9245	0.9257	0.9245	0.9241	0.9247	0.9252	0.9247	0.924	0.925	0.925
365.092	27390.37	0.988	0.9659	0.9516	0.9449	0.9384	0.935	0.9321	0.9314	0.9319	0.9306	0.9301	0.9292	0.9302	0.929	0.9293	0.9281	0.9293	0.9294	0.9286	0.9302	0.9288	0.9283	0.929	0.9287	0.9284	0.9289	0.9298	0.9286	0.9278	0.9288	0.9286
365.669	27347.17	0.9896	0.9686	0.9538	0.9459	0.9391	0.9369	0.9342	0.9328	0.9325	0.9323	0.9312	0.9306	0.9307	0.9304	0.9309	0.9304	0.9303	0.9305	0.9307	0.9318	0.9303	0.9301	0.9303	0.9304	0.9297	0.9309	0.9311	0.9305	0.929	0.9306	0.9301
366.245	27304.11	0.9919	0.9705	0.9558	0.9477	0.9419	0.939	0.9363	0.936	0.9344	0.9344	0.9329	0.9332	0.9319	0.9325	0.9329	0.9327	0.9319	0.9327	0.9338	0.9335	0.9328	0.9322	0.9329	0.9321	0.9316	0.9324	0.9328	0.9333	0.9319	0.9326	0.932
366.822	27261.18	0.9977	0.9763	0.962	0.9535	0.9482	0.9453	0.9427	0.9418	0.94	0.9396	0.9391	0.9398	0.9382	0.9392	0.9387	0.9386	0.9381	0.939	0.9393	0.9384	0.9385	0.9376	0.9395	0.9378	0.9382	0.9376	0.9381	0.9386	0.9394	0.9385	0.938
367.399	27218.39	1.008	0.9866	0.9716	0.9622	0.9571	0.9539	0.9518	0.9497	0.9494	0.9483	0.9492	0.9488	0.9477	0.9484	0.9478	0.9476	0.9478	0.9478	0.9479	0.9469	0.9482	0.9468	0.9491	0.9471	0.9477	0.9472	0.9475	0.9472	0.9483	0.9472	0.9477
367.975	27175.73	1.022	0.9992	0.9833	0.9744	0.9688	0.9651	0.9627	0.9611	0.9622	0.9598	0.9611	0.9599	0.9594	0.9594	0.9593	0.9594	0.9591	0.9585	0.9596	0.9593	0.9595	0.9583	0.9602	0.9582	0.9586	0.9587	0.9596	0.9588	0.9581	0.9583	0.9591
368.552	27133.20	1.032	1.01	0.9937	0.9847	0.9786	0.975	0.9729	0.9706	0.9711	0.9682	0.9691	0.969	0.9684	0.9687	0.9683	0.9681	0.9675	0.9674	0.968	0.9686	0.9674	0.9666	0.9683	0.9681	0.9661	0.9675	0.9681	0.9668	0.9671	0.9682	0.968
369.129	27090.81	1.038	1.014	0.9987	0.9891	0.9831	0.9794	0.9769	0.9758	0.9744	0.9722	0.9713	0.9732	0.972	0.973	0.9722	0.9713	0.9722	0.9727	0.972	0.9725	0.972	0.9708	0.9718	0.9727	0.9701	0.9707	0.9715	0.9709	0.9715	0.9716	0.9713
369.706	27048.55	1.046	1.02	1.004	0.9937	0.989	0.9844	0.9821	0.9814	0.9788	0.9777	0.9772	0.9781	0.9779	0.9777	0.9781	0.977	0.9771	0.9779	0.9774	0.978	0.977	0.9768	0.9765	0.9771	0.976	0.976	0.9768	0.9765	0.9757	0.977	0.9757
370.282	27006.43	1.049	1.024	1.006	0.9958	0.9908	0.9856	0.9832	0.982	0.9798	0.9796	0.9797	0.9789	0.9792	0.9795	0.9791	0.9793	0.9788	0.9781	0.9777	0.9789	0.9786	0.978	0.978	0.9778	0.977	0.9787	0.9787	0.9774	0.9775	0.979	0.9776
370.859	26964.43	1.053	1.027	1.01	1.001	0.9928	0.9886	0.9865	0.9852	0.9829	0.9828	0.9821	0.9813	0.9813	0.9822	0.9812	0.9816	0.9809	0.981	0.9796	0.9816	0.9812	0.9801	0.981	0.9793	0.9801	0.9808	0.9808	0.9802	0.9809	0.981	0.9803
371.436	26922.56	1.061	1.036	1.018	1.01	0.9995	0.9957	0.9934	0.9912	0.9904	0.9881	0.9886	0.9893	0.9884	0.9885	0.9879	0.9884	0.9875	0.9884	0.9872	0.9882	0.989	0.9874	0.9878	0.9879	0.9873	0.988	0.9878	0.9876	0.9881	0.9881	0.9882
372.012	26880.83	1.063	1.036	1.019	1.009	1.001	0.9947	0.9919	0.9914	0.9904	0.9883	0.9882	0.9883	0.9887	0.9887	0.9889	0.9883	0.9877	0.9877	0.9873	0.9877	0.9884	0.9875	0.9874	0.9888	0.9867	0.9874	0.9886	0.9873	0.9882	0.9874	0.9879
372.589	26839.22	1.07	1.04	1.024	1.013	1.004	0.9987	0.9958	0.9941	0.993	0.9923	0.993	0.993	0.9913	0.9922	0.9917	0.9931	0.9928	0.9915	0.9918	0.9918	0.9918	0.9914	0.9915	0.9904	0.9915	0.9915	0.9917	0.9899	0.9915	0.9914	0.9902
373.166	26797.74	1.074	1.044	1.024	1.012	1.004	0.9991	0.9971	0.9952	0.9937	0.992	0.9935	0.9944	0.9929	0.992	0.9931	0.9932	0.9926	0.9915	0.9924	0.9905	0.9909	0.9907	0.9925	0.9917	0.9914	0.9932	0.9929	0.9914	0.9911	0.9919	0.9908
373.743	26756.39	1.078	1.046	1.027	1.014	1.008	1.005	1.001	0.9986	0.9973	0.9947	0.9959	0.9964	0.9953	0.9947	0.9949	0.9959	0.9957	0.9946	0.995	0.9948	0.9945	0.9956	0.994	0.9947	0.9937	0.9946	0.9967	0.9937	0.9942	0.994	0.994
374.319	26715.17	1.06	1.03	1.01	0.999	0.9917	0.9876	0.9848	0.9828	0.9806	0.9797	0.9801	0.9795	0.9791	0.9793	0.9816	0.9806	0.9808	0.9801	0.9794	0.9796	0.9787	0.9789	0.9788	0.979	0.9783	0.9809	0.9793	0.9779	0.98	0.9772	0.9791
374.896	26674.07	1.071	1.039	1.017	1.006	0.9981	0.9932	0.9897	0.9879	0.988	0.9866	0.9866	0.9856	0.9854	0.986	0.9861	0.986	0.9851	0.9861	0.9838	0.9841	0.9851	0.9848	0.9856	0.9856	0.9842	0.9856	0.9864	0.9839	0.9853	0.984	0.9863
375.473	26633.10	1.056	1.023	1.005	0.9925	0.9841	0.9801	0.9768	0.9743	0.9721	0.9725	0.9717	0.9721	0.9715	0.9699	0.9709	0.9701	0.9718	0.9707	0.9713	0.9714	0.9699	0.97	0.9717	0.9708	0.971	0.9707	0.9701	0.9703	0.9708	0.9701	0.9711
376.049	26592.26	1.051	1.02	0.999	0.9879	0.9787	0.974	0.9722	0.9684	0.9663	0.9659	0.9669	0.9652	0.9648	0.9656	0.9646	0.9643	0.9662	0.9642	0.9655	0.9642	0.9657	0.9643	0.9644	0.9655	0.9632	0.9645	0.9651	0.9661	0.9646	0.9636	0.9645
376.626	26551.54	1.054	1.02	1.001	0.9878	0.9793	0.9731	0.9717	0.9685	0.9677	0.9668	0.9656	0.9652	0.9651	0.9662	0.9649	0.9656	0.9658	0.9652	0.9651	0.9649	0.9654	0.9647	0.9651	0.9641	0.9656	0.9652	0.9658	0.9641	0.9634	0.9652	0.9639
377.203	26510.94	1.047	1.014	0.9923	0.9809	0.9717	0.9655	0.9614	0.9612	0.9584	0.9593	0.9583	0.958	0.9579	0.9571	0.9573	0.9569	0.9566	0.9571	0.9574	0.9561	0.9553	0.9573	0.9576	0.9567	0.9577	0.956	0.9565	0.9572	0.9551	0.9578	0.956
377.779	26470.47	1.031	0.9976	0.9763	0.9654	0.9553	0.9513	0.9477	0.9456	0.9435	0.9436	0.9415	0.9411	0.9415	0.9407	0.941	0.9425	0.9422	0.941	0.9424	0.9419	0.9413	0.9416	0.9422	0.9431	0.9403	0.9409	0.9414	0.9405	0.9418	0.9418	0.9414
378.356	26430.12	1.022	0.9877	0.9668	0.9549	0.9459	0.9399	0.9368	0.9358	0.9336	0.9322	0.9323	0.9325	0.9311	0.9322	0.9321	0.9322	0.9316	0.9313	0.9316	0.9328	0.9326	0.9302	0.9322	0.9307	0.9309	0.931	0.9304	0.9306	0.9299	0.9322	0.93
378.933	26389.90	1.007	0.9733	0.9524	0.9399	0.9314	0.9256	0.9229	0.9219	0.9199	0.9193	0.9188	0.9181	0.9171	0.9178	0.9183	0.9172	0.9181	0.9176	0.9166	0.9173	0.917	0.9164	0.9176	0.9151	0.9178	0.9158	0.9166	0.9178	0.9167	0.9163	0.9172
379.510	26349.79	0.9944	0.9606	0.9405	0.9268	0.9198	0.914	0.9104	0.9093	0.9076	0.9074	0.9067	0.9061	0.9053	0.9058	0.9065	0.906	0.9058	0.9041	0.9055	0.9045	0.9063	0.9039	0.9046	0.9045	0.9045	0.9051	0.9042	0.9052	0.9057	0.9054	0.9054
380.086	26309.81	0.981	0.9463	0.9262	0.913	0.9047	0.8997	0.8962	0.8947	0.8928	0.8925	0.8925	0.8913	0.8914	0.892	0.891	0.8916	0.8915	0.8901	0.8912	0.8899	0.8913	0.8903	0.892	0.8905	0.8905	0.8901	0.8905	0.8911	0.891	0.8913	0.8909
380.663	26269.95	0.9665	0.9335	0.9122	0.9001	0.8921	0.8854	0.8836	0.8813	0.8796	0.8789	0.8782	0.8781	0.8775	0.8788	0.8773	0.8781	0.8779	0.8778	0.8766	0.8772	0.8778	0.8776	0.8778	0.8775	0.8772	0.8775	0.8779	0.8778	0.8783	0.8783	0.8771
381.240	26230.22	0.9426	0.9113	0.8922	0.8801	0.8705	0.8655	0.8639	0.8614	0.8596	0.859	0.8584	0.859	0.8578	0.8579	0.8575	0.8579	0.8584	0.857	0.8566	0.8574	0.857	0.8574	0.857	0.8567	0.8563	0.8574	0.8571	0.8571	0.857	0.8571	0.8563
381.816	26190.60	0.9178	0.8877	0.8692	0.8569	0.8491	0.844	0.8416	0.8387	0.8384	0.8375	0.8356	0.8362	0.8371	0.8363	0.8357	0.8357	0.8367	0.8353	0.835	0.8365	0.835	0.8349	0.8347	0.8356	0.835	0.8357	0.8351	0.8347	0.8357	0.8352	0.8354
382.393	26151.10	0.9004	0.8694	0.8512	0.8392	0.8317	0.8256	0.8234	0.8219	0.8201	0.82	0.8195	0.8191	0.8191	0.8192	0.8186	0.8181	0.8196	0.819	0.8183	0.8201	0.8181	0.8185	0.8181	0.8182	0.8179	0.8183	0.8188	0.8178	0.8192	0.818	0.8174
382.970	26111.72	0.8828	0.8524	0.8342	0.8228	0.8145	0.8096	0.8069	0.8054	0.8042	0.8045	0.8035	0.804	0.8029	0.8035	0.8026	0.8019	0.8032	0.8025	0.8027	0.8029	0.8016	0.8023	0.8024	0.8018	0.8022	0.8023	0.8031	0.8028	0.8026	0.8022	0.8015
383.547	26072.45	0.8626	0.833	0.8143	0.8036	0.7969	0.7924	0.7898	0.7874	0.7875	0.7864	0.7852	0.7861	0.7846	0.7849	0.7843	0.7842	0.7859	0.785	0.7848	0.7849	0.7847	0.7851	0.7853	0.7844	0.7849	0.7848	0.7856	0.7845	0.7847	0.7846	0.7842
384.123	26033.31	0.8396	0.8115	0.7939	0.7835	0.7772	0.7729	0.7706	0.768	0.7683	0.7675	0.7669	0.7664	0.7653	0.7652	0.7653	0.766	0.7666	0.7659	0.7659	0.7654	0.766	0.766	0.7662	0.7651	0.7656	0.7646	0.7663	0.7646	0.7657	0.7655	0.7642
384.700	25994.28	0.8166	0.7908	0.7733	0.763	0.7568	0.7525	0.7504	0.7484	0.7484	0.748	0.7469	0.7463	0.7462	0.7457	0.7457	0.7462	0.7459	0.7453	0.746	0.7458	0.7464	0.7456	0.7455	0.7455	0.7456	0.745	0.7455	0.7446	0.7453	0.7453	0.7446
385.277	25955.37	0.7954	0.7703	0.7538	0.7436	0.738	0.7337	0.7314	0.7301	0.7299	0.7288	0.7276	0.7281	0.7276	0.7279	0.7272	0.7268	0.7273	0.727	0.727	0.7275	0.7273	0.7271	0.7273	0.7267	0.7275	0.727	0.7266	0.727	0.7266	0.7272	0.727
385.853	25916.58	0.7724	0.7477	0.7324	0.7233	0.7177	0.7136	0.7113	0.7095	0.7093	0.7086	0.708	0.7083	0.7078	0.7085	0.7075	0.7073	0.7073	0.7075	0.7078	0.708	0.7069	0.7076	0.7074	0.7066	0.7074	0.7071	0.7071	0.7074	0.707	0.7077	0.7071
386.430	25877.90	0.7494	0.7261	0.7115	0.7036	0.697	0.6935	0.6922	0.6902	0.6889	0.6892	0.6885	0.6886	0.6879	0.688	0.6882	0.688	0.6877	0.6879	0.689	0.6883	0.6875	0.6878	0.687	0.6874	0.6875	0.6876	0.6876	0.6873	0.6879	0.6879	0.6877
387.007	25839.34	0.7276	0.7064	0.6925	0.6852	0.6785	0.6752	0.674	0.6729	0.6715	0.6713	0.6706	0.6708	0.6697	0.6694	0.6707	0.6696	0.6703	0.67	0.6706	0.6699	0.6699	0.6698	0.6698	0.6695	0.6699	0.67	0.6701	0.6698	0.6702	0.6704	0.67
387.584	25800.89	0.7045	0.6846	0.6713	0.6638	0.6588	0.655	0.6533	0.652	0.652	0.6513	0.6506	0.6505	0.6508	0.6504	0.6506	0.6498	0.6505	0.6495	0.6503	0.6505	0.6501	0.65	0.6504	0.6496	0.6499	0.6503	0.6505	0.6499	0.6495	0.6504	0.6496
388.160	25762.56	0.6857	0.6658	0.6536	0.6457	0.6418	0.6382	0.6362	0.6348	0.635	0.6339	0.6336	0.6333	0.6336	0.6335	0.6336	0.6327	0.6331	0.6323	0.6335	0.6335	0.6333	0.633	0.6327	0.6329	0.6329	0.6327	0.6333	0.6328	0.6327	0.6328	0.6327
388.737	25724.34	0.6695	0.6508	0.6386	0.6319	0.6275	0.6244	0.6223	0.6209	0.6212	0.6203	0.6202	0.6198	0.6194	0.6197	0.6192	0.6188	0.6191	0.6193	0.6199	0.6192	0.6199	0.619	0.6186	0.6191	0.6196	0.6186	0.6188	0.6188	0.619	0.619	0.6192
389.314	25686.23	0.6495	0.6319	0.6205	0.6146	0.609	0.6066	0.6047	0.6039	0.6039	0.6039	0.6029	0.6024	0.6029	0.6034	0.6017	0.6023	0.6016	0.6023	0.6023	0.6021	0.6019	0.6022	0.6017	0.6024	0.6024	0.6018	0.6021	0.6016	0.6017	0.6021	0.6018
389.890	25648.24	0.631	0.6145	0.6034	0.5978	0.5927	0.5905	0.5892	0.5887	0.5878	0.5876	0.5863	0.5868	0.5866	0.5867	0.5864	0.5868	0.5859	0.5867	0.586	0.5866	0.5863	0.5866	0.5866	0.5867	0.5864	0.5868	0.5867	0.5859	0.5857	0.5862	0.5867
390.467	25610.35	0.6118	0.5972	0.5865	0.5814	0.5765	0.5747	0.5732	0.5728	0.5715	0.5718	0.5711	0.5711	0.5707	0.5708	0.5707	0.5709	0.5709	0.571	0.5703	0.5706	0.5712	0.5708	0.5706	0.5707	0.5707	0.5707	0.5703	0.5699	0.5701	0.5704	0.5706
391.044	25572.58	0.5954	0.5832	0.5731	0.567	0.563	0.5613	0.5595	0.5586	0.5587	0.558	0.5586	0.5576	0.5572	0.5573	0.5569	0.5571	0.5575	0.5574	0.5573	0.557	0.5577	0.5575	0.5573	0.5575	0.5569	0.557	0.557	0.5567	0.5568	0.5574	0.5568
391.620	25534.93	0.578	0.5647	0.5559	0.5512	0.5472	0.5457	0.5441	0.5437	0.5426	0.5424	0.5423	0.5413	0.5411	0.5416	0.5416	0.5415	0.5418	0.5412	0.5415	0.5415	0.5414	0.5416	0.5418	0.5412	0.5409	0.5417	0.5419	0.5409	0.5414	0.5414	0.5415
392.197	25497.38	0.5624	0.5506	0.5418	0.537	0.5335	0.5317	0.5303	0.5294	0.5287	0.5289	0.5285	0.5286	0.5281	0.528	0.5277	0.5281	0.5277	0.5281	0.5283	0.5279	0.5272	0.528	0.5281	0.528	0.5274	0.5281	0.5288	0.5278	0.5282	0.5281	0.5276
392.774	25459.94	0.5476	0.5363	0.528	0.5235	0.5211	0.5189	0.5169	0.5167	0.5159	0.5163	0.516	0.5158	0.515	0.5152	0.5157	0.5153	0.5156	0.5158	0.5153	0.5164	0.5151	0.5158	0.5155	0.5152	0.515	0.5152	0.516	0.5147	0.5149	0.5151	0.5145
393.351	25422.61	0.5356	0.5245	0.5169	0.5126	0.51	0.5085	0.5067	0.5066	0.5056	0.5052	0.5053	0.5057	0.5051	0.5048	0.5052	0.5051	0.5046	0.5057	0.5058	0.5056	0.506	0.5046	0.5046	0.5053	0.5049	0.5045	0.5049	0.5042	0.5047	0.5045	0.5044
393.927	25385.39	0.5201	0.5104	0.5028	0.4995	0.4964	0.4949	0.4934	0.4934	0.4926	0.4922	0.4921	0.4918	0.4924	0.4923	0.493	0.4921	0.4923	0.4916	0.4922	0.4918	0.4919	0.4921	0.4913	0.4919	0.4911	0.4923	0.4924	0.4915	0.4923	0.4912	0.492
394.504	25348.28	0.5078	0.4982	0.4924	0.4879	0.4847	0.4842	0.4827	0.483	0.4816	0.4821	0.482	0.4816	0.4818	0.4814	0.4805	0.482	0.4818	0.4816	0.4814	0.4812	0.4811	0.4819	0.4812	0.4812	0.4815	0.4817	0.4816	0.4815	0.4812	0.4805	0.4809
395.081	25311.28	0.4944	0.4861	0.4798	0.4764	0.4736	0.4724	0.4719	0.4714	0.4706	0.4709	0.4702	0.4694	0.4698	0.4703	0.4696	0.4703	0.4711	0.4706	0.4691	0.4694	0.4698	0.4701	0.4698	0.4699	0.4699	0.4697	0.4696	0.4697	0.4695	0.4699	0.4696
395.657	25274.39	0.4852	0.4762	0.4706	0.4677	0.4653	0.4634	0.4629	0.462	0.4623	0.4624	0.4618	0.4615	0.4616	0.4623	0.4616	0.4607	0.4617	0.4607	0.4612	0.4616	0.4622	0.4615	0.4617	0.4616	0.4625	0.4614	0.4617	0.4614	0.461	0.4613	0.4608
396.234	25237.60	0.4729	0.4645	0.4597	0.4561	0.4542	0.4527	0.4526	0.4509	0.4513	0.452	0.4506	0.4508	0.4504	0.45	0.4505	0.4506	0.4507	0.4508	0.4511	0.4504	0.4505	0.4498	0.4508	0.45	0.4502	0.4503	0.4501	0.4504	0.45	0.4509	0.45
396.811	25200.92	0.4595	0.4521	0.4469	0.4442	0.4421	0.4405	0.4404	0.4391	0.4403	0.4402	0.4391	0.4386	0.4393	0.4393	0.4394	0.4395	0.4398	0.4391	0.4396	0.4395	0.4393	0.4395	0.4383	0.4386	0.4388	0.4392	0.4398	0.4394	0.4387	0.4389	0.4391
397.388	25164.35	0.4484	0.442	0.4372	0.4353	0.4331	0.4317	0.4308	0.4303	0.4299	0.4303	0.4302	0.4303	0.4303	0.4298	0.4306	0.4299	0.4295	0.4298	0.4301	0.4301	0.4301	0.4297	0.4298	0.4296	0.4298	0.4298	0.4299	0.43	0.4296	0.4304	0.4297
397.964	25127.88	0.4393	0.4326	0.4286	0.4257	0.4239	0.4238	0.4231	0.4225	0.422	0.4218	0.422	0.4215	0.4227	0.4217	0.422	0.4216	0.4216	0.4213	0.4213	0.4215	0.4211	0.4215	0.4214	0.4216	0.4214	0.4215	0.4216	0.4217	0.4216	0.4219	0.4214
398.541	25091.52	0.4293	0.4235	0.4197	0.4176	0.4157	0.4152	0.4145	0.4146	0.4137	0.4137	0.4136	0.4138	0.4135	0.4129	0.4134	0.4134	0.4131	0.4132	0.4135	0.4136	0.4132	0.4132	0.4134	0.4139	0.4132	0.4134	0.4137	0.4128	0.4132	0.4135	0.4135
399.118	25055.27	0.4207	0.4154	0.4123	0.4099	0.4088	0.4079	0.4069	0.4071	0.4063	0.4068	0.4064	0.4066	0.4057	0.4059	0.4059	0.4059	0.4064	0.4072	0.406	0.4061	0.4059	0.4059	0.4059	0.4061	0.4063	0.4065	0.4063	0.4057	0.4056	0.4067	0.4063
399.694	25019.11	0.4121	0.407	0.4037	0.4021	0.4007	0.3998	0.3996	0.399	0.3995	0.3986	0.3992	0.3987	0.3981	0.3984	0.3982	0.3982	0.3987	0.3988	0.3988	0.3986	0.399	0.3982	0.3987	0.3985	0.3984	0.3986	0.3985	0.3986	0.3981	0.3988	0.3982
400.271	24983.07	0.4029	0.3988	0.3954	0.3944	0.3933	0.3918	0.392	0.3917	0.3916	0.3917	0.3912	0.3911	0.3903	0.3905	0.3909	0.3908	0.3907	0.3906	0.391	0.3909	0.391	0.3909	0.3906	0.391	0.3903	0.391	0.3916	0.3908	0.3907	0.3909	0.3911
400.848	24947.12	0.3967	0.3924	0.3895	0.3877	0.3868	0.3858	0.3854	0.3854	0.3856	0.385	0.3854	0.385	0.3844	0.3848	0.3842	0.3842	0.3851	0.3848	0.3848	0.3851	0.3841	0.3841	0.3846	0.3845	0.3841	0.3848	0.385	0.3845	0.3849	0.3849	0.3847
401.425	24911.28	0.3876	0.3844	0.3812	0.3797	0.3793	0.3778	0.3779	0.3775	0.3772	0.3773	0.3775	0.3775	0.3773	0.3769	0.3764	0.3764	0.3774	0.3774	0.3774	0.3768	0.3769	0.3765	0.377	0.3767	0.3767	0.3768	0.3768	0.3766	0.3768	0.377	0.3765
402.001	24875.54	0.3796	0.3767	0.3736	0.3724	0.372	0.3711	0.3708	0.3705	0.37	0.3704	0.3708	0.37	0.3699	0.3696	0.3703	0.3701	0.3699	0.3701	0.3705	0.3699	0.37	0.3699	0.3699	0.3697	0.3697	0.3694	0.3702	0.3693	0.3695	0.3704	0.3695
402.578	24839.91	0.3724	0.3697	0.3668	0.3661	0.3653	0.3645	0.3645	0.3644	0.364	0.3641	0.3643	0.3639	0.3639	0.3636	0.3638	0.3641	0.364	0.3637	0.364	0.3641	0.3636	0.3638	0.3633	0.3632	0.3635	0.3631	0.3639	0.3631	0.3633	0.3638	0.3636
403.155	24804.38	0.3645	0.3616	0.3593	0.3586	0.3577	0.3574	0.3571	0.357	0.3566	0.3567	0.3568	0.3568	0.3565	0.3565	0.3564	0.3562	0.3561	0.3564	0.3563	0.3567	0.3567	0.3562	0.3559	0.356	0.3563	0.3561	0.3567	0.3563	0.3562	0.3565	0.3563
403.731	24768.94	0.3579	0.3555	0.3535	0.3531	0.3521	0.3513	0.3514	0.3512	0.351	0.3507	0.3508	0.3507	0.3502	0.3507	0.3505	0.35	0.3504	0.3508	0.3504	0.3505	0.3511	0.351	0.3505	0.3502	0.3507	0.3504	0.3511	0.3507	0.3508	0.3509	0.3505
404.308	24733.61	0.3508	0.3492	0.3471	0.3469	0.3459	0.3453	0.3456	0.3455	0.3453	0.3452	0.3454	0.3453	0.3446	0.3449	0.3451	0.3446	0.345	0.345	0.3448	0.3445	0.3448	0.3452	0.3447	0.3446	0.3451	0.3448	0.3447	0.3447	0.3449	0.3451	0.3446
404.885	24698.38	0.3436	0.3421	0.3405	0.3402	0.3395	0.339	0.3386	0.3389	0.3387	0.3389	0.3389	0.3391	0.3382	0.3389	0.3389	0.3388	0.3383	0.3387	0.3381	0.338	0.3384	0.3387	0.3382	0.3388	0.3384	0.3385	0.3385	0.338	0.3382	0.3383	0.3381
405.462	24663.25	0.3372	0.3358	0.3346	0.3343	0.3336	0.3329	0.3324	0.3327	0.3327	0.3328	0.3326	0.333	0.3322	0.3327	0.3327	0.3328	0.3324	0.3329	0.3325	0.3324	0.3326	0.3325	0.3324	0.3325	0.3322	0.3327	0.3326	0.3321	0.332	0.3321	0.3321
406.038	24628.22	0.3313	0.3302	0.329	0.3287	0.3282	0.3275	0.3278	0.3275	0.3271	0.3275	0.3274	0.3274	0.3274	0.327	0.3273	0.3272	0.3274	0.3275	0.3277	0.3274	0.3275	0.327	0.3271	0.327	0.3271	0.3272	0.3272	0.327	0.3272	0.3272	0.3272
406.615	24593.29	0.3249	0.3242	0.3228	0.3225	0.3224	0.3214	0.3218	0.3219	0.3215	0.3218	0.3219	0.3217	0.3217	0.3214	0.3218	0.3215	0.3216	0.3218	0.322	0.3217	0.322	0.3218	0.3215	0.321	0.3215	0.3212	0.3217	0.3213	0.3218	0.3217	0.3218
407.192	24558.46	0.3185	0.3177	0.3166	0.3165	0.3161	0.3153	0.3154	0.3155	0.3161	0.316	0.3159	0.316	0.3158	0.3155	0.316	0.3154	0.3154	0.3159	0.3157	0.3156	0.316	0.3158	0.3159	0.3149	0.316	0.3154	0.3155	0.3154	0.3158	0.3157	0.3156
407.768	24523.73	0.3126	0.3116	0.3109	0.3113	0.3102	0.31	0.3106	0.3099	0.3106	0.3107	0.3102	0.3104	0.3102	0.3099	0.3106	0.3102	0.3103	0.3103	0.31	0.3099	0.3104	0.3099	0.3103	0.3102	0.3106	0.3102	0.3101	0.3102	0.3104	0.3102	0.3099
408.345	24489.09	0.3056	0.3055	0.3043	0.3055	0.3043	0.304	0.3046	0.3042	0.3045	0.3046	0.3043	0.3045	0.3043	0.3041	0.3045	0.3046	0.3047	0.3045	0.3048	0.3042	0.3043	0.3043	0.3042	0.3043	0.304	0.3047	0.3044	0.304	0.3044	0.3044	0.3041
408.922	24454.56	0.299	0.2991	0.2983	0.299	0.2989	0.2985	0.2986	0.2985	0.2989	0.2989	0.2985	0.2988	0.2991	0.2985	0.2986	0.2985	0.2987	0.2986	0.2991	0.2988	0.2987	0.2984	0.2986	0.2985	0.2981	0.2988	0.2988	0.298	0.2983	0.2986	0.2984
409.498	24420.12	0.2937	0.2935	0.2933	0.2931	0.2934	0.2933	0.2935	0.2935	0.2938	0.2939	0.2931	0.2935	0.2936	0.2933	0.2937	0.2933	0.2931	0.2934	0.2932	0.2932	0.2934	0.2927	0.2931	0.2933	0.293	0.2929	0.2938	0.2928	0.2929	0.2932	0.2932
410.075	24385.77	0.2882	0.2883	0.2881	0.2881	0.288	0.2882	0.288	0.2881	0.2882	0.2884	0.2879	0.288	0.2884	0.2885	0.288	0.2883	0.2882	0.2883	0.2883	0.2879	0.288	0.2879	0.2883	0.288	0.2877	0.2879	0.2886	0.2876	0.2879	0.2882	0.2879
410.652	24351.53	0.2817	0.2825	0.2821	0.2821	0.2822	0.2821	0.2828	0.2825	0.2824	0.2827	0.2823	0.2824	0.2826	0.2829	0.2822	0.2828	0.283	0.2826	0.283	0.2827	0.2823	0.2822	0.2827	0.2827	0.2824	0.2827	0.2826	0.2822	0.2832	0.2825	0.2822
411.229	24317.37	0.2763	0.2771	0.2772	0.2771	0.2778	0.2769	0.2778	0.278	0.2779	0.2778	0.2779	0.2777	0.2779	0.2777	0.2779	0.2782	0.2778	0.2777	0.2781	0.2781	0.2777	0.2774	0.2778	0.2783	0.2778	0.2778	0.278	0.2777	0.2778	0.2776	0.2774
411.805	24283.32	0.2701	0.2714	0.2718	0.2716	0.2722	0.2723	0.2726	0.2724	0.2722	0.2726	0.273	0.2727	0.2723	0.2722	0.272	0.2729	0.2723	0.2722	0.2722	0.2722	0.2724	0.2724	0.272	0.2726	0.2725	0.2721	0.2723	0.2722	0.2718	0.272	0.272
412.382	24249.36	0.2636	0.2654	0.2651	0.2653	0.2657	0.2662	0.2666	0.2663	0.2665	0.2665	0.2667	0.2669	0.2668	0.2663	0.2664	0.2666	0.2668	0.2662	0.2659	0.2663	0.2663	0.2659	0.266	0.2664	0.2666	0.2662	0.2668	0.266	0.2661	0.2659	0.2661
412.959	24215.50	0.2579	0.2595	0.2597	0.2604	0.2607	0.2611	0.2608	0.2613	0.2612	0.2616	0.2614	0.2615	0.2617	0.2616	0.2614	0.2613	0.2609	0.2612	0.2612	0.2616	0.2611	0.2616	0.2616	0.261	0.261	0.2615	0.2619	0.2608	0.2612	0.2615	0.2613
413.535	24181.72	0.2527	0.2542	0.2555	0.2564	0.2563	0.2564	0.2568	0.2568	0.2566	0.2566	0.2572	0.2571	0.257	0.2565	0.2568	0.2566	0.2562	0.257	0.2569	0.2566	0.2566	0.257	0.2567	0.2563	0.2565	0.2572	0.2572	0.2573	0.256	0.2572	0.2566
414.112	24148.05	0.247	0.2481	0.2495	0.2502	0.2502	0.2506	0.2511	0.2509	0.2511	0.2514	0.2514	0.2511	0.2513	0.2507	0.2514	0.251	0.2512	0.2509	0.2506	0.2509	0.2512	0.2511	0.2513	0.2508	0.2508	0.2516	0.2506	0.2513	0.251	0.2512	0.2506
414.689	24114.47	0.2426	0.2452	0.2459	0.247	0.2469	0.2471	0.2473	0.2474	0.2471	0.2474	0.2473	0.2475	0.2482	0.2475	0.2474	0.2476	0.2474	0.2473	0.2471	0.2477	0.2474	0.2476	0.2478	0.2476	0.2474	0.2472	0.2473	0.2477	0.2469	0.2486	0.2472
415.266	24080.98	0.236	0.2377	0.2386	0.24	0.2402	0.2404	0.2409	0.2406	0.2407	0.241	0.2412	0.2408	0.2408	0.2409	0.2411	0.2406	0.2412	0.2409	0.2409	0.2412	0.2412	0.2409	0.2413	0.2406	0.24	0.2407	0.2413	0.2411	0.2405	0.2412	0.241
415.842	24047.58	0.2309	0.2332	0.2342	0.2358	0.2355	0.2356	0.2351	0.2361	0.2358	0.2361	0.2359	0.236	0.2361	0.2361	0.2364	0.2366	0.2363	0.2361	0.2364	0.2368	0.2359	0.2366	0.2361	0.2359	0.2364	0.2358	0.2358	0.2364	0.2367	0.2363	0.236
416.419	24014.28	0.2253	0.2275	0.228	0.2304	0.23	0.23	0.2311	0.2312	0.2301	0.2305	0.2304	0.2303	0.2307	0.2309	0.2304	0.2309	0.2308	0.2304	0.2308	0.2305	0.2305	0.2311	0.2306	0.2302	0.2311	0.2304	0.2306	0.2297	0.2308	0.2308	0.2309
416.996	23981.06	0.2192	0.222	0.223	0.2243	0.2249	0.2242	0.2253	0.2254	0.2259	0.225	0.2261	0.2254	0.2251	0.2261	0.2252	0.2258	0.2257	0.226	0.2259	0.2256	0.2257	0.2252	0.2252	0.2255	0.2253	0.2256	0.2258	0.225	0.2252	0.2258	0.2252
417.572	23947.94	0.2131	0.2159	0.2173	0.2184	0.2186	0.2192	0.2199	0.2198	0.22	0.2193	0.22	0.22	0.2201	0.2196	0.2198	0.2199	0.2202	0.22	0.2201	0.2196	0.2197	0.2197	0.2197	0.2199	0.2198	0.2197	0.2201	0.2198	0.2197	0.2197	0.2195
418.149	23914.91	0.2087	0.211	0.2122	0.2137	0.2143	0.2139	0.2145	0.2155	0.2153	0.2147	0.2148	0.2148	0.2144	0.215	0.2154	0.2153	0.2154	0.215	0.2154	0.2151	0.2153	0.2145	0.2156	0.2153	0.2152	0.215	0.2159	0.2151	0.2147	0.2154	0.2149
418.726	23881.98	0.2033	0.2059	0.207	0.2086	0.209	0.2088	0.2097	0.2096	0.2104	0.2101	0.2096	0.2094	0.21	0.2101	0.2101	0.2104	0.2102	0.2101	0.2103	0.2104	0.21	0.2099	0.2102	0.2106	0.2096	0.2097	0.2104	0.2098	0.2099	0.2104	0.2097
419.303	23849.13	0.1978	0.2002	0.202	0.2037	0.2041	0.2045	0.2044	0.2048	0.2048	0.2049	0.2053	0.2052	0.2055	0.2051	0.205	0.2053	0.2055	0.2052	0.2054	0.2049	0.2052	0.2051	0.2051	0.2053	0.2045	0.2054	0.2048	0.2054	0.2048	0.2053	0.2049
419.879	23816.37	0.1919	0.1945	0.1967	0.1976	0.1978	0.1982	0.1992	0.1994	0.1998	0.1993	0.1996	0.2	0.1995	0.1998	0.1995	0.1994	0.2002	0.1995	0.2	0.1993	0.2001	0.1998	0.1997	0.1996	0.1994	0.1996	0.1999	0.1997	0.1988	0.1999	0.1995
420.456	23783.70	0.1873	0.1899	0.1918	0.1928	0.1939	0.1937	0.1944	0.1947	0.1945	0.1951	0.1948	0.1949	0.1949	0.1948	0.1949	0.1948	0.1951	0.1948	0.1953	0.1946	0.1952	0.1947	0.1945	0.1949	0.1948	0.1947	0.1949	0.195	0.1948	0.1952	0.1948
421.033	23751.13	0.181	0.1845	0.1863	0.1873	0.188	0.1883	0.1891	0.189	0.1894	0.1895	0.1896	0.19	0.1895	0.1895	0.1894	0.1888	0.1895	0.1895	0.1898	0.189	0.1896	0.1892	0.1894	0.1895	0.1894	0.1897	0.19	0.1894	0.1893	0.1893	0.1894
421.609	23718.64	0.1767	0.1797	0.1818	0.1831	0.1838	0.1839	0.1848	0.1848	0.1851	0.185	0.185	0.185	0.1853	0.1852	0.185	0.1848	0.1853	0.1849	0.1855	0.1849	0.1855	0.1847	0.1852	0.1851	0.1851	0.185	0.1851	0.1856	0.1846	0.185	0.1848
422.186	23686.24	0.1723	0.1755	0.1774	0.1786	0.179	0.1801	0.1802	0.1808	0.1806	0.1806	0.1808	0.1807	0.1811	0.1806	0.181	0.1805	0.1808	0.181	0.1805	0.1811	0.1809	0.1806	0.1807	0.1808	0.1806	0.1807	0.1807	0.1806	0.1803	0.1807	0.18
422.763	23653.93	0.1682	0.1714	0.1729	0.1752	0.1753	0.1762	0.1764	0.1769	0.1768	0.1768	0.1766	0.1767	0.1766	0.1769	0.1769	0.1768	0.177	0.177	0.1768	0.1772	0.1766	0.177	0.1769	0.1768	0.1766	0.1772	0.1773	0.1768	0.1768	0.1769	0.1763
423.339	23621.70	0.1632	0.167	0.1688	0.171	0.1708	0.1718	0.172	0.1729	0.1725	0.1723	0.1725	0.1724	0.1721	0.1726	0.1725	0.1722	0.1729	0.1726	0.1723	0.1725	0.1726	0.1723	0.1726	0.1726	0.1724	0.1727	0.1728	0.1724	0.1723	0.1721	0.1723
423.916	23589.57	0.1587	0.1626	0.1648	0.1659	0.1661	0.1673	0.1676	0.1677	0.168	0.1683	0.1684	0.1679	0.1679	0.1681	0.1683	0.168	0.1686	0.1683	0.1682	0.1677	0.1682	0.1674	0.1679	0.1682	0.1675	0.168	0.1682	0.168	0.1677	0.1681	0.1682
424.493	23557.52	0.1543	0.1581	0.1603	0.1613	0.1623	0.1627	0.1629	0.1631	0.1635	0.1638	0.164	0.1636	0.1634	0.1638	0.1638	0.1633	0.1639	0.1639	0.1636	0.1635	0.1637	0.1636	0.1636	0.1635	0.1636	0.164	0.1637	0.1639	0.1635	0.164	0.164
425.070	23525.56	0.1496	0.1533	0.1556	0.1571	0.1579	0.1583	0.1586	0.1591	0.1595	0.1596	0.1596	0.1592	0.1592	0.1592	0.1594	0.1589	0.1592	0.1591	0.1591	0.159	0.1594	0.1595	0.159	0.159	0.1594	0.1593	0.1593	0.1594	0.1589	0.1594	0.1594
425.646	23493.68	0.1447	0.1483	0.1503	0.1524	0.1524	0.1537	0.1538	0.1545	0.1545	0.1548	0.1548	0.1546	0.1545	0.1541	0.1548	0.1546	0.1543	0.1543	0.1541	0.1543	0.1549	0.1545	0.154	0.154	0.1547	0.154	0.1546	0.1545	0.1544	0.1545	0.1546
426.223	23461.89	0.1401	0.1438	0.1461	0.1481	0.1484	0.1492	0.1493	0.1499	0.1501	0.1506	0.1502	0.15	0.1499	0.1501	0.1504	0.1504	0.15	0.1503	0.1501	0.1501	0.1502	0.1502	0.1499	0.1501	0.1504	0.1501	0.1504	0.1498	0.1502	0.1502	0.1502
426.800	23430.19	0.1357	0.1401	0.1421	0.1436	0.1446	0.1446	0.1455	0.1459	0.1463	0.1463	0.1462	0.1456	0.1463	0.1459	0.1457	0.1462	0.1461	0.1463	0.1465	0.1459	0.146	0.1459	0.1462	0.1464	0.1462	0.1464	0.1463	0.1457	0.1459	0.1461	0.1458
427.376	23398.57	0.1316	0.1358	0.1378	0.1393	0.1403	0.1403	0.1414	0.1418	0.1419	0.1418	0.1419	0.1415	0.1425	0.1416	0.1416	0.142	0.142	0.1421	0.1422	0.1417	0.1421	0.1419	0.1419	0.142	0.1415	0.1419	0.1419	0.1414	0.1417	0.142	0.1415
427.953	23367.04	0.1276	0.1315	0.1339	0.1355	0.1362	0.1365	0.1371	0.1373	0.1379	0.1379	0.1377	0.1377	0.138	0.1376	0.1376	0.1376	0.1376	0.1379	0.1381	0.1377	0.1375	0.1379	0.1377	0.1375	0.1374	0.1377	0.1379	0.1372	0.1378	0.138	0.1374
428.530	23335.60	0.1231	0.1274	0.1296	0.1311	0.1317	0.1328	0.1328	0.1329	0.1338	0.1338	0.1333	0.1334	0.1334	0.1333	0.1333	0.1331	0.1333	0.1336	0.1337	0.1336	0.1333	0.1336	0.1336	0.1331	0.1335	0.1335	0.1338	0.1334	0.1337	0.1338	0.1332
429.107	23304.23	0.1185	0.1225	0.1249	0.1265	0.1274	0.1281	0.1283	0.1285	0.129	0.1293	0.1286	0.129	0.1288	0.1288	0.1291	0.1289	0.1288	0.1291	0.129	0.129	0.1293	0.1291	0.1289	0.1289	0.1287	0.129	0.1291	0.129	0.1292	0.1293	0.1286
429.683	23272.96	0.1145	0.1185	0.1209	0.1227	0.1237	0.1236	0.1241	0.1244	0.1248	0.1251	0.1246	0.1251	0.1247	0.1245	0.125	0.1249	0.1245	0.1247	0.1247	0.125	0.125	0.1246	0.1245	0.1246	0.1244	0.1249	0.1248	0.1249	0.1253	0.1248	0.1247
430.260	23241.76	0.1112	0.1156	0.1174	0.1193	0.1202	0.1206	0.1208	0.1212	0.1216	0.1216	0.1214	0.1214	0.1215	0.1212	0.1216	0.1213	0.1212	0.1213	0.1212	0.1219	0.1215	0.1213	0.121	0.1208	0.1212	0.1215	0.1217	0.1218	0.1214	0.1216	0.1212
430.837	23210.65	0.1081	0.1123	0.1139	0.1159	0.1172	0.1173	0.1177	0.1179	0.1183	0.1185	0.1184	0.1181	0.1181	0.1181	0.1181	0.118	0.118	0.1182	0.1182	0.1181	0.1182	0.1181	0.1182	0.1182	0.1182	0.1185	0.1187	0.1184	0.1178	0.1185	0.1178
431.413	23179.62	0.1045	0.1087	0.1111	0.1128	0.1137	0.114	0.1144	0.115	0.115	0.1151	0.1153	0.1152	0.1149	0.1145	0.1149	0.115	0.1148	0.1147	0.115	0.1151	0.1151	0.1148	0.115	0.115	0.1146	0.1153	0.1154	0.1151	0.1149	0.1148	0.1146
431.990	23148.68	0.1012	0.1054	0.1077	0.1095	0.1097	0.111	0.1108	0.1118	0.112	0.1114	0.1115	0.1124	0.1116	0.1111	0.1117	0.1112	0.1113	0.1115	0.1117	0.112	0.1113	0.1115	0.1116	0.1116	0.1113	0.1118	0.1117	0.1123	0.1116	0.1119	0.1114
432.567	23117.81	0.09793	0.1015	0.1037	0.1057	0.1061	0.107	0.107	0.1077	0.1079	0.1084	0.1078	0.1085	0.1078	0.108	0.1079	0.108	0.1081	0.1083	0.1078	0.1083	0.1078	0.1079	0.1077	0.1082	0.1081	0.1079	0.1083	0.1084	0.108	0.1086	0.1083
433.144	23087.03	0.09363	0.0977	0.09994	0.1018	0.1027	0.1034	0.1033	0.1042	0.1038	0.1047	0.1041	0.1045	0.1044	0.1044	0.1044	0.1043	0.1046	0.1046	0.1041	0.1046	0.1046	0.1042	0.1044	0.1042	0.1042	0.1045	0.1047	0.1041	0.1043	0.1046	0.1042
433.720	23056.34	0.09063	0.09456	0.09655	0.09825	0.09939	0.0996	0.1001	0.1008	0.1006	0.101	0.1009	0.1009	0.1004	0.1006	0.1012	0.1008	0.1012	0.1008	0.1008	0.1007	0.1009	0.1002	0.1007	0.1013	0.1011	0.1008	0.1011	0.1006	0.1007	0.1008	0.1005
434.297	23025.72	0.08761	0.09093	0.09411	0.09537	0.09652	0.09652	0.09691	0.09721	0.09759	0.09805	0.09807	0.09735	0.09732	0.09755	0.09764	0.09749	0.09775	0.09735	0.09736	0.09711	0.09757	0.09762	0.09755	0.09786	0.09707	0.09743	0.09788	0.09744	0.09715	0.09712	0.09736
434.874	22995.18	0.08444	0.08836	0.09101	0.09244	0.09347	0.09422	0.09428	0.09461	0.09458	0.09477	0.09441	0.09523	0.09476	0.09472	0.09445	0.09509	0.09465	0.09494	0.09549	0.09514	0.0949	0.09523	0.09494	0.09515	0.0945	0.09488	0.09493	0.09451	0.0945	0.09462	0.09448
435.450	22964.73	0.08157	0.08525	0.08805	0.08979	0.09014	0.09134	0.09141	0.09183	0.09192	0.09201	0.09153	0.09149	0.09204	0.09224	0.09205	0.0918	0.09233	0.09149	0.09228	0.09247	0.09198	0.09203	0.09197	0.09196	0.09155	0.09164	0.09181	0.09178	0.09166	0.09172	0.09182
436.027	22934.35	0.07839	0.08205	0.08408	0.08593	0.08684	0.0872	0.08784	0.08802	0.08826	0.08801	0.08826	0.08825	0.08837	0.08823	0.0884	0.08845	0.08871	0.08832	0.08814	0.08905	0.08887	0.08829	0.08827	0.08846	0.08839	0.08805	0.08846	0.08823	0.08835	0.08884	0.08809
436.604	22904.06	0.07598	0.07935	0.08167	0.08393	0.0839	0.08442	0.08519	0.08504	0.08517	0.08502	0.08607	0.0856	0.08583	0.08548	0.08583	0.08578	0.08595	0.0861	0.08567	0.08625	0.08558	0.08588	0.08495	0.08536	0.08538	0.08562	0.08588	0.08553	0.08547	0.08594	0.08552
437.181	22873.85	0.07265	0.07598	0.0784	0.07998	0.0807	0.08103	0.08169	0.08202	0.0819	0.08208	0.08181	0.08219	0.08261	0.08178	0.08169	0.08182	0.08225	0.08163	0.08223	0.08236	0.08221	0.08223	0.08158	0.08164	0.08225	0.08233	0.08204	0.08237	0.0819	0.08215	0.0824
437.757	22843.71	0.06969	0.07309	0.07544	0.07719	0.07814	0.07847	0.07902	0.07938	0.08003	0.07988	0.07948	0.07914	0.07951	0.07886	0.0794	0.07991	0.07957	0.07976	0.0797	0.07992	0.07922	0.07914	0.07946	0.07968	0.07897	0.07984	0.0797	0.07941	0.07975	0.07937	0.07904
438.334	22813.66	0.06676	0.07046	0.07289	0.07458	0.07516	0.07573	0.07569	0.07633	0.07633	0.07658	0.07672	0.07659	0.07696	0.07655	0.07656	0.07655	0.07633	0.07644	0.07648	0.07652	0.0766	0.07642	0.0761	0.07635	0.07691	0.07649	0.07647	0.07698	0.07645	0.07701	0.07596
438.911	22783.68	0.06565	0.06943	0.07085	0.07291	0.07373	0.07434	0.07436	0.07552	0.07542	0.07471	0.07534	0.07565	0.07503	0.07514	0.07531	0.07526	0.07538	0.07577	0.07519	0.07494	0.07491	0.07544	0.07469	0.07496	0.07483	0.07539	0.07584	0.07532	0.07507	0.07539	0.07508
439.487	22753.78	0.06291	0.06644	0.06733	0.07021	0.07036	0.07046	0.07075	0.07207	0.07164	0.07186	0.07115	0.07206	0.07158	0.07188	0.072	0.07184	0.07169	0.07162	0.07173	0.07209	0.07191	0.07173	0.07147	0.07148	0.07185	0.07248	0.07215	0.07199	0.07131	0.07166	0.0714
440.064	22723.96	0.06019	0.06307	0.06561	0.06734	0.06761	0.06844	0.06902	0.06898	0.06882	0.06881	0.06907	0.06918	0.06913	0.06929	0.06941	0.06955	0.06875	0.06855	0.06931	0.06945	0.06946	0.06892	0.06917	0.06907	0.06883	0.06977	0.06909	0.06924	0.06899	0.069	0.06945
440.641	22694.22	0.0572	0.06034	0.06237	0.06378	0.0645	0.06496	0.06595	0.06601	0.06586	0.06655	0.06622	0.06607	0.06574	0.06613	0.06631	0.06557	0.06661	0.06638	0.06627	0.06659	0.06631	0.06707	0.06581	0.06648	0.06575	0.06638	0.06672	0.06645	0.06671	0.06667	0.06606
441.217	22664.56	0.05456	0.05836	0.06	0.06194	0.06257	0.06235	0.06384	0.06385	0.06346	0.06388	0.06432	0.06437	0.06375	0.06411	0.06373	0.06396	0.06382	0.06395	0.06423	0.06421	0.06361	0.06404	0.0637	0.06395	0.06338	0.06367	0.06435	0.0638	0.06347	0.06418	0.06355
441.794	22634.97	0.05335	0.05688	0.05788	0.06002	0.06102	0.06089	0.06171	0.06202	0.06168	0.06251	0.06225	0.06213	0.06225	0.06246	0.06231	0.06254	0.06227	0.06219	0.06223	0.06264	0.06219	0.06194	0.06256	0.06229	0.06183	0.06227	0.06249	0.06237	0.06215	0.06166	0.0621
442.371	22605.47	0.05039	0.05418	0.05583	0.0572	0.05809	0.05819	0.05874	0.05933	0.05971	0.05926	0.05973	0.05989	0.05972	0.05964	0.05901	0.05966	0.05906	0.05925	0.05988	0.05958	0.05964	0.05941	0.05963	0.05922	0.05936	0.05913	0.05998	0.05921	0.05943	0.05972	0.05893
442.948	22576.03	0.04875	0.05184	0.05366	0.05556	0.05597	0.05637	0.05645	0.05698	0.05728	0.05681	0.05722	0.05757	0.05763	0.05741	0.05735	0.05768	0.05714	0.05737	0.05763	0.05735	0.05772	0.05769	0.05751	0.05747	0.05757	0.05704	0.05785	0.05749	0.05723	0.058	0.05716
443.524	22546.68	0.04701	0.04996	0.05178	0.05348	0.05379	0.05394	0.05479	0.05496	0.05524	0.055	0.05553	0.0556	0.05565	0.05559	0.05521	0.05566	0.05525	0.05516	0.05526	0.05597	0.05602	0.05525	0.05511	0.05565	0.05507	0.05541	0.05543	0.05523	0.05552	0.05544	0.05544
444.101	22517.40	0.04532	0.04804	0.0497	0.05152	0.05171	0.0522	0.05266	0.05288	0.05305	0.05328	0.05334	0.0534	0.05341	0.05336	0.05332	0.05325	0.05334	0.0534	0.05335	0.05353	0.05352	0.0531	0.05319	0.05275	0.05285	0.05328	0.05342	0.05324	0.05297	0.05327	0.05293
444.678	22488.20	0.04394	0.04681	0.04821	0.04937	0.0503	0.0508	0.05132	0.05153	0.05183	0.05168	0.05157	0.05203	0.05193	0.05187	0.05216	0.05193	0.05157	0.05149	0.05172	0.05192	0.05136	0.05133	0.05194	0.05116	0.05148	0.05141	0.05153	0.05166	0.05159	0.05172	0.051
445.254	22459.07	0.04147	0.04435	0.04607	0.04751	0.04836	0.04879	0.0491	0.04961	0.04946	0.04987	0.04934	0.04973	0.04913	0.04957	0.04993	0.0498	0.04943	0.04949	0.04957	0.04916	0.04976	0.0493	0.04938	0.04944	0.04926	0.04948	0.04963	0.04945	0.04938	0.04958	0.04947
445.831	22430.02	0.03963	0.04263	0.04441	0.04566	0.0468	0.04706	0.04733	0.04808	0.04702	0.04775	0.04768	0.04793	0.04659	0.04752	0.04808	0.04765	0.04791	0.04755	0.04769	0.04759	0.04781	0.04799	0.04784	0.04746	0.0473	0.04788	0.04772	0.04732	0.04777	0.04746	0.04752
446.408	22401.04	0.03773	0.04069	0.0426	0.04379	0.0447	0.04512	0.04519	0.04537	0.0454	0.0454	0.04546	0.0459	0.04505	0.0457	0.0453	0.04553	0.04547	0.04579	0.04541	0.04577	0.04569	0.04571	0.04517	0.04528	0.04523	0.04539	0.04584	0.04555	0.04514	0.04552	0.04569
446.985	22372.14	0.03597	0.03891	0.04071	0.04217	0.04268	0.04296	0.04318	0.04335	0.04346	0.0439	0.04397	0.04421	0.04386	0.04382	0.04355	0.04368	0.04372	0.04396	0.04309	0.04366	0.04399	0.04373	0.04321	0.04375	0.04358	0.04382	0.04391	0.04345	0.04349	0.04372	0.04409
447.561	22343.31	0.03478	0.03716	0.03873	0.04074	0.04124	0.04125	0.0417	0.04222	0.04205	0.04246	0.04196	0.04233	0.04224	0.04228	0.04226	0.04182	0.04212	0.04246	0.04181	0.04202	0.04239	0.04222	0.04213	0.04215	0.04236	0.04229	0.0422	0.04176	0.04237	0.04226	0.04215
448.138	22314.56	0.03366	0.03566	0.03739	0.03901	0.03948	0.03995	0.04025	0.04038	0.04057	0.04071	0.04023	0.04068	0.04067	0.04107	0.04055	0.04061	0.04053	0.04091	0.04049	0.04071	0.04074	0.04045	0.0404	0.04094	0.0409	0.0407	0.04074	0.04034	0.04086	0.04081	0.04067
448.715	22285.88	0.03245	0.03477	0.03642	0.03771	0.03775	0.03857	0.03862	0.03867	0.03917	0.03908	0.03885	0.03925	0.03914	0.03971	0.0395	0.03904	0.03969	0.03905	0.03942	0.03938	0.03909	0.03916	0.039	0.03921	0.03923	0.03941	0.03917	0.03889	0.03942	0.03924	0.03928
449.291	22257.27	0.03128	0.03364	0.03526	0.03645	0.03643	0.0373	0.03754	0.03773	0.03816	0.03812	0.0381	0.03806	0.03791	0.03833	0.03829	0.03804	0.03865	0.03799	0.03815	0.03827	0.03798	0.03807	0.0377	0.03792	0.03789	0.03801	0.03823	0.03796	0.03811	0.03818	0.03783
449.868	22228.74	0.02969	0.03207	0.03358	0.03486	0.03493	0.03556	0.03602	0.03628	0.0369	0.03642	0.03671	0.03654	0.03635	0.03631	0.03623	0.03639	0.0367	0.03668	0.03651	0.03665	0.03666	0.0366	0.03606	0.03638	0.03635	0.03619	0.03658	0.0367	0.03634	0.03641	0.03635
450.445	22200.28	0.02822	0.03069	0.03234	0.03317	0.03331	0.03419	0.03432	0.03439	0.03486	0.03476	0.03479	0.03474	0.03444	0.03426	0.03478	0.03477	0.03487	0.03497	0.03471	0.03467	0.03496	0.03515	0.03461	0.03482	0.03455	0.0345	0.03487	0.03493	0.03507	0.0345	0.03487
451.022	22171.89	0.0273	0.02997	0.03145	0.03224	0.03259	0.03321	0.03369	0.03331	0.03347	0.03396	0.03387	0.03372	0.03346	0.03311	0.03409	0.03367	0.03372	0.03364	0.03379	0.0335	0.03385	0.03407	0.03372	0.03387	0.03362	0.03347	0.03421	0.03362	0.03405	0.03372	0.03396
451.598	22143.58	0.02612	0.02885	0.03027	0.03128	0.03142	0.03147	0.0328	0.03256	0.03249	0.0329	0.03283	0.03255	0.03278	0.03217	0.03275	0.03229	0.03263	0.03248	0.03266	0.03246	0.03284	0.03261	0.03256	0.03262	0.03258	0.03251	0.03296	0.03229	0.03244	0.03296	0.0327
452.175	22115.33	0.02517	0.02705	0.02891	0.02957	0.03006	0.03026	0.0312	0.03144	0.03125	0.03166	0.03138	0.03127	0.03156	0.03102	0.03128	0.0315	0.03125	0.03147	0.0313	0.03094	0.03154	0.03114	0.03093	0.03122	0.03125	0.03145	0.03127	0.03112	0.03112	0.03155	0.03105
452.752	22087.16	0.0244	0.02585	0.02795	0.02832	0.0291	0.02941	0.02979	0.03035	0.03005	0.03047	0.03029	0.0305	0.03024	0.02992	0.03009	0.0303	0.02981	0.03028	0.03054	0.02978	0.03008	0.0302	0.0295	0.02991	0.03015	0.03008	0.03012	0.03026	0.02998	0.03024	0.02999
453.328	22059.07	0.02306	0.02502	0.02693	0.02745	0.02756	0.02794	0.02844	0.02917	0.0284	0.029	0.02892	0.02924	0.02868	0.02842	0.0288	0.02837	0.02862	0.02875	0.02908	0.02853	0.02864	0.029	0.02832	0.02865	0.02849	0.02845	0.02883	0.02872	0.02865	0.0289	0.02858
453.905	22031.04	0.02176	0.02419	0.02523	0.02644	0.02662	0.02721	0.0275	0.0278	0.02704	0.02746	0.02752	0.02783	0.02756	0.02721	0.02781	0.02747	0.0274	0.02763	0.02773	0.02721	0.02779	0.02781	0.02755	0.02775	0.02739	0.02782	0.02796	0.02751	0.02759	0.0277	0.02737
454.482	22003.08	0.02087	0.02332	0.0242	0.0256	0.02572	0.02638	0.02646	0.02677	0.02619	0.02628	0.02649	0.02688	0.02669	0.02677	0.02669	0.02679	0.02617	0.02687	0.0267	0.02683	0.02701	0.02682	0.02679	0.02667	0.02667	0.02721	0.02738	0.02695	0.02659	0.02703	0.02657
455.058	21975.20	0.02022	0.02225	0.02342	0.02469	0.02474	0.02497	0.02501	0.02584	0.02547	0.02537	0.02536	0.02606	0.02514	0.02556	0.02573	0.02555	0.02546	0.0256	0.02539	0.0261	0.02584	0.02569	0.02552	0.02517	0.02521	0.02553	0.02578	0.0257	0.02574	0.02564	0.02505
455.635	21947.38	0.01937	0.02175	0.02306	0.02372	0.02391	0.02426	0.02446	0.02496	0.02461	0.02451	0.02464	0.02498	0.02444	0.02495	0.02493	0.02462	0.0246	0.02445	0.02467	0.02493	0.02482	0.02459	0.02437	0.02432	0.02457	0.02461	0.02478	0.02479	0.02466	0.02455	0.02441
456.212	21919.64	0.01923	0.02095	0.02231	0.02289	0.02308	0.02351	0.02372	0.0243	0.02376	0.02421	0.02453	0.02427	0.02403	0.02408	0.02408	0.024	0.02398	0.02427	0.02451	0.02393	0.02427	0.02385	0.0237	0.02388	0.02431	0.0244	0.02412	0.02447	0.024	0.02423	0.02388
456.789	21891.96	0.01773	0.01985	0.0209	0.02154	0.02185	0.02232	0.02237	0.02284	0.02296	0.02278	0.02289	0.02249	0.02329	0.02227	0.02271	0.02304	0.0228	0.02303	0.0232	0.02282	0.02295	0.02282	0.02232	0.02241	0.02284	0.02305	0.02298	0.02297	0.02285	0.02307	0.02295
457.365	21864.36	0.01684	0.01867	0.01949	0.02054	0.02095	0.0215	0.0215	0.02134	0.02152	0.02202	0.0221	0.02183	0.0222	0.02161	0.02176	0.02254	0.02199	0.02201	0.02156	0.02183	0.02185	0.02186	0.02184	0.02179	0.02171	0.02185	0.02197	0.02221	0.02188	0.02211	0.02211
457.942	21836.82	0.01614	0.01772	0.01893	0.01931	0.02034	0.02074	0.02044	0.0207	0.0203	0.02147	0.02128	0.02131	0.02051	0.02108	0.02074	0.021	0.02094	0.02104	0.02089	0.02069	0.02085	0.02107	0.02137	0.02074	0.02098	0.02122	0.02133	0.02129	0.02075	0.02074	0.0209
458.519	21809.36	0.01559	0.01683	0.0181	0.01867	0.01915	0.01968	0.01959	0.01985	0.0195	0.01989	0.02024	0.02001	0.01998	0.02034	0.01993	0.01977	0.02015	0.02016	0.02037	0.01951	0.02046	0.0199	0.02024	0.01906	0.02013	0.01982	0.02055	0.01962	0.01975	0.02002	0.01995
459.095	21781.96	0.01496	0.01614	0.01692	0.01839	0.01892	0.01877	0.01886	0.01926	0.01923	0.01923	0.01938	0.01907	0.01927	0.01938	0.01954	0.01904	0.01925	0.0192	0.01956	0.01946	0.01894	0.01888	0.01936	0.01933	0.0194	0.01911	0.01959	0.01944	0.01892	0.01909	0.01901
459.672	21754.63	0.01442	0.01557	0.016	0.01739	0.01763	0.01807	0.01817	0.01835	0.01853	0.01872	0.0187	0.01861	0.01839	0.01837	0.01894	0.0184	0.01839	0.0184	0.01882	0.01839	0.01839	0.01806	0.01812	0.018	0.01822	0.01843	0.01893	0.01848	0.01798	0.01847	0.01771
460.249	21727.38	0.01362	0.01496	0.01559	0.01693	0.01746	0.01651	0.0177	0.01771	0.01763	0.01807	0.01777	0.01789	0.01748	0.01748	0.01772	0.01817	0.01788	0.01782	0.01795	0.01759	0.01764	0.0178	0.01741	0.01745	0.01801	0.01786	0.01752	0.01757	0.01765	0.01825	0.01768
460.826	21700.18	0.0134	0.01487	0.01488	0.0168	0.01694	0.01657	0.01689	0.01747	0.01718	0.01687	0.01696	0.01717	0.01688	0.01713	0.01687	0.01687	0.01707	0.01689	0.01718	0.01727	0.01711	0.01659	0.01701	0.01717	0.01705	0.01697	0.01742	0.01674	0.01695	0.01695	0.01706
461.402	21673.06	0.0124	0.01428	0.0151	0.01573	0.01602	0.01631	0.01605	0.01622	0.01685	0.01665	0.01664	0.0171	0.0164	0.01616	0.01611	0.01617	0.01585	0.01653	0.01626	0.01687	0.01647	0.01675	0.01598	0.01651	0.01588	0.01634	0.0166	0.01661	0.01637	0.01641	0.0166
461.979	21646.01	0.01113	0.01323	0.01411	0.01482	0.01473	0.01519	0.01514	0.0153	0.01559	0.01577	0.01532	0.01556	0.01545	0.01545	0.01571	0.01486	0.01535	0.0153	0.01542	0.01557	0.01499	0.01563	0.01537	0.01533	0.01546	0.01509	0.01581	0.01544	0.01531	0.01539	0.0152
462.556	21619.02	0.01074	0.01301	0.01257	0.01393	0.01414	0.01415	0.01503	0.01493	0.01477	0.0152	0.01498	0.01512	0.01511	0.01476	0.01522	0.01508	0.01469	0.01452	0.01482	0.01487	0.01444	0.01507	0.01495	0.01495	0.01489	0.01511	0.01529	0.01483	0.0149	0.01513	0.01431
463.132	21592.10	0.01062	0.01182	0.0132	0.01369	0.01402	0.01377	0.01413	0.01431	0.01421	0.01465	0.01457	0.01445	0.01427	0.01476	0.01449	0.01434	0.01403	0.0146	0.01396	0.01444	0.01493	0.01379	0.01448	0.01379	0.01413	0.01451	0.01497	0.01411	0.01442	0.01488	0.0144
463.709	21565.24	0.0102	0.01121	0.01215	0.01252	0.01303	0.01328	0.01342	0.0134	0.01353	0.01353	0.01363	0.01347	0.01335	0.0137	0.01363	0.01371	0.01315	0.0133	0.01407	0.0137	0.01375	0.01338	0.01365	0.01345	0.01299	0.01431	0.01355	0.0136	0.01369	0.0139	0.01336
464.286	21538.46	0.009863	0.01147	0.01217	0.01237	0.01271	0.01337	0.01262	0.01381	0.01367	0.01398	0.0132	0.01364	0.01373	0.01352	0.01352	0.01339	0.01317	0.01325	0.01356	0.01321	0.01296	0.01374	0.01321	0.01349	0.01321	0.01349	0.01391	0.01343	0.01387	0.01368	0.01347
464.863	21511.74	0.01001	0.01077	0.01129	0.01226	0.01194	0.01297	0.01227	0.01246	0.01273	0.013	0.01273	0.01258	0.01304	0.01282	0.01304	0.013	0.01257	0.01312	0.01286	0.01304	0.013	0.01229	0.01224	0.01348	0.01302	0.01276	0.01294	0.0125	0.013	0.01336	0.0131
465.439	21485.08	0.009508	0.01031	0.01076	0.01156	0.01178	0.01193	0.01197	0.0124	0.01203	0.01225	0.01226	0.0121	0.0122	0.01197	0.01248	0.01207	0.01261	0.01235	0.01255	0.01249	0.01201	0.01196	0.012	0.01251	0.01185	0.01221	0.01209	0.012	0.01222	0.01237	0.01239
466.016	21458.49	0.009024	0.01002	0.01065	0.01151	0.0114	0.01141	0.01165	0.01199	0.01204	0.01253	0.01233	0.01211	0.01142	0.01193	0.01172	0.01136	0.01167	0.01212	0.01232	0.01161	0.01159	0.01176	0.01145	0.01137	0.01151	0.01165	0.01148	0.0116	0.01122	0.01126	0.01197
466.593	21431.97	0.008789	0.00979	0.009854	0.01055	0.01111	0.01093	0.01083	0.01124	0.01126	0.01182	0.01165	0.0113	0.01123	0.01136	0.01129	0.01104	0.01147	0.0115	0.01162	0.01111	0.01144	0.01145	0.01116	0.0114	0.0111	0.01134	0.01177	0.01162	0.01119	0.01155	0.01068
467.169	21405.51	0.008817	0.009387	0.01031	0.01024	0.01036	0.01075	0.0109	0.01107	0.01173	0.01176	0.01161	0.01099	0.01095	0.01125	0.01103	0.01098	0.01185	0.01141	0.01109	0.01125	0.01169	0.01126	0.0108	0.01099	0.01139	0.01073	0.01147	0.01103	0.01098	0.01143	0.01098
467.746	21379.12	0.007513	0.008592	0.009657	0.009542	0.00958	0.009818	0.01031	0.009807	0.01049	0.01071	0.01028	0.01075	0.009914	0.01023	0.01055	0.009887	0.01021	0.01033	0.01006	0.01057	0.01054	0.009999	0.009452	0.01031	0.01024	0.01037	0.01087	0.01049	0.01038	0.01006	0.009513
468.323	21352.79	0.007549	0.00883	0.009718	0.01041	0.01025	0.01022	0.01041	0.01054	0.0102	0.0107	0.01084	0.0105	0.009793	0.01097	0.01049	0.0104	0.01083	0.0104	0.01082	0.01049	0.01035	0.01046	0.009682	0.01052	0.01068	0.0104	0.01049	0.01058	0.01061	0.01052	0.01031
468.900	21326.53	0.007913	0.009634	0.009616	0.01022	0.01011	0.01026	0.01053	0.01092	0.01095	0.01116	0.01043	0.01057	0.01055	0.01065	0.01065	0.01091	0.01072	0.0109	0.01094	0.01063	0.01113	0.01085	0.01063	0.01016	0.0105	0.01027	0.01134	0.01023	0.01064	0.01103	0.01032
469.476	21300.33	0.007316	0.008561	0.008702	0.009665	0.009503	0.009361	0.01011	0.01008	0.01011	0.01029	0.009915	0.009761	0.009912	0.01003	0.009687	0.0104	0.01058	0.01015	0.01035	0.01013	0.01021	0.009989	0.01015	0.01008	0.01038	0.00984	0.01047	0.01004	0.01039	0.01024	0.009575
470.053	21274.20	0.006369	0.007659	0.008808	0.008687	0.008656	0.009144	0.009063	0.009259	0.009219	0.009176	0.009401	0.009492	0.009345	0.009426	0.009208	0.008943	0.00978	0.009549	0.009405	0.009423	0.009383	0.008924	0.009392	0.009575	0.009225	0.00932	0.009533	0.009253	0.009132	0.01005	0.009295
470.630	21248.13	0.005986	0.0064	0.007608	0.008039	0.007623	0.008209	0.008146	0.008357	0.008391	0.008452	0.008985	0.008377	0.00869	0.008272	0.008292	0.008334	0.008542	0.008572	0.008127	0.008868	0.008416	0.007816	0.008367	0.008332	0.00823	0.008321	0.008368	0.008079	0.008242	0.008365	0.008228
471.206	21222.13	0.006196	0.007246	0.007288	0.008151	0.007411	0.008221	0.008093	0.008446	0.008642	0.008569	0.008473	0.008617	0.00858	0.008484	0.008052	0.008371	0.008563	0.00843	0.008576	0.008701	0.007916	0.00846	0.008658	0.008341	0.008895	0.00854	0.008901	0.007943	0.008115	0.008232	0.008668
471.783	21196.18	0.005747	0.006784	0.0068	0.007613	0.007791	0.007859	0.007593	0.007622	0.008233	0.008032	0.007995	0.00783	0.008045	0.00854	0.00807	0.00789	0.007956	0.007465	0.008639	0.008047	0.007866	0.008152	0.007723	0.007784	0.008371	0.008043	0.008234	0.008277	0.008152	0.00785	0.00825
472.360	21170.30	0.005648	0.006504	0.0068	0.007433	0.007794	0.007367	0.007569	0.007283	0.007835	0.007843	0.008112	0.007457	0.007521	0.008161	0.008036	0.008004	0.007921	0.007354	0.008097	0.007824	0.007838	0.008074	0.007663	0.007666	0.007919	0.008327	0.008007	0.007783	0.008264	0.007976	0.007558
472.936	21144.49	0.005933	0.006374	0.006549	0.007609	0.007823	0.007504	0.007236	0.007366	0.007832	0.007825	0.007763	0.007461	0.007463	0.007478	0.007737	0.008187	0.007841	0.007749	0.007731	0.007693	0.007848	0.008026	0.007364	0.007748	0.007291	0.007973	0.007966	0.007328	0.007905	0.008229	0.00733
473.513	21118.74	0.00568	0.00608	0.005992	0.006995	0.007128	0.007038	0.006634	0.007252	0.007427	0.006993	0.007133	0.007271	0.007362	0.006961	0.006957	0.007022	0.007345	0.007208	0.007245	0.006844	0.007681	0.007126	0.006873	0.007105	0.006758	0.007391	0.007376	0.007275	0.006953	0.007488	0.006899
474.090	21093.05	0.005069	0.005629	0.005808	0.006355	0.006577	0.006458	0.006547	0.006426	0.006822	0.006605	0.006727	0.00657	0.006664	0.006871	0.006323	0.006575	0.006743	0.006377	0.006472	0.006701	0.007175	0.006369	0.006391	0.006718	0.006516	0.006505	0.006856	0.006869	0.0064	0.007183	0.006329
474.667	21067.42	0.00497	0.005769	0.006006	0.006548	0.006536	0.006225	0.006819	0.00671	0.006699	0.007021	0.006665	0.006476	0.006554	0.007044	0.006416	0.006733	0.006463	0.006753	0.006578	0.006779	0.006851	0.006829	0.006725	0.006564	0.006769	0.006662	0.006909	0.006676	0.00647	0.006952	0.006602
475.243	21041.85	0.004503	0.005572	0.005786	0.006467	0.006284	0.005999	0.00629	0.006427	0.006325	0.006375	0.006076	0.006183	0.006268	0.006506	0.006362	0.005966	0.005943	0.006539	0.0064	0.006245	0.005826	0.006215	0.006218	0.005927	0.00607	0.006519	0.006465	0.006332	0.006293	0.006119	0.006255
475.820	21016.35	0.004181	0.004941	0.005461	0.006045	0.005895	0.00584	0.005629	0.005752	0.005857	0.005637	0.005965	0.005845	0.005647	0.006081	0.005924	0.005887	0.005425	0.006188	0.006031	0.005933	0.005623	0.005999	0.005772	0.005635	0.00524	0.006023	0.005597	0.00595	0.005516	0.0058	0.005611
476.397	20990.91	0.004109	0.004573	0.004999	0.005509	0.005387	0.005512	0.005665	0.00571	0.005388	0.005544	0.005863	0.005696	0.005446	0.005563	0.005303	0.005702	0.005493	0.005729	0.005726	0.005828	0.00572	0.005998	0.005678	0.005525	0.005451	0.005783	0.005577	0.005634	0.005176	0.005628	0.005494
476.973	20965.53	0.004178	0.004523	0.004509	0.0051	0.005106	0.005024	0.005458	0.005795	0.005052	0.005676	0.005495	0.005225	0.005195	0.005113	0.004794	0.004985	0.005429	0.005086	0.005215	0.005772	0.005491	0.005417	0.005302	0.005328	0.005221	0.005285	0.005548	0.004966	0.005339	0.00498	0.00553
477.550	20940.21	0.00408	0.00439	0.004505	0.004991	0.005166	0.004522	0.004869	0.005272	0.005026	0.00533	0.005399	0.0048	0.004831	0.00482	0.004641	0.004739	0.004999	0.004968	0.004957	0.005498	0.005464	0.00519	0.00479	0.005112	0.004639	0.00497	0.005178	0.00435	0.00545	0.004761	0.005249
478.127	20914.95	0.003684	0.004102	0.004321	0.004725	0.004773	0.004215	0.004512	0.004693	0.004852	0.004796	0.005003	0.004789	0.004328	0.004838	0.004683	0.004907	0.004893	0.004837	0.004985	0.004966	0.004607	0.004813	0.004551	0.004742	0.00453	0.004963	0.004831	0.004397	0.005177	0.00505	0.004459
478.704	20889.75	0.003668	0.003809	0.003903	0.004641	0.004294	0.004133	0.004335	0.004614	0.004953	0.004675	0.004673	0.004891	0.004028	0.005229	0.004702	0.004918	0.004769	0.004746	0.004999	0.004434	0.004234	0.004222	0.004787	0.004674	0.004663	0.004806	0.004529	0.004963	0.004918	0.004808	0.004077
479.280	20864.62	0.003591	0.004002	0.003818	0.004804	0.004339	0.004198	0.004346	0.004732	0.005263	0.005001	0.004941	0.004934	0.004499	0.004912	0.004966	0.004969	0.004673	0.004719	0.005099	0.004563	0.004846	0.00432	0.004887	0.005014	0.005042	0.00489	0.004997	0.00496	0.005055	0.00455	0.004476
479.857	20839.54	0.00334	0.004472	0.003753	0.004569	0.004468	0.004358	0.004624	0.005168	0.00517	0.005424	0.005006	0.004989	0.004749	0.004825	0.005099	0.005451	0.004948	0.004786	0.005103	0.005021	0.004845	0.004992	0.00502	0.005047	0.004822	0.005188	0.005468	0.004424	0.004813	0.004812	0.004696
480.434	20814.53	0.003482	0.004028	0.003827	0.004515	0.00463	0.004367	0.004617	0.004875	0.005362	0.004764	0.004652	0.005041	0.004583	0.00497	0.004668	0.005093	0.004724	0.004912	0.004922	0.004494	0.004978	0.005005	0.004951	0.004741	0.004488	0.005178	0.00537	0.004466	0.005064	0.004886	0.004576
481.010	20789.57	0.003511	0.003345	0.003767	0.004577	0.004284	0.004185	0.003804	0.004449	0.004979	0.004373	0.004489	0.00483	0.004372	0.004611	0.004618	0.004512	0.00424	0.004451	0.004865	0.004276	0.004797	0.004466	0.004579	0.004519	0.004515	0.00475	0.004788	0.004376	0.004897	0.004791	0.004278
481.587	20764.68	0.002543	0.002715	0.003	0.003905	0.003642	0.003411	0.003451	0.004079	0.003607	0.0038	0.003857	0.003699	0.003831	0.004018	0.003996	0.003371	0.003636	0.003576	0.003812	0.003758	0.003652	0.003246	0.003707	0.003525	0.003505	0.003405	0.003616	0.003799	0.003324	0.004164	0.003478
482.164	20739.84	0.002899	0.003383	0.003069	0.003896	0.003967	0.003907	0.004363	0.004433	0.003904	0.004065	0.004229	0.003869	0.003644	0.004111	0.003831	0.00333	0.003677	0.003497	0.003769	0.003986	0.003589	0.00357	0.003924	0.003376	0.00374	0.003839	0.003736	0.003756	0.004061	0.004298	0.003783
482.741	20715.06	0.003522	0.003799	0.00378	0.004061	0.004072	0.004326	0.004541	0.004416	0.004199	0.004426	0.003933	0.004014	0.003715	0.004443	0.004281	0.004199	0.004046	0.004342	0.004211	0.004246	0.004577	0.003996	0.004027	0.00382	0.004047	0.004393	0.004409	0.004198	0.00463	0.004268	0.004169
483.317	20690.34	0.002675	0.003968	0.003639	0.004088	0.003687	0.003608	0.003907	0.003994	0.004133	0.004053	0.003731	0.003779	0.004191	0.004072	0.00412	0.004008	0.003713	0.004456	0.00404	0.003799	0.004375	0.004329	0.00385	0.003844	0.003901	0.004554	0.004348	0.004202	0.004025	0.004501	0.003897
483.894	20665.69	0.001748	0.002458	0.002858	0.003378	0.003131	0.002734	0.003105	0.003082	0.003233	0.003681	0.003249	0.003641	0.003112	0.003529	0.003451	0.003225	0.003158	0.003355	0.003182	0.003262	0.003018	0.003753	0.003515	0.003071	0.003035	0.003326	0.003468	0.003278	0.003388	0.003129	0.003056
484.471	20641.08	0.00134	0.002085	0.002188	0.002554	0.002574	0.002608	0.002676	0.002543	0.002472	0.002893	0.002543	0.003211	0.002665	0.002866	0.002884	0.002852	0.003122	0.003127	0.003112	0.003064	0.002654	0.002441	0.003046	0.0023	0.002617	0.003228	0.003097	0.003059	0.003065	0.002763	0.002826
485.047	20616.54	0.001012	0.001293	0.001622	0.002489	0.001932	0.002081	0.002304	0.002284	0.002502	0.002512	0.002374	0.002476	0.002205	0.002752	0.002763	0.002726	0.002659	0.002736	0.00333	0.003138	0.002897	0.003042	0.003089	0.003057	0.003481	0.003253	0.003083	0.00306	0.003326	0.00346	0.003679
485.624	20592.06	0.001233	0.001528	0.001442	0.00205	0.00175	0.001838	0.00167	0.001803	0.001606	0.00188	0.001718	0.001545	0.00149	0.001633	0.00184	0.001442	0.001422	0.001596	0.002021	0.001648	0.001503	0.001654	0.001531	0.001621	0.001639	0.001442	0.001665	0.0017	0.001724	0.001764	0.001415
486.201	20567.63	0.001585	0.002066	0.001606	0.002355	0.002151	0.001666	0.001749	0.001529	0.001657	0.001721	0.001323	0.001013	0.001213	0.001329	0.001339	0.0008414	0.0008938	0.0009348	0.0007589	0.0002798	0.0007659	0.0005551	0.0002059	0.0005707	0.0005488	0.0002147	0.0003429	0.0004168	0.0004255	0.0001656	-1.289E-5
486.777	20543.27	0.00198	0.001877	0.002367	0.002944	0.00258	0.002855	0.003084	0.002891	0.002382	0.002779	0.002944	0.001957	0.002636	0.002572	0.002863	0.002295	0.002469	0.002467	0.002596	0.00252	0.00269	0.002456	0.002089	0.002326	0.002536	0.001713	0.002899	0.002186	0.002425	0.002423	0.001934
487.354	20518.96	0.003021	0.003105	0.003032	0.003676	0.003103	0.003847	0.003062	0.003586	0.003803	0.003244	0.003855	0.002638	0.003217	0.003366	0.003305	0.00289	0.003671	0.003601	0.003183	0.003373	0.003304	0.003145	0.003329	0.003018	0.003076	0.002818	0.003525	0.002887	0.003068	0.003123	0.002804
487.931	20494.70	0.002415	0.002929	0.00243	0.002743	0.003449	0.00324	0.003161	0.002964	0.003394	0.002706	0.003061	0.003032	0.002663	0.002608	0.003111	0.002984	0.002906	0.00296	0.003287	0.003087	0.002936	0.002485	0.003001	0.002884	0.003085	0.003404	0.003671	0.003329	0.003199	0.002462	0.002294
488.508	20470.51	0.002249	0.002309	0.001892	0.001872	0.002224	0.002392	0.002143	0.002338	0.002241	0.002822	0.002253	0.002093	0.002365	0.001866	0.001482	0.002437	0.002591	0.0023	0.002422	0.00226	0.002313	0.002731	0.001986	0.002317	0.002043	0.002381	0.002668	0.002149	0.002677	0.003039	0.002285
489.084	20446.37	0.002768	0.002453	0.002752	0.00306	0.002551	0.002757	0.00269	0.002641	0.002651	0.002987	0.002798	0.003021	0.003217	0.002975	0.002673	0.003187	0.002765	0.002893	0.002858	0.002837	0.002838	0.002557	0.002177	0.002691	0.003404	0.00257	0.003347	0.00257	0.003199	0.002927	0.002917
489.661	20422.29	0.00102	0.001722	0.001982	0.002696	0.001505	0.00192	0.002629	0.002709	0.002972	0.002094	0.001844	0.00218	0.002417	0.002314	0.002318	0.002705	0.002613	0.001768	0.002404	0.002373	0.002614	0.002211	0.002296	0.002048	0.002395	0.002164	0.002143	0.0028	0.001729	0.00243	0.002802
490.238	20398.27	0.002155	0.002456	0.002287	0.002847	0.002358	0.002	0.002283	0.002725	0.003565	0.002728	0.002688	0.003413	0.0031	0.00293	0.00251	0.002473	0.00278	0.002797	0.002586	0.002804	0.002398	0.002425	0.001987	0.003166	0.002692	0.002322	0.002969	0.002648	0.002394	0.00339	0.002557
490.814	20374.30	0.001214	0.001204	0.001384	0.001957	0.001922	0.002666	0.00201	0.002275	0.002081	0.002217	0.001988	0.001963	0.002828	0.001737	0.002089	0.001714	0.002457	0.002345	0.002514	0.002975	0.002386	0.002158	0.002238	0.001938	0.001996	0.001271	0.002349	0.002466	0.002889	0.002003	0.001807
491.391	20350.39	0.001413	0.00186	0.001364	0.002004	0.0009453	0.001811	0.001569	0.001758	0.001063	0.001752	0.001891	0.001712	0.001214	0.001377	0.002002	0.002249	0.002375	0.001899	0.001985	0.001807	0.0024	0.001157	0.001403	0.001782	0.001369	0.002092	0.002362	0.001755	0.00213	0.002094	0.001396
491.968	20326.53	0.002408	0.002374	0.001846	0.002945	0.002141	0.00281	0.003391	0.002634	0.003547	0.003025	0.002588	0.003349	0.00333	0.003636	0.002574	0.002624	0.003152	0.003406	0.002663	0.002419	0.002843	0.002368	0.003201	0.003213	0.002821	0.002936	0.002805	0.002834	0.00302	0.002836	0.002511
492.545	20302.73	0.00133	0.00202	0.00169	0.001538	0.001529	0.001078	0.0028	0.002287	0.001608	0.002757	0.002327	0.002422	0.002224	0.002368	0.002341	0.002784	0.003073	0.002098	0.002074	0.002374	0.0016	0.002574	0.002077	0.001584	0.002188	0.001619	0.002463	0.002655	0.002482	0.002515	0.001917
493.121	20278.99	0.001396	0.001936	0.001766	0.001996	0.001591	0.001913	0.001937	0.002916	0.002079	0.002743	0.002523	0.002685	0.002331	0.002074	0.002267	0.003086	0.002056	0.002799	0.002903	0.002479	0.002159	0.002931	0.001941	0.001932	0.001997	0.002376	0.002576	0.002595	0.002435	0.002014	0.002392
493.698	20255.30	0.002745	0.001908	0.001995	0.002	0.002346	0.002105	0.002389	0.002199	0.002004	0.002355	0.002272	0.003159	0.002394	0.002533	0.00236	0.001946	0.002349	0.002285	0.002997	0.002252	0.002345	0.002308	0.002663	0.001994	0.00184	0.003	0.002262	0.002584	0.002516	0.00265	0.002357
494.275	20231.66	0.001556	0.002231	0.00144	0.001692	0.002046	0.001783	0.001771	0.002197	0.00192	0.002085	0.001862	0.002094	0.001983	0.002202	0.002243	0.001989	0.00233	0.001892	0.002126	0.00158	0.001996	0.001995	0.002612	0.001407	0.002507	0.001987	0.002602	0.001859	0.002246	0.002449	0.002158
494.851	20208.09	0.001105	0.00234	0.0009919	0.001979	0.0009155	0.001328	0.001173	0.002082	0.001985	0.001548	0.002017	0.001329	0.001578	0.001631	0.002066	0.001673	0.001662	0.001631	0.001452	0.001864	0.001778	0.001701	0.001439	0.001143	0.001537	0.001516	0.001395	0.001282	0.002283	0.001159	0.00196
495.428	20184.56	0.001575	0.001781	0.001376	0.001976	0.001697	0.001865	0.001709	0.001956	0.002054	0.001786	0.002191	0.001238	0.0009173	0.001957	0.001501	0.001126	0.001664	0.002161	0.002437	0.002008	0.001995	0.001779	0.00154	0.001694	0.001659	0.001604	0.002005	0.001637	0.001736	0.002077	0.001959
496.005	20161.09	0.001576	0.001757	0.001103	0.002029	0.001749	0.001759	0.001829	0.001871	0.00173	0.001844	0.001975	0.001419	0.001608	0.001768	0.001519	0.001594	0.001603	0.00186	0.001547	0.001521	0.00167	0.001283	0.002078	0.001768	0.001816	0.001581	0.001955	0.001889	0.001452	0.001345	0.001025
496.582	20137.68	0.001451	0.002179	0.00106	0.002103	0.002447	0.001343	0.001703	0.002064	0.00189	0.002149	0.001504	0.001512	0.001312	0.001474	0.001364	0.001545	0.001334	0.001701	0.00188	0.001712	0.002046	0.001829	0.001899	0.001285	0.001112	0.001356	0.001922	0.001377	0.002018	0.001441	0.0013
497.158	20114.32	0.001175	0.0013	0.001481	0.00163	0.001522	0.001168	0.001423	0.001685	0.001692	0.001304	0.001441	0.001253	0.001578	0.001624	0.001703	0.001643	0.001908	0.001566	0.001434	0.001736	0.001199	0.001893	0.001568	0.0009168	0.001328	0.001629	0.001512	0.001789	0.001696	0.001314	0.001723
497.735	20091.01	0.001007	0.0009634	0.00128	0.001575	0.001751	0.002039	0.0013	0.001402	0.00142	0.001114	0.001107	0.001125	0.001414	0.001616	0.001371	0.0011	0.001123	0.000981	0.001037	0.001342	0.000952	0.001675	0.001331	0.001211	0.000963	0.0009533	0.001475	0.001401	0.001275	0.001457	0.001587
498.312	20067.76	0.0002185	0.0005223	0.0006512	0.0008709	0.001163	0.001041	0.0007676	0.0004904	0.0007764	0.001181	0.0005987	0.001035	0.001146	0.0006421	0.0007572	0.0006523	8.095E-5	0.0004916	0.0008646	0.0006749	0.0006789	0.0002095	0.0007697	0.001109	0.0004833	0.001039	0.001248	0.001318	0.0006217	0.0006443	0.0007071
498.888	20044.56	0.0006528	0.001278	0.001074	0.001073	0.001099	0.000933	0.0009543	0.001588	0.001417	0.001945	0.001707	0.001559	0.001284	0.0006908	0.001748	0.0009795	0.001324	0.0008425	0.001718	0.001434	0.001633	0.0009165	0.001531	0.001702	0.001462	0.001009	0.001213	0.00139	0.001377	0.001707	0.001514
499.465	20021.42	0.001365	0.001452	0.001365	0.001427	0.001697	0.001506	0.001396	0.001824	0.001794	0.001895	0.001633	0.002049	0.001681	0.001384	0.001702	0.001779	0.001664	0.001453	0.001746	0.001671	0.001739	0.001471	0.001962	0.001526	0.001424	0.0006046	0.001479	0.001217	0.001485	0.001657	0.001472
500.042	19998.33	0.001221	0.001307	0.001435	0.001885	0.001605	0.001321	0.001867	0.001504	0.00157	0.001362	0.001734	0.001793	0.001438	0.001606	0.002068	0.0017	0.001669	0.001569	0.0009812	0.001332	0.001247	0.001313	0.0009269	0.000965	0.0009653	0.0008161	0.001448	0.001056	0.001158	0.001166	0.001273
500.619	19975.29	0.001395	0.001346	0.00175	0.001575	0.001339	0.001293	0.001554	0.00165	0.001608	0.001823	0.00192	0.001794	0.001286	0.001289	0.001713	0.001449	0.001949	0.001767	0.0006334	0.001189	0.001547	0.00186	0.0009549	0.001132	0.001227	0.001331	0.001472	0.001236	0.001013	0.001606	0.001594
501.195	19952.31	0.001588	0.002116	0.002013	0.00162	0.001716	0.001519	0.001806	0.001989	0.001722	0.002033	0.001776	0.00153	0.00125	0.00149	0.001301	0.001812	0.001851	0.001975	0.001442	0.001688	0.002111	0.002128	0.001806	0.001975	0.001339	0.001981	0.00177	0.001675	0.001559	0.001905	0.00161
501.772	19929.37	0.001648	0.002071	0.001496	0.001663	0.001822	0.001926	0.001856	0.001837	0.002195	0.002182	0.00131	0.001126	0.001334	0.001741	0.002002	0.00181	0.00188	0.002043	0.001804	0.001841	0.002047	0.001766	0.001995	0.001728	0.001836	0.00159	0.001944	0.001758	0.001315	0.001884	0.00159
502.349	19906.49	0.001489	0.001584	0.001249	0.001841	0.001694	0.00198	0.001372	0.001635	0.002012	0.001846	0.001389	0.001058	0.001662	0.001369	0.001896	0.001409	0.00171	0.002164	0.002008	0.001887	0.001596	0.00135	0.001339	0.001705	0.001652	0.001359	0.002079	0.001481	0.001216	0.001933	0.001662
502.925	19883.67	0.0007189	0.0008618	0.001118	0.001505	0.001136	0.001354	0.0008213	0.001134	0.001001	0.001175	0.001008	0.0009786	0.0007918	0.0005403	0.0006665	0.001473	0.001104	0.0015	0.001327	0.0009709	0.00116	0.001061	0.000773	0.0009043	0.0006726	0.0009698	0.001541	0.0008821	0.0009426	0.0008566	0.0008963
503.502	19860.89	0.001274	0.0008862	0.001151	0.001225	0.001376	0.0009361	0.001174	0.001262	0.001395	0.001563	0.001526	0.00102	0.0009894	0.000892	0.0009275	0.001757	0.001487	0.001565	0.0009699	0.0008084	0.001499	0.001322	0.0009719	0.001114	0.0007836	0.001066	0.00125	0.0009781	0.0008813	0.0008708	0.001082
504.079	19838.17	0.001729	0.001211	0.001731	0.001236	0.001567	0.00127	0.00149	0.00172	0.001882	0.002225	0.00134	0.0008749	0.001353	0.001018	0.001651	0.001515	0.001211	0.001663	0.001678	0.001702	0.00183	0.001298	0.001407	0.001501	0.001359	0.001407	0.001269	0.001063	0.00173	0.00151	0.001646
504.655	19815.50	0.001562	0.001512	0.001794	0.002167	0.001789	0.001613	0.001834	0.002035	0.002292	0.002222	0.00114	0.001354	0.00163	0.001185	0.001903	0.001605	0.001519	0.001698	0.002364	0.002076	0.001699	0.001814	0.001712	0.00161	0.001706	0.0015	0.001691	0.001674	0.001831	0.001764	0.001704
505.232	19792.88	0.001104	0.001552	0.00122	0.002316	0.001861	0.001233	0.001364	0.001702	0.002048	0.001819	0.001736	0.001354	0.001376	0.001458	0.001521	0.001347	0.001743	0.001088	0.001833	0.00144	0.001589	0.001697	0.001747	0.001351	0.001265	0.001463	0.001399	0.001972	0.001249	0.001534	0.001434
505.809	19770.31	0.001117	0.001479	0.0006987	0.001282	0.001684	0.001257	0.00141	0.0013	0.001457	0.00141	0.001436	0.001642	0.001078	0.001181	0.001241	0.00111	0.001238	0.0009396	0.00115	0.00146	0.00177	0.0008998	0.001729	0.001207	0.001068	0.001458	0.001314	0.001158	0.001155	0.001468	0.001039
506.386	19747.80	0.001376	0.001317	0.000768	0.001309	0.001446	0.001698	0.001946	0.00162	0.001718	0.001458	0.001642	0.002152	0.001073	0.001375	0.001504	0.001407	0.00149	0.001658	0.001591	0.001798	0.001611	0.001004	0.001658	0.001458	0.001665	0.00156	0.002173	0.001035	0.001307	0.001841	0.001041
506.962	19725.33	0.001308	0.001494	0.001421	0.001764	0.001706	0.001878	0.001883	0.001993	0.001594	0.0019	0.002126	0.002124	0.00164	0.001795	0.001866	0.002077	0.001933	0.002011	0.001994	0.001666	0.001831	0.001531	0.001571	0.0016	0.002267	0.001941	0.002096	0.001433	0.001442	0.002154	0.001647
507.539	19702.92	0.001105	0.001533	0.0009255	0.001445	0.001568	0.001086	0.001431	0.001371	0.001151	0.001651	0.001578	0.001838	0.001651	0.001127	0.001555	0.001494	0.001437	0.001392	0.001606	0.001101	0.001763	0.001067	0.0005642	0.001456	0.001677	0.001598	0.001196	0.000991	0.001198	0.001515	0.001315
508.116	19680.56	0.001485	0.001399	0.0007364	0.001749	0.001216	0.001332	0.001688	0.001378	0.001651	0.001683	0.001891	0.00193	0.001128	0.001226	0.001678	0.001095	0.001656	0.0009671	0.001823	0.001348	0.001603	0.0006779	0.0008658	0.002296	0.001044	0.001302	0.001782	0.001247	0.001501	0.00147	0.001566
508.692	19658.24	0.002449	0.001982	0.001949	0.002184	0.001877	0.00255	0.002222	0.002214	0.002092	0.00233	0.002473	0.002428	0.001906	0.00205	0.002993	0.002172	0.002545	0.001788	0.002051	0.002748	0.002489	0.001651	0.002383	0.003182	0.001482	0.001924	0.002799	0.002122	0.002061	0.00258	0.002929
509.269	19635.98	0.001322	0.001398	0.001063	0.00112	0.001303	0.001237	0.0003398	0.00137	0.0009264	0.001506	0.001247	0.001303	0.001086	0.0009627	0.00213	0.001037	0.001183	0.001012	0.0007305	0.001701	0.001415	0.001286	0.001011	0.001052	0.0005524	0.00106	0.001508	0.0008712	0.001099	0.001455	0.001525
509.846	19613.77	0.0005163	0.0009703	0.0002425	0.001186	0.001089	0.000798	0.0002448	0.001143	0.0006377	0.001074	0.0002854	0.001307	0.0005369	0.0007103	0.00112	0.0008319	0.000835	0.0006424	0.0005992	0.0008082	0.0004694	0.0007968	0.0006239	0.0001733	0.0004482	0.0006056	0.0008277	0.0002207	0.001042	0.001035	0.0006325
510.423	19591.61	0.001847	0.00202	0.001867	0.002285	0.001672	0.001532	0.001756	0.002128	0.002227	0.001899	0.001185	0.002128	0.001564	0.001684	0.001893	0.001608	0.002191	0.001698	0.001882	0.002016	0.001621	0.001694	0.001441	0.001522	0.001549	0.001885	0.001719	0.001912	0.002307	0.002316	0.001276
510.999	19569.50	0.002262	0.001976	0.002174	0.001816	0.00162	0.001992	0.001865	0.002258	0.001949	0.002099	0.001373	0.001783	0.002027	0.002004	0.001494	0.001896	0.00244	0.001442	0.0017	0.001806	0.002277	0.001925	0.00205	0.002067	0.001757	0.002257	0.002192	0.002224	0.002032	0.002193	0.001044
511.576	19547.44	0.001726	0.0008577	0.00113	0.001826	0.001097	0.001211	0.001376	0.0009027	0.001315	0.001925	0.0009743	0.001033	0.0009243	0.001088	0.001189	0.001687	0.001466	0.001025	0.001098	0.001002	0.001934	0.001791	0.001912	0.001302	0.0017	0.001044	0.001784	0.00151	0.001026	0.001486	0.00107
512.153	19525.43	0.001451	0.001579	0.001999	0.0025	0.00178	0.001624	0.002065	0.00172	0.002021	0.002417	0.001677	0.001959	0.001979	0.001324	0.001646	0.001672	0.002031	0.001465	0.001935	0.001664	0.00208	0.001494	0.001826	0.001906	0.002263	0.001043	0.002183	0.001521	0.001898	0.001865	0.001591
512.729	19503.47	0.001388	0.0009567	0.0009085	0.001522	0.0008365	0.001167	0.00109	0.0009696	0.000985	0.001643	0.00107	0.001416	0.001743	0.000537	0.001313	0.001172	0.001727	0.001215	0.001701	0.001318	0.001695	0.0007936	0.001777	0.0011	0.001139	0.0004017	0.002004	0.00147	0.001914	0.001506	0.0009486
513.306	19481.55	0.002467	0.002272	0.000796	0.001698	0.001506	0.002258	0.00148	0.002288	0.00152	0.002062	0.002085	0.001868	0.001784	0.001501	0.002448	0.002252	0.001812	0.001356	0.002061	0.002242	0.001904	0.001975	0.001583	0.002234	0.001248	0.001707	0.002209	0.002326	0.002196	0.002126	0.002126
513.883	19459.69	0.001913	0.001878	0.001064	0.001327	0.001524	0.001795	0.001188	0.001671	0.001667	0.002153	0.001715	0.001516	0.00184	0.00107	0.001475	0.001657	0.001383	0.001405	0.00137	0.001685	0.001787	0.002293	0.0009939	0.001631	0.001679	0.001593	0.002119	0.001398	0.001102	0.002031	0.001479
514.460	19437.87	0.00106	0.00113	0.001859	0.001576	0.001424	0.001695	0.001377	0.001692	0.00151	0.001357	0.00256	0.001537	0.002154	0.001262	0.0008097	0.001952	0.001595	0.001483	0.001134	0.001758	0.001366	0.001188	0.001302	0.0008561	0.00176	0.001673	0.001508	0.002015	0.001139	0.001585	0.0008362
515.036	19416.11	0.001259	0.001881	0.002023	0.003232	0.001672	0.002194	0.001731	0.002221	0.002035	0.002011	0.002059	0.001935	0.002018	0.002041	0.00189	0.001692	0.002018	0.00165	0.002045	0.002317	0.001909	0.001201	0.002542	0.001366	0.001911	0.001922	0.00204	0.001628	0.001737	0.002055	0.0008328
515.613	19394.39	0.001871	0.00193	0.001214	0.001992	0.001385	0.001635	0.001778	0.001989	0.002797	0.00166	0.002819	0.001641	0.002106	0.001885	0.001471	0.001488	0.001887	0.001335	0.002001	0.002192	0.001582	0.001627	0.001774	0.001775	0.001999	0.00159	0.002949	0.00155	0.001306	0.00228	0.001322
516.190	19372.72	0.001204	0.002005	0.001475	0.002124	0.001686	0.002052	0.00177	0.002174	0.002429	0.002555	0.002337	0.001728	0.002052	0.002105	0.00163	0.002216	0.001433	0.00204	0.00175	0.002309	0.002204	0.001991	0.001318	0.001838	0.001658	0.002173	0.002328	0.001961	0.002125	0.002317	0.001822
516.766	19351.10	0.00101	0.002108	0.002054	0.002601	0.00185	0.002054	0.001562	0.001701	0.002411	0.002022	0.001698	0.001805	0.002393	0.002016	0.002188	0.002047	0.002579	0.002194	0.001575	0.00213	0.002253	0.002427	0.001954	0.00168	0.001657	0.002132	0.00213	0.00202	0.001802	0.002527	0.0018
517.343	19329.53	0.002407	0.001869	0.002633	0.002292	0.00209	0.002402	0.002401	0.002385	0.002284	0.001645	0.002466	0.002125	0.001986	0.0024	0.002986	0.002442	0.002867	0.002275	0.002537	0.002759	0.002286	0.00187	0.002489	0.002398	0.002324	0.001945	0.001722	0.002224	0.001697	0.002724	0.001823
517.920	19308.01	0.001184	0.00181	0.000966	0.00186	0.001836	0.001883	0.001452	0.001688	0.001717	0.001186	0.00143	0.000862	0.0007696	0.001844	0.001414	0.001818	0.001461	0.001599	0.001565	0.002282	0.0008925	0.0008964	0.0007667	0.0005675	0.001355	0.00154	0.001856	0.0006532	0.001202	0.001624	0.001364
518.496	19286.53	0.0009177	0.000858	0.0003591	0.002173	0.001621	0.001578	0.0009362	0.0001745	0.001142	0.00117	0.000635	0.001089	0.001144	0.0003451	0.001225	0.0006102	0.001504	0.0004767	0.001502	0.001647	0.001514	0.001361	0.001512	0.001024	0.0009132	0.001559	0.00089	0.001631	0.001348	0.001882	0.0003411
519.073	19265.11	0.002192	0.00128	0.001061	0.002052	0.002188	0.001311	0.001473	0.001433	0.002304	0.001907	0.002328	0.001577	0.002572	0.00142	0.001705	0.001468	0.002104	0.001116	0.001642	0.001499	0.001093	0.00117	0.001642	0.0008909	0.001208	0.002577	0.001108	0.001255	0.001863	0.001807	0.002293
519.650	19243.72	0.0005585	0.0006468	0.001135	0.001673	0.001904	0.001742	0.001577	0.001211	0.001042	0.001698	0.0014	0.001025	0.001079	0.00163	0.0007552	0.001766	0.001402	0.001342	0.00129	0.0009358	0.001083	0.001334	0.001654	0.000897	0.0005404	0.001231	0.002447	0.001276	0.001099	0.001061	0.0005057
520.227	19222.39	0.001623	0.002543	0.002593	0.0016	0.002799	0.001195	0.00286	0.00269	0.001946	0.002992	0.002572	0.001936	0.00233	0.002371	0.00213	0.001961	0.002451	0.002433	0.001539	0.002958	0.003102	0.001685	0.002415	0.002265	0.002286	0.001064	0.002834	0.002252	0.003008	0.003757	0.001519
520.803	19201.11	0.002056	0.001531	0.001775	0.002114	0.0009312	0.001404	0.001365	0.002273	0.001959	0.001717	0.002919	0.001739	0.002837	0.001455	0.001527	0.002379	0.002486	0.002073	0.00276	0.003048	0.001334	0.000798	0.001685	0.001797	0.002356	0.00201	0.002026	0.002101	0.0008521	0.002433	0.001303
521.380	19179.87	0.001037	0.001698	0.0009743	0.0003683	0.001474	0.0001128	0.002048	0.001487	0.00135	0.0003293	0.001769	0.001808	0.000727	0.0005513	0.0005753	1.997E-5	-0.0001873	0.0009781	0.0008025	0.001686	0.00105	0.0007442	0.000761	0.0009726	0.0001922	0.001327	0.000345	0.0008054	0.0005693	0.001253	0.0007952
521.957	19158.68	0.0008141	0.0008824	0.0008195	0.001206	0.001152	0.001087	0.001038	0.0009704	0.001343	0.0001144	0.00142	0.001711	0.001044	0.001922	0.0001832	0.0005877	0.0005566	0.0008221	0.001622	0.001376	0.001181	0.001701	0.001492	0.0002586	0.0006749	0.001604	0.001429	0.001287	0.001548	0.00145	0.001901
522.533	19137.53	0.002326	0.002107	0.00174	0.002071	0.001554	0.002184	0.00235	0.001295	0.001537	0.002207	0.002092	0.001588	0.001952	0.002068	0.002081	0.001949	0.002154	0.001726	0.002514	0.001613	0.001071	0.001377	0.00205	0.002517	0.001635	0.002179	0.002679	0.002214	0.002383	0.002395	0.002249
523.110	19116.43	0.004101	0.001721	0.004343	0.002901	0.002	0.001863	0.002139	0.002681	0.002541	0.002757	0.00194	0.002831	0.003276	0.002965	0.002113	0.003054	0.002514	0.002333	0.00237	0.002283	0.002717	0.002306	0.002349	0.00381	0.003259	0.00309	0.002837	0.002493	0.003714	0.001418	0.002087
523.687	19095.38	0.001164	0.001368	0.001169	0.001411	0.001674	0.000775	0.001766	0.001229	0.0006291	0.00154	0.0005432	0.001202	0.001454	0.001435	0.001594	0.001309	0.001052	0.0006685	0.001714	0.001515	0.0005406	0.0008577	0.001066	0.002236	0.001227	0.001437	0.001715	0.0007133	0.001082	0.0009407	0.0006803
524.264	19074.37	0.002129	0.002633	0.002497	0.002334	0.00308	0.001868	0.001659	0.001655	0.001894	0.001998	0.002331	0.001898	0.001149	0.002396	0.002503	0.00248	0.003271	0.002442	0.002866	0.001632	0.002982	0.001531	0.002182	0.00152	0.002929	0.002299	0.002295	0.002231	0.001797	0.001506	0.001801
524.840	19053.42	0.002369	0.002219	0.002091	0.002389	0.002317	0.002919	0.001838	0.002031	0.002369	0.001469	0.002153	0.001276	0.001963	0.001551	0.001905	0.002607	0.003073	0.002641	0.001985	0.002169	0.001791	0.001614	0.00238	0.0008911	0.00231	0.002012	0.003314	0.002689	0.002704	0.002163	0.001603
525.417	19032.50	0.001179	0.001029	0.0003502	0.001247	0.0009063	0.0007085	0.001619	0.0002846	0.001314	0.0008223	0.001032	0.001614	0.0005116	0.000876	0.0009622	0.0009671	0.0009725	0.001517	0.0015	0.001801	0.001117	0.001132	0.0008065	0.0009433	0.0006474	0.001201	0.0007256	0.00078	0.001394	0.001471	0.001292
525.994	19011.63	0.001197	0.001022	0.001003	0.001669	0.001073	0.0008189	0.001858	0.001114	0.002329	0.001537	0.001639	0.002663	0.0009954	0.001478	0.002136	0.002156	0.001566	0.00143	0.001855	0.001643	0.001486	0.001634	0.002004	0.002112	0.00162	0.0008627	0.001409	0.002082	0.001644	0.001523	0.001851
526.570	18990.81	0.0009964	0.0006694	0.001124	0.001445	0.001651	0.001649	0.001652	0.001595	0.00167	0.002113	0.001592	0.00138	0.00101	0.0008727	0.001255	0.00197	0.001434	0.001082	0.001874	0.001244	0.0006848	0.0014	0.001899	0.001095	0.002406	0.001684	0.001858	0.001327	0.0009074	0.002166	0.0009964
527.147	18970.04	0.001091	0.00166	0.00185	0.001871	0.001852	0.00134	0.00147	0.001454	0.001761	0.001131	0.000831	0.001398	0.000572	0.0008572	0.001925	0.001242	0.001136	0.001129	0.00149	0.001389	0.000994	0.0007543	0.001161	0.0007328	0.001284	0.001627	0.0003606	0.0004326	0.002028	0.001823	0.001344
527.724	18949.30	0.001515	0.001116	0.001089	0.001282	0.001411	0.001226	0.001825	0.001646	0.001075	0.001136	0.001227	0.0005359	0.001364	0.001294	0.001621	0.001744	0.001076	0.0008177	0.001498	0.001304	0.001308	0.001183	0.002097	0.001478	0.00131	0.001499	0.002294	0.001771	0.001426	0.001786	0.001429
528.301	18928.62	0.001144	0.0007849	0.00087	0.001335	0.0006701	0.0009437	0.001526	0.00115	0.001079	0.0008288	0.001221	0.0004141	0.0003688	0.001111	0.001243	0.0005116	0.0003249	0.0007795	0.00143	0.001281	0.0007785	0.0003364	0.001574	0.001509	0.001125	0.001213	0.001317	0.001125	0.001254	0.001298	0.001075
528.877	18907.98	0.001089	0.001032	0.001542	0.001685	0.0009837	0.0009297	0.0009365	0.0004013	0.0007368	0.0006572	0.00181	0.0004113	0.0005293	0.0004997	0.0009631	0.001607	0.0005815	0.001138	0.0014	0.001038	0.0007552	0.0004514	0.001378	0.0008313	0.0007896	0.0007015	0.001585	0.0004575	0.0009035	0.001152	0.0001218
529.454	18887.38	0.00122	0.0005419	0.0004194	0.0005694	0.0004252	0.0004556	0.0001274	-0.0002329	-0.0001017	0.0002313	0.0007024	-0.0001391	0.0003263	0.001066	-0.0001999	0.001064	0.0003711	0.0005763	0.0004098	-3.729E-5	-0.0001609	0.0004502	0.0004914	-0.0007361	0.0005122	-0.0003023	0.0003721	0.000637	0.0006762	0.0006416	0.0003415
530.031	18866.83	0.0006292	0.0003956	0.0008133	0.0005346	-0.0002663	0.0006035	-0.0001873	0.0002947	0.000328	7.622E-7	0.0002942	0.0003514	0.0006448	0.0001135	-0.0001294	9.557E-5	0.0003572	0.0001489	0.0002647	0.0003456	0.0004597	0.0009745	0.0008482	3.862E-5	0.0001515	-0.0003527	-2.595E-6	0.000679	0.0004463	0.0002892	0.0003458
530.607	18846.33	0.0001272	0.0006013	0.0007988	0.001386	0.0007611	-3.431E-5	0.0004488	0.000714	0.0009084	-0.0002771	-0.0001738	0.0009829	0.001068	0.0008316	0.000929	0.0005345	0.0008963	0.0009578	0.0003739	0.001276	0.0005657	0.0005751	0.0001036	0.0008102	0.0003313	0.000392	0.0002122	0.001029	0.0007987	0.0003909	0.0002469
531.184	18825.86	0.001329	0.0008383	0.001038	0.001703	0.0022	0.0007967	0.00173	0.002295	0.001821	0.001456	0.001439	0.001282	0.001541	0.0009621	0.001678	0.001833	0.001859	0.001718	0.001601	0.002203	0.0007457	0.001127	0.0003905	0.001601	0.001037	0.001119	0.001712	0.001362	0.00135	0.001387	0.0009601
531.761	18805.45	0.00215	0.001854	0.001734	0.001703	0.002454	0.00208	0.001878	0.00212	0.001959	0.002011	0.002427	0.002323	0.001373	0.001543	0.0019	0.001768	0.002152	0.002376	0.00197	0.001855	0.001079	0.001899	0.001163	0.001948	0.001642	0.00175	0.002202	0.001769	0.001779	0.001722	0.001457
532.338	18785.07	0.001454	0.0009459	0.001213	0.001673	0.001619	0.001458	0.001438	0.001698	0.001854	0.001528	0.001714	0.001319	0.001327	0.001378	0.00181	0.001409	0.00195	0.001439	0.001613	0.0008467	0.00172	0.001769	0.001174	0.00129	0.001324	0.001529	0.001301	0.001442	0.00106	0.001167	0.0009062
532.914	18764.75	0.001311	0.0007234	0.0004619	0.0016	0.001082	0.00113	0.00118	0.0013	0.001944	0.001211	0.001511	0.0005527	0.001346	0.001026	0.001137	0.001488	0.001513	0.0008145	0.001367	0.0009215	0.001454	0.001034	0.001283	0.0003277	0.0005002	0.001241	0.00106	0.001028	0.0005133	0.0005256	0.0004514
533.491	18744.46	0.001339	0.0008033	0.0007178	0.001324	0.0008226	0.000511	0.00085	0.0007916	0.0009277	5.784E-5	0.001253	0.0005672	0.0004698	0.0008951	0.0005081	0.0009914	0.001178	8.902E-5	0.000844	0.000842	0.0006123	0.0009361	0.0007294	0.0005308	0.0006131	0.0009069	0.0007555	0.0007808	0.0007211	0.0009347	0.0009898
534.068	18724.22	6.608E-5	0.0004992	0.0006048	0.0004818	0.001016	0.0004217	0.0007519	0.0008086	4.424E-5	0.0002321	0.0008867	8.409E-5	0.0006404	0.0001746	0.0007937	0.0005592	0.0005375	-6.153E-5	0.001198	0.0003957	0.0006405	0.0005404	0.0002004	0.0007694	0.0003063	1.863E-5	0.0008125	0.0004634	0.0002889	0.0002796	0.0006565
534.644	18704.02	0.0006481	0.001188	0.001353	0.0009949	0.001653	0.001333	0.0009406	0.001392	0.001009	0.0005265	0.001208	0.0008428	0.001085	0.0006836	0.001282	0.0006589	0.001219	0.0004266	0.001863	0.0007205	0.001121	0.001295	0.0003308	0.001295	0.001127	0.001022	0.00105	0.001006	0.001337	0.001147	0.001067
535.221	18683.87	0.0005192	0.0006068	0.001175	0.0006114	0.0003063	0.0007137	0.0003566	0.000862	0.0006271	8.825E-5	0.0002358	0.00105	0.0005724	0.0004768	0.0002702	-0.0001598	0.0002551	-2.249E-5	0.0006744	0.0005796	0.0005912	0.0008898	0.0005693	-5.233E-5	0.0008594	0.0007832	0.0007548	0.0005374	0.001319	0.0008399	0.0005368
535.798	18663.76	0.0006863	0.001125	0.001248	0.001135	0.000688	0.0006124	0.0009831	0.001114	0.0007401	0.0003907	0.0002131	0.0007477	0.0004694	0.0008805	0.0005327	0.0002121	0.0004291	0.0003035	0.001249	0.0008766	0.0005034	0.0004449	0.0008073	0.00058	0.0008571	0.0005068	0.0007742	0.0006842	0.0006126	0.0007347	0.00101
536.374	18643.69	0.001551	0.001726	0.001432	0.002073	0.001613	0.001544	0.00184	0.001456	0.001596	0.0006657	0.0009414	0.000817	0.001181	0.001592	0.001271	0.000986	0.001093	0.001349	0.001317	0.001162	0.001557	0.001001	0.001039	0.001423	0.001262	0.0009525	0.001023	0.001175	0.001206	0.001295	0.001093
536.951	18623.67	0.001352	0.0006996	0.001255	0.001141	0.001268	0.000845	0.001393	0.001252	0.001287	0.0009054	0.001297	0.0008327	0.0005944	0.0006863	0.0007872	0.001064	0.00098	0.001242	0.0005774	0.001013	0.001387	0.0009938	0.0008712	0.0009408	0.001113	0.001606	0.001148	0.0009903	0.001003	0.001137	0.0004751
537.528	18603.69	0.001448	0.0005065	0.001039	0.0006685	0.001099	0.0007034	0.0009673	0.001492	0.0008995	0.001134	0.001415	0.001074	0.001239	0.0005809	0.0008081	0.001222	0.001397	0.001446	0.0009503	0.0008849	0.0009072	0.001059	0.0009556	0.0007625	0.001595	0.001987	0.001414	0.001091	0.0009189	0.001111	0.001043
538.105	18583.75	0.001052	0.0008609	0.001239	0.001231	0.001152	0.001483	0.001217	0.001649	0.001017	0.0008843	0.00123	0.001609	0.002057	0.0008441	0.0009685	0.001077	0.001082	0.001326	0.001041	0.001228	0.0009948	0.001358	0.00126	0.0009157	0.001395	0.001261	0.001453	0.00138	0.001213	0.001154	0.00168
538.681	18563.85	0.00106	0.000799	0.001614	0.001395	0.001275	0.001081	0.001083	0.001634	0.001066	0.001051	0.001362	0.00155	0.001304	0.001042	0.0009267	0.001165	0.001442	0.001349	0.001544	0.001352	0.0008685	0.001481	0.0009104	0.0009985	0.00103	0.001374	0.001508	0.001781	0.001189	0.001288	0.001603
539.258	18544.00	0.0008185	0.0007772	0.001048	0.001213	0.001119	0.0007885	0.001488	0.001397	0.001174	0.0007916	0.00118	0.001186	0.001429	0.001051	0.001064	0.001024	0.00137	0.001304	0.001322	0.001186	0.001028	0.001379	0.0005768	0.0009991	0.001258	0.001353	0.001015	0.001341	0.001282	0.001052	0.001303
539.835	18524.19	0.0002612	0.0007751	0.0006798	0.001061	0.001122	0.0006659	0.001224	0.0008517	0.001394	0.0008094	0.0009496	0.001343	0.001059	0.0005493	0.0009987	0.001216	0.001173	0.001375	0.0003905	0.001087	0.000815	0.001075	0.000791	0.001043	0.001045	0.001086	0.0008882	0.0008182	0.001381	0.001077	0.001221
540.411	18504.42	0.0007466	0.0006204	0.0005128	0.00061	0.0006222	-0.0001492	0.0004546	0.0006054	0.0009357	0.0008864	0.000909	0.001287	0.0003843	0.0002538	0.0006155	0.001333	0.001005	0.001263	-0.0001256	0.0009163	0.0007019	0.0005237	0.0005365	0.0008023	0.0006101	0.0007516	0.0007826	0.0005338	0.001135	0.001037	0.0004458
540.988	18484.69	0.0009258	0.0004137	0.0001259	0.0005279	0.0003992	8.976E-5	0.0007035	0.0007659	0.0005404	0.0002051	0.0006296	0.0006748	0.0006707	0.0001606	0.0005814	0.000733	0.0008163	0.0004161	5.566E-5	0.0006701	0.0006487	-4.361E-5	0.0002223	0.0006297	0.0004575	0.000235	0.0001459	0.0006402	0.0007378	0.0007379	-0.0002372
541.565	18465.01	0.0002325	0.0001555	0.0001102	0.0007607	0.0006633	0.0002699	0.0005635	0.0003303	0.0002375	-6.624E-5	3.403E-5	0.000294	1.076E-5	-8.691E-5	0.0003383	0.000376	0.0006771	1.511E-5	0.0004405	0.000336	-0.0002446	-0.0006117	4.587E-5	0.0002654	0.0005353	0.0001727	2.546E-5	0.0006495	0.0002268	0.0003891	-0.0002248
542.142	18445.37	0.0001462	0.0002704	0.0002776	0.0009404	0.0001875	0.0004142	0.0005223	0.000477	0.0003016	0.0002548	0.0001473	0.0008276	-2.132E-5	0.0003226	0.0005151	0.0002197	0.0001606	0.000269	0.0004402	0.0004184	-0.0001261	-0.0005887	6.463E-5	0.0001897	0.0006413	0.0001512	0.0004552	0.000518	0.0001469	0.0001575	0.0003226
542.718	18425.77	0.0004635	0.0008939	0.000708	0.001354	0.0002585	0.001272	0.001022	0.001257	0.001027	0.0007374	0.001166	0.001114	0.001026	0.001036	0.001102	0.0005187	0.0006645	0.0009396	0.0007096	0.0007063	0.0009964	0.0005483	0.0005636	0.0006915	0.0008716	0.0007764	0.001076	0.0008521	0.0006989	0.0006879	0.0007532
543.295	18406.21	0.0003039	0.001293	0.0009656	0.00153	0.0009914	0.001003	0.001269	0.0009338	0.000706	0.000825	0.001467	0.001064	0.001149	0.001073	0.00107	0.001055	0.0007342	0.001073	0.001083	0.001091	0.001765	0.00107	0.001094	0.0009059	0.001333	0.001468	0.001367	0.0006471	0.001213	0.001123	0.000611
543.872	18386.69	0.0005706	0.001194	0.001151	0.001489	0.001416	0.0008651	0.001211	0.0008836	0.0005902	0.001068	0.001446	0.001753	0.00148	0.001024	0.001662	0.001643	0.001052	0.001041	0.001512	0.001446	0.001617	0.0007272	0.001509	0.001497	0.001185	0.001663	0.001508	0.0009989	0.001405	0.001223	0.001433
544.448	18367.21	0.000438	0.001428	0.001321	0.001272	0.001043	0.000579	0.001201	0.00114	0.0009396	0.001327	0.001124	0.001486	0.001624	0.0008242	0.001268	0.001397	0.001358	0.0013	0.001345	0.001141	0.0007135	0.0008751	0.001095	0.001303	0.0005423	0.001118	0.001302	0.0009608	0.001244	0.0008656	0.001237
545.025	18347.78	0.0006383	0.001823	0.001366	0.001346	0.00145	0.0008528	0.001575	0.001236	0.001156	0.00122	0.001297	0.001353	0.000998	0.0012	0.0009571	0.0007357	0.001278	0.001609	0.001666	0.001343	0.001021	0.001139	0.001047	0.0009794	0.0007048	0.0009445	0.001503	0.001109	0.001548	0.00142	0.001083
545.602	18328.38	0.0008349	0.0007318	0.0008091	0.0005943	0.001239	0.0009954	0.0008248	0.0004845	0.001196	0.0006775	0.001284	0.001327	0.0004905	0.0005748	0.001043	0.0008866	0.0009638	0.001308	0.001322	0.001029	0.001297	0.0006991	0.0006282	0.0007142	0.0005197	0.0009706	0.0013	0.001136	0.001052	0.001074	0.0008772
546.179	18309.03	0.0002656	0.0005611	-0.0002357	2.343E-5	0.0002434	0.0004352	-0.000344	0.0005392	0.0007449	0.0003061	0.0003991	0.0005604	-0.0001045	0.0001181	0.0006064	0.0007476	0.0008036	0.0004495	0.0007613	0.0003527	0.0005168	0.0005185	0.0003685	4.986E-5	-7.488E-5	0.0002614	0.000804	0.000635	0.000791	0.0004945	0.0001949
546.755	18289.72	-5.674E-5	0.0002966	-0.0003906	0.0002111	0.0001271	0.0009573	0.0001209	0.0006929	0.0004418	0.000378	0.0001327	0.0001344	0.0002783	0.0003115	0.0004989	0.0005496	0.001374	0.0003862	0.0009244	0.000514	0.0005071	0.0004476	0.0006767	0.0003393	0.0001406	0.0002963	0.0006905	0.0005042	0.000715	0.001194	0.0003155
547.332	18270.45	0.000123	-0.0001136	3.49E-5	0.0004943	0.0001763	0.0008257	0.0006683	0.0008251	0.0005834	0.0008219	0.0006526	0.0002786	0.0007726	0.0007172	0.0009872	-1.623E-5	0.001078	0.0003711	0.001151	0.0005167	0.0003825	0.0002488	0.000603	0.0008935	0.0007628	0.0008954	0.0008938	0.001088	0.0004302	0.0009056	0.0005163
547.909	18251.22	0.0004624	0.0003195	0.0007289	0.0006308	0.001014	0.0007857	0.001205	0.0009658	0.0008079	0.001164	0.001126	0.001116	0.0008984	0.0009269	0.001399	0.001014	0.0009685	0.0007403	0.0007899	0.001096	0.001262	0.001023	0.0008983	0.0006573	0.001017	0.001376	0.0008343	0.001396	0.001006	0.0009574	0.001077
548.485	18232.03	0.0007773	0.001268	0.001042	0.001016	0.001036	0.001283	0.0008638	0.001659	0.001292	0.0009085	0.001003	0.00122	0.0007138	0.001018	0.001135	0.001523	0.001119	0.00112	0.001108	0.001671	0.00159	0.001582	0.001493	0.0008638	0.001412	0.001348	0.001714	0.001456	0.001509	0.00121	0.001638
549.062	18212.88	0.0006201	3.712E-5	0.0009313	0.0008334	0.0007144	0.0004586	0.0007558	0.0005341	0.000714	0.0003253	0.0005186	0.001046	0.0003346	0.000628	0.0006612	0.0006015	0.000751	0.0006286	0.0007171	0.0005387	0.0007992	0.001194	0.001515	0.0005555	0.0009863	0.001608	0.001154	0.0009673	0.001085	0.001043	0.00123
549.639	18193.77	0.0001724	3.268E-5	0.0003951	0.0005026	9.888E-5	0.0003973	0.0004242	0.0003008	0.0003741	-0.0002183	0.000228	0.0004521	0.0005733	0.0001249	0.0004234	0.0002929	0.0007361	-2.481E-5	0.000293	0.0002751	0.0006298	-0.0001267	0.0003533	4.328E-5	0.0002844	0.0003443	0.000486	0.001012	0.0002999	0.000375	0.000721
550.215	18174.70	0.0003382	0.00036	0.0006406	0.0004858	0.0003942	0.0009141	0.0004776	0.0005287	6.407E-5	0.0001124	0.0006514	0.0002099	0.0004395	1.255E-5	0.0003512	0.0007184	0.0003734	6.801E-5	0.0003218	0.0004823	0.0005796	0.0002593	5.051E-5	0.0002179	0.0001641	0.0002737	0.0008771	0.0007575	0.0005166	0.0005862	0.0005326
550.792	18155.67	0.0007925	0.0005338	0.0006814	0.001046	0.0008142	0.0007375	0.0007895	0.0006997	0.0009569	0.001225	0.0004075	0.0005782	0.0008175	0.0007034	0.0006643	0.001665	0.0009112	0.0002367	0.0009078	0.0008202	0.0007056	0.0008062	0.0004231	0.0008078	0.0004577	0.000932	0.0009159	0.0009261	0.0007178	0.000871	0.0009699
551.369	18136.68	-0.0002144	7.911E-5	9.403E-5	0.0001954	-4.087E-5	4.789E-5	8.394E-5	0.0008333	0.0002169	0.0001566	0.0001543	0.0001869	0.0001352	9.484E-5	0.0003517	0.0005989	2.453E-6	-8.998E-5	9.32E-5	0.0001349	-1.556E-5	-1.064E-6	0.0003193	0.0002685	0.0001972	0.0001446	0.0004793	0.0008762	0.0002356	0.0004045	3.234E-5
551.946	18117.73	0.0002249	0.0003796	0.00045	0.0003228	0.0001916	0.0002455	-8.456E-5	0.0002735	4.58E-5	0.0003554	0.0004322	0.00019	0.0006188	0.0001631	0.0004305	0.0004186	0.0004365	0.0006472	0.0002825	0.0004068	0.0006322	1.25E-5	0.0004035	0.0002338	0.0002415	2.289E-5	0.0002781	0.0003816	0.0001153	0.0002605	8.441E-5
552.522	18098.82	0.000107	0.0003219	0.0009155	0.0008092	0.0002363	0.0008228	9.639E-5	0.0001872	0.0005973	0.0002564	0.0002105	0.0005965	0.0003628	0.0003083	0.0004672	2.057E-5	-6.877E-5	0.0004208	0.0003394	0.0002364	0.0002803	0.0005645	0.0005905	-0.0002072	0.0004834	0.000559	0.0004193	0.0009997	-1.115E-5	0.0004933	0.0004398
553.099	18079.94	-0.0003258	-0.0002619	-0.0001313	0.0002642	-0.0004078	7.773E-5	-0.0003833	-0.0001476	-0.0001891	-0.0002664	-8.718E-5	-0.0004949	-0.0005297	-0.0005157	-9.446E-6	0.0001854	-0.0003517	-3.614E-5	-0.0002134	0.0004392	-0.0003514	-0.0005973	-0.000241	-0.0002726	-0.000625	-0.0003285	-9.091E-5	-0.0002507	4.213E-5	-0.0006773	-0.0001919
553.676	18061.11	0.0004924	0.0002494	2.893E-5	-0.0001956	-0.0001175	0.0005729	-0.000166	-0.0005743	-0.0002854	-0.0004314	-6.229E-5	-0.0003354	-0.0001824	-8.378E-5	-0.000217	0.0002014	-9.178E-5	-0.0003359	-0.0003641	0.0004116	0.0003663	-0.0002018	-0.0003062	-0.0003937	-0.0002939	-0.0005945	-1.385E-5	-9.7E-5	-0.0004883	-8.667E-5	-0.0003336
554.252	18042.32	0.0004593	0.0001731	-0.0002089	0.0002382	-8.016E-5	0.0002364	-0.0004308	-0.0002301	-0.0002907	0.0002043	-0.0002838	0.0003371	0.0004958	-0.0002657	7.198E-5	7.515E-5	6.943E-6	0.0004462	-0.0002289	-0.0004346	-0.0003814	-0.0004046	6.506E-5	-0.0003888	0.0003053	-0.0005464	0.0002457	0.0001086	-7.327E-5	-6.459E-5	-0.0001175
554.829	18023.57	0.0002033	0.0001184	-8.072E-5	4.932E-5	-2.941E-6	-3.191E-5	-7.661E-5	-2.528E-5	0.0001882	0.0001779	-0.0002242	0.0001296	0.000193	0.0004514	-0.0002413	-0.0001285	-0.0001273	0.0001591	0.0003082	1.697E-5	4.438E-5	-6.873E-5	0.0002457	4.157E-5	0.0002479	0.0001625	0.0005187	0.000324	-0.0003612	-0.000372	0.0002177
555.406	18004.85	0.001135	0.0006661	8.66E-5	0.0005231	0.0007516	0.0006043	0.0003684	0.0001845	0.0002947	1.371E-5	0.0003785	0.0008497	8.634E-5	0.0006023	0.0002378	0.0004329	0.0007791	0.0004452	0.0005167	0.000157	0.0005055	0.0005866	0.0005537	0.0004186	0.0008692	0.0005494	0.0002782	0.0004645	0.0005173	0.0007519	0.0005437
555.983	17986.17	-0.0001423	7.236E-5	0.000106	0.0001464	0.0001145	-0.0004032	-0.0004601	0.0001867	-0.0003661	-0.00067	-0.0001459	-1.268E-5	-0.0004665	-0.0002546	-0.000215	-0.0001983	-0.000251	-0.0004465	-0.0002246	-0.0002943	-0.0001919	-0.0004426	-0.0001867	-2.979E-5	-0.0002305	5.769E-5	-0.0003325	-0.0007144	-7.605E-5	-0.0004581	0.0003071
556.559	17967.54	-0.0001315	0.0002066	-9.251E-6	0.0004584	0.0007289	0.0001612	-0.0001672	0.0003391	0.0004563	3.276E-5	0.0001381	-0.0001267	-0.0001889	0.0004426	0.0002452	3.649E-5	-0.0001003	8.493E-6	-0.0001781	0.0005439	0.0001533	-0.0001025	0.0005766	-9.105E-5	-0.000187	-0.0002304	0.0001621	0.0005238	0.0005327	-7.031E-5	7.823E-5
557.136	17948.94	0.0004287	-0.0001688	-0.0001023	-0.0001378	0.0004297	7.194E-5	-0.0007168	-0.000142	2.775E-6	7.854E-5	9.713E-5	0.0001246	-0.0001766	-0.0004205	0.0001796	-2.11E-5	0.0003903	-0.0002855	0.0001428	-0.0005973	0.0002696	0.0004338	-0.0003233	-0.0005798	1.672E-5	0.0001603	-1.054E-6	0.0002447	-0.0003663	4.555E-5	-0.0002533
557.713	17930.38	0.0006665	0.0002615	0.000619	0.0001054	0.0006631	0.0004421	0.0002704	0.0001589	0.000175	-7.431E-5	0.0001721	0.0004917	-0.0001836	0.0001688	-0.0001778	0.0002531	0.0004664	0.0003333	0.001119	9.458E-5	0.0002923	0.0002195	0.0003304	0.0001129	-0.0001698	0.0003286	0.0005468	0.0003893	-0.0006363	0.0004866	0.0007607
558.289	17911.86	0.000499	-0.0001497	0.0001129	0.0002118	-0.0003403	0.0001305	0.0001919	-0.0003712	0.0004962	0.0001768	-0.0003288	0.0001841	4.105E-6	-5.051E-5	-5.695E-5	0.0002944	-0.000435	-0.000101	-1.29E-5	0.0004166	0.0002046	0.0001283	-5.499E-5	0.0003461	0.0002298	-8.809E-5	-0.0002714	-0.0004851	-0.000308	3.623E-6	0.000551
558.866	17893.37	-0.000154	-0.0001448	0.0002492	-1.465E-5	0.0003231	0.0004417	6.076E-5	0.0001186	0.0003259	-0.0002139	-0.0004038	-0.0001992	-0.0002792	-6.958E-5	-4.74E-5	0.0002293	0.000441	0.0001029	-0.0004559	-0.0001728	8.073E-5	-3.798E-5	4.759E-6	0.0002269	0.000235	-0.0002051	-0.0003518	0.0006916	-0.0003246	-1.198E-6	0.0001862
559.443	17874.93	0.0005118	0.0006781	4.305E-5	0.0005642	0.0007221	0.0009401	0.0007231	0.0007901	0.0005773	0.0005302	0.0005948	0.0006668	0.0007119	0.0002945	-1.928E-5	0.0007167	0.0005464	0.0004076	0.0002268	0.0003009	0.0002219	0.0001804	0.000102	0.0004545	0.001205	0.0006023	0.001156	0.000671	0.0005657	3.475E-5	0.0001128
560.020	17856.52	0.000798	0.001163	0.0004637	0.000701	0.0009105	0.000841	0.0008799	0.0006015	0.000617	0.001325	0.0008131	4.922E-5	0.0002846	0.0005096	0.0001971	0.0005266	0.0006112	0.0003816	0.001169	0.0008355	0.0007115	0.0003597	0.0005728	0.0005014	0.001051	0.0009919	0.0006339	0.0008303	0.0003641	0.0008191	0.000939
560.596	17838.15	-0.0001537	0.0002204	0.0003728	0.0002739	0.0009012	-0.0002547	9.506E-5	-0.0001967	-8.696E-5	9.962E-5	0.0003523	0.0001284	-0.0004085	0.0003747	-3.361E-5	-0.0002242	0.0004569	-0.000348	0.0006231	5.264E-5	-0.0005721	9.149E-5	8.79E-5	8.555E-5	-0.0001915	0.0003165	-0.0002196	0.0003792	0.0002363	-0.0003361	0.0001667
561.173	17819.82	-0.0002489	-1.55E-5	-0.0003664	-0.0002819	-0.0005367	-0.0004972	-0.0002569	0.0002319	-0.0001836	-0.0001607	-0.0003982	-0.0006895	-0.000779	-0.0002335	-0.0003325	-0.0003724	-0.0005032	-0.0008378	-0.0003036	-0.0004285	-0.0003384	-0.0003972	-0.0004563	-0.0004399	-0.0006014	-9.026E-5	-0.0004513	-0.0006957	-0.0006524	-0.0008348	-0.0004801
561.750	17801.52	-0.0001601	0.0001525	-0.0001147	3.942E-5	8.493E-5	0.0002242	0.0001323	0.0003029	6.85E-5	8.873E-5	-0.0001428	0.0001655	9.224E-5	0.000133	-4.708E-5	9.858E-5	-5.864E-5	0.0004153	-0.0004948	-0.0002011	0.0003136	0.0001014	4.243E-5	-5.778E-5	-0.0001191	-4.503E-5	-2.172E-5	-0.0002229	0.0001387	-0.0001056	0.0001619
562.326	17783.27	0.0003598	-3.385E-5	0.0001595	0.0001453	0.0001333	0.0001435	0.0002872	0.0004916	1.36E-5	2.567E-5	0.0007572	9.227E-5	0.0004495	0.0001826	-7.089E-5	9.962E-5	0.000486	3.433E-5	3.335E-5	0.0001679	0.0004832	4.581E-5	7.268E-5	9.761E-5	0.0003788	0.000342	0.000379	0.0004892	0.000269	0.0004517	0.0001471
562.903	17765.05	0.0001868	0.0009045	0.0004874	0.0003788	0.0004512	0.0004761	0.0004227	0.0002189	7.036E-5	0.0005789	0.0001268	0.0005496	0.00037	0.0003791	0.0003384	0.0002321	0.0006643	0.0001812	0.0002922	0.00097	0.0001041	0.0002627	6.071E-5	0.0001638	0.0002529	0.0002746	0.0004193	0.0004619	0.0003053	0.0003989	0.001074
563.480	17746.86	0.0004698	0.0003418	0.0005228	0.0008206	0.0001525	0.0003191	0.0005604	0.0005677	0.0004752	0.0004286	0.0002154	0.0009109	0.000442	0.0003084	0.0005693	0.0008154	0.0006786	0.0003057	0.0004867	0.0006296	0.000611	0.0002446	0.0004353	0.0003856	0.0005241	0.0006218	0.000434	0.000391	0.0002497	0.0003301	0.000287
564.057	17728.72	8.489E-5	1.147E-5	0.0001468	-0.0003748	-0.0001176	-0.0002077	-0.0002488	0.0003047	-7.962E-5	0.000244	0.0001346	0.0001147	0.0001937	-0.000156	-8.279E-5	0.0005746	0.0003439	-8.939E-5	4.098E-5	-0.0002062	0.0003586	5.012E-5	5.133E-5	-8.488E-6	2.616E-5	-0.0002891	9.372E-5	-3.231E-5	0.0001159	-0.0003654	-0.000276
564.633	17710.61	8.151E-5	0.0005421	0.0005764	0.0004026	0.0002399	0.0004835	0.0001326	0.000727	0.0007668	0.0005303	0.0006994	0.0002951	0.0007307	0.0009611	0.0005995	0.0006202	0.0008574	0.0005673	0.0005467	0.0009355	0.0008057	0.0006404	0.0006287	0.0008584	0.0005534	0.0007846	0.0009305	0.0007433	0.0008163	0.0008325	0.001132
565.210	17692.54	-2.144E-5	0.0003568	5.967E-5	0.0002085	-9.651E-6	0.0002698	9.689E-5	0.0001727	-0.0001505	0.0001389	0.0002376	0.0003149	0.0007929	0.0002823	0.0004476	0.000202	0.0009225	1.921E-5	0.0006328	0.000289	0.0003405	0.0004792	0.0002103	0.0003251	0.0004384	-0.0004584	0.000283	0.0005957	0.0006938	0.0002509	0.0001783
565.787	17674.51	4.658E-5	0.0005341	7.297E-5	0.0001722	-0.0002635	0.0003125	0.0002271	0.000184	-0.0001649	0.0003301	0.0006217	0.0002687	0.0002058	0.0002041	0.0003943	1.228E-6	0.0004146	0.0003514	7.705E-5	0.0003301	0.0004856	0.0002413	9.315E-5	0.0002316	0.000335	0.0005337	0.0002981	0.0002258	8.368E-5	-0.0003588	0.0001793
566.363	17656.51	0.0002272	0.0004355	7.514E-5	0.0001419	-4.86E-5	-2.983E-5	0.0004284	0.0007117	0.0002573	0.0007066	0.000133	7.217E-5	0.0001674	0.0004407	0.000955	0.0004222	0.0002651	0.0002224	0.0005277	0.0004373	0.0002837	-6.022E-5	0.0002636	0.0005914	1.802E-5	0.0006261	0.0005633	0.0002689	0.0006394	0.000866	0.0003494
566.940	17638.55	-0.0001786	-0.0003597	-0.0001654	3.956E-7	-0.0002852	-0.0003099	-0.0004716	-4.332E-5	-0.0002462	-0.0003484	-0.0004214	-0.0002315	-0.0002385	-0.000431	0.0002172	-0.0003191	-0.0003036	-0.0003857	-0.0002331	-0.0004107	-0.0003639	-0.0006927	-0.0002904	-0.0002303	-0.0005414	-0.0002394	-0.0003785	-0.0001292	-0.0002269	-0.0002972	-0.0002095
567.517	17620.62	-0.0001291	0.0002323	-0.0001665	0.0002626	0.0003055	-0.00014	0.0001093	0.0006157	0.0002056	1.055E-5	0.0005946	-0.0001944	5.615E-5	0.0002874	0.0004372	-0.000112	-0.0001186	6.642E-6	0.0003107	-0.0001421	9.151E-5	-6.319E-5	0.0004606	-0.0001744	0.0002401	-0.0001145	0.0003888	-6.82E-5	0.0001138	5.622E-6	-0.0001414
568.093	17602.74	0.0001383	0.0003811	0.0002804	0.000562	0.0003079	0.0001556	0.0004114	0.0005832	0.0005361	0.0003102	0.0004716	0.0004153	0.0004026	-8.033E-7	0.0003905	0.0003864	-0.0001575	0.000167	0.0002311	0.000377	0.0003386	0.0003407	0.0003233	0.0003311	0.0006553	0.000126	0.0006573	8.454E-5	0.0001904	0.000548	0.0002619
568.670	17584.89	5.547E-5	0.0001958	-0.0001256	0.0003736	-0.0001211	-2.722E-5	7.558E-5	-0.0002049	0.0002067	0.0002632	5.994E-5	0.000128	1.054E-5	4.453E-6	0.0002576	0.0001943	-0.0001193	0.000364	-9.327E-5	0.0005172	0.0002086	0.0001125	0.000219	0.00019	0.000213	0.0001373	0.0005331	0.0003415	0.0003558	0.0001467	5.557E-5
569.247	17567.07	-0.0001267	-0.0003608	-0.0004762	-0.0003602	-0.0008349	-0.000273	-0.0001531	-0.0005314	-0.0003476	-2.168E-5	-0.0005551	-0.0005924	-0.0002902	-0.0003599	-0.0001351	-0.0004496	-0.000472	-0.000312	-0.0002199	-0.0002712	-0.0006196	-0.0001177	-0.0004529	2.885E-5	-0.0004282	-0.0008569	-0.0001813	-0.0004137	-0.0001917	-0.0002845	-0.0004817
569.824	17549.29	6.298E-5	-0.0003095	-0.0004345	-0.0003732	-0.0001624	-0.0001987	-0.0002843	-0.0006395	-0.0002516	-0.0004218	-2.215E-5	-0.0002723	-0.0005214	-0.0002926	-0.0001433	-0.0004128	-0.0005743	-0.0001505	-0.0001093	-0.0005384	-0.0002945	-0.0003341	-0.0004729	-0.0004101	-0.0005015	-0.0006344	-0.0003018	-0.0002535	-0.0004205	-0.0004861	-0.0005176
570.400	17531.55	-0.0001729	-0.0004615	-0.0001198	-0.0002639	1.454E-5	-0.0001089	-0.000201	-1.299E-6	-0.0001985	-6.59E-5	-0.0004039	-0.0002259	-0.0003865	-7.678E-5	-0.0002595	9.76E-5	0.0001241	7.526E-5	-3.982E-5	-0.0004337	0.0001631	-0.0004703	-0.000288	2.034E-5	-0.0003302	-0.0002239	-0.0002784	-0.0004191	-0.0003455	5.212E-5	-0.0004555
570.977	17513.84	-0.0001215	-0.0003315	0.0001846	-8.627E-6	0.0003975	8.905E-5	-7.238E-5	0.0001669	0.0001386	6.207E-5	-0.0001708	-0.0002839	-0.0002993	-5.147E-5	-6.285E-5	0.0001429	4.54E-5	0.0001497	0.0002014	-0.0002971	3.918E-6	-0.000333	-9.799E-5	-0.0001221	-0.0002355	-0.0001237	0.0002254	-0.000426	-0.0001943	-2.893E-5	2.294E-5
571.554	17496.17	0.0001303	0.0002509	0.0003413	0.0003381	0.000282	0.0002108	0.0002718	0.0001174	0.0001957	1.812E-5	-5.533E-5	0.0001402	-8.832E-5	-4.477E-5	0.00035	-1.504E-5	-0.0002938	8.372E-5	0.0002629	0.0002951	3.061E-5	0.0003768	0.0004364	0.0003321	6.69E-5	0.0004377	0.0001129	8.385E-5	0.0002941	0.0003275	0.000171
572.130	17478.53	0.0003841	0.0002345	0.0002826	0.0002973	6.033E-5	0.0003245	0.0002048	-0.0001565	0.0004672	0.0003295	0.0001298	0.0001183	3.47E-5	0.0001137	0.0001857	0.0002373	9.229E-5	-4.83E-5	0.000152	0.0002765	0.0003764	0.0002566	0.0004316	4.172E-5	0.0001191	0.0004441	0.0001206	0.0001783	0.0004031	7.976E-5	0.000163
572.707	17460.93	0.0003118	4.032E-5	-0.0004162	-0.0001861	-0.0001678	4.889E-5	-7.78E-5	4.282E-5	-8.488E-6	0.0001842	-7.976E-5	-2.801E-5	-0.0001003	-0.0002378	4.889E-5	1.427E-5	-6.763E-5	-8.331E-6	3.421E-5	-0.0001487	0.0001932	-4.262E-6	-2.64E-5	-0.0004161	-4.399E-5	-3.129E-5	-0.0001481	-0.0002053	-0.0001782	-0.0001788	-0.0001319
573.284	17443.37	-0.0001367	2.545E-5	-0.0001592	-0.0001429	-0.0001189	-9.587E-5	-0.0002457	0.0001502	-0.0002818	-0.0002451	-0.0001476	-1.595E-5	4.44E-6	-0.0003955	-0.0001201	-5.177E-5	-9.624E-5	0.0002524	-0.0001212	-0.000247	-0.0002181	-0.0002067	4.448E-6	-9.011E-5	-0.0003139	-2.846E-5	-1.006E-5	1.289E-5	-5.481E-5	-7.312E-5	-0.0003585
573.861	17425.84	-0.0001854	2.257E-5	8.269E-5	0.0001218	-6.305E-5	-0.0001014	1.412E-5	0.0001198	0.0001189	-0.0001154	1.994E-5	-5.693E-5	-0.0003115	2.484E-5	-0.0001367	-6.63E-5	-0.0001374	7.398E-5	-0.0001021	-0.0002419	-7.97E-5	-0.0001669	-5.66E-5	0.0003013	-2.942E-5	6.943E-5	5.479E-5	-2.558E-5	0.0002239	0.0002918	-0.0001283
574.437	17408.34	-0.0004348	-3.771E-5	-7.255E-5	-5.288E-5	-0.0003029	-0.0003513	-0.000404	-0.0004583	-0.0002239	-0.0006417	-0.0005379	-0.000676	-0.0005366	-0.0006039	-0.0003751	-0.0003799	-0.0008695	-0.0005571	-0.0006345	-0.000839	-0.0004881	-0.0008253	-0.000534	-0.0004204	-0.0005669	-0.000328	-0.000423	-0.0007067	-0.0002441	-0.0003223	-0.0005305
575.014	17390.88	-0.0005016	-0.0002956	-0.0003805	-0.0001988	-0.0004009	-0.0006044	-0.0009407	-0.0005984	-0.001036	-0.0008017	-0.000906	-0.001112	-0.0005907	-0.001039	-0.0007239	-0.0006832	-0.001077	-0.0008298	-0.0006503	-0.0008183	-0.0008078	-0.001155	-0.0006313	-0.0007794	-0.0007335	-0.0009134	-0.0008512	-0.0006676	-0.0009952	-0.0008355	-0.0008507
575.591	17373.46	-0.0003324	9.383E-5	-5.926E-5	-4.258E-5	-0.000157	-0.0003112	-0.0001302	-0.0003093	-0.0006945	-0.0004968	-0.0004982	-0.000885	-0.0004548	-0.0007631	-0.0004885	-0.0008271	-0.000583	-0.0005227	-0.0004005	-0.0007003	-0.0007395	-0.0006511	-0.0006115	-0.0006488	-0.0004899	-0.0005373	-0.0004051	-0.0004224	-0.0005916	-0.0004834	-0.0003644
576.167	17356.07	1.11E-5	0.0003319	-0.0002508	4.471E-5	-0.0002848	-0.0003847	-0.000213	-0.000479	-0.0003382	-0.0005224	-0.000622	-0.0006975	-0.0006225	-0.0008127	-0.0007101	-0.0005472	-0.0006177	-0.0006264	-0.0005023	-0.0005737	-0.0007056	-0.0005807	-0.0005544	-0.0004975	-0.0006205	-0.0006911	-0.0004245	-0.0005221	-0.0004723	-0.0003721	-0.000679
576.744	17338.71	-0.0002494	-2.77E-5	-0.0003582	-0.0001021	-0.0003962	-0.0004326	-0.0004112	-0.0006758	-0.000321	-0.0005278	-0.000617	-0.000845	-0.0007405	-0.0007447	-0.0007024	-0.0005947	-0.00067	-0.0007019	-0.0005708	-0.0006294	-0.0006705	-0.0004711	-0.0005272	-0.0005942	-0.0007279	-0.0007717	-0.0001831	-0.0006525	-0.0008561	-0.0005564	-0.0006139
577.321	17321.39	-0.0001508	8.452E-5	-0.0004545	-2.171E-5	-1.471E-5	5.07E-6	-0.0004559	-0.0002996	-0.0002847	-0.0005171	-0.000408	-0.0006299	-0.0006852	-0.000444	-0.0006087	-0.0007155	-0.0005621	-0.0006437	-0.000651	-0.0006906	-0.0005227	-0.0005523	-0.0005049	-0.0004608	-0.000552	-0.0004251	-0.0002559	-0.000502	-0.001029	-0.0003959	-0.0005501
577.898	17304.11	-8.152E-5	-8.669E-5	-0.0003987	-6.547E-5	-6.243E-5	-0.0002319	-0.0004981	-0.0002077	-0.0002876	-0.0004538	-0.0004682	-0.0005377	-0.0005975	-0.000577	-0.0005	-0.0007284	-0.0007974	-0.0007193	-0.0006945	-0.0004132	-0.0005788	-0.0007045	-0.0005277	-0.0003565	-0.000524	-0.0004552	-0.0005804	-0.0006129	-0.0008311	-0.000537	-0.0006427
578.474	17286.85	-0.0002077	-0.00026	-0.0002015	-4.898E-5	-0.0003204	-0.0001478	-0.0004892	-0.0002828	-0.0002539	-0.0003637	-0.000207	-0.0004475	-0.0004883	-0.0002766	-0.0005236	-0.0005412	-0.0008503	-0.0003282	-0.0004328	-0.0001817	-0.0004667	-0.0004294	-0.000414	-0.0002301	-0.0006757	-0.0004132	-0.0004994	-0.0003324	-0.0006436	-0.0002882	-0.0004406
579.051	17269.64	-0.0004245	-0.0001653	-0.0002154	-0.0001777	-0.0001169	-8.082E-5	-0.0004386	-0.0002542	-0.0001945	-0.0005764	-0.00025	-0.0003653	-0.00047	-0.0002169	-0.0002511	-0.00035	-0.0004979	-8.679E-5	-7.615E-5	-0.0002242	-0.0002649	-0.0002063	-0.000325	-0.0002217	-0.0005552	-0.0003613	-0.0002202	-0.0003548	-0.0003383	-0.0001015	-0.000172
579.628	17252.45	-0.0001893	0.0002405	6.537E-5	0.0002437	0.0001752	3.24E-5	-0.0003375	0.000122	0.0002197	-0.0003369	-6.847E-5	-1.456E-5	-3.88E-5	-8.865E-5	9.648E-5	-4.052E-5	-0.0002718	0.0002482	0.0002784	-0.0001389	0.0001756	-0.0001033	-1.484E-5	-7.008E-6	-0.0002086	-0.0001035	0.0001295	-4.36E-5	-3.524E-5	0.000224	0.0001528
580.204	17235.31	-3.856E-5	0.0001276	0.0001145	0.0003071	4.075E-5	7.985E-5	-0.0001408	-1.819E-5	0.0002001	-2.508E-5	-0.0001293	-9.297E-5	0.00012	0.0001716	-0.0002156	1.378E-5	-0.0002383	0.0001974	0.0001002	-4.05E-5	0.0001018	-9.833E-5	-7.067E-5	0.0001092	0.0002136	-8.583E-6	-2.497E-5	0.0002801	-4.251E-5	5.523E-5	6.711E-5
580.781	17218.19	-0.0001258	-0.0001095	-7.219E-5	-7.652E-5	-0.0002289	-9.056E-5	-0.0001854	-0.0004365	-0.0002044	-0.0002139	-0.000511	-0.0004648	-0.000461	-0.0001923	-0.0005684	-0.000331	-0.0003906	-0.0002849	-0.0002218	-0.0003286	-0.0003456	-0.0002128	-0.0002302	-0.000159	3.437E-5	-0.0003097	-0.0003231	-0.0001409	-9.431E-5	-0.0002448	-0.0004787
581.358	17201.11	-8.834E-7	-9.617E-5	-0.0001306	-5.32E-5	-0.0001687	-0.0001626	-0.0002874	-0.0005674	-0.0003653	-0.0005227	-0.0004281	-0.0006209	-0.0004151	-0.0005528	-0.0004088	-0.0004974	-0.0004869	-0.0005514	-0.0004114	-0.0006815	-0.0005189	-0.0003697	-0.0004482	-0.0005805	-0.0002839	-0.0004425	-0.0004294	-0.0004498	-0.0002554	-0.0003114	-0.0005616
581.934	17184.06	-3.007E-5	-0.000103	-0.0001274	-2.376E-5	-0.0002442	-0.0003546	-0.0001981	-0.0006442	-0.0003589	-0.0003661	-0.0004053	-0.0004551	-0.0003286	-0.0005544	-0.000499	-0.0002248	-0.0004849	-0.0006677	-0.0003913	-0.0007322	-0.0005347	-0.0004699	-0.0006124	-0.0005296	-0.0003675	-0.0005347	-0.0003854	-0.0003988	-0.0004569	-0.0004376	-0.0004426
582.511	17167.05	-0.0001046	-0.0001936	3.737E-5	0.0001018	-0.000252	-0.0003699	-0.0002304	-0.0007791	-0.0004427	-0.0002347	-0.0004781	-0.0004216	-0.0006616	-0.0003805	-0.0006234	-0.0004769	-0.0004545	-0.0004851	-0.0004441	-0.0005684	-0.0004658	-0.0006097	-0.0006379	-0.0004355	-0.0004624	-0.0005254	-9.364E-5	-0.0002485	-0.0005832	-0.0003883	-0.0004337
583.088	17150.07	0.0001452	2.178E-5	0.0001046	0.000144	1.185E-5	7.115E-6	-0.000264	-0.0003871	-0.0002732	-0.0004181	-0.0002582	-0.0003527	-0.0005062	-0.0002737	-0.0003668	-0.0004384	-0.000578	-0.0002491	-0.0004669	-0.000362	-0.0003538	-0.0004443	-0.0002981	-0.000355	-0.0003544	-0.0003021	1.191E-5	-0.0002334	-0.0003419	-0.0004096	-0.0004887
583.665	17133.13	5.263E-5	-0.0001927	-0.0001058	-9.38E-6	4.112E-5	0.0001654	-0.0001908	-0.0002224	-0.0003335	-0.000419	-0.0001631	-0.0002451	-0.0003729	-0.000368	-0.0003909	-0.0003918	-0.0005837	-0.0004121	-0.000439	-0.0004094	-0.0003556	-0.0002509	-0.0001289	-0.0003443	-0.0003888	-0.0004193	-0.0003117	-0.0006871	-0.0002196	-0.0003189	-0.0005113
584.241	17116.21	-0.0001217	-0.0001701	0.0001637	0.0002626	9.754E-5	0.0001406	-5.694E-5	-0.000349	-0.0003873	-0.0002001	-6.78E-5	-0.0002778	-0.000175	-0.000191	-0.000174	-0.00041	-0.0001144	-0.0002237	-0.0002365	-0.0002517	-0.0001834	-0.0002961	-0.0002129	-0.000397	-0.0004177	-0.0003764	-0.0002457	-0.0006107	-0.0001925	-0.0002248	-0.0002909
584.818	17099.34	4.266E-5	0.0001916	0.0002753	0.0004235	0.0001644	0.0001454	-9.227E-5	-0.0002246	-0.0001315	-0.0002371	-4.328E-5	-0.0003485	-7.991E-5	-6.398E-5	6.069E-5	-3.58E-5	-2.21E-5	-3.458E-5	-0.0001222	-0.0001352	-0.0001876	-0.0004066	-0.0003949	-0.0003021	-0.0002523	-0.0002549	6.17E-5	-0.0001856	-0.0001083	-0.0002746	-0.0002581
585.395	17082.49	0.0002604	8.69E-5	-0.0001442	2.414E-5	0.0001205	-4.884E-5	-0.000184	-0.0002259	-3.545E-5	-0.0002758	-0.0001741	-0.0002408	-0.0003225	-0.000139	-0.0002195	-0.0001838	-0.0002384	-0.0003494	-0.0002138	-0.0003833	-0.0003302	-0.0005838	-0.0006689	-0.0001634	-0.0003607	-0.0003962	-1.142E-5	-0.0001995	-0.0003734	-0.0002133	-0.0003869
585.971	17065.68	0.000101	4.6E-5	-0.0002421	-8.53E-5	6.563E-5	-0.0001906	-0.000221	-0.0003904	-0.0003145	-0.0002131	-0.0002785	-0.0001313	-0.0004777	-0.0003444	-0.000485	-0.0004146	-0.0004288	-0.0005332	-0.0001907	-0.0005098	-0.0002834	-0.000526	-0.0005589	-0.0002814	-0.0003921	-0.0004903	-0.0001334	-0.0004179	-0.0003273	-0.0001007	-0.0003934
586.548	17048.90	-0.0001992	0.00013	-0.0001653	-1.62E-5	0.0001055	-8.913E-5	-0.0003531	-0.0004939	-0.000563	-0.0003702	-0.0002425	-0.0003204	-0.0005371	-0.000548	-0.000401	-0.0002633	-0.0004657	-0.0004533	-0.0002513	-0.0003731	-0.0003853	-0.0003758	-0.0003911	-0.0004092	-0.0003308	-0.0004276	-0.0001813	-0.0005662	-9.387E-5	-0.000118	-0.0004368
587.125	17032.15	-0.0003129	0.0001154	5.038E-5	4.949E-5	4.565E-5	-0.0001784	-0.0002473	-0.0005157	-0.0003724	-0.000437	-0.0003252	-0.0003856	-0.0003675	-0.000469	-0.0003308	-0.0004946	-0.0004743	-0.0003862	-0.0004089	-0.0003592	-0.0005881	-0.0004639	-0.0003652	-0.000196	-0.0004119	-0.000315	-0.0002617	-0.0004384	-0.0003182	-0.0003184	-0.0003955
587.702	17015.44	-0.0003659	2.449E-5	0.0002582	0.0002216	6.326E-5	-0.0001703	-0.0001127	-0.0004788	-0.0003648	-0.0001626	-0.0003083	-0.0002511	-0.0002952	-0.0002973	-0.0002651	-0.0006634	-0.0004886	-0.0003953	-0.0005155	-0.0003588	-0.0005135	-0.0004845	-0.0003885	-0.0002616	-0.0003271	-0.0002079	-9.461E-5	-0.0002524	-0.0003721	-0.0002621	-0.0003059
588.278	16998.76	-0.0003564	-0.0001229	1.552E-6	-9.038E-5	0.000142	-0.0002322	-0.0001527	-0.0002209	-0.0004282	-0.0001359	-0.0001291	-0.0004391	-0.0002714	-0.0003224	-0.0001226	-0.0004968	-0.0003516	-0.0004366	-0.0005036	-0.0003431	-0.0002579	-0.0006578	-0.0004582	-0.0004089	-0.000447	-0.0001958	-3.926E-5	-0.0001749	-0.0003913	-0.0001558	-0.0003639
588.855	16982.11	-0.000288	-0.0002393	-6.854E-5	-0.0001406	-0.0001706	-0.0002941	-0.000115	-0.0001069	-0.0001506	-0.0003738	-0.0003455	-0.0005255	-0.0002471	-0.0005174	-0.0002806	-0.0005376	-0.0004873	-0.0003147	-0.0003819	-0.000452	-0.0002205	-0.0006049	-0.0003986	-0.0003776	-0.0005412	-0.0004238	-0.000364	-0.0001024	-0.0002443	-0.0002408	-0.0003836
589.432	16965.49	0.0002084	0.0002497	0.0001982	0.0002494	-8.423E-5	0.0001894	4.125E-5	0.0001288	0.0002165	-5.022E-5	-0.0001358	2.7E-5	-0.0002322	-0.0002975	-3.82E-6	-0.0001819	-0.0001314	0.0001203	7.399E-5	-4.757E-5	-5.486E-5	0.0001072	-0.0002106	-0.0003036	-6.072E-5	-0.0001037	-0.0001341	4.965E-5	0.0002877	-3.659E-5	-3.552E-5
590.008	16948.91	0.000433	0.0005031	0.0002661	0.0002665	0.0001847	0.0001964	0.000183	0.0003327	0.0003398	0.0002847	0.0001921	9.85E-5	9.246E-6	4.016E-5	0.0001652	-5.929E-5	0.0002871	0.0002062	0.0003646	7.096E-5	0.0001429	0.0002214	6.972E-5	-3.045E-6	0.0003355	0.0003245	0.0002478	0.0001592	0.0002912	0.0002205	0.0002224
590.585	16932.36	0.0005183	0.0002932	0.000426	0.0002908	0.0004163	0.0003806	0.0001767	0.0001746	0.0004945	0.000294	0.000574	4.27E-5	0.0001948	0.0003589	0.0002697	7.294E-5	0.0004298	0.0003978	0.0002576	4.488E-5	0.0003055	9.899E-5	0.0004156	0.0002942	0.0004197	0.0003906	0.0003042	0.0004726	0.0004474	0.0002626	0.0002198
591.162	16915.84	0.0006204	0.0002596	0.0003859	0.000425	0.0004565	0.0005118	0.0003136	0.0004352	0.0004853	0.000222	0.0007329	0.0002983	0.0003736	0.0004259	0.0004014	0.000442	0.0002592	0.0005476	0.0002899	0.0001398	0.0002752	0.0002454	0.0003803	0.0004074	0.0004116	0.0003933	0.0005087	0.0004171	0.0005632	0.0006013	0.0004774
591.739	16899.36	0.0005913	0.0004048	0.0005252	0.0004328	0.0005211	0.0002685	0.0003477	0.0003954	0.0003952	0.0004701	0.0004327	0.0002702	0.0003937	0.0004505	0.0002871	0.0005564	0.0002785	0.0003454	0.0003892	0.0003097	0.0001921	0.0003391	0.0002618	0.0004736	0.0003803	0.0003628	0.0005064	0.0003353	0.0004541	0.000581	0.0003416
592.315	16882.90	0.0001171	0.0001941	0.0002772	2.391E-5	0.0001418	0.0001541	8.991E-5	-4.039E-5	0.000197	0.0001503	2.534E-5	-7.276E-5	0.0001358	-8.744E-5	1.868E-5	5.967E-5	0.000125	2.468E-5	3.003E-5	-0.000112	6.484E-5	-3.273E-5	1.07E-5	-5.67E-5	6.224E-5	-0.0001195	4.93E-5	0.000112	1.395E-6	-0.0001765	3.007E-5
592.892	16866.48	-0.000168	-7.658E-5	0.0001156	-0.0002806	-8.107E-5	0.0001488	-8.29E-6	7.672E-5	-0.0001528	-7.384E-5	4.33E-5	6.383E-5	0.0001092	-0.0001637	-5.076E-5	-0.0001769	-0.0001219	-0.0003581	-5.552E-5	-0.0003992	-0.0001233	-0.0001845	-0.0001561	-0.000183	-8.672E-5	-0.0001881	4.946E-5	8.318E-5	-7.161E-5	6.54E-5	-0.0001731
593.469	16850.09	3.641E-5	-1.542E-5	0.0002172	4.037E-5	-5.076E-5	0.0001167	8.859E-5	-2.243E-5	1.433E-5	0.0001896	9.399E-5	0.0002219	0.0001156	-9.651E-5	0.0001495	7.039E-5	0.0001544	-0.0001389	0.0001165	-0.0001206	4.373E-5	-0.0001569	0.0001651	-3.318E-5	0.0002542	0.0002258	6.582E-5	9.343E-5	-1.837E-5	0.0001769	-7.16E-5
594.045	16833.73	-0.0001585	-4.586E-6	0.0002038	-6.45E-5	-2.398E-5	-0.0001818	-0.0001133	-0.0001274	-0.0002528	-0.0001265	-9.998E-5	-7.707E-5	1.208E-5	-0.0003826	0.0001691	-0.0002025	0.0001197	-0.0001731	4.754E-5	-0.0001638	-2.892E-5	-3.454E-6	8.973E-5	-2.182E-5	2.633E-5	-0.0002086	0.000172	-0.0003139	-7.36E-5	-0.0004429	-3.362E-5
594.622	16817.40	-0.0001445	-9.377E-5	-0.0001874	1.554E-5	-6.104E-5	-0.000221	-0.0001384	-0.0001048	-0.0002996	-8.762E-5	-0.0001504	-0.00028	4.169E-5	-0.0001047	-3.065E-5	-0.0001569	-0.0002178	1.381E-5	-1.151E-5	-0.0001774	-9.941E-5	4.167E-6	-1.667E-5	0.0002218	-0.000273	-0.0003353	0.0002249	-0.0003014	-2.509E-6	-0.0002553	-4.298E-5
595.199	16801.11	2.614E-5	-0.0002138	-2.349E-6	-2.502E-5	-0.0001242	-0.0001215	6.238E-5	-0.0001623	-0.0002712	-5.753E-5	-3.977E-5	-0.0001644	-0.0002299	-0.0002134	-3.837E-6	4.338E-5	-0.0003355	-0.0001478	-0.000131	-0.00029	-0.0002047	-2.918E-5	-0.0001893	-0.0001524	-0.0001276	-0.0001977	-8.707E-5	-0.0001459	-0.0004949	-0.000215	-0.000102
595.776	16784.85	-0.0003634	-0.0002897	-0.0001514	-0.0003688	-0.0004193	-0.0005475	-0.0004304	-0.0004643	-0.0007229	-0.0003693	-0.0004643	-0.0005315	-0.000949	-0.0008032	-0.0003596	-0.0004218	-0.0006345	-0.0005454	-0.0004402	-0.0004951	-0.0006947	-0.0006788	-0.000411	-0.0006411	-0.0003099	-0.0004928	-0.000606	-0.0004946	-0.0005714	-0.0006137	-0.0004842
596.352	16768.61	7.856E-7	-6.577E-5	0.0001313	-7.914E-5	-9.819E-5	0.0001071	-0.0001576	-0.0001833	-0.0002445	-7.383E-5	4.916E-5	-6.91E-5	-0.0005786	-0.000114	-0.0001517	-0.0004076	-0.0002051	-0.0003886	-0.0001785	-0.0003016	-0.0004406	-0.000383	-0.0003949	-0.0005269	3.45E-5	-0.0002135	-0.0001181	-0.0002437	-1.362E-5	-0.0001935	-0.0003594
596.929	16752.41	-4.726E-5	2.674E-5	-0.0002069	3.473E-5	-4.224E-5	6.645E-5	-0.0002505	-0.0006309	-0.0001058	-0.0002258	-0.0003063	-0.0002794	-0.0002551	-0.0001185	-8.809E-5	-0.0001669	-9.516E-5	-0.0001155	2.725E-5	-0.0001836	-0.0002511	-0.0003662	-4.474E-5	-0.0003452	6.576E-5	-9.546E-5	-0.0001005	-0.0002723	-0.0001668	3.918E-5	-0.0003893
597.506	16736.24	-1.986E-5	3.155E-5	0.0001475	-5.062E-6	0.0002367	-3.464E-5	-0.0002351	-0.0003432	-0.0003226	-0.0003771	-0.0004696	-9.203E-5	0.000186	-0.0001892	0.0002431	-0.0001627	-0.000228	-7.309E-5	-0.0001502	-0.0002701	1.329E-5	4.83E-6	-0.0002037	-0.0002317	9.516E-5	-0.0003725	-0.0003039	-0.0002217	0.0001296	-0.0001485	-0.0002689
598.082	16720.11	0.0002472	0.0004137	0.0005002	0.0002271	0.0003096	0.0002521	0.0001258	-3.202E-6	-0.0002343	4.827E-5	-7.664E-5	0.0004926	0.0002478	4.425E-5	8.81E-5	-7.463E-5	7.039E-5	5.71E-5	0.0002168	-0.0002545	0.0001648	-0.0002283	2.877E-5	-0.0001333	4.374E-5	-2.647E-6	8.511E-5	0.0003679	0.0002968	3.186E-5	-7.351E-5
598.659	16704.00	-5.571E-5	0.0003222	4.44E-6	0.0002484	0.0001042	0.0001889	-0.0002587	-5.876E-5	-0.0003052	-2.822E-5	-0.0001242	4.332E-5	-0.0003641	-0.000109	-0.0001562	-4.374E-5	7.971E-5	-8.419E-5	-9.494E-5	-0.0001211	8.403E-6	-0.0003505	-6.572E-5	-3.656E-5	-0.0003855	-5.436E-5	0.0001562	7.052E-5	6.224E-5	-3.399E-5	-0.0003545
599.236	16687.92	-0.0001102	0.0001589	-0.0002226	3.105E-5	-0.0002354	-6.946E-5	-0.0001711	-0.0003264	-0.000222	-7.076E-5	-0.0003281	-0.0006099	-7.808E-5	-0.0004948	-0.0001784	-0.0003484	-0.0002143	-0.0001733	-0.0002409	-0.0002985	-0.000467	-0.0004133	-0.0002821	-0.0002142	-0.0002941	-0.0004432	-0.0001117	-0.0002338	-0.0001918	-0.0001547	-0.0001011
599.812	16671.88	1.869E-5	-0.0002327	-3.243E-5	3.676E-5	-0.0001788	6.171E-5	-1.089E-5	-0.0002722	-0.0003724	-0.0002623	-0.0005952	-0.0004806	-0.0004647	-0.0004991	-0.0004233	-0.0003745	-0.0003652	-0.0003729	-0.0005846	-0.0002283	-0.0003239	-0.0007167	-0.000467	-0.0006662	-0.0005632	-0.0006301	-0.0003053	-0.000714	-0.0003414	-0.0004839	-0.0003738
600.389	16655.86	-8.093E-5	-0.0001338	-0.0001007	-9.238E-5	-0.0001391	-0.000141	-0.0002755	-0.0002784	-0.0002258	-0.0006525	-0.0004775	-0.000303	-0.0002565	-0.0006264	-0.0005755	-0.0004823	-0.0004062	-0.0004624	-0.0005024	-0.0004825	-0.0004007	-0.0006429	-0.0004479	-0.0008111	-0.0004515	-0.0004257	-0.0005077	-0.0004703	-0.0004928	-0.0006997	-0.000494
600.966	16639.88	-3.706E-5	-0.0004635	-0.0002417	-0.0004681	-0.0007177	-0.0004662	-0.0002308	-0.0003004	-0.0005346	-0.0004433	-0.0004283	-0.000251	-0.0002365	-0.0005382	-0.0004457	-0.000345	-0.0002217	-0.00033	-0.0002267	-0.0007452	-0.0004714	-0.0004268	-0.0004627	-0.0003982	-0.0002722	-0.0003986	-0.0003348	-0.0005586	-0.0003238	-0.0006209	-0.0005526
601.543	16623.93	-0.0002457	-0.000513	-0.0002641	-0.0003049	-0.0005362	-0.0005161	-0.0002663	-0.0004229	-0.0004484	-0.0003847	-0.0003456	-0.0004537	-0.0002946	-0.0003504	-0.0004974	-0.0002711	-0.0002813	-0.0003476	-0.0003068	-0.0003423	-0.0004889	-0.0006251	-0.0002664	-0.0004859	-0.0003869	-0.0003031	-0.0001745	-0.0006456	-0.0003974	-0.0005071	-0.0003542
602.119	16608.00	-0.0001905	3.687E-5	6.018E-5	-0.0001041	3.951E-5	-0.0002354	-0.0001686	-0.0002336	-0.0004881	9.95E-5	-0.0002088	-0.0002172	-3.183E-5	-8.335E-5	-0.0003196	-0.0003035	-0.0002605	-0.0001506	4.294E-5	-0.0001895	-0.0001858	0.0001714	-5.751E-5	-0.0003205	-0.0001682	-5.339E-5	-5.529E-5	-0.0001444	-0.0002057	-9.505E-6	3.486E-6
602.696	16592.11	-0.000191	-1.129E-5	0.0002087	-0.0001352	0.0002151	-0.0002576	-9.338E-5	-9.036E-5	-9.812E-5	0.0001707	1.349E-5	0.0001539	-0.0001288	-0.0002988	-2.553E-5	-0.0002208	0.0002057	-8.996E-5	0.0001969	-0.0002374	0.0002344	-4.23E-5	-5.564E-5	-4.485E-5	-0.0001655	-8.721E-5	-0.0001922	-0.0001448	1.184E-5	-0.0001554	-6.134E-5
603.273	16576.25	-0.0002773	-0.0001457	-0.0003721	-0.0003351	3.35E-5	-0.0004314	-8.216E-5	-0.0001212	-6.814E-6	0.0001362	-0.0002072	-3.922E-5	-9.91E-5	7.569E-5	-0.000165	-8.607E-5	0.0001831	-0.0001858	0.0002148	-9.755E-5	0.0001092	-0.0003064	2.318E-5	0.0001144	0.0001226	4.94E-5	-0.0001294	8.259E-5	-0.0001542	-0.0001439	8.038E-5
603.849	16560.42	-0.0003758	8.802E-5	-0.0003825	-0.000249	-0.0001603	-0.0001665	-0.0001441	-0.0001846	-1.079E-5	3.348E-5	8.394E-5	-0.0001599	9.051E-5	-2.223E-5	-1.532E-5	3.36E-5	-0.000134	-0.0003299	0.0001306	-0.0001242	-0.0001247	-6.625E-5	2.51E-5	1.868E-5	-0.0001401	-0.0001892	-5.984E-5	0.0001975	-0.0001538	-0.0001272	-9.254E-5
604.426	16544.62	-0.0002942	-4.117E-5	-0.000167	-3.305E-5	-0.0001693	-0.0003141	-5.203E-5	-0.0001115	-0.0002389	-0.0003098	7.624E-5	-0.0003139	9.562E-5	-0.0003756	-0.0003527	-0.0001877	-0.0004186	-6.237E-5	-8.137E-5	-0.0003976	3.997E-6	-0.0001432	-0.0002595	-0.0001398	-0.0001564	-0.0001986	-0.0002381	-0.0002441	-0.0001095	-0.000231	5.45E-5
605.003	16528.85	0.0002012	0.0003282	0.0002509	0.0001457	-4.753E-5	0.0003422	0.0003214	0.0002017	0.0002597	8.387E-5	-3.766E-5	0.0002087	0.0002704	0.000174	7.242E-5	0.0002339	0.0002425	0.0001328	8.724E-5	0.0001989	-8.193E-5	0.0002005	1.926E-6	-3.428E-5	0.0003793	-2.543E-6	0.0002824	0.0002993	0.0002945	2.078E-5	0.0002406
605.580	16513.11	0.0001907	6.459E-5	-0.0001495	2.867E-5	0.0001217	0.00033	0.0002535	0.000215	0.0004467	5.414E-5	4.94E-5	0.0003188	0.0002925	0.0001352	0.000136	5.907E-5	0.0002509	6.449E-5	0.0003412	-6.425E-5	0.0002154	7.773E-5	-8.25E-5	0.0003452	0.0004525	0.00019	0.0001001	-0.0001445	7.202E-5	0.0003429	0.0001968
606.156	16497.40	9.377E-5	0.0002932	1.791E-5	0.0002861	0.0002761	0.0003334	0.0005041	0.0002196	9.018E-5	0.000292	8.731E-5	0.000234	0.0004397	3.5E-5	0.00024	0.0001339	0.000232	0.0002197	0.0002361	0.0003049	0.0002647	0.000278	0.0004417	0.0004499	0.0005416	0.0003778	0.0001135	0.0001965	0.0001099	0.0002255	0.0004802
606.733	16481.71	7.342E-5	4.663E-5	0.0002337	-1.421E-5	4.389E-5	0.0003107	5.882E-5	0.0004076	0.0005343	0.0004306	0.0003708	0.0001815	0.0003756	0.0002972	0.0005621	0.0003639	0.0002011	0.0005177	0.0002032	7.008E-5	0.0003163	0.0003326	0.0005905	0.0005355	0.0002949	0.0004681	0.0001827	0.0002762	0.0002191	0.0004335	0.0001943
607.310	16466.06	-6.231E-5	-6.458E-5	-0.000288	-0.0002455	-0.0001675	3.768E-5	-7.878E-6	-7.639E-5	0.0001947	0.0006408	0.000113	0.0001704	0.0002292	0.0001106	0.0001172	0.000306	0.0002178	0.0003539	0.0002736	1.543E-5	0.0001373	9.974E-5	0.0002627	0.0003382	0.0002785	0.0004156	4.561E-5	0.0004234	6.862E-5	-2.679E-5	0.0002195
607.886	16450.44	-4.719E-5	-0.0002884	-0.0002132	-0.0003048	-0.0004043	-7.073E-5	-2.713E-5	1.462E-5	1.793E-5	-1.902E-5	-0.0002503	-0.0001017	-0.0002494	0.0001476	-0.0002822	-9.964E-5	0.0002637	-4.176E-5	-0.0003047	-0.0001877	-0.0002225	-0.000202	-0.000124	-0.0002201	-0.0001186	-0.0002284	-0.0001956	-4.386E-5	-0.0003045	3.538E-5	-0.0001825
608.463	16434.85	0.0003927	0.000382	0.0003195	0.0003156	0.0001882	0.0003972	0.0004191	0.000525	0.0005297	0.0006138	0.0007566	0.0003936	0.0003539	0.000462	0.0005842	0.0005237	0.0006587	0.0003057	0.0007952	0.0005265	0.0003934	0.0002237	0.0005205	0.0003905	0.0007045	0.0005205	0.0004367	0.0005011	0.0002285	0.0005275	0.0005226
609.040	16419.29	0.0001559	0.00061	0.0003157	0.0002882	0.0003057	0.0003151	0.000408	0.0002615	0.0001377	0.0002955	0.0004437	0.0003369	0.000281	0.0004903	0.0003368	0.0006607	0.0003821	0.0005777	0.0001646	0.0002528	0.0005738	0.000216	0.0001942	0.0001654	0.0001412	5.671E-5	0.0003797	0.0001399	9.832E-5	0.0004683	8.199E-5
609.617	16403.75	-3.808E-5	3.078E-5	-1.496E-5	-8.057E-5	-0.0001789	7.911E-5	1.819E-5	2.48E-5	-0.0001895	-0.0002357	-0.0002379	4.916E-5	-0.000246	-0.0003921	0.0001806	2.746E-5	-0.0001895	4.798E-5	-0.0001158	5.25E-5	-0.0002211	0.0001801	-0.0001287	0.0003493	-7.109E-5	-6.42E-6	-0.00019	0.0001588	-8.366E-5	0.0001693	-0.0001383
610.193	16388.25	9.434E-6	-0.0002262	-0.0001809	2.509E-5	3.058E-5	-0.0002089	-3.948E-5	-0.0001552	-7.334E-5	-0.0002942	-0.0002808	-0.0001879	-0.0003153	-0.0004441	-0.00031	-0.0002814	0.0001228	-0.0002267	-0.0002818	-9.481E-5	3.757E-5	-0.0002509	-0.0001775	0.0001337	0.000113	-0.0004228	-6.155E-5	-0.000128	-0.0004625	-0.0002907	-3.064E-5
610.770	16372.78	-8.596E-5	0.000319	-0.0001313	2.594E-5	0.0002245	-0.0001936	-0.0002709	8.789E-5	-6.125E-5	-4.098E-5	-0.0002437	-0.0003257	-1.482E-5	9.603E-5	-4.634E-5	1.514E-5	-0.0002147	-6.046E-5	6.73E-5	1.583E-5	-8.791E-5	-0.0002898	-0.0001312	-6.223E-5	8.081E-5	-8.906E-5	0.0004034	-0.000288	-0.0003903	-0.0003006	-0.000427
611.347	16357.33	3.531E-5	-0.0002161	-0.0002637	-0.0003052	-0.0002374	-0.0002281	-0.0005032	-0.0001204	9.16E-5	-0.0003823	-0.0005675	-0.0004001	-9.751E-5	-0.000254	-0.0002472	-0.0004504	-0.000213	-0.0002687	-0.0004658	-0.0004473	-0.0002859	-0.0003646	-0.000164	-0.0004434	-0.0004091	-0.000253	-0.0002122	-0.0003338	-0.0005153	-0.0004365	-0.0005043
611.923	16341.92	9.262E-5	-0.0001673	1.505E-5	-0.0001769	0.0002163	0.0001381	-0.0003059	-0.0003853	-9.23E-6	-0.0001962	-0.0002068	-0.0003694	0.0001591	0.0001066	-0.0001117	-0.0002095	-0.0002612	-0.0003987	-0.0005806	-0.0004934	-4.409E-5	-0.0003807	-0.0001915	-0.0002519	-0.0001654	-7.369E-5	-0.0002192	-0.0003609	-0.0003011	-0.0004014	-0.000176
612.500	16326.53	6.774E-5	-0.0001402	0.0003084	0.0002404	-0.0002756	-7.05E-6	-7.425E-5	-0.0001698	0.0004668	0.0002626	-3.823E-5	-0.000106	-0.0002032	8.356E-5	-2.884E-6	-2.278E-5	0.0002344	-7.121E-5	-0.0003456	1.181E-5	-0.0003791	0.0001819	-0.0001696	0.0002014	4.046E-5	-9.725E-5	-2.415E-5	-0.0001437	8.737E-5	0.0001245	0.0002029
613.077	16311.17	6.121E-5	-0.0004082	0.0001837	0.0001664	-0.0002576	-0.0001114	-4.7E-6	-0.0001616	3.402E-5	-0.0003567	-0.0007261	-0.0006326	-5.905E-5	-2.525E-5	-0.0003601	-0.0003035	-5.789E-5	-9.551E-5	-0.0001675	-0.0001219	-0.0003953	4.787E-5	-0.0002371	-0.0002326	-0.0001652	-0.0005838	-2.752E-6	-9.821E-6	-0.0002554	-0.0004308	-0.0002843
613.653	16295.84	4.716E-6	-0.0001867	9.076E-5	-0.0001887	-0.0002583	4.373E-5	-0.0003272	0.0002318	-0.0005095	-0.0003805	-0.0004832	-0.0001439	-0.0004213	-0.0005397	-0.0001684	-6.929E-7	-0.0002205	-0.000562	-0.0005353	-0.0004384	-0.0002927	-0.0001658	-0.0002777	-0.0004888	-0.0001895	-0.0002732	-0.0002972	-0.0003275	3.77E-5	-0.0003286	1.333E-5
614.230	16280.54	0.0001331	6.661E-5	-2.174E-5	3.018E-5	0.0002016	0.0001512	1.233E-5	-0.0001166	-0.0001957	-0.0001983	8.912E-5	0.0001056	-5.127E-5	-0.000323	-0.0002106	-1.188E-5	-0.0003622	-0.0001531	8.334E-5	-0.0003142	0.0001304	-0.0001499	-0.000304	2.398E-5	1.991E-5	-6.409E-5	2.954E-5	-1.384E-5	4.381E-5	0.0001355	4.052E-5
614.807	16265.27	-0.0002588	-0.0003959	-0.0003318	-3.171E-5	-8.908E-5	-0.0002272	9.4E-5	-0.0004358	-0.000757	-0.000233	-0.0002972	-0.0003385	-0.0004664	-0.0004644	-0.0005939	-0.0005784	-0.0003883	-0.0005982	-0.0001406	-0.0003467	-0.0004369	-0.0003492	-0.000496	-0.0005549	-0.0004296	-0.0003935	-0.0001226	-0.0002724	-0.0001944	-0.0005864	-0.0003008
615.384	16250.03	-0.0002558	-0.000351	-3.876E-5	-8.346E-5	-0.0002773	-0.0001909	-0.0003742	-0.000471	-0.0003547	-0.0001419	-3.828E-5	-0.0002434	1.845E-5	-0.0001664	-0.0002177	-0.0004239	-0.0003067	-0.0002847	-0.0006638	-0.0002339	-7.407E-5	-0.0002726	8.645E-5	-0.0003417	-0.0005937	-0.0002831	-0.0004856	-0.0006159	-0.000243	-0.0001582	-0.000113
615.960	16234.81	-4.606E-5	0.0003805	0.0001511	2.572E-6	0.000169	0.0004061	0.000169	0.0002077	0.0002463	-5.952E-5	1.726E-5	2.027E-5	0.000255	0.0002195	0.0001118	0.0002253	0.0003379	-6.921E-5	-5.55E-6	0.0002699	9.745E-5	0.0001963	-5.179E-6	0.0003174	0.0002569	0.0002001	0.0001643	0.0003953	0.0003703	0.0001326	3.355E-5
616.537	16219.63	0.0004476	0.0002115	0.0002839	0.0003406	9.739E-5	0.0004595	0.0004504	0.0004045	0.0004579	0.000263	0.0003521	0.0003658	0.0002331	0.0004725	0.0002974	0.0004636	0.0006499	0.0001272	0.0005496	0.000392	0.0007117	5.943E-5	0.0002803	0.0004634	0.0002256	0.0005634	0.0003405	0.0005292	0.0006808	0.0004224	0.000434
617.114	16204.47	0.000298	0.0001418	-0.0001573	0.0002874	0.0006425	0.0008424	0.0007039	0.000776	0.0004841	0.00066	0.000327	0.0007901	0.0004754	0.0007886	0.000332	0.000843	0.0006415	0.0006654	0.0006783	0.0006806	0.0007049	0.0005442	0.0007106	0.0008341	0.0004624	0.0005863	0.0006082	0.000724	0.0009191	0.0004873	0.0008255
617.690	16189.34	-0.0003374	-0.0001773	-0.0003501	-0.0006201	0.0001093	0.0001689	-0.0005098	-0.0002171	-0.0003566	1.158E-8	0.0001607	-0.0002013	0.0002177	-3.583E-5	0.0001732	-0.0001673	-3.327E-5	0.000119	-0.0001757	0.0003238	4.229E-5	-0.000176	-0.0001037	-6.039E-6	-8.992E-5	-3.088E-5	-0.0001015	6.487E-5	-0.0001099	0.0001081	5.19E-5
618.267	16174.24	0.0002764	0.0002408	0.0003956	0.0001061	0.0005743	0.0003222	0.0004091	0.0005223	0.0007321	0.0007442	0.0004459	0.000357	0.0006585	0.0008276	0.0003752	0.0005186	0.0007191	0.0007583	0.0006674	0.0006336	0.0006082	0.0007483	0.0003885	0.0003948	0.0005796	0.0006403	0.0002822	0.0004042	0.0007005	0.0007279	0.0006087
618.844	16159.16	-2.076E-5	-0.0002824	-0.0001008	-0.0002766	0.0001722	-9.673E-5	0.0002121	0.0002022	-0.0001433	2.912E-5	0.0001672	7.701E-5	-6.237E-5	0.0001821	4.84E-6	0.0002883	-0.0001537	-7.882E-5	3.969E-5	0.0002649	8.888E-5	0.0004228	0.0002163	1.457E-5	0.0001023	0.0001762	-7.662E-5	-0.0001067	-7.69E-5	4.978E-5	-0.0001247
619.421	16144.12	-0.0003508	-0.0001504	-0.0002577	-7.907E-5	-0.0002523	0.0002061	4.346E-5	-0.0001477	-0.0001215	-0.0001843	-2.879E-5	0.0001609	-2.778E-5	-0.0002357	8.876E-5	1.215E-5	-0.0003128	0.0004316	9.996E-5	0.0003494	9.033E-5	0.0001815	-5.971E-5	2.972E-5	0.0002684	-0.0001258	-4.323E-6	-0.0002252	-0.0001931	9.319E-5	-0.0001485
619.997	16129.10	5.552E-5	-5.009E-5	-6.841E-5	0.000241	-0.0001463	-4.061E-5	-0.0001006	0.0003203	0.0002094	-3.894E-5	-0.0001338	0.0002274	1.473E-5	-7.676E-5	0.0001919	6.432E-5	0.000178	0.0003862	-3.288E-5	-3.366E-5	-0.0001451	-2.802E-5	0.0001588	-0.0001553	0.0002648	0.0001168	-6.416E-5	-8.422E-5	0.0002593	8.686E-5	6.398E-5
620.574	16114.11	-0.0005787	-0.0004341	-0.0001844	-0.0004092	-8.283E-5	-0.0003285	3.49E-5	-0.0001094	-0.0001705	-0.0001258	0.0002519	2.651E-6	-6.159E-5	6.485E-6	9.779E-5	0.0001335	-2.504E-5	-1.694E-5	-0.000112	-0.0002882	0.000218	-2.674E-5	-0.000137	0.0002934	-9.252E-5	5.729E-6	0.000115	0.000227	-0.0002519	-7.12E-5	4.729E-7
621.151	16099.15	0.0001955	0.0001648	-0.0001291	4.936E-5	8.517E-5	0.0002147	0.0001637	0.000134	0.0001493	0.0001019	-0.0001197	0.0002365	-6.424E-5	0.0001676	0.0002212	-6.463E-6	-0.0002451	7.118E-6	0.0002395	0.0002505	-7.01E-5	0.0001326	0.0002059	0.0003223	-9.057E-5	5.301E-5	8.553E-5	-2.775E-5	-8.966E-5	0.0003129	-1.261E-5
621.727	16084.22	1.052E-5	-0.0001085	0.0002306	-9.07E-5	-5.595E-5	0.0002326	0.0003339	0.0003327	-4.632E-5	0.0003063	0.0002219	0.0006788	0.0002553	0.0003491	0.000176	0.0001148	0.0003789	0.000274	4.075E-5	0.0002611	-2.337E-5	0.0003252	0.0007688	0.0005375	3.259E-5	0.0001988	0.0002525	0.0004453	2.29E-5	0.0003979	0.0002077
622.304	16069.31	2.096E-5	0.0001261	9.624E-5	1.822E-5	-4.577E-6	-1.209E-5	7.714E-5	2.356E-5	-8.19E-5	0.0003157	0.0007082	8.877E-5	0.0004073	0.0003651	-8.569E-5	0.0004271	0.0005876	8.08E-8	0.000297	0.0003573	0.0001544	0.0003642	0.0003381	9.329E-5	0.0003237	0.0003139	0.0003628	0.0006551	0.0003405	-2.954E-5	-3.511E-5
622.881	16054.43	-0.0002466	-2.126E-5	-1.791E-5	0.0001239	-6.065E-5	-0.0003226	4.063E-5	3.39E-5	5.55E-5	4.186E-5	0.0004514	0.000269	-4.54E-5	0.0001446	-0.0002269	0.0001706	-1.051E-5	-7.301E-5	2.03E-5	-9.997E-5	0.000204	0.0002107	9.137E-5	4.958E-5	0.0001786	0.0005779	-6.135E-5	0.0002489	0.0004473	0.0003948	0.0003526
623.458	16039.58	-0.0001006	0.000183	0.0004582	8.353E-6	7.038E-5	0.000107	-2.345E-5	0.0001153	0.0001629	0.0003636	0.0002076	0.0004247	0.0001076	0.0003502	4.709E-5	6.627E-5	0.0003375	8.27E-5	2.337E-5	0.0002035	0.0004164	0.0006944	0.0002399	0.0002867	9.633E-5	-2.331E-5	0.0001648	0.0003236	0.000345	0.0001873	0.0004555
624.034	16024.76	0.0002207	0.0004668	0.0002964	0.0008902	0.0003854	0.0005704	0.0006356	0.0003684	0.0001315	0.0003185	0.000708	0.0004398	0.0006491	0.0002955	0.0004435	0.0005366	0.0001281	0.0005504	0.0005614	0.0003289	0.0005045	0.0005434	0.0003423	0.0002846	0.0003295	0.0005542	0.0002311	0.0004834	0.0004752	0.0001444	0.0004902
624.611	16009.97	0.00015	-4.464E-5	0.0002023	6.33E-5	0.0003248	-0.000131	-0.000159	0.0003993	-0.0001937	3.021E-5	7.83E-5	-0.0001519	9.884E-5	4.054E-5	0.0001551	1.21E-5	-7.524E-5	8.557E-5	-0.0001101	0.0002671	0.0001212	6.423E-5	-0.000176	-2.45E-5	-0.0001694	-0.0002115	-8.298E-5	8.871E-5	-8.207E-5	0.0001308	0.0002034
625.188	15995.20	0.0002168	0.0001288	0.0006108	0.0003462	4.228E-5	0.0002236	-6.065E-5	-9.006E-5	-0.0006359	7.754E-5	-2.552E-5	-6.452E-5	-4.197E-5	-3.911E-5	0.0002448	6.155E-5	0.0001062	8.416E-5	-0.0001513	-0.0001266	-0.0001399	-0.0001055	-0.0001237	0.0001052	-2.783E-5	-0.0002274	0.0002106	-3.201E-5	-5.774E-5	2.453E-6	-0.0001041
625.764	15980.46	-0.0003378	5.638E-5	-0.0003375	-0.0001648	-0.0003058	-0.0001664	-0.0006819	-7.3E-6	-2.012E-5	-0.0005239	-0.0002107	-0.0006593	-0.0006447	-0.0004057	-0.0004511	-0.0004014	-0.0006324	-0.000272	-0.0006305	-0.0006189	-0.00038	-0.0006811	-0.0005123	-0.0005339	-0.0002504	-0.000559	-0.0006716	-0.0003322	-0.0004217	-0.0004724	-0.0003413
626.341	15965.74	-0.0003107	-0.0001756	-0.0001739	-0.0001237	-0.0004354	-0.0005181	-0.0007363	-0.0001795	-0.0005875	-0.0006621	-0.0008455	-0.0006354	-0.0008734	-0.000482	-0.0005659	-0.0003373	-0.0009263	-0.0004207	-0.0005636	-0.0003627	-0.0004834	-0.0008396	-0.0005016	-0.0004839	-0.0005841	-0.0006111	-0.0005096	-0.0006462	-0.0003726	-0.0004878	-0.0008202
626.918	15951.05	-0.0003179	-0.0001347	-9.763E-5	-0.0001319	-0.0001679	-0.0007493	-0.0003615	-0.0002929	-0.0001209	-0.0006543	-0.0005687	-0.0003065	-0.0006142	-0.0003139	-0.0005122	-0.0005947	-0.0005827	-0.0003818	-0.0004591	-0.0004384	-0.0006456	-0.0006685	-0.0005775	-0.0009281	-0.0005083	-0.0002251	-0.0004937	-0.0003946	-0.000399	-0.0005171	-0.000589
627.495	15936.39	-0.000138	-0.000196	-0.000544	-0.0003926	-0.000287	-0.0007141	-0.0005231	-0.0009221	-0.0007066	-0.00094	-0.0007731	-0.0005174	-0.0007738	-0.0005849	-0.000562	-0.0007034	-0.001038	-0.0009009	-0.0005271	-0.0008135	-0.0008261	-0.0006101	-0.0008613	-0.001066	-0.0007382	-0.0002812	-0.0006611	-0.0006969	-0.0006672	-0.0005176	-0.000672
628.071	15921.76	-0.0002311	-0.0002476	-0.0002247	-0.0002508	-0.0003344	-0.0004006	-0.0003386	-0.0005901	-0.0006234	-0.0006018	-0.0004783	-0.000484	-0.0005313	-0.0005911	-0.0003385	-0.0005107	-0.0008281	-0.0004723	-0.0003524	-0.0002752	-0.000417	-0.0003086	-0.0004761	-0.0005979	-0.0003789	-0.0003297	-0.0002495	-0.0003713	-0.0003323	-0.0006399	-0.0007545
628.648	15907.15	0.0001593	0.0001411	-5.105E-5	-0.000182	-0.0001293	-0.0001091	-0.0003142	-0.0003261	-0.000137	-6.757E-5	-0.0001132	-0.0002917	-0.0001711	-0.0001881	-5.585E-5	0.0001568	-1.639E-5	-0.0004154	0.0002183	7.535E-5	-0.0001936	-0.0002337	-0.0001824	-0.0002231	-0.0001074	-0.0001398	0.000107	6.249E-6	-0.0002388	-1.871E-6	-9.116E-5
629.225	15892.58	0.0006169	0.0001091	0.0001027	0.000419	0.0001952	0.0002372	0.0001453	0.0001659	0.0004782	0.0002965	0.0002526	0.0002634	2.179E-5	0.0001654	0.0003968	0.0002507	0.0002459	0.0005614	0.0001961	0.0004221	0.0001815	0.0001312	-4.729E-5	0.0003002	0.000191	6.659E-5	0.0002915	-1.267E-5	-0.000229	6.125E-5	0.0002152
629.801	15878.02	0.000325	0.0002207	0.0002866	-3.216E-5	0.0003196	0.0003433	0.0001717	3.415E-5	0.0004291	0.0001127	0.0003424	0.000159	0.0004951	8.204E-5	0.0005069	8.206E-5	0.0004642	0.0004187	8.218E-5	9.475E-6	0.0001622	7.492E-5	0.0002275	0.0001936	0.0001034	8.451E-5	0.000272	0.000277	0.0001623	0.0002488	0.0001005
630.378	15863.50	6.247E-5	0.0001758	0.00023	7.02E-5	0.0002552	0.0001128	0.0001422	-0.000184	0.0003044	0.0004081	0.0004444	0.0001606	-6.303E-5	0.0002432	6.7E-5	0.000143	7.573E-5	0.0005208	0.0002457	0.0002789	0.000294	0.0002537	-1.478E-5	0.0001443	0.0002085	7.979E-5	0.0003548	0.0002477	0.0003777	0.0003648	0.0001168
630.955	15849.00	-6.311E-5	-0.000183	-3.623E-5	4.782E-5	-0.0002413	-7.459E-5	8.144E-5	-2.795E-5	2.273E-5	9.918E-5	-6.428E-5	2.997E-5	0.0002617	-0.0001279	0.0001218	-6.411E-5	8.805E-5	-0.0002637	9.205E-5	0.0001384	0.0002347	-0.0001711	-2.167E-5	-3.401E-5	-0.0001468	-1.874E-5	-9.467E-5	0.0001316	0.0002241	3.686E-5	0.0001315
631.531	15834.52	0.0003313	0.0004273	0.0003219	0.0001891	0.000161	0.0001137	0.0001717	-2.575E-7	0.0001404	0.0001439	9.152E-5	0.0003262	0.0003177	-3.421E-5	0.0003172	-8.401E-8	0.0003172	0.0003207	0.0002227	0.0003515	0.0001065	0.0001298	0.0003468	5.85E-5	1.083E-5	0.0001105	0.0002025	0.0002155	0.0001987	0.000195	-7.984E-5
632.108	15820.08	0.0002971	0.0002787	0.0001168	0.0002505	-0.0002488	8.626E-5	0.0002901	0.0003247	0.0003499	5.314E-5	0.0002469	0.0003511	0.0001999	0.0002031	0.0002842	7.521E-5	0.0001847	0.0002642	0.000495	0.0002188	0.0002668	0.0001369	0.0004008	-3.217E-6	0.0002767	5.368E-5	4.214E-5	-1.793E-5	0.0003567	0.0001902	0.0002744
632.685	15805.66	-0.0002084	-8.143E-5	-0.0001434	-4.978E-5	0.0002695	-0.0001038	-3.825E-5	3.076E-5	0.0001856	-8E-6	0.0001393	-2.468E-5	-7.22E-5	7.95E-5	3.658E-5	4.64E-5	0.0001163	-4.864E-5	6.115E-6	0.0001101	7.745E-5	0.0003457	0.0002945	-6.22E-5	0.0002401	0.0001007	0.0001831	-0.0003852	-0.0001848	-2.385E-5	1.738E-5
633.262	15791.26	8.112E-5	2.919E-5	0.0001774	-1.765E-5	0.0002077	0.0001369	0.0002033	1.309E-5	0.0002004	-4.04E-5	0.0003909	0.0001698	0.0002001	0.0001619	0.0002436	0.0001179	0.0001081	4.162E-6	0.0002147	0.0001552	-3.17E-5	0.0003484	0.0001814	0.0002501	-0.0002652	0.000348	0.0001994	8.747E-5	0.0003906	9.806E-5	0.0004404
633.838	15776.89	0.0001566	-8.61E-5	-0.0002962	5.411E-5	-2.771E-5	-4.472E-5	-4.478E-6	-6.118E-5	-0.0001044	-0.0003146	-0.0002506	-7.51E-5	-0.0003002	-0.0001371	-0.0003114	-0.0004628	-0.0002866	-0.0002581	-0.0004294	-2.694E-5	-0.00047	-0.0002686	-8.857E-5	-0.0001033	-0.0003008	-0.000246	-0.0004524	-0.0002807	2.49E-5	-0.0003574	-0.0003288
634.415	15762.55	0.0001769	-0.0002194	2.482E-5	0.0003532	-0.0001381	-0.0002908	2.417E-5	-0.0001863	-5.218E-5	-8.424E-5	-0.0003076	-0.0003063	-0.000449	-0.000367	-0.0001278	-0.000468	-0.0003852	-0.0002829	-0.0002876	-0.0005759	-0.000555	-0.0001908	-0.0003263	-0.000197	-0.000411	-0.0002768	-0.0002599	-0.0003556	-9.007E-5	-0.000104	-0.000588
634.992	15748.24	0.0002269	0.0001932	0.0001961	0.0001735	0.0001431	1.123E-5	3.584E-5	-8.313E-5	9.36E-5	8.316E-5	-0.0002374	-0.0001645	4.634E-5	-0.0001843	0.0002149	9.906E-6	-1.473E-5	-0.0002242	-4.948E-5	-0.0003734	0.0002113	-0.0002789	-0.0003163	-9.147E-5	-0.0002786	-0.0001378	-0.0001013	-9.868E-6	-0.0001863	-7.134E-5	-5.792E-5
635.568	15733.95	-0.0003682	-0.0004779	-0.0002861	-0.0003618	-9.597E-5	-0.0003466	-0.000209	-0.0006723	-0.0007374	-0.0006156	-0.0003502	-0.0005757	-0.0003706	-0.0007249	-0.0004607	-0.0005964	-0.0005664	-0.0006572	-0.0006472	-0.0005797	-0.0004405	-0.0002133	-0.000549	-0.000793	-0.0003409	-0.0004595	-0.0006248	-0.0005445	-0.0006181	-0.0004853	-0.0005687
636.145	15719.68	0.0001771	-1.046E-5	-7.397E-5	0.0001145	1.37E-5	-0.0004013	-0.0002368	-0.0005198	-0.0001342	-0.0004569	-0.0002632	-0.0007255	-0.0005143	-0.0003299	-0.0002118	-0.0002453	-0.0003288	-0.0002108	-0.0004037	-0.0004174	-0.0004636	-0.0001065	-0.000292	-0.0003055	-0.0002503	-0.0003638	-0.0005279	-0.0001568	-0.0002962	-0.0002666	-0.0001449
636.722	15705.44	9.164E-5	3.711E-6	-0.0004329	0.0001364	2.629E-6	-0.0002414	-8.356E-5	-0.0001123	-0.0001372	-0.0001529	-0.0004796	-0.0006011	-0.0002164	-0.0001503	-0.000233	9.858E-5	-0.000125	-0.0001281	7.224E-6	-0.000373	-0.0002867	-0.0002426	-0.0003247	-0.0002106	-0.0001227	-0.0001517	-3.551E-5	-0.0001345	6.055E-5	-0.0001765	-7.324E-5
637.299	15691.23	0.0002146	0.0001154	5.288E-5	9.918E-5	0.000143	0.0001334	-3.887E-5	6.892E-5	-0.0001365	-0.0002166	-0.0004672	-7.416E-5	-1.327E-5	-0.0001315	8.877E-5	-0.0001755	-0.0001706	-0.000288	-9.416E-5	-0.0001516	-0.0002694	-0.0001156	-0.0003708	-0.0002894	-0.0003796	-0.000275	0.0001677	-0.0001866	-0.0001817	-0.0001374	-0.0002053
637.875	15677.05	8.733E-5	-0.0003759	-8.48E-5	-0.0003305	-0.0001577	-0.0004104	-0.0004565	-0.0001997	-0.0004443	-0.0008816	-0.0005953	-0.0002698	-0.0006436	-0.0006258	-0.0004565	-0.000505	-0.0007332	-0.000589	-0.0004042	-0.0007947	-0.0006341	-0.0007241	-0.0006498	-0.0004985	-0.0005616	-0.0008208	-0.0006282	-0.0006807	-0.0009603	-0.000394	-0.000615
638.452	15662.88	0.0002237	0.0003487	0.0002322	0.0001459	-2.759E-5	-2.102E-5	-0.0003483	6.64E-5	-2.814E-7	-0.0003812	-0.0002091	-0.0001841	-0.0004635	-0.0002214	-0.0001467	-0.0001143	-0.0002438	-0.0002986	-0.0001765	-0.0001925	-9.702E-5	-0.0001195	-0.0003598	-8.972E-6	-0.0005235	-0.0005065	9.377E-5	-0.0002994	-0.0003462	-0.0001077	-0.000162
639.029	15648.75	5.681E-5	0.0004994	0.0005326	0.0004904	0.0002912	0.0003854	-0.0001975	0.0003302	-0.000143	9.581E-6	-0.0002672	-0.0001155	-0.0001024	-0.00034	0.0001236	3.005E-5	9.503E-5	-0.0001423	-0.0002497	-2.84E-5	-0.0001127	-0.0001308	2.235E-5	0.0001435	-5.975E-6	-8.987E-5	-1.914E-5	-0.0003207	7.605E-5	2.546E-5	-8.336E-5
639.605	15634.64	-3.719E-5	0.0001771	0.0003508	0.0002415	7.524E-5	0.000336	-0.0001607	0.0002574	2.521E-5	-9.065E-5	8.576E-6	0.0001274	0.0001427	2.198E-5	0.0001078	-8.907E-5	-0.0001143	-9.163E-5	0.0001425	-6.29E-5	-0.0001165	-8.361E-5	7.16E-5	0.000339	5.526E-5	0.0002191	-0.0002112	5.854E-5	0.0001942	3.773E-5	0.0001167
640.182	15620.56	1.47E-5	-7.576E-5	5.08E-5	0.0002436	8.754E-5	0.0001935	0.0001233	0.0002545	4.408E-5	4.652E-5	0.0001684	0.0002685	-2.54E-5	-0.000181	0.0002809	0.0003002	-7.608E-5	-0.0002102	0.0001858	-4.42E-6	1.52E-5	0.0001875	8.368E-5	7.6E-5	0.0001205	-0.0001152	0.0001413	-6.78E-6	8.806E-5	-0.0003254	8.41E-5
640.759	15606.50	0.000331	9.757E-5	0.0004003	5.467E-5	0.0001544	0.0001006	0.0003918	0.0003363	0.0002011	0.0001277	0.0003874	0.0003329	0.0005514	0.0001585	0.0002392	0.0002932	2.413E-5	0.0003166	0.0001761	0.0001309	0.0001372	0.0003267	0.0004697	0.0002937	0.000362	0.0002826	0.0003112	0.0002152	0.0004787	4.666E-6	0.0001669
641.336	15592.46	0.0002402	6.741E-5	0.000249	0.0001384	0.0002155	0.000233	0.0001877	0.0001867	0.000251	2.61E-5	0.0002951	8.65E-5	0.0002077	4.437E-5	0.0002216	8.138E-5	0.0003478	0.0002892	0.0002086	0.0002573	0.0001339	0.0001118	7.898E-5	0.0003154	0.0001473	0.0003049	0.0001994	4.902E-5	0.00034	0.0002561	8.473E-5
641.912	15578.45	0.0003982	0.0002683	0.0001191	0.0002451	0.0003743	0.0003214	0.000435	0.0004449	0.0002595	0.00011	0.0001717	0.0004205	0.0003371	5.382E-5	0.0004148	0.0004654	0.000396	0.0003077	0.0003008	0.0004599	0.0002401	0.0003835	0.0002704	0.0002046	0.0003143	0.0002025	0.0003404	0.0002635	0.0003882	0.0002895	0.0001973
642.489	15564.47	0.0003777	0.0003585	9.685E-5	3.99E-5	0.0001886	0.0002627	0.0003287	0.0001668	0.0001157	0.0003299	0.0003226	-7.916E-5	0.000217	6.467E-5	0.0001911	0.0001668	0.0003037	3.949E-5	6.064E-5	-0.0002302	0.0004523	7.19E-7	0.0003351	0.0001659	0.0001402	-1.237E-5	-0.0001023	0.0001206	0.0001321	0.0001308	0.0002622
643.066	15550.51	0.0003947	-2.109E-5	0.0001968	0.0002779	5.949E-5	-5.456E-5	-0.0001555	-0.0001305	-0.0002257	-8.85E-5	-5.457E-5	-0.0003044	-0.0001908	-0.0002718	0.0001689	-0.0002513	0.0001311	-0.0001506	-0.0001961	-0.0002928	3.27E-5	-0.0003201	-0.0003477	0.0002302	-0.0002313	0.0001495	-0.0001817	4.432E-5	-0.0002059	-0.0001491	-2.443E-5
643.642	15536.58	8.888E-5	3.306E-5	0.0003057	0.0001927	-1.075E-6	-0.0001761	-8.896E-5	-0.0004362	-0.0003735	-0.0002068	-0.0003991	-0.000414	-0.0001974	-0.0002694	-8.121E-5	-0.0005454	-0.0001715	-0.0003553	-0.0003039	-0.0005303	-0.0003109	-0.000345	-0.0003872	-9.246E-5	-0.0001495	-6.339E-5	-0.0001893	-0.0003497	-0.0002932	0.0001003	-0.0002949
644.219	15522.67	3.118E-5	0.0003287	0.0002425	0.0001817	0.000169	4.417E-5	-0.000123	-0.0003616	-0.0002279	3.887E-5	-7.456E-5	-0.0002731	-4.824E-5	-0.0003347	-0.0001281	-0.0003053	-0.0004318	5.391E-6	-0.0001314	-0.0004421	-4.081E-5	9.08E-5	-0.0002505	4.476E-6	-2.131E-5	-0.0001545	-6.458E-5	-0.0001292	-0.0003382	0.0001355	-0.0003634
644.796	15508.79	-0.0001476	-0.0001143	-0.000378	-0.000177	-0.0001776	-0.000269	-0.0001446	-0.0004575	-0.0007142	-0.0003179	-0.0004331	-0.0005358	-0.000545	-0.0007676	-0.0006299	-0.0006954	-0.0005228	-0.0003206	-0.0005169	-0.0007769	-0.0006494	-0.0004269	-0.0003511	-0.0003754	-0.0008076	-0.0006347	-0.0005316	-0.00074	-0.0007472	-0.0004788	-0.0004793
645.373	15494.93	-0.0003198	-0.000176	-0.000391	-0.0005092	-0.0004467	-0.0003698	-0.0005606	-0.00037	-0.001051	-0.0006777	-0.0005769	-0.001066	-0.0008397	-0.0008323	-0.0006824	-0.0005902	-0.0007798	-0.0006116	-0.0007119	-0.0007619	-0.001116	-0.000861	-0.0008446	-0.000901	-0.0009835	-0.0009748	-0.0005427	-0.0009265	-0.0009623	-0.0007406	-0.0007537
645.949	15481.09	-8.812E-5	9.007E-5	-0.0001138	-0.0002365	-0.0004748	-0.0002363	-0.0004289	-0.0002452	-0.0004969	-0.0004787	-0.0004598	-0.0005507	-0.0006568	-0.0007578	-0.0007839	-0.0005612	-0.0006775	-0.000372	-0.0006863	-0.0006254	-0.0005295	-0.0006103	-0.0007954	-0.0006217	-0.0007714	-0.0005944	-0.0006091	-0.0005411	-0.0007988	-0.0007365	-0.0006364
646.526	15467.28	-0.0002539	7.044E-5	0.0001046	3.808E-6	-3.806E-5	-8.46E-5	-0.0002326	-0.0004033	-0.0002461	-0.0002939	-0.0003574	-0.0004197	-0.0004602	-0.0004937	-0.0005217	-0.0007808	-0.000602	-0.0003981	-0.0005039	-0.0006854	-0.0003803	-0.000604	-0.0006544	-0.0004954	-0.0005211	-0.0004245	-0.0006151	-0.000493	-0.0004964	-0.000534	-0.000457
647.103	15453.50	9.973E-5	-0.0001173	1.753E-5	-2.046E-5	0.0002459	9.847E-6	-0.0001563	-0.0002046	-0.0004446	-0.0003054	-0.0004139	-0.0002013	-0.0004551	-0.0005889	-0.0004377	-0.0003917	-0.0002009	-0.0003061	-0.0005995	-0.0006335	-0.0004856	-0.0004699	-0.0004668	-0.0005399	-0.0005758	-0.0002955	-0.0005155	-0.0004373	-0.0006568	-0.0005174	-0.0005637
647.679	15439.74	5.057E-5	-0.0001007	-6.338E-5	-0.0002412	8.655E-5	2.277E-5	0.0001735	-2.89E-6	-0.0003435	-0.0004839	-0.0003823	-0.0002846	-0.0003237	-0.0004629	-0.0004434	-0.000109	-0.0004485	-0.0004953	-0.0004006	-0.0005973	-0.0007829	-0.0004729	-0.0005042	-0.0003213	-0.000318	-0.000355	-0.0004336	-0.0003789	-0.0004921	-0.0005328	-0.0006224
648.256	15426.00	0.0002705	0.0003738	0.000322	0.0002775	0.0004308	0.0003848	0.0004728	0.0002621	0.0001236	7.487E-5	0.0001102	5.472E-5	0.0001827	6.734E-5	0.0003448	0.0004115	0.0001161	0.0002275	0.000293	0.0001246	3.992E-5	-0.0001028	3.396E-5	0.0001252	0.0001821	4.665E-5	0.0001419	9.476E-5	5.793E-5	0.0001795	1.72E-5
648.833	15412.29	0.0002175	0.0004033	0.0002906	0.0004025	0.0001879	0.0001267	0.0003547	5.028E-5	0.0002008	-0.0001604	0.0002413	-0.000313	-0.0001193	-9.3E-5	0.0001092	0.0001883	0.0003587	0.000258	0.0002064	7.744E-5	-5.449E-5	-6.378E-5	0.0002244	-9.691E-5	-6.501E-6	-2.56E-5	0.0002513	-5.552E-5	-8.822E-5	9.297E-5	-8.076E-5
649.409	15398.61	7.052E-5	0.0003724	0.0002844	0.0003579	0.0004551	0.0005083	0.000233	0.0003848	0.0003908	0.000185	0.0003537	5.586E-5	0.0002689	4.89E-5	9.631E-5	4.277E-5	0.0001078	0.0001488	4.862E-5	0.0001566	-3.831E-5	0.000208	9.135E-6	9.373E-5	5.989E-5	-0.0001304	0.0001441	8.843E-5	9.636E-5	5.39E-5	0.0001461
649.986	15384.94	0.0003211	0.000536	0.0003579	0.000345	0.0006188	0.0004311	-4.567E-5	0.0003917	0.0001138	0.0001181	0.0002011	7.662E-5	0.0003939	1.394E-5	0.0001455	-3.386E-5	-6.786E-5	0.0001828	3.424E-5	0.0002635	3.183E-5	5.929E-5	-0.0001274	0.0001498	0.0001333	-7.68E-5	0.0002707	0.0001509	0.0001167	-3.465E-5	0.0001249
650.563	15371.30	1.376E-5	0.0003647	-5.593E-5	-0.0001634	0.0001116	0.0001646	-0.0001176	6.441E-6	-0.0003622	-0.0002847	-0.0001691	-0.0002167	-0.000172	-0.0001629	-0.0001501	-0.0001039	-0.0003877	7.022E-5	-5.577E-6	-0.0002544	-0.0001461	4.198E-5	-0.0003401	7.536E-5	-6.424E-5	6.733E-5	3.907E-5	-0.0001446	-0.0001709	-0.0003504	2.467E-6
651.140	15357.69	-8.749E-5	0.0001069	-0.0001023	-0.0001135	9.663E-5	1.687E-5	-0.0004151	-2.688E-6	-0.0002072	-0.0003325	-0.000285	-0.0003597	-0.0001302	-0.0001545	-0.0002815	-0.0002345	-0.0002709	-0.0001166	-0.000274	-0.0003702	-0.0003014	-0.0003403	-0.0003453	0.0001409	-0.0005476	-0.0001947	-0.0001286	-0.0002877	-0.0001582	-0.0002794	-0.0001246
651.716	15344.10	0.0003032	0.0001268	0.000167	-5.811E-5	7.367E-5	0.0001294	-0.0002365	0.0002308	-5.288E-6	-0.0003718	-2.081E-5	-0.0002532	-7.418E-5	-0.0003588	-0.0001573	-0.0001002	-0.0001662	-4.387E-5	-7.328E-5	-0.0003316	-2.329E-5	-0.0004732	-0.0002465	-6.989E-5	-0.0001142	3.433E-5	-0.000294	-0.0002249	-0.0001214	5.401E-6	7.075E-5
652.293	15330.53	0.0001769	0.0001428	0.0002763	-4.457E-5	2.478E-5	0.000176	1.208E-5	1.681E-5	-7.748E-6	-0.000282	-1.366E-5	-0.0002479	-1.039E-5	-5.108E-5	-4.715E-5	5.659E-5	-7.668E-5	8.484E-5	-2.762E-5	-0.0003606	-0.0002163	-0.0002121	-0.0001916	-0.0002357	-5.751E-5	5.479E-5	-0.0001295	-0.0001138	-0.0001264	-0.0001543	-0.0003397
652.870	15316.99	0.0003724	0.0002825	0.0003405	9.951E-5	6.036E-5	0.0002349	2.124E-5	0.0001297	-5.468E-5	1.989E-5	0.0001164	-0.0001119	3.948E-5	2.853E-5	-4.151E-5	0.0002343	-6.926E-5	-1.845E-5	4.33E-5	0.0001537	0.0001311	6.941E-5	-0.0001562	-8.092E-5	-0.0002	0.0001097	6.296E-5	-9.276E-6	-0.0001449	-7.389E-5	4.047E-5
653.446	15303.47	0.0002855	0.00013	2.693E-5	0.0001458	8.707E-6	0.0001946	-0.0001402	0.0001885	0.0002182	6.726E-5	2.059E-5	-0.0001157	-4.749E-5	6.144E-5	-0.0002287	2.29E-5	1.971E-5	-3.61E-5	-1.18E-5	-1.678E-5	8.656E-5	-0.0001905	-0.0001485	-0.0001366	-0.0002118	-0.0003018	-0.0001319	-0.0001644	6.181E-5	-2.138E-5	0.000154
654.023	15289.98	0.0001819	4.967E-5	0.0001334	-2.128E-5	6.37E-5	0.0002355	-4.802E-5	6.53E-5	0.0003328	-8.541E-6	5.641E-5	-0.0001282	0.0001776	0.0001808	-4.571E-5	0.0001083	8.808E-5	-5.416E-5	4.672E-5	-7.703E-5	3E-5	-1.037E-6	9.758E-5	-9.048E-5	-1.327E-5	-0.0001165	-0.0003755	-1.258E-5	6.259E-5	0.0001441	5.936E-5
654.600	15276.51	0.0001994	-0.0002279	5.65E-5	7.144E-5	0.0001471	0.0002848	0.0001077	0.0001073	0.0001686	0.0002701	-0.0001933	-6.628E-5	0.0001828	0.0001492	0.0002637	0.0001067	-8.203E-5	0.0001102	1.165E-5	0.0001353	-2.54E-5	0.0001078	0.0002228	5.674E-5	0.0002182	-2.952E-5	-9.607E-6	0.0001592	6.461E-5	-4.609E-5	0.000176
655.177	15263.06	4.136E-5	-0.0002187	-0.0001072	-0.0001333	-2.91E-5	-2.02E-5	-0.0001137	-1.09E-6	-6.402E-5	-5.903E-5	-0.0003009	-0.0002094	-6.456E-5	-0.0001362	7.355E-6	-0.0001335	-0.0001301	-0.0002001	-0.0001044	-0.0002229	-0.0002674	-0.0001186	-3.369E-5	-5.61E-5	0.0001393	-0.0001109	-3.592E-5	-5.723E-5	1.914E-5	6.508E-5	-8.102E-5
655.753	15249.64	-0.0001567	-0.0003228	-0.0003484	-0.0002782	-0.0004186	-0.0002552	-0.0006462	-0.0006325	-0.000504	-0.0006202	-0.000592	-0.0007015	-0.0006306	-0.0007014	-0.0007504	-0.0006012	-0.0008459	-0.0006529	-0.0006332	-0.0008263	-0.0008838	-0.000763	-0.0007511	-0.0006926	-0.0005875	-0.0007403	-0.0008193	-0.0005548	-0.0008148	-0.0007438	-0.0008913
656.330	15236.24	-0.0001158	-3.533E-5	-0.0001933	-0.0001572	-0.000311	-0.0001806	-0.0006116	-0.0004324	-0.0005717	-0.000395	-0.0005088	-0.0006861	-0.0005439	-0.0008161	-0.0005288	-0.0006218	-0.0007438	-0.0004596	-0.0007213	-0.0005482	-0.0007968	-0.0008853	-0.000765	-0.0005017	-0.0007732	-0.0005619	-0.0006319	-0.0004975	-0.0008391	-0.0009275	-0.0008132
656.907	15222.86	-5.328E-5	-0.0003816	-9.866E-5	-0.0003544	-0.000561	-0.0005399	-0.0006822	-0.000461	-0.0006365	-0.00059	-0.0005203	-0.0007418	-0.0006994	-0.0007602	-0.0005361	-0.0005539	-0.0008186	-0.0005228	-0.0004817	-0.0005799	-0.0007011	-0.0007193	-0.0008527	-0.000311	-0.0007525	-0.0008188	-0.0007821	-0.0006693	-0.0008537	-0.000679	-0.0007415
657.483	15209.51	7.694E-5	7.773E-5	5.083E-5	-0.0001238	6.102E-6	-0.0002407	-0.0004261	-0.0003902	-0.0006591	-0.0003948	-0.0006037	-0.0005535	-0.0004459	-0.0003721	-0.0002598	-0.0004479	-0.0003858	-0.000369	-0.0003574	-0.0006678	-0.0004756	-0.0003144	-0.000362	-0.0002799	-0.0003379	-0.0005939	-0.0006876	-0.0004838	-0.0003535	-0.0003601	-0.0004632
658.060	15196.18	-0.0002736	-0.0001225	-0.0002233	-0.0001158	-0.0001907	-0.0004351	-0.0004905	-0.0004469	-0.0005322	-0.000568	-0.0007346	-0.0006304	-0.0005134	-0.000592	-0.0004877	-0.0004215	-0.0004631	-0.0007654	-0.0006597	-0.0006488	-0.0005558	-0.0004842	-0.0005121	-0.0006917	-0.0004357	-0.0006528	-0.0005172	-0.0006271	-0.0003739	-0.0006167	-0.0006462
658.637	15182.87	-0.0001671	-0.0003362	-6.579E-5	3.129E-6	-0.0002361	-0.0001769	-0.0003456	-0.0003681	-4.372E-5	-0.0004989	-0.0002347	-0.0004827	-0.0002932	-0.0003531	-0.0001259	-7.329E-5	-0.000213	-0.0005496	-0.000337	-0.0003409	-0.0001671	-0.0002545	-0.0003257	-0.0004401	-0.0001996	-0.0004114	-0.0003814	-0.0004897	-0.0002511	-0.000485	-0.0004991
659.214	15169.59	8.466E-5	-8.246E-5	-0.0001113	0.0001315	-0.0002013	0.0001899	8.548E-5	-0.0001133	0.0003378	-0.000126	0.0002198	-0.0003232	-1.927E-6	7.646E-5	5.415E-5	0.0001438	-8.364E-5	5.586E-5	2.941E-5	-5.225E-5	-5.27E-5	4.992E-5	-3.228E-5	-6.028E-5	7.451E-5	0.0001072	-0.0002125	0.0001624	-0.0001085	0.000118	-0.0001059
659.790	15156.33	-7.583E-5	0.0001014	-6.48E-5	-0.0001119	-6.891E-5	7.818E-5	-4.756E-6	-3.134E-5	0.0001087	-0.0001416	-3.116E-5	-0.0002797	-5.701E-5	1.002E-5	-0.0003733	1.613E-5	8.004E-6	-0.0001707	-0.0001704	-0.0001595	-0.000148	-0.0001819	-0.0002047	-2.72E-5	0.000144	1.685E-5	-0.0001934	3.987E-5	-0.000358	-4.334E-5	-9.852E-5
660.367	15143.10	0.000115	0.0001189	0.0003068	5.772E-5	3.898E-5	0.0001265	2.527E-5	4.324E-5	-9.823E-5	-0.0001697	6.446E-6	-5.508E-5	0.0002039	-0.0002326	-0.0001942	0.0001103	-0.0001427	-0.000178	-0.0001376	-1.717E-5	-0.0003087	-6.182E-5	-0.000272	8.305E-6	0.0001694	-0.0001074	-0.0001615	-0.0003219	-0.0001758	-7.762E-5	0.0002425
660.944	15129.88	0.0002789	5.313E-5	0.0003219	0.0001715	9.377E-5	0.0002137	-1.979E-5	-0.0001254	-0.0003673	-8.818E-5	-5.403E-5	-0.0001543	-0.0001269	-0.0003327	1.232E-5	-3.741E-5	-0.0001468	-0.0003786	-0.0001326	-0.0002263	-0.000327	2.264E-5	-0.0002461	-0.0001244	-0.0001531	-0.0002857	-6.894E-5	-0.0002924	-0.0001859	1.285E-5	1.321E-5
661.520	15116.69	0.0001056	-9.108E-5	0.0001384	6.877E-6	0.0001507	-0.0002677	-0.0002496	-0.0002127	-0.000473	-0.000503	-0.0001581	-0.0003875	-0.0002877	-0.0005765	-0.0002337	-0.0002754	-0.0002578	-0.0004629	-0.0003117	-0.0004927	-0.0004236	-0.0003121	-0.0003359	-0.0003667	-0.0003553	-0.0002258	-0.0002473	-0.000395	-0.000503	-0.0001647	-0.0004817
662.097	15103.53	-7.828E-5	0.0001368	0.0002615	0.000283	0.0002661	-7.582E-5	-9.649E-5	-9.41E-5	3.058E-5	-0.0002981	0.000104	-0.0002967	-0.0001759	-0.0001418	-2.246E-5	-0.0001906	-0.0001293	-0.0001242	0.0001642	-0.0001457	6.414E-5	-9.899E-5	-0.0001627	0.0001095	-0.0002385	-0.0002249	0.0001628	-7.817E-5	-2.614E-5	-0.000107	-0.0002104
662.674	15090.38	4.777E-5	0.0004009	0.0003022	0.0006617	0.0004067	0.0002179	0.000397	0.0003752	0.0002644	0.0002078	0.0001942	0.000199	0.0003879	0.00043	0.0002465	0.0002673	0.0003338	0.0003104	0.0004286	0.0003576	0.0004332	0.0002991	0.0003294	0.0004247	0.0001389	2.556E-5	0.0004957	0.0003178	0.0004834	0.0004664	0.0003394
663.250	15077.26	0.0002924	0.0005598	0.0003442	0.0005672	0.0003861	0.0005226	0.0005626	0.0006817	0.0004927	0.0007913	0.0006023	0.0008528	0.0007259	0.0008844	0.0005915	0.0009178	0.0009806	0.0006757	0.0005586	0.0007057	0.0006471	0.0006284	0.0006531	0.0007499	0.0006267	0.000457	0.0005253	0.00073	0.0009804	0.0008596	0.0007445
663.827	15064.16	5.092E-5	0.0001817	0.0002054	0.0002557	0.0004087	0.0004299	0.0002614	0.0006002	0.0005191	0.0006008	0.0005968	0.0005675	0.0007201	0.0004884	0.0004076	0.0005989	0.0009507	0.0005959	0.0003369	0.0004831	0.0004087	0.00075	0.0006058	0.0007928	0.0003645	0.0003258	0.0002973	0.0004715	0.0006936	0.0005891	0.0005892
664.404	15051.09	0.0001508	-5.297E-5	0.0002454	5.067E-5	0.0002552	0.0001729	0.0001341	0.0004711	0.0004408	0.000326	0.0005313	0.0004235	0.0005214	7.426E-5	0.0004655	0.0004416	0.0006054	0.0005457	0.0004414	0.0004335	0.0002788	0.0005503	0.0005508	0.0005798	0.000392	0.0003937	0.000375	0.0003867	0.0003416	0.0003691	0.0006981
664.981	15038.03	0.0003004	5.029E-5	0.0002241	-0.0001029	0.0001525	0.0001817	0.0003188	0.0001027	0.0001208	0.0002915	0.0002189	0.0002832	0.0002901	0.0001389	0.0005	0.0003464	0.0002888	0.0002312	0.0001431	0.000121	-5.634E-5	0.0003926	0.0003625	0.0004361	0.0002746	0.0001884	0.0001595	0.000378	0.0003118	0.0005332	0.0005043
665.557	15025.00	5.86E-5	9.503E-5	0.0002526	-0.0001439	0.0002103	0.0002086	0.0001166	0.0002946	3.356E-5	4.156E-5	-8.896E-5	5.238E-5	-2.5E-7	0.0001264	0.0003211	-0.0001597	0.0001548	0.0002339	-3.071E-5	-8.969E-5	3.754E-5	0.0002201	0.000366	0.0002882	-1.717E-5	0.0001422	8.932E-5	0.0001812	0.0002056	0.0001343	1.28E-5
666.134	15011.99	-0.0002541	0.0001991	2.417E-5	-6.504E-5	-6.082E-5	9.01E-5	-0.0001973	8.119E-5	-8.425E-5	-0.0002643	-0.0002216	-0.0001223	3.846E-5	7.225E-5	4.239E-5	-0.0003986	2.694E-5	-0.0001245	-8.326E-5	-0.0001394	0.0001263	0.0003052	0.0001979	3.402E-7	-1.773E-5	0.0001601	0.0002722	0.0001361	4.064E-5	-0.000181	-5.1E-5
666.711	14999.01	-0.0003983	0.0002342	-0.0001118	-6.337E-5	-0.0002433	-7.012E-5	-0.0002367	-0.0003905	-0.0003614	-0.0004417	-0.0005288	-0.0002197	-0.0001966	-0.0003356	-0.0003962	-0.0005464	-0.0002597	-0.0002915	-0.0002536	-0.0001379	-0.0002055	-9.219E-5	-0.0003036	-0.0003549	-0.0001119	-1.995E-5	-9.026E-5	-0.0004116	-0.0001359	-0.0002593	-0.0002897
667.287	14986.05	-0.0001773	4.149E-5	-0.0001995	-5.063E-5	-0.0001249	-0.0001932	-0.0003513	-0.0003253	-0.000467	-0.0004091	-0.0006078	-0.0002502	-0.0003215	-0.0004319	-0.0004536	-0.0003651	-0.0004304	-0.0003716	-0.0002727	-0.0003245	-0.0002921	-0.000428	-0.0004175	-0.0002999	-0.0001744	-0.0001027	-0.0001792	-0.000373	-0.000297	-0.0004089	-0.0004585
667.864	14973.10	-0.0001982	-8.143E-5	9.009E-5	-6.222E-5	5.824E-6	-0.0001973	-0.0002013	-0.0004167	-0.0002881	-0.0003534	-0.0003036	-0.0003747	-0.0001872	-0.000455	-0.0003103	-0.0002241	-0.0004398	-0.0005466	-0.000194	-0.0003114	-0.0004265	-0.0003145	-0.0002167	-0.0001649	-0.0001948	-0.0003992	-0.0001721	-1.475E-5	-0.0003759	-0.0002986	-0.0002992
668.441	14960.19	-9.833E-5	6.504E-5	0.000394	0.0001247	4.549E-5	8.678E-5	1.5E-6	-0.0002903	-0.0002189	-0.0002601	-0.000218	-0.0003038	-0.0001712	-0.0004409	-0.0002979	-0.0001344	-0.0002524	-0.0002216	-7.627E-5	-0.0002481	-0.0003394	-0.0001823	-0.0001855	-0.0002196	-0.0001752	-0.0004226	-5.446E-5	-0.0001845	-0.0003919	-6.035E-5	-4.734E-5
669.018	14947.29	1.824E-5	1.245E-5	0.0001492	-4.12E-5	-0.000213	0.0001248	-0.0001143	-0.0002224	-0.000192	-0.0002582	-0.0002395	-0.0002718	-8.666E-5	-0.0003498	-0.0002304	-0.0003256	-0.0002697	-0.0002237	-0.0003242	-0.0004086	-0.0003426	-0.0003706	-0.0002213	-0.0003527	-0.0001295	-0.0003414	-0.0001487	-0.0003434	-0.0002385	-0.0002508	-0.0001758
669.594	14934.42	0.0001908	6.366E-5	0.0003396	0.0001816	-2.775E-5	0.0001863	0.0001961	-0.0001382	-2.608E-5	-2.852E-5	-0.0001649	-0.0001442	0.0001333	-0.000186	-2.834E-5	-0.0001205	-0.0001795	-0.000267	-0.0002728	-0.0001016	-0.0002488	-0.0002069	-0.0001448	-0.0001478	-2.223E-5	-0.0001304	-0.000138	3.198E-5	-8.494E-5	-4.167E-5	-0.0001665
670.171	14921.56	-9.325E-5	-6.771E-5	5.201E-6	0.0001042	-0.0001236	3.213E-5	-0.0001652	-0.0002396	-0.0003754	-0.000175	-0.0003968	-0.0002775	-2.983E-5	-0.0003227	-0.0001534	-0.0002929	-0.0002079	-0.0004398	-0.000381	-0.0001456	-0.0001604	-0.0002067	-0.0004455	-0.0001657	-0.0002734	-0.0003251	-0.0003624	-0.0001788	-0.0001324	-6.084E-5	-0.0002449
670.748	14908.74	-7.692E-5	2.079E-5	-0.0001164	-2.35E-5	7.734E-6	-2.594E-5	-0.0002413	-0.0002597	-0.0003061	-0.0002532	-0.0001039	-0.0001198	0.0001708	-0.0001063	-6.562E-5	-0.0002474	-0.0001968	-0.0002746	-0.0001724	-0.0002306	-2.574E-5	-0.0001424	-0.0003395	-6.707E-6	-0.0001484	-0.0002656	-0.000131	-0.0002855	-0.0001486	2.606E-6	-0.0001458
671.324	14895.93	0.000134	0.0001781	0.0001182	-9.414E-5	-5.902E-5	0.0001616	-5.786E-6	4.463E-5	-1.96E-6	-0.0002363	-1.813E-5	4.875E-5	0.0001052	-0.0002029	-3.052E-5	-3.812E-5	-7.816E-5	3.471E-5	1.309E-6	-0.00014	2.635E-5	-0.0001911	-5.631E-5	1.044E-5	-2.112E-5	1.579E-5	-2.457E-5	-0.0002266	-2.263E-5	-2.465E-5	-3.016E-7
671.901	14883.14	-0.0001444	-0.0001019	-4.5E-5	-0.0001681	-0.0001639	-0.0001389	-0.0001565	-0.0002405	-0.0002775	-0.0003265	-8.356E-5	-0.0001971	-0.0001315	-0.0003395	-0.0002787	-8.493E-5	-0.0002623	-4.355E-5	1.1E-5	-0.0001947	-0.0002001	-0.0004045	-0.0001457	-0.0002301	-0.0003099	-0.000213	-0.0001923	-0.0002642	-0.0002901	-0.0002594	-0.0002868
672.478	14870.38	-0.0003196	-0.000417	-0.0003312	-0.0004581	-0.0003193	-0.0004336	-0.0001653	-0.0005296	-0.0006008	-0.0003868	-0.0003026	-0.0006013	-0.000418	-0.0004593	-0.0005146	-0.0004055	-0.0003928	-0.000521	-0.0002058	-0.0003249	-0.00057	-0.0005592	-0.000421	-0.0004937	-0.0005527	-0.0004127	-0.0004753	-0.0003925	-0.0004336	-0.0003262	-0.0005912
673.055	14857.64	-6.194E-5	-0.0004115	-0.0003467	-0.0002616	-0.0004568	-0.0002865	-6.544E-5	-0.0003555	-0.0002955	-0.0002133	-7.307E-5	-0.0003918	-0.0001595	-0.0001339	-0.000266	-0.0001494	-0.0002218	-0.0002555	-0.0002942	-0.0002481	-0.0004789	-0.0001972	-0.0003399	-0.0003726	-0.0004523	-0.0002331	-0.0002751	-0.0003251	-0.0003194	-0.00019	-0.000494
673.631	14844.92	-5.361E-5	-0.0002343	-0.0001947	-7.685E-5	-0.0006533	-0.00017	-0.000187	-0.0002251	-0.0002701	-0.0002976	0.0001172	-0.0004373	4.182E-5	-0.0001089	-0.0002139	-0.0001121	-0.0001915	5.095E-5	-0.0002666	-0.000204	-0.0003366	-0.0001586	-0.0004496	-0.0003504	-0.0002628	-0.0001767	-0.0001328	-0.0001812	-0.0003027	-0.0003805	-0.0002753
674.208	14832.22	-0.0001611	-0.0003635	-6.204E-5	-5.992E-6	-0.0007915	-0.0001816	-0.0002187	-0.0003458	-0.0001876	-0.0004674	-6.059E-5	-0.0004598	-9.745E-5	-0.0003808	-0.0004741	-0.0003886	-0.0002985	-0.0002544	-0.0004207	-0.0002946	-0.0005599	-0.0004994	-0.0006124	-0.0006434	-0.0005152	-0.000323	-0.0004383	-0.0004443	-0.0003984	-0.0005629	-0.0004535
674.785	14819.54	-0.0003103	-0.0005362	-0.0003528	-0.0003641	-0.0007498	-0.0003581	-0.0004234	-0.0005598	-0.000436	-0.0006224	-0.0004303	-0.0005181	-0.0004477	-0.0004993	-0.0007177	-0.0004586	-0.000459	-0.0005818	-0.0006561	-0.0005861	-0.0007082	-0.0006266	-0.0005423	-0.0008261	-0.0006397	-0.000631	-0.0005354	-0.0006467	-0.0006957	-0.0006827	-0.0006119
675.361	14806.89	-0.0003027	-0.0004341	-0.0004583	-0.0003095	-0.0004534	-0.0002999	-0.0002965	-0.0003361	-0.0003088	-0.0004208	-0.0003626	-0.0002987	-0.0005004	-0.0004112	-0.0003943	-0.0002896	-0.0004814	-0.0004109	-0.0004462	-0.0005115	-0.0004846	-0.0003916	-0.0003084	-0.0005392	-0.0004071	-0.0005502	-0.0004226	-0.0003271	-0.0007861	-0.0004223	-0.0006499
675.938	14794.25	-0.0001711	-0.0002437	-0.000206	-0.0002081	-0.0003714	-0.0001195	-0.0002638	-0.0001611	3.566E-6	-0.0002326	-0.0001152	-0.0003016	-0.000225	-0.000196	-0.000169	-0.0002435	-0.0003384	-0.000165	-8.556E-5	-0.0003085	-0.0003138	-0.0004524	-0.0002045	-0.0003516	-0.0002447	-0.0004986	-0.0004111	-0.0004	-0.0005987	-0.0003522	-0.0005431
676.515	14781.64	2.163E-5	-2.273E-5	-8.684E-6	-9.457E-5	-0.0001975	0.0001557	-0.0002189	-6.564E-5	-7.899E-5	-0.0002522	-0.0001788	-0.0001874	-5.273E-5	-0.0002957	-0.0002254	-0.0002717	-0.0002697	-0.0001477	8.826E-5	-0.0003127	-0.0002035	-0.000336	-0.0002298	-0.0002068	-0.0003059	-0.0002352	-0.0001835	-0.0004247	-0.0003082	-0.000407	-0.0002565
677.092	14769.05	0.0002798	0.0002801	0.000154	6.561E-5	-4.863E-5	0.0002119	1.418E-5	0.0001803	-7.981E-5	3.955E-5	-0.0002456	2.055E-5	8.377E-5	-0.0002697	-0.0001286	-5.741E-5	-0.0001623	0.0001127	0.000105	-9.361E-5	5.187E-5	-0.0002535	-0.0001279	2.088E-5	-0.0003211	-0.0001609	-0.0001579	-0.0002321	-0.0002404	-0.0001912	5.094E-5
677.668	14756.48	0.0001515	0.0001174	-8.495E-5	1.228E-5	-0.0002189	2.789E-5	-0.0001786	-0.0001149	-0.0002319	-0.0001571	-0.0004305	-0.0002197	-0.000124	-0.0003049	-0.0001546	-0.0003493	-0.0003914	-0.0001566	-0.0002591	-2.261E-5	-0.0001072	-0.0002532	-0.0003928	-9.051E-5	-0.0004316	-0.0004855	-0.0003066	-0.0002909	-0.0002222	-0.0005243	-0.0002183
678.245	14743.94	-3.819E-5	-0.000158	-9.481E-5	4.669E-5	-0.0003646	2.335E-5	-0.0001261	-0.0003274	-0.0004247	-0.0004467	-0.000427	-0.0004627	-0.0002568	-0.0003881	-0.0002001	-0.0005229	-0.0003549	-0.0003776	-0.0003017	-0.0003465	-0.000337	-0.00024	-0.0004332	-0.0003239	-0.0005945	-0.0004713	-0.0005075	-0.0003497	-0.0005123	-0.0005321	-0.0004549
678.822	14731.41	0.0001711	-3.522E-5	0.000236	0.000185	-0.0002432	0.0001683	7.178E-5	-0.0001571	-0.000187	-4.177E-5	-0.0001029	-0.0003954	-4.653E-6	-0.0001812	-7.007E-5	-0.0002793	-0.0001955	-0.0001252	-0.0001182	-0.0002908	-0.0003201	-8.313E-5	-0.0001356	-0.0002657	-0.0003213	-0.0001483	-0.0003155	-9.144E-5	-0.0002991	-0.000299	-0.0003453
679.398	14718.91	0.0001817	3.264E-5	0.0001551	-0.0001115	-9.692E-5	0.0001811	-4.847E-5	-0.0001325	-0.0002132	-7.558E-5	-0.0001441	-0.0003607	2.408E-5	-0.0001587	-0.0001085	-0.0002074	-0.0002236	-0.0001451	-0.0001071	-0.0001381	-0.0003469	-1.47E-5	-0.000121	-0.0002523	-0.0003342	-7.011E-5	-0.0002217	-0.0001575	-0.0002172	-0.0002391	-0.0002628
679.975	14706.42	-0.0001134	-1.604E-5	-0.000125	-0.0003395	-0.0002246	-0.0002806	-0.0003426	-0.0003711	-0.0003186	-0.0003228	-0.0004296	-0.0004318	-0.000328	-0.0003849	-0.000511	-0.0003529	-0.0003899	-0.0004897	-0.0002505	-0.00044	-0.0003763	-0.0002359	-0.0002456	-0.0003291	-0.0004993	-0.0002335	-0.000594	-0.0004959	-0.0004049	-0.0004642	-0.0004723
680.552	14693.96	1.999E-5	6.137E-5	6.79E-5	-0.0001442	2.47E-5	-0.0002442	-0.0002894	-0.0003995	-0.0001546	-0.0002819	-0.0004458	-0.0005483	-0.00032	-0.0003161	-0.0003557	-0.0002627	-0.0004557	-0.0004501	-0.0002839	-0.0004221	-0.0004874	-0.0003676	-0.0004333	-0.000282	-0.0003641	-0.0002478	-0.0004144	-0.0004326	-0.0003059	-0.000285	-0.000435
681.128	14681.52	0.0001564	0.0002082	0.00019	6.362E-5	9.664E-5	0.0001545	-9.183E-5	-0.0003729	-0.0001401	-0.000291	-0.0001767	-0.0005231	-0.0003227	-0.0001841	1.105E-5	-0.0002492	-0.0003465	-0.000307	-0.000264	-0.0001388	-0.0003517	-0.0003575	-0.0003253	-3.312E-5	-0.0001979	-0.0002753	-0.0001755	-0.0001592	-8.466E-5	-0.0001232	-0.0004309
681.705	14669.10	8.767E-5	0.0001984	1.797E-5	6.333E-5	0.0001583	8.212E-5	-9.755E-5	-0.0003125	-0.0002761	-0.000168	-0.000162	-0.0004192	-0.000102	-0.0002036	-4.678E-5	-0.0002528	-0.0002227	-0.0003087	-0.0002294	-0.0001332	-0.0002427	-0.0002804	-0.0003599	-9.355E-6	-0.0002146	-0.0001699	-0.0002454	-0.0002022	-0.0002807	-0.0002452	-0.000408
682.282	14656.70	0.0001539	0.0002982	2.161E-5	0.0003548	0.0003279	9.29E-5	-6.461E-5	8.713E-5	-0.0001546	-4.3E-5	-0.0001579	-0.0002605	9.473E-6	-0.0001496	-0.0001046	-7.371E-5	-0.0001592	-0.0003453	-4.692E-5	-0.0002227	-0.0003307	-0.0001823	-0.0003732	2.214E-5	-0.0003249	-0.0001466	-0.0001745	-0.000122	-0.0002815	-0.0003331	-0.0001953
682.859	14644.32	0.0001358	0.0001409	-1.533E-5	0.0003486	0.0003141	2.907E-5	-0.0002683	-0.0001179	-0.0001121	-0.0001731	-0.0003103	-0.0003236	-0.0001115	-0.0003363	-0.0001698	-0.0001378	-0.0003246	-0.0003247	-9.887E-5	-0.000243	-0.0002409	-0.0004124	-0.0003099	-0.0002831	-0.000272	-0.000255	-0.0001687	-4.258E-5	-0.0002199	-0.000213	-0.0001998
683.435	14631.96	-0.0001571	-8.71E-5	-0.0001474	-6.163E-5	-0.0001309	-0.0002468	-0.0004331	-0.0003637	-0.0002762	-0.000442	-0.0005526	-0.0005834	-0.0003589	-0.0003996	-0.0003258	-0.0003305	-0.0003819	-0.0004997	-0.0003427	-0.0003828	-0.0004092	-0.0005325	-0.0004267	-0.0005779	-0.0004503	-0.0004425	-0.0004018	-0.0003475	-0.0005209	-8.988E-5	-0.000398
684.012	14619.63	-9.944E-5	-3.944E-6	-0.0001766	-1.993E-5	-0.0002488	-0.000151	-0.0002219	-0.0002743	-0.000433	-0.000435	-0.0005286	-0.0004299	-0.0003414	-0.0003454	-0.0002628	-0.0003964	-0.0003653	-0.0005402	-0.0004686	-0.0004989	-0.0005887	-0.0005349	-0.0005429	-0.0003997	-0.0006555	-0.0005596	-0.0004566	-0.0004473	-0.0006008	-0.0001985	-0.0003646
684.589	14607.31	0.0003384	9.433E-5	0.0002392	0.0003579	-0.0001641	0.000108	5.16E-5	-0.0001972	-0.0002608	-0.0001795	-0.0002503	-0.0001194	0.0001272	-0.0003143	-9.214E-5	-0.0001999	-0.0001933	-0.0002417	-0.0003067	-0.0001579	-0.0002606	-0.0003366	-0.00018	-0.0001577	-0.0003234	-0.0004047	-6.777E-5	-0.0002381	-0.000163	-0.0003253	-6.762E-5
685.165	14595.02	0.0004311	0.0001126	0.0003634	0.000283	-9.611E-5	0.0003044	3.661E-5	-0.0001403	-9.772E-5	-9.546E-5	6.192E-7	-0.0002151	0.0001713	-0.0002131	-4.374E-5	-6.046E-5	-0.0001659	8.87E-6	-4.079E-5	-7.618E-5	-1.548E-5	-4.298E-5	-1.606E-7	-0.0001366	-0.0001327	-0.0001975	0.0001129	0.0001171	1.455E-5	-0.0001592	-5.673E-5
685.742	14582.74	0.0002748	2.525E-5	7.75E-5	0.0001096	-0.0001218	0.000133	4.92E-5	-0.0001372	-0.0002107	-0.0001222	4.803E-5	-0.0003833	-0.0001023	3.516E-5	-5.418E-5	-0.0001715	-0.0002086	8.759E-5	-7.75E-5	-0.0002525	-9.355E-5	-5.389E-5	-5.555E-5	-5.707E-5	-0.0001523	-0.0003247	7.142E-5	1.326E-5	-0.000302	-0.0001197	-0.000183
686.319	14570.49	-1.357E-5	-6.984E-6	-3.838E-5	-7.744E-5	0.0001035	-3.927E-5	6.83E-5	-3.89E-5	2.281E-5	-9.191E-6	3.807E-5	-0.0002073	-0.0001577	-0.0001938	0.0001075	-0.0002059	-0.0001963	0.0002495	2.693E-5	-0.0001329	-0.0001165	-0.0002659	2.59E-5	0.0001581	-0.0001513	-0.000246	6.466E-6	-0.000103	-0.0004191	-7.04E-5	-5.02E-5
686.896	14558.25	-6.914E-5	-5.409E-5	0.0001142	-0.0001619	2.873E-5	4.729E-5	-0.0001087	3.441E-5	0.0001585	0.0001137	6.809E-5	-7.21E-5	-4.128E-6	-0.0001921	0.0001781	-0.0002342	-6.25E-5	0.000148	8.949E-5	-0.0001025	6.568E-5	-0.0001409	0.0002148	0.0002718	-0.0001055	-2.186E-5	3.995E-5	2.326E-5	-0.0001681	0.0001299	-9.17E-6
687.472	14546.04	0.000171	0.0001248	0.0002317	0.0001158	3.083E-5	0.0001156	0.0001026	-2.626E-5	0.0001075	7.049E-5	0.0001205	5.719E-5	1.42E-5	0.0001169	0.0001317	5.165E-5	7.775E-5	0.0001297	5.626E-5	-2.286E-5	0.00017	0.0002286	0.0001281	0.0002307	0.000106	0.0001573	0.0002492	3.511E-5	0.0002606	0.0001389	0.0001271
688.049	14533.85	0.0001626	0.0002242	0.0002235	0.0001046	0.0002754	0.0002005	0.0003025	0.0002009	0.0001125	0.000252	0.0001308	0.0001395	0.0001259	4.698E-5	0.0002383	0.0002044	9.319E-5	0.0002028	-2.83E-5	0.0002316	0.0002067	0.0003036	0.0001496	0.0002395	7.4E-5	6.25E-5	0.0002645	0.0001239	0.0002665	0.0001359	0.0001295
688.626	14521.68	0.0004587	0.0003845	0.0003911	0.000231	0.000572	0.0004524	0.000476	0.000529	0.0003665	0.0005246	0.0004691	0.0004933	0.0005368	0.0003047	0.0005639	0.0004133	0.0005508	0.0004568	0.0003082	0.0005745	0.0005445	0.0005032	0.0003848	0.0004409	0.0002619	0.0002396	0.0005467	0.000456	0.0004554	0.0003014	0.0003476
689.202	14509.53	0.0001458	0.000151	0.0001489	8.829E-5	0.0001749	0.0002774	0.0001411	0.0001217	0.0001476	0.0001866	0.0002758	0.0001978	0.0003527	0.0001189	0.0002271	0.0002475	0.0003113	0.000158	0.000225	0.0002608	0.0001261	3.506E-5	0.000101	0.000157	0.0001482	0.0001276	0.0002303	0.0002631	3.33E-5	0.000136	0.000193
689.779	14497.39	-0.0002583	-6.318E-5	-0.0002331	-8.716E-5	-0.000184	-0.0001988	-0.0001391	-0.0002234	2.315E-5	-1.783E-5	8.126E-5	-0.0003052	5.903E-6	-0.0003092	-1.997E-5	-0.0001024	-0.0002037	-0.000294	-0.0001169	-0.0002456	-0.0002241	-0.000381	-0.0003059	-0.0001849	-0.0001881	-0.0002862	-0.0002339	5.178E-5	-0.0003601	-0.0001463	-0.0002032
690.356	14485.28	-0.0002014	-9.74E-5	-0.0001665	0.0001062	-0.0001479	-0.0001022	-6.965E-5	-6.454E-5	0.0001292	-0.0002204	-8.831E-5	-0.0002479	-8.019E-6	-0.000171	1.76E-5	-7.209E-5	-0.0003749	-0.0001712	-3.486E-5	-0.0002464	-9.045E-5	-0.0001114	-0.0004029	-7.967E-5	-0.0002782	-0.0002202	-0.000309	3.569E-5	-0.00022	-3.516E-5	-0.0003573
690.933	14473.19	-9.997E-5	-9.535E-5	8.845E-5	2.184E-5	4.386E-5	-4.662E-5	-6.846E-5	8.086E-5	3.613E-5	-0.0001182	-0.0001328	-6.311E-5	-0.0001125	0.0001602	-6.266E-5	-8.474E-5	-0.0002349	-8.512E-5	-5.433E-5	-9.025E-5	-9.669E-5	0.0001379	-0.0002021	-9.384E-5	-0.0001571	-0.0001294	-0.0002689	-1.499E-5	-0.0002916	4.145E-5	-0.0002516
691.509	14461.12	-1.738E-5	-5.022E-5	0.0001147	-0.000163	9.745E-5	1.433E-6	1.931E-6	-0.0001261	0.0001774	0.0001399	-1.263E-5	-7.807E-5	5.48E-5	0.0001259	7.637E-5	2.864E-6	-0.0001595	-9.662E-5	3.672E-6	-0.0001459	-2.211E-5	0.0001631	4.634E-5	-0.0001326	-2.291E-5	-0.0001381	-0.000122	0.0001817	-0.0001825	5.271E-5	-0.000199
692.086	14449.07	0.0002868	0.0001338	4.55E-5	0.0001453	0.0002404	0.0002945	0.0001935	1.086E-5	0.000281	0.0001434	0.0002485	5.557E-5	0.0003051	0.0002506	0.0002306	5.005E-5	0.0001075	0.0001781	0.0003545	-4.847E-6	0.0002228	0.0001656	0.0003228	0.0002639	0.0001868	0.0001443	0.0002026	0.0005082	0.0001144	5.267E-5	-8.78E-5
692.663	14437.04	5.317E-5	-7.889E-5	-8.002E-7	6.171E-5	8.934E-5	0.0001481	-4.609E-5	0.0001486	-4.84E-6	0.0001222	9.324E-5	-7.106E-5	0.0003061	0.0001722	0.0001501	-2.708E-5	7.707E-5	7.725E-5	0.0003271	-9.236E-6	2.889E-5	-3.105E-5	0.0002091	0.0001733	8.076E-5	-4.203E-5	0.0001036	3.986E-5	0.000134	-2.268E-5	-4.696E-5
693.239	14425.03	-2.666E-5	-3.483E-5	-6.911E-7	1.4E-5	7.181E-5	9.774E-5	-0.000134	2.255E-5	4.334E-5	0.0001964	-7.108E-5	2.483E-5	0.0002264	-3.259E-5	0.0001607	-6.294E-5	-0.00011	5.458E-5	5.672E-5	-1.167E-5	-1.361E-5	-5.504E-5	8.04E-5	2.155E-5	-0.0001236	-9.368E-5	-0.0001355	4.459E-5	1.557E-5	-3.912E-5	-0.0001385
693.816	14413.04	0.0003472	0.0004806	0.0002563	0.0005071	0.000427	0.00041	0.0003957	0.0002941	0.0003711	0.0004419	0.000361	0.0004164	0.0003638	0.0002086	0.0004055	0.0003237	0.0003125	0.0003686	0.0002955	0.0004097	0.0002698	0.0003472	0.0002757	0.0001803	0.000136	0.0003851	0.000133	0.0003876	0.0002463	0.0003299	0.0001216
694.393	14401.07	0.0002957	0.0006209	0.0001695	0.0005502	0.0003177	0.0003044	0.0004625	0.0004856	0.0001406	0.0002709	0.0002928	0.0003007	0.0003259	0.0002818	0.0004113	0.0001998	0.000225	0.0002111	0.00027	0.0003076	0.0001049	0.0004583	0.0002324	0.000213	0.0002802	0.0002162	4.573E-5	9.67E-5	0.0003139	0.0003772	0.0001218
694.969	14389.12	0.0004644	0.0003713	2.285E-5	0.0003833	0.0004434	0.0003158	0.0002631	0.0004211	0.0002969	0.0002303	4.248E-5	0.0001526	0.0003672	0.0002884	0.0001664	0.0001965	1.316E-5	0.0001408	7.463E-5	0.0001677	-1.435E-5	0.0003992	0.0001039	0.0002418	0.0003611	0.0002084	0.0001199	-4.89E-5	0.0002229	0.0004435	0.0001869
695.546	14377.19	0.0004774	0.0004879	0.0002117	0.0004046	0.0003131	0.0003331	0.0002381	0.0002475	0.0002609	0.0004005	0.0002991	1.506E-5	0.0004099	0.0001846	0.0001849	0.0003771	0.0001523	0.0001448	7.856E-5	0.0003166	5.972E-5	5.959E-5	0.0001406	0.0002285	0.000215	0.000399	0.0003767	0.0001843	0.0001317	0.0002636	0.0001484
696.123	14365.28	0.0006348	0.0005189	0.0003217	0.0004593	0.0003801	0.0003751	0.0004711	0.0003066	0.0004455	0.0005849	0.0005092	6.677E-5	0.0005827	0.0004218	0.000429	0.0002924	0.0003561	0.0002671	0.0002497	0.0004157	0.0001133	0.0003802	0.0003166	0.0001529	0.0002283	0.0004691	0.0003731	0.0004191	0.0001225	0.0002052	0.000336
696.700	14353.39	0.000477	0.0002045	0.0003145	0.0004585	0.0004984	0.0001595	0.0004358	0.000254	0.0004391	0.0005663	0.000263	0.000231	0.0003735	0.0003354	0.0002963	0.000215	1.828E-5	0.0001791	0.0003231	0.0001924	0.0002058	0.0003565	0.0001846	0.0001496	0.0002017	0.0002291	0.000138	0.0001736	0.0001602	0.0002301	0.0001957
697.276	14341.52	0.0002521	0.0001427	0.0001817	0.0001989	0.000297	0.0002441	4.375E-5	0.0001388	0.0003786	0.0002504	0.0002088	0.0002237	0.0001221	0.0001235	-7.803E-5	2.501E-5	2.25E-6	2.252E-6	0.00026	0.0001808	0.0001976	0.0001357	-6.757E-5	0.0002004	0.0002875	0.0001447	1.258E-5	-5.327E-5	3.721E-5	0.0001521	-6.201E-5
697.853	14329.66	0.0002536	0.0003404	0.0001227	0.0002531	0.000415	0.0001895	4.592E-5	7.609E-5	0.0004629	0.0003493	0.0001831	0.0002557	0.0001011	7.578E-5	0.000131	-7.179E-5	0.0002548	-3.537E-6	0.000143	0.0002931	0.0001735	0.0001546	-0.0001369	0.0002748	7.061E-5	9.145E-5	0.0001423	0.0002039	6.12E-5	0.0001818	-1.891E-5
698.430	14317.83	0.0002523	0.0004501	0.0004025	0.0003832	0.0004247	0.0003174	0.000331	-9.646E-7	0.000225	0.0002951	0.000106	0.0002624	0.0001364	0.0002338	0.0002049	-4.637E-5	0.0002375	5.008E-5	0.0001992	5.317E-5	0.0002641	9.677E-5	1.429E-5	0.0002753	0.00016	-1.104E-5	0.0004087	0.0002345	0.0002431	0.000209	0.0001393
699.006	14306.02	5.811E-5	0.0003267	0.0004051	0.0002396	0.0001678	0.0001923	0.0002986	-8.047E-5	2.515E-6	-6.594E-6	5.587E-5	-3.621E-5	8.318E-5	0.0001492	0.0001336	-0.000133	-0.0001718	2.87E-5	0.0001666	-0.0002999	6.652E-5	2.301E-5	-3.942E-5	0.0001408	7.856E-5	-5.436E-5	0.0002477	0.000194	-5.432E-5	-6.117E-5	6.145E-5
699.583	14294.23	0.0002623	0.0004124	0.0003121	0.000417	0.0003509	0.0003104	0.0002206	0.0002289	0.0001313	8.71E-5	0.000144	-6.364E-5	0.0002522	-1.037E-5	0.0002232	-2.791E-5	-6.145E-5	0.0002035	0.0001731	6.963E-5	-2.146E-5	0.0001947	7.944E-5	0.0002797	2.057E-5	5.281E-5	0.0001535	0.0002791	3.956E-5	3.11E-5	0.0001349
700.160	14282.45	0.0003364	0.0003723	0.0002698	0.0003623	0.0002842	0.00045	0.0003561	0.0003474	0.0001173	8.145E-5	0.0003115	0.0002784	0.0002745	0.0001338	0.0003963	1.357E-6	0.0001861	0.0001769	0.0001284	0.0002711	0.0001097	0.0002717	9.499E-5	5.753E-5	0.0001592	6.353E-5	0.0001044	0.00024	5.608E-5	0.0002614	0.0002425
700.737	14270.70	9.361E-5	0.0001512	5.316E-5	9.504E-5	3.329E-5	8.022E-5	2.503E-5	0.0001068	-6.843E-5	-4.944E-5	-0.0001489	-1.143E-5	5.759E-5	3.576E-5	-1.786E-5	-8.741E-5	5.007E-5	-0.0001427	7.936E-7	5.485E-5	-5.978E-5	-9.408E-5	-8.693E-5	-0.0002813	0.0001269	-5.356E-5	7.618E-5	-3.805E-5	-0.0002003	7.361E-5	-1.385E-5
701.313	14258.96	-0.0002269	-4.427E-5	-5.059E-5	6.113E-5	-0.0001783	-0.0001079	-0.0001702	-4.643E-5	-0.0003335	-0.0001887	-0.0002871	-0.0003568	-0.0002885	-0.0001116	-0.0002474	-0.0002313	-0.0001214	-0.0003402	-7.01E-5	-0.0001292	-0.0002063	-0.0002726	-0.0003134	-0.0002887	4.639E-5	-0.0002638	-0.0001502	-0.0003306	-0.0002215	-0.0002455	-0.000239
701.890	14247.25	5.438E-5	0.0002802	0.0001268	0.0002035	6.623E-5	0.0002108	0.0002817	0.0003263	8.994E-5	0.0002945	0.0002407	7.473E-5	0.0001703	0.0002721	0.0001073	8.914E-5	0.0002592	0.0001399	0.0002719	0.0002402	0.0002258	0.0003071	0.0001116	0.0003597	0.000274	0.0001576	0.0001248	0.0002032	0.0001247	6.914E-5	0.0003355
702.467	14235.55	0.000676	0.0005788	0.000514	0.0004494	0.0005871	0.0006294	0.0007262	0.0006801	0.0005546	0.0006795	0.0006926	0.0005918	0.0007013	0.0006772	0.0004988	0.0005568	0.0007842	0.000765	0.0007533	0.0007147	0.0006234	0.0007431	0.0007458	0.0008735	0.0005235	0.0007113	0.0006017	0.0007372	0.0006212	0.0005859	0.00078
703.043	14223.87	0.0006567	0.0007416	0.0007853	0.0006108	0.0007008	0.0008811	0.0007798	0.0007917	0.0008154	0.001012	0.0009872	0.0007729	0.0009198	0.0008148	0.0009134	0.0009527	0.0008361	0.001076	0.001082	0.001003	0.0006622	0.001076	0.0009325	0.0008869	0.0007641	0.0009981	0.001001	0.0009108	0.0009227	0.0009871	0.0009139
703.620	14212.21	0.0004313	0.0004604	0.0004727	0.0004159	0.0003338	0.000466	0.000409	0.0005014	0.0006151	0.0007328	0.0005856	0.0005065	0.0006981	0.0006393	0.0008527	0.0005625	0.0006494	0.0006103	0.0007484	0.000756	0.0004625	0.0007905	0.0006946	0.000715	0.0008727	0.0008578	0.0007325	0.0006129	0.0005197	0.000593	0.0005015
704.197	14200.58	5.796E-5	0.0001998	5.405E-5	0.0001229	0.0001285	0.0001679	9.113E-5	-6.102E-5	0.0001301	0.0001463	0.0001184	0.0001435	0.0002424	0.0002698	0.0002275	-5.209E-5	0.0003408	0.0003128	-4.329E-6	0.0003539	8.447E-5	0.0004217	0.000227	0.0003413	0.0003165	0.000282	0.0003292	6.038E-5	0.0002629	0.0001414	0.0001162
704.774	14188.95	0.000238	0.0001861	9.343E-5	0.0002939	0.0001732	0.0002914	-1.1E-5	-0.0001599	7.303E-5	0.0002364	0.0001294	0.0001296	2.837E-5	0.0001672	0.0001358	0.0001513	0.0002163	0.0002632	5.61E-5	0.000238	5.538E-5	0.0003967	0.0001203	0.0002427	0.0001002	0.0002372	0.000129	0.0001214	0.0001826	0.0002421	0.0001601
705.350	14177.35	0.0002056	0.0002098	-2.079E-5	0.0002973	0.0001499	0.0001465	2.997E-5	0.0001676	-0.0001819	3.982E-5	0.0001597	-6.429E-5	0.0001519	8.248E-5	-4.615E-5	0.0002664	9.024E-5	-3.939E-5	0.0001973	-6.925E-6	7.579E-5	4.214E-5	3.327E-5	0.0002179	1.942E-5	0.0001037	7.358E-5	4.102E-5	-4.618E-5	7.889E-5	0.0001652
705.927	14165.77	0.0001298	0.0001368	-0.0001476	0.0002293	8.226E-5	0.0001014	-2.114E-6	-8.467E-5	-0.000265	-0.0003097	-1.336E-5	-0.0003104	-0.0001826	-8.895E-5	-0.0002028	-0.0001351	-0.0001788	-0.0003835	-0.0001283	-0.0001575	-0.000223	-0.0001249	-0.0002256	-6.43E-5	-0.0002925	-0.0003233	-0.0001609	-0.0001189	-0.000163	-0.0001052	-2.052E-5
706.504	14154.21	0.0001078	0.000109	-0.000126	1.227E-5	-1.737E-5	9.619E-5	-3.689E-5	-0.000233	-0.0001512	-0.0003007	-0.0001846	-0.0002661	-0.0002257	-4.367E-5	-0.0002187	-0.0001707	-0.0002146	-0.00012	-0.0001817	-0.0003132	-0.0005221	-0.0003016	-0.0003995	-0.0002336	-0.0004025	-0.000393	-0.0002487	-8.304E-5	-0.0001422	-0.0003514	-0.0002315
707.080	14142.66	0.0001685	7.117E-5	-0.0001157	-5.757E-5	-0.0002304	-0.0002276	-0.0002557	-0.0001838	-0.000207	-0.0003678	-0.0002995	-0.0005189	-0.0003043	-0.000388	-0.0002632	-0.0003455	-0.0004635	-0.0003757	-0.0003794	-0.0004674	-0.0006179	-0.0006339	-0.0005476	-0.000489	-0.0004601	-0.0007766	-0.0004553	-0.0004237	-0.0005318	-0.0003613	-0.0005653
707.657	14131.14	2.092E-5	-0.0001886	-0.0002733	-0.0002073	-0.000203	-0.0003407	-0.0004429	-0.0002623	-0.0005854	-0.000647	-0.0007325	-0.0006497	-0.0005432	-0.000697	-0.0005238	-0.0005979	-0.000812	-0.0007431	-0.0007856	-0.0008852	-0.0006853	-0.0009084	-0.0007303	-0.0005179	-0.0007113	-0.0008249	-0.0007864	-0.0008549	-0.0007364	-0.0005619	-0.0007466
708.234	14119.63	9.26E-5	3.094E-5	-0.0001786	-9.157E-5	-0.0002027	-0.0002747	-0.0003446	-0.0004206	-0.0004809	-0.0004136	-0.0004239	-0.0005257	-0.0002234	-0.0003308	-0.0004481	-0.0004654	-0.0006057	-0.0007769	-0.0004984	-0.0008915	-0.000657	-0.0005257	-0.0006395	-0.0004673	-0.0006352	-0.000573	-0.0007647	-0.0006855	-0.0004596	-0.0007428	-0.0007567
708.811	14108.14	0.0002211	0.0002192	4.406E-5	2.835E-5	-0.0001893	-0.000113	-0.0001279	-5.898E-5	-5.477E-5	2.244E-5	-0.0001052	-0.0001949	-2.446E-5	-0.0002218	-0.0003182	-9.99E-5	-0.0002559	-0.000217	-0.0001447	-0.0003805	-0.0003929	-7.748E-5	-0.000302	-0.0001892	-0.000268	-0.0002731	-0.0003615	-0.0002826	-0.0003646	-0.0004793	-0.0002702
709.387	14096.67	0.0002926	0.0003295	0.0001192	0.0002072	0.0002719	0.0002041	0.0002743	0.0002262	0.0001587	0.0002741	0.0002501	0.0001539	0.0001731	5.972E-5	-1.693E-5	-2.359E-5	-2.987E-5	0.0001478	0.0001733	-6.718E-5	5.322E-5	0.0002511	4.208E-5	0.0001436	0.0002151	0.000167	-7.628E-5	0.0001956	3.37E-5	-7.655E-5	5.483E-5
709.964	14085.22	0.0001806	0.0002149	0.0001338	0.0003635	0.0002724	0.000235	0.0002677	0.000101	0.000336	0.0002211	0.0001245	0.0003391	0.0002216	3.192E-5	0.0001838	-9.657E-5	0.0001075	4.431E-5	0.0002352	0.000122	-9.952E-5	0.0002697	-2.06E-5	9.425E-5	9.867E-5	5.993E-5	6.663E-5	0.0002762	0.0001439	0.0001303	-0.000148
710.541	14073.79	1.833E-5	0.0001084	0.0001955	0.0002991	-0.0001117	0.0002511	0.0001038	-8.358E-5	0.0001359	0.0001374	-0.000184	0.000117	6.316E-5	0.0001121	0.0001795	1.314E-5	0.0001469	-2.116E-5	0.0001306	7.56E-5	-1.482E-5	0.0002443	-6.943E-5	8.63E-5	-0.0001211	2.06E-5	-0.0001508	-7.927E-5	6.647E-5	-7.926E-5	-0.0001293
711.117	14062.38	-1.917E-5	0.0001071	0.0001393	0.0003282	1.222E-5	3.759E-5	-3.22E-5	3.531E-5	0.000187	0.0001175	5.96E-5	-2.096E-6	7.492E-5	-5.992E-5	0.0002354	9.463E-5	0.0001962	7.775E-5	-4.145E-5	7.618E-5	0.0001269	4.192E-5	-0.0001822	-2.15E-5	-7.709E-5	0.00012	-0.0001193	5.447E-6	1.803E-5	4.33E-5	-0.0001843
711.694	14050.98	6.753E-5	0.0001251	0.0001907	1.957E-6	2.856E-5	0.0001948	0.0001741	0.0001374	8.962E-5	-5.914E-5	2.984E-5	3.034E-5	0.0002553	9.115E-5	0.0001833	-6.803E-5	4.605E-5	-0.000161	6.389E-5	6.772E-5	-3.376E-5	8.822E-6	3.447E-6	5.456E-6	-6.667E-5	-1.21E-5	-5.825E-5	0.0002246	-6.2E-6	-6.514E-5	-0.0002692
712.271	14039.60	0.000152	0.0004118	0.0001072	0.0002284	0.0001816	0.0002493	0.0004226	0.0001933	0.0001733	0.0002142	0.0001479	0.0002257	0.0003102	0.000229	0.0002841	0.0001686	1.228E-5	-3.472E-6	7.284E-5	0.0001346	9.292E-5	0.0003814	0.0002823	0.0001323	0.0001829	0.0001455	0.0001347	0.0002047	0.0002624	0.0002233	0.0001847
712.847	14028.25	-8.61E-5	0.0003201	0.0001771	0.0001794	5.018E-5	3.318E-5	-5.846E-5	-3.814E-7	-9.431E-5	-4.315E-5	5.381E-6	2.183E-5	2.077E-5	-5.514E-5	0.0001166	-8.545E-5	-0.0001661	-0.0002063	-3.218E-5	-4.683E-5	-6.586E-5	0.0001858	5.225E-5	-4.703E-6	-0.0001649	3.658E-6	-5.559E-6	-8.121E-5	0.000196	9.98E-5	-2.914E-5
713.424	14016.91	0.0001793	0.0003488	0.0003828	0.0002218	0.0001998	0.0002036	0.000147	3.56E-5	-0.0002582	-5.634E-5	-5.772E-5	-7.561E-5	-1.966E-6	9.826E-5	0.000164	-1.576E-5	-0.0001109	-1.03E-5	0.000118	-8.636E-5	-2.173E-5	-3.656E-5	3.906E-5	-3.412E-7	-0.0002002	0.0001468	1.101E-5	-2.215E-5	-6.15E-5	5.783E-5	-0.0001299
714.001	14005.58	0.0002749	0.0003616	0.0004118	0.0003274	0.0002741	0.000348	0.0003538	0.0003833	0.0001059	0.000274	5.491E-5	0.0001912	5.267E-5	0.0002206	0.000159	6.19E-5	-0.0001074	0.0001571	0.0003122	8.893E-5	-3.523E-5	0.0002102	0.0001513	0.0001606	5.176E-6	8.207E-5	6.886E-5	0.0001244	7.848E-5	-2.317E-6	0.0002282
714.578	13994.28	0.0002365	0.0003345	0.0004129	0.0003505	0.0003319	0.0003867	0.0002958	0.0005462	0.0002066	0.0003226	0.0001501	0.0001478	0.000137	5.106E-5	0.0002439	0.0001376	0.000183	9.274E-5	0.0002188	0.0001482	-2.119E-5	0.0001533	0.0002942	9.65E-5	0.0001796	8.126E-5	-2.285E-5	7.062E-5	0.0001408	-2.892E-5	0.0002207
715.154	13983.00	0.0002532	0.000386	0.0004241	0.0003873	0.0003285	0.0001962	0.0001738	0.0003889	7.897E-5	0.0002528	8.273E-5	0.000291	3.999E-5	0.0001094	0.000171	0.0003	0.0002397	7.848E-5	0.0002373	0.000301	0.0001202	0.0001936	0.0002322	-1.499E-5	0.0001015	5.974E-5	5.479E-5	1.904E-5	0.0002591	-4.172E-5	8.098E-5
715.731	13971.73	0.0004319	0.0003799	0.0003396	0.0004347	0.0005606	0.0004249	0.0003774	0.0005691	0.0001776	0.000321	0.0003139	0.0002849	0.0001403	0.0003516	0.0003633	0.0002929	0.000434	0.0003116	0.0001957	0.0002118	0.0004154	0.0004206	0.0002186	0.0004072	0.0002819	0.0001476	0.0001395	0.0001755	0.0002829	0.000251	0.0001449
716.308	13960.48	0.0003238	0.0004587	0.0003619	0.0003243	0.0004325	0.0003849	0.0003958	0.0005805	0.0004667	0.0003622	0.0005562	0.0003331	0.0003541	0.0004561	0.0003723	0.0003722	0.0004819	0.0003554	0.0004701	0.0003624	0.0002681	0.0004691	0.0002629	0.0004885	0.0003642	0.0003102	0.000477	0.0002814	0.0002336	0.0003577	0.0002157
716.884	13949.25	0.0002729	0.0002756	0.0003984	0.0002291	0.0004037	0.0003572	0.0003437	0.0003537	0.0004006	0.0005021	0.0006409	0.0005014	0.0004798	0.0004161	0.0004841	0.0002442	0.0004091	0.0003619	0.0003817	0.000389	0.0002951	0.0003128	0.0004722	0.0003341	0.000376	0.0002786	0.000518	0.0001794	0.0003648	0.0005111	0.0004993
717.461	13938.04	0.0004769	0.0005244	0.0004158	0.0005117	0.000407	0.0005547	0.0006321	0.0006672	0.0005315	0.0005749	0.0006474	0.000663	0.0005993	0.0005785	0.0007857	0.000422	0.0004479	0.0003701	0.0005844	0.000357	0.0003586	0.0005572	0.0006807	0.0005338	0.0004783	0.0003716	0.0005712	0.0005342	0.0004237	0.0004517	0.0005102
718.038	13926.84	0.0002214	0.0002018	-0.000103	0.0003108	0.0002002	0.0001111	8.249E-5	0.0003166	0.000225	0.0001591	0.0002451	9.836E-5	0.0001638	2.945E-5	6.509E-5	-2.206E-5	4.73E-5	2.56E-5	-1.709E-5	2.625E-5	2.259E-5	-2.592E-7	0.0001468	0.0001142	0.0001271	-0.0002043	2.95E-5	2.949E-5	-5.217E-5	-1.338E-5	5.362E-5
718.615	13915.67	-0.0001304	2.355E-5	-0.0001274	3.773E-6	-6.561E-5	-5.048E-5	-9.314E-5	-0.0001519	-3.284E-6	-2.512E-5	-0.0001113	-0.0002104	-0.000108	-0.0001547	-8.839E-5	-0.0001546	-0.0001556	-3.081E-7	-0.0003988	-0.0001618	-0.0004434	-8.877E-5	-9.447E-5	-0.000117	-9.9E-5	-0.0002883	-3.146E-5	-0.0002211	-0.0002179	-0.0003092	-0.0002492
719.191	13904.51	0.0002327	0.0002721	5.113E-5	0.0002595	0.0002277	0.0002385	0.0001935	0.0001622	7.508E-5	0.0003075	0.0002782	0.0002029	0.0003659	0.000184	0.0001233	-4.124E-5	0.0001713	0.0002272	0.0002767	0.0001312	5.069E-5	0.0002272	7.533E-5	8.407E-5	2.987E-5	0.0001679	0.000248	9.044E-5	9.338E-5	1.349E-5	0.000123
719.768	13893.37	0.0002221	0.0001752	7.533E-5	9.122E-5	0.0003313	0.0003937	0.0003899	0.0005906	0.0002808	0.000248	0.0004437	0.0004143	0.0003847	0.0002063	0.0003333	8.769E-5	0.0001909	0.0001755	0.0002803	0.0002052	0.0003619	0.0002989	9.995E-5	0.0002913	6.327E-5	0.0003436	-7.074E-5	0.0004052	0.0002523	4.708E-5	0.0002225
720.345	13882.24	0.0001061	4.173E-5	3.527E-5	-4.032E-6	0.0002909	0.0001754	0.0003014	0.0004037	0.0002599	0.0001649	0.000205	3.321E-5	0.0002209	0.0001417	0.0003694	0.0002483	0.0002228	0.0002557	0.0001716	0.0002192	4.615E-5	0.0001268	0.0001877	0.0002776	5.419E-5	-1.468E-5	1.13E-5	0.000336	0.0001314	8.905E-5	0.0004155
720.921	13871.14	6.336E-5	0.0001688	6.731E-6	0.0003133	0.0003225	4.842E-5	1.952E-5	0.0001843	0.0004849	9.199E-5	0.0001046	0.0002623	3.863E-5	0.0001081	0.0002311	0.0001143	8.629E-5	0.0001221	0.0001718	0.0001214	7.259E-5	-2.874E-5	0.0001285	0.000158	8.543E-5	0.0001534	0.0002281	0.0001482	1.761E-5	0.0002025	0.0003423
721.498	13860.05	0.000164	3.572E-6	0.0002212	0.0002167	0.0002973	0.0001235	4.383E-5	-0.0001087	0.0001057	5.631E-5	-0.0001046	0.0001534	0.0001184	-3.502E-5	0.0001185	5.713E-5	1.437E-5	8.465E-5	2.766E-5	-0.0001502	0.0001076	7.316E-5	7.449E-5	0.0001051	-4.892E-5	-4.098E-5	6.884E-5	2.34E-5	0.0001026	0.0003173	3.538E-5
722.075	13848.98	1.861E-5	0.0003053	0.0003663	0.0002603	9.167E-5	0.0003469	0.0001634	-8.396E-5	0.000132	0.0001863	0.0001921	7.88E-5	0.0002159	8.023E-5	0.0003384	0.0002543	-4.803E-6	0.0002454	0.0001843	4.833E-5	0.000164	0.0002436	3.094E-5	0.000109	0.0001247	0.0002045	0.0001265	0.000144	0.0001756	0.0001525	0.0003977
722.652	13837.93	5.74E-5	0.0006465	0.0004178	0.0004417	2.353E-5	0.0003161	0.0002446	0.0002761	0.000173	-6.196E-5	0.0003929	0.0003107	0.0001474	2.321E-5	0.0004143	0.000316	7.409E-5	0.0002764	0.0003388	0.0002323	0.0001842	0.0001484	0.000282	0.0002404	0.0002566	7.592E-5	0.0001813	7.096E-5	0.0002025	3.356E-5	0.0002531
723.228	13826.89	0.0001224	0.0003808	0.0003619	0.0001985	6.252E-5	0.0001255	8.972E-5	9.738E-5	5.018E-5	-7.923E-5	0.0001621	-4.575E-5	3.292E-5	0.0001015	4.994E-5	-2.153E-5	-2.756E-5	7.648E-5	3.341E-6	-2.404E-5	9.477E-5	-8.342E-5	-5.434E-5	5.407E-5	-2.521E-5	-5.538E-5	-4.072E-5	-0.0001778	7.42E-6	6.45E-5	-9.844E-5
723.805	13815.88	0.0001951	0.0004046	0.0004559	0.0002604	0.0001628	0.0001256	-3.696E-5	0.0001049	0.0002184	-0.00011	6.612E-6	-4.628E-5	-5.526E-5	-8.507E-5	5.858E-5	1.174E-5	-3.413E-5	0.0001808	-2.174E-5	-6.483E-5	7.636E-5	-0.000229	0.0001482	0.0001593	-0.0001308	8.58E-5	-1.551E-5	7.138E-6	-0.0001767	7.911E-5	-8.802E-5
724.382	13804.88	0.0005069	0.0007046	0.0007118	0.0004774	0.0002853	0.0003437	0.0003634	0.0002925	0.0004155	0.0002603	0.0003489	-5.537E-5	0.0001652	0.0002785	0.0002644	0.0002119	0.000212	0.0003838	0.0003372	0.0003326	0.0001766	0.0001189	0.0002616	0.0003596	0.0002655	0.0001269	0.0001849	0.0003279	0.0003322	0.0002554	0.0003074
724.958	13793.90	2.411E-5	0.0003203	0.0003198	0.0001498	0.000232	0.0003681	5.442E-5	7.124E-5	9.795E-5	0.0001542	0.0001001	-4.604E-5	-5.772E-6	1.511E-5	0.0001461	8.108E-5	9.652E-5	0.0001689	4.83E-5	9.485E-5	0.0001551	-4.58E-5	-7.112E-5	0.0002247	0.0002589	-0.0001083	4.06E-5	7.685E-5	0.0001315	6.626E-5	-2.085E-5
725.535	13782.93	0.000536	0.0003755	0.0002563	0.0003299	0.0002012	0.0003611	0.0004783	0.0003931	0.0002765	0.0005046	0.0002033	0.0002916	0.000457	0.0001361	0.0002964	0.0002514	3.956E-5	0.0003209	0.0003136	9.749E-5	-0.0002292	0.0004046	0.0001915	0.0002266	0.0002338	0.0001737	0.0003013	0.0002508	0.0003004	0.0001311	0.0003695
726.112	13771.98	0.0006606	0.0005869	0.0006371	0.0003922	0.0003389	0.0007316	0.0005723	0.0004139	0.0003612	0.0003941	0.0004599	0.0004554	0.0003986	0.0005539	0.0002652	0.000354	0.0003285	0.0005202	0.0003063	0.0002315	7.328E-5	0.000224	0.0004108	0.0004191	0.0004816	0.0004285	0.0002509	0.0005242	0.0003292	0.0003499	0.0003189
726.688	13761.05	0.0006532	0.0004242	0.0005068	0.000257	0.0005761	0.0004073	0.000229	0.0004583	0.0003212	0.0003567	0.0003592	0.0004362	0.000599	0.0003169	0.0003076	0.000289	0.0003334	0.0005493	0.0004339	0.000257	0.0001462	0.0001794	0.0002731	0.0001776	0.0003488	0.0002472	8.327E-5	0.0001583	0.000178	0.00029	0.0003277
727.265	13750.14	0.0004018	0.000228	0.0003718	0.0001889	0.0002902	0.0003991	0.0004583	0.0006929	0.0003637	0.0003987	0.0004466	0.0004553	0.0005084	0.0003751	0.0003381	0.0003164	0.0003947	0.0003654	0.0004994	0.0003211	0.0004623	0.0002385	0.0003502	0.0004663	0.0003581	0.0002051	0.0003131	0.0004337	0.0002578	4.749E-5	9.62E-5
727.842	13739.25	0.0001234	0.0001595	0.0002025	9.495E-5	1.985E-5	0.0001369	0.0002967	0.0003423	0.0001378	0.0004485	0.000233	0.0001912	0.0004488	0.0002754	0.0003236	0.0004104	0.0001877	0.0003984	0.000321	0.0002683	0.0001022	0.0002651	0.0003939	0.0001676	0.0002062	0.0002928	0.0003679	0.0003624	8.164E-5	0.000314	4.513E-5
728.419	13728.37	0.0001689	0.0003507	0.0001123	0.0003131	0.0002132	0.0002831	0.0003362	0.0003417	0.0001618	0.0004083	0.0004926	0.0005906	0.0006194	0.0005808	0.0004805	0.000364	0.0003197	0.0002708	0.0004273	0.0004253	0.0001433	0.0003803	0.000149	0.0003105	0.000293	0.0002461	0.0005772	0.0003492	0.000249	0.0003116	0.0001328
728.995	13717.51	0.0002843	0.0004022	0.0004073	0.000271	0.0004931	0.0003868	0.0005348	0.0004531	0.0008118	0.0004845	0.0006756	0.0006803	0.0007027	0.0007999	0.0006152	0.000414	0.0005784	0.0006804	0.0005011	0.000643	0.0004204	0.000485	0.0003877	0.0004902	0.0004809	0.0001994	0.0002487	0.0007922	0.0004645	0.0005066	0.0004799
729.572	13706.67	-7.987E-5	0.0002769	0.0001395	9.668E-5	0.0003987	0.0001466	0.0001533	0.0004328	0.0003049	9.579E-5	0.0002646	0.0004848	0.0004146	9.837E-5	0.0001877	-5.445E-5	3.748E-5	5.147E-5	0.0002761	0.0001723	0.0002371	0.0001751	4.9E-5	0.0002538	0.000155	8.95E-6	8.693E-5	0.0001915	0.0001025	0.0004207	0.0002108
730.149	13695.84	0.0002372	0.0004011	0.0003297	0.0003187	0.000433	0.0003764	0.0004404	0.0003638	0.0003603	0.0001457	0.0003296	0.0003563	0.0003746	4.404E-5	0.0003347	0.0002596	1.55E-6	0.0002986	0.0002101	-2.212E-5	0.0001956	0.0002109	4.281E-5	0.0002374	0.0005124	0.0002131	0.00031	0.0003006	0.0002984	0.0003377	0.0002073
730.725	13685.03	0.0001828	0.0003898	0.0003554	0.0004712	0.000369	0.0005786	0.0004312	0.0004638	0.0002143	0.0002907	0.0004581	0.0005399	0.0003876	0.0002534	0.0005666	0.0002442	0.000271	0.0002287	0.0003074	0.0002669	0.0003745	0.000274	8.509E-5	0.0002476	0.0002898	0.0002139	0.0003124	0.0005848	0.0003778	0.000501	0.0002829
731.302	13674.24	4.216E-5	7.492E-5	-9.976E-5	1.626E-5	-0.0001654	-0.0001622	0.0001141	4.755E-5	-7.265E-6	-0.0002599	-7.266E-5	-3.411E-5	-4.665E-6	-0.0002231	0.000124	-0.000115	-0.0003157	-0.0002316	-7.935E-5	-0.0002394	-8.683E-5	-6.552E-5	-0.0002929	-0.0001793	-0.0002818	-0.0001928	-3.496E-5	-0.0001351	-0.0002318	-5.447E-5	-0.0001617
731.879	13663.46	0.0003281	0.0003662	0.0002739	0.0004005	0.000296	0.0001893	0.0005713	0.0001911	0.0001218	0.0003667	0.0002272	0.0002508	0.0003462	0.0002724	0.0002711	8.832E-5	-0.0002204	0.0002663	4.727E-5	0.000114	7.131E-5	0.0001984	0.0002222	0.000307	0.000238	5.995E-5	-4.472E-7	0.000277	0.000203	0.0002379	0.0001771
732.456	13652.71	7.132E-5	0.0001036	0.0001791	0.0001493	7.58E-5	0.0002753	0.000248	0.0002263	3.876E-5	4.444E-5	-0.0002049	0.0002188	-0.0001538	7.157E-6	-1.919E-5	2.311E-5	-0.0001246	0.0001202	-0.0001935	-9E-5	-5.357E-5	1.852E-5	-0.0002369	5.67E-5	0.0001239	-2.9E-5	-0.0001797	3.19E-5	-8.131E-6	-3.604E-5	0.0001137
733.032	13641.96	0.0001992	0.0003277	-9.621E-5	4.111E-5	-2.993E-5	9.873E-5	0.0001907	-1.813E-5	-0.0001543	-0.0002208	-0.0001736	-0.0001308	-1.796E-5	-0.0002037	-0.0001177	-1.804E-5	-2.528E-5	-0.0001217	-7.889E-5	-0.0003972	5.136E-5	-6.054E-5	-4.561E-5	-0.0002217	2.232E-5	-0.000212	-0.0002295	-6.588E-5	-0.0003221	-0.0001473	-0.0001282
733.609	13631.24	2.84E-5	8.665E-5	0.0002732	0.0004107	0.0003283	0.0001582	5.044E-5	0.000222	9.135E-5	0.0002106	6.676E-6	-8.017E-5	0.0001851	0.0001475	8.975E-5	-0.0001029	3.905E-5	-8.881E-5	-0.0001601	-0.0002194	5.153E-5	-1.218E-5	-5.396E-5	-4.48E-5	8.336E-6	-0.0002059	-0.0001359	-0.0001803	-9.451E-5	-1.47E-5	-0.0001644
734.186	13620.53	2.126E-5	-7.43E-6	0.0001184	-6.53E-5	3.475E-5	0.0001175	-8.934E-5	-7.067E-5	-0.0002972	4.312E-5	-0.0001484	-0.0001361	-1.772E-6	-0.000149	-0.0001497	-0.0001293	-0.0003618	-0.0002925	-0.0002735	-5.568E-5	-0.0003004	-0.0003171	-7.363E-5	-0.0001492	-0.0002242	-3.825E-5	-0.0001905	-0.0001185	-8.215E-5	-0.0001085	-0.0003094
734.762	13609.84	1.084E-5	0.0001517	-7.743E-5	-3.102E-5	4.54E-5	-0.0001163	2.399E-5	-0.0002818	-5.665E-5	-8.191E-6	-0.0002778	-0.0001251	-0.0001193	-0.0002262	-0.0002112	-0.0002147	-0.0001835	-0.0001864	-1.732E-5	-0.0001984	2.358E-5	6.643E-5	-0.0001569	-0.000124	-3.865E-5	-0.0002127	-0.0002538	-6.989E-5	-0.0001878	4.931E-5	-0.0002083
735.339	13599.17	7.442E-6	0.0003391	0.0001407	-6.387E-5	9.546E-5	9.208E-5	-6.144E-5	-3.042E-5	-0.000197	-0.0001108	-4.06E-6	5.167E-5	-0.0001608	1.485E-5	-1.577E-5	-0.0001052	5.657E-5	-9.492E-5	-0.0001312	-0.000256	-0.0002277	-0.0001168	-0.0004253	4.581E-5	-1.444E-5	0.000112	-0.0002485	4.337E-5	-9.763E-5	-0.0001764	-6.506E-6
735.916	13588.51	0.0003307	0.0003829	0.0001504	0.0003104	-1.235E-5	0.0002283	0.0003197	0.0001704	0.0003918	9.577E-5	8.582E-5	0.0001656	4.96E-5	0.0003466	0.0002163	2.196E-5	-3.521E-5	-3.367E-5	0.0001189	0.0002693	7.381E-5	8.735E-5	-0.0002613	0.0001585	-1.882E-5	0.0003748	0.0001013	-2.487E-5	0.000217	0.000273	7.045E-5
736.493	13577.87	0.000555	0.0003656	0.0005908	0.0003989	0.00042	0.0003542	0.0004949	0.0004827	0.0004884	0.0005906	0.0003163	0.0003681	0.0004143	0.0004203	0.0004496	0.000408	0.0003085	0.0003573	0.0002369	0.0004257	0.000504	0.0002781	0.0002732	0.0001416	0.0001431	0.0003179	0.0002941	0.0003284	3.304E-5	0.0004022	0.0002529
737.069	13567.25	0.0007901	0.0005537	0.0005474	0.0006715	0.0007148	0.0005684	0.0004992	0.0005287	0.0008097	0.0005772	0.0005248	0.0004997	0.0005743	0.000613	0.0006985	0.0004789	0.0004702	0.0004877	0.0004841	0.0004622	0.0004351	0.0003851	0.0004374	0.0005281	0.0004625	0.0003981	0.0005778	0.0005249	0.0005242	0.0003989	0.0007798
737.646	13556.64	0.0003832	0.0005118	0.0006805	0.0004602	0.0002995	0.000304	0.0003548	0.0004488	9.49E-5	0.0004273	0.0002426	0.0002738	0.000309	0.0001254	0.0003043	0.0001276	0.0001108	0.0001255	5.087E-5	0.0002515	0.0004093	0.0004307	7.911E-5	0.0001949	0.0001698	0.0001762	1.487E-5	0.0003206	0.000128	0.0002927	0.000373
738.223	13546.05	0.0005345	0.00062	0.000528	0.0005518	0.0006102	0.0003427	0.0002928	0.0002253	0.0002745	0.0002326	0.0002272	0.0001638	0.0001704	9.51E-5	0.0003761	0.0004091	0.0002957	0.0002137	0.0003476	0.0001636	-9.518E-6	0.0002791	6.294E-5	3.338E-5	0.0003116	0.0001032	0.0001323	0.000274	0.0001643	0.0003326	0.0001863
738.799	13535.47	0.0005578	0.0002593	0.0002567	0.0004986	0.000372	8.968E-5	0.0001758	0.0001928	-5.561E-5	7.157E-5	0.0001041	-0.0001243	-1.042E-5	-9.471E-5	9.064E-5	-0.0001125	0.0001969	1.756E-6	-1.511E-5	-0.0001839	0.0001619	-0.0001108	-9.587E-5	0.0001118	-0.000141	-5.396E-5	-0.0001908	3.792E-5	-9.597E-5	-4.693E-5	-6.928E-5
739.376	13524.92	0.0004746	0.0005377	0.0002249	0.0005465	0.0003046	0.0003066	0.0003892	0.0003535	0.0001359	0.0001493	0.0001037	-5.448E-6	3.026E-5	-4.988E-5	5.452E-5	0.0001595	-3.094E-5	-1.088E-5	0.0001386	9.95E-5	-5.222E-5	-7.459E-5	0.0001426	0.0001156	6.469E-5	-0.0001029	7.668E-5	-8.154E-6	4.61E-5	6.448E-5	-0.0001275
739.953	13514.38	0.0004715	0.0004023	0.0003291	0.0005866	0.0001085	7.443E-5	0.0002556	-0.0001906	7.715E-5	0.0001617	6.48E-5	-0.0001908	4.806E-5	-5.557E-5	-8.89E-5	4.301E-5	-0.0001371	-0.0001373	-0.0001462	-4.74E-5	-0.0001183	-0.0004393	-8.041E-6	-0.0002583	-6.046E-5	-0.0001455	-8.809E-5	-1.034E-5	-0.0003307	-8.041E-5	-0.0001667
740.530	13503.85	0.0001479	3.393E-5	0.0002629	-0.0002774	-0.0001538	-0.000154	-9.886E-5	-0.0003413	-0.0003415	-0.0003148	-0.0003997	-0.0003924	-0.0003195	-0.0003411	-0.0002153	-0.0002093	-0.0002887	-0.0002647	-9.676E-5	-0.0002494	-8.381E-5	-0.0003985	-0.000399	-0.0003924	-0.000327	-0.0002753	-0.0002623	-0.0002322	-0.0004099	-0.0003712	-0.0002495
741.106	13493.34	0.0002474	4.085E-5	-0.0001209	-0.0001027	-0.0002502	-4.066E-5	-0.0002269	-0.0005278	-0.0003522	-0.000399	-0.0001375	-0.0005905	-0.0004374	-0.000229	-0.0003489	-0.0005259	-0.0003241	-0.0004735	-0.0003937	-0.0002666	-0.000465	-0.0003171	-0.0005584	-0.0004201	-0.0006549	-0.0005806	-0.0005733	-0.0002719	-0.000461	-0.0006811	-0.000558
741.683	13482.85	0.0003432	0.0003911	0.000258	0.0002484	0.0001536	3.243E-5	0.0001506	-0.0001722	-0.000259	-0.0002204	-0.0003562	-0.0002942	-8.397E-5	-0.0001544	-0.0003808	-0.0002926	-0.0004254	-0.0001672	-0.0002023	-0.0003393	-0.0001906	-0.0002608	-0.000313	-0.0003136	-0.0005005	-0.0002693	-0.0002548	-0.0003404	-0.0002711	-0.0004365	-0.000306
742.260	13472.37	0.000375	0.000314	5.093E-5	0.0001591	-0.0002888	-0.000199	0.0001176	-5.469E-5	-0.0001763	-6.073E-5	-0.0003235	-0.0003247	-0.0001262	-0.0002007	-0.0002848	-0.0002138	-0.0001378	-0.0002381	-0.000493	-0.0003032	-0.0004796	-0.0003342	-0.0003616	-0.0003166	-0.0004661	-0.0003899	-0.0001716	-0.0002148	-0.0004653	-0.0002813	-0.0003055
742.836	13461.92	-0.0002283	-0.0001389	-5.541E-5	7.151E-6	-0.0001497	-0.0002373	-0.0002394	-0.0004048	-0.0001756	-0.000346	-0.0005109	-0.0002491	-0.000211	-0.0001258	-0.0003349	-0.0004082	-0.0004311	-6.161E-5	-0.0002467	-0.0003812	-0.0004133	-0.000403	-0.0003461	-0.0004286	-0.0003426	-0.0005129	-0.0005303	-0.0001927	-0.0004481	-0.0005341	-0.00074
743.413	13451.47	0.0006102	0.0003267	0.000634	0.0002297	0.0004623	0.0001689	0.0002307	7.147E-5	5.876E-5	0.0002722	0.0002513	0.0001696	1.674E-5	4.393E-5	6.425E-5	0.0001364	0.000257	2.999E-5	0.000206	7.246E-5	4.99E-5	-1.813E-5	1.286E-5	0.0002501	-0.0001858	2.3E-6	5.583E-5	3.33E-5	-9.078E-5	-3.826E-5	2.601E-5
743.990	13441.05	0.0003453	0.0003769	0.0002028	1.606E-5	-9.546E-5	0.0002714	5.054E-5	6.657E-5	0.0001405	0.0003993	0.0001516	0.0001299	0.0001689	0.0001671	-3.112E-5	0.0002342	6.89E-5	-2.354E-6	0.0001713	0.0001144	9.681E-5	8.445E-5	-1.22E-5	0.0002051	7.564E-5	0.0001068	0.0001146	0.0003452	-0.0001577	-8.203E-5	-0.0001495
744.566	13430.63	0.0005743	0.0005092	0.0005872	0.0005287	0.0005176	0.0006702	0.0005023	0.0004152	0.0004654	0.0004688	0.0006033	0.0004595	0.0005744	0.0004838	0.0007388	0.0005274	0.0002823	0.0006897	0.0006416	0.0006672	0.0005481	0.0004024	0.0004198	0.0004181	0.0002905	0.0003636	0.0002656	0.0004307	0.0004074	0.0002398	0.0003678
745.143	13420.24	0.0003744	0.0002379	6.962E-5	-9.861E-5	0.0001278	0.0001468	0.000189	-3.742E-6	5.756E-5	0.000138	7.363E-5	-0.0002574	4.279E-5	-0.0002471	0.0001339	0.0002234	3.138E-5	-3.064E-5	6.332E-5	-5.277E-5	-0.0001226	0.0002312	-0.000168	3.232E-5	-0.0001057	-0.0001043	-8.572E-5	-0.0003005	-8.794E-5	-0.0002101	-0.0001338
745.720	13409.86	0.0003724	0.000419	3.262E-5	0.000321	-2.758E-5	0.0002526	3.189E-5	4.701E-5	-0.0001696	0.000237	0.0001605	9.328E-5	0.0001367	-0.0002888	-2.582E-5	-9.15E-5	-1.156E-5	-0.0001266	6.962E-5	6.114E-5	-0.0001859	1.925E-5	0.0001227	-8.656E-5	-0.0001435	-0.0002139	-9.745E-5	-9.637E-5	-0.000132	-0.0001345	-0.0001562
746.297	13399.50	0.000318	0.0002176	6.616E-5	0.0004826	0.0006147	0.0002302	0.0003033	6.054E-5	-1.776E-5	0.0001962	-0.0001251	-3.87E-5	-4.412E-5	0.0001289	0.000139	-0.0001275	6.601E-5	-0.0001438	0.000202	-2.899E-5	-9.829E-5	-5.058E-5	3.768E-5	6.372E-5	-0.0002437	-0.0001302	-1.313E-5	-5.586E-5	-4.715E-5	5.518E-5	-0.0002732
746.873	13389.15	0.0001311	0.000527	0.0003369	0.0004676	0.0002617	0.0002357	0.0001488	8.222E-5	0.0001074	0.0002257	0.0001588	-5.492E-5	0.0001308	0.0001618	5.483E-5	5.97E-5	7.925E-5	0.0001174	5.156E-5	0.0001307	0.0001192	2.749E-5	4.45E-5	0.0001737	8.44E-5	3.301E-5	-4.746E-5	-4.294E-6	8.893E-6	0.0002238	3.94E-6
747.450	13378.82	0.000437	0.0003919	0.0003955	0.0003298	0.0004112	0.0003415	0.0002901	0.0004797	0.0002683	0.0001052	0.0003447	0.0002354	0.0002955	0.0001582	0.0002264	0.0003887	0.0003667	0.0002986	0.0003453	-0.0001461	0.0002269	0.0001945	0.0002344	0.0002911	0.0002262	0.0001176	0.0001749	0.0002079	0.0002784	0.0004766	0.0002483
748.027	13368.51	0.0001635	0.0004226	0.0003848	0.0004603	0.000374	0.0002895	0.0002627	0.0002589	0.0003749	4.57E-5	0.0003209	0.0002581	0.0003918	-2.579E-6	0.0004818	0.0002896	0.0002658	0.0004016	0.0003072	0.0001965	0.000145	2.324E-6	0.0002477	0.0001824	-1.522E-6	4.396E-5	4.525E-6	0.0003082	0.0002514	0.0001787	0.0001152
748.603	13358.21	0.0001377	0.0002999	0.0002836	0.0005097	0.0003865	0.0002182	0.0002042	0.0002655	0.0002013	0.00021	0.0002549	0.0002811	0.0001097	-3.666E-5	0.0001332	0.000118	0.0001504	0.000205	0.0002385	7.953E-5	0.000137	0.0001086	0.0001468	0.0001594	0.0002621	2.846E-6	-4.282E-5	1.56E-5	7.672E-5	-5.056E-5	5.062E-5
749.180	13347.92	0.0001779	0.0005807	0.0004166	0.0005109	0.0002087	0.0001663	0.0001698	0.0003432	0.0001737	0.0001978	0.0001918	-1.858E-5	0.0001321	0.0001263	0.0003672	0.0001326	0.0003047	0.0001676	0.0001382	0.0002165	-4.37E-5	0.00031	0.0004038	0.0003188	0.0001579	0.0001982	9.077E-5	0.0004567	-3.688E-5	0.0002282	7.488E-5
749.757	13337.66	8.028E-5	0.0001262	-1.58E-5	0.0001523	0.0001181	0.0001236	9.332E-7	0.0001283	-5.309E-5	-0.0002532	-0.0001953	-0.0001749	-0.0001598	-0.0001187	-0.000128	-0.0001841	-0.0002806	-0.0002079	-0.0002743	-4.38E-5	-0.0002434	-8.184E-5	-8.112E-5	-0.0002355	-0.0001885	-0.0004859	-0.0003688	2.135E-5	-0.0002936	-0.0003092	-0.0003565
750.334	13327.41	0.0002163	0.0004664	0.0002195	0.0004132	0.0002363	0.0002253	0.0002086	0.0002375	4.308E-5	-4.767E-5	4.421E-5	4.877E-5	-0.0001725	-0.0001511	-0.0001585	-5.73E-6	-5.389E-5	0.0001664	-0.000134	-1.417E-5	7.865E-6	-0.0001949	-0.0002256	-0.0001281	-0.000317	-0.0001598	-0.0001556	0.0001555	-0.0001862	1.88E-5	-5.025E-5
750.910	13317.17	0.0003949	0.0006848	0.000576	0.0005874	0.0006784	0.0003461	0.0004218	0.0003399	0.0003577	0.0001547	0.0003492	0.00027	9.39E-5	4.023E-5	0.0002296	0.000194	0.0003139	0.0002793	0.0001156	9.844E-5	0.0003273	0.0003147	-7.815E-6	0.0001862	0.0002454	0.0002104	0.0002374	0.000329	-9.948E-5	0.0002489	0.0002838
751.487	13306.95	0.0001204	6.674E-5	4.355E-5	4.027E-5	0.0002719	-2.72E-5	0.0001214	-8.636E-5	-2.213E-5	-9.043E-5	-5.589E-5	-0.0002094	-0.0001772	-0.0002635	-5.474E-5	-4.894E-5	-0.0001852	-0.0003368	-0.0001713	-2.637E-5	-0.0001584	-2.185E-5	-0.0002118	-0.0001714	-0.0001402	-0.0002972	-0.0004007	-0.0003941	-0.0003594	-0.0001898	-0.000337
752.064	13296.75	0.0002268	0.0002298	0.0002022	0.0002172	0.0002937	0.000246	-8.49E-5	7.189E-5	1.089E-5	-6.193E-5	0.0001406	8.779E-5	-0.0001794	-0.0001728	-8.243E-5	4.871E-5	3.576E-5	-9.465E-5	4.696E-5	-1.266E-5	-0.000131	-0.0001159	-0.0002094	-9.03E-5	0.0001149	-0.0004109	-0.0001769	-9.088E-5	-0.0002646	-2.709E-5	-8.035E-5
752.640	13286.56	-9.117E-5	0.0002124	0.000209	-5.691E-5	-0.0001972	6.742E-5	-1.635E-5	8.373E-5	-0.0001878	-9.648E-5	-0.0001159	-8.772E-5	5.351E-5	-0.0003125	-0.0001047	-0.0002669	-0.0001224	-0.000232	-9.928E-5	-0.0001256	-7.026E-5	-0.0002309	-0.0002259	-7.664E-5	-0.0002444	-0.0002309	-0.0002228	-0.0003165	-0.0001555	5.431E-5	-0.0003416
753.217	13276.38	-2.999E-5	6.045E-5	-8.25E-5	3.469E-5	1.182E-5	-1.171E-5	-0.0003506	-2.572E-5	-0.0002442	-0.0001759	-8.059E-5	-0.0001369	-1.125E-5	-0.0002258	7.089E-5	-0.0002718	-0.0002145	-0.0003986	9.411E-6	-0.0001305	-0.0003684	-0.0004682	-0.0001705	-0.0002637	-0.0002602	-0.000406	-0.0002615	-0.0003131	-0.0003973	-0.0001151	-0.0002488
753.794	13266.23	0.0003006	0.0003102	0.0002995	0.0003897	0.0004984	0.0003381	0.0002961	0.0001421	8.634E-5	0.0001841	4.483E-5	9.148E-5	0.0002373	7.257E-5	0.0002244	4.563E-5	8.982E-6	8.316E-5	8.605E-5	-6.855E-5	-8.226E-6	6.393E-5	0.0001678	-7.969E-6	-0.0001063	8.105E-5	0.0002011	0.0001851	-4.367E-5	0.0003622	0.0002728
754.371	13256.09	9.073E-5	0.00042	0.0004231	0.0004667	0.0002148	0.0002857	4.011E-5	0.0002071	6.461E-5	0.0001047	-2.124E-5	6.673E-6	5.701E-6	-8.517E-5	0.0001703	2.016E-5	-0.0001758	-7.437E-5	0.0001531	-3.534E-5	-8.898E-5	-0.0001066	0.0001765	-1.98E-5	6.3E-5	0.0001199	-0.0001268	-9.201E-6	0.0001291	4.392E-5	0.0001475
754.947	13245.96	0.0002068	0.000627	0.0002295	0.0005386	0.0004466	0.0003044	0.0006137	0.0001809	0.0002375	0.0003334	0.0002875	3.985E-5	0.0002001	3.242E-5	5.675E-5	0.0001471	2.779E-5	5.62E-5	4.966E-5	0.0002318	6.577E-6	1.827E-5	7.495E-5	0.000349	1.106E-6	0.0002236	3.713E-5	-0.0001879	-2.036E-5	8.905E-5	0.0001455
755.524	13235.85	1.777E-5	0.0003984	0.0001658	0.0002844	0.0002324	0.0002002	0.0001625	3.518E-5	-0.0001496	-0.000141	-0.0001952	-0.0002944	6.399E-5	-0.0002163	-0.0002397	-0.0001553	-0.000102	-0.0002124	-0.000267	-1.81E-5	-0.0004049	-4.385E-5	-0.0001818	-8.364E-5	-0.0004665	-2.027E-5	-0.0001006	-0.000262	-0.0003649	-0.0002019	2.99E-5
756.101	13225.75	0.0003231	0.0003055	0.000469	0.0005936	0.0004767	0.0002327	3.089E-5	0.0001446	-0.000133	-0.000268	-0.0002106	-0.0002519	-0.0002571	-0.0001783	-0.0002958	-0.0001904	4.43E-5	-0.0003023	-0.0002532	-0.0002525	-0.0001347	-8.757E-5	-0.000295	-0.0002331	-0.0002753	-0.0002465	-0.0001443	-0.0001672	-0.0002181	-0.0001716	-0.0003071
756.677	13215.67	0.0002473	0.0001741	0.0002843	0.0003301	3.761E-5	0.0002326	-4.289E-5	-0.0001308	-0.0004762	-0.0005207	-0.0006234	-0.0004044	-0.0003163	-0.0003461	-0.0005099	-0.0004571	-0.0002877	-0.0002242	-0.0005137	-0.0005481	-0.000392	-0.0004275	-0.0004834	-0.000146	-0.000485	-0.0003716	-0.0003556	-0.0004135	-0.0005379	-0.0002787	-0.0003058
757.254	13205.61	-0.0002533	4.946E-5	1.511E-5	0.0001459	-0.0001391	-8.868E-5	-0.0002681	-0.0004	-0.0005291	-0.0007213	-0.0008401	-0.0005123	-0.0003873	-0.000579	-0.0004282	-0.0004986	-0.0004841	-0.0005883	-0.0005247	-0.0006986	-0.0004135	-0.0005007	-0.0007562	-0.0003807	-0.0005729	-0.0006778	-0.000587	-0.0006388	-0.0007367	-0.0004738	-0.0004299
757.831	13195.56	-6.646E-5	0.0002623	0.0002079	0.0003327	-0.0003027	4.121E-5	4.763E-5	-3.853E-5	-0.0001937	-0.0003889	-0.0003848	-0.00043	-0.0001336	-0.0004095	-0.0002694	-0.0004403	-0.00035	-0.0003618	-0.0004623	-0.0003174	-0.0001168	-0.0004521	-0.0004545	-0.0003955	-5.715E-5	-0.0001821	-0.0002809	-0.0005289	-0.0004987	-0.0003216	-0.0003549
758.407	13185.52	-5.523E-5	0.0003231	0.0001331	4.788E-5	-0.000171	-5.952E-5	-8.17E-5	-0.0001515	-0.0003472	-0.0003653	-0.0003217	-0.0002402	-0.0001925	-0.0003663	-0.0003394	-0.0004247	-0.0002173	-0.0002816	-0.0005296	-0.0001939	-0.0002429	-0.0003628	-0.0003184	-0.0003551	-0.000268	-0.0003977	-0.0003666	-0.0004823	-0.000458	-0.0002486	-0.0004154
758.984	13175.50	1.437E-5	-5.116E-5	-0.0001469	6.56E-5	-0.0001482	-0.0001931	-0.0001529	-0.0002362	-0.0002758	-0.0002978	-0.0002141	-0.0003039	-9.547E-5	-0.0002716	-0.0002034	-0.0002805	-0.0001547	-0.0001993	-0.0002921	-0.0003319	-0.0003851	-0.000193	-0.0002342	-0.0002374	-0.0001525	-0.0003462	-0.0002577	-0.0002866	-0.0004977	-0.0002981	-0.0002471
759.561	13165.50	0.0002722	0.0002293	0.0002143	0.0005746	7.653E-5	9.022E-5	0.0001105	9.529E-5	0.0002323	-5.763E-5	0.0001261	0.0001702	0.0002457	0.0001091	0.0002303	0.0001369	0.0001164	0.0002432	0.000115	8.022E-5	-2.097E-5	7.92E-5	0.0002544	0.0001442	0.0001075	-2.283E-6	1.725E-5	-0.0001354	-7.36E-5	0.0001565	0.0003687
760.138	13155.51	0.0001302	0.0002881	0.0002995	0.0002203	0.0001278	0.0002323	0.0002085	0.0001342	0.0001904	0.0001194	0.000356	0.0002449	0.0001706	0.0001923	0.0001754	0.0003983	0.0002102	-2.043E-6	0.0001191	-7.246E-6	0.0001477	0.0001634	0.0002768	0.0001229	0.0002155	9.892E-5	5.813E-5	0.0002184	5.375E-5	0.0001376	0.0003347
760.714	13145.54	0.0001061	0.0002997	0.0001413	0.0002108	3.008E-5	0.0001352	0.0002616	0.0001435	6.985E-5	0.0002678	0.0002556	0.0001642	0.0001648	0.0001307	0.0001471	0.0002573	2.642E-5	2.416E-5	0.0001212	5.924E-5	0.0001964	-4.295E-5	0.0001225	0.0001062	6.246E-5	-3.929E-5	-3.662E-5	0.0001185	-0.0001572	0.0001187	-4.023E-5
761.291	13135.58	0.0002239	0.0002618	0.0002337	7.062E-5	0.0001908	2.297E-5	4.096E-5	6.859E-5	2.968E-8	0.0001765	-5.739E-5	7.335E-5	2.505E-5	9.156E-5	0.0002837	0.0001707	4.528E-5	0.0001402	-2.676E-5	2.734E-5	6.476E-5	-8.292E-5	-9.418E-5	0.0001405	4.63E-5	-0.0001807	6.933E-5	4.147E-5	-5.027E-5	3.1E-5	-0.0002045
761.868	13125.64	5.477E-5	0.0003274	0.0002686	0.0001958	5.122E-5	0.0001771	0.0002728	0.0001007	-5.402E-6	0.0002178	0.0001146	0.0001139	0.0001276	3.363E-5	0.0001453	0.0001149	5.196E-5	0.0002257	0.0001239	9.737E-5	0.0001525	0.0001319	-0.000107	2.948E-5	-7.557E-5	-5.609E-5	0.0001473	8.616E-5	5.317E-5	-3.522E-5	7.301E-5
762.444	13115.71	0.0002094	0.0005384	0.0004173	0.0005119	0.0004004	0.0003861	0.0004608	0.0002892	0.0003837	0.0003024	0.0002947	0.000274	0.0003443	0.0002412	0.0003198	0.0002057	0.0002036	0.0004059	0.0004117	0.0004113	0.0002855	0.0002426	0.0002241	0.000306	0.00025	0.0001972	0.0005089	0.0003212	0.0003173	0.0002213	0.0002905
763.021	13105.80	0.0003154	0.0003061	-3.372E-5	0.0002191	0.0002637	0.0001748	0.0001107	7.447E-5	0.0001317	5.869E-5	0.0002402	0.000195	0.00028	4.944E-5	0.0003254	-3.169E-5	8.08E-5	0.0002745	0.0001014	0.0001412	6.762E-5	2.208E-5	5.707E-5	0.0001633	0.0001478	6.311E-5	0.0002188	9.044E-5	0.0001505	6.168E-5	9.451E-5
763.598	13095.90	0.0002653	0.0002536	0.0002135	0.0003871	0.0002717	0.0002261	0.0002665	0.0003252	0.0001184	0.0001407	0.0002122	0.0002088	0.0002633	7.634E-5	0.0002548	0.000186	0.0003075	8.825E-5	8.973E-5	0.0003139	0.0003685	0.0002187	0.0001823	0.0001434	0.000202	0.0003083	0.0001998	0.0001426	0.0001891	0.0002127	1.672E-5
764.175	13086.01	0.0003409	0.0002935	0.0004666	0.0005125	0.0003148	0.0004061	0.0004075	0.0003929	0.000256	0.0002373	0.0002894	0.0003233	0.0003708	0.0002585	0.000338	0.0004486	0.0004046	0.0004649	0.0003231	0.0004435	0.0005055	0.0005101	0.000472	0.000375	0.0004715	0.0004899	0.0003174	0.0003201	0.0002381	0.0003614	0.0002501
764.751	13076.15	0.0002065	0.0003939	0.0003739	0.0004626	0.0003107	0.0004782	0.0005362	0.0003525	0.0004029	0.0004081	0.0004907	0.0003468	0.0004476	0.0003246	0.0003809	0.0005016	0.0005482	0.0005414	0.0004204	0.000499	0.0003905	0.0004172	0.0004862	0.0003774	0.0006338	0.0003683	0.0003835	0.0004418	0.000356	0.0004858	0.0003625
765.328	13066.29	0.000196	0.0004032	0.0002515	0.0005748	0.0004251	0.0002992	0.000595	0.0003663	0.0004082	0.000666	0.000391	0.0003782	0.000559	0.0002799	0.0004963	0.0005344	0.0004155	0.0004087	0.0004306	0.0003979	0.0004673	0.0002913	0.0004857	0.0004392	0.0005102	0.0004261	0.0004274	0.0005234	0.00046	0.0003826	0.000473
765.905	13056.45	0.0003731	0.0004362	0.0004536	0.000557	0.0005516	0.0005069	0.0006221	0.000528	0.0005979	0.000721	0.0003794	0.0006699	0.0005901	0.0005018	0.0005818	0.0005758	0.0007305	0.0003608	0.0006507	0.0005148	0.0005527	0.0006914	0.0007961	0.000688	0.0006165	0.0007316	0.0005948	0.0007943	0.0004739	0.0006448	0.0007594
766.481	13046.63	0.0005317	0.0006352	0.0007232	0.0007379	0.0005814	0.000756	0.0008185	0.0006125	0.0009124	0.000913	0.0006616	0.0008767	0.0008323	0.0007357	0.0008377	0.0006503	0.0009387	0.0008406	0.0008883	0.0007462	0.0007874	0.0008996	0.000872	0.0009414	0.0006705	0.0009005	0.0008078	0.000935	0.0006253	0.0007791	0.0008108
767.058	13036.82	0.0006022	0.0006191	0.0005292	0.0006676	0.0006198	0.0007543	0.0008291	0.000699	0.0007223	0.0008025	0.0007233	0.0006608	0.0008237	0.0005552	0.0007753	0.0007348	0.0008835	0.0008637	0.0008165	0.0008671	0.0007245	0.0007739	0.0008916	0.000772	0.0004627	0.0007564	0.0005827	0.0007411	0.0006942	0.0005663	0.0008159
767.635	13027.03	0.0005287	0.000525	0.0004037	0.0006904	0.0004704	0.0006493	0.0005641	0.0005767	0.0004515	0.0004911	0.0005771	0.0004495	0.0006569	0.0004596	0.0005846	0.0004385	0.0005336	0.0006416	0.0006083	0.0006027	0.0003796	0.000592	0.0006205	0.0004399	0.0004209	0.0005713	0.0004908	0.0004549	0.0006143	0.0003269	0.0007461
768.212	13017.25	0.0002222	7.607E-5	7.89E-5	0.0004293	0.0001275	0.0002169	0.0002486	0.000284	0.0001938	0.0001646	0.0002634	0.0002761	0.000339	0.0002308	0.0003226	0.00017	-7.499E-6	0.0003416	0.0004148	0.0003233	7.703E-5	0.000311	0.0003004	0.0002169	0.0001703	0.0003053	0.0001963	0.0001615	0.0001424	3.605E-5	0.0003431
768.788	13007.48	0.0002279	8.777E-5	1.436E-5	0.000142	3.028E-5	8.776E-5	0.0002961	0.0001197	0.0001776	7.448E-5	0.0001736	0.0001581	0.0003068	0.0001703	0.0002658	0.0001323	7.232E-5	0.0002334	0.0002302	0.000223	0.0001422	0.0001207	0.0001654	0.0001844	7.782E-5	0.0002642	0.0002074	8.579E-5	3.527E-5	8.774E-5	3.047E-5
769.365	12997.73	0.0005353	0.0005038	0.0004152	0.000441	0.0003927	0.0004145	0.0005347	0.0003235	0.0003642	0.0003235	0.0005056	0.0003498	0.0004746	0.0004062	0.0003639	0.0002481	0.0003848	0.0004279	0.0003518	0.000298	0.0003629	0.0004855	0.0003127	0.0003453	0.0002781	0.0003485	0.0005492	0.0003502	8.311E-5	0.0003994	0.0002537
769.942	12988.00	0.0005007	0.0005575	0.0004402	0.0006068	0.0005164	0.0004559	0.000616	0.0004929	0.000475	0.0004969	0.0003449	0.0004972	0.0004114	0.0004382	0.0003676	0.0004519	0.0002144	0.0005447	0.000413	0.0002437	0.000362	0.0006142	0.0002845	0.0004783	0.0003308	0.0003819	0.0004346	0.0003197	0.0001016	0.0003861	0.0001278
770.518	12978.28	0.0005585	0.000711	0.0006787	0.0007098	0.0005935	0.0005267	0.0006488	0.0007853	0.0005944	0.0007818	0.0005711	0.0005995	0.0006981	0.000584	0.0005575	0.000711	0.0004259	0.0007468	0.0003932	0.0004337	0.0005748	0.000612	0.0005422	0.0006269	0.000487	0.0005758	0.0004067	0.0005999	0.0003838	0.0005092	0.0003374
771.095	12968.57	0.000444	0.0005804	0.000693	0.0006149	0.0005584	0.0005916	0.0004671	0.0006146	0.000566	0.0006972	0.0005951	0.0004126	0.0005085	0.0005025	0.0006604	0.0006416	0.0004881	0.0006877	0.0003938	0.0004012	0.0005185	0.000531	0.0004912	0.000561	0.0004394	0.0004539	0.0003385	0.0005092	0.0004356	0.0003872	0.0004377
771.672	12958.88	0.0004647	0.0005039	0.0005225	0.0005143	0.0005286	0.0004283	0.0004396	0.0003674	0.0004973	0.0004083	0.0005649	0.0003445	0.0003839	0.0004978	0.0006044	0.0003989	0.0003055	0.0005296	0.0005088	0.0001762	0.000385	0.0004226	0.0003694	0.000411	0.000388	0.0004685	0.0003787	0.0002889	0.0004226	0.0002743	0.0003179
772.249	12949.20	0.0003007	0.0004537	0.0003378	0.0003985	0.0003516	0.0001883	0.0004421	0.0003781	0.0003373	7.156E-5	0.0005649	0.00038	0.0004194	0.0002928	0.0003255	0.0001372	0.0002453	0.0002924	0.0003405	0.0002068	0.0002618	0.0002165	0.0002777	0.0002902	0.0003229	0.0002866	0.000435	0.0001956	0.0001556	0.0001257	0.0001619
772.825	12939.54	0.0003687	0.0004525	0.0004272	0.0004312	0.000285	0.0003104	0.0004382	0.0006748	0.0004294	0.0002247	0.0003683	0.0005052	0.0003648	0.0002018	0.0002649	0.000129	0.0002935	0.0002921	0.0003668	0.0002415	0.0002871	0.0002588	0.0002726	0.0003976	0.0003284	4.244E-5	0.0004396	0.0003177	9.721E-5	0.0002705	0.0002566
773.402	12929.89	0.0006494	0.0006366	0.0005904	0.0005334	0.0006181	0.0005653	0.0006133	0.0007243	0.000615	0.0004836	0.0005472	0.0005523	0.0005097	0.0004638	0.0004897	0.0004426	0.0006209	0.0005024	0.0005763	0.0004062	0.0004668	0.0004283	0.0004109	0.0005613	0.0004413	0.0002743	0.0004896	0.0004485	0.0003966	0.0006897	0.0004335
773.979	12920.25	0.0006019	0.0005089	0.0005322	0.0005233	0.0005474	0.0006178	0.000676	0.0006441	0.0004541	0.0006769	0.0005521	0.0004527	0.0005883	0.000491	0.0004562	0.0004417	0.0006812	0.0003865	0.0005183	0.0005112	0.0004167	0.0005018	0.0004136	0.0005273	0.0004689	0.0004276	0.0004421	0.0002296	0.0003617	0.0007178	0.0003661
774.555	12910.63	0.0005997	0.0006145	0.0005735	0.0006482	0.0004332	0.0006312	0.0005976	0.0005791	0.0005677	0.0008102	0.0004786	0.0005871	0.0006085	0.0003127	0.0004754	0.0003773	0.0006555	0.000514	0.0004156	0.0004185	0.0003392	0.0005377	0.0003603	0.0005809	0.0004882	0.0004343	0.0003184	0.0003023	0.0004065	0.0006626	0.0004025
775.132	12901.03	0.0005287	0.0005072	0.0003909	0.0006086	0.0004757	0.0004703	0.0005056	0.0004881	0.0004227	0.0004987	0.0003705	0.000265	0.000445	0.0003732	0.000577	0.0002893	0.0004828	0.0005878	0.0003346	0.000232	0.0002242	0.0002808	0.0002131	0.0004896	0.0003144	0.0003483	0.0002381	0.0002384	0.00038	0.000397	0.0003952
775.709	12891.44	0.0005565	0.0002899	0.0004923	0.0006002	0.0004432	0.0004448	0.0004774	0.0006025	0.0003447	0.0003319	0.0004056	9.695E-5	0.0004885	0.0002022	0.0004285	0.0003433	0.0004002	0.0004214	0.0003264	0.0001882	0.0002774	0.0002874	0.0001757	0.0003358	0.0003581	0.0002043	0.0001958	0.0001902	0.0002969	0.0002311	0.0003464
776.285	12881.86	0.0004715	0.0002864	0.0006743	0.0005775	0.0004537	0.0004619	0.0003493	0.0003814	0.0003966	0.0004061	0.000277	0.0001651	0.0003527	8.608E-5	0.0002185	0.00033	0.0002265	0.0002389	0.0002442	0.000104	0.0002836	0.0001959	0.0001135	-2.486E-5	0.0002074	3.496E-5	-6.334E-5	0.0001891	0.0001103	1.306E-5	0.000213
776.862	12872.30	0.0005327	0.0006531	0.0008093	0.0005968	0.0005388	0.0005311	0.0004953	0.0002956	0.0005239	0.0004087	0.0004216	0.0002838	0.0002795	0.0003125	0.0002906	0.0004469	0.0004116	0.0002793	0.0003835	0.0002331	0.0003771	0.0002128	0.0002307	0.0001659	0.0002587	0.0003851	0.0002041	0.0003263	0.0001194	4.387E-5	0.0003162
777.439	12862.75	0.0005079	0.0003969	0.0005661	0.0003335	0.0004357	0.0002884	0.0003681	9.934E-5	0.0001851	0.0001604	0.00016	0.0001705	-9.711E-6	0.0001567	-1.086E-5	0.0002474	7.073E-5	0.000134	8.948E-5	1.923E-5	9.063E-5	-1.153E-5	-4.131E-5	0.0001265	8.171E-5	1.705E-5	9.759E-5	-2.017E-6	7.962E-6	-5.379E-5	7.152E-5
778.016	12853.21	0.0004103	0.0003637	0.0003224	0.0001831	0.0003131	0.0001519	6.639E-5	2.443E-5	-4.379E-5	2.496E-5	-0.0001967	-4.498E-5	-8.231E-5	-0.0002311	-0.0001117	-9.25E-5	-5.448E-5	-0.0002156	-0.0001359	-0.0001411	-0.0002043	-0.0001149	-0.0001221	-0.000241	-0.0001088	-0.0003757	-8.661E-5	-0.0002406	-0.0001384	-0.0002359	-0.0003761
778.592	12843.69	0.0003512	0.0004083	0.0002417	0.0001577	0.0004002	-2.883E-5	0.0001813	-1.197E-5	-0.0002514	-9.553E-5	-0.000228	-0.0001919	-0.0001166	-0.0001552	-0.0001958	-0.0001905	-0.0002355	-0.0004489	-0.0002215	-0.0003055	-0.0003507	-0.0001811	-0.0003797	-0.0003879	-0.0003895	-0.0003261	-0.0002558	-6.656E-5	-0.0002449	-0.0002981	-0.0004053
779.169	12834.19	0.0005388	0.0004854	0.0004274	0.0003325	0.0003057	0.0002053	9.334E-5	4.185E-5	-7.917E-5	-0.0001434	-6.187E-5	-0.0002129	-8.155E-5	-0.0002616	-0.0002347	-0.0001023	-0.0001945	-0.0003642	-2.803E-6	-8.716E-5	-0.0003092	-0.0001634	-0.0004336	-0.0001656	-0.0002946	-0.0003523	-0.0001068	8.671E-5	-0.0002061	-0.0001242	-0.0001045
779.746	12824.69	0.0004615	0.0003083	0.0003027	0.0002635	0.0003001	0.0001816	-2.777E-5	-4.944E-5	-0.0002074	-0.0002756	-0.0001313	-0.0002769	-7.64E-5	-0.0005635	-0.0002228	-0.0001114	-0.0002473	-0.0003079	-0.0001465	-0.000101	-0.0003708	-0.0002033	-0.0004194	-0.0002628	-0.0002724	-0.0003849	-0.0002827	-0.0001247	-0.0003235	-0.0002287	-0.0003357
780.322	12815.22	0.0002436	0.0001558	7.453E-5	0.000122	4.734E-5	-3.333E-6	2.395E-5	-0.0002251	-0.000112	-0.0001052	-0.0002814	-0.0003822	-9.211E-5	-0.0004129	-0.0001684	-0.0002002	-0.0002582	-0.0002824	-0.000307	-0.0001918	-0.0003329	-0.000155	-0.0004392	-0.000452	-0.0004002	-0.0005891	-0.0004664	-0.0004172	-0.0003337	-0.0004073	-0.0006947
780.899	12805.75	0.0002552	0.0001329	6.571E-6	9.773E-5	3.61E-5	0.0002448	-3.01E-5	-0.0001471	-8.012E-5	-2.286E-5	-0.0001931	-0.000384	-5.374E-5	-0.0002227	-0.0001705	-9.667E-5	-0.0001982	-0.0002777	-5.521E-5	-0.0002618	-0.0001716	-0.000154	-0.0004363	-0.0004214	-0.0003682	-0.0004027	-0.0004176	-0.0002317	-0.0003585	-0.0004489	-0.0003681
781.476	12796.30	0.0003883	0.0002835	0.0002328	0.0001351	-3.305E-5	0.0002149	-0.0001517	-5.612E-5	-0.0001529	-7.045E-5	-3.202E-5	-0.0003174	-0.0001358	-0.0002637	-0.0001764	4.184E-5	-0.0001106	-0.0002253	-0.0001435	-0.0002124	-0.0003773	-0.0001688	-0.0004935	-0.0001128	-0.0001895	-0.0002774	-0.0004688	-9.393E-5	-0.0004023	-0.0003238	-0.0004993
782.053	12786.86	0.0004734	0.0002993	0.0004939	0.0002838	-5.039E-5	0.0001745	-0.0001588	1.034E-5	-0.0001593	7.298E-5	-0.0001926	-0.0004089	4.127E-5	-0.0002586	-5.648E-5	5.445E-5	-0.0001297	-0.0002046	-0.0002679	-0.0002474	-0.0003993	-0.0001491	-0.0004686	-0.0001421	-8.935E-5	-0.0004196	-0.0003047	-0.0002151	-0.0002067	-0.0001128	-0.0005094
782.629	12777.44	0.0006198	0.0002567	0.0002444	0.0002536	2.095E-6	6.731E-6	7.254E-5	-0.0002366	-0.0002137	-0.000252	-0.0002499	-0.0003335	-0.0003105	-0.0004389	-5.231E-5	-0.0001796	-0.0003116	-0.0002663	-0.0003706	-0.0002467	-0.000395	-0.0003949	-0.0003104	-0.0003648	-0.0001849	-0.0003697	-0.0002858	-0.0004599	-0.0004173	-0.0002123	-0.0004486
783.206	12768.03	0.0006279	0.0005151	0.0003373	0.0004949	0.0002572	0.000206	0.000254	0.0001246	0.0001221	-3.039E-5	-6.614E-5	5.532E-5	-9.774E-5	-0.0002311	-7.415E-5	-0.0001125	-6.213E-5	-0.0001045	-0.0002305	-0.0002985	-0.000254	-0.0001541	-0.0003493	-0.0001773	-0.0002688	-0.0001404	-0.0001379	-9.144E-5	-0.0003233	-0.0001716	-0.0001052
783.783	12758.64	0.0007385	0.000416	0.000339	0.0006054	0.0003865	0.0002583	0.0003008	0.0001822	0.0001622	6.931E-6	2.746E-5	0.0001566	-3.347E-5	-0.0001411	3.669E-5	0.0001125	-0.0001028	-0.0001777	-0.0001261	-0.0001182	-0.000204	-0.0001629	-0.0003939	-0.0001151	-0.000297	-1.502E-5	-0.000211	-4.229E-5	-0.0002803	-9.755E-5	-0.0001864
784.359	12749.26	0.0002058	0.0001814	0.0001954	0.0003642	2.167E-5	3.288E-6	-0.0001013	-5.939E-5	-0.0004383	-0.0002702	-0.0003604	-0.0003659	-0.000355	-0.0004376	-0.0002206	-0.0001767	-0.000529	-0.0002558	-0.0004106	-0.0004437	-0.0001336	-0.0004637	-0.0006167	-0.0002394	-0.0004186	-0.0003809	-0.000388	-0.0004325	-0.0003531	-0.0003786	-0.0004763
784.936	12739.89	-6.781E-6	0.0002324	5.694E-5	0.0001218	-0.0001629	-8.472E-5	-0.0001668	-0.0004532	-0.0006095	-0.0003641	-0.0004521	-0.0006531	-0.0004045	-0.000529	-0.0003472	-0.0006038	-0.0003691	-0.0004256	-0.0004844	-0.00067	-0.0002907	-0.0005569	-0.0005768	-0.000509	-0.0003295	-0.0006048	-0.0004785	-0.0005598	-0.0005185	-0.0006438	-0.0007018
785.513	12730.54	-5.407E-6	0.0001648	1.688E-5	-9.17E-5	-0.0002502	-0.0003327	-0.0002413	-0.0004937	-0.0005724	-0.0003826	-0.000575	-0.0005494	-0.0006793	-0.0006091	-0.0006449	-0.0005073	-0.0005947	-0.0006714	-0.0006867	-0.0005955	-0.0006007	-0.0006499	-0.000701	-0.0005548	-0.0006422	-0.0007027	-0.0005698	-0.0005914	-0.0006907	-0.0007641	-0.0005971
786.090	12721.20	-2.56E-5	0.0003156	6.586E-5	-9.718E-5	1.597E-5	-0.0001085	-5.903E-6	-0.0001478	-0.0004977	-0.0004256	-0.0004322	-0.0005792	-0.0001499	-0.0005493	-0.0004653	-0.0003707	-0.0005602	-0.0004384	-0.0004063	-0.0005453	-0.0005591	-0.0006246	-0.0006728	-0.0004952	-0.0006186	-0.0005593	-0.0006286	-0.0004864	-0.0003904	-0.0008019	-0.0005171
786.666	12711.87	0.0001675	0.0003388	0.0003709	0.0002584	0.0004091	7.231E-5	0.0001473	-6.31E-5	-0.0002892	-0.0002852	-0.0003036	-0.0003908	-0.0001371	-0.0002859	-0.0003605	-0.000322	-0.0004346	-0.0003539	-0.0002702	-0.0005354	-0.0003989	-0.0001972	-0.0001386	-0.0003859	-0.0006134	-0.0005158	-0.0006002	-0.0005497	-0.0002381	-0.0005685	-0.0006228
787.243	12702.56	0.0002517	0.0005524	0.0004961	0.0004665	0.0005388	0.0004196	0.0001776	-0.0002283	-4.989E-5	0.0001414	-0.0001694	-0.0001816	0.0001564	-0.0001054	0.0001041	-0.0002446	1.407E-5	-0.0001009	-2.676E-6	-0.0001595	-0.0002395	5.739E-5	1.287E-5	-0.0001962	-0.0004353	-0.0003261	-0.0001305	-7.271E-5	-0.0002281	-0.0004703	-0.0002315
787.820	12693.26	0.0004495	0.0003781	0.0005309	0.0004423	0.0003884	0.0001713	0.0001305	-0.0001109	-6.034E-6	-0.0002634	-0.0001802	-0.0002884	-9.139E-5	-0.0002026	-0.0001203	-4.957E-5	-9.83E-6	-0.0003689	-0.000132	-0.0003342	-0.0003501	-0.0002757	-0.0003031	-0.0005121	-0.0004559	-0.0004139	-0.0002752	-0.0001914	-0.0004006	-0.0004191	-0.0002969
788.396	12683.98	0.000466	0.0002784	0.0004381	0.0003626	0.0002516	0.0002921	-0.0001161	-7.077E-5	-9.8E-5	-0.0001617	-0.0002962	-0.0003744	-0.0001374	-0.0001923	2.998E-5	-0.0002516	-0.0002221	-0.0002544	-0.0001689	-0.000515	-8.843E-5	-4.75E-5	-0.0001847	-0.000182	-0.0003923	-0.0004637	-0.0003915	-0.000235	-0.000432	-0.0004339	-0.0002682
788.973	12674.70	0.0001972	0.0002048	9.293E-5	0.000203	0.0002378	-6.935E-5	-5.498E-5	-0.0002733	-0.0002669	-0.0001161	-0.0001359	-0.0004439	-5.777E-5	-0.0004692	-3.378E-5	-0.0001452	-0.0002032	-0.0002812	-0.0003515	-0.0004524	-0.0002283	-0.000166	-0.0003936	-0.000256	-0.0006983	-0.000355	-0.0002773	-0.0003017	-0.0005415	-0.0005251	-0.0002361
789.550	12665.45	-1.745E-6	0.0002876	0.0002862	0.0003836	0.0001945	0.0002881	-0.0001672	-5.152E-5	-0.0002783	-9.82E-5	-0.000232	-0.0001319	-0.0001013	-0.0003205	-0.0002971	-0.0004443	-0.0002368	-0.0002086	-0.0002857	-0.000269	-0.0003932	-0.0005774	-0.0004381	-0.0005205	-0.0004469	-0.0004591	-0.0005063	-0.0006327	-0.0005705	-0.0002499	-0.0006248
790.126	12656.20	-0.0002552	6.44E-5	0.0004715	-0.0001087	-0.000107	9.633E-5	4.182E-5	-0.0002411	-0.0002091	-0.0001424	-0.0002604	-0.0003862	-0.0002599	-0.0004239	-0.0002134	-0.0003728	-0.0001816	-0.0001582	-0.000258	-0.0003941	-0.0004567	-0.000356	-0.0001998	-0.0005416	-0.0004867	-0.0003647	-0.0005862	-0.0005053	-0.0003558	-0.0002882	-0.0005131
790.703	12646.97	0.0003526	0.0002778	1.416E-5	0.0003593	0.0003579	1.762E-5	0.0002989	5.897E-5	0.0002274	-8.123E-5	-8.161E-5	9.625E-5	0.0001015	0.0001319	-0.0002757	2.964E-5	6.096E-5	2.147E-5	0.0001876	-1.918E-5	0.0002305	-0.0001235	-8.842E-5	-0.0001002	-0.0001217	7.401E-5	-4.765E-5	-0.0002964	-0.0001266	-0.0001375	-0.0001421
791.280	12637.75	0.000359	0.0002334	0.0004498	0.000124	0.0003526	0.0001188	0.0002486	0.0001585	6.749E-5	0.0002696	0.000227	0.0001086	-6.04E-5	-6.81E-5	9.578E-5	0.0001126	9.524E-5	0.0001343	7.635E-5	-3.124E-5	-0.0001985	-0.0001976	0.0001163	0.0001145	0.0001195	-9.141E-6	0.0001667	-0.0002588	-0.000145	-3.873E-5	-0.0002277
791.857	12628.55	4.746E-6	1.535E-5	0.0001593	-7.179E-5	0.0001198	-4.723E-5	-0.0002739	3.953E-5	0.0001184	7.294E-5	-0.0001399	-1.569E-5	0.0001859	-0.0002912	-0.0001463	0.0001982	-0.0001308	-1.012E-5	-0.0001705	-0.0001893	-1.432E-5	-0.00018	-1.595E-5	-0.0001578	-0.0004837	-0.0002184	-3.335E-5	-0.0001061	-0.0001588	-0.0001186	-3.439E-5
792.433	12619.36	-4.381E-5	0.0002506	0.0001995	8.45E-5	0.0001503	0.0002305	6.41E-5	0.0001668	9.21E-5	-4.308E-5	-5.127E-5	0.0001128	1.224E-5	-0.0002633	0.0001965	-0.0002793	-1.73E-5	-0.0002476	-3.108E-5	-8.345E-5	-0.0001297	3.325E-5	-0.0002372	9.934E-5	-7.571E-6	-0.0004011	-0.0003049	-0.0001556	-0.0001387	-0.0001223	-0.0001647
793.010	12610.18	0.0001083	0.0004806	0.0004345	0.0003213	-4.602E-6	0.0002872	0.0003308	0.0001952	0.0003473	0.0003245	4.981E-5	9.127E-6	7.865E-5	3.907E-5	0.0001062	3.195E-5	7.145E-5	1.608E-5	7.225E-5	0.0001701	-4.885E-5	1.72E-5	0.0001164	0.0001807	4.417E-5	0.0001496	-0.0001161	0.0001156	-0.0001041	-0.0001178	3.289E-5
793.587	12601.02	0.0001555	0.0001267	0.0001898	6.374E-5	4.328E-5	0.000168	0.0001659	0.000341	0.0001457	0.0001004	-6.492E-6	0.0002259	8.199E-5	4.569E-5	8.55E-5	0.0001169	-0.0001714	-1.242E-5	-0.0002019	8.231E-5	0.0001564	-4.552E-5	0.0001834	5.513E-5	5.179E-5	-0.0002397	-0.0002961	-0.0001506	3.056E-5	1.4E-5	0.0001024
794.163	12591.87	0.0002509	0.0001376	0.0005183	0.0006467	0.0006802	0.00046	0.0007188	0.0004664	0.0005141	0.0005748	0.0002971	0.0005449	0.0005187	0.0004752	0.0005235	0.000457	0.0006455	0.0005361	0.0002926	0.000413	0.0002253	0.0006271	0.0001812	0.0004747	0.000542	0.0002199	0.0003257	0.0003825	0.0002469	0.0005538	0.0004884
794.740	12582.73	8.129E-5	0.0003892	4.045E-5	0.0003594	0.0003019	0.0002179	0.0003924	0.0001677	0.0002773	9.415E-5	0.000409	0.0001708	0.0003135	-1.773E-7	0.0004355	-0.0001246	0.0006521	8.042E-5	4.919E-5	-7.089E-5	0.0003227	3.099E-5	-1.96E-5	9.635E-5	-0.0001204	7.87E-5	9.665E-6	0.0001607	0.0001714	2.861E-6	0.0003663
795.317	12573.60	0.0001928	7.287E-5	0.0001695	0.0002181	0.0003022	0.000373	0.0003054	0.0006718	0.0003949	0.0006175	0.0005826	0.0007094	0.0005267	0.0005881	0.0004894	0.0005179	0.000203	0.0005231	0.0003378	0.000153	0.0004546	0.0003564	0.000469	0.0004799	0.0004102	0.000176	0.0004849	0.000288	0.0001967	0.0003405	0.0003658
795.894	12564.49	0.0007355	0.0004829	0.000902	0.0008438	0.0009757	0.0004933	0.0008274	0.0007373	0.0005899	0.0008607	0.0009505	0.0005878	0.0007165	0.0007126	0.0007664	0.0006318	0.0006287	0.000782	0.000776	0.0006033	0.00071	0.0005635	0.0009398	0.0005197	0.0005086	0.0006306	0.0008306	0.0007587	0.0006938	0.0005667	0.0005904
796.470	12555.40	0.000369	0.0004632	9.77E-5	0.0004426	0.0005557	0.0003368	0.0005249	0.0006269	0.0007029	0.0006478	0.0008473	0.0002008	0.0003696	0.0004877	0.0006216	0.000507	7.884E-5	0.0004411	0.0006376	0.0003067	0.0005331	0.0004609	0.0004314	0.0001186	0.0002079	0.0001525	0.0003909	0.0002828	0.0005563	0.000159	-2.684E-5
797.047	12546.31	0.0004674	0.0006957	0.0007836	0.0006692	0.0006887	0.0009248	0.0009482	0.0005849	0.0006931	0.0004253	0.0006746	0.0006665	0.0007854	0.0005879	0.0008977	0.0009678	0.0007166	0.0006873	0.000704	0.0007126	0.0007479	0.0007951	0.0006683	0.0008418	0.0004109	0.0005724	0.0004966	0.000695	0.0006649	0.0004873	0.0004875
797.624	12537.24	0.0004501	0.0007051	0.0005377	0.0007914	0.0004631	0.0008914	0.0005958	0.0006522	0.0007407	0.0007302	0.0008226	0.0006719	0.0006491	0.0007145	0.0007265	0.0003616	0.0006892	0.0005249	0.0008911	0.000649	0.0005801	0.0006885	0.0007517	0.0007282	0.0007595	0.0005198	0.0005949	0.0005636	0.0003933	0.0004346	0.0005755
798.200	12528.18	0.0004133	0.0003136	0.0002632	0.0002494	0.0003343	0.0006126	0.0005062	0.0003573	0.0004717	0.000568	0.0004763	0.0004685	0.000537	0.0004334	0.000649	0.0002601	0.0005169	0.0002726	0.0004407	0.0006313	0.0002904	0.0003406	0.0006321	0.0002044	0.0004765	0.0003931	0.0003204	0.000167	0.0002439	0.0004035	0.0004705
798.777	12519.14	0.0002927	0.0005028	0.0007334	0.0005588	0.0007193	0.0007533	0.0006724	0.0004132	0.0003953	0.0006076	0.0004598	0.0002405	0.0006043	0.0003983	0.0004594	0.0003303	0.0002395	0.0006149	0.0005024	0.0004092	0.000629	0.0004495	0.0003641	0.0005892	0.0005585	0.0004623	0.0005515	0.000395	0.0002139	0.0004202	0.0003605
799.354	12510.10	0.0007422	0.0008651	0.0008923	0.0007903	0.0006282	0.0005742	0.0006676	0.0006547	0.0005123	0.0005324	0.0004224	0.0005101	0.0004214	0.0005559	0.0006185	0.0005424	0.0008307	0.0005443	0.000628	0.0006512	0.0006419	0.0006363	0.0004676	0.0005357	0.0005029	0.0006084	0.0004344	0.0005328	0.0004303	0.000436	0.0004738
799.931	12501.09	0.000542	0.0004591	0.0002949	0.0005093	0.0005516	0.00045	0.0004454	0.0005096	0.0004389	0.0002436	0.0004061	0.0002405	0.0002577	0.0002575	0.0002298	0.0005387	0.0002352	0.0002146	0.0003983	8.672E-5	0.0002263	0.0003739	0.0004135	0.0005472	0.0004495	0.0002164	0.0001038	0.000184	0.0002467	0.0002941	0.0002864
800.507	12492.08	0.0002628	0.0003661	0.0004642	0.0001689	0.0006766	0.0002615	0.0004461	0.0005472	0.0004145	0.0003124	0.000432	0.000116	0.0002927	0.0003883	0.0004948	0.0004403	0.0002798	0.0002789	0.0002007	-4.978E-6	0.0002119	0.0002235	0.0003239	0.0001412	0.0002081	0.0001256	0.0001281	0.0002382	3.89E-5	0.0002116	0.0003005
801.084	12483.09	0.0004052	0.0007079	0.0005192	0.000395	0.0007915	0.000486	0.0004218	0.0004748	0.0006656	0.0002544	0.0005037	0.000373	0.0003869	0.0004481	0.0004099	0.0004357	0.0001871	0.0005622	0.0003577	0.0004824	0.0004472	0.0005371	0.0002637	0.0002385	0.0004671	0.0003229	0.0005545	0.0004698	0.0002921	0.0001119	0.000384
801.661	12474.11	0.0002411	0.0005471	0.0004836	0.0004058	0.000405	0.0004951	0.000418	0.0002659	0.0004417	8.016E-5	0.000277	0.0002232	0.000547	0.0003224	0.0003843	0.0003147	0.0002459	0.0005692	0.0003221	0.00016	9.848E-5	0.0001913	0.0001245	0.0004729	0.0002911	0.000437	0.0003615	0.0001371	0.0002501	0.0002227	0.0002849
802.237	12465.14	0.0005255	0.0003899	0.0004639	0.0003714	0.0003329	0.0003808	0.0004586	0.0003739	0.0004169	0.0001957	-6.916E-5	0.0002016	0.0004531	0.0001534	0.0001997	0.0002578	0.0001629	9.932E-5	0.0002576	0.0001998	0.0002136	0.0002014	0.0001709	0.000349	0.0002138	0.0003917	0.0001477	0.0001001	9.865E-5	8.723E-5	0.0003526
802.814	12456.18	0.0005099	0.0006236	0.0003901	0.0003733	0.0001667	0.0003017	0.0003232	6.836E-5	-0.0001215	0.00018	6.216E-5	0.0001127	0.000192	-0.0001399	-5.958E-5	-6.69E-5	3.652E-5	0.0001682	0.000147	-4.245E-6	0.0001384	5.869E-5	4.505E-5	0.0002288	-9.13E-5	-6.463E-6	-0.000163	-4.764E-5	0.0001876	2.547E-5	-9.102E-5
803.391	12447.24	0.0005746	0.0009571	0.0005253	0.0007237	0.0005324	0.0004844	0.0003792	0.0002999	0.0002256	0.0003249	0.0002732	0.0003025	0.0002601	3.147E-6	0.0002142	0.0002201	0.0003575	0.0001495	0.0002743	8.313E-5	0.0003563	0.000303	0.0001177	0.0002961	0.00023	-1.593E-5	4.968E-5	0.0002351	0.0002241	9.585E-5	-0.0001269
803.968	12438.31	0.0005061	0.0005539	0.000182	0.0004196	0.0003521	0.0003283	0.0002256	-1.141E-5	6.721E-5	-5.745E-5	-4.542E-6	0.0001442	0.0002757	0.0001567	0.0002064	-5.057E-5	-3.092E-5	-3.931E-5	0.0001608	0.0002517	8.113E-5	-5.919E-5	9.545E-5	-3.609E-5	-3.889E-5	-7.409E-5	-0.0001013	3.574E-5	-0.0002043	-7.986E-6	-0.0002019
804.544	12429.40	0.0003856	0.0003438	0.0002219	0.0004024	0.0002517	0.0002697	0.0001649	0.000188	0.0001205	-4.378E-5	-9.706E-6	1.148E-5	0.0001482	8.53E-5	0.0002815	0.0001301	8.786E-5	0.0001607	-2.28E-6	0.0001398	-0.0001038	-0.0001864	4.383E-5	-4.605E-5	8.836E-6	-4.573E-5	-0.0001468	-4.45E-5	-0.0001531	-9.981E-5	-7.882E-5
805.121	12420.49	0.0004781	0.0002951	0.0006083	0.0002521	0.0002543	0.0004107	0.000265	0.0002054	0.0003544	0.0001957	0.0002201	0.0002363	0.0002252	0.0001356	0.0001605	0.0002223	0.0001606	0.0003734	-4.841E-5	0.000256	0.000154	6.459E-5	0.0003274	0.0001703	0.0002988	0.0002864	9.329E-5	0.0001604	7.577E-5	2.235E-5	-0.0001315
805.698	12411.60	0.0004209	0.0006097	0.0005684	0.0004108	0.0002933	0.0002993	0.000348	0.0005539	0.0003624	-7.32E-6	0.0002807	0.0004188	2.939E-5	0.0002412	0.0005197	0.000247	8.12E-5	0.0003885	0.0002239	0.0001919	0.0003974	0.0002014	0.000389	0.0001288	0.000135	9.519E-5	0.000354	0.0003298	0.0001378	0.0003382	8.426E-5
806.274	12402.73	0.0004877	0.0005011	0.0002832	0.0004301	5.165E-5	9.491E-5	0.0003604	0.000194	0.0003687	-6.138E-5	6.075E-5	0.0002142	9.599E-5	0.0001706	0.0001685	4.656E-5	2.308E-5	0.0002971	0.0001976	5.058E-5	0.0001047	-9.335E-5	-1.858E-5	3.521E-5	7.356E-5	4.741E-6	0.0001273	4.707E-5	3.987E-5	6.583E-5	0.0001076
806.851	12393.86	0.0007442	0.0003926	0.0004668	0.0003883	0.0005221	0.0002843	0.0003954	0.000395	0.0002958	0.000278	0.0003179	0.0002534	0.0001936	0.0002178	0.0002897	7.991E-6	0.0001376	0.0001473	0.0002707	-9.443E-5	0.0001948	0.0001125	0.0002481	-1.924E-5	0.0002265	2.53E-5	2.474E-6	2.885E-5	6.354E-5	8.045E-5	0.0001372
807.428	12385.01	0.0005438	0.0004246	0.0002675	0.0002976	0.0003972	0.0005904	0.0003733	0.0003104	0.0002585	9.761E-5	0.000265	9.457E-5	4.634E-5	0.0002242	0.0003984	0.0001203	0.0001104	0.0001123	0.0002281	-5.868E-5	7.96E-5	2.394E-5	0.0001976	2.484E-5	3.931E-5	4.716E-6	-3.384E-5	4.828E-5	-2.729E-5	6.969E-5	0.0001294
808.004	12376.17	0.0004415	0.0005081	0.0003357	0.0001401	0.000398	0.000499	0.0001712	0.0002125	0.0002298	2.185E-5	0.0001514	-6.442E-5	-0.0001513	-0.0001186	0.0001818	3.791E-5	-5.064E-5	-9.959E-5	-6.155E-5	1.256E-5	-4.315E-5	-7.927E-5	-0.0001485	-4.843E-5	-9.268E-5	-8.786E-5	-6.668E-5	-0.0001542	-0.0001071	-0.0002168	-1.143E-5
808.581	12367.34	0.000493	0.0003701	0.0004624	0.0002664	0.0004208	0.0004616	0.0003237	0.0001929	0.0002489	0.0001148	0.0001757	-0.0001725	-9.028E-6	9.823E-5	0.0001039	-0.0001426	-2.965E-5	1.671E-5	-7.852E-5	0.0002211	-0.0001796	-2.848E-5	-0.0001444	-7.523E-5	-1.751E-6	4.493E-5	-0.0001023	-0.000194	-0.0002172	-0.0001105	0.0001423
809.158	12358.53	0.0002167	0.0003817	0.0004343	0.000107	0.000236	0.0001749	0.0005483	2.646E-5	-5.594E-5	6.603E-7	6.707E-5	-7.875E-5	0.0001695	-3.714E-5	-7.711E-5	-6.675E-5	2.771E-5	2.047E-5	3.975E-6	-5.094E-5	-9.285E-5	1.556E-5	-9.518E-5	1.501E-6	-0.0001594	-5.199E-5	-0.0001711	-0.0001358	-0.000262	4.6E-5	-0.0001173
809.735	12349.73	-5.836E-5	0.0003655	0.0001751	0.0001157	0.0001866	-8.946E-5	0.0003174	-2.807E-5	-0.0001235	0.0001041	-3.375E-6	-3.724E-5	8.794E-5	-4.324E-5	6.42E-5	3.481E-5	-1.744E-5	1.168E-5	9.663E-5	-0.0001909	3.533E-5	-5.918E-5	-0.0002454	-6.76E-5	-0.0001958	-0.0001012	-0.0002959	-0.0001357	-0.0001915	-8.726E-5	-0.0001249
810.311	12340.94	7.272E-5	0.0004692	0.0002002	0.0003394	0.0004115	0.000191	0.0004012	0.0002582	0.000321	0.0001772	0.0003932	0.0002511	0.0002492	0.0004433	0.0003834	0.0003433	0.0002293	0.0003305	0.0002601	0.0001709	0.000197	0.000266	6.087E-5	0.0001312	8.83E-5	5.254E-5	5.633E-5	8.174E-5	7.957E-5	0.0001703	-0.000143
810.888	12332.16	0.0003867	0.0003438	0.000196	0.0004585	0.0004742	0.0004179	0.0005875	0.0004155	0.0006211	0.0002855	0.0003762	0.0006013	0.0004266	0.0005175	0.0004218	0.0004672	0.000432	0.0004814	0.0005097	0.0005327	0.0003452	0.0004781	0.0003267	0.0003584	0.0001133	0.0002703	0.0002276	0.0001949	0.0003185	0.0002469	4.432E-5
811.465	12323.39	0.0003358	0.0001617	0.0001417	0.0002614	0.0002674	0.0004036	0.0004575	0.0003342	0.0003074	0.0002869	0.000185	0.0003927	0.0002571	9.873E-5	0.0004367	0.0003204	0.0001816	0.0002006	0.000438	0.0002048	0.0002783	0.0002959	0.000265	0.0001561	-5.564E-5	0.0001376	0.0002317	0.0001557	9.564E-5	0.0001656	0.0001073
812.041	12314.64	0.0001962	9.434E-5	5.429E-5	0.0001722	4.117E-5	6.645E-5	0.0002274	0.000193	6.116E-5	-8.019E-6	0.0001261	9.991E-5	2.176E-5	-0.0002318	0.000291	0.0002262	2.77E-5	6.969E-5	7.276E-5	2.684E-5	0.0001153	0.0002851	0.0001108	1.549E-5	-3.153E-5	0.0001619	8.283E-5	-4.922E-5	-6.677E-5	5.944E-5	2.334E-5
812.618	12305.90	0.0002315	0.0001382	0.0001344	0.000184	6.941E-5	9.369E-5	0.0001095	3.87E-5	-2.427E-5	5.611E-5	0.0001565	-3.312E-5	8.276E-5	-0.0001217	8.209E-5	0.0001247	-7.305E-5	7.838E-6	-5.527E-5	-2.405E-5	-0.0001569	0.0001284	0.0001085	-1.126E-5	0.0001572	-3.037E-6	2.113E-5	-0.0001759	-0.0001648	5.911E-5	-7.058E-5
813.195	12297.18	0.0002726	0.0001256	0.0003174	0.0001637	7.745E-5	5.807E-6	0.0001216	-0.0001895	-8.673E-5	6.063E-5	2.601E-5	-0.0001293	-6.032E-5	-0.0001504	-0.0001993	-6.381E-5	-8.314E-5	0.0001474	-2.534E-5	-2.152E-5	-0.0001501	-0.0001084	1.648E-5	-9.115E-5	1.343E-5	-0.00028	-4.401E-5	-0.0003254	-0.000162	-0.0001115	-0.000219
813.772	12288.46	0.0003799	0.0003697	0.0004299	0.0001921	5.051E-5	-5.338E-5	0.0001061	-0.0001345	-9.197E-5	-0.0001085	1.899E-5	-0.0001195	-7.346E-5	-4.044E-5	-0.000219	-0.0001506	4.852E-5	6.211E-5	-9.693E-5	-0.0001791	-0.0001603	-0.0002094	-0.0001761	-0.0001189	-0.0001808	-0.000227	-0.0001431	-0.0004006	-8.64E-5	-0.0001735	-0.000478
814.348	12279.76	0.0002676	0.0003244	0.0004936	0.0003133	0.0001425	0.0003026	0.0002737	3.346E-5	-5.596E-5	-6.762E-5	0.0002359	1.385E-5	0.0001627	2.19E-5	-1.054E-5	3.316E-6	0.0001354	8.066E-6	4.294E-5	-9.463E-5	9.654E-6	-7.202E-5	-0.0001104	0.0001544	-9.069E-5	-9.584E-5	0.0001217	-0.0001778	-0.0001305	7.629E-6	-3.153E-5
814.925	12271.07	0.0003602	0.000212	0.0003891	0.0004178	-3.786E-6	0.0003405	0.0005455	0.0001711	0.0002194	6.475E-5	0.0002573	7.926E-5	0.0002326	-7.568E-5	7.866E-5	2.749E-5	0.0002117	0.000182	0.0001994	0.0001976	8.386E-5	-3.809E-5	-0.0001065	0.0001861	0.0002687	-0.0001209	0.0002115	-0.0001008	-0.0002686	-6.053E-5	0.000161
815.502	12262.39	0.0004824	0.0003511	0.0004915	0.0004958	0.0001153	0.0003611	0.0005241	0.0003439	0.0003764	0.0003119	0.0002939	0.0001925	0.0002663	0.000161	0.0001429	0.0002929	0.0002444	0.0001794	0.0002224	0.0003578	2.507E-5	0.0001367	7.041E-5	0.0002689	0.0002435	-4.542E-6	0.0001826	-6.494E-5	0.000133	-1.155E-5	0.0001375
816.078	12253.72	0.0002398	0.0003277	0.0002325	0.0002183	0.0003141	0.0002315	0.0002377	2.956E-5	0.0001391	0.0001987	0.0001177	0.0002021	-1.554E-5	5.059E-5	-7.66E-5	0.000233	8.49E-6	7.425E-5	4.457E-5	-5.138E-5	0.0001111	7.466E-5	-8.735E-5	0.0002963	-5.417E-5	1.954E-5	4.663E-5	-6.354E-5	0.0002488	2.631E-5	-7.421E-6
816.655	12245.07	0.0003923	0.0004513	0.0003028	0.0002855	0.000512	0.0005654	0.0002795	0.0003217	0.000347	0.0005052	0.0002014	0.0003843	0.0003915	0.0003492	0.0003735	0.0002397	0.0002309	0.0002968	0.0003589	0.000293	0.0003777	0.0001925	6.143E-5	0.0001079	0.0003252	0.0002022	0.000239	0.0003047	0.0002517	0.0004325	8.295E-5
817.232	12236.43	0.0005626	0.0005381	0.0004168	0.0005372	0.0003533	0.0005148	0.0003652	0.0007516	0.0002015	0.0005585	0.0004023	0.0004083	0.0005204	0.0004506	0.0006818	0.0003622	0.0004659	0.0001616	0.000508	0.0004576	0.0001234	0.000245	0.0002656	1.074E-5	0.0003808	0.0002285	0.0004404	0.0002435	0.0002192	0.0004911	0.0001754
817.809	12227.80	0.0005062	0.000618	0.0005958	0.0006736	0.0004306	0.0003726	0.000721	0.0006382	0.000396	0.0003554	0.0003723	0.00032	0.0006144	0.0005034	0.0007298	0.0003245	0.0005617	0.0002783	0.0005345	0.0004588	0.0003756	0.0002542	0.0002232	0.0001817	0.00043	0.0003474	0.0003067	0.0002476	0.0003373	0.0004364	0.0001256
818.385	12219.18	0.000351	0.0006417	0.0005238	0.0005958	0.0005384	0.0005817	0.0007627	0.0004707	0.0003467	0.0003691	0.0003189	0.0004651	0.0003756	0.0004757	0.0006444	0.000381	0.0004201	8.02E-5	0.0004567	0.0004201	0.0004192	0.0001241	0.0005137	0.0002867	0.0005307	0.0003695	0.0003167	0.0003403	0.0002216	0.0003802	0.0002069
818.962	12210.58	0.0003506	0.0003737	0.0004788	0.0005017	0.0003958	0.0004619	0.0003924	0.0005233	0.0002703	0.0004893	0.0003648	0.0003147	0.0002579	0.0005351	0.0002983	0.0004678	0.0001737	0.0001916	0.0002955	0.000149	6.03E-5	-6.68E-5	0.0003467	0.0002746	0.0001755	0.000266	0.0002854	0.0001303	0.0001143	0.0002413	-4.958E-5
819.539	12201.99	0.0006944	0.0004318	0.0007334	0.000578	0.000612	0.000511	0.0005415	0.0006728	0.000445	0.0003393	0.0002157	0.000347	0.0006481	0.0004664	0.0004097	0.0004829	0.0002173	0.0004645	0.0003754	0.0001508	0.00013	7.582E-5	0.0002108	0.0002275	0.0001767	0.0005021	0.0003522	0.0002843	0.0002309	0.0001237	1.864E-5
820.115	12193.41	0.0006607	0.0006265	0.0003376	0.0005336	0.0006815	0.000362	0.0004879	0.0004135	0.0005746	0.0005006	0.0003433	0.0003287	0.0005272	0.0004722	0.0005103	0.0003654	0.0002133	0.0003244	0.00025	3.28E-5	-2.64E-5	0.000119	0.0003744	0.0001497	0.0001654	0.00026	0.0002779	-3.454E-5	0.0001457	-1.298E-5	0.0001252
820.692	12184.84	0.0005535	0.0003843	0.0006295	0.0003087	0.000369	0.0005591	0.00072	0.0005807	0.0007815	0.0002767	0.0002624	0.0003515	0.0003053	0.0003331	0.0004644	0.0004327	0.0001653	0.0002287	-5.475E-5	0.0001818	0.0001625	0.0003467	0.0003918	0.000151	5.536E-5	7.866E-5	0.0002953	0.0001617	0.0001123	0.0001215	2.137E-5
821.269	12176.28	0.0006316	0.0005772	0.000622	0.0005084	0.0006511	0.0006367	0.0004227	0.0006116	0.0006025	0.000536	0.0006715	0.0005151	0.0006049	0.000223	0.0005779	0.0004854	0.0006715	0.0003863	0.0005528	0.0003765	0.0005196	0.0005022	0.0002251	0.0001922	0.0005463	0.0004689	0.0006033	0.0003548	0.0003922	0.0003511	0.000306
821.845	12167.74	0.0007872	0.0007631	0.0005364	0.0006495	0.0007597	0.0009547	0.0005196	0.0009153	0.0007803	0.0008545	0.0006556	0.0005274	0.0006746	0.0004794	0.0006945	0.0008822	0.0007713	0.0007073	0.0005354	0.0007357	0.000451	0.0004599	0.0005578	0.0006025	0.0008191	0.0005989	0.0003422	0.0003121	0.000201	0.0005134	0.0004848
822.422	12159.20	0.0008477	0.0007397	0.0005938	0.0005477	0.0003874	0.0005116	0.0004309	0.0006659	0.0005946	0.0004688	0.0006132	0.0007593	0.0006066	0.0003988	0.0005017	0.0006712	0.0005763	0.0003762	0.0002795	0.0003405	0.0003056	0.0006094	0.0006602	0.0005651	0.0003203	0.000447	0.0003475	0.0005172	0.0002713	0.0004901	0.0002454
822.999	12150.68	0.0006743	0.000629	0.0006155	0.0004754	0.000466	0.000772	0.0005213	0.0006837	0.0008106	0.0006277	0.0005085	0.0005503	0.0004293	0.0004715	0.0002738	0.0002761	0.0003471	0.0003476	0.0005175	0.0002176	0.0002784	0.0005542	0.000513	0.0003275	0.0002113	0.0003295	0.000412	0.0004485	0.0003688	0.0004223	0.0003677
823.576	12142.18	0.0006735	0.0006241	0.0005632	0.0007424	0.0007012	0.0007758	0.0006298	0.0005059	0.0006395	0.0006883	0.0001443	0.0004269	0.0006265	0.0005818	0.0004233	0.0003925	0.0004257	0.0004797	0.0007561	0.0001363	0.0004882	0.0005941	0.00061	0.0004283	0.000509	0.0004608	0.0005349	0.000495	0.0004307	0.0004039	0.0006488
824.152	12133.68	0.0008507	0.0008304	0.0008159	0.0006726	0.0007262	0.0006835	0.0006245	0.0005575	0.0009917	0.0007519	0.0008049	0.0007688	0.0007652	0.0006291	0.000539	0.0006182	0.0006428	0.0005446	0.0007764	0.0003966	0.0006305	0.0005843	0.0008334	0.0007665	0.0005537	0.0004217	0.0004702	0.0005333	0.0008926	0.0004911	0.0005165
824.729	12125.19	0.0008506	0.0009221	0.0007455	0.0009667	0.000823	0.0007777	0.0006935	0.0007893	0.0008836	0.0007242	0.0009249	0.0005855	0.0009829	0.0006977	0.0005594	0.0008154	0.0004162	0.000293	0.0007351	0.0005048	0.0005512	0.0005523	0.0005351	0.0009359	0.0007629	0.0005245	0.0006773	0.0006206	0.0005983	0.000354	0.0003933
825.306	12116.72	0.0007532	0.0006916	0.0005518	0.0006585	0.0007848	0.0006623	0.0009573	0.0005544	0.0008467	0.0007383	0.0006337	0.000785	0.0006372	0.0005549	0.001038	0.0006099	0.0007089	0.0004653	0.0002266	0.0003336	0.0004177	0.0005219	0.0004661	0.0008636	0.0005599	0.0005213	0.0001148	0.0005541	0.0005574	0.0004783	0.0005441
825.882	12108.26	0.0008424	0.0005525	0.0003165	0.0005553	0.0006517	0.0009046	0.000813	0.0007752	0.0004108	0.0007813	0.000543	0.0005157	0.0002511	0.0005748	0.0009205	0.0006139	0.0004077	0.0003569	0.0002918	0.0002493	0.0002711	0.0006651	0.000349	0.0003627	0.0002826	0.0003672	0.0006492	0.0002124	0.00035	0.000414	0.0004708
826.459	12099.81	0.001142	0.0006972	0.0006237	0.0008245	0.0008862	0.0009093	0.0006522	0.0008603	0.000763	0.0009326	0.0006496	0.0005461	0.000598	0.0008141	0.0007612	0.0006096	0.0004064	0.0006428	0.0005113	0.0007246	0.0003987	0.0006378	0.0005284	0.0002503	0.0003797	0.0005786	0.0004186	0.000685	0.0006964	0.0007249	0.0005828
827.036	12091.37	0.001142	0.0007494	0.0005125	0.001043	0.0006957	0.0009168	0.00113	0.0006993	0.0008369	0.00117	0.001224	0.0009829	0.0009491	0.000792	0.000843	0.0008395	0.00074	0.0007414	0.001011	0.0006059	0.0005884	0.000895	0.0009032	0.0008131	0.0009593	0.0005873	0.0006724	0.0009091	0.0004712	0.0009089	0.0003969
827.613	12082.95	0.001355	0.001058	0.000673	0.0007745	0.0006977	0.001269	0.001115	0.0009757	0.001129	0.001205	0.001296	0.0009998	0.001279	0.001314	0.001405	0.001056	0.00131	0.0009531	0.001174	0.0009102	0.000903	0.0009277	0.0009403	0.0009536	0.0007985	0.0008523	0.001172	0.0009498	0.001072	0.0009106	0.001281
828.189	12074.53	0.0006892	0.0007191	0.0009636	0.0004368	0.0005046	0.0005727	0.0006618	0.0009775	0.0003714	0.0006026	0.0008304	0.0007471	0.0006664	0.0008347	0.0006155	0.0006198	0.0009468	0.0007598	0.0009176	0.0004615	0.0005226	0.0005846	0.0006715	0.0004437	0.0005868	0.0005368	0.0005667	0.0003018	0.0003672	0.0005882	9.088E-5
828.766	12066.13	0.0007095	0.0003024	0.0003601	0.000502	0.0005837	0.0002262	0.0005653	0.0006446	0.0005281	0.0003302	0.0003241	0.000518	0.0003695	0.0004257	0.0004894	0.0006784	0.0006878	0.0006342	0.0005507	0.0007542	0.0003825	0.00045	0.0004006	0.0002499	0.0004555	0.000459	0.000583	0.0005725	0.0007243	0.0004312	0.0005513
829.343	12057.74	0.0005756	0.0005421	0.0003788	0.0001511	0.0004796	0.0002084	0.0002135	0.0001717	0.000418	0.0003034	0.0004154	0.0002829	0.0001978	0.0003044	0.0004892	-8.697E-6	0.0005655	0.0003552	0.0003265	0.0001809	0.0002119	0.0005868	0.000323	0.0002052	9.068E-5	-3.725E-5	9.735E-5	0.000109	6.758E-5	0.0001891	0.0001257
829.919	12049.36	0.0003012	0.000368	0.0003068	0.0003639	6.844E-5	0.0005661	0.0002041	0.0002056	0.0003895	0.0004288	0.000146	-2.298E-5	0.0003098	0.000287	0.0004257	0.0002995	0.0002932	0.0002398	0.0002907	0.0002443	0.0002848	3.942E-5	0.0003202	-6.595E-5	-5.342E-6	0.0002016	0.0001241	2.205E-5	9.41E-5	0.0003467	-0.0001314
830.496	12041.00	0.0004259	0.0001714	0.0003385	0.0002487	0.0003158	0.0005497	9.462E-5	0.0004539	0.0003218	0.0002613	0.000228	0.0001529	0.0002156	0.0001328	0.000251	0.0001235	-0.0001236	-7.444E-5	0.0002756	0.0003379	0.0001454	3.188E-5	0.0003764	0.0005607	0.0001429	0.0002092	0.0001039	0.0001221	-5.26E-5	0.0001172	0.0002185
831.073	12032.64	0.001126	0.0006382	0.0005341	0.0004075	0.0003468	0.0005637	0.0005395	0.0002009	0.0006268	0.0007518	0.0002426	0.0006438	0.0004698	0.0003762	0.000264	0.0006064	0.0002735	0.0006268	0.0005819	0.0004976	0.0003021	0.0004925	0.0002892	0.0005034	0.0003713	0.0006234	0.0002026	0.0003317	0.000272	0.0004516	2.669E-5
831.650	12024.30	0.0007622	0.0005299	0.0003156	0.0004963	0.0002206	0.0004634	0.0006225	0.0001826	0.0004774	0.0003302	0.0005426	0.0002433	0.0006477	0.0002207	0.0005276	0.0005138	0.0003867	0.0005077	0.0005175	0.0002297	0.0003357	0.0004868	0.000421	0.0003448	0.0003963	0.000591	0.0002246	0.0002066	0.0001917	0.0002372	-7.75E-5
832.226	12015.96	0.0002681	0.0005583	0.0001835	0.0004907	0.000207	0.0004151	0.0004492	0.0005441	0.0005656	0.0006369	-4.524E-5	0.0003481	0.0004914	0.0002788	0.0002306	0.000471	0.0002318	-0.0001012	0.0004501	1.125E-5	0.0001985	0.0002734	7.169E-5	0.0002077	0.0002583	0.0002825	0.000151	0.0001708	0.0001621	4.924E-5	-2.414E-5
832.803	12007.64	0.0004786	0.000635	0.000601	0.0006757	0.0006364	0.0006015	0.0009773	0.0008003	0.0008231	0.0006135	0.0007333	0.0006445	0.0006724	0.0008134	0.0006821	0.0004817	0.0004879	0.0004787	0.0008334	0.000556	0.0003722	0.0005139	0.000702	0.0005887	0.0006391	0.0007005	0.0007781	0.0004887	0.0004235	0.0002122	0.0003606
833.380	11999.33	0.000518	0.0008683	0.0005371	0.000814	0.0007666	0.0004749	0.0006921	0.0006869	0.001015	0.001002	0.001057	0.0006432	0.0009522	0.001086	0.0007571	0.0007294	0.0008127	0.0008357	0.0008302	0.0005661	0.0006118	0.0008345	0.0009051	0.000539	0.0007275	0.0008545	0.0007411	0.0005716	0.0003418	0.0005628	0.0004926
833.956	11991.03	0.0006802	0.0008187	0.0006731	0.0007171	0.0009146	0.0007101	0.0007443	0.0008086	0.001104	0.0008099	0.00098	0.0008567	0.0009064	0.001069	0.001134	0.0007797	0.0007594	0.0008831	0.0007286	0.0007537	0.0007789	0.0009172	0.0009104	0.0006658	0.0006679	0.0007309	0.0009469	0.0008771	0.0008074	0.0007071	0.0009539
834.533	11982.75	0.001004	0.001029	0.0008707	0.001014	0.001043	0.001105	0.001051	0.0009873	0.001159	0.0009621	0.001044	0.001129	0.001416	0.001063	0.001137	0.001021	0.001236	0.00104	0.001359	0.0008911	0.0009615	0.001119	0.000999	0.0008303	0.0009019	0.000924	0.000853	0.0009715	0.0006693	0.0009458	0.001009
835.110	11974.47	0.0008114	0.0006127	0.0005726	0.0007084	0.0008045	0.0006595	0.0007372	0.0007415	0.0008211	0.0005732	0.0005936	0.0005693	0.0008464	0.0004358	0.0009668	0.0005882	0.0007575	0.0007918	0.0008037	0.0007675	0.0006164	0.000636	0.0007024	0.0004455	0.0004959	0.0003565	0.0006389	0.0005673	0.0004741	0.0005443	0.0006897
835.687	11966.21	0.0008412	0.001048	0.0009278	0.001147	0.0009223	0.0009268	0.0009747	0.0009958	0.001093	0.0009155	0.0009049	0.0009474	0.0009327	0.0007978	0.0009135	0.001024	0.001022	0.0007635	0.001036	0.0006433	0.0006963	0.0007697	0.0009139	0.0008521	0.0008387	0.0005583	0.0009722	0.0007821	0.0009051	0.0006556	0.000925
836.263	11957.96	0.001043	0.0009021	0.0008205	0.00112	0.001009	0.001005	0.0008316	0.0005754	0.001057	0.0007289	0.0008705	0.000938	0.0009308	0.000807	0.0009213	0.0006142	0.0008171	0.0008128	0.0009442	0.0008189	0.000741	0.0006739	0.0007766	0.0009058	0.0008436	0.0004837	0.0007973	0.0005693	0.0005196	0.0005193	0.0007223
836.840	11949.72	0.001106	0.001522	0.001266	0.001101	0.0009812	0.001285	0.000993	0.001006	0.001269	0.001021	0.001156	0.001126	0.0009817	0.0007383	0.000868	0.0009699	0.0006049	0.0008849	0.0007913	0.0009688	0.0008274	0.0008447	0.0008471	0.001018	0.000725	0.0007785	0.0007406	0.0009091	0.0007512	0.0006496	0.0006096
837.417	11941.49	0.001008	0.001072	0.0009082	0.0008788	0.0007688	0.001207	0.00107	0.000971	0.0009415	0.001057	0.001004	0.001066	0.0009653	0.0008145	0.001043	0.001231	0.0006716	0.0008201	0.001023	0.000922	0.0009743	0.0009625	0.0007572	0.0007623	0.0006793	0.0007104	0.0008257	0.001214	0.0007482	0.0006287	0.0005937
837.993	11933.27	0.0008852	0.0009781	0.001084	0.0008669	0.0008562	0.001153	0.001251	0.001149	0.001141	0.0009665	0.001043	0.0009644	0.0008506	0.0009771	0.001022	0.001073	0.0007674	0.0007778	0.001015	0.0008129	0.0008218	0.001033	0.0009436	0.0007905	0.0009396	0.0008534	0.0009953	0.001013	0.0009045	0.0007219	0.0007022
838.570	11925.06	0.000805	0.0009743	0.001289	0.0009382	0.001038	0.001037	0.0009655	0.0009812	0.0009938	0.0009915	0.001051	0.0009808	0.0008803	0.001096	0.001011	0.0009979	0.0008683	0.000732	0.001032	0.0009139	0.0008919	0.0008141	0.0007072	0.0008107	0.0006128	0.0009394	0.0009657	0.0007449	0.000679	0.0008911	0.0007243
839.147	11916.87	0.0008579	0.001063	0.001209	0.0008834	0.0009181	0.001104	0.0009919	0.0008499	0.0009118	0.0008628	0.0008759	0.001032	0.000818	0.0009641	0.001072	0.001128	0.001095	0.0009217	0.0008738	0.0009207	0.0007363	0.0008334	0.0006934	0.001063	0.000581	0.0009228	0.0009484	0.0008807	0.0007159	0.0009279	0.0008749
839.723	11908.68	0.0009218	0.001007	0.0008335	0.0007991	0.0009587	0.0009512	0.0008592	0.000692	0.0004879	0.0006827	0.0005728	0.0005882	0.0005176	0.0005702	0.0006649	0.0006591	0.000773	0.00057	0.000472	0.0005161	0.0005235	0.0006143	0.0004822	0.0006572	0.0004004	0.0005946	0.0005248	0.0004963	0.0005831	0.0005044	0.0004204
840.300	11900.51	0.0008442	0.0007945	0.0007353	0.000739	0.0007605	0.0004074	0.0005997	0.0006374	0.000197	0.0006646	0.0003236	0.0003776	0.000578	0.0004308	0.0004923	0.000397	0.0003469	0.0003918	0.000401	0.0002253	0.0002317	0.0004811	0.0003942	0.0003977	9.255E-5	0.0002712	0.0004196	0.0002513	0.000278	0.0004967	0.0002696
840.877	11892.35	0.0006615	0.0005256	0.00074	0.000873	0.0006259	0.0003884	0.0004482	0.0005094	9.005E-5	0.0005991	0.0003502	0.0001739	0.0005886	0.0001741	0.0004156	0.0003408	0.0001566	0.0002495	0.0002989	0.0001955	0.0002997	0.0002115	0.0003017	0.0003399	0.0001401	0.0001777	0.0003842	0.0001372	0.0002361	0.0002692	7.06E-5
841.454	11884.20	0.0005007	0.0004379	0.000511	0.0005626	0.0004961	0.0001942	0.0002147	0.0002958	5.213E-5	0.0004517	0.000233	2.89E-5	0.000136	3.277E-5	9.258E-5	0.0002271	0.0001001	5.004E-5	-6.406E-6	0.0001428	0.0002367	-3.86E-5	8.243E-5	0.0002449	0.000145	0.0001894	0.0001643	-0.0001128	1.204E-5	-0.0001029	-0.0001593
842.030	11876.06	0.0005391	0.0006551	0.0005445	0.0004063	0.0004944	0.0003017	0.0004098	0.0001137	0.0001365	0.0003633	9.053E-5	0.0001335	7.208E-5	0.000195	6.084E-5	-0.0001047	0.0001354	-0.0001102	9.187E-5	1.896E-5	0.0002071	-8.84E-5	-6.456E-6	0.0002319	7.016E-5	0.0001316	0.0003282	-0.0001151	-1.892E-5	-3.033E-5	-3.037E-5
842.607	11867.93	0.0008927	0.0004635	0.0004426	0.0006113	0.0004158	0.0006329	0.000526	0.0002222	0.0003284	0.0002388	0.0001858	0.0002433	0.0001041	0.0002915	0.0001557	0.0001646	-8.475E-5	-5.847E-5	0.0003085	0.0002092	0.0003039	-6.321E-6	4.279E-6	0.0002634	1.633E-5	-4.435E-5	0.0001939	3.173E-5	0.0002825	-1.832E-6	-6.711E-5
843.184	11859.81	0.0008585	0.0001351	0.0001144	0.0004493	6.737E-5	0.0003734	0.0001203	0.0002086	0.00016	9.214E-5	6.466E-5	0.0003941	0.0001049	0.0001074	0.0001601	0.0003025	-4.92E-5	6.708E-5	0.0001519	0.0002866	0.0001738	7.786E-5	-1.428E-5	0.0001842	-8.835E-5	-0.0001701	-6.982E-5	4.494E-6	0.0001438	-0.0002261	-6.181E-5
843.760	11851.71	0.000798	0.0003524	0.0004325	0.0005672	0.0003759	0.0004701	0.0002188	0.0004484	0.0003629	0.0005887	0.0004239	0.0005604	0.0004031	0.0002109	0.0004377	0.0005151	0.0003624	0.0004994	0.0003604	0.000622	0.0002277	0.0003858	0.0003474	0.000338	0.000107	0.0002062	8.722E-5	6.019E-5	0.0003287	0.000204	0.0001639
844.337	11843.61	0.0006124	0.0002974	0.0006737	0.0005364	0.0005556	0.0004359	0.0004201	0.0003966	0.0004951	0.0007741	0.0002848	0.0004703	0.0004949	0.0002826	0.0004904	0.0004277	0.0001787	0.0004307	0.0001824	0.0004621	0.0002244	0.0002761	0.0001962	0.0003913	0.0001653	7.217E-5	0.0002899	0.000172	0.0003591	0.0002821	0.0001187
844.914	11835.53	0.0008617	0.0007068	0.000658	0.0007919	0.0006283	0.0007097	0.0006923	0.0004662	0.0008036	0.0009259	0.0004188	0.0005791	0.0008519	0.000846	0.0006734	0.0008709	0.00027	0.0005759	0.0005716	0.0005282	0.0004813	0.0005164	0.0004851	0.0004371	0.0003418	0.0003527	0.0005527	0.0005225	0.0005496	0.0005224	0.0003881
845.491	11827.45	0.001032	0.00102	0.0004976	0.0008423	0.0005565	0.0008574	0.0005856	0.0008024	0.0007263	0.0008142	0.0006261	0.0005979	0.0007884	0.0007686	0.0007983	0.000744	0.0004273	0.0006385	0.0006309	0.0005233	0.0004284	0.000637	0.0007412	0.0004104	0.0003695	0.0003563	0.0003064	0.0003991	0.0006584	0.0004459	0.0003989
846.067	11819.39	0.0009511	0.0008611	0.0006008	0.0007572	0.001057	0.000832	0.0008694	0.0007492	0.000536	0.0008035	0.0006955	0.0005962	0.0006149	0.0005349	0.000606	0.00045	0.0005199	0.0005082	0.0005316	0.0003917	0.0004469	0.0004239	0.0007104	0.000564	0.0004594	0.0004119	0.0002034	0.0004234	0.0002922	0.0003702	0.0003162
846.644	11811.34	0.0006549	0.0007203	0.0008125	0.0005066	0.0009768	0.0006946	0.000615	0.0006104	0.0003636	0.0008345	0.0006687	0.0005732	0.0005923	0.00064	0.0006017	0.0003726	0.0003999	0.0004232	0.0005179	0.0005264	0.0004395	0.0004293	0.000518	0.0003119	0.0004465	0.0003453	0.0002018	0.0004285	0.0002298	0.000501	0.0003044
847.221	11803.30	0.0005354	0.0006088	0.0006729	0.0004176	0.0005667	0.0005212	0.0006094	0.0005143	0.0002945	0.0006881	0.0005487	0.0004727	0.000621	0.0004945	0.0005908	0.0003814	0.0005986	0.0002726	0.0006002	0.0004407	0.0004105	0.0003517	0.0004932	0.0001632	0.0005005	0.0004772	2.75E-5	0.0003975	0.0003764	0.000247	0.0004871
847.797	11795.27	0.0006567	0.0007043	0.000845	0.0006229	0.0007543	0.0007063	0.0008734	0.0008287	0.0005638	0.0007505	0.0006206	0.0007538	0.0009099	0.0006418	0.0007715	0.0006068	0.001154	0.0006071	0.0005186	0.0005545	0.0007354	0.0005191	0.0007953	0.0005904	0.0006144	0.0005677	0.0004599	0.0006595	0.0006665	0.0006183	0.0007298
848.374	11787.25	0.000742	0.0008281	0.0008185	0.0006787	0.0009954	0.001006	0.001004	0.001037	0.000866	0.0007586	0.0007227	0.0007595	0.0007282	0.0006416	0.001035	0.0009647	0.0007507	0.0009308	0.0007662	0.0007914	0.0009297	0.0007447	0.0008134	0.0006829	0.0006905	0.0007534	0.0008289	0.0008127	0.0008657	0.0009389	0.0007894
848.951	11779.25	0.0006111	0.0003422	0.0008548	0.0006907	0.0009104	0.0009623	0.0009245	0.001039	0.0007952	0.0008353	0.0008544	0.0007012	0.0007304	0.0007705	0.001026	0.00104	0.0007745	0.0008134	0.000693	0.000946	0.000736	0.000821	0.0008838	0.0005623	0.0005034	0.0008583	0.0006757	0.0005739	0.0007002	0.0008745	0.0007134
849.528	11771.25	0.0006721	0.0006553	0.001056	0.0008331	0.0006814	0.0005957	0.0007018	0.0007442	0.0006311	0.0007508	0.0009806	0.0005811	0.0008514	0.0006061	0.000921	0.0008756	0.00065	0.0007123	0.000375	0.0007168	0.0004719	0.0006908	0.0008551	0.0005662	0.0005873	0.0007281	0.0005078	0.000657	0.00051	0.0006186	0.0005552
850.104	11763.26	0.0007507	0.0007458	0.0009403	0.0007389	0.0007596	0.0006151	0.0005748	0.0007159	0.000539	0.0006204	0.0004849	0.0004607	0.0006419	0.0004393	0.0007839	0.0007488	0.0005458	0.000555	0.0003537	0.0006159	0.0005403	0.0002917	0.0006409	0.0005388	0.000531	0.0003592	0.0006299	0.0005378	0.0003065	0.0003	0.0006018
850.681	11755.29	0.0009131	0.0008727	0.00068	0.0008858	0.0007753	0.0006566	0.0006084	0.0005755	0.0006419	0.000891	0.0006198	0.0006682	0.0003324	0.000702	0.0004901	0.0004235	0.0005682	0.0004471	0.001087	0.0006091	0.0005597	0.0002287	0.0007099	0.0005463	0.0007716	0.0002758	0.0006121	0.000347	0.0005811	0.0005279	0.0007011
851.258	11747.32	0.001028	0.001027	0.0009923	0.0008608	0.0007519	0.0008357	0.0006645	0.0006187	0.0005872	0.0009514	0.0005782	0.000788	0.0007198	0.00058	0.0008467	0.0008477	0.000616	0.0007227	0.001106	0.0004321	0.0004439	0.0007184	0.000522	0.0007246	0.0006556	0.0007007	0.0009998	0.0005162	0.0005068	0.0008742	0.0008561
851.834	11739.37	0.0008286	0.000446	0.0006341	0.0006921	0.0007644	0.0004021	0.000695	0.0005041	0.0002162	0.0007117	0.00051	0.0005386	0.0005015	0.000435	0.0002263	0.0006038	0.0006496	0.0006295	0.0008607	0.0001525	0.0007323	0.0007379	0.0006127	0.000302	0.0003714	0.0004447	0.0005177	0.0004773	0.0004429	0.0005616	0.0003711
852.411	11731.43	0.0005777	0.000505	0.0004838	0.0006074	0.0007273	0.0002925	0.0007431	0.0005274	0.0004318	0.0007125	0.0005979	0.0002898	0.0005035	0.0003255	0.0005391	0.0003071	0.0004769	0.0005811	0.0006302	0.0002721	0.0004556	0.0003542	0.0002777	0.0002609	5.807E-5	0.0005194	0.0001809	0.0001745	0.0004331	0.000391	0.0001976
852.988	11723.50	0.0009856	0.0007575	0.000859	0.000773	0.0008078	0.0007623	0.0007087	0.0006639	0.0008227	0.0007325	0.0004814	0.0005398	0.0009393	0.0005359	0.000623	0.000438	0.0005251	0.0005488	0.0005229	0.0006907	0.0007885	0.0005533	0.000613	0.0005211	0.0005241	0.000453	0.0003161	0.0001544	0.0003681	0.0005537	0.0002136
853.564	11715.58	0.0006722	0.001047	0.0009244	0.0008294	0.000993	0.0006661	0.001037	0.0008043	0.000766	0.000662	0.0004626	0.0004169	0.001024	0.0008196	0.0006321	0.0005086	0.0005702	0.0009241	0.0007451	0.0007568	0.0007999	0.0009912	0.0007548	0.0007279	0.0006846	0.0007363	0.0008409	0.0005397	0.0005577	0.0004509	0.0006523
854.141	11707.67	0.0003652	0.0003754	0.0007327	0.0003832	0.0007813	0.0004253	0.0004358	0.0003428	0.0001467	-6.344E-5	-4.81E-5	4.01E-5	0.0002613	0.0003029	0.0002762	0.000102	0.0005177	-0.0001863	-1.477E-6	0.0004113	0.0001312	2.591E-5	-1.181E-7	0.0002934	0.0004796	-0.0002657	0.0005068	7.347E-5	3.295E-5	0.000185	0.0001576
854.718	11699.77	0.0006317	0.0007538	0.0005544	0.0005638	0.0006535	0.0004561	0.0007783	0.0006585	0.0003836	0.0002598	0.0001767	0.0003946	0.0005327	0.0005188	0.0002494	0.0005564	0.0002205	0.0003386	0.0005156	0.0003937	0.0006192	0.0003209	0.00033	0.0002275	0.0004116	0.000471	0.0002191	0.0006247	0.0001131	0.0004258	0.0002852
855.295	11691.88	0.001028	0.0005708	0.0006766	0.0007349	0.0007633	0.0005875	0.0008087	0.0006926	0.0005947	0.000493	0.0008172	0.0004091	0.0008761	0.0004609	0.0004388	0.0007618	0.0007762	0.0007484	0.0005318	0.0007955	0.0004167	0.0006008	0.0004647	0.0002337	0.0006332	0.0007067	0.0007056	0.0004622	0.0002939	0.0003539	0.0006349
855.871	11684.00	0.0004285	0.000546	0.0007367	0.0008377	0.0008085	0.0004791	0.0004113	0.0005614	0.000325	0.0003436	0.0003859	0.0006074	0.0006178	0.0006926	0.0004282	0.0004994	0.0002788	0.0004895	0.0005313	0.0005292	0.0004388	0.0005429	0.0001496	-0.0001454	0.0006101	0.0001693	0.0002558	0.0001005	0.0002542	0.0003429	0.0002744
856.448	11676.13	0.001041	0.0007557	0.0007903	0.0008125	0.0005978	0.001076	0.0005771	0.0007495	0.00065	0.000585	0.0008798	0.000502	0.001138	0.0007806	0.0006684	0.0007506	0.001165	0.0006117	0.0008944	0.0005081	0.000289	0.0004805	0.00084	0.0007134	0.0006917	0.0007921	0.0004614	0.0006073	0.0007572	0.0007168	0.0006486
857.025	11668.27	0.001058	0.0009272	0.0007213	0.0009319	0.0007285	0.0008937	0.000962	0.0006487	0.0006339	0.0009288	0.000743	0.0008435	0.001119	0.000977	0.0009764	0.0008906	0.0008066	0.0007227	0.0009325	0.0003428	0.0005388	0.0005843	0.0005546	0.0006999	0.000591	0.0005296	0.000297	0.000296	0.0009247	0.0006481	0.0004423
857.601	11660.43	0.0007279	0.0008682	0.0005597	0.0007871	0.0009544	0.0008572	0.0007114	0.0008054	0.0005707	0.001024	0.0007484	0.0006703	0.0008069	0.000525	0.0007859	0.0006215	0.0005839	0.0008883	0.001012	0.0005453	0.0004713	0.0009801	0.0006258	0.0006174	0.000589	0.0004283	0.0007048	0.0003968	0.0009055	0.0008632	0.0006412
858.178	11652.59	0.0003907	0.0005871	0.0003807	0.0006457	0.0006607	0.0005895	0.0003096	0.0003828	0.0006896	0.0008222	0.0005544	0.000435	0.0007718	0.0005728	0.0003499	0.0002764	0.0007026	0.0002458	0.0004823	0.0003168	0.0004274	0.0002753	0.0001754	0.0005586	0.0004091	0.0007171	0.000187	3.084E-5	0.0006919	2.247E-5	0.0003296
858.755	11644.77	0.0009406	0.0009261	0.0009551	0.0006702	0.0005046	0.0008556	0.000522	0.0006524	0.0009639	0.0009623	0.0009908	0.0009723	0.0007679	0.0005014	0.0008416	0.0005934	0.000672	0.0006609	0.0008616	0.0007111	0.0007847	0.0005488	0.0006136	0.0006184	0.0007876	0.000528	0.0004354	0.0004936	0.000644	0.0005319	0.0003238
859.332	11636.95	0.0008385	0.001047	0.0006457	0.00072	0.0007697	0.0007976	0.000894	0.0007771	0.0007178	0.001113	0.0007717	0.0007181	0.0007036	0.0005827	0.0007017	0.0005661	0.0008453	0.0007294	0.000685	0.000529	0.0007248	0.0007268	0.0007072	0.0007122	0.0003985	0.0003502	0.000475	0.0002823	0.0003357	0.0003924	0.0006466
859.908	11629.15	0.0007095	0.000349	0.0008691	0.0005281	0.0003488	0.0005849	0.000845	0.0006647	0.0004754	0.0006127	0.0005513	0.0002674	0.000387	0.000713	0.0002923	0.0004063	7.085E-5	0.0005481	0.0007035	0.0001547	0.0003566	0.0002271	0.0005296	0.000305	0.0001575	4.018E-5	4.066E-6	0.0002871	0.0003722	0.0004293	0.0002364
860.485	11621.35	0.0007006	0.0004652	0.0006029	0.0004241	0.0007355	0.0007345	0.0004911	0.0003672	0.0005365	0.000617	0.0004115	0.0003048	0.0001308	0.0006471	0.0002638	0.0002786	0.000489	0.0004088	0.0005607	0.0001957	0.0002416	0.0003831	0.0003813	0.0002465	0.0003929	0.0004769	6.436E-5	1.345E-5	0.0002967	0.0001581	0.0003066
861.062	11613.57	0.0003174	0.0004001	0.0002229	2.444E-5	0.000574	0.0005088	0.0005437	0.000327	0.0002854	0.0003722	0.0003888	3.459E-5	0.0001957	5.811E-5	0.0003187	0.0003445	0.0005158	0.0005196	0.000483	0.0002049	4.509E-5	0.0001302	0.0002172	0.0003724	0.0001106	0.000241	0.0001377	0.000331	-0.0001505	-1.476E-5	0.0001337
861.638	11605.80	0.0005314	0.0004185	0.0005674	0.000366	0.0005881	0.0004995	0.0006026	0.0004767	0.000516	0.0007194	0.0001372	0.0002618	0.0002677	0.0003896	0.0006111	0.0001737	0.0004801	0.0003471	0.0004919	0.0005169	0.0004941	0.0001838	0.0002744	0.0002478	0.0004192	0.0002229	0.0003014	0.0001461	0.000191	0.0002419	5.852E-5
862.215	11598.03	0.0008862	0.0005477	0.001093	0.0007907	0.0008401	0.0007001	0.0005727	0.0005937	0.0006899	0.0008778	0.0008745	0.0008016	0.0005039	0.0006993	0.0007287	0.0007468	0.000786	0.0007711	0.0008016	0.0007569	0.0008509	0.0009214	0.0007669	0.0008525	0.0009631	0.0007248	0.0005754	0.000746	0.0006937	0.0006491	0.0005709
862.792	11590.28	0.0006967	0.0007128	0.000738	0.0006974	0.000997	0.0007689	0.001032	0.0009399	0.0008225	0.001064	0.001162	0.0008351	0.0008944	0.0007141	0.0008583	0.0009009	0.0007614	0.0008518	0.0008411	0.0007632	0.000857	0.0008966	0.0008859	0.0009391	0.000866	0.001164	0.0005209	0.0007918	0.0005458	0.0006592	0.0004821
863.369	11582.54	0.0006434	0.000744	0.0005097	0.0005764	0.0007361	0.0007193	0.001114	0.0008406	0.0007366	0.0008536	0.0008377	0.000669	0.0009577	0.0007667	0.0007303	0.0005649	0.0009308	0.0007865	0.0007976	0.0007817	0.0005939	0.0008232	0.0007824	0.0007086	0.000541	0.0007144	0.0003431	0.0005432	0.0005344	0.0004691	0.0003786
863.945	11574.81	0.000657	0.0007546	0.0004024	0.0005687	0.001166	0.0005528	0.001167	0.0006365	0.0006038	0.0007951	0.0007471	0.0007427	0.0005105	0.0005366	0.0007182	0.0005391	0.0008547	0.000785	0.000852	0.000848	0.0007578	0.0008861	0.0004027	0.000468	0.0005851	0.0004205	0.0004921	0.0005503	0.0004479	0.0004055	0.0003552
864.522	11567.09	0.0006092	0.0005436	0.0004631	0.0003612	0.000975	0.0004451	0.0007686	0.0005811	0.0004393	0.0007369	0.0009057	0.0006642	0.0007322	0.0001399	0.0004896	0.0004843	0.000549	0.0007208	0.0007288	0.0006296	0.0006822	0.000574	0.0004938	0.0005399	0.0006055	0.0004744	0.0004379	0.0005138	0.0003988	0.0004816	0.0004928
865.099	11559.37	0.0003598	0.0002499	0.0002953	0.0003719	0.0006684	0.0003402	0.0004694	0.0004249	0.0004706	0.0004186	0.0009114	0.0002829	0.0005427	0.0002067	0.0003637	0.0004338	0.0004608	0.000574	0.0006131	0.0004657	0.0005289	0.0001839	0.0003507	0.0006004	0.0003893	0.0002288	0.0003004	0.0005036	0.0001709	0.000308	0.000448
865.675	11551.67	0.0004834	0.0004124	0.0005049	0.0004022	0.0006768	0.000523	0.0005827	0.000795	0.0005776	0.0005892	0.00082	0.0005291	0.0005879	0.0005484	0.0006603	0.0005666	0.0005345	0.0007028	0.0008554	0.0004022	0.0003496	0.0005297	0.0006073	0.0006119	0.0004154	0.0005289	0.0004865	0.0005889	0.0003116	0.0001239	0.0004669
866.252	11543.98	0.001039	0.0007377	0.0007916	0.0005125	0.0007915	0.0006786	0.0009333	0.001009	0.0009427	0.001059	0.0009996	0.0005858	0.0007702	0.0008362	0.001086	0.0008509	0.0006169	0.000823	0.0007757	0.0006267	0.0006417	0.0009743	0.0007187	0.0005472	0.0005853	0.0007949	0.0007277	0.0006195	0.0006775	0.0006794	0.0006385
866.829	11536.30	0.00129	0.0007497	0.001096	0.0008178	0.001102	0.0007318	0.001036	0.001077	0.001224	0.000996	0.00111	0.0009529	0.001172	0.001105	0.001073	0.001113	0.0009658	0.0009175	0.001006	0.0009575	0.00074	0.001074	0.001167	0.0008031	0.0009577	0.0007437	0.0007207	0.0008996	0.0008991	0.0009524	0.0009076
867.406	11528.63	0.001131	0.000861	0.001018	0.001257	0.0009395	0.001093	0.001149	0.001166	0.001207	0.001242	0.001248	0.00118	0.001398	0.001143	0.00106	0.001303	0.001102	0.001011	0.001107	0.001012	0.0008754	0.001055	0.001095	0.001014	0.001011	0.0008541	0.0006773	0.001153	0.001171	0.001073	0.0008625
867.982	11520.97	0.0008753	0.0007324	0.0006017	0.001052	0.0006809	0.00101	0.001105	0.001158	0.001317	0.001275	0.001145	0.001021	0.001223	0.000982	0.001256	0.001207	0.0006544	0.0009712	0.0008522	0.0009169	0.000871	0.0007681	0.0008887	0.000847	0.0007264	0.0009039	0.0005699	0.001	0.0008195	0.00103	0.0007093
868.559	11513.32	0.001001	0.0005232	0.0006976	0.0008047	0.000772	0.0009516	0.00115	0.001068	0.0009923	0.001158	0.0009974	0.0009613	0.001192	0.001071	0.001031	0.0009948	0.0006583	0.0008041	0.0008743	0.0008413	0.0009172	0.0008593	0.0008572	0.0007669	0.0006469	0.0009636	0.000515	0.0009209	0.000724	0.0008708	0.0006549
869.136	11505.68	0.001305	0.0007807	0.0009524	0.0008266	0.0008136	0.001098	0.001167	0.001033	0.001001	0.001253	0.001264	0.000997	0.001369	0.001105	0.001084	0.001147	0.0007056	0.0008437	0.001011	0.0008424	0.000802	0.0008023	0.0009892	0.0005857	0.0008006	0.0009367	0.0006827	0.000778	0.0009299	0.0008696	0.0007801
869.712	11498.05	0.001267	0.0008519	0.0008593	0.0007459	0.0007351	0.00108	0.0008837	0.0009799	0.001207	0.001244	0.001465	0.00098	0.001337	0.001087	0.0008593	0.001205	0.0007558	0.000834	0.0009805	0.0007472	0.0008109	0.0006633	0.0007234	0.0005916	0.0006451	0.0007432	0.0006949	0.0006538	0.0005636	0.0008148	0.0009787
870.289	11490.44	0.00115	0.0006116	0.0004946	0.0004467	0.0007464	0.0006039	0.0006634	0.0007247	0.0008159	0.001036	0.00112	0.0007925	0.001065	0.001115	0.000717	0.0008163	0.0007103	0.0007685	0.0006247	0.0005984	0.0005298	0.000565	0.0008543	0.0004551	0.0004739	0.0004994	0.0006172	0.0006094	0.0004986	0.000566	0.0005743
870.866	11482.83	0.0007517	0.0003816	0.0004721	0.0002739	0.0006042	0.0004277	0.0007224	0.0006149	0.0006086	0.0004303	0.0007074	0.0005529	0.0006483	0.0006737	0.0005956	0.000392	0.0007485	0.0005481	0.0005645	0.000588	0.0003879	0.0003722	0.0005978	0.0005209	0.0002692	0.000314	0.0004045	0.0004855	0.0007276	0.0004889	0.0002966
871.442	11475.23	0.00033	0.00021	0.0004915	0.0001709	0.0003415	0.0004362	0.0004861	0.0005274	0.0003312	0.0003584	0.0004205	0.0003716	0.0005275	0.0006028	0.0005096	0.0004344	0.0005271	0.0002311	0.0005587	0.0004162	0.0004033	0.0004152	0.0004267	0.0004554	0.0003062	0.0002645	0.0002244	0.0003329	0.0007438	0.0004171	0.0003661
872.019	11467.64	0.0002922	0.000286	0.0006409	0.0002569	0.0002356	0.0004769	0.0005919	0.0004209	0.0003412	0.0005122	0.0004204	0.0004517	0.0007085	0.0003787	0.0004134	0.0004008	0.0004765	0.0003843	0.0006431	0.0003062	0.0003059	7.696E-5	0.0001602	0.0006118	0.0002438	0.0001723	0.0002616	0.0005499	0.0002888	0.0002674	0.0005324
872.596	11460.06	0.0004942	0.0006028	0.0006897	0.000454	0.000695	0.0007281	0.0008329	0.0003966	0.0003418	0.0003287	0.0006613	0.000222	0.0006226	0.0003677	0.0004792	0.000352	0.0003393	0.0005513	0.0006678	0.0003329	0.0004805	0.0002439	0.0004357	0.0005927	0.0003499	0.0002524	0.0003187	0.0005517	-1.754E-5	0.000331	0.0004413
873.173	11452.49	0.0005331	0.0006883	0.0008077	0.0005773	0.0006725	0.0008411	0.0005951	0.0002628	0.0002449	0.0002533	0.0002848	0.0001023	0.0002584	4.687E-5	0.0008116	0.0001507	0.0001127	0.000476	0.0005402	0.0002576	0.0005269	0.0004807	0.0003569	0.000125	0.000261	0.000162	2.676E-5	0.0001132	0.0001634	0.0002695	0.000158
873.749	11444.93	0.0008207	0.000646	0.0006891	0.0007204	0.0005586	0.0004414	0.0003391	0.0003254	0.0005264	0.0005001	0.0001894	0.0002336	0.0003549	0.0001687	0.0005006	0.0001294	0.0002285	0.0001578	0.0004131	0.0004656	0.0004548	0.0004198	5.465E-5	-2.254E-5	3.191E-6	-0.0001356	-6.367E-5	9.614E-5	-0.0001738	0.0001353	0.0001594
874.326	11437.38	0.0008039	0.0005265	0.0004057	0.0006015	0.0007092	0.0003274	0.0007942	0.0003506	0.0005209	0.0006572	5.418E-5	0.0005588	-8.759E-5	0.00027	0.0002635	6.847E-5	0.0001338	0.0003052	3.19E-5	0.0001806	0.0002143	0.0001645	-0.0001437	6.292E-5	6.565E-5	0.0002456	1.029E-5	0.0003142	1.606E-5	0.000181	0.0002142
874.903	11429.84	0.0009451	0.0003082	0.0004153	0.0007761	0.0004457	0.0005182	0.0006718	0.0005933	0.0006517	0.0005277	0.0003607	0.0006453	0.0004376	0.0003714	0.0001311	2.852E-5	0.0003916	0.000467	9.766E-5	0.0002913	0.0002944	0.000378	0.0001393	0.0005458	0.0005097	0.0002153	1.21E-5	9.58E-5	0.0001087	0.0001315	6.542E-5
875.479	11422.31	0.0007631	0.0007142	0.0009343	0.000938	0.0007101	0.0008827	0.0003095	0.0008387	0.0007836	0.0003539	0.0006847	0.0009248	0.0007458	0.0005363	0.0004519	0.0003986	0.0004927	0.0006312	0.0007399	0.0006802	0.000577	0.0004351	0.0007958	0.0008402	0.0005479	0.0004522	0.0005783	0.0004782	0.0004061	0.0005448	0.000462
876.056	11414.79	0.001313	0.0008563	0.001012	0.0008338	0.00104	0.0009833	0.0009984	0.0009026	0.0009737	0.000743	0.000807	0.0005155	0.0007488	0.0005882	0.001016	0.0004575	0.0005609	0.0006124	0.0007856	0.000692	0.0006273	0.0007643	0.0009772	0.0007562	0.0005908	0.0004259	0.0005804	0.0009533	0.0007359	0.0009715	0.0004222
876.633	11407.28	0.001078	0.0007039	0.0006457	0.001035	0.0007337	0.0012	0.001331	0.001326	0.0007534	0.001335	0.00119	0.001178	0.0009886	0.0008869	0.001152	0.001033	0.001177	0.001156	0.001221	0.0009371	0.001067	0.001335	0.0009025	0.001089	0.001044	0.0008031	0.001009	0.0009008	0.00115	0.0006832	0.001087
877.210	11399.78	0.000811	0.00119	0.0008198	0.000968	0.001116	0.001185	0.001105	0.001325	0.001548	0.001174	0.001294	0.001299	0.001118	0.001255	0.001191	0.001043	0.001261	0.001068	0.001531	0.001155	0.0009866	0.0008874	0.0006441	0.0008965	0.001341	0.001036	0.0008018	0.00119	0.001133	0.000951	0.001009
877.786	11392.29	0.0004655	0.0005136	0.0004726	0.0007496	0.0005307	0.000585	0.0006536	0.0009823	0.0008536	0.0009328	0.0007929	0.0003875	0.00103	0.0004726	0.0006061	0.0003335	0.0005791	0.0009395	0.0006656	0.000903	0.0003534	0.0007575	0.0008832	0.0006425	0.0006398	0.0009893	0.0008165	0.0008521	0.0004453	0.0009022	0.0004248
878.363	11384.81	0.001011	0.0007895	0.0008948	0.001059	0.0009374	0.001098	0.0009361	0.0009857	0.001055	0.0008613	0.001247	0.001015	0.001037	0.0006089	0.0007388	0.0008147	0.001141	0.0007258	0.0008429	0.0009957	0.0007702	0.0009236	0.0006158	0.0008139	0.0008282	0.001056	0.0005687	0.001046	0.0007756	0.0007947	0.000942
878.940	11377.34	0.0009469	0.0008732	0.0005598	0.0004283	0.0009176	0.0008679	0.0004614	0.0008095	0.0007863	0.0004484	0.0005475	0.000467	0.0005084	0.0007131	0.0005528	0.0005149	0.0005985	0.0006418	0.0008444	0.0008231	0.000324	0.0005643	0.0008342	0.0004791	0.0005673	0.0003848	0.0007027	0.0008959	0.0003498	0.0005969	0.0006248
879.516	11369.88	0.001331	0.0009249	0.001139	0.001066	0.001217	0.0008482	0.001027	0.0008524	0.0009055	0.00115	0.001062	0.0007064	0.00073	0.0009188	0.0005723	0.001233	0.001258	0.0008706	0.001174	0.0007684	0.0008577	0.0009664	0.000769	0.0009949	0.001021	0.001243	0.0005328	0.001003	0.00109	0.0006721	0.000941
880.093	11362.43	0.0009439	0.0007812	0.0008986	0.0008908	0.0007565	0.0006219	0.0004361	0.0006936	0.0001838	0.0009814	0.0005098	0.0004172	0.0003029	0.0004563	0.0005182	0.0002441	0.0003195	0.0005286	0.0003417	0.0004186	0.0005029	0.0008587	0.0004196	0.0006271	0.0003026	0.0003614	0.0003833	0.0003659	0.0002935	0.0007702	0.0006339
880.670	11354.99	0.0007801	0.0005586	0.0004037	0.0005121	0.0004164	0.0003932	0.0004456	0.000114	0.0003807	0.0001368	9.124E-5	-0.0001488	0.0001423	0.0002831	8.944E-5	3.379E-5	0.0001994	-0.0002282	-9.54E-5	-0.0001336	3.455E-5	-0.0001895	-0.0002637	0.0003077	-0.0001297	2.602E-5	0.0003966	-0.0001708	0.0003065	-0.000253	1.614E-5
881.247	11347.56	0.0001489	0.000118	0.0003893	0.0003347	-0.000213	5.754E-5	0.0003505	0.0002957	-0.0003372	-0.0002408	0.0001123	-0.0002159	-0.0001244	-9.607E-5	0.0001062	-0.0001874	-8.09E-6	-0.0002283	-0.0003671	8.767E-5	-7.161E-5	-0.0002786	-0.0002593	-0.0004361	-0.0001779	-0.0001515	-0.0004873	-6.148E-6	-0.0004319	-0.0001012	-0.0005784
881.823	11340.14	0.0002631	-0.0001421	0.0003758	0.0001305	0.0002782	0.0002647	-0.0001874	-0.0004465	-0.0003603	-0.000354	-0.0006235	-0.00068	-0.0004903	-0.0006245	-0.0003634	-0.0006866	-0.0006302	-0.0005845	-0.0006362	-0.0005421	-0.000687	-0.0006409	-0.0004614	-0.0005518	-0.0005795	-0.0006524	-0.0007879	-0.0004768	-0.001003	-0.0004808	-0.0005503
882.400	11332.73	0.0002814	0.0005717	0.0004203	0.0001472	0.0003614	6.824E-5	-0.0001726	-0.0001689	-0.0005518	-0.0006257	-0.0005112	-0.000202	-0.0006156	-0.000524	-0.000599	-0.0002146	-0.0006556	-0.0007065	-0.0005244	-0.0004049	-0.0005143	-0.0004492	-0.0007229	-0.0003689	-0.0005222	-0.0009272	-0.0003953	-0.0004446	-0.0006514	-0.000682	-0.0006228
882.977	11325.33	-4.195E-5	1.711E-5	0.000185	-0.000213	-0.0002502	-0.0004748	-0.0005403	-0.0007519	-0.001006	-0.0009436	-0.001407	-0.0007653	-0.001179	-0.001051	-0.0009499	-0.001053	-0.0009618	-0.0009296	-0.001313	-0.001071	-0.0008182	-0.001077	-0.001087	-0.0009873	-0.0009593	-0.001171	-0.001133	-0.001081	-0.00112	-0.001169	-0.0007997
883.553	11317.94	-0.0002605	0.0002863	0.0001953	0.0001166	-0.0002273	-0.0006834	-0.0005689	-0.000567	-0.0005793	-0.0009697	-0.001081	-0.001041	-0.00114	-0.001046	-0.0005687	-0.001178	-0.0009062	-0.00126	-0.0008257	-0.001059	-0.001184	-0.001127	-0.0008409	-0.0007716	-0.0006914	-0.001102	-0.001013	-0.001109	-0.001253	-0.001013	-0.0009143
884.130	11310.55	0.0002427	0.0003333	-6.094E-5	1.04E-5	-0.0001488	-0.0005704	-0.0003894	-0.000811	-0.0007784	-0.0008537	-0.0009079	-0.001211	-0.0008053	-0.001343	-0.0006719	-0.000911	-0.001183	-0.001138	-0.0008442	-0.0009297	-0.001065	-0.001189	-0.000926	-0.001089	-0.0008683	-0.0009889	-0.001039	-0.001344	-0.001083	-0.0009899	-0.001205
884.707	11303.18	3.838E-5	-0.0003264	-0.0002432	-1.273E-5	-3.622E-5	-0.0004678	-0.0006933	-0.0006909	-0.001027	-0.001069	-0.0008964	-0.001239	-0.0006895	-0.00156	-0.000722	-0.001031	-0.001023	-0.001136	-0.001048	-0.001062	-0.0009497	-0.001042	-0.00113	-0.001085	-0.001365	-0.001076	-0.001331	-0.001265	-0.001155	-0.000988	-0.001318
885.283	11295.82	0.0001784	-0.0001154	-0.0001513	0.0001076	-0.000179	-3.668E-5	-0.0004624	-0.0003982	-0.0007647	-0.0006002	-0.0007123	-0.0009877	-0.0005746	-0.001089	-0.0006263	-0.001066	-0.0009111	-0.001024	-0.0009011	-0.0007288	-0.0009673	-0.0008469	-0.0007363	-0.0009788	-0.0009408	-0.001003	-0.001025	-0.0008448	-0.0008754	-0.0009941	-0.001073
885.860	11288.46	0.0001554	-5.895E-5	0.0002563	0.0001101	-0.0001018	2.278E-5	-0.0002003	-0.0001022	-0.0003883	-0.0003982	-0.0005114	-0.0005998	-0.0001017	-0.0004618	-0.0004307	-0.0004562	-0.0005023	-0.0008456	-0.0002587	-0.0007	-0.0006763	-0.0007282	-0.0002922	-0.0005696	-0.0006225	-0.0005759	-0.0005104	-0.0005494	-0.000606	-0.0007467	-0.0005367
886.437	11281.12	0.0005926	0.0004302	0.0005261	0.0006867	0.0004355	0.0002803	0.0001221	0.0004333	0.0001279	8.224E-5	1.578E-5	0.0001155	0.0004851	0.0002083	0.000124	5.539E-5	8.086E-5	-8.33E-5	0.0002939	8.676E-5	-0.0001019	-3.556E-5	0.000223	-5.262E-5	0.0001729	-5.042E-5	3.278E-7	2.786E-7	2.085E-5	-0.0002058	0.0001005
887.014	11273.78	0.0004383	0.0003903	0.0002952	0.0005586	0.0004896	0.0003662	0.0001015	0.0002519	0.0003079	3.422E-5	0.0001447	0.0004533	0.0004868	0.0001465	0.0003479	0.0001404	0.000112	0.0004626	0.0002508	0.0003211	6.381E-5	0.0003502	0.0004655	0.0001133	0.0003723	6.479E-5	0.0002379	-0.0001139	-1.603E-5	-3.37E-5	0.0001296
887.590	11266.46	0.000541	0.0003908	0.000631	0.0006412	0.0007382	0.0005341	0.0004273	0.000562	0.0005012	0.0006503	0.0004177	0.0004584	0.0007236	0.0004507	0.0005615	0.0004513	0.0005859	0.0005709	0.0004695	0.0005584	0.0005805	0.0007052	0.0005138	0.0004059	0.0006285	0.0003233	0.0005581	0.0003885	0.000258	0.0001095	0.0005424
888.167	11259.14	0.0006191	0.0004869	0.000687	0.0006654	0.000814	0.0006062	0.0005151	0.0008423	0.0004756	0.0007513	0.0005364	0.0001962	0.0006274	0.0006324	0.0004813	0.0003853	0.0006311	0.0005943	0.0004001	0.0004886	0.000583	0.0004921	0.0001913	0.0005298	0.0007551	0.0005051	0.0006253	0.0006015	0.0006223	0.0005146	0.0002918
888.744	11251.84	0.0006753	0.0005449	0.0005177	0.0007551	0.0006463	0.0007319	0.0005728	0.0006905	0.000639	0.0008355	0.0005407	0.0002324	0.0004688	0.0004828	0.0005875	0.0006307	0.0007774	0.0006012	0.0004859	0.0003642	0.0003143	0.0004745	0.0003316	0.0002072	0.0002881	0.000465	0.0006886	0.0003927	0.0006639	0.0006091	0.0001488
889.320	11244.54	0.001012	0.0009433	0.0008154	0.0008597	0.0009585	0.0008677	0.0009192	0.0005018	0.0008363	0.0006969	0.0006136	0.0005405	0.000703	0.000786	0.0008271	0.0008658	0.0008839	0.0009142	0.0005135	0.0006307	0.0003369	0.0006774	0.0005936	0.000379	0.0004834	0.0005513	0.0006537	0.0004469	0.000586	0.0006596	0.0004662
889.897	11237.25	0.0008133	0.0009309	0.0006068	0.0007293	0.0006925	0.0005887	0.0009645	0.0005657	0.0008267	0.0003793	0.0004578	0.0003456	0.0008054	0.0007308	0.0005856	0.00065	0.0006179	0.0008153	0.0006577	0.0004081	0.0003727	0.0005093	0.000603	0.000439	0.0004801	0.0003551	0.0002629	0.0003502	0.000334	0.0006635	0.0004058
890.474	11229.98	0.0007288	0.001067	0.0009485	0.0009302	0.0006572	0.0006012	0.001138	0.0007148	0.001074	0.0004395	0.0007635	0.0004406	0.0009204	0.0006685	0.0006719	0.0005704	0.0006198	0.0008199	0.000614	0.0002698	0.0004547	0.0004966	0.0006543	0.000432	0.0004634	0.0004145	0.000379	0.0005279	0.0006476	0.0005541	0.0003892
891.051	11222.71	0.0007775	0.0009577	0.000721	0.0008965	0.0007648	0.0006546	0.0008854	0.000436	0.0006013	6.953E-6	0.0005629	0.0003173	0.000448	0.0001228	0.0003933	3.613E-5	0.0001618	0.0002386	0.000239	0.0002283	0.0002327	9.216E-5	0.0003442	0.0001025	0.0003552	0.0003946	0.0003278	0.0004122	0.0004717	0.0002049	0.0002067
891.627	11215.45	0.00076	0.0009716	0.0007376	0.0008315	0.000664	0.0007661	0.00073	0.0004326	0.0005168	0.0002597	0.0003422	0.0005128	0.0003263	0.0001455	0.0003023	-7.007E-5	0.0002267	0.0004001	0.000221	0.0004601	0.0002099	0.0001198	0.0001832	0.0001997	0.0003905	0.0001922	0.0003071	0.0004206	0.0002306	9.182E-5	0.0002724
892.204	11208.20	0.000584	0.0006781	0.0006926	0.0007587	0.0004816	0.000704	0.0005154	0.0002252	0.0002748	0.0005461	-5.428E-5	0.0002292	0.0002839	0.000199	0.0004219	2.469E-5	0.00039	0.0004404	0.0003375	6.948E-5	0.0001808	0.0002645	0.0001461	-0.0001072	0.0002007	-9.757E-5	-2.741E-5	0.0003511	6.107E-5	6.375E-5	3.788E-5
892.781	11200.96	0.0002885	0.0003491	0.0005656	0.0004786	0.0006271	0.0001363	0.0003609	-0.0001358	-4.287E-5	0.000143	-0.0004093	-0.0003081	-0.0001153	7.314E-5	-2.276E-5	-0.0001005	5.84E-6	4.675E-5	0.0001904	-0.000275	-6.503E-5	8.179E-5	-1.56E-5	-0.0005687	-0.0002424	-0.0004082	-0.0002858	-5.475E-5	-0.0002519	-0.000196	-0.0001326
893.357	11193.73	0.0004236	0.0006133	0.0006407	0.0005965	0.0005633	0.0002606	0.0004015	-2.049E-5	-0.0001255	-0.0001732	-0.0002472	-0.0002832	0.0001431	0.0002189	-0.0002505	-0.0001338	-0.0002511	-0.0001228	-0.0002319	-0.0006696	-0.0003872	0.0001104	1.294E-5	-0.0003821	-0.0001762	-0.000134	-0.0002887	-0.0003496	-0.0001068	-0.0002713	-0.0001441
893.934	11186.51	0.0005209	0.0008576	0.0009052	0.0008192	0.0004869	0.0006803	0.0006666	0.0003999	-3.306E-5	0.000332	6.569E-5	-2.006E-5	0.0002819	0.000305	0.0002022	0.000275	-0.0001341	0.0001917	-0.000296	-0.0001492	-0.0002126	0.0001584	9.022E-5	-5.469E-5	8.478E-5	-0.0001491	0.0001797	-0.0001937	-0.0001759	6.591E-5	-0.0004662
894.511	11179.29	0.0005703	0.0007982	0.0006749	0.0007825	0.0005124	0.0005193	6.809E-5	0.0001907	-2.411E-5	0.0002513	0.0001768	-0.0001053	-0.0001192	0.0002612	-8.165E-5	0.0001368	-0.0001205	-0.0001018	-9.788E-5	0.0001591	-0.0001292	0.0001242	-0.0001152	-8.246E-5	-0.0003399	-0.0003525	2.199E-5	-2.678E-5	-0.0003088	2.669E-5	-2.838E-5
895.088	11172.09	0.0004745	0.0008178	0.000666	0.0003943	0.0005195	0.0005967	-2.566E-5	0.0003399	6.452E-5	-4.992E-5	5.542E-5	-0.0002781	0.0001474	0.0003487	-0.0001981	0.0001262	-5.273E-5	-8.302E-5	6.609E-5	-2.905E-6	-0.0003446	0.0001489	-0.0001252	-5.23E-5	-0.0001281	-3.079E-5	-0.0001941	-9.829E-5	-0.000378	-0.0003064	-0.0001183
895.664	11164.90	0.0005151	0.0002484	0.0001169	5.507E-5	0.0003048	0.0004859	-0.0002694	8.18E-5	-0.0001975	-0.0004421	-0.0002782	-0.0002825	-0.0003024	0.0001327	-0.0003897	-0.0002775	-0.0001718	-0.0003667	-0.0001923	-0.0003948	-0.000374	-0.0004363	-9.652E-5	-0.0004097	-0.0001934	-0.0003804	-0.0004529	-0.0003294	-0.0007019	-0.0002765	-0.0004689
896.241	11157.71	0.000924	0.0008697	0.000454	0.0007136	0.0003555	0.0008436	0.0004194	0.0001712	-8.163E-5	4.496E-5	-1.479E-5	9.532E-5	7.312E-5	0.0004234	0.0002685	0.0001446	0.0002781	1.036E-5	0.0002913	5.648E-5	0.0001707	2.677E-5	4.23E-5	-0.0001479	-0.0002599	-0.0002885	8.163E-5	6.994E-5	-2.133E-5	-7.726E-6	-5.387E-5
896.818	11150.54	0.0004597	0.0005986	0.0007518	0.0007392	0.0007527	0.0007037	0.0006466	0.0002078	0.0002485	-1.41E-5	0.0004009	0.0005315	0.0004611	0.0001952	0.0005396	0.0003501	0.0002602	0.0001276	0.0003141	0.000131	5.502E-5	-0.0001728	0.0001171	0.0001584	0.0001331	-6.371E-5	-5.356E-5	0.0003531	0.0002448	0.00034	-0.0001552
897.394	11143.37	0.0004412	0.0006266	0.0006136	0.0008522	0.0004622	0.0004343	0.0004215	0.0008917	2.792E-5	0.0002744	0.000245	0.0004635	0.0005744	0.0002294	0.0004291	0.000366	0.0003411	8.587E-5	9.68E-5	0.0002108	0.0001416	2.569E-5	0.0004465	0.0003003	0.0002007	9.777E-5	0.000284	8.268E-5	0.0003358	0.0001333	0.0001603
897.971	11136.22	0.001435	0.0009212	0.001077	0.001278	0.0009459	0.001207	0.001013	0.001243	0.001085	0.0007445	0.001227	0.001031	0.0007761	0.0009018	0.0009963	0.0008427	0.001019	0.001096	0.00085	0.000834	0.0009148	0.0009217	0.00106	0.001015	0.0009173	0.0009192	0.001093	0.001074	0.0008227	0.0008469	0.0008759
898.548	11129.07	0.001845	0.001597	0.001444	0.001543	0.001247	0.001363	0.001267	0.001422	0.001289	0.001577	0.001874	0.001595	0.001601	0.001244	0.001692	0.001593	0.001475	0.001363	0.001623	0.001289	0.001111	0.001305	0.001758	0.001411	0.001431	0.001557	0.001018	0.001504	0.001608	0.001314	0.001336
899.125	11121.93	0.001042	0.001402	0.0009427	0.001434	0.0009769	0.001033	0.001139	0.001259	0.001147	0.0008248	0.001001	0.0009451	0.0008366	0.001149	0.0007906	0.0009947	0.0009008	0.001388	0.001319	0.001147	0.0007599	0.001156	0.001158	0.001216	0.001067	0.0009341	0.0008893	0.0009446	0.001001	0.0006119	0.0008388
899.701	11114.80	0.0008779	0.0008217	0.0008431	0.0008486	0.001012	0.0009378	0.001036	0.0008044	0.0004215	0.001195	0.000919	0.0006496	0.0008594	0.0004702	0.0008021	0.0005806	0.0007711	0.001057	0.0005472	0.0007448	0.0007964	0.0007332	0.0007357	0.0007173	0.0007924	0.0005294	0.0008087	0.0008713	0.0009983	0.0008262	0.000978
900.278	11107.68	0.0004671	0.0005402	0.0002827	0.0004925	0.000193	0.000586	0.0008444	0.000484	0.0003796	0.0006406	0.0007318	0.0004337	0.0004294	0.0004437	0.0009046	0.0006051	0.0002208	0.0006962	0.0007443	0.0004318	0.0003371	0.0004379	0.0005985	0.0003507	0.0002407	0.0001423	0.0003558	0.0005808	0.0003171	0.0005179	0.0003743
900.855	11100.57	0.0006771	0.0006617	0.000911	0.0009138	0.0008627	0.0004771	0.0005377	0.00108	0.0004158	0.0007063	0.0005851	0.0004308	0.0008039	0.0005966	0.001027	0.0008295	0.0008	0.0006836	0.0009247	0.0007793	0.0007476	0.0008048	0.0005737	0.001113	0.0004934	0.0003188	0.0006637	0.0004257	0.0007774	0.0006509	0.0007144
901.431	11093.47	0.0007942	0.0007159	0.0004336	0.0007337	0.0006758	0.000184	0.0001905	0.0004139	0.0003082	0.0006076	0.0004321	9.571E-5	0.0004242	0.0004284	0.0004566	0.0001195	0.000169	0.0002215	0.0003804	4.9E-5	0.0001567	6.152E-5	0.0002335	0.0004131	8.09E-5	0.0002493	0.0001851	0.000401	0.0001769	-0.0001379	0.0004375
902.008	11086.38	0.000415	0.0006443	0.0007292	0.0006672	0.0002456	0.0007321	0.0003916	0.0002101	0.0003449	0.0002963	0.0002758	0.0005621	2.346E-5	0.0005365	0.000272	6.475E-5	0.0001815	0.0003707	0.0005273	0.000137	1.454E-5	3.342E-5	0.0006595	0.0001064	0.0001161	0.000458	0.0002569	0.0002478	0.0001877	0.0002002	0.0004339
902.585	11079.29	0.0004879	0.0006596	0.0002728	0.0005623	0.0005246	0.0003919	8.643E-6	-1.959E-5	0.0001966	-3.615E-5	-0.0001263	0.0001848	0.0002771	4.22E-5	0.0001456	0.0004692	0.0001108	0.0003115	0.0004278	-0.00012	-0.0002604	-0.0002799	0.0001692	-0.0001004	-0.0002034	-3.503E-5	5.864E-5	0.0002484	-0.0001073	0.000235	1.822E-5
903.161	11072.22	0.0003206	0.0003045	0.0004129	0.000307	4.15E-5	-0.0002106	0.0001178	-2.399E-5	0.0001921	-0.0002099	-0.0001657	-0.0001563	-0.0001523	4.785E-5	-3.036E-5	7.541E-5	0.0001061	-0.0001412	-0.000143	-0.0002086	-0.0004786	-0.0003038	-7.871E-5	0.0001952	-0.0001527	-0.0003365	-0.0001716	-0.0001465	-0.0002375	-0.0001429	0.0001557
903.738	11065.15	0.0007204	0.001063	0.0006978	0.0007101	0.0005454	0.0003508	0.0003231	0.0002144	0.0003495	0.0001805	0.0001783	-0.0002359	0.0003677	0.0005563	0.000448	8.939E-5	0.0003281	0.0003129	0.0001425	0.00013	5.96E-5	2.762E-5	5.887E-6	0.0001714	-0.000202	0.0002017	1.382E-5	3.849E-6	0.0001499	-0.0001892	0.0003706
904.315	11058.09	0.0009873	0.0009361	0.0006375	0.0009546	0.0008651	0.0004541	0.0001259	0.0003672	0.0001688	0.0004283	0.0004821	-4.57E-5	0.0007804	0.000309	0.000614	0.0006542	0.000392	0.0003751	0.0002892	0.0006098	0.0002354	0.000177	0.0002951	0.0004991	0.00034	0.00018	0.0002894	9.299E-5	0.0002935	0.0001495	0.0004185
904.892	11051.05	0.0008455	0.0008757	0.0008019	0.0009218	0.0007307	0.0007836	0.0004047	0.0004706	0.000668	0.0002595	0.0006532	0.0004414	0.0003129	0.0002735	0.0006579	0.0004855	0.0003157	0.000315	0.0001749	0.0003969	0.0002354	0.0003958	-3.584E-5	0.0004388	0.0001332	0.000181	0.0002735	4.848E-5	0.0001497	0.0001035	0.0003174
905.468	11044.01	0.0008805	0.0006709	0.0007218	0.0009363	0.0008587	0.0006355	0.000769	0.0007742	0.0004163	0.000209	0.0004673	0.000581	0.0004217	5.457E-5	0.0007261	0.0006575	0.0003981	9.89E-5	0.0004494	0.0003551	0.0002306	0.0005455	0.0003925	0.0003587	0.0003274	0.0002617	0.0003359	6.392E-5	0.0002235	8.952E-5	0.000161
906.045	11036.98	0.0009001	0.0009479	0.000725	0.0007381	0.0006704	0.0007836	0.0009869	0.0006932	0.000526	0.0002606	0.0006909	0.0004187	0.0004106	0.0001712	0.0006139	0.0003078	0.0004522	0.0003916	0.0006285	0.0005115	0.0002856	0.0004402	0.0006662	0.0002286	0.0006139	-3.359E-5	0.0004506	0.0001569	0.0004021	0.000477	0.0002192
906.622	11029.96	0.001016	0.00105	0.001143	0.0009848	0.001056	0.0009269	0.001274	0.0008847	0.001051	0.0008878	0.0009856	0.0009187	0.0008642	0.0005353	0.0008337	0.0007512	0.0008837	0.001061	0.0009055	0.0007601	0.0006602	0.001097	0.0006856	0.0008357	0.001011	0.0006736	0.000699	0.0007735	0.0008258	0.0009553	0.0007917
907.198	11022.95	0.0006646	0.0004658	0.0008912	0.0005481	0.0006907	0.0001404	0.0009199	0.0005887	0.0009101	0.0007346	0.0006902	0.000674	0.0009303	0.0006665	0.0008862	0.0005923	0.0005103	0.0006914	0.0007714	0.0005923	0.0003859	0.0008345	0.0005712	0.0004437	0.0006252	0.0005136	0.0003859	0.0004915	0.0004983	0.0006487	0.0004922
907.775	11015.94	0.0005595	0.0002956	0.0008503	0.0005077	0.0006719	0.0005644	0.0007004	0.0006084	0.0009609	0.0006353	0.0005131	0.0005589	0.001193	0.0008993	0.000917	0.0007054	0.0005465	0.0007703	0.0006439	0.0009557	0.000619	0.0007622	0.0005555	0.0005161	0.000572	0.0003739	0.0004381	0.000661	0.0005726	0.0006467	0.0005522
908.352	11008.95	0.0008623	0.000631	0.0008659	0.0008749	0.000995	0.0008029	0.0008752	0.001045	0.0009524	0.001208	0.0009626	0.0008833	0.001162	0.001081	0.00136	0.001158	0.001143	0.001121	0.001229	0.001179	0.0009093	0.0007114	0.0006829	0.001224	0.0007748	0.0007511	0.0006699	0.0009012	0.00095	0.0009628	0.001097
908.929	11001.96	0.00109	0.0009661	0.0009172	0.001252	0.00134	0.001086	0.001282	0.001321	0.001379	0.001538	0.001474	0.001412	0.001442	0.001414	0.001614	0.001317	0.001585	0.00127	0.001738	0.001344	0.00117	0.001247	0.001079	0.001566	0.001291	0.001231	0.001054	0.001203	0.001067	0.00136	0.001272
909.505	10994.99	0.0009345	0.001047	0.001059	0.001486	0.001415	0.00126	0.001313	0.00143	0.001743	0.00176	0.001491	0.001593	0.001525	0.001533	0.00149	0.00136	0.001486	0.001217	0.001518	0.001345	0.001351	0.001442	0.001398	0.001416	0.001504	0.001302	0.001286	0.001316	0.001242	0.001362	0.001273
910.082	10988.02	0.000751	0.001022	0.0008828	0.001214	0.001209	0.001331	0.00104	0.001494	0.001355	0.001684	0.001538	0.001199	0.001624	0.00135	0.001467	0.001282	0.001535	0.001249	0.001392	0.001282	0.001325	0.001198	0.001324	0.001231	0.001171	0.001338	0.00128	0.001382	0.001232	0.001314	0.001266
910.659	10981.06	0.0007683	0.0007932	0.0009017	0.0007627	0.0009102	0.001289	0.001027	0.001671	0.001083	0.001412	0.001385	0.001294	0.001508	0.001336	0.001615	0.001272	0.001568	0.001283	0.001436	0.001294	0.001192	0.001268	0.001168	0.001006	0.0012	0.001389	0.00118	0.001117	0.00109	0.00152	0.001149
911.235	10974.11	0.001087	0.001135	0.001321	0.0008716	0.001232	0.001549	0.001328	0.001808	0.001509	0.001738	0.001522	0.001744	0.001799	0.001785	0.001669	0.001505	0.001627	0.001413	0.00162	0.001453	0.001408	0.001409	0.001678	0.001332	0.001643	0.001754	0.001399	0.001363	0.001227	0.001552	0.001385
911.812	10967.17	0.001034	0.0008947	0.0007734	0.000718	0.00111	0.001391	0.001256	0.001661	0.001209	0.001518	0.001396	0.001435	0.001597	0.001394	0.001544	0.001443	0.001437	0.001112	0.001474	0.001095	0.001147	0.001269	0.001145	0.001345	0.001505	0.001573	0.001398	0.001275	0.001071	0.001352	0.001193
912.389	10960.24	0.00098	0.0008079	0.0004634	0.0007302	0.0009562	0.00111	0.001211	0.00111	0.001013	0.001392	0.001452	0.001468	0.001678	0.001328	0.001427	0.001106	0.001291	0.001195	0.001405	0.001238	0.001259	0.001285	0.001078	0.001154	0.001114	0.001101	0.001257	0.00112	0.0009403	0.0008953	0.001081
912.966	10953.32	0.001172	0.00132	0.001146	0.0009533	0.001294	0.001501	0.001554	0.001489	0.001156	0.001641	0.001761	0.001603	0.001908	0.001817	0.00146	0.001271	0.001418	0.001384	0.001366	0.001284	0.001606	0.001614	0.001368	0.001352	0.001193	0.0008526	0.001374	0.001249	0.001076	0.00108	0.001365
913.542	10946.40	0.001277	0.001545	0.001285	0.001321	0.00132	0.001416	0.001423	0.001418	0.001449	0.001623	0.001779	0.001662	0.001461	0.001435	0.001787	0.00152	0.001635	0.001639	0.001442	0.001325	0.001423	0.001733	0.001608	0.001773	0.00132	0.001114	0.001439	0.001626	0.001483	0.001342	0.001562
914.119	10939.50	0.0006824	0.001045	0.0008737	0.0008763	0.001027	0.001115	0.0009433	0.000955	0.0007843	0.001107	0.0009213	0.001161	0.0008149	0.001062	0.001113	0.001107	0.001056	0.00111	0.0009365	0.0009398	0.00094	0.001227	0.001001	0.00132	0.001072	0.000852	0.001033	0.0009845	0.000718	0.0008859	0.0008143
914.696	10932.60	0.0007308	0.000996	0.0009369	0.0007973	0.001248	0.0007352	0.001039	0.001118	0.0007986	0.0009959	0.0009909	0.0009401	0.00101	0.0008581	0.001176	0.0006521	0.0004007	0.000941	0.000769	0.001128	0.001064	0.001069	0.000912	0.000934	0.0006489	0.0006815	0.001015	0.0009611	0.0007841	0.0006604	0.000706
915.272	10925.71	0.001416	0.001357	0.001382	0.001344	0.001625	0.001308	0.001515	0.001513	0.001324	0.001564	0.001268	0.001497	0.001419	0.00178	0.001656	0.001299	0.001026	0.001781	0.00125	0.001462	0.001298	0.001357	0.001546	0.001584	0.001198	0.00106	0.001669	0.001325	0.001127	0.001497	0.00128
915.849	10918.83	0.0016	0.001554	0.001674	0.001501	0.001645	0.001786	0.001534	0.001796	0.001677	0.001571	0.001424	0.001815	0.002033	0.00193	0.001689	0.001611	0.001688	0.001709	0.001461	0.001381	0.001437	0.001424	0.001937	0.001546	0.001117	0.001927	0.001327	0.00142	0.001464	0.001682	0.001616
916.426	10911.96	0.0009869	0.0008415	0.0008888	0.001239	0.001261	0.001231	0.001248	0.001384	0.000998	0.00143	0.001241	0.001431	0.002011	0.00154	0.001634	0.00161	0.001342	0.001127	0.001513	0.001456	0.001315	0.001094	0.001403	0.001005	0.001039	0.001316	0.001352	0.001099	0.000792	0.001043	0.0008808
917.002	10905.10	0.001131	0.0013	0.00145	0.00148	0.001568	0.001583	0.001863	0.001836	0.001261	0.001353	0.001652	0.001319	0.001569	0.001703	0.001866	0.001701	0.001437	0.001507	0.00178	0.001854	0.001524	0.001495	0.002088	0.001593	0.001328	0.001652	0.001359	0.001693	0.001282	0.001467	0.001322
917.579	10898.24	0.001695	0.001316	0.001583	0.001635	0.001611	0.001667	0.001483	0.001885	0.002059	0.002068	0.002075	0.001711	0.001994	0.002005	0.001772	0.001948	0.001727	0.00186	0.001452	0.001633	0.001587	0.001204	0.00161	0.001577	0.001385	0.001283	0.001398	0.001776	0.001301	0.001255	0.001856
918.156	10891.40	0.00128	0.001142	0.001344	0.001191	0.001077	0.001791	0.001531	0.001678	0.001343	0.001463	0.001508	0.001525	0.001929	0.001833	0.001872	0.002014	0.001744	0.001879	0.001501	0.001732	0.001423	0.001416	0.001387	0.001353	0.001333	0.001916	0.001342	0.001636	0.001623	0.00179	0.001485
918.733	10884.56	0.0008102	0.001227	0.001473	0.001557	0.001134	0.001679	0.001644	0.0009703	0.001615	0.001632	0.001191	0.001741	0.001272	0.001396	0.001212	0.001171	0.001172	0.001437	0.00123	0.001267	0.001178	0.001263	0.001316	0.001325	0.001054	0.001199	0.001499	0.001436	0.002001	0.001299	0.001124
919.309	10877.73	0.000928	0.00142	0.0006118	0.001013	0.001084	0.001128	0.0009733	0.0008094	0.0009997	0.0006398	0.001071	0.0007923	0.0012	0.0008485	0.0008901	0.001099	0.0009761	0.0006085	0.001061	0.0009236	0.001167	0.001124	0.0005769	0.0006141	0.0008665	0.001187	0.001089	0.0008924	0.001389	0.0005228	0.001004
919.886	10870.91	0.001358	0.001206	0.001419	0.001287	0.001747	0.001277	0.0009368	0.000978	0.0009003	0.00144	0.0009791	0.001006	0.001465	0.001013	0.001461	0.0009301	0.001275	0.001098	0.001057	0.00142	0.0009111	0.0008361	0.0007827	0.001415	0.001194	0.001287	0.001187	0.0007129	0.00072	0.001192	0.0009118
920.463	10864.10	0.001224	0.00144	0.001413	0.001011	0.001097	0.001108	0.001332	0.001445	0.0005769	0.001449	0.001151	0.00107	0.001059	0.001012	0.001147	0.0008273	0.001293	0.0005509	0.001052	0.001044	0.000876	0.00118	0.0009725	0.001145	0.0007569	0.0005919	0.001067	0.0009932	0.0005835	0.00104	0.0004195
921.039	10857.30	0.001004	0.0004906	0.0008441	0.001084	0.0008317	0.0004161	0.0001591	0.001081	0.0004165	0.0006009	0.0005067	0.0006202	0.0008258	0.0007361	0.0007575	0.0003111	0.0002333	0.0003841	0.0004497	0.0006277	0.0003556	0.000702	0.0003739	0.0004064	0.0004868	0.0005511	0.0006153	0.000996	0.0004621	0.0003394	0.000508
921.616	10850.50	0.0009496	0.001096	0.001192	0.001264	0.0007957	0.0007096	0.000591	0.0009451	0.0007365	0.0008525	0.0007885	0.0005751	0.0006652	0.0005216	0.0009764	0.0008804	0.0006983	0.0009055	0.0005886	0.0003528	0.0006566	0.0004346	0.0007298	0.0005013	0.0004758	0.0003063	0.0007862	0.0007831	0.0004991	0.0003275	0.0007979
922.193	10843.72	0.001056	0.001332	0.001444	0.001023	0.001189	0.001129	0.0008114	0.001137	0.0009436	0.0009108	0.0009528	0.0006812	0.001112	0.0009331	0.001242	0.0007841	0.000917	0.001202	0.0008753	0.0007064	0.0005766	0.001003	0.00107	0.001183	0.0007091	0.0006598	0.001189	0.0007391	0.0007295	0.0008639	0.0006804
922.770	10836.94	0.001155	0.001368	0.001166	0.00113	0.00144	0.000932	0.0008937	0.0009439	0.001001	0.001135	0.0009666	0.0009691	0.0009756	0.0007852	0.001172	0.001171	0.001026	0.001304	0.001004	0.0007372	0.0005897	0.0009006	0.0007851	0.0007995	0.0007165	0.0008615	0.001089	0.0005042	0.0007345	0.001215	0.00128
923.346	10830.17	0.001244	0.001405	0.001283	0.001273	0.001179	0.001201	0.001007	0.0008234	0.0009015	0.001107	0.001104	0.0009829	0.0008882	0.0008864	0.001021	0.00109	0.0009545	0.0007397	0.0008206	0.001137	0.0008491	0.001201	0.0008991	0.0008908	0.001008	0.000912	0.001185	0.0008417	0.001383	0.000818	0.001084
923.923	10823.41	0.001222	0.001668	0.00199	0.001621	0.00164	0.001386	0.001303	0.001078	0.001307	0.001243	0.00131	0.001428	0.001183	0.001274	0.001235	0.00125	0.001425	0.001375	0.001061	0.001262	0.00109	0.001279	0.0009181	0.001325	0.001148	0.001079	0.001457	0.001235	0.001479	0.001276	0.00106
924.500	10816.66	0.001043	0.001753	0.001537	0.001516	0.001467	0.001359	0.001019	0.001322	0.001039	0.001218	0.001441	0.001129	0.001146	0.001096	0.001108	0.0008768	0.001128	0.001668	0.001228	0.001177	0.001025	0.001119	0.00117	0.001124	0.001091	0.001036	0.001174	0.001254	0.001329	0.001556	0.001184
925.076	10809.92	0.001339	0.00177	0.001554	0.001652	0.001732	0.001518	0.001217	0.001732	0.001496	0.001616	0.001516	0.001391	0.001404	0.001278	0.001515	0.001273	0.001183	0.00156	0.001551	0.001617	0.001264	0.001549	0.001414	0.001432	0.001202	0.00114	0.001315	0.001629	0.001597	0.001092	0.001258
925.653	10803.18	0.001313	0.001832	0.001598	0.001658	0.001674	0.001643	0.001635	0.00183	0.001466	0.001685	0.001405	0.001336	0.001566	0.001242	0.001661	0.00144	0.001018	0.001599	0.001482	0.00151	0.001611	0.001321	0.001502	0.001511	0.00103	0.00141	0.00146	0.001517	0.001321	0.001127	0.001348
926.230	10796.46	0.0009234	0.001494	0.001063	0.001159	0.001248	0.001335	0.001461	0.001331	0.001318	0.001167	0.001039	0.0006227	0.001123	0.001233	0.001373	0.0011	0.001136	0.001349	0.001307	0.00108	0.001263	0.001039	0.001136	0.001049	0.0008373	0.0009812	0.001406	0.0009502	0.0009966	0.001079	0.001122
926.807	10789.74	0.0008248	0.001188	0.0008786	0.0007955	0.001152	0.001235	0.001426	0.001182	0.001206	0.001157	0.001092	0.000928	0.001099	0.001576	0.001178	0.0007837	0.001041	0.001087	0.001165	0.000895	0.001155	0.0009399	0.0008522	0.0008817	0.001081	0.0009766	0.001189	0.0007695	0.0007872	0.0008623	0.0009478
927.383	10783.03	0.0008446	0.0009867	0.001095	0.001101	0.001126	0.0009953	0.00118	0.0008599	0.001264	0.001166	0.0009551	0.001122	0.001067	0.001316	0.001156	0.0009039	0.0009626	0.0007003	0.001008	0.00115	0.001075	0.0008916	0.00116	0.0008452	0.001472	0.001182	0.0008991	0.0009472	0.0006386	0.0008697	0.0009313
927.960	10776.33	0.000848	0.001268	0.001217	0.001378	0.001196	0.001181	0.001022	0.00121	0.001463	0.001681	0.001461	0.001093	0.001278	0.001172	0.001526	0.001137	0.001273	0.001103	0.001303	0.001631	0.001483	0.001166	0.001327	0.00133	0.001479	0.001336	0.001075	0.001194	0.001082	0.001103	0.001271
928.537	10769.63	0.001029	0.001184	0.001117	0.001166	0.001243	0.001373	0.001162	0.001521	0.001164	0.001573	0.001651	0.001181	0.001334	0.001262	0.001514	0.0009655	0.001573	0.00127	0.001259	0.001599	0.001616	0.001432	0.001071	0.001302	0.001163	0.001303	0.001271	0.001152	0.001133	0.0006834	0.0009721
929.113	10762.95	0.001116	0.0011	0.001099	0.00104	0.001451	0.001324	0.001505	0.001527	0.001147	0.001522	0.001962	0.001551	0.001515	0.001545	0.001804	0.00132	0.001929	0.001406	0.001352	0.0018	0.001414	0.001686	0.001171	0.001182	0.001164	0.001445	0.001533	0.001356	0.001136	0.0008872	0.001292
929.690	10756.27	0.001116	0.001178	0.001041	0.001201	0.001598	0.001373	0.001487	0.001645	0.001472	0.001674	0.002085	0.001494	0.001794	0.001642	0.001962	0.001537	0.001854	0.001745	0.001321	0.001645	0.001412	0.001636	0.001375	0.001344	0.001493	0.001386	0.001554	0.001437	0.001522	0.001315	0.00163
930.267	10749.60	0.001206	0.001101	0.0009856	0.001519	0.001394	0.001335	0.001171	0.001333	0.001513	0.001446	0.001859	0.001295	0.001807	0.00151	0.001377	0.001323	0.001491	0.001648	0.001282	0.001495	0.00135	0.001527	0.001128	0.001418	0.001588	0.001071	0.001279	0.001256	0.001464	0.0009971	0.001364
930.844	10742.94	0.001221	0.001309	0.001294	0.001415	0.001478	0.001425	0.001209	0.001255	0.001388	0.001356	0.001687	0.00144	0.001536	0.001089	0.001382	0.001478	0.001494	0.001664	0.001339	0.001512	0.001362	0.001294	0.001209	0.001264	0.001428	0.001106	0.001364	0.0009536	0.001322	0.001369	0.001101
931.420	10736.29	0.001623	0.00124	0.001347	0.0009228	0.001383	0.001262	0.001232	0.001093	0.001059	0.001165	0.001396	0.001366	0.001229	0.001249	0.00129	0.001257	0.001152	0.001271	0.00124	0.001411	0.001072	0.000813	0.001067	0.001191	0.001217	0.001099	0.001077	0.000689	0.0009228	0.00139	0.0008295
931.997	10729.65	0.001374	0.001577	0.001335	0.001156	0.000967	0.001214	0.001475	0.001579	0.001072	0.001236	0.001241	0.001493	0.001164	0.001281	0.001428	0.001343	0.00104	0.001272	0.001331	0.001289	0.001046	0.001238	0.001196	0.001197	0.001214	0.001394	0.001166	0.0009312	0.0009625	0.001043	0.001138
932.574	10723.01	0.0009912	0.0009917	0.0008404	0.0008351	0.0008894	0.0008577	0.000944	0.0009644	0.0005296	0.0008137	0.0008342	0.0004173	9.198E-5	0.0007595	0.0006633	0.0009874	0.0007233	0.0004045	0.0009496	0.0006797	0.0006044	0.0009131	0.0005576	0.0008762	0.0004993	0.0008689	0.0006331	0.0002382	0.0005559	0.0003187	0.0006724
933.150	10716.39	0.001345	0.0007228	0.0007904	0.000896	0.0009233	0.0004599	0.0008409	0.0004666	0.0004947	0.0008436	0.000891	0.0007086	0.0008451	0.001108	0.001009	0.0007531	0.0004551	0.0007079	0.0008015	0.0004035	0.000866	0.0008531	0.0007056	0.0004424	0.0005813	0.001032	0.0004666	0.0004215	0.0004189	0.0004432	0.0008265
933.727	10709.77	0.001308	0.001022	0.0007537	0.001018	0.0009505	0.0009197	0.0008784	0.0008196	0.0007218	0.0004534	0.0008182	0.0006052	0.0007111	0.000407	0.0007549	0.0009289	0.0006078	0.0002678	0.0004331	0.0005996	0.0004161	0.0004007	0.0004058	0.0006701	0.0002292	0.0004475	0.0004479	0.0003742	0.0004275	0.0001846	9.382E-5
934.304	10703.16	0.001067	0.0007909	0.001041	0.0009061	0.0004758	0.001184	0.0008223	0.001124	0.0009447	0.0006337	0.0008693	0.0005903	0.001037	0.0003163	0.0002438	-7.661E-6	0.0002487	0.0002084	0.0004154	0.0002782	0.0008041	0.000754	0.0005808	0.0004649	0.0002903	0.0001986	0.0001501	0.0007848	0.0003311	0.0003181	0.0001605
934.880	10696.55	0.001051	0.0009188	0.001297	0.0004431	0.0009307	0.000927	0.0007178	0.0007607	0.0009332	0.001229	0.00119	0.0005492	0.000989	0.0004487	0.001266	0.0004893	0.0003606	0.0004808	0.0005843	0.0006256	0.0005544	0.0009251	0.0009966	0.0004422	0.0005838	0.0004138	0.0006744	0.000583	0.0003166	0.0004697	0.0002626
935.457	10689.96	0.001225	0.001002	0.0008464	0.0009806	0.0009703	0.0008077	0.001646	0.001329	0.0009679	0.0007131	0.001358	0.001078	0.001037	0.001029	0.0008432	0.0008589	0.001158	0.001015	0.0006366	0.0009987	0.0009827	0.001412	0.001103	0.001457	0.0007463	0.001136	0.0007486	0.0008613	0.0009445	0.0005601	0.0009009
936.034	10683.37	0.001815	0.001311	0.001156	0.001291	0.000747	0.001169	0.001291	0.001619	0.001877	0.001195	0.001133	0.001413	0.0009577	0.001302	0.001511	0.001375	0.0008233	0.001344	0.001368	0.001041	0.0008482	0.001046	0.001384	0.001297	0.0008583	0.001091	0.0007556	0.001267	0.00105	0.0007419	0.0008252
936.611	10676.80	0.001498	0.0009565	0.001491	0.001447	0.00154	0.001287	0.001477	0.001248	0.001548	0.001295	0.001467	0.001012	0.001347	0.001534	0.00133	0.001046	0.00148	0.001119	0.001706	0.001198	0.001474	0.001571	0.0005911	0.001174	0.00122	0.00126	0.0006547	0.001491	0.001332	0.0008761	0.001336
937.187	10670.23	0.001776	0.001448	0.001398	0.001892	0.001489	0.001623	0.00158	0.0009501	0.001605	0.002087	0.001388	0.001997	0.00108	0.001512	0.001317	0.001228	0.001288	0.00172	0.001209	0.00134	0.001266	0.001308	0.001155	0.001371	0.001315	0.001344	0.001129	0.001259	0.001208	0.001165	0.001291
937.764	10663.66	0.00142	0.001121	0.001346	0.001427	0.001764	0.001583	0.001583	0.001407	0.001637	0.001569	0.001037	0.001689	0.001435	0.001669	0.001535	0.001408	0.001536	0.001326	0.001324	0.001607	0.001373	0.001398	0.001438	0.001433	0.001285	0.001226	0.001113	0.001125	0.001154	0.001293	0.001002
938.341	10657.11	0.001209	0.001231	0.001359	0.001704	0.001609	0.001288	0.001651	0.001723	0.001398	0.001643	0.001623	0.001546	0.00138	0.001429	0.001054	0.001324	0.001397	0.001285	0.001313	0.001558	0.001063	0.0008159	0.001678	0.001562	0.001265	0.0007865	0.001684	0.0008162	0.001046	0.001422	0.001146
938.917	10650.56	0.001427	0.001108	0.001092	0.001005	0.0009408	0.001354	0.001234	0.001166	0.001011	0.0007709	0.0008502	0.001563	0.001183	0.001208	0.001118	0.0008062	0.001147	0.0007063	0.0006266	0.0008649	0.00101	0.0008585	0.0007624	0.0009282	0.0006358	0.0003054	0.000994	0.0008197	0.001022	0.0007742	0.0006413
939.494	10644.03	0.001618	0.001142	0.0008429	0.0009451	0.001131	0.0008616	0.001068	0.0009719	0.0007621	0.0006854	0.0008512	0.0009477	0.001104	0.0006506	0.0006669	0.0007879	0.001013	0.0008354	0.0008679	0.0006557	0.0007443	0.0008865	0.0005736	0.0005406	0.0005185	0.0006162	0.0006097	0.0008529	0.000669	0.0006832	0.0007113
940.071	10637.50	0.0009362	0.0007206	0.0008744	0.000863	0.001021	0.0006947	0.001307	0.0009471	0.0007896	0.0009746	0.000891	0.0008951	0.0008934	0.0006705	0.0007292	0.0006957	0.000985	0.001015	0.0009756	0.0002686	0.0009126	0.0009658	0.0005959	0.0007833	0.0005908	0.0008451	0.0001795	0.0008417	0.0007066	0.0006798	0.0006346
940.648	10630.97	0.0008043	0.001	0.0008584	0.0008286	0.0008118	0.0009698	0.0007024	0.0007967	0.0009104	0.001073	0.0008827	0.0008497	0.0008765	0.0005437	0.0009829	0.0005717	0.0007888	0.0007401	0.0007806	0.0007343	0.0008163	0.0007519	0.0005797	0.0004459	0.0006605	0.0007018	0.0003165	0.0006723	0.0006456	0.0006051	0.0005871
941.224	10624.46	0.000418	0.0004813	0.0005843	0.0004502	0.000501	0.0001341	0.000502	0.0006695	-1.434E-5	0.0005698	0.0003235	0.0004237	0.0005169	0.0002723	-4.02E-5	-0.0001934	6.69E-5	0.0002852	0.0004228	0.0001918	0.0002956	0.0001861	-0.0001193	-6.893E-5	-0.0001299	0.000436	-8.373E-7	-0.0002401	-0.0002154	5.225E-5	-0.0002201
941.801	10617.95	0.0006162	0.000797	0.0008383	0.0009757	0.001046	0.0007572	0.0007	0.000848	0.0001654	0.0003299	0.0005455	0.0005179	0.000477	0.0006306	0.0001008	0.00035	0.0002561	0.0006487	0.0005461	0.0003499	0.0003851	0.000548	0.0001654	0.0004552	0.0005938	0.0006467	0.0004018	0.0001526	0.0002603	0.0002527	0.0002281
942.378	10611.46	0.0006934	0.0007427	0.001032	0.001016	0.0008122	0.0005407	0.0005875	0.0005926	0.0005016	0.0001436	0.0007894	0.0003133	0.0007704	0.0006533	0.0004954	0.0004464	0.0005731	0.0005222	0.0006592	0.0001258	0.0004869	0.0004912	0.0006118	0.0007778	0.0005536	0.0005383	0.0005741	0.0004329	7.47E-5	0.0001753	0.0002405
942.954	10604.97	0.0008041	0.0009833	0.00101	0.001247	0.0008416	0.0007427	0.0006672	0.000749	0.0005101	0.0004971	0.0007845	0.0002145	0.0007088	0.0006259	0.0005072	0.000516	0.0005539	0.0004692	0.0007085	0.0004881	0.0004933	0.0005189	0.0005578	0.0009871	0.0003826	0.0004903	0.0005156	0.0003636	0.0001674	0.0004433	0.0001974
943.531	10598.48	0.0008606	0.0008388	0.0009478	0.001001	0.0008808	0.000672	0.0004692	0.000537	0.0004136	0.0003479	0.0003454	0.0001067	0.0003311	0.0002537	0.0003425	0.0004143	0.0001371	0.0001523	0.0003327	0.0003376	0.0001366	0.0002405	0.0001051	0.0005154	0.0001564	6.15E-5	0.0001176	-1.683E-5	-0.0001847	4.89E-5	-0.0001247
944.108	10592.01	0.0006479	0.0007366	0.0005454	0.000515	0.0008154	0.000758	0.0005717	0.0005695	0.0002897	-7.114E-5	0.0002676	4.793E-6	0.0004548	0.0002225	0.000199	-4.558E-5	0.0002038	1.592E-5	9.493E-5	0.0001347	-4.106E-5	-2.707E-5	0.000287	-2.461E-5	0.0001096	-0.0002921	-5.337E-5	-0.0001148	-0.0003409	0.0001298	-0.0001161
944.685	10585.54	0.0007615	0.0009912	0.0008726	0.0008968	0.0007766	0.00104	0.0009536	0.0007411	0.0006529	0.0003494	0.000168	0.0005969	0.0005583	0.0008113	0.0004217	0.0001088	0.0003733	0.0004635	0.0004481	0.0006043	0.0003462	0.0004003	0.0001444	0.0004309	0.0002532	4.259E-5	4.218E-5	3.563E-5	6.215E-5	0.0003748	0.0002288
945.261	10579.09	0.0009053	0.001165	0.0009386	0.001006	0.0006996	0.0007419	0.000395	0.0002426	0.0002615	0.000286	7.738E-5	0.0003952	0.0002343	0.0003184	9.453E-5	-2.397E-6	-5.526E-5	0.0003022	0.0003449	0.0005671	0.0002417	0.0002934	0.0002233	0.0003579	-7.02E-5	0.0001069	-1.105E-5	-0.0001274	8.617E-5	-1.495E-5	0.0001025
945.838	10572.64	0.0008932	0.00121	0.000863	0.001062	0.0008705	0.0008549	0.0007071	0.0004882	0.0005814	0.0002699	0.0003897	0.0006461	0.0004404	0.0003503	0.0004173	0.0003922	-0.0001226	0.0007458	0.0004184	0.0006265	0.000545	0.0003916	0.000458	0.0004635	0.0002115	0.0002211	0.0005766	0.0002036	-2.54E-5	7.156E-5	0.0003464
946.415	10566.19	0.001339	0.0012	0.001156	0.00113	0.001175	0.001074	0.001104	0.0005467	0.0011	0.001149	0.0008922	0.000871	0.0007847	0.001126	0.0007654	0.001165	0.0006236	0.0009361	0.0006622	0.001038	0.0005552	0.0008742	0.001013	0.0009868	0.0007854	0.0005816	0.000922	0.001071	0.0003363	5.807E-5	0.0005955
946.991	10559.76	0.001231	0.001257	0.001219	0.001136	0.001484	0.000926	0.001164	0.0007196	0.0009292	0.001592	0.001027	0.0008506	0.001314	0.001434	0.001019	0.001213	0.0008533	0.001077	0.0008386	0.0006913	0.0007816	0.0009495	0.001143	0.001146	0.0006249	0.0008259	0.0009089	0.001251	0.0007083	0.0007459	0.0006706
947.568	10553.33	0.001565	0.001118	0.001281	0.001347	0.001424	0.001359	0.001425	0.001251	0.001355	0.001871	0.001251	0.001131	0.001284	0.001489	0.001362	0.001536	0.001041	0.001594	0.001444	0.001163	0.001152	0.001239	0.001648	0.001326	0.001245	0.001291	0.001099	0.001267	0.0009139	0.001052	0.001292
948.145	10546.91	0.0007462	0.0005981	0.000851	0.0007697	0.001254	0.0007877	0.0009154	0.001164	0.0007544	0.0009542	0.0008159	0.000955	0.001146	0.001132	0.001081	0.001108	0.000889	0.001285	0.0008098	0.00101	0.0006472	0.0009008	0.001117	0.0006043	0.0007153	0.000952	0.0006011	0.0007145	0.0005228	0.0008959	0.0008676
948.721	10540.50	0.0005026	0.0005197	0.0008222	0.001072	0.001296	0.0007876	0.0006191	0.0007942	0.0002461	0.0008311	0.0007364	0.0005007	0.0007936	0.00037	0.0009366	0.0008828	0.0006109	0.001193	0.0007507	0.0005172	0.0003981	0.0008499	0.0006888	0.000436	0.0002884	0.0004868	0.0006066	0.0004438	0.0003341	0.000931	0.0006215
949.298	10534.10	5.527E-5	0.0005995	0.0002763	0.0005783	0.0007545	0.0005991	0.0002042	0.0003032	-9.156E-5	0.0002572	-1.962E-5	0.000383	0.000564	0.0003032	0.0005397	0.0004942	0.000599	0.0005896	0.0003938	0.0002875	-5.225E-5	0.0006147	0.0002956	-1.855E-5	0.0002213	-0.0002511	1.129E-6	0.0001138	0.0002743	0.000135	4.618E-5
949.875	10527.70	0.0006468	0.0003953	3.854E-5	0.0005411	0.0005378	0.0002522	0.0002355	0.0002153	0.000733	-1.275E-5	0.0003851	0.0001819	0.0001936	0.0002123	0.0004844	0.0004759	0.0005358	0.0007039	0.0002461	0.000204	-4.045E-5	0.0002215	8.68E-5	0.0001401	0.0001483	-0.0001183	0.0001764	0.0002628	0.0001057	-7.925E-5	-0.0001958
950.452	10521.31	0.0009746	0.001398	0.001233	0.0009231	0.001115	0.001045	0.000546	0.0007808	0.001124	0.001438	0.001013	0.0008674	0.0009199	0.0008943	0.001097	0.0008692	0.001127	0.0006391	0.001376	0.0009273	0.00068	0.001275	0.001146	0.001076	0.000868	0.0007417	0.0006338	0.0008516	0.0002643	0.001489	0.0004868
951.028	10514.93	0.001528	0.0009845	0.001713	0.00181	0.001932	0.001504	0.001824	0.001213	0.001354	0.001754	0.00146	0.001306	0.001173	0.001249	0.001726	0.001683	0.0008583	0.001497	0.001582	0.001313	0.001624	0.001387	0.001398	0.001223	0.001067	0.001494	0.001535	0.001258	0.001146	0.001274	0.00174
951.605	10508.56	0.001213	0.001081	0.001351	0.001203	0.001219	0.00159	0.0014	0.001182	0.001052	0.001198	0.00135	0.001295	0.0009285	0.0008924	0.001097	0.0009124	0.001456	0.001464	0.0009513	0.0006536	0.0006892	0.001057	0.0004368	0.0008984	0.0006575	0.0007676	0.0009461	0.0009249	0.0009584	0.001207	0.001066
952.182	10502.20	0.0008121	0.0009901	0.001172	0.0005697	0.0006164	0.0005234	0.001044	0.0006543	0.0009716	0.0006613	0.0006273	0.0005738	0.0007505	0.001096	0.0001083	0.0005484	0.0003756	0.000422	0.0008117	0.0004911	0.0005285	0.0004598	0.001097	0.0004998	0.0002897	0.0003904	0.001101	0.0005337	0.0006023	0.0002222	0.0003306
952.758	10495.84	0.0006239	0.000631	0.0006613	0.0005312	0.0007044	0.0007248	8.153E-5	0.0003074	0.0004342	0.0005029	0.0004137	5.446E-6	0.0003309	0.0007086	0.0005084	0.0003692	5.076E-5	0.0001995	0.0004667	3.599E-5	-9.944E-5	0.0001143	0.0003092	-5.274E-5	0.0001671	-1.258E-5	0.0003005	0.0001751	0.0006447	0.0002184	0.0004202
953.335	10489.49	0.001227	0.001397	0.001177	0.001594	0.001626	0.001044	0.001428	0.001198	0.001357	0.0006978	0.001117	0.00105	0.00111	0.0009201	0.001329	0.00118	0.00101	0.001212	0.001083	0.0008572	0.00123	0.001019	0.0006195	0.001022	0.0008792	0.0008146	0.001254	0.0008594	0.001082	0.0008688	0.001126
953.912	10483.15	0.0005125	0.001191	0.0009677	0.0009795	0.001092	0.00114	0.001233	0.0008128	0.0009983	0.00101	0.000967	0.0009501	0.001008	0.001351	0.0009012	0.0007798	0.0005499	0.0008466	0.0008705	0.0002571	0.0008011	0.0007931	0.0005375	0.0002488	0.0004903	0.000591	0.000463	0.000637	0.0005197	0.0002839	0.0005381
954.489	10476.81	0.0007262	0.001467	0.001075	0.001385	0.0009091	0.0007359	0.001261	0.000933	0.0005699	0.0005449	0.0009421	0.0005649	0.000698	0.0008723	0.0008963	0.0006207	0.000718	0.0004526	0.0006209	0.0006102	0.0005771	0.0007711	0.0007824	0.0001601	0.0003465	0.001112	0.00072	0.0004347	0.0003049	0.0002821	0.000671
955.065	10470.49	0.0006272	0.0007004	0.0009805	0.0006981	0.0005797	0.0006967	0.0007535	0.0003404	0.0004419	0.0003339	0.0004939	0.000113	0.0004884	0.0003439	0.000454	0.0001675	0.0003489	-5.249E-5	0.0005242	0.0001296	0.0005911	0.0001335	0.0002856	0.0002671	-3.491E-5	0.0002883	0.000496	5.793E-5	0.0001208	0.0004907	0.0002899
955.642	10464.17	0.00102	0.0009826	0.001241	0.00133	0.001336	0.001119	0.0008789	0.0005137	0.0009803	0.001097	0.0007743	0.001318	0.0009564	0.0009471	0.0009563	0.001026	0.0009474	0.0008432	0.000804	0.0006335	0.0008135	0.0007394	0.0008275	0.0009847	0.0004052	0.0002194	0.001097	0.0008918	0.0005149	0.0009804	0.001088
956.219	10457.86	0.001161	0.00159	0.001138	0.001167	0.001746	0.001287	0.001002	0.001372	0.00125	0.0009163	0.0008309	0.001262	0.001237	0.001061	0.001176	0.001069	0.001155	0.0009227	0.001268	0.001092	0.001027	0.001106	0.001433	0.001251	0.001225	0.001029	0.001296	0.001195	0.0009701	0.0009556	0.001256
956.795	10451.55	0.001226	0.001729	0.001031	0.001912	0.00191	0.001219	0.001559	0.001933	0.001638	0.001295	0.001565	0.001698	0.001505	0.001534	0.001191	0.001105	0.001386	0.001531	0.001375	0.001313	0.001352	0.001397	0.001451	0.001351	0.001278	0.001567	0.001281	0.001787	0.001096	0.001063	0.001493
957.372	10445.26	0.001283	0.001439	0.001345	0.001943	0.001288	0.001491	0.001365	0.001848	0.001402	0.001522	0.001617	0.001594	0.001391	0.001387	0.001338	0.0009263	0.001441	0.0009928	0.001097	0.001324	0.001184	0.001216	0.001216	0.001138	0.001155	0.001217	0.001476	0.001553	0.001105	0.001504	0.001087
957.949	10438.97	0.001284	0.001479	0.001579	0.001535	0.001581	0.001684	0.001466	0.001448	0.001691	0.001367	0.001688	0.001554	0.00167	0.00137	0.00135	0.001337	0.001719	0.001395	0.001473	0.001656	0.00125	0.001132	0.001405	0.001287	0.001399	0.001029	0.001477	0.001576	0.001165	0.001697	0.001042
958.526	10432.69	0.001335	0.001324	0.001482	0.001479	0.001637	0.001622	0.001716	0.001246	0.001744	0.001841	0.001534	0.001654	0.001679	0.001596	0.001916	0.001211	0.001903	0.0016	0.001991	0.00144	0.001235	0.00119	0.001765	0.001641	0.001239	0.001194	0.001429	0.001449	0.001559	0.001603	0.001314
959.102	10426.42	0.001465	0.001455	0.001267	0.001299	0.001674	0.001724	0.001594	0.001593	0.001564	0.001931	0.001739	0.001775	0.001358	0.001376	0.001875	0.001147	0.001792	0.001351	0.001768	0.001371	0.001167	0.001208	0.001608	0.001345	0.001489	0.001558	0.001577	0.001224	0.001512	0.001347	0.001533
959.679	10420.15	0.001304	0.001512	0.001291	0.001731	0.001885	0.001618	0.001892	0.001913	0.001663	0.001597	0.001952	0.001996	0.001697	0.001598	0.001752	0.00186	0.001834	0.001578	0.001583	0.001645	0.001489	0.00159	0.001548	0.001561	0.001406	0.001509	0.001783	0.001435	0.001913	0.001548	0.001603
960.256	10413.89	0.001478	0.001253	0.001271	0.001297	0.001661	0.001517	0.002106	0.00196	0.001867	0.001747	0.001682	0.001923	0.002053	0.001797	0.001812	0.002211	0.00183	0.001532	0.001443	0.001461	0.001849	0.001815	0.001369	0.001599	0.001407	0.001634	0.001521	0.001398	0.001757	0.001837	0.00132
960.832	10407.64	0.001173	0.00094	0.0007124	0.000965	0.001355	0.001394	0.00139	0.001302	0.001372	0.001116	0.001288	0.0014	0.001755	0.001433	0.001586	0.001494	0.001321	0.001234	0.001119	0.001274	0.00153	0.001193	0.0009185	0.001255	0.00104	0.001354	0.001091	0.0007778	0.0012	0.001538	0.0008186
961.409	10401.40	0.0008182	0.0005278	0.0006175	0.0006246	0.001028	0.0009628	0.001403	0.001024	0.0009613	0.00055	0.0009923	0.0008731	0.001203	0.0009148	0.001169	0.001	0.0008534	0.0009891	0.0006488	0.000923	0.0009133	0.00126	0.0009324	0.0008962	0.000701	0.0006852	0.0008139	0.0008029	0.0009173	0.0009313	0.0002601
961.986	10395.16	0.00118	0.0009433	0.00141	0.001113	0.001024	0.0009976	0.001627	0.00146	0.001349	0.001159	0.001214	0.001176	0.001357	0.001252	0.001228	0.001128	0.001208	0.001347	0.0008027	0.001096	0.001006	0.00134	0.000862	0.001045	0.0009944	0.0007046	0.0007621	0.001373	0.001136	0.0007257	0.001066
962.563	10388.94	0.001156	0.001472	0.001135	0.0009593	0.00106	0.0008516	0.0009859	0.001385	0.001587	0.001215	0.001069	0.000839	0.001475	0.001134	0.001489	0.0009772	0.0009348	0.001051	0.0005627	0.0008785	0.0006758	0.001042	0.0007729	0.0007063	0.0008113	0.001291	0.0008345	0.0008276	0.0008085	0.00117	0.0006334
963.139	10382.71	0.0006957	0.0007276	0.0007151	0.0005037	6.106E-5	0.0004241	9.014E-5	0.0005747	0.0007095	0.0004106	0.000212	0.0006419	0.0005866	0.0004578	0.0006019	0.0005528	0.0004542	0.0003593	0.0005783	0.0002702	0.0002065	0.0004305	6.058E-5	0.0001676	-0.000161	0.0001368	4.677E-5	0.0003395	0.0002107	0.0007361	-8.124E-5
963.716	10376.50	0.000595	0.0004775	0.0007561	0.0002806	8.795E-5	0.0007598	0.000228	0.0001408	0.0004137	0.0003179	0.0003191	0.0006837	0.000442	8.957E-5	0.0002548	0.0002317	-3.531E-5	0.0003995	0.0001532	0.0004997	0.0001238	-0.00015	0.0004863	0.0005423	0.0004111	0.0004192	0.0001712	-6.98E-5	-0.0001295	-6.081E-5	-0.0001456
964.293	10370.30	0.001051	0.00133	0.001226	0.001481	0.0007472	0.001345	0.001291	0.0008579	0.001284	0.000872	0.0009249	0.001059	0.000999	0.0006013	0.001033	0.001365	0.0008925	0.0007449	0.0009825	0.0005975	0.000852	0.000855	0.0008363	0.0008369	0.0007452	0.0007875	0.0008317	0.0005712	0.0004268	0.0005417	0.0007741
964.869	10364.10	0.0009379	0.0009471	0.0007317	0.0005099	0.0003673	0.0006225	0.0003599	0.0004043	0.0006501	0.0005097	0.0006959	0.0005031	0.0004545	0.0002634	-6.603E-5	0.0001307	0.000102	-0.0001325	0.000355	4.102E-5	-2.23E-5	0.0006295	0.0002927	0.0002822	-7.937E-5	1.057E-5	0.0001109	0.0003625	0.0002012	7.274E-5	-4.082E-6
965.446	10357.91	0.0007183	0.0007901	0.0008382	0.0008538	0.0006608	0.001051	0.0004057	0.0008343	0.0004358	8.46E-5	0.0008101	0.0002635	0.0003454	6.856E-5	-2.281E-5	0.0002908	0.0004967	3.445E-5	0.0003636	0.0002842	1.278E-5	-2.654E-5	0.0005262	-0.0001991	-4.683E-5	0.000202	-4.224E-5	0.0005408	-0.0003072	-5.065E-5	-0.0001711
966.023	10351.72	0.001284	0.0008586	0.001226	0.0007758	0.0007491	0.0007192	0.0007948	0.0004149	0.0006394	0.0008909	0.0005042	0.0006603	0.0004923	-4.443E-5	4.357E-5	0.0003936	0.0001822	0.0001224	0.0005744	0.0002388	-0.0002571	1.026E-5	0.0005105	-3.832E-5	0.0004726	0.0002688	0.0004956	0.0002785	-0.0004361	0.0005967	5.181E-5
966.599	10345.55	0.0008863	0.0007816	0.0004992	0.0004364	0.0002883	0.0003349	0.0002846	0.0003546	-1.794E-5	-0.0004477	-0.0005655	0.000192	-0.0002802	-0.0003088	0.0001672	-0.0001328	-1.6E-5	-0.0003309	-9.928E-5	-0.0002233	-0.0005844	-0.0004598	0.00016	-0.000556	-0.0004935	-0.0003952	-0.0003281	0.0002367	-0.0001197	-0.0006963	-0.0001841
967.176	10339.38	0.0003807	0.0004584	0.000236	0.0003184	-0.0001001	-1.37E-5	5.164E-5	-0.0005684	-0.0002141	-8.001E-5	-0.0007932	-0.0003688	-0.000773	-0.0003228	-0.00066	-0.0009008	-0.0004982	-0.000604	-0.0005702	-0.0008183	-0.00103	-0.000987	-0.001349	-0.0005801	-0.0006247	-0.0008861	-0.001419	-0.0009523	-0.0006951	-0.0008199	-0.001388
967.753	10333.22	0.001096	0.0009606	0.0008331	0.001006	0.0007366	0.0004902	0.0004467	-0.0001133	0.0002829	-6.579E-5	1.454E-5	-8.947E-5	0.000296	-9.664E-5	0.0001595	8.71E-5	0.0003064	3.968E-7	0.000312	-6.515E-5	-0.0002002	-2E-5	-0.0008215	-6.593E-5	-0.0005867	-0.0002533	0.0004439	9.136E-5	-0.0002686	-5.144E-5	-0.0002256
968.330	10327.06	0.001366	0.001167	0.001013	0.001016	0.0006054	0.0005649	0.0002855	0.0003222	8.098E-5	5.294E-5	9.262E-5	4.343E-5	0.0002916	-5.925E-5	2.235E-5	-0.0003694	7.953E-5	-0.0001783	-6.187E-5	-7.475E-5	-0.0001097	-0.0001767	-0.0001892	3.942E-5	4.101E-5	3.185E-5	-2.297E-5	4.91E-5	7.297E-5	-2.182E-6	-6.925E-5
968.906	10320.92	0.000782	0.0006861	0.001358	0.0007823	0.0001421	0.0006518	0.0004959	-8.074E-5	-0.0002808	0.0002617	0.0005721	7.93E-5	5.327E-5	-2.825E-6	-8.312E-5	-1.77E-5	-0.0005809	-0.0006574	-0.0003909	-0.0006742	-0.0001958	-0.0003108	-0.0005116	-0.0001231	-0.0006028	-0.0004291	-0.0008146	-0.000609	-0.0003397	-0.0003297	-0.0007639
969.483	10314.78	0.000196	0.0002589	0.0002038	7.897E-5	0.000242	-5.88E-5	-0.0001063	-0.0002781	-0.0004946	-0.0004521	-0.0003166	-0.000366	-4.022E-5	-0.0003119	-0.0007571	-0.0008347	-0.0004918	-0.0002798	-0.0003738	-0.0003457	-0.00057	-0.0003871	-0.0008578	-0.0005082	-0.0009957	-0.0005215	-0.001119	-0.001025	-0.0009368	-0.0007079	-0.000798
970.060	10308.64	0.001034	0.000787	0.0005301	0.0006633	0.0008727	0.0001742	0.0004205	0.0005546	1.396E-5	-0.0001402	0.0001077	-0.0001126	0.0003408	-4.747E-5	-0.0002504	0.000334	-2.104E-5	6.423E-5	-0.000174	0.0003901	-0.0001841	-1.868E-5	-0.0001918	0.0003851	-0.000361	-0.0003896	-0.000365	-0.0001693	-0.0001115	0.0002229	-0.0004601
970.636	10302.52	0.0009957	0.0006003	0.0003771	0.0006517	0.0008676	0.0004888	0.0005528	0.0004795	-0.0002406	8.892E-6	0.0006396	-5.202E-5	5.502E-5	-0.0001244	-0.0001193	0.0002013	-0.0002838	0.0001174	-0.0002484	0.0003972	-0.0001261	-0.0001648	-0.0001039	0.0003242	-0.0001002	-0.0004534	-0.0002792	-0.0002284	-0.0008881	-0.0004574	-9.093E-5
971.213	10296.40	0.0008345	0.0006911	0.0004765	0.0003307	0.0004744	0.0005269	0.000232	8.631E-5	-2.328E-5	-0.0001086	0.0001844	-0.000104	-4.502E-5	-0.0004447	-0.0003215	5.601E-5	-0.0003404	-0.000346	-0.0001235	2.332E-5	-7.96E-5	-0.0005481	-0.0006225	-6.37E-5	-0.000341	-0.0002629	-0.0002594	-0.0001661	-0.0006623	-0.0003393	-1.344E-6
971.790	10290.29	0.000789	0.001029	0.0004636	0.0004816	0.0005791	0.000943	0.0002376	9.669E-5	0.0002361	0.0004346	-2.078E-5	0.0003262	0.000123	-1.143E-5	-6.694E-6	0.0003805	-3.262E-5	-0.000149	0.0001912	-0.0001964	0.0003135	-0.0002246	-0.0001492	0.0004143	-1.158E-6	-0.0001496	-0.0001203	-0.0002565	-0.0001277	-3.986E-5	-0.0002796
972.367	10284.19	0.0004122	0.000508	0.0004094	1.866E-5	0.0005381	0.0001323	9.99E-5	-0.0002723	-2.353E-5	0.0001512	-5.509E-5	-4.044E-6	-3.486E-5	-0.0001805	-0.0001049	0.0001201	-0.000128	-0.0003184	3.145E-5	-0.0004226	-0.0001966	-0.0002799	-0.0002972	-0.0001581	-0.0002737	-0.0005996	-8.605E-5	-0.0005522	-0.0006346	-0.0002907	-0.0004253
972.943	10278.09	0.0003288	0.0005517	0.0007709	0.0004503	0.0004831	0.0001802	-0.0001467	4.006E-5	-7.284E-5	0.0001522	0.0003659	-0.0002615	0.0002882	-3.132E-5	0.0002192	0.0001021	0.0002201	-0.0001475	-0.0001256	-0.0003174	-0.0002646	-0.000315	-8.848E-5	-0.0003796	-0.000296	-0.0001715	-0.0003155	-0.0001092	-0.0004024	-3.913E-5	-0.000504
973.520	10272.00	0.0003085	0.000699	0.0006885	0.0005158	0.0003989	0.0002523	3.748E-5	6.674E-5	-9.721E-5	1.846E-6	3.31E-5	-0.0003718	0.0003026	-0.0002326	1.03E-5	-3.401E-5	-0.0002061	-0.0004356	-0.0002549	-7.968E-5	-0.0003595	-0.0002097	-0.0001886	-0.0002159	-0.0003639	-0.00048	-0.0006381	-7.403E-5	-0.000458	-0.0002463	-0.0005749
974.097	10265.92	0.0009619	0.001097	0.00112	0.0009078	0.0006305	0.0003973	0.000884	0.0005963	0.0003647	0.0003771	0.0004404	0.0004614	0.0004825	0.0003524	0.0005774	0.0005558	2.473E-5	0.000191	0.0003846	1.992E-5	0.0001157	0.0003062	-0.0001629	-7.987E-5	0.0002046	-0.0003948	-8.744E-5	0.0002829	-0.0002414	0.0001945	0.0003457
974.673	10259.85	0.00128	0.00112	0.001355	0.001054	0.001069	0.0007462	0.001158	0.001096	0.0009073	0.0007903	0.0009049	0.0008925	0.00069	0.000623	0.0005087	0.0009348	0.0004864	0.0006491	0.0002584	0.0001325	0.0007912	0.0003524	0.000218	0.0002205	0.0002131	4.373E-5	-0.0001342	0.0005495	-8.115E-5	0.0004865	8.691E-5
975.250	10253.78	0.001367	0.001411	0.001171	0.001371	0.001109	0.001146	0.0008698	0.001017	0.001132	0.0008484	0.0009905	0.001182	0.001031	0.0006297	0.0008049	0.0009449	0.000835	0.000877	0.0004786	0.0003233	0.0006238	0.0007355	0.0006759	0.0003727	0.0003346	0.0005212	-5.406E-5	0.0006287	5.97E-5	0.0005971	0.0003717
975.827	10247.72	0.001072	0.001169	0.001259	0.001344	0.001607	0.001025	0.001355	0.001036	0.0008788	0.001205	0.0008963	0.0008277	0.001294	0.0007462	0.001151	0.0007765	0.001007	0.0002009	0.0007516	0.0006342	0.0004978	0.0008829	0.0008411	0.0004438	0.0004011	0.00063	0.0004184	0.0004787	0.0002331	0.000656	0.0005606
976.404	10241.67	0.0005431	0.001271	0.001059	0.0007768	0.001078	0.0006783	0.001085	0.0004904	0.0004531	0.001037	0.0008067	0.0002099	0.0008394	0.0003917	0.0005693	0.0006708	0.0007164	0.0001132	0.0005945	0.0004315	0.0005042	0.0005301	7.993E-5	0.0002985	0.0002209	0.0003587	0.0003065	0.0003849	-6.908E-5	0.0003464	0.0004785
976.980	10235.62	0.000818	0.001464	0.001159	0.0006826	0.0008015	0.001244	0.0005535	0.0009199	0.0006859	0.000543	0.0008214	0.0003648	0.0004492	0.0004417	0.0006571	0.000813	0.0008593	0.0005275	0.0002765	0.0007888	0.0003087	0.0003904	5.136E-5	0.0003711	0.0004194	0.0001677	0.000691	0.000626	0.0001644	8.462E-5	9.721E-5
977.557	10229.58	0.0007465	0.001755	0.001075	0.0004803	0.0007756	0.0002588	0.0004413	0.0002203	0.0004397	0.0002373	0.0006384	0.0002367	0.0003121	0.0001857	0.0002222	0.0005088	0.0002038	0.0002596	0.0001433	0.000526	0.0003777	0.0001839	-6.632E-5	0.0002005	0.0002363	0.0002928	0.0007053	0.0003338	0.000153	0.0003395	-0.000664
978.134	10223.55	0.001277	0.001242	0.001491	0.001458	0.001517	0.0008227	0.001006	0.000441	0.0004791	0.0005671	0.001228	0.000839	0.0004711	0.001046	0.0008742	0.0008758	0.0005323	0.000659	0.0006988	0.0004225	0.0002552	0.0005146	0.000495	0.0005868	0.0008948	0.0005239	0.000529	0.0001056	0.0003631	0.0003988	7.68E-5
978.710	10217.53	0.001623	0.001445	0.00172	0.001482	0.001581	0.001612	0.001354	0.0007233	0.001306	0.001352	0.001365	0.0008267	0.001156	0.001158	0.001368	0.001452	0.0005141	0.000798	0.001493	0.001043	0.000575	0.001008	0.001504	0.001288	0.0007168	0.0006195	0.001295	0.001025	0.0007952	0.0008618	0.0005968
979.287	10211.51	0.001164	0.001324	0.0009269	0.001448	0.001459	0.0005486	0.0007427	0.001229	0.0006067	3.941E-5	0.000146	7.427E-5	0.0008264	0.0003202	0.0005204	0.0005592	0.000224	0.0001297	0.0009381	0.0002434	0.0001996	0.0005284	0.0008944	0.0003573	0.0002811	0.0001085	0.0005596	2.036E-5	-4.506E-5	0.0002413	3.86E-5
979.864	10205.50	0.0004763	0.0009464	0.0002668	0.000941	0.0007645	0.0007074	0.0008806	0.0007168	0.000562	0.0002772	0.0001387	-1.354E-5	0.001134	0.0002401	0.0006123	0.00121	0.0001472	0.0006005	7.996E-5	6.157E-5	7.595E-5	0.0001942	0.0001865	-1.41E-5	2.031E-5	0.0001008	0.0001187	0.0005668	0.0002086	0.0004156	-0.0003044
980.440	10199.50	0.001664	0.002053	0.001594	0.001226	0.002565	0.001768	0.00121	0.000964	0.001087	0.001251	0.001628	0.001521	0.001524	0.001084	0.001316	0.0008552	0.001904	0.001526	0.0007989	0.001522	0.00173	0.001357	0.002053	0.001317	0.001289	0.000499	0.001074	0.0009823	0.001646	0.001105	0.001558
981.017	10193.50	0.001439	0.0008256	0.001014	0.001321	0.001432	0.0009806	0.001747	0.001343	0.001624	0.001012	0.001243	0.000912	0.001217	0.0007527	0.0008275	0.001586	0.0008774	0.0008862	0.001532	0.0006281	0.0009594	0.00122	0.001025	0.000775	0.0009444	0.00122	0.0009103	0.00127	0.001443	0.0009356	0.0001841
981.594	10187.51	0.001481	0.0008512	0.001172	0.0008609	0.00128	0.001388	0.001389	0.001109	0.00109	0.002046	0.001585	0.001176	0.001465	0.001214	0.001182	0.001429	0.001049	0.0005874	0.001308	0.00106	0.0008226	0.001177	0.001943	0.0006095	0.0005971	0.0008525	0.0007655	0.0007754	0.001431	0.0006446	0.0004545
982.171	10181.53	0.001251	0.0014	0.001947	0.001745	0.00184	0.001703	0.001752	0.001252	0.001658	0.001866	0.0009794	0.001294	0.001429	0.001035	0.002025	0.001731	0.001255	0.001846	0.0008067	0.001691	0.001055	0.001664	0.001289	0.00132	0.001092	0.001181	0.0009797	0.0008927	0.00109	0.001103	0.0007337
982.747	10175.56	0.001966	0.0022	0.00264	0.00219	0.002379	0.002046	0.002532	0.002052	0.001955	0.002145	0.002282	0.002416	0.002159	0.001771	0.002272	0.002123	0.001993	0.002006	0.002024	0.001644	0.001988	0.001749	0.001699	0.001985	0.001977	0.001731	0.002267	0.001676	0.001272	0.001857	0.001162
983.324	10169.59	0.001776	0.001827	0.001948	0.001394	0.001707	0.001841	0.001644	0.001742	0.001255	0.001013	0.001139	0.002129	0.001188	0.001282	0.001403	0.001423	0.001183	0.001322	0.00107	0.0007414	0.001029	0.001507	0.001132	0.001107	0.001321	0.001541	0.00126	0.001275	0.0009371	0.0008391	0.001345
983.901	10163.63	0.0009742	0.001342	0.001327	0.001254	0.001715	0.001393	0.00144	0.0009098	0.00169	0.0008664	0.001045	0.0009681	0.001319	0.00104	0.001016	0.001043	0.001095	0.0008614	0.0008164	0.0006197	0.0008122	0.000728	0.0007876	0.000866	0.001024	0.0008508	0.0009391	0.001135	0.0003868	0.0005681	0.0004727
984.477	10157.67	0.001569	0.001756	0.001578	0.001813	0.001962	0.002227	0.001118	0.001514	0.001535	0.001574	0.001967	0.001552	0.001351	0.001721	0.001762	0.001392	0.001299	0.0009085	0.001664	0.001724	0.0009794	0.001151	0.0009214	0.0008873	0.00131	0.0007948	0.001314	0.001695	0.001298	0.001344	0.0009945
985.054	10151.73	0.001431	0.001643	0.001737	0.001669	0.001432	0.0017	0.001161	0.001784	0.001345	0.001211	0.001463	0.001669	0.0009745	0.001083	0.001429	0.001247	0.001351	0.000761	0.001563	0.002242	0.001155	0.001282	0.001285	0.0007958	0.001133	0.001285	0.001353	0.001076	0.001193	0.001392	0.001204
985.631	10145.79	0.0008823	0.001278	0.001245	0.001396	0.001504	0.001095	0.001401	0.001191	0.001142	0.001126	0.001545	0.00113	0.0009479	0.0009143	0.001474	0.001279	0.0009487	0.001278	0.001462	0.001466	0.000705	0.0006739	0.001066	0.0007972	0.0008293	0.0005819	0.001172	0.0008558	0.001018	0.001121	0.0008335
986.208	10139.85	0.001078	0.001734	0.001422	0.002005	0.001849	0.001543	0.001717	0.00136	0.001277	0.001558	0.001876	0.001223	0.001614	0.001302	0.001769	0.001284	0.001237	0.001624	0.001594	0.001596	0.001154	0.0006875	0.001126	0.001496	0.001503	0.001259	0.001258	0.001399	0.00108	0.001423	0.001001
986.784	10133.93	0.001498	0.001283	0.001361	0.001401	0.001405	0.001472	0.001449	0.001297	0.00119	0.001414	0.001302	0.001275	0.0007072	0.001476	0.001051	0.0009664	0.001392	0.0008117	0.001218	0.0009932	0.001234	0.001026	0.0007494	0.001392	0.001167	0.0009067	0.00094	0.0007068	0.0003609	0.001038	0.0007734
987.361	10128.01	0.001047	0.001056	0.0012	0.0009769	0.001213	0.001189	0.0007536	0.0007156	0.0006816	0.0003598	0.0009285	0.001185	0.0005606	0.0008229	0.0006142	0.0005442	0.0006202	0.0009861	0.0005741	0.0004655	0.0007534	0.0007375	0.0002278	0.0008523	0.0006919	0.0002235	0.0005693	0.000211	0.0001976	0.0005012	0.0004625
987.938	10122.10	0.000733	0.0009981	0.001343	0.001187	0.001721	0.00157	0.0007895	0.0008189	0.0003502	0.0006313	0.000753	0.001027	0.0007503	0.0007277	0.0008196	0.0007218	0.0007079	0.0008728	0.0006836	0.0008902	0.0006258	0.0005586	0.000542	0.0004046	0.0006303	0.0001506	0.00037	0.0005392	0.0005078	0.0005817	0.0004674
988.514	10116.19	0.0008411	0.001634	0.001605	0.001401	0.001622	0.001472	0.0009569	0.0007427	0.0007182	0.0009376	0.001078	0.0008743	0.001082	0.001119	0.0006518	0.001112	0.0008969	0.0008685	0.00118	0.001015	0.001065	0.001061	0.0008961	0.0007396	0.0005711	0.001018	0.0004548	0.001175	0.0005647	0.0006103	0.0005729
989.091	10110.29	0.0008078	0.0007822	0.001095	0.00126	0.0007485	0.0008945	0.0004328	0.0005415	0.0006691	0.0003225	0.0003054	0.0005623	0.0006369	0.0003685	0.0007994	0.0003075	0.0007209	0.000313	0.0002994	0.0002895	0.0008526	0.0005059	0.0006387	0.0003672	0.0003086	0.0007592	0.0002835	0.0006493	0.0004603	0.0001622	-0.0004289
989.668	10104.40	0.0009292	0.0008343	0.0009701	0.001243	0.0007077	0.0008714	0.0009974	0.0005736	0.0006345	0.0002702	0.0007393	0.0005778	0.0003752	0.0003804	0.0004014	2.18E-5	0.0005968	0.0002699	0.0004304	0.0001433	0.0004026	0.0002294	0.0007184	0.0002074	0.0003772	0.000389	0.000343	0.0003353	-0.0001287	0.0003863	-5.065E-5
990.245	10098.52	0.000722	0.0008448	0.001287	0.001713	0.001435	0.0005774	0.001163	0.0008428	0.0001833	0.0005744	0.0007463	0.0004135	0.0002662	0.0003802	0.0005171	9.489E-5	0.0004056	0.000876	0.0005289	0.0003108	0.0004474	-1.564E-5	0.0003886	0.0001894	0.0003637	0.000126	0.0001428	0.0005161	6.371E-5	0.0003145	0.0003414
990.821	10092.64	0.001602	0.002048	0.002158	0.002055	0.001844	0.001233	0.001718	0.001704	0.001584	0.001554	0.001557	0.00134	0.001338	0.001883	0.00129	0.001453	0.001536	0.001483	0.001496	0.001437	0.00107	0.0004809	0.001298	0.00109	0.0007795	0.0009461	0.001034	0.001311	0.0006725	0.0009918	0.001023
991.398	10086.77	0.001507	0.001534	0.001226	0.002135	0.001443	0.001161	0.001528	0.001945	0.001332	0.001451	0.001399	0.001541	0.001454	0.001522	0.001086	0.001826	0.0009896	0.001693	0.0009834	0.001497	0.0009462	0.0007614	0.00129	0.001199	0.000642	0.0009111	0.0009692	0.0006719	0.0009197	0.0008477	0.0004013
991.975	10080.90	0.001318	0.001351	0.001167	0.001208	0.00133	0.0006027	0.0007689	0.001454	0.001057	0.001202	0.001494	0.001292	0.001423	0.000737	0.0006977	0.00162	0.001153	0.0009984	0.00113	0.0008196	0.001365	0.0003666	0.0003752	0.0009454	0.0009261	-3.267E-7	0.0003768	0.00119	0.0008257	0.0002867	0.0007327
992.551	10075.05	0.0005408	0.0007334	0.000901	0.001001	0.0004901	0.000284	0.0005017	0.0005237	2.245E-5	0.0001839	0.0004665	0.0007013	0.000156	-0.0001497	0.0002513	0.0006688	0.000527	0.0004276	0.001094	0.0007129	0.0003487	0.0006888	0.0002831	0.0007156	0.0001985	0.000431	0.0003489	0.0004781	-0.00027	8.677E-5	0.0003852
993.128	10069.19	0.001363	0.0009296	0.001036	0.001351	0.00143	0.001048	0.001006	0.000363	0.00071	0.001319	0.001317	0.0006494	0.0007123	0.0009156	0.0009056	0.001327	0.0008619	0.001083	0.0003708	0.001194	0.001129	0.0007754	0.000756	0.0002522	0.0008233	0.001248	0.0003755	0.0005818	-3.153E-5	0.0009006	0.0004626
993.705	10063.35	0.0007629	0.0002918	0.0008798	0.0006348	0.000929	0.001009	0.0007637	0.000895	0.0005433	0.0005341	0.0003908	4.15E-5	0.0006386	0.0008612	0.0002524	0.001105	0.0006697	0.0004423	0.0006907	0.001048	0.0009662	0.0004851	0.0005948	0.0001834	-5.023E-5	0.0005367	0.0005693	0.000498	-9.584E-5	0.0003329	0.0004087
994.282	10057.51	0.001074	0.001556	0.0005192	0.001088	0.0009109	0.0002148	0.0006142	0.0007929	0.001004	0.0009203	0.0001743	0.001289	0.001032	0.0004022	0.0008605	0.0008302	0.001108	0.00123	0.001162	0.0005615	0.0003096	0.0004913	0.0001869	0.0006482	0.0006167	0.0004354	0.0008664	0.0009027	0.000829	0.0006459	0.0003691
994.858	10051.68	0.0003596	0.0005617	0.0006741	0.0008688	0.0004766	0.0006806	2.165E-5	0.0001807	-7.531E-5	0.0006452	7.885E-5	-0.000283	-0.0006715	-0.0006511	-0.0003111	0.0001421	-0.0004923	-9.508E-5	0.0001072	-0.000123	0.000298	-0.0001064	0.0002443	6.695E-6	8.798E-5	-0.0007839	-0.000276	0.0002756	-0.0007783	-9.252E-5	-0.0002349
995.435	10045.86	0.0005131	0.0003792	0.0004254	0.0009229	0.001073	0.0005639	0.0005417	0.0001316	0.0009589	0.0006547	0.0002946	3.285E-5	0.0005501	0.0003915	0.0006382	2.324E-5	-3.426E-5	5.063E-5	0.0001291	-6.118E-5	0.0001057	0.0007186	-2.411E-5	-1.367E-5	0.0007369	-9.478E-5	0.0003466	0.0007449	-0.0002572	-0.0002436	0.0001155
996.012	10040.04	0.001426	0.0003891	0.001285	0.0009109	0.0007963	0.001075	0.0005275	0.0003422	0.000461	0.000478	0.0008897	0.0004161	0.0003116	0.000224	0.0003426	0.0006793	9.225E-5	0.0001188	-0.0001424	0.0001361	-0.0004332	0.0001007	0.0001308	-9.517E-5	0.001104	3.673E-5	6.622E-5	0.0002138	-2.726E-5	-0.0004086	-0.0003822
996.588	10034.23	0.001119	0.0006784	0.0005382	0.0007372	0.0006654	0.0005318	0.0009208	0.0002545	0.0005908	0.0003029	-0.0001306	0.0004838	0.0003445	0.0004126	1.874E-6	0.0003287	-8.281E-5	-0.0005573	0.0005757	0.0001895	-0.00013	0.0004412	0.0002905	0.0004392	0.0006633	2.224E-5	0.0003524	9.427E-5	-8.872E-5	-0.000241	0.0001236
997.165	10028.43	0.0007547	0.0003596	0.0007401	0.001059	0.0007928	0.0009674	0.0008731	0.0005674	0.0006535	0.0005295	0.0003905	0.0005853	0.0003848	0.0004981	0.0006919	-0.0003064	0.0003727	8.664E-5	0.00101	0.000293	0.0003902	0.0003957	0.0009978	0.0002686	0.0001218	0.000234	0.0001448	0.0002425	-0.0001907	-0.0002186	0.0002611
997.742	10022.63	0.001323	0.0004851	0.0006633	0.001038	0.001185	0.0009315	0.0008664	0.0005251	0.0004566	0.0003041	0.0007427	0.0006398	0.0008662	4.612E-5	0.0009657	0.0005619	0.000696	0.0004607	0.0007178	0.0005642	0.0005744	0.000619	0.0008394	2.535E-5	0.0008469	0.0002263	0.0006014	0.0005133	0.0009004	0.0008066	0.0001595
998.318	10016.84	0.001047	0.001406	0.001388	0.001577	0.001342	0.000995	0.001206	0.001419	0.000983	0.001126	0.0009977	0.001134	0.001398	0.0009211	0.001002	0.001373	0.000923	0.001161	0.001369	0.001262	0.001282	0.000858	0.001191	0.0005994	0.0009679	0.0007365	0.0006081	0.001324	0.001325	0.0005637	0.0009767
998.895	10011.06	0.00185	0.001323	0.001398	0.001854	0.001387	0.001315	0.001586	0.001748	0.001306	0.001303	0.001657	0.001367	0.001396	0.001809	0.001623	0.001471	0.002039	0.00138	0.001569	0.001481	0.001489	0.001005	0.001681	0.001392	0.001319	0.001363	0.001	0.001732	0.0008423	0.001266	0.0008013
999.472	10005.28	0.002132	0.001337	0.001307	0.001732	0.001301	0.001311	0.001934	0.001861	0.001389	0.001524	0.002069	0.001714	0.001956	0.001826	0.001833	0.00132	0.002102	0.001606	0.001638	0.001635	0.001329	0.001348	0.002328	0.001479	0.001407	0.001653	0.001507	0.001558	0.001353	0.001459	0.0009473
1000.049	9999.51	0.001798	0.001356	0.001995	0.001759	0.001703	0.001644	0.001993	0.001788	0.001706	0.00204	0.00221	0.00227	0.001571	0.00163	0.001925	0.001503	0.001687	0.001847	0.001912	0.001678	0.001729	0.001721	0.002317	0.001217	0.001311	0.001358	0.001535	0.001397	0.001215	0.00114	0.001521
1000.625	9993.75	0.001861	0.001372	0.001891	0.001773	0.001684	0.002237	0.001947	0.002069	0.002047	0.00183	0.002228	0.001797	0.001739	0.001899	0.001773	0.001302	0.001693	0.001849	0.001772	0.001717	0.001621	0.001664	0.001751	0.001787	0.001071	0.001588	0.00137	0.001563	0.001428	0.001472	0.001405
1001.202	9987.99	0.001622	0.001043	0.001407	0.001559	0.001221	0.001846	0.001647	0.001534	0.002193	0.001948	0.001749	0.001467	0.001759	0.001284	0.001464	0.0008541	0.00185	0.001672	0.001612	0.001668	0.0007718	0.0009256	0.001645	0.001595	0.0008756	0.001482	0.001215	0.001057	0.001368	0.0009679	0.0008925
1001.779	9982.24	0.001934	0.00121	0.001345	0.001594	0.001073	0.001332	0.001837	0.001197	0.001606	0.001894	0.001684	0.001765	0.001719	0.001423	0.001684	0.001161	0.001497	0.00162	0.001702	0.001801	0.001041	0.001059	0.002166	0.001513	0.0008953	0.001409	0.001076	0.0006029	0.001533	0.001059	0.0007677
1002.355	9976.50	0.001453	0.001525	0.001369	0.001442	0.001234	0.001661	0.001325	0.0008798	0.001603	0.001977	0.001776	0.001454	0.001874	0.00104	0.001778	0.001214	0.001326	0.001497	0.001199	0.001296	0.00156	0.001347	0.001411	0.001225	0.001031	0.001576	0.001294	0.001181	0.00108	0.001527	0.0009951
1002.932	9970.76	0.001228	0.001084	0.0005614	0.001392	0.001134	0.0009181	0.0007808	0.0007146	0.001233	0.001549	0.001381	0.001083	0.001157	0.0008123	0.001118	0.001174	0.001023	0.001013	0.0009717	0.0008155	0.001626	0.001741	0.001017	0.001065	0.001204	0.0007306	0.0008788	0.0007781	0.001012	0.0007381	0.0006091
1003.509	9965.03	0.001149	0.0003889	0.0009658	0.001511	0.001203	0.0007651	0.001764	0.001175	0.001429	0.001346	0.001047	0.0009131	0.001473	0.0002812	0.0007825	0.001209	0.001359	0.001058	0.000876	0.001074	0.0008853	0.001293	0.0007152	0.0008553	0.0005911	0.0005032	0.0001158	0.0005072	0.0005806	0.001031	0.0003649
1004.086	9959.31	0.0009049	0.0004298	0.0009246	0.001412	0.001661	0.001086	0.001036	0.0004896	0.0007788	0.0009993	0.0009713	0.0007539	-8.424E-5	0.0004273	0.0004574	0.0005653	0.001198	0.0001167	0.0004297	0.000692	0.0005228	0.0004785	0.000162	0.0008288	-0.0002379	0.0007347	0.000317	0.0003477	0.0002154	0.0002759	-0.0001479
1004.662	9953.59	0.00165	0.001329	0.0009641	0.0006819	0.001564	0.00194	0.001153	0.001708	0.001609	0.001652	0.00169	0.000861	0.00111	0.0007973	0.001326	0.0004263	0.001359	0.001037	0.001535	0.001081	0.001036	0.001019	0.0005714	0.001448	0.0007349	0.001201	0.0007971	0.0006415	0.001093	0.0008598	0.001017
1005.239	9947.88	0.002432	0.002009	0.002209	0.001434	0.002523	0.001739	0.001259	0.001355	0.002007	0.00125	0.001274	0.001028	0.001065	0.001409	0.001103	0.0006103	0.001228	0.001569	0.001248	0.0008297	0.0008854	0.001675	0.0009005	0.001027	0.0006853	0.001019	0.0005519	0.0003823	0.001099	0.0005522	0.0004774
1005.816	9942.18	0.002118	0.001171	0.0009479	0.0006229	0.000211	0.0006927	0.0005461	-3.544E-5	0.000863	0.0009109	0.0005135	0.0003764	0.001195	0.0004714	0.0002984	0.0003846	0.00047	0.000574	5.373E-5	0.0002972	0.0004048	0.0002311	0.0001307	0.0006706	-0.0001673	0.0006445	-0.000327	0.0003484	0.0002949	0.0003255	-0.0002001
1006.392	9936.48	0.001715	0.001512	0.001758	0.001391	0.0007263	0.001373	0.00254	0.001862	0.001527	0.001354	0.002038	0.001612	0.002199	0.0005913	0.001659	0.001883	0.001039	0.001338	0.001183	0.0006317	0.002239	0.001814	0.001533	0.001632	0.001456	0.001011	0.001487	0.0009654	0.0009521	0.0006469	0.000927
1006.969	9930.79	-7.748E-5	0.000552	0.001125	0.0006247	-7.902E-5	0.0008248	0.0004165	0.0006428	0.0009199	7.772E-5	0.0004043	0.0005998	6.193E-5	0.0007148	0.0005893	0.001297	-0.0002565	0.001055	0.0006709	0.0009471	0.0002182	0.0002832	0.0006853	0.0001351	0.0004033	0.0001807	0.0005071	-0.0002569	0.0006107	0.000555	-0.0005396
1007.546	9925.11	0.000367	-0.0001403	0.0001247	0.0003951	0.0004237	-0.0004153	-0.0002108	0.0004265	0.0007503	0.000401	0.0006793	0.0006048	0.0001265	-3.183E-5	-1.402E-6	-2.583E-5	-0.000295	0.0005221	0.00071	-0.0001885	9.379E-5	-0.0001543	0.0003247	-0.000334	0.0003587	0.0001471	0.0006285	-4.461E-5	0.0003619	-0.0001128	-0.0004193
1008.123	9919.43	0.0007352	0.0008684	0.000699	0.001018	0.00071	0.001126	0.001046	0.0006903	0.001322	0.0005181	0.001374	0.0005255	0.0006726	0.0007787	0.0002302	0.0002609	0.0008223	0.0004164	0.0007543	0.0007077	9.524E-5	0.0006227	0.0003872	0.001029	0.0005537	0.0003282	0.0002998	7.41E-5	6.42E-5	-0.0006102	0.0005447
1008.699	9913.76	0.0006891	0.0009084	0.0007661	0.001181	0.0002254	0.0008368	0.0006085	0.0005861	0.0009119	5.932E-5	0.0004074	0.0004058	0.0008596	0.0008004	0.0003925	0.0001963	0.0006896	-0.0001392	0.00065	0.001222	0.0002735	2.212E-5	0.0005594	0.000588	0.0002576	1.982E-5	0.0009925	0.0002077	3.817E-5	-0.000196	9.424E-5
1009.276	9908.09	0.001363	0.0008538	0.0001432	0.000887	0.00138	0.0005094	0.001078	0.0007327	0.0005292	0.0004466	0.0008102	0.0005291	0.0001039	0.0006251	0.0006289	-2.009E-5	-7.441E-5	4.313E-5	0.0004775	0.00108	9.541E-5	-0.0002011	0.0004013	0.0006726	0.0005926	0.0008853	0.0004941	0.0006393	-0.0001008	6.979E-5	-0.0001256
1009.853	9902.43	0.001111	0.001507	0.001119	0.000736	0.0007757	0.0008354	0.0007781	0.000279	0.0002899	0.0007446	0.0007102	0.0005899	-0.0001331	0.0002533	0.0008885	0.0003891	-0.0005431	0.0003929	0.0004261	0.0002988	-0.0001968	0.0003288	0.000453	0.000578	0.0001056	0.0007176	-8.285E-5	0.0002525	-0.0002967	-0.0003977	0.0003393
1010.429	9896.78	0.0009547	0.0006036	0.0008438	0.000915	0.0006228	0.001297	0.0006117	0.0007912	0.0007395	0.0008158	0.0006435	5.597E-5	0.0007162	0.0004826	0.0007789	0.0004209	0.0001422	-0.0001934	-2.994E-5	0.0001505	0.0001951	0.0001842	5.715E-5	0.0001731	-6.237E-5	0.0002996	0.0002359	0.0001752	0.0003203	9.818E-5	0.0004421
1011.006	9891.14	0.001168	0.0005566	0.0008418	0.0007758	0.0009274	0.0007718	0.0008315	0.0002974	0.0007094	0.0006702	0.001039	1.52E-5	0.0006279	0.0008076	1.724E-5	0.0009671	0.0004953	0.0001277	0.0004464	0.0003839	0.0003789	0.0005176	0.0005717	0.0003161	0.0002366	-5.551E-5	0.0001138	0.0004143	0.0004231	5.683E-5	0.0004312
1011.583	9885.50	0.0003405	0.0005564	0.0005043	0.0003918	0.00088	0.0001185	0.0004128	0.0001032	0.0004064	0.0005897	0.0007143	0.0003983	0.0001207	9.593E-5	-8.971E-5	0.0007287	5.979E-5	0.0007813	0.0004934	0.0004382	0.0003511	1.694E-5	0.0001664	0.0002329	6.415E-5	-0.000237	-1.315E-5	3.81E-6	-0.0003636	0.0003472	-0.000208
1012.160	9879.87	0.0008277	0.001452	0.001333	0.0008447	0.0017	0.001283	0.001523	0.0008596	0.001478	0.001926	0.001318	0.001548	0.001442	0.001107	0.001344	0.001289	0.001329	0.001689	0.001111	0.0009602	0.000922	0.001367	0.001276	0.0008161	0.0008276	0.0009142	0.0009783	0.000759	0.0007032	0.001128	0.0009392
1012.736	9874.24	0.001747	0.001347	0.001444	0.001803	0.001927	0.00181	0.00165	0.001111	0.00161	0.002119	0.001458	0.001714	0.001722	0.001522	0.001342	0.001338	0.001743	0.001321	0.001307	0.00133	0.001174	0.001593	0.001454	0.001155	0.001049	0.001085	0.001943	0.000994	0.001181	0.0008927	0.00112
1013.313	9868.62	0.001252	0.0005864	0.0009378	0.001039	0.0009555	0.0007699	0.001214	0.001015	0.0006117	0.0009045	0.001218	0.0008198	0.0007657	0.000571	0.001138	0.0009761	0.001068	0.0008663	0.0006221	0.0007783	0.0006142	0.0007039	0.0004983	0.0008514	0.0007022	0.0006124	0.001113	0.0003619	0.0004121	0.0002828	0.0007858
1013.890	9863.01	0.0006051	0.0001055	0.0004474	0.000337	0.0004604	0.0006913	0.0009548	0.0005002	0.0001467	0.0004137	0.0004013	0.0008172	0.0008081	0.0005007	0.0005032	0.0006961	5.267E-5	0.0006146	0.0005936	0.0006777	0.0006107	0.0003667	3.084E-5	0.0005863	0.0004907	0.0005081	0.0006293	-0.0001337	0.0006084	-0.000206	0.0004829
1014.466	9857.40	0.000885	0.0004632	0.0004606	0.0008932	0.0007902	0.0009029	0.0002996	1.489E-5	0.000234	0.0007421	0.0005411	0.001197	0.001173	0.0005883	0.0003526	0.0004195	0.0009068	0.0008675	0.0005308	0.0007614	8.097E-5	0.0005544	0.0001954	0.000368	0.0003548	0.0002894	0.0006436	0.0001139	0.0003026	-7.312E-5	0.0004426
1015.043	9851.80	0.001164	0.0004669	0.0008342	0.0007573	0.0009772	0.001279	0.001066	0.0001884	0.0005597	0.001327	0.0007838	0.001292	0.00104	0.0005834	0.0006511	0.000794	0.0008875	0.0001874	0.0006228	0.0009	0.0005717	0.001273	0.001286	0.000321	0.0005818	0.0004543	0.0006736	0.0006555	0.0007534	0.0003239	0.0004425
1015.620	9846.20	0.001316	0.001275	0.001078	0.001202	0.001096	0.002058	0.0009826	0.001283	0.0009221	0.001156	0.0009005	0.0003438	0.001339	0.001042	0.001151	0.001323	0.00155	0.0008744	0.001198	0.0008621	0.001059	0.001056	0.001441	0.0009218	0.0005497	0.0004286	0.0007617	0.0001993	0.000119	0.0004244	0.0004253
1016.196	9840.62	0.001472	0.001173	0.0009931	0.001572	0.001154	0.001155	0.001493	0.001573	0.001063	0.0009644	0.0007126	0.0009264	0.001555	0.001211	0.001403	0.0008488	0.001107	0.0009592	0.0009177	0.001659	0.00106	0.0009327	0.001026	0.0003057	0.0006838	0.0003106	0.0011	0.0004844	0.000299	0.0006093	0.0003189
1016.773	9835.04	0.00168	0.001682	0.001465	0.001764	0.001101	0.001368	0.001388	0.001559	0.001503	0.001121	0.001353	0.001239	0.0013	0.001441	0.0009178	0.001184	0.001337	0.001194	0.00072	0.0006556	0.0006496	0.0007797	0.001033	0.0009213	0.00138	0.001023	0.0007299	0.001476	0.0007522	0.0003749	0.0003102
1017.350	9829.46	0.001535	0.001564	0.001142	0.0007184	0.001021	0.001497	0.001281	0.002295	0.001451	0.001352	0.0015	0.001742	0.001454	0.001097	0.001206	0.000726	0.001637	0.001032	0.001308	0.0006006	0.0009229	0.0007822	0.001045	0.0007785	0.0007947	0.000933	0.0002042	0.0002261	0.0005678	0.000651	0.0008488
1017.927	9823.89	0.001447	0.0007232	0.001719	0.0009183	0.001084	0.0004915	0.0009356	0.001166	0.001472	0.001214	0.001524	0.001525	0.001222	0.0006199	0.001057	0.0002733	0.001372	0.001009	0.0003829	0.0003743	0.0006768	0.0009561	0.001328	0.0008308	0.0006981	0.0006861	0.0002528	0.0008423	0.0004726	0.0002542	0.0006218
1018.503	9818.33	0.001164	0.0001745	0.00132	0.001091	0.0002683	0.0007196	0.001108	0.000987	0.0003361	0.0007498	0.001513	0.001742	0.0009088	0.001303	0.0009478	0.000805	0.00098	0.000469	0.001474	0.001096	0.0009817	0.001152	0.0002867	0.001214	0.000466	0.0003661	0.0006826	0.0004791	-0.0001624	5.212E-5	0.0004926
1019.080	9812.77	0.001608	0.001941	0.001325	0.0009043	0.001361	0.001404	0.001464	0.000166	0.001467	0.001115	0.00168	0.001514	0.001302	0.001275	0.0006036	0.001641	0.001267	0.001664	0.001989	0.001952	0.0009138	0.0008805	0.0005396	0.0005097	0.0002788	0.001111	0.001047	0.0009889	0.0003842	0.0009179	0.0007351
1019.657	9807.22	0.001581	0.001253	0.001028	0.001419	0.001523	0.001167	0.0009663	0.001617	0.001534	0.001533	0.001915	0.001097	0.001371	0.001819	0.001157	0.001814	0.001547	0.0008036	0.001579	0.001402	0.0009514	0.001483	0.00141	0.001555	0.001216	0.001161	0.002026	0.001746	0.0008419	0.001244	0.001383
1020.233	9801.68	0.001575	0.001069	0.002005	0.001301	0.00189	0.001698	0.001402	0.001923	0.001068	0.001506	0.001765	0.001494	0.001419	0.001524	0.001915	0.002211	0.001997	0.002058	0.0015	0.001799	0.001163	0.001625	0.0009611	0.001659	0.001213	0.001276	0.001307	0.001168	0.001342	0.00151	0.001305
1020.810	9796.14	0.001093	0.001291	0.001161	0.0003839	0.00116	0.001065	0.0009745	0.0006901	0.0005098	0.001045	0.0008431	0.0009812	0.0006718	0.0007512	0.0008061	0.0007586	0.0008978	0.001081	0.001219	0.0005112	0.001093	0.0001679	0.0003055	0.0008506	0.0009733	0.000369	0.0009	0.0003445	0.0006875	0.0007424	0.0005003
1021.387	9790.61	0.001657	0.001212	0.001707	0.001129	0.001365	0.0014	0.001361	0.001569	0.001664	0.001284	0.001451	0.001846	0.001324	0.002161	0.002181	0.0007588	0.001193	0.001113	0.001141	0.001102	0.001684	0.001253	0.001533	0.0007938	0.0003392	0.0009283	0.00164	0.000921	0.001441	0.0006303	0.0008691
1021.964	9785.08	0.0009773	0.0009301	0.0008854	0.001153	0.001775	0.0008617	0.001381	0.001563	0.001398	0.0004091	0.001277	0.001612	0.0009503	0.001081	0.001562	0.0006862	0.0008201	0.0009314	0.001218	0.001269	0.001056	0.0007802	0.001053	0.0005459	4.234E-5	0.000728	0.001042	0.0006061	0.0002944	0.0009968	0.000429
1022.540	9779.57	0.000801	0.0003458	0.0004323	0.0008729	0.001303	0.0008584	0.001028	0.001248	0.001176	0.0007435	0.00119	0.001189	0.0008935	0.0006379	0.001244	0.0003215	0.001365	0.001062	0.0009205	0.001371	0.001324	0.000545	0.0009255	0.000642	0.0007996	0.0002808	0.001221	0.0008638	0.0004527	0.0008577	0.0004376
1023.117	9774.05	0.001396	0.001414	0.001471	0.001369	0.001817	0.001389	0.002075	0.001648	0.001341	0.0013	0.002156	0.001765	0.001786	0.001533	0.001534	0.001483	0.001755	0.001657	0.001598	0.001206	0.001535	0.001437	0.00155	0.001457	0.001747	0.00114	0.001502	0.001355	0.0009167	0.000728	0.001084
1023.694	9768.55	0.0006995	0.0008034	0.00142	0.001446	0.00156	0.001011	0.001437	0.001127	0.0007396	0.0005021	0.001827	0.001322	0.001313	0.001386	0.00117	0.0007299	0.001367	0.001437	0.001079	0.0006764	0.0007663	0.0008511	0.0009017	0.0008296	0.0008492	0.0005145	0.0007693	0.0008519	0.001241	0.0003788	0.0006515
1024.270	9763.05	0.0009679	0.001043	0.0006614	0.0015	0.001506	0.001162	0.001323	0.001471	0.0006002	0.0005097	0.001169	0.001001	0.00146	0.00128	0.0007475	0.0009544	0.001379	0.001307	0.0009423	0.0007761	0.0006591	0.0007629	0.0008796	0.0009422	0.0004225	0.0004548	0.0007367	0.0008758	0.0009145	0.000112	0.0004087
1024.847	9757.55	0.001301	0.0009317	0.0006488	0.0009333	0.001116	0.001438	0.001002	0.001312	0.0008222	0.001411	0.00122	0.001295	0.001473	0.001285	0.0007388	0.0012	0.001245	0.001029	0.001283	0.00109	0.0006081	0.001122	0.0007998	0.0009294	0.0006934	0.001028	0.0009485	0.001024	0.000688	-0.0002042	0.001287
1025.424	9752.07	0.001088	0.001031	0.0009658	0.0006951	0.0001024	0.0008248	0.001275	0.0009357	0.0008301	0.0007284	0.001206	0.0008487	0.0008524	0.0009668	0.0007736	0.0009791	0.001196	0.001091	0.001229	0.0008544	0.0004988	0.0004848	0.0007242	0.001037	0.0001528	0.001207	0.001243	0.0003958	0.0003662	1.626E-5	0.001052
1026.001	9746.58	0.001026	0.0008016	0.0008598	0.0008814	0.0002602	0.0002728	0.001221	0.0002134	0.0005444	0.0009296	0.0009914	0.0004552	0.0004379	0.0007393	0.0007394	0.0007697	0.001122	0.0005137	0.0005384	0.0004311	0.0004724	-9.495E-5	0.0008254	0.0005724	0.0006611	0.0007083	0.0004377	0.0002759	0.0005213	0.000399	0.0004761
1026.577	9741.11	0.00153	0.000729	0.001021	0.001507	0.001093	0.001018	0.0009669	0.0009129	0.0008981	0.001324	0.001189	0.0005105	0.001357	0.0009955	0.001256	0.0005251	0.001435	0.000679	0.001392	0.0009283	-2.172E-5	0.0009551	0.001109	0.000711	0.001167	0.0007508	0.0009718	0.0009171	0.0009567	0.0007256	0.0009675
1027.154	9735.64	0.0009052	0.0006111	0.001178	0.0009534	0.0006689	0.0007115	0.0007769	0.0005726	0.0004802	0.001267	0.001238	0.0002098	0.000419	0.0005187	0.001464	0.0009221	0.001233	0.0006967	0.0004034	0.001354	0.0007783	0.0008051	0.001497	0.0006023	0.0006424	0.0006615	0.0005441	0.000288	0.0006027	0.000269	0.0003066
1027.731	9730.18	0.001206	0.001208	0.001904	0.001152	0.001425	0.001642	0.001366	0.0009553	0.001162	0.001281	0.001231	0.0009278	0.0007904	0.00107	0.0008798	0.001838	0.001416	0.001186	0.001245	0.001182	0.001349	0.001391	0.001116	0.0012	0.001168	0.0006731	0.001404	0.0004358	0.0003977	0.0005192	0.001352
1028.307	9724.72	0.001767	0.001127	0.00215	0.001491	0.00198	0.001685	0.001156	0.001355	0.00153	0.00121	0.002207	0.0008762	0.00152	0.0007484	0.001412	0.001765	0.001547	0.001523	0.001842	0.001028	0.00103	0.0007609	0.001573	0.0009822	0.0009707	0.001535	0.00149	0.000802	0.000634	0.0001989	0.00101
1028.884	9719.27	0.001144	0.001425	0.0007354	0.0003023	0.001033	0.001315	0.001062	0.0006341	-7.742E-5	0.0006812	0.001652	0.0002353	0.0006784	0.000683	0.0008668	0.0001491	0.0004818	0.0002471	0.0006548	-0.000951	0.001484	0.0002529	0.0007737	-0.0001561	0.001732	-0.0003863	-0.0001159	-0.0006166	-1.894E-5	-8.928E-5	0.000731
1029.461	9713.82	0.002922	0.001712	0.002617	0.002254	0.002712	0.002437	0.002921	0.00127	0.001471	0.001775	0.001559	0.001677	0.002012	0.002034	0.001731	0.00137	0.002116	0.002305	0.001853	0.002158	0.002115	0.001394	0.001182	0.001014	0.002047	0.001127	0.0013	0.0007698	0.001453	0.0008934	0.001291
1030.037	9708.38	0.002179	0.001583	0.002548	0.001509	0.0006725	0.00179	0.001466	0.001871	0.001774	0.0007431	0.0005873	0.002223	0.002358	0.00108	0.0009922	0.0008813	0.0009763	0.001212	0.002156	0.001044	0.001291	0.001124	0.001007	0.0008862	0.0008302	0.0008715	0.0002909	0.0006582	0.001376	0.0004004	0.001097
1030.614	9702.95	0.001594	0.001573	0.001649	0.001815	0.001622	0.002152	0.002672	0.001746	0.001686	0.001353	0.00226	0.002654	0.001444	0.001676	0.002328	0.001176	0.002367	0.00175	0.00169	0.001272	0.001918	0.001676	0.001668	0.001161	0.00154	0.001639	0.001591	0.00224	0.0009736	0.0017	0.001365
1031.191	9697.53	0.001238	0.001102	0.001133	0.000326	0.001177	0.001128	0.0009736	0.0002332	0.0005291	0.0009857	0.000988	0.001024	0.0006549	0.0005715	0.001041	0.0006231	0.001078	0.0006925	0.001212	-3.707E-5	0.0006586	0.0008846	0.0006571	0.0009443	0.0005381	-0.0002003	4.465E-5	0.0003663	-2.508E-5	-0.0001033	0.0005242
1031.768	9692.10	0.0007228	0.001318	0.001314	0.0009778	0.00136	0.001588	0.001738	0.001406	0.0006571	0.001599	0.0009135	0.001854	0.001304	0.0008854	0.0008994	0.0004665	0.0008831	0.00168	0.001386	0.001072	0.0008936	0.001188	0.001257	0.0008139	0.0009808	0.0005107	0.0008734	0.0004648	0.000635	0.0003166	0.0009498
1032.344	9686.69	0.001355	0.0004012	0.0007196	0.001145	0.0006825	0.001318	0.00142	0.0007549	0.001266	0.001863	0.0007099	0.001039	0.001145	0.0008465	0.0006896	0.00124	0.001048	0.0009825	0.001432	0.0009923	0.0007114	0.0008988	0.0006972	0.0008338	0.0003994	0.0006116	0.0007858	0.0009916	0.0003	0.0005301	0.0003001
1032.921	9681.28	0.002813	0.0022	0.001603	0.002463	0.001445	0.001273	0.001582	0.002155	0.002065	0.002642	0.001733	0.001844	0.002503	0.0009887	0.00211	0.002112	0.001833	0.0017	0.00229	0.00143	0.00193	0.001982	0.001683	0.001533	0.001032	0.001322	0.001802	0.001408	0.002134	0.001279	0.001474
1033.498	9675.88	0.0009066	0.00154	0.001339	0.001228	0.0009182	0.0008054	0.0003335	0.001014	0.001696	0.0008271	0.0003987	0.001645	0.001141	0.001151	0.001215	0.00124	0.000898	0.000956	0.0005555	0.0005793	0.001127	0.000949	0.0008083	0.0009844	0.0001674	0.0008907	0.0003777	0.0005412	0.001571	0.0004529	0.0007091
1034.074	9670.48	0.001322	0.001549	0.001673	0.001973	0.001334	0.0004108	0.0009034	0.001355	0.001709	0.00154	0.0009325	0.001608	0.001392	0.001725	0.001494	0.00109	0.001469	0.0009547	0.00121	0.001602	0.00153	0.0009604	0.001294	0.001451	0.0007756	0.0006486	0.001106	0.0009785	0.0009776	0.001117	0.001255
1034.651	9665.09	0.001571	0.00162	0.001436	0.00146	0.00129	0.0009398	0.0007499	0.001112	0.0007942	0.001001	0.001913	0.00057	0.001388	0.00112	0.0001096	0.001198	0.0005852	0.0003834	0.0008344	0.00106	0.0007897	0.001053	0.0005925	0.001353	0.001096	9.839E-5	0.0004009	0.0006941	0.001146	0.0009092	0.0005803
1035.228	9659.71	0.001479	0.001563	0.0009022	0.00142	0.001072	0.001391	0.0007423	0.001356	0.0004879	0.0006299	0.001305	0.0007034	0.0009129	0.001533	-2.937E-5	0.00064	0.000505	-0.0003743	0.0007369	0.0004935	-3.703E-6	0.0008027	0.0005791	0.0008224	0.0002934	-0.0006657	-0.0003462	0.0005492	0.0001692	0.000576	0.000471
1035.805	9654.33	0.001865	0.00131	0.001241	0.001878	0.00157	0.002041	0.001554	0.001667	0.001125	0.001744	0.0014	0.001503	0.001641	0.00137	0.001079	0.001468	0.001365	0.0006757	0.001365	0.001468	0.0005268	0.0007407	0.001063	0.0009968	0.001045	0.0002931	0.001242	0.001129	0.0005999	0.0007911	0.0009508
1036.381	9648.96	0.002095	0.001643	0.002478	0.002281	0.001778	0.002	0.002889	0.001767	0.001954	0.001731	0.002278	0.002018	0.001478	0.001538	0.001361	0.00164	0.001392	0.00166	0.001837	0.001664	0.001295	0.0007142	0.001651	0.001344	0.001371	0.001419	0.002145	0.001502	0.0006938	0.001492	0.001092
1036.958	9643.59	0.00184	0.00129	0.002453	0.001933	0.001672	0.002161	0.002609	0.002058	0.001923	0.001042	0.001411	0.001611	0.0007797	0.001223	0.0009323	0.001081	0.0009951	0.0007434	0.001587	0.001125	0.00121	0.00123	0.001169	0.0008785	0.0001894	0.0008184	0.001701	0.000889	-0.0001289	0.000566	0.001239
1037.535	9638.23	0.001551	0.001077	0.002122	0.001246	0.0009715	0.001844	0.001265	0.001328	0.0007092	0.0003417	0.0008743	0.001332	0.001194	0.0004363	0.001104	0.0008745	0.0004468	0.0003724	0.001109	0.0004821	0.0002513	0.0006442	0.0007714	-0.0002828	0.0007655	-0.0003229	0.0005177	0.0002082	-0.0005434	0.000173	0.0006467
1038.111	9632.88	0.0005862	0.0009791	0.00109	0.001572	0.001023	0.0009841	0.0002843	0.0004806	0.0004218	0.0005245	0.0004823	0.0008192	0.0004462	0.0005992	0.001084	9.416E-5	0.0003141	0.0003267	0.0008025	-0.0007686	0.0007025	0.0002386	0.0005722	-0.0001064	0.001106	-0.0002601	-0.0004081	0.0005048	3.474E-5	4.918E-5	0.0001042
1038.688	9627.53	0.001006	0.001415	0.001121	0.001438	0.00176	0.001853	0.001447	0.0008571	0.000762	0.001074	0.001579	0.001269	0.001259	0.0007874	0.001034	0.000767	0.0009949	0.00104	0.0009919	0.0002895	0.000751	-0.0001019	0.0009273	0.0006912	0.001202	0.0006437	0.001184	0.0005105	0.0008882	-0.000399	0.0002958
1039.265	9622.19	0.0009786	0.001554	0.0006729	0.001744	0.001218	0.001581	0.001238	0.001539	0.0009354	0.0006961	0.001146	0.0009666	0.001233	0.0003476	0.001112	0.001439	0.001229	0.0009386	0.001746	0.001027	8.048E-5	-0.0001476	0.0008519	0.0007288	0.0007151	0.0004887	0.0006136	0.0001825	0.0003307	-0.0005769	-0.0004552
1039.842	9616.85	0.0007043	0.0007937	0.0009671	0.0009904	0.0007972	0.001561	0.0009794	0.0004809	0.001023	0.0007703	0.001221	0.0005025	0.0005013	0.0004719	0.0006669	0.0005371	0.001041	0.001094	1.626E-6	8.624E-5	-0.0001787	-8.87E-5	0.0006081	0.0001661	0.0009276	0.001065	0.0004916	-0.0002533	0.0002873	-0.0005005	-0.0001234
1040.418	9611.52	0.001808	0.001015	0.0006505	0.0008294	0.0009545	0.001374	0.001403	0.0003558	0.0001542	0.0001674	0.0004514	0.001052	0.001002	0.0008039	0.0007046	0.0004659	0.0005903	-1.888E-6	0.0008229	0.0005431	-0.0004022	0.001015	-0.0003977	0.0001859	-0.0001698	-0.0003958	-0.0003735	-5.627E-5	-0.0007059	0.0001594	-7.515E-5
1040.995	9606.19	0.001599	0.001947	0.002134	0.002815	0.001965	0.00231	0.001429	0.0007093	0.001712	0.00106	0.001092	0.0006213	0.00207	0.0008775	0.001104	0.00173	0.001754	0.0009074	0.00134	-0.0001481	-0.000234	0.001173	0.0009117	0.0008815	0.0008096	0.0009538	8.362E-5	-7.021E-5	0.001475	0.0004666	0.0007387
1041.572	9600.88	0.002016	0.0009793	0.0003385	0.001107	0.001158	0.001796	0.001744	0.0008909	0.0007463	0.001044	0.0003077	0.0001214	5.253E-5	4.422E-5	0.0009071	0.0007788	0.001424	-0.0001931	0.0003962	0.001811	0.0002006	0.0004338	1.636E-5	0.0009495	7.046E-6	0.0003688	-0.0004292	0.001211	0.0008005	0.001063	-0.0007848
1042.148	9595.56	0.001413	0.001911	0.000743	0.001417	0.0009707	0.0005531	0.0007666	0.001699	0.000111	0.001052	0.0005991	-0.0005715	0.0004423	0.0008158	0.0003475	-7.563E-5	0.0006172	-2.213E-5	0.0004247	0.000287	4.562E-5	-0.0005316	-0.0003733	-0.0002578	0.0001215	-0.0004636	-0.0002046	-4.639E-5	-0.0007877	-0.0003084	4.767E-5
1042.725	9590.26	0.0009221	0.0008418	0.001236	0.001212	0.0002191	0.001062	0.0004063	8.683E-5	-0.000385	0.0003169	0.0001114	-0.0005484	0.001004	-1.199E-5	0.000625	0.0004037	0.001097	1.42E-6	-0.0008756	3.751E-5	-0.0003778	-0.0003979	-0.0006801	0.001064	-0.0005555	0.0001149	0.000518	-0.0001418	-0.0003892	8.191E-5	-0.0002943
1043.302	9584.95	0.0001186	0.001021	0.0004449	0.001108	-0.0002093	0.0008568	-0.000515	-5.224E-5	0.0002283	0.000572	6.3E-5	0.000136	0.0005987	-8.727E-5	6.411E-5	0.000218	0.0002524	-0.0001582	-0.0009863	-4.155E-5	-0.0006905	-0.0007325	-0.0003112	-0.0008608	-0.0008264	-0.0004458	-0.0008589	-0.001158	-0.0001471	-0.0001205	-0.000894
1043.879	9579.66	0.0004698	0.001948	0.001142	0.00158	0.0008473	0.0009472	0.0004503	0.001005	0.0001265	0.001192	0.0009904	0.001045	0.0005895	0.0006026	0.0003694	0.0008164	0.0009296	-0.0005241	0.0004554	0.0001649	0.0002825	-0.0004776	-0.0006276	-0.0005664	-0.0004751	0.00014	-0.0008476	-0.0003841	-0.0003592	0.0001212	0.0007753
1044.455	9574.37	0.001403	0.002184	0.002257	0.001549	0.002123	0.00165	0.001898	0.001642	0.001765	0.0008696	0.002185	0.001655	0.001168	0.0009889	0.0009077	0.001835	0.002	0.0007007	0.0007285	0.001238	0.00125	0.0007352	0.0008288	0.0005851	0.001119	0.001514	0.00119	0.001268	0.0004493	0.0007936	0.001168
1045.032	9569.09	0.002336	0.001827	0.002412	0.002513	0.002938	0.002026	0.002298	0.002289	0.001769	0.001298	0.002415	0.001993	0.001891	0.001371	0.000895	0.001468	0.001784	0.001648	0.001601	0.001378	0.00175	0.001446	0.002041	0.0005136	0.0006806	0.001399	0.002459	0.001581	0.0009616	0.0014	0.0007677
1045.609	9563.81	0.002453	0.001182	0.002239	0.002162	0.00175	0.001948	0.002258	0.001352	0.001649	0.001263	0.001495	0.001796	0.001286	0.0005358	0.000887	0.000616	0.001245	0.001562	0.001597	0.0008639	0.001267	0.000423	0.001117	0.000929	0.0005703	-3.332E-5	0.0008089	0.001376	-9.949E-5	0.001024	0.0002248
1046.185	9558.54	0.00271	0.001662	0.002209	0.002413	0.002026	0.001229	0.001241	0.002001	0.001356	0.001514	0.0008882	0.001658	0.001229	0.0003089	0.001277	0.001103	0.001381	0.001812	0.001413	0.000612	0.0007421	8.101E-5	0.001105	0.001389	0.001152	9.299E-5	0.0007588	0.0002525	-3.116E-5	0.0005501	0.0002879
1046.762	9553.27	0.001765	0.001185	0.00132	0.001339	0.001552	0.001488	0.0006024	0.001048	0.001734	0.001091	0.000441	0.0003259	0.001217	-2.494E-6	0.0001829	0.001778	0.001257	0.001206	0.0008128	0.0006116	-3.773E-5	-0.0004945	0.0002595	0.0004362	0.0002405	0.0005043	0.001108	0.0002036	-0.0002893	0.0005288	1.244E-6
1047.339	9548.01	0.001778	0.001498	0.001644	0.001211	0.00183	0.001318	0.001898	0.001226	0.001881	0.001192	0.0006431	0.0001946	0.001207	0.0001585	0.0005066	0.001134	0.001105	0.000628	0.001189	0.0008	0.0008703	0.0003919	0.0008485	0.0002045	-0.0004961	0.0003463	0.0008306	0.0007191	-6.935E-5	0.0006798	0.0005302
1047.915	9542.75	0.002126	0.002572	0.001306	0.003102	0.002127	0.001821	0.001965	0.001386	0.002164	0.001828	0.00206	0.001181	0.001931	0.0008397	0.001693	0.001881	0.001579	0.0005937	0.001502	0.00137	0.002271	0.001285	0.001185	0.001167	0.001142	0.0001364	0.0007194	0.000917	0.0006771	0.0009372	0.0002877
1048.492	9537.51	0.002615	0.00273	0.001455	0.002704	0.002346	0.002378	0.001987	0.001606	0.001857	0.002	0.002928	0.002104	0.002255	0.001242	0.001604	0.001622	0.001115	0.001148	0.001632	0.001574	0.001581	0.001363	0.001552	0.001688	0.001331	0.001495	0.002027	0.001021	0.001327	0.001596	0.0008949
1049.069	9532.26	0.00184	0.001004	0.0003651	0.0009932	0.001148	0.0003163	0.0008821	0.001134	0.0001422	0.0008357	0.0007636	0.0009279	0.001548	0.0002821	0.001058	-0.0003385	0.0005894	-0.0002721	0.0007211	0.000621	0.0003196	4.623E-5	0.0003736	-0.0008067	9.23E-5	3.361E-5	0.0005171	-0.0001585	1.381E-5	0.0001469	-0.0005353
1049.646	9527.03	0.0008743	0.001089	0.001314	0.002286	0.001772	0.0009379	0.001544	0.001402	0.001435	0.001433	0.001432	0.001112	0.001277	0.001472	0.001403	0.0009731	0.001558	0.002331	0.001816	0.000686	0.0005298	0.0006753	0.0023	0.0006082	0.0009688	0.0004955	0.000354	0.0003937	0.00104	0.0007308	0.001487
1050.222	9521.79	0.0007483	0.002529	0.002402	0.002948	0.002243	0.001651	0.00153	0.002465	0.001832	0.001282	0.001191	0.001131	0.001647	0.0003323	0.001325	0.001552	0.001812	0.002471	0.001865	0.002063	0.0009789	0.002209	0.002328	0.001367	0.0002395	0.00202	0.001125	0.0004366	0.002734	0.0007315	0.000986
1050.799	9516.57	0.002394	0.003619	0.002285	0.002679	0.002008	0.003019	0.002765	0.002979	0.003361	0.001802	0.00286	0.003123	0.002304	0.001567	0.000873	0.002418	0.00269	0.001534	0.00256	0.001709	0.002197	0.002482	0.002078	0.002848	0.001267	0.00149	0.001382	0.00151	0.001997	0.0023	0.001912
1051.376	9511.35	0.001933	0.001277	0.001525	0.0003138	0.002565	0.001122	0.00106	0.001628	0.001524	3.096E-5	0.001083	0.001062	0.001227	0.003203	0.0004944	0.0007745	0.001295	6.452E-5	0.0002684	0.00148	0.0006212	0.0012	0.0009906	0.0005446	0.0009652	0.000728	0.0006202	0.00146	0.0007629	0.000775	0.0008408
1051.952	9506.13	0.0007527	0.001876	0.001037	0.001318	-2.041E-5	0.000522	0.00116	0.00138	0.001161	-7.772E-5	0.001061	0.000268	0.0009923	0.0003942	0.0008023	-0.0002448	0.0007608	0.001131	0.002139	0.001057	0.001146	0.0003525	0.0003245	0.0002335	-0.0005095	5.151E-5	0.00105	5.814E-5	0.0009933	0.0007739	0.0005804
1052.529	9500.92	0.001978	0.00329	0.002545	0.003166	0.001664	0.002717	0.002967	0.003351	0.004443	0.002338	0.003495	0.00319	0.003185	0.003914	0.003181	0.001642	0.002797	0.00225	0.002496	0.002507	0.002248	0.002223	0.003218	0.002321	0.002111	0.002524	0.002521	0.001948	0.001862	0.002818	0.002827
1053.106	9495.72	0.001281	0.0008204	0.002602	0.001671	0.001603	0.001991	0.001607	0.0008086	0.001625	0.002302	0.002705	0.002131	0.002391	0.001626	0.001512	0.001442	0.002371	0.001481	0.001428	0.001626	0.0002922	0.0003061	0.001108	0.0009805	0.0009082	0.0008594	0.001154	0.0008419	0.001567	0.001359	-0.0004086
1053.683	9490.52	0.001345	0.002283	0.001756	0.002075	0.00183	0.002825	0.001423	0.001137	0.001681	0.002592	0.001725	0.001384	0.001905	0.0009309	0.002891	0.00142	0.0007422	0.001021	0.001754	0.002271	0.001126	0.001397	0.0007632	0.0008412	0.000921	0.0004576	0.0009133	0.0008235	0.001252	0.00143	8.983E-5
1054.259	9485.33	0.00107	0.002021	0.000919	0.001486	0.0008378	0.001972	0.000855	0.001369	0.001385	0.00217	0.002073	0.001987	0.002173	0.0009593	0.001762	0.0009521	0.001406	0.0009011	0.002006	0.001671	0.0009529	0.0009478	0.00155	0.0007426	0.001538	0.0007413	0.001609	0.001038	0.001208	0.001024	0.0008503
1054.836	9480.15	0.003125	0.00269	0.00263	0.002486	0.002203	0.002074	0.003402	0.003169	0.003087	0.003568	0.003082	0.003174	0.003373	0.002649	0.002064	0.002922	0.002471	0.002111	0.00284	0.002847	0.002054	0.003021	0.002441	0.001843	0.003247	0.001745	0.002257	0.002113	0.00278	0.002986	0.001461
1055.413	9474.97	0.002646	0.001766	0.001867	0.00258	0.00273	0.001873	0.00271	0.002755	0.002785	0.00224	0.001475	0.002666	0.00288	0.002019	0.002571	0.003373	0.001923	0.00173	0.001558	0.001703	0.002201	0.002235	0.002309	0.001603	0.002439	0.002264	0.002231	0.001365	0.002452	0.002603	0.001365
1055.989	9469.79	0.002683	0.001564	0.002667	0.001271	0.001803	0.001844	0.00257	0.001918	0.002449	0.001205	0.001718	0.002085	0.002535	0.00122	0.001683	0.002642	0.001843	0.001835	0.001442	0.001736	0.002428	0.001864	0.00215	0.001385	0.001626	0.001542	0.0009495	0.0008542	0.001046	0.0007245	0.0009615
1056.566	9464.62	0.001959	0.001824	0.002799	0.0008819	0.001962	0.001732	0.002778	0.001661	0.00271	0.001854	0.001742	0.003089	0.002485	0.001848	0.001697	0.001874	0.002369	0.003033	0.001934	0.002011	0.001482	0.002053	0.00206	0.001644	0.00209	0.0009697	0.001743	0.0009949	0.0008928	0.001536	0.001374
1057.143	9459.46	0.001563	0.001635	0.00164	0.0004119	0.002676	0.0008014	0.001804	0.001302	0.002	0.001411	0.001475	0.001938	0.001202	0.00171	0.001639	0.001851	0.002771	0.002654	0.002255	0.00263	0.001671	0.002066	0.001894	0.001287	0.00138	0.00103	0.001702	0.0005518	0.001045	0.00115	0.0007297
1057.720	9454.30	0.00143	0.0002148	0.0005834	0.0009214	0.001672	5.492E-5	0.0009948	0.001007	0.001417	0.001332	0.0008677	0.0005373	0.000259	0.0003929	0.001073	0.0009244	0.0008827	0.001166	0.001303	0.002195	0.0009434	0.0007395	0.0007077	2.949E-5	-0.0001062	3.893E-5	0.0006885	-0.001002	0.0001946	0.0009475	0.0001965
1058.296	9449.15	0.001189	0.001029	0.0006875	0.001897	0.001273	0.0009501	0.001283	0.001432	0.001707	0.001289	0.001401	0.001621	0.001631	0.002397	0.001759	0.001434	0.001996	0.001346	0.00104	0.001966	0.001393	0.001055	0.00142	0.001512	0.0003237	0.0006251	0.001229	0.0007146	0.0006599	0.001723	0.0006203
1058.873	9444.00	0.001748	0.0009527	0.001065	0.001076	0.001542	0.0009967	0.00105	0.001302	0.001945	0.0009277	0.002326	0.002451	0.001112	0.002203	0.001499	0.001302	0.00181	0.001808	0.0005842	0.001695	0.001666	0.001308	0.001609	0.0005285	0.0009508	0.001138	0.001158	0.0009502	0.0008782	0.001361	-0.0004547
1059.450	9438.86	0.000743	0.0003647	0.0004537	0.001347	0.001068	0.001159	0.001671	0.0003154	0.000811	0.001073	0.002041	0.002004	0.001464	0.0003674	0.001281	0.0009024	0.0007838	0.001338	0.0004312	0.0002425	0.001465	0.001076	0.0009521	-0.0006256	0.0001788	0.001179	0.0008676	0.0005479	-0.0004562	0.001838	-0.0006663
1060.026	9433.73	0.0001859	0.0007286	-0.0003685	0.0004063	-0.000455	-0.0002017	0.0002738	0.0005216	-8.47E-5	-3.221E-5	0.001057	0.0002363	0.0003748	-2.724E-5	0.0001443	-0.000433	0.0003585	0.0004436	0.0007787	0.0008504	-1.199E-5	0.0008131	0.0004304	-0.0003688	-0.0008962	7.317E-5	0.00135	-0.00161	-0.0009561	-0.0007687	-0.0002313
1060.603	9428.60	0.001912	0.001622	0.001212	0.001227	0.002336	0.001781	0.001014	0.001765	0.001521	0.00105	0.001868	0.001273	0.002523	0.001146	0.001205	8.657E-5	0.001762	0.001088	-3.06E-5	0.001544	0.001883	0.002695	0.001578	0.0005555	0.0005448	0.001365	0.001693	0.0002698	0.001563	0.0004126	0.0005815
1061.180	9423.47	0.0002759	0.0004061	0.0004308	0.0003974	0.0005706	-0.001046	8.213E-5	-0.0003758	-0.0007453	-8.188E-5	-0.0005293	0.0006346	-0.0005682	0.0005796	-0.0003981	0.0005574	-0.0004073	-0.0003987	-0.0007056	-0.0002737	0.0004601	-0.0006861	0.0007131	-0.0003771	-0.0007027	-0.0007649	-0.001377	-0.001218	0.0002402	0.0007893	-0.001084
1061.756	9418.36	0.002748	0.001831	0.00176	0.001867	0.002206	0.001988	0.001476	0.001119	0.0007197	0.00137	0.001981	0.002025	0.001434	0.00132	0.001613	0.002371	0.001785	0.0009099	0.0006078	0.001577	0.001441	0.0004856	0.001097	0.0005285	-0.0004914	-1.298E-5	0.0005867	0.001442	0.00219	-0.000509	0.0003156
1062.333	9413.24	0.001881	0.002272	0.001589	0.001058	0.001491	0.001302	0.001477	0.0009841	0.001258	0.0007011	0.001006	0.00259	0.001105	0.002002	0.000774	0.0005443	0.001598	0.001634	0.0006317	0.0003221	0.0006685	0.0006953	0.001227	0.001591	0.0002313	0.001675	0.001331	0.0009295	0.001023	0.001314	0.001533
1062.910	9408.14	0.0007941	-0.0001045	0.0007995	0.0008321	0.0004837	0.001491	0.001153	-0.0006289	0.001075	0.001155	-7.095E-6	0.0009933	-0.0004522	0.0001559	-0.0008111	-2.967E-5	-0.0002329	-0.0007541	0.001343	0.0001763	0.0002262	0.0001611	0.000551	-0.0005057	0.0009262	0.001149	0.0005219	0.001166	0.0008145	-0.001013	-0.0002534
1063.487	9403.03	0.001863	0.001261	0.0006765	0.000837	0.0006698	0.001038	0.0001235	0.001007	0.0008476	0.00189	0.002221	0.001699	-0.0006853	-0.0007519	0.0009126	0.0005343	0.0008266	0.000592	0.0009731	0.0006546	0.0008707	0.0002141	0.0008005	0.0001815	-0.000419	0.001824	0.000824	0.0009577	4.935E-5	-0.0009689	-3.791E-5
1064.063	9397.94	0.001426	0.001188	0.0008732	0.0007016	0.002605	0.001459	-8.656E-5	0.0007161	0.001067	0.001241	0.00166	0.0007732	0.0003859	0.001287	0.001669	0.0003524	0.0004114	0.0009917	0.001765	0.001991	0.001717	0.0004761	0.001642	-0.0003732	-0.000193	0.0009178	0.0005718	0.001102	0.0008955	-0.0001706	3.817E-5
1064.640	9392.85	0.001608	0.002551	0.00244	0.00112	0.001844	0.001318	0.001311	0.003073	0.002164	0.003465	0.002184	0.001564	0.003258	0.001381	0.002327	0.001361	0.001182	0.001449	0.001366	0.002373	0.001773	0.001476	0.001269	0.001501	0.001415	0.002257	0.002678	0.002275	0.0008116	0.001459	0.001288
1065.217	9387.76	0.001368	0.0007452	0.002068	0.0003717	0.002313	0.0007437	0.00212	0.001782	0.0009545	0.001697	0.0005149	0.0009199	0.001893	0.0006685	0.001029	0.001189	0.001075	0.00102	0.0004131	0.001822	0.0006877	0.0005125	0.002367	0.0007221	0.0002325	0.001201	0.000971	0.001355	0.0006747	0.000129	0.0001068
1065.793	9382.68	0.001137	0.0007206	0.001256	0.001467	0.00173	0.001551	0.001885	0.0009179	-0.0001293	0.001183	0.0003412	0.002139	0.001247	-0.0002108	0.0007095	0.001107	0.0009394	0.001202	0.0009329	0.001381	-0.0003933	-0.0003071	0.001532	0.000323	0.0003899	0.0004564	0.0005508	0.001347	0.0001924	0.0002633	0.0004309
1066.370	9377.61	0.002312	0.001228	0.002903	0.002028	0.001856	0.002155	0.001846	0.0003923	0.001553	0.001223	0.0007292	0.002209	0.001763	-6.088E-5	0.0008338	0.002385	0.001676	0.0009931	0.001001	0.001387	0.0008781	0.0003713	0.001452	0.00173	0.0004048	0.0009881	0.001791	0.001517	0.001152	0.0009736	0.001518
1066.947	9372.54	0.002304	0.001039	0.00296	0.002177	0.001601	0.001873	0.001993	0.000772	0.00202	0.001228	0.0008769	0.001167	0.00187	0.001059	0.0009182	0.001826	0.001319	0.0005228	0.001036	0.00143	0.0003834	0.0008633	0.0004408	0.001174	0.0007269	0.0007333	0.001389	0.001041	0.001287	0.001163	0.001062
1067.524	9367.47	0.001168	-0.0007329	0.001759	0.0006976	0.0008595	0.0008033	0.001302	0.0002862	-6.353E-5	0.0002602	5.508E-5	-0.0003209	0.0007754	-0.0004383	-0.0002583	6.194E-5	-3.843E-5	-0.0006116	-0.000428	0.0007119	-0.0009503	-0.0005214	0.0002248	-0.0007868	-0.0001291	-0.0003099	-0.0002673	-0.000827	-0.0008852	-8.035E-5	0.0006908
1068.100	9362.42	0.001241	-0.0001035	0.002	0.00112	0.0005391	0.0009376	0.000957	-0.0005609	0.0004876	-0.0001426	-0.0002131	-2.945E-5	0.0003304	-0.001014	-0.0004517	8.998E-5	-0.0001427	-0.0001303	-0.0001039	0.0003503	-0.0001246	-0.0001668	-8.886E-5	-0.0007992	-0.000307	0.0002198	-0.0004476	-0.0003642	-0.0008635	-0.0009009	-0.0002714
1068.677	9357.36	0.00301	0.002909	0.003008	0.003273	0.0025	0.003438	0.003287	0.002692	0.002804	0.001949	0.001672	0.003156	0.002659	0.001482	0.002264	0.001367	0.002064	0.002264	0.002561	0.002447	0.002179	0.001989	0.001305	0.002419	0.002792	0.001723	0.002564	0.002018	0.001977	0.0004671	0.0002237
1069.254	9352.32	0.002468	0.002705	0.001817	0.001966	0.00231	0.002905	0.002836	0.003122	0.002196	0.002275	0.002695	0.001769	0.002151	0.002063	0.001313	0.002166	0.001736	0.001921	0.001493	0.00199	0.001011	0.002298	0.001514	0.001753	0.001661	0.001583	0.002023	0.002175	0.002706	0.002484	0.00111
1069.830	9347.28	0.001078	-0.0001073	9.372E-5	0.0002682	0.0007327	0.001658	0.001304	7.303E-6	0.0002016	-0.000129	0.0005836	0.0001768	-0.001438	-0.001258	-0.0008573	-0.0001708	-0.001841	-0.0003505	-0.001383	-0.001602	-0.001261	-0.0002986	-0.0009436	-5.848E-6	-0.0008266	-0.00139	-3.66E-5	-0.0008739	-0.0006012	0.0006528	-0.0007187
1070.407	9342.24	0.002774	0.001366	0.002153	0.002244	0.001647	0.001855	0.001583	0.0007336	0.0005902	0.0001206	0.00125	0.0004246	0.002162	0.00122	-0.000165	0.001987	0.0002766	0.0002346	0.00157	-0.0003388	0.0005188	0.0005588	0.001164	-0.0001947	0.0003519	-0.0004025	0.00133	-0.0004318	0.0001928	6.855E-5	0.0008251
1070.984	9337.21	0.001403	0.001771	0.002902	0.002728	0.002577	0.002663	0.002498	0.002315	0.002358	0.0001699	3.478E-5	0.001329	0.00142	0.001877	0.001547	0.0015	0.001079	0.00291	0.001601	0.0002429	0.001284	0.00103	0.001748	0.001527	0.00154	0.001753	0.002047	0.0003283	0.0008055	0.0009144	0.00068
1071.561	9332.18	0.0008415	-3.474E-5	0.001602	0.001826	0.0009885	0.0004161	0.001684	0.001517	0.001213	0.0006575	0.001795	0.0009364	9.864E-5	0.00279	0.002599	0.001714	0.002091	0.0006132	0.001104	0.001443	0.0006652	0.0005927	0.001157	0.00126	0.0009712	0.0006208	0.0009223	5.842E-6	0.002145	0.0009033	0.0002723
1072.137	9327.16	0.0001869	-0.000332	-0.0003806	-0.0005098	0.0009656	-9.77E-6	-0.001263	-0.001331	0.0003318	-0.001172	-0.001286	-0.001081	-0.002666	-0.002745	-8.064E-5	-0.001214	-0.0004017	-0.000504	-0.000722	0.0004824	6.565E-5	-0.0001798	-0.00126	2.231E-5	-0.002475	-0.0009495	-0.001205	-0.0004617	-0.001142	-0.001343	-0.001418
1072.714	9322.15	0.000133	0.0006464	0.002556	0.002534	0.0009796	0.001546	0.001599	0.001525	0.0006232	0.001273	0.000517	0.002227	0.002003	-0.000203	0.0002132	0.0008815	-0.0002118	0.0007877	0.001924	0.002257	-8.206E-5	0.0007152	0.001261	0.000639	-2.737E-5	0.0004245	2.544E-5	0.0008295	-0.0005058	-6.375E-5	0.001582
1073.291	9317.14	0.00196	0.0004022	0.001574	0.002484	0.000892	0.0007783	-0.0006975	0.0008823	0.0006438	0.0002741	0.0005303	0.001558	0.0004742	0.001583	0.0007628	0.001038	0.0007982	0.0006201	0.001652	0.0008022	-0.0003842	0.0007442	0.0006462	-0.0007343	-0.0004052	0.0002738	0.001072	0.0007021	0.0006259	-0.0002555	-0.0001451
1073.867	9312.14	0.0006357	-7.548E-5	0.001881	0.001281	0.001652	0.0008969	0.001205	2.655E-5	-0.0005767	-2.377E-5	-5.815E-5	0.000625	0.001577	0.000493	0.001306	0.0002306	-0.0005432	0.001368	0.001061	0.001546	0.0005564	-0.0001306	0.001269	-0.0004761	-0.0004148	0.001075	0.001381	-0.001459	0.0001634	-0.001042	0.00105
1074.444	9307.14	-0.0007642	-0.0006856	-0.0007417	-4.205E-6	0.0002179	0.0001518	5.535E-5	-0.001052	-0.00156	-0.0002147	-0.0007391	-0.0009749	0.000167	-0.0008982	-0.000536	2.673E-5	-0.001386	-0.0006384	-7.386E-5	-0.0006476	-0.0007098	-0.0004509	-0.0003719	-0.0002873	0.0004083	-0.0008813	-0.00217	-0.002457	-0.001438	-0.001662	-0.002009
1075.021	9302.15	0.002534	0.00205	0.001875	0.001944	0.002929	0.0007711	0.002597	0.001795	0.002339	0.002292	0.0006773	0.0007168	0.001361	0.001941	0.001572	0.001936	0.001711	0.0006725	0.002094	0.00158	0.001264	0.001597	0.002091	0.001625	0.001867	0.0009033	0.0009252	0.001564	-0.0003542	0.0003211	0.001332
1075.598	9297.16	0.001721	0.001132	0.001637	0.002849	0.00238	0.00147	0.002074	0.001185	0.002383	0.0008961	0.000313	0.0002342	0.0008457	0.001393	0.002335	0.0001434	0.001746	0.001898	0.001063	0.002532	0.00157	0.001859	0.001071	0.0009979	0.0003353	0.0008142	0.0007167	0.001371	0.0007175	0.0005492	0.0009125
1076.174	9292.18	0.0004315	-0.0007314	0.0001218	0.0008532	0.001345	0.0005981	0.001914	0.0003878	0.001049	0.0009609	-0.0001049	-3.048E-5	-0.0003313	0.0003488	0.001137	0.0008579	-2.184E-5	0.0007751	-0.0006003	0.001364	0.0004382	-0.0006848	0.0004033	0.0001968	-0.000641	0.0002215	-0.0007669	2.864E-5	-0.0009358	0.00121	-0.0001209
1076.751	9287.20	0.00099	0.0004624	0.0006794	0.0008326	0.001184	0.0005777	0.0008684	0.000329	0.001331	0.0008232	0.0003004	0.0008585	0.0002776	0.0005599	0.0004288	0.001482	0.0008771	4.883E-5	0.0001074	0.001503	0.0001286	0.0007107	-0.0005261	0.0001086	-0.001104	-0.0009035	-0.0005885	1.463E-5	-0.001335	0.0004013	-0.0001742
1077.328	9282.23	0.001754	0.002218	0.001354	0.001968	0.00174	0.002198	0.001974	0.00262	0.003263	0.002089	0.001735	0.002261	0.001401	0.002118	0.002011	0.002659	0.003117	0.002351	0.00188	0.003142	0.001443	0.002164	0.001908	0.00213	0.001543	0.0009348	0.002444	0.002762	0.001976	0.001191	0.0002651
1077.904	9277.26	0.001601	0.001997	0.001735	0.001578	0.0004706	0.001631	0.001892	0.001866	0.001533	0.001769	0.001694	0.001961	0.0009835	0.00149	0.0009538	0.001715	0.002316	0.001406	0.0017	0.00195	0.00143	0.001548	0.002981	0.001878	0.001715	0.0008308	0.001081	0.002852	0.001586	0.0006239	0.0005158
1078.481	9272.30	0.001178	0.002384	0.0009717	0.001544	0.001691	0.001244	0.0006249	0.002139	-0.0001875	0.001057	0.001587	0.0009517	0.0007437	0.0001812	0.00124	0.001202	0.0009002	0.0004022	0.001348	0.001922	0.002801	0.0007818	0.001231	0.00134	0.001486	-0.0002523	0.001368	0.0009057	0.0006693	-0.0001004	0.0003721
1079.058	9267.34	0.001681	0.002476	0.0006933	0.001835	0.0007212	0.001015	0.001299	0.001647	0.0006389	0.00143	0.001437	0.001169	0.0008457	0.001097	0.001032	0.00133	0.00037	0.001454	0.0008084	0.002222	0.001474	0.0003603	0.001302	0.001663	0.001204	0.001857	-0.0003594	-0.0008542	0.0003209	-0.00071	-7.546E-5
1079.634	9262.39	0.0001027	0.001453	3.664E-5	0.001172	0.002218	0.0005755	-6.52E-5	-0.0007294	0.000618	0.002205	0.0009477	0.002039	0.0002614	0.0004969	0.001395	0.001138	0.002497	0.002588	0.0007561	-1.09E-5	-0.0008178	0.0003674	0.000386	9.382E-6	-0.0009159	0.0007893	0.0007132	0.0003847	0.0006406	-0.0002069	0.0002033
1080.211	9257.45	0.0005221	0.003655	0.001118	0.00228	0.001771	0.002713	0.001573	0.001706	0.001534	0.002704	0.0009216	0.002358	0.0005591	0.002082	0.001236	0.002131	0.001815	0.00274	0.002939	0.00085	0.0007795	0.001269	0.001776	0.002687	0.0009314	0.002075	0.002413	0.001313	0.0001561	0.001678	0.0007721
1080.788	9252.51	0.0004272	0.0008528	0.001391	0.002088	0.003059	0.001422	0.0008244	0.001278	0.00228	0.003289	0.002127	0.003468	0.001468	0.002106	0.002132	0.002241	0.002753	0.0009402	0.001899	0.002735	0.002278	0.0009789	0.001885	0.0009711	0.002406	0.001454	0.003068	0.002577	-9.815E-5	0.0009366	0.001898
1081.365	9247.57	0.002324	4.645E-5	4.978E-5	0.001242	-0.0001902	0.0003472	0.0005747	0.001594	0.0002954	0.0004119	0.0004131	0.0009986	-8.968E-5	0.00257	0.001609	-9.959E-5	0.0003405	0.0004585	0.002217	0.0003805	0.0005586	0.001319	0.0001207	-0.0006495	0.001285	-0.0002781	-0.0001262	4.402E-5	-0.0008836	0.001692	0.000762
1081.941	9242.65	0.00548	0.004403	0.003853	0.004564	0.005567	0.003659	0.003225	0.004335	0.003737	0.003613	0.003728	0.004307	0.003781	0.004237	0.004386	0.003721	0.004524	0.003275	0.003588	0.003114	0.003233	0.005438	0.004935	0.001325	0.003161	0.00356	0.002236	0.003481	0.003769	0.004204	0.002611
1082.518	9237.72	0.003916	0.002135	0.001365	0.001619	0.003356	0.00293	0.001301	0.002578	0.002265	0.001363	0.00239	0.001443	0.002375	0.0008282	0.001482	0.001817	0.002331	0.001781	0.002936	0.0008325	-5.408E-5	0.001605	0.002205	0.001957	0.001153	0.0009599	0.001569	0.001594	0.001429	0.0011	-0.0003195
1083.095	9232.80	0.002567	0.003662	0.002386	0.004424	0.005028	0.00416	0.002661	0.002277	0.00444	0.002976	0.002858	0.003487	0.002733	0.002898	0.00429	0.003235	0.003441	0.002891	0.003487	0.003689	0.001102	0.002249	0.004841	0.00225	0.004012	0.001811	0.003669	0.002035	0.001605	0.00178	0.001006
1083.671	9227.89	-0.000529	0.0002426	0.0002417	0.002602	0.000626	-0.0001675	0.002046	0.0001385	0.0007494	0.001664	-0.0001807	0.001526	0.001521	0.0006293	0.001098	0.003011	0.00197	0.001937	0.001245	0.002768	0.0008513	0.0005055	0.001565	0.0004857	-0.0001957	-0.0009601	0.001637	-0.001855	-0.0004552	0.0008547	0.001639
1084.248	9222.98	-0.0003978	0.000455	0.0002932	0.002345	0.001703	0.001526	0.0011	0.001533	0.0007775	0.0007945	0.001709	0.001112	0.0009984	0.001518	-3.918E-6	0.001713	0.0002041	-0.0003291	0.00137	0.002374	0.001004	3.181E-5	0.002627	-0.0006777	0.001941	0.0004041	-0.0004202	0.002209	-0.0004066	0.001943	0.001409
1084.825	9218.08	0.001285	0.0008832	-8.543E-5	0.002795	0.0008331	0.001249	0.0007474	0.002764	0.0005409	-0.0001308	0.000671	0.001147	0.0009156	0.001259	0.002022	0.0001511	-0.0003451	0.001882	0.0007643	0.001121	0.001473	0.000903	-0.0001068	0.001019	0.001123	0.001507	0.0006375	0.00129	-6.003E-5	-0.0005219	0.00211
1085.402	9213.18	-0.000113	0.001338	0.0005425	0.001451	0.000126	0.001253	-0.001056	0.0009183	0.0005715	0.0001747	0.0001198	0.0006019	0.0006393	0.0007023	0.001365	-0.0002877	0.001951	0.001643	0.0005745	0.001189	0.001917	0.0009588	0.001097	0.001525	0.0001525	0.001202	0.001002	0.00113	-9.037E-6	-0.0005563	0.001678
1085.978	9208.29	0.00126	0.002654	0.001098	0.002339	0.003154	0.002651	0.00174	0.001457	0.001591	0.001836	0.0005791	0.002648	0.001359	0.00219	0.001305	0.001999	0.003234	0.002707	0.002181	0.00265	0.002511	0.002295	0.003297	0.002509	0.002118	0.001113	0.002689	0.0006817	0.001274	0.001985	0.002993
1086.555	9203.40	0.002556	0.002052	0.00271	0.003483	0.004244	0.002492	0.003122	0.001538	0.001995	0.0035	0.002867	0.00321	0.002202	0.00147	0.002899	0.003211	0.003513	0.00322	0.003232	0.003791	0.003229	0.001979	0.00451	0.003046	0.002894	0.002039	0.002689	0.000302	0.00316	0.001949	0.002799
1087.132	9198.52	0.001473	0.001862	0.0008956	0.002813	0.003283	0.002255	0.001932	0.001715	0.002445	0.003162	0.001692	0.002473	0.002142	0.0004041	0.002357	0.002386	0.00205	0.002784	0.002645	0.002402	0.001714	0.002232	0.003496	0.003324	0.001195	0.001205	0.002126	-0.0001906	0.001983	0.001711	0.0008444
1087.708	9193.64	0.00298	0.003748	0.003142	0.004309	0.005319	0.005308	0.003735	0.003437	0.004925	0.005076	0.004176	0.004302	0.00415	0.004292	0.004028	0.005344	0.003797	0.005703	0.003618	0.004776	0.002632	0.004419	0.004764	0.004896	0.003853	0.003991	0.004075	0.00333	0.00233	0.004002	0.003904
1088.285	9188.77	0.002535	0.003104	0.002572	0.003353	0.003172	0.002863	0.003913	0.001794	0.004294	0.004084	0.003004	0.002513	0.001992	0.003624	0.001263	0.00464	0.002748	0.002533	0.002766	0.003685	0.002799	0.00222	0.002943	0.002456	0.002453	0.003475	0.002594	0.001676	0.002173	0.001241	0.002613
1088.862	9183.90	0.002605	0.001256	0.003004	0.002544	0.003851	0.0019	0.003245	0.002132	0.003909	0.001597	0.002485	0.002593	0.000281	0.001797	0.002367	0.001619	0.002908	0.001637	0.001856	0.003996	0.00163	0.002126	0.003834	0.001473	0.002817	0.002825	0.001944	0.001765	0.002475	0.002403	0.002393
1089.439	9179.04	0.003932	0.00184	0.006101	0.003383	0.004739	0.003676	0.003337	0.00366	0.00402	0.003285	0.004167	0.005636	0.004545	0.003078	0.003462	0.003686	0.003962	0.004455	0.004495	0.00435	0.003202	0.003301	0.003641	0.004284	0.003145	0.005048	0.003931	0.003028	0.004526	0.003378	0.003624
1090.015	9174.18	0.00155	0.004108	0.003697	0.00354	0.004779	0.003176	0.005443	0.003076	0.003213	0.003392	0.004091	0.003972	0.004498	0.002654	0.002895	0.002163	0.003478	0.003509	0.004409	0.003549	0.002549	0.004357	0.004044	0.004324	0.00446	0.003772	0.00482	0.0038	0.002458	0.003974	0.002726
1090.592	9169.33	0.002986	0.002249	0.002346	0.00243	0.002733	0.00137	0.00337	0.003544	0.003591	0.004123	0.002433	0.004408	0.005294	0.002601	0.002301	0.003025	0.003793	0.00515	0.001751	0.00415	0.002902	0.003219	0.003092	0.003874	0.002835	0.002602	0.004156	0.002329	0.002877	0.003779	0.002309
1091.169	9164.49	0.003517	0.003005	0.003286	0.003666	0.004288	0.002924	0.00266	0.002038	0.00184	0.003914	0.003425	0.003298	0.002541	0.001961	0.003103	0.004406	0.002917	0.001467	0.004333	0.002947	0.003536	0.002157	0.005921	0.002518	0.004299	0.001812	0.004751	0.002316	0.002834	0.0006326	0.003523
1091.745	9159.65	0.001157	0.003178	0.002957	0.003726	0.002744	0.001843	0.002378	0.001951	0.001943	0.002895	0.003255	0.004457	0.002233	0.002356	0.0008416	0.003058	0.004629	0.003304	0.001895	0.003364	0.002061	0.002516	0.001204	0.002103	0.002459	0.002533	0.003049	0.002336	0.002049	0.001843	0.001921
1092.322	9154.81	0.0005248	0.0008187	0.0009383	-0.0001653	0.0005217	-0.0003998	0.002537	0.001282	0.001236	0.0002156	-3.952E-5	0.001037	-0.0008711	0.0006146	0.0006553	0.002488	0.00184	0.000495	0.0001321	0.003027	-0.002902	-0.0006327	0.0003739	0.001092	-0.0008901	-0.0007089	0.0006604	-0.000654	0.0003324	0.001184	-0.0005265
1092.899	9149.98	0.001719	0.001997	0.002019	0.002559	0.003665	0.002006	0.003357	0.001786	0.001489	0.002141	0.002229	0.003692	0.00329	0.0006454	0.002785	0.003162	0.003797	0.00209	0.002436	0.0004152	-0.0001007	0.0016	0.002789	0.002073	0.0004038	0.002634	0.002442	0.002166	0.001789	0.001385	0.001757
1093.475	9145.15	0.00183	-0.0005754	0.001901	0.001573	0.00219	0.0004069	0.003834	0.001319	0.003271	0.001151	0.001131	0.0009451	0.002577	0.001844	0.002607	0.002055	0.003942	0.002882	0.002636	0.001833	0.002536	0.001771	0.001619	0.001367	0.0009788	0.001789	0.001189	0.001637	0.0001042	0.001413	0.0009643
1094.052	9140.33	0.0004639	0.0009007	-0.0003892	0.001656	0.00197	0.0003393	0.001421	0.001773	0.002146	0.002043	0.001582	0.002097	0.001315	0.002592	0.002637	0.001436	0.002286	0.001129	0.002583	0.002488	0.001719	0.001231	0.003949	-0.0006478	0.001366	0.00143	-9.544E-5	0.001773	0.0002723	0.001467	0.000882
1094.629	9135.52	0.0005185	0.001557	-0.0006944	0.003357	0.00316	0.001049	0.00183	0.002843	0.001821	0.000783	0.001027	0.002674	0.001876	0.002686	0.003271	0.002204	0.00162	0.001972	0.002198	0.003451	0.001699	0.001382	0.003608	0.001275	0.002223	0.002825	0.001008	0.002974	0.0002368	0.00171	0.003036
1095.206	9130.71	0.002663	0.002162	0.003617	0.004981	0.004502	0.003239	0.004369	0.003624	0.004263	0.003714	0.003501	0.005552	0.004324	0.005051	0.002865	0.005931	0.003463	0.004612	0.005586	0.005537	0.004531	0.003116	0.004556	0.004058	0.004189	0.004634	0.004676	0.00505	0.001449	0.001884	0.003425
1095.782	9125.90	0.002918	0.002344	0.004512	0.004542	0.003021	0.00482	0.003054	0.003439	0.005631	0.002461	0.004256	0.005496	0.002524	0.003687	0.002502	0.004398	0.003818	0.002396	0.005064	0.005241	0.004151	0.002147	0.004007	0.001826	0.004201	0.002737	0.003879	0.002815	0.001109	0.001901	0.001433
1096.359	9121.10	0.001282	0.0006367	0.002752	0.001092	0.0005003	0.00215	0.001576	0.0007778	0.002292	0.0006976	0.0004884	0.003367	0.001006	0.002481	0.0007981	0.002267	0.00169	0.001141	0.001566	0.002762	0.0009943	0.001962	0.001885	0.000863	0.001839	-9.943E-5	0.001651	0.001202	0.001595	0.0003897	-0.0004513
1096.936	9116.30	0.0004459	-0.0002872	0.002069	0.0006024	0.0009155	0.001208	0.001984	4.881E-5	7.104E-6	-0.0002121	-0.00046	0.002498	0.001178	0.0006896	-0.0009526	2.895E-5	0.001463	0.0006895	0.0009694	0.001755	-0.0002745	0.0001745	0.0003581	-0.0001809	-0.0003278	0.0003999	0.0008454	-8.866E-5	0.0003177	0.0008667	-0.00104
1097.512	9111.51	0.001963	0.002738	0.00282	0.001782	0.002912	0.002253	0.00219	0.0008624	0.002818	0.002798	0.001154	0.002938	0.001754	0.001075	0.0001093	0.001961	0.002901	0.001954	0.002742	0.002528	0.002289	0.003431	0.001025	0.001833	0.001668	0.002237	0.001951	-0.0001448	0.0006863	0.002347	0.0007312
1098.089	9106.73	0.003174	0.002982	0.002465	0.003842	0.00305	0.001051	0.003165	0.00336	0.003286	0.003279	0.002711	0.001968	0.002636	0.003427	0.002991	0.002728	0.001848	0.002604	0.004992	0.003102	0.001999	0.002555	0.001724	0.001864	0.002163	0.002883	0.004133	0.001283	0.002249	0.00214	0.001337
1098.666	9101.95	0.001521	0.0007577	0.0001793	0.002411	0.001871	0.001189	0.001707	4.505E-6	0.0008391	0.002079	0.002616	0.001354	0.003536	0.0006194	0.001431	0.0005457	0.001927	0.001443	0.001449	0.002263	0.0001922	0.0007646	0.0006257	0.001794	0.001413	0.0009249	0.0009878	0.0008085	1.23E-6	0.001284	0.0005757
1099.243	9097.17	0.002154	0.001398	0.0002196	0.00289	0.0004822	0.002721	0.001473	0.001225	0.0001911	0.0005743	0.0003152	0.00135	0.0006241	0.001873	0.002337	0.001656	0.0005166	0.002535	0.003148	0.003896	0.0007027	-7.84E-6	0.001899	0.0004447	-0.0003071	0.002324	0.0009491	-0.0002063	0.0005958	0.001591	0.0008687
1099.819	9092.40	0.002497	0.004189	0.004921	0.005249	0.003296	0.002378	0.005585	0.002285	0.004586	0.005601	0.003749	0.00351	0.005402	0.004007	0.004335	0.003383	0.001937	0.002819	0.003593	0.006229	0.002729	0.00119	0.004085	0.003876	0.001862	0.002758	0.004415	0.002941	0.0005761	0.003959	0.003003
