Wavelength [nm]	Wavenumbers [1/cm]	2107362U1_0001	2107362U1_0002	2107362U1_0003	2107362U1_0004	2107362U1_0005	2107362U1_0006	2107362U1_0007	2107362U1_0008	2107362U1_0009	2107362U1_0010	2107362U1_0011	2107362U1_0012	2107362U1_0013	2107362U1_0014	2107362U1_0015	2107362U1_0016	2107362U1_0017	2107362U1_0018	2107362U1_0019	2107362U1_0020	2107362U1_0021	2107362U1_0022	2107362U1_0023	2107362U1_0024	2107362U1_0025	2107362U1_0026	2107362U1_0027	2107362U1_0028	2107362U1_0029	2107362U1_0030	2107362U1_0031
175.355	57027.31	0.0129	0.01087	-0.01131	-0.03838	-0.004175	-0.03209	-0.01001	0.003257	0.009655	0.01591	-0.0009853	0.03681	-0.0243	-0.003661	0.02711	-0.01838	-0.02861	-0.01033	0.02194	-0.0007011	0.0132	0.03512	0.01478	0.004657	-0.005705	0.03292	0.01669	-0.01389	-0.009436	0.03377	-0.002326
175.931	56840.38	3.822	0.4043	0.4717	0.1711	0.6176	3.82	1.098	0.5457	0.008105	0.09964	3.821	0.3673	3.82	3.821	0.9175	3.82	-0.004465	3.82	0.343	3.821	0.5024	0.05557	0.5836	3.821	3.821	0.9119	0.3963	1.598	0.212	3.822	0.8906
176.508	56654.66	0.6427	0.1412	0.2959	0.3748	0.2648	0.5775	0.6447	0.2165	0.196	0.08575	0.5973	0.1889	0.6015	0.6272	0.6198	0.7133	0.1223	0.3608	0.1609	0.7907	0.2766	0.2215	0.1275	0.8444	0.697	0.06575	0.2831	0.5932	0.4026	0.5985	0.2639
177.085	56470.15	0.03367	-0.03295	-0.08885	0.03667	-0.03639	0.03606	0.07952	-0.0542	0.003978	-0.001284	0.01262	0.06531	0.04366	0.1445	0.02441	0.04097	-0.08923	0.008974	-0.0129	0.1272	0.006256	0.009898	-0.08162	0.0928	0.009422	-0.03532	0.08284	-0.02167	0.03467	0.1823	0.07519
177.661	56286.85	-0.06942	-0.09924	-0.09813	-0.1234	-0.09767	-0.06826	-0.08568	-0.08206	-0.09952	-0.08632	-0.1185	-0.07419	-0.07859	-0.06602	-0.08368	-0.09553	-0.1206	-0.08479	-0.09032	-0.06656	-0.09806	-0.08777	-0.06823	-0.09524	-0.08402	-0.09886	-0.08307	-0.1176	-0.08198	-0.04543	-0.05891
178.238	56104.72	-0.03593	-0.009412	-0.01368	-0.05057	-0.04624	-0.06788	-0.04164	0.006235	-0.02307	-0.001442	-0.02877	0.02033	-0.03351	-0.05803	-0.04007	-0.06476	-0.06581	-0.08956	0.01474	-0.03817	-0.002566	-0.05	-0.05857	-0.08446	-0.01697	0.005703	-0.01432	-0.08746	-0.0813	-0.01733	-0.000895
178.815	55923.78	-0.003425	0.02574	-0.01682	-0.004636	0.02623	-0.05348	-0.03105	0.01277	0.001158	-0.006999	-0.0244	0.07472	-0.008395	-0.04908	0.03095	-0.07916	-0.04372	-0.06154	0.04535	0.02335	0.02532	-0.04636	0.006206	-0.04725	-0.01896	0.01308	0.02392	-0.0395	-0.01784	-0.0213	-0.005923
179.392	55743.99	0.06965	0.08727	0.072	0.07708	0.0323	0.08138	0.05057	0.05689	0.04863	0.0413	0.07094	0.04724	0.05219	0.03915	0.07574	0.03162	0.01041	0.06378	0.07856	0.07248	0.03735	0.01097	0.04991	0.04498	0.04869	0.05712	0.02716	0.1184	0.03885	0.03643	0.07081
179.968	55565.36	-0.05001	-0.08237	-0.0121	-0.02959	-0.02308	-0.002058	-0.01285	0.02385	0.05395	0.03221	-0.07047	0.08067	0.08862	-0.08293	-0.04374	-0.0274	-0.07455	-0.0797	0.02967	-0.03104	-0.07819	-0.1086	0.02578	-0.06437	-0.08128	0.0117	-0.1137	-0.017	-0.04584	-0.04968	0.008681
180.545	55387.87	-0.04546	-0.009701	0.0413	0.03353	-0.03337	-0.01585	0.0774	0.04313	0.01273	0.03791	-0.05929	0.07413	0.1358	-0.02467	-0.03056	0.01978	-0.03639	-0.01914	0.01986	0.0221	-0.05205	-0.09554	0.1061	0.04677	0.01602	0.01537	-0.01679	0.005356	0.01313	-0.04606	0.03799
181.122	55211.51	0.08493	0.01208	0.1378	0.1108	0.05818	0.04942	0.09004	0.03537	-0.02263	0.03843	0.08343	0.01736	0.1554	0.04875	0.07537	0.2992	0.1459	0.1277	0.02464	0.322	0.001446	0.01888	0.1303	0.147	0.07331	0.06478	0.07348	0.1498	0.02815	0.05535	0.1705
181.698	55036.27	0.05735	-0.04376	0.0642	0.04092	0.05508	0.0117	-0.003192	-0.01485	-0.01872	0.00568	0.04792	-0.01167	0.05798	0.0007409	0.04255	0.213	0.09641	0.05842	-0.002083	0.2213	-0.0003322	0.01028	0.03723	0.042	-0.01034	0.02868	0.0143	0.07787	-0.03261	0.03427	0.09641
182.275	54862.14	0.06425	0.02916	0.04342	0.06504	0.04798	-0.007553	0.06494	0.01298	0.02597	0.01167	0.06565	0.03287	-0.0046	0.02798	0.0506	0.05868	0.04514	0.0758	0.04182	0.04811	0.01307	-0.01427	0.1233	0.05524	0.06045	0.05417	0.02062	0.1001	0.05677	0.01703	0.0275
182.852	54689.10	0.07389	0.03836	0.04197	0.05458	0.04945	0.01099	0.08628	0.01383	0.03014	0.001293	0.1	0.05291	-0.00367	0.03488	0.06951	0.05729	0.04977	0.1106	0.07001	0.06746	0.02784	-0.005699	0.1677	0.05731	0.08531	0.0858	0.03237	0.1308	0.08393	0.03387	0.03578
183.428	54517.16	-0.06383	-0.08876	-0.09138	-0.1307	-0.09929	-0.03792	-0.08124	-0.1085	-0.001962	-0.0929	-0.1035	-0.01626	-0.06247	-0.04563	-0.03991	-0.1083	-0.1324	-0.05318	-0.01135	-0.02955	-0.05864	-0.06994	-0.07952	-0.11	-0.1098	-0.02352	-0.06996	-0.08798	-0.08947	-0.03102	-0.04089
184.005	54346.29	-0.08434	-0.1323	-0.1086	-0.1571	-0.1551	-0.07044	-0.121	-0.1361	-0.01369	-0.1176	-0.1909	-0.04946	-0.07905	-0.05346	-0.06536	-0.1399	-0.1722	-0.1033	-0.04927	-0.03042	-0.1373	-0.1022	-0.1631	-0.1227	-0.1754	-0.06486	-0.1167	-0.1383	-0.1381	-0.06723	-0.04903
184.582	54176.49	1.152	1.165	1.185	1.163	1.157	1.151	1.173	1.181	1.151	1.171	1.155	1.173	1.171	1.16	1.159	1.152	1.161	1.155	1.17	1.165	1.187	1.167	1.167	1.157	1.148	1.176	1.159	1.164	1.154	1.141	1.154
185.159	54007.75	3.997	3.995	3.997	3.997	3.997	3.997	3.997	3.997	3.997	3.997	3.997	3.997	3.997	3.997	3.997	3.997	3.997	3.997	3.997	3.997	3.997	3.997	3.997	3.997	3.997	3.997	3.997	3.997	3.997	3.997	3.997
185.735	53840.05	3.997	3.995	3.997	3.997	3.997	3.997	3.997	3.997	3.997	3.997	3.997	3.997	3.997	3.997	3.997	3.997	3.997	3.997	3.997	3.997	3.997	3.997	3.997	3.997	3.997	3.997	3.997	3.997	3.997	3.997	3.997
186.312	53673.40	3.997	3.995	3.997	3.997	3.997	3.997	3.997	3.997	3.997	3.997	3.997	3.997	3.997	3.997	3.997	3.997	3.997	3.997	3.997	3.997	3.997	3.997	3.997	3.997	3.997	3.997	3.997	3.997	3.997	3.997	3.997
186.889	53507.77	3.997	3.995	3.997	3.997	3.997	3.997	3.997	3.997	3.997	3.997	3.997	3.997	3.997	3.997	3.997	3.997	3.997	3.997	3.997	3.997	3.997	3.997	3.997	3.997	3.997	3.997	3.997	3.997	3.997	3.997	3.997
187.465	53343.16	3.997	3.995	3.997	3.997	3.997	3.997	3.997	3.997	3.997	3.997	3.997	3.997	3.997	3.997	3.997	3.997	3.997	3.997	3.997	3.997	3.997	3.997	3.997	3.997	3.997	3.997	3.997	3.997	3.997	3.997	3.997
188.042	53179.56	3.997	3.995	3.997	3.997	3.997	3.997	3.997	3.997	3.997	3.997	3.997	3.997	3.997	3.997	3.997	3.997	3.997	3.997	3.997	3.997	3.997	3.997	3.997	3.997	3.997	3.997	3.997	3.997	3.997	3.997	3.997
188.619	53016.96	3.997	3.995	3.997	3.997	3.997	3.997	3.997	3.997	3.997	3.997	3.997	3.997	3.997	3.997	3.997	3.997	3.997	3.997	3.997	3.997	3.997	3.997	3.997	3.997	3.997	3.997	3.997	3.997	3.997	3.997	3.997
189.196	52855.36	3.997	3.995	3.997	3.997	3.997	3.997	3.997	3.997	3.997	3.997	3.997	3.997	3.997	3.997	3.997	3.997	3.997	3.997	3.997	3.997	3.997	3.997	3.997	3.997	3.997	3.997	3.997	3.997	3.997	3.997	3.997
189.772	52694.73	3.997	3.995	3.997	3.997	3.997	3.997	2.296	3.997	3.997	3.997	3.997	3.997	3.997	3.997	3.997	3.997	3.997	3.997	3.997	3.997	3.997	3.997	3.997	3.997	3.997	3.997	3.997	3.997	2.964	3.997	3.997
190.349	52535.08	1.713	1.735	1.838	2.426	1.595	1.635	1.665	1.8	1.489	1.519	1.819	1.666	1.487	1.694	1.621	1.753	1.763	2.58	1.656	1.589	1.695	1.521	1.594	1.757	1.976	1.503	1.9	1.92	1.766	1.742	1.808
190.926	52376.39	3.526	3.529	3.551	3.673	3.501	3.51	3.568	3.543	3.479	3.486	3.547	3.516	3.479	3.521	3.506	3.534	3.536	3.704	3.514	3.5	3.522	3.486	3.501	3.534	3.58	3.482	3.564	3.568	3.568	3.531	3.545
191.502	52218.66	3.997	3.995	3.997	3.997	3.997	3.997	3.997	3.997	3.997	3.997	3.997	3.997	3.997	3.997	3.997	3.997	3.997	3.997	3.997	3.997	3.997	3.997	3.997	3.997	3.997	3.997	3.997	3.997	3.997	3.997	3.997
192.079	52061.88	3.997	3.995	3.997	3.997	3.997	3.997	3.997	3.997	3.997	3.997	3.997	3.997	3.997	3.997	3.997	3.997	3.997	3.997	3.997	3.997	3.997	3.997	3.997	3.997	3.997	3.997	3.997	3.997	3.997	3.997	3.997
192.656	51906.03	3.997	3.995	3.997	3.997	3.997	3.997	3.997	3.997	3.997	3.997	3.997	3.997	3.997	3.997	3.997	3.997	3.997	3.997	3.997	3.997	2.315	3.997	3.997	3.997	3.997	3.997	3.997	3.997	3.997	3.997	3.997
193.233	51751.12	3.997	3.995	3.997	3.997	3.997	3.997	3.997	3.997	3.997	3.997	3.997	3.997	3.997	3.997	3.997	3.997	3.997	3.997	3.997	3.997	3.144	3.997	3.997	3.997	3.997	3.997	3.997	3.997	3.997	3.997	3.997
193.809	51597.12	3.997	3.995	3.997	3.997	3.997	3.997	3.997	3.997	3.997	3.997	3.997	3.997	3.997	3.997	3.997	3.997	3.997	3.997	3.997	3.997	3.997	3.997	3.997	3.997	3.997	3.997	3.997	3.997	3.997	3.997	3.997
194.386	51444.04	3.997	3.995	3.997	3.997	3.997	3.997	3.997	3.997	3.997	3.997	3.997	3.997	3.997	3.997	3.997	3.997	3.997	3.997	3.997	3.997	3.997	3.997	3.997	3.997	3.997	3.997	3.997	3.997	3.997	3.997	3.997
194.963	51291.87	3.997	3.995	3.997	3.997	3.997	3.997	3.997	3.997	3.997	3.997	3.997	3.997	3.997	3.997	3.997	3.997	3.997	3.997	3.997	3.997	3.997	3.997	3.997	3.997	3.997	3.997	3.997	3.997	3.997	3.997	3.997
195.539	51140.59	3.997	3.995	3.997	3.997	3.997	3.997	3.997	3.997	3.997	3.997	3.997	3.997	3.997	3.997	3.997	3.997	3.997	3.997	3.997	3.997	3.997	3.997	3.997	3.997	3.997	3.997	3.997	3.997	3.997	3.997	3.997
196.116	50990.21	3.997	3.995	3.997	3.997	3.997	3.997	3.997	3.997	3.997	3.997	3.997	3.997	3.997	3.997	3.997	3.997	3.997	3.997	3.997	3.997	3.997	3.997	3.997	3.997	3.997	3.997	3.997	3.997	3.997	3.997	3.997
196.693	50840.70	3.997	3.995	3.997	3.997	3.997	3.997	3.997	3.997	3.997	3.997	3.997	3.997	3.997	3.997	3.997	3.997	3.997	3.997	3.997	3.997	3.997	3.997	3.997	3.997	3.997	3.997	3.997	3.997	3.997	3.997	3.997
197.270	50692.07	3.997	3.995	3.997	3.997	3.997	3.997	3.997	3.997	3.997	3.997	3.997	3.997	3.997	3.997	3.997	3.997	3.997	3.997	3.997	3.997	3.997	3.997	3.997	3.997	3.997	3.997	3.997	3.997	3.997	3.997	3.997
197.846	50544.31	3.997	3.995	3.997	3.997	3.997	3.997	3.997	3.997	3.997	3.997	3.997	3.997	3.997	3.997	3.997	3.997	3.997	3.997	3.997	3.997	3.997	3.997	3.997	3.997	3.997	3.997	3.997	3.997	3.997	3.997	3.997
198.423	50397.40	3.997	3.995	3.997	3.997	3.997	3.997	3.997	3.92	3.997	3.997	3.997	3.997	3.997	3.997	3.997	3.997	3.997	3.997	3.997	3.997	3.997	3.997	3.447	3.997	3.997	3.997	3.997	3.997	3.746	3.997	3.997
199.000	50251.35	3.997	3.664	3.997	3.997	3.997	3.997	3.997	3.767	3.997	3.647	3.997	3.733	3.997	3.997	3.997	3.997	3.66	3.997	3.592	3.997	3.997	3.997	2.369	3.997	3.639	3.997	3.997	3.997	2.882	3.997	3.837
199.576	50106.14	3.997	2.758	3.997	3.997	3.997	3.997	3.997	3.997	3.997	2.691	3.997	3.011	3.997	3.997	3.997	3.997	2.743	3.997	2.488	3.997	3.997	3.997	3.997	3.997	2.661	3.997	3.997	3.997	2.616	3.997	3.402
200.153	49961.76	3.997	3.995	3.997	3.997	3.997	3.997	3.997	3.997	3.997	3.997	3.997	3.997	3.997	3.997	3.997	3.997	3.997	3.997	3.997	3.997	3.997	3.997	3.997	3.997	3.997	3.997	3.997	3.997	3.997	3.997	3.997
200.730	49818.22	3.997	3.995	3.997	3.997	3.997	3.997	3.997	3.997	3.997	3.997	3.997	3.997	3.997	3.997	3.997	3.997	3.997	3.997	3.997	3.997	3.997	3.997	3.997	3.997	3.997	3.997	3.997	3.997	3.997	3.997	3.997
201.306	49675.50	3.997	3.995	3.997	3.997	3.997	3.997	3.997	3.997	3.997	3.997	3.997	3.997	3.997	3.997	3.997	3.997	3.997	3.997	3.997	3.997	3.997	3.997	3.997	3.997	3.997	3.997	3.997	3.997	3.997	3.997	3.997
201.883	49533.59	3.997	3.995	3.997	3.997	3.997	3.997	3.997	3.997	3.997	3.997	3.997	3.997	3.997	3.997	3.997	3.997	3.997	3.997	3.997	3.997	3.997	3.997	3.997	3.997	3.997	3.997	3.997	3.997	3.997	3.997	3.997
202.460	49392.50	3.997	3.995	3.997	3.997	3.997	3.997	3.997	3.997	3.997	3.997	3.997	3.997	3.997	3.997	3.997	3.997	3.997	3.997	3.997	3.997	3.997	3.997	3.997	3.997	3.997	3.997	3.997	3.997	3.997	3.997	3.997
203.037	49252.20	3.997	3.995	3.997	3.997	3.997	3.997	3.997	3.997	3.997	3.997	3.997	3.997	3.997	3.997	3.997	3.997	3.997	3.997	3.997	3.997	3.997	3.997	3.997	3.997	3.997	3.997	3.997	3.997	3.997	3.997	3.997
203.613	49112.70	3.997	3.995	3.997	3.997	3.997	3.997	3.997	3.997	3.997	3.997	3.997	3.997	3.997	3.997	3.997	3.997	3.997	3.997	3.997	3.997	3.997	3.997	3.997	3.997	3.997	3.997	3.997	3.997	3.997	3.997	3.997
204.190	48973.99	3.997	3.995	3.997	3.997	3.997	3.997	3.997	3.997	3.997	3.997	3.997	3.997	3.997	3.997	3.997	3.997	3.997	3.997	3.997	3.997	3.997	3.997	3.997	3.997	3.997	3.997	3.997	3.997	3.997	3.997	3.997
204.767	48836.06	3.997	3.995	3.997	3.997	3.997	3.997	3.997	3.997	3.997	3.997	3.997	3.997	3.997	3.997	3.997	3.997	3.997	3.997	3.997	3.997	3.997	3.997	3.997	3.997	3.997	3.997	3.997	3.997	3.997	3.997	3.997
205.343	48698.90	3.997	3.995	3.997	3.997	3.997	3.997	3.997	3.997	3.997	3.997	3.997	3.997	3.997	3.997	3.997	3.997	3.997	3.997	3.997	3.997	3.997	3.997	3.997	3.997	3.997	3.997	3.997	3.997	3.997	3.997	3.997
205.920	48562.51	3.997	3.995	3.997	3.997	3.997	3.997	3.997	3.997	3.997	3.997	3.997	3.997	3.997	3.997	3.997	3.997	3.997	3.997	3.997	3.997	3.997	3.997	3.997	3.997	3.997	3.997	3.997	3.997	3.997	3.997	3.997
206.497	48426.89	3.997	3.995	3.997	3.997	3.997	3.997	3.997	3.997	3.997	3.997	3.997	3.997	3.997	3.997	3.997	3.997	3.997	3.997	3.997	3.997	3.997	3.997	3.997	3.997	3.997	3.997	3.997	3.997	3.997	3.997	3.997
207.074	48292.02	3.997	3.995	3.997	3.997	3.997	3.997	3.997	3.997	3.997	3.997	3.997	3.997	3.997	3.997	4.09	3.674	3.997	3.997	4.182	3.997	3.997	3.997	3.997	3.997	3.997	3.997	3.303	3.997	3.997	3.997	3.997
207.650	48157.89	3.997	3.995	3.997	3.997	3.997	3.997	3.997	3.997	3.997	3.997	3.997	3.997	3.997	3.997	4.059	3.783	3.997	3.997	4.12	3.997	3.997	3.997	3.997	3.997	3.997	3.997	3.537	3.997	3.997	3.997	3.997
208.227	48024.51	3.997	3.995	3.997	3.997	3.997	3.997	3.997	3.997	3.997	3.997	3.997	3.997	3.997	3.997	3.997	3.997	3.997	3.997	3.997	3.997	3.997	3.997	3.997	3.997	3.997	3.997	3.997	3.997	3.997	3.997	3.997
208.804	47891.87	3.997	3.995	3.997	3.997	3.997	3.997	3.997	3.997	3.997	3.997	3.997	3.997	3.997	3.997	3.997	3.997	3.997	3.997	3.997	3.997	3.997	3.997	3.997	3.997	3.997	3.997	3.997	3.997	3.997	3.997	3.997
209.380	47759.96	3.997	3.995	3.997	3.997	3.997	3.997	3.997	3.997	3.997	3.997	3.997	3.997	3.997	3.997	3.997	3.997	3.997	3.997	3.997	3.997	3.997	3.997	3.997	3.997	3.997	3.997	3.997	3.997	3.997	3.997	3.997
209.957	47628.77	3.997	3.995	3.997	3.997	3.997	3.997	3.997	3.997	3.997	3.997	3.997	3.997	3.997	3.997	3.997	3.997	3.997	3.997	3.997	3.997	3.997	3.997	3.997	3.997	3.997	3.997	3.997	3.997	3.997	3.997	3.997
210.534	47498.31	3.997	3.817	3.997	3.997	3.997	3.997	3.706	3.997	3.98	3.997	3.997	4.134	3.997	3.997	3.997	3.997	3.997	3.997	3.997	3.997	3.997	3.997	3.997	3.997	3.997	3.73	3.997	3.997	3.997	3.997	3.997
211.111	47368.55	3.997	3.678	3.997	3.997	3.997	3.997	3.479	3.997	3.967	3.997	3.997	4.241	3.997	3.997	3.997	3.997	3.997	3.997	3.997	3.997	3.997	3.997	3.997	3.997	3.997	3.521	3.997	3.997	3.997	3.997	3.997
211.687	47239.50	3.997	3.995	3.997	3.997	3.997	3.997	3.997	3.997	3.997	3.997	3.997	3.997	3.997	3.997	3.997	3.997	3.997	3.997	3.997	3.997	3.997	3.997	3.997	3.997	3.997	3.997	3.997	3.997	3.997	3.997	3.997
212.264	47111.16	3.499	3.5	3.493	3.489	3.496	3.503	3.498	3.504	3.504	3.503	3.5	3.493	3.502	3.495	3.493	3.507	3.507	3.494	3.488	3.509	3.5	3.503	3.499	3.506	3.506	3.503	3.499	3.498	3.513	3.505	3.503
212.841	46983.50	2.093	2.103	2.081	2.078	2.094	2.117	2.102	2.12	2.134	2.115	2.108	2.079	2.122	2.117	2.105	2.137	2.15	2.111	2.096	2.166	2.119	2.14	2.134	2.161	2.153	2.136	2.128	2.15	2.18	2.157	2.169
213.417	46856.54	2.445	2.449	2.463	2.504	2.474	2.48	2.496	2.48	2.54	2.486	2.483	2.456	2.518	2.592	2.58	2.518	2.576	2.592	2.585	2.607	2.531	2.577	2.611	2.634	2.61	2.579	2.585	2.705	2.63	2.618	2.706
213.994	46730.26	2.523	2.501	2.481	2.509	2.486	2.505	2.585	2.527	2.497	2.571	2.512	2.515	2.514	2.536	2.593	2.547	2.558	2.601	2.525	2.553	2.541	2.561	2.583	2.585	2.616	2.619	2.569	2.66	2.618	2.54	2.612
214.571	46604.67	3.997	3.995	3.997	3.997	3.997	3.997	3.997	3.997	3.997	3.997	3.997	3.997	3.997	3.997	3.997	3.997	3.997	3.997	3.997	3.997	3.997	3.997	3.997	3.997	3.997	3.997	3.997	3.997	3.997	3.997	3.997
215.147	46479.74	3.937	3.928	3.935	3.937	3.935	3.937	3.935	3.937	3.933	3.936	3.94	3.937	3.941	3.934	3.939	3.938	3.939	3.94	3.938	3.938	3.938	3.94	3.943	3.942	3.942	3.94	3.941	3.942	3.943	3.939	3.943
215.724	46355.48	2.491	2.326	2.458	2.51	2.454	2.497	2.45	2.499	2.404	2.47	2.584	2.51	2.602	2.429	2.564	2.529	2.565	2.573	2.528	2.545	2.52	2.597	2.66	2.624	2.642	2.589	2.608	2.637	2.664	2.577	2.674
216.301	46231.89	3.933	3.924	3.931	3.934	3.931	3.933	3.931	3.933	3.929	3.932	3.936	3.933	3.937	3.93	3.936	3.934	3.936	3.936	3.934	3.935	3.934	3.937	3.94	3.938	3.939	3.936	3.937	3.938	3.94	3.936	3.94
216.878	46108.95	2.225	2.241	2.19	2.259	2.258	2.237	2.224	2.187	2.269	2.274	2.309	2.248	2.23	2.272	2.22	2.223	2.283	2.281	2.266	2.268	2.233	2.251	2.24	2.354	2.326	2.239	2.273	2.269	2.299	2.304	2.256
217.454	45986.67	3.754	3.754	3.749	3.758	3.758	3.755	3.754	3.748	3.759	3.76	3.765	3.757	3.754	3.76	3.753	3.753	3.761	3.761	3.759	3.759	3.755	3.757	3.755	3.771	3.767	3.755	3.76	3.759	3.764	3.764	3.757
218.031	45865.03	2.559	2.506	2.537	2.559	2.549	2.528	2.542	2.521	2.548	2.512	2.514	2.558	2.542	2.55	2.592	2.557	2.561	2.646	2.557	2.622	2.555	2.584	2.592	2.659	2.607	2.577	2.597	2.622	2.652	2.62	2.627
218.608	45744.03	2.017	2.01	2.013	2.028	2.021	2.016	2.026	2.006	2.014	2.006	2.012	2.019	2.019	2.029	2.035	2.032	2.034	2.064	2.052	2.061	2.045	2.05	2.056	2.064	2.066	2.047	2.067	2.072	2.09	2.061	2.087
219.184	45623.67	2.068	2.067	2.067	2.054	2.062	2.056	2.059	2.058	2.058	2.074	2.074	2.064	2.067	2.08	2.079	2.083	2.081	2.09	2.088	2.097	2.09	2.114	2.108	2.103	2.11	2.1	2.106	2.122	2.123	2.113	2.141
219.761	45503.94	1.974	1.959	1.97	1.956	1.961	1.96	1.959	1.96	1.964	1.966	1.968	1.972	1.964	1.979	1.979	1.979	1.98	1.986	1.983	1.985	1.984	1.993	1.993	1.995	1.998	1.998	1.996	2.001	1.998	2.007	2.017
220.338	45384.84	1.847	1.837	1.84	1.838	1.835	1.846	1.839	1.843	1.841	1.844	1.846	1.844	1.842	1.845	1.849	1.85	1.851	1.856	1.854	1.851	1.859	1.849	1.853	1.859	1.858	1.86	1.858	1.86	1.862	1.862	1.869
220.915	45266.36	1.826	1.825	1.823	1.822	1.826	1.831	1.827	1.83	1.823	1.833	1.833	1.827	1.83	1.829	1.835	1.836	1.832	1.842	1.83	1.838	1.836	1.834	1.833	1.839	1.843	1.841	1.835	1.843	1.848	1.844	1.845
221.491	45148.50	1.775	1.773	1.779	1.776	1.779	1.782	1.78	1.783	1.777	1.784	1.787	1.783	1.782	1.782	1.79	1.783	1.785	1.788	1.783	1.792	1.786	1.787	1.788	1.79	1.794	1.792	1.791	1.794	1.798	1.794	1.797
222.068	45031.25	1.732	1.733	1.738	1.738	1.737	1.741	1.738	1.742	1.736	1.744	1.744	1.746	1.743	1.743	1.747	1.743	1.745	1.744	1.744	1.748	1.743	1.746	1.747	1.75	1.749	1.75	1.748	1.752	1.751	1.746	1.755
222.645	44914.61	1.739	1.741	1.747	1.749	1.754	1.752	1.752	1.754	1.75	1.754	1.755	1.758	1.757	1.755	1.756	1.757	1.754	1.761	1.755	1.757	1.754	1.76	1.758	1.763	1.763	1.761	1.758	1.765	1.761	1.76	1.766
223.221	44798.57	1.746	1.746	1.761	1.763	1.77	1.766	1.766	1.767	1.765	1.766	1.773	1.772	1.769	1.771	1.769	1.767	1.769	1.777	1.768	1.772	1.77	1.773	1.775	1.776	1.779	1.772	1.773	1.777	1.776	1.776	1.776
223.798	44683.12	1.746	1.75	1.766	1.771	1.774	1.772	1.773	1.774	1.772	1.776	1.78	1.78	1.775	1.779	1.776	1.776	1.78	1.782	1.778	1.779	1.777	1.778	1.783	1.785	1.787	1.779	1.781	1.782	1.781	1.781	1.78
224.375	44568.28	1.724	1.735	1.749	1.758	1.759	1.76	1.765	1.765	1.764	1.765	1.766	1.766	1.763	1.766	1.766	1.768	1.769	1.769	1.77	1.767	1.768	1.767	1.769	1.776	1.771	1.767	1.77	1.768	1.769	1.765	1.769
224.952	44454.02	1.701	1.717	1.73	1.736	1.742	1.743	1.749	1.746	1.75	1.752	1.748	1.747	1.748	1.749	1.75	1.748	1.75	1.753	1.752	1.752	1.752	1.75	1.747	1.754	1.751	1.751	1.752	1.749	1.752	1.748	1.753
225.528	44340.34	1.72	1.733	1.75	1.757	1.764	1.767	1.771	1.764	1.768	1.776	1.773	1.771	1.771	1.768	1.769	1.768	1.771	1.775	1.773	1.776	1.771	1.775	1.767	1.776	1.774	1.775	1.776	1.772	1.773	1.771	1.773
226.105	44227.25	1.726	1.739	1.757	1.769	1.774	1.776	1.778	1.778	1.774	1.781	1.785	1.781	1.783	1.78	1.777	1.78	1.779	1.783	1.784	1.783	1.782	1.783	1.784	1.783	1.784	1.781	1.785	1.785	1.781	1.782	1.783
226.682	44114.73	1.746	1.762	1.781	1.789	1.795	1.798	1.804	1.802	1.805	1.807	1.808	1.807	1.808	1.807	1.809	1.807	1.809	1.81	1.807	1.81	1.809	1.807	1.813	1.808	1.812	1.809	1.807	1.814	1.806	1.81	1.806
227.258	44002.78	1.759	1.781	1.8	1.81	1.816	1.822	1.827	1.827	1.825	1.826	1.825	1.828	1.825	1.826	1.828	1.829	1.83	1.829	1.828	1.828	1.83	1.828	1.828	1.83	1.831	1.83	1.828	1.827	1.825	1.83	1.831
227.835	43891.39	1.783	1.809	1.826	1.839	1.842	1.854	1.852	1.856	1.852	1.855	1.858	1.858	1.852	1.855	1.859	1.853	1.856	1.86	1.857	1.855	1.861	1.856	1.856	1.86	1.861	1.861	1.857	1.857	1.86	1.858	1.861
228.412	43780.57	1.823	1.841	1.868	1.883	1.883	1.893	1.9	1.892	1.896	1.904	1.896	1.899	1.904	1.897	1.9	1.902	1.899	1.903	1.9	1.904	1.899	1.902	1.903	1.901	1.904	1.902	1.901	1.901	1.902	1.899	1.905
228.989	43670.31	1.848	1.875	1.896	1.911	1.913	1.921	1.926	1.922	1.928	1.928	1.926	1.93	1.931	1.925	1.931	1.934	1.933	1.933	1.928	1.936	1.928	1.931	1.93	1.929	1.934	1.932	1.931	1.935	1.931	1.928	1.934
229.565	43560.60	1.877	1.902	1.918	1.935	1.941	1.947	1.947	1.949	1.953	1.953	1.953	1.949	1.957	1.958	1.956	1.958	1.958	1.96	1.954	1.955	1.954	1.958	1.958	1.958	1.961	1.954	1.961	1.958	1.96	1.953	1.957
230.142	43451.45	1.932	1.966	1.992	2.006	2.013	2.02	2.029	2.028	2.027	2.027	2.037	2.029	2.037	2.029	2.034	2.039	2.028	2.04	2.026	2.035	2.03	2.036	2.027	2.037	2.035	2.028	2.033	2.035	2.034	2.03	2.03
230.719	43342.83	1.984	2.013	2.036	2.054	2.059	2.065	2.078	2.078	2.076	2.084	2.08	2.073	2.081	2.078	2.087	2.083	2.083	2.083	2.089	2.08	2.083	2.08	2.084	2.085	2.084	2.085	2.081	2.088	2.083	2.086	2.089
231.295	43234.76	1.991	2.022	2.049	2.064	2.066	2.075	2.08	2.082	2.083	2.08	2.079	2.083	2.082	2.087	2.092	2.091	2.091	2.089	2.086	2.086	2.081	2.089	2.091	2.089	2.085	2.087	2.095	2.087	2.088	2.092	2.089
231.872	43127.23	2.016	2.045	2.069	2.083	2.096	2.097	2.107	2.107	2.106	2.108	2.111	2.111	2.107	2.113	2.112	2.112	2.111	2.116	2.11	2.109	2.113	2.115	2.115	2.114	2.115	2.109	2.111	2.113	2.113	2.117	2.114
232.449	43020.23	2.065	2.098	2.124	2.144	2.147	2.153	2.158	2.162	2.167	2.164	2.172	2.165	2.171	2.166	2.167	2.168	2.173	2.165	2.166	2.173	2.166	2.167	2.167	2.171	2.173	2.164	2.17	2.161	2.171	2.175	2.174
233.025	42913.76	2.043	2.072	2.096	2.113	2.115	2.127	2.13	2.132	2.132	2.127	2.133	2.133	2.135	2.131	2.135	2.134	2.137	2.137	2.137	2.14	2.135	2.136	2.134	2.136	2.142	2.134	2.134	2.135	2.135	2.138	2.137
233.602	42807.82	2.085	2.119	2.139	2.157	2.17	2.173	2.186	2.178	2.178	2.183	2.182	2.175	2.182	2.181	2.183	2.182	2.182	2.188	2.185	2.188	2.183	2.18	2.183	2.185	2.188	2.183	2.183	2.187	2.182	2.186	2.187
234.179	42702.40	2.134	2.161	2.186	2.204	2.216	2.216	2.228	2.225	2.221	2.227	2.231	2.228	2.227	2.232	2.227	2.229	2.23	2.232	2.229	2.228	2.231	2.225	2.23	2.227	2.234	2.233	2.229	2.232	2.232	2.231	2.236
234.756	42597.49	2.164	2.193	2.217	2.232	2.249	2.245	2.255	2.256	2.258	2.26	2.265	2.263	2.261	2.265	2.263	2.263	2.262	2.268	2.259	2.259	2.262	2.262	2.26	2.259	2.267	2.267	2.26	2.262	2.264	2.268	2.265
235.332	42493.10	2.256	2.285	2.322	2.343	2.356	2.356	2.362	2.372	2.372	2.373	2.375	2.372	2.367	2.375	2.377	2.381	2.37	2.38	2.372	2.374	2.384	2.374	2.377	2.382	2.386	2.374	2.378	2.373	2.382	2.377	2.376
235.909	42389.22	2.293	2.328	2.362	2.385	2.393	2.4	2.407	2.416	2.415	2.42	2.418	2.414	2.405	2.42	2.417	2.421	2.415	2.426	2.416	2.418	2.427	2.424	2.416	2.43	2.431	2.412	2.424	2.422	2.428	2.419	2.424
236.486	42285.85	2.276	2.318	2.345	2.365	2.372	2.379	2.386	2.392	2.392	2.395	2.4	2.391	2.389	2.397	2.387	2.395	2.393	2.405	2.392	2.396	2.394	2.397	2.39	2.401	2.409	2.393	2.396	2.403	2.406	2.398	2.402
237.062	42182.98	2.268	2.307	2.334	2.352	2.365	2.367	2.372	2.374	2.376	2.376	2.385	2.375	2.383	2.379	2.376	2.379	2.382	2.384	2.383	2.385	2.378	2.378	2.38	2.385	2.396	2.386	2.382	2.39	2.39	2.387	2.384
237.639	42080.61	2.281	2.319	2.345	2.36	2.373	2.38	2.391	2.385	2.391	2.391	2.395	2.392	2.39	2.386	2.392	2.391	2.395	2.399	2.398	2.397	2.396	2.395	2.394	2.405	2.401	2.395	2.392	2.402	2.401	2.4	2.401
238.216	41978.73	2.293	2.332	2.355	2.368	2.379	2.389	2.402	2.393	2.401	2.397	2.404	2.406	2.395	2.397	2.398	2.407	2.401	2.414	2.406	2.404	2.408	2.407	2.4	2.419	2.408	2.398	2.397	2.407	2.411	2.404	2.412
238.793	41877.35	2.275	2.314	2.332	2.351	2.363	2.365	2.37	2.364	2.37	2.368	2.37	2.374	2.378	2.376	2.377	2.387	2.383	2.38	2.383	2.381	2.382	2.382	2.373	2.392	2.387	2.374	2.374	2.38	2.385	2.38	2.38
239.369	41776.46	2.272	2.31	2.331	2.355	2.356	2.364	2.365	2.367	2.369	2.371	2.371	2.363	2.379	2.369	2.372	2.385	2.385	2.376	2.375	2.374	2.374	2.376	2.379	2.388	2.382	2.37	2.371	2.376	2.378	2.381	2.38
239.946	41676.05	2.283	2.314	2.344	2.371	2.365	2.375	2.378	2.379	2.378	2.381	2.397	2.379	2.392	2.393	2.391	2.394	2.397	2.396	2.387	2.394	2.388	2.392	2.391	2.397	2.394	2.384	2.385	2.388	2.386	2.39	2.393
240.523	41576.12	2.32	2.353	2.385	2.41	2.415	2.421	2.422	2.432	2.421	2.423	2.433	2.432	2.435	2.431	2.431	2.439	2.429	2.444	2.435	2.44	2.439	2.432	2.422	2.434	2.432	2.435	2.431	2.439	2.438	2.428	2.437
241.099	41476.67	2.299	2.337	2.362	2.386	2.381	2.403	2.399	2.405	2.398	2.413	2.408	2.394	2.404	2.407	2.411	2.413	2.419	2.416	2.404	2.41	2.413	2.401	2.407	2.405	2.409	2.414	2.409	2.41	2.414	2.415	2.417
241.676	41377.69	2.384	2.422	2.438	2.482	2.46	2.477	2.481	2.488	2.491	2.507	2.502	2.482	2.499	2.498	2.512	2.504	2.503	2.506	2.497	2.506	2.491	2.496	2.498	2.495	2.5	2.49	2.506	2.509	2.505	2.505	2.515
242.253	41279.19	2.34	2.38	2.409	2.435	2.44	2.443	2.44	2.443	2.441	2.445	2.443	2.446	2.456	2.449	2.459	2.466	2.46	2.466	2.462	2.471	2.451	2.454	2.453	2.462	2.449	2.464	2.475	2.469	2.473	2.458	2.476
242.830	41181.15	2.313	2.348	2.375	2.392	2.401	2.406	2.417	2.406	2.411	2.41	2.418	2.42	2.409	2.419	2.424	2.437	2.421	2.424	2.421	2.417	2.415	2.427	2.412	2.434	2.426	2.415	2.424	2.423	2.434	2.428	2.436
243.406	41083.58	2.289	2.306	2.335	2.339	2.354	2.36	2.362	2.357	2.356	2.368	2.373	2.373	2.374	2.371	2.382	2.388	2.38	2.379	2.358	2.372	2.374	2.38	2.358	2.381	2.376	2.371	2.365	2.362	2.363	2.377	2.393
243.983	40986.47	2.309	2.345	2.354	2.364	2.373	2.395	2.391	2.381	2.389	2.391	2.385	2.378	2.412	2.387	2.391	2.386	2.392	2.386	2.386	2.407	2.398	2.394	2.385	2.41	2.39	2.396	2.409	2.394	2.406	2.399	2.411
244.560	40889.82	2.185	2.194	2.215	2.226	2.233	2.247	2.237	2.239	2.235	2.231	2.231	2.235	2.242	2.241	2.245	2.243	2.24	2.253	2.234	2.247	2.244	2.246	2.247	2.246	2.247	2.242	2.242	2.238	2.247	2.24	2.257
245.136	40793.62	2.113	2.14	2.153	2.161	2.169	2.167	2.172	2.17	2.165	2.171	2.173	2.169	2.178	2.177	2.177	2.186	2.171	2.185	2.181	2.171	2.185	2.184	2.179	2.177	2.185	2.185	2.188	2.186	2.181	2.187	2.186
245.713	40697.87	2.172	2.186	2.204	2.221	2.22	2.224	2.225	2.225	2.23	2.228	2.237	2.221	2.223	2.23	2.231	2.222	2.227	2.243	2.228	2.23	2.227	2.236	2.237	2.238	2.242	2.239	2.238	2.238	2.243	2.237	2.239
246.290	40602.58	2.209	2.231	2.242	2.259	2.253	2.26	2.262	2.27	2.256	2.266	2.267	2.264	2.265	2.266	2.272	2.279	2.276	2.267	2.285	2.285	2.274	2.291	2.279	2.277	2.28	2.275	2.284	2.292	2.28	2.289	2.293
246.866	40507.72	2.085	2.096	2.104	2.118	2.126	2.118	2.123	2.13	2.128	2.128	2.128	2.125	2.13	2.126	2.127	2.137	2.135	2.13	2.137	2.134	2.132	2.14	2.136	2.141	2.14	2.142	2.139	2.138	2.142	2.14	2.142
247.443	40413.31	2.059	2.06	2.077	2.087	2.084	2.084	2.085	2.096	2.099	2.093	2.095	2.099	2.093	2.093	2.095	2.098	2.094	2.098	2.098	2.095	2.099	2.099	2.099	2.103	2.108	2.107	2.101	2.103	2.104	2.102	2.103
248.020	40319.34	2.044	2.043	2.064	2.064	2.058	2.064	2.065	2.071	2.07	2.068	2.07	2.071	2.069	2.072	2.072	2.075	2.077	2.077	2.076	2.078	2.078	2.076	2.079	2.081	2.073	2.079	2.08	2.081	2.081	2.08	2.087
248.597	40225.81	2.006	2.007	2.014	2.014	2.017	2.02	2.022	2.025	2.023	2.026	2.021	2.022	2.026	2.027	2.03	2.038	2.028	2.032	2.03	2.037	2.031	2.028	2.035	2.033	2.03	2.028	2.034	2.04	2.029	2.035	2.038
249.173	40132.71	1.931	1.925	1.932	1.939	1.938	1.941	1.941	1.944	1.943	1.942	1.941	1.942	1.942	1.944	1.947	1.951	1.947	1.95	1.948	1.95	1.947	1.949	1.952	1.952	1.949	1.947	1.954	1.956	1.953	1.956	1.949
249.750	40040.03	1.89	1.884	1.89	1.893	1.895	1.898	1.9	1.899	1.898	1.894	1.9	1.898	1.895	1.898	1.901	1.905	1.905	1.908	1.901	1.904	1.901	1.907	1.909	1.91	1.908	1.904	1.911	1.91	1.913	1.912	1.908
250.327	39947.79	1.849	1.848	1.848	1.849	1.852	1.854	1.854	1.854	1.853	1.852	1.856	1.858	1.855	1.854	1.856	1.86	1.859	1.863	1.859	1.861	1.859	1.86	1.86	1.865	1.863	1.859	1.862	1.865	1.866	1.864	1.866
250.903	39855.97	1.811	1.809	1.811	1.81	1.813	1.813	1.811	1.814	1.815	1.816	1.815	1.819	1.82	1.819	1.821	1.819	1.819	1.825	1.822	1.821	1.821	1.819	1.82	1.824	1.823	1.823	1.822	1.825	1.827	1.824	1.826
251.480	39764.57	1.763	1.758	1.761	1.759	1.761	1.762	1.764	1.761	1.764	1.765	1.764	1.765	1.769	1.768	1.772	1.77	1.769	1.773	1.77	1.771	1.771	1.77	1.771	1.775	1.772	1.773	1.774	1.774	1.777	1.775	1.776
252.057	39673.58	1.71	1.706	1.705	1.705	1.706	1.707	1.709	1.707	1.707	1.708	1.711	1.709	1.713	1.71	1.714	1.716	1.714	1.715	1.713	1.714	1.716	1.714	1.716	1.72	1.715	1.716	1.718	1.718	1.719	1.719	1.721
252.634	39583.02	1.688	1.683	1.684	1.683	1.684	1.684	1.684	1.686	1.684	1.686	1.689	1.687	1.688	1.687	1.689	1.691	1.691	1.693	1.69	1.691	1.692	1.691	1.694	1.696	1.695	1.695	1.695	1.696	1.697	1.698	1.7
253.210	39492.86	1.657	1.649	1.652	1.651	1.65	1.651	1.651	1.651	1.652	1.654	1.656	1.655	1.654	1.656	1.654	1.659	1.659	1.66	1.658	1.66	1.66	1.66	1.662	1.662	1.664	1.664	1.664	1.665	1.666	1.667	1.667
253.787	39403.12	1.599	1.595	1.595	1.595	1.593	1.593	1.593	1.594	1.594	1.596	1.598	1.598	1.598	1.6	1.598	1.601	1.602	1.603	1.604	1.603	1.605	1.605	1.605	1.606	1.606	1.608	1.608	1.607	1.609	1.609	1.61
254.364	39313.78	1.554	1.548	1.549	1.548	1.549	1.548	1.55	1.548	1.549	1.549	1.551	1.552	1.553	1.554	1.554	1.554	1.555	1.557	1.558	1.557	1.56	1.558	1.56	1.562	1.56	1.563	1.561	1.563	1.564	1.565	1.563
254.940	39224.85	1.53	1.524	1.525	1.525	1.525	1.525	1.527	1.527	1.527	1.527	1.527	1.53	1.529	1.533	1.534	1.531	1.534	1.533	1.535	1.536	1.535	1.535	1.538	1.538	1.54	1.541	1.539	1.54	1.542	1.542	1.541
255.517	39136.32	1.486	1.483	1.483	1.483	1.482	1.484	1.486	1.486	1.485	1.487	1.486	1.487	1.488	1.491	1.493	1.491	1.493	1.492	1.493	1.495	1.495	1.493	1.496	1.496	1.499	1.499	1.498	1.499	1.501	1.5	1.501
256.094	39048.19	1.447	1.445	1.447	1.447	1.446	1.447	1.449	1.448	1.448	1.451	1.451	1.45	1.451	1.454	1.455	1.456	1.455	1.456	1.456	1.457	1.458	1.458	1.46	1.459	1.46	1.461	1.459	1.463	1.464	1.462	1.464
256.671	38960.45	1.409	1.406	1.409	1.41	1.409	1.41	1.412	1.412	1.413	1.415	1.412	1.414	1.414	1.417	1.417	1.419	1.419	1.42	1.419	1.421	1.421	1.422	1.423	1.424	1.424	1.425	1.425	1.426	1.427	1.426	1.427
257.247	38873.11	1.374	1.375	1.376	1.377	1.377	1.378	1.381	1.38	1.38	1.381	1.383	1.382	1.382	1.384	1.385	1.386	1.386	1.388	1.389	1.388	1.39	1.391	1.391	1.391	1.394	1.393	1.393	1.394	1.395	1.394	1.397
257.824	38786.15	1.344	1.342	1.346	1.35	1.347	1.348	1.351	1.352	1.352	1.353	1.351	1.354	1.356	1.357	1.357	1.359	1.358	1.358	1.361	1.36	1.361	1.362	1.361	1.364	1.364	1.364	1.365	1.367	1.367	1.365	1.368
258.401	38699.59	1.308	1.308	1.312	1.314	1.314	1.316	1.318	1.317	1.317	1.32	1.32	1.321	1.321	1.323	1.325	1.324	1.324	1.326	1.327	1.326	1.328	1.328	1.33	1.33	1.331	1.332	1.333	1.333	1.333	1.334	1.335
258.977	38613.41	1.271	1.274	1.278	1.28	1.281	1.282	1.285	1.285	1.286	1.286	1.287	1.289	1.289	1.29	1.291	1.292	1.292	1.295	1.295	1.294	1.294	1.298	1.297	1.299	1.299	1.299	1.3	1.301	1.301	1.301	1.301
259.554	38527.61	1.24	1.244	1.247	1.25	1.251	1.253	1.254	1.254	1.256	1.256	1.259	1.259	1.259	1.26	1.26	1.262	1.263	1.265	1.263	1.265	1.266	1.266	1.267	1.269	1.269	1.27	1.268	1.269	1.271	1.272	1.272
260.131	38442.20	1.215	1.218	1.223	1.224	1.227	1.229	1.231	1.231	1.231	1.233	1.233	1.235	1.236	1.236	1.237	1.238	1.24	1.24	1.24	1.242	1.242	1.243	1.244	1.244	1.246	1.247	1.246	1.247	1.249	1.249	1.249
260.708	38357.16	1.181	1.184	1.191	1.193	1.195	1.196	1.198	1.198	1.199	1.201	1.201	1.203	1.203	1.204	1.206	1.206	1.207	1.208	1.209	1.21	1.211	1.211	1.211	1.213	1.214	1.213	1.216	1.216	1.217	1.218	1.218
261.284	38272.50	1.156	1.16	1.165	1.169	1.172	1.173	1.174	1.175	1.176	1.178	1.177	1.18	1.179	1.181	1.183	1.184	1.183	1.185	1.185	1.187	1.188	1.188	1.188	1.19	1.192	1.191	1.193	1.193	1.194	1.194	1.194
261.861	38188.21	1.131	1.136	1.141	1.146	1.148	1.149	1.151	1.153	1.153	1.154	1.154	1.156	1.157	1.158	1.16	1.159	1.16	1.161	1.161	1.164	1.165	1.165	1.165	1.167	1.167	1.167	1.168	1.169	1.169	1.171	1.17
262.438	38104.29	1.11	1.114	1.12	1.124	1.126	1.129	1.131	1.13	1.131	1.133	1.133	1.134	1.135	1.137	1.137	1.137	1.139	1.139	1.139	1.142	1.142	1.142	1.143	1.144	1.145	1.145	1.145	1.146	1.148	1.149	1.148
263.014	38020.74	1.084	1.09	1.096	1.1	1.102	1.104	1.106	1.106	1.107	1.109	1.11	1.11	1.11	1.111	1.112	1.113	1.114	1.115	1.115	1.116	1.117	1.116	1.119	1.118	1.119	1.119	1.12	1.12	1.123	1.122	1.124
263.591	37937.55	1.064	1.07	1.077	1.081	1.083	1.085	1.087	1.086	1.088	1.089	1.09	1.091	1.091	1.091	1.093	1.094	1.094	1.096	1.095	1.095	1.096	1.097	1.098	1.099	1.1	1.1	1.1	1.101	1.101	1.101	1.103
264.168	37854.73	1.046	1.052	1.058	1.063	1.066	1.067	1.069	1.07	1.07	1.071	1.073	1.074	1.073	1.073	1.075	1.076	1.076	1.077	1.077	1.077	1.078	1.079	1.079	1.08	1.082	1.082	1.082	1.082	1.083	1.083	1.083
264.744	37772.27	1.027	1.033	1.04	1.045	1.048	1.049	1.05	1.052	1.052	1.053	1.054	1.056	1.055	1.055	1.057	1.057	1.058	1.058	1.059	1.059	1.06	1.06	1.06	1.061	1.062	1.062	1.062	1.063	1.064	1.065	1.064
265.321	37690.17	1.01	1.017	1.025	1.028	1.031	1.032	1.034	1.035	1.036	1.037	1.037	1.039	1.039	1.039	1.04	1.041	1.041	1.041	1.042	1.043	1.044	1.044	1.044	1.045	1.045	1.046	1.046	1.047	1.047	1.048	1.048
265.898	37608.42	0.9964	1.003	1.011	1.015	1.017	1.019	1.021	1.022	1.023	1.023	1.025	1.025	1.026	1.026	1.026	1.028	1.028	1.028	1.028	1.029	1.031	1.031	1.031	1.032	1.032	1.032	1.033	1.033	1.034	1.034	1.035
266.475	37527.03	0.9834	0.9911	0.9982	1.004	1.005	1.008	1.01	1.012	1.011	1.012	1.014	1.014	1.014	1.015	1.015	1.016	1.017	1.017	1.018	1.018	1.02	1.02	1.02	1.021	1.021	1.021	1.022	1.022	1.023	1.023	1.024
267.051	37445.99	0.9736	0.9808	0.9891	0.9934	0.9958	0.9975	1	1.002	1.002	1.003	1.004	1.005	1.005	1.006	1.007	1.008	1.008	1.009	1.009	1.011	1.011	1.012	1.011	1.013	1.013	1.014	1.014	1.015	1.016	1.016	1.016
267.628	37365.29	0.9663	0.9739	0.9823	0.9861	0.989	0.9904	0.994	0.9939	0.9956	0.9957	0.9967	0.9985	0.9989	1	1.001	1.003	1.002	1.003	1.003	1.005	1.005	1.005	1.006	1.007	1.008	1.008	1.009	1.01	1.011	1.011	1.012
268.205	37284.95	0.9587	0.9662	0.9743	0.9784	0.9807	0.9832	0.9859	0.9859	0.9872	0.9882	0.9893	0.9904	0.991	0.9923	0.993	0.9942	0.995	0.9951	0.9957	0.9968	0.9974	0.9976	0.9987	1	1	1.001	1.001	1.002	1.003	1.003	1.004
268.781	37204.95	0.9519	0.9585	0.9658	0.9701	0.9726	0.9751	0.9768	0.9781	0.9779	0.9793	0.9805	0.981	0.9824	0.9827	0.9845	0.984	0.9856	0.9857	0.9864	0.9871	0.9872	0.9877	0.9892	0.9905	0.99	0.9911	0.9918	0.9913	0.992	0.9927	0.9938
269.358	37125.29	0.946	0.9535	0.9597	0.9632	0.9658	0.9686	0.9703	0.9712	0.9709	0.9722	0.9732	0.9734	0.9738	0.9747	0.9756	0.9764	0.9761	0.977	0.9779	0.9778	0.9779	0.9786	0.9791	0.9801	0.9811	0.9813	0.9814	0.9818	0.9824	0.9829	0.9842
269.935	37045.97	0.941	0.9479	0.9531	0.9573	0.9592	0.9611	0.9634	0.9637	0.9645	0.9655	0.9661	0.9663	0.9662	0.9675	0.9674	0.9684	0.9682	0.9687	0.9682	0.969	0.9705	0.9705	0.9704	0.9712	0.9716	0.9719	0.9717	0.9721	0.973	0.9744	0.9738
270.512	36967.00	0.9397	0.9449	0.9512	0.9548	0.9567	0.9587	0.9599	0.9608	0.9613	0.9623	0.9615	0.9628	0.9634	0.9634	0.9642	0.9632	0.9647	0.9646	0.9641	0.9655	0.9655	0.9654	0.9667	0.9671	0.9664	0.967	0.967	0.9666	0.9673	0.9689	0.9674
271.088	36888.35	0.9372	0.9428	0.9479	0.9512	0.9537	0.9553	0.9552	0.9563	0.9562	0.9573	0.9574	0.958	0.9585	0.9586	0.9591	0.9596	0.9598	0.96	0.9594	0.9606	0.9602	0.9611	0.961	0.9613	0.9612	0.9613	0.9618	0.9619	0.9623	0.9624	0.963
271.665	36810.04	0.9389	0.9425	0.9486	0.9517	0.9527	0.9537	0.9554	0.9545	0.9549	0.9568	0.9554	0.9569	0.957	0.9568	0.9578	0.9589	0.9585	0.9578	0.958	0.9584	0.9592	0.9594	0.9589	0.9588	0.96	0.9592	0.9594	0.9598	0.961	0.9598	0.9606
272.242	36732.07	0.9401	0.9425	0.9475	0.9512	0.9516	0.9529	0.9543	0.9544	0.9539	0.955	0.9552	0.9554	0.9557	0.9565	0.9552	0.9566	0.9569	0.957	0.9581	0.9581	0.9578	0.957	0.9575	0.9578	0.9582	0.9583	0.9583	0.9588	0.9585	0.9587	0.9593
272.818	36654.42	0.9377	0.9415	0.9454	0.9492	0.9496	0.9501	0.9523	0.9515	0.9514	0.9515	0.9516	0.9523	0.9522	0.9527	0.9528	0.9534	0.9532	0.9546	0.9539	0.954	0.9554	0.9539	0.9545	0.9544	0.9552	0.954	0.9548	0.9557	0.9555	0.9546	0.9548
273.395	36577.10	0.9429	0.9455	0.9499	0.9522	0.9528	0.9541	0.955	0.9558	0.9558	0.9548	0.9561	0.9558	0.956	0.9568	0.9567	0.9566	0.9574	0.9583	0.9585	0.9577	0.9577	0.9578	0.9583	0.9582	0.959	0.9583	0.9584	0.9583	0.959	0.9589	0.9586
273.972	36500.10	0.9497	0.9507	0.9562	0.9574	0.9583	0.9592	0.9613	0.9606	0.9609	0.9608	0.9602	0.9614	0.9617	0.9619	0.9626	0.9614	0.9615	0.9631	0.9635	0.9622	0.9634	0.9627	0.9622	0.963	0.9633	0.9636	0.9634	0.9631	0.9641	0.9633	0.9639
274.549	36423.43	0.9552	0.9567	0.9611	0.963	0.9631	0.9649	0.9647	0.9647	0.9647	0.9656	0.9652	0.9657	0.9671	0.9668	0.9664	0.9659	0.9661	0.967	0.9675	0.9677	0.9672	0.9677	0.9668	0.9684	0.9679	0.9681	0.9678	0.9674	0.9681	0.9687	0.9682
275.125	36347.08	0.9578	0.96	0.9631	0.9647	0.9644	0.9658	0.9661	0.9671	0.9667	0.967	0.967	0.9673	0.9671	0.9683	0.9683	0.9685	0.9674	0.9686	0.969	0.969	0.9697	0.9691	0.9692	0.9692	0.9695	0.969	0.9702	0.9693	0.9694	0.9705	0.9699
275.702	36271.05	0.9683	0.969	0.9713	0.9736	0.9726	0.9733	0.9745	0.9747	0.9744	0.9747	0.9745	0.9757	0.9749	0.9755	0.9758	0.9747	0.9762	0.976	0.9762	0.9757	0.9777	0.9775	0.9765	0.9764	0.9779	0.9777	0.9775	0.9771	0.9777	0.9766	0.9774
276.279	36195.34	0.9777	0.9774	0.9781	0.9803	0.9799	0.9795	0.9809	0.9805	0.9818	0.9812	0.982	0.9817	0.9815	0.9822	0.9822	0.9825	0.9821	0.9834	0.9832	0.9827	0.9833	0.9832	0.9833	0.9839	0.9831	0.9834	0.9828	0.9837	0.9844	0.9838	0.9839
276.855	36119.94	0.9878	0.9863	0.988	0.9882	0.9879	0.9885	0.9888	0.9887	0.9891	0.9892	0.9897	0.9895	0.9894	0.9903	0.9907	0.99	0.9897	0.9909	0.9905	0.9902	0.9912	0.9905	0.9906	0.991	0.9916	0.992	0.9912	0.9907	0.992	0.9911	0.991
277.432	36044.86	0.9999	0.9964	0.9977	0.9973	0.9965	0.9974	0.9968	0.997	0.9979	0.9968	0.9969	0.9979	0.998	0.9974	0.9987	0.9985	0.9982	0.9987	0.9976	0.9984	0.9983	0.9985	0.9988	0.9993	0.9989	0.999	0.9987	0.9986	0.9995	0.9988	0.9992
278.009	35970.09	1.011	1.007	1.007	1.005	1.005	1.004	1.004	1.005	1.004	1.005	1.003	1.004	1.005	1.005	1.005	1.005	1.006	1.006	1.006	1.006	1.006	1.006	1.006	1.006	1.006	1.006	1.006	1.006	1.006	1.006	1.006
278.586	35895.62	1.021	1.015	1.014	1.013	1.011	1.011	1.011	1.01	1.01	1.011	1.01	1.011	1.011	1.012	1.011	1.011	1.012	1.012	1.011	1.012	1.012	1.012	1.012	1.012	1.012	1.012	1.012	1.012	1.012	1.012	1.012
279.162	35821.47	1.037	1.029	1.027	1.025	1.023	1.023	1.022	1.022	1.021	1.022	1.022	1.022	1.022	1.022	1.022	1.022	1.023	1.022	1.022	1.023	1.023	1.023	1.023	1.023	1.023	1.023	1.023	1.024	1.024	1.024	1.024
279.739	35747.62	1.054	1.044	1.041	1.038	1.036	1.035	1.034	1.034	1.033	1.034	1.034	1.034	1.034	1.033	1.034	1.034	1.034	1.034	1.033	1.034	1.034	1.034	1.035	1.034	1.035	1.035	1.035	1.035	1.035	1.035	1.035
280.316	35674.07	1.07	1.059	1.055	1.051	1.048	1.048	1.046	1.046	1.046	1.046	1.046	1.045	1.046	1.045	1.046	1.046	1.046	1.045	1.046	1.046	1.046	1.046	1.046	1.047	1.047	1.047	1.047	1.047	1.047	1.046	1.047
280.892	35600.83	1.089	1.076	1.07	1.065	1.063	1.061	1.06	1.06	1.059	1.059	1.059	1.059	1.059	1.059	1.059	1.06	1.059	1.06	1.059	1.06	1.06	1.06	1.06	1.061	1.06	1.06	1.059	1.06	1.061	1.059	1.061
281.469	35527.89	1.111	1.096	1.089	1.084	1.081	1.079	1.077	1.076	1.076	1.076	1.076	1.076	1.076	1.076	1.076	1.077	1.076	1.077	1.077	1.077	1.077	1.077	1.077	1.077	1.077	1.077	1.076	1.077	1.077	1.076	1.077
282.046	35455.24	1.132	1.115	1.107	1.101	1.097	1.095	1.093	1.092	1.092	1.092	1.092	1.092	1.092	1.092	1.092	1.092	1.092	1.092	1.093	1.092	1.092	1.092	1.093	1.093	1.093	1.093	1.093	1.093	1.092	1.092	1.093
282.622	35382.89	1.153	1.134	1.125	1.117	1.114	1.11	1.109	1.108	1.107	1.108	1.107	1.107	1.108	1.107	1.107	1.108	1.108	1.108	1.107	1.108	1.108	1.108	1.108	1.108	1.108	1.108	1.108	1.108	1.108	1.108	1.108
283.199	35310.84	1.178	1.157	1.146	1.138	1.134	1.131	1.129	1.129	1.126	1.127	1.126	1.126	1.127	1.127	1.127	1.127	1.127	1.127	1.126	1.128	1.128	1.127	1.127	1.127	1.128	1.128	1.127	1.128	1.128	1.128	1.128
283.776	35239.08	1.202	1.179	1.166	1.157	1.152	1.149	1.148	1.147	1.145	1.145	1.144	1.144	1.145	1.145	1.146	1.145	1.145	1.145	1.145	1.146	1.145	1.145	1.145	1.146	1.146	1.145	1.145	1.146	1.146	1.146	1.146
284.353	35167.61	1.223	1.198	1.184	1.175	1.168	1.166	1.164	1.163	1.162	1.162	1.161	1.161	1.161	1.16	1.162	1.161	1.161	1.161	1.161	1.161	1.161	1.161	1.161	1.162	1.162	1.161	1.161	1.161	1.162	1.161	1.162
284.929	35096.43	1.247	1.219	1.204	1.194	1.186	1.184	1.182	1.18	1.179	1.179	1.179	1.178	1.179	1.178	1.179	1.178	1.179	1.179	1.179	1.179	1.179	1.179	1.179	1.179	1.179	1.179	1.179	1.179	1.179	1.179	1.179
285.506	35025.53	1.276	1.245	1.229	1.218	1.211	1.207	1.206	1.204	1.202	1.201	1.201	1.202	1.201	1.201	1.202	1.201	1.201	1.203	1.202	1.202	1.202	1.203	1.201	1.202	1.202	1.202	1.203	1.202	1.202	1.201	1.203
286.083	34954.92	1.299	1.267	1.248	1.238	1.23	1.226	1.223	1.22	1.22	1.219	1.219	1.219	1.219	1.219	1.219	1.218	1.219	1.22	1.219	1.22	1.22	1.22	1.219	1.22	1.22	1.22	1.22	1.22	1.22	1.22	1.219
286.659	34884.60	1.319	1.286	1.268	1.255	1.248	1.242	1.24	1.238	1.238	1.236	1.236	1.235	1.235	1.235	1.235	1.236	1.235	1.237	1.236	1.236	1.236	1.235	1.236	1.237	1.236	1.237	1.236	1.237	1.236	1.237	1.236
287.236	34814.56	1.337	1.302	1.284	1.27	1.262	1.255	1.254	1.252	1.251	1.249	1.249	1.25	1.248	1.249	1.249	1.248	1.25	1.249	1.248	1.249	1.247	1.249	1.249	1.25	1.25	1.249	1.249	1.249	1.249	1.249	1.25
287.813	34744.80	1.365	1.328	1.307	1.293	1.284	1.277	1.276	1.273	1.271	1.271	1.269	1.27	1.269	1.27	1.27	1.27	1.271	1.271	1.27	1.27	1.269	1.269	1.269	1.27	1.27	1.27	1.27	1.27	1.271	1.269	1.27
288.390	34675.32	1.386	1.347	1.325	1.31	1.3	1.294	1.291	1.29	1.286	1.289	1.287	1.286	1.286	1.286	1.286	1.285	1.287	1.287	1.286	1.286	1.286	1.286	1.287	1.287	1.286	1.286	1.287	1.287	1.287	1.286	1.286
288.966	34606.12	1.402	1.363	1.34	1.324	1.312	1.309	1.305	1.304	1.3	1.301	1.301	1.299	1.298	1.299	1.299	1.301	1.299	1.298	1.299	1.301	1.3	1.298	1.299	1.298	1.299	1.3	1.301	1.301	1.3	1.299	1.299
289.543	34537.19	1.427	1.383	1.359	1.343	1.333	1.327	1.323	1.32	1.317	1.317	1.317	1.316	1.316	1.316	1.316	1.316	1.317	1.316	1.316	1.317	1.317	1.316	1.317	1.317	1.317	1.316	1.317	1.317	1.317	1.317	1.318
290.120	34468.53	1.442	1.395	1.37	1.353	1.343	1.336	1.333	1.329	1.327	1.327	1.326	1.325	1.325	1.323	1.324	1.326	1.325	1.326	1.325	1.326	1.326	1.326	1.324	1.327	1.326	1.327	1.327	1.326	1.327	1.326	1.325
290.696	34400.15	1.45	1.406	1.376	1.361	1.348	1.342	1.338	1.335	1.333	1.332	1.332	1.331	1.331	1.33	1.33	1.332	1.332	1.331	1.331	1.33	1.332	1.33	1.331	1.332	1.331	1.331	1.331	1.331	1.33	1.332	1.331
291.273	34332.04	1.465	1.416	1.388	1.371	1.358	1.352	1.348	1.345	1.342	1.341	1.34	1.34	1.341	1.341	1.339	1.339	1.342	1.341	1.34	1.34	1.341	1.34	1.341	1.341	1.34	1.34	1.339	1.34	1.341	1.34	1.339
291.850	34264.20	1.49	1.438	1.407	1.389	1.375	1.368	1.363	1.361	1.357	1.357	1.358	1.357	1.355	1.356	1.358	1.356	1.357	1.357	1.356	1.357	1.355	1.357	1.357	1.358	1.357	1.356	1.355	1.356	1.355	1.357	1.358
292.427	34196.62	1.507	1.453	1.421	1.401	1.386	1.38	1.374	1.371	1.367	1.369	1.369	1.369	1.367	1.368	1.368	1.367	1.367	1.367	1.367	1.367	1.368	1.366	1.369	1.368	1.367	1.367	1.367	1.368	1.367	1.367	1.367
293.003	34129.32	1.513	1.458	1.426	1.406	1.391	1.385	1.379	1.377	1.372	1.372	1.372	1.372	1.372	1.372	1.37	1.371	1.371	1.37	1.372	1.37	1.37	1.371	1.371	1.371	1.371	1.372	1.371	1.37	1.373	1.372	1.37
293.580	34062.27	1.527	1.471	1.437	1.416	1.401	1.393	1.387	1.385	1.382	1.38	1.38	1.379	1.379	1.38	1.378	1.379	1.38	1.379	1.38	1.379	1.38	1.379	1.377	1.379	1.379	1.379	1.379	1.378	1.38	1.379	1.378
294.157	33995.49	1.545	1.484	1.449	1.424	1.412	1.402	1.396	1.393	1.391	1.391	1.389	1.389	1.387	1.388	1.389	1.388	1.388	1.388	1.387	1.389	1.388	1.387	1.387	1.388	1.387	1.387	1.388	1.388	1.388	1.388	1.387
294.733	33928.97	1.551	1.488	1.452	1.428	1.413	1.405	1.4	1.396	1.393	1.392	1.391	1.391	1.39	1.389	1.39	1.391	1.389	1.39	1.388	1.39	1.391	1.388	1.39	1.391	1.389	1.389	1.39	1.389	1.389	1.39	1.39
295.310	33862.71	1.558	1.496	1.458	1.436	1.419	1.409	1.403	1.4	1.397	1.396	1.396	1.396	1.393	1.394	1.394	1.395	1.395	1.394	1.392	1.393	1.395	1.394	1.394	1.395	1.395	1.393	1.395	1.392	1.394	1.394	1.394
295.887	33796.71	1.569	1.504	1.466	1.44	1.424	1.414	1.407	1.403	1.401	1.4	1.4	1.398	1.397	1.399	1.398	1.397	1.399	1.398	1.398	1.398	1.398	1.398	1.397	1.399	1.399	1.397	1.399	1.397	1.398	1.398	1.398
296.463	33730.97	1.575	1.506	1.466	1.439	1.424	1.413	1.407	1.403	1.4	1.399	1.399	1.398	1.398	1.398	1.398	1.397	1.398	1.398	1.397	1.397	1.397	1.397	1.396	1.398	1.397	1.397	1.397	1.398	1.398	1.398	1.397
297.040	33665.48	1.568	1.499	1.458	1.433	1.416	1.406	1.4	1.396	1.392	1.392	1.391	1.391	1.39	1.39	1.39	1.39	1.39	1.391	1.39	1.39	1.39	1.389	1.39	1.39	1.392	1.389	1.39	1.39	1.39	1.391	1.39
297.617	33600.24	1.56	1.491	1.451	1.425	1.407	1.397	1.392	1.388	1.384	1.383	1.382	1.382	1.382	1.381	1.381	1.38	1.381	1.381	1.382	1.381	1.382	1.381	1.382	1.381	1.382	1.38	1.382	1.382	1.38	1.382	1.382
298.194	33535.26	1.558	1.488	1.447	1.42	1.402	1.391	1.385	1.382	1.379	1.377	1.377	1.375	1.375	1.375	1.376	1.374	1.375	1.374	1.375	1.374	1.375	1.376	1.374	1.375	1.376	1.375	1.376	1.376	1.376	1.375	1.375
298.770	33470.53	1.551	1.481	1.437	1.41	1.392	1.381	1.375	1.372	1.368	1.366	1.366	1.364	1.364	1.364	1.364	1.364	1.365	1.365	1.364	1.364	1.365	1.365	1.363	1.364	1.365	1.365	1.364	1.365	1.366	1.363	1.364
299.347	33406.04	1.529	1.459	1.417	1.389	1.373	1.362	1.356	1.351	1.348	1.346	1.346	1.345	1.343	1.344	1.345	1.344	1.345	1.345	1.345	1.343	1.345	1.344	1.343	1.344	1.345	1.346	1.343	1.345	1.345	1.344	1.344
299.924	33341.81	1.504	1.437	1.394	1.368	1.35	1.34	1.334	1.329	1.326	1.325	1.324	1.323	1.323	1.322	1.324	1.322	1.323	1.324	1.324	1.323	1.323	1.323	1.322	1.323	1.325	1.323	1.322	1.324	1.323	1.323	1.323
300.500	33277.82	1.489	1.419	1.377	1.35	1.332	1.322	1.316	1.311	1.309	1.308	1.306	1.306	1.307	1.306	1.306	1.306	1.306	1.306	1.306	1.306	1.305	1.306	1.304	1.305	1.307	1.304	1.305	1.305	1.305	1.305	1.305
301.077	33214.08	1.458	1.388	1.348	1.321	1.303	1.294	1.288	1.283	1.28	1.28	1.279	1.278	1.278	1.278	1.277	1.277	1.277	1.277	1.278	1.277	1.277	1.277	1.277	1.278	1.279	1.277	1.278	1.278	1.278	1.277	1.277
301.654	33150.58	1.425	1.357	1.318	1.292	1.274	1.266	1.259	1.255	1.251	1.251	1.25	1.25	1.249	1.248	1.25	1.249	1.25	1.249	1.249	1.25	1.249	1.25	1.248	1.25	1.251	1.248	1.249	1.25	1.25	1.249	1.249
302.231	33087.32	1.398	1.332	1.294	1.268	1.252	1.242	1.235	1.231	1.228	1.227	1.225	1.224	1.225	1.225	1.225	1.225	1.224	1.225	1.225	1.226	1.226	1.225	1.224	1.225	1.225	1.226	1.224	1.225	1.225	1.225	1.225
302.807	33024.30	1.361	1.299	1.261	1.235	1.22	1.21	1.204	1.2	1.198	1.197	1.195	1.194	1.195	1.194	1.193	1.194	1.196	1.194	1.195	1.195	1.195	1.195	1.195	1.194	1.194	1.195	1.195	1.195	1.195	1.195	1.195
303.384	32961.53	1.327	1.264	1.227	1.204	1.188	1.179	1.174	1.17	1.167	1.167	1.166	1.165	1.164	1.164	1.164	1.164	1.165	1.165	1.165	1.164	1.166	1.164	1.164	1.164	1.165	1.165	1.164	1.164	1.164	1.165	1.165
303.961	32898.99	1.292	1.231	1.195	1.173	1.158	1.149	1.143	1.14	1.137	1.137	1.135	1.135	1.135	1.134	1.135	1.135	1.135	1.135	1.134	1.134	1.136	1.135	1.135	1.134	1.135	1.135	1.134	1.136	1.135	1.135	1.135
304.537	32836.69	1.255	1.196	1.162	1.141	1.126	1.116	1.112	1.109	1.107	1.106	1.104	1.104	1.103	1.104	1.104	1.102	1.105	1.104	1.103	1.103	1.105	1.103	1.104	1.103	1.105	1.104	1.104	1.104	1.105	1.104	1.104
305.114	32774.62	1.214	1.161	1.127	1.106	1.092	1.085	1.08	1.076	1.074	1.073	1.072	1.072	1.071	1.07	1.071	1.071	1.071	1.071	1.072	1.071	1.07	1.071	1.072	1.07	1.073	1.072	1.071	1.072	1.072	1.071	1.071
305.691	32712.79	1.18	1.125	1.095	1.075	1.061	1.054	1.049	1.045	1.044	1.043	1.043	1.041	1.04	1.041	1.041	1.041	1.041	1.041	1.041	1.041	1.041	1.041	1.041	1.041	1.041	1.041	1.041	1.042	1.043	1.04	1.041
306.268	32651.19	1.15	1.099	1.068	1.049	1.035	1.029	1.024	1.021	1.018	1.017	1.018	1.016	1.016	1.016	1.016	1.016	1.016	1.017	1.016	1.016	1.017	1.015	1.016	1.016	1.017	1.016	1.016	1.017	1.017	1.015	1.017
306.844	32589.82	1.119	1.069	1.04	1.021	1.009	1.002	0.9975	0.9945	0.992	0.9926	0.9912	0.9909	0.9901	0.9911	0.9912	0.991	0.9908	0.9905	0.9913	0.9897	0.9903	0.9901	0.9906	0.9907	0.9906	0.9903	0.9904	0.9909	0.9909	0.9902	0.9908
307.421	32528.69	1.09	1.042	1.015	0.9968	0.985	0.9788	0.9739	0.9709	0.9683	0.9683	0.9675	0.9673	0.9672	0.9673	0.9677	0.9673	0.9674	0.9672	0.9669	0.9679	0.9679	0.9666	0.9665	0.9683	0.9679	0.9673	0.9674	0.9671	0.9679	0.9669	0.9673
307.998	32467.78	1.058	1.013	0.9863	0.9684	0.9582	0.951	0.9479	0.9449	0.9434	0.9424	0.9417	0.9422	0.9408	0.9413	0.9409	0.9415	0.9409	0.941	0.9408	0.9406	0.9412	0.9408	0.9413	0.9417	0.9412	0.9414	0.941	0.941	0.941	0.9409	0.9417
308.574	32407.10	1.031	0.9873	0.9624	0.9455	0.9356	0.9291	0.9255	0.9226	0.9211	0.9204	0.9192	0.9197	0.9187	0.9188	0.9191	0.919	0.9189	0.9198	0.9187	0.9197	0.9194	0.9189	0.9198	0.9191	0.9197	0.9198	0.9195	0.9194	0.9193	0.9193	0.9197
309.151	32346.64	1.008	0.9667	0.942	0.9269	0.9165	0.911	0.9066	0.9041	0.9027	0.902	0.9017	0.9018	0.9009	0.9011	0.9009	0.9012	0.9006	0.9013	0.9009	0.9015	0.9015	0.9011	0.9009	0.9008	0.9013	0.9009	0.902	0.9008	0.901	0.9015	0.9015
309.728	32286.41	0.9857	0.946	0.9223	0.9075	0.8971	0.8918	0.8886	0.8857	0.884	0.8845	0.8831	0.8832	0.8825	0.883	0.8827	0.883	0.8831	0.8833	0.8823	0.8829	0.8832	0.8828	0.8827	0.8833	0.8829	0.8834	0.883	0.8828	0.8831	0.883	0.8832
310.305	32226.41	0.9655	0.9262	0.9044	0.889	0.8797	0.8743	0.8715	0.8689	0.8666	0.8668	0.866	0.8662	0.8654	0.866	0.8653	0.8661	0.8661	0.8665	0.865	0.8662	0.8664	0.8656	0.8656	0.8668	0.866	0.8658	0.8662	0.8658	0.8661	0.8659	0.8661
310.881	32166.63	0.9457	0.908	0.8868	0.8723	0.8632	0.8586	0.8556	0.8527	0.8511	0.8506	0.851	0.8499	0.8498	0.8504	0.8489	0.85	0.8503	0.8501	0.8495	0.8502	0.8502	0.8495	0.8497	0.85	0.85	0.8501	0.8505	0.8499	0.8504	0.8496	0.8502
311.458	32107.07	0.9255	0.8891	0.8685	0.8549	0.8459	0.8411	0.8387	0.8362	0.8343	0.8333	0.834	0.8332	0.8333	0.8335	0.8329	0.8333	0.8333	0.8336	0.8326	0.8332	0.8331	0.8329	0.8336	0.8328	0.8338	0.8339	0.8339	0.833	0.8336	0.8332	0.8335
312.035	32047.72	0.9072	0.8719	0.852	0.8391	0.8306	0.8256	0.8224	0.8212	0.8191	0.8184	0.8182	0.818	0.8178	0.8181	0.8183	0.8179	0.8181	0.8183	0.8175	0.8179	0.8181	0.8184	0.8185	0.8184	0.8186	0.8187	0.8186	0.8179	0.8181	0.8186	0.8185
312.611	31988.60	0.8911	0.8563	0.8375	0.8248	0.8168	0.8117	0.8088	0.807	0.8055	0.8054	0.8039	0.8044	0.8043	0.8046	0.8047	0.8041	0.8048	0.8044	0.8044	0.8045	0.8043	0.8049	0.8042	0.8048	0.8048	0.8046	0.8046	0.8044	0.8042	0.8047	0.8048
313.188	31929.70	0.8755	0.8422	0.8243	0.812	0.8038	0.7989	0.7965	0.7942	0.7925	0.7926	0.7914	0.7921	0.7915	0.7916	0.7923	0.7916	0.792	0.7918	0.7922	0.7919	0.7917	0.7919	0.7913	0.7917	0.7921	0.7918	0.7918	0.7918	0.7917	0.7916	0.7918
313.765	31871.01	0.8622	0.8305	0.8127	0.8011	0.7929	0.7881	0.7859	0.7838	0.7818	0.7817	0.7811	0.7817	0.7811	0.7809	0.7816	0.7811	0.781	0.7813	0.7819	0.7812	0.7812	0.7812	0.7813	0.7815	0.7818	0.7808	0.7813	0.7814	0.7815	0.7813	0.7813
314.341	31812.54	0.8514	0.8199	0.8027	0.7913	0.7831	0.7787	0.7765	0.7743	0.7724	0.7724	0.772	0.7726	0.7722	0.7721	0.772	0.7722	0.7721	0.7725	0.7723	0.772	0.7723	0.7721	0.7725	0.7727	0.773	0.7719	0.7724	0.7723	0.7725	0.7724	0.7722
314.918	31754.28	0.8418	0.8106	0.7942	0.7827	0.7743	0.7707	0.7678	0.7657	0.7642	0.7642	0.7639	0.7638	0.7633	0.7638	0.7638	0.7638	0.7643	0.7643	0.7637	0.7641	0.7641	0.7638	0.764	0.7642	0.7646	0.7643	0.7645	0.7642	0.7642	0.7644	0.764
315.495	31696.23	0.8326	0.8027	0.786	0.7748	0.7668	0.7631	0.7604	0.7584	0.7576	0.7571	0.7561	0.7558	0.7554	0.7562	0.7564	0.7558	0.7563	0.7568	0.7565	0.7567	0.7563	0.7563	0.7564	0.7564	0.7568	0.7568	0.7567	0.7567	0.7568	0.7571	0.7568
316.072	31638.40	0.8233	0.7942	0.7776	0.7668	0.7591	0.7554	0.7527	0.7509	0.7502	0.7498	0.7485	0.7488	0.7479	0.7485	0.7484	0.7487	0.7485	0.7493	0.7492	0.7489	0.749	0.7483	0.7487	0.7489	0.7494	0.7494	0.7488	0.7487	0.7493	0.7494	0.7493
316.648	31580.78	0.8151	0.7861	0.7704	0.7596	0.7517	0.7482	0.7455	0.7436	0.7428	0.7426	0.7419	0.7415	0.7412	0.7412	0.7411	0.7413	0.7416	0.7418	0.7423	0.7415	0.7417	0.7412	0.7416	0.7421	0.7424	0.7419	0.7419	0.7418	0.7415	0.7421	0.7419
317.225	31523.37	0.8077	0.7786	0.7628	0.7524	0.7447	0.7401	0.7379	0.7362	0.7352	0.735	0.7352	0.7346	0.7348	0.7341	0.7342	0.7341	0.7343	0.7352	0.7347	0.7347	0.7349	0.7348	0.735	0.7346	0.7352	0.7354	0.735	0.7347	0.7342	0.7345	0.7348
317.802	31466.16	0.8019	0.7729	0.7572	0.7472	0.7391	0.7355	0.7325	0.7307	0.7298	0.7298	0.729	0.7294	0.7291	0.7283	0.7287	0.7288	0.7291	0.7295	0.7293	0.7294	0.7296	0.7293	0.7294	0.7291	0.7295	0.73	0.7294	0.7297	0.729	0.729	0.729
318.378	31409.16	0.7969	0.7678	0.752	0.7416	0.734	0.7306	0.7282	0.726	0.7256	0.7247	0.7245	0.7247	0.7243	0.7239	0.7239	0.7242	0.7249	0.7244	0.7246	0.7235	0.7242	0.7242	0.7242	0.7245	0.725	0.7243	0.7246	0.7245	0.7248	0.724	0.7242
318.955	31352.37	0.7922	0.7633	0.7469	0.7371	0.7297	0.7257	0.7232	0.7218	0.7209	0.7209	0.7204	0.7196	0.7193	0.7194	0.7193	0.7206	0.7197	0.7199	0.7199	0.7199	0.7199	0.7195	0.7201	0.7198	0.7204	0.7197	0.7203	0.7198	0.7203	0.7194	0.72
319.532	31295.78	0.7875	0.7587	0.743	0.7328	0.7259	0.7214	0.7191	0.7183	0.7165	0.7163	0.7156	0.7154	0.7154	0.7151	0.7154	0.7166	0.7149	0.7157	0.7155	0.7158	0.7157	0.7146	0.716	0.7159	0.7163	0.7157	0.7155	0.7154	0.7159	0.7153	0.7155
320.109	31239.40	0.7831	0.7549	0.7393	0.7276	0.7216	0.7172	0.7151	0.713	0.7119	0.7114	0.711	0.711	0.7109	0.7107	0.7112	0.7107	0.711	0.7117	0.7108	0.7115	0.7116	0.7107	0.7114	0.7109	0.7111	0.7115	0.7112	0.7114	0.7114	0.7116	0.711
320.685	31183.22	0.7792	0.7499	0.7339	0.7234	0.7165	0.7118	0.7098	0.7086	0.707	0.7066	0.7061	0.7063	0.706	0.7058	0.7059	0.706	0.706	0.7057	0.7059	0.7061	0.707	0.706	0.7065	0.7056	0.7065	0.7068	0.7068	0.706	0.7058	0.7064	0.707
321.262	31127.24	0.775	0.7465	0.7303	0.7194	0.7125	0.7085	0.7065	0.7045	0.703	0.7029	0.7023	0.7017	0.702	0.7018	0.7022	0.7015	0.7023	0.7018	0.7014	0.7024	0.7023	0.7025	0.7026	0.7023	0.7031	0.7028	0.7026	0.7021	0.7028	0.7026	0.7027
321.839	31071.47	0.7741	0.7444	0.7278	0.7166	0.7094	0.7048	0.7034	0.7021	0.7003	0.7003	0.6999	0.6994	0.6991	0.6991	0.6999	0.7	0.6997	0.699	0.6999	0.7	0.7002	0.6992	0.6991	0.7	0.7	0.6998	0.7001	0.6998	0.7006	0.6998	0.6997
322.415	31015.89	0.7713	0.7418	0.725	0.7137	0.7063	0.702	0.7004	0.6984	0.6972	0.6968	0.6968	0.6971	0.6963	0.6956	0.6963	0.6961	0.6965	0.6967	0.6963	0.6959	0.6961	0.6962	0.6967	0.6968	0.6973	0.6968	0.697	0.6965	0.6969	0.6961	0.6966
322.992	30960.51	0.7709	0.7408	0.7232	0.7134	0.7051	0.701	0.6986	0.697	0.6955	0.6962	0.6951	0.6946	0.6946	0.6948	0.694	0.6944	0.6943	0.694	0.6943	0.6945	0.6944	0.6947	0.6948	0.6949	0.6948	0.6958	0.6949	0.6943	0.6945	0.6944	0.6947
323.569	30905.33	0.7698	0.7397	0.7223	0.7115	0.7033	0.6998	0.6965	0.6947	0.6941	0.6928	0.6927	0.6927	0.6923	0.6922	0.6923	0.6925	0.6924	0.6924	0.6927	0.6926	0.6924	0.6923	0.6928	0.6927	0.6933	0.6934	0.693	0.6924	0.6927	0.692	0.6927
324.146	30850.34	0.7684	0.7376	0.7194	0.7087	0.7005	0.6966	0.694	0.6917	0.6905	0.6903	0.69	0.6901	0.6901	0.6892	0.6896	0.6891	0.6901	0.6899	0.6897	0.6901	0.69	0.689	0.6897	0.6899	0.6902	0.69	0.69	0.6902	0.6903	0.6898	0.6891
324.722	30795.55	0.7667	0.7349	0.7177	0.7057	0.6984	0.6942	0.6916	0.6892	0.6882	0.6881	0.687	0.6872	0.6866	0.6871	0.6868	0.6873	0.687	0.6872	0.6872	0.6877	0.6878	0.6866	0.6876	0.6873	0.6872	0.6874	0.6873	0.6877	0.6878	0.6874	0.6878
325.299	30740.95	0.7643	0.7324	0.7151	0.7027	0.6948	0.6903	0.688	0.6859	0.6849	0.6846	0.6844	0.6831	0.6835	0.6834	0.6832	0.6844	0.6834	0.6836	0.683	0.6839	0.6843	0.6836	0.6835	0.684	0.6838	0.6842	0.6837	0.6841	0.6839	0.6841	0.6836
325.876	30686.55	0.7634	0.7316	0.7132	0.7013	0.6936	0.6886	0.6859	0.6842	0.6832	0.6818	0.6817	0.681	0.6811	0.6813	0.6815	0.6815	0.682	0.6817	0.6821	0.6814	0.6819	0.6813	0.6814	0.6823	0.6821	0.682	0.6816	0.6815	0.6818	0.6822	0.6815
326.452	30632.34	0.7622	0.7295	0.7116	0.6992	0.6908	0.6868	0.6833	0.682	0.681	0.68	0.6798	0.6794	0.6788	0.6792	0.6788	0.679	0.6794	0.6788	0.6791	0.679	0.6794	0.679	0.6789	0.6798	0.6796	0.6794	0.6793	0.679	0.6795	0.6797	0.6796
327.029	30578.32	0.7599	0.7273	0.7086	0.6962	0.6879	0.6832	0.6808	0.6787	0.6776	0.6765	0.6768	0.6762	0.6756	0.6761	0.6759	0.676	0.6765	0.6762	0.6763	0.676	0.6763	0.6762	0.6759	0.6762	0.6763	0.6768	0.6762	0.6766	0.6761	0.6766	0.6762
327.606	30524.49	0.7568	0.7244	0.706	0.6936	0.6847	0.6805	0.6775	0.6753	0.6745	0.673	0.6731	0.6731	0.6727	0.6727	0.6733	0.6727	0.6737	0.6733	0.6733	0.6729	0.6729	0.6728	0.6727	0.6734	0.6729	0.6737	0.673	0.6733	0.6734	0.6732	0.6733
328.182	30470.85	0.7546	0.721	0.7031	0.6905	0.6816	0.6773	0.6741	0.6728	0.6714	0.6706	0.6699	0.6705	0.67	0.6691	0.6699	0.6703	0.6697	0.6703	0.67	0.6695	0.6701	0.6696	0.6699	0.6706	0.6703	0.6705	0.6696	0.6699	0.6705	0.6703	0.6702
328.759	30417.40	0.7538	0.7202	0.7015	0.6892	0.6808	0.6759	0.6732	0.6711	0.6705	0.6698	0.6689	0.669	0.6685	0.6679	0.669	0.6692	0.6683	0.6691	0.6684	0.6681	0.6692	0.6684	0.6689	0.6689	0.6689	0.6688	0.6685	0.6687	0.6689	0.669	0.6685
329.336	30364.14	0.7517	0.7185	0.6993	0.6868	0.6781	0.6739	0.6711	0.6684	0.6679	0.6671	0.6665	0.6661	0.666	0.6661	0.6663	0.6659	0.666	0.6664	0.6664	0.666	0.6664	0.6661	0.6662	0.6662	0.6664	0.6664	0.666	0.6665	0.666	0.6663	0.6661
329.913	30311.06	0.7498	0.7163	0.6972	0.6842	0.6759	0.6716	0.6684	0.6661	0.6651	0.6648	0.6643	0.6636	0.6639	0.6634	0.6639	0.6636	0.6637	0.6638	0.664	0.6641	0.6635	0.664	0.6637	0.664	0.6644	0.6639	0.6636	0.6644	0.6639	0.6641	0.6641
330.489	30258.16	0.7482	0.7145	0.6955	0.6827	0.6746	0.6698	0.6662	0.6648	0.6636	0.6629	0.6629	0.662	0.6624	0.6618	0.6623	0.6623	0.662	0.6627	0.6617	0.6623	0.6623	0.6623	0.6621	0.6622	0.6625	0.6624	0.6622	0.6626	0.6626	0.662	0.6627
331.066	30205.45	0.7463	0.7125	0.6931	0.6812	0.6725	0.6677	0.6644	0.6631	0.6613	0.6605	0.6607	0.6599	0.6603	0.6601	0.6601	0.6601	0.6601	0.6607	0.6597	0.6598	0.6607	0.6602	0.6604	0.66	0.6604	0.6605	0.66	0.6603	0.6605	0.6599	0.6608
331.643	30152.93	0.7454	0.7109	0.6914	0.6799	0.6709	0.6662	0.6634	0.6617	0.6597	0.6592	0.6591	0.6582	0.6585	0.6583	0.6587	0.6586	0.6586	0.6586	0.6585	0.6582	0.6585	0.6584	0.6587	0.6584	0.6588	0.6591	0.6581	0.6586	0.6588	0.6589	0.6591
332.219	30100.59	0.7436	0.7089	0.69	0.6775	0.6692	0.6644	0.6616	0.6599	0.6582	0.6576	0.6575	0.6567	0.6563	0.6569	0.6567	0.6568	0.6565	0.6568	0.6569	0.6568	0.6567	0.6565	0.6563	0.6569	0.6567	0.6574	0.6564	0.657	0.6572	0.6568	0.6573
332.796	30048.42	0.7402	0.7063	0.6882	0.6745	0.6669	0.6622	0.6594	0.6574	0.6558	0.6554	0.6551	0.6547	0.654	0.6549	0.6541	0.6546	0.6545	0.654	0.6544	0.6546	0.6546	0.6548	0.6541	0.6545	0.6547	0.6543	0.6545	0.655	0.6553	0.6543	0.6551
333.373	29996.44	0.739	0.7052	0.6864	0.6739	0.6653	0.6607	0.6585	0.6558	0.6549	0.6539	0.653	0.6534	0.6529	0.6529	0.6529	0.6533	0.6535	0.6528	0.653	0.6525	0.653	0.6534	0.6529	0.6533	0.653	0.6529	0.6532	0.6531	0.6533	0.6529	0.6532
333.950	29944.64	0.7391	0.7054	0.6856	0.6735	0.6656	0.6607	0.6579	0.6555	0.6548	0.6539	0.6529	0.6533	0.6526	0.6524	0.6528	0.6533	0.6533	0.6532	0.6534	0.6528	0.6533	0.6526	0.6526	0.6532	0.6531	0.653	0.6531	0.6526	0.6528	0.6525	0.6531
334.526	29893.02	0.7398	0.7058	0.6861	0.6739	0.6652	0.6615	0.6584	0.656	0.6546	0.6542	0.6542	0.6535	0.6532	0.6533	0.6527	0.6533	0.6537	0.6535	0.6535	0.6532	0.6535	0.6533	0.6531	0.6527	0.6537	0.6541	0.6533	0.6527	0.6532	0.6528	0.6531
335.103	29841.57	0.7389	0.705	0.6865	0.6732	0.6648	0.6607	0.6578	0.6555	0.6553	0.6541	0.6532	0.653	0.6528	0.6529	0.6523	0.6526	0.6532	0.6536	0.6529	0.6526	0.6526	0.6527	0.653	0.6527	0.6529	0.6536	0.6529	0.6526	0.6532	0.6533	0.6528
335.680	29790.30	0.738	0.7044	0.6845	0.6722	0.6642	0.6598	0.6569	0.6545	0.6538	0.6528	0.6523	0.6519	0.652	0.6519	0.652	0.6515	0.6522	0.6517	0.6518	0.652	0.6519	0.6515	0.6522	0.6519	0.652	0.6517	0.6522	0.6521	0.6526	0.6514	0.6516
336.256	29739.21	0.7382	0.7048	0.685	0.6729	0.6655	0.6604	0.6577	0.6552	0.6537	0.6532	0.6531	0.6529	0.6522	0.6517	0.6524	0.6524	0.6524	0.6524	0.6524	0.6522	0.652	0.6521	0.6519	0.6526	0.6527	0.6524	0.6525	0.6524	0.6529	0.6518	0.6521
336.833	29688.29	0.738	0.7035	0.6844	0.6716	0.6641	0.6588	0.6561	0.6545	0.6533	0.6525	0.6517	0.6519	0.6515	0.6509	0.6514	0.6514	0.6513	0.6508	0.6511	0.6504	0.651	0.6511	0.6516	0.6518	0.6514	0.6514	0.6515	0.6515	0.6516	0.6511	0.6518
337.410	29637.55	0.7406	0.7066	0.688	0.6754	0.6667	0.6629	0.6587	0.6577	0.6556	0.6553	0.6551	0.6544	0.6544	0.6537	0.6553	0.6544	0.6542	0.6542	0.6542	0.6547	0.6549	0.6553	0.6546	0.6546	0.6554	0.6551	0.655	0.6546	0.6553	0.6539	0.6553
337.987	29586.98	0.7414	0.7069	0.6882	0.676	0.6672	0.6621	0.66	0.6583	0.656	0.6553	0.6545	0.6544	0.655	0.6549	0.6549	0.6544	0.6544	0.6552	0.6553	0.6551	0.6547	0.6548	0.6548	0.6547	0.6558	0.6548	0.6549	0.6556	0.6559	0.6549	0.6555
338.563	29536.58	0.7432	0.7085	0.6894	0.677	0.6697	0.6647	0.6612	0.6597	0.6588	0.6574	0.6564	0.6572	0.6569	0.6559	0.6563	0.6569	0.6569	0.6574	0.6567	0.6569	0.6572	0.6574	0.656	0.6568	0.6568	0.6563	0.657	0.6569	0.6567	0.6566	0.6569
339.140	29486.35	0.7437	0.7094	0.6911	0.6771	0.67	0.6652	0.6619	0.6595	0.6578	0.6582	0.658	0.6578	0.658	0.6571	0.6569	0.6582	0.6575	0.6575	0.6574	0.6578	0.6571	0.657	0.6578	0.6581	0.6572	0.6581	0.6581	0.6575	0.6575	0.6568	0.657
339.717	29436.29	0.7427	0.7101	0.692	0.6795	0.6706	0.6659	0.6626	0.6614	0.6605	0.6594	0.6596	0.6587	0.6582	0.6581	0.6583	0.6594	0.6585	0.6588	0.6587	0.6586	0.6588	0.6582	0.6586	0.6595	0.6593	0.6582	0.6591	0.658	0.6583	0.6588	0.6591
340.293	29386.41	0.7468	0.7135	0.6953	0.6822	0.6735	0.6696	0.6681	0.6644	0.6633	0.6631	0.6627	0.661	0.6618	0.6621	0.6631	0.6622	0.6619	0.6619	0.662	0.6621	0.6617	0.6617	0.662	0.6624	0.6624	0.6626	0.662	0.6624	0.6621	0.6618	0.6621
340.870	29336.69	0.7475	0.7141	0.6961	0.6838	0.676	0.6709	0.6682	0.6659	0.665	0.6642	0.6636	0.6635	0.6629	0.6631	0.6629	0.6637	0.6633	0.6635	0.6632	0.6624	0.6632	0.6632	0.6633	0.6628	0.6639	0.6629	0.6635	0.6633	0.6635	0.6637	0.6634
341.447	29287.14	0.7509	0.7177	0.6993	0.6871	0.6796	0.6753	0.672	0.6706	0.6686	0.6672	0.6679	0.6676	0.6664	0.6671	0.6678	0.6675	0.6671	0.6663	0.6676	0.6672	0.6674	0.6677	0.6664	0.6674	0.6674	0.6674	0.6674	0.6671	0.6671	0.6665	0.6666
342.024	29237.76	0.7518	0.7201	0.7021	0.6904	0.6823	0.6775	0.6746	0.6728	0.6714	0.6708	0.6707	0.6702	0.6698	0.6691	0.6698	0.6701	0.6711	0.6701	0.6692	0.6693	0.6707	0.6701	0.6698	0.6698	0.67	0.6698	0.67	0.6691	0.6698	0.6694	0.669
342.600	29188.54	0.755	0.7224	0.7059	0.6937	0.6859	0.6808	0.6783	0.6764	0.6749	0.6747	0.6736	0.6739	0.6735	0.6728	0.6731	0.6735	0.6749	0.6737	0.6734	0.6735	0.6734	0.6734	0.6734	0.674	0.6735	0.6733	0.6738	0.673	0.6732	0.6729	0.6727
343.177	29139.49	0.7584	0.7267	0.7098	0.6974	0.6896	0.6849	0.6824	0.6801	0.6794	0.6788	0.6781	0.6778	0.6776	0.6775	0.6773	0.6777	0.6782	0.6774	0.6772	0.6777	0.6775	0.678	0.6775	0.6776	0.6776	0.6777	0.677	0.6774	0.6774	0.6771	0.6775
343.754	29090.60	0.7593	0.7286	0.7114	0.6999	0.6922	0.6878	0.6852	0.6823	0.6818	0.682	0.6806	0.68	0.6807	0.6802	0.6802	0.6803	0.6805	0.68	0.6801	0.6804	0.6801	0.68	0.6795	0.6802	0.6801	0.6804	0.68	0.6804	0.6804	0.6802	0.6802
344.330	29041.88	0.7634	0.732	0.7153	0.7047	0.6969	0.6917	0.6898	0.6867	0.6862	0.6853	0.6853	0.6856	0.6846	0.6844	0.6855	0.6844	0.6852	0.6845	0.6851	0.6845	0.6849	0.6845	0.6849	0.6852	0.685	0.685	0.6847	0.6846	0.685	0.6849	0.6849
344.907	28993.32	0.767	0.7364	0.72	0.7094	0.7017	0.6964	0.6949	0.692	0.6909	0.6904	0.6904	0.6909	0.6897	0.6899	0.6903	0.6896	0.69	0.6899	0.6897	0.6898	0.6902	0.69	0.6898	0.6898	0.6906	0.6902	0.6894	0.6896	0.6896	0.69	0.6896
345.484	28944.92	0.7704	0.741	0.7247	0.7139	0.7058	0.702	0.7	0.6976	0.6967	0.6958	0.6951	0.6956	0.695	0.6957	0.6955	0.695	0.6952	0.6954	0.6952	0.6951	0.6954	0.6955	0.6953	0.6947	0.6957	0.6953	0.6945	0.6952	0.6952	0.6949	0.6949
346.060	28896.68	0.7761	0.7466	0.7308	0.7204	0.7124	0.7086	0.7068	0.7048	0.7037	0.7031	0.7024	0.7027	0.7025	0.7028	0.7026	0.7022	0.7022	0.7019	0.7022	0.7025	0.7022	0.7021	0.7022	0.7022	0.7026	0.702	0.7016	0.7024	0.7022	0.7017	0.7018
346.637	28848.61	0.7804	0.7513	0.7362	0.7258	0.7181	0.7143	0.7122	0.7108	0.7091	0.7088	0.7085	0.7078	0.7088	0.7081	0.708	0.7078	0.7085	0.7075	0.7079	0.7079	0.7079	0.7078	0.7075	0.7081	0.7079	0.708	0.7078	0.708	0.7076	0.7076	0.7076
347.214	28800.69	0.7832	0.7549	0.7401	0.7297	0.7222	0.7189	0.7168	0.7153	0.7132	0.7129	0.7127	0.7119	0.7128	0.7122	0.7121	0.7121	0.7129	0.7119	0.7125	0.7121	0.7123	0.7122	0.7116	0.7124	0.7125	0.7125	0.7126	0.7122	0.7121	0.7117	0.7118
347.791	28752.93	0.7876	0.7598	0.7453	0.7346	0.7285	0.7243	0.7225	0.721	0.7191	0.719	0.7186	0.7182	0.7187	0.7185	0.7182	0.7182	0.7188	0.7182	0.7183	0.7185	0.7181	0.718	0.7174	0.7183	0.7184	0.7185	0.7184	0.7181	0.7184	0.7178	0.7176
348.367	28705.33	0.7946	0.7674	0.7534	0.7426	0.7369	0.7329	0.7302	0.729	0.7276	0.7273	0.7269	0.7268	0.7276	0.7268	0.7265	0.7266	0.7272	0.7266	0.7265	0.7271	0.7269	0.7265	0.7261	0.7266	0.7268	0.7271	0.7261	0.7266	0.7267	0.7263	0.7261
348.944	28657.89	0.8007	0.7742	0.7604	0.7505	0.7438	0.7409	0.7377	0.7364	0.7357	0.7347	0.7344	0.7344	0.7349	0.7339	0.7344	0.7342	0.7346	0.7342	0.7342	0.7342	0.7345	0.734	0.7338	0.7343	0.7343	0.7344	0.7338	0.7341	0.7344	0.734	0.7342
349.521	28610.61	0.8073	0.7817	0.7678	0.7583	0.7519	0.7482	0.7462	0.7445	0.7436	0.7432	0.743	0.7425	0.7423	0.7423	0.7429	0.7423	0.7424	0.7422	0.7418	0.742	0.7422	0.7421	0.7424	0.7427	0.7421	0.7422	0.7426	0.7422	0.7427	0.7425	0.7427
350.097	28563.48	0.8162	0.7917	0.7777	0.7683	0.7625	0.7585	0.7568	0.7546	0.7535	0.7537	0.7532	0.7526	0.7524	0.7525	0.7526	0.7527	0.7526	0.7522	0.7517	0.7525	0.7526	0.753	0.7532	0.7529	0.7528	0.7523	0.7529	0.7527	0.7525	0.7525	0.7528
350.674	28516.50	0.8224	0.7985	0.785	0.7758	0.7702	0.7671	0.7641	0.7621	0.7621	0.7611	0.7606	0.7606	0.7601	0.7603	0.7602	0.7609	0.7613	0.7607	0.7603	0.7606	0.761	0.7613	0.7608	0.7605	0.7608	0.7606	0.7611	0.7606	0.7608	0.7605	0.7609
351.251	28469.68	0.8301	0.8065	0.7932	0.7845	0.779	0.7754	0.7728	0.7716	0.7711	0.7708	0.7701	0.7693	0.7692	0.7696	0.7695	0.7695	0.77	0.7695	0.7695	0.7699	0.7702	0.7691	0.7697	0.7695	0.7699	0.7694	0.7698	0.7693	0.7699	0.7687	0.7696
351.828	28423.02	0.8404	0.8169	0.8039	0.7955	0.7896	0.7855	0.7848	0.7831	0.7818	0.7812	0.7811	0.7804	0.7807	0.7802	0.781	0.7804	0.7806	0.7803	0.7803	0.7809	0.7811	0.7797	0.7806	0.7805	0.7813	0.7804	0.7806	0.7801	0.7809	0.7796	0.7801
352.404	28376.50	0.847	0.8242	0.8108	0.8027	0.7973	0.7939	0.7917	0.7903	0.789	0.7887	0.7886	0.7885	0.789	0.7882	0.7878	0.7887	0.7887	0.7885	0.7885	0.7883	0.7876	0.7876	0.7877	0.7882	0.7886	0.7875	0.7878	0.7879	0.7884	0.7876	0.7881
352.981	28330.14	0.8536	0.8314	0.819	0.8095	0.8045	0.801	0.7991	0.798	0.7972	0.7968	0.7961	0.7962	0.7964	0.7961	0.7958	0.7957	0.7962	0.7965	0.7959	0.7964	0.7959	0.7955	0.796	0.7953	0.7962	0.7955	0.7957	0.7955	0.7958	0.7944	0.7953
353.558	28283.93	0.8674	0.8444	0.8331	0.8239	0.8181	0.8153	0.8134	0.8123	0.811	0.8105	0.81	0.8097	0.8104	0.81	0.8098	0.8096	0.8105	0.8103	0.8098	0.8098	0.8095	0.8095	0.81	0.8097	0.8098	0.8102	0.8098	0.8097	0.8098	0.8092	0.8093
354.134	28237.87	0.875	0.8527	0.8407	0.8316	0.8263	0.8237	0.8214	0.8205	0.8188	0.8188	0.8182	0.8181	0.8175	0.8181	0.8188	0.8184	0.8183	0.8193	0.8184	0.818	0.8181	0.818	0.8183	0.818	0.8183	0.8178	0.8179	0.8178	0.8176	0.8172	0.8177
354.711	28191.96	0.889	0.8666	0.8534	0.8456	0.8404	0.838	0.8359	0.8337	0.8338	0.8334	0.8322	0.8317	0.8323	0.8318	0.8325	0.8315	0.8323	0.8324	0.8322	0.8321	0.8325	0.8323	0.8316	0.8316	0.8322	0.8316	0.8319	0.8308	0.8317	0.8317	0.8313
355.288	28146.19	0.8982	0.8756	0.8637	0.856	0.8506	0.8478	0.8459	0.8444	0.8437	0.8426	0.8422	0.8418	0.8419	0.8426	0.842	0.8413	0.8422	0.8419	0.8424	0.8415	0.8423	0.8418	0.8414	0.8421	0.8416	0.8417	0.8421	0.8414	0.8412	0.8417	0.8419
355.865	28100.58	0.9113	0.8887	0.8767	0.8692	0.862	0.8592	0.8581	0.8565	0.8544	0.8558	0.8549	0.8542	0.8547	0.8552	0.8543	0.8536	0.8542	0.8545	0.8537	0.8545	0.8544	0.8538	0.8534	0.8538	0.8541	0.8538	0.8541	0.8546	0.8536	0.8542	0.8539
356.441	28055.12	0.9213	0.8984	0.886	0.8784	0.8719	0.8702	0.8668	0.8674	0.8656	0.8652	0.8649	0.865	0.8642	0.8646	0.8645	0.8645	0.8646	0.8646	0.8642	0.8637	0.8646	0.8639	0.8639	0.8646	0.8651	0.8641	0.8643	0.8633	0.8637	0.8637	0.8644
357.018	28009.80	0.9291	0.906	0.893	0.8846	0.8792	0.8769	0.8756	0.8751	0.8727	0.8721	0.8717	0.8733	0.8717	0.8714	0.8725	0.8717	0.872	0.8723	0.8719	0.8712	0.8709	0.871	0.8709	0.8713	0.872	0.8715	0.8717	0.8708	0.8716	0.8717	0.8711
357.595	27964.62	0.9374	0.9142	0.902	0.8937	0.8884	0.8852	0.8845	0.8822	0.8811	0.8819	0.8804	0.8807	0.8799	0.8802	0.8816	0.88	0.8807	0.8816	0.8796	0.8797	0.8809	0.8802	0.8809	0.8808	0.8814	0.88	0.8805	0.8802	0.8809	0.8805	0.8794
358.171	27919.60	0.9518	0.9295	0.9172	0.908	0.9027	0.8993	0.8979	0.897	0.895	0.8952	0.8952	0.8942	0.8937	0.8941	0.8945	0.8939	0.8943	0.8946	0.8947	0.8941	0.8946	0.8938	0.8942	0.8943	0.8948	0.8949	0.8943	0.894	0.8947	0.8946	0.8934
358.748	27874.71	0.9562	0.9344	0.9216	0.9132	0.9071	0.9051	0.9025	0.9005	0.8999	0.8997	0.8994	0.8992	0.8994	0.8982	0.8991	0.8996	0.8989	0.8993	0.9001	0.8991	0.8979	0.8989	0.8985	0.8998	0.8992	0.8992	0.8986	0.8988	0.8991	0.8988	0.8989
359.325	27829.98	0.9771	0.955	0.9418	0.9333	0.9268	0.9249	0.9226	0.9207	0.9202	0.9198	0.919	0.9201	0.9188	0.9183	0.9188	0.9194	0.9177	0.9186	0.919	0.9185	0.919	0.9185	0.9194	0.9193	0.9182	0.9186	0.9183	0.9185	0.9174	0.9176	0.9177
359.901	27785.38	0.9865	0.9632	0.9504	0.9423	0.9359	0.9334	0.9314	0.9302	0.9288	0.9287	0.9277	0.9282	0.9275	0.9277	0.9285	0.9286	0.928	0.9271	0.9279	0.9287	0.928	0.9279	0.9271	0.9278	0.9282	0.9269	0.9285	0.9272	0.9274	0.9273	0.9272
360.478	27740.93	0.995	0.9715	0.9586	0.9495	0.9441	0.9414	0.9387	0.937	0.9358	0.9361	0.9363	0.9351	0.9356	0.9348	0.9351	0.936	0.9366	0.9351	0.9353	0.9353	0.9351	0.9348	0.9346	0.9346	0.9366	0.9356	0.9358	0.9357	0.9345	0.9352	0.9344
361.055	27696.62	1.002	0.9779	0.9654	0.9562	0.9514	0.9483	0.9455	0.9446	0.9433	0.9432	0.9436	0.9425	0.9414	0.9424	0.9417	0.9423	0.9425	0.9425	0.9428	0.9416	0.9426	0.9414	0.9415	0.9419	0.9434	0.9416	0.9418	0.9427	0.942	0.9412	0.9414
361.632	27652.45	1.01	0.9869	0.9737	0.9648	0.9584	0.9572	0.954	0.9518	0.9516	0.9518	0.9517	0.95	0.9498	0.9512	0.9504	0.9516	0.9506	0.9511	0.9505	0.95	0.9509	0.9507	0.9505	0.9501	0.9518	0.9495	0.9503	0.9515	0.9508	0.9496	0.9501
362.208	27608.42	1.017	0.9938	0.9806	0.9719	0.9666	0.9639	0.9616	0.9588	0.9588	0.9577	0.9582	0.958	0.9571	0.9576	0.9573	0.9572	0.9579	0.9579	0.9579	0.9574	0.9579	0.9577	0.9573	0.9571	0.9577	0.9572	0.9573	0.9581	0.9578	0.9566	0.9579
362.785	27564.53	1.026	1.003	0.9891	0.9802	0.9746	0.9712	0.9694	0.9674	0.9663	0.966	0.9665	0.9666	0.9654	0.9648	0.9654	0.965	0.9656	0.9655	0.9652	0.9655	0.9661	0.9661	0.9653	0.9648	0.966	0.9649	0.9647	0.9653	0.965	0.9649	0.9647
363.362	27520.78	1.028	1.005	0.9919	0.9827	0.9773	0.9743	0.9724	0.9703	0.9685	0.9695	0.9688	0.9689	0.9682	0.9682	0.9683	0.9682	0.9688	0.9685	0.9678	0.9678	0.9689	0.9681	0.968	0.9682	0.969	0.9674	0.9684	0.9677	0.967	0.9677	0.9678
363.938	27477.17	1.033	1.008	0.9947	0.9864	0.9808	0.9778	0.9754	0.9739	0.9723	0.973	0.9721	0.9727	0.9717	0.9716	0.9713	0.9723	0.9728	0.9728	0.9722	0.9717	0.9718	0.9704	0.9718	0.9717	0.9719	0.9711	0.9721	0.9708	0.9708	0.9714	0.9711
364.515	27433.70	1.038	1.014	1.001	0.9925	0.9865	0.9848	0.9811	0.9794	0.9789	0.9792	0.9778	0.9784	0.9774	0.9771	0.9768	0.9777	0.9776	0.9778	0.9777	0.9773	0.9778	0.9772	0.9777	0.9776	0.9778	0.9779	0.9769	0.977	0.9778	0.978	0.9771
365.092	27390.37	1.043	1.019	1.005	0.9969	0.9904	0.9882	0.9855	0.9836	0.9828	0.9837	0.9819	0.9818	0.9813	0.9813	0.981	0.9816	0.9812	0.9814	0.9813	0.9812	0.982	0.9821	0.9809	0.9814	0.9814	0.9815	0.9808	0.9809	0.9815	0.981	0.9815
365.669	27347.17	1.044	1.02	1.006	0.9979	0.9907	0.9882	0.9862	0.9851	0.9838	0.9848	0.9824	0.9832	0.9829	0.983	0.9816	0.9827	0.9831	0.9826	0.9829	0.9824	0.983	0.9824	0.981	0.9826	0.9822	0.982	0.9823	0.9815	0.9824	0.9813	0.983
366.245	27304.11	1.046	1.021	1.008	0.9995	0.9936	0.9901	0.9883	0.987	0.9859	0.986	0.9842	0.9856	0.9846	0.9846	0.9837	0.9841	0.9846	0.9841	0.9843	0.9846	0.9848	0.9838	0.9828	0.9845	0.9846	0.9848	0.9849	0.9837	0.9847	0.9837	0.985
366.822	27261.18	1.055	1.029	1.016	1.006	1.001	0.9963	0.9948	0.9929	0.9922	0.9912	0.9908	0.9915	0.9902	0.9902	0.9908	0.9907	0.9903	0.9903	0.9901	0.9904	0.9905	0.9904	0.9896	0.9899	0.9909	0.991	0.9914	0.9906	0.9908	0.99	0.9903
367.399	27218.39	1.067	1.04	1.026	1.016	1.011	1.007	1.005	1.003	1.002	1.001	1.001	1.001	1	1.001	1	1.001	1	1	1	1	1	1	1	0.9995	1.001	1	1.001	1.001	1	1	0.9999
367.975	27175.73	1.081	1.054	1.039	1.029	1.022	1.021	1.018	1.016	1.014	1.014	1.014	1.014	1.013	1.014	1.012	1.013	1.013	1.013	1.012	1.013	1.013	1.014	1.013	1.013	1.014	1.013	1.013	1.013	1.013	1.013	1.013
368.552	27133.20	1.093	1.065	1.048	1.04	1.032	1.03	1.027	1.027	1.024	1.025	1.024	1.024	1.023	1.024	1.023	1.024	1.023	1.024	1.023	1.023	1.023	1.023	1.023	1.023	1.023	1.023	1.023	1.023	1.022	1.022	1.023
369.129	27090.81	1.099	1.07	1.052	1.044	1.037	1.033	1.031	1.031	1.029	1.029	1.027	1.028	1.026	1.027	1.028	1.027	1.027	1.027	1.028	1.027	1.027	1.026	1.027	1.027	1.027	1.027	1.026	1.027	1.026	1.026	1.027
369.706	27048.55	1.106	1.078	1.06	1.05	1.044	1.039	1.038	1.035	1.034	1.034	1.033	1.033	1.032	1.033	1.033	1.032	1.033	1.033	1.033	1.032	1.033	1.033	1.032	1.033	1.034	1.032	1.032	1.032	1.032	1.032	1.031
370.282	27006.43	1.108	1.079	1.062	1.053	1.046	1.042	1.039	1.036	1.035	1.036	1.035	1.034	1.035	1.035	1.034	1.035	1.035	1.035	1.033	1.034	1.034	1.034	1.033	1.034	1.035	1.034	1.034	1.034	1.034	1.033	1.034
370.859	26964.43	1.113	1.084	1.066	1.056	1.048	1.045	1.041	1.04	1.037	1.037	1.038	1.038	1.037	1.036	1.037	1.037	1.038	1.037	1.037	1.037	1.036	1.036	1.036	1.038	1.038	1.036	1.037	1.037	1.037	1.037	1.036
371.436	26922.56	1.124	1.094	1.075	1.065	1.057	1.051	1.048	1.047	1.046	1.046	1.045	1.046	1.046	1.044	1.045	1.044	1.043	1.045	1.045	1.044	1.044	1.044	1.044	1.044	1.045	1.044	1.043	1.044	1.043	1.045	1.044
372.012	26880.83	1.125	1.095	1.076	1.064	1.057	1.051	1.049	1.047	1.048	1.046	1.045	1.045	1.045	1.043	1.044	1.045	1.044	1.045	1.044	1.043	1.043	1.045	1.042	1.044	1.045	1.043	1.042	1.044	1.044	1.044	1.044
372.589	26839.22	1.133	1.1	1.08	1.068	1.061	1.056	1.055	1.051	1.052	1.049	1.05	1.049	1.049	1.047	1.048	1.049	1.048	1.049	1.048	1.048	1.049	1.048	1.047	1.048	1.049	1.048	1.049	1.048	1.049	1.047	1.048
373.166	26797.74	1.135	1.1	1.082	1.069	1.061	1.058	1.053	1.052	1.051	1.05	1.048	1.048	1.048	1.049	1.048	1.048	1.048	1.05	1.047	1.049	1.049	1.049	1.049	1.047	1.05	1.049	1.049	1.048	1.048	1.048	1.049
373.743	26756.39	1.143	1.105	1.088	1.073	1.065	1.063	1.057	1.054	1.052	1.054	1.05	1.054	1.052	1.052	1.052	1.053	1.053	1.054	1.051	1.051	1.052	1.052	1.052	1.051	1.052	1.052	1.051	1.053	1.05	1.05	1.051
374.319	26715.17	1.122	1.086	1.067	1.055	1.047	1.041	1.038	1.038	1.034	1.034	1.034	1.036	1.035	1.033	1.034	1.035	1.033	1.035	1.035	1.033	1.032	1.033	1.034	1.033	1.034	1.033	1.035	1.034	1.033	1.033	1.033
374.896	26674.07	1.134	1.097	1.078	1.064	1.054	1.05	1.047	1.044	1.044	1.042	1.042	1.041	1.041	1.04	1.042	1.042	1.042	1.042	1.041	1.042	1.043	1.041	1.041	1.041	1.041	1.042	1.042	1.042	1.041	1.04	1.042
375.473	26633.10	1.116	1.082	1.063	1.049	1.039	1.035	1.03	1.028	1.027	1.028	1.025	1.026	1.025	1.024	1.025	1.025	1.025	1.024	1.025	1.026	1.026	1.026	1.026	1.027	1.025	1.026	1.026	1.026	1.025	1.026	1.024
376.049	26592.26	1.111	1.075	1.056	1.041	1.032	1.027	1.025	1.022	1.021	1.02	1.02	1.02	1.019	1.018	1.019	1.02	1.018	1.017	1.019	1.018	1.019	1.019	1.018	1.02	1.016	1.018	1.018	1.018	1.019	1.019	1.02
376.626	26551.54	1.116	1.076	1.056	1.042	1.035	1.028	1.026	1.023	1.02	1.021	1.02	1.019	1.019	1.019	1.019	1.02	1.019	1.019	1.02	1.02	1.022	1.022	1.02	1.019	1.019	1.019	1.018	1.018	1.019	1.019	1.02
377.203	26510.94	1.108	1.07	1.051	1.035	1.026	1.021	1.017	1.013	1.012	1.012	1.013	1.012	1.011	1.01	1.013	1.011	1.012	1.011	1.012	1.013	1.012	1.011	1.011	1.012	1.011	1.01	1.011	1.01	1.013	1.009	1.01
377.779	26470.47	1.09	1.054	1.032	1.018	1.009	1.003	1.001	0.997	0.9959	0.9958	0.994	0.9947	0.9945	0.9955	0.994	0.9956	0.9945	0.9954	0.9945	0.9941	0.9969	0.9937	0.9926	0.995	0.995	0.9936	0.9927	0.9946	0.994	0.9933	0.9954
378.356	26430.12	1.081	1.043	1.021	1.009	0.9987	0.9931	0.9911	0.9891	0.9859	0.9852	0.9845	0.9839	0.9825	0.9848	0.9847	0.9852	0.9845	0.9848	0.9823	0.9825	0.9841	0.9837	0.9832	0.9841	0.9849	0.9826	0.9838	0.9837	0.983	0.9845	0.9835
378.933	26389.90	1.064	1.026	1.005	0.9927	0.9819	0.9779	0.9741	0.9723	0.9715	0.9709	0.9679	0.9703	0.968	0.9686	0.969	0.9692	0.9695	0.9687	0.9691	0.9678	0.9679	0.968	0.9666	0.9699	0.9689	0.9688	0.9678	0.9675	0.9675	0.9675	0.9676
379.510	26349.79	1.051	1.013	0.9919	0.9805	0.9692	0.9658	0.962	0.9584	0.9588	0.9584	0.9565	0.9563	0.9569	0.9567	0.957	0.9559	0.9568	0.9565	0.9572	0.9561	0.9558	0.9565	0.9542	0.9567	0.9568	0.9562	0.9538	0.9555	0.9562	0.9557	0.9564
380.086	26309.81	1.036	0.9981	0.978	0.966	0.9557	0.9502	0.9471	0.9451	0.943	0.9441	0.9433	0.9419	0.9421	0.9409	0.9412	0.9416	0.9423	0.9401	0.9416	0.9412	0.9422	0.9418	0.9411	0.9424	0.9412	0.942	0.9412	0.9413	0.9406	0.9404	0.9421
380.663	26269.95	1.022	0.9858	0.9642	0.9525	0.9411	0.9365	0.9329	0.9306	0.9279	0.9291	0.9285	0.9274	0.9284	0.9275	0.9271	0.9276	0.9285	0.9269	0.9272	0.9269	0.9278	0.9269	0.9273	0.9276	0.9288	0.9266	0.9275	0.9272	0.9268	0.9274	0.9272
381.240	26230.22	0.998	0.9613	0.9415	0.9283	0.9187	0.9145	0.9119	0.9086	0.9069	0.9064	0.908	0.9063	0.9061	0.9063	0.9051	0.9067	0.9055	0.9056	0.9062	0.9057	0.9056	0.906	0.9059	0.9061	0.9057	0.9052	0.9059	0.9062	0.9045	0.9055	0.906
381.816	26190.60	0.9712	0.9356	0.9158	0.9035	0.8953	0.8903	0.8891	0.886	0.8838	0.8828	0.8839	0.8835	0.8825	0.883	0.883	0.8835	0.8821	0.883	0.8821	0.8835	0.8821	0.8825	0.8823	0.8822	0.8824	0.8829	0.8823	0.882	0.8815	0.8807	0.8825
382.393	26151.10	0.9502	0.9166	0.8973	0.8851	0.8771	0.8719	0.8696	0.8672	0.8667	0.8662	0.865	0.8646	0.865	0.8657	0.8653	0.8651	0.8651	0.8649	0.8643	0.8648	0.8639	0.8653	0.8646	0.8643	0.8649	0.8655	0.8633	0.8634	0.8646	0.8628	0.8639
382.970	26111.72	0.9316	0.8998	0.8808	0.869	0.8607	0.8554	0.8527	0.851	0.8497	0.8493	0.8484	0.848	0.8488	0.8497	0.8478	0.8478	0.8487	0.8481	0.8481	0.8481	0.8478	0.8483	0.8479	0.8485	0.8491	0.8492	0.8477	0.8469	0.8493	0.8476	0.8485
383.547	26072.45	0.9106	0.8788	0.8609	0.8491	0.841	0.8365	0.8339	0.8322	0.83	0.8301	0.8293	0.8291	0.8297	0.8294	0.8281	0.8293	0.829	0.8282	0.8287	0.8297	0.8289	0.8283	0.829	0.8289	0.8296	0.8296	0.8284	0.8284	0.83	0.828	0.8292
384.123	26033.31	0.8872	0.8562	0.8388	0.828	0.8197	0.8154	0.8129	0.8112	0.8104	0.8097	0.8095	0.8096	0.8091	0.8081	0.8082	0.8086	0.8088	0.8084	0.808	0.8087	0.8084	0.8079	0.8087	0.8083	0.809	0.8089	0.8078	0.8077	0.8085	0.8074	0.8078
384.700	25994.28	0.8623	0.8325	0.8157	0.806	0.7991	0.7942	0.7919	0.79	0.7893	0.7884	0.7887	0.7887	0.7874	0.7884	0.7878	0.7875	0.7878	0.7882	0.7873	0.7876	0.7877	0.7872	0.7866	0.7872	0.7879	0.7875	0.7874	0.7871	0.787	0.7869	0.7867
385.277	25955.37	0.8389	0.811	0.795	0.7857	0.7794	0.7746	0.7719	0.7707	0.7691	0.7694	0.769	0.7683	0.7684	0.7685	0.7686	0.7683	0.7683	0.7689	0.7685	0.7686	0.768	0.7677	0.7671	0.7685	0.7684	0.7676	0.7679	0.7682	0.7681	0.7669	0.7681
385.853	25916.58	0.8148	0.7886	0.7735	0.7638	0.7574	0.7529	0.7509	0.7496	0.7481	0.7487	0.7479	0.7473	0.7481	0.7471	0.7475	0.7471	0.7474	0.7476	0.7479	0.7481	0.7465	0.7468	0.7467	0.7477	0.7478	0.7468	0.7469	0.7471	0.7476	0.7455	0.747
386.430	25877.90	0.7916	0.7652	0.7524	0.7423	0.7361	0.7315	0.7301	0.7284	0.7273	0.7274	0.7265	0.7265	0.7264	0.7271	0.7263	0.7259	0.7266	0.7267	0.7269	0.7268	0.7263	0.7262	0.7257	0.7262	0.727	0.7266	0.7261	0.7263	0.7259	0.7251	0.7255
387.007	25839.34	0.7697	0.7442	0.7329	0.7232	0.717	0.7132	0.7109	0.7098	0.7083	0.7089	0.7075	0.7074	0.7076	0.7076	0.7075	0.7076	0.7084	0.7082	0.7082	0.7072	0.708	0.7077	0.7074	0.7078	0.708	0.7079	0.707	0.7073	0.7068	0.7071	0.7071
387.584	25800.89	0.745	0.7215	0.7103	0.7009	0.695	0.6925	0.6903	0.6891	0.6872	0.688	0.6869	0.6867	0.6873	0.6858	0.6866	0.6873	0.6875	0.687	0.6868	0.6866	0.6863	0.6863	0.6867	0.6867	0.6867	0.6862	0.686	0.6862	0.6862	0.6865	0.6863
388.160	25762.56	0.7241	0.7014	0.6903	0.6823	0.6763	0.6734	0.6725	0.6713	0.6698	0.6697	0.6694	0.6687	0.6694	0.6684	0.6685	0.6692	0.6697	0.6687	0.6691	0.6686	0.6685	0.6679	0.6688	0.6686	0.6692	0.6679	0.6685	0.6683	0.6682	0.6688	0.6683
388.737	25724.34	0.7067	0.6853	0.6743	0.6672	0.6621	0.6584	0.6575	0.6568	0.6557	0.6553	0.6546	0.6538	0.6549	0.6544	0.654	0.6543	0.6551	0.6548	0.6551	0.654	0.6547	0.6537	0.6544	0.6544	0.655	0.6538	0.6544	0.6538	0.6541	0.6545	0.6544
389.314	25686.23	0.6853	0.6662	0.6559	0.6484	0.6432	0.6408	0.6387	0.6381	0.6376	0.6367	0.6359	0.6363	0.6363	0.6365	0.6367	0.636	0.6365	0.6375	0.6364	0.6364	0.6372	0.6365	0.6363	0.6372	0.6364	0.6363	0.6363	0.6363	0.6365	0.6358	0.6365
389.890	25648.24	0.6661	0.6478	0.6374	0.6314	0.6268	0.6243	0.622	0.6207	0.6207	0.6202	0.6197	0.6198	0.6204	0.6199	0.6197	0.62	0.6198	0.6202	0.6198	0.6198	0.62	0.6201	0.6198	0.6206	0.6203	0.6194	0.6196	0.6202	0.6201	0.6199	0.62
390.467	25610.35	0.6465	0.6287	0.6196	0.6138	0.6094	0.6068	0.6057	0.6041	0.6035	0.6032	0.6039	0.6033	0.6037	0.603	0.603	0.6029	0.6029	0.6024	0.6029	0.6033	0.6027	0.604	0.6032	0.6029	0.6035	0.6034	0.6029	0.6034	0.6033	0.6037	0.6032
391.044	25572.58	0.6304	0.6136	0.6055	0.5996	0.5955	0.592	0.592	0.5903	0.5893	0.59	0.5898	0.5897	0.5884	0.5898	0.5888	0.5898	0.5898	0.589	0.5886	0.5896	0.5891	0.5891	0.5897	0.5893	0.59	0.5894	0.5893	0.589	0.5885	0.5896	0.5884
391.620	25534.93	0.6111	0.5957	0.5876	0.5822	0.5784	0.5758	0.5752	0.5741	0.5731	0.5737	0.573	0.5731	0.5728	0.5725	0.5734	0.5735	0.5738	0.5729	0.5723	0.5731	0.5732	0.5729	0.5731	0.5728	0.5731	0.5729	0.5728	0.5728	0.5727	0.5727	0.5721
392.197	25497.38	0.5939	0.5797	0.5724	0.5675	0.5633	0.562	0.5602	0.5592	0.5586	0.5585	0.5586	0.5582	0.5587	0.5586	0.5593	0.559	0.5588	0.5589	0.5583	0.5586	0.5586	0.5581	0.5584	0.5579	0.5588	0.5587	0.5582	0.5582	0.5583	0.5578	0.5577
392.774	25459.94	0.5785	0.5645	0.5582	0.5532	0.5495	0.5477	0.547	0.546	0.546	0.545	0.545	0.546	0.5445	0.5443	0.5452	0.5456	0.545	0.5453	0.5456	0.5451	0.5452	0.5451	0.5448	0.5444	0.5454	0.5447	0.5451	0.5449	0.5444	0.5449	0.5448
393.351	25422.61	0.5659	0.5528	0.5471	0.5419	0.5381	0.537	0.5366	0.5355	0.5353	0.5353	0.5345	0.5345	0.5348	0.534	0.5342	0.5352	0.5343	0.5348	0.5351	0.5338	0.5343	0.5347	0.5341	0.5343	0.5343	0.5344	0.5341	0.5341	0.5338	0.5342	0.5342
393.927	25385.39	0.5497	0.5376	0.5315	0.5276	0.5248	0.5227	0.5221	0.5217	0.5211	0.5204	0.52	0.5206	0.52	0.5202	0.5197	0.5212	0.5203	0.5206	0.5206	0.521	0.5203	0.5204	0.52	0.5206	0.5209	0.5197	0.52	0.5203	0.5205	0.5204	0.5194
394.504	25348.28	0.5363	0.5255	0.5203	0.5172	0.5139	0.5119	0.5111	0.5099	0.5102	0.5095	0.5091	0.5094	0.5087	0.5093	0.5096	0.5096	0.5093	0.5099	0.5096	0.5092	0.5094	0.5084	0.509	0.5093	0.5092	0.5092	0.5085	0.509	0.5092	0.5091	0.5088
395.081	25311.28	0.5236	0.5123	0.5076	0.5037	0.5013	0.5003	0.499	0.498	0.4974	0.4972	0.4976	0.4974	0.4974	0.4978	0.4972	0.4972	0.4982	0.4974	0.4975	0.4976	0.4975	0.497	0.4975	0.4976	0.4981	0.4978	0.4971	0.4974	0.4969	0.4974	0.4972
395.657	25274.39	0.5123	0.5024	0.497	0.4946	0.4913	0.4908	0.4903	0.4885	0.4884	0.4879	0.4884	0.4886	0.4881	0.4885	0.4879	0.4887	0.4895	0.489	0.4883	0.4883	0.4879	0.488	0.488	0.4886	0.4884	0.4884	0.4882	0.4889	0.4887	0.4882	0.4888
396.234	25237.60	0.4993	0.4891	0.486	0.483	0.4796	0.4789	0.4789	0.4782	0.4764	0.4776	0.4767	0.4768	0.4775	0.4768	0.477	0.4771	0.4774	0.477	0.4772	0.4773	0.4774	0.4768	0.4772	0.4771	0.4767	0.476	0.477	0.4769	0.4769	0.477	0.4769
396.811	25200.92	0.4851	0.4765	0.4725	0.4701	0.4677	0.467	0.4662	0.4659	0.4651	0.4655	0.4641	0.4652	0.4656	0.4648	0.4648	0.4655	0.4647	0.4661	0.4659	0.465	0.4642	0.4649	0.4648	0.4653	0.4655	0.4657	0.4649	0.4648	0.4652	0.4642	0.4645
397.388	25164.35	0.4745	0.4659	0.4622	0.4604	0.4577	0.4567	0.4564	0.4557	0.455	0.455	0.4546	0.4551	0.4546	0.455	0.4553	0.4561	0.4554	0.4554	0.455	0.4554	0.4559	0.4554	0.4554	0.4553	0.4554	0.4556	0.4555	0.4558	0.4551	0.4548	0.4547
397.964	25127.88	0.4642	0.4565	0.4528	0.4503	0.449	0.4479	0.4475	0.4467	0.4464	0.4464	0.4462	0.4464	0.446	0.4467	0.4463	0.4465	0.4461	0.4466	0.4471	0.4465	0.4465	0.4463	0.4466	0.4465	0.4465	0.4467	0.446	0.4464	0.4464	0.4461	0.4459
398.541	25091.52	0.4541	0.4468	0.4437	0.4414	0.4399	0.4393	0.4383	0.4381	0.4376	0.4378	0.4372	0.4376	0.4376	0.4377	0.4375	0.4375	0.4372	0.438	0.4381	0.4381	0.4379	0.4374	0.4379	0.4371	0.4377	0.4378	0.4376	0.4368	0.4373	0.4367	0.4376
399.118	25055.27	0.4449	0.4383	0.4361	0.4337	0.4319	0.4315	0.4307	0.43	0.4304	0.4298	0.43	0.4299	0.4301	0.43	0.4302	0.4299	0.43	0.4297	0.4304	0.4306	0.4299	0.43	0.4305	0.4303	0.4307	0.4307	0.4302	0.4301	0.4309	0.4295	0.4298
399.694	25019.11	0.4359	0.4295	0.4268	0.4253	0.4238	0.4236	0.4227	0.4221	0.4221	0.4227	0.4221	0.4226	0.4224	0.4223	0.422	0.4219	0.4222	0.4219	0.4226	0.4226	0.4223	0.4218	0.4222	0.4222	0.4218	0.4222	0.4221	0.4223	0.4221	0.4223	0.4216
400.271	24983.07	0.4265	0.4211	0.4187	0.4173	0.4161	0.4153	0.4158	0.4148	0.4141	0.4144	0.4147	0.4146	0.4142	0.414	0.4141	0.4138	0.4146	0.414	0.4145	0.4147	0.4139	0.4141	0.414	0.4144	0.4142	0.4143	0.4142	0.4144	0.4136	0.4139	0.4142
400.848	24947.12	0.4189	0.4143	0.4116	0.4113	0.4093	0.4083	0.4089	0.408	0.4077	0.4079	0.4081	0.4079	0.408	0.4076	0.4077	0.4078	0.4077	0.4076	0.4079	0.4079	0.4076	0.4079	0.4081	0.4075	0.4084	0.4081	0.4075	0.4079	0.4075	0.4071	0.408
401.425	24911.28	0.4098	0.4048	0.4037	0.4021	0.4004	0.4	0.4004	0.3999	0.3991	0.3993	0.3991	0.3993	0.3994	0.3995	0.3996	0.3994	0.3994	0.3994	0.3992	0.3996	0.3996	0.3989	0.3997	0.3995	0.3997	0.3999	0.3993	0.4	0.3997	0.3994	0.3998
402.001	24875.54	0.4013	0.397	0.396	0.3942	0.3931	0.3929	0.3924	0.3925	0.392	0.3923	0.3917	0.3922	0.3919	0.392	0.3923	0.3925	0.3925	0.3922	0.3923	0.392	0.3919	0.3919	0.3926	0.3921	0.392	0.3926	0.3925	0.3929	0.3923	0.3921	0.3922
402.578	24839.91	0.394	0.39	0.3886	0.3873	0.3868	0.3862	0.3856	0.3859	0.3854	0.3859	0.3855	0.3857	0.3851	0.3855	0.3854	0.3857	0.3857	0.3857	0.3858	0.3859	0.3856	0.3854	0.3859	0.3855	0.3856	0.3859	0.3856	0.3862	0.3851	0.3856	0.3856
403.155	24804.38	0.3852	0.3815	0.3803	0.3798	0.3788	0.3784	0.3784	0.3785	0.3778	0.3778	0.3777	0.3777	0.3771	0.3783	0.3775	0.378	0.3781	0.3783	0.3778	0.3783	0.3784	0.3778	0.3778	0.3781	0.3786	0.3779	0.378	0.3784	0.3776	0.3781	0.378
403.731	24768.94	0.3784	0.375	0.3742	0.3741	0.3723	0.3724	0.3724	0.3724	0.3715	0.3719	0.3716	0.372	0.3713	0.3723	0.3717	0.3723	0.3723	0.372	0.3722	0.3723	0.3722	0.3716	0.3725	0.3721	0.3721	0.372	0.372	0.3722	0.372	0.3718	0.3719
404.308	24733.61	0.3717	0.3684	0.3677	0.3674	0.3664	0.3662	0.3666	0.3656	0.3653	0.3663	0.366	0.3658	0.366	0.3657	0.3657	0.3658	0.3661	0.366	0.3664	0.366	0.3661	0.3655	0.3663	0.366	0.3662	0.3662	0.366	0.3657	0.3659	0.3654	0.3657
404.885	24698.38	0.3639	0.3612	0.3608	0.3599	0.3595	0.3594	0.36	0.3588	0.3589	0.3592	0.3592	0.359	0.3592	0.3584	0.359	0.3587	0.359	0.3595	0.3593	0.359	0.3593	0.3589	0.3592	0.3591	0.3598	0.3591	0.3587	0.359	0.3586	0.3587	0.359
405.462	24663.25	0.3566	0.3544	0.3544	0.3537	0.3527	0.3531	0.3533	0.3527	0.353	0.3527	0.3526	0.3523	0.3527	0.3524	0.3527	0.3525	0.3527	0.353	0.3528	0.3524	0.3528	0.353	0.3528	0.3527	0.3532	0.3526	0.3522	0.3528	0.3525	0.3524	0.3526
406.038	24628.22	0.3506	0.3484	0.3484	0.3482	0.3472	0.3473	0.3471	0.347	0.3471	0.3473	0.3472	0.347	0.3472	0.3472	0.3471	0.3469	0.3472	0.3473	0.3473	0.3469	0.3472	0.3475	0.3473	0.3473	0.3478	0.347	0.3471	0.3475	0.3475	0.3469	0.347
406.615	24593.29	0.344	0.342	0.3422	0.3419	0.3411	0.3413	0.3412	0.3409	0.3409	0.3412	0.3415	0.3412	0.3411	0.3413	0.3412	0.341	0.341	0.3416	0.3414	0.3414	0.3415	0.3413	0.3413	0.3413	0.342	0.3412	0.3414	0.3415	0.3413	0.3413	0.341
407.192	24558.46	0.3367	0.3353	0.3358	0.3357	0.3348	0.3352	0.3356	0.3345	0.335	0.3349	0.3349	0.3347	0.3347	0.3351	0.3351	0.335	0.335	0.3354	0.3353	0.3354	0.3353	0.3351	0.3347	0.3349	0.3353	0.3352	0.3353	0.3353	0.3349	0.335	0.3349
407.768	24523.73	0.3303	0.329	0.3296	0.33	0.3293	0.3293	0.3297	0.329	0.3293	0.3293	0.3289	0.3293	0.3292	0.3294	0.3295	0.3292	0.3296	0.3293	0.3296	0.3296	0.3293	0.3294	0.329	0.3292	0.3295	0.3294	0.3294	0.3295	0.3295	0.3289	0.3292
408.345	24489.09	0.3237	0.322	0.3234	0.3233	0.3229	0.3232	0.3234	0.3233	0.3229	0.3231	0.3232	0.3229	0.3231	0.3233	0.3233	0.3228	0.3232	0.3231	0.3233	0.3232	0.3233	0.3231	0.323	0.3232	0.3238	0.3232	0.3232	0.3227	0.3236	0.3229	0.3231
408.922	24454.56	0.3171	0.3157	0.3172	0.3167	0.317	0.3171	0.3173	0.3171	0.3166	0.3173	0.317	0.3168	0.3167	0.3169	0.3173	0.3168	0.3172	0.3171	0.3173	0.3173	0.3175	0.317	0.3172	0.3174	0.3179	0.3172	0.3173	0.3169	0.3173	0.3168	0.3174
409.498	24420.12	0.3109	0.3102	0.3106	0.3112	0.3112	0.3114	0.3116	0.3116	0.3109	0.3117	0.3113	0.3112	0.3113	0.3115	0.3114	0.3112	0.312	0.3112	0.3116	0.3115	0.3119	0.3116	0.3119	0.312	0.312	0.3116	0.3115	0.3114	0.3119	0.3112	0.3115
410.075	24385.77	0.3046	0.3038	0.3047	0.3059	0.3056	0.3057	0.306	0.3063	0.3058	0.306	0.3058	0.306	0.3062	0.306	0.3057	0.306	0.3062	0.306	0.3061	0.3064	0.3063	0.306	0.3062	0.306	0.3063	0.3064	0.3063	0.3062	0.3059	0.3059	0.3058
410.652	24351.53	0.2984	0.2976	0.2989	0.2997	0.2994	0.2997	0.2997	0.3004	0.3003	0.3001	0.3002	0.2997	0.3	0.2998	0.3004	0.3007	0.3004	0.3005	0.3002	0.3003	0.3001	0.3007	0.3002	0.3003	0.3005	0.3009	0.3005	0.3005	0.3	0.3003	0.3001
411.229	24317.37	0.2924	0.2924	0.2937	0.2946	0.2944	0.2947	0.2947	0.2946	0.2946	0.2948	0.295	0.2947	0.2947	0.2952	0.295	0.2957	0.2953	0.2954	0.2952	0.2949	0.295	0.2947	0.2951	0.2954	0.2953	0.2954	0.2955	0.2952	0.2955	0.2951	0.2945
411.805	24283.32	0.286	0.2863	0.2882	0.2888	0.2889	0.2888	0.2892	0.2888	0.2894	0.2893	0.2886	0.289	0.2888	0.2895	0.2892	0.2897	0.2898	0.2896	0.2894	0.289	0.2897	0.2888	0.2891	0.2894	0.29	0.2897	0.2892	0.2892	0.2898	0.2895	0.2893
412.382	24249.36	0.2795	0.2794	0.2817	0.2826	0.2818	0.2831	0.2827	0.2826	0.2825	0.2828	0.2825	0.2828	0.2826	0.2836	0.2832	0.2834	0.2832	0.2832	0.2829	0.2827	0.2831	0.283	0.2829	0.2834	0.2832	0.2832	0.2828	0.2829	0.2832	0.2833	0.2832
412.959	24215.50	0.2738	0.2739	0.2763	0.2769	0.2766	0.2776	0.2776	0.2774	0.2779	0.2778	0.2773	0.2776	0.2773	0.2775	0.2779	0.2778	0.2781	0.2782	0.2785	0.2779	0.2773	0.2782	0.2781	0.2783	0.278	0.2782	0.2774	0.2781	0.2778	0.2775	0.2779
413.535	24181.72	0.2686	0.269	0.2705	0.2718	0.2715	0.2725	0.2727	0.2733	0.2729	0.273	0.2723	0.2731	0.2731	0.2733	0.2735	0.273	0.273	0.2729	0.2736	0.2733	0.2732	0.273	0.2732	0.2734	0.2735	0.273	0.2731	0.2729	0.273	0.2731	0.2733
414.112	24148.05	0.2615	0.2627	0.265	0.2663	0.2654	0.2663	0.2667	0.2671	0.2666	0.2672	0.267	0.2673	0.2668	0.2672	0.2672	0.2678	0.2672	0.2672	0.2674	0.2671	0.2667	0.2673	0.2672	0.2672	0.2673	0.2677	0.2671	0.2672	0.2668	0.2673	0.2673
414.689	24114.47	0.2573	0.2587	0.2608	0.2621	0.2618	0.2627	0.2629	0.2628	0.2633	0.263	0.2632	0.2632	0.263	0.2631	0.2633	0.2642	0.2636	0.2638	0.263	0.2634	0.2635	0.2632	0.2635	0.2634	0.2634	0.264	0.2631	0.2633	0.2632	0.2636	0.2637
415.266	24080.98	0.2497	0.2513	0.2544	0.255	0.2555	0.2556	0.2565	0.2558	0.2566	0.2563	0.2561	0.2566	0.2566	0.2565	0.2563	0.2562	0.2568	0.2577	0.2564	0.2566	0.2564	0.2565	0.2568	0.2567	0.2575	0.2571	0.257	0.2568	0.2567	0.2565	0.257
415.842	24047.58	0.2447	0.2466	0.2491	0.2502	0.2508	0.2512	0.2513	0.2515	0.252	0.2519	0.2515	0.2514	0.2509	0.2519	0.2524	0.2519	0.2525	0.252	0.2523	0.2519	0.2521	0.2519	0.252	0.2525	0.2519	0.2522	0.2515	0.2517	0.252	0.2517	0.2517
416.419	24014.28	0.2392	0.2401	0.2431	0.244	0.2444	0.2451	0.2454	0.2454	0.2453	0.2455	0.2454	0.2448	0.2455	0.2457	0.2456	0.2457	0.2459	0.2456	0.2463	0.246	0.2458	0.2459	0.2453	0.246	0.2461	0.2461	0.2458	0.2455	0.2461	0.246	0.2461
416.996	23981.06	0.2331	0.2348	0.2371	0.2384	0.2386	0.2403	0.2405	0.2404	0.2399	0.2402	0.24	0.2401	0.2399	0.2404	0.2402	0.2406	0.2405	0.2405	0.2403	0.2405	0.2406	0.2403	0.2408	0.2401	0.2408	0.2405	0.2406	0.24	0.2407	0.2399	0.2404
417.572	23947.94	0.2265	0.2285	0.2308	0.2326	0.2328	0.2334	0.2337	0.2341	0.2338	0.2346	0.2344	0.2344	0.2339	0.2335	0.2344	0.2345	0.2345	0.2345	0.2345	0.2349	0.2343	0.2345	0.2344	0.2343	0.2347	0.2341	0.2347	0.2344	0.2344	0.2344	0.2342
418.149	23914.91	0.2214	0.2234	0.2263	0.2266	0.2284	0.2287	0.2293	0.2292	0.2293	0.2295	0.2293	0.229	0.2295	0.2289	0.2298	0.2299	0.2297	0.2287	0.2305	0.2292	0.2295	0.2302	0.2291	0.2293	0.2299	0.23	0.2292	0.2297	0.2301	0.23	0.2299
418.726	23881.98	0.2154	0.2176	0.2207	0.2219	0.2221	0.2231	0.2237	0.2232	0.2236	0.2235	0.2241	0.2238	0.2241	0.2232	0.2238	0.2246	0.2241	0.224	0.2244	0.2237	0.2237	0.224	0.2242	0.2241	0.2244	0.2243	0.2243	0.2236	0.2243	0.2241	0.2239
419.303	23849.13	0.2098	0.212	0.2147	0.2167	0.2167	0.2183	0.2182	0.2186	0.2179	0.2185	0.2183	0.2188	0.2188	0.218	0.2188	0.2186	0.2188	0.2191	0.2185	0.2186	0.2189	0.2186	0.2186	0.219	0.219	0.2189	0.2189	0.2188	0.219	0.2185	0.2186
419.879	23816.37	0.2034	0.2062	0.2095	0.2113	0.2112	0.2123	0.2127	0.2128	0.2122	0.2128	0.2128	0.2125	0.2128	0.2128	0.2129	0.2127	0.2136	0.2129	0.2131	0.2133	0.2135	0.2129	0.2128	0.2129	0.2138	0.213	0.2128	0.2131	0.2131	0.2128	0.2125
420.456	23783.70	0.1988	0.2013	0.2043	0.2061	0.2062	0.2077	0.2079	0.2079	0.2078	0.208	0.2077	0.2076	0.2083	0.2082	0.2086	0.2082	0.2088	0.2079	0.2087	0.2085	0.2088	0.2083	0.2087	0.2078	0.2087	0.2085	0.2082	0.2085	0.2082	0.2076	0.2084
421.033	23751.13	0.1924	0.1956	0.1988	0.2006	0.2007	0.2014	0.2022	0.2024	0.2021	0.202	0.202	0.2023	0.2022	0.2019	0.2023	0.2021	0.2028	0.2021	0.2025	0.2022	0.2028	0.2027	0.2024	0.2025	0.2024	0.2025	0.2026	0.2025	0.2025	0.2023	0.2028
421.609	23718.64	0.1879	0.1902	0.1938	0.1958	0.1959	0.1966	0.197	0.1975	0.1976	0.1974	0.1979	0.1976	0.1981	0.1972	0.1978	0.1981	0.1981	0.1979	0.1981	0.1979	0.1984	0.198	0.1981	0.1982	0.1978	0.1978	0.1985	0.198	0.1983	0.1983	0.1985
422.186	23686.24	0.1831	0.1856	0.1895	0.1909	0.1913	0.1924	0.1927	0.1925	0.1929	0.1933	0.1932	0.1929	0.1936	0.1932	0.1934	0.1936	0.1931	0.1933	0.1933	0.1932	0.1932	0.193	0.1933	0.1935	0.1937	0.1933	0.1936	0.1937	0.193	0.1934	0.1938
422.763	23653.93	0.1785	0.1817	0.1848	0.1867	0.1874	0.188	0.1884	0.1882	0.1885	0.189	0.189	0.1889	0.1892	0.1891	0.189	0.1893	0.1889	0.189	0.1892	0.1891	0.1891	0.1891	0.1892	0.1894	0.1898	0.189	0.1893	0.1893	0.1892	0.1893	0.1892
423.339	23621.70	0.1732	0.1764	0.1798	0.1819	0.1823	0.1838	0.1838	0.184	0.1836	0.1845	0.1843	0.1841	0.1847	0.1841	0.185	0.1849	0.1847	0.1847	0.1846	0.1845	0.1848	0.1848	0.1846	0.1849	0.1847	0.1845	0.1843	0.1846	0.1847	0.1845	0.1844
423.916	23589.57	0.1685	0.1717	0.1755	0.1774	0.1775	0.1789	0.1796	0.1796	0.1792	0.1798	0.1797	0.1796	0.1798	0.1798	0.1804	0.1806	0.1798	0.1801	0.1799	0.1802	0.1807	0.1804	0.18	0.1805	0.18	0.1802	0.1799	0.1802	0.1802	0.1803	0.1799
424.493	23557.52	0.1639	0.1675	0.1704	0.1731	0.1734	0.1742	0.1748	0.1749	0.1753	0.1755	0.1753	0.1754	0.175	0.1753	0.1757	0.1759	0.1754	0.1758	0.1755	0.1758	0.1758	0.1759	0.1757	0.1758	0.1759	0.1756	0.1753	0.1755	0.1758	0.1757	0.1757
425.070	23525.56	0.1591	0.163	0.1655	0.1681	0.1687	0.1695	0.1698	0.1704	0.1708	0.1707	0.1702	0.1709	0.1706	0.1705	0.1707	0.171	0.1708	0.1709	0.171	0.1712	0.1709	0.1708	0.1707	0.1711	0.1706	0.1709	0.1706	0.1702	0.1711	0.1704	0.1712
425.646	23493.68	0.1541	0.1577	0.1607	0.1629	0.1635	0.1643	0.1647	0.1652	0.1657	0.1653	0.1655	0.1655	0.1656	0.1655	0.1658	0.1655	0.1661	0.1661	0.1656	0.1657	0.1659	0.1653	0.1653	0.166	0.1657	0.166	0.1655	0.1654	0.166	0.1653	0.1659
426.223	23461.89	0.1495	0.153	0.1563	0.1584	0.1591	0.16	0.1605	0.1605	0.161	0.1606	0.161	0.1607	0.1611	0.1606	0.1614	0.1609	0.1613	0.1618	0.1612	0.1611	0.1614	0.1616	0.161	0.1616	0.1615	0.1613	0.1609	0.161	0.1616	0.1613	0.161
426.800	23430.19	0.1452	0.1486	0.1525	0.1542	0.155	0.1559	0.1564	0.1565	0.1564	0.1566	0.1564	0.1567	0.157	0.1567	0.1572	0.157	0.1571	0.1573	0.1573	0.1571	0.1571	0.1573	0.1571	0.1573	0.157	0.1571	0.1567	0.1571	0.1575	0.1566	0.1569
427.376	23398.57	0.1405	0.1442	0.1478	0.1499	0.1504	0.1514	0.1516	0.1518	0.152	0.1525	0.1522	0.1523	0.1527	0.1527	0.1528	0.1524	0.1527	0.1528	0.1526	0.1526	0.1526	0.1524	0.1526	0.1527	0.1525	0.153	0.1525	0.1526	0.1528	0.152	0.1523
427.953	23367.04	0.1361	0.1398	0.1428	0.1451	0.1457	0.1469	0.1473	0.1471	0.1476	0.1482	0.1479	0.1475	0.1483	0.1478	0.1482	0.1477	0.1485	0.1483	0.1481	0.1483	0.1481	0.1483	0.148	0.1483	0.1483	0.1484	0.1482	0.1481	0.1482	0.1479	0.1476
428.530	23335.60	0.1321	0.135	0.1383	0.1405	0.1415	0.1428	0.1432	0.1428	0.1431	0.1435	0.1434	0.1429	0.1435	0.1432	0.1435	0.1431	0.1443	0.1438	0.1439	0.1441	0.1438	0.144	0.1434	0.144	0.144	0.1437	0.1434	0.1438	0.1437	0.1437	0.1433
429.107	23304.23	0.1271	0.1305	0.134	0.1362	0.1369	0.1381	0.1384	0.1384	0.1386	0.1387	0.1389	0.1385	0.1388	0.1389	0.1392	0.1388	0.1393	0.1392	0.1391	0.1392	0.1393	0.1392	0.139	0.1395	0.1394	0.1392	0.1389	0.1389	0.1391	0.1393	0.1389
429.683	23272.96	0.1223	0.1263	0.1299	0.1319	0.1324	0.1334	0.134	0.1342	0.1342	0.1344	0.1348	0.1345	0.1347	0.1347	0.135	0.1348	0.1351	0.135	0.1347	0.1345	0.1349	0.1347	0.1347	0.1351	0.1351	0.1351	0.1349	0.1342	0.135	0.1348	0.1348
430.260	23241.76	0.1186	0.1227	0.1263	0.1283	0.1288	0.1297	0.1305	0.1305	0.1307	0.1308	0.1309	0.1309	0.1311	0.1311	0.131	0.1311	0.1315	0.1313	0.1314	0.131	0.1313	0.1312	0.131	0.1313	0.1317	0.1314	0.1313	0.1307	0.1315	0.1311	0.1313
430.837	23210.65	0.1153	0.1192	0.1225	0.1246	0.1252	0.1262	0.1268	0.127	0.127	0.1277	0.1273	0.1271	0.1276	0.1276	0.1274	0.1275	0.1279	0.1275	0.1277	0.1278	0.1277	0.1277	0.1277	0.128	0.1278	0.1278	0.1278	0.1278	0.1281	0.1275	0.1276
431.413	23179.62	0.112	0.1154	0.1191	0.1206	0.1216	0.1229	0.1232	0.1238	0.1232	0.124	0.1236	0.1234	0.1238	0.1241	0.124	0.1238	0.1235	0.1241	0.124	0.1243	0.1243	0.1244	0.1238	0.1247	0.1242	0.1241	0.124	0.1241	0.1246	0.1239	0.1242
431.990	23148.68	0.1082	0.1116	0.1157	0.1173	0.118	0.1194	0.1198	0.1202	0.1201	0.1205	0.1206	0.1202	0.1202	0.1203	0.1206	0.1205	0.1201	0.1206	0.1207	0.1211	0.121	0.121	0.1206	0.1211	0.1212	0.1205	0.1207	0.1208	0.1209	0.1208	0.1209
432.567	23117.81	0.1043	0.1085	0.1122	0.1138	0.1142	0.1158	0.1164	0.1161	0.1167	0.1167	0.117	0.1166	0.1171	0.1164	0.1167	0.1168	0.1166	0.1166	0.1172	0.1174	0.1173	0.1168	0.1169	0.1172	0.1178	0.1172	0.1169	0.1171	0.1169	0.1173	0.1173
433.144	23087.03	0.1004	0.1047	0.1084	0.1099	0.1108	0.1119	0.1124	0.1124	0.1123	0.1124	0.1127	0.1126	0.1135	0.1129	0.1134	0.1132	0.1135	0.1129	0.1134	0.1134	0.1133	0.113	0.1134	0.1134	0.1137	0.1135	0.1132	0.1133	0.113	0.1132	0.1129
433.720	23056.34	0.09671	0.1008	0.1044	0.1058	0.107	0.1076	0.1084	0.1082	0.1085	0.1092	0.109	0.1087	0.1096	0.1092	0.1096	0.1091	0.1092	0.1092	0.1093	0.1092	0.1094	0.1088	0.1095	0.1093	0.1094	0.1096	0.1092	0.1092	0.1092	0.1087	0.1089
434.297	23025.72	0.09307	0.09764	0.1005	0.1026	0.1034	0.104	0.1051	0.1053	0.1049	0.1056	0.1055	0.1055	0.1059	0.1051	0.1056	0.1057	0.1057	0.1062	0.1059	0.1057	0.1059	0.1053	0.1059	0.1056	0.1059	0.1061	0.106	0.1053	0.106	0.1054	0.1055
434.874	22995.18	0.09121	0.09491	0.09792	0.1002	0.101	0.1016	0.1025	0.1024	0.102	0.1023	0.1029	0.1031	0.1025	0.1027	0.1023	0.1029	0.1031	0.1032	0.1035	0.1026	0.103	0.1026	0.1031	0.1031	0.1029	0.1029	0.1033	0.103	0.1033	0.1028	0.1029
435.450	22964.73	0.08787	0.09149	0.09455	0.09676	0.09747	0.09834	0.09925	0.09938	0.0988	0.09904	0.09908	0.09986	0.09956	0.09934	0.09968	0.1002	0.09969	0.09993	0.1001	0.0996	0.09994	0.09937	0.09994	0.09995	0.09989	0.1001	0.09977	0.09974	0.09991	0.1	0.0998
436.027	22934.35	0.08473	0.08875	0.0913	0.09333	0.09416	0.09535	0.09597	0.09584	0.09591	0.09657	0.09551	0.0964	0.09662	0.09608	0.09633	0.09645	0.09642	0.09626	0.09652	0.09688	0.09614	0.09608	0.09586	0.09658	0.09703	0.09664	0.09621	0.09606	0.09636	0.09659	0.09665
436.604	22904.06	0.08148	0.08542	0.08829	0.09069	0.09142	0.09242	0.09245	0.09323	0.09293	0.09367	0.09345	0.09345	0.09326	0.09343	0.09345	0.09357	0.09349	0.09363	0.09409	0.09393	0.09317	0.09311	0.09354	0.09413	0.09434	0.09402	0.09414	0.09276	0.09362	0.09372	0.0936
437.181	22873.85	0.07821	0.0816	0.08523	0.08757	0.08786	0.08876	0.08895	0.08925	0.09002	0.08934	0.08959	0.0897	0.08991	0.08985	0.08985	0.08906	0.08923	0.08998	0.0903	0.08997	0.08999	0.09007	0.08971	0.09021	0.09067	0.08976	0.08964	0.08979	0.0905	0.08938	0.08993
437.757	22843.71	0.07538	0.07894	0.08222	0.08399	0.08531	0.08569	0.08662	0.08608	0.08635	0.08682	0.08655	0.08704	0.08743	0.08724	0.08717	0.0866	0.08656	0.08727	0.08753	0.08735	0.0879	0.08673	0.08751	0.08755	0.08758	0.08754	0.08717	0.08686	0.0875	0.08689	0.08744
438.334	22813.66	0.07205	0.07549	0.07948	0.08101	0.082	0.08277	0.08295	0.08335	0.08349	0.08354	0.0836	0.08306	0.08382	0.08399	0.08356	0.08449	0.08451	0.08408	0.08407	0.08409	0.0843	0.08402	0.08401	0.08405	0.08429	0.08431	0.0843	0.08387	0.08424	0.08373	0.08354
438.911	22783.68	0.07067	0.07474	0.07751	0.07986	0.08073	0.08135	0.08158	0.08166	0.08165	0.08262	0.08216	0.08237	0.08196	0.08189	0.08181	0.08193	0.08292	0.08252	0.08218	0.08247	0.0823	0.08197	0.0821	0.08257	0.08225	0.08238	0.08233	0.08266	0.08232	0.08271	0.08285
439.487	22753.78	0.06721	0.0709	0.07398	0.0762	0.07633	0.07807	0.07879	0.07788	0.07862	0.0789	0.07823	0.07916	0.07921	0.07848	0.07875	0.07923	0.07838	0.07915	0.07933	0.0785	0.07833	0.07888	0.07841	0.07859	0.07927	0.07863	0.0791	0.07904	0.07899	0.07932	0.07885
440.064	22723.96	0.06472	0.06794	0.07207	0.07332	0.07428	0.07499	0.07521	0.07574	0.07526	0.07538	0.07542	0.07583	0.07654	0.07563	0.07646	0.0764	0.07682	0.07653	0.07642	0.07684	0.07631	0.07644	0.07699	0.07642	0.07603	0.07597	0.07654	0.07633	0.07631	0.07645	0.07601
440.641	22694.22	0.06268	0.06594	0.06941	0.07084	0.07159	0.07153	0.07244	0.07313	0.07275	0.07316	0.07304	0.07349	0.07275	0.07353	0.07313	0.07356	0.07338	0.07306	0.07322	0.07363	0.07336	0.07283	0.07265	0.07342	0.0737	0.07318	0.07316	0.07334	0.07321	0.07281	0.07337
441.217	22664.56	0.05962	0.06309	0.06647	0.06798	0.06823	0.06901	0.06947	0.07026	0.06984	0.07068	0.07015	0.07076	0.07065	0.07063	0.07044	0.07074	0.07018	0.07038	0.07033	0.07039	0.07067	0.07044	0.07064	0.07041	0.07135	0.07026	0.07073	0.06991	0.07047	0.07059	0.07038
441.794	22634.97	0.05792	0.06101	0.06384	0.06585	0.06672	0.06709	0.06791	0.06802	0.06776	0.06811	0.06831	0.06831	0.06885	0.06834	0.06795	0.06861	0.06855	0.06854	0.06846	0.06856	0.06885	0.06818	0.0686	0.06807	0.06908	0.06857	0.06839	0.06769	0.06826	0.06835	0.068
442.371	22605.47	0.05534	0.05803	0.06176	0.06316	0.06402	0.06453	0.06477	0.06497	0.06544	0.06509	0.06503	0.06557	0.06569	0.06533	0.06556	0.06605	0.06601	0.06575	0.06582	0.06544	0.06562	0.06543	0.06548	0.06597	0.06573	0.06625	0.06548	0.06521	0.06587	0.06535	0.0653
442.948	22576.03	0.05299	0.05573	0.06055	0.06122	0.06183	0.06238	0.06344	0.06289	0.06335	0.0632	0.06351	0.06373	0.06341	0.06341	0.06362	0.06367	0.06403	0.06366	0.06351	0.06338	0.06377	0.06361	0.06363	0.06353	0.06388	0.06371	0.06359	0.0634	0.06336	0.06354	0.06364
443.524	22546.68	0.05157	0.05446	0.05739	0.05887	0.05881	0.0603	0.06111	0.0608	0.0605	0.06099	0.06097	0.06135	0.06139	0.06111	0.06168	0.06135	0.06206	0.06115	0.06124	0.0611	0.06138	0.06115	0.06154	0.061	0.06194	0.06155	0.06151	0.06093	0.06184	0.06137	0.06154
444.101	22517.40	0.04951	0.05262	0.05488	0.05688	0.05718	0.05812	0.05874	0.05887	0.05819	0.05889	0.05859	0.05901	0.05905	0.05909	0.05938	0.05953	0.05951	0.05935	0.05962	0.05924	0.05942	0.05901	0.05911	0.05918	0.05975	0.05947	0.05922	0.05861	0.0596	0.05916	0.05923
444.678	22488.20	0.04768	0.05022	0.05361	0.05518	0.05567	0.05675	0.05728	0.05687	0.05669	0.05709	0.05725	0.0574	0.05741	0.05771	0.05701	0.05728	0.05765	0.05784	0.05751	0.05794	0.05773	0.05733	0.05777	0.05789	0.05827	0.05776	0.05796	0.05745	0.05811	0.05735	0.05745
445.254	22459.07	0.04555	0.0483	0.05117	0.0529	0.05323	0.05434	0.05519	0.05499	0.05446	0.05486	0.05526	0.05541	0.05525	0.05581	0.05545	0.055	0.05582	0.05545	0.05555	0.05549	0.05551	0.05551	0.05526	0.0556	0.05594	0.05542	0.05547	0.05564	0.05605	0.05558	0.05541
445.831	22430.02	0.04404	0.04691	0.0496	0.05131	0.05191	0.05271	0.05335	0.05307	0.05315	0.05324	0.05341	0.05321	0.053	0.05359	0.05347	0.0533	0.05369	0.0537	0.05339	0.0533	0.05351	0.05358	0.05376	0.05408	0.05378	0.05342	0.05358	0.05399	0.05465	0.0539	0.05364
446.408	22401.04	0.04169	0.0442	0.0475	0.0487	0.0497	0.0509	0.05098	0.05079	0.05082	0.05109	0.05116	0.05125	0.05091	0.05115	0.05134	0.0508	0.05123	0.05153	0.05127	0.05105	0.05115	0.05155	0.05144	0.05152	0.05147	0.05123	0.05113	0.05161	0.05174	0.05171	0.05162
446.985	22372.14	0.03964	0.04263	0.04552	0.0473	0.04765	0.04883	0.04905	0.0488	0.04916	0.04927	0.04904	0.04974	0.04915	0.04927	0.04972	0.04891	0.04917	0.04969	0.04935	0.04961	0.0495	0.04932	0.04959	0.04953	0.04956	0.04966	0.0493	0.04952	0.04931	0.04955	0.04972
447.561	22343.31	0.03865	0.0412	0.04384	0.0459	0.04619	0.04677	0.04709	0.04724	0.04736	0.04765	0.04778	0.0477	0.0474	0.04751	0.04797	0.04735	0.0477	0.0481	0.04778	0.04838	0.04748	0.0478	0.04761	0.04804	0.04823	0.04799	0.04775	0.04782	0.04794	0.04762	0.04827
448.138	22314.56	0.03727	0.03959	0.04243	0.04416	0.0444	0.04495	0.04549	0.0458	0.04542	0.0457	0.04589	0.04607	0.04591	0.04572	0.04596	0.04564	0.04628	0.04645	0.04602	0.04606	0.04601	0.046	0.04591	0.04618	0.04697	0.04623	0.04631	0.04599	0.04652	0.04599	0.04673
448.715	22285.88	0.03589	0.03796	0.04091	0.0429	0.04294	0.04371	0.04373	0.04381	0.04391	0.04429	0.04455	0.04447	0.04464	0.04427	0.04413	0.04429	0.04478	0.04457	0.04448	0.04421	0.04428	0.04428	0.04466	0.04487	0.04507	0.04453	0.04483	0.04431	0.04482	0.04476	0.04493
449.291	22257.27	0.03478	0.03694	0.03938	0.04174	0.04156	0.04222	0.04252	0.04241	0.0426	0.04308	0.04313	0.04262	0.04323	0.04303	0.04292	0.04339	0.04342	0.04346	0.04302	0.04317	0.0427	0.04334	0.04351	0.04364	0.04348	0.04353	0.04332	0.04281	0.04359	0.04324	0.04348
449.868	22228.74	0.03313	0.03529	0.03794	0.03961	0.03977	0.04025	0.04099	0.04098	0.04108	0.04139	0.04137	0.04115	0.04137	0.04124	0.04097	0.04135	0.04165	0.04175	0.04119	0.04137	0.04135	0.04151	0.04174	0.0414	0.04216	0.04176	0.04141	0.04132	0.04178	0.04136	0.04172
450.445	22200.28	0.03164	0.03363	0.03645	0.03771	0.03844	0.03864	0.0393	0.03954	0.03932	0.0394	0.0399	0.03962	0.03961	0.03961	0.03943	0.03991	0.04012	0.03985	0.03973	0.03978	0.03961	0.03941	0.03985	0.03947	0.04022	0.04011	0.03966	0.03979	0.03993	0.03991	0.04006
451.022	22171.89	0.03092	0.03322	0.03549	0.03681	0.03748	0.03767	0.03824	0.03849	0.03838	0.03819	0.0386	0.03832	0.03847	0.03859	0.03877	0.03906	0.03909	0.03873	0.03879	0.03912	0.03859	0.03844	0.03873	0.03859	0.03876	0.03899	0.03841	0.03849	0.03879	0.03885	0.03897
451.598	22143.58	0.0298	0.03191	0.03429	0.03555	0.03581	0.03642	0.03679	0.03687	0.03716	0.03724	0.03709	0.03685	0.03724	0.03731	0.0375	0.03726	0.0376	0.03744	0.03739	0.03758	0.03753	0.03734	0.03743	0.03728	0.03783	0.03736	0.03701	0.03734	0.03734	0.03715	0.03732
452.175	22115.33	0.02822	0.03029	0.03278	0.03427	0.03423	0.03511	0.03531	0.03569	0.03571	0.03587	0.03556	0.03547	0.03583	0.03568	0.03627	0.03592	0.03604	0.03609	0.03567	0.03578	0.03591	0.03591	0.03566	0.03576	0.03669	0.03604	0.03606	0.03613	0.03606	0.03571	0.03588
452.752	22087.16	0.02711	0.0296	0.03161	0.03323	0.03318	0.03404	0.0345	0.03477	0.03477	0.03485	0.0344	0.03458	0.03454	0.03447	0.03509	0.03498	0.03481	0.03482	0.03446	0.03469	0.03482	0.03455	0.03434	0.03452	0.03504	0.03504	0.03516	0.03498	0.03526	0.03521	0.03476
453.328	22059.07	0.02591	0.02827	0.03056	0.03192	0.0321	0.03271	0.03335	0.03309	0.03292	0.03362	0.03323	0.03355	0.03313	0.03355	0.03353	0.03333	0.03352	0.03346	0.03361	0.03348	0.03367	0.03292	0.0333	0.03329	0.03335	0.03375	0.03365	0.03361	0.03394	0.03379	0.03347
453.905	22031.04	0.02482	0.0267	0.02961	0.03084	0.03119	0.03162	0.03215	0.03183	0.03148	0.03214	0.03213	0.03257	0.03212	0.03262	0.03263	0.03198	0.03233	0.03277	0.03249	0.03235	0.03277	0.03177	0.03202	0.03248	0.03244	0.03257	0.03266	0.03251	0.03248	0.03211	0.03274
454.482	22003.08	0.02434	0.02557	0.02818	0.02976	0.02993	0.03059	0.03124	0.03077	0.03076	0.03106	0.0312	0.03106	0.03128	0.03164	0.03178	0.0313	0.03115	0.03209	0.03088	0.03128	0.03198	0.03087	0.03083	0.03163	0.0313	0.03154	0.03171	0.03176	0.03123	0.03119	0.03144
455.058	21975.20	0.02321	0.02474	0.02701	0.02878	0.0285	0.02931	0.02953	0.03007	0.02928	0.02969	0.02993	0.0298	0.0298	0.02998	0.03017	0.03043	0.03006	0.03026	0.02971	0.03019	0.03013	0.0298	0.02975	0.0305	0.03005	0.03001	0.03034	0.03017	0.02998	0.02982	0.03009
455.635	21947.38	0.02239	0.0239	0.0263	0.02754	0.02768	0.02827	0.02849	0.0296	0.02818	0.02865	0.02886	0.0289	0.02878	0.02892	0.02916	0.02937	0.02915	0.02925	0.02923	0.02909	0.02902	0.02911	0.02847	0.02915	0.02927	0.02863	0.02914	0.02905	0.02901	0.02917	0.02892
456.212	21919.64	0.02197	0.02342	0.02569	0.02652	0.02716	0.02753	0.02801	0.02838	0.02766	0.02827	0.02808	0.02822	0.02807	0.02829	0.02883	0.02813	0.02835	0.02895	0.0282	0.02822	0.02866	0.02804	0.02835	0.02854	0.02894	0.02856	0.02822	0.0282	0.02835	0.02823	0.02828
456.789	21891.96	0.02087	0.02225	0.02482	0.0256	0.02591	0.02632	0.0269	0.02667	0.02678	0.0269	0.02659	0.02696	0.02675	0.02666	0.02708	0.02735	0.02777	0.02733	0.02685	0.02703	0.02723	0.02714	0.02701	0.02713	0.02711	0.02744	0.02727	0.02678	0.02727	0.027	0.02696
457.365	21864.36	0.01979	0.0215	0.0237	0.02462	0.02466	0.02525	0.02594	0.02585	0.02542	0.02547	0.02559	0.02592	0.02562	0.02577	0.02597	0.02627	0.02592	0.02646	0.02595	0.02655	0.0261	0.02615	0.02571	0.02624	0.02637	0.02628	0.02646	0.02626	0.026	0.02603	0.02615
457.942	21836.82	0.01863	0.0201	0.02226	0.0236	0.02358	0.0243	0.02491	0.02482	0.02443	0.02443	0.02486	0.0251	0.02449	0.02475	0.02525	0.02538	0.02522	0.02551	0.0253	0.02557	0.02484	0.02496	0.02481	0.02498	0.02567	0.02506	0.02527	0.02494	0.02522	0.02447	0.02536
458.519	21809.36	0.01786	0.01894	0.0213	0.0227	0.02257	0.02368	0.02379	0.02418	0.02419	0.02357	0.02339	0.02371	0.02391	0.02391	0.02405	0.02422	0.02412	0.02393	0.0244	0.02429	0.02382	0.02376	0.02423	0.024	0.02434	0.02407	0.02436	0.02378	0.02384	0.02369	0.02375
459.095	21781.96	0.01739	0.01866	0.02095	0.02189	0.02178	0.02262	0.02319	0.02341	0.02321	0.02292	0.02329	0.02284	0.02347	0.0232	0.0232	0.02289	0.02291	0.02362	0.02324	0.02301	0.02351	0.02329	0.02303	0.02361	0.02378	0.02353	0.02368	0.02359	0.02322	0.02351	0.02336
459.672	21754.63	0.01685	0.01794	0.01983	0.02114	0.0208	0.02155	0.022	0.02215	0.02202	0.02167	0.02249	0.02206	0.02216	0.02194	0.02223	0.02243	0.02262	0.02231	0.0219	0.02182	0.02221	0.02223	0.02247	0.02225	0.0226	0.0221	0.02219	0.02237	0.02273	0.02261	0.02299
460.249	21727.38	0.01653	0.01729	0.019	0.02054	0.01977	0.02106	0.0217	0.02178	0.02077	0.02118	0.02161	0.02211	0.02137	0.02155	0.02176	0.02208	0.02209	0.02135	0.02127	0.02186	0.0216	0.02153	0.02171	0.02142	0.02188	0.02146	0.02171	0.02194	0.0225	0.02166	0.02163
460.826	21700.18	0.01532	0.01623	0.01882	0.02008	0.01973	0.02092	0.02111	0.02045	0.02058	0.02086	0.02065	0.02107	0.0207	0.02075	0.02138	0.02085	0.02085	0.02119	0.02049	0.02116	0.02084	0.02097	0.02092	0.02117	0.02125	0.02107	0.02079	0.02093	0.02168	0.02028	0.02093
461.402	21673.06	0.01448	0.01558	0.01777	0.01872	0.0187	0.01943	0.01991	0.02003	0.01987	0.0198	0.01977	0.02026	0.01959	0.01979	0.02002	0.02046	0.02034	0.0202	0.02016	0.0194	0.01959	0.01976	0.02004	0.02035	0.02027	0.02042	0.02015	0.01958	0.02033	0.02015	0.02056
461.979	21646.01	0.01388	0.01541	0.01713	0.01834	0.01758	0.01858	0.01922	0.01891	0.01867	0.01859	0.01899	0.01936	0.01905	0.01908	0.01912	0.01923	0.01948	0.01955	0.0189	0.01901	0.01924	0.0188	0.01942	0.01913	0.0195	0.0193	0.01886	0.01928	0.01952	0.01896	0.01924
462.556	21619.02	0.01379	0.01481	0.01583	0.01736	0.0173	0.0181	0.01858	0.01823	0.01786	0.01848	0.01832	0.01849	0.019	0.01822	0.01875	0.01839	0.01871	0.01841	0.01808	0.01849	0.01862	0.01846	0.01869	0.01861	0.01869	0.01925	0.01849	0.0185	0.01867	0.01885	0.01849
463.132	21592.10	0.01311	0.01446	0.01645	0.01758	0.01736	0.01759	0.01828	0.01788	0.01773	0.0178	0.01812	0.01819	0.01824	0.01852	0.01846	0.01805	0.01832	0.01848	0.01831	0.01829	0.01848	0.01821	0.01806	0.01835	0.01831	0.01828	0.01838	0.01816	0.01791	0.01761	0.01803
463.709	21565.24	0.01242	0.01361	0.01503	0.01623	0.01594	0.01677	0.01639	0.01643	0.01681	0.0168	0.01644	0.01645	0.01657	0.01675	0.01737	0.01709	0.01753	0.01752	0.01687	0.0173	0.01728	0.01732	0.01715	0.01761	0.01688	0.01748	0.01779	0.01659	0.01695	0.0172	0.01699
464.286	21538.46	0.01219	0.0132	0.01481	0.01533	0.01602	0.01614	0.0169	0.01702	0.01672	0.01666	0.01659	0.01676	0.01644	0.01668	0.01659	0.01634	0.01678	0.017	0.01673	0.01692	0.01721	0.017	0.0169	0.01706	0.01707	0.01734	0.01676	0.01669	0.01666	0.01716	0.01711
464.863	21511.74	0.01186	0.01263	0.01442	0.01515	0.01544	0.01584	0.01658	0.01601	0.01563	0.01576	0.0158	0.01624	0.01611	0.01592	0.01684	0.01613	0.01611	0.01696	0.01623	0.01609	0.01659	0.01675	0.01646	0.01667	0.01618	0.01648	0.01685	0.01605	0.01632	0.01655	0.01616
465.439	21485.08	0.01154	0.01196	0.01324	0.01503	0.01443	0.0146	0.01547	0.01592	0.0156	0.01571	0.01536	0.0158	0.01538	0.01574	0.01559	0.01557	0.01564	0.01561	0.01597	0.01559	0.01568	0.01562	0.01516	0.01612	0.01601	0.01571	0.0155	0.01521	0.01601	0.0158	0.01588
466.016	21458.49	0.01048	0.01145	0.01269	0.0144	0.01411	0.01421	0.01483	0.01481	0.01456	0.01466	0.01484	0.01524	0.01463	0.01501	0.01482	0.0153	0.01524	0.0154	0.01511	0.01478	0.01497	0.01524	0.01522	0.01518	0.01534	0.01482	0.01513	0.01547	0.01535	0.01556	0.01564
466.593	21431.97	0.01037	0.01127	0.01289	0.01403	0.01372	0.01372	0.0144	0.01429	0.01448	0.01391	0.01417	0.01495	0.01507	0.01458	0.01423	0.01451	0.01458	0.01476	0.01471	0.01411	0.0147	0.01472	0.01462	0.01414	0.01522	0.01474	0.01444	0.01555	0.01486	0.01547	0.01503
467.169	21405.51	0.01028	0.01104	0.01259	0.01352	0.0137	0.01418	0.01461	0.01406	0.01476	0.01458	0.01424	0.01432	0.015	0.01423	0.01455	0.01436	0.01417	0.01447	0.01488	0.01465	0.01478	0.01447	0.01471	0.01466	0.01498	0.01441	0.01462	0.01458	0.01519	0.01456	0.01487
467.746	21379.12	0.0096	0.01035	0.01169	0.01261	0.01244	0.01312	0.01312	0.01315	0.01334	0.01293	0.01319	0.01315	0.01362	0.01328	0.01333	0.01375	0.01347	0.01339	0.01322	0.01371	0.0133	0.01349	0.01392	0.01414	0.01351	0.01342	0.01352	0.01336	0.01361	0.01337	0.0136
468.323	21352.79	0.009758	0.01052	0.0125	0.01289	0.01318	0.01326	0.01409	0.01327	0.01334	0.01302	0.01373	0.01342	0.01356	0.01355	0.01372	0.01341	0.01434	0.01365	0.01334	0.01404	0.01369	0.0139	0.01365	0.01441	0.01428	0.01429	0.01382	0.01315	0.01405	0.01394	0.01366
468.900	21326.53	0.01035	0.01088	0.01271	0.01394	0.01351	0.01373	0.01396	0.01395	0.0133	0.01432	0.01384	0.01443	0.01395	0.01329	0.01347	0.01387	0.01428	0.01408	0.01446	0.01397	0.01408	0.01414	0.01335	0.01442	0.01416	0.01398	0.01374	0.01377	0.01408	0.01374	0.01358
469.476	21300.33	0.009771	0.01066	0.01194	0.0125	0.01326	0.01256	0.01296	0.01349	0.01281	0.0132	0.01338	0.0131	0.01311	0.01338	0.01301	0.01289	0.01332	0.01335	0.01358	0.01299	0.01332	0.01376	0.01299	0.01318	0.0132	0.01335	0.01314	0.01315	0.01309	0.01335	0.01316
470.053	21274.20	0.009712	0.009463	0.01095	0.0122	0.01221	0.01224	0.01227	0.0125	0.01163	0.01255	0.01242	0.01216	0.01216	0.01265	0.01267	0.01255	0.0124	0.01271	0.01256	0.01239	0.0122	0.01212	0.01244	0.01267	0.0129	0.01244	0.01238	0.01259	0.01245	0.01239	0.01268
470.630	21248.13	0.008344	0.008205	0.009987	0.0112	0.01083	0.0112	0.01174	0.01109	0.01077	0.01141	0.01113	0.0112	0.01097	0.01167	0.01138	0.01139	0.01184	0.01159	0.01169	0.01123	0.01156	0.0113	0.01182	0.01204	0.01183	0.01138	0.01102	0.01149	0.01138	0.0113	0.01133
471.206	21222.13	0.008313	0.008568	0.01002	0.01113	0.01065	0.01164	0.01143	0.01146	0.01154	0.01169	0.0117	0.01098	0.01137	0.01148	0.01126	0.01157	0.01159	0.01137	0.01178	0.01104	0.01165	0.01155	0.01131	0.01202	0.01155	0.01142	0.01121	0.01119	0.01156	0.01135	0.01131
471.783	21196.18	0.008163	0.008939	0.009898	0.01052	0.0106	0.01138	0.0114	0.01093	0.01093	0.01123	0.01158	0.01088	0.01133	0.01085	0.01076	0.0115	0.01113	0.01161	0.01171	0.01062	0.01139	0.01121	0.01136	0.01131	0.01108	0.0108	0.01131	0.01104	0.01133	0.01088	0.01114
472.360	21170.30	0.007808	0.008698	0.009886	0.01013	0.01028	0.01084	0.01065	0.01097	0.01035	0.01078	0.01101	0.01083	0.01113	0.01085	0.011	0.01172	0.01138	0.0113	0.01137	0.01076	0.01095	0.01107	0.01117	0.01113	0.01128	0.01099	0.01096	0.01117	0.01117	0.01102	0.01116
472.936	21144.49	0.00754	0.007873	0.009465	0.01026	0.01032	0.0105	0.01025	0.011	0.0104	0.01087	0.01062	0.01077	0.01086	0.01049	0.01103	0.01102	0.01161	0.01089	0.01119	0.01072	0.01111	0.01089	0.01077	0.01105	0.0113	0.01091	0.01074	0.01087	0.01074	0.01091	0.01092
473.513	21118.74	0.006957	0.007439	0.008853	0.009683	0.009596	0.009989	0.0103	0.01029	0.01008	0.009914	0.01004	0.01013	0.01027	0.01011	0.01039	0.0101	0.01086	0.01037	0.01026	0.01028	0.01023	0.009897	0.01024	0.01039	0.01032	0.009993	0.009882	0.01036	0.01067	0.01003	0.01044
474.090	21093.05	0.006687	0.007367	0.008931	0.008969	0.008896	0.009565	0.009866	0.009715	0.009746	0.009667	0.009659	0.009815	0.009586	0.009576	0.009849	0.01017	0.01022	0.009887	0.009624	0.009842	0.009734	0.009434	0.009869	0.009645	0.009779	0.009847	0.0101	0.009784	0.0103	0.009832	0.009663
474.667	21067.42	0.007157	0.007236	0.008707	0.008944	0.00916	0.009364	0.009499	0.009582	0.009574	0.009493	0.009837	0.009777	0.009474	0.009696	0.01013	0.01001	0.01002	0.009855	0.009746	0.009672	0.0101	0.009671	0.009741	0.009731	0.01004	0.01016	0.01066	0.009398	0.01019	0.009989	0.009824
475.243	21041.85	0.006641	0.006684	0.007672	0.008465	0.008453	0.008347	0.009304	0.009095	0.009035	0.009231	0.009318	0.00933	0.009038	0.009329	0.009395	0.00928	0.009402	0.009188	0.00932	0.00929	0.00926	0.009441	0.008925	0.009543	0.009455	0.00953	0.009486	0.009192	0.009351	0.009551	0.009457
475.820	21016.35	0.005903	0.006838	0.007295	0.008358	0.008062	0.008356	0.00945	0.008576	0.008422	0.008792	0.008782	0.009039	0.008982	0.008985	0.008843	0.009	0.0086	0.009118	0.008854	0.008766	0.009385	0.008965	0.008454	0.009147	0.009238	0.009274	0.008927	0.009101	0.008675	0.008874	0.009132
476.397	20990.91	0.005518	0.006585	0.007291	0.008187	0.008056	0.008643	0.008709	0.008367	0.008171	0.007977	0.008385	0.008549	0.008909	0.008494	0.008636	0.008708	0.008183	0.009103	0.008388	0.008307	0.009175	0.008434	0.008167	0.008794	0.008747	0.008884	0.008978	0.008699	0.008594	0.008651	0.008669
476.973	20965.53	0.005642	0.006091	0.007082	0.007711	0.007709	0.008184	0.00813	0.008078	0.007944	0.007672	0.008017	0.008137	0.008528	0.007997	0.007924	0.008411	0.008113	0.008526	0.008257	0.008177	0.008525	0.008011	0.008057	0.008464	0.008007	0.008193	0.008255	0.008188	0.008169	0.008326	0.008109
477.550	20940.21	0.005642	0.005869	0.007059	0.007373	0.007275	0.007932	0.008069	0.007728	0.007889	0.007776	0.008017	0.007946	0.007878	0.007834	0.00779	0.007926	0.008094	0.008108	0.007974	0.007982	0.008293	0.007717	0.007977	0.008249	0.007874	0.008166	0.007991	0.007899	0.008052	0.008006	0.007709
478.127	20914.95	0.005325	0.005165	0.007048	0.007155	0.006948	0.00747	0.00763	0.007665	0.007691	0.007672	0.007856	0.007823	0.007151	0.007521	0.007921	0.007557	0.007705	0.007895	0.007577	0.007647	0.007684	0.007684	0.00764	0.008092	0.007651	0.007773	0.008049	0.007687	0.007809	0.007767	0.007497
478.704	20889.75	0.005353	0.00496	0.006687	0.007294	0.006916	0.00747	0.007524	0.007603	0.007364	0.007449	0.007544	0.007804	0.007373	0.007395	0.008057	0.007649	0.007377	0.007773	0.007804	0.007645	0.007483	0.007695	0.007639	0.007945	0.007804	0.007181	0.007488	0.007715	0.007559	0.00715	0.007685
479.280	20864.62	0.005484	0.005381	0.006556	0.00746	0.007114	0.007827	0.007589	0.00731	0.007575	0.007398	0.007331	0.007469	0.007535	0.007388	0.008039	0.007572	0.007674	0.007417	0.007722	0.007641	0.007377	0.00778	0.007471	0.007862	0.008015	0.007222	0.007196	0.007855	0.007927	0.007045	0.007678
479.857	20839.54	0.005599	0.005412	0.006558	0.007204	0.007321	0.007461	0.007465	0.007062	0.007343	0.00741	0.007297	0.007228	0.007537	0.007147	0.007805	0.007547	0.007774	0.007453	0.007555	0.007447	0.007461	0.00808	0.007305	0.008002	0.007987	0.007585	0.007516	0.007682	0.007823	0.00742	0.007765
480.434	20814.53	0.004996	0.004918	0.006236	0.006819	0.006728	0.006983	0.007135	0.007165	0.006781	0.007169	0.007356	0.007115	0.007712	0.006718	0.0076	0.00742	0.007516	0.007848	0.007398	0.007183	0.007368	0.007658	0.007403	0.007772	0.007832	0.007874	0.007541	0.007318	0.007523	0.007542	0.00724
481.010	20789.57	0.004505	0.004559	0.006112	0.007047	0.00637	0.006415	0.007265	0.006957	0.006398	0.006658	0.006844	0.006971	0.006974	0.006738	0.006564	0.007271	0.007011	0.007364	0.006916	0.006733	0.00696	0.007158	0.007457	0.007179	0.007121	0.007267	0.007054	0.006928	0.006923	0.007064	0.006715
481.587	20764.68	0.004028	0.003772	0.004988	0.006056	0.005488	0.006019	0.006605	0.005686	0.005743	0.006376	0.005965	0.006327	0.006251	0.006012	0.006302	0.006473	0.00614	0.006147	0.005881	0.005825	0.006341	0.006293	0.007027	0.006259	0.006814	0.006213	0.006347	0.006402	0.006168	0.006295	0.006205
482.164	20739.84	0.004458	0.003974	0.005307	0.006027	0.0054	0.00618	0.006546	0.006263	0.006386	0.006641	0.006328	0.006507	0.006212	0.006405	0.006555	0.006815	0.006877	0.006686	0.006161	0.006434	0.006675	0.006369	0.006969	0.006389	0.007373	0.006363	0.00701	0.006799	0.006686	0.006697	0.006663
482.741	20715.06	0.004544	0.005188	0.006093	0.006607	0.006413	0.007071	0.007144	0.006908	0.007277	0.006652	0.006557	0.007184	0.006694	0.007345	0.006767	0.007407	0.00756	0.006874	0.007065	0.007244	0.007064	0.006915	0.006748	0.007302	0.007712	0.007352	0.007454	0.007189	0.007665	0.006837	0.00725
483.317	20690.34	0.004622	0.005019	0.005988	0.006517	0.006548	0.007019	0.00703	0.006983	0.006585	0.006583	0.006123	0.006836	0.00703	0.006714	0.006552	0.006756	0.007328	0.006989	0.006721	0.006792	0.006997	0.006928	0.006685	0.006828	0.007344	0.007548	0.006935	0.007184	0.007293	0.006745	0.006882
483.894	20665.69	0.00386	0.004179	0.005035	0.005997	0.005063	0.00592	0.005562	0.005943	0.006195	0.005985	0.00573	0.006085	0.005784	0.006075	0.006185	0.005718	0.006031	0.006387	0.005902	0.00593	0.006302	0.005979	0.006346	0.005823	0.005977	0.006324	0.006148	0.00619	0.005904	0.005558	0.005769
484.471	20641.08	0.003288	0.003332	0.004516	0.005158	0.004756	0.005127	0.005622	0.005523	0.005593	0.005466	0.005558	0.005645	0.00488	0.005111	0.005353	0.005356	0.005679	0.005818	0.005757	0.005189	0.005448	0.005564	0.005706	0.005289	0.005805	0.005479	0.005261	0.00526	0.005246	0.005415	0.005185
485.047	20616.54	0.004329	0.004524	0.00524	0.005504	0.005547	0.005797	0.006015	0.005726	0.005854	0.005912	0.005752	0.005812	0.005439	0.00536	0.005823	0.00584	0.005813	0.005813	0.005895	0.005579	0.005788	0.005464	0.005882	0.005484	0.005894	0.005802	0.005568	0.005592	0.005424	0.005294	0.005248
485.624	20592.06	0.002444	0.00215	0.003432	0.003719	0.00353	0.003888	0.004175	0.003972	0.003713	0.004229	0.004008	0.004129	0.003887	0.004054	0.004053	0.004062	0.004068	0.00403	0.004112	0.004111	0.004211	0.003934	0.004231	0.003992	0.0042	0.004314	0.004219	0.003937	0.004293	0.003901	0.004322
486.201	20567.63	0.000613	8.375E-5	0.001642	0.001714	0.001946	0.002252	0.002489	0.002693	0.002662	0.002896	0.002742	0.003048	0.002858	0.002686	0.003046	0.002836	0.002702	0.002946	0.002622	0.002515	0.002803	0.002755	0.003063	0.002924	0.003342	0.002797	0.003432	0.002878	0.003542	0.003666	0.003826
486.777	20543.27	0.003138	0.003071	0.004869	0.004646	0.004891	0.00443	0.004954	0.004989	0.004522	0.005087	0.004995	0.004942	0.004993	0.004993	0.005331	0.004758	0.004984	0.004811	0.00458	0.004724	0.004922	0.004781	0.005175	0.004986	0.005211	0.004776	0.005462	0.004646	0.005479	0.005606	0.005442
487.354	20518.96	0.003863	0.003914	0.005115	0.005467	0.004946	0.004813	0.005254	0.005128	0.005448	0.005393	0.005316	0.005569	0.00547	0.005116	0.005421	0.005491	0.005888	0.005355	0.005613	0.005114	0.00593	0.005689	0.00588	0.005683	0.005737	0.005487	0.006036	0.005897	0.006142	0.005814	0.006181
487.931	20494.70	0.003679	0.003664	0.005351	0.005578	0.004497	0.005297	0.005392	0.005488	0.004967	0.005146	0.005405	0.005141	0.005679	0.005531	0.005494	0.005233	0.005827	0.005606	0.00545	0.005225	0.006032	0.005205	0.005126	0.005362	0.006236	0.005149	0.006041	0.005607	0.005885	0.005295	0.006278
488.508	20470.51	0.002928	0.003438	0.003992	0.004749	0.004046	0.004838	0.004612	0.004395	0.004568	0.004857	0.004761	0.004734	0.004383	0.004968	0.004908	0.005178	0.005041	0.005093	0.00472	0.00526	0.004837	0.004788	0.004804	0.00512	0.005284	0.005263	0.005597	0.005089	0.004647	0.004768	0.004793
489.084	20446.37	0.003552	0.003817	0.004257	0.005819	0.004888	0.00497	0.005036	0.005263	0.004905	0.005209	0.005595	0.005569	0.005083	0.004882	0.005456	0.004877	0.004858	0.005175	0.005221	0.005545	0.00483	0.005264	0.005046	0.005701	0.005234	0.005598	0.00498	0.005321	0.005576	0.005207	0.005312
489.661	20422.29	0.00327	0.003075	0.004002	0.004944	0.004588	0.004435	0.004831	0.00431	0.004213	0.004612	0.004942	0.004738	0.004218	0.00444	0.004863	0.004956	0.005077	0.004764	0.004733	0.005655	0.004582	0.004213	0.004455	0.004879	0.004804	0.004856	0.00409	0.005004	0.005581	0.004525	0.004881
490.238	20398.27	0.003902	0.003498	0.004904	0.005164	0.005076	0.005243	0.005189	0.005481	0.005417	0.004938	0.005878	0.005184	0.004877	0.005106	0.004756	0.005384	0.005686	0.004436	0.005266	0.004669	0.004958	0.00586	0.005315	0.005483	0.005707	0.005066	0.005163	0.005265	0.005436	0.005408	0.004796
490.814	20374.30	0.003397	0.002838	0.004811	0.004857	0.003933	0.005122	0.004192	0.00502	0.004738	0.005153	0.004622	0.005346	0.004806	0.005243	0.005393	0.005352	0.004077	0.00472	0.00521	0.004689	0.004914	0.005136	0.00466	0.004435	0.004828	0.005287	0.005455	0.004827	0.005631	0.00494	0.004744
491.391	20350.39	0.002603	0.002426	0.003401	0.004282	0.004411	0.003948	0.004344	0.003494	0.004293	0.00387	0.004112	0.004427	0.004508	0.004704	0.004007	0.004053	0.004584	0.004679	0.004194	0.003586	0.005071	0.004066	0.004008	0.00454	0.004106	0.004468	0.004271	0.004563	0.00373	0.003996	0.004016
491.968	20326.53	0.004398	0.003511	0.004636	0.00521	0.005	0.004993	0.004963	0.005037	0.005042	0.004771	0.005431	0.004806	0.005126	0.005661	0.004132	0.004544	0.004926	0.005558	0.005113	0.005478	0.005064	0.005223	0.005407	0.004881	0.005322	0.004699	0.004419	0.00491	0.00451	0.004906	0.00453
492.545	20302.73	0.002885	0.003322	0.003452	0.003945	0.004475	0.00365	0.003954	0.004526	0.004633	0.004288	0.003917	0.004	0.004678	0.00445	0.003942	0.004204	0.004313	0.004219	0.004414	0.004457	0.004254	0.004026	0.004647	0.004564	0.004827	0.00396	0.004527	0.004986	0.004437	0.004134	0.003726
493.121	20278.99	0.003045	0.00316	0.004237	0.004509	0.004075	0.004331	0.004546	0.004699	0.004518	0.004742	0.00454	0.004615	0.004222	0.004615	0.004983	0.00417	0.00438	0.004357	0.005293	0.003933	0.004912	0.004711	0.005054	0.004809	0.004841	0.004931	0.004072	0.004265	0.00401	0.004538	0.004079
493.698	20255.30	0.003125	0.003428	0.004283	0.004975	0.00442	0.004265	0.004516	0.004412	0.004263	0.004267	0.004786	0.004792	0.004637	0.004538	0.004399	0.004781	0.005566	0.00514	0.005413	0.004369	0.004779	0.004807	0.004583	0.004747	0.004846	0.004283	0.004534	0.004541	0.004702	0.004723	0.004491
494.275	20231.66	0.003045	0.002444	0.004087	0.004705	0.003524	0.004519	0.004723	0.004491	0.003648	0.003824	0.004313	0.004205	0.004478	0.003494	0.004388	0.004517	0.004691	0.004575	0.004375	0.00428	0.004813	0.003569	0.004602	0.004175	0.004419	0.004623	0.004201	0.004582	0.00452	0.003986	0.004268
494.851	20208.09	0.00254	0.002291	0.003243	0.003931	0.003651	0.003541	0.004571	0.003725	0.003811	0.004023	0.003562	0.004397	0.003878	0.003225	0.004327	0.004475	0.004073	0.003759	0.003842	0.003796	0.003827	0.004088	0.00401	0.004377	0.004231	0.00406	0.003876	0.004078	0.004413	0.00463	0.004246
495.428	20184.56	0.00305	0.002924	0.003616	0.004374	0.004081	0.004125	0.004309	0.004183	0.004584	0.004214	0.004227	0.004041	0.003796	0.003978	0.004881	0.004172	0.00431	0.004062	0.003977	0.004404	0.004275	0.004355	0.004291	0.004296	0.004344	0.003965	0.003986	0.004072	0.004713	0.003735	0.003838
496.005	20161.09	0.002792	0.002233	0.003151	0.00392	0.004149	0.00368	0.004256	0.004557	0.003779	0.003573	0.003475	0.003862	0.004387	0.004554	0.004033	0.003745	0.003697	0.004394	0.004256	0.004289	0.004505	0.004286	0.004311	0.004234	0.004003	0.003997	0.004391	0.003879	0.004281	0.004185	0.004508
496.582	20137.68	0.001995	0.002125	0.00284	0.003696	0.003337	0.003594	0.004087	0.003642	0.00344	0.003316	0.00337	0.004188	0.003757	0.004113	0.003967	0.004258	0.004201	0.004185	0.003695	0.003548	0.004558	0.004392	0.003568	0.003898	0.004931	0.003797	0.00389	0.004134	0.003898	0.004132	0.004614
497.158	20114.32	0.002658	0.002515	0.00339	0.0032	0.003247	0.003688	0.004006	0.003906	0.003834	0.003842	0.003325	0.004284	0.003707	0.003335	0.004152	0.004281	0.003884	0.00371	0.003841	0.003631	0.004397	0.004106	0.003921	0.004053	0.003915	0.003928	0.003699	0.004032	0.003743	0.003676	0.003673
497.735	20091.01	0.002757	0.002271	0.003286	0.003278	0.003473	0.003558	0.003809	0.003448	0.003596	0.003496	0.0031	0.003773	0.003513	0.003195	0.003835	0.003761	0.004189	0.003639	0.003866	0.003446	0.004525	0.003715	0.003648	0.004223	0.003728	0.003647	0.003556	0.003591	0.004188	0.003573	0.003523
498.312	20067.76	0.002591	0.001422	0.002994	0.003217	0.003283	0.002868	0.0035	0.003086	0.002771	0.00315	0.002369	0.003198	0.003023	0.003049	0.003282	0.003316	0.003103	0.003217	0.004006	0.002826	0.003101	0.003485	0.003491	0.003204	0.003141	0.003374	0.003326	0.003632	0.003131	0.003207	0.003336
498.888	20044.56	0.002648	0.002214	0.003196	0.003514	0.003243	0.003069	0.003731	0.003099	0.003653	0.003358	0.003029	0.003076	0.003327	0.003412	0.003621	0.003674	0.003442	0.003649	0.003848	0.003005	0.003504	0.003732	0.003575	0.003596	0.003517	0.003285	0.003231	0.003686	0.003353	0.003837	0.004444
499.465	20021.42	0.003031	0.00204	0.003308	0.003816	0.003269	0.003436	0.003572	0.003562	0.00365	0.003339	0.003275	0.003318	0.003064	0.003663	0.003639	0.003551	0.004211	0.003929	0.003282	0.003487	0.003836	0.003903	0.003161	0.003736	0.003729	0.003568	0.003619	0.003893	0.003807	0.00405	0.003923
500.042	19998.33	0.002384	0.001664	0.003312	0.003614	0.003188	0.003517	0.003116	0.003394	0.003525	0.003403	0.002829	0.003447	0.003317	0.003631	0.003439	0.003753	0.003372	0.003541	0.003297	0.00347	0.003402	0.003356	0.003608	0.0038	0.003958	0.003479	0.003346	0.003581	0.003702	0.003581	0.003395
500.619	19975.29	0.002453	0.00213	0.003033	0.003421	0.002924	0.003678	0.003905	0.003546	0.003537	0.003467	0.003471	0.00308	0.003532	0.003537	0.003678	0.003422	0.003563	0.003618	0.003666	0.003819	0.003444	0.003343	0.003634	0.003677	0.003842	0.002966	0.003437	0.003503	0.003545	0.003923	0.003473
501.195	19952.31	0.002959	0.00258	0.00357	0.003892	0.003551	0.003817	0.00416	0.003534	0.003749	0.003914	0.00389	0.003243	0.003871	0.003644	0.004082	0.003405	0.00433	0.003996	0.00398	0.003506	0.003949	0.004149	0.003288	0.004094	0.003685	0.00361	0.003999	0.004041	0.004019	0.003972	0.004007
501.772	19929.37	0.002952	0.002673	0.003742	0.003956	0.003355	0.003617	0.004589	0.003814	0.004018	0.00401	0.003656	0.003782	0.003783	0.003231	0.003975	0.003482	0.004077	0.003998	0.003449	0.003314	0.00393	0.004011	0.003739	0.004391	0.004224	0.00408	0.003853	0.003836	0.003979	0.003575	0.004111
502.349	19906.49	0.002864	0.002639	0.004207	0.003602	0.003124	0.003721	0.004424	0.00386	0.003733	0.003862	0.00364	0.003667	0.003777	0.003496	0.003777	0.003603	0.003468	0.003907	0.00331	0.003587	0.003766	0.003724	0.004019	0.003942	0.003864	0.003565	0.003794	0.003767	0.004233	0.003306	0.003582
502.925	19883.67	0.002392	0.001937	0.003596	0.002981	0.002848	0.003281	0.003124	0.00338	0.00284	0.003408	0.0034	0.002927	0.00331	0.003005	0.003389	0.003603	0.003261	0.003405	0.003311	0.003557	0.003648	0.003463	0.003649	0.003716	0.003361	0.0035	0.003801	0.003323	0.003612	0.003025	0.003141
503.502	19860.89	0.002385	0.001906	0.003077	0.003196	0.003125	0.003046	0.003218	0.003701	0.002835	0.003637	0.003714	0.003343	0.003056	0.003038	0.00317	0.00394	0.00318	0.00332	0.003541	0.003533	0.003238	0.003349	0.003456	0.003551	0.003646	0.003534	0.003721	0.003446	0.003073	0.002955	0.003412
504.079	19838.17	0.00237	0.002037	0.003405	0.003308	0.003139	0.003627	0.003398	0.003305	0.003051	0.003763	0.003788	0.003587	0.003351	0.003528	0.003427	0.004089	0.003092	0.003847	0.003315	0.003825	0.003518	0.003525	0.003438	0.003603	0.003753	0.003468	0.003614	0.003878	0.003363	0.003487	0.004071
504.655	19815.50	0.002697	0.002406	0.003355	0.003285	0.003186	0.004745	0.00364	0.003626	0.003771	0.004159	0.003961	0.003526	0.004061	0.003788	0.004066	0.004448	0.003791	0.004282	0.003319	0.004262	0.004143	0.004015	0.003491	0.003862	0.004025	0.004191	0.00401	0.004128	0.004153	0.004165	0.004487
505.232	19792.88	0.002481	0.002288	0.00287	0.003105	0.002718	0.004003	0.003706	0.003616	0.003722	0.004174	0.003827	0.003628	0.003758	0.003579	0.004162	0.00362	0.003904	0.003318	0.003226	0.003961	0.00351	0.003636	0.003347	0.003385	0.003779	0.004429	0.004069	0.003664	0.004139	0.003672	0.00403
505.809	19770.31	0.002297	0.002438	0.002817	0.002978	0.0028	0.003275	0.003521	0.003127	0.002824	0.003672	0.003328	0.003298	0.003649	0.003304	0.003939	0.002961	0.003716	0.003108	0.003185	0.003724	0.003483	0.003226	0.002993	0.00352	0.003602	0.004083	0.003634	0.003469	0.003771	0.003033	0.00351
506.386	19747.80	0.002689	0.002787	0.003103	0.003492	0.003662	0.003438	0.003551	0.003759	0.002993	0.003836	0.003155	0.003445	0.003725	0.003349	0.00398	0.003511	0.003424	0.003973	0.00319	0.00368	0.003907	0.00304	0.00342	0.004	0.003983	0.004211	0.003648	0.003692	0.00391	0.003534	0.003617
506.962	19725.33	0.002963	0.00229	0.003352	0.0039	0.003759	0.003437	0.003536	0.003896	0.003476	0.004203	0.003682	0.003903	0.003444	0.003355	0.003803	0.003654	0.003437	0.004083	0.003235	0.003574	0.003961	0.002968	0.00376	0.003896	0.004057	0.004277	0.003707	0.003693	0.003989	0.00386	0.003672
507.539	19702.92	0.0027	0.001733	0.003047	0.003362	0.002978	0.002886	0.003859	0.003322	0.003149	0.003819	0.003539	0.003381	0.00305	0.00298	0.003435	0.003329	0.00375	0.003377	0.002962	0.003295	0.003668	0.002772	0.0029	0.003404	0.003334	0.003206	0.003101	0.003297	0.003517	0.003037	0.002944
508.116	19680.56	0.002885	0.001942	0.003365	0.003211	0.003035	0.002756	0.004107	0.00351	0.00343	0.003576	0.003126	0.003337	0.00326	0.003247	0.003722	0.003595	0.003904	0.003284	0.003249	0.003467	0.003579	0.003269	0.003315	0.003549	0.003248	0.003148	0.003278	0.003341	0.003452	0.003162	0.003546
508.692	19658.24	0.003708	0.002921	0.003931	0.003878	0.003782	0.004013	0.004033	0.004162	0.004327	0.003647	0.004224	0.004328	0.004282	0.004062	0.004045	0.004056	0.004291	0.00424	0.004627	0.004074	0.00417	0.004201	0.004875	0.004577	0.003981	0.004125	0.003701	0.00402	0.003983	0.003927	0.004908
509.269	19635.98	0.002725	0.002467	0.002601	0.003401	0.002674	0.003201	0.003263	0.003443	0.003343	0.002839	0.003715	0.003862	0.00303	0.003132	0.003156	0.002975	0.003217	0.003552	0.003235	0.002933	0.003025	0.002768	0.004203	0.003848	0.003163	0.00285	0.002659	0.003311	0.003131	0.002864	0.003446
509.846	19613.77	0.002484	0.001982	0.0025	0.003043	0.002326	0.002492	0.002815	0.002694	0.002566	0.002656	0.003027	0.003011	0.002482	0.002504	0.002939	0.002774	0.002861	0.003149	0.002267	0.002499	0.002475	0.002699	0.003284	0.003483	0.003167	0.002523	0.0028	0.002873	0.002962	0.00288	0.00268
510.423	19591.61	0.003478	0.003059	0.003349	0.003503	0.002997	0.003297	0.003665	0.00344	0.003483	0.002952	0.004009	0.004068	0.003951	0.003376	0.004184	0.003811	0.003911	0.003967	0.003695	0.00339	0.003697	0.003486	0.003971	0.004591	0.00419	0.003847	0.003606	0.003132	0.003992	0.00443	0.003664
510.999	19569.50	0.003493	0.002811	0.003113	0.00388	0.003447	0.004102	0.003467	0.003978	0.003311	0.003194	0.00376	0.004634	0.004447	0.003576	0.004586	0.004112	0.00426	0.004062	0.003786	0.003642	0.004619	0.003339	0.00357	0.004276	0.00424	0.004086	0.003642	0.003524	0.003796	0.004389	0.003792
511.576	19547.44	0.002329	0.001729	0.002707	0.00349	0.00294	0.003457	0.003009	0.003796	0.002725	0.002962	0.00291	0.00374	0.003427	0.002789	0.003534	0.003227	0.00319	0.003353	0.00369	0.003403	0.003718	0.003235	0.003018	0.003248	0.0034	0.003034	0.003247	0.003321	0.003478	0.002975	0.003363
512.153	19525.43	0.002876	0.002276	0.003158	0.003531	0.003752	0.003466	0.003667	0.00396	0.003367	0.003556	0.003298	0.004115	0.003571	0.003381	0.003203	0.003771	0.003429	0.002892	0.003832	0.003825	0.003431	0.003708	0.003796	0.003449	0.003778	0.003313	0.003443	0.004283	0.003876	0.00323	0.004122
512.729	19503.47	0.002512	0.001542	0.002976	0.003676	0.003022	0.002698	0.003355	0.002952	0.002843	0.003068	0.002943	0.002945	0.002836	0.003191	0.002939	0.003471	0.003104	0.002545	0.003109	0.003095	0.00248	0.003474	0.003309	0.003245	0.003169	0.002766	0.002141	0.003255	0.003943	0.002685	0.0033
513.306	19481.55	0.002418	0.002067	0.003983	0.004035	0.003793	0.003938	0.003752	0.003464	0.003713	0.00392	0.003295	0.003817	0.003789	0.003801	0.003573	0.004525	0.003774	0.003203	0.00313	0.004242	0.003599	0.004155	0.003874	0.004425	0.004009	0.003591	0.003157	0.003439	0.003835	0.003826	0.003661
513.883	19459.69	0.002416	0.002228	0.003202	0.003332	0.002692	0.003873	0.003659	0.003375	0.003634	0.00406	0.002393	0.00374	0.002982	0.003024	0.003738	0.003886	0.004043	0.003299	0.003496	0.00387	0.003766	0.003194	0.003641	0.003807	0.004324	0.003735	0.002805	0.002608	0.003951	0.003074	0.002916
514.460	19437.87	0.002339	0.001831	0.002508	0.003581	0.002863	0.003446	0.003339	0.002852	0.002666	0.003819	0.002976	0.003059	0.002928	0.003118	0.003058	0.00393	0.004084	0.003244	0.002998	0.003104	0.002914	0.002605	0.00325	0.003152	0.003757	0.003194	0.002899	0.003888	0.003396	0.00315	0.003359
515.036	19416.11	0.003609	0.002767	0.003596	0.003881	0.003617	0.003666	0.003632	0.004224	0.002756	0.004226	0.00427	0.003725	0.003612	0.003642	0.003629	0.00442	0.004066	0.003261	0.004158	0.003473	0.003185	0.003227	0.00409	0.004248	0.003711	0.003339	0.003697	0.004069	0.004076	0.004192	0.003506
515.613	19394.39	0.003833	0.002686	0.003294	0.003537	0.003149	0.003329	0.003856	0.003325	0.003006	0.003573	0.003429	0.003618	0.003609	0.002557	0.003921	0.004228	0.003435	0.003463	0.004387	0.004152	0.003748	0.00373	0.003888	0.004236	0.004345	0.00308	0.003819	0.00372	0.003272	0.003237	0.00329
516.190	19372.72	0.003737	0.002781	0.003398	0.003714	0.002762	0.003688	0.003968	0.003437	0.003555	0.003696	0.003989	0.003978	0.003519	0.003969	0.003382	0.00375	0.004012	0.003716	0.00437	0.003982	0.0041	0.003294	0.003612	0.003775	0.003839	0.003754	0.004061	0.003932	0.003204	0.003535	0.002876
516.766	19351.10	0.003705	0.003168	0.003238	0.003721	0.003099	0.003384	0.003566	0.003977	0.004195	0.003626	0.004309	0.004395	0.003232	0.004075	0.003426	0.003546	0.004409	0.004337	0.004334	0.003814	0.00403	0.004516	0.003568	0.003889	0.00464	0.003442	0.003578	0.00439	0.003896	0.003543	0.003553
517.343	19329.53	0.003028	0.00328	0.003569	0.003843	0.003644	0.003988	0.00376	0.004495	0.003107	0.003549	0.004395	0.004078	0.003378	0.003617	0.00381	0.003876	0.003826	0.004025	0.004377	0.003668	0.003987	0.004078	0.004537	0.004846	0.00475	0.003601	0.003292	0.004542	0.004002	0.00386	0.003705
517.920	19308.01	0.002507	0.00291	0.003415	0.003394	0.00267	0.003316	0.004205	0.003524	0.003228	0.002952	0.0036	0.00377	0.003151	0.002786	0.003671	0.003052	0.003952	0.003215	0.00428	0.003299	0.00435	0.003769	0.003112	0.003465	0.002592	0.003067	0.003235	0.003792	0.00349	0.003435	0.004243
518.496	19286.53	0.001781	0.002167	0.003535	0.002895	0.002974	0.00319	0.003573	0.002849	0.002846	0.002729	0.003267	0.003082	0.002797	0.002495	0.003122	0.003487	0.003699	0.003182	0.003269	0.002348	0.003076	0.003153	0.003242	0.003005	0.002917	0.003576	0.002963	0.003966	0.003326	0.004083	0.002658
519.073	19265.11	0.002899	0.003057	0.003184	0.003862	0.002787	0.003947	0.003859	0.003795	0.002891	0.004188	0.002753	0.003141	0.00334	0.002924	0.003533	0.004028	0.003763	0.003615	0.004286	0.0034	0.003621	0.003851	0.003477	0.003609	0.004038	0.00349	0.003688	0.004255	0.003761	0.003592	0.004472
519.650	19243.72	0.002527	0.002346	0.002863	0.002906	0.00216	0.002698	0.003085	0.003438	0.003125	0.002264	0.00399	0.003176	0.002345	0.002525	0.002948	0.003012	0.002918	0.004249	0.00326	0.002089	0.002134	0.003893	0.003488	0.002459	0.003154	0.002959	0.003644	0.003082	0.002787	0.002377	0.004306
520.227	19222.39	0.003603	0.002836	0.00452	0.003791	0.004843	0.004419	0.003962	0.002988	0.003634	0.003639	0.004565	0.003743	0.004268	0.004276	0.004549	0.004986	0.004034	0.003977	0.004919	0.00457	0.004709	0.004206	0.004075	0.004288	0.003202	0.004058	0.004446	0.004604	0.004539	0.004798	0.003562
520.803	19201.11	0.002698	0.003256	0.003288	0.0047	0.002646	0.00297	0.003604	0.003319	0.003763	0.002906	0.003302	0.003712	0.004249	0.004502	0.003846	0.004091	0.003087	0.004557	0.004251	0.004596	0.003312	0.002846	0.003611	0.004713	0.005186	0.003626	0.003602	0.00312	0.004175	0.003914	0.003722
521.380	19179.87	0.002137	0.001917	0.001819	0.001785	0.002022	0.002538	0.002875	0.002361	0.002286	0.003187	0.003136	0.00281	0.00376	0.002855	0.003162	0.00329	0.002158	0.00292	0.002452	0.001996	0.002628	0.003008	0.003322	0.004366	0.002835	0.002446	0.002419	0.002424	0.002997	0.002729	0.002818
521.957	19158.68	0.0031	0.002583	0.00265	0.004064	0.002564	0.002468	0.002692	0.00271	0.002896	0.003646	0.002433	0.003026	0.003668	0.002383	0.002543	0.003289	0.00288	0.002884	0.003705	0.002093	0.002884	0.002959	0.00268	0.002656	0.00295	0.003288	0.003338	0.003899	0.003139	0.003244	0.002207
522.533	19137.53	0.00375	0.002951	0.003174	0.004335	0.004132	0.003999	0.004597	0.004246	0.003608	0.003881	0.003936	0.004169	0.004073	0.003814	0.003336	0.003604	0.004108	0.003323	0.003859	0.003977	0.004577	0.003418	0.004471	0.004741	0.00439	0.004678	0.003709	0.003449	0.003528	0.004172	0.004361
523.110	19116.43	0.00327	0.003016	0.004037	0.005754	0.004317	0.004543	0.004159	0.003371	0.004456	0.005429	0.004139	0.004656	0.004964	0.003658	0.003668	0.005041	0.003706	0.003804	0.003621	0.003339	0.005084	0.003404	0.004726	0.004221	0.004418	0.005166	0.004631	0.00431	0.004525	0.003016	0.004197
523.687	19095.38	0.002571	0.002432	0.003301	0.00397	0.003347	0.003509	0.003126	0.001994	0.003136	0.003469	0.00234	0.003426	0.003054	0.00238	0.003589	0.003563	0.002995	0.003304	0.003244	0.003613	0.003691	0.002817	0.002433	0.003747	0.002288	0.002857	0.002706	0.003645	0.002425	0.003525	0.003007
524.264	19074.37	0.004287	0.002912	0.004243	0.003609	0.003987	0.003879	0.00379	0.005021	0.004656	0.004108	0.004079	0.002955	0.003706	0.003573	0.004126	0.002854	0.002735	0.003951	0.004152	0.003552	0.004092	0.003642	0.003232	0.003319	0.004098	0.00452	0.003784	0.00456	0.003777	0.004166	0.00408
524.840	19053.42	0.003777	0.002878	0.003904	0.003609	0.003617	0.003206	0.00334	0.003897	0.002722	0.003507	0.00413	0.00317	0.004535	0.00321	0.003889	0.003561	0.003613	0.003837	0.004183	0.003359	0.003019	0.004501	0.003521	0.003763	0.003759	0.004953	0.003432	0.003478	0.00496	0.002496	0.003996
525.417	19032.50	0.003049	0.002487	0.002788	0.002739	0.00301	0.003092	0.00291	0.002327	0.002558	0.003005	0.0022	0.002644	0.001526	0.002492	0.003196	0.002394	0.002271	0.002452	0.00306	0.003101	0.002637	0.00286	0.00206	0.002808	0.003465	0.003394	0.002881	0.002657	0.002393	0.002584	0.002487
525.994	19011.63	0.002841	0.002253	0.002552	0.002911	0.003532	0.003758	0.00349	0.003385	0.003306	0.002593	0.003282	0.003124	0.003203	0.003059	0.003511	0.003593	0.003465	0.003763	0.002473	0.003123	0.002934	0.003163	0.003504	0.003415	0.003824	0.003216	0.003067	0.003605	0.003117	0.003886	0.002948
526.570	18990.81	0.003013	0.002327	0.00304	0.003121	0.003664	0.003902	0.003013	0.003733	0.002955	0.002879	0.003396	0.003087	0.002767	0.002638	0.00321	0.003519	0.003198	0.003144	0.003424	0.003448	0.002612	0.003215	0.003661	0.003359	0.00339	0.002014	0.00318	0.003513	0.002887	0.002489	0.003489
527.147	18970.04	0.002965	0.00163	0.002088	0.003572	0.002816	0.003232	0.003593	0.002881	0.002453	0.003178	0.003243	0.003438	0.003406	0.002801	0.003082	0.003507	0.003269	0.002802	0.00309	0.003591	0.003425	0.002585	0.003026	0.003575	0.002552	0.002841	0.00239	0.003339	0.003044	0.003565	0.002753
527.724	18949.30	0.002773	0.001983	0.002247	0.003052	0.002266	0.002787	0.002816	0.002961	0.002874	0.002922	0.003508	0.002914	0.002621	0.003023	0.002413	0.003296	0.00304	0.003308	0.002574	0.003612	0.003497	0.00294	0.003526	0.003083	0.003484	0.003194	0.002774	0.002215	0.003513	0.003677	0.00338
528.301	18928.62	0.001941	0.002157	0.00247	0.002327	0.002147	0.002335	0.00324	0.002426	0.002557	0.002351	0.00307	0.002803	0.002343	0.002695	0.002481	0.002654	0.002205	0.002918	0.002222	0.002948	0.00326	0.00298	0.003064	0.002662	0.002994	0.00321	0.00281	0.002405	0.002781	0.002946	0.002565
528.877	18907.98	0.002211	0.00277	0.002746	0.002949	0.002162	0.002579	0.002917	0.002465	0.0029	0.002382	0.002242	0.002521	0.002483	0.001918	0.002466	0.002699	0.002242	0.002569	0.002359	0.002822	0.002713	0.002538	0.002514	0.002401	0.002939	0.003053	0.003065	0.002486	0.002803	0.003401	0.002228
529.454	18887.38	0.001427	0.00154	0.002454	0.002635	0.001355	0.002571	0.002256	0.001944	0.001936	0.001735	0.001705	0.001531	0.001891	0.002477	0.001652	0.002293	0.001742	0.001925	0.001788	0.00239	0.002048	0.002165	0.002097	0.002055	0.001936	0.002416	0.002234	0.002264	0.002815	0.001545	0.001855
530.031	18866.83	0.001133	0.001072	0.001299	0.002166	0.002039	0.002879	0.002428	0.001543	0.002094	0.001366	0.002439	0.001944	0.001404	0.002478	0.001985	0.002124	0.001763	0.001929	0.002437	0.002071	0.001592	0.002191	0.002609	0.001924	0.001833	0.002487	0.001545	0.002077	0.001851	0.001741	0.00208
530.607	18846.33	0.001735	0.001592	0.002047	0.002526	0.002058	0.002228	0.002771	0.001428	0.002114	0.002664	0.001778	0.002496	0.002077	0.0023	0.002116	0.001468	0.002116	0.001934	0.002407	0.002329	0.002457	0.002552	0.001909	0.002369	0.00239	0.002088	0.001921	0.002709	0.00205	0.001381	0.001919
531.184	18825.86	0.003421	0.003025	0.003435	0.003586	0.002442	0.003694	0.00316	0.003072	0.002844	0.002997	0.002695	0.003227	0.002812	0.002743	0.003389	0.002971	0.003589	0.002781	0.002956	0.003173	0.003237	0.002907	0.002688	0.003032	0.003146	0.002381	0.002765	0.003261	0.003103	0.003032	0.003116
531.761	18805.45	0.003332	0.003192	0.003882	0.003851	0.003364	0.003187	0.003621	0.003541	0.002913	0.003531	0.003454	0.003356	0.003127	0.002688	0.003208	0.003716	0.004011	0.003006	0.003575	0.002748	0.003673	0.003632	0.003261	0.003314	0.003749	0.003023	0.003236	0.003129	0.003741	0.003301	0.003497
532.338	18785.07	0.002633	0.002356	0.002988	0.002876	0.003945	0.002806	0.002905	0.002847	0.002894	0.003265	0.002947	0.002911	0.003058	0.002825	0.00295	0.003227	0.003417	0.002479	0.002342	0.002249	0.002808	0.003353	0.002733	0.002018	0.003367	0.002533	0.002447	0.003054	0.003075	0.002608	0.003246
532.914	18764.75	0.002721	0.002187	0.002755	0.002484	0.002888	0.002288	0.002193	0.002675	0.001724	0.002972	0.002282	0.002519	0.002091	0.002305	0.002435	0.002105	0.00285	0.00306	0.002009	0.002304	0.00265	0.002534	0.002904	0.002262	0.002405	0.002519	0.002213	0.002308	0.002943	0.002528	0.002362
533.491	18744.46	0.002019	0.002409	0.001757	0.002088	0.001768	0.001935	0.002435	0.002342	0.001741	0.002605	0.002068	0.002279	0.00197	0.001776	0.001966	0.001891	0.00184	0.002203	0.001873	0.002052	0.002732	0.001997	0.002299	0.002406	0.002805	0.00165	0.001797	0.002186	0.002549	0.002317	0.001301
534.068	18724.22	0.001552	0.001482	0.001835	0.001722	0.001616	0.001463	0.001956	0.001942	0.001522	0.002209	0.001582	0.001482	0.001654	0.001209	0.001375	0.002074	0.00179	0.001982	0.001736	0.0017	0.001987	0.001706	0.001882	0.002047	0.001904	0.001634	0.0008187	0.001951	0.001735	0.001492	0.001404
534.644	18704.02	0.002301	0.001932	0.002214	0.002457	0.001472	0.002164	0.002264	0.002385	0.002212	0.00261	0.002528	0.002194	0.002039	0.003059	0.002665	0.002734	0.002527	0.002334	0.002456	0.002339	0.00236	0.002385	0.002401	0.002479	0.002823	0.002793	0.002093	0.002375	0.002876	0.002105	0.002408
535.221	18683.87	0.001761	0.001724	0.001138	0.002095	0.001383	0.001483	0.001413	0.001888	0.001322	0.001639	0.002187	0.001893	0.001693	0.002631	0.00208	0.00185	0.002014	0.001459	0.00188	0.001532	0.001282	0.001837	0.002023	0.002346	0.002178	0.001875	0.002361	0.001664	0.002397	0.001894	0.002413
535.798	18663.76	0.0012	0.001414	0.001556	0.002027	0.001957	0.001543	0.001446	0.001923	0.001813	0.002079	0.002287	0.002472	0.001723	0.002026	0.001707	0.001546	0.002452	0.001871	0.002054	0.001698	0.001339	0.001988	0.001917	0.002517	0.002014	0.002664	0.001992	0.00216	0.002238	0.002583	0.002425
536.374	18643.69	0.001905	0.001845	0.002619	0.002468	0.002605	0.002253	0.002626	0.002733	0.003109	0.002303	0.002771	0.002847	0.00244	0.002839	0.002411	0.003234	0.002803	0.002302	0.002953	0.00249	0.002571	0.002495	0.002426	0.002597	0.003349	0.003226	0.002325	0.002922	0.002664	0.002742	0.00309
536.951	18623.67	0.001964	0.00214	0.00265	0.002273	0.002503	0.002452	0.002822	0.002458	0.002737	0.00192	0.002734	0.002432	0.002119	0.002736	0.002565	0.003153	0.002598	0.002085	0.002602	0.002757	0.002683	0.002709	0.002422	0.002568	0.003001	0.002841	0.002313	0.00244	0.002819	0.002423	0.002992
537.528	18603.69	0.002545	0.001806	0.002423	0.002887	0.002064	0.002691	0.003069	0.002303	0.002421	0.002449	0.002264	0.002714	0.002278	0.002904	0.002567	0.002684	0.002581	0.00267	0.002648	0.003048	0.002494	0.003263	0.002387	0.002834	0.002513	0.002682	0.002767	0.002294	0.002927	0.00274	0.002727
538.105	18583.75	0.002733	0.001687	0.002194	0.00291	0.002397	0.002571	0.003077	0.002316	0.002428	0.003137	0.002515	0.003112	0.002575	0.002604	0.002356	0.002712	0.002682	0.002669	0.002901	0.002705	0.002312	0.003151	0.002684	0.003111	0.002585	0.00296	0.002781	0.002416	0.002494	0.002602	0.002807
538.681	18563.85	0.002495	0.001737	0.002094	0.002623	0.002604	0.002125	0.002691	0.002038	0.002093	0.002897	0.003095	0.002497	0.002129	0.002075	0.002476	0.002804	0.002541	0.002654	0.002797	0.0021	0.002362	0.002586	0.002778	0.003193	0.002801	0.003094	0.002214	0.002802	0.002558	0.002364	0.002913
539.258	18544.00	0.001876	0.001534	0.002251	0.001995	0.001957	0.001686	0.00232	0.001525	0.0024	0.001964	0.002195	0.001805	0.00193	0.001801	0.002301	0.002681	0.002229	0.002468	0.002531	0.00213	0.00256	0.002037	0.002317	0.002192	0.00222	0.002275	0.001562	0.002474	0.001874	0.002582	0.002321
539.835	18524.19	0.001634	0.001348	0.002153	0.001735	0.001848	0.00163	0.002054	0.00146	0.002307	0.001648	0.001281	0.001521	0.001623	0.001816	0.00196	0.001861	0.002004	0.002246	0.002065	0.002121	0.00247	0.001736	0.001709	0.001637	0.001945	0.00195	0.001711	0.0018	0.001162	0.002387	0.001872
540.411	18504.42	0.001628	0.001165	0.001555	0.001763	0.001758	0.00164	0.001973	0.00178	0.001353	0.001739	0.001358	0.00126	0.001648	0.001856	0.001804	0.001301	0.001701	0.002178	0.00154	0.001541	0.001716	0.002053	0.001686	0.001833	0.002157	0.001793	0.001423	0.001642	0.001329	0.001604	0.001956
540.988	18484.69	0.001238	0.001116	0.001401	0.001516	0.001472	0.001597	0.001712	0.002164	0.0009108	0.001578	0.001506	0.001413	0.001939	0.001606	0.001958	0.001558	0.001696	0.001829	0.00173	0.001631	0.001429	0.00178	0.001988	0.001795	0.001902	0.001418	0.0009546	0.001847	0.001604	0.001603	0.001613
541.565	18465.01	0.001254	0.001022	0.001506	0.001355	0.001303	0.00161	0.001476	0.002133	0.0007731	0.0009918	0.00121	0.001672	0.001528	0.001204	0.002027	0.001422	0.001915	0.001482	0.001801	0.001866	0.001027	0.001256	0.001681	0.001045	0.001701	0.001188	0.001088	0.001541	0.001351	0.001576	0.001338
542.142	18445.37	0.001482	0.0009473	0.001512	0.00122	0.00141	0.001658	0.001764	0.001527	0.0009892	0.001133	0.00119	0.001755	0.001323	0.001246	0.00153	0.001359	0.002031	0.001116	0.001479	0.001779	0.001049	0.001333	0.001428	0.0008563	0.001789	0.001207	0.001061	0.001271	0.0006882	0.001348	0.001654
542.718	18425.77	0.001733	0.001218	0.001967	0.001745	0.002164	0.0017	0.001862	0.001853	0.001295	0.001797	0.001361	0.001997	0.001693	0.001724	0.00149	0.002084	0.002141	0.001462	0.001661	0.001761	0.001862	0.001651	0.001885	0.002068	0.002015	0.001798	0.001467	0.001428	0.001384	0.001902	0.002097
543.295	18406.21	0.002072	0.001464	0.00226	0.002181	0.002041	0.001777	0.001748	0.002438	0.001631	0.001645	0.001351	0.002313	0.001893	0.001689	0.001713	0.002114	0.002007	0.002067	0.001804	0.001703	0.001775	0.002437	0.002176	0.002534	0.001993	0.002014	0.001941	0.001403	0.002348	0.002147	0.002124
543.872	18386.69	0.002521	0.001567	0.002142	0.002405	0.001956	0.00207	0.002236	0.002197	0.002268	0.002065	0.001587	0.002577	0.001863	0.002009	0.001995	0.001998	0.001911	0.002178	0.002183	0.002142	0.002229	0.002395	0.00192	0.002452	0.002335	0.002045	0.00244	0.00212	0.002512	0.002071	0.001859
544.448	18367.21	0.002142	0.001622	0.002321	0.00203	0.002224	0.001854	0.00256	0.001758	0.00236	0.00221	0.001637	0.00258	0.0019	0.002265	0.002057	0.002127	0.002188	0.002046	0.002102	0.001995	0.002228	0.002001	0.001694	0.00197	0.0025	0.002108	0.002199	0.001934	0.002236	0.001733	0.001854
545.025	18347.78	0.00204	0.001683	0.002809	0.00189	0.001851	0.002263	0.002639	0.001701	0.00261	0.002135	0.002341	0.002393	0.001903	0.002742	0.002269	0.002271	0.002685	0.002037	0.002004	0.002143	0.002796	0.002252	0.002242	0.002173	0.002748	0.002655	0.002454	0.002223	0.002349	0.002054	0.002484
545.602	18328.38	0.001822	0.001441	0.002285	0.001701	0.001754	0.00216	0.002069	0.001797	0.001997	0.002184	0.001787	0.002131	0.001829	0.002461	0.002419	0.002085	0.002301	0.001729	0.001574	0.002183	0.00229	0.001693	0.00224	0.002077	0.002664	0.002207	0.002187	0.002396	0.002208	0.002055	0.002435
546.179	18309.03	0.001285	0.001105	0.001568	0.001352	0.001516	0.000873	0.001416	0.001486	0.0008205	0.001519	0.001435	0.001716	0.001561	0.001282	0.001813	0.001523	0.001353	0.001468	0.001335	0.001945	0.001227	0.001399	0.001735	0.001886	0.001776	0.001137	0.001327	0.001851	0.001142	0.001395	0.001122
546.755	18289.72	0.0008204	0.0009164	0.0008312	0.001586	0.001848	0.000816	0.001294	0.001234	0.0003042	0.0007596	0.0009289	0.001497	0.001804	0.0009932	0.001175	0.001494	0.001303	0.001464	0.001659	0.001501	0.001413	0.001251	0.001756	0.001617	0.00127	0.00142	0.0009955	0.001634	0.001202	0.001314	0.001089
547.332	18270.45	0.001028	0.001364	0.001228	0.001838	0.001529	0.001276	0.00174	0.001725	0.001017	0.001039	0.001304	0.001213	0.001402	0.0008783	0.001732	0.001803	0.001151	0.001567	0.001564	0.001679	0.001731	0.001205	0.001682	0.001073	0.001769	0.00102	0.001347	0.00165	0.001367	0.001165	0.001568
547.909	18251.22	0.001627	0.00146	0.001871	0.002619	0.001499	0.001971	0.002032	0.001909	0.001862	0.002	0.001874	0.001545	0.001725	0.001191	0.002016	0.001981	0.001497	0.002098	0.001472	0.001863	0.001881	0.001839	0.002084	0.001842	0.001697	0.00117	0.001643	0.001718	0.00166	0.001475	0.001983
548.485	18232.03	0.002209	0.00193	0.00207	0.002322	0.001967	0.002035	0.00212	0.002347	0.001982	0.00272	0.002142	0.002006	0.002062	0.001774	0.001803	0.002151	0.002203	0.002545	0.00188	0.001774	0.002053	0.002247	0.002415	0.001522	0.001825	0.001752	0.001613	0.001749	0.001957	0.001816	0.002208
549.062	18212.88	0.001678	0.001583	0.001417	0.001489	0.001745	0.001624	0.002172	0.002004	0.001544	0.002154	0.00189	0.001615	0.002143	0.001712	0.001635	0.001331	0.001705	0.00235	0.001812	0.001238	0.001957	0.001487	0.001982	0.001302	0.001647	0.001465	0.001752	0.001415	0.001226	0.001652	0.00177
549.639	18193.77	0.001105	0.001689	0.001359	0.00175	0.001571	0.001434	0.001875	0.001268	0.001639	0.001844	0.0009279	0.001292	0.00187	0.00156	0.001799	0.001675	0.001368	0.001654	0.001498	0.001654	0.00148	0.0007141	0.001268	0.00165	0.001716	0.001485	0.001444	0.001347	0.001143	0.001779	0.001663
550.215	18174.70	0.001063	0.001889	0.001775	0.001844	0.001684	0.001967	0.001664	0.001557	0.001919	0.001488	0.001342	0.0009739	0.002012	0.001659	0.001852	0.001843	0.001924	0.00169	0.001458	0.001978	0.001602	0.0008892	0.001628	0.001923	0.001886	0.001879	0.001765	0.0019	0.002099	0.00207	0.001572
550.792	18155.67	0.0023	0.001688	0.002363	0.002254	0.001944	0.001919	0.001946	0.002006	0.001773	0.002382	0.001965	0.002211	0.002171	0.002346	0.002361	0.001162	0.002328	0.001603	0.001936	0.002201	0.001952	0.001754	0.002089	0.001639	0.001697	0.002534	0.002127	0.001903	0.002241	0.002269	0.002069
551.369	18136.68	0.001108	0.0007104	0.001076	0.001403	0.001275	0.001285	0.001355	0.001198	0.00137	0.001107	0.001479	0.001166	0.001288	0.0007331	0.001236	0.001064	0.002087	0.001087	0.001228	0.001133	0.001515	0.001123	0.0006856	0.0008917	0.00132	0.001664	0.001283	0.001378	0.001408	0.001411	0.0009683
551.946	18117.73	0.001262	0.001343	0.0009579	0.001372	0.001226	0.001298	0.00118	0.00179	0.0009131	0.001123	0.001064	0.001477	0.00134	0.001446	0.001382	0.001841	0.001289	0.00108	0.00129	0.001362	0.001235	0.001568	0.001142	0.001276	0.001684	0.001339	0.001948	0.001312	0.001139	0.001396	0.00115
552.522	18098.82	0.001538	0.001501	0.0009481	0.001872	0.001414	0.001142	0.0008143	0.001695	0.001065	0.001315	0.0008948	0.0009662	0.001196	0.001279	0.001565	0.001795	0.001217	0.001498	0.001268	0.001597	0.001458	0.001684	0.001346	0.001436	0.001612	0.001845	0.001379	0.001425	0.001259	0.001301	0.001414
553.099	18079.94	0.0007384	0.0008423	0.0003301	0.0008698	0.0008644	0.0009884	0.0004812	0.0004769	0.0007073	0.001	0.000901	0.001047	0.0004097	0.0004508	0.0006847	0.0008852	0.001173	0.0008495	0.001002	0.001371	0.001101	0.001133	0.000897	0.0008557	0.0007275	0.0003214	0.0006921	0.001536	0.0008728	0.0009281	0.001145
553.676	18061.11	0.0005442	0.000211	0.0004408	0.001443	0.0008567	0.0006005	0.0003839	0.0005485	0.0008534	0.0008597	0.0009524	0.0007346	0.00111	0.0004711	0.0007499	0.001084	0.0001896	0.0007774	0.0007569	0.0008676	0.0009876	0.0008423	0.0005253	0.001098	0.0008591	0.00116	0.001387	0.001238	0.0006009	0.0007686	0.0007018
554.252	18042.32	0.0004192	-8.608E-5	0.0003274	0.000615	0.000636	0.0005482	0.0008478	0.0009458	0.0009062	0.000898	0.0007862	0.001006	0.0006915	0.0005816	0.0007031	0.0007462	0.0007628	0.000754	0.0006169	0.0008819	0.0009024	0.0007133	0.0003221	0.001053	0.001316	0.0007008	0.001312	0.001144	0.0001672	0.001196	0.001013
554.829	18023.57	0.0008904	0.0007416	0.001155	0.0003654	0.0009158	0.001089	0.001319	0.001001	0.001655	0.0009208	0.001104	0.0007105	0.0009869	0.0008556	0.0005952	0.0003287	0.0006541	0.0007745	0.0007284	0.0006148	0.0009154	0.0006137	0.00104	0.001286	0.0007711	0.001058	0.0006688	0.0009691	0.001214	0.0009389	0.0005806
555.406	18004.85	0.001009	0.001014	0.001088	0.001537	0.0008141	0.001425	0.001538	0.0009565	0.0008976	0.0009127	0.001321	0.001164	0.001327	0.0009493	0.001189	0.00126	0.00107	0.00125	0.0008598	0.001016	0.001141	0.001021	0.001815	0.001044	0.0015	0.0005998	0.0009389	0.001189	0.00121	0.0007777	0.001357
555.983	17986.17	0.0003817	0.0007941	0.0004351	0.0008222	0.0006404	0.0002869	0.0006684	2.382E-6	0.0009978	0.0006626	0.0004691	0.0006502	0.0003609	0.0003794	0.0006833	0.0003744	0.0003204	0.0003789	0.0008089	0.0008337	0.0007655	0.0005058	0.0004012	0.0004245	0.0008906	2.337E-5	0.0002018	0.0005909	0.001298	0.0005159	0.0009039
556.559	17967.54	0.001456	0.001184	0.0008578	0.001058	0.0005914	0.001117	0.0008032	0.0006374	0.001508	0.0007486	0.0008267	0.001504	0.00135	0.001113	0.0007042	0.001042	0.0009893	0.001137	0.00102	0.0009131	0.001047	0.001313	0.0009811	0.0006474	0.0009898	0.0007157	0.001057	0.001285	0.00146	0.001185	0.0006603
557.136	17948.94	0.000429	0.0008486	0.0006379	0.001247	0.001038	0.0005772	0.001016	0.001013	0.0008441	0.001228	0.001157	0.0008331	0.0008206	0.0009317	0.0004599	0.001147	0.001392	0.001188	0.0009694	0.001373	0.0004188	0.00111	0.0009946	0.0007226	0.001434	0.000995	0.001132	0.001365	0.0005774	0.0009267	0.0007208
557.713	17930.38	0.001064	0.001106	0.0009459	0.001507	0.001384	0.001551	0.001297	0.001416	0.001402	0.0003664	0.001255	0.001154	0.001694	0.001482	0.001079	0.001181	0.001216	0.001114	0.0008433	0.001224	0.001205	0.001391	0.0008853	0.001358	0.001651	0.001299	0.001627	0.001628	0.001051	0.0009448	0.001013
558.289	17911.86	0.001081	0.0008045	0.00114	0.0003107	0.001011	0.0007907	0.0009268	0.00151	0.0007653	0.001014	0.0006104	0.001324	0.0009499	0.0005881	0.0006734	0.0008895	0.001193	0.0009819	0.001005	0.0007116	0.001317	0.0005417	0.0009088	0.0008166	0.001023	0.001545	0.001043	0.0007731	0.0007979	0.0009469	0.001101
558.866	17893.37	0.0002669	0.0009101	0.000389	0.0004068	6.892E-5	0.0003415	0.0007635	0.0008749	0.0004565	0.0005326	0.0006711	0.0002687	8.384E-5	0.0006779	0.001316	0.0004833	0.0009104	0.0007532	0.001096	0.0003317	0.0005599	0.0005543	0.001149	0.0007534	0.0007212	0.0001576	0.0008409	2.594E-5	0.0004123	0.0007195	0.000331
559.443	17874.93	0.0009012	0.001383	0.00112	0.001511	0.001211	0.00151	0.001423	0.001508	0.001623	0.001343	0.001568	0.001226	0.0007082	0.001087	0.001023	0.0009034	0.001965	0.001589	0.001747	0.001787	0.001191	0.00163	0.00132	0.0009544	0.001289	0.000724	0.001342	0.001559	0.001354	0.001831	0.0009578
560.020	17856.52	0.001612	0.001425	0.001258	0.001247	0.001256	0.001132	0.001431	0.001678	0.001878	0.001865	0.001504	0.001163	0.001545	0.00146	0.001749	0.001387	0.002036	0.001519	0.001701	0.001593	0.001602	0.00126	0.001468	0.001336	0.002049	0.001375	0.001202	0.001835	0.001532	0.001409	0.001414
560.596	17838.15	0.0005453	0.0007126	0.0009868	0.001014	0.0005648	0.0007604	0.001338	0.0009303	0.001023	0.0005007	0.0007704	0.0009529	0.0009232	0.001269	0.0009494	0.0005157	0.001448	0.0007952	0.0007855	0.001083	0.00109	0.0009092	0.00122	0.0009258	0.0008524	0.0003617	0.0007998	0.0006454	0.0007494	0.001122	0.0008739
561.173	17819.82	0.0002683	0.0007569	0.000707	0.000306	0.0003137	0.0005631	0.0001822	0.001238	0.0005723	0.0005083	0.0006013	0.0009823	0.0007634	0.0006192	0.000945	0.0003398	0.0005432	0.001131	0.0002992	0.0005656	0.0003664	0.0007545	0.0004636	0.0004753	0.0006278	0.0001623	-8.311E-6	0.0008654	0.0005098	0.0009283	0.0004389
561.750	17801.52	0.0007419	0.001021	0.001045	0.0008445	0.001263	0.0009557	0.0009278	0.001	0.0006751	0.0008032	0.0007831	0.000949	0.0003897	0.0007032	0.001076	0.001063	0.0007221	0.001044	0.0006515	0.000644	0.001311	0.0008899	0.0009435	0.0006529	0.0006058	0.0003626	0.001074	0.0004201	0.0009765	0.0002648	0.0007374
562.326	17783.27	0.0008645	0.00107	0.001044	0.001255	0.000964	0.0007897	0.0008196	0.001254	0.0007801	0.001331	0.001019	0.000808	0.0006731	0.0002594	0.0009302	0.001251	0.0009884	0.001162	0.0009077	0.0008107	0.0005621	0.0007482	0.0005958	0.000588	0.001021	0.0007937	0.0007295	0.0007399	0.0006261	0.0008862	0.0007912
562.903	17765.05	0.001017	0.001006	0.001247	0.0009105	0.001289	0.000927	0.000576	0.001043	0.001337	0.0005436	0.001372	0.001033	0.0006554	0.0007992	0.0008982	0.001304	0.00107	0.001047	0.001618	0.001312	0.0006687	0.0006978	0.0009566	0.001234	0.001342	0.0008245	0.0009002	0.001103	0.001046	0.0009796	0.0006054
563.480	17746.86	0.0007575	0.001178	0.00115	0.001005	0.0009344	0.0004715	0.001008	0.001038	0.001082	0.000735	0.001358	0.00123	0.0007272	0.0009072	0.000963	0.001267	0.001086	0.001098	0.0009981	0.001236	0.0008894	0.0005159	0.001372	0.001378	0.001026	0.001176	0.0004841	0.001041	0.001541	0.001331	0.001314
564.057	17728.72	0.0001499	0.0005758	0.0003599	0.0003743	0.0004865	0.0004288	0.0007291	0.000327	0.0002906	0.0001977	0.0006619	0.0004763	0.0007786	0.0001047	0.0005832	0.0006814	0.0006746	0.000405	1.212E-6	0.0007707	0.0007143	0.0004416	0.0003207	-7.059E-5	0.0004072	0.0009851	0.0004199	0.0002129	0.0005562	0.0003361	-4.927E-5
564.633	17710.61	0.001033	0.001309	0.0008385	0.000684	0.001184	0.00111	0.000841	0.0008886	0.0007419	0.0008352	0.0009175	0.0008078	0.0009826	0.001292	0.001026	0.001069	0.0009225	0.0009488	0.001264	0.001245	0.001296	0.0008157	0.001386	0.00101	0.001022	0.0007117	0.0006841	0.0007116	0.0009885	0.0009861	0.0006482
565.210	17692.54	0.0007747	0.001096	0.0001789	0.0006638	0.0008385	0.0006046	0.0001459	0.0006643	0.0005106	0.0003998	0.0001153	0.0005475	0.0003618	0.0004237	0.0008439	0.0002953	0.0007497	0.0002061	0.0005045	0.001118	0.0005056	0.0005706	0.0004077	0.0005184	0.0004109	0.0003851	0.0005556	0.0008546	0.0001746	0.0002266	0.001061
565.787	17674.51	0.0006756	0.0007041	0.001047	0.0008925	0.0008983	0.0007942	0.0003162	0.0008921	0.0005551	0.0003778	0.0003963	0.0002542	0.0006623	0.0006692	0.0004052	0.0002533	0.000599	0.0004901	0.0007034	0.0007049	0.0008192	0.000495	0.0009157	0.0003995	0.0005144	0.0005315	0.0002368	0.0004003	0.000469	0.0006207	0.0006211
566.363	17656.51	0.0009633	0.001146	0.001663	0.001109	0.0008566	0.0008449	0.0009143	0.0009709	0.0008529	0.0008044	0.0006264	0.0007639	0.0008775	0.0009262	0.0006771	0.001213	0.001271	0.0008262	0.00116	0.0006907	0.001399	0.0004672	0.0006443	0.0007927	0.001065	0.001041	0.0005606	0.0009516	0.0007801	0.0007908	0.000679
566.940	17638.55	5.701E-5	0.0001827	0.0003116	0.0001691	0.0002636	0.0002072	3.982E-5	7.788E-5	0.0001352	3.616E-5	0.0002744	0.0002093	8.177E-5	0.0002137	0.0001435	0.0004049	0.0005526	0.0002139	0.0004032	0.0001794	0.0005555	5.843E-5	0.0001181	0.000219	2.78E-5	0.0001385	9.508E-6	0.0003085	0.0002531	-3.084E-5	4.227E-5
567.517	17620.62	0.0006984	0.0004916	0.0002871	0.0005577	0.00034	0.0004961	0.0004373	0.0007671	0.0005926	0.0007001	0.0007471	0.0007154	0.000356	0.0008684	0.0006962	0.0004817	0.0009444	0.0009363	0.0008229	0.0007476	0.0003676	0.0005329	0.0008988	0.0004484	0.0005678	0.0006825	0.0008118	0.0007282	0.0004456	0.0007208	0.0003489
568.093	17602.74	0.001077	0.000604	0.001007	0.001325	0.001033	0.001045	0.0009909	0.001041	0.0008777	0.000761	0.001132	0.001107	0.0007072	0.001095	0.001192	0.0009587	0.0007768	0.0009315	0.0009889	0.0008463	0.0008955	0.0007172	0.0009374	0.0009088	0.0006613	0.0009751	0.0008961	0.0009366	0.0007785	0.0009533	0.0007115
568.670	17584.89	0.0005218	0.0006543	0.0009056	0.001023	0.0009548	0.0005593	0.0008798	0.001052	0.0008007	0.0009165	0.0009307	0.000771	0.0005055	0.0006799	0.0007141	0.0006634	0.0006862	0.0009661	0.0008107	0.0008525	0.001031	0.0007857	0.0008315	0.0008034	0.001123	0.0006664	0.000901	0.0007385	0.0008115	0.0009352	0.0004976
569.247	17567.07	0.0003289	0.0004905	0.000668	0.0004946	0.0003604	0.0005164	0.0003543	0.0003893	0.0003775	0.0001713	0.0005119	7.405E-5	2.588E-5	0.000426	0.0001943	0.0001585	0.0005361	0.0004908	0.0004328	0.0001362	0.0004147	0.0004682	4.709E-5	0.0003246	0.0006168	0.000344	0.0002196	0.0003889	-2.316E-5	0.0001197	-9.344E-5
569.824	17549.29	0.0006235	0.0002453	0.0001836	2.516E-5	0.0002196	0.0002664	0.0002943	0.0001737	0.0002173	-8.761E-6	0.000471	2.305E-5	0.000236	0.0005255	0.0004209	8.853E-5	0.0004454	0.0005449	0.0005815	0.0003478	0.0003955	0.0005704	0.0004757	7.739E-5	0.0001381	0.0006073	-4.57E-5	0.0002958	0.000443	1.997E-5	0.0004142
570.400	17531.55	0.0005458	0.0001976	-6.277E-6	0.0003006	0.0001453	-8.246E-5	0.0001929	0.0002746	-1.14E-5	0.0001646	4.95E-5	0.000333	0.0001587	0.0003767	0.0002502	7.455E-5	0.0005627	0.0002791	0.0005925	0.0003313	0.0006477	0.0002057	0.0003328	2.366E-5	0.0003777	0.0002635	0.0003647	0.0002358	0.0002742	0.0001465	0.0002872
570.977	17513.84	0.0005186	0.0004374	0.000355	0.0005414	0.0004804	0.0005696	0.0004241	0.0005613	0.0003031	0.000309	0.0002978	0.0004755	0.0001844	0.0001602	-0.0001332	0.0003486	0.0005834	0.0004737	0.0003989	0.0003852	0.0003503	0.0002431	0.0005107	0.0003431	0.0004875	0.0003761	0.0003848	3.124E-5	0.0003865	0.0002209	6.887E-5
571.554	17496.17	0.0004399	0.0006931	0.0006259	0.0009377	0.0003922	0.0005749	0.0007285	0.0008751	0.0006685	0.0004578	0.0004116	0.0005461	0.0005999	0.0005546	0.0003359	0.0008682	0.0005519	0.0005123	0.0006532	0.0009208	0.0005466	0.0004663	0.0006527	0.0005947	0.0008942	0.0004802	0.0005482	0.0005707	0.0007931	0.0005578	0.0003764
572.130	17478.53	0.0002718	0.000769	0.0001516	0.0005449	0.0002722	0.0004211	0.000619	0.001017	0.0005824	0.0005706	0.0006311	0.0006492	0.0005121	0.0008033	0.000768	0.000659	0.0006552	0.0006734	0.000601	0.0007098	0.0007863	0.0007625	0.0009115	0.0007113	0.0006409	0.0005676	0.0005526	0.0008941	0.0004285	0.0009382	0.0004616
572.707	17460.93	0.0001879	0.0005329	0.0001306	0.0006289	0.0001852	0.0003735	0.0004222	0.0005407	0.0003864	0.0002082	0.0004416	0.0007871	0.0002945	0.0003194	0.0003577	0.0003369	0.0005901	0.0003126	0.000444	0.000438	0.0005075	0.0003235	0.000418	0.000496	0.0004814	0.0004703	-5.625E-5	0.0003657	0.0001174	0.0005008	0.0003925
573.284	17443.37	0.0005597	0.0004213	0.0005926	0.0006629	0.0005027	0.0003971	0.0001724	0.0003432	0.0005572	0.0004106	0.0003119	0.0006498	0.0003188	0.0003457	0.0005734	0.0003871	0.000563	0.0005152	0.0005412	0.000448	0.0004359	0.000506	0.0002844	0.0002385	0.0006909	0.0006052	0.0002854	0.0003269	0.0001879	0.0003014	0.0002227
573.861	17425.84	0.0008316	0.0004582	0.0007838	0.0007051	0.0006356	0.0005573	0.0003358	0.0006464	0.0006785	0.0003735	0.0003007	0.0006266	0.0005958	0.0006831	0.0007874	0.0005845	0.0008084	0.0006434	0.000516	0.000616	0.0002465	0.0006036	0.0005919	0.0004753	0.0004654	0.0006217	0.0006643	0.0004586	0.0003847	0.0005404	0.0005098
574.437	17408.34	0.0002702	0.0001185	0.0001054	0.0002551	1.777E-5	-0.0001279	-4.887E-5	7.603E-5	0.0001633	3.067E-6	-0.0002995	0.0003225	9.26E-5	-7.635E-5	0.0001196	7.832E-5	1.291E-5	0.0001364	0.0001949	0.0001735	4.258E-5	8.192E-5	1.343E-5	0.0001881	-1.708E-5	8.977E-5	0.0002245	-4.858E-5	0.0001834	-0.0001981	2.621E-5
575.014	17390.88	-0.0002515	-0.000437	-0.0001826	-0.0002861	-0.0002866	-0.0003831	-1.479E-5	-0.0002548	-0.0002505	-0.0002361	-0.0005763	4.142E-6	-7.265E-5	-0.0002761	2.616E-5	-0.0001891	-0.0005252	-0.0003089	-6.188E-5	-0.0005518	-0.0003085	2.94E-5	-0.0004023	-0.0002704	-3.194E-5	-0.0003133	-0.0002154	-0.0001157	7.566E-5	-0.0005955	-0.0002087
575.591	17373.46	0.0001376	-0.0002315	0.0004608	3.071E-7	0.0004026	0.0003456	0.0002283	0.0001071	6.975E-5	0.000142	0.0001639	0.0003814	0.0004085	-0.0002731	0.0004006	8.517E-5	0.0002459	-1.489E-5	0.0001369	-4.27E-5	0.0001693	0.0002491	7.017E-5	0.0001153	0.0001046	0.0002127	-0.0001585	0.0002701	0.0004486	0.0001688	1.641E-5
576.167	17356.07	-0.000105	-0.0001181	0.0003423	0.0001605	0.000352	0.0005199	0.0001831	0.0003973	0.0001601	0.0004535	0.0003381	0.0005349	0.0004801	-6.832E-5	0.0003343	2.687E-5	0.000269	6.549E-5	0.0001303	0.0003975	0.0004571	0.0002377	0.0004545	0.0002765	0.0002197	0.0003777	7.893E-5	0.0003241	0.000366	0.0002654	7.835E-5
576.744	17338.71	-0.0001599	5.593E-5	-8.428E-5	0.0001459	0.0002976	0.0004149	0.0002399	0.0001709	0.0001562	0.0001139	0.0001483	0.0001625	0.0003333	0.0002132	0.0001075	0.0001843	-0.0001279	1.207E-6	0.000241	0.0003541	0.0002473	0.0001937	0.0003637	0.0001784	0.0001479	0.0004164	-2.381E-5	1.091E-5	-3.929E-6	0.0001595	9.939E-5
577.321	17321.39	0.0001541	5.563E-5	1.053E-5	0.0001371	0.0003541	0.0002441	-2.457E-6	-3.635E-5	0.0003227	0.0001567	8.615E-5	0.0001343	0.0004081	0.00011	-0.0001706	0.0003738	6.341E-5	-1.881E-5	0.0003086	0.0001048	-3.241E-5	8.319E-5	0.0005783	-5.732E-5	5.587E-5	0.0003297	3.223E-5	0.0003344	-3.388E-5	0.000152	-0.0001088
577.898	17304.11	-3.037E-5	-0.000307	-1.805E-5	-0.0003211	3.547E-5	4.344E-5	-8.917E-5	-3.496E-5	9.4E-5	-6.841E-5	0.0001322	1.393E-5	0.0001642	-9.038E-5	-9.092E-5	-0.0003413	-0.0002887	-0.0001799	-4.077E-5	-8.955E-5	-0.0001888	-0.0001762	0.0002175	-2.25E-5	-5.935E-5	-0.0001694	0.0001465	6.758E-5	6.379E-5	-8.939E-5	0.0001943
578.474	17286.85	2.951E-5	6.329E-5	0.0001012	-9.748E-5	0.0002473	0.0002502	0.0002564	0.0002331	0.000437	8.468E-5	0.0002177	0.0003061	0.0002033	8.988E-5	0.0002276	-0.0001062	-0.000133	0.000129	-4.875E-6	0.0001002	0.0003377	0.0001522	0.0002855	0.0004404	0.0002453	0.0001491	0.0002866	8.187E-5	0.0003962	0.0001728	0.0004443
579.051	17269.64	0.0002103	0.0003878	0.0004404	0.0003441	0.0004363	0.0003156	0.0003943	0.0002469	0.0004749	0.0004834	0.0002143	0.000472	0.0001505	0.0001044	0.0001126	0.0003518	0.0002202	0.0002184	0.0001823	8.91E-5	0.0003153	8.505E-5	0.0003451	0.00031	0.0003036	0.0004266	0.0002593	6.476E-5	0.0004401	0.000319	0.0003234
579.628	17252.45	0.0003388	0.0004791	0.000595	0.0007031	0.0005175	0.0002708	0.0004924	0.0006347	0.0006445	0.00045	0.0002497	0.0004642	6.364E-5	0.0004589	0.0003038	0.0005203	0.0005466	0.0003164	0.0003289	0.0005428	0.0005344	0.0002521	0.0004228	0.0004101	0.0006969	0.0004865	0.0004944	0.0004062	0.0004514	0.0004188	0.0003311
580.204	17235.31	0.0003911	0.0003774	0.0005797	0.0005309	0.000537	0.0005986	0.0005856	0.0006656	0.0005554	0.0005821	0.000113	0.0002643	8.958E-5	0.0003599	0.0005338	0.0005044	0.0006185	0.0003849	0.0004062	0.000732	0.0006933	0.0003024	0.0003954	0.0005981	0.0006034	0.0005956	0.0004769	0.0004662	0.0005963	0.0003391	0.0004658
580.781	17218.19	7.148E-5	-4.156E-5	0.0001992	-9.756E-5	0.0002575	0.0002244	0.0004122	3.355E-5	0.0001259	0.0003325	9.371E-5	0.0001763	-9.982E-6	1.997E-5	0.0001409	-6.229E-5	0.0003258	0.0002733	0.0001417	0.0002152	3.451E-5	3.295E-5	0.000128	0.0001249	0.0002002	0.0001812	8.627E-5	-7.846E-6	0.0001559	8.756E-5	0.0001143
581.358	17201.11	-0.000243	-0.000403	6.216E-5	-0.0002157	0.0001107	-9.887E-5	9.093E-5	-8.657E-5	5.315E-5	1.218E-5	-3.677E-5	0.0001252	-3.126E-5	-0.0002333	6.076E-5	-4.442E-5	0.0002136	2.793E-5	4.954E-5	-8.016E-5	-0.0001564	-0.0002201	-6.56E-5	-4.189E-5	-9.453E-5	8.817E-6	-5.477E-5	1.894E-5	-0.000144	0.0001533	-2.392E-5
581.934	17184.06	-0.0002884	-0.0003662	1.536E-5	-2.22E-5	-1.653E-5	-0.0001644	-0.0001585	5.169E-5	7.458E-5	-0.0002276	-0.0001129	-5.645E-5	7.206E-5	-0.000289	9.54E-5	0.0001531	5.447E-7	9.635E-5	-6.569E-5	-0.0001167	-1.523E-5	-0.0003354	-0.0001873	-4.036E-5	-0.0001715	-2.497E-5	-2.167E-5	-7.712E-5	-0.0001702	0.0002437	-0.0001291
582.511	17167.05	-0.0003625	-0.0002019	-2.183E-5	-8.928E-5	-0.0004118	-0.0002884	-2.458E-5	5.665E-5	-4.939E-5	-0.0002315	-2.686E-5	-3.801E-5	-0.0001361	-0.0002197	-0.0001505	9.234E-5	-0.0003194	0.000127	-0.0003573	3.025E-5	-0.0001301	-0.0003941	-0.0003091	6.999E-6	-0.0003001	-0.0002728	-0.0002561	-9.277E-5	-0.0002642	-0.0001337	-0.0002094
583.088	17150.07	-0.0003	6.163E-5	-2.045E-5	-0.0001229	-0.0003243	2.396E-5	8.68E-5	8.786E-5	-0.0001382	3.004E-5	-5.118E-5	0.0002537	-0.0001393	-3.427E-5	-1.102E-5	0.0001225	-0.000173	-1.615E-5	-0.0003053	3.074E-6	-0.0001188	-0.0001863	-0.0001837	-0.0001054	-0.0001063	-0.0001677	-0.0002852	4.656E-5	-8.087E-5	-9.033E-5	0.000146
583.665	17133.13	-0.0001522	0.0001407	-0.0001228	-0.0001022	-6.162E-5	8.326E-5	4.75E-5	-9.413E-5	-0.0002795	0.0001167	-6.824E-5	6.771E-5	-0.0001807	8.627E-5	-8.126E-5	2.602E-6	-0.0001353	-0.0001842	-0.0002512	-0.0002024	-5.544E-5	-2.034E-5	-8.495E-5	-0.0002138	0.0001711	-0.0001118	-0.0001466	-0.0002594	3.994E-5	0.0001473	0.0001554
584.241	17116.21	0.000111	-1.459E-5	6.704E-5	7.018E-5	0.0001794	-8.546E-5	0.0002402	6.95E-5	-4.763E-5	5.243E-6	4.336E-5	-4.007E-5	3.491E-5	0.000321	-9.15E-5	4.965E-5	-3.504E-5	-0.0001979	-0.0001068	-0.0001015	0.0001416	6.091E-5	0.0001089	0.0002665	0.000381	7.004E-5	-5.805E-5	-0.0002661	8.226E-5	0.0002345	0.0001747
584.818	17099.34	0.0003024	-0.0001189	0.0001401	0.0003179	0.0004396	-0.0001812	0.0004638	0.000411	0.0002793	0.0001978	0.0002951	0.0003199	0.0001824	0.0004995	0.0001244	0.0002983	0.000341	1.382E-5	0.0001515	0.0001289	0.0004281	0.0002031	0.0003538	0.0006185	0.0005088	0.0002724	0.0001071	0.0001931	0.0005042	0.0002591	0.0002291
585.395	17082.49	-6.952E-5	-2.219E-5	-1.915E-5	0.0002529	0.0002927	-0.0002008	0.0002572	0.0003123	0.0002104	0.0003951	0.0001961	0.0002871	5.487E-6	0.0003679	6.924E-5	0.0003294	0.0002484	0.0001545	0.0004126	0.0003278	0.0004475	0.0003398	0.0001198	0.0003303	0.0003359	0.0002424	0.0002721	0.0002847	0.0005525	0.0001843	0.0001903
585.971	17065.68	-0.0001657	-3.906E-5	6.974E-5	2.874E-5	0.0002302	-1.889E-5	2.942E-5	0.0002243	0.0001466	0.0003138	-1.061E-5	0.0001033	0.0001567	0.0002344	3.171E-5	4.449E-5	0.000132	0.0002454	0.0004555	0.0003076	0.0003233	0.0004343	1.015E-5	-7.693E-5	0.0002733	0.0002788	0.0003821	0.0002694	0.0003456	0.0002569	0.0002501
586.548	17048.90	5.411E-5	1.837E-5	0.0001415	1.039E-5	0.0003068	0.0002098	4.429E-5	0.0002199	0.000202	0.0003546	0.0002626	0.0002473	0.0001691	0.0002628	0.0002305	0.0001336	0.0002522	0.0002225	0.0003341	6.813E-5	0.0003212	0.0003541	0.0001484	-6.769E-5	0.0003666	0.0002354	0.0002375	0.0004896	0.0003573	0.0002767	0.0002291
587.125	17032.15	0.0001026	0.0001602	6.155E-5	0.000122	0.0001436	0.0002026	0.0001332	6.421E-5	0.0001051	0.0002105	0.0002114	0.0002927	0.0001199	0.0002686	0.000274	0.0001363	0.0002021	0.0001067	0.0002687	5.263E-5	0.0002045	0.0002094	7.625E-5	-0.0001501	0.0003498	0.0002066	0.0001038	0.000495	0.0001488	0.0002575	4.237E-5
587.702	17015.44	0.0003121	0.000134	1.929E-5	0.0002131	0.0001636	0.0001755	0.0002566	1.703E-5	0.000109	0.0001229	7.821E-5	0.000127	0.0003529	0.0001194	0.0001506	-1.295E-5	0.0001913	0.0001658	0.0001838	0.0002341	7.785E-5	0.0001271	0.0002188	5.496E-5	0.0002866	0.0001538	5.078E-5	0.0002474	9.923E-5	0.0001983	2.038E-5
588.278	16998.76	0.0001026	0.000142	-1.766E-5	3.319E-5	-8.118E-7	0.0001849	0.0001501	4.895E-5	0.0004153	0.0001751	0.0001714	0.0003162	0.0002998	0.0002007	0.0001731	6.049E-5	0.0001007	0.0002641	0.0001085	0.0002257	0.0002336	-5.923E-5	0.0004452	0.000385	0.000215	7.846E-5	-5.326E-5	-0.0001734	0.0001083	0.0001032	0.0001464
588.855	16982.11	-0.0001652	8.94E-5	-5.705E-5	-9.064E-5	-0.0002707	-5.853E-5	-1.331E-5	1.22E-6	0.0001948	-5.453E-5	0.0001096	0.0004714	9.707E-5	0.0001981	-1.504E-5	-0.0001233	-0.0002254	7.43E-5	1.459E-5	9.969E-6	8.084E-5	-0.00021	7.781E-5	6.96E-5	-5.747E-5	1.536E-5	7.688E-5	-0.0003431	0.0001045	0.0001451	-8.354E-5
589.432	16965.49	8.687E-5	0.0001038	-0.0001465	0.0002832	4.717E-5	2.859E-5	-0.0001012	8.598E-5	-0.0001042	-0.0002002	0.0001534	0.0002626	0.0002535	9.747E-5	1.806E-5	-7.41E-6	-0.0002076	0.0001292	0.0001414	0.0002061	-0.0001144	0.0001755	-0.0001783	0.0001873	-0.0001468	-6.09E-5	0.0001922	-1.013E-5	0.000219	6.073E-5	0.0001075
590.008	16948.91	6.34E-5	-0.0001742	-0.0001693	0.0002181	0.0001077	-4.685E-5	-6.501E-5	6.015E-5	-1.218E-5	-2.063E-5	3.042E-6	6.226E-5	-2.917E-5	-3.308E-5	7.441E-5	-0.0001364	4.274E-6	0.000441	-0.0001276	0.0003064	6.227E-5	0.0003132	1.9E-5	0.0001846	-0.0001232	-0.0001822	0.0001069	0.0001341	0.0001667	-0.0001192	4.684E-5
590.585	16932.36	2.687E-5	8.075E-5	6.025E-5	0.0001645	0.0001234	-0.0001511	-0.0001782	-3.406E-6	3.378E-5	5.611E-5	0.0001256	1.343E-5	-4.38E-5	-1.087E-5	0.0002239	0.0001878	9.005E-5	0.0003623	-4.897E-5	2.392E-5	0.0002249	0.000298	2.085E-5	0.0001459	3.011E-5	-0.0001018	9.412E-5	0.0001385	0.0002197	9.124E-5	-0.0002312
591.162	16915.84	0.0003328	0.0003956	0.0002446	0.0001751	0.0001003	7.4E-5	-3.627E-5	0.0001762	0.0001413	-6.157E-5	0.0002167	0.0001839	0.0001064	0.0002443	0.0004237	0.0004282	0.0003659	0.0001927	0.0004387	0.0003273	0.0003697	0.0004441	0.0002434	0.0002485	0.000199	0.0001032	0.0001927	0.0003812	0.0002704	0.0002171	5.39E-5
591.739	16899.36	0.0003302	0.0004184	0.0003634	3.382E-5	0.0001161	0.0003022	0.0002995	0.0004336	0.0001295	0.0001411	0.000148	9.704E-5	0.0002261	0.0002173	0.000406	0.0004352	0.0004347	3.438E-5	0.0005954	0.000312	0.0003452	0.0004158	0.0003409	0.0003123	0.0003383	1.992E-5	0.0002826	0.0005113	0.0001355	0.0003045	0.0002235
592.315	16882.90	0.0002287	0.0001535	0.000173	7.582E-5	-2.946E-5	7.725E-5	-1.723E-5	-4.667E-5	2.639E-5	9.327E-5	-0.0001618	-0.0001646	-1.238E-5	2.71E-5	0.0002213	8.25E-5	0.0002692	-7.148E-6	0.0002961	0.0001915	-5.614E-5	9.498E-5	1.573E-5	0.0001244	-0.0001368	-0.0001016	7.073E-5	0.0001322	-0.0001956	-2.93E-5	-0.0002373
592.892	16866.48	0.0002181	0.0002377	-1.288E-5	0.0003263	-0.0002452	-5.64E-5	-0.0001335	-0.0002037	0.0001472	-3.171E-5	-0.0001561	-0.0002928	-0.0002231	0.0001057	-4.606E-5	-5.957E-5	0.0001451	8.354E-5	0.0003401	0.0002255	-0.0002344	-6.424E-5	-7.482E-5	7.462E-5	-0.0003749	-0.0001847	-0.0002679	-0.0001199	-0.0001904	-0.0001948	-0.0001878
593.469	16850.09	2.427E-5	0.0003521	2.36E-6	0.0003228	-0.0002102	0.000145	0.0002269	9.395E-5	0.0002157	0.0001786	-5.248E-5	-0.0002037	-6.604E-5	0.0001879	-8.038E-5	0.0001821	0.0001551	0.0001562	0.0002097	0.0002434	4.035E-5	9.953E-5	9.616E-5	8.68E-5	-6.205E-5	0.0001262	4.604E-5	0.0001626	5.035E-5	0.0001478	6.664E-5
594.045	16833.73	6.645E-5	0.0003057	5.697E-6	-0.0001863	-7.043E-5	-6.966E-5	0.0001077	-4.273E-5	-0.0002313	-3.233E-5	-5.07E-5	-1.765E-5	0.000106	-9.445E-5	6.534E-5	-7.39E-5	8.784E-5	-7.3E-5	-0.0001171	-0.0001652	-7.373E-5	3.782E-5	6.918E-5	-0.0001056	0.0002529	0.0002062	8.473E-5	-0.0001192	4.582E-5	-2.347E-5	0.0001595
594.622	16817.40	0.000276	0.0003007	0.0001794	0.0001509	7.662E-5	0.0001146	-5.567E-5	6.743E-5	0.0001545	4.546E-5	0.0001823	-0.0001052	0.0001683	-0.0001014	-1.648E-5	-0.0001339	9.882E-5	8.995E-5	3.5E-5	-0.0002854	-0.0002118	0.0001124	9.177E-5	7.316E-7	3.323E-5	-4.229E-6	0.0002257	-0.0002873	-0.0001249	4.633E-5	0.0001883
595.199	16801.11	0.0003223	0.0001806	3.1E-5	0.0001137	-0.0002185	0.0001341	-0.0002143	0.0001635	4.131E-5	-0.0001277	0.0001142	-0.0002792	6.876E-5	1.427E-5	-2.795E-5	-2.925E-5	-0.0001509	-0.0001803	-8.834E-6	-0.0003271	-0.0002381	8.588E-5	-3.75E-5	-0.0001351	-8.026E-5	-0.0001647	0.0001041	-0.000208	-3.554E-5	-0.0001991	7.716E-5
595.776	16784.85	-0.0002369	-0.0003157	-0.0004478	-0.0007395	-0.0004668	-0.0002927	-0.0003796	-0.0004209	-0.0008156	-0.0004495	-0.0002422	-0.0007251	-0.0003951	-0.0001732	-0.0002553	-0.0005824	-0.0005461	-0.0005519	-0.0003984	-0.0004872	-0.000554	-0.0003161	-0.0004585	-0.000293	-0.00048	-0.0006014	-0.0004	-0.0004783	-0.0005646	-0.0004123	-0.0003482
596.352	16768.61	-0.0002035	-0.000426	-0.0002787	-0.0003469	-0.0004493	-0.0004125	-0.0003874	-0.0005	-0.0006148	-0.0002895	-0.0002199	-0.0004095	-0.0002467	-0.0003041	-0.0001685	-0.0003882	-0.0005281	-9.676E-5	1.881E-5	-0.0003286	-0.0005304	-5.535E-5	-0.0002247	-0.0002427	-0.0002875	-0.0002098	-0.0003305	-0.0003787	-0.0005546	-0.0003709	-0.0004173
596.929	16752.41	-0.0002023	-0.0001035	-0.0003118	-0.0001393	-0.0002654	-0.0001791	-0.0002814	-0.0003809	-0.0001506	-0.0004433	-0.0002167	-0.000466	-0.0004488	-0.0002201	-0.0003952	-0.0003269	-0.0004368	-0.000166	-0.0001263	-8.778E-5	-0.0003639	-0.0001567	-0.0004229	-0.0001778	-0.0005661	-0.00033	-9.594E-5	-0.0001246	-0.0004899	-0.0003198	-0.0003267
597.506	16736.24	0.00015	3.184E-5	-0.000139	-0.0001353	-0.0001497	-0.0002956	-0.000103	-0.0002122	2.254E-6	-0.000152	-0.0003116	-0.0003745	-0.0004102	-0.0001778	-0.00024	-3.131E-5	-0.0001653	-0.0001883	-0.0001166	-0.0002439	-0.0001647	-1.844E-5	-0.0005535	-7.599E-5	-0.0002942	-0.0002297	-0.0001709	-0.0002359	-0.0004154	-0.0001424	-0.0001615
598.082	16720.11	0.0001137	0.0001621	-1.286E-5	0.0001924	3.665E-5	-8.947E-5	-2.634E-5	-7.188E-6	-0.0002594	-0.0001336	0.000103	-0.0001295	-8.342E-5	-5.547E-5	-3.044E-5	-9.225E-5	-4.659E-5	-8.707E-5	-0.0001897	-0.0001577	-2.746E-5	0.0001353	-0.0001817	-3.113E-5	-0.0004073	0.0001148	0.0001134	-9.437E-5	-0.0003031	-9.764E-5	5.859E-5
598.659	16704.00	-0.0002177	6.21E-5	-0.0003035	-0.0002628	-0.0001317	-0.0001517	-0.0002787	-0.0001739	-0.0005034	-3.635E-5	-8.523E-5	-0.0001376	-0.0002801	-2.339E-6	-0.0004137	-0.0003118	0.0001402	-7.549E-5	-0.0005535	-0.0004157	-0.0002071	-2.401E-5	-3.134E-5	-0.0002425	-0.000215	-0.0001243	-3.367E-5	-0.000219	-0.0004252	-0.0003206	-5.431E-5
599.236	16687.92	-0.0001784	-0.0002975	-0.0002202	-0.0005343	-0.0001516	-0.0003537	-0.0003121	-0.0004089	-0.0004304	6.296E-5	-0.0002432	7.624E-5	-0.0004545	-0.000129	-0.0003136	-5.352E-5	-0.0002553	-0.0002632	-0.000638	-0.0001894	-0.0002266	-0.0002964	-0.0001014	-0.0004794	-0.0003918	-0.0003491	-7.19E-5	-0.0003501	-0.0001871	-0.0003897	-7.996E-5
599.812	16671.88	-0.0004115	-0.000163	-0.0003771	-0.0003208	-0.0003921	-0.0002759	-0.0003283	-0.0003157	-0.0003844	-9.765E-5	-0.0001471	-0.0002898	-0.0001016	-0.0002911	-0.000133	0.0001138	-9.805E-5	-0.0001785	-0.0003844	-0.0001306	-0.0003085	-0.00053	-0.0001455	-0.0002443	-0.0001692	-4.679E-5	-0.0001458	-0.0002016	-0.0003527	-0.0003079	-0.000138
600.389	16655.86	-0.0001327	-0.000227	-0.0001677	-0.0001853	-0.0004473	-0.0004609	-0.0002846	-0.0004068	-7.96E-5	-0.000438	6.461E-6	-0.0004628	-0.0001175	-0.0002152	-0.0003745	-0.0003814	-6.792E-5	-0.0001617	-0.0005492	-0.0004225	-0.0001984	-0.000664	-0.000218	-0.0002582	-0.0001243	-5.242E-5	-0.000456	-0.0003052	-0.0004186	-0.0003688	-0.0002063
600.966	16639.88	-0.0003263	-0.0003062	-0.0004761	-0.0001559	-0.0003911	-0.0003561	-0.0006035	-0.0006118	-0.0004156	-0.0007302	-0.0003294	-0.0006466	-0.0002481	-0.0003965	-0.0006408	-0.0004016	-0.0004569	-0.0004317	-0.0002613	-0.0004057	-0.0002985	-0.0004978	-0.0004449	-0.0004551	-0.0004032	-0.0003409	-0.000389	-0.0004296	-0.0002488	-0.0003632	-0.0004754
601.543	16623.93	-0.000273	-0.0003147	-0.0006994	-0.0002885	-0.0006012	-0.0002395	-0.0006753	-0.0005966	-0.0006516	-0.0007498	-0.0006899	-0.000821	-0.0005039	-0.0005838	-0.0006321	-0.0007231	-0.0005382	-0.0004682	-0.000445	-0.0006796	-0.0007755	-0.0007308	-0.0008107	-0.001063	-0.0006806	-0.0007385	-0.0005126	-0.0003786	-0.0003376	-0.0003943	-0.0006643
602.119	16608.00	-8.185E-5	-0.0003215	-5.896E-5	-0.000387	-0.0003199	-7.247E-5	-0.000462	-0.000296	-0.0003044	-0.000498	-0.0003882	-0.0005609	-0.0004864	-0.0005366	-0.000451	-0.0002868	-0.0003019	-0.0005264	-0.0007713	-0.0002488	-0.0005003	-0.0006037	-0.0006002	-0.0007003	-0.0005545	-0.0004248	-0.0004569	-0.0002551	-0.0009032	-0.0004479	-0.0003415
602.696	16592.11	-0.0003586	-0.0001475	-0.0001622	-0.0003325	-0.0002653	-0.0001562	-0.000546	-0.0005618	-0.0003569	-0.0004592	-0.0008111	-0.0003176	-0.0007436	-0.0006452	-0.0002889	-0.0006322	-0.0003951	-0.0007028	-0.0005254	-0.0004403	-0.0002761	-0.000386	-0.0003864	-0.0006576	-0.0005562	-0.0008951	-0.0007379	-0.0005013	-0.0006617	-0.0004104	-0.0007554
603.273	16576.25	-1.9E-5	-0.0001567	-0.000324	-0.0001989	-0.0003068	-0.0005365	-0.0005696	-0.0005339	-0.000612	-0.0004412	-0.0006837	-0.0004499	-0.0008028	-0.000727	-0.0007376	-0.000511	-0.0006657	-0.000529	-0.0006288	-0.000685	-0.0005921	-0.0006428	-0.0003933	-0.0006294	-0.0007398	-0.000937	-0.0007756	-0.0003829	-0.0007134	-0.0006376	-0.0007262
603.849	16560.42	-4.128E-5	5.868E-5	-0.0002616	-0.0004072	-0.0004181	-0.0006066	-0.0006789	-0.0006051	-0.0006048	-0.0005691	-0.0005058	-0.0005016	-0.000506	-0.0005431	-0.0004355	-0.0005011	-0.0005116	-0.0005303	-0.0006786	-0.0007197	-0.00069	-0.000552	-0.0004755	-0.0005916	-0.0005817	-0.000736	-0.0007915	-0.0006324	-0.0008286	-0.0006003	-0.0005609
604.426	16544.62	-0.00011	-0.0001967	-0.0002905	-0.0002433	-0.0007701	-0.000554	-0.0005696	-0.0004643	-0.0004963	-0.0007825	-0.0002449	-0.0004578	-0.0004351	-0.0005434	-0.0004149	-0.0006372	-0.0003334	-0.0007537	-0.0005049	-0.0005129	-0.0006111	-0.0007596	-0.000568	-0.0005668	-0.0003873	-0.0005329	-0.0005939	-0.000725	-0.0007221	-0.0005564	-0.0006658
605.003	16528.85	0.0003336	0.000279	7.231E-5	0.0001429	-0.000331	-4.326E-5	-0.0002625	-4.52E-5	-0.0003156	-0.0004595	-8.528E-5	-0.0002388	-0.0002665	-9.175E-5	6.082E-5	-0.0003085	-8.813E-5	-0.0001139	-7.378E-6	-0.0002048	-0.0002254	-0.0004416	9.081E-5	-0.0004033	-0.0003373	-0.0001922	-0.0003833	-0.000161	-0.0003085	-0.0002449	-0.0005209
605.580	16513.11	0.0003727	1.916E-5	0.0004142	-0.0001256	-1.889E-5	-0.0001512	-0.0001359	-0.0003485	-0.0005073	-0.0004615	-0.0005468	-0.0004276	-0.00049	-0.0003329	-0.0003896	-0.0004748	-2.919E-5	-0.0004409	-0.0001036	-0.0001757	-0.0004521	-0.0003294	-0.00016	-0.0004308	-0.0004085	-0.0003677	-0.0006563	-0.0003925	-0.0005698	-0.0004619	-0.0007222
606.156	16497.40	0.0004497	0.0002783	0.0002198	6.608E-5	-0.0001918	4.769E-5	7.081E-5	-9.058E-5	-0.0006994	-0.0004825	-0.0004463	-0.0005694	-0.0004978	-0.0004427	-0.0003821	-7.196E-5	-0.0003782	-0.0001449	2.878E-5	-5.77E-5	-0.0002988	-0.0001882	-0.0004079	-0.0004827	-0.0004973	-0.0009064	-0.0003709	-0.0004727	-0.000544	-0.0004844	-0.0005117
606.733	16481.71	0.0004448	0.0002682	0.000286	-0.0001668	0.0001664	-0.0001882	-0.000277	5.188E-6	-0.000288	-0.0006778	-0.0004243	-0.0003187	-0.0007762	-0.0003446	-0.0004218	-0.0001331	-0.0004354	-0.000351	-4.468E-5	-0.0002168	-0.0003542	-0.0003239	-0.000278	-0.0005791	-0.000547	-0.0007469	-0.0004442	-0.000828	-0.0003177	-0.0004427	-0.0006735
607.310	16466.06	9.731E-5	0.0004124	2.26E-5	1.005E-5	0.0001003	-0.0001431	-0.0002226	-0.0003826	-0.0003869	-0.0007088	-0.0005118	-0.0005017	-0.0004224	-0.0006519	-0.0003834	-0.0003591	-0.0003293	-0.0005292	-0.0004873	-0.0004974	-0.0003404	-0.000431	-0.0002768	-0.0006452	-0.0004822	-0.0005816	-0.0006596	-0.0007021	-0.0007282	-0.0005264	-0.0005686
607.886	16450.44	-0.0001281	2.323E-5	-0.0003056	-0.000438	-0.0004676	-0.0004173	-0.000467	-0.0004025	-0.0006424	-0.0004957	-0.0005259	-0.0007945	-0.0006278	-0.0008703	-0.000396	-0.0007093	-0.0003962	-0.0005602	-0.0005299	-0.0003909	-0.0006703	-0.0003389	-0.0004716	-0.0007316	-0.0005975	-0.0007431	-0.0008374	-0.000625	-0.0005911	-0.0005692	-0.001091
608.463	16434.85	0.0004149	0.0004229	0.0004351	4.111E-6	0.0001188	2.076E-5	0.0001878	0.0002948	3.619E-6	6.326E-5	1.99E-5	-0.000365	0.000172	-7.863E-5	0.000143	0.0001458	0.0002908	-3.538E-5	0.0004189	4.008E-5	0.0002309	-3.487E-5	6.489E-5	-0.000322	8.066E-6	-0.0003569	-2.761E-5	1.61E-5	-7.752E-5	5.07E-5	-0.0001112
609.040	16419.29	0.0002435	0.0001271	0.0002707	-8.33E-5	-2.353E-5	-0.0001445	-2.944E-6	-0.0001574	-0.0002644	-2.956E-5	-0.0002332	-0.000166	-0.0003264	-1.763E-5	-9.77E-6	-0.0003329	3.148E-5	-7.848E-5	6.608E-5	-6.644E-5	-0.0001948	-0.00044	-2.841E-5	-0.000569	-0.0002329	-0.0001909	-8.006E-5	1.679E-5	-0.0003045	-0.0005077	-7.592E-5
609.617	16403.75	-0.0001316	-0.000177	-0.0003244	-0.0004241	-0.0002705	-0.0006299	-0.000132	8.287E-5	-0.0003076	-0.0005071	-0.0005009	-0.0003301	-0.0003996	-0.0004916	-0.000521	-0.0005592	-0.0003544	-0.0001826	-0.0001641	-0.0001815	-0.0003646	-0.0004133	-0.0004735	-0.0006962	-0.0006377	-0.0003534	-0.0004371	-0.0002592	-0.0004409	-0.0002727	-0.0005012
610.193	16388.25	-0.0002341	-6.756E-5	-0.0001966	-0.0004634	-0.0002222	-0.0003446	-0.0003744	-0.0005358	-0.0003156	-0.0006056	-0.0004743	-0.0003123	-0.0002883	-0.0004973	-0.0001238	-0.0002867	-0.0005435	-0.0005825	-0.0004441	-0.0002948	-0.0003274	-0.0005105	-0.0006075	-0.0002827	-0.0002241	-0.0004401	-0.0002428	-0.0004917	-0.0003038	-0.0003542	-0.0002233
610.770	16372.78	0.0001244	0.0002467	-0.0005057	-0.0001195	-5.653E-6	-0.000234	-0.0003814	-0.0003689	-1.539E-5	-0.0001005	-6.606E-5	-0.0002233	-0.0002488	-0.0002229	-0.0002738	-0.0001921	-0.0002573	-0.000435	-0.0001912	-8.542E-5	-0.0001313	-0.0003762	-0.0002849	-3.078E-5	-0.0001102	-4.942E-6	3.481E-5	1.904E-5	-0.0003747	5.967E-5	-0.000346
611.347	16357.33	6.255E-5	-0.0002825	-0.0003263	-0.0005214	-0.000163	-0.0005456	-0.0003138	-0.0004714	-0.000198	-0.000349	-8.363E-5	7.388E-5	-0.0003075	-0.0003747	-9.837E-5	-0.000203	-0.0004428	-0.0004245	-0.0004544	-5.834E-5	-0.0004547	-0.0002134	-0.0003563	-0.0004383	-0.000526	-0.0004245	-9.433E-5	-0.0004148	-0.0003287	-0.0004319	-0.000383
611.923	16341.92	-0.0003371	-0.0001558	-0.0004218	-0.0004364	-0.0001943	-0.0006683	-0.0004956	-0.0004097	-0.0003079	-0.0004855	-0.000336	-0.0003142	-0.0003238	-0.0003867	-0.0005404	-0.0004107	-0.0003018	-0.0004685	-0.0007349	-0.0001918	-0.0004438	-0.0003272	-0.0003725	-0.0003045	-0.0003831	-0.0003017	-0.0002991	-0.0003558	-0.0005467	-0.0003314	-0.0007529
612.500	16326.53	0.0001999	-0.0001353	-0.0003902	-0.0003238	-0.000291	-0.0005189	-0.0003837	-0.0005784	-0.0002979	-0.0004893	-0.0004306	-0.0004385	-0.0006185	-0.000362	-0.0001204	-0.0001868	-0.0004406	-0.0005905	-0.0005318	-0.0004857	-0.0001311	-0.0004441	-0.0005266	-0.0003329	-0.000586	-0.0008426	-0.0005451	-0.00044	-0.0003762	-0.0005731	-0.0005703
613.077	16311.17	-6.434E-5	1.973E-6	-0.0002082	-0.0007736	-0.0005756	-0.0003053	-0.0003867	-0.0006965	-0.0007254	-6.056E-5	-0.0006263	-0.0004761	-0.0008539	-0.0006464	-4.231E-5	-0.000666	-0.00063	-0.0005611	-0.0005333	-0.0002934	-0.0005426	-0.0003691	-0.0004484	-0.0008814	-0.0003808	-0.0004388	-0.000398	-0.0006332	-0.0002188	-0.0007128	-0.0005488
613.653	16295.84	0.0001163	2.083E-5	0.0001026	-0.0003263	-0.0002149	-0.0003766	-0.0003073	-0.000381	-0.0005106	-3.804E-5	-0.0003387	-0.0004674	-0.0005594	-0.0001986	5.237E-6	-0.0005396	-0.0006005	-0.0004121	-0.0003516	-0.000174	-0.0004589	-0.0004482	-0.000336	-0.0003683	-0.0004499	-0.0002112	-0.0003372	-0.000427	-0.000335	-0.0001051	-0.0003085
614.230	16280.54	0.0003848	0.0002102	0.0003711	-0.000111	-0.000113	1.347E-5	1.25E-5	-0.0001057	-0.0002259	0.0001036	-9.01E-5	-0.0001935	-0.0001575	0.0002247	1.028E-6	6.289E-6	-0.000143	-0.0003638	-0.0001785	-0.0001929	-4.19E-5	-0.0002565	9.624E-5	-0.000165	2.073E-5	9.25E-5	-0.0001589	0.0001225	5.726E-5	5.584E-5	-0.000389
614.807	16265.27	-0.0001595	-0.000282	-0.0005143	-0.0002528	-0.0003518	-0.000419	-0.0006318	-0.0004178	-0.0002766	-0.000672	6.405E-7	-0.0001412	-0.0006596	-0.0003072	-0.0002541	-0.0004328	-0.0003958	-0.000492	-0.0005685	-0.0004574	-0.000452	-0.0003754	-0.0002492	-0.00044	-0.0004073	-0.00061	-0.0003667	-0.0003518	-0.0003707	-0.0002455	-0.0004193
615.384	16250.03	-0.0004002	-0.0002261	-0.0007081	-0.0005969	-0.0004401	-0.0003541	-0.000715	-0.000452	-0.0001902	-0.0002101	-7.028E-5	-0.0002088	-0.0005343	-0.0006511	-0.0005624	-0.0005194	7.249E-5	-0.0005283	-0.000672	-0.0005218	-0.0006369	-0.0005407	-0.0006511	-0.000515	-0.000654	-0.0003152	-0.0005594	-0.0003067	-0.0007884	-0.000647	-0.000561
615.960	16234.81	0.0002057	0.0001849	-0.0006039	-0.0003567	-0.0002217	-0.0005559	-0.000275	-0.0004101	-0.0001263	-0.0006288	-0.0002593	-0.000465	-0.0005808	-0.000386	-9.872E-5	-0.0002506	-0.0003463	-0.0005918	-0.0001481	-0.0004951	-3.223E-6	-0.0002891	-0.0005488	-0.0005471	-0.0003517	-0.0005411	-0.0003351	-0.0006222	-0.0001982	-0.0005093	-0.0006601
616.537	16219.63	0.0002157	0.0003789	-0.0001792	-4.309E-5	-0.0002427	-0.000378	-0.0004205	-0.0001539	3.172E-5	-0.0005333	-0.0001485	-0.0002619	-0.0004463	-0.0007025	-9.017E-5	-0.0001058	-9.436E-5	-0.0002894	-7.497E-5	-0.0004203	7.73E-6	-3.203E-5	-0.0004324	-0.0003176	-0.00031	-0.0003288	-0.00048	-0.0002769	-0.0004216	-0.0006276	-0.0005814
617.114	16204.47	0.000563	-0.0001112	5.465E-5	0.0002734	-0.0001794	3.764E-5	-0.0002458	-0.0001282	-3.116E-5	-0.0002653	-0.0003426	-0.0003166	-0.0004996	-0.0001979	-0.0004157	-0.0003551	-0.0003369	0.0003148	3.317E-5	-0.0002888	-0.0001885	-0.0002889	-0.0002843	-0.0004837	-0.0003582	9.576E-6	-0.0003525	-0.0006749	-0.0003248	-0.000709	-0.0002312
617.690	16189.34	-0.0001895	-0.0001907	-0.0008253	-0.000691	-0.0009736	-0.0007765	-0.001191	-0.001121	-0.001042	-0.001046	-0.001198	-0.0008839	-0.001492	-0.001041	-0.001319	-0.001071	-0.0007076	-0.0008225	-0.0006437	-0.0006104	-0.000973	-0.0008921	-0.0007554	-0.0009863	-0.001144	-0.00109	-0.001282	-0.001169	-0.001	-0.0006932	-0.001393
618.267	16174.24	5.685E-5	0.000244	-0.0003222	-0.0001754	-0.0002151	-0.0005166	-0.0002179	-0.0004278	-8.198E-5	-0.0004253	-0.0003985	-0.0001701	-0.0003784	-0.0003977	-9.784E-6	-0.0003644	0.0001785	-0.000119	-2.603E-5	-0.0001255	-0.0001106	-0.0001109	-0.0001931	-0.0004298	-0.0005256	-0.0005879	-0.0002794	-0.0002712	-0.000292	-0.0001965	-0.0002157
618.844	16159.16	-0.0002572	-0.0002267	-0.0002685	-0.0004495	-0.0006269	-0.0009531	-0.0006651	-0.0003405	-0.0004885	-0.0007414	-0.00077	-0.0006302	-0.0005965	-0.0008331	-0.0006618	-0.0004512	-0.000211	-0.0007407	-0.0005255	-0.0004827	-0.000755	-0.000307	-0.000395	-0.0007683	-0.0006294	-0.000972	-0.0009515	-0.0007884	-0.0006315	-0.001142	-0.0008684
619.421	16144.12	0.0001081	-0.0001347	-0.0001641	-0.0003892	-1.783E-5	-0.0002373	-0.0005158	-0.0004188	-0.0003276	-0.000318	-0.0005789	-0.0005607	-0.0006737	-0.0005693	-0.000357	-0.0005975	-0.000533	-0.0006253	-0.0001726	-0.0005955	-0.000611	-0.0005063	-0.0005038	-0.0004996	-0.0007143	-0.001053	-0.0005218	-0.0006595	-0.0004063	-0.0006359	-0.0007122
619.997	16129.10	-0.0001627	0.0001964	-0.0002212	-0.0003154	-0.0005168	-0.0006389	-0.0005109	-0.0005206	-0.0003788	-0.0003039	-0.0004944	-0.0006041	-0.0005142	-0.0005543	-0.0002992	-0.0002673	-0.000572	-0.0005633	-0.0003149	-0.0005837	-0.0007102	-0.0003434	-0.0003883	-0.0006135	-2.71E-5	-0.0006147	-0.0004553	-0.0006096	-0.0004399	-0.0004994	-0.0004702
620.574	16114.11	-0.0001452	-0.0004615	-0.0002442	-0.0005463	-0.0005778	-0.0007604	-0.001234	-0.0007947	-0.0008365	-0.0008998	-0.0007143	-0.0009635	-0.0005608	-0.0009757	-0.0003479	-0.001021	-0.0009471	-0.000934	-0.0005676	-0.0008448	-0.0007692	-0.0005212	-0.0005701	-0.000854	-0.0009128	-0.0008646	-0.0009148	-0.0009579	-0.0008827	-0.001092	-0.001124
621.151	16099.15	-7.644E-5	-0.0001868	-0.0001322	-0.0006758	-0.0006946	-0.0002106	-0.0008302	-0.0008206	-0.0003153	-0.0002062	-0.0006757	-0.000799	-0.0006167	-0.001079	-0.0005685	-0.0008549	-0.000498	-0.000398	-0.0004742	-0.0007958	-0.0008007	-0.0005178	-0.0004168	-0.0007529	-0.0005856	-0.0007071	-0.001161	-0.0005176	-0.0008836	-0.000608	-0.001152
621.727	16084.22	2.157E-5	-0.0001136	-2.565E-6	-0.0001726	-0.0006301	-0.0001285	-0.0006091	-0.0006798	-0.0003689	-0.0004164	-0.000855	-0.0006694	-0.001055	-0.001079	-0.0003429	-0.0007895	-0.0006086	-0.0004273	-0.0006702	-0.0005182	-0.0005494	-0.0006778	-0.0003138	-0.0008053	-0.001068	-0.001059	-0.0008971	-0.0007167	-0.0009965	-0.0006972	-0.00137
622.304	16069.31	0.0001843	0.0003411	0.0001042	-0.0001042	-0.0003825	-0.0004767	-0.0006752	-0.0006088	-0.0006435	-0.000684	-0.0008856	-0.0007146	-0.0008172	-0.0009875	-0.0007625	-0.0007163	-0.0005407	-0.0008952	-0.0005033	-0.0006556	-0.000615	-0.0008651	-0.0006489	-0.0008586	-0.0007831	-0.001183	-0.001039	-0.0007939	-0.001353	-0.001183	-0.001106
622.881	16054.43	0.0004119	-4.161E-5	-0.00015	-0.0005208	-0.0004245	-0.0005298	-0.000346	-0.0008399	-0.0004589	-0.0008574	-0.0006854	-0.0008591	-0.00111	-0.001066	-0.0007973	-0.0008435	-0.0008397	-0.0005031	-0.0004848	-0.0009075	-0.000798	-0.0006873	-0.0008101	-0.001006	-0.000719	-0.001269	-0.0007126	-0.001185	-0.001047	-0.001307	-0.001297
623.458	16039.58	-3.096E-5	6.525E-5	-0.0001329	-0.0003151	-0.0002271	-0.0007454	-0.0003292	-0.0005347	-0.0004659	-0.0007421	-0.0007558	-0.0008076	-0.0007894	-0.0004941	-0.0008271	-0.0007907	-0.0009209	-0.0006022	-0.0007446	-0.0006843	-0.0005845	-0.0009272	-0.0008726	-0.0004847	-0.001093	-0.0009218	-0.000665	-0.000708	-0.001127	-0.001002	-0.001012
624.034	16024.76	-0.0001687	0.0001219	-2.097E-5	2.126E-5	-2.939E-5	0.0001877	-0.0003729	-0.0003416	-7.408E-5	5.262E-5	-0.000466	-0.0006436	-0.0003365	-0.0004309	-0.0002547	-0.0004386	-0.0002654	-0.0002856	-0.0002325	-0.0003566	-0.0006129	-0.0004547	-0.0006219	-0.0004078	-0.0003378	-0.000306	-0.0008699	-0.0004202	-0.0003083	-0.000272	-0.0005174
624.611	16009.97	-0.0008318	-0.0003593	-0.0003483	-0.0002709	-0.0007831	-0.0006347	-0.0003943	-0.0003912	-0.0004124	-0.0004589	-0.0003679	-0.0005646	-0.0003604	-0.0005428	-0.0006645	-0.001163	-0.0005778	-0.0006117	-0.0006238	-0.0007902	-0.0008208	-0.0007743	-0.0005605	-0.0004671	-0.0005999	-0.0003218	-0.000769	-0.0005338	-0.0004856	-0.0006483	-0.0006076
625.188	15995.20	-0.0002935	3.615E-5	-0.0005408	-0.0002174	-0.0003072	-0.0005221	-0.0005884	-0.0003478	-0.0002041	-0.0003495	-0.0005122	-0.000707	-0.0005419	-0.0007705	-0.0006144	-0.0006269	-0.0006047	-0.0006201	-0.0003388	-0.0006763	-0.0006545	-0.0003776	-0.0001762	-0.0003904	-0.0004457	-0.0004726	-0.0005048	-0.0006336	-0.0004822	-0.0007058	-0.0005487
625.764	15980.46	-0.0005258	-0.0005463	-0.0004028	-0.0006895	-0.000439	-0.0006638	-0.0007585	-0.0005256	-0.0006466	-0.0006343	-0.0005662	-0.0009857	-0.0007441	-0.0008372	-0.0007291	-0.0006404	-0.0007275	-0.0009594	-0.0004961	-0.000765	-0.0008152	-0.0005602	-0.0004486	-0.0007398	-0.0007352	-0.0005593	-0.0007133	-0.0005531	-0.0008429	-0.00078	-0.0005924
626.341	15965.74	-0.0005057	-0.000451	-0.0004348	-0.0006142	-0.0006833	-0.0005988	-0.0006535	-0.0006217	-0.001018	-0.0008606	-0.0007947	-0.0004307	-0.0005885	-0.0006007	-0.0006183	-0.001006	-0.0007685	-0.0006328	-0.0006951	-0.0007492	-0.0007663	-0.000654	-0.0008654	-0.0007494	-0.0009994	-0.0009034	-0.0004319	-0.001009	-0.000972	-0.0008038	-0.001232
626.918	15951.05	-0.0002799	-0.000273	-0.0004484	-0.0005401	-0.0002651	-0.0006459	-0.0006432	-0.0003143	-0.0003552	-0.0003902	-0.0005797	-0.0006594	-0.0005736	-0.0004714	-0.0008784	-0.0006024	-0.0004587	-0.0006385	-0.0006944	-0.0004495	-0.0006062	-0.000799	-0.0004823	-0.0003827	-0.0009422	-0.0005216	-0.0009356	-0.0006094	-0.0009907	-0.0004695	-0.0009842
627.495	15936.39	-0.0005246	-4.578E-7	-0.0009884	-0.0007622	-0.0004438	-0.0006213	-0.0007352	-0.0007103	-0.0008579	-0.0004479	-0.0004507	-0.0007424	-0.0008492	-0.0009577	-0.0009022	-0.0008671	-0.0006833	-0.0008811	-0.0005286	-0.0008146	-0.0006884	-0.0008434	-0.0007533	-0.000845	-0.001198	-0.0006314	-0.001039	-0.00106	-0.0006262	-0.001213	-0.0005246
628.071	15921.76	-0.0003039	-0.0004285	-0.0007806	-0.0007701	-0.0007682	-0.0006046	-0.0009118	-0.000949	-0.0008261	-0.0007382	-0.0007243	-0.0007111	-0.0008917	-0.0009024	-0.001003	-0.001123	-0.0008815	-0.0007351	-0.0007188	-0.0006682	-0.0008029	-0.0007035	-0.0007595	-0.0008425	-0.001154	-0.0007749	-0.001205	-0.001151	-0.0008602	-0.001033	-0.0008042
628.648	15907.15	-7.697E-5	-3.033E-5	-0.0006607	-0.0005431	-0.0004799	-0.0004543	-0.0006035	-0.0003524	-0.0002504	-0.0006861	-0.0004112	-0.000917	-0.0006499	-0.0008755	-0.0003595	-0.0008926	-0.0004261	-0.0004087	-0.0006275	-0.0007066	-0.0006661	-0.0007603	-0.000379	-0.0004874	-0.000644	-0.000686	-0.0007199	-0.0008825	-0.0007852	-0.0009	-0.0007444
629.225	15892.58	0.0002764	0.0001696	-0.0002411	-0.0002438	-0.0005654	-0.0003887	-0.0001919	-0.0005206	-2.908E-5	-0.0004735	-0.0005478	-0.0004952	-0.0004023	-0.0003597	-0.0003001	-0.0002924	-0.0003388	-0.0005419	-0.0001625	-0.0004672	-0.0004724	-0.0003613	-0.0003422	-0.0004094	-0.0007574	-0.0005168	-0.0005418	-0.0007372	-0.0008839	-0.0004676	-0.0007179
629.801	15878.02	-5.762E-5	0.0001289	-0.0001278	-0.0002682	-0.0004963	-0.0006295	-0.0006321	-0.0004382	-0.0004635	-0.0004996	-0.0006397	-0.0003497	-0.0005539	-0.0006906	-0.0002311	-0.000407	-0.0004566	-0.0004504	-0.0004036	-0.0003668	-0.0006008	-0.0007787	-0.0007519	-0.0007087	-0.0008781	-0.0006649	-0.0005596	-0.0005432	-0.0007025	-0.0005016	-0.0008749
630.378	15863.50	-8.901E-5	-3.421E-5	-0.0001149	-0.0003156	-0.0002935	-0.0005167	-0.0002572	-0.0005346	-0.0004766	-0.0006441	-0.0007418	-0.0005863	-0.0003756	-0.000561	-0.000431	-0.0006339	-0.0005093	-0.0004392	-0.0005777	-0.0004279	-0.0007623	-0.0004437	-0.0005146	-0.0003929	-0.0007391	-0.000625	-0.0002516	-0.0007092	-0.0005056	-0.0003863	-0.0004251
630.955	15849.00	-8.785E-5	-0.0002843	-0.0005684	-0.0005262	-0.000927	-0.0006811	-0.0006808	-0.0006968	-0.0007188	-0.0005757	-0.0008426	-0.0004668	-0.000713	-0.0005286	-0.0001882	-0.0005094	-0.0003309	-0.0005929	-0.0007102	-0.0003578	-0.0006	-0.0002042	-0.0006438	-0.0007999	-0.0007893	-0.0008021	-0.0006106	-0.0007969	-0.0004088	-0.0008665	-0.0009274
631.531	15834.52	-8.473E-5	8.475E-5	-0.0005476	-0.0005551	-0.0005441	-0.0005362	-0.0007003	-0.0002054	-0.000504	-0.0007511	-0.000721	-0.0005779	-0.0004892	-0.0006374	-0.0005667	-0.0004986	-0.000366	-0.0007424	-0.0008253	-0.0004903	-0.0006475	-0.0005865	-0.0006492	-0.001116	-0.0005988	-0.000791	-0.0006203	-0.001018	-0.0006649	-0.00075	-0.00112
632.108	15820.08	-0.0002614	-8.781E-7	-0.000407	-0.0002652	-0.0007433	-0.0004998	-0.0008271	-0.000835	-0.0006478	-0.0006558	-0.0009658	-0.0003564	-0.0004383	-0.0004225	-0.0007169	-0.0005787	-0.000754	-0.0003998	-0.0004545	-0.0003023	-0.0005559	-0.0007008	-0.0006878	-0.0007931	-0.001015	-0.0007849	-0.0007673	-0.0008858	-0.0007486	-0.0007776	-0.0008281
632.685	15805.66	-0.0005037	-0.0001672	-0.0003322	-0.000468	-0.0006381	-0.0006773	-0.0005782	-0.0007007	-0.0007777	-0.0008452	-0.0008007	-0.0008223	-0.0004352	-0.0005477	-0.0008099	-0.0004748	-0.0004859	-0.0006949	-0.0007241	-0.0005554	-0.0008521	-0.0007171	-0.0008988	-0.0008884	-0.0009066	-0.001039	-0.0005146	-0.0008981	-0.001089	-0.001051	-0.001023
633.262	15791.26	-0.000435	5.069E-5	-0.0002122	-0.000149	-0.0001027	-0.0003145	-0.0002302	-0.0001889	-0.000412	-0.0001639	-0.000384	-0.0002908	-0.0002566	-0.000185	-0.000343	-0.0005012	-0.000226	-0.0006111	-0.0004204	-0.0003035	-0.0003894	-0.0008525	-0.0003923	-0.0005678	-0.0004277	-0.0004135	-0.0003074	-0.0004168	-0.000553	-0.0007193	-0.0004013
633.838	15776.89	-0.0003845	-0.00029	-0.0004418	-0.0005722	-0.0004365	-0.0007605	-0.0004266	-0.0004423	-0.0005177	-0.0005822	-0.0005519	-0.0006772	-0.0008212	-0.000522	-0.000647	-0.0007059	-0.0006652	-0.0005569	-0.0004063	-0.0006073	-0.000572	-0.0008223	-0.0006905	-0.0006739	-0.000689	-0.0005721	-0.0006917	-0.0005895	-0.000558	-0.0005949	-0.0008197
634.415	15762.55	-0.0004294	-0.0003733	-0.0004989	-0.0007953	-0.0004875	-0.0007334	-0.0008237	-0.0003263	-0.000733	-0.000889	-0.0004366	-0.0006228	-0.0008399	-0.00072	-0.0003634	-0.0008514	-0.0006864	-0.0006389	-0.0008835	-0.0007282	-0.0004434	-0.0008104	-0.0008932	-0.0006121	-0.0005969	-0.0006789	-0.0005422	-0.001133	-0.0005829	-0.0007224	-0.0006744
634.992	15748.24	-0.0001328	-0.0003109	-1.548E-5	-0.0003904	-0.0002583	-0.0003373	-0.0005041	-0.000247	-0.0005334	-0.0004677	-0.0004828	-0.0004356	-0.0005132	-0.0004348	-0.0004237	-0.000743	-0.0007435	-0.0004795	-0.0005548	-0.0004849	-0.0003683	-0.0003991	-0.0005153	-0.0006278	-0.0006962	-0.0005359	-0.000499	-0.0008585	-0.0004816	-0.0005549	-0.0006127
635.568	15733.95	-0.0006451	-0.0002454	-0.0002821	-0.0005881	-0.0005922	-0.0004896	-0.0007884	-0.0003184	-0.0006812	-0.0009916	-0.001048	-0.0008812	-0.0008359	-0.001246	-0.0006287	-0.00108	-0.000743	-0.001055	-0.0009994	-0.0009316	-0.0008939	-0.001061	-0.0008445	-0.001047	-0.00118	-0.00111	-0.0009334	-0.001169	-0.00115	-0.0009244	-0.001169
636.145	15719.68	-9.17E-5	-9.16E-5	-0.0006204	-0.0004886	-0.0004681	-0.0007349	-0.0007903	-0.000249	-0.0006137	-0.0003217	-0.0006808	-0.0004767	-0.001	-0.0007733	-0.0004456	-0.0006961	-0.0004596	-0.0007557	-0.0004883	-0.0004834	-0.0008775	-0.0009594	-0.0005684	-0.0008401	-0.0007622	-0.0007869	-0.000762	-0.000724	-0.0009003	-0.0007347	-0.0008937
636.722	15705.44	4.518E-5	-0.0001512	-0.00049	-0.0004748	-0.0003529	-0.0004346	-0.0004653	-0.0004575	-0.0004357	-0.0005386	-0.0005501	-0.0006266	-0.0006912	-0.0002485	-0.0005028	-0.0006698	-0.0005212	-0.0002868	-0.0005095	-0.0006565	-0.0007386	-0.0006423	-0.0007049	-0.0008043	-0.0006019	-0.0009789	-0.0004583	-0.0004694	-0.0006322	-0.0004781	-0.0008861
637.299	15691.23	0.0001289	-4.343E-5	-7.367E-5	-0.0001219	-0.0002272	-0.0005384	-0.0006129	4.008E-5	-0.0004339	-0.0001881	-0.0001796	-0.0003896	-0.0005393	-0.0005311	-0.0002122	-0.0002779	-0.000282	-0.0005755	-0.000414	-0.0005028	-0.0006337	-0.0002234	-0.0004492	-0.0005245	-0.000462	-0.0004508	-0.0002572	-0.0003055	-0.000501	-0.0003307	-0.0004963
637.875	15677.05	-0.0006936	-0.0003383	-0.0005585	-0.0006015	-0.0003221	-0.000773	-0.0006708	-0.000503	-0.0004689	-0.0005009	-0.0004971	-0.0003808	-0.0005139	-0.0005793	-0.0004862	-0.0008484	-0.0005401	-0.0005013	-0.0009465	-0.0008114	-0.0006246	-0.0007154	-0.0005107	-0.0008508	-0.0006078	-0.000827	-0.0005748	-0.0007652	-0.0009687	-0.0003287	-0.0006384
638.452	15662.88	-0.0006757	6.167E-5	-0.0003771	-0.0002417	-0.0001318	-0.0005669	-0.0005011	-0.0002499	-0.0002245	-0.0002928	-0.0002672	-0.0005511	-0.0004389	-0.0004173	-0.0003855	-0.0002367	-0.0001363	-0.0004878	-0.0006358	-0.0003253	-0.0003382	-0.0005685	-0.0003051	-0.0007387	-0.0002203	-0.0004559	-0.0003907	-0.0002341	-0.0004075	-0.0003424	-0.000505
639.029	15648.75	-0.0003488	-0.0002512	-0.0004218	-0.0005044	-0.0003094	-0.0009016	-0.0006931	-0.0006004	-0.0004098	-0.0003482	-0.0003125	-0.0006867	-0.0003532	-0.0007593	-0.0003747	-0.0007165	-0.000375	-0.0006443	-0.0005304	-0.0004671	-0.0004904	-0.0006243	-0.0005689	-0.0009847	-0.0006189	-0.0006283	-0.0006742	-0.0006032	-0.0004667	-0.0005343	-0.0005338
639.605	15634.64	-0.0005152	-0.0002784	-0.0001388	-0.000344	-0.0003778	-0.0004319	-0.0004974	-0.000611	-0.0005623	-0.0006987	-0.000552	-0.0005205	-0.0007143	-0.0008307	-0.0006806	-0.0008167	-0.0009032	-0.0007032	-0.0006058	-0.0005031	-0.0005152	-0.0007536	-0.0007183	-0.0006678	-0.0006511	-0.0007322	-0.0007803	-0.0008646	-0.0009347	-0.0006252	-0.0006807
640.182	15620.56	-0.0003799	-0.0002452	-0.0005698	-0.0006195	-0.0007373	-0.0009351	-0.0006278	-0.0007121	-0.0006781	-0.0008379	-0.0008697	-0.00114	-0.0006521	-0.001014	-0.0007782	-0.0009285	-0.0007715	-0.0007377	-0.0006356	-0.0008597	-0.0009847	-0.0008221	-0.0009026	-0.0009201	-0.001225	-0.001007	-0.000492	-0.0006134	-0.001228	-0.0009446	-0.001236
640.759	15606.50	-0.000181	-0.0001942	-0.0005289	-0.00056	-0.0007915	-0.0007005	-0.0006392	-0.000675	-0.00063	-0.0007078	-0.0008971	-0.0009009	-0.0007779	-0.0009339	-0.0007765	-0.0006315	-0.0005879	-0.0007211	-0.0005213	-0.0007777	-0.0006431	-0.000721	-0.0008276	-0.001053	-0.0006631	-0.001063	-0.0007348	-0.0008745	-0.0007755	-0.0008466	-0.001128
641.336	15592.46	-0.0002422	-0.0001165	-0.0007243	-0.0005812	-0.0006409	-0.0007186	-0.001004	-0.0006925	-0.0009743	-0.0009028	-0.0009087	-0.0009758	-0.0009612	-0.001087	-0.0008212	-0.0006471	-0.0007524	-0.0007243	-0.000425	-0.0006977	-0.0007228	-0.0009654	-0.0008392	-0.000937	-0.0008742	-0.001185	-0.0009909	-0.0008133	-0.0007647	-0.0005863	-0.00112
641.912	15578.45	-7.874E-5	-5.327E-5	-0.0001581	-0.0004864	-0.0004864	-0.0005632	-0.0005386	-0.0004091	-0.000649	-0.0004672	-0.0007417	-0.0007242	-0.0006467	-0.0008755	-0.0006022	-0.0005562	-0.0005114	-0.0003991	-0.0003414	-0.0006284	-0.0004854	-0.0007672	-0.0004655	-0.0008059	-0.0009741	-0.0008199	-0.0005677	-0.0005674	-0.0008422	-0.0001617	-0.0009979
642.489	15564.47	-7.302E-5	-5.662E-5	-0.0001356	-0.0005395	-0.0003322	-0.0006399	-0.0003825	-0.0004203	-0.0002883	-0.0004845	-0.0005923	-0.00048	-0.0006285	-0.0007725	-0.0006207	-0.0005718	-0.0002495	-0.000207	-0.0004199	-0.000651	-0.0002225	-0.0007801	-0.0006169	-0.0005263	-0.0005691	-0.0006728	-0.0005269	-0.0006307	-0.0008004	-0.0005985	-0.0008009
643.066	15550.51	-0.0004578	-0.0003554	-0.0007785	-0.0007591	-0.0005034	-0.0005833	-0.000917	-0.0007189	-0.0005324	-0.000542	-0.0009023	-0.0008711	-0.0007096	-0.0008049	-0.000634	-0.0006849	-0.0006299	-0.0004455	-0.0006838	-0.0007393	-0.0004411	-0.0008776	-0.0007529	-0.0007231	-0.000644	-0.0007248	-0.0009662	-0.0008422	-0.0009006	-0.0009585	-0.0009134
643.642	15536.58	-0.0004527	-0.0004483	-0.000969	-0.0006544	-0.0007211	-0.0005715	-0.0008879	-0.000777	-0.0008864	-0.0008488	-0.001004	-0.0009638	-0.0007841	-0.0008165	-0.0008804	-0.0006971	-0.001006	-0.0005991	-0.0009391	-0.0009196	-0.0006238	-0.0009357	-0.0006028	-0.000759	-0.0009024	-0.0008321	-0.0007044	-0.0008182	-0.0007861	-0.0009708	-0.0007746
644.219	15522.67	-0.0005494	-0.0003004	-0.0007218	-0.0004849	-0.0005186	-0.0007404	-0.0009178	-0.0006467	-0.0008108	-0.0007438	-0.0006674	-0.0006593	-0.0007816	-0.0008744	-0.000528	-0.0006159	-0.001068	-0.001016	-0.0007924	-0.0008066	-0.0004579	-0.000709	-0.0007717	-0.0006437	-0.0009557	-0.0007029	-0.0007337	-0.0005957	-0.0008581	-0.0008251	-0.0007046
644.796	15508.79	-0.0009005	-0.0009264	-0.0009127	-0.001129	-0.0009414	-0.00118	-0.0009088	-0.0008779	-0.0009068	-0.001159	-0.001004	-0.001076	-0.0009464	-0.00127	-0.0008144	-0.00116	-0.001144	-0.001126	-0.0008376	-0.0008449	-0.0007444	-0.0011	-0.001272	-0.001141	-0.001349	-0.001166	-0.0008784	-0.001208	-0.001254	-0.0009801	-0.001112
645.373	15494.93	-0.001026	-0.001034	-0.0009483	-0.001083	-0.0011	-0.001001	-0.000913	-0.0009916	-0.00101	-0.0009995	-0.0009586	-0.001281	-0.001105	-0.001119	-0.0009755	-0.001117	-0.001184	-0.001052	-0.001103	-0.0008857	-0.001163	-0.0009809	-0.001328	-0.001209	-0.001119	-0.001125	-0.001085	-0.001162	-0.001338	-0.0008883	-0.001326
645.949	15481.09	-0.0008654	-0.0006144	-0.001014	-0.001085	-0.000705	-0.0009321	-0.0006631	-0.0008516	-0.0008516	-0.0007637	-0.0007222	-0.0008706	-0.0009203	-0.0007255	-0.0007824	-0.0009106	-0.0008304	-0.0006943	-0.0009748	-0.0008522	-0.001072	-0.0009837	-0.0009209	-0.001096	-0.0008606	-0.0007377	-0.0008657	-0.0008135	-0.001039	-0.0007404	-0.0009879
646.526	15467.28	-0.000854	-0.0005024	-0.0007171	-0.0007596	-0.000863	-0.0009517	-0.0006806	-0.0006587	-0.0006381	-0.0008518	-0.0009053	-0.001052	-0.001154	-0.0007947	-0.0008551	-0.0008396	-0.0009076	-0.0009452	-0.0006883	-0.001056	-0.0007898	-0.001162	-0.0009209	-0.0009076	-0.0009088	-0.0006028	-0.0007699	-0.0008971	-0.0008841	-0.0006698	-0.0008838
647.103	15453.50	-0.0005911	-0.0005202	-0.0007581	-0.0006974	-0.0008454	-0.000702	-0.000695	-0.0009384	-0.000734	-0.0006472	-0.0007018	-0.0009818	-0.001108	-0.0009994	-0.0007252	-0.0008739	-0.0008472	-0.001012	-0.0008545	-0.0009622	-0.0008414	-0.001028	-0.0009594	-0.000717	-0.0009223	-0.0008389	-0.0006454	-0.001042	-0.0006666	-0.0007689	-0.001053
647.679	15439.74	-0.0005385	-0.0006056	-0.001123	-0.000815	-0.001123	-0.00108	-0.001032	-0.0009304	-0.0009555	-0.0008716	-0.0008513	-0.0009557	-0.0009459	-0.0008271	-0.000824	-0.001131	-0.0009034	-0.0009265	-0.0009127	-0.001025	-0.001061	-0.0008219	-0.0009853	-0.001183	-0.0007407	-0.001131	-0.001081	-0.00102	-0.0007831	-0.0008539	-0.001068
648.256	15426.00	-0.0002946	-0.0002867	-0.0005585	-0.0002796	-0.0004927	-0.0007814	-0.0005141	-0.0004447	-0.000329	-0.0003218	-0.0005717	-0.000766	-0.0005537	-0.000415	-0.0002981	-0.0006429	-0.000315	-0.0005656	-0.0004705	-0.0007037	-0.0004621	-0.0005448	-0.0005567	-0.0008134	-0.000567	-0.0007908	-0.0007065	-0.0005964	-0.0005019	-0.0003852	-0.0005625
648.833	15412.29	-0.0002706	-0.0004571	-0.0005203	-0.0005712	-0.0004987	-0.0008013	-0.0005347	-0.0004793	-0.0007411	-0.0008107	-0.001061	-0.000817	-0.0007547	-0.0007446	-0.0004711	-0.0007995	-0.0002686	-0.0007629	-0.0006306	-0.0008129	-0.0005318	-0.0007304	-0.0006374	-0.0007715	-0.000879	-0.0008248	-0.0007793	-0.0008732	-0.0006571	-0.0006412	-0.0007073
649.409	15398.61	-0.0002042	-0.0001859	-0.0004877	-0.0007257	-0.0001807	-0.0004809	-0.0006452	-0.0007298	-0.0008252	-0.000579	-0.0008583	-0.0005393	-0.0008795	-0.0007154	-0.0005748	-0.0006396	-0.0006829	-0.0008228	-0.0005766	-0.0007959	-0.0007641	-0.000522	-0.0008101	-0.0009269	-0.0007426	-0.0007134	-0.0006903	-0.0007234	-0.0007215	-0.0008213	-0.001225
649.986	15384.94	-0.0007878	-0.0001188	-0.0004413	-0.0007916	-0.0004817	-0.0006466	-0.0007339	-0.0006771	-0.0007315	-0.0005353	-0.0007366	-0.0002644	-0.0007456	-0.0006948	-0.0009231	-0.0007608	-0.0009962	-0.001001	-0.0005678	-0.0005062	-0.0007825	-0.0004938	-0.0006931	-0.0009211	-0.0006876	-0.0006299	-0.0006284	-0.0007723	-0.0007718	-0.0006477	-0.0009372
650.563	15371.30	-0.001017	-0.0002883	-0.000935	-0.001031	-0.0007949	-0.001053	-0.0009902	-0.0008593	-0.000683	-0.000613	-0.0008287	-0.0007852	-0.0008911	-0.0008806	-0.001118	-0.001107	-0.0009634	-0.001177	-0.00114	-0.0006269	-0.0007684	-0.000859	-0.0008964	-0.00129	-0.0009453	-0.0007632	-0.0007536	-0.0007531	-0.0008759	-0.000809	-0.001179
651.140	15357.69	-0.0008665	-0.0004035	-0.0009574	-0.0009705	-0.001009	-0.001016	-0.001044	-0.0008063	-0.000774	-0.0007719	-0.0009055	-0.0007985	-0.0007157	-0.000764	-0.001061	-0.0008492	-0.001083	-0.001076	-0.000851	-0.0007785	-0.0007683	-0.0008372	-0.0007912	-0.0009829	-0.0007804	-0.0008518	-0.0008907	-0.0007455	-0.0006649	-0.000909	-0.001162
651.716	15344.10	-0.000712	-0.0006042	-0.0004816	-0.0003341	-0.0008062	-0.0007782	-0.0006533	-0.0007361	-0.0007586	-0.0004497	-0.0006802	-0.0006623	-0.0004337	-0.000625	-0.0007191	-0.0007198	-0.0008995	-0.000695	-0.0005651	-0.0004146	-0.0005977	-0.0008955	-0.0005732	-0.0005297	-0.0004899	-0.0006476	-0.0008209	-0.0005889	-0.0006661	-0.000399	-0.0008582
652.293	15330.53	-0.000503	-0.0005714	-0.0005261	-0.0003764	-0.0005618	-0.0006284	-0.0006771	-0.0005926	-0.0008172	-0.0006754	-0.0006926	-0.0006639	-0.0006279	-0.0007383	-0.0007696	-0.0008068	-0.0007103	-0.0006559	-0.0005702	-0.0005291	-0.0005443	-0.0006782	-0.0004727	-0.0006653	-0.0006745	-0.000829	-0.0009569	-0.0007819	-0.0007742	-0.0006611	-0.0008276
652.870	15316.99	-0.0004113	-0.0001815	-0.0003072	-0.0003394	-0.0004434	-0.0003389	-0.0009598	-0.0006435	-0.0006615	-0.0007047	-0.0006025	-0.0008176	-0.0004669	-0.0008715	-0.0004567	-0.0007358	-0.0004974	-0.00057	-0.0005821	-0.0005762	-0.0006005	-0.0006434	-0.0006948	-0.0007461	-0.0007371	-0.000732	-0.0005987	-0.0007279	-0.0007962	-0.0009412	-0.0008783
653.446	15303.47	-0.0003374	-0.0002098	-0.0004691	-0.0005381	-0.0007148	-0.0004203	-0.0007689	-0.0006946	-0.0006862	-0.0007477	-0.00052	-0.0006497	-0.0005263	-0.0009359	-0.0004332	-0.000785	-0.000615	-0.0003895	-0.0005086	-0.0006018	-0.0008515	-0.0006553	-0.0007674	-0.0006286	-0.0006921	-0.0007549	-0.0005228	-0.001028	-0.0008938	-0.0007079	-0.001041
654.023	15289.98	-0.0004438	-0.0004231	-0.0005601	-0.0003859	-0.0007728	-0.0006391	-0.0007113	-0.0007581	-0.0005472	-0.0007051	-0.000594	-0.0007177	-0.0005655	-0.0006574	-0.0005974	-0.0005906	-0.0005662	-0.0004431	-0.0003797	-0.0005844	-0.000794	-0.000705	-0.0006978	-0.0006291	-0.0007151	-0.000715	-0.000674	-0.0008149	-0.0008946	-0.0004716	-0.0009006
654.600	15276.51	-0.0003645	-0.0004162	-0.0003486	-0.0004932	-0.0006493	-0.0002575	-0.0005638	-0.0005644	-0.0006559	-0.0003332	-0.0005912	-0.0008705	-0.0006507	-0.0004615	-0.0008303	-0.0007639	-0.0003816	-0.0004443	-0.0002552	-0.0005784	-0.0004415	-0.0007411	-0.0006784	-0.000677	-0.0009793	-0.0007536	-0.0007155	-0.0008764	-0.0007141	-0.0006277	-0.0009873
655.177	15263.06	-0.0005319	-0.0006469	-0.0004456	-0.0003735	-0.0008767	-0.0006513	-0.000543	-0.0007837	-0.0009287	-0.000339	-0.0007891	-0.0007793	-0.001005	-0.0009196	-0.0009842	-0.0007747	-0.0005969	-0.0005943	-0.0006738	-0.0008166	-0.000622	-0.0009737	-0.000778	-0.000958	-0.00101	-0.001007	-0.001184	-0.001025	-0.00114	-0.001058	-0.001109
655.753	15249.64	-0.001298	-0.00139	-0.00113	-0.001141	-0.00129	-0.001216	-0.001186	-0.00127	-0.001394	-0.000999	-0.001173	-0.0009942	-0.001296	-0.001371	-0.001303	-0.001208	-0.001221	-0.001359	-0.001335	-0.001265	-0.001174	-0.001359	-0.00131	-0.001413	-0.001356	-0.001276	-0.001407	-0.001316	-0.001369	-0.001321	-0.001412
656.330	15236.24	-0.001099	-0.001267	-0.001056	-0.001329	-0.001271	-0.001064	-0.0009906	-0.001185	-0.001233	-0.001015	-0.00109	-0.001022	-0.0009761	-0.001057	-0.001106	-0.001015	-0.001303	-0.001323	-0.001283	-0.001171	-0.001137	-0.001377	-0.001194	-0.001191	-0.001501	-0.001253	-0.001214	-0.001192	-0.001085	-0.001036	-0.001249
656.907	15222.86	-0.0009563	-0.0009812	-0.001017	-0.001245	-0.00117	-0.001075	-0.0009294	-0.001115	-0.00135	-0.001221	-0.001149	-0.001286	-0.001014	-0.001109	-0.001319	-0.001083	-0.001324	-0.00128	-0.00121	-0.001278	-0.001258	-0.001419	-0.001313	-0.001111	-0.001529	-0.001426	-0.001287	-0.001011	-0.001294	-0.001231	-0.001173
657.483	15209.51	-0.0009041	-0.000742	-0.0009248	-0.001007	-0.001089	-0.0008723	-0.001002	-0.0008044	-0.001105	-0.001179	-0.0009387	-0.001213	-0.001052	-0.00112	-0.0009742	-0.001162	-0.001131	-0.001178	-0.001039	-0.001148	-0.0009462	-0.001231	-0.001076	-0.001171	-0.001233	-0.001256	-0.001158	-0.0009351	-0.001064	-0.0009728	-0.000905
658.060	15196.18	-0.0007856	-0.0009084	-0.0006778	-0.0009593	-0.0009087	-0.001138	-0.001297	-0.0009632	-0.001255	-0.001378	-0.00122	-0.001349	-0.00153	-0.001336	-0.001123	-0.001326	-0.001344	-0.001448	-0.00104	-0.001246	-0.001081	-0.001374	-0.001052	-0.001438	-0.001576	-0.001633	-0.001353	-0.001332	-0.001101	-0.001519	-0.001357
658.637	15182.87	-0.0004485	-0.0004002	-0.0008043	-0.0007555	-0.0007831	-0.0008571	-0.0008791	-0.001015	-0.0009254	-0.001088	-0.001165	-0.001179	-0.00119	-0.001139	-0.001058	-0.0009898	-0.001027	-0.001123	-0.0009142	-0.000838	-0.001042	-0.000949	-0.0009987	-0.001279	-0.001479	-0.001368	-0.001095	-0.000862	-0.001104	-0.00142	-0.001383
659.214	15169.59	-0.000374	-0.0003493	-0.0006507	-0.0006232	-0.0007658	-0.0006768	-0.0006965	-0.0007644	-0.0009761	-0.0008482	-0.000809	-0.0009684	-0.0008956	-0.0009908	-0.0008468	-0.0006311	-0.0007693	-0.0009024	-0.0009691	-0.0008108	-0.0008176	-0.000846	-0.000825	-0.00107	-0.001109	-0.0009184	-0.001204	-0.0009657	-0.001171	-0.001177	-0.0009276
659.790	15156.33	-0.00065	-0.0008765	-0.0006051	-0.0009115	-0.001074	-0.0009249	-0.001306	-0.0007843	-0.0007967	-0.000938	-0.001002	-0.001098	-0.001227	-0.001222	-0.001057	-0.0009741	-0.001219	-0.001056	-0.001034	-0.001121	-0.00096	-0.001271	-0.001223	-0.001099	-0.001131	-0.001145	-0.001336	-0.001214	-0.001274	-0.001273	-0.001063
660.367	15143.10	-0.0005094	-0.0005474	-0.0006283	-0.001058	-0.0009567	-0.0009926	-0.001273	-0.0009498	-0.0007692	-0.001029	-0.000977	-0.001105	-0.001115	-0.001105	-0.001032	-0.001364	-0.001259	-0.0008442	-0.0008564	-0.001092	-0.001101	-0.001144	-0.001247	-0.00112	-0.0009645	-0.0009976	-0.001228	-0.001189	-0.001151	-0.0009577	-0.001017
660.944	15129.88	-0.0007169	-0.0003305	-0.0009454	-0.0009492	-0.000781	-0.001028	-0.001011	-0.001	-0.001021	-0.001159	-0.0009646	-0.0008957	-0.0009848	-0.001184	-0.0008733	-0.00123	-0.001218	-0.0007865	-0.0008541	-0.001131	-0.001023	-0.001008	-0.0009845	-0.001156	-0.001083	-0.001089	-0.001238	-0.001001	-0.0009685	-0.0009465	-0.001206
661.520	15116.69	-0.0009004	-0.0008057	-0.001213	-0.001078	-0.00119	-0.0009741	-0.000937	-0.001038	-0.0009144	-0.001147	-0.001009	-0.0009179	-0.001287	-0.001139	-0.0009582	-0.001163	-0.001318	-0.0009793	-0.001029	-0.0012	-0.001204	-0.001249	-0.0009646	-0.0009417	-0.001337	-0.0009965	-0.001015	-0.001152	-0.001022	-0.001014	-0.0012
662.097	15103.53	-0.0006524	-0.0005871	-0.000933	-0.0009589	-0.001138	-0.0008874	-0.0009687	-0.0009102	-0.000923	-0.0007962	-0.0006802	-0.000847	-0.001151	-0.0009816	-0.000827	-0.0009627	-0.000973	-0.001095	-0.0008431	-0.0007557	-0.0008945	-0.001003	-0.001037	-0.0009633	-0.0007989	-0.0008645	-0.0007631	-0.001058	-0.001123	-0.0009868	-0.001096
662.674	15090.38	-0.0002941	-0.0001439	-0.0006239	-0.0006802	-0.0007823	-0.0005153	-0.0007091	-0.0008655	-0.0008706	-0.0009339	-0.0007217	-0.0008202	-0.0008557	-0.0008933	-0.0007289	-0.0008474	-0.0007556	-0.0007525	-0.0006203	-0.0005648	-0.0006177	-0.0005937	-0.0007262	-0.001003	-0.0006258	-0.0009933	-0.0009471	-0.0008707	-0.001017	-0.0008869	-0.0009308
663.250	15077.26	-5.998E-5	0.0003708	-0.0003215	-0.0003206	-0.0004933	-0.0006462	-0.0005511	-0.0007167	-0.0007501	-0.0006802	-0.0005602	-0.0007193	-0.0006805	-0.0006998	-0.000717	-0.0007159	-0.0005356	-0.0002942	-0.0004095	-0.0003564	-0.0005797	-0.0004666	-0.0003923	-0.0007842	-0.0007107	-0.001255	-0.0008483	-0.0009084	-0.0008546	-0.0008947	-0.001059
663.827	15064.16	-0.0001935	-3.721E-5	-0.0004523	-0.0006037	-0.0006557	-0.00104	-0.00083	-0.0008651	-0.0008882	-0.0008901	-0.0008373	-0.0008024	-0.001015	-0.0009535	-0.001001	-0.0008117	-0.0005932	-0.0005042	-0.0004771	-0.0005537	-0.0006083	-0.001092	-0.0007604	-0.0008406	-0.001171	-0.001163	-0.0009797	-0.001109	-0.001117	-0.0009715	-0.001297
664.404	15051.09	-0.000192	-0.0002479	-0.0005685	-0.0007906	-0.0007717	-0.0007704	-0.0008097	-0.0009323	-0.0009218	-0.001259	-0.0009246	-0.000865	-0.0009871	-0.0007303	-0.001059	-0.0008876	-0.0007691	-0.0007335	-0.000668	-0.0009276	-0.0006097	-0.001136	-0.0009808	-0.001009	-0.001156	-0.0009088	-0.001136	-0.001266	-0.001237	-0.001165	-0.001326
664.981	15038.03	-0.0002024	-0.0004161	-0.0006409	-0.000781	-0.0007873	-0.001016	-0.0007974	-0.0008311	-0.0009083	-0.001178	-0.000871	-0.001071	-0.0007458	-0.0007217	-0.001059	-0.0009833	-0.0008994	-0.0008754	-0.0008176	-0.001181	-0.0007086	-0.0007482	-0.001005	-0.001172	-0.001048	-0.0009499	-0.001218	-0.001183	-0.00128	-0.001179	-0.001214
665.557	15025.00	-0.0005517	-0.0005501	-0.0009179	-0.0009165	-0.0009043	-0.001096	-0.0009462	-0.0008434	-0.0009261	-0.001106	-0.001052	-0.001095	-0.000853	-0.0009902	-0.001093	-0.001009	-0.0008595	-0.001113	-0.0007611	-0.001118	-0.0009155	-0.001041	-0.001073	-0.001255	-0.001163	-0.000993	-0.001387	-0.001187	-0.001255	-0.001128	-0.001162
666.134	15011.99	-0.0005013	-0.0003892	-0.0008935	-0.001085	-0.0009851	-0.001005	-0.001049	-0.000923	-0.001035	-0.001086	-0.0009145	-0.001107	-0.001045	-0.001226	-0.001081	-0.001046	-0.0008789	-0.001193	-0.0008551	-0.00121	-0.001183	-0.001179	-0.001201	-0.001181	-0.00126	-0.001132	-0.001455	-0.001276	-0.001209	-0.001251	-0.001187
666.711	14999.01	-0.0005093	-0.0005749	-0.0009874	-0.001088	-0.001249	-0.001225	-0.001241	-0.00125	-0.001318	-0.001268	-0.001193	-0.001455	-0.001234	-0.001629	-0.001225	-0.001084	-0.001306	-0.001338	-0.001116	-0.00141	-0.001338	-0.001347	-0.001309	-0.001483	-0.001498	-0.001307	-0.001372	-0.00166	-0.001503	-0.00133	-0.001491
667.287	14986.05	-0.0005062	-0.0006138	-0.0009927	-0.001127	-0.001165	-0.001017	-0.001321	-0.001379	-0.001262	-0.001132	-0.001332	-0.001252	-0.00119	-0.001501	-0.00123	-0.001271	-0.001349	-0.001073	-0.001242	-0.001393	-0.001173	-0.001374	-0.0009429	-0.001439	-0.001356	-0.001424	-0.00123	-0.001477	-0.001279	-0.00125	-0.001531
667.864	14973.10	-0.0007668	-0.0005086	-0.0008226	-0.0008901	-0.000828	-0.0009446	-0.001032	-0.0009976	-0.0009384	-0.0008504	-0.000997	-0.0009558	-0.001069	-0.0009874	-0.0007498	-0.001094	-0.001134	-0.0009994	-0.001034	-0.00103	-0.0008817	-0.001296	-0.0008886	-0.0008443	-0.001059	-0.00126	-0.001225	-0.001116	-0.0008829	-0.001019	-0.001341
668.441	14960.19	-0.0007769	-0.0007219	-0.000862	-0.0008503	-0.0008318	-0.001091	-0.0007702	-0.0008354	-0.0007983	-0.0008964	-0.0009506	-0.0009649	-0.0009329	-0.0008599	-0.0008748	-0.0008802	-0.001064	-0.001207	-0.0009903	-0.001027	-0.0009724	-0.001122	-0.000961	-0.0009347	-0.0009931	-0.001136	-0.00111	-0.0009841	-0.0008674	-0.00105	-0.0008526
669.018	14947.29	-0.000573	-0.0006187	-0.0008102	-0.0009513	-0.000785	-0.0009555	-0.0008653	-0.0007494	-0.0006797	-0.000944	-0.001006	-0.001196	-0.0009195	-0.001165	-0.00101	-0.0008581	-0.001178	-0.001285	-0.001136	-0.001151	-0.001173	-0.001103	-0.001069	-0.001168	-0.001091	-0.001265	-0.001198	-0.001135	-0.001065	-0.001089	-0.0009664
669.594	14934.42	-0.0004222	-0.0003417	-0.0005767	-0.0006768	-0.0006096	-0.0007615	-0.0007695	-0.000698	-0.0004862	-0.0005332	-0.0008355	-0.0009202	-0.0008592	-0.00104	-0.0008713	-0.0007488	-0.001192	-0.001106	-0.0009505	-0.001121	-0.0009472	-0.001025	-0.000873	-0.0008721	-0.0009576	-0.001081	-0.001079	-0.0009584	-0.0008372	-0.0007929	-0.001029
670.171	14921.56	-0.0007159	-0.0006557	-0.0007076	-0.001032	-0.0009175	-0.0008842	-0.001046	-0.0008668	-0.0006676	-0.0008953	-0.0009992	-0.001047	-0.001123	-0.0009928	-0.001272	-0.001042	-0.001298	-0.001387	-0.001193	-0.001224	-0.001028	-0.001213	-0.001219	-0.000941	-0.001248	-0.001119	-0.001235	-0.001168	-0.0009414	-0.001169	-0.001184
670.748	14908.74	-0.0008437	-0.0006585	-0.0006118	-0.001028	-0.0009223	-0.001093	-0.001232	-0.001128	-0.0009274	-0.001262	-0.0009671	-0.001293	-0.001104	-0.001351	-0.001353	-0.001056	-0.00106	-0.001378	-0.001259	-0.001151	-0.001411	-0.001341	-0.001291	-0.001331	-0.001361	-0.001311	-0.001282	-0.001304	-0.001259	-0.001209	-0.001247
671.324	14895.93	-0.0006642	-0.0005607	-0.0006753	-0.0009012	-0.000608	-0.001102	-0.0008312	-0.001064	-0.001014	-0.001367	-0.001129	-0.00107	-0.001172	-0.001291	-0.001251	-0.001179	-0.0008895	-0.001039	-0.001038	-0.001183	-0.001292	-0.001156	-0.001127	-0.00121	-0.00123	-0.001437	-0.00107	-0.001423	-0.001493	-0.001267	-0.001402
671.901	14883.14	-0.0006935	-0.0007708	-0.001237	-0.001046	-0.0009938	-0.001273	-0.001107	-0.001318	-0.00141	-0.001418	-0.0012	-0.00112	-0.00146	-0.00146	-0.001531	-0.001545	-0.001277	-0.001183	-0.001085	-0.00148	-0.001429	-0.001404	-0.001383	-0.001367	-0.001584	-0.00149	-0.001464	-0.001683	-0.001709	-0.001562	-0.001722
672.478	14870.38	-0.0009255	-0.001165	-0.001348	-0.001356	-0.00141	-0.001391	-0.001482	-0.001613	-0.001689	-0.001252	-0.001542	-0.001567	-0.001741	-0.001685	-0.001577	-0.001689	-0.001606	-0.001597	-0.001588	-0.001588	-0.001756	-0.001681	-0.001636	-0.001592	-0.001985	-0.00175	-0.00167	-0.001682	-0.00194	-0.001789	-0.002017
673.055	14857.64	-0.0008082	-0.0008592	-0.00102	-0.001253	-0.001387	-0.001113	-0.001496	-0.001658	-0.001877	-0.001296	-0.001605	-0.001505	-0.001614	-0.001578	-0.001502	-0.001489	-0.001365	-0.001481	-0.001266	-0.001328	-0.001644	-0.001815	-0.001319	-0.001471	-0.001878	-0.001842	-0.001721	-0.001638	-0.00187	-0.001759	-0.001878
673.631	14844.92	-0.0007897	-0.0008312	-0.001283	-0.001342	-0.001559	-0.001308	-0.00134	-0.001427	-0.001687	-0.001427	-0.00155	-0.001319	-0.001526	-0.001376	-0.00154	-0.001606	-0.001446	-0.001297	-0.0009955	-0.001369	-0.001659	-0.001834	-0.001372	-0.001598	-0.001655	-0.001672	-0.001656	-0.001732	-0.001487	-0.001621	-0.001651
674.208	14832.22	-0.000872	-0.0009065	-0.001476	-0.00136	-0.001495	-0.001403	-0.001456	-0.001182	-0.001556	-0.001353	-0.001376	-0.00134	-0.001429	-0.00146	-0.00157	-0.001442	-0.001448	-0.001492	-0.001183	-0.001448	-0.001552	-0.00159	-0.001567	-0.001673	-0.001412	-0.001549	-0.001618	-0.001635	-0.001428	-0.001596	-0.001461
674.785	14819.54	-0.001059	-0.001173	-0.001465	-0.00154	-0.001623	-0.001651	-0.001753	-0.001634	-0.001711	-0.001486	-0.001559	-0.001463	-0.001649	-0.001791	-0.001627	-0.001644	-0.001458	-0.00164	-0.001361	-0.001567	-0.001561	-0.001556	-0.00158	-0.00189	-0.001584	-0.001632	-0.001637	-0.001665	-0.001744	-0.001694	-0.001632
675.361	14806.89	-0.000877	-0.001351	-0.001431	-0.001255	-0.001465	-0.001647	-0.001661	-0.001669	-0.001711	-0.001361	-0.001556	-0.001337	-0.001716	-0.001517	-0.001667	-0.001616	-0.001372	-0.00152	-0.001424	-0.001485	-0.001605	-0.00151	-0.001382	-0.001717	-0.001631	-0.001522	-0.001643	-0.001546	-0.001528	-0.001548	-0.001539
675.938	14794.25	-0.0007965	-0.001051	-0.001462	-0.001102	-0.001208	-0.001504	-0.00151	-0.001481	-0.001684	-0.001587	-0.00155	-0.001349	-0.001843	-0.001554	-0.001453	-0.001596	-0.001445	-0.001628	-0.001493	-0.001401	-0.001518	-0.001565	-0.001472	-0.001525	-0.001567	-0.001631	-0.001682	-0.0016	-0.001576	-0.001554	-0.001763
676.515	14781.64	-0.0007479	-0.0007857	-0.001101	-0.001336	-0.001192	-0.001308	-0.001428	-0.001464	-0.00139	-0.001628	-0.001446	-0.001364	-0.00184	-0.001515	-0.001433	-0.001525	-0.001488	-0.00148	-0.001414	-0.001491	-0.001329	-0.001552	-0.001517	-0.001389	-0.001457	-0.001668	-0.001448	-0.001413	-0.001721	-0.001429	-0.001676
677.092	14769.05	-0.0006714	-0.0006001	-0.0007879	-0.001256	-0.001247	-0.001108	-0.001194	-0.001262	-0.001189	-0.001217	-0.001253	-0.001159	-0.001254	-0.001267	-0.001273	-0.001276	-0.001376	-0.001315	-0.0009814	-0.001317	-0.001105	-0.001244	-0.001338	-0.001343	-0.001255	-0.001374	-0.001215	-0.001088	-0.001471	-0.001359	-0.001265
677.668	14756.48	-0.0008543	-0.000952	-0.0008943	-0.001069	-0.001246	-0.001368	-0.001282	-0.001492	-0.001338	-0.001329	-0.00127	-0.001299	-0.001227	-0.001474	-0.00125	-0.001368	-0.001422	-0.001331	-0.001292	-0.001394	-0.001516	-0.001306	-0.001506	-0.001414	-0.001303	-0.001582	-0.001423	-0.001115	-0.001379	-0.001478	-0.001403
678.245	14743.94	-0.0009068	-0.001066	-0.001098	-0.001011	-0.001283	-0.001423	-0.001413	-0.001434	-0.001395	-0.001492	-0.001426	-0.001451	-0.001359	-0.001483	-0.001279	-0.001465	-0.001547	-0.001593	-0.001482	-0.001361	-0.001627	-0.001337	-0.001551	-0.001429	-0.001467	-0.001668	-0.001565	-0.001223	-0.001238	-0.001543	-0.001528
678.822	14731.41	-0.0007531	-0.000867	-0.0008265	-0.001028	-0.001039	-0.001201	-0.001277	-0.0009739	-0.00106	-0.001377	-0.001156	-0.001334	-0.001085	-0.001343	-0.001053	-0.001284	-0.001176	-0.001464	-0.001169	-0.0009168	-0.001128	-0.00123	-0.001102	-0.001136	-0.001221	-0.00149	-0.001405	-0.001088	-0.00129	-0.001209	-0.001375
679.398	14718.91	-0.0006613	-0.0008582	-0.0008672	-0.001034	-0.0006866	-0.001125	-0.00124	-0.001041	-0.0011	-0.001227	-0.0009912	-0.001223	-0.001071	-0.001317	-0.00101	-0.001194	-0.001021	-0.001114	-0.001177	-0.001076	-0.001182	-0.001243	-0.001023	-0.001257	-0.001109	-0.001394	-0.001264	-0.001161	-0.001342	-0.001087	-0.001295
679.975	14706.42	-0.0008193	-0.0008972	-0.0009811	-0.0009563	-0.001044	-0.001177	-0.001271	-0.001297	-0.001376	-0.001312	-0.00108	-0.001203	-0.001367	-0.001397	-0.001247	-0.001375	-0.001372	-0.00123	-0.001213	-0.001508	-0.00133	-0.001482	-0.001279	-0.001394	-0.001146	-0.001441	-0.001449	-0.001494	-0.001175	-0.001302	-0.001573
680.552	14693.96	-0.0007959	-0.0005428	-0.0007281	-0.0009551	-0.0009833	-0.0008051	-0.001154	-0.0008984	-0.00119	-0.0009287	-0.0007169	-0.001025	-0.001065	-0.001181	-0.001079	-0.001201	-0.00111	-0.001097	-0.001116	-0.001076	-0.001092	-0.001301	-0.0009765	-0.0009984	-0.0008782	-0.001301	-0.001226	-0.001346	-0.001056	-0.001259	-0.001401
681.128	14681.52	-0.0005723	-0.0004393	-0.0007312	-0.0008911	-0.0008691	-0.0004801	-0.0008671	-0.0008243	-0.0008027	-0.00064	-0.0005507	-0.0008522	-0.0008637	-0.0009599	-0.001013	-0.001053	-0.000918	-0.001012	-0.001037	-0.000805	-0.00113	-0.001062	-0.001071	-0.0008082	-0.0008156	-0.0009466	-0.000818	-0.0009806	-0.0008211	-0.0009464	-0.0009441
681.705	14669.10	-0.0005102	-0.0005863	-0.0009969	-0.0009766	-0.000828	-0.000874	-0.0009511	-0.00106	-0.0008256	-0.0009928	-0.001032	-0.001162	-0.001138	-0.0009509	-0.001145	-0.001124	-0.0009385	-0.001336	-0.0009849	-0.001075	-0.001159	-0.001126	-0.001242	-0.001091	-0.001103	-0.0009495	-0.001086	-0.001229	-0.0009979	-0.001076	-0.001157
682.282	14656.70	-0.0007216	-0.0006961	-0.0009327	-0.001087	-0.0009272	-0.0011	-0.001038	-0.001235	-0.0009975	-0.001216	-0.001021	-0.00116	-0.001122	-0.001136	-0.001093	-0.001121	-0.001087	-0.001245	-0.0009495	-0.001165	-0.001141	-0.001237	-0.001314	-0.001174	-0.001212	-0.0009983	-0.001029	-0.001201	-0.001025	-0.001138	-0.001327
682.859	14644.32	-0.0009178	-0.0007469	-0.0009012	-0.001102	-0.001095	-0.001191	-0.0009603	-0.001317	-0.001048	-0.001331	-0.0008479	-0.0008929	-0.001164	-0.001272	-0.001268	-0.00137	-0.001283	-0.001016	-0.001043	-0.001216	-0.001095	-0.001297	-0.001335	-0.001065	-0.001142	-0.001046	-0.001053	-0.001167	-0.001105	-0.0009239	-0.001219
683.435	14631.96	-0.001113	-0.001042	-0.001109	-0.001263	-0.001119	-0.001386	-0.001331	-0.001222	-0.001174	-0.001318	-0.001061	-0.001193	-0.001247	-0.001327	-0.001529	-0.001298	-0.001443	-0.001325	-0.001213	-0.001249	-0.001177	-0.001448	-0.00119	-0.001068	-0.001208	-0.001234	-0.001321	-0.001297	-0.001399	-0.001134	-0.001462
684.012	14619.63	-0.001055	-0.001183	-0.00115	-0.001353	-0.001145	-0.001396	-0.001328	-0.001247	-0.001301	-0.001111	-0.001242	-0.001451	-0.001236	-0.001341	-0.0015	-0.001359	-0.001477	-0.00139	-0.001147	-0.001182	-0.001241	-0.001448	-0.00107	-0.001145	-0.001308	-0.001398	-0.001336	-0.001187	-0.001292	-0.001331	-0.001331
684.589	14607.31	-0.0006886	-0.0009544	-0.0008359	-0.001083	-0.0009267	-0.001102	-0.00103	-0.0009428	-0.001245	-0.0009462	-0.001072	-0.001099	-0.0009171	-0.001117	-0.001191	-0.00136	-0.001211	-0.001124	-0.0009365	-0.001083	-0.001079	-0.001152	-0.0009218	-0.001018	-0.001144	-0.001212	-0.001179	-0.0009531	-0.00105	-0.0008794	-0.001125
685.165	14595.02	-0.000348	-0.0006082	-0.0006467	-0.0008085	-0.0008153	-0.0008891	-0.0008897	-0.0008222	-0.001074	-0.0009499	-0.001106	-0.001045	-0.0009261	-0.001157	-0.001145	-0.001238	-0.001178	-0.001125	-0.001164	-0.0008141	-0.001169	-0.001213	-0.001135	-0.0008959	-0.001093	-0.001089	-0.00117	-0.0009346	-0.00102	-0.0009646	-0.00141
685.742	14582.74	-0.0004762	-0.0004415	-0.0007533	-0.001051	-0.0009853	-0.001101	-0.001047	-0.0009633	-0.001119	-0.001056	-0.001351	-0.00118	-0.001292	-0.00135	-0.001186	-0.001333	-0.001219	-0.00118	-0.001249	-0.001104	-0.001452	-0.001462	-0.001344	-0.001267	-0.001575	-0.001296	-0.001313	-0.001356	-0.001295	-0.001406	-0.001517
686.319	14570.49	-0.0006078	-0.0005089	-0.0009164	-0.001225	-0.001157	-0.001426	-0.001128	-0.001124	-0.001267	-0.001239	-0.001302	-0.001257	-0.001401	-0.001505	-0.001227	-0.001283	-0.001134	-0.001111	-0.001105	-0.001274	-0.001539	-0.001263	-0.001221	-0.001399	-0.001831	-0.001433	-0.001454	-0.001418	-0.001635	-0.001567	-0.001626
686.896	14558.25	-0.0006978	-0.0005318	-0.0008958	-0.001199	-0.001137	-0.001327	-0.001454	-0.001173	-0.001434	-0.001399	-0.001248	-0.001377	-0.001228	-0.001495	-0.00141	-0.001375	-0.001482	-0.001313	-0.001319	-0.001401	-0.001418	-0.001378	-0.001102	-0.001364	-0.001688	-0.001588	-0.001572	-0.001432	-0.001669	-0.001543	-0.001647
687.472	14546.04	-0.0008025	-0.0006025	-0.0007656	-0.0009844	-0.001043	-0.001063	-0.001196	-0.001142	-0.001323	-0.001277	-0.00126	-0.001259	-0.001226	-0.001277	-0.00137	-0.001334	-0.001469	-0.001353	-0.00124	-0.001378	-0.001135	-0.001307	-0.00111	-0.001416	-0.001461	-0.001461	-0.001428	-0.001415	-0.001314	-0.001308	-0.001455
688.049	14533.85	-0.0008792	-0.0008101	-0.001054	-0.0007995	-0.001037	-0.001158	-0.0009761	-0.001098	-0.001247	-0.001298	-0.001319	-0.00121	-0.001234	-0.001502	-0.001195	-0.001304	-0.001381	-0.001321	-0.001181	-0.001292	-0.001224	-0.001193	-0.001344	-0.001558	-0.001591	-0.001401	-0.001483	-0.001459	-0.001402	-0.001401	-0.001477
688.626	14521.68	-0.000636	-0.0005763	-0.0007885	-0.0005819	-0.0008181	-0.001023	-0.0009583	-0.0008492	-0.001056	-0.001097	-0.001145	-0.001017	-0.001202	-0.001165	-0.0008149	-0.001113	-0.001053	-0.0009867	-0.001044	-0.001078	-0.001257	-0.001027	-0.001161	-0.00131	-0.001238	-0.001251	-0.001434	-0.001182	-0.00121	-0.001467	-0.001277
689.202	14509.53	-0.0007615	-0.0008311	-0.0008897	-0.0009409	-0.001107	-0.001234	-0.001406	-0.0009591	-0.001287	-0.00139	-0.001285	-0.001163	-0.001398	-0.001313	-0.001181	-0.001397	-0.001403	-0.001304	-0.001169	-0.001314	-0.00139	-0.001383	-0.00144	-0.001421	-0.001448	-0.001468	-0.001632	-0.001404	-0.001651	-0.001618	-0.001659
689.779	14497.39	-0.001004	-0.001067	-0.001246	-0.001316	-0.00139	-0.001594	-0.001362	-0.001549	-0.001675	-0.001467	-0.001559	-0.001552	-0.001653	-0.00165	-0.001566	-0.001638	-0.00161	-0.001664	-0.001494	-0.001625	-0.001417	-0.001657	-0.001667	-0.001675	-0.001727	-0.001927	-0.001768	-0.001619	-0.001885	-0.001593	-0.001893
690.356	14485.28	-0.000599	-0.0008759	-0.001106	-0.00109	-0.001113	-0.001253	-0.001107	-0.001228	-0.001407	-0.001243	-0.001394	-0.001459	-0.001331	-0.001278	-0.001264	-0.001348	-0.001368	-0.001476	-0.001207	-0.00128	-0.001269	-0.001478	-0.001391	-0.001455	-0.001379	-0.001668	-0.001536	-0.001418	-0.001429	-0.001423	-0.001498
690.933	14473.19	-0.0005351	-0.0006763	-0.001005	-0.0009086	-0.0007753	-0.0009146	-0.001215	-0.000923	-0.001225	-0.001146	-0.001159	-0.001226	-0.001219	-0.00122	-0.001067	-0.001126	-0.001264	-0.001299	-0.001067	-0.001127	-0.001241	-0.001275	-0.001262	-0.001255	-0.001245	-0.001399	-0.001415	-0.001412	-0.001353	-0.001499	-0.001405
691.509	14461.12	-0.0004961	-0.0007239	-0.0007939	-0.0007983	-0.0008996	-0.0008013	-0.001194	-0.001035	-0.001051	-0.00116	-0.001156	-0.001321	-0.001199	-0.001233	-0.001125	-0.001155	-0.001035	-0.001152	-0.0009781	-0.001257	-0.001152	-0.00129	-0.001177	-0.001226	-0.001315	-0.001494	-0.001502	-0.001453	-0.001406	-0.001678	-0.001504
692.086	14449.07	-0.0001908	-0.0005638	-0.0003905	-0.0006666	-0.0008402	-0.0007688	-0.000924	-0.0008743	-0.0008585	-0.001055	-0.001096	-0.001209	-0.001107	-0.001223	-0.001065	-0.0007496	-0.0007797	-0.0007959	-0.0008593	-0.001037	-0.0009013	-0.0013	-0.00117	-0.001129	-0.001179	-0.00137	-0.001373	-0.001153	-0.001344	-0.001485	-0.001376
692.663	14437.04	-0.0005075	-0.0007306	-0.0007642	-0.00108	-0.001074	-0.00115	-0.001069	-0.001208	-0.0009989	-0.001126	-0.001358	-0.001361	-0.00134	-0.001425	-0.001205	-0.0009562	-0.001027	-0.00107	-0.001117	-0.001018	-0.001219	-0.001453	-0.001381	-0.001296	-0.001369	-0.00142	-0.001532	-0.001266	-0.001553	-0.001414	-0.001527
693.239	14425.03	-0.0008355	-0.0009723	-0.001018	-0.001193	-0.001118	-0.001202	-0.001348	-0.00139	-0.00136	-0.00122	-0.001293	-0.001472	-0.001167	-0.001206	-0.001169	-0.001567	-0.001278	-0.001332	-0.001302	-0.001164	-0.001172	-0.001541	-0.001321	-0.00141	-0.001472	-0.001324	-0.00152	-0.001343	-0.00157	-0.001685	-0.001753
693.816	14413.04	-0.0005423	-0.0008274	-0.0008115	-0.0008243	-0.0008826	-0.000955	-0.001098	-0.001074	-0.001173	-0.001042	-0.0008593	-0.0011	-0.0008562	-0.0009684	-0.001144	-0.001236	-0.0008311	-0.001096	-0.001058	-0.001066	-0.0008979	-0.001082	-0.0009082	-0.001027	-0.001283	-0.0009715	-0.001161	-0.001054	-0.001206	-0.001556	-0.001312
694.393	14401.07	-0.0006577	-0.0006384	-0.0009988	-0.001136	-0.001195	-0.001261	-0.001432	-0.001272	-0.001343	-0.001436	-0.001223	-0.001176	-0.001242	-0.001341	-0.00136	-0.001286	-0.001082	-0.001265	-0.001277	-0.001344	-0.0011	-0.001198	-0.001174	-0.001259	-0.00147	-0.001264	-0.00125	-0.001358	-0.001239	-0.001765	-0.001352
694.969	14389.12	-0.00103	-0.0008347	-0.00129	-0.001441	-0.001233	-0.001482	-0.001664	-0.001537	-0.001557	-0.001726	-0.001648	-0.001486	-0.001533	-0.001732	-0.001247	-0.001553	-0.001275	-0.001273	-0.001273	-0.00155	-0.001455	-0.001529	-0.001497	-0.001745	-0.00151	-0.00158	-0.001497	-0.001737	-0.001582	-0.001855	-0.001716
695.546	14377.19	-0.001196	-0.0009762	-0.001242	-0.001498	-0.001182	-0.001495	-0.00154	-0.001722	-0.001725	-0.001759	-0.001694	-0.001655	-0.001557	-0.001812	-0.001463	-0.001605	-0.001531	-0.001548	-0.001402	-0.001529	-0.001491	-0.001634	-0.001772	-0.001735	-0.001605	-0.001895	-0.001754	-0.001765	-0.001699	-0.001699	-0.001673
696.123	14365.28	-0.0007663	-0.0007906	-0.001092	-0.001263	-0.001236	-0.00119	-0.001268	-0.001493	-0.001474	-0.001464	-0.001561	-0.001275	-0.001312	-0.001454	-0.001407	-0.001156	-0.001286	-0.001306	-0.001264	-0.001435	-0.001251	-0.001354	-0.00141	-0.001588	-0.001441	-0.001562	-0.001437	-0.001311	-0.001137	-0.001378	-0.001574
696.700	14353.39	-0.0007337	-0.0007882	-0.001109	-0.001061	-0.00124	-0.001199	-0.001317	-0.001256	-0.00135	-0.001393	-0.001497	-0.001249	-0.001235	-0.0015	-0.001555	-0.001179	-0.001312	-0.001209	-0.001418	-0.00131	-0.001212	-0.001306	-0.001305	-0.001516	-0.001448	-0.001417	-0.001395	-0.001402	-0.001324	-0.001317	-0.001648
697.276	14341.52	-0.0009834	-0.001041	-0.001111	-0.001162	-0.001459	-0.001322	-0.001405	-0.001505	-0.00159	-0.001411	-0.001636	-0.001522	-0.001548	-0.001689	-0.001602	-0.001647	-0.001556	-0.001587	-0.001493	-0.001379	-0.001363	-0.001536	-0.001715	-0.001533	-0.001786	-0.001826	-0.001783	-0.001626	-0.001544	-0.001632	-0.001778
697.853	14329.66	-0.0008626	-0.001079	-0.001032	-0.001252	-0.001322	-0.001131	-0.001341	-0.001373	-0.001353	-0.001347	-0.001357	-0.001415	-0.001492	-0.001462	-0.001445	-0.001591	-0.001187	-0.001413	-0.001268	-0.00141	-0.001407	-0.001678	-0.001558	-0.001287	-0.001616	-0.001615	-0.001599	-0.001506	-0.001509	-0.00148	-0.001559
698.430	14317.83	-0.0007996	-0.0008633	-0.001049	-0.001156	-0.001185	-0.001237	-0.001109	-0.001048	-0.001285	-0.001178	-0.001193	-0.001332	-0.00128	-0.001325	-0.001429	-0.001304	-0.001122	-0.001147	-0.001231	-0.001291	-0.00147	-0.001442	-0.001231	-0.001297	-0.001366	-0.001202	-0.001435	-0.00128	-0.001315	-0.001116	-0.001377
699.006	14306.02	-0.0009046	-0.0009305	-0.001019	-0.001142	-0.001167	-0.001563	-0.001057	-0.001364	-0.001427	-0.001351	-0.00125	-0.001475	-0.00132	-0.001643	-0.001419	-0.001453	-0.001396	-0.001347	-0.001593	-0.001421	-0.001411	-0.001453	-0.001423	-0.00153	-0.001452	-0.001407	-0.001285	-0.0013	-0.001382	-0.001418	-0.001434
699.583	14294.23	-0.0006972	-0.0008211	-0.001151	-0.001113	-0.001184	-0.001416	-0.001119	-0.001339	-0.001349	-0.001204	-0.001218	-0.001519	-0.001343	-0.001525	-0.001389	-0.001462	-0.001491	-0.001258	-0.0014	-0.0014	-0.001247	-0.001361	-0.001364	-0.001484	-0.001442	-0.001401	-0.001224	-0.00141	-0.001258	-0.001554	-0.00135
700.160	14282.45	-0.0004717	-0.0007852	-0.001047	-0.001237	-0.001233	-0.001466	-0.00136	-0.001407	-0.001385	-0.00121	-0.001178	-0.001465	-0.001343	-0.001522	-0.001292	-0.001389	-0.001473	-0.001353	-0.001126	-0.001461	-0.001269	-0.001259	-0.001303	-0.001467	-0.001429	-0.001395	-0.001385	-0.0015	-0.001287	-0.001501	-0.001453
700.737	14270.70	-0.0007568	-0.0009774	-0.001129	-0.00151	-0.001467	-0.001643	-0.001551	-0.001532	-0.001243	-0.001348	-0.001565	-0.001672	-0.001505	-0.001452	-0.00157	-0.001586	-0.001538	-0.001603	-0.00135	-0.001617	-0.001667	-0.001676	-0.001521	-0.001665	-0.001566	-0.001585	-0.001727	-0.001692	-0.001535	-0.00153	-0.001727
701.313	14258.96	-0.0009243	-0.001266	-0.001209	-0.001531	-0.001856	-0.00174	-0.001515	-0.001616	-0.001729	-0.001801	-0.001919	-0.001831	-0.001923	-0.001688	-0.001912	-0.001819	-0.001848	-0.001858	-0.001642	-0.001807	-0.001949	-0.00196	-0.001832	-0.001961	-0.001982	-0.00193	-0.001978	-0.001866	-0.002013	-0.001747	-0.001875
701.890	14247.25	-0.0004262	-0.0008522	-0.0009853	-0.001171	-0.001466	-0.00146	-0.001361	-0.001249	-0.001429	-0.001528	-0.001506	-0.001524	-0.001763	-0.00155	-0.001723	-0.001326	-0.00148	-0.001418	-0.001369	-0.001552	-0.00164	-0.001604	-0.001604	-0.001692	-0.00167	-0.001587	-0.001727	-0.00167	-0.001745	-0.001634	-0.001773
702.467	14235.55	-0.0002976	-0.0003825	-0.0008345	-0.0008478	-0.0008739	-0.0008316	-0.001094	-0.001034	-0.001042	-0.001272	-0.001339	-0.001467	-0.001306	-0.001463	-0.001379	-0.001154	-0.001307	-0.001165	-0.001028	-0.001311	-0.00142	-0.001222	-0.001373	-0.001387	-0.001457	-0.001387	-0.001616	-0.001401	-0.001538	-0.001514	-0.001738
703.043	14223.87	-3.492E-5	-0.0001857	-0.0003653	-0.0005819	-0.0005211	-0.0007598	-0.0008814	-0.0007848	-0.001021	-0.001135	-0.001253	-0.001276	-0.001316	-0.001467	-0.001168	-0.001199	-0.001255	-0.0009765	-0.0009337	-0.001255	-0.001251	-0.001213	-0.001381	-0.001565	-0.001429	-0.001649	-0.001349	-0.001505	-0.001588	-0.001796	-0.001881
703.620	14212.21	-0.0001519	-0.0004963	-0.0003671	-0.0006914	-0.0007433	-0.001027	-0.001264	-0.0009602	-0.001271	-0.001377	-0.001356	-0.001394	-0.001458	-0.001544	-0.00117	-0.001403	-0.001131	-0.001117	-0.001159	-0.00118	-0.001479	-0.001484	-0.001439	-0.001688	-0.00167	-0.001758	-0.001681	-0.001689	-0.001636	-0.001952	-0.001963
704.197	14200.58	-0.0007984	-0.0006179	-0.0009377	-0.000983	-0.001188	-0.001323	-0.001276	-0.001376	-0.001265	-0.001503	-0.001774	-0.001695	-0.001698	-0.00171	-0.001413	-0.001607	-0.001494	-0.001374	-0.001438	-0.00146	-0.001796	-0.001659	-0.001678	-0.001894	-0.001898	-0.001925	-0.001921	-0.001796	-0.001891	-0.002081	-0.002079
704.774	14188.95	-0.0007048	-0.0005853	-0.0009546	-0.0009933	-0.000964	-0.001099	-0.001068	-0.001329	-0.001103	-0.001279	-0.001455	-0.001404	-0.001443	-0.001652	-0.001376	-0.001327	-0.001562	-0.001345	-0.00128	-0.001421	-0.001479	-0.001497	-0.00157	-0.001444	-0.001774	-0.001681	-0.001844	-0.001503	-0.001795	-0.001931	-0.00183
705.350	14177.35	-0.0005979	-0.0007165	-0.001056	-0.0009337	-0.0009669	-0.0009573	-0.0009813	-0.001019	-0.00121	-0.001111	-0.001146	-0.001277	-0.001185	-0.001256	-0.001206	-0.001152	-0.001341	-0.001253	-0.001009	-0.001266	-0.001181	-0.001202	-0.001207	-0.001091	-0.001458	-0.001439	-0.001461	-0.001211	-0.001614	-0.001538	-0.001651
705.927	14165.77	-0.0007282	-0.0008695	-0.001195	-0.001063	-0.0009614	-0.001146	-0.0009816	-0.001034	-0.00122	-0.001174	-0.001235	-0.001333	-0.001148	-0.001308	-0.001336	-0.001294	-0.00131	-0.001251	-0.001229	-0.001284	-0.001321	-0.001355	-0.001166	-0.001191	-0.001355	-0.001437	-0.001247	-0.001238	-0.001409	-0.001258	-0.001425
706.504	14154.21	-0.0008596	-0.0009978	-0.001035	-0.001138	-0.001207	-0.001297	-0.001066	-0.0009633	-0.001235	-0.001299	-0.001266	-0.001168	-0.001315	-0.001401	-0.00125	-0.001447	-0.001395	-0.001376	-0.00114	-0.001374	-0.001207	-0.001458	-0.001232	-0.00136	-0.001486	-0.001432	-0.001531	-0.001344	-0.001364	-0.001108	-0.001397
707.080	14142.66	-0.001307	-0.001101	-0.001175	-0.001261	-0.001323	-0.001231	-0.001148	-0.001208	-0.001293	-0.001294	-0.001246	-0.001036	-0.001518	-0.001362	-0.001232	-0.001417	-0.001324	-0.001127	-0.001123	-0.001423	-0.001291	-0.001302	-0.001085	-0.001262	-0.001572	-0.001498	-0.001392	-0.00142	-0.001422	-0.001323	-0.001458
707.657	14131.14	-0.001543	-0.001398	-0.00134	-0.001319	-0.001541	-0.001453	-0.001425	-0.001404	-0.001523	-0.001578	-0.001407	-0.001381	-0.001492	-0.001537	-0.0015	-0.001433	-0.00148	-0.001409	-0.001475	-0.001561	-0.001685	-0.001528	-0.001254	-0.001505	-0.001565	-0.001524	-0.001571	-0.001684	-0.001574	-0.001361	-0.00147
708.234	14119.63	-0.001217	-0.00137	-0.001226	-0.001448	-0.001624	-0.001505	-0.001374	-0.001399	-0.001189	-0.001492	-0.001201	-0.001455	-0.00153	-0.001648	-0.001638	-0.001438	-0.00131	-0.001608	-0.001466	-0.001576	-0.001642	-0.001596	-0.001419	-0.001561	-0.001475	-0.001414	-0.001533	-0.001595	-0.001574	-0.001444	-0.001567
708.811	14108.14	-0.0009464	-0.001308	-0.001206	-0.001364	-0.001503	-0.001514	-0.001241	-0.001292	-0.001194	-0.001392	-0.001182	-0.00142	-0.001266	-0.001471	-0.001501	-0.001544	-0.001262	-0.001682	-0.001424	-0.001344	-0.001462	-0.001496	-0.001364	-0.001475	-0.00142	-0.001442	-0.001313	-0.001305	-0.001668	-0.001566	-0.001433
709.387	14096.67	-0.0008586	-0.001076	-0.001118	-0.00123	-0.001326	-0.001581	-0.001275	-0.00137	-0.001284	-0.001381	-0.001496	-0.00149	-0.001278	-0.001391	-0.001425	-0.00136	-0.001309	-0.001323	-0.001515	-0.00145	-0.001378	-0.001472	-0.001352	-0.001529	-0.001488	-0.001566	-0.001397	-0.001341	-0.001587	-0.001612	-0.001687
709.964	14085.22	-0.001038	-0.0011	-0.001203	-0.001571	-0.001551	-0.001551	-0.001428	-0.001682	-0.001545	-0.001538	-0.001561	-0.001714	-0.001774	-0.001622	-0.001569	-0.001516	-0.001609	-0.00154	-0.001429	-0.001483	-0.001539	-0.001664	-0.001543	-0.001678	-0.001626	-0.001708	-0.001641	-0.001693	-0.001798	-0.001653	-0.001801
710.541	14073.79	-0.001103	-0.001381	-0.00147	-0.001682	-0.001654	-0.001402	-0.001644	-0.001643	-0.001659	-0.001457	-0.001481	-0.001814	-0.001918	-0.001703	-0.001609	-0.001655	-0.001607	-0.001601	-0.001538	-0.00164	-0.001756	-0.001907	-0.001579	-0.001791	-0.00159	-0.001705	-0.001765	-0.00162	-0.001772	-0.001818	-0.001901
711.117	14062.38	-0.001035	-0.001171	-0.001365	-0.001616	-0.001579	-0.001428	-0.001615	-0.001519	-0.0016	-0.001528	-0.001611	-0.001744	-0.001557	-0.001719	-0.001416	-0.001928	-0.001652	-0.001634	-0.0014	-0.001679	-0.001503	-0.001868	-0.001584	-0.00182	-0.001695	-0.001738	-0.001867	-0.001535	-0.001677	-0.001789	-0.001882
711.694	14050.98	-0.0009538	-0.001089	-0.001227	-0.001529	-0.001387	-0.001445	-0.00149	-0.001468	-0.001501	-0.001568	-0.001714	-0.001605	-0.001454	-0.001587	-0.00156	-0.001927	-0.001471	-0.001687	-0.001396	-0.001574	-0.001694	-0.001643	-0.001739	-0.00177	-0.001628	-0.001858	-0.001664	-0.001659	-0.001706	-0.001811	-0.001921
712.271	14039.60	-0.0008777	-0.0009243	-0.001254	-0.001397	-0.001283	-0.001338	-0.001429	-0.001304	-0.00144	-0.001423	-0.001571	-0.001393	-0.001358	-0.001571	-0.001398	-0.001678	-0.001361	-0.00153	-0.001316	-0.001418	-0.001387	-0.00157	-0.001486	-0.001727	-0.00149	-0.001669	-0.001556	-0.001565	-0.001708	-0.001494	-0.001652
712.847	14028.25	-0.0009862	-0.001232	-0.001342	-0.001527	-0.001484	-0.001456	-0.001591	-0.001515	-0.001558	-0.001603	-0.001665	-0.001728	-0.001668	-0.001763	-0.00142	-0.001721	-0.001687	-0.001538	-0.001614	-0.001783	-0.001526	-0.00163	-0.001505	-0.001685	-0.001682	-0.001641	-0.001675	-0.001649	-0.001904	-0.001793	-0.00176
713.424	14016.91	-0.001214	-0.001298	-0.001244	-0.001665	-0.001359	-0.001351	-0.001669	-0.001725	-0.001549	-0.001338	-0.001464	-0.001932	-0.00149	-0.001719	-0.001482	-0.001541	-0.00165	-0.001551	-0.001456	-0.001626	-0.001545	-0.001587	-0.001471	-0.001726	-0.001766	-0.001639	-0.001792	-0.001652	-0.001829	-0.001724	-0.001809
714.001	14005.58	-0.001084	-0.001232	-0.001233	-0.001459	-0.001473	-0.001261	-0.001668	-0.001385	-0.001705	-0.001592	-0.0015	-0.001751	-0.001494	-0.001916	-0.001545	-0.001336	-0.001458	-0.001455	-0.001449	-0.001541	-0.001482	-0.00168	-0.001561	-0.001784	-0.001842	-0.001715	-0.001757	-0.00153	-0.001804	-0.0017	-0.001758
714.578	13994.28	-0.001096	-0.00114	-0.001271	-0.001266	-0.001211	-0.001241	-0.001523	-0.001627	-0.001569	-0.001638	-0.002	-0.001626	-0.001659	-0.001719	-0.001587	-0.001629	-0.001486	-0.001657	-0.001583	-0.001643	-0.001476	-0.001554	-0.001768	-0.001902	-0.001893	-0.001983	-0.001759	-0.001799	-0.001956	-0.001707	-0.001793
715.154	13983.00	-0.001103	-0.001243	-0.001137	-0.001343	-0.001308	-0.001408	-0.001654	-0.001641	-0.001607	-0.001541	-0.001849	-0.001789	-0.001593	-0.001739	-0.001642	-0.001619	-0.001716	-0.001828	-0.001622	-0.001554	-0.001599	-0.001554	-0.001646	-0.001817	-0.001837	-0.001792	-0.001791	-0.001818	-0.001902	-0.001864	-0.001939
715.731	13971.73	-0.0009955	-0.001143	-0.001015	-0.001348	-0.001224	-0.001633	-0.001617	-0.001588	-0.001653	-0.001386	-0.00147	-0.001732	-0.001711	-0.001752	-0.001654	-0.001548	-0.001677	-0.001524	-0.001325	-0.001489	-0.001535	-0.00161	-0.001574	-0.001768	-0.00193	-0.001883	-0.001694	-0.00187	-0.001848	-0.001975	-0.001951
716.308	13960.48	-0.001145	-0.0009636	-0.001292	-0.00133	-0.001359	-0.00141	-0.00161	-0.001675	-0.001674	-0.001652	-0.001632	-0.001885	-0.001528	-0.001801	-0.00153	-0.001634	-0.001738	-0.00147	-0.00152	-0.001606	-0.001632	-0.001857	-0.001677	-0.001779	-0.001811	-0.001919	-0.001857	-0.001907	-0.001876	-0.001918	-0.001957
716.884	13949.25	-0.00112	-0.001082	-0.00123	-0.001418	-0.00156	-0.001367	-0.001569	-0.001606	-0.001766	-0.001756	-0.001753	-0.001746	-0.001676	-0.002107	-0.00176	-0.001632	-0.001758	-0.001605	-0.001605	-0.001812	-0.001723	-0.001609	-0.001824	-0.001841	-0.001764	-0.001835	-0.001889	-0.001936	-0.001876	-0.001752	-0.001966
717.461	13938.04	-0.0008343	-0.001114	-0.001023	-0.001202	-0.001307	-0.001226	-0.001482	-0.001391	-0.00139	-0.001455	-0.001287	-0.001496	-0.001609	-0.001665	-0.001413	-0.00143	-0.001447	-0.001285	-0.001306	-0.001324	-0.001482	-0.001485	-0.001468	-0.001392	-0.001547	-0.001561	-0.001498	-0.001521	-0.001295	-0.001499	-0.001597
718.038	13926.84	-0.001131	-0.001373	-0.001427	-0.001729	-0.001518	-0.001684	-0.001668	-0.001679	-0.00164	-0.00192	-0.001623	-0.00181	-0.001829	-0.001878	-0.001568	-0.001739	-0.001886	-0.001635	-0.001469	-0.001759	-0.001757	-0.001839	-0.001597	-0.001769	-0.001839	-0.001781	-0.001807	-0.001811	-0.001648	-0.001733	-0.00195
718.615	13915.67	-0.001342	-0.001655	-0.00154	-0.001739	-0.001911	-0.001643	-0.001926	-0.001934	-0.001936	-0.002027	-0.002038	-0.002012	-0.002018	-0.002008	-0.001922	-0.001859	-0.002048	-0.001867	-0.0017	-0.001716	-0.002019	-0.001902	-0.002062	-0.002023	-0.001806	-0.002289	-0.00207	-0.00219	-0.001825	-0.001717	-0.0022
719.191	13904.51	-0.00114	-0.001325	-0.00125	-0.001392	-0.001547	-0.00151	-0.001709	-0.001411	-0.001665	-0.001537	-0.001622	-0.001577	-0.00162	-0.001566	-0.001699	-0.0018	-0.001477	-0.001621	-0.001627	-0.001595	-0.001637	-0.001529	-0.001761	-0.001541	-0.00164	-0.001712	-0.001675	-0.001817	-0.001668	-0.001575	-0.00183
719.768	13893.37	-0.0007388	-0.001137	-0.00116	-0.001462	-0.001589	-0.00159	-0.001629	-0.001396	-0.001632	-0.001362	-0.001474	-0.001608	-0.00163	-0.001682	-0.001535	-0.001535	-0.001356	-0.001388	-0.001576	-0.001251	-0.001432	-0.001293	-0.001501	-0.00144	-0.001442	-0.001546	-0.001387	-0.001611	-0.001534	-0.001479	-0.001866
720.345	13882.24	-0.000853	-0.0011	-0.001199	-0.001506	-0.001371	-0.001468	-0.001788	-0.001531	-0.001768	-0.00158	-0.001629	-0.001702	-0.00162	-0.001776	-0.00175	-0.001506	-0.001497	-0.001439	-0.00159	-0.001404	-0.00152	-0.001672	-0.001551	-0.001673	-0.001737	-0.001648	-0.001474	-0.00185	-0.001783	-0.001548	-0.001914
720.921	13871.14	-0.001072	-0.001053	-0.001204	-0.001411	-0.001327	-0.001733	-0.001788	-0.001708	-0.001786	-0.00177	-0.002007	-0.001738	-0.001643	-0.001904	-0.001686	-0.001653	-0.00163	-0.001703	-0.001755	-0.001568	-0.001703	-0.002032	-0.00163	-0.001602	-0.001849	-0.001705	-0.001806	-0.001899	-0.002062	-0.001914	-0.00203
721.498	13860.05	-0.001192	-0.001217	-0.001446	-0.001568	-0.001682	-0.002009	-0.001748	-0.001812	-0.001769	-0.001746	-0.002074	-0.001762	-0.002015	-0.002125	-0.001898	-0.001804	-0.001816	-0.002147	-0.001836	-0.001736	-0.002042	-0.001951	-0.001895	-0.001921	-0.002065	-0.002053	-0.002123	-0.001898	-0.002186	-0.002064	-0.002205
722.075	13848.98	-0.001274	-0.001174	-0.001448	-0.001464	-0.001512	-0.001859	-0.001654	-0.001721	-0.001607	-0.001681	-0.001975	-0.001892	-0.001769	-0.001768	-0.00193	-0.001848	-0.001785	-0.001802	-0.001787	-0.001769	-0.001861	-0.00177	-0.002124	-0.00196	-0.002056	-0.00207	-0.002068	-0.002114	-0.002041	-0.002049	-0.002276
722.652	13837.93	-0.001031	-0.001129	-0.001689	-0.001372	-0.001358	-0.00157	-0.001634	-0.001528	-0.001689	-0.001918	-0.001727	-0.001784	-0.00191	-0.001972	-0.001896	-0.00187	-0.001918	-0.001763	-0.001822	-0.001652	-0.001935	-0.001879	-0.001922	-0.001769	-0.00196	-0.001961	-0.001851	-0.002068	-0.002057	-0.00199	-0.002041
723.228	13826.89	-0.001171	-0.001295	-0.001582	-0.001463	-0.001622	-0.001654	-0.001653	-0.001529	-0.001668	-0.001798	-0.001704	-0.001806	-0.001757	-0.002089	-0.001973	-0.001814	-0.001877	-0.001861	-0.001815	-0.001696	-0.001879	-0.001889	-0.001689	-0.001814	-0.001777	-0.001796	-0.002015	-0.002033	-0.001739	-0.001677	-0.001876
723.805	13815.88	-0.00115	-0.00108	-0.001121	-0.001342	-0.001555	-0.001398	-0.001501	-0.001486	-0.001377	-0.001526	-0.001686	-0.001554	-0.001655	-0.00152	-0.001654	-0.002077	-0.001492	-0.001812	-0.001446	-0.001727	-0.00146	-0.001751	-0.001567	-0.001778	-0.001658	-0.001677	-0.001835	-0.001639	-0.001643	-0.001505	-0.00167
724.382	13804.88	-0.000854	-0.0009453	-0.000925	-0.001064	-0.001346	-0.00121	-0.001101	-0.001142	-0.001321	-0.001228	-0.001259	-0.001122	-0.00131	-0.001342	-0.001437	-0.001316	-0.001322	-0.001302	-0.001302	-0.001387	-0.001314	-0.001459	-0.001221	-0.001583	-0.001503	-0.001376	-0.001433	-0.001331	-0.001319	-0.00133	-0.001463
724.958	13793.90	-0.001029	-0.001102	-0.001121	-0.00134	-0.001495	-0.00139	-0.001497	-0.001286	-0.001473	-0.001501	-0.001539	-0.001598	-0.001437	-0.001544	-0.001478	-0.001589	-0.001408	-0.001427	-0.001737	-0.00179	-0.001592	-0.001631	-0.001269	-0.001655	-0.0017	-0.001553	-0.001652	-0.001775	-0.001636	-0.001703	-0.001768
725.535	13782.93	-0.0007488	-0.001032	-0.000981	-0.00127	-0.001088	-0.001336	-0.001247	-0.001141	-0.001406	-0.001261	-0.001262	-0.001471	-0.00158	-0.001546	-0.001434	-0.00145	-0.001411	-0.001321	-0.001458	-0.001461	-0.001468	-0.001591	-0.001369	-0.001452	-0.001464	-0.00157	-0.001515	-0.001563	-0.001548	-0.001457	-0.001731
726.112	13771.98	-0.0006726	-0.0009333	-0.0009489	-0.0008341	-0.001214	-0.001275	-0.001338	-0.00115	-0.001324	-0.001203	-0.00136	-0.001394	-0.001354	-0.001462	-0.001023	-0.001218	-0.001495	-0.001155	-0.001264	-0.001273	-0.001072	-0.00131	-0.001441	-0.00144	-0.001398	-0.001405	-0.001476	-0.001422	-0.001532	-0.001389	-0.001449
726.688	13761.05	-0.0008566	-0.001016	-0.00119	-0.001461	-0.001303	-0.001494	-0.001377	-0.001589	-0.001402	-0.001573	-0.001751	-0.001561	-0.001486	-0.001865	-0.001527	-0.00157	-0.001679	-0.001393	-0.001377	-0.001615	-0.001462	-0.001532	-0.001576	-0.001688	-0.001827	-0.001799	-0.001664	-0.001851	-0.001731	-0.001912	-0.001655
727.265	13750.14	-0.0009128	-0.0009945	-0.00119	-0.001467	-0.001593	-0.001376	-0.001408	-0.001478	-0.001562	-0.001755	-0.001986	-0.001981	-0.001778	-0.001949	-0.001759	-0.001702	-0.001655	-0.001745	-0.001477	-0.001638	-0.001883	-0.001668	-0.001947	-0.001841	-0.001951	-0.001909	-0.002088	-0.002189	-0.002026	-0.002208	-0.002044
727.842	13739.25	-0.001036	-0.0012	-0.001227	-0.001417	-0.001554	-0.001826	-0.001747	-0.001712	-0.001734	-0.001911	-0.001975	-0.002204	-0.001946	-0.001912	-0.001858	-0.001912	-0.001768	-0.001855	-0.001878	-0.001778	-0.001814	-0.001907	-0.001995	-0.002024	-0.002298	-0.002231	-0.00222	-0.002289	-0.002238	-0.00218	-0.002368
728.419	13728.37	-0.0009883	-0.001004	-0.001262	-0.001311	-0.001331	-0.00174	-0.001769	-0.001499	-0.001651	-0.001698	-0.001778	-0.0017	-0.001511	-0.0019	-0.001485	-0.001891	-0.001605	-0.001752	-0.001579	-0.001814	-0.001892	-0.001836	-0.001851	-0.00177	-0.001924	-0.002043	-0.002047	-0.00194	-0.002001	-0.002129	-0.002022
728.995	13717.51	-0.0008537	-0.0009405	-0.001122	-0.001295	-0.001408	-0.001479	-0.001684	-0.001642	-0.001558	-0.001528	-0.001801	-0.001345	-0.001867	-0.001676	-0.001557	-0.00165	-0.001551	-0.001695	-0.001542	-0.001554	-0.001554	-0.001712	-0.001644	-0.00183	-0.001593	-0.001842	-0.00172	-0.00196	-0.001816	-0.001909	-0.001934
729.572	13706.67	-0.001094	-0.001268	-0.001457	-0.0017	-0.001883	-0.00164	-0.001886	-0.00206	-0.001753	-0.001777	-0.001703	-0.001692	-0.0019	-0.00186	-0.001691	-0.001967	-0.001772	-0.001994	-0.001698	-0.001789	-0.001847	-0.001992	-0.001681	-0.001913	-0.001978	-0.001841	-0.001998	-0.001905	-0.002009	-0.002032	-0.002043
730.149	13695.84	-0.001083	-0.001488	-0.001506	-0.001617	-0.001545	-0.001569	-0.001774	-0.001692	-0.001718	-0.001625	-0.001799	-0.001637	-0.001504	-0.001802	-0.001727	-0.00177	-0.001512	-0.001728	-0.00177	-0.001596	-0.001802	-0.001902	-0.001669	-0.001841	-0.001999	-0.001694	-0.001755	-0.002092	-0.001886	-0.001695	-0.001889
730.725	13685.03	-0.001121	-0.001375	-0.001586	-0.001358	-0.001513	-0.001686	-0.00172	-0.001595	-0.001606	-0.001566	-0.001684	-0.001663	-0.001446	-0.001756	-0.001691	-0.001631	-0.001664	-0.001493	-0.001443	-0.001573	-0.001752	-0.001672	-0.001703	-0.001495	-0.001999	-0.001967	-0.001577	-0.001856	-0.001892	-0.00165	-0.001904
731.302	13674.24	-0.001286	-0.001723	-0.001604	-0.001545	-0.001926	-0.001801	-0.001865	-0.001865	-0.0019	-0.001852	-0.001913	-0.00203	-0.002103	-0.002063	-0.002073	-0.001959	-0.002072	-0.0019	-0.001728	-0.001797	-0.001976	-0.001933	-0.002038	-0.001986	-0.002105	-0.002053	-0.002036	-0.002137	-0.002282	-0.002115	-0.001935
731.879	13663.46	-0.001128	-0.001424	-0.001233	-0.001022	-0.00153	-0.001426	-0.001603	-0.001364	-0.001227	-0.00131	-0.001527	-0.001471	-0.001576	-0.001581	-0.001446	-0.001572	-0.001179	-0.00155	-0.001281	-0.001506	-0.001299	-0.001468	-0.001513	-0.001695	-0.00189	-0.001537	-0.001473	-0.001597	-0.001607	-0.001498	-0.001623
732.456	13652.71	-0.00116	-0.00143	-0.001534	-0.001392	-0.001497	-0.001582	-0.001614	-0.001606	-0.001753	-0.001522	-0.001775	-0.001436	-0.001837	-0.001676	-0.0018	-0.001974	-0.001619	-0.001838	-0.001638	-0.001593	-0.001639	-0.001793	-0.001771	-0.001665	-0.001805	-0.001865	-0.001656	-0.001726	-0.001943	-0.001691	-0.001919
733.032	13641.96	-0.001043	-0.001339	-0.001363	-0.001472	-0.001272	-0.00189	-0.001877	-0.001572	-0.001867	-0.001772	-0.00179	-0.001761	-0.001756	-0.002069	-0.001817	-0.001929	-0.001813	-0.00189	-0.001684	-0.001746	-0.001682	-0.001842	-0.00184	-0.002124	-0.001944	-0.00198	-0.001961	-0.002118	-0.002068	-0.001963	-0.002313
733.609	13631.24	-0.001133	-0.001232	-0.001468	-0.001552	-0.001584	-0.00149	-0.001533	-0.001434	-0.00199	-0.001959	-0.002086	-0.001792	-0.001736	-0.00197	-0.001886	-0.001857	-0.001876	-0.001889	-0.001716	-0.002018	-0.001916	-0.001867	-0.001831	-0.002283	-0.002018	-0.002114	-0.002041	-0.001969	-0.002139	-0.001899	-0.002291
734.186	13620.53	-0.001405	-0.001558	-0.00153	-0.001418	-0.00179	-0.001669	-0.002	-0.001884	-0.001815	-0.001906	-0.002026	-0.002064	-0.001902	-0.00207	-0.001863	-0.002001	-0.002087	-0.001857	-0.001896	-0.00212	-0.001999	-0.002101	-0.00214	-0.002157	-0.002312	-0.002227	-0.002103	-0.002039	-0.002023	-0.002036	-0.002248
734.762	13609.84	-0.001534	-0.001727	-0.00165	-0.001927	-0.001848	-0.001955	-0.002034	-0.001702	-0.002053	-0.001899	-0.001995	-0.001898	-0.002021	-0.00203	-0.00207	-0.002246	-0.002149	-0.002061	-0.001943	-0.001941	-0.001886	-0.002339	-0.001997	-0.002232	-0.002267	-0.002312	-0.002193	-0.002253	-0.002321	-0.002273	-0.002316
735.339	13599.17	-0.001524	-0.00135	-0.001523	-0.001436	-0.001544	-0.001903	-0.001698	-0.001752	-0.001839	-0.001827	-0.001897	-0.001761	-0.001902	-0.002026	-0.00189	-0.002131	-0.001842	-0.001794	-0.001817	-0.002167	-0.001953	-0.002154	-0.001763	-0.002053	-0.002299	-0.002178	-0.002017	-0.00221	-0.002254	-0.002195	-0.002174
735.916	13588.51	-0.000722	-0.00114	-0.001121	-0.001399	-0.001437	-0.001637	-0.001587	-0.001728	-0.001738	-0.001578	-0.001721	-0.001632	-0.001839	-0.001807	-0.001658	-0.001954	-0.001644	-0.001899	-0.001588	-0.001711	-0.001956	-0.001705	-0.001977	-0.001936	-0.00196	-0.002097	-0.001986	-0.002129	-0.001839	-0.001647	-0.002072
736.493	13577.87	-0.000908	-0.001298	-0.00119	-0.001328	-0.001496	-0.001664	-0.001433	-0.001398	-0.001559	-0.001627	-0.00183	-0.001763	-0.001834	-0.001715	-0.001585	-0.001583	-0.001845	-0.001739	-0.001387	-0.001784	-0.001662	-0.001815	-0.001702	-0.001794	-0.002016	-0.001939	-0.00178	-0.001911	-0.001866	-0.001823	-0.001926
737.069	13567.25	-0.0006281	-0.001022	-0.00104	-0.001209	-0.001084	-0.001367	-0.00137	-0.001264	-0.0016	-0.001699	-0.00143	-0.001647	-0.001802	-0.002008	-0.001574	-0.001708	-0.001558	-0.001551	-0.001295	-0.001697	-0.001752	-0.00153	-0.00154	-0.001783	-0.001776	-0.001691	-0.001749	-0.001816	-0.001832	-0.00187	-0.001861
737.646	13556.64	-0.0009019	-0.001448	-0.001219	-0.001413	-0.001561	-0.00155	-0.001995	-0.001587	-0.001725	-0.001719	-0.001531	-0.001692	-0.001788	-0.002047	-0.001668	-0.001809	-0.001727	-0.001472	-0.001469	-0.001819	-0.001754	-0.001755	-0.001698	-0.002006	-0.001899	-0.001871	-0.002034	-0.001891	-0.001957	-0.002122	-0.001725
738.223	13546.05	-0.0008454	-0.00121	-0.001086	-0.001354	-0.00111	-0.001395	-0.001683	-0.001562	-0.001474	-0.001589	-0.001633	-0.001436	-0.001753	-0.001893	-0.001691	-0.001879	-0.001372	-0.001728	-0.001363	-0.001628	-0.00147	-0.001626	-0.001715	-0.001515	-0.001789	-0.001766	-0.001748	-0.001944	-0.001511	-0.001749	-0.00194
738.799	13535.47	-0.001215	-0.001192	-0.001249	-0.001532	-0.001307	-0.001533	-0.001302	-0.001785	-0.001715	-0.001686	-0.001705	-0.001612	-0.001637	-0.001663	-0.001684	-0.001595	-0.001603	-0.001954	-0.001484	-0.001469	-0.001665	-0.001559	-0.001637	-0.001622	-0.001885	-0.001808	-0.001911	-0.00181	-0.001859	-0.001715	-0.00195
739.376	13524.92	-0.0009632	-0.001214	-0.00114	-0.001247	-0.001153	-0.001323	-0.001367	-0.001135	-0.001424	-0.001488	-0.001259	-0.001318	-0.001587	-0.001384	-0.001561	-0.001637	-0.001739	-0.001786	-0.00142	-0.001649	-0.001447	-0.001626	-0.001479	-0.001725	-0.001614	-0.001808	-0.001585	-0.00188	-0.001716	-0.001835	-0.002003
739.953	13514.38	-0.001067	-0.001318	-0.001339	-0.001428	-0.001605	-0.001403	-0.001616	-0.001425	-0.00143	-0.001638	-0.001437	-0.001361	-0.001466	-0.001517	-0.001588	-0.001488	-0.001688	-0.001881	-0.001603	-0.001702	-0.001708	-0.001567	-0.001686	-0.001585	-0.001671	-0.001744	-0.001876	-0.001505	-0.001768	-0.001726	-0.001848
740.530	13503.85	-0.001381	-0.001572	-0.001461	-0.001684	-0.001506	-0.001705	-0.001568	-0.001786	-0.001536	-0.001763	-0.001846	-0.001887	-0.00191	-0.001889	-0.001753	-0.001993	-0.001967	-0.001927	-0.001857	-0.001777	-0.001712	-0.00175	-0.001808	-0.001883	-0.001781	-0.002014	-0.002017	-0.002036	-0.002026	-0.00174	-0.002132
741.106	13493.34	-0.001649	-0.001811	-0.001861	-0.00186	-0.002016	-0.001849	-0.001652	-0.002008	-0.002068	-0.001726	-0.00181	-0.001877	-0.001958	-0.001952	-0.002004	-0.002233	-0.002147	-0.002124	-0.001997	-0.002268	-0.002166	-0.002067	-0.001937	-0.002155	-0.002025	-0.001871	-0.002074	-0.002042	-0.002121	-0.002044	-0.002374
741.683	13482.85	-0.001311	-0.001657	-0.001555	-0.001495	-0.001579	-0.001674	-0.001471	-0.001753	-0.001506	-0.001773	-0.001444	-0.001657	-0.001556	-0.001758	-0.001924	-0.001829	-0.001754	-0.001728	-0.001867	-0.001768	-0.001789	-0.001995	-0.001537	-0.001798	-0.00172	-0.001729	-0.00184	-0.001868	-0.001708	-0.001884	-0.001973
742.260	13472.37	-0.001204	-0.001394	-0.001431	-0.001602	-0.001775	-0.001593	-0.001515	-0.001549	-0.001396	-0.001722	-0.001447	-0.001433	-0.001536	-0.001859	-0.001692	-0.001685	-0.00183	-0.001621	-0.001446	-0.001677	-0.001797	-0.001732	-0.001724	-0.001409	-0.001836	-0.001705	-0.00174	-0.001542	-0.001549	-0.001721	-0.001789
742.836	13461.92	-0.001554	-0.001461	-0.001771	-0.001415	-0.001772	-0.001757	-0.001766	-0.001653	-0.001977	-0.00189	-0.001749	-0.002008	-0.002085	-0.002107	-0.002154	-0.001879	-0.002004	-0.001934	-0.0019	-0.002035	-0.002028	-0.001908	-0.001927	-0.002186	-0.002099	-0.001948	-0.002061	-0.001895	-0.002304	-0.00182	-0.001931
743.413	13451.47	-0.0008777	-0.00145	-0.001255	-0.001544	-0.001403	-0.001497	-0.001743	-0.001381	-0.001861	-0.001193	-0.001504	-0.001683	-0.001652	-0.001726	-0.001583	-0.001652	-0.001378	-0.001278	-0.001463	-0.001581	-0.001502	-0.001639	-0.001452	-0.001587	-0.001601	-0.001601	-0.001578	-0.001792	-0.001686	-0.001618	-0.001792
743.990	13441.05	-0.001186	-0.001263	-0.001333	-0.001618	-0.00154	-0.001654	-0.001826	-0.001651	-0.001676	-0.00176	-0.001663	-0.001803	-0.001804	-0.001756	-0.001561	-0.001995	-0.001633	-0.001757	-0.00153	-0.001669	-0.001841	-0.00174	-0.001895	-0.002152	-0.001859	-0.001755	-0.001904	-0.002222	-0.001699	-0.00216	-0.002108
744.566	13430.63	-0.001095	-0.001165	-0.001098	-0.001298	-0.001409	-0.001336	-0.001575	-0.00171	-0.001618	-0.001683	-0.001702	-0.001621	-0.001648	-0.001805	-0.001808	-0.001835	-0.001766	-0.001569	-0.001602	-0.001668	-0.001694	-0.001618	-0.001696	-0.001494	-0.001859	-0.002043	-0.001889	-0.001904	-0.002019	-0.001805	-0.002269
745.143	13420.24	-0.001243	-0.001455	-0.001622	-0.001585	-0.001596	-0.001751	-0.001801	-0.001811	-0.001846	-0.002203	-0.002112	-0.001805	-0.001981	-0.002188	-0.001984	-0.002261	-0.002123	-0.001932	-0.002058	-0.001901	-0.001811	-0.002147	-0.001974	-0.002198	-0.002149	-0.002029	-0.002097	-0.002262	-0.0022	-0.002222	-0.002308
745.720	13409.86	-0.001453	-0.001235	-0.001389	-0.001528	-0.0014	-0.001595	-0.001748	-0.001677	-0.001685	-0.001871	-0.001557	-0.001624	-0.001783	-0.001754	-0.001668	-0.001914	-0.001901	-0.001873	-0.001695	-0.001727	-0.001784	-0.001941	-0.00196	-0.00178	-0.001772	-0.001986	-0.001877	-0.001921	-0.00177	-0.001902	-0.002057
746.297	13399.50	-0.001305	-0.001397	-0.001367	-0.001354	-0.001344	-0.001491	-0.001557	-0.001597	-0.001806	-0.00146	-0.001573	-0.001791	-0.001591	-0.00165	-0.001716	-0.001785	-0.001859	-0.001971	-0.001657	-0.001782	-0.00162	-0.001655	-0.001706	-0.001875	-0.001696	-0.002026	-0.001797	-0.00187	-0.001652	-0.001839	-0.001967
746.873	13389.15	-0.0008371	-0.00136	-0.001261	-0.001264	-0.001362	-0.0015	-0.001472	-0.001572	-0.001457	-0.001716	-0.001735	-0.00175	-0.001708	-0.001761	-0.001646	-0.001615	-0.00167	-0.001571	-0.001802	-0.001872	-0.001726	-0.00184	-0.00177	-0.001757	-0.00188	-0.001938	-0.001733	-0.00189	-0.001827	-0.001821	-0.002016
747.450	13378.82	-0.001152	-0.001599	-0.001256	-0.001319	-0.001413	-0.001511	-0.001657	-0.001841	-0.001586	-0.001586	-0.00175	-0.001825	-0.001624	-0.001647	-0.001647	-0.001624	-0.001748	-0.001609	-0.001619	-0.001786	-0.001817	-0.001973	-0.001465	-0.00158	-0.001783	-0.001669	-0.001889	-0.001965	-0.001878	-0.001906	-0.00186
748.027	13368.51	-0.001019	-0.001242	-0.001522	-0.001538	-0.001653	-0.001919	-0.001476	-0.001568	-0.001867	-0.001732	-0.001751	-0.001872	-0.001765	-0.001918	-0.001869	-0.00195	-0.002025	-0.001956	-0.001633	-0.001854	-0.001693	-0.00176	-0.001916	-0.001942	-0.002006	-0.002039	-0.001876	-0.002123	-0.001997	-0.002029	-0.002169
748.603	13358.21	-0.001193	-0.001477	-0.00152	-0.001572	-0.00177	-0.001973	-0.001939	-0.00175	-0.001849	-0.001921	-0.00199	-0.001806	-0.001891	-0.001819	-0.001944	-0.002025	-0.00179	-0.001834	-0.00181	-0.001957	-0.001579	-0.001907	-0.001713	-0.001819	-0.001956	-0.001999	-0.00176	-0.002055	-0.002065	-0.002122	-0.002054
749.180	13347.92	-0.0009817	-0.001345	-0.001688	-0.001565	-0.001764	-0.001548	-0.001661	-0.001635	-0.001729	-0.00168	-0.001768	-0.001756	-0.001785	-0.001781	-0.001686	-0.001901	-0.001799	-0.001912	-0.001829	-0.001686	-0.001706	-0.001851	-0.001849	-0.001884	-0.002019	-0.001899	-0.00193	-0.002005	-0.001923	-0.002005	-0.00187
749.757	13337.66	-0.001842	-0.00161	-0.001844	-0.001669	-0.002076	-0.001633	-0.001934	-0.001818	-0.001915	-0.001846	-0.002054	-0.001946	-0.001881	-0.002013	-0.002087	-0.002241	-0.002001	-0.002001	-0.002087	-0.001804	-0.001874	-0.002003	-0.001862	-0.001926	-0.002167	-0.001947	-0.001903	-0.001987	-0.001924	-0.001879	-0.002148
750.334	13327.41	-0.001501	-0.001605	-0.001581	-0.001455	-0.001627	-0.00131	-0.001781	-0.001542	-0.001606	-0.001583	-0.001664	-0.001713	-0.001776	-0.00182	-0.001647	-0.001756	-0.001745	-0.001609	-0.001761	-0.001802	-0.001691	-0.001799	-0.00169	-0.002029	-0.001696	-0.001947	-0.001662	-0.001492	-0.00153	-0.001809	-0.001753
750.910	13317.17	-0.0009841	-0.001315	-0.001273	-0.001213	-0.00144	-0.001349	-0.001431	-0.001225	-0.001592	-0.001354	-0.001487	-0.001441	-0.001457	-0.001498	-0.001551	-0.001556	-0.001617	-0.00134	-0.001337	-0.001387	-0.001652	-0.001701	-0.001533	-0.001618	-0.001609	-0.001782	-0.001578	-0.001728	-0.001646	-0.001602	-0.001723
751.487	13306.95	-0.001319	-0.001385	-0.001497	-0.001431	-0.001622	-0.001542	-0.001631	-0.001539	-0.002032	-0.001787	-0.001693	-0.001813	-0.001941	-0.001879	-0.001909	-0.00192	-0.002071	-0.00157	-0.001901	-0.001937	-0.001946	-0.002088	-0.001955	-0.002038	-0.002046	-0.001919	-0.0019	-0.002161	-0.001992	-0.001838	-0.002006
752.064	13296.75	-0.001151	-0.00128	-0.001298	-0.001449	-0.001514	-0.001303	-0.001503	-0.001532	-0.001732	-0.001815	-0.001718	-0.001929	-0.001748	-0.001746	-0.001709	-0.0016	-0.001865	-0.001727	-0.001796	-0.002034	-0.001909	-0.002129	-0.001903	-0.001535	-0.002002	-0.001654	-0.001721	-0.001947	-0.001866	-0.001955	-0.001896
752.640	13286.56	-0.001223	-0.001429	-0.001699	-0.001476	-0.001673	-0.001606	-0.001836	-0.00174	-0.001968	-0.002029	-0.001825	-0.001866	-0.001938	-0.001782	-0.002113	-0.002085	-0.002202	-0.002072	-0.002077	-0.001858	-0.001975	-0.001969	-0.002043	-0.001964	-0.002083	-0.002072	-0.001989	-0.002193	-0.002022	-0.002122	-0.002134
753.217	13276.38	-0.001112	-0.001652	-0.001731	-0.001483	-0.001847	-0.001903	-0.001941	-0.001796	-0.002074	-0.001998	-0.002107	-0.002239	-0.002169	-0.002165	-0.002061	-0.002353	-0.002152	-0.002182	-0.002244	-0.002087	-0.002237	-0.002049	-0.002196	-0.002137	-0.00244	-0.002206	-0.002261	-0.002394	-0.002245	-0.002417	-0.002412
753.794	13266.23	-0.0008559	-0.001377	-0.001334	-0.001435	-0.00171	-0.001811	-0.001668	-0.001583	-0.001629	-0.001602	-0.001854	-0.00198	-0.001702	-0.001802	-0.001867	-0.002129	-0.00192	-0.001803	-0.002004	-0.001784	-0.001951	-0.001809	-0.001811	-0.001904	-0.002055	-0.002006	-0.00178	-0.002015	-0.002111	-0.001907	-0.002043
754.371	13256.09	-0.001436	-0.001365	-0.00144	-0.001604	-0.001739	-0.001652	-0.001724	-0.001768	-0.001816	-0.001675	-0.001714	-0.001898	-0.001816	-0.002066	-0.00209	-0.002019	-0.001892	-0.001881	-0.0019	-0.001796	-0.002035	-0.002046	-0.002022	-0.001973	-0.002148	-0.001914	-0.001874	-0.002107	-0.001992	-0.001894	-0.001917
754.947	13245.96	-0.00142	-0.001429	-0.001616	-0.001582	-0.001546	-0.001432	-0.001599	-0.001812	-0.001799	-0.001646	-0.001655	-0.001835	-0.00168	-0.001761	-0.001742	-0.001942	-0.002057	-0.001836	-0.001633	-0.001759	-0.001904	-0.001819	-0.001902	-0.001835	-0.001926	-0.001903	-0.001887	-0.001803	-0.001764	-0.001939	-0.001658
755.524	13235.85	-0.001667	-0.001613	-0.001767	-0.001716	-0.001811	-0.001706	-0.001773	-0.001772	-0.001943	-0.001785	-0.001841	-0.001874	-0.001687	-0.001967	-0.001905	-0.001974	-0.002054	-0.002065	-0.001856	-0.002074	-0.002089	-0.001762	-0.002029	-0.001944	-0.001948	-0.001974	-0.001887	-0.001993	-0.002092	-0.001976	-0.002036
756.101	13225.75	-0.001589	-0.001675	-0.001506	-0.001726	-0.001676	-0.001658	-0.001722	-0.001681	-0.001956	-0.00196	-0.001762	-0.001947	-0.001825	-0.002022	-0.001877	-0.00207	-0.001904	-0.002029	-0.001887	-0.001993	-0.00208	-0.002061	-0.00209	-0.001852	-0.00186	-0.001834	-0.001977	-0.0019	-0.001885	-0.001862	-0.001863
756.677	13215.67	-0.002003	-0.001769	-0.001956	-0.001919	-0.002113	-0.001991	-0.001933	-0.002038	-0.002121	-0.002061	-0.002132	-0.002218	-0.001988	-0.002083	-0.002178	-0.002253	-0.002184	-0.00229	-0.002217	-0.00224	-0.002213	-0.002182	-0.002208	-0.002216	-0.002284	-0.002094	-0.002208	-0.002008	-0.002165	-0.002068	-0.002305
757.254	13205.61	-0.001946	-0.001889	-0.002085	-0.002177	-0.002312	-0.002206	-0.002154	-0.002279	-0.002352	-0.002386	-0.002229	-0.002324	-0.002491	-0.002256	-0.002405	-0.002402	-0.002321	-0.002447	-0.002341	-0.002329	-0.002314	-0.002293	-0.002427	-0.002462	-0.00235	-0.002541	-0.002431	-0.002372	-0.002509	-0.002201	-0.002374
757.831	13195.56	-0.001736	-0.001998	-0.001939	-0.001872	-0.002155	-0.00208	-0.001805	-0.002073	-0.00222	-0.001973	-0.002108	-0.002032	-0.002167	-0.002158	-0.002259	-0.002254	-0.002267	-0.002213	-0.002112	-0.002291	-0.002088	-0.002222	-0.002092	-0.0022	-0.002284	-0.002232	-0.002178	-0.002195	-0.002183	-0.002192	-0.002325
758.407	13185.52	-0.001489	-0.001868	-0.00191	-0.00198	-0.001974	-0.002134	-0.002044	-0.00208	-0.002171	-0.002057	-0.002167	-0.002257	-0.002099	-0.002322	-0.002034	-0.002303	-0.002167	-0.002108	-0.002142	-0.002297	-0.00227	-0.002188	-0.002	-0.002237	-0.002186	-0.002383	-0.00234	-0.002246	-0.002273	-0.002213	-0.002344
758.984	13175.50	-0.001651	-0.001831	-0.001861	-0.001874	-0.002087	-0.002258	-0.002246	-0.002057	-0.002216	-0.002107	-0.002233	-0.002244	-0.002086	-0.002369	-0.002229	-0.002406	-0.002117	-0.002259	-0.002018	-0.002286	-0.002396	-0.002167	-0.002044	-0.002216	-0.002322	-0.002321	-0.002357	-0.002368	-0.002263	-0.002492	-0.002504
759.561	13165.50	-0.0009575	-0.001383	-0.001399	-0.001552	-0.001757	-0.001779	-0.001717	-0.001853	-0.001962	-0.002017	-0.001999	-0.002002	-0.001883	-0.002008	-0.001949	-0.002165	-0.00201	-0.002052	-0.001766	-0.002045	-0.002065	-0.001821	-0.001902	-0.001929	-0.002008	-0.00204	-0.002102	-0.002109	-0.002053	-0.002029	-0.002423
760.138	13155.51	-0.0009293	-0.001282	-0.001437	-0.001486	-0.001651	-0.001782	-0.001774	-0.00161	-0.001678	-0.001977	-0.001933	-0.001934	-0.002049	-0.002083	-0.001908	-0.002129	-0.001874	-0.001866	-0.001707	-0.001855	-0.001894	-0.001864	-0.001824	-0.001877	-0.001987	-0.001976	-0.001988	-0.002138	-0.001984	-0.001944	-0.002325
760.714	13145.54	-0.001039	-0.001215	-0.001498	-0.001522	-0.001604	-0.001681	-0.001934	-0.001889	-0.001674	-0.001729	-0.001913	-0.001853	-0.001843	-0.00203	-0.001941	-0.002046	-0.001966	-0.001884	-0.001875	-0.0018	-0.001946	-0.001929	-0.001892	-0.00193	-0.001942	-0.002056	-0.001928	-0.00222	-0.002079	-0.002106	-0.002292
761.291	13135.58	-0.0008886	-0.001278	-0.001385	-0.001395	-0.001674	-0.001635	-0.001639	-0.001864	-0.001748	-0.001721	-0.001776	-0.001812	-0.001756	-0.001847	-0.001977	-0.002031	-0.001969	-0.001694	-0.001972	-0.00203	-0.00188	-0.001934	-0.001811	-0.001872	-0.002083	-0.002134	-0.002102	-0.002031	-0.001954	-0.001991	-0.002129
761.868	13125.64	-0.001091	-0.001325	-0.001371	-0.001393	-0.001685	-0.001451	-0.001567	-0.001762	-0.001776	-0.001823	-0.00189	-0.001978	-0.001743	-0.001812	-0.001842	-0.002072	-0.001874	-0.001756	-0.001825	-0.001729	-0.001824	-0.00207	-0.001886	-0.001825	-0.001957	-0.001977	-0.002028	-0.002061	-0.0021	-0.001927	-0.00201
762.444	13115.71	-0.001077	-0.001059	-0.001309	-0.00115	-0.001183	-0.001265	-0.001311	-0.001378	-0.001484	-0.00148	-0.001653	-0.001677	-0.001563	-0.001662	-0.001537	-0.001646	-0.00152	-0.00163	-0.001526	-0.001434	-0.001604	-0.001732	-0.001717	-0.001685	-0.001823	-0.001756	-0.001789	-0.001808	-0.001901	-0.001925	-0.001861
763.021	13105.80	-0.0009898	-0.001263	-0.001416	-0.0014	-0.001335	-0.001602	-0.001704	-0.001511	-0.001606	-0.001643	-0.00196	-0.001818	-0.001916	-0.001813	-0.001819	-0.001799	-0.001807	-0.001755	-0.001822	-0.001763	-0.001715	-0.001974	-0.00195	-0.001983	-0.002156	-0.001997	-0.001976	-0.001987	-0.002132	-0.002085	-0.002154
763.598	13095.90	-0.001019	-0.001289	-0.001458	-0.001531	-0.001545	-0.00165	-0.001678	-0.0017	-0.001896	-0.001919	-0.002063	-0.001935	-0.001983	-0.001902	-0.001992	-0.001958	-0.001727	-0.001863	-0.001747	-0.001872	-0.001922	-0.002032	-0.002055	-0.001934	-0.002238	-0.002193	-0.002094	-0.002105	-0.002158	-0.002066	-0.002389
764.175	13086.01	-0.001115	-0.0009938	-0.001438	-0.001416	-0.0015	-0.001515	-0.001557	-0.001522	-0.001912	-0.001693	-0.001816	-0.001904	-0.001958	-0.002048	-0.001878	-0.001885	-0.001596	-0.001789	-0.00158	-0.001789	-0.002036	-0.001991	-0.001834	-0.001813	-0.002161	-0.002163	-0.00206	-0.002133	-0.002181	-0.001998	-0.002282
764.751	13076.15	-0.001014	-0.001214	-0.001363	-0.001349	-0.001516	-0.001341	-0.001584	-0.001409	-0.001891	-0.001586	-0.001738	-0.001846	-0.001971	-0.001981	-0.001946	-0.001755	-0.001718	-0.001833	-0.001596	-0.001722	-0.001779	-0.002055	-0.001794	-0.001891	-0.001912	-0.001858	-0.002029	-0.002161	-0.002072	-0.001968	-0.002033
765.328	13066.29	-0.0009433	-0.00123	-0.001267	-0.001471	-0.001342	-0.001466	-0.00171	-0.001563	-0.001894	-0.001679	-0.001793	-0.001928	-0.001935	-0.001902	-0.002007	-0.001696	-0.001764	-0.001724	-0.00154	-0.001827	-0.001585	-0.001984	-0.001759	-0.002021	-0.002032	-0.002025	-0.002085	-0.002061	-0.002018	-0.002018	-0.002001
765.905	13056.45	-0.0008256	-0.001034	-0.0009802	-0.001308	-0.001124	-0.001302	-0.001464	-0.001204	-0.001585	-0.001605	-0.00166	-0.001722	-0.001614	-0.001591	-0.001703	-0.001683	-0.001632	-0.001595	-0.001685	-0.001706	-0.001483	-0.001782	-0.001719	-0.001724	-0.001834	-0.001825	-0.001845	-0.001952	-0.001806	-0.002014	-0.001873
766.481	13046.63	-0.0007111	-0.0007976	-0.0009073	-0.001058	-0.001034	-0.001087	-0.00131	-0.001236	-0.001447	-0.001436	-0.001389	-0.001537	-0.001496	-0.001561	-0.001454	-0.001575	-0.001571	-0.001512	-0.001573	-0.001405	-0.001615	-0.001566	-0.00168	-0.001566	-0.001546	-0.001573	-0.001704	-0.001742	-0.001939	-0.001801	-0.001777
767.058	13036.82	-0.0008096	-0.0008457	-0.001051	-0.000984	-0.001214	-0.001204	-0.001391	-0.001305	-0.00138	-0.001329	-0.001446	-0.001716	-0.001614	-0.001709	-0.001409	-0.001533	-0.001452	-0.001672	-0.001628	-0.001464	-0.001764	-0.001651	-0.001679	-0.001646	-0.001693	-0.001943	-0.001745	-0.001876	-0.001976	-0.001887	-0.001962
767.635	13027.03	-0.0009103	-0.001072	-0.001119	-0.001136	-0.001464	-0.001414	-0.001497	-0.00144	-0.001566	-0.001475	-0.001598	-0.001758	-0.001768	-0.00173	-0.001495	-0.001727	-0.001531	-0.001814	-0.001588	-0.001628	-0.001664	-0.001713	-0.00173	-0.001755	-0.001926	-0.001979	-0.001883	-0.001918	-0.00194	-0.001958	-0.001971
768.212	13017.25	-0.001212	-0.001256	-0.001564	-0.001494	-0.001728	-0.001743	-0.001779	-0.001838	-0.001908	-0.001882	-0.001854	-0.001942	-0.001927	-0.002025	-0.001835	-0.001925	-0.001845	-0.002008	-0.0018	-0.001968	-0.001825	-0.001916	-0.002016	-0.001918	-0.002263	-0.002187	-0.002152	-0.002135	-0.002287	-0.002119	-0.002003
768.788	13007.48	-0.001377	-0.001308	-0.001713	-0.001523	-0.001658	-0.001905	-0.001892	-0.001842	-0.001941	-0.001941	-0.002101	-0.001965	-0.002015	-0.002171	-0.002041	-0.00193	-0.001909	-0.001988	-0.001762	-0.001974	-0.002048	-0.002006	-0.002032	-0.002096	-0.002359	-0.002357	-0.002091	-0.002263	-0.002389	-0.002223	-0.002145
769.365	12997.73	-0.001036	-0.001114	-0.001411	-0.001465	-0.00146	-0.001704	-0.001627	-0.001669	-0.001775	-0.001743	-0.001898	-0.001752	-0.001832	-0.00191	-0.00167	-0.001894	-0.001892	-0.001831	-0.001547	-0.001767	-0.001861	-0.00186	-0.001769	-0.001936	-0.002182	-0.002157	-0.0018	-0.002034	-0.002071	-0.002012	-0.002143
769.942	12988.00	-0.001149	-0.001285	-0.001492	-0.001583	-0.001641	-0.001853	-0.001689	-0.001703	-0.001798	-0.001958	-0.001779	-0.002011	-0.002151	-0.001947	-0.001818	-0.001967	-0.002062	-0.001855	-0.00163	-0.001931	-0.00199	-0.001841	-0.001889	-0.001998	-0.002197	-0.002106	-0.001951	-0.002064	-0.002139	-0.002071	-0.002109
770.518	12978.28	-0.001222	-0.001307	-0.001432	-0.001645	-0.001639	-0.001923	-0.001805	-0.001652	-0.001681	-0.002004	-0.001785	-0.002006	-0.002074	-0.00195	-0.001941	-0.001862	-0.002	-0.00181	-0.001635	-0.001959	-0.002088	-0.001798	-0.002116	-0.001976	-0.002048	-0.002082	-0.002166	-0.002137	-0.002081	-0.002037	-0.002146
771.095	12968.57	-0.001137	-0.001125	-0.001331	-0.001688	-0.001765	-0.001821	-0.002013	-0.001915	-0.001969	-0.001972	-0.002062	-0.001931	-0.001981	-0.002186	-0.001852	-0.001988	-0.00204	-0.001959	-0.001847	-0.001987	-0.00198	-0.001993	-0.002075	-0.002052	-0.002158	-0.002217	-0.00223	-0.002284	-0.002193	-0.002241	-0.002207
771.672	12958.88	-0.001042	-0.001198	-0.001423	-0.001514	-0.001935	-0.001698	-0.001869	-0.001864	-0.002099	-0.001916	-0.002086	-0.001992	-0.002068	-0.002077	-0.001853	-0.002008	-0.001927	-0.001994	-0.001821	-0.001923	-0.001835	-0.002081	-0.002081	-0.002081	-0.002264	-0.002213	-0.002098	-0.002166	-0.00212	-0.002171	-0.002244
772.249	12949.20	-0.001129	-0.001566	-0.001614	-0.00161	-0.001948	-0.001903	-0.001905	-0.001876	-0.002092	-0.002013	-0.001928	-0.001983	-0.002175	-0.002205	-0.002027	-0.002094	-0.001986	-0.002001	-0.002006	-0.001965	-0.002099	-0.002229	-0.002242	-0.002217	-0.002299	-0.002192	-0.002195	-0.002134	-0.002066	-0.002199	-0.002423
772.825	12939.54	-0.00104	-0.001466	-0.001612	-0.001679	-0.001752	-0.001837	-0.001973	-0.001846	-0.002053	-0.001994	-0.001979	-0.001949	-0.002063	-0.002209	-0.002107	-0.00209	-0.002019	-0.001908	-0.00207	-0.001875	-0.002124	-0.002084	-0.002125	-0.002112	-0.002188	-0.002182	-0.002246	-0.002232	-0.002087	-0.002285	-0.002298
773.402	12929.89	-0.0009562	-0.001296	-0.001421	-0.001393	-0.001528	-0.001622	-0.00165	-0.001691	-0.00174	-0.001827	-0.001848	-0.001821	-0.001891	-0.001885	-0.001845	-0.00177	-0.001725	-0.001788	-0.001574	-0.001745	-0.001794	-0.001658	-0.00181	-0.001923	-0.002015	-0.001949	-0.002016	-0.002011	-0.001844	-0.002038	-0.001875
773.979	12920.25	-0.0009219	-0.001287	-0.001411	-0.00134	-0.001575	-0.00152	-0.00159	-0.001432	-0.00165	-0.001807	-0.001789	-0.001687	-0.001721	-0.001757	-0.001709	-0.001778	-0.001678	-0.001616	-0.001493	-0.001768	-0.001687	-0.001621	-0.001684	-0.001825	-0.001829	-0.001946	-0.001893	-0.001707	-0.001977	-0.001811	-0.001894
774.555	12910.63	-0.0008116	-0.001054	-0.001251	-0.001228	-0.001498	-0.001436	-0.001619	-0.001301	-0.001608	-0.001559	-0.001592	-0.001508	-0.001515	-0.001608	-0.001613	-0.001708	-0.001718	-0.001415	-0.001469	-0.001589	-0.001503	-0.001557	-0.001571	-0.001662	-0.001592	-0.001785	-0.001688	-0.001451	-0.001852	-0.001566	-0.001818
775.132	12901.03	-0.001104	-0.001174	-0.001138	-0.001321	-0.001533	-0.001457	-0.001735	-0.001597	-0.001753	-0.001594	-0.001647	-0.001547	-0.001629	-0.001678	-0.001752	-0.001714	-0.001621	-0.001452	-0.001473	-0.001616	-0.001498	-0.001715	-0.001585	-0.001841	-0.001879	-0.001937	-0.001915	-0.001594	-0.001821	-0.001568	-0.001901
775.709	12891.44	-0.001174	-0.001268	-0.001073	-0.001492	-0.001613	-0.001606	-0.001692	-0.001647	-0.001794	-0.001711	-0.001813	-0.001606	-0.001803	-0.001831	-0.001856	-0.001787	-0.001578	-0.001497	-0.001453	-0.001798	-0.001616	-0.001859	-0.001788	-0.001865	-0.001958	-0.001967	-0.002	-0.001785	-0.001862	-0.001759	-0.002101
776.285	12881.86	-0.001115	-0.00138	-0.001368	-0.001427	-0.001731	-0.001745	-0.001689	-0.001593	-0.001922	-0.001776	-0.001699	-0.001782	-0.001802	-0.001892	-0.001704	-0.001854	-0.00167	-0.001521	-0.001702	-0.001853	-0.001748	-0.001759	-0.001873	-0.001874	-0.001766	-0.001718	-0.001902	-0.001861	-0.001912	-0.001906	-0.002033
776.862	12872.30	-0.001038	-0.00129	-0.001396	-0.001298	-0.001598	-0.001682	-0.001435	-0.001578	-0.0018	-0.001519	-0.001577	-0.001627	-0.001666	-0.001605	-0.001652	-0.001605	-0.001555	-0.00153	-0.001591	-0.001522	-0.001573	-0.001539	-0.001631	-0.001507	-0.001574	-0.001611	-0.001649	-0.00171	-0.001587	-0.001612	-0.001792
777.439	12862.75	-0.001624	-0.001475	-0.001639	-0.001709	-0.001762	-0.001762	-0.001828	-0.001674	-0.001713	-0.001512	-0.001746	-0.00169	-0.001867	-0.001863	-0.001933	-0.001747	-0.001739	-0.001892	-0.001814	-0.001714	-0.001633	-0.001797	-0.001755	-0.001642	-0.001914	-0.001888	-0.001713	-0.001806	-0.001771	-0.001822	-0.001811
778.016	12853.21	-0.001867	-0.001753	-0.001801	-0.00177	-0.00194	-0.001692	-0.001895	-0.00182	-0.001758	-0.001578	-0.001813	-0.001833	-0.001793	-0.002009	-0.001865	-0.001833	-0.001839	-0.002067	-0.001853	-0.001942	-0.001738	-0.001922	-0.001738	-0.001733	-0.002064	-0.001947	-0.001701	-0.001972	-0.001853	-0.001962	-0.001931
778.592	12843.69	-0.00175	-0.001741	-0.001891	-0.001624	-0.001982	-0.001781	-0.001815	-0.001881	-0.001946	-0.001737	-0.002042	-0.002106	-0.001894	-0.002026	-0.00202	-0.001988	-0.001943	-0.001927	-0.001923	-0.002235	-0.001879	-0.002086	-0.001877	-0.001914	-0.001991	-0.0021	-0.001989	-0.002197	-0.002016	-0.001908	-0.002106
779.169	12834.19	-0.001552	-0.001493	-0.001776	-0.001564	-0.001721	-0.001724	-0.001947	-0.001939	-0.001999	-0.001789	-0.002041	-0.002014	-0.001908	-0.002044	-0.001937	-0.002088	-0.002015	-0.001947	-0.001827	-0.002048	-0.001996	-0.001995	-0.001934	-0.001946	-0.001855	-0.002168	-0.002027	-0.002081	-0.002066	-0.002008	-0.002137
779.746	12824.69	-0.00158	-0.001684	-0.001771	-0.001937	-0.002033	-0.001951	-0.002044	-0.001901	-0.001987	-0.001884	-0.001955	-0.002002	-0.001892	-0.002071	-0.001912	-0.002151	-0.002007	-0.002272	-0.001898	-0.001954	-0.002175	-0.002141	-0.002138	-0.001984	-0.002043	-0.002143	-0.002153	-0.002046	-0.002	-0.002116	-0.002127
780.322	12815.22	-0.001599	-0.002159	-0.002087	-0.00206	-0.002213	-0.002324	-0.002261	-0.002091	-0.002004	-0.002161	-0.001984	-0.00218	-0.002109	-0.00207	-0.002159	-0.002262	-0.002169	-0.0022	-0.002098	-0.002129	-0.002259	-0.002322	-0.002093	-0.002163	-0.002068	-0.002085	-0.002118	-0.002075	-0.001987	-0.002122	-0.002312
780.899	12805.75	-0.001749	-0.002154	-0.001929	-0.002081	-0.002276	-0.002264	-0.002175	-0.002052	-0.001991	-0.002142	-0.002209	-0.002115	-0.00222	-0.00213	-0.002015	-0.002128	-0.002238	-0.002162	-0.002045	-0.002155	-0.002118	-0.002305	-0.00226	-0.002216	-0.002159	-0.001969	-0.002044	-0.002213	-0.002102	-0.002079	-0.002245
781.476	12796.30	-0.001687	-0.002011	-0.001859	-0.002132	-0.002222	-0.00219	-0.002174	-0.001834	-0.002042	-0.002042	-0.002049	-0.002036	-0.00216	-0.002028	-0.001931	-0.002079	-0.002154	-0.002117	-0.002006	-0.002042	-0.001931	-0.002256	-0.00215	-0.002045	-0.002246	-0.002115	-0.001987	-0.0021	-0.001951	-0.002088	-0.002099
782.053	12786.86	-0.001847	-0.001855	-0.0018	-0.00203	-0.002007	-0.001874	-0.002066	-0.002014	-0.002005	-0.001941	-0.001973	-0.001922	-0.002012	-0.002045	-0.00182	-0.002154	-0.00179	-0.002004	-0.001897	-0.001933	-0.002001	-0.002001	-0.001859	-0.001829	-0.002124	-0.001801	-0.001737	-0.002	-0.001876	-0.001852	-0.001925
782.629	12777.44	-0.001864	-0.001688	-0.001809	-0.001774	-0.001914	-0.001896	-0.001857	-0.002018	-0.001937	-0.001953	-0.002086	-0.001815	-0.001779	-0.002094	-0.001778	-0.001941	-0.001907	-0.001897	-0.001687	-0.001936	-0.002109	-0.00188	-0.00195	-0.001864	-0.002215	-0.001855	-0.001852	-0.001912	-0.001782	-0.001651	-0.00199
783.206	12768.03	-0.001647	-0.001744	-0.001655	-0.001612	-0.00182	-0.001789	-0.001774	-0.001749	-0.001689	-0.001796	-0.001625	-0.001792	-0.00173	-0.001806	-0.001709	-0.001667	-0.00191	-0.00178	-0.001459	-0.001916	-0.001701	-0.001698	-0.001812	-0.001821	-0.001819	-0.001663	-0.001705	-0.001846	-0.001875	-0.001594	-0.001884
783.783	12758.64	-0.001417	-0.00167	-0.001468	-0.001775	-0.001775	-0.001849	-0.001801	-0.001724	-0.001759	-0.001776	-0.001457	-0.001676	-0.001618	-0.001705	-0.001715	-0.001775	-0.001833	-0.001671	-0.001729	-0.001758	-0.001806	-0.001767	-0.001662	-0.001718	-0.001645	-0.001773	-0.001706	-0.001638	-0.001632	-0.001673	-0.001722
784.359	12749.26	-0.001575	-0.001674	-0.001603	-0.002068	-0.001985	-0.001864	-0.001898	-0.001988	-0.001997	-0.001864	-0.0019	-0.001923	-0.001848	-0.002005	-0.001955	-0.002073	-0.001928	-0.001916	-0.001892	-0.002015	-0.002092	-0.001965	-0.002053	-0.001837	-0.002022	-0.001981	-0.001868	-0.001969	-0.0018	-0.001925	-0.002032
784.936	12739.89	-0.001751	-0.001892	-0.001792	-0.002079	-0.002086	-0.002141	-0.002254	-0.001933	-0.001963	-0.001817	-0.002133	-0.002066	-0.002106	-0.002178	-0.001898	-0.002336	-0.002317	-0.002157	-0.002049	-0.002188	-0.00213	-0.002133	-0.001952	-0.00193	-0.002119	-0.002037	-0.002097	-0.002011	-0.0021	-0.001939	-0.002096
785.513	12730.54	-0.00195	-0.002016	-0.002316	-0.002221	-0.002012	-0.002229	-0.002111	-0.002005	-0.002311	-0.002228	-0.002012	-0.002172	-0.002128	-0.002149	-0.00214	-0.002422	-0.002486	-0.002125	-0.002124	-0.002383	-0.00214	-0.002224	-0.002111	-0.002224	-0.002352	-0.00215	-0.002232	-0.002231	-0.001977	-0.001926	-0.002156
786.090	12721.20	-0.001971	-0.00193	-0.002104	-0.002205	-0.001884	-0.002381	-0.002097	-0.001878	-0.002203	-0.002231	-0.002096	-0.00202	-0.002016	-0.002207	-0.002199	-0.002508	-0.002138	-0.002207	-0.002224	-0.002496	-0.002224	-0.002263	-0.002178	-0.002202	-0.002493	-0.002316	-0.002438	-0.002213	-0.002077	-0.002111	-0.002319
786.666	12711.87	-0.001797	-0.001854	-0.002024	-0.001832	-0.002201	-0.00212	-0.001965	-0.00193	-0.002174	-0.001961	-0.002182	-0.001871	-0.001797	-0.002131	-0.002063	-0.002213	-0.001965	-0.002448	-0.00226	-0.002382	-0.002043	-0.001989	-0.002391	-0.002205	-0.002152	-0.002219	-0.001975	-0.002065	-0.001953	-0.00189	-0.002356
787.243	12702.56	-0.001663	-0.001523	-0.001761	-0.001706	-0.001829	-0.001838	-0.001918	-0.001702	-0.001751	-0.001787	-0.001571	-0.001816	-0.00179	-0.001936	-0.001944	-0.002073	-0.002058	-0.001961	-0.002094	-0.002058	-0.001911	-0.002098	-0.001983	-0.002002	-0.001779	-0.002045	-0.001742	-0.002122	-0.001907	-0.001772	-0.001879
787.820	12693.26	-0.001943	-0.001626	-0.001917	-0.001653	-0.002055	-0.002073	-0.001936	-0.002277	-0.002034	-0.001985	-0.001844	-0.001863	-0.002028	-0.002243	-0.002229	-0.002274	-0.002069	-0.002255	-0.002182	-0.002139	-0.00213	-0.002251	-0.002172	-0.002078	-0.002151	-0.002057	-0.00206	-0.002313	-0.002149	-0.002109	-0.002043
788.396	12683.98	-0.001817	-0.00174	-0.001864	-0.002142	-0.002145	-0.002181	-0.002047	-0.002208	-0.002121	-0.002094	-0.002042	-0.001982	-0.002181	-0.002262	-0.002229	-0.002536	-0.002416	-0.002425	-0.002003	-0.002153	-0.002153	-0.002511	-0.002286	-0.002198	-0.002241	-0.001971	-0.00213	-0.002267	-0.002163	-0.002135	-0.002361
788.973	12674.70	-0.0019	-0.001774	-0.001896	-0.001985	-0.002208	-0.002136	-0.002403	-0.002242	-0.002329	-0.002259	-0.002379	-0.002352	-0.002354	-0.002333	-0.00208	-0.002541	-0.002351	-0.002339	-0.002255	-0.002339	-0.002267	-0.002449	-0.002177	-0.002293	-0.002337	-0.002212	-0.002306	-0.002373	-0.002319	-0.002474	-0.002334
789.550	12665.45	-0.001908	-0.001958	-0.001948	-0.002036	-0.002146	-0.00215	-0.002129	-0.001945	-0.002328	-0.002376	-0.002129	-0.002277	-0.002269	-0.002232	-0.002244	-0.002593	-0.002307	-0.00221	-0.002531	-0.002335	-0.002402	-0.00249	-0.002253	-0.002163	-0.002531	-0.00215	-0.002356	-0.002534	-0.002427	-0.002294	-0.002556
790.126	12656.20	-0.001948	-0.001957	-0.002177	-0.002235	-0.00244	-0.002379	-0.002079	-0.002323	-0.002326	-0.002316	-0.002346	-0.002439	-0.002553	-0.002476	-0.002391	-0.002404	-0.002738	-0.002448	-0.002489	-0.002514	-0.002698	-0.002415	-0.002629	-0.002536	-0.002692	-0.002535	-0.002276	-0.002427	-0.002552	-0.002231	-0.002614
790.703	12646.97	-0.001853	-0.001863	-0.001943	-0.002398	-0.002365	-0.002363	-0.002359	-0.002437	-0.002277	-0.002342	-0.00245	-0.002287	-0.002537	-0.002477	-0.002588	-0.002433	-0.002499	-0.002432	-0.002513	-0.002215	-0.002393	-0.002586	-0.00223	-0.002492	-0.0025	-0.002489	-0.002304	-0.002521	-0.00246	-0.00251	-0.002669
791.280	12637.75	-0.002011	-0.002045	-0.002115	-0.002498	-0.002399	-0.002592	-0.002551	-0.002549	-0.002612	-0.002482	-0.002751	-0.00269	-0.002549	-0.002561	-0.002604	-0.002557	-0.00265	-0.002462	-0.002594	-0.002364	-0.002349	-0.002767	-0.002303	-0.002646	-0.002793	-0.002679	-0.002525	-0.003017	-0.002618	-0.002598	-0.002732
791.857	12628.55	-0.001829	-0.00198	-0.00225	-0.00215	-0.002404	-0.002262	-0.002597	-0.002447	-0.002592	-0.002371	-0.002628	-0.002735	-0.002563	-0.002389	-0.002482	-0.002573	-0.002467	-0.002472	-0.002455	-0.002414	-0.002187	-0.00255	-0.002269	-0.002564	-0.002574	-0.002375	-0.002665	-0.002295	-0.002098	-0.002546	-0.002299
792.433	12619.36	-0.001768	-0.001772	-0.002016	-0.001955	-0.002108	-0.00228	-0.002165	-0.002046	-0.002285	-0.002053	-0.002178	-0.002438	-0.002305	-0.002346	-0.002182	-0.002434	-0.001991	-0.00217	-0.00222	-0.002684	-0.002293	-0.002362	-0.002307	-0.002174	-0.002218	-0.002371	-0.002319	-0.002272	-0.002208	-0.002122	-0.001988
793.010	12610.18	-0.00157	-0.001663	-0.001861	-0.002005	-0.001922	-0.00222	-0.001982	-0.002183	-0.002433	-0.001948	-0.00201	-0.002012	-0.001966	-0.002313	-0.001925	-0.002229	-0.002154	-0.002125	-0.001904	-0.001945	-0.002056	-0.002292	-0.002101	-0.002162	-0.002401	-0.002074	-0.002205	-0.002277	-0.002377	-0.001983	-0.002305
793.587	12601.02	-0.001577	-0.001694	-0.001966	-0.001999	-0.002171	-0.002331	-0.002231	-0.002541	-0.002364	-0.002332	-0.002446	-0.002483	-0.002561	-0.002149	-0.002477	-0.002539	-0.00211	-0.002496	-0.002178	-0.002541	-0.0023	-0.002399	-0.002203	-0.002565	-0.002511	-0.002554	-0.002372	-0.002423	-0.002344	-0.002462	-0.002411
794.163	12591.87	-0.001624	-0.001667	-0.001689	-0.001729	-0.00187	-0.001808	-0.00181	-0.001778	-0.0018	-0.001959	-0.002183	-0.002143	-0.001839	-0.002045	-0.002157	-0.002177	-0.002001	-0.002015	-0.00205	-0.001773	-0.001973	-0.001884	-0.002049	-0.002182	-0.002062	-0.002108	-0.00195	-0.002324	-0.001946	-0.002156	-0.002199
794.740	12582.73	-0.001563	-0.002002	-0.001817	-0.002405	-0.00197	-0.002201	-0.002387	-0.002209	-0.002408	-0.002246	-0.002269	-0.002526	-0.002163	-0.002306	-0.002377	-0.002195	-0.002558	-0.001954	-0.002168	-0.002495	-0.001888	-0.002454	-0.002272	-0.002269	-0.002758	-0.002305	-0.002598	-0.00249	-0.002326	-0.002481	-0.002758
795.317	12573.60	-0.001442	-0.001785	-0.001811	-0.001864	-0.001947	-0.002139	-0.001938	-0.001686	-0.002071	-0.002322	-0.002323	-0.002198	-0.002137	-0.002212	-0.002172	-0.002247	-0.002199	-0.001894	-0.002326	-0.002228	-0.002056	-0.002185	-0.002203	-0.002418	-0.002416	-0.002278	-0.002461	-0.002363	-0.002416	-0.002388	-0.00259
795.894	12564.49	-0.00121	-0.001235	-0.001586	-0.001751	-0.001495	-0.001723	-0.001669	-0.001904	-0.001927	-0.001768	-0.001842	-0.002091	-0.001992	-0.001782	-0.001993	-0.001684	-0.001602	-0.001792	-0.001775	-0.001912	-0.001878	-0.001805	-0.001747	-0.002047	-0.002005	-0.002207	-0.001892	-0.001997	-0.002059	-0.00219	-0.002356
796.470	12555.40	-0.001216	-0.001439	-0.001256	-0.00171	-0.00183	-0.001952	-0.002224	-0.002027	-0.002042	-0.002123	-0.002061	-0.002391	-0.002286	-0.00218	-0.002298	-0.002067	-0.002171	-0.002108	-0.002247	-0.002113	-0.002319	-0.00214	-0.002051	-0.00222	-0.00248	-0.002465	-0.002408	-0.002325	-0.002263	-0.002576	-0.002718
797.047	12546.31	-0.0008341	-0.001222	-0.001332	-0.001571	-0.001984	-0.001958	-0.002123	-0.001666	-0.002229	-0.002262	-0.002068	-0.002093	-0.002248	-0.002309	-0.002286	-0.002163	-0.002199	-0.001924	-0.002075	-0.00222	-0.002032	-0.002374	-0.002174	-0.002052	-0.002605	-0.002598	-0.002216	-0.002541	-0.002497	-0.002323	-0.002203
797.624	12537.24	-0.0009797	-0.001316	-0.001697	-0.00166	-0.001975	-0.001973	-0.002132	-0.002039	-0.002276	-0.002163	-0.002431	-0.002326	-0.002621	-0.002233	-0.002373	-0.002255	-0.002473	-0.00226	-0.002174	-0.002216	-0.00221	-0.002409	-0.002107	-0.002342	-0.002356	-0.002512	-0.002679	-0.002502	-0.002644	-0.002697	-0.002658
798.200	12528.18	-0.001567	-0.001528	-0.001688	-0.001842	-0.002158	-0.002188	-0.002009	-0.002542	-0.00242	-0.002416	-0.002379	-0.002687	-0.002506	-0.002448	-0.002431	-0.002716	-0.002425	-0.002748	-0.002346	-0.002373	-0.002619	-0.002642	-0.002371	-0.002519	-0.002642	-0.002667	-0.002925	-0.002635	-0.002822	-0.002848	-0.002719
798.777	12519.14	-0.001269	-0.001544	-0.001755	-0.001726	-0.00198	-0.002085	-0.001964	-0.002279	-0.002349	-0.001934	-0.002405	-0.002508	-0.002144	-0.002673	-0.002394	-0.002557	-0.002475	-0.002342	-0.002279	-0.002484	-0.002339	-0.002472	-0.002409	-0.002502	-0.002569	-0.002619	-0.002527	-0.002348	-0.002283	-0.002528	-0.002734
799.354	12510.10	-0.001372	-0.001208	-0.001912	-0.001697	-0.001627	-0.001913	-0.001745	-0.002021	-0.001986	-0.001735	-0.001985	-0.002367	-0.002192	-0.002118	-0.001874	-0.002557	-0.002391	-0.002289	-0.00201	-0.002273	-0.001936	-0.002294	-0.002104	-0.002251	-0.002193	-0.00222	-0.002281	-0.002372	-0.002156	-0.002532	-0.002352
799.931	12501.09	-0.001789	-0.001747	-0.002088	-0.002124	-0.001971	-0.001878	-0.002199	-0.002045	-0.00207	-0.002181	-0.002277	-0.002403	-0.002249	-0.002487	-0.002408	-0.002296	-0.002202	-0.002385	-0.002234	-0.002126	-0.002202	-0.002421	-0.002365	-0.002238	-0.002473	-0.002327	-0.002508	-0.002482	-0.002421	-0.002617	-0.002606
800.507	12492.08	-0.001367	-0.001582	-0.001737	-0.001937	-0.001964	-0.002094	-0.001958	-0.002129	-0.002034	-0.002167	-0.002502	-0.002281	-0.002078	-0.002177	-0.002388	-0.002445	-0.002327	-0.002197	-0.002316	-0.002028	-0.002269	-0.002353	-0.002392	-0.00245	-0.002332	-0.002321	-0.002317	-0.002363	-0.002457	-0.00251	-0.002549
801.084	12483.09	-0.00112	-0.001261	-0.001633	-0.001757	-0.001987	-0.001992	-0.002017	-0.002057	-0.001898	-0.002213	-0.002071	-0.002308	-0.002005	-0.002229	-0.002067	-0.002228	-0.002183	-0.002003	-0.00218	-0.002348	-0.002152	-0.002363	-0.00209	-0.002525	-0.00219	-0.002331	-0.002433	-0.002375	-0.002295	-0.002406	-0.00222
801.661	12474.11	-0.001385	-0.001321	-0.001706	-0.001767	-0.001992	-0.001845	-0.002009	-0.0022	-0.001832	-0.002197	-0.002169	-0.002223	-0.002152	-0.002293	-0.00214	-0.002113	-0.002122	-0.002221	-0.002026	-0.002419	-0.002104	-0.002462	-0.002264	-0.002434	-0.002102	-0.002484	-0.002324	-0.002311	-0.002257	-0.002519	-0.002286
802.237	12465.14	-0.001558	-0.001496	-0.001598	-0.001662	-0.001799	-0.001798	-0.001977	-0.001759	-0.001838	-0.002139	-0.002243	-0.002159	-0.002164	-0.002257	-0.002186	-0.002296	-0.002179	-0.001926	-0.002146	-0.002223	-0.002135	-0.0023	-0.002196	-0.002267	-0.002116	-0.00237	-0.002388	-0.002393	-0.002135	-0.002076	-0.002379
802.814	12456.18	-0.001634	-0.00148	-0.001716	-0.00173	-0.001783	-0.001913	-0.00193	-0.002013	-0.001915	-0.001982	-0.002196	-0.002212	-0.0021	-0.002312	-0.002415	-0.002156	-0.00201	-0.001965	-0.002249	-0.002133	-0.001935	-0.002113	-0.002107	-0.002096	-0.002298	-0.002209	-0.002082	-0.002268	-0.002338	-0.002152	-0.002321
803.391	12447.24	-0.001279	-0.001316	-0.001602	-0.001663	-0.001715	-0.001599	-0.001636	-0.00173	-0.001592	-0.001889	-0.001782	-0.001762	-0.001939	-0.001838	-0.001905	-0.001954	-0.001969	-0.001902	-0.001596	-0.001908	-0.001727	-0.00166	-0.002046	-0.001736	-0.001851	-0.001938	-0.001811	-0.001911	-0.001709	-0.001924	-0.002113
803.968	12438.31	-0.001267	-0.001402	-0.00166	-0.00145	-0.001679	-0.00188	-0.002041	-0.001789	-0.001948	-0.002131	-0.002019	-0.002147	-0.00209	-0.002248	-0.001985	-0.00238	-0.002011	-0.002103	-0.002152	-0.002113	-0.002043	-0.001915	-0.002156	-0.002029	-0.00218	-0.002242	-0.002243	-0.002227	-0.002113	-0.002051	-0.002233
804.544	12429.40	-0.0009922	-0.001378	-0.001627	-0.001737	-0.001934	-0.001787	-0.002034	-0.001983	-0.001895	-0.002223	-0.002001	-0.002178	-0.002231	-0.002273	-0.002078	-0.002261	-0.002056	-0.002122	-0.00198	-0.002299	-0.002243	-0.002014	-0.002209	-0.002163	-0.002234	-0.002488	-0.002059	-0.00229	-0.002217	-0.002274	-0.002434
805.121	12420.49	-0.001104	-0.001299	-0.001614	-0.001649	-0.001752	-0.00181	-0.002083	-0.001683	-0.001701	-0.00188	-0.001925	-0.00207	-0.001955	-0.002167	-0.002045	-0.001971	-0.002029	-0.002031	-0.001896	-0.00211	-0.001998	-0.001862	-0.00216	-0.001992	-0.002019	-0.002263	-0.001904	-0.001965	-0.00207	-0.002044	-0.002259
805.698	12411.60	-0.001143	-0.000915	-0.001365	-0.001674	-0.001571	-0.001607	-0.001678	-0.001751	-0.001971	-0.00165	-0.001876	-0.002061	-0.001987	-0.001969	-0.002025	-0.001778	-0.002022	-0.001535	-0.001998	-0.001757	-0.001784	-0.001855	-0.001922	-0.00188	-0.002136	-0.002063	-0.001919	-0.002085	-0.002055	-0.002184	-0.002132
806.274	12402.73	-0.001138	-0.001194	-0.001429	-0.001738	-0.001436	-0.001776	-0.001686	-0.001769	-0.002011	-0.001836	-0.001882	-0.001905	-0.002201	-0.001948	-0.002034	-0.001891	-0.001804	-0.001794	-0.001954	-0.001965	-0.001799	-0.001997	-0.002042	-0.002017	-0.002123	-0.002186	-0.002133	-0.002076	-0.001986	-0.002359	-0.002108
806.851	12393.86	-0.001103	-0.001098	-0.001416	-0.001393	-0.001464	-0.001811	-0.001913	-0.001679	-0.00171	-0.001853	-0.001838	-0.001727	-0.001871	-0.001836	-0.001813	-0.001648	-0.001706	-0.001662	-0.001707	-0.001866	-0.001705	-0.001766	-0.001871	-0.001635	-0.001865	-0.001994	-0.001877	-0.001848	-0.001857	-0.002029	-0.002059
807.428	12385.01	-0.00104	-0.001118	-0.001417	-0.001607	-0.00144	-0.001685	-0.001678	-0.001581	-0.001505	-0.001696	-0.00172	-0.001595	-0.001681	-0.00161	-0.001655	-0.001742	-0.001544	-0.001593	-0.001534	-0.001861	-0.001888	-0.001657	-0.001864	-0.001689	-0.001843	-0.001868	-0.001758	-0.001869	-0.00182	-0.001609	-0.001655
808.004	12376.17	-0.001233	-0.001293	-0.001566	-0.001684	-0.001576	-0.001853	-0.001758	-0.001773	-0.001713	-0.001584	-0.001908	-0.001719	-0.001861	-0.001711	-0.001541	-0.001939	-0.001633	-0.001718	-0.001582	-0.001923	-0.002048	-0.001842	-0.001594	-0.001761	-0.002003	-0.001888	-0.00188	-0.002032	-0.001893	-0.001677	-0.001625
808.581	12367.34	-0.001502	-0.001504	-0.001753	-0.001616	-0.001697	-0.001943	-0.001815	-0.002003	-0.001861	-0.001734	-0.002076	-0.002077	-0.002065	-0.001908	-0.001778	-0.002028	-0.001875	-0.001955	-0.00182	-0.001798	-0.001962	-0.002051	-0.001987	-0.001864	-0.002175	-0.001991	-0.001892	-0.002013	-0.00186	-0.001727	-0.002025
809.158	12358.53	-0.001588	-0.001825	-0.001765	-0.001879	-0.00204	-0.002047	-0.001977	-0.002054	-0.002068	-0.00209	-0.002297	-0.00212	-0.002418	-0.002267	-0.002174	-0.00226	-0.002007	-0.002051	-0.001911	-0.001985	-0.002112	-0.002043	-0.002238	-0.002279	-0.002107	-0.002138	-0.002243	-0.002075	-0.002143	-0.002018	-0.002246
809.735	12349.73	-0.001516	-0.001784	-0.001881	-0.002097	-0.002087	-0.002196	-0.002324	-0.001965	-0.002297	-0.002177	-0.00232	-0.002172	-0.002416	-0.002415	-0.002246	-0.002431	-0.002248	-0.002214	-0.002098	-0.002338	-0.002225	-0.002297	-0.002422	-0.00245	-0.002195	-0.002294	-0.002488	-0.002207	-0.002489	-0.002398	-0.002512
810.311	12340.94	-0.001402	-0.001568	-0.001784	-0.001937	-0.001809	-0.001933	-0.002266	-0.001881	-0.002155	-0.002055	-0.002158	-0.002186	-0.002069	-0.002104	-0.002005	-0.002184	-0.001988	-0.002134	-0.001918	-0.001985	-0.001873	-0.002179	-0.00229	-0.002204	-0.002369	-0.002245	-0.002064	-0.002359	-0.002141	-0.002259	-0.00241
810.888	12332.16	-0.001149	-0.001279	-0.001398	-0.001642	-0.00176	-0.001655	-0.001915	-0.001882	-0.002045	-0.001958	-0.001987	-0.002183	-0.002018	-0.002166	-0.001773	-0.001828	-0.001974	-0.001938	-0.001831	-0.001735	-0.002157	-0.002161	-0.002043	-0.001867	-0.002297	-0.002235	-0.001919	-0.002202	-0.002102	-0.002072	-0.002333
811.465	12323.39	-0.001247	-0.00134	-0.001434	-0.001714	-0.002014	-0.001828	-0.001955	-0.002072	-0.002019	-0.002268	-0.002209	-0.002473	-0.002244	-0.002404	-0.002166	-0.002136	-0.002189	-0.002208	-0.002083	-0.002251	-0.002392	-0.002531	-0.002463	-0.002209	-0.002459	-0.00259	-0.002342	-0.002426	-0.002451	-0.002377	-0.002465
812.041	12314.64	-0.001514	-0.001649	-0.001644	-0.001884	-0.002053	-0.002221	-0.002199	-0.002176	-0.002396	-0.002512	-0.002328	-0.00267	-0.002393	-0.002466	-0.002508	-0.002565	-0.00231	-0.002201	-0.002286	-0.002648	-0.002381	-0.002516	-0.002672	-0.00267	-0.00268	-0.002748	-0.002663	-0.002554	-0.002667	-0.002724	-0.002803
812.618	12305.90	-0.001621	-0.001692	-0.001792	-0.001969	-0.002081	-0.002324	-0.002329	-0.002354	-0.002694	-0.002387	-0.00247	-0.002602	-0.002434	-0.002422	-0.002584	-0.002558	-0.00237	-0.002279	-0.002453	-0.002656	-0.002595	-0.002341	-0.002481	-0.002387	-0.002628	-0.002784	-0.002539	-0.002532	-0.002621	-0.002836	-0.002758
813.195	12297.18	-0.001594	-0.001584	-0.001924	-0.002135	-0.002292	-0.002401	-0.002189	-0.00242	-0.002571	-0.002337	-0.002592	-0.002547	-0.00247	-0.00249	-0.002622	-0.002589	-0.002467	-0.002545	-0.002368	-0.002443	-0.00265	-0.002305	-0.002513	-0.002369	-0.00266	-0.002774	-0.002669	-0.002676	-0.002578	-0.002745	-0.002748
813.772	12288.46	-0.00149	-0.001591	-0.00192	-0.002014	-0.00228	-0.002409	-0.002078	-0.00221	-0.002312	-0.00234	-0.002404	-0.002609	-0.00245	-0.00272	-0.002492	-0.00239	-0.002316	-0.002588	-0.00211	-0.002324	-0.002455	-0.002208	-0.002422	-0.002509	-0.002656	-0.002651	-0.002627	-0.002574	-0.002567	-0.002596	-0.002679
814.348	12279.76	-0.001421	-0.001604	-0.001821	-0.001735	-0.002099	-0.00223	-0.002106	-0.00217	-0.002119	-0.00223	-0.002133	-0.00222	-0.002268	-0.002416	-0.002415	-0.0021	-0.002219	-0.002291	-0.002176	-0.002395	-0.002246	-0.002058	-0.002253	-0.002308	-0.002557	-0.002479	-0.002413	-0.002418	-0.002574	-0.002511	-0.002484
814.925	12271.07	-0.001343	-0.001533	-0.001719	-0.001784	-0.002	-0.002138	-0.002172	-0.0021	-0.002064	-0.002171	-0.001976	-0.001897	-0.002074	-0.002176	-0.002299	-0.002127	-0.002207	-0.001946	-0.002245	-0.002494	-0.002147	-0.002129	-0.002269	-0.00227	-0.002448	-0.00248	-0.002471	-0.002393	-0.002497	-0.002631	-0.002504
815.502	12262.39	-0.001047	-0.001356	-0.001659	-0.001869	-0.001817	-0.002125	-0.002071	-0.001991	-0.002009	-0.002051	-0.001973	-0.001885	-0.00221	-0.002116	-0.002347	-0.002135	-0.002121	-0.001925	-0.001997	-0.002116	-0.00215	-0.00219	-0.002176	-0.002078	-0.002436	-0.002466	-0.002408	-0.002376	-0.002283	-0.002334	-0.002367
816.078	12253.72	-0.001344	-0.001536	-0.001696	-0.00204	-0.00205	-0.002103	-0.00204	-0.00224	-0.002175	-0.002193	-0.002281	-0.002059	-0.002423	-0.002316	-0.002387	-0.002253	-0.002358	-0.002081	-0.001914	-0.002214	-0.00226	-0.002198	-0.0022	-0.002274	-0.002391	-0.002345	-0.00246	-0.002306	-0.002446	-0.002354	-0.002413
816.655	12245.07	-0.001223	-0.001293	-0.001388	-0.00185	-0.001927	-0.001729	-0.001777	-0.002132	-0.00194	-0.002	-0.00201	-0.001815	-0.001964	-0.002067	-0.001912	-0.001979	-0.002042	-0.00191	-0.001754	-0.002107	-0.00197	-0.002001	-0.002007	-0.002252	-0.002075	-0.001944	-0.002182	-0.002116	-0.002266	-0.002299	-0.002301
817.232	12236.43	-0.001356	-0.001111	-0.001536	-0.001802	-0.001836	-0.001823	-0.00184	-0.002149	-0.001879	-0.001955	-0.002074	-0.001891	-0.00188	-0.002103	-0.001976	-0.002112	-0.001971	-0.001902	-0.001956	-0.002139	-0.001986	-0.002091	-0.00189	-0.002184	-0.002307	-0.002088	-0.002281	-0.002154	-0.00223	-0.002131	-0.002205
817.809	12227.80	-0.001311	-0.001354	-0.001672	-0.001707	-0.001935	-0.001975	-0.001816	-0.00225	-0.002142	-0.001918	-0.002143	-0.002168	-0.002084	-0.002282	-0.002017	-0.00227	-0.001948	-0.001861	-0.002108	-0.002066	-0.002017	-0.002205	-0.00204	-0.002202	-0.002103	-0.002077	-0.002242	-0.002096	-0.002292	-0.002135	-0.002178
818.385	12219.18	-0.001248	-0.001439	-0.001817	-0.001961	-0.001852	-0.002006	-0.00174	-0.002079	-0.002229	-0.002223	-0.002143	-0.00193	-0.002215	-0.002236	-0.002025	-0.002307	-0.002312	-0.001872	-0.001878	-0.001974	-0.0021	-0.002035	-0.00206	-0.00219	-0.002189	-0.002002	-0.002114	-0.002152	-0.002237	-0.002166	-0.002352
818.962	12210.58	-0.001425	-0.001561	-0.001786	-0.001891	-0.002014	-0.002296	-0.00215	-0.002051	-0.002284	-0.002648	-0.002318	-0.002058	-0.002038	-0.00221	-0.002124	-0.002167	-0.00235	-0.002063	-0.00191	-0.001977	-0.002031	-0.002161	-0.002308	-0.002231	-0.002441	-0.002237	-0.002535	-0.00229	-0.002295	-0.002126	-0.002489
819.539	12201.99	-0.001553	-0.001665	-0.001873	-0.001815	-0.001882	-0.002318	-0.002156	-0.002247	-0.002219	-0.002341	-0.002157	-0.002331	-0.002203	-0.002096	-0.002087	-0.002237	-0.002233	-0.001925	-0.001946	-0.002088	-0.001727	-0.001994	-0.001994	-0.001967	-0.002152	-0.002129	-0.002123	-0.00216	-0.002103	-0.002032	-0.002403
820.115	12193.41	-0.001473	-0.00146	-0.001884	-0.002029	-0.0018	-0.002404	-0.002075	-0.002045	-0.002191	-0.002148	-0.002034	-0.002117	-0.002269	-0.002266	-0.002056	-0.002112	-0.002214	-0.00216	-0.001875	-0.002053	-0.001965	-0.001884	-0.001979	-0.001994	-0.002284	-0.002165	-0.002126	-0.002389	-0.001853	-0.00202	-0.002113
820.692	12184.84	-0.00162	-0.001279	-0.00175	-0.002132	-0.001988	-0.002434	-0.00226	-0.002232	-0.002375	-0.00214	-0.0019	-0.002128	-0.00211	-0.002474	-0.002318	-0.002378	-0.002249	-0.0023	-0.002081	-0.002142	-0.002264	-0.002174	-0.002165	-0.002562	-0.002668	-0.002057	-0.002242	-0.002438	-0.002299	-0.002319	-0.002465
821.269	12176.28	-0.001509	-0.001279	-0.001663	-0.001763	-0.001884	-0.002104	-0.002413	-0.00229	-0.002415	-0.002454	-0.002273	-0.002287	-0.002531	-0.002512	-0.002355	-0.002356	-0.00233	-0.002221	-0.002283	-0.002298	-0.00226	-0.00241	-0.002381	-0.00251	-0.00267	-0.002299	-0.002465	-0.00251	-0.002776	-0.002619	-0.002768
821.845	12167.74	-0.001046	-0.001476	-0.001849	-0.001772	-0.00213	-0.002095	-0.002426	-0.002209	-0.002456	-0.002686	-0.002273	-0.002406	-0.002651	-0.002465	-0.002453	-0.002355	-0.00227	-0.002357	-0.002373	-0.002428	-0.002693	-0.002729	-0.002666	-0.002701	-0.002566	-0.002729	-0.002955	-0.002461	-0.002571	-0.002473	-0.002921
822.422	12159.20	-0.001423	-0.001567	-0.002192	-0.002134	-0.002026	-0.002105	-0.002378	-0.002477	-0.002689	-0.002539	-0.002661	-0.002552	-0.002384	-0.002736	-0.002579	-0.002515	-0.002267	-0.002419	-0.002528	-0.002322	-0.002716	-0.002779	-0.002708	-0.002667	-0.002389	-0.00259	-0.002667	-0.002513	-0.0027	-0.002517	-0.002786
822.999	12150.68	-0.001425	-0.001384	-0.001919	-0.002099	-0.002175	-0.001893	-0.002122	-0.002285	-0.002407	-0.002354	-0.002245	-0.002356	-0.002382	-0.002689	-0.002301	-0.002632	-0.002182	-0.002391	-0.002282	-0.002368	-0.002234	-0.00266	-0.002775	-0.002523	-0.002708	-0.002768	-0.00261	-0.002627	-0.002662	-0.002686	-0.002706
823.576	12142.18	-0.001176	-0.001307	-0.001687	-0.001673	-0.001767	-0.001976	-0.002165	-0.002076	-0.002225	-0.002114	-0.002093	-0.002077	-0.002246	-0.00226	-0.002114	-0.002255	-0.001982	-0.001898	-0.002021	-0.001982	-0.002096	-0.002374	-0.002141	-0.002302	-0.002607	-0.002535	-0.002375	-0.002253	-0.002428	-0.002626	-0.002252
824.152	12133.68	-0.001072	-0.001261	-0.001336	-0.00175	-0.001787	-0.001665	-0.001632	-0.00189	-0.001915	-0.002044	-0.001898	-0.002008	-0.002219	-0.002069	-0.00193	-0.002204	-0.001907	-0.002087	-0.001736	-0.002032	-0.001821	-0.001882	-0.001796	-0.002282	-0.002322	-0.002219	-0.002246	-0.002163	-0.002258	-0.002434	-0.002307
824.729	12125.19	-0.0009864	-0.001252	-0.001551	-0.001544	-0.001462	-0.001615	-0.001789	-0.001648	-0.001833	-0.001785	-0.001858	-0.002132	-0.002106	-0.001768	-0.001729	-0.002092	-0.001705	-0.001906	-0.001936	-0.002014	-0.00192	-0.001873	-0.001945	-0.002052	-0.002047	-0.002069	-0.002105	-0.002114	-0.002231	-0.002437	-0.002107
825.306	12116.72	-0.001103	-0.001289	-0.001483	-0.001379	-0.001735	-0.001618	-0.001406	-0.001764	-0.001962	-0.002054	-0.001908	-0.002093	-0.002066	-0.001909	-0.001864	-0.002251	-0.001475	-0.001551	-0.001995	-0.001679	-0.001821	-0.002114	-0.002136	-0.001985	-0.001755	-0.002045	-0.002246	-0.001683	-0.002284	-0.00197	-0.002175
825.882	12108.26	-0.00132	-0.001092	-0.001304	-0.00173	-0.001669	-0.001609	-0.001579	-0.001598	-0.001807	-0.001857	-0.002126	-0.001852	-0.001854	-0.001981	-0.001768	-0.002031	-0.001821	-0.001771	-0.001953	-0.001845	-0.001609	-0.001683	-0.002064	-0.001562	-0.00221	-0.001985	-0.002086	-0.001956	-0.001894	-0.001604	-0.001923
826.459	12099.81	-0.0009903	-0.0009648	-0.0009635	-0.001103	-0.001434	-0.001255	-0.001217	-0.00129	-0.001574	-0.001644	-0.001294	-0.001327	-0.001593	-0.001553	-0.001769	-0.001636	-0.001311	-0.001942	-0.001619	-0.001418	-0.001471	-0.001447	-0.001717	-0.001915	-0.001709	-0.00178	-0.001513	-0.001627	-0.001618	-0.001598	-0.001956
827.036	12091.37	-0.0004364	-0.0006366	-0.0007213	-0.001198	-0.00145	-0.0009441	-0.001005	-0.001271	-0.001192	-0.001393	-0.001566	-0.001102	-0.001803	-0.001002	-0.001498	-0.001487	-0.001457	-0.001352	-0.001219	-0.001332	-0.001336	-0.001373	-0.001618	-0.001563	-0.001297	-0.001191	-0.001264	-0.001283	-0.001363	-0.001824	-0.001747
827.613	12082.95	-0.0002834	-6.369E-5	-0.0009257	-0.0009609	-0.000947	-0.000972	-0.0009112	-0.0009484	-0.0009868	-0.001015	-0.00145	-0.001348	-0.001473	-0.001058	-0.001372	-0.0009431	-0.001192	-0.001132	-0.001132	-0.001173	-0.001455	-0.001373	-0.001211	-0.001428	-0.001534	-0.001441	-0.001299	-0.001536	-0.001507	-0.001665	-0.001687
828.189	12074.53	-0.0005717	-0.0008334	-0.001272	-0.001102	-0.001413	-0.001363	-0.0012	-0.001635	-0.001636	-0.001807	-0.00148	-0.001603	-0.001755	-0.001662	-0.00181	-0.001483	-0.001701	-0.00153	-0.001703	-0.001576	-0.001798	-0.001728	-0.001809	-0.001533	-0.002093	-0.002003	-0.001921	-0.001786	-0.002043	-0.002181	-0.001953
828.766	12066.13	-0.0006416	-0.0006355	-0.001325	-0.0014	-0.001503	-0.001571	-0.001779	-0.001395	-0.001989	-0.001697	-0.00173	-0.001702	-0.002208	-0.001834	-0.001652	-0.001992	-0.001882	-0.001875	-0.00163	-0.00195	-0.002066	-0.001535	-0.001955	-0.001499	-0.001968	-0.001882	-0.001745	-0.001801	-0.002167	-0.002206	-0.002086
829.343	12057.74	-0.001133	-0.0008289	-0.001405	-0.001664	-0.001857	-0.00209	-0.001748	-0.001881	-0.001992	-0.001999	-0.002121	-0.002231	-0.002151	-0.002211	-0.001728	-0.002109	-0.002019	-0.002266	-0.002156	-0.002524	-0.001863	-0.002158	-0.002266	-0.002177	-0.002363	-0.002132	-0.002493	-0.002444	-0.002224	-0.002177	-0.00249
829.919	12049.36	-0.001305	-0.001456	-0.001765	-0.001708	-0.001642	-0.001925	-0.002167	-0.001952	-0.002181	-0.002194	-0.002281	-0.00224	-0.002398	-0.002133	-0.002075	-0.002478	-0.002017	-0.002191	-0.002066	-0.002304	-0.002307	-0.002358	-0.00211	-0.002228	-0.002776	-0.002491	-0.002424	-0.002755	-0.00253	-0.00256	-0.002509
830.496	12041.00	-0.0009853	-0.001591	-0.001919	-0.001802	-0.002087	-0.002189	-0.002225	-0.002121	-0.002449	-0.002097	-0.002584	-0.002589	-0.002419	-0.002379	-0.00245	-0.002186	-0.002034	-0.001964	-0.002051	-0.002208	-0.002484	-0.002492	-0.002752	-0.002358	-0.002677	-0.002532	-0.002604	-0.002732	-0.002335	-0.002505	-0.002849
831.073	12032.64	-0.001008	-0.001442	-0.001741	-0.001812	-0.001869	-0.001816	-0.001998	-0.002012	-0.002147	-0.002599	-0.002308	-0.002331	-0.002313	-0.002037	-0.00251	-0.001926	-0.002074	-0.001998	-0.00197	-0.00222	-0.002243	-0.002276	-0.002696	-0.002329	-0.002334	-0.002371	-0.002244	-0.002271	-0.002704	-0.002266	-0.002417
831.650	12024.30	-0.001142	-0.001303	-0.001734	-0.002002	-0.001965	-0.002027	-0.002109	-0.002316	-0.002343	-0.002348	-0.002717	-0.002538	-0.002625	-0.002266	-0.002332	-0.002456	-0.002276	-0.00187	-0.00228	-0.002258	-0.002512	-0.002634	-0.002558	-0.002619	-0.002528	-0.00269	-0.002713	-0.002472	-0.002381	-0.002473	-0.002762
832.226	12015.96	-0.001212	-0.001562	-0.002084	-0.001965	-0.002258	-0.002292	-0.002355	-0.002739	-0.002398	-0.002594	-0.002505	-0.002459	-0.002532	-0.00246	-0.002537	-0.002704	-0.002518	-0.002543	-0.002627	-0.002311	-0.002771	-0.002487	-0.002989	-0.003204	-0.002854	-0.003024	-0.00287	-0.003042	-0.002775	-0.002604	-0.003174
832.803	12007.64	-0.001088	-0.001118	-0.001771	-0.001798	-0.002071	-0.002142	-0.00223	-0.002267	-0.002167	-0.002494	-0.002355	-0.002394	-0.002129	-0.002298	-0.0025	-0.002953	-0.002274	-0.00226	-0.002219	-0.00243	-0.002471	-0.002438	-0.002555	-0.00252	-0.002638	-0.00259	-0.002452	-0.002343	-0.002547	-0.002727	-0.002782
833.380	11999.33	-0.00106	-0.001463	-0.001826	-0.002123	-0.001889	-0.002237	-0.002071	-0.002265	-0.002289	-0.002167	-0.002337	-0.002371	-0.002625	-0.002162	-0.002114	-0.002731	-0.002023	-0.00208	-0.002029	-0.002394	-0.00242	-0.002534	-0.002652	-0.002512	-0.002455	-0.002605	-0.002405	-0.002694	-0.00219	-0.002638	-0.002322
833.956	11991.03	-0.00109	-0.001004	-0.001513	-0.001745	-0.001966	-0.002102	-0.001992	-0.002089	-0.002199	-0.002234	-0.001971	-0.002205	-0.00214	-0.002384	-0.002167	-0.002331	-0.001991	-0.001943	-0.001915	-0.001779	-0.002114	-0.002206	-0.002489	-0.002282	-0.002491	-0.002353	-0.002296	-0.002697	-0.002418	-0.002479	-0.002535
834.533	11982.75	-0.0009034	-0.001207	-0.001495	-0.001417	-0.001685	-0.001737	-0.001895	-0.002063	-0.001907	-0.002149	-0.001852	-0.001949	-0.002193	-0.001939	-0.001899	-0.001994	-0.001819	-0.00199	-0.001949	-0.00207	-0.001955	-0.001892	-0.002197	-0.002369	-0.002275	-0.002275	-0.00229	-0.002223	-0.002042	-0.00247	-0.002455
835.110	11974.47	-0.001244	-0.001521	-0.001866	-0.001928	-0.002068	-0.001949	-0.001939	-0.002333	-0.002509	-0.002408	-0.002158	-0.002353	-0.002136	-0.002431	-0.002187	-0.00234	-0.002057	-0.002179	-0.002184	-0.002219	-0.002222	-0.002328	-0.002462	-0.002313	-0.002565	-0.002454	-0.002436	-0.002659	-0.002719	-0.002852	-0.002586
835.687	11966.21	-0.0009001	-0.0009206	-0.001426	-0.001479	-0.001649	-0.001586	-0.001767	-0.001852	-0.001959	-0.001767	-0.00184	-0.001793	-0.002116	-0.001861	-0.001874	-0.002054	-0.001931	-0.001729	-0.002048	-0.001919	-0.001996	-0.001989	-0.001912	-0.00198	-0.00217	-0.002098	-0.001949	-0.00213	-0.002255	-0.002281	-0.002187
836.263	11957.96	-0.0009994	-0.001151	-0.00147	-0.001394	-0.001402	-0.001748	-0.001365	-0.00164	-0.001769	-0.00164	-0.001694	-0.001715	-0.001773	-0.001711	-0.001718	-0.0017	-0.001625	-0.001787	-0.001905	-0.001652	-0.001738	-0.002035	-0.001727	-0.001878	-0.002013	-0.002002	-0.002119	-0.001943	-0.002159	-0.00209	-0.001969
836.840	11949.72	-0.001109	-0.0009368	-0.001405	-0.001469	-0.001299	-0.001582	-0.001269	-0.001341	-0.001786	-0.001489	-0.001464	-0.001516	-0.001432	-0.001818	-0.001387	-0.001594	-0.001464	-0.001703	-0.001579	-0.001442	-0.001446	-0.001845	-0.001651	-0.001589	-0.001743	-0.001671	-0.001656	-0.001827	-0.001787	-0.001732	-0.001814
837.417	11941.49	-0.001316	-0.001212	-0.001517	-0.001511	-0.00148	-0.00149	-0.001735	-0.001738	-0.00162	-0.001659	-0.001871	-0.001696	-0.001681	-0.001816	-0.001813	-0.00189	-0.001506	-0.001542	-0.001616	-0.001422	-0.001649	-0.001869	-0.001733	-0.001982	-0.001983	-0.001956	-0.001979	-0.001807	-0.002157	-0.001935	-0.002315
837.993	11933.27	-0.001166	-0.0009057	-0.001603	-0.00147	-0.001485	-0.001387	-0.001634	-0.001763	-0.001789	-0.001821	-0.00209	-0.001848	-0.001818	-0.001805	-0.001816	-0.002042	-0.001744	-0.001734	-0.001596	-0.001598	-0.001698	-0.001902	-0.001832	-0.002004	-0.001948	-0.001899	-0.001943	-0.002106	-0.00195	-0.002002	-0.002207
838.570	11925.06	-0.001435	-0.001081	-0.001478	-0.001669	-0.001656	-0.001724	-0.001826	-0.001723	-0.001939	-0.001823	-0.001847	-0.001877	-0.001976	-0.002122	-0.002028	-0.002307	-0.00202	-0.001868	-0.00164	-0.001956	-0.001833	-0.001715	-0.001942	-0.002083	-0.001867	-0.002083	-0.001909	-0.002064	-0.001947	-0.001918	-0.002271
839.147	11916.87	-0.001405	-0.001315	-0.001248	-0.00173	-0.001635	-0.001608	-0.001508	-0.001598	-0.001908	-0.002147	-0.001786	-0.001571	-0.00205	-0.002123	-0.001589	-0.002129	-0.001825	-0.001715	-0.00195	-0.001818	-0.001908	-0.001787	-0.002076	-0.00208	-0.001844	-0.001778	-0.002172	-0.002112	-0.001859	-0.002106	-0.002153
839.723	11908.68	-0.001305	-0.001348	-0.001667	-0.001756	-0.001805	-0.001658	-0.001847	-0.001722	-0.001758	-0.002052	-0.00191	-0.001878	-0.002273	-0.001868	-0.001923	-0.00233	-0.001923	-0.001936	-0.00203	-0.001862	-0.002006	-0.001933	-0.001849	-0.002048	-0.002017	-0.001907	-0.002194	-0.002187	-0.002243	-0.002188	-0.002082
840.300	11900.51	-0.001294	-0.001309	-0.001627	-0.001715	-0.001789	-0.001627	-0.001952	-0.001891	-0.001756	-0.001989	-0.001894	-0.002059	-0.002012	-0.001976	-0.002227	-0.002205	-0.001843	-0.002084	-0.001852	-0.001903	-0.002014	-0.001983	-0.002095	-0.00214	-0.002185	-0.001982	-0.002257	-0.0021	-0.002154	-0.00214	-0.002292
840.877	11892.35	-0.001331	-0.00122	-0.001502	-0.001625	-0.001639	-0.001634	-0.001902	-0.001884	-0.001878	-0.001899	-0.001912	-0.001817	-0.001949	-0.002073	-0.002123	-0.002006	-0.002035	-0.002193	-0.001837	-0.002116	-0.002049	-0.002262	-0.002146	-0.002033	-0.001981	-0.001964	-0.002097	-0.002083	-0.002092	-0.002023	-0.002182
841.454	11884.20	-0.001495	-0.001369	-0.00166	-0.001836	-0.001641	-0.001764	-0.001949	-0.001983	-0.002008	-0.001873	-0.002014	-0.001997	-0.00201	-0.002014	-0.001968	-0.002052	-0.002232	-0.00215	-0.002155	-0.002087	-0.002269	-0.002149	-0.002315	-0.001965	-0.002125	-0.001986	-0.002142	-0.002076	-0.002198	-0.002232	-0.002211
842.030	11876.06	-0.001616	-0.001643	-0.001558	-0.001689	-0.001683	-0.001698	-0.001741	-0.001625	-0.001842	-0.001803	-0.001862	-0.002124	-0.00167	-0.001742	-0.0019	-0.001862	-0.002015	-0.00211	-0.00198	-0.002	-0.001945	-0.001943	-0.001957	-0.002035	-0.002135	-0.001825	-0.002021	-0.002077	-0.002006	-0.002085	-0.001977
842.607	11867.93	-0.001578	-0.001687	-0.001644	-0.001627	-0.001749	-0.001651	-0.001889	-0.001647	-0.001989	-0.001969	-0.001881	-0.001938	-0.001977	-0.002064	-0.002179	-0.001952	-0.001961	-0.002201	-0.001887	-0.002118	-0.001889	-0.002114	-0.001784	-0.00213	-0.002358	-0.001926	-0.002018	-0.002274	-0.002158	-0.001759	-0.002015
843.184	11859.81	-0.001461	-0.001688	-0.002065	-0.002104	-0.002201	-0.002126	-0.002426	-0.002114	-0.002459	-0.002379	-0.002514	-0.002229	-0.002563	-0.002516	-0.002598	-0.002462	-0.002398	-0.002571	-0.002186	-0.002461	-0.00247	-0.002518	-0.002225	-0.002396	-0.002695	-0.002549	-0.002663	-0.002547	-0.002588	-0.002275	-0.002461
843.760	11851.71	-0.001475	-0.001296	-0.001798	-0.002116	-0.001885	-0.002156	-0.002429	-0.002223	-0.00235	-0.002185	-0.002233	-0.002265	-0.002176	-0.002269	-0.002445	-0.002286	-0.00236	-0.002345	-0.002231	-0.002269	-0.002356	-0.002426	-0.00216	-0.002464	-0.002273	-0.002561	-0.002706	-0.002555	-0.002667	-0.002582	-0.002514
844.337	11843.61	-0.001591	-0.001309	-0.001754	-0.002073	-0.001943	-0.002182	-0.002215	-0.002351	-0.002263	-0.002184	-0.00225	-0.002239	-0.002113	-0.0023	-0.002498	-0.002372	-0.002204	-0.002178	-0.002319	-0.002245	-0.002435	-0.002627	-0.002495	-0.002351	-0.002499	-0.002516	-0.002647	-0.00277	-0.002637	-0.002415	-0.002501
844.914	11835.53	-0.0008498	-0.001168	-0.001455	-0.001799	-0.00208	-0.00186	-0.001936	-0.001921	-0.002141	-0.002027	-0.002295	-0.00193	-0.002083	-0.002146	-0.00191	-0.002252	-0.001714	-0.001909	-0.00205	-0.001919	-0.002417	-0.002269	-0.002185	-0.002158	-0.002434	-0.00243	-0.00226	-0.002322	-0.002449	-0.002495	-0.002329
845.491	11827.45	-0.0006784	-0.0009119	-0.001194	-0.001775	-0.001875	-0.001732	-0.001709	-0.001825	-0.001903	-0.001905	-0.002038	-0.002091	-0.00196	-0.002163	-0.001933	-0.002155	-0.001699	-0.001979	-0.001972	-0.001791	-0.002172	-0.002339	-0.001904	-0.002195	-0.002298	-0.00255	-0.002232	-0.0021	-0.00268	-0.00245	-0.002433
846.067	11819.39	-0.001154	-0.0009061	-0.001327	-0.001768	-0.001819	-0.001798	-0.001651	-0.001703	-0.001761	-0.001902	-0.002116	-0.002036	-0.002034	-0.002233	-0.002071	-0.002257	-0.001927	-0.001916	-0.002152	-0.002034	-0.002296	-0.002309	-0.00202	-0.002208	-0.002237	-0.002271	-0.002442	-0.002264	-0.002653	-0.00224	-0.00273
846.644	11811.34	-0.001398	-0.001114	-0.001661	-0.001927	-0.001876	-0.00199	-0.001833	-0.001865	-0.00184	-0.002107	-0.00253	-0.002013	-0.002133	-0.002364	-0.002228	-0.002152	-0.002014	-0.002108	-0.002079	-0.002254	-0.002339	-0.002353	-0.002063	-0.002404	-0.002234	-0.00205	-0.002369	-0.002401	-0.002555	-0.002632	-0.002618
847.221	11803.30	-0.00116	-0.001162	-0.001656	-0.001749	-0.00214	-0.002176	-0.002098	-0.002105	-0.00215	-0.002239	-0.002381	-0.00239	-0.002377	-0.002633	-0.002342	-0.002124	-0.002292	-0.002453	-0.002181	-0.002502	-0.002391	-0.002437	-0.002053	-0.002413	-0.002353	-0.002312	-0.002481	-0.002338	-0.00252	-0.002812	-0.002484
847.797	11795.27	-0.0008362	-0.0009936	-0.001303	-0.001555	-0.001826	-0.001941	-0.00186	-0.001808	-0.002194	-0.002041	-0.00207	-0.002096	-0.002218	-0.002277	-0.002228	-0.002085	-0.002224	-0.002156	-0.001987	-0.00225	-0.002142	-0.002074	-0.002165	-0.002261	-0.002378	-0.002215	-0.002466	-0.002221	-0.002492	-0.002545	-0.002702
848.374	11787.25	-0.0009635	-0.0008753	-0.001207	-0.001424	-0.001701	-0.001863	-0.001825	-0.001829	-0.001912	-0.001925	-0.002056	-0.002163	-0.002044	-0.002098	-0.002096	-0.002129	-0.002301	-0.001743	-0.002018	-0.001983	-0.002197	-0.00205	-0.002279	-0.002336	-0.002181	-0.002337	-0.00228	-0.002421	-0.002282	-0.002277	-0.002603
848.951	11779.25	-0.001035	-0.001141	-0.001296	-0.001803	-0.001962	-0.002076	-0.002021	-0.00194	-0.002192	-0.002116	-0.002576	-0.002218	-0.002237	-0.002053	-0.002221	-0.002224	-0.002494	-0.00184	-0.002319	-0.002298	-0.002158	-0.002299	-0.002296	-0.002439	-0.002633	-0.002666	-0.002453	-0.002549	-0.00238	-0.002631	-0.002551
849.528	11771.25	-0.0014	-0.001587	-0.001583	-0.002177	-0.002094	-0.002234	-0.002096	-0.002278	-0.002109	-0.002315	-0.002471	-0.002443	-0.002419	-0.002352	-0.002338	-0.002341	-0.002453	-0.002094	-0.002329	-0.002461	-0.002535	-0.002502	-0.002423	-0.002721	-0.002537	-0.002727	-0.002717	-0.002529	-0.002783	-0.002443	-0.002481
850.104	11763.26	-0.001686	-0.001768	-0.001857	-0.002119	-0.001902	-0.002158	-0.002247	-0.00186	-0.001943	-0.002267	-0.00226	-0.002351	-0.002166	-0.002032	-0.002059	-0.002244	-0.002226	-0.002338	-0.002088	-0.002527	-0.002503	-0.002388	-0.00228	-0.002361	-0.002299	-0.002367	-0.002128	-0.002393	-0.002246	-0.002093	-0.002478
850.681	11755.29	-0.001346	-0.001557	-0.001662	-0.002025	-0.001699	-0.002027	-0.002197	-0.001789	-0.002311	-0.002069	-0.001952	-0.00215	-0.002146	-0.00206	-0.002212	-0.002223	-0.002089	-0.002201	-0.001931	-0.002171	-0.002149	-0.002207	-0.001957	-0.002181	-0.002148	-0.002198	-0.002252	-0.002308	-0.00213	-0.002094	-0.002501
851.258	11747.32	-0.001295	-0.001392	-0.00171	-0.001921	-0.001712	-0.001723	-0.001949	-0.00175	-0.00223	-0.002283	-0.001834	-0.002011	-0.001919	-0.002516	-0.002075	-0.0022	-0.002158	-0.001937	-0.002078	-0.001998	-0.002022	-0.002142	-0.001984	-0.001917	-0.002103	-0.002275	-0.002145	-0.002082	-0.002131	-0.002054	-0.002176
851.834	11739.37	-0.001251	-0.001503	-0.001855	-0.001921	-0.001868	-0.001961	-0.001972	-0.001853	-0.002238	-0.00209	-0.002112	-0.002107	-0.002218	-0.00215	-0.002341	-0.002108	-0.002085	-0.002079	-0.002061	-0.002037	-0.002236	-0.002232	-0.002297	-0.002193	-0.002304	-0.001796	-0.002178	-0.002212	-0.00205	-0.001938	-0.002237
852.411	11731.43	-0.001157	-0.001499	-0.001614	-0.001915	-0.001733	-0.002055	-0.001943	-0.002234	-0.00209	-0.002092	-0.002016	-0.002248	-0.002069	-0.001943	-0.002487	-0.002323	-0.002212	-0.001972	-0.002009	-0.002096	-0.002162	-0.002324	-0.002049	-0.002264	-0.002117	-0.002089	-0.002177	-0.002483	-0.002012	-0.001942	-0.002466
852.988	11723.50	-0.001319	-0.001224	-0.001536	-0.001759	-0.001394	-0.001821	-0.001681	-0.001937	-0.001797	-0.001826	-0.002022	-0.0022	-0.002157	-0.00195	-0.002137	-0.002039	-0.001836	-0.001967	-0.002212	-0.002109	-0.002142	-0.002236	-0.002282	-0.001784	-0.002147	-0.002082	-0.002275	-0.002473	-0.002031	-0.001793	-0.002427
853.564	11715.58	-0.001476	-0.001428	-0.001394	-0.001911	-0.001974	-0.001765	-0.001616	-0.001836	-0.001791	-0.00194	-0.002341	-0.00195	-0.002041	-0.002141	-0.002362	-0.002043	-0.002145	-0.00194	-0.002025	-0.002271	-0.002145	-0.002257	-0.002332	-0.00196	-0.002336	-0.002264	-0.002197	-0.002519	-0.002272	-0.002205	-0.002441
854.141	11707.67	-0.001689	-0.001706	-0.001688	-0.002292	-0.002322	-0.002553	-0.00274	-0.002588	-0.00261	-0.002809	-0.00261	-0.002887	-0.002713	-0.002877	-0.002941	-0.00327	-0.002647	-0.002692	-0.003047	-0.002936	-0.002961	-0.002635	-0.003146	-0.003043	-0.00318	-0.002832	-0.002779	-0.003148	-0.002984	-0.003267	-0.003395
854.718	11699.77	-0.001493	-0.001647	-0.001734	-0.002042	-0.001846	-0.002218	-0.002279	-0.002186	-0.002215	-0.00245	-0.002509	-0.002696	-0.002791	-0.002682	-0.002566	-0.002667	-0.002474	-0.002392	-0.002691	-0.002332	-0.00258	-0.002822	-0.002754	-0.00296	-0.002994	-0.002887	-0.003121	-0.002764	-0.00286	-0.002918	-0.002923
855.295	11691.88	-0.001538	-0.001299	-0.001386	-0.001596	-0.001539	-0.001907	-0.00184	-0.001804	-0.001691	-0.002186	-0.002135	-0.002395	-0.001739	-0.002318	-0.002026	-0.001922	-0.002026	-0.001949	-0.002303	-0.002243	-0.002137	-0.002299	-0.002289	-0.002459	-0.001948	-0.002568	-0.002415	-0.002254	-0.002338	-0.002493	-0.002242
855.871	11684.00	-0.001655	-0.001165	-0.002179	-0.001876	-0.001935	-0.001824	-0.002055	-0.002255	-0.002164	-0.002433	-0.002119	-0.002236	-0.002122	-0.002612	-0.002365	-0.002437	-0.001987	-0.002308	-0.002219	-0.002306	-0.001902	-0.001899	-0.002231	-0.002569	-0.002402	-0.002188	-0.002188	-0.002411	-0.002598	-0.002795	-0.002346
856.448	11676.13	-0.001535	-0.001433	-0.001752	-0.001907	-0.001795	-0.002201	-0.002166	-0.002046	-0.001854	-0.001983	-0.002369	-0.002391	-0.001957	-0.002538	-0.002139	-0.002548	-0.002076	-0.001934	-0.001916	-0.002239	-0.002025	-0.00239	-0.002186	-0.002386	-0.002237	-0.002542	-0.002339	-0.002432	-0.002699	-0.002358	-0.002535
857.025	11668.27	-0.001729	-0.001213	-0.001938	-0.002078	-0.001972	-0.001809	-0.001992	-0.002118	-0.002188	-0.002132	-0.002358	-0.002032	-0.002417	-0.002624	-0.002135	-0.002127	-0.002355	-0.00216	-0.002217	-0.002195	-0.002424	-0.001971	-0.002107	-0.002111	-0.001971	-0.002444	-0.002347	-0.002689	-0.002569	-0.002356	-0.002608
857.601	11660.43	-0.001595	-0.001542	-0.00184	-0.002084	-0.002303	-0.002465	-0.002264	-0.002222	-0.002281	-0.002312	-0.002563	-0.002488	-0.002756	-0.00243	-0.002114	-0.002687	-0.002294	-0.002325	-0.002217	-0.002318	-0.002059	-0.002325	-0.002312	-0.002407	-0.002536	-0.002677	-0.0024	-0.002467	-0.002376	-0.002318	-0.002573
858.178	11652.59	-0.002233	-0.001672	-0.002399	-0.002266	-0.002121	-0.002314	-0.002366	-0.002384	-0.003151	-0.002846	-0.002805	-0.002467	-0.002665	-0.002684	-0.002702	-0.00245	-0.002568	-0.002252	-0.002341	-0.002344	-0.002527	-0.002436	-0.002633	-0.00269	-0.002655	-0.002956	-0.002858	-0.002638	-0.002752	-0.002817	-0.002946
858.755	11644.77	-0.001732	-0.001844	-0.0019	-0.002168	-0.002184	-0.002042	-0.001764	-0.001936	-0.002325	-0.002253	-0.002395	-0.002458	-0.00243	-0.002213	-0.002403	-0.002495	-0.001964	-0.002012	-0.002364	-0.002304	-0.00244	-0.002416	-0.002194	-0.002328	-0.002414	-0.0023	-0.002299	-0.002316	-0.002353	-0.002698	-0.002566
859.332	11636.95	-0.001973	-0.001959	-0.001793	-0.002249	-0.001949	-0.002218	-0.002106	-0.002506	-0.002221	-0.002442	-0.002737	-0.002719	-0.002448	-0.0025	-0.002421	-0.002427	-0.002515	-0.002486	-0.002199	-0.002447	-0.002368	-0.002641	-0.00237	-0.002405	-0.002428	-0.002952	-0.002588	-0.002431	-0.002379	-0.002477	-0.002707
859.908	11629.15	-0.002154	-0.001737	-0.002033	-0.002127	-0.002381	-0.002768	-0.002737	-0.002574	-0.002426	-0.002783	-0.002431	-0.002918	-0.002495	-0.002711	-0.002712	-0.002945	-0.002459	-0.002637	-0.002624	-0.002424	-0.002537	-0.002652	-0.002669	-0.002472	-0.00267	-0.002824	-0.002862	-0.003023	-0.002821	-0.002854	-0.002803
860.485	11621.35	-0.001784	-0.001863	-0.001837	-0.001891	-0.002247	-0.002474	-0.002493	-0.002211	-0.002372	-0.002714	-0.002842	-0.003048	-0.002595	-0.00232	-0.002407	-0.002601	-0.002602	-0.002645	-0.002556	-0.002359	-0.002758	-0.002804	-0.002599	-0.002441	-0.002706	-0.002895	-0.002635	-0.002915	-0.002909	-0.002749	-0.002873
861.062	11613.57	-0.002109	-0.001911	-0.002222	-0.002068	-0.002319	-0.00247	-0.002555	-0.00228	-0.002554	-0.002632	-0.002499	-0.002789	-0.002633	-0.002638	-0.002702	-0.002568	-0.002722	-0.002716	-0.002044	-0.002675	-0.002668	-0.002669	-0.002826	-0.002496	-0.002743	-0.002847	-0.0027	-0.002702	-0.002552	-0.00291	-0.002931
861.638	11605.80	-0.001668	-0.001853	-0.00233	-0.002246	-0.002147	-0.002469	-0.002211	-0.002436	-0.002711	-0.002317	-0.002664	-0.002869	-0.002683	-0.00256	-0.002366	-0.002483	-0.002459	-0.002298	-0.002127	-0.002326	-0.00278	-0.002809	-0.002535	-0.002596	-0.002832	-0.002743	-0.00261	-0.002795	-0.002662	-0.002784	-0.00314
862.215	11598.03	-0.001082	-0.001209	-0.001885	-0.001863	-0.001672	-0.001859	-0.0024	-0.001863	-0.002329	-0.002131	-0.002323	-0.002666	-0.002662	-0.002252	-0.00224	-0.002481	-0.002218	-0.002284	-0.002501	-0.002311	-0.00234	-0.002446	-0.00243	-0.002171	-0.002628	-0.002675	-0.002395	-0.00251	-0.00251	-0.002271	-0.002555
862.792	11590.28	-0.0009761	-0.001278	-0.001333	-0.001703	-0.001523	-0.001977	-0.002028	-0.002066	-0.002316	-0.002502	-0.002384	-0.002601	-0.00251	-0.002267	-0.002207	-0.001978	-0.002138	-0.002085	-0.002053	-0.002474	-0.002055	-0.002063	-0.002341	-0.002208	-0.002903	-0.002752	-0.002484	-0.002457	-0.002403	-0.002421	-0.00247
863.369	11582.54	-0.001145	-0.001477	-0.001483	-0.001655	-0.001887	-0.001733	-0.001902	-0.002299	-0.002135	-0.002449	-0.002257	-0.002337	-0.002278	-0.002392	-0.002309	-0.002319	-0.002177	-0.00216	-0.002254	-0.002333	-0.002311	-0.002325	-0.002335	-0.002464	-0.002527	-0.00263	-0.002413	-0.002488	-0.002242	-0.002429	-0.002381
863.945	11574.81	-0.001031	-0.001161	-0.001616	-0.001775	-0.001947	-0.002115	-0.001845	-0.002069	-0.002162	-0.002311	-0.002152	-0.002326	-0.002246	-0.002355	-0.002266	-0.002294	-0.002177	-0.002177	-0.002135	-0.002496	-0.002161	-0.002344	-0.002291	-0.002428	-0.002462	-0.002278	-0.002199	-0.00256	-0.002432	-0.00242	-0.002236
864.522	11567.09	-0.001062	-0.001093	-0.001605	-0.001651	-0.002139	-0.001864	-0.002167	-0.001999	-0.002221	-0.002309	-0.002098	-0.002217	-0.002369	-0.002231	-0.002205	-0.002042	-0.002128	-0.001969	-0.001663	-0.002268	-0.002006	-0.001986	-0.00228	-0.002099	-0.00235	-0.00236	-0.002171	-0.002409	-0.002477	-0.002407	-0.002218
865.099	11559.37	-0.00129	-0.001372	-0.001903	-0.001672	-0.001973	-0.001815	-0.002361	-0.00205	-0.002297	-0.002196	-0.002204	-0.00222	-0.002318	-0.002372	-0.002311	-0.002088	-0.002301	-0.002206	-0.001899	-0.00226	-0.00206	-0.00228	-0.002388	-0.002276	-0.002436	-0.002152	-0.002596	-0.002504	-0.002593	-0.002427	-0.002561
865.675	11551.67	-0.001235	-0.001415	-0.001627	-0.002043	-0.001917	-0.001967	-0.00257	-0.002172	-0.002269	-0.00251	-0.002412	-0.002484	-0.002386	-0.002325	-0.002429	-0.002491	-0.002298	-0.002134	-0.002099	-0.002186	-0.002214	-0.002388	-0.002227	-0.002418	-0.00225	-0.002508	-0.002672	-0.002482	-0.002721	-0.002494	-0.002791
866.252	11543.98	-0.00107	-0.001089	-0.001727	-0.00176	-0.001857	-0.002113	-0.002186	-0.001909	-0.002137	-0.002523	-0.002462	-0.002383	-0.00223	-0.002498	-0.002166	-0.002243	-0.001882	-0.001922	-0.002149	-0.001924	-0.002111	-0.002222	-0.001978	-0.002221	-0.002305	-0.002385	-0.002537	-0.002542	-0.002674	-0.002346	-0.002608
866.829	11536.30	-0.00103	-0.0009799	-0.001693	-0.001729	-0.001684	-0.002074	-0.001582	-0.001586	-0.001876	-0.002213	-0.002096	-0.001918	-0.002011	-0.00226	-0.001738	-0.001998	-0.001525	-0.001891	-0.001982	-0.001721	-0.001537	-0.00197	-0.002206	-0.002111	-0.002122	-0.002073	-0.002261	-0.00232	-0.002505	-0.002198	-0.002504
867.406	11528.63	-0.0009495	-0.001052	-0.001462	-0.001628	-0.001595	-0.001875	-0.001417	-0.001648	-0.001685	-0.001938	-0.00205	-0.001405	-0.001807	-0.002208	-0.001976	-0.001903	-0.001588	-0.001817	-0.001883	-0.001741	-0.00166	-0.001571	-0.002019	-0.001888	-0.001953	-0.001993	-0.00219	-0.002092	-0.002291	-0.002118	-0.002344
867.982	11520.97	-0.0009981	-0.001279	-0.001542	-0.001492	-0.001392	-0.001617	-0.001682	-0.001839	-0.001865	-0.002037	-0.002205	-0.001575	-0.001876	-0.002185	-0.002168	-0.001895	-0.001707	-0.001878	-0.001762	-0.001797	-0.002098	-0.001788	-0.001923	-0.002197	-0.002147	-0.002187	-0.002351	-0.002094	-0.002271	-0.002233	-0.002193
868.559	11513.32	-0.0009023	-0.001036	-0.001457	-0.00146	-0.001589	-0.001592	-0.001723	-0.001614	-0.001913	-0.001771	-0.0019	-0.001873	-0.001744	-0.001892	-0.002044	-0.001867	-0.001705	-0.001775	-0.0017	-0.001672	-0.001933	-0.001911	-0.00218	-0.002158	-0.002143	-0.002071	-0.002313	-0.002084	-0.002187	-0.002153	-0.002085
869.136	11505.68	-0.0009121	-0.0009113	-0.001499	-0.001597	-0.001631	-0.001745	-0.001775	-0.001471	-0.001543	-0.001574	-0.001543	-0.001722	-0.001701	-0.001673	-0.00168	-0.001865	-0.001646	-0.00173	-0.001638	-0.001684	-0.001626	-0.001593	-0.002169	-0.002018	-0.001894	-0.001915	-0.001993	-0.001872	-0.002315	-0.001987	-0.002073
869.712	11498.05	-0.0009018	-0.001137	-0.001478	-0.001405	-0.00149	-0.001787	-0.001912	-0.001634	-0.001815	-0.001886	-0.001599	-0.001578	-0.002024	-0.00171	-0.001617	-0.002016	-0.001836	-0.001817	-0.00176	-0.001694	-0.001774	-0.001666	-0.00223	-0.00208	-0.001989	-0.002189	-0.001916	-0.002094	-0.002059	-0.001995	-0.002092
870.289	11490.44	-0.001072	-0.001408	-0.00141	-0.001408	-0.001985	-0.001932	-0.002165	-0.001901	-0.00212	-0.0022	-0.001848	-0.002038	-0.002038	-0.001983	-0.001823	-0.002264	-0.001935	-0.002055	-0.002213	-0.002012	-0.002126	-0.002048	-0.002429	-0.002371	-0.002339	-0.002529	-0.00239	-0.002606	-0.002288	-0.002538	-0.002263
870.866	11482.83	-0.001191	-0.001314	-0.001592	-0.001809	-0.002134	-0.002257	-0.002232	-0.00214	-0.00208	-0.002207	-0.002181	-0.002215	-0.001981	-0.0023	-0.002065	-0.002395	-0.002068	-0.002199	-0.002068	-0.002213	-0.002423	-0.002339	-0.002441	-0.002568	-0.002628	-0.002713	-0.002607	-0.002666	-0.002567	-0.002772	-0.002488
871.442	11475.23	-0.001178	-0.001128	-0.001873	-0.001989	-0.00214	-0.00221	-0.002394	-0.002282	-0.002314	-0.002047	-0.002169	-0.002377	-0.002232	-0.002296	-0.002177	-0.002403	-0.002338	-0.002357	-0.001959	-0.002335	-0.00248	-0.002514	-0.0024	-0.002657	-0.002955	-0.002659	-0.002835	-0.002551	-0.00261	-0.002483	-0.002683
872.019	11467.64	-0.001288	-0.001368	-0.001709	-0.001905	-0.002075	-0.002017	-0.002479	-0.002133	-0.002344	-0.001868	-0.001937	-0.002432	-0.002272	-0.002394	-0.002049	-0.002292	-0.002076	-0.002412	-0.002168	-0.002202	-0.002242	-0.002155	-0.002554	-0.002579	-0.0026	-0.002527	-0.002563	-0.002091	-0.002337	-0.002298	-0.002615
872.596	11460.06	-0.001457	-0.001099	-0.001431	-0.001734	-0.0017	-0.001825	-0.002127	-0.001912	-0.001962	-0.001835	-0.00184	-0.002188	-0.002008	-0.001978	-0.001651	-0.002175	-0.001916	-0.002192	-0.002214	-0.00184	-0.001753	-0.00204	-0.002209	-0.002067	-0.002143	-0.002127	-0.002074	-0.002057	-0.002112	-0.002289	-0.00231
873.173	11452.49	-0.001336	-0.001331	-0.001545	-0.001696	-0.001875	-0.001773	-0.001837	-0.002142	-0.001874	-0.00203	-0.002189	-0.002311	-0.002113	-0.001961	-0.001798	-0.002111	-0.002242	-0.002101	-0.002254	-0.002267	-0.002007	-0.002253	-0.002051	-0.00216	-0.002226	-0.002036	-0.002244	-0.00217	-0.002133	-0.00191	-0.001782
873.749	11444.93	-0.001018	-0.001192	-0.001547	-0.001778	-0.002061	-0.001999	-0.001815	-0.002003	-0.001868	-0.002154	-0.00211	-0.002138	-0.001999	-0.00206	-0.001785	-0.0019	-0.002112	-0.002099	-0.002276	-0.002078	-0.002191	-0.002262	-0.002219	-0.002292	-0.001886	-0.002124	-0.002054	-0.00202	-0.002096	-0.001891	-0.001849
874.326	11437.38	-0.0009963	-0.0008065	-0.001471	-0.001664	-0.001763	-0.001548	-0.001648	-0.001892	-0.002277	-0.002081	-0.001726	-0.002045	-0.001948	-0.001985	-0.001774	-0.001868	-0.00192	-0.002044	-0.002152	-0.00192	-0.002186	-0.001955	-0.001954	-0.001988	-0.002095	-0.00216	-0.002232	-0.002048	-0.001926	-0.001623	-0.001641
874.903	11429.84	-0.0009653	-0.001172	-0.001254	-0.001626	-0.001735	-0.001823	-0.001772	-0.001801	-0.002218	-0.001908	-0.002055	-0.001909	-0.002155	-0.001881	-0.001664	-0.001882	-0.002121	-0.002314	-0.001999	-0.00202	-0.002107	-0.001799	-0.001975	-0.001823	-0.002251	-0.002374	-0.002263	-0.002304	-0.002236	-0.0019	-0.001989
875.479	11422.31	-0.001222	-0.001151	-0.001394	-0.001759	-0.001654	-0.001682	-0.001529	-0.001905	-0.001943	-0.001874	-0.002249	-0.001903	-0.002086	-0.002108	-0.001867	-0.002045	-0.002112	-0.002081	-0.002315	-0.001854	-0.002077	-0.00215	-0.00203	-0.002076	-0.002379	-0.001871	-0.002165	-0.001824	-0.002027	-0.002416	-0.002387
876.056	11414.79	-0.0009387	-0.001249	-0.001631	-0.001742	-0.001777	-0.002319	-0.001847	-0.001917	-0.002171	-0.001864	-0.002246	-0.001686	-0.002314	-0.002146	-0.001822	-0.002186	-0.002204	-0.00187	-0.001969	-0.002052	-0.002168	-0.002135	-0.002168	-0.00221	-0.002394	-0.002032	-0.002339	-0.002357	-0.002175	-0.002178	-0.002468
876.633	11407.28	-0.0009726	-0.0009227	-0.001518	-0.001621	-0.001768	-0.002233	-0.001937	-0.001836	-0.002114	-0.002097	-0.002172	-0.002395	-0.002322	-0.002279	-0.002168	-0.002061	-0.002025	-0.001969	-0.002207	-0.002257	-0.002387	-0.002269	-0.002444	-0.002175	-0.002395	-0.002366	-0.002369	-0.002668	-0.002424	-0.002267	-0.002639
877.210	11399.78	-0.000936	-0.0009752	-0.001565	-0.001528	-0.001613	-0.001662	-0.002033	-0.001992	-0.001742	-0.002367	-0.001977	-0.002266	-0.002243	-0.002495	-0.002292	-0.002481	-0.002459	-0.002352	-0.002419	-0.00223	-0.001953	-0.002679	-0.002505	-0.002298	-0.002507	-0.002473	-0.002341	-0.00242	-0.002068	-0.002517	-0.003098
877.786	11392.29	-0.0009702	-0.001199	-0.001488	-0.001942	-0.001955	-0.00226	-0.002039	-0.002292	-0.002723	-0.002101	-0.002568	-0.002459	-0.002395	-0.002744	-0.002522	-0.00271	-0.002692	-0.002495	-0.002742	-0.002617	-0.002634	-0.002793	-0.002804	-0.002782	-0.003209	-0.002874	-0.002715	-0.002824	-0.00291	-0.003087	-0.002777
878.363	11384.81	-0.001193	-0.001245	-0.001224	-0.001497	-0.001965	-0.001994	-0.001748	-0.002196	-0.001975	-0.00215	-0.002459	-0.002261	-0.002382	-0.00251	-0.00232	-0.002121	-0.002204	-0.002419	-0.002281	-0.002398	-0.002409	-0.002215	-0.002499	-0.002332	-0.002339	-0.002142	-0.002577	-0.002527	-0.002718	-0.002852	-0.002578
878.940	11377.34	-0.00117	-0.00101	-0.001399	-0.001247	-0.002048	-0.002107	-0.002248	-0.001932	-0.002012	-0.002048	-0.002367	-0.001971	-0.001796	-0.002276	-0.002358	-0.002304	-0.002071	-0.002158	-0.002432	-0.002258	-0.002456	-0.002316	-0.002175	-0.00193	-0.00232	-0.002152	-0.002956	-0.002558	-0.002477	-0.002585	-0.002799
879.516	11369.88	-0.0009134	-0.0007458	-0.001058	-0.001357	-0.001166	-0.001566	-0.001392	-0.001671	-0.001845	-0.001651	-0.002213	-0.001621	-0.00155	-0.00201	-0.001792	-0.001984	-0.00215	-0.001821	-0.00156	-0.001953	-0.00159	-0.002451	-0.001943	-0.00189	-0.001877	-0.002369	-0.001759	-0.002508	-0.001996	-0.002132	-0.002449
880.093	11362.43	-0.001019	-0.001014	-0.001059	-0.00185	-0.001779	-0.002304	-0.001757	-0.001713	-0.002169	-0.00188	-0.002296	-0.0019	-0.002015	-0.001931	-0.002172	-0.001962	-0.002174	-0.001916	-0.001946	-0.002199	-0.002219	-0.001968	-0.002005	-0.001985	-0.002335	-0.002366	-0.002263	-0.001916	-0.00204	-0.002066	-0.002078
880.670	11354.99	-0.001319	-0.001394	-0.001586	-0.002114	-0.001711	-0.002109	-0.001576	-0.001792	-0.00223	-0.00215	-0.00213	-0.001855	-0.00239	-0.002322	-0.002183	-0.002327	-0.002653	-0.002272	-0.002569	-0.002204	-0.00208	-0.002265	-0.002326	-0.002359	-0.002337	-0.001958	-0.002441	-0.00203	-0.002229	-0.002342	-0.002355
881.247	11347.56	-0.0021	-0.001597	-0.002503	-0.002075	-0.002141	-0.002176	-0.001904	-0.002407	-0.002779	-0.002731	-0.002309	-0.002456	-0.002564	-0.002562	-0.00264	-0.002489	-0.002273	-0.002448	-0.00253	-0.002339	-0.002709	-0.002528	-0.002679	-0.002546	-0.002695	-0.002662	-0.002519	-0.002873	-0.002904	-0.002635	-0.002561
881.823	11340.14	-0.00207	-0.00196	-0.001845	-0.002108	-0.002053	-0.002351	-0.0026	-0.002586	-0.002352	-0.002403	-0.002905	-0.002629	-0.002656	-0.002663	-0.002464	-0.002653	-0.003076	-0.002716	-0.002612	-0.002648	-0.002927	-0.002654	-0.002549	-0.002857	-0.002842	-0.002677	-0.002999	-0.00261	-0.002589	-0.002667	-0.002734
882.400	11332.73	-0.002231	-0.001643	-0.002069	-0.002165	-0.002116	-0.001828	-0.002106	-0.002186	-0.00222	-0.001885	-0.002659	-0.002151	-0.002453	-0.00231	-0.002337	-0.002615	-0.002686	-0.00199	-0.002783	-0.002485	-0.002496	-0.002235	-0.002354	-0.00269	-0.00267	-0.002755	-0.002191	-0.002429	-0.002324	-0.001974	-0.002584
882.977	11325.33	-0.002417	-0.002121	-0.002388	-0.002558	-0.002172	-0.002599	-0.002107	-0.002463	-0.002072	-0.002461	-0.002579	-0.002441	-0.002487	-0.002385	-0.002583	-0.002861	-0.003102	-0.002632	-0.003142	-0.002803	-0.002644	-0.002899	-0.0028	-0.002701	-0.002883	-0.002806	-0.002987	-0.002925	-0.0028	-0.002482	-0.002516
883.553	11317.94	-0.002505	-0.00204	-0.002097	-0.002404	-0.002305	-0.002075	-0.002263	-0.002254	-0.002505	-0.002293	-0.002444	-0.002549	-0.002486	-0.002353	-0.00247	-0.00279	-0.002673	-0.002676	-0.002736	-0.002705	-0.002528	-0.00271	-0.002528	-0.002449	-0.002252	-0.002619	-0.002765	-0.002818	-0.002741	-0.002409	-0.002255
884.130	11310.55	-0.002207	-0.001936	-0.002486	-0.002292	-0.002318	-0.002256	-0.002275	-0.002051	-0.002506	-0.002664	-0.002325	-0.002316	-0.002408	-0.002398	-0.00246	-0.002476	-0.002963	-0.002591	-0.002862	-0.002676	-0.00268	-0.002691	-0.002594	-0.002518	-0.002493	-0.002169	-0.002599	-0.002751	-0.002106	-0.002551	-0.002345
884.707	11303.18	-0.002443	-0.002289	-0.002806	-0.002581	-0.002787	-0.002502	-0.002549	-0.002336	-0.002782	-0.002643	-0.002504	-0.002552	-0.00253	-0.002806	-0.002947	-0.00292	-0.00307	-0.003047	-0.002977	-0.003012	-0.002801	-0.00298	-0.002491	-0.002652	-0.002935	-0.00237	-0.002512	-0.002914	-0.002472	-0.002649	-0.002785
885.283	11295.82	-0.00234	-0.002211	-0.002506	-0.002637	-0.002678	-0.002577	-0.002436	-0.002407	-0.002312	-0.002628	-0.002427	-0.002393	-0.002637	-0.002598	-0.002848	-0.002702	-0.002874	-0.002898	-0.002995	-0.002938	-0.002893	-0.003164	-0.00286	-0.00279	-0.002808	-0.00272	-0.002622	-0.002796	-0.002389	-0.002555	-0.002846
885.860	11288.46	-0.001955	-0.001816	-0.002357	-0.0024	-0.002549	-0.002282	-0.002228	-0.002138	-0.002256	-0.002554	-0.002347	-0.002751	-0.002491	-0.002555	-0.002633	-0.002568	-0.002928	-0.002675	-0.002649	-0.003081	-0.00271	-0.002919	-0.002821	-0.002514	-0.002389	-0.002712	-0.002481	-0.002772	-0.00228	-0.002704	-0.002895
886.437	11281.12	-0.001497	-0.001426	-0.002135	-0.002137	-0.002434	-0.0021	-0.002029	-0.001927	-0.002279	-0.002432	-0.00228	-0.00239	-0.002289	-0.00211	-0.002359	-0.002304	-0.002457	-0.002294	-0.002309	-0.002556	-0.002232	-0.002578	-0.002366	-0.00236	-0.002247	-0.002759	-0.00239	-0.002421	-0.002455	-0.002476	-0.002699
887.014	11273.78	-0.001274	-0.001344	-0.001953	-0.002223	-0.002069	-0.002353	-0.002261	-0.001825	-0.002304	-0.002212	-0.002329	-0.002339	-0.002437	-0.002257	-0.002177	-0.002496	-0.002326	-0.002192	-0.002406	-0.002507	-0.002549	-0.002613	-0.002464	-0.00265	-0.002525	-0.003036	-0.002741	-0.002739	-0.002468	-0.00271	-0.002726
887.590	11266.46	-0.001392	-0.001236	-0.001664	-0.002173	-0.001907	-0.002263	-0.001793	-0.001765	-0.002236	-0.002003	-0.002259	-0.001903	-0.00235	-0.002175	-0.001949	-0.002443	-0.002223	-0.002046	-0.001832	-0.002156	-0.002002	-0.002277	-0.002202	-0.002336	-0.002346	-0.002414	-0.002698	-0.002465	-0.002298	-0.002375	-0.002388
888.167	11259.14	-0.001408	-0.001178	-0.001817	-0.001738	-0.001849	-0.002298	-0.001986	-0.001955	-0.002067	-0.002331	-0.00236	-0.002014	-0.00227	-0.00221	-0.002229	-0.0025	-0.002224	-0.002097	-0.002094	-0.00235	-0.002254	-0.002273	-0.002142	-0.002264	-0.002435	-0.002515	-0.002188	-0.002395	-0.002363	-0.002291	-0.002376
888.744	11251.84	-0.001354	-0.001581	-0.001936	-0.001865	-0.002211	-0.002363	-0.002191	-0.002174	-0.002176	-0.002286	-0.002342	-0.002413	-0.002315	-0.002285	-0.002372	-0.002443	-0.002219	-0.00243	-0.002445	-0.002545	-0.002553	-0.002465	-0.002387	-0.002428	-0.002446	-0.002561	-0.002347	-0.002347	-0.002394	-0.002721	-0.00248
889.320	11244.54	-0.001376	-0.001553	-0.001768	-0.002096	-0.002193	-0.002112	-0.002125	-0.002058	-0.002107	-0.002188	-0.002264	-0.002229	-0.001935	-0.002151	-0.002205	-0.00221	-0.002041	-0.002353	-0.00224	-0.00229	-0.002011	-0.002328	-0.002332	-0.002071	-0.002146	-0.002333	-0.002205	-0.002032	-0.00229	-0.002341	-0.002033
889.897	11237.25	-0.001416	-0.001488	-0.002041	-0.002095	-0.00206	-0.002273	-0.002106	-0.001993	-0.002033	-0.002186	-0.002305	-0.001984	-0.001701	-0.002067	-0.002232	-0.002314	-0.002239	-0.002131	-0.002001	-0.002197	-0.001965	-0.0023	-0.002316	-0.002061	-0.002241	-0.002362	-0.00221	-0.002098	-0.002511	-0.002149	-0.001824
890.474	11229.98	-0.001414	-0.001289	-0.001739	-0.001652	-0.00161	-0.001942	-0.001757	-0.00181	-0.001817	-0.00201	-0.00198	-0.00178	-0.001711	-0.001846	-0.002108	-0.001885	-0.002028	-0.001763	-0.001875	-0.001771	-0.00179	-0.002071	-0.001947	-0.001746	-0.001834	-0.002219	-0.0022	-0.001922	-0.002198	-0.002054	-0.001597
891.051	11222.71	-0.001623	-0.001164	-0.001638	-0.001675	-0.001767	-0.00178	-0.001831	-0.002166	-0.002157	-0.00198	-0.002099	-0.001904	-0.002073	-0.002195	-0.002203	-0.002092	-0.002153	-0.002348	-0.002192	-0.002074	-0.001893	-0.002228	-0.002208	-0.001997	-0.002018	-0.002189	-0.002421	-0.002213	-0.002166	-0.002087	-0.001932
891.627	11215.45	-0.00138	-0.001137	-0.001625	-0.001711	-0.001878	-0.002026	-0.001861	-0.001799	-0.002155	-0.001845	-0.00181	-0.001879	-0.00187	-0.001933	-0.001804	-0.002196	-0.002308	-0.002293	-0.002041	-0.002226	-0.001809	-0.002147	-0.00191	-0.002206	-0.002099	-0.001947	-0.002045	-0.002232	-0.00207	-0.002012	-0.002115
892.204	11208.20	-0.001334	-0.001254	-0.001512	-0.001787	-0.001633	-0.002073	-0.001916	-0.001854	-0.002039	-0.001928	-0.00172	-0.001595	-0.001738	-0.00189	-0.001727	-0.002124	-0.00218	-0.002053	-0.001959	-0.002162	-0.002051	-0.002156	-0.001732	-0.002135	-0.002076	-0.002043	-0.001937	-0.002287	-0.00188	-0.002096	-0.002325
892.781	11200.96	-0.001522	-0.001675	-0.001661	-0.001972	-0.001922	-0.002018	-0.002377	-0.002074	-0.002174	-0.002222	-0.001973	-0.001801	-0.002066	-0.002089	-0.0021	-0.002267	-0.002184	-0.002523	-0.002354	-0.002477	-0.002452	-0.002287	-0.002029	-0.002096	-0.002276	-0.002203	-0.002112	-0.002354	-0.00225	-0.002331	-0.002393
893.357	11193.73	-0.001731	-0.00156	-0.001628	-0.002187	-0.001915	-0.002059	-0.002002	-0.001727	-0.001988	-0.002141	-0.002024	-0.002157	-0.001983	-0.002091	-0.002287	-0.002358	-0.002241	-0.002388	-0.002257	-0.00275	-0.002305	-0.002167	-0.002046	-0.001849	-0.002181	-0.001947	-0.001933	-0.002243	-0.001988	-0.002279	-0.00219
893.934	11186.51	-0.001457	-0.0013	-0.001387	-0.001869	-0.001602	-0.001532	-0.001577	-0.001678	-0.001781	-0.00181	-0.001793	-0.002031	-0.001858	-0.001813	-0.002176	-0.001893	-0.001706	-0.002005	-0.002087	-0.002334	-0.002121	-0.002073	-0.001755	-0.001807	-0.001974	-0.001591	-0.001696	-0.001986	-0.00169	-0.001918	-0.001954
894.511	11179.29	-0.001669	-0.001607	-0.00151	-0.001382	-0.001832	-0.001935	-0.001695	-0.002082	-0.001752	-0.002118	-0.001995	-0.001894	-0.001983	-0.002143	-0.00217	-0.002229	-0.002125	-0.002166	-0.002181	-0.002187	-0.001975	-0.00233	-0.002175	-0.002015	-0.00194	-0.002011	-0.002059	-0.002326	-0.002217	-0.002207	-0.002118
895.088	11172.09	-0.001611	-0.001366	-0.001675	-0.001901	-0.002054	-0.002222	-0.00198	-0.002086	-0.002204	-0.002145	-0.002413	-0.002329	-0.002242	-0.002294	-0.002001	-0.002436	-0.002428	-0.002211	-0.002219	-0.002032	-0.002014	-0.002415	-0.002288	-0.002281	-0.002076	-0.002191	-0.002353	-0.002269	-0.002368	-0.002384	-0.002615
895.664	11164.90	-0.001878	-0.001892	-0.002449	-0.002004	-0.002224	-0.002399	-0.002368	-0.002478	-0.002591	-0.002223	-0.002588	-0.002632	-0.002463	-0.002457	-0.002433	-0.002669	-0.00301	-0.002664	-0.002302	-0.002873	-0.002605	-0.002935	-0.002918	-0.002716	-0.003121	-0.003097	-0.002749	-0.002589	-0.002407	-0.002636	-0.002917
896.241	11157.71	-0.001749	-0.001771	-0.001773	-0.001877	-0.002121	-0.00206	-0.001825	-0.002008	-0.002114	-0.002034	-0.002275	-0.00211	-0.002032	-0.002375	-0.001993	-0.002477	-0.002341	-0.002272	-0.002227	-0.002358	-0.00223	-0.002392	-0.002376	-0.002284	-0.002218	-0.002654	-0.002273	-0.002439	-0.002402	-0.002345	-0.002733
896.818	11150.54	-0.00185	-0.001388	-0.001895	-0.001901	-0.001821	-0.002084	-0.001749	-0.001908	-0.001979	-0.002304	-0.002367	-0.002378	-0.001839	-0.002076	-0.002293	-0.002139	-0.002449	-0.002147	-0.002136	-0.002246	-0.002216	-0.002316	-0.002001	-0.002328	-0.002434	-0.002303	-0.002528	-0.002295	-0.002202	-0.002427	-0.002311
897.394	11143.37	-0.001656	-0.001189	-0.002239	-0.001999	-0.001767	-0.002032	-0.00198	-0.002095	-0.001762	-0.002533	-0.001987	-0.002283	-0.002563	-0.002416	-0.002485	-0.002539	-0.002312	-0.002459	-0.002049	-0.002332	-0.002325	-0.002087	-0.002291	-0.002371	-0.002495	-0.002279	-0.002371	-0.002387	-0.002263	-0.002597	-0.002524
897.971	11136.22	-0.001267	-0.001001	-0.001447	-0.001621	-0.00172	-0.001596	-0.001592	-0.001645	-0.001921	-0.002014	-0.002148	-0.002054	-0.002179	-0.002039	-0.001686	-0.002036	-0.001886	-0.001979	-0.001935	-0.001801	-0.00205	-0.001971	-0.001613	-0.002332	-0.002307	-0.001948	-0.00227	-0.002054	-0.002276	-0.002255	-0.002206
898.548	11129.07	-0.0009042	-0.0009475	-0.001355	-0.001479	-0.001606	-0.001629	-0.0016	-0.001335	-0.001269	-0.001702	-0.001917	-0.001884	-0.002048	-0.002013	-0.002021	-0.001617	-0.001589	-0.002082	-0.001698	-0.001569	-0.001816	-0.001485	-0.001382	-0.001763	-0.001779	-0.001468	-0.001857	-0.001815	-0.001927	-0.002062	-0.002106
899.125	11121.93	-0.001528	-0.00133	-0.001652	-0.002016	-0.001879	-0.002136	-0.001921	-0.001822	-0.001867	-0.002069	-0.001849	-0.002208	-0.002301	-0.002213	-0.002058	-0.002285	-0.002032	-0.002282	-0.00217	-0.00173	-0.001988	-0.001824	-0.00221	-0.002077	-0.002057	-0.002424	-0.002169	-0.002414	-0.002391	-0.00214	-0.002303
899.701	11114.80	-0.001271	-0.001333	-0.001518	-0.001756	-0.001987	-0.002415	-0.002337	-0.002128	-0.002412	-0.002033	-0.0022	-0.002321	-0.001887	-0.002522	-0.002527	-0.002241	-0.002201	-0.002317	-0.002122	-0.002275	-0.00218	-0.002285	-0.002391	-0.002542	-0.002184	-0.002368	-0.002372	-0.002239	-0.002832	-0.002284	-0.002449
900.278	11107.68	-0.001606	-0.001731	-0.002353	-0.002432	-0.002472	-0.002578	-0.002163	-0.002545	-0.002236	-0.002417	-0.002241	-0.002989	-0.002303	-0.002498	-0.002626	-0.002547	-0.002449	-0.002656	-0.002368	-0.002608	-0.002639	-0.002461	-0.002948	-0.002923	-0.002264	-0.002384	-0.002855	-0.002825	-0.002316	-0.002718	-0.002809
900.855	11100.57	-0.001486	-0.001508	-0.001906	-0.002097	-0.002119	-0.001896	-0.002351	-0.002639	-0.002228	-0.002388	-0.002193	-0.002455	-0.002842	-0.00239	-0.002112	-0.002791	-0.002343	-0.002382	-0.002344	-0.00235	-0.001975	-0.002551	-0.002606	-0.002782	-0.002547	-0.002412	-0.002033	-0.00254	-0.002334	-0.002364	-0.00243
901.431	11093.47	-0.001484	-0.00153	-0.002117	-0.001887	-0.002284	-0.002689	-0.002402	-0.003028	-0.002445	-0.002764	-0.002858	-0.002942	-0.002636	-0.002682	-0.002775	-0.002683	-0.002481	-0.002476	-0.002627	-0.002677	-0.002686	-0.002675	-0.002365	-0.002823	-0.002576	-0.002955	-0.002537	-0.002713	-0.002799	-0.002729	-0.002739
902.008	11086.38	-0.001392	-0.001038	-0.001677	-0.002466	-0.0022	-0.002282	-0.002549	-0.00233	-0.002789	-0.002024	-0.00266	-0.002798	-0.002675	-0.002388	-0.002529	-0.002188	-0.002454	-0.002364	-0.0022	-0.002222	-0.002389	-0.002279	-0.002673	-0.002533	-0.002697	-0.002606	-0.002378	-0.002587	-0.002444	-0.002303	-0.002508
902.585	11079.29	-0.00181	-0.001814	-0.002181	-0.002209	-0.00238	-0.002644	-0.002547	-0.002308	-0.002688	-0.002464	-0.002468	-0.002658	-0.002655	-0.002671	-0.002181	-0.002622	-0.002626	-0.002578	-0.002388	-0.002254	-0.002705	-0.002567	-0.002975	-0.002204	-0.002701	-0.003019	-0.002545	-0.002495	-0.002798	-0.002712	-0.002685
903.161	11072.22	-0.001985	-0.001894	-0.002467	-0.002817	-0.002412	-0.002356	-0.002901	-0.00265	-0.002577	-0.002703	-0.002676	-0.002627	-0.002893	-0.002713	-0.002629	-0.003044	-0.002723	-0.002787	-0.002377	-0.002715	-0.002808	-0.002767	-0.002817	-0.002392	-0.002307	-0.00258	-0.002664	-0.003068	-0.002692	-0.002782	-0.002948
903.738	11065.15	-0.00117	-0.001538	-0.002153	-0.002375	-0.002312	-0.002195	-0.002257	-0.002226	-0.002186	-0.002121	-0.002401	-0.002516	-0.002426	-0.002104	-0.002381	-0.002268	-0.00233	-0.002584	-0.002183	-0.002302	-0.00209	-0.002646	-0.002453	-0.002157	-0.002301	-0.002339	-0.002336	-0.00271	-0.00219	-0.002248	-0.002648
904.315	11058.09	-0.001282	-0.001419	-0.001888	-0.00217	-0.002194	-0.00203	-0.002373	-0.0023	-0.002062	-0.002053	-0.002202	-0.002227	-0.002419	-0.002104	-0.002268	-0.002111	-0.00257	-0.002054	-0.002021	-0.002143	-0.002014	-0.002376	-0.002267	-0.002106	-0.002337	-0.00224	-0.002192	-0.002325	-0.002161	-0.00205	-0.002515
904.892	11051.05	-0.001444	-0.001658	-0.00203	-0.002212	-0.001926	-0.002061	-0.002289	-0.002214	-0.002062	-0.00211	-0.002564	-0.002202	-0.002484	-0.002301	-0.002387	-0.002205	-0.002488	-0.002495	-0.002447	-0.002395	-0.002235	-0.002302	-0.002451	-0.002198	-0.002548	-0.002641	-0.002498	-0.001993	-0.002755	-0.002306	-0.002336
905.468	11044.01	-0.001619	-0.001623	-0.002031	-0.002155	-0.002141	-0.002146	-0.002468	-0.002264	-0.002173	-0.00229	-0.002407	-0.00274	-0.00258	-0.002287	-0.002568	-0.002547	-0.002557	-0.002501	-0.002454	-0.002509	-0.002142	-0.002551	-0.002524	-0.002524	-0.002844	-0.002805	-0.002652	-0.002303	-0.002703	-0.002427	-0.002535
906.045	11036.98	-0.001598	-0.001808	-0.001876	-0.002109	-0.002458	-0.002091	-0.00249	-0.002605	-0.002408	-0.002519	-0.002367	-0.002825	-0.002454	-0.00263	-0.002349	-0.002699	-0.002502	-0.002146	-0.002598	-0.002438	-0.002205	-0.0027	-0.002289	-0.002422	-0.002477	-0.00268	-0.002666	-0.002549	-0.002753	-0.002708	-0.002782
906.622	11029.96	-0.001298	-0.0013	-0.001559	-0.001811	-0.00174	-0.002142	-0.001939	-0.001969	-0.001926	-0.002286	-0.002245	-0.00223	-0.002348	-0.002218	-0.00218	-0.002125	-0.002054	-0.001978	-0.002252	-0.002337	-0.002193	-0.002101	-0.001919	-0.002351	-0.002351	-0.002409	-0.002646	-0.002456	-0.002311	-0.002792	-0.002545
907.198	11022.95	-0.001476	-0.00152	-0.002159	-0.002233	-0.002071	-0.002227	-0.002099	-0.002164	-0.002394	-0.002375	-0.00257	-0.002826	-0.002779	-0.002535	-0.002919	-0.002374	-0.00259	-0.002468	-0.002766	-0.00284	-0.002613	-0.002486	-0.002287	-0.002746	-0.002726	-0.002789	-0.003211	-0.002705	-0.003016	-0.002979	-0.00292
907.775	11015.94	-0.001551	-0.001225	-0.001911	-0.002239	-0.002279	-0.00245	-0.002388	-0.00239	-0.0024	-0.002651	-0.002764	-0.003107	-0.003093	-0.002801	-0.002977	-0.00252	-0.00296	-0.00269	-0.00286	-0.002882	-0.002684	-0.002552	-0.002672	-0.002951	-0.003016	-0.002849	-0.003457	-0.00278	-0.003227	-0.003126	-0.003067
908.352	11008.95	-0.001336	-0.00126	-0.001622	-0.001993	-0.00225	-0.002503	-0.002219	-0.002246	-0.002434	-0.002791	-0.002756	-0.00299	-0.003077	-0.002858	-0.002698	-0.002588	-0.002723	-0.002504	-0.00264	-0.002683	-0.002806	-0.002702	-0.002622	-0.002897	-0.002823	-0.0032	-0.003189	-0.003111	-0.003227	-0.002989	-0.003202
908.929	11001.96	-0.00119	-0.001202	-0.001512	-0.001748	-0.002045	-0.002287	-0.002315	-0.002134	-0.002639	-0.002625	-0.002755	-0.002836	-0.002782	-0.00248	-0.002454	-0.00248	-0.002549	-0.002444	-0.002568	-0.002579	-0.002248	-0.002488	-0.002466	-0.002811	-0.002528	-0.003006	-0.002863	-0.003041	-0.003224	-0.002895	-0.003174
909.505	10994.99	-0.001264	-0.001117	-0.001577	-0.00166	-0.001804	-0.002189	-0.00231	-0.002306	-0.002268	-0.002157	-0.00243	-0.002643	-0.002621	-0.002465	-0.002351	-0.002456	-0.002313	-0.002141	-0.002465	-0.002208	-0.00182	-0.00229	-0.002489	-0.002735	-0.002495	-0.002732	-0.002754	-0.002843	-0.002827	-0.002933	-0.002919
910.082	10988.02	-0.0009141	-0.0009364	-0.001391	-0.001512	-0.001915	-0.002062	-0.001962	-0.002078	-0.00179	-0.002301	-0.002255	-0.002559	-0.002742	-0.002621	-0.002035	-0.00214	-0.002118	-0.00195	-0.002099	-0.001973	-0.002318	-0.002047	-0.002261	-0.002506	-0.002554	-0.002433	-0.002771	-0.002526	-0.002812	-0.002524	-0.002837
910.659	10981.06	-0.0008361	-0.0007252	-0.00115	-0.001422	-0.001791	-0.00191	-0.001687	-0.001903	-0.002041	-0.002413	-0.002175	-0.002225	-0.002684	-0.002228	-0.002111	-0.002008	-0.002023	-0.002108	-0.001825	-0.001965	-0.002381	-0.001899	-0.002178	-0.00234	-0.002352	-0.002569	-0.002618	-0.002346	-0.002765	-0.002415	-0.002691
911.235	10974.11	-0.0007403	-0.0008515	-0.000988	-0.001274	-0.001592	-0.001665	-0.001733	-0.001772	-0.00209	-0.002106	-0.002001	-0.001977	-0.002033	-0.002226	-0.002113	-0.002028	-0.001961	-0.001878	-0.001493	-0.001856	-0.001879	-0.00207	-0.002215	-0.002006	-0.002151	-0.002406	-0.002312	-0.002274	-0.002359	-0.002325	-0.002156
911.812	10967.17	-0.0008887	-0.001024	-0.001431	-0.001937	-0.002011	-0.001944	-0.002055	-0.002113	-0.002347	-0.002517	-0.002168	-0.002671	-0.002216	-0.002489	-0.001994	-0.002047	-0.002398	-0.002024	-0.00183	-0.002084	-0.002068	-0.002302	-0.0026	-0.002237	-0.002599	-0.002423	-0.002491	-0.002531	-0.002513	-0.002361	-0.002753
912.389	10960.24	-0.0009577	-0.0011	-0.001802	-0.002198	-0.002208	-0.002266	-0.002289	-0.002223	-0.002646	-0.002587	-0.002392	-0.002935	-0.002486	-0.002648	-0.002484	-0.002254	-0.002495	-0.00208	-0.002036	-0.002288	-0.00221	-0.002412	-0.002526	-0.00276	-0.002915	-0.002719	-0.002484	-0.002746	-0.002893	-0.00291	-0.003151
912.966	10953.32	-0.0007219	-0.001035	-0.001553	-0.001706	-0.001882	-0.001671	-0.00213	-0.002166	-0.002485	-0.001998	-0.002406	-0.002463	-0.002175	-0.002028	-0.002264	-0.002183	-0.002394	-0.002044	-0.002062	-0.002189	-0.00205	-0.002067	-0.002364	-0.002486	-0.002548	-0.002218	-0.00241	-0.00249	-0.00274	-0.00269	-0.002743
913.542	10946.40	-0.0009025	-0.001143	-0.001847	-0.001715	-0.001894	-0.001625	-0.001938	-0.001606	-0.002368	-0.002082	-0.001981	-0.002087	-0.002331	-0.0022	-0.002148	-0.002223	-0.002216	-0.00175	-0.001725	-0.002329	-0.002268	-0.002331	-0.002235	-0.002027	-0.002271	-0.002136	-0.002266	-0.002306	-0.00259	-0.002479	-0.002985
914.119	10939.50	-0.001674	-0.001589	-0.001857	-0.002066	-0.002289	-0.00238	-0.002311	-0.002429	-0.002805	-0.002941	-0.00275	-0.002688	-0.002911	-0.002866	-0.002683	-0.002625	-0.002726	-0.002081	-0.00219	-0.002479	-0.002538	-0.002916	-0.00294	-0.002837	-0.002726	-0.002909	-0.002667	-0.002846	-0.003072	-0.003033	-0.00319
914.696	10932.60	-0.001949	-0.001197	-0.00174	-0.001963	-0.002149	-0.002201	-0.002625	-0.002489	-0.002656	-0.002272	-0.002925	-0.002527	-0.002837	-0.00278	-0.002788	-0.002524	-0.002461	-0.002325	-0.002317	-0.002566	-0.002582	-0.002718	-0.002751	-0.00316	-0.002687	-0.002859	-0.002771	-0.002861	-0.002796	-0.002808	-0.00308
915.272	10925.71	-0.001131	-0.0008819	-0.001382	-0.001207	-0.001574	-0.001693	-0.001904	-0.00203	-0.001875	-0.001868	-0.001855	-0.001958	-0.002025	-0.002062	-0.002173	-0.001785	-0.001888	-0.00194	-0.00203	-0.002118	-0.002427	-0.001995	-0.002026	-0.002079	-0.002319	-0.00209	-0.002452	-0.001988	-0.002178	-0.002322	-0.002398
915.849	10918.83	-0.0009065	-0.0006115	-0.001575	-0.001357	-0.001676	-0.001648	-0.001903	-0.001543	-0.001754	-0.002066	-0.001632	-0.002189	-0.00212	-0.001965	-0.001884	-0.002121	-0.001514	-0.001966	-0.002099	-0.001818	-0.002144	-0.001956	-0.001815	-0.002061	-0.002344	-0.00237	-0.002104	-0.001927	-0.00191	-0.002266	-0.00217
916.426	10911.96	-0.0008561	-0.001057	-0.001819	-0.001587	-0.001504	-0.00198	-0.00163	-0.001883	-0.001732	-0.002184	-0.001813	-0.001937	-0.00233	-0.00242	-0.002075	-0.002268	-0.001972	-0.001966	-0.001573	-0.001789	-0.00243	-0.002248	-0.002205	-0.00232	-0.002454	-0.002055	-0.001902	-0.002569	-0.002227	-0.002647	-0.0022
917.002	10905.10	-0.000511	-0.000968	-0.0009462	-0.001589	-0.001661	-0.001727	-0.001459	-0.002118	-0.002012	-0.00165	-0.001909	-0.001639	-0.001985	-0.001982	-0.001691	-0.001871	-0.00169	-0.001766	-0.001602	-0.002016	-0.001877	-0.001828	-0.001733	-0.001919	-0.002117	-0.002277	-0.002072	-0.002191	-0.002489	-0.002326	-0.001964
917.579	10898.24	-0.0003535	-0.0009034	-0.001316	-0.00163	-0.001986	-0.001387	-0.001961	-0.001777	-0.002158	-0.002052	-0.002259	-0.002197	-0.001923	-0.002032	-0.002301	-0.001738	-0.001887	-0.001483	-0.001851	-0.001894	-0.002133	-0.002103	-0.00183	-0.001698	-0.001896	-0.002263	-0.002399	-0.002063	-0.002453	-0.002408	-0.002173
918.156	10891.40	-0.0006796	-0.001252	-0.0009925	-0.001439	-0.001772	-0.001826	-0.001889	-0.002234	-0.001719	-0.002224	-0.002283	-0.002339	-0.002433	-0.001993	-0.002396	-0.002257	-0.002099	-0.002123	-0.001935	-0.002047	-0.002376	-0.001949	-0.002095	-0.002224	-0.002126	-0.002411	-0.002771	-0.001833	-0.002532	-0.002005	-0.002337
918.733	10884.56	-0.001739	-0.001889	-0.001549	-0.002191	-0.002013	-0.002399	-0.002188	-0.002073	-0.00207	-0.002226	-0.002282	-0.002643	-0.002262	-0.002337	-0.002701	-0.002105	-0.002441	-0.002546	-0.002321	-0.001951	-0.001905	-0.002159	-0.002317	-0.002394	-0.002352	-0.002585	-0.002385	-0.002212	-0.002347	-0.002136	-0.002715
919.309	10877.73	-0.002131	-0.001537	-0.002251	-0.002142	-0.002473	-0.002304	-0.002389	-0.002261	-0.002213	-0.002319	-0.002964	-0.002233	-0.002261	-0.002631	-0.002713	-0.002329	-0.00287	-0.002266	-0.002429	-0.002828	-0.002948	-0.002975	-0.002229	-0.002655	-0.002387	-0.002583	-0.002697	-0.00217	-0.002455	-0.002661	-0.002531
919.886	10870.91	-0.00149	-0.001285	-0.002219	-0.002091	-0.001814	-0.001937	-0.002059	-0.002185	-0.002211	-0.002298	-0.002284	-0.002315	-0.002232	-0.002037	-0.00206	-0.002358	-0.002367	-0.002336	-0.00215	-0.002193	-0.00263	-0.001763	-0.002603	-0.002493	-0.002411	-0.002177	-0.002352	-0.002573	-0.002044	-0.001992	-0.00255
920.463	10864.10	-0.001318	-0.001426	-0.00199	-0.002218	-0.002488	-0.00223	-0.002448	-0.002275	-0.002542	-0.002364	-0.00237	-0.002214	-0.002437	-0.002453	-0.002366	-0.002415	-0.002502	-0.002823	-0.002248	-0.00194	-0.002521	-0.002416	-0.001965	-0.00244	-0.002361	-0.002135	-0.002016	-0.002696	-0.002259	-0.002307	-0.00235
921.039	10857.30	-0.002012	-0.001809	-0.002462	-0.00206	-0.002531	-0.00234	-0.002846	-0.002317	-0.00222	-0.002432	-0.002633	-0.002687	-0.002688	-0.002703	-0.002715	-0.002874	-0.002841	-0.002896	-0.002822	-0.002746	-0.003085	-0.002525	-0.002532	-0.002492	-0.002647	-0.002544	-0.002632	-0.002861	-0.002509	-0.002578	-0.002058
921.616	10850.50	-0.001679	-0.001746	-0.002261	-0.002146	-0.001838	-0.002141	-0.002188	-0.00237	-0.002242	-0.002458	-0.00204	-0.002355	-0.002161	-0.002645	-0.002207	-0.002892	-0.002658	-0.002132	-0.00257	-0.002691	-0.00248	-0.002489	-0.002389	-0.002486	-0.002439	-0.002265	-0.002493	-0.002457	-0.002378	-0.002233	-0.002232
922.193	10843.72	-0.001732	-0.001119	-0.0019	-0.001983	-0.00183	-0.001902	-0.001921	-0.001976	-0.001934	-0.002062	-0.002126	-0.001812	-0.002205	-0.002264	-0.002071	-0.002188	-0.002452	-0.002178	-0.002393	-0.002255	-0.001953	-0.002235	-0.001958	-0.002089	-0.00195	-0.001769	-0.0022	-0.001751	-0.002223	-0.001832	-0.002286
922.770	10836.94	-0.001523	-0.00128	-0.001632	-0.001634	-0.001841	-0.001791	-0.001943	-0.001794	-0.002262	-0.001858	-0.002261	-0.002206	-0.001971	-0.002035	-0.00202	-0.002096	-0.002482	-0.002322	-0.001806	-0.002167	-0.002232	-0.002224	-0.002145	-0.002317	-0.002066	-0.002152	-0.002348	-0.002021	-0.001945	-0.002096	-0.002183
923.346	10830.17	-0.001678	-0.001225	-0.001823	-0.001672	-0.00182	-0.001863	-0.002025	-0.002119	-0.002286	-0.001883	-0.002322	-0.002318	-0.002121	-0.002215	-0.002244	-0.002511	-0.002266	-0.002313	-0.002181	-0.002267	-0.00191	-0.002081	-0.002022	-0.002431	-0.002144	-0.0022	-0.002219	-0.001873	-0.002288	-0.001946	-0.002464
923.923	10823.41	-0.001749	-0.001136	-0.001881	-0.001748	-0.001917	-0.001587	-0.001766	-0.001918	-0.001514	-0.002012	-0.00203	-0.002294	-0.002149	-0.002052	-0.002066	-0.002384	-0.002073	-0.002014	-0.002312	-0.001802	-0.001944	-0.001868	-0.00168	-0.0022	-0.002052	-0.002063	-0.001744	-0.001938	-0.002105	-0.002026	-0.002109
924.500	10816.66	-0.001646	-0.001491	-0.001822	-0.002066	-0.001886	-0.002025	-0.00193	-0.001769	-0.001938	-0.002425	-0.002146	-0.00228	-0.001959	-0.002027	-0.00211	-0.002253	-0.002276	-0.001916	-0.001876	-0.001752	-0.002198	-0.002083	-0.001709	-0.002286	-0.001932	-0.002503	-0.001887	-0.001907	-0.002168	-0.002188	-0.001953
925.076	10809.92	-0.001639	-0.001357	-0.001635	-0.001816	-0.001727	-0.001548	-0.001854	-0.001465	-0.001879	-0.00193	-0.001989	-0.001819	-0.001846	-0.001776	-0.001569	-0.001925	-0.001902	-0.001644	-0.001465	-0.001505	-0.001742	-0.001813	-0.001775	-0.001844	-0.002025	-0.002077	-0.002195	-0.001715	-0.002084	-0.001937	-0.001943
925.653	10803.18	-0.001497	-0.001119	-0.001591	-0.001611	-0.001348	-0.001564	-0.001708	-0.001428	-0.001813	-0.001634	-0.001753	-0.001726	-0.001779	-0.001605	-0.00179	-0.002016	-0.001884	-0.001507	-0.001779	-0.001677	-0.001573	-0.001304	-0.001689	-0.001886	-0.001988	-0.001789	-0.001941	-0.001938	-0.001724	-0.001916	-0.001876
926.230	10796.46	-0.001324	-0.001431	-0.001914	-0.001614	-0.001524	-0.001896	-0.001925	-0.001855	-0.002187	-0.001856	-0.001823	-0.002257	-0.002066	-0.002133	-0.002164	-0.002336	-0.002243	-0.001815	-0.002284	-0.002064	-0.001818	-0.001755	-0.001835	-0.002262	-0.002069	-0.001802	-0.002139	-0.002049	-0.001882	-0.002241	-0.001934
926.807	10789.74	-0.001523	-0.00168	-0.001977	-0.001909	-0.001762	-0.002236	-0.00238	-0.002116	-0.002123	-0.001965	-0.00221	-0.002335	-0.002131	-0.002279	-0.002282	-0.002276	-0.002126	-0.002334	-0.002646	-0.00226	-0.002217	-0.002174	-0.002158	-0.002503	-0.002064	-0.00232	-0.002502	-0.00229	-0.002356	-0.002487	-0.002199
927.383	10783.03	-0.001941	-0.001747	-0.001936	-0.002315	-0.001881	-0.002155	-0.002523	-0.002225	-0.002211	-0.002256	-0.002369	-0.002445	-0.002395	-0.002641	-0.00227	-0.002057	-0.002188	-0.002433	-0.002386	-0.002243	-0.002585	-0.002404	-0.002608	-0.002444	-0.002692	-0.002474	-0.002773	-0.002475	-0.00252	-0.002821	-0.002805
927.960	10776.33	-0.001673	-0.001485	-0.001799	-0.002137	-0.001781	-0.001926	-0.002265	-0.002142	-0.00218	-0.00229	-0.00212	-0.002364	-0.002244	-0.002473	-0.002056	-0.002246	-0.002245	-0.001871	-0.00203	-0.002012	-0.002405	-0.00238	-0.002377	-0.0023	-0.002705	-0.002227	-0.002332	-0.002152	-0.002359	-0.002622	-0.002695
928.537	10769.63	-0.001331	-0.001446	-0.001868	-0.002039	-0.001939	-0.002072	-0.002316	-0.002271	-0.002361	-0.002408	-0.002348	-0.002585	-0.002361	-0.002703	-0.002409	-0.002409	-0.002089	-0.001844	-0.002444	-0.002167	-0.002258	-0.002547	-0.002515	-0.002428	-0.002528	-0.002092	-0.002289	-0.002194	-0.002511	-0.002465	-0.002746
929.113	10762.95	-0.0008936	-0.001293	-0.001641	-0.001848	-0.001669	-0.001883	-0.00213	-0.002112	-0.002303	-0.00232	-0.002348	-0.002321	-0.002431	-0.00261	-0.00231	-0.002294	-0.002036	-0.001929	-0.00244	-0.002152	-0.002004	-0.002403	-0.00247	-0.002352	-0.002442	-0.002305	-0.002354	-0.002449	-0.002465	-0.00249	-0.002654
929.690	10756.27	-0.0009336	-0.001165	-0.001537	-0.001845	-0.001843	-0.001914	-0.002001	-0.001925	-0.002195	-0.002159	-0.002343	-0.00216	-0.00218	-0.002403	-0.00234	-0.00235	-0.002352	-0.001767	-0.002089	-0.002102	-0.002114	-0.002259	-0.002331	-0.002195	-0.002225	-0.002486	-0.002059	-0.002189	-0.002346	-0.002459	-0.002538
930.267	10749.60	-0.001268	-0.001305	-0.001481	-0.002145	-0.002158	-0.002024	-0.002261	-0.002123	-0.002194	-0.001971	-0.002184	-0.002359	-0.002212	-0.00233	-0.002492	-0.002386	-0.002319	-0.002169	-0.002122	-0.002374	-0.00229	-0.002196	-0.002504	-0.002363	-0.002397	-0.002259	-0.002217	-0.002334	-0.0025	-0.002522	-0.002604
930.844	10742.94	-0.001261	-0.001088	-0.001669	-0.001831	-0.001961	-0.002196	-0.002233	-0.00189	-0.001837	-0.002078	-0.002258	-0.002199	-0.002018	-0.002186	-0.002173	-0.002246	-0.002177	-0.001997	-0.002189	-0.002238	-0.002039	-0.001962	-0.002016	-0.002307	-0.002433	-0.002345	-0.002186	-0.00236	-0.002027	-0.002356	-0.002313
931.420	10736.29	-0.001642	-0.0009979	-0.001626	-0.001816	-0.001687	-0.001883	-0.001918	-0.001705	-0.001668	-0.002026	-0.0023	-0.002092	-0.002053	-0.002321	-0.002051	-0.002074	-0.001779	-0.001788	-0.002081	-0.002206	-0.002258	-0.002212	-0.001888	-0.002213	-0.002117	-0.002252	-0.002228	-0.002449	-0.001934	-0.002654	-0.002009
931.997	10729.65	-0.001068	-0.001298	-0.001265	-0.001349	-0.001451	-0.001292	-0.001462	-0.00145	-0.001665	-0.001523	-0.001332	-0.001875	-0.001481	-0.001844	-0.00174	-0.001633	-0.001351	-0.001685	-0.001464	-0.001715	-0.001611	-0.001787	-0.001949	-0.001773	-0.001696	-0.001857	-0.001868	-0.002198	-0.001981	-0.001688	-0.001484
932.574	10723.01	-0.001517	-0.001416	-0.001876	-0.002004	-0.001821	-0.001876	-0.002036	-0.001651	-0.001731	-0.001792	-0.00237	-0.002036	-0.002206	-0.002373	-0.002178	-0.002161	-0.001997	-0.00223	-0.002099	-0.0021	-0.002075	-0.002512	-0.00244	-0.002119	-0.002123	-0.002337	-0.002139	-0.002047	-0.002457	-0.001883	-0.002211
933.150	10716.39	-0.000933	-0.00091	-0.001537	-0.00137	-0.001897	-0.001873	-0.002184	-0.001839	-0.002182	-0.001982	-0.002279	-0.001831	-0.002015	-0.001827	-0.002099	-0.00193	-0.002231	-0.002053	-0.002062	-0.002212	-0.001594	-0.001978	-0.002337	-0.00199	-0.00213	-0.002257	-0.001981	-0.002144	-0.002301	-0.001888	-0.002112
933.727	10709.77	-0.001369	-0.001228	-0.001616	-0.001732	-0.001703	-0.001222	-0.001516	-0.001714	-0.002021	-0.001976	-0.001589	-0.001954	-0.001787	-0.001533	-0.00174	-0.00187	-0.001949	-0.002095	-0.001981	-0.002455	-0.001881	-0.001805	-0.002228	-0.001833	-0.002257	-0.00188	-0.001398	-0.002149	-0.001663	-0.001957	-0.001701
934.304	10703.16	-0.001528	-0.0009318	-0.001799	-0.00147	-0.001493	-0.001973	-0.001805	-0.001655	-0.001778	-0.001613	-0.002502	-0.002025	-0.002003	-0.001383	-0.001745	-0.002233	-0.002379	-0.002165	-0.001936	-0.002031	-0.00186	-0.002128	-0.002046	-0.001592	-0.001997	-0.00219	-0.001855	-0.002131	-0.002028	-0.00176	-0.001913
934.880	10696.55	-0.001052	-0.001515	-0.00217	-0.001844	-0.001587	-0.002154	-0.002136	-0.001776	-0.002069	-0.002371	-0.002275	-0.002045	-0.002159	-0.002427	-0.001993	-0.001907	-0.001894	-0.001638	-0.001752	-0.002023	-0.002188	-0.002265	-0.002516	-0.002861	-0.002555	-0.002182	-0.002118	-0.002256	-0.001917	-0.002457	-0.002193
935.457	10689.96	-0.001319	-0.001332	-0.00189	-0.002026	-0.001905	-0.002184	-0.002069	-0.002104	-0.002569	-0.002013	-0.002103	-0.001824	-0.002003	-0.002407	-0.002176	-0.001901	-0.002205	-0.001837	-0.002318	-0.002444	-0.002552	-0.00296	-0.002643	-0.002577	-0.002449	-0.002713	-0.002467	-0.002303	-0.002486	-0.003192	-0.002718
936.034	10683.37	-0.001241	-0.001548	-0.002102	-0.002018	-0.002017	-0.001725	-0.002119	-0.001931	-0.001964	-0.002137	-0.002421	-0.002133	-0.002339	-0.002068	-0.002018	-0.002432	-0.001929	-0.002244	-0.002041	-0.00181	-0.002142	-0.002038	-0.002348	-0.002694	-0.002472	-0.002516	-0.002517	-0.002321	-0.002689	-0.002554	-0.002879
936.611	10676.80	-0.002007	-0.001784	-0.001766	-0.002076	-0.001909	-0.002205	-0.002107	-0.002315	-0.002424	-0.002946	-0.002579	-0.00245	-0.002636	-0.002519	-0.002175	-0.002037	-0.002325	-0.00269	-0.002586	-0.002425	-0.002664	-0.002701	-0.002553	-0.002824	-0.00285	-0.00281	-0.002494	-0.002574	-0.002701	-0.00318	-0.002569
937.187	10670.23	-0.001588	-0.001654	-0.001999	-0.001693	-0.002483	-0.002261	-0.002304	-0.0023	-0.002131	-0.002008	-0.002347	-0.002469	-0.002515	-0.002216	-0.002595	-0.002525	-0.002214	-0.00268	-0.00208	-0.002161	-0.002531	-0.002511	-0.002273	-0.002548	-0.002285	-0.002821	-0.002305	-0.002285	-0.002447	-0.002285	-0.002457
937.764	10663.66	-0.002093	-0.001587	-0.001666	-0.001855	-0.002371	-0.002423	-0.002465	-0.002075	-0.002276	-0.002314	-0.002515	-0.002048	-0.002648	-0.002347	-0.002238	-0.002268	-0.002129	-0.002112	-0.002395	-0.002482	-0.002598	-0.002444	-0.002567	-0.002679	-0.002618	-0.002513	-0.002642	-0.002806	-0.002805	-0.002894	-0.002845
938.341	10657.11	-0.001383	-0.001132	-0.001852	-0.001718	-0.001839	-0.002093	-0.002599	-0.002109	-0.002053	-0.002518	-0.002072	-0.002465	-0.002272	-0.002405	-0.002395	-0.001994	-0.002159	-0.0022	-0.002148	-0.002272	-0.002324	-0.002337	-0.002605	-0.002652	-0.002406	-0.002486	-0.002345	-0.002314	-0.002487	-0.002811	-0.002471
938.917	10650.56	-0.001878	-0.001497	-0.00215	-0.00262	-0.002202	-0.002234	-0.002424	-0.002256	-0.002719	-0.002521	-0.00247	-0.002857	-0.002299	-0.002591	-0.002712	-0.002242	-0.002627	-0.002189	-0.00243	-0.00237	-0.002854	-0.002157	-0.002751	-0.002746	-0.002608	-0.002833	-0.002872	-0.002405	-0.002688	-0.002987	-0.002676
939.494	10644.03	-0.001964	-0.001834	-0.00227	-0.002339	-0.002572	-0.002694	-0.002454	-0.002216	-0.002593	-0.002586	-0.002552	-0.002547	-0.002607	-0.002744	-0.002899	-0.002529	-0.002438	-0.002721	-0.002523	-0.002251	-0.002395	-0.002592	-0.002587	-0.002648	-0.002679	-0.002794	-0.002962	-0.002868	-0.002717	-0.00323	-0.003115
940.071	10637.50	-0.001253	-0.001686	-0.001951	-0.001941	-0.002113	-0.002579	-0.002524	-0.002313	-0.002655	-0.002665	-0.002721	-0.002559	-0.002571	-0.002561	-0.002558	-0.001947	-0.002386	-0.002869	-0.002274	-0.002253	-0.002213	-0.002599	-0.002736	-0.002254	-0.002453	-0.002613	-0.002857	-0.003216	-0.002815	-0.003143	-0.003089
940.648	10630.97	-0.001852	-0.00154	-0.002376	-0.002132	-0.002156	-0.00244	-0.002529	-0.00253	-0.002731	-0.002597	-0.00283	-0.002594	-0.002891	-0.00295	-0.002577	-0.002426	-0.002238	-0.002196	-0.00252	-0.00243	-0.002665	-0.003033	-0.00296	-0.002462	-0.002819	-0.002577	-0.003012	-0.002794	-0.002785	-0.002881	-0.002994
941.224	10624.46	-0.002509	-0.002163	-0.002543	-0.002748	-0.002854	-0.002861	-0.00336	-0.002846	-0.003193	-0.003417	-0.003341	-0.003172	-0.003304	-0.00342	-0.0034	-0.00299	-0.002861	-0.003033	-0.003046	-0.003282	-0.003298	-0.003597	-0.003132	-0.003012	-0.003502	-0.003311	-0.003221	-0.003485	-0.003211	-0.003109	-0.00349
941.801	10617.95	-0.00179	-0.001878	-0.001976	-0.002521	-0.002446	-0.002599	-0.002925	-0.002514	-0.002622	-0.002685	-0.002837	-0.002815	-0.002586	-0.003167	-0.002967	-0.002681	-0.002918	-0.002767	-0.002629	-0.003047	-0.002797	-0.003097	-0.003019	-0.002961	-0.003005	-0.003198	-0.003188	-0.002815	-0.002881	-0.002877	-0.003327
942.378	10611.46	-0.001707	-0.001591	-0.002254	-0.002222	-0.002216	-0.002544	-0.0027	-0.002279	-0.00256	-0.002618	-0.002298	-0.00308	-0.002454	-0.002913	-0.002938	-0.002382	-0.002808	-0.002448	-0.002621	-0.002751	-0.002576	-0.002777	-0.002978	-0.002524	-0.002752	-0.002915	-0.002741	-0.002596	-0.002709	-0.002389	-0.00316
942.954	10604.97	-0.001682	-0.001575	-0.002015	-0.002121	-0.002238	-0.002208	-0.00226	-0.00231	-0.002767	-0.002785	-0.00242	-0.002638	-0.002537	-0.002816	-0.002814	-0.002364	-0.002487	-0.002357	-0.002745	-0.002695	-0.002711	-0.002702	-0.002658	-0.002662	-0.002549	-0.002539	-0.002612	-0.002504	-0.002504	-0.002408	-0.002512
943.531	10598.48	-0.001855	-0.002009	-0.0025	-0.002576	-0.002576	-0.002478	-0.00266	-0.002551	-0.002979	-0.002611	-0.002893	-0.002773	-0.002832	-0.003018	-0.002925	-0.002642	-0.00269	-0.002857	-0.002771	-0.00278	-0.002876	-0.002918	-0.003111	-0.002696	-0.003031	-0.00298	-0.002918	-0.002775	-0.002468	-0.002782	-0.002813
944.108	10592.01	-0.002069	-0.002052	-0.002534	-0.002502	-0.002615	-0.002323	-0.002762	-0.002575	-0.002817	-0.002444	-0.002836	-0.002775	-0.002913	-0.0028	-0.002672	-0.002556	-0.002844	-0.003097	-0.002301	-0.002843	-0.002321	-0.002709	-0.003025	-0.002842	-0.002804	-0.002399	-0.00275	-0.002477	-0.002373	-0.002816	-0.002616
944.685	10585.54	-0.001578	-0.001787	-0.001656	-0.002158	-0.002186	-0.002027	-0.002137	-0.002228	-0.002262	-0.002163	-0.00218	-0.00206	-0.002459	-0.002224	-0.001961	-0.002044	-0.002482	-0.002532	-0.002233	-0.002449	-0.002167	-0.002282	-0.002504	-0.002119	-0.002123	-0.002157	-0.002377	-0.001984	-0.002365	-0.002421	-0.002045
945.261	10579.09	-0.001725	-0.00213	-0.00224	-0.002306	-0.002435	-0.002574	-0.002225	-0.002323	-0.002145	-0.002503	-0.002231	-0.002232	-0.002483	-0.002607	-0.002056	-0.002219	-0.00266	-0.002679	-0.002412	-0.002547	-0.002724	-0.002635	-0.002368	-0.00232	-0.002424	-0.002583	-0.002381	-0.002362	-0.002462	-0.002255	-0.002234
945.838	10572.64	-0.00197	-0.002114	-0.002323	-0.002323	-0.002369	-0.002272	-0.00237	-0.002085	-0.002147	-0.002481	-0.002307	-0.002129	-0.002166	-0.002695	-0.002158	-0.002162	-0.002636	-0.002609	-0.002249	-0.002572	-0.002627	-0.002775	-0.002437	-0.002213	-0.002691	-0.00228	-0.001883	-0.002575	-0.002485	-0.002253	-0.001944
946.415	10566.19	-0.001759	-0.001641	-0.002297	-0.002188	-0.002138	-0.002629	-0.002088	-0.00235	-0.002328	-0.002032	-0.002182	-0.002245	-0.001847	-0.002643	-0.002296	-0.002087	-0.002395	-0.002312	-0.002235	-0.002543	-0.002212	-0.002576	-0.002076	-0.002123	-0.002283	-0.002071	-0.001895	-0.002065	-0.002116	-0.002423	-0.001734
946.991	10559.76	-0.002102	-0.001554	-0.002335	-0.002163	-0.002583	-0.002798	-0.002158	-0.002546	-0.002465	-0.002368	-0.002602	-0.002524	-0.002651	-0.002558	-0.002679	-0.002062	-0.002666	-0.002824	-0.002475	-0.002441	-0.002608	-0.002621	-0.002279	-0.002701	-0.002466	-0.002466	-0.002261	-0.002138	-0.002267	-0.00241	-0.002538
947.568	10553.33	-0.002031	-0.001346	-0.002344	-0.002086	-0.002313	-0.002574	-0.002664	-0.002393	-0.002504	-0.002147	-0.002452	-0.002146	-0.002602	-0.002636	-0.002501	-0.002056	-0.002368	-0.0025	-0.00259	-0.00219	-0.002398	-0.00276	-0.002497	-0.00271	-0.002166	-0.002515	-0.002496	-0.002282	-0.00216	-0.001827	-0.002681
948.145	10546.91	-0.001967	-0.001618	-0.002815	-0.003012	-0.002643	-0.002657	-0.003174	-0.002927	-0.002837	-0.00271	-0.003077	-0.003017	-0.002779	-0.002922	-0.002873	-0.002768	-0.002826	-0.002758	-0.00273	-0.002889	-0.002594	-0.002991	-0.002794	-0.002895	-0.002991	-0.003306	-0.002888	-0.002678	-0.002584	-0.002278	-0.002716
948.721	10540.50	-0.002006	-0.001958	-0.003108	-0.002942	-0.003131	-0.003262	-0.002985	-0.002861	-0.002699	-0.002965	-0.002539	-0.003005	-0.002689	-0.00289	-0.00304	-0.003063	-0.0029	-0.003054	-0.002621	-0.002912	-0.002759	-0.002989	-0.002565	-0.003064	-0.003268	-0.002995	-0.002833	-0.002907	-0.003051	-0.002859	-0.002737
949.298	10534.10	-0.002325	-0.002556	-0.00283	-0.003064	-0.003139	-0.003012	-0.003131	-0.003377	-0.002983	-0.002965	-0.003177	-0.003077	-0.003449	-0.003008	-0.003585	-0.003227	-0.002771	-0.003004	-0.003076	-0.002757	-0.002991	-0.003114	-0.002731	-0.003077	-0.003091	-0.003322	-0.003114	-0.003218	-0.003486	-0.002739	-0.003002
949.875	10527.70	-0.002177	-0.002683	-0.003086	-0.002967	-0.002887	-0.002689	-0.003167	-0.00321	-0.002888	-0.002442	-0.002701	-0.002919	-0.002997	-0.002979	-0.003021	-0.002664	-0.002673	-0.00256	-0.003101	-0.002922	-0.003	-0.002712	-0.002768	-0.00303	-0.002735	-0.002917	-0.002819	-0.002582	-0.003436	-0.002735	-0.003052
950.452	10521.31	-0.001452	-0.001453	-0.002406	-0.002132	-0.00237	-0.002346	-0.002651	-0.002539	-0.002324	-0.002345	-0.002469	-0.002534	-0.002418	-0.002743	-0.002697	-0.002106	-0.002511	-0.002014	-0.002108	-0.002278	-0.002461	-0.002488	-0.002294	-0.002559	-0.002397	-0.00262	-0.002378	-0.002241	-0.00246	-0.00283	-0.002683
951.028	10514.93	-0.001046	-0.001289	-0.00181	-0.001857	-0.001804	-0.002152	-0.002038	-0.001673	-0.002201	-0.002177	-0.002186	-0.002153	-0.002279	-0.002071	-0.002134	-0.002086	-0.002414	-0.001797	-0.001917	-0.00196	-0.002209	-0.001761	-0.002258	-0.002203	-0.002276	-0.002236	-0.00186	-0.002473	-0.002135	-0.001905	-0.002142
951.605	10508.56	-0.001675	-0.001801	-0.002389	-0.001799	-0.002548	-0.002405	-0.002368	-0.002263	-0.002459	-0.002355	-0.002741	-0.002156	-0.00242	-0.002417	-0.00255	-0.002183	-0.002688	-0.002248	-0.00244	-0.002389	-0.002356	-0.001697	-0.002596	-0.002306	-0.002802	-0.002445	-0.002282	-0.002028	-0.00257	-0.002257	-0.002697
952.182	10502.20	-0.002312	-0.002286	-0.002834	-0.002669	-0.002768	-0.002794	-0.002906	-0.002604	-0.002734	-0.002838	-0.002653	-0.003239	-0.002792	-0.002515	-0.002891	-0.00313	-0.002913	-0.003169	-0.002524	-0.002653	-0.002612	-0.002892	-0.002767	-0.002633	-0.002855	-0.00328	-0.003075	-0.002705	-0.00331	-0.003173	-0.003019
952.758	10495.84	-0.002362	-0.002785	-0.002329	-0.003041	-0.002652	-0.002643	-0.00336	-0.002748	-0.002744	-0.00278	-0.00326	-0.002764	-0.003331	-0.003285	-0.003086	-0.003107	-0.003158	-0.003092	-0.002755	-0.003071	-0.003182	-0.003059	-0.003033	-0.003336	-0.002867	-0.003243	-0.002947	-0.003069	-0.002718	-0.002891	-0.003353
953.335	10489.49	-0.001441	-0.001553	-0.001743	-0.00181	-0.002108	-0.002041	-0.001785	-0.001994	-0.002113	-0.002141	-0.001981	-0.001915	-0.002015	-0.002443	-0.002233	-0.002319	-0.001919	-0.001977	-0.001972	-0.002231	-0.002377	-0.001906	-0.002108	-0.00222	-0.002524	-0.002442	-0.002189	-0.002488	-0.002771	-0.001687	-0.002326
953.912	10483.15	-0.001331	-0.001655	-0.001917	-0.002188	-0.002358	-0.001678	-0.002238	-0.002544	-0.002276	-0.002241	-0.002005	-0.002709	-0.002366	-0.003019	-0.002408	-0.002229	-0.002708	-0.002347	-0.00241	-0.002547	-0.0025	-0.002637	-0.002555	-0.001943	-0.002556	-0.002595	-0.00257	-0.002261	-0.002572	-0.002709	-0.002263
954.489	10476.81	-0.001377	-0.001739	-0.001571	-0.002069	-0.002048	-0.002083	-0.00182	-0.002165	-0.002093	-0.001932	-0.001922	-0.001948	-0.002002	-0.002252	-0.002304	-0.002051	-0.002097	-0.002258	-0.002629	-0.002203	-0.001873	-0.002517	-0.00239	-0.001801	-0.002477	-0.002157	-0.002314	-0.002146	-0.002153	-0.002332	-0.001908
955.065	10470.49	-0.001785	-0.002422	-0.002247	-0.001924	-0.002527	-0.002616	-0.002445	-0.002234	-0.002237	-0.002425	-0.001997	-0.002459	-0.002639	-0.002504	-0.002796	-0.002944	-0.002635	-0.002324	-0.002592	-0.002279	-0.002815	-0.002775	-0.00265	-0.002615	-0.002564	-0.002499	-0.00259	-0.002485	-0.002562	-0.002522	-0.002566
955.642	10464.17	-0.001638	-0.001732	-0.002288	-0.001901	-0.00205	-0.00189	-0.002144	-0.001655	-0.001707	-0.002075	-0.001923	-0.001814	-0.002432	-0.002125	-0.002026	-0.002554	-0.002008	-0.001929	-0.002204	-0.001888	-0.001822	-0.002268	-0.002133	-0.002295	-0.002677	-0.002278	-0.002284	-0.002078	-0.002428	-0.002198	-0.002422
956.219	10457.86	-0.001526	-0.001462	-0.002071	-0.001951	-0.001666	-0.001824	-0.001584	-0.001632	-0.001551	-0.001953	-0.001651	-0.00174	-0.001955	-0.002202	-0.002044	-0.002534	-0.00187	-0.002047	-0.002262	-0.00187	-0.00163	-0.001913	-0.002063	-0.002281	-0.002111	-0.002017	-0.002089	-0.001802	-0.002237	-0.001968	-0.002118
956.795	10451.55	-0.001452	-0.001251	-0.001942	-0.001949	-0.00155	-0.00167	-0.001624	-0.00147	-0.001673	-0.001641	-0.001718	-0.00172	-0.001767	-0.002138	-0.001963	-0.002086	-0.001606	-0.002187	-0.001909	-0.001968	-0.001949	-0.001419	-0.001799	-0.00194	-0.001535	-0.002172	-0.001908	-0.001928	-0.002379	-0.001809	-0.002371
957.372	10445.26	-0.0009405	-0.001444	-0.002068	-0.002283	-0.001557	-0.002567	-0.002269	-0.001952	-0.002214	-0.001946	-0.002272	-0.002312	-0.002275	-0.002445	-0.002277	-0.001926	-0.001904	-0.002301	-0.001917	-0.00181	-0.002229	-0.001684	-0.00203	-0.002389	-0.002098	-0.002497	-0.002196	-0.002313	-0.002284	-0.002334	-0.002128
957.949	10438.97	-0.0009312	-0.001437	-0.002037	-0.002102	-0.001848	-0.002113	-0.00209	-0.002403	-0.002297	-0.002124	-0.002265	-0.0022	-0.002287	-0.002448	-0.002149	-0.002259	-0.00222	-0.001946	-0.002212	-0.002081	-0.002053	-0.001962	-0.001808	-0.002514	-0.002254	-0.00238	-0.002427	-0.002506	-0.001919	-0.002325	-0.002213
958.526	10432.69	-0.001314	-0.001228	-0.001821	-0.001807	-0.002013	-0.00199	-0.001881	-0.002375	-0.00223	-0.002196	-0.001946	-0.002428	-0.002121	-0.002183	-0.002226	-0.002278	-0.002006	-0.002269	-0.001785	-0.001832	-0.002096	-0.001996	-0.001818	-0.002145	-0.002082	-0.002276	-0.002002	-0.0024	-0.002036	-0.002413	-0.002097
959.102	10426.42	-0.001006	-0.001331	-0.001656	-0.001917	-0.001848	-0.002492	-0.002072	-0.002345	-0.002139	-0.002365	-0.002164	-0.00237	-0.002223	-0.00215	-0.002842	-0.00212	-0.00217	-0.00261	-0.002054	-0.002084	-0.00206	-0.00222	-0.002213	-0.002191	-0.002524	-0.00231	-0.002224	-0.002452	-0.002174	-0.002355	-0.002038
959.679	10420.15	-0.0007963	-0.001137	-0.001525	-0.001603	-0.002011	-0.002261	-0.00217	-0.002178	-0.00196	-0.002235	-0.001864	-0.002323	-0.002106	-0.002579	-0.002225	-0.001964	-0.002093	-0.002035	-0.002106	-0.002191	-0.002116	-0.002186	-0.002289	-0.002387	-0.00257	-0.002327	-0.002435	-0.002419	-0.002576	-0.002278	-0.002539
960.256	10413.89	-0.001044	-0.001242	-0.001811	-0.00167	-0.001729	-0.002262	-0.00165	-0.001786	-0.002195	-0.002285	-0.002011	-0.002438	-0.002275	-0.002367	-0.002077	-0.00205	-0.002007	-0.002081	-0.001856	-0.002206	-0.002191	-0.002158	-0.002193	-0.002247	-0.001896	-0.002134	-0.002327	-0.002568	-0.002318	-0.00242	-0.002506
960.832	10407.64	-0.001171	-0.00153	-0.001672	-0.002013	-0.001803	-0.002287	-0.00216	-0.002153	-0.002383	-0.002475	-0.002326	-0.002309	-0.002472	-0.002529	-0.002351	-0.002316	-0.002467	-0.002458	-0.002025	-0.002201	-0.002422	-0.002389	-0.002341	-0.002525	-0.002038	-0.002405	-0.002539	-0.002513	-0.002487	-0.00267	-0.002992
961.409	10401.40	-0.001598	-0.001629	-0.001777	-0.002256	-0.001946	-0.002143	-0.002265	-0.002941	-0.00247	-0.002443	-0.002293	-0.002733	-0.002556	-0.002749	-0.002417	-0.002475	-0.002803	-0.002498	-0.001835	-0.002494	-0.002863	-0.002695	-0.002607	-0.002845	-0.002677	-0.002431	-0.002646	-0.002763	-0.002823	-0.002927	-0.003125
961.986	10395.16	-0.0009866	-0.001252	-0.001577	-0.001792	-0.001547	-0.001855	-0.002078	-0.001956	-0.002249	-0.002348	-0.001914	-0.002944	-0.002495	-0.002561	-0.002179	-0.002331	-0.002203	-0.002417	-0.001951	-0.002199	-0.002511	-0.002343	-0.00207	-0.002607	-0.002441	-0.00221	-0.002423	-0.002529	-0.002309	-0.002398	-0.002382
962.563	10388.94	-0.001116	-0.001359	-0.001788	-0.001927	-0.00207	-0.001756	-0.002178	-0.002089	-0.002108	-0.002455	-0.002542	-0.002617	-0.002605	-0.002904	-0.00211	-0.002175	-0.00205	-0.002477	-0.002092	-0.002188	-0.002374	-0.00246	-0.002191	-0.002475	-0.002558	-0.002568	-0.002464	-0.002693	-0.002443	-0.002772	-0.002801
963.139	10382.71	-0.001463	-0.001987	-0.002336	-0.00256	-0.002786	-0.002737	-0.002942	-0.002569	-0.002897	-0.002579	-0.003078	-0.00299	-0.00296	-0.003445	-0.00289	-0.003099	-0.002801	-0.00321	-0.002743	-0.002762	-0.003352	-0.002996	-0.003403	-0.003064	-0.003469	-0.003474	-0.003124	-0.00366	-0.003286	-0.003254	-0.003349
963.716	10376.50	-0.002015	-0.002262	-0.002672	-0.002687	-0.00294	-0.003095	-0.003089	-0.00305	-0.002842	-0.003098	-0.002956	-0.003426	-0.003349	-0.003297	-0.003367	-0.003121	-0.003191	-0.002911	-0.002959	-0.00267	-0.003548	-0.00364	-0.00347	-0.003003	-0.003771	-0.003695	-0.00366	-0.003887	-0.003349	-0.003924	-0.003444
964.293	10370.30	-0.001184	-0.001401	-0.001789	-0.002215	-0.002391	-0.001984	-0.002141	-0.002208	-0.002179	-0.002738	-0.001858	-0.002692	-0.002594	-0.002735	-0.002061	-0.002495	-0.002368	-0.002375	-0.002332	-0.002273	-0.00275	-0.002439	-0.002592	-0.002862	-0.00285	-0.002703	-0.002835	-0.002288	-0.002553	-0.003045	-0.002835
964.869	10364.10	-0.002299	-0.002004	-0.002853	-0.002618	-0.002544	-0.002426	-0.002749	-0.002734	-0.002809	-0.00304	-0.002818	-0.002482	-0.002744	-0.002602	-0.002668	-0.00303	-0.002891	-0.002606	-0.002307	-0.002789	-0.002829	-0.002583	-0.003399	-0.002612	-0.003259	-0.003256	-0.002638	-0.003032	-0.00282	-0.002942	-0.003075
965.446	10357.91	-0.00232	-0.00208	-0.002516	-0.001863	-0.002042	-0.002117	-0.002741	-0.002636	-0.002994	-0.003186	-0.00244	-0.00217	-0.001978	-0.002512	-0.002656	-0.002682	-0.002653	-0.002171	-0.002529	-0.002317	-0.003072	-0.002361	-0.002328	-0.002195	-0.002682	-0.00236	-0.002315	-0.002612	-0.002553	-0.002955	-0.002703
966.023	10351.72	-0.001911	-0.001554	-0.001274	-0.002105	-0.002117	-0.002105	-0.002315	-0.002203	-0.002614	-0.002571	-0.002087	-0.001821	-0.002263	-0.002018	-0.002268	-0.002499	-0.002094	-0.002344	-0.002622	-0.002442	-0.002641	-0.002402	-0.002549	-0.002582	-0.002343	-0.002137	-0.002056	-0.002141	-0.002285	-0.002098	-0.001803
966.599	10345.55	-0.001749	-0.001732	-0.00184	-0.002589	-0.002372	-0.002184	-0.00232	-0.002169	-0.002009	-0.002662	-0.002336	-0.002866	-0.002441	-0.002138	-0.002943	-0.00218	-0.002517	-0.002566	-0.002658	-0.002569	-0.002467	-0.001953	-0.002527	-0.002534	-0.002784	-0.002375	-0.002316	-0.002604	-0.002377	-0.002097	-0.002888
967.176	10339.38	-0.002651	-0.002185	-0.002711	-0.002683	-0.002637	-0.00288	-0.002472	-0.002792	-0.002845	-0.003279	-0.002415	-0.002935	-0.002725	-0.003013	-0.002279	-0.003005	-0.003283	-0.002819	-0.002872	-0.002884	-0.002469	-0.002734	-0.002931	-0.002804	-0.003143	-0.003041	-0.002844	-0.002892	-0.00277	-0.002654	-0.002925
967.753	10333.22	-0.001847	-0.002173	-0.002587	-0.002077	-0.002022	-0.002207	-0.002579	-0.002094	-0.002366	-0.002022	-0.001985	-0.001906	-0.002113	-0.002466	-0.00216	-0.002165	-0.001838	-0.002607	-0.002049	-0.002488	-0.002026	-0.002407	-0.002358	-0.002351	-0.002105	-0.002246	-0.002108	-0.001596	-0.002647	-0.002354	-0.002419
968.330	10327.06	-0.002119	-0.001991	-0.001895	-0.001858	-0.0021	-0.002107	-0.002273	-0.002256	-0.002125	-0.002547	-0.001706	-0.001357	-0.001984	-0.002007	-0.001991	-0.002422	-0.002283	-0.002393	-0.002493	-0.00244	-0.002053	-0.001881	-0.002387	-0.001789	-0.001891	-0.00215	-0.002371	-0.002011	-0.002241	-0.002185	-0.002207
968.906	10320.92	-0.002047	-0.001749	-0.001891	-0.00211	-0.001915	-0.002539	-0.002516	-0.002416	-0.002178	-0.00219	-0.002213	-0.002128	-0.001899	-0.002262	-0.002276	-0.002747	-0.002307	-0.0023	-0.00217	-0.002197	-0.00233	-0.002319	-0.002485	-0.002299	-0.002573	-0.002418	-0.002349	-0.002242	-0.002584	-0.002931	-0.002543
969.483	10314.78	-0.002283	-0.002132	-0.002469	-0.002313	-0.002438	-0.002523	-0.002456	-0.002779	-0.002255	-0.002893	-0.002921	-0.002946	-0.00276	-0.002808	-0.002803	-0.00285	-0.002744	-0.002753	-0.002513	-0.003267	-0.00306	-0.002704	-0.00306	-0.002667	-0.002805	-0.002401	-0.002823	-0.002955	-0.002866	-0.003083	-0.002904
970.060	10308.64	-0.0017	-0.001831	-0.002094	-0.002239	-0.002187	-0.001891	-0.002035	-0.002275	-0.002304	-0.002812	-0.002684	-0.002237	-0.002527	-0.002444	-0.002045	-0.002771	-0.002718	-0.002292	-0.002303	-0.00241	-0.002546	-0.002152	-0.002458	-0.00256	-0.002539	-0.002816	-0.002633	-0.002526	-0.00238	-0.002649	-0.002519
970.636	10302.52	-0.001957	-0.001813	-0.002445	-0.001984	-0.002292	-0.002268	-0.002501	-0.002869	-0.002769	-0.002848	-0.002895	-0.002262	-0.003007	-0.002716	-0.002905	-0.002775	-0.002765	-0.002623	-0.002671	-0.002517	-0.002781	-0.003063	-0.002853	-0.002896	-0.003081	-0.002798	-0.002834	-0.003035	-0.002224	-0.002475	-0.002754
971.213	10296.40	-0.001711	-0.00165	-0.002357	-0.002524	-0.002583	-0.002676	-0.002758	-0.003059	-0.002854	-0.002816	-0.003167	-0.00267	-0.00295	-0.002656	-0.002911	-0.00265	-0.002982	-0.003304	-0.002596	-0.002758	-0.003106	-0.00281	-0.002971	-0.002841	-0.002774	-0.00283	-0.002765	-0.003433	-0.002428	-0.002992	-0.002876
971.790	10290.29	-0.001648	-0.001497	-0.002273	-0.002417	-0.002424	-0.002602	-0.002393	-0.002602	-0.002506	-0.002787	-0.00288	-0.003266	-0.002929	-0.002581	-0.002748	-0.002759	-0.002846	-0.002796	-0.002851	-0.003019	-0.003315	-0.002732	-0.00279	-0.00267	-0.002827	-0.002561	-0.002799	-0.003016	-0.002563	-0.002988	-0.002586
972.367	10284.19	-0.002244	-0.002525	-0.002974	-0.002635	-0.002672	-0.003183	-0.003314	-0.002787	-0.00285	-0.003137	-0.00304	-0.003434	-0.003202	-0.003002	-0.00303	-0.003005	-0.00301	-0.003347	-0.003575	-0.003128	-0.003047	-0.003299	-0.003418	-0.003168	-0.003263	-0.00312	-0.003009	-0.003441	-0.003077	-0.003032	-0.002888
972.943	10278.09	-0.002472	-0.002623	-0.002272	-0.002482	-0.002893	-0.003147	-0.002956	-0.002791	-0.00273	-0.002775	-0.002832	-0.003228	-0.00283	-0.002959	-0.002786	-0.003	-0.002954	-0.003438	-0.003252	-0.002843	-0.003007	-0.003046	-0.00318	-0.002643	-0.003278	-0.003056	-0.002629	-0.002986	-0.003001	-0.002863	-0.003363
973.520	10272.00	-0.002356	-0.002405	-0.002082	-0.002485	-0.002659	-0.002854	-0.00281	-0.002891	-0.002755	-0.002983	-0.00276	-0.003263	-0.003096	-0.002705	-0.002497	-0.003247	-0.002765	-0.0033	-0.003467	-0.00302	-0.003181	-0.002906	-0.002998	-0.002921	-0.003304	-0.002988	-0.002844	-0.003004	-0.003117	-0.003282	-0.003246
974.097	10265.92	-0.001511	-0.002055	-0.002134	-0.002639	-0.002447	-0.002151	-0.00245	-0.002469	-0.002514	-0.002783	-0.002537	-0.002715	-0.002889	-0.002426	-0.002345	-0.002627	-0.002683	-0.002718	-0.002892	-0.002614	-0.002796	-0.002407	-0.003087	-0.00273	-0.002631	-0.002507	-0.002704	-0.002461	-0.002872	-0.002501	-0.002247
974.673	10259.85	-0.001579	-0.001889	-0.002133	-0.002565	-0.002609	-0.002561	-0.002311	-0.002219	-0.002269	-0.002547	-0.002243	-0.002437	-0.002333	-0.002248	-0.002487	-0.002508	-0.00245	-0.00245	-0.002588	-0.002576	-0.002823	-0.002379	-0.002875	-0.002217	-0.002271	-0.002265	-0.002347	-0.002285	-0.002188	-0.002198	-0.001999
975.250	10253.78	-0.001883	-0.001475	-0.002026	-0.00204	-0.002138	-0.002189	-0.002093	-0.001932	-0.002327	-0.0025	-0.002004	-0.002184	-0.002224	-0.002263	-0.002437	-0.002172	-0.002368	-0.002103	-0.002271	-0.002803	-0.002622	-0.002545	-0.002644	-0.002108	-0.002362	-0.002094	-0.002148	-0.002004	-0.002062	-0.002495	-0.002171
975.827	10247.72	-0.001675	-0.001573	-0.002213	-0.002164	-0.002255	-0.001695	-0.001704	-0.001901	-0.002346	-0.002604	-0.002251	-0.002026	-0.002279	-0.002297	-0.002392	-0.001848	-0.002475	-0.002459	-0.002306	-0.002517	-0.002525	-0.00262	-0.002244	-0.002333	-0.002317	-0.002056	-0.001956	-0.001894	-0.002349	-0.002328	-0.002052
976.404	10241.67	-0.002546	-0.00245	-0.002558	-0.00256	-0.002644	-0.002361	-0.002505	-0.002703	-0.002873	-0.003038	-0.00297	-0.002915	-0.002508	-0.002568	-0.002747	-0.002576	-0.002652	-0.002923	-0.003221	-0.002504	-0.003258	-0.003021	-0.00251	-0.002478	-0.002585	-0.002875	-0.002399	-0.002883	-0.002751	-0.002467	-0.002666
976.980	10235.62	-0.002376	-0.002278	-0.00243	-0.002332	-0.002662	-0.002597	-0.002365	-0.002928	-0.002986	-0.003104	-0.003182	-0.002717	-0.00264	-0.002643	-0.002619	-0.003374	-0.00304	-0.002805	-0.003147	-0.002936	-0.002883	-0.002844	-0.002282	-0.002713	-0.002818	-0.002618	-0.002567	-0.003068	-0.002858	-0.002881	-0.002728
977.557	10229.58	-0.002914	-0.002627	-0.002641	-0.002268	-0.002807	-0.00287	-0.002891	-0.002781	-0.003256	-0.00323	-0.003231	-0.002726	-0.002776	-0.002847	-0.002753	-0.002995	-0.003278	-0.003135	-0.003209	-0.002849	-0.002914	-0.003159	-0.003004	-0.003209	-0.002698	-0.002607	-0.00317	-0.003278	-0.003062	-0.002991	-0.003151
978.134	10223.55	-0.002474	-0.002252	-0.00242	-0.002466	-0.002667	-0.00294	-0.002494	-0.002236	-0.002238	-0.002495	-0.002912	-0.00278	-0.002299	-0.002739	-0.003029	-0.002765	-0.003087	-0.002447	-0.002874	-0.002733	-0.002952	-0.002805	-0.002355	-0.002526	-0.002253	-0.002192	-0.002796	-0.002469	-0.002292	-0.00282	-0.00217
978.710	10217.53	-0.001936	-0.001746	-0.002167	-0.002472	-0.002129	-0.002272	-0.002235	-0.002275	-0.002391	-0.002262	-0.001973	-0.002413	-0.001951	-0.002538	-0.002593	-0.002669	-0.002267	-0.0022	-0.002747	-0.002368	-0.002503	-0.0021	-0.00232	-0.0023	-0.002227	-0.002573	-0.002298	-0.00194	-0.002515	-0.002107	-0.001901
979.287	10211.51	-0.002295	-0.002202	-0.002613	-0.002363	-0.002733	-0.002962	-0.002925	-0.002301	-0.002848	-0.002855	-0.002971	-0.002696	-0.003049	-0.003121	-0.003362	-0.002642	-0.003007	-0.002473	-0.00311	-0.003133	-0.002992	-0.003047	-0.003088	-0.002799	-0.003085	-0.002598	-0.003045	-0.00279	-0.002756	-0.00251	-0.002835
979.864	10205.50	-0.002698	-0.002726	-0.003481	-0.003156	-0.002727	-0.003426	-0.003687	-0.003329	-0.003111	-0.003549	-0.0033	-0.002824	-0.00297	-0.003098	-0.00313	-0.003641	-0.002995	-0.003543	-0.00316	-0.002987	-0.003022	-0.003305	-0.003119	-0.00291	-0.003445	-0.00324	-0.003046	-0.003573	-0.003231	-0.003325	-0.003031
980.440	10199.50	-0.001477	-0.001242	-0.002736	-0.00191	-0.001993	-0.001911	-0.002161	-0.002605	-0.002147	-0.001895	-0.002236	-0.002114	-0.002583	-0.00261	-0.002378	-0.002175	-0.001993	-0.002563	-0.003115	-0.002171	-0.002583	-0.002436	-0.002087	-0.002384	-0.00224	-0.001911	-0.002405	-0.002343	-0.001422	-0.002149	-0.002132
981.017	10193.50	-0.001864	-0.001804	-0.002134	-0.001905	-0.002409	-0.00264	-0.002958	-0.002792	-0.002742	-0.002498	-0.002932	-0.002953	-0.00241	-0.002765	-0.002637	-0.002489	-0.002599	-0.002626	-0.002751	-0.002732	-0.002772	-0.002898	-0.002894	-0.002995	-0.002677	-0.002809	-0.003169	-0.002838	-0.00258	-0.003302	-0.003245
981.594	10187.51	-0.002083	-0.00177	-0.001746	-0.002517	-0.002776	-0.002578	-0.002894	-0.002699	-0.002401	-0.002418	-0.002761	-0.00265	-0.00275	-0.002394	-0.002742	-0.00282	-0.002456	-0.002729	-0.002796	-0.002495	-0.00295	-0.003077	-0.002743	-0.002623	-0.003067	-0.002798	-0.003286	-0.003151	-0.002834	-0.003116	-0.00313
982.171	10181.53	-0.001353	-0.001622	-0.001617	-0.002182	-0.00194	-0.002437	-0.002712	-0.002037	-0.002832	-0.002084	-0.002731	-0.002524	-0.00207	-0.002504	-0.00247	-0.002797	-0.002478	-0.002369	-0.003218	-0.002763	-0.00245	-0.002376	-0.00275	-0.002457	-0.002535	-0.002794	-0.002369	-0.002367	-0.003104	-0.002653	-0.003084
982.747	10175.56	-0.0007715	-0.0003426	-0.001569	-0.001684	-0.001224	-0.002376	-0.001461	-0.001828	-0.0023	-0.001587	-0.001798	-0.002076	-0.001673	-0.001579	-0.001814	-0.002158	-0.002221	-0.002286	-0.002205	-0.00247	-0.002115	-0.002015	-0.001977	-0.002332	-0.00227	-0.002347	-0.002474	-0.002327	-0.002055	-0.002178	-0.002402
983.324	10169.59	-0.001263	-0.001231	-0.0018	-0.001911	-0.002093	-0.002905	-0.002257	-0.001575	-0.00209	-0.002493	-0.002619	-0.003004	-0.002416	-0.003018	-0.002767	-0.00296	-0.002413	-0.002795	-0.002605	-0.002272	-0.003072	-0.002961	-0.002752	-0.002927	-0.002774	-0.002554	-0.00327	-0.002847	-0.002794	-0.003067	-0.0032
983.901	10163.63	-0.002112	-0.001851	-0.001978	-0.002112	-0.002843	-0.002856	-0.002773	-0.002364	-0.002761	-0.002852	-0.002753	-0.003096	-0.003139	-0.002996	-0.002452	-0.003256	-0.003206	-0.002767	-0.003009	-0.002866	-0.002991	-0.002633	-0.003084	-0.00288	-0.002964	-0.002709	-0.002868	-0.002895	-0.002863	-0.002822	-0.002853
984.477	10157.67	-0.001552	-0.001681	-0.002294	-0.001882	-0.001891	-0.002116	-0.002049	-0.002564	-0.002745	-0.002749	-0.002165	-0.002433	-0.002421	-0.002518	-0.00229	-0.002382	-0.002134	-0.002381	-0.002213	-0.002223	-0.002495	-0.002487	-0.002138	-0.002529	-0.002723	-0.002164	-0.002752	-0.002324	-0.002129	-0.002563	-0.002323
985.054	10151.73	-0.001636	-0.001593	-0.002523	-0.002757	-0.002397	-0.002441	-0.002089	-0.002448	-0.003009	-0.002568	-0.002108	-0.002273	-0.002654	-0.002608	-0.002879	-0.002499	-0.002215	-0.002549	-0.002252	-0.002543	-0.002425	-0.00267	-0.002465	-0.002351	-0.002776	-0.002487	-0.003081	-0.002733	-0.002023	-0.00255	-0.00247
985.631	10145.79	-0.002164	-0.002347	-0.002713	-0.00273	-0.003123	-0.002986	-0.002547	-0.00288	-0.002892	-0.003192	-0.00242	-0.002668	-0.003031	-0.002664	-0.003011	-0.003473	-0.00287	-0.002794	-0.003008	-0.003227	-0.00246	-0.002713	-0.00321	-0.002783	-0.003362	-0.002878	-0.003376	-0.002831	-0.002464	-0.003049	-0.002871
986.208	10139.85	-0.001669	-0.002442	-0.002287	-0.002403	-0.002296	-0.002176	-0.002675	-0.002653	-0.002237	-0.002887	-0.002071	-0.002559	-0.002459	-0.00253	-0.002586	-0.003013	-0.002199	-0.002392	-0.002683	-0.002687	-0.002277	-0.002353	-0.002784	-0.002441	-0.00269	-0.002755	-0.002601	-0.002523	-0.002462	-0.002374	-0.002429
986.784	10133.93	-0.001787	-0.002521	-0.002396	-0.002576	-0.002521	-0.002108	-0.00286	-0.002542	-0.002927	-0.003048	-0.002232	-0.002755	-0.002474	-0.002669	-0.00269	-0.002567	-0.002723	-0.002855	-0.002761	-0.002829	-0.002771	-0.002877	-0.002957	-0.002214	-0.002884	-0.002934	-0.002701	-0.003086	-0.002912	-0.002862	-0.002395
987.361	10128.01	-0.002599	-0.002587	-0.002707	-0.002661	-0.002945	-0.002604	-0.003005	-0.002754	-0.003391	-0.003195	-0.002782	-0.002813	-0.002765	-0.002821	-0.002933	-0.002761	-0.003326	-0.003293	-0.002966	-0.003018	-0.00278	-0.003595	-0.003043	-0.002568	-0.002786	-0.002961	-0.00308	-0.003151	-0.003209	-0.003314	-0.003045
987.938	10122.10	-0.0022	-0.001983	-0.00224	-0.002707	-0.002479	-0.002513	-0.002673	-0.002724	-0.002865	-0.002927	-0.002361	-0.002992	-0.002723	-0.00277	-0.002901	-0.00308	-0.002782	-0.002998	-0.002662	-0.002487	-0.002336	-0.003422	-0.002767	-0.002308	-0.002547	-0.002578	-0.0026	-0.00292	-0.002754	-0.003172	-0.003237
988.514	10116.19	-0.001706	-0.001481	-0.001996	-0.002543	-0.002289	-0.002232	-0.002304	-0.002446	-0.002238	-0.002546	-0.001905	-0.002663	-0.002511	-0.002741	-0.002655	-0.002741	-0.001987	-0.002357	-0.002918	-0.002384	-0.002312	-0.002796	-0.002374	-0.002245	-0.002411	-0.002411	-0.002446	-0.00266	-0.002705	-0.00273	-0.00296
989.091	10110.29	-0.002495	-0.002036	-0.002824	-0.002805	-0.00278	-0.002533	-0.002346	-0.002982	-0.002777	-0.00297	-0.002744	-0.002805	-0.002823	-0.003218	-0.003109	-0.002768	-0.002585	-0.002773	-0.003158	-0.002989	-0.002791	-0.00294	-0.002689	-0.002618	-0.002947	-0.002917	-0.002998	-0.003112	-0.002977	-0.002656	-0.003049
989.668	10104.40	-0.002016	-0.002646	-0.002911	-0.002764	-0.002789	-0.002882	-0.00243	-0.002601	-0.002988	-0.002741	-0.003302	-0.003043	-0.003017	-0.002765	-0.003061	-0.002864	-0.003309	-0.003116	-0.002787	-0.003485	-0.0029	-0.003152	-0.003115	-0.002743	-0.002423	-0.002906	-0.003001	-0.0027	-0.002918	-0.002752	-0.002992
990.245	10098.52	-0.002433	-0.002077	-0.002874	-0.002763	-0.002786	-0.003411	-0.003281	-0.002846	-0.003307	-0.002959	-0.003062	-0.003428	-0.002947	-0.002883	-0.003219	-0.003189	-0.003215	-0.002975	-0.00352	-0.003511	-0.00326	-0.003819	-0.003113	-0.003062	-0.002714	-0.0029	-0.003446	-0.002996	-0.003175	-0.002954	-0.00286
990.821	10092.64	-0.001218	-0.001308	-0.00184	-0.001655	-0.002029	-0.002209	-0.002314	-0.002967	-0.001895	-0.002575	-0.002055	-0.002705	-0.002644	-0.002153	-0.002279	-0.002283	-0.001936	-0.002771	-0.002397	-0.002619	-0.002463	-0.002477	-0.002725	-0.002135	-0.001983	-0.002731	-0.00262	-0.002541	-0.002023	-0.002193	-0.002586
991.398	10086.77	-0.001967	-0.002111	-0.002217	-0.00202	-0.002093	-0.002587	-0.00258	-0.002496	-0.002462	-0.002599	-0.002631	-0.002906	-0.002425	-0.003128	-0.002626	-0.002473	-0.002354	-0.002919	-0.002169	-0.002149	-0.00273	-0.002634	-0.003127	-0.002616	-0.002661	-0.002864	-0.002434	-0.00272	-0.002251	-0.002672	-0.002932
991.975	10080.90	-0.001115	-0.001735	-0.002482	-0.002265	-0.002072	-0.002227	-0.002443	-0.002734	-0.002809	-0.002858	-0.002664	-0.002888	-0.002498	-0.002593	-0.002624	-0.002624	-0.002822	-0.002522	-0.002361	-0.002311	-0.002565	-0.002277	-0.002739	-0.002682	-0.002842	-0.002888	-0.003344	-0.002522	-0.002805	-0.002871	-0.00285
992.551	10075.05	-0.002071	-0.002204	-0.002691	-0.002782	-0.002482	-0.002542	-0.002729	-0.002457	-0.003277	-0.002657	-0.002908	-0.002741	-0.003433	-0.003336	-0.002504	-0.00311	-0.003894	-0.003541	-0.002757	-0.003269	-0.003379	-0.003124	-0.00342	-0.002831	-0.003291	-0.003425	-0.003649	-0.003799	-0.003114	-0.003048	-0.003334
993.128	10069.19	-0.001227	-0.001604	-0.002124	-0.002003	-0.001649	-0.002537	-0.001911	-0.002637	-0.002092	-0.003336	-0.002612	-0.002935	-0.002433	-0.002287	-0.002056	-0.002886	-0.003105	-0.002355	-0.002636	-0.002654	-0.002595	-0.002377	-0.002864	-0.002616	-0.0027	-0.002676	-0.002868	-0.002874	-0.003097	-0.003137	-0.002742
993.705	10063.35	-0.002628	-0.002126	-0.002111	-0.002466	-0.002761	-0.002651	-0.002521	-0.003215	-0.003493	-0.00354	-0.002785	-0.003315	-0.00324	-0.003055	-0.003119	-0.00313	-0.003211	-0.002909	-0.00292	-0.003341	-0.00336	-0.003247	-0.00287	-0.003242	-0.003473	-0.003166	-0.003299	-0.003052	-0.003637	-0.003901	-0.003827
994.282	10057.51	-0.002079	-0.002049	-0.002163	-0.002191	-0.002467	-0.002225	-0.00293	-0.00294	-0.002774	-0.002995	-0.002089	-0.002563	-0.002758	-0.003025	-0.002931	-0.002921	-0.003418	-0.002821	-0.002994	-0.002341	-0.002718	-0.002528	-0.002499	-0.002822	-0.002115	-0.003613	-0.003708	-0.00294	-0.002734	-0.0022	-0.003069
994.858	10051.68	-0.002714	-0.002621	-0.003108	-0.002858	-0.002931	-0.002967	-0.00319	-0.003019	-0.003219	-0.003075	-0.004013	-0.003268	-0.003828	-0.004002	-0.003011	-0.003511	-0.003574	-0.00347	-0.003254	-0.00354	-0.003503	-0.003674	-0.004023	-0.003288	-0.003319	-0.003822	-0.003681	-0.00377	-0.003398	-0.003309	-0.003544
995.435	10045.86	-0.001901	-0.001985	-0.003168	-0.00308	-0.00215	-0.002643	-0.00292	-0.00286	-0.003418	-0.002799	-0.003253	-0.003452	-0.003587	-0.003298	-0.002961	-0.003013	-0.003396	-0.00254	-0.003346	-0.002906	-0.003767	-0.003124	-0.003522	-0.002945	-0.003742	-0.003133	-0.003323	-0.003315	-0.003226	-0.003051	-0.003467
996.012	10040.04	-0.002671	-0.001952	-0.002904	-0.003041	-0.003311	-0.002137	-0.00324	-0.002622	-0.002911	-0.002598	-0.003741	-0.003525	-0.003305	-0.003489	-0.002895	-0.003343	-0.003134	-0.002792	-0.003722	-0.003549	-0.002957	-0.003715	-0.003161	-0.003797	-0.003649	-0.003009	-0.003062	-0.003404	-0.003792	-0.003039	-0.004375
996.588	10034.23	-0.002113	-0.001907	-0.002953	-0.002637	-0.003034	-0.002547	-0.002969	-0.003009	-0.002724	-0.003089	-0.003602	-0.003626	-0.003522	-0.003278	-0.00321	-0.003144	-0.003742	-0.00282	-0.003267	-0.003336	-0.00344	-0.004123	-0.003141	-0.003223	-0.003279	-0.003338	-0.003474	-0.003426	-0.00346	-0.003243	-0.003549
997.165	10028.43	-0.002285	-0.002206	-0.002479	-0.002687	-0.003056	-0.002892	-0.00271	-0.003011	-0.002556	-0.002423	-0.003391	-0.002917	-0.003263	-0.003161	-0.002997	-0.002796	-0.002855	-0.003634	-0.002749	-0.002545	-0.003116	-0.003739	-0.003507	-0.002769	-0.003095	-0.00255	-0.003362	-0.002533	-0.002985	-0.002942	-0.002999
997.742	10022.63	-0.001755	-0.001958	-0.002356	-0.002495	-0.002887	-0.002532	-0.002506	-0.002589	-0.00325	-0.003009	-0.00327	-0.002805	-0.003407	-0.00319	-0.003353	-0.002614	-0.002523	-0.002932	-0.002846	-0.002835	-0.003035	-0.00325	-0.002993	-0.002982	-0.00284	-0.002683	-0.003332	-0.002946	-0.002629	-0.00315	-0.003529
998.318	10016.84	-0.001914	-0.00171	-0.002193	-0.002148	-0.002406	-0.002578	-0.002371	-0.002827	-0.002924	-0.003248	-0.003069	-0.002309	-0.002818	-0.002551	-0.002718	-0.002735	-0.002558	-0.002194	-0.002867	-0.002478	-0.002646	-0.003386	-0.002629	-0.002737	-0.002925	-0.002838	-0.002937	-0.002448	-0.002525	-0.00325	-0.003444
998.895	10011.06	-0.001551	-0.001327	-0.001514	-0.001916	-0.001842	-0.002424	-0.002461	-0.002258	-0.002681	-0.002367	-0.002936	-0.001863	-0.003098	-0.002208	-0.00176	-0.002207	-0.002507	-0.001962	-0.002162	-0.002351	-0.002161	-0.003079	-0.001948	-0.002598	-0.002411	-0.002328	-0.002697	-0.001936	-0.002639	-0.002247	-0.002713
999.472	10005.28	-0.001277	-0.001638	-0.001489	-0.00215	-0.00189	-0.002545	-0.002457	-0.002445	-0.00283	-0.00236	-0.002757	-0.002222	-0.00321	-0.002895	-0.002322	-0.002264	-0.002624	-0.002134	-0.002539	-0.002478	-0.002275	-0.002844	-0.002169	-0.00278	-0.002311	-0.002557	-0.002794	-0.002339	-0.002307	-0.002648	-0.002624
1000.049	9999.51	-0.001093	-0.001293	-0.001136	-0.00242	-0.00225	-0.002379	-0.002652	-0.002898	-0.002641	-0.002642	-0.002803	-0.002771	-0.003017	-0.002796	-0.002783	-0.002865	-0.002784	-0.002101	-0.002941	-0.002999	-0.002644	-0.002924	-0.002726	-0.002858	-0.002643	-0.003008	-0.002738	-0.002455	-0.002119	-0.003569	-0.002872
1000.625	9993.75	-0.001234	-0.001259	-0.001606	-0.002362	-0.002203	-0.00259	-0.002714	-0.002856	-0.002773	-0.002661	-0.002805	-0.0028	-0.003285	-0.002602	-0.002382	-0.002679	-0.002838	-0.002199	-0.002763	-0.003131	-0.002264	-0.003091	-0.002866	-0.003164	-0.003024	-0.003047	-0.002953	-0.00298	-0.003038	-0.003149	-0.003364
1001.202	9987.99	-0.00193	-0.001307	-0.002545	-0.002013	-0.002123	-0.002699	-0.002676	-0.002516	-0.002783	-0.00317	-0.002817	-0.002928	-0.002963	-0.002892	-0.002323	-0.002901	-0.002594	-0.002138	-0.002984	-0.003104	-0.002521	-0.002448	-0.0029	-0.003274	-0.003192	-0.003535	-0.003076	-0.003047	-0.00348	-0.003317	-0.00335
1001.779	9982.24	-0.001929	-0.001496	-0.002119	-0.002427	-0.002037	-0.002002	-0.002912	-0.002641	-0.00288	-0.003256	-0.002868	-0.002892	-0.002776	-0.002872	-0.002229	-0.002943	-0.00266	-0.002519	-0.002635	-0.003147	-0.002964	-0.002894	-0.002975	-0.003456	-0.003165	-0.002804	-0.003069	-0.003127	-0.003352	-0.003581	-0.00335
1002.355	9976.50	-0.002186	-0.001695	-0.001622	-0.002478	-0.002434	-0.002118	-0.003022	-0.002736	-0.002469	-0.002949	-0.003163	-0.00297	-0.002927	-0.003328	-0.002677	-0.00334	-0.002299	-0.002229	-0.002633	-0.003911	-0.003207	-0.003315	-0.003351	-0.003313	-0.003711	-0.002449	-0.003179	-0.003666	-0.003321	-0.003511	-0.003688
1002.932	9970.76	-0.001901	-0.002039	-0.001414	-0.00242	-0.002363	-0.002899	-0.002805	-0.002638	-0.002617	-0.003076	-0.002932	-0.002776	-0.003161	-0.003491	-0.003164	-0.003788	-0.003139	-0.002548	-0.003221	-0.003722	-0.003208	-0.003597	-0.003598	-0.003226	-0.003776	-0.003202	-0.003328	-0.003135	-0.00344	-0.003529	-0.003525
1003.509	9965.03	-0.001798	-0.001775	-0.001743	-0.002692	-0.002337	-0.002982	-0.003085	-0.003513	-0.003394	-0.003139	-0.002992	-0.003617	-0.003165	-0.003415	-0.003078	-0.002691	-0.002983	-0.002829	-0.003172	-0.002784	-0.003111	-0.003714	-0.003573	-0.002682	-0.003744	-0.003397	-0.003612	-0.003393	-0.003573	-0.00343	-0.003703
1004.086	9959.31	-0.001738	-0.001532	-0.002431	-0.002744	-0.003192	-0.002815	-0.003675	-0.00311	-0.002946	-0.003099	-0.003146	-0.003504	-0.003395	-0.003247	-0.003611	-0.003392	-0.003829	-0.003168	-0.002916	-0.00296	-0.003764	-0.003722	-0.004003	-0.002902	-0.00317	-0.003805	-0.003145	-0.00292	-0.003693	-0.002906	-0.003082
1004.662	9953.59	-0.00095	-0.001248	-0.001673	-0.002076	-0.00288	-0.002364	-0.002971	-0.002868	-0.002359	-0.002785	-0.001868	-0.002428	-0.003481	-0.002615	-0.002684	-0.002149	-0.002947	-0.002621	-0.002671	-0.003086	-0.00258	-0.002974	-0.002607	-0.002324	-0.002063	-0.002649	-0.002607	-0.002849	-0.003067	-0.001928	-0.00289
1005.239	9947.88	-0.0006866	-0.0008934	-0.001251	-0.001426	-0.001726	-0.002634	-0.002285	-0.001861	-0.002133	-0.002394	-0.002078	-0.002509	-0.001812	-0.002239	-0.002351	-0.002187	-0.002873	-0.002157	-0.002946	-0.002849	-0.002648	-0.00278	-0.001843	-0.002718	-0.002129	-0.002761	-0.002648	-0.002982	-0.002672	-0.002863	-0.003485
1005.816	9942.18	-0.00115	-0.001722	-0.001885	-0.002834	-0.002217	-0.00239	-0.002617	-0.002122	-0.00346	-0.003001	-0.003447	-0.003182	-0.002698	-0.003067	-0.003402	-0.003578	-0.003275	-0.003031	-0.003705	-0.002969	-0.003369	-0.003383	-0.003287	-0.003129	-0.004096	-0.003345	-0.003246	-0.003266	-0.003332	-0.003055	-0.003473
1006.392	9936.48	0.0002961	-0.000412	-0.0008089	-0.0005501	-0.0007426	-0.001692	-0.001784	-0.001363	-0.001535	-0.001358	-0.001633	-0.001889	-0.002277	-0.00146	-0.002011	-0.00192	-0.001405	-0.00198	-0.001312	-0.001727	-0.001307	-0.001748	-0.002668	-0.001876	-0.002559	-0.002555	-0.002425	-0.002766	-0.002421	-0.003019	-0.002077
1006.969	9930.79	-0.001663	-0.001825	-0.002555	-0.002572	-0.00192	-0.002955	-0.003294	-0.002291	-0.003099	-0.004	-0.00252	-0.003455	-0.003221	-0.003488	-0.00348	-0.003286	-0.002602	-0.003113	-0.003181	-0.002935	-0.003826	-0.003343	-0.00249	-0.002543	-0.002989	-0.003446	-0.00375	-0.00337	-0.004398	-0.003841	-0.003491
1007.546	9925.11	-0.001776	-0.001841	-0.002779	-0.002573	-0.002663	-0.002999	-0.002759	-0.002528	-0.003177	-0.002967	-0.003221	-0.002803	-0.002919	-0.003636	-0.003605	-0.003351	-0.002821	-0.002945	-0.002938	-0.003333	-0.003098	-0.003404	-0.002831	-0.003445	-0.003344	-0.003356	-0.004027	-0.003869	-0.003823	-0.003595	-0.003764
1008.123	9919.43	-0.001651	-0.001523	-0.002028	-0.001985	-0.001812	-0.002344	-0.002393	-0.002224	-0.002913	-0.0025	-0.003016	-0.002671	-0.002714	-0.003296	-0.002503	-0.002767	-0.002703	-0.002828	-0.002485	-0.002481	-0.002405	-0.003037	-0.003479	-0.00253	-0.003029	-0.002222	-0.002973	-0.003203	-0.002961	-0.002694	-0.002762
1008.699	9913.76	-0.001887	-0.001685	-0.001888	-0.001885	-0.001949	-0.002298	-0.003381	-0.002709	-0.00225	-0.002598	-0.002743	-0.002584	-0.00273	-0.002898	-0.002413	-0.002487	-0.002396	-0.002825	-0.003226	-0.002992	-0.0028	-0.002914	-0.003209	-0.003006	-0.003351	-0.002996	-0.003123	-0.002949	-0.003371	-0.003182	-0.002601
1009.276	9908.09	-0.001993	-0.001536	-0.002279	-0.002416	-0.001933	-0.002965	-0.002914	-0.002839	-0.003138	-0.002676	-0.002421	-0.002709	-0.002925	-0.002897	-0.002293	-0.003308	-0.002781	-0.002612	-0.002553	-0.002932	-0.002476	-0.002895	-0.003201	-0.003196	-0.00296	-0.003039	-0.002408	-0.00304	-0.003169	-0.003089	-0.00246
1009.853	9902.43	-0.001786	-0.001489	-0.002578	-0.00179	-0.002398	-0.002359	-0.002744	-0.003108	-0.002586	-0.003206	-0.002575	-0.002814	-0.002867	-0.002715	-0.002381	-0.003056	-0.002839	-0.00324	-0.003178	-0.003314	-0.002803	-0.002742	-0.00303	-0.003226	-0.002075	-0.002801	-0.002944	-0.002403	-0.002746	-0.00326	-0.002778
1010.429	9896.78	-0.002014	-0.001335	-0.00248	-0.002333	-0.002345	-0.002382	-0.003373	-0.002915	-0.002378	-0.003166	-0.00269	-0.00291	-0.002766	-0.003151	-0.002665	-0.002911	-0.00322	-0.003022	-0.00326	-0.003254	-0.002785	-0.003163	-0.002615	-0.003249	-0.002241	-0.002664	-0.002422	-0.002503	-0.003016	-0.003832	-0.003363
1011.006	9891.14	-0.001713	-0.001307	-0.002589	-0.00237	-0.002299	-0.002423	-0.003032	-0.002954	-0.002757	-0.003119	-0.002804	-0.00286	-0.002953	-0.003203	-0.002759	-0.002998	-0.003226	-0.003352	-0.002764	-0.003044	-0.002294	-0.003025	-0.002889	-0.002804	-0.003207	-0.002905	-0.002189	-0.002944	-0.003235	-0.003097	-0.003473
1011.583	9885.50	-0.002056	-0.001847	-0.002873	-0.002845	-0.002739	-0.003153	-0.003109	-0.003068	-0.003299	-0.003883	-0.003241	-0.003338	-0.003643	-0.003123	-0.003083	-0.002968	-0.003882	-0.003298	-0.002985	-0.003094	-0.002625	-0.00371	-0.003359	-0.003113	-0.004202	-0.003974	-0.003473	-0.003232	-0.003743	-0.003654	-0.003398
1012.160	9879.87	-0.001609	-0.0006292	-0.001697	-0.001946	-0.001956	-0.002571	-0.002043	-0.002387	-0.002073	-0.003097	-0.002763	-0.002282	-0.002613	-0.002498	-0.002934	-0.002021	-0.00291	-0.00215	-0.002201	-0.00222	-0.002476	-0.002469	-0.002805	-0.002287	-0.003262	-0.002953	-0.002818	-0.00249	-0.002923	-0.003132	-0.002467
1012.736	9874.24	-0.001452	-0.0006829	-0.00176	-0.002169	-0.002166	-0.002243	-0.002118	-0.002377	-0.002108	-0.002356	-0.002895	-0.002244	-0.001805	-0.002654	-0.002558	-0.002182	-0.001991	-0.001868	-0.002348	-0.00243	-0.002536	-0.002339	-0.002738	-0.002216	-0.002791	-0.002869	-0.002509	-0.002155	-0.002863	-0.00291	-0.002926
1013.313	9868.62	-0.001905	-0.001865	-0.002418	-0.002333	-0.002974	-0.002733	-0.002724	-0.003001	-0.002941	-0.002915	-0.003566	-0.003025	-0.003059	-0.003556	-0.002967	-0.00335	-0.002517	-0.002653	-0.003012	-0.003243	-0.003223	-0.003321	-0.00327	-0.002854	-0.003654	-0.003266	-0.003496	-0.003784	-0.003379	-0.003667	-0.003543
1013.890	9863.01	-0.002104	-0.002137	-0.003144	-0.002342	-0.002552	-0.002685	-0.003291	-0.003473	-0.003724	-0.003687	-0.004131	-0.003862	-0.003665	-0.004194	-0.00341	-0.003359	-0.00345	-0.002664	-0.003688	-0.003759	-0.003174	-0.003739	-0.003658	-0.003693	-0.004208	-0.003906	-0.003741	-0.004211	-0.003897	-0.004181	-0.003345
1014.466	9857.40	-0.002542	-0.002174	-0.003105	-0.00279	-0.00294	-0.003187	-0.003423	-0.003494	-0.00384	-0.004181	-0.003658	-0.003649	-0.004017	-0.003911	-0.004092	-0.003627	-0.003449	-0.003692	-0.003589	-0.003705	-0.003559	-0.004152	-0.004038	-0.003701	-0.003952	-0.004214	-0.00373	-0.003826	-0.00417	-0.004591	-0.003629
1015.043	9851.80	-0.001639	-0.001969	-0.002529	-0.002763	-0.002653	-0.003404	-0.003214	-0.003458	-0.003455	-0.003068	-0.003558	-0.003382	-0.002821	-0.003036	-0.002588	-0.00386	-0.002798	-0.003608	-0.003721	-0.00353	-0.003764	-0.004268	-0.003703	-0.003583	-0.003649	-0.003812	-0.004159	-0.003697	-0.003827	-0.003762	-0.003863
1015.620	9846.20	-0.001148	-0.001834	-0.001921	-0.001843	-0.002022	-0.002259	-0.003016	-0.002404	-0.002884	-0.002341	-0.00294	-0.002716	-0.002968	-0.002649	-0.002908	-0.003062	-0.002782	-0.002907	-0.003298	-0.003137	-0.003538	-0.002943	-0.003251	-0.002932	-0.003161	-0.003371	-0.003612	-0.002836	-0.003057	-0.003313	-0.003403
1016.196	9840.62	-0.001337	-0.002101	-0.00232	-0.002158	-0.00233	-0.001991	-0.002567	-0.002231	-0.002617	-0.001789	-0.002614	-0.002161	-0.00239	-0.002531	-0.002734	-0.002994	-0.003117	-0.00228	-0.002585	-0.002723	-0.002948	-0.002574	-0.003217	-0.002783	-0.002942	-0.002953	-0.003228	-0.002971	-0.002961	-0.00276	-0.002885
1016.773	9835.04	-0.001317	-0.001518	-0.001611	-0.002048	-0.002083	-0.002042	-0.001967	-0.002232	-0.002178	-0.002942	-0.002366	-0.003128	-0.002765	-0.00264	-0.002564	-0.002195	-0.002011	-0.002493	-0.002161	-0.003125	-0.002964	-0.002598	-0.00267	-0.002727	-0.002206	-0.002398	-0.002581	-0.002627	-0.00251	-0.002933	-0.002547
1017.350	9829.46	-0.001356	-0.001104	-0.002081	-0.001675	-0.001976	-0.002529	-0.002602	-0.002468	-0.002203	-0.002531	-0.002641	-0.002463	-0.001971	-0.003046	-0.001828	-0.002451	-0.003263	-0.002233	-0.002387	-0.002511	-0.00275	-0.00274	-0.002774	-0.002578	-0.003051	-0.0031	-0.002947	-0.001791	-0.002494	-0.002554	-0.002299
1017.927	9823.89	-0.001558	-0.001374	-0.002242	-0.001831	-0.001932	-0.001754	-0.002098	-0.002654	-0.002719	-0.00268	-0.002627	-0.001657	-0.002578	-0.002427	-0.002604	-0.002583	-0.002409	-0.00304	-0.00229	-0.002928	-0.002863	-0.003317	-0.00262	-0.003096	-0.002996	-0.002701	-0.002208	-0.002366	-0.002693	-0.002521	-0.002942
1018.503	9818.33	-0.002116	-0.002154	-0.002282	-0.001854	-0.003371	-0.003104	-0.00235	-0.002768	-0.002677	-0.003605	-0.002165	-0.002348	-0.003299	-0.003486	-0.002836	-0.002764	-0.003089	-0.003056	-0.002866	-0.003197	-0.002794	-0.00318	-0.003014	-0.002744	-0.002725	-0.003618	-0.00226	-0.002992	-0.002912	-0.003087	-0.003059
1019.080	9812.77	-0.001456	-0.001878	-0.001593	-0.001095	-0.002599	-0.002341	-0.0022	-0.001789	-0.002763	-0.002701	-0.001672	-0.002948	-0.002579	-0.002383	-0.002449	-0.002465	-0.002292	-0.002934	-0.002483	-0.002364	-0.002989	-0.002954	-0.00264	-0.002292	-0.002258	-0.003216	-0.002671	-0.002398	-0.002678	-0.002776	-0.002689
1019.657	9807.22	-0.001054	-0.00194	-0.001941	-0.002006	-0.001746	-0.002124	-0.002785	-0.002333	-0.001642	-0.002363	-0.00202	-0.002203	-0.003003	-0.003178	-0.002914	-0.003156	-0.002203	-0.002384	-0.00239	-0.002402	-0.002912	-0.002946	-0.002061	-0.002957	-0.003342	-0.002617	-0.002289	-0.003108	-0.002862	-0.003007	-0.002332
1020.233	9801.68	-0.001713	-0.001334	-0.002065	-0.001681	-0.002123	-0.002281	-0.00286	-0.001842	-0.002014	-0.002412	-0.002191	-0.001919	-0.002721	-0.003044	-0.002283	-0.003096	-0.002403	-0.001739	-0.001784	-0.001994	-0.002917	-0.002112	-0.00191	-0.002689	-0.002291	-0.002375	-0.002768	-0.002678	-0.002582	-0.002305	-0.00292
1020.810	9796.14	-0.001989	-0.001924	-0.002867	-0.00306	-0.002686	-0.003092	-0.003439	-0.003004	-0.002646	-0.003126	-0.003453	-0.003432	-0.003063	-0.003051	-0.003207	-0.00355	-0.002771	-0.003193	-0.003119	-0.00266	-0.002821	-0.002584	-0.003368	-0.003643	-0.003248	-0.002465	-0.002523	-0.00351	-0.003068	-0.003386	-0.003002
1021.387	9790.61	-0.001525	-0.002029	-0.002563	-0.002277	-0.002137	-0.002678	-0.00261	-0.002541	-0.002657	-0.002577	-0.002123	-0.002895	-0.002722	-0.002651	-0.002835	-0.002712	-0.002816	-0.00287	-0.002622	-0.002406	-0.002515	-0.002929	-0.00255	-0.003177	-0.00226	-0.002767	-0.002332	-0.00284	-0.002496	-0.002947	-0.002509
1021.964	9785.08	-0.002003	-0.002589	-0.00259	-0.002541	-0.002684	-0.003039	-0.003261	-0.00336	-0.002954	-0.003123	-0.002887	-0.002909	-0.003259	-0.002979	-0.003105	-0.003764	-0.003169	-0.002537	-0.002744	-0.002575	-0.002863	-0.003118	-0.002928	-0.00312	-0.003458	-0.003409	-0.003405	-0.002585	-0.002567	-0.003272	-0.003322
1022.540	9779.57	-0.002039	-0.002176	-0.003094	-0.002629	-0.002865	-0.003003	-0.002878	-0.00333	-0.002758	-0.003018	-0.002835	-0.002661	-0.003159	-0.003157	-0.0032	-0.003789	-0.002711	-0.002507	-0.002735	-0.003189	-0.003343	-0.003156	-0.003015	-0.003242	-0.003149	-0.003161	-0.003189	-0.002994	-0.003058	-0.002818	-0.003347
1023.117	9774.05	-0.001704	-0.001679	-0.002765	-0.002184	-0.001903	-0.002553	-0.002466	-0.002925	-0.002538	-0.002815	-0.002405	-0.002574	-0.002579	-0.002792	-0.002636	-0.002804	-0.002126	-0.002748	-0.002447	-0.002708	-0.002497	-0.002293	-0.002396	-0.002538	-0.002273	-0.002298	-0.002075	-0.002371	-0.003305	-0.002866	-0.002291
1023.694	9768.55	-0.002038	-0.002106	-0.002838	-0.002753	-0.00232	-0.002538	-0.00259	-0.003578	-0.002884	-0.003262	-0.00306	-0.002879	-0.002882	-0.003259	-0.003106	-0.003357	-0.003118	-0.00334	-0.002806	-0.003178	-0.003137	-0.002675	-0.003004	-0.002601	-0.003071	-0.002999	-0.002724	-0.002793	-0.003469	-0.003359	-0.003004
1024.270	9763.05	-0.00237	-0.002123	-0.002507	-0.002831	-0.002545	-0.002481	-0.002519	-0.003324	-0.003149	-0.003222	-0.002699	-0.002858	-0.003161	-0.003218	-0.003482	-0.003206	-0.003478	-0.002891	-0.002985	-0.003393	-0.003507	-0.002583	-0.003138	-0.002589	-0.003138	-0.003351	-0.003293	-0.003282	-0.003354	-0.002928	-0.003137
1024.847	9757.55	-0.002306	-0.002081	-0.002321	-0.002959	-0.002738	-0.003042	-0.002864	-0.003074	-0.003143	-0.002975	-0.002316	-0.003223	-0.003966	-0.002671	-0.003321	-0.003231	-0.00319	-0.002937	-0.003253	-0.003117	-0.003682	-0.003133	-0.002893	-0.002672	-0.002995	-0.003233	-0.002939	-0.003014	-0.003459	-0.00281	-0.003258
1025.424	9752.07	-0.002489	-0.002044	-0.002371	-0.003534	-0.002956	-0.00288	-0.003139	-0.003042	-0.003463	-0.003402	-0.003438	-0.003764	-0.003847	-0.002994	-0.003046	-0.003335	-0.003125	-0.003492	-0.0039	-0.003868	-0.003724	-0.003512	-0.002843	-0.003266	-0.003642	-0.003494	-0.003173	-0.003066	-0.0036	-0.003137	-0.004001
1026.001	9746.58	-0.002964	-0.002381	-0.00317	-0.003318	-0.003199	-0.002908	-0.003297	-0.003227	-0.003634	-0.003783	-0.00353	-0.004041	-0.003732	-0.003704	-0.003133	-0.004009	-0.003615	-0.003284	-0.004029	-0.003626	-0.003101	-0.003462	-0.002929	-0.003253	-0.004111	-0.004033	-0.003518	-0.003261	-0.003767	-0.003347	-0.003881
1026.577	9741.11	-0.002673	-0.002533	-0.002864	-0.002789	-0.0032	-0.002535	-0.00279	-0.002744	-0.003497	-0.002743	-0.002625	-0.003137	-0.003205	-0.002832	-0.00263	-0.003785	-0.002975	-0.002446	-0.003254	-0.002665	-0.002654	-0.003149	-0.002511	-0.003425	-0.003537	-0.003786	-0.002943	-0.002911	-0.003029	-0.002814	-0.003444
1027.154	9735.64	-0.002737	-0.00271	-0.002536	-0.002845	-0.002589	-0.003224	-0.002699	-0.002742	-0.00358	-0.003257	-0.003535	-0.003341	-0.003287	-0.003375	-0.003084	-0.003617	-0.002791	-0.003919	-0.003825	-0.002956	-0.003216	-0.003757	-0.003524	-0.003556	-0.003661	-0.00358	-0.003898	-0.003951	-0.003037	-0.003013	-0.003424
1027.731	9730.18	-0.002121	-0.002379	-0.002987	-0.002516	-0.00265	-0.002621	-0.002794	-0.002678	-0.00271	-0.003011	-0.002676	-0.00272	-0.003089	-0.002834	-0.002952	-0.002101	-0.003445	-0.003313	-0.002507	-0.002504	-0.003128	-0.002838	-0.003503	-0.002318	-0.002643	-0.003627	-0.003148	-0.003454	-0.002663	-0.003435	-0.002377
1028.307	9724.72	-0.001744	-0.001938	-0.002743	-0.002418	-0.003034	-0.003083	-0.002776	-0.002456	-0.002372	-0.002409	-0.002074	-0.002832	-0.0026	-0.003653	-0.002308	-0.002181	-0.002855	-0.002365	-0.002239	-0.002363	-0.002356	-0.003428	-0.002913	-0.002423	-0.002846	-0.002165	-0.002556	-0.002728	-0.002805	-0.002626	-0.002347
1028.884	9719.27	-0.002474	-0.002722	-0.003568	-0.002575	-0.00374	-0.004143	-0.003459	-0.003039	-0.004449	-0.003387	-0.003373	-0.002842	-0.003285	-0.003326	-0.003247	-0.002784	-0.003803	-0.002965	-0.00369	-0.003852	-0.004172	-0.003124	-0.003635	-0.003263	-0.003543	-0.003529	-0.004123	-0.003589	-0.003185	-0.003668	-0.003671
1029.461	9713.82	-0.002198	-0.001647	-0.002201	-0.002902	-0.001605	-0.002072	-0.001934	-0.001966	-0.001997	-0.001988	-0.001067	-0.002359	-0.001808	-0.0024	-0.001858	-0.00286	-0.001986	-0.002218	-0.003116	-0.002124	-0.002049	-0.002221	-0.001909	-0.00215	-0.002	-0.00205	-0.001039	-0.002545	-0.00223	-0.002458	-0.002499
1030.037	9708.38	-0.002744	-0.002685	-0.003156	-0.003154	-0.002527	-0.002325	-0.001906	-0.002561	-0.002008	-0.002358	-0.002191	-0.002688	-0.003483	-0.003652	-0.002816	-0.002887	-0.002641	-0.002231	-0.002553	-0.002827	-0.002765	-0.002949	-0.002728	-0.002684	-0.002152	-0.003099	-0.002804	-0.002248	-0.002857	-0.003009	-0.002782
1030.614	9702.95	-0.001868	-0.001932	-0.002003	-0.002415	-0.002156	-0.002496	-0.002204	-0.002374	-0.002171	-0.002192	-0.001962	-0.002284	-0.003181	-0.002292	-0.002289	-0.002762	-0.001952	-0.002617	-0.001863	-0.00248	-0.002228	-0.001999	-0.002113	-0.002883	-0.002677	-0.002979	-0.002779	-0.00231	-0.002775	-0.00214	-0.002528
1031.191	9697.53	-0.003148	-0.002123	-0.003708	-0.002751	-0.00312	-0.003323	-0.003116	-0.003801	-0.003997	-0.003405	-0.004268	-0.003347	-0.002614	-0.002975	-0.00333	-0.003938	-0.00299	-0.003687	-0.002958	-0.003353	-0.003093	-0.003293	-0.003611	-0.003277	-0.003418	-0.003225	-0.004463	-0.003812	-0.003585	-0.003519	-0.003734
1031.768	9692.10	-0.002347	-0.001965	-0.002057	-0.002693	-0.003131	-0.003046	-0.003912	-0.003585	-0.003604	-0.002538	-0.002545	-0.003285	-0.00327	-0.00334	-0.002661	-0.003621	-0.002698	-0.003036	-0.003018	-0.002429	-0.002273	-0.002925	-0.002511	-0.003799	-0.003426	-0.003414	-0.003249	-0.004039	-0.003824	-0.003336	-0.00298
1032.344	9686.69	-0.002051	-0.002237	-0.002896	-0.002555	-0.00338	-0.00323	-0.003222	-0.003227	-0.004226	-0.003461	-0.003221	-0.003422	-0.003725	-0.003205	-0.003318	-0.003368	-0.003409	-0.003151	-0.003624	-0.003362	-0.003686	-0.003663	-0.003347	-0.003763	-0.003395	-0.003433	-0.003828	-0.003817	-0.003374	-0.003516	-0.003444
1032.921	9681.28	-0.001177	-0.001593	-0.002861	-0.002734	-0.001955	-0.002268	-0.002448	-0.002586	-0.002138	-0.002722	-0.002243	-0.002559	-0.00204	-0.001952	-0.001957	-0.002016	-0.002778	-0.002639	-0.002299	-0.001672	-0.002636	-0.002775	-0.00253	-0.002154	-0.002591	-0.002891	-0.002648	-0.003293	-0.002469	-0.0028	-0.001913
1033.498	9675.88	-0.002392	-0.001567	-0.002671	-0.002746	-0.002524	-0.003147	-0.0031	-0.003478	-0.002644	-0.003367	-0.003425	-0.003324	-0.003417	-0.00362	-0.003132	-0.002879	-0.003731	-0.003438	-0.003183	-0.002623	-0.002935	-0.003251	-0.003806	-0.002612	-0.003594	-0.003658	-0.003906	-0.003827	-0.003072	-0.003914	-0.00296
1034.074	9670.48	-0.002096	-0.001646	-0.002078	-0.002666	-0.002071	-0.002479	-0.002516	-0.002351	-0.001685	-0.002764	-0.003635	-0.002595	-0.002966	-0.003072	-0.002884	-0.002619	-0.00303	-0.003074	-0.002459	-0.002377	-0.003141	-0.002997	-0.00312	-0.002917	-0.003	-0.003097	-0.002473	-0.00296	-0.002877	-0.00377	-0.002784
1034.651	9665.09	-0.002519	-0.002512	-0.002101	-0.003254	-0.002594	-0.003024	-0.002562	-0.002971	-0.003164	-0.003112	-0.003166	-0.00303	-0.003805	-0.002866	-0.003018	-0.003484	-0.003059	-0.003123	-0.002939	-0.002864	-0.003381	-0.003463	-0.003185	-0.003454	-0.003082	-0.003642	-0.002274	-0.003089	-0.003272	-0.003679	-0.002946
1035.228	9659.71	-0.003336	-0.002542	-0.00292	-0.003447	-0.002767	-0.003389	-0.003119	-0.003771	-0.003994	-0.003611	-0.002167	-0.0037	-0.003651	-0.002732	-0.003438	-0.003491	-0.003061	-0.003499	-0.003219	-0.003166	-0.003513	-0.003133	-0.002762	-0.002274	-0.002515	-0.003508	-0.003196	-0.003026	-0.003491	-0.003476	-0.003372
1035.805	9654.33	-0.002973	-0.00211	-0.003324	-0.002664	-0.002077	-0.003072	-0.002772	-0.002602	-0.003007	-0.002687	-0.001844	-0.003165	-0.002941	-0.002753	-0.00231	-0.003239	-0.002189	-0.002437	-0.002419	-0.002797	-0.002221	-0.002468	-0.002408	-0.001865	-0.00249	-0.003002	-0.002746	-0.002251	-0.001957	-0.00241	-0.002396
1036.381	9648.96	-0.00194	-0.001694	-0.002554	-0.00192	-0.001721	-0.001827	-0.002304	-0.001608	-0.001904	-0.001212	-0.001834	-0.002482	-0.002488	-0.002374	-0.001475	-0.003193	-0.002163	-0.001519	-0.002185	-0.001543	-0.002007	-0.002187	-0.002018	-0.00235	-0.002266	-0.002031	-0.002581	-0.00186	-0.001377	-0.002182	-0.001842
1036.958	9643.59	-0.002111	-0.001982	-0.002394	-0.001976	-0.00239	-0.002191	-0.00229	-0.002473	-0.001895	-0.002063	-0.002381	-0.002695	-0.001939	-0.002053	-0.001862	-0.002626	-0.002718	-0.002162	-0.002504	-0.001716	-0.002179	-0.002746	-0.001953	-0.002803	-0.001803	-0.002093	-0.00275	-0.002147	-0.001591	-0.002672	-0.002634
1037.535	9638.23	-0.002852	-0.002704	-0.002713	-0.002077	-0.00337	-0.0027	-0.002709	-0.001996	-0.002791	-0.002824	-0.00268	-0.003068	-0.002876	-0.002177	-0.002286	-0.002478	-0.002826	-0.003005	-0.002611	-0.002692	-0.003328	-0.002865	-0.002197	-0.002948	-0.001943	-0.002764	-0.003109	-0.002198	-0.002253	-0.002657	-0.00307
1038.111	9632.88	-0.002422	-0.003359	-0.003594	-0.002235	-0.002597	-0.002925	-0.003171	-0.003395	-0.003223	-0.003202	-0.002821	-0.003318	-0.002799	-0.003364	-0.002571	-0.003193	-0.002831	-0.002337	-0.003205	-0.003103	-0.002325	-0.002769	-0.002331	-0.00261	-0.002399	-0.003506	-0.003265	-0.002425	-0.002698	-0.002104	-0.003103
1038.688	9627.53	-0.001621	-0.002191	-0.003141	-0.003148	-0.002119	-0.00316	-0.002601	-0.002112	-0.002456	-0.002254	-0.002861	-0.003785	-0.002236	-0.002257	-0.002807	-0.002389	-0.002471	-0.002469	-0.002176	-0.002451	-0.002705	-0.003443	-0.002434	-0.00244	-0.003019	-0.002365	-0.002411	-0.002502	-0.002828	-0.002195	-0.002701
1039.265	9622.19	-0.00246	-0.001618	-0.002853	-0.002931	-0.003225	-0.003073	-0.002664	-0.002624	-0.002581	-0.003078	-0.002583	-0.003166	-0.003411	-0.002509	-0.003349	-0.002791	-0.003195	-0.002808	-0.00268	-0.002902	-0.003495	-0.002896	-0.002931	-0.003164	-0.002609	-0.00292	-0.003015	-0.002414	-0.00252	-0.002287	-0.003292
1039.842	9616.85	-0.003022	-0.00279	-0.002987	-0.003978	-0.003224	-0.003271	-0.003352	-0.002765	-0.003069	-0.00276	-0.002754	-0.004142	-0.003547	-0.002916	-0.002998	-0.003941	-0.003468	-0.003291	-0.003632	-0.00261	-0.004203	-0.002964	-0.003658	-0.002373	-0.003635	-0.00328	-0.002715	-0.003806	-0.003537	-0.003449	-0.003682
1040.418	9611.52	-0.002243	-0.003069	-0.003307	-0.003435	-0.003553	-0.003387	-0.003325	-0.004483	-0.004071	-0.002423	-0.004356	-0.003562	-0.004242	-0.004303	-0.003305	-0.003724	-0.003367	-0.003501	-0.002925	-0.003765	-0.003736	-0.003799	-0.003726	-0.003477	-0.003843	-0.004038	-0.003013	-0.003256	-0.003709	-0.004397	-0.003438
1040.995	9606.19	-0.002733	-0.001982	-0.00202	-0.001728	-0.002695	-0.001852	-0.002332	-0.002628	-0.002868	-0.002783	-0.003907	-0.00319	-0.003503	-0.002608	-0.003284	-0.002702	-0.003669	-0.004466	-0.003308	-0.002987	-0.003102	-0.003643	-0.00231	-0.002083	-0.003076	-0.003328	-0.004082	-0.002926	-0.002745	-0.004062	-0.003415
1041.572	9600.88	-0.003168	-0.003285	-0.003022	-0.002941	-0.003951	-0.003612	-0.002894	-0.003669	-0.003236	-0.004401	-0.003804	-0.003323	-0.003834	-0.003461	-0.003381	-0.004203	-0.003835	-0.003568	-0.003409	-0.003662	-0.003506	-0.00427	-0.003604	-0.00294	-0.00395	-0.003925	-0.003111	-0.003324	-0.0038	-0.003437	-0.003753
1042.148	9595.56	-0.002356	-0.002943	-0.003158	-0.003516	-0.003322	-0.002773	-0.002452	-0.003706	-0.004302	-0.003922	-0.003126	-0.003519	-0.003273	-0.003936	-0.003634	-0.004854	-0.003481	-0.00288	-0.003306	-0.003366	-0.003834	-0.00417	-0.004633	-0.003671	-0.003029	-0.003875	-0.003312	-0.003557	-0.002815	-0.003694	-0.002776
1042.725	9590.26	-0.003454	-0.003871	-0.004205	-0.003454	-0.00316	-0.003745	-0.003637	-0.003747	-0.003144	-0.003182	-0.003011	-0.003749	-0.004035	-0.003938	-0.003391	-0.003701	-0.003745	-0.003406	-0.004279	-0.003605	-0.00355	-0.003796	-0.00393	-0.002903	-0.003794	-0.003561	-0.004086	-0.003066	-0.002744	-0.003202	-0.004196
1043.302	9584.95	-0.003084	-0.003605	-0.003551	-0.003453	-0.004405	-0.003984	-0.003168	-0.003504	-0.004443	-0.00314	-0.004667	-0.004304	-0.004017	-0.004248	-0.003596	-0.003326	-0.003437	-0.003873	-0.004542	-0.00353	-0.004281	-0.003836	-0.003956	-0.004157	-0.003323	-0.005253	-0.004095	-0.003353	-0.00352	-0.003952	-0.00354
1043.879	9579.66	-0.002837	-0.003308	-0.002409	-0.003535	-0.0039	-0.003439	-0.003634	-0.003639	-0.004878	-0.003929	-0.003875	-0.003317	-0.003358	-0.003647	-0.003487	-0.002954	-0.00366	-0.003882	-0.003915	-0.003122	-0.00483	-0.004213	-0.003249	-0.003637	-0.003027	-0.003797	-0.003583	-0.003161	-0.004325	-0.004019	-0.003742
1044.455	9574.37	-0.001222	-0.002261	-0.00256	-0.002734	-0.002736	-0.002936	-0.003016	-0.002887	-0.004249	-0.002635	-0.002281	-0.002977	-0.002974	-0.003321	-0.002345	-0.003047	-0.002756	-0.002542	-0.003658	-0.001927	-0.002823	-0.002158	-0.002627	-0.00255	-0.002409	-0.002644	-0.002951	-0.001683	-0.002474	-0.002978	-0.002871
1045.032	9569.09	-0.001543	-0.00135	-0.001924	-0.002708	-0.002263	-0.001671	-0.002837	-0.002446	-0.002836	-0.002836	-0.002239	-0.001886	-0.002464	-0.002048	-0.003064	-0.003087	-0.002121	-0.001864	-0.002581	-0.001779	-0.001477	-0.002432	-0.00253	-0.001987	-0.002689	-0.001705	-0.001993	-0.001672	-0.001646	-0.002691	-0.002216
1045.609	9563.81	-0.002582	-0.001965	-0.002905	-0.002365	-0.002771	-0.002972	-0.002249	-0.003345	-0.002841	-0.003108	-0.00324	-0.003175	-0.002402	-0.001877	-0.003168	-0.003147	-0.002414	-0.00342	-0.003243	-0.002867	-0.003179	-0.003175	-0.002404	-0.002269	-0.003161	-0.003193	-0.001931	-0.002639	-0.002163	-0.002594	-0.002098
1046.185	9558.54	-0.00223	-0.002438	-0.002726	-0.002773	-0.003279	-0.003348	-0.002963	-0.00288	-0.002629	-0.002128	-0.002898	-0.002915	-0.002945	-0.002384	-0.002898	-0.003485	-0.003013	-0.002981	-0.003294	-0.003205	-0.003711	-0.003145	-0.002444	-0.002156	-0.003453	-0.002953	-0.00283	-0.003323	-0.002655	-0.002495	-0.001979
1046.762	9553.27	-0.003089	-0.002514	-0.002578	-0.003202	-0.003102	-0.003571	-0.003253	-0.003601	-0.002729	-0.002982	-0.003427	-0.00317	-0.003612	-0.003231	-0.003407	-0.003848	-0.003024	-0.003311	-0.003823	-0.003611	-0.0036	-0.003389	-0.002705	-0.002552	-0.003695	-0.003408	-0.003842	-0.003616	-0.002816	-0.003836	-0.0028
1047.339	9548.01	-0.002733	-0.002523	-0.002107	-0.003066	-0.002765	-0.003468	-0.002699	-0.003621	-0.003041	-0.003357	-0.003613	-0.003244	-0.003068	-0.003495	-0.003264	-0.00362	-0.002666	-0.003336	-0.003314	-0.00328	-0.002902	-0.003278	-0.003038	-0.00249	-0.003502	-0.003624	-0.003098	-0.003377	-0.003329	-0.003991	-0.003035
1047.915	9542.75	-0.002747	-0.002717	-0.002114	-0.002298	-0.00121	-0.00319	-0.002743	-0.00276	-0.002607	-0.003326	-0.001485	-0.003362	-0.002644	-0.002742	-0.00267	-0.003515	-0.003157	-0.002408	-0.002371	-0.003039	-0.002767	-0.002744	-0.002778	-0.0017	-0.002765	-0.002713	-0.002829	-0.002154	-0.002967	-0.002776	-0.002229
1048.492	9537.51	-0.002067	-0.001815	-0.002207	-0.002014	-0.0008494	-0.001466	-0.002056	-0.002663	-0.001943	-0.002566	-0.001625	-0.00175	-0.002195	-0.001996	-0.00239	-0.002781	-0.002212	-0.002631	-0.002141	-0.002579	-0.002343	-0.002018	-0.002247	-0.00142	-0.002327	-0.002254	-0.002661	-0.002084	-0.002783	-0.001568	-0.002047
1049.069	9532.26	-0.003328	-0.002675	-0.003497	-0.004127	-0.002209	-0.003497	-0.003218	-0.004204	-0.004181	-0.003816	-0.003878	-0.003382	-0.004016	-0.003552	-0.003483	-0.003826	-0.003198	-0.003789	-0.002842	-0.003183	-0.003615	-0.003073	-0.003477	-0.003513	-0.00441	-0.003629	-0.003404	-0.003219	-0.00399	-0.003667	-0.003783
1049.646	9527.03	-0.002394	-0.002926	-0.003372	-0.002495	-0.002932	-0.003924	-0.003561	-0.002675	-0.003283	-0.00283	-0.003586	-0.003573	-0.003443	-0.00255	-0.002927	-0.003439	-0.002849	-0.003706	-0.003213	-0.002631	-0.002918	-0.002791	-0.003042	-0.003244	-0.00406	-0.002155	-0.003311	-0.002672	-0.003503	-0.003226	-0.003186
1050.222	9521.79	-0.002441	-0.002363	-0.002302	-0.003019	-0.002399	-0.00147	-0.003101	-0.002717	-0.002792	-0.002344	-0.003062	-0.001864	-0.002313	-0.001854	-0.002301	-0.003016	-0.003496	-0.002548	-0.002406	-0.003528	-0.002386	-0.002379	-0.003048	-0.00338	-0.002206	-0.004057	-0.003283	-0.002221	-0.002502	-0.002658	-0.002002
1050.799	9516.57	-0.001973	-0.001545	-0.00151	-0.001185	-0.002638	-0.0024	-0.001958	-0.002221	-0.002216	-0.003254	-0.002152	-0.002145	-0.002802	-0.002117	-0.001488	-0.001794	-0.002817	-0.001585	-0.001809	-0.002032	-0.002407	-0.002019	-0.002947	-0.003243	-0.001603	-0.001815	-0.001846	-0.0008602	-0.002071	-0.002174	-0.002233
1051.376	9511.35	-0.001744	-0.00357	-0.00281	-0.002932	-0.002719	-0.003133	-0.002625	-0.003509	-0.003468	-0.0027	-0.003211	-0.002986	-0.002329	-0.003759	-0.002743	-0.00235	-0.003872	-0.001897	-0.003075	-0.003004	-0.003449	-0.003478	-0.003361	-0.002693	-0.004121	-0.00276	-0.002583	-0.002376	-0.004053	-0.002509	-0.003075
1051.952	9506.13	-0.002916	-0.003558	-0.004259	-0.004195	-0.003907	-0.004849	-0.003335	-0.004077	-0.003389	-0.003532	-0.004503	-0.004239	-0.003414	-0.003548	-0.004096	-0.00362	-0.003637	-0.003678	-0.003526	-0.003623	-0.004139	-0.003872	-0.004246	-0.003762	-0.002912	-0.003318	-0.004407	-0.002165	-0.004034	-0.002517	-0.002949
1052.529	9500.92	-0.002122	-0.001352	-0.0007493	-0.0008566	-0.002109	-0.001039	-0.001623	-0.001768	-0.001708	-0.001827	-0.002039	-0.002556	-0.002247	-0.001816	-0.003115	-0.002056	-0.00135	-0.002144	-0.002743	-0.001506	-0.002251	-0.003438	-0.002234	-0.001999	-0.001395	-0.001685	-0.002022	-0.0006247	-0.001774	-0.002217	-0.0009855
1053.106	9495.72	-0.001722	-0.003095	-0.002657	-0.003674	-0.003287	-0.002966	-0.002847	-0.003261	-0.003042	-0.002717	-0.002955	-0.00307	-0.002266	-0.003646	-0.003674	-0.003409	-0.002864	-0.003979	-0.002927	-0.003346	-0.002429	-0.0039	-0.00221	-0.002779	-0.003493	-0.003715	-0.002868	-0.002671	-0.00229	-0.002654	-0.00398
1053.683	9490.52	-0.001111	-0.002697	-0.001776	-0.004024	-0.002164	-0.003122	-0.002899	-0.002526	-0.003015	-0.003039	-0.002855	-0.002762	-0.003276	-0.001898	-0.00373	-0.002879	-0.002367	-0.002508	-0.003121	-0.002493	-0.002694	-0.003267	-0.002618	-0.003327	-0.002844	-0.003409	-0.003423	-0.003288	-0.002561	-0.003589	-0.002939
1054.259	9485.33	-0.001193	-0.002033	-0.004118	-0.002986	-0.003056	-0.002485	-0.002822	-0.00227	-0.002253	-0.002375	-0.002099	-0.00315	-0.003533	-0.00368	-0.003724	-0.003716	-0.003139	-0.002114	-0.002662	-0.002045	-0.00262	-0.003702	-0.003174	-0.00304	-0.002447	-0.003677	-0.003482	-0.004124	-0.002876	-0.004199	-0.003343
1054.836	9480.15	-0.001665	-0.00185	-0.002226	-0.001871	-0.00112	-0.002202	-0.002347	-0.001134	-0.002078	-0.002884	-0.001345	-0.001822	-0.002462	-0.002072	-0.002325	-0.002622	-0.00308	-0.00208	-0.0009185	-0.001908	-0.001618	-0.001432	-0.002533	-0.0005606	-0.001779	-0.00212	-0.001868	-0.001725	-0.002214	-0.001692	-0.002466
1055.413	9474.97	-0.001042	-0.00202	-0.00169	-0.003004	-0.001491	-0.001864	-0.001885	-0.002407	-0.002479	-0.002823	-0.001798	-0.001736	-0.001992	-0.002577	-0.002782	-0.002708	-0.002637	-0.0024	-0.00247	-0.001796	-0.002104	-0.002121	-0.002181	-0.00179	-0.002277	-0.0007894	-0.002274	-0.00308	-0.002773	-0.001597	-0.003167
1055.989	9469.79	-0.001414	-0.002221	-0.002047	-0.003338	-0.002494	-0.002655	-0.00214	-0.001899	-0.002862	-0.003203	-0.002899	-0.001927	-0.003128	-0.002927	-0.003077	-0.002535	-0.00274	-0.003107	-0.003267	-0.002265	-0.00257	-0.002943	-0.002217	-0.002437	-0.002559	-0.002764	-0.003556	-0.003361	-0.002521	-0.002326	-0.003507
1056.566	9464.62	-0.001115	-0.001595	-0.001874	-0.002351	-0.002279	-0.001882	-0.002235	-0.002197	-0.002367	-0.003058	-0.00292	-0.001738	-0.003267	-0.002618	-0.003366	-0.002715	-0.002618	-0.001886	-0.002137	-0.002361	-0.001828	-0.002305	-0.002363	-0.002218	-0.001902	-0.001714	-0.002457	-0.002785	-0.00242	-0.003124	-0.003075
1057.143	9459.46	-0.0006607	-0.001811	-0.001678	-0.002194	-0.002002	-0.002007	-0.002809	-0.002831	-0.002852	-0.002503	-0.002813	-0.003063	-0.004031	-0.002368	-0.00245	-0.003003	-0.003524	-0.001937	-0.002679	-0.002333	-0.002477	-0.002568	-0.00223	-0.002527	-0.002285	-0.00133	-0.002521	-0.003067	-0.003231	-0.003457	-0.003228
1057.720	9454.30	-0.001595	-0.002663	-0.002697	-0.002971	-0.00311	-0.003283	-0.003559	-0.003887	-0.004256	-0.003433	-0.003646	-0.004505	-0.004783	-0.003047	-0.003372	-0.003379	-0.003039	-0.003354	-0.003515	-0.003393	-0.003699	-0.003584	-0.002596	-0.004505	-0.003432	-0.004351	-0.003356	-0.003657	-0.003345	-0.003249	-0.003232
1058.296	9449.15	-0.001169	-0.001516	-0.001951	-0.002299	-0.002352	-0.002072	-0.002295	-0.003096	-0.003339	-0.00235	-0.003734	-0.002898	-0.003665	-0.003269	-0.003719	-0.002847	-0.002123	-0.002041	-0.003274	-0.002243	-0.002972	-0.002472	-0.002652	-0.003488	-0.002524	-0.00393	-0.002813	-0.002874	-0.002883	-0.002521	-0.002624
1058.873	9444.00	-0.00197	-0.001742	-0.002426	-0.001953	-0.003041	-0.002368	-0.002561	-0.002588	-0.002672	-0.002388	-0.003855	-0.002612	-0.003722	-0.003965	-0.002862	-0.002871	-0.002718	-0.003327	-0.003822	-0.002952	-0.002829	-0.003022	-0.003783	-0.002698	-0.002012	-0.002701	-0.003314	-0.002436	-0.003521	-0.002448	-0.003933
1059.450	9438.86	-0.001922	-0.002278	-0.002057	-0.003692	-0.002982	-0.003512	-0.002774	-0.004067	-0.002664	-0.003694	-0.003788	-0.003559	-0.003492	-0.002354	-0.002729	-0.003661	-0.003844	-0.003137	-0.003936	-0.003576	-0.003116	-0.003045	-0.004426	-0.003257	-0.002609	-0.003255	-0.003815	-0.003092	-0.003406	-0.003889	-0.004721
1060.026	9433.73	-0.002715	-0.003734	-0.003113	-0.003786	-0.00363	-0.003516	-0.004337	-0.005038	-0.004635	-0.004281	-0.004372	-0.004102	-0.003273	-0.003173	-0.003287	-0.004036	-0.005679	-0.003953	-0.004537	-0.00503	-0.0034	-0.004379	-0.003406	-0.00345	-0.003875	-0.004176	-0.005358	-0.003744	-0.004684	-0.004239	-0.00441
1060.603	9428.60	-0.001606	-0.002616	-0.001781	-0.002257	-0.001865	-0.001945	-0.002558	-0.002295	-0.003519	-0.003475	-0.002507	-0.002887	-0.003234	-0.004379	-0.003461	-0.003835	-0.002325	-0.002431	-0.002802	-0.002728	-0.002497	-0.002903	-0.003076	-0.002691	-0.003061	-0.002756	-0.002769	-0.002546	-0.00339	-0.002096	-0.00326
1061.180	9423.47	-0.004007	-0.003684	-0.00495	-0.003437	-0.004703	-0.004658	-0.003879	-0.004074	-0.004324	-0.004515	-0.003359	-0.003744	-0.003808	-0.004048	-0.004157	-0.004384	-0.003571	-0.00348	-0.004428	-0.004606	-0.005215	-0.004918	-0.004095	-0.003243	-0.004319	-0.003305	-0.004728	-0.004497	-0.00487	-0.003125	-0.003568
1061.756	9418.36	-0.002197	-0.002281	-0.001237	-0.001656	-0.001896	-0.003071	-0.002347	-0.002628	-0.003596	-0.003617	-0.002877	-0.002596	-0.002441	-0.002855	-0.003019	-0.002035	-0.002487	-0.001609	-0.002812	-0.004389	-0.003025	-0.003057	-0.003877	-0.003693	-0.003307	-0.003621	-0.002307	-0.002946	-0.002885	-0.002994	-0.003317
1062.333	9413.24	-0.001483	-0.0004976	-0.001053	-0.002908	-0.00194	-0.002064	-0.001954	-0.001928	-0.003108	-0.003452	-0.0015	-0.005213	-0.002567	-0.002905	-0.003025	-0.001425	-0.002326	-0.00324	-0.002075	-0.003558	-0.00285	-0.002616	-0.001751	-0.003307	-0.003054	-0.002341	-0.002328	-0.00108	-0.003482	-0.002761	-0.001935
1062.910	9408.14	-0.002754	-0.0009412	-0.003912	-0.003128	-0.003868	-0.002136	-0.003482	-0.003125	-0.003421	-0.003264	-0.004121	-0.003021	-0.001759	-0.003316	-0.003824	-0.003569	-0.002208	-0.00325	-0.003568	-0.00216	-0.004386	-0.003322	-0.003519	-0.003366	-0.003408	-0.004259	-0.004356	-0.004015	-0.003244	-0.00364	-0.004273
1063.487	9403.03	-0.001644	-0.001933	-0.002588	-0.003695	-0.003897	-0.003129	-0.002272	-0.003656	-0.003819	-0.00371	-0.003322	-0.003751	-0.004767	-0.005866	-0.003057	-0.004446	-0.002855	-0.003161	-0.003426	-0.002523	-0.004215	-0.003318	-0.003104	-0.003162	-0.00334	-0.00351	-0.003393	-0.004122	-0.003827	-0.003275	-0.003716
1064.063	9397.94	-0.001572	-0.00193	-0.002265	-0.002465	-0.004961	-0.004207	-0.002542	-0.001379	-0.003974	-0.003988	-0.003279	-0.003911	-0.003569	-0.003183	-0.004252	-0.004305	-0.002023	-0.00301	-0.001687	-0.002384	-0.003377	-0.002899	-0.002548	-0.002472	-0.0035	-0.002837	-0.003428	-0.00354	-0.003136	-0.002841	-0.003937
1064.640	9392.85	-0.00155	-0.001995	-0.0007851	-0.001595	-0.002954	-0.002204	-0.002056	-0.002886	-0.004216	-0.003048	-0.001392	-0.003056	-0.003465	-0.001806	-0.002953	-0.003909	-0.001795	-0.002256	-0.001691	-0.003203	-0.002496	-0.001607	-0.001418	-0.002003	-0.002853	-0.00219	-0.002876	-0.003294	-0.002462	-0.003323	-0.001408
1065.217	9387.76	-0.001187	-0.002889	-0.00239	-0.003464	-0.002948	-0.003034	-0.003826	-0.002334	-0.004604	-0.003165	-0.002575	-0.002897	-0.004006	-0.003639	-0.004131	-0.003848	-0.002903	-0.002489	-0.002455	-0.003565	-0.001736	-0.003198	-0.002999	-0.002548	-0.004947	-0.003124	-0.002992	-0.00388	-0.003206	-0.003239	-0.002464
1065.793	9382.68	-0.002172	-0.002521	-0.003047	-0.00346	-0.002787	-0.003447	-0.003336	-0.00263	-0.004938	-0.003506	-0.00427	-0.004734	-0.003545	-0.00277	-0.004059	-0.003965	-0.003746	-0.003434	-0.003989	-0.004535	-0.002896	-0.002828	-0.003148	-0.002915	-0.004575	-0.00309	-0.004269	-0.004142	-0.002522	-0.003697	-0.003376
1066.370	9377.61	-0.002815	-0.00254	-0.002529	-0.002634	-0.001998	-0.002573	-0.001727	-0.002662	-0.003446	-0.003346	-0.002701	-0.002991	-0.002443	-0.002661	-0.002264	-0.002581	-0.003367	-0.002389	-0.00395	-0.003683	-0.004104	-0.001623	-0.002697	-0.001693	-0.002995	-0.003153	-0.002535	-0.002893	-0.002445	-0.001842	-0.003332
1066.947	9372.54	-0.002346	-0.00206	-0.002675	-0.002586	-0.001897	-0.002099	-0.001526	-0.00322	-0.002023	-0.002453	-0.00245	-0.002638	-0.002183	-0.002983	-0.003036	-0.002901	-0.003591	-0.002214	-0.002322	-0.002197	-0.003843	-0.002104	-0.002009	-0.001551	-0.002879	-0.002681	-0.001876	-0.002618	-0.003326	-0.002103	-0.002915
1067.524	9367.47	-0.002347	-0.002683	-0.003135	-0.003822	-0.003096	-0.002744	-0.003203	-0.004001	-0.004016	-0.003715	-0.00443	-0.004177	-0.003378	-0.004026	-0.004509	-0.004776	-0.004805	-0.004375	-0.003382	-0.003738	-0.004296	-0.00308	-0.003209	-0.002882	-0.004476	-0.003834	-0.003111	-0.003728	-0.005107	-0.004505	-0.004653
1068.100	9362.42	-0.002844	-0.002586	-0.001988	-0.00304	-0.003159	-0.003321	-0.003003	-0.002894	-0.003932	-0.004629	-0.004239	-0.004673	-0.003462	-0.003695	-0.003709	-0.003516	-0.004753	-0.003774	-0.003793	-0.004186	-0.003516	-0.00403	-0.003811	-0.00294	-0.004	-0.004269	-0.0027	-0.003089	-0.004526	-0.004698	-0.004384
1068.677	9357.36	-0.001285	-0.0005131	-0.0009912	-0.0005784	-0.001371	-0.001676	-0.001799	-0.001315	-0.001393	-0.00191	-0.002036	-0.003133	-0.001191	-0.002009	-0.001949	-0.0005229	-0.00222	-0.0007242	-0.001674	-0.001489	-0.001332	-0.002011	-0.002226	-0.0006414	-0.001406	-0.002513	-0.001026	-0.001892	-0.002626	-0.0026	-0.00176
1069.254	9352.32	-0.0003826	-0.001075	-0.001004	-0.001377	-0.00189	-0.0005556	-0.004008	-0.001082	-0.001916	0.0001999	-0.001657	-0.002003	-0.002091	-0.001857	-0.0004144	-0.001606	-0.00191	-0.001168	-0.002185	-0.001138	-0.001808	-0.0009147	-0.001568	-0.001015	-0.002	-0.001418	-0.00197	-0.001793	-0.002	-0.001391	-0.001499
1069.830	9347.28	-0.002726	-0.003225	-0.00314	-0.003668	-0.002916	-0.003046	-0.003582	-0.003625	-0.003377	-0.004037	-0.003758	-0.003502	-0.003501	-0.003812	-0.003291	-0.003383	-0.003518	-0.003282	-0.002827	-0.003322	-0.005274	-0.005144	-0.003639	-0.003145	-0.003685	-0.003688	-0.003132	-0.004529	-0.003812	-0.003771	-0.003883
1070.407	9342.24	-0.001561	-0.001301	-0.002119	-0.002922	-0.001983	-0.002237	-0.002635	-0.002718	-0.002489	-0.003801	-0.002463	-0.003803	-0.001624	-0.002836	-0.002939	-0.002284	-0.003319	-0.002877	-0.00173	-0.002009	-0.003433	-0.002068	-0.0024	-0.00271	-0.0021	-0.002389	-0.002363	-0.002382	-0.002488	-0.002363	-0.002069
1070.984	9337.21	-0.00227	-0.001201	-0.002043	-0.001905	-0.001292	-0.002418	-0.001676	-0.00286	-0.001949	-0.001551	-0.001294	-0.001889	-0.003257	-0.002873	-0.001629	-0.001759	-0.001415	-0.0008839	-0.003213	-0.001574	-0.003	-0.00219	-0.001632	-0.001978	-0.002	-0.002814	-0.001353	-0.0006182	-0.00198	-0.002271	-0.002545
1071.561	9332.18	-0.001248	-0.001871	-0.002361	-0.00252	-0.00159	-0.002368	-0.002132	-0.001817	-0.002482	-0.003373	-0.001606	-0.002228	-0.002322	-0.002461	-0.001651	-0.002509	-0.002459	-0.002078	-0.002936	-0.00227	-0.003329	-0.001251	-0.001073	-0.001621	-0.002282	-0.002202	-0.002594	-0.003038	-0.002638	-0.001893	-0.002427
1072.137	9327.16	-0.003245	-0.00415	-0.006051	-0.00431	-0.00552	-0.004006	-0.005216	-0.00444	-0.00528	-0.004231	-0.00299	-0.003721	-0.003486	-0.003693	-0.004723	-0.005285	-0.005417	-0.005841	-0.004682	-0.004469	-0.004947	-0.00472	-0.00449	-0.003859	-0.003778	-0.004789	-0.005712	-0.004179	-0.004134	-0.004913	-0.003824
1072.714	9322.15	-0.0002554	-0.003223	-0.003335	-0.002239	-0.002216	-0.004602	-0.001937	-0.00279	-0.002085	-0.004275	-0.003674	-0.004239	-0.002786	-0.004668	-0.003564	-0.003819	-0.003227	-0.002978	-0.001672	-0.003259	-0.003172	-0.002984	-0.003316	-0.002558	-0.003256	-0.002762	-0.00273	-0.002389	-0.002242	-0.003378	-0.003483
1073.291	9317.14	-0.002117	-0.00189	-0.002936	-0.00335	-0.002864	-0.003633	-0.002645	-0.004728	-0.003644	-0.002912	-0.004007	-0.003848	-0.003112	-0.004724	-0.004947	-0.004284	-0.002227	-0.002988	-0.003218	-0.003115	-0.003312	-0.002421	-0.003594	-0.004215	-0.001356	-0.003846	-0.003202	-0.00191	-0.004321	-0.004635	-0.001907
1073.867	9312.14	-0.002257	-0.002623	-0.00333	-0.00162	-0.002064	-0.00352	-0.002962	-0.003043	-0.004843	-0.003667	-0.002178	-0.002902	-0.004471	-0.004167	-0.001858	-0.0044	-0.003532	-0.002895	-0.003774	-0.003122	-0.002968	-0.003059	-0.003378	-0.003424	-0.00182	-0.003986	-0.003273	-0.002623	-0.003681	-0.003406	-0.003046
1074.444	9307.14	-0.002557	-0.004352	-0.004852	-0.004464	-0.003215	-0.004979	-0.005262	-0.004992	-0.005461	-0.004575	-0.004627	-0.004587	-0.004578	-0.004242	-0.004148	-0.003567	-0.004202	-0.004549	-0.004841	-0.005405	-0.00457	-0.0042	-0.003493	-0.004406	-0.003416	-0.004597	-0.004364	-0.005436	-0.004444	-0.004872	-0.004362
1075.021	9302.15	-0.0007919	-0.001182	-0.002086	-0.00275	-0.001773	-0.003129	-0.002326	-0.003044	-0.001676	-0.003127	-0.003226	-0.003182	-0.001711	-0.002079	-0.001557	6.765E-5	-0.002242	-0.001012	-0.001838	-0.002674	-0.002134	-0.001776	-0.002415	-0.00162	-0.00123	-0.002517	-0.003745	-0.0017	-0.002723	-0.002116	-0.003149
1075.598	9297.16	-0.002279	-0.0001168	-0.00307	-0.0026	-0.002756	-0.001549	-0.001874	-0.002375	-0.002845	-0.002747	-0.00297	-0.003783	-0.003337	-0.003087	-0.002574	-0.001797	-0.002567	-0.003271	-0.003466	-0.002382	-0.003057	-0.002338	-0.002655	-0.002249	-0.001784	-0.002331	-0.00331	-0.002373	-0.003883	-0.004509	-0.003026
1076.174	9292.18	-0.002393	-0.002807	-0.004556	-0.002812	-0.003985	-0.00259	-0.00245	-0.00337	-0.004224	-0.003468	-0.003078	-0.003923	-0.003733	-0.004796	-0.003165	-0.004061	-0.001918	-0.002615	-0.003069	-0.00283	-0.003291	-0.00363	-0.00281	-0.003963	-0.003676	-0.003714	-0.002942	-0.003041	-0.004058	-0.004584	-0.003536
1076.751	9287.20	-0.002401	-0.003838	-0.003268	-0.002943	-0.003838	-0.003775	-0.002135	-0.004073	-0.003853	-0.002447	-0.002589	-0.00424	-0.00288	-0.004969	-0.003041	-0.003241	-0.00176	-0.002426	-0.002953	-0.00353	-0.002335	-0.003019	-0.002896	-0.004551	-0.004099	-0.003559	-0.002873	-0.002244	-0.004647	-0.004106	-0.003011
1077.328	9282.23	-0.001566	-0.001189	-0.001562	-0.002157	-0.001322	-0.001192	-0.0004317	-0.00241	-0.001953	-0.001308	-0.001835	-0.002469	-0.00066	-0.003165	-0.001589	-0.001269	-0.001085	-0.001347	-0.002623	-0.001777	-0.001133	-0.001034	-0.0003142	-0.0008737	-0.001911	-0.002511	-0.001469	-0.0002302	-0.001765	-0.0009963	9.453E-5
1077.904	9277.26	-0.001369	-0.002085	-0.002526	-0.002001	-0.001639	-0.001072	-0.001369	-0.002606	-0.002299	-0.00215	-0.002811	-0.002859	-0.002077	-0.002104	-0.002269	-0.002425	-0.002152	-0.00257	-0.002607	-0.003172	-0.00188	-0.00172	-0.001566	-0.001554	-0.001968	-0.002522	-0.002468	-0.001059	-0.00258	-0.0009572	-0.001439
1078.481	9272.30	-0.001821	-0.003101	-0.002447	-0.001285	-0.002382	-0.002513	-0.002284	-0.003708	-0.002918	-0.001827	-0.002506	-0.002709	-0.00353	-0.003428	-0.003251	-0.002541	-0.001092	-0.00227	-0.003924	-0.00249	-0.003478	-0.002632	-0.001712	-0.001366	-0.001595	-0.002783	-0.003463	-0.001031	-0.002272	-0.001441	-0.002935
1079.058	9267.34	-0.00183	-0.003326	-0.00221	-0.0007943	-0.003162	-0.001621	-0.002086	-0.00302	-0.002626	-0.002218	-0.00283	-0.001595	-0.002949	-0.002047	-0.001943	-0.001751	-0.001905	-0.001643	-0.004223	-0.002599	-0.004015	-0.002587	-0.002265	-0.001625	-0.00108	-0.002506	-0.003789	-0.0005173	-0.0029	-0.001968	-0.003258
1079.634	9262.39	-0.002265	-0.002818	-0.002853	-0.001098	-0.003072	-0.003356	-0.002851	-0.004612	-0.00266	-0.002795	-0.00313	-0.002592	-0.002809	-0.0022	-0.004093	-0.003547	-0.00224	-0.002436	-0.003457	-0.002128	-0.001894	-0.003013	-0.003121	-0.002012	-0.002386	-0.003065	-0.001839	-0.002955	-0.003232	-0.002048	-0.002457
1080.211	9257.45	-0.0002146	-0.001884	-0.0008063	0.0003107	-0.0003292	-0.0002877	0.0003142	-0.003002	-0.001612	-0.00139	-0.0001439	-0.002292	-0.001004	-0.001522	-0.0009784	-0.0004177	-0.001331	-0.0009077	-0.001058	-0.001196	-0.0007451	-0.0009237	-0.0001118	-0.0009641	-0.001235	-0.001069	-0.001454	-0.001358	-0.001362	-0.001361	-0.001282
1080.788	9252.51	-0.0008631	-0.001702	-0.0001188	-0.001339	-0.001246	-0.0003587	-0.001976	-0.002395	-0.002357	-0.001247	-0.000861	-0.0006753	-0.0008052	-0.001509	-0.0007449	-0.003216	-0.0005007	-0.001997	-0.0009191	-0.001645	0.0003813	-0.00162	0.000519	-0.00192	-0.001589	-0.001745	-0.0003492	5.46E-5	-0.001326	-0.001095	-0.0008273
1081.365	9247.57	-0.000667	-0.0017	-0.001045	-0.001157	-0.003226	-0.002746	-0.002519	-0.003211	-0.004645	-0.002354	-0.003433	-0.002955	-0.003267	-0.002763	-0.004853	-0.002636	-0.002111	-0.002692	-0.003536	-0.003344	-0.003405	-0.001913	-0.004212	-0.0017	-0.002002	-0.002681	-0.00269	-0.002229	-0.002366	-0.002519	-0.003083
1081.941	9242.65	0.003616	0.001901	0.003704	2.297E-5	0.001214	-3.18E-5	-0.0003521	0.001149	-0.0001777	-0.001296	0.00159	-0.0004858	-0.001814	-0.001111	0.0007952	0.00117	0.003318	-0.0001513	-0.000492	-0.0006295	0.002428	-0.000179	0.002003	0.001373	0.001022	-4.207E-5	0.001006	-0.0003261	0.000625	0.0002895	0.0009874
1082.518	9237.72	0.0004212	-0.001766	-0.0005762	-0.0001496	-0.002609	-0.00289	-0.003307	-0.002513	-0.004302	-0.003601	-0.002042	-0.002225	-0.0008535	-0.0047	-0.001137	-0.002141	-0.002164	-0.001578	-0.003536	-0.002231	-0.001336	-0.0004978	-0.002662	-0.001354	-0.002401	-0.00257	-0.001904	-0.001719	-0.0006395	-0.003761	-0.001435
1083.095	9232.80	-0.0009717	3.177E-5	0.0004536	0.0005848	1.025E-5	0.000399	0.0001679	-0.002305	1.249E-5	-0.0009508	0.0004701	-0.001908	0.0001943	-0.002132	-0.001263	4.555E-5	0.0007211	0.0003422	-0.001411	-0.0008436	0.0001687	0.0006865	-0.000978	-0.000214	-0.0001269	0.0007652	-0.001859	-0.00057	-0.0008502	-0.0005473	-0.00143
1083.671	9227.89	-0.001466	-0.003805	-0.001625	-0.00277	-0.002396	-0.002231	-0.002933	-0.003076	-0.001	-0.00353	-0.002696	-0.002226	-0.002127	-0.002107	-0.003089	-0.002754	-0.001904	-0.002465	-0.005071	-0.002188	-0.003556	-0.003669	-0.003057	-0.002216	-0.002153	-0.00358	-0.002889	-0.002595	-0.002734	-0.003217	-0.003438
1084.248	9222.98	-0.001901	-0.001053	-0.002238	-0.003046	-0.00252	-0.0007483	-0.00181	-0.004286	-0.002157	-0.002323	-0.00334	-0.002562	-0.00246	-0.003175	-0.002927	-0.002706	-0.0016	-0.002495	-0.00335	-0.002798	-0.003175	-0.001128	-0.002317	-0.001616	-0.003177	-0.002527	-0.003175	-0.002718	-0.003031	-0.002706	-0.002853
1084.825	9218.08	-0.00163	-0.001596	-0.001925	-0.002936	-0.003392	-0.002458	-0.001552	-0.002073	-0.003119	-0.002531	-0.003559	-0.003397	-0.004106	-0.003034	-0.00324	-0.004314	-0.001623	-0.004278	-0.003234	-0.002129	-0.00151	-0.001355	-0.002308	-0.003535	-0.003206	-0.004326	-0.00286	-0.002369	-0.003479	-0.003163	-0.003969
1085.402	9213.18	-0.0007327	-0.002047	-0.001732	-0.003599	-0.002573	-0.002584	-0.002705	-0.002436	-0.002862	-0.002963	-0.002173	-0.002628	-0.003956	-0.00276	-0.00254	-0.003421	-0.004451	-0.003781	-0.003344	-0.002628	-0.002682	-0.002898	-0.004564	-0.002087	-0.002505	-0.004476	-0.003363	-0.001872	-0.002373	-0.00413	-0.00368
1085.978	9208.29	0.0001154	0.0002864	-0.0006514	-0.001228	-0.001788	-0.001012	-0.002434	-0.001369	-0.001444	-0.002339	-0.001596	-0.001381	-0.001756	-0.001397	-0.001214	-0.002591	-0.002137	-0.0004395	-0.002006	-0.0007732	-0.0007409	-0.001876	-0.002088	-0.0008311	-0.00112	-0.001657	-0.001343	-0.001414	-0.0007666	-0.00269	-0.002047
1086.555	9203.40	0.0004023	-0.0006292	-0.0008179	0.0001875	-0.000585	-0.00113	-0.001104	-0.0005392	-0.0004621	-0.0005769	-0.0007924	-0.001367	-0.002219	-0.0003442	-0.0004222	-0.001048	-0.0009745	0.0008697	-0.002122	-0.001314	4.464E-5	-0.001391	-0.0007605	-0.001408	-0.0001509	0.0005693	-0.001108	-0.0002868	-0.001067	-0.001442	-0.0005872
1087.132	9198.52	-0.001569	-0.001999	-0.001238	6.518E-5	-0.001333	-0.001797	-0.000422	-0.002957	-0.001034	-0.001526	-0.0007314	-0.002172	-0.003057	-0.0004158	-2.121E-5	-0.001938	-0.001059	-0.0009986	-0.001992	-0.001165	-0.001938	-0.002155	-0.001153	-0.001277	-0.0002739	-0.002196	-0.001283	-0.0001699	-0.002468	-0.002423	-0.0003817
1087.708	9193.64	0.0009622	0.001293	0.001823	0.001637	0.0005992	0.001326	0.0005744	-0.001238	7.835E-6	-1.219E-5	0.001506	0.001125	-7.152E-5	0.0008973	0.0004383	-7.463E-5	0.001934	-4.545E-5	0.0002033	0.001412	-0.000142	0.0008476	0.0004533	0.0007352	0.00117	-0.001097	-0.0005668	0.001281	-0.0006477	-0.0005982	0.001362
1088.285	9188.77	-0.000106	-0.0002187	0.0002781	-0.00122	-0.0004491	9.138E-6	-0.001454	-0.0006963	-0.001361	0.001957	0.0002038	-0.0003743	-0.001098	-0.0004909	-0.001986	-0.001647	0.0002134	0.0002609	-0.001138	0.000508	-0.0004758	-0.0005302	-0.0008334	-0.0009508	-0.0001603	-0.001896	-0.00227	-0.0006204	-0.0009596	-0.001839	-0.001119
1088.862	9183.90	-0.0008713	-0.0005877	-0.000415	-0.00154	0.0001106	-5.726E-5	-0.001211	-0.001184	-0.0008764	4.043E-6	-0.0004843	-0.002475	-0.001241	-0.001617	-0.001536	-0.001866	-0.001719	-0.0002642	-0.001457	-0.0004762	-0.0002496	-0.001647	-0.001354	-0.001171	-0.001154	-0.001785	-0.003005	-0.001654	0.000494	-0.002936	-0.0005249
1089.439	9179.04	-2.913E-5	0.0009737	0.000981	-7.31E-6	0.000765	0.002921	-0.0002771	0.001168	0.0008726	-7.408E-5	0.002361	0.0009885	-0.0001742	-0.0005086	-0.0006631	-0.0001529	-0.0006321	0.001511	-0.0006084	-0.001057	0.000981	-0.0008256	-0.0003046	-0.0003692	0.001121	0.0006958	-0.0002578	-0.0008092	0.0008792	-0.001099	0.0003249
1090.015	9174.18	4.439E-5	-0.000557	-0.0006163	-0.0004276	-0.001468	-0.0006078	-0.001293	0.0008356	-0.0004175	-0.0004662	0.0006422	2.972E-5	-0.0002132	-0.001559	-0.001481	-0.0006148	-0.0001736	-5.182E-5	-0.002249	9.761E-5	-0.002143	-0.002275	0.0001699	5.336E-5	-0.001158	-0.0007725	0.0002224	-0.001942	-0.0001576	2.257E-5	-0.0001425
1090.592	9169.33	-0.0004485	-0.0005492	-0.001983	0.001701	-0.003988	0.0007635	-0.0005952	-0.003129	-0.00311	-0.00255	0.0005861	0.0001693	-0.001355	-0.002268	-0.0009277	-0.003153	0.0001131	0.0008466	-0.0003081	-0.0005497	-0.002136	-0.00021	-0.001407	2.299E-5	0.0005261	-0.002022	-0.001767	-0.002402	-5.922E-5	-0.002277	-0.002239
1091.169	9164.49	-0.0001202	-0.003585	-0.0004681	0.001343	0.0002591	-8.74E-5	-0.001587	-0.001273	-0.0004083	-0.0005037	-0.0001551	-0.001165	-0.000696	-0.001149	-0.0002156	-0.003382	-0.00154	0.0004526	-0.0009333	0.002081	-0.0005734	-0.002103	0.0009026	-0.0002468	-0.0007057	-0.001765	-0.001109	-0.001118	-0.0007389	-0.0009496	-0.0008082
1091.745	9159.65	0.0006418	-0.00071	-0.0007515	-0.002774	-0.0003176	-0.001387	-0.0006614	-0.001392	-0.00349	-0.0001856	-0.001084	-0.0004937	-0.001504	-0.002813	-0.001343	-0.001236	-0.001797	6.843E-6	-0.002725	-0.001474	-0.001945	-0.003186	0.001062	-0.0007557	-0.0009121	-0.002448	-0.0009544	-0.0006574	-0.001343	-0.001291	-0.001567
1092.322	9154.81	-0.001991	-0.003168	-0.003035	-0.002126	-0.003804	-0.004368	-0.004547	-0.002034	-0.003402	-0.002865	-0.003038	-0.003913	-0.003842	-0.004953	-0.005015	-0.003759	-0.003851	-0.003411	-0.003629	-0.004252	-0.005004	-0.001611	-0.003915	-0.003022	-0.004166	-0.002936	-0.004722	-0.002953	-0.004187	-0.004451	-0.003453
1092.899	9149.98	-0.002073	9.431E-6	-2.326E-5	-1.299E-5	-0.0004837	-0.0005279	-0.001499	-0.004437	-0.001928	-0.0009464	-0.001196	-0.001358	-0.000452	-0.002514	-0.001659	-0.003627	-0.001208	-0.002171	-0.002988	-0.004315	-0.003275	-0.001374	-0.0026	-0.001634	-0.001379	-0.002347	-0.004174	-0.003565	-0.001321	-0.002331	-0.001732
1093.475	9145.15	-0.002252	-0.0006992	-0.002105	-0.0005441	-0.001022	-0.0006547	-0.001582	-0.001515	-0.002938	-0.002036	-0.001098	-0.004151	-0.001173	-0.002695	-0.002119	-0.002046	-0.001946	-0.002194	-0.002524	-0.002979	-0.003358	-0.001699	-0.001913	-0.00301	-0.001411	-0.002528	-0.002879	-0.00212	-0.002563	-0.002904	-0.002559
1094.052	9140.33	-0.0002294	-0.001582	-0.001852	-0.001446	-0.0004024	-0.001606	-0.002101	-0.002741	-0.002849	-0.004444	-0.001928	-0.004916	-0.003844	-0.002879	-0.001195	-0.002275	-0.003353	-0.002432	-0.002661	-0.002657	-0.002578	-0.002129	-0.002247	-0.003598	-0.003173	-0.002368	-0.002839	-0.00124	-0.003107	-0.002476	-0.002948
1094.629	9135.52	-0.001303	-0.0007196	1.471E-5	-0.00213	-0.0003511	-0.002502	-0.001649	-0.001548	-0.002107	-0.002705	-0.001366	-0.003717	-0.001963	-0.001951	-0.00205	-0.003369	-0.00217	-0.000976	-0.003007	-0.002171	-0.002048	-0.003019	-0.002124	-0.002465	-0.001708	-0.001226	-0.001342	-0.002486	-0.001572	-0.002102	-0.002375
1095.206	9130.71	-0.0003139	0.001154	0.001554	0.0006267	-7.369E-5	0.0008777	-5.065E-5	-0.0002715	-0.001318	-0.000317	0.00212	-0.001772	0.001051	-0.001717	-0.0002102	-0.0009567	-0.0005956	0.0005515	-0.001224	-0.0005841	-0.0002982	-0.0005388	-0.0004288	-2.785E-5	-0.0001998	0.0008614	-0.0007884	-0.0009981	-0.0008763	-0.000866	-0.0007241
1095.782	9125.90	0.0001733	0.0003407	-0.001101	0.0003974	-0.001125	-0.0004273	0.0009792	-0.00115	-0.001487	-0.001252	0.002678	-0.002474	-0.00126	-0.002018	-0.0003327	-0.001697	0.0001172	-0.001336	-0.00244	-0.001907	-0.00118	-5.554E-5	-0.001245	-0.001262	-0.001358	-0.001167	-0.001704	-0.001384	-0.0008758	-0.001099	-0.0008908
1096.359	9121.10	-0.0007991	-0.001054	-0.0022	-0.001225	-0.002003	-0.001899	-0.001149	-0.003423	-0.003152	-0.001656	-0.000481	-0.003669	-0.003289	-0.0042	-0.002378	-0.003524	-0.0007079	-0.002329	-0.00243	-0.003889	-0.004232	-0.001834	-0.002411	-0.003745	-0.00188	-0.002134	-0.001909	-0.003616	-0.002278	-0.002829	-0.002747
1096.936	9116.30	-0.001578	-0.001335	-0.00137	-0.002717	-0.002309	-0.002112	-0.00213	-0.003363	-0.003706	-0.002437	-0.002886	-0.004379	-0.002481	-0.003992	-0.004438	-0.004109	-0.002719	-0.002853	-0.0029	-0.004046	-0.004393	-0.003541	-0.00221	-0.004918	-0.002936	-0.003695	-0.002308	-0.0037	-0.001578	-0.002735	-0.004211
1097.512	9111.51	-0.001385	-0.0008621	-0.001479	-1.631E-5	-0.002314	-0.0008791	-0.0018	-0.002131	-0.003164	-0.002386	-0.002026	-0.002027	-0.002083	-0.0007946	-0.002361	-0.001804	-0.0026	-0.0002327	-0.003072	-0.001243	-0.003337	-0.00319	-0.001641	-0.001542	-0.002784	-0.002951	-0.003199	-0.003411	-0.002304	-0.002305	-0.003517
1098.089	9106.73	-0.001195	-0.0007331	-0.002475	0.002427	-0.003379	-0.0009638	0.001005	-0.001099	-0.001323	-0.002064	-0.0005947	-1.314E-5	-0.001786	-1.833E-5	-0.0009674	-0.003001	-0.001041	-0.0001254	-0.001324	-0.0009971	-0.002226	-0.0009325	0.0001751	-0.000311	-0.002262	-0.0009676	-0.002341	-0.0009383	-0.002728	-0.002418	-0.0007189
1098.666	9101.95	-0.001172	-0.002023	-0.001102	-0.001934	-0.002522	-0.002118	-0.001035	-0.003028	-0.004508	-0.004473	-0.001506	-0.003899	-0.00159	-0.002283	-0.002578	-0.002166	-0.001522	-0.002407	-0.00303	-0.00171	-0.003235	-0.001978	-0.002898	-0.001773	-0.004867	-0.004582	-0.003033	-0.00344	-0.004005	-0.003226	-0.001548
1099.243	9097.17	-0.001093	-0.001728	-0.0002566	-0.002534	-0.002839	-0.001637	-0.002226	-0.004812	-0.003571	-0.003175	-0.002211	-0.002154	-0.004068	-0.003218	-0.002635	-0.002427	-0.002453	-0.002102	-0.003261	-0.004016	-0.00492	-0.001646	-0.003365	-0.003293	-0.001463	-0.006262	-0.003357	-0.002489	-0.004136	-0.003235	-0.002577
1099.819	9092.40	0.002817	-0.000877	-0.0008147	0.00054	0.0006571	0.0004228	0.00185	-0.001118	0.002069	-4.775E-5	0.001456	0.0004011	0.0005458	-0.00107	0.0008956	6.8E-5	-0.001503	0.0009591	-0.0004562	-0.002112	-0.001125	-0.001356	-0.0009477	0.002021	0.001176	0.001613	-0.0004196	-0.0008883	0.0009942	4.985E-5	-0.0005817
