Wavelength [nm]	Wavenumbers [1/cm]	2107362U1_0001	2107362U1_0002	2107362U1_0003	2107362U1_0004	2107362U1_0005	2107362U1_0006	2107362U1_0007	2107362U1_0008	2107362U1_0009	2107362U1_0010	2107362U1_0011	2107362U1_0012	2107362U1_0013	2107362U1_0014	2107362U1_0015	2107362U1_0016	2107362U1_0017	2107362U1_0018	2107362U1_0019	2107362U1_0020	2107362U1_0021	2107362U1_0022	2107362U1_0023	2107362U1_0024	2107362U1_0025	2107362U1_0026	2107362U1_0027	2107362U1_0028	2107362U1_0029	2107362U1_0030	2107362U1_0031
175.355	57027.31	-0.01274	0.002223	-0.00924	-0.004735	0.001778	0.009606	0.07847	0.01101	-0.01243	0.04919	-0.04497	-0.004187	-0.01019	-0.01498	0.01434	0.04833	-0.02394	0.001105	0.0103	0.03062	0.0005803	-0.01148	-0.05035	0.002307	-0.0117	0.04036	-0.01671	-0.008005	0.009782	-0.02814	0.009081
175.931	56840.38	3.821	3.824	0.2636	0.2327	0.8914	0.3814	0.1599	0.02198	3.823	0.8151	0.1249	0.1584	0.1862	0.3296	1.425	0.4675	0.07908	0.2786	0.6289	0.2408	0.37	0.3489	3.821	0.3489	3.824	0.6951	3.823	3.823	0.1129	3.822	1.332
176.508	56654.66	0.8065	0.5977	0.2459	0.1756	0.2364	0.3124	0.1447	0.1379	0.5589	0.09574	0.2043	0.3591	0.1254	0.1942	0.3758	0.2413	0.3285	0.2022	0.5789	0.155	0.2832	0.1471	0.6103	0.1779	0.5627	0.179	0.5158	0.7278	0.06952	0.4705	0.3207
177.085	56470.15	0.01217	-0.01442	0.01857	0.1225	-0.05687	0.04304	0.05508	0.06987	0.1391	0.1994	0.1505	0.131	-0.004024	-0.02745	0.1435	0.2077	0.01922	-0.01985	0.09177	0.07143	0.05522	-0.09097	0.0449	-0.01977	0.07739	-0.02749	0.07434	-0.04888	0.1105	-0.007992	0.04219
177.661	56286.85	-0.1207	-0.09708	-0.09115	-0.05009	-0.1085	-0.05038	-0.02276	-0.009988	-0.03823	-0.02005	-0.05015	-0.0422	-0.03169	-0.1122	-0.03481	-0.0497	-0.1006	-0.07869	-0.07507	-0.05339	-0.08423	-0.1243	-0.112	-0.06112	-0.05794	-0.0466	-0.09324	-0.09639	0.004933	-0.113	-0.1182
178.238	56104.72	-0.0156	-0.01601	-0.019	-0.0306	-0.03554	0.02827	0.01001	-0.01724	0.02119	-0.01027	0.005457	-0.0469	-0.001249	-0.02614	0.001367	-0.02669	-0.02494	-0.06929	-0.006004	0.04082	0.02789	0.01048	-0.06505	-0.02578	-0.02959	0.01551	-0.01302	-0.08572	-0.006164	-0.0417	-0.009365
178.815	55923.78	-0.007742	-0.01923	0.02832	0.03075	-0.02144	0.02434	-0.01309	0.00995	0.01354	0.03362	0.02096	0.016	-0.002919	-0.002547	0.03559	-0.03524	-0.03407	-0.042	0.04342	0.06537	0.05028	0.0308	-0.03477	0.002902	0.05431	0.02069	-0.03775	-0.09625	0.05455	-0.01182	0.002422
179.392	55743.99	0.034	0.03776	0.02467	0.0795	0.03233	0.04742	0.05753	0.03965	0.06996	0.06578	0.02646	0.04449	0.04237	0.02836	0.09463	0.05438	0.04207	0.05875	0.05822	0.06013	0.08066	0.06339	0.07632	0.08921	0.06305	0.04673	0.04079	0.01144	0.0579	0.07372	0.03988
179.968	55565.36	-0.04084	-0.01053	-0.07306	0.1516	-0.03276	-0.1238	-0.02976	-0.04775	0.04197	0.08686	0.008795	0.02281	-0.0384	-0.04234	0.02802	-0.07252	-0.03019	-0.04625	-0.01332	0.102	-0.03159	-0.031	0.05805	0.02138	-0.04365	0.03528	-0.1258	-0.08758	-0.01173	-0.04029	-0.0258
180.545	55387.87	0.01912	-0.01048	0.001467	0.1138	0.02172	-0.0313	-0.06219	0.0088	0.01673	0.06602	0.003951	0.02113	-0.006511	0.01845	-0.001876	-0.03695	0.01316	0.007721	0.007898	0.0247	-0.02576	-0.009874	0.02484	0.00616	0.008703	0.03429	-0.07464	-0.00608	0.02675	0.0148	0.1306
181.122	55211.51	0.04768	-0.01783	0.01651	0.03034	0.1006	0.08489	-0.06682	0.04841	0.006931	0.1483	0.07985	0.1096	0.05941	0.1091	0.0753	0.1129	0.2645	0.07534	0.07006	-0.004322	0.04984	0.09018	0.1594	0.1655	0.0877	0.01882	0.05318	0.158	-0.01096	0.1335	0.1541
181.698	55036.27	-0.0009079	-0.0284	-0.01807	-0.006725	0.04497	0.03936	-0.04326	0.006262	-0.008701	0.1074	0.06839	0.06781	0.02057	0.05471	0.05063	0.07856	0.1838	0.01417	0.03254	0.005515	0.01384	0.05775	0.1138	0.1245	0.0381	0.007772	0.01892	0.08368	-0.03661	0.05491	0.02534
182.275	54862.14	0.0751	0.05462	0.08298	-0.0005271	0.0361	0.06697	0.07118	0.02965	0.000152	0.08846	0.01191	-0.0015	0.02732	0.02677	0.02892	0.02209	0.04704	-0.0114	0.02178	0.02637	0.02376	0.03218	0.06036	0.04893	0.07276	0.09221	0.02435	0.05956	0.02405	0.01395	0.07679
182.852	54689.10	0.05388	0.05032	0.08144	-0.002999	0.06046	0.08833	0.07503	0.03045	0.004882	0.122	0.006579	0.01133	0.04363	0.03517	0.04256	0.02892	0.06597	-0.02393	0.01089	0.05712	0.05259	0.02688	0.06127	0.03646	0.08707	0.09785	0.03716	0.03476	0.01212	0.006685	0.101
183.428	54517.16	-0.1443	-0.108	-0.08268	-0.0607	-0.02537	-0.07008	-0.05222	-0.06067	-0.03354	-0.02894	-0.02131	-0.06682	-0.03407	-0.05447	-0.05946	-0.03427	-0.07565	-0.08753	-0.06854	-0.02539	-0.02532	-0.09904	-0.06585	-0.04135	-0.06502	-0.01505	-0.0402	-0.1522	-0.07305	-0.1267	-0.08263
184.005	54346.29	-0.1531	-0.142	-0.1051	-0.08055	-0.07172	-0.1605	-0.06522	-0.08621	-0.04567	-0.08544	-0.03455	-0.114	-0.05485	-0.09571	-0.09789	-0.07701	-0.1218	-0.09448	-0.06133	-0.09891	-0.04856	-0.1401	-0.06825	-0.015	-0.104	-0.0226	-0.06358	-0.1509	-0.09695	-0.1393	-0.1458
184.582	54176.49	1.159	1.163	1.169	1.187	1.172	1.162	1.186	1.171	1.2	1.183	1.176	1.163	1.184	1.166	1.177	1.162	1.171	1.164	1.172	1.167	1.178	1.172	1.143	1.159	1.156	1.18	1.156	1.141	1.171	1.174	1.179
185.159	54007.75	3.998	4	4	4	4	4	4	4	4	4	4	4	4	4	4	4	4	4	4	4	4	4	4	4	4	4	4	4	4	4	4
185.735	53840.05	3.998	4	4	4	4	4	4	4	4	4	4	4	4	4	4	4	4	4	4	4	4	4	4	4	4	4	4	4	4	4	4
186.312	53673.40	3.998	4	4	4	4	4	4	4	4	4	4	4	4	4	4	4	4	4	4	4	4	4	4	4	4	4	4	4	4	4	4
186.889	53507.77	3.998	4	4	4	4	4	4	4	4	4	4	4	4	4	4	4	4	4	4	4	4	4	4	4	4	4	4	4	4	4	4
187.465	53343.16	3.998	4	4	4	4	4	4	4	4	4	4	4	4	4	4	4	4	4	4	4	4	4	4	4	4	4	4	4	4	4	4
188.042	53179.56	3.998	4	4	4	4	4	4	4	4	4	4	4	4	4	4	4	4	4	4	4	4	4	4	4	4	4	4	4	4	4	4
188.619	53016.96	3.998	4	4	4	4	4	4	4	4	4	4	4	4	4	4	4	4	4	4	4	4	4	4	4	4	4	4	4	4	4	4
189.196	52855.36	3.998	4	4	4	4	4	4	4	4	4	4	4	4	4	4	4	4	4	4	4	4	4	4	4	4	4	4	4	4	4	4
189.772	52694.73	3.998	4	4	4	4	2.773	1.784	1.676	4	2.244	4	4	2.306	4	3.608	4	4	2.121	4	4	1.76	2.797	4	4	4	2.153	4	4	2.007	4	4
190.349	52535.08	1.717	1.511	1.623	1.583	1.775	1.425	1.09	1.088	1.55	1.354	1.762	1.548	1.375	1.689	1.738	1.711	1.539	1.291	1.596	1.52	1.255	1.319	1.596	1.721	1.851	1.123	1.723	1.747	1.394	1.917	1.845
190.926	52376.39	3.527	3.486	3.509	3.501	3.541	3.506	3.467	3.47	3.494	3.508	3.538	3.494	3.51	3.523	3.545	3.527	3.492	3.499	3.503	3.488	3.502	3.483	3.504	3.529	3.556	3.463	3.53	3.535	3.523	3.57	3.555
191.502	52218.66	3.998	4	4	4	4	4	4	4	4	4	4	4	4	4	4	4	4	4	4	4	4	4	4	4	4	4	4	4	4	4	4
192.079	52061.88	3.998	4	4	4	4	4	4	4	4	4	4	4	4	4	4	4	4	4	4	4	4	4	4	4	4	4	4	4	4	4	4
192.656	51906.03	3.998	4	4	4	4	4	2.506	4	4	4	2.9	4	4	4	4	4	4	4	4	2.47	4	4	4	4	4	2.525	4	4	3.233	2.536	4
193.233	51751.12	3.998	4	4	4	4	4	3.243	4	4	4	3.442	4	4	4	4	4	4	4	4	3.224	4	4	4	4	4	3.252	4	4	3.611	3.258	4
193.809	51597.12	3.998	4	4	4	4	4	4	4	4	4	4	4	4	4	4	4	4	4	4	4	4	4	4	4	4	4	4	4	4	4	4
194.386	51444.04	3.998	4	4	4	4	4	4	4	4	4	4	4	4	4	4	4	4	4	4	4	4	4	4	4	4	4	4	4	4	4	4
194.963	51291.87	3.998	4	4	4	4	4	4	4	4	4	4	4	4	4	4	4	4	4	4	4	4	4	4	4	4	4	4	4	4	4	4
195.539	51140.59	3.998	4	4	4	4	4	4	4	4	4	4	4	4	4	4	4	4	4	4	4	4	4	4	4	4	4	4	4	4	4	4
196.116	50990.21	3.998	4	4	4	4	4	4	4	4	4	4	4	4	4	4	4	4	4	4	4	4	4	4	4	4	4	4	4	4	4	4
196.693	50840.70	3.998	4	4	4	4	4	4	4	4	4	4	4	4	4	4	4	4	4	4	4	4	4	4	4	4	4	4	4	4	4	4
197.270	50692.07	3.998	4	4	4	4	4	4	4	4	4	4	4	4	4	4	4	4	4	4	4	4	4	4	4	4	4	4	4	4	4	4
197.846	50544.31	3.998	4	4	4	4	4	4	4	4	4	4	4	4	4	4	4	4	4	4	4	4	4	4	4	4	4	4	4	4	4	4
198.423	50397.40	3.523	3.658	4	4	4	4	3.375	4	3.453	3.486	3.365	3.73	3.558	4	4	4	4	4	4	3.481	4	4	4	3.416	4	3.501	4	4	4	4	4
199.000	50251.35	2.251	2.986	3.579	4	3.595	4	1.616	3.593	2.093	2.477	2.119	3.201	2.69	3.711	4	3.508	4	3.537	3.589	2.035	3.481	3.806	4	1.784	3.571	2.081	4	4	3.93	4	4
199.576	50106.14	2.729	4	2.429	4	2.49	4	2.017	2.481	2.936	4	4	4	4	2.921	4	2.167	4	2.272	2.469	2.409	2.063	3.276	4	2.187	2.401	2.356	4	4	3.74	4	4
200.153	49961.76	3.998	4	4	4	4	4	4	4	4	4	4	4	4	4	4	4	4	4	4	4	4	4	4	4	4	4	4	4	4	4	4
200.730	49818.22	3.998	4	4	4	4	3.806	3.824	4	3.858	3.818	4	4	4	4	4	4	4	3.887	4	4	4	4	4	3.862	4	3.969	4	4	4	4	4
201.306	49675.50	3.998	4	4	4	4	2.008	2.189	4	2.537	2.133	4	4	4	4	4	4	4	2.84	4	4	4	4	4	2.58	4	3.678	4	4	4	4	4
201.883	49533.59	3.998	4	4	4	4	4	4	4	4	4	4	4	4	4	4	4	4	4	4	4	4	4	4	4	4	4	4	4	4	4	4
202.460	49392.50	3.998	4	4	4	4	4	4	4	4	4	4	4	4	4	4	4	4	4	4	4	4	4	4	4	4	4	4	4	4	4	4
203.037	49252.20	3.998	4	4	4	4	4	4	4	4	4	4	4	4	4	4	4	4	4	4	4	4	4	4	4	4	4	4	4	4	4	4
203.613	49112.70	3.998	4	4	4	4	4	4	4	4	4	4	4	4	4	4	4	4	4	4	4	4	4	4	4	4	4	4	4	4	4	4
204.190	48973.99	3.998	4	4	4	4	4	4	4	4	4	4	4	4	4	4	4	4	4	4	4	4	4	4	4	4	4	4	4	4	4	4
204.767	48836.06	3.998	4	4	4	4	4	4	4	4	4	4	4	4	4	4	4	4	4	4	4	4	4	4	4	4	4	4	4	4	4	4
205.343	48698.90	3.998	4	4	4	4	4	4	4	4	4	4	4	4	4	4	4	4	4	4	4	4	4	4	4	4	4	4	4	4	4	4
205.920	48562.51	3.998	4	4	4	4	4	4	4	4	4	4	4	4	4	4	4	4	4	4	4	4	4	4	4	4	4	4	4	4	4	4
206.497	48426.89	3.998	4	4	4	4	4	4	4	4	4	4	4	4	4	4	4	4	4	4	4	4	4	4	4	4	4	4	4	4	4	4
207.074	48292.02	3.998	4	4	4	4	4	4	3.234	4	4	3.495	4	5.386	4	4	3.269	4	4	4	3.886	4	4	4	4	4	4	4	4	4	4	4
207.650	48157.89	3.998	4	4	4	4	4	4	3.493	4	4	3.665	4	4.918	4	4	3.516	4	4	4	3.925	4	4	4	4	4	4	4	4	4	4	4
208.227	48024.51	3.998	4	4	4	4	4	4	4	4	4	4	4	4	4	4	4	4	4	4	4	4	4	4	4	4	4	4	4	4	4	4
208.804	47891.87	3.998	4	4	4	4	4	4	4	4	4	4	4	4	4	4	4	4	4	4	4	4	4	4	4	4	4	4	4	4	4	4
209.380	47759.96	3.998	4	4	4	4	4	4	4	4	4	4	4	4	4	4	4	4	4	4	4	4	4	4	4	4	4	4	4	4	4	4
209.957	47628.77	3.998	4	4	4	4	4	4	4	4	4	4	4	4	4	4	4	4	4	4	4	4	4	4	4	4	4	4	4	4	4	4
210.534	47498.31	3.677	3.787	3.739	3.603	3.597	3.717	3.688	3.525	3.604	3.553	3.843	3.944	4	3.616	3.679	3.599	4.173	4	3.792	3.756	4	3.801	4	3.731	4	3.523	4	4	3.777	4	4
211.111	47368.55	3.427	3.621	3.535	3.293	3.282	3.496	3.445	3.154	3.293	3.204	3.72	3.9	4	3.316	3.428	3.285	4.308	4	3.63	3.565	4	3.646	4	3.521	4	3.15	4	4	3.602	4	4
211.687	47239.50	3.998	4	3.85	4	4	3.673	3.806	4.037	3.799	4	4.213	4	4.17	4	4	4	4	4	4	4	4	4	4	4	4	3.699	4	4	4	4	4
212.264	47111.16	3.479	3.483	3.098	3.485	3.48	2.639	2.979	3.573	2.968	3.487	4.041	3.48	3.927	3.49	3.491	3.491	3.498	3.5	3.497	3.489	3.496	3.494	3.492	3.494	3.498	2.708	3.505	3.495	3.487	3.497	3.496
212.841	46983.50	2.02	2.017	2.011	2.021	2.013	2.01	1.989	2	2.034	2.022	2.032	2.009	2.039	2.054	2.043	2.051	2.061	2.067	2.065	2.055	2.062	2.072	2.071	2.062	2.073	2.044	2.104	2.104	2.048	2.119	2.097
213.417	46856.54	2.386	2.34	2.278	2.342	2.37	2.279	2.255	2.336	2.347	2.322	2.302	2.353	2.362	2.408	2.359	2.387	2.356	2.353	2.369	2.436	2.375	2.444	2.462	2.385	2.394	2.43	2.43	2.573	2.439	2.596	2.513
213.994	46730.26	2.403	2.401	2.369	2.406	2.423	2.401	2.393	2.451	2.466	2.433	2.398	2.448	2.481	2.437	2.478	2.472	2.515	2.512	2.458	2.45	2.469	2.483	2.492	2.432	2.499	2.483	2.489	2.563	2.498	2.532	2.51
214.571	46604.67	3.998	4	4	4	4	4	4	4	4	4	4	4	4	4	4	4	4	4	4	4	4	4	4	4	4	4	4	4	4	4	4
215.147	46479.74	3.929	3.931	3.932	3.93	3.929	3.931	3.929	3.929	3.932	3.932	3.934	3.929	3.931	3.931	3.934	3.933	3.934	3.933	3.934	3.932	3.938	3.932	3.937	3.933	3.936	3.933	3.937	3.934	3.938	3.936	3.934
215.724	46355.48	2.279	2.301	2.298	2.255	2.242	2.282	2.233	2.236	2.297	2.309	2.358	2.229	2.282	2.289	2.365	2.336	2.368	2.332	2.371	2.32	2.451	2.319	2.443	2.332	2.408	2.335	2.434	2.366	2.462	2.402	2.361
216.301	46231.89	3.924	3.927	3.927	3.925	3.925	3.927	3.925	3.924	3.927	3.928	3.93	3.924	3.927	3.927	3.93	3.929	3.93	3.929	3.93	3.928	3.934	3.928	3.933	3.929	3.932	3.929	3.933	3.93	3.934	3.932	3.93
216.878	46108.95	2.173	2.143	2.145	2.123	2.135	2.173	2.1	2.107	2.087	2.118	2.169	2.166	2.152	2.105	2.129	2.201	2.169	2.168	2.204	2.153	2.147	2.203	2.136	2.221	2.219	2.141	2.197	2.203	2.209	2.203	2.179
217.454	45986.67	3.747	3.745	3.745	3.742	3.744	3.749	3.739	3.74	3.737	3.742	3.749	3.748	3.746	3.74	3.743	3.753	3.749	3.748	3.753	3.746	3.746	3.753	3.744	3.755	3.756	3.745	3.752	3.753	3.754	3.753	3.75
218.031	45865.03	2.409	2.409	2.424	2.41	2.412	2.416	2.378	2.402	2.408	2.409	2.416	2.426	2.442	2.45	2.417	2.461	2.456	2.427	2.455	2.455	2.475	2.46	2.453	2.476	2.482	2.462	2.467	2.475	2.463	2.514	2.479
218.608	45744.03	1.933	1.922	1.928	1.92	1.924	1.922	1.898	1.915	1.918	1.916	1.915	1.925	1.943	1.932	1.929	1.947	1.946	1.948	1.949	1.945	1.946	1.952	1.951	1.958	1.958	1.949	1.967	1.968	1.956	1.979	1.965
219.184	45623.67	1.976	1.968	1.968	1.957	1.959	1.951	1.947	1.963	1.949	1.964	1.955	1.959	1.97	1.964	1.968	1.976	1.976	1.978	1.979	1.971	1.976	1.991	1.998	1.99	1.992	1.981	2	2.004	1.988	2.015	1.996
219.761	45503.94	1.89	1.882	1.88	1.874	1.875	1.867	1.871	1.877	1.871	1.882	1.873	1.881	1.882	1.885	1.884	1.886	1.888	1.887	1.891	1.886	1.893	1.891	1.902	1.901	1.899	1.899	1.907	1.912	1.902	1.91	1.908
220.338	45384.84	1.774	1.773	1.77	1.77	1.773	1.771	1.767	1.769	1.77	1.772	1.772	1.776	1.775	1.779	1.779	1.783	1.779	1.779	1.781	1.78	1.779	1.783	1.784	1.782	1.785	1.789	1.795	1.793	1.786	1.79	1.798
220.915	45266.36	1.756	1.759	1.755	1.755	1.756	1.763	1.752	1.753	1.753	1.756	1.762	1.759	1.758	1.76	1.76	1.763	1.76	1.764	1.764	1.762	1.76	1.77	1.766	1.768	1.771	1.765	1.77	1.775	1.77	1.77	1.775
221.491	45148.50	1.712	1.715	1.711	1.71	1.716	1.716	1.709	1.712	1.71	1.714	1.717	1.715	1.714	1.716	1.718	1.717	1.719	1.72	1.719	1.719	1.72	1.723	1.725	1.727	1.725	1.721	1.722	1.729	1.725	1.726	1.725
222.068	45031.25	1.671	1.672	1.675	1.676	1.68	1.679	1.673	1.677	1.677	1.678	1.68	1.679	1.68	1.681	1.684	1.684	1.684	1.685	1.684	1.684	1.686	1.684	1.687	1.686	1.683	1.685	1.687	1.685	1.688	1.688	1.685
222.645	44914.61	1.673	1.679	1.681	1.682	1.685	1.688	1.683	1.685	1.689	1.687	1.689	1.69	1.69	1.691	1.692	1.693	1.691	1.693	1.695	1.692	1.693	1.691	1.694	1.694	1.691	1.694	1.698	1.692	1.695	1.698	1.695
223.221	44798.57	1.676	1.685	1.689	1.689	1.697	1.698	1.696	1.698	1.701	1.699	1.702	1.701	1.699	1.705	1.701	1.7	1.701	1.702	1.708	1.705	1.702	1.702	1.705	1.706	1.706	1.706	1.71	1.706	1.702	1.71	1.706
223.798	44683.12	1.674	1.685	1.695	1.697	1.704	1.705	1.705	1.706	1.707	1.706	1.709	1.707	1.706	1.71	1.707	1.708	1.709	1.71	1.715	1.711	1.71	1.71	1.713	1.712	1.714	1.711	1.713	1.713	1.709	1.712	1.712
224.375	44568.28	1.659	1.676	1.684	1.689	1.692	1.695	1.695	1.694	1.698	1.697	1.697	1.699	1.7	1.698	1.698	1.701	1.7	1.699	1.703	1.698	1.699	1.7	1.703	1.702	1.701	1.701	1.7	1.703	1.7	1.702	1.701
224.952	44454.02	1.641	1.66	1.667	1.673	1.677	1.684	1.678	1.679	1.683	1.685	1.683	1.685	1.686	1.684	1.684	1.686	1.689	1.684	1.687	1.685	1.684	1.685	1.689	1.687	1.688	1.689	1.686	1.688	1.687	1.688	1.687
225.528	44340.34	1.657	1.676	1.684	1.691	1.699	1.703	1.702	1.702	1.702	1.703	1.703	1.705	1.704	1.706	1.705	1.708	1.709	1.703	1.707	1.705	1.71	1.706	1.709	1.706	1.71	1.709	1.708	1.708	1.708	1.708	1.711
226.105	44227.25	1.665	1.685	1.692	1.701	1.708	1.714	1.713	1.715	1.715	1.717	1.716	1.718	1.716	1.719	1.717	1.721	1.717	1.714	1.719	1.721	1.719	1.721	1.725	1.717	1.718	1.718	1.72	1.72	1.717	1.721	1.724
226.682	44114.73	1.686	1.707	1.718	1.726	1.733	1.734	1.734	1.736	1.741	1.742	1.742	1.741	1.743	1.741	1.742	1.744	1.743	1.744	1.744	1.745	1.743	1.746	1.748	1.743	1.744	1.746	1.743	1.747	1.743	1.746	1.745
227.258	44002.78	1.699	1.718	1.737	1.747	1.755	1.752	1.757	1.754	1.757	1.758	1.758	1.759	1.764	1.762	1.761	1.759	1.763	1.764	1.764	1.762	1.764	1.763	1.765	1.762	1.763	1.763	1.765	1.766	1.762	1.767	1.767
227.835	43891.39	1.721	1.75	1.763	1.773	1.78	1.783	1.784	1.787	1.781	1.785	1.79	1.787	1.789	1.791	1.791	1.791	1.793	1.791	1.793	1.793	1.79	1.795	1.793	1.795	1.796	1.79	1.792	1.795	1.796	1.794	1.793
228.412	43780.57	1.752	1.784	1.8	1.806	1.816	1.822	1.823	1.826	1.824	1.826	1.83	1.832	1.83	1.829	1.833	1.831	1.832	1.834	1.83	1.832	1.833	1.835	1.832	1.835	1.83	1.83	1.832	1.833	1.832	1.833	1.832
228.989	43670.31	1.783	1.808	1.823	1.831	1.846	1.854	1.853	1.858	1.856	1.855	1.861	1.859	1.86	1.859	1.858	1.865	1.86	1.861	1.86	1.862	1.859	1.864	1.862	1.859	1.865	1.862	1.863	1.862	1.862	1.863	1.854
229.565	43560.60	1.8	1.836	1.847	1.861	1.872	1.873	1.878	1.88	1.886	1.881	1.878	1.887	1.886	1.885	1.889	1.882	1.889	1.882	1.885	1.885	1.89	1.89	1.889	1.888	1.887	1.884	1.89	1.89	1.887	1.886	1.887
230.142	43451.45	1.86	1.899	1.918	1.93	1.945	1.945	1.944	1.946	1.945	1.953	1.95	1.963	1.953	1.952	1.955	1.952	1.953	1.955	1.954	1.95	1.952	1.956	1.953	1.959	1.957	1.954	1.957	1.953	1.953	1.953	1.959
230.719	43342.83	1.905	1.939	1.957	1.978	1.982	1.989	1.991	1.996	1.994	2.001	1.999	2.003	2.003	2.003	2.005	2.003	1.997	2.006	2.002	2.003	2.002	2.006	2.007	2.003	2	2.002	2.006	2.003	2	2.002	2.003
231.295	43234.76	1.914	1.952	1.974	1.987	1.995	1.995	1.999	2.001	2	2.01	2.009	2.012	2.002	2.009	2.008	2.008	2.01	2.01	2.011	2.012	2.01	2.016	2.016	2.009	2.009	2.01	2.012	2.018	2.008	2.01	2.011
231.872	43127.23	1.937	1.976	2.001	2.01	2.019	2.023	2.025	2.031	2.031	2.034	2.034	2.036	2.035	2.031	2.041	2.034	2.039	2.041	2.039	2.034	2.04	2.04	2.041	2.037	2.036	2.036	2.037	2.034	2.033	2.038	2.035
232.449	43020.23	1.985	2.029	2.045	2.061	2.065	2.074	2.072	2.083	2.079	2.083	2.084	2.087	2.087	2.085	2.083	2.089	2.089	2.092	2.092	2.089	2.091	2.084	2.092	2.087	2.087	2.086	2.087	2.088	2.087	2.089	2.092
233.025	42913.76	1.971	2.005	2.027	2.039	2.048	2.055	2.055	2.056	2.06	2.062	2.063	2.065	2.062	2.066	2.06	2.065	2.066	2.064	2.064	2.064	2.065	2.063	2.068	2.061	2.062	2.064	2.065	2.065	2.063	2.064	2.069
233.602	42807.82	2.01	2.052	2.074	2.083	2.092	2.095	2.097	2.101	2.11	2.103	2.108	2.11	2.11	2.11	2.106	2.113	2.11	2.109	2.112	2.109	2.106	2.11	2.106	2.107	2.112	2.107	2.109	2.11	2.108	2.112	2.115
234.179	42702.40	2.055	2.095	2.114	2.125	2.134	2.143	2.137	2.148	2.148	2.15	2.152	2.15	2.149	2.149	2.155	2.151	2.149	2.154	2.153	2.15	2.154	2.158	2.152	2.154	2.154	2.15	2.155	2.158	2.151	2.156	2.156
234.756	42597.49	2.085	2.126	2.137	2.152	2.168	2.173	2.171	2.177	2.179	2.18	2.181	2.182	2.176	2.179	2.184	2.181	2.184	2.181	2.182	2.177	2.187	2.185	2.186	2.187	2.184	2.178	2.188	2.188	2.181	2.19	2.19
235.332	42493.10	2.161	2.207	2.226	2.243	2.262	2.265	2.268	2.269	2.276	2.278	2.277	2.278	2.275	2.272	2.279	2.279	2.284	2.274	2.278	2.281	2.285	2.281	2.286	2.284	2.281	2.272	2.285	2.283	2.278	2.288	2.287
235.909	42389.22	2.194	2.242	2.267	2.28	2.297	2.306	2.303	2.305	2.313	2.319	2.317	2.315	2.314	2.318	2.319	2.318	2.322	2.315	2.321	2.324	2.322	2.321	2.325	2.325	2.323	2.312	2.321	2.323	2.323	2.326	2.324
236.486	42285.85	2.188	2.23	2.257	2.267	2.287	2.29	2.293	2.291	2.294	2.302	2.303	2.298	2.301	2.311	2.305	2.304	2.306	2.305	2.307	2.298	2.304	2.303	2.308	2.311	2.305	2.298	2.305	2.309	2.303	2.309	2.306
237.062	42182.98	2.188	2.227	2.251	2.264	2.283	2.28	2.289	2.287	2.289	2.291	2.293	2.285	2.295	2.304	2.296	2.298	2.3	2.297	2.297	2.288	2.3	2.3	2.299	2.3	2.295	2.29	2.298	2.3	2.289	2.303	2.298
237.639	42080.61	2.204	2.24	2.262	2.279	2.293	2.298	2.297	2.301	2.308	2.301	2.307	2.305	2.312	2.316	2.308	2.308	2.314	2.31	2.313	2.307	2.313	2.317	2.31	2.309	2.316	2.301	2.312	2.313	2.303	2.316	2.31
238.216	41978.73	2.213	2.246	2.268	2.283	2.302	2.309	2.305	2.305	2.314	2.309	2.319	2.323	2.321	2.322	2.317	2.313	2.321	2.323	2.326	2.312	2.318	2.32	2.321	2.315	2.328	2.307	2.322	2.32	2.314	2.322	2.319
238.793	41877.35	2.197	2.232	2.251	2.267	2.282	2.283	2.288	2.285	2.292	2.292	2.294	2.299	2.292	2.3	2.297	2.293	2.298	2.305	2.302	2.292	2.301	2.301	2.308	2.297	2.298	2.288	2.304	2.296	2.298	2.301	2.304
239.369	41776.46	2.197	2.229	2.255	2.269	2.28	2.28	2.285	2.287	2.292	2.294	2.289	2.294	2.292	2.296	2.298	2.295	2.301	2.3	2.295	2.293	2.299	2.303	2.306	2.301	2.298	2.289	2.305	2.299	2.3	2.296	2.301
239.946	41676.05	2.204	2.243	2.272	2.277	2.297	2.294	2.288	2.293	2.299	2.303	2.297	2.302	2.307	2.305	2.312	2.307	2.315	2.307	2.303	2.294	2.312	2.31	2.319	2.315	2.312	2.3	2.314	2.314	2.311	2.31	2.31
240.523	41576.12	2.234	2.28	2.304	2.319	2.322	2.325	2.329	2.323	2.33	2.338	2.335	2.347	2.348	2.342	2.337	2.343	2.348	2.348	2.333	2.328	2.343	2.336	2.352	2.353	2.347	2.336	2.347	2.355	2.348	2.341	2.345
241.099	41476.67	2.216	2.256	2.277	2.291	2.304	2.304	2.308	2.304	2.318	2.305	2.317	2.326	2.321	2.317	2.324	2.314	2.325	2.326	2.318	2.32	2.321	2.319	2.324	2.33	2.316	2.314	2.327	2.329	2.328	2.321	2.327
241.676	41377.69	2.273	2.32	2.337	2.354	2.375	2.363	2.37	2.37	2.38	2.374	2.396	2.385	2.383	2.389	2.39	2.385	2.398	2.391	2.382	2.396	2.387	2.395	2.399	2.4	2.39	2.384	2.4	2.402	2.393	2.389	2.391
242.253	41279.19	2.25	2.289	2.308	2.328	2.334	2.337	2.341	2.342	2.35	2.347	2.348	2.363	2.347	2.357	2.357	2.351	2.355	2.356	2.348	2.352	2.353	2.356	2.361	2.353	2.354	2.351	2.353	2.353	2.351	2.361	2.357
242.830	41181.15	2.228	2.261	2.286	2.295	2.305	2.306	2.315	2.306	2.311	2.317	2.318	2.331	2.321	2.331	2.316	2.318	2.33	2.329	2.334	2.32	2.322	2.334	2.325	2.331	2.329	2.325	2.32	2.335	2.32	2.323	2.329
243.406	41083.58	2.189	2.229	2.241	2.252	2.26	2.262	2.272	2.264	2.273	2.271	2.276	2.28	2.279	2.288	2.278	2.275	2.282	2.282	2.288	2.278	2.276	2.284	2.278	2.282	2.28	2.282	2.292	2.286	2.286	2.293	2.301
243.983	40986.47	2.206	2.227	2.258	2.26	2.275	2.28	2.283	2.279	2.289	2.283	2.29	2.286	2.3	2.291	2.291	2.291	2.294	2.297	2.301	2.293	2.302	2.294	2.296	2.294	2.29	2.303	2.298	2.299	2.295	2.304	2.303
244.560	40889.82	2.092	2.126	2.14	2.149	2.164	2.16	2.157	2.155	2.154	2.156	2.162	2.166	2.16	2.159	2.166	2.166	2.163	2.167	2.171	2.159	2.172	2.166	2.172	2.163	2.171	2.16	2.164	2.174	2.169	2.171	2.165
245.136	40793.62	2.052	2.083	2.079	2.09	2.105	2.101	2.1	2.099	2.107	2.101	2.097	2.114	2.105	2.1	2.11	2.107	2.101	2.11	2.112	2.104	2.109	2.114	2.112	2.103	2.111	2.115	2.11	2.11	2.104	2.113	2.106
245.713	40697.87	2.094	2.107	2.118	2.139	2.132	2.139	2.135	2.137	2.146	2.141	2.144	2.152	2.146	2.144	2.154	2.146	2.146	2.153	2.148	2.144	2.153	2.156	2.154	2.144	2.149	2.142	2.155	2.15	2.146	2.155	2.153
246.290	40602.58	2.118	2.133	2.147	2.159	2.158	2.166	2.16	2.169	2.17	2.17	2.173	2.178	2.163	2.17	2.177	2.178	2.177	2.181	2.174	2.172	2.182	2.171	2.182	2.182	2.176	2.172	2.181	2.179	2.183	2.185	2.182
246.866	40507.72	2.016	2.025	2.036	2.04	2.042	2.041	2.04	2.046	2.046	2.05	2.048	2.053	2.047	2.049	2.053	2.054	2.053	2.053	2.056	2.053	2.054	2.051	2.058	2.06	2.053	2.055	2.054	2.063	2.058	2.066	2.063
247.443	40413.31	1.988	1.996	1.998	2.006	2.008	2.015	2.013	2.012	2.014	2.017	2.017	2.023	2.015	2.017	2.021	2.018	2.021	2.024	2.017	2.018	2.021	2.016	2.021	2.02	2.02	2.03	2.027	2.024	2.024	2.028	2.032
248.020	40319.34	1.962	1.983	1.984	1.98	1.983	1.996	1.989	1.988	1.989	1.991	1.99	1.992	1.991	1.995	2.001	1.993	1.995	2.001	2.002	1.997	2.003	1.991	2.002	2.001	1.997	2.004	2.006	2.005	1.998	2.004	1.999
248.597	40225.81	1.924	1.941	1.937	1.94	1.946	1.949	1.945	1.947	1.946	1.947	1.946	1.945	1.954	1.954	1.952	1.952	1.953	1.953	1.959	1.949	1.953	1.952	1.961	1.959	1.955	1.955	1.957	1.959	1.954	1.958	1.958
249.173	40132.71	1.855	1.865	1.863	1.87	1.871	1.871	1.87	1.872	1.873	1.869	1.873	1.873	1.878	1.881	1.873	1.877	1.88	1.878	1.878	1.873	1.875	1.878	1.885	1.882	1.878	1.878	1.882	1.885	1.88	1.879	1.889
249.750	40040.03	1.82	1.826	1.824	1.832	1.83	1.826	1.828	1.829	1.829	1.827	1.828	1.83	1.836	1.838	1.831	1.835	1.836	1.835	1.834	1.835	1.833	1.835	1.842	1.838	1.836	1.835	1.84	1.841	1.84	1.837	1.844
250.327	39947.79	1.783	1.787	1.785	1.789	1.789	1.784	1.785	1.786	1.788	1.787	1.79	1.79	1.792	1.794	1.79	1.793	1.793	1.792	1.791	1.793	1.792	1.794	1.796	1.798	1.794	1.795	1.795	1.795	1.795	1.796	1.798
250.903	39855.97	1.75	1.75	1.749	1.749	1.749	1.748	1.748	1.749	1.751	1.752	1.752	1.751	1.752	1.754	1.754	1.754	1.756	1.756	1.754	1.754	1.755	1.756	1.757	1.76	1.755	1.758	1.758	1.759	1.757	1.76	1.76
251.480	39764.57	1.704	1.702	1.7	1.703	1.7	1.701	1.701	1.7	1.702	1.705	1.701	1.701	1.705	1.705	1.705	1.704	1.709	1.708	1.706	1.705	1.705	1.709	1.709	1.71	1.708	1.709	1.71	1.711	1.713	1.713	1.714
252.057	39673.58	1.651	1.652	1.649	1.65	1.648	1.648	1.649	1.648	1.651	1.649	1.649	1.651	1.653	1.653	1.652	1.651	1.656	1.654	1.653	1.655	1.654	1.656	1.657	1.658	1.656	1.656	1.659	1.658	1.663	1.661	1.662
252.634	39583.02	1.63	1.628	1.626	1.625	1.623	1.623	1.623	1.624	1.626	1.625	1.625	1.627	1.629	1.629	1.629	1.628	1.63	1.629	1.629	1.632	1.632	1.632	1.632	1.635	1.634	1.632	1.637	1.634	1.636	1.637	1.635
253.210	39492.86	1.6	1.593	1.593	1.591	1.591	1.591	1.59	1.59	1.593	1.594	1.593	1.593	1.595	1.597	1.596	1.596	1.598	1.597	1.596	1.596	1.6	1.6	1.6	1.602	1.604	1.601	1.604	1.603	1.601	1.604	1.602
253.787	39403.12	1.544	1.54	1.541	1.537	1.538	1.537	1.538	1.539	1.539	1.539	1.541	1.542	1.54	1.542	1.542	1.543	1.544	1.544	1.544	1.544	1.546	1.547	1.547	1.548	1.547	1.547	1.551	1.551	1.547	1.55	1.55
254.364	39313.78	1.499	1.496	1.498	1.494	1.495	1.495	1.495	1.495	1.496	1.496	1.497	1.498	1.498	1.497	1.499	1.5	1.497	1.499	1.499	1.502	1.503	1.504	1.503	1.505	1.506	1.503	1.507	1.506	1.505	1.507	1.509
254.940	39224.85	1.476	1.472	1.472	1.472	1.47	1.47	1.472	1.471	1.473	1.473	1.473	1.474	1.476	1.475	1.475	1.476	1.475	1.476	1.477	1.478	1.478	1.48	1.481	1.48	1.481	1.48	1.482	1.484	1.483	1.483	1.484
255.517	39136.32	1.435	1.433	1.433	1.432	1.431	1.43	1.432	1.432	1.431	1.432	1.432	1.433	1.435	1.436	1.437	1.435	1.437	1.438	1.439	1.439	1.439	1.44	1.44	1.441	1.442	1.442	1.442	1.444	1.443	1.443	1.443
256.094	39048.19	1.397	1.398	1.395	1.396	1.395	1.397	1.394	1.396	1.397	1.396	1.397	1.398	1.4	1.4	1.401	1.4	1.403	1.401	1.402	1.402	1.403	1.405	1.406	1.404	1.406	1.405	1.407	1.409	1.408	1.408	1.409
256.671	38960.45	1.358	1.361	1.358	1.359	1.358	1.359	1.361	1.361	1.361	1.361	1.362	1.363	1.364	1.364	1.365	1.366	1.365	1.366	1.366	1.366	1.368	1.369	1.367	1.368	1.37	1.371	1.371	1.371	1.372	1.371	1.374
257.247	38873.11	1.325	1.328	1.327	1.328	1.327	1.329	1.329	1.331	1.329	1.33	1.331	1.334	1.331	1.333	1.334	1.336	1.335	1.335	1.336	1.337	1.336	1.337	1.338	1.336	1.34	1.339	1.342	1.342	1.34	1.34	1.343
257.824	38786.15	1.293	1.296	1.298	1.299	1.3	1.3	1.302	1.301	1.302	1.304	1.303	1.305	1.305	1.307	1.307	1.307	1.306	1.308	1.308	1.311	1.309	1.31	1.31	1.311	1.311	1.311	1.314	1.313	1.313	1.313	1.314
258.401	38699.59	1.26	1.263	1.265	1.266	1.268	1.268	1.268	1.269	1.27	1.271	1.271	1.272	1.273	1.273	1.273	1.273	1.275	1.276	1.276	1.275	1.278	1.278	1.28	1.279	1.28	1.279	1.281	1.281	1.281	1.284	1.283
258.977	38613.41	1.226	1.23	1.232	1.233	1.236	1.237	1.236	1.238	1.239	1.239	1.239	1.24	1.241	1.243	1.242	1.244	1.244	1.244	1.245	1.244	1.245	1.246	1.248	1.248	1.247	1.249	1.248	1.25	1.25	1.252	1.251
259.554	38527.61	1.195	1.201	1.202	1.205	1.205	1.207	1.206	1.207	1.208	1.21	1.21	1.211	1.211	1.212	1.214	1.214	1.213	1.215	1.215	1.216	1.216	1.217	1.218	1.219	1.22	1.22	1.22	1.221	1.221	1.223	1.221
260.131	38442.20	1.169	1.176	1.178	1.18	1.182	1.184	1.183	1.187	1.186	1.188	1.187	1.188	1.189	1.19	1.191	1.19	1.191	1.192	1.193	1.193	1.194	1.195	1.195	1.195	1.197	1.198	1.197	1.198	1.198	1.199	1.2
260.708	38357.16	1.137	1.144	1.147	1.15	1.149	1.151	1.153	1.154	1.155	1.157	1.155	1.156	1.158	1.158	1.16	1.16	1.161	1.161	1.161	1.162	1.163	1.163	1.164	1.165	1.165	1.166	1.167	1.167	1.168	1.169	1.169
261.284	38272.50	1.113	1.12	1.124	1.127	1.128	1.129	1.13	1.131	1.132	1.133	1.133	1.134	1.134	1.135	1.137	1.137	1.139	1.138	1.139	1.14	1.141	1.141	1.141	1.142	1.143	1.142	1.144	1.145	1.145	1.146	1.148
261.861	38188.21	1.09	1.097	1.1	1.103	1.106	1.107	1.108	1.108	1.11	1.11	1.111	1.112	1.112	1.114	1.114	1.114	1.116	1.116	1.117	1.117	1.118	1.118	1.118	1.119	1.121	1.121	1.121	1.122	1.123	1.123	1.124
262.438	38104.29	1.068	1.074	1.079	1.082	1.085	1.086	1.086	1.087	1.089	1.089	1.09	1.091	1.091	1.094	1.093	1.093	1.095	1.095	1.095	1.096	1.096	1.097	1.097	1.098	1.099	1.1	1.099	1.1	1.1	1.102	1.101
263.014	38020.74	1.044	1.051	1.056	1.059	1.06	1.063	1.064	1.064	1.065	1.065	1.067	1.068	1.068	1.069	1.07	1.07	1.071	1.071	1.071	1.072	1.073	1.073	1.074	1.074	1.075	1.075	1.075	1.077	1.076	1.076	1.077
263.591	37937.55	1.025	1.033	1.037	1.04	1.042	1.044	1.045	1.045	1.046	1.046	1.048	1.049	1.05	1.051	1.05	1.052	1.052	1.052	1.052	1.053	1.054	1.054	1.055	1.055	1.055	1.055	1.057	1.057	1.057	1.058	1.058
264.168	37854.73	1.007	1.015	1.02	1.022	1.025	1.026	1.028	1.028	1.029	1.03	1.031	1.032	1.032	1.034	1.034	1.034	1.034	1.035	1.034	1.035	1.036	1.037	1.037	1.037	1.038	1.038	1.039	1.039	1.04	1.041	1.04
264.744	37772.27	0.9888	0.9981	1.002	1.006	1.008	1.009	1.01	1.012	1.012	1.013	1.014	1.014	1.015	1.016	1.016	1.017	1.017	1.017	1.017	1.018	1.019	1.019	1.019	1.02	1.021	1.02	1.02	1.022	1.021	1.023	1.022
265.321	37690.17	0.9729	0.9825	0.987	0.9907	0.9926	0.9945	0.995	0.9962	0.9971	0.9978	0.9989	0.9986	0.9997	0.9997	1.001	1.002	1.002	1.002	1.001	1.002	1.003	1.003	1.004	1.004	1.005	1.005	1.005	1.006	1.005	1.006	1.006
265.898	37608.42	0.9598	0.969	0.9743	0.9773	0.9801	0.9814	0.9826	0.9835	0.9842	0.9848	0.9864	0.9861	0.9876	0.9872	0.9883	0.9877	0.9891	0.9893	0.9887	0.9893	0.9899	0.9902	0.9916	0.9907	0.9923	0.9924	0.9918	0.9921	0.9925	0.9932	0.9938
266.475	37527.03	0.9471	0.9569	0.9621	0.9655	0.9688	0.9703	0.9717	0.9721	0.9729	0.9742	0.975	0.975	0.9765	0.9765	0.9771	0.9774	0.9777	0.9781	0.9783	0.9785	0.9794	0.9796	0.9809	0.9796	0.9812	0.9822	0.9814	0.9817	0.9815	0.9828	0.9835
267.051	37445.99	0.937	0.947	0.9523	0.9562	0.9589	0.9613	0.9621	0.9626	0.9642	0.9655	0.9657	0.9662	0.9667	0.9676	0.9681	0.9691	0.9688	0.9696	0.9698	0.9701	0.9711	0.9718	0.9726	0.9719	0.9729	0.9739	0.9737	0.9746	0.974	0.9756	0.9755
267.628	37365.29	0.9298	0.9395	0.9452	0.9487	0.9516	0.9539	0.9546	0.9557	0.9572	0.9581	0.9586	0.9597	0.9595	0.9611	0.9617	0.9616	0.9629	0.9632	0.9634	0.9634	0.965	0.9659	0.966	0.966	0.967	0.9674	0.9678	0.9684	0.969	0.9701	0.9694
268.205	37284.95	0.9224	0.9319	0.9377	0.941	0.9444	0.9462	0.9465	0.9482	0.9488	0.9508	0.9506	0.9518	0.9526	0.9536	0.954	0.9545	0.9557	0.9555	0.9554	0.9561	0.9569	0.9588	0.9587	0.9587	0.9595	0.9599	0.9605	0.9608	0.9619	0.9624	0.9622
268.781	37204.95	0.9158	0.9247	0.9302	0.9336	0.9363	0.938	0.9387	0.9402	0.9411	0.9428	0.9426	0.943	0.9444	0.9447	0.9446	0.9462	0.9465	0.947	0.9465	0.9477	0.9478	0.9494	0.95	0.9495	0.9504	0.9509	0.9513	0.9523	0.9524	0.9527	0.9537
269.358	37125.29	0.9108	0.9199	0.9248	0.9276	0.931	0.9325	0.9333	0.9336	0.9347	0.9357	0.9362	0.9366	0.9367	0.9373	0.9366	0.9384	0.939	0.9393	0.9394	0.9403	0.9403	0.9411	0.9414	0.941	0.9419	0.9427	0.9433	0.9441	0.9435	0.9438	0.9444
269.935	37045.97	0.9071	0.9152	0.9204	0.9228	0.9247	0.9262	0.9275	0.9273	0.9281	0.9291	0.9291	0.9301	0.9299	0.9302	0.9311	0.9312	0.9323	0.932	0.9327	0.9328	0.9329	0.9333	0.9342	0.9335	0.9346	0.9348	0.9352	0.9355	0.9351	0.9355	0.9359
270.512	36967.00	0.9066	0.9133	0.9176	0.9202	0.9225	0.9234	0.9245	0.9254	0.9257	0.9264	0.9267	0.9273	0.9277	0.9277	0.9285	0.9281	0.929	0.9286	0.9289	0.9295	0.9295	0.9294	0.9301	0.9295	0.9303	0.9306	0.9311	0.9308	0.9306	0.9308	0.9315
271.088	36888.35	0.9046	0.9111	0.9139	0.9165	0.9196	0.9204	0.9211	0.9201	0.9222	0.9221	0.9232	0.9232	0.9247	0.9234	0.9246	0.9244	0.9237	0.9243	0.9242	0.9252	0.9255	0.925	0.926	0.9257	0.9262	0.9262	0.9274	0.9261	0.9261	0.9265	0.9265
271.665	36810.04	0.9054	0.9115	0.9139	0.9168	0.9185	0.9198	0.9204	0.9209	0.9216	0.9212	0.9231	0.9216	0.9236	0.9226	0.9229	0.923	0.9231	0.923	0.9229	0.9238	0.9245	0.9244	0.9247	0.9242	0.9248	0.9244	0.9249	0.9249	0.9248	0.9251	0.9259
272.242	36732.07	0.9062	0.9115	0.9142	0.9167	0.9182	0.9192	0.9191	0.9204	0.9201	0.9202	0.9212	0.9222	0.9213	0.9216	0.9216	0.9216	0.9224	0.9223	0.922	0.923	0.9234	0.9233	0.9237	0.9229	0.9239	0.9236	0.9232	0.924	0.9242	0.9245	0.9244
272.818	36654.42	0.9049	0.9099	0.9112	0.9142	0.9162	0.9164	0.9169	0.9171	0.9172	0.9185	0.9184	0.9185	0.9184	0.9186	0.9186	0.919	0.9194	0.9189	0.9187	0.9206	0.92	0.9204	0.9216	0.9208	0.9206	0.9221	0.9206	0.9207	0.9201	0.9205	0.921
273.395	36577.10	0.9098	0.9147	0.9163	0.9181	0.9196	0.9196	0.9206	0.9213	0.9212	0.9216	0.9219	0.9218	0.9227	0.9222	0.9226	0.9235	0.9225	0.9231	0.924	0.923	0.9236	0.9244	0.9252	0.9243	0.9246	0.9246	0.9245	0.9246	0.9238	0.9237	0.9242
273.972	36500.10	0.9164	0.9208	0.9219	0.9236	0.924	0.9248	0.9256	0.9265	0.9255	0.9271	0.9273	0.9258	0.9276	0.9281	0.928	0.9277	0.9277	0.9285	0.9283	0.9281	0.9293	0.928	0.9278	0.9293	0.9291	0.9284	0.9298	0.9297	0.93	0.9291	0.929
274.549	36423.43	0.9221	0.9253	0.9275	0.9285	0.9297	0.9294	0.9303	0.9309	0.9305	0.9313	0.9315	0.9312	0.9316	0.9317	0.9321	0.9328	0.9328	0.9319	0.933	0.9319	0.9334	0.9332	0.9339	0.9333	0.9336	0.9335	0.9331	0.9347	0.9337	0.9334	0.9346
275.125	36347.08	0.9251	0.9283	0.9298	0.9313	0.9316	0.9322	0.9324	0.9321	0.9321	0.9332	0.9326	0.9343	0.9332	0.9338	0.9338	0.9348	0.9344	0.9338	0.9346	0.9333	0.934	0.9342	0.9355	0.9342	0.9357	0.9351	0.935	0.9357	0.9352	0.9355	0.9357
275.702	36271.05	0.934	0.936	0.9381	0.9391	0.939	0.9402	0.9394	0.9389	0.9396	0.9407	0.9409	0.9402	0.9413	0.9423	0.9417	0.9419	0.9417	0.9414	0.9417	0.9413	0.9417	0.9416	0.9427	0.9426	0.9421	0.9422	0.942	0.9425	0.9426	0.9429	0.9431
276.279	36195.34	0.9426	0.9439	0.9455	0.9452	0.9453	0.9463	0.9456	0.9466	0.9463	0.9467	0.947	0.9471	0.9474	0.9478	0.9478	0.948	0.9474	0.9478	0.9478	0.948	0.9481	0.9485	0.9487	0.9487	0.9485	0.9484	0.9481	0.9484	0.9487	0.9491	0.9494
276.855	36119.94	0.9533	0.9536	0.9539	0.9538	0.9529	0.9544	0.9537	0.9541	0.953	0.9545	0.9545	0.9546	0.9542	0.9549	0.9554	0.9551	0.9559	0.9552	0.9546	0.9559	0.9555	0.9564	0.9566	0.9558	0.956	0.9563	0.9563	0.956	0.9553	0.9568	0.9563
277.432	36044.86	0.9658	0.9636	0.9631	0.9624	0.9622	0.9618	0.962	0.9618	0.9607	0.9617	0.9619	0.9625	0.9629	0.9629	0.9629	0.9627	0.963	0.9628	0.9627	0.9635	0.9639	0.9634	0.964	0.9636	0.9638	0.9636	0.964	0.9651	0.9637	0.9636	0.9637
278.009	35970.09	0.9759	0.9734	0.9718	0.9708	0.9694	0.9695	0.9688	0.9694	0.9688	0.9689	0.9692	0.9696	0.9697	0.9692	0.9698	0.9697	0.9702	0.9698	0.9695	0.97	0.9704	0.9707	0.9711	0.9703	0.9705	0.9709	0.971	0.9713	0.971	0.971	0.9704
278.586	35895.62	0.9862	0.9828	0.9788	0.9784	0.9764	0.9761	0.9752	0.9756	0.9756	0.9751	0.9757	0.9757	0.9758	0.976	0.9766	0.9757	0.9767	0.9761	0.9759	0.9758	0.977	0.9769	0.977	0.9764	0.9765	0.9771	0.9768	0.9776	0.977	0.9771	0.9772
279.162	35821.47	1.002	0.9959	0.9911	0.9894	0.9879	0.9866	0.9866	0.9861	0.9865	0.9864	0.9862	0.986	0.9866	0.9875	0.9874	0.987	0.9872	0.9869	0.9869	0.9862	0.9876	0.9878	0.9878	0.9878	0.9879	0.9884	0.9884	0.9881	0.9879	0.9879	0.9879
279.739	35747.62	1.018	1.01	1.005	1.002	1	0.9985	0.9982	0.9977	0.9983	0.9975	0.9977	0.9978	0.9982	0.9987	0.9978	0.9986	0.9981	0.998	0.9979	0.9978	0.9989	0.999	0.9992	0.9993	0.9996	0.9996	0.9993	0.9991	0.999	0.9997	0.9991
280.316	35674.07	1.034	1.025	1.019	1.015	1.012	1.011	1.01	1.01	1.01	1.009	1.01	1.01	1.01	1.01	1.01	1.01	1.01	1.01	1.01	1.01	1.01	1.011	1.01	1.011	1.011	1.011	1.011	1.011	1.011	1.011	1.011
280.892	35600.83	1.052	1.042	1.034	1.029	1.026	1.024	1.023	1.023	1.023	1.023	1.023	1.022	1.022	1.023	1.023	1.023	1.023	1.024	1.023	1.023	1.023	1.024	1.023	1.023	1.024	1.025	1.024	1.025	1.024	1.024	1.024
281.469	35527.89	1.073	1.061	1.052	1.047	1.043	1.042	1.039	1.039	1.04	1.039	1.039	1.038	1.039	1.039	1.038	1.039	1.039	1.039	1.039	1.039	1.039	1.04	1.04	1.04	1.04	1.041	1.04	1.041	1.04	1.04	1.04
282.046	35455.24	1.093	1.079	1.069	1.064	1.06	1.058	1.056	1.055	1.055	1.055	1.054	1.053	1.055	1.055	1.054	1.054	1.054	1.054	1.055	1.055	1.055	1.055	1.055	1.055	1.056	1.055	1.055	1.056	1.056	1.055	1.055
282.622	35382.89	1.114	1.098	1.086	1.08	1.076	1.073	1.072	1.071	1.07	1.07	1.069	1.069	1.069	1.07	1.07	1.069	1.069	1.07	1.069	1.069	1.07	1.07	1.071	1.07	1.07	1.069	1.07	1.07	1.07	1.07	1.07
283.199	35310.84	1.138	1.121	1.107	1.1	1.096	1.092	1.09	1.09	1.088	1.088	1.088	1.088	1.088	1.088	1.089	1.088	1.088	1.089	1.088	1.088	1.089	1.089	1.089	1.089	1.089	1.089	1.089	1.089	1.089	1.09	1.089
283.776	35239.08	1.161	1.141	1.127	1.12	1.114	1.11	1.108	1.107	1.106	1.106	1.105	1.106	1.106	1.107	1.106	1.105	1.106	1.106	1.105	1.107	1.106	1.107	1.106	1.107	1.107	1.107	1.106	1.107	1.107	1.107	1.107
284.353	35167.61	1.183	1.159	1.144	1.136	1.13	1.127	1.125	1.124	1.122	1.122	1.121	1.122	1.122	1.122	1.122	1.122	1.121	1.122	1.121	1.122	1.122	1.122	1.122	1.122	1.122	1.122	1.122	1.122	1.122	1.122	1.122
284.929	35096.43	1.204	1.181	1.164	1.154	1.148	1.145	1.142	1.14	1.139	1.14	1.139	1.139	1.139	1.138	1.139	1.139	1.139	1.14	1.139	1.139	1.14	1.14	1.141	1.14	1.139	1.139	1.14	1.14	1.14	1.14	1.14
285.506	35025.53	1.232	1.206	1.189	1.178	1.171	1.168	1.164	1.163	1.162	1.162	1.161	1.161	1.16	1.161	1.161	1.161	1.161	1.162	1.161	1.162	1.161	1.162	1.162	1.162	1.162	1.161	1.162	1.161	1.162	1.163	1.163
286.083	34954.92	1.255	1.227	1.209	1.198	1.191	1.186	1.182	1.182	1.18	1.179	1.178	1.178	1.179	1.179	1.179	1.178	1.179	1.178	1.178	1.179	1.178	1.18	1.18	1.179	1.179	1.179	1.179	1.179	1.18	1.18	1.179
286.659	34884.60	1.277	1.247	1.226	1.215	1.208	1.202	1.199	1.197	1.196	1.195	1.195	1.195	1.194	1.195	1.195	1.195	1.194	1.195	1.194	1.195	1.194	1.196	1.195	1.194	1.195	1.195	1.195	1.195	1.196	1.195	1.196
287.236	34814.56	1.294	1.262	1.242	1.229	1.22	1.216	1.211	1.21	1.209	1.209	1.208	1.208	1.208	1.208	1.208	1.208	1.207	1.208	1.207	1.208	1.207	1.209	1.208	1.209	1.209	1.209	1.208	1.208	1.208	1.209	1.208
287.813	34744.80	1.32	1.285	1.264	1.251	1.242	1.236	1.233	1.23	1.228	1.23	1.23	1.229	1.229	1.23	1.229	1.228	1.228	1.227	1.228	1.228	1.228	1.229	1.229	1.228	1.229	1.228	1.229	1.229	1.228	1.228	1.229
288.390	34675.32	1.342	1.305	1.281	1.268	1.26	1.253	1.25	1.246	1.245	1.246	1.244	1.245	1.243	1.244	1.244	1.243	1.245	1.245	1.244	1.244	1.245	1.244	1.244	1.243	1.244	1.245	1.244	1.244	1.245	1.244	1.245
288.966	34606.12	1.36	1.322	1.297	1.282	1.274	1.266	1.262	1.259	1.258	1.257	1.258	1.257	1.258	1.258	1.257	1.256	1.258	1.256	1.257	1.26	1.258	1.257	1.257	1.257	1.258	1.258	1.257	1.256	1.257	1.258	1.257
289.543	34537.19	1.382	1.343	1.316	1.297	1.291	1.284	1.28	1.277	1.275	1.275	1.273	1.273	1.274	1.274	1.274	1.274	1.273	1.273	1.273	1.272	1.273	1.273	1.273	1.274	1.275	1.273	1.273	1.273	1.274	1.273	1.273
290.120	34468.53	1.395	1.355	1.329	1.309	1.3	1.295	1.289	1.284	1.285	1.283	1.282	1.282	1.282	1.282	1.28	1.283	1.284	1.281	1.283	1.282	1.282	1.281	1.282	1.282	1.283	1.281	1.282	1.284	1.282	1.283	1.282
290.696	34400.15	1.403	1.362	1.335	1.317	1.306	1.299	1.295	1.291	1.29	1.29	1.288	1.288	1.289	1.289	1.288	1.289	1.289	1.288	1.288	1.287	1.288	1.29	1.288	1.288	1.29	1.288	1.288	1.289	1.287	1.288	1.288
291.273	34332.04	1.418	1.374	1.344	1.328	1.316	1.308	1.304	1.301	1.299	1.299	1.297	1.298	1.298	1.297	1.297	1.297	1.296	1.297	1.296	1.297	1.298	1.297	1.298	1.298	1.298	1.296	1.297	1.296	1.298	1.297	1.298
291.850	34264.20	1.442	1.393	1.363	1.345	1.332	1.324	1.321	1.317	1.316	1.314	1.313	1.313	1.313	1.313	1.313	1.312	1.314	1.313	1.313	1.313	1.313	1.312	1.313	1.313	1.314	1.313	1.313	1.313	1.312	1.312	1.312
292.427	34196.62	1.459	1.407	1.376	1.356	1.344	1.336	1.331	1.327	1.326	1.323	1.324	1.323	1.324	1.322	1.323	1.323	1.322	1.323	1.323	1.322	1.324	1.322	1.323	1.324	1.324	1.323	1.323	1.324	1.323	1.323	1.323
293.003	34129.32	1.467	1.415	1.383	1.362	1.349	1.34	1.336	1.331	1.329	1.329	1.328	1.329	1.328	1.327	1.328	1.328	1.327	1.328	1.328	1.326	1.328	1.327	1.326	1.328	1.328	1.328	1.327	1.328	1.327	1.327	1.327
293.580	34062.27	1.481	1.428	1.393	1.371	1.36	1.349	1.342	1.34	1.337	1.337	1.337	1.336	1.335	1.336	1.335	1.336	1.336	1.335	1.335	1.334	1.335	1.335	1.335	1.334	1.335	1.336	1.336	1.335	1.336	1.336	1.334
294.157	33995.49	1.495	1.44	1.404	1.381	1.368	1.358	1.351	1.348	1.346	1.344	1.345	1.345	1.344	1.344	1.343	1.344	1.345	1.344	1.344	1.343	1.344	1.343	1.343	1.343	1.344	1.344	1.343	1.344	1.343	1.345	1.344
294.733	33928.97	1.501	1.443	1.407	1.384	1.369	1.36	1.355	1.351	1.349	1.347	1.346	1.348	1.346	1.346	1.346	1.345	1.347	1.346	1.346	1.345	1.346	1.345	1.346	1.346	1.345	1.346	1.345	1.346	1.344	1.347	1.346
295.310	33862.71	1.51	1.449	1.413	1.389	1.373	1.364	1.358	1.355	1.353	1.351	1.351	1.351	1.35	1.351	1.35	1.35	1.349	1.35	1.35	1.349	1.35	1.35	1.35	1.351	1.349	1.349	1.349	1.35	1.349	1.35	1.349
295.887	33796.71	1.519	1.458	1.42	1.393	1.379	1.369	1.362	1.358	1.356	1.354	1.355	1.355	1.354	1.353	1.355	1.354	1.354	1.354	1.354	1.353	1.353	1.353	1.354	1.353	1.352	1.353	1.353	1.354	1.352	1.352	1.353
296.463	33730.97	1.523	1.46	1.42	1.394	1.379	1.369	1.362	1.358	1.356	1.355	1.354	1.354	1.353	1.352	1.353	1.354	1.353	1.353	1.353	1.352	1.354	1.353	1.353	1.352	1.352	1.352	1.353	1.353	1.352	1.352	1.352
297.040	33665.48	1.518	1.454	1.414	1.389	1.372	1.362	1.356	1.352	1.349	1.349	1.348	1.347	1.346	1.346	1.345	1.347	1.345	1.346	1.346	1.346	1.347	1.347	1.346	1.346	1.347	1.345	1.346	1.346	1.346	1.346	1.345
297.617	33600.24	1.51	1.447	1.407	1.381	1.364	1.354	1.347	1.344	1.341	1.34	1.339	1.339	1.338	1.337	1.337	1.338	1.337	1.337	1.337	1.338	1.338	1.338	1.338	1.338	1.338	1.337	1.337	1.337	1.337	1.337	1.337
298.194	33535.26	1.508	1.443	1.402	1.376	1.358	1.348	1.341	1.337	1.334	1.334	1.334	1.332	1.332	1.331	1.331	1.331	1.332	1.331	1.331	1.331	1.331	1.332	1.331	1.331	1.331	1.331	1.33	1.331	1.33	1.33	1.33
298.770	33470.53	1.5	1.434	1.391	1.366	1.349	1.337	1.331	1.327	1.323	1.324	1.323	1.321	1.321	1.322	1.321	1.321	1.322	1.321	1.32	1.32	1.321	1.321	1.32	1.32	1.32	1.32	1.319	1.322	1.32	1.32	1.319
299.347	33406.04	1.479	1.414	1.371	1.346	1.33	1.318	1.312	1.307	1.304	1.305	1.303	1.301	1.302	1.302	1.303	1.302	1.302	1.301	1.301	1.302	1.302	1.302	1.301	1.302	1.301	1.301	1.301	1.304	1.3	1.301	1.301
299.924	33341.81	1.456	1.392	1.35	1.325	1.307	1.298	1.292	1.288	1.283	1.284	1.283	1.282	1.281	1.281	1.282	1.282	1.281	1.282	1.281	1.281	1.282	1.282	1.282	1.281	1.28	1.281	1.28	1.282	1.28	1.281	1.282
300.500	33277.82	1.439	1.375	1.332	1.307	1.29	1.28	1.274	1.271	1.267	1.265	1.265	1.265	1.263	1.264	1.264	1.264	1.264	1.263	1.263	1.264	1.263	1.264	1.264	1.264	1.264	1.263	1.263	1.264	1.264	1.263	1.263
301.077	33214.08	1.408	1.345	1.305	1.279	1.264	1.253	1.246	1.242	1.24	1.239	1.238	1.237	1.237	1.237	1.236	1.237	1.237	1.236	1.236	1.237	1.237	1.236	1.237	1.237	1.238	1.236	1.236	1.237	1.236	1.237	1.236
301.654	33150.58	1.377	1.316	1.277	1.25	1.235	1.226	1.219	1.215	1.213	1.211	1.211	1.21	1.209	1.208	1.21	1.209	1.21	1.21	1.209	1.21	1.209	1.21	1.21	1.209	1.209	1.209	1.21	1.209	1.209	1.21	1.209
302.231	33087.32	1.352	1.29	1.251	1.226	1.211	1.201	1.195	1.191	1.19	1.189	1.186	1.186	1.185	1.185	1.187	1.185	1.185	1.186	1.185	1.186	1.186	1.186	1.186	1.185	1.185	1.185	1.185	1.186	1.185	1.184	1.185
302.807	33024.30	1.317	1.259	1.22	1.196	1.181	1.172	1.166	1.161	1.161	1.158	1.157	1.156	1.157	1.156	1.156	1.155	1.155	1.156	1.155	1.156	1.156	1.156	1.156	1.156	1.157	1.155	1.156	1.156	1.156	1.155	1.155
303.384	32961.53	1.283	1.225	1.188	1.165	1.151	1.143	1.136	1.132	1.13	1.128	1.129	1.128	1.128	1.127	1.128	1.126	1.127	1.127	1.127	1.127	1.127	1.127	1.128	1.126	1.127	1.127	1.126	1.128	1.127	1.126	1.126
303.961	32898.99	1.249	1.194	1.158	1.135	1.122	1.113	1.105	1.103	1.1	1.1	1.099	1.097	1.098	1.098	1.097	1.098	1.097	1.098	1.097	1.097	1.098	1.097	1.098	1.097	1.098	1.097	1.097	1.098	1.097	1.098	1.098
304.537	32836.69	1.213	1.16	1.125	1.103	1.09	1.08	1.076	1.073	1.071	1.071	1.067	1.067	1.068	1.068	1.067	1.067	1.068	1.067	1.068	1.067	1.068	1.068	1.068	1.068	1.068	1.067	1.068	1.068	1.067	1.068	1.068
305.114	32774.62	1.176	1.124	1.091	1.071	1.057	1.051	1.044	1.04	1.04	1.038	1.036	1.037	1.038	1.037	1.036	1.036	1.037	1.037	1.037	1.036	1.036	1.037	1.036	1.036	1.037	1.036	1.036	1.036	1.035	1.036	1.037
305.691	32712.79	1.141	1.091	1.059	1.04	1.028	1.019	1.015	1.011	1.01	1.009	1.008	1.007	1.008	1.008	1.007	1.007	1.007	1.007	1.006	1.006	1.006	1.008	1.008	1.007	1.008	1.007	1.007	1.007	1.006	1.007	1.008
306.268	32651.19	1.111	1.064	1.033	1.014	1.003	0.9947	0.9901	0.9859	0.9853	0.9839	0.9831	0.9834	0.9834	0.9823	0.9833	0.9825	0.9831	0.9823	0.982	0.982	0.9825	0.9838	0.983	0.9819	0.9821	0.9825	0.9832	0.9834	0.9829	0.9831	0.9817
306.844	32589.82	1.081	1.035	1.006	0.9883	0.9768	0.9691	0.9647	0.9607	0.9599	0.9597	0.9588	0.9581	0.9579	0.958	0.958	0.9587	0.9584	0.9577	0.9577	0.9585	0.9577	0.9581	0.9588	0.9583	0.9587	0.9577	0.9576	0.958	0.9577	0.9583	0.9572
307.421	32528.69	1.053	1.01	0.9815	0.965	0.9531	0.9462	0.9417	0.9386	0.9375	0.937	0.9355	0.936	0.9352	0.936	0.9352	0.9356	0.9354	0.935	0.9351	0.9359	0.9352	0.9348	0.9355	0.9344	0.9353	0.9355	0.9354	0.9355	0.9351	0.9348	0.9348
307.998	32467.78	1.023	0.9811	0.9539	0.9377	0.9261	0.9202	0.9162	0.9132	0.9114	0.9111	0.9099	0.9101	0.9107	0.9105	0.9099	0.9103	0.9097	0.9092	0.9097	0.9098	0.9088	0.9103	0.9103	0.9096	0.9101	0.9101	0.9098	0.9101	0.9101	0.91	0.9093
308.574	32407.10	0.9956	0.957	0.9309	0.9154	0.9044	0.8988	0.8946	0.8923	0.8904	0.8895	0.8892	0.8893	0.8886	0.8894	0.8887	0.8886	0.8884	0.8883	0.8885	0.8886	0.8888	0.889	0.8891	0.8888	0.8886	0.8888	0.889	0.8886	0.8888	0.8888	0.8881
309.151	32346.64	0.974	0.936	0.9116	0.8964	0.8872	0.8808	0.8769	0.8751	0.8733	0.8719	0.8715	0.8715	0.8708	0.8717	0.8715	0.8708	0.8711	0.8709	0.8711	0.8707	0.8708	0.8715	0.8709	0.8717	0.8716	0.872	0.8713	0.8709	0.8711	0.8716	0.8708
309.728	32286.41	0.9532	0.9162	0.8928	0.8776	0.8686	0.8627	0.8589	0.8565	0.8558	0.8538	0.8536	0.8538	0.8534	0.8537	0.8536	0.8534	0.8528	0.853	0.853	0.8537	0.8534	0.8533	0.854	0.8541	0.8538	0.8534	0.8537	0.8542	0.8535	0.8544	0.8537
310.305	32226.41	0.9331	0.8975	0.8749	0.8608	0.8514	0.8455	0.8423	0.8392	0.8384	0.8377	0.8374	0.8375	0.8367	0.8371	0.8368	0.8368	0.8367	0.8368	0.8365	0.8371	0.8371	0.8366	0.8376	0.8369	0.8369	0.8372	0.8366	0.838	0.8373	0.8378	0.8372
310.881	32166.63	0.9139	0.8796	0.8583	0.8444	0.835	0.8298	0.8264	0.8238	0.8231	0.8224	0.8214	0.8218	0.8215	0.8219	0.821	0.821	0.8209	0.8209	0.8216	0.8206	0.8218	0.821	0.8212	0.8216	0.8212	0.8216	0.8209	0.8218	0.8212	0.8216	0.8217
311.458	32107.07	0.8936	0.8613	0.84	0.8273	0.8182	0.8131	0.8098	0.8076	0.8066	0.8057	0.8048	0.805	0.805	0.8057	0.805	0.8048	0.8049	0.8045	0.8047	0.8047	0.8057	0.8051	0.8049	0.8055	0.8052	0.8057	0.8054	0.8055	0.8048	0.8056	0.805
312.035	32047.72	0.8764	0.8449	0.8239	0.8111	0.8035	0.7981	0.7947	0.7927	0.792	0.791	0.7905	0.7901	0.7898	0.7904	0.7901	0.7901	0.7903	0.7901	0.7896	0.7903	0.7905	0.7911	0.7906	0.7903	0.791	0.7909	0.7911	0.7908	0.79	0.7904	0.7902
312.611	31988.60	0.8605	0.8294	0.8095	0.7972	0.7901	0.7847	0.7811	0.7794	0.7786	0.7778	0.7772	0.777	0.7768	0.7777	0.777	0.777	0.7768	0.7768	0.7765	0.7772	0.7774	0.778	0.7772	0.7765	0.7775	0.7774	0.7777	0.7779	0.7771	0.7771	0.7768
313.188	31929.70	0.8455	0.8153	0.7961	0.7844	0.7774	0.772	0.7688	0.767	0.7659	0.7652	0.7649	0.7648	0.7653	0.765	0.7649	0.7649	0.7644	0.7646	0.7646	0.7652	0.7654	0.7653	0.7647	0.7645	0.7651	0.7649	0.7649	0.766	0.7649	0.7652	0.765
313.765	31871.01	0.8329	0.8041	0.7851	0.7736	0.7666	0.7613	0.7587	0.7566	0.7555	0.7552	0.7549	0.7545	0.755	0.7546	0.7549	0.7546	0.7543	0.7544	0.7546	0.7547	0.7551	0.755	0.755	0.755	0.7554	0.7546	0.7546	0.7554	0.7547	0.7548	0.7551
314.341	31812.54	0.822	0.7943	0.7759	0.7644	0.7571	0.7523	0.75	0.7478	0.7471	0.7468	0.746	0.7458	0.7457	0.7462	0.7461	0.7457	0.7459	0.7456	0.7457	0.7459	0.7463	0.7463	0.7468	0.7462	0.7469	0.7461	0.7462	0.7464	0.7458	0.7462	0.7462
314.918	31754.28	0.8129	0.7852	0.7675	0.7561	0.7489	0.7445	0.7419	0.7398	0.7393	0.7386	0.7378	0.7378	0.7377	0.7377	0.7376	0.7379	0.7383	0.7378	0.7376	0.7384	0.7383	0.7382	0.7387	0.7379	0.7383	0.738	0.7381	0.7384	0.7379	0.7384	0.7383
315.495	31696.23	0.8043	0.7769	0.7599	0.7484	0.7415	0.7372	0.735	0.7322	0.7316	0.7315	0.7305	0.7305	0.7306	0.7302	0.7305	0.7306	0.7309	0.7305	0.7304	0.7311	0.7309	0.7308	0.731	0.7308	0.7307	0.7306	0.731	0.7308	0.7312	0.7309	0.7308
316.072	31638.40	0.7956	0.7689	0.752	0.7408	0.7343	0.7294	0.7278	0.7248	0.7245	0.7245	0.7233	0.7236	0.7236	0.7231	0.724	0.7232	0.7233	0.7231	0.7232	0.7233	0.7235	0.7234	0.7239	0.7237	0.7241	0.7238	0.724	0.7238	0.7237	0.7237	0.7233
316.648	31580.78	0.7879	0.7612	0.744	0.7337	0.7274	0.7227	0.7203	0.7183	0.7176	0.7175	0.7164	0.7165	0.7165	0.7166	0.717	0.7161	0.7163	0.7159	0.7164	0.7166	0.717	0.717	0.7172	0.7167	0.7173	0.7168	0.7165	0.7173	0.7166	0.7171	0.7165
317.225	31523.37	0.7805	0.7536	0.7373	0.7264	0.72	0.7158	0.713	0.7118	0.7109	0.7109	0.7098	0.7096	0.7098	0.7096	0.7096	0.7093	0.7097	0.7089	0.7096	0.7093	0.7101	0.7105	0.7102	0.7099	0.7101	0.7099	0.7095	0.7099	0.7098	0.7105	0.71
317.802	31466.16	0.7741	0.7484	0.7321	0.7207	0.715	0.7104	0.7079	0.7062	0.7053	0.705	0.7048	0.7041	0.7044	0.7047	0.7044	0.7042	0.7042	0.7042	0.7043	0.7042	0.7046	0.7046	0.7051	0.7044	0.7049	0.7048	0.7047	0.7042	0.7041	0.7052	0.7049
318.378	31409.16	0.7692	0.7435	0.7272	0.7164	0.7101	0.7055	0.7035	0.7013	0.7003	0.7002	0.6997	0.699	0.6998	0.6998	0.6991	0.6995	0.6996	0.6997	0.6994	0.6993	0.6997	0.6993	0.6997	0.6997	0.7002	0.6996	0.7001	0.7	0.6992	0.7001	0.6996
318.955	31352.37	0.7652	0.7387	0.7224	0.712	0.7058	0.7016	0.6987	0.6969	0.6959	0.6959	0.6946	0.695	0.6951	0.6952	0.6952	0.695	0.6947	0.695	0.695	0.6951	0.6951	0.695	0.6954	0.6954	0.6958	0.6953	0.6949	0.6958	0.695	0.6953	0.6956
319.532	31295.78	0.761	0.7356	0.7189	0.7082	0.7022	0.697	0.6945	0.6931	0.6922	0.6918	0.6904	0.6913	0.6906	0.691	0.691	0.6909	0.6906	0.6919	0.6908	0.6912	0.6909	0.6913	0.6914	0.691	0.6913	0.6919	0.6909	0.6917	0.6917	0.6914	0.6917
320.109	31239.40	0.7569	0.7317	0.7138	0.7043	0.6974	0.693	0.6906	0.6887	0.6875	0.6866	0.6869	0.6865	0.6871	0.6862	0.6875	0.6869	0.6867	0.6867	0.6867	0.6866	0.6875	0.6873	0.6873	0.6869	0.6875	0.687	0.6872	0.6873	0.6876	0.687	0.6877
320.685	31183.22	0.7518	0.7268	0.7096	0.6995	0.6933	0.6886	0.6859	0.6836	0.6832	0.6825	0.6825	0.6816	0.6828	0.682	0.6825	0.6822	0.6822	0.6823	0.6822	0.6821	0.6819	0.6828	0.6825	0.682	0.6829	0.6824	0.682	0.6824	0.6826	0.6827	0.6835
321.262	31127.24	0.7489	0.7232	0.7063	0.6953	0.6887	0.6848	0.6824	0.6802	0.6789	0.6793	0.6785	0.6787	0.6783	0.6792	0.6783	0.6786	0.6787	0.6785	0.6781	0.678	0.6784	0.679	0.6785	0.6792	0.6788	0.679	0.6783	0.6784	0.6785	0.6784	0.6785
321.839	31071.47	0.7469	0.7215	0.7043	0.6936	0.6872	0.6827	0.6792	0.6775	0.6769	0.6771	0.6759	0.6753	0.6751	0.6758	0.6754	0.6753	0.6751	0.6757	0.6756	0.6753	0.6754	0.6762	0.6755	0.6757	0.6755	0.6756	0.6752	0.6765	0.6756	0.6759	0.676
322.415	31015.89	0.7455	0.7181	0.7018	0.6913	0.684	0.6799	0.6759	0.674	0.6734	0.673	0.6724	0.6729	0.6735	0.6731	0.6723	0.6725	0.6727	0.6729	0.6729	0.6729	0.673	0.6732	0.6728	0.6728	0.6729	0.6732	0.673	0.6737	0.6732	0.6734	0.6726
322.992	30960.51	0.7445	0.7173	0.6994	0.6894	0.6828	0.678	0.6747	0.6727	0.6717	0.6725	0.6712	0.6711	0.6713	0.6713	0.6711	0.6705	0.6707	0.6698	0.671	0.6711	0.671	0.6712	0.671	0.6713	0.6714	0.6709	0.6709	0.6711	0.671	0.6712	0.6709
323.569	30905.33	0.744	0.7155	0.6983	0.6873	0.6799	0.6757	0.6728	0.671	0.6697	0.6697	0.6698	0.6694	0.669	0.6694	0.6689	0.6693	0.6689	0.6685	0.6688	0.6694	0.669	0.6691	0.6698	0.6693	0.6694	0.6689	0.6689	0.669	0.6693	0.6696	0.669
324.146	30850.34	0.7421	0.7145	0.6962	0.6852	0.6771	0.6731	0.6705	0.6686	0.6676	0.6673	0.6669	0.6663	0.6663	0.6664	0.6657	0.6661	0.6665	0.6661	0.6658	0.6665	0.6664	0.6664	0.6669	0.6666	0.6667	0.6659	0.6663	0.6665	0.6659	0.6668	0.6664
324.722	30795.55	0.741	0.7121	0.694	0.6826	0.6758	0.6704	0.6682	0.6662	0.6648	0.6645	0.6638	0.664	0.6642	0.6643	0.6642	0.6638	0.6636	0.6635	0.6637	0.6638	0.664	0.6635	0.6637	0.6643	0.6642	0.6638	0.6639	0.6646	0.6638	0.6649	0.6642
325.299	30740.95	0.739	0.7097	0.6908	0.6799	0.6722	0.6676	0.6645	0.6637	0.6615	0.6613	0.66	0.6604	0.661	0.6603	0.6605	0.6599	0.6605	0.6599	0.6603	0.6608	0.6606	0.6606	0.6614	0.6609	0.6611	0.6607	0.6603	0.6609	0.6609	0.6612	0.6604
325.876	30686.55	0.7384	0.7085	0.6893	0.6781	0.6709	0.666	0.6626	0.6608	0.6597	0.6593	0.6584	0.6585	0.6593	0.6583	0.6583	0.6583	0.6587	0.6583	0.6584	0.6579	0.6591	0.6588	0.6586	0.6583	0.6584	0.6586	0.6583	0.6591	0.6586	0.6595	0.6587
326.452	30632.34	0.7362	0.7067	0.6876	0.6767	0.6687	0.6632	0.6602	0.6582	0.6576	0.6572	0.6567	0.6562	0.6565	0.6561	0.6568	0.6561	0.6562	0.6554	0.6562	0.656	0.6566	0.6562	0.6562	0.6564	0.6566	0.6563	0.6563	0.6562	0.6565	0.6563	0.6564
327.029	30578.32	0.7336	0.7041	0.6848	0.6736	0.6656	0.6606	0.6578	0.6554	0.6546	0.6538	0.654	0.6527	0.6536	0.6536	0.6531	0.6532	0.6527	0.6532	0.6533	0.6532	0.6537	0.6533	0.6531	0.6536	0.6535	0.6536	0.6536	0.6535	0.6539	0.6531	0.6535
327.606	30524.49	0.7315	0.7012	0.682	0.6701	0.6624	0.6578	0.6551	0.6526	0.6521	0.6508	0.651	0.6501	0.6505	0.6504	0.6499	0.6506	0.6502	0.65	0.6501	0.6501	0.6503	0.6507	0.6503	0.6504	0.6509	0.6508	0.6503	0.6512	0.651	0.6507	0.65
328.182	30470.85	0.7294	0.6982	0.6797	0.6674	0.6598	0.6548	0.6515	0.6495	0.6487	0.6482	0.6475	0.6472	0.6475	0.647	0.6469	0.6472	0.6473	0.6466	0.6472	0.6476	0.6471	0.6475	0.6476	0.6473	0.6479	0.647	0.6472	0.6478	0.6473	0.6481	0.6469
328.759	30417.40	0.7287	0.6978	0.6786	0.6669	0.6586	0.6535	0.6504	0.6482	0.6468	0.6467	0.646	0.6462	0.6457	0.6458	0.6454	0.6454	0.6459	0.6456	0.6459	0.646	0.646	0.6461	0.6463	0.6464	0.6464	0.6454	0.6459	0.646	0.6455	0.6463	0.6457
329.336	30364.14	0.7267	0.696	0.6766	0.6639	0.6561	0.6512	0.6483	0.6461	0.6447	0.6445	0.644	0.6437	0.6432	0.6438	0.6434	0.643	0.6431	0.644	0.6435	0.6431	0.6436	0.6438	0.6441	0.6439	0.6438	0.6433	0.6436	0.6438	0.6434	0.6437	0.6438
329.913	30311.06	0.7245	0.6939	0.6748	0.6615	0.6538	0.6491	0.6462	0.6442	0.6428	0.6425	0.6421	0.6413	0.6414	0.6416	0.6418	0.6407	0.6407	0.6421	0.6412	0.6411	0.6413	0.6412	0.6419	0.6412	0.6414	0.6413	0.641	0.6415	0.6414	0.6414	0.6414
330.489	30258.16	0.7231	0.6927	0.6729	0.6603	0.6528	0.6476	0.6447	0.6423	0.6414	0.6412	0.6404	0.6401	0.6402	0.6402	0.6404	0.6395	0.6395	0.6399	0.6397	0.64	0.6397	0.6399	0.64	0.6395	0.6402	0.6398	0.6391	0.6401	0.6401	0.6404	0.6398
331.066	30205.45	0.7211	0.6906	0.6708	0.6582	0.6508	0.6459	0.6426	0.6403	0.6393	0.6391	0.6382	0.6383	0.6383	0.6385	0.6384	0.6377	0.6378	0.6383	0.638	0.6382	0.6378	0.6383	0.6382	0.6377	0.6385	0.638	0.6378	0.6385	0.6383	0.6386	0.6381
331.643	30152.93	0.7197	0.6888	0.6694	0.6568	0.6488	0.6444	0.641	0.6396	0.6381	0.6374	0.6369	0.637	0.6369	0.6367	0.637	0.6361	0.6364	0.6371	0.6364	0.6368	0.6362	0.6367	0.6369	0.6364	0.6365	0.6367	0.6366	0.6369	0.6367	0.6366	0.6366
332.219	30100.59	0.7182	0.6872	0.6675	0.6548	0.647	0.6425	0.6393	0.638	0.6369	0.6359	0.6355	0.6354	0.6351	0.6346	0.6352	0.6349	0.6347	0.6348	0.6346	0.6353	0.6346	0.6352	0.6352	0.6346	0.6342	0.6349	0.6345	0.6348	0.6348	0.6347	0.6349
332.796	30048.42	0.7152	0.685	0.6656	0.6529	0.6453	0.6405	0.637	0.6352	0.6345	0.6336	0.6332	0.6331	0.6326	0.6326	0.6328	0.6328	0.6328	0.6327	0.6327	0.6327	0.6328	0.633	0.6332	0.6322	0.6324	0.6328	0.6328	0.6325	0.6327	0.6327	0.6325
333.373	29996.44	0.7137	0.6836	0.6642	0.6522	0.6444	0.6394	0.6356	0.634	0.6332	0.6323	0.6322	0.6315	0.6318	0.6313	0.6317	0.6312	0.6313	0.6311	0.6313	0.6311	0.6317	0.6313	0.6315	0.6306	0.6318	0.6313	0.6318	0.6315	0.631	0.6316	0.631
333.950	29944.64	0.7139	0.6832	0.6634	0.6512	0.6439	0.6388	0.6354	0.6341	0.6332	0.6325	0.6318	0.6313	0.6315	0.6316	0.631	0.6312	0.6307	0.6312	0.6305	0.6311	0.6315	0.6315	0.6314	0.6305	0.6313	0.6311	0.6314	0.6311	0.6309	0.6308	0.6309
334.526	29893.02	0.7147	0.6837	0.6637	0.6521	0.6441	0.6384	0.6359	0.6342	0.6331	0.6328	0.6319	0.6316	0.6322	0.6312	0.6312	0.6315	0.6316	0.6316	0.631	0.6312	0.6313	0.6317	0.6327	0.6311	0.6313	0.6312	0.6313	0.6318	0.6311	0.6314	0.6315
335.103	29841.57	0.7141	0.6838	0.6638	0.6515	0.6437	0.6383	0.636	0.6336	0.6324	0.632	0.6315	0.6317	0.6309	0.6314	0.6311	0.6303	0.6312	0.6314	0.6304	0.6311	0.6306	0.631	0.6316	0.6307	0.6317	0.6306	0.6305	0.6311	0.6305	0.6315	0.6309
335.680	29790.30	0.7134	0.6821	0.6629	0.6503	0.6422	0.6383	0.6347	0.6324	0.6324	0.6317	0.63	0.6302	0.6301	0.6306	0.63	0.6294	0.6305	0.6303	0.63	0.63	0.6298	0.6303	0.6304	0.6303	0.6309	0.6301	0.6299	0.6298	0.6298	0.63	0.6297
336.256	29739.21	0.714	0.6831	0.6631	0.6518	0.6436	0.6384	0.6348	0.6334	0.6329	0.6311	0.6306	0.6309	0.6309	0.631	0.6308	0.6309	0.6302	0.6309	0.6304	0.6304	0.6304	0.6309	0.6312	0.6303	0.6311	0.6302	0.6302	0.6308	0.6304	0.6308	0.6307
336.833	29688.29	0.7123	0.6821	0.662	0.6503	0.6418	0.6374	0.634	0.6324	0.6309	0.6313	0.6301	0.6301	0.6301	0.6295	0.6303	0.6299	0.6287	0.6293	0.6297	0.6298	0.6302	0.6299	0.6299	0.6295	0.6297	0.6299	0.6297	0.6298	0.6298	0.6295	0.6297
337.410	29637.55	0.7165	0.6856	0.6649	0.6535	0.646	0.6409	0.638	0.6358	0.6346	0.6342	0.6333	0.6333	0.6333	0.6338	0.6329	0.633	0.6326	0.6323	0.6326	0.6325	0.6337	0.6329	0.6333	0.6326	0.6326	0.633	0.6332	0.6329	0.6327	0.6331	0.633
337.987	29586.98	0.7164	0.6861	0.6654	0.6541	0.6453	0.6411	0.638	0.6361	0.6347	0.634	0.6336	0.6338	0.6334	0.6332	0.6332	0.6333	0.6322	0.6327	0.6327	0.6334	0.6328	0.6332	0.6334	0.6322	0.6335	0.633	0.6333	0.6327	0.6329	0.6326	0.6331
338.563	29536.58	0.7183	0.6874	0.6681	0.6558	0.6486	0.6426	0.64	0.6369	0.6359	0.6359	0.6351	0.6357	0.6352	0.6342	0.6353	0.6343	0.6347	0.6347	0.6348	0.6348	0.6346	0.6351	0.6342	0.635	0.6352	0.6355	0.6345	0.6353	0.634	0.6347	0.635
339.140	29486.35	0.7187	0.687	0.6692	0.6561	0.6484	0.6436	0.6398	0.638	0.6376	0.637	0.6356	0.6356	0.6362	0.6357	0.6354	0.6354	0.6356	0.6355	0.6354	0.6351	0.6347	0.6361	0.6353	0.6362	0.6362	0.6359	0.635	0.6352	0.6355	0.6348	0.6355
339.717	29436.29	0.7185	0.6887	0.669	0.6572	0.6494	0.645	0.6415	0.6396	0.639	0.6375	0.6379	0.6371	0.6371	0.6373	0.6372	0.6374	0.6377	0.6358	0.6362	0.6369	0.6368	0.6369	0.6372	0.6364	0.6377	0.6374	0.6372	0.6369	0.6362	0.637	0.6367
340.293	29386.41	0.7218	0.6923	0.6738	0.6603	0.6534	0.6475	0.6451	0.6422	0.6417	0.642	0.6403	0.6401	0.6408	0.6405	0.6403	0.6402	0.6403	0.6396	0.6397	0.6398	0.6405	0.6409	0.6405	0.6401	0.6404	0.6405	0.6403	0.6401	0.6395	0.6401	0.6394
340.870	29336.69	0.7228	0.6923	0.6734	0.6615	0.6534	0.6494	0.6461	0.6447	0.6434	0.6428	0.6422	0.6421	0.6412	0.6415	0.6409	0.6421	0.6408	0.6411	0.6413	0.6407	0.6422	0.6414	0.6416	0.6411	0.6415	0.6413	0.6408	0.6409	0.6414	0.641	0.6414
341.447	29287.14	0.7259	0.6974	0.6769	0.6655	0.6575	0.6532	0.6496	0.6478	0.6468	0.6464	0.646	0.6459	0.6456	0.6457	0.6455	0.6455	0.6446	0.6453	0.6451	0.6451	0.645	0.6454	0.6454	0.6445	0.6443	0.6454	0.6449	0.6453	0.6448	0.6452	0.6448
342.024	29237.76	0.7275	0.6992	0.6791	0.6677	0.6603	0.6551	0.6528	0.6507	0.6494	0.6496	0.6492	0.648	0.6484	0.6485	0.6487	0.6481	0.6476	0.648	0.6477	0.647	0.648	0.6483	0.6481	0.6474	0.6475	0.648	0.6486	0.6478	0.6473	0.6473	0.6477
342.600	29188.54	0.7301	0.7014	0.6826	0.6713	0.6636	0.6586	0.6562	0.6542	0.653	0.6524	0.6519	0.6515	0.6513	0.6516	0.6507	0.6514	0.6512	0.6514	0.6511	0.651	0.6511	0.6516	0.6514	0.6514	0.651	0.6513	0.6517	0.6514	0.6504	0.6516	0.6507
343.177	29139.49	0.7333	0.7048	0.6863	0.6751	0.6671	0.6626	0.6604	0.6576	0.6567	0.6565	0.6557	0.6555	0.6553	0.656	0.6549	0.6552	0.6554	0.6552	0.6553	0.6556	0.6553	0.6561	0.6552	0.6556	0.6551	0.6553	0.6552	0.6555	0.6548	0.655	0.6551
343.754	29090.60	0.7345	0.7071	0.6882	0.6774	0.6702	0.6653	0.6623	0.661	0.6594	0.6595	0.6585	0.6586	0.6589	0.659	0.6585	0.6584	0.6579	0.6578	0.658	0.6583	0.6582	0.6587	0.6587	0.6579	0.6583	0.6575	0.6576	0.6585	0.6577	0.6581	0.6579
344.330	29041.88	0.7378	0.7105	0.6927	0.6811	0.6749	0.6696	0.6663	0.6654	0.6641	0.6638	0.6629	0.6625	0.6631	0.663	0.6626	0.6628	0.6624	0.6625	0.6622	0.6623	0.6624	0.6631	0.6626	0.6621	0.6629	0.6622	0.6622	0.6624	0.6623	0.6627	0.6624
344.907	28993.32	0.7418	0.7148	0.697	0.6857	0.6794	0.6748	0.6715	0.6695	0.6691	0.6689	0.6679	0.6677	0.6677	0.668	0.667	0.6673	0.6676	0.6675	0.6674	0.667	0.6677	0.6674	0.6678	0.6674	0.6676	0.6672	0.6666	0.6672	0.6673	0.6674	0.6669
345.484	28944.92	0.7449	0.7189	0.7013	0.6905	0.684	0.6795	0.6772	0.6754	0.674	0.6738	0.6729	0.6734	0.6724	0.6732	0.6722	0.6724	0.6726	0.6726	0.6725	0.6719	0.6725	0.6727	0.6729	0.6731	0.6725	0.6725	0.6722	0.6723	0.6722	0.6727	0.672
346.060	28896.68	0.7499	0.7249	0.7075	0.697	0.6905	0.6859	0.6834	0.6821	0.681	0.6805	0.6799	0.6801	0.6792	0.6793	0.6797	0.6791	0.679	0.6785	0.6789	0.6786	0.6792	0.6798	0.6791	0.6796	0.6791	0.6793	0.6795	0.6789	0.6787	0.6789	0.6791
346.637	28848.61	0.7547	0.7298	0.7129	0.7026	0.6954	0.6915	0.6887	0.6875	0.6866	0.686	0.6855	0.6858	0.6851	0.6847	0.6856	0.6844	0.6841	0.6842	0.685	0.6844	0.6847	0.6848	0.6847	0.6845	0.6847	0.6846	0.685	0.6842	0.6839	0.6843	0.6844
347.214	28800.69	0.7579	0.7329	0.7165	0.7061	0.6993	0.6953	0.693	0.6919	0.6907	0.6902	0.6896	0.6898	0.6898	0.6893	0.6897	0.6888	0.6884	0.6894	0.6894	0.6888	0.6889	0.689	0.6895	0.6887	0.6896	0.6888	0.6889	0.6887	0.6884	0.6885	0.6885
347.791	28752.93	0.7629	0.7379	0.7214	0.7117	0.7053	0.7009	0.6984	0.6975	0.696	0.6965	0.6955	0.6951	0.6953	0.6949	0.6952	0.6949	0.6946	0.6956	0.6948	0.695	0.6948	0.6948	0.6953	0.6951	0.6955	0.6946	0.6943	0.6952	0.6945	0.6944	0.6945
348.367	28705.33	0.7695	0.7453	0.7291	0.7201	0.7136	0.7091	0.7068	0.7057	0.7037	0.7053	0.7038	0.7033	0.7031	0.703	0.7031	0.7034	0.7033	0.7035	0.703	0.7031	0.7031	0.7025	0.7035	0.7035	0.7037	0.7026	0.7024	0.7032	0.7028	0.7029	0.7027
348.944	28657.89	0.7746	0.7512	0.7363	0.7266	0.721	0.7166	0.7146	0.7128	0.7116	0.7123	0.711	0.7112	0.7109	0.7111	0.711	0.711	0.7108	0.7105	0.7106	0.7101	0.7109	0.7103	0.7108	0.7107	0.7107	0.7107	0.7101	0.7102	0.7104	0.7103	0.7105
349.521	28610.61	0.7815	0.7582	0.7438	0.7338	0.7287	0.725	0.7221	0.7203	0.7195	0.7192	0.7187	0.7192	0.719	0.7195	0.7193	0.7185	0.7186	0.7185	0.7183	0.7182	0.719	0.7185	0.7186	0.7187	0.7181	0.7189	0.7186	0.7183	0.7178	0.7178	0.7188
350.097	28563.48	0.7904	0.7676	0.7532	0.7434	0.7378	0.735	0.7319	0.7304	0.7288	0.729	0.729	0.7291	0.7289	0.7294	0.7289	0.7284	0.7287	0.729	0.728	0.728	0.7285	0.7282	0.7288	0.7284	0.7284	0.728	0.7287	0.7285	0.7274	0.7274	0.7287
350.674	28516.50	0.7964	0.7745	0.76	0.7512	0.7451	0.7425	0.7398	0.7387	0.7372	0.7374	0.7369	0.7368	0.7363	0.737	0.7365	0.7368	0.7366	0.737	0.7359	0.7358	0.7361	0.7361	0.7366	0.736	0.736	0.7359	0.736	0.7362	0.7356	0.7353	0.7364
351.251	28469.68	0.8043	0.7828	0.7683	0.7599	0.7541	0.7507	0.749	0.7477	0.7467	0.7463	0.7456	0.7449	0.745	0.7455	0.7452	0.7453	0.745	0.7452	0.7449	0.7447	0.7451	0.7443	0.7452	0.745	0.7449	0.7447	0.7443	0.7446	0.7436	0.7448	0.7445
351.828	28423.02	0.8137	0.7923	0.7783	0.7703	0.7645	0.7612	0.76	0.7578	0.7576	0.7569	0.7562	0.7556	0.7558	0.7556	0.7554	0.7556	0.7554	0.7558	0.7553	0.7552	0.7559	0.7554	0.7554	0.7554	0.7551	0.7549	0.7546	0.7554	0.7549	0.7555	0.7551
352.404	28376.50	0.8204	0.799	0.7855	0.7778	0.7716	0.7686	0.767	0.7654	0.7648	0.7645	0.7636	0.7631	0.7637	0.7636	0.763	0.7632	0.7631	0.7636	0.7628	0.7627	0.7632	0.7634	0.7629	0.7629	0.7631	0.762	0.7619	0.7632	0.7631	0.7625	0.7629
352.981	28330.14	0.8262	0.8063	0.7925	0.785	0.7798	0.7759	0.7749	0.7727	0.7718	0.7722	0.7714	0.7716	0.7715	0.7714	0.7716	0.771	0.7709	0.7709	0.7703	0.7711	0.771	0.7708	0.7709	0.7705	0.7708	0.7705	0.7701	0.7711	0.7704	0.7704	0.7706
353.558	28283.93	0.8396	0.8201	0.8069	0.7981	0.7942	0.7892	0.7882	0.7865	0.7852	0.7859	0.7846	0.7847	0.7845	0.7854	0.785	0.7845	0.7849	0.7845	0.7839	0.7836	0.7845	0.7845	0.7854	0.7846	0.7839	0.7838	0.7839	0.784	0.7835	0.7845	0.7839
354.134	28237.87	0.8475	0.8281	0.8145	0.8069	0.8021	0.798	0.7955	0.7944	0.7933	0.7932	0.7928	0.7926	0.7932	0.7931	0.7933	0.7923	0.793	0.7926	0.7929	0.7922	0.7922	0.7934	0.7934	0.7927	0.7928	0.7922	0.7921	0.7924	0.7919	0.7916	0.7918
354.711	28191.96	0.8601	0.8414	0.8278	0.8197	0.8143	0.8112	0.8083	0.8068	0.807	0.8067	0.8059	0.8067	0.8063	0.8059	0.8059	0.8061	0.8054	0.8058	0.8049	0.8045	0.8059	0.8058	0.8059	0.8051	0.8055	0.8056	0.8043	0.8054	0.8058	0.8048	0.8051
355.288	28146.19	0.8694	0.8499	0.8366	0.829	0.8246	0.8208	0.8179	0.8174	0.8162	0.8152	0.8156	0.8151	0.8155	0.8154	0.8154	0.8153	0.8158	0.8152	0.8151	0.8152	0.8162	0.8152	0.8164	0.815	0.8148	0.8148	0.8144	0.8149	0.8151	0.8148	0.8146
355.865	28100.58	0.8823	0.8612	0.8492	0.8402	0.836	0.8316	0.8298	0.8286	0.8287	0.827	0.8275	0.8276	0.8281	0.8264	0.8279	0.8281	0.8267	0.8271	0.8276	0.827	0.8268	0.8273	0.8277	0.8271	0.8271	0.827	0.8278	0.8271	0.8258	0.826	0.8266
356.441	28055.12	0.8923	0.8711	0.8593	0.8511	0.8457	0.843	0.8419	0.8393	0.8387	0.8373	0.8368	0.8381	0.838	0.838	0.8369	0.8369	0.8384	0.8378	0.8365	0.8365	0.8362	0.8375	0.8365	0.837	0.8373	0.8371	0.8374	0.837	0.836	0.8367	0.837
357.018	28009.80	0.8987	0.8792	0.8659	0.8569	0.853	0.8492	0.8475	0.8462	0.8459	0.8451	0.8442	0.8444	0.8449	0.8449	0.8449	0.8447	0.8437	0.8442	0.8439	0.8435	0.8433	0.8441	0.8436	0.8438	0.8438	0.8443	0.8435	0.8433	0.8435	0.8436	0.844
357.595	27964.62	0.9069	0.887	0.8744	0.8666	0.8615	0.8573	0.8561	0.8559	0.8536	0.8537	0.853	0.8531	0.8534	0.8527	0.8534	0.8529	0.8531	0.8538	0.8523	0.8532	0.8522	0.8536	0.8517	0.8534	0.8519	0.852	0.8521	0.8525	0.8516	0.8517	0.852
358.171	27919.60	0.9217	0.9012	0.8894	0.8795	0.8752	0.8714	0.8692	0.8678	0.8678	0.8674	0.8661	0.8661	0.8664	0.8658	0.8654	0.866	0.8668	0.8662	0.8658	0.8657	0.8659	0.867	0.8648	0.865	0.8665	0.866	0.865	0.8649	0.8658	0.8648	0.8648
358.748	27874.71	0.9257	0.9063	0.893	0.8846	0.8795	0.8764	0.8738	0.8721	0.8715	0.872	0.8708	0.871	0.8718	0.8714	0.8703	0.8711	0.8711	0.8713	0.8712	0.8707	0.8712	0.871	0.8696	0.8706	0.871	0.87	0.8694	0.8708	0.8694	0.8701	0.8706
359.325	27829.98	0.9467	0.925	0.9122	0.9038	0.8981	0.8948	0.8924	0.8918	0.8902	0.8894	0.8896	0.8897	0.8906	0.8898	0.8893	0.8894	0.8887	0.8905	0.8901	0.8888	0.8896	0.8888	0.8884	0.8891	0.8894	0.8897	0.8892	0.8894	0.8883	0.8893	0.8893
359.901	27785.38	0.955	0.9346	0.9207	0.9113	0.9071	0.9033	0.9013	0.9005	0.9001	0.8978	0.898	0.8976	0.8986	0.8984	0.898	0.8995	0.8983	0.8976	0.8975	0.8967	0.8979	0.8978	0.8974	0.8974	0.8975	0.8978	0.8974	0.8979	0.8963	0.8979	0.8975
360.478	27740.93	0.963	0.9425	0.9282	0.9199	0.915	0.9107	0.9079	0.9081	0.9067	0.9069	0.9056	0.9055	0.9057	0.906	0.9052	0.9056	0.9055	0.9057	0.9049	0.9052	0.9044	0.9052	0.905	0.9048	0.9054	0.9049	0.905	0.9054	0.9042	0.9046	0.9058
361.055	27696.62	0.971	0.9477	0.9352	0.9265	0.922	0.9184	0.9147	0.914	0.9124	0.9129	0.9123	0.9124	0.9118	0.9115	0.9121	0.9117	0.9117	0.9116	0.9115	0.9113	0.9107	0.9115	0.9119	0.9112	0.9121	0.9109	0.9119	0.9102	0.9104	0.912	0.9118
361.632	27652.45	0.9785	0.9556	0.9433	0.9339	0.9292	0.9257	0.9228	0.9218	0.9209	0.9208	0.9211	0.9204	0.9194	0.9204	0.92	0.9198	0.9194	0.9195	0.9194	0.9193	0.9191	0.9201	0.9205	0.9203	0.9207	0.9196	0.9196	0.9188	0.9182	0.9196	0.9193
362.208	27608.42	0.9858	0.9631	0.9507	0.9416	0.9366	0.9334	0.9303	0.9289	0.9271	0.9283	0.9275	0.9274	0.9271	0.927	0.9268	0.9266	0.9275	0.9267	0.9272	0.9267	0.9268	0.9271	0.9285	0.9271	0.9276	0.9269	0.9263	0.9262	0.9259	0.9271	0.9265
362.785	27564.53	0.9936	0.9715	0.9586	0.9498	0.9451	0.9405	0.938	0.9367	0.9357	0.9357	0.9351	0.935	0.9356	0.9351	0.9347	0.9351	0.935	0.935	0.9344	0.9343	0.9351	0.9351	0.935	0.9344	0.9345	0.9339	0.9335	0.934	0.9342	0.9351	0.934
363.362	27520.78	0.9961	0.9749	0.9596	0.9521	0.9475	0.9428	0.9411	0.9392	0.9388	0.9384	0.9375	0.9382	0.9381	0.9377	0.9372	0.9371	0.9373	0.9374	0.9362	0.9366	0.9368	0.9372	0.9378	0.9372	0.9375	0.937	0.9362	0.9377	0.9376	0.9372	0.9363
363.938	27477.17	0.9999	0.9781	0.9639	0.9557	0.9508	0.947	0.945	0.9433	0.9424	0.9424	0.9404	0.9421	0.9419	0.9419	0.9411	0.9413	0.9408	0.9407	0.9403	0.9407	0.9412	0.9408	0.9419	0.9409	0.9412	0.9405	0.9399	0.9418	0.9405	0.9397	0.9397
364.515	27433.70	1.006	0.9846	0.9704	0.9613	0.9566	0.9531	0.9509	0.949	0.9481	0.9467	0.9462	0.9477	0.947	0.9479	0.9468	0.9465	0.9463	0.9466	0.9463	0.9469	0.9478	0.9468	0.9474	0.9466	0.9468	0.946	0.9456	0.9471	0.9455	0.9452	0.9456
365.092	27390.37	1.009	0.9884	0.9732	0.9651	0.9607	0.9567	0.9547	0.9524	0.9519	0.9508	0.9513	0.9519	0.9508	0.9515	0.9509	0.9502	0.9504	0.9502	0.9499	0.9501	0.9513	0.9498	0.9511	0.9503	0.9511	0.9492	0.9498	0.9509	0.9496	0.9499	0.9492
365.669	27347.17	1.01	0.9891	0.9744	0.9665	0.9612	0.9582	0.9555	0.9533	0.953	0.953	0.9527	0.9532	0.9521	0.9525	0.9522	0.9517	0.9515	0.9524	0.9523	0.9513	0.9514	0.9508	0.952	0.9521	0.9527	0.9508	0.9516	0.9522	0.951	0.952	0.9508
366.245	27304.11	1.012	0.9919	0.977	0.9685	0.9627	0.9606	0.9572	0.9557	0.9552	0.9552	0.9539	0.9542	0.954	0.9542	0.9544	0.9539	0.9538	0.9544	0.9553	0.9537	0.9531	0.9533	0.9532	0.955	0.9543	0.9537	0.953	0.9537	0.9529	0.9538	0.9527
366.822	27261.18	1.02	0.9982	0.984	0.9746	0.9693	0.966	0.9635	0.9622	0.9612	0.9612	0.9599	0.9605	0.9605	0.9601	0.96	0.9597	0.9601	0.9604	0.9604	0.9593	0.9604	0.9596	0.9598	0.9605	0.9592	0.9595	0.9592	0.9601	0.9588	0.9592	0.9586
367.399	27218.39	1.032	1.008	0.9939	0.9846	0.9788	0.9754	0.973	0.9711	0.9704	0.9702	0.9698	0.9702	0.9697	0.9703	0.9691	0.9682	0.9692	0.9707	0.9698	0.9689	0.9696	0.9687	0.9701	0.9688	0.9687	0.9685	0.9699	0.9701	0.9685	0.9688	0.9688
367.975	27175.73	1.045	1.021	1.006	0.9974	0.991	0.988	0.9846	0.9833	0.9825	0.9822	0.9816	0.9819	0.9813	0.9825	0.9815	0.9811	0.9813	0.9812	0.9817	0.9811	0.9809	0.9804	0.9822	0.9806	0.9811	0.9804	0.9814	0.9815	0.98	0.981	0.9809
368.552	27133.20	1.056	1.033	1.016	1.007	1.002	0.9971	0.9937	0.9933	0.9917	0.9925	0.9903	0.9918	0.9912	0.9912	0.9901	0.9918	0.991	0.9896	0.99	0.9896	0.9912	0.9901	0.9913	0.9898	0.9899	0.9897	0.9895	0.9899	0.9886	0.9901	0.9899
369.129	27090.81	1.062	1.037	1.022	1.011	1.007	1.001	0.9982	0.9968	0.9953	0.9968	0.9941	0.9951	0.9947	0.9946	0.9942	0.9956	0.9949	0.9949	0.9938	0.9924	0.9946	0.9942	0.9943	0.9935	0.9938	0.9939	0.9932	0.9932	0.9928	0.9933	0.993
369.706	27048.55	1.07	1.043	1.028	1.017	1.011	1.006	1.004	1.003	1	1	0.9998	1	0.9997	0.9991	0.9997	1	1	0.9996	0.9992	0.9971	0.9996	0.9999	0.9994	0.9989	0.9982	0.9997	0.9994	0.9984	0.9983	0.9984	0.9988
370.282	27006.43	1.073	1.046	1.029	1.02	1.013	1.008	1.005	1.004	1.002	1.001	1.001	1.002	1.001	1.001	1.001	1	1.001	1.001	1.002	1	1.001	1	1.001	1.001	1	1	1.001	1	1	1	1.001
370.859	26964.43	1.077	1.05	1.033	1.022	1.016	1.011	1.008	1.006	1.005	1.003	1.004	1.005	1.004	1.004	1.004	1.004	1.003	1.003	1.004	1.003	1.004	1.003	1.004	1.003	1.004	1.002	1.002	1.003	1.003	1.002	1.003
371.436	26922.56	1.088	1.059	1.042	1.03	1.022	1.019	1.015	1.013	1.014	1.011	1.012	1.012	1.011	1.011	1.011	1.01	1.011	1.011	1.011	1.011	1.011	1.011	1.011	1.01	1.012	1.011	1.01	1.011	1.01	1.009	1.011
372.012	26880.83	1.088	1.06	1.042	1.029	1.023	1.019	1.016	1.013	1.012	1.012	1.012	1.011	1.012	1.011	1.012	1.011	1.011	1.01	1.01	1.009	1.01	1.01	1.011	1.01	1.012	1.01	1.011	1.009	1.01	1.01	1.01
372.589	26839.22	1.095	1.066	1.047	1.034	1.028	1.023	1.021	1.017	1.017	1.016	1.016	1.015	1.016	1.014	1.015	1.017	1.015	1.015	1.013	1.015	1.015	1.013	1.015	1.015	1.015	1.014	1.013	1.015	1.014	1.014	1.015
373.166	26797.74	1.096	1.068	1.047	1.036	1.028	1.022	1.02	1.017	1.018	1.016	1.015	1.016	1.016	1.015	1.016	1.017	1.014	1.015	1.015	1.014	1.015	1.016	1.015	1.016	1.014	1.015	1.016	1.015	1.015	1.013	1.017
373.743	26756.39	1.102	1.072	1.051	1.039	1.032	1.026	1.024	1.021	1.02	1.02	1.019	1.019	1.019	1.018	1.019	1.018	1.018	1.017	1.019	1.018	1.017	1.016	1.017	1.019	1.019	1.019	1.017	1.018	1.018	1.017	1.019
374.319	26715.17	1.084	1.054	1.036	1.023	1.015	1.011	1.006	1.005	1.002	1.003	1.003	1.002	1.002	1.001	1.002	1.001	1.001	1.001	1.003	1.001	1.001	1.001	1.002	1.002	1.002	1.001	1.002	1.001	1.002	1.001	1.001
374.896	26674.07	1.096	1.064	1.043	1.029	1.021	1.018	1.014	1.011	1.008	1.008	1.009	1.009	1.008	1.009	1.007	1.007	1.007	1.007	1.008	1.006	1.008	1.009	1.007	1.008	1.007	1.007	1.009	1.008	1.007	1.007	1.008
375.473	26633.10	1.08	1.046	1.028	1.015	1.008	1.001	0.9995	0.9972	0.9955	0.9953	0.9942	0.9918	0.9922	0.9918	0.9941	0.9941	0.9937	0.9928	0.9934	0.9931	0.9914	0.9945	0.9933	0.9916	0.9933	0.9914	0.9913	0.9939	0.9923	0.9929	0.9938
376.049	26592.26	1.077	1.043	1.022	1.009	1.001	0.9958	0.9919	0.9892	0.9895	0.9877	0.9866	0.9887	0.9866	0.9879	0.9869	0.9866	0.9873	0.9894	0.9851	0.9864	0.9875	0.9882	0.9875	0.9873	0.9878	0.9868	0.9856	0.9869	0.9851	0.9862	0.9859
376.626	26551.54	1.078	1.045	1.022	1.01	1	0.996	0.994	0.9906	0.9902	0.9874	0.9867	0.9866	0.9869	0.9882	0.9883	0.9862	0.9875	0.9875	0.986	0.9873	0.9876	0.9876	0.9866	0.9863	0.9886	0.9848	0.9858	0.9869	0.986	0.9876	0.9869
377.203	26510.94	1.072	1.037	1.015	1.002	0.9923	0.986	0.9841	0.9829	0.9808	0.9813	0.9817	0.9802	0.9784	0.9785	0.9783	0.9791	0.9791	0.9788	0.9787	0.9788	0.9783	0.9794	0.9796	0.9789	0.9794	0.9788	0.9795	0.9794	0.9794	0.9786	0.9788
377.779	26470.47	1.054	1.02	0.9997	0.9862	0.9772	0.9721	0.9688	0.9666	0.9662	0.9634	0.9633	0.9641	0.9642	0.9627	0.9623	0.9635	0.9633	0.9639	0.9628	0.9631	0.9636	0.9628	0.9636	0.9621	0.963	0.9642	0.9621	0.9638	0.9622	0.9627	0.9619
378.356	26430.12	1.045	1.011	0.9889	0.9761	0.967	0.9606	0.9587	0.9565	0.9545	0.9534	0.9529	0.9536	0.9526	0.953	0.9523	0.9515	0.9525	0.953	0.9526	0.9527	0.9522	0.9527	0.9523	0.9535	0.9516	0.952	0.9521	0.9527	0.951	0.9529	0.9534
378.933	26389.90	1.03	0.9963	0.9729	0.9596	0.9524	0.9463	0.944	0.9405	0.9402	0.9396	0.9387	0.9383	0.9382	0.9386	0.9379	0.9389	0.9378	0.9378	0.9389	0.9378	0.9377	0.9375	0.9369	0.9391	0.9373	0.9379	0.9382	0.9368	0.9375	0.9377	0.9382
379.510	26349.79	1.016	0.9828	0.9615	0.9478	0.941	0.934	0.931	0.9282	0.9284	0.928	0.9258	0.926	0.9261	0.9266	0.9261	0.9265	0.9258	0.9263	0.9261	0.9261	0.9262	0.9259	0.9248	0.9264	0.9258	0.9252	0.9258	0.9244	0.9245	0.9248	0.9262
380.086	26309.81	1.001	0.9683	0.9468	0.9346	0.9259	0.9215	0.9154	0.9147	0.9142	0.9147	0.9111	0.9124	0.9121	0.9124	0.9121	0.911	0.9111	0.9119	0.9113	0.9107	0.911	0.9114	0.9113	0.9114	0.9103	0.9112	0.9111	0.9106	0.9104	0.9108	0.9107
380.663	26269.95	0.988	0.9559	0.9329	0.9207	0.912	0.9073	0.9026	0.902	0.8997	0.8991	0.8976	0.8989	0.8985	0.8983	0.8984	0.8985	0.8978	0.8983	0.8981	0.8969	0.8975	0.8979	0.8989	0.8978	0.8976	0.8979	0.8977	0.8971	0.8977	0.8972	0.8971
381.240	26230.22	0.9651	0.9323	0.9123	0.8993	0.8903	0.8857	0.8824	0.8803	0.8792	0.8788	0.8771	0.8783	0.8773	0.878	0.878	0.8774	0.8776	0.8775	0.8758	0.8772	0.8777	0.8772	0.8771	0.8768	0.8775	0.877	0.8759	0.8766	0.8767	0.8774	0.8768
381.816	26190.60	0.9398	0.908	0.8884	0.8761	0.8679	0.8625	0.86	0.857	0.8572	0.8562	0.8553	0.8558	0.8551	0.8561	0.855	0.8553	0.8547	0.8539	0.8545	0.8538	0.8548	0.8548	0.8541	0.8541	0.854	0.8544	0.8537	0.8541	0.8538	0.8539	0.8541
382.393	26151.10	0.9197	0.8889	0.8698	0.8578	0.8501	0.8445	0.8422	0.8397	0.8401	0.8383	0.8378	0.8378	0.8376	0.8383	0.8379	0.8375	0.8363	0.8369	0.837	0.8364	0.837	0.8369	0.8374	0.8372	0.8372	0.8369	0.8369	0.8372	0.8363	0.8367	0.8366
382.970	26111.72	0.902	0.8715	0.8538	0.8417	0.8333	0.828	0.8254	0.8238	0.8228	0.8225	0.8211	0.8214	0.8216	0.8214	0.8221	0.8205	0.8206	0.8217	0.821	0.8207	0.8211	0.8213	0.8215	0.8215	0.8218	0.8218	0.8207	0.8215	0.8203	0.8208	0.821
383.547	26072.45	0.8801	0.852	0.8346	0.8221	0.8148	0.8103	0.8079	0.8059	0.8036	0.8041	0.8033	0.8028	0.8037	0.803	0.8042	0.8024	0.8032	0.8032	0.8033	0.8028	0.8034	0.8033	0.8035	0.803	0.8029	0.8033	0.8023	0.8026	0.8021	0.802	0.803
384.123	26033.31	0.857	0.8303	0.8126	0.8015	0.7945	0.7902	0.7878	0.7866	0.7842	0.7843	0.7835	0.7836	0.7844	0.7834	0.7842	0.7835	0.7836	0.7824	0.7838	0.7831	0.7837	0.783	0.7839	0.7837	0.7832	0.783	0.7823	0.7826	0.782	0.7828	0.7824
384.700	25994.28	0.8347	0.8085	0.7908	0.7813	0.7745	0.7695	0.7664	0.7657	0.7645	0.7644	0.7628	0.7638	0.7632	0.764	0.7633	0.7637	0.7632	0.7623	0.763	0.7631	0.7632	0.7631	0.763	0.7637	0.7628	0.7628	0.7617	0.7628	0.7625	0.7626	0.762
385.277	25955.37	0.8129	0.7871	0.7709	0.7613	0.7557	0.7512	0.7471	0.7459	0.7457	0.7458	0.7441	0.7448	0.7442	0.7446	0.7441	0.7441	0.744	0.7437	0.7432	0.7441	0.7445	0.7448	0.7443	0.7445	0.7436	0.7438	0.7432	0.7446	0.7437	0.7432	0.7439
385.853	25916.58	0.7888	0.7639	0.7493	0.7396	0.734	0.7303	0.7269	0.7259	0.7251	0.7252	0.7244	0.7243	0.7241	0.7237	0.7234	0.7233	0.7237	0.723	0.7231	0.7234	0.7243	0.7241	0.7239	0.7235	0.7241	0.7232	0.7228	0.7243	0.7232	0.7231	0.7237
386.430	25877.90	0.766	0.7425	0.7275	0.7184	0.7133	0.709	0.7073	0.7064	0.7046	0.7049	0.7047	0.7044	0.7036	0.7039	0.7032	0.7032	0.7041	0.7029	0.7034	0.7029	0.704	0.7033	0.7039	0.7037	0.7041	0.7036	0.7026	0.7039	0.7032	0.7029	0.7034
387.007	25839.34	0.7448	0.7228	0.7082	0.6995	0.6952	0.691	0.6895	0.6878	0.6863	0.6867	0.686	0.6857	0.6857	0.6854	0.6853	0.685	0.6858	0.6854	0.685	0.6845	0.6857	0.6849	0.686	0.6863	0.6852	0.6855	0.6852	0.6855	0.6849	0.6846	0.6855
387.584	25800.89	0.7203	0.7005	0.6874	0.6788	0.6738	0.6708	0.6692	0.6668	0.6664	0.6662	0.6649	0.6652	0.6653	0.6656	0.6651	0.6651	0.6647	0.6655	0.665	0.6649	0.6651	0.6652	0.6649	0.6655	0.6653	0.6648	0.665	0.6649	0.665	0.6648	0.6652
388.160	25762.56	0.7004	0.682	0.6686	0.6604	0.6559	0.6529	0.6509	0.6497	0.6491	0.649	0.6479	0.6487	0.6482	0.6488	0.6477	0.6482	0.647	0.6479	0.6475	0.648	0.6478	0.6478	0.6477	0.6482	0.6486	0.6482	0.6476	0.6476	0.6476	0.6477	0.6477
388.737	25724.34	0.6847	0.666	0.653	0.6459	0.6418	0.6389	0.6366	0.6364	0.635	0.6346	0.6346	0.6342	0.6345	0.6338	0.6343	0.6344	0.6338	0.6334	0.6333	0.6336	0.6343	0.6342	0.6338	0.6337	0.6343	0.6344	0.6336	0.634	0.6336	0.634	0.6334
389.314	25686.23	0.6641	0.646	0.635	0.6276	0.624	0.6211	0.6194	0.6181	0.6171	0.6169	0.617	0.6165	0.6164	0.6161	0.6169	0.6164	0.6168	0.6163	0.6172	0.6157	0.6169	0.6171	0.6165	0.6161	0.6164	0.6163	0.6161	0.6163	0.6155	0.6162	0.6158
389.890	25648.24	0.6444	0.628	0.6179	0.6109	0.6076	0.604	0.6026	0.6021	0.6009	0.6008	0.6011	0.6005	0.6004	0.6005	0.6008	0.6006	0.6004	0.6007	0.6005	0.6	0.6007	0.6003	0.6001	0.6003	0.6005	0.5999	0.6	0.6006	0.6001	0.6001	0.5999
390.467	25610.35	0.6252	0.6097	0.6005	0.595	0.5907	0.5879	0.5864	0.5858	0.5849	0.5848	0.5848	0.5843	0.5843	0.5841	0.5848	0.5843	0.5844	0.5838	0.5844	0.5841	0.5843	0.5838	0.584	0.5845	0.5846	0.584	0.5833	0.5843	0.5838	0.5838	0.5838
391.044	25572.58	0.6098	0.5959	0.586	0.5808	0.5771	0.5744	0.573	0.5714	0.5718	0.571	0.5712	0.5708	0.5709	0.5708	0.5707	0.5706	0.5705	0.5706	0.5703	0.5707	0.5706	0.571	0.5705	0.5708	0.5704	0.5706	0.5698	0.5702	0.5701	0.5705	0.5705
391.620	25534.93	0.5916	0.5779	0.5689	0.5635	0.5607	0.5579	0.5568	0.5559	0.5562	0.5551	0.5547	0.5554	0.5554	0.555	0.5545	0.5544	0.5545	0.5543	0.554	0.5544	0.555	0.5558	0.5549	0.5545	0.5549	0.5548	0.554	0.5543	0.5538	0.5546	0.5548
392.197	25497.38	0.5745	0.5621	0.5547	0.549	0.5461	0.5434	0.5428	0.5416	0.5416	0.541	0.5408	0.5412	0.5408	0.5411	0.541	0.5411	0.5402	0.5401	0.5408	0.5405	0.5406	0.5406	0.5411	0.5404	0.5414	0.54	0.5407	0.5403	0.5397	0.541	0.5407
392.774	25459.94	0.56	0.5474	0.5408	0.5352	0.5329	0.5306	0.5286	0.5283	0.5279	0.5281	0.5277	0.5276	0.5266	0.5278	0.5282	0.5278	0.5273	0.5272	0.5276	0.5276	0.5274	0.528	0.5275	0.5273	0.5283	0.5277	0.5272	0.5281	0.5274	0.5275	0.5273
393.351	25422.61	0.5474	0.5362	0.5296	0.5253	0.5222	0.5203	0.5185	0.518	0.518	0.5179	0.5177	0.5175	0.5168	0.5175	0.5174	0.5174	0.5174	0.5171	0.5169	0.5163	0.5177	0.5179	0.5171	0.5172	0.5171	0.5171	0.5169	0.5167	0.5174	0.5165	0.5168
393.927	25385.39	0.5325	0.5217	0.5147	0.5103	0.508	0.5065	0.5053	0.5046	0.5043	0.5045	0.504	0.504	0.5035	0.5042	0.5041	0.5047	0.5041	0.5037	0.5039	0.5034	0.5046	0.504	0.504	0.5034	0.504	0.5044	0.5035	0.5044	0.5035	0.5037	0.5039
394.504	25348.28	0.5188	0.5091	0.5038	0.4995	0.4972	0.4949	0.4946	0.4938	0.4928	0.4936	0.4934	0.4934	0.4933	0.4924	0.4935	0.4936	0.4932	0.493	0.4925	0.4928	0.4932	0.4927	0.4926	0.4932	0.4931	0.4933	0.4931	0.4928	0.4929	0.4928	0.4926
395.081	25311.28	0.5066	0.4973	0.4912	0.4881	0.4849	0.4837	0.4834	0.482	0.4821	0.4817	0.4812	0.4814	0.4821	0.4815	0.4821	0.4819	0.4821	0.4812	0.4822	0.4817	0.4818	0.4811	0.4817	0.4819	0.4812	0.4812	0.482	0.4816	0.4815	0.4817	0.4816
395.657	25274.39	0.4961	0.4874	0.4825	0.4788	0.4756	0.4754	0.4737	0.4735	0.4733	0.4736	0.4729	0.4731	0.4725	0.4726	0.4736	0.4734	0.4732	0.4731	0.4723	0.4725	0.4732	0.4731	0.4735	0.473	0.4729	0.4727	0.4729	0.4728	0.4733	0.4726	0.4725
396.234	25237.60	0.4824	0.4751	0.4701	0.4669	0.4654	0.4642	0.4629	0.4617	0.4619	0.4625	0.4623	0.4613	0.4619	0.4617	0.4618	0.4623	0.4617	0.462	0.4618	0.4618	0.462	0.4618	0.4613	0.4621	0.4616	0.4618	0.4614	0.462	0.4617	0.4613	0.4611
396.811	25200.92	0.4693	0.4625	0.4576	0.4552	0.4528	0.4518	0.4513	0.4507	0.4507	0.4514	0.4505	0.45	0.4502	0.4504	0.45	0.4505	0.4502	0.4495	0.4502	0.4502	0.4503	0.45	0.4504	0.4502	0.4509	0.4505	0.4491	0.4497	0.4497	0.4505	0.4499
397.388	25164.35	0.4583	0.4522	0.4478	0.4448	0.4435	0.4421	0.441	0.441	0.4403	0.4405	0.4404	0.4407	0.4409	0.4405	0.4403	0.4414	0.4405	0.44	0.4413	0.4405	0.4405	0.4403	0.4411	0.4403	0.441	0.4401	0.44	0.4404	0.4409	0.4402	0.4402
397.964	25127.88	0.4484	0.4426	0.4383	0.4357	0.4343	0.4336	0.4325	0.432	0.4323	0.4312	0.4324	0.4325	0.4324	0.4323	0.4318	0.4323	0.4321	0.4323	0.4323	0.4318	0.4319	0.432	0.4326	0.4317	0.4319	0.4315	0.4319	0.4322	0.4315	0.432	0.4322
398.541	25091.52	0.4393	0.4331	0.4295	0.4276	0.4257	0.4256	0.4242	0.4238	0.4236	0.424	0.4241	0.4241	0.4234	0.4238	0.4236	0.4238	0.4239	0.424	0.4228	0.4234	0.4241	0.4233	0.424	0.4239	0.4245	0.4235	0.4237	0.4238	0.4231	0.4243	0.4237
399.118	25055.27	0.4307	0.4254	0.4214	0.4195	0.4183	0.418	0.4173	0.4162	0.416	0.4166	0.4166	0.4159	0.416	0.4168	0.4168	0.4166	0.4165	0.4164	0.4159	0.416	0.4161	0.4166	0.4161	0.4166	0.4173	0.4163	0.4157	0.4164	0.4161	0.4163	0.416
399.694	25019.11	0.4215	0.4164	0.414	0.4117	0.4107	0.4102	0.4096	0.4086	0.4084	0.408	0.4085	0.4086	0.4085	0.4096	0.4088	0.409	0.4082	0.4087	0.4086	0.4086	0.4085	0.409	0.4081	0.4084	0.4092	0.4084	0.4082	0.4088	0.4085	0.4085	0.4078
400.271	24983.07	0.4129	0.4085	0.406	0.4035	0.403	0.4018	0.4015	0.4012	0.4008	0.4009	0.4009	0.4007	0.4012	0.4013	0.4008	0.4011	0.4006	0.4006	0.4008	0.4007	0.4006	0.4013	0.401	0.4007	0.4005	0.4007	0.4011	0.4011	0.4012	0.401	0.4003
400.848	24947.12	0.4054	0.4011	0.3991	0.3971	0.3962	0.396	0.3951	0.3943	0.3945	0.3948	0.3946	0.3942	0.3946	0.3945	0.3941	0.3945	0.3945	0.3945	0.3945	0.3947	0.3943	0.3946	0.3944	0.3943	0.3948	0.3946	0.3945	0.3942	0.3948	0.3948	0.3942
401.425	24911.28	0.3962	0.3927	0.3907	0.3888	0.3883	0.3881	0.387	0.3863	0.3868	0.3864	0.3864	0.3863	0.3864	0.3869	0.3869	0.3864	0.3859	0.3864	0.386	0.3868	0.3864	0.3865	0.3861	0.3866	0.3867	0.3868	0.3861	0.3859	0.3863	0.3865	0.3866
402.001	24875.54	0.3881	0.3853	0.383	0.3819	0.3809	0.3804	0.38	0.3793	0.3796	0.3795	0.3793	0.3795	0.3791	0.3799	0.3799	0.3795	0.3792	0.3795	0.379	0.3799	0.3798	0.3797	0.3797	0.38	0.3794	0.3801	0.3794	0.3793	0.3799	0.379	0.3797
402.578	24839.91	0.381	0.3779	0.3761	0.3753	0.3745	0.3737	0.3736	0.3731	0.3733	0.3734	0.3736	0.3729	0.3729	0.3733	0.373	0.3727	0.3733	0.3733	0.3734	0.3732	0.3737	0.3736	0.3736	0.3733	0.3733	0.3737	0.373	0.3735	0.3732	0.3734	0.3733
403.155	24804.38	0.3724	0.37	0.3685	0.3675	0.3666	0.3665	0.3661	0.3656	0.3657	0.366	0.3659	0.3656	0.3657	0.3656	0.3658	0.3655	0.3654	0.3658	0.3655	0.3656	0.3662	0.366	0.3657	0.3653	0.3659	0.3659	0.3659	0.3657	0.3654	0.3658	0.3659
403.731	24768.94	0.3656	0.3637	0.3623	0.3618	0.3606	0.3602	0.36	0.3596	0.3598	0.3603	0.3593	0.3596	0.3601	0.36	0.3602	0.3598	0.3595	0.3599	0.3593	0.3595	0.3599	0.3603	0.36	0.3595	0.3601	0.3598	0.36	0.3596	0.3596	0.3596	0.36
404.308	24733.61	0.3588	0.3575	0.3559	0.3553	0.3544	0.3541	0.3537	0.3536	0.3536	0.3545	0.3533	0.3536	0.3541	0.3541	0.3541	0.354	0.3537	0.3539	0.3532	0.3537	0.3542	0.3542	0.3539	0.3534	0.3542	0.3539	0.354	0.3538	0.3535	0.3538	0.3539
404.885	24698.38	0.3517	0.3503	0.349	0.3484	0.3478	0.3477	0.3473	0.3472	0.3469	0.3479	0.347	0.3474	0.3473	0.3476	0.3474	0.3476	0.347	0.3471	0.347	0.3473	0.3475	0.3476	0.3472	0.347	0.3475	0.3474	0.3474	0.3476	0.3469	0.3475	0.3474
405.462	24663.25	0.3449	0.3437	0.3425	0.3422	0.3416	0.3411	0.3415	0.3412	0.3411	0.3418	0.3411	0.3415	0.341	0.3417	0.3414	0.3412	0.3408	0.3412	0.3412	0.3412	0.3411	0.3416	0.3411	0.341	0.3415	0.3417	0.3409	0.3415	0.3411	0.3416	0.3414
406.038	24628.22	0.3384	0.3377	0.3369	0.3364	0.3363	0.3357	0.3363	0.3357	0.3358	0.3362	0.3358	0.3359	0.3357	0.3358	0.336	0.336	0.3358	0.336	0.3357	0.3359	0.3359	0.3363	0.336	0.3357	0.3363	0.3364	0.3352	0.3359	0.3356	0.3362	0.3357
406.615	24593.29	0.3318	0.3314	0.331	0.3306	0.3309	0.3304	0.3303	0.3301	0.33	0.3299	0.33	0.3299	0.33	0.3296	0.3302	0.3305	0.3306	0.3302	0.3302	0.3303	0.3304	0.3302	0.3304	0.3304	0.3305	0.3302	0.3295	0.3303	0.3295	0.3303	0.3298
407.192	24558.46	0.3251	0.3255	0.3243	0.3247	0.3245	0.3245	0.3241	0.3239	0.3238	0.3238	0.3242	0.3239	0.3238	0.3239	0.3241	0.3242	0.3245	0.3241	0.3243	0.3241	0.3244	0.324	0.3242	0.3246	0.3245	0.3242	0.3238	0.3243	0.3234	0.3241	0.3241
407.768	24523.73	0.3188	0.3194	0.3181	0.319	0.3186	0.3187	0.3185	0.3178	0.318	0.3181	0.3182	0.3185	0.3184	0.3186	0.3185	0.3185	0.3186	0.3184	0.3186	0.3181	0.3186	0.3185	0.3188	0.3188	0.3191	0.3188	0.3182	0.3183	0.3183	0.3183	0.3185
408.345	24489.09	0.312	0.3126	0.3124	0.3128	0.3125	0.3124	0.3125	0.312	0.3119	0.3123	0.3118	0.3124	0.3127	0.3126	0.3125	0.3124	0.3127	0.3125	0.3126	0.3123	0.3128	0.3122	0.313	0.3125	0.3127	0.3128	0.3119	0.3123	0.3124	0.3119	0.3124
408.922	24454.56	0.3057	0.3066	0.307	0.3065	0.3064	0.3062	0.3066	0.3059	0.3061	0.3068	0.3067	0.3064	0.3073	0.3068	0.3065	0.3064	0.3068	0.3064	0.3063	0.3069	0.3068	0.3066	0.3071	0.3069	0.3068	0.3069	0.3061	0.3068	0.3065	0.3061	0.3065
409.498	24420.12	0.3003	0.3008	0.3008	0.301	0.3014	0.3009	0.3012	0.3008	0.3006	0.3012	0.3011	0.3012	0.3016	0.3015	0.3012	0.3011	0.3012	0.3008	0.301	0.3011	0.3008	0.3011	0.3015	0.3014	0.3017	0.3009	0.3012	0.3009	0.3011	0.3009	0.3009
410.075	24385.77	0.2947	0.2949	0.2952	0.2954	0.2962	0.2961	0.2959	0.2955	0.2957	0.296	0.2955	0.2958	0.2961	0.2961	0.2962	0.2958	0.2962	0.2962	0.296	0.2952	0.2959	0.2963	0.2964	0.2961	0.2963	0.2959	0.2955	0.2961	0.2957	0.296	0.2961
410.652	24351.53	0.2878	0.2883	0.2897	0.2894	0.2903	0.2897	0.2899	0.2899	0.2901	0.2909	0.29	0.2901	0.2903	0.2902	0.2903	0.2901	0.2903	0.2903	0.2902	0.2899	0.2907	0.2905	0.2909	0.2902	0.2905	0.2904	0.2897	0.2904	0.2905	0.2904	0.2905
411.229	24317.37	0.2819	0.2834	0.2844	0.2846	0.2852	0.2847	0.2848	0.2851	0.2848	0.2855	0.2851	0.2852	0.2857	0.2852	0.2851	0.285	0.2849	0.2849	0.285	0.2848	0.2856	0.2853	0.2857	0.285	0.2858	0.2854	0.2846	0.2856	0.2852	0.2856	0.2852
411.805	24283.32	0.2767	0.2781	0.2784	0.2793	0.2795	0.2787	0.2793	0.2793	0.2791	0.2796	0.2797	0.2797	0.2803	0.2797	0.2797	0.2798	0.2796	0.2799	0.2796	0.2797	0.2803	0.28	0.2798	0.2802	0.2804	0.2798	0.2796	0.2798	0.2799	0.2795	0.2796
412.382	24249.36	0.2702	0.2709	0.272	0.2725	0.2728	0.2726	0.273	0.2732	0.2736	0.2734	0.2733	0.2735	0.2735	0.2741	0.2738	0.2739	0.2739	0.2745	0.2736	0.2736	0.2738	0.2742	0.2736	0.2739	0.274	0.2738	0.2737	0.2737	0.2739	0.2734	0.2742
412.959	24215.50	0.2642	0.2659	0.2666	0.2675	0.2674	0.268	0.2685	0.2682	0.2682	0.2683	0.2683	0.2681	0.2681	0.2687	0.2686	0.2685	0.2686	0.2692	0.2687	0.2687	0.2694	0.2691	0.2691	0.2688	0.2685	0.269	0.2688	0.2684	0.2687	0.2686	0.2686
413.535	24181.72	0.259	0.261	0.2614	0.2626	0.2632	0.2635	0.2639	0.2637	0.2635	0.2636	0.2637	0.2635	0.2641	0.264	0.264	0.2642	0.2635	0.2642	0.2638	0.2637	0.2646	0.2642	0.2644	0.2635	0.2641	0.2642	0.2639	0.2638	0.2635	0.2644	0.2639
414.112	24148.05	0.2526	0.2547	0.2561	0.2571	0.257	0.2577	0.2581	0.2575	0.2579	0.2576	0.2579	0.2579	0.2581	0.2582	0.2584	0.2583	0.258	0.2583	0.2585	0.2583	0.2584	0.2587	0.2588	0.2582	0.2586	0.2582	0.2581	0.258	0.2577	0.2586	0.2584
414.689	24114.47	0.249	0.2515	0.2522	0.2534	0.2536	0.2537	0.2539	0.2538	0.254	0.2542	0.2538	0.2541	0.2545	0.254	0.2539	0.2547	0.2546	0.2545	0.2542	0.2549	0.2549	0.255	0.255	0.2549	0.2547	0.2544	0.2539	0.2542	0.2544	0.2544	0.2544
415.266	24080.98	0.2415	0.2441	0.2457	0.247	0.2476	0.2478	0.2469	0.247	0.2473	0.2481	0.2471	0.2474	0.2476	0.2481	0.2476	0.2479	0.2479	0.2484	0.2483	0.2481	0.2478	0.2479	0.2478	0.2476	0.2489	0.2482	0.2476	0.2478	0.2473	0.2482	0.2477
415.842	24047.58	0.2367	0.2392	0.2404	0.2419	0.2421	0.243	0.2424	0.243	0.2432	0.2436	0.2428	0.243	0.2432	0.243	0.2435	0.243	0.2433	0.243	0.2431	0.2434	0.2435	0.2434	0.2432	0.2438	0.244	0.243	0.2426	0.244	0.243	0.2434	0.243
416.419	24014.28	0.2302	0.233	0.2341	0.2361	0.2369	0.2369	0.2367	0.2371	0.237	0.2374	0.237	0.2375	0.2377	0.2377	0.2369	0.2378	0.237	0.2373	0.2364	0.2375	0.2377	0.2376	0.2374	0.2377	0.2377	0.2376	0.2371	0.237	0.2376	0.2377	0.2373
416.996	23981.06	0.2244	0.2277	0.2294	0.2301	0.2306	0.2317	0.2319	0.2323	0.232	0.232	0.2321	0.2319	0.2316	0.2321	0.2326	0.233	0.2319	0.2318	0.2317	0.2317	0.2323	0.2327	0.2325	0.2331	0.2328	0.2322	0.2322	0.2324	0.2323	0.2323	0.2321
417.572	23947.94	0.2181	0.2208	0.2232	0.2239	0.2254	0.2255	0.2255	0.2265	0.226	0.2262	0.227	0.2265	0.2266	0.2262	0.2268	0.2273	0.2267	0.2265	0.2263	0.226	0.2265	0.2263	0.2262	0.2258	0.2261	0.2263	0.2263	0.2269	0.2262	0.2262	0.2258
418.149	23914.91	0.2133	0.2167	0.2186	0.2197	0.2202	0.2201	0.2209	0.2207	0.221	0.2215	0.2217	0.2213	0.2211	0.2217	0.2219	0.2216	0.2217	0.2215	0.2219	0.2211	0.2217	0.2217	0.2215	0.2218	0.222	0.2212	0.2217	0.2214	0.221	0.2218	0.2225
418.726	23881.98	0.2076	0.2116	0.2128	0.2143	0.215	0.2156	0.2156	0.2156	0.2164	0.2159	0.2165	0.2163	0.2165	0.2165	0.216	0.2167	0.2162	0.2159	0.2161	0.2166	0.2166	0.2168	0.217	0.2166	0.2167	0.2161	0.2162	0.2161	0.216	0.2168	0.2171
419.303	23849.13	0.2026	0.2059	0.2073	0.2094	0.2104	0.2104	0.2105	0.2108	0.2107	0.211	0.2112	0.2115	0.2107	0.212	0.211	0.2111	0.2113	0.2113	0.2116	0.2112	0.2111	0.2116	0.2114	0.2114	0.2109	0.2114	0.2109	0.2105	0.2108	0.2113	0.2117
419.879	23816.37	0.1965	0.2002	0.2017	0.2031	0.2044	0.2043	0.2051	0.2048	0.205	0.2053	0.2058	0.2053	0.2055	0.2056	0.2056	0.2056	0.2059	0.2055	0.2051	0.2057	0.2057	0.2057	0.2056	0.2052	0.206	0.2057	0.2052	0.2052	0.2058	0.2058	0.2052
420.456	23783.70	0.1909	0.1948	0.1972	0.1982	0.1991	0.2002	0.1996	0.2004	0.2005	0.2006	0.2008	0.2002	0.2013	0.2004	0.2011	0.2009	0.2009	0.2008	0.2007	0.201	0.2011	0.2014	0.2008	0.2008	0.201	0.2013	0.2006	0.2009	0.2008	0.201	0.2007
421.033	23751.13	0.1852	0.1894	0.1913	0.1932	0.1938	0.1941	0.1942	0.195	0.1952	0.195	0.1951	0.1951	0.1952	0.1952	0.1953	0.195	0.1952	0.1951	0.1946	0.1954	0.1953	0.1958	0.1952	0.1952	0.1955	0.1955	0.1951	0.1947	0.1952	0.1953	0.1952
421.609	23718.64	0.1807	0.1848	0.1872	0.1884	0.1891	0.1897	0.1897	0.1904	0.1907	0.1908	0.1902	0.191	0.1908	0.1906	0.191	0.1907	0.1906	0.1905	0.191	0.1915	0.1908	0.1909	0.1911	0.1907	0.1913	0.1908	0.1906	0.1908	0.1914	0.191	0.1908
422.186	23686.24	0.1763	0.1801	0.1825	0.1839	0.1848	0.1854	0.1853	0.1861	0.1862	0.1863	0.186	0.1864	0.1865	0.1866	0.1863	0.1863	0.1864	0.187	0.1866	0.1867	0.1865	0.1868	0.1869	0.1863	0.1865	0.1864	0.1863	0.1868	0.1862	0.1867	0.1862
422.763	23653.93	0.1717	0.1764	0.1783	0.18	0.1807	0.1812	0.1815	0.1814	0.1815	0.1822	0.1824	0.1825	0.1826	0.1828	0.1827	0.1824	0.1829	0.1826	0.1826	0.1823	0.1827	0.1828	0.1822	0.1823	0.1822	0.1824	0.1821	0.1826	0.1819	0.1824	0.1824
423.339	23621.70	0.1671	0.1712	0.1738	0.1757	0.1766	0.1766	0.1775	0.1773	0.1773	0.1779	0.1778	0.1778	0.178	0.1786	0.1778	0.1781	0.1782	0.1784	0.1778	0.1779	0.178	0.1784	0.178	0.1784	0.1783	0.1779	0.1778	0.1781	0.1778	0.1778	0.1782
423.916	23589.57	0.1626	0.1667	0.1695	0.1712	0.1721	0.1722	0.1728	0.1728	0.1728	0.1735	0.1734	0.1732	0.1739	0.1739	0.1736	0.1737	0.1737	0.1736	0.1733	0.174	0.1739	0.1742	0.1735	0.1739	0.1738	0.1733	0.1736	0.1738	0.1735	0.1736	0.1738
424.493	23557.52	0.1578	0.1622	0.1649	0.1664	0.1674	0.168	0.168	0.1682	0.1688	0.1693	0.1688	0.1689	0.1688	0.1693	0.1695	0.1692	0.169	0.1688	0.1691	0.1694	0.1694	0.1693	0.1693	0.1687	0.1693	0.1692	0.1692	0.1692	0.1686	0.1689	0.1691
425.070	23525.56	0.153	0.1577	0.1607	0.1618	0.1631	0.1632	0.1637	0.1637	0.1643	0.1646	0.164	0.1646	0.1644	0.1645	0.1649	0.1648	0.1644	0.1646	0.1647	0.1645	0.1646	0.1643	0.1646	0.1646	0.1649	0.1648	0.1644	0.1643	0.1643	0.1644	0.1643
425.646	23493.68	0.1478	0.1527	0.1558	0.1569	0.1578	0.1582	0.1585	0.1589	0.1593	0.1597	0.1594	0.1597	0.1598	0.1595	0.1598	0.1596	0.1596	0.1595	0.1595	0.16	0.16	0.1597	0.1597	0.16	0.1602	0.1597	0.1594	0.1598	0.16	0.1595	0.1597
426.223	23461.89	0.1434	0.1481	0.151	0.1527	0.153	0.1539	0.1541	0.1544	0.155	0.1554	0.155	0.155	0.1551	0.1553	0.1553	0.155	0.1554	0.1552	0.1548	0.1555	0.1558	0.1554	0.1553	0.1552	0.1555	0.1555	0.1552	0.1552	0.1557	0.1551	0.1555
426.800	23430.19	0.1396	0.144	0.1465	0.1485	0.1493	0.1497	0.1504	0.1502	0.1507	0.151	0.1506	0.1509	0.151	0.1512	0.151	0.151	0.1512	0.1511	0.1509	0.1511	0.1514	0.1513	0.151	0.1509	0.1511	0.1513	0.1511	0.151	0.1513	0.1513	0.1511
427.376	23398.57	0.1351	0.1394	0.1421	0.1441	0.1455	0.1453	0.1459	0.1462	0.1462	0.1464	0.1464	0.1466	0.1468	0.1468	0.1467	0.1467	0.1468	0.1467	0.1465	0.147	0.1471	0.1472	0.1466	0.1466	0.147	0.1471	0.1467	0.147	0.1466	0.1469	0.1468
427.953	23367.04	0.1307	0.1351	0.1377	0.14	0.141	0.141	0.1417	0.142	0.1421	0.1425	0.1424	0.1425	0.1426	0.1426	0.1428	0.1426	0.1427	0.1428	0.1423	0.1427	0.1431	0.1428	0.1424	0.1425	0.143	0.1427	0.1423	0.1425	0.1422	0.1425	0.1428
428.530	23335.60	0.1263	0.1312	0.1334	0.1354	0.1361	0.137	0.1373	0.1375	0.1379	0.1381	0.1381	0.1379	0.1385	0.1385	0.1384	0.1385	0.1381	0.1385	0.1381	0.138	0.1388	0.1383	0.1381	0.1386	0.1386	0.1383	0.1379	0.1382	0.138	0.1385	0.1385
429.107	23304.23	0.1215	0.1267	0.1293	0.1307	0.1317	0.1327	0.1325	0.1328	0.1335	0.1332	0.1334	0.133	0.1337	0.134	0.1337	0.1339	0.1333	0.134	0.1334	0.1336	0.134	0.1337	0.1337	0.1341	0.1337	0.1338	0.1333	0.1337	0.1336	0.1339	0.1336
429.683	23272.96	0.1174	0.1225	0.1251	0.1266	0.1278	0.1284	0.1286	0.1287	0.1293	0.1293	0.1291	0.1293	0.1295	0.1297	0.1298	0.1298	0.1296	0.1297	0.1294	0.1296	0.1295	0.1296	0.1299	0.1297	0.1296	0.1296	0.1291	0.1296	0.1293	0.1295	0.1292
430.260	23241.76	0.1142	0.119	0.1213	0.1231	0.1244	0.1248	0.125	0.1253	0.1258	0.126	0.1257	0.1259	0.1263	0.1261	0.1264	0.1266	0.1265	0.1261	0.1257	0.1259	0.1259	0.1264	0.1265	0.1261	0.1264	0.1264	0.1259	0.1265	0.1261	0.126	0.1261
430.837	23210.65	0.1109	0.1158	0.118	0.1199	0.1211	0.1217	0.1218	0.1219	0.1226	0.1226	0.1225	0.1226	0.123	0.1224	0.123	0.1231	0.123	0.1229	0.1223	0.1229	0.1228	0.1228	0.1232	0.1226	0.1229	0.123	0.1225	0.1227	0.1231	0.1226	0.1225
431.413	23179.62	0.1073	0.1125	0.1149	0.1164	0.1177	0.1186	0.1183	0.1185	0.1192	0.1193	0.1191	0.1191	0.1197	0.1191	0.1195	0.1196	0.1195	0.1191	0.1195	0.1197	0.1194	0.1194	0.1198	0.1193	0.1197	0.12	0.1191	0.1191	0.1193	0.1195	0.1191
431.990	23148.68	0.104	0.1085	0.1117	0.1125	0.114	0.115	0.1151	0.1152	0.116	0.1163	0.1158	0.1159	0.1163	0.116	0.116	0.1165	0.1162	0.1159	0.1163	0.1162	0.1162	0.1158	0.116	0.1164	0.1165	0.1168	0.1161	0.1163	0.1159	0.1162	0.1162
432.567	23117.81	0.1006	0.105	0.1078	0.1094	0.1104	0.1116	0.1115	0.1116	0.1122	0.1129	0.1119	0.1121	0.112	0.1124	0.1123	0.1128	0.1123	0.1127	0.1127	0.1125	0.1125	0.1128	0.1125	0.1126	0.1129	0.1125	0.1126	0.1124	0.1123	0.1126	0.1129
433.144	23087.03	0.09666	0.1006	0.104	0.1053	0.1068	0.1071	0.1074	0.1077	0.1082	0.1083	0.1083	0.1085	0.1082	0.1086	0.1086	0.1084	0.1083	0.109	0.1085	0.1086	0.1089	0.109	0.1089	0.1087	0.1088	0.1086	0.1085	0.1087	0.1085	0.109	0.1091
433.720	23056.34	0.09303	0.09718	0.1004	0.102	0.1035	0.1033	0.104	0.1042	0.1048	0.1045	0.1044	0.1046	0.105	0.1052	0.1051	0.1046	0.1046	0.1049	0.1049	0.1048	0.1051	0.1054	0.105	0.1054	0.1051	0.1049	0.1048	0.1051	0.1051	0.1051	0.1052
434.297	23025.72	0.09025	0.09419	0.09745	0.09875	0.09973	0.1005	0.101	0.1008	0.1016	0.1013	0.1014	0.1013	0.1019	0.1023	0.1015	0.102	0.1011	0.1021	0.1014	0.102	0.1023	0.1015	0.1021	0.1023	0.1018	0.1017	0.1016	0.1023	0.1016	0.1019	0.1019
434.874	22995.18	0.08748	0.09152	0.09427	0.0964	0.09693	0.09733	0.09803	0.09752	0.09861	0.0986	0.09871	0.09879	0.09908	0.09882	0.09915	0.09897	0.09863	0.09888	0.09899	0.09859	0.09886	0.09909	0.09955	0.0988	0.09893	0.0988	0.09866	0.09892	0.09804	0.09915	0.0992
435.450	22964.73	0.08424	0.08835	0.09162	0.09283	0.094	0.09447	0.09454	0.09435	0.09537	0.09595	0.09554	0.09593	0.09535	0.09637	0.09634	0.09607	0.09568	0.09551	0.09566	0.09539	0.0956	0.09592	0.09611	0.096	0.09623	0.09589	0.09581	0.096	0.09608	0.09603	0.096
436.027	22934.35	0.08045	0.085	0.08767	0.08886	0.09017	0.09099	0.09077	0.09132	0.09233	0.09249	0.09237	0.09213	0.09199	0.09245	0.09234	0.0925	0.09196	0.0923	0.09215	0.09214	0.09224	0.09257	0.09212	0.09251	0.0925	0.09237	0.09215	0.09233	0.09217	0.09244	0.09214
436.604	22904.06	0.07726	0.08228	0.08491	0.08672	0.08793	0.08782	0.08807	0.08886	0.08929	0.08968	0.08852	0.08961	0.08985	0.08962	0.08964	0.08943	0.08928	0.08957	0.08954	0.08946	0.09006	0.08969	0.08965	0.08949	0.08996	0.08971	0.08898	0.08981	0.08896	0.0896	0.08934
437.181	22873.85	0.07458	0.07872	0.08166	0.08311	0.08424	0.08505	0.08519	0.08492	0.08554	0.08568	0.0857	0.08572	0.08608	0.08669	0.08586	0.08585	0.0866	0.08611	0.08601	0.08553	0.08665	0.08662	0.08624	0.08569	0.08641	0.08602	0.08578	0.08603	0.08597	0.08615	0.08565
437.757	22843.71	0.07162	0.07603	0.07876	0.08007	0.08125	0.08203	0.08261	0.08226	0.08258	0.08305	0.08269	0.08311	0.08377	0.08341	0.08337	0.08377	0.08331	0.08342	0.08347	0.08341	0.08302	0.08278	0.08333	0.08337	0.08368	0.08336	0.08328	0.08345	0.0832	0.0836	0.08269
438.334	22813.66	0.06948	0.07359	0.07545	0.07709	0.07862	0.07894	0.07965	0.07936	0.07964	0.07961	0.07976	0.07974	0.07984	0.08074	0.08043	0.08075	0.07998	0.07976	0.08073	0.07999	0.08037	0.08007	0.08012	0.08031	0.08047	0.08033	0.07994	0.07988	0.07988	0.08066	0.08047
438.911	22783.68	0.06823	0.07243	0.07483	0.07628	0.07738	0.07764	0.07765	0.07813	0.07765	0.07888	0.0779	0.07854	0.0791	0.0791	0.07888	0.07876	0.07864	0.07868	0.07893	0.07905	0.07867	0.0792	0.07832	0.07918	0.0787	0.07913	0.07922	0.07911	0.07845	0.07886	0.07888
439.487	22753.78	0.0645	0.06796	0.07167	0.07306	0.07424	0.07471	0.07474	0.07459	0.07493	0.07511	0.07556	0.07564	0.07551	0.07555	0.0752	0.07572	0.07516	0.07561	0.07525	0.07526	0.07553	0.0758	0.07584	0.0753	0.07594	0.07521	0.07565	0.07563	0.07575	0.07604	0.07523
440.064	22723.96	0.06163	0.06629	0.06858	0.07029	0.07063	0.07191	0.07224	0.07216	0.07276	0.07289	0.07245	0.07259	0.07271	0.07262	0.073	0.07236	0.07294	0.07264	0.07223	0.07342	0.07327	0.07299	0.07258	0.07252	0.07327	0.07275	0.07307	0.07299	0.07296	0.07276	0.07247
440.641	22694.22	0.05848	0.06283	0.06579	0.06663	0.06782	0.06806	0.06869	0.06835	0.06927	0.06861	0.06965	0.06995	0.06959	0.06927	0.06981	0.06954	0.06962	0.06971	0.07039	0.06972	0.0701	0.07068	0.06997	0.06952	0.06982	0.06953	0.0693	0.06986	0.06946	0.06933	0.06938
441.217	22664.56	0.05665	0.0604	0.06303	0.06468	0.06594	0.06617	0.06619	0.06646	0.06669	0.06677	0.06703	0.06691	0.06734	0.06782	0.06706	0.06697	0.06704	0.06753	0.06752	0.06708	0.06734	0.06728	0.06688	0.06732	0.06782	0.06713	0.06726	0.06752	0.06738	0.06744	0.06707
441.794	22634.97	0.05479	0.05861	0.06128	0.06302	0.06388	0.06391	0.06388	0.06482	0.06456	0.06504	0.06542	0.06578	0.06527	0.06566	0.06551	0.06585	0.06516	0.06546	0.06501	0.06527	0.06553	0.06545	0.06566	0.06539	0.06576	0.06548	0.06495	0.0651	0.06544	0.0658	0.06484
442.371	22605.47	0.0522	0.05619	0.05884	0.06013	0.06107	0.06112	0.06148	0.06161	0.06261	0.06237	0.06234	0.06236	0.06273	0.06273	0.06283	0.0626	0.06279	0.06255	0.06283	0.06271	0.06266	0.06286	0.06299	0.06284	0.06293	0.06258	0.06242	0.06274	0.06233	0.06287	0.06256
442.948	22576.03	0.05068	0.05387	0.05669	0.0579	0.0587	0.0594	0.05966	0.06013	0.05991	0.06077	0.06041	0.0606	0.06053	0.06093	0.06057	0.06065	0.06041	0.06017	0.06095	0.06061	0.06038	0.06078	0.06054	0.06062	0.06068	0.06053	0.06093	0.06053	0.06075	0.06067	0.0604
443.524	22546.68	0.04867	0.05246	0.05481	0.05608	0.05686	0.05688	0.05824	0.05777	0.05775	0.05836	0.05829	0.05867	0.05853	0.05843	0.05806	0.05875	0.05876	0.05819	0.05871	0.0583	0.05845	0.05891	0.05818	0.05858	0.05833	0.05872	0.05829	0.05845	0.05838	0.05844	0.05827
444.101	22517.40	0.04639	0.05005	0.05264	0.05395	0.05468	0.05522	0.05613	0.05551	0.05586	0.05641	0.05625	0.05628	0.05641	0.05642	0.05635	0.05665	0.05604	0.05593	0.05633	0.05609	0.05632	0.05669	0.056	0.0566	0.05641	0.05631	0.05664	0.05623	0.05635	0.0561	0.05684
444.678	22488.20	0.04477	0.04884	0.05074	0.05247	0.05364	0.05352	0.05367	0.05386	0.05433	0.05434	0.05459	0.05492	0.05489	0.05444	0.05509	0.05485	0.05478	0.05416	0.05497	0.05384	0.05466	0.05513	0.05477	0.05461	0.0554	0.05475	0.05481	0.0549	0.05469	0.05493	0.05519
445.254	22459.07	0.04275	0.04668	0.04896	0.05038	0.05158	0.0516	0.05166	0.05191	0.05261	0.05279	0.05237	0.0527	0.05315	0.05265	0.0525	0.05284	0.05261	0.05232	0.05298	0.05251	0.05225	0.05316	0.05275	0.0527	0.05326	0.05282	0.05231	0.05267	0.05288	0.05284	0.0522
445.831	22430.02	0.04154	0.04496	0.04746	0.04873	0.0491	0.04971	0.05013	0.04993	0.05047	0.05087	0.05055	0.05064	0.05082	0.05094	0.05091	0.05107	0.05074	0.05075	0.05061	0.05102	0.0506	0.05105	0.05106	0.05098	0.05118	0.05093	0.05101	0.0507	0.05091	0.05112	0.05052
446.408	22401.04	0.03951	0.04327	0.04524	0.04656	0.04707	0.04802	0.048	0.04771	0.0485	0.04873	0.04848	0.04801	0.04914	0.04865	0.04897	0.04892	0.0488	0.04841	0.04817	0.04869	0.0488	0.04896	0.04907	0.04911	0.04879	0.04845	0.04849	0.04889	0.04865	0.0491	0.04883
446.985	22372.14	0.03755	0.0413	0.04319	0.04437	0.04572	0.04608	0.04608	0.04611	0.0463	0.04647	0.04659	0.04643	0.0467	0.04662	0.047	0.04691	0.04682	0.04689	0.04679	0.0469	0.04717	0.0472	0.04714	0.04736	0.04694	0.04683	0.04644	0.04704	0.04689	0.0466	0.04667
447.561	22343.31	0.03643	0.0396	0.04178	0.0429	0.04375	0.04446	0.04455	0.04456	0.04503	0.04505	0.04501	0.04455	0.04507	0.04554	0.04553	0.04521	0.04502	0.04562	0.04555	0.04484	0.04526	0.04561	0.04515	0.04507	0.0452	0.04558	0.04507	0.04502	0.04517	0.04513	0.04474
448.138	22314.56	0.03531	0.03841	0.04051	0.0412	0.04178	0.04292	0.04283	0.04307	0.04336	0.04344	0.04353	0.04346	0.04353	0.04391	0.04392	0.04392	0.04357	0.04398	0.04384	0.04319	0.0435	0.04395	0.04399	0.04349	0.04394	0.04381	0.04357	0.04356	0.04367	0.04392	0.04332
448.715	22285.88	0.03377	0.03687	0.03925	0.03974	0.04049	0.04112	0.04141	0.04168	0.04128	0.04144	0.04203	0.04201	0.0422	0.0423	0.04232	0.04264	0.04204	0.04209	0.04207	0.04182	0.04253	0.04252	0.04244	0.04233	0.04259	0.04197	0.04214	0.04237	0.04213	0.04235	0.04216
449.291	22257.27	0.03223	0.03558	0.03772	0.0386	0.03949	0.0397	0.0401	0.04049	0.04023	0.04061	0.04066	0.04082	0.04128	0.04092	0.0409	0.0408	0.04066	0.04098	0.04064	0.04077	0.04114	0.0413	0.04086	0.04115	0.04139	0.04106	0.0409	0.04119	0.04085	0.04093	0.04075
449.868	22228.74	0.03053	0.03408	0.03595	0.037	0.03808	0.03802	0.03829	0.03833	0.03908	0.03914	0.039	0.03903	0.03941	0.03912	0.03941	0.03889	0.03888	0.03939	0.03886	0.03943	0.0393	0.03937	0.03921	0.03916	0.03935	0.0392	0.03901	0.03938	0.03899	0.03931	0.03917
450.445	22200.28	0.0292	0.03269	0.03445	0.03536	0.03675	0.0363	0.03685	0.03646	0.03736	0.03702	0.03767	0.03708	0.03757	0.03738	0.0378	0.0377	0.03721	0.03736	0.03746	0.03761	0.0376	0.03747	0.03768	0.03764	0.03758	0.03755	0.03688	0.03778	0.03725	0.0376	0.03777
451.022	22171.89	0.02846	0.03184	0.03365	0.03436	0.03556	0.03542	0.03604	0.03587	0.03589	0.03619	0.03674	0.03628	0.03654	0.03647	0.03653	0.03653	0.03617	0.03622	0.03672	0.03646	0.03663	0.03676	0.0366	0.03707	0.03678	0.03691	0.036	0.037	0.03672	0.03648	0.03658
451.598	22143.58	0.02741	0.03042	0.03223	0.03329	0.03437	0.03415	0.03477	0.03475	0.03455	0.03513	0.03512	0.03519	0.03524	0.03535	0.03536	0.03527	0.03503	0.0353	0.03534	0.03526	0.03535	0.03572	0.03522	0.03555	0.03554	0.03565	0.03524	0.03569	0.03561	0.03518	0.03528
452.175	22115.33	0.02635	0.02902	0.0308	0.03218	0.03319	0.03276	0.03328	0.03325	0.03325	0.03381	0.03346	0.0337	0.03394	0.03415	0.03418	0.03401	0.03367	0.03416	0.03369	0.03386	0.0336	0.03418	0.03408	0.03413	0.0339	0.03421	0.03401	0.03405	0.03376	0.03366	0.03408
452.752	22087.16	0.0255	0.02812	0.03014	0.03119	0.03188	0.03192	0.03237	0.03222	0.03227	0.033	0.03264	0.03275	0.03269	0.03316	0.03287	0.03274	0.03267	0.03295	0.03279	0.03279	0.03264	0.03283	0.033	0.03309	0.03302	0.03295	0.03293	0.03292	0.0326	0.03272	0.03283
453.328	22059.07	0.02435	0.02709	0.02859	0.02975	0.03042	0.03077	0.03111	0.03074	0.03115	0.03115	0.03158	0.03159	0.03093	0.03179	0.03133	0.03166	0.03149	0.03135	0.03174	0.03136	0.03162	0.03135	0.03121	0.03163	0.03223	0.03154	0.03171	0.03165	0.03154	0.03159	0.03161
453.905	22031.04	0.02335	0.02621	0.02736	0.02863	0.02887	0.02966	0.02955	0.02929	0.03019	0.0294	0.03013	0.03013	0.02961	0.03052	0.03029	0.03053	0.02995	0.03007	0.03028	0.03032	0.03031	0.03032	0.02991	0.03075	0.03067	0.03032	0.03043	0.03024	0.03054	0.03035	0.03074
454.482	22003.08	0.0224	0.02532	0.02679	0.02772	0.02779	0.0284	0.0285	0.02838	0.02937	0.02891	0.02919	0.02905	0.02887	0.02909	0.02928	0.02921	0.02892	0.02921	0.02918	0.02931	0.02939	0.02946	0.02941	0.02948	0.02966	0.02917	0.02905	0.02916	0.02979	0.02949	0.0294
455.058	21975.20	0.02116	0.0243	0.02561	0.02639	0.02669	0.02702	0.02731	0.02724	0.0278	0.02812	0.02811	0.02811	0.02796	0.02811	0.02809	0.02773	0.02779	0.02804	0.02801	0.02768	0.02841	0.02859	0.02875	0.02837	0.02849	0.02805	0.02824	0.02825	0.02834	0.02819	0.02809
455.635	21947.38	0.02017	0.02309	0.02506	0.02555	0.02597	0.02641	0.02667	0.02672	0.02711	0.02696	0.02706	0.02713	0.02745	0.02698	0.02748	0.02744	0.02721	0.02722	0.02738	0.02687	0.02733	0.02758	0.02757	0.02768	0.0272	0.02757	0.02735	0.02756	0.02708	0.02748	0.02721
456.212	21919.64	0.01959	0.02246	0.02438	0.02484	0.02562	0.0262	0.02602	0.02604	0.02618	0.02592	0.02672	0.02612	0.02658	0.02604	0.02673	0.02673	0.02667	0.02633	0.02675	0.02649	0.02648	0.02687	0.02684	0.02673	0.0265	0.02717	0.02647	0.0269	0.02669	0.02711	0.02658
456.789	21891.96	0.01914	0.02123	0.02255	0.02346	0.02423	0.02493	0.02479	0.02455	0.0246	0.02464	0.02504	0.02482	0.02461	0.02534	0.02514	0.02503	0.02479	0.02531	0.02521	0.02518	0.02514	0.02542	0.02552	0.02506	0.02545	0.02563	0.02531	0.02533	0.02516	0.02507	0.02547
457.365	21864.36	0.0182	0.02042	0.0217	0.02277	0.02322	0.02384	0.02344	0.02359	0.02416	0.02384	0.02436	0.0239	0.02439	0.02446	0.02448	0.02414	0.02412	0.02432	0.02409	0.02461	0.02405	0.0245	0.02431	0.02412	0.02431	0.02448	0.0243	0.02421	0.02445	0.02439	0.0245
457.942	21836.82	0.01729	0.0191	0.02112	0.02196	0.02222	0.02279	0.02243	0.02275	0.02298	0.02333	0.0231	0.02327	0.02399	0.02299	0.02326	0.0237	0.0231	0.02322	0.02302	0.02287	0.02358	0.0235	0.02368	0.02338	0.02331	0.02355	0.02336	0.02366	0.02352	0.02315	0.02348
458.519	21809.36	0.01657	0.0185	0.02068	0.0211	0.02139	0.02165	0.0215	0.02186	0.02157	0.02215	0.02215	0.02238	0.02286	0.0221	0.02232	0.02208	0.02229	0.0216	0.02225	0.02189	0.02191	0.02268	0.0225	0.02243	0.02284	0.02235	0.02241	0.02224	0.02213	0.02228	0.02202
459.095	21781.96	0.01562	0.01838	0.01941	0.02	0.0205	0.0211	0.02102	0.02091	0.02073	0.02177	0.02122	0.02124	0.02149	0.02151	0.02145	0.02143	0.02172	0.02166	0.02093	0.02155	0.02183	0.02185	0.0214	0.02192	0.02197	0.02171	0.02089	0.02169	0.02147	0.02164	0.02154
459.672	21754.63	0.01508	0.01747	0.01792	0.01914	0.01957	0.02001	0.01993	0.01962	0.02015	0.0206	0.02012	0.02061	0.02055	0.02049	0.02059	0.0206	0.02056	0.02044	0.02069	0.02073	0.0208	0.02137	0.02085	0.02144	0.02036	0.02048	0.01981	0.02058	0.02127	0.02076	0.02067
460.249	21727.38	0.01419	0.0168	0.01781	0.01882	0.01882	0.01942	0.01964	0.01931	0.01912	0.02002	0.01967	0.01984	0.01984	0.02063	0.02028	0.02042	0.01992	0.02016	0.01984	0.0203	0.02029	0.02038	0.01978	0.0199	0.01973	0.02048	0.01972	0.02034	0.02028	0.01994	0.02
460.826	21700.18	0.01431	0.01631	0.01757	0.01811	0.01853	0.01903	0.0188	0.01859	0.01908	0.01927	0.01954	0.01917	0.01958	0.01956	0.01956	0.01951	0.01942	0.01969	0.01885	0.01957	0.01953	0.01927	0.01954	0.01895	0.02006	0.01962	0.01897	0.01998	0.01934	0.01913	0.01917
461.402	21673.06	0.01375	0.016	0.01662	0.0169	0.01758	0.01783	0.01843	0.01859	0.01859	0.01802	0.01791	0.01878	0.01911	0.01851	0.01852	0.01898	0.01855	0.0188	0.01868	0.01909	0.01873	0.01923	0.01919	0.01889	0.01856	0.01897	0.01872	0.01891	0.01856	0.01831	0.01872
461.979	21646.01	0.01295	0.01469	0.01592	0.01595	0.01686	0.01701	0.01739	0.01714	0.01749	0.01757	0.01726	0.01771	0.018	0.01756	0.01771	0.01802	0.01761	0.01754	0.01774	0.01795	0.01751	0.01721	0.01825	0.01833	0.01783	0.0179	0.01746	0.01764	0.01762	0.01783	0.01784
462.556	21619.02	0.01203	0.01417	0.01528	0.01547	0.01638	0.01626	0.01669	0.01591	0.0169	0.017	0.01657	0.01676	0.01671	0.01681	0.01695	0.01735	0.01704	0.01722	0.01659	0.01725	0.01744	0.01708	0.01703	0.01716	0.01742	0.01714	0.01717	0.01695	0.01762	0.01714	0.01698
463.132	21592.10	0.0116	0.01345	0.01418	0.01582	0.01632	0.01617	0.01615	0.01599	0.01624	0.01617	0.01625	0.01727	0.01682	0.01732	0.0166	0.0167	0.01679	0.01692	0.01674	0.01666	0.01675	0.01684	0.01719	0.01659	0.01709	0.01668	0.01676	0.01648	0.01669	0.01702	0.01731
463.709	21565.24	0.01078	0.01366	0.01413	0.01496	0.0151	0.01506	0.01515	0.0149	0.0153	0.01602	0.01492	0.01598	0.01532	0.01549	0.01543	0.01542	0.01539	0.01576	0.01595	0.01552	0.01568	0.01568	0.01607	0.01563	0.01571	0.01545	0.01551	0.01595	0.01536	0.01587	0.01614
464.286	21538.46	0.01063	0.01319	0.0134	0.01448	0.01511	0.01509	0.01448	0.01475	0.01537	0.01507	0.01529	0.01568	0.0156	0.01562	0.01552	0.01542	0.01525	0.01557	0.01507	0.01596	0.01535	0.01537	0.01564	0.01522	0.01516	0.01527	0.01577	0.01533	0.01538	0.01518	0.01516
464.863	21511.74	0.01034	0.01206	0.01316	0.01396	0.01417	0.01414	0.01433	0.01426	0.01508	0.01469	0.01464	0.01429	0.01508	0.01502	0.01483	0.01509	0.0146	0.01455	0.01468	0.01497	0.01465	0.01546	0.0158	0.0149	0.01539	0.01496	0.01467	0.01524	0.01514	0.0154	0.0149
465.439	21485.08	0.009861	0.01164	0.01276	0.01344	0.01393	0.01371	0.0136	0.01355	0.01371	0.01457	0.01413	0.01409	0.01421	0.01413	0.01404	0.014	0.01427	0.01368	0.01399	0.01406	0.01411	0.01459	0.01468	0.01457	0.01491	0.01413	0.01387	0.01436	0.0147	0.01378	0.01409
466.016	21458.49	0.01	0.01133	0.01216	0.01248	0.01363	0.01342	0.01275	0.01301	0.01354	0.01425	0.01394	0.01377	0.01368	0.014	0.01363	0.01426	0.01382	0.01409	0.01346	0.01393	0.01317	0.01454	0.01379	0.01376	0.01435	0.0138	0.01356	0.01377	0.01403	0.0144	0.01417
466.593	21431.97	0.009033	0.01057	0.0121	0.01257	0.01292	0.01289	0.01297	0.01298	0.0131	0.01319	0.01316	0.01332	0.0136	0.01318	0.0133	0.01363	0.01332	0.01347	0.01278	0.01353	0.01335	0.01351	0.01329	0.01339	0.01369	0.01366	0.01284	0.01375	0.01322	0.01378	0.01338
467.169	21405.51	0.009056	0.01127	0.01103	0.01186	0.01282	0.01257	0.01234	0.01238	0.0126	0.01372	0.01307	0.01271	0.0134	0.01306	0.01303	0.01369	0.01357	0.013	0.01334	0.01332	0.01335	0.01356	0.01372	0.01325	0.01358	0.01342	0.0128	0.01355	0.01335	0.01306	0.01312
467.746	21379.12	0.00856	0.009393	0.01071	0.01129	0.01205	0.0114	0.01176	0.01198	0.01199	0.01235	0.01216	0.01212	0.01212	0.01246	0.01199	0.01196	0.01235	0.01213	0.01189	0.01226	0.01214	0.01255	0.01227	0.01232	0.01261	0.01253	0.01209	0.01225	0.0122	0.0125	0.01227
468.323	21352.79	0.008854	0.009834	0.01107	0.01129	0.01194	0.0123	0.01175	0.01203	0.01212	0.01174	0.01279	0.01251	0.01261	0.01248	0.01264	0.01231	0.01239	0.01229	0.01278	0.01264	0.01255	0.01278	0.01297	0.0121	0.01296	0.01235	0.01239	0.0129	0.01281	0.01264	0.01277
468.900	21326.53	0.008806	0.01061	0.01145	0.01161	0.01243	0.0127	0.01237	0.01183	0.01229	0.01218	0.01288	0.01219	0.01266	0.01293	0.01246	0.0123	0.01274	0.01282	0.01201	0.01251	0.01287	0.01309	0.01334	0.013	0.01286	0.01289	0.01304	0.01293	0.01274	0.01281	0.01307
469.476	21300.33	0.008288	0.009878	0.01047	0.01111	0.01161	0.01115	0.01215	0.0114	0.01124	0.01174	0.01165	0.01178	0.01232	0.01189	0.01198	0.01188	0.01245	0.01176	0.01164	0.01152	0.01208	0.0119	0.0122	0.01206	0.01223	0.01209	0.01173	0.01218	0.012	0.0123	0.01224
470.053	21274.20	0.007834	0.009006	0.009951	0.01046	0.01079	0.0104	0.01121	0.01101	0.01074	0.01107	0.01109	0.01105	0.01142	0.01117	0.01125	0.01167	0.01141	0.01123	0.01102	0.01112	0.01173	0.01124	0.01059	0.01126	0.01135	0.01145	0.01107	0.01108	0.01142	0.0111	0.0116
470.630	21248.13	0.006529	0.008109	0.008892	0.009953	0.00973	0.009918	0.01035	0.01013	0.009867	0.009903	0.01002	0.01011	0.0101	0.01006	0.01009	0.01046	0.0104	0.01034	0.01042	0.01053	0.01084	0.01028	0.01052	0.01022	0.01049	0.01034	0.01035	0.01011	0.009823	0.01051	0.01072
471.206	21222.13	0.006819	0.008169	0.009225	0.009722	0.009971	0.01024	0.009644	0.01006	0.01004	0.01002	0.01025	0.009951	0.009908	0.01066	0.01025	0.01007	0.01042	0.01037	0.01046	0.009959	0.01039	0.01063	0.01072	0.0103	0.01064	0.01009	0.01041	0.01038	0.009882	0.01076	0.01067
471.783	21196.18	0.006575	0.008128	0.00894	0.009581	0.009956	0.009572	0.009453	0.009471	0.009996	0.009288	0.0097	0.01019	0.009587	0.01059	0.01008	0.009809	0.009982	0.01026	0.009936	0.0102	0.01008	0.01052	0.01017	0.0103	0.01048	0.01018	0.01006	0.009976	0.009991	0.01	0.0101
472.360	21170.30	0.006275	0.008104	0.008773	0.009487	0.009673	0.009133	0.009295	0.009432	0.009487	0.009093	0.009728	0.009623	0.009506	0.009719	0.009574	0.009435	0.009965	0.009943	0.009739	0.009827	0.009936	0.01049	0.01015	0.009654	0.01035	0.009958	0.009937	0.0105	0.009741	0.009496	0.009853
472.936	21144.49	0.006216	0.007507	0.008121	0.009323	0.0091	0.009231	0.00909	0.009265	0.008838	0.009044	0.00946	0.009319	0.009317	0.009587	0.009778	0.009607	0.009502	0.009403	0.009571	0.009523	0.009628	0.009883	0.01008	0.009726	0.009949	0.01002	0.00991	0.01033	0.009634	0.009489	0.009873
473.513	21118.74	0.005961	0.007203	0.007606	0.008421	0.008336	0.008788	0.008714	0.008801	0.008722	0.009022	0.008796	0.009011	0.008609	0.009652	0.009375	0.0095	0.00912	0.009048	0.009084	0.009124	0.00927	0.008912	0.009536	0.009332	0.009248	0.009676	0.009488	0.009678	0.009208	0.009396	0.009323
474.090	21093.05	0.00603	0.006935	0.007884	0.007929	0.008397	0.008188	0.008198	0.008422	0.008749	0.00878	0.008737	0.008496	0.008617	0.009154	0.00892	0.008837	0.008758	0.008708	0.008474	0.008761	0.009109	0.008752	0.008795	0.008901	0.008877	0.009086	0.009027	0.008674	0.008809	0.008833	0.008821
474.667	21067.42	0.006281	0.007061	0.00803	0.008071	0.008601	0.008195	0.008319	0.008444	0.00874	0.00901	0.008572	0.008497	0.00882	0.00912	0.0089	0.008846	0.008417	0.008732	0.008484	0.008561	0.009076	0.009383	0.009083	0.008965	0.00901	0.009098	0.008829	0.008825	0.008964	0.008744	0.008919
475.243	21041.85	0.005342	0.006596	0.007464	0.007662	0.00787	0.007825	0.007647	0.007866	0.007968	0.008747	0.008095	0.008288	0.008059	0.008608	0.008426	0.008713	0.007978	0.008283	0.008056	0.008161	0.008655	0.009182	0.008919	0.008214	0.008599	0.008394	0.008436	0.008453	0.00842	0.008681	0.008438
475.820	21016.35	0.004824	0.006028	0.007024	0.007324	0.007486	0.007314	0.007305	0.007285	0.007708	0.00799	0.007873	0.00802	0.007647	0.007922	0.007865	0.008206	0.007761	0.007804	0.007931	0.007613	0.008047	0.008555	0.008476	0.007902	0.008186	0.007803	0.007827	0.008419	0.007867	0.00823	0.007792
476.397	20990.91	0.004658	0.005847	0.006806	0.00697	0.007528	0.007155	0.007313	0.006986	0.007256	0.007409	0.007449	0.007934	0.007886	0.007901	0.007773	0.007808	0.007448	0.00791	0.00803	0.007592	0.007518	0.008358	0.007832	0.007989	0.007973	0.00756	0.007	0.008574	0.007526	0.007636	0.007483
476.973	20965.53	0.004238	0.005734	0.006474	0.006434	0.007018	0.00692	0.006935	0.006515	0.006846	0.007423	0.007015	0.007507	0.007544	0.007829	0.007799	0.007444	0.007289	0.007639	0.007592	0.007517	0.007585	0.007997	0.007331	0.007614	0.007321	0.007136	0.007107	0.007965	0.007119	0.007255	0.007194
477.550	20940.21	0.00432	0.005431	0.006252	0.006501	0.006374	0.006624	0.006658	0.006278	0.006531	0.006964	0.00661	0.006811	0.007109	0.007341	0.007366	0.007082	0.007289	0.007123	0.006913	0.006813	0.007413	0.007144	0.007057	0.007216	0.006768	0.006816	0.00755	0.007415	0.007022	0.00711	0.007117
478.127	20914.95	0.004316	0.005057	0.005903	0.006304	0.006423	0.006479	0.006149	0.006424	0.00578	0.00637	0.006289	0.006655	0.007058	0.007089	0.006885	0.006889	0.006938	0.006876	0.006722	0.006599	0.006823	0.006845	0.006888	0.007053	0.00697	0.006476	0.006884	0.007003	0.00702	0.006785	0.006949
478.704	20889.75	0.004213	0.0053	0.00575	0.005731	0.00624	0.006255	0.00594	0.006456	0.006111	0.006545	0.00642	0.006731	0.006984	0.007159	0.006892	0.006416	0.00665	0.006552	0.006807	0.006806	0.00674	0.006721	0.006862	0.006962	0.007164	0.006261	0.006246	0.006627	0.006887	0.006479	0.006535
479.280	20864.62	0.004381	0.005303	0.005716	0.005783	0.005889	0.006013	0.006361	0.006187	0.006796	0.006378	0.006408	0.006368	0.006944	0.006878	0.006765	0.006173	0.006306	0.006356	0.006499	0.006732	0.006687	0.006336	0.006484	0.006786	0.006721	0.00664	0.00627	0.006508	0.006632	0.006464	0.006189
479.857	20839.54	0.004525	0.004786	0.005381	0.005686	0.006384	0.00606	0.006207	0.006165	0.006757	0.006434	0.00641	0.006281	0.006767	0.006601	0.006664	0.006617	0.006289	0.006532	0.00662	0.00655	0.00661	0.006687	0.006496	0.006636	0.006475	0.006907	0.006435	0.006737	0.006608	0.006606	0.006445
480.434	20814.53	0.004526	0.004905	0.005732	0.005645	0.006512	0.006197	0.005846	0.006317	0.006395	0.006633	0.006863	0.006456	0.006713	0.00674	0.006931	0.006486	0.006859	0.006662	0.006751	0.006537	0.006435	0.006933	0.006551	0.006597	0.006701	0.006565	0.006463	0.006945	0.006906	0.006742	0.007064
481.010	20789.57	0.004	0.004856	0.005524	0.005608	0.006246	0.005757	0.005844	0.005868	0.005894	0.006222	0.006514	0.006176	0.006386	0.006447	0.006377	0.006025	0.006558	0.006164	0.006274	0.006604	0.005899	0.006506	0.006568	0.006455	0.006526	0.006496	0.006017	0.006885	0.006579	0.006387	0.00631
481.587	20764.68	0.003243	0.004181	0.004506	0.004489	0.005207	0.004693	0.004883	0.004952	0.005247	0.005233	0.00495	0.005124	0.005178	0.005687	0.005192	0.005103	0.005598	0.005481	0.0053	0.005721	0.005263	0.005356	0.005901	0.005431	0.005636	0.005719	0.005034	0.005687	0.005379	0.005719	0.005426
482.164	20739.84	0.003509	0.004365	0.004816	0.004908	0.004961	0.005245	0.005363	0.005103	0.005682	0.005618	0.005166	0.005111	0.00535	0.006234	0.005314	0.005799	0.005876	0.006004	0.005389	0.005966	0.006004	0.005743	0.005815	0.005922	0.005892	0.006079	0.005321	0.005669	0.005711	0.006058	0.006033
482.741	20715.06	0.003926	0.00442	0.005299	0.005706	0.005232	0.005624	0.005639	0.005386	0.005882	0.006183	0.005806	0.005981	0.006069	0.006579	0.006063	0.006455	0.006292	0.00605	0.006222	0.00633	0.006345	0.006221	0.006725	0.006191	0.006423	0.006454	0.00601	0.005528	0.006204	0.006318	0.00629
483.317	20690.34	0.003616	0.004447	0.005516	0.004917	0.00532	0.005315	0.005045	0.00511	0.005614	0.005371	0.005438	0.00557	0.005937	0.006012	0.005933	0.006057	0.005259	0.00568	0.005905	0.005941	0.005799	0.006021	0.006276	0.005677	0.005588	0.006019	0.005696	0.005834	0.005842	0.005869	0.005602
483.894	20665.69	0.002651	0.003774	0.004063	0.004355	0.004176	0.004796	0.004777	0.004583	0.004446	0.005133	0.004816	0.004813	0.005027	0.0053	0.004929	0.004887	0.004898	0.00529	0.004926	0.004968	0.005091	0.004819	0.004742	0.0051	0.00522	0.004806	0.00506	0.005071	0.004713	0.005005	0.004473
484.471	20641.08	0.001997	0.00318	0.003616	0.003792	0.00422	0.004307	0.003853	0.004088	0.004239	0.004374	0.004507	0.003914	0.004702	0.004731	0.004484	0.004167	0.004074	0.004832	0.004382	0.004442	0.004441	0.004566	0.004373	0.004654	0.0048	0.004233	0.004091	0.004585	0.004486	0.004428	0.004305
485.047	20616.54	0.001656	0.00243	0.003029	0.003178	0.003269	0.003468	0.003213	0.003541	0.00361	0.003769	0.003656	0.003564	0.004058	0.00393	0.0039	0.00361	0.003723	0.004383	0.003788	0.003929	0.004092	0.004302	0.003967	0.004044	0.004242	0.003776	0.003714	0.004044	0.004075	0.003842	0.004123
485.624	20592.06	0.001105	0.002008	0.002391	0.002452	0.002573	0.002787	0.002734	0.002634	0.002882	0.00292	0.002956	0.002888	0.003305	0.002858	0.002713	0.003018	0.003094	0.003182	0.002986	0.002846	0.002972	0.003131	0.0032	0.002927	0.00309	0.003176	0.003024	0.003163	0.003071	0.002592	0.00277
486.201	20567.63	0.00113	0.001919	0.002357	0.002529	0.002768	0.002637	0.00289	0.00195	0.002699	0.002673	0.002893	0.003013	0.003181	0.002656	0.00278	0.002963	0.002353	0.002861	0.002625	0.00263	0.002445	0.003047	0.002911	0.002664	0.002925	0.002945	0.002673	0.002649	0.002521	0.002589	0.002622
486.777	20543.27	0.002356	0.003373	0.003514	0.00376	0.003877	0.004406	0.004175	0.00398	0.004018	0.004086	0.004515	0.004181	0.004355	0.004129	0.003809	0.004609	0.004091	0.004362	0.004473	0.004404	0.004305	0.004821	0.004664	0.004031	0.004802	0.00461	0.004417	0.004435	0.00414	0.004453	0.004793
487.354	20518.96	0.003219	0.004343	0.004368	0.004144	0.005098	0.005476	0.005271	0.005214	0.004862	0.005639	0.005534	0.005113	0.005404	0.005266	0.004943	0.005315	0.005248	0.004953	0.005512	0.005191	0.005619	0.005202	0.005486	0.005401	0.005149	0.005271	0.005265	0.005705	0.005047	0.005372	0.0053
487.931	20494.70	0.003308	0.003852	0.00399	0.004599	0.004755	0.004897	0.004169	0.004521	0.004656	0.00491	0.004214	0.004476	0.004758	0.004943	0.005223	0.004794	0.004767	0.00437	0.005019	0.004872	0.004704	0.00511	0.005257	0.00453	0.005732	0.004717	0.005074	0.004813	0.004716	0.005369	0.004949
488.508	20470.51	0.002559	0.00283	0.003252	0.003454	0.004499	0.003684	0.003655	0.003602	0.004116	0.004627	0.003663	0.004198	0.004402	0.00421	0.003907	0.003841	0.004174	0.00362	0.003584	0.003883	0.004621	0.004292	0.004278	0.004334	0.004256	0.004266	0.004484	0.00413	0.00442	0.004961	0.004303
489.084	20446.37	0.002461	0.003785	0.003934	0.003915	0.004363	0.004484	0.004444	0.004077	0.00406	0.00408	0.004571	0.004282	0.004482	0.004146	0.003793	0.004354	0.004376	0.004329	0.004481	0.003941	0.004219	0.004651	0.004286	0.004754	0.005064	0.005177	0.004654	0.004938	0.004702	0.004696	0.004623
489.661	20422.29	0.001693	0.003294	0.003251	0.00377	0.003729	0.003949	0.004362	0.004229	0.004111	0.004235	0.003826	0.003846	0.004369	0.004105	0.003836	0.003196	0.003497	0.003399	0.004196	0.004094	0.004251	0.003924	0.004133	0.003881	0.003993	0.003806	0.004547	0.003882	0.004333	0.004159	0.003878
490.238	20398.27	0.001933	0.002723	0.003775	0.004453	0.004353	0.004545	0.004502	0.004275	0.003838	0.004906	0.0044	0.003965	0.003845	0.004386	0.004078	0.004434	0.004284	0.004578	0.004418	0.004567	0.004226	0.004206	0.004911	0.004154	0.004916	0.004247	0.004072	0.005266	0.00435	0.004918	0.004277
490.814	20374.30	0.001944	0.00311	0.003826	0.00374	0.003535	0.003359	0.004062	0.003287	0.004086	0.003838	0.003976	0.003581	0.004566	0.003964	0.003925	0.004229	0.003276	0.003936	0.003232	0.004134	0.003815	0.003997	0.003645	0.003484	0.00403	0.004028	0.003803	0.003788	0.004213	0.004332	0.003399
491.391	20350.39	0.002186	0.002733	0.002612	0.003265	0.003273	0.002732	0.002776	0.002884	0.003786	0.003582	0.003444	0.003429	0.003643	0.003663	0.003646	0.003475	0.003649	0.003238	0.003408	0.003444	0.00312	0.003896	0.003327	0.003713	0.003896	0.003748	0.003308	0.003269	0.003236	0.003414	0.003528
491.968	20326.53	0.002703	0.00354	0.003696	0.003677	0.004349	0.004142	0.003993	0.004052	0.003858	0.004223	0.004155	0.004283	0.003676	0.004943	0.003962	0.004247	0.004253	0.004411	0.004532	0.004297	0.004958	0.004004	0.00457	0.004641	0.005237	0.004025	0.004653	0.004728	0.004034	0.00425	0.004792
492.545	20302.73	0.002332	0.003219	0.0033	0.003157	0.003384	0.003412	0.003288	0.003357	0.002867	0.003879	0.003668	0.004073	0.002967	0.004168	0.003861	0.003138	0.003966	0.003133	0.003921	0.003289	0.003973	0.003862	0.003558	0.004199	0.003788	0.003707	0.00374	0.004057	0.003605	0.003166	0.004202
493.121	20278.99	0.002523	0.003667	0.003669	0.003398	0.004374	0.003845	0.003435	0.003594	0.002942	0.00411	0.003957	0.004062	0.004122	0.004184	0.003493	0.00351	0.003662	0.003717	0.004332	0.003924	0.003593	0.003756	0.00428	0.004397	0.004032	0.003691	0.003224	0.003501	0.003602	0.003624	0.003858
493.698	20255.30	0.002528	0.002715	0.003821	0.00344	0.004206	0.003716	0.003705	0.002887	0.003682	0.003786	0.003726	0.004299	0.003642	0.004566	0.003997	0.003937	0.003851	0.003951	0.003895	0.003978	0.004309	0.00434	0.004161	0.004663	0.003609	0.004013	0.003042	0.004166	0.003911	0.003585	0.003996
494.275	20231.66	0.002081	0.002998	0.003218	0.00267	0.003792	0.002913	0.002608	0.003226	0.00343	0.002932	0.002904	0.004263	0.002981	0.004095	0.003127	0.003135	0.003765	0.003725	0.003022	0.00331	0.003805	0.003481	0.003676	0.003035	0.003607	0.003884	0.00326	0.003324	0.003204	0.003047	0.00342
494.851	20208.09	0.002071	0.003051	0.003371	0.003263	0.003525	0.003467	0.002868	0.002462	0.003045	0.00367	0.002591	0.003712	0.003409	0.003385	0.003095	0.002907	0.003541	0.00362	0.003301	0.003257	0.003279	0.003187	0.003304	0.003935	0.003805	0.002879	0.003382	0.00345	0.003451	0.003327	0.003462
495.428	20184.56	0.002081	0.00356	0.003	0.003451	0.003215	0.003333	0.003093	0.00271	0.00319	0.003619	0.002739	0.003123	0.003585	0.003503	0.003516	0.002989	0.003113	0.003778	0.003018	0.00314	0.004063	0.003176	0.003397	0.003913	0.003522	0.002494	0.003292	0.003862	0.003222	0.003143	0.003117
496.005	20161.09	0.001955	0.002931	0.00253	0.003042	0.00292	0.002853	0.003067	0.002886	0.002968	0.003486	0.003437	0.002889	0.00334	0.00392	0.003026	0.002882	0.002998	0.003365	0.002965	0.002896	0.002966	0.003651	0.00301	0.003358	0.003569	0.003016	0.003466	0.003674	0.002878	0.003261	0.00347
496.582	20137.68	0.002341	0.002544	0.002939	0.003716	0.003024	0.003645	0.002862	0.00319	0.002912	0.00372	0.003403	0.003354	0.003682	0.004183	0.003579	0.002911	0.003371	0.003485	0.003175	0.003232	0.003306	0.003939	0.003228	0.003222	0.004101	0.003575	0.003682	0.003485	0.003176	0.003791	0.003059
497.158	20114.32	0.002	0.002788	0.002555	0.002771	0.003051	0.00346	0.002948	0.002836	0.003263	0.002793	0.003685	0.002866	0.003143	0.003532	0.003175	0.003483	0.00319	0.003642	0.003073	0.002701	0.003436	0.003164	0.003116	0.003383	0.004182	0.003525	0.003601	0.00336	0.003703	0.003739	0.00299
497.735	20091.01	0.001641	0.002446	0.002079	0.002566	0.002991	0.002284	0.003213	0.002271	0.002506	0.002875	0.003145	0.002398	0.002874	0.003033	0.00329	0.002876	0.002823	0.003033	0.002864	0.00242	0.002895	0.003517	0.002861	0.002894	0.002981	0.003246	0.002884	0.003229	0.002854	0.003457	0.002289
498.312	20067.76	0.001311	0.002343	0.001828	0.002584	0.002785	0.001938	0.001624	0.001803	0.001902	0.002831	0.002	0.002066	0.003002	0.002855	0.002577	0.002729	0.002563	0.001762	0.002437	0.002316	0.002154	0.002677	0.002275	0.00268	0.002629	0.002338	0.001829	0.002512	0.002361	0.002335	0.001778
498.888	20044.56	0.001475	0.002561	0.002222	0.002421	0.001945	0.002258	0.002066	0.002044	0.002968	0.003132	0.002144	0.002691	0.003038	0.002816	0.003057	0.002645	0.00274	0.003055	0.002507	0.002801	0.002451	0.002773	0.002368	0.003129	0.003402	0.002813	0.002101	0.003131	0.002989	0.00286	0.002683
499.465	20021.42	0.001552	0.003139	0.002307	0.003146	0.002827	0.002709	0.003153	0.002322	0.003229	0.002883	0.00236	0.003047	0.003114	0.003343	0.003296	0.002981	0.00282	0.003218	0.002735	0.002935	0.003103	0.003278	0.002834	0.003055	0.003663	0.003348	0.003466	0.003147	0.003451	0.003066	0.002633
500.042	19998.33	0.001458	0.001977	0.002381	0.003295	0.003217	0.002986	0.003068	0.002491	0.002724	0.002669	0.002984	0.002973	0.002697	0.003067	0.003024	0.002996	0.00294	0.003064	0.002702	0.002784	0.003572	0.003329	0.003539	0.002934	0.003113	0.00362	0.003352	0.003571	0.003045	0.002991	0.002725
500.619	19975.29	0.002184	0.00207	0.002807	0.002679	0.00318	0.002704	0.0028	0.002077	0.002875	0.002856	0.003257	0.002671	0.002884	0.003108	0.002711	0.003203	0.002765	0.003096	0.002846	0.003003	0.003075	0.002918	0.003357	0.00272	0.003374	0.003283	0.00347	0.00298	0.002788	0.003128	0.003007
501.195	19952.31	0.002443	0.003018	0.003234	0.002665	0.003134	0.003062	0.003175	0.002636	0.00316	0.003644	0.003268	0.00272	0.003443	0.002671	0.003255	0.00331	0.002727	0.003325	0.00332	0.003489	0.003445	0.003234	0.003326	0.002927	0.003708	0.003756	0.003392	0.002974	0.002869	0.003459	0.002841
501.772	19929.37	0.002478	0.002956	0.003365	0.002788	0.003351	0.002717	0.003218	0.003253	0.003267	0.003681	0.003038	0.002681	0.003675	0.003147	0.003558	0.003272	0.002744	0.003362	0.003343	0.003278	0.003709	0.003279	0.003216	0.003267	0.0033	0.003427	0.00339	0.003636	0.003441	0.00365	0.002705
502.349	19906.49	0.002252	0.002505	0.003007	0.002779	0.00287	0.002974	0.003281	0.00331	0.002981	0.003205	0.003087	0.002939	0.003718	0.003322	0.003487	0.003643	0.003236	0.003486	0.003064	0.003151	0.003425	0.003238	0.003145	0.003307	0.003217	0.002729	0.003343	0.003793	0.003336	0.003301	0.002522
502.925	19883.67	0.00145	0.001837	0.001965	0.002351	0.00236	0.002793	0.002794	0.00282	0.00226	0.002342	0.002421	0.002529	0.002953	0.002593	0.003347	0.002698	0.002937	0.002877	0.002717	0.002578	0.002596	0.002906	0.002804	0.002677	0.002955	0.002239	0.003005	0.00314	0.002272	0.002941	0.002668
503.502	19860.89	0.001723	0.001964	0.00219	0.002218	0.00262	0.002709	0.002436	0.00219	0.002215	0.002485	0.002516	0.002388	0.002571	0.0029	0.002653	0.002704	0.002978	0.002536	0.002496	0.002512	0.002692	0.002972	0.00314	0.002902	0.003107	0.0026	0.00305	0.002832	0.002653	0.002923	0.002503
504.079	19838.17	0.001717	0.002546	0.002855	0.002583	0.003045	0.00275	0.002359	0.002325	0.002651	0.002707	0.002594	0.002659	0.003109	0.00318	0.00275	0.002844	0.002838	0.002855	0.002303	0.002695	0.002825	0.003215	0.003283	0.003083	0.003096	0.002664	0.003007	0.003156	0.002982	0.003285	0.002667
504.655	19815.50	0.001931	0.002848	0.002943	0.002978	0.003504	0.003065	0.002526	0.002931	0.00275	0.002613	0.002784	0.003101	0.003729	0.003406	0.003527	0.003216	0.003058	0.003384	0.003165	0.002663	0.003465	0.003456	0.003186	0.003606	0.00347	0.002948	0.003137	0.003653	0.003419	0.003404	0.003302
505.232	19792.88	0.00207	0.002432	0.002529	0.002623	0.003079	0.002924	0.002619	0.002394	0.002571	0.002598	0.003157	0.003297	0.003355	0.003371	0.002956	0.00329	0.003085	0.002898	0.002977	0.003009	0.003358	0.003453	0.00295	0.003443	0.003214	0.00318	0.003049	0.003416	0.003057	0.003241	0.002683
505.809	19770.31	0.001744	0.002066	0.002	0.002277	0.002566	0.002398	0.002097	0.001892	0.002422	0.002676	0.00282	0.003142	0.003055	0.002771	0.002362	0.002996	0.002888	0.002938	0.002084	0.002759	0.00291	0.003232	0.002933	0.002858	0.003101	0.003049	0.002984	0.002911	0.002355	0.002828	0.002444
506.386	19747.80	0.001713	0.002376	0.002263	0.002603	0.002672	0.002446	0.001903	0.002433	0.002241	0.00259	0.00273	0.002851	0.003476	0.002804	0.002361	0.003285	0.002905	0.0034	0.002544	0.002533	0.003248	0.003285	0.003213	0.002761	0.00339	0.002946	0.003141	0.003167	0.002852	0.002972	0.003208
506.962	19725.33	0.002005	0.002322	0.002806	0.003147	0.002884	0.002706	0.002968	0.003084	0.002489	0.002625	0.003114	0.003089	0.003321	0.003368	0.002617	0.003652	0.003148	0.003175	0.003252	0.002854	0.00267	0.00336	0.00312	0.003115	0.003292	0.003411	0.003363	0.003414	0.002978	0.003211	0.003518
507.539	19702.92	0.00169	0.001546	0.002559	0.002687	0.002685	0.002366	0.003072	0.002643	0.002044	0.002188	0.002679	0.002767	0.002434	0.002896	0.002478	0.003224	0.002562	0.00267	0.003039	0.002273	0.002165	0.002734	0.002719	0.002918	0.002947	0.002717	0.002846	0.002517	0.002481	0.002446	0.002666
508.116	19680.56	0.001308	0.00203	0.002913	0.003027	0.002841	0.00246	0.002843	0.002427	0.002025	0.002444	0.002891	0.002601	0.002587	0.002817	0.002777	0.002978	0.002119	0.002785	0.002783	0.002768	0.003099	0.002628	0.00298	0.002551	0.003232	0.002117	0.002789	0.002841	0.002771	0.002587	0.002595
508.692	19658.24	0.002086	0.003354	0.003145	0.004348	0.003438	0.003307	0.003203	0.002955	0.003067	0.00322	0.003697	0.003617	0.00352	0.003544	0.004027	0.003831	0.003543	0.003333	0.003272	0.003861	0.003608	0.00333	0.003445	0.003479	0.004156	0.003887	0.00355	0.004228	0.003348	0.003324	0.003591
509.269	19635.98	0.001542	0.00271	0.001745	0.002819	0.002647	0.00264	0.002112	0.002038	0.002098	0.001996	0.002556	0.002602	0.002693	0.002532	0.003069	0.002814	0.002748	0.002293	0.002475	0.002699	0.002791	0.0031	0.002508	0.003045	0.00274	0.003389	0.002306	0.003242	0.002558	0.002812	0.002525
509.846	19613.77	0.001264	0.001975	0.002016	0.002082	0.002422	0.002475	0.002413	0.002218	0.001796	0.00226	0.00242	0.00201	0.002132	0.002141	0.002707	0.001808	0.00162	0.002361	0.001641	0.002441	0.002274	0.003076	0.002254	0.002517	0.00212	0.002486	0.001939	0.002736	0.002288	0.002498	0.002385
510.423	19591.61	0.00266	0.002372	0.003165	0.003396	0.003004	0.003471	0.003059	0.0032	0.002487	0.003111	0.003196	0.003142	0.003175	0.003432	0.003754	0.003026	0.002994	0.003116	0.002529	0.003309	0.002948	0.003448	0.003112	0.003179	0.003057	0.0032	0.002951	0.003656	0.003163	0.002838	0.003428
510.999	19569.50	0.002035	0.002439	0.003408	0.003433	0.003076	0.003371	0.003153	0.003052	0.002555	0.003082	0.002684	0.003472	0.003215	0.004319	0.003439	0.003398	0.003737	0.002948	0.002886	0.003178	0.004169	0.003349	0.003587	0.003706	0.002883	0.003265	0.003427	0.003978	0.003315	0.002671	0.003481
511.576	19547.44	0.001123	0.001756	0.003099	0.002233	0.002443	0.003056	0.002713	0.002319	0.002275	0.002399	0.002236	0.00252	0.003039	0.003036	0.00288	0.002932	0.003098	0.002503	0.002911	0.002966	0.003411	0.00221	0.003772	0.003035	0.002985	0.002428	0.002659	0.003114	0.003121	0.002799	0.00268
512.153	19525.43	0.002247	0.00194	0.002854	0.003002	0.00266	0.002919	0.001883	0.002711	0.003095	0.003317	0.002614	0.002404	0.003734	0.003232	0.003187	0.003001	0.003384	0.00329	0.003258	0.003866	0.003681	0.003058	0.003954	0.003647	0.003637	0.002724	0.003088	0.003549	0.003088	0.003871	0.002962
512.729	19503.47	0.001658	0.002149	0.001907	0.00232	0.002084	0.001834	0.001568	0.002481	0.002903	0.003023	0.002484	0.002278	0.002473	0.002384	0.002448	0.002051	0.002901	0.00265	0.00239	0.00295	0.002494	0.003061	0.002667	0.002799	0.002948	0.002402	0.002362	0.002929	0.002531	0.00286	0.002557
513.306	19481.55	0.002668	0.003532	0.003145	0.003145	0.003579	0.002895	0.002539	0.003088	0.003322	0.002656	0.003256	0.003222	0.002902	0.003234	0.003438	0.00341	0.003128	0.003117	0.003036	0.003505	0.003189	0.003377	0.003366	0.003358	0.003594	0.003151	0.003793	0.003498	0.002807	0.003655	0.003236
513.883	19459.69	0.002862	0.003051	0.002531	0.003502	0.003281	0.002075	0.002739	0.002218	0.003047	0.002319	0.002421	0.00253	0.002262	0.003497	0.002828	0.002971	0.003529	0.002737	0.002604	0.002802	0.002555	0.003334	0.002876	0.003464	0.003583	0.002776	0.003343	0.003576	0.003208	0.003407	0.003301
514.460	19437.87	0.002503	0.002595	0.002077	0.003261	0.00277	0.002053	0.002003	0.001956	0.002383	0.002423	0.002261	0.002641	0.003414	0.002469	0.003238	0.002644	0.002801	0.002485	0.00263	0.002168	0.003655	0.002914	0.003058	0.003346	0.003249	0.00257	0.003268	0.00287	0.002871	0.003002	0.002814
515.036	19416.11	0.002612	0.002794	0.003358	0.003184	0.002809	0.00353	0.002935	0.002118	0.002464	0.002811	0.002445	0.00337	0.003622	0.002699	0.00395	0.003252	0.003364	0.002852	0.002456	0.002852	0.003382	0.003288	0.003507	0.003574	0.003306	0.003765	0.003538	0.003596	0.002832	0.002978	0.003039
515.613	19394.39	0.002484	0.002894	0.003015	0.002396	0.003167	0.003266	0.002584	0.002906	0.002231	0.002928	0.002993	0.002797	0.002872	0.003201	0.003247	0.002099	0.00318	0.00311	0.002728	0.00253	0.003333	0.003804	0.00312	0.003514	0.003257	0.003047	0.00295	0.003757	0.003357	0.002665	0.003252
516.190	19372.72	0.002745	0.003063	0.002132	0.003146	0.003116	0.003083	0.002266	0.003141	0.002874	0.002699	0.00307	0.003274	0.00386	0.002837	0.004004	0.00344	0.003708	0.003318	0.003148	0.002823	0.004215	0.004	0.003551	0.00337	0.003013	0.003648	0.003225	0.00349	0.002726	0.003411	0.003444
516.766	19351.10	0.002341	0.002096	0.003074	0.003681	0.003044	0.002547	0.003324	0.003117	0.002427	0.002382	0.002766	0.002759	0.003279	0.002832	0.003606	0.003752	0.003521	0.002399	0.003355	0.003631	0.003132	0.004204	0.003429	0.002422	0.003475	0.003649	0.003321	0.003478	0.003128	0.00392	0.003488
517.343	19329.53	0.002932	0.001646	0.003189	0.003389	0.003344	0.00286	0.003373	0.003068	0.003561	0.003337	0.003247	0.004025	0.003405	0.003824	0.003197	0.003663	0.003494	0.003353	0.003102	0.003747	0.003275	0.00355	0.003703	0.002979	0.003413	0.00344	0.003701	0.003305	0.003344	0.003406	0.003817
517.920	19308.01	0.001424	0.002718	0.002878	0.002187	0.002375	0.002569	0.002619	0.002633	0.002588	0.00249	0.003194	0.00263	0.002693	0.002383	0.002473	0.00206	0.002926	0.003497	0.003143	0.00235	0.003064	0.002705	0.003556	0.002703	0.003849	0.002358	0.002109	0.002842	0.002111	0.003413	0.003161
518.496	19286.53	0.001867	0.001817	0.002813	0.001608	0.002616	0.002095	0.001301	0.002869	0.002329	0.002914	0.002699	0.00338	0.002023	0.002346	0.002916	0.002363	0.00274	0.00297	0.002741	0.002189	0.002772	0.002753	0.003538	0.002759	0.003278	0.002352	0.003176	0.003283	0.001727	0.00294	0.002862
519.073	19265.11	0.00196	0.00358	0.003206	0.003349	0.003107	0.002399	0.001714	0.003047	0.002952	0.002248	0.002627	0.003505	0.003203	0.004001	0.003689	0.002977	0.003837	0.002791	0.002459	0.002402	0.002444	0.00376	0.003162	0.003019	0.003073	0.003462	0.003473	0.003683	0.00311	0.003496	0.002832
519.650	19243.72	0.001425	0.002412	0.00311	0.003027	0.002905	0.002629	0.001994	0.002479	0.00318	0.002404	0.002938	0.00334	0.002721	0.002823	0.002647	0.003024	0.003256	0.002617	0.002247	0.002923	0.00337	0.00302	0.003524	0.002975	0.003465	0.002562	0.002989	0.003658	0.002645	0.002164	0.003633
520.227	19222.39	0.003253	0.003255	0.003872	0.003927	0.003692	0.00362	0.003387	0.003669	0.003174	0.003104	0.003945	0.004437	0.004839	0.003606	0.003894	0.003685	0.003597	0.003031	0.003986	0.0039	0.003536	0.003589	0.003635	0.003818	0.003809	0.004073	0.003483	0.004347	0.004316	0.003902	0.003639
520.803	19201.11	0.001339	0.002547	0.00327	0.002333	0.002757	0.002309	0.002271	0.002611	0.002827	0.002839	0.002549	0.003747	0.00412	0.003184	0.0033	0.003317	0.003177	0.003054	0.003358	0.003635	0.00415	0.003196	0.002825	0.002365	0.002865	0.002145	0.003044	0.00295	0.003341	0.003484	0.003025
521.380	19179.87	0.001692	0.002164	0.00124	0.002778	0.001468	0.001578	0.002457	0.001267	0.002254	0.002716	0.002222	0.001377	0.002535	0.002134	0.002085	0.002592	0.001602	0.002098	0.001215	0.002351	0.001804	0.002792	0.002596	0.002014	0.00285	0.002029	0.00195	0.001493	0.002401	0.003458	0.001741
521.957	19158.68	0.001653	0.00255	0.002004	0.002576	0.00251	0.001648	0.002202	0.001999	0.001823	0.002377	0.001322	0.003137	0.002304	0.003214	0.00313	0.00319	0.002167	0.002091	0.001991	0.002342	0.002719	0.002247	0.003651	0.003107	0.002153	0.001907	0.002399	0.002618	0.001967	0.002417	0.002759
522.533	19137.53	0.002442	0.002335	0.003686	0.002638	0.003284	0.003221	0.003126	0.002504	0.003374	0.003687	0.003365	0.003363	0.003033	0.003333	0.00371	0.003674	0.002422	0.004783	0.002036	0.003603	0.003948	0.003632	0.003201	0.003182	0.003383	0.004084	0.003258	0.00325	0.003952	0.003003	0.003505
523.110	19116.43	0.003283	0.003103	0.003621	0.003086	0.004005	0.003384	0.003748	0.003579	0.003709	0.00451	0.003154	0.00401	0.003628	0.00386	0.0033	0.003726	0.0034	0.002811	0.003477	0.004499	0.003191	0.004811	0.003681	0.003643	0.003987	0.003795	0.004477	0.00387	0.003547	0.003882	0.003801
523.687	19095.38	0.002051	0.001469	0.002372	0.001694	0.002556	0.002624	0.002127	0.001645	0.002118	0.002857	0.002213	0.002496	0.002154	0.003486	0.002835	0.00262	0.00205	0.002629	0.002306	0.002661	0.003264	0.002883	0.002688	0.002613	0.002563	0.002304	0.002967	0.002583	0.00268	0.002736	0.001997
524.264	19074.37	0.002937	0.003801	0.003162	0.003067	0.00388	0.004229	0.003401	0.003265	0.003447	0.003179	0.002677	0.002875	0.002564	0.002879	0.00326	0.003741	0.00268	0.003203	0.003019	0.003674	0.003278	0.003044	0.003781	0.002835	0.00354	0.003332	0.003566	0.003708	0.003436	0.004179	0.004041
524.840	19053.42	0.002466	0.00289	0.002438	0.00304	0.003297	0.003449	0.003443	0.003304	0.002837	0.002798	0.003453	0.003049	0.003882	0.002962	0.00338	0.003336	0.003689	0.002956	0.001958	0.002204	0.003798	0.003234	0.003444	0.003648	0.003622	0.002239	0.003018	0.002716	0.003214	0.003031	0.003349
525.417	19032.50	0.001474	0.001621	0.001249	0.00167	0.001682	0.002005	0.001841	0.001571	0.001847	0.002345	0.002083	0.002716	0.002382	0.00256	0.001492	0.002325	0.002556	0.002064	0.002432	0.00163	0.001575	0.001862	0.002195	0.003475	0.002372	0.002182	0.001568	0.001955	0.002063	0.001874	0.002047
525.994	19011.63	0.002312	0.00267	0.001886	0.002293	0.00295	0.002561	0.002289	0.0024	0.002448	0.002478	0.003068	0.003575	0.003444	0.002762	0.002471	0.002384	0.002985	0.002331	0.002497	0.002291	0.00333	0.002743	0.002725	0.002263	0.002515	0.003528	0.002721	0.002788	0.003054	0.002719	0.00277
526.570	18990.81	0.002008	0.002623	0.002518	0.002185	0.002466	0.002418	0.002356	0.001967	0.002379	0.00234	0.002685	0.002684	0.003233	0.002649	0.003145	0.002222	0.002396	0.002715	0.002351	0.002455	0.002968	0.002706	0.002873	0.002545	0.003059	0.003165	0.002568	0.002503	0.003014	0.003637	0.002702
527.147	18970.04	0.002317	0.001751	0.002044	0.002173	0.002491	0.0028	0.001696	0.00206	0.002015	0.002112	0.00286	0.00188	0.002325	0.001672	0.002871	0.002837	0.002112	0.002554	0.002042	0.002759	0.003344	0.002744	0.003134	0.002467	0.002833	0.001827	0.002023	0.002382	0.002639	0.002253	0.002815
527.724	18949.30	0.001763	0.001655	0.002818	0.003039	0.002287	0.002611	0.002066	0.001917	0.002585	0.002664	0.002505	0.002403	0.003221	0.002714	0.00196	0.002093	0.002153	0.002694	0.002122	0.002837	0.003116	0.003188	0.002947	0.002747	0.002861	0.00226	0.002237	0.00274	0.002553	0.00223	0.002341
528.301	18928.62	0.00144	0.001511	0.002032	0.002073	0.001649	0.002562	0.002279	0.001261	0.002052	0.001593	0.002142	0.002243	0.002702	0.002731	0.002053	0.002222	0.001571	0.002398	0.002137	0.00225	0.002461	0.002526	0.002976	0.001653	0.002536	0.002675	0.002098	0.002315	0.002169	0.002961	0.002482
528.877	18907.98	0.001793	0.001904	0.001826	0.002656	0.002145	0.002306	0.002469	0.001821	0.001768	0.001971	0.001445	0.002608	0.002196	0.00203	0.001912	0.00245	0.002188	0.001967	0.002022	0.002115	0.002668	0.002257	0.001741	0.001409	0.002048	0.001852	0.002153	0.002566	0.002693	0.002411	0.001787
529.454	18887.38	0.000306	0.0008572	0.001709	0.001897	0.001521	0.002136	0.001423	0.001207	0.00141	0.001508	0.001805	0.00203	0.001938	0.002059	0.001459	0.001791	0.001649	0.001626	0.001179	0.001849	0.001752	0.002077	0.001584	0.0006079	0.002101	0.001301	0.001314	0.0009296	0.001923	0.001781	0.00122
530.031	18866.83	0.00101	0.001532	0.001198	0.001224	0.001314	0.001651	0.001573	0.001308	0.0015	0.00137	0.00117	0.00158	0.001362	0.001423	0.001561	0.001525	0.001772	0.001096	0.001383	0.001585	0.001287	0.001577	0.001232	0.001317	0.001905	0.001277	0.001118	0.002352	0.001515	0.001749	0.001158
530.607	18846.33	0.001674	0.001824	0.0009455	0.001541	0.001112	0.001006	0.001304	0.001649	0.001459	0.001877	0.0009864	0.001498	0.001545	0.002091	0.001192	0.001217	0.001395	0.001965	0.001483	0.001427	0.001857	0.001771	0.002492	0.001382	0.002027	0.001515	0.001495	0.001904	0.001302	0.001868	0.00159
531.184	18825.86	0.002314	0.002545	0.00234	0.002907	0.002197	0.00174	0.00199	0.001977	0.002382	0.001881	0.002054	0.002165	0.001969	0.002257	0.002341	0.002335	0.002068	0.002793	0.00224	0.002729	0.002327	0.002766	0.003189	0.00265	0.003095	0.002698	0.002445	0.002737	0.002577	0.003216	0.003294
531.761	18805.45	0.002394	0.002465	0.003088	0.003387	0.002758	0.002478	0.002978	0.002535	0.002849	0.002545	0.002931	0.002557	0.00264	0.002651	0.002892	0.002634	0.00258	0.003451	0.002809	0.002562	0.002714	0.002743	0.002316	0.002751	0.002677	0.002814	0.002103	0.003033	0.002792	0.002799	0.003241
532.338	18785.07	0.002362	0.002285	0.002344	0.002748	0.002167	0.002535	0.002009	0.001824	0.002494	0.002476	0.002153	0.002714	0.002624	0.002524	0.002573	0.002795	0.002718	0.002072	0.001661	0.002623	0.002622	0.002715	0.002154	0.002596	0.002713	0.001877	0.002051	0.002929	0.002295	0.001902	0.002505
532.914	18764.75	0.001883	0.001621	0.002152	0.002064	0.002691	0.002163	0.001692	0.001267	0.001739	0.002443	0.001643	0.001991	0.002185	0.002451	0.002289	0.002333	0.002551	0.001849	0.001457	0.002318	0.002044	0.001998	0.002037	0.00198	0.002257	0.00202	0.001658	0.002252	0.001873	0.002095	0.002036
533.491	18744.46	0.001229	0.001276	0.001424	0.001524	0.001867	0.0008924	0.0009081	0.001388	0.001412	0.001312	0.001395	0.002222	0.001346	0.002082	0.001667	0.001266	0.002237	0.001609	0.001372	0.001647	0.001477	0.001996	0.001428	0.001846	0.001304	0.001426	0.001672	0.002519	0.001385	0.001945	0.001697
534.068	18724.22	0.0006518	0.001274	0.0006058	0.0008307	0.001495	0.0009644	0.001147	0.001193	0.001717	0.001223	0.0007699	0.001552	0.001194	0.001436	0.0009401	0.001139	0.001307	0.001376	0.001076	0.001613	0.001204	0.001003	0.001503	0.001648	0.001582	0.001018	0.001071	0.001607	0.0009055	0.001543	0.0008523
534.644	18704.02	0.001132	0.002381	0.001596	0.001907	0.002072	0.002065	0.002161	0.001702	0.002432	0.00175	0.001355	0.001722	0.002278	0.002183	0.002126	0.001788	0.002341	0.002259	0.002055	0.002422	0.001879	0.002206	0.002201	0.001803	0.002342	0.001763	0.00228	0.002232	0.001395	0.002022	0.001858
535.221	18683.87	0.0005762	0.001964	0.001706	0.001294	0.001697	0.001254	0.002064	0.001445	0.001671	0.001086	0.001632	0.001639	0.002038	0.001426	0.00197	0.001533	0.002091	0.001658	0.001721	0.001693	0.001374	0.002235	0.002235	0.001324	0.001427	0.00158	0.001943	0.002148	0.001356	0.001598	0.001594
535.798	18663.76	0.0006989	0.001541	0.001864	0.001242	0.001022	0.00149	0.002005	0.001758	0.001296	0.001231	0.001702	0.002258	0.001757	0.001435	0.002228	0.002168	0.002215	0.00192	0.00221	0.001797	0.001779	0.002088	0.002509	0.001586	0.001657	0.002244	0.001878	0.002299	0.001987	0.001898	0.002019
536.374	18643.69	0.001793	0.002253	0.002407	0.002596	0.001797	0.001693	0.002001	0.002342	0.002074	0.002401	0.00191	0.002817	0.002813	0.002158	0.002462	0.002509	0.002886	0.002754	0.003108	0.002426	0.002679	0.002925	0.002572	0.002466	0.002661	0.002561	0.00213	0.002571	0.002362	0.002765	0.002916
536.951	18623.67	0.002045	0.002286	0.002408	0.002019	0.001882	0.001567	0.001708	0.001595	0.002121	0.001955	0.001568	0.001938	0.003048	0.002019	0.002163	0.002037	0.002323	0.00258	0.002513	0.002151	0.001946	0.002406	0.001838	0.00241	0.0021	0.001953	0.002389	0.00222	0.002477	0.002958	0.002595
537.528	18603.69	0.001733	0.002854	0.002344	0.001503	0.001977	0.001503	0.002088	0.001256	0.002085	0.002213	0.002005	0.001356	0.002584	0.002421	0.002045	0.001971	0.00217	0.002787	0.001991	0.00181	0.001812	0.002323	0.00249	0.002267	0.001776	0.001974	0.002207	0.002578	0.002804	0.002939	0.002069
538.105	18583.75	0.001866	0.002638	0.002285	0.00184	0.002535	0.001721	0.001894	0.001707	0.002385	0.002646	0.002422	0.00206	0.002197	0.002305	0.002255	0.002629	0.002598	0.003084	0.002216	0.001939	0.002	0.002413	0.002807	0.002549	0.001783	0.002074	0.001946	0.002665	0.002075	0.002638	0.001956
538.681	18563.85	0.001884	0.001841	0.002282	0.001791	0.001997	0.002135	0.001495	0.001984	0.002491	0.002188	0.001775	0.001996	0.00197	0.00216	0.00217	0.002659	0.002711	0.002677	0.002551	0.00212	0.001936	0.002397	0.002636	0.002758	0.001984	0.002194	0.002503	0.002248	0.00144	0.002161	0.002465
539.258	18544.00	0.001848	0.001514	0.001843	0.001389	0.001278	0.001578	0.001301	0.001923	0.002415	0.001426	0.001264	0.001338	0.001935	0.001415	0.001694	0.002168	0.002106	0.001847	0.002252	0.00201	0.002064	0.002221	0.002504	0.001717	0.001935	0.001753	0.00204	0.001932	0.001565	0.001857	0.001941
539.835	18524.19	0.001825	0.001096	0.001153	0.001716	0.001377	0.000893	0.001481	0.001728	0.002163	0.001297	0.001627	0.001223	0.001836	0.001229	0.001385	0.001895	0.001665	0.001349	0.001791	0.001806	0.00171	0.002183	0.001677	0.0009823	0.001324	0.001088	0.001288	0.001712	0.001649	0.001993	0.001453
540.411	18504.42	0.0008581	0.0009194	0.0008966	0.001625	0.001318	0.0007398	0.001749	0.001212	0.001622	0.001136	0.001504	0.001225	0.001675	0.001536	0.001068	0.001366	0.001298	0.0009007	0.001437	0.001408	0.001156	0.001911	0.001103	0.001346	0.00131	0.0007317	0.00112	0.001412	0.001283	0.00148	0.001462
540.988	18484.69	0.0001476	0.001085	0.001014	0.001171	0.001197	0.0008512	0.001582	0.0008699	0.001104	0.0008709	0.00111	0.001423	0.001624	0.001231	0.001041	0.001196	0.0008782	0.0008599	0.001016	0.001237	0.001288	0.001324	0.001012	0.001571	0.001634	0.001011	0.00129	0.001771	0.001266	0.001295	0.001264
541.565	18465.01	0.0001843	0.000716	0.001334	0.0009655	0.001199	0.0008178	0.001256	0.0007965	0.0007298	0.001046	0.0008813	0.0008506	0.001092	0.0008057	0.00107	0.0008222	0.0009273	0.0009088	0.0007009	0.001124	0.001186	0.001227	0.0006825	0.001339	0.001429	0.001515	0.001001	0.001665	0.001258	0.001411	0.001067
542.142	18445.37	0.0008127	0.0007081	0.001419	0.000867	0.001487	0.001007	0.00125	0.0008365	0.0006407	0.001224	0.0008444	0.0005878	0.00108	0.0007211	0.00125	0.001021	0.001105	0.0009288	0.001094	0.001058	0.001377	0.001186	0.001144	0.001544	0.001529	0.001444	0.00113	0.001128	0.001087	0.001255	0.001019
542.718	18425.77	0.001712	0.001585	0.0016	0.001268	0.001871	0.001581	0.001364	0.001275	0.00118	0.001668	0.001647	0.001179	0.001619	0.001401	0.001722	0.001781	0.001516	0.001547	0.001763	0.001382	0.001865	0.001272	0.001988	0.00198	0.001813	0.001364	0.001932	0.001595	0.00165	0.001953	0.00146
543.295	18406.21	0.00155	0.001841	0.001971	0.001062	0.001944	0.00163	0.001321	0.001439	0.001967	0.001972	0.002111	0.001518	0.001556	0.001619	0.001708	0.001772	0.001753	0.001893	0.001834	0.001577	0.001824	0.001654	0.001943	0.001738	0.001843	0.001359	0.001744	0.001637	0.001918	0.002193	0.001545
543.872	18386.69	0.001229	0.001755	0.001611	0.001314	0.002134	0.001713	0.001718	0.001454	0.002205	0.002282	0.001945	0.002156	0.00193	0.001924	0.001668	0.00213	0.001859	0.001709	0.00218	0.002071	0.002379	0.001856	0.002227	0.001886	0.002292	0.001767	0.002088	0.002092	0.001714	0.002215	0.001877
544.448	18367.21	0.0009938	0.001283	0.001132	0.001586	0.001587	0.001627	0.001847	0.001999	0.001697	0.001844	0.001665	0.001959	0.001872	0.001677	0.001611	0.001579	0.001822	0.001416	0.002072	0.002153	0.001988	0.001328	0.002175	0.001834	0.002102	0.001936	0.001937	0.002361	0.001635	0.002015	0.001819
545.025	18347.78	0.00137	0.001502	0.001495	0.001668	0.001754	0.001719	0.001987	0.002677	0.001649	0.001633	0.001953	0.00216	0.002101	0.001707	0.001744	0.001824	0.001764	0.002259	0.001963	0.001633	0.001927	0.001836	0.002304	0.002204	0.002013	0.001876	0.002154	0.001986	0.002317	0.002096	0.001598
545.602	18328.38	0.001524	0.001993	0.001965	0.001591	0.001743	0.001749	0.001289	0.001737	0.001332	0.001691	0.001467	0.001754	0.002095	0.00192	0.00145	0.001885	0.001783	0.001771	0.001584	0.001447	0.002103	0.002118	0.002204	0.002051	0.001871	0.001772	0.001783	0.001751	0.00223	0.001917	0.001555
546.179	18309.03	0.000777	0.001357	0.001577	0.001068	0.0009687	0.001285	0.001286	0.000786	0.0006299	0.0008975	0.0006155	0.001358	0.001119	0.001544	0.001251	0.001413	0.0013	0.001195	0.0006075	0.001396	0.00145	0.00136	0.001367	0.001465	0.001313	0.001668	0.001072	0.001078	0.001455	0.000958	0.001117
546.755	18289.72	0.0002854	0.00115	0.001038	0.001086	0.0008651	0.001009	0.00129	0.0005544	0.001248	0.0005412	0.001049	0.001011	0.0009176	0.000811	0.001432	0.001588	0.001323	0.00116	0.001236	0.0009423	0.0009474	0.001244	0.00151	0.001253	0.001267	0.001446	0.001303	0.0009003	0.001237	0.000831	0.001064
547.332	18270.45	0.0004481	0.001215	0.001008	0.0007436	0.0007907	0.001006	0.001252	0.0005055	0.001361	0.001342	0.001169	0.0009579	0.00118	0.0005768	0.0006648	0.001052	0.001219	0.001489	0.001269	0.001468	0.001167	0.001526	0.001203	0.0007827	0.0009708	0.001148	0.001676	0.001025	0.001495	0.001497	0.00127
547.909	18251.22	0.001191	0.001442	0.001239	0.001759	0.001428	0.001552	0.00173	0.001387	0.00132	0.002132	0.001801	0.001463	0.001376	0.001648	0.0009895	0.001476	0.001331	0.001601	0.001389	0.00183	0.001524	0.001462	0.00173	0.001495	0.001604	0.001691	0.001557	0.001323	0.001372	0.001592	0.001761
548.485	18232.03	0.001401	0.001931	0.001502	0.00169	0.00187	0.001754	0.0009979	0.001553	0.001386	0.001426	0.00174	0.001746	0.002034	0.001951	0.001809	0.001946	0.001935	0.001572	0.001919	0.001775	0.001942	0.001338	0.001951	0.001941	0.001994	0.002155	0.001579	0.001828	0.001436	0.00188	0.002309
549.062	18212.88	0.0005728	0.0009306	0.001484	0.00122	0.001185	0.001532	0.0008961	0.001176	0.0008725	0.0007694	0.001193	0.001132	0.001879	0.0009871	0.001514	0.001212	0.001661	0.001549	0.00147	0.001822	0.001431	0.000905	0.0009994	0.001418	0.001301	0.001752	0.001253	0.002169	0.001214	0.001769	0.001359
549.639	18193.77	0.0003795	0.0008694	0.0008482	0.0005483	0.00149	0.00123	0.00138	0.0006964	0.0009374	0.0008794	0.00137	0.001441	0.0009091	0.0007631	0.001229	0.00132	0.001751	0.001081	0.001246	0.001542	0.001306	0.001145	0.001012	0.001119	0.001106	0.00168	0.001009	0.0009673	0.001036	0.001372	0.0007139
550.215	18174.70	0.001109	0.001135	0.001219	0.001589	0.001028	0.0008892	0.001437	0.0006894	0.001272	0.001439	0.001	0.001377	0.0007251	0.001062	0.001022	0.001611	0.001408	0.001379	0.001091	0.001333	0.001461	0.001325	0.0008947	0.001295	0.001113	0.001947	0.001288	0.001234	0.0009359	0.001331	0.0009828
550.792	18155.67	0.001237	0.001558	0.001677	0.001763	0.00146	0.001402	0.001598	0.001617	0.001333	0.001378	0.001445	0.001453	0.001324	0.001585	0.001029	0.001958	0.001207	0.001043	0.001795	0.002173	0.001811	0.001701	0.001619	0.001977	0.001491	0.001472	0.001593	0.002299	0.001418	0.001439	0.0014
551.369	18136.68	0.0007437	0.001065	0.000972	0.001215	0.0008982	0.0008996	0.001128	0.000927	0.0008915	0.0008198	0.0007827	0.0005806	0.0007707	0.0008983	0.0008379	0.001031	0.0009255	0.0009366	0.0006354	0.001013	0.0009364	0.0008719	0.001048	0.001024	0.0009945	0.000554	0.0009172	0.0009549	0.001188	0.0009462	0.0006456
551.946	18117.73	0.0003444	0.001179	0.0007938	0.001195	0.001376	0.0005956	0.000919	0.0008125	0.0009606	0.0009899	0.00109	0.0006892	0.0009549	0.001059	0.0005735	0.001221	0.0007036	0.001103	0.0007195	0.0008403	0.0008923	0.0006792	0.0007819	0.0004547	0.0009553	0.00126	0.001041	0.001141	0.0007248	0.0008921	0.0008213
552.522	18098.82	0.001216	0.0005582	0.000902	0.0009405	0.001062	0.000712	0.0006733	0.0007851	0.001209	0.0007749	0.000573	0.00114	0.001399	0.0008323	0.001625	0.0009052	0.000969	0.001194	0.001174	0.0008714	0.001066	0.0006526	0.0006209	0.0008625	0.0006952	0.001126	0.001135	0.0009528	0.001175	0.001055	0.001298
553.099	18079.94	0.0003073	0.0002864	-1.21E-5	0.0002768	0.0004166	0.0004217	0.000832	0.0003646	0.0003214	0.0007006	0.0005808	0.0003041	0.0002675	0.0005546	0.0003276	0.0003053	0.0007003	0.0008032	0.0005357	0.0001975	0.0008758	0.0001661	0.000654	0.0003244	2.118E-5	0.000176	0.0008768	0.0002726	0.0005376	0.0002605	0.001018
553.676	18061.11	0.0002519	0.0006327	0.0003114	0.0004914	0.0005407	0.0004516	0.0008449	0.0008125	8.521E-5	0.0002626	0.0005538	0.0007136	0.0003927	0.0005924	0.0008595	0.0008969	0.0009913	0.0007202	0.0008254	0.0005987	0.001084	0.0002191	0.0005306	0.0003747	0.0003335	9.985E-5	0.0008967	0.0002336	0.0006802	0.001001	0.001217
554.252	18042.32	0.0002	0.0009188	0.001324	0.0002539	0.0006644	0.0004697	0.0002176	0.0005843	0.00113	0.0009794	0.0002493	0.0006842	0.000648	0.0004279	0.001147	0.0008078	0.0009267	0.0005245	0.0008171	0.0005485	0.0007342	0.0003246	0.0006816	0.0005865	0.0007179	0.0008706	0.001121	0.0009612	0.0002024	0.0003165	0.001013
554.829	18023.57	-0.0003732	0.0003763	0.0008739	0.0004131	0.0002776	0.0004668	0.0003227	3.008E-5	0.0006751	0.001034	0.000814	0.0004782	0.0008425	0.0009127	0.0007386	0.000703	0.0007357	0.0005269	0.0004957	0.001044	0.0006072	0.0003372	0.0003753	0.0003863	0.0008347	0.0009183	0.00105	0.0006601	0.0004977	0.0006145	0.0006967
555.406	18004.85	0.0007374	0.001228	0.0009325	0.001338	0.0009119	0.001085	0.0008426	0.001038	0.0009194	0.001233	0.0009194	0.0008525	0.001531	0.0007874	0.0009478	0.001422	0.001185	0.001045	0.001195	0.0009566	0.0008147	0.001036	0.001432	0.001431	0.001192	0.0007044	0.001211	0.0005734	0.001212	0.0006597	0.0008968
555.983	17986.17	0.0001532	0.0005273	0.0002988	0.0004383	0.0005706	0.0007863	-0.0001041	0.0005847	-9.826E-5	0.0006222	0.0003029	0.0005127	0.0005732	0.0004352	0.0002222	6.194E-5	0.0002147	0.0002106	0.0005451	0.0001133	0.0006905	0.0007332	-1.627E-5	0.0004322	0.0009245	8.977E-5	0.0003521	0.0005656	0.0007156	0.0004345	-0.0001737
556.559	17967.54	0.001034	0.0006029	0.001105	0.0008459	0.0008759	0.0007598	0.0008706	0.0007877	0.001059	0.001053	0.001055	0.0007395	0.001079	0.001179	0.0009155	0.000724	0.0008664	0.0005802	0.0004235	0.0007272	0.001292	0.0007385	0.0008105	0.001368	0.00106	0.0008344	0.0008411	0.0006344	0.0009203	0.001399	0.0006497
557.136	17948.94	0.0006162	0.0005854	0.0007886	0.0005095	0.0009022	0.0008428	0.000706	0.0004407	0.0008773	-3.408E-5	0.0006299	0.0008334	0.0004265	0.0007301	0.0006128	0.0007856	0.000615	0.0007254	4.192E-5	0.0004721	0.0007831	0.0005807	0.000672	0.0002103	0.0005121	0.0003462	0.0007036	0.001007	0.0006028	0.001002	0.0004722
557.713	17930.38	0.0007164	0.001111	0.001496	0.001198	0.0005701	0.001033	0.001019	0.001059	0.001334	0.0007977	0.0007333	0.001107	0.001043	0.0005624	0.001177	0.001201	0.001583	0.0006577	0.0007903	0.0009501	0.001502	0.001121	0.0008983	0.001291	0.0007378	0.000751	0.001145	0.001476	0.00137	0.001358	0.001013
558.289	17911.86	0.000738	0.0001948	0.0006374	0.0008634	0.0009695	0.001068	0.0005093	0.001256	0.0007618	0.0007846	0.00037	0.0001978	4.987E-5	0.000513	0.001047	0.0005274	0.0003285	0.0002892	0.0003184	0.0005557	0.0003264	0.0009841	0.0008911	0.0009114	0.0007826	0.0006601	0.0008983	0.0008086	0.0004192	0.001053	0.0009578
558.866	17893.37	0.0009646	0.0005194	0.0002587	0.0004551	0.001524	0.0006581	0.0007737	0.0005692	0.0007073	0.0004753	0.0007388	0.0007075	0.0002932	0.000896	0.00057	0.0001161	0.001033	0.000393	0.0006224	0.0005556	0.0003788	0.0008228	0.0007892	0.001082	0.001077	0.001075	0.001245	0.0007072	0.000488	0.001148	0.0009493
559.443	17874.93	0.0004497	0.0009518	0.0007038	0.0015	0.001083	0.0009283	0.0008856	0.001785	0.001129	0.0007901	0.001099	0.001383	0.0009895	0.0007086	0.001345	0.00127	0.001291	0.001145	0.001232	0.001154	0.0007184	0.001563	0.001363	0.001456	0.001403	0.001113	0.001101	0.001067	0.001418	0.001225	0.001112
560.020	17856.52	0.001284	0.001197	0.001043	0.001346	0.001509	0.001129	0.00138	0.000652	0.0008626	0.0008784	0.001377	0.00146	0.001528	0.001616	0.0008045	0.001462	0.001261	0.001664	0.001096	0.001336	0.001156	0.001109	0.0009696	0.001027	0.001318	0.001182	0.001514	0.001646	0.001713	0.0009891	0.001798
560.596	17838.15	0.0002079	0.001041	0.0005814	0.00113	0.001087	0.0004384	0.0005779	0.0004365	0.0006148	0.000407	0.0004087	0.0008761	0.001181	0.0009976	0.0008469	0.0008394	0.0003948	0.0005706	0.0006923	0.000208	0.0008712	0.000919	0.0008216	0.0005566	0.0008794	0.0001558	0.000675	0.0007181	0.0002754	0.0006187	0.0005909
561.173	17819.82	0.0001506	0.0003488	0.0003752	0.000436	4.781E-5	-0.0002142	0.0008183	0.0005481	0.0003277	-0.0001113	0.0007214	0.0002174	0.000651	0.0004732	9.009E-5	0.0001047	0.0006721	-0.0002303	0.0003292	0.0004661	0.000361	0.0006324	0.0005696	0.0008939	0.0001806	0.000275	0.0006389	0.0007424	-0.000129	0.0002896	0.0004313
561.750	17801.52	7.652E-5	0.0005658	0.0007246	0.001151	0.0007883	0.0007483	0.0004644	0.0006124	0.0008385	0.0001124	0.0007255	0.0004363	0.0006232	0.000376	0.0009308	0.0006881	0.000665	9.795E-5	0.0004737	0.0004104	0.0003305	0.001195	0.0007099	0.0002033	0.0006	0.0004071	0.0005311	0.0006263	0.001156	0.0009888	0.0006439
562.326	17783.27	0.0007391	0.0005769	0.0001591	0.0007078	0.0009737	0.0004365	0.0008222	0.0006012	0.000566	0.001123	0.000465	0.0007804	0.0007894	0.0008507	0.0005771	0.0004424	8.873E-5	0.0005052	0.0008131	0.0007973	0.0001968	0.0001717	0.000821	0.0006028	0.0005215	0.001158	0.0007903	0.0006623	0.0009117	0.0005741	0.0004652
562.903	17765.05	0.0008393	0.001155	0.0004444	0.0009451	0.0009748	0.0003546	0.001116	0.0005143	0.0007195	0.0006705	0.00084	0.0007785	0.001165	0.0008395	0.0006745	0.0009105	0.0002343	0.000828	0.0009467	0.0003383	0.000711	0.0008026	0.0007551	0.000773	0.0009633	0.0007936	0.0008069	0.0008571	0.0007254	0.0008148	0.001101
563.480	17746.86	0.001349	0.0007617	0.0009965	0.0005186	0.000907	0.0006913	0.0005921	0.001058	0.0005901	0.0008265	0.0006676	0.0004205	0.001205	0.001075	0.0007291	0.0006173	0.0006623	0.001338	0.001229	0.0009587	0.001125	0.001115	0.001094	0.0008751	0.0007291	0.0007145	0.001051	0.0007059	0.0006965	0.001025	0.0003243
564.057	17728.72	6.759E-5	0.0007048	0.0001441	8.511E-5	0.0006112	0.0005853	0.000445	0.0006365	-3.448E-6	0.0004737	0.0001995	0.0006341	0.0004796	0.0008208	0.0007279	0.0002585	0.0005631	0.0008475	0.0006193	0.0001449	0.0002099	0.0002662	0.0008438	0.0007451	0.0002015	0.0008804	0.000477	0.0007162	0.0003578	0.0002632	0.0006003
564.633	17710.61	0.001248	0.0007214	0.0009384	0.0005446	0.00075	0.000529	0.0006384	0.0008211	0.001138	0.0007635	0.0009372	0.001117	0.001247	0.0008144	0.001177	0.001099	0.001415	0.001107	0.00129	0.0009418	0.00102	0.0006049	0.00127	0.001398	0.0009895	0.0009522	0.001232	0.001103	0.0009654	0.001411	0.001152
565.210	17692.54	0.0004784	0.0005068	-0.0003138	0.0005031	0.0006387	0.000411	0.0003111	0.0003202	0.0002322	0.0004238	0.0004892	0.0002947	0.0005731	0.0004178	0.0005094	0.0005338	0.0005471	0.0006954	0.0004037	0.0003843	0.0004837	6.918E-5	0.0006133	0.0004985	0.000798	0.0003229	0.0007402	0.0004648	0.0004102	0.0006684	0.0003144
565.787	17674.51	0.0003352	0.0002345	0.0003266	0.0002405	0.0005209	0.0002743	0.0003536	0.0003413	0.0002854	-0.0001132	0.0004898	6.899E-5	0.0003954	0.0002663	-7.969E-5	-4.093E-5	0.0003199	0.0002329	0.0003229	0.0006991	0.0004558	9.013E-5	0.0003455	0.000379	0.0003395	0.0003602	0.0001666	0.0005622	0.0004009	0.0001809	0.0003243
566.363	17656.51	0.0003435	0.0007518	0.0008533	0.0006858	0.0009713	0.0007373	0.0006794	0.0006057	0.0006915	0.0009292	0.001021	0.0009022	0.0007817	0.00099	0.0007538	0.0009956	0.0007969	0.001082	0.0007111	0.0007959	0.0009561	0.0007823	0.0007269	0.0007502	0.0009205	0.0008394	0.0004727	0.001041	0.0005439	0.0008871	0.0006565
566.940	17638.55	-4.742E-5	1.251E-5	-4.563E-5	0.000318	0.0003031	-0.0001196	-8.378E-5	0.0004032	-0.0002682	-0.0001267	0.0001054	0.0001238	4.712E-5	5.715E-6	0.0005932	0.0003724	7.203E-5	0.0001013	-0.0001579	0.0005216	0.0003553	0.0002474	-0.0002973	0.000673	5.556E-5	0.0004859	9.651E-5	0.0002566	0.0002595	0.0005661	-8.219E-5
567.517	17620.62	0.0004017	0.0003152	0.000482	0.0004919	0.0005183	0.0007632	0.0002375	0.0006996	0.0005121	0.0004412	0.0003736	0.0008218	0.000583	0.0005753	0.000643	0.0006889	0.0002665	0.0002869	0.0001388	0.0008829	0.0004811	0.0007701	0.0002157	0.000138	0.0004867	0.0003347	0.0007181	0.0005228	0.0004318	0.0004321	0.0004063
568.093	17602.74	0.0008012	0.0005165	0.0007936	0.000884	0.001011	0.0008664	0.0006086	0.0009868	0.000778	0.0008449	0.000598	0.0008438	0.0007038	0.0008735	0.001143	0.0005444	0.0003676	0.000931	0.0006786	0.0008639	0.0007175	0.0009544	0.00094	0.0008537	0.0005555	0.0008728	0.0008139	0.0007713	0.0008605	0.0005529	0.001008
568.670	17584.89	0.0003923	0.0005965	0.0004687	0.0003007	0.0009654	0.0006274	0.0005232	0.0001778	0.0006287	0.0005652	0.000419	0.0008591	0.0005553	0.0005972	0.000515	0.0006343	0.0002552	0.0002866	0.0005348	0.0008608	0.0005203	0.000427	0.0003723	0.0009359	0.0006336	0.0005408	0.000737	0.000264	0.0005489	0.0008637	0.0006618
569.247	17567.07	0.0003148	4.993E-5	4.158E-5	0.0001132	0.0002541	-4.741E-5	-0.0001105	-1.915E-5	-1.912E-5	-0.0001239	-0.0001651	9.866E-5	0.0002425	0.00018	7.774E-5	0.0001301	8.903E-5	0.0001439	0.0001153	0.0002146	-3.955E-5	6.534E-5	0.000119	0.0005342	0.0001814	-1.401E-5	0.0001674	5.413E-5	0.0001514	-3.861E-5	2.632E-5
569.824	17549.29	-7.188E-5	0.0002633	4.83E-5	0.0001573	-4.949E-6	0.0005129	-6.372E-6	-6.675E-5	-0.0003947	-0.000134	6.642E-5	-6.134E-7	0.0004355	0.0002061	-0.0002676	8.895E-5	6.055E-5	0.0001926	9.095E-5	8.818E-5	7.96E-5	0.0001586	2.359E-5	0.0003103	-3.915E-5	-0.0001004	0.0002644	0.0002043	0.0001223	0.0001237	0.00023
570.400	17531.55	7.617E-5	0.0002558	0.0005627	0.0001467	0.0005444	0.000366	0.0001916	0.0004186	0.0001066	-4.826E-5	0.0001535	0.0002285	0.00039	0.0001405	0.0002187	0.0003909	0.0002656	0.0003083	0.0002312	0.0005474	0.0002786	0.000708	0.0005978	0.0002252	0.0003149	0.0001062	0.0001676	0.0004161	0.0004807	0.0003224	0.0001785
570.977	17513.84	4.126E-5	-2.512E-5	0.0004237	0.00039	0.0008433	0.000509	0.0004456	0.0005245	0.0002354	0.0004692	0.0007205	0.0004308	0.0005833	0.0002268	0.0003678	0.0001112	0.0003326	0.0005947	0.0007045	0.0004401	0.0003325	0.0009296	0.0008314	0.0006411	0.0006651	0.0003894	0.0004162	0.0002605	0.0006136	0.0008787	0.0002835
571.554	17496.17	0.0004821	0.0001573	0.001043	0.0008287	0.0007341	0.000728	0.0008535	0.0003765	0.0006927	0.0007022	0.0004849	0.0006923	0.0007226	0.0005497	0.0004759	0.000605	0.0006189	0.0005713	0.0008042	0.0009645	0.0005837	0.0007923	0.0007726	0.0008723	0.001031	0.0007335	0.0009162	0.0006865	0.0006097	0.0007275	0.000621
572.130	17478.53	0.000794	0.0008732	0.0004775	0.0006679	0.0005169	0.000623	0.0008553	0.0006352	0.0007277	0.0008548	0.0005886	0.0006479	0.0005655	0.000716	0.0008192	0.0006795	0.0009092	0.0004045	0.0004223	0.0009169	0.0006591	0.0007761	0.0007493	0.0007708	0.0008771	0.0007984	0.0008151	0.0007602	0.000725	0.000656	0.0005946
572.707	17460.93	0.0003256	0.0003056	0.0002928	0.0007163	0.0002658	0.0004408	0.0004656	0.0003581	0.0005102	0.0002985	0.0005967	0.000263	0.0003157	0.0003526	0.0001898	0.0005105	0.0004085	0.0004715	5.566E-5	0.0005405	0.0006266	0.000426	0.0003127	0.0005938	0.0004933	0.0004189	0.0004813	0.0005753	0.0004835	0.0006364	0.0003939
573.284	17443.37	7.256E-5	4.498E-5	0.0003763	0.0006288	0.0005228	0.000129	0.0003783	0.0004533	0.00029	2.611E-5	0.0006392	0.0003888	0.0005872	0.000443	0.0001093	0.0002508	0.0003733	0.0003454	0.0002912	0.0005333	0.0004832	0.000433	0.0003461	0.0004804	0.0003998	0.000328	0.000467	0.0002381	0.0001933	0.0002734	0.0001055
573.861	17425.84	0.0002985	7.77E-5	0.0003227	0.0005818	0.0005241	0.0002165	0.0005145	0.0004975	0.000486	0.0004329	0.0007737	0.0006321	0.000413	0.0003721	0.0004558	0.0002415	0.0004233	3.252E-7	0.0003346	0.0003628	0.0003257	0.000864	0.0003473	0.0005318	0.00046	0.0005155	0.0003291	0.0003065	9.373E-5	0.0004561	0.0002576
574.437	17408.34	0.0002376	-8.387E-5	0.0001603	-3.626E-5	0.0001686	-5.555E-5	-3.536E-5	-0.0001851	0.0005028	-5.652E-6	0.0002813	6.992E-5	-7.233E-5	-6.119E-5	0.0001633	-1.281E-5	-0.0001798	9.056E-5	-0.000311	5.18E-5	-9.432E-6	0.0001405	-2.233E-5	-1.763E-5	-5.966E-5	0.0001572	-0.0001056	0.0001015	-0.0002571	0.0001555	0.0001701
575.014	17390.88	-0.0003032	3.473E-5	-7.051E-5	-0.0001022	0.0001719	-0.000191	0.0001904	-0.0002618	1.444E-5	-0.0002785	-0.0002254	-6.611E-5	-2.155E-5	-0.0002049	-0.0002656	0.0001541	-0.0002622	-0.0002429	-0.0002691	-2.719E-5	-0.0002779	-0.0001175	-6.884E-5	-9.775E-5	1.244E-5	1.815E-5	-0.0001651	-0.0001071	-0.0003985	-0.0002216	-0.0001039
575.591	17373.46	-0.0005391	-4.754E-5	0.0001054	9.331E-5	0.0002443	-0.0001921	0.0001615	-8.257E-5	-0.000257	-9.586E-5	1.089E-5	0.0002383	8.576E-5	1.61E-5	-0.0001577	0.0001669	-8.054E-5	0.0001555	-0.0002075	5.511E-5	0.0001663	1.974E-5	-3.985E-6	9.938E-6	-0.0001082	0.0001937	-3.358E-5	-9.179E-5	-9.914E-5	6.471E-5	1.49E-5
576.167	17356.07	-0.0003482	-0.0003152	-0.0001425	-0.0001018	9.068E-5	-0.0001971	-3.903E-5	-0.0002772	-0.0002775	4.686E-5	-0.000109	0.0002224	-0.0001108	1.878E-5	-0.0001528	-9.444E-5	-8.766E-5	0.0003351	-0.0003395	-1.604E-6	0.0001976	0.000114	-0.0001173	3.921E-5	-0.0002216	-6.862E-6	-9.308E-5	7.996E-7	-9.245E-6	-5.202E-5	-0.0001644
576.744	17338.71	-0.0003208	-0.0001871	-4.685E-5	3.542E-5	-0.0002097	-0.0002116	-0.0003499	-0.0001525	-0.000116	-0.0001173	-0.0002671	-0.0002056	-0.0001088	7.432E-5	-0.0001418	-0.0001785	-0.0002419	-6.072E-6	-0.0003903	-0.0002147	-0.0001298	0.0001484	-9.217E-5	-0.0002764	-0.0001519	-0.0001247	-0.0001762	-3.631E-5	-0.0001152	-7.237E-5	-0.0002269
577.321	17321.39	-0.0003273	-0.0002732	-9.778E-5	-7.3E-5	5.021E-5	-0.0002588	-0.0002828	-0.0001841	-0.0001682	8.321E-6	-8.468E-5	-0.0002837	7.025E-5	5.049E-6	-0.0003788	-6.051E-5	-0.0002409	-0.0001287	-0.0003045	-0.000326	-0.0002453	4.215E-5	-0.0003356	-0.0003023	2.552E-5	-7.881E-5	-0.0002393	3.926E-5	-3.615E-5	-3.919E-5	-0.0002586
577.898	17304.11	-0.0002309	-0.0002019	-8.001E-5	-4.451E-5	4.691E-5	-0.0002388	-0.0001372	-5.807E-5	-0.000205	-6.293E-5	1.313E-5	-0.0002551	-3.369E-5	-0.0001733	-0.000292	3.746E-5	-0.0002047	-0.0003094	-0.0003251	-9.416E-5	-0.0004644	-0.000207	-0.0003477	-0.0003016	-8.179E-5	-0.0001786	-0.0004127	-0.0001695	-0.0002461	-0.0002884	-0.0004991
578.474	17286.85	6.034E-6	-4.186E-5	0.0001503	0.0001108	0.0002519	-0.0003838	0.0001231	-1.272E-5	-2.962E-5	3.285E-5	0.0001474	-7.497E-5	7.022E-5	-0.0002535	-3.863E-5	4.89E-5	1.598E-5	-0.0001526	-1.929E-5	-3.66E-6	-8.223E-5	-8.642E-5	-0.0002842	0.0001487	1.104E-6	-0.000293	-3.44E-5	8.126E-5	7.831E-5	-0.0001912	-0.0001793
579.051	17269.64	1.96E-5	-0.0001446	-1.032E-5	-7.2E-5	0.0001132	-0.0002843	0.0001231	-0.0001318	8.702E-5	1.075E-5	-0.0001488	0.0002022	-0.0001116	-2.11E-5	-4.558E-5	4.234E-5	-0.0002581	0.0002267	1.528E-5	-0.0002742	0.0001997	0.0001517	-0.0001311	0.0004857	0.0001088	7.583E-5	6.792E-5	0.0004957	0.0001422	0.0001312	1.843E-5
579.628	17252.45	0.0003505	0.0002401	0.0003153	0.0002235	0.0003649	0.0002774	0.0004487	9.529E-5	0.0003198	0.0004553	0.000157	0.0003238	0.0003942	0.0004365	0.0003006	0.0003062	0.0002515	0.0005556	0.0007052	0.0001568	0.0004774	0.0006141	0.0003253	0.0006609	0.0005194	0.0006104	0.0002276	0.0005389	0.0005995	0.0005244	0.000605
580.204	17235.31	0.0003138	0.0003957	0.0004866	0.0003325	0.0004394	0.0004368	0.0005854	0.0001098	0.0002568	0.0005685	0.0003732	0.0003978	0.0006206	0.0004242	0.0004171	0.0003273	0.0006033	0.0004979	0.0005674	0.0004522	0.0006053	0.0006252	0.0004148	0.000595	0.0005577	0.0004545	0.000382	0.0006186	0.0005847	0.0005468	0.0005312
580.781	17218.19	-0.0001542	-9.357E-6	7.708E-5	-0.0001313	0.0001032	-2.561E-5	0.0003546	-0.0001483	-0.0001893	7.658E-5	0.0001756	0.0002053	0.0001552	0.0001123	0.0001564	0.0002076	0.0003606	8.62E-5	-6.435E-5	0.000375	0.0002273	8.326E-5	0.0001366	0.0002034	0.0002585	4.432E-5	8.11E-5	0.0003041	6.707E-5	0.0001538	-6.911E-5
581.358	17201.11	-0.0003857	-0.000145	-0.0002169	-0.0002389	-0.000174	-0.0002201	0.000103	-0.000355	-0.0002197	-9.819E-5	-0.0001653	-9.398E-5	-0.0001331	-0.0001503	5.285E-7	8.88E-5	2.388E-5	3.925E-5	-0.0001179	0.0001084	-4.412E-5	-0.0002488	8.43E-6	-0.0001827	1.225E-5	-0.0003487	-0.0001188	0.0001302	-3.411E-5	-5.045E-5	-0.0002531
581.934	17184.06	-0.0004811	-0.0001948	-0.0002451	-0.0001409	-0.0001664	-0.0003835	-0.0001723	-0.0003422	-5.844E-5	-0.0001463	-0.000327	-0.0002361	-0.0001967	-0.0002642	-0.0001663	-9.372E-5	-0.0001554	0.000103	-0.0001956	-0.0001589	-0.0001553	-6.782E-5	-5.851E-6	-0.0001887	-0.0001508	-0.0005842	1.402E-6	-2.984E-5	4.903E-5	-8.734E-5	-0.0002439
582.511	17167.05	-0.0002448	-0.0001509	-0.0001489	-0.0001708	-0.0001931	-0.0002518	-0.0002486	-5.439E-5	6.83E-5	-0.0001579	-0.00015	-0.0001351	-0.0001308	-0.0003008	-0.0002403	-0.0001068	-7.369E-5	-7.66E-5	-0.0001081	-0.0001774	-7.083E-5	0.000206	-0.0001133	-1.17E-5	-0.0001866	-0.0003776	0.0001106	-9.671E-5	-5.366E-5	-0.0002273	-0.0001248
583.088	17150.07	-0.0001923	-2.898E-6	0.0001519	5.954E-5	-8.52E-5	5.416E-7	8.49E-5	0.0002998	4.931E-5	0.0001574	0.0001898	0.0001092	-0.0001105	1.372E-5	-6.26E-5	9.337E-5	0.0001571	-2.175E-5	0.0001217	-0.0001022	0.0001271	0.0003832	0.0001901	1.469E-5	0.0001227	-4.914E-5	0.0001344	0.0001969	0.0001369	0.0001055	-0.0002012
583.665	17133.13	-0.0003091	-0.0001267	0.0002336	0.0001267	-4.525E-5	-8.332E-5	0.0001819	0.0001537	3.822E-5	3.392E-5	6.253E-6	-0.0001182	-0.0001486	4.967E-5	-4.485E-6	0.0001956	-2.309E-5	-2.178E-5	4.118E-5	-0.0003175	-6.203E-5	6.417E-5	0.0001384	-5.194E-5	0.000148	0.0002099	0.0001738	0.0001429	8.334E-5	9.16E-5	-0.000259
584.241	17116.21	-0.0001272	-4.224E-5	3.29E-5	0.000113	7.051E-5	0.0001908	0.0001408	4.441E-5	0.0003109	7.726E-5	2.223E-5	-4.969E-5	0.000127	-0.0001007	0.0001566	0.0002435	-7.2E-5	-4.892E-5	9.026E-5	-0.000233	-4.521E-5	-7.61E-5	-0.0001376	-5.15E-5	-7.056E-5	0.0002773	0.0002816	0.0002148	6.869E-5	-0.000116	-0.000101
584.818	17099.34	-1.488E-5	5.863E-5	0.0001348	0.0003679	0.0004858	0.0003446	0.0001924	0.0001394	0.0002423	0.0003546	0.0003119	7.706E-5	0.0002603	-6.95E-5	0.0003094	0.0002298	0.0001924	-3.728E-5	0.0003751	0.000211	0.000347	0.0001839	8.264E-5	0.0001333	0.0001716	0.0001291	0.0003172	0.0004998	0.0003046	6.868E-5	7.07E-7
585.395	17082.49	-7.719E-5	3.364E-5	0.0002986	0.0004366	0.0003366	0.0002666	4.449E-5	8.26E-5	-2.463E-5	0.0002552	0.0001212	0.0001081	5.723E-5	0.0001163	5.562E-5	0.0002165	0.0001811	5.711E-6	0.0003429	0.0003917	0.0002134	0.0001521	0.0001994	1.254E-5	0.0003906	-0.0001616	0.0001492	0.0002793	5.381E-5	6.958E-5	3.421E-5
585.971	17065.68	-0.0001421	-0.0001205	0.0003477	0.0001626	-2.045E-5	0.0002774	-1.399E-5	-7.995E-5	-0.0001097	0.0001604	-8.377E-5	0.000119	-4.133E-5	0.0002342	-1.874E-5	0.0002799	4.467E-5	-4.104E-5	-5.699E-5	0.0001668	-0.0001632	-9.523E-5	-2.273E-5	-0.0003114	0.0002332	1.156E-5	0.0001091	0.0001003	-0.0001053	-6.319E-5	4.946E-5
586.548	17048.90	-0.0002147	-0.0002793	0.0002609	-4.661E-5	-7.934E-5	0.0002136	-4.745E-6	-9.589E-5	-0.0002976	6.836E-5	-4.516E-5	-7.837E-5	3.957E-6	8.109E-5	0.0001281	8.066E-6	1.597E-5	-2.521E-5	-0.000124	-3.666E-5	-0.0001241	-0.0002349	-0.0001199	-0.0002305	0.0001017	0.0002228	0.0001891	7.657E-5	1.934E-7	-0.0001572	5.938E-5
587.125	17032.15	-0.0001261	-0.0001584	9.005E-6	-5.332E-5	0.0001005	0.0001978	-0.0001378	0.0001226	-0.0002157	-0.0001661	1.956E-5	-0.0001179	0.0001517	-6.575E-5	3.422E-5	-0.0002923	2.921E-5	7.873E-5	2.979E-5	-9.319E-5	1.215E-5	-0.0001478	-2.298E-5	-5.543E-5	-3.883E-6	3.333E-5	-0.000109	-0.0001868	-0.0001424	-0.0002973	-9.299E-5
587.702	17015.44	0.0001218	7.862E-5	-2.7E-5	1.589E-5	0.0003276	0.0001043	6.588E-6	3.929E-5	5.656E-5	-0.0001465	7.086E-5	-0.000125	0.0001732	-0.000159	-5.487E-6	-0.000198	-4.912E-6	-5.121E-5	2.738E-5	-0.0002595	3.88E-5	8.501E-5	9.058E-5	-3.114E-5	-6.102E-5	6.29E-5	-0.0003162	-0.0001889	-0.0002284	-0.0003299	-0.00024
588.278	16998.76	0.0001004	9.495E-5	-0.0002093	-3.321E-5	0.0001447	-2.55E-5	0.0001648	-8.287E-5	5.171E-5	9.823E-5	-3.268E-5	0.0001592	-3.485E-5	7.504E-5	0.0001636	1.649E-5	-5.934E-5	-3.33E-5	8.118E-5	3.708E-5	3.862E-5	0.000322	0.0001203	1.189E-5	-5.363E-5	0.0001079	-0.0001282	-8.291E-5	-3.467E-5	-0.0001496	-7.74E-5
588.855	16982.11	-2.526E-5	-8.232E-5	-0.0001528	-0.0001386	4.599E-5	-3.851E-5	0.0001095	0.0001864	-4.719E-5	0.0001318	-0.0001152	0.0002636	0.0001461	0.0003649	0.0001953	0.0002852	8.733E-5	-2.933E-5	4.649E-5	0.0003775	-6.275E-5	0.0002647	-2.785E-5	0.0001636	-2.741E-5	0.0002637	0.0002034	3.293E-5	0.0001122	9.534E-5	9.824E-5
589.432	16965.49	-2.126E-5	0.0002491	0.0004377	0.0001923	0.0001978	4.123E-5	0.0004619	0.0004748	0.0001424	0.0002883	0.0002888	0.0003889	0.0004921	0.0005273	0.0003566	0.0005043	0.0004696	0.0003091	0.0002302	0.0004456	0.0001821	0.0001987	0.0002202	0.0002501	0.0003298	0.0003705	0.0006176	0.0003322	0.0002105	0.0004419	0.0002497
590.008	16948.91	8.272E-5	0.0004426	0.0004695	0.0003758	0.0003573	0.0001052	0.0005622	0.0003856	0.0005421	0.0002173	0.000361	0.0005101	0.0003442	0.000338	0.0004311	0.0005881	0.0002994	0.0005999	0.0004374	0.0003362	0.0005678	0.0002953	0.0004058	0.0003878	0.0004666	0.0002814	0.0006501	0.0002107	0.0002141	0.0004869	0.000568
590.585	16932.36	0.0004364	0.000413	0.0003927	0.0003124	0.0004869	0.0003384	0.0004486	0.0004935	0.0004488	0.000424	0.0004841	0.000628	0.0004993	0.0003661	0.000238	0.0005856	0.0002732	0.0006179	0.0003632	0.0001498	0.0004028	0.0004663	0.000424	0.0006021	0.0004294	8.41E-5	0.0004807	0.0002301	0.0004846	0.0006065	0.0007856
591.162	16915.84	0.0008436	0.0001332	0.000546	0.0003525	0.0004052	0.0004265	0.0004761	0.0005309	0.0004252	0.0005799	0.0005002	0.0005735	0.0005829	0.0006045	0.0005049	0.0003877	0.0004439	0.0006702	0.0001476	0.0004377	0.0003658	0.0003451	0.0005608	0.0005588	0.0005435	0.0002735	0.0003025	0.0004563	0.0006833	0.0007303	0.0006572
591.739	16899.36	0.0008141	0.0001824	0.0004936	0.0003635	0.0002542	0.0005521	0.0002699	8.42E-5	0.0004731	0.0004924	0.0004517	0.0004599	0.0004567	0.0003224	0.0004467	0.0004553	0.0004964	0.0004485	0.000228	0.00062	0.00038	0.0003401	0.0006759	0.0003929	0.0006845	0.0003409	0.0003484	0.0004703	0.0006338	0.0007323	0.0005017
592.315	16882.90	6.679E-5	-9.567E-5	6.569E-5	0.0002056	3.625E-5	0.0002401	-8.429E-5	-0.0002319	5.331E-5	0.0002014	0.000246	0.0003403	6.085E-5	0.000121	0.0001312	0.0004732	0.0001619	0.0002056	0.0001972	0.0002145	6.71E-5	0.0001359	0.0002464	5.612E-6	0.000218	-3.097E-5	5.042E-5	0.0002699	0.0004088	0.0003521	0.0004333
592.892	16866.48	-0.0002725	-0.0001173	-0.0001261	0.0001838	0.0001543	6.206E-5	-8.425E-6	6.912E-5	1.38E-5	0.0001772	-1.497E-5	-5.453E-5	-0.0001171	7.794E-5	0.0001176	9.078E-5	1.383E-5	0.0001057	0.0001368	-4.628E-5	-2.308E-6	3.132E-5	-0.0001048	-0.0001618	-0.0001948	-0.0001185	-0.0001802	-0.0001579	0.0001065	3.038E-5	6.034E-5
593.469	16850.09	7.189E-5	-2.538E-5	0.0001186	0.000223	0.000102	0.0002758	4.851E-5	-5.948E-5	0.0001595	0.0002335	7.369E-5	3.965E-5	3.461E-5	0.0002193	0.0002469	0.0001332	0.0002057	0.0002291	3.163E-5	0.0001091	0.0003411	0.0003233	0.0001794	-2.25E-5	7.964E-6	2.835E-5	0.000144	7.321E-5	5.318E-5	0.0002146	0.0003165
594.045	16833.73	-5.765E-5	-0.0001509	-4.274E-5	0.0001712	-0.0001618	0.0002618	-0.0003061	-0.0001373	0.0001454	-0.0001363	-0.0001037	-1.565E-5	0.0002114	-0.0001115	8.655E-5	0.0001979	-8.07E-5	0.0002387	-0.0001915	5.456E-5	6.161E-5	1.91E-5	-9.933E-5	-4.119E-5	1.516E-5	-8.176E-5	0.0001129	-0.0001694	-1.331E-5	0.000211	0.0001903
594.622	16817.40	-0.0001689	0.0001633	2.917E-5	0.0002756	0.0001208	0.0001812	-0.0001394	0.0002273	0.0001192	8.788E-5	-4.926E-5	0.0001556	0.0002235	-0.0002524	-6.284E-6	4.121E-5	-0.000142	-2.694E-5	-5.364E-5	0.0001138	0.0001795	-0.0001296	-0.0002842	0.0001413	-0.0001214	0.0002366	-0.0001118	4.732E-5	2.268E-5	-7.771E-5	4.382E-5
595.199	16801.11	-3.095E-5	0.0001395	0.0002991	8.566E-6	0.0001952	0.0002951	0.0001104	0.0001332	-0.0001168	7.766E-5	0.0001089	0.0001144	0.000257	5.795E-5	0.0001317	-1.611E-5	-6.249E-5	-0.0001235	-0.0001041	0.0002004	-7.958E-5	4.8E-5	-0.000161	-6.101E-6	-8.73E-5	-8.178E-5	-0.000242	5.543E-5	-0.0001403	5.925E-5	-0.0001419
595.776	16784.85	-0.0001785	-0.0002282	-0.000111	-0.0004393	-0.0001644	-0.000244	-0.0002517	-0.0002038	-0.0002575	-0.0003867	-0.0003826	-0.0003498	-0.0001241	-0.0003608	-8.917E-5	3.607E-6	-0.0003618	-0.0003746	-0.0003164	-9.717E-5	-0.0002422	-0.0003383	-0.0002046	-0.000191	-0.0004313	-0.0001642	-0.0004394	-0.0002849	-0.0001892	-0.0004751	-0.0002574
596.352	16768.61	-0.0002837	8.633E-6	-0.0002929	-0.0001048	-4.143E-5	-3.386E-5	-9.069E-5	-0.0001677	9.881E-5	9.306E-5	9.234E-5	0.0001927	-1.9E-5	4.394E-5	-9.59E-5	0.0002231	-0.0001127	-0.0001706	9.102E-5	-7.634E-5	3.987E-5	-0.0001943	3.029E-5	-3.391E-5	3.169E-5	0.000473	-0.0001371	-0.0002227	0.0001253	-0.0002742	-1.783E-6
596.929	16752.41	-0.0001601	1.597E-6	-7.168E-5	8.514E-5	0.000137	4.844E-5	8.448E-5	-0.0001145	-3.808E-5	0.0001426	0.0001631	9.706E-5	0.000269	0.0002118	-5.687E-5	0.0001457	-4.567E-5	0.0001124	-6.197E-5	8.127E-5	-6.651E-6	-0.0001657	4.991E-5	1.469E-5	3.648E-6	0.0002353	0.0002139	-0.0002101	0.0001665	0.0002946	-0.000123
597.506	16736.24	0.0003248	7.609E-5	0.0002529	6.71E-5	1.946E-5	0.0001005	9.144E-5	-9.305E-6	0.0001709	0.0001297	5.274E-6	5.996E-5	0.0002356	0.0002707	0.0001257	3.554E-5	2.24E-5	-3.184E-6	-8.585E-5	7.1E-5	0.000134	7.359E-5	-3.772E-5	0.0003541	-5.166E-5	-0.0001354	0.0004367	-0.0001161	9.339E-5	0.000114	-4.731E-5
598.082	16720.11	0.0003242	9.357E-5	0.0002993	0.000156	0.0003574	0.0002336	0.0004009	0.00037	0.0002801	0.000282	0.0001858	-3.096E-5	0.0002144	0.0005321	0.00033	0.0004566	7.455E-5	0.0002507	0.0002538	4.426E-5	0.0004019	0.0004232	0.0003352	0.000477	0.0001465	0.0003283	0.0003155	0.0001826	9.629E-5	0.0001356	7.31E-5
598.659	16704.00	0.0002469	5.425E-5	0.0002732	0.0002117	0.0003813	0.0003805	0.0002523	0.0003501	0.0001026	-3.746E-5	0.0001326	0.0002542	0.0001834	0.0002405	0.0001556	0.0003227	0.0002311	0.0003346	0.0001094	7.637E-5	0.0004586	9.102E-5	4.085E-5	0.0001603	0.0003791	0.0004013	7.407E-5	6.665E-5	8.53E-5	0.0002059	-1.609E-5
599.236	16687.92	0.0001795	-1.485E-5	0.000214	0.0002344	6.346E-5	0.0004048	0.0002254	-0.0001097	3.314E-5	-0.0001945	-7.457E-5	0.0001155	3.836E-5	-0.0001266	-2.693E-6	0.0001157	0.0004758	0.0001364	4.265E-5	-1.218E-5	0.0001382	7.452E-5	-0.0002161	-0.000208	7.294E-6	0.0001502	-7.925E-5	0.0002625	0.0001745	0.0002551	-0.0001883
599.812	16671.88	-1.35E-5	-8.626E-5	-7.518E-5	-0.0001396	-0.0001468	9.539E-5	9.447E-5	-0.0001725	-0.0002278	1.45E-5	-9.425E-5	9.238E-5	0.0002549	-0.0002412	-0.0001253	-0.0001223	0.0001657	-1.475E-5	6.583E-5	-0.0002571	2.018E-5	5.679E-5	-0.0001531	-0.0001885	-1.012E-5	-0.0001684	-6.759E-5	6.875E-5	-9.923E-6	6.348E-5	-0.0003439
600.389	16655.86	-0.0001922	-9.977E-5	-0.0002245	-8.721E-5	-8.637E-5	-0.0001271	-0.0001159	-5.817E-5	-0.0001996	-0.0001445	-3.909E-5	-0.0001665	-0.0003614	-0.0001792	-0.0001698	-0.0001519	-0.0002742	2.454E-5	-0.0001641	-0.0003154	-0.0002291	-1.784E-5	2.526E-5	-3.477E-6	-0.0002983	-0.0003884	-0.0003816	-0.0001511	-0.0002478	-0.0001924	-0.0004532
600.966	16639.88	-0.000194	-7.784E-5	-0.0001782	-5.5E-5	-6.581E-5	-0.000294	-0.0001547	-0.0001082	-0.0002747	-9.483E-5	-0.0001355	-0.0001392	-0.0002749	-7.705E-5	-0.0002484	-0.0003215	-0.0004851	2.899E-5	2.923E-5	-0.0002688	-0.0002623	-0.0002471	-0.0001234	-0.0003332	-0.0005026	-0.0001872	-0.0001882	-0.0003683	-0.0002849	-0.000141	-0.0004882
601.543	16623.93	-0.0003564	-0.0002785	-0.0003329	-0.0002127	-0.0002502	-0.0003531	-0.0002656	-0.0006701	-0.0002313	-0.000439	-0.0003061	-0.000252	-0.0001696	-0.0001767	-0.0003758	-0.0005154	-0.0004121	-0.0003396	-0.000123	-0.0001241	-0.0001656	-0.0002878	-0.0003961	-0.0002413	-0.0005535	-0.0002747	-0.0001329	-0.0001518	-8.822E-5	-0.0004779	-0.0002643
602.119	16608.00	-0.0002329	-0.0001254	-0.0002209	-0.0003598	-0.0004065	-0.0002033	-0.0001144	-0.0001726	-0.0001186	-0.0001019	-0.0002005	-0.000201	-4.632E-5	-0.0002612	-0.0002059	-0.0003846	-0.0002988	-3.521E-5	-8.037E-5	0.0001162	-0.0002258	-0.0002331	-0.0002178	-0.0001085	-1.823E-5	-8.429E-5	-3.598E-5	-1.082E-5	-0.0002164	-0.0002999	-0.0002539
602.696	16592.11	-0.0002777	-0.0001573	-0.0006131	-0.0003053	-0.0003967	-0.0004645	-3.825E-5	-0.000323	1.502E-5	-6.497E-5	5.803E-5	-0.0002085	4.6E-5	-0.0004576	-0.0001875	-0.0002403	-0.0003048	-1.257E-5	-0.0001974	-0.0002086	3.086E-5	-0.0001653	-0.0002131	-0.0001834	-0.0002466	-4.494E-5	-0.0002427	-0.0001362	-0.0001406	-8.826E-5	-0.0002842
603.273	16576.25	-0.0004677	-0.0001324	-0.000368	-0.0005623	-0.000662	-0.0004268	-0.0002695	-0.0003504	-0.0003239	-0.0002269	-0.0003218	-0.000327	-0.0002808	-0.0001942	-0.0003058	-0.0004168	-0.0003699	3.704E-5	-0.0003331	-0.0004176	-0.000219	-0.0002404	4.058E-5	-0.0002089	-0.0002622	-4.259E-5	-0.0002851	-0.0001618	7.528E-5	-0.0002658	-0.0003779
603.849	16560.42	-0.0001168	-2.288E-6	-0.0002774	-0.0005815	-0.0004849	-0.0005637	-0.000374	-2.178E-5	-0.0002396	-0.0003278	-0.000219	-0.0003503	-0.0002793	-0.0004973	-5.864E-5	-0.0003694	-1.013E-5	7.779E-5	-0.000384	-0.0002516	-0.0001403	-0.0002521	-0.0001276	-0.0001805	-0.0002843	-0.0001544	-0.000104	-0.0001475	-0.0001058	-0.0001333	-0.0002424
604.426	16544.62	-7.705E-5	-0.0002185	-0.0003496	-0.0003496	-0.0002711	-0.0002968	-0.0002394	-0.000206	-0.000157	-0.0003444	9.328E-5	-0.0004304	-0.0002258	-0.0002149	6.884E-5	-0.0003403	-0.0004227	-5.979E-5	-0.0005421	5.474E-5	-8.98E-5	-0.0001025	-0.0002961	-0.0003049	-3.784E-5	-0.0003821	-0.0003497	-9.978E-5	-0.0005426	-3.741E-5	4.575E-5
605.003	16528.85	0.0003144	0.000382	1.071E-5	9.215E-5	0.0002098	-0.0002013	0.0001541	-0.0001461	8.029E-5	4.241E-5	8.754E-5	0.0001785	8.195E-5	0.0003187	-2.954E-6	0.0001771	0.0001037	0.0003485	-5.525E-5	0.0001948	0.0001807	0.000251	0.0002829	0.0005114	9.989E-6	-0.0002242	-5.752E-5	0.0001295	0.0001505	-0.0001037	0.000193
605.580	16513.11	0.0001052	-3.503E-5	-5.77E-5	6.101E-5	2.819E-5	-0.0001799	-0.000174	-0.0002683	0.0002637	-5.341E-5	-0.0002753	-7.752E-5	-0.0001392	0.0001747	-0.0002352	2.971E-5	8.701E-5	5.653E-5	2.773E-5	-7.524E-5	3.907E-5	0.0001202	4.535E-5	5.764E-5	7.712E-5	4.305E-5	-6.88E-5	0.0002917	4.542E-5	-0.0001512	-0.000125
606.156	16497.40	-0.0001059	0.0002829	-0.0002614	-5.508E-5	0.0002679	3.825E-5	0.000257	3.381E-5	-9.996E-6	0.0002761	6.885E-5	-0.0002198	-0.0001404	-0.000219	-3.159E-5	-0.0001003	3.723E-5	0.0002888	6.609E-5	0.0002834	-6.904E-5	3.211E-6	0.000252	9.173E-5	0.0004336	-0.0001537	4.453E-5	-7.542E-5	0.0002493	7.94E-5	7.138E-6
606.733	16481.71	0.0002074	0.0002535	-0.0001334	4.443E-5	0.0002081	7.761E-5	5.913E-5	-0.0001482	2.843E-5	-1.071E-5	0.0003179	0.0001722	-8.842E-5	3.322E-5	8.674E-5	2.144E-5	-2.401E-5	-0.0001136	8.802E-5	-3.951E-5	-9.062E-5	-0.0002778	-2.356E-5	0.0003105	0.0002203	-0.0001702	0.0003055	1.455E-5	-0.0002731	0.0001049	0.0001492
607.310	16466.06	0.0001958	-7.75E-5	-0.0002739	-2.709E-5	-1.939E-5	-0.0002305	-0.0002081	-0.0001498	4.173E-6	-0.000216	0.0001302	0.0001762	-0.0006218	-0.0002237	4.661E-5	-0.0005194	-2.002E-5	-0.0002257	-9.858E-5	-0.0002663	-0.0002041	0.0001909	-0.0001886	-0.0001946	-0.0002078	-0.0001448	-0.0001931	-0.0001286	-0.000228	-0.0001138	-0.0001347
607.886	16450.44	-9.006E-5	-0.0002131	-0.0001529	-0.0002784	-0.0001009	-0.0002686	-0.0002349	-0.0004905	-1.824E-5	-0.0003792	-0.0003713	-0.000242	-0.0004153	-0.0002715	-3.566E-5	-0.0004438	-0.0002758	-0.0004354	-0.0004646	-0.0002831	-0.0001708	9.319E-5	-0.0002164	-5.122E-5	-0.0004182	-5.977E-5	-4.642E-6	-0.0001641	-0.0003703	-0.0002903	-0.0003489
608.463	16434.85	7.799E-5	0.0001934	0.0002873	0.0002981	5.861E-5	0.0004105	0.000361	0.0003848	0.0004395	0.0003765	0.0004448	0.000222	0.0002812	0.0003019	0.0003138	0.000107	-0.0001037	1.649E-5	-5.501E-5	0.0001961	0.0003366	0.0004397	0.0004807	7.418E-5	-3.648E-5	0.00016	6.661E-5	0.000295	0.0004011	0.0006654	-2.062E-5
609.040	16419.29	0.0001482	0.0002983	-0.0001807	0.0001543	7.893E-5	0.0002311	0.0001713	4.132E-5	0.000263	1.011E-5	-0.0001867	-1.907E-5	-0.0001989	6.517E-5	0.0001131	7.244E-5	0.0001331	1.544E-5	1.854E-5	7.779E-5	0.0001752	0.0001197	-8.595E-8	4.577E-5	-0.0001284	8.37E-5	-5.424E-5	-6.459E-6	-8.861E-5	-0.0001245	0.0001035
609.617	16403.75	-0.0002578	-0.0001457	-0.0001116	-0.0001699	0.0001636	-0.0001182	-7.809E-5	-0.0001863	5.081E-6	0.0001416	5.507E-5	-0.0001589	-0.0001097	-0.0002136	-0.000251	0.0001977	-5.527E-5	-0.0003116	-0.0002903	-0.0002124	-5.05E-5	-0.0003518	-0.000195	-0.0001241	-4.659E-5	-0.0002831	-2.965E-5	-0.0001712	-0.0003347	-0.0004418	-0.0001213
610.193	16388.25	-0.0002288	0.0002464	0.000206	7.926E-5	0.0001301	-0.0003683	-8.779E-5	-7.75E-6	-0.0002063	-0.0003423	0.0001008	0.0001026	-0.0002644	0.0001767	-0.0003586	-0.0003391	-0.000193	-0.000124	-1.386E-5	-0.0002874	-0.000263	1.349E-5	1.168E-5	-5.815E-5	-8.099E-6	-0.0001737	9.807E-5	5.693E-6	-9.537E-5	-0.0002672	-0.0001109
610.770	16372.78	0.000216	4.492E-5	0.0003875	0.0002284	4.977E-5	0.0001164	0.0002114	0.0003351	-7.719E-5	-0.0001307	1.434E-5	0.0001793	2.299E-5	-9.397E-5	-0.0001484	0.0001584	7.231E-5	0.0002179	0.0002817	-0.0001363	-6.953E-5	0.00016	0.0001923	0.0001357	0.0003927	0.0001511	0.000247	0.0002138	-8.477E-5	3.551E-5	-4.544E-5
611.347	16357.33	-5.592E-5	-2.933E-6	-7.022E-5	1.645E-5	-0.0003373	3.401E-5	-0.0003977	-0.0001127	-0.0002361	-0.0002167	-0.0001497	-0.0001273	-6.37E-5	-0.0001887	-0.0001344	-0.0002366	-0.0001422	-0.0002395	-0.0002991	-0.0001714	-0.0004741	-7.832E-5	-0.0002747	-0.0002006	-0.0001357	-0.0001235	-0.0001395	-0.0001462	-9.647E-5	-0.0001309	0.0001743
611.923	16341.92	-0.0001425	-4.267E-5	4.491E-5	-0.0003143	-0.0002046	0.0002283	-0.0001507	0.0001806	-4.646E-5	-0.0002136	-0.0006086	-0.0002127	0.0001408	-2.478E-5	-0.0003322	-0.00021	0.0001433	-9.576E-5	-7.653E-5	6.872E-5	-0.0005541	-0.0002072	0.0001529	-8.67E-5	6.808E-5	-0.0001671	-5.78E-5	9.819E-5	7.177E-6	4.165E-5	0.0001888
612.500	16326.53	5.679E-5	0.0002333	-0.0001497	-1.577E-5	-0.0001967	-0.0001997	-0.0002971	-2.829E-5	-0.0002188	1.87E-5	-0.0003531	-0.0004907	-5.607E-5	-4.338E-5	-6.142E-5	-0.0001898	0.0002274	-0.0003438	8.994E-5	-0.0002158	-0.0001524	-0.0002332	-0.0001231	9.684E-5	-0.0001491	-4.851E-5	-0.0001543	-0.0004269	-0.0002678	-0.0002261	3.97E-5
613.077	16311.17	-5.898E-7	-0.000265	-0.0005466	-7.75E-5	-0.0006563	-0.0002359	-0.0001518	-0.0001952	-0.0003317	-4.282E-5	-0.0003045	-0.000618	-0.0005983	-0.0005208	-0.0001199	-0.00049	-7.868E-5	-0.0004622	-0.0003303	-0.0003516	-0.0002324	-0.0004115	-0.0005738	-0.0004029	-0.0004677	-0.0001356	-0.0004732	-0.0003624	-0.0004111	-0.0001626	-0.0003487
613.653	16295.84	-6.388E-5	3.027E-5	-0.0003332	-0.000367	-0.0002605	-0.0005448	-0.0004184	-9.758E-5	-0.0003001	-0.0002713	-0.0004984	-0.0002934	-0.0005484	-0.0002044	-0.0005892	-0.0003628	-6.567E-5	-0.0002881	-0.0004381	-0.0001798	-0.0003735	-0.0004868	2.276E-5	-0.0004165	-0.000436	-0.0003485	-0.0002915	-0.0003534	-0.0001607	-0.0001706	0.0001254
614.230	16280.54	6.023E-5	-0.000118	0.0001429	-0.0003635	2.2E-5	-2.145E-5	-0.0001056	0.0002701	-5.264E-5	0.0001312	0.0001397	-0.0002626	0.0003536	8.419E-5	-0.0001396	8.19E-5	0.0002256	-2.394E-5	0.0003313	0.0002478	2.719E-5	3.397E-6	3.132E-5	-5.552E-5	0.0002141	-7.129E-5	-1.753E-5	4.293E-5	-6.664E-5	-0.0001069	-4.585E-5
614.807	16265.27	1.522E-7	-7.744E-8	-1.13E-5	7.698E-5	-1.288E-5	-0.0003009	-0.0003469	-0.0001254	-0.0001972	-0.0004262	-0.0004303	-0.0001334	-0.0002997	-0.0003019	-0.0004736	-0.0003538	0.0001005	-0.0003337	-0.0001684	-0.0005781	9.752E-5	-0.0002187	-0.0004089	-0.0004205	-0.0003418	-7.743E-5	-0.0002584	-0.0005519	-0.0002733	-0.0003959	-0.0002877
615.384	16250.03	-0.0002311	7.082E-5	-5.94E-5	-0.0003191	-0.0003832	3.684E-6	-0.000397	-0.0004922	-0.0003773	2.828E-5	-0.0001608	-0.0003819	-9.154E-5	0.0002841	-0.000149	-0.0002427	-2.388E-5	-0.0005284	-4.217E-5	-0.0001868	6.589E-5	-0.000606	-0.0004336	-0.0003875	-0.0003155	3.019E-5	-0.0002349	-0.0004707	-0.0001548	-0.0002261	-0.0001822
615.960	16234.81	0.000419	-3.996E-5	0.0002393	0.0001426	-6.076E-5	0.0001732	-0.0002023	0.0001585	0.0001212	1.459E-5	-0.000128	0.0002782	0.0002091	-2.015E-5	-0.0002342	-0.0001657	-0.0002742	4.111E-5	5.148E-5	4.658E-5	-7.11E-5	0.0002312	6.091E-5	8.804E-5	-0.0001684	5.875E-5	2.032E-5	0.0002609	0.0003263	0.000142	0.0002159
616.537	16219.63	9.242E-5	0.0001108	3.652E-5	0.0001906	-0.0001258	0.0001008	5.521E-6	0.0001832	0.0001246	0.0003355	0.000323	0.0002313	-1.565E-5	0.0002428	-3.715E-7	6.121E-5	0.0001731	0.0002819	0.0002785	0.0002784	0.000432	-6.386E-5	-3.319E-5	0.0001984	-6.198E-5	0.0002857	0.0001114	0.0001389	0.0002807	0.0004672	4.7E-5
617.114	16204.47	0.0001008	0.000188	0.0002915	0.0005515	0.0004517	3.427E-5	0.0004252	0.0002132	0.0004953	4.417E-5	0.000349	0.0005922	0.0003607	0.0001038	0.0004762	0.0004871	0.0002598	0.0001926	0.0004513	0.0006172	0.0001015	0.000444	0.0004379	0.0003383	0.0002704	0.0003963	0.0002179	0.0002536	4.333E-5	0.0003663	0.0007085
617.690	16189.34	-0.000205	-0.0005096	-0.0002703	-0.0004292	-0.0008587	-0.000552	-0.0003849	-8.967E-5	-0.0005368	-0.0003551	-0.0003759	-0.0003562	-0.0008254	-0.0002868	-0.0002706	-0.0005144	-0.0003408	-0.0007032	-0.0003634	-0.0004522	-0.0004258	-0.0003142	-0.0003381	-0.0004995	0.0001182	-0.0003877	-0.000583	-0.0004578	-8.821E-5	-0.0007202	-5.552E-5
618.267	16174.24	3.253E-5	5.103E-5	0.0001309	5.586E-5	0.0004007	0.000138	0.0003287	-3.307E-5	0.0001274	4.135E-5	0.0003478	0.0003704	4.663E-5	0.0001493	0.0005933	8.065E-5	1.946E-5	-5.497E-7	0.0003548	0.0005149	0.0001817	8.894E-5	0.0002886	0.0005526	0.0003501	0.0001675	0.0005571	0.0004105	0.000244	0.0004124	0.0005494
618.844	16159.16	0.0001017	-0.0001949	-0.0003382	-0.00024	-0.0001931	-0.0002179	0.0001105	-6.498E-5	-0.0002947	-0.0003348	-5.586E-5	-0.0005347	0.000118	-0.0002545	-7.376E-5	-0.0003226	-0.0001729	-0.0001202	-2.996E-5	-5.992E-5	-0.0001615	-0.0001189	-4.091E-5	-3.368E-5	-0.0003338	-0.0002031	-0.0002894	5.561E-5	-0.0003178	-0.0001919	4.886E-5
619.421	16144.12	-0.0001726	-0.0004072	-0.0001792	-0.0001255	5.507E-5	-0.0002669	-6.472E-5	0.0001639	2.719E-5	-0.0002655	-0.0001323	-1.359E-5	-0.0001621	8.9E-6	-0.0001814	7.353E-5	7.809E-6	6.782E-5	0.0002802	-5.234E-5	-0.0001518	-7.914E-5	-0.0003279	0.0001124	9.781E-5	0.0001352	-0.0003916	4.89E-6	-4.827E-5	6.374E-5	-0.0003452
619.997	16129.10	0.000388	0.0002169	-0.0001867	-0.0002702	6.676E-5	-0.000112	2.168E-5	-8.599E-5	-0.0002374	-1.093E-5	3.324E-5	-6.934E-5	6.478E-5	-9.854E-5	3.887E-5	8.973E-5	-0.0002455	-0.0001421	-0.0001873	7.571E-6	-0.0004808	-0.0003668	-5.791E-5	-0.0002019	7.546E-5	-0.0003334	-0.0002535	-0.0002263	-0.0002379	-0.0001162	3.428E-5
620.574	16114.11	-0.0003061	-0.000331	-0.0003526	-0.0005176	-0.0001995	-0.0002018	-0.0001743	-0.0004801	-0.0006167	-0.0001397	-0.0001599	-0.0005947	-0.0001483	-0.000458	-0.0005326	-0.0001371	-0.0003721	-0.0004931	-0.0002878	-0.0003216	-0.0005032	-2.702E-5	-0.0003543	-0.000435	-0.000535	-0.0003285	-0.0003994	-0.0002977	-4.276E-5	-0.0005437	-0.0002756
621.151	16099.15	-7.969E-5	-0.0002476	-0.0002482	-0.0001317	-0.0001121	-0.0005392	-0.0002907	-0.0003301	-0.000316	-0.0008251	-1.151E-6	4.769E-5	-0.0002163	-0.0004529	6.711E-5	-0.0006876	-0.0001234	-6.858E-5	-0.0004091	-0.0002951	-0.0001536	-0.0003166	1.345E-5	-5.898E-5	-0.0002618	-0.0002157	4.939E-5	-0.0003172	-8.325E-5	-0.0004367	0.0001092
621.727	16084.22	0.0002254	-0.0001469	0.0002304	-0.0004916	-0.0004097	-0.0003268	-0.0002379	0.0001798	3.881E-5	-0.0004593	-0.0005058	-0.0002434	-4.656E-5	0.000448	-0.0001637	-0.0002456	6.076E-5	-0.0003893	6.915E-5	-0.0001805	-0.0001346	7.216E-5	5.072E-5	-8.948E-5	-0.0003478	-0.0003674	-0.0001262	-0.0002651	-0.0004475	-0.000168	0.0001792
622.304	16069.31	-0.0002218	-0.0001496	-0.0003573	-0.0001923	-0.0003072	-0.0001889	-0.0004282	-7.806E-5	-0.0002501	-0.0003833	-0.000236	-0.0002067	0.0001409	-0.0001691	-0.0003973	-0.0002209	-1.299E-5	-0.0001785	4.968E-5	-0.0002974	-1.332E-5	0.000142	-8.467E-5	-0.000149	-4.858E-5	8.242E-5	0.0001225	-0.0001414	-0.0002836	-0.0003242	0.0002457
622.881	16054.43	-8.736E-5	-4.68E-6	7.237E-5	-0.0002265	-0.0004871	-2.49E-5	-0.0002806	-0.0001548	-0.0002343	1.416E-5	-8.313E-5	-0.0003501	-0.0001492	-0.0004775	-0.0003226	-2.118E-5	-0.0003403	0.0001771	8.386E-5	-5.114E-5	-0.0003783	4.481E-6	-2.181E-5	-2.898E-5	-0.0003506	-0.000287	-9.233E-5	-0.0001386	-0.000374	-0.0003325	-0.0001221
623.458	16039.58	-0.0001723	-8.273E-7	-0.0001643	-2.924E-5	-0.0001568	-0.0001144	-0.0001922	0.0001204	-5.872E-5	1.398E-5	-0.0004321	-0.0002762	5.682E-6	-0.0002422	-0.0002219	0.0001294	-0.0003697	-0.0002442	-0.0002682	6.663E-5	0.000158	9.064E-5	-0.0001791	-9.261E-5	-4.199E-5	-0.0001911	-1.204E-5	3.888E-6	-0.0003275	-3.471E-5	0.0001866
624.034	16024.76	0.0002745	0.000144	0.0002221	9.491E-5	0.0003482	0.0002291	0.0001808	0.0003328	-5.549E-5	-2.42E-5	0.0001476	-1.109E-5	0.0001091	0.0002541	0.0002152	0.0002726	-0.0001637	-3.14E-6	0.0001695	6.219E-5	0.0004268	0.0001221	-0.0003745	0.0003857	0.0001117	-4.371E-5	0.0003642	0.0001785	0.0001807	0.0003982	0.0001238
624.611	16009.97	-0.0005172	-9.983E-5	-7.646E-5	6.472E-5	-3.732E-5	-0.0002828	-0.0001537	-0.0003332	0.0002334	-0.0002088	-0.0002957	-0.0002335	-1.518E-5	-0.0001909	-0.000848	-0.0002609	-0.0001986	-0.0001797	-0.0001951	-0.0003791	-0.0001615	-0.0002705	-0.0004199	-0.0003625	6.047E-5	-0.0002862	-0.0001156	3.45E-5	-0.0001228	-0.0003905	-0.0002127
625.188	15995.20	-0.0003984	0.0002842	-0.0001431	-0.0002228	-0.0001586	-4.407E-5	-0.0003657	-0.0002101	-0.0002421	-0.000194	5.157E-5	1.616E-5	1.564E-5	-0.0001289	-0.0001846	-4.823E-5	-0.0001075	-0.000219	-0.0001299	-0.0003559	-0.0004125	6.082E-5	-0.000221	-7.959E-5	-0.0003643	-0.0002704	-0.0002578	-2.177E-5	-0.0001057	-0.0003026	-0.0001908
625.764	15980.46	-0.0001818	-0.0001878	-0.0001238	-0.0002706	3.599E-5	-0.000403	-0.0003089	-0.000448	-0.000303	-0.000186	-0.0003614	-0.0002917	-9.658E-5	-0.0001949	-0.0004444	-0.0003094	-0.0003882	-0.0006147	-0.0003061	-0.0001947	-0.0006277	-0.0006736	-0.0004267	-0.0003885	-0.0004731	-0.0002856	-0.0003175	-0.0004545	-0.0003584	-0.0005811	-0.0004569
626.341	15965.74	-0.0002874	-0.0003527	-0.0002341	-0.0003004	-0.0003492	-0.0001956	-0.0005872	-0.0005233	-0.0004166	-0.0002911	-0.0006268	-0.0003368	-0.0005726	-0.0003882	-0.0007269	2.273E-5	-0.0006587	-0.000455	-0.0006602	-0.0007056	-0.000476	-0.0003433	-0.0006397	-0.0004298	-0.0006153	-0.0001892	-0.000688	-0.0006394	-0.000416	-0.0007351	-0.0007278
626.918	15951.05	-0.0003449	-0.0004382	-0.000297	-0.0001194	-0.0004312	-3.852E-5	-0.0003901	-0.0001474	-0.0005543	-0.0004849	-0.0001935	-0.0005152	-0.0002368	-0.0003372	-0.0005998	-0.0001133	-1.72E-5	-0.0001342	-0.0003672	-0.000397	-0.0005365	-0.0003107	-0.0004341	-0.0004918	-0.0005181	-0.0001797	-0.0004242	-0.0005534	-0.0005397	-0.0006414	-0.0003386
627.495	15936.39	-0.000443	-0.0004796	-0.0005024	-0.0005533	-0.0006139	-0.0006714	-0.0003516	-0.000545	-0.0005721	-0.0007831	-0.0002664	-0.0005085	-0.0004029	-0.0005785	-0.00051	-0.0004986	-0.0005316	-0.0008638	-0.0003911	-0.0003455	-0.0006305	-0.0007414	-0.0005781	-0.0003632	-0.0006255	-0.0008184	-0.000704	-0.0006559	-0.0007305	-0.0006543	-0.0004992
628.071	15921.76	-0.0003261	-0.0003179	-0.0005537	-0.0004216	-0.0003608	-0.0002799	-0.0004026	-0.0004215	-0.0004845	-0.0003302	-0.0003553	-0.0004098	-0.0005185	-0.0004626	-0.0004974	-0.0005359	-0.0004851	-0.0007604	-0.0005351	-0.0005563	-0.0004386	-0.0007386	-0.0005039	-0.0004386	-0.0002544	-0.001	-0.0004513	-0.0002911	-0.0006539	-0.0006873	-0.000521
628.648	15907.15	0.0003588	0.0003898	3.639E-5	-0.0002921	0.0001445	0.0001538	0.0001684	-0.0002585	-0.0001195	-0.0001995	-0.0002002	0.0001953	-7.433E-6	-0.0004459	-0.0005336	-0.000225	-0.0003046	-0.0001624	-0.0004844	-0.0002366	-9.925E-5	-0.0004155	-0.0005644	-0.000445	-0.0002006	-0.0005494	-8.553E-5	-0.000106	-0.0002932	-0.0003355	-0.0005409
629.225	15892.58	0.0002178	0.0002223	0.000238	-0.000195	6.826E-5	-6.085E-5	1.182E-5	-0.0001881	-5.388E-5	-0.0001205	3.087E-5	-0.000114	1.384E-5	5.531E-5	-0.0002923	0.0001923	-0.0001443	-0.000403	-0.0002118	-0.0003159	-0.0002636	-4.973E-5	-0.000144	-0.0001204	-8.37E-5	8.964E-5	-0.0001292	-4.162E-5	0.0002318	-1.933E-5	-3.939E-5
629.801	15878.02	0.0001119	-0.0003776	-0.000237	-0.0001578	-0.0001538	-0.0001825	-0.0001675	-5.05E-6	-0.0001559	-0.0001764	4.541E-5	-0.0001233	1.827E-5	-3.188E-5	-0.000291	-0.0002177	-0.0002902	-7.531E-5	-0.0001942	-0.0002349	-0.0001436	-8.71E-5	-0.0002118	-0.0001496	7.368E-6	-0.0001908	-0.0002016	-9.326E-5	-0.0003124	-0.0002084	-0.0001055
630.378	15863.50	-0.000322	-5.791E-5	-0.0001456	-0.0001265	-0.0001375	-1.417E-6	-0.0001397	2.093E-5	6.348E-5	-4.807E-5	0.0001034	3.984E-5	-0.0001025	8.823E-5	-0.00026	-0.0002337	0.0003429	-0.0003144	-7.204E-5	-8.349E-6	7.041E-5	-4.601E-5	1.964E-6	-3.834E-5	-0.0001351	-0.0003529	9.238E-6	-0.0003105	-0.0003878	-6.264E-5	0.0001238
630.955	15849.00	-0.0001837	-4.227E-5	-0.0003105	-8.721E-5	-0.000382	-0.0004039	-0.000442	-0.0006348	-0.0005163	-0.0003799	-0.0001584	-0.0002251	-0.0004724	-0.0002771	-0.0004094	3.526E-9	-0.0001628	-0.0003936	-0.0004192	-0.0001692	-0.0001087	-0.0002862	-0.0003794	-0.0002402	-0.0006634	-0.0003877	-0.0001955	-0.0003077	-0.0004289	-3.847E-5	-7.366E-5
631.531	15834.52	0.0001643	-0.0001525	-0.0002946	-0.0002882	-0.0001817	-0.0003451	0.0001249	-0.0002262	-0.0003765	-0.0001654	-0.0001776	-0.0001671	-0.0002723	-0.0002709	-0.0002907	-0.0001299	0.0001641	-0.0002772	-0.0002503	-3.404E-5	-0.0001827	-0.0002364	-0.000117	-0.0002935	-1.439E-5	-0.0003183	-7.665E-5	-2.684E-5	-0.0002803	-0.0003495	-0.0002065
632.108	15820.08	-0.0001894	-0.0001517	-0.0004129	-9.776E-5	-0.0004171	-0.0002372	-0.000189	-7.856E-5	-0.0003682	-0.0006889	-0.0002458	-0.0002954	-0.0005453	-5.986E-5	-0.0003508	-0.0001833	-0.0001971	-0.0002465	-3.47E-5	-5.135E-5	-0.0002281	-0.0004932	-0.0002756	-0.0002428	-0.0003413	-0.0003775	-0.0004762	-0.0002542	-0.0003759	-0.0005607	-4.011E-5
632.685	15805.66	-0.0002044	-0.0002002	-0.0005584	9.874E-6	-0.0003385	-0.0002425	-0.0002187	-0.0003535	-0.0003665	-0.0003089	-0.0002721	-0.0004357	-0.0006219	-0.0004954	-0.0004711	-0.0004343	-0.0004447	-0.0004746	-0.0004003	-0.0005787	-0.0004178	-0.0003736	-0.0002684	-0.0004047	-0.0002265	-0.0003838	-0.0002752	-0.0003514	-0.0002513	-0.0002293	-0.0002568
633.262	15791.26	0.0001081	-0.0001012	0.0002118	-5.199E-5	0.0002885	-0.0001476	-0.0002744	5.332E-5	-3.59E-5	0.0002363	1.742E-5	8.084E-5	-0.0002105	8.272E-5	-0.0002263	-0.0003082	3.451E-5	6.626E-5	-0.0001312	-0.0002777	-0.0002294	-0.0003171	3.169E-5	-0.000163	-2.002E-6	-1.191E-5	-0.0001026	4.241E-5	-2.644E-5	0.0001436	-0.0001192
633.838	15776.89	-0.000478	-9.644E-5	-0.0002753	-0.0003645	-7.451E-5	-6.085E-5	-0.0002026	-0.0004939	-0.0004189	-0.0003216	-0.0001968	-0.0004612	-0.0002382	-0.000129	-8.361E-5	-0.0003389	6.094E-5	-0.0004603	-0.0004891	-0.0003077	-0.0001532	-0.0004773	-0.000327	-0.0003913	-0.000397	-0.0003803	-0.000122	-0.0003326	-0.0003112	-0.0002738	-0.0005984
634.415	15762.55	-0.0001089	-0.0001243	-0.000428	5.349E-5	-4.403E-5	-0.0002269	2.68E-5	-0.0005407	-0.0002822	1.226E-5	-9.014E-5	-0.0001608	-0.0001452	-0.0002215	-0.0001732	-0.0004043	-5.204E-5	-0.0002599	-0.000343	-0.0002609	-0.0003215	-0.0001196	-0.0003369	-0.0004231	-0.0004143	-0.0005785	-0.0003815	-7.834E-5	-0.0005807	-0.000249	-0.0001036
634.992	15748.24	0.0002533	-0.0004187	0.0001091	0.0001567	0.0002561	5.134E-5	0.0001106	4.224E-5	4.625E-5	0.0002146	-2.103E-6	3.294E-5	-0.0002536	2.96E-5	-2.725E-5	-0.0001549	0.0001201	-5.923E-5	-3.144E-5	0.0002375	-0.000274	0.0001588	-0.0002123	-0.0001722	6.543E-5	-0.000186	-0.000393	9.403E-5	-0.000192	-0.0001446	-9.943E-5
635.568	15733.95	-0.0002025	-0.0004426	-0.0002002	-0.0002836	-0.0003191	-4.23E-5	-0.000419	-0.000482	-0.0004119	-0.0003829	-0.000443	-0.0003932	-0.000471	-0.0005759	-0.0004792	-0.0001373	-0.0003701	-0.0007085	-0.0004569	-0.000708	-0.0005565	-0.0003802	-0.0006866	-0.0004206	-0.0006471	-0.0004791	-0.0003943	-0.0005756	-0.0004658	-0.0006605	-0.0005648
636.145	15719.68	-0.0001504	0.0001433	-9.472E-5	-5.366E-5	-0.000108	-0.0001172	0.0001125	-0.0004527	-3.397E-5	-0.0002786	-0.0002334	-0.0003867	-0.000133	-0.0002911	-0.0001938	-3.192E-5	-0.0003948	-0.0003673	-0.0005088	-5.338E-5	-0.0004387	-0.0001719	-0.0004244	-0.0001532	-0.0005556	-0.0002177	-0.0001395	-0.0001433	-0.0003674	-0.0005319	-0.0006384
636.722	15705.44	3.857E-5	0.000298	6.244E-5	2.672E-5	0.0001226	0.0001065	-8.491E-5	0.0001319	0.0001348	0.0001244	0.0001536	-0.0001283	2.841E-5	-4.436E-6	-0.0003515	3.002E-5	-0.0002123	-0.0001152	-0.0004152	-2.592E-5	9.871E-5	-0.0002579	-0.0001976	-0.0002603	-0.0001832	-0.0001407	-8.566E-5	-0.0001486	-8.545E-5	-4.585E-5	-0.0003367
637.299	15691.23	9.999E-5	-4.574E-7	0.0003379	-0.0001185	-9.584E-5	9.926E-5	7.232E-5	0.0003796	-7.255E-5	-9.003E-5	0.0003416	-4.234E-5	-9.339E-5	-0.0002004	-0.0001117	0.0001219	7.466E-5	-4.502E-5	-0.0002535	-0.0001659	-7.723E-5	-0.0001122	3.622E-5	4.214E-5	-2.568E-5	-0.0003209	-0.0001397	-0.0002866	-6.471E-5	-9.791E-5	-0.0001703
637.875	15677.05	-0.0003213	-0.0004276	-0.000142	-0.0001814	-0.0001888	-0.0003376	-0.0004397	-0.0002515	-0.0005096	-0.0004148	-0.0002294	-5.825E-5	-0.0003126	-0.0003552	-0.0003703	-0.0005712	-0.0002439	-0.0001795	-0.000454	-0.0004167	-0.0003556	-0.0005235	-0.0004343	-0.0003916	-7.894E-5	-0.0003979	-0.0003816	-0.0003831	-0.0003747	-0.0004008	-0.0004324
638.452	15662.88	9.394E-5	-7.621E-6	0.0003605	0.0002495	7.267E-5	0.0001227	-0.0003026	-0.0001063	0.0001863	-3.043E-5	5.256E-7	0.0001203	0.0002473	0.000186	-0.0001192	-0.0002276	-5.829E-5	0.0001073	-0.0001659	6.442E-5	6.13E-5	-0.0002923	-3.17E-5	-0.0001648	0.0002452	5.403E-5	-0.0002717	-6.994E-5	-1.337E-5	-0.0003495	-9.704E-5
639.029	15648.75	-0.0001278	-7.101E-5	0.0001765	7.049E-5	0.0001232	0.0001934	-0.0002201	-3.258E-5	0.0002229	-0.0002477	-0.0002235	3.124E-5	5.236E-5	-7.342E-5	-7.93E-5	-0.00012	-0.0002695	2.507E-5	-0.0001533	0.0001479	-3.053E-5	-3.19E-5	4.563E-5	0.0001377	-9.841E-5	3.414E-5	1.844E-5	0.0001735	7.096E-5	-0.0001794	6.717E-5
639.605	15634.64	0.0001175	0.0001884	0.0001554	-5.162E-5	-3.607E-5	-2.711E-5	-0.0001503	2.195E-5	-1.811E-5	-0.0003283	-0.0001105	-0.0002268	-7.737E-5	-0.000186	-0.0001373	-0.0001388	-7.02E-5	-0.0002069	-1.438E-6	8.072E-6	-0.0001129	-9.652E-5	-6.98E-5	0.0002463	-1.592E-6	-9.728E-5	-4.8E-5	2.468E-5	-0.0001007	-9.729E-5	9.192E-6
640.182	15620.56	3.967E-5	9.258E-5	-0.0003766	-0.0003228	-0.0001284	-0.0004127	-0.0001919	-0.0003011	-0.0004549	-0.0004076	-0.0002702	-0.0005319	-0.0002905	-0.000282	-0.0003864	-0.000317	-0.0001547	-0.0001976	-6.267E-5	-8.693E-5	-0.0004344	-0.0005028	-0.0001755	-1.402E-5	-0.0003651	-0.000171	-0.0003603	-0.0005527	-0.0004906	-0.0003121	-0.0003313
640.759	15606.50	0.0002078	5.161E-5	-0.0001111	6.252E-5	-0.0002725	-0.000446	-9.106E-5	-0.0001034	-6.464E-5	-0.0001861	-4.767E-5	-4.7E-5	-0.0003221	-0.0002828	-0.0002099	-0.0005003	-0.0001609	-0.0002454	-4.995E-5	-1.603E-5	-0.0004018	-0.0002721	-0.0002994	3.451E-5	-0.0001996	-2.933E-5	-0.0002541	-0.0002992	-0.0002805	-0.0001922	7.613E-5
641.336	15592.46	9.717E-5	-7.327E-5	-0.0002334	6.69E-5	-0.000294	-0.0003806	-0.000105	-7.79E-5	-0.0003509	-9.074E-5	-0.000168	-9.06E-5	-0.0002614	-0.0001609	-0.0001538	-0.0002819	-1.782E-5	-0.0003797	-0.0001099	-0.0003062	-5.698E-5	-0.000357	-0.0001805	0.0001558	-0.00036	-4.951E-5	-0.0003633	-9.656E-5	-0.0002296	-0.0003309	-0.0001255
641.912	15578.45	0.0004147	8.588E-5	-5.047E-5	2.868E-5	0.0001352	0.0002186	0.0002518	-0.0001313	5.428E-5	0.000201	-0.0001001	-3.842E-5	0.0001136	8.895E-5	0.0001212	3.389E-5	6.079E-5	0.0001608	7.982E-5	-9.114E-5	0.0001368	-5.734E-5	9.846E-5	0.0003106	2.43E-5	-6.573E-5	0.0002016	0.0001323	3.227E-5	-0.0001333	0.000157
642.489	15564.47	8.969E-5	0.0002816	0.0001413	6.109E-5	0.0001956	0.000189	0.0002583	0.0001563	-4.481E-5	0.0002046	7.833E-5	0.000173	7.879E-5	8.81E-5	0.0001476	-0.0001458	0.000143	0.0001745	-5.135E-5	-0.0001151	7.636E-5	0.0002762	-0.0001467	0.0002706	0.0001826	0.0001744	-6.357E-5	6.469E-5	0.0002611	9.017E-5	7.853E-5
643.066	15550.51	-0.0001723	0.0001373	-2.585E-5	-0.000189	-9.597E-5	-0.0002051	-0.0001473	-0.0001674	-0.0002428	-0.0001926	3.423E-5	-0.0001601	-0.0002334	-0.0001709	-0.0002476	-0.0001173	0.0001869	-0.000167	-0.0002801	-3.967E-5	7.463E-5	-7.482E-5	-5.545E-5	0.0001966	-0.0001594	-0.0001026	-0.0002569	-6.623E-5	-6.024E-5	-0.0002121	-0.000379
643.642	15536.58	-9.549E-5	-7.138E-5	4.196E-5	-0.0001838	-6.24E-5	0.0002387	3.56E-5	-0.0002058	9.898E-5	-8.337E-5	-0.0001527	-0.0001354	-0.0002959	-4.637E-6	-0.0002852	5.455E-5	-9.502E-5	-0.0004718	-0.0001036	4.411E-5	-4.448E-5	-0.0001515	-0.0001277	0.0001065	0.000111	-3.457E-5	-0.0001391	-0.0003743	-0.0001966	-7.394E-5	-0.0004487
644.219	15522.67	-0.0005216	5.698E-5	-0.0001411	-0.0002264	-0.0001864	0.0001509	8.019E-5	-7.924E-5	0.0001647	-3.489E-5	-0.0001033	-0.0003061	-0.0001772	0.0003651	-0.000132	-5.713E-5	-3.8E-5	-0.0003129	5.882E-5	7.527E-5	-0.0002275	-3.381E-5	-0.0001691	0.0001298	-0.0002033	0.0001006	-3.139E-5	-0.0002246	-0.0001906	0.000266	-0.0002607
644.796	15508.79	-0.0005718	-0.0001455	-0.000315	-0.0005561	-0.0004962	-0.0003738	-0.0003143	-0.0004705	-0.0004194	-0.0002874	-0.0003173	-0.0006759	-0.0002671	-0.0001159	-0.0004602	-0.000402	-0.000564	-0.000703	-0.00037	-0.0004019	-0.0005648	-0.0005762	-0.0006993	-0.0005987	-0.0006485	-0.0002263	-0.0005115	-0.0003998	-0.0004496	-0.0002328	-0.0004907
645.373	15494.93	-0.0005745	-0.0003899	-0.0003645	-0.0007338	-0.0003671	-0.000447	-0.0002062	-0.0006509	-0.0005385	-0.0004292	-0.0002596	-0.0006078	-0.0004569	-0.0004205	-0.000808	-0.0004972	-0.0007802	-0.0007103	-0.0006841	-0.0007235	-0.0006699	-0.0008244	-0.0007367	-0.0008446	-0.0006452	-0.0005178	-0.0008457	-0.0007147	-0.000711	-0.0005636	-0.000695
645.949	15481.09	-0.0004052	-0.0003871	-0.0005337	-0.000525	-0.0002287	-0.0002239	-0.0001606	-0.0003829	-0.0004327	-0.0003214	-8.663E-5	-0.0003445	-0.0006682	-0.0004052	-0.0005481	-0.0005083	-0.0004277	-0.0005554	-0.000596	-0.0005027	-0.0006612	-0.0003895	-0.0004657	-0.0003142	-0.0006426	-0.0005443	-0.0003588	-0.0005091	-0.0007718	-0.0006646	-0.0006061
646.526	15467.28	-0.0002491	-0.0003342	-0.000316	-0.0003386	-0.0003686	-0.0002806	-0.0001682	-0.0002138	-0.0001837	-0.0003653	-0.0001907	-0.0002835	-0.0006465	-0.0004384	-0.0001776	-0.0003895	-0.0003197	-0.0006762	-0.0006287	-0.000504	-0.0004702	-0.000606	-0.0004734	-0.0004909	-0.0005453	-0.0006082	-0.0004757	-0.0004202	-0.0005289	-0.0003628	-0.0005155
647.103	15453.50	-0.0001224	-0.0005046	-0.0004372	-0.0002704	-0.0004751	-0.0003884	-5.189E-5	-0.0002993	-0.000199	-0.0004175	-0.0003044	-0.000358	-0.0006715	-0.0004576	-0.0003983	-0.0003386	-0.0004675	-0.0004327	-0.000414	-0.0005239	-0.0006263	-0.0004889	-0.0003866	-0.0004962	-0.0003607	-0.0003489	-0.0004893	-0.0005775	-0.000437	-0.0004588	-0.0008368
647.679	15439.74	-0.0001193	-0.0001811	-0.0004485	-0.0002109	-0.0004323	-0.0003382	5.606E-5	-0.0004521	-0.0004403	-0.0005308	-0.0003653	-0.0002808	-0.0006817	-0.0001275	-0.000676	-0.0005275	-0.0003909	-0.0004331	-0.0003444	-0.0005891	-0.0004959	-0.000475	-0.0006532	-0.0004348	-0.0005095	-0.0005198	-0.0005295	-0.000407	-0.0003236	-0.0006197	-0.0005608
648.256	15426.00	0.0001089	2.498E-5	0.0001026	9.263E-6	0.0002183	-0.0001351	0.0002583	-0.0001688	0.0002225	0.0001011	4.175E-5	0.0002168	-0.0003691	0.000111	-0.0001708	-0.0001698	0.0001794	0.0001046	-0.000137	-0.0001763	0.0003492	0.0001298	-9.149E-5	5.655E-5	-5.337E-5	-0.0001697	0.0001716	0.0001732	6.914E-5	6.625E-5	0.0001865
648.833	15412.29	-0.0002171	-0.0002093	-7.708E-5	-0.00018	-2.314E-5	-0.000171	-0.0001124	9.264E-5	-0.0001627	-1.738E-5	2.711E-5	0.000137	-0.0001674	1.455E-5	-2.76E-5	-0.0001182	0.0001356	-3.597E-5	0.0002283	-0.0002066	7.124E-5	-1.547E-5	-0.0001364	-0.0001021	1.412E-5	2.918E-5	0.0001313	3.764E-5	0.0001171	-0.0002811	0.0001069
649.409	15398.61	-7.258E-5	-2.273E-5	-0.0001192	-0.0001017	-0.0001259	0.0001379	-4.429E-5	6.559E-5	-0.0001018	-2.726E-6	-8.987E-5	0.0001815	0.0001924	9.454E-5	-1.656E-5	-3.618E-5	0.0003118	7.694E-5	3.59E-5	6.743E-5	-0.0002634	5.291E-5	-0.0001704	-5.268E-5	-4.432E-5	3.995E-5	0.0001928	-0.0001892	0.0001239	-7.934E-5	0.000106
649.986	15384.94	0.0001459	9.39E-6	-0.0002059	-0.0003774	1.458E-5	-5.696E-5	0.0001648	-0.0001199	-0.000148	-0.0002121	2.997E-6	-0.0002622	2.148E-5	0.0001031	0.0002395	5.27E-5	0.000129	-9.373E-5	-0.0002035	8.595E-5	-0.0002658	3.964E-5	-4.706E-5	-0.0002713	5.513E-5	-0.0001332	6.313E-5	-4.03E-5	3.509E-5	-9.295E-5	3.659E-5
650.563	15371.30	-6.762E-5	-5.465E-5	-0.0003889	-0.0003126	-0.0001238	-0.0003577	-1.305E-5	-0.0001611	-3.234E-5	-0.0002847	-0.000153	-0.0003661	-0.0004225	-0.0001402	-6.44E-5	-0.0001352	-0.000144	-0.000493	-0.000281	-0.0001837	-0.0003293	-2.58E-5	-0.0002666	-0.0002769	-0.0001812	-0.0003769	-0.0002238	-4.951E-5	-0.0001611	-0.00023	-0.0001049
651.140	15357.69	-0.0003917	-0.0001661	-0.0002649	-8.267E-5	3.684E-5	-0.0001559	-0.0001247	-0.0003052	-0.0001345	-0.0002808	-0.0002617	-0.0003487	-0.0003324	-0.0001265	-0.0003497	-0.0001631	-4.474E-5	-0.0002899	-0.0001735	-0.0002815	-0.0003533	-0.0002367	-0.0003564	-0.000305	-0.0002059	-0.0005728	-0.0002955	-6.889E-5	-0.0003456	-0.0001747	-0.0001471
651.716	15344.10	0.0001392	0.000172	-3.147E-5	-3.011E-5	0.0001275	-2.034E-5	9.288E-5	-0.0001907	9.959E-5	-0.0002339	1.6E-5	-9.796E-5	-0.0001923	9.758E-5	-0.0001093	1.424E-5	0.0001763	-1.177E-5	0.000123	0.0001428	6.62E-5	1.654E-6	0.000119	6.923E-5	0.0001022	-6.906E-5	-0.0002585	0.000123	-0.0001787	-7.258E-5	-0.0002194
652.293	15330.53	5.313E-5	0.0002304	-0.0001786	0.0001364	-0.0001367	0.0002393	-1.959E-5	2.706E-5	-3.826E-5	-0.0002275	-8.893E-5	-0.0002687	-6.634E-7	-2.555E-5	-6.162E-5	2.201E-5	-5.436E-5	-0.0001321	-1.659E-5	-7.329E-5	0.0001105	-1.065E-5	-0.0001129	-0.0001201	-0.0001497	-3.279E-5	3.458E-5	-0.0001424	-0.0001442	-0.0001084	-0.0003334
652.870	15316.99	7.025E-5	0.0002772	9.821E-5	0.0002365	2.6E-5	0.000337	2.746E-5	-8.107E-5	0.0001828	0.0001862	0.0001672	6.771E-5	4.191E-5	6.755E-5	-0.000232	-6.929E-6	9.623E-5	-0.0001549	-0.0002231	-0.0001318	0.0001671	5.944E-5	-0.0001785	-0.0001754	-0.0001148	-6.518E-6	-0.0001317	-0.000134	5.271E-5	-0.0003606	-0.0001618
653.446	15303.47	-1.552E-5	0.0002073	-3.856E-5	0.0001894	-1.538E-6	0.0002623	7.653E-5	-6.588E-5	0.0002376	0.000205	-1.707E-5	0.0001292	-3.125E-5	8.447E-5	-0.0002959	-4.11E-5	0.000137	0.000177	-0.0001623	-0.0001209	8.873E-5	-0.0001122	-8.189E-5	-0.000235	3.452E-5	-0.0002054	1.118E-6	-0.0001684	-0.0001051	-0.0001157	1.651E-5
654.023	15289.98	-0.0001038	9.187E-5	4.001E-5	0.0002929	0.0002344	-0.000103	0.0001295	0.0001598	0.0002522	-3.615E-5	-1.978E-5	-3.094E-5	0.000146	0.0001113	-0.0001745	-1.383E-5	6.62E-5	-1.813E-5	-0.0001016	0.0001545	0.000145	-0.0002076	-9.121E-5	-9.164E-5	0.0001783	-0.0001139	-2.451E-5	-0.0002197	-5.262E-5	-0.0002072	5.17E-5
654.600	15276.51	-0.0001167	-0.0001759	-6.294E-5	0.0004158	0.0002125	-0.0002371	1.552E-5	0.0001311	0.0001379	-0.0001879	9.261E-5	-4.645E-5	6.308E-5	-4.921E-5	-1.71E-5	-9.41E-5	-2.673E-6	6.811E-5	-0.0002132	0.0001429	5.064E-5	-0.0001512	7.769E-5	9.014E-6	0.0002849	-0.0001133	1.626E-5	-0.0001006	-0.0001431	-0.000101	-1.744E-5
655.177	15263.06	-0.0004245	-0.0004661	-0.0003984	-3.638E-5	-9.793E-5	-0.0004135	-0.0002447	-7.551E-5	-0.0003288	-0.0002311	-0.0002497	-0.0003017	-0.0002314	-7.61E-5	-0.0001493	-0.0002739	-0.0005826	5.173E-5	-0.0003422	-0.0001419	-0.0001603	-0.0002161	-0.0001368	-0.000162	0.0001016	-9.647E-5	-0.0002214	-0.0001916	-0.0002507	-0.0002715	-0.0002397
655.753	15249.64	-0.0007904	-0.0007654	-0.000729	-0.0004888	-0.0005751	-0.0005559	-0.0006167	-0.0004779	-0.0006004	-0.0005866	-0.0005358	-0.0006004	-0.000584	-0.0005443	-0.0005187	-0.0007285	-0.0006803	-0.0005493	-0.0008457	-0.0005829	-0.0006999	-0.000816	-0.0007498	-0.0004037	-0.000785	-0.0005874	-0.0006137	-0.0004841	-0.0007501	-0.0007254	-0.000782
656.330	15236.24	-0.0006021	-0.0003936	-0.0003388	-0.0001757	-0.0004683	-0.0004626	-0.0002804	-0.0002993	-0.0004976	-0.000436	-0.0003942	-0.0003873	-0.0002729	-0.0006209	-0.0003411	-0.0004794	-0.0003103	-0.0006425	-0.0005497	-0.0005429	-0.0005357	-0.0005986	-0.0005635	-0.0004877	-0.0008359	-0.0005975	-0.00064	-0.000282	-0.0005224	-0.0005245	-0.0006574
656.907	15222.86	-0.000344	-0.0005683	-0.0004076	-0.0001834	-0.0003321	-0.0006898	-0.0003674	-0.0006079	-0.0006602	-0.0003933	-0.0005817	-0.0004654	-0.0003559	-0.00058	-0.000656	-0.0005067	-0.0003922	-0.000587	-0.0007262	-0.0004771	-0.0006112	-0.0005952	-0.0006136	-0.0006599	-0.0006784	-0.0005341	-0.0005717	-0.0005818	-0.0005531	-0.0005418	-0.0008088
657.483	15209.51	-0.0006209	-0.0003414	-0.0004517	-0.0004341	-0.0001002	-0.0005005	-0.0004456	-0.0004896	-0.0004071	-0.0004218	-0.0004422	-0.0005239	-0.0002882	-0.0004717	-0.0005926	-0.0003515	-0.0002885	-0.000592	-0.0004029	-0.0005283	-0.0003785	-0.0005969	-0.0005689	-0.000514	-0.0003297	-0.0004705	-0.0003175	-0.0004647	-0.0004985	-0.000184	-0.0006658
658.060	15196.18	-0.0005894	-0.000281	-0.0005427	-0.0006739	-0.0006217	-0.0003723	-0.0006796	-0.0004148	-0.000697	-0.0006871	-0.000463	-0.0007212	-0.0006354	-0.0006947	-0.0008007	-0.0007211	-0.000312	-0.000575	-0.0005876	-0.0008534	-0.0006685	-0.0006144	-0.0007638	-0.000569	-0.0006441	-0.0005825	-0.0006655	-0.0007159	-0.0005827	-0.0004294	-0.000599
658.637	15182.87	-0.0005517	-0.0005877	-0.0002612	-0.0001789	-0.0004667	-0.0003186	-0.0002383	-0.0001972	-0.0005043	-0.0005067	-0.0004747	-0.0005129	-0.0004663	-0.0004459	-0.000447	-0.0005882	-0.0003517	-0.0003632	-0.0002579	-0.0004318	-0.0003808	-0.0004216	-0.0005104	-0.0004888	-0.0002946	-0.0004669	-0.0004252	-0.0003817	-0.0003223	-0.0004665	-0.00041
659.214	15169.59	-0.0003413	-0.0004272	8.803E-5	-0.0001504	1.724E-5	-0.0003427	-1.378E-5	-0.0002482	-0.0003241	-0.0001758	-1.768E-5	-0.0001609	-0.0001514	-0.0003007	-0.0001339	-0.0002807	-0.0005018	-0.0001242	-6.614E-5	-0.0002302	-8.516E-5	-0.0001568	-0.0003534	-0.0001471	-0.0001681	-0.0003687	-7.608E-5	-0.0001318	-0.0001353	-0.0003769	-0.0002657
659.790	15156.33	-0.000362	-0.0004742	-0.0001264	-0.0002944	-0.0001288	-0.0003249	-0.0002907	-0.0002703	-0.0004873	-0.0004009	-0.0001217	-0.0003752	-0.0003509	-0.0005068	-0.0004227	-0.0001888	-0.0003266	-0.0003057	-0.0002697	-0.000433	-0.0003196	-0.0004127	-0.0004376	-0.0001081	-0.0002517	-0.000259	-0.0002294	-0.0003609	-0.0002893	-0.0004243	-0.0004867
660.367	15143.10	-0.0002082	-0.0004331	-0.0004123	-4.982E-5	-8.501E-5	-0.0002777	-0.000103	-0.000291	-2.003E-5	-0.0004092	-0.0002618	-0.0005197	-0.0002905	-0.0002392	-0.0003372	-0.0001285	-0.0003463	-0.0003173	-0.000276	-0.000178	-0.0003228	-0.0003065	-0.0003879	-0.0003402	-0.0003377	-0.0002694	-0.0001877	-0.0003574	-0.0003351	-0.0002693	-0.0003421
660.944	15129.88	-0.000187	-0.000207	-0.0003767	9.583E-6	-0.0003562	-0.0002396	5.076E-5	-0.000181	2.329E-5	-0.0004895	-0.0001617	-0.0004528	-0.0002073	3.327E-7	-0.0001589	-0.0001883	-0.0003126	-0.000476	-0.0003593	-0.0002725	-0.000315	-0.000378	-0.0004091	-0.0004762	-0.0002211	-0.0002747	-0.0003031	-0.0004564	-0.0002607	-0.0002122	-0.0002805
661.520	15116.69	-0.0004318	-0.0002888	-0.0003393	-0.0003601	-0.000434	-0.0002524	-0.0003606	-0.0003262	-0.0003273	-0.0005764	-0.0004477	-0.0003873	-0.0001951	-0.0002464	-0.0005137	-0.0004341	-0.0002038	-0.000525	-0.0006436	-0.000442	-0.0004832	-0.0004712	-0.0005155	-0.0005914	-0.0005439	-0.0003867	-0.0004405	-0.000461	-0.0001125	-0.000291	-0.0004306
662.097	15103.53	-0.000164	-0.0001817	1.002E-5	-0.0002402	-0.000151	-0.0003201	-0.0003573	-0.0003329	-0.0003554	-0.0003769	-0.0003187	-0.0002206	-0.000177	-0.0002638	-0.000338	-0.0003269	-3.345E-5	-0.0004888	-0.0003935	-0.0003213	-0.0002691	-0.0002861	-0.0005624	-0.0003479	-0.0002875	-0.0003862	-0.0002361	-0.0003319	9.388E-6	-0.0002001	-0.000126
662.674	15090.38	-6.18E-5	-0.000179	-8.196E-5	2.561E-5	-0.0001988	-0.0002538	-0.000243	-0.0002881	-4.192E-5	-0.0003417	-0.0002616	-2.276E-5	-0.0001088	-0.0002061	-0.0001807	-0.0002106	9.112E-5	-0.0002939	-5.596E-5	-1.954E-5	-0.0001321	-4.361E-5	-0.0002045	-0.0002802	-0.000119	-9.464E-5	-0.0002322	-0.0001514	-0.0001313	-5.648E-5	-0.0001294
663.250	15077.26	0.0002159	5.713E-5	0.0001263	0.0001763	0.000115	-9.371E-5	1.901E-5	-0.0002435	-8.08E-5	-6.576E-5	0.0002485	0.0001312	0.0001102	3.606E-5	4.215E-6	1.672E-5	-7.086E-5	1.215E-5	0.0001889	0.0002465	6.051E-5	-3.036E-5	4.262E-6	-0.0001683	0.0001032	-8.776E-5	-0.000161	-4.104E-6	0.0001174	-7.748E-5	0.0001843
663.827	15064.16	0.0002675	-0.0001036	-3.321E-5	-0.0001321	-0.0001895	-0.0002315	-3.455E-5	-0.0003108	-0.0002787	6.63E-6	4.299E-5	-0.0001205	-7.272E-5	-0.0001042	-7.771E-5	-0.0002386	-0.0003051	-0.0003326	-2.472E-5	-8.66E-5	-0.000181	-0.0002207	-0.0002839	-0.0002091	-7.841E-5	-0.0004665	-0.0003508	-0.0002412	9.323E-6	-0.0002159	3.16E-5
664.404	15051.09	-0.0001418	-0.0002531	-0.0001093	-0.0002112	-0.0004834	-0.0004249	-0.000262	-0.0003522	-0.0001869	-0.0002371	-0.0002014	-0.0003483	-0.0002304	-0.0003169	-0.0001378	-0.000326	-0.0003479	-0.0004511	-3.824E-5	-0.0001595	-0.0003754	-0.0002141	-0.00043	1.605E-5	-0.0002596	-0.0004618	-0.0004441	-0.0002716	-0.0001917	-0.0002788	-0.0001627
664.981	15038.03	-0.0001636	-0.0002812	-0.0002571	-0.0004371	-0.0004111	-0.0006352	-0.0004046	-0.0002349	-0.0002729	-0.0001695	-0.0003003	-0.000306	-0.0004198	-0.0005324	-0.0003825	-0.0002538	-0.000226	-0.0001942	-0.0001462	-0.0002566	-0.0005135	-0.000532	-0.0005473	1.373E-5	-0.0003554	-0.0004786	-0.0004304	-0.0003769	-0.0003692	-0.0005201	-0.0002988
665.557	15025.00	-0.0001581	-0.0003578	-0.0004356	-0.0007205	-0.0004867	-0.0005399	-0.000342	-0.0003301	-0.0003545	-0.0002216	-0.000315	-0.0002544	-0.0002802	-0.0004934	-0.0005904	-0.0003254	-0.0003213	-0.0003975	-0.0004099	-0.0005517	-0.00025	-0.0005977	-0.0005296	-0.00025	-0.000402	-0.0002438	-0.0004791	-0.0001614	-0.0003678	-0.0003704	-0.0004442
666.134	15011.99	-0.0002109	-0.0003595	-0.0003438	-0.0006267	-0.0004234	-0.0004335	-0.0002418	-0.0003682	-0.0005386	-0.0004337	-0.0004199	-0.000147	-0.0002726	-0.0003375	-0.0005336	-0.000511	-0.0004515	-0.0005223	-0.0004506	-0.0006756	-0.0002363	-0.0006055	-0.0006294	-0.0004271	-0.0005011	-0.0002817	-0.0005348	-0.0002095	-0.0002965	-0.0004692	-0.0005275
666.711	14999.01	-0.0006087	-0.0004828	-0.0002835	-0.0006899	-0.0003	-0.0006139	-0.0004509	-0.0003861	-0.0006325	-0.0006015	-0.0005362	-0.0003809	-0.0004291	-0.0005713	-0.0007756	-0.0005068	-0.0003074	-0.0004961	-0.0005969	-0.0007303	-0.0005836	-0.0005739	-0.0005576	-0.0007711	-0.0007057	-0.0006987	-0.0004027	-0.0005681	-0.0001965	-0.0006837	-0.0007384
667.287	14986.05	-0.0006353	-0.0004496	-0.0002293	-0.0004923	-0.0002914	-0.0008049	-0.0005313	-0.0004905	-0.0005706	-0.0009048	-0.0006368	-0.0006316	-0.0004299	-0.0007508	-0.0007463	-0.0006063	-0.0004643	-0.0007292	-0.0006498	-0.000798	-0.0006238	-0.0007008	-0.0004757	-0.0004628	-0.0006578	-0.0006833	-0.0003423	-0.0007289	-0.0004643	-0.0006897	-0.000755
667.864	14973.10	-0.0003018	-0.0002111	-0.0002122	-0.00016	-0.0002459	-0.0003992	-0.0002686	-0.0002533	-0.0004801	-0.0006617	-0.0001955	-0.0005988	-0.0004441	-0.0004836	-0.0005778	-0.0005787	-0.000503	-0.0006364	-0.0005842	-0.0007683	-0.00056	-0.0006357	-0.0004654	-0.0003953	-0.000489	-0.0002715	-0.0003652	-0.0005748	-0.0004832	-0.0004902	-0.0005513
668.441	14960.19	-0.0001137	4.332E-5	-0.0001406	-0.0002459	-0.0002981	-3.808E-5	-0.0002963	-0.0001365	-0.0001978	-0.0003403	7.231E-5	-0.0003303	-0.000374	-0.0003929	-0.0004598	-0.0004238	-0.0002692	-0.000602	-0.0003819	-0.000497	-0.0002335	-0.0003716	-0.0002968	-0.0003076	-0.000355	-0.0003039	-0.0003402	-0.0002651	-0.0003324	-0.0004194	-0.000445
669.018	14947.29	-0.0001608	-0.0001439	-0.0002732	-0.000308	-0.0001738	-0.0001209	-0.0004979	-0.0003662	-0.0002477	-0.00027	-7.389E-5	-0.0003882	-0.0003193	-0.0003681	-0.0001653	-0.000332	-0.0001676	-0.0005427	-0.0003277	-0.0004161	-0.0001557	-0.0004257	-0.0003628	-0.0003579	-0.0003723	-0.0003351	-0.0005542	-0.000413	-0.0003928	-0.0003218	-0.0005457
669.594	14934.42	5.769E-5	-0.0001212	3.001E-5	-0.0003599	8.166E-5	0.0001422	-0.0003087	-0.0001383	-0.0001232	-0.0002025	-9.151E-5	-0.000395	-0.0001936	-0.0001521	-7.516E-5	-0.0001619	2.054E-5	-0.0004065	-0.0003287	-0.0002003	-0.0001251	-0.0004187	-0.0002818	-0.0001278	-6.937E-5	-9.982E-5	-0.0003455	-0.0002631	-0.0001051	-0.000234	-0.0004537
670.171	14921.56	-0.000281	-0.0001569	-1.646E-5	-0.0004814	-0.0002224	-0.0001259	-0.0002697	-0.0003363	-0.0003254	-0.0004153	-0.0004505	-0.0003743	-0.0003844	-0.0002254	-0.0004675	-0.0004396	-0.0002902	-0.0006844	-0.0003791	-0.0002915	-0.000335	-0.0004184	-0.0004732	-0.0002025	-0.0003189	-0.0003382	-0.0003028	-0.0004249	-0.000371	-0.0004798	-0.0005708
670.748	14908.74	-0.000215	-0.00028	-0.0002845	-0.0004311	-0.0001943	-0.0003904	-0.0002188	-0.0004685	-0.0003786	-0.0002557	-0.0004533	-0.0001908	-0.0001518	-0.0003497	-0.0005282	-0.0003748	-0.0004445	-0.0005813	-0.000435	-0.0004617	-0.0003836	-0.0003508	-0.0004653	-0.0002977	-0.0003876	-0.0002336	-0.0003281	-0.0004985	-0.0002047	-0.000651	-0.0006717
671.324	14895.93	6.961E-5	-0.0003688	-0.0005001	-0.0002828	-0.0001145	-0.0004502	-0.000169	-0.0002206	-0.0004108	-0.0002467	-0.0004042	-0.0001621	-0.0001672	-0.0003592	-0.0004861	-0.0001487	-0.000207	-0.0002178	-0.0004548	-0.0002397	-0.000234	-0.0002871	-0.0003818	-0.0002533	-0.0002697	-0.000295	-0.0002844	-0.0003938	-0.0001277	-0.0004497	-0.0004866
671.901	14883.14	-0.000139	-0.0004604	-0.0006266	-0.0004098	-0.000387	-0.0005341	-0.0005725	-0.0006185	-0.0004302	-0.0005333	-0.000372	-0.0005344	-0.0005351	-0.0005575	-0.0003337	-0.0003777	-0.0003903	-0.0005724	-0.0006805	-0.0003988	-0.0004304	-0.0006918	-0.000648	-0.0003752	-0.0004232	-0.0007822	-0.0004926	-0.0003583	-0.0006852	-0.0006065	-0.0005686
672.478	14870.38	-0.0005858	-0.0005498	-0.0008311	-0.000777	-0.0005754	-0.0005926	-0.00083	-0.0007281	-0.0006812	-0.000895	-0.000617	-0.0007004	-0.0008388	-0.0006926	-0.0007478	-0.0006938	-0.0009125	-0.001016	-0.0009519	-0.0009317	-0.0007727	-0.00104	-0.0008726	-0.0007829	-0.0007328	-0.001036	-0.0007301	-0.0008321	-0.0007928	-0.0008045	-0.0009131
673.055	14857.64	-0.0004161	-0.0006861	-0.0008662	-0.0005213	-0.0004866	-0.0007783	-0.0006311	-0.0006064	-0.0006555	-0.0008345	-0.0005762	-0.0006529	-0.0007362	-0.0003813	-0.0009441	-0.0007159	-0.0009324	-0.0008757	-0.0006581	-0.000725	-0.0005882	-0.0008489	-0.0007388	-0.0005999	-0.0005847	-0.0008714	-0.0008242	-0.0009996	-0.000665	-0.000668	-0.0008624
673.631	14844.92	-0.0003971	-0.0006132	-0.0006387	-0.000506	-0.0005491	-0.0007772	-0.0005937	-0.0007228	-0.0006437	-0.00072	-0.0006136	-0.0007894	-0.0006183	-0.0004556	-0.0007119	-0.0008062	-0.0008988	-0.00063	-0.0004645	-0.0004688	-0.0006814	-0.0006571	-0.0007957	-0.0007453	-0.0005939	-0.0006927	-0.0007273	-0.0006903	-0.0008021	-0.0007927	-0.0007191
674.208	14832.22	-0.0004765	-0.0006334	-0.0006482	-0.0004304	-0.0005383	-0.0006349	-0.0005806	-0.0007791	-0.0007985	-0.0008373	-0.000673	-0.0009138	-0.0007621	-0.0005961	-0.0006312	-0.0009304	-0.0006127	-0.000486	-0.0005832	-0.0006844	-0.0007927	-0.0008202	-0.0008959	-0.0006149	-0.0006544	-0.0007824	-0.0004319	-0.0006459	-0.0006568	-0.0007671	-0.0009024
674.785	14819.54	-0.0005207	-0.0007017	-0.0009704	-0.0006209	-0.0006102	-0.0007708	-0.0006145	-0.0008196	-0.000859	-0.0009496	-0.0008057	-0.0009736	-0.0007113	-0.0008014	-0.0008128	-0.001008	-0.0007924	-0.000594	-0.000773	-0.0008946	-0.001023	-0.000957	-0.001019	-0.0008204	-0.0009768	-0.0009986	-0.0008212	-0.001024	-0.00079	-0.000869	-0.001045
675.361	14806.89	-0.0004199	-0.0006164	-0.0008907	-0.0006698	-0.000564	-0.0009597	-0.0006081	-0.0007292	-0.0007396	-0.0007047	-0.0008461	-0.0007128	-0.0007927	-0.0007073	-0.0008787	-0.0009525	-0.0008272	-0.0005513	-0.0006873	-0.0009841	-0.0008722	-0.0009088	-0.001049	-0.0008032	-0.001007	-0.000933	-0.0008593	-0.0009908	-0.001026	-0.0008642	-0.001015
675.938	14794.25	-0.0004391	-0.000654	-0.0007417	-0.000609	-0.0006829	-0.0009332	-0.0006754	-0.0008504	-0.000745	-0.0006915	-0.0009228	-0.0006849	-0.0009909	-0.0005407	-0.0009185	-0.0008664	-0.0007711	-0.0006194	-0.0007983	-0.0008787	-0.0006688	-0.0008763	-0.0009353	-0.0005903	-0.0009418	-0.001011	-0.0007779	-0.0008738	-0.0009604	-0.0008542	-0.0008777
676.515	14781.64	-0.000385	-0.0005534	-0.0005932	-0.0005025	-0.0003839	-0.0007384	-0.0004018	-0.0006433	-0.0006364	-0.0007603	-0.0007374	-0.000619	-0.0008433	-0.0005263	-0.0008011	-0.0007745	-0.0008278	-0.00062	-0.0006545	-0.000676	-0.0006034	-0.0007515	-0.0007928	-0.0007183	-0.0008213	-0.0007746	-0.0006912	-0.0007343	-0.0007032	-0.0009809	-0.0008085
677.092	14769.05	-0.0002573	-0.0002198	-0.0003744	-0.0003265	-0.0003291	-0.0005227	-0.0002442	-0.0003183	-0.0006048	-0.0004759	-0.0003118	-0.0004305	-0.0003934	-0.0003406	-0.0006162	-0.0003356	-0.0005635	-0.0005856	-0.0004444	-0.0004068	-0.0004313	-0.0003115	-0.0006552	-0.0005369	-0.0005838	-0.0004561	-0.0003863	-0.0005528	-0.0003693	-0.0005525	-0.0005575
677.668	14756.48	-0.000588	-0.0003841	-0.0005931	-0.0004824	-0.0005752	-0.0005559	-0.0004075	-0.00053	-0.0006668	-0.0005223	-0.0004828	-0.0006517	-0.0006046	-0.0003574	-0.0007627	-0.0004247	-0.0006286	-0.0007069	-0.0008129	-0.0007345	-0.0006113	-0.0004957	-0.0007711	-0.0006721	-0.000613	-0.0005675	-0.0005659	-0.0006269	-0.0006258	-0.0006417	-0.000737
678.245	14743.94	-0.0006504	-0.0005152	-0.000536	-0.0005481	-0.0005907	-0.0005429	-0.0005071	-0.0006424	-0.000645	-0.0006341	-0.0006544	-0.0006304	-0.0007069	-0.0005075	-0.0009711	-0.0007078	-0.000787	-0.0007579	-0.001062	-0.0007003	-0.0007511	-0.0009733	-0.0008022	-0.0008909	-0.0008023	-0.0006773	-0.0006843	-0.000694	-0.0006719	-0.0007593	-0.0009868
678.822	14731.41	-0.0003163	-0.0003699	-0.0001129	-0.0001721	-9.768E-5	-0.0004127	-0.0003167	-0.000315	-0.000359	-0.000459	-0.0004289	-0.0003692	-0.0004197	-0.0002808	-0.0007901	-0.0003638	-0.0006092	-0.000419	-0.0005551	-0.0003803	-0.0004237	-0.0006974	-0.0003661	-0.0003693	-0.0003343	-0.0004149	-0.0004006	-0.0003726	-0.0003449	-0.0005097	-0.0007818
679.398	14718.91	-0.0001434	-0.000325	-0.0001284	-0.0001553	-8.005E-5	-0.0002894	-0.0002236	-0.0003276	-0.0001773	-0.0003064	-0.0004052	-0.0004309	-0.0005091	-0.0003606	-0.0006086	-0.0003916	-0.0003818	-0.0003958	-0.0002862	-0.0006014	-0.0003862	-0.0004213	-0.0003325	-1.302E-5	-0.0002865	-0.0002448	-0.0004964	-0.000323	-0.0004741	-0.0005439	-0.000575
679.975	14706.42	-0.0003141	-0.0005012	-0.0004409	-0.0004706	-0.0004726	-0.000324	-0.0003668	-0.0007235	-0.0003033	-0.0004533	-0.0003129	-0.0005905	-0.0007894	-0.0005424	-0.0006119	-0.0007472	-0.0005015	-0.0007244	-0.0006693	-0.0005582	-0.0006124	-0.0005247	-0.000647	-0.0004063	-0.000444	-0.0006143	-0.0005443	-0.0006812	-0.0005483	-0.0007095	-0.0007462
680.552	14693.96	-3.912E-5	-0.0002759	-0.0002398	-0.0004178	-0.0002121	-0.0002851	-7.478E-5	-0.0003425	-0.0003578	-0.0003217	-0.00018	-0.0002137	-0.0004535	-0.0002785	-0.0004286	-0.0006071	-0.0004073	-0.0005018	-0.0004161	-0.0003413	-0.000421	-0.0003955	-0.0004619	-0.0004038	-0.0003154	-0.0004904	-0.0003954	-0.0004674	-0.0005222	-0.0004534	-0.0005579
681.128	14681.52	6.145E-5	5.956E-5	3.182E-5	-0.0001858	4.998E-5	-7.405E-5	-5.7E-5	-9.085E-5	-0.0001608	-0.0001198	-0.0002358	-0.0001047	-6.151E-5	-8.507E-5	-0.0002182	-0.0002521	-4.483E-5	-0.0002028	-0.0001314	-0.0002765	-8.479E-5	-0.0001804	-0.0002201	-9.228E-5	-0.0001775	-0.0002598	-0.0002629	-0.0002682	-0.000331	-0.0003632	-0.0002805
681.705	14669.10	-0.0003285	-3.221E-5	-8.303E-5	-0.0001951	2.829E-5	-0.0001749	-0.0002534	-0.0002365	-0.000122	-0.00032	-0.000295	-0.0003057	-0.0001366	-0.0001824	-0.000175	-0.0002042	5.467E-5	-0.0003907	-0.0001925	-0.0001782	-0.0002296	-0.0002061	-0.000249	-0.0001906	-0.0001895	-0.0005177	-0.0003513	-0.0003449	-0.0003017	-0.0003622	-0.0003623
682.282	14656.70	-0.000245	0.0001285	-0.0002062	-9.947E-5	-0.0001683	-0.0002512	-0.0001345	-0.0002035	-0.0002043	-0.000175	-0.0001439	-0.0002637	-0.0002418	-0.0001731	-0.0002894	-0.0001025	-0.00011	-0.0004722	-0.000132	-0.00016	-0.0004014	-0.0003209	-0.0003011	-0.0002311	-0.0002902	-0.0004095	-0.0003898	-0.0003878	-0.0002188	-0.0002211	-0.0003158
682.859	14644.32	-0.0001391	-0.0001416	-0.0001132	-7.905E-5	-0.0002488	-0.0002146	-0.0003017	-0.0002376	-0.0003909	-0.0001672	-0.0001125	-0.0001419	-0.0002103	-0.0002734	-0.0001475	-0.0001275	-0.000245	-0.0005444	-0.0001917	-0.000327	-0.0005129	-0.0003733	-0.0003691	-0.0002257	-0.0003413	-0.0001921	-0.0002752	-0.0002905	-0.0001347	-0.0002848	-0.0002847
683.435	14631.96	-0.0001114	-0.0003048	-0.000267	-0.0004454	-0.0004421	-0.0004627	-0.0004112	-0.0004036	-0.0004559	-0.0004656	-0.0003945	-0.0004778	-0.0005191	-0.0005822	-0.0002953	-0.0004435	-0.0005557	-0.0006662	-0.0005006	-0.0006131	-0.0005378	-0.0005869	-0.0006544	-0.0005629	-0.0004583	-0.0005758	-0.0005065	-0.0004121	-0.0003816	-0.000399	-0.0004721
684.012	14619.63	-0.0002761	-0.0002834	-0.0002947	-0.000388	-0.0003633	-0.0003253	-0.0003286	-0.0003504	-0.000144	-0.0005447	-0.0004265	-0.0005818	-0.0006165	-0.0004461	-0.0004955	-0.0004651	-0.0004065	-0.0005407	-0.0005951	-0.0006537	-0.0004917	-0.000575	-0.000797	-0.0007147	-0.0005529	-0.0004777	-0.0004447	-0.0005339	-0.0006794	-0.0006148	-0.0004984
684.589	14607.31	-0.000293	-0.0003529	4.535E-5	-4.967E-5	-9.291E-5	-5.161E-5	-0.0001274	-0.0002057	-7.793E-5	-0.000226	-3.898E-5	-0.0004038	-0.0003846	-0.0001364	-0.0004329	-0.000193	-0.0001298	-0.0003817	-0.0004418	-0.0004777	-0.0004958	-0.0003176	-0.0004336	-0.000245	-0.0003232	-0.0001234	-0.0001589	-0.0002148	-0.0005195	-0.0003911	-0.0004395
685.165	14595.02	-4.861E-5	-0.0001802	0.0002625	3.834E-5	-8.542E-5	-0.0002417	-0.0001949	-1.726E-5	8.008E-5	-0.0001904	7.607E-5	-0.0001544	-0.0003419	-0.0001404	-0.0002341	-3.786E-5	-5.131E-5	-0.0001823	-0.0003341	-0.0003129	-0.0003219	-0.0002196	-0.0002817	-0.0002297	-0.0001869	-0.0001033	-0.0002927	-0.0001695	-0.0001874	-0.000227	-0.0002878
685.742	14582.74	2.055E-5	-0.0002828	-0.000134	-0.0002886	-9.821E-5	-0.0004079	-0.0003224	-0.0002498	-0.0001727	-0.0003427	-0.0002186	-0.0002056	-0.0003044	-0.0003119	-0.000358	-0.0001854	-0.0003325	-0.0003052	-0.0002679	-0.0005092	-0.0003164	-0.0003558	-0.0003213	-0.0003163	-0.0002807	-0.0002943	-0.000531	-0.000606	-0.0003458	-0.0005	-0.0002024
686.319	14570.49	-0.0001253	-0.000235	-0.0003295	-0.0002631	-3.822E-6	-0.0003472	-0.0003473	-0.0004835	-0.0004856	-0.000581	-0.000218	-0.0003836	-0.0004133	-0.0002578	-0.0004825	-0.0004079	-0.0003803	-0.0004503	-0.0003925	-0.0004707	-0.0004878	-0.0005674	-0.0003528	-0.0003108	-0.0004354	-0.0004193	-0.0005048	-0.000633	-0.0003926	-0.000489	-0.0002186
686.896	14558.25	-0.0003748	-0.0001679	-0.0003556	-0.0004532	-0.0001961	-0.0004384	-0.0003517	-0.0004459	-0.0003906	-0.0007027	-0.000287	-0.0003789	-0.0005459	-0.0004367	-0.0004968	-0.0005472	-0.0003376	-0.0005503	-0.0005515	-0.0005744	-0.0006158	-0.0004917	-0.000471	-0.0003621	-0.0005392	-0.0006126	-0.0005759	-0.0005788	-0.0004136	-0.0006102	-0.0002844
687.472	14546.04	-0.0003589	-0.0002488	-0.0003581	-0.0005107	-0.0004104	-0.0003634	-0.0003843	-0.0004319	-0.0002833	-0.0005088	-0.00028	-6.027E-5	-0.0005332	-0.0004494	-0.0005219	-0.0004688	-0.000396	-0.0004124	-0.0004786	-0.0004606	-0.0004852	-0.0003968	-0.0005081	-0.0002846	-0.0006462	-0.0005382	-0.0004634	-0.0005662	-0.0005456	-0.0006286	-0.0002275
688.049	14533.85	-0.0002581	-0.0003047	-0.0003987	-0.0004971	-0.0003383	-0.0003718	-0.0004628	-0.0005041	-0.0003688	-0.0004173	-0.0002663	-1.75E-5	-0.0003885	-0.0004637	-0.0004138	-0.000499	-0.0003861	-0.0003979	-0.0005227	-0.0003694	-0.0004088	-0.0004285	-0.0004096	-0.0003356	-0.00045	-0.000405	-0.0003887	-0.0004557	-0.000359	-0.0005061	-0.0003151
688.626	14521.68	-5.641E-5	-0.0002041	-0.0002818	-0.0002622	-0.0001095	1.2E-5	-6.943E-5	-0.0002612	-0.0001821	-0.0001248	3.133E-5	5.023E-6	-0.0001622	-0.0003482	-7.212E-5	-0.000221	-5.443E-5	-0.0002075	-0.00022	-0.0001693	-0.0001911	-9.875E-5	-0.0001587	-0.0002863	-6.085E-5	-2.721E-6	-0.0001113	-3.807E-5	-0.0001214	-0.0002257	-0.000116
689.202	14509.53	-0.0004172	-0.0004586	-0.0003855	-0.000441	-0.0005553	-0.0002762	-0.0001932	-0.0004537	-0.0003376	-0.0003079	-0.0004641	-0.0003047	-0.000407	-0.0005175	-0.0004481	-0.0004349	-0.0003966	-0.0005181	-0.0005008	-0.0002436	-0.0003153	-0.000383	-0.000552	-0.0005648	-0.0004137	-0.0002979	-0.0002355	-0.0004121	-0.0004363	-0.000507	-0.0004686
689.779	14497.39	-0.0007006	-0.0006663	-0.0005163	-0.0006459	-0.000715	-0.0007618	-0.0004111	-0.0006735	-0.0005293	-0.0006529	-0.0007857	-0.0005885	-0.0005036	-0.0007764	-0.0006516	-0.0006347	-0.0008036	-0.0007692	-0.0006771	-0.0006068	-0.000625	-0.0007791	-0.0008645	-0.0007807	-0.0006485	-0.0007127	-0.0007401	-0.0009335	-0.0007672	-0.0006457	-0.0006588
690.356	14485.28	-0.0004702	-0.0003751	-0.0004292	-0.0004219	-0.000446	-0.0004208	-0.0004774	-0.000457	-0.0001842	-0.0006279	-0.0005044	-0.0003693	-0.0004096	-0.0004516	-0.0006922	-0.0003939	-0.000445	-0.0006064	-0.0004234	-0.0004688	-0.0005041	-0.000737	-0.0007466	-0.0006281	-0.0005953	-0.0005093	-0.0005949	-0.0005719	-0.0005869	-0.0005928	-0.0004711
690.933	14473.19	-0.0004152	-0.0004164	-0.0004878	-0.000317	-0.0003422	-0.0002683	-0.0003551	-0.0003703	-0.0003586	-0.0006112	-0.0005384	-0.000404	-0.0005656	-0.0002229	-0.0006431	-0.0004245	-0.0003003	-0.000675	-0.0004414	-0.0005123	-0.000359	-0.0006291	-0.0005979	-0.0005081	-0.0004604	-0.0005725	-0.0005776	-0.0004426	-0.0004895	-0.0005132	-0.0004796
691.509	14461.12	-0.0003522	-0.0002919	-0.000429	-0.0002307	-0.0001666	-0.0003642	-0.000179	-0.0004409	-0.0005042	-0.0005435	-0.0003599	-0.0004962	-0.0005163	-0.0003048	-0.0006681	-0.0005366	-0.0004239	-0.0005613	-0.0005513	-0.000562	-0.0004252	-0.0005127	-0.0006646	-0.0003523	-0.0003066	-0.0004199	-0.0005263	-0.0004191	-0.0005585	-0.0003696	-0.0005355
692.086	14449.07	-1.818E-5	-3.607E-5	-0.0003058	-5.319E-5	-7.363E-5	-0.0002691	-5.745E-5	-0.0003095	-0.0001829	-0.0002571	-3.769E-5	-0.0003169	-0.0003269	-0.0001866	-0.0004598	-0.0003376	-0.0002694	-0.0002202	-0.0003245	-0.000255	-0.0001615	-0.000256	-0.0005316	-0.0001294	-0.000198	-0.0001798	-0.0002636	-0.0002061	-0.0004361	-0.0002059	-0.0004372
692.663	14437.04	-0.0003591	-0.0003383	-0.0003647	-0.0003772	-0.0004784	-0.0004983	-0.0002777	-0.0003542	-0.0003359	-0.0003451	-0.0003043	-0.000357	-0.0006339	-0.0004416	-0.0004721	-0.0005453	-0.0002693	-0.0003398	-0.0003001	-0.0005067	-0.0003876	-0.0003715	-0.0006475	-0.0002275	-0.000413	-0.0004533	-0.0005316	-0.0004207	-0.0003378	-0.0004956	-0.000568
693.239	14425.03	-0.0007017	-0.000379	-0.0004331	-0.000561	-0.000625	-0.000526	-0.0003555	-0.0005456	-0.0004742	-0.0004021	-0.0003885	-0.0005608	-0.0006622	-0.0005462	-0.0004889	-0.0005922	-0.0003108	-0.0005884	-0.0003672	-0.0005553	-0.0004496	-0.0004193	-0.0006597	-0.0002216	-0.0004946	-0.0006146	-0.0006518	-0.0005057	-0.0002946	-0.0007416	-0.0005355
693.816	14413.04	-0.000283	-2.027E-5	-3.434E-5	-1.893E-5	-0.0001397	-7.844E-5	-1.846E-5	-0.0002344	-6.3E-5	-5.557E-5	0.0001508	-2.357E-5	-0.0001734	-0.0001976	-0.0001858	-0.0001851	-0.0001535	-0.0002027	-0.0001447	-3.231E-5	-0.0002545	-0.0001683	-0.000286	-1.355E-5	-0.0001956	-0.0002062	-0.0001266	-8.929E-5	-7.267E-5	-0.0002635	-0.000251
694.393	14401.07	-0.0002649	-8.717E-5	-0.0002218	-0.0001127	-6.481E-5	-8.193E-5	-0.0002028	-0.000335	-0.0001276	-0.0003307	-6.782E-5	-0.0001613	-0.0002304	-0.0002162	-0.0002608	-0.0002034	-0.0003021	-0.0002945	-0.0003519	-0.0002628	-0.0003568	-0.0003696	-0.0005422	-0.0003358	-0.0002915	-0.0002944	-0.000435	-0.0001153	-0.0002414	-0.0001028	-0.000379
694.969	14389.12	-0.0002267	-0.0003373	-0.0004664	-0.000461	-4.105E-5	-0.0003822	-0.00031	-0.0002923	-0.000315	-0.0003019	-0.0004874	-0.0004249	-0.0004214	-0.0001787	-0.000161	-0.0003649	-0.000559	-0.0004026	-0.0004895	-0.0003602	-0.0003868	-0.0004495	-0.0003834	-0.0005243	-0.0003511	-0.0004927	-0.0003828	-0.0003141	-0.0002976	-0.0002482	-0.0003514
695.546	14377.19	-0.0002039	-0.0002677	-0.0003893	-0.0004536	-2.422E-7	-0.0005088	-0.0002065	-0.0001715	-0.0004003	-0.0003496	-0.0004999	-0.0003411	-0.000471	-0.0003301	-0.00026	-0.0003576	-0.0004902	-0.0002952	-0.0005991	-0.0001921	-0.0003535	-0.0003756	-0.0002645	-0.0003556	-0.0002348	-0.0004365	-0.000452	-0.0003317	-0.0003259	-0.0003445	-0.0003657
696.123	14365.28	1.558E-5	-0.000103	-0.0001349	-0.0002292	-4.484E-5	-0.0002405	-9.58E-5	7.992E-5	-0.0001085	-0.0003199	-0.0001537	-0.0002293	-0.0003409	-0.0001579	-0.0002125	-0.0001704	-0.0001999	-0.0001245	-0.0003021	-0.0001094	-8.802E-5	-2.217E-5	-0.0003498	-0.0001104	-2.887E-5	-0.0003111	-0.0004789	-0.0001648	-0.0002043	-0.0002437	-0.0003214
696.700	14353.39	-0.0002166	-0.0001665	-0.0002029	-0.0003356	-7.419E-5	-0.0002062	-0.000142	-0.0001239	-0.000183	-0.000232	-0.0001393	-0.0003484	-0.0002971	-0.0001368	-0.0001216	-0.0003541	-0.0002247	-0.0003071	-0.0001866	-0.0002396	-0.0002081	-0.0001661	-0.0002475	-1.329E-5	-0.0003089	-0.0002358	-0.0002762	-0.0001727	-0.0002568	-0.0003137	-0.0003752
697.276	14341.52	-0.0003378	-0.0002862	-0.0002678	-0.0004318	-0.0003195	-0.0002945	-0.0003369	-0.0004189	-0.0003686	-0.0005172	-0.0003943	-0.0003446	-0.0002909	-0.0002906	-0.0002378	-0.0003172	-0.000294	-0.0004685	-0.000279	-0.000453	-0.000398	-0.000508	-0.0003229	-0.0001221	-0.0003739	-0.0001871	-0.0002929	-0.000361	-0.0005398	-0.0005025	-0.0003221
697.853	14329.66	-0.0003402	-0.000332	-0.0001171	-0.0002158	-0.0001329	-0.0001641	-0.0002372	-0.0002729	-0.0002379	-0.0002959	-0.0003516	-1.288E-5	-0.0001329	-0.0002231	-0.0001783	-0.0001753	-0.0002552	-0.0004251	-0.0002936	-0.000586	-0.000324	-0.0003489	-0.0001217	-0.0001996	-0.0001765	-4.354E-5	-0.0001143	-0.0002797	-0.0002968	-0.0002388	-0.0001866
698.430	14317.83	-0.0001372	-0.0001614	-0.0002367	-0.0001226	-0.0001242	-0.0002081	-6.07E-5	-0.0001966	-0.0001256	-0.0001865	-0.0001963	-4.461E-5	-0.0002295	-0.0002738	-0.0001536	-9.672E-5	-0.0002254	-0.0003415	-0.0001652	-0.0004288	-0.0003432	-0.0002997	-0.0002588	-0.0002173	-0.000238	-0.0001041	-9.906E-5	-0.0001938	-0.0003141	-0.0001857	-1.442E-5
699.006	14306.02	-0.0002767	-0.0003036	-0.0002092	-0.0002531	-8.802E-5	-0.0003983	-0.0002714	-0.0002701	-0.0001939	-0.0002132	-0.0003673	-0.0003099	-0.0003106	-0.0005002	-0.0001482	-0.0003249	-0.0004418	-0.0003092	-0.0002819	-0.0002589	-0.0002575	-0.0003908	-0.0005308	-0.000383	-0.00012	-0.0002473	-0.0001773	-0.0002718	-0.0002733	-0.0003636	-0.0001987
699.583	14294.23	-0.0001917	-0.0001387	-0.0001474	-0.0003098	-8.887E-5	-0.000225	-0.0002428	-0.0002709	-7.392E-5	-0.000192	-0.0002266	-0.0002787	-0.0001116	-0.0003792	-4.629E-5	-0.0002768	-0.0002092	-0.0002797	-0.0001753	-0.0001518	-0.0002421	-0.0002293	-0.0004202	-0.0001383	4.938E-5	-0.0003021	-4.188E-6	-0.0001234	-0.0001973	-0.0001452	-0.0002585
700.160	14282.45	-8.361E-5	1.875E-5	-9.267E-6	-0.0002881	-9.281E-5	-0.0001516	-0.0002482	-0.0002362	-3.447E-5	-0.0003378	-0.0002326	-0.0002343	-5.764E-5	-0.0002056	-0.0002573	-0.000283	-0.0001938	-0.000393	-0.0002473	-0.0001329	-0.0003164	-0.0001602	-0.0002893	-6.885E-5	-0.0001013	-0.0002946	-0.0001443	-0.0002297	-0.000356	-0.0001565	-0.0003878
700.737	14270.70	-0.0002727	-0.0002549	-0.0001172	-0.0005184	-0.0002597	-0.0004108	-0.0004689	-0.0005388	-0.0005985	-0.0004833	-0.0003919	-0.0005042	-0.0004061	-0.0003243	-0.0005765	-0.0005381	-0.0004051	-0.0002724	-0.0003175	-0.0004478	-0.0005112	-0.0005855	-0.0004996	-0.0005004	-0.0002715	-0.0004052	-0.0005092	-0.0004572	-0.0005693	-0.0004655	-0.0007459
701.313	14258.96	-0.0006778	-0.0004053	-0.0003391	-0.0007093	-0.0005893	-0.0007641	-0.0005068	-0.0006203	-0.000679	-0.0007624	-0.0006519	-0.0005659	-0.0006607	-0.0006631	-0.0006438	-0.0007164	-0.0006789	-0.0004652	-0.0006058	-0.0006492	-0.0006772	-0.0007038	-0.0007725	-0.0007615	-0.0005032	-0.0007788	-0.000695	-0.0005007	-0.0006415	-0.00066	-0.0008573
701.890	14247.25	-0.0001661	-0.0001085	-0.0001312	-0.000396	-7.608E-5	-0.0006081	-0.0003129	-0.0002968	-0.0001591	-0.0003631	-0.0003932	-0.0002207	-0.0002495	-0.0002313	-0.0001998	-0.00025	-0.0003222	-0.0002898	-0.0003523	-0.0003492	-0.000291	-0.000131	-0.0003671	-0.0003467	-0.0002255	-0.0004266	-0.0004277	-0.0002708	-0.0002847	-0.0004212	-0.0003181
702.467	14235.55	0.0002298	0.0001744	9.752E-5	-9.836E-5	0.00026	-9.289E-5	-0.000101	-0.0001097	0.0001449	-5.578E-5	0.000132	4.69E-5	0.0001571	0.0001202	9.99E-5	-6.749E-6	0.0002013	5.713E-5	2.102E-6	5.564E-5	-3.42E-5	6.922E-5	-8.695E-5	5.561E-5	0.0001642	0.0001578	-0.0001052	-2.157E-6	0.0001282	-7.629E-5	0.0001399
703.043	14223.87	0.0002655	0.0001477	0.0001776	-8.718E-5	-3.753E-5	-9.56E-5	1.126E-5	3.047E-5	-6.17E-5	5.46E-5	0.0002198	-8.53E-6	6.815E-5	0.0001511	0.0001254	-6.084E-5	0.000108	0.0001378	0.0002119	0.0003225	0.0001307	0.0002265	-3.117E-5	0.0001565	5.783E-5	0.0001516	-0.0001612	-4.275E-5	0.0002314	-2.478E-5	1.463E-5
703.620	14212.21	0.0001078	-4.745E-5	-5.301E-5	-0.0001375	-0.0003444	-0.000299	-0.0002606	-8.64E-5	-0.0001042	-0.0001009	5.938E-6	-7.175E-5	-0.0001913	1.971E-5	-0.0001395	-0.0001913	-0.0002346	-5.968E-5	-3.442E-5	-6.598E-5	-0.0001311	-1.16E-5	-0.0002911	1.794E-5	-0.0001301	-0.0001572	-0.0003904	-0.0004295	-0.0001172	-0.0001725	-0.0003557
704.197	14200.58	-0.0002666	-0.0004152	-0.0002785	-0.0003183	-0.0003398	-0.0004881	-0.0003476	-0.0002771	-5.959E-5	-0.0001907	-0.0002696	-0.0001899	-0.0004669	-0.0002477	-0.0004786	-0.0003244	-0.0002739	-0.0003205	-0.0003043	-0.0002988	-0.000301	-0.0003166	-0.0002338	-0.0002972	-0.0003756	-0.0004199	-0.0004962	-0.000463	-0.0003085	-0.0004796	-0.000403
704.774	14188.95	-0.000176	-0.0001912	-0.0001044	-0.0002958	-0.0001427	-0.0001133	-8.53E-5	-0.0003295	6.049E-5	-0.0001801	-0.0002327	-0.0001618	-0.0002791	-0.0002466	-0.0002328	-7.368E-5	-0.0002122	-0.000268	-0.0004542	-0.0001136	-0.0001625	-0.0003767	-0.0001873	-0.0002001	-0.0002874	-0.000167	-0.0002983	-0.00028	-0.0002497	-0.0003972	-0.0002367
705.350	14177.35	-0.0001491	-3.937E-5	-4.034E-5	-6.922E-5	-0.0001049	-3.392E-5	-2.467E-5	-0.0002143	-0.0003057	-0.0001735	-4.586E-5	-0.0001071	-0.0002113	-0.0001135	-0.0002773	-0.000187	-0.0003604	-0.0003511	-0.0003754	-0.00026	-0.0002677	-0.0006357	-0.0002856	-0.0002536	-0.0002147	-0.0001225	-0.0001755	-0.0002628	-0.0004417	-0.00026	-0.0003058
705.927	14165.77	-0.0001027	-0.0001367	-0.0001373	-6.377E-5	-0.000267	-0.0002504	-0.000125	-0.000246	-0.0002196	-0.0001922	-0.0003199	-0.0002889	-0.0004316	-9.449E-5	-0.0003647	-0.0003424	-0.0003567	-0.0003966	-0.0004422	-0.000245	-0.0005278	-0.0004837	-0.0003052	-0.0003071	-0.0003638	-0.0003972	-0.0002464	-0.0002292	-0.0003902	-0.0003736	-0.0004627
706.504	14154.21	-0.000302	-0.0002827	-0.0002377	-0.0001415	-0.0001943	-0.0001597	-0.0003214	-0.0004153	-0.0002421	-0.0002648	-0.0003256	-0.0002116	-0.0005803	-0.0004439	-0.0004402	-0.0003911	-0.0003494	-0.0005256	-0.00046	-0.0003705	-0.0004461	-0.0004719	-0.0003817	-0.0003821	-0.000362	-0.0004091	-0.000206	-0.0001545	-0.0004876	-0.0006912	-0.0004031
707.080	14142.66	-0.0005162	-0.0001824	-0.000311	-0.0003043	-8.995E-5	-0.0001936	-0.0002176	-0.0003937	-0.0004505	-0.0004327	-0.0003725	-0.0003431	-0.0005361	-0.0006387	-0.0004112	-0.0005584	-0.0003725	-0.0004236	-0.0005967	-0.0008067	-0.000367	-0.0005539	-0.0005969	-0.0006291	-0.0005436	-0.0004751	-0.0005119	-0.0005782	-0.0007459	-0.0007621	-0.0006077
707.657	14131.14	-0.0006566	-0.000425	-0.0004911	-0.0004188	-0.000439	-0.0004647	-0.0004299	-0.0004829	-0.0006615	-0.0005493	-0.0005821	-0.0006715	-0.0007296	-0.0006246	-0.000506	-0.0005807	-0.0005547	-0.0006894	-0.0007279	-0.001014	-0.000881	-0.0006555	-0.0008185	-0.0008045	-0.0006944	-0.000566	-0.0007292	-0.00083	-0.0008095	-0.0008402	-0.0009447
708.234	14119.63	-0.0003573	-0.0005039	-0.0004576	-0.0002499	-0.0002861	-0.0002781	-0.0004556	-0.0004076	-0.0006282	-0.000554	-0.0005955	-0.0005284	-0.0006307	-0.0006017	-0.0007528	-0.0005782	-0.0005394	-0.0005858	-0.0006764	-0.0007044	-0.0008411	-0.0008132	-0.0007043	-0.0006906	-0.0007001	-0.0006283	-0.0006776	-0.0006891	-0.0006887	-0.0007546	-0.0009147
708.811	14108.14	-0.0002658	-0.0004239	-0.0001106	-0.0002514	-0.0002659	-0.0001075	-0.0004258	-0.0003826	-0.0002098	-0.0004133	-0.0005694	-0.0004602	-0.0005426	-0.0005445	-0.0006549	-0.0006298	-0.0003646	-0.0005354	-0.0004717	-0.0005874	-0.0005806	-0.0007089	-0.0007438	-0.0005752	-0.0005128	-0.0005638	-0.000606	-0.0007218	-0.000459	-0.0003879	-0.0007271
709.387	14096.67	-0.0003493	-0.0001675	-0.0001706	-0.0003306	-0.0003776	-0.0003762	-0.000299	-0.0003781	-0.0003977	-0.0004475	-0.0003437	-0.0001524	-0.0005977	-0.0005523	-0.0005594	-0.0006365	-0.0002127	-0.0004281	-0.0002809	-0.0004101	-0.000415	-0.0005744	-0.0005728	-0.0002502	-0.0004781	-0.0005397	-0.0005767	-0.0006169	-0.000455	-0.0002338	-0.0004314
709.964	14085.22	-0.0005703	-0.0006307	-0.0006034	-0.0004954	-0.0005678	-0.0005995	-0.0003894	-0.0006721	-0.0003848	-0.0007859	-0.0007359	-0.0004307	-0.0006374	-0.0006265	-0.0007313	-0.0006336	-0.0004755	-0.0004928	-0.0005791	-0.0005679	-0.0004486	-0.0005749	-0.0006312	-0.0004205	-0.0006418	-0.0008687	-0.000476	-0.0005793	-0.0006185	-0.000564	-0.0005583
710.541	14073.79	-0.0005512	-0.0007004	-0.0007211	-0.0005083	-0.000548	-0.0006342	-0.0005752	-0.0007358	-0.0004566	-0.0007405	-0.0006053	-0.0004724	-0.000616	-0.0006375	-0.0005865	-0.0005698	-0.0005886	-0.0005875	-0.0006811	-0.0006179	-0.0005577	-0.0006332	-0.0007509	-0.0006687	-0.0004846	-0.0008252	-0.0005496	-0.0004364	-0.000721	-0.0005778	-0.0008412
711.117	14062.38	-0.0004835	-0.0004788	-0.0004645	-0.0004113	-0.000342	-0.0006237	-0.0005779	-0.0006458	-0.0005407	-0.0005657	-0.0004562	-0.0004102	-0.0005836	-0.0006028	-0.0004698	-0.0005181	-0.0004348	-0.0003466	-0.0006586	-0.0006998	-0.0005142	-0.0005301	-0.0006232	-0.0005116	-0.0004947	-0.000621	-0.0004278	-0.000337	-0.0006758	-0.0006316	-0.0005577
711.694	14050.98	-0.0003832	-0.0003194	-0.0005066	-0.0004686	-0.0004463	-0.000508	-0.0005131	-0.0005948	-0.0006729	-0.0003324	-0.0004543	-0.00059	-0.000547	-0.0005352	-0.000411	-0.0003938	-0.0006623	-0.0003896	-0.0007627	-0.0008082	-0.0006382	-0.0004678	-0.0006535	-0.0004939	-0.0005285	-0.0005762	-0.0002554	-0.0005529	-0.0006638	-0.0006157	-0.0005669
712.271	14039.60	-0.0002465	-0.0001914	-0.0002623	-0.0003393	-0.0004226	-0.0001861	-0.0003422	-0.0003959	-0.0003055	-0.0003933	-0.0003754	-0.0003902	-0.0003629	-0.0004179	-0.0001063	-0.0001878	-0.0002298	-0.0003216	-0.0005205	-0.0004701	-0.0004074	-0.0001394	-0.0003821	-0.0002926	-0.0002403	-0.0004137	-0.0001843	-0.000374	-0.0005138	-0.0002776	-0.0003132
712.847	14028.25	-0.0004415	-0.0003975	-0.0003777	-0.0004227	-0.0005115	-0.0003917	-0.0005031	-0.0004768	-0.0002912	-0.0004804	-0.0004404	-0.0004203	-0.0004396	-0.0006076	-0.0004683	-0.0004398	-0.0005137	-0.0005605	-0.0007063	-0.0005939	-0.0005303	-0.0005453	-0.0006342	-0.0006494	-0.0003516	-0.0006565	-0.0005529	-0.0004357	-0.0006711	-0.0006201	-0.0005381
713.424	14016.91	-0.0002637	-0.0003404	-0.0002614	-0.0002751	-0.0002798	-0.0004037	-0.0004049	-0.0003954	-0.0005056	-0.0004283	-0.0004516	-0.000421	-0.0003951	-0.000603	-0.0004238	-0.0004474	-0.0006016	-0.0004173	-0.0005481	-0.0004727	-0.0004894	-0.0007085	-0.0006094	-0.0005922	-0.000366	-0.0005905	-0.000426	-0.000511	-0.0005502	-0.000469	-0.0005762
714.001	14005.58	-0.0003293	-0.0002752	-0.0003688	-0.0002445	-0.0001887	-0.0004966	-0.0003903	-0.0005461	-0.0004004	-0.0003711	-0.0004554	-0.0004699	-0.0004137	-0.000451	-0.0003283	-0.0004522	-0.0004779	-0.000486	-0.0005421	-0.0001754	-0.0004174	-0.0006332	-0.000305	-0.0004021	-0.0005176	-0.0004798	-0.0004519	-0.0003249	-0.0004253	-0.0003836	-0.0002879
714.578	13994.28	-0.0004211	-0.0003143	-0.0003352	-0.0002718	-0.0003585	-0.0005034	-0.0003984	-0.0003716	-0.0003007	-0.000214	-0.0002351	-0.0003376	-0.0004222	-0.0003624	-0.0003598	-0.0006607	-0.0004254	-0.0006517	-0.0005606	-0.0004152	-0.0006565	-0.0004799	-0.0003855	-0.00056	-0.0005201	-0.0003248	-0.0002723	-0.0003801	-0.0003768	-0.0003981	-0.0002857
715.154	13983.00	-0.0003939	-0.0003624	-0.0003319	-0.0003336	-0.0003618	-0.0003981	-0.000509	-0.0003214	-0.0004233	-0.0002684	-0.0001908	-0.0002919	-0.0003263	-0.0005018	-0.0003625	-0.0005431	-0.0003906	-0.0005144	-0.000547	-0.0004684	-0.0004286	-0.000482	-0.0003713	-0.000465	-0.0003961	-0.0002148	-0.0004567	-0.0003428	-0.0002822	-0.0004488	-0.000476
715.731	13971.73	-0.0003127	-0.0002338	-0.0002353	-0.0002744	-0.0004603	-0.0002213	-0.0003412	-0.0001476	-0.0003198	-0.0001337	-0.0003548	-0.0002643	-0.0001582	-0.0006088	-0.0004017	-0.0004413	-0.000323	-0.00036	-0.0004078	-0.0004011	-0.0005518	-0.0006592	-0.0004061	-0.0002743	-0.0002446	-0.0002012	-0.0003353	-0.0003837	-0.0003134	-0.0003007	-0.0003896
716.308	13960.48	-0.0001787	-0.0003545	-0.0002953	-0.0002197	-0.0002999	-0.0003535	-0.00024	-0.00037	-0.0002208	-0.0003706	-0.0003957	-0.0002175	-0.0002321	-0.000548	-0.0003396	-0.0003697	-0.0002636	-0.000471	-0.0001623	-0.0003829	-0.000552	-0.0004719	-0.0005725	-0.0004189	-0.0003427	-0.0003301	-0.0004141	-0.0004343	-0.000337	-0.0004751	-0.0002298
716.884	13949.25	-0.0003691	-0.0004574	-0.0002804	-0.0004176	-0.0001968	-0.0003837	-0.0002832	-0.0002869	-0.0002287	-0.000364	-0.0002541	-0.0003012	-0.0002842	-0.0004339	-0.0003614	-0.0001718	-0.0002262	-0.0004097	-0.0001823	-0.0003679	-0.0003746	-0.0002601	-0.0004509	-0.000375	-0.0004759	-0.0002026	-0.0003201	-0.0003653	-0.0002997	-0.0002477	-0.0003616
717.461	13938.04	-0.0002569	-0.0001265	3.394E-5	-2.687E-5	-4.352E-5	-0.0001989	-0.0001451	-6.503E-5	-0.0001974	0.0001059	-3.481E-6	-9E-5	-1.492E-5	-0.0001409	-5.537E-5	-0.0001424	-0.0002128	-0.0001107	-0.0002005	-9.851E-5	-0.0002845	-0.0001672	-0.0002887	2.414E-5	-0.000111	-0.0001851	-3.247E-5	6.079E-5	-0.0001258	0.0001109	-0.0001347
718.038	13926.84	-0.0005777	-0.0003738	-0.0003522	-0.000329	-0.0003682	-0.0004356	-0.0003489	-0.0004514	-0.0003893	-0.0002966	-0.0003476	-0.0004172	-0.000399	-0.0004833	-0.0005454	-0.0006165	-0.0005651	-0.0005761	-0.0006181	-0.0004531	-0.0006876	-0.000625	-0.0007275	-0.0004955	-0.0004824	-0.0004856	-0.0004243	-0.0003631	-0.0006231	-0.0004238	-0.0005714
718.615	13915.67	-0.0008107	-0.0004549	-0.000709	-0.0005096	-0.000679	-0.0006304	-0.0006362	-0.0006561	-0.0006013	-0.0007354	-0.0007012	-0.0006505	-0.0005255	-0.0006667	-0.0007954	-0.0008104	-0.0006613	-0.000833	-0.0007543	-0.0008456	-0.0008338	-0.0008635	-0.000849	-0.0006677	-0.0006362	-0.0009321	-0.0005845	-0.0007632	-0.0008646	-0.0006472	-0.0007015
719.191	13904.51	-0.0003148	-0.0002809	-0.0005133	-0.0003823	-0.000244	-0.0003216	-0.0002978	-0.0002649	-0.0002648	-0.0004784	-0.0004537	-0.0002903	-0.0004227	-0.0005156	-0.0005363	-0.0004501	-0.0003452	-0.0006015	-0.0005537	-0.0005694	-0.0004178	-0.0005967	-0.0003951	-0.0004819	-0.0005631	-0.0005379	-0.0004768	-0.0004947	-0.0006285	-0.0003999	-0.0005283
719.768	13893.37	-0.0001776	-0.0001628	-0.0002636	-0.0003341	-0.0001906	-0.00018	-0.0001877	-0.0001756	-0.000134	-0.0001657	-6.271E-5	-0.000486	-0.0003042	-0.0003162	-0.0004413	-0.0003753	-0.0003525	-0.0003328	-0.0004417	-0.0001791	-0.0003995	-0.0003881	-0.0004439	-3.107E-5	-0.0004668	-0.0002993	-0.0003567	-0.0003631	-0.0004267	-0.0004565	-0.0003556
720.345	13882.24	-0.0004048	-0.000209	-0.0004967	-0.0004758	-9.962E-5	-0.0003717	-0.0002977	-0.0004526	-0.0002707	-0.0002716	-0.000383	-0.0003502	-0.0004615	-0.0003849	-0.000441	-0.0004674	-0.0004514	-0.0004674	-0.0002318	-0.0005361	-0.0004821	-0.0007763	-0.0005666	-0.0002958	-0.0004658	-0.0003147	-0.000449	-0.000454	-0.0004973	-0.000437	-0.0005086
720.921	13871.14	-0.0004702	-0.0003426	-0.0006393	-0.0005737	-0.000574	-0.0007347	-0.0003838	-0.0006443	-0.0004551	-0.00059	-0.0005331	-0.0005907	-0.0007955	-0.0006462	-0.0004871	-0.0007293	-0.0005965	-0.0006141	-0.0004883	-0.0005953	-0.0004902	-0.0005516	-0.0006552	-0.0003508	-0.0004303	-0.0006489	-0.0005229	-0.0005517	-0.0004737	-0.0004877	-0.0003379
721.498	13860.05	-0.0006009	-0.0005218	-0.0008229	-0.0006684	-0.0006308	-0.0007608	-0.0005931	-0.0006197	-0.0006336	-0.0007626	-0.0007948	-0.0005238	-0.0008261	-0.0005498	-0.000599	-0.0007468	-0.0008755	-0.0007101	-0.0007593	-0.0007471	-0.0005405	-0.0006688	-0.0007763	-0.0007534	-0.000475	-0.0008308	-0.0007382	-0.0007826	-0.0008536	-0.0007712	-0.0006955
722.075	13848.98	-0.0006616	-0.000453	-0.0007217	-0.000638	-0.0004889	-0.0006747	-0.0007622	-0.0007366	-0.0005295	-0.0006616	-0.0005902	-0.0005204	-0.0005066	-0.0004842	-0.0005574	-0.0004994	-0.0007755	-0.0007313	-0.0006434	-0.0006655	-0.0006544	-0.0006476	-0.0006131	-0.0008657	-0.000574	-0.0005163	-0.0007582	-0.0006846	-0.0007193	-0.0007463	-0.0006359
722.652	13837.93	-0.0006691	-0.0002191	-0.0004121	-0.0006658	-0.0001865	-0.0005701	-0.0005261	-0.0005037	-0.0005146	-0.0005689	-0.0003689	-0.000638	-0.0006301	-0.0005667	-0.0003314	-0.000484	-0.0004821	-0.0006346	-0.0005312	-0.0005899	-0.0006166	-0.0005994	-0.0006562	-0.0005597	-0.0003176	-0.0003587	-0.00075	-0.0004879	-0.0004333	-0.0005942	-0.00063
723.228	13826.89	-0.0004307	-0.0003999	-0.0002966	-0.0006801	-0.0005326	-0.0005701	-0.0005147	-0.0004591	-0.0006157	-0.0004874	-0.0002567	-0.0005699	-0.0004617	-0.0005962	-0.0004798	-0.0004359	-0.000531	-0.0006169	-0.0005953	-0.0005344	-0.0005544	-0.0004798	-0.0005349	-0.0004827	-0.000466	-0.000446	-0.0005261	-0.0004912	-0.0005082	-0.0003729	-0.0007318
723.805	13815.88	-0.0003094	-0.0003354	-0.0001385	-0.0002824	-0.000253	-0.0002948	-0.0001992	-0.0004553	-0.0004208	-0.0003366	-0.0001418	-0.0004136	-0.0003966	-0.0004778	-0.0005562	-0.0003822	-0.000249	-0.0006132	-0.0005533	-0.00041	-0.0003835	-0.0003955	-0.0007948	-0.0003081	-0.0004743	-0.0003415	-0.0004277	-0.0004713	-0.0005819	-0.0002328	-0.0004193
724.382	13804.88	-0.0001964	-0.0001931	-3.853E-5	9.329E-7	2.553E-5	-0.0002062	-0.0002342	-0.0002235	-0.0001611	-0.0002217	6.002E-5	-0.0001537	-0.0001563	-0.0002633	-0.0004052	-8.044E-5	-8.601E-5	-0.0001929	-0.0003543	-1.422E-5	-0.0001631	-0.0001068	-0.0003987	-0.0002212	-0.0002583	-0.000192	-0.0002748	-0.0001537	-0.0002424	-0.0002035	-0.0001012
724.958	13793.90	-0.0005533	-0.0001809	-0.0002746	-0.0003246	-0.0001543	-0.0003472	-0.0002997	-0.0004898	-0.0004622	-0.0004388	-0.0002156	-0.0003589	-0.0004011	-0.0004561	-0.0002257	-0.0003626	-0.0002859	-0.0004262	-0.0005269	-0.0003419	-0.000388	-0.0004264	-0.0005177	-0.0004238	-0.0005617	-0.0004028	-0.0003769	-0.0005121	-0.0002979	-0.0003111	-0.0006155
725.535	13782.93	-0.000361	-0.0001421	-0.0003659	-0.0001151	-0.0001345	-0.0001077	-8.917E-5	-0.0002134	-0.0001691	-0.0002576	-0.0002575	-0.0003516	-0.0002094	-7.47E-5	-0.000201	-0.000139	-0.0002529	-0.0002399	-0.0004346	-0.0003512	-0.0003253	-0.0004557	-0.0003781	-0.0002926	-0.0003182	-0.0004475	-0.0003208	-0.000471	-0.0002919	-0.0003888	-0.0005031
726.112	13771.98	-0.0001107	-7.815E-7	-4.55E-5	-5.281E-8	0.000184	-5.367E-5	7.997E-5	-8.166E-5	-4.211E-5	-0.0002279	-8.082E-5	-0.0003741	-0.0001338	0.0001072	4.846E-6	-0.0001658	-0.0002946	-0.0001501	-0.0001204	-0.0002312	-0.0001126	-0.0001456	-0.0001102	-0.0001613	-0.0001558	-0.0005515	-0.0005297	-0.0001464	-0.0004772	-0.0001853	-0.0002213
726.688	13761.05	-0.0001608	-0.0002371	-0.0002862	-0.000314	-0.0004365	-0.000104	-5.7E-5	-0.0001311	-0.0005482	-0.0003039	-0.0001453	-0.000286	-0.0002734	-0.0001506	-0.0003489	-0.0002811	-0.0004126	-0.0003046	-0.000308	-0.0004476	-0.0003929	-0.0004925	-0.0003173	-0.0001757	-0.0004494	-0.0005443	-0.000467	-0.0001151	-0.0004515	-0.0003827	-0.0003425
727.265	13750.14	-0.0004786	-0.0003285	-0.0003279	-0.0001777	-0.0001411	-0.0004388	-0.0002235	-0.0003425	-0.0005809	-0.0006094	-0.0005725	-0.0002967	-0.0004787	-0.0004802	-0.0005109	-0.0004919	-0.0004599	-0.0005349	-0.0003936	-0.0004068	-0.0004613	-0.000645	-0.0003966	-0.0002894	-0.0007689	-0.0004122	-0.000298	-0.0004701	-0.0004626	-0.0005745	-0.000538
727.842	13739.25	-0.0006451	-0.0003015	-0.0007245	-0.0004408	-0.000403	-0.0004087	-0.0004449	-0.0004687	-0.000535	-0.0006444	-0.0005443	-0.0007037	-0.0006444	-0.0007021	-0.0007663	-0.0005874	-0.0005044	-0.0004847	-0.0005121	-0.0006431	-0.0004347	-0.0007309	-0.0008814	-0.0006776	-0.0005736	-0.0005664	-0.0007636	-0.0008443	-0.0007867	-0.0005897	-0.0005256
728.419	13728.37	-0.0004515	-0.0003911	-0.0005362	-0.0001048	-0.0004755	-0.0002419	-0.0002916	-0.0004785	-0.0004016	-0.0005492	-0.0004478	-0.0006507	-0.0004843	-0.0003268	-0.0006534	-0.0003792	-0.000387	-0.0004652	-0.0003587	-0.0004988	-0.0002661	-0.000415	-0.0007369	-0.0007033	-0.0003467	-0.0002946	-0.0004596	-0.0006074	-0.0005978	-0.0003474	-0.0004543
728.995	13717.51	-0.0001463	-0.0005223	-0.0004858	-0.0002687	-0.0001755	-0.0002571	-0.0001819	-0.0005066	-0.0003261	-0.0002751	-0.0002684	-0.0004374	-0.000323	-0.0003845	-0.0003393	-0.0002861	-0.0004589	-0.0003131	-0.0001724	-0.0003356	-0.0002052	-0.0004003	-0.0004602	-9.5E-6	-0.0002988	-0.000121	-0.0004244	-0.0002122	-0.000343	-0.0001459	-0.0001644
729.572	13706.67	-0.0005317	-0.0004742	-0.000621	-0.0004681	-0.0004416	-0.0006005	-0.0006649	-0.0005123	-0.0004632	-0.0003657	-0.0006605	-0.0004412	-0.0005936	-0.0005777	-0.0003628	-0.0004828	-0.0004707	-0.0006514	-0.0005894	-0.0004573	-0.0003686	-0.0006311	-0.0006901	-0.0004676	-0.00053	-0.0003718	-0.0003934	-0.0005943	-0.0005423	-0.0003038	-0.0005401
730.149	13695.84	-0.0005776	-0.0001116	-0.0003083	-0.0005011	-0.0002876	-0.0004087	-0.0004555	-0.0005651	-0.0003748	-0.0004954	-0.0001738	-0.0002754	-0.0004689	-0.0003358	-0.0003245	-0.0002442	-0.0001715	-0.0004443	-0.0004418	-0.0001814	-0.0005716	-0.0003284	-0.0003105	-5.53E-5	-0.0001173	-0.0002165	-0.0002333	-0.0003026	-0.0002476	-0.000311	-6.7E-5
730.725	13685.03	-0.0003072	-0.0002788	-0.0004797	-0.0003841	1.025E-5	-0.0004118	-0.0001418	-0.0003051	-0.0003286	-0.0003438	-0.0003558	-0.000466	-0.0002596	-0.0003408	-0.0002404	-0.0003621	-0.0001663	-0.0004653	-0.000128	-0.0005254	-0.0002694	-0.0002483	-0.0001739	-0.000265	-0.0003889	-0.0003155	-0.0003319	-0.0003717	-0.0001842	-8.495E-6	-7.941E-5
731.302	13674.24	-0.0004282	-0.0005015	-0.0006206	-0.000492	-0.0004998	-0.0006777	-0.0005396	-0.0005224	-0.0006481	-0.0007034	-0.0006942	-0.000637	-0.0006007	-0.0004564	-0.00073	-0.000616	-0.0006898	-0.0006423	-0.0007938	-0.0006655	-0.0005773	-0.0008126	-0.0006399	-0.0006284	-0.0007561	-0.000486	-0.0005265	-0.0007483	-0.0007178	-0.0005419	-0.0007049
731.879	13663.46	-0.0006118	-0.0002338	0.0001338	-0.0001858	-6.735E-5	-0.0001662	-0.0001171	-0.0003418	-0.0002705	-0.0001694	-0.0002578	-0.0002987	-0.0002461	-0.0002444	-0.0001885	-8.304E-5	-0.0002237	-0.000146	-0.0001368	-0.0003169	-0.0002785	-0.0005036	-0.000455	-0.0004606	-0.0003759	-0.0002231	-0.0003851	-0.0003318	-0.0004609	-0.0004456	-0.0003285
732.456	13652.71	-0.0005377	-0.0005047	-0.0005054	-0.0005184	-0.0004264	-0.0004076	-0.0003313	-0.0005891	-0.0004721	-0.00034	-0.0005418	-0.0004298	-0.0004432	-0.0002842	-0.0003746	-0.0005393	-0.0005052	-0.0004872	-0.0004045	-0.0006403	-0.0003584	-0.0006615	-0.0006289	-0.000555	-0.000409	-0.0006758	-0.0005402	-0.0003152	-0.0006053	-0.0005212	-0.0006417
733.032	13641.96	-0.000573	-0.0005856	-0.0005459	-0.0004708	-0.0005954	-0.0005812	-0.00055	-0.0006363	-0.0006662	-0.0004602	-0.0005272	-0.0004158	-0.0005777	-0.0005971	-0.0006446	-0.0005824	-0.0006136	-0.0005493	-0.000713	-0.0006176	-0.0003412	-0.0006445	-0.0006397	-0.0005271	-0.0007257	-0.0009026	-0.0007033	-0.0005481	-0.0007833	-0.0004633	-0.0007834
733.609	13631.24	-0.0004243	-0.0003409	-0.0004641	-0.0004505	-0.0002628	-0.0004089	-0.0004099	-0.0005926	-0.0002947	-0.0004011	-0.0006072	-0.0003933	-0.0003898	-0.0005469	-0.0005505	-0.0005321	-0.0003711	-0.0004517	-0.0005299	-0.0004531	-0.000508	-0.0006183	-0.0005531	-0.0004379	-0.0003139	-0.0006113	-0.000438	-0.0004761	-0.0004735	-0.0003939	-0.0004541
734.186	13620.53	-0.0005727	-0.0006335	-0.0006535	-0.0005445	-0.0005782	-0.0006843	-0.0006316	-0.0008718	-0.0005885	-0.0007289	-0.0007838	-0.0006791	-0.0008383	-0.0006822	-0.0006356	-0.0007625	-0.0007561	-0.0007504	-0.0007876	-0.0006948	-0.0006895	-0.0004899	-0.0004898	-0.0006529	-0.0005303	-0.0005997	-0.0006049	-0.0008356	-0.0009411	-0.0005781	-0.0004804
734.762	13609.84	-0.0005766	-0.0006799	-0.0008153	-0.0004768	-0.0005469	-0.0006652	-0.0008449	-0.0005631	-0.0004977	-0.000736	-0.0007532	-0.0007147	-0.0006938	-0.0004861	-0.000557	-0.0009611	-0.000726	-0.000612	-0.0005795	-0.0006266	-0.0006752	-0.0007542	-0.0007929	-0.0004438	-0.0005405	-0.000639	-0.0007585	-0.000775	-0.0009227	-0.0005288	-0.0007866
735.339	13599.17	-0.0003589	-0.0003644	-0.000678	-0.0003147	-0.0002843	-0.0004506	-0.0004028	-0.000491	-0.000555	-0.0005603	-0.0003514	-0.0006042	-0.0002763	-0.0004105	-0.0006956	-0.0005508	-0.000795	-0.0006057	-0.0002682	-0.0005842	-0.0004768	-0.0005699	-0.0005216	-0.0005613	-0.0005739	-0.0003652	-0.0006379	-0.0004359	-0.0005668	-0.0007054	-0.0005752
735.916	13588.51	-6.282E-5	-0.0001329	-0.0002072	-0.0003868	-0.0001292	-0.0002714	-5.051E-5	-5.184E-5	-0.000336	-0.0004526	-0.0002441	-0.0002513	-0.0002708	-9.157E-5	-0.000429	-0.0003958	-0.0004268	-0.0002845	-0.0004193	-0.0003646	-0.0003242	-0.0003547	-0.0005351	-0.0003189	-0.0004145	-0.0002684	-0.0002895	-0.0002374	-0.000294	-0.0004999	-0.0003901
736.493	13577.87	2.702E-5	-0.0001866	-0.0001996	-0.0003296	-0.000112	4.961E-5	-0.0001084	-0.0001915	4.224E-5	0.000169	-0.0002056	-7.539E-5	-0.0001838	-0.0003099	-0.0002326	-0.0001409	-1.047E-5	-0.0001926	-0.0004364	-6.64E-5	-0.0002787	-0.0003562	-0.0002894	-0.0001851	-0.0002034	1.912E-5	-0.000305	-0.0002223	-0.0002245	-0.0001237	-0.0002868
737.069	13567.25	7.584E-5	-9.85E-5	1.2E-5	6.197E-5	-2.267E-5	-2.336E-5	8.23E-5	0.0002454	9.517E-5	0.0001883	-0.0001497	-5.37E-5	9.04E-5	4.592E-5	-0.0001038	-0.0001035	-6.141E-5	-0.0001681	-0.0001555	-0.0001124	-0.0001672	-0.0002901	-0.0002178	-7.204E-5	-0.0001123	-8.408E-5	-0.0001798	5.689E-5	-2.476E-5	-0.0004265	-0.0001489
737.646	13556.64	-0.0003258	-0.0001888	-0.0003194	-0.0002401	1.944E-5	2.73E-5	-2.075E-5	-0.0001394	-7.516E-5	-0.0001639	-3.81E-5	-0.0001454	-0.0002139	-1.46E-5	-0.0001617	-0.0003162	-0.0001751	-0.0003716	-0.0002456	-0.0003348	-0.0002875	-0.0004497	-0.0004995	-0.0002527	-0.0003636	-0.0001011	-0.0003228	-0.0004334	-0.0003213	-0.0003068	-0.0003742
738.223	13546.05	-0.0001658	-0.0001118	9.834E-5	3.687E-5	1.148E-5	-0.0001619	-5.982E-5	7.136E-5	-3.366E-7	-0.0002592	6.633E-5	-0.0002591	1.772E-5	-0.0001965	-0.0003225	-7.746E-5	-0.0002814	-0.0004016	-0.000385	-0.0002293	-0.0001984	-0.0002092	-0.0004656	-0.0001961	-0.0003644	-0.000148	-0.000139	-0.0002359	-0.0002528	-0.0004874	-0.0001683
738.799	13535.47	-0.0001313	-1.728E-5	-0.0003172	-0.0001344	-0.0003356	-0.000164	-0.0003253	-8.425E-5	-0.0003052	-0.0002898	-0.0004751	-0.0003918	-9.736E-5	-0.0003267	-0.0003201	-0.0001904	-0.000253	-0.00037	-0.0004075	-0.0006072	-0.0004278	-0.0006284	-0.0006381	-0.0003086	-0.0003995	-0.0002887	-0.0005372	-0.000192	-0.000219	-0.0006154	-0.0005837
739.376	13524.92	-0.0004034	-9.107E-5	-8.119E-5	-9.883E-5	7.364E-5	-0.0001203	-5.869E-5	-0.0003311	-0.000291	-0.0003094	2.993E-6	-5.891E-5	-0.0003687	-7.643E-5	-0.0004218	-0.0001848	-0.0005709	-0.0003216	-0.0004005	-0.0004797	-0.0004137	-0.0004516	-0.0003068	-0.0003263	-0.0004682	-0.0002612	-0.0004092	-0.0001254	-0.0004379	-0.0006598	-0.0003733
739.953	13514.38	-0.0007571	-0.000171	-0.0002083	-0.0003447	-0.00032	-6.752E-5	-0.0003774	-0.0006216	-0.0003231	-0.0002655	-0.000324	-0.0004018	-0.000242	-0.0003722	-0.0005582	-0.0003546	-0.0005785	-0.0003213	-0.0007005	-0.0007088	-0.000432	-0.0006756	-0.0006629	-0.0004356	-0.0006142	-0.000275	-0.0005792	-0.0003641	-0.0004714	-0.0005673	-0.0005385
740.530	13503.85	-0.0006506	-0.0003431	-0.0004904	-0.0002666	-0.0004831	-0.0005381	-0.0003755	-0.0007667	-0.0003929	-0.0006583	-0.000532	-0.000633	-0.0006899	-0.0003709	-0.000782	-0.0007489	-0.0007108	-0.000794	-0.0009262	-0.0008013	-0.0007041	-0.0004852	-0.0007571	-0.0009292	-0.0006914	-0.000723	-0.0007561	-0.0007605	-0.0006578	-0.0008835	-0.0009295
741.106	13493.34	-0.0009416	-0.0004683	-0.0006827	-0.0004466	-0.0004379	-0.0008916	-0.0006418	-0.0007478	-0.0009187	-0.0006834	-0.0007321	-0.0007375	-0.000818	-0.0008234	-0.0008311	-0.0009927	-0.001055	-0.0008469	-0.001278	-0.0009171	-0.001009	-0.0007968	-0.001026	-0.0009476	-0.0008179	-0.0008479	-0.00101	-0.0009012	-0.001057	-0.001238	-0.001029
741.683	13482.85	-0.0004292	-0.0004457	-0.000261	-0.0004135	-0.0003765	-0.0005603	-7.163E-5	-0.0004435	-0.0003616	-0.0004504	-0.0004524	-0.0005717	-0.0005601	-0.0004247	-0.0007053	-0.0007843	-0.0005511	-0.0004668	-0.0007975	-0.0007089	-0.000711	-0.0007529	-0.0007884	-0.0006739	-0.0006923	-0.0007276	-0.0006939	-0.0007883	-0.0007131	-0.0009566	-0.0009337
742.260	13472.37	-0.0005422	-3.439E-5	-0.0002729	-0.0002254	-0.0003033	-0.0003085	-0.0004595	-0.0003485	-0.000517	-0.0004568	-0.0002815	-0.0003472	-0.0004817	-0.0006729	-0.0006258	-0.0004278	-0.0005157	-0.0004586	-0.0008414	-0.0006964	-0.0005022	-0.000492	-0.0007059	-0.0004632	-0.0005196	-0.0007059	-0.0006255	-0.0005536	-0.0007291	-0.000734	-0.0006494
742.836	13461.92	-0.0004804	-0.0003772	-0.0006054	-0.0003966	-0.0005913	-0.000663	-0.0003124	-0.000708	-0.0006065	-0.0005671	-0.0006743	-0.0007461	-0.0004948	-0.0006445	-0.0009905	-0.0007911	-0.0008827	-0.0009406	-0.0009549	-0.0008161	-0.0007956	-0.0009114	-0.0008714	-0.0009575	-0.0009045	-0.000993	-0.0008574	-0.0009122	-0.0009529	-0.0009772	-0.0008414
743.413	13451.47	-0.0002267	5.925E-5	-0.000403	-0.000131	-0.0002396	-0.000264	-7.705E-5	-0.0001789	-0.0003715	-0.0003267	-0.0001511	-0.0003722	-0.0003234	-0.000259	-0.0005374	-0.0003785	-0.0004861	-0.000447	-0.0005817	-0.0003359	-0.0002801	-0.0005835	-0.0007358	-0.0004558	-0.000617	-0.0005634	-0.0005235	-0.0006981	-0.0004442	-0.0006908	-0.000579
743.990	13441.05	-0.0004131	-0.0003606	-0.0002238	-0.0005675	-0.0003172	-0.0003586	-0.00017	-0.0003804	-0.0002891	-0.0004047	-0.0005634	-0.0005583	-0.0003919	-0.000533	-0.0006064	-0.0005942	-0.0003907	-0.0008447	-0.0003625	-0.0004116	-0.0003735	-0.0004714	-0.0008152	-0.000493	-0.0005981	-0.0007568	-0.0004356	-0.0007265	-0.0006287	-0.0006257	-0.0007156
744.566	13430.63	-0.0001836	-0.0001085	-0.0003159	-0.0002709	-0.0001236	-0.0002247	-0.0003487	-0.0005003	-0.0003825	-0.0001554	-0.0002277	-0.0002294	-0.0004835	-0.0001854	-0.0002412	-0.0003575	-0.0002186	-0.0002885	-0.0003436	-0.0004776	-0.0004069	-0.000507	-0.0004666	-0.0004998	-0.0002818	-0.0004987	-0.0002863	-0.0004838	-0.0004106	-0.0005727	-0.000488
745.143	13420.24	-0.0005273	-0.0004376	-0.0006005	-0.0004052	-0.0002821	-0.0006391	-0.0007319	-0.000629	-0.0004605	-0.0006979	-0.0005366	-0.000626	-0.000712	-0.0006126	-0.0006841	-0.000876	-0.0007259	-0.0006556	-0.0007214	-0.0004343	-0.0007372	-0.0009174	-0.0008208	-0.0006262	-0.000859	-0.0008647	-0.000723	-0.0007591	-0.0008591	-0.0007673	-0.0008066
745.720	13409.86	-0.0004938	-0.0004661	-0.000323	-0.0002155	-0.0003357	-0.0004771	-0.0002691	-0.0004343	-0.0004956	-0.0004268	-0.000277	-0.0004515	-0.0005059	-0.0004229	-0.0003913	-0.0006932	-0.0005362	-0.0004471	-0.0005206	-0.0004903	-0.0005473	-0.0006009	-0.0006714	-0.000517	-0.0004007	-0.0008233	-0.0005822	-0.0004624	-0.000721	-0.0004092	-0.0007107
746.297	13399.50	-0.0004848	-0.0002563	-0.0003935	-0.0003419	-0.0001778	-0.0002612	-0.0002586	-0.0003803	-0.000419	-0.0002941	-0.000325	-0.0005303	-0.0003146	-0.0004402	-0.0002859	-0.0004124	-0.0002614	-0.0004563	-0.0003915	-0.000262	-0.0006456	-0.0004662	-0.0007099	-0.0003467	-0.0002696	-0.0004997	-0.0006246	-0.0005291	-0.0005552	-0.0005845	-0.0006042
746.873	13389.15	-0.0006436	-0.000259	-0.0002088	-0.0001847	-0.0004177	-0.0004041	-0.0003968	-0.0004589	-0.0005568	-0.0003709	-0.0002788	-0.0002957	-0.0001335	-0.0004655	-0.0003674	-0.0002188	-0.0003819	-0.0006448	-0.0003657	-0.0005378	-0.000443	-0.0004542	-0.0005542	-0.0003025	-0.0003587	-0.0004312	-0.0001746	-0.0005113	-0.0003526	-0.0004388	-0.0006923
747.450	13378.82	-0.0003926	-0.0004448	-1.669E-5	-0.0003285	-0.0004086	-0.0003661	-0.000308	-0.000536	-0.0004297	-0.0004667	-0.0005314	-0.0003142	-0.0002513	-0.0003271	-0.0002736	-0.0003593	-0.0002446	-0.0003565	-0.0002567	-0.0003649	-0.0004598	-0.000431	-0.0004875	-0.0003414	-0.0004985	-0.000502	-0.0002812	-0.0002122	-0.0003715	-0.0006079	-0.0004245
748.027	13368.51	-0.0004647	-0.0003889	-0.0004835	-0.0002608	-0.0004442	-0.0003803	-0.0003487	-0.0003081	-0.0004045	-0.0004667	-0.0005725	-0.000571	-0.0002972	-0.0002921	-0.000428	-0.0003706	-0.0004305	-0.00033	-0.0005555	-0.0004331	-0.0003565	-0.0002975	-0.0005542	-0.0005185	-0.0005175	-0.0003592	-0.0003997	-0.0004586	-0.0004104	-0.0007282	-0.0005311
748.603	13358.21	-0.0004972	-0.0004332	-0.0004288	-0.0004279	-0.0004642	-0.0003676	-0.0003961	-0.000405	-0.0003245	-0.000601	-0.0005461	-0.0005794	-0.0004927	-0.0005167	-0.0005299	-0.0005129	-0.0004585	-0.0006093	-0.0005079	-0.0005197	-0.0003953	-0.0004105	-0.000761	-0.000768	-0.0006631	-0.0004578	-0.0005212	-0.0006086	-0.0006314	-0.0006136	-0.0004937
749.180	13347.92	-0.0006109	-0.000315	-0.0004376	-0.0003974	-0.0003688	-0.0001447	-0.0002073	-0.0003515	-0.0004368	-0.0003564	-0.0003787	-0.0005333	-0.0002535	-0.0003541	-0.0001606	-0.0003132	-0.0002842	-0.0004559	-0.0004211	-0.0003032	-0.0004437	-0.0003027	-0.0004834	-0.000359	-0.0004634	-0.0005421	-0.0005589	-0.0004006	-0.000481	-0.0005897	-0.0005866
749.757	13337.66	-0.0006652	-0.000385	-0.0004187	-0.0004865	-0.0002076	-0.0004213	-0.0003554	-0.0006448	-0.0004841	-0.0007181	-0.0004819	-0.0004608	-0.0009406	-0.0006724	-0.0005287	-0.0007286	-0.0003981	-0.0006113	-0.0006277	-0.0006968	-0.0003962	-0.0006277	-0.0007155	-0.0005292	-0.0006674	-0.0004886	-0.0006399	-0.0004909	-0.0007246	-0.0007798	-0.0006975
750.334	13327.41	-0.0002773	-0.0001911	-2.588E-5	-0.0002011	-0.0002612	-0.0003172	-0.0002672	-0.0002599	-0.0001734	-0.0003188	-0.0004137	-0.0004136	-0.0005688	-0.0003264	-0.0001987	-0.0004518	-0.0001668	-0.0004659	-0.0004643	-0.0005442	-0.0003575	-0.0002786	-0.0004603	-0.0004297	-0.000248	-0.0003538	-0.0003425	-0.0003948	-0.0002226	-0.0005738	-0.0005669
750.910	13317.17	-2.056E-5	0.000119	-3.877E-5	-5.821E-5	5.841E-6	7.861E-5	-0.0002553	-6.096E-5	7.04E-5	-5.945E-5	1.476E-5	-0.000183	-0.0001421	-0.0001009	-7.643E-5	-0.0002016	-9.871E-5	-0.0002966	-0.0001831	-0.0002483	8.521E-5	-0.0002034	-0.0002887	-0.0003187	-0.0001801	-0.0001176	-9.16E-5	-1.52E-5	-0.0001106	-0.0001805	-0.0003593
751.487	13306.95	-0.0004209	-0.0002751	-0.0004005	-0.0003639	-0.0003846	-0.0005423	-0.0005859	-0.0003718	-0.0003938	-0.0003917	-0.0004164	-0.0005683	-0.0005139	-0.000555	-0.0006489	-0.0005057	-0.0004046	-0.0006203	-0.0006122	-0.0004976	-0.0002538	-0.0006933	-0.0006286	-0.0004441	-0.0006132	-0.0005395	-0.0004478	-0.0004013	-0.000418	-0.0005343	-0.000716
752.064	13296.75	-0.0003069	-0.0002563	-0.0003808	-0.0003135	-9.154E-5	-0.0004806	-0.0004194	-0.0004933	-0.0003577	-0.0005955	-0.000632	-0.000501	-0.0003753	-0.0004431	-0.0005186	-0.0001636	-0.000576	-0.0004448	-0.0005452	-0.0005518	-0.0004043	-0.0005794	-0.0004298	-0.0004775	-0.0006755	-0.0006065	-0.0005272	-0.0004433	-0.0005371	-0.0006967	-0.000428
752.640	13286.56	-0.0007906	-0.0005826	-0.0006275	-0.0004621	-0.0005962	-0.0004978	-0.0006428	-0.0005745	-0.0005235	-0.0007426	-0.000877	-0.0006231	-0.0007697	-0.0007933	-0.000574	-0.0005051	-0.0006948	-0.0007234	-0.0008791	-0.0008725	-0.0005038	-0.0008672	-0.0007727	-0.0005892	-0.0006443	-0.0005217	-0.0006661	-0.0007074	-0.0006388	-0.000894	-0.0007678
753.217	13276.38	-0.001036	-0.0007848	-0.0007147	-0.0006561	-0.0006938	-0.0007481	-0.0006448	-0.0008794	-0.0007484	-0.0007445	-0.0009344	-0.0007366	-0.0009708	-0.0009315	-0.0008182	-0.0009513	-0.0008806	-0.0007877	-0.0007838	-0.0007208	-0.0008374	-0.0007995	-0.0008715	-0.0008804	-0.0008196	-0.0008023	-0.0008233	-0.0006949	-0.0008785	-0.0009157	-0.001159
753.794	13266.23	-0.0006711	-0.0004906	-0.0003515	-0.0004574	-0.0004341	-0.0001435	-0.0004255	-0.0004686	-0.0004618	-0.0004516	-0.0006774	-0.0005051	-0.0004722	-0.0004114	-0.0003918	-0.0007221	-0.0002902	-0.0005114	-0.0005704	-0.0005177	-0.0003854	-0.0006636	-0.0005331	-0.0004341	-0.0004018	-0.0004739	-0.0003469	-0.0003805	-0.0004211	-0.0006139	-0.000584
754.371	13256.09	-0.0007484	-0.000426	-0.0003418	-0.0006218	-0.0002472	-0.0003583	-0.0005262	-0.0003824	-0.000444	-0.0004696	-0.0004125	-0.0004499	-0.0004372	-0.0003852	-0.0003532	-0.0006076	-0.0003068	-0.0004667	-0.000623	-0.0005333	-0.0003691	-0.0006875	-0.0005991	-0.0003156	-0.0003884	-0.0004725	-0.0005155	-0.0005494	-0.0005122	-0.0004529	-0.0005637
754.947	13245.96	-0.0004992	-0.0002592	-6.879E-5	-0.0001808	-8.706E-5	-0.0001832	-0.000341	-0.0004476	-0.0001242	-0.000185	-0.0003121	-0.0001401	-0.00027	-0.0003416	-0.0003712	-0.0003006	-0.0002544	-0.0003276	-0.0003272	-0.0004893	-0.0003575	-0.0003104	-0.0004251	-0.0002798	-0.0002899	-0.000363	-0.0005238	-0.0004788	-0.0003033	-0.0005473	-0.000343
755.524	13235.85	-0.0006931	-0.0003423	-0.0003432	-0.000297	-0.0005153	-0.0005034	-0.0003975	-0.0005816	-0.0002667	-0.0002963	-0.000588	-0.0005061	-0.0004485	-0.0005956	-0.0002221	-0.0003441	-0.0003838	-0.0004528	-0.0007256	-0.0005613	-0.0005034	-0.0002286	-0.0007022	-0.0005582	-0.0003628	-0.000547	-0.0005003	-0.0005449	-0.0004457	-0.0004724	-0.000563
756.101	13225.75	-0.0006364	-0.0002749	-0.000399	-0.0004007	-0.000375	-0.0004483	-0.0004215	-0.0004972	-0.0004528	-0.0004059	-0.0006263	-0.0005569	-0.0004994	-0.0004851	-0.0004663	-0.0003783	-0.0005022	-0.0005024	-0.0005251	-0.0006657	-0.0005084	-0.0004637	-0.0005938	-0.0005315	-0.0005808	-0.0006272	-0.0005626	-0.0004921	-0.0005549	-0.0005854	-0.0006129
756.677	13215.67	-0.0009319	-0.0004412	-0.0004482	-0.0005566	-0.0004606	-0.0005777	-0.000718	-0.0007891	-0.000693	-0.0007088	-0.000762	-0.000525	-0.0007517	-0.0007259	-0.0007249	-0.000538	-0.0007221	-0.0007263	-0.0006534	-0.0007138	-0.0006248	-0.0008821	-0.0006755	-0.0007233	-0.000494	-0.0008147	-0.0006846	-0.0006229	-0.0007754	-0.0008115	-0.0009005
757.254	13205.61	-0.001101	-0.0008115	-0.0006939	-0.0008227	-0.0006327	-0.0007715	-0.0008847	-0.0009297	-0.0007109	-0.0009463	-0.0007819	-0.0006997	-0.0007272	-0.0009284	-0.0009766	-0.0008065	-0.0007373	-0.001061	-0.001068	-0.001049	-0.0008418	-0.001015	-0.0009765	-0.0008043	-0.0008337	-0.0009909	-0.000979	-0.0006585	-0.001054	-0.0009348	-0.0009276
757.831	13195.56	-0.0008391	-0.0007804	-0.0006067	-0.0005448	-0.0006991	-0.0008272	-0.0006232	-0.0007437	-0.0005266	-0.0006155	-0.0007117	-0.0007883	-0.0007452	-0.0008524	-0.0008874	-0.000768	-0.0007622	-0.0007118	-0.0009183	-0.0007043	-0.000834	-0.0008169	-0.0007627	-0.0006801	-0.0007426	-0.000907	-0.0008724	-0.0006217	-0.001	-0.0008073	-0.0009836
758.407	13185.52	-0.0008149	-0.0008823	-0.0007381	-0.0007003	-0.0005382	-0.0008843	-0.0009351	-0.0008152	-0.0007428	-0.0006824	-0.0008401	-0.0007289	-0.0007927	-0.000941	-0.0007634	-0.0009103	-0.0008057	-0.0008836	-0.0007705	-0.0009564	-0.0007442	-0.000725	-0.0009808	-0.0009465	-0.0007658	-0.0008394	-0.0008099	-0.0006481	-0.0008996	-0.0009341	-0.001092
758.984	13175.50	-0.0008477	-0.0007343	-0.0007278	-0.0006753	-0.0006912	-0.0007923	-0.0008142	-0.0008974	-0.0008477	-0.0007725	-0.0009499	-0.0007565	-0.0008466	-0.0008269	-0.0007956	-0.0009226	-0.0009556	-0.001049	-0.0008538	-0.000842	-0.0009295	-0.0008839	-0.001029	-0.001011	-0.0007532	-0.0008495	-0.0009782	-0.0007416	-0.0009429	-0.0008649	-0.001049
759.561	13165.50	-0.0005049	-0.0002876	-0.0003841	-0.0004473	-0.0003139	-0.0005317	-0.0005344	-0.000532	-0.0005051	-0.0004713	-0.0004909	-0.0003848	-0.0006073	-0.0003449	-0.000486	-0.0005152	-0.0005955	-0.0005684	-0.0005313	-0.0005984	-0.0005038	-0.0006629	-0.0007588	-0.0005958	-0.0004169	-0.0005685	-0.0008038	-0.0005735	-0.0007292	-0.0005425	-0.000564
760.138	13155.51	-0.0001101	-0.0002163	-0.0002755	-0.000344	-0.0002853	-0.0003943	-0.0004116	-0.0004312	-0.000507	-0.0003573	-0.0003399	-0.0004128	-0.0004862	-0.0003123	-0.000437	-0.0004592	-0.0004266	-0.0004257	-0.0005025	-0.0004414	-0.0006523	-0.0005025	-0.0006881	-0.0005539	-0.0005107	-0.0005472	-0.0004758	-0.0005513	-0.0006507	-0.0005373	-0.0005474
760.714	13145.54	-0.000273	-0.000204	-0.0002749	-0.0004608	-0.0002305	-0.0005288	-0.0001878	-0.0004832	-0.0004534	-0.0005706	-0.0003667	-0.0005011	-0.0005731	-0.0006076	-0.0005798	-0.0004713	-0.0004686	-0.0004175	-0.0005919	-0.0006018	-0.0006117	-0.0005714	-0.0005198	-0.0006328	-0.0005363	-0.0006788	-0.0004719	-0.0005781	-0.0005801	-0.0006211	-0.0007043
761.291	13135.58	-0.0003815	-0.0002403	-0.0002594	-0.0003877	-0.0001531	-0.0003408	-0.0003802	-0.0004432	-0.0004281	-0.0006152	-0.000394	-0.0004506	-0.0005324	-0.0005983	-0.0006569	-0.0004274	-0.0005457	-0.000593	-0.000676	-0.0006293	-0.0007318	-0.000669	-0.0006571	-0.0007195	-0.0006414	-0.0006245	-0.0005617	-0.000609	-0.0004604	-0.0008476	-0.0009499
761.868	13125.64	-0.0005483	-0.0001368	-0.0004294	-0.0004685	-0.0002944	-0.0003852	-0.0003225	-0.0002983	-0.0002315	-0.0004407	-0.0003797	-0.000442	-0.0005445	-0.000398	-0.0005914	-0.0006312	-0.0006214	-0.0005718	-0.0007367	-0.0007221	-0.0005636	-0.0006704	-0.0006064	-0.0005008	-0.0005984	-0.0006674	-0.0006578	-0.0006381	-0.0005631	-0.0008925	-0.0007844
762.444	13115.71	-0.0001769	-0.0001577	-0.0002245	-0.0003209	-0.0001965	-0.0002657	-0.0002654	-0.0001378	-0.0001261	-0.0003615	-0.0002899	-0.0004317	-0.0004296	-0.0001274	-0.0004599	-0.0004007	-0.0003453	-0.0003402	-0.0005807	-0.0004368	-0.0003798	-0.0005087	-0.0003071	-0.0004379	-0.0003208	-0.0004623	-0.0005811	-0.0003441	-0.0004259	-0.0005092	-0.0003663
763.021	13105.80	-0.0003707	-0.0001545	-0.0003974	-0.000481	-0.0005373	-0.0004456	-0.0004467	-0.0004012	-0.0003334	-0.0004792	-0.0004367	-0.0004338	-0.0005539	-0.0004172	-0.0004235	-0.000494	-0.0006011	-0.0006086	-0.0006244	-0.0004418	-0.0005867	-0.0005719	-0.0004539	-0.000501	-0.0003466	-0.000485	-0.0005373	-0.0004622	-0.0005603	-0.0005528	-0.0005108
763.598	13095.90	-0.0005389	-0.000287	-0.0003039	-0.0004014	-0.0004136	-0.0004995	-0.0002511	-0.0004686	-0.0004981	-0.00035	-0.0003982	-0.000314	-0.0004277	-0.0004094	-0.0004022	-0.000407	-0.0003709	-0.0005641	-0.0004557	-0.0003913	-0.0003668	-0.0004684	-0.0005154	-0.0003786	-0.0004429	-0.0005205	-0.0006201	-0.0004948	-0.0004609	-0.000357	-0.0005238
764.175	13086.01	-0.0003195	-0.0001977	-0.0001971	-0.0004171	-0.0001465	-0.0004091	-0.0002569	-0.0003621	-0.0004183	-0.0004564	-0.0003578	-0.0002751	-0.0002083	-0.000278	-0.0004858	-0.0002978	-0.0001413	-0.0003755	-0.0004361	-0.0003737	-0.000275	-0.0003272	-0.0003565	-0.0001766	-0.0002796	-0.0003286	-0.000455	-0.0002961	-0.0003992	-0.0001886	-0.0004771
764.751	13076.15	-0.0003716	-0.0002678	-0.0003661	-0.0005193	-0.0004007	-0.0003368	-0.0003198	-0.0003804	-0.0003133	-0.0006106	-0.0003644	-0.0003318	-0.0002545	-0.0003865	-0.0003513	-0.0004376	-0.0002758	-0.0003165	-0.0003598	-0.0003236	-0.0003558	-0.0004684	-0.0005362	-0.0002333	-0.0003079	-0.0002938	-0.0003128	-0.0004319	-0.0003941	-0.0004098	-0.0003524
765.328	13066.29	-0.0004342	-0.0003291	-0.0003131	-0.0005194	-0.0004652	-0.0004907	-0.0004111	-0.00061	-0.0003471	-0.0005688	-0.0005742	-0.0003777	-0.0004739	-0.0005008	-0.000402	-0.000598	-0.0004659	-0.0005589	-0.0004811	-0.0004632	-0.000395	-0.000583	-0.0005392	-0.0004567	-0.0005267	-0.000461	-0.0004746	-0.0006455	-0.0005603	-0.0005648	-0.0004111
765.905	13056.45	-0.0001405	-0.000148	-0.000279	-0.0004178	-0.0001451	-0.0002748	-0.0003456	-0.0003976	-0.0002325	-0.0003187	-0.0004764	-0.0001336	-0.0002839	-0.0004483	-0.0005153	-0.0003361	-0.000343	-0.0001282	-0.0004014	-0.0003102	-0.0001745	-0.0004371	-0.0003826	-0.0002111	-0.0003245	-0.0004632	-0.0004687	-0.0005403	-0.0003687	-0.0004373	-0.000252
766.481	13046.63	6.268E-5	-6.957E-5	-8.374E-5	-8.131E-5	-6.435E-5	-5.203E-5	-5.936E-5	-0.0001772	6.388E-5	-0.0001971	-0.000227	5.038E-5	-1.857E-5	-0.000279	-0.0003304	-7.861E-5	-0.0001775	-0.0001647	-0.0001272	1.536E-5	-7.364E-5	-0.0001881	-0.0001133	6.292E-6	-7.255E-6	-0.0001694	-0.0002955	-0.0001857	-0.000142	-0.0001596	0.0001244
767.058	13036.82	-0.0001831	-0.0001196	-0.0001622	-4.988E-5	-5.063E-5	-0.0002544	-0.0001077	-0.0001792	6.389E-5	-0.0001343	-0.000289	-0.0002132	-0.0001729	-0.000399	-0.0002347	-0.0001068	-0.0002781	-0.0003369	-0.0002066	1.035E-5	-0.0001772	-0.000159	-0.0002921	-8.707E-5	-0.0001524	-0.0001035	-0.0003428	-0.0002875	-0.0002623	-0.0001399	6.075E-6
767.635	13027.03	-0.0002938	-0.0001916	-7.83E-5	-0.0002457	-9.327E-5	-0.0002608	-0.0001711	-0.0003493	-0.0001533	-0.0003283	-0.0003045	-0.0004056	-0.0003099	-0.0003901	-0.0004104	-0.0004668	-0.0002996	-0.0003188	-0.0003521	-0.0001103	-0.0003091	-0.00036	-0.0006506	-0.0001826	-0.0005003	-0.0003988	-0.000363	-0.0004213	-0.0003606	-0.0004294	-0.0002906
768.212	13017.25	-0.0004027	-0.0003618	-0.0001348	-0.0004477	-0.0003773	-0.0003862	-0.0003707	-0.0005676	-0.0005976	-0.0007017	-0.00039	-0.0005495	-0.0005053	-0.0005401	-0.0006434	-0.0006601	-0.0003756	-0.0006017	-0.0004662	-0.0004394	-0.0005459	-0.0006729	-0.0007982	-0.0005536	-0.0006952	-0.0006685	-0.0005753	-0.0006741	-0.0006145	-0.0007915	-0.0006325
768.788	13007.48	-0.0005859	-0.0002881	-0.0002885	-0.0003781	-0.000516	-0.0005485	-0.0004161	-0.0005299	-0.0005452	-0.0006225	-0.0004904	-0.0004621	-0.0005805	-0.000524	-0.0005976	-0.0006965	-0.0004283	-0.0005805	-0.0004951	-0.0005201	-0.0006346	-0.0006793	-0.0007446	-0.0006878	-0.0007425	-0.0006252	-0.0004637	-0.0006465	-0.0008457	-0.0007438	-0.0006822
769.365	12997.73	-0.000512	-2.132E-5	-0.0001267	-0.0002031	-0.0002686	-0.0004225	-0.0002508	-0.0002614	-0.0002513	-0.0002728	-0.0003492	-0.0003345	-0.0003431	-0.0002155	-0.0003527	-0.000435	-6.811E-5	-0.0003292	-0.0002801	-0.0003984	-0.0005279	-0.0002945	-0.0004601	-0.0004492	-0.0005274	-0.0003502	-0.0001506	-0.0003528	-0.0005057	-0.0004986	-0.0004327
769.942	12988.00	-0.0003839	-0.0002395	-7.872E-5	-0.0001084	-0.0003077	-0.0002701	-0.0002443	-0.0004129	-0.0002419	-0.0002694	-0.0003824	-0.0002552	-0.0003331	-0.0003031	-0.0003401	-0.0003153	-0.0002164	-0.0003751	-0.0003454	-0.0003095	-0.0004112	-0.0003636	-0.0003217	-0.0004044	-0.0003088	-0.0004009	-0.0004459	-0.0003119	-0.0004361	-0.0003884	-0.0003966
770.518	12978.28	-0.0002563	-0.000228	-6.874E-5	-0.0001324	-0.0003157	-0.0002866	-0.0002707	-0.0003001	-0.0001614	-0.0002618	-0.0003145	-0.0001189	-0.0002858	-0.0002569	-0.0001366	-0.0003451	-0.0004023	-0.0002425	-0.0003778	-0.0001613	-0.0002995	-0.0003739	-0.0002568	-0.000257	-0.0002353	-0.0003317	-0.0003268	-0.0002547	-0.000437	-0.0003734	-0.0002997
771.095	12968.57	-0.0003529	-0.0003878	-0.0002914	-0.0003905	-0.0004394	-0.0003602	-0.0003868	-0.0002197	-0.0003685	-0.0004049	-0.0004698	-0.0002816	-0.0002765	-0.000352	-0.0003184	-0.0005829	-0.0004703	-0.0004064	-0.0004417	-0.0003453	-0.0005459	-0.000477	-0.0004236	-0.0002437	-0.0003984	-0.0003821	-0.0003751	-0.0003247	-0.0005298	-0.0004199	-0.0004862
771.672	12958.88	-0.0003209	-0.0003104	-0.0004516	-0.0004128	-0.0004132	-0.0001859	-0.000302	-0.0002608	-0.0003834	-0.0003733	-0.0004656	-0.0004116	-0.0003194	-0.0004878	-0.0004761	-0.0005355	-0.0004836	-0.0005155	-0.0006354	-0.0004501	-0.0004374	-0.0005868	-0.0004642	-0.0003761	-0.0003708	-0.0003949	-0.0004621	-0.0003769	-0.00056	-0.0003886	-0.0005509
772.249	12949.20	-0.0003997	-0.0003399	-0.0006038	-0.0005083	-0.0005004	-0.0003028	-0.0004091	-0.0005518	-0.0004415	-0.0003289	-0.0003508	-0.0006899	-0.0004783	-0.0004797	-0.0005447	-0.0005428	-0.0005271	-0.000519	-0.0006869	-0.0005512	-0.0002919	-0.0005671	-0.0005137	-0.0005298	-0.0004383	-0.0004396	-0.0005933	-0.0004824	-0.0006833	-0.0006262	-0.0006352
772.825	12939.54	-0.0004416	-0.0003749	-0.0005368	-0.0004031	-0.0004282	-0.0003705	-0.0003531	-0.0004791	-0.0003629	-0.0002544	-0.000296	-0.0007391	-0.0003867	-0.0003246	-0.0005378	-0.0005822	-0.0005006	-0.0004818	-0.000529	-0.0005874	-0.0004654	-0.0003972	-0.0004922	-0.0004198	-0.000383	-0.0006669	-0.0004495	-0.0004731	-0.0006751	-0.0006041	-0.0005173
773.402	12929.89	-0.0002028	-0.0002304	-0.0003105	-0.0002288	-0.0001947	-0.0001853	-0.0001729	-0.0003035	-0.0002022	-0.0001002	-9.683E-5	-0.0003277	-0.0002764	-0.0001854	-0.0002067	-0.0004154	-0.0004816	-0.0002373	-0.0004982	-0.0004127	-0.000422	-0.0002125	-0.0002435	-0.0002139	-0.0003419	-0.0006247	-0.0003464	-0.0003279	-0.0004729	-0.0004088	-0.0002625
773.979	12920.25	-0.0001186	-5.518E-5	-0.0002278	-0.0001596	-0.0002135	-0.0002185	-0.0001727	-0.0004056	-0.0002729	-0.0003012	-0.000174	-0.0003022	-0.000251	-0.0002046	-0.0002084	-0.0003389	-0.0004203	-0.0002781	-0.000441	-0.0002892	-0.0003387	-0.0003302	-0.0002402	-0.0002676	-0.0003954	-0.0003702	-0.000507	-0.0003349	-0.000363	-0.0003929	-0.0002384
774.555	12910.63	-4.49E-5	4.092E-6	-0.0002419	-0.0001266	-4.079E-5	-0.000127	-8.671E-5	-0.0003141	-9.235E-5	-0.0002418	-0.0001574	-0.0002578	-0.0002598	-0.0001683	-0.0002245	-0.0001167	-0.0001351	-0.0002318	-0.0002436	-0.0001709	-0.0002368	-0.0002477	-0.0001742	-0.0001277	-0.0002712	-0.0001872	-0.0003344	-0.0002385	-0.0002138	-0.0002015	-0.0001321
775.132	12901.03	-0.0002028	-0.0002014	-0.0003295	-0.0002434	6.163E-5	-0.0001208	-0.0001451	-0.00022	-5.633E-5	-0.000295	-0.0001534	-0.0002281	-0.0003385	-0.0002526	-0.000179	-0.0001559	-0.0002078	-0.000258	-0.0003502	-0.0002048	-0.0001109	-0.0002724	-0.0002343	-7.356E-5	-0.0001958	-0.0003121	-0.0002903	-0.0001702	-0.0001524	-0.0002701	-0.0001829
775.709	12891.44	-0.0002513	-0.0001757	-0.0002384	-0.0002494	-2.676E-6	-0.0001439	-0.0002235	-0.0001592	-5.53E-5	-0.000416	-0.0001783	-0.0001882	-0.0002576	-0.0002638	-0.0001699	-0.0001065	-0.0001718	-0.0002111	-0.0003317	-0.0002144	-0.0002484	-0.0002901	-0.0001285	-0.0001766	-0.0003532	-0.0002958	-0.0002104	-0.0003591	-0.0002144	-0.0003542	-0.0002029
776.285	12881.86	-0.0002015	-0.0001339	-0.0002784	-0.0002245	-0.000185	-0.0001695	-0.0001003	-0.0002449	-5.158E-6	-0.0004107	-0.0002185	-0.0001008	-0.00036	-0.0003	-0.000319	-0.000249	-0.0002387	-0.0002155	-0.0003399	-0.0003797	-0.0003712	-0.0002184	-9.632E-5	-0.0003137	-0.0004344	-0.000339	-0.0002024	-0.0004714	-0.0002101	-0.0002459	-0.0001878
776.862	12872.30	-0.0002268	-0.0001831	-0.0001654	-4.591E-5	-2.052E-5	4.587E-5	-6.384E-6	-0.0001194	0.000236	-2.675E-5	-0.000171	-0.0001497	-0.0001926	-0.0002514	-0.0002997	-3.269E-5	-0.0001448	-3.96E-5	-0.0001838	-5.138E-5	-0.0001402	-0.0001544	-0.0002058	-8.826E-5	-0.0001396	-0.0002665	3.278E-5	-0.0001484	-4.268E-5	-5.29E-5	-0.0001009
777.439	12862.75	-0.0003821	-0.0003341	-4.801E-5	-0.0002932	-0.0003049	-0.000113	-3.025E-5	-0.0003346	-1.774E-5	-0.0001294	-0.000163	-0.0002688	-0.0003534	-0.000344	-0.0002952	-0.0001956	-0.0001517	-0.0001334	-0.0003802	-0.0001029	-0.0003886	-0.0003316	-0.0004957	-5.269E-5	-0.0003314	-0.0003835	-0.0001982	-0.000241	-0.0002412	-0.000244	-0.0004236
778.016	12853.21	-0.0006078	-0.0002274	-0.0001341	-0.000125	-0.000279	-0.0001183	-0.0001494	-0.0002859	-0.0002982	-0.0002013	-0.0001295	-0.0002363	-0.0004474	-0.0002996	-0.0003784	-0.0002303	-0.0002717	-0.000303	-0.0004828	-0.0003144	-0.0005713	-0.0003012	-0.0004835	-0.0003996	-0.0004789	-0.0005369	-0.0003737	-0.0003088	-0.0003554	-0.0004032	-0.0006217
778.592	12843.69	-0.000562	-0.000335	-0.0001648	-0.0001109	-0.000208	-0.0002104	-0.0002575	-0.0001773	-0.0004461	-0.0003062	-0.0002048	-0.0004098	-0.0004186	-0.0003808	-0.0003811	-0.0003724	-0.0003986	-0.0004664	-0.0006412	-0.000591	-0.0005974	-0.0004319	-0.0004991	-0.00042	-0.0005632	-0.0007596	-0.0005073	-0.0002311	-0.0004615	-0.0006109	-0.0005936
779.169	12834.19	-0.0003207	-0.0001122	-0.0002093	-0.0001906	-0.0002196	-0.0002401	-0.0002313	-0.0002497	-0.0003199	-0.0003196	-0.000293	-0.0004097	-0.0002655	-7.097E-5	-0.0002406	-0.000323	-0.0002041	-0.0003511	-0.0005054	-0.0005236	-0.0004429	-0.0003494	-0.0004006	-0.0003156	-0.0004474	-0.0004394	-0.000379	-0.0002864	-0.0005278	-0.0005714	-0.0004251
779.746	12824.69	-0.000345	-0.0002659	-0.0003421	-0.0004355	-0.0005031	-0.000312	-0.0003917	-0.0004668	-0.0003997	-0.0003893	-0.0006239	-0.0004258	-0.000292	-0.0004324	-0.000464	-0.0002048	-0.0003365	-0.0005816	-0.0008422	-0.0005447	-0.0006647	-0.0005677	-0.0004841	-0.0005783	-0.0006162	-0.0004524	-0.0006471	-0.0006753	-0.0005759	-0.0004791	-0.000777
780.322	12815.22	-0.0004127	-0.0004755	-0.0002992	-0.0007456	-0.0004476	-0.0005614	-0.0005376	-0.0006498	-0.0005819	-0.0006324	-0.0006884	-0.000717	-0.0003986	-0.0007054	-0.000568	-0.0005416	-0.0006774	-0.0007272	-0.0008615	-0.0007734	-0.0006274	-0.000946	-0.0006592	-0.0008199	-0.0008628	-0.0007652	-0.000854	-0.0007947	-0.0007753	-0.000694	-0.0009963
780.899	12805.75	-0.0005994	-0.0006254	-0.0004981	-0.0007804	-0.0005232	-0.000475	-0.0005379	-0.0006717	-0.0004835	-0.0007254	-0.0004995	-0.0006122	-0.0005289	-0.0007464	-0.0006265	-0.000636	-0.0006791	-0.0006567	-0.0007557	-0.0007329	-0.0007051	-0.0008321	-0.0007233	-0.0007864	-0.00078	-0.0008032	-0.0008476	-0.00081	-0.000963	-0.0008801	-0.0008938
781.476	12796.30	-0.0006776	-0.0005509	-0.0006868	-0.0005874	-0.0005325	-0.0004648	-0.0004321	-0.0007443	-0.0006681	-0.000668	-0.000672	-0.0005955	-0.0006825	-0.0005859	-0.0005926	-0.0007062	-0.0004979	-0.0006467	-0.0007545	-0.000888	-0.0007841	-0.0008202	-0.0009571	-0.0007775	-0.0007242	-0.0008167	-0.0009354	-0.0007818	-0.0009233	-0.0007766	-0.0007602
782.053	12786.86	-0.0006525	-0.0005838	-0.0006369	-0.0003939	-0.0005117	-0.0003661	-0.000621	-0.0007375	-0.0005904	-0.0006021	-0.0007323	-0.0007887	-0.0005737	-0.000592	-0.0006372	-0.0006962	-0.0004413	-0.0007373	-0.0005822	-0.0008694	-0.0006635	-0.0008663	-0.0009463	-0.0007035	-0.0007989	-0.0008592	-0.0008064	-0.0007292	-0.0008452	-0.000767	-0.0008986
782.629	12777.44	-0.0006962	-0.0004923	-0.000387	-0.0005586	-0.0003917	-0.0005779	-0.0006852	-0.0007621	-0.0005695	-0.0006544	-0.0007929	-0.0006211	-0.0006534	-0.0006012	-0.0006364	-0.0007082	-0.0003869	-0.000718	-0.0006649	-0.0008409	-0.0008153	-0.0007494	-0.0008785	-0.0005307	-0.0008272	-0.001016	-0.0005444	-0.0008066	-0.0006755	-0.0009464	-0.0009839
783.206	12768.03	-0.0004057	-0.000545	-0.0004548	-0.0004582	-7.254E-5	-0.0003869	-0.0002324	-0.0004666	-0.0004583	-0.0006296	-0.000452	-0.0003277	-0.0003491	-0.0005542	-0.0006359	-0.0006057	-0.0002914	-0.0006423	-0.0008076	-0.0005881	-0.000755	-0.0005872	-0.000679	-0.000516	-0.0006922	-0.0008397	-0.0006736	-0.0006156	-0.0006076	-0.0007006	-0.0008396
783.783	12758.64	-0.0003706	-0.0005178	-0.0003788	-0.0002056	-0.000126	-0.000135	-0.0002351	-0.0005187	-0.0005278	-0.0006166	-0.0005547	-0.0003286	-0.0003108	-0.0005108	-0.0004901	-0.000464	-0.0004725	-0.0005145	-0.0005992	-0.0005037	-0.0005382	-0.0006741	-0.0005707	-0.0005924	-0.0006491	-0.000633	-0.0007297	-0.0006924	-0.0004737	-0.0005942	-0.0005711
784.359	12749.26	-0.0007379	-0.0006025	-0.0004823	-0.000291	-0.0004892	-0.0006419	-0.0006664	-0.0007862	-0.0007104	-0.0005652	-0.0009515	-0.0007144	-0.0006793	-0.0007662	-0.0006078	-0.0008215	-0.000738	-0.0007126	-0.0008112	-0.0008999	-0.0007748	-0.0006934	-0.0007015	-0.0007815	-0.0008553	-0.001031	-0.0009399	-0.0008849	-0.0008061	-0.0009486	-0.0008685
784.936	12739.89	-0.0007872	-0.0006839	-0.0008432	-0.0007599	-0.0006641	-0.0004563	-0.000663	-0.0007342	-0.000874	-0.0006983	-0.0006814	-0.0007422	-0.0007921	-0.0008642	-0.0007693	-0.0009674	-0.0007541	-0.0006881	-0.0009511	-0.001048	-0.001152	-0.001046	-0.0008472	-0.0009063	-0.001003	-0.001019	-0.001087	-0.001119	-0.0009339	-0.0009485	-0.001264
785.513	12730.54	-0.0008511	-0.0009212	-0.0007877	-0.0008125	-0.0008223	-0.0007339	-0.0008715	-0.0009266	-0.0006582	-0.0008952	-0.0009322	-0.0009379	-0.0009447	-0.0009642	-0.0009996	-0.001138	-0.0008894	-0.0009701	-0.001002	-0.001128	-0.001008	-0.001297	-0.001049	-0.001049	-0.001208	-0.001071	-0.001112	-0.001136	-0.001233	-0.0009871	-0.00131
786.090	12721.20	-0.0009198	-0.0007794	-0.0007392	-0.00077	-0.0006502	-0.0008184	-0.0006707	-0.0008807	-0.0007841	-0.0008591	-0.0009226	-0.0009645	-0.0009987	-0.000887	-0.001034	-0.0008981	-0.0006758	-0.00115	-0.0009598	-0.0009559	-0.0008308	-0.00103	-0.0008989	-0.001063	-0.001012	-0.0008564	-0.0009977	-0.0008652	-0.001127	-0.001103	-0.001171
786.666	12711.87	-0.0005602	-0.0005435	-0.0006593	-0.0004487	-0.0002664	-0.000571	-0.0005083	-0.0006157	-0.0006066	-0.0008732	-0.0005119	-0.0005881	-0.0004789	-0.0006509	-0.000709	-0.0005528	-0.0005711	-0.0009802	-0.000811	-0.0007358	-0.0007547	-0.0006735	-0.0007562	-0.000671	-0.0008383	-0.0008547	-0.0007494	-0.0008014	-0.0009048	-0.000978	-0.0009191
787.243	12702.56	-3.046E-5	-0.0003076	-0.0001645	-0.0002045	-8.959E-5	-0.0002823	-0.0004103	-0.0005564	-0.0002788	-0.0004856	-0.000436	-0.0004155	-0.0004089	-0.0003378	-0.0004958	-0.0003089	-0.0002204	-0.0005252	-0.0004288	-0.0005968	-0.0004583	-0.0005518	-0.0005312	-0.000679	-0.0006118	-0.0004494	-0.0005382	-0.0006156	-0.0005594	-0.0002146	-0.0004206
787.820	12693.26	-0.0004177	-0.0001979	-0.0003487	-0.000428	-0.0003354	-0.0003481	-0.0003906	-0.0006452	-0.0003386	-0.0005884	-0.0003512	-0.0005703	-0.0007235	-0.000568	-0.0007105	-0.0006286	-0.0005076	-0.0005655	-0.0007267	-0.0006309	-0.0004777	-0.0004788	-0.0007014	-0.0007513	-0.0006728	-0.0008063	-0.0005638	-0.0005807	-0.0005927	-0.0006487	-0.000851
788.396	12683.98	-0.0005292	-0.0004323	-0.0003168	-0.0003141	-0.0004135	-0.0004312	-0.0003962	-0.0004321	-0.0005015	-0.0005886	-0.0005227	-0.000497	-0.0005982	-0.0006321	-0.0007464	-0.0003266	-0.000483	-0.0007677	-0.0005092	-0.0006835	-0.0005273	-0.0007366	-0.0006923	-0.000762	-0.0006705	-0.0007837	-0.000789	-0.0004761	-0.0006175	-0.0006377	-0.001009
788.973	12674.70	-0.000679	-0.0005166	-0.0004436	-0.0005002	-0.0004946	-0.000417	-0.0005388	-0.0005487	-0.0004308	-0.0006788	-0.0008759	-0.0005143	-0.0007325	-0.0007575	-0.0006713	-0.0006704	-0.0007733	-0.0006084	-0.000848	-0.0009467	-0.0005734	-0.0009581	-0.0007566	-0.0007589	-0.0006591	-0.0008436	-0.0008745	-0.001001	-0.0006053	-0.0009305	-0.0009527
789.550	12665.45	-0.0006354	-0.000615	-0.0008474	-0.0005814	-0.00057	-0.0009891	-0.0004648	-0.0006166	-0.0005906	-0.0009279	-0.0006155	-0.0006391	-0.0006469	-0.0006093	-0.0009073	-0.0007899	-0.0006799	-0.001005	-0.0009592	-0.001021	-0.0007007	-0.0009257	-0.0008348	-0.0007875	-0.0005671	-0.000954	-0.0009277	-0.001002	-0.0008727	-0.0009649	-0.0008755
790.126	12656.20	-0.0007901	-0.000846	-0.0009474	-0.0008005	-0.0007676	-0.0008479	-0.0008436	-0.0006894	-0.0009839	-0.001262	-0.001061	-0.001013	-0.0007279	-0.0006775	-0.001236	-0.0009449	-0.001023	-0.001024	-0.001208	-0.00115	-0.001182	-0.0009863	-0.001012	-0.001223	-0.001059	-0.001009	-0.00107	-0.0009384	-0.001317	-0.001132	-0.001253
790.703	12646.97	-0.0006218	-0.000825	-0.0007209	-0.0007259	-0.0006958	-0.0009345	-0.0005812	-0.0009212	-0.0007035	-0.0008845	-0.0006728	-0.0008298	-0.0007488	-0.000796	-0.0007915	-0.001124	-0.0008841	-0.001053	-0.001141	-0.000804	-0.001046	-0.0007786	-0.000988	-0.001039	-0.00102	-0.001071	-0.001214	-0.001139	-0.0008135	-0.001102	-0.001047
791.280	12637.75	-0.0006957	-0.00102	-0.0009173	-0.0007061	-0.0009799	-0.0007704	-0.0009139	-0.0009955	-0.0008066	-0.000947	-0.0008466	-0.0008895	-0.0007957	-0.0009413	-0.001197	-0.0009398	-0.001051	-0.001004	-0.000999	-0.0009983	-0.001145	-0.001221	-0.001181	-0.001049	-0.001214	-0.001248	-0.0009934	-0.001084	-0.0009856	-0.001276	-0.001361
791.857	12628.55	-0.0007368	-0.0007009	-0.0008451	-0.001073	-0.0007895	-0.0005951	-0.0007521	-0.001002	-0.0008244	-0.001068	-0.001056	-0.0008162	-0.0009598	-0.00106	-0.0009819	-0.0009826	-0.0009217	-0.000953	-0.001167	-0.001011	-0.001054	-0.001205	-0.001165	-0.001076	-0.001144	-0.0009592	-0.0008457	-0.001026	-0.001046	-0.0009098	-0.001155
792.433	12619.36	-0.0005353	-0.000545	-0.0006784	-0.0007432	-0.000846	-0.0007849	-0.0004509	-0.0008423	-0.000656	-0.0005833	-0.0009908	-0.0007823	-0.0009886	-0.0009001	-0.0005959	-0.0008293	-0.0006134	-0.0008384	-0.0008863	-0.001141	-0.0006515	-0.001169	-0.0008463	-0.0007979	-0.0008139	-0.000917	-0.0009493	-0.0009292	-0.001093	-0.0008473	-0.0009923
793.010	12610.18	-0.0004848	-0.0006031	-0.0005738	-0.0007181	-0.000738	-0.0007581	-0.0006928	-0.0006126	-0.0007861	-0.0006346	-0.0004841	-0.0007753	-0.0008754	-0.0008574	-0.0009647	-0.0007888	-0.0008017	-0.0006731	-0.0008711	-0.0009637	-0.000803	-0.00092	-0.0009637	-0.000656	-0.0008646	-0.0007311	-0.0008369	-0.001156	-0.0006687	-0.001094	-0.0008869
793.587	12601.02	-0.0005656	-0.0007749	-0.0007252	-0.0007547	-0.0006375	-0.0007801	-0.0008443	-0.0007471	-0.0007215	-0.000874	-0.0007468	-0.0006677	-0.0007567	-0.0009528	-0.0009416	-0.0008628	-0.001048	-0.0008996	-0.0009668	-0.0007593	-0.0009553	-0.001209	-0.0009991	-0.0007887	-0.0007712	-0.0008206	-0.0009436	-0.0009455	-0.0008246	-0.001054	-0.0006881
794.163	12591.87	-0.0005843	-0.0004533	-0.0002978	-0.0004835	-0.000412	-0.0005536	-0.0005441	-0.0004943	-0.0003946	-0.0007069	-0.0003884	-0.0006459	-0.0007339	-0.0004676	-0.0004783	-0.0005879	-0.0004369	-0.0005489	-0.0006177	-0.000651	-0.0003031	-0.0006317	-0.0007694	-0.0005203	-0.0004925	-0.0004344	-0.0006585	-0.0005695	-0.0004384	-0.0007762	-0.0008521
794.740	12582.73	-0.0006319	-0.001083	-0.0007345	-0.000603	-0.0006887	-0.000657	-0.0007926	-0.0009969	-0.0008184	-0.0007762	-0.0007908	-0.000701	-0.0005757	-0.000959	-0.0006655	-0.0008405	-0.0008313	-0.0007184	-0.0005829	-0.0005211	-0.0006103	-0.0009658	-0.0008258	-0.000904	-0.0007003	-0.001089	-0.0008137	-0.0006893	-0.0009206	-0.0006924	-0.0008371
795.317	12573.60	-0.0001125	-0.0004151	-0.001102	-0.0007023	-0.0007355	-0.0007503	-0.0007298	-0.0008193	-0.0007277	-0.0004428	-0.0004339	-0.0008715	-0.0003932	-0.0007275	-0.0007525	-0.0008271	-0.0009185	-0.0006864	-0.0009541	-0.0004849	-0.0006326	-0.0007389	-0.0007969	-0.0006612	-0.0007765	-0.0006272	-0.000259	-0.0004721	-0.0009101	-0.0005741	-0.0001883
795.894	12564.49	-0.0003109	-0.0001916	-0.0004575	-0.0003597	-0.0001352	-0.00036	-0.0003586	-0.0004066	-0.0002989	-0.0001998	-0.0002648	-0.0005013	-0.0005208	-0.0003017	-0.0004822	-0.0003622	-0.0005311	-0.0004085	-0.0001291	-0.0004525	-0.0004273	-0.0003836	-0.000711	-0.0001996	-0.0004046	-0.000368	-0.000383	-0.0006647	-0.0003113	-0.0003605	-0.000184
796.470	12555.40	-0.0006757	-0.0005992	-0.0005903	-0.0007078	-0.0003637	-0.0008494	-0.0004457	-0.0006126	-0.0005857	-0.000685	-0.000756	-0.0005255	-0.0004669	-0.0006333	-0.0006864	-0.0006407	-0.0005881	-0.0006594	-0.0007424	-0.0008637	-0.00066	-0.000644	-0.0008972	-0.0007005	-0.0004067	-0.0005263	-0.001084	-0.0009183	-0.0006783	-0.0005534	-0.0004602
797.047	12546.31	-0.0005413	-0.0001767	-0.0003717	-0.0004323	-0.0005062	-0.0008069	-0.000356	-0.0004559	-0.0003255	-0.0004833	-0.0004096	-0.0004932	-0.0006861	-0.0004732	-0.0005438	-0.000457	-0.0005637	-0.0003985	-0.0004944	-0.0004433	-0.0003915	-0.0004829	-0.0006197	-0.0001533	-0.0001292	-0.000454	-0.0002092	-0.0002736	-0.0005705	-0.0002836	-0.0004011
797.624	12537.24	-0.0002901	-0.0003144	-0.0005768	-0.0007898	-0.0004699	-0.0007087	-0.0006464	-0.0007109	-0.0004112	-0.0003156	-0.0004136	-0.0002916	-0.0004362	-0.0004215	-0.0005396	-0.0004426	-0.0005085	-0.0006171	-0.0005121	-0.000588	-0.0006137	-0.000403	-0.0004128	-0.0004858	-0.0005971	-0.0004321	-0.0004512	-0.0006365	-0.0004784	-0.0006081	-0.0006083
798.200	12528.18	-0.0004982	-0.0006835	-0.000689	-0.0008593	-0.0006289	-0.0006949	-0.000953	-0.0007301	-0.0007293	-0.0008679	-0.000677	-0.0005582	-0.0008133	-0.0007	-0.000579	-0.0006886	-0.0007637	-0.0008152	-0.0005133	-0.001007	-0.0007724	-0.0007175	-0.0009226	-0.0005535	-0.0005079	-0.000645	-0.0006641	-0.0005172	-0.0006667	-0.0005984	-0.0005886
798.777	12519.14	-0.0005335	-0.0004852	-0.0002565	-0.0004318	-0.0007023	-0.0007236	-0.0005387	-0.00055	-0.0005988	-0.0005394	-0.0005321	-0.0009083	-0.0004366	-0.000411	-0.0004155	-0.0004394	-0.0003801	-0.0008036	-0.0005513	-0.0005391	-0.0007092	-0.0006166	-0.0006531	-0.0007996	-0.000462	-0.0004391	-0.0005803	-0.0006035	-0.0005698	-0.0005023	-0.0005885
799.354	12510.10	-0.0003813	-0.000342	1.893E-5	-0.0004738	-0.00057	-0.0002723	-0.0004746	-0.0003533	-0.0004267	-0.0004578	-0.0004251	-0.0004116	-0.00061	-0.0005867	-0.000421	-0.0002318	-0.0001259	-0.0004237	-0.000581	-0.0004036	-0.0003793	-0.0003189	-0.000468	-0.0002455	-0.0004102	-0.0003175	-0.0006693	-0.0004168	-0.0004961	-0.0002772	-0.0002306
799.931	12501.09	-0.0005128	-0.0004175	-0.0003982	-0.0007473	-0.0005373	-0.0004994	-0.000609	-0.0006545	-0.0006896	-0.0006716	-0.0007773	-0.0006093	-0.0008848	-0.0007573	-0.0006285	-0.0006064	-0.0005173	-0.0009301	-0.0005583	-0.000724	-0.0007469	-0.0008555	-0.0007864	-0.0007779	-0.0007163	-0.0007535	-0.0008281	-0.0004956	-0.0007565	-0.0004974	-0.0006452
800.507	12492.08	-0.000771	-0.0007932	-0.0005736	-0.0005518	-0.0006371	-0.0007137	-0.000516	-0.0006162	-0.0006444	-0.0008454	-0.0007762	-0.0007494	-0.0007097	-0.0006425	-0.0009572	-0.0007435	-0.000691	-0.001003	-0.0007845	-0.0005368	-0.0006821	-0.0006609	-0.0008076	-0.0009099	-0.0005978	-0.0005793	-0.0007706	-0.0006362	-0.0006419	-0.0008324	-0.001014
801.084	12483.09	-0.0004411	-0.0005908	-0.0006278	-0.0007463	-0.0005131	-0.0008837	-0.0006351	-0.0007272	-0.0004166	-0.0008113	-0.0004277	-0.0006281	-0.0006763	-0.000596	-0.0006732	-0.0004597	-0.0003585	-0.0006563	-0.0006682	-0.0004449	-0.0005223	-0.0006741	-0.0006274	-0.0007277	-0.0007396	-0.0005565	-0.0006911	-0.0005663	-0.0005065	-0.0007918	-0.000758
801.661	12474.11	-0.0006289	-0.0007592	-0.0006352	-0.0008238	-0.000531	-0.0007894	-0.0004606	-0.0007652	-0.0004618	-0.0009303	-0.0005448	-0.0007869	-0.0006121	-0.0008337	-0.0008721	-0.0006942	-0.0006229	-0.0009498	-0.0007951	-0.0005512	-0.0007229	-0.0007471	-0.0008694	-0.0005996	-0.0008295	-0.0007512	-0.001031	-0.000848	-0.0008305	-0.000554	-0.0005942
802.237	12465.14	-0.000513	-0.0007044	-0.0006397	-0.0004397	-0.000624	-0.0007449	-0.0007413	-0.0007228	-0.0005581	-0.0008145	-0.0006417	-0.0008091	-0.000523	-0.0006381	-0.0008585	-0.0005262	-0.0005272	-0.001098	-0.0009216	-0.0007632	-0.0009694	-0.0008774	-0.0009734	-0.0008473	-0.0006872	-0.0004102	-0.0007937	-0.0008823	-0.0006981	-0.0006505	-0.0005569
802.814	12456.18	-0.0005478	-0.0006816	-0.0006605	-0.000591	-0.000625	-0.0006927	-0.000578	-0.0006475	-0.0006901	-0.0008554	-0.0007929	-0.0008465	-0.0005599	-0.0008275	-0.0009191	-0.0005919	-0.0007932	-0.0008898	-0.0008636	-0.000736	-0.0006863	-0.0008709	-0.0009004	-0.0009176	-0.000694	-0.0005614	-0.0008246	-0.0008342	-0.0007234	-0.0008972	-0.0007959
803.391	12447.24	-0.000438	-0.0001003	-0.0002986	-0.0003695	-0.0002492	-0.0004089	-0.0004031	-0.000501	-0.0003226	-0.000434	-0.0004142	-0.000427	-0.0007011	-0.0005438	-0.0005081	-0.0003003	-0.0005529	-0.0006788	-0.0005284	-0.0005663	-0.0003055	-0.0004777	-0.000574	-0.0005354	-0.0006121	-0.0004407	-0.0005372	-0.0005743	-0.0003711	-0.0004313	-0.0005192
803.968	12438.31	-0.0005982	-0.0003373	-0.000602	-0.0005772	-0.0004622	-0.0006432	-0.0007723	-0.0005987	-0.0007313	-0.0008947	-0.0006342	-0.000638	-0.0008307	-0.0008152	-0.0007252	-0.0005406	-0.0007607	-0.0006497	-0.0009091	-0.0007712	-0.0004529	-0.0005284	-0.0008952	-0.0008321	-0.0008038	-0.0007002	-0.0007497	-0.0006156	-0.0005665	-0.0005892	-0.0007675
804.544	12429.40	-0.0005006	-0.0005705	-0.0006051	-0.0007365	-0.0008448	-0.0007751	-0.0007096	-0.0007128	-0.0008607	-0.0008285	-0.0007313	-0.0007668	-0.0008747	-0.0007355	-0.0007586	-0.0007185	-0.0005952	-0.0005567	-0.0006656	-0.000852	-0.000619	-0.0007394	-0.0009216	-0.0007781	-0.0008823	-0.0009365	-0.0009077	-0.0008807	-0.0008434	-0.001037	-0.001043
805.121	12420.49	-0.0005554	-0.0003501	-0.0004803	-0.0004332	-0.0005739	-0.0004851	-0.0004599	-0.0005966	-0.0006779	-0.0004641	-0.0003786	-0.0006317	-0.000469	-0.0003918	-0.000746	-0.0006988	-0.0003822	-0.0003708	-0.000463	-0.0006212	-0.0004955	-0.0009443	-0.0004707	-0.0006672	-0.0008342	-0.0008885	-0.0008201	-0.0005301	-0.000781	-0.0007752	-0.0008499
805.698	12411.60	-0.0003986	-0.0002318	-0.0005308	-0.0001021	-0.0006331	-0.000384	-0.0004527	-0.0005822	-0.0006113	-0.0003504	-0.0004613	-0.0005612	-0.0004762	-0.0006703	-0.0005928	-0.0006463	-0.0005806	-0.0002894	-0.0004882	-0.0004183	-0.0003187	-0.0007518	-0.000266	-0.0005326	-0.0004219	-0.0008244	-0.0004854	-0.0005206	-0.0007608	-0.0007081	-0.0007196
806.274	12402.73	-0.0002764	-0.0003535	-0.0006381	-0.0002457	-0.0005304	-0.0006542	-0.0004683	-0.0004207	-0.0005086	-0.0004953	-0.0006679	-0.0006086	-0.0007832	-0.0007581	-0.00041	-0.0005276	-0.0005986	-0.0006697	-0.0004927	-0.0006945	-0.0005708	-0.0007554	-0.0006097	-0.0005758	-0.0004469	-0.0006775	-0.0005596	-0.0006738	-0.0008692	-0.0009596	-0.0008387
806.851	12393.86	1.385E-5	-0.0002946	-0.0002935	-0.0001764	-0.0002913	-0.0005013	-0.0005506	-0.0004249	-0.0004701	-0.0005164	-0.0004278	-0.0004281	-0.000641	-0.0007147	-0.0004037	-0.0004893	-0.0005209	-0.0006279	-0.0005367	-0.0007143	-0.0006135	-0.0005426	-0.0005138	-0.0004391	-0.0004735	-0.0005212	-0.0005078	-0.0007031	-0.0007756	-0.0008238	-0.0005409
807.428	12385.01	0.0002385	-0.0002321	-0.0002189	-0.0001586	-0.0001141	-0.0003111	-0.0003307	-0.0002004	-0.0003255	-0.0004522	-0.0002175	-0.0003504	-0.0004838	-0.0005229	-0.0006129	-0.0004302	-0.0002079	-0.0004546	-0.0006036	-0.0004857	-0.0004794	-0.0004806	-0.0004796	-0.0004136	-0.0004447	-0.0003337	-0.0005249	-0.0006104	-0.0004653	-0.0004869	-0.0006143
808.004	12376.17	-7.342E-5	-0.0002558	-0.0002561	-0.0002939	-0.0001376	-0.0003256	-0.0001553	-0.0002777	-0.0002922	-0.0004623	-0.0001586	-0.0004183	-0.000343	-0.0006109	-0.0004986	-0.0005856	-0.0003046	-0.000498	-0.0005264	-0.0005765	-0.0005151	-0.0004488	-0.0007247	-0.0005029	-0.0004361	-0.0005065	-0.0004683	-0.0004267	-0.000452	-0.0004744	-0.0007279
808.581	12367.34	-6.063E-5	-0.0003324	-0.0002441	-0.000347	-0.0003915	-0.0002003	-0.0002572	-0.0004858	-0.0003285	-0.0005042	-0.0004167	-0.0004555	-0.000518	-0.0005138	-0.0006067	-0.0005288	-0.0004447	-0.0005764	-0.0006132	-0.0007571	-0.0005764	-0.0006738	-0.000713	-0.0004521	-0.0005487	-0.0005934	-0.0007208	-0.0006059	-0.0005347	-0.0006438	-0.0007792
809.158	12358.53	-0.0003488	-0.0005112	-0.0004835	-0.0005043	-0.0005541	-0.0005343	-0.0005127	-0.000505	-0.0005472	-0.000726	-0.00057	-0.000449	-0.0006365	-0.0006986	-0.0008352	-0.0006044	-0.0004634	-0.0007469	-0.0007125	-0.0007153	-0.0006169	-0.0007995	-0.0007711	-0.0005031	-0.0006718	-0.0007506	-0.0007731	-0.000751	-0.0007291	-0.0007016	-0.0007668
809.735	12349.73	-0.0005562	-0.0006678	-0.0006638	-0.0007697	-0.0007067	-0.0008757	-0.0006057	-0.0006529	-0.0006869	-0.0008516	-0.0007033	-0.000629	-0.0007601	-0.0009324	-0.001001	-0.0007183	-0.0006488	-0.0007925	-0.0006894	-0.0007301	-0.0007393	-0.0007772	-0.0009781	-0.0006707	-0.0008239	-0.0006405	-0.0008665	-0.0008924	-0.0009005	-0.0008772	-0.0006123
810.311	12340.94	-0.0003936	-0.0003478	-0.0004953	-0.0006306	-0.0005562	-0.0003678	-0.0002962	-0.0004663	-0.0004338	-0.0003568	-0.000472	-0.0005947	-0.0005344	-0.0009208	-0.0005758	-0.0006691	-0.0006393	-0.0007697	-0.0006059	-0.000408	-0.0006092	-0.0004557	-0.0006096	-0.0007261	-0.0007074	-0.0004617	-0.0007593	-0.0005384	-0.00066	-0.0008018	-0.0005287
810.888	12332.16	-0.0003636	-0.0004149	-0.0003827	-0.0006196	-0.0002872	-0.0002598	-0.0003411	-0.0002155	-0.000298	-0.0003329	-0.0002422	-0.0005302	-0.0004392	-0.0006395	-0.0004806	-0.0006222	-0.0005598	-0.0008035	-0.0006449	-0.0003642	-0.0005584	-0.0006594	-0.0005855	-0.0006199	-0.0006396	-0.0004871	-0.0006357	-0.0004716	-0.0005956	-0.0005144	-0.0006564
811.465	12323.39	-0.0005635	-0.0008264	-0.0006831	-0.0009452	-0.000728	-0.000708	-0.0007413	-0.0004986	-0.0006171	-0.001031	-0.0007569	-0.000883	-0.0008192	-0.0009097	-0.001086	-0.0008883	-0.0007519	-0.0008608	-0.0009311	-0.0007692	-0.0007483	-0.001162	-0.0007851	-0.0007105	-0.0008435	-0.0007166	-0.0008328	-0.0007638	-0.0007867	-0.0006888	-0.001055
812.041	12314.64	-0.0006456	-0.0008603	-0.0009531	-0.0008813	-0.001036	-0.0007839	-0.0007249	-0.0007785	-0.0006896	-0.001109	-0.0009588	-0.0008585	-0.000955	-0.001003	-0.001307	-0.001096	-0.0009158	-0.001027	-0.001181	-0.0009057	-0.001002	-0.001036	-0.0008722	-0.000871	-0.0009111	-0.001174	-0.0009529	-0.001007	-0.001057	-0.0009556	-0.001238
812.618	12305.90	-0.0007242	-0.0007212	-0.0009249	-0.0009213	-0.0009586	-0.0007742	-0.0006393	-0.0006821	-0.0009436	-0.0007596	-0.0009148	-0.0006754	-0.0008796	-0.0009484	-0.001055	-0.001139	-0.0007743	-0.0009995	-0.001151	-0.001036	-0.001062	-0.0008789	-0.001021	-0.0009541	-0.0009859	-0.001098	-0.0009142	-0.001163	-0.00104	-0.001087	-0.001143
813.195	12297.18	-0.0009812	-0.0007621	-0.00104	-0.0009839	-0.000931	-0.001015	-0.0008654	-0.0009296	-0.001136	-0.0008361	-0.001057	-0.000914	-0.0009793	-0.0009135	-0.001191	-0.001146	-0.0009266	-0.001021	-0.001023	-0.00114	-0.001129	-0.0008844	-0.001317	-0.0009375	-0.0009038	-0.001054	-0.001009	-0.001278	-0.0009182	-0.001131	-0.001182
813.772	12288.46	-0.0008184	-0.0007003	-0.001028	-0.0007537	-0.0007444	-0.0009493	-0.0007813	-0.000913	-0.0009099	-0.0008799	-0.001015	-0.001142	-0.001019	-0.0008253	-0.001157	-0.001089	-0.001152	-0.0009721	-0.0009052	-0.0009592	-0.0009335	-0.0007669	-0.001269	-0.000803	-0.000908	-0.0008817	-0.001051	-0.001063	-0.0009144	-0.0009686	-0.0009097
814.348	12279.76	-0.0007311	-0.0005143	-0.0007699	-0.000592	-0.0005232	-0.0007045	-0.0007028	-0.0006344	-0.0008021	-0.000798	-0.0008741	-0.0008959	-0.0009876	-0.0009068	-0.0008568	-0.001099	-0.001005	-0.0009692	-0.000784	-0.0008822	-0.0008302	-0.0006536	-0.0009166	-0.0007228	-0.000912	-0.0007133	-0.0007168	-0.0007954	-0.0008037	-0.0007535	-0.0008114
814.925	12271.07	-0.0005623	-0.000501	-0.0005849	-0.0006383	-0.00047	-0.0005449	-0.0008181	-0.0005447	-0.0007984	-0.0009839	-0.0008216	-0.0006761	-0.0007457	-0.0008994	-0.0008632	-0.0008151	-0.0009352	-0.0009594	-0.0008649	-0.0008509	-0.0008783	-0.000638	-0.0008456	-0.0006337	-0.0008322	-0.0008732	-0.0007	-0.0006728	-0.0008735	-0.0008155	-0.0009252
815.502	12262.39	-0.0003788	-0.0003567	-0.0007096	-0.0006371	-0.0006128	-0.0006265	-0.0006922	-0.0006243	-0.000786	-0.0009857	-0.0007282	-0.000557	-0.00054	-0.0007785	-0.0007864	-0.000718	-0.0006392	-0.0008304	-0.0009943	-0.0006483	-0.0008562	-0.0006324	-0.0009091	-0.0005057	-0.0008306	-0.0006327	-0.0008171	-0.0006906	-0.0007447	-0.0009811	-0.000818
816.078	12253.72	-0.0006601	-0.0005919	-0.0009113	-0.0007953	-0.0007423	-0.0007774	-0.0007666	-0.0006389	-0.0009121	-0.0008489	-0.0006906	-0.0009245	-0.0007901	-0.001014	-0.0009408	-0.0009072	-0.0006974	-0.0008385	-0.001119	-0.0007525	-0.0009726	-0.0008501	-0.001149	-0.0005737	-0.0008139	-0.0006724	-0.0008016	-0.000834	-0.0008704	-0.001015	-0.0009868
816.655	12245.07	-0.0004392	-0.0004983	-0.0005332	-0.0004887	-0.0003097	-0.0005352	-0.0006614	-0.0005608	-0.0005743	-0.0004912	-0.0005039	-0.0009641	-0.0006235	-0.0007792	-0.0007639	-0.0007297	-0.0004614	-0.0006552	-0.0007198	-0.000805	-0.000647	-0.0009128	-0.0009648	-0.000514	-0.0007145	-0.0006798	-0.0006079	-0.0008025	-0.0007412	-0.0007188	-0.0006992
817.232	12236.43	-0.0003502	-0.0004204	-0.0005616	-0.0004552	-0.0003775	-0.0007509	-0.0007587	-0.0005886	-0.0004382	-0.0005691	-0.0005754	-0.0008586	-0.0007164	-0.0007589	-0.0006404	-0.0006156	-0.0006813	-0.0007684	-0.000787	-0.0008396	-0.000664	-0.0009742	-0.000939	-0.0007841	-0.0007611	-0.0009103	-0.0007163	-0.0009835	-0.0006887	-0.0008224	-0.0008797
817.809	12227.80	-0.0003323	-0.0005286	-0.0006288	-0.000488	-0.0005057	-0.0006919	-0.0005943	-0.0006373	-0.0006216	-0.0007535	-0.0005623	-0.0008115	-0.0008468	-0.0008395	-0.0006533	-0.000813	-0.0009006	-0.0007267	-0.0008169	-0.0007293	-0.000648	-0.0008455	-0.0007859	-0.0007244	-0.0008537	-0.00104	-0.000778	-0.0008811	-0.0005366	-0.0008259	-0.00068
818.385	12219.18	-0.0005556	-0.0004875	-0.000559	-0.0005633	-0.0005522	-0.0006884	-0.0004833	-0.0006178	-0.0005608	-0.0007569	-0.0007361	-0.0007731	-0.0008104	-0.0007869	-0.000626	-0.0007091	-0.000707	-0.00054	-0.0007492	-0.0006063	-0.0006634	-0.0007824	-0.0006061	-0.000565	-0.0008372	-0.0009285	-0.0006144	-0.0006484	-0.0004994	-0.0007937	-0.0008032
818.962	12210.58	-0.0005657	-0.0006221	-0.000511	-0.0006843	-0.00058	-0.0007033	-0.0005645	-0.0005893	-0.0007606	-0.0007866	-0.000976	-0.0008519	-0.0007996	-0.0006419	-0.0006992	-0.0008029	-0.0008025	-0.0009019	-0.001054	-0.0009048	-0.0009575	-0.0009579	-0.0008347	-0.00068	-0.0008409	-0.0009198	-0.000609	-0.0007694	-0.0008301	-0.0008891	-0.0007855
819.539	12201.99	-0.0004365	-0.0005341	-0.0007139	-0.0005762	-0.0004958	-0.0006122	-0.000548	-0.0005053	-0.000746	-0.0006162	-0.0008121	-0.0007682	-0.0007099	-0.0007033	-0.0007708	-0.0008462	-0.0006512	-0.001011	-0.0008553	-0.0008506	-0.0007536	-0.0008242	-0.0008065	-0.0007439	-0.0008709	-0.001105	-0.0007496	-0.000856	-0.0008453	-0.0008253	-0.0004638
820.115	12193.41	-0.0003348	-0.0005954	-0.0007148	-0.0006393	-0.0005925	-0.0006829	-0.0006483	-0.00056	-0.0006953	-0.000773	-0.0006861	-0.0008726	-0.0008219	-0.0006917	-0.0008903	-0.0008654	-0.0006908	-0.001081	-0.0008266	-0.0008095	-0.0007551	-0.000743	-0.001065	-0.0006727	-0.0008313	-0.001205	-0.0009419	-0.0009558	-0.0009442	-0.0008462	-0.0006487
820.692	12184.84	-0.0007521	-0.0006209	-0.0006974	-0.0007004	-0.0006638	-0.0005811	-0.0007648	-0.0006355	-0.0008674	-0.0008592	-0.0009323	-0.00105	-0.0007766	-0.0007505	-0.0009992	-0.001009	-0.0008304	-0.0009315	-0.0009807	-0.00082	-0.0009571	-0.0009448	-0.001041	-0.0008794	-0.0008986	-0.001033	-0.0009904	-0.0008718	-0.001088	-0.0009862	-0.0007775
821.269	12176.28	-0.0005925	-0.0004389	-0.0005924	-0.0008118	-0.0006415	-0.0009025	-0.0007331	-0.0007424	-0.0007223	-0.0007198	-0.0008901	-0.001059	-0.0006455	-0.0005958	-0.0005977	-0.0008024	-0.0008353	-0.0007952	-0.0008901	-0.0006806	-0.0006423	-0.0008285	-0.001009	-0.0009524	-0.0006432	-0.001012	-0.0008207	-0.0008873	-0.0007743	-0.0008405	-0.0007391
821.845	12167.74	-0.0004545	-0.0005113	-0.0005583	-0.0003801	-0.0006693	-0.0009657	-0.000801	-0.0006625	-0.0008435	-0.0008566	-0.0008884	-0.0009115	-0.0007517	-0.0005803	-0.0008665	-0.0008731	-0.0008401	-0.0007555	-0.0009508	-0.0005463	-0.0006763	-0.0009151	-0.0007026	-0.001081	-0.0008516	-0.001083	-0.0009328	-0.0007538	-0.0007643	-0.0009887	-0.0007575
822.422	12159.20	-0.0003842	-0.0007093	-0.0008287	-0.0003529	-0.0004977	-0.000835	-0.00061	-0.0008024	-0.0006796	-0.000846	-0.0008653	-0.0009127	-0.000868	-0.0009076	-0.0009826	-0.0009872	-0.001042	-0.001018	-0.0006814	-0.0007658	-0.0007815	-0.0008178	-0.001048	-0.0008707	-0.0008641	-0.001303	-0.0009158	-0.0009977	-0.0007343	-0.0009957	-0.0007683
822.999	12150.68	-0.0003907	-0.0006899	-0.0007117	-0.0008305	-0.0005829	-0.001089	-0.0006383	-0.0007585	-0.0007119	-0.0008484	-0.0008444	-0.0007083	-0.001185	-0.0008685	-0.001074	-0.0009431	-0.0009337	-0.00102	-0.0009148	-0.0008202	-0.0006666	-0.0007847	-0.001023	-0.0009032	-0.0009305	-0.001076	-0.0005956	-0.0008015	-0.0007122	-0.0009168	-0.0007814
823.576	12142.18	-0.0002619	-0.000553	-0.0001031	-0.0006438	-0.0005339	-0.0006945	-0.0003936	-0.0005806	-0.0005441	-0.0005856	-0.000686	-0.0004885	-0.0008138	-0.0007115	-0.0006381	-0.0006268	-0.0003964	-0.0006942	-0.0008678	-0.000863	-0.0003638	-0.000649	-0.0006451	-0.0005579	-0.0007054	-0.0007406	-0.0006255	-0.00072	-0.0005503	-0.0005456	-0.0006822
824.152	12133.68	-0.0001085	-0.0004701	-0.0002676	-0.0003875	-0.0002431	-0.0003925	-0.0001345	9.873E-6	-0.0002982	-0.000422	-0.000429	-0.0004069	-0.0004921	-0.000452	-0.0002646	-0.0004561	-0.0005391	-0.0005306	-0.0004465	-0.0003449	-0.0005936	-0.0005174	-0.0006043	-0.0002765	-0.0005289	-0.0005284	-0.0006804	-0.0005606	-0.0005184	-0.0005043	-0.0006198
824.729	12125.19	8.165E-5	-0.000287	-0.0004665	-0.0003868	-9.434E-5	-0.0003628	-2.548E-5	-0.0004245	-0.0004666	-0.0004408	-0.0004247	-0.0003607	-0.0006136	-0.0004502	-0.0003981	-0.000552	-0.000258	-0.0004987	-0.000339	-0.000438	-0.0002481	-0.0004613	-0.0004649	-0.0004208	-0.0007673	-0.0005668	-0.0005679	-0.00069	-0.0006722	-0.0007125	-0.0009479
825.306	12116.72	3.605E-5	-0.0003782	-0.0003174	-0.0004509	-0.0004348	-0.000264	-0.0002511	-0.0004305	-0.000411	-0.0004293	-0.0003063	-0.0006062	-0.0005314	-0.0004498	-0.0006932	-0.0005922	-0.0003768	-0.0008223	-0.0004249	-0.0005837	-0.0005745	-0.0004879	-0.0004286	-0.0003856	-0.0007134	-0.0003924	-0.0005033	-0.0004374	-0.0006303	-0.0005206	-0.0009456
825.882	12108.26	-0.000572	-0.0004033	-0.0006491	-0.000433	-0.0003189	-0.0003649	-0.0005833	-0.0003969	-0.0003427	-0.0006876	-0.0006178	-0.0004995	-0.0003656	-0.0007461	-0.000567	-0.0004398	-0.0006969	-0.000297	-0.0003364	-0.0007008	-0.0006686	-0.0006938	-0.000836	-0.0004718	-0.0005931	-0.0009393	-0.0009886	-0.0007637	-0.0008157	-0.0005998	-0.0005978
826.459	12099.81	-0.0003392	0.0001807	-0.0001684	-0.0001431	-5.671E-5	-0.0005668	-0.0006268	1.456E-5	-0.0002836	-0.0003904	-0.0004192	-0.0004799	-0.0007813	-0.0003514	-0.0009765	-0.0006033	-0.0004703	-0.0004367	-0.0004932	-0.0005435	-0.0005319	-0.0005823	-0.0007351	-0.0004636	-0.0005448	-0.0007043	-0.0007663	-0.0007739	-0.0006792	-0.0005768	-0.0005033
827.036	12091.37	0.0001405	-0.0002606	-9.955E-6	-0.000228	-8.998E-5	-0.0001824	3.737E-5	-6.997E-5	-1.422E-6	-0.0005282	-0.0004684	-0.0001696	-0.0004778	-0.000325	-0.0004582	-0.0005251	-0.0002656	-0.0001508	-0.0003271	-0.0001118	-0.0003451	-0.0006695	-0.0003362	-0.0005125	-0.0002806	-0.0004724	-0.0005799	-0.000561	-0.0005081	-0.0003965	-9.42E-6
827.613	12082.95	0.0003337	0.0002658	0.0002156	6.33E-5	6.251E-5	0.0001211	0.0002484	0.000102	-8.707E-5	-0.0002569	-0.0001893	8.392E-5	8.899E-5	-7.142E-5	-0.000453	-6.155E-5	-4.018E-5	-0.0002114	0.0001083	-0.0001787	7.145E-6	-0.0002509	-0.00016	0.000164	-0.0003913	0.0001046	-0.0002111	-6.302E-5	-0.000133	-0.0002333	5.726E-5
828.189	12074.53	2.923E-5	-0.0001568	0.0002031	-0.0002596	-5.616E-6	-0.0005876	-0.0001114	-0.0004002	-0.0002947	-0.0005024	-0.0002428	-0.0006851	-0.0004884	-0.0005071	-0.0004671	-0.0002065	-0.0005812	-0.0008827	-0.0005326	-0.0006519	-0.0003706	-0.0009124	-0.0005008	-0.000345	-0.0004742	-0.0005634	-0.0006835	-0.0004154	-0.0002341	-0.0006216	-0.000877
828.766	12066.13	-3.583E-5	-0.000195	-0.0005132	-0.000558	-0.0005988	-0.0005729	-0.0006135	-0.0004647	-0.0006553	-0.000477	-0.0005053	-0.0006791	-0.0008325	-0.0007612	-0.0007709	-0.0006354	-0.0007876	-0.001008	-0.0004827	-0.0007717	-0.0008252	-0.0007732	-0.0006511	-0.00102	-0.0006172	-0.0006219	-0.0005745	-0.0007628	-0.0005793	-0.0007225	-0.000566
829.343	12057.74	-7.27E-5	-0.0005732	-0.0004633	-0.0007502	-0.0006759	-0.0006018	-0.0003874	-0.0006373	-0.0007247	-0.0009544	-0.0007947	-0.0006259	-0.0009023	-0.0009288	-0.0006481	-0.0009898	-0.0006372	-0.0009463	-0.000786	-0.0005886	-0.0007142	-0.0008984	-0.0008283	-0.0008213	-0.0006179	-0.0007516	-0.0007729	-0.0009615	-0.0006936	-0.0008584	-0.0008407
829.919	12049.36	-5.3E-5	-0.0005234	-0.0007596	-0.000633	-0.0007033	-0.0008297	-0.0004286	-0.0007185	-0.0006973	-0.0007672	-0.0006794	-0.0007084	-0.0006047	-0.000792	-0.000862	-0.0008372	-0.001086	-0.0007896	-0.0009682	-0.001061	-0.0008226	-0.0009078	-0.0007786	-0.0007372	-0.001161	-0.0008857	-0.0007259	-0.0008986	-0.00109	-0.001119	-0.0008993
830.496	12041.00	-0.0004602	-0.0007289	-0.0004759	-0.0006703	-0.0004493	-0.001054	-0.0006064	-0.0008201	-0.0009413	-0.000827	-0.0009524	-0.0008871	-0.0008789	-0.0006581	-0.0008509	-0.0007544	-0.0007829	-0.0008521	-0.0007983	-0.0007589	-0.0007896	-0.0009111	-0.000781	-0.001198	-0.0008823	-0.001008	-0.00113	-0.0008922	-0.001042	-0.001011	-0.001134
831.073	12032.64	-0.0002248	-0.0002288	-0.0002525	-0.0005743	-0.0004326	-0.0006519	-0.0002684	-0.0005501	-0.0004713	-0.0007308	-0.0005903	-0.0006678	-0.0005626	-0.0004118	-0.0005272	-0.0007472	-0.001157	-0.0008285	-0.0004653	-0.0004841	-0.001107	-0.0007451	-0.0007881	-0.0008275	-0.0007993	-0.0006538	-0.0006362	-0.0006002	-0.0005268	-0.0008368	-0.0006061
831.650	12024.30	-3.252E-5	-0.0003513	-0.0005198	-0.000806	-0.0007743	-0.000593	-0.0004189	-0.000453	-0.0008383	-0.0005906	-0.0006434	-0.0004949	-0.0006662	-0.0006948	-0.0006878	-0.0008181	-0.0006508	-0.0006483	-0.0005175	-0.0005006	-0.0007955	-0.0006401	-0.0007769	-0.0005773	-0.0006493	-0.0006665	-0.0007152	-0.0008436	-0.0007342	-0.0006257	-0.0004725
832.226	12015.96	-6.371E-5	-0.0008739	-0.0005015	-0.0009189	-0.0007959	-0.0005585	-0.0005342	-0.0005989	-0.0009374	-0.0006429	-0.001004	-0.0005677	-0.001005	-0.0008603	-0.0007754	-0.0009277	-0.00095	-0.001059	-0.001088	-0.0006959	-0.0006261	-0.0008373	-0.0008187	-0.0006714	-0.001139	-0.0005903	-0.001139	-0.0009201	-0.0009302	-0.001135	-0.0009026
832.803	12007.64	-6.96E-5	-0.0001679	-0.0005817	-0.0008727	-0.0004882	-0.0005163	-0.0002441	-0.0004153	-0.0005405	-0.0006185	-0.000752	-0.0004512	-0.0006097	-0.0006913	-0.0005111	-0.0008038	-0.000765	-0.0006851	-0.0004007	-0.0003653	-0.000512	-0.0008144	-0.0003783	-0.0004387	-0.0006611	-0.0004997	-0.0006108	-0.0006191	-0.0006582	-0.0004963	-0.0004238
833.380	11999.33	-7.901E-5	-0.0003588	-0.0002716	-0.000413	-0.0004031	-0.0006397	-0.0003025	-0.0003389	-0.000576	-0.000359	-0.0002699	-0.0003177	-0.0006112	-0.0004917	-0.0005715	-0.000599	-0.0003637	-0.0008543	-0.0004847	-0.0005728	-0.0005568	-0.0007277	-0.0003646	-0.0003393	-0.000507	-0.0005771	-0.0006418	-0.000253	-0.0006981	-0.0004891	-0.0006082
833.956	11991.03	1.78E-5	-1.613E-5	-0.0002848	-0.0002821	-0.0001663	-0.0002573	-0.0003265	-0.0004576	-0.0002578	-0.000491	-0.0004004	-0.0003913	-0.0003689	-0.0003779	-0.000403	-0.0002613	-0.0004773	-0.0005323	-0.0005144	-0.0002543	-0.0001266	-0.0005164	-0.0002663	-0.0006321	-0.0004637	-0.0002918	-0.0005541	-0.0004231	-0.0002938	-0.000353	-0.000622
834.533	11982.75	0.0002269	0.0001069	-9.518E-5	-0.000144	-0.0001105	-0.0002761	0.0001521	-0.000329	-0.0002059	-0.00021	-0.0001474	-0.0002835	-5.971E-5	-6.601E-5	-8.734E-5	-0.0002231	-0.0004637	-9.349E-5	-0.0002693	-0.0003745	-0.0002709	8.926E-5	-0.0003246	-0.0003318	-0.0005712	-5.899E-5	-0.0003528	-0.0001787	-0.0002708	-0.0002365	-0.0001154
835.110	11974.47	4.064E-5	-0.0001661	-0.0001785	-0.0005406	-0.0006095	-0.0005044	-0.0002895	-0.0005017	-0.0004872	-0.0007874	-0.0006165	-0.0006591	-0.0005303	-0.0002002	-0.0006746	-0.0006589	-0.0007668	-0.00046	-0.0005317	-0.0005802	-0.0006947	-0.0005507	-0.0006244	-0.0003624	-0.0008986	-0.0007417	-0.0007307	-0.0004682	-0.0004867	-0.0005892	-0.0007315
835.687	11966.21	0.0002678	7.763E-5	-3.32E-5	-0.000198	-1.762E-6	-0.0002553	-5.482E-6	-0.0002752	-0.000282	-0.0003775	-0.0003975	8.094E-6	-0.0003247	-0.000125	-0.0001506	-0.0002336	-0.0002418	-0.0003588	-0.0002924	-0.0002131	-0.0001279	-0.0003903	-0.000353	-0.0002342	-0.0003334	-0.0006957	-0.0005125	-0.0002713	-0.0002895	-0.0001972	-0.0001254
836.263	11957.96	0.0001227	-0.0001476	3.951E-5	-2.954E-5	0.0003317	-0.0001844	-0.0001277	5.016E-5	-0.0004033	-0.0002014	-0.0002661	-5.308E-5	-0.0004515	-2.778E-5	-0.0004531	-0.0003559	-0.0002896	-0.0002483	-0.0002724	-0.0001114	-7.69E-5	-0.0003161	-0.0002787	-0.000166	-0.000305	-0.0003252	-0.0001516	-0.0003051	-0.000236	-0.0002909	-0.0001153
836.840	11949.72	0.0003348	-0.0003005	1.563E-5	0.0002266	0.0003369	-9.701E-5	8.924E-5	7.904E-5	-0.0002391	-0.0001883	0.0001816	-0.000183	-7.544E-5	4.733E-5	-0.000297	-2.274E-5	-0.0001787	7.469E-5	-0.0001868	3.818E-5	-0.0003005	-0.0001868	-0.0001962	-0.0002469	-0.0003241	-0.0001124	-4.881E-6	-0.0001923	-6.112E-5	-0.0002165	-0.0003374
837.417	11941.49	-3.315E-5	-8.855E-5	-0.00011	7.472E-5	1.021E-5	0.0001085	0.0001626	-9.191E-6	-1.111E-5	-0.0003916	-0.0001478	-0.0004434	-0.0002775	-0.0001658	-0.0004087	-1.597E-5	-0.0001693	-0.0001096	-0.0003573	-0.0002659	-0.000367	-7.191E-5	-0.0003012	-0.000211	-0.0004066	-0.0002651	-0.0002981	-0.0003594	-0.0001732	-0.000175	-0.0002395
837.993	11933.27	0.0001012	0.0001861	-3.664E-5	-0.0001156	3.053E-5	7.344E-5	0.0001027	-0.0002734	3.014E-5	-9.595E-5	-0.0001449	-5.489E-5	-0.0004861	-0.0003105	-0.0001073	5.388E-6	-0.0002531	-0.0001894	-0.0002026	-0.0001466	-0.0004389	-0.000434	-8.945E-5	-0.0005626	-0.0003813	-0.0002493	-0.000757	-0.0003635	-6.857E-5	-0.0003508	-0.0001452
838.570	11925.06	0.0001201	8.516E-5	-4.851E-5	-0.0002787	-1.128E-5	-0.0002668	-0.0001253	-0.000411	-0.0001967	-0.0001362	-4.326E-5	0.000198	-0.000505	-0.0001809	-0.0002174	-0.0002032	-0.0003369	-0.0002552	-0.0002692	-0.0004463	-0.000451	-0.0006319	-0.0002363	-0.0005673	-0.0003726	-0.0003988	-0.0006991	-0.0004556	-0.0001446	-0.0001825	-0.0004033
839.147	11916.87	-1.806E-5	-0.0001047	-9.688E-5	-0.00027	-8.355E-5	-0.000362	-0.0001412	-0.0004846	-0.0003568	-0.0005147	-0.0002564	-0.0002427	-0.0002538	-0.0002068	-0.0003106	-0.000197	-0.000358	-0.0002683	-0.0003178	-0.0003623	-0.0005149	-0.0006108	-0.0002278	-0.0005577	-0.0003077	-0.0004626	-0.0004083	-0.0005747	-0.0003405	-0.0001427	-0.0004897
839.723	11908.68	-0.000375	-0.0004213	-0.0002597	-0.0004136	-0.0001774	-0.0004664	-0.00054	-0.0006545	-0.0003997	-0.0006404	-0.0006683	-0.0003854	-0.0005225	-0.0003931	-0.0006507	-0.0004894	-0.0004607	-0.0007219	-0.0005981	-0.0007571	-0.0006191	-0.0007225	-0.0003709	-0.0007796	-0.00069	-0.0007363	-0.0007606	-0.0005712	-0.0006702	-0.0003632	-0.00059
840.300	11900.51	-0.0004762	-0.0002658	-0.0003702	-0.0006084	-0.000254	-0.0004034	-0.0005285	-0.0006332	-0.0002461	-0.0006497	-0.0005806	-0.0005629	-0.000848	-0.0005984	-0.0006857	-0.0005833	-0.000447	-0.0006283	-0.000523	-0.0007783	-0.0005566	-0.0008769	-0.0005927	-0.0007184	-0.0007823	-0.0007728	-0.0008606	-0.0006134	-0.0005232	-0.0005857	-0.0007148
840.877	11892.35	-0.0002591	-0.0001486	-0.0005099	-0.000475	-0.0004289	-0.0003705	-0.0003835	-0.0007152	-0.0005595	-0.0007064	-0.0003115	-0.000527	-0.0008437	-0.0005851	-0.0007727	-0.0005128	-0.0003685	-0.0007836	-0.0005732	-0.0006797	-0.0005577	-0.0007884	-0.0006362	-0.0004256	-0.0005635	-0.0006737	-0.0009684	-0.0006012	-0.0004135	-0.0008856	-0.0007189
841.454	11884.20	-0.0004064	-0.0001871	-0.0004495	-0.0004905	-0.000686	-0.0004621	-0.0004553	-0.0004803	-0.0007281	-0.0007091	-0.0006376	-0.0004052	-0.000749	-0.000607	-0.0006437	-0.0006313	-0.0005355	-0.0009984	-0.0006715	-0.0008423	-0.0007597	-0.0008127	-0.0007448	-0.0004251	-0.0006549	-0.0008101	-0.0009082	-0.000745	-0.0006559	-0.001027	-0.0009094
842.030	11876.06	-0.0003962	-0.0003198	-0.0001677	-0.00031	-0.0003794	-0.0002819	-0.0003134	-0.0002986	-0.0005167	-0.000541	-0.0005909	-0.0003618	-0.0005486	-0.0006704	-0.0003452	-0.0006556	-0.0005344	-0.000755	-0.0006821	-0.0008568	-0.0006195	-0.0007329	-0.0006124	-0.0005472	-0.0006542	-0.0007202	-0.0006238	-0.0007194	-0.0004507	-0.0007935	-0.0008332
842.607	11867.93	-0.0002927	-0.0003461	-0.0003808	-0.0002519	-0.0001448	-6.155E-5	-0.0003213	-0.0002912	-0.0003405	-0.0002941	-0.0005739	-0.0005215	-0.0004964	-0.000563	-0.0004607	-0.0005105	-0.0003397	-0.0005029	-0.0004984	-0.0005882	-0.0005595	-0.0006753	-0.0006186	-0.0003765	-0.0005973	-0.0006854	-0.0007851	-0.0005997	-0.000513	-0.0007293	-0.0006573
843.184	11859.81	-0.000281	-0.000467	-0.0006026	-0.0007429	-0.0003895	-0.0005957	-0.0004993	-0.0004607	-0.0006482	-0.000615	-0.0006656	-0.0008254	-0.0007373	-0.0008113	-0.0007386	-0.0006617	-0.0006727	-0.0008737	-0.0007031	-0.0007568	-0.0007917	-0.0008064	-0.0007683	-0.000486	-0.0007423	-0.0007753	-0.0009059	-0.0007054	-0.0007599	-0.0007274	-0.0008653
843.760	11851.71	-0.0002602	-0.0003264	-0.0006265	-0.0005975	-0.0001226	-0.0005152	-0.0003663	-0.0004671	-0.000638	-0.0005215	-0.0005113	-0.0006119	-0.0007613	-0.0007673	-0.0008331	-0.0006019	-0.0008196	-0.0009197	-0.0005184	-0.0006999	-0.0005516	-0.0005388	-0.0006081	-0.0004613	-0.0007443	-0.0005947	-0.0005066	-0.0006467	-0.0006503	-0.0005458	-0.0007631
844.337	11843.61	-0.0002463	-0.0006033	-0.0009042	-0.0005574	-0.0003606	-0.0004855	-0.0007005	-0.0007651	-0.0006744	-0.0004852	-0.000714	-0.0006974	-0.0009181	-0.000932	-0.001041	-0.0007099	-0.0009497	-0.0008907	-0.0007135	-0.0007776	-0.0008251	-0.0007926	-0.0007667	-0.0007604	-0.0008472	-0.0008816	-0.0007825	-0.0009835	-0.0009272	-0.0009239	-0.0008534
844.914	11835.53	-3.153E-5	-0.0003376	-0.0003419	-0.0004054	-0.0003599	-0.0003324	-0.0004303	-0.0004698	-0.0004497	-0.0005415	-0.0004497	-0.00066	-0.000531	-0.0005259	-0.0008213	-0.0005473	-0.0005051	-0.0006859	-0.0004574	-0.0004467	-0.0006901	-0.0006747	-0.0005438	-0.0006655	-0.0007001	-0.0007633	-0.0006834	-0.001039	-0.0009276	-0.0006491	-0.0006319
845.491	11827.45	-4.057E-5	-0.0001478	-0.0002149	-0.0003773	-0.0002884	-0.0003603	-0.0001991	-0.0002918	-0.0003984	-0.0006602	-0.0003542	-0.0006007	-0.0005103	-0.0002549	-0.0006881	-0.0004322	-0.0003099	-0.0006323	-0.000322	-0.0003459	-0.0006208	-0.0006197	-0.0004637	-0.0005549	-0.0006821	-0.0006372	-0.0004189	-0.0007255	-0.0006232	-0.0006426	-0.0004537
846.067	11819.39	1.796E-6	-7.005E-5	-0.0002316	-0.0002137	-0.000191	-0.0003068	-5.978E-5	-0.0002711	-0.0004351	-0.0006492	-0.0003097	-0.0003181	-0.0003457	-0.0003467	-0.0004226	-0.0003647	-0.0004532	-0.0007138	-0.0006492	-0.0006651	-0.0006359	-0.0005043	-0.0003943	-0.0004443	-0.0006508	-0.0005742	-0.000405	-0.0006663	-0.0004728	-0.0007411	-0.000552
846.644	11811.34	-8.587E-5	-0.0003659	-0.000532	-0.0004404	-0.0002199	-0.0003969	-0.000389	-0.0005351	-0.0005014	-0.0004875	-0.0003362	-0.0004322	-0.0005211	-0.0006451	-0.00049	-0.0006182	-0.0004913	-0.0006693	-0.0005421	-0.0006322	-0.0005845	-0.0005102	-0.0003604	-0.0005717	-0.0005821	-0.0007183	-0.0007349	-0.001085	-0.0004909	-0.0007422	-0.0005524
847.221	11803.30	-0.0004434	-0.0007248	-0.0006857	-0.0006646	-0.000468	-0.000593	-0.0005812	-0.0007034	-0.0005915	-0.0005249	-0.0005096	-0.0006096	-0.0007612	-0.0008274	-0.000799	-0.0005948	-0.0006464	-0.0007141	-0.0005549	-0.0005447	-0.0007476	-0.0008457	-0.0007006	-0.0009309	-0.0007531	-0.0006989	-0.0009158	-0.00115	-0.0007247	-0.000673	-0.0006629
847.797	11795.27	-2.178E-5	-0.0006199	-0.0003617	-0.0005128	-0.0002942	-0.0003242	-0.0004323	-0.0003717	-0.0004857	-0.0002807	-0.0004423	-0.0004127	-0.0002649	-0.0006669	-0.0007053	-0.0005027	-0.0006203	-0.0007666	-0.0004395	-0.0004636	-0.0005675	-0.0004664	-0.0007744	-0.0005745	-0.0005223	-0.0004339	-0.000573	-0.0007758	-0.0004027	-0.0006544	-0.0005561
848.374	11787.25	-0.0001846	-0.0002228	-0.0004688	-0.0003709	-0.0002759	-0.0004177	-0.0003153	-0.0003668	-0.0004929	-0.0005234	-0.0003263	-0.000579	-0.0003856	-0.0006599	-0.0005322	-0.0007139	-0.0006115	-0.0006943	-0.0001866	-0.000435	-0.0006141	-0.0005782	-0.0005351	-0.0004373	-0.0007158	-0.0006108	-0.0004052	-0.0004059	-0.000505	-0.0007915	-0.0006179
848.951	11779.25	-0.0001675	-0.0003416	-0.0003844	-0.0003489	-0.0003896	-0.0003064	-0.0005252	-0.0005849	-0.0004728	-0.0007422	-0.0004028	-0.0005985	-0.0005528	-0.0004639	-0.0007585	-0.0006447	-0.0007363	-0.0006335	-0.0005666	-0.0004752	-0.0007477	-0.0004957	-0.0008505	-0.0005295	-0.0007772	-0.0006862	-0.0008921	-0.0004696	-0.0006434	-0.0005256	-0.0005475
849.528	11771.25	-0.0003922	-0.0004243	-0.0005129	-0.0005031	-0.0004719	-0.0006674	-0.0006949	-0.0006727	-0.0006114	-0.0006384	-0.0005206	-0.0006674	-0.0005906	-0.0007686	-0.0007825	-0.00059	-0.0007343	-0.0005294	-0.0006483	-0.0006725	-0.0008627	-0.0006479	-0.001049	-0.0005204	-0.0006773	-0.0007921	-0.0009108	-0.000846	-0.0008445	-0.000714	-0.0007432
850.104	11763.26	-0.0005309	-0.000446	-0.0004026	-0.000398	-0.0005359	-0.0005483	-0.0005044	-0.0005025	-0.0005138	-0.0004859	-0.0005981	-0.0007739	-0.0004064	-0.0005169	-0.0006479	-0.0004985	-0.0004634	-0.0005989	-0.000599	-0.0007122	-0.0007729	-0.0007234	-0.0005948	-0.0007193	-0.0006191	-0.0006052	-0.0007752	-0.000596	-0.0007299	-0.0007386	-0.0006591
850.681	11755.29	-6.341E-5	-0.0002194	-0.0005466	-0.0003866	-0.0001827	-0.0004051	-0.0001872	-0.0006716	-0.0004432	-0.000543	-0.0006677	-0.0006879	-0.0004178	-0.000321	-0.0003149	-0.0005803	-0.0002984	-0.0006351	-0.0007251	-0.0004907	-0.0006789	-0.0004842	-0.0004309	-0.0003058	-0.0004454	-0.0004333	-0.0006964	-0.0006083	-0.0006259	-0.0005377	-0.0006241
851.258	11747.32	2.789E-6	-0.0001193	-0.0005341	-0.0004047	-4.208E-5	-0.0005277	-0.0003344	-0.0006477	-0.0005534	-0.000549	-0.0005161	-0.0004093	-0.0004692	-0.0004326	-0.0001625	-0.0004689	-0.0001435	-0.0003344	-0.0007051	-0.0005838	-0.0006023	-0.0006473	-0.0004469	-0.0002964	-0.0004144	-0.0001689	-0.0004172	-0.0005954	-0.0004596	-0.0005371	-0.0004778
851.834	11739.37	0.0001065	-0.0003511	-0.0004056	-0.0003723	-0.0005573	-0.0007528	-0.0005392	-0.0005946	-0.0004908	-0.0007582	-0.0005958	-0.0007102	-0.0004949	-0.0005385	-0.0008217	-0.0008192	-0.0006345	-0.0006476	-0.0006368	-0.0006389	-0.0003749	-0.0006797	-0.0007131	-0.0006195	-0.0005272	-0.0007758	-0.0003128	-0.0008069	-0.0005336	-0.000691	-0.0007314
852.411	11731.43	-1.919E-5	-0.0004606	-0.0002951	-0.0006571	-0.0003878	-0.000629	-0.000633	-0.0007104	-0.0006632	-0.0007387	-0.0006579	-0.0005552	-0.0007664	-0.0006718	-0.0005694	-0.0007861	-0.0004631	-0.0003032	-0.0007404	-0.0007706	-0.0003889	-0.000784	-0.0006125	-0.0006736	-0.0007045	-0.0006798	-0.0006891	-0.0007177	-0.0005718	-0.0004103	-0.0005819
852.988	11723.50	0.0001481	-0.0003928	-0.0003604	-0.0005166	-0.0002084	-0.0002024	-0.0002273	-0.0005279	-0.0003954	-0.0006794	-0.0007964	-0.0008802	-0.0006263	-0.0004481	-0.0005926	-0.0006742	-0.0007011	-0.0006743	-0.0004607	-0.0006238	-0.0005103	-0.0005754	-0.0004922	-0.0001618	-0.0004562	-0.0007714	-0.0007493	-0.0003997	-0.0005332	-0.0006123	-0.0005754
853.564	11715.58	-0.0001244	-0.0001871	-0.0005694	-0.0004683	-0.0002118	-0.0006482	-0.0002532	-0.0006834	-0.0006444	-0.000711	-0.0009521	-0.0007149	-0.0005178	-0.0003077	-0.0005524	-0.0005583	-0.0007073	-0.0006303	-0.0007603	-0.0004703	-0.0003605	-0.000649	-0.000548	-0.0002725	-0.0001677	-0.0006941	-0.0005543	-0.0005084	-0.0004977	-0.0007425	-0.0007426
854.141	11707.67	-0.0007235	-0.0007704	-0.0008404	-0.00102	-0.001239	-0.001147	-0.001077	-0.0009689	-0.001067	-0.001308	-0.001597	-0.001054	-0.001116	-0.001303	-0.00119	-0.001101	-0.001373	-0.001499	-0.001331	-0.001078	-0.001431	-0.00145	-0.001064	-0.001277	-0.00131	-0.001282	-0.001153	-0.00119	-0.001115	-0.001237	-0.001472
854.718	11699.77	-0.0003286	-0.0007389	-0.0009932	-0.0005972	-0.0009402	-0.001017	-0.001041	-0.0008902	-0.001015	-0.0009384	-0.0008973	-0.0007732	-0.001104	-0.0007639	-0.001114	-0.0008769	-0.0006789	-0.001107	-0.001057	-0.001016	-0.001113	-0.001007	-0.0008693	-0.001198	-0.001042	-0.001096	-0.0008396	-0.0008389	-0.001047	-0.0007344	-0.001132
855.295	11691.88	-0.000211	-0.000487	-0.0001396	-0.0004281	-0.0002405	-0.0006874	-0.0006646	-0.0005811	-0.0004601	-0.0003953	-0.0005673	-0.0005272	-0.0004471	-0.0007248	-0.0003966	-0.000829	8.463E-5	-0.0009134	-0.0005471	-0.0002507	-0.0003903	-0.0005766	-0.0005797	-0.0003808	-0.0004071	-0.0004899	-0.0007019	-0.0007163	-0.0008374	-0.0004399	-0.0006732
855.871	11684.00	-0.000448	-0.0005738	-0.0005258	-0.0006548	-0.0005213	-0.0004815	-0.0005976	-0.0008925	-0.0006563	-0.0007699	-0.0006377	-0.001003	-0.0006608	-0.0009404	-0.0007709	-0.0005415	-0.0008759	-0.0005437	-0.0007788	-0.0007283	-0.0003939	-0.000857	-0.0007197	-0.0006284	-0.00087	-0.0006371	-0.0006975	-0.0007695	-0.001194	-0.0008655	-0.0008152
856.448	11676.13	-5.068E-5	-0.0002699	-0.0006149	-0.0003885	-0.0006503	-0.0004204	-0.0002074	-0.0007236	-0.000547	-0.0006283	-0.0004615	-0.000723	-0.0003996	-0.0007295	-0.0003922	-0.0004839	-0.0004987	-0.0007095	-0.0007656	-0.0005461	-0.0007703	-0.0005365	-0.0004344	-0.0007098	-0.0007685	-0.000834	-0.001044	-0.0006751	-0.0005215	-0.0009998	-0.0007572
857.025	11668.27	-0.0003693	-0.0004824	-0.0005225	-0.000363	-0.000467	-0.000379	-0.0004885	-0.0005154	-0.0006257	-0.000621	-0.0004961	-0.0004784	-0.0007513	-0.0007044	-0.0003275	-0.0005099	-0.0005402	-0.000967	-0.0009255	-0.0004396	-0.0006095	-0.0004434	-0.000663	-0.0009053	-0.0006113	-0.0007511	-0.00103	-0.0005514	-0.0005924	-0.0007231	-0.0008299
857.601	11660.43	-0.0005614	-0.0002229	-0.0006773	-0.0008574	-0.000504	-0.0004731	-0.0006357	-0.0008293	-0.0005232	-0.0007858	-0.0007699	-0.0006537	-0.0007389	-0.0002559	-0.0007166	-0.0005169	-0.0004165	-0.0008129	-0.0006309	-0.0005838	-0.0007728	-0.0007306	-0.0007586	-0.0005557	-0.000879	-0.0008297	-0.000851	-0.0004436	-0.0005806	-0.0005514	-0.0008403
858.178	11652.59	-0.0007218	-0.0005288	-0.0008268	-0.0009032	-0.0005594	-0.001045	-0.000941	-0.0008743	-0.0006847	-0.001019	-0.0007408	-0.0008094	-0.000802	-0.0007771	-0.0007565	-0.0007765	-0.0008612	-0.001041	-0.001119	-0.0008877	-0.0008167	-0.001219	-0.0006533	-0.0006774	-0.001233	-0.0008475	-0.0009225	-0.0009429	-0.0008871	-0.000894	-0.0009352
858.755	11644.77	-0.000202	-0.0001435	-0.0004796	-0.0004576	-0.0004551	-0.0006354	-0.0002132	-0.0004149	-0.0005852	-0.0006333	-0.0008167	-0.0006613	-0.0006784	-0.0004024	-0.0008707	-0.0004646	-0.000526	-0.000649	-0.0005147	-0.0006044	-0.000617	-0.000732	-0.0005658	-0.000808	-0.000381	-0.0006547	-0.0005182	-0.0008032	-0.0003998	-0.0005925	-0.0008288
859.332	11636.95	-0.000474	-0.0001944	-0.0003216	-0.0002778	-9.996E-5	-0.0007825	-7.107E-5	-0.0005494	-0.0007341	-0.0006646	-0.0004684	-0.0006312	-0.0008656	-0.0004507	-0.0006383	-0.0006462	-0.00042	-0.0003396	-0.0001659	-0.0006152	-0.000683	-0.0006458	-0.0008339	-0.0007589	-0.0007764	-0.0008823	-0.0007047	-0.000629	-0.0006781	-0.000396	-0.0007179
859.908	11629.15	-0.0004242	-0.0005002	-0.0006378	-0.0004815	-0.0005282	-0.0005382	-0.0003501	-0.0004436	-0.0008429	-0.0006322	-0.00047	-0.0005837	-0.0004546	-0.0009239	-0.0006752	-0.0006425	-0.0008375	-0.0007286	-0.0008413	-0.001007	-0.0005839	-0.0009296	-0.0008909	-0.001026	-0.0007653	-0.0008111	-0.0007345	-0.0008557	-0.0006202	-0.0009115	-0.0006656
860.485	11621.35	-0.0005272	-0.00075	-0.0005767	-0.0004918	-0.000381	-0.00079	-4.089E-5	-0.0007459	-0.0007196	-0.0005746	-0.0004714	-0.0004556	-0.0005534	-0.0008236	-0.0008748	-0.0007632	-0.0004906	-0.0008089	-0.0009835	-0.000612	-0.0008421	-0.0008124	-0.0007952	-0.0007398	-0.0007393	-0.0008992	-0.000671	-0.0008108	-0.0006814	-0.0006036	-0.0006616
861.062	11613.57	-0.0004446	-0.0007877	-0.000512	-0.0005215	-0.0007142	-0.0006267	-0.0003674	-0.000656	-0.0009827	-0.00102	-0.0007405	-0.0006314	-0.0009083	-0.0008657	-0.0006727	-0.0008801	-0.0009564	-0.0008437	-0.000692	-0.0008577	-0.0006333	-0.0007524	-0.0006526	-0.0005473	-0.0008562	-0.0008148	-0.0006595	-0.0006262	-0.0008653	-0.0009779	-0.0007465
861.638	11605.80	-0.0002717	-0.0007201	-0.0007634	-0.0004733	-0.0005026	-0.0005324	-0.0006141	-0.0004785	-0.0005228	-0.0007852	-0.000481	-0.0006669	-0.0006913	-0.0005945	-0.0007709	-0.0005999	-0.0006985	-0.0003826	-0.000725	-0.0007369	-0.0005042	-0.00057	-0.0006213	-0.0006588	-0.0007239	-0.0004894	-0.0003945	-0.0007017	-0.0006155	-0.0007949	-0.0008093
862.215	11598.03	0.0001091	-0.0004231	-0.0005547	-0.0002248	-0.0001586	-7.062E-5	-0.0003236	-0.0001339	-0.0003932	-0.0004861	-0.0003293	-0.0002995	-0.0004475	-9.149E-5	-0.0002306	-0.000434	-0.000501	-0.0002968	-0.0003271	-0.0005081	-0.0002779	-6.394E-6	-0.0002413	-0.0002987	-0.0004292	-0.0002385	-0.0005389	-0.0005856	-0.0003992	-0.0004562	-0.0003646
862.792	11590.28	-0.0001495	-1.793E-5	-0.0005071	-6.002E-6	-6.921E-5	-0.0001465	-0.0001575	1.52E-5	3.43E-5	-0.0002098	-0.0002644	-0.0001805	-0.0001206	-0.0002959	-0.0002323	-0.0005964	-0.0002691	-0.0002658	9.094E-5	-0.0001459	-0.0002426	-0.0002503	-6.812E-5	-0.0005252	-0.0003358	-0.0003967	-0.0002964	-0.0002104	-0.0002469	-0.0003914	-0.0001347
863.369	11582.54	-8.185E-6	-0.0001332	-0.0003061	-0.0002387	-0.000348	-0.0006192	-0.0003147	-0.0001728	-0.0003113	-0.0004273	-0.0001543	-0.0004598	-0.0001851	-0.0003166	-0.000283	-0.000669	-0.0004975	-0.0003955	-0.0004211	-0.000218	-0.0003212	-0.0005297	-0.0001711	-0.0006279	-0.0002429	-0.0004549	-0.0003275	-0.0004601	-0.000336	-0.0002616	-0.0006567
863.945	11574.81	-0.0003666	-0.0002333	-0.0002208	-0.0004767	-0.0004767	-0.0004455	-0.0007078	-0.0003605	-0.0004119	-0.0003576	-0.0003701	-0.0004376	-0.0005826	-0.0005045	-0.0005703	-0.0004336	-0.0008355	-0.0004793	-0.0007963	-0.0004702	-0.0006933	-0.0008516	-0.0005647	-0.0006549	-0.0003644	-0.0006197	-0.0006275	-0.0005406	-0.0005873	-0.0006992	-0.0004376
864.522	11567.09	-0.0003028	-0.0003321	-0.0005627	-0.0006789	-0.0006197	-0.000415	-0.0007231	-0.0004598	-0.0006269	-0.0005349	-0.0006262	-0.000587	-0.0008806	-0.0004867	-0.0006783	-0.0007282	-0.0006646	-0.0006119	-0.0006564	-0.0006227	-0.0007073	-0.0008565	-0.0009643	-0.0007469	-0.0007161	-0.0008945	-0.0007831	-0.0007343	-0.0008989	-0.000776	-0.0006674
865.099	11559.37	-0.0006319	-0.0003898	-0.0004246	-0.0006605	-0.0005998	-0.0007478	-0.0007095	-0.0005681	-0.0008416	-0.0005495	-0.0007885	-0.001048	-0.0008804	-0.0006864	-0.0008789	-0.00112	-0.0006749	-0.0007947	-0.0007223	-0.0004535	-0.0007899	-0.000936	-0.001156	-0.0009133	-0.0009719	-0.001221	-0.001017	-0.000829	-0.0009923	-0.0009689	-0.0006335
865.675	11551.67	-0.000569	-0.0004589	-0.0006555	-0.0006621	-0.000503	-0.0009902	-0.0006797	-0.0009436	-0.0009557	-0.000762	-0.00105	-0.0009994	-0.0008127	-0.0008477	-0.0009376	-0.001142	-0.0005738	-0.0009143	-0.0009889	-0.0007283	-0.001015	-0.001	-0.001099	-0.001134	-0.0009329	-0.001074	-0.001174	-0.001083	-0.001238	-0.0008724	-0.0008438
866.252	11543.98	-0.0001929	-0.0005059	-0.0005763	-0.000627	-0.0003731	-0.0008631	-0.0007742	-0.0008544	-0.000898	-0.0008974	-0.001055	-0.0008075	-0.0007451	-0.000807	-0.0007848	-0.0009698	-0.0006313	-0.0008666	-0.0009498	-0.0008757	-0.0009821	-0.0008874	-0.0009029	-0.00097	-0.0008398	-0.0009129	-0.001168	-0.001165	-0.001207	-0.0008501	-0.0009233
866.829	11536.30	-9.517E-5	-0.000464	-0.0004142	-0.0005367	-0.0004725	-0.0007741	-0.00035	-0.0007224	-0.0006092	-0.0008284	-0.000667	-0.0006407	-0.0006217	-0.0009092	-0.0005706	-0.0007806	-0.0006617	-0.0007386	-0.0007587	-0.0007259	-0.0008664	-0.0006059	-0.0008853	-0.0006826	-0.0009218	-0.000592	-0.0009292	-0.001041	-0.001051	-0.0004887	-0.0007675
867.406	11528.63	5.229E-5	-0.0002451	-0.0003122	-0.0005324	-0.0004908	-0.0006316	-0.0002539	-0.0006275	-0.0004556	-0.0005865	-0.0002922	-0.0003631	-0.0006909	-0.0006863	-0.0006732	-0.000677	-0.0006119	-0.0008691	-0.0004229	-0.000595	-0.0007832	-0.0007986	-0.0006542	-0.0007596	-0.0009607	-0.0005343	-0.0007984	-0.001154	-0.0007697	-0.0004984	-0.0003568
867.982	11520.97	-0.0001229	-0.0002291	-0.000388	-0.0005941	-0.0005082	-0.0006446	-0.000425	-0.0005258	-0.0006335	-0.0006311	-0.0002561	-0.0003689	-0.000747	-0.0005488	-0.0006793	-0.0007101	-0.0007428	-0.0009975	-0.0004991	-0.0006291	-0.0006179	-0.0009763	-0.0005915	-0.0007217	-0.0009114	-0.0007838	-0.0007707	-0.001071	-0.0005433	-0.000696	-0.0002851
868.559	11513.32	1.864E-5	-0.0001876	-0.0002173	-0.0004525	-0.0004644	-0.0003696	-0.0002285	-0.0002857	-0.0004764	-0.0004863	-0.0003324	-0.0003954	-0.0005092	-0.000297	-0.0004884	-0.0004504	-0.0007186	-0.0006979	-0.0004931	-0.0005805	-0.0003667	-0.0008598	-0.0007271	-0.0005731	-0.0006727	-0.0006551	-0.0007828	-0.0006108	-0.0004267	-0.0005602	-0.0004204
869.136	11505.68	4.193E-5	0.0001501	0.0001341	-2.204E-5	-8.9E-5	-0.0002276	2.453E-5	-0.0001588	-0.0001388	-0.0001665	-0.0001334	-0.000223	-0.0003293	-6.903E-5	-0.000446	-0.0003299	-0.000339	-0.0003016	-0.0002946	-0.0005133	-0.0003902	-0.0002504	-0.0005528	-0.0004324	-0.000441	-0.0003521	-0.0002707	-0.0001933	-0.000161	-0.000339	-0.0003571
869.712	11498.05	0.0001893	-7.206E-6	6.315E-5	-4.532E-5	1.675E-5	-0.000261	0.0001193	-0.000265	-0.0003402	-0.0001514	-0.0001283	4.476E-5	-0.0003436	-0.0001629	-0.0005954	-0.000283	-0.0002773	-0.0003862	-0.0002271	-0.0002973	-0.0005371	-0.0002824	-0.0003244	-0.0003575	-0.0007342	-0.0002125	-0.0001176	-0.0002663	-0.0002996	-0.0003823	-0.0002169
870.289	11490.44	1.986E-5	-0.0004789	-0.0004572	-0.0005176	-0.0003929	-0.0003988	-0.0006015	-0.0007275	-0.0005971	-0.0005836	-0.000625	-0.0003787	-0.0005089	-0.0003131	-0.0008011	-0.0005945	-0.0005346	-0.0007028	-0.0003378	-0.0004517	-0.0009114	-0.0006631	-0.0006289	-0.0006932	-0.0008303	-0.0007434	-0.0008887	-0.0005237	-0.0007177	-0.0008566	-0.0005419
870.866	11482.83	-0.0003503	-0.0004698	-0.0007489	-0.0006961	-0.0006291	-0.0007207	-0.0008981	-0.0006526	-0.0008428	-0.0008247	-0.0008127	-0.0007153	-0.000798	-0.000621	-0.0005764	-0.0006541	-0.0006096	-0.000767	-0.0006728	-0.0008471	-0.0007055	-0.0007345	-0.0007688	-0.0006967	-0.0008163	-0.0008383	-0.0011	-0.0007426	-0.0006707	-0.001027	-0.000724
871.442	11475.23	-0.0004791	-0.0005602	-0.0008113	-0.000776	-0.000596	-0.0007278	-0.0007562	-0.0007153	-0.0008044	-0.001073	-0.0009934	-0.0007132	-0.0009962	-0.0005864	-0.000979	-0.0006678	-0.0008412	-0.0008068	-0.0006848	-0.0008963	-0.0006866	-0.0008471	-0.0007969	-0.0007515	-0.0009319	-0.001046	-0.0007566	-0.001125	-0.0007311	-0.0008656	-0.000812
872.019	11467.64	-0.0003884	-0.0005652	-0.0004639	-0.0005506	-0.0003455	-0.000549	-0.0005172	-0.0007152	-0.0006467	-0.000527	-0.0007539	-0.0007551	-0.0008196	-0.0004599	-0.001043	-0.0007612	-0.0006914	-0.0006559	-0.0006225	-0.0006022	-0.0005969	-0.0007616	-0.0007956	-0.0008917	-0.0007749	-0.0009678	-0.0006747	-0.001013	-0.0005524	-0.0007244	-0.0006712
872.596	11460.06	-0.0001807	-0.0001728	-0.0002453	-0.0003997	-0.0001145	-0.000438	-0.000394	-0.0001311	-0.0005866	-0.0002126	-0.0003463	-0.0005184	-0.0003863	-0.000589	-0.0004275	-0.0002749	-0.0004376	-0.0005573	-0.0004179	-0.0004867	-0.0005821	-0.000514	-0.0005633	-0.0005122	-0.0006461	-0.0003296	-0.000712	-0.0004548	-0.0008135	-0.0006036	-0.0003971
873.173	11452.49	0.0001132	-0.0002653	-0.0001801	-0.0003954	-0.0003236	-0.0004022	-0.0003809	-0.0002911	-0.0004993	-0.0006436	-0.0004161	-0.0004182	-0.0005323	-0.000785	-0.0004514	-0.0001621	-0.0006064	-0.0005758	-0.0005579	-0.0005398	-0.0006771	-0.0005525	-0.0006825	-0.0003804	-0.0005257	-0.0005897	-0.0005426	-0.0005936	-0.0005714	-0.0006555	-0.0004947
873.749	11444.93	-4.881E-5	-0.0001803	-0.0002793	-0.0002089	-0.0004376	-2.209E-5	-0.0003016	-0.0005367	-0.0004479	-0.0007771	-0.0002501	-0.0006724	-0.0006913	-0.0004101	-0.0005426	-0.000345	-0.0005171	-0.0003792	-0.0006763	-0.000512	-0.0003148	-0.0006229	-0.000854	-0.0003667	-0.0005361	-0.0008294	-0.0006581	-0.0004132	-0.0004417	-0.0006505	-0.0006437
874.326	11437.38	0.0002794	-0.0002232	-0.000187	-0.0003234	-0.0002266	-0.0003286	-0.0003942	-0.0002423	-0.0005066	-0.0002972	-0.0003765	-0.0002357	-0.0003516	-0.0003833	-0.0002843	-0.0003735	-0.0004865	-0.0006448	-0.0005452	-0.0006947	-0.0001851	-0.0005609	-0.0005893	-0.0003354	-0.0004542	-0.0003124	-0.0005529	-0.0006251	-0.0004803	-0.0004581	-0.0007558
874.903	11429.84	0.0002095	-0.0003964	-0.000351	-0.0003988	-0.0004431	-0.0004529	-0.0004374	-0.0005017	-0.000323	-0.0006155	-0.0003123	-0.000492	-0.0004239	-0.0007597	-0.0001265	-0.0005781	-0.0005155	-0.0007666	-0.0005683	-0.0005589	-0.0003995	-0.0005924	-0.0005611	-0.0008719	-0.0006009	-0.0005667	-0.0002915	-0.0006757	-0.0004075	-0.0007199	-0.0007179
875.479	11422.31	0.0004704	-0.0003841	-7.452E-5	-0.0002117	-0.0001769	-0.0004512	-0.0004841	-0.0007349	-0.0003618	-0.0004259	-0.0006827	-0.0002947	-0.0004522	-0.000409	-0.0003655	-0.0003912	-0.0004157	-0.00053	-0.0007179	-0.000634	-0.0003984	-0.0006954	-0.0005489	-0.0006468	-0.0004015	-0.0004391	-0.0005938	-0.0005804	-0.000574	-0.0006309	-0.0005664
876.056	11414.79	-9.865E-5	-8.083E-5	9.869E-5	-0.0001441	-0.0003833	-0.0003927	-0.0005687	-0.000499	-0.0001506	-0.0003638	-0.0006299	-0.0003577	-0.0006397	-0.0005021	-0.0003636	-0.000602	-0.0005187	-0.0001673	-0.0006515	-0.0002453	-0.0004522	-0.0006311	-0.0005175	-0.0003712	-0.0005014	-0.0003155	-0.0007058	-0.0004067	-0.0004773	-0.0004756	-0.0002679
876.633	11407.28	4.682E-6	-6.153E-5	0.0003041	-0.0003328	-0.0002071	-0.000505	-0.0004306	-0.0004765	-2.018E-5	-0.000536	-7.822E-5	-0.0002083	-1.202E-5	-0.0001935	-0.0004514	-0.0006843	-0.0007013	-0.000165	-0.0002992	-0.0007065	-0.0003147	-0.0002186	-0.000304	-6.653E-5	-0.0002898	-0.0005739	-0.0005147	-0.0004543	-0.0003817	-8.913E-5	-7.122E-5
877.210	11399.78	-0.000357	-0.0002654	-0.0003114	-0.000289	-0.0002913	-0.0004978	-0.0003938	1.585E-5	-0.0002953	-0.0001589	-0.0002116	-2.53E-5	-0.0007482	-0.0003958	-0.0005051	-0.0001887	-0.0007215	-0.0003159	-5.582E-5	-0.0004981	0.0001159	-0.0003864	-0.0004313	-0.000365	-7.592E-5	-0.0004262	-0.0002977	-0.0002537	-0.0004805	-0.0005367	-0.0003127
877.786	11392.29	-0.0003724	-0.0006685	-0.0009283	-0.0009669	-0.0007159	-0.0007199	-0.0006769	-0.0003434	-0.0004887	-0.000876	-0.0007738	-0.0008183	-0.0007615	-0.0004176	-0.0007009	-0.0008161	-0.0006979	-0.0008261	-0.000724	-0.0006363	-0.001128	-0.0002893	-0.0008467	-0.0006969	-0.0006582	-0.0006229	-0.0009041	-0.0004426	-0.0007911	-0.000705	-0.0006272
878.363	11384.81	-0.0001266	-0.0004439	-0.0001777	-0.000694	-0.0008217	-0.0001616	-0.0004099	-0.0004338	-0.0007268	-0.0006201	-0.0003481	-0.000312	-0.0004009	-0.0002953	-0.0004304	-0.0004353	-0.0006584	-0.0008201	-0.0003255	-0.0004706	-0.0008157	-0.0006017	-0.0006172	-0.0005267	-0.0007642	-0.000621	-0.0001676	-0.0004706	-0.0003031	-0.0003127	-0.0006508
878.940	11377.34	-0.00015	-0.0004738	-0.0004122	-0.0006728	-0.0002518	-0.0005794	-0.0007527	-0.0005513	-0.0009324	-0.0005864	-0.0009343	-0.0003088	-0.0006116	-0.0001903	-0.0005372	-0.0004824	-0.0008888	-0.000715	-0.000462	-0.0006887	-0.0006212	-0.0005105	-0.0003876	-0.0003916	-0.0009846	-0.0009117	-0.0008789	-0.0006073	-0.0007361	-0.0004091	-0.0006107
879.516	11369.88	-0.0002002	2.597E-5	-0.0002279	-0.0001718	-0.0005652	-0.0004626	-0.000291	-0.0002191	-0.0004568	-0.0003936	-0.0003178	-1.841E-5	-0.0003264	-0.0001848	-0.0008244	-0.00055	-0.0002959	-0.0005822	-0.0003417	-8.968E-5	-0.0006589	-0.0005115	-0.0002797	-0.0005243	-0.0004396	-0.0006887	-0.0003355	-0.0005412	-0.0005963	-0.0005027	-0.0005197
880.093	11362.43	-0.0003546	-0.0003343	-0.0001489	-0.0005819	-0.0002149	-0.0005678	-0.0004686	-0.0004553	-0.0008403	-0.0004691	-0.0005927	-0.0007642	-0.0005637	-0.0006102	-0.0006642	-0.0009085	-0.0005107	-0.0005116	-0.0007384	-0.0009606	-0.0007316	-0.0007246	-0.001366	-0.0005411	-0.0007551	-0.0006469	-0.0008667	-0.0005846	-0.0008254	-0.0008959	-0.001231
880.670	11354.99	-0.0005495	-0.0006765	-0.0006028	-0.0008629	-0.0009041	-0.0008001	-0.00037	-0.0007397	-0.0007155	-0.0007518	-0.0009073	-0.0009432	-0.0005405	-0.0008544	-0.001278	-0.0008598	-0.00075	-0.001119	-0.001316	-0.0012	-0.000782	-0.001191	-0.0007533	-0.0009312	-0.00119	-0.001161	-0.000789	-0.0006871	-0.001301	-0.001342	-0.0008904
881.247	11347.56	-0.0008894	-0.0008218	-0.000974	-0.0008436	-0.0007165	-0.001156	-0.0008175	-0.001008	-0.001007	-0.001385	-0.001398	-0.001235	-0.0009652	-0.001185	-0.001352	-0.001213	-0.001201	-0.001089	-0.001345	-0.00112	-0.001256	-0.001618	-0.001018	-0.0008184	-0.001249	-0.001369	-0.001215	-0.001359	-0.0009827	-0.00112	-0.001185
881.823	11340.14	-0.001045	-0.000743	-0.0009423	-0.00129	-0.001053	-0.001129	-0.001476	-0.001294	-0.001627	-0.001319	-0.0008572	-0.001029	-0.001019	-0.001213	-0.001175	-0.001293	-0.001335	-0.001408	-0.001315	-0.00127	-0.001212	-0.001562	-0.001413	-0.001168	-0.001225	-0.001534	-0.0009783	-0.001033	-0.001533	-0.0009396	-0.001076
882.400	11332.73	-0.0007615	-0.0009332	-0.0006276	-0.0008556	-0.0002529	-0.0004988	-0.0004755	-0.0009101	-0.0007864	-0.0007694	-0.0007772	-0.0007925	-0.001006	-0.001038	-0.000884	-0.001004	-0.001181	-0.001335	-0.0008886	-0.00105	-0.001227	-0.001057	-0.0008273	-0.001252	-0.001119	-0.001205	-0.0009468	-0.0008659	-0.0009017	-0.001115	-0.000997
882.977	11325.33	-0.001135	-0.0008734	-0.0008932	-0.001082	-0.001006	-0.001095	-0.001228	-0.00135	-0.001245	-0.001269	-0.001445	-0.000951	-0.001206	-0.001318	-0.001143	-0.001347	-0.00139	-0.001199	-0.001195	-0.001566	-0.001507	-0.001525	-0.001494	-0.001377	-0.00128	-0.001278	-0.001167	-0.001161	-0.001291	-0.001946	-0.001633
883.553	11317.94	-0.0008253	-0.0008642	-0.0006876	-0.001088	-0.0009684	-0.001072	-0.001082	-0.0007421	-0.0008364	-0.0008503	-0.0008618	-0.0008986	-0.0009697	-0.001388	-0.001226	-0.001394	-0.001109	-0.001055	-0.001323	-0.001332	-0.001195	-0.001502	-0.001468	-0.001159	-0.00116	-0.001401	-0.0008694	-0.001409	-0.001186	-0.001614	-0.001487
884.130	11310.55	-0.000588	-0.0008576	-0.0009002	-0.0009252	-0.001054	-0.001337	-0.00132	-0.001173	-0.001215	-0.0009485	-0.001177	-0.001274	-0.001158	-0.001278	-0.001544	-0.00137	-0.001065	-0.001048	-0.001368	-0.001101	-0.001555	-0.00115	-0.001679	-0.001508	-0.001115	-0.001224	-0.001198	-0.001114	-0.001215	-0.001581	-0.001347
884.707	11303.18	-0.0008823	-0.001253	-0.001286	-0.00119	-0.00106	-0.001246	-0.001219	-0.001835	-0.000968	-0.001066	-0.001333	-0.001195	-0.001277	-0.001379	-0.001554	-0.001451	-0.001392	-0.001552	-0.001454	-0.001474	-0.001487	-0.001566	-0.001813	-0.0017	-0.001491	-0.001273	-0.001507	-0.001525	-0.001513	-0.001439	-0.001666
885.283	11295.82	-0.0005925	-0.000832	-0.001143	-0.00109	-0.0009676	-0.001106	-0.001081	-0.001265	-0.001063	-0.00117	-0.0013	-0.001193	-0.00134	-0.001205	-0.001254	-0.001504	-0.001188	-0.001289	-0.001487	-0.001396	-0.001323	-0.001632	-0.001906	-0.00128	-0.001094	-0.001453	-0.001485	-0.00127	-0.001502	-0.001314	-0.001464
885.860	11288.46	-0.0003158	-0.0006536	-0.001009	-0.0009283	-0.001182	-0.00079	-0.0009307	-0.0009578	-0.00105	-0.0008731	-0.001022	-0.001369	-0.001097	-0.0009665	-0.001341	-0.001281	-0.0008489	-0.001405	-0.001714	-0.001376	-0.001045	-0.001028	-0.001363	-0.001185	-0.001127	-0.001268	-0.001072	-0.000879	-0.001413	-0.00138	-0.001194
886.437	11281.12	-9.662E-5	-0.0006063	-0.0004255	-0.0006553	-0.0008608	-0.0005971	-0.0002541	-0.0007719	-0.0008787	-0.0008386	-0.0005545	-0.0008812	-0.0006011	-0.0006221	-0.0009114	-0.0007905	-0.0006799	-0.0008225	-0.001027	-0.0009687	-0.0007608	-0.0007957	-0.0006743	-0.0008774	-0.0008276	-0.0005775	-0.0009018	-0.0009089	-0.001112	-0.0009047	-0.001026
887.014	11273.78	-0.0001589	-0.0005049	-0.0003492	-0.0008298	-0.0006524	-0.0006974	-0.0006495	-0.0007164	-0.0009648	-0.0007881	-0.0006193	-0.000874	-0.0008876	-0.0009026	-0.001175	-0.00102	-0.0008559	-0.0005639	-0.0009821	-0.0006134	-0.0009619	-0.0008927	-0.0005277	-0.000626	-0.001113	-0.0005454	-0.0009812	-0.0009659	-0.0009809	-0.0008071	-0.0008247
887.590	11266.46	0.0001649	-0.0005088	-2.917E-5	-0.0005588	-0.0003616	-0.0002907	-6.097E-5	-0.0005107	-0.000497	-0.000861	-0.0005288	-0.000268	-0.0006437	-0.0006261	-0.000836	-0.0008772	-0.000498	-0.0008118	-0.0005747	-0.0007157	-0.0006122	-0.0007031	-0.0004719	-0.000332	-0.0007025	-0.0007135	-0.0005528	-0.0007003	-0.0004101	-0.0006083	-0.0005233
888.167	11259.14	8.389E-5	-0.0004257	-0.0003438	-0.0007356	-0.0005607	-0.0003178	6.359E-6	-0.0004682	-0.0003756	-0.0005726	-0.000499	-0.0002281	-0.0004185	-0.0007474	-0.0007273	-0.0005332	-0.0004164	-0.0007544	-0.0006501	-0.0006308	-0.0005629	-0.0006793	-0.0005637	-0.0004794	-0.0007009	-0.0007609	-0.0005732	-0.000652	-0.000356	-0.0004403	-0.0004659
888.744	11251.84	2.915E-5	-0.0004994	-0.0005272	-0.0007601	-0.0003309	-0.000389	-0.00044	-0.0004778	-0.0006709	-0.0005894	-0.0006979	-0.0005751	-0.0004966	-0.0005805	-0.0003362	-0.0006349	-0.0007595	-0.0008057	-0.0005418	-0.0005698	-0.0005877	-0.0006359	-0.000669	-0.0005868	-0.00106	-0.0005572	-0.0005438	-0.0007013	-0.0005121	-0.0004673	-0.0007104
889.320	11244.54	-1.369E-5	-0.0005134	-8.417E-5	-0.0003474	-0.0003754	-0.0003755	-0.0004514	-0.0005103	-0.0003474	-0.0002347	-0.0004734	-0.0004484	-0.0002776	-9.899E-5	-0.000285	-0.0005624	-0.0002211	-0.0005516	-0.0003067	-0.0004217	-0.000244	-0.0004251	-0.0002918	-0.0006656	-0.000835	-0.000439	-0.0004346	-0.0006428	-0.0004034	-0.0003997	-0.0005779
889.897	11237.25	1.611E-5	-0.00024	-0.0003241	-0.0004676	-0.0006769	-0.00049	-0.0003687	-0.0005647	-0.0002802	-0.0004365	-0.0003343	-0.0004072	-0.0005058	-0.0004102	-0.000449	-0.0006105	-0.0003116	-0.0005752	-0.0002142	-0.0003137	-0.0005924	-0.0005587	-0.0002927	-0.0006449	-0.0004113	-0.0005164	-0.0005885	-0.0005167	-0.0004282	-0.0004766	-0.0003213
890.474	11229.98	0.0001712	0.0002326	-0.0001487	-0.0003536	-0.0004231	-0.0002298	-0.0002529	-0.0003108	-0.0003183	-0.0005944	-0.000185	-0.000212	-0.0006372	-0.0004713	-0.0001993	-0.000296	-0.0004066	-0.0004484	-0.0001257	-0.0003478	-0.0006542	-0.0003914	-0.000405	-0.0003705	-0.0002696	-0.0003996	-0.00035	-0.0002734	-0.0003574	-0.0003795	-0.0002785
891.051	11222.71	-0.0001217	-7.587E-5	-9.49E-6	-0.0002247	-0.0004538	-0.000316	-0.000615	-0.0005527	-0.0006901	-0.0006451	-0.0002858	-0.0003026	-0.0008331	-0.0007855	-0.0005417	-0.0003472	-0.0006561	-0.0004045	-0.0004471	-0.0007582	-0.0006707	-0.0003295	-0.0005884	-0.0004639	-0.0004241	-0.0005702	-0.0005153	-0.0004324	-0.0005298	-0.0005266	-0.0006437
891.627	11215.45	1.976E-5	-0.0003535	3.93E-5	-0.000108	-0.0003542	-1.678E-5	-0.0003537	-0.0007879	-0.0002123	-0.000574	-0.0004648	-0.0002376	-0.0005635	-0.0006115	-0.0007156	-0.0004997	-0.000728	-0.000664	-0.000669	-0.0005895	-0.000655	-0.0003488	-0.0005713	-0.0005546	-0.000432	-0.0002194	-0.0007105	-0.0002729	-0.0004305	-0.0003885	-0.0006653
892.204	11208.20	0.0001269	-0.0003926	1.023E-5	-0.000155	-0.0002809	-0.0004516	-0.0004006	-0.0007358	-0.0001937	-0.000445	-0.0004868	-0.0003309	-0.0004431	-0.0006993	-0.0006315	-0.0003927	-0.0005664	-0.0006538	-0.0006602	-0.0007897	-0.0008656	-0.0006413	-0.0006105	-0.0007128	-0.0008446	-0.0003027	-0.0007878	-0.0003764	-0.0004107	-0.0004785	-0.0008504
892.781	11200.96	-0.0002967	-0.0004635	-0.0001314	-0.0005862	-0.0005062	-0.0008775	-0.0005075	-0.0009019	-0.0007496	-0.0009	-0.0006881	-0.0007841	-0.0005998	-0.0009745	-0.0007751	-0.0007018	-0.0008077	-0.0008881	-0.0009395	-0.001046	-0.001248	-0.001083	-0.0009887	-0.0009037	-0.001026	-0.0009012	-0.0009508	-0.0007831	-0.0009172	-0.0007197	-0.0009476
893.357	11193.73	-0.0001156	-0.0005447	-8.61E-5	-0.0005809	-0.0004825	-0.0005392	-0.0002879	-0.0004946	-0.0005569	-0.0007666	-0.00056	-0.0007121	-0.0008577	-0.0006622	-0.0008934	-0.0007005	-0.0005979	-0.0008365	-0.001045	-0.001046	-0.001058	-0.001168	-0.0006519	-0.0004641	-0.000663	-0.001065	-0.0006699	-0.0008757	-0.0008992	-0.0007751	-0.0008977
893.934	11186.51	7.875E-5	-0.000161	-7.014E-5	-0.0001627	-0.0001767	-0.0003439	-0.0001388	-0.0003091	-0.0003067	-0.0003408	-0.0004708	-0.0003389	-0.0006463	-0.0003492	-0.000802	-0.0004182	-0.0002418	-0.000479	-0.0008436	-0.0007477	-0.0006328	-0.0004234	-0.0004511	-0.0004499	-0.0005604	-0.0007092	-0.0004801	-0.0003911	-0.0004341	-0.000546	-0.0008573
894.511	11179.29	-0.0002251	-0.0002787	-0.0005218	-0.0005053	-0.000371	-0.0007167	-0.0004418	-0.0003389	-0.0005603	-0.0008635	-0.0007202	-0.000714	-0.0009013	-0.0005627	-0.0008007	-0.0004563	-0.0007707	-0.0009014	-0.000826	-0.0009037	-0.0006889	-0.0006977	-0.000756	-0.0007027	-0.0007383	-0.0009888	-0.0007085	-0.0006914	-0.0003697	-0.001033	-0.0007883
895.088	11172.09	-0.0004652	-0.0003848	-0.0003022	-0.0007111	-0.0003329	-0.0005145	-0.0004988	-0.000592	-0.0007346	-0.0006727	-0.0005143	-0.0007166	-0.0008794	-0.0008097	-0.0008714	-0.0005323	-0.0005384	-0.0008277	-0.0009807	-0.0007516	-0.0005086	-0.000983	-0.0008147	-0.0008637	-0.0009925	-0.0009447	-0.00079	-0.0007329	-0.0007161	-0.0009534	-0.001093
895.664	11164.90	-0.000139	-0.000536	-0.0006087	-0.0009537	-0.0005039	-0.000683	-0.0006564	-0.001117	-0.001034	-0.00105	-0.001123	-0.0009571	-0.001039	-0.001169	-0.001241	-0.001114	-0.001083	-0.001178	-0.001205	-0.001031	-0.001276	-0.001251	-0.00136	-0.001292	-0.001325	-0.001413	-0.001268	-0.001121	-0.001177	-0.001487	-0.001606
896.241	11157.71	-0.0001012	-0.000215	0.0001013	-0.00086	-0.0004856	-0.0004053	-0.000599	-0.0007654	-0.0008225	-0.0007451	-0.0006244	-0.0007173	-0.0009669	-0.0006939	-0.00111	-0.0007949	-0.0009179	-0.00117	-0.0009341	-0.0008477	-0.0008838	-0.0006941	-0.001042	-0.001016	-0.001138	-0.0009695	-0.00102	-0.0009475	-0.0009733	-0.0009396	-0.001215
896.818	11150.54	-0.0004385	-0.0003578	7.206E-5	-0.0003564	-0.0003815	-0.0003868	-0.0001993	-0.0006448	-0.000402	-5.953E-5	-0.0007212	-0.000886	-0.00107	-0.0007608	-0.001242	-0.0008771	-0.0004775	-0.0006774	-0.0007563	-0.0006944	-0.0006892	-0.0009248	-0.0008966	-0.000607	-0.0007331	-0.0007245	-0.0007328	-0.0007282	-0.0008699	-0.0008658	-0.0009368
897.394	11143.37	-0.0005726	-0.0001691	-0.0005319	-2.069E-6	-0.0005306	-0.0004148	-0.0003258	-0.0004597	-0.0002891	-0.0007231	-0.0001704	-0.0004814	-0.0005148	-0.0004013	-0.0007733	-0.000638	-0.0003597	-0.0008477	-0.0007771	-0.0004412	-0.0006753	-0.0008259	-0.0009354	-0.0008195	-0.0008034	-0.0008136	-0.0006266	-0.0004699	-0.0007452	-0.0005396	-0.0008345
897.971	11136.22	0.0001426	-0.0001781	-0.0002206	0.0001187	-0.0001079	0.0001057	-5.112E-5	-2.258E-5	-0.0002891	-0.0003496	-0.0005955	-0.0001663	-0.0003116	6.006E-6	-0.0004119	-0.0002373	-6.602E-5	-0.0002369	-0.0004682	-0.000508	-0.0004496	-0.0002105	-0.0004049	-2.508E-5	-0.0002389	-0.0006411	-0.0003012	-0.0004404	-0.0002835	-0.0003565	-0.0002496
898.548	11129.07	0.0004614	0.0005629	0.0003871	0.0004054	0.0002602	0.0001607	9.431E-5	0.0001877	-0.0002104	-6.039E-5	0.0003644	0.0003873	-1.896E-5	0.0001019	0.0001286	4.704E-5	0.0002102	-9.661E-5	7.582E-5	0.0003569	0.0002216	-0.0001066	0.0001844	0.0003143	-3.08E-6	-0.0003098	-3.388E-5	-0.000235	-1.938E-5	-2.854E-5	0.0003879
899.125	11121.93	0.0002597	0.000256	7.911E-5	-7.325E-5	8.857E-5	3.444E-5	9.601E-5	-0.0002191	-0.0001234	-0.0002347	0.0001632	-3.995E-5	-0.0004364	-4.228E-6	-0.0003761	-5.699E-6	-0.0002041	-0.0001147	-0.0003685	-0.0004926	-0.0002923	-0.0002636	-0.0001057	-0.000244	-3.55E-5	-0.0001585	-0.0002534	-0.0002905	-0.0003397	-0.000446	-4.724E-5
899.701	11114.80	0.00011	2.425E-5	-0.0001913	-0.0004909	-0.0001669	-0.0002999	-0.0002936	-7.902E-5	-0.0003693	-0.0003678	-0.0007204	-0.0004899	-0.0004548	-0.0003527	-0.0004074	-0.0001824	-0.0003975	-0.0005645	-0.0003767	-0.0005447	-0.0004174	-0.0005999	-0.0008324	-0.0004831	-0.0003243	-0.0006173	-0.0006791	-0.0002816	-1.685E-5	-0.0006107	-0.0008317
900.278	11107.68	-0.0005199	-0.001106	-0.0005535	-0.0007348	-0.0006717	-0.0007913	-0.0006186	-0.001132	-0.0006055	-0.0007569	-0.0005915	-0.0007984	-0.001142	-0.0006964	-0.0007605	-0.0006747	-0.0006638	-0.0008986	-0.0007049	-0.0006953	-0.0008114	-0.0008467	-0.001039	-0.001066	-0.0007745	-0.001071	-0.0006833	-0.0005853	-0.000972	-0.0006826	-0.0009817
900.855	11100.57	-0.000158	-0.0006399	-0.0001752	-0.0007439	-0.000456	-0.0002375	-0.0001529	-0.0007766	-0.0005374	-0.0004168	-0.00053	-0.0005176	-0.000181	-0.0008557	-0.000733	-0.0003343	-0.000646	-0.0006891	-0.0006303	-0.0006689	-0.0006833	-0.0006867	-0.000602	-0.0008197	-0.000642	-0.0005698	-0.0006295	-0.000456	-0.0006829	-0.0005554	-0.0003686
901.431	11093.47	-0.0002832	-0.0007155	-0.0003114	-0.001034	-0.0009247	-0.0006479	-0.000763	-0.0007752	-0.0007274	-0.0006449	-0.001236	-0.001102	-0.001078	-0.0006716	-0.0009864	-0.0006877	-0.0009808	-0.001053	-0.0008573	-0.0007813	-0.0007891	-0.0008627	-0.001104	-0.0007286	-0.00099	-0.0009149	-0.0007829	-0.0006389	-0.0007957	-0.001218	-0.0009542
902.008	11086.38	-0.0001966	-0.0008187	-0.0005655	-0.0006159	-0.0008035	-0.0006784	-0.0002629	-0.0002541	-0.0004677	-0.0007145	-0.0006313	-0.0004543	-0.0006886	-0.0005886	-0.000976	-0.0007336	-0.0007593	-0.0005572	-0.0009041	-0.0007507	-0.0007903	-0.0004879	-0.0006509	-0.0003877	-0.0005827	-0.0006423	-0.001027	-0.0004178	-0.000862	-0.0007887	-0.0006215
902.585	11079.29	-0.0003958	-0.0006384	-0.0009986	-0.0003379	-0.0008586	-0.0009159	-0.0006516	-0.0009685	-0.0008062	-0.0006874	-0.0006173	-0.0007757	-0.0006943	-0.0006695	-0.0005925	-0.0008305	-0.000961	-0.0009072	-0.0007688	-0.000677	-0.0009926	-0.0008926	-0.0008072	-0.0009237	-0.0007031	-0.0009374	-0.0007312	-0.0009114	-0.0008284	-0.001054	-0.0008402
903.161	11072.22	-0.0002957	-0.0008498	-0.001281	-0.0006038	-0.0007689	-0.001061	-0.0006318	-0.001034	-0.0007312	-0.0007794	-0.0009784	-0.0008102	-0.0009027	-0.0009799	-0.0009321	-0.001087	-0.0009797	-0.000988	-0.00135	-0.00117	-0.001056	-0.001163	-0.001062	-0.001454	-0.001006	-0.0009734	-0.0008607	-0.001027	-0.00109	-0.0009401	-0.001145
903.738	11065.15	-0.0003605	-0.0006243	-0.0008567	-0.000416	-0.0005079	-0.0007231	-0.0002663	-0.0005557	-0.0005921	-0.0005713	-0.0005963	-0.0006365	-0.00078	-0.0006246	-0.0008398	-0.0005392	-0.0007411	-0.0006773	-0.0008136	-0.0008493	-0.0007716	-0.0004633	-0.0006081	-0.0007947	-0.0008556	-0.0006129	-0.0004533	-0.0006104	-0.0005583	-0.0008059	-0.0008558
904.315	11058.09	-0.0003645	-0.0002067	-0.0002465	-0.0002073	-0.0004013	-0.0001682	-0.0001626	-0.0006168	-0.0003269	-0.0003991	-0.0002918	-0.0003115	-0.0005768	-0.0004965	-0.000433	-0.0005112	-0.0003858	-0.0006083	-0.0006076	-0.0004054	-0.000498	-0.0001143	-0.0006135	-0.0004036	-0.0004924	-0.0006638	-0.0004716	-0.0004681	-0.0005659	-0.000453	-0.0008006
904.892	11051.05	-0.0004431	-0.0001217	-0.0003905	-0.0002931	-0.0005075	-0.0005656	-0.0005015	-0.0007897	-0.0006564	-0.0007297	-0.0003951	-0.0004302	-0.001087	-0.0006284	-0.0005524	-0.0009632	-0.000741	-0.0008188	-0.0004953	-0.0007145	-0.0006961	-0.0005174	-0.000916	-0.000627	-0.0007624	-0.0008917	-0.0008963	-0.0006766	-0.0004556	-0.0007206	-0.0004011
905.468	11044.01	-0.0002901	-0.0005014	-0.0002617	-0.001004	-0.0002605	-0.0004645	-0.0007536	-0.0007989	-0.0004763	-0.0005778	-0.0008042	-0.0005289	-0.000809	-0.0006979	-0.0005091	-0.0005901	-0.0004939	-0.0006235	-0.0005266	-0.0005744	-0.0005026	-0.0006656	-0.0006776	-0.0006677	-0.0006031	-0.001023	-0.0009055	-0.0005538	-0.0005357	-0.0006675	-0.0008856
906.045	11036.98	-0.0004644	-0.0004617	-0.0003062	-0.0006548	-0.0003795	-0.0006723	-0.0007433	-0.0007468	-0.000616	-0.0009122	-0.0006856	-0.0007088	-0.0009106	-0.0008738	-0.0006815	-0.0009812	-0.0007034	-0.0005276	-0.0006387	-0.0006941	-0.0007469	-0.0007456	-0.0008947	-0.0006678	-0.0008107	-0.0006646	-0.0008945	-0.0008254	-0.0006948	-0.0007372	-0.00101
906.622	11029.96	-0.0001606	-0.0002051	-0.000189	-0.0001682	-0.0002466	-0.0005228	-0.0005804	-0.0004994	-0.0004665	-0.0003774	-0.000336	-0.0004236	-0.0004017	-0.0004482	-0.0004733	-0.0004434	-0.0003466	-0.0002118	-0.0001939	-0.0005825	-0.0003992	-0.0005925	-0.0007258	-0.0006956	-0.0003072	-0.0004588	-0.0005752	-0.0004363	-0.0004125	-0.0004766	-0.0005311
907.198	11022.95	-0.0005303	-0.0007227	-0.0005785	-0.000566	-0.0004744	-0.0009243	-0.0009474	-0.0009742	-0.001005	-0.0007745	-0.0006506	-0.0007745	-0.0008287	-0.0008064	-0.0007412	-0.0006529	-0.0007215	-0.000456	-0.0007099	-0.0008743	-0.0006894	-0.0008156	-0.001088	-0.0006	-0.0007565	-0.0006542	-0.0008126	-0.0008504	-0.0008226	-0.0004951	-0.0005288
907.775	11015.94	-0.0003541	-0.0006814	-0.0007589	-0.001082	-0.0004035	-0.0007659	-0.0006889	-0.0007399	-0.0008676	-0.001179	-0.0004078	-0.0005681	-0.0008722	-0.0007862	-0.0007939	-0.0009558	-0.001083	-0.0004449	-0.0008118	-0.0006395	-0.0004447	-0.0009769	-0.0009429	-0.0008005	-0.0008449	-0.0007019	-0.0007884	-0.0009325	-0.0005806	-0.0005464	-0.0005518
908.352	11008.95	-0.0001168	-0.0004805	-0.000419	-0.0009502	-0.0005319	-0.0005318	-0.0005635	-0.000758	-0.0007107	-0.0009446	-0.0005579	-0.0002725	-0.0006413	-0.0005597	-0.0004228	-0.0006906	-0.0007429	-0.0005079	-0.000703	-0.0005798	-0.0002665	-0.0007913	-0.0007322	-0.0006309	-0.000483	-0.0007202	-0.0003091	-0.0006522	-0.0003817	-0.0003484	-0.0005431
908.929	11001.96	-7.42E-5	-0.0003295	-0.0001456	-0.0004305	-0.0003416	-0.0003911	-0.0003736	-0.0004224	-0.0005111	-0.0006337	-0.0004834	-0.0006016	-0.000487	-0.0002392	-0.0003345	-0.0002799	-0.0003452	-0.0003277	-0.0003191	-0.0004387	9.699E-5	-0.0002955	-0.0003157	-0.0002495	-0.0001094	-0.0003023	8.164E-5	-0.0002664	-0.0002693	-0.0001114	-0.0001509
909.505	10994.99	0.0001401	-0.0003395	-0.0002824	-0.0001615	-0.0003161	-0.0003561	-0.0004385	-0.0003935	-0.0001834	-0.0003428	-0.0001712	-0.0007511	-0.0003345	-0.0001524	-0.0001618	-0.0002023	-9.665E-5	-0.0002522	-0.0002093	-5.665E-5	2.733E-5	-0.0001954	0.0001331	0.0001475	-1.115E-5	-0.0001247	0.0001846	-0.0001595	-0.0001253	3.126E-5	0.0001376
910.082	10988.02	0.0005311	-0.0002761	-0.0002272	-0.0002312	-0.0002473	-0.0003874	-0.0002646	-0.000451	4.397E-5	-0.0003372	-0.0001366	-0.0003012	-0.0003401	-0.0003051	-9.824E-5	-0.0005914	-0.0001014	-0.0002182	-0.0001553	1.527E-5	-0.0004066	-0.0002623	-0.0002668	0.0001071	1.982E-5	-0.0002459	-9.799E-5	-0.0001231	6.536E-5	0.0001222	2.518E-5
910.659	10981.06	0.0004426	-0.000209	-0.0002494	-0.0002457	-0.0002609	-0.0004592	-0.0001718	-0.0002774	-0.0001547	-0.0005504	-0.0001944	-7.438E-6	-0.0003955	-0.0005052	-0.0004411	-0.0003742	-0.0001324	-0.0002613	-0.0001423	-4.667E-5	-0.0003346	-0.0004725	-0.0002724	-0.0001236	-0.0001457	-0.0004394	-0.0002201	-0.0003405	-3.288E-5	-3.104E-5	-3.445E-5
911.235	10974.11	0.0004967	5.595E-5	-0.0002074	-7.06E-5	-0.0001751	-0.0001867	-0.0001593	-0.0001162	-5.057E-5	-0.0003577	-6.051E-6	0.0001722	1.215E-6	-7.084E-5	-0.0003198	-2.99E-5	-0.0002486	-2.475E-5	-0.0001202	0.0001309	-0.0001215	-0.0002063	0.0001261	7.095E-5	-5.196E-5	-0.0002308	-0.0001706	-0.0003087	0.000178	-0.0001621	0.0002604
911.812	10967.17	0.0003178	6.183E-5	-0.0001474	-0.0003478	-0.0003292	-0.0002461	-0.0003843	-0.0003616	-0.0003319	-0.0004435	-0.0003572	6.477E-5	-0.0003919	-0.0003444	-0.0003138	-0.0003926	-0.0003393	-0.0003817	-0.0003934	-0.0002233	-0.0003895	-0.0003339	-7.767E-5	-0.000192	-0.0003761	-0.0004946	-0.0005411	-0.0006776	-0.0003002	-0.0004637	-0.0001745
912.389	10960.24	0.0001721	-0.0001188	-0.0003649	-0.0003098	-0.000462	-0.0004849	-0.0003531	-0.0005085	-0.0002648	-0.0005158	-0.0007084	-1.522E-5	-0.0007905	-0.0007112	-0.0003479	-0.0003942	-0.0006397	-0.0005716	-0.0004888	-0.0004395	-0.0005556	-0.0006356	-0.0004275	-0.0005009	-0.0003488	-0.0009042	-0.0005492	-0.0008259	-0.0006013	-0.0003815	-0.000205
912.966	10953.32	0.0003721	-0.0001435	-4.694E-5	-0.0002197	-0.0001923	-0.0001172	-0.0002177	-0.0003132	-6.599E-5	-0.0003961	-0.0004609	-7.113E-5	-0.0001903	-0.000187	-8.985E-5	-0.0002867	-0.0002282	-0.000434	-0.0002321	-0.0001291	-0.000548	-0.0002036	-0.0003029	-0.000582	-0.000396	-0.0005641	-0.0002776	-0.0002327	-0.000386	-0.0001791	9.692E-5
913.542	10946.40	0.0005299	-6.438E-5	-2.014E-5	-0.0004456	6.509E-5	-0.0002169	-0.0005503	-0.0004583	-0.0001486	-0.0003745	-0.0002149	-0.0002563	-0.000355	-0.0003127	-0.0005084	-0.0001077	-0.0002776	-0.0002932	-4.333E-5	-0.0003033	-0.0005543	-0.0003376	-0.00032	-0.0002779	-0.0004276	-0.0004805	-0.0004663	-0.0001135	-0.0001244	-0.0002741	-0.0001816
914.119	10939.50	-0.0002326	-0.000981	-0.0004177	-0.0008895	-0.0005383	-0.00105	-0.0008264	-0.0007438	-0.0006827	-0.001062	-0.0006605	-0.0006774	-0.0009777	-0.0009276	-0.0009864	-0.0007104	-0.0006228	-0.0008008	-0.0006643	-0.0007392	-0.0005486	-0.0008179	-0.001147	-0.0009008	-0.0009115	-0.00105	-0.0009639	-0.0006109	-0.0008219	-0.0006316	-0.0007977
914.696	10932.60	-5.242E-5	-0.0006024	-0.0007694	-0.0008101	-0.0004562	-0.0006269	-0.0006705	-0.0006449	-0.0003725	-0.000536	-0.0007266	-0.0004295	-0.0008688	-0.0006077	-0.001046	-0.0008694	-0.0002303	-0.0008431	-0.0009938	-0.0005667	-0.000642	-0.0007249	-0.001209	-0.0007228	-0.0007072	-0.0008106	-0.0003821	-0.0007516	-0.001016	-0.0008191	-0.0005647
915.272	10925.71	8.61E-5	9.106E-5	-0.0003429	-0.0003074	0.0001331	-0.0002891	-0.0001022	-0.0004791	0.0001283	-0.0001069	-0.0003011	-0.0001373	-0.0001489	-9.704E-5	-0.0003403	-3.254E-5	-0.0001569	7.342E-5	-9.88E-5	-0.0002446	-0.0001779	-0.0002754	-0.000458	-1.266E-5	-0.0003494	-0.0003016	0.0002052	-8.377E-5	-0.0002182	0.0001969	-0.0003854
915.849	10918.83	0.0003773	0.0001977	0.0001038	-1.189E-5	7.457E-5	0.0002302	-0.000474	-0.0002947	4.622E-5	-0.0001233	6.102E-6	-0.0001583	-0.0002206	-0.0003881	-0.0001835	0.0003472	-0.0001089	-0.0003436	-0.0001214	-0.00033	-0.0003737	-0.0003284	-0.0001725	-0.000374	-0.0003384	-0.0002607	1.808E-5	-9.338E-5	-0.0002673	-0.0002929	-0.0006754
916.426	10911.96	-0.0002139	0.0002297	-0.0005583	-0.0001673	-0.0005906	-0.0004238	-0.0004232	-0.0005372	-0.000215	-0.0004611	-7.288E-5	-0.0003081	-0.0006697	-0.0004379	-0.0002619	-0.0006574	-0.0002982	-0.000854	-0.0005225	-0.0006578	-0.0004283	-0.000413	-0.0002334	-0.0006217	2.902E-5	-0.0007781	-0.000326	-0.00038	-0.0007369	-0.0002036	-0.0002373
917.002	10905.10	0.0002755	-0.0001049	3.892E-5	-0.00011	0.0001244	0.0002398	-4.928E-5	-0.000416	0.0002515	0.000244	-8.87E-5	-0.0001143	-0.0001743	-8.5E-5	-8.34E-5	-0.0003078	7.677E-5	-2.099E-5	-0.0002888	7.368E-5	-8.051E-5	0.0001458	-9.423E-5	4.61E-5	-0.0002025	-3.394E-5	0.000164	3.01E-5	3.723E-5	0.0003669	1.036E-5
917.579	10898.24	0.0003008	0.0004013	0.0004307	2.929E-6	0.0003452	-0.0001771	-0.000127	0.0002608	0.0005241	-0.0001846	-0.0002651	-0.0004221	-0.0003734	7.884E-6	-0.0001188	-0.0001559	0.0002966	-0.0005078	-0.0004271	-0.0005952	-5.099E-5	-0.0003453	-0.0002725	-2.294E-6	2.996E-5	-0.000115	-0.0001435	9.434E-5	-0.0001265	-0.0001238	-0.0003293
918.156	10891.40	-0.0001073	-2.098E-5	-7.358E-5	-0.0002627	-2.619E-5	-0.0002091	-0.0005286	-6.049E-5	-0.0001856	-0.0006387	0.0001519	-0.000237	-9.855E-5	-0.0002941	-0.0003496	-0.0005285	-0.0002888	-0.0001165	-0.000214	-0.0001342	-0.0001873	-0.000426	-9.4E-5	-0.0002872	-0.0001855	-0.0006416	-8.881E-5	-0.0003571	-0.0002682	-0.0005543	-7.099E-5
918.733	10884.56	0.0007079	0.0001525	0.0002614	-0.0002008	6.6E-5	-0.0005148	-0.0002601	-0.0003616	4.394E-5	-0.00036	-0.0003677	8.228E-5	-0.0001732	-0.0005405	9.95E-5	-6.302E-5	-0.0002254	-0.0006073	-0.0001697	-0.0002744	-7.809E-6	0.0002287	8.164E-6	-0.0002997	5.283E-5	-0.0002889	-0.0002513	-0.0002735	-0.0001606	-0.0001975	-0.0001604
919.309	10877.73	-0.0001585	-0.0002456	-0.0001144	-0.0006285	-0.0003831	-0.0004097	-0.0006299	-0.000889	-0.0003593	-0.0005825	-0.0007958	-0.0004188	-0.0007597	-0.000378	-0.0004059	-0.0004218	-0.0007425	-0.0009369	-0.001218	-0.0007839	-0.0007181	-0.0007515	-0.001102	-0.0003431	-0.0003129	-0.0004209	-0.000692	-0.0002089	-0.001136	-0.001232	-0.0002029
919.886	10870.91	0.0004095	-0.000519	-0.0004196	-0.0002944	-0.0001117	-0.0003518	-0.0005064	-0.0006195	-0.0006965	-0.0001478	-0.0006058	-0.0007461	-0.0007973	-0.0003397	-0.0004265	-0.000387	-0.0001051	-0.0006493	-0.000776	-0.0005067	-0.0005989	0.000144	-0.0006074	-0.0008356	-0.0001356	-0.0001901	-0.0006666	-0.0004825	-7.911E-5	-0.0004343	-0.0002494
920.463	10864.10	0.0001186	-0.0004599	-0.0004429	-0.0005412	-0.0002109	-0.0006108	-0.0002422	-0.0003309	-0.0002975	-0.0003117	-0.0006288	-0.0002326	-0.0005036	-0.0005049	-0.0003032	-0.000252	-0.0001367	-0.0008573	-0.0005663	-0.0002416	-0.0005489	-0.0007432	-0.000642	-0.001121	-0.0006589	-0.0009995	-0.0005414	-0.0005488	-0.0005311	-0.0004903	-0.0006151
921.039	10857.30	-0.0002533	-0.0008474	-0.0005779	-0.00104	-0.0004275	-0.000871	-0.0009464	-0.0008121	-0.0007944	-0.0006996	-0.0008196	-0.001034	-0.000536	-0.0008408	-0.0008743	-0.0009276	-0.0001992	-0.001065	-0.0006587	-0.0009125	-0.001099	-0.0007409	-0.001265	-0.001228	-0.001141	-0.001289	-0.0006617	-0.0007494	-0.0006264	-0.000916	-0.001289
921.616	10850.50	-9.976E-5	-0.0005038	-0.0006258	-0.0004433	-0.00079	-0.0006223	-0.0005699	-0.0009902	-0.0004319	-0.0006113	-0.00105	-0.0006081	-0.0007886	-0.00087	-0.0007607	-0.0005586	-0.0003321	-0.0009242	-0.001121	-0.001043	-0.000823	-0.0009674	-0.000968	-0.001101	-0.0006011	-0.0005339	-0.0008184	-0.0006651	-0.0007439	-0.001167	-0.0007172
922.193	10843.72	0.0003812	-7.27E-5	-9.617E-6	-0.0005292	-2.525E-5	-0.0004996	-0.0002321	-0.0003758	-0.0004263	-0.0002606	-0.0003153	-0.0007728	-0.0003811	-0.0005748	-5.716E-5	-0.0007251	-0.0003925	-0.0007004	-0.0003859	-0.0004669	-0.0003599	-0.0004935	-0.0004556	-0.0006584	-0.0004478	-0.0005807	-0.0003424	-0.0004322	-0.0006	-0.0006672	-0.0003518
922.770	10836.94	0.0002376	-0.0001778	-5.875E-5	-0.0002234	-0.0003644	-0.0001627	-0.0005039	-0.000223	-0.0003894	-0.000352	-0.0002671	-0.0002435	-0.0002174	-0.0004147	-0.000246	-0.0004136	-0.000715	-0.000677	-7.587E-5	-0.0003689	-0.0005332	-0.0005752	-0.0002912	-0.0003295	-0.0007076	-0.0004725	-0.0005553	-0.0005149	-0.0002453	-0.0005814	-0.000374
923.346	10830.17	0.0005131	-0.0002453	-0.000242	-4.199E-5	-0.0003795	-0.0004233	-0.0003301	-0.0004667	-0.0009441	-0.0001763	-0.0005202	-9.665E-5	-0.0005568	-0.0005163	-0.0001645	-0.0005874	-0.0001921	-0.0006666	-0.0005177	-0.0006892	-0.0005482	-0.0005623	-0.0002737	-0.0001997	-0.000574	-0.0006118	-0.0004011	-0.0003265	-0.0002662	-0.0005121	-0.0003986
923.923	10823.41	8.719E-5	7.06E-5	-0.0003207	-9.424E-5	0.0002739	-0.0001389	-0.000315	-0.0004199	-0.0001851	-0.0002404	-0.0004432	-8.658E-5	-0.0002069	-0.0002531	0.0004334	-0.0001746	7.434E-5	-0.0002833	-0.0003173	-0.0003623	-0.00027	-0.0003914	6.693E-5	-0.0002425	-0.000246	-0.0001708	-9.039E-5	7.315E-5	-0.0001398	-0.0001804	-4.843E-5
924.500	10816.66	-0.0001341	-0.0002697	7.997E-5	-0.0001061	0.0002418	-0.0001403	-0.0001637	0.0002249	3.421E-5	-0.0001267	-0.0003906	-0.0005302	-0.0001848	-0.000572	3.669E-5	7.341E-5	-0.0002406	-0.000517	-0.0002119	-0.0001782	-0.0001559	-0.0002352	-0.000118	-0.0005584	-0.00036	-0.0001956	-0.0003344	-0.0001619	-5.874E-5	-0.0001287	-0.0001298
925.076	10809.92	0.0003475	-0.0002052	0.0004386	0.000148	0.0003234	-0.0001347	-0.0002247	1.548E-5	1.992E-5	-0.0002213	-0.0001815	-1.208E-5	-0.0001059	-0.0004361	9.955E-5	0.0002091	-0.0003028	-0.000429	-0.0001445	7.012E-5	1.171E-5	-0.0001275	-1.39E-6	-0.0001185	-8.684E-5	-0.000126	-0.0001487	-0.0001313	-7.935E-5	-8.099E-5	0.0001656
925.653	10803.18	0.0003147	-0.0001828	0.0002245	0.0003755	0.0001201	-0.0002529	-8.965E-5	-6.638E-5	6.854E-5	-0.0001996	2.536E-7	0.000146	-0.0001692	-4.767E-5	8.037E-5	5.466E-5	-0.0001757	-0.0003206	-0.0001111	0.0001572	0.0001892	-8.115E-5	-0.0001497	-0.0001287	-1.171E-7	-0.0002121	3.599E-5	1.558E-5	-1.916E-5	-0.0001518	4.235E-5
926.230	10796.46	-3.379E-5	-0.000183	-0.0004184	0.0001074	-8.177E-5	-0.0004579	-0.0003498	-0.0003429	-0.0002489	-0.0003561	-9.186E-5	-0.0001201	-0.0003595	-0.0002024	-0.0002566	-8.079E-5	-0.0002935	-0.0003369	-0.0004019	-0.0004337	-8.576E-5	-0.0001626	-0.0003578	-0.0002849	-0.0002273	-0.0002115	1.37E-5	-0.000209	-0.0001268	-0.0003395	0.0001776
926.807	10789.74	-0.0002132	-0.0003187	-0.000624	-0.0003493	-0.0001916	-0.0005922	-0.0003816	-0.0002804	-0.0005905	-0.0002549	-0.000181	-0.0003563	-0.0004474	-0.0002722	-0.0008423	-0.0002305	-0.0004973	-0.0006439	-0.0005119	-0.000453	-0.0004791	-0.0001691	-0.0001418	-0.0002882	-0.0003454	-0.0006592	-0.0004304	-0.0002927	-0.0005487	-0.0004291	-5.12E-5
927.383	10783.03	-0.0004997	-0.0003294	-0.000551	-0.0005645	-0.0002233	-0.0006488	-0.0001905	-0.0003161	-0.0005381	-0.0004377	-0.0004037	-0.000683	-0.0002957	-0.0004632	-0.0007396	-0.0003925	-0.0005157	-0.0007058	-0.0003736	-0.0002236	-0.0005563	-0.0003375	-0.0003885	-0.0006884	-0.0002287	-0.0005148	-0.0005319	-0.0004153	-0.0005802	-0.0008009	-0.0006737
927.960	10776.33	-0.0003182	1.963E-5	-0.0001186	-0.0003463	-0.0003023	-0.000303	-6.826E-5	-0.0002877	-0.0004679	-0.0001827	-0.0002081	-0.0004211	-0.0001659	-5.661E-5	-0.0001912	-0.0001036	-0.0003357	-0.0001408	-4.258E-5	1.263E-5	-0.0002233	-0.0002794	-0.0003537	-0.0004383	-0.0004956	-0.0002746	-0.0002845	-0.0003416	-0.0005224	-0.0003672	-0.0002449
928.537	10769.63	-0.0004827	-3.774E-5	4.129E-5	-0.0005266	-0.0002307	-0.0005003	-0.0002607	-7.074E-5	-0.0006397	-8.908E-5	-0.0002874	-0.0002262	-0.0002165	-0.0001257	-0.0004805	1.737E-5	-0.0002849	-0.0003218	-0.000326	-0.0002966	-0.0003542	-0.0001963	-0.0005154	-0.0004712	-0.0004038	-0.0006322	-0.0001795	-0.0005979	-0.0006905	-0.0002056	-0.0002966
929.113	10762.95	-0.0003944	-8.638E-5	-4.635E-5	-0.0004461	-5.731E-6	-0.0003639	-0.0005162	-0.0004101	-7.868E-5	-0.000153	-0.0002019	-6.871E-5	-0.0002456	-0.0003398	-0.0004812	-0.0002195	-0.0002068	-0.0001675	-0.000506	-0.0003498	-0.0003302	-6.292E-5	-0.0003227	-0.0001924	-0.0003439	-0.0003269	-0.0004451	-0.0004691	-0.0004815	-0.0003354	-0.000431
929.690	10756.27	-8.222E-5	7.819E-5	-0.0001524	-0.0004666	-0.0003034	-0.0001293	-0.0002329	-0.0006076	-0.0002235	-0.0002864	-0.0003478	-0.0001982	-0.0004558	-0.0004406	-0.0001006	-0.0001631	-0.0003332	1.326E-5	-9.942E-5	-0.0001211	-0.0002961	-0.0002461	-0.0003678	-0.0002435	-0.0005285	-0.0003542	-0.0006078	-0.0003249	-0.0003783	-0.0003024	-0.0002168
930.267	10749.60	-0.0002604	0.0001585	-0.0002579	-0.0003824	-0.0006746	-0.0004155	-0.0003152	-0.0003468	-0.000629	-0.0004337	-0.0005543	-0.0002117	-0.0006606	-0.0005924	-0.0001365	-0.000355	-0.0004344	-0.0001053	-0.0004479	-0.0003942	-0.0004472	6.872E-6	-0.0004127	-0.0007227	-0.0005554	-0.0008057	-0.0004225	-0.0006804	-0.0006102	-0.0006054	-0.000186
930.844	10742.94	-0.0001245	-3.427E-6	-0.0002962	-0.000257	-0.0002332	-0.0003806	-0.0004678	-0.0002864	-0.0005065	-0.0004611	-0.0004181	-0.0002667	-0.0005321	-0.0005012	-0.0005293	-0.0002278	-0.0002032	-0.0004073	-0.0006025	-0.0004968	-0.000107	-6.995E-5	-0.0002372	-0.0005531	-0.0003346	-0.0005056	-3.621E-5	-0.0005198	-0.0003681	-0.0006958	-0.0004126
931.420	10736.29	-0.0001128	-0.0001353	2.426E-5	-0.0001041	-0.0002407	-0.0007528	-0.0002119	-0.0001236	-0.0003163	-0.0004304	-0.0003872	-0.0001998	-0.0006997	-0.0003375	-0.0007276	-0.0001985	-0.0001645	-0.0004278	-0.0001849	-0.0004909	-0.0001491	-0.0003966	-0.0002649	-0.0004588	-0.0003976	-0.0004082	-0.0001472	-0.0007825	-0.000373	-0.000404	-0.0003271
931.997	10729.65	0.0001892	1.934E-6	-1.337E-5	8.528E-6	-0.0002376	2.767E-5	0.0002156	0.0001646	0.0001868	-0.0001837	4.893E-5	-9.182E-5	-2.201E-5	-0.0001496	0.0001248	9.229E-5	0.0002947	-3.023E-5	-4.275E-5	0.0001173	-0.0001313	-0.0001719	-0.0001003	-0.0003964	-9.223E-5	-3.388E-5	0.0001085	-0.0001692	-0.0001356	-0.0002964	-0.0001179
932.574	10723.01	-0.0001169	-0.0003195	-0.0002101	-0.0005996	0.0001018	-0.0005464	-0.0004907	-0.0001376	-0.000395	-0.0005627	-0.0004366	-0.0004971	-0.0003688	-0.0001865	-0.0004968	-0.0001414	-0.000516	-0.000479	-0.0006511	-0.0003962	-0.0007108	-0.0005824	-0.0006471	-0.0003781	-0.0006154	-0.0005712	-0.0006607	-0.0006513	-0.0003705	-0.0005253	-0.0005922
933.150	10716.39	-7.461E-5	-4.341E-5	-0.0001089	-9.859E-5	-9.031E-5	-0.0004466	-0.0003985	-3.654E-5	-0.0001806	-0.0004265	-0.0003262	-0.0004188	-0.0004519	-0.000493	-0.0003456	-0.0003269	-0.0007282	-0.0004191	-0.0003765	-9.249E-5	-0.0005712	-9.901E-5	-0.0005424	-0.000362	-0.0002834	-0.0004687	-0.0007124	-0.0005839	-0.000535	-0.0004721	-0.0008041
933.727	10709.77	-9.512E-5	-0.0002142	-0.0002403	7.203E-6	-0.0002775	-0.0001823	-0.000372	-0.0001381	-0.0003168	7.959E-7	-4.722E-5	-6.426E-5	-0.0007537	-0.0001428	-0.0001406	-0.0002344	-0.0003662	-0.0002871	-9.163E-5	-0.0002184	-0.0005238	-0.0003881	-0.0005841	-0.0002772	-0.0002854	-0.0006569	-0.000349	1.862E-5	-0.0002018	-0.0004062	-0.0007225
934.304	10703.16	0.0003857	-5.329E-5	-0.000294	-0.0002916	2.482E-5	-3.982E-5	-0.0003872	3.743E-5	-0.0002192	-0.0005714	-0.0001754	-0.0005354	-0.0005069	-0.0003486	-0.0008141	-0.0006341	-0.0004697	-0.0002247	-0.0003529	-0.000755	-0.0001717	-0.0008714	-0.0006661	-0.0005472	-0.0007997	-0.001255	-0.0006916	-4.634E-5	-0.000457	-0.0006893	-0.0006242
934.880	10696.55	0.000128	-0.0005968	-0.0005032	-0.0003209	-0.0005213	-0.0005908	-7.255E-5	-0.0008549	-0.0003728	-0.000606	-0.0009307	-0.0003822	-0.0006357	-0.0006695	-0.000928	-0.0001452	-0.0006627	-0.000454	-0.0008489	-0.0005738	-0.0006219	-0.001125	-0.0004923	-0.0008286	-0.0004784	-0.001038	-0.001053	-0.0007002	-0.00124	-0.0005349	-0.001037
935.457	10689.96	0.0002087	-0.0006	-0.000501	-0.0006594	-0.0001097	-0.0006163	-0.0003563	-0.0002475	-0.0006427	-0.0003941	-0.0005035	-0.000578	-0.0004135	-0.000466	-0.000594	-0.0004174	-0.0008324	-0.0005812	-0.0007065	-0.0009621	-0.0005824	-0.0008404	-0.0007929	-0.0004126	-0.001424	-0.0007905	-0.0007747	-0.000828	-0.00103	-0.0009192	-0.0006726
936.034	10683.37	-0.0001409	-0.0006691	-0.0005589	-0.0001596	-0.0001856	-0.0002167	-0.0007337	-0.000143	-0.0003527	-0.0005421	-0.0002389	-6.137E-5	-0.0003961	-0.0006404	-0.0002516	-0.000491	-0.0007474	-0.000662	-0.0005848	-0.0003846	-0.0001345	-0.0005012	-0.0003233	-0.0006397	-0.0006546	-0.0008844	-0.0005363	-0.001036	-0.0005753	-0.0008401	-0.0001337
936.611	10676.80	-0.0002196	-0.000299	-0.0005573	-0.0004311	-0.0001744	-0.0004735	-0.0004216	-4.097E-5	-0.000645	-0.0003188	-0.0007263	-0.0006916	-0.0004671	-0.0007692	-0.0005528	-0.0004642	-0.0008668	-0.0009036	-0.0005968	-0.0003612	-0.0006602	-0.0003316	-0.000854	-0.0008321	-0.000943	-0.0005291	-0.0001602	-0.0009628	-0.0004597	-0.001097	-0.0005223
937.187	10670.23	-0.0002752	-0.0002087	-0.0004268	-0.0003978	-0.0004176	-0.000709	-0.0006361	-0.0005922	-0.0002886	-0.000245	-0.0002206	-0.0006293	-0.0007391	-0.0003645	-0.0005664	-0.0002693	-0.0001931	-0.0004271	-0.0001154	-0.000113	-0.0004882	-0.0006087	-0.0006598	-0.0001211	-0.0006685	-0.0004183	-0.0004212	-0.0003348	-0.0001882	-0.0004331	-0.000315
937.764	10663.66	-6.503E-5	-0.0005556	-0.000377	-0.0002382	-0.0002344	-0.0003685	-0.0003473	-0.0003313	-0.0003273	-0.0004841	0.0001824	-0.0002891	-0.0007493	-0.0007363	-0.0008478	-0.0001797	-0.0001869	-0.0006033	-0.0001744	-0.0005636	-0.0003838	-0.0006464	-0.0002295	-0.0003155	-0.0002463	-0.0008004	-0.0004562	-0.0002786	-0.0003801	-0.00033	-0.0006093
938.341	10657.11	0.0001534	-3.826E-5	0.0001332	-0.0001338	0.0001999	-0.0001655	-4.921E-5	-0.0004552	-0.0005532	-0.0004941	1.703E-5	-0.0001971	-0.0004728	-0.000396	-5.329E-5	-0.0004691	-0.0002346	-0.0002897	-0.0005412	-0.000393	-0.0005013	-0.0001868	-0.0004058	-0.0004528	-0.0001427	-0.0001668	-0.0004914	-0.0002017	-0.0002862	-0.0003135	0.0001839
938.917	10650.56	-0.0002304	-0.000397	-0.0005068	-0.0004024	-0.0001817	-0.0007809	-0.00069	-0.0002681	-0.000345	-0.0006192	-0.0003819	-0.0004052	-0.001075	-0.0003117	-0.0006743	-0.0004717	-0.0006857	-0.0006972	-0.0005668	-0.0005619	-0.0005214	-0.0006813	-0.0007899	-0.0005753	-0.0007634	-0.0006801	-0.00105	-0.0004137	-0.0005535	-0.001103	-0.000976
939.494	10644.03	3.243E-5	-0.0003961	-0.0006459	-0.0006323	-0.0005998	-0.001048	-0.0007133	-0.0003784	-0.0006967	-0.0004914	-0.0003411	-0.0005238	-0.0009578	-0.000698	-0.0007421	-0.0005769	-0.0007943	-0.0009666	-0.0006835	-0.0008096	-0.000801	-0.0007329	-0.0009937	-0.001005	-0.0006505	-0.0007635	-0.0007289	-0.001085	-0.0008529	-0.001119	-0.0008995
940.071	10637.50	0.0001565	-0.0003523	-0.0005382	-0.0003332	-0.0005797	-0.0005508	-0.0005815	-0.000565	-0.0005482	-0.0008526	-0.0006669	-0.0004107	-0.0007143	-0.0003912	-0.0007779	-0.0008561	-0.00055	-0.000826	-0.0007064	-0.0006892	-0.0008515	-0.000451	-0.0008423	-0.0009793	-0.0009506	-0.000691	-0.000591	-0.0005473	-0.0005321	-0.0009323	-0.0007936
940.648	10630.97	0.0001498	-0.0004678	-0.0005589	-0.0004794	-0.0005804	-0.0006414	-0.0006096	-0.0007799	-0.0005008	-0.0007522	-0.0007439	-0.0003262	-0.0007584	-0.0006935	-0.001031	-0.0005109	-0.0007668	-0.0008469	-0.0005684	-0.0007345	-0.0006736	-0.0002879	-0.0006948	-0.0009034	-0.0004017	-0.0007574	-0.001103	-0.0005175	-0.0005625	-0.0008199	-0.0005238
941.224	10624.46	-0.000732	-0.0006516	-0.0008605	-0.001035	-0.0009109	-0.001212	-0.001133	-0.001271	-0.001366	-0.001186	-0.001084	-0.001285	-0.0009685	-0.00144	-0.001328	-0.0008853	-0.001123	-0.0009888	-0.001301	-0.001551	-0.0009523	-0.001186	-0.001052	-0.001408	-0.00109	-0.001231	-0.001761	-0.00138	-0.001372	-0.001214	-0.001297
941.801	10617.95	-0.0005925	-0.0002289	-0.0003075	-0.0006641	-0.000656	-0.001063	-0.0006219	-0.0008908	-0.0007035	-0.0008423	-0.0006441	-0.0007295	-0.0006555	-0.0006517	-0.0007289	-0.0006942	-0.0006891	-0.000478	-0.0008973	-0.0009852	-0.0006657	-0.0008639	-0.0008321	-0.0005779	-0.0007609	-0.0009295	-0.001139	-0.001144	-0.001122	-0.001139	-0.0007497
942.378	10611.46	-0.0002655	-0.0001828	-0.0005121	-0.0004701	-0.0006094	-0.0006983	-0.0002272	-0.0007274	-0.0003925	-0.0006888	-0.0006121	-0.0003178	-0.0006037	-0.0002833	-0.0002915	-0.0004189	-0.0005617	-0.0008261	-0.0005395	-0.0006684	-0.0006543	-0.0006355	-0.0004612	-0.0004694	-0.0005378	-0.0009366	-0.0004928	-0.0008346	-0.0005696	-0.0006766	-0.0004662
942.954	10604.97	-0.0002668	-3.692E-5	-0.0002677	-0.0003063	-0.0004453	-0.0002392	-0.0004423	-0.0005962	-0.0003927	-0.00042	-0.0006203	-0.0002316	-0.0005834	-0.0005048	-0.0002531	-0.0004696	-0.0004732	-0.0006256	-0.0003135	-0.0006534	-0.000323	-0.0002927	-0.0008423	-0.0004179	-0.0003338	-0.0007425	-0.0004274	-0.0006222	-0.0006041	-0.000428	-0.0005618
943.531	10598.48	-0.0007822	-0.0006011	-0.0002293	-0.0007137	-0.0003698	-0.0003951	-0.0006834	-0.0005662	-0.0008606	-0.0008403	-0.0007101	-0.0004578	-0.0009116	-0.0009056	-0.0006365	-0.0009732	-0.0006704	-0.0007404	-0.0005366	-0.0005595	-0.0007366	-0.000604	-0.0009026	-0.0006587	-0.0006109	-0.0007978	-0.0008271	-0.0009672	-0.0007973	-0.0007089	-0.001213
944.108	10592.01	-0.0003446	-0.0006498	-0.0005211	-0.000778	-0.0002202	-0.0005493	-0.0006073	-0.0003021	-0.0006554	-0.0009833	-0.0007252	-0.0004494	-0.001067	-0.0008904	-0.0007905	-0.0007034	-0.0007747	-0.0005634	-0.000786	-0.0007637	-0.0006806	-0.0007291	-0.0005765	-0.0007319	-0.0007068	-0.001051	-0.0008261	-0.001081	-0.0006088	-0.0009623	-0.001444
944.685	10585.54	0.0003637	6.336E-5	9.341E-6	-2.745E-5	0.0001168	-0.000117	-0.0001176	-0.0002032	-0.000238	-0.0001228	-6.527E-5	-0.000192	-0.0005687	-0.000368	-0.0004235	-0.0003159	-0.0003891	-0.0003122	-0.0003054	-0.0008678	-0.0001754	-0.0004233	-0.0003021	-0.0001346	-0.0002066	-0.000373	-0.0005545	-0.0004298	-0.0001357	-0.000652	-0.0006199
945.261	10579.09	-0.0001031	-0.0001358	-0.0001975	-0.0003	-2.066E-5	-0.000493	-0.0002318	-0.0004633	-0.0006185	-0.0002107	-0.0003289	-0.0004404	-0.0005408	-0.0003306	-0.0007522	-0.0003643	-0.000506	-0.0006938	-0.0004714	-0.001009	-0.0003625	-0.0008051	-0.0005479	-0.0003463	-0.0003463	-0.0003283	-0.0008858	-0.0003326	-0.0004935	-0.000728	-0.000703
945.838	10572.64	-0.0001028	-0.0001741	-0.0002831	-0.0002342	-0.0001451	-0.0005518	-0.0002842	-0.0003177	-0.0006826	-0.0004808	-0.0005912	-0.0006637	-0.0004397	-0.0002551	-0.000436	-0.0002703	-0.0005697	-0.0008435	-0.0007472	-0.0004158	-0.000676	-0.0005921	-0.0005018	-0.0005993	-0.0005417	-0.0005823	-0.0007858	-0.0002097	-0.0005367	-0.0008297	-0.0003746
946.415	10566.19	8.95E-6	-0.0002064	-0.0001358	-0.0001462	4.259E-6	-0.0004795	-6.548E-5	-0.0002471	-0.0008438	-0.0006479	-0.0003265	-0.0003514	-0.0004325	-7.474E-5	-0.0001658	-0.0003069	-0.0004229	-0.00048	-0.0006029	-4.036E-6	-0.0002861	-0.0003564	-0.0003148	-0.0004883	-0.0005114	-0.0002424	-0.0002241	-0.0001739	-0.0004819	-0.0004359	-0.0003088
946.991	10559.76	-0.0003446	-0.0003341	-8.15E-6	-0.0005517	-6.53E-5	-0.000443	-0.0004535	-0.000241	-0.0006385	-0.0003758	-0.0004125	-0.0001323	-0.0003509	-0.0004714	-0.0003205	-0.0005582	-0.000361	-0.000247	-0.0005212	-0.0002804	-0.0001296	-0.000431	-0.0004119	-0.0002889	-0.0005509	-0.0003682	-0.0005945	-0.0004648	-0.0004753	-0.000428	-0.0002514
947.568	10553.33	4.221E-5	0.0001965	-0.0003149	-0.0001056	0.000171	-0.0002345	-0.0006293	-0.0002529	-0.0001924	-0.000261	-0.000196	7.101E-5	-0.0005342	-0.0003189	-0.0003613	-0.0001515	-0.0001758	-0.0004499	-0.0003961	-0.0002322	-0.0001929	-0.0001935	-0.0002297	0.000159	-0.0002394	-0.0002122	-0.0004946	-0.0002744	-3.465E-5	-0.000286	-0.0001887
948.145	10546.91	-8.725E-5	-0.0003562	-0.0006848	-0.0006888	-0.0005668	-0.0006385	-0.0008866	-0.0007679	-0.000223	-0.0008122	-0.0008199	-0.0008574	-0.0004192	-0.0007121	-0.0008073	-0.0008981	-0.000636	-0.0008642	-0.0009948	-0.0007468	-0.0009541	-0.0009707	-0.0008452	-0.0005354	-0.0007399	-0.0005037	-0.0008633	-0.0007155	-0.0009443	-0.0003481	-0.0006866
948.721	10540.50	-0.0004096	-0.0005293	-0.0009062	-0.0006775	-0.0005962	-0.0005432	-0.0006799	-0.0006678	-0.001018	-0.000985	-0.0009663	-0.0006827	-0.0009483	-0.0008263	-0.00104	-0.000546	-0.0008329	-0.001041	-0.001042	-0.001074	-0.0007154	-0.001308	-0.001142	-0.0005334	-0.001108	-0.0008823	-0.0007819	-0.0003015	-0.001021	-0.0005881	-0.001146
949.298	10534.10	-0.0003034	-0.0009929	-0.0007563	-0.001178	-0.0009424	-0.001201	-0.0008782	-0.00132	-0.001082	-0.001367	-0.001	-0.0006691	-0.001131	-0.0008344	-0.001151	-0.0009781	-0.001026	-0.0009983	-0.0008869	-0.001289	-0.001141	-0.001196	-0.001376	-0.001407	-0.001011	-0.001672	-0.001112	-0.0007421	-0.001079	-0.0007041	-0.001143
949.875	10527.70	-0.000471	-0.0009882	-0.0009934	-0.001016	-0.0009138	-0.0009107	-0.0007757	-0.0009023	-0.0009212	-0.000801	-0.001321	-0.0007098	-0.001392	-0.001341	-0.001615	-0.001134	-0.001087	-0.001477	-0.001237	-0.001045	-0.001226	-0.001582	-0.001187	-0.00115	-0.001377	-0.001044	-0.001189	-0.0009843	-0.001263	-0.001112	-0.0008358
950.452	10521.31	-0.0003292	-0.0002976	-0.0005069	-0.0006095	-0.0003417	-0.0006278	-0.0005929	-0.0004984	-0.000745	-0.000651	-0.0005948	-0.0007516	-0.0002926	-0.0007587	-0.0005031	-0.0006074	-0.0004798	-0.0004711	-0.000558	0.000153	-0.0008794	-0.0007576	-0.0008693	-0.0005194	-0.0006078	-0.0006654	-0.001191	-0.001005	-0.001182	-0.0002835	-0.0001974
951.028	10514.93	0.001129	-0.0001598	0.000358	-0.0004486	5.684E-5	0.000129	-0.0003401	-0.0002622	0.0001595	-6.104E-5	-0.0003118	-0.0001618	-9.199E-5	-0.0002649	-0.0004608	-0.0002606	-0.0003059	-0.0001091	-0.0005272	-2.017E-5	-0.0003014	8.845E-5	-0.0002182	-0.0001383	-0.0004988	-0.0002839	-4.032E-5	-0.0008612	-0.0005655	-0.0003497	0.0002145
951.605	10508.56	-8.416E-5	-0.0004466	-0.0006141	-0.0005102	-0.0005308	-0.0006375	-0.0003968	-0.0004963	-0.0005047	-0.0008906	-0.0005192	-0.0005705	-0.0009304	-0.0009834	-0.0003097	-0.0008381	-0.0004774	-0.000524	-0.0008224	-0.0004749	-0.0008374	-0.0004057	-0.0002246	-0.0005726	-0.0008845	-0.0005966	-0.0009584	-0.0003237	-0.0005453	-0.0005841	-0.000556
952.182	10502.20	-0.000993	-0.000542	-0.0008589	-0.0007524	-0.0008668	-0.001576	-0.001493	-0.0009978	-0.001156	-0.00133	-0.001209	-0.001211	-0.001475	-0.001472	-0.0009306	-0.001175	-0.001206	-0.0009991	-0.001142	-0.001198	-0.001683	-0.001501	-0.001323	-0.001171	-0.001069	-0.001243	-0.001493	-0.00173	-0.001187	-0.001526	-0.001055
952.758	10495.84	-0.001188	-0.001067	-0.001235	-0.001155	-0.00134	-0.00187	-0.0018	-0.001488	-0.001612	-0.001841	-0.001144	-0.00119	-0.00151	-0.001118	-0.001494	-0.001924	-0.001285	-0.001488	-0.001771	-0.001759	-0.001753	-0.001326	-0.001355	-0.001529	-0.001167	-0.001466	-0.00143	-0.002002	-0.001462	-0.001378	-0.001114
953.335	10489.49	-0.0001732	-0.0002684	-0.0001938	-0.000458	-0.0003064	-0.000569	-0.0005124	-0.0006942	-0.0004784	-0.0001099	-0.0004773	-0.0006947	-0.0005426	-0.0008197	-0.0004624	-0.0003654	-0.0002219	-0.0008038	-0.0007993	-0.000427	-0.001169	-0.0005133	-0.0006547	-0.0008354	-0.0009094	-0.0007123	-0.0005962	-0.0007015	-0.0008776	-0.0005951	-0.0006498
953.912	10483.15	-0.0001849	-0.0006042	-0.0006114	-0.0004596	-0.000324	-0.0005204	-0.0004318	-0.0006197	-0.0007985	-0.0001655	-0.0006588	-0.0006535	-0.0009486	-0.0006014	-0.0007435	-0.001041	-0.0005159	-0.0009307	-0.0003385	-0.0008577	-0.0009546	-0.0005943	-0.0007506	-0.0007098	-0.001267	-0.0009069	-0.0008	-0.0006697	-0.00057	-0.0004737	-0.0008357
954.489	10476.81	-0.0001962	-3.642E-5	-0.0004303	-0.0005714	-0.0003454	-0.0004133	-0.0004716	-0.001204	-0.0006434	-0.000454	-0.0005652	-0.0005144	-0.0004871	-0.0005477	-0.0006114	-0.0003723	-0.0005092	-0.0004008	-0.0006988	-0.0008364	-0.0003923	-0.0007655	-0.0006708	-0.00044	-0.0009331	-0.001099	-0.0008338	-0.0005448	-0.0006266	-0.0006506	-0.0008245
955.065	10470.49	-0.0008314	-0.0007888	-0.0007601	-0.0009763	-0.000844	-0.0007196	-0.001021	-0.001092	-0.0007122	-0.0008429	-0.001215	-0.0008167	-0.0004812	-0.000999	-0.000616	-0.0006003	-0.0009612	-0.0005179	-0.0009461	-0.001105	-0.0009635	-0.001115	-0.001189	-0.0006427	-0.0009236	-0.001224	-0.001172	-0.0008468	-0.0009482	-0.0007098	-0.0008979
955.642	10464.17	-0.000245	-0.0002406	8.823E-5	-0.000323	-0.0002682	-3.933E-5	-0.0002967	-0.0002835	-0.0001692	-1.454E-5	-0.0002846	-0.0003333	0.0002966	-0.0002332	-0.0002945	-0.0002933	-0.0001473	-0.0004738	-0.0004669	-0.0002928	-0.0002358	-0.0003639	-0.0004494	-0.0001127	-0.0002928	-0.000457	-6.545E-5	-0.0006517	0.0002092	-0.0005904	-0.0001613
956.219	10457.86	0.0004498	0.0002352	0.0001895	0.0001906	-0.0002394	-0.0001077	0.0002942	8.593E-5	0.000149	-5.183E-5	-0.0003375	-0.0002517	5.758E-5	-2.16E-5	-0.000164	0.000196	0.0001504	0.0003494	-0.0002268	0.0001837	-6.297E-5	-0.0004196	-0.0004221	2.46E-5	-0.0003078	-0.0003775	-0.0001776	-0.0004353	0.0003213	-0.0002087	-9.429E-5
956.795	10451.55	0.000527	0.0002262	0.0003183	0.0004642	0.0003688	0.0001574	2.262E-5	0.0001055	0.0001609	-0.0002071	-8.235E-5	-0.0001035	6.015E-6	-0.0002764	0.0001443	0.0002497	0.0002108	0.0001365	0.0001081	0.0001187	-5.174E-6	-0.0001168	-0.0002586	-0.0002111	-0.0004077	-0.0002467	-0.0004697	0.0002143	8.875E-5	0.0002346	4.806E-5
957.372	10445.26	0.0003441	-0.0004922	0.0002776	0.0001607	8.589E-6	-0.0004567	-4.067E-5	-0.0001082	-0.0002477	-0.0002049	-0.0001657	-0.0005474	-2.911E-5	-0.0001722	3.182E-5	9.015E-6	-0.0001506	-0.0001259	-0.0002525	-0.0003971	-0.0003673	-0.0001837	-8.501E-5	-0.0003946	-0.0004597	-0.0005314	-0.0002321	-0.0002665	-0.0002189	-0.0001004	5.686E-5
957.949	10438.97	0.0006003	-0.0001646	7.695E-5	0.0002018	0.0001019	-0.0001253	2.748E-5	-0.0001695	-0.0001131	7.054E-5	3.507E-5	-0.0002392	-0.0001462	-0.0004051	-2.739E-5	-0.0001722	-0.0005306	-0.0002775	-0.0003649	-0.0001487	-0.0003244	-0.0002438	-0.0003568	-7.1E-5	-0.0002502	-0.0004481	-0.0002057	-0.0006015	-0.0003582	-5.211E-5	0.0001351
958.526	10432.69	0.0007531	-6.766E-5	-0.0001398	-0.0001177	-0.0002628	0.000281	-6.01E-5	-4.453E-5	-1.387E-5	-7.179E-5	8.516E-5	0.0001154	-0.0003673	-0.000565	0.0001474	-0.0003413	-0.0001634	-0.0002445	-0.0001896	-0.0002305	-0.0002217	-0.0001287	0.0001587	0.0001523	2.59E-5	-0.0002167	-0.000263	-0.0003915	-0.000417	-9.036E-6	-0.000148
959.102	10426.42	0.0003472	-0.0002423	-0.000181	9.483E-5	-0.0006679	-0.0001356	-0.0003391	4.57E-5	-0.0004189	-0.0002974	4.762E-5	-0.0001549	-0.0005861	-0.0002419	-8.261E-5	-9.644E-5	-0.0002311	-0.0004287	7.231E-5	-0.0003578	-0.000633	-0.0002155	-0.0001537	-0.0001237	4.053E-6	-0.0004622	-0.0004476	-0.0002781	-0.000854	-0.0003412	-3.139E-5
959.679	10420.15	0.0006904	-0.0001036	4.166E-5	9.285E-5	-8.053E-5	-3.012E-5	-0.0003461	0.0002714	-0.0002757	5.136E-5	-7.461E-5	-0.0002415	-0.0001303	0.0001024	-8.429E-5	-6.368E-6	0.000107	-0.000219	-3.95E-5	3.73E-6	-0.0002144	-0.0001293	-0.0004747	-0.0001712	-2.016E-5	-0.000268	-0.0001611	-0.0001138	-0.0005363	-0.0001838	0.0005353
960.256	10413.89	0.0008603	0.0003185	-8.789E-6	-0.0002488	-0.0001673	4.762E-5	-0.0002301	0.0002604	-9.351E-5	0.0001282	-9.424E-5	0.0001463	0.0001714	0.0001018	-0.0001466	4.246E-5	0.0001011	0.0002126	-6.654E-5	-2.865E-5	0.0001874	0.000243	-7.283E-5	-0.0002934	-5.173E-5	7.337E-6	-0.0002018	-2.868E-5	-1.541E-5	4.549E-5	0.000289
960.832	10407.64	0.0004037	-0.0001085	-0.0004213	-0.0002987	-0.0003563	-0.0004227	-9.672E-5	-0.0006187	-7.664E-5	-0.0001174	-0.0004281	-0.0001361	-0.0002261	-0.0001589	-0.0002778	-0.0002351	-0.0002899	-0.0003294	-0.0002539	4.161E-6	-0.0005022	-0.0001508	-0.0001015	-0.0006474	-0.0005705	-0.0005924	-0.0007285	-0.0003268	-0.0001685	-0.0001117	8.185E-5
961.409	10401.40	0.0002729	-0.000725	-0.0006516	-0.0004856	-0.0006541	-0.0003827	-0.0003636	-0.0006357	-0.0001643	-0.0005969	-0.0003912	-0.0005829	-0.0009168	-0.0005934	-0.0005962	-0.000538	-0.0003484	-0.0005021	-0.0004747	-0.000532	-0.0006954	-0.0006352	-0.0003598	-0.0004643	-0.000562	-0.0009377	-0.0006933	-0.0008018	-0.0006002	-0.0004998	-0.0004876
961.986	10395.16	0.000399	-7.949E-5	-0.0002092	-0.0003338	-4.352E-5	0.0002136	-0.0001155	5.469E-5	-0.0002513	-0.0002992	-0.0002516	-0.0003074	-0.0005009	-8.888E-5	-0.0002412	7.251E-6	-0.0005265	-8.657E-5	-0.0005059	-0.000303	-0.0002866	-0.0002871	-0.0002422	-0.0004029	-0.0002553	-0.0004473	-0.0002692	-0.000826	-0.0005906	-0.0005098	-0.0004944
962.563	10388.94	0.0001285	-4.861E-6	-0.0004042	-0.0008742	-0.0004886	-0.0002787	-0.0003682	-0.0002207	-0.0004287	-0.0004715	-0.0005138	-0.0008315	-0.0003611	-3.702E-5	-0.0006492	-0.0002714	-0.0009329	-0.0001633	-0.0007155	-0.0007561	-0.0005238	-0.0004985	-0.0003722	-0.0004303	-0.0005463	-0.0008012	-0.0005548	-0.0007492	-0.0006321	-0.0006391	-0.0005675
963.139	10382.71	-0.0006666	-0.0007686	-0.000753	-0.001256	-0.0008094	-0.0008497	-0.00111	-0.0009715	-0.0008058	-0.001663	-0.001055	-0.001495	-0.001322	-0.001066	-0.00114	-0.0007247	-0.001465	-0.0008596	-0.001053	-0.001265	-0.001027	-0.0009358	-0.001195	-0.001372	-0.001017	-0.001236	-0.001507	-0.001419	-0.001242	-0.000848	-0.001097
963.716	10376.50	-0.0005897	-0.0007839	-0.0008633	-0.0008127	-0.000911	-0.0008576	-0.001189	-0.0008685	-0.001036	-0.00126	-0.001067	-0.001273	-0.0008632	-0.001154	-0.001383	-0.001187	-0.001072	-0.0009684	-0.001305	-0.001632	-0.001177	-0.00144	-0.001193	-0.001349	-0.001413	-0.001318	-0.001305	-0.001154	-0.001534	-0.001244	-0.001496
964.293	10370.30	0.0002323	0.0003012	0.000107	-0.0002965	0.000106	-0.0002963	-0.0002783	-0.0003975	-0.0007679	1.164E-5	-0.0005315	-0.0004216	-0.0005705	-0.0002279	5.991E-5	-0.001092	-0.000521	-0.0003276	-0.0006554	-0.0006945	-0.000584	-0.0007202	-0.0006139	-0.000108	-0.0008747	-0.0005593	-0.0005247	-0.0007987	-0.001218	-0.000509	-0.000648
964.869	10364.10	-0.000385	-0.0002608	-0.0005492	-0.0004739	-0.000672	-0.0009641	-0.0008338	-0.0003336	-0.001101	-0.0007047	-0.0008133	-0.0008148	-0.001162	-0.00122	-0.0009725	-0.0008612	-0.0002875	-0.0009323	-0.0005328	-0.0008883	-0.001179	-0.001019	-0.0008603	-0.0005723	-0.000838	-0.00112	-0.00102	-0.00124	-0.001319	-0.001349	-0.001165
965.446	10357.91	-0.000554	-0.0003514	-0.0001815	-0.0003879	-0.0003842	-0.0005275	-0.0004328	-0.0008097	-0.0008329	-0.0008037	-0.0007949	-0.0007624	-0.001514	-0.0006198	-0.0007623	-0.0005524	-0.00104	-0.0009711	-0.001071	-0.001266	-0.001066	-0.001366	-0.0008475	-0.0008096	-0.0009671	-0.001285	-0.0009237	-0.001407	-0.001358	-0.0009677	-0.0006029
966.023	10351.72	-0.000278	-4.561E-6	0.0002086	-0.0004009	-9.306E-5	-0.0003629	-0.0001888	-0.0002757	-0.0004679	-0.0002151	-0.0002347	-0.0002225	-4.081E-5	-0.0005991	-0.0005809	-0.000551	-0.0003092	-0.0008559	-0.0008025	-0.0009757	-0.0003795	-0.0007886	-0.0005465	-0.000668	-0.0007422	-0.0002866	-0.0005752	-0.000527	-0.0004926	-0.0009254	-0.0007692
966.599	10345.55	-0.0006221	-8.956E-5	-0.0004975	-0.0008006	-0.0005407	-0.0004601	-0.0007016	-0.0009785	-0.001109	-0.000911	-0.001211	-0.001056	-0.0007795	-0.0009984	-0.0008509	-0.0009964	-0.0005223	-0.0008539	-0.001245	-0.0006143	-0.001173	-0.0008842	-0.0008713	-0.000578	-0.0007878	-0.001408	-0.001455	-0.0009635	-0.001346	-0.001649	-0.001336
967.176	10339.38	-0.0003278	-0.0009975	-0.0008549	-0.001259	-0.0008809	-0.001141	-0.001226	-0.0009898	-0.001359	-0.001483	-0.001093	-0.00139	-0.001517	-0.001605	-0.001969	-0.00171	-0.001363	-0.001591	-0.001249	-0.001411	-0.001548	-0.001339	-0.001641	-0.001513	-0.001682	-0.001983	-0.001486	-0.001574	-0.001817	-0.002074	-0.002142
967.753	10333.22	-0.0004685	0.0003173	0.0002169	-0.0003245	-0.0003131	9.33E-6	-0.0003022	-0.0004418	-0.0004441	-0.0007661	-0.0008862	-0.0005565	-0.0007637	-0.0003857	-0.0005388	-0.0003926	-0.000592	-0.000721	-0.000855	-0.0009933	-0.0007643	-0.00104	-0.0009012	-0.0006906	-0.0007145	-0.00132	-0.001136	-0.0008477	-0.000994	-0.001327	-0.001213
968.330	10327.06	-0.0002952	-0.0001647	-0.0004003	-0.0002632	0.0001966	0.0003282	-0.0002593	-0.0001811	-0.0008349	-0.0004355	-0.0002331	-0.000495	-0.0006193	-0.0002994	-0.000132	-0.0005218	-0.0007876	-0.0006368	-0.0006408	-0.0005396	-0.0001464	-0.0009208	-0.0005672	-0.001284	-0.0006622	-0.0006492	-0.0003316	-0.0002793	-0.0006199	-0.001233	-0.0009036
968.906	10320.92	-0.0008248	-0.0002071	-0.0005925	-0.0004826	-0.0001406	-0.0005165	-0.000135	-0.0007981	-0.0006634	-0.000642	-0.0004377	-0.0007811	-0.0008482	-0.0007398	-0.001098	-0.0008964	-0.0007912	-0.00125	-0.0007903	-0.001115	-0.000445	-0.001017	-0.001242	-0.001146	-0.0008982	-0.001142	-0.001053	-0.0007236	-0.00106	-0.00143	-0.001099
969.483	10314.78	-0.0007177	-0.0006976	-0.0007347	-0.0006487	-0.0007465	-0.000981	-0.0006331	-0.001084	-0.0006543	-0.001222	-0.001032	-0.00129	-0.00145	-0.001072	-0.001406	-0.0009314	-0.001211	-0.001357	-0.001862	-0.001352	-0.001708	-0.001288	-0.001707	-0.001085	-0.001008	-0.001025	-0.001366	-0.001423	-0.001381	-0.001569	-0.001497
970.060	10308.64	-0.000146	-0.000527	-0.0005195	-0.000506	-0.000498	-0.0002109	-0.0003612	-0.0006717	-0.0001595	-0.0005766	-0.0006245	-0.0006089	-0.0009557	-0.0005646	-0.0006326	-0.0006558	-0.0009224	-0.0008602	-0.000985	-0.0007601	-0.0007975	-0.001127	-0.001205	-0.0007603	-0.0006044	-0.0007597	-0.00107	-0.001032	-0.0008314	-0.0007505	-0.001322
970.636	10302.52	-0.0001286	-0.0004036	-0.0002727	-0.0008387	-0.0003898	-0.0005144	-0.0005522	-0.0004104	-0.0008702	-0.0005607	-0.000616	-0.0009654	-0.000775	-0.0007588	-0.0008354	-0.0011	-0.0007125	-0.001126	-0.00106	-0.001175	-0.0008324	-0.001156	-0.000933	-0.0008948	-0.001114	-0.001032	-0.00119	-0.0009785	-0.0007641	-0.0009322	-0.0016
971.213	10296.40	-0.0003381	-0.0002397	-0.0003992	-0.0009899	-0.0005316	-0.0008328	-0.0009734	-0.001015	-0.001026	-0.0006737	-0.0004815	-0.000979	-0.000907	-0.0008615	-0.00118	-0.0009021	-0.0007994	-0.001285	-0.001176	-0.00124	-0.001349	-0.0009967	-0.001369	-0.0008178	-0.001161	-0.001143	-0.001249	-0.0008988	-0.001005	-0.001425	-0.001576
971.790	10290.29	0.0002049	-0.0005372	-0.001046	-0.0008787	-0.0009272	-0.0009237	-0.001074	-0.0004509	-0.001095	-0.001071	-0.0006404	-0.0005336	-0.0009072	-0.0006183	-0.0008121	-0.0004816	-0.0009694	-0.0007841	-0.001266	-0.0008342	-0.001078	-0.001095	-0.0009015	-0.0005723	-0.001008	-0.001143	-0.0008412	-0.0009303	-0.00118	-0.001277	-0.001362
972.367	10284.19	-0.0004511	-0.00106	-0.001458	-0.0008297	-0.001144	-0.0009876	-0.001203	-0.000949	-0.001479	-0.001324	-0.001163	-0.0006679	-0.001086	-0.001105	-0.0009575	-0.0009571	-0.00124	-0.001085	-0.00137	-0.0009114	-0.001387	-0.001378	-0.001073	-0.0009258	-0.001239	-0.001256	-0.001153	-0.001247	-0.001491	-0.001195	-0.001672
972.943	10278.09	-0.0002129	-0.0005162	-0.0005259	-0.001175	-0.0008457	-0.000764	-0.0007516	-0.0009259	-0.001047	-0.001212	-0.0009485	-0.0008054	-0.0008876	-0.0009787	-0.0008685	-0.001037	-0.001175	-0.001029	-0.001177	-0.001224	-0.001225	-0.001087	-0.001071	-0.0009752	-0.0009498	-0.001101	-0.001195	-0.001062	-0.001422	-0.0008562	-0.001368
973.520	10272.00	-0.0006423	-0.0006455	-0.0003615	-0.0009232	-0.0009368	-0.0009339	-0.0008163	-0.001025	-0.00103	-0.001202	-0.000836	-0.001	-0.001035	-0.001137	-0.001198	-0.001491	-0.00166	-0.001492	-0.001371	-0.001561	-0.001204	-0.001214	-0.00123	-0.0009058	-0.001248	-0.001235	-0.001239	-0.001326	-0.001253	-0.001426	-0.001404
974.097	10265.92	-0.0003808	-0.0004921	-0.0003477	-0.0006986	-0.0003876	-0.0005645	-0.0006593	-0.0009484	-0.0006016	-0.0006505	-0.0009221	-0.0004824	-0.0007681	-0.0006696	-0.0008159	-0.0006814	-0.001323	-0.001111	-0.0009481	-0.0007251	-0.000858	-0.0009784	-0.0007857	-0.0005982	-0.001246	-0.0006171	-0.0008715	-0.0008689	-0.0009864	-0.001021	-0.001031
974.673	10259.85	4.668E-5	-6.826E-5	-0.0003788	-0.0004365	-0.0002059	-0.0003477	-0.0006458	-0.0005457	-0.0005059	-0.0003434	-0.000827	-7.434E-5	-0.0007603	-0.0004703	-0.0008372	-0.0006386	-0.000664	-0.0005845	-0.0007012	-0.0002083	-0.0008982	-0.00074	-0.0009342	-0.0008872	-0.0005781	-0.0004913	-0.0006223	-0.0005	-0.0009476	-0.001182	-0.0007042
975.250	10253.78	-8.505E-5	-7.512E-5	-0.0002241	5.351E-5	9.865E-5	-0.0002407	-0.0004167	8.311E-5	-0.0005229	-0.000194	-0.0001681	5.168E-5	-0.0003343	-9.742E-5	-0.0008555	-0.0004955	-0.0005476	-0.0007537	-0.0005081	-0.0001144	-0.0008356	-0.0005807	-0.000751	-0.0009936	-0.0006435	-0.0005371	-0.0002097	-0.0006708	-0.0007275	-0.0007443	-0.0006896
975.827	10247.72	0.0002006	-2.081E-5	1.241E-6	2.906E-5	0.000449	-0.0001503	-0.0003245	-0.0001332	-0.0003179	-0.0002552	3.483E-6	-0.000258	0.000259	-0.0001127	-0.0004477	-0.0006887	-0.0001765	-0.0005939	-0.0006416	-3.059E-5	-0.0002802	-0.0002676	-0.0004659	-0.0007593	-0.000487	-0.0004408	-6.035E-5	-0.0005342	-0.0005626	-0.0004545	-0.0005808
976.404	10241.67	-0.000319	-0.0001769	-0.0003765	-0.0003134	0.0001157	-0.0001664	-0.0007164	-0.0007891	-0.0005271	-0.000632	-0.0008603	-0.0004621	-0.0006873	-0.0008935	-0.001039	-0.0004317	-0.0004831	-0.0007039	-0.001164	-0.0003924	-0.0008753	-0.0005557	-0.0004941	-0.0007231	-0.000441	-0.0005421	-0.0009415	-0.001038	-0.0009016	-0.0008056	-0.0008274
976.980	10235.62	4.395E-5	-0.0002866	-0.0001559	-0.0007882	-0.0001782	-0.0001566	-0.0008916	-0.0006161	4.713E-6	-0.0005946	-0.0006548	-0.000429	-0.0008693	-0.0007457	-0.00102	-0.0008342	-0.0009247	-0.0005517	-0.000649	-0.000642	-0.000876	-0.00131	-0.001163	-0.0005765	-0.000638	-0.0008517	-0.001058	-0.00063	-0.0007845	-0.001147	-0.001355
977.557	10229.58	7.068E-5	-0.0006584	-0.0002982	-0.0007986	-0.0002951	-0.0002738	-0.0007923	-0.001007	-0.0009587	-0.001023	-0.0008756	-0.0006819	-0.0006812	-0.001372	-0.001318	-0.001131	-0.0008564	-0.0008474	-0.00102	-0.0007754	-0.0008014	-0.001301	-0.001243	-0.001204	-0.000846	-0.001278	-0.0009665	-0.001322	-0.001158	-0.0009642	-0.0007748
978.134	10223.55	0.0001624	-0.0002042	-0.0006248	-0.0005368	-0.0003177	-0.0003929	-0.0007095	-0.0004893	-0.0005156	-0.0004556	-0.0002334	-0.0004483	-0.0003542	-0.0007699	-0.0005083	-0.0003151	0.0001885	-0.0008439	-0.0009655	-0.0007646	-0.001033	-0.0007185	-0.001213	-0.0007051	-0.000339	-0.0009344	-0.0005864	-0.0009628	-0.000841	-0.0005689	-0.0006044
978.710	10217.53	8.549E-5	0.0002846	0.0001963	-7.611E-5	2.664E-5	6.024E-5	-1.64E-5	0.0002231	0.0002721	-0.0001326	4.263E-5	0.0003498	0.0003767	-0.000214	-0.0005321	0.000737	0.0001916	-0.0001262	-2.255E-5	-0.0005306	-0.0006268	0.0001291	-0.000101	-0.0001028	4.689E-5	-0.0004829	-0.0008193	-0.0004249	-0.0004748	0.0001618	-0.0003994
979.287	10211.51	-9.213E-5	-0.0005049	-0.0004515	-0.000346	-0.0005216	-0.0005442	-0.0007166	-0.0007039	-0.0006245	-0.001097	-0.0007714	-0.0005239	-0.0005432	-0.00107	-0.0004697	-0.001088	-0.0009695	-0.001044	-0.0005618	-0.0009641	-0.0007996	-0.0009424	-0.001258	-0.0008466	-0.0003208	-0.0007254	-0.0004891	-0.001195	-0.001011	-0.001185	-0.000829
979.864	10205.50	-0.0005793	-0.0004759	-0.0004026	-0.0007255	-0.0005266	-0.0004156	-0.0006497	-0.001397	-0.00138	-0.0008166	-0.0004253	-0.001239	-0.00111	-0.001515	-0.000963	-0.001326	-0.0009283	-0.001077	-0.001003	-0.001139	-0.001192	-0.000937	-0.001026	-0.001026	-0.001046	-0.0008434	-0.0007924	-0.001309	-0.001299	-0.001025	-0.001118
980.440	10199.50	0.0004732	-3.752E-7	-2.504E-5	-6.5E-5	6.939E-5	-0.0003388	0.00025	0.0002588	-0.0001973	-5.184E-5	8.813E-5	-0.0002381	-0.0001857	-0.0004258	-0.0003295	5.156E-6	0.0001962	-0.0005536	-0.0004728	-0.0001678	-0.0001831	0.0002424	3.808E-5	0.0001951	-0.0003275	-0.0005196	-0.0001093	-0.0003694	-0.0002023	-0.000743	3.386E-5
981.017	10193.50	-0.0001992	-0.0006083	-0.0007992	-0.0002373	-3.851E-5	-0.000255	-0.0004288	-4.685E-5	-0.0002252	-0.0001103	-3.242E-5	-0.0008428	-0.0007608	-0.0001406	2.587E-6	-0.0004818	-3.569E-5	-0.00139	-0.000815	-0.0008214	-0.0007645	-5.749E-5	-0.0005301	6.618E-5	-0.001079	-0.0009563	-0.0006515	-0.0003239	-0.0005525	-0.0004101	-0.0007639
981.594	10187.51	-0.0001361	-9.673E-5	-0.0004402	-0.000363	-0.0002558	-0.0001175	-0.0001536	-0.0004618	-0.0003312	-0.0005523	-0.0002682	-0.0001585	-0.0003951	-0.0004055	-0.000714	-0.0008149	-0.0007571	-0.0007069	-0.00051	-0.000287	-0.000295	-0.0005674	-0.0006299	-0.0008402	-0.001041	-0.0005435	-0.0008842	-0.0006039	-0.0008843	-0.0002303	-0.001021
982.171	10181.53	0.0001236	-3.299E-5	9.294E-5	-4.562E-5	7.263E-5	-0.0007161	-7.67E-6	-0.0002019	0.00014	-0.000232	0.0001189	-0.0006011	-0.0004168	-0.0004147	-0.0002513	8.93E-6	-0.0005378	-0.0002077	-0.0001359	-0.0002679	-0.0003481	-0.0004926	-4.635E-5	-0.0005753	0.0001644	-0.000187	0.0001396	3.473E-5	8.598E-6	0.0001448	-0.0001315
982.747	10175.56	0.0007729	0.001134	0.0009912	0.0005816	0.00084	0.0002984	0.000562	0.0006854	0.0008509	0.0004305	0.0004404	0.0005229	0.0004319	0.0005036	0.0005156	0.001142	0.0004305	0.00076	0.0005617	0.0001058	0.000595	8.495E-5	0.000571	0.0007328	0.0008804	0.0009067	0.0006076	0.0005009	0.001012	0.0007673	0.0004942
983.324	10169.59	0.0005814	3.609E-6	8.617E-5	-5.32E-5	0.0001021	-0.0005512	7.414E-5	-0.0002496	-0.0001289	6.951E-5	-0.0002926	-0.0002395	0.0003514	-0.0001377	-4.692E-5	-0.0004094	-0.0002061	8.644E-5	-0.0001086	-0.0005167	-6.147E-5	-0.0002146	-0.0002088	-0.0002929	-9.089E-5	-0.0003272	-0.0006275	0.0001968	-4.553E-5	-0.0003274	-0.0007609
983.901	10163.63	-0.0002391	-0.0003015	-0.0004741	-0.0001837	-0.0002186	-0.0005243	-0.000667	-0.0002985	-0.0005552	-9.471E-5	-0.0007655	-0.0001855	-0.0006587	-0.0004644	-0.0004994	-0.00044	-0.0005166	-0.0003192	-0.0001647	-0.001203	-0.000527	-0.0002996	-0.0003843	-0.0001922	-0.0005093	-0.000239	-0.000952	-0.0004488	-0.0003989	-0.000559	-0.0007751
984.477	10157.67	-0.0002276	0.0004178	0.000321	9.124E-5	-3.644E-5	-0.0003527	-0.0003155	0.0001106	8E-5	-2.825E-5	-0.0002371	0.0002941	-0.000432	0.0002802	0.0003204	1.789E-6	-0.0003161	-0.0001357	0.0001102	-0.0005018	-2.989E-5	-5.239E-5	0.0001087	-4.316E-5	-0.0002476	-6.718E-5	-5.62E-5	0.0003211	8.97E-5	-8.822E-5	-0.0001323
985.054	10151.73	-5.268E-5	0.0001968	0.00041	0.0001804	-0.0004727	-1.623E-5	0.0001387	-0.0001713	3.067E-5	-0.000255	-0.0006066	-0.0002966	-0.000414	-6.503E-5	0.0003914	-0.000338	-0.0001608	-0.0005157	6.64E-5	-0.000243	-0.0001192	-9.999E-6	-0.0006733	-4.322E-5	-0.0005193	-0.0001612	-0.0001757	0.0002929	-0.0002209	-0.0002635	-0.0001654
985.631	10145.79	3.861E-5	-0.0004264	-0.0003059	-0.00037	-0.0003512	-0.0006575	-0.0004013	-0.0005661	-0.0007092	-0.0004344	-0.0007159	-0.0003095	-0.0006772	-0.0006388	-0.0007111	-0.0005376	-0.0003393	-0.0006772	-0.0003813	-0.0006418	-0.0003155	-0.0007046	-0.0005539	-0.0009955	-0.0005064	-0.0002415	-0.0001336	-0.0003239	-0.000984	-0.0005927	-0.0003094
986.208	10139.85	0.0002327	3.32E-5	0.0001297	4.925E-6	-0.0002135	-0.0001865	-0.000189	-0.0001869	-0.000503	-0.0001475	-0.0002154	-0.0001772	-0.0004417	-0.0001139	-0.0001516	-0.0001654	5.701E-5	-1.669E-5	-8.955E-5	-0.0004821	0.0002953	-0.000716	8.247E-5	1.124E-5	-0.000162	9.038E-6	-0.0003061	0.0003151	-0.000476	-0.0006627	-1.11E-5
986.784	10133.93	-6.316E-5	-9.973E-5	-0.0002322	-0.0006384	-0.0002251	-0.0005147	-0.0004134	-0.0007357	-0.0005682	-0.0008825	-0.0004484	-0.0002491	-0.0004609	-0.0003544	-0.0005449	-0.0007984	-3.954E-5	-0.0002603	-0.0001687	-0.000578	-0.0004766	-0.0008868	-0.0005532	-0.0003955	-0.0007048	-0.0007013	-0.0003463	-0.000274	-0.0004317	-0.0008649	-0.0003003
987.361	10128.01	-0.000187	-0.0004733	-0.0008035	-0.0008242	-0.00028	-0.0009149	-0.0008647	-0.0007357	-0.0007178	-0.001031	-0.0007026	-0.0006203	-0.0006816	-0.0006251	-0.001047	-0.0007747	-0.000647	-0.0009382	-0.0004699	-0.0008179	-0.0007561	-0.001006	-0.000845	-0.0008669	-0.001001	-0.0009216	-0.0008005	-0.000996	-0.001223	-0.000909	-0.001008
987.938	10122.10	0.0003199	-0.0001477	-0.0002618	-0.0004056	-0.0001639	-0.0005925	-0.001313	-0.0004831	-0.00026	-0.0007323	-0.0005502	-0.0003828	-0.0002138	-0.0004627	-0.0007641	-0.0005053	-0.000793	-0.0009201	-0.0007399	-0.001065	-0.0001431	-0.0006598	-0.0002181	-0.0006045	-0.0006509	-0.0005151	-0.0003266	-0.0006876	-0.0009274	-0.000193	-0.001052
988.514	10116.19	0.000848	-1.166E-5	0.0003709	-0.0002861	0.0003733	-0.0002489	-0.0004625	0.0002437	0.0001054	-0.0002134	-0.000167	-0.0004196	-0.0002326	-0.0003015	-0.0005572	-0.0003654	-0.0001787	-0.0006002	-0.0006405	-0.0007375	-0.0001258	-0.0006348	-0.0001606	-0.0005602	-0.0001859	-0.0006161	-0.000331	-0.0004819	-0.0003096	-0.000248	-0.0007463
989.091	10110.29	4.425E-5	-0.0004384	-0.0004042	-0.001002	-0.0002739	-0.0002949	-0.0003899	-0.0004343	-0.0003354	-0.000467	-0.0008553	-0.001344	-0.001076	-0.0006069	-0.001068	-0.0002255	-0.0007219	-0.0009441	-0.001116	-0.001352	-0.0008857	-0.0009367	-0.0008427	-0.001065	-0.0007621	-0.0006517	-0.0007605	-0.0004495	-0.0006118	-0.000952	-0.001069
989.668	10104.40	0.0001576	-0.000587	-0.001004	-0.001182	-0.0003399	-0.000558	-0.0005179	-0.0007835	-0.0003091	-0.001166	-0.0008746	-0.001588	-0.0008879	-0.0009384	-0.0009876	-0.0007726	-0.0008611	-0.001214	-0.001165	-0.001428	-0.0005719	-0.0007412	-0.0006471	-0.001132	-0.0008693	-0.0003382	-0.0009882	-0.0004114	-0.0007515	-0.0007927	-0.000951
990.245	10098.52	0.0002269	-0.0004342	-0.0006913	-0.0009789	-0.0005463	-0.0007528	-0.0007319	-0.0009531	-0.001031	-0.001206	-0.001251	-0.001096	-0.0008746	-0.001205	-0.0011	-0.0009899	-0.0009614	-0.0008436	-0.001233	-0.0005298	-0.001262	-0.0008999	-0.0007791	-0.001315	-0.001244	-0.001296	-0.001507	-0.00089	-0.001186	-0.0006948	-0.001034
990.821	10092.64	0.0002266	-2.261E-6	-6.234E-5	-0.0005765	0.0001922	-0.0002453	-0.0001125	-6.398E-6	-5.807E-5	-0.000612	-0.0002069	-0.0003543	-7.471E-5	-0.0001662	-0.0001844	-1.764E-5	-0.0002858	-0.0002804	-0.0001777	-0.0001137	-0.0004859	-0.0005258	8.167E-5	-1.552E-5	-0.0005473	-0.001142	-0.0004562	-0.0003951	-0.0001313	7.768E-5	0.000191
991.398	10086.77	0.0002189	0.000192	-0.0005709	-0.0001608	-8.343E-5	0.0003536	-0.0002779	-0.0003461	-0.0005731	-0.0004947	-0.0005935	-0.0002582	-0.0005148	0.0001143	-0.0005888	-0.0006245	5.348E-5	-0.0007252	-0.0005881	-0.0005599	-0.0007946	-0.0005987	-0.000498	-0.0004567	-0.0009191	-0.0008016	-0.0007211	-0.0002794	-0.000634	-0.0007482	-0.0009592
991.975	10080.90	0.0003729	-0.0007527	-0.0008135	-0.0006098	-0.0002674	-0.0006821	-0.0003674	-0.001223	-0.0004015	-0.001094	-0.0007275	-0.000331	-0.001034	-0.0001473	-0.0007961	-0.0002209	-0.000463	-0.0007799	-0.0006903	-0.0005483	-0.001175	-0.0005525	-0.001121	-0.001049	-0.0008557	-0.0005955	-0.0006274	-0.001159	-0.001035	-0.001112	-0.0008754
992.551	10075.05	-0.000201	-0.0005105	-0.001273	-0.0009322	-0.00107	-0.0008722	-0.0008192	-0.001036	-0.001144	-0.001245	-0.001329	-0.0009735	-0.001191	-0.001528	-0.0009601	-0.000315	-0.001307	-0.001364	-0.0008096	-0.001327	-0.001504	-0.001517	-0.001338	-0.001388	-0.001302	-0.001242	-0.001381	-0.001311	-0.001214	-0.001356	-0.001066
993.128	10069.19	0.0001942	-2.422E-5	-0.0001465	2.438E-5	-0.0002793	-0.0004031	-0.0001918	-0.0002307	-0.0004263	-0.0003968	-0.0001607	-0.0001923	-0.0003437	-0.000797	-0.0003063	-0.00017	-1.618E-6	-0.0003301	-0.0006805	0.0002038	-0.0003003	-0.0004899	-0.0009637	-0.0006818	-0.0003396	-0.001207	1.569E-5	-0.0008859	-0.0008891	-0.001029	-0.001051
993.705	10063.35	-0.0009054	-0.0006358	-0.0002931	-0.0008962	-0.001274	-0.000925	-0.001406	-0.0004026	-0.001312	-0.001191	-0.001506	-0.0003487	-0.001444	-0.001623	-0.0009171	-0.001128	-0.0006767	-0.001009	-0.0004358	-0.001318	-0.0009514	-0.001078	-0.0008748	-0.001113	-0.000939	-0.001128	-0.0008819	-0.000673	-0.001279	-0.0009749	-0.0007963
994.282	10057.51	0.0001349	-0.0001034	-0.000332	-0.0001956	-0.0002854	-0.0004981	7.101E-5	-0.0001496	-0.0005364	-0.0008268	-0.0004039	-0.0007226	-0.000358	-0.0009016	-0.0006816	-0.0004681	-0.0005916	-0.0002494	-0.0001265	-0.000504	-0.0005142	-0.0007027	-0.0004382	-0.0001763	-0.0002282	-0.0005207	-4.317E-5	-0.0006875	-5.761E-6	-0.0005522	-0.000684
994.858	10051.68	-0.0005706	-0.0008952	-0.0006068	-0.000854	-0.001132	-0.001397	-0.00142	-0.001092	-0.0003123	-0.001325	-0.0009672	-0.0008451	-0.001829	-0.001474	-0.001329	-0.001537	-0.0008591	-0.0009832	-0.0007855	-0.001121	-0.00109	-0.001206	-0.001299	-0.0008843	-0.0009707	-0.001232	-0.0009591	-0.001098	-0.0008725	-0.002014	-0.001335
995.435	10045.86	-0.0003921	-0.000452	-0.0002285	-0.0007082	-0.0007311	-0.0005465	-0.0006544	-0.000446	-0.0003101	-0.0006748	-0.000915	-0.00084	-0.0007735	-0.00115	-0.0009071	-0.00077	-0.0005479	-0.0002467	-0.001011	-0.0006656	-0.0006012	-0.001075	-0.0007397	-0.0009979	-0.0008407	-0.0005335	-0.001095	-0.0005004	-0.0009636	-0.0005521	-0.0008174
996.012	10040.04	-0.0001501	-0.0009113	-0.001013	-0.0004699	-0.0007369	-0.0003877	-0.001104	-0.001139	-0.0001492	-0.001043	-0.0009927	-0.001045	-0.0006337	-0.0004073	-0.001174	-0.0002336	-0.0008023	-0.001242	-0.001265	-0.0007504	-0.0009399	-0.000549	-0.001048	-0.0009596	-0.0009848	-0.0007983	-0.0008249	-0.0007947	-0.001114	-0.001439	-0.001098
996.588	10034.23	-0.0005839	-0.0007014	-0.0006522	-0.001037	-0.0005264	-0.0004502	-0.0007816	-0.0005107	-0.0009727	-0.001114	-0.0008987	-0.0009415	-0.0008707	-0.0005474	-0.0008799	-0.001313	-0.001401	-0.0005742	-0.00112	-0.001071	-0.0007623	-0.0009141	-0.0008889	-0.0009286	-0.001273	-0.0007301	-0.001081	-0.000823	-0.001355	-0.0008773	-0.001174
997.165	10028.43	-0.0008622	-0.0004798	-0.0002537	-0.0007022	-0.001096	-0.0009287	-0.001165	-0.0005776	-0.00151	-0.0009635	-0.0006678	-0.001132	-0.0003793	-0.0004042	-0.0006473	-0.0007824	-0.0008882	-0.000969	-0.0006714	-0.001536	-0.0006924	-0.0009144	-0.0005023	-0.0007229	-0.0007489	-0.001037	-0.0008325	-0.001324	-0.0008295	-0.001353	-0.001015
997.742	10022.63	-0.0004256	-0.0006545	-0.0008243	-0.0009944	-0.0006484	-0.0005042	-0.0007699	-0.001008	-0.0004507	-0.0009078	-0.000384	-0.0003561	-0.0003097	-0.0003795	-0.001138	-0.001017	-0.0005607	-0.0009492	-0.0005198	-0.0008982	-0.0008204	-0.0008887	-0.001322	-0.0008724	-0.0008336	-0.001384	-0.0006811	-0.0007649	-0.000821	-0.0009587	-0.0007379
998.318	10016.84	0.0003477	-0.0003193	-0.0006032	-0.0006149	0.0002624	-0.0004592	-0.000426	-0.0007891	-0.000179	-0.0007543	-0.0004931	-0.0006633	5.283E-6	-0.0001063	-0.0004704	-0.0007432	-0.0002999	-0.0005852	-9.435E-5	-0.0006709	-0.000295	-0.0003341	-0.0007373	-0.0005307	-0.000894	-0.0007081	-0.0006945	-0.0003505	-0.0005423	-0.0009124	-0.0008089
998.895	10011.06	0.000545	0.0001069	-4.679E-5	0.0001095	0.0002494	-0.0001056	-0.000702	-0.000725	-0.000676	-0.0005059	-0.0003038	-0.0005292	-0.0002411	-0.0001301	8.949E-5	-0.0003459	-6.077E-5	-4.754E-5	-0.0004441	-0.0003666	-0.0002068	0.0002417	-0.000288	5.023E-6	-0.0004531	-0.0001728	-0.0005177	-0.0002803	-0.0006341	-9.208E-5	-0.0004588
999.472	10005.28	0.0003319	0.0003879	-0.0001742	-8.063E-6	-0.0002377	0.000101	-0.0004144	-0.0009183	-0.0002132	-0.0005496	-0.0006422	-0.0006685	-0.0007562	-0.0002983	9.186E-5	-0.0002992	-0.0004457	-0.0004842	-0.0001083	-0.0001468	-0.0008257	-0.0002359	-0.000637	-0.0004398	-0.0003985	-0.0006648	-0.0005309	-0.0006872	-0.0008958	-0.0001623	-0.0004418
1000.049	9999.51	0.0001107	6.009E-5	-0.0005377	0.0001537	2.777E-5	-0.0003861	-0.0005855	-0.0006002	-9.151E-5	-0.0007906	-0.0006172	-0.0006136	-0.0009409	-9.695E-6	-0.0006883	-0.0005146	-0.0005393	-0.0005468	-0.0004042	-0.0006268	-0.0004969	-0.0006752	-0.0005032	-0.0007509	-0.0005243	-0.0009601	-0.000877	-0.0007034	-0.0007522	-0.0005326	-0.0008818
1000.625	9993.75	-0.0001752	-9.719E-5	-0.0004	-0.0003367	-3.07E-5	-0.0007146	-0.0005628	-0.0003981	-0.0005869	-0.0005492	-0.0003866	-0.0002454	-0.0005441	-0.0001928	-0.0007688	-0.0004475	-0.0007193	-6.635E-5	-0.0005855	-0.0006718	-0.0006196	-0.001064	-0.0001643	-0.0007555	-0.0005467	-0.000636	-0.0009166	-0.0007566	-0.0006957	-0.000584	-0.0009928
1001.202	9987.99	-0.000293	-0.0002995	-0.0002441	-0.0006154	-0.0003238	-0.0008307	-0.0006381	-0.0005198	-0.0009664	-0.0003917	-0.0003748	-0.0001215	-0.0001942	-0.0008667	-0.0007698	-0.0005824	-0.000896	-0.0003967	-0.0008655	-0.0006978	-0.0005778	-0.0008739	-0.0002857	-0.000821	-0.0004747	-0.0009219	-0.001227	-0.0009727	-0.0005401	-0.0007983	-0.0004135
1001.779	9982.24	0.0003588	-0.0002773	-0.0001415	-0.0002553	-1.629E-6	-0.001039	-0.0005911	-0.000568	-0.0003705	-0.0006477	-0.0007786	-8.275E-5	-0.0008039	-0.0009498	-0.0009708	-0.0009095	-0.0001578	-0.0006496	-0.0008911	-0.0009223	-0.0005113	-0.001015	-0.0004474	-0.0007179	-0.0005844	-0.0009597	-0.001093	-0.0009704	-0.0006473	-0.0009821	-7.99E-5
1002.355	9976.50	4.568E-5	-0.0004357	-0.0003809	-0.0001612	-0.0003398	-0.0004227	-0.00087	-0.0005713	-0.0003295	-0.000764	-0.0009911	-0.0007035	-0.0006603	-0.0006987	-0.0007712	-0.0008407	-0.0001122	-0.0009767	-0.0009891	-0.0008422	-0.001153	-0.001048	-0.0007097	-0.000718	-0.0007598	-0.0008191	-0.0005463	-0.0007373	-0.0008892	-0.000853	-0.001063
1002.932	9970.76	-0.0002747	-0.0006026	-0.0009213	-0.0005326	-0.0009724	-0.0007475	-0.0008541	-0.0006357	-0.001013	-0.001218	-0.0007824	-0.0008434	-0.001143	-0.0009661	-0.0004142	-0.0009121	-0.00039	-0.001323	-0.001194	-0.0007945	-0.001636	-0.001174	-0.0005764	-0.0009956	-0.001718	-0.0009359	-0.0008351	-0.0008394	-0.001373	-0.0006567	-0.001076
1003.509	9965.03	4.177E-5	-0.000256	-0.0008821	-0.0007863	-0.0003001	-0.0006989	-0.000929	-0.0009543	-0.001196	-0.00128	-0.0009472	-0.001133	-0.001137	-0.0006243	-0.0008868	-0.0005223	-0.0009432	-0.0007707	-0.0006614	-0.000913	-0.0007442	-0.000883	-0.000715	-0.0008127	-0.001223	-0.0005602	-0.0009072	-0.001055	-0.0007169	-0.0009304	-0.0004249
1004.086	9959.31	9.209E-6	-0.001644	-0.0008973	-0.0009508	-0.0009503	-0.001583	-0.001134	-0.0009199	-0.0009574	-0.001112	-0.0004084	-0.0009831	-0.001119	-0.001015	-0.001023	-0.0009969	-0.001348	-0.001367	-0.0009498	-0.0008613	-0.0007064	-0.00116	-0.001279	-0.001402	-0.001082	-0.001023	-0.0007338	-0.002028	-0.001157	-0.001159	-0.001387
1004.662	9953.59	0.0006265	-0.0005267	-6.839E-5	-0.0003414	-0.0001566	-0.0002974	-0.0001487	-0.0008855	-0.0003388	-0.0003243	-1.858E-5	9.858E-5	-0.0008373	-9.929E-5	-0.0007174	-0.0006988	-0.0005285	-0.0006572	-0.001004	6.559E-5	-0.0005232	-0.0005403	-0.0004282	-0.0005847	-0.0004508	-0.0006497	0.0001015	-0.000592	-0.0002396	-0.0004319	-0.000406
1005.239	9947.88	0.000224	4.118E-5	-0.0003652	-7.599E-5	-0.0002878	0.0001224	-0.0002428	-0.0002444	7.665E-5	6.379E-5	-0.0004916	-0.0002732	-0.001022	-0.0008436	-0.0001999	-4.519E-5	-0.000787	-0.0002247	-4.6E-5	-0.0006916	-0.0001637	-0.0004412	0.0003038	-0.0002871	-0.0003945	-0.0007954	-0.0006336	-0.0007105	-0.0002001	-0.0005448	-0.0007216
1005.816	9942.18	0.0004892	-0.0004383	0.0005063	-0.001079	-0.001263	-0.001125	-0.0003704	-0.001771	-0.001482	-0.001524	-0.001006	-0.001011	-0.0009361	-0.001156	-0.001229	-0.001175	-0.0007614	-0.001273	-0.0006996	-0.0006435	-0.0003622	-0.001197	-0.001339	-0.001463	-0.0009252	-0.00188	-0.00174	-0.0009512	-0.001742	-0.001374	-0.002587
1006.392	9936.48	0.0003953	9.396E-5	-0.0004826	4.4E-5	0.0004234	0.0004089	0.0004113	-0.0005627	-0.0003113	0.0003805	-0.0005013	0.0003933	-0.0002894	0.0001166	-0.0008166	0.0008485	-0.0003656	-0.0002778	0.0001116	-0.0007124	-0.0004545	0.0002755	0.0007216	0.001016	-0.0003764	-0.0005473	-0.0001575	0.0002165	0.0001293	-0.0006464	-0.0008972
1006.969	9930.79	0.0001623	-0.001155	-0.000793	-0.0004717	-0.0007468	-0.00116	-0.001113	-0.0009875	-0.001393	-0.001287	-0.001321	-0.0009093	-0.0003977	-0.001104	-0.001343	-0.0006152	-0.0009336	-0.001856	-0.00195	-0.001124	-0.001185	-0.002133	-0.0005784	-0.0008846	-0.001176	-0.002272	-0.00134	-0.00121	-0.001293	-0.001594	-0.001489
1007.546	9925.11	-0.0005153	-0.001215	-0.00109	-0.001702	-0.0009466	-0.0007385	-0.001123	-0.001588	-0.001678	-0.001598	-0.001016	-0.0008429	-0.00144	-0.001526	-0.001533	-0.001648	-0.0008132	-0.001048	-0.00116	-0.001239	-0.00129	-0.00121	-0.001722	-0.0009923	-0.0006256	-0.001401	-0.0009833	-0.001919	-0.001145	-0.001243	-0.001582
1008.123	9919.43	5.996E-5	-0.0006061	-0.0002924	-0.0005382	-0.0003416	-0.001055	7.201E-5	0.0001977	-0.0009363	-0.0006226	-0.0008857	-0.0007715	-0.0002652	-0.0007581	-0.001041	-0.001071	-0.0006488	-0.0009211	-0.001613	-0.001221	-0.001238	-0.0006227	-0.0008033	-0.0003914	-0.000461	-0.000638	-0.0004797	-0.0003147	-0.001036	-0.001074	-0.0005085
1008.699	9913.76	-0.0004888	-0.0001939	-0.001429	-0.0004543	-0.0004253	-0.0008167	-0.00105	-0.000387	-0.001464	-0.0008881	-0.000607	-0.001207	-0.001151	-0.0002881	-0.0007698	-0.001639	-0.001212	-0.00147	-0.001281	-0.001482	-0.0008585	-0.001224	-0.001296	-0.001161	-0.001413	-0.001435	-0.001242	-0.0005284	-0.0007151	-0.0007371	-0.0009644
1009.276	9908.09	-0.0001783	-0.0002698	-0.0003566	-0.0003259	-0.0002775	-0.0008446	-0.0006103	-0.0007497	-0.001005	-0.0004158	-0.001055	-0.0007424	-0.0002065	-0.000748	-0.0007145	-0.0007941	-0.0001411	-0.001166	-0.001293	-0.001067	-0.001184	-0.001196	-0.001001	-0.0009643	-0.001191	-0.0006542	-0.001136	-0.0009502	-0.0007221	-0.0005201	-0.001338
1009.853	9902.43	-0.0001336	-0.0005336	-7.927E-5	-0.0009171	-0.0004659	-0.0005701	-0.0003949	-0.0009805	-0.0009515	-0.001323	-0.000922	-0.0009658	-0.0007831	-0.00108	-0.0008789	-0.000189	-0.0006657	-0.001161	-0.0009057	-0.001265	-0.001024	-0.0009098	-0.0009651	-0.001244	-0.00131	-0.001356	-0.0006151	-0.001397	-0.001063	-0.001477	-0.001997
1010.429	9896.78	-0.0004888	-0.0006796	-0.0005056	-0.0003582	-0.0003442	-0.0004666	-0.0003202	-0.0006394	-0.001195	-0.001088	-9.763E-5	-0.0007708	-0.001138	-0.0007854	-0.0003171	-0.0007827	-0.001044	-0.001176	-0.000508	-0.001323	-0.0004853	-0.001178	-0.0009829	-0.001402	-0.0011	-0.001556	-0.0008889	-0.001107	-0.001151	-0.001275	-0.001628
1011.006	9891.14	-0.0007779	-0.0009849	-0.0005032	-0.0001779	-0.0002376	-0.0006022	-0.0004664	-0.0006949	-0.001059	-0.0007836	-0.000374	-0.0005255	-0.00144	-0.001151	-0.0009431	-0.0006899	-0.0004692	-0.001068	-0.0004513	-0.001377	-0.0004171	-0.0009301	-0.0006612	-0.001305	-0.001037	-0.001355	-0.001141	-0.001047	-0.001339	-0.0009891	-0.001142
1011.583	9885.50	-0.0002639	-0.0007153	-0.0007304	-0.001438	-0.001169	-0.001323	-0.000838	-0.001515	-0.001119	-0.001372	-0.00131	-0.001223	-0.001199	-0.001301	-0.001426	-0.001363	-0.0008399	-0.001378	-0.001141	-0.001478	-0.001058	-0.001097	-0.001127	-0.001658	-0.001514	-0.001357	-0.001521	-0.001074	-0.001442	-0.0009258	-0.00165
1012.160	9879.87	0.0003563	-0.0001939	0.0003618	-0.0003012	2.669E-5	-0.0004257	-0.000312	-0.0007421	-0.0009249	-0.0005281	-0.0004415	-0.0002805	9.159E-5	-0.0004572	-0.0003923	-0.0006535	-0.0003572	-0.0002743	-0.0003252	-0.000426	-6.251E-5	-0.0002351	-0.0003469	-0.0006101	-0.0004832	-0.0006961	-0.0003692	-0.0003295	-0.0003429	-0.0001635	-0.0006541
1012.736	9874.24	3.122E-6	-0.0003333	7.244E-6	0.00021	-0.0002167	-0.0003786	-0.0003348	-0.0002844	-0.0008727	-0.0002987	-3.634E-5	-0.0001746	-0.000149	-0.0005548	-0.0004528	-0.0002714	-0.0002323	0.0001688	-0.0002598	-0.0002549	-0.0002041	-0.0002899	0.000281	-0.000166	-3.483E-6	-0.0004975	-0.0002688	-0.0003966	-0.0007655	-0.0002261	-0.0007844
1013.313	9868.62	-0.0006738	-0.0008247	-0.0008087	-0.001079	-0.0007741	-0.0006725	-0.0008571	-0.001026	-0.00135	-0.001109	-0.0009866	-0.0007973	-0.001268	-0.00141	-0.001028	-0.0009871	-0.001062	-0.0008598	-0.0008611	-0.0009914	-0.0009588	-0.001348	-0.000638	-0.0004156	-0.0007688	-0.0009271	-0.001055	-0.001142	-0.001607	-0.0005014	-0.0008814
1013.890	9863.01	-0.0009191	-0.001229	-0.00107	-0.001843	-0.0003765	-0.0007242	-0.001024	-0.001458	-0.001321	-0.001666	-0.001355	-0.0009922	-0.00138	-0.001662	-0.001477	-0.00132	-0.001367	-0.001415	-0.0009615	-0.001204	-0.001508	-0.001823	-0.00156	-0.0006926	-0.001507	-0.001417	-0.00171	-0.0009696	-0.001819	-0.001118	-0.0013
1014.466	9857.40	-0.0006359	-0.00115	-0.001054	-0.00149	-0.0005176	-0.001348	-0.0008951	-0.001328	-0.00103	-0.001483	-0.000848	-0.0009679	-0.001024	-0.001404	-0.001688	-0.001429	-0.001628	-0.001278	-0.001381	-0.001401	-0.001858	-0.0009636	-0.001093	-0.0009822	-0.00158	-0.0009073	-0.001282	-0.001554	-0.00135	-0.001265	-0.001705
1015.043	9851.80	-0.0003502	-0.0007495	-0.000635	-0.000705	-0.0003785	-0.001438	-0.000762	-0.001183	-0.001534	-0.00117	-0.0006851	-0.001221	-0.001259	-0.0009062	-0.001178	-0.0009677	-0.001435	-0.0003678	-0.001022	-0.001438	-0.0008177	-0.0007593	-0.0002032	-0.001084	-0.0006287	-0.001238	-0.00141	-0.001138	-0.0008129	-0.001253	-0.0004621
1015.620	9846.20	-0.0003906	-0.0003041	-0.0003656	-0.0005746	-5.784E-5	-0.0003747	-0.0003484	-0.0008613	-0.001017	-0.001119	-0.001193	-0.000668	-0.0005348	-0.000307	-0.0006735	-0.0003287	-0.0009129	-0.000663	-0.0002811	-0.0004217	-0.0006813	-0.0005199	-0.0006472	-0.0004216	-0.000231	-0.0006988	-0.001382	-0.0005663	-0.001475	-0.0006249	-0.0007378
1016.196	9840.62	0.0002628	0.0002488	-0.0005495	-0.0005885	-4.71E-6	-0.0003116	-0.0007099	-0.0005676	-0.0007392	-0.0004014	-0.0005838	-0.0004215	-0.001021	-0.0005015	-0.0009387	-0.0006635	-0.0009663	-0.0006026	-5.899E-5	-0.0008408	-0.0003162	-0.0004138	-0.0005096	-0.001055	-0.0001689	-0.001219	-0.0005029	-0.0001444	-0.0009884	-0.0008413	-0.001225
1016.773	9835.04	0.0007064	0.0003383	-0.0004471	-0.000455	-0.0003707	-0.0006707	-5.629E-5	-0.0005278	-0.0004972	0.0001442	-0.0002158	-0.0001317	-0.0009952	-0.0002645	-0.0003225	-0.0002076	-0.0005853	0.0001549	-0.0004817	-0.0005853	0.0001975	-0.0006786	-0.000229	-0.0005345	-0.0003012	-0.0007668	-0.0007328	-0.0007875	-0.0002194	-0.000419	-0.000941
1017.350	9829.46	0.0006552	0.0001785	-9.431E-6	4.111E-5	0.0002738	-0.0003924	-0.0002358	-0.0003524	-0.0004357	6.898E-5	-0.000429	-0.0008858	-0.0005079	-0.0001499	-0.0003641	-0.0005439	-0.0006814	-9.1E-5	-0.0007582	3.878E-5	-0.0003151	-0.0004945	-0.0008599	-0.0003076	-0.0005065	-0.0006157	-0.001136	0.0001183	-0.001235	-0.0007595	-0.0006949
1017.927	9823.89	-0.0001899	-0.000358	0.0002463	-0.0004167	-0.0004383	-0.0002741	6.162E-5	-0.0004095	-0.000206	-0.0002174	-0.0008688	0.000252	-0.000246	-0.0005548	-0.0004029	-0.001098	-0.0007521	-0.001054	-0.0002667	-0.0003922	-0.0009829	-0.0005779	-0.0006233	-0.0008048	-0.00105	-0.0003017	-0.000604	-0.0006265	-0.0003557	-0.001073	-0.001034
1018.503	9818.33	-5.043E-5	0.0001261	-0.0004722	-0.0003352	-0.0001215	-0.001177	-0.0002212	-0.0003065	-0.001414	-0.0004735	-0.0003829	-0.0006118	-0.0006977	-0.0004105	-0.0005885	-0.001007	-0.0009683	-0.0007162	-0.0005211	-0.0002426	-0.0008024	-0.000796	-0.0009109	-0.0006732	-0.001063	-0.00122	-0.001207	-0.001104	-0.0008467	-0.001076	-0.0008168
1019.080	9812.77	0.0007753	-0.0001287	-1.901E-5	0.0001546	-0.000786	-6.908E-5	-0.0003492	-2.921E-5	-1.898E-5	-5.896E-5	-0.0007084	-7.616E-5	-0.0004384	-0.0004588	-0.0007785	0.0004185	-0.0001685	0.0003506	-0.0005591	-0.001014	-0.0004244	-0.0003719	-0.0007308	-0.0005714	-0.000539	-0.0006747	-0.0002279	0.0002901	-0.0008718	-0.0009863	-0.0001513
1019.657	9807.22	0.0003363	0.0004166	0.0002519	-0.000629	0.0001228	7.636E-5	-0.0002323	-0.0001658	0.0001563	0.0002407	0.0001894	-0.0002597	-0.0004995	1.48E-5	-1.4E-5	-0.000638	-0.0004969	1.704E-5	-0.0005336	-2.031E-6	7.273E-5	-0.0002257	7.151E-5	-1.239E-5	-0.001032	-2.97E-5	0.0005477	-0.0006829	-0.0007024	-0.0002323	-0.0002355
1020.233	9801.68	0.0008211	0.0006772	0.0009134	-0.0001795	0.0002438	0.0004984	0.0001825	-0.0004678	0.0002768	0.0002575	0.0002467	-0.0005443	-0.0005624	-0.0005523	0.0001135	-0.0001137	-0.0002583	0.0001524	0.000338	-0.0002491	3.076E-5	-0.0003587	0.0003323	-5.257E-5	-0.0007622	-0.000684	-6.299E-5	-0.0002514	-0.000571	0.0003631	-0.0005203
1020.810	9796.14	-0.0005908	0.0003559	-0.000421	0.0002402	-0.0004536	-0.0007202	-0.0007884	-0.0002193	-0.0008879	-0.0004448	-0.0001172	-0.001127	-0.0009996	-0.0004849	-6.718E-5	-0.0007832	-0.0002149	-0.0006522	-0.0004444	0.0002939	-0.0008786	-0.001729	-0.0004372	-0.001152	-0.000791	-0.0007984	-0.0006935	-0.0004459	-0.00111	-0.0001369	-0.0004034
1021.387	9790.61	2.058E-5	0.0004855	6.498E-5	-0.0003171	8.248E-5	-0.0002031	-0.0002176	0.0002748	-0.0001436	0.0002414	0.0003341	-0.0005792	-2.153E-5	-0.0003091	0.0003697	-0.000347	1.366E-5	0.0003665	-2.828E-5	-0.0001619	-0.000608	-0.0002575	-3.908E-5	0.0001863	-0.000829	-0.0006079	-0.0001569	-0.0001212	-0.0005976	0.0004352	-0.0001704
1021.964	9785.08	-0.0002124	0.0001878	-0.0001591	-0.0005419	-6.113E-5	-0.0005117	-0.0002359	-0.000531	-0.0001204	-0.0001553	-0.0004791	-0.0008094	-0.0004791	-0.0005609	-0.0002721	-0.0005653	-1.441E-5	-0.0008204	-0.0003199	-0.0006169	-0.0006078	-0.0005022	-0.0002488	-0.0002802	-0.0006843	-0.0005807	-0.0006691	-8.788E-5	-0.0008617	-0.000942	-0.0001081
1022.540	9779.57	-0.0006166	-0.0001802	-0.0001934	-0.0002089	-0.0008553	-0.0008839	-0.0005304	-0.0005841	-0.0005158	-0.0005744	-0.000727	-0.0007824	-0.0001567	-0.0004715	-0.0005561	-0.001012	-0.001178	-0.0009219	-0.0003177	-0.0005881	-0.0008877	-0.0007039	-0.0005114	-0.000744	-0.0005013	-0.000803	-0.0003745	-0.0003669	-0.0007348	-0.0003455	-0.0004192
1023.117	9774.05	-0.0001283	0.0002957	-0.0002961	0.0003253	-0.0005536	0.0001073	0.0002409	2.647E-5	-0.0008088	-6.43E-5	0.0001077	-0.0002799	0.0002505	-0.0002133	-0.0002135	-0.0005653	-0.0002022	8.889E-5	-0.0003643	8.183E-6	0.000111	0.0005805	0.0002269	0.000187	0.0002035	-0.0006872	9.727E-5	-7.757E-5	-0.0001878	6.709E-5	-0.000118
1023.694	9768.55	-3.305E-6	2.428E-5	-0.0008764	-0.0002737	-0.000533	-0.0005651	-0.000157	-0.0005312	-0.0007967	-0.0001305	-5.1E-5	-0.0003676	-0.0002393	-0.0005	-0.001104	-0.0006766	-0.0003838	-0.000686	-0.0001486	-0.0008073	-0.0004493	0.000147	-0.0006755	-0.0003619	-0.0001648	-0.001084	-0.0004383	-0.0004255	-0.0006573	-0.0006024	0.0002393
1024.270	9763.05	-0.0002172	-0.0002445	-0.0008581	-0.000155	-0.001146	-0.0007497	-0.0006759	-0.001175	-0.0004951	-0.0002902	-5.093E-5	-0.0001158	-0.000563	-0.0008631	-0.0008924	-0.0004019	-0.0005507	-0.0005956	-0.0003557	-0.0007358	-0.001002	-0.0004751	-0.0006913	-0.0006525	-1.615E-5	-0.0006546	-0.0008293	-0.0002346	-0.0005002	-0.000729	1.23E-6
1024.847	9757.55	-0.0005003	-0.0005358	-0.0001582	-0.0004442	-0.001064	-0.0007803	-0.0006433	-0.0008401	-0.0007783	-0.0003534	-0.0004892	8.116E-5	-0.0007513	-0.0007382	-0.0005553	-0.0003614	-0.001081	-0.0002219	-0.001097	-0.000432	-0.0007157	-0.00108	-0.0003182	-0.0006211	-0.0008924	-0.0002735	-0.0006334	-0.0005559	-0.0002935	-0.0005847	-0.0006097
1025.424	9752.07	-0.0006051	-0.0004971	-9.242E-5	-0.0005575	-0.001091	-0.001022	-0.001234	-0.0004754	-0.0008541	-0.0008134	-0.001045	-0.0006811	-0.0002522	-0.0005516	-0.0006376	-0.0004212	-0.001367	-0.000634	-0.0006132	-0.0006801	-0.0007323	-0.0008737	-0.000905	-0.001295	-0.001126	-0.0005546	-0.0002346	-0.0009843	-0.0009134	-0.0007816	-0.001396
1026.001	9746.58	-0.0005395	-0.0009029	-0.001032	-0.0009676	-0.001057	-0.000931	-0.00123	-0.001024	-0.0005524	-0.001272	-0.0007316	-0.0009176	-0.0007753	-0.0008557	-0.0009205	-0.0007646	-0.0009747	-0.001566	-0.0008985	-0.001172	-0.0004616	-0.001112	-0.0003562	-0.001298	-0.001367	-0.001104	-0.0004623	-0.001152	-0.001236	-0.000809	-0.001207
1026.577	9741.11	-8.318E-5	-0.0007271	-0.0006187	-0.0003266	-0.0003417	3.013E-5	-0.0005143	-0.0007136	0.0001737	-0.0006995	-0.0007026	-0.0006147	-0.0005129	-0.0003836	-0.0006549	-0.0005165	-0.0004648	-0.00116	-0.0004903	-0.0007411	-0.0005426	-0.0005369	-0.0001513	-0.0009425	-0.0007362	-0.0008251	-0.000744	-0.001357	-0.0005738	-0.0003666	-0.0006809
1027.154	9735.64	-0.0007673	-0.0006484	-0.0005898	-0.0004432	-2.776E-6	-0.0004478	-0.001375	-0.001583	-0.000788	-0.001586	-0.0004894	-0.0003908	-0.001188	-0.0006356	-0.001339	-0.000888	-0.001119	-0.0008229	-0.001259	-0.001051	-0.001666	-0.001363	-0.0003955	-0.0006754	-0.001533	-0.001111	-0.0009392	-0.001212	-0.00091	-0.0008059	-0.0005789
1027.731	9730.18	-0.0005902	-0.0005743	8.39E-6	-0.0006395	-0.0004088	-0.0004767	-0.0001175	-0.0001723	-0.0007301	-0.001015	-0.0002318	-0.000371	-0.001422	-0.0008268	-0.0004887	-0.0005244	-9.283E-5	-0.0001124	-0.0001335	-0.0007179	-0.0007426	-0.0007007	-0.0002733	-0.0008462	-0.0009808	-0.001023	-0.0001107	-0.001346	-0.0008725	-0.0008381	0.000174
1028.307	9724.72	-0.0004423	-0.0003739	-0.0002141	-0.0007687	-7.614E-5	-0.0005484	-0.0004548	-0.0003401	-0.0002919	-0.000511	-0.0006449	-0.0002867	-0.0002551	-0.001126	2.847E-5	-0.0005306	-0.0001344	-0.0005009	-0.000266	1.407E-5	-0.0004204	-0.0001279	-0.0004925	-0.001096	-0.001014	-0.0006941	0.0003119	-0.0003708	-0.0002976	-0.0005001	-0.0003504
1028.884	9719.27	-0.0007993	-0.0005346	-0.001306	-0.00151	-0.0009465	-0.001503	-0.001489	-0.001038	-0.0007627	-0.0009853	-0.001342	-0.001417	-0.001465	-0.001574	-0.001675	-0.001518	-0.0004273	-0.001479	-0.0008164	-0.001599	-0.0008191	-0.0008421	-0.001114	-0.001183	-0.001925	-0.001534	-0.001686	-0.0008982	-0.000898	-0.0012	-0.001968
1029.461	9713.82	0.0009538	-0.0007782	0.0004455	0.0007501	0.0001773	7.605E-5	-0.0001025	-0.0002212	-0.0003001	-0.0003348	-0.0001632	0.0008424	-0.0006873	0.0007565	-0.0002006	0.0003049	0.000222	0.0002727	-0.0003706	-0.0002098	-7.293E-5	-0.0001387	0.0006523	-0.000207	0.0002128	0.0003867	-0.0005928	-0.0001835	0.0003514	0.0001298	-8.183E-5
1030.037	9708.38	-0.0001661	-0.0003457	-0.000145	-0.0003612	0.0003201	-0.0002619	-0.0002868	-0.001012	-0.001131	-0.000617	0.0008137	-7.22E-5	3.073E-5	-0.0007667	-0.0009546	0.0005641	-0.0009002	-0.0008844	0.0002079	-0.001296	-0.0008665	-0.0005992	-0.0009966	-0.0008829	-0.001051	-0.000695	-0.0002037	-0.0001222	-0.0005072	-0.0003433	-2.441E-5
1030.614	9702.95	-0.0001815	7.21E-5	-0.0002266	2.055E-5	0.0001489	-2.266E-5	-0.0001337	-0.0005079	0.0009647	7.181E-5	0.0004086	-0.0001332	-0.000797	0.0007046	-0.0005836	-0.0005748	-0.000862	-0.000149	0.0002404	-0.0006569	-0.0002306	8.708E-5	-0.0002257	-0.0005591	-0.0003212	-0.0001911	-3.145E-5	-4.505E-5	0.0003067	4.544E-5	-0.0006663
1031.191	9697.53	-0.001173	-0.0005263	-0.0006142	-0.0005955	-0.001503	-0.0009548	-0.000919	-0.001144	-0.0007247	-0.001575	-0.0006174	-0.0001879	-0.0006524	-0.000699	-0.001061	-0.001684	-0.001096	-0.001189	-0.001441	-0.001721	-0.0007658	-0.0008454	-0.0006246	-0.001015	-0.001256	-0.00169	-0.002074	-0.001339	-0.001644	-0.001607	-0.001079
1031.768	9692.10	0.0001022	-5.644E-5	-0.0003768	-0.0003973	-0.0004517	-0.001378	-0.0004113	-0.0009596	-0.001261	-0.0008085	-0.001029	0.0001854	-0.000841	-0.001038	-0.0008864	-0.001666	-0.001061	-0.001399	-0.0008251	-0.000813	-0.001263	-0.00073	-0.001624	-0.0003358	-0.0007063	-0.0006456	-0.001327	-0.0003312	-0.0004421	-0.001007	-0.000873
1032.344	9686.69	-0.000639	-0.0006553	-0.0009554	-0.0008738	-0.00044	-0.001088	-0.0005038	-0.001473	-0.002537	-0.0008903	-0.0008426	-0.0007388	-0.00096	-0.001012	-0.00177	-0.001095	-0.0002216	-0.00146	-0.0005389	-0.001507	-0.001073	-0.000524	-0.001428	-0.0006214	-0.0009717	-0.001467	-0.001645	-0.001887	-0.001098	-0.0007501	-0.00148
1032.921	9681.28	-1.745E-6	0.0002798	-9.524E-5	0.0004163	0.0003185	-0.0002687	-0.0001881	-0.0004653	-0.0005003	0.0003787	-4.056E-5	0.0003516	-0.0006005	-0.0004396	-0.0001429	2.724E-5	-6.633E-5	7.424E-6	-0.0001163	-0.0009335	-0.0005944	-6.887E-5	-0.0003026	-9.406E-5	-0.0005001	-0.000486	-0.000407	-0.0002078	-5.018E-5	1.895E-5	0.0005768
1033.498	9675.88	-0.000605	-0.0005753	-0.0008633	-0.0008097	-0.0005402	-0.0008943	-0.0006032	-0.001393	-0.0007118	-0.001051	-0.0004911	-0.001056	-0.001443	-0.001126	-0.0001939	-0.001001	-0.0009442	-0.0008045	-0.0007867	-0.001125	-0.000901	-0.00071	-0.0008798	-0.001646	-0.0008528	-0.0009405	-0.0008406	-0.0003753	-0.001052	-0.0004229	-0.001406
1034.074	9670.48	-0.0001984	-0.00035	-0.0003729	-0.0008575	0.0003942	-0.0006894	-0.000739	-0.0007518	-0.0003781	-0.000967	-0.0005998	-0.0002337	-0.0003159	-0.0004612	-0.0002337	-0.0005497	-0.0007062	-7.843E-5	-0.0001502	-0.001208	-0.0008509	-0.0001748	-0.0004344	-0.001006	-0.0007691	-0.000531	-0.0002974	-0.0005449	-0.001207	-0.00132	-0.0008329
1034.651	9665.09	-0.0008062	-0.0002108	-0.0005314	-0.0006108	-0.0002349	-0.001096	-0.001748	-0.0009068	-0.0005851	-0.001419	-0.001162	-0.0004854	-0.0008947	-0.0004682	-0.0009088	-0.0006091	-0.001434	-0.0006902	-0.0005429	-0.0007412	-0.001269	-0.00107	-0.0008582	-0.0009024	-0.0009726	-0.0001526	-0.0003355	-0.0008475	-0.001601	-0.001095	-0.001656
1035.228	9659.71	-0.0007859	-0.0008907	-0.0009505	-0.001326	-0.0004211	-0.001328	-0.001617	-0.001477	-0.001218	-0.001683	-0.0007521	-0.0008997	-0.0009959	-0.001055	-0.001071	-0.0008755	-0.001167	-0.001466	-0.0007795	-0.001402	-0.001073	-0.001782	-0.001211	-0.001393	-0.001407	-0.001168	-0.000768	-0.001191	-0.001915	-0.001199	-0.002076
1035.805	9654.33	-0.0005863	-0.0004829	-0.000445	-0.0009022	-2.517E-6	-0.0007517	-0.0006634	-0.0004913	-0.0003763	-0.0004063	-0.0006274	-0.0003409	-0.0003877	-0.001064	-0.0005398	-0.0004142	-0.0003758	-0.0005725	-7.061E-5	-0.00137	-0.0005133	-0.0007913	-0.0007706	-0.001065	-0.0006616	-0.001298	-0.0007059	-0.0007693	-0.00128	-0.001004	-0.001231
1036.381	9648.96	0.0007241	0.0002518	0.000206	-4.681E-5	-0.0001519	-0.0004632	-0.0005139	0.0006988	0.0002514	0.0001981	1.292E-5	0.0004078	-4.229E-5	-0.0004833	-0.000201	0.0005947	-6.722E-5	-2.027E-5	-0.0001451	-0.000657	0.0003646	-0.0003429	-0.0006086	-0.0006444	-0.0006373	0.000251	0.0002212	-0.0001189	-0.0009318	-0.0001686	-8.683E-5
1036.958	9643.59	0.0005555	0.0002511	-0.0002563	0.0003732	-0.0001865	-0.0005922	-0.0002375	0.0005251	0.0001269	-0.0006284	-0.0001808	0.0004557	-0.0001416	-0.000778	-0.0006246	-9.229E-5	-0.0006705	-0.0007358	-0.0006357	-5.572E-5	-0.0001386	-0.0004184	-0.0003343	-0.0008404	-0.0007859	-0.0005408	-9.966E-5	-0.0002428	-0.0006439	0.0001471	-0.0002582
1037.535	9638.23	-0.000293	-0.0002228	0.0006273	-0.000187	-0.0004724	-0.001289	-0.0006104	-0.0003507	-0.00101	-0.0008771	-0.001071	-0.0001193	-0.0009672	-0.0002061	-0.0004463	-0.0006334	-0.001009	-0.001321	-0.001145	-0.0004134	-0.0007772	-0.0006166	-0.0006178	-0.001462	-0.000523	-0.001441	-0.00105	-0.001013	-0.001063	-0.0005199	-0.0008316
1038.111	9632.88	-0.0001968	-0.0006723	0.0005232	-0.0002495	2.44E-5	-0.0003556	-0.001051	-0.001341	-0.001208	-2.111E-6	-0.00174	-0.0007665	-0.000903	-0.000652	-0.0006286	-0.001253	-0.0008353	-0.001594	-0.001125	-0.001508	-0.0005216	-0.001532	-0.0008063	-0.001168	-0.0008722	-0.001286	-0.001029	-0.001516	-0.0007887	-0.0008277	-0.001136
1038.688	9627.53	-0.0003022	0.0003287	-5.452E-5	0.0001117	0.0004074	-0.0004454	0.0001883	-0.0002327	-0.0008103	0.0003453	-0.0005908	-0.0003776	-0.0003388	-9.242E-5	-0.0004871	-0.0008986	-0.0003851	-0.0001504	-0.0007894	-0.001351	-0.0002744	-0.001253	-0.0004093	-0.0005817	0.000343	-0.0003313	-3.994E-5	-0.0005761	-0.0002984	-0.0009248	-0.0005181
1039.265	9622.19	0.0001978	0.0001928	-0.0003635	-5.64E-5	-0.0002253	0.0002866	9.883E-5	-0.0007769	-0.0006049	-0.0005976	-0.0009065	-0.001301	-0.0007345	-0.0007492	-0.0001181	-0.0005128	-0.0005061	-0.0007924	-0.0006572	-0.001131	-0.001251	-0.0004286	-0.0007629	-0.001494	1.857E-5	-0.0004919	-0.0006979	-0.0003292	-0.0008478	-0.0005764	-0.0006427
1039.842	9616.85	-0.001148	-0.0003415	-0.0009934	-0.000971	-0.00054	-0.0002873	-0.001668	-0.001392	-0.0005216	-0.000413	-0.0004019	-0.00149	-0.0009647	-0.001481	-0.001752	-0.001136	-0.0005628	-0.001458	-0.001094	-0.001742	-0.001023	-0.001669	-0.0009566	-0.001498	-0.0008279	-0.001903	-0.002331	-0.0006963	-0.001362	-0.001653	-0.001979
1040.418	9611.52	-0.0008223	-0.001546	-0.001584	-0.001106	-0.0006459	-0.00134	-0.001998	-0.0007904	-0.002	-0.001348	-0.001068	-0.001188	-0.0007955	-0.001461	-0.001783	-0.001266	-0.00138	-0.001321	-0.001455	-0.001173	-0.001507	-0.001504	-0.0007215	-0.0008903	-0.0009236	-0.0007129	-0.002325	-0.00243	-0.002237	-0.001753	-0.001815
1040.995	9606.19	0.0005028	-0.0001771	-5.847E-5	-0.001258	0.0004533	-0.001314	-0.000563	0.0004726	-0.0004034	-0.0004874	-0.0002101	-0.0008967	4.915E-5	0.0002288	-0.000339	-0.0002759	-0.0008812	-0.0008651	-0.000136	-0.0009161	-0.0008166	-0.0003318	-0.0007692	-0.0002262	0.0005206	-0.0005733	-0.001059	-0.0003504	-0.0005083	-8.237E-5	-0.001723
1041.572	9600.88	-0.000362	-0.0006941	-0.0007034	-0.0005418	-0.001983	-0.001462	-0.001275	-0.001899	-0.0008928	-0.00168	-0.001857	-0.0006151	-0.0006012	-0.001294	-0.001426	-0.001266	-0.001718	-0.001651	-0.001483	-0.0004721	-0.00149	-0.0008025	-0.00175	-0.001651	-0.001153	-0.001119	-0.001276	-0.0007952	-0.0007911	-0.0005879	-0.001422
1042.148	9595.56	-0.0004577	-3.416E-5	-0.000697	-0.0004219	-0.0005512	-0.001352	-0.0009828	-0.0009789	-0.001152	-0.001562	-0.001943	-0.001226	-0.001861	-0.002202	-0.0008356	-0.002274	-0.001969	-0.001298	-0.001505	-0.001703	-0.002072	-0.0009494	-0.000692	-0.0004607	-0.001501	-0.001714	-0.0008451	-0.001276	-0.0009811	-0.001356	-0.001673
1042.725	9590.26	-0.0003363	-0.0007208	-0.00173	-0.000537	-0.0008487	-0.001791	-0.001125	-3.52E-5	-0.001246	-0.002356	-0.001204	-0.001352	-4.041E-5	-0.0009204	-0.001588	-0.001018	-0.0006398	-0.001333	-0.00184	-0.001826	-0.001895	-0.001986	-0.0008919	-0.0008187	-0.002118	-0.0008779	-0.001152	-0.001337	-0.0007817	-0.00117	-0.001396
1043.302	9584.95	-0.00154	-0.00116	-0.001615	-0.001787	-0.001606	-0.001358	-0.002197	-0.001751	-0.001346	-0.001661	-0.001112	-0.001037	-0.001081	-0.002275	-0.001788	-0.001538	-0.001414	-0.001792	-0.001921	-0.001962	-0.002255	-0.001899	-0.001246	-0.00211	-0.00127	-0.002435	-0.002646	-0.001624	-0.001641	-0.001683	-0.00221
1043.879	9579.66	6.835E-5	-0.001263	-0.0008469	-0.0009786	-0.0009328	-0.00122	-0.001035	-0.001261	-0.001634	-0.001659	-0.0007982	-0.001248	-0.001637	-0.001011	-0.0007943	-0.001165	-0.001423	-0.001062	-0.001114	-0.002112	-0.001168	-0.001868	-0.0008522	-0.001363	-0.001143	-0.0009624	-0.001428	-0.001619	-0.001175	-0.002445	-0.001853
1044.455	9574.37	0.0006001	-0.0003047	0.0001447	0.000226	0.0001741	5.498E-5	-8.935E-5	-0.0005684	0.0002275	-0.0009291	9.183E-5	-0.00056	-0.0002169	-0.0002016	0.0001631	-0.0001611	-0.0004182	0.0002581	-8.416E-5	-0.0006862	0.0002315	0.000122	-6.243E-5	-0.0001147	0.000482	-0.0006143	-0.0008848	-0.0004127	-0.000868	-0.0002231	-0.001096
1045.032	9569.09	0.001572	0.000766	0.0005901	0.0003064	0.0005653	0.0006213	0.0005061	0.0007706	0.0002198	-0.0004136	0.0007037	0.0003675	-2.808E-5	0.0004746	-0.0001833	0.001008	0.0002482	0.0001599	0.000137	0.0001533	0.0003007	0.000324	-0.0001378	-0.0002606	2.715E-5	-0.0004074	9.891E-5	-0.0004752	0.0002682	0.0006834	6.205E-5
1045.609	9563.81	0.0007042	-5.087E-5	0.0006341	-0.0003037	0.0006724	-0.0001981	-0.0001842	0.0004423	-1.812E-5	-0.0004471	-7.121E-5	0.0002382	-0.0005391	0.0009801	-0.0003166	-0.0002561	-0.0006119	-0.0002251	-0.0002442	-0.0005954	-0.000465	-0.0003728	-0.001271	-0.0009097	-0.0003343	-0.0007689	-0.0008291	-0.0007967	-0.0009046	0.0003843	-0.0004624
1046.185	9558.54	0.000318	-0.0001908	9.353E-5	-0.0001513	0.0002621	1.546E-5	-0.000352	-0.001169	-0.0001836	-0.0002604	-0.0003596	-0.0003178	-0.0001251	3.245E-7	-0.0008318	-0.001031	-0.0005208	-0.0009749	-0.0001383	-0.0004047	-0.0004837	-0.0005482	-0.0005314	-0.001401	-0.000233	-0.0007892	-0.001027	7.397E-5	-0.0009272	-0.0003666	-0.0006168
1046.762	9553.27	0.0002124	-0.0007168	-0.0005421	-0.0005756	-0.000914	-0.0003368	-0.0004566	-0.001465	-0.0001405	-0.0008283	-0.0005354	-0.0009542	-0.0005892	-0.0005429	-0.00103	-0.001311	-0.0003903	-0.001121	7.679E-5	-0.0001239	-0.0006096	-0.000595	-0.0003849	-0.001671	-0.00106	-0.001042	-0.000392	-0.0001181	-0.0009792	-0.00102	-0.001227
1047.339	9548.01	-0.0001375	-0.0008444	-1.621E-5	-0.0004484	-0.000647	-0.0005635	-0.0006549	-0.0004226	7.213E-6	-0.0005864	-0.0005711	-0.000945	-5.516E-5	-0.0002556	-0.0009112	-0.001134	-0.0004417	-0.0006233	-0.0007832	-0.0004722	-0.0007663	-0.001096	6.441E-5	-0.001864	-0.0007974	-0.0007637	-0.0008736	-0.0002431	-0.0009391	-0.0004386	-0.001469
1047.915	9542.75	-0.0003122	8.63E-5	0.0009686	-0.0004149	-0.0001467	2.93E-5	-0.0005812	0.0004996	-3.573E-5	0.0007169	-0.0001722	-0.0003332	0.0001158	-0.0007064	-3.252E-5	-0.0002434	-6.459E-5	0.0003534	-0.0007501	-0.0004767	-0.0005444	-0.0005415	-4.998E-5	-0.0008324	-0.0002639	-7.157E-5	-0.0005012	0.0008558	-0.000486	7.85E-6	-0.001013
1048.492	9537.51	-3.025E-6	-1.235E-5	0.0003988	0.0001219	0.000586	0.0005856	0.0003754	0.0002964	0.0003922	0.0007184	-0.0001772	-4.239E-5	0.0001146	-0.0005534	-0.0002054	0.000613	0.0004657	0.0006473	-0.0001049	0.0003049	-0.0001383	7.176E-5	-0.0008603	-0.0007522	6.265E-5	-0.0006903	0.0002923	0.001488	-0.0006133	-0.0001103	-0.0002248
1049.069	9532.26	-0.001322	-0.0008695	-0.0006046	-0.0007645	-0.0006117	-0.001023	-0.0007231	-0.001124	-0.001227	-0.001907	-0.0001891	-0.001175	-0.001054	-0.00115	-0.001903	-0.001138	-0.0007276	-0.000997	-0.001636	-0.0004858	-0.001558	-0.002127	-0.001912	-0.0004956	-0.001037	-0.002093	-0.001579	-0.001388	-0.002132	-0.001645	-0.002079
1049.646	9527.03	-4.96E-6	-0.0002785	-0.0006856	-0.0001695	-0.000445	-0.0003185	-0.000864	-0.0007867	-0.001317	-0.001158	-0.0004345	8.438E-5	-0.0005977	-0.0003531	-0.0009481	-0.0008137	-0.0004744	-0.000318	-0.0007435	-0.0007407	-0.0008939	-0.0001015	-0.0004896	-0.0009018	-0.0003944	-0.001171	-0.0006615	-0.0007714	-0.0009794	-0.0007534	-0.0002487
1050.222	9521.79	-0.0001786	-0.0004122	-0.0004876	7.664E-5	-0.0002525	1.46E-5	-0.0003227	0.000334	-8.638E-5	-0.0001887	-0.002055	-0.001112	0.0008402	9.303E-5	-0.0001873	-0.0008683	-0.001146	1.276E-5	-0.001174	0.0003984	-0.0007231	6.768E-6	-0.0008783	-0.0005121	-4.759E-6	-0.0009541	0.0003394	0.0007707	-0.001022	-0.001199	-0.000151
1050.799	9516.57	0.000623	0.0008027	0.0008379	0.001274	-0.000873	0.001021	0.00108	0.000936	0.0001414	0.0007266	-0.0003222	-0.000153	0.001201	0.0004155	0.0009004	0.0006454	0.0001271	0.0006998	0.0009482	0.0003886	0.0004809	0.000485	0.0006261	0.001225	0.0003137	-9.2E-5	0.0001416	0.0008592	0.0001831	-0.0003253	0.001058
1051.376	9511.35	0.0001689	-4.934E-5	0.000666	1.45E-5	-0.001364	-0.0003902	-0.000453	-0.0004332	-0.001355	6.401E-6	-0.0002613	-0.0006264	-0.001451	-0.000358	-0.0006015	-0.0009329	-0.0007307	-0.001301	-0.001212	-0.000543	0.000244	-0.0005981	-0.002173	-0.001144	-0.0005946	-0.0008833	-0.001097	-0.001189	-0.001028	-0.0009118	-0.0003719
1051.952	9506.13	0.0002649	-0.002	-0.0002824	-0.002386	-0.001423	-0.0007394	-0.002037	-0.001487	-0.001697	-0.001394	-0.001053	-0.001548	-0.001349	-0.0007214	-0.001145	-0.0005889	-0.0007729	-0.001159	-0.001562	-0.002448	-0.001501	-0.0009032	-0.001238	-0.001272	-0.001245	-0.001508	-0.001914	-0.0004538	-0.001295	-0.001575	-0.001743
1052.529	9500.92	0.000603	0.0002048	0.000521	0.0003346	0.0003007	0.001297	0.000183	0.00029	0.0005824	0.001224	0.0001671	0.0004003	-0.0002354	0.0005989	-0.000521	0.0003726	0.0004635	0.0001365	0.0002639	0.0002102	0.0001353	0.0007	0.0003583	-0.0003867	0.0009041	-8.228E-5	0.001159	0.0003537	0.0002373	-0.0004115	0.0001808
1053.106	9495.72	0.0002649	5.823E-6	-7.154E-5	-0.0007163	-0.000659	-0.0003436	-0.0009261	-0.001484	-0.0005582	-0.0001851	-0.0005656	-0.0001983	-0.0007933	-0.001154	-0.0008496	-0.0008223	-0.0009719	0.0001632	-0.0008223	-0.0005545	-0.0005313	-0.0004596	-0.00113	-0.0005381	-0.001084	-0.0008131	-0.0007973	-0.001018	-0.001274	-0.0001652	-0.0006716
1053.683	9490.52	-0.0004582	0.0003627	7.699E-5	-4.987E-5	-4.923E-5	-0.0004083	-0.0001299	-0.001565	-0.0007511	-0.0003599	-0.0004289	0.0003473	-0.0003413	-0.001334	-0.0003368	-0.0004116	-0.0001273	-0.0006681	0.0001957	-0.0002139	-0.000928	0.0001151	-0.0008835	-0.001658	-0.000284	2.23E-7	-0.0009158	-4.381E-5	-0.001338	-0.001521	0.0004853
1054.259	9485.33	-3.901E-5	-0.0004728	-1.784E-6	-0.0007885	-0.0003637	-0.001327	0.0002169	-0.001702	-0.000783	-0.001153	9.375E-5	-0.0006964	-0.0002468	-0.0007726	0.0005364	-0.0007052	9.105E-5	-0.0008023	-5.476E-5	-0.000616	-0.0002708	-0.0004101	8.577E-6	-0.0009117	-0.0005129	-0.0007248	-0.001582	-0.0007732	0.0002893	-0.001054	-0.0008029
1054.836	9480.15	0.0004792	-0.0001602	0.001372	0.0006701	0.001139	0.0009377	0.0003918	0.0006624	0.0005915	0.0003435	0.001075	-4.84E-5	0.001106	-1.45E-5	0.000571	0.0009553	0.0008231	0.0007537	0.000102	0.0008165	0.0003297	0.0005806	0.0005856	8.588E-5	-0.0007764	-0.0001674	0.0007293	4.491E-5	0.001185	0.0006775	0.001414
1055.413	9474.97	0.001562	0.0001041	0.0004873	0.0007975	0.0004636	0.0007569	-0.0003207	0.0009847	0.000833	0.0001485	0.0008002	-0.0002043	0.0005783	-0.0005168	4.893E-5	0.000517	0.000362	0.0009366	0.001122	0.001202	-7.386E-5	0.0002013	0.0008878	0.001487	-4.471E-5	0.0004241	0.001402	0.0003217	0.0004342	0.0009112	0.001652
1055.989	9469.79	0.0003387	-0.0001857	-0.0003355	0.0002085	0.0001354	0.0001965	-0.0003481	0.000587	-0.0002708	0.0002049	0.0002794	0.0001479	0.0001323	-0.0007317	-0.0001625	-0.0002096	-0.000111	-8.843E-5	0.000509	2.917E-5	-0.001045	0.0007073	-0.0008585	0.0005084	0.000785	0.00014	0.000925	-0.000376	-0.0003827	-0.0007463	0.001031
1056.566	9464.62	-6.006E-5	-2.278E-5	0.0003837	0.0003218	0.0005206	-6.212E-5	0.0005583	0.0008994	0.0002592	0.0001969	0.0005883	0.000975	0.000146	-0.000512	-2.236E-5	0.0001264	8.147E-5	0.000206	0.0001294	-1.854E-5	-0.0004684	0.0003598	0.0004448	-0.0002422	-5.176E-5	-0.0004657	0.001154	-0.0004701	0.0001605	-3.382E-5	0.001018
1057.143	9459.46	-0.0001824	6.703E-5	-0.0006376	0.0006661	9.333E-5	-0.0002534	-4.21E-5	-0.0006004	-3.509E-5	0.000194	-0.0006878	0.0003973	1.177E-5	-0.0002534	-0.0001286	-0.0002516	0.0003126	-0.0004594	-0.0005068	-0.0005712	-0.0002557	-0.0002424	0.0003	-0.0009299	-0.0007512	-0.0004531	0.0002799	-0.0001525	0.0001447	-0.0008804	0.0006207
1057.720	9454.30	-0.000648	-0.0003404	-0.001129	-0.0007672	-0.0004178	-0.0006341	-0.0007267	-0.00135	-0.001612	-0.00081	-0.001857	-0.0006243	-0.000829	-0.001259	-0.001309	-0.001267	-0.0009009	-0.001272	-0.001715	-0.001646	-0.001212	-0.001546	-0.001358	-0.001374	-0.001647	-0.0009358	-0.001521	-0.001601	-0.00102	-0.002236	-0.000866
1058.296	9449.15	0.0007381	-0.0004582	0.0002675	0.0003391	0.0001182	4.55E-5	-0.0002012	-0.0002449	-0.0008062	-0.0002555	-0.000805	3.548E-5	-0.0004297	3.648E-5	-0.0005313	-0.0006595	-7.727E-5	-0.0008633	-0.0005113	-0.0002997	-0.0007922	-4.82E-6	-0.0005464	-0.0001633	-0.001272	-0.001153	-0.001026	-0.001584	-0.0004176	-0.0008821	-0.0002393
1058.873	9444.00	0.0007585	-3.196E-5	-0.0005196	0.0006335	-0.0007911	-0.00105	-0.0005669	0.0001487	-0.0007905	0.000132	-0.0002776	-0.0004874	0.00019	-0.0007389	-0.0008827	-0.0007413	-4.054E-5	-0.0002112	9.35E-5	-0.00023	-0.001797	-4.286E-5	-0.0007484	-0.0002426	-0.000717	-0.001262	-0.0004696	-0.0005075	-0.001852	-0.0005743	-0.0002538
1059.450	9438.86	-0.0001139	-5.546E-5	-0.001251	-0.0002185	-0.0005639	-0.0007094	-0.0008583	0.0001264	-0.0006801	-0.00101	0.0001535	-0.0009651	-0.0001714	-0.001176	-0.0007235	-0.001582	-0.0007319	-0.0001133	-0.0001384	-7.017E-5	-0.001664	-0.00102	-0.001061	-0.001064	-0.001514	-0.001942	-0.001272	-0.001005	-0.001878	-0.001112	-0.001255
1060.026	9433.73	-0.0003129	-0.000629	-0.001774	-0.001271	-0.000978	-0.001496	-0.0008754	-0.001239	-0.001701	-0.00153	-0.001627	-0.002634	-0.001947	-0.001413	-0.001445	-0.002413	-0.001495	-0.001908	-0.001486	-0.002115	-0.002013	-0.001923	-0.0026	-0.001729	-0.001919	-0.001542	-0.001021	-0.002358	-0.002533	-0.001207	-0.00128
1060.603	9428.60	-0.0008046	-0.0001971	0.000345	0.0009645	-0.0003993	-9.114E-5	-8.199E-5	0.0007578	-0.001178	-0.0001977	-0.001467	-0.0006617	-0.0005926	7.619E-5	5.588E-5	-0.0003744	-0.0005553	-0.001083	-0.0004279	-0.0006385	0.0004641	-0.0002793	-0.0009266	0.0007362	0.0003243	-0.0009131	-0.0002868	-0.0006389	-0.0006138	0.0002162	4.613E-5
1061.180	9423.47	-0.001548	-0.00124	-0.0005189	-0.002151	-0.0004171	-0.001822	-0.001581	-0.001129	-0.0003792	-0.002735	-0.001302	-0.001979	-0.001417	-0.0005497	-0.0009726	-0.00209	-0.002233	-0.001004	-0.002005	-0.001627	-0.001239	-0.001207	-0.002064	-0.002316	-0.00244	-0.002848	-0.0005137	-0.002261	-0.002646	-0.002486	-0.002398
1061.756	9418.36	0.001611	0.0004554	0.0001982	0.0007665	0.001025	-0.0004764	-0.000408	-0.000475	-1.857E-5	-3.62E-5	-2.612E-6	-0.0004731	-9.316E-5	0.0005846	0.0008581	0.0001439	-0.000399	0.0001258	0.0005473	-0.0008623	-0.0007204	0.0001209	-0.000358	-0.0001228	-4.159E-5	-0.0004644	-0.0007451	-0.000664	-0.0009238	-0.0004338	-0.0006668
1062.333	9413.24	0.001303	0.0007245	0.000818	-0.000228	0.0004645	0.0004457	-0.0003291	-0.001728	-0.001249	0.0006655	-0.001379	-0.0006591	0.0007887	-0.0008745	0.0002951	0.0005228	-0.0007327	-0.0002259	0.0004455	-0.0001088	-0.001321	0.0005603	-0.0004157	-0.0006488	-0.0004406	-0.001254	6.08E-5	-0.0009788	-0.00035	-0.001001	-0.0005676
1062.910	9408.14	-0.0004245	-0.0006816	0.0001854	-0.0002979	-0.001103	-0.001511	-0.0005544	-0.001603	-0.001166	-0.0004375	-0.001232	-0.0006483	-0.001312	-0.000633	-0.001173	-0.002041	-0.0005999	-0.0008209	0.0004389	-0.0003559	-0.001155	-0.001523	-0.0004753	-0.001257	-0.001793	-0.00198	-0.0003728	-0.0008856	-0.001132	-0.001112	-0.0004815
1063.487	9403.03	-0.000309	-0.0003384	-0.0004926	-0.0009193	0.0004021	-0.001006	-0.0007815	-0.001084	-0.00166	-0.0007175	-0.0008699	-0.0005696	-0.001471	6.129E-5	-0.000507	-0.001278	-0.0008668	-0.001284	-0.0009014	-0.001613	-0.0005096	-0.0008275	-0.0006846	-0.001134	-0.0004001	-0.001098	-0.00132	-0.00131	-0.001207	-0.001385	-0.001965
1064.063	9397.94	-0.001175	-0.0001325	-0.0004319	-6.351E-5	0.0003725	-0.0007537	-0.001122	-0.000928	-0.0006299	-0.00118	0.0002498	-0.0007022	-0.001006	-0.0005779	-0.001906	-0.0003514	-0.0012	-0.001202	-0.0007371	-0.001138	-0.0005992	-0.0002294	-0.001098	-0.000284	-0.000504	-0.001241	-8.837E-5	-0.000347	-0.0005646	-0.0009336	-0.00137
1064.640	9392.85	0.0008852	-0.0001311	0.001036	0.000428	0.0006406	-0.000324	2.331E-5	0.000857	0.0008473	-0.0001485	0.001022	0.000524	0.0002871	0.0003219	0.001112	0.0002369	8.14E-5	2.856E-5	0.0001574	0.0006967	1.082E-5	-0.0002445	0.0002864	0.000377	0.0006069	-0.0001129	-4.494E-5	0.0009351	-0.0003184	0.0007834	-0.0003119
1065.217	9387.76	0.0001715	-0.001105	0.001093	-0.0002897	0.0003674	0.0003975	-0.001127	0.0001418	-0.0003509	0.0001137	0.001121	-0.0003018	-0.0004307	0.0002973	0.0002984	-0.000829	-0.0006687	-0.0002922	-0.0003721	-0.0008614	-0.0002106	-0.0002849	-0.001419	0.0003309	-0.001042	-0.0002466	-0.0004056	4.198E-5	-0.0005641	-0.000321	0.0001043
1065.793	9382.68	0.0004076	-0.002124	0.0007835	-0.0001241	-0.0007108	-0.000976	-0.001296	-0.0009173	-0.00177	-0.000613	-0.0001049	-0.000298	-0.001896	-0.0004038	-0.0004223	-0.0002506	-3.316E-5	-0.0007816	-0.001243	-0.001499	9.905E-5	-0.001065	-0.001216	-3.951E-5	-0.001432	-0.001153	-0.0004548	-0.001233	-0.0008786	-0.0004401	-0.000909
1066.370	9377.61	0.0008471	-0.0006582	0.00127	0.0002358	0.001366	0.0006295	-0.0003718	2.53E-5	0.0002691	-9.916E-5	0.0009578	6.242E-5	0.0002442	0.0007008	0.0004582	0.0001094	0.0004584	0.0006976	9.813E-5	-0.000508	0.0005013	-0.0003865	0.0008439	0.0004734	-0.0007625	-0.0001307	0.0003338	-0.0004926	-0.001275	0.0002321	-0.000108
1066.947	9372.54	0.001032	0.0007383	0.000773	-0.0001983	0.0001445	0.001508	0.0008589	0.0003862	-0.0002438	0.0007323	0.0004544	-0.001087	0.0004992	0.0005177	-0.0002812	6.921E-5	-0.0003087	0.001005	-0.0003089	0.000659	2.501E-5	-0.0007605	0.0007826	0.0004438	0.0008619	0.0004235	0.0001789	-3.148E-5	-0.001174	0.0002613	0.0008777
1067.524	9367.47	-0.0001783	-0.0006007	-0.001243	-0.0008221	-0.001642	-0.001109	-0.0007943	-0.001341	-0.001749	-0.001193	-0.001138	-0.001589	-0.001358	-0.001495	-0.001591	-0.001513	-0.001506	-0.0006919	-0.001639	-0.002026	-0.001966	-0.0009599	-7.29E-5	-0.0006745	-0.0004491	-0.001326	-0.002475	-0.0006909	-0.001339	-0.002062	-0.001098
1068.100	9362.42	-0.001471	-0.001125	-0.0006405	-0.0004655	-0.0002476	-0.001185	-0.001366	-0.001506	-0.001474	-0.002501	-0.0001757	-0.0007139	-0.002031	-0.000743	-0.001181	-0.001211	-0.001517	-0.0006731	-0.00109	-0.002478	-0.002329	-0.001346	0.0003664	-0.0003563	-0.001639	-0.001285	-0.002473	-0.0004045	-0.0009382	-0.001927	-0.0007969
1068.677	9357.36	0.0005143	0.001462	0.0006023	0.0008364	0.001089	0.000606	0.0004929	0.001063	0.001418	0.0001624	0.001005	0.000605	0.001595	0.001704	0.000798	0.0004583	0.001913	0.001802	0.0005829	3.37E-5	0.000987	0.000861	0.00192	0.001829	-9.463E-5	0.0006435	0.0006062	0.001651	0.0003794	0.001324	0.001212
1069.254	9352.32	0.002302	0.001833	0.001335	0.001772	0.001534	0.0007344	0.0007594	0.0007925	0.00154	0.00083	0.0003366	0.0008745	0.001194	0.0007413	0.0006127	0.0009109	0.001084	0.0006123	0.001083	0.0008256	0.0001185	0.0007072	0.0008735	0.002303	0.001017	-0.0003501	0.0003503	0.001006	0.0002508	0.001117	0.001151
1069.830	9347.28	-0.001107	-0.001759	-0.000734	-0.0003896	-0.000564	-0.001751	-0.001481	-0.001598	-0.0003628	-0.002033	-0.0007931	-0.001203	-0.002424	-0.0008928	-0.001374	-0.001561	-0.0005725	-0.001206	-0.001623	-0.001339	-0.001799	-0.0007456	-0.00174	-0.001036	-0.0009607	-0.001977	-0.0009346	-0.0007483	-0.002147	-0.00178	-0.0008236
1070.407	9342.24	-9.755E-5	0.001471	-0.0001236	-3.472E-5	3.718E-5	-0.0001751	-3.274E-5	-0.001133	0.001166	0.0009815	0.0003482	-0.0002036	9.207E-5	-0.0003175	0.0003714	-0.00104	-0.0004326	0.000766	0.0003485	-9.95E-5	2.901E-6	-0.0009405	0.0005198	-0.001363	0.0004203	-2.383E-5	-0.0001287	-0.0006163	0.0004966	-0.000463	-0.00114
1070.984	9337.21	0.001077	0.001654	0.000812	-0.0001101	0.001488	0.0002192	8.649E-5	0.0009697	0.001612	0.0007046	0.0008284	0.001278	0.0008538	0.0002114	6.787E-5	0.0005107	-0.0001637	0.0009725	0.001697	0.0002558	0.0005964	-9.389E-5	0.001366	0.0008396	0.0002707	-0.0007257	0.001249	-0.001462	0.0007509	-9.451E-5	0.0001118
1071.561	9332.18	-3.201E-5	0.00121	0.001698	0.001362	0.001231	0.001546	-0.0002786	-0.0003721	4.955E-5	0.001491	-0.001089	-0.000175	0.001748	-1.096E-5	0.0001909	-0.0005269	-0.0008216	-0.001053	-0.001053	-0.0005796	-0.0001243	-3.902E-5	0.0005079	0.0005123	-0.0005462	-0.001942	-0.0007158	-0.000628	-0.0002603	-0.000246	-0.0005578
1072.137	9327.16	-0.0008437	-0.001258	0.0002501	-0.00238	-0.002208	-0.001165	-0.002198	-0.00198	-0.0009641	-0.002926	-0.001972	-0.001549	-0.0008311	-0.003344	-0.003001	-0.001081	-0.0015	-0.002628	-0.002334	-0.001949	-0.0003612	-0.003496	-0.002797	-0.002563	-0.003117	-0.002269	-0.002198	-0.00237	-0.002104	-0.001929	-0.002467
1072.714	9322.15	0.0003665	0.001237	-0.0009994	-0.0001345	-0.0002217	-0.002295	-0.001503	-0.0001625	-0.0008938	-0.0007056	0.000756	-0.002358	-0.0007932	-0.0006681	-0.0008045	2.397E-5	0.0009582	-0.00109	3.189E-5	-7.545E-5	-0.001017	-0.00122	-0.000769	-0.0006524	-0.0006407	-0.0004911	-0.0008817	-0.0001948	-0.001141	-0.0004726	-0.001513
1073.291	9317.14	-0.0002682	-0.0005513	-0.0007012	-0.001865	6.201E-5	-0.0004884	-0.001239	0.0001307	-0.001059	-0.001461	-0.0003028	-0.0001324	-0.001873	0.000126	-0.00296	0.0001766	0.001032	-0.001145	-0.0006061	0.0005177	-0.0009087	-0.002018	9.576E-5	-0.001372	-0.001721	-0.002541	-9.155E-5	0.0001928	-0.0007531	-0.0001479	-0.001645
1073.867	9312.14	0.0005849	-0.0005381	0.001288	-0.0003917	-0.0001694	-0.0007525	-0.0002418	-0.000667	0.0007716	-9.92E-5	-0.001622	-0.0004345	-0.0006284	-0.0006963	-0.002194	-0.0003472	-0.001545	-0.002296	-0.0009337	-0.001901	-0.001698	-0.0006231	-0.0001655	-0.001332	-0.0004871	-0.0008108	-0.0002363	0.001125	-0.0003924	-0.001056	-0.001404
1074.444	9307.14	-0.001431	-0.00193	-0.0004042	-0.001555	-0.001147	-0.002097	-0.001618	-0.001465	-0.002833	-0.002174	-0.002066	-0.002774	-0.00208	-0.001903	-0.002298	-0.001937	-0.002375	-0.002787	-0.002282	-0.0005697	-0.001632	-0.002593	-0.001392	-0.001943	-0.002044	-0.002596	-0.001777	-0.002684	-0.0009878	-0.002389	-0.002113
1075.021	9302.15	0.001186	0.001288	0.001444	0.001015	0.0001373	0.0009911	-2.299E-5	0.0003798	0.0004952	-4.919E-5	0.001446	0.0008036	-0.0001442	-0.0005112	-0.0004506	0.0004912	5.287E-5	2.406E-5	0.0006876	-5.243E-5	-0.0004144	0.0001774	0.0005802	-0.000375	-0.0001417	-0.0004551	0.0005181	0.0001891	-0.0009529	6.3E-5	-0.000483
1075.598	9297.16	0.0006276	0.0008365	0.001076	0.0004637	0.0001544	-9.583E-5	0.0009335	-0.0001619	6.36E-5	0.0002519	0.0006737	-6.835E-5	-0.0003208	0.001005	-0.0008351	-0.0001838	-0.0002118	-0.0007177	-0.0009941	6.169E-5	-0.00105	-0.0006972	0.0001161	-0.001946	-0.0002076	-0.0005845	0.001441	0.001018	-0.000554	0.000288	-0.001045
1076.174	9292.18	-0.0006091	-0.0008156	-0.0004367	-0.001319	-0.0004896	-0.0002309	-0.000818	-0.0007656	-0.001355	-0.0006579	-0.001925	-0.0007395	-0.0005795	-0.0003353	-0.0009275	-0.001262	-0.0003638	-0.0009436	-0.001057	-0.001654	-0.001861	-0.001954	-0.0003091	-0.001742	-0.001761	-0.0007904	0.0003448	-0.0002364	-0.0008327	-0.0001066	-0.001364
1076.751	9287.20	-0.001498	-0.0009973	-0.0008686	-0.001009	-0.0005732	-0.0008654	-0.002334	-0.0004867	-0.0005205	-0.0007636	-0.001156	-0.001392	-0.000561	-0.0005515	-0.000497	-0.0002933	0.0004581	-0.0006464	-0.002778	-0.001998	-0.0006669	-0.001472	0.000167	-0.00149	-0.001094	-0.001524	-0.0006914	-0.0001887	-0.001859	-0.0005932	-0.001181
1077.328	9282.23	0.0009089	0.001199	0.0009164	0.001062	0.001467	0.000721	-0.000507	0.001139	0.002187	0.00108	0.0003136	0.0009405	0.0008735	0.002445	0.001394	0.001964	0.001291	0.0006956	-0.0004302	0.001259	0.001245	5.294E-5	0.001487	0.0001566	0.0003768	-0.0005566	0.0004391	0.002147	-0.0002201	0.0001985	0.001335
1077.904	9277.26	0.0009493	0.001107	0.0008922	0.0004588	0.0009541	-0.0002865	0.0009853	0.0003291	0.0009363	-2.597E-5	6.537E-5	0.0007041	0.0001414	0.00151	0.001056	0.0007074	0.0004665	0.0003051	0.0006184	0.001195	0.001389	0.0006853	-0.0001614	0.0004617	5.316E-6	-0.0005612	-3.358E-5	0.000137	-0.0008518	0.0002418	0.0008035
1078.481	9272.30	0.001016	-0.0007065	-0.000284	-0.001752	0.0007714	-0.000144	0.0002449	0.0001811	-0.0004781	-0.00159	-0.0003558	0.0008197	-0.0007061	-7.264E-5	-6.921E-6	0.000262	-7.926E-5	-0.0008591	-0.001913	-0.0001408	0.0005971	0.0006863	-0.0004513	-0.0006968	1.781E-5	-0.001354	0.0007558	-0.000871	-0.0003401	-0.0003317	-0.0004517
1079.058	9267.34	0.0009354	-0.0008054	-0.0009011	-0.0001734	0.001022	0.002325	0.0006034	3.011E-5	-0.0009091	-0.003487	-0.000515	0.000199	-0.001172	0.0007273	-0.0007776	0.0001047	-0.0005107	-0.0007693	-0.0009748	-0.0005414	0.0002054	0.0001346	-0.0006176	-0.0002214	-0.002286	-0.0004641	-0.0006827	-0.0001579	-0.001092	-0.0006139	-0.0006837
1079.634	9262.39	-0.000288	-0.0001339	0.0003435	0.0002058	-0.0001997	0.000894	2.316E-5	-0.0006716	-0.0006992	-0.002244	-0.001167	-0.0004659	-0.0001034	-0.0006511	-0.0003676	-0.0002322	0.0001833	-0.0003881	-0.0001935	-0.0004495	-0.0006588	0.0001165	-0.0003137	-0.001386	-0.001209	-0.001451	0.0007474	0.0004642	-0.001913	0.0001239	-1.852E-5
1080.211	9257.45	0.00196	0.001046	0.0022	0.000695	0.00182	0.000656	0.0006853	0.0005017	-0.0005749	0.0009193	0.00162	0.001378	-7.737E-5	0.001136	0.001153	0.0002596	0.001187	0.001802	0.0009671	0.0006672	0.000362	0.0001038	0.0003393	-0.0003065	0.001393	0.001165	0.001775	0.001403	0.0007051	0.0001764	0.002488
1080.788	9252.51	0.001091	0.0001587	0.002316	0.0005389	0.0001248	0.002251	-2.026E-5	0.000548	0.003126	0.0006773	0.0004893	0.0003281	9.706E-5	0.0004975	0.0006328	0.001311	0.002324	0.001161	0.0006467	0.00105	0.0005762	0.001272	0.0007236	0.001926	0.0003938	0.0004588	0.001694	0.0002613	-0.0003171	0.001735	0.001231
1081.365	9247.57	0.0003825	-0.0002292	0.0008052	-0.001142	-0.0006857	-5.427E-5	0.0004492	0.0007775	-0.0001579	-0.0006168	0.0001149	-0.0002995	-0.0007216	-0.000705	0.0004262	-0.00262	0.0008133	9.617E-5	-0.0008655	-0.0007822	-0.0006998	0.001691	0.0004191	-0.000548	-0.003118	-0.0007532	-0.000431	-0.001248	-0.001208	-0.0004885	-0.0006718
1081.941	9242.65	0.004214	0.004166	0.003688	-0.00016	0.002823	0.00489	0.003786	0.002915	0.002457	0.003024	0.001581	0.00156	0.003352	0.003326	0.001261	0.004001	0.002261	0.004098	0.002007	0.003163	0.000861	0.002065	0.0009091	0.002792	0.003793	0.001391	0.004293	0.002097	0.00143	0.001069	0.00276
1082.518	9237.72	-0.0002733	0.001886	0.002239	0.0001777	0.001399	0.001714	0.0005422	-0.001354	0.0006104	-0.001504	0.0003509	0.001563	-0.0001852	-0.0007458	0.0007734	-0.0006937	-0.001193	0.000451	0.0007965	0.0009619	0.0007244	0.0005483	0.0003784	0.000366	0.0001758	-0.0006619	0.0006125	0.0006274	0.002208	0.001626	-0.001372
1083.095	9232.80	0.003238	0.001282	0.003144	0.001872	0.002588	0.002521	0.003188	0.001978	0.002336	0.0008077	0.001775	0.001526	0.001391	0.0008804	0.001791	0.00273	0.003192	0.0008157	0.00208	0.002138	0.0028	0.002208	0.002203	0.003459	0.001956	0.001939	0.002823	0.002887	0.001036	0.001097	0.002473
1083.671	9227.89	-0.001035	0.001254	0.0003965	-7.931E-5	0.0001672	0.0002906	-9.835E-6	-0.000471	0.0007178	-0.0003527	-0.001522	0.0003501	-0.0006527	0.0001328	-4.588E-5	0.0002267	-0.001718	-0.0004952	-0.0007376	-0.0004865	-0.0003393	-7.47E-5	0.001589	-3.645E-5	-0.001788	-0.001971	-0.0003796	-0.0007111	-0.0002516	-0.0003229	-0.000689
1084.248	9222.98	0.0002561	0.0003486	-0.0002881	-0.0009138	0.001259	-0.000838	-0.0007779	-0.0003071	-0.0003142	-0.001461	-0.000264	-0.0001576	-0.0006637	-0.0002106	0.0004628	-0.001051	0.0002311	0.0001579	-0.0004354	-0.0005761	-0.0004268	0.001082	0.0009931	-0.0004139	-0.002232	0.0003095	-0.0007683	0.0006793	0.0001718	0.0001891	-0.0008878
1084.825	9218.08	0.001489	-0.00043	-0.0001292	-0.0005712	0.0002269	-0.0008409	-0.000175	-0.002093	-1.346E-5	-0.001089	-0.0003867	0.0001847	-0.0008654	-0.0002726	-0.001102	-0.0002845	0.0009233	-0.0006935	-0.0007078	-0.0001132	-0.0006417	0.001088	-0.000687	0.0003763	-0.0007965	9.329E-6	0.0007251	0.0004143	-0.001222	-0.0006273	-0.0001368
1085.402	9213.18	9.363E-5	-0.0007107	0.0007875	-3.476E-5	0.0008164	-0.001081	6.629E-5	-0.001022	-0.0005591	-0.001337	-0.001336	0.0001975	-0.0008018	-0.001567	-0.001154	-0.0001351	0.0008186	-0.00177	-0.00139	-0.0009072	-0.001117	-0.0007509	-0.00104	0.0002505	-0.0001185	-0.001986	0.001031	0.0003178	-0.0002756	-0.0004391	-0.000315
1085.978	9208.29	0.002804	0.0009257	0.001767	-0.0001161	0.001559	0.0008597	0.000932	0.0008889	0.0003786	0.0004508	0.001028	0.0002464	0.001343	-0.0004715	0.000865	0.0002683	0.001632	0.0002609	0.0002138	6.77E-5	0.0003989	0.0008348	0.0008059	0.0006571	0.001219	-0.0001544	0.0008754	0.003033	0.0009029	0.001216	0.0009075
1086.555	9203.40	0.003292	0.001807	0.003304	-0.0007214	0.0008497	0.001186	0.001109	0.0005894	0.002314	0.001966	0.0008546	0.00106	0.002421	0.001174	0.001282	0.0009236	0.0005537	0.001462	0.0008589	0.001351	0.001428	0.001253	0.001892	0.0006712	0.001474	0.001703	0.001624	0.003338	0.001983	0.001522	0.001781
1087.132	9198.52	0.001936	0.002093	0.001643	-6.662E-6	0.0006816	0.0003503	0.0009742	-0.0002246	0.00155	-0.0001924	3.055E-5	0.001077	0.002001	0.00165	-0.0002254	0.0006207	-2.935E-5	-0.0001839	0.001522	0.0002006	0.001779	-0.0003776	0.001662	-9.952E-5	9.027E-6	0.001747	0.000804	0.002398	0.0003112	0.00118	0.000984
1087.708	9193.64	0.002812	0.002816	0.003805	0.00477	0.003688	0.003567	0.002578	0.002762	0.003483	0.002173	0.002605	0.003931	0.002711	0.002949	0.003251	0.00134	0.003854	0.001288	0.00348	0.001694	0.002974	0.003588	0.003846	0.001977	0.001638	0.003812	0.003104	0.003967	0.002079	0.003499	0.003961
1088.285	9188.77	0.002518	0.001569	0.002984	0.001958	0.002045	0.001699	0.0007104	0.001141	0.002115	0.00145	0.001077	0.0007406	0.002506	0.001926	0.001733	0.0004046	0.002811	0.001011	0.001855	0.001128	0.001735	0.0007665	0.002597	0.001511	0.0004193	0.001442	0.00152	0.001251	0.0001138	0.001421	0.0007436
1088.862	9183.90	0.003144	0.001528	0.0005443	0.0002788	0.001135	0.001741	0.001027	0.0009565	-0.0005775	0.001943	0.0005035	-0.0001629	0.002906	-8.698E-5	0.0003338	0.000561	0.0009105	-0.0006213	0.001934	0.0002321	0.001517	0.0004576	0.001076	0.0008006	-0.0002037	-0.0001488	0.0008117	0.001537	-8.116E-5	0.001185	0.001801
1089.439	9179.04	0.001848	0.002031	0.002651	0.0009821	0.003102	0.003286	0.002077	0.001738	0.001341	0.0007743	0.0008774	0.00376	0.002814	0.001895	0.001669	0.004818	0.002122	0.00302	0.003298	0.0001325	0.002229	0.002094	0.002077	0.003157	0.002089	0.00203	0.003547	0.003973	0.001433	0.001967	0.003064
1090.015	9174.18	0.001373	0.002536	0.001834	0.002033	0.001884	0.003097	0.002509	0.0009657	0.001373	0.001791	0.001498	0.00279	0.001888	0.0002956	0.003247	0.001919	0.002862	0.002134	0.002462	-0.00042	0.001151	0.001401	0.001968	0.001981	0.003295	0.001575	0.0004628	0.0008819	-0.0007849	0.001145	0.001725
1090.592	9169.33	0.001909	0.001453	0.001809	0.0007844	0.002329	0.001636	0.001842	0.0007945	0.001966	0.0006304	0.00233	0.002085	0.0003688	-0.0002314	0.00294	0.001599	0.001793	0.001053	0.0009136	0.001042	0.0002815	0.003123	0.002651	0.002457	0.0008583	0.0002017	0.002929	0.001859	0.0007381	0.002511	0.0009666
1091.169	9164.49	0.002856	0.001662	-0.0001738	0.001386	0.001293	-0.000125	-0.0005071	0.0001553	0.001742	-0.001427	0.0006041	0.001914	0.001606	0.00164	0.001527	0.001843	0.001933	0.0006804	0.002166	0.00111	-0.001664	0.003174	0.002423	0.001611	0.0006769	0.0009203	0.001616	0.003303	0.0008766	0.001936	0.001085
1091.745	9159.65	0.002596	0.001442	-0.0007627	0.0007821	-7.361E-5	0.001183	0.0005504	-0.0009808	0.001727	0.0008163	0.002245	-0.0004276	0.0008996	0.002051	0.001921	0.001884	0.001849	0.000833	0.0001358	0.0001498	0.001277	0.000563	0.001253	0.001893	-0.0003128	0.0005242	0.001204	0.0013	-0.0004516	0.002389	-0.00101
1092.322	9154.81	-0.0003793	-0.002225	-0.0006957	-0.0002669	-0.001493	-0.002212	-0.002112	-0.001571	-0.001864	-0.002118	-0.001257	-0.0006512	-0.002404	0.000537	-0.001897	-0.001021	0.0002982	0.0003702	-0.002043	-0.003142	-0.00223	0.0003261	-0.002644	0.0009473	-0.0008396	-0.00218	-0.0005862	0.0007977	-0.0006783	-0.001087	-0.000812
1092.899	9149.98	0.001891	0.001117	-0.0006217	-0.000489	-0.000773	0.0002221	0.0003922	-0.000793	-0.0004768	-0.001213	-0.0005171	0.0003532	-0.001099	-0.0007628	0.001416	0.002586	-0.002268	0.0005246	0.001528	-0.00235	-0.001745	-0.0006843	0.000402	0.001525	-3.161E-5	-0.0005474	0.000371	0.0003744	0.0004603	0.001105	-0.001509
1093.475	9145.15	0.001017	0.001378	-0.0008796	-0.0002154	-0.001048	0.001289	0.0007283	0.001744	-4.484E-5	0.0006632	-0.001267	-0.0008783	-0.0003993	-0.001634	0.001714	0.0009959	0.0005199	-0.0003195	0.001313	-0.0001788	0.0006431	0.0002479	0.002052	0.000834	-0.001555	0.0001787	0.0008995	0.001336	4.421E-6	0.0006621	0.0009981
1094.052	9140.33	0.002272	0.001597	-0.001074	0.001822	4.4E-5	-4.655E-6	-0.001721	-0.0004283	0.0002842	-0.0001787	-0.0005702	0.000128	-0.001229	-0.0009296	0.0006987	0.001323	-0.000242	0.001199	-0.0008366	-0.0006834	-0.0001223	-0.0003306	0.001677	0.0001139	0.001112	-0.001105	0.0007677	-0.0002061	-0.0006675	-4.541E-5	0.001482
1094.629	9135.52	0.001871	0.001517	0.001351	0.001684	0.00137	0.0009132	0.0002394	-0.001129	-0.0004868	0.00154	0.0006036	0.001094	-0.0007769	0.0002294	0.0004662	0.002686	9.37E-5	0.001778	0.001836	0.0005669	0.0005247	0.001132	0.00189	0.0003281	0.001332	-0.00115	0.000877	9.911E-5	0.002132	0.0002851	0.0004815
1095.206	9130.71	0.002326	0.002472	0.002665	0.002184	0.001659	0.003413	0.002961	0.001435	0.001593	0.003497	0.001828	0.002829	0.0009076	0.001719	0.001572	0.002193	0.0009678	0.001686	0.004129	0.002486	0.002089	0.002438	0.002019	0.003028	0.002134	0.0002372	0.004051	0.002155	0.003352	0.002681	0.001053
1095.782	9125.90	0.001875	0.003256	0.001767	-0.0003436	0.001226	0.00115	0.001076	0.001825	0.0009558	0.002182	0.001297	0.001245	0.001828	0.00162	0.0006745	0.001253	0.0008167	0.001293	0.002755	0.001505	0.002051	0.002341	0.001801	0.002457	0.002844	0.0001033	0.002062	0.002245	0.0002881	0.0006107	0.001047
1096.359	9121.10	0.0005322	0.0006459	0.000813	-0.001441	0.001627	-3.089E-5	-0.0004455	0.0003422	-0.001254	0.001694	0.0002644	-0.001608	-0.0001768	-0.0007504	-0.001259	-0.00026	-0.0003691	0.0006026	0.001174	-0.0004874	-0.0004574	0.000989	0.000745	-0.0002687	0.000604	-0.0006103	-0.0004997	-0.0005277	-0.001902	-0.001732	-0.000752
1096.936	9116.30	-0.0005108	0.001407	0.001002	-0.001545	0.001149	0.000697	-0.0007989	-0.0007164	3.637E-6	-0.0004639	-0.0004695	-0.002514	-0.001258	-0.0004528	-0.001069	7.299E-5	-0.001183	-0.0004563	0.0001322	-0.0002992	5.94E-6	2.218E-5	-0.0002488	-0.0004367	-0.0002938	-0.001558	0.0006033	-0.0004193	-0.0002158	-0.001562	-0.0008551
1097.512	9111.51	0.0008964	0.001852	0.001218	1.543E-5	0.001032	0.000794	-2.3E-5	-0.0006255	0.0006617	-0.000369	-0.001064	0.001138	0.001764	-0.0004703	0.001045	0.0009063	0.0001204	-0.0003426	0.001466	-0.0007565	0.0003107	0.001043	-0.0003036	0.001705	0.001176	-0.001044	0.0007247	0.001213	0.001474	0.0003214	0.0007856
1098.089	9106.73	0.002758	0.002425	0.001385	0.0006191	0.001491	0.002426	0.0004414	0.0006141	0.0009542	0.000938	0.00102	0.001439	0.002081	2.398E-6	0.001704	9.344E-5	0.002079	0.000367	0.001456	0.0003624	0.001298	-9.574E-5	0.001255	0.0008159	-1.829E-5	-0.0008851	0.001026	0.001229	0.0007971	0.001182	0.000433
1098.666	9101.95	-0.0007591	0.00102	0.0007322	8.635E-5	-0.0005945	0.002161	-0.0001978	0.0002965	3.408E-5	0.001844	0.001101	-0.0002524	-0.000169	-0.0003252	8.597E-5	0.0006508	0.0003052	-0.0006249	0.0009051	0.0002183	0.001077	0.001781	-0.0004868	-0.001943	0.0008749	-0.001997	0.0004052	0.0004962	0.0009929	0.0002385	-0.001542
1099.243	9097.17	0.000833	-0.0002587	0.000955	-0.0006724	-0.0006679	-0.000928	-0.001136	-0.0007902	-0.000796	-0.0009805	0.0004595	0.0005157	0.0001484	-0.0007088	-0.002955	-0.0001665	-0.0007422	-0.0007236	-0.001136	-0.004334	-0.0002677	0.0006073	0.0002155	0.00016	-9.886E-5	0.000121	0.001488	0.0003641	1.085E-5	0.0006858	0.0009268
1099.819	9092.40	0.003267	0.003212	0.00311	0.002089	0.0007626	0.001331	0.0008087	-0.0005647	0.00361	0.002923	0.00316	0.001589	0.001088	0.004298	0.001679	0.00343	0.0004942	0.0008816	0.003273	0.002124	0.00178	0.002209	0.002792	-0.001915	0.0007641	0.003782	0.001841	0.00198	0.001134	0.002563	0.004378
