Wavelength_nm,value
250,9235.1067000000003
250.09999999999999,9194.8263000000006
250.19999999999999,9155.0216999999993
250.30000000000001,9114.0926999999992
250.40000000000001,9072.8616999999995
250.5,9033.1882999999998
250.59999999999999,8988.9130000000005
250.69999999999999,8947.1450000000004
250.80000000000001,8904.1206999999995
250.90000000000001,8860.9937000000009
251,8815.4382999999998
251.09999999999999,8770.7939999999999
251.19999999999999,8723.8809999999994
251.30000000000001,8679.4500000000007
251.40000000000001,8632.0943000000007
251.5,8586.3757000000005
251.59999999999999,8539.5897000000004
251.69999999999999,8492.9917000000005
251.80000000000001,8446.5262999999995
251.90000000000001,8397.4766999999993
252,8350.884
252.09999999999999,8302.8857000000007
252.19999999999999,8254.6322999999993
252.30000000000001,8204.1656999999996
252.40000000000001,8154.8739999999998
252.5,8102.7057000000004
252.59999999999999,8054.9973
252.69999999999999,8002.9799999999996
252.80000000000001,7954.8046999999997
252.90000000000001,7901.5569999999998
253,7853.8017
253.09999999999999,7803.4840000000004
253.19999999999999,7752.4486999999999
253.30000000000001,7701.2793000000001
253.40000000000001,7649.4993000000004
253.5,7601.3672999999999
253.59999999999999,7548.4627
253.69999999999999,7498.3607000000002
253.80000000000001,7444.2173000000003
253.90000000000001,7394.8626999999997
254,7341.4970000000003
254.09999999999999,7291.1587
254.19999999999999,7238.2613000000001
254.30000000000001,7188.8119999999999
254.40000000000001,7139.2332999999999
254.5,7088.1297000000004
254.59999999999999,7037.5577000000003
254.69999999999999,6986.9537
254.80000000000001,6939.0730000000003
254.90000000000001,6885.8297000000002
255,6837.3906999999999
255.09999999999999,6783.9750000000004
255.19999999999999,6735.9372999999996
255.30000000000001,6684.2973000000002
255.40000000000001,6636.6226999999999
255.5,6586.2493000000004
255.59999999999999,6539.3270000000002
255.69999999999999,6491.6472999999996
255.80000000000001,6443.0297
255.90000000000001,6395.9526999999998
256,6347.4989999999998
256.10000000000002,6302.6080000000002
256.19999999999999,6254.3760000000002
256.30000000000001,6209.9669999999996
256.39999999999998,6160.9152999999997
256.5,6116.7367000000004
256.60000000000002,6070.5697
256.69999999999999,6026.6869999999999
256.80000000000001,5980.6782999999996
256.89999999999998,5939.9413000000004
257,5896.9763000000003
257.10000000000002,5855.1507000000001
257.19999999999999,5813.2650000000003
257.30000000000001,5770.7797
257.39999999999998,5731.6019999999999
257.5,5690.2466999999997
257.60000000000002,5651.8967000000002
257.69999999999999,5610.4290000000001
257.80000000000001,5572.2606999999998
257.89999999999998,5532.5517
258,5495.9736999999996
258.10000000000002,5458.0532999999996
258.19999999999999,5423.1800000000003
258.30000000000001,5387.6607000000004
258.39999999999998,5352.79
258.5,5319.5950000000003
258.60000000000002,5284.0196999999998
258.69999999999999,5252.152
258.80000000000001,5218.2793000000001
258.89999999999998,5187.3900000000003
259,5154.3999999999996
259.10000000000002,5124.4849999999997
259.19999999999999,5092.21
259.30000000000001,5064.6287000000002
259.39999999999998,5034.3816999999999
259.5,5007.4727000000003
259.60000000000002,4979.0646999999999
259.69999999999999,4953.2837
259.80000000000001,4927.3852999999999
259.89999999999998,4901.4147000000003
260,4877.049
260.10000000000002,4851.7393000000002
260.19999999999999,4830.1067000000003
260.30000000000001,4805.3940000000002
260.39999999999998,4783.125
260.5,4760.0209999999997
260.60000000000002,4739.1806999999999
260.69999999999999,4718.0469999999996
260.80000000000001,4699.0569999999998
260.89999999999998,4679.7362999999996
261,4660.7250000000004
261.10000000000002,4642.7583000000004
261.19999999999999,4626.0463
261.30000000000001,4608.7033000000001
261.39999999999998,4591.8639999999996
261.5,4576.9952999999996
261.60000000000002,4561.4350000000004
261.69999999999999,4546.2587000000003
261.80000000000001,4532.0969999999998
261.89999999999998,4518.9152999999997
262,4505.8096999999998
262.10000000000002,4493.1057000000001
262.19999999999999,4481.0770000000002
262.30000000000001,4469.7566999999999
262.39999999999998,4459.402
262.5,4449.7566999999999
262.60000000000002,4438.9993000000004
262.69999999999999,4429.5862999999999
262.80000000000001,4421.7552999999998
262.89999999999998,4412.5042999999996
263,4404.6377000000002
263.10000000000002,4396.5060000000003
263.19999999999999,4389.7479999999996
263.30000000000001,4383.2510000000002
263.39999999999998,4377.6237000000001
263.5,4371.3352999999997
263.60000000000002,4367.1827000000003
263.69999999999999,4362.1009999999997
263.80000000000001,4356.7272999999996
263.89999999999998,4353.723
264,4348.7076999999999
264.10000000000002,4346.2786999999998
264.19999999999999,4343.5322999999999
264.30000000000001,4340.9470000000001
264.39999999999998,4339.0052999999998
264.5,4336.8630000000003
264.60000000000002,4335.201
264.69999999999999,4334.3563000000004
264.80000000000001,4333.2502999999997
264.89999999999998,4333.2646999999997
265,4332.9549999999999
265.10000000000002,4333.0739999999996
265.19999999999999,4333.4112999999998
265.30000000000001,4333.7066999999997
265.39999999999998,4334.5106999999998
265.5,4336.4943000000003
265.60000000000002,4337.3546999999999
265.69999999999999,4338.6457
265.80000000000001,4341.6406999999999
265.89999999999998,4343.3037000000004
266,4345.4476999999997
266.10000000000002,4348.1003000000001
266.19999999999999,4350.9062999999996
266.30000000000001,4354.2359999999999
266.39999999999998,4357.7169999999996
266.5,4360.817
266.60000000000002,4364.5402999999997
266.69999999999999,4367.8756999999996
266.80000000000001,4372.7232999999997
266.89999999999998,4376.0699999999997
267,4380.7253000000001
267.10000000000002,4384.9922999999999
267.19999999999999,4389.3280000000004
267.30000000000001,4393.8756999999996
267.39999999999998,4399.5
267.5,4404.7332999999999
267.60000000000002,4409.8636999999999
267.69999999999999,4415.3630000000003
267.80000000000001,4420.2906999999996
267.89999999999998,4425.4282999999996
268,4430.8427000000001
268.10000000000002,4437.2357000000002
268.19999999999999,4442.1840000000002
268.30000000000001,4447.7537000000002
268.39999999999998,4454.0209999999997
268.5,4460.5720000000001
268.60000000000002,4466.5540000000001
268.69999999999999,4473.9009999999998
268.80000000000001,4479.0129999999999
268.89999999999998,4486.1323000000002
269,4492.2317000000003
269.10000000000002,4498.9889999999996
269.19999999999999,4504.7642999999998
269.30000000000001,4511.3146999999999
269.39999999999998,4517.4453000000003
269.5,4523.8877000000002
269.60000000000002,4531.2596999999996
269.69999999999999,4536.9883
269.80000000000001,4544.9480000000003
269.89999999999998,4550.4386999999997
270,4557.9152999999997
270.10000000000002,4564.7052999999996
270.19999999999999,4571.4380000000001
270.30000000000001,4577.5663000000004
270.39999999999998,4584.6536999999998
270.5,4590.9160000000002
270.60000000000002,4596.9449999999997
270.69999999999999,4603.9290000000001
270.80000000000001,4610.6863000000003
270.89999999999998,4617.4123
271,4624.3289999999997
271.10000000000002,4630.8027000000002
271.19999999999999,4637.0590000000002
271.30000000000001,4643.7849999999999
271.39999999999998,4650.5153
271.5,4657.0820000000003
271.60000000000002,4662.8977000000004
271.69999999999999,4669.6247000000003
271.80000000000001,4675.4997000000003
271.89999999999998,4681.9210000000003
272,4688.1499999999996
272.10000000000002,4693.8486999999996
272.19999999999999,4701.1036999999997
272.30000000000001,4705.8373000000001
272.39999999999998,4713.0540000000001
272.5,4718.5643
272.60000000000002,4725.2133000000003
272.69999999999999,4730.2749999999996
272.80000000000001,4736.7187000000004
272.89999999999998,4741.7793000000001
273,4747.7912999999999
273.10000000000002,4753.8903
273.19999999999999,4758.9047
273.30000000000001,4765.4183000000003
273.39999999999998,4771.3580000000002
273.5,4775.7983000000004
273.60000000000002,4781.5826999999999
273.69999999999999,4786.9862999999996
273.80000000000001,4791.9566999999997
273.89999999999998,4797.0303000000004
274,4802.8572999999997
274.10000000000002,4807.8890000000001
274.19999999999999,4812.3959999999997
274.30000000000001,4817.424
274.39999999999998,4822.6387000000004
274.5,4827.3800000000001
274.60000000000002,4832.1103000000003
274.69999999999999,4836.9647000000004
274.80000000000001,4841.7889999999998
274.89999999999998,4846.0129999999999
275,4851.2359999999999
275.10000000000002,4854.6796999999997
275.19999999999999,4859.0923000000003
275.30000000000001,4863.2267000000002
275.39999999999998,4867.5663000000004
275.5,4871.5039999999999
275.60000000000002,4875.2799999999997
275.69999999999999,4880.1197000000002
275.80000000000001,4883.3837000000003
275.89999999999998,4887.2713000000003
276,4891.3127000000004
276.10000000000002,4894.2240000000002
276.19999999999999,4899.4123
276.30000000000001,4902.0079999999998
276.39999999999998,4905.5307000000003
276.5,4909.1623
276.60000000000002,4912.4709999999995
276.69999999999999,4915.1507000000001
276.80000000000001,4917.8710000000001
276.89999999999998,4921.2542999999996
277,4923.8967000000002
277.10000000000002,4926.451
277.19999999999999,4928.9666999999999
277.30000000000001,4932.2646999999997
277.39999999999998,4934.8536999999997
277.5,4937.2542999999996
277.60000000000002,4939.6090000000004
277.69999999999999,4942.6842999999999
277.80000000000001,4944.7173000000003
277.89999999999998,4946.9357
278,4949.5397000000003
278.10000000000002,4951.5919999999996
278.19999999999999,4953.4043000000001
278.30000000000001,4955.9830000000002
278.39999999999998,4957.2110000000002
278.5,4958.7129999999997
278.60000000000002,4960.8969999999999
278.69999999999999,4963.2066999999997
278.80000000000001,4963.5159999999996
278.89999999999998,4965.5762999999997
279,4966.8302999999996
279.10000000000002,4967.7552999999998
279.19999999999999,4969.3716999999997
279.30000000000001,4970.1869999999999
279.39999999999998,4970.3207000000002
279.5,4971.5376999999999
279.60000000000002,4973.4250000000002
279.69999999999999,4974.8546999999999
279.80000000000001,4974.5010000000002
279.89999999999998,4975.924
280,4976.1559999999999
280.10000000000002,4977.5207
280.19999999999999,4977.8297000000002
280.30000000000001,4977.4292999999998
280.39999999999998,4976.9539999999997
280.5,4977.7190000000001
280.60000000000002,4977.5096999999996
280.69999999999999,4978.6063000000004
280.80000000000001,4977.6752999999999
280.89999999999998,4977.3582999999999
281,4976.7776999999996
281.10000000000002,4978.0033000000003
281.19999999999999,4976.6463000000003
281.30000000000001,4976.509
281.39999999999998,4975.7640000000001
281.5,4975.4043000000001
281.60000000000002,4975.0963000000002
281.69999999999999,4973.7820000000002
281.80000000000001,4972.3752999999997
281.89999999999998,4972.6139999999996
282,4971.2250000000004
282.10000000000002,4970.0866999999998
282.19999999999999,4967.9173000000001
282.30000000000001,4967.4970000000003
282.39999999999998,4966.1662999999999
282.5,4965.3873000000003
282.60000000000002,4963.1313
282.69999999999999,4961.9692999999997
282.80000000000001,4960.4213
282.89999999999998,4958.0079999999998
283,4956.2709999999997
283.10000000000002,4954.5510000000004
283.19999999999999,4952.6252999999997
283.30000000000001,4950.4830000000002
283.39999999999998,4949.1279999999997
283.5,4945.7556999999997
283.60000000000002,4943.6882999999998
283.69999999999999,4941.5733
283.80000000000001,4938.6417000000001
283.89999999999998,4936.2592999999997
284,4933.5387000000001
284.10000000000002,4930.4922999999999
284.19999999999999,4928.7173000000003
284.30000000000001,4925.5203000000001
284.39999999999998,4922.0586999999996
284.5,4919.4687000000004
284.60000000000002,4916.5573000000004
284.69999999999999,4913.0500000000002
284.80000000000001,4910.0942999999997
284.89999999999998,4906.8000000000002
285,4903.5412999999999
285.10000000000002,4900.1913000000004
285.19999999999999,4896.1480000000001
285.30000000000001,4892.2707
285.39999999999998,4889.0477000000001
285.5,4885.1677
285.60000000000002,4881.2692999999999
285.69999999999999,4877.4453000000003
285.80000000000001,4873.4287000000004
285.89999999999998,4868.8887000000004
286,4865.6779999999999
286.10000000000002,4860.951
286.19999999999999,4856.6133
286.30000000000001,4851.9306999999999
286.39999999999998,4847.6369999999997
286.5,4843.4573
286.60000000000002,4838.4256999999998
286.69999999999999,4833.6226999999999
286.80000000000001,4829.5039999999999
286.89999999999998,4825.8053
287,4820.1683000000003
287.10000000000002,4813.9369999999999
287.19999999999999,4809.9930000000004
287.30000000000001,4804.2282999999998
287.39999999999998,4800.5376999999999
287.5,4794.1053000000002
287.60000000000002,4788.7759999999998
287.69999999999999,4783.8153000000002
287.80000000000001,4777.3549999999996
287.89999999999998,4771.8176999999996
288,4766.2470000000003
288.10000000000002,4761.1742999999997
288.19999999999999,4754.8612999999996
288.30000000000001,4749.4782999999998
288.39999999999998,4743.4727000000003
288.5,4736.7386999999999
288.60000000000002,4730.0739999999996
288.69999999999999,4725.3000000000002
288.80000000000001,4717.8339999999998
288.89999999999998,4712.9926999999998
289,4706.2537000000002
289.10000000000002,4699.1702999999998
289.19999999999999,4692.7060000000001
289.30000000000001,4685.9346999999998
289.39999999999998,4679.2309999999998
289.5,4672.9059999999999
289.60000000000002,4665.8813
289.69999999999999,4658.9886999999999
289.80000000000001,4652.9396999999999
289.89999999999998,4644.1262999999999
290,4638.2282999999998
290.10000000000002,4631.2736999999997
290.19999999999999,4624.2483000000002
290.30000000000001,4617.1612999999998
290.39999999999998,4609.3760000000002
290.5,4601.5619999999999
290.60000000000002,4594.5810000000001
290.69999999999999,4587.4223000000002
290.80000000000001,4579.5127000000002
290.89999999999998,4571.3990000000003
291,4564.3082999999997
291.10000000000002,4555.317
291.19999999999999,4548.1602999999996
291.30000000000001,4539.6157000000003
291.39999999999998,4531.8980000000001
291.5,4524.4246999999996
291.60000000000002,4516.0140000000001
291.69999999999999,4507.5312999999996
291.80000000000001,4499.5113000000001
291.89999999999998,4489.951
292,4483.1909999999998
292.10000000000002,4473.2963
292.19999999999999,4465.1903000000002
292.30000000000001,4455.9813000000004
292.39999999999998,4447.8827000000001
292.5,4437.6880000000001
292.60000000000002,4430.7857000000004
292.69999999999999,4420.8806999999997
292.80000000000001,4412.9246999999996
292.89999999999998,4404.3953000000001
293,4394.1040000000003
293.10000000000002,4385.701
293.19999999999999,4376.683
293.30000000000001,4367.1909999999998
293.39999999999998,4356.7927
293.5,4348.1019999999999
293.60000000000002,4338.4997000000003
293.69999999999999,4329.8122999999996
293.80000000000001,4319.5959999999995
293.89999999999998,4309.2127
294,4299.9189999999999
294.10000000000002,4290.2123000000001
294.19999999999999,4280.2452999999996
294.30000000000001,4271.0799999999999
294.39999999999998,4261.7166999999999
294.5,4251.6053000000002
294.60000000000002,4241.6572999999999
294.69999999999999,4231.4799999999996
294.80000000000001,4222.0699999999997
294.89999999999998,4210.6752999999999
295,4201.7209999999995
295.10000000000002,4190.5203000000001
295.19999999999999,4179.5946999999996
295.30000000000001,4169.3419999999996
295.39999999999998,4160.0420000000004
295.5,4149.6626999999999
295.60000000000002,4137.9083000000001
295.69999999999999,4128.5640000000003
295.80000000000001,4117.4512999999997
295.89999999999998,4107.9386999999997
296,4096.2173000000003
296.10000000000002,4085.6333
296.19999999999999,4074.9902999999999
296.30000000000001,4064.9636999999998
296.39999999999998,4053.386
296.5,4042.002
296.60000000000002,4031.7919999999999
296.69999999999999,4021.0297
296.80000000000001,4008.6257000000001
296.89999999999998,3998.1239999999998
297,3986.3933000000002
297.10000000000002,3976.3380000000002
297.19999999999999,3965.2087000000001
297.30000000000001,3954.6187
297.39999999999998,3942.9717000000001
297.5,3930.6043
297.60000000000002,3920.1882999999998
297.69999999999999,3908.1979999999999
297.80000000000001,3895.7950000000001
297.89999999999998,3884.4989999999998
298,3873.1206999999999
298.10000000000002,3862.2817
298.19999999999999,3850.297
298.30000000000001,3838.5592999999999
298.39999999999998,3825.8892999999998
298.5,3816.0227
298.60000000000002,3803.1547
298.69999999999999,3792.2660000000001
298.80000000000001,3778.819
298.89999999999998,3767.9009999999998
299,3755.5073000000002
299.10000000000002,3743.9450000000002
299.19999999999999,3731.0079999999998
299.30000000000001,3719.8449999999998
299.39999999999998,3708.6300000000001
299.5,3695.4493000000002
299.60000000000002,3683.8202999999999
299.69999999999999,3671.3616999999999
299.80000000000001,3658.8863000000001
299.89999999999998,3647.2817
300,3634.6026999999999
300.10000000000002,3622.8319999999999
300.19999999999999,3610.1066999999998
300.30000000000001,3598.3966999999998
300.39999999999998,3584.922
300.5,3573.7249999999999
300.60000000000002,3560.0459999999998
300.69999999999999,3547.9643000000001
300.80000000000001,3536.6889999999999
300.89999999999998,3525.0039999999999
301,3512.1223
301.10000000000002,3499.6372999999999
301.19999999999999,3487.1219999999998
301.30000000000001,3475.2917000000002
301.39999999999998,3462.4400000000001
301.5,3448.7220000000002
301.60000000000002,3436.2440000000001
301.69999999999999,3423.54
301.80000000000001,3411.1803
301.89999999999998,3398.7076999999999
302,3385.3380000000002
302.10000000000002,3373.1287000000002
302.19999999999999,3361.223
302.30000000000001,3349.4897000000001
302.39999999999998,3335.7750000000001
302.5,3324.0173
302.60000000000002,3311.2842999999998
302.69999999999999,3298.2172999999998
302.80000000000001,3285.4767000000002
302.89999999999998,3273.3243000000002
303,3260.393
303.10000000000002,3246.6192999999998
303.19999999999999,3233.9099999999999
303.30000000000001,3221.6532999999999
303.39999999999998,3209.5940000000001
303.5,3196.5747000000001
303.60000000000002,3183.375
303.69999999999999,3171.386
303.80000000000001,3157.819
303.89999999999998,3146.8753000000002
304,3133.2692999999999
304.10000000000002,3120.2593000000002
304.19999999999999,3107.5770000000002
304.30000000000001,3094.875
304.39999999999998,3082.0329999999999
304.5,3069.2997
304.60000000000002,3056.0680000000002
304.69999999999999,3043.5949999999998
304.80000000000001,3030.9303
304.89999999999998,3017.7689999999998
305,3005.0866999999998
305.10000000000002,2991.9142999999999
305.19999999999999,2980.5317
305.30000000000001,2967.7620000000002
305.39999999999998,2954.5257000000001
305.5,2939.9169999999999
305.60000000000002,2928.3969999999999
305.69999999999999,2914.8996999999999
305.80000000000001,2901.7997
305.89999999999998,2889.5023000000001
306,2876.2982999999999
306.10000000000002,2864.0799999999999
306.19999999999999,2851.5140000000001
306.30000000000001,2838.4342999999999
306.39999999999998,2826.2786999999998
306.5,2813.5603000000001
306.60000000000002,2799.6082999999999
306.69999999999999,2788.2963
306.80000000000001,2775.2420000000002
306.89999999999998,2763.2073
307,2749.1043
307.10000000000002,2736.8470000000002
307.19999999999999,2724.413
307.30000000000001,2711.4032999999999
307.39999999999998,2698.8213000000001
307.5,2685.6693
307.60000000000002,2674.9630000000002
307.69999999999999,2661.7046999999998
307.80000000000001,2648.4196999999999
307.89999999999998,2635.8573000000001
308,2624.4607000000001
308.10000000000002,2611.6703000000002
308.19999999999999,2598.4996999999998
308.30000000000001,2585.1862999999998
308.39999999999998,2572.0052999999998
308.5,2559.7710000000002
308.60000000000002,2547.4362999999998
308.69999999999999,2534.7649999999999
308.80000000000001,2523.1543000000001
308.89999999999998,2509.3852999999999
309,2496.9699999999998
309.10000000000002,2486.0063
309.19999999999999,2472.0733
309.30000000000001,2459.8137000000002
309.39999999999998,2446.9776999999999
309.5,2436.6736999999998
309.60000000000002,2422.721
309.69999999999999,2410.9277000000002
309.80000000000001,2398.0772999999999
309.89999999999998,2387.1356999999998
310,2372.9517000000001
310.10000000000002,2361.21
310.19999999999999,2349.0293000000001
310.30000000000001,2337.8087
310.39999999999998,2325.4776999999999
310.5,2312.8510000000001
310.60000000000002,2301.096
310.69999999999999,2288.6480000000001
310.80000000000001,2276.9009999999998
310.89999999999998,2263.8017
311,2251.7413000000001
311.10000000000002,2238.7822999999999
311.19999999999999,2227.0807
311.30000000000001,2215.5273000000002
311.39999999999998,2203.4753000000001
311.5,2190.5493000000001
311.60000000000002,2179.2737000000002
311.69999999999999,2167.5212999999999
311.80000000000001,2156.2662999999998
311.89999999999998,2145.5997000000002
312,2132.8029999999999
312.10000000000002,2121.8166999999999
312.19999999999999,2108.1642999999999
312.30000000000001,2097.8800000000001
312.39999999999998,2085.2887000000001
312.5,2073.3627000000001
312.60000000000002,2062.1147000000001
312.69999999999999,2049.5427
312.80000000000001,2039.1197
312.89999999999998,2027.8199999999999
313,2015.9232999999999
313.10000000000002,2003.9663
313.19999999999999,1994.3130000000001
313.30000000000001,1981.8123000000001
313.39999999999998,1970.633
313.5,1958.9827
313.60000000000002,1947.412
313.69999999999999,1934.75
313.80000000000001,1924.2173
313.89999999999998,1912.7753
314,1901.0073
314.10000000000002,1890.221
314.19999999999999,1879.038
314.30000000000001,1868.4870000000001
314.39999999999998,1856.7180000000001
314.5,1846.0983000000001
314.60000000000002,1835.0762999999999
314.69999999999999,1824.2843
314.80000000000001,1812.1493
314.89999999999998,1801.6489999999999
315,1789.6547
315.10000000000002,1779.0070000000001
315.19999999999999,1768.8282999999999
315.30000000000001,1757.6917000000001
315.39999999999998,1747.222
315.5,1735.9917
315.60000000000002,1724.6673000000001
315.69999999999999,1714.7943
315.80000000000001,1704.9443000000001
315.89999999999998,1693.7717
316,1682.1047000000001
316.10000000000002,1671.075
316.19999999999999,1661.1723
316.30000000000001,1650.9190000000001
316.39999999999998,1639.6937
316.5,1629.614
316.60000000000002,1620.2460000000001
316.69999999999999,1610.0407
316.80000000000001,1599.0033000000001
316.89999999999998,1587.7103
317,1579.0060000000001
317.10000000000002,1568.8737000000001
317.19999999999999,1558.9363000000001
317.30000000000001,1549.0033000000001
317.39999999999998,1537.9947
317.5,1528.106
317.60000000000002,1517.009
317.69999999999999,1506.6267
317.80000000000001,1496.2867000000001
317.89999999999998,1487.221
318,1476.9507000000001
318.10000000000002,1465.8597
318.19999999999999,1457.4032999999999
318.30000000000001,1448.1099999999999
318.39999999999998,1438.8050000000001
318.5,1428.9843000000001
318.60000000000002,1418.8140000000001
318.69999999999999,1409.9770000000001
318.80000000000001,1400.4467
318.89999999999998,1390.0397
319,1381.5407
319.10000000000002,1371.0703000000001
319.19999999999999,1361.72
319.30000000000001,1352.4703
319.39999999999998,1342.1842999999999
319.5,1332.3246999999999
319.60000000000002,1324.4949999999999
319.69999999999999,1314.3626999999999
319.80000000000001,1305.4317000000001
319.89999999999998,1295.6523
320,1287.0823
320.10000000000002,1278.3233
320.19999999999999,1268.3199999999999
320.30000000000001,1260.376
320.39999999999998,1249.4027000000001
320.5,1241.1767
320.60000000000002,1233.6763000000001
320.69999999999999,1223.4747
320.80000000000001,1214.8230000000001
320.89999999999998,1205.1362999999999
321,1196.5530000000001
321.10000000000002,1188.3969999999999
321.19999999999999,1179.5050000000001
321.30000000000001,1170.2543000000001
321.39999999999998,1161.8213000000001
321.5,1152.3677
321.60000000000002,1144.5740000000001
321.69999999999999,1135.9576999999999
321.80000000000001,1126.8336999999999
321.89999999999998,1118.3599999999999
322,1110.1220000000001
322.10000000000002,1102.711
322.19999999999999,1092.462
322.30000000000001,1086.6493
322.39999999999998,1078.4069999999999
322.5,1068.6780000000001
322.60000000000002,1060.4467
322.69999999999999,1054.4163000000001
322.80000000000001,1043.6747
322.89999999999998,1036.2011
323,1027.6241
323.10000000000002,1020.1227
323.19999999999999,1012.8946
323.30000000000001,1004.7678
323.39999999999998,996.87030000000004
323.5,989.07943
323.60000000000002,982.18393000000003
323.69999999999999,973.72217000000001
323.80000000000001,967.03246999999999
323.89999999999998,958.52083000000005
324,950.25126999999998
324.10000000000002,941.71826999999996
324.19999999999999,935.33423000000005
324.30000000000001,926.66817000000003
324.39999999999998,920.24207000000001
324.5,912.92512999999997
324.60000000000002,905.26107000000002
324.69999999999999,898.50559999999996
324.80000000000001,890.69583
324.89999999999998,883.7165
325,876.23413000000005
325.10000000000002,868.89137000000005
325.19999999999999,861.28716999999995
325.30000000000001,854.07950000000005
325.39999999999998,847.78716999999995
325.5,840.85316999999998
325.60000000000002,833.02302999999995
325.69999999999999,825.53497000000004
325.80000000000001,819.15746999999999
325.89999999999998,812.6087
326,805.38863000000003
326.10000000000002,797.83209999999997
326.19999999999999,791.80206999999996
326.30000000000001,786.24270000000001
326.39999999999998,779.48056999999994
326.5,771.38323000000003
326.60000000000002,766.66922999999997
326.69999999999999,757.17296999999996
326.80000000000001,753.57956999999999
326.89999999999998,745.96019999999999
327,740.40962999999999
327.10000000000002,733.00553000000002
327.19999999999999,726.03396999999995
327.30000000000001,719.81880000000001
327.39999999999998,713.02436999999998
327.5,707.55382999999995
327.60000000000002,700.54642999999999
327.69999999999999,695.82439999999997
327.80000000000001,689.93192999999997
327.89999999999998,682.75846999999999
328,677.52080000000001
328.10000000000002,670.75252999999998
328.19999999999999,663.71132999999998
328.30000000000001,658.68510000000003
328.39999999999998,652.31187
328.5,646.24283000000003
328.60000000000002,641.16287
328.69999999999999,634.61710000000005
328.80000000000001,630.06483000000003
328.89999999999998,622.48050000000001
329,619.01886999999999
329.10000000000002,611.04939999999999
329.19999999999999,605.90332999999998
329.30000000000001,600.69592999999998
329.39999999999998,594.81700000000001
329.5,588.73699999999997
329.60000000000002,583.90009999999995
329.69999999999999,577.15033000000005
329.80000000000001,571.76323000000002
329.89999999999998,567.68757000000005
330,562.18119999999999
330.10000000000002,556.99839999999995
330.19999999999999,551.99906999999996
330.30000000000001,546.65697
330.39999999999998,540.38059999999996
330.5,536.54637000000002
330.60000000000002,530.15710000000001
330.69999999999999,525.41012999999998
330.80000000000001,520.78093000000001
330.89999999999998,515.91830000000004
331,510.30662999999998
331.10000000000002,504.96983
331.19999999999999,500.75596999999999
331.30000000000001,495.96467000000001
331.39999999999998,490.79737
331.5,484.70276999999999
331.60000000000002,481.50002999999998
331.69999999999999,476.39967000000001
331.80000000000001,472.53737000000001
331.89999999999998,466.40177
332,462.2054
332.10000000000002,457.90172999999999
332.19999999999999,454.55590000000001
332.30000000000001,448.19677000000001
332.39999999999998,443.87752999999998
332.5,439.02719999999999
332.60000000000002,436.34872999999999
332.69999999999999,430.70506999999998
332.80000000000001,426.97707000000003
332.89999999999998,421.85050000000001
333,418.06229999999999
333.10000000000002,415.63227000000001
333.19999999999999,410.55070000000001
333.30000000000001,406.39677
333.39999999999998,401.79207000000002
333.5,398.86277000000001
333.60000000000002,393.76560000000001
333.69999999999999,389.57393000000002
333.80000000000001,385.20612999999997
333.89999999999998,382.46179999999998
334,378.21420000000001
334.10000000000002,374.09867000000003
334.19999999999999,371.0788
334.30000000000001,367.19299999999998
334.39999999999998,363.11356999999998
334.5,358.75396999999998
334.60000000000002,355.26389999999998
334.69999999999999,352.2912
334.80000000000001,347.75306999999998
334.89999999999998,344.01490000000001
335,340.23593
335.10000000000002,335.31697000000003
335.19999999999999,333.35457000000002
335.30000000000001,329.04239999999999
335.39999999999998,326.50263000000001
335.5,321.94049999999999
335.60000000000002,319.88877000000002
335.69999999999999,315.173
335.80000000000001,312.10637000000003
335.89999999999998,309.52382999999998
336,306.19243
336.10000000000002,303.88037000000003
336.19999999999999,299.19749999999999
336.30000000000001,296.78980000000001
336.39999999999998,293.19182999999998
336.5,290.57783000000001
336.60000000000002,286.92597000000001
336.69999999999999,283.33886999999999
336.80000000000001,280.72136999999998
336.89999999999998,278.45902999999998
337,275.72582999999997
337.10000000000002,271.78473000000002
337.19999999999999,269.09870000000001
337.30000000000001,265.38287000000003
337.39999999999998,262.82193000000001
337.5,259.08967000000001
337.60000000000002,256.91392999999999
337.69999999999999,253.50640000000001
337.80000000000001,251.12203
337.89999999999998,248.83337
338,245.0531
338.10000000000002,243.43957
338.19999999999999,240.37299999999999
338.30000000000001,238.23713000000001
338.39999999999998,235.25013000000001
338.5,232.37880000000001
338.60000000000002,229.20953
338.69999999999999,227.65973
338.80000000000001,225.64657
338.89999999999998,222.02512999999999
339,218.74906999999999
339.10000000000002,217.4425
339.19999999999999,214.68733
339.30000000000001,213.60346999999999
339.39999999999998,211.44047
339.5,207.32157000000001
339.60000000000002,205.51593
339.69999999999999,203.62017
339.80000000000001,201.77833000000001
339.89999999999998,198.89986999999999
340,196.04953
340.10000000000002,193.66283000000001
340.19999999999999,193.38547
340.30000000000001,191.21576999999999
340.39999999999998,188.38113000000001
340.5,185.87647000000001
340.60000000000002,183.14150000000001
340.69999999999999,181.11002999999999
340.80000000000001,180.33000000000001
340.89999999999998,178.66747000000001
341,175.46053000000001
341.10000000000002,174.61922999999999
341.19999999999999,172.29857000000001
341.30000000000001,170.2997
341.39999999999998,168.32567
341.5,168.2784
341.60000000000002,164.82660000000001
341.69999999999999,163.91727
341.80000000000001,160.72307000000001
341.89999999999998,160.52383
342,158.07843
342.10000000000002,157.30707000000001
342.19999999999999,156.08693
342.30000000000001,153.00559999999999
342.39999999999998,153.02643
342.5,151.1712
342.60000000000002,149.7176
342.69999999999999,147.35659999999999
342.80000000000001,146.46377000000001
342.89999999999998,145.95959999999999
343,143.8081
343.10000000000002,142.15647000000001
343.19999999999999,142.23353
343.30000000000001,138.77250000000001
343.39999999999998,138.98492999999999
343.5,136.77056999999999
343.60000000000002,134.83903000000001
343.69999999999999,133.05847
343.80000000000001,132.67133000000001
343.89999999999998,132.08206999999999
344,130.77278000000001
344.10000000000002,129.01372000000001
344.19999999999999,126.49759
344.30000000000001,126.55665
344.39999999999998,123.70773
344.5,123.02664
344.60000000000002,122.50843
344.69999999999999,121.15985000000001
344.80000000000001,121.54474999999999
344.89999999999998,119.13455999999999
345,118.80221
345.10000000000002,117.63473
345.19999999999999,116.91526
345.30000000000001,115.69732
345.39999999999998,113.79837000000001
345.5,113.43971999999999
345.60000000000002,112.46236
345.69999999999999,111.08042
345.80000000000001,110.19065000000001
345.89999999999998,109.61066
346,108.93912
346.10000000000002,108.50315000000001
346.19999999999999,106.78922
346.30000000000001,105.88368
346.39999999999998,103.81887
346.5,104.15764
346.60000000000002,103.26289
346.69999999999999,102.71182
346.80000000000001,102.61135
346.89999999999998,99.778246999999993
347,100.89716
347.10000000000002,100.35881999999999
347.19999999999999,99.721427000000006
347.30000000000001,97.643230000000003
347.39999999999998,98.423582999999994
347.5,96.797529999999995
347.60000000000002,95.522557000000006
347.69999999999999,96.394886999999997
347.80000000000001,94.824432999999999
347.89999999999998,92.700353000000007
348,93.324826999999999
348.10000000000002,92.925529999999995
348.19999999999999,91.990326999999994
348.30000000000001,92.805719999999994
348.39999999999998,91.012653
348.5,89.906289999999998
348.60000000000002,90.669169999999994
348.69999999999999,88.957997000000006
348.80000000000001,89.993872999999994
348.89999999999998,87.463023000000007
349,88.667783
349.10000000000002,86.111662999999993
349.19999999999999,86.306236999999996
349.30000000000001,86.764709999999994
349.39999999999998,84.889906999999994
349.5,85.028040000000004
349.60000000000002,86.142302999999998
349.69999999999999,83.612757000000002
349.80000000000001,84.261876999999998
349.89999999999998,84.538636999999994
350,82.139476999999999
350.10000000000002,83.539226999999997
350.19999999999999,82.247077000000004
350.30000000000001,83.281677000000002
350.39999999999998,81.116776999999999
350.5,81.492272999999997
350.60000000000002,80.605226999999999
350.69999999999999,80.146923000000001
350.80000000000001,81.045012999999997
350.89999999999998,79.977312999999995
351,79.642989999999998
351.10000000000002,79.386363000000003
351.19999999999999,78.861706999999996
351.30000000000001,77.248446999999999
351.39999999999998,78.189392999999995
351.5,78.026060000000001
351.60000000000002,78.300053000000005
351.69999999999999,76.942886999999999
351.80000000000001,77.994673000000006
351.89999999999998,76.999759999999995
352,77.256749999999997
352.10000000000002,76.809169999999995
352.19999999999999,76.253902999999994
352.30000000000001,76.489023000000003
352.39999999999998,75.604673000000005
352.5,75.010890000000003
352.60000000000002,75.732073
352.69999999999999,75.3185
352.80000000000001,74.515370000000004
352.89999999999998,74.587687000000003
353,73.840427000000005
353.10000000000002,73.990513000000007
353.19999999999999,73.761003000000002
353.30000000000001,73.124466999999996
353.39999999999998,73.089273000000006
353.5,73.014430000000004
353.60000000000002,73.375680000000003
353.69999999999999,73.610110000000006
353.80000000000001,71.965243000000001
353.89999999999998,74.131219999999999
354,72.247027000000003
354.10000000000002,73.547093000000004
354.19999999999999,74.191852999999995
354.30000000000001,72.750462999999996
354.39999999999998,72.539623000000006
354.5,71.981587000000005
354.60000000000002,73.661732999999998
354.69999999999999,73.525957000000005
354.80000000000001,73.53783
354.89999999999998,72.742490000000004
355,71.535307000000003
355.10000000000002,71.279003000000003
355.19999999999999,73.384896999999995
355.30000000000001,72.820773000000003
355.39999999999998,72.460949999999997
355.5,73.117500000000007
355.60000000000002,72.377463000000006
355.69999999999999,72.716913000000005
355.80000000000001,72.722127
355.89999999999998,72.963487000000001
356,72.217472999999998
356.10000000000002,72.621283000000005
356.19999999999999,72.963407000000004
356.30000000000001,72.717536999999993
356.39999999999998,74.003017
356.5,72.793616999999998
356.60000000000002,73.051623000000006
356.69999999999999,71.728082999999998
356.80000000000001,73.219300000000004
356.89999999999998,74.395353
357,71.875372999999996
357.10000000000002,72.406319999999994
357.19999999999999,72.907302999999999
357.30000000000001,74.112907000000007
357.39999999999998,71.678120000000007
357.5,72.706563000000003
357.60000000000002,72.933097000000004
357.69999999999999,73.866739999999993
357.80000000000001,74.719733000000005
357.89999999999998,73.540976999999998
358,73.115236999999993
358.10000000000002,75.379130000000004
358.19999999999999,75.590287000000004
358.30000000000001,74.503962999999999
358.39999999999998,76.403296999999995
358.5,75.222369999999998
358.60000000000002,74.709299999999999
358.69999999999999,76.55753
358.80000000000001,76.940213
358.89999999999998,77.70129
359,76.336849999999998
359.10000000000002,78.906469999999999
359.19999999999999,77.394587000000001
359.30000000000001,77.413520000000005
359.39999999999998,76.946483000000001
359.5,78.007739999999998
359.60000000000002,76.253686999999999
359.69999999999999,78.579342999999994
359.80000000000001,76.719302999999996
359.89999999999998,66.702366999999995
360,66.936633
360.10000000000002,66.790643000000003
360.19999999999999,67.674473000000006
360.30000000000001,68.121979999999994
360.39999999999998,68.558660000000003
360.5,69.239682999999999
360.60000000000002,69.583889999999997
360.69999999999999,69.535562999999996
360.80000000000001,69.963143000000002
360.89999999999998,70.321022999999997
361,70.572419999999994
361.10000000000002,70.411322999999996
361.19999999999999,70.844920000000002
361.30000000000001,71.523087000000004
361.39999999999998,71.954116999999997
361.5,72.064819999999997
361.60000000000002,72.846253000000004
361.69999999999999,72.760486999999998
361.80000000000001,72.923756999999995
361.89999999999998,73.309286999999998
362,74.292687000000001
362.10000000000002,74.272942999999998
362.19999999999999,74.414017000000001
362.30000000000001,75.109350000000006
362.39999999999998,75.310230000000004
362.5,76.127317000000005
362.60000000000002,76.379419999999996
362.69999999999999,77.185699999999997
362.80000000000001,77.593046999999999
362.89999999999998,77.706230000000005
363,78.250273000000007
363.10000000000002,78.800353000000001
363.19999999999999,78.821952999999993
363.30000000000001,79.139920000000004
363.39999999999998,79.565830000000005
363.5,80.564009999999996
363.60000000000002,82.019796999999997
363.69999999999999,81.974760000000003
363.80000000000001,81.697446999999997
363.89999999999998,82.896247000000002
364,82.786580000000001
364.10000000000002,83.674773000000002
364.19999999999999,84.280969999999996
364.30000000000001,85.133652999999995
364.39999999999998,85.524343000000002
364.5,85.978677000000005
364.60000000000002,86.220626999999993
364.69999999999999,86.425543000000005
364.80000000000001,87.152973000000003
364.89999999999998,88.527672999999993
365,88.816006999999999
365.10000000000002,88.921916999999993
365.19999999999999,89.94708
365.30000000000001,89.796156999999994
365.39999999999998,90.653413
365.5,91.374830000000003
365.60000000000002,92.116167000000004
365.69999999999999,92.252700000000004
365.80000000000001,92.625292999999999
365.89999999999998,93.763059999999996
366,94.247623000000004
366.10000000000002,94.893770000000004
366.19999999999999,95.652396999999993
366.30000000000001,96.929446999999996
366.39999999999998,96.277429999999995
366.5,97.737139999999997
366.60000000000002,98.046833000000007
366.69999999999999,98.46172
366.80000000000001,99.678432999999998
366.89999999999998,100.29303
367,100.71823999999999
367.10000000000002,101.69934000000001
367.19999999999999,102.27596
367.30000000000001,102.70603
367.39999999999998,103.82204
367.5,104.91275
367.60000000000002,105.55698
367.69999999999999,106.05406000000001
367.80000000000001,107.18165999999999
367.89999999999998,107.94301
368,108.41475
368.10000000000002,109.06229999999999
368.19999999999999,110.05687
368.30000000000001,110.989
368.39999999999998,111.18967000000001
368.5,111.8248
368.60000000000002,113.18380000000001
368.69999999999999,113.32453
368.80000000000001,114.8028
368.89999999999998,115.02379999999999
369,115.83826999999999
369.10000000000002,116.91052999999999
369.19999999999999,117.18553
369.30000000000001,117.84423
369.39999999999998,118.48357
369.5,119.44757
369.60000000000002,121.06740000000001
369.69999999999999,121.46232999999999
369.80000000000001,122.29657
369.89999999999998,123.79823
370,124.00306999999999
370.10000000000002,124.82053000000001
370.19999999999999,125.837
370.30000000000001,126.96253
370.39999999999998,127.29127
370.5,127.97263
370.60000000000002,129.51157000000001
370.69999999999999,130.43790000000001
370.80000000000001,131.88703000000001
370.89999999999998,132.27170000000001
371,133.55996999999999
371.10000000000002,134.48093
371.19999999999999,135.33582999999999
371.30000000000001,136.43833000000001
371.39999999999998,136.43557000000001
371.5,138.26400000000001
371.60000000000002,140.01220000000001
371.69999999999999,139.80053000000001
371.80000000000001,140.94866999999999
371.89999999999998,142.51412999999999
372,143.23557
372.10000000000002,144.25697
372.19999999999999,144.87807000000001
372.30000000000001,145.97493
372.39999999999998,146.67083
372.5,148.3655
372.60000000000002,149.49927
372.69999999999999,150.03120000000001
372.80000000000001,151.48103
372.89999999999998,152.90522999999999
373,154.42250000000001
373.10000000000002,155.00903
373.19999999999999,155.86373
373.30000000000001,157.41669999999999
373.39999999999998,158.47017
373.5,159.84813
373.60000000000002,160.86113
373.69999999999999,161.39653000000001
373.80000000000001,162.96440000000001
373.89999999999998,164.11500000000001
374,165.46860000000001
374.10000000000002,166.71682999999999
374.19999999999999,167.71092999999999
374.30000000000001,169.06627
374.39999999999998,170.07613000000001
374.5,171.37203
374.60000000000002,172.27717000000001
374.69999999999999,173.48873
374.80000000000001,174.7988
374.89999999999998,176.27977000000001
375,177.50202999999999
375.10000000000002,178.01089999999999
375.19999999999999,180.1046
375.30000000000001,181.42213000000001
375.39999999999998,182.95817
375.5,184.1908
375.60000000000002,185.41370000000001
375.69999999999999,185.96807000000001
375.80000000000001,188.06907000000001
375.89999999999998,189.39070000000001
376,190.3809
376.10000000000002,192.26157000000001
376.19999999999999,193.26679999999999
376.30000000000001,193.9221
376.39999999999998,195.88176999999999
376.5,198.08393000000001
376.60000000000002,198.73043000000001
376.69999999999999,200.00787
376.80000000000001,201.39327
376.89999999999998,202.68087
377,204.31523000000001
377.10000000000002,206.47890000000001
377.19999999999999,206.99713
377.30000000000001,208.90027000000001
377.39999999999998,210.71566999999999
377.5,211.43182999999999
377.60000000000002,213.137
377.69999999999999,214.47856999999999
377.80000000000001,216.40416999999999
377.89999999999998,218.2723
378,219.94083000000001
378.10000000000002,221.1885
378.19999999999999,222.23912999999999
378.30000000000001,224.18960000000001
378.39999999999998,225.51387
378.5,227.03380000000001
378.60000000000002,228.68593000000001
378.69999999999999,230.42447000000001
378.80000000000001,231.99199999999999
378.89999999999998,233.40692999999999
379,235.11682999999999
379.10000000000002,236.88509999999999
379.19999999999999,238.53962999999999
379.30000000000001,239.91380000000001
379.39999999999998,241.13093000000001
379.5,242.97807
379.60000000000002,245.28776999999999
379.69999999999999,246.25577000000001
379.80000000000001,248.16
379.89999999999998,249.52940000000001
380,251.56112999999999
380.10000000000002,253.54553000000001
380.19999999999999,255.36592999999999
380.30000000000001,257.33640000000003
380.39999999999998,258.48516999999998
380.5,260.21199999999999
380.60000000000002,262.02467000000001
380.69999999999999,263.54437000000001
380.80000000000001,265.49740000000003
380.89999999999998,267.20227
381,269.43416999999999
381.10000000000002,271.10489999999999
381.19999999999999,272.95943
381.30000000000001,274.77267000000001
381.39999999999998,276.28787
381.5,278.62783000000002
381.60000000000002,280.59980000000002
381.69999999999999,282.45549999999997
381.80000000000001,284.00319999999999
381.89999999999998,286.30419999999998
382,287.61770000000001
382.10000000000002,289.90197000000001
382.19999999999999,292.19799999999998
382.30000000000001,294.10917000000001
382.39999999999998,295.48183
382.5,297.66153000000003
382.60000000000002,299.63693000000001
382.69999999999999,301.37223
382.80000000000001,303.1884
382.89999999999998,305.29417000000001
383,307.57413000000003
383.10000000000002,309.42642999999998
383.19999999999999,311.8546
383.30000000000001,313.70737000000003
383.39999999999998,315.67020000000002
383.5,317.98797000000002
383.60000000000002,320.49606999999997
383.69999999999999,321.22613000000001
383.80000000000001,323.87857000000002
383.89999999999998,326.22710000000001
384,328.2407
384.10000000000002,329.47883000000002
384.19999999999999,331.86700000000002
384.30000000000001,334.45267000000001
384.39999999999998,336.68536999999998
384.5,338.72777000000002
384.60000000000002,340.96089999999998
384.69999999999999,342.75760000000002
384.80000000000001,344.92516999999998
384.89999999999998,347.44556999999998
385,349.40307000000001
385.10000000000002,351.1336
385.19999999999999,354.05363
385.30000000000001,356.08906999999999
385.39999999999998,358.27897000000002
385.5,360.65620000000001
385.60000000000002,362.65692999999999
385.69999999999999,364.56396999999998
385.80000000000001,367.7079
385.89999999999998,370.06529999999998
386,371.88367
386.10000000000002,374.22743000000003
386.19999999999999,377.36070000000001
386.30000000000001,379.25682999999998
386.39999999999998,381.40096999999997
386.5,383.61457000000001
386.60000000000002,385.88423
386.69999999999999,388.84219999999999
386.80000000000001,390.23583000000002
386.89999999999998,393.31169999999997
387,395.62267000000003
387.10000000000002,397.95997
387.19999999999999,400.35786999999999
387.30000000000001,403.34690000000001
387.39999999999998,404.98953
387.5,407.75247000000002
387.60000000000002,409.74619999999999
387.69999999999999,412.70057000000003
387.80000000000001,414.98647
387.89999999999998,418.05759999999998
388,420.37592999999998
388.10000000000002,422.17232999999999
388.19999999999999,425.84780000000001
388.30000000000001,428.02886999999998
388.39999999999998,430.41527000000002
388.5,432.73126999999999
388.60000000000002,435.68770000000001
388.69999999999999,438.12477000000001
388.80000000000001,441.14533
388.89999999999998,443.70312999999999
389,445.60906999999997
389.10000000000002,448.38756999999998
389.19999999999999,450.69243
389.30000000000001,453.52640000000002
389.39999999999998,456.03516999999999
389.5,458.87747000000002
389.60000000000002,461.27999999999997
389.69999999999999,463.59460000000001
389.80000000000001,466.709
389.89999999999998,469.42543000000001
390,472.14096999999998
390.10000000000002,475.04086999999998
390.19999999999999,478.13862999999998
390.30000000000001,480.26312999999999
390.39999999999998,482.55029999999999
390.5,485.87817000000001
390.60000000000002,488.28903000000003
390.69999999999999,491.02483000000001
390.80000000000001,493.57933000000003
390.89999999999998,496.34597000000002
391,498.45567
391.10000000000002,502.33690000000001
391.19999999999999,505.09706999999997
391.30000000000001,507.83807000000002
391.39999999999998,510.55720000000002
391.5,513.73546999999996
391.60000000000002,516.87863000000004
391.69999999999999,519.40533000000005
391.80000000000001,522.32732999999996
391.89999999999998,524.55809999999997
392,527.25892999999996
392.10000000000002,530.38982999999996
392.19999999999999,532.96177
392.30000000000001,535.95830000000001
392.39999999999998,538.45983000000001
392.5,542.23136999999997
392.60000000000002,544.91702999999995
392.69999999999999,547.61226999999997
392.80000000000001,550.75210000000004
392.89999999999998,553.49189999999999
393,556.40472999999997
393.10000000000002,559.67253000000005
393.19999999999999,562.28386999999998
393.30000000000001,565.33686999999998
393.39999999999998,568.01139999999998
393.5,571.15713000000005
393.60000000000002,574.80817000000002
393.69999999999999,577.03930000000003
393.80000000000001,580.48243000000002
393.89999999999998,582.83693000000005
394,586.34897000000001
394.10000000000002,589.46537000000001
394.19999999999999,592.66767000000004
394.30000000000001,595.06029999999998
394.39999999999998,598.83299999999997
394.5,601.05150000000003
394.60000000000002,604.33146999999997
394.69999999999999,607.51687000000004
394.80000000000001,610.53589999999997
394.89999999999998,613.57272999999998
395,616.80893000000003
395.10000000000002,619.91472999999996
395.19999999999999,622.63756999999998
395.30000000000001,625.74643000000003
395.39999999999998,628.39880000000005
395.5,632.38639999999998
395.60000000000002,635.74607000000003
395.69999999999999,638.24620000000004
395.80000000000001,641.35556999999994
395.89999999999998,644.46523000000002
396,648.39940000000001
396.10000000000002,650.87109999999996
396.19999999999999,654.12567000000001
396.30000000000001,657.33960000000002
396.39999999999998,660.15367000000003
396.5,663.62683000000004
396.60000000000002,666.65430000000003
396.69999999999999,669.61689999999999
396.80000000000001,673.34733000000006
396.89999999999998,676.65332999999998
397,679.6739
397.10000000000002,682.66583000000003
397.19999999999999,686.08799999999997
397.30000000000001,689.16899999999998
397.39999999999998,692.34910000000002
397.5,695.33563000000004
397.60000000000002,698.80256999999995
397.69999999999999,702.43550000000005
397.80000000000001,705.61542999999995
397.89999999999998,708.42007000000001
398,711.23937000000001
398.10000000000002,714.44422999999995
398.19999999999999,717.84680000000003
398.30000000000001,721.76657
398.39999999999998,724.38633000000004
398.5,727.60013000000004
398.60000000000002,730.82259999999997
398.69999999999999,733.79677000000004
398.80000000000001,737.92997000000003
398.89999999999998,740.85793000000001
399,744.05859999999996
399.10000000000002,746.96690000000001
399.19999999999999,750.8759
399.30000000000001,753.83839999999998
399.39999999999998,757.22402999999997
399.5,760.37392999999997
399.60000000000002,763.75406999999996
399.69999999999999,766.40932999999995
399.80000000000001,770.38350000000003
399.89999999999998,773.98053000000004
400,776.56500000000005
400.10000000000002,779.86117000000002
400.19999999999999,783.27922999999998
400.30000000000001,786.90750000000003
400.39999999999998,789.50442999999996
400.5,793.54512999999997
400.60000000000002,796.36467000000005
400.69999999999999,800.12222999999994
400.80000000000001,803.12249999999995
400.89999999999998,806.43232999999998
401,809.64493000000004
401.10000000000002,812.96190000000001
401.19999999999999,816.33000000000004
401.30000000000001,819.58627000000001
401.39999999999998,822.54656999999997
401.5,826.09429999999998
401.60000000000002,829.82573000000002
401.69999999999999,832.67160000000001
401.80000000000001,836.54700000000003
401.89999999999998,839.39490000000001
402,842.82573000000002
402.10000000000002,846.32719999999995
402.19999999999999,850.02846999999997
402.30000000000001,853.12136999999996
402.39999999999998,856.28177000000005
402.5,859.60347000000002
402.60000000000002,863.03139999999996
402.69999999999999,865.69820000000004
402.80000000000001,869.49783000000002
402.89999999999998,872.90327000000002
403,875.57012999999995
403.10000000000002,879.69077000000004
403.19999999999999,882.57926999999995
403.30000000000001,885.86456999999996
403.39999999999998,888.88503000000003
403.5,893.05677000000003
403.60000000000002,896.21146999999996
403.69999999999999,899.67922999999996
403.80000000000001,902.45732999999996
403.89999999999998,905.89020000000005
404,909.24262999999996
404.10000000000002,911.97046999999998
404.19999999999999,915.81677000000002
404.30000000000001,919.04359999999997
404.39999999999998,922.40110000000004
404.5,925.99013000000002
404.60000000000002,929.47272999999996
404.69999999999999,931.95826999999997
404.80000000000001,935.46952999999996
404.89999999999998,939.14702999999997
405,942.06187
405.10000000000002,945.42807000000005
405.19999999999999,949.15296999999998
405.30000000000001,951.64760000000001
405.39999999999998,954.73982999999998
405.5,958.41817000000003
405.60000000000002,961.37599999999998
405.69999999999999,964.71680000000003
405.80000000000001,968.11107000000004
405.89999999999998,971.73122999999998
406,974.58336999999995
406.10000000000002,978.10829999999999
406.19999999999999,980.93299999999999
406.30000000000001,984.38572999999997
406.39999999999998,987.31470000000002
406.5,990.47262999999998
406.60000000000002,994.08893
406.69999999999999,996.62237000000005
406.80000000000001,1000.7829
406.89999999999998,1003.3551
407,1006.6939
407.10000000000002,1009.4375
407.19999999999999,1012.9147
407.30000000000001,1016.2447
407.39999999999998,1019.6653
407.5,1022.379
407.60000000000002,1025.9517000000001
407.69999999999999,1028.8593000000001
407.80000000000001,1032.421
407.89999999999998,1035.6637000000001
408,1038.0877
408.10000000000002,1042.0983000000001
408.19999999999999,1044.5847000000001
408.30000000000001,1048.152
408.39999999999998,1051.2792999999999
408.5,1054.4960000000001
408.60000000000002,1057.1293000000001
408.69999999999999,1060.4206999999999
408.80000000000001,1063.377
408.89999999999998,1066.8197
409,1069.6323
409.10000000000002,1072.8197
409.19999999999999,1076.144
409.30000000000001,1078.8317
409.39999999999998,1082.3677
409.5,1085.0820000000001
409.60000000000002,1087.9927
409.69999999999999,1090.5397
409.80000000000001,1094.0719999999999
409.89999999999998,1097.0419999999999
410,1099.6023
410.10000000000002,1103.4157
410.19999999999999,1105.9457
410.30000000000001,1109.0307
410.39999999999998,1111.7913000000001
410.5,1114.7997
410.60000000000002,1117.8017
410.69999999999999,1120.865
410.80000000000001,1123.7437
410.89999999999998,1126.8009999999999
411,1129.2702999999999
411.10000000000002,1132.4147
411.19999999999999,1135.4992999999999
411.30000000000001,1138.2723000000001
411.39999999999998,1141.0613000000001
411.5,1144.2560000000001
411.60000000000002,1147.2512999999999
411.69999999999999,1149.5687
411.80000000000001,1152.8063
411.89999999999998,1155.2502999999999
412,1158.1996999999999
412.10000000000002,1160.778
412.19999999999999,1163.7347
412.30000000000001,1166.4833000000001
412.39999999999998,1169.4203
412.5,1172.7797
412.60000000000002,1174.8336999999999
412.69999999999999,1177.752
412.80000000000001,1180.3282999999999
412.89999999999998,1183.2860000000001
413,1185.48
413.10000000000002,1188.7363
413.19999999999999,1191.1103000000001
413.30000000000001,1194.0227
413.39999999999998,1196.3657000000001
413.5,1199.047
413.60000000000002,1201.5012999999999
413.69999999999999,1203.9247
413.80000000000001,1206.5823
413.89999999999998,1209.5663
414,1211.7497000000001
414.10000000000002,1214.3867
414.19999999999999,1217.1796999999999
414.30000000000001,1220.2239999999999
414.39999999999998,1222.3423
414.5,1225.3810000000001
414.60000000000002,1227.126
414.69999999999999,1230.1903
414.80000000000001,1232.7053000000001
414.89999999999998,1235.3652999999999
415,1237.5417
415.10000000000002,1240.0533
415.19999999999999,1242.6496999999999
415.30000000000001,1244.9393
415.39999999999998,1247.5543
415.5,1249.4337
415.60000000000002,1252.0957000000001
415.69999999999999,1254.6213
415.80000000000001,1257.0882999999999
415.89999999999998,1259.567
416,1261.8199999999999
416.10000000000002,1263.6479999999999
416.19999999999999,1266.4673
416.30000000000001,1268.4839999999999
416.39999999999998,1270.6883
416.5,1273.2687000000001
416.60000000000002,1275.1079999999999
416.69999999999999,1277.6193000000001
416.80000000000001,1279.7587000000001
416.89999999999998,1281.9052999999999
417,1284.1637000000001
417.10000000000002,1286.6837
417.19999999999999,1288.7043000000001
417.30000000000001,1290.7713000000001
417.39999999999998,1292.768
417.5,1294.808
417.60000000000002,1297.1547
417.69999999999999,1298.8726999999999
417.80000000000001,1301.05
417.89999999999998,1302.9359999999999
418,1305.4927
418.10000000000002,1307.3397
418.19999999999999,1309.2973
418.30000000000001,1311.116
418.39999999999998,1313.2639999999999
418.5,1315.384
418.60000000000002,1317.3752999999999
418.69999999999999,1319.0682999999999
418.80000000000001,1321.1483000000001
418.89999999999998,1323.0282999999999
419,1324.7953
419.10000000000002,1326.7602999999999
419.19999999999999,1329.078
419.30000000000001,1330.5923
419.39999999999998,1332.1610000000001
419.5,1334.1990000000001
419.60000000000002,1335.7856999999999
419.69999999999999,1337.7376999999999
419.80000000000001,1339.6157000000001
419.89999999999998,1341.3036999999999
420,1343.0173
420.10000000000002,1344.9113
420.19999999999999,1346.8067000000001
420.30000000000001,1347.7122999999999
420.39999999999998,1349.7702999999999
420.5,1351.3516999999999
420.60000000000002,1353.23
420.69999999999999,1354.6469999999999
420.80000000000001,1355.8027
420.89999999999998,1357.7597000000001
421,1359.2543000000001
421.10000000000002,1360.8017
421.19999999999999,1362.5497
421.30000000000001,1364.1083000000001
421.39999999999998,1365.0039999999999
421.5,1366.9403
421.60000000000002,1368.3453
421.69999999999999,1369.6157000000001
421.80000000000001,1371.212
421.89999999999998,1372.6123
422,1374.1057000000001
422.10000000000002,1375.6216999999999
422.19999999999999,1376.9157
422.30000000000001,1378.095
422.39999999999998,1379.0239999999999
422.5,1380.7012999999999
422.60000000000002,1382.3706999999999
422.69999999999999,1383.2302999999999
422.80000000000001,1385.0150000000001
422.89999999999998,1385.7933
423,1387.288
423.10000000000002,1388.1669999999999
423.19999999999999,1389.7073
423.30000000000001,1390.7363
423.39999999999998,1391.7243000000001
423.5,1393.2302999999999
423.60000000000002,1394.4013
423.69999999999999,1395.287
423.80000000000001,1396.2860000000001
423.89999999999998,1397.78
424,1398.6233
424.10000000000002,1400.01
424.19999999999999,1400.5350000000001
424.30000000000001,1401.6693
424.39999999999998,1402.4983
424.5,1403.8773000000001
424.60000000000002,1404.6813
424.69999999999999,1405.4956999999999
424.80000000000001,1406.4783
424.89999999999998,1407.7280000000001
425,1407.9547
425.10000000000002,1409.0697
425.19999999999999,1409.9449999999999
425.30000000000001,1410.6379999999999
425.39999999999998,1411.8377
425.5,1412.5133000000001
425.60000000000002,1413.2412999999999
425.69999999999999,1413.8520000000001
425.80000000000001,1414.9749999999999
425.89999999999998,1415.4183
426,1416.1552999999999
426.10000000000002,1417.0762999999999
426.19999999999999,1417.5882999999999
426.30000000000001,1418.0363
426.39999999999998,1419.2453
426.5,1419.55
426.60000000000002,1420.2643
426.69999999999999,1420.2860000000001
426.80000000000001,1421.2743
426.89999999999998,1422.0463
427,1422.3710000000001
427.10000000000002,1423.3687
427.19999999999999,1423.923
427.30000000000001,1424.3947000000001
427.39999999999998,1424.5682999999999
427.5,1425.2307000000001
427.60000000000002,1425.3267000000001
427.69999999999999,1425.6157000000001
427.80000000000001,1426.318
427.89999999999998,1426.79
428,1426.8779999999999
428.10000000000002,1427.4306999999999
428.19999999999999,1427.9357
428.30000000000001,1427.8320000000001
428.39999999999998,1428.0530000000001
428.5,1428.6832999999999
428.60000000000002,1428.425
428.69999999999999,1428.6632999999999
428.80000000000001,1429.0440000000001
428.89999999999998,1429.125
429,1429.5582999999999
429.10000000000002,1429.8713
429.19999999999999,1429.6706999999999
429.30000000000001,1430.355
429.39999999999998,1430.2237
429.5,1430.0899999999999
429.60000000000002,1430.6377
429.69999999999999,1430.7387000000001
429.80000000000001,1430.866
429.89999999999998,1430.586
430,1430.8040000000001
430.10000000000002,1430.8103000000001
430.19999999999999,1431.0709999999999
430.30000000000001,1430.6130000000001
430.39999999999998,1430.8816999999999
430.5,1430.7597000000001
430.60000000000002,1430.2760000000001
430.69999999999999,1430.5192999999999
430.80000000000001,1430.5546999999999
430.89999999999998,1430.2103
431,1430.0957000000001
431.10000000000002,1430.0429999999999
431.19999999999999,1429.8372999999999
431.30000000000001,1429.6579999999999
431.39999999999998,1429.3092999999999
431.5,1429.2380000000001
431.60000000000002,1429.2093
431.69999999999999,1428.884
431.80000000000001,1428.1753000000001
431.89999999999998,1428.1113
432,1427.8613
432.10000000000002,1427.3703
432.19999999999999,1427.2612999999999
432.30000000000001,1426.8240000000001
432.39999999999998,1426.0503000000001
432.5,1426.1907000000001
432.60000000000002,1425.7017000000001
432.69999999999999,1425.3963000000001
432.80000000000001,1424.4213
432.89999999999998,1424.3107
433,1424.0382999999999
433.10000000000002,1423.4367
433.19999999999999,1422.8689999999999
433.30000000000001,1422.5940000000001
433.39999999999998,1421.8362999999999
433.5,1421.1510000000001
433.60000000000002,1420.9193
433.69999999999999,1420.3906999999999
433.80000000000001,1419.5256999999999
433.89999999999998,1418.9992999999999
434,1417.971
434.10000000000002,1417.646
434.19999999999999,1416.7809999999999
434.30000000000001,1416.2992999999999
434.39999999999998,1415.6067
434.5,1414.5356999999999
434.60000000000002,1414.4073000000001
434.69999999999999,1413.2663
434.80000000000001,1412.654
434.89999999999998,1411.7327
435,1410.9739999999999
435.10000000000002,1410.3507
435.19999999999999,1409.7873
435.30000000000001,1408.7373
435.39999999999998,1407.8797
435.5,1407.0597
435.60000000000002,1406.1863000000001
435.69999999999999,1405.2157
435.80000000000001,1404.4293
435.89999999999998,1403.8409999999999
436,1402.6179999999999
436.10000000000002,1401.865
436.19999999999999,1401.1393
436.30000000000001,1399.8282999999999
436.39999999999998,1398.8599999999999
436.5,1398.2792999999999
436.60000000000002,1396.8013000000001
436.69999999999999,1395.8336999999999
436.80000000000001,1395.2053000000001
436.89999999999998,1394.3033
437,1392.713
437.10000000000002,1391.7383
437.19999999999999,1390.7057
437.30000000000001,1389.836
437.39999999999998,1388.2987000000001
437.5,1387.6420000000001
437.60000000000002,1386.7570000000001
437.69999999999999,1384.9342999999999
437.80000000000001,1383.8113000000001
437.89999999999998,1382.6306999999999
438,1381.5797
438.10000000000002,1380.2353000000001
438.19999999999999,1379.4073000000001
438.30000000000001,1378.1563000000001
438.39999999999998,1376.5682999999999
438.5,1375.2263
438.60000000000002,1374.1632999999999
438.69999999999999,1372.5887
438.80000000000001,1371.1279999999999
438.89999999999998,1369.9573
439,1368.787
439.10000000000002,1367.7417
439.19999999999999,1366.5567000000001
439.30000000000001,1364.8099999999999
439.39999999999998,1363.3927000000001
439.5,1362.0943
439.60000000000002,1360.9690000000001
439.69999999999999,1358.7843
439.80000000000001,1358.2043000000001
439.89999999999998,1356.5513000000001
440,1355.011
440.10000000000002,1353.8689999999999
440.19999999999999,1352.0833
440.30000000000001,1350.7670000000001
440.39999999999998,1349.355
440.5,1347.8979999999999
440.60000000000002,1346.2523000000001
440.69999999999999,1344.578
440.80000000000001,1343.1213
440.89999999999998,1341.826
441,1339.817
441.10000000000002,1338.3299999999999
441.19999999999999,1337.0636999999999
441.30000000000001,1335.5803000000001
441.39999999999998,1333.4673
441.5,1332.1677
441.60000000000002,1330.3257000000001
441.69999999999999,1328.6167
441.80000000000001,1327.2049999999999
441.89999999999998,1325.655
442,1323.6303
442.10000000000002,1322.1893
442.19999999999999,1320.7487000000001
442.30000000000001,1318.5007000000001
442.39999999999998,1316.8803
442.5,1315.615
442.60000000000002,1313.7623000000001
442.69999999999999,1311.5957000000001
442.80000000000001,1310.2007000000001
442.89999999999998,1308.1842999999999
443,1306.7059999999999
443.10000000000002,1304.8610000000001
443.19999999999999,1303.0703000000001
443.30000000000001,1301.0899999999999
443.39999999999998,1299.1130000000001
443.5,1297.6759999999999
443.60000000000002,1295.8046999999999
443.69999999999999,1294.0916999999999
443.80000000000001,1292.0543
443.89999999999998,1290.2663
444,1288.1267
444.10000000000002,1286.6377
444.19999999999999,1284.7843
444.30000000000001,1282.896
444.39999999999998,1280.8240000000001
444.5,1279.0563
444.60000000000002,1276.6500000000001
444.69999999999999,1274.9403
444.80000000000001,1273.3097
444.89999999999998,1271.221
445,1269.2117000000001
445.10000000000002,1267.258
445.19999999999999,1265.3182999999999
445.30000000000001,1263.067
445.39999999999998,1261.184
445.5,1258.8303000000001
445.60000000000002,1257.0436999999999
445.69999999999999,1255.0213000000001
445.80000000000001,1252.9376999999999
445.89999999999998,1250.6420000000001
446,1249.0999999999999
446.10000000000002,1247.248
446.19999999999999,1244.8742999999999
446.30000000000001,1243.2402999999999
446.39999999999998,1240.6832999999999
446.5,1239.1713
446.60000000000002,1236.8330000000001
446.69999999999999,1234.8489999999999
446.80000000000001,1232.7057
446.89999999999998,1230.4843000000001
447,1228.338
447.10000000000002,1226.2940000000001
447.19999999999999,1224.4437
447.30000000000001,1222.3172999999999
447.39999999999998,1220.26
447.5,1217.6847
447.60000000000002,1215.9873
447.69999999999999,1213.4317000000001
447.80000000000001,1211.3699999999999
447.89999999999998,1209.3523
448,1207.144
448.10000000000002,1204.6373000000001
448.19999999999999,1202.7656999999999
448.30000000000001,1200.4503
448.39999999999998,1198.4303
448.5,1195.9432999999999
448.60000000000002,1193.6613
448.69999999999999,1191.6967
448.80000000000001,1189.53
448.89999999999998,1187.1706999999999
449,1184.981
449.10000000000002,1182.7563
449.19999999999999,1180.0092999999999
449.30000000000001,1178.1700000000001
449.39999999999998,1175.7617
449.5,1173.5843
449.60000000000002,1171.6283000000001
449.69999999999999,1169.3113000000001
449.80000000000001,1166.643
449.89999999999998,1164.5619999999999
450,1162.5719999999999
450.10000000000002,1159.6980000000001
450.19999999999999,1157.9032999999999
450.30000000000001,1155.0913
450.39999999999998,1152.9003
450.5,1150.4773
450.60000000000002,1148.7032999999999
450.69999999999999,1145.7650000000001
450.80000000000001,1143.2837
450.89999999999998,1140.8593000000001
451,1139.0667000000001
451.10000000000002,1136.3710000000001
451.19999999999999,1134.1377
451.30000000000001,1131.8182999999999
451.39999999999998,1129.5166999999999
451.5,1127.2909999999999
451.60000000000002,1125.1927000000001
451.69999999999999,1122.7639999999999
451.80000000000001,1119.895
451.89999999999998,1118.0047
452,1115.2523000000001
452.10000000000002,1112.6257000000001
452.19999999999999,1110.6047000000001
452.30000000000001,1108.1093000000001
452.39999999999998,1105.6489999999999
452.5,1103.1683
452.60000000000002,1101.1947
452.69999999999999,1098.3616999999999
452.80000000000001,1096.1593
452.89999999999998,1094.1410000000001
453,1091.5797
453.10000000000002,1088.9349999999999
453.19999999999999,1086.5592999999999
453.30000000000001,1084.0803000000001
453.39999999999998,1081.4817
453.5,1079.1506999999999
453.60000000000002,1076.9673
453.69999999999999,1074.1796999999999
453.80000000000001,1071.7149999999999
453.89999999999998,1069.3777
454,1067.0826999999999
454.10000000000002,1064.1903
454.19999999999999,1061.9659999999999
454.30000000000001,1059.7633000000001
454.39999999999998,1057.0237
454.5,1054.4839999999999
454.60000000000002,1052.2003
454.69999999999999,1049.5623000000001
454.80000000000001,1047.0830000000001
454.89999999999998,1045.2193
455,1042.248
455.10000000000002,1039.9580000000001
455.19999999999999,1037.7393
455.30000000000001,1035.2850000000001
455.39999999999998,1032.896
455.5,1030.2180000000001
455.60000000000002,1027.846
455.69999999999999,1024.704
455.80000000000001,1022.6167
455.89999999999998,1020.1967
456,1017.5676999999999
456.10000000000002,1014.8819999999999
456.19999999999999,1012.5638
456.30000000000001,1010.1420000000001
456.39999999999998,1007.5684
456.5,1005.1546
456.60000000000002,1002.8243
456.69999999999999,1000.0877
456.80000000000001,997.78773000000001
456.89999999999998,995.45320000000004
457,992.53903000000003
457.10000000000002,990.22609999999997
457.19999999999999,987.84810000000004
457.30000000000001,985.12917000000004
457.39999999999998,982.42012999999997
457.5,980.3229
457.60000000000002,977.64469999999994
457.69999999999999,975.17780000000005
457.80000000000001,972.50070000000005
457.89999999999998,969.85456999999997
458,967.51382999999998
458.10000000000002,965.12967000000003
458.19999999999999,962.86063000000001
458.30000000000001,959.91819999999996
458.39999999999998,957.2278
458.5,955.22860000000003
458.60000000000002,952.81987000000004
458.69999999999999,949.97630000000004
458.80000000000001,947.64353000000006
458.89999999999998,944.85649999999998
459,942.52377000000001
459.10000000000002,940.10253
459.19999999999999,937.35500000000002
459.30000000000001,935.03470000000004
459.39999999999998,932.41867000000002
459.5,929.76896999999997
459.60000000000002,927.37929999999994
459.69999999999999,925.02829999999994
459.80000000000001,922.20230000000004
459.89999999999998,919.76597000000004
460,917.24132999999995
460.10000000000002,914.81772999999998
460.19999999999999,911.99770000000001
460.30000000000001,909.79277000000002
460.39999999999998,907.2038
460.5,904.79560000000004
460.60000000000002,902.24617000000001
460.69999999999999,899.76116999999999
460.80000000000001,897.25496999999996
460.89999999999998,894.86632999999995
461,892.25617
461.10000000000002,889.82079999999996
461.19999999999999,887.19106999999997
461.30000000000001,884.59460000000001
461.39999999999998,882.32767000000001
461.5,879.68642999999997
461.60000000000002,877.33510000000001
461.69999999999999,874.55803000000003
461.80000000000001,872.06142999999997
461.89999999999998,869.81579999999997
462,867.30192999999997
462.10000000000002,865.10490000000004
462.19999999999999,861.98649999999998
462.30000000000001,860.08513000000005
462.39999999999998,857.50873000000001
462.5,854.97293000000002
462.60000000000002,852.25207
462.69999999999999,849.86747000000003
462.80000000000001,847.39430000000004
462.89999999999998,844.98236999999995
463,842.65049999999997
463.10000000000002,840.06223
463.19999999999999,837.67997000000003
463.30000000000001,835.553
463.39999999999998,833.02616999999998
463.5,830.29589999999996
463.60000000000002,828.02739999999994
463.69999999999999,825.38940000000002
463.80000000000001,822.95222999999999
463.89999999999998,820.40869999999995
464,818.46226999999999
464.10000000000002,815.32956999999999
464.19999999999999,813.25313000000006
464.30000000000001,811.09002999999996
464.39999999999998,808.24659999999994
464.5,806.02557000000002
464.60000000000002,803.57169999999996
464.69999999999999,801.05196999999998
464.80000000000001,798.22913000000005
464.89999999999998,796.23580000000004
465,793.86450000000002
465.10000000000002,791.22982999999999
465.19999999999999,788.93037000000004
465.30000000000001,786.64467000000002
465.39999999999998,784.35379999999998
465.5,781.38877000000002
465.60000000000002,779.31820000000005
465.69999999999999,776.80073000000004
465.80000000000001,774.16719999999998
465.89999999999998,771.90390000000002
466,769.76480000000004
466.10000000000002,767.04382999999996
466.19999999999999,764.54369999999994
466.30000000000001,762.53472999999997
466.39999999999998,760.01406999999995
466.5,757.07280000000003
466.60000000000002,755.12726999999995
466.69999999999999,752.72447
466.80000000000001,750.08333000000005
466.89999999999998,747.83146999999997
467,745.95412999999996
467.10000000000002,743.26279999999997
467.19999999999999,741.11479999999995
467.30000000000001,738.80472999999995
467.39999999999998,735.98946999999998
467.5,733.47940000000006
467.60000000000002,731.452
467.69999999999999,729.11396999999999
467.80000000000001,726.57590000000005
467.89999999999998,724.37546999999995
468,721.88562999999999
468.10000000000002,719.68862999999999
468.19999999999999,717.28022999999996
468.30000000000001,715.55886999999996
468.39999999999998,712.77522999999997
468.5,710.21722999999997
468.60000000000002,708.44230000000005
468.69999999999999,705.94152999999994
468.80000000000001,703.32159999999999
468.89999999999998,701.31267000000003
469,699.17773
469.10000000000002,696.79849999999999
469.19999999999999,694.31500000000005
469.30000000000001,691.84977000000003
469.39999999999998,689.79690000000005
469.5,687.29983000000004
469.60000000000002,685.24480000000005
469.69999999999999,682.71262999999999
469.80000000000001,680.64179999999999
469.89999999999998,678.43897000000004
470,675.78453000000002
470.10000000000002,673.62076999999999
470.19999999999999,671.31506999999999
470.30000000000001,669.27103
470.39999999999998,666.67470000000003
470.5,664.92550000000006
470.60000000000002,662.65656999999999
470.69999999999999,660.19330000000002
470.80000000000001,657.56127000000004
470.89999999999998,656.38247000000001
471,653.57640000000004
471.10000000000002,651.09760000000006
471.19999999999999,649.07512999999994
471.30000000000001,646.97322999999994
471.39999999999998,644.28986999999995
471.5,642.21127000000001
471.60000000000002,640.16863000000001
471.69999999999999,637.45360000000005
471.80000000000001,635.54039999999998
471.89999999999998,633.34820000000002
472,631.15340000000003
472.10000000000002,628.87929999999994
472.19999999999999,626.98582999999996
472.30000000000001,624.58550000000002
472.39999999999998,622.51043000000004
472.5,620.30269999999996
472.60000000000002,618.43682999999999
472.69999999999999,616.37090000000001
472.80000000000001,613.81336999999996
472.89999999999998,612.09429999999998
473,609.43447000000003
473.10000000000002,607.20870000000002
473.19999999999999,605.39496999999994
473.30000000000001,603.44560000000001
473.39999999999998,600.87626999999998
473.5,598.77610000000004
473.60000000000002,596.8578
473.69999999999999,594.75517000000002
473.80000000000001,592.48900000000003
473.89999999999998,590.37009999999998
474,588.25172999999995
474.10000000000002,585.67409999999995
474.19999999999999,584.09766999999999
474.30000000000001,582.16476999999998
474.39999999999998,579.72339999999997
474.5,577.67917
474.60000000000002,575.83799999999997
474.69999999999999,573.6617
474.80000000000001,571.85090000000002
474.89999999999998,569.57907
475,567.29093
475.10000000000002,565.50210000000004
475.19999999999999,563.19443000000001
475.30000000000001,560.85862999999995
475.39999999999998,558.79179999999997
475.5,557.41166999999996
475.60000000000002,555.16413
475.69999999999999,553.00226999999995
475.80000000000001,550.72496999999998
475.89999999999998,548.79960000000005
476,546.60302999999999
476.10000000000002,544.49109999999996
476.19999999999999,542.36193000000003
476.30000000000001,540.59193000000005
476.39999999999998,538.69623000000001
476.5,536.63610000000006
476.60000000000002,534.67679999999996
476.69999999999999,532.85222999999996
476.80000000000001,530.91886999999997
476.89999999999998,528.86207000000002
477,526.8039
477.10000000000002,524.76122999999995
477.19999999999999,522.64453000000003
477.30000000000001,521.17550000000006
477.39999999999998,518.83232999999996
477.5,517.03533000000004
477.60000000000002,514.75013000000001
477.69999999999999,513.27446999999995
477.80000000000001,511.00330000000002
477.89999999999998,509.31670000000003
478,507.30939999999998
478.10000000000002,505.5059
478.19999999999999,503.29446999999999
478.30000000000001,501.79293000000001
478.39999999999998,499.93912999999998
478.5,497.59183000000002
478.60000000000002,495.99279999999999
478.69999999999999,493.8288
478.80000000000001,492.488
478.89999999999998,490.45787000000001
479,488.6431
479.10000000000002,486.84442999999999
479.19999999999999,484.81502999999998
479.30000000000001,483.3143
479.39999999999998,481.04496999999998
479.5,479.21129999999999
479.60000000000002,477.34469999999999
479.69999999999999,475.01420000000002
479.80000000000001,473.21287000000001
479.89999999999998,471.66622999999998
480,470.12243000000001
480.10000000000002,468.05369999999999
480.19999999999999,466.06670000000003
480.30000000000001,464.56193000000002
480.39999999999998,462.61023
480.5,460.86309999999997
480.60000000000002,458.95562999999999
480.69999999999999,457.41223000000002
480.80000000000001,455.32819999999998
480.89999999999998,453.40517
481,451.97233
481.10000000000002,449.90132999999997
481.19999999999999,448.14947000000001
481.30000000000001,446.70182999999997
481.39999999999998,444.73910000000001
481.5,442.80556999999999
481.60000000000002,441.17863
481.69999999999999,439.27262999999999
481.80000000000001,437.60980000000001
481.89999999999998,436.19137000000001
482,433.88956999999999
482.10000000000002,431.96343000000002
482.19999999999999,430.42397
482.30000000000001,428.85739999999998
482.39999999999998,427.25943000000001
482.5,425.52573000000001
482.60000000000002,423.82267000000002
482.69999999999999,422.14920000000001
482.80000000000001,420.22933
482.89999999999998,419.09840000000003
483,417.64276999999998
483.10000000000002,415.64249999999998
483.19999999999999,413.53410000000002
483.30000000000001,412.11192999999997
483.39999999999998,410.39033000000001
483.5,408.7242
483.60000000000002,406.95609999999999
483.69999999999999,405.47307000000001
483.80000000000001,403.31009999999998
483.89999999999998,402.10730000000001
484,400.39879999999999
484.10000000000002,398.75483000000003
484.19999999999999,396.94752999999997
484.30000000000001,395.59607
484.39999999999998,393.92723000000001
484.5,392.1968
484.60000000000002,391.09140000000002
484.69999999999999,389.38387
484.80000000000001,387.45596999999998
484.89999999999998,386.18007
485,384.67959999999999
485.10000000000002,382.3168
485.19999999999999,381.09566999999998
485.30000000000001,379.77147000000002
485.39999999999998,377.76792999999998
485.5,376.41023000000001
485.60000000000002,374.89042999999998
485.69999999999999,373.476
485.80000000000001,371.72737000000001
485.89999999999998,370.36263000000002
486,368.70859999999999
486.10000000000002,367.05536999999998
486.19999999999999,365.98943000000003
486.30000000000001,364.77762999999999
486.39999999999998,362.82146999999998
486.5,361.25439999999998
486.60000000000002,359.88017000000002
486.69999999999999,358.47982999999999
486.80000000000001,356.82186999999999
486.89999999999998,355.46456999999998
487,354.15910000000002
487.10000000000002,352.09253000000001
487.19999999999999,350.91836999999998
487.30000000000001,349.63002999999998
487.39999999999998,347.69862999999998
487.5,346.52963
487.60000000000002,345.06432999999998
487.69999999999999,343.70956999999999
487.80000000000001,341.82960000000003
487.89999999999998,340.66019999999997
488,339.42317000000003
488.10000000000002,337.59750000000003
488.19999999999999,336.28717
488.30000000000001,335.18673000000001
488.39999999999998,333.6859
488.5,331.96510000000001
488.60000000000002,330.79093
488.69999999999999,329.26873000000001
488.80000000000001,327.74027000000001
488.89999999999998,326.67419999999998
489,325.11669999999998
489.10000000000002,323.32576999999998
489.19999999999999,322.03017
489.30000000000001,320.78710000000001
489.39999999999998,319.3186
489.5,318.20460000000003
489.60000000000002,317.15750000000003
489.69999999999999,315.29239999999999
489.80000000000001,313.93286999999998
489.89999999999998,312.42412999999999
490,311.24383
490.10000000000002,309.65593000000001
490.19999999999999,308.52386999999999
490.30000000000001,307.298
490.39999999999998,306.14573000000001
490.5,304.51346999999998
490.60000000000002,303.37696999999997
490.69999999999999,301.86327
490.80000000000001,300.59750000000003
490.89999999999998,299.29403000000002
491,298.0163
491.10000000000002,296.83996999999999
491.19999999999999,295.23129999999998
491.30000000000001,294.29093
491.39999999999998,292.80642999999998
491.5,291.67133000000001
491.60000000000002,290.23583000000002
491.69999999999999,288.72647000000001
491.80000000000001,287.63362999999998
491.89999999999998,286.44799999999998
492,284.94592999999998
492.10000000000002,283.74059999999997
492.19999999999999,282.65980000000002
492.30000000000001,281.69963000000001
492.39999999999998,279.97903000000002
492.5,278.70233000000002
492.60000000000002,277.69099999999997
492.69999999999999,276.74847
492.80000000000001,275.28339999999997
492.89999999999998,273.89060000000001
493,272.81857000000002
493.10000000000002,271.56333000000001
493.19999999999999,270.39643000000001
493.30000000000001,269.35957000000002
493.39999999999998,267.93459999999999
493.5,266.66059999999999
493.60000000000002,265.55727000000002
493.69999999999999,264.19763
493.80000000000001,263.06153
493.89999999999998,261.78607
494,260.78190000000001
494.10000000000002,259.27593000000002
494.19999999999999,258.59222999999997
494.30000000000001,257.33037000000002
494.39999999999998,256.00290000000001
494.5,254.87102999999999
494.60000000000002,253.83703
494.69999999999999,252.83797000000001
494.80000000000001,251.51383000000001
494.89999999999998,250.58770000000001
495,249.3407
495.10000000000002,248.12620000000001
495.19999999999999,247.25479999999999
495.30000000000001,246.00323
495.39999999999998,244.90262999999999
495.5,243.46713
495.60000000000002,242.69329999999999
495.69999999999999,241.28277
495.80000000000001,239.94413
495.89999999999998,239.31292999999999
496,238.28823
496.10000000000002,237.13173
496.19999999999999,235.54807
496.30000000000001,234.803
496.39999999999998,233.75802999999999
496.5,232.75563
496.60000000000002,231.72413
496.69999999999999,230.87190000000001
496.80000000000001,229.22120000000001
496.89999999999998,228.46530000000001
497,227.47776999999999
497.10000000000002,226.45716999999999
497.19999999999999,225.04662999999999
497.30000000000001,224.16606999999999
497.39999999999998,223.48157
497.5,221.99947
497.60000000000002,221.16503
497.69999999999999,219.90486999999999
497.80000000000001,219.20837
497.89999999999998,217.95572999999999
498,217.376
498.10000000000002,215.93236999999999
498.19999999999999,215.07247000000001
498.30000000000001,214.33693
498.39999999999998,213.48876999999999
498.5,211.88927000000001
498.60000000000002,210.94727
498.69999999999999,210.17060000000001
498.80000000000001,209.24252999999999
498.89999999999998,208.25657000000001
499,207.35810000000001
499.10000000000002,206.27247
499.19999999999999,205.58403000000001
499.30000000000001,204.6422
499.39999999999998,203.51517000000001
499.5,202.35253
499.60000000000002,201.69417000000001
499.69999999999999,200.6781
499.80000000000001,199.5461
499.89999999999998,198.88632999999999
500,198.0102
500.10000000000002,196.76173
500.19999999999999,196.29947000000001
500.30000000000001,195.41642999999999
500.39999999999998,194.02940000000001
500.5,193.28596999999999
500.60000000000002,192.4271
500.69999999999999,191.74289999999999
500.80000000000001,190.60876999999999
500.89999999999998,189.64567
501,188.87187
501.10000000000002,187.80000000000001
501.19999999999999,186.99440000000001
501.30000000000001,186.38589999999999
501.39999999999998,184.99602999999999
501.5,184.50537
501.60000000000002,183.27167
501.69999999999999,182.36396999999999
501.80000000000001,181.22413
501.89999999999998,180.54893000000001
502,180.24216999999999
502.10000000000002,179.01183
502.19999999999999,177.82873000000001
502.30000000000001,177.40772999999999
502.39999999999998,176.4376
502.5,175.40532999999999
502.60000000000002,174.94363000000001
502.69999999999999,174.02430000000001
502.80000000000001,173.13797
502.89999999999998,172.2422
503,171.79832999999999
503.10000000000002,170.44497000000001
503.19999999999999,169.81870000000001
503.30000000000001,169.11767
503.39999999999998,168.09192999999999
503.5,167.04759999999999
503.60000000000002,166.51472999999999
503.69999999999999,165.82230000000001
503.80000000000001,164.64510000000001
503.89999999999998,164.18127000000001
504,163.71493000000001
504.10000000000002,162.39553000000001
504.19999999999999,161.86193
504.30000000000001,161.07730000000001
504.39999999999998,160.02283
504.5,159.23513
504.60000000000002,158.9503
504.69999999999999,157.97523000000001
504.80000000000001,156.91186999999999
504.89999999999998,156.66683
505,155.726
505.10000000000002,154.53362999999999
505.19999999999999,154.16077000000001
505.30000000000001,153.42449999999999
505.39999999999998,152.44479999999999
505.5,152.29593
505.60000000000002,151.29650000000001
505.69999999999999,150.32257000000001
505.80000000000001,149.5813
505.89999999999998,149.06513000000001
506,148.5607
506.10000000000002,147.13186999999999
506.19999999999999,146.87253000000001
506.30000000000001,146.14386999999999
506.39999999999998,145.3561
506.5,144.88722999999999
506.60000000000002,144.27473000000001
506.69999999999999,143.48509999999999
506.80000000000001,142.40367000000001
506.89999999999998,142.17337000000001
507,141.3116
507.10000000000002,140.32353000000001
507.19999999999999,140.21522999999999
507.30000000000001,139.2062
507.39999999999998,138.30463
507.5,137.58903000000001
507.60000000000002,137.14533
507.69999999999999,136.35457
507.80000000000001,135.85696999999999
507.89999999999998,135.05816999999999
508,134.35186999999999
508.10000000000002,133.55393000000001
508.19999999999999,132.77937
508.30000000000001,132.42083
508.39999999999998,131.47472999999999
508.5,130.57667000000001
508.60000000000002,130.24486999999999
508.69999999999999,129.46442999999999
508.80000000000001,129.19176999999999
508.89999999999998,128.17762999999999
509,127.8976
509.10000000000002,126.9452
509.19999999999999,126.60373
509.30000000000001,125.93380000000001
509.39999999999998,125.19226999999999
509.5,124.81162999999999
509.60000000000002,124.15137
509.69999999999999,123.42407
509.80000000000001,122.73357
509.89999999999998,121.93756999999999
510,121.3073
510.10000000000002,120.89023
510.19999999999999,120.30847
510.30000000000001,119.68286999999999
510.39999999999998,118.96683
510.5,118.33396999999999
510.60000000000002,117.79716999999999
510.69999999999999,117.63547
510.80000000000001,116.7689
510.89999999999998,115.94540000000001
511,115.72713
511.10000000000002,115.01063000000001
511.19999999999999,114.53023
511.30000000000001,113.67203000000001
511.39999999999998,113.60039999999999
511.5,113.0438
511.60000000000002,112.22
511.69999999999999,111.74142999999999
511.80000000000001,110.89727000000001
511.89999999999998,110.81617
512,109.99572999999999
512.10000000000002,109.28493
512.20000000000005,108.9169
512.29999999999995,108.4893
512.39999999999998,107.52117
512.5,107.21026999999999
512.60000000000002,106.33873
512.70000000000005,106.0382
512.79999999999995,105.40617
512.89999999999998,105.00449999999999
513,104.25687000000001
513.10000000000002,103.6558
513.20000000000005,103.57507
513.29999999999995,102.6007
513.39999999999998,102.52887
513.5,101.76027000000001
513.60000000000002,101.44668
513.70000000000005,100.61971
513.79999999999995,100.05762
513.89999999999998,99.891743000000005
514,99.30498
514.10000000000002,98.882949999999994
514.20000000000005,98.035426999999999
514.29999999999995,97.892187000000007
514.39999999999998,97.414940000000001
514.5,97.030456999999998
514.60000000000002,96.393519999999995
514.70000000000005,95.405479999999997
514.79999999999995,94.908226999999997
514.89999999999998,94.376107000000005
515,94.272306999999998
515.10000000000002,93.629589999999993
515.20000000000005,93.057552999999999
515.29999999999995,92.700657000000007
515.39999999999998,92.120473000000004
515.5,91.521429999999995
515.60000000000002,91.292036999999993
515.70000000000005,90.743897000000004
515.79999999999995,90.290373000000002
515.89999999999998,89.982952999999995
516,89.372437000000005
516.10000000000002,89.070099999999996
516.20000000000005,88.544307000000003
516.29999999999995,88.472407000000004
516.39999999999998,87.825383000000002
516.5,87.135323
516.60000000000002,86.802667
516.70000000000005,86.493397000000002
516.79999999999995,85.873289999999997
516.89999999999998,85.548663000000005
517,84.978120000000004
517.10000000000002,84.740686999999994
517.20000000000005,83.954972999999995
517.29999999999995,83.956479999999999
517.39999999999998,83.16677
517.5,82.59272
517.60000000000002,82.301983000000007
517.70000000000005,82.079786999999996
517.79999999999995,81.128320000000002
517.89999999999998,81.101249999999993
518,80.616766999999996
518.10000000000002,80.265316999999996
518.20000000000005,79.908377000000002
518.29999999999995,79.215957000000003
518.39999999999998,78.939907000000005
518.5,78.456620000000001
518.60000000000002,77.985517000000002
518.70000000000005,77.862112999999994
518.79999999999995,77.052323000000001
518.89999999999998,76.884770000000003
519,76.637649999999994
519.10000000000002,75.939909999999998
519.20000000000005,75.315427
519.29999999999995,75.311463000000003
519.39999999999998,74.591719999999995
519.5,74.293156999999994
519.60000000000002,74.198587000000003
519.70000000000005,74.197756999999996
519.79999999999995,73.280452999999994
519.89999999999998,72.998262999999994
520,72.652716999999996
520.10000000000002,72.309539999999998
520.20000000000005,71.564187000000004
520.29999999999995,71.385973000000007
520.39999999999998,70.936717000000002
520.5,70.814577
520.60000000000002,70.505206999999999
520.70000000000005,69.754982999999996
520.79999999999995,69.590829999999997
520.89999999999998,68.948156999999995
521,68.609133
521.10000000000002,68.156482999999994
521.20000000000005,68.001890000000003
521.29999999999995,68.045312999999993
521.39999999999998,67.082162999999994
521.5,66.804592999999997
521.60000000000002,66.510109999999997
521.70000000000005,66.156570000000002
521.79999999999995,65.713717000000003
521.89999999999998,65.728326999999993
522,65.224140000000006
522.10000000000002,64.900492999999997
522.20000000000005,64.485682999999995
522.29999999999995,64.351617000000005
522.39999999999998,63.640189999999997
522.5,63.489420000000003
522.60000000000002,63.079337000000002
522.70000000000005,62.667360000000002
522.79999999999995,62.360967000000002
522.89999999999998,62.018967000000004
523,61.781129999999997
523.10000000000002,61.234332999999999
523.20000000000005,61.246737000000003
523.29999999999995,60.949362999999998
523.39999999999998,60.539617
523.5,60.305523000000001
523.60000000000002,59.737540000000003
523.70000000000005,59.16469
523.79999999999995,58.955376999999999
523.89999999999998,59.108139999999999
524,58.440147000000003
524.10000000000002,58.067932999999996
524.20000000000005,58.048189999999998
524.29999999999995,57.638362999999998
524.39999999999998,57.339927000000003
524.5,57.084257000000001
524.60000000000002,56.532192999999999
524.70000000000005,56.314779999999999
524.79999999999995,55.954000000000001
524.89999999999998,56.001007000000001
525,55.787512999999997
525.10000000000002,54.999192999999998
525.20000000000005,54.961153000000003
525.29999999999995,54.535957000000003
525.39999999999998,54.035530000000001
525.5,54.115737000000003
525.60000000000002,53.932229999999997
525.70000000000005,53.443576999999998
525.79999999999995,53.341529999999999
525.89999999999998,52.902087000000002
526,52.529359999999997
526.10000000000002,52.214236999999997
526.20000000000005,52.115507000000001
526.29999999999995,51.362197000000002
526.39999999999998,51.138306999999998
526.5,51.039319999999996
526.60000000000002,50.664946999999998
526.70000000000005,50.479576999999999
526.79999999999995,50.211210000000001
526.89999999999998,50.187657000000002
527,49.876559999999998
527.10000000000002,49.484313
527.20000000000005,49.419893000000002
527.29999999999995,49.016843000000001
527.39999999999998,48.904960000000003
527.5,48.573610000000002
527.60000000000002,48.450330000000001
527.70000000000005,47.630142999999997
527.79999999999995,47.971812999999997
527.89999999999998,47.677309999999999
528,47.10322
528.10000000000002,47.053913000000001
528.20000000000005,46.593753
528.29999999999995,46.554493000000001
528.39999999999998,46.126277000000002
528.5,45.831829999999997
528.60000000000002,45.257547000000002
528.70000000000005,45.404339999999998
528.79999999999995,44.9664
528.89999999999998,44.731856999999998
529,44.447837
529.10000000000002,44.537129999999998
529.20000000000005,44.481029999999997
529.29999999999995,44.160713000000001
529.39999999999998,43.548633000000002
529.5,43.716349999999998
529.60000000000002,43.349879999999999
529.70000000000005,43.113022999999998
529.79999999999995,42.960296999999997
529.89999999999998,42.623579999999997
530,42.451442999999998
530.10000000000002,42.092292999999998
530.20000000000005,41.999986999999997
530.29999999999995,41.844999999999999
530.39999999999998,41.544066999999998
530.5,41.457417
530.60000000000002,40.944662999999998
530.70000000000005,40.733319999999999
530.79999999999995,40.526777000000003
530.89999999999998,40.113796999999998
531,40.167296999999998
531.10000000000002,39.949157
531.20000000000005,39.634492999999999
531.29999999999995,39.400509999999997
531.39999999999998,39.108919999999998
531.5,38.975887
531.60000000000002,38.757317
531.70000000000005,38.414307000000001
531.79999999999995,38.488866999999999
531.89999999999998,38.064926999999997
532,37.858967
532.10000000000002,37.710157000000002
532.20000000000005,37.163310000000003
532.29999999999995,37.315199999999997
532.39999999999998,37.034927000000003
532.5,36.752372999999999
532.60000000000002,36.763030000000001
532.70000000000005,36.42409
532.79999999999995,36.347453000000002
532.89999999999998,35.689346999999998
533,35.939970000000002
533.10000000000002,35.714227000000001
533.20000000000005,35.511760000000002
533.29999999999995,35.385216999999997
533.39999999999998,34.942447000000001
533.5,34.772390000000001
533.60000000000002,34.423360000000002
533.70000000000005,34.358510000000003
533.79999999999995,34.306902999999998
533.89999999999998,33.808079999999997
534,33.942256999999998
534.10000000000002,33.730922999999997
534.20000000000005,33.623420000000003
534.29999999999995,33.133006999999999
534.39999999999998,33.300020000000004
534.5,32.783549999999998
534.60000000000002,32.924557
534.70000000000005,32.679397000000002
534.79999999999995,32.197367
534.89999999999998,31.726832999999999
535,32.234136999999997
535.10000000000002,31.879256999999999
535.20000000000005,31.541080000000001
535.29999999999995,31.355547000000001
535.39999999999998,31.405183000000001
535.5,30.785226999999999
535.60000000000002,30.985927
535.70000000000005,30.925412999999999
535.79999999999995,30.431567000000001
535.89999999999998,30.638950000000001
536,30.272286999999999
536.10000000000002,29.756843
536.20000000000005,29.514990000000001
536.29999999999995,29.901682999999998
536.39999999999998,29.384962999999999
536.5,29.094477000000001
536.60000000000002,29.33738
536.70000000000005,28.81091
536.79999999999995,28.942229999999999
536.89999999999998,28.756022999999999
537,28.476652999999999
537.10000000000002,28.08399
537.20000000000005,28.176627
537.29999999999995,27.877067
537.39999999999998,28.093283
537.5,27.507743000000001
537.60000000000002,27.63815
537.70000000000005,27.18805
537.79999999999995,27.345099999999999
537.89999999999998,27.067686999999999
538,26.902483
538.10000000000002,26.43572
538.20000000000005,26.62932
538.29999999999995,26.469110000000001
538.39999999999998,26.155422999999999
538.5,25.772449999999999
538.60000000000002,26.563230000000001
538.70000000000005,25.863077000000001
538.79999999999995,25.670413
538.89999999999998,25.635833000000002
539,25.612390000000001
539.10000000000002,25.234332999999999
539.20000000000005,25.127306999999998
539.29999999999995,25.244192999999999
539.39999999999998,24.984660000000002
539.5,24.901323000000001
539.60000000000002,24.70993
539.70000000000005,24.463753000000001
539.79999999999995,24.00357
539.89999999999998,24.021212999999999
540,24.316680000000002
540.10000000000002,23.962192999999999
540.20000000000005,24.055319999999998
540.29999999999995,24.049686999999999
540.39999999999998,23.309987
540.5,23.51576
540.60000000000002,23.309633000000002
540.70000000000005,23.204816999999998
540.79999999999995,23.385432999999999
540.89999999999998,23.179707000000001
541,22.290133000000001
541.10000000000002,22.806273000000001
541.20000000000005,22.471779999999999
541.29999999999995,22.539567000000002
541.39999999999998,22.336812999999999
541.5,22.069372999999999
541.60000000000002,22.197202999999998
541.70000000000005,21.910637000000001
541.79999999999995,22.050463000000001
541.89999999999998,21.318863
542,21.245650000000001
542.10000000000002,21.45534
542.20000000000005,21.513829999999999
542.29999999999995,21.260452999999998
542.39999999999998,20.429313
542.5,20.826017
542.60000000000002,20.730443000000001
542.70000000000005,20.573483
542.79999999999995,20.133662999999999
542.89999999999998,20.324783
543,20.373422999999999
543.10000000000002,20.420729999999999
543.20000000000005,20.020496999999999
543.29999999999995,19.973479999999999
543.39999999999998,19.701070000000001
543.5,19.682262999999999
543.60000000000002,19.563627
543.70000000000005,19.465647000000001
543.79999999999995,19.086003000000002
543.89999999999998,19.064209999999999
544,19.141929999999999
544.10000000000002,19.327349999999999
544.20000000000005,18.73357
544.29999999999995,18.960393
544.39999999999998,18.815187000000002
544.5,18.631112999999999
544.60000000000002,18.382366999999999
544.70000000000005,18.248463000000001
544.79999999999995,18.449753000000001
544.89999999999998,18.066023000000001
545,18.125126999999999
545.10000000000002,18.058796999999998
545.20000000000005,17.722090000000001
545.29999999999995,17.314017
545.39999999999998,17.703900000000001
545.5,17.673500000000001
545.60000000000002,17.361602999999999
545.70000000000005,17.113337000000001
545.79999999999995,17.496030000000001
545.89999999999998,17.075092999999999
546,17.024336999999999
546.10000000000002,16.970603000000001
546.20000000000005,16.839973000000001
546.29999999999995,16.74991
546.39999999999998,16.662503000000001
546.5,16.482417000000002
546.60000000000002,16.336960000000001
546.70000000000005,16.485932999999999
546.79999999999995,16.309802999999999
546.89999999999998,16.505749999999999
547,16.174800000000001
547.10000000000002,16.135973
547.20000000000005,15.781890000000001
547.29999999999995,15.952120000000001
547.39999999999998,15.995203
547.5,15.58337
547.60000000000002,15.187377
547.70000000000005,15.645379999999999
547.79999999999995,15.618827
547.89999999999998,15.203602999999999
548,15.372859999999999
548.10000000000002,15.02453
548.20000000000005,14.815647
548.29999999999995,15.214803
548.39999999999998,14.834353
548.5,14.686377
548.60000000000002,14.657423
548.70000000000005,14.566827
548.79999999999995,14.819129999999999
548.89999999999998,14.238567
549,14.454442999999999
549.10000000000002,14.127452999999999
549.20000000000005,14.256223
549.29999999999995,14.294307
549.39999999999998,14.190287
549.5,13.934670000000001
549.60000000000002,13.884947
549.70000000000005,13.709379999999999
549.79999999999995,13.536903000000001
549.89999999999998,13.14029
550,13.572653000000001
550.10000000000002,13.547917
550.20000000000005,13.279026999999999
550.29999999999995,13.330703
550.39999999999998,13.17821
550.5,13.177637000000001
550.60000000000002,12.91539
550.70000000000005,13.097333000000001
550.79999999999995,12.939147
550.89999999999998,12.815927
551,12.903040000000001
551.10000000000002,12.62546
551.20000000000005,12.512442999999999
551.29999999999995,12.66563
551.39999999999998,12.495312999999999
551.5,12.05875
551.60000000000002,12.261113
551.70000000000005,12.333117
551.79999999999995,11.99198
551.89999999999998,11.932517000000001
552,12.007070000000001
552.10000000000002,12.067019999999999
552.20000000000005,11.734667
552.29999999999995,11.755127
552.39999999999998,11.884613
552.5,11.7356
552.60000000000002,11.623222999999999
552.70000000000005,11.52774
552.79999999999995,11.120056999999999
552.89999999999998,11.32551
553,11.192387
553.10000000000002,10.841976000000001
553.20000000000005,10.937358
553.29999999999995,11.149342000000001
553.39999999999998,10.986098
553.5,10.57587
553.60000000000002,10.865499
553.70000000000005,10.651783999999999
553.79999999999995,10.767882
553.89999999999998,10.855185000000001
554,10.704283
554.10000000000002,10.370304000000001
554.20000000000005,10.318118
554.29999999999995,10.24282
554.39999999999998,10.394707
554.5,10.159279
554.60000000000002,9.9993627000000007
554.70000000000005,10.257929000000001
554.79999999999995,9.8536366999999991
554.89999999999998,9.7643260000000005
555,9.9833633000000006
555.10000000000002,10.201480999999999
555.20000000000005,10.022634999999999
555.29999999999995,9.7705637000000003
555.39999999999998,9.8004937000000005
555.5,9.8741576999999996
555.60000000000002,9.7861042999999999
555.70000000000005,9.8094257000000002
555.79999999999995,9.5591187000000009
555.89999999999998,9.7708887000000004
556,9.4328523000000004
556.10000000000002,9.2803039999999992
556.20000000000005,9.6169946999999993
556.29999999999995,9.4262583000000006
556.39999999999998,9.2935583000000008
556.5,9.3473732999999992
556.60000000000002,9.1724890000000006
556.70000000000005,8.9939006999999993
556.79999999999995,8.9416239999999991
556.89999999999998,8.9035569999999993
557,9.0024259999999998
557.10000000000002,8.7368097000000002
557.20000000000005,9.0702739999999995
557.29999999999995,8.3338696999999993
557.39999999999998,8.5993849999999998
557.5,8.5703762999999995
557.60000000000002,8.1708336999999993
557.70000000000005,8.3537499999999998
557.79999999999995,8.3132300000000008
557.89999999999998,8.4184616999999999
558,8.3268682999999992
558.10000000000002,8.5603789999999993
558.20000000000005,8.0981617000000004
558.29999999999995,8.1125179999999997
558.39999999999998,7.8946092999999999
558.5,8.2977713000000008
558.60000000000002,7.8462927000000002
558.70000000000005,7.7851432999999997
558.79999999999995,8.0178493
558.89999999999998,7.7784129999999996
559,7.7334139999999998
559.10000000000002,7.6306877000000002
559.20000000000005,7.7363682999999996
559.29999999999995,7.3211803
559.39999999999998,7.6759430000000002
559.5,7.5547506999999996
559.60000000000002,7.848732
559.70000000000005,7.581677
559.79999999999995,7.7250727000000001
559.89999999999998,7.4421727000000004
560,7.5080552999999997
560.10000000000002,7.5204940000000002
560.20000000000005,7.086074
560.29999999999995,7.1217680000000003
560.39999999999998,7.5117883000000001
560.5,7.4638952999999999
560.60000000000002,7.2001860000000004
560.70000000000005,7.0778702999999998
560.79999999999995,7.3455336999999998
560.89999999999998,6.8499590000000001
561,6.7221757000000002
561.10000000000002,7.2058312999999998
561.20000000000005,7.124485
561.29999999999995,6.9035773000000002
561.39999999999998,6.7615372999999996
561.5,7.1888379999999996
561.60000000000002,6.6962820000000001
561.70000000000005,6.7252023000000003
561.79999999999995,6.9088130000000003
561.89999999999998,6.4574433000000004
562,6.5474793
562.10000000000002,6.4137786999999999
562.20000000000005,6.6747997000000003
562.29999999999995,6.3724182999999996
562.39999999999998,6.0987762999999999
562.5,6.5782996999999996
562.60000000000002,6.4205576999999998
562.70000000000005,6.4960849999999999
562.79999999999995,6.4372417000000004
562.89999999999998,6.0854730000000004
563,6.1134633000000003
563.10000000000002,6.4659003000000004
563.20000000000005,5.9623390000000001
563.29999999999995,6.0621523000000002
563.39999999999998,6.3623997000000001
563.5,6.1146362999999999
563.60000000000002,5.8935190000000004
563.70000000000005,6.3792353000000004
563.79999999999995,6.1258803000000004
563.89999999999998,6.1392727000000002
564,5.8880020000000002
564.10000000000002,6.2667830000000002
564.20000000000005,5.6640343
564.29999999999995,5.5337870000000002
564.39999999999998,6.0464846999999997
564.5,5.8623596999999998
564.60000000000002,5.8154833000000004
564.70000000000005,5.9253260000000001
564.79999999999995,5.8773707000000002
564.89999999999998,5.6720136999999999
565,5.2451853000000002
565.10000000000002,5.7271289999999997
565.20000000000005,5.5506970000000004
565.29999999999995,5.1825736999999998
565.39999999999998,5.4861959999999996
565.5,5.3769552999999997
565.60000000000002,5.5208373000000002
565.70000000000005,5.4299372999999997
565.79999999999995,5.1654819999999999
565.89999999999998,5.1560589999999999
566,5.4720772999999996
566.10000000000002,5.3108377000000004
566.20000000000005,5.2662930000000001
566.29999999999995,5.4108726999999996
566.39999999999998,5.1936502999999998
566.5,5.226864
566.60000000000002,5.3066066999999997
566.70000000000005,5.3876333000000001
566.79999999999995,5.2586266999999998
566.89999999999998,4.9712360000000002
567,5.1689246999999998
567.10000000000002,5.1016937000000002
567.20000000000005,5.0314433000000003
567.29999999999995,4.9905546999999997
567.39999999999998,5.1510316999999999
567.5,4.8190377
567.60000000000002,4.9469937000000002
567.70000000000005,4.8215006999999996
567.79999999999995,4.6374459999999997
567.89999999999998,4.7379413000000001
568,4.8383370000000001
568.10000000000002,4.8767173000000001
568.20000000000005,4.6880936999999996
568.29999999999995,4.5716587000000004
568.39999999999998,4.6638299999999999
568.5,4.3293010000000001
568.60000000000002,4.6705103000000001
568.70000000000005,4.5618936999999997
568.79999999999995,4.5441190000000002
568.89999999999998,4.2653886999999999
569,4.5331580000000002
569.10000000000002,4.2847739999999996
569.20000000000005,4.2715516999999998
569.29999999999995,4.1680866999999999
569.39999999999998,4.3850933000000003
569.5,4.1704957
569.60000000000002,3.9413762999999999
569.70000000000005,3.9963929999999999
569.79999999999995,3.9254593
569.89999999999998,4.007034
570,3.7518246999999998
570.10000000000002,4.0908889999999998
570.20000000000005,3.8257690000000002
570.29999999999995,4.0667473000000003
570.39999999999998,3.8602557000000002
570.5,4.0701859999999996
570.60000000000002,3.8988580000000002
570.70000000000005,4.1113356999999997
570.79999999999995,3.9187983000000002
570.89999999999998,3.837939
571,3.8260260000000001
571.10000000000002,3.8254177
571.20000000000005,3.6476673000000002
571.29999999999995,3.3876472999999998
571.39999999999998,3.6671632999999999
571.5,3.7911986999999998
571.60000000000002,3.7899310000000002
571.70000000000005,3.8883860000000001
571.79999999999995,3.3944717
571.89999999999998,3.4113419999999999
572,3.6425847
572.10000000000002,3.5396930000000002
572.20000000000005,3.4890042999999999
572.29999999999995,3.3820817000000001
572.39999999999998,3.2913640000000002
572.5,3.3228396999999998
572.60000000000002,3.377891
572.70000000000005,3.4880677000000002
572.79999999999995,3.2307009999999998
572.89999999999998,3.2868783000000001
573,3.6618849999999998
573.10000000000002,3.3278110000000001
573.20000000000005,3.3510192999999999
573.29999999999995,3.5825592999999998
573.39999999999998,3.3543126999999999
573.5,3.1252447000000001
573.60000000000002,3.4107989999999999
573.70000000000005,3.3308677000000002
573.79999999999995,3.1583869999999998
573.89999999999998,3.3448877000000001
574,3.2526676999999999
574.10000000000002,3.1333552999999998
574.20000000000005,3.0037536999999999
574.29999999999995,3.2841372999999998
574.39999999999998,3.2236362999999999
574.5,3.1872316999999999
574.60000000000002,3.2097403
574.70000000000005,2.9799769999999999
574.79999999999995,2.7071212999999998
574.89999999999998,3.0564952999999999
575,3.4769423000000002
575.10000000000002,2.8181970000000001
575.20000000000005,2.5380669999999999
575.29999999999995,2.6900997000000002
575.39999999999998,2.7673586999999999
575.5,3.0090210000000002
575.60000000000002,2.8769326999999998
575.70000000000005,3.0219960000000001
575.79999999999995,2.7923079999999998
575.89999999999998,2.7897720000000001
576,2.7731979999999998
576.10000000000002,2.5248263
576.20000000000005,2.9151742999999999
576.29999999999995,2.6313257000000001
576.39999999999998,2.6250143000000001
576.5,2.6049947000000002
576.60000000000002,2.6873947
576.70000000000005,2.8022787
576.79999999999995,2.6537250000000001
576.89999999999998,2.8438162999999999
577,2.9546583000000002
577.10000000000002,2.5450596999999999
577.20000000000005,2.7861077000000001
577.29999999999995,2.9405986999999998
577.39999999999998,2.4253447000000001
577.5,2.7857823000000002
577.60000000000002,2.8490833000000002
577.70000000000005,2.616876
577.79999999999995,2.7977829999999999
577.89999999999998,2.7375579999999999
578,2.5530270000000002
578.10000000000002,2.5193873
578.20000000000005,2.6312959999999999
578.29999999999995,2.5525943
578.39999999999998,1.9876606999999999
578.5,2.0931023
578.60000000000002,2.1063527999999998
578.70000000000005,1.8628712999999999
578.79999999999995,2.1022451000000002
578.89999999999998,1.8397943000000001
579,2.0839197999999999
579.10000000000002,2.0622102
579.20000000000005,2.0568292000000001
579.29999999999995,2.1668154999999998
579.39999999999998,2.1652680000000002
579.5,2.0952595999999999
579.60000000000002,2.3578459999999999
579.70000000000005,1.9374762999999999
579.79999999999995,1.7134574
579.89999999999998,1.8941767
580,1.7735822999999999
580.10000000000002,1.7342567
580.20000000000005,2.0419404000000001
580.29999999999995,1.8883236999999999
580.39999999999998,1.8363172999999999
580.5,1.6479627999999999
580.60000000000002,2.0158596000000002
580.70000000000005,1.7167631000000001
580.79999999999995,1.5288584000000001
580.89999999999998,1.9886469
581,1.8713381
581.10000000000002,1.7588314
581.20000000000005,1.8464275999999999
581.29999999999995,1.5660202999999999
581.39999999999998,1.7449395999999999
581.5,1.9231871
581.60000000000002,1.8701947999999999
581.70000000000005,1.7386569000000001
581.79999999999995,1.4482035
581.89999999999998,1.7051518999999999
582,1.7953353999999999
582.10000000000002,1.8212265999999999
582.20000000000005,1.3980014000000001
582.29999999999995,1.6684994
582.39999999999998,1.6607677000000001
582.5,1.7542937999999999
582.60000000000002,1.4724858999999999
582.70000000000005,1.3276078
582.79999999999995,1.6093221
582.89999999999998,1.6748628000000001
583,1.6508993000000001
583.10000000000002,1.383054
583.20000000000005,1.3247724000000001
583.29999999999995,1.3237706
583.39999999999998,1.7753506999999999
583.5,1.7194224
583.60000000000002,1.7802317000000001
583.70000000000005,1.7239123000000001
583.79999999999995,1.6801519
583.89999999999998,1.6881907
584,1.650779
584.10000000000002,1.6007043000000001
584.20000000000005,1.5606403
584.29999999999995,1.775231
584.39999999999998,1.690598
584.5,1.3582015000000001
584.60000000000002,1.4279424000000001
584.70000000000005,1.5726268000000001
584.79999999999995,1.4419312
584.89999999999998,1.4760237
585,1.3081528
585.10000000000002,1.3293775000000001
585.20000000000005,1.5117604
585.29999999999995,1.3443552999999999
585.39999999999998,1.2920764
585.5,1.0855414000000001
585.60000000000002,1.2679608
585.70000000000005,1.2041624
585.79999999999995,1.3104191999999999
585.89999999999998,1.4495256999999999
586,0.93295505000000001
586.10000000000002,1.5719183000000001
586.20000000000005,1.0801217999999999
586.29999999999995,1.3276520000000001
586.39999999999998,1.4654817
586.5,0.88097422000000003
586.60000000000002,1.2840613999999999
586.70000000000005,1.0612883
586.79999999999995,1.1279402999999999
586.89999999999998,0.94734991999999996
587,0.89489169999999996
587.10000000000002,0.92880050000000003
587.20000000000005,1.1630026
587.29999999999995,1.1260270999999999
587.39999999999998,1.3780322
587.5,1.1461988000000001
587.60000000000002,1.2453232000000001
587.70000000000005,1.1364261
587.79999999999995,1.1812335
587.89999999999998,1.0219339999999999
588,0.97744109999999995
588.10000000000002,0.98123150000000003
588.20000000000005,0.90964739999999999
588.29999999999995,0.89853112999999996
588.39999999999998,0.8881578
588.5,0.80829057999999998
588.60000000000002,1.0239590000000001
588.70000000000005,0.95071285000000005
588.79999999999995,0.50805047000000003
588.89999999999998,0.5695154
589,1.0302349
589.10000000000002,0.64431042999999999
589.20000000000005,0.78512459999999995
589.29999999999995,0.49417987000000002
589.39999999999998,0.81078852999999995
589.5,0.85629029999999995
589.60000000000002,0.87950423
589.70000000000005,0.74073177000000001
589.79999999999995,0.78375059999999996
589.89999999999998,0.77228938000000003
590,0.89085913000000005
590.10000000000002,0.98145590000000005
590.20000000000005,0.99428777000000002
590.29999999999995,0.81043027999999995
590.39999999999998,0.73842253000000002
590.5,0.82324003999999995
590.60000000000002,0.59179862999999999
590.70000000000005,0.69995832999999996
590.79999999999995,0.76841859999999995
590.89999999999998,0.7181149
591,0.91171458000000005
591.10000000000002,0.71804036000000004
591.20000000000005,0.75335858
591.29999999999995,0.95470962999999998
591.39999999999998,1.1467581
591.5,0.99900489999999997
591.60000000000002,0.69563070999999999
591.70000000000005,0.85913317
591.79999999999995,0.63759641
591.89999999999998,1.2760408999999999
592,0.60123563000000002
592.10000000000002,0.93404646000000002
592.20000000000005,1.0128739
592.29999999999995,0.64116980999999995
592.39999999999998,0.95383236999999998
592.5,0.64310787000000003
592.60000000000002,0.65332383000000005
592.70000000000005,0.77221359999999994
592.79999999999995,0.73626082999999998
592.89999999999998,0.6091934
593,0.37235031000000002
593.10000000000002,0.47694092999999999
593.20000000000005,0.61222080000000001
593.29999999999995,0.35234429
593.39999999999998,0.58037640000000001
593.5,0.33957662999999999
593.60000000000002,0.51203200000000004
593.70000000000005,0.50776431
593.79999999999995,0.69621831999999995
593.89999999999998,0.61121689000000001
594,0.46279505999999998
594.10000000000002,0.61756467999999998
594.20000000000005,0.33579546999999998
594.29999999999995,0.28091052999999999
594.39999999999998,0.14620153
594.5,0.20918907
594.60000000000002,0.25369553
594.70000000000005,0.22230728
594.79999999999995,-0.025241699999999999
594.89999999999998,0.042275500000000001
595,0.33454899999999999
595.10000000000002,0.29600383000000002
595.20000000000005,0.39087729999999998
595.29999999999995,0.65697943000000003
595.39999999999998,0.54418544000000002
595.5,0.29677977
595.60000000000002,0.74829992999999995
595.70000000000005,0.48570817999999999
595.79999999999995,0.60227600999999997
595.89999999999998,0.37880930000000002
596,0.73789906999999999
596.10000000000002,0.76095120000000005
596.20000000000005,0.68201487000000005
596.29999999999995,0.56370516999999998
596.39999999999998,0.73837843000000003
596.5,0.84773213000000003
596.60000000000002,0.65167127000000002
596.70000000000005,0.36076036
596.79999999999995,0.56076409999999999
596.89999999999998,0.57342546999999999
597,0.65266022000000001
597.10000000000002,0.40680782999999998
597.20000000000005,0.61637611000000003
597.29999999999995,0.79264509999999999
597.39999999999998,0.56783707000000005
597.5,0.57825923000000001
597.60000000000002,0.40940949999999998
597.70000000000005,0.52540365
597.79999999999995,0.46194457
597.89999999999998,0.62184713999999996
598,0.47025927000000001
598.10000000000002,0.50287970000000004
598.20000000000005,0.42355589999999999
598.29999999999995,0.67330263000000001
598.39999999999998,0.76717869999999999
598.5,0.44923337000000002
598.60000000000002,0.72551412999999998
598.70000000000005,0.52887392
598.79999999999995,0.47146444999999998
598.89999999999998,0.67969672999999997
599,0.57482738
599.10000000000002,0.37667043
599.20000000000005,0.57077787000000002
599.29999999999995,0.54026063000000002
599.39999999999998,0.66375331000000004
599.5,0.63763283000000004
599.60000000000002,0.58985147000000004
599.70000000000005,0.64551758000000004
599.79999999999995,0.62950532000000003
599.89999999999998,0.76974496999999997
600,0.62004172999999996
