Wavelength_nm,value
250,2377.2633999999998
250.09998999999999,2376.1628000000001
250.19999999999999,2373.0592000000001
250.29999000000001,2371.5828000000001
250.39999,2371.5061000000001
250.5,2369.2999
250.59998999999999,2366.7384000000002
250.69999999999999,2367.7667000000001
250.79999000000001,2367.2310000000002
250.89999,2364.7420000000002
251,2363.8694
251.09998999999999,2365.0142000000001
251.19999999999999,2363.9854999999998
251.29999000000001,2365.8285000000001
251.39999,2368.5718000000002
251.5,2367.6990999999998
251.59998999999999,2366.3108999999999
251.69999999999999,2369.0909999999999
251.79999000000001,2369.7993000000001
251.89999,2371.2865999999999
252,2373.7885000000001
252.09998999999999,2375.8498
252.19999999999999,2376.3586
252.29999000000001,2378.4434999999999
252.39999,2379.7993000000001
252.5,2382.6457
252.59998999999999,2384.518
252.69999999999999,2387.4083000000001
252.79999000000001,2390.7067000000002
252.89999,2390.3874000000001
253,2396.1442000000002
253.09998999999999,2399.4234000000001
253.19999999999999,2402.3312000000001
253.29999000000001,2406.5261999999998
253.39999,2411.4794000000002
253.5,2412.5882000000001
253.59998999999999,2415.7768999999998
253.69999999999999,2420.9585000000002
253.79999000000001,2425.9821999999999
253.89999,2430.1554999999998
254,2435.0587999999998
254.09998999999999,2439.6322
254.19999999999999,2442.1947
254.29999000000001,2446.9508000000001
254.39999,2453.7518
254.5,2458.6633000000002
254.59998999999999,2463.4465
254.69999999999999,2469.8622
254.79999000000001,2476.0101
254.89999,2479.3298
255,2484.9893999999999
255.09998999999999,2492.7453999999998
255.19999999999999,2497.0061000000001
255.29999000000001,2504.8706000000002
255.39999,2512.2593999999999
255.5,2518.5524999999998
255.59998999999999,2524.2096999999999
255.69999999999999,2531.4058
255.79999000000001,2536.7525000000001
255.89999,2543.3721999999998
256,2552.7784999999999
256.10001,2559.7561999999998
256.19997999999998,2565.0273000000002
256.29998999999998,2573.9063999999998
256.39999,2582.7276000000002
256.5,2589.8798000000002
256.60001,2597.0587999999998
256.69997999999998,2605.0297
256.79998999999998,2615.5700999999999
256.89999,2622.4175
257,2629.9893000000002
257.10001,2639.5196999999998
257.19997999999998,2645.8069999999998
257.29998999999998,2656.6003000000001
257.39999,2664.8339000000001
257.5,2674.0954000000002
257.60001,2682.4195
257.69997999999998,2692.143
257.79998999999998,2700.5102000000002
257.89999,2710.2073999999998
258,2720.1309000000001
258.10001,2732.0149999999999
258.19997999999998,2740.2188999999998
258.29998999999998,2749.7898
258.39999,2759.5324999999998
258.5,2769.9976000000001
258.60001,2780.1974
258.69997999999998,2790.6898000000001
258.79998999999998,2802.5378999999998
258.89999,2810.5025999999998
259,2822.2161000000001
259.10001,2833.8132000000001
259.19997999999998,2846.0129999999999
259.29998999999998,2856.9967000000001
259.39999,2869.7444
259.5,2880.6352999999999
259.60001,2892.2754
259.69997999999998,2904.0646000000002
259.79998999999998,2913.6622000000002
259.89999,2925.7424999999998
260,2938.9038999999998
260.10001,2952.7150999999999
260.19997999999998,2964.6743999999999
260.29998999999998,2976.0909000000001
260.39999,2990.7865999999999
260.5,3002.4776999999999
260.60001,3015.3753999999999
260.69997999999998,3030.377
260.79998999999998,3043.8874999999998
260.89999,3055.6446999999998
261,3070.0108
261.10001,3084.7628
261.19997999999998,3097.3847999999998
261.29998999999998,3109.8560000000002
261.39999,3126.6473000000001
261.5,3140.366
261.60001,3151.9299999999998
261.69997999999998,3165.8926999999999
261.79998999999998,3182.3301999999999
261.89999,3196.5506
262,3210.8467999999998
262.10001,3226.9005999999999
262.19997999999998,3240.3604
262.29998999999998,3256.4177
262.39999,3273.2851999999998
262.5,3287.6514999999999
262.60001,3299.6756999999998
262.69997999999998,3317.9164999999998
262.79998999999998,3333.4180999999999
262.89999,3348.3287999999998
263,3363.0916000000002
263.10001,3383.2428
263.19997999999998,3396.4434999999999
263.29998999999998,3415.5119
263.39999,3433.3815
263.5,3448.8679999999999
263.60001,3464.9223000000002
263.69997999999998,3482.5236
263.79998999999998,3498.7676999999999
263.89999,3513.2728000000002
264,3533.0306999999998
264.10001,3551.9992000000002
264.19997999999998,3568.0556000000001
264.29998999999998,3585.5947000000001
264.39999,3606.9756000000002
264.5,3623.8507
264.60001,3642.502
264.69997999999998,3661.0608999999999
264.79998999999998,3680.3415
264.89999,3696.2426999999998
265,3715.8132999999998
265.10001,3736.2930000000001
265.19997999999998,3750.7377999999999
265.29998999999998,3772.2883000000002
265.39999,3792.7838999999999
265.5,3812.2321000000002
265.60001,3828.549
265.69997999999998,3851.5333000000001
265.79998999999998,3869.6887000000002
265.89999,3888.9684000000002
266,3909.5680000000002
266.10001,3928.9031
266.19997999999998,3946.9838
266.29998999999998,3968.8478
266.39999,3989.0947000000001
266.5,4007.0787
266.60001,4029.2058999999999
266.69997999999998,4052.3364000000001
266.79998999999998,4073.1712000000002
266.89999,4091.5014000000001
267,4118.3104000000003
267.10001,4137.7061000000003
267.19997999999998,4159.5393999999997
267.29998999999998,4185.2462999999998
267.39999,4207.7038000000002
267.5,4227.2073
267.60001,4251.5983999999999
267.69997999999998,4274.4237000000003
267.79998999999998,4292.5258000000003
267.89999,4315.1197000000002
268,4339.6201000000001
268.10001,4363.2374
268.19997999999998,4382.6590999999999
268.29998999999998,4408.4114
268.39999,4433.4498000000003
268.5,4456.1390000000001
268.60001,4480.0362999999998
268.69997999999998,4506.5033999999996
268.79998999999998,4526.1374999999998
268.89999,4553.5774000000001
269,4579.3355000000001
269.10001,4600.5940000000001
269.19997999999998,4622.8474999999999
269.29998999999998,4650.1679000000004
269.39999,4674.8602000000001
269.5,4696.2025000000003
269.60001,4723.3258999999998
269.69997999999998,4750.2658000000001
269.79998999999998,4775.2070000000003
269.89999,4800.2745999999997
270,4827.4960000000001
270.10001,4849.3100999999997
270.19997999999998,4876.8121000000001
270.29998999999998,4902.4005999999999
270.39999,4929.0136000000002
270.5,4953.1851999999999
270.60001,4979.8226999999997
270.69997999999998,5008.5132000000003
270.79998999999998,5030.8307999999997
270.89999,5059.7737999999999
271,5085.6975000000002
271.10001,5114.2133000000003
271.19997999999998,5141.4277000000002
271.29998999999998,5170.4175999999998
271.39999,5199.1313
271.5,5225.7983999999997
271.60001,5254.8441999999995
271.69997999999998,5281.0249999999996
271.79998999999998,5308.6602000000003
271.89999,5336.8157000000001
272,5367.2654000000002
272.10001,5394.1364000000003
272.19997999999998,5423.9054999999998
272.29998999999998,5449.9709000000003
272.39999,5482.3163999999997
272.5,5509.9516000000003
272.60001,5540.5006000000003
272.69997999999998,5570.2447000000002
272.79998999999998,5601.5676000000003
272.89999,5629.4408000000003
273,5658.7461000000003
273.10001,5688.3978999999999
273.19997999999998,5718.6342999999997
273.29998999999998,5751.0468000000001
273.39999,5778.6809999999996
273.5,5811.1656000000003
273.60001,5839.7533999999996
273.69997999999998,5871.7241999999997
273.79998999999998,5903.3348999999998
273.89999,5936.0279
274,5965.6632
274.10001,5999.4834000000001
274.19997999999998,6029.5995999999996
274.29998999999998,6061.6118999999999
274.39999,6092.8221999999996
274.5,6126.0537999999997
274.60001,6156.7942000000003
274.69997999999998,6187.2808000000005
274.79998999999998,6223.0533999999998
274.89999,6253.6614
275,6290.5338000000002
275.10001,6322.2690000000002
275.19997999999998,6355.3909999999996
275.29998999999998,6387.5478999999996
275.39999,6424.7433000000001
275.5,6456.6540999999997
275.60001,6488.8705
275.69997999999998,6523.8440000000001
275.79998999999998,6556.7156999999997
275.89999,6590.5169999999998
276,6624.7505000000001
276.10001,6660.0852999999997
276.19997999999998,6690.2911000000004
276.29998999999998,6728.0051000000003
276.39999,6763.4296000000004
276.5,6797.9040000000005
276.60001,6830.3861999999999
276.69997999999998,6872.2164000000002
276.79998999999998,6904.9957999999997
276.89999,6938.6767
277,6975.6364999999996
277.10001,7013.1670000000004
277.19997999999998,7049.5430999999999
277.29998999999998,7082.5221000000001
277.39999,7120.8509999999997
277.5,7152.3833999999997
277.60001,7190.4773999999998
277.69997999999998,7228.1709000000001
277.79998999999998,7265.6696000000002
277.89999,7301.8540999999996
278,7341.2455
278.10001,7377.2326000000003
278.19997999999998,7413.6791000000003
278.29998999999998,7454.1251000000002
278.39999,7489.1010999999999
278.5,7528.6498000000001
278.60001,7564.5758999999998
278.69997999999998,7601.7532000000001
278.79998999999998,7639.1758
278.89999,7678.2846
279,7716.7583999999997
279.10001,7757.6161000000002
279.19997999999998,7793.1382999999996
279.29998999999998,7838.3440000000001
279.39999,7877.2927
279.5,7913.8892999999998
279.60001,7953.2943999999998
279.69997999999998,7992.1247999999996
279.79998999999998,8031.8503000000001
279.89999,8070.8629000000001
280,8112.4260999999997
280.10001,8148.509
280.19997999999998,8188.4129999999996
280.29998999999998,8227.8588
280.39999,8273.3619999999992
280.5,8310.9217000000008
280.60001,8356.0871000000006
280.69997999999998,8395.1790000000001
280.79998999999998,8436.0157999999992
280.89999,8474.0040000000008
281,8517.0436000000009
281.10001,8556.5717000000004
281.19997999999998,8595.2476000000006
281.29998999999998,8640.8091999999997
281.39999,8680.9074999999993
281.5,8721.4408000000003
281.60001,8762.8161999999993
281.69997999999998,8809.6311999999998
281.79998999999998,8845.8444
281.89999,8892.1975000000002
282,8935.2150000000001
282.10001,8976.9128000000001
282.19997999999998,9017.1942999999992
282.29998999999998,9060.7068999999992
282.39999,9102.9465999999993
282.5,9142.4084999999995
282.60001,9189.6363999999994
282.69997999999998,9232.1957999999995
282.79998999999998,9273.4650999999994
282.89999,9316.3456999999999
283,9363.9159999999993
283.10001,9406.5560999999998
283.19997999999998,9453.9560000000001
283.29998999999998,9498.1851999999999
283.39999,9541.7523000000001
283.5,9585.1432000000004
283.60001,9631.5730000000003
283.69997999999998,9672.9676999999992
283.79998999999998,9717.2672000000002
283.89999,9760.0403999999999
284,9807.6443999999992
284.10001,9853.0537000000004
284.19997999999998,9895.2880999999998
284.29998999999998,9944.3155999999999
284.39999,9987.7019999999993
284.5,10036.762000000001
284.60001,10081.824000000001
284.69997999999998,10130.298000000001
284.79998999999998,10172.380999999999
284.89999,10220.311
285,10264.412
285.10001,10308.852999999999
285.19997999999998,10354.885
285.29998999999998,10400.949000000001
285.39999,10450.290999999999
285.5,10492.165999999999
285.60001,10543.705
285.69997999999998,10590.011
285.79998999999998,10638.014999999999
285.89999,10682.352999999999
286,10731.956
286.10001,10781.022000000001
286.19997999999998,10826.624
286.29998999999998,10875.007
286.39999,10918.956
286.5,10967.825000000001
286.60001,11014.258
286.69997999999998,11065.175999999999
286.79998999999998,11108.431
286.89999,11160.625
287,11206.787
287.10001,11259.146000000001
287.19997999999998,11306.040000000001
287.29998999999998,11359.288
287.39999,11404.465
287.5,11451.499
287.60001,11500.870000000001
287.69997999999998,11549.142
287.79998999999998,11599.594999999999
287.89999,11644.564
288,11697.254999999999
288.10001,11741.971
288.19997999999998,11795.083000000001
288.29998999999998,11843.769
288.39999,11895.48
288.5,11944.083000000001
288.60001,11996.002
288.69997999999998,12044.912
288.79998999999998,12093.157999999999
288.89999,12138.584999999999
289,12186.781999999999
289.10001,12239.151
289.19997999999998,12284.977999999999
289.29998999999998,12337.531999999999
289.39999,12383.309999999999
289.5,12432.982
289.60001,12484.871999999999
289.69997999999998,12535.471
289.79998999999998,12583.129999999999
289.89999,12633.277
290,12683.174000000001
290.10001,12733.668
290.19997999999998,12780.977000000001
290.29998999999998,12829.736000000001
290.39999,12880.77
290.5,12926.689
290.60001,12981.739
290.69997999999998,13030.154
290.79998999999998,13080.232
290.89999,13128.048000000001
291,13179.553
291.10001,13228.179
291.19997999999998,13280.799999999999
291.29998999999998,13332.371999999999
291.39999,13385.937
291.5,13433.067999999999
291.60001,13474.831
291.69997999999998,13527.797
291.79998999999998,13578.597
291.89999,13626.960999999999
292,13678.393
292.10001,13728.334000000001
292.19997999999998,13777.177
292.29998999999998,13826.838
292.39999,13880.198
292.5,13925.633
292.60001,13976.449000000001
292.69997999999998,14029.859
292.79998999999998,14076.85
292.89999,14124.319
293,14177.175999999999
293.10001,14225.923000000001
293.19997999999998,14276.643
293.29998999999998,14323.278
293.39999,14375.591
293.5,14424.374
293.60001,14476.928
293.69997999999998,14524.406000000001
293.79998999999998,14577.805
293.89999,14626.445
294,14679.522000000001
294.10001,14726.116
294.19997999999998,14777.608
294.29998999999998,14826.337
294.39999,14881.382
294.5,14928.996999999999
294.60001,14977.365
294.69997999999998,15033.883
294.79998999999998,15079.184999999999
294.89999,15131.101000000001
295,15183.557000000001
295.10001,15232.924999999999
295.19997999999998,15281.948
295.29998999999998,15340.656999999999
295.39999,15383.969999999999
295.5,15434.739
295.60001,15486.59
295.69997999999998,15537.41
295.79998999999998,15591.620999999999
295.89999,15637.073
296,15689.084000000001
296.10001,15734.539000000001
296.19997999999998,15790.759
296.29998999999998,15841.519
296.39999,15893.33
296.5,15944.236000000001
296.60001,16001.496999999999
296.69997999999998,16046.950999999999
296.79998999999998,16091.725
296.89999,16145.790000000001
297,16199.629000000001
297.10001,16253.561
297.19997999999998,16294.110000000001
297.29998999999998,16350.267
297.39999,16404.843000000001
297.5,16452.667000000001
297.60001,16502.671999999999
297.69997999999998,16556.161
297.79998999999998,16602.812999999998
297.89999,16662.169000000002
298,16709.733
298.10001,16762.123
298.19997999999998,16809.919000000002
298.29998999999998,16864.938999999998
298.39999,16916.357
298.5,16963.68
298.60001,17013.594000000001
298.69997999999998,17063.742999999999
298.79998999999998,17113.326000000001
298.89999,17165.745999999999
299,17215.562999999998
299.10001,17268.745999999999
299.19997999999998,17326.592000000001
299.29998999999998,17376.499
299.39999,17417.880000000001
299.5,17464.262999999999
299.60001,17520.446
299.69997999999998,17568.239000000001
299.79998999999998,17616.135999999999
299.89999,17667.548999999999
300,17717.314999999999
300.10001,17765.151999999998
300.19997999999998,17815.827000000001
300.29998999999998,17874.535
300.39999,17916.521000000001
300.5,17965.512999999999
300.60001,18010.220000000001
300.69997999999998,18066.381000000001
300.79998999999998,18109.669999999998
300.89999,18158.369999999999
301,18201.406999999999
301.10001,18249.32
301.19997999999998,18298.986000000001
301.29998999999998,18342.053
301.39999,18393.440999999999
301.5,18437.914000000001
301.60001,18488.251
301.69997999999998,18535.227999999999
301.79998999999998,18581.223999999998
301.89999,18626.295999999998
302,18674.650000000001
302.10001,18715.845000000001
302.19997999999998,18762.166000000001
302.29998999999998,18809.016
302.39999,18850.637999999999
302.5,18895.427
302.60001,18938.105
302.69997999999998,18981.646000000001
302.79998999999998,19021.883000000002
302.89999,19064.516
303,19111.592000000001
303.10001,19153.911
303.19997999999998,19200.494999999999
303.29998999999998,19251.879000000001
303.39999,19276.955999999998
303.5,19317.118999999999
303.60001,19361.102999999999
303.69997999999998,19407.416000000001
303.79998999999998,19442.949000000001
303.89999,19480.626
304,19526.388999999999
304.10001,19560.678
304.19997999999998,19601.056
304.29998999999998,19644.108
304.39999,19685.91
304.5,19718.788
304.60001,19766.787
304.69997999999998,19798.490000000002
304.79998999999998,19827.596000000001
304.89999,19868.620999999999
305,19910.169000000002
305.10001,19941.767
305.19997999999998,19988.333999999999
305.29998999999998,20016.406999999999
305.39999,20059.024000000001
305.5,20098.845000000001
305.60001,20125.114000000001
305.69997999999998,20165.097000000002
305.79998999999998,20198.038
305.89999,20241.054
306,20273.425999999999
306.10001,20307.345000000001
306.19997999999998,20332.947
306.29998999999998,20365.023000000001
306.39999,20410.236000000001
306.5,20439.764999999999
306.60001,20478.026000000002
306.69997999999998,20501.742999999999
306.79998999999998,20541.811000000002
306.89999,20570.93
307,20601.880000000001
307.10001,20643.562999999998
307.19997999999998,20672.606
307.29998999999998,20706.753000000001
307.39999,20741.752
307.5,20770.835999999999
307.60001,20806.187000000002
307.69997999999998,20835.056
307.79998999999998,20862.683000000001
307.89999,20896.839
308,20927.228999999999
308.10001,20958.826000000001
308.19997999999998,20989.699000000001
308.29998999999998,21024.595000000001
308.39999,21058.009999999998
308.5,21088.146000000001
308.60001,21121.107
308.69997999999998,21155.009999999998
308.79998999999998,21185.228999999999
308.89999,21211.280999999999
309,21246.855
309.10001,21280.371999999999
309.19997999999998,21306.901999999998
309.29998999999998,21337.049999999999
309.39999,21369.363000000001
309.5,21403.656999999999
309.60001,21436.117999999999
309.69997999999998,21464.102999999999
309.79998999999998,21486.846000000001
309.89999,21519.966
310,21562.651999999998
310.10001,21589.938999999998
310.19997999999998,21609.831999999999
310.29998999999998,21647.285
310.39999,21667.192999999999
310.5,21701.43
310.60001,21736.043000000001
310.69997999999998,21767.920999999998
310.79998999999998,21784.400000000001
310.89999,21820.613000000001
311,21856.611000000001
311.10001,21888.191999999999
311.19997999999998,21917.271000000001
311.29998999999998,21951.282999999999
311.39999,21978.636999999999
311.5,22002.025000000001
311.60001,22035.080999999998
311.69997999999998,22056.254000000001
311.79998999999998,22083.862000000001
311.89999,22118.932000000001
312,22143.349999999999
312.10001,22172.468000000001
312.19997999999998,22202.564999999999
312.29998999999998,22234.938999999998
312.39999,22251.349999999999
312.5,22272.766
312.60001,22305.210999999999
312.69997999999998,22333.629000000001
312.79998999999998,22360.888999999999
312.89999,22385.351999999999
313,22403.687999999998
313.10001,22426.031999999999
313.19997999999998,22460.645
313.29998999999998,22484.323
313.39999,22500.044999999998
313.5,22514.950000000001
313.60001,22544.290000000001
313.69997999999998,22575.985000000001
313.79998999999998,22589.146000000001
313.89999,22615.503000000001
314,22629.632000000001
314.10001,22645.473000000002
314.19997999999998,22674.353999999999
314.29998999999998,22693.093000000001
314.39999,22706.98
314.5,22718.156999999999
314.60001,22749.313999999998
314.69997999999998,22763.93
314.79998999999998,22776.977999999999
314.89999,22796.519
315,22808.587
315.10001,22809.702000000001
315.19997999999998,22842.726999999999
315.29998999999998,22856.673999999999
315.39999,22855.529999999999
315.5,22865.240000000002
315.60001,22873.242999999999
315.69997999999998,22889.724999999999
315.79998999999998,22894.612000000001
315.89999,22915.471000000001
316,22912.780999999999
316.10001,22917.523000000001
316.19997999999998,22934.888999999999
316.29998999999998,22934.541000000001
316.39999,22930.507000000001
316.5,22930.947
316.60001,22936.509999999998
316.69997999999998,22936.529999999999
316.79998999999998,22932.656999999999
316.89999,22947.830999999998
317,22946.155999999999
317.10001,22936.006000000001
317.19997999999998,22925.279999999999
317.29998999999998,22935.330999999998
317.39999,22929.508000000002
317.5,22923.844000000001
317.60001,22916.117999999999
317.69997999999998,22896.215
317.79998999999998,22901.094000000001
317.89999,22899.796999999999
318,22884.601999999999
318.10001,22870.414000000001
318.19997999999998,22870.108
318.29998999999998,22856.366999999998
318.39999,22849.327000000001
318.5,22833.421999999999
318.60001,22812.920999999998
318.69997999999998,22802.077000000001
318.79998999999998,22782.384999999998
318.89999,22767.619999999999
319,22762.080000000002
319.10001,22736.887999999999
319.19997999999998,22715.592000000001
319.29998999999998,22703.633999999998
319.39999,22680.945
319.5,22671.690999999999
319.60001,22659.931
319.69997999999998,22629.721000000001
319.79998999999998,22604.842000000001
319.89999,22584.001
320,22573.501
320.10001,22538.543000000001
320.19997999999998,22518.652999999998
320.29998999999998,22498.049999999999
320.39999,22465.089
320.5,22449.949000000001
320.60001,22427.012999999999
320.69997999999998,22401.246999999999
320.79998999999998,22383.880000000001
320.89999,22357.737000000001
321,22320.812999999998
321.10001,22306.215
321.19997999999998,22286.639999999999
321.29998999999998,22247.684000000001
321.39999,22224.43
321.5,22203.553
321.60001,22182.536
321.69997999999998,22150.165000000001
321.79998999999998,22119.655999999999
321.89999,22098.093000000001
322,22066.346000000001
322.10001,22049.064999999999
322.19997999999998,22030.552
322.29998999999998,21993.275000000001
322.39999,21974.316999999999
322.5,21950.166000000001
322.60001,21925.273000000001
322.69997999999998,21896.539000000001
322.79998999999998,21869.813999999998
322.89999,21848.120999999999
323,21821.492999999999
323.10001,21795.562999999998
323.19997999999998,21781.469000000001
323.29998999999998,21744.510999999999
323.39999,21728.686000000002
323.5,21706.616999999998
323.60001,21687.178
323.69997999999998,21658.781999999999
323.79998999999998,21638.143
323.89999,21609.992999999999
324,21598.194
324.10001,21565.436000000002
324.19997999999998,21559.053
324.29998999999998,21523.856
324.39999,21504.409
324.5,21475.981
324.60001,21453.969000000001
324.69997999999998,21444.611000000001
324.79998999999998,21423.641
324.89999,21406.5
325,21378.347000000002
325.10001,21352.167000000001
325.19997999999998,21337.589
325.29998999999998,21319.210999999999
325.39999,21303.199000000001
325.5,21276.452000000001
325.60001,21257.438999999998
325.69997999999998,21233.760999999999
325.79998999999998,21215.528999999999
325.89999,21207.141
326,21186.174999999999
326.10001,21159.831999999999
326.19997999999998,21150.713
326.29998999999998,21132.724999999999
326.39999,21108.947
326.5,21099.687000000002
326.60001,21074.208999999999
326.69997999999998,21051.294000000002
326.79998999999998,21027.554
326.89999,21017.894
327,21002.286
327.10001,20978.793000000001
327.19997999999998,20963.329000000002
327.29998999999998,20933.633000000002
327.39999,20918.698
327.5,20889.303
327.60001,20874.850999999999
327.69997999999998,20849.989000000001
327.79998999999998,20828.832999999999
327.89999,20806.647000000001
328,20786.566999999999
328.10001,20752.146000000001
328.19997999999998,20734.788
328.29998999999998,20714.330999999998
328.39999,20676.559000000001
328.5,20662.615000000002
328.60001,20624.439999999999
328.69997999999998,20607.692999999999
328.79998999999998,20570.039000000001
328.89999,20541.151000000002
329,20516.116999999998
329.10001,20487.597000000002
329.19997999999998,20454.218000000001
329.29998999999998,20417.435000000001
329.39999,20382.043000000001
329.5,20343.904999999999
329.60001,20314.511999999999
329.69997999999998,20279.057000000001
329.79998999999998,20232.672999999999
329.89999,20196.666000000001
330,20158.233
330.10001,20114.382000000001
330.19997999999998,20077.901999999998
330.29998999999998,20038.279999999999
330.39999,19988.462
330.5,19939.241000000002
330.60001,19890.017
330.69997999999998,19846.285
330.79998999999998,19798.606
330.89999,19743.257000000001
331,19690.075000000001
331.10001,19640.238000000001
331.19997999999998,19575.653999999999
331.29998999999998,19530.357
331.39999,19471.403999999999
331.5,19416.541000000001
331.60001,19358.652999999998
331.69997999999998,19297.741999999998
331.79998999999998,19231.944
331.89999,19167.548999999999
332,19099.896000000001
332.10001,19035.256000000001
332.19997999999998,18963.956999999999
332.29998999999998,18904.889999999999
332.39999,18828.217000000001
332.5,18756.996999999999
332.60001,18687.195
332.69997999999998,18619.853999999999
332.79998999999998,18540.203000000001
332.89999,18466.526999999998
333,18394.142
333.10001,18315.445
333.19997999999998,18234.595000000001
333.29998999999998,18158.491000000002
333.39999,18069.552
333.5,17991.069
333.60001,17910.43
333.69997999999998,17826.189999999999
333.79998999999998,17732.147000000001
333.89999,17663.863000000001
334,17579.537
334.10001,17492.366000000002
334.19997999999998,17406.592000000001
334.29998999999998,17316.207999999999
334.39999,17227.927
334.5,17141.758999999998
334.60001,17061.846000000001
334.69997999999998,16964.022000000001
334.79998999999998,16872.108
334.89999,16780.396000000001
335,16691.257000000001
335.10001,16598.451000000001
335.19997999999998,16508.671999999999
335.29998999999998,16421.627
335.39999,16330.493
335.5,16244.859
335.60001,16148.848
335.69997999999998,16062.022999999999
335.79998999999998,15965.572
335.89999,15880.617
336,15781.391
336.10001,15693.446
336.19997999999998,15604.166999999999
336.29998999999998,15507.525
336.39999,15417.183999999999
336.5,15326.638999999999
336.60001,15239.755999999999
336.69997999999998,15152.578
336.79998999999998,15066.558999999999
336.89999,14978.108
337,14894.173000000001
337.10001,14804.874
337.19997999999998,14721.031999999999
337.29998999999998,14630.567999999999
337.39999,14547.242
337.5,14456.707
337.60001,14376.536
337.69997999999998,14285.120000000001
337.79998999999998,14213.321
337.89999,14131.677
338,14046.690000000001
338.10001,13964.005999999999
338.19997999999998,13886.719999999999
338.29998999999998,13810.715
338.39999,13728.538
338.5,13657.543
338.60001,13579.732
338.69997999999998,13503.688
338.79998999999998,13423.944
338.89999,13356.243
339,13276.236999999999
339.10001,13209.206
339.19997999999998,13142.262000000001
339.29998999999998,13072.334000000001
339.39999,13001.57
339.5,12937.324000000001
339.60001,12875.684999999999
339.69997999999998,12809.036
339.79998999999998,12743.242
339.89999,12681.299999999999
340,12622.147000000001
340.10001,12550.198
340.19997999999998,12496.299999999999
340.29998999999998,12429.085999999999
340.39999,12371.655000000001
340.5,12314.746999999999
340.60001,12260.826999999999
340.69997999999998,12201.512000000001
340.79998999999998,12143.715
340.89999,12095.040000000001
341,12035.816000000001
341.10001,11979.457
341.19997999999998,11930.352000000001
341.29998999999998,11884.513999999999
341.39999,11827.262000000001
341.5,11774.290000000001
341.60001,11719.684999999999
341.69997999999998,11675.937
341.79998999999998,11630.714
341.89999,11579.498
342,11535.351000000001
342.10001,11482.532999999999
342.19997999999998,11437.777
342.29998999999998,11392.231
342.39999,11344.434999999999
342.5,11297.295
342.60001,11260.279
342.69997999999998,11210.066000000001
342.79998999999998,11166.822
342.89999,11118.563
343,11080.166999999999
343.10001,11033.696
343.19997999999998,10991.034
343.29998999999998,10946.245999999999
343.39999,10901.596
343.5,10865.502
343.60001,10817.704
343.69997999999998,10777.065000000001
343.79998999999998,10733.861999999999
343.89999,10690.394
344,10645.102000000001
344.10001,10601.303
344.19997999999998,10554.183000000001
344.29998999999998,10507.897000000001
344.39999,10464.58
344.5,10423.396000000001
344.60001,10379.414000000001
344.69997999999998,10330.717000000001
344.79998999999998,10291.732
344.89999,10241.446
345,10195.429
345.10001,10146.304
345.19997999999998,10103.159
345.29998999999998,10049.236000000001
345.39999,10004.518
345.5,9953.9064999999991
345.60001,9904.9035000000003
345.69997999999998,9851.4969000000001
345.79998999999998,9804.8467999999993
345.89999,9750.0573000000004
346,9701.3770000000004
346.10001,9650.2026999999998
346.19997999999998,9595.5694999999996
346.29998999999998,9542.3300999999992
346.39999,9487.5918999999994
346.5,9433.4001000000007
346.60001,9372.2306000000008
346.69997999999998,9318.8261999999995
346.79998999999998,9256.8727999999992
346.89999,9195.8297999999995
347,9141.5547999999999
347.10001,9081.1844999999994
347.19997999999998,9017.0748000000003
347.29998999999998,8959.9060000000009
347.39999,8893.5877
347.5,8833.0321000000004
347.60001,8770.3078999999998
347.69997999999998,8705.2724999999991
347.79998999999998,8639.7191000000003
347.89999,8567.5272000000004
348,8500.9865000000009
348.10001,8433.0398999999998
348.19997999999998,8364.2644
348.29998999999998,8292.9922000000006
348.39999,8226.1830000000009
348.5,8156.1445999999996
348.60001,8083.7125999999998
348.69997999999998,8012.6135999999997
348.79998999999998,7934.4206000000004
348.89999,7862.8266000000003
349,7791.2632999999996
349.10001,7715.3472000000002
349.19997999999998,7631.9336999999996
349.29998999999998,7561.6742999999997
349.39999,7476.2465000000002
349.5,7401.3622999999998
349.60001,7321.4840000000004
349.69997999999998,7247.7030000000004
349.79998999999998,7166.2123000000001
349.89999,7090.9479000000001
350,7010.8510999999999
350.10001,6927.1324999999997
350.19997999999998,6850.8603999999996
350.29998999999998,6767.6130000000003
350.39999,6692.9148999999998
350.5,6602.0601999999999
350.60001,6524.0886
350.69997999999998,6433.9270999999999
350.79998999999998,6358.5634
350.89999,6272.4648999999999
351,6194.7402000000002
351.10001,6110.1993000000002
351.19997999999998,6030.0761000000002
351.29998999999998,5948.1404000000002
351.39999,5863.7475999999997
351.5,5784.3026
351.60001,5702.2839999999997
351.69997999999998,5623.4639999999999
351.79998999999998,5533.223
351.89999,5453.8158999999996
352,5373.2047000000002
352.10001,5290.0088999999998
352.19997999999998,5203.3761000000004
352.29998999999998,5128.9427999999998
352.39999,5046.3627999999999
352.5,4966.5492000000004
352.60001,4893.2298000000001
352.69997999999998,4808.1495000000004
352.79998999999998,4731.4579000000003
352.89999,4650.8963000000003
353,4582.3809000000001
353.10001,4495.9364999999998
353.19997999999998,4423.0891000000001
353.29998999999998,4343.0878000000002
353.39999,4268.4993000000004
353.5,4191.0072
353.60001,4120.1165000000001
353.69997999999998,4046.4265
353.79998999999998,3974.1296000000002
353.89999,3905.6017999999999
354,3830.7374
354.10001,3762.6338000000001
354.19997999999998,3693.0275000000001
354.29998999999998,3624.8672000000001
354.39999,3554.5610000000001
354.5,3488.9367000000002
354.60001,3417.855
354.69997999999998,3355.4915000000001
354.79998999999998,3289.3366000000001
354.89999,3226.1404000000002
355,3160.0936000000002
355.10001,3100.0373
355.19997999999998,3042.4720000000002
355.29998999999998,2979.5023999999999
355.39999,2923.1217999999999
355.5,2858.127
355.60001,2807.0019000000002
355.69997999999998,2746.7622000000001
355.79998999999998,2694.8458000000001
355.89999,2632.9072999999999
356,2583.3487
356.10001,2524.4160999999999
356.19997999999998,2474.6194999999998
356.29998999999998,2423.7062999999998
356.39999,2373.5531999999998
356.5,2324.1948000000002
356.60001,2276.4884999999999
356.69997999999998,2226.6142
356.79998999999998,2183.5205999999998
356.89999,2138.0736999999999
357,2089.9016999999999
357.10001,2045.7146
357.19997999999998,2002.0880999999999
357.29998999999998,1959.1052999999999
357.39999,1911.4888000000001
357.5,1872.3402000000001
357.60001,1829.5416
357.69997999999998,1792.7044000000001
357.79998999999998,1755.7373
357.89999,1715.9037000000001
358,1681.1251999999999
358.10001,1645.0218
358.19997999999998,1611.4467999999999
358.29998999999998,1573.8786
358.39999,1539.3275000000001
358.5,1506.5278000000001
358.60001,1471.3191999999999
358.69997999999998,1438.0105000000001
358.79998999999998,1406.9641999999999
358.89999,1356.3521000000001
359,1326.441
359.10001,1297.9151999999999
359.19997999999998,1270.1747
359.29998999999998,1240.8030000000001
359.39999,1213.3910000000001
359.5,1190.6524999999999
359.60001,1164.1833999999999
359.69997999999998,1138.2043000000001
359.79998999999998,1115.0347999999999
359.89999,1085.2189000000001
360,1035.7336
360.10001,1013.8114
360.19997999999998,990.54511000000002
360.29998999999998,970.69371000000001
360.39999,948.94746999999995
360.5,928.74087999999995
360.60001,908.01954999999998
360.69997999999998,889.50752999999997
360.79998999999998,870.64617999999996
360.89999,851.93816000000004
361,834.125
361.10001,815.87854000000004
361.19997999999998,799.14278000000002
361.29998999999998,781.83936000000006
361.39999,765.75028999999995
361.5,748.47414000000003
361.60001,733.77701999999999
361.69997999999998,717.78880000000004
361.79998999999998,702.69434000000001
361.89999,687.59585000000004
362,673.95178999999996
362.10001,660.03066000000001
362.19997999999998,646.31203000000005
362.29998999999998,633.21870000000001
362.39999,619.70222000000001
362.5,607.63610000000006
362.60001,594.80697999999995
362.69997999999998,582.96412999999995
362.79998999999998,570.08128999999997
362.89999,559.09415999999999
363,547.40094999999997
363.10001,536.51376000000005
363.19997999999998,525.23103000000003
363.29998999999998,515.08815000000004
363.39999,505.00387999999998
363.5,494.67385999999999
363.60001,485.02390000000003
363.69997999999998,475.2482
363.79998999999998,466.32722999999999
363.89999,456.64895999999999
364,448.19565
364.10001,438.53698000000003
364.19997999999998,430.34397999999999
364.29998999999998,421.75835999999998
364.39999,413.89607000000001
364.5,405.89740999999998
364.60001,398.01821999999999
364.69997999999998,390.28555999999998
364.79998999999998,382.82547
364.89999,375.92005999999998
365,368.75074999999998
365.10001,361.98255
365.19997999999998,355.05273
365.29998999999998,348.78235999999998
365.39999,342.04723999999999
365.5,335.83201000000003
365.60001,329.41187000000002
365.69997999999998,323.75522000000001
365.79998999999998,317.54698000000002
365.89999,311.95603
366,306.40203000000002
366.10001,301.06081
366.19997999999998,295.92376999999999
366.29998999999998,290.58873
366.39999,285.66798999999997
366.5,280.52420000000001
366.60001,275.88846000000001
366.69997999999998,270.94463999999999
366.79998999999998,266.44790999999998
366.89999,261.92594000000003
367,257.62963999999999
367.10001,253.37948
367.19997999999998,249.27341000000001
367.29998999999998,245.04194000000001
367.39999,241.24591000000001
367.5,237.52922000000001
367.60001,233.91730999999999
367.69997999999998,230.32786999999999
367.79998999999998,226.66716
367.89999,223.17295999999999
368,219.69152
368.10001,216.61984000000001
368.19997999999998,213.14659
368.29998999999998,209.94952000000001
368.39999,206.83174
368.5,203.89588000000001
368.60001,201.12785
368.69997999999998,198.18838
368.79998999999998,195.54159999999999
368.89999,192.88759999999999
369,190.31841
369.10001,187.74000000000001
369.19997999999998,185.59819999999999
369.29998999999998,183.07578000000001
369.39999,180.69668999999999
369.5,178.04322999999999
369.60001,175.84356
369.69997999999998,173.42612
369.79998999999998,171.63318000000001
369.89999,169.45858000000001
370,167.46525
370.10001,165.72852
370.19997999999998,163.58555999999999
370.29998999999998,161.95626999999999
370.39999,160.40487999999999
370.5,158.45490000000001
370.60001,156.79220000000001
370.69997999999998,155.18198000000001
370.79998999999998,153.52852999999999
370.89999,151.97316000000001
371,150.56283999999999
371.10001,149.24734000000001
371.19997999999998,147.67309
371.29998999999998,146.47984
371.39999,144.98515
371.5,143.64323999999999
371.60001,142.57632000000001
371.69997999999998,141.38428999999999
371.79998999999998,140.32467
371.89999,138.90844999999999
372,137.81625
372.10001,136.68724
372.19997999999998,135.79051999999999
372.29998999999998,134.83188000000001
372.39999,133.89478
372.5,132.83957000000001
372.60001,132.00136000000001
372.69997999999998,131.10444000000001
372.79998999999998,130.37469999999999
372.89999,129.4795
373,128.71190000000001
373.10001,127.89687000000001
373.19997999999998,127.56914
373.29998999999998,126.73332000000001
373.39999,126.02589999999999
373.5,125.40436
373.60001,124.73598
373.69997999999998,124.28552999999999
373.79998999999998,123.70706
373.89999,123.20778
374,122.7773
374.10001,122.31483
374.19997999999998,121.76009000000001
374.29998999999998,121.34345999999999
374.39999,121.07429999999999
374.5,120.52372
374.60001,120.07599999999999
374.69997999999998,119.66983
374.79998999999998,119.40491
374.89999,119.25964
375,118.8729
375.10001,118.75564
375.19997999999998,118.20862
375.29998999999998,117.92909
375.39999,117.7778
375.5,117.57062999999999
375.60001,117.67034
375.69997999999998,117.40651
375.79998999999998,117.11069999999999
375.89999,116.9258
376,117.01738
376.10001,116.74033
376.19997999999998,116.57656
376.29998999999998,116.60242
376.39999,116.49745
376.5,116.40503
376.60001,116.49539
376.69997999999998,116.34153999999999
376.79998999999998,116.31141
376.89999,116.27679999999999
377,116.19356000000001
377.10001,116.22005
377.19997999999998,116.20894
377.29998999999998,116.31438
377.39999,116.19022
377.5,116.33857
377.60001,116.39413
377.69997999999998,116.52694
377.79998999999998,116.48566
377.89999,116.67679
378,116.97199000000001
378.10001,117.39109000000001
378.19997999999998,117.24869
378.29998999999998,117.21769
378.39999,117.35856
378.5,117.6233
378.60001,117.70368000000001
378.69997999999998,117.95101
378.79998999999998,118.27213
378.89999,118.51712000000001
379,118.5882
379.10001,118.7645
379.19997999999998,119.0258
379.29998999999998,119.43794
379.39999,119.48636
379.5,119.61711
379.60001,120.14533
379.69997999999998,120.345
379.79998999999998,120.29741
379.89999,120.70166
380,120.9012
380.10001,121.04326
380.19997999999998,121.50873
380.29998999999998,121.89870000000001
380.39999,122.16697000000001
380.5,122.37307
380.60001,122.53927
380.69997999999998,122.88285999999999
380.79998999999998,123.30800000000001
380.89999,123.60478999999999
381,123.8856
381.10001,124.25091999999999
381.19997999999998,124.61508000000001
381.29998999999998,124.85218
381.39999,125.33240000000001
381.5,125.89742
381.60001,126.01754
381.69997999999998,126.46348
381.79998999999998,126.78926
381.89999,127.17851
382,127.73253
382.10001,128.03625
382.19997999999998,128.40595999999999
382.29998999999998,128.75492
382.39999,129.01584
382.5,129.61403000000001
382.60001,129.93962999999999
382.69997999999998,130.25628
382.79998999999998,131.07089999999999
382.89999,131.37114
383,131.70400000000001
383.10001,132.22639000000001
383.19997999999998,132.68216000000001
383.29998999999998,132.99516
383.39999,133.49062000000001
383.5,133.98670000000001
383.60001,134.42865
383.69997999999998,134.70227
383.79998999999998,135.27835999999999
383.89999,135.72305
384,136.53026
384.10001,136.92734999999999
384.19997999999998,137.42833999999999
384.29998999999998,137.79049000000001
384.39999,138.24203
384.5,138.73044999999999
384.60001,138.94804999999999
384.69997999999998,139.83678
384.79998999999998,140.14770999999999
384.89999,140.55362
385,141.03729999999999
385.10001,141.71126000000001
385.19997999999998,142.19533999999999
385.29998999999998,142.73264
385.39999,143.20147
385.5,143.62069
385.60001,144.05098000000001
385.69997999999998,144.72771
385.79998999999998,145.39320000000001
385.89999,145.84094999999999
386,146.47866999999999
386.10001,146.73282
386.19997999999998,147.41413
386.29998999999998,147.99090000000001
386.39999,148.53807
386.5,149.13314
386.60001,149.72721999999999
386.69997999999998,150.21426
386.79998999999998,150.72658000000001
386.89999,151.32471000000001
387,151.9331
387.10001,152.47304
387.19997999999998,152.87073000000001
387.29998999999998,153.62224000000001
387.39999,154.15988999999999
387.5,154.97662
387.60001,155.63552999999999
387.69997999999998,156.08878000000001
387.79998999999998,156.68402
387.89999,157.25576000000001
388,157.81595999999999
388.10001,158.51467
388.19997999999998,158.9314
388.29998999999998,159.48702
388.39999,160.20487
388.5,160.84709000000001
388.60001,161.35852
388.69997999999998,161.95762999999999
388.79998999999998,162.61876000000001
388.89999,163.24419
389,163.85615000000001
389.10001,164.39659
389.19997999999998,164.98723000000001
389.29998999999998,165.75342000000001
389.39999,166.41767999999999
389.5,167.01232999999999
389.60001,167.61803
389.69997999999998,168.14346
389.79998999999998,168.91702000000001
389.89999,169.65545
390,170.09363999999999
390.10001,170.80269999999999
390.19997999999998,171.47242
390.29998999999998,172.10052999999999
390.39999,172.79062999999999
390.5,173.49709999999999
390.60001,174.13593
390.69997999999998,174.77868000000001
390.79998999999998,175.42681999999999
390.89999,176.27921000000001
391,176.92917
391.10001,177.36574999999999
391.19997999999998,178.03619
391.29998999999998,178.78396000000001
391.39999,179.36270999999999
391.5,180.14122
391.60001,180.83811
391.69997999999998,181.54592
391.79998999999998,182.07346999999999
391.89999,182.86605
392,183.55244999999999
392.10001,184.14555999999999
392.19997999999998,184.89592999999999
392.29998999999998,185.74402000000001
392.39999,186.29150999999999
392.5,187.06444999999999
392.60001,187.66908000000001
392.69997999999998,188.53574
392.79998999999998,189.09277
392.89999,189.79768999999999
393,190.53587999999999
393.10001,191.33633
393.19997999999998,191.99887000000001
393.29998999999998,192.75207
393.39999,193.46784
393.5,194.25816
393.60001,194.96664000000001
393.69997999999998,195.60633999999999
393.79998999999998,196.33713
393.89999,197.17536999999999
394,197.78728000000001
394.10001,198.44344000000001
394.19997999999998,199.19126
394.29998999999998,199.64864
394.39999,200.57988
394.5,201.41327000000001
394.60001,202.17277000000001
394.69997999999998,202.84496999999999
394.79998999999998,203.67554000000001
394.89999,204.38306
395,205.13343
395.10001,206.05805000000001
395.19997999999998,206.51047
395.29998999999998,207.38857999999999
395.39999,207.93741
395.5,208.8143
395.60001,209.71854999999999
395.69997999999998,210.26921999999999
395.79998999999998,211.03939
395.89999,211.21763999999999
396,212.52095
396.10001,213.34126000000001
396.19997999999998,214.0941
396.29998999999998,214.77556999999999
396.39999,215.52718999999999
396.5,216.26068000000001
396.60001,216.97915
396.69997999999998,217.80492000000001
396.79998999999998,218.74736999999999
396.89999,219.26909000000001
397,220.10051999999999
397.10001,220.96621999999999
397.19997999999998,222.09166999999999
397.29998999999998,222.77115000000001
397.39999,223.38797
397.5,224.19710000000001
397.60001,225.01213999999999
397.69997999999998,225.73134999999999
397.79998999999998,226.37442999999999
397.89999,227.29897
398,228.00418999999999
398.10001,228.76537999999999
398.19997999999998,229.59305000000001
398.29998999999998,230.38507000000001
398.39999,231.18306999999999
398.5,231.89125999999999
398.60001,232.70948000000001
398.69997999999998,233.59371999999999
398.79998999999998,234.37313
398.89999,235.15325000000001
399,235.76051000000001
399.10001,236.78234
399.19997999999998,237.43222
399.29998999999998,238.25272000000001
399.39999,239.0299
399.5,239.79713000000001
399.60001,240.82838000000001
399.69997999999998,241.35298
399.79998999999998,242.26875999999999
399.89999,243.06901999999999
400,243.80886000000001
400.10001,244.64138
400.19997999999998,245.36739
400.29998999999998,246.12588
400.39999,247.08097000000001
400.5,247.91156000000001
400.60001,248.69675000000001
400.69997999999998,249.56371999999999
400.79998999999998,250.36215000000001
400.89999,251.24153000000001
401,251.99964
401.10001,252.97582
401.19997999999998,253.73264
401.29998999999998,254.60930999999999
401.39999,255.19460000000001
401.5,255.94443000000001
401.60001,256.7441
401.69997999999998,257.73570000000001
401.79998999999998,258.45625999999999
401.89999,259.21562
402,260.00508000000002
402.10001,260.97277000000003
402.19997999999998,261.77267999999998
402.29998999999998,262.59041999999999
402.39999,263.46778
402.5,264.35672
402.60001,265.10356999999999
402.69997999999998,265.91917999999998
402.79998999999998,266.79808000000003
402.89999,267.77863000000002
403,268.68939
403.10001,269.27420999999998
403.19997999999998,270.05777999999998
403.29998999999998,270.99007
403.39999,271.72264000000001
403.5,272.4357
403.60001,273.38069000000002
403.69997999999998,274.31860999999998
403.79998999999998,275.14303999999998
403.89999,275.96605
404,276.84003999999999
404.10001,277.96301
404.19997999999998,278.46845999999999
404.29998999999998,279.29604
404.39999,280.13808999999998
404.5,280.90667000000002
404.60001,281.80939999999998
404.69997999999998,282.51817999999997
404.79998999999998,283.49709999999999
404.89999,284.34177
405,285.35156999999998
405.10001,285.89326
405.19997999999998,286.78762
405.29998999999998,287.65167000000002
405.39999,288.48705000000001
405.5,289.26521000000002
405.60001,290.24011000000002
405.69997999999998,290.8399
405.79998999999998,291.67158000000001
405.89999,292.48390999999998
406,293.43916000000002
406.10001,294.30592000000001
406.19997999999998,295.20726000000002
406.29998999999998,295.98156
406.39999,296.71519000000001
406.5,297.71273000000002
406.60001,298.46427
406.69997999999998,299.41163
406.79998999999998,300.09588000000002
406.89999,301.11498
407,301.87968000000001
407.10001,302.82796000000002
407.19997999999998,303.71195999999998
407.29998999999998,304.53124000000003
407.39999,305.12464999999997
407.5,306.00119999999998
407.60001,306.91780999999997
407.69997999999998,307.60172999999998
407.79998999999998,308.57835999999998
407.89999,309.29356000000001
408,310.18016
408.10001,310.96704
408.19997999999998,311.85212999999999
408.29998999999998,312.72491000000002
408.39999,313.52064999999999
408.5,314.39087999999998
408.60001,315.19457999999997
408.69997999999998,316.04428000000001
408.79998999999998,316.83175
408.89999,317.86777999999998
409,318.56849
409.10001,319.57733000000002
409.19997999999998,320.28383000000002
409.29998999999998,321.25184999999999
409.39999,321.82109000000003
409.5,322.74905999999999
409.60001,324.00153999999998
409.69997999999998,324.63511999999997
409.79998999999998,325.26456999999999
409.89999,326.08634999999998
410,326.99554000000001
410.10001,327.63799
410.19997999999998,328.70992999999999
410.29998999999998,329.39510000000001
410.39999,330.24495000000002
410.5,331.15224000000001
410.60001,331.95638000000002
410.69997999999998,332.81446
410.79998999999998,333.66365000000002
410.89999,334.30745000000002
411,335.45348000000001
411.10001,335.94690000000003
411.19997999999998,336.99149
411.29998999999998,337.97546999999997
411.39999,338.66178000000002
411.5,339.34827000000001
411.60001,340.16343999999998
411.69997999999998,340.95688999999999
411.79998999999998,341.83314000000001
411.89999,342.65767
412,343.42926999999997
412.10001,344.16573
412.19997999999998,345.00666000000001
412.29998999999998,345.86252000000002
412.39999,346.70096999999998
412.5,347.59377999999998
412.60001,348.38639000000001
412.69997999999998,349.13780000000003
412.79998999999998,349.96958999999998
412.89999,351.00581
413,351.57148000000001
413.10001,352.45337999999998
413.19997999999998,353.36534999999998
413.29998999999998,354.04057999999998
413.39999,355.11725999999999
413.5,355.82965000000002
413.60001,356.57718999999997
413.69997999999998,357.38087000000002
413.79998999999998,358.13179000000002
413.89999,358.99592000000001
414,359.85404
414.10001,360.58627999999999
414.19997999999998,361.25281000000001
414.29998999999998,362.02328999999997
414.39999,362.79430000000002
414.5,363.68553000000003
414.60001,364.48047000000003
414.69997999999998,365.14458000000002
414.79998999999998,365.91529000000003
414.89999,366.70834000000002
415,367.56511999999998
415.10001,368.22403000000003
415.19997999999998,369.10181999999998
415.29998999999998,369.91636999999997
415.39999,370.65803
415.5,371.44565999999998
415.60001,372.36360999999999
415.69997999999998,373.12040000000002
415.79998999999998,373.79133000000002
415.89999,374.64026000000001
416,375.34568999999999
416.10001,376.18979999999999
416.19997999999998,376.93752999999998
416.29998999999998,377.72348
416.39999,378.30198000000001
416.5,379.23419999999999
416.60001,379.9402
416.69997999999998,380.86930999999998
416.79998999999998,381.51958000000002
416.89999,382.38247999999999
417,383.12630999999999
417.10001,383.85385000000002
417.19997999999998,384.50078999999999
417.29998999999998,385.30829999999997
417.39999,386.28451999999999
417.5,387.06288000000001
417.60001,387.75416000000001
417.69997999999998,388.4545
417.79998999999998,388.96019999999999
417.89999,389.79908
418,390.61793
418.10001,391.35140000000001
418.19997999999998,392.13851
418.29998999999998,392.89967000000001
418.39999,393.54487999999998
418.5,394.26343000000003
418.60001,395.05678
418.69997999999998,395.65764000000001
418.79998999999998,396.34915999999998
418.89999,397.27044999999998
419,397.94155999999998
419.10001,398.75049000000001
419.19997999999998,399.36579999999998
419.29998999999998,400.12464999999997
419.39999,400.80995000000001
419.5,401.76929999999999
419.60001,402.38945000000001
419.69997999999998,402.98701
419.79998999999998,403.68788999999998
419.89999,404.51361000000003
420,405.07375000000002
420.10001,405.77963
420.19997999999998,406.46318000000002
420.29998999999998,407.11153999999999
420.39999,407.77361000000002
420.5,408.46096
420.60001,409.15379000000001
420.69997999999998,409.86619000000002
420.79998999999998,410.6404
420.89999,411.23635000000002
421,412.01479999999998
421.10001,412.64461
421.19997999999998,413.45213999999999
421.29998999999998,414.01166999999998
421.39999,414.60318000000001
421.5,415.36932000000002
421.60001,415.98665
421.69997999999998,416.61189000000002
421.79998999999998,417.3297
421.89999,417.97919000000002
422,418.63848000000002
422.10001,419.38436000000002
422.19997999999998,420.07936999999998
422.29998999999998,420.70650000000001
422.39999,421.27238999999997
422.5,421.91942
422.60001,422.49543999999997
422.69997999999998,423.19092000000001
422.79998999999998,423.86176
422.89999,424.44655
423,425.05862000000002
423.10001,425.56617999999997
423.19997999999998,426.36991999999998
423.29998999999998,427.04728
423.39999,427.77134000000001
423.5,428.23050999999998
423.60001,428.85975000000002
423.69997999999998,429.49126000000001
423.79998999999998,430.12885999999997
423.89999,430.82098999999999
424,431.46762999999999
424.10001,432.01497999999998
424.19997999999998,432.59228999999999
424.29998999999998,433.20357999999999
424.39999,433.83609000000001
424.5,434.41690999999997
424.60001,434.97057000000001
424.69997999999998,435.65678000000003
424.79998999999998,436.08420999999998
424.89999,436.93220000000002
425,437.54441000000003
425.10001,437.98140000000001
425.19997999999998,438.58994000000001
425.29998999999998,439.08078
425.39999,439.69270999999998
425.5,440.36991999999998
425.60001,440.92763000000002
425.69997999999998,441.36831999999998
425.79998999999998,442.00015000000002
425.89999,442.64321999999999
426,443.05957999999998
426.10001,443.63153999999997
426.19997999999998,444.33839
426.29998999999998,444.77888000000002
426.39999,445.31094999999999
426.5,445.81713999999999
426.60001,446.34575000000001
426.69997999999998,446.96463
426.79998999999998,447.51078999999999
426.89999,447.96845999999999
427,448.45810999999998
427.10001,448.98966000000001
427.19997999999998,449.64830000000001
427.29998999999998,450.30372
427.39999,450.65302000000003
427.5,451.15960000000001
427.60001,451.52242999999999
427.69997999999998,452.14537000000001
427.79998999999998,452.55743999999999
427.89999,453.23986000000002
428,453.68144999999998
428.10001,454.28032000000002
428.19997999999998,454.74682999999999
428.29998999999998,455.11606999999998
428.39999,455.66079000000002
428.5,456.30856
428.60001,456.59982000000002
428.69997999999998,457.13724999999999
428.79998999999998,457.58294999999998
428.89999,457.99254000000002
429,458.43722000000002
429.10001,458.85075000000001
429.19997999999998,459.38198999999997
429.29998999999998,459.94328999999999
429.39999,460.28577000000001
429.5,460.77861999999999
429.60001,461.21404999999999
429.69997999999998,461.64049999999997
429.79998999999998,462.04905000000002
429.89999,462.48077999999998
430,463.11072999999999
430.10001,463.50438000000003
430.19997999999998,463.90940000000001
430.29998999999998,464.48090000000002
430.39999,465.16007000000002
430.5,465.34327000000002
430.60001,465.61775
430.69997999999998,465.7921
430.79998999999998,466.34253000000001
430.89999,466.70292000000001
431,467.32995
431.10001,467.71041000000002
431.19997999999998,468.18095
431.29998999999998,468.55221
431.39999,468.95314000000002
431.5,469.21827999999999
431.60001,469.65078999999997
431.69997999999998,469.92876000000001
431.79998999999998,470.30766999999997
431.89999,470.68347
432,471.26011
432.10001,471.54955000000001
432.19997999999998,471.76967000000002
432.29998999999998,472.19297
432.39999,472.62450000000001
432.5,473.08708999999999
432.60001,473.34023000000002
432.69997999999998,473.53230000000002
432.79998999999998,473.98984000000002
432.89999,474.23257000000001
433,474.64330000000001
433.10001,474.92138999999997
433.19997999999998,475.33758999999998
433.29998999999998,475.60642999999999
433.39999,475.8184
433.5,476.15832999999998
433.60001,476.46685000000002
433.69997999999998,476.82015000000001
433.79998999999998,477.09955000000002
433.89999,477.47901999999999
434,477.85311000000002
434.10001,478.18236000000002
434.19997999999998,478.26098000000002
434.29998999999998,478.56056999999998
434.39999,479.00612000000001
434.5,479.41699999999997
434.60001,479.50371999999999
434.69997999999998,479.83004
434.79998999999998,480.16207000000003
434.89999,480.39033000000001
435,480.61315000000002
435.10001,480.94042000000002
435.19997999999998,481.09701000000001
435.29998999999998,481.40055999999998
435.39999,481.65325000000001
435.5,482.17212999999998
435.60001,482.49858999999998
435.69997999999998,482.55524000000003
435.79998999999998,482.83078999999998
435.89999,483.22561999999999
436,483.55725000000001
436.10001,483.58713
436.19997999999998,483.78055000000001
436.29998999999998,483.93421000000001
436.39999,484.09429999999998
436.5,484.28453999999999
436.60001,484.55025000000001
436.69997999999998,484.62603999999999
436.79998999999998,484.88565
436.89999,485.07101999999998
437,485.20362
437.10001,485.55408999999997
437.19997999999998,485.69511999999997
437.29998999999998,485.92111999999997
437.39999,486.12335000000002
437.5,486.17167000000001
437.60001,486.45949000000002
437.69997999999998,486.49428
437.79998999999998,487.01213999999999
437.89999,487.01179999999999
438,487.20348000000001
438.10001,487.29577999999998
438.19997999999998,487.61671999999999
438.29998999999998,487.63959
438.39999,487.69832000000002
438.5,487.85048
438.60001,488.00364999999999
438.69997999999998,488.04559
438.79998999999998,488.34276999999997
438.89999,488.46156999999999
439,488.51220999999998
439.10001,488.52301
439.19997999999998,488.80264
439.29998999999998,489.01416999999998
439.39999,489.33541000000002
439.5,489.33028000000002
439.60001,489.26283999999998
439.69997999999998,489.25653
439.79998999999998,489.42840000000001
439.89999,489.62112000000002
440,489.99259999999998
440.10001,489.73977000000002
440.19997999999998,489.83505000000002
440.29998999999998,489.89614999999998
440.39999,489.91116
440.5,490.08021000000002
440.60001,489.83001000000002
440.69997999999998,489.96868999999998
440.79998999999998,490.11955
440.89999,490.29822000000001
441,490.31725999999998
441.10001,490.4101
441.19997999999998,490.40584000000001
441.29998999999998,490.34557999999998
441.39999,490.28077000000002
441.5,490.33667000000003
441.60001,490.44956999999999
441.69997999999998,490.46458999999999
441.79998999999998,490.41872999999998
441.89999,490.42957999999999
442,490.54534999999998
442.10001,490.56623000000002
442.19997999999998,490.82936999999998
442.29998999999998,490.74889000000002
442.39999,490.68961999999999
442.5,490.56644
442.60001,490.52337999999997
442.69997999999998,490.40974
442.79998999999998,490.43639000000002
442.89999,490.45204999999999
443,490.50898999999998
443.10001,490.72368
443.19997999999998,490.50571000000002
443.29998999999998,490.66876999999999
443.39999,490.37355000000002
443.5,490.38839999999999
443.60001,490.26404000000002
443.69997999999998,490.17635999999999
443.79998999999998,490.14006999999998
443.89999,489.99239
444,490.02524
444.10001,490.09913999999998
444.19997999999998,489.85590000000002
444.29998999999998,489.74164000000002
444.39999,489.78683999999998
444.5,489.82209
444.60001,489.70487000000003
444.69997999999998,489.57785999999999
444.79998999999998,489.46793000000002
444.89999,489.33938000000001
445,489.29595
445.10001,489.26665000000003
445.20001000000002,489.12988999999999
445.29998999999998,488.91413999999997
445.39999,488.84926999999999
445.5,488.70596999999998
445.60001,488.59224
445.70001000000002,488.54651000000001
445.79998999999998,488.40183000000002
445.89999,488.10142999999999
446,488.13546000000002
446.10001,488.09131000000002
446.20001000000002,487.89715999999999
446.29998999999998,487.84679
446.39999,487.71051999999997
446.5,487.46931999999998
446.60001,487.28458000000001
446.70001000000002,487.15314000000001
446.79998999999998,486.97109999999998
446.89999,486.81310999999999
447,486.57578999999998
447.10001,486.54142999999999
447.20001000000002,486.24162000000001
447.29998999999998,486.45814000000001
447.39999,486.25137999999998
447.5,485.72611000000001
447.60001,485.51954000000001
447.70001000000002,485.28161
447.79998999999998,485.48457000000002
447.89999,484.99412999999998
448,484.79480000000001
448.10001,484.51969000000003
448.20001000000002,484.41383000000002
448.29998999999998,484.03197
448.39999,483.8229
448.5,483.54852
448.60001,483.40852000000001
448.70001000000002,483.18810000000002
448.79998999999998,482.92723999999998
448.89999,482.74734999999998
449,482.42221999999998
449.10001,482.33918999999997
449.20001000000002,481.88403
449.29998999999998,481.69734999999997
449.39999,481.52055000000001
449.5,481.33335
449.60001,480.90769
449.70001000000002,480.68340000000001
449.79998999999998,480.54593999999997
449.89999,480.44585999999998
450,480.07996000000003
450.10001,479.67683
450.20001000000002,479.56432999999998
450.29998999999998,479.46798000000001
450.39999,479.00738000000001
450.5,478.50429000000003
450.60001,478.35892999999999
450.70001000000002,477.94632999999999
450.79998999999998,477.68065999999999
450.89999,477.33611999999999
451,477.05126999999999
451.10001,476.93815000000001
451.20001000000002,476.82654000000002
451.29998999999998,476.34269999999998
451.39999,476.03458000000001
451.5,475.67563999999999
451.60001,475.33443999999997
451.70001000000002,474.89704999999998
451.79998999999998,474.54358999999999
451.89999,474.21059000000002
452,473.84965
452.10001,473.52282000000002
452.20001000000002,473.15955000000002
452.29998999999998,472.85935999999998
452.39999,472.65517
452.5,472.32857999999999
452.60001,471.68819000000002
452.70001000000002,471.40183999999999
452.79998999999998,471.10239000000001
452.89999,470.61885000000001
453,470.18211000000002
453.10001,469.92754000000002
453.20001000000002,469.64215999999999
453.29998999999998,469.22608000000002
453.39999,468.95936
453.5,468.50090999999998
453.60001,467.98399999999998
453.70001000000002,467.65055000000001
453.79998999999998,467.22185000000002
453.89999,466.87840999999997
454,466.27884
454.10001,466.03302000000002
454.20001000000002,465.74790999999999
454.29998999999998,465.27704
454.39999,464.92815999999999
454.5,464.54604
454.60001,463.97685000000001
454.70001000000002,463.59294999999997
454.79998999999998,463.29097999999999
454.89999,462.90129000000002
455,462.34289999999999
455.10001,461.91327999999999
455.20001000000002,461.34697
455.29998999999998,461.07522
455.39999,460.62204000000003
455.5,460.04667000000001
455.60001,459.60923000000003
455.70001000000002,459.14436999999998
455.79998999999998,458.75531000000001
455.89999,458.22483
456,457.76945000000001
456.10001,457.42183999999997
456.20001000000002,457.08008999999998
456.29998999999998,456.66176999999999
456.39999,456.1148
456.5,455.67912000000001
456.60001,455.22428000000002
456.70001000000002,454.60136999999997
456.79998999999998,454.14303000000001
456.89999,453.53829999999999
457,453.07261
457.10001,452.75000999999997
457.20001000000002,452.22989000000001
457.29998999999998,451.88108
457.39999,451.29563999999999
457.5,450.77100000000002
457.60001,450.16198000000003
457.70001000000002,449.77157999999997
457.79998999999998,449.11014999999998
457.89999,448.66032000000001
458,448.32960000000003
458.10001,447.69193999999999
458.20001000000002,447.10165999999998
458.29998999999998,446.60262
458.39999,446.03854000000001
458.5,445.57512000000003
458.60001,445.04032000000001
458.70001000000002,444.57504
458.79998999999998,444.17156
458.89999,443.57538
459,443.07871
459.10001,442.38351999999998
459.20001000000002,441.76758000000001
459.29998999999998,441.26418000000001
459.39999,440.74948999999998
459.5,440.39380999999997
459.60001,439.63274999999999
459.70001000000002,439.09739000000002
459.79998999999998,438.68664000000001
459.89999,438.16512
460,437.49409000000003
460.10001,437.06369999999998
460.20001000000002,436.33850999999999
460.29998999999998,435.78843999999998
460.39999,435.24043999999998
460.5,434.59769
460.60001,433.94855000000001
460.70001000000002,433.35458999999997
460.79998999999998,432.79773999999998
460.89999,432.11421000000001
461,431.50189
461.10001,430.94486000000001
461.20001000000002,430.51522
461.29998999999998,429.87025
461.39999,429.30887000000001
461.5,428.51997999999998
461.60001,428.04491999999999
461.70001000000002,427.37464
461.79998999999998,426.79469999999998
461.89999,426.24880999999999
462,425.55101999999999
462.10001,424.92336
462.20001000000002,424.28823999999997
462.29998999999998,423.68106
462.39999,423.05106999999998
462.5,422.73462000000001
462.60001,421.9975
462.70001000000002,421.31054999999998
462.79998999999998,420.65856000000002
462.89999,420.06916999999999
463,419.37027999999998
463.10001,418.77154999999999
463.20001000000002,418.07272999999998
463.29998999999998,417.49065000000002
463.39999,416.92225999999999
463.5,416.26114999999999
463.60001,415.73300999999998
463.70001000000002,415.01891999999998
463.79998999999998,414.50454000000002
463.89999,413.81801000000002
464,413.35318999999998
464.10001,412.86667999999997
464.20001000000002,411.85865999999999
464.29998999999998,411.07531
464.39999,410.35789
464.5,410.00877000000003
464.60001,409.02622000000002
464.70001000000002,408.50677999999999
464.79998999999998,407.92881
464.89999,407.24856999999997
465,406.62549999999999
465.10001,405.68263000000002
465.20001000000002,405.13826
465.29998999999998,404.4622
465.39999,403.89798000000002
465.5,403.28568999999999
465.60001,402.61430999999999
465.70001000000002,401.90633000000003
465.79998999999998,401.22681999999998
465.89999,400.83274
466,399.97021999999998
466.10001,399.05847
466.20001000000002,398.45056
466.29998999999998,397.68592999999998
466.39999,397.00632000000002
466.5,396.20258999999999
466.60001,395.79315000000003
466.70001000000002,394.89391999999998
466.79998999999998,394.13403
466.89999,393.38761
467,392.78303
467.10001,392.29363999999998
467.20001000000002,391.59239000000002
467.29998999999998,390.72726
467.39999,389.91099000000003
467.5,389.28012999999999
467.60001,388.61241000000001
467.70001000000002,387.85435000000001
467.79998999999998,387.18968000000001
467.89999,386.42791999999997
468,385.71024
468.10001,385.15186
468.20001000000002,384.29347000000001
468.29998999999998,383.61637999999999
468.39999,382.79354000000001
468.5,382.35365000000002
468.60001,381.36946
468.70001000000002,380.79858999999999
468.79998999999998,380.06159000000002
468.89999,379.21499999999997
469,378.53053
469.10001,377.80018000000001
469.20001000000002,377.22375
469.29998999999998,376.42302999999998
469.39999,375.57675
469.5,374.95415000000003
469.60001,374.13150999999999
469.70001000000002,373.38623000000001
469.79998999999998,372.75220000000002
469.89999,371.92674
470,371.21665999999999
470.10001,370.60527000000002
470.20001000000002,369.75981999999999
470.29998999999998,369.01837
470.39999,368.23568
470.5,367.47205000000002
470.60001,366.72028999999998
470.70001000000002,366.09136999999998
470.79998999999998,365.34746000000001
470.89999,364.40859999999998
471,363.71999
471.10001,363.28534000000002
471.20001000000002,362.39906999999999
471.29998999999998,361.52757000000003
471.39999,360.81497999999999
471.5,360.01710000000003
471.60001,359.40660000000003
471.70001000000002,358.60516999999999
471.79998999999998,357.81981999999999
471.89999,357.06830000000002
472,356.34692999999999
472.10001,355.58641999999998
472.20001000000002,354.60070999999999
472.29998999999998,353.89852999999999
472.39999,353.08544999999998
472.5,352.42950000000002
472.60001,351.58033
472.70001000000002,350.90248000000003
472.79998999999998,350.18436000000003
472.89999,349.39177999999998
473,348.77956999999998
473.10001,347.93902000000003
473.20001000000002,346.95443999999998
473.29998999999998,346.29737999999998
473.39999,345.61149
473.5,344.75020000000001
473.60001,344.03228000000001
473.70001000000002,343.24176999999997
473.79998999999998,342.42406
473.89999,341.78789
474,341.01947000000001
474.10001,340.15814
474.20001000000002,339.38342999999998
474.29998999999998,338.55628999999999
474.39999,337.78908000000001
474.5,337.04894000000002
474.60001,336.31585000000001
474.70001000000002,335.45539000000002
474.79998999999998,334.75913000000003
474.89999,333.96553999999998
475,333.28172999999998
475.10001,332.44824
475.20001000000002,331.79068000000001
475.29998999999998,330.90915000000001
475.39999,330.06283000000002
475.5,329.21859000000001
475.60001,328.36819000000003
475.70001000000002,327.59904999999998
475.79998999999998,326.91309999999999
475.89999,325.96163000000001
476,325.22059000000002
476.10001,324.47158999999999
476.20001000000002,323.65931999999998
476.29998999999998,322.92079000000001
476.39999,322.08782000000002
476.5,321.37470000000002
476.60001,320.56065000000001
476.70001000000002,319.85667999999998
476.79998999999998,319.09386999999998
476.89999,318.13049999999998
477,317.50799000000001
477.10001,316.65086000000002
477.20001000000002,315.77692999999999
477.29998999999998,314.99542000000002
477.39999,314.29149999999998
477.5,313.50060999999999
477.60001,312.73541999999998
477.70001000000002,311.88036
477.79998999999998,311.08033
477.89999,310.30838999999997
478,309.55043999999998
478.10001,308.88265000000001
478.20001000000002,307.99315000000001
478.29998999999998,307.34501999999998
478.39999,306.69099999999997
478.5,305.66390000000001
478.60001,304.71609000000001
478.70001000000002,304.03975000000003
478.79998999999998,303.31455
478.89999,302.37349
479,301.52690999999999
479.10001,300.82736999999997
479.20001000000002,300.12606
479.29998999999998,299.31733000000003
479.39999,298.49259999999998
479.5,297.64411999999999
479.60001,296.93669999999997
479.70001000000002,296.22645999999997
479.79998999999998,295.6866
479.89999,294.46749
480,293.65307999999999
480.10001,293.21364
480.20001000000002,292.50918000000001
480.29998999999998,291.42975000000001
480.39999,290.48869000000002
480.5,289.57225
480.60001,288.81675000000001
480.70001000000002,288.27645000000001
480.79998999999998,287.32290999999998
480.89999,286.52307999999999
481,285.81972000000002
481.10001,284.89170000000001
481.20001000000002,284.22584999999998
481.29998999999998,283.28437000000002
481.39999,282.44101999999998
481.5,281.84591999999998
481.60001,281.01130000000001
481.70001000000002,280.30000999999999
481.79998999999998,279.53521000000001
481.89999,278.63319999999999
482,278.02859999999998
482.10001,277.68097
482.20001000000002,276.59104000000002
482.29998999999998,275.59901000000002
482.39999,274.73464000000001
482.5,274.05540000000002
482.60001,273.21386999999999
482.70001000000002,272.35644000000002
482.79998999999998,271.62801999999999
482.89999,270.72385000000003
483,269.93257999999997
483.10001,269.21454999999997
483.20001000000002,268.44511
483.29998999999998,267.83440999999999
483.39999,267.06049000000002
483.5,266.20481999999998
483.60001,265.30707999999998
483.70001000000002,264.56893000000002
483.79998999999998,263.67174999999997
483.89999,263.18387999999999
484,262.23394999999999
484.10001,261.28841999999997
484.20001000000002,260.56220999999999
484.29998999999998,259.85467999999997
484.39999,259.13850000000002
484.5,258.21780999999999
484.60001,257.68842999999998
484.70001000000002,256.68191999999999
484.79998999999998,255.94139000000001
484.89999,255.05873
485,254.45706000000001
485.10001,253.66308000000001
485.20001000000002,252.75666000000001
485.29998999999998,252.08162999999999
485.39999,251.27726000000001
485.5,250.37289999999999
485.60001,249.61381
485.70001000000002,249.01972000000001
485.79998999999998,248.21403000000001
485.89999,247.48984999999999
486,246.68755999999999
486.10001,245.91714999999999
486.20001000000002,245.09788
486.29998999999998,244.38729000000001
486.39999,243.80437000000001
486.5,242.92426
486.60001,242.02746999999999
486.70001000000002,241.24247
486.79998999999998,240.35558
486.89999,239.67079000000001
487,239.29391000000001
487.10001,238.67821000000001
487.20001000000002,237.59898999999999
487.29998999999998,236.82422
487.39999,236.16018
487.5,235.3425
487.60001,234.74484000000001
487.70001000000002,233.84692999999999
487.79998999999998,232.89667
487.89999,232.19882000000001
488,231.74655999999999
488.10001,230.80145999999999
488.20001000000002,229.78861000000001
488.29998999999998,229.26068000000001
488.39999,228.32957999999999
488.5,227.63392999999999
488.60001,226.81679
488.70001000000002,226.07469
488.79998999999998,225.36108999999999
488.89999,224.64940000000001
489,223.82701
489.10001,223.0958
489.20001000000002,222.25891999999999
489.29998999999998,221.56657000000001
489.39999,220.95277999999999
489.5,220.07580999999999
489.60001,219.35781
489.70001000000002,218.75121999999999
489.79998999999998,217.96125000000001
489.89999,217.09802999999999
490,216.52576999999999
490.10001,215.78570999999999
490.20001000000002,215.01689999999999
490.29998999999998,214.19047
490.39999,213.55103
490.5,212.78187
490.60001,212.10536999999999
490.70001000000002,211.51604
490.79998999999998,210.49887000000001
490.89999,209.93892
491,209.10186999999999
491.10001,208.44313
491.20001000000002,207.64465000000001
491.29998999999998,206.98492999999999
491.39999,206.22
491.5,205.63746
491.60001,205.03152
491.70001000000002,204.24713
491.79998999999998,203.42218
491.89999,202.73134999999999
492,202.06283999999999
492.10001,201.20021
492.20001000000002,200.55403999999999
492.29998999999998,199.75987000000001
492.39999,199.13203999999999
492.5,198.30432999999999
492.60001,197.58319
492.70001000000002,196.86089999999999
492.79998999999998,196.20124999999999
492.89999,195.50398999999999
493,194.77643
493.10001,194.11956000000001
493.20001000000002,193.83840000000001
493.29998999999998,192.87439000000001
493.39999,192.03245000000001
493.5,191.32839999999999
493.60001,190.82122000000001
493.70001000000002,189.92044000000001
493.79998999999998,189.37924000000001
493.89999,188.61463000000001
494,187.81786
494.10001,187.37138999999999
494.20001000000002,186.37443999999999
494.29998999999998,185.94774000000001
494.39999,185.04516000000001
494.5,184.29056
494.60001,183.70973000000001
494.70001000000002,182.94355999999999
494.79998999999998,182.30649
494.89999,181.67027999999999
495,181.07927000000001
495.10001,180.31166999999999
495.20001000000002,179.87467000000001
495.29998999999998,178.96735000000001
495.39999,178.32850999999999
495.5,177.55196000000001
495.60001,176.91807
495.70001000000002,176.23204999999999
495.79998999999998,175.59036
495.89999,174.91379000000001
496,174.25603000000001
496.10001,173.82875000000001
496.20001000000002,172.86301
496.29998999999998,172.14259999999999
496.39999,171.58592999999999
496.5,170.87083999999999
496.60001,170.29686000000001
496.70001000000002,169.72146000000001
496.79998999999998,169.02506
496.89999,168.59698
497,167.74116000000001
497.10001,166.80596
497.20001000000002,166.17787999999999
497.29998999999998,165.73317
497.39999,165.00164000000001
497.5,164.46145999999999
497.60001,163.81577999999999
497.70001000000002,162.95340999999999
497.79998999999998,162.33992000000001
497.89999,161.67453
498,161.21663000000001
498.10001,160.40562
498.20001000000002,160.10910999999999
498.29998999999998,159.24626000000001
498.39999,158.72948
498.5,157.98781
498.60001,157.27612999999999
498.70001000000002,156.54992999999999
498.79998999999998,155.87773000000001
498.89999,155.43155999999999
499,154.74691000000001
499.10001,154.17698999999999
499.20001000000002,153.59866
499.29998999999998,152.90616
499.39999,152.30714
499.5,151.58608000000001
499.60001,151.06666000000001
499.70001000000002,150.35072
499.79998999999998,149.82863
499.89999,148.9555
500,148.41639000000001
500.10001,147.72218000000001
500.20001000000002,147.33525
500.29998999999998,146.65486000000001
500.39999,146.15199000000001
500.5,145.69875999999999
500.60001,145.01993999999999
500.70001000000002,144.16455999999999
500.79998999999998,143.49780999999999
500.89999,143.32969
501,142.41730000000001
501.10001,141.85138000000001
501.20001000000002,141.23662999999999
501.29998999999998,140.63946999999999
501.39999,140.09621000000001
501.5,139.57187999999999
501.60001,138.87986000000001
501.70001000000002,138.32423
501.79998999999998,137.73715000000001
501.89999,137.21180000000001
502,136.74959999999999
502.10001,136.04938999999999
502.20001000000002,135.4171
502.29998999999998,135.00766999999999
502.39999,134.34021000000001
502.5,133.65818999999999
502.60001,133.24712
502.70001000000002,133.17413999999999
502.79998999999998,132.27161000000001
502.89999,131.54078999999999
503,130.87144000000001
503.10001,130.16587999999999
503.20001000000002,129.93971999999999
503.29998999999998,129.25459000000001
503.39999,128.35427000000001
503.5,127.9203
503.60001,127.29513
503.70001000000002,126.83289000000001
503.79998999999998,126.27361999999999
503.89999,125.65505
504,125.10426
504.10001,124.57451
504.20001000000002,123.97987999999999
504.29998999999998,123.36299
504.39999,122.83313
504.5,122.33344
504.60001,121.76864999999999
504.70001000000002,121.18797000000001
504.79998999999998,120.54716000000001
504.89999,120.19092999999999
505,119.52163
505.10001,119.03379
505.20001000000002,118.48822
505.29998999999998,117.91051
505.39999,117.39636
505.5,116.93058000000001
505.60001,116.33318
505.70001000000002,115.87257
505.79998999999998,115.27589
505.89999,114.87412999999999
506,114.3656
506.10001,113.68676000000001
506.20001000000002,113.1751
506.29998999999998,112.55086
506.39999,112.07341
506.5,111.57292
506.60001,111.11139
506.70001000000002,110.71521
506.79998999999998,110.22056000000001
506.89999,109.69934000000001
507,109.27973
507.10001,108.56788
507.20001000000002,108.04205
507.29998999999998,107.70677999999999
507.39999,107.06677999999999
507.5,106.52545000000001
507.60001,106.05200000000001
507.70001000000002,105.6113
507.79998999999998,105.06143
507.89999,104.62276
508,104.09626
508.10001,103.59441
508.20001000000002,103.23223
508.29998999999998,102.73768
508.39999,102.08320000000001
508.5,101.69754
508.60001,101.22832
508.70001000000002,100.651
508.79998999999998,100.07778
508.89999,99.628529999999998
509,99.342034999999996
509.10001,98.749737999999994
509.20001000000002,98.335938999999996
509.29998999999998,97.870367999999999
509.39999,97.378298999999998
509.5,96.788746000000003
509.60001,96.596753000000007
509.70001000000002,95.960262999999998
509.79998999999998,95.548502999999997
509.89999,95.079588000000001
510,94.577059000000006
510.10001,94.167398000000006
510.20001000000002,93.779283000000007
510.29998999999998,93.186635999999993
510.39999,92.835099
510.5,92.193368000000007
510.60001,91.751508999999999
510.70001000000002,91.274863999999994
510.79998999999998,90.819817
510.89999,90.346753000000007
511,90.094624999999994
511.10001,89.583772999999994
511.20001000000002,89.118578999999997
511.29998999999998,88.649349000000001
511.39999,88.145623000000001
511.5,87.762727999999996
511.60001,87.335776999999993
511.70001000000002,86.851529999999997
511.79998999999998,86.460778000000005
511.89999,85.996632000000005
512,85.511066999999997
512.09997999999996,85.165323000000001
512.20001000000002,84.741270999999998
512.29998999999998,84.204348999999993
512.40002000000004,83.738059000000007
512.5,83.362875000000003
512.59997999999996,82.917801999999995
512.70001000000002,82.585522999999995
512.79998999999998,82.093611999999993
512.90002000000004,81.716358
513,81.303475000000006
513.09997999999996,80.910995
513.20001000000002,80.541977000000003
513.29998999999998,80.108620000000002
513.40002000000004,79.730874999999997
513.5,79.172875000000005
513.59997999999996,78.801496999999998
513.70001000000002,78.380848999999998
513.79998999999998,78.060579000000004
513.90002000000004,77.571279000000004
514,77.182766000000001
514.09997999999996,76.963571999999999
514.20001000000002,76.338823000000005
514.29998999999998,76.069079000000002
514.40002000000004,75.598286000000002
514.5,75.233956000000006
514.59997999999996,74.753331000000003
514.70001000000002,74.462648000000002
514.79998999999998,73.963741999999996
514.90002000000004,73.624167999999997
515,73.197159999999997
515.09997999999996,72.948791
515.20001000000002,72.701284999999999
515.29998999999998,72.177158000000006
515.40002000000004,71.597384000000005
515.5,71.222375
515.59997999999996,70.998273999999995
515.70001000000002,70.587292000000005
515.79998999999998,70.117707999999993
515.90002000000004,69.896276999999998
516,69.529860999999997
516.09997999999996,68.978219999999993
516.20001000000002,68.621059000000002
516.29998999999998,68.260234999999994
516.40002000000004,67.905124999999998
516.5,67.544291999999999
516.59997999999996,67.182688999999996
516.70001000000002,66.801057
516.79998999999998,66.537250999999998
516.90002000000004,66.497653999999997
517,65.996939999999995
517.09997999999996,65.483936
517.20001000000002,65.048248999999998
517.29998999999998,64.844921999999997
517.40002000000004,64.521949000000006
517.5,64.001278999999997
517.59997999999996,63.657445000000003
517.70001000000002,63.302965999999998
517.79998999999998,62.977285000000002
517.90002000000004,62.492671000000001
518,62.188460999999997
518.09997999999996,61.974224999999997
518.20001000000002,61.543843000000003
518.29998999999998,61.314655000000002
518.40002000000004,60.952663000000001
518.5,60.652163000000002
518.59997999999996,60.285814000000002
518.70001000000002,59.774254999999997
518.79998999999998,59.475951000000002
518.90002000000004,59.246127999999999
519,58.864179999999998
519.09997999999996,58.391700999999998
519.20001000000002,58.161251
519.29998999999998,57.807872000000003
519.40002000000004,57.428857000000001
519.5,57.154392999999999
519.59997999999996,56.871093000000002
519.70001000000002,56.526214000000003
519.79998999999998,56.143143000000002
519.90002000000004,55.943947000000001
520,55.524366999999998
520.09997999999996,55.206383000000002
520.20001000000002,54.905475000000003
520.29998999999998,54.622160000000001
520.40002000000004,54.314957
520.5,54.120538000000003
520.59997999999996,53.641789000000003
520.70001000000002,53.477226000000002
520.79998999999998,53.141157
520.90002000000004,52.794370999999998
521,52.559480999999998
521.09997999999996,52.251905000000001
521.20001000000002,51.881853
521.29998999999998,51.779873000000002
521.40002000000004,51.319333
521.5,50.953409999999998
521.59997999999996,50.681299000000003
521.70001000000002,50.236735000000003
521.79998999999998,50.055087999999998
521.90002000000004,49.805466000000003
522,49.409390999999999
522.09997999999996,49.106907
522.20001000000002,48.754564999999999
522.29998999999998,48.545074999999997
522.40002000000004,48.340407999999996
522.5,48.099837000000001
522.59997999999996,47.638215000000002
522.70001000000002,47.407932000000002
522.79998999999998,47.196632999999999
522.90002000000004,46.991034999999997
523,46.623007000000001
523.09997999999996,46.415061999999999
523.20001000000002,46.095042999999997
523.29998999999998,45.829732
523.40002000000004,45.421846000000002
523.5,45.184305999999999
523.59997999999996,44.847427000000003
523.70001000000002,44.580742999999998
523.79998999999998,44.354363999999997
523.90002000000004,44.140510999999996
524,43.813527999999998
524.09997999999996,43.527467999999999
524.20001000000002,43.156820000000003
524.29998999999998,42.989353000000001
524.40002000000004,42.765090000000001
524.5,42.507778000000002
524.59997999999996,42.272613
524.70001000000002,42.025936999999999
524.79998999999998,41.808430000000001
524.90002000000004,41.443829000000001
525,41.263019
525.09997999999996,40.987642000000001
525.20001000000002,40.831209000000001
525.29998999999998,40.701805
525.40002000000004,40.192208000000001
525.5,39.987963000000001
525.59997999999996,39.707554000000002
525.70001000000002,39.387697000000003
525.79998999999998,39.212583000000002
525.90002000000004,39.013604999999998
526,38.701959000000002
526.09997999999996,38.389848000000001
526.20001000000002,38.197937000000003
526.29998999999998,38.033878000000001
526.40002000000004,37.8489
526.5,37.638962999999997
526.59997999999996,37.27216
526.70001000000002,36.973739000000002
526.79998999999998,36.933826000000003
526.90002000000004,36.566654
527,36.276460999999998
527.09997999999996,36.140289000000003
527.20001000000002,35.870998
527.29998999999998,35.704121000000001
527.40002000000004,35.346317999999997
527.5,35.290691000000002
527.59997999999996,35.033465
527.70001000000002,34.814630999999999
527.79998999999998,34.483607999999997
527.90002000000004,34.255006000000002
528,34.154519999999998
528.09997999999996,34.049453999999997
528.20001000000002,33.836492999999997
528.29998999999998,33.538584999999998
528.40002000000004,33.316929000000002
528.5,33.017865999999998
528.59997999999996,32.780192999999997
528.70001000000002,32.538998999999997
528.79998999999998,32.284205999999998
528.90002000000004,32.271137000000003
529,31.858419000000001
529.09997999999996,31.803719000000001
529.20001000000002,31.577029
529.29998999999998,31.254093000000001
529.40002000000004,30.977018000000001
529.5,30.799223000000001
529.59997999999996,30.705838
529.70001000000002,30.452809999999999
529.79998999999998,30.202576000000001
529.90002000000004,29.945996000000001
530,29.822672000000001
530.09997999999996,29.651729
530.20001000000002,29.491752000000002
530.29998999999998,29.223219
530.40002000000004,28.972925
530.5,28.760638
530.59997999999996,28.757576
530.70001000000002,28.535177000000001
530.79998999999998,28.363223999999999
530.90002000000004,28.208624
531,28.147684999999999
531.09997999999996,27.856674999999999
531.20001000000002,27.801331999999999
531.29998999999998,27.461224000000001
531.40002000000004,27.124471
531.5,27.019575
531.59997999999996,26.693058000000001
531.70001000000002,26.765333999999999
531.79998999999998,26.45984
531.90002000000004,26.239246999999999
532,26.096461000000001
532.09997999999996,25.901689999999999
532.20001000000002,25.798995999999999
532.29998999999998,25.604714000000001
532.40002000000004,25.517831000000001
532.5,25.262720000000002
532.59997999999996,25.085376
532.70001000000002,24.935306000000001
532.79998999999998,24.851517999999999
532.90002000000004,24.565158
533,24.459398
533.09997999999996,24.172620999999999
533.20001000000002,24.105872999999999
533.29998999999998,23.921904999999999
533.40002000000004,23.766100999999999
533.5,23.573315000000001
533.59997999999996,23.354545000000002
533.70001000000002,23.156231999999999
533.79998999999998,23.143678999999999
533.90002000000004,22.856926999999999
534,22.632239999999999
534.09997999999996,22.514265000000002
534.20001000000002,22.423328000000001
534.29998999999998,22.273664
534.40002000000004,22.101832999999999
534.5,22.040870999999999
534.59997999999996,21.749700000000001
534.70001000000002,21.643771999999998
534.79998999999998,21.456818999999999
534.90002000000004,21.404183
535,21.184387999999998
535.09997999999996,21.117688999999999
535.20001000000002,21.159796
535.29998999999998,20.714753999999999
535.40002000000004,20.489027
535.5,20.640332000000001
535.59997999999996,20.620739
535.70001000000002,20.359459000000001
535.79998999999998,20.155742
535.90002000000004,19.853052000000002
536,19.924462999999999
536.09997999999996,19.569165000000002
536.20001000000002,19.384378000000002
536.29998999999998,19.249072000000002
536.40002000000004,19.139040000000001
536.5,18.976293999999999
536.59997999999996,18.823685999999999
536.70001000000002,18.637241
536.79998999999998,18.527625
536.90002000000004,18.397756999999999
537,18.267281000000001
537.09997999999996,18.281635999999999
537.20001000000002,18.026171000000001
537.29998999999998,17.888835
537.40002000000004,17.678820999999999
537.5,17.843285999999999
537.59997999999996,17.238986000000001
537.70001000000002,17.461874999999999
537.79998999999998,17.237120999999998
537.90002000000004,17.157416000000001
538,17.126698999999999
538.09997999999996,16.84478
538.20001000000002,16.747972000000001
538.29998999999998,16.606266999999999
538.40002000000004,16.722640999999999
538.5,16.538128
538.59997999999996,16.258599
538.70001000000002,16.103919000000001
538.79998999999998,15.968176
538.90002000000004,15.736204000000001
539,15.683764999999999
539.09997999999996,15.746321999999999
539.20001000000002,15.602290999999999
539.29998999999998,15.450915
539.40002000000004,15.445788
539.5,15.363918999999999
539.59997999999996,15.124732
539.70001000000002,14.889154
539.79998999999998,14.876621999999999
539.90002000000004,14.709076
540,14.595756
540.09997999999996,14.909553000000001
540.20001000000002,14.640138
540.29998999999998,14.319573999999999
540.40002000000004,14.20079
540.5,14.333536
540.59997999999996,13.90404
540.70001000000002,14.029051000000001
540.79998999999998,13.806193
540.90002000000004,13.579917999999999
541,13.680254
541.09997999999996,13.481837000000001
541.20001000000002,13.319337000000001
541.29998999999998,13.268352
541.40002000000004,13.164934000000001
541.5,13.253152
541.59997999999996,13.232608000000001
541.70001000000002,13.004580000000001
541.79998999999998,12.789361
541.90002000000004,12.860574
542,12.584016999999999
542.09997999999996,12.60467
542.20001000000002,12.694353
542.29998999999998,12.459979000000001
542.40002000000004,12.067830000000001
542.5,12.093617
542.59997999999996,11.950239
542.70001000000002,11.834422999999999
542.79998999999998,11.764262
542.90002000000004,11.655224
543,11.479933000000001
543.09997999999996,11.398656000000001
543.20001000000002,11.345470000000001
543.29998999999998,11.214312
543.40002000000004,11.180094
543.5,11.113077000000001
543.59997999999996,11.005122999999999
543.70001000000002,10.862904
543.79998999999998,10.819397
543.90002000000004,10.659329
544,10.815073
544.09997999999996,10.623602
544.20001000000002,10.637877
544.29998999999998,10.364499
544.40002000000004,10.171195000000001
544.5,10.101983000000001
544.59997999999996,10.053414999999999
544.70001000000002,9.9382511999999998
544.79998999999998,9.7936527000000009
544.90002000000004,9.8422461999999999
545,9.8403636999999993
545.09997999999996,9.8336462000000004
545.20001000000002,9.7553041999999994
545.29998999999998,9.8882616999999993
545.40002000000004,9.6664726999999999
545.5,9.2948325999999994
545.59997999999996,8.9122613000000008
545.70001000000002,8.8076314999999994
545.79998999999998,9.1500348999999996
545.90002000000004,9.0301752000000004
546,8.9292999999999996
546.09997999999996,9.0488587000000003
546.20001000000002,8.9997661000000004
546.29998999999998,8.7053200999999998
546.40002000000004,8.7340757
546.5,8.6990031000000005
546.59997999999996,8.5368432999999992
546.70001000000002,8.5195249999999998
546.79998999999998,8.3996543999999993
546.90002000000004,8.3620856000000003
547,8.2166564999999991
547.09997999999996,8.1427876000000001
547.20001000000002,8.0979001000000004
547.29998999999998,7.9525746000000002
547.40002000000004,7.9768179999999997
547.5,7.7986927000000001
547.59997999999996,7.8403418
547.70001000000002,7.7842519000000001
547.79998999999998,7.8089648
547.90002000000004,7.575393
548,7.6647993999999997
548.09997999999996,7.7671038000000001
548.20001000000002,7.6216252000000004
548.29998999999998,7.2985803000000002
548.40002000000004,7.3074918999999996
548.5,7.3710237000000003
548.59997999999996,7.3598151999999999
548.70001000000002,7.2908697
548.79998999999998,7.0850605
548.90002000000004,6.9611805000000002
549,7.2504846000000001
549.09997999999996,7.2326316999999998
549.20001000000002,7.0598998999999996
549.29998999999998,6.7990691999999999
549.40002000000004,6.8551757000000002
549.5,6.6454136000000004
549.59997999999996,6.6389041999999998
549.70001000000002,6.6147232000000002
549.79998999999998,6.5305052999999997
549.90002000000004,6.7002164999999998
550,6.8254875000000004
550.09997999999996,6.5974418000000004
550.20001000000002,6.3939921999999996
550.29998999999998,6.1120530000000004
550.40002000000004,6.1438305
550.5,6.1053506000000004
550.59997999999996,5.9282874000000003
550.70001000000002,6.0302207000000001
550.79998999999998,5.9419154000000001
550.90002000000004,5.9357329999999999
551,5.8262885000000004
551.09997999999996,5.8868603999999998
551.20001000000002,5.6272183
551.29998999999998,5.662928
551.40002000000004,5.5969661999999998
551.5,5.6301490999999997
551.59997999999996,5.5127248
551.70001000000002,5.4625823000000002
551.79998999999998,5.4721339000000002
551.90002000000004,5.2532218000000004
552,5.2427295999999997
552.09997999999996,5.0823147999999998
552.20001000000002,5.1411065000000002
552.29998999999998,5.1237089999999998
552.40002000000004,5.0928288999999998
552.5,4.9512286000000003
552.59997999999996,5.0111116999999998
552.70001000000002,5.1361917999999998
552.79998999999998,5.0883311999999998
552.90002000000004,4.8415419000000002
553,4.8149119999999996
553.09997999999996,4.7870530000000002
553.20001000000002,4.6958884000000003
553.29998999999998,4.7161232999999996
553.40002000000004,4.6823126999999998
553.5,4.5166982000000004
553.59997999999996,4.6091829000000004
553.70001000000002,4.5713414999999999
553.79998999999998,4.4031950000000002
553.90002000000004,4.5146920000000001
554,4.6542355000000004
554.09997999999996,4.3663283000000002
554.20001000000002,4.2726686999999997
554.29998999999998,4.3642674000000001
554.40002000000004,4.1450610000000001
554.5,4.1941455000000003
554.59997999999996,4.0260050999999999
554.70001000000002,4.1998430999999998
554.79998999999998,4.2713685000000003
554.90002000000004,4.1653650000000004
555,4.131354
555.09997999999996,3.9592759000000002
555.20001000000002,3.8897366
555.29998999999998,3.9394724999999999
555.40002000000004,3.9833864000000001
555.5,3.9041220999999999
555.59997999999996,3.7317461999999999
555.70001000000002,3.7886688999999998
555.79998999999998,3.7514908999999999
555.90002000000004,3.7110818999999999
556,3.7054331999999999
556.09997999999996,3.8369480999999999
556.20001000000002,3.7161045000000001
556.29998999999998,3.6155944999999998
556.40002000000004,3.8494999000000001
556.5,3.6283504999999998
556.59997999999996,3.4698628
556.70001000000002,3.4210771000000002
556.79998999999998,3.3513283
556.90002000000004,3.2722715
557,3.1099926999999998
557.09997999999996,3.2867044000000001
557.20001000000002,3.2067641
557.29998999999998,3.1907508
557.40002000000004,3.2134486
557.5,3.1407359000000001
557.59997999999996,2.9536642
557.70001000000002,3.0962143000000002
557.79998999999998,3.0415561000000002
557.90002000000004,3.0207774999999999
558,3.0040730999999998
558.09997999999996,2.9103205000000001
558.20001000000002,3.0855643000000001
558.29998999999998,3.0666685
558.40002000000004,2.9353159999999998
558.5,2.8220127000000002
558.59997999999996,2.8142396000000001
558.70001000000002,2.9766708
558.79998999999998,2.7509641999999999
558.90002000000004,2.6987030999999999
559,2.7527221000000002
559.09997999999996,2.7770081000000002
559.20001000000002,2.7149787000000001
559.29998999999998,2.7430368999999999
559.40002000000004,2.7369284999999999
559.5,2.6990329000000002
559.59997999999996,2.5860025000000002
559.70001000000002,2.6305561000000002
559.79998999999998,2.4722553999999999
559.90002000000004,2.5318011
560,2.3608212000000002
560.09997999999996,2.4844164000000002
560.20001000000002,2.296119
560.29998999999998,2.3290826999999998
560.40002000000004,2.3628271000000001
560.5,2.2962395
560.59997999999996,2.2820166
560.70001000000002,2.2093816999999998
560.79998999999998,2.2825603000000001
560.90002000000004,2.1623901999999999
561,2.1964388000000001
561.09997999999996,2.1149279000000001
561.20001000000002,2.0539844999999999
561.29998999999998,2.1015628
561.40002000000004,2.1497369000000002
561.5,2.0965023
561.59997999999996,2.0279297999999999
561.70001000000002,2.0623773999999999
561.79998999999998,2.0395108999999998
561.90002000000004,2.0564045000000002
562,2.0895158999999999
562.09997999999996,2.2068080000000001
562.20001000000002,2.172129
562.29998999999998,2.0609742
562.40002000000004,1.8342388999999999
562.5,2.0199376999999998
562.59997999999996,1.8033397
562.70001000000002,1.8663803999999999
562.79998999999998,1.8410157
562.90002000000004,1.7348931999999999
563,1.8571363000000001
563.09997999999996,1.7315294000000001
563.20001000000002,1.8337619000000001
563.29998999999998,1.7276001000000001
563.40002000000004,1.726081
563.5,1.792187
563.59997999999996,1.6721444999999999
563.70001000000002,1.6706095000000001
563.79998999999998,1.6824957
563.90002000000004,1.5892537
564,1.6606903
564.09997999999996,1.6820761
564.20001000000002,1.5468282
564.29998999999998,1.5884917000000001
564.40002000000004,1.6450967999999999
564.5,1.5283978
564.59997999999996,1.5124150000000001
564.70001000000002,1.6488796999999999
564.79998999999998,1.5750732000000001
564.90002000000004,1.5648008
565,1.6466057000000001
565.09997999999996,1.5378381000000001
565.20001000000002,1.5696675
565.29998999999998,1.5673982
565.40002000000004,1.5518752
565.5,1.6594091
565.59997999999996,1.4079184
565.70001000000002,1.5030570999999999
565.79998999999998,1.4396716000000001
565.90002000000004,1.7070981000000001
566,1.2945369
566.09997999999996,1.3459338000000001
566.20001000000002,1.4199234000000001
566.29998999999998,1.2841526999999999
566.40002000000004,1.4666063
566.5,1.6288400999999999
566.59997999999996,1.4477424000000001
566.70001000000002,1.2849524999999999
566.79998999999998,1.2666244
566.90002000000004,1.2376898000000001
567,1.3240429
567.09997999999996,1.2435144
567.20001000000002,1.1342000000000001
567.29998999999998,1.0794385
567.40002000000004,1.1911597
567.5,1.1191537
567.59997999999996,1.051145
567.70001000000002,1.1442976
567.79998999999998,1.0668496000000001
567.90002000000004,1.0218242
568,0.97820746000000003
568.09997999999996,1.0625897
568.20001000000002,0.97273220999999999
568.29998999999998,1.0536468999999999
568.40002000000004,0.92910680999999995
568.5,0.88317725999999996
568.59997999999996,1.0518829999999999
568.70001000000002,0.76832765000000003
568.79998999999998,0.87157076
568.90002000000004,0.84466521000000006
569,0.92346010999999995
569.09997999999996,0.81761881000000003
569.20001000000002,0.85117856000000003
569.29998999999998,0.92096255999999999
569.40002000000004,0.80426721000000001
569.5,0.76252416000000001
569.59997999999996,0.78394900999999995
569.70001000000002,0.89623680999999999
569.79998999999998,0.94926116000000005
569.90002000000004,0.78736130999999998
570,0.76023165999999998
570.09997999999996,0.79110776000000005
570.20001000000002,0.73048782000000001
570.29998999999998,0.77846435999999997
570.40002000000004,0.64676476999999999
570.5,0.72776817000000005
570.59997999999996,0.70696272999999998
570.70001000000002,0.74460048000000001
570.79998999999998,0.71854890999999999
570.90002000000004,0.63829155000000004
571,0.68999354999999996
571.09997999999996,0.75620356
571.20001000000002,0.67056402999999998
571.29998999999998,0.65385453999999998
571.40002000000004,0.56387555
571.5,0.57895198999999997
571.59997999999996,0.46123096000000002
571.70001000000002,0.67239031000000005
571.79998999999998,0.55073919999999998
571.90002000000004,0.85234525999999999
572,0.54804814999999996
572.09997999999996,0.53306246000000002
572.20001000000002,0.57933604999999999
572.29998999999998,0.69245314999999996
572.40002000000004,0.58725011000000005
572.5,0.50022522999999997
572.59997999999996,0.72330795999999997
572.70001000000002,0.68453028000000005
572.79998999999998,0.42143098000000001
572.90002000000004,0.51653444999999998
573,0.44129924999999998
573.09997999999996,0.54452842000000001
573.20001000000002,0.58841569000000005
573.29998999999998,0.54415901
573.40002000000004,0.49716146
573.5,0.37539984999999998
573.59997999999996,0.57817463999999996
573.70001000000002,0.36828149999999998
573.79998999999998,0.48611757
573.90002000000004,0.35240438000000002
574,0.67227815999999996
574.09997999999996,0.48590510999999997
574.20001000000002,0.50401700000000005
574.29998999999998,0.38399214999999998
574.40002000000004,0.52447683
574.5,0.53787284000000002
574.59997999999996,0.57997737000000005
574.70001000000002,0.40973337999999998
574.79998999999998,0.41941915000000002
574.90002000000004,0.53972282999999999
575,0.50979969000000003
575.09997999999996,0.49727915
575.20001000000002,0.53617373000000002
575.29998999999998,0.47159909999999999
575.40002000000004,0.51301737999999997
575.5,0.47715070999999998
575.59997999999996,0.45040305000000003
575.70001000000002,0.31202745999999998
575.79998999999998,0.35268149999999998
575.90002000000004,0.51404590999999999
576,0.37376139000000003
576.09997999999996,0.50897345999999999
576.20001000000002,0.51562224000000001
576.29998999999998,0.47051460000000001
576.40002000000004,0.36083693
576.5,0.36650361999999997
576.59997999999996,0.38780624000000002
576.70001000000002,0.59118764000000001
576.79998999999998,0.45329138000000002
576.90002000000004,0.30481561000000001
577,0.21244658999999999
577.09997999999996,0.48367828000000002
577.20001000000002,0.75854935999999995
577.29998999999998,0.50932474000000005
577.40002000000004,0.32952761000000003
577.5,0.30621405000000002
577.59997999999996,0.16473579999999999
577.70001000000002,0.19535352
577.79998999999998,0.28891783999999998
577.90002000000004,0.29738476000000003
578,0.25190470999999998
578.09997999999996,0.19991818
578.20001000000002,0.25641963000000001
578.29998999999998,0.20686947
578.40002000000004,0.25283841000000001
578.5,0.16906577
578.59997999999996,0.27785894999999999
578.70001000000002,0.16988971
578.79998999999998,0.21459481999999999
578.90002000000004,0.25917595999999998
579,0.29187025999999999
579.09997999999996,0.32728405999999999
579.20001000000002,0.33657629999999999
579.29998999999998,0.53106544
579.40002000000004,0.40751172000000002
579.5,0.43136965999999999
579.59997999999996,0.25424674000000003
579.70001000000002,0.26346617999999999
579.79998999999998,0.24563251999999999
579.90002000000004,0.22327472000000001
580,0.094992485000000002
580.09997999999996,0.12178324
580.20001000000002,0.13770934000000001
580.29998999999998,0.16583940999999999
580.40002000000004,0.34192215999999997
580.5,0.37593816000000002
580.59997999999996,0.21068001
580.70001000000002,0.31705111000000002
580.79998999999998,0.22073105000000001
580.90002000000004,0.05928311
581,0.19244596999999999
581.09997999999996,0.1089474
581.20001000000002,0.16010041
581.29998999999998,0.19320471
581.40002000000004,0.064082264999999999
581.5,0.22595414999999999
581.59997999999996,0.11618747
581.70001000000002,0.089307129999999998
581.79998999999998,0.10957633999999999
581.90002000000004,0.12065064
582,0.25689118999999999
582.09997999999996,0.0029295899000000001
582.20001000000002,0.075582314999999997
582.29998999999998,0.044226254999999999
582.40002000000004,0.12870635999999999
582.5,0.10065984
582.59997999999996,0.073793024999999998
582.70001000000002,0.30318001
582.79998999999998,0.31894705000000001
582.90002000000004,0.24141737999999999
583,0.035447985000000001
583.09997999999996,0.083113234999999994
583.20001000000002,0.30092205999999999
583.29998999999998,0.31314823000000003
583.40002000000004,0.11124729
583.5,0.23957299000000001
583.59997999999996,0.10348059
583.70001000000002,0.23297844000000001
583.79998999999998,0.22750577
583.90002000000004,0.11518609
584,0.055823669999999999
584.09997999999996,0.14178426999999999
584.20001000000002,0.090056684999999997
584.29998999999998,-0.029631609999999999
584.40002000000004,-0.0043529600999999999
584.5,0.067960955000000003
584.59997999999996,0.15385695999999999
584.70001000000002,0.16614672
584.79998999999998,0.11376591
584.90002000000004,0.13579911
585,0.031687254999999998
585.09997999999996,0.44989984
585.20001000000002,0.095862744999999999
585.29998999999998,0.079362904999999997
585.40002000000004,0.16546791999999999
585.5,0.049866710000000002
585.59997999999996,0.19910254999999999
585.70001000000002,0.10052058
585.79998999999998,0.019759934999999999
585.90002000000004,0.096914210000000001
586,0.035483265
586.09997999999996,0.046903254999999998
586.20001000000002,0.033076800000000003
586.29998999999998,0.057305584999999999
586.40002000000004,-0.017848025
586.5,0.12452813
586.59997999999996,0.035213735000000003
586.70001000000002,-0.073656484999999994
586.79998999999998,0.14670718999999999
586.90002000000004,0.067079459999999994
587,-0.069401507000000001
587.09997999999996,-0.097446877000000001
587.20001000000002,0.012451024999999999
587.29998999999998,0.041937269999999999
587.40002000000004,0.066667199999999996
587.5,-0.015515269999999999
587.59997999999996,-0.080206255000000004
587.70001000000002,0.15353981
587.79998999999998,0.14122744000000001
587.90002000000004,0.099813109999999997
588,0.026739925000000001
588.09997999999996,0.16048793
588.20001000000002,-0.0069693300999999997
588.29998999999998,0.095096975
588.40002000000004,0.10460767
588.5,0.011083185000000001
588.59997999999996,-0.034764455
588.70001000000002,-0.0057643900999999999
588.79998999999998,0.043038155000000002
588.90002000000004,0.098806400000000003
589,0.0064823449
589.09997999999996,0.0024072449000000001
589.20001000000002,0.081052274999999993
589.29998999999998,0.088421169999999993
589.40002000000004,-0.032833710000000002
589.5,0.05044382
589.59997999999996,-0.0051845700999999999
589.70001000000002,0.19052199
589.79998999999998,0.083146844999999997
589.90002000000004,-0.034893750000000001
590,-0.035157925
590.09997999999996,0.059658725000000003
590.20001000000002,0.031711349999999999
590.29998999999998,-0.066714460000000003
590.40002000000004,0.049839174999999999
590.5,0.17941498
590.59997999999996,0.05262526
590.70001000000002,-0.029445200000000001
590.79998999999998,-0.043117030000000001
590.90002000000004,0.23346054999999999
591,0.0032289449
591.09997999999996,-0.069365350000000006
591.20001000000002,-0.057846130000000003
591.29998999999998,0.0026267749
591.40002000000004,-0.017806425000000001
591.5,0.03268886
591.59997999999996,-0.077549182999999994
591.70001000000002,-0.040381689999999998
591.79998999999998,0.079264399999999999
591.90002000000004,-0.055769238999999998
592,-0.13775722000000001
592.09997999999996,-0.12115843
592.20001000000002,0.084908835000000002
592.29998999999998,-0.11265928
592.40002000000004,-0.12136545999999999
592.5,0.12212524
592.59997999999996,0.061631945
592.70001000000002,0.037373955
592.79998999999998,0.047189969999999998
592.90002000000004,0.019485220000000001
593,-0.014308670000000001
593.09997999999996,0.18568313
593.20001000000002,0.085563034999999996
593.29998999999998,0.0052971249000000002
593.40002000000004,-0.076734385000000002
593.5,0.13126292000000001
593.59997999999996,0.036524754999999999
593.70001000000002,-0.14402739000000001
593.79998999999998,0.017974839999999999
593.90002000000004,-0.060978245
594,0.043601460000000002
594.09997999999996,0.014754745
594.20001000000002,-0.036920775000000003
594.29998999999998,-0.0044305400999999998
594.40002000000004,-0.030633839999999999
594.5,0.040703515000000003
594.59997999999996,-0.079387344999999998
594.70001000000002,0.042414199999999999
594.79998999999998,0.022403035000000002
594.90002000000004,-0.0044914600999999997
595,0.11923984999999999
595.09997999999996,0.093710934999999995
595.20001000000002,-0.014308454999999999
595.29998999999998,-0.049189589999999998
595.40002000000004,0.19597575
595.5,-0.054460050000000003
595.59997999999996,0.036484715000000001
595.70001000000002,0.058617120000000002
595.79998999999998,-0.037742354999999998
595.90002000000004,-0.01307054
596,0.059631354999999997
596.09997999999996,0.13598743999999999
596.20001000000002,-0.061460519999999998
596.29998999999998,-0.10942279000000001
596.40002000000004,-0.13282637
596.5,-0.042027425
596.59997999999996,-0.058055095000000001
596.70001000000002,0.10579566999999999
596.79998999999998,0.036779979999999997
596.90002000000004,-0.12065624
597,-0.086399169999999997
597.09997999999996,0.10294606000000001
597.20001000000002,0.070733199999999996
597.29998999999998,0.093448555000000003
597.40002000000004,0.047387220000000001
597.5,-0.13537813000000001
597.59997999999996,0.036711880000000002
597.70001000000002,0.074299765000000004
597.79998999999998,-0.041413789999999999
597.90002000000004,0.016395980000000001
598,-0.024279305000000001
598.09997999999996,-0.089862170000000005
598.20001000000002,0.019216335000000001
598.29998999999998,-0.0028243151
598.40002000000004,0.02732209
598.5,0.0027086299
598.59997999999996,-0.046502920000000003
598.70001000000002,-0.016039350000000001
598.79998999999998,0.066481915000000003
598.90002000000004,-0.14188529999999999
599,-0.054533505000000003
599.09997999999996,-0.083642530000000007
599.20001000000002,0.01238331
599.29998999999998,0.089528860000000002
599.40002000000004,-0.030962424999999998
599.5,-0.10444754000000001
599.59997999999996,-0.088423679000000005
599.70001000000002,0.026326155
599.79998999999998,-0.16146968
599.90002000000004,-0.0034417050999999998
600,-0.043957045
