Wavelength_nm,Reactant_normalized,PSS_normalized_to_reactant,Reactant_reconstructed_M-1_cm-1,PSS_reconstructed_M-1_cm-1,Product_epsilon_M-1_cm-1,Product_epsilon_raw_M-1_cm-1,Product_lower_nonnegative_M-1_cm-1,Product_upper_nonnegative_M-1_cm-1,Product_error_lower_M-1_cm-1,Product_error_upper_M-1_cm-1
250,0.10363789700000001,0.16633205600000001,2378.64831,3817.57519,8919.2250499999991,8919.2250499999991,8548.4993099999992,9322.9925199999998,370.72574100000003,403.76746200000002
250.09999999999999,0.10361066400000001,0.165775162,2378.0232700000001,3804.7936399999999,8863.3431099999998,8863.3431099999998,8495.5546599999998,9263.8941300000006,367.78844500000002,400.551019
250.19999999999999,0.103590401,0.16522488699999999,2377.5582199999999,3792.1639799999998,8807.5843999999997,8807.5843999999997,8442.7335999999996,9204.9184399999995,364.85079999999999,397.33404100000001
250.30000000000001,0.10357702000000001,0.16468115799999999,2377.2510900000002,3779.6845600000001,8751.9486699999998,8751.9486699999998,8390.0357899999999,9146.0652800000007,361.91288100000003,394.11661199999998
250.40000000000001,0.10357042900000001,0.16414390200000001,2377.0998199999999,3767.3537099999999,8696.4356800000005,8696.4356800000005,8337.4609199999995,9087.3345000000008,358.97476399999999,390.898819
250.5,0.103570539,0.16361304600000001,2377.1023399999999,3755.16977,8641.0451900000007,8641.0451900000007,8285.0086599999995,9028.7259300000005,356.03652399999999,387.680744
250.59999999999999,0.10357726,0.16308851999999999,2377.2566000000002,3743.1310800000001,8585.77693,8585.77693,8232.6787000000004,8970.2394100000001,353.09823699999998,384.46247399999999
250.69999999999999,0.103590502,0.162570249,2377.5605399999999,3731.2359700000002,8530.6306800000002,8530.6306800000002,8180.4706999999999,8911.8747700000004,350.15998000000002,381.24409200000002
250.80000000000001,0.103610176,0.16205816200000001,2378.01208,3719.4827799999998,8475.6061800000007,8475.6061800000007,8128.38436,8853.6318699999993,347.22182600000002,378.02568500000001
250.90000000000001,0.103636191,0.16155218499999999,2378.6091700000002,3707.8698599999998,8420.7031900000002,8420.7031900000002,8076.4193299999997,8795.5105199999998,344.28385300000002,374.80733600000002
251,0.103668459,0.16105224800000001,2379.3497499999999,3696.3955299999998,8365.9214499999998,8365.9214499999998,8024.5753100000002,8737.5105800000001,341.346136,371.58913100000001
251.09999999999999,0.103706887,0.160558277,2380.2317499999999,3685.0581299999999,8311.2607200000002,8311.2607200000002,7972.8519699999997,8679.6318699999993,338.40875,368.37115399999999
251.19999999999999,0.103751388,0.160070199,2381.2531199999999,3673.8560000000002,8256.7207600000002,8256.7207600000002,7921.2489800000003,8621.8742500000008,335.47177199999999,365.15349099999997
251.30000000000001,0.103801871,0.15958794300000001,2382.4117799999999,3662.78748,8202.3013100000007,8202.3013100000007,7869.7660299999998,8564.2375300000003,332.53527600000001,361.93622499999998
251.40000000000001,0.103858247,0.159111435,2383.70568,3651.8508999999999,8148.0021299999999,8148.0021299999999,7818.4027900000001,8506.7215699999997,329.59933899999999,358.71944300000001
251.5,0.103920424,0.15864060399999999,2385.13276,3641.0446099999999,8093.8229799999999,8093.8229799999999,7767.1589400000003,8449.3262099999993,326.66403600000001,355.50322799999998
251.59999999999999,0.103988315,0.15817537700000001,2386.69094,3630.3669300000001,8039.7636000000002,8039.7636000000002,7716.0341600000002,8392.0512699999999,323.729443,352.287666
251.69999999999999,0.104061828,0.157715681,2388.3781800000002,3619.81621,7985.8237499999996,7985.8237499999996,7665.0281199999999,8334.8966,320.795636,349.07284099999998
251.80000000000001,0.10414087399999999,0.157261444,2390.1924100000001,3609.3907800000002,7932.0031900000004,7932.0031900000004,7614.1405000000004,8277.8620300000002,317.86268899999999,345.85883899999999
251.90000000000001,0.104225363,0.156812594,2392.1315599999998,3599.08898,7878.3016600000001,7878.3016600000001,7563.3709799999997,8220.9474100000007,314.93068,342.64574399999998
252,0.10431520499999999,0.15636905800000001,2394.1935800000001,3588.90915,7824.7189200000003,7824.7189200000003,7512.7192400000004,8164.1525600000004,311.999683,339.43364000000003
252.09999999999999,0.10441031100000001,0.155930764,2396.3763899999999,3578.8496300000002,7771.2547199999999,7771.2547199999999,7462.1849499999998,8107.4773400000004,309.06977499999999,336.22261400000002
252.19999999999999,0.10451059,0.15549763899999999,2398.6779499999998,3568.9087399999999,7717.9088199999997,7717.9088199999997,7411.7677899999999,8050.9215700000004,306.14103,333.01274899999999
252.30000000000001,0.104615952,0.15506961,2401.09618,3559.08484,7664.6809700000003,7664.6809700000003,7361.4674400000004,7994.4850999999999,303.213525,329.80413099999998
252.40000000000001,0.104726309,0.15464660599999999,2403.6290300000001,3549.3762499999998,7611.5709100000004,7611.5709100000004,7311.2835800000003,7938.1677600000003,300.28733499999998,326.59684399999998
252.5,0.104841569,0.15422855399999999,2406.2744299999999,3539.7813099999998,7558.5784199999998,7558.5784199999998,7261.2158799999997,7881.9693900000002,297.36253599999998,323.39097299999997
252.59999999999999,0.104959211,0.153816541,2408.97451,3530.3249900000001,7506.0221499999998,7506.0221499999998,7211.5636299999996,7826.2299599999997,294.45852300000001,320.20781599999998
252.69999999999999,0.10508178999999999,0.15340857199999999,2411.7878700000001,3520.96146,7453.4860200000003,7453.4860200000003,7161.9353099999998,7770.5064000000002,291.550702,317.02037999999999
252.80000000000001,0.105209025,0.15300519500000001,2414.70811,3511.70334,7401.0500300000003,7401.0500300000003,7112.4064399999997,7714.8836499999998,288.64359200000001,313.83362099999999
252.90000000000001,0.10534057199999999,0.152606884,2417.7273,3502.56151,7348.7918799999998,7348.7918799999998,7063.0502200000001,7659.4443099999999,285.74165699999998,310.65243600000002
253,0.105477231,0.15221199599999999,2420.8638500000002,3493.4982100000002,7296.4745899999998,7296.4745899999998,7013.6430600000003,7603.9367599999996,282.83153299999998,307.46217000000001
253.09999999999999,0.10561617700000001,0.15181820900000001,2424.05287,3484.4602,7244.0861699999996,7244.0861699999996,6964.1707900000001,7548.3514100000002,279.91537699999998,304.26524699999999
253.19999999999999,0.105757193,0.15142524900000001,2427.2894200000001,3475.4411799999998,7191.6156099999998,7191.6156099999998,6914.6227900000004,7492.67688,276.99281999999999,301.06126799999998
253.30000000000001,0.105900733,0.151033112,2430.5838600000002,3466.4410200000002,7139.0255200000001,7139.0255200000001,6864.9640900000004,7436.8730800000003,274.06142899999998,297.84755999999999
253.40000000000001,0.106047162,0.150641682,2433.9446400000002,3457.4571099999998,7086.2740800000001,7086.2740800000001,6815.1554500000002,7380.8953600000004,271.11862400000001,294.621287
253.5,0.106196763,0.150250737,2437.3782099999999,3448.48432,7033.3150699999997,7033.3150699999997,6765.1534000000001,7324.6945299999998,268.161676,291.37945400000001
253.59999999999999,0.106351318,0.149865161,2440.9254900000001,3439.6347700000001,6980.51314,6980.51314,6715.3049700000001,7268.6544199999998,265.20816500000001,288.141279
253.69999999999999,0.106510865,0.14948272800000001,2444.5873299999998,3430.8573299999998,6927.6327899999997,6927.6327899999997,6665.3872300000003,7212.5258299999996,262.245564,284.89303699999999
253.80000000000001,0.10667584400000001,0.14910461999999999,2448.3738499999999,3422.1791699999999,6874.7616900000003,6874.7616900000003,6615.4835999999996,7156.40103,259.27808700000003,281.63933700000001
253.90000000000001,0.106846617,0.14873192399999999,2452.2933499999999,3413.6252300000001,6821.9837100000004,6821.9837100000004,6565.6738800000003,7100.3683600000004,256.30982499999999,278.38465000000002
254,0.10702347,0.14836563,2456.3524000000002,3405.2182299999999,6769.3789100000004,6769.3789100000004,6516.0341699999999,7044.5122199999996,253.34474299999999,275.13331299999999
254.09999999999999,0.107206833,0.14800718600000001,2460.5608499999998,3396.9913999999999,6717.0633399999997,6717.0633399999997,6466.6747699999996,6988.9549399999996,250.38857200000001,271.891594
254.19999999999999,0.107398286,0.147660237,2464.9550100000001,3389.0283800000002,6665.2885200000001,6665.2885200000001,6417.8354300000001,6933.9608799999996,247.453091,268.67235799999997
254.30000000000001,0.107599264,0.147327184,2469.5677599999999,3381.3843000000002,6614.1884200000004,6614.1884200000004,6369.6444300000003,6879.6702299999997,244.54399100000001,265.481808
254.40000000000001,0.107809585,0.147008791,2474.3949299999999,3374.0767000000001,6563.8574900000003,6563.8574900000003,6322.19103,6826.1831199999997,241.666461,262.32562999999999
254.5,0.10802901199999999,0.14670575899999999,2479.4311200000002,3367.1216599999998,6514.3881199999996,6514.3881199999996,6275.5624900000003,6773.5975699999999,238.82563500000001,259.209452
254.59999999999999,0.108257254,0.146418728,2484.6696400000001,3360.53386,6465.8706599999996,6465.8706599999996,6229.8440700000001,6722.0095099999999,236.02659299999999,256.138846
254.69999999999999,0.10849444499999999,0.14614660800000001,2490.1135199999999,3354.28829,6418.1806699999997,6418.1806699999997,6184.9180699999997,6671.2871100000002,233.26260400000001,253.10643400000001
254.80000000000001,0.10873801499999999,0.14588401500000001,2495.7038400000001,3348.2613700000002,6370.9653200000002,6370.9653200000002,6140.4478300000001,6621.0598799999998,230.51748799999999,250.09455500000001
254.90000000000001,0.108985762,0.145628378,2501.3900100000001,3342.3941100000002,6324.1359000000002,6324.1359000000002,6096.3471799999998,6571.2363800000003,227.78871699999999,247.10048599999999
255,0.109238505,0.14538063300000001,2507.1908400000002,3336.7079800000001,6277.7232899999999,6277.7232899999999,6052.64617,6521.8484099999996,225.07712100000001,244.12511799999999
255.09999999999999,0.109496969,0.145141571,2513.1229800000001,3331.2211400000001,6231.7510000000002,6231.7510000000002,6009.3677699999998,6472.9200099999998,222.383229,241.169014
255.19999999999999,0.109761787,0.14491184100000001,2519.2009800000001,3325.9484900000002,6186.2351500000004,6186.2351500000004,5966.5278799999996,6424.4675699999998,219.70727099999999,238.23241400000001
255.30000000000001,0.11003423800000001,0.144692663,2525.4541399999998,3320.9180299999998,6141.1990900000001,6141.1990900000001,5924.1498600000004,6376.5143500000004,217.04922199999999,235.31526199999999
255.40000000000001,0.11031632299999999,0.14448628499999999,2531.9284200000002,3316.1813200000001,6096.7142999999996,6096.7142999999996,5882.3034100000004,6329.1338100000003,214.410898,232.41950199999999
255.5,0.11060871999999999,0.144293277,2538.6393800000001,3311.7515100000001,6052.7854200000002,6052.7854200000002,5840.9935400000004,6282.33007,211.79187300000001,229.54465500000001
255.59999999999999,0.11091163499999999,0.144113563,2545.5917300000001,3307.6267899999998,6009.3874500000002,6009.3874500000002,5800.1968299999999,6236.0764900000004,209.19062,226.689041
255.69999999999999,0.111225199,0.14394694199999999,2552.7885099999999,3303.80258,5966.4888499999997,5966.4888499999997,5759.8835200000003,6190.3395399999999,206.605334,223.850684
255.80000000000001,0.111549471,0.14379309500000001,2560.2310600000001,3300.2715600000001,5924.0515400000004,5924.0515400000004,5720.0176000000001,6145.0788499999999,204.03393800000001,221.02730500000001
255.90000000000001,0.111883432,0.14365359999999999,2567.8959599999998,3297.0699300000001,5882.3230800000001,5882.3230800000001,5680.8325100000002,6100.5574999999999,201.49057199999999,218.23441299999999
256,0.11222486700000001,0.14352578099999999,2575.7324100000001,3294.1362800000002,5841.2045500000004,5841.2045500000004,5642.2323800000004,6056.6732599999996,198.972174,215.468704
256.10000000000002,0.11257376199999999,0.14340992399999999,2583.7400899999998,3291.4771999999998,5800.72696,5800.72696,5604.2465599999996,6013.4589599999999,196.48040499999999,212.73199600000001
256.19999999999999,0.11293003,0.14330622300000001,2591.91698,3289.0971,5760.9175500000001,5760.9175500000001,5566.9007600000004,5970.9435199999998,194.016794,210.025969
256.30000000000001,0.113293485,0.14321474200000001,2600.25884,3286.9974699999998,5721.7981,5721.7981,5530.2154099999998,5929.1501900000003,191.58268100000001,207.35209
256.39999999999998,0.113664062,0.14313585000000001,2608.7641600000002,3285.18678,5683.4124400000001,5683.4124400000001,5494.2319900000002,5888.1254200000003,189.18045599999999,204.71298100000001
256.5,0.114043294,0.143071911,2617.4680899999998,3283.7192799999998,5645.8825800000004,5645.8825800000004,5459.0675000000001,5847.9966199999999,186.815076,202.114037
256.60000000000002,0.114432345,0.143021916,2626.3974199999998,3282.5718099999999,5609.0082899999998,5609.0082899999998,5424.53352,5808.55062,184.47476900000001,199.542338
256.69999999999999,0.114830584,0.142986433,2635.5376200000001,3281.7574399999999,5572.9004500000001,5572.9004500000001,5390.73441,5769.9054800000004,182.16604100000001,197.00502599999999
256.80000000000001,0.115237308,0.142965913,2644.8725399999998,3281.28647,5537.6631299999999,5537.6631299999999,5357.7680300000002,5732.1720500000001,179.895106,194.50892099999999
256.89999999999998,0.115651743,0.142960685,2654.3844800000002,3281.1664700000001,5503.3935099999999,5503.3935099999999,5325.7256299999999,5695.4540399999996,177.66788299999999,192.06052299999999
257,0.116074052,0.14296975200000001,2664.0771,3281.3745699999999,5469.9747200000002,5469.9747200000002,5294.4967100000003,5659.6275800000003,175.478015,189.652863
257.10000000000002,0.11650340300000001,0.14299042100000001,2673.9313699999998,3281.8489599999998,5437.1931699999996,5437.1931699999996,5263.8781799999997,5624.4676200000004,173.314989,187.27445
257.19999999999999,0.116937519,0.14302162900000001,2683.8949899999998,3282.5652300000002,5405.1233599999996,5405.1233599999996,5233.9383500000004,5590.0554899999997,171.185012,184.93212800000001
257.30000000000001,0.117376727,0.14306275900000001,2693.9754899999998,3283.5092300000001,5373.6742899999999,5373.6742899999999,5204.5913700000001,5556.2945399999999,169.08292900000001,182.62024600000001
257.39999999999998,0.117821272,0.14311304399999999,2704.17848,3284.6633499999998,5342.7460899999996,5342.7460899999996,5175.7428900000004,5523.0788199999997,167.00320300000001,180.33273299999999
257.5,0.118271312,0.143171566,2714.50758,3286.0065199999999,5312.2300400000004,5312.2300400000004,5147.2901300000003,5490.2931399999998,164.939911,178.06309899999999
257.60000000000002,0.118726579,0.143240592,2724.9566500000001,3287.5907699999998,5282.3844900000004,5282.3844900000004,5119.4774699999998,5458.2111299999997,162.90701999999999,175.82664800000001
257.69999999999999,0.11918614199999999,0.143320487,2735.50432,3289.4244899999999,5253.3232500000004,5253.3232500000004,5092.41176,5426.9542700000002,160.91148899999999,173.63102000000001
257.80000000000001,0.119649645,0.14341063000000001,2746.1424400000001,3291.4933999999998,5225.0104499999998,5225.0104499999998,5066.0586899999998,5396.4849700000004,158.951764,171.474523
257.89999999999998,0.12011698,0.14351095899999999,2756.8685,3293.7961,5197.4484899999998,5197.4484899999998,5040.4204099999997,5366.80591,157.02808300000001,169.357418
258,0.120587941,0.14362128299999999,2767.67776,3296.3281999999999,5170.6343200000001,5170.6343200000001,5015.4938300000003,5337.9140699999998,155.14048500000001,167.279754
258.10000000000002,0.121062224,0.143741285,2778.5632799999998,3299.0824299999999,5144.5594099999998,5144.5594099999998,4991.2705900000001,5309.8007799999996,153.28881799999999,165.24136999999999
258.19999999999999,0.121543109,0.14387235900000001,2789.60034,3302.09078,5119.1023400000004,5119.1023400000004,4967.6389399999998,5282.3339299999998,151.463401,163.23159200000001
258.30000000000001,0.122031507,0.144014633,2800.8098100000002,3305.3562000000002,5094.2025000000003,5094.2025000000003,4944.5423799999999,5255.4483899999996,149.660121,161.24589399999999
258.39999999999998,0.122527673,0.144167833,2812.1975900000002,3308.8723599999998,5069.8101999999999,5069.8101999999999,4921.9341100000001,5229.0913,147.87608700000001,159.28110599999999
258.5,0.123031803,0.14433157099999999,2823.7681299999999,3312.6303899999998,5045.8693199999998,5045.8693199999998,4899.7611900000002,5203.2030699999996,146.10813200000001,157.333755
258.60000000000002,0.123544023,0.14450534700000001,2835.5243599999999,3316.6188299999999,5022.3174099999997,5022.3174099999997,4877.9645899999996,5177.7174800000003,144.35281699999999,155.400069
258.69999999999999,0.124064428,0.14468878399999999,2847.4684600000001,3320.82899,4999.1072100000001,4999.1072100000001,4856.4996700000002,5152.5844200000001,142.607541,153.47720100000001
258.80000000000001,0.12459281799999999,0.14488419299999999,2859.5958099999998,3325.3139200000001,4976.4962800000003,4976.4962800000003,4835.6101200000003,5128.0766199999998,140.88616500000001,151.58033399999999
258.89999999999998,0.12512557599999999,0.14508816399999999,2871.8234200000002,3329.9953799999998,4954.4232199999997,4954.4232199999997,4815.2342200000003,5104.1331099999998,139.18900300000001,149.709892
259,0.12566360800000001,0.145301342,2884.1720999999998,3334.8881299999998,4932.8813600000003,4932.8813600000003,4795.3665499999997,5080.7458500000002,137.51480799999999,147.86448899999999
259.10000000000002,0.12620772099999999,0.14552424799999999,2896.6603100000002,3340.0041799999999,4911.8596900000002,4911.8596900000002,4775.9974899999997,5057.90229,135.8622,146.04259500000001
259.19999999999999,0.12675861799999999,0.14575728600000001,2909.3042500000001,3345.35275,4891.3429100000003,4891.3429100000003,4757.1132399999997,5035.5854499999996,134.22967,144.24254300000001
259.30000000000001,0.12731626700000001,0.146000094,2922.1031400000002,3350.9255699999999,4871.29601,4871.29601,4738.6806100000003,5013.7583500000001,132.61539400000001,142.46233799999999
259.39999999999998,0.12788144500000001,0.14625149400000001,2935.0748400000002,3356.6955800000001,4851.5327500000003,4851.5327500000003,4720.5240199999998,4992.2230499999996,131.008726,140.69029800000001
259.5,0.12845679199999999,0.14651159399999999,2948.2799399999999,3362.6652800000002,4831.8496500000001,4831.8496500000001,4702.4533899999997,4970.76134,129.396263,138.91169099999999
259.60000000000002,0.12904115699999999,0.14677970000000001,2961.6920100000002,3368.8186999999998,4812.2678800000003,4812.2678800000003,4684.4876100000001,4949.39689,127.78026699999999,137.12901600000001
259.69999999999999,0.129633314,0.147054986,2975.2829299999999,3375.1369500000001,4792.8012399999998,4792.8012399999998,4666.6385600000003,4928.1456699999999,126.162679,135.34442799999999
259.80000000000001,0.130231966,0.14733650400000001,2989.0228900000002,3381.5982199999999,4773.4561999999996,4773.4561999999996,4648.9110700000001,4907.0159299999996,124.545126,133.55973599999999
259.89999999999998,0.13083925299999999,0.147627287,3002.9610600000001,3388.27214,4754.3750399999999,4754.3750399999999,4631.4420099999998,4886.15589,122.93303899999999,131.78084200000001
260,0.13145691400000001,0.14793052600000001,3017.13733,3395.2319299999999,4735.7491399999999,4735.7491399999999,4614.41428,4865.7660800000003,121.334852,130.016944
260.10000000000002,0.13208444599999999,0.148246346,3031.5401499999998,3402.4804800000002,4717.6325399999996,4717.6325399999996,4597.8786099999998,4845.9042799999997,119.753929,128.271739
260.19999999999999,0.132721747,0.14857481,3046.1671799999999,3410.0192200000001,4700.0401099999999,4700.0401099999999,4581.8489499999996,4826.5863099999997,118.191159,126.54620300000001
260.30000000000001,0.13336867899999999,0.14891590599999999,3061.0152600000001,3417.84791,4682.9818500000001,4682.9818500000001,4566.33464,4807.8229199999996,116.64720800000001,124.84106800000001
260.39999999999998,0.134025071,0.149269551,3076.0804499999999,3425.9645999999998,4666.4629400000003,4666.4629400000003,4551.3404200000004,4789.6197700000002,115.122522,123.156825
260.5,0.13468945099999999,0.14963390100000001,3091.32899,3434.32699,4650.4107999999997,4650.4107999999997,4536.7960899999998,4771.9016799999999,113.61470300000001,121.490881
260.60000000000002,0.13535823,0.15000633199999999,3106.6784899999998,3442.8748599999999,4634.8437999999996,4634.8437999999996,4522.7155300000004,4754.6920600000003,112.12827299999999,119.848266
260.69999999999999,0.13603093699999999,0.150386187,3122.1181499999998,3451.5931099999998,4619.7316199999996,4619.7316199999996,4509.0695400000004,4737.9593599999998,110.662087,118.227739
260.80000000000001,0.136707566,0.15077301000000001,3137.6478200000001,3460.4713000000002,4605.0272699999996,4605.0272699999996,4495.8136100000002,4721.6538399999999,109.21365900000001,116.62657400000001
260.89999999999998,0.13738803599999999,0.15116624100000001,3153.2656499999998,3469.4965400000001,4590.6787999999997,4590.6787999999997,4482.8984799999998,4705.7206399999995,107.780314,115.041845
261,0.13807219300000001,0.151565214,3168.9681099999998,3478.6535899999999,4576.6293599999999,4576.6293599999999,4470.2701800000004,4690.0997799999996,106.359188,113.47041900000001
261.10000000000002,0.138761831,0.151972093,3184.7963399999999,3487.9920900000002,4562.9588100000001,4562.9588100000001,4458.0060700000004,4674.8737700000001,104.952746,111.91495500000001
261.19999999999999,0.139455052,0.15238299699999999,3200.7068300000001,3497.4229500000001,4549.4164499999997,4549.4164499999997,4445.8668900000002,4659.7794299999996,103.54956300000001,110.362982
261.30000000000001,0.14015238699999999,0.15279843700000001,3216.7117400000002,3506.9579399999998,4536.0126700000001,4536.0126700000001,4433.86301,4644.82719,102.14966699999999,108.814519
261.39999999999998,0.14085428799999999,0.15321881100000001,3232.8214400000002,3516.60617,4522.7520299999996,4522.7520299999996,4421.9991799999998,4630.0213599999997,100.752853,107.26933099999999
261.5,0.14156113000000001,0.15364439899999999,3249.0445500000001,3526.3740699999998,4509.6332599999996,4509.6332599999996,4410.2745800000002,4615.3601900000003,99.358682700000003,105.72693200000001
261.60000000000002,0.142272695,0.154075874,3265.3760499999999,3536.2770599999999,4496.7442499999997,4496.7442499999997,4398.7722100000001,4600.9369100000004,97.972034199999996,104.192667
261.69999999999999,0.14298736400000001,0.154515502,3281.7788,3546.3671899999999,4484.4533000000001,4484.4533000000001,4387.8392599999997,4587.1430200000004,96.614042900000001,102.68971999999999
261.80000000000001,0.143704836,0.15496444700000001,3298.2458799999999,3556.6711799999998,4472.9063500000002,4472.9063500000002,4377.6135999999997,4574.1332499999999,95.292746800000003,101.22690299999999
261.89999999999998,0.14442474999999999,0.15542268000000001,3314.76901,3567.1883200000002,4462.1294900000003,4462.1294900000003,4368.1196099999997,4561.9356200000002,94.0098871,99.806128999999999
262,0.14514665299999999,0.15589007799999999,3331.3377700000001,3577.9158299999999,4452.1471099999999,4452.1471099999999,4359.3799099999997,4550.5764300000001,92.767205300000001,98.429316
262.10000000000002,0.145869996,0.156366433,3347.9396099999999,3588.8489100000002,4442.9818599999999,4442.9818599999999,4351.4154200000003,4540.0802400000002,91.566443599999999,97.098383900000002
262.19999999999999,0.146596434,0.15685195599999999,3364.61247,3599.9923899999999,4434.5211799999997,4434.5211799999997,4344.1211899999998,4530.3261499999999,90.399998299999993,95.804968900000006
262.30000000000001,0.147329138,0.15734722100000001,3381.4291499999999,3611.3595,4426.56711,4426.56711,4337.3128800000004,4521.1011799999997,89.2542349,94.534068500000004
262.39999999999998,0.14806867500000001,0.15785211900000001,3398.4026600000002,3622.94767,4419.0617899999997,4419.0617899999997,4330.9362700000001,4512.3434900000002,88.125524499999997,93.281695799999994
262.5,0.14881481399999999,0.15836619900000001,3415.5276800000001,3634.7465900000002,4411.9772899999998,4411.9772899999998,4324.9646700000003,4504.0237699999998,87.012614200000002,92.046483600000002
262.60000000000002,0.149567274,0.15888893500000001,3432.7977999999998,3646.7441800000001,4405.2813399999995,4405.2813399999995,4319.3672699999997,4496.1081999999997,85.914068700000001,90.826866300000006
262.69999999999999,0.15032573199999999,0.15941972200000001,3450.2055599999999,3658.9265700000001,4398.9373999999998,4398.9373999999998,4314.1091299999998,4488.5584799999997,84.828271099999995,89.621079699999996
262.80000000000001,0.151090579,0.159959409,3467.7599700000001,3671.3132099999998,4393.0019499999999,4393.0019499999999,4309.2441200000003,4481.4339200000004,83.757828799999999,88.431971200000007
262.89999999999998,0.15185864499999999,0.16050460999999999,3485.3882699999999,3683.8263999999999,4387.3797599999998,4387.3797599999998,4304.67893,4474.6372600000004,82.700822700000003,87.257508099999995
263,0.15262949000000001,0.16105470199999999,3503.08034,3696.4518499999999,4382.0417500000003,4382.0417500000003,4300.3855999999996,4468.1382400000002,81.656145699999996,86.096487699999997
263.10000000000002,0.153403647,0.16161012599999999,3520.84843,3709.1996899999999,4376.9905200000003,4376.9905200000003,4296.3671100000001,4461.9389899999996,80.623408299999994,84.948471499999997
263.19999999999999,0.15418157599999999,0.162171223,3538.70309,3722.0777200000002,4372.2241299999996,4372.2241299999996,4292.6220800000001,4456.0369700000001,79.602053900000001,83.812839999999994
263.30000000000001,0.154963663,0.16273823200000001,3556.65319,3735.0914400000001,4367.73614,4367.73614,4289.1447799999996,4450.4249300000001,78.591359100000005,82.688792399999997
263.39999999999998,0.15575024600000001,0.16331130099999999,3574.7064700000001,3748.24424,4363.51451,4363.51451,4285.9241599999996,4445.0897599999998,77.590351299999995,81.575255999999996
263.5,0.156541129,0.16389002799999999,3592.8584500000002,3761.5269199999998,4359.5333199999995,4359.5333199999995,4282.9354700000004,4440.0042599999997,76.597849600000004,80.470941800000006
263.60000000000002,0.15733658,0.16447445099999999,3611.11526,3774.94031,4355.7745800000002,4355.7745800000002,4280.1619499999997,4435.1490899999999,75.612634900000003,79.374508899999995
263.69999999999999,0.158136789,0.1650645,3629.48128,3788.4828499999999,4352.2156800000002,4352.2156800000002,4277.5823600000003,4430.5001199999997,74.633320100000006,78.2844336
263.80000000000001,0.15894186799999999,0.165660003,3647.9590899999998,3802.1505499999998,4348.8293999999996,4348.8293999999996,4275.1710499999999,4426.0284099999999,73.658349299999998,77.199009700000005
263.89999999999998,0.15975273500000001,0.16626147799999999,3666.5697300000002,3815.95532,4345.5951400000004,4345.5951400000004,4272.90942,4421.7111699999996,72.685725399999995,76.116029699999999
264,0.160574351,0.16687285199999999,3685.4270499999998,3829.9872799999998,4342.5190199999997,4342.5190199999997,4270.8081499999998,4417.5493900000001,71.7108712,75.030371900000006
264.10000000000002,0.16140822499999999,0.167494538,3704.56574,3844.2559299999998,4339.5211499999996,4339.5211499999996,4268.7930900000001,4413.4568799999997,70.728056800000005,73.935727900000003
264.19999999999999,0.16225504800000001,0.16812691299999999,3724.0016300000002,3858.7699200000002,4336.5847899999999,4336.5847899999999,4266.84908,4409.4151599999996,69.735713200000006,72.830364099999997
264.30000000000001,0.16311547800000001,0.16877028599999999,3743.7498099999998,3873.53631,4333.6884600000003,4333.6884600000003,4264.9564099999998,4405.4007700000002,68.732050299999997,71.712305499999999
264.39999999999998,0.16399014200000001,0.16942489299999999,3763.8246800000002,3888.5605500000001,4330.80591,4330.80591,4263.0908600000002,4401.3852500000003,67.715056700000005,70.579335599999993
264.5,0.164877258,0.17009046999999999,3784.1853500000002,3903.8365600000002,4328.0544900000004,4328.0544900000004,4261.3617700000004,4397.4947199999997,66.692716300000001,69.440237300000007
264.60000000000002,0.16577147,0.17076481600000001,3804.7088899999999,3919.3138100000001,4325.6403600000003,4325.6403600000003,4259.9591,4393.9532600000002,65.681257500000001,68.3129019
264.69999999999999,0.16667069800000001,0.17144646299999999,3825.34755,3934.95867,4323.57989,4323.57989,4258.8962899999997,4390.7804699999997,64.683602899999997,67.200575700000002
264.80000000000001,0.16757499000000001,0.17213579800000001,3846.1024499999999,3950.7799500000001,4321.9092799999999,4321.9092799999999,4258.2076500000003,4388.0145899999998,63.7016244,66.1053079
264.89999999999998,0.16848429100000001,0.17283309899999999,3866.97228,3966.7840799999999,4320.6622900000002,4320.6622900000002,4257.9251199999999,4385.6914200000001,62.737169899999998,65.029123600000005
265,0.16939843800000001,0.17353854199999999,3887.9533499999998,3982.9750899999999,4319.8703299999997,4319.8703299999997,4258.07827,4383.8443600000001,61.792063300000002,63.974023799999998
265.10000000000002,0.17031787700000001,0.17425221499999999,3909.0558900000001,3999.3549699999999,4319.5062799999996,4319.5062799999996,4258.64185,4382.4442200000003,60.864426100000003,62.937941600000002
265.19999999999999,0.17124182199999999,0.17497442499999999,3930.2618400000001,4015.9307899999999,4319.6661700000004,4319.6661700000004,4259.70604,4381.5934900000002,59.960129600000002,61.927324499999997
265.30000000000001,0.17216983799999999,0.175705098,3951.56124,4032.7008500000002,4320.3776699999999,4320.3776699999999,4261.2965999999997,4381.3219300000001,59.081070799999999,60.944259700000003
265.39999999999998,0.173101848,0.17644390400000001,3972.9522900000002,4049.6575800000001,4321.6127100000003,4321.6127100000003,4263.3868700000003,4381.5999099999999,58.225837200000001,59.9872017
265.5,0.17403766600000001,0.17719041299999999,3994.43075,4066.7911199999999,4323.3415199999999,4323.3415199999999,4265.9484899999998,4382.3961499999996,57.393033699999997,59.054627000000004
265.60000000000002,0.17497699799999999,0.177944096,4015.9898499999999,4084.0892699999999,4325.5326800000003,4325.5326800000003,4268.9513999999999,4383.6777199999997,56.5812831,58.145033300000001
265.69999999999999,0.17592274399999999,0.17870620200000001,4037.6961700000002,4101.5807800000002,4328.0807599999998,4328.0807599999998,4272.2986300000002,4385.3298599999998,55.782128,57.249094499999998
265.80000000000001,0.17687462600000001,0.17947661600000001,4059.5433200000002,4119.26296,4330.9962400000004,4330.9962400000004,4275.9998400000004,4387.3639700000003,54.996399799999999,56.367727100000003
265.89999999999998,0.17783290299999999,0.18025493000000001,4081.5372299999999,4137.1264700000002,4334.2155899999998,4334.2155899999998,4279.9951099999998,4389.7125400000004,54.220472999999998,55.496954799999997
266,0.17879780100000001,0.18104065499999999,4103.6831300000003,4155.1600500000004,4337.6691199999996,4337.6691199999996,4284.2187000000004,4392.3015999999998,53.450426100000001,54.632477799999997
266.10000000000002,0.17976946099999999,0.18183321399999999,4125.9841999999999,4173.3504999999996,4341.2855300000001,4341.2855300000001,4288.6031899999998,4395.0555299999996,52.682339200000001,53.769999599999998
266.19999999999999,0.18074818000000001,0.182632396,4148.4472999999998,4191.6929399999999,4345.0183800000004,4345.0183800000004,4293.1049199999998,4397.9248699999998,51.913454999999999,52.9064938
266.30000000000001,0.18173640799999999,0.183441303,4171.1286600000003,4210.2586000000001,4348.9920400000001,4348.9920400000001,4297.8440899999996,4401.0385200000001,51.147949799999999,52.046480899999999
266.39999999999998,0.182734223,0.184256907,4194.0300399999996,4228.9779500000004,4352.8842000000004,4352.8842000000004,4302.5155500000001,4404.0553499999996,50.368650700000003,51.171151000000002
266.5,0.183742022,0.185080089,4217.1605600000003,4247.8712299999997,4356.7545399999999,4356.7545399999999,4307.1762099999996,4407.0380699999996,49.578331400000003,50.283532999999998
266.60000000000002,0.184760128,0.18591164499999999,4240.5276400000002,4266.9567200000001,4360.6598400000003,4360.6598400000003,4311.8801599999997,4410.0464099999999,48.779684099999997,49.386568599999997
266.69999999999999,0.18578879000000001,0.18675228799999999,4264.1370299999999,4286.2507599999999,4364.6539899999998,4364.6539899999998,4316.6786700000002,4413.1370999999999,47.975319900000002,48.483111999999998
266.80000000000001,0.186828203,0.18760212300000001,4287.9931399999996,4305.7557800000004,4368.7323999999999,4368.7323999999999,4321.5675899999997,4416.3050800000001,47.164805200000004,47.572684299999999
266.89999999999998,0.18787869700000001,0.188461828,4312.1035700000002,4325.4873399999997,4372.9388600000002,4372.9388600000002,4326.5887199999997,4419.5963199999997,46.3501361,46.657464099999999
267,0.18894053399999999,0.18933312599999999,4336.4743699999999,4345.4849400000003,4377.4315200000001,4377.4315200000001,4331.8920799999996,4423.1778700000004,45.539441400000001,45.746349000000002
267.10000000000002,0.19001358800000001,0.190215417,4361.1026000000002,4365.73488,4382.15841,4382.15841,4337.42832,4426.9948700000004,44.730090300000001,44.836460199999998
267.19999999999999,0.191097661,0.19110803500000001,4385.9837299999999,4386.2218199999998,4387.0659500000002,4387.0659500000002,4343.1465099999996,4430.9908500000001,43.919435399999998,43.924902500000002
267.30000000000001,0.192192487,0.192010242,4411.1116599999996,4406.9288699999997,4392.0989499999996,4392.0989499999996,4347.27945,4436.8570399999999,44.819498799999998,44.758092099999999
267.39999999999998,0.19329677100000001,0.192920903,4436.4566800000002,4427.8299200000001,4397.2441500000004,4397.2441500000004,4351.4209199999996,4442.94074,45.823229599999998,45.696582300000003
267.5,0.194407994,0.19383852400000001,4461.9609399999999,4448.8907300000001,4402.5508900000004,4402.5508900000004,4355.7224200000001,4449.1874699999998,46.828468399999998,46.6365877
267.60000000000002,0.19552496599999999,0.19476195099999999,4487.5971600000003,4470.0847899999999,4407.9954699999998,4407.9954699999998,4360.1606599999996,4455.5731800000003,47.834808099999997,47.577713099999997
267.69999999999999,0.19664717800000001,0.19569014600000001,4513.3536299999996,4491.3882800000001,4413.5111200000001,4413.5111200000001,4364.6669499999998,4462.0328300000001,48.844176900000001,48.521708699999998
267.80000000000001,0.19777402199999999,0.19662199299999999,4539.2164300000004,4512.7756099999997,4419.0308800000003,4419.0308800000003,4369.1724800000002,4468.5011199999999,49.858405599999998,49.4702342
267.89999999999998,0.198904795,0.19755630099999999,4565.1693999999998,4534.2194,4424.48758,4424.48758,4373.6083500000004,4474.9124300000003,50.879227899999997,50.424858200000003
268,0.200042636,0.198496175,4591.2845799999996,4555.7909499999996,4429.9498999999996,4429.9498999999996,4378.04241,4481.3363099999997,51.907488200000003,51.386414600000002
268.10000000000002,0.201190379,0.199439795,4617.6270400000003,4577.4484599999996,4434.9971400000004,4434.9971400000004,4382.0352599999997,4487.3691699999999,52.961880000000001,52.372027699999997
268.19999999999999,0.20234784,0.200386967,4644.1925499999998,4599.1875200000004,4439.6242000000002,4439.6242000000002,4385.5818099999997,4493.0058900000004,54.042393599999997,53.381685300000001
268.30000000000001,0.203514469,0.20133784399999999,4670.9684699999998,4621.0115900000001,4443.8917600000004,4443.8917600000004,4388.7455799999998,4498.3045300000003,55.146179099999998,54.412773899999998
268.39999999999998,0.20468966999999999,0.20229251400000001,4697.9411399999999,4642.92274,4447.8574799999997,4447.8574799999997,4391.5870299999997,4503.3202199999996,56.2704509,55.462738700000003
268.5,0.20587281800000001,0.20325101600000001,4725.0961900000002,4664.9218199999996,4451.5762999999997,4451.5762999999997,4394.16381,4508.1053899999997,57.412491500000002,56.529085700000003
268.60000000000002,0.20706329200000001,0.20421419199999999,4752.4193800000003,4687.02819,4455.1866900000005,4455.1866900000005,4396.6202000000003,4512.7931799999997,58.566485800000002,57.606493100000002
268.69999999999999,0.20825701299999999,0.205184426,4779.8171000000002,4709.2965400000003,4459.2691100000002,4459.2691100000002,4399.5626499999998,4517.9402700000001,59.706461599999997,58.671165899999998
268.80000000000001,0.209454159,0.20616108799999999,4807.2934500000001,4731.7124199999998,4463.7432799999997,4463.7432799999997,4402.90769,4523.46929,60.835593199999998,59.726005800000003
268.89999999999998,0.21065483700000001,0.207143511,4834.8508300000003,4754.2605299999996,4468.5312999999996,4468.5312999999996,4406.5744100000002,4529.3050599999997,61.956887999999999,60.773760899999999
269,0.21185907500000001,0.20813099600000001,4862.4899500000001,4776.9248299999999,4473.5575799999997,4473.5575799999997,4410.4844000000003,4535.3746099999998,63.073186300000003,61.8170249
269.10000000000002,0.21306656900000001,0.20912281899999999,4890.2037799999998,4799.68869,4478.7715500000004,4478.7715500000004,4414.5855099999999,4541.6287499999999,64.186036099999995,62.857205399999998
269.19999999999999,0.214276842,0.21011824800000001,4917.9813899999999,4822.5352999999996,4484.1355100000001,4484.1355100000001,4418.8391899999997,4548.0306099999998,65.296321199999994,63.895099600000002
269.30000000000001,0.215490295,0.21111648499999999,4945.8319899999997,4845.4463800000003,4489.5337300000001,4489.5337300000001,4423.1249500000004,4554.4687599999997,66.408775300000002,64.935037699999995
269.39999999999998,0.21670618,0.21211670099999999,4973.7384300000003,4868.4028600000001,4494.9404100000002,4494.9404100000002,4427.41687,4560.9175500000001,67.523546699999997,65.9771401
269.5,0.21792368100000001,0.21311803100000001,5001.6819299999997,4891.3849099999998,4500.3318200000003,4500.3318200000003,4431.6911899999996,4567.3532100000002,68.640632999999994,67.021388400000006
269.60000000000002,0.21914191,0.21411957400000001,5029.6421499999997,4914.3718500000004,4505.68624,4505.68624,4435.9263600000004,4573.7538699999996,69.759881300000004,68.067625199999995
269.69999999999999,0.220362056,0.215122274,5057.6463800000001,4937.3853600000002,4511.0053600000001,4511.0053600000001,4440.1228499999997,4580.1223600000003,70.882515600000005,69.116991900000002
269.80000000000001,0.221584633,0.21612426400000001,5085.7063799999996,4960.3825699999998,4516.0527199999997,4516.0527199999997,4444.0348400000003,4586.23074,72.017872800000006,70.178023499999995
269.89999999999998,0.222808806,0.21712361399999999,5113.80303,4983.31916,4520.6945599999999,4520.6945599999999,4447.5245400000003,4591.9489700000004,73.170019800000006,71.254417000000004
270,0.224034652,0.21812115600000001,5141.9380700000002,5006.2142800000001,4525.0117700000001,4525.0117700000001,4450.6757299999999,4597.35527,74.336033999999998,72.343505100000002
270.10000000000002,0.225262191,0.21911766999999999,5170.1119699999999,5029.0858200000002,4529.0839900000001,4529.0839900000001,4453.5710099999997,4602.5266000000001,75.512979999999999,73.442608300000003
270.19999999999999,0.22649138999999999,0.22011388300000001,5198.3239700000004,5051.9504100000004,4532.9896200000003,4532.9896200000003,4456.2917100000004,4607.5386500000004,76.697909300000006,74.549033699999995
270.30000000000001,0.22772335699999999,0.221110064,5226.5994899999996,5074.8142900000003,4536.6667900000002,4536.6667900000002,4458.7724699999999,4612.3327799999997,77.894318699999999,75.665996000000007
270.39999999999998,0.22895569900000001,0.22210851200000001,5254.8836199999996,5097.7302099999997,4540.5499099999997,4540.5499099999997,4461.4664199999997,4617.3262599999998,79.083484900000002,76.776352599999996
270.5,0.23018850199999999,0.22310970399999999,5283.1783400000004,5120.7091,4544.6818000000003,4544.6818000000003,4464.4178899999997,4622.5605299999997,80.263909699999999,77.878737099999995
270.60000000000002,0.231422561,0.22411356800000001,5311.5018899999995,5143.7493000000004,4548.9901399999999,4548.9901399999999,4467.5510000000004,4627.9665500000001,81.439139900000001,78.9764038
270.69999999999999,0.23265859899999999,0.22511999199999999,5339.8708500000002,5166.8482700000004,4553.4045900000001,4553.4045900000001,4470.7920199999999,4633.4770500000004,82.612570700000006,80.072467000000003
270.80000000000001,0.23389726499999999,0.226128826,5368.3001199999999,5190.0025699999997,4557.85671,4557.85671,4474.0692600000002,4639.0266099999999,83.787445000000005,81.169900600000005
270.89999999999998,0.2351405,0.227139909,5396.83428,5213.2084800000002,4562.1715599999998,4562.1715599999998,4477.1992,4644.4481599999999,84.972362000000004,82.276595
271,0.236393778,0.22815259800000001,5425.5989300000001,5236.4512299999997,4565.8366699999997,4565.8366699999997,4479.6443900000004,4649.2521100000004,86.192278599999995,83.415445800000001
271.10000000000002,0.23765671099999999,0.22916673000000001,5454.5851700000003,5259.7271199999996,4568.8667500000001,4568.8667500000001,4481.4205199999997,4653.4523099999997,87.446227899999997,84.585562800000005
271.19999999999999,0.23892888800000001,0.230182103,5483.78359,5283.0314699999999,4571.2739799999999,4571.2739799999999,4482.5406700000003,4657.0600999999997,88.733313699999997,85.786119200000002
271.30000000000001,0.24020987699999999,0.23119846999999999,5513.1842200000001,5306.3586500000001,4573.0679899999996,4573.0679899999996,4483.0152799999996,4660.0843400000003,90.052709500000006,87.016352100000006
271.39999999999998,0.24149931199999999,0.232216481,5542.7787399999997,5329.7235700000001,4574.3461200000002,4574.3461200000002,4482.94571,4662.6187099999997,91.400406200000006,88.272593299999997
271.5,0.24279572499999999,0.23323997599999999,5572.5334000000003,5353.2143500000002,4575.6286300000002,4575.6286300000002,4482.8731399999997,4665.16435,92.755489499999996,89.535718299999999
271.60000000000002,0.24409539,0.23426950399999999,5602.3627100000003,5376.8435900000004,4577.2757899999997,4577.2757899999997,4483.1752399999996,4668.0655500000003,94.100548200000006,90.789755200000002
271.69999999999999,0.245398909,0.235305604,5632.2804599999999,5400.6236699999999,4579.2950099999998,4579.2950099999998,4483.8590599999998,4671.33007,95.435957500000001,92.035058699999993
271.80000000000001,0.24670682099999999,0.23634880899999999,5662.2990499999996,5424.5668100000003,4581.6979499999998,4581.6979499999998,4484.9360800000004,4674.9697299999998,96.761868000000007,93.271777
271.89999999999998,0.248019604,0.23739964299999999,5692.4294200000004,5448.68505,4584.5004799999997,4584.5004799999997,4486.4222799999998,4679.0003399999996,98.078206399999999,94.499852799999999
272,0.24933743999999999,0.23845699400000001,5722.6757699999998,5472.9528799999998,4587.5717299999997,4587.5717299999997,4488.1817000000001,4683.2956400000003,99.3900316,95.723908800000004
272.10000000000002,0.25066144600000001,0.239517864,5753.0637399999996,5497.3014700000003,4590.5079699999997,4590.5079699999997,4489.7944200000002,4687.4667300000001,100.713548,96.958762500000006
272.19999999999999,0.25199265900000001,0.240581304,5783.6171100000001,5521.7090500000004,4593.1259600000003,4593.1259600000003,4491.0692799999997,4691.33763,102.056682,98.211671499999994
272.30000000000001,0.25333074799999999,0.24164743499999999,5814.3283000000001,5546.1783800000003,4595.4650300000003,4595.4650300000003,4492.0474100000001,4694.9459999999999,103.417616,99.480970499999998
272.39999999999998,0.254675337,0.24271632400000001,5845.1886800000002,5570.7110300000004,4597.5630000000001,4597.5630000000001,4492.7684600000002,4698.3280000000004,104.794538,100.76499699999999
272.5,0.256026003,0.24378799100000001,5876.1885199999997,5595.3074200000001,4599.4562400000004,4599.4562400000004,4493.2705999999998,4701.5183299999999,106.18563899999999,102.06209
272.60000000000002,0.25738371399999999,0.24486276200000001,5907.3500800000002,5619.9750599999998,4601.09998,4601.09998,4493.5063499999997,4704.4747299999999,107.593631,103.374746
272.69999999999999,0.25874631300000001,0.24594222099999999,5938.6238199999998,5644.7502999999997,4602.8351300000004,4602.8351300000004,4493.8316100000002,4707.5243600000003,109.003516,104.689229
272.80000000000001,0.26011331999999998,0.247026515,5969.9987099999998,5669.63652,4604.7160000000003,4604.7160000000003,4494.3032400000002,4710.7192100000002,110.412758,106.00321099999999
272.89999999999998,0.26148528100000001,0.24811518900000001,6001.4873200000002,5694.6232499999996,4606.6506399999998,4606.6506399999998,4494.82528,4713.9710100000002,111.825363,107.320364
273,0.26286268200000001,0.249207757,6033.10077,5719.6993599999996,4608.5489100000004,4608.5489100000004,4495.3037000000004,4717.1931400000003,113.245204,108.644232
273.10000000000002,0.26424594400000001,0.25030370200000002,6064.8487599999999,5744.8529699999999,4610.3224499999997,4610.3224499999997,4495.6464299999998,4720.30069,114.67602100000001,109.978238
273.19999999999999,0.26563304999999998,0.251405455,6096.6849700000002,5770.1398799999997,4612.3891299999996,4612.3891299999996,4496.2890200000002,4723.6953100000001,116.100109,111.30617700000001
273.30000000000001,0.26702576500000003,0.25251250200000003,6128.6498899999997,5795.5483000000004,4614.5517399999999,4614.5517399999999,4497.0250400000004,4727.1882599999999,117.526702,112.636516
273.39999999999998,0.26842338799999998,0.25362504800000002,6160.7274900000002,5821.08295,4616.8886599999996,4616.8886599999996,4497.9365299999999,4730.85455,118.95213200000001,113.96589
273.5,0.26982510399999998,0.25474330699999997,6192.8990100000001,5846.7487000000001,4619.4885100000001,4619.4885100000001,4499.1162899999999,4734.77898,120.372224,115.29047300000001
273.60000000000002,0.27123003400000001,0.25586747599999998,6225.1442999999999,5872.5500899999997,4622.4433399999998,4622.4433399999998,4500.6607299999996,4739.0495899999996,121.78260899999999,116.606257
273.69999999999999,0.272637829,0.25699733000000002,6257.4553500000002,5898.4819799999996,4625.75821,4625.75821,4502.5754800000004,4743.6709199999996,123.182722,117.912718
273.80000000000001,0.27405133799999998,0.25812882399999998,6289.8975600000003,5924.4514900000004,4628.7790500000001,4628.7790500000001,4504.17911,4748.0139600000002,124.59993799999999,119.23491
273.89999999999998,0.27546832300000001,0.25925735500000002,6322.4195200000004,5950.3530000000001,4631.2080800000003,4631.2080800000003,4505.16518,4751.7887499999997,126.042896,120.580675
274,0.27688918699999998,0.26038354899999999,6355.03053,5976.2008800000003,4633.0775800000001,4633.0775800000001,4505.56675,4755.0269099999996,127.51083300000001,121.949324
274.10000000000002,0.27831428499999999,0.26150794599999999,6387.7386999999999,6002.0074999999997,4634.41507,4634.41507,4505.4119600000004,4757.7553600000001,129.00311099999999,123.340283
274.19999999999999,0.27974391900000001,0.26263099899999998,6420.5509899999997,6027.7832900000003,4635.2432600000002,4635.2432600000002,4504.7240400000001,4759.9963399999997,130.519215,124.753085
274.30000000000001,0.28117776,0.263753077,6453.4598299999998,6053.5366899999999,4635.6273899999997,4635.6273899999997,4503.5710200000003,4761.8125700000001,132.056364,126.185187
274.39999999999998,0.28261362299999998,0.26487633399999999,6486.4151000000002,6079.3171700000003,4635.9699799999999,4635.9699799999999,4502.37273,4763.5907100000004,133.59724399999999,127.620735
274.5,0.28405013400000001,0.266002866,6519.3852200000001,6105.1728000000003,4636.6015100000004,4636.6015100000004,4501.4734200000003,4765.6486500000001,135.12809200000001,129.04713699999999
274.60000000000002,0.285487612,0.26713193299999999,6552.3775299999998,6131.0866100000003,4637.4188100000001,4637.4188100000001,4500.7657200000003,4767.8870200000001,136.653087,130.46821399999999
274.69999999999999,0.286926291,0.268262744,6585.3974200000002,6157.0404699999999,4638.3203700000004,4638.3203700000004,4500.1441199999999,4770.2080100000003,138.17625200000001,131.88764399999999
274.80000000000001,0.28836632099999998,0.26939446,6618.4483,6183.0150800000001,4639.2063699999999,4639.2063699999999,4499.5049099999997,4772.5153300000002,139.70145600000001,133.30896300000001
274.89999999999998,0.28980909500000002,0.270530084,6651.5621700000002,6209.0793899999999,4640.2767999999996,4640.2767999999996,4499.0540199999996,4775.0035900000003,141.222779,134.72679400000001
275,0.29125673000000002,0.27167221800000002,6684.7876100000003,6235.2930900000001,4641.6307100000004,4641.6307100000004,4498.8918800000001,4777.7706200000002,142.738833,136.13990999999999
275.10000000000002,0.29270979699999999,0.27282113899999999,6718.1377199999997,6261.6625999999997,4643.2507800000003,4643.2507800000003,4498.9999100000005,4780.80026,144.250879,137.549475
275.19999999999999,0.29416827699999998,0.27397712400000002,6751.6120899999996,6288.1942300000001,4645.1672900000003,4645.1672900000003,4499.4095200000002,4784.1217299999998,145.75777199999999,138.954443
275.30000000000001,0.29563209600000001,0.27514044700000001,6785.2089699999997,6314.89426,4647.4148299999997,4647.4148299999997,4500.1566899999998,4787.7683999999999,147.25814500000001,140.353566
275.39999999999998,0.29710112,0.27631137500000003,6818.9253099999996,6341.7688600000001,4650.0323500000004,4650.0323500000004,4501.2819399999998,4791.7777400000004,148.75040799999999,141.745386
275.5,0.29857872899999999,0.27748784900000001,6852.8387000000002,6368.7707300000002,4652.5297499999997,4652.5297499999997,4502.27333,4795.6796800000002,150.25642199999999,143.149934
275.60000000000002,0.30006405000000003,0.27866587500000001,6886.9290799999999,6395.8082199999999,4654.5615399999997,4654.5615399999997,4502.7734700000001,4799.13958,151.78807399999999,144.57804400000001
275.69999999999999,0.30155783400000002,0.27984553200000001,6921.2137199999997,6422.8831700000001,4656.07485,4656.07485,4502.7267099999999,4802.1071199999997,153.348141,146.03226699999999
275.80000000000001,0.30306103699999998,0.28102724600000001,6955.7145399999999,6450.0053200000002,4657.0362699999996,4657.0362699999996,4502.0973700000004,4804.5509700000002,154.93889799999999,147.5147
275.89999999999998,0.30457456900000002,0.28221138800000001,6990.4523900000004,6477.18318,4657.4105200000004,4657.4105200000004,4500.8478800000003,4806.43797,156.56263799999999,149.02745400000001
276,0.30609898499999999,0.28339830100000002,7025.4400900000001,6504.4246499999999,4657.1881100000001,4657.1881100000001,4498.9677899999997,4807.7595199999996,158.22031799999999,150.57141300000001
276.10000000000002,0.30762930999999999,0.28458877100000002,7060.5633799999996,6531.7477500000005,4656.8559800000003,4656.8559800000003,4496.9675200000001,4808.9810299999999,159.888465,152.12504799999999
276.19999999999999,0.30916549500000001,0.28578305599999998,7095.8211700000002,6559.1584300000004,4656.4450900000002,4656.4450900000002,4494.8792100000001,4810.1323499999999,161.565879,153.68726000000001
276.30000000000001,0.31070701099999998,0.28698143100000001,7131.2013399999996,6586.6629700000003,4656.0269399999997,4656.0269399999997,4492.7776100000001,4811.2820300000003,163.24933200000001,155.25509199999999
276.39999999999998,0.31225324500000001,0.28818411799999999,7166.68977,6614.2664599999998,4655.6747500000001,4655.6747500000001,4490.7393099999999,4812.5001899999997,164.935438,156.82544200000001
276.5,0.31380349600000002,0.289391287,7202.2704000000003,6641.9728599999999,4655.4633899999999,4655.4633899999999,4488.8427300000003,4813.8584499999997,166.62065999999999,158.39506399999999
276.60000000000002,0.315358684,0.290603061,7237.9643400000004,6669.7849100000003,4655.3305700000001,4655.3305700000001,4487.0222599999997,4815.2975699999997,168.30830700000001,159.96699899999999
276.69999999999999,0.31692145900000002,0.29181987700000001,7273.8324300000004,6697.7127200000004,4655.1064500000002,4655.1064500000002,4485.0988900000002,4816.6561199999996,170.007555,161.549677
276.80000000000001,0.31849032300000002,0.29304228199999999,7309.8402599999999,6725.7687699999997,4654.9698500000004,4654.9698500000004,4483.2597100000003,4818.1053700000002,171.710139,163.135524
276.89999999999998,0.32006605300000002,0.29427004299999998,7346.0056599999998,6753.94776,4654.8333899999998,4654.8333899999998,4481.4132399999999,4819.56167,173.42014800000001,164.728285
277,0.321649356,0.29550288699999999,7382.3448900000003,6782.24341,4654.6109100000003,4654.6109100000003,4479.4693699999998,4820.9425099999999,175.14154500000001,166.33159599999999
277.10000000000002,0.32324087000000001,0.29674049600000002,7418.8725599999998,6810.6484499999997,4654.2174999999997,4654.2174999999997,4477.33932,4822.1664799999999,176.878175,167.94898000000001
277.19999999999999,0.32483979000000002,0.297983677,7455.57024,6839.1813499999998,4653.8025799999996,4653.8025799999996,4475.1789600000002,4823.3771399999996,178.62361799999999,169.57455899999999
277.30000000000001,0.32644532100000001,0.299232251,7492.4196199999997,6867.8380200000001,4653.4123600000003,4653.4123600000003,4473.0370700000003,4824.6183199999996,180.37529599999999,171.205961
277.39999999999998,0.32805750099999997,0.30048572400000001,7529.4216399999996,6896.6071599999996,4652.9921800000002,4652.9921800000002,4470.8568999999998,4825.8372600000002,182.13528299999999,172.84508299999999
277.5,0.32967607300000001,0.30174442800000001,7566.5703199999998,6925.4963299999999,4652.5976300000002,4652.5976300000002,4468.6963999999998,4827.0874100000001,183.901231,174.48977500000001
277.60000000000002,0.33130068899999998,0.30300864900000002,7603.8577599999999,6954.5121399999998,4652.2867900000001,4652.2867900000001,4466.61618,4828.4245099999998,185.67061200000001,176.137722
277.69999999999999,0.33293092200000002,0.30427863399999999,7641.2740899999999,6983.6602400000002,4652.1202400000002,4652.1202400000002,4464.6795300000003,4829.9066700000003,187.44071,177.78643600000001
277.80000000000001,0.33456952099999998,0.30555287399999997,7678.8824500000001,7012.9059999999999,4651.7167300000001,4651.7167300000001,4462.4880700000003,4831.1683499999999,189.22866200000001,179.45161899999999
277.89999999999998,0.33621751300000002,0.30682944000000001,7716.7063900000003,7042.20514,4650.79162,4650.79162,4459.7454699999998,4831.9355800000003,191.04615100000001,181.143957
278,0.33787504400000001,0.30810803799999997,7754.7492700000003,7071.5509400000001,4649.3022899999996,4649.3022899999996,4456.4073799999996,4832.16734,192.89491699999999,182.86504299999999
278.10000000000002,0.33954222299999998,0.30938858400000002,7793.0135700000001,7100.9414100000004,4647.2310299999999,4647.2310299999999,4452.4552999999996,4831.8466200000003,194.77573599999999,184.615588
278.19999999999999,0.341219102,0.31067092000000002,7831.5005099999998,7130.3729999999996,4644.55728,4644.55728,4447.8678499999996,4830.9536200000002,196.68942899999999,186.39634100000001
278.30000000000001,0.34290567999999999,0.31195482200000002,7870.2100499999997,7159.84051,4641.2575999999999,4641.2575999999999,4442.6207299999996,4829.46569,198.636864,188.20809600000001
278.39999999999998,0.34459875400000001,0.313240829,7909.0686900000001,7189.3563400000003,4637.6489000000001,4637.6489000000001,4437.0460899999998,4827.6857799999998,200.60280599999999,190.036879
278.5,0.34629279299999999,0.31452597799999998,7947.94949,7218.8524799999996,4633.8721400000004,4633.8721400000004,4431.2961100000002,4825.7444800000003,202.57603499999999,191.872333
278.60000000000002,0.34798821800000002,0.315810694,7986.8620700000001,7248.3386600000003,4629.9375,4629.9375,4425.3808799999997,4823.6520399999999,204.556625,193.71453700000001
278.69999999999999,0.34968532499999999,0.31709531099999999,8025.8132800000003,7277.8226000000004,4625.8556200000003,4625.8556200000003,4419.3111099999996,4821.4190500000004,206.54450700000001,195.56343200000001
278.80000000000001,0.35138429500000001,0.31838007600000001,8064.8072400000001,7307.3099199999997,4621.6376099999998,4621.6376099999998,4413.0981599999996,4819.0564299999996,208.53945899999999,197.41881900000001
278.89999999999998,0.35308590299999998,0.31966655900000002,8103.86175,7336.8366599999999,4617.38411,4617.38411,4406.8455199999999,4816.6621800000003,210.53858399999999,199.27807000000001
279,0.35479333899999999,0.32096082399999998,8143.0500199999997,7366.5420299999996,4613.4682599999996,4613.4682599999996,4400.9367899999997,4814.6000100000001,212.531474,201.131743
279.10000000000002,0.35650791399999998,0.32226496100000002,8182.4021300000004,7396.4739600000003,4610.00137,4610.00137,4395.48596,4812.97876,214.515412,202.977386
279.19999999999999,0.35822970500000001,0.32357987999999999,8221.9198799999995,7426.65337,4607.0721000000003,4607.0721000000003,4390.5849099999996,4811.8841700000003,216.487191,204.812071
279.30000000000001,0.35995870800000002,0.32490646200000001,8261.6031399999993,7457.1004599999997,4604.7728100000004,4604.7728100000004,4386.3294299999998,4811.4054599999999,218.44337300000001,206.63265899999999
279.39999999999998,0.36169483099999999,0.32624555799999999,8301.4498199999998,7487.8347599999997,4603.1995800000004,4603.1995800000004,4382.8192799999997,4811.6353799999997,220.380292,208.435801
279.5,0.36343935599999999,0.32759570900000001,8341.4893300000003,7518.8227999999999,4602.0959999999995,4602.0959999999995,4379.7871400000004,4812.3274799999999,222.30885799999999,210.23148399999999
279.60000000000002,0.365195995,0.32895520099999997,8381.8068899999998,7550.0252099999998,4600.9810600000001,4600.9810600000001,4376.7300999999998,4813.0208199999997,224.25095300000001,212.03976299999999
279.69999999999999,0.36696625100000002,0.33032429000000002,8422.4369800000004,7581.4478900000004,4599.7593299999999,4599.7593299999999,4373.5475800000004,4813.6247199999998,226.211748,213.865386
279.80000000000001,0.36874960200000001,0.33170245100000001,8463.3676099999993,7613.0788000000002,4598.4185100000004,4598.4185100000004,4370.2273699999996,4814.1267500000004,228.191136,215.708246
279.89999999999998,0.37054549399999998,0.333089105,8504.5860799999991,7644.90463,4596.9431400000003,4596.9431400000003,4366.7540499999996,4814.51145,230.18908999999999,217.568309
280,0.37235334199999998,0.33448361700000001,8546.0789600000007,7676.9108100000003,4595.31466,4595.31466,4363.1089899999997,4814.7602699999998,232.20566700000001,219.445615
280.10000000000002,0.37417139900000002,0.33588529700000003,8587.8061500000003,7709.0815199999997,4593.6032999999998,4593.6032999999998,4359.3669300000001,4814.9393200000004,234.236369,221.33601999999999
280.19999999999999,0.37599443300000002,0.33729061300000002,8629.6475800000007,7741.3356700000004,4591.8661700000002,4591.8661700000002,4355.5927499999998,4815.0984799999997,236.273414,223.232316
280.30000000000001,0.37782116599999999,0.33869855900000001,8671.5738799999999,7773.6501900000003,4590.1025499999996,4590.1025499999996,4351.7870999999996,4815.23578,238.31544299999999,225.13323700000001
280.39999999999998,0.37965155,0.34010900300000002,8713.5840000000007,7806.0220399999998,4588.3023599999997,4588.3023599999997,4347.9395699999995,4815.3414400000001,240.36278300000001,227.03908000000001
280.5,0.381485456,0.34152172800000002,8755.6749500000005,7838.44625,4586.4535599999999,4586.4535599999999,4344.0378300000002,4815.4036800000003,242.415738,228.95012
280.60000000000002,0.38332266700000001,0.34293643099999999,8797.8417499999996,7870.9158500000003,4584.5421699999997,4584.5421699999997,4340.0675799999999,4815.4087799999998,244.474594,230.866613
280.69999999999999,0.38516536200000001,0.34435675799999999,8840.1344200000003,7903.5145199999997,4582.7712300000003,4582.7712300000003,4336.2370600000004,4815.5550999999996,246.534167,232.783871
280.80000000000001,0.387009822,0.345783381,8882.4675999999999,7936.2577099999999,4581.5135300000002,4581.5135300000002,4332.9369399999996,4816.1990299999998,248.57658699999999,234.68550300000001
280.89999999999998,0.38885695999999997,0.34721659199999999,8924.8622400000004,7969.1520799999998,4580.7251699999997,4580.7251699999997,4330.1207000000004,4817.2990900000004,250.60447199999999,236.573916
281,0.390707586,0.34865662600000003,8967.3369500000008,8002.2030699999996,4580.3647799999999,4580.3647799999999,4327.7445399999997,4818.8161099999998,252.62023600000001,238.45133300000001
281.10000000000002,0.392562413,0.35010366700000001,9009.9080699999995,8035.4148699999996,4580.3935199999996,4580.3935199999996,4325.7674299999999,4820.7133100000001,254.626091,240.31978699999999
281.19999999999999,0.394421986,0.351557852,9052.5881100000006,8068.7906400000002,4580.7814399999997,4580.7814399999997,4324.1576999999997,4822.9622799999997,256.62374199999999,242.18084300000001
281.30000000000001,0.39628717299999999,0.35302008800000001,9095.3970000000008,8102.3511900000003,4581.5523999999996,4581.5523999999996,4322.9391699999996,4825.5869700000003,258.61323800000002,244.03456700000001
281.39999999999998,0.39816055900000002,0.35449267000000001,9138.39408,8136.1492099999996,4582.7355600000001,4582.7355600000001,4322.1392599999999,4828.6181399999996,260.59629699999999,245.882577
281.5,0.400041708,0.35597492200000003,9181.5693100000008,8170.1691499999997,4584.2958600000002,4584.2958600000002,4321.7221200000004,4832.0214800000003,262.57374700000003,247.72561999999999
281.60000000000002,0.40193010299999998,0.35746613900000002,9224.9108799999995,8204.3948700000001,4586.2017599999999,4586.2017599999999,4321.6555500000004,4835.7659999999996,264.54620199999999,249.56424699999999
281.69999999999999,0.40382515400000002,0.35896559099999997,9268.4051999999992,8238.8095799999992,4588.4251400000003,4588.4251400000003,4321.9110799999999,4839.8239599999997,266.51406500000002,251.39881500000001
281.80000000000001,0.40572763000000001,0.36047207100000001,9312.0699399999994,8273.3855999999996,4590.7774900000004,4590.7774900000004,4322.2923199999996,4844.0139900000004,268.48517299999997,253.236493
281.89999999999998,0.40763914099999998,0.36198416100000003,9355.9420300000002,8308.0903799999996,4592.9799599999997,4592.9799599999997,4322.5083400000003,4848.0683200000003,270.47162300000002,255.08835999999999
282,0.409559338,0.36350099600000002,9400.0134899999994,8342.9040700000005,4594.9706900000001,4594.9706900000001,4322.4953599999999,4851.9268499999998,272.47533600000003,256.95616200000001
282.10000000000002,0.41148817100000001,0.36502142999999998,9444.2831700000006,8377.8003599999993,4596.6340399999999,4596.6340399999999,4322.1334800000004,4855.4778100000003,274.50055400000002,258.843771
282.19999999999999,0.41342553700000001,0.366544284,9488.7486900000004,8412.7521899999992,4597.8555200000001,4597.8555200000001,4321.30411,4858.61049,276.55141600000002,260.75496500000003
282.30000000000001,0.41537127699999998,0.36806834900000002,9533.4063999999998,8447.7317999999996,4598.5218599999998,4598.5218599999998,4319.8899099999999,4861.2152900000001,278.631957,262.69342399999999
282.39999999999998,0.417324839,0.36959373299999998,9578.2436199999993,8482.74172,4598.6895000000004,4598.6895000000004,4317.9500200000002,4863.3461799999995,280.739485,264.656679
282.5,0.41928315500000002,0.37111580199999999,9623.1899699999994,8517.6755099999991,4598.1242499999998,4598.1242499999998,4315.2448700000004,4864.7738300000001,282.87937699999998,266.64958000000001
282.60000000000002,0.42124529100000002,0.372632772,9668.2240099999999,8552.4922999999999,4596.7162500000004,4596.7162500000004,4311.6615499999998,4865.3911600000001,285.05470600000001,268.67491200000001
282.69999999999999,0.423211479,0.37414501999999999,9713.3510200000001,8587.2007099999992,4594.4859500000002,4594.4859500000002,4307.2209899999998,4865.2181700000001,287.26495999999997,270.732213
282.80000000000001,0.42518185800000002,0.37565285100000001,9758.5742399999999,8621.8077400000002,4591.4537799999998,4591.4537799999998,4301.9442399999998,4864.2747099999997,289.50953299999998,272.82093200000003
282.89999999999998,0.42715648099999998,0.37715650099999998,9803.8948600000003,8656.3188100000007,4587.64012,4587.64012,4295.8523999999998,4862.5805499999997,291.78772300000003,274.94042999999999
283,0.429135394,0.37865759999999998,9849.3139300000003,8690.7713299999996,4583.2111800000002,4583.2111800000002,4289.1177699999998,4860.2962900000002,294.09340800000001,277.08511700000003
283.10000000000002,0.43112149799999999,0.38015636600000002,9894.8980699999993,8725.17029,4577.95363,4577.95363,4281.5159800000001,4857.2187800000002,296.43765100000002,279.265153
283.19999999999999,0.433114165,0.38165322000000002,9940.6328099999992,8759.5253799999991,4571.9626500000004,4571.9626500000004,4273.1464100000003,4853.4393200000004,298.816236,281.476676
283.30000000000001,0.435112471,0.383148555,9986.4969899999996,8793.8456200000001,4565.3543900000004,4565.3543900000004,4264.1305400000001,4849.0692099999997,301.22384899999997,283.71481499999999
283.39999999999998,0.437115431,0.384642704,10032.468000000001,8828.1386199999997,4558.2435999999998,4558.2435999999998,4254.5884299999998,4844.2182899999998,303.65516300000002,285.97468800000001
283.5,0.43912252400000001,0.38613624099999999,10078.533799999999,8862.4175899999991,4550.7326599999997,4550.7326599999997,4244.6268399999999,4838.98495,306.10581200000001,288.252296
283.60000000000002,0.44113805099999998,0.38763291300000002,10124.793299999999,8896.7685000000001,4542.8624799999998,4542.8624799999998,4234.2835500000001,4833.4130699999996,308.57893000000001,290.55058700000001
283.69999999999999,0.443158722,0.38913351099999999,10171.1708,8931.2095200000003,4534.9832399999996,4534.9832399999996,4223.9252900000001,4827.8376099999996,311.05795000000001,292.85437100000001
283.80000000000001,0.44518544100000002,0.39063887000000003,10217.687099999999,8965.7598099999996,4527.1086400000004,4527.1086400000004,4213.5653000000002,4822.2727299999997,313.54334,295.16409099999998
283.89999999999998,0.44721905499999998,0.39214978900000003,10264.3616,9000.4377000000004,4519.2528599999996,4519.2528599999996,4203.2173599999996,4816.7329799999998,316.03549400000003,297.48012499999999
284,0.44926036600000002,0.393667031,10311.212799999999,9035.26073,4511.4305299999996,4511.4305299999996,4192.8958000000002,4811.2333099999996,318.53473200000002,299.80277999999998
284.10000000000002,0.45130960599999997,0.39519081,10358.245999999999,9070.2337900000002,4503.6449199999997,4503.6449199999997,4182.6037399999996,4805.7771000000002,321.04118499999998,302.132181
284.19999999999999,0.45336589700000002,0.39672284699999999,10405.4411,9105.3963999999996,4496.1471199999996,4496.1471199999996,4172.6025399999999,4800.6060500000003,323.544579,304.45893000000001
284.30000000000001,0.45542916700000002,0.39826628600000002,10452.7963,9140.8206800000007,4489.2709299999997,4489.2709299999997,4163.2385000000004,4796.0425699999996,326.03243400000002,306.77163000000002
284.39999999999998,0.45749985100000001,0.39982029000000002,10500.321599999999,9176.4874400000008,4482.8935199999996,4482.8935199999996,4154.3837299999996,4791.9684100000004,328.50978700000002,309.07488999999998
284.5,0.45957831700000001,0.40138402099999998,10548.025600000001,9212.3774699999994,4476.8976899999998,4476.8976899999998,4145.9162999999999,4788.2707399999999,330.98138699999998,311.37305199999997
284.60000000000002,0.46166486400000001,0.40295664399999997,10595.915000000001,9248.47156,4471.1719300000004,4471.1719300000004,4137.7202299999999,4784.84213,333.45169900000002,313.67019900000003
284.69999999999999,0.46375737900000003,0.40453646700000001,10643.941500000001,9284.73092,4465.7116500000002,4465.7116500000002,4129.7930399999996,4781.6760100000001,335.91860800000001,315.964359
284.80000000000001,0.46585505399999999,0.40611739699999999,10692.086300000001,9321.0156800000004,4459.9471000000003,4459.9471000000003,4121.5447000000004,4778.2211399999997,338.402401,318.27403700000002
284.89999999999998,0.46795767300000002,0.40769675100000002,10740.3446,9357.2642699999997,4453.61571,4453.61571,4112.7031100000004,4774.2236300000004,340.912598,320.60792099999998
285,0.47006394499999998,0.40927476699999998,10788.686799999999,9393.4821599999996,4446.84753,4446.84753,4103.4045599999999,4769.8078299999997,343.442971,322.96030000000002
285.10000000000002,0.472172498,0.41085161599999998,10837.0813,9429.6732599999996,4439.7719900000002,4439.7719900000002,4093.78476,4765.0973899999999,345.98722700000002,325.325401
285.19999999999999,0.47428187799999999,0.41242739899999997,10885.4948,9465.8398899999993,4432.5178400000004,4432.5178400000004,4083.97883,4760.2152299999998,348.53901300000001,327.69739399999997
285.30000000000001,0.476395228,0.414005542,10933.999400000001,9502.0606800000005,4425.1868700000005,4425.1868700000005,4074.0889200000001,4755.2628599999998,351.09794799999997,330.07599199999999
285.39999999999998,0.47851113699999998,0.41558442400000001,10982.5628,9538.2984300000007,4417.7248099999997,4417.7248099999997,4064.0602899999999,4750.18642,353.66451999999998,332.46161499999999
285.5,0.48062916900000002,0.41716495399999998,11031.1749,9574.5740299999998,4410.26199,4410.26199,4054.0285699999999,4745.11139,356.23341699999997,334.84940399999999
285.60000000000002,0.48274918999999999,0.41874855,11079.8326,9610.9199800000006,4402.9570400000002,4402.9570400000002,4044.15843,4740.1908800000001,358.79860400000001,337.23384399999998
285.69999999999999,0.48487101100000002,0.42033655800000003,11128.5316,9647.3671900000008,4395.9660199999998,4395.9660199999998,4034.6119399999998,4735.5754699999998,361.35407600000002,339.60945099999998
285.80000000000001,0.48699442999999998,0.42193025499999998,11177.2673,9683.9449700000005,4389.4384,4389.4384,4025.5443300000002,4731.4093499999999,363.89406700000001,341.97095400000001
285.89999999999998,0.48912416600000003,0.42353170600000001,11226.147999999999,9720.7007099999992,4383.2056199999997,4383.2056199999997,4016.77567,4727.5344400000004,366.42994199999998,344.32882499999999
286,0.49126149000000002,0.42514959000000002,11275.2029,9757.8336400000007,4378.0699599999998,4378.0699599999998,4009.1366800000001,4724.7271000000001,368.93327699999998,346.65713699999998
286.10000000000002,0.49340676700000002,0.426783197,11324.4403,9795.3274199999996,4373.9272600000004,4373.9272600000004,4002.5189300000002,4722.8870500000003,371.40833600000002,348.959791
286.19999999999999,0.49556034799999998,0.42843181699999999,11373.8683,9833.1657599999999,4370.6750300000003,4370.6750300000003,3996.8157200000001,4721.9156499999999,373.859308,351.24061699999999
286.30000000000001,0.497722569,0.43009474399999997,11423.494500000001,9871.3324799999991,4368.2124400000002,4368.2124400000002,3991.9221400000001,4721.7158099999997,376.29029700000001,353.50337200000001
286.39999999999998,0.49989281499999999,0.431770345,11473.305,9909.7900800000007,4366.4189699999997,4366.4189699999997,3987.7138599999998,4722.1705000000002,378.70511699999997,355.75152300000002
286.5,0.50206675499999998,0.43345188400000001,11523.2003,9948.3839700000008,4364.9443799999999,4364.9443799999999,3983.8322899999998,4722.93696,381.11209100000002,357.99258400000002
286.60000000000002,0.50424132799999999,0.43513288500000002,11573.110000000001,9986.9655399999992,4363.3622999999998,4363.3622999999998,3979.8385600000001,4723.60023,383.52374099999997,360.23792700000001
286.69999999999999,0.50641696400000002,0.43681366799999999,11623.0442,10025.542100000001,4361.6708099999996,4361.6708099999996,3975.7302,4724.1588599999995,385.94060500000001,362.48805299999998
286.80000000000001,0.50859401400000004,0.43849445199999998,11673.0108,10064.1186,4359.8644800000002,4359.8644800000002,3971.5012099999999,4724.60797,388.36326500000001,364.74349799999999
286.89999999999998,0.51077274699999997,0.44017536400000001,11723.016100000001,10102.6981,4357.9344099999998,4357.9344099999998,3967.1420699999999,4724.9392500000004,390.79234200000002,367.00483600000001
287,0.51295366499999995,0.441856207,11773.0715,10141.276099999999,4355.8194599999997,4355.8194599999997,3962.5888100000002,4725.09411,393.23064900000003,369.27464500000002
287.10000000000002,0.51514169799999998,0.44354259000000001,11823.290199999999,10179.981100000001,4353.70345,4353.70345,3958.0267600000002,4725.2551100000001,395.676695,371.55166200000002
287.19999999999999,0.51733940700000003,0.445237518,11873.731,10218.882299999999,4351.6914900000002,4351.6914900000002,3953.56214,4725.52639,398.129346,373.834903
287.30000000000001,0.51954529199999999,0.44693850299999999,11924.359399999999,10257.922500000001,4349.6463100000001,4349.6463100000001,3949.0542300000002,4725.7738200000003,400.59207600000002,376.12750899999998
287.39999999999998,0.52175783899999995,0.44864304999999999,11975.140799999999,10297.0445,4347.4304000000002,4347.4304000000002,3944.36204,4725.8630199999998,403.06835699999999,378.43262099999998
287.5,0.523975529,0.45034865000000002,12026.0401,10336.1906,4344.9059399999996,4344.9059399999996,3939.3442799999998,4725.6593199999998,405.56166100000002,380.753379
287.60000000000002,0.52619989199999995,0.45205823299999998,12077.092699999999,10375.4282,4342.2539699999998,4342.2539699999998,3934.18705,4725.3391600000004,408.06692299999997,383.08518700000002
287.69999999999999,0.52843185699999995,0.45377171900000002,12128.3197,10414.755300000001,4339.3905800000002,4339.3905800000002,3928.8023199999998,4724.8224099999998,410.58826299999998,385.431828
287.80000000000001,0.53067071799999999,0.45548799400000001,12179.705,10454.1464,4336.2569800000001,4336.2569800000001,3923.12988,4724.0515699999996,413.12709999999998,387.79458199999999
287.89999999999998,0.53291559700000002,0.457206216,12231.2284,10493.5823,4332.8368899999996,4332.8368899999996,3917.1538,4723.01001,415.68308999999999,390.17311699999999
288,0.53516564,0.458925578,12282.8703,10533.0442,4329.1154399999996,4329.1154399999996,3910.8595799999998,4721.6825200000003,418.25585999999998,392.56707599999999
288.10000000000002,0.53742002099999997,0.460645307,12334.611800000001,10572.5147,4325.0792199999996,4325.0792199999996,3904.2341999999999,4720.0553,420.84501599999999,394.97608300000002
288.19999999999999,0.53967424500000005,0.46236496900000001,12386.349700000001,10611.9835,4321.0488500000001,4321.0488500000001,3897.6150699999998,4718.4335799999999,423.43378300000001,397.38473199999999
288.30000000000001,0.54192541900000002,0.46407885500000001,12438.017599999999,10651.319799999999,4316.6641399999999,4316.6641399999999,3890.6317199999999,4716.4664599999996,426.03241300000002,399.802324
288.39999999999998,0.54417231799999999,0.46578752499999998,12489.5874,10690.536400000001,4312.0830800000003,4312.0830800000003,3883.4493699999998,4714.3053399999999,428.63370800000001,402.22226599999999
288.5,0.54641370199999995,0.46749152700000002,12541.0306,10729.6459,4307.4638000000004,4307.4638000000004,3876.2333400000002,4712.1017400000001,431.230458,404.637946
288.60000000000002,0.54864832299999999,0.46919140399999998,12592.318499999999,10768.6607,4302.9645799999998,4302.9645799999998,3869.1491500000002,4710.0073199999997,433.81542899999999,407.04273799999999
288.69999999999999,0.55087578699999995,0.47088770699999999,12643.4422,10807.5934,4298.6748100000004,4298.6748100000004,3862.2899299999999,4708.1080300000003,436.38487800000001,409.43321400000002
288.80000000000001,0.55309873300000001,0.47258288799999998,12694.4622,10846.500400000001,4294.6357399999997,4294.6357399999997,3855.69562,4706.4463800000003,438.94012600000002,411.81063399999999
288.89999999999998,0.55531560000000002,0.47428208700000002,12745.342699999999,10885.499599999999,4291.5103200000003,4291.5103200000003,3850.05546,4705.6612599999999,441.45486199999999,414.15094399999998
289,0.55752645700000003,0.47598442400000002,12796.085300000001,10924.570900000001,4289.2015199999996,4289.2015199999996,3845.2687599999999,4705.6590200000001,443.93276300000002,416.45750099999998
289.10000000000002,0.55973137799999995,0.47768907399999999,12846.6916,10963.6952,4287.6169600000003,4287.6169600000003,3841.2396199999998,4706.3504800000001,446.377343,418.73351700000001
289.19999999999999,0.561930449,0.47939526100000002,12897.1636,11002.854799999999,4286.6688599999998,4286.6688599999998,3837.87691,4707.6509100000003,448.79195199999998,420.98205100000001
289.30000000000001,0.56412416499999996,0.48109949600000002,12947.5128,11041.9696,4285.9527799999996,4285.9527799999996,3834.7606300000002,4709.1701000000003,451.19215100000002,423.21731999999997
289.39999999999998,0.56631351100000005,0.48279297100000002,12997.7616,11080.8374,4284.4697999999999,4284.4697999999999,3830.8537000000001,4709.9439899999998,453.616105,425.47419300000001
289.5,0.56849896300000002,0.48447091199999998,13047.9211,11119.3487,4281.6831400000001,4281.6831400000001,3825.5988699999998,4709.4544900000001,456.08426700000001,427.77135099999998
289.60000000000002,0.57068073799999997,0.486132919,13097.9962,11157.4943,4277.5333300000002,4277.5333300000002,3818.9342499999998,4707.6443600000002,458.59908200000001,430.11103200000002
289.69999999999999,0.57285907400000002,0.48777853399999999,13147.9923,11195.2637,4271.95327,4271.95327,3810.78998,4704.44902,461.163298,432.49574999999999
289.80000000000001,0.57503422699999995,0.48940724000000002,13197.9154,11232.645,4264.8682399999998,4264.8682399999998,3801.0882700000002,4699.7965400000003,463.779968,434.92829699999999
289.89999999999998,0.57720469900000004,0.49102378200000002,13247.731100000001,11269.747100000001,4256.8950299999997,4256.8950299999997,3790.4704700000002,4694.2812800000002,466.42456299999998,437.38624800000002
290,0.57936905599999999,0.49263577400000003,13297.4064,11306.7448,4248.9448599999996,4248.9448599999996,3779.8831700000001,4688.7821100000001,469.06168500000001,439.83725299999998
290.10000000000002,0.58152702000000001,0.49424479199999999,13346.9349,11343.674199999999,4241.2045500000004,4241.2045500000004,3769.52045,4683.4792500000003,471.68409600000001,442.274698
290.19999999999999,0.58367849299999996,0.49585053899999998,13396.3145,11380.5286,4233.6512000000002,4233.6512000000002,3759.3586599999999,4678.3504599999997,474.29253899999998,444.69926099999998
290.30000000000001,0.58582337100000004,0.49745276799999999,13445.542799999999,11417.3022,4226.2674500000003,4226.2674500000003,3749.3799100000001,4673.3788800000002,476.88754699999998,447.11142599999999
290.39999999999998,0.587961548,0.49905128199999998,13494.617200000001,11453.990599999999,4219.0415499999999,4219.0415499999999,3739.5721100000001,4668.55303,479.46944200000002,449.511483
290.5,0.59009531999999998,0.50064979099999996,13543.5905,11490.6788,4212.1734699999997,4212.1734699999997,3730.1401900000001,4664.06844,482.03327999999999,451.89496600000001
290.60000000000002,0.59222238100000002,0.50224602100000004,13592.409799999999,11527.314700000001,4205.6137399999998,4205.6137399999998,3721.0353300000002,4659.8749699999998,484.57840499999998,454.26123000000001
290.69999999999999,0.59434367200000005,0.503841388,13641.0967,11563.9308,4199.4335300000002,4199.4335300000002,3712.3303500000002,4656.04234,487.10318899999999,456.60880600000002
290.80000000000001,0.59646023199999998,0.50543748700000002,13689.674999999999,11600.563700000001,4193.7146700000003,4193.7146700000003,3704.10896,4652.6506399999998,489.60571900000002,458.935969
290.89999999999998,0.59857308899999995,0.50703596399999995,13738.168299999999,11637.251200000001,4188.5451700000003,4188.5451700000003,3696.4613300000001,4649.7859399999998,492.08383800000001,461.24077
291,0.60068316200000005,0.50863747100000001,13786.5977,11674.0082,4183.91831,4183.91831,3689.37952,4647.4426800000001,494.53879000000001,463.524362
291.10000000000002,0.60279164500000004,0.51023443800000001,13834.990599999999,11710.661099999999,4178.9472800000003,4178.9472800000003,3681.9424800000002,4644.7653,497.00480399999998,465.81802299999998
291.19999999999999,0.60490349200000004,0.51182775800000002,13883.4607,11747.2302,4173.3220099999999,4173.3220099999999,3673.8232499999999,4641.4592700000003,499.49875900000001,468.13726200000002
291.30000000000001,0.60701836600000003,0.51341698199999997,13932.0003,11783.7053,4167.0230899999997,4167.0230899999997,3665.0020800000002,4637.5054899999996,502.02100899999999,470.48239699999999
291.39999999999998,0.60913595799999998,0.51500164999999998,13980.6023,11820.0759,4160.02772,4160.02772,3655.4556600000001,4632.8816100000004,504.572068,472.85388899999998
291.5,0.61125598699999995,0.51658129200000003,14029.260200000001,11856.331099999999,4152.3096599999999,4152.3096599999999,3645.1570499999998,4627.5620099999996,507.15260699999999,475.25234699999999
291.60000000000002,0.61338004199999996,0.51815897499999997,14078.0105,11892.541300000001,4144.0596699999996,4144.0596699999996,3634.3024099999998,4621.7325700000001,509.75725899999998,477.67290100000002
291.69999999999999,0.615509419,0.51973995799999995,14126.883,11928.827300000001,4135.7208000000001,4135.7208000000001,3623.3498300000001,4615.8226299999997,512.37097000000006,480.101833
291.80000000000001,0.61764226099999997,0.52132368600000001,14175.834999999999,11965.176299999999,4127.3864299999996,4127.3864299999996,3612.3981600000002,4609.9205300000003,514.98826299999996,482.53410400000001
291.89999999999998,0.61978059200000002,0.52291253100000001,14224.912899999999,12001.6427,4119.1392100000003,4119.1392100000003,3601.5309499999998,4604.1081599999998,517.60825799999998,484.968952
292,0.62192645499999999,0.52450889099999998,14274.1638,12038.2816,4111.0630799999999,4111.0630799999999,3590.83304,4598.4686799999999,520.23004900000001,487.40559100000002
292.10000000000002,0.62408191300000004,0.52611519200000001,14323.634899999999,12075.1487,4103.2432200000003,4103.2432200000003,3580.3905199999999,4593.0864300000003,522.85270300000002,489.843208
292.19999999999999,0.62624367700000005,0.52772662000000004,14373.250599999999,12112.133400000001,4095.4451600000002,4095.4451600000002,3569.9637899999998,4587.7316000000001,525.48136999999997,492.28644200000002
292.30000000000001,0.62840978700000005,0.529341018,14422.966200000001,12149.186299999999,4087.6032799999998,4087.6032799999998,3559.4869199999998,4582.3388199999999,528.11636699999997,494.73554100000001
292.39999999999998,0.63058085799999997,0.53095910099999999,14472.795599999999,12186.3238,4079.74217,4079.74217,3548.9847199999999,4576.93246,530.75744599999996,497.19029399999999
292.5,0.63275687999999997,0.53258023799999998,14522.738600000001,12223.5314,4071.79673,4071.79673,3538.3897200000001,4571.4496300000001,533.407014,499.652895
292.60000000000002,0.63493780799999999,0.53420376199999997,14572.7942,12260.793799999999,4063.70111,4063.70111,3527.63364,4565.82665,536.06746899999996,502.12553500000001
292.69999999999999,0.63712356199999998,0.53582897200000001,14622.9606,12298.094800000001,4055.3886299999999,4055.3886299999999,3516.64743,4559.9990299999999,538.74120000000005,504.61039299999999
292.80000000000001,0.63931323200000001,0.53745608499999997,14673.216899999999,12335.4395,4046.9560700000002,4046.9560700000002,3505.53244,4554.0593399999998,541.42362900000001,507.10327000000001
292.89999999999998,0.64150550500000003,0.53908351799999998,14723.5329,12372.7916,4038.3450800000001,4038.3450800000001,3494.2295800000002,4547.9498999999996,544.11550099999999,509.60482200000001
293,0.64370008499999998,0.54071080999999999,14773.901900000001,12410.1405,4029.5317300000002,4029.5317300000002,3482.71434,4541.6472899999999,546.81738499999994,512.11556099999996
293.10000000000002,0.645896739,0.54233763300000004,14824.318499999999,12447.478499999999,4020.5004899999999,4020.5004899999999,3470.9708799999999,4535.13627,549.52960700000006,514.63577999999995
293.19999999999999,0.64809518600000005,0.54396361599999998,14874.7762,12484.7973,4011.23587,4011.23587,3458.9834300000002,4528.4015900000004,552.25243599999999,517.16571899999997
293.30000000000001,0.65029515400000004,0.545588615,14925.2688,12522.093500000001,4001.74478,4001.74478,3446.7594600000002,4521.4496600000002,554.985322,519.70487300000002
293.39999999999998,0.65249821900000005,0.54721840499999996,14975.8325,12559.4997,3992.50155,3992.50155,3434.7892000000002,4514.7403000000004,557.712354,522.238742
293.5,0.65470722400000003,0.54885288700000001,15026.5326,12597.0136,3983.2643200000002,3983.2643200000002,3422.81873,4508.0427099999997,560.44559100000004,524.77839500000005
293.60000000000002,0.65692125199999996,0.55049300599999995,15077.347900000001,12634.656800000001,3974.2065200000002,3974.2065200000002,3411.0289200000002,4501.5235400000001,563.17759699999999,527.31702499999994
293.69999999999999,0.65913937700000003,0.55213970899999998,15128.257299999999,12672.4512,3965.5022300000001,3965.5022300000001,3399.60133,4495.3500299999996,565.90090599999996,529.84779600000002
293.80000000000001,0.66136066400000004,0.55379394100000001,15179.2392,12710.418299999999,3957.3261600000001,3957.3261600000001,3388.7181500000002,4489.6899999999996,568.60801700000002,532.36383999999998
293.89999999999998,0.66358476799999999,0.55545440499999998,15230.2858,12748.5285,3949.5708500000001,3949.5708500000001,3378.2683000000002,4484.4393,571.302549,534.86845500000004
294,0.665811492,0.55711643200000005,15281.3925,12786.6746,3941.7655300000001,3941.7655300000001,3367.7637599999998,4479.1429399999997,574.00177199999996,537.37740699999995
294.10000000000002,0.66803883500000005,0.55878071699999998,15332.513499999999,12824.872499999999,3934.14527,3934.14527,3357.45048,4474.0259699999997,576.69479200000001,539.88070600000003
294.19999999999999,0.670266798,0.56044610399999994,15383.6486,12863.095600000001,3926.58961,3926.58961,3347.20352,4468.9720399999997,579.38608399999998,542.38243999999997
294.30000000000001,0.67249536799999998,0.56211140100000001,15434.797699999999,12901.316800000001,3918.97532,3918.97532,3336.8951099999999,4463.8620899999996,582.08020799999997,544.88677199999995
294.39999999999998,0.67472451300000003,0.56377537899999997,15485.959999999999,12939.507600000001,3911.1763999999998,3911.1763999999998,3326.3945899999999,4458.5743499999999,584.78181400000005,547.39794700000004
294.5,0.67695391400000005,0.56544119999999998,15537.128199999999,12977.7408,3903.5490199999999,3903.5490199999999,3316.0717,4453.4525800000001,587.47732499999995,549.90356199999997
294.60000000000002,0.67918290699999995,0.567112536,15588.287,13016.1005,3896.5301199999999,3896.5301199999999,3306.3803200000002,4448.9182499999997,590.14979500000004,552.38813100000004
294.69999999999999,0.681411188,0.56878958700000004,15639.429400000001,13054.5913,3890.1654600000002,3890.1654600000002,3297.3682699999999,4445.0152600000001,592.797192,554.84979399999997
294.80000000000001,0.68363864799999996,0.57047279399999995,15690.553,13093.2235,3884.5098499999999,3884.5098499999999,3289.0924799999998,4441.7964400000001,595.41736700000001,557.28658499999995
294.89999999999998,0.68586515699999995,0.57216261899999998,15741.6548,13132.007600000001,3879.6219700000001,3879.6219700000001,3281.6139699999999,4439.3183499999996,598.00799800000004,559.69638199999997
295,0.68809056199999996,0.57385954100000003,15792.731299999999,13170.954599999999,3875.5644200000002,3875.5644200000002,3274.99782,4437.6413199999997,600.56659300000001,562.07690700000001
295.10000000000002,0.69031517899999995,0.57555886499999998,15843.7896,13209.956700000001,3871.82152,3871.82152,3268.7088699999999,4436.2674900000002,603.11264900000003,564.44596799999999
295.19999999999999,0.69254248299999999,0.57725973799999997,15894.9097,13248.9943,3868.0214900000001,3868.0214900000001,3262.3577599999999,4434.8411599999999,605.66373399999998,566.81967399999996
295.30000000000001,0.694772367,0.57896133699999996,15946.088900000001,13288.0486,3864.0873200000001,3864.0873200000001,3255.8647299999998,4433.2878499999997,608.22259399999996,569.20052999999996
295.39999999999998,0.69700389399999996,0.58066245000000005,15997.305899999999,13327.091700000001,3859.9688000000001,3859.9688000000001,3249.1787199999999,4431.5580900000004,610.79007799999999,571.589294
295.5,0.69923614199999995,0.58236184899999999,16048.5394,13366.095499999999,3855.6128199999998,3855.6128199999998,3242.24566,4429.5996599999999,613.36716100000001,573.98683600000004
295.60000000000002,0.70146820499999996,0.58405829200000003,16099.768700000001,13405.031499999999,3850.9634099999998,3850.9634099999998,3235.0084700000002,4427.3575600000004,615.95494399999995,576.39414299999999
295.69999999999999,0.70370283199999994,0.58575475899999996,16151.0568,13443.968000000001,3846.10797,3846.10797,3227.5548199999998,4424.9189900000001,618.55315299999995,578.81102099999998
295.80000000000001,0.70593984700000001,0.58745124500000001,16202.3997,13482.905000000001,3841.0601000000001,3841.0601000000001,3219.8989999999999,4422.2969300000004,621.16109300000005,581.23683300000005
295.89999999999998,0.70817913499999996,0.58914721699999995,16253.7948,13521.830099999999,3835.7736,3835.7736,3211.9932399999998,4419.4466300000004,623.78035699999998,583.67302800000004
296,0.71042062399999995,0.59084216099999998,16305.240400000001,13560.7317,3830.20084,3830.20084,3203.7882100000002,4416.3219900000004,626.41263300000003,586.12114799999995
296.10000000000002,0.71266428000000004,0.59253558200000001,16356.735699999999,13599.5983,3824.2927500000001,3824.2927500000001,3195.2330400000001,4412.8755700000002,629.05971,588.58282499999996
296.19999999999999,0.71490878599999996,0.59422666999999996,16408.250599999999,13638.4113,3818.0723200000002,3818.0723200000002,3186.35302,4409.1282700000002,631.71930599999996,591.05595000000005
296.30000000000001,0.71714974899999995,0.59591360100000001,16459.684099999999,13677.129000000001,3811.7062900000001,3811.7062900000001,3177.3258099999998,4405.2367299999996,634.38047800000004,593.53044299999999
296.39999999999998,0.71938840699999995,0.59759566900000005,16511.064699999999,13715.735000000001,3805.0206600000001,3805.0206600000001,3167.9696300000001,4401.0341099999996,637.05102599999998,596.01345000000003
296.5,0.72162283900000002,0.59927211999999996,16562.348300000001,13754.212100000001,3798.0928100000001,3798.0928100000001,3158.36681,4396.5932199999997,639.725998,598.50041299999998
296.60000000000002,0.72385115,0.60094220300000001,16613.4915,13792.543100000001,3790.99872,3790.99872,3148.5981900000002,4391.9855600000001,642.40052300000002,600.98684400000002
296.69999999999999,0.72607147400000005,0.60260517700000005,16664.451300000001,13830.7109,3783.81295,3783.81295,3138.74314,4387.2812800000002,645.06980999999996,603.46833500000002
296.80000000000001,0.72828488499999999,0.60426249600000004,16715.252499999999,13868.748900000001,3776.5996799999998,3776.5996799999998,3128.8670400000001,4382.5434699999996,647.73263899999995,605.94379100000003
296.89999999999998,0.73049300900000003,0.60591914999999996,16765.9323,13906.7716,3769.7473799999998,3769.7473799999998,3119.37104,4378.1490599999997,650.37634000000003,608.40167599999995
297,0.73269468000000004,0.60757701600000003,16816.464,13944.822200000001,3763.5465899999999,3763.5465899999999,3110.5577400000002,4374.3775599999999,652.98886000000005,610.830963
297.10000000000002,0.73488983399999996,0.60923544799999996,16866.8462,13982.8858,3757.9351799999999,3757.9351799999999,3102.36274,4371.1688800000002,655.57243700000004,613.23369500000001
297.19999999999999,0.73707846499999996,0.61089388300000003,16917.078600000001,14020.9494,3752.8547699999999,3752.8547699999999,3094.7255300000002,4368.4666100000004,658.12923499999999,615.61184500000002
297.30000000000001,0.73926062699999995,0.61255183700000004,16967.1626,14059.002,3748.2507300000002,3748.2507300000002,3087.5893900000001,4366.2180500000004,660.661339,617.96731899999997
297.39999999999998,0.74143523200000006,0.61420624800000001,17017.073100000001,14096.9732,3743.89183,3743.89183,3080.71567,4364.1986900000002,663.17616199999998,620.30686500000002
297.5,0.74359740799999996,0.61585459399999998,17066.6983,14134.8053,3739.9117299999998,3739.9117299999998,3074.2482599999998,4362.5327600000001,665.66346699999997,622.621036
297.60000000000002,0.74574658900000002,0.61749584199999996,17116.025300000001,14172.474399999999,3736.2485200000001,3736.2485200000001,3068.1235799999999,4361.1598800000002,668.12494200000003,624.91136500000005
297.69999999999999,0.74788383800000002,0.61912916100000004,17165.0785,14209.961600000001,3732.72912,3732.72912,3062.16095,4359.9139100000002,670.56816400000002,627.18479000000002
297.80000000000001,0.75001021300000004,0.62075376800000004,17213.882000000001,14247.248799999999,3729.1857100000002,3729.1857100000002,3056.1851999999999,4358.6337800000001,673.00051199999996,629.44807000000003
297.89999999999998,0.75212677299999997,0.62236893199999999,17262.460299999999,14284.319299999999,3725.4557500000001,3725.4557500000001,3050.0265800000002,4357.1635299999998,675.42917,631.70778499999994
298,0.75423557500000005,0.62397546599999998,17310.860499999999,14321.191699999999,3721.45685,3721.45685,3043.5974200000001,4355.4256500000001,677.85942299999999,633.96879999999999
298.10000000000002,0.756350368,0.62557279099999996,17359.398300000001,14357.852800000001,3716.00972,3716.00972,3035.6597700000002,4352.29468,680.34994800000004,636.28496600000005
298.19999999999999,0.75846983700000004,0.62716072499999997,17408.043300000001,14394.2983,3709.2021800000002,3709.2021800000002,3026.3061200000002,4347.8541599999999,682.89606200000003,638.65198099999998
298.30000000000001,0.76059278100000005,0.62873913999999997,17456.768199999999,14430.525299999999,3701.11897,3701.11897,3015.62565,4342.1847299999999,685.49331700000005,641.06575999999995
298.39999999999998,0.76271811099999998,0.63030797100000002,17505.547699999999,14466.5324,3691.84175,3691.84175,3003.7042499999998,4335.3641900000002,688.13750200000004,643.52243499999997
298.5,0.76484428699999996,0.63186736499999996,17554.346699999998,14502.322899999999,3681.51107,3681.51107,2990.6893399999999,4327.5267599999997,690.821731,646.01568799999995
298.60000000000002,0.76696575300000003,0.63341782000000002,17603.0376,14537.9082,3670.6312200000002,3670.6312200000002,2977.1099599999998,4319.1540400000004,693.52125999999998,648.52281800000003
298.69999999999999,0.76907832200000004,0.63495769499999999,17651.524300000001,14573.250700000001,3659.3715400000001,3659.3715400000001,2963.1462700000002,4310.4054100000003,696.22527000000002,651.033861
298.80000000000001,0.77118127299999994,0.63648795199999997,17699.790199999999,14608.3724,3647.8910799999999,3647.8910799999999,2948.9640100000001,4301.4337800000003,698.92707399999995,653.54269899999997
298.89999999999998,0.77327393499999997,0.63800959499999998,17747.82,14643.2965,3636.3492000000001,3636.3492000000001,2934.7291799999998,4292.3924500000003,701.62002800000005,656.04324899999995
299,0.77535569000000004,0.63952367200000004,17795.5995,14678.0468,3624.9056399999999,3624.9056399999999,2920.6081199999999,4283.4351200000001,704.29752699999995,658.52947200000006
299.10000000000002,0.77742715500000004,0.64103021500000001,17843.142800000001,14712.624299999999,3613.5133300000002,3613.5133300000002,2906.55134,4274.5169100000003,706.96199000000001,661.00358700000004
299.19999999999999,0.77948858600000004,0.64253170599999998,17890.4558,14747.085800000001,3602.4105199999999,3602.4105199999999,2892.8056700000002,4265.8682900000003,709.60484299999996,663.45776999999998
299.30000000000001,0.78153870199999997,0.64403202000000004,17937.509099999999,14781.5203,3592.1056400000002,3592.1056400000002,2879.8998299999998,4257.9791299999997,712.20581600000003,665.87348999999995
299.39999999999998,0.78357836599999997,0.64553033199999998,17984.322499999998,14815.9089,3582.4423999999999,3582.4423999999999,2867.67076,4250.6993199999997,714.77164800000003,668.25691500000005
299.5,0.78560848400000005,0.64702589899999996,18030.916799999999,14850.234399999999,3573.2696099999998,3573.2696099999998,2855.9606800000001,4243.8837000000003,717.30893500000002,670.61408700000004
299.60000000000002,0.78763001099999996,0.64851806599999995,18077.313999999998,14884.481900000001,3564.4411799999998,3564.4411799999998,2844.6170400000001,4237.3921,719.82413599999995,672.95092299999999
299.69999999999999,0.78964427999999998,0.65000659400000005,18123.5445,14918.6459,3555.82375,3555.82375,2833.5001099999999,4231.0970399999997,722.32364700000005,675.27328699999998
299.80000000000001,0.79165822200000002,0.651491241,18169.767500000002,14952.7209,3546.8280599999998,3546.8280599999998,2821.9911999999999,4224.4362099999998,724.83685300000002,677.60814900000003
299.89999999999998,0.79367438300000004,0.65297170100000002,18216.041499999999,14986.699699999999,3537.2149100000001,3537.2149100000001,2809.83952,4217.1810999999998,727.37539400000003,679.96618799999999
300,0.79569236899999995,0.65444777899999995,18262.357400000001,15020.5779,3526.99611,3526.99611,2797.05771,4209.3427199999996,729.93840599999999,682.34660599999995
300.10000000000002,0.79771190599999997,0.65591936900000003,18308.708900000001,15054.3532,3516.1829600000001,3516.1829600000001,2783.6577900000002,4200.9317000000001,732.525172,684.74874299999999
300.19999999999999,0.79973283799999995,0.65738645399999995,18355.0923,15088.025,3504.78629,3504.78629,2769.6511700000001,4191.9583599999996,735.13511900000003,687.17207399999995
300.30000000000001,0.80175098899999997,0.65884726500000002,18401.412,15121.552900000001,3492.96135,3492.96135,2755.2033900000001,4182.5684799999999,737.75796400000002,689.60712599999999
300.39999999999998,0.80376447900000003,0.66029875699999996,18447.6247,15154.8668,3480.54358,3480.54358,2740.1457999999998,4172.6011699999999,740.397786,692.05758500000002
300.5,0.80577260500000003,0.66174108799999998,18493.714199999999,15187.970499999999,3467.60646,3467.60646,2724.55537,4162.1267099999995,743.05109300000004,694.52024900000004
300.60000000000002,0.80777477600000003,0.66317468899999998,18539.667099999999,15220.873900000001,3454.2432699999999,3454.2432699999999,2708.5294899999999,4151.2346299999999,745.71378200000004,696.99136099999998
300.69999999999999,0.80977048200000001,0.664600046,18585.471600000001,15253.588,3440.54592,3440.54592,2692.1640299999999,4140.0132100000001,748.381889,699.46729000000005
300.80000000000001,0.81175930500000004,0.66601766399999995,18631.118200000001,15286.1245,3426.6014700000001,3426.6014700000001,2675.5497500000001,4128.5461299999997,751.05172400000004,701.944661
300.89999999999998,0.81374115499999999,0.66742797700000001,18676.604599999999,15318.4933,3412.4623000000001,3412.4623000000001,2658.7410500000001,4116.8838999999998,753.72124799999995,704.42160799999999
301,0.81571652400000005,0.66883300199999995,18721.9424,15350.7408,3398.2988999999998,3398.2988999999998,2641.9142499999998,4105.19175,756.38465900000006,706.89284399999997
301.10000000000002,0.81768506200000002,0.67023295900000002,18767.1234,15382.871999999999,3384.16255,3384.16255,2625.1228799999999,4093.51883,759.03967499999999,709.35627899999997
301.19999999999999,0.81964650999999999,0.67162812900000002,18812.141599999999,15414.8933,3370.1037099999999,3370.1037099999999,2608.41957,4081.91365,761.68413999999996,711.80993899999999
301.30000000000001,0.82160069800000002,0.67301885500000003,18856.993200000001,15446.812599999999,3356.1720500000001,3356.1720500000001,2591.8560299999999,4070.4240199999999,764.31602699999996,714.25196900000003
301.39999999999998,0.82354618199999996,0.67440551800000004,18901.645,15478.6386,3342.5248000000001,3342.5248000000001,2575.5968699999999,4059.20039,766.92793099999994,716.67558099999997
301.5,0.82548412699999996,0.67579223099999997,18946.123800000001,15510.4658,3329.4963200000002,3329.4963200000002,2559.9876199999999,4048.56693,769.50869599999999,719.07060999999999
301.60000000000002,0.82742000900000001,0.67718454299999997,18990.5553,15542.4215,3317.2197299999998,3317.2197299999998,2545.1604299999999,4038.6578,772.059301,721.43806199999995
301.69999999999999,0.82935071900000001,0.67858107899999998,19034.867999999999,15574.474099999999,3305.8046800000002,3305.8046800000002,2531.2323700000002,4029.5757699999999,774.57231200000001,723.77108399999997
301.80000000000001,0.83127330600000005,0.67998060699999996,19078.994299999998,15606.5954,3295.3628199999998,3295.3628199999998,2518.3224300000002,4021.4257400000001,777.04038600000001,726.06291599999997
301.89999999999998,0.83318497700000005,0.68138203900000005,19122.8701,15638.760399999999,3286.00783,3286.00783,2506.5515500000001,4014.3147199999999,779.45628099999999,728.30688799999996
302,0.83508427200000002,0.68278149300000002,19166.461899999998,15670.879999999999,3277.4534899999999,3277.4534899999999,2495.62444,4007.9647300000001,781.82904699999995,730.51123399999994
302.10000000000002,0.83696398699999996,0.68417131499999995,19209.604200000002,15702.7786,3269.4877000000001,3269.4877000000001,2485.3289300000001,4002.1635900000001,784.15876700000001,732.67588699999999
302.19999999999999,0.83881995399999998,0.68554839700000003,19252.201499999999,15734.384700000001,3262.1252599999998,3262.1252599999998,2475.6848799999998,3996.9214000000002,786.440381,734.79614300000003
302.30000000000001,0.84065237500000001,0.68691232800000002,19294.258300000001,15765.689,3255.3068800000001,3255.3068800000001,2466.6305699999998,3992.1810999999998,788.67631100000006,736.87421700000004
302.39999999999998,0.84246154600000001,0.68826275400000003,19335.781599999998,15796.683300000001,3248.97138,3248.97138,2458.10223,3987.8838700000001,790.86915099999999,738.91248399999995
302.5,0.84424785800000002,0.68959937199999999,19376.780200000001,15827.3608,3243.05566,3243.05566,2450.0339899999999,3983.96913,793.02166399999999,740.91347499999995
302.60000000000002,0.84601694000000005,0.69092241700000001,19417.383300000001,15857.726699999999,3237.1259799999998,3237.1259799999998,2441.9699300000002,3980.0235600000001,795.15605300000004,742.89757299999997
302.69999999999999,0.84777742899999997,0.69223977000000003,19457.789199999999,15887.962,3231.3016699999998,3231.3016699999998,2434.0244400000001,3976.1711100000002,797.27723000000003,744.86943799999995
302.80000000000001,0.84953103299999999,0.69355105500000003,19498.037100000001,15918.058000000001,3225.4045900000001,3225.4045900000001,2426.0109299999999,3972.2414199999998,799.39366199999995,746.83683199999996
302.89999999999998,0.85127856999999996,0.69485448299999997,19538.145799999998,15947.973599999999,3219.1815000000001,3219.1815000000001,2417.6658600000001,3967.9906700000001,801.51563699999997,748.809167
303,0.85302105100000003,0.6961484,19578.1384,15977.671,3212.3775300000002,3212.3775300000002,2408.7238200000002,3963.17364,803.65371800000003,750.79610500000001
303.10000000000002,0.85475968300000005,0.69743128799999998,19618.042600000001,16007.1152,3204.7361900000001,3204.7361900000001,2398.9174600000001,3957.54376,805.81873499999995,752.80756099999996
303.19999999999999,0.85648037099999996,0.69870096800000003,19657.535100000001,16036.256299999999,3197.1772099999998,3197.1772099999998,2389.2159299999998,3951.9753500000002,807.96127799999999,754.79813899999999
303.30000000000001,0.85817785899999999,0.69994370400000006,19696.494999999999,16064.779,3188.6951199999999,3188.6951199999999,2378.5821099999998,3945.4917599999999,810.11300400000005,756.79663800000003
303.39999999999998,0.85985198100000004,0.70116140599999999,19734.918699999998,16092.727199999999,3179.5027,3179.5027,2367.2368700000002,3938.2983800000002,812.26583200000005,758.79567799999995
303.5,0.86150262399999999,0.70235600499999995,19772.803400000001,16120.145,3169.8106499999999,3169.8106499999999,2355.3988300000001,3930.5986400000002,814.41181400000005,760.78799700000002
303.60000000000002,0.86312972399999999,0.70352945200000006,19810.1479,16147.0774,3159.8275899999999,3159.8275899999999,2343.2844599999999,3922.5940500000002,816.54313100000002,762.76645699999995
303.69999999999999,0.86473428799999996,0.70468447999999995,19846.9751,16173.587100000001,3149.7568900000001,3149.7568900000001,2331.1035700000002,3914.4820599999998,818.65331800000001,764.72517500000004
303.80000000000001,0.86632138999999997,0.70582940800000005,19883.4015,16199.8649,3140.0534299999999,3140.0534299999999,2319.3224599999999,3906.7072699999999,820.73097199999995,766.65384100000006
303.89999999999998,0.86789470000000002,0.70697382099999995,19919.511399999999,16226.130999999999,3131.4185900000002,3131.4185900000002,2308.6645800000001,3899.9509600000001,822.75401199999999,768.53236500000003
304,0.86945428999999996,0.70811805800000005,19955.306400000001,16252.393,3123.8818700000002,3123.8818700000002,2299.1604499999999,3894.2416899999998,824.72141999999997,770.35982200000001
304.10000000000002,0.87100035399999998,0.70926259999999997,19990.7909,16278.662,3117.4775100000002,3117.4775100000002,2290.8453800000002,3889.61276,826.63213499999995,772.13524500000005
304.19999999999999,0.87253320499999998,0.71040806400000001,20025.9722,16304.9521,3112.24458,3112.24458,2283.75954,3886.1021999999998,828.48504200000002,773.85762399999999
304.30000000000001,0.87405505800000005,0.71155112799999998,20060.901000000002,16331.1872,3107.6562899999999,3107.6562899999999,2277.35419,3883.2033499999998,830.30210699999998,775.54705799999999
304.39999999999998,0.87556509999999999,0.71268564199999995,20095.558799999999,16357.226000000001,3103.13697,3103.13697,2271.03314,3880.3592199999998,832.10383100000001,777.22224900000003
304.5,0.877062546,0.7138101,20129.927500000002,16383.034,3098.5936000000002,3098.5936000000002,2264.7007800000001,3877.4791599999999,833.89282000000003,778.88556100000005
304.60000000000002,0.87855032099999997,0.714924491,20164.074199999999,16408.611000000001,3093.78703,3093.78703,2258.1059100000002,3874.3350799999998,835.68111999999996,780.54805099999999
304.69999999999999,0.88003144,0.71602885999999999,20198.0681,16433.957999999999,3088.4765000000002,3088.4765000000002,2250.99557,3870.6974300000002,837.48093600000004,782.22092299999997
304.80000000000001,0.88150900700000001,0.71712330499999999,20231.980500000001,16459.0772,3082.41968,3082.41968,2243.1150499999999,3866.3352,839.30462799999998,783.91552300000001
304.89999999999998,0.882979399,0.718208026,20265.728299999999,16483.9732,3075.9322499999998,3075.9322499999998,2234.7956899999999,3861.5497399999999,841.13655100000005,785.61749599999996
305,0.88445632299999999,0.71928829699999997,20299.626,16508.767,3068.4490300000002,3068.4490300000002,2225.4364999999998,3855.8088499999999,843.01252699999998,787.35982100000001
305.10000000000002,0.88594212100000003,0.72036468099999995,20333.727299999999,16533.471699999998,3059.8382200000001,3059.8382200000001,2214.8982299999998,3848.9875499999998,844.93998699999997,789.14932999999996
305.19999999999999,0.88743454399999999,0.72143622299999999,20367.9807,16558.065200000001,3050.1830799999998,3050.1830799999998,2203.2696799999999,3841.16401,846.91340300000002,790.98093200000005
305.30000000000001,0.88893152099999995,0.72250207399999999,20402.338599999999,16582.5281,3039.56369,3039.56369,2190.6361299999999,3832.4135099999999,848.92756099999997,792.84982400000001
305.39999999999998,0.89043116,0.723561495,20436.757600000001,16606.843499999999,3028.0569399999999,3028.0569399999999,2177.0793800000001,3822.80843,850.97755800000004,794.75149199999998
305.5,0.89193205399999997,0.72461679999999995,20471.205399999999,16631.064299999998,3016.0186600000002,3016.0186600000002,2162.9699999999998,3812.6911100000002,853.04865500000005,796.67244900000003
305.60000000000002,0.89342694899999997,0.72566421400000003,20505.515599999999,16655.1041,3003.64525,3003.64525,2148.5195399999998,3802.2439800000002,855.12571000000003,798.59872700000005
305.69999999999999,0.89491582199999997,0.72670481200000003,20539.6875,16678.987400000002,2991.0507400000001,2991.0507400000001,2133.8462800000002,3791.57717,857.20446000000004,800.526433
305.80000000000001,0.89639877999999995,0.72773976200000001,20573.723600000001,16702.741099999999,2978.3485300000002,2978.3485300000002,2119.06772,3780.80035,859.28080999999997,802.45182899999998
305.89999999999998,0.897876059,0.72877033300000005,20607.629400000002,16726.3943,2965.6514000000002,2965.6514000000002,2104.3005699999999,3770.0227300000001,861.35082699999998,804.37132899999995
306,0.899347852,0.72979753199999997,20641.409299999999,16749.970099999999,2953.0489699999998,2953.0489699999998,2089.6375800000001,3759.33106,863.41139099999998,806.28208900000004
306.10000000000002,0.90081181399999999,0.73082031000000003,20675.0095,16773.4444,2940.6225599999998,2940.6225599999998,2075.1656200000002,3748.8015500000001,865.45694400000002,808.17898700000001
306.19999999999999,0.90226341099999996,0.73183827899999998,20708.3259,16796.808300000001,2928.7006500000002,2928.7006500000002,2061.23027,3738.7469599999999,867.47037999999998,810.04631400000005
306.30000000000001,0.90370468299999995,0.73285312400000002,20741.405299999999,16820.100600000002,2917.2930200000001,2917.2930200000001,2047.8394800000001,3729.1788099999999,869.45354199999997,811.88579300000004
306.39999999999998,0.905137729,0.73386658999999999,20774.295900000001,16843.361199999999,2906.4108900000001,2906.4108900000001,2035.00261,3720.1100499999998,871.40828599999998,813.699161
306.5,0.90656471199999999,0.734880486,20807.047299999998,16866.631600000001,2896.06691,2896.06691,2022.7304300000001,3711.5550800000001,873.33648200000005,815.48816799999997
306.60000000000002,0.90798226800000004,0.73589216400000002,20839.582399999999,16889.851200000001,2886.2587899999999,2886.2587899999999,2011.02422,3703.5082900000002,875.23457299999995,817.24950100000001
306.69999999999999,0.90938513300000001,0.73689811000000005,20871.780299999999,16912.939200000001,2877.04792,2877.04792,1999.95334,3696.0237000000002,877.09458800000004,818.975775
306.80000000000001,0.91077482200000004,0.73790018300000004,20903.675800000001,16935.938300000002,2868.5053400000002,2868.5053400000002,1989.5898199999999,3689.1714499999998,878.91552200000001,820.66610400000002
306.89999999999998,0.91215002000000001,0.73889715899999997,20935.238700000002,16958.820400000001,2860.6101800000001,2860.6101800000001,1979.91345,3682.9300600000001,880.696732,822.31987300000003
307,0.91350941699999999,0.73988783899999999,20966.438900000001,16981.558000000001,2853.3439899999998,2853.3439899999998,1970.90651,3677.2803699999999,882.43748200000005,823.93638599999997
307.10000000000002,0.91485169899999996,0.74087104400000003,20997.246299999999,17004.124100000001,2846.6907299999998,2846.6907299999998,1962.55378,3672.20559,884.13694899999996,825.51486299999999
307.19999999999999,0.91618284100000003,0.74185012699999997,21027.7981,17026.595600000001,2840.5138900000002,2840.5138900000002,1954.70722,3667.5798500000001,885.80666699999995,827.06595700000003
307.30000000000001,0.91750847099999999,0.74282579900000001,21058.223300000001,17048.988700000002,2834.4296199999999,2834.4296199999999,1946.96263,3663.0379699999999,887.46698300000003,828.60835499999996
307.39999999999998,0.91882970799999997,0.74379801099999998,21088.547699999999,17071.302500000002,2828.34202,2828.34202,1939.2193500000001,3658.48846,889.12266999999997,830.14643899999999
307.5,0.920147147,0.74476754899999997,21118.785,17093.554899999999,2822.2844,2822.2844,1931.51126,3653.9640800000002,890.77313300000003,831.67967899999996
307.60000000000002,0.92146148100000003,0.74573524999999996,21148.951000000001,17115.765100000001,2816.2878300000002,2816.2878300000002,1923.86986,3649.4955500000001,892.41796899999997,833.207718
307.69999999999999,0.922773497,0.74670200399999997,21179.063699999999,17137.953600000001,2810.3811799999999,2810.3811799999999,1916.32422,3645.1115500000001,894.05695700000001,834.73037199999999
307.80000000000001,0.92407740999999999,0.74765923000000001,21208.9905,17159.9234,2804.1397099999999,2804.1397099999999,1908.4401,3640.3959199999999,895.699614,836.256214
307.89999999999998,0.92537226299999997,0.74860760299999995,21238.7094,17181.689999999999,2797.712,2797.712,1900.3726200000001,3635.4912399999998,897.33938499999999,837.77923999999996
308,0.926657591,0.74954559200000004,21268.209599999998,17203.2183,2790.9761199999998,2790.9761199999998,1891.9958200000001,3630.2792300000001,898.98029699999995,839.30311700000004
308.10000000000002,0.92793295399999998,0.75047148100000005,21297.481199999998,17224.468799999999,2783.7887300000002,2783.7887300000002,1883.1615300000001,3624.6209899999999,900.62719600000003,840.83226300000001
308.19999999999999,0.92919795500000002,0.75138355400000001,21326.514899999998,17245.402300000002,2776.0031399999998,2776.0031399999998,1873.71804,3618.3743899999999,902.28510200000005,842.37125100000003
308.30000000000001,0.93045274300000003,0.75228164500000005,21355.314200000001,17266.014899999998,2767.5899800000002,2767.5899800000002,1863.63471,3611.5112100000001,903.95526800000005,843.92122900000004
308.39999999999998,0.93170285200000003,0.75318023000000001,21384.006099999999,17286.638800000001,2759.6091099999999,2759.6091099999999,1854.0047999999999,3605.0609399999998,905.60431400000004,845.45183099999997
308.5,0.932951902,0.75408187800000004,21412.673699999999,17307.332999999999,2752.0339100000001,2752.0339100000001,1844.7967599999999,3599.0015199999998,907.23714700000005,846.96760800000004
308.60000000000002,0.93419998500000001,0.75498790900000001,21441.319100000001,17328.127700000001,2744.99467,2744.99467,1836.14564,3593.4589000000001,908.84902699999998,848.46423500000003
308.69999999999999,0.93544731000000003,0.75589977900000005,21469.947100000001,17349.0566,2738.6263600000002,2738.6263600000002,1828.1912,3588.5637099999999,910.43516599999998,849.93734400000005
308.80000000000001,0.93669420000000003,0.75681908099999995,21498.565200000001,17370.155900000002,2733.0686700000001,2733.0686700000001,1821.0779399999999,3584.4511900000002,911.99072799999999,851.38252599999998
308.89999999999998,0.93793934999999995,0.75774312600000004,21527.1433,17391.3642,2728.1474899999998,2728.1474899999998,1814.62673,3580.9518600000001,913.52076399999999,852.80436599999996
309,0.93917889399999999,0.75866453199999995,21555.592700000001,17412.511900000001,2723.4071100000001,2723.4071100000001,1808.3690899999999,3577.6215400000001,915.03801999999996,854.214427
309.10000000000002,0.94041203399999995,0.75958383200000001,21583.895199999999,17433.611199999999,2718.96821,2718.96821,1802.4310599999999,3574.57602,916.537149,855.60780899999997
309.19999999999999,0.94163868399999995,0.76050001300000003,21612.048599999998,17454.638999999999,2714.7319299999999,2714.7319299999999,1796.7102,3571.7197099999998,918.02172900000005,856.98777800000005
309.30000000000001,0.94285882700000001,0.76141211600000003,21640.052800000001,17475.573100000001,2710.5998100000002,2710.5998100000002,1791.1043999999999,3568.9574600000001,919.49540100000002,858.35765700000002
309.39999999999998,0.94407251700000006,0.76231924399999995,21667.908899999999,17496.393100000001,2706.4737300000002,2706.4737300000002,1785.51187,3566.1945599999999,920.96186599999999,859.72082799999998
309.5,0.945284491,0.763222391,21695.7255,17517.1217,2702.0720200000001,2702.0720200000001,1779.6353099999999,3563.1636400000002,922.43671099999995,861.09161500000005
309.60000000000002,0.94650146000000002,0.76412253399999996,21723.656800000001,17537.7814,2696.95037,2696.95037,1773.00667,3559.4422199999999,923.94370200000003,862.49185199999999
309.69999999999999,0.94772592200000005,0.76501956299999996,21751.7601,17558.369600000002,2690.8941300000001,2690.8941300000001,1765.4006099999999,3554.82546,925.49351300000001,863.93133599999999
309.80000000000001,0.94895918800000001,0.76591346100000002,21780.065399999999,17578.885900000001,2683.7948200000001,2683.7948200000001,1756.7032300000001,3549.2098900000001,927.09159199999999,865.41506600000002
309.89999999999998,0.95020272500000003,0.76680429299999997,21808.606500000002,17599.3318,2675.5398799999998,2675.5398799999998,1746.7961700000001,3542.4882200000002,928.74370799999997,866.94833900000003
310,0.95145815499999997,0.76769220500000002,21837.4205,17619.710800000001,2666.0125800000001,2666.0125800000001,1735.55663,3534.5493200000001,930.45594900000003,868.53674699999999
310.10000000000002,0.95270930600000003,0.76857129499999999,21866.136399999999,17639.887299999999,2655.9131400000001,2655.9131400000001,1723.7283299999999,3526.0533799999998,932.18481199999997,870.14024500000005
310.19999999999999,0.95395694399999997,0.76944035200000005,21894.7716,17659.8334,2645.0528100000001,2645.0528100000001,1711.1146699999999,3516.8188100000002,933.93813399999999,871.76600599999995
310.30000000000001,0.95519823500000001,0.77029818000000005,21923.2611,17679.5219,2633.5375100000001,2633.5375100000001,1697.8286000000001,3506.9450900000002,935.70891500000005,873.40758100000005
310.39999999999998,0.95642936199999995,0.77114343299999999,21951.5173,17698.9218,2621.53746,2621.53746,1684.0507600000001,3496.5928199999998,937.48670500000003,875.05535199999997
310.5,0.95764657399999997,0.77197480900000004,21979.4542,17718.003100000002,2609.2218699999999,2609.2218699999999,1669.96072,3485.9216700000002,939.26115800000002,876.69979899999998
310.60000000000002,0.95884632400000003,0.77279113899999996,22006.990300000001,17736.739099999999,2596.7576399999998,2596.7576399999998,1655.7354,3475.08932,941.02224000000001,878.33168899999998
310.69999999999999,0.96003175299999999,0.77359642799999995,22034.197700000001,17755.221699999998,2584.3069500000001,2584.3069500000001,1641.53963,3464.2556399999999,942.76732000000004,879.94868299999996
310.80000000000001,0.96119791300000001,0.77439236700000003,22060.962899999999,17773.489799999999,2572.44868,2572.44868,1627.9791299999999,3453.9748500000001,944.46955000000003,881.52616799999998
310.89999999999998,0.96234335900000001,0.77517830200000004,22087.2526,17791.528200000001,2561.2323700000002,2561.2323700000002,1615.1068499999999,3444.2933800000001,946.12552300000004,883.06100500000002
311,0.96346673000000005,0.77595367299999995,22113.0357,17809.324100000002,2550.71036,2550.71036,1602.9785400000001,3435.2604099999999,947.73182299999996,884.55004799999995
311.10000000000002,0.964566751,0.77671801500000004,22138.282899999998,17826.866900000001,2540.9377300000001,2540.9377300000001,1591.6527100000001,3426.92787,949.28502300000002,885.99014299999999
311.19999999999999,0.96564452000000001,0.77747166000000001,22163.0193,17844.164199999999,2531.85988,2531.85988,1581.0715299999999,3419.24413,950.78834199999994,887.38424899999995
311.30000000000001,0.96670521700000001,0.77821662000000003,22187.3639,17861.262200000001,2523.2652499999999,2523.2652499999999,1571.01001,3412.0100200000002,952.25524099999996,888.74476200000004
311.39999999999998,0.96774839499999998,0.77895346700000001,22211.306499999999,17878.173999999999,2515.2497199999998,2515.2497199999998,1561.5680500000001,3405.3177000000001,953.68167600000004,890.06798000000003
311.5,0.96877521200000005,0.77968254599999998,22234.873500000002,17894.907500000001,2507.7551800000001,2507.7551800000001,1552.6841300000001,3399.11222,955.071056,891.35703799999999
311.60000000000002,0.96978695400000003,0.78040431700000001,22258.094499999999,17911.4732,2500.7249299999999,2500.7249299999999,1544.2980500000001,3393.3400900000001,956.42688099999998,892.61515899999995
311.69999999999999,0.97078504099999996,0.78111935700000001,22281.002100000002,17927.8845,2494.1036899999999,2494.1036899999999,1536.35095,3387.9493299999999,957.75274000000002,893.84564599999999
311.80000000000001,0.971768309,0.78182537399999996,22303.569599999999,17944.088599999999,2487.7469500000002,2487.7469500000002,1528.6942100000001,3382.79918,959.05273999999997,895.05222800000001
311.89999999999998,0.97274050599999995,0.78252113999999995,22325.883099999999,17960.057499999999,2481.22165,2481.22165,1520.87463,3377.4750199999999,960.34702200000004,896.25336800000002
312,0.97370502699999995,0.78320722300000001,22348.0203,17975.804199999999,2474.3107300000001,2474.3107300000001,1512.6634100000001,3371.7705799999999,961.64732200000003,897.45984799999997
312.10000000000002,0.97466087300000004,0.78388290900000002,22369.9584,17991.3122,2467.0212499999998,2467.0212499999998,1504.0689500000001,3365.6916700000002,962.95229500000005,898.67042400000003
312.19999999999999,0.97560721399999994,0.78454758599999996,22391.678400000001,18006.567599999998,2459.3564799999999,2459.3564799999999,1495.09556,3359.2406299999998,964.26092400000005,899.88414699999998
312.30000000000001,0.97654339400000001,0.78520073400000001,22413.165099999998,18021.558300000001,2451.3159599999999,2451.3159599999999,1485.7434499999999,3352.41633,965.57251399999996,901.10037
312.39999999999998,0.97746732700000005,0.78584392700000005,22434.370800000001,18036.320599999999,2443.2333699999999,2443.2333699999999,1476.36096,3345.5390499999999,966.87241700000004,902.30567900000005
312.5,0.97837778200000003,0.78648172000000005,22455.267199999998,18050.958900000001,2435.6842299999998,2435.6842299999998,1467.5463099999999,3339.16354,968.137922,903.47931100000005
312.60000000000002,0.97927418899999996,0.78711445400000002,22475.841100000001,18065.481100000001,2428.7503900000002,2428.7503900000002,1459.38501,3333.3683099999998,969.36537299999998,904.61791900000003
312.69999999999999,0.98015613400000001,0.78774162599999997,22496.0831,18079.875700000001,2422.4132199999999,2422.4132199999999,1451.8582100000001,3328.1349399999999,970.55501500000003,905.72171600000001
312.80000000000001,0.98102335799999996,0.78836289199999998,22515.9872,18094.134699999999,2416.6576700000001,2416.6576700000001,1444.95054,3323.4486200000001,971.70712600000002,906.79095299999994
312.89999999999998,0.98187575699999996,0.78897805899999995,22535.551100000001,18108.253700000001,2411.4722000000002,2411.4722000000002,1438.6501699999999,3319.2981100000002,972.82202299999994,907.82591500000001
313,0.98271314700000001,0.789583653,22554.770400000001,18122.152999999998,2406.5095000000001,2406.5095000000001,1432.5971,3315.3476999999998,973.91240500000004,908.83819500000004
313.10000000000002,0.98353990099999999,0.79018277800000003,22573.745699999999,18135.903900000001,2401.7373499999999,2401.7373499999999,1426.75315,3311.5706399999999,974.98420199999998,909.83329300000003
313.19999999999999,0.98435534000000002,0.79077412000000002,22592.461299999999,18149.4761,2397.0739400000002,2397.0739400000002,1421.03422,3307.88724,976.039717,910.81329900000003
313.30000000000001,0.98515897299999999,0.79135652599999995,22610.905900000002,18162.843199999999,2392.4389900000001,2392.4389900000001,1415.3575900000001,3304.2194300000001,977.08140100000003,911.780441
313.39999999999998,0.98595050200000001,0.79192900799999999,22629.072700000001,18175.982499999998,2387.7537400000001,2387.7537400000001,1409.6418799999999,3300.4908300000002,978.11185699999999,912.73708999999997
313.5,0.98672896300000001,0.792490417,22646.9395,18188.867699999999,2382.97667,2382.97667,1403.84509,3296.6603500000001,979.13158299999998,913.68368099999998
313.60000000000002,0.98749446100000005,0.79303902999999998,22664.508900000001,18201.459200000001,2377.9193700000001,2377.9193700000001,1397.7716800000001,3292.5460800000001,980.14769100000001,914.626711
313.69999999999999,0.98825547199999997,0.79357493000000001,22681.975299999998,18213.758900000001,2371.9009999999998,2371.9009999999998,1390.7063599999999,3287.49881,981.19464200000004,915.59781199999998
313.80000000000001,0.98900877200000004,0.79409716900000005,22699.2647,18225.7451,2365.085,2365.085,1382.82212,3281.67319,982.26287500000001,916.58819000000005
313.89999999999998,0.98975141200000005,0.79460496400000002,22716.309399999998,18237.399799999999,2357.6293900000001,2357.6293900000001,1374.2860599999999,3275.2189100000001,983.34333000000004,917.58951500000001
314,0.99048071800000004,0.795097689,22733.0481,18248.708600000002,2349.6867999999999,2349.6867999999999,1365.25936,3268.2807200000002,984.42744600000003,918.59391500000004
314.10000000000002,0.99119475599999995,0.79557372299999995,22749.436300000001,18259.634300000002,2341.2451900000001,2341.2451900000001,1355.73161,3260.8450400000002,985.51357599999994,919.59985099999994
314.19999999999999,0.99189449500000004,0.79603331200000005,22765.4964,18270.1826,2332.2516900000001,2332.2516900000001,1345.6469500000001,3252.8617800000002,986.60473400000001,920.61009100000001
314.30000000000001,0.99257998300000005,0.79647749499999998,22781.2294,18280.3773,2322.8104899999998,2322.8104899999998,1335.11339,3244.4316399999998,987.69709999999998,921.62115100000005
314.39999999999998,0.99324893599999997,0.79690483000000001,22796.582900000001,18290.1852,2312.9571299999998,2312.9571299999998,1324.1702499999999,3235.5866500000002,988.78688399999999,922.62952199999995
314.5,0.99389938899999997,0.79731405600000005,22811.5118,18299.577600000001,2302.7199500000002,2302.7199500000002,1312.8490400000001,3226.35221,989.87090699999999,923.63226499999996
314.60000000000002,0.99452970200000002,0.79770409600000003,22825.9784,18308.529600000002,2292.1201299999998,2292.1201299999998,1301.1735200000001,3216.7471399999999,990.94660699999997,924.62700700000005
314.69999999999999,0.99513606700000001,0.79807407900000005,22839.895400000001,18317.0213,2281.3765400000002,2281.3765400000002,1289.3748000000001,3206.97903,992.00173600000005,925.602487
314.80000000000001,0.99571226999999995,0.79842842999999997,22853.120200000001,18325.154200000001,2271.4565400000001,2271.4565400000001,1278.4629,3197.9761800000001,992.99364100000003,926.51963999999998
314.89999999999998,0.99625648200000005,0.79876726600000003,22865.610700000001,18332.931,2262.5211300000001,2262.5211300000001,1268.6067700000001,3189.8922899999998,993.91435999999999,927.37115800000004
315,0.99676851300000002,0.79908886400000001,22877.3626,18340.3122,2254.4061200000001,2254.4061200000001,1259.63633,3182.5685400000002,994.76978799999995,928.16242099999999
315.10000000000002,0.99724842999999996,0.79939174400000002,22888.377400000001,18347.2637,2246.9515299999998,2246.9515299999998,1251.3855900000001,3175.8504499999999,995.56593799999996,928.89891899999998
315.19999999999999,0.99769655400000001,0.79967466300000001,22898.662499999999,18353.757099999999,2240.0016500000002,2240.0016500000002,1243.6927000000001,3169.5879100000002,996.308944,929.58625900000004
315.30000000000001,0.99810503299999997,0.79993510899999998,22908.037799999998,18359.734799999998,2233.9332300000001,2233.9332300000001,1236.9569200000001,3164.1369800000002,996.976314,930.20375000000001
315.39999999999998,0.99847657700000003,0.80016695400000004,22916.565299999998,18365.056,2227.8866899999998,2227.8866899999998,1230.28379,3158.6699699999999,997.60290599999996,930.78327200000001
315.5,0.99880961899999998,0.80037027400000005,22924.2091,18369.7225,2221.9971799999998,2221.9971799999998,1223.8151700000001,3153.31585,998.18200899999999,931.31866500000001
315.60000000000002,0.99910271399999995,0.80054545099999996,22930.936099999999,18373.7431,2216.42238,2216.42238,1217.7161799999999,3148.2255,998.70619899999997,931.80312300000003
315.69999999999999,0.99935464299999999,0.80069305400000002,22936.718199999999,18377.130799999999,2211.3207499999999,2211.3207499999999,1212.15248,3143.5508,999.168272,932.23004400000002
315.80000000000001,0.99956488099999996,0.80081350600000001,22941.5435,18379.8953,2206.7790300000001,2206.7790300000001,1207.21459,3139.3749899999998,999.56443999999999,932.595958
315.89999999999998,0.99973516100000004,0.80090514400000001,22945.451700000001,18381.998599999999,2202.4829300000001,2202.4829300000001,1202.5746799999999,3135.3962000000001,999.90824999999995,932.91327000000001
316,0.99986231699999994,0.80096823900000003,22948.3701,18383.4467,2198.71821,2198.71821,1198.5325499999999,3131.8873100000001,1000.18566,933.16909899999996
316.10000000000002,0.99994773599999998,0.801003664,22950.330600000001,18384.2598,2195.46308,2195.46308,1195.0640900000001,3128.8286600000001,1000.39899,933.36558000000002
316.19999999999999,0.99999302300000004,0.80101245600000004,22951.369999999999,18384.461500000001,2192.6950900000002,2192.6950900000002,1192.14429,3126.2001799999998,1000.5508,933.50509399999999
316.30000000000001,1,0.800995813,22951.530200000001,18384.079600000001,2190.3910999999998,2190.3910999999998,1189.7471700000001,3123.9813600000002,1000.64392,933.59025999999994
316.39999999999998,0.99997149699999999,0.80095491299999999,22950.876,18383.140800000001,2188.44362,2188.44362,1187.7582,3122.0711999999999,1000.68542,933.62757599999998
316.5,0.99991343600000004,0.80089561799999998,22949.543399999999,18381.779900000001,2186.9822100000001,2186.9822100000001,1186.3053299999999,3120.6008200000001,1000.67688,933.61861799999997
316.60000000000002,0.99983079200000002,0.80082429200000005,22947.6466,18380.142899999999,2186.2662500000001,2186.2662500000001,1185.6522,3119.8258500000002,1000.61405,933.55960300000004
316.69999999999999,0.99972576199999996,0.80074054299999997,22945.236000000001,18378.220700000002,2186.0757199999998,2186.0757199999998,1185.5682300000001,3119.5359199999998,1000.50748,933.46020799999997
316.80000000000001,0.99960081599999995,0.80064422300000004,22942.368299999998,18376.009999999998,2186.19436,2186.19436,1185.8264799999999,3119.5246200000001,1000.36788,933.33025599999996
316.89999999999998,0.99945869600000004,0.80053543299999996,22939.106400000001,18373.5131,2186.4097299999999,2186.4097299999999,1186.20362,3119.5894499999999,1000.20611,933.17971199999999
317,0.99929584599999999,0.80041254500000003,22935.368699999999,18370.6927,2186.8410899999999,2186.8410899999999,1186.8272099999999,3119.84204,1000.01388,933.00095199999998
317.10000000000002,0.99911596300000005,0.80027441399999999,22931.2402,18367.522300000001,2187.0682700000002,2187.0682700000002,1187.25746,3119.88022,999.81081400000005,932.81194900000003
317.19999999999999,0.998922121,0.80012125199999995,22926.7912,18364.007000000001,2186.8632600000001,2186.8632600000001,1187.2545700000001,3119.4867899999999,999.60869200000002,932.62353399999995
317.30000000000001,0.99871411600000004,0.79995349299999996,22922.017100000001,18360.1567,2186.2879600000001,2186.2879600000001,1186.8829599999999,3118.72136,999.40499799999998,932.433401
317.39999999999998,0.99849201600000004,0.79977179799999998,22916.919600000001,18355.986499999999,2185.4056500000002,2185.4056500000002,1186.2082,3117.6451299999999,999.19745599999999,932.23947399999997
317.5,0.99825615999999995,0.79957705000000001,22911.506300000001,18351.516800000001,2184.2809900000002,2184.2809900000002,1185.2969599999999,3116.32089,998.98403299999995,932.03990099999999
317.60000000000002,0.99800715799999995,0.79936581500000004,22905.791399999998,18346.668600000001,2182.50603,2182.50603,1183.72549,3114.3551600000001,998.78053899999998,931.84913300000005
317.69999999999999,0.99775214700000003,0.79914217799999998,22899.9385,18341.535800000001,2179.92625,2179.92625,1181.32581,3111.6058499999999,998.60043599999995,931.67960100000005
317.80000000000001,0.99749159399999998,0.79890613700000002,22893.9584,18336.118299999998,2176.5033600000002,2176.5033600000002,1178.05771,3108.0364399999999,998.445652,931.53307600000005
317.89999999999998,0.99722554399999996,0.79865736600000004,22887.852200000001,18330.408599999999,2172.19976,2172.19976,1173.88213,3103.6106399999999,998.317632,931.41087800000003
318,0.99695437099999995,0.79839576899999998,22881.6283,18324.404600000002,2166.97489,2166.97489,1168.7565999999999,3098.2896500000002,998.21828600000003,931.31475899999998
318.10000000000002,0.99667850099999999,0.79812122600000002,22875.296699999999,18318.1034,2160.7817700000001,2160.7817700000001,1162.63195,3092.0285100000001,998.14982099999997,931.24674200000004
318.19999999999999,0.99639521600000003,0.79783026700000004,22868.794900000001,18311.4254,2153.4793199999999,2153.4793199999999,1155.3647800000001,3084.6881899999998,998.11453800000004,931.20887200000004
318.30000000000001,0.99611339099999996,0.79752774599999998,22862.326499999999,18304.482100000001,2144.8519000000001,2144.8519000000001,1146.7218499999999,3076.0693000000001,998.130045,931.21740599999998
318.39999999999998,0.99583148899999996,0.79721220699999995,22855.856500000002,18297.240000000002,2134.8725800000002,2134.8725800000002,1136.6768999999999,3066.1442900000002,998.19568300000003,931.27170999999998
318.5,0.99554835799999997,0.79688244399999997,22849.358199999999,18289.671399999999,2123.50945,2123.50945,1125.1980599999999,3054.8811500000002,998.31138799999997,931.37170300000002
318.60000000000002,0.99526322099999998,0.79653749799999995,22842.8138,18281.754400000002,2110.72552,2110.72552,1112.24783,3042.2433799999999,998.47769400000004,931.51785700000005
318.69999999999999,0.99497102599999998,0.79617619299999998,22836.107499999998,18273.461899999998,2096.8092700000002,2096.8092700000002,1098.13085,3028.5045700000001,998.67842199999996,931.69529699999998
318.80000000000001,0.99465096099999994,0.795791939,22828.761500000001,18264.6427,2082.7668100000001,2082.7668100000001,1083.9131299999999,3014.61573,998.85368000000005,931.848928
318.89999999999998,0.99428894700000003,0.79537731499999997,22820.452799999999,18255.126400000001,2068.9693900000002,2068.9693900000002,1069.99494,3000.9213599999998,998.97445000000005,931.95197099999996
319,0.99388679599999996,0.794934645,22811.2228,18244.966499999999,2055.5122900000001,2055.5122900000001,1056.4731400000001,2987.5153100000002,999.03914999999995,932.00301899999999
319.10000000000002,0.99344640200000001,0.79446638199999997,22801.115000000002,18234.219099999998,2042.49719,2042.49719,1043.4511299999999,2974.4977199999998,999.04605500000002,932.00053300000002
319.19999999999999,0.99296974400000004,0.79397510599999999,22790.174999999999,18222.943599999999,2030.03215,2030.03215,1031.0388600000001,2961.9749900000002,998.993291,931.94284400000004
319.30000000000001,0.99245601100000003,0.79346064299999997,22778.384099999999,18211.135900000001,2018.1650199999999,2018.1650199999999,1019.28682,2949.9925400000002,998.87820499999998,931.82751199999996
319.39999999999998,0.99191308499999997,0.79292877100000003,22765.9231,18198.928599999999,2006.85724,2006.85724,1008.14648,2938.5210200000001,998.71075699999994,931.66378799999995
319.5,0.99134600100000003,0.79238405199999995,22752.907599999999,18186.426500000001,1996.17498,1996.17498,997.68104400000004,2927.6294800000001,998.49393599999996,931.45450300000005
319.60000000000002,0.99075302600000004,0.79182644800000002,22739.297999999999,18173.6286,1986.2553700000001,1986.2553700000001,988.03459999999995,2917.4486299999999,998.220775,931.19325900000001
319.69999999999999,0.99013259799999997,0.79125609600000002,22725.058199999999,18160.538199999999,1977.2398499999999,1977.2398499999999,979.35552299999995,2908.1135399999998,997.88432899999998,930.87368700000002
319.80000000000001,0.989483326,0.79067330899999999,22710.1564,18147.1623,1969.2741599999999,1969.2741599999999,971.79648399999996,2899.7636000000002,997.47767999999996,930.48943999999995
319.89999999999998,0.98880814400000006,0.79007234000000004,22694.659899999999,18133.3691,1961.5199600000001,1961.5199600000001,964.48482200000001,2891.5918700000002,997.03514199999995,930.07190800000001
320,0.98810424299999999,0.78944593699999999,22678.504300000001,18118.992200000001,1953.4493299999999,1953.4493299999999,956.87604199999998,2883.0854899999999,996.57328399999994,929.63616200000001
320.10000000000002,0.98737192600000001,0.78879350400000003,22661.696499999998,18104.017899999999,1944.9754,1944.9754,948.87974299999996,2874.1608500000002,996.09565799999996,929.18545300000005
320.19999999999999,0.986612504,0.78811551599999996,22644.266599999999,18088.456999999999,1936.0412100000001,1936.0412100000001,940.43540599999994,2864.76424,995.60580000000004,928.72303399999998
320.30000000000001,0.98582745699999996,0.78741252100000003,22626.248599999999,18072.322199999999,1926.5831700000001,1926.5831700000001,931.47549500000002,2854.83572,995.10767299999998,928.25255400000003
320.39999999999998,0.98501843899999997,0.78668513399999995,22607.680400000001,18055.6276,1916.5311200000001,1916.5311200000001,921.92544799999996,2844.3091800000002,994.60567200000003,927.77805799999999
320.5,0.98418120499999995,0.78594047600000005,22588.464599999999,18038.536499999998,1906.9733900000001,1906.9733900000001,912.91861200000005,2834.2317499999999,994.05478000000005,927.25835900000004
320.60000000000002,0.98330963400000004,0.78518587500000003,22568.4607,18021.2173,1899.17247,1899.17247,905.770982,2825.8169400000002,993.40148499999998,926.64447700000005
320.69999999999999,0.98240642899999997,0.78442209600000001,22547.730800000001,18003.687399999999,1892.98812,1892.98812,900.334204,2818.93201,992.65391899999997,925.94388900000001
320.80000000000001,0.98147435999999999,0.78365006599999998,22526.338400000001,17985.968099999998,1888.2917500000001,1888.2917500000001,896.47189600000002,2813.4555,991.81985399999996,925.16374900000005
320.89999999999998,0.980516261,0.78287087300000002,22504.3485,17968.0844,1884.9663499999999,1884.9663499999999,894.05965000000003,2809.2772300000001,990.90670299999999,924.31088
321,0.979536254,0.78208589399999995,22481.855899999999,17950.067999999999,1882.8199999999999,1882.8199999999999,892.89393800000005,2806.21594,989.92605700000001,923.39594799999998
321.10000000000002,0.97854610399999997,0.78129559699999995,22459.130399999998,17931.929400000001,1880.94418,1880.94418,892.01978999999994,2803.4057899999998,988.92438700000002,922.46161700000005
321.19999999999999,0.97755842299999995,0.78049881499999996,22436.461599999999,17913.642100000001,1878.19102,1878.19102,890.23304199999995,2799.75054,987.95797400000004,921.559527
321.30000000000001,0.97657457400000003,0.77969833499999996,22413.880799999999,17895.269799999998,1874.7401,1874.7401,887.718478,2795.4250699999998,987.02162499999997,920.68496300000004
321.39999999999998,0.97559614400000005,0.778897069,22391.424299999999,17876.8796,1870.7664,1870.7664,884.655843,2790.5999900000002,986.11055599999997,919.83358899999996
321.5,0.97462493800000005,0.77809806000000004,22369.133600000001,17858.541099999999,1866.4402399999999,1866.4402399999999,881.21984199999997,2785.4416799999999,985.22039400000006,919.00144799999998
321.60000000000002,0.97366048800000005,0.77729874200000004,22346.998,17840.195500000002,1861.5319500000001,1861.5319500000001,877.17278899999997,2779.7278099999999,984.35916399999996,918.19585900000004
321.69999999999999,0.97270008399999996,0.77649559000000001,22324.955300000001,17821.761900000001,1855.89455,1855.89455,872.36515599999996,2773.3136199999999,983.52939300000003,917.41907300000003
321.80000000000001,0.97174421799999999,0.77569043400000004,22303.0167,17803.2824,1849.6788300000001,1849.6788300000001,866.95282099999997,2766.3453100000002,982.72601199999997,916.666473
321.89999999999998,0.970795042,0.77488386499999995,22281.2317,17784.770400000001,1842.7713100000001,1842.7713100000001,860.815744,2758.7153899999998,981.95556499999998,915.94407699999999
322,0.96985486899999995,0.77407653399999998,22259.653300000002,17766.240900000001,1835.05162,1835.05162,853.82659799999999,2750.3099200000001,981.22502499999996,915.25829799999997
322.10000000000002,0.96892617000000003,0.77326914800000002,22238.338199999998,17747.710200000001,1826.39257,1826.39257,845.850775,2741.0084999999999,980.54178999999999,914.61593900000003
322.19999999999999,0.96800404100000004,0.77246247400000001,22217.173900000002,17729.195800000001,1817.27323,1817.27323,837.39047000000005,2731.2690400000001,979.88275899999996,913.995811
322.30000000000001,0.96708771199999999,0.77165624300000002,22196.142800000001,17710.691500000001,1807.72794,1807.72794,828.48211200000003,2721.1239099999998,979.24582599999997,913.39597400000002
322.39999999999998,0.96617813100000005,0.77085125499999996,22175.266500000002,17692.215800000002,1797.7634499999999,1797.7634499999999,819.13169100000005,2710.58061,978.63176299999998,912.81715399999996
322.5,0.96527586499999996,0.77004873799999995,22154.558099999998,17673.7968,1787.46137,1787.46137,809.42321100000004,2699.7185199999999,978.03815499999996,912.25715500000001
322.60000000000002,0.96438157899999999,0.76924996199999995,22134.032899999998,17655.4637,1776.90023,1776.90023,799.43742699999996,2688.6142100000002,977.46280300000001,911.71398499999998
322.69999999999999,0.96349603500000003,0.76845624599999995,22113.708299999998,17637.2467,1766.1555800000001,1766.1555800000001,789.25185099999999,2677.3414299999999,976.90372600000001,911.18584899999996
322.80000000000001,0.96261236299999997,0.76766337399999995,22093.4267,17619.0491,1755.34664,1755.34664,778.99758099999997,2666.0084200000001,976.34906100000001,910.66177900000002
322.89999999999998,0.96171766000000003,0.766871619,22072.891899999999,17600.877100000002,1745.5519200000001,1745.5519200000001,769.80713300000002,2655.6441199999999,975.74479099999996,910.09219599999994
323,0.960813841,0.76608116800000003,22052.147799999999,17582.735000000001,1736.63507,1736.63507,761.537015,2646.1187199999999,975.09805200000005,909.483656
323.10000000000002,0.95990275999999997,0.76529221700000005,22031.237099999998,17564.627400000001,1728.4655700000001,1728.4655700000001,754.04986899999994,2637.3080199999999,974.41569700000002,908.84245199999998
323.19999999999999,0.95898620800000001,0.76450496700000004,22010.2009,17546.558799999999,1720.91876,1720.91876,747.21446600000002,2629.0933799999998,973.70429300000001,908.17461700000001
323.30000000000001,0.95806400999999997,0.76371847100000001,21989.035,17528.5075,1713.91003,1713.91003,740.94323199999997,2621.3928700000001,972.96679500000005,907.482843
323.39999999999998,0.957129546,0.76292684,21967.587599999999,17510.338400000001,1707.36374,1707.36374,735.164894,2614.1267699999999,972.198849,906.76302399999997
323.5,0.95619049899999997,0.76213083199999998,21946.035100000001,17492.068800000001,1700.7337600000001,1700.7337600000001,729.304711,2606.7751899999998,971.42905299999995,906.04142400000001
323.60000000000002,0.95524350400000002,0.76132861600000001,21924.3001,17473.6567,1694.10276,1694.10276,723.45206299999995,2599.4146099999998,970.65069600000004,905.31184900000005
323.69999999999999,0.95428515000000003,0.76051833700000004,21902.304400000001,17455.059499999999,1687.5550699999999,1687.5550699999999,717.69811800000002,2592.1230700000001,969.85695299999998,904.56799999999998
323.80000000000001,0.95331197300000003,0.75969812000000003,21879.968499999999,17436.2343,1681.1767199999999,1681.1767199999999,712.13583400000005,2584.98018,969.04088200000001,903.80346899999995
323.89999999999998,0.95233014500000002,0.75887196000000001,21857.434000000001,17417.272700000001,1674.8823,1674.8823,706.66996900000004,2577.90967,968.21233400000006,903.02737100000002
324,0.95135433000000003,0.75804774900000005,21835.0376,17398.355800000001,1668.3021000000001,1668.3021000000001,700.90119300000003,2570.5691200000001,967.40090499999997,902.26702599999999
324.10000000000002,0.95038625399999999,0.75722567600000001,21812.818800000001,17379.4879,1661.31502,1661.31502,694.70205299999998,2562.8432899999998,966.61296300000004,901.528279
324.19999999999999,0.94942695099999996,0.75640717400000002,21790.801299999999,17360.702099999999,1653.98658,1653.98658,688.13938599999994,2554.7965300000001,965.84719299999995,900.80995099999996
324.30000000000001,0.94847759600000003,0.75559374800000001,21769.0121,17342.0327,1646.37824,1646.37824,681.27565600000003,2546.48938,965.10258199999998,900.11113999999998
324.39999999999998,0.94753950099999995,0.754786972,21747.481400000001,17323.515899999999,1638.54737,1638.54737,674.16895299999999,2537.9785999999999,964.37842000000001,899.43122600000004
324.5,0.94660326699999997,0.75398102300000003,21725.993399999999,17305.018199999999,1630.65147,1630.65147,666.99278500000003,2529.4068600000001,963.65868599999999,898.75539200000003
324.60000000000002,0.94566444599999999,0.75317469299999995,21704.446,17286.511699999999,1622.92617,1622.92617,659.996354,2520.9973399999999,962.92981799999995,898.07116499999995
324.69999999999999,0.94472198200000002,0.75236809199999999,21682.814999999999,17267.998899999999,1615.46911,1615.46911,653.282062,2512.84328,962.18704400000001,897.37417000000005
324.80000000000001,0.94377342099999995,0.75155974699999994,21661.044099999999,17249.446199999998,1608.32628,1608.32628,646.90027899999995,2504.9866499999998,961.42600200000004,896.66037300000005
324.89999999999998,0.94281636000000002,0.75074821000000003,21639.078099999999,17230.820199999998,1601.5420300000001,1601.5420300000001,640.89958300000001,2497.4678800000002,960.64244499999995,895.92584999999997
325,0.94184844599999995,0.74993205299999999,21616.863000000001,17212.088100000001,1595.1590000000001,1595.1590000000001,635.32676100000003,2490.3257800000001,959.83224199999995,895.16678100000001
325.10000000000002,0.94087213700000005,0.74911556700000004,21594.4552,17193.3485,1589.4248,1589.4248,630.43594700000006,2483.8020499999998,958.98885800000005,894.37724800000001
325.19999999999999,0.93988610100000003,0.74830376300000001,21571.824199999999,17174.716400000001,1584.97045,1584.97045,626.88303900000005,2478.5049600000002,958.08741199999997,893.53450899999996
325.30000000000001,0.93888932199999997,0.74749593599999997,21548.946599999999,17156.175500000001,1581.8053299999999,1581.8053299999999,624.67886999999996,2474.4425500000002,957.12645699999996,892.63722099999995
325.39999999999998,0.93788092599999995,0.74669115500000005,21525.802299999999,17137.704600000001,1579.90336,1579.90336,623.79734900000005,2471.5887499999999,956.10601499999996,891.68538599999999
325.5,0.93686012100000005,0.74588859900000004,21502.373299999999,17119.2847,1579.2431999999999,1579.2431999999999,624.21717200000001,2469.9221299999999,955.02602400000001,890.67893300000003
325.60000000000002,0.93582695100000002,0.74508697800000001,21478.660500000002,17100.886200000001,1579.6867299999999,1579.6867299999999,625.79506600000002,2469.3093199999998,953.89166,889.62258899999995
325.69999999999999,0.93478868100000001,0.74427828900000004,21454.830600000001,17082.3256,1579.8078599999999,1579.8078599999999,627.04410499999994,2468.3798999999999,952.76375299999995,888.57203800000002
325.80000000000001,0.93374254899999998,0.74345780500000003,21430.820299999999,17063.494200000001,1579.33827,1579.33827,627.68899299999998,2466.8718699999999,951.64927899999998,887.53359599999999
325.89999999999998,0.93269095400000002,0.74262451500000004,21406.684499999999,17044.368999999999,1577.9773399999999,1577.9773399999999,627.41534200000001,2464.4972200000002,950.56200100000001,886.51987499999996
326,0.93163639899999995,0.74177743799999996,21382.480899999999,17024.927199999998,1575.41876,1575.41876,625.90275999999994,2460.9625500000002,949.51600499999995,885.54378699999995
326.10000000000002,0.93058149400000001,0.740915616,21358.269199999999,17005.147099999998,1571.3505500000001,1571.3505500000001,622.82485399999996,2455.9690900000001,948.52570000000003,884.61854100000005
326.19999999999999,0.92952379699999998,0.74003983900000003,21333.9935,16985.046699999999,1566.0535299999999,1566.0535299999999,618.47551099999998,2449.78568,947.57801600000005,883.73215400000004
326.30000000000001,0.92846023700000002,0.73915539799999996,21309.5831,16964.7474,1560.3298199999999,1560.3298199999999,613.68998199999999,2443.18415,946.63983599999995,882.85432700000001
326.39999999999998,0.92739866400000004,0.73826498500000004,21285.218400000002,16944.311099999999,1553.82142,1553.82142,608.08846600000004,2435.8265299999998,945.73294999999996,882.00511300000005
326.5,0.92633560699999995,0.73736780199999996,21260.819599999999,16923.719300000001,1546.7274199999999,1546.7274199999999,601.88120400000003,2427.9016799999999,944.84621100000004,881.17426399999999
326.60000000000002,0.92526772400000001,0.73646316099999998,21236.310099999999,16902.956399999999,1539.2481399999999,1539.2481399999999,595.279582,2419.5997600000001,943.96855800000003,880.35161600000004
326.69999999999999,0.92419179299999998,0.73555048199999995,21211.6158,16882.009099999999,1531.5851399999999,1531.5851399999999,588.49612100000002,2411.1122300000002,943.089022,879.52708700000005
326.80000000000001,0.92310648100000003,0.73462777099999998,21186.706200000001,16860.831399999999,1523.6389899999999,1523.6389899999999,581.42913199999998,2402.3416900000002,942.20985399999995,878.70270600000003
326.89999999999998,0.92201268400000003,0.73369571099999997,21161.601900000001,16839.439200000001,1515.40788,1515.40788,574.07579399999997,2393.2873199999999,941.332088,877.87943700000005
327,0.92090889300000001,0.73275444300000003,21136.268199999999,16817.8357,1507.02943,1507.02943,566.58045000000004,2384.08052,940.44898000000001,877.05109100000004
327.10000000000002,0.919792375,0.73180243599999995,21110.642400000001,16795.985700000001,1498.5663099999999,1498.5663099999999,559.01106400000003,2374.7791000000002,939.55524800000001,876.21279000000004
327.19999999999999,0.91866057300000004,0.73083828500000003,21084.665799999999,16773.856899999999,1490.07996,1490.07996,551.43411500000002,2365.4398299999998,938.64584100000002,875.359872
327.30000000000001,0.91751110300000005,0.72986070700000005,21058.2837,16751.419999999998,1481.6305400000001,1481.6305400000001,543.91459299999997,2356.11843,937.71594500000003,874.48789499999998
327.39999999999998,0.91634007100000003,0.72886987599999997,21031.406800000001,16728.678899999999,1473.5530100000001,1473.5530100000001,536.80410700000004,2347.1345900000001,936.74890700000003,873.58157400000005
327.5,0.91514313999999997,0.72786980000000001,21003.935399999998,16705.725699999999,1466.6184499999999,1466.6184499999999,530.90705400000002,2339.2288400000002,935.71139400000004,872.61039000000005
327.60000000000002,0.913918126,0.72685963099999995,20975.8194,16682.540700000001,1460.9162899999999,1460.9162899999999,526.31857500000001,2332.4854,934.59771899999998,871.56910700000003
327.69999999999999,0.912663263,0.72583789899999995,20947.018400000001,16659.090400000001,1456.43667,1456.43667,523.03033300000004,2326.8929499999999,933.406341,870.45628099999999
327.80000000000001,0.911376929,0.72480330999999998,20917.4951,16635.345000000001,1453.1766399999999,1453.1766399999999,521.04102699999999,2322.4470200000001,932.13561300000003,869.27037800000005
327.89999999999998,0.91005779099999995,0.72375474399999995,20887.218799999999,16611.2788,1451.12788,1451.12788,520.34347600000001,2319.1382100000001,930.784401,868.01033399999994
328,0.90871994700000003,0.722691109,20856.513299999999,16586.8668,1449.02925,1449.02925,519.61445100000003,2315.7623800000001,929.41480100000001,866.73312799999997
328.10000000000002,0.90737388500000005,0.72161464099999995,20825.6191,16562.160199999998,1446.26045,1446.26045,518.19924500000002,2311.7308200000002,928.06120199999998,865.47036800000001
328.19999999999999,0.90601917499999995,0.72052391500000001,20794.526399999999,16537.126400000001,1442.7079200000001,1442.7079200000001,515.98056599999995,2306.9333900000001,926.72735499999999,864.22546799999998
328.30000000000001,0.904655718,0.71941770999999999,20763.233,16511.737300000001,1438.25244,1438.25244,512.83486200000004,2301.2548200000001,925.41758000000004,863.00237400000003
328.39999999999998,0.90328374700000003,0.71829501299999998,20731.744200000001,16485.9696,1432.76909,1432.76909,508.63232199999999,2294.57465,924.13677199999995,861.80555800000002
328.5,0.90190035800000001,0.71715420299999999,20699.993299999998,16459.7863,1426.3253199999999,1426.3253199999999,503.446033,2286.9551200000001,922.87928199999999,860.62980400000004
328.60000000000002,0.90049667,0.71599196099999995,20667.7765,16433.111099999998,1419.29745,1419.29745,497.67593199999999,2278.7508499999999,921.62152200000003,859.45339899999999
328.69999999999999,0.89907443200000003,0.714807258,20635.133900000001,16405.920300000002,1411.43578,1411.43578,491.06111399999998,2269.72235,920.37466199999994,858.28657499999997
328.80000000000001,0.89763128299999995,0.71359924500000005,20602.011500000001,16378.194600000001,1402.84392,1402.84392,483.71161999999998,2259.9673499999999,919.132296,857.12343699999997
328.89999999999998,0.89616514000000003,0.71236725700000003,20568.361199999999,16349.918600000001,1393.6218100000001,1393.6218100000001,475.73335200000002,2249.5803099999998,917.88846000000001,855.95849799999996
329,0.89467419999999998,0.71111080599999998,20534.141899999999,16321.081099999999,1383.8657000000001,1383.8657000000001,467.228071,2238.6523699999998,916.63762699999995,854.78667600000006
329.10000000000002,0.89315616799999997,0.70983068000000005,20499.3007,16291.7003,1373.84412,1373.84412,458.47678100000002,2227.44067,915.36734100000001,853.59655099999998
329.19999999999999,0.89161330400000005,0.70853234200000004,20463.889599999999,16261.901400000001,1363.94318,1363.94318,449.87747899999999,2216.3204900000001,914.06570499999998,852.37730699999997
329.30000000000001,0.89004678400000004,0.70721857399999999,20427.935600000001,16231.7484,1354.3575599999999,1354.3575599999999,441.63079399999998,2205.4810900000002,912.726764,851.12352899999996
329.39999999999998,0.88845400500000005,0.70588856099999997,20391.3789,16201.222599999999,1345.2139500000001,1345.2139500000001,433.87096200000002,2195.04225,911.34299099999998,849.82829500000003
329.5,0.88683269799999997,0.70454174800000002,20354.167399999998,16170.3112,1336.63905,1336.63905,426.73181899999997,2185.1240699999998,909.90722800000003,848.48502199999996
329.60000000000002,0.88518092599999998,0.70317783700000003,20316.256700000002,16139.007299999999,1328.7594799999999,1328.7594799999999,420.34680500000002,2175.8469399999999,908.41267600000003,847.08746299999996
329.69999999999999,0.88349354800000002,0.70179285899999999,20277.5288,16107.219999999999,1321.5795700000001,1321.5795700000001,414.725954,2167.2098599999999,906.853612,845.63029100000006
329.80000000000001,0.88177483999999995,0.70039237499999996,20238.0818,16075.0767,1315.33131,1315.33131,410.10525999999999,2159.4412499999999,905.226045,844.10994900000003
329.89999999999998,0.88002312299999996,0.69897601700000001,20197.877199999999,16042.569100000001,1310.1131600000001,1310.1131600000001,406.58865400000002,2152.63456,903.52450099999999,842.52140299999996
330,0.87823491099999995,0.69754153100000005,20156.834999999999,16009.645500000001,1305.9733799999999,1305.9733799999999,404.22996599999999,2146.8328900000001,901.74341600000002,840.85950400000002
330.10000000000002,0.87640709999999999,0.69608696199999998,20114.883999999998,15976.260899999999,1302.9608800000001,1302.9608800000001,403.08326699999998,2142.0803500000002,899.87761599999999,839.11946599999999
330.19999999999999,0.87453696400000003,0.69461066000000005,20071.961500000001,15942.377500000001,1301.12518,1301.12518,403.20287300000001,2138.4220500000001,897.92231100000004,837.29686200000003
330.30000000000001,0.87262302300000005,0.69310615200000003,20028.033599999999,15907.8467,1299.9114500000001,1299.9114500000001,404.01494100000002,2135.3204599999999,895.89650700000004,835.40901499999995
330.39999999999998,0.87066095200000004,0.69157454399999996,19983.001100000001,15872.694,1299.78702,1299.78702,406.00885199999999,2133.2227400000002,893.77816800000005,833.43571799999995
330.5,0.86864993099999999,0.69001325800000002,19936.845099999999,15836.8601,1300.54971,1300.54971,408.97579100000002,2131.93271,891.57391500000006,831.38300200000003
330.60000000000002,0.86658950400000001,0.68842001100000005,19889.555100000001,15800.2927,1301.99839,1301.99839,412.70766800000001,2131.2556199999999,889.29072399999995,829.25722599999995
330.69999999999999,0.864479577,0.68679281299999995,19841.129099999998,15762.946,1303.9330399999999,1303.9330399999999,416.99711100000002,2130.9981200000002,886.93592599999999,827.06508099999996
330.80000000000001,0.86232153099999997,0.68513077600000005,19791.598600000001,15724.7997,1306.1488300000001,1306.1488300000001,421.63020999999998,2130.9637299999999,884.51861899999994,824.81490299999996
330.89999999999998,0.86012175199999996,0.68343559899999995,19741.1103,15685.8928,1308.3032000000001,1308.3032000000001,426.24475999999999,2130.8279499999999,882.05844000000002,822.52474800000005
331,0.85788361599999996,0.68170517200000003,19689.741699999999,15646.176799999999,1309.9014,1309.9014,430.32398799999999,2130.1161999999999,879.57741599999997,820.21479299999999
331.10000000000002,0.85560930000000002,0.67994011300000001,19637.542600000001,15605.665999999999,1310.8306700000001,1310.8306700000001,433.74858399999999,2128.7217300000002,877.08208999999999,817.89106000000004
331.19999999999999,0.85330140399999999,0.67814134199999998,19584.572899999999,15564.3815,1310.97541,1310.97541,436.39584300000001,2126.5355,874.57956999999999,815.56008799999995
331.30000000000001,0.85096295,0.67631008000000004,19530.9018,15522.351199999999,1310.2171900000001,1310.2171900000001,438.13966299999998,2123.4461299999998,872.07752600000003,813.22893899999997
331.39999999999998,0.848589433,0.67444535400000005,19476.425999999999,15479.552900000001,1308.8210200000001,1308.8210200000001,439.25978300000003,2119.7051000000001,869.56123700000001,810.88408500000003
331.5,0.84617666199999997,0.67254795000000001,19421.049200000001,15436.0046,1307.2099700000001,1307.2099700000001,440.19951099999997,2115.7169199999998,867.01045599999998,808.50695599999995
331.60000000000002,0.84372912499999997,0.67062124099999998,19364.874400000001,15391.783600000001,1305.3707300000001,1305.3707300000001,440.940201,2111.4732600000002,864.43053399999997,806.10252400000002
331.69999999999999,0.84124576600000001,0.66866523499999997,19307.8776,15346.890299999999,1303.3900599999999,1303.3900599999999,441.57295399999998,2107.0568499999999,861.81710599999997,803.666786
331.80000000000001,0.838725901,0.666680253,19250.042799999999,15301.331899999999,1301.35707,1301.35707,442.190945,2102.5530899999999,859.16612099999998,801.19602899999995
331.89999999999998,0.83616921200000005,0.66466692500000002,19191.3629,15255.123,1299.3632600000001,1299.3632600000001,442.88941899999998,2098.0500900000002,856.473839,798.68682899999999
332,0.83357327199999998,0.66262299999999996,19131.7821,15208.211799999999,1297.37157,1297.37157,443.63256200000001,2093.5095700000002,853.73900700000002,796.13799700000004
332.10000000000002,0.83093552100000001,0.66054860400000004,19071.241699999999,15160.601199999999,1295.6031800000001,1295.6031800000001,444.65253300000001,2089.1426299999998,850.95064200000002,793.53945199999998
332.19999999999999,0.82825585400000001,0.65844453199999997,19009.7392,15112.309499999999,1294.1497899999999,1294.1497899999999,446.04457000000002,2085.0377699999999,848.10522400000002,790.88797799999998
332.30000000000001,0.82553497600000003,0.65631133500000005,18947.2909,15063.349399999999,1293.0113899999999,1293.0113899999999,447.80787500000002,2081.1956799999998,845.20351700000003,788.18428800000004
332.39999999999998,0.82277392000000005,0.65414985199999998,18883.920399999999,15013.740100000001,1292.19145,1292.19145,449.94494099999997,2077.62075,842.24650799999995,785.429303
332.5,0.81997404900000004,0.65196121299999998,18819.659100000001,14963.5074,1291.69696,1291.69696,452.46154999999999,2074.3211200000001,839.23541299999999,782.62415999999996
332.60000000000002,0.81713889699999998,0.64974145800000005,18754.588,14912.5607,1290.8272999999999,1290.8272999999999,454.62721599999998,2070.6234800000002,836.20007999999996,779.79618300000004
332.69999999999999,0.81427463600000005,0.64749359100000003,18688.848900000001,14860.968699999999,1289.3935300000001,1289.3935300000001,456.23933,2066.3515299999999,833.15420200000005,776.95799599999998
332.80000000000001,0.81138339299999995,0.64521788099999999,18622.490399999999,14808.7377,1287.2506599999999,1287.2506599999999,457.14518700000002,2061.3673199999998,830.10546799999997,774.11666400000001
332.89999999999998,0.80846753800000004,0.642914757,18555.5671,14755.877399999999,1284.25044,1284.25044,457.18849299999999,2055.5300400000001,827.06194800000003,771.27960099999996
333,0.80552981800000001,0.64058491900000003,18488.141899999999,14702.4041,1280.2427700000001,1280.2427700000001,456.21058499999998,2048.6974399999999,824.03218900000002,768.45466499999998
333.10000000000002,0.80257195999999997,0.638228868,18420.254499999999,14648.329100000001,1275.1389799999999,1275.1389799999999,454.11762900000002,2040.78559,821.02135299999998,765.64660500000002
333.19999999999999,0.79958643600000001,0.63584392499999998,18351.732199999999,14593.591,1269.2723699999999,1269.2723699999999,451.26345700000002,2032.1088999999999,818.008914,762.83653000000004
333.30000000000001,0.79657661199999996,0.63343090599999996,18282.652099999999,14538.208500000001,1262.45398,1262.45398,447.44844599999999,2022.48822,815.00553500000001,760.03424199999995
333.39999999999998,0.793543789,0.63099074300000002,18213.0442,14482.203100000001,1254.67544,1254.67544,442.66250700000001,2011.91678,812.01293399999997,757.24133500000005
333.5,0.79048957600000003,0.62852461900000001,18142.945299999999,14425.601699999999,1245.92894,1245.92894,436.89580000000001,2000.3886399999999,809.033141,754.45969600000001
333.60000000000002,0.78741588900000004,0.626033956,18072.3995,14368.4372,1236.20723,1236.20723,430.13873100000001,1987.8987299999999,806.06849699999998,751.69150000000002
333.69999999999999,0.78432268900000002,0.62352042399999996,18001.4058,14310.747799999999,1225.6875600000001,1225.6875600000001,422.57518499999998,1974.61826,803.11237900000003,748.930699
333.80000000000001,0.78120963200000004,0.62098588200000004,17929.956399999999,14252.5762,1214.5917899999999,1214.5917899999999,414.43561799999998,1960.7612099999999,800.15617399999996,746.16942200000005
333.89999999999998,0.77808036599999997,0.61843242899999995,17858.134999999998,14193.970600000001,1202.84214,1202.84214,405.63542799999999,1946.25613,797.20671700000003,743.41398300000003
334,0.77493584199999999,0.61586249599999998,17785.963400000001,14134.986699999999,1190.61474,1190.61474,396.35624100000001,1931.2741100000001,794.25849600000004,740.65936899999997
334.10000000000002,0.77177731199999999,0.61327875799999998,17713.470300000001,14075.6859,1178.0868700000001,1178.0868700000001,386.78059200000001,1915.9876999999999,791.30628100000001,737.90082700000005
334.19999999999999,0.76860632500000003,0.61068413399999999,17640.691200000001,14016.1353,1165.43704,1165.43704,377.091927,1900.5709099999999,788.34511599999996,735.13386500000001
334.30000000000001,0.76541927300000001,0.60807666999999999,17567.5435,13956.290000000001,1152.7548899999999,1152.7548899999999,367.38711599999999,1885.1067,785.36776999999995,732.351809
334.39999999999998,0.76220585699999999,0.60545252500000002,17493.790700000001,13896.061900000001,1140.47785,1140.47785,358.13099699999998,1870.00729,782.34685100000002,729.52944300000001
334.5,0.75896462799999997,0.60281295700000004,17419.399600000001,13835.479799999999,1128.8550600000001,1128.8550600000001,349.58352400000001,1855.5119199999999,779.27153899999996,726.65685800000006
334.60000000000002,0.75569866699999999,0.60016084000000003,17344.440699999999,13774.6096,1117.9356,1117.9356,341.792258,1841.67109,776.14334299999996,723.73549400000002
334.69999999999999,0.75241119000000001,0.59749919399999996,17268.988099999999,13713.5208,1107.7729400000001,1107.7729400000001,334.80918800000001,1828.53972,772.96375699999999,720.76677900000004
334.80000000000001,0.74910555300000004,0.59483119299999998,17193.118699999999,13652.286099999999,1098.42499,1098.42499,328.69073100000003,1816.17713,769.73426099999995,717.75213299999996
334.89999999999998,0.745775945,0.59215082500000005,17116.699100000002,13590.7675,1089.73741,1089.73741,323.28311000000002,1804.4283499999999,766.45430199999998,714.69093299999997
335,0.74242742100000003,0.58945928400000003,17039.845300000001,13528.9925,1081.4235000000001,1081.4235000000001,318.28350399999999,1793.0215000000001,763.13999699999999,711.59799499999997
335.10000000000002,0.73906104100000003,0.58675783400000003,16962.5818,13466.990100000001,1073.5288700000001,1073.5288700000001,313.73807399999998,1782.00171,759.790798,708.47284200000001
335.19999999999999,0.73567725399999995,0.584047604,16884.918699999998,13404.7862,1066.1347000000001,1066.1347000000001,309.73052000000001,1771.44787,756.40417600000001,705.31317200000001
335.30000000000001,0.73227661600000005,0.58132980599999995,16806.8688,13342.408600000001,1059.32221,1059.32221,306.344491,1761.4390000000001,752.97771699999998,702.11679300000003
335.39999999999998,0.72885992600000005,0.57860556200000002,16728.4506,13279.883,1053.14339,1053.14339,303.633038,1752.0261399999999,749.510355,698.88274699999999
335.5,0.72543048399999999,0.57587127100000002,16649.739600000001,13217.1268,1046.95425,1046.95425,300.92467099999999,1742.5904499999999,746.02957700000002,695.63619800000004
335.60000000000002,0.72198530999999999,0.57312307399999995,16570.667600000001,13154.0515,1040.5944300000001,1040.5944300000001,298.05631299999999,1732.9740099999999,742.53811700000006,692.37958100000003
335.69999999999999,0.71852713499999998,0.57036277899999999,16491.297200000001,13090.6985,1034.0304000000001,1034.0304000000001,294.99022200000002,1723.1471799999999,739.04017399999998,689.11678700000004
335.80000000000001,0.71505877799999995,0.56759220300000002,16411.6931,13027.1096,1027.2224900000001,1027.2224900000001,291.68221399999999,1713.07449,735.54027299999996,685.85199999999998
335.89999999999998,0.71158314300000003,0.56481317399999997,16331.922,12963.3266,1020.12491,1020.12491,288.08165400000001,1702.71461,732.04325500000004,682.58970099999999
336,0.70810262099999999,0.56202842500000005,16252.038699999999,12899.4123,1012.82808,1012.82808,284.27973100000003,1692.15732,728.54835200000002,679.32923500000004
336.10000000000002,0.70462069699999996,0.55924538000000001,16172.1232,12835.537200000001,1005.82335,1005.82335,280.78227099999998,1681.8807999999999,725.04108099999996,676.05745000000002
336.19999999999999,0.70114330800000002,0.55647098399999995,16092.311799999999,12771.8606,999.35169900000005,999.35169900000005,277.83278000000001,1672.1238599999999,721.51891899999998,672.77215699999999
336.30000000000001,0.69767209200000002,0.55370608399999999,16012.642099999999,12708.401900000001,993.36848899999995,993.36848899999995,275.383197,1662.84501,717.98529199999996,669.47652200000005
336.39999999999998,0.69420880500000004,0.55095162900000005,15933.1543,12645.1829,987.82982800000002,987.82982800000002,273.38609400000001,1654.0036299999999,714.44373399999995,666.17380100000003
336.5,0.69075532399999995,0.54820867100000004,15853.891600000001,12582.227800000001,982.69255199999998,982.69255199999998,271.79467499999998,1645.5599,710.89787699999999,662.86735199999998
336.60000000000002,0.68730773300000003,0.54547468399999999,15774.7642,12519.4787,978.01188500000001,978.01188500000001,270.67045100000001,1637.56324,707.34143500000005,659.55135600000006
336.69999999999999,0.68385377000000003,0.54274082899999998,15695.490400000001,12456.7325,973.86358199999995,973.86358199999995,270.10525899999999,1630.07446,703.75832300000002,656.21088199999997
336.80000000000001,0.68039005799999996,0.54000444199999997,15615.992899999999,12393.9282,970.24431700000002,970.24431700000002,270.09930300000002,1623.0869600000001,700.14501399999995,652.84264199999996
336.89999999999998,0.67691913999999997,0.53726748000000002,15536.33,12331.1108,967.15150600000004,967.15150600000004,270.64715200000001,1616.60079,696.50435400000003,649.44928600000003
337,0.67344349100000001,0.53453187000000002,15456.5586,12268.3243,964.58468600000003,964.58468600000003,271.74564600000002,1610.6180099999999,692.83903899999996,646.03332399999999
337.10000000000002,0.66996551800000004,0.53179950499999995,15376.7338,12205.6124,962.54551800000002,962.54551800000002,273.39390600000002,1605.14264,689.151612,642.597126
337.19999999999999,0.66648893200000003,0.529070716,15296.9408,12142.9825,960.76665700000001,960.76665700000001,275.31064099999998,1599.9201499999999,685.45601599999998,639.15349800000001
337.30000000000001,0.66301268999999996,0.52634395599999995,15217.1558,12080.3992,959.17134799999997,959.17134799999997,277.417373,1594.8753400000001,681.75397599999997,635.70399199999997
337.39999999999998,0.65953936599999996,0.52362063800000003,15137.4377,12017.894899999999,957.69766000000004,957.69766000000004,279.647086,1589.9509599999999,678.05057499999998,632.25330299999996
337.5,0.65607244600000003,0.52090273799999998,15057.8665,11955.5149,956.26821500000005,956.26821500000005,281.91575499999999,1585.0757799999999,674.35245899999995,628.80756699999995
337.60000000000002,0.65261532,0.51819216199999996,14978.520200000001,11893.303,954.80583999999999,954.80583999999999,284.13967600000001,1580.17866,670.66616399999998,625.37281900000005
337.69999999999999,0.64917128199999996,0.51549074100000003,14899.474200000001,11831.301299999999,953.23357099999998,953.23357099999998,286.23545999999999,1575.1885600000001,666.99811199999999,621.95498899999996
337.80000000000001,0.64573915800000004,0.51279621099999995,14820.701800000001,11769.457700000001,951.41058399999997,951.41058399999997,288.05831999999998,1569.9682499999999,663.35226399999999,618.55767000000003
337.89999999999998,0.64232016999999997,0.51010601099999997,14742.230799999999,11707.7135,948.97051599999998,948.97051599999998,289.226968,1564.1650299999999,659.74354800000003,615.19451600000002
338,0.63891668999999995,0.50742178999999998,14664.1157,11646.1065,945.89227000000005,945.89227000000005,289.71695499999998,1557.7609,656.17531499999996,611.86863500000004
338.10000000000002,0.63553095500000001,0.50474506600000002,14586.4079,11584.6716,942.15204200000005,942.15204200000005,289.501171,1550.73513,652.65087100000005,608.58308799999998
338.19999999999999,0.63216506900000002,0.50207722300000002,14509.1556,11523.440500000001,937.72332300000005,937.72332300000005,288.54984899999999,1543.06422,649.17347400000006,605.34089400000005
338.30000000000001,0.62882040299999997,0.499419485,14432.3904,11462.4414,932.62190399999997,932.62190399999997,286.877881,1534.7648099999999,645.74402299999997,602.14290100000005
338.39999999999998,0.62549562299999995,0.49677229499999997,14356.081700000001,11401.684300000001,927.00280399999997,927.00280399999997,284.64748700000001,1525.98531,642.35531800000001,598.98250700000006
338.5,0.62219042000000002,0.49413545399999997,14280.2222,11341.1648,920.87035400000002,920.87035400000002,281.86349300000001,1516.7296100000001,639.00686099999996,595.85925199999997
338.60000000000002,0.61890624699999996,0.49151016600000003,14204.8454,11280.910400000001,914.23175700000002,914.23175700000002,278.53179899999998,1507.00612,635.69995800000004,592.77435800000001
338.69999999999999,0.61564438399999999,0.48889748500000002,14129.980600000001,11220.945400000001,907.09304199999997,907.09304199999997,274.65727199999998,1496.82195,632.43577100000005,589.72891000000004
338.80000000000001,0.61240593399999999,0.48629831899999998,14055.6533,11161.290499999999,899.45906600000001,899.45906600000001,270.24375600000002,1486.18292,629.21531000000004,586.72385399999996
338.89999999999998,0.60918947199999995,0.48371349499999999,13981.8305,11101.964900000001,891.53205500000001,891.53205500000001,265.50252999999998,1475.28295,626.02952500000004,583.75089700000001
339,0.60598749500000004,0.48114058700000001,13908.3403,11042.912700000001,883.66944000000001,883.66944000000001,260.81241799999998,1464.4598000000001,622.85702200000003,580.79035599999997
339.10000000000002,0.60279629999999995,0.47857795800000003,13835.097400000001,10984.0964,876.00191500000005,876.00191500000005,256.31297699999999,1453.8359800000001,619.68893800000001,577.83406400000001
339.19999999999999,0.59961709900000004,0.47602715899999998,13762.1299,10925.5517,868.59256800000003,868.59256800000003,252.06832600000001,1443.4736700000001,616.52424199999996,574.88110700000004
339.30000000000001,0.59645081499999997,0.47348954500000001,13689.4589,10867.309600000001,861.50752,861.50752,248.14604199999999,1433.43769,613.36147800000003,571.93016999999998
339.39999999999998,0.59329808100000003,0.47096627099999999,13617.0988,10809.3966,854.81592000000001,854.81592000000001,244.61715799999999,1423.79547,610.19876099999999,568.97954700000003
339.5,0.59016814900000003,0.46846126500000002,13545.2621,10751.902899999999,848.17478800000004,848.17478800000004,241.11594700000001,1414.22498,607.05884100000003,566.05019300000004
339.60000000000002,0.58707239,0.46598152999999998,13474.209699999999,10694.989100000001,841.38904700000001,841.38904700000001,237.42777799999999,1404.5492300000001,603.96126800000002,563.16018699999995
339.69999999999999,0.58401365999999999,0.46352892400000001,13404.007100000001,10638.6981,834.42047400000001,834.42047400000001,233.50992299999999,1394.7341699999999,600.91055100000005,560.31370100000004
339.80000000000001,0.58099264299999998,0.46110356299999999,13334.6702,10583.032300000001,827.225416,827.225416,229.31636499999999,1384.7383199999999,597.90905099999998,557.51290500000005
339.89999999999998,0.578009887,0.45870544400000002,13266.211300000001,10527.9918,819.75904200000002,819.75904200000002,224.800016,1374.51891,594.95902699999999,554.75987199999997
340,0.57506579899999999,0.456334446,13198.639999999999,10473.5738,811.97534700000006,811.97534700000006,219.91271900000001,1364.0319199999999,592.06262800000002,552.05657299999996
340.10000000000002,0.57215416799999996,0.45398833100000002,13131.813599999999,10419.7269,804.14655800000003,804.14655800000003,214.94353599999999,1353.5340699999999,589.20302200000003,549.38751600000001
340.19999999999999,0.56926852999999999,0.45166149799999999,13065.5838,10366.3225,796.21413299999995,796.21413299999995,209.83874299999999,1342.9622999999999,586.37539000000004,546.74817099999996
340.30000000000001,0.56640847299999997,0.449354011,12999.941199999999,10313.3621,788.21832700000004,788.21832700000004,204.640536,1332.35509,583.57779100000005,544.13675799999999
340.39999999999998,0.56357335799999997,0.44706575999999998,12934.8709,10260.8433,780.19980999999996,780.19980999999996,199.39178699999999,1321.7510600000001,580.80802200000005,541.55125299999997
340.5,0.56076231499999996,0.444796462,12870.3532,10208.759400000001,772.19965999999999,772.19965999999999,194.13604100000001,1311.18905,578.06361800000002,538.98938799999996
340.60000000000002,0.55797508900000004,0.44254650499999998,12806.382100000001,10157.119500000001,764.27923299999998,764.27923299999998,188.93720999999999,1300.7280599999999,575.34202200000004,536.44882199999995
340.69999999999999,0.55521550600000003,0.44032065599999998,12743.045400000001,10106.032800000001,756.62447299999997,756.62447299999997,183.984005,1290.5515800000001,572.64046800000006,533.92710799999998
340.80000000000001,0.55248124200000004,0.43811800400000001,12680.2899,10055.4786,749.32945500000005,749.32945500000005,179.37650600000001,1280.7481700000001,569.95294799999999,531.41871300000003
340.89999999999998,0.54977232700000001,0.43593920200000003,12618.116099999999,10005.4717,742.45974200000001,742.45974200000001,175.182683,1271.3811800000001,567.27705900000001,528.92144299999995
341,0.54708858500000002,0.43378475599999999,12556.520200000001,9956.0239099999999,736.08265300000005,736.08265300000005,171.472543,1262.51549,564.61010999999996,526.43283799999995
341.10000000000002,0.54442963200000005,0.43165503,12495.4931,9907.1434300000001,730.26725999999996,730.26725999999996,168.31814,1254.2174299999999,561.94911999999999,523.95016799999996
341.19999999999999,0.54179228300000004,0.42954660500000003,12434.9619,9858.7518600000003,724.91621799999996,724.91621799999996,165.621961,1246.3897400000001,559.29425700000002,521.473525
341.30000000000001,0.53917109600000002,0.42745398699999998,12374.8017,9810.7230799999998,719.89896499999998,719.89896499999998,163.254479,1238.9008200000001,556.64448600000003,519.00185199999999
341.39999999999998,0.53656400500000001,0.42537651599999998,12314.964900000001,9763.0419199999997,715.31490399999996,715.31490399999996,161.32103000000001,1231.8445999999999,553.993875,516.52969499999995
341.5,0.53396831499999997,0.42331148400000002,12255.3899,9715.6462900000006,711.10078899999996,711.10078899999996,159.758928,1225.1572699999999,551.34186,514.05648399999995
341.60000000000002,0.531381086,0.42125599800000002,12196.009,9668.4697300000007,707.19406200000003,707.19406200000003,158.50647900000001,1218.7754399999999,548.68758300000002,511.58137499999998
341.69999999999999,0.52879912399999995,0.41920697299999998,12136.749,9621.4414899999992,703.53286100000003,703.53286100000003,157.50297499999999,1212.6361099999999,546.02988500000004,509.10324800000001
341.80000000000001,0.52622796100000002,0.417168119,12077.7369,9574.6466700000001,700.05393300000003,700.05393300000003,156.67683,1206.6837599999999,543.37710200000004,506.62982499999998
341.89999999999998,0.52367019699999995,0.41513771300000002,12019.032300000001,9528.0457399999996,696.36606500000005,696.36606500000005,155.61948799999999,1200.54306,540.746577,504.17698999999999
342,0.521124421,0.41311338199999997,11960.6029,9481.5842400000001,692.336365,692.336365,154.19464600000001,1194.0842,538.14171899999997,501.74783200000002
342.10000000000002,0.51858976599999995,0.41109478599999999,11902.4287,9435.2543900000001,688.00016300000004,688.00016300000004,152.43988400000001,1187.3404399999999,535.56027900000004,499.34027500000002
342.19999999999999,0.51606520199999995,0.409081431,11844.486000000001,9389.0447899999999,683.38945999999999,683.38945999999999,150.38950800000001,1180.34166,532.99995200000001,496.95219800000001
342.30000000000001,0.513549535,0.407072659,11786.747600000001,9342.9403999999995,678.53293199999996,678.53293199999996,148.07454899999999,1173.11436,530.45838300000003,494.58142500000002
342.39999999999998,0.51104633600000005,0.40507076600000003,11729.295400000001,9296.9938899999997,673.37949500000002,673.37949500000002,145.438163,1165.6127799999999,527.94133199999999,492.23328700000002
342.5,0.50855770199999994,0.40307726199999999,11672.1774,9251.2399299999997,667.91605900000002,667.91605900000002,142.464505,1157.8263999999999,525.45155499999998,489.91034200000001
342.60000000000002,0.50608286099999999,0.40109156200000001,11615.376,9205.6650900000004,662.14443200000005,662.14443200000005,139.156285,1149.7561800000001,522.98814800000002,487.61174899999997
342.69999999999999,0.50362077800000005,0.39911284400000002,11558.8675,9160.2504700000009,656.06288700000005,656.06288700000005,135.51283000000001,1141.39941,520.55005600000004,485.33652599999999
342.80000000000001,0.50117031499999998,0.39714016299999999,11502.625599999999,9114.9744200000005,649.66567699999996,649.66567699999996,131.529414,1132.7493999999999,518.13626299999999,483.08371899999997
342.89999999999998,0.49873031600000001,0.395172774,11446.623900000001,9069.8198499999999,642.96914400000003,642.96914400000003,127.224236,1123.8207500000001,515.74490800000001,480.851608
343,0.49630071599999998,0.39321424799999999,11390.8609,9024.8686799999996,636.35093500000005,636.35093500000005,122.98903900000001,1114.9782600000001,513.361896,478.62732299999999
343.10000000000002,0.49388075199999998,0.39126640099999999,11335.319,8980.1625899999999,630.06270600000005,630.06270600000005,119.085652,1106.46426,510.97705400000001,476.40155900000002
343.19999999999999,0.491468988,0.38932810000000001,11279.9653,8935.67562,624.10312099999999,624.10312099999999,115.51424299999999,1098.27604,508.58887800000002,474.17291399999999
343.30000000000001,0.48906389900000002,0.38739814900000002,11224.764800000001,8891.3803000000007,618.47154399999999,618.47154399999999,112.27580399999999,1090.4114199999999,506.195741,471.93987299999998
343.39999999999998,0.48666386499999997,0.38547528599999997,11169.680399999999,8847.2476499999993,613.16803500000003,613.16803500000003,109.372147,1082.8688400000001,503.79588799999999,469.70080100000001
343.5,0.484268007,0.38355884899999998,11114.691800000001,8803.2624899999992,608.19508299999995,608.19508299999995,106.80680599999999,1075.6498099999999,501.38827700000002,467.45472899999999
343.60000000000002,0.48187711700000002,0.38164944899999997,11059.8172,8759.4388400000007,603.55195600000002,603.55195600000002,104.578165,1068.75443,498.97379100000001,465.20247799999999
343.69999999999999,0.47949047,0.37974646899999998,11005.040000000001,8715.76253,599.23342200000002,599.23342200000002,102.681584,1062.1769200000001,496.55183799999998,462.94349599999998
343.80000000000001,0.47710635800000001,0.37784864899999998,10950.321,8672.2046499999997,595.24680799999999,595.24680799999999,101.126507,1055.9226200000001,494.12030099999998,460.67581300000001
343.89999999999998,0.47472301500000003,0.37595468500000001,10895.6196,8628.7352900000005,591.60003800000004,591.60003800000004,99.9230649,1049.9974199999999,491.67697299999998,458.397379
344,0.47233861100000002,0.37406323400000002,10840.893899999999,8585.3235800000002,588.30163300000004,588.30163300000004,99.082075500000002,1044.4077,489.21955800000001,456.10606200000001
344.10000000000002,0.469957128,0.37217672299999999,10786.235199999999,8542.0252799999998,585.28106400000001,585.28106400000001,98.526080100000001,1039.08933,486.75498399999998,453.808267
344.19999999999999,0.46758577600000001,0.37029925000000002,10731.808999999999,8498.9344000000001,582.37886900000001,582.37886900000001,98.0818941,1033.89554,484.29697499999997,451.51666899999998
344.30000000000001,0.46522572099999998,0.36843124500000002,10677.6422,8456.0608300000004,579.54522299999996,579.54522299999996,97.696579900000003,1028.77935,481.84864299999998,449.23413099999999
344.39999999999998,0.46287613100000002,0.36657214199999999,10623.7155,8413.39156,576.78859799999998,576.78859799999998,97.379823900000005,1023.7481299999999,479.40877399999999,446.95952999999997
344.5,0.46053622999999999,0.36472139999999997,10570.011200000001,8370.9142100000008,574.11588300000005,574.11588300000005,97.139611799999997,1018.80773,476.976271,444.691847
344.60000000000002,0.45820529500000001,0.36287850700000002,10516.5126,8328.6169900000004,571.53238499999998,571.53238499999998,96.982228199999994,1013.9625600000001,474.55015700000001,442.43017600000002
344.69999999999999,0.45587622900000002,0.36103783299999997,10463.057000000001,8286.3707200000008,569.02835100000004,569.02835100000004,96.905237700000001,1009.19604,472.12311299999999,440.16769399999998
344.80000000000001,0.45354793900000001,0.35919830200000002,10409.619199999999,8244.1506599999993,566.580377,566.580377,96.885551500000005,1004.48447,469.69482599999998,437.90409299999999
344.89999999999998,0.451218128,0.35735810299999998,10356.146500000001,8201.9152799999993,564.18649900000003,564.18649900000003,96.923615100000006,999.823623,467.26288399999999,435.63712399999997
345,0.44888397899999999,0.35551503800000001,10302.574199999999,8159.6141100000004,561.84657900000002,561.84657900000002,97.022334599999994,995.21053300000005,464.82424500000002,433.36395299999998
345.10000000000002,0.44654269800000002,0.35366690699999997,10248.8382,8117.1966899999998,559.55858799999999,559.55858799999999,97.182628899999997,990.64042199999994,462.37596000000002,431.08183300000002
345.19999999999999,0.44419151200000001,0.35181151100000002,10194.874900000001,8074.6125000000002,557.31860400000005,557.31860400000005,97.403429299999999,986.10670600000003,459.91517399999998,428.78810199999998
345.30000000000001,0.441833535,0.349952604,10140.7557,8031.9477500000003,555.26497300000005,555.26497300000005,97.824853200000007,981.74617999999998,457.44011899999998,426.48120699999998
345.39999999999998,0.439468831,0.34809196599999997,10086.482099999999,7989.2432500000004,553.57809799999995,553.57809799999995,98.633933499999998,977.73319200000003,454.944164,424.15509500000002
345.5,0.437095383,0.34622779799999998,10032.007900000001,7946.4577399999998,552.23458000000005,552.23458000000005,99.808585600000001,974.04310399999997,452.425994,421.80852499999997
345.60000000000002,0.43471125100000002,0.344358369,9977.2883899999997,7903.5514899999998,551.21158800000001,551.21158800000001,101.327229,970.65190500000006,449.88435900000002,419.44031699999999
345.69999999999999,0.43231457499999998,0.34248201499999997,9922.2810000000009,7860.4862899999998,550.48685899999998,550.48685899999998,103.168786,967.53620999999998,447.31807300000003,417.049351
345.80000000000001,0.42990433700000003,0.340597647,9866.9623599999995,7817.2371599999997,550.02965700000004,550.02965700000004,105.30248,964.665302,444.72717699999998,414.63564500000001
345.89999999999998,0.42748239399999999,0.33870655199999999,9811.3750600000003,7773.8336499999996,549.82319900000005,549.82319900000005,107.70889699999999,962.02483700000005,442.11430200000001,412.201638
346,0.42504930600000002,0.33680953499999999,9755.53197,7730.2941899999996,549.90569000000005,549.90569000000005,110.427052,959.652289,439.47863699999999,409.746599
346.10000000000002,0.42260363699999998,0.33490499200000001,9699.4001200000002,7686.5820199999998,550.22692099999995,550.22692099999995,113.40643,957.497705,436.820492,407.27078399999999
346.19999999999999,0.42014407300000001,0.33299142999999998,9642.9493600000005,7642.66284,550.73791600000004,550.73791600000004,116.59765299999999,955.51244499999996,434.140263,404.77452899999997
346.30000000000001,0.41766942499999998,0.33106746399999998,9586.1524000000009,7598.5048699999998,551.39092200000005,551.39092200000005,119.952483,953.64917700000001,431.43843900000002,402.25825500000002
346.39999999999998,0.41517831100000002,0.32913023499999999,9528.9775200000004,7554.04252,552.00027299999999,552.00027299999999,123.27985200000001,951.72713899999997,428.72042099999999,399.72686599999997
346.5,0.41267012400000003,0.32717566399999998,9471.4107999999997,7509.1821099999997,552.18951400000003,552.18951400000003,126.18998000000001,949.38203099999998,425.99953399999998,397.19251700000001
346.60000000000002,0.41014435999999999,0.32520159999999998,9413.4406400000007,7463.8743199999999,551.77557200000001,551.77557200000001,128.49354199999999,946.43647999999996,423.28203100000002,394.66090800000001
346.69999999999999,0.40759991099999998,0.32320669800000001,9355.0416499999992,7418.0882799999999,550.70814600000006,550.70814600000006,130.13956200000001,942.84077400000001,420.56858399999999,392.13262800000001
346.80000000000001,0.40503580300000003,0.321189687,9296.1914400000005,7371.7947800000002,548.93388700000003,548.93388700000003,131.073768,938.54239099999995,417.860118,389.60850499999998
346.89999999999998,0.40245119000000001,0.31914936599999999,9236.8706199999997,7324.9663,546.39640599999996,546.39640599999996,131.23859100000001,933.48600399999998,415.15781500000003,387.08959800000002
347,0.39984700400000001,0.31708973000000001,9177.1005700000005,7277.6944899999999,543.43656099999998,543.43656099999998,130.98654099999999,928.00184899999999,412.45002099999999,384.56528800000001
347.10000000000002,0.39722521999999999,0.31501403100000003,9116.9266200000002,7230.0540300000002,540.23305100000005,540.23305100000005,130.50081499999999,922.26455599999997,409.732236,382.03150499999998
347.19999999999999,0.39458592199999998,0.312922747,9056.3506799999996,7182.0558600000004,536.82879300000002,536.82879300000002,129.82583600000001,916.31566999999995,407.00295699999998,379.48687699999999
347.30000000000001,0.39192885399999999,0.310816113,8995.3669200000004,7133.7053900000001,533.26906599999995,533.26906599999995,129.00883999999999,910.19867799999997,404.26022599999999,376.92961200000002
347.39999999999998,0.389253927,0.30869450100000001,8933.9732499999991,7085.0111500000003,529.600055,529.600055,128.097824,903.95810800000004,401.50223,374.35805399999998
347.5,0.38656121399999999,0.30655842,8872.17137,7035.9848199999997,525.86884799999996,525.86884799999996,127.141548,897.63952700000004,398.72730000000001,371.77067799999998
347.60000000000002,0.38384900999999999,0.30440711500000001,8809.9221400000006,6986.6090899999999,522.13556300000005,522.13556300000005,126.204206,891.29929200000004,395.93135799999999,369.16372899999999
347.69999999999999,0.38112099399999999,0.30224568899999998,8747.30998,6937.0010400000001,518.63298699999996,518.63298699999996,125.52325,885.16600600000004,393.109737,366.53301900000002
347.80000000000001,0.37837648099999999,0.30007371999999999,8684.3192099999997,6887.15103,515.37291300000004,515.37291300000004,125.11165200000001,879.25037099999997,390.26126099999999,363.87745899999999
347.89999999999998,0.37561497100000002,0.29789095500000001,8620.9383199999993,6837.0532300000004,512.36969399999998,512.36969399999998,124.984842,873.56574999999998,387.38485300000002,361.196056
348,0.37283614300000001,0.29569730599999999,8557.1599700000006,6786.7056300000004,509.64024699999999,509.64024699999999,125.160709,868.12816299999997,384.47953799999999,358.48791599999998
348.10000000000002,0.37003975,0.29349230399999998,8492.97847,6736.0974699999997,507.15572700000001,507.15572700000001,125.609605,862.909492,381.54612100000003,355.75376599999998
348.19999999999999,0.36722570999999998,0.29127332900000003,8428.3919600000008,6685.1685799999996,504.64935200000002,504.64935200000002,126.054929,857.65192400000001,378.59442300000001,353.00257199999999
348.30000000000001,0.36439537100000002,0.28904046500000002,8363.4313500000007,6633.92094,502.02039100000002,502.02039100000002,126.39075,852.25949800000001,375.62964099999999,350.23910699999999
348.39999999999998,0.36154863300000001,0.28679353400000002,8298.0943399999996,6582.3504300000004,499.25838399999998,499.25838399999998,126.60632699999999,846.72200999999995,372.65205700000001,347.46362599999998
348.5,0.35868558699999997,0.28453250299999999,8232.3830600000001,6530.45633,496.35246599999999,496.35246599999999,126.690292,841.02905499999997,369.66217399999999,344.67658899999998
348.60000000000002,0.35580651899999999,0.282257488,8166.3040499999997,6478.2412599999998,493.29136599999998,493.29136599999998,126.63064799999999,835.17003299999999,366.66071799999997,341.87866700000001
348.69999999999999,0.35291129500000001,0.27996834900000001,8099.8542399999997,6425.70201,490.07137999999998,490.07137999999998,126.423697,829.14122999999995,363.64768400000003,339.06984999999997
348.80000000000001,0.34999866400000001,0.27766414900000003,8033.0048999999999,6372.8170899999996,486.69665600000002,486.69665600000002,126.07509400000001,822.94539199999997,360.62156199999998,336.24873600000001
348.89999999999998,0.347068459,0.275344696,7965.7521999999999,6319.5820899999999,483.160776,483.160776,125.578367,816.57615099999998,357.58240999999998,333.41537499999998
349,0.344121809,0.27301077299999998,7898.1220700000003,6266.0150000000003,479.45357000000001,479.45357000000001,124.92174199999999,810.02481899999998,354.53182800000002,330.57124900000002
349.10000000000002,0.34116001000000001,0.27066329300000003,7830.1442500000003,6212.1367399999999,475.56464599999998,475.56464599999998,124.093041,803.28266399999995,351.47160500000001,327.71801799999997
349.19999999999999,0.33818452399999999,0.26830329400000003,7761.8523100000002,6157.9711500000003,471.48339600000003,471.48339600000003,123.07968,796.340912,348.40371599999997,324.85751499999998
349.30000000000001,0.33519349199999998,0.26593019800000001,7693.2035299999998,6103.50497,467.30095799999998,467.30095799999998,121.978194,789.28573200000005,345.32276400000001,321.98477400000002
349.39999999999998,0.33218874399999998,0.26354699100000001,7624.2399699999996,6048.8067099999998,463.17972300000002,463.17972300000002,120.95502500000001,782.27585799999997,342.22469799999999,319.09613400000001
349.5,0.32917168600000002,0.26115511899999999,7554.9938700000002,5993.9095799999996,459.15620799999999,459.15620799999999,120.04652400000001,775.347981,339.10968400000002,316.19177400000001
349.60000000000002,0.32614258899999998,0.25875473300000001,7485.4714700000004,5938.8170600000003,455.22415699999999,455.22415699999999,119.24591100000001,768.49633500000004,335.97824600000001,313.272178
349.69999999999999,0.323101886,0.25634613099999998,7415.6826799999999,5883.5359500000004,451.379347,451.379347,118.54833600000001,761.71727299999998,332.83101099999999,310.33792599999998
349.80000000000001,0.320050169,0.25392975200000001,7345.6410999999998,5828.07636,447.61958499999997,447.61958499999997,117.95088699999999,755.00927300000001,329.66869800000001,307.38968799999998
349.89999999999998,0.31698485300000001,0.2515038,7275.2874199999997,5772.3970499999996,443.96757600000001,443.96757600000001,117.479905,748.39166699999998,326.48767099999998,304.42409199999997
350,0.31390248399999998,0.24906324799999999,7204.54234,5716.3826499999996,440.18014199999999,440.18014199999999,116.886921,741.62604099999999,323.29322100000002,301.44589999999999
350.10000000000002,0.31080392699999998,0.246609262,7133.4256999999998,5660.0599099999999,436.30843399999998,436.30843399999998,116.224048,734.76268400000004,320.08438599999999,298.45425
350.19999999999999,0.30769031299999999,0.24414333599999999,7061.9635099999996,5603.4631499999996,432.41640699999999,432.41640699999999,115.556393,727.86452199999997,316.86001399999998,295.44811399999998
350.30000000000001,0.30456287999999998,0.24166704999999999,6990.1841299999996,5546.6285799999996,428.567992,428.567992,114.948922,720.99456299999997,313.61907000000002,292.42657200000002
350.39999999999998,0.30142275499999999,0.2391817,6918.1134499999998,5489.58601,424.80688199999997,424.80688199999997,114.44573099999999,714.19615799999997,310.36115100000001,289.389276
350.5,0.29826883799999998,0.236685058,6845.7262300000002,5432.28424,420.98993100000001,420.98993100000001,113.89954899999999,707.32990500000005,307.09038199999998,286.33997399999998
350.60000000000002,0.29510083500000001,0.234177147,6773.0157099999997,5374.7238600000001,417.14365800000002,417.14365800000002,113.338196,700.42112699999996,303.80546199999998,283.277469
350.69999999999999,0.29192031899999998,0.231659382,6700.0180099999998,5316.9372800000001,413.287419,413.287419,112.780046,693.49010999999996,300.50737299999997,280.20269100000002
350.80000000000001,0.28872893799999999,0.229133215,6626.7709199999999,5258.9579000000003,409.43902400000002,409.43902400000002,112.241788,686.55571999999995,297.19723599999998,277.11669599999999
350.89999999999998,0.28552840800000001,0.226600145,6553.31387,5200.82006,405.61473899999999,405.61473899999999,111.738433,679.635402,293.876306,274.02066300000001
351,0.28231947800000001,0.22406047100000001,6479.6639999999998,5142.5306499999997,401.78513199999998,401.78513199999998,111.238649,672.70147499999996,290.54648300000002,270.91634299999998
351.10000000000002,0.27910079700000001,0.221513459,6405.7903500000002,5084.0728300000001,397.98344900000001,397.98344900000001,110.77837599999999,665.78469900000005,287.20507300000003,267.80124999999998
351.19999999999999,0.27587265599999999,0.21896053200000001,6331.6995800000004,5025.4792600000001,394.334475,394.334475,110.48671899999999,659.00591799999995,283.847756,264.67144300000001
351.30000000000001,0.272636885,0.21640241399999999,6257.4336899999998,4966.7665399999996,390.76479899999998,390.76479899999998,110.285562,652.29605700000002,280.47923700000001,261.53125699999998
351.39999999999998,0.26939534700000001,0.213839853,6183.0354299999999,4907.9518399999997,387.20092099999999,387.20092099999999,110.09665800000001,645.58598199999994,277.104263,258.385062
351.5,0.266149935,0.21127362099999999,6108.5482599999996,4849.0528800000002,383.56924299999997,383.56924299999997,109.841627,638.80650400000002,273.72761600000001,255.23726099999999
351.60000000000002,0.26290164599999999,0.20870544399999999,6033.9950500000004,4790.1093000000001,379.968929,379.968929,109.62223899999999,632.05442600000003,270.34669000000002,252.085497
351.69999999999999,0.259649036,0.20613336700000001,5959.3426799999997,4731.0761899999998,376.313153,376.313153,109.350003,625.24441300000001,266.96314999999998,248.93126000000001
351.80000000000001,0.256393017,0.20355741799999999,5884.6120700000001,4671.9542099999999,372.53091599999999,372.53091599999999,108.95029700000001,618.30879000000004,263.58061900000001,245.77787499999999
351.89999999999998,0.25313605300000003,0.200979923,5809.8597600000003,4612.7967600000002,368.66432500000002,368.66432500000002,108.464128,611.29072199999996,260.200197,242.626397
352,0.24988059600000001,0.198403196,5735.14203,4553.6569300000001,364.755223,364.755223,107.932238,604.23310300000003,256.82298500000002,239.477881
352.10000000000002,0.246629086,0.195829539,5660.5149099999999,4494.5875699999997,360.84518400000002,360.84518400000002,107.395106,597.17855899999995,253.45007899999999,236.33337499999999
352.19999999999999,0.24338206800000001,0.193259825,5585.9908800000003,4435.6087100000004,356.98100299999999,356.98100299999999,106.900674,590.17284400000005,250.08033,233.19184000000001
352.30000000000001,0.240140299,0.19069488400000001,5511.5873099999999,4376.7393700000002,353.18759299999999,353.18759299999999,106.473962,583.24078899999995,246.71363099999999,230.05319600000001
352.39999999999998,0.236905797,0.18813670800000001,5437.3505500000001,4318.0253300000004,349.50862999999998,349.50862999999998,106.158085,576.42662499999994,243.35054500000001,226.91799499999999
352.5,0.23368066900000001,0.185587382,5363.3289199999999,4259.5144,345.99019099999998,345.99019099999998,105.998552,569.77698799999996,239.99163799999999,223.786798
352.60000000000002,0.23046698299999999,0.18304895800000001,5289.5699100000002,4201.2536799999998,342.67795799999999,342.67795799999999,106.040504,563.33809799999995,236.63745399999999,220.66014000000001
352.69999999999999,0.227266629,0.18052327700000001,5216.1168799999996,4143.2854399999997,339.61031500000001,339.61031500000001,106.32170600000001,557.14893900000004,233.28860900000001,217.538624
352.80000000000001,0.22407619400000001,0.178006566,5142.8915200000001,4085.52306,336.67121900000001,336.67121900000001,106.72549600000001,551.09396500000003,229.94572299999999,214.42274599999999
352.89999999999998,0.220891687,0.17550006400000001,5069.8022099999998,4027.9950100000001,334.314953,334.314953,107.72735,545.60802999999999,226.587603,211.29307700000001
353,0.21771533200000001,0.173004455,4996.9000100000003,3970.7169699999999,332.43165199999999,332.43165199999999,109.210915,540.58723799999996,223.22073700000001,208.155586
353.10000000000002,0.214549236,0.17052035300000001,4924.2332699999997,3913.7030199999999,330.913949,330.913949,111.062557,535.92998399999999,219.851392,205.01603600000001
353.19999999999999,0.21139538499999999,0.16804830000000001,4851.8475500000004,3856.9656199999999,329.656971,329.656971,113.17136000000001,531.53695500000003,216.48561100000001,201.87998400000001
353.30000000000001,0.20825506699999999,0.16558862699999999,4779.7724500000004,3800.5123600000002,328.59020400000003,328.59020400000003,115.462794,527.34132599999998,213.127409,198.75112300000001
353.39999999999998,0.205127527,0.16313907,4707.9906199999996,3744.2912799999999,327.53909800000002,327.53909800000002,117.756647,523.17370600000004,209.78245100000001,195.63460799999999
353.5,0.20201273,0.16069618299999999,4636.50126,3688.2232800000002,326.14682800000003,326.14682800000003,119.68287599999999,518.68933500000003,206.46395200000001,192.542507
353.60000000000002,0.19891219500000001,0.15826143100000001,4565.3392400000002,3632.3420099999998,324.44275699999997,324.44275699999997,121.270292,513.91811099999995,203.17246599999999,189.47535300000001
353.69999999999999,0.19582728699999999,0.155836154,4494.5358800000004,3576.6781799999999,322.45544100000001,322.45544100000001,122.547032,508.88899700000002,199.90840800000001,186.43355600000001
353.80000000000001,0.19275921700000001,0.15342156100000001,4424.1189800000002,3521.2595799999999,320.212625,320.212625,123.540565,503.63001800000001,196.67205999999999,183.417394
353.89999999999998,0.18971012800000001,0.15101955,4354.1377300000004,3466.1297599999998,317.73784999999998,317.73784999999998,124.27298500000001,498.16607800000003,193.46486400000001,180.42822899999999
354,0.18667439499999999,0.148625278,4284.4630100000004,3411.1775400000001,314.98358500000001,314.98358500000001,124.70108399999999,492.44558699999999,190.2825,177.46200200000001
354.10000000000002,0.18364936100000001,0.14623657700000001,4215.0338400000001,3356.3532,311.94002999999998,311.94002999999998,124.817573,486.45639899999998,187.122457,174.516369
354.19999999999999,0.18063876200000001,0.143856815,4145.9359899999999,3301.7340199999999,308.654292,308.654292,124.667264,480.24779100000001,183.98702900000001,171.59349900000001
354.30000000000001,0.17764608600000001,0.14148914400000001,4077.2494900000002,3247.3923599999998,305.17161900000002,305.17161900000002,124.293312,473.86698999999999,180.87830700000001,168.69537
354.39999999999998,0.174674566,0.13913650499999999,4009.0485800000001,3193.3956800000001,301.53540199999998,301.53540199999998,123.73722100000001,467.359174,177.798181,165.82377299999999
354.5,0.17172386100000001,0.13679792199999999,3941.3253800000002,3139.72163,297.67196999999999,297.67196999999999,122.922956,460.652828,174.74901399999999,162.98085800000001
354.60000000000002,0.16879229100000001,0.13447393299999999,3874.04135,3086.3825400000001,293.77400299999999,293.77400299999999,122.05217,453.93240400000002,171.721834,160.158401
354.69999999999999,0.165881428,0.13216586,3807.2325999999998,3033.4087199999999,289.85133400000001,289.85133400000001,121.133357,447.20898499999998,168.71797699999999,157.357651
354.80000000000001,0.162993204,0.12987473499999999,3740.94344,2980.8238900000001,285.85455400000001,285.85455400000001,120.113185,440.43678599999998,165.74136799999999,154.582232
354.89999999999998,0.16012924100000001,0.12760134200000001,3675.2111,2928.6460400000001,281.73355099999998,281.73355099999998,118.937928,433.569028,162.79562300000001,151.835477
355,0.15729084900000001,0.12534621700000001,3610.06567,2876.8874700000001,277.43750999999997,277.43750999999997,117.553462,426.55794200000003,159.88404800000001,149.12043199999999
355.10000000000002,0.15448246600000001,0.123115275,3545.60898,2825.6839399999999,273.22242299999999,273.22242299999999,116.220488,419.65530799999999,157.001935,146.432885
355.19999999999999,0.15169688200000001,0.120902997,3481.6755600000001,2774.90877,269.09924899999999,269.09924899999999,114.958172,412.86444899999998,154.141077,143.76519999999999
355.30000000000001,0.14893720299999999,0.11871190299999999,3418.33671,2724.6198100000001,265.07807500000001,265.07807500000001,113.77361500000001,406.19824,151.30446000000001,141.12016499999999
355.39999999999998,0.14620617499999999,0.11654424400000001,3355.6554299999998,2674.8687399999999,261.17046199999999,261.17046199999999,112.675838,399.67061799999999,148.49462399999999,138.50015500000001
355.5,0.14350618100000001,0.114402006,3293.6864399999999,2625.7011000000002,257.38945100000001,257.38945100000001,111.675785,393.296582,145.71366599999999,135.90713099999999
355.60000000000002,0.140839666,0.11228722200000001,3232.4858300000001,2577.16356,253.74824100000001,253.74824100000001,110.784502,387.09134799999998,142.963739,133.343107
355.69999999999999,0.13821171400000001,0.110203309,3172.1703200000002,2529.33457,250.18964399999999,250.18964399999999,109.937174,381.004794,140.25246999999999,130.81514999999999
355.80000000000001,0.13562751200000001,0.108153023,3112.8589400000001,2482.27736,246.579048,246.579048,108.988579,374.91209700000002,137.59046900000001,128.33304999999999
355.89999999999998,0.133087329,0.106137199,3054.5578500000001,2436.0111299999999,242.98184699999999,242.98184699999999,108.006248,368.87670700000001,134.97559899999999,125.89485999999999
356,0.130591133,0.10415643600000001,2997.2663400000001,2390.5495799999999,239.46289100000001,239.46289100000001,107.057474,362.96124200000003,132.405417,123.498351
356.10000000000002,0.128138593,0.10221109,2940.9767900000002,2345.90092,236.08648400000001,236.08648400000001,106.20930799999999,357.22749099999999,129.87717599999999,121.141007
356.19999999999999,0.125730169,0.100300758,2885.6997700000002,2302.0558700000001,232.77293499999999,232.77293499999999,105.378601,351.59893,127.394334,118.82599500000001
356.30000000000001,0.123366332,0.098425066000000005,2831.4460800000002,2259.00587,229.445122,229.445122,104.484858,346.00152600000001,124.960263,116.556404
356.39999999999998,0.12104611799999999,0.096583826400000003,2778.19362,2216.7465999999999,226.16173499999999,226.16173499999999,103.589991,340.49100800000002,122.571744,114.329273
356.5,0.118768623,0.094775973700000002,2725.92164,2175.25362,222.88519099999999,222.88519099999999,102.655997,335.03015699999997,120.229193,112.144966
356.60000000000002,0.116532658,0.093000204099999997,2674.6028099999999,2134.4969900000001,219.57634999999999,219.57634999999999,101.643573,329.57996000000003,117.932777,110.00360999999999
356.69999999999999,0.114336744,0.091254974899999994,2624.2032199999999,2094.4413100000002,216.19452200000001,216.19452200000001,100.51211600000001,324.09961900000002,115.682406,107.905096
356.80000000000001,0.11218215500000001,0.089542984199999995,2574.7521000000002,2055.1484999999998,212.91754599999999,212.91754599999999,99.444691000000006,318.76222300000001,113.472855,105.844677
356.89999999999998,0.110059963,0.087858556399999996,2526.04457,2016.48831,209.87974700000001,209.87974700000001,98.5902727,313.68854599999997,111.289474,103.80879899999999
357,0.10796757999999999,0.086199871900000002,2478.0211599999998,1978.41896,207.10206500000001,207.10206500000001,97.973380000000006,308.896207,109.128685,101.79414300000001
357.10000000000002,0.105905708,0.084567597899999999,2430.6980600000002,1940.95577,204.596754,204.596754,97.605961100000002,304.39775600000002,106.990793,99.8010017
357.19999999999999,0.103874698,0.082962133399999999,2384.0832599999999,1904.1079099999999,202.37711999999999,202.37711999999999,97.5014386,300.20639599999998,104.875681,97.829276300000004
357.30000000000001,0.101874539,0.081383609199999998,2338.1765500000001,1867.8783599999999,200.457516,200.457516,97.674708999999993,296.33598699999999,102.78280700000001,95.8784706
357.39999999999998,0.099905852000000003,0.079832873900000004,2292.99217,1832.2866100000001,198.87598199999999,198.87598199999999,98.164552299999997,292.82390199999998,100.71142999999999,93.947920199999999
357.5,0.097965409000000003,0.078304863700000005,2248.45604,1797.2164399999999,197.36695800000001,197.36695800000001,98.699038900000005,289.41033499999998,98.667918900000004,92.043376800000004
357.60000000000002,0.096052899600000005,0.076800100400000001,2204.5610200000001,1762.6798200000001,196.01010199999999,196.01010199999999,99.361121999999995,286.17192899999998,96.648980300000005,90.161826599999998
357.69999999999999,0.094167675100000001,0.075318863400000005,2161.29223,1728.68316,194.887371,194.887371,100.236503,283.187207,94.650867899999994,88.299836099999993
357.80000000000001,0.092308713299999998,0.073861129100000006,2118.6262200000001,1695.2259300000001,194.079465,194.079465,101.409986,280.53310299999998,92.669478499999997,86.453638699999999
357.89999999999998,0.090475483300000006,0.072426504200000005,2076.55078,1662.29909,193.58855800000001,193.58855800000001,102.884401,278.21118300000001,90.704156699999999,84.622625400000004
358,0.088671222499999994,0.071013417999999995,2035.1402399999999,1629.8666000000001,192.98736099999999,192.98736099999999,104.21308500000001,275.81191100000001,88.774276099999994,82.824549500000003
358.10000000000002,0.086890148,0.069619363500000003,1994.2618500000001,1597.8709200000001,192.48488699999999,192.48488699999999,105.61906999999999,273.53138100000001,86.865816300000006,81.046494499999994
358.19999999999999,0.0851325359,0.068243411099999998,1953.9219700000001,1566.29071,191.96170100000001,191.96170100000001,106.978189,271.25448999999998,84.983512000000005,79.292788999999999
358.30000000000001,0.083398281399999996,0.066884307099999998,1914.11817,1535.09719,191.295535,191.295535,108.163743,268.86300799999998,83.131791300000003,77.567473699999994
358.39999999999998,0.081686899100000002,0.065540473700000004,1874.83933,1504.25416,190.361278,190.361278,109.046502,266.23558100000002,81.314775900000001,75.874302400000005
358.5,0.079998442399999994,0.064212723400000005,1836.0866599999999,1473.78026,189.23936800000001,189.23936800000001,109.70983200000001,263.44996900000001,79.529535800000005,74.210600999999997
358.60000000000002,0.078334012999999994,0.062904537900000002,1797.88546,1443.7554,188.20335700000001,188.20335700000001,110.43625400000001,260.77156000000002,77.767102800000004,72.568202900000003
358.69999999999999,0.076692954300000005,0.061614988400000001,1760.22065,1414.1582599999999,187.20979199999999,187.20979199999999,111.18141199999999,258.157712,76.028380400000003,70.947920100000005
358.80000000000001,0.075073555599999994,0.060342635800000002,1723.0529799999999,1384.9558199999999,186.24774099999999,186.24774099999999,111.935818,255.59614099999999,74.3119236,69.348399000000001
358.89999999999998,0.0734737528,0.059085774000000001,1686.3350499999999,1356.1089199999999,185.30719300000001,185.30719300000001,112.691322,253.07509200000001,72.615870799999996,67.767898900000006
359,0.071891128299999996,0.057842430299999997,1650.0114000000001,1327.5722800000001,184.37905699999999,184.37905699999999,113.441113,250.583349,70.937944000000002,66.204291400000002
359.10000000000002,0.070332476399999996,0.0566186365,1614.23795,1299.48434,183.53972899999999,183.53972899999999,114.25707199999999,248.201562,69.282657,64.6618335
359.19999999999999,0.068798346199999999,0.055415469699999997,1579.0273199999999,1271.8698199999999,182.856889,182.856889,115.208799,245.99567200000001,67.648090199999999,63.138783400000001
359.30000000000001,0.067287085100000005,0.054231841400000001,1544.3415600000001,1244.7037399999999,182.35147699999999,182.35147699999999,116.319799,243.98424199999999,66.031677599999995,61.632765399999997
359.39999999999998,0.065799457800000002,0.053068564700000001,1510.1982399999999,1218.00476,182.04607100000001,182.04607100000001,117.612663,242.18985599999999,64.433408099999994,60.143784599999996
359.5,0.064335929799999997,0.051926237399999998,1476.6080300000001,1191.7865999999999,181.96518,181.96518,119.11230500000001,240.63665800000001,62.852874999999997,58.671478800000003
359.60000000000002,0.062896666899999995,0.0508052425,1443.57475,1166.0580600000001,182.13523900000001,182.13523900000001,120.845963,239.350358,61.289276000000001,57.2151189
359.69999999999999,0.061484579900000003,0.049705566100000001,1411.1651899999999,1140.8188,182.31795700000001,182.31795700000001,122.563346,238.10367600000001,59.754610999999997,55.785719399999998
359.80000000000001,0.0601000592,0.048625888300000003,1379.38832,1116.03854,182.34386599999999,182.34386599999999,124.088269,236.73328699999999,58.255597000000002,54.389420999999999
359.89999999999998,0.058743130900000003,0.0475660501,1348.2447400000001,1091.71363,182.194256,182.194256,125.401298,235.22113999999999,56.792957299999998,53.026884600000002
360,0.057413587199999998,0.046525791900000002,1317.7296799999999,1067.8381199999999,181.858937,181.858937,126.492092,233.55718300000001,55.366845400000003,51.698246300000001
360.10000000000002,0.056110943199999999,0.045504626200000002,1287.8320100000001,1044.4007999999999,181.32653099999999,181.32653099999999,127.349372,231.72993500000001,53.977159100000002,50.403402999999997
360.19999999999999,0.0548350056,0.044502286000000002,1258.54728,1021.39556,180.58489800000001,180.58489800000001,127.960758,229.72747000000001,52.624140400000002,49.142571799999999
360.30000000000001,0.053594823700000002,0.0435258616,1230.08321,998.98512600000004,179.63736399999999,179.63736399999999,128.319907,227.56212500000001,51.317456999999997,47.924760499999998
360.39999999999998,0.052386681300000001,0.042572787899999999,1202.3544999999999,977.11062500000003,178.518721,178.518721,128.466925,225.26376400000001,50.051795800000001,46.745043600000002
360.5,0.051212316000000001,0.041644164499999997,1175.40101,955.79729699999996,177.202302,177.202302,128.372275,222.808379,48.830027100000002,45.606076799999997
360.60000000000002,0.050073220699999997,0.040740894299999997,1149.25703,935.06586500000003,175.66081,175.66081,128.00603000000001,220.17110099999999,47.6547804,44.510290400000002
360.69999999999999,0.048970643899999999,0.039863683400000002,1123.9512099999999,914.93253300000003,173.86631600000001,173.86631600000001,127.337873,217.32620600000001,46.528443799999998,43.459890000000001
360.80000000000001,0.0479037036,0.039012355300000003,1099.4632999999999,895.39324899999997,171.872174,171.872174,126.424092,214.32435100000001,45.4480814,42.4521771
360.89999999999998,0.046868132399999998,0.038185111899999999,1075.69535,876.406746,169.838044,169.838044,125.434898,211.31548000000001,44.403145600000002,41.477436500000003
361,0.045863142199999998,0.037381192700000003,1052.6292900000001,857.95557099999996,167.74874299999999,167.74874299999999,124.355395,208.284131,43.393347499999997,40.535388500000003
361.10000000000002,0.044887772700000002,0.036600221600000003,1030.24307,840.03109099999995,165.643169,165.643169,123.226966,205.26691600000001,42.416203500000002,39.623746300000001
361.19999999999999,0.0439407723,0.0358416025,1008.50796,822.61962200000005,163.56096299999999,163.56096299999999,122.092077,202.30086700000001,41.468886900000001,38.739904000000003
361.30000000000001,0.043020598200000003,0.035104519000000001,987.38855699999999,805.70242499999995,161.54250500000001,161.54250500000001,120.994276,199.42344199999999,40.548228600000002,37.880937400000001
361.39999999999998,0.042125790599999997,0.034387242899999997,966.85135300000002,789.23984099999996,159.52629899999999,159.52629899999999,119.87136599999999,196.573759,39.654933200000002,37.0474605
361.5,0.041253184499999998,0.0336866106,946.82370900000001,773.15925900000002,157.43984900000001,157.43984900000001,118.65158,193.67859100000001,38.788268899999998,36.238742100000003
361.60000000000002,0.040399910599999998,0.033000432900000001,927.23976500000003,757.41043000000002,155.28824,155.28824,117.343298,190.739958,37.944942099999999,35.451717700000003
361.69999999999999,0.039563877800000001,0.032327125800000002,908.05153499999994,741.95700099999999,153.076381,153.076381,115.953873,187.76049499999999,37.122508199999999,34.684113500000002
361.80000000000001,0.038742689300000001,0.031664860400000001,889.20400099999995,726.75699899999995,150.808538,150.808538,114.49032200000001,184.741906,36.318215100000003,33.933368899999998
361.89999999999998,0.037933641499999997,0.031011562999999999,870.63511600000004,711.76282200000003,148.488325,148.488325,112.959321,181.68496099999999,35.529003299999999,33.196636699999999
362,0.0371446806,0.030373179899999998,852.52725699999996,697.11095399999999,146.089517,146.089517,111.32507200000001,178.57233099999999,34.764444900000001,32.4828148
362.10000000000002,0.036379874499999999,0.029752052300000002,834.97378600000002,682.85512500000004,143.525328,143.525328,109.49316399999999,175.324274,34.0321645,31.798946300000001
362.19999999999999,0.035638328300000001,0.029147449799999999,817.95416699999998,668.97857299999998,140.79237800000001,140.79237800000001,107.46105799999999,171.936622,33.3313196,31.144244
362.30000000000001,0.034918594599999998,0.0285583474,801.43517799999995,655.45777099999998,137.90151,137.90151,105.241569,168.41839100000001,32.659941199999999,30.516881300000001
362.39999999999998,0.034219038700000003,0.027983557900000001,785.37929999999994,642.26547400000004,134.86190999999999,134.86190999999999,102.845991,164.77680899999999,32.015919400000001,29.9148991
362.5,0.033537838799999997,0.027421732599999998,769.74471900000003,629.370723,131.681104,131.681104,100.28410100000001,161.01731000000001,31.3970035,29.336206000000001
362.60000000000002,0.032876369400000001,0.026877435500000001,754.56298300000003,616.87827200000004,128.723389,128.723389,97.932239600000003,157.493223,30.791149900000001,28.7698331
362.69999999999999,0.032232690899999999,0.0263505845,739.78957600000001,604.78623600000003,126.138029,126.138029,95.947313500000007,154.34679299999999,30.190715900000001,28.208763699999999
362.80000000000001,0.0316051782,0.025840422299999999,725.38720000000001,593.07723199999998,123.97825400000001,123.97825400000001,94.386287499999995,151.62780900000001,29.591966299999999,27.649554800000001
362.89999999999998,0.030992039400000001,0.0253460761,711.31472699999995,581.73123099999998,122.298834,122.298834,93.307906700000004,149.38737699999999,28.990927599999999,27.088542799999999
363,0.030391315700000001,0.024866557899999999,697.527199,570.72555399999999,121.156085,121.156085,92.772696300000007,147.67792900000001,28.383388799999999,26.521843700000002
363.10000000000002,0.029802697499999999,0.024401300500000001,684.01751100000001,560.04718400000002,120.516025,120.516025,92.745747399999999,146.46632299999999,27.770277199999999,25.950298
363.19999999999999,0.0292294305,0.023950638699999999,670.86015599999996,549.70380699999998,120.149477,120.149477,92.985859899999994,145.534425,27.163616600000001,25.3849488
363.30000000000001,0.0286681006,0.023512791599999999,657.97677399999998,539.65454499999998,120.148459,120.148459,93.592163600000006,144.96769399999999,26.556295299999999,24.819234600000001
363.39999999999998,0.028118501399999999,0.023087078399999999,645.36263299999996,529.88377500000001,120.45873400000001,120.45873400000001,94.508628900000005,144.71351999999999,25.9501046,24.2547867
363.5,0.027580283800000001,0.022672707699999999,633.00971500000003,520.373335,121.026169,121.026169,95.679492300000007,144.719258,25.346677100000001,23.693089000000001
363.60000000000002,0.027052955199999999,0.022268777699999999,620.90671799999996,511.10252300000002,121.79674300000001,121.79674300000001,97.049256799999995,144.932221,24.7474867,23.1354772
363.69999999999999,0.026535306799999998,0.021874076400000001,609.02589399999999,502.04352399999999,122.742394,122.742394,98.590126799999993,145.32407799999999,24.152267299999998,22.5816844
363.80000000000001,0.026025518800000001,0.021486089900000001,597.32547899999997,493.13863900000001,123.748936,123.748936,100.18564499999999,145.78268499999999,23.563291299999999,22.033748800000001
363.89999999999998,0.025522286599999999,0.021102823900000001,585.775532,484.34209900000002,124.714476,124.714476,101.731545,146.20828800000001,22.982931600000001,21.493811300000001
364,0.025024383300000001,0.0207232587,574.34788700000001,475.63049599999999,125.632474,125.632474,103.22237,146.59333000000001,22.410103500000002,20.960856799999998
364.10000000000002,0.024530425799999998,0.020346243300000001,563.010807,466.977418,126.49539900000001,126.49539900000001,104.651809,146.929146,21.8435904,20.433746800000002
364.19999999999999,0.0240388757,0.019970496300000001,551.72898099999998,458.35344700000002,127.294738,127.294738,106.012694,147.20595700000001,21.2820438,19.911219599999999
364.30000000000001,0.0235538125,0.019599102399999999,540.59603700000002,449.82939099999999,128.02037100000001,128.02037100000001,107.29011800000001,147.41810100000001,20.730253600000001,19.3977298
364.39999999999998,0.023077030299999999,0.019233183599999999,529.65315699999996,441.430994,128.643326,128.643326,108.452089,147.53939399999999,20.1912372,18.896068499999998
364.5,0.022608126100000001,0.0188723009,518.89108699999997,433.14818400000001,129.15062,129.15062,109.485579,147.55688900000001,19.665040699999999,18.406269300000002
364.60000000000002,0.022146647299999999,0.0185160251,508.29944399999999,424.97110900000001,129.53428600000001,129.53428600000001,110.38281499999999,147.46243200000001,19.1514703,17.928146699999999
364.69999999999999,0.021692043899999999,0.018163839300000002,497.86559999999997,416.88790399999999,129.785166,129.785166,111.134895,147.246623,18.650271100000001,17.461456600000002
364.80000000000001,0.0212436677,0.0178151387,487.574681,408.88469199999997,129.89291299999999,129.89291299999999,111.731787,146.89881,18.161125999999999,17.0058969
364.89999999999998,0.020801249000000001,0.0174706923,477.42049300000002,400.97912200000002,129.95971599999999,129.95971599999999,112.279768,146.51744600000001,17.6799477,16.557729899999998
365,0.0203619757,0.017130339599999999,467.33849800000002,393.16750500000001,130.197619,130.197619,113.001801,146.30455000000001,17.195817600000002,16.106930699999999
365.10000000000002,0.019925453199999998,0.0167934694,457.319639,385.43581999999998,130.57500999999999,130.57500999999999,113.865527,146.22918300000001,16.709482999999999,15.6541736
365.19999999999999,0.019491174600000001,0.0164593964,447.352281,377.76833199999999,131.06160499999999,131.06160499999999,114.840085,146.26158000000001,16.221520200000001,15.1999747
365.30000000000001,0.019058520900000001,0.01612736,437.42221699999999,370.14758899999998,131.628456,131.628456,115.89612099999999,146.37314699999999,15.732334699999999,14.7446918
365.39999999999998,0.0186277665,0.0157972067,427.53574400000002,362.570065,132.23720700000001,132.23720700000001,116.993559,146.527109,15.243647899999999,14.289902100000001
365.5,0.018202990200000001,0.0154707027,417.78647899999999,355.07629900000001,132.740208,132.740208,117.97485,146.58493200000001,14.7653573,13.844723999999999
365.60000000000002,0.0177817987,0.015144047399999999,408.11948799999999,347.57906000000003,132.93572399999999,132.93572399999999,118.633358,146.34931,14.302365999999999,13.4135863
365.69999999999999,0.017365213099999999,0.0148181413,398.55821099999997,340.09901600000001,132.834597,132.834597,118.97922,145.83174700000001,13.8553765,12.9971508
365.80000000000001,0.0169541567,0.0144937972,389.12383799999998,332.65482500000002,132.446505,132.446505,119.021478,145.04252500000001,13.425027999999999,12.596019699999999
365.89999999999998,0.016549454599999999,0.0141717406,379.835306,325.26313199999998,131.77997099999999,131.77997099999999,118.768074,143.99070599999999,13.0118969,12.210735700000001
366,0.016151907100000001,0.013852979499999999,370.710983,317.94707599999998,130.875045,130.875045,118.259683,142.71579199999999,12.615361500000001,11.8407471
366.10000000000002,0.015761666399999999,0.0135376332,361.75436100000002,310.70939700000002,129.731798,129.731798,117.49621399999999,141.21800300000001,12.2355839,11.486204799999999
366.19999999999999,0.015378766,0.0132253817,352.96621099999999,303.54274600000002,128.31409600000001,128.31409600000001,116.44015400000001,139.46246400000001,11.873942400000001,11.148368100000001
366.30000000000001,0.0150039358,0.0129172592,344.36328400000002,296.47086300000001,126.670462,126.670462,115.141037,137.49678900000001,11.5294244,10.8263271
366.39999999999998,0.0146377981,0.0126141998,335.95986299999998,289.51518700000003,124.84769799999999,124.84769799999999,113.646733,135.36681999999999,11.200965,10.519121699999999
366.5,0.0142808676,0.0123170372,327.767764,282.69485100000003,122.89089,122.89089,112.003443,133.11663200000001,10.8874467,10.225741899999999
366.60000000000002,0.0139353216,0.012027892700000001,319.83695499999999,276.05854299999999,120.844172,120.844172,110.254586,130.791057,10.589585700000001,9.9468852000000005
366.69999999999999,0.0136054199,0.011752159999999999,312.26520499999998,269.73005499999999,118.923616,118.923616,108.61964999999999,128.60313300000001,10.3039659,9.6795174199999998
366.80000000000001,0.0132924054,0.011491527,305.08104200000002,263.74812900000001,117.20416400000001,117.20416400000001,107.175016,126.626514,10.029148599999999,9.4223498299999999
366.89999999999998,0.012996197899999999,0.011245824999999999,298.28262699999999,258.10889300000002,115.67474300000001,115.67474300000001,105.909285,124.850421,9.7654583000000006,9.1756771799999992
367,0.0127166602,0.011014844399999999,291.86680899999999,252.807534,114.32464899999999,114.32464899999999,104.811505,123.26437300000001,9.5131441300000006,8.9397241199999993
367.10000000000002,0.0124535979,0.010798334499999999,285.82912800000003,247.8383,113.143547,113.143547,103.871167,121.858192,9.2723796099999998,8.7146452300000004
367.19999999999999,0.0122046876,0.0105952502,280.11625500000002,243.17720499999999,112.211484,112.211484,103.173806,120.706868,9.0376775699999996,8.4953841000000008
367.30000000000001,0.0119677385,0.0104034366,274.67791,238.77479,111.48190700000001,111.48190700000001,102.67350999999999,119.76321799999999,8.8083968200000005,8.2813115699999997
367.39999999999998,0.011742082900000001,0.010222574700000001,269.49876899999998,234.62373199999999,110.975877,110.975877,102.392844,119.04691699999999,8.5830325300000005,8.0710403500000005
367.5,0.0115270566,0.010052404799999999,264.56358599999999,230.71807100000001,110.720337,110.720337,102.360471,118.583324,8.3598654000000003,7.8629873799999999
367.60000000000002,0.0113219111,0.0098926057599999992,259.85518400000001,227.05043900000001,110.74271,110.74271,102.605643,118.398179,8.1370669499999995,7.6554682400000003
367.69999999999999,0.011125857899999999,0.0097427512399999999,255.35546299999999,223.61104900000001,111.062673,111.062673,103.14962,118.509694,7.9130532100000002,7.4470209499999998
367.80000000000001,0.0109379942,0.0096019357900000001,251.04370399999999,220.379119,111.659227,111.659227,103.971599,118.896674,7.6876272700000001,7.2374477300000004
367.89999999999998,0.010755232599999999,0.0094697946799999991,246.84904399999999,217.34627800000001,112.74556200000001,112.74556200000001,105.296032,119.76196899999999,7.4495301100000004,7.0164069600000003
368,0.0105771723,0.0093455913200000008,242.76228900000001,214.495621,114.27743599999999,114.27743599999999,107.07746400000001,121.062431,7.1999715100000001,6.7849952199999999
368.10000000000002,0.0104033085,0.0092285266799999998,238.77184800000001,211.808808,116.21257799999999,116.21257799999999,109.272603,122.756715,6.9399750999999998,6.5441370799999996
368.19999999999999,0.0102330319,0.0091177393400000001,234.86374000000001,209.26606899999999,118.510694,118.510694,111.840315,124.805279,6.6703784400000004,6.2945850800000001
368.30000000000001,0.010067134700000001,0.0090128495100000004,231.05614499999999,206.858687,121.067702,121.067702,114.671797,127.108369,6.3959043900000001,6.0406672199999996
368.39999999999998,0.0099070849399999997,0.0089128478399999999,227.38275899999999,204.56349599999999,123.65883700000001,123.65883700000001,117.532347,129.450322,6.1264897600000001,5.79148554
368.5,0.0097512164200000001,0.0088153717500000003,223.80533800000001,202.32627099999999,126.173214,126.173214,120.308764,131.72233499999999,5.8644501699999996,5.5491210500000001
368.60000000000002,0.0096001182699999993,0.0087203181200000007,220.33740399999999,200.144644,128.552133,128.552133,122.93953,133.868291,5.6126033199999998,5.3161581800000004
368.69999999999999,0.0094542814000000003,0.0086275059899999992,216.99022500000001,198.014464,130.73676699999999,130.73676699999999,125.363102,135.83185399999999,5.37366542,5.0950867500000001
368.80000000000001,0.0093140985700000001,0.0085366765799999994,213.77281400000001,195.92979,132.66815800000001,132.66815800000001,127.51790699999999,137.55645999999999,5.1502511999999996,4.8883019599999997
368.89999999999998,0.0091801489800000004,0.0084488439499999998,210.698466,193.91389699999999,134.40496899999999,134.40496899999999,129.46415999999999,139.099367,4.9408085100000001,4.6943982100000001
369,0.0090555506399999999,0.0083653598199999995,207.83874299999999,191.99780799999999,135.83449200000001,135.83449200000001,131.08159499999999,140.35483199999999,4.7528972700000001,4.5203402400000003
369.10000000000002,0.0089414331100000008,0.0082863416400000001,205.219572,190.18422000000001,136.87706499999999,136.87706499999999,132.28636599999999,141.24703299999999,4.5906985000000002,4.3699680499999998
369.19999999999999,0.0088370620900000002,0.0082115704199999997,202.82409699999999,188.46810600000001,137.569592,137.569592,133.117546,141.81088299999999,4.4520469399999998,4.2412900200000001
369.30000000000001,0.0087416437199999992,0.0081407719300000004,200.63409899999999,186.84317200000001,137.94806800000001,137.94806800000001,133.61332100000001,142.080353,4.3347467999999996,4.1322854500000004
369.39999999999998,0.0086543245599999992,0.0080736167500000001,198.62999099999999,185.30185800000001,138.04756900000001,138.04756900000001,133.81099699999999,142.08847399999999,4.2365717399999996,4.0409045700000004
369.5,0.0085743645000000007,0.0080100659799999998,196.79478499999999,183.84327099999999,137.92426499999999,137.92426499999999,133.76963000000001,141.88876200000001,4.1546347399999997,3.9644966099999999
369.60000000000002,0.0085021275199999996,0.0079489357300000004,195.13683599999999,182.44023799999999,137.425027,137.425027,133.33000899999999,141.33364800000001,4.0950172,3.9086214400000001
369.69999999999999,0.0084365333700000007,0.0078898806100000003,193.63135,181.084833,136.60172499999999,136.60172499999999,132.547102,140.47215600000001,4.0546236599999999,3.8704311900000001
369.80000000000001,0.0083762475500000003,0.0078326446200000007,192.24769800000001,179.77117899999999,135.536248,135.536248,131.50727900000001,139.38205199999999,4.0289686900000001,3.8458038600000002
369.89999999999998,0.0083198896700000004,0.0077769109300000003,190.95419899999999,178.492006,134.30786599999999,134.30786599999999,130.294252,138.13852600000001,4.0136144199999997,3.8306599000000001
370,0.0082660593799999994,0.0077222990599999999,189.71871100000001,177.23858000000001,132.99084099999999,132.99084099999999,128.98655400000001,136.81191100000001,4.0042874199999998,3.8210695499999998
370.10000000000002,0.0082154480999999998,0.0076683592800000002,188.55710500000001,176.00057899999999,131.481989,131.481989,127.47642,135.30321699999999,4.0055683200000001,3.8212289300000002
370.19999999999999,0.0081638159100000003,0.0076165943700000002,187.37206699999999,174.81249500000001,130.28310500000001,130.28310500000001,126.288873,134.092952,3.9942316199999999,3.80984751
370.30000000000001,0.0081108628499999991,0.0075659003399999999,186.156713,173.64899,129.303425,129.303425,125.330101,133.09312600000001,3.9733239999999999,3.7897010600000001
370.39999999999998,0.0080562297499999994,0.0075151305199999997,184.90280000000001,172.483745,128.452549,128.452549,124.50673399999999,132.21604199999999,3.9458145,3.7634932800000001
370.5,0.0079994982999999995,0.0074630956199999996,183.60072600000001,171.28946400000001,127.640444,127.640444,123.725849,131.37430000000001,3.91459454,3.7338558000000002
370.60000000000002,0.0079413619400000007,0.00741015996,182.26640800000001,170.07451,126.848688,126.848688,122.96759,130.55080000000001,3.8810986399999998,3.7021122599999998
370.69999999999999,0.0078855478500000006,0.0073599599699999997,180.985389,168.92234300000001,126.153361,126.153361,122.306827,129.8228,3.8465338600000001,3.6694391199999998
370.80000000000001,0.0078332612299999993,0.0073120715300000003,179.78533100000001,167.82323,125.412144,125.412144,121.59465400000001,129.054022,3.8174902500000001,3.6418774599999999
370.89999999999998,0.0077844326200000001,0.00726647773,178.66463999999999,166.77678299999999,124.628925,124.628925,120.835176,128.24815000000001,3.79374828,3.6192254500000001
371,0.0077389794799999998,0.0072231592799999996,177.621421,165.78255799999999,123.808408,123.808408,120.03336400000001,127.409649,3.7750438700000002,3.6012403200000001
371.10000000000002,0.0076968061699999998,0.0071820945600000003,176.653479,164.84005999999999,122.956119,122.956119,119.19505100000001,126.543757,3.7610683599999999,3.5876383399999998
371.19999999999999,0.0076585459799999997,0.0071446025700000002,175.77534900000001,163.97956099999999,122.15813300000001,122.15813300000001,118.408823,125.734272,3.7493098900000001,3.5761387099999999
371.30000000000001,0.0076262748999999996,0.0071134248100000004,175.03467800000001,163.26398399999999,121.531522,121.531522,117.79385600000001,125.096386,3.73766636,3.56486357
371.39999999999998,0.0076008356400000003,0.0070896411500000001,174.45080799999999,162.71811299999999,121.120373,121.120373,117.394961,124.67354,3.7254121200000001,3.55316718
371.5,0.0075819338999999998,0.0070733877000000002,174.01698400000001,162.34507099999999,120.96283200000001,120.96283200000001,117.252021,124.502292,3.7108118600000002,3.5394592500000002
371.60000000000002,0.0075692918,0.0070648335999999997,173.72682900000001,162.148741,121.099158,121.099158,117.407088,124.621253,3.6920696500000001,3.5220944799999998
371.69999999999999,0.0075626479600000001,0.0070641810799999998,173.574343,162.13376500000001,121.571718,121.571718,117.90438899999999,125.07109,3.6673290500000002,3.4993726299999999
371.80000000000001,0.0075586576000000001,0.0070672202499999998,173.48275799999999,162.203519,122.213489,122.213489,118.574314,125.68707499999999,3.63917461,3.4735867599999999
371.89999999999998,0.0075496750400000003,0.0070654619200000001,173.27659399999999,162.163162,122.760994,122.760994,119.15187400000001,126.20696,3.6091198599999998,3.44596619
372,0.0075345117800000002,0.0070578565100000001,172.928574,161.988607,123.201448,123.201448,119.625094,126.617195,3.5763536999999999,3.4157466200000002
372.10000000000002,0.0075134985799999998,0.0070450260100000002,172.44628900000001,161.69412700000001,123.572824,123.572824,120.033,126.954797,3.53982368,3.38197371
372.19999999999999,0.0074868936299999998,0.0070275174600000004,171.83566500000001,161.29227900000001,123.91118299999999,123.91118299999999,120.412713,127.254868,3.49846966,3.3436846999999998
372.30000000000001,0.00745488251,0.0070058030099999996,171.10096100000001,160.79389900000001,124.250681,124.250681,120.799457,127.550589,3.4512238800000001,3.29990834
372.39999999999998,0.0074192412599999999,0.0069824918399999996,170.28294,160.258872,124.718996,124.718996,121.32373,127.9671,3.3952657300000002,3.2481047599999999
372.5,0.0073871262599999998,0.0069661322199999999,169.545851,159.88339400000001,125.625591,125.625591,122.29874599999999,128.81058300000001,3.3268442299999998,3.1849919799999999
372.60000000000002,0.00735730624,0.0069556610699999999,168.861436,159.64306500000001,126.959748,126.959748,123.71472300000001,130.06944100000001,3.2450252399999999,3.1096925099999999
372.69999999999999,0.0073285481300000002,0.0069500236700000004,168.201393,159.513678,128.71177700000001,128.71177700000001,125.562943,131.73307,3.1488345099999999,3.0212922099999999
372.80000000000001,0.0072996170000000004,0.0069481737399999998,167.53738000000001,159.47121899999999,130.87301299999999,130.87301299999999,127.83575500000001,133.791853,3.0372577000000001,2.9188402899999999
372.89999999999998,0.0072698887899999998,0.0069490054500000002,166.85507200000001,159.490308,133.378873,133.378873,130.46685500000001,136.182771,2.91201826,2.8038979099999999
373,0.0072403339600000003,0.0069493191000000003,166.17674299999999,159.49750700000001,135.81657799999999,135.81657799999999,133.02708000000001,138.50801899999999,2.7894979000000002,2.69144161
373.10000000000002,0.0072086112000000003,0.0069434113700000003,165.448657,159.36191500000001,137.78164799999999,137.78164799999999,135.09946099999999,140.37447700000001,2.6821865900000001,2.5928285600000001
373.19999999999999,0.0071746674000000002,0.0069316069299999996,164.66959499999999,159.09098499999999,139.31227799999999,139.31227799999999,136.72367,141.81898799999999,2.5886081999999999,2.5067099399999999
373.30000000000001,0.0071384494599999997,0.0069141780199999999,163.83833799999999,158.69096500000001,140.44119000000001,140.44119000000001,137.93369999999999,142.87311199999999,2.5074899899999998,2.4319226199999999
373.39999999999998,0.00709990437,0.0068913444499999997,162.95366899999999,158.1669,141.195627,141.195627,138.75786500000001,143.56311600000001,2.4377626100000001,2.3674891800000002
373.5,0.0070606146999999996,0.0068648977800000004,162.05191099999999,157.55990800000001,141.63371599999999,141.63371599999999,139.25473700000001,143.94675000000001,2.37897954,2.3130335
373.60000000000002,0.0070242980499999998,0.0068414210300000002,161.218388,157.02108100000001,142.13971900000001,142.13971900000001,139.818828,144.39899,2.3208908099999999,2.2592711300000001
373.69999999999999,0.00699248992,0.0068246035699999997,160.48834299999999,156.63509500000001,142.97357600000001,142.97357600000001,140.718073,145.17251099999999,2.2555029900000001,2.19893435
373.80000000000001,0.0069654699399999999,0.0068136960799999998,159.86819299999999,156.38475099999999,144.03436500000001,144.03436500000001,141.847498,146.17009300000001,2.1868672,2.1357276000000001
373.89999999999998,0.0069435642300000001,0.0068079884000000002,159.36542399999999,156.25375099999999,145.22145599999999,145.22145599999999,143.10238200000001,147.294848,2.1190738800000002,2.0733921500000001
374,0.00692714543,0.0068068094199999997,158.988587,156.22669200000001,146.434517,146.434517,144.378264,148.45022299999999,2.0562528200000001,2.0157060800000002
374.10000000000002,0.006913425,0.0068090271799999998,158.67368200000001,156.277593,147.782365,147.782365,145.79102,149.73853399999999,1.9913451,1.9561686700000001
374.19999999999999,0.0068985059299999998,0.0068099180699999996,158.331267,156.29803999999999,149.089326,149.089326,147.162667,150.98613599999999,1.9266590800000001,1.8968097500000001
374.30000000000001,0.0068816688499999997,0.00680824286,157.94483,156.259591,150.28465399999999,150.28465399999999,148.42061000000001,152.12395699999999,1.8640440899999999,1.8393035
374.39999999999998,0.0068630231199999997,0.0068043589800000004,157.51688200000001,156.17044999999999,151.396737,151.396737,149.59417300000001,153.17953499999999,1.80256404,1.78279739
374.5,0.00684266704,0.00679861435,157.049679,156.038602,152.45387600000001,152.45387600000001,150.712602,154.180307,1.7412741599999999,1.7264307800000001
374.60000000000002,0.0068206877800000001,0.00679134736,156.545221,155.871814,153.48427799999999,153.48427799999999,151.80505700000001,155.15361300000001,1.67922108,1.6693349399999999
374.69999999999999,0.00679563336,0.0067839888099999997,155.97018399999999,155.702924,154.75536500000001,154.75536500000001,153.150464,156.35634200000001,1.6049010399999999,1.60097745
374.80000000000001,0.0067602068800000003,0.0067741842899999996,155.15709200000001,155.47789499999999,156.61528799999999,156.61528799999999,154.98629099999999,158.25165100000001,1.62899696,1.63636348
374.89999999999998,0.0067153488600000004,0.0067630203999999999,154.127532,155.221667,159.10087200000001,159.10087200000001,157.295714,160.93115399999999,1.80515801,1.83028236
375,0.0066621749299999996,0.0067516703799999998,152.90710899999999,154.96116599999999,162.24373399999999,162.24373399999999,160.219335,164.31530000000001,2.0243990799999998,2.0715659
375.10000000000002,0.0066017172599999998,0.0067412801599999999,151.51951299999999,154.72269499999999,166.079432,166.079432,163.791845,168.440572,2.2875865900000001,2.36114047
375.19999999999999,0.0065354188299999996,0.0067326514300000001,149.997862,154.524652,170.57418000000001,170.57418000000001,167.982677,173.269631,2.5915029399999998,2.6954504899999998
375.30000000000001,0.0064705118000000002,0.0067258041099999997,148.50814700000001,154.36749599999999,175.14155199999999,175.14155199999999,172.24365499999999,178.17399499999999,2.8978968900000002,3.0324436700000001
375.39999999999998,0.0064167024599999997,0.0067267797999999998,147.27314000000001,154.38989000000001,179.62200100000001,179.62200100000001,176.43328399999999,182.97413800000001,3.1887166100000002,3.35213676
375.5,0.0063733172399999998,0.0067345332799999998,146.27738299999999,154.56784400000001,183.961296,183.961296,180.49954500000001,187.613418,3.4617507999999999,3.6521225899999998
375.60000000000002,0.0063397226799999998,0.0067480346799999999,145.506336,154.87772100000001,188.103542,188.103542,184.388881,192.03339500000001,3.7146604299999999,3.92985322
375.69999999999999,0.0063153254100000002,0.0067662694899999999,144.946382,155.29623799999999,191.991185,191.991185,188.04620600000001,196.17382499999999,3.94497879,4.1826399800000003
375.80000000000001,0.0062989222999999999,0.0067884495899999996,144.56990500000001,155.805305,195.63990699999999,195.63990699999999,191.48518000000001,200.052629,4.1547262800000002,4.4127219899999996
375.89999999999998,0.0062873280799999997,0.00681222474,144.3038,156.35098199999999,199.063717,199.063717,194.715924,203.68814599999999,4.3477927899999997,4.6244292299999996
376,0.0062783379199999999,0.0068348109799999997,144.09746200000001,156.86937,202.15159,202.15159,197.631123,206.96533500000001,4.5204673099999999,4.8137454599999998
376.10000000000002,0.0062717469700000004,0.0068562199999999997,143.94619,157.36073999999999,204.92141799999999,204.92141799999999,200.24751699999999,209.903355,4.6739012600000001,4.9819362500000004
376.19999999999999,0.0062673521799999996,0.0068764481299999998,143.84532200000001,157.825007,207.389342,207.389342,202.58018999999999,212.51950500000001,4.8091513399999997,5.1301633600000001
376.30000000000001,0.0062649523300000003,0.0068954763499999997,143.79024200000001,158.26173299999999,209.569748,209.569748,204.64256800000001,214.82923199999999,4.92717954,5.2594848000000001
376.39999999999998,0.0062628189600000004,0.0069119753100000004,143.74127799999999,158.64041,211.46460300000001,211.46460300000001,206.43480600000001,216.83652599999999,5.0297977700000001,5.3719228299999999
376.5,0.0062553641800000004,0.0069238548800000001,143.57017999999999,158.91306399999999,213.310563,213.310563,208.17548400000001,218.797957,5.13507946,5.4873943000000001
376.60000000000002,0.0062407611199999996,0.00693038605,143.235017,159.06296399999999,215.18023199999999,215.18023199999999,209.93155200000001,220.79236599999999,5.2486806599999998,5.61213389
376.69999999999999,0.0062194853899999996,0.0069312918000000003,142.74670699999999,159.083753,217.00600700000001,217.00600700000001,211.63946100000001,222.74769599999999,5.3665455399999997,5.7416890699999996
376.80000000000001,0.0061919455099999996,0.0069262533699999997,142.11462399999999,158.96811299999999,218.72139300000001,218.72139300000001,213.236649,224.59313900000001,5.4847434100000001,5.8717458999999996
376.89999999999998,0.0061584828699999998,0.0069149103500000001,141.34660500000001,158.707773,220.26100600000001,220.26100600000001,214.66153700000001,226.25913499999999,5.5994687900000004,5.9981289799999997
377,0.0061261581399999999,0.0069043060700000004,140.604703,158.46438900000001,221.78509299999999,221.78509299999999,216.072847,227.90744699999999,5.7122464099999997,6.12235394
377.10000000000002,0.0061030769700000003,0.0069010552600000004,140.07495499999999,158.38977800000001,223.32415,223.32415,217.507464,229.561395,5.81668626,6.2372449899999998
377.19999999999999,0.0060904874500000003,0.00690604423,139.78600599999999,158.50428199999999,224.869079,224.869079,218.95800600000001,231.20997499999999,5.9110727799999996,6.3408959100000004
377.30000000000001,0.0060889940400000002,0.0069196871600000001,139.75173000000001,158.817409,226.413904,226.413904,220.41941299999999,232.84619699999999,5.9944917699999998,6.43229221
377.39999999999998,0.0060992403799999999,0.0069424579599999996,139.98689899999999,159.34003300000001,227.95569,227.95569,221.88953799999999,234.46624299999999,6.0661516899999999,6.5105529000000004
377.5,0.0061215628499999997,0.0069744935199999997,140.499234,160.075298,229.48134400000001,229.48134400000001,223.35631799999999,236.05589000000001,6.1250257299999999,6.5745460299999996
377.60000000000002,0.0061483591300000003,0.00700624595,141.11425,160.80406500000001,230.61341100000001,230.61341100000001,224.45480800000001,237.22414599999999,6.1586026499999997,6.610735
377.69999999999999,0.00617910084,0.0070332837300000001,141.819819,161.42462399999999,230.93256600000001,230.93256600000001,224.78740400000001,237.527908,6.1451617699999996,6.5953420300000003
377.80000000000001,0.0062128426800000004,0.0070552199400000003,142.594246,161.92809299999999,230.475369,230.475369,224.38779299999999,237.00690399999999,6.0875762299999998,6.5315345599999999
377.89999999999998,0.0062486212200000002,0.0070716248700000003,143.41541799999999,162.30461099999999,229.27538699999999,229.27538699999999,223.28680800000001,235.69771299999999,5.9885783200000002,6.4223261699999998
378,0.00628545491,0.0070820259600000001,144.260808,162.54333199999999,227.363192,227.363192,221.51243299999999,233.633768,5.8507594599999999,6.2705765299999996
378.10000000000002,0.0063231903599999997,0.0070881567700000004,145.12689399999999,162.684044,224.932119,224.932119,219.24759299999999,231.01980599999999,5.6845264000000002,6.0876868599999998
378.19999999999999,0.0063619944999999999,0.00709547249,146.01750899999999,162.85195100000001,222.537701,222.537701,217.018519,228.44344799999999,5.5191818599999998,5.90574698
378.30000000000001,0.0063995346300000002,0.0071042077699999999,146.87911199999999,163.05243899999999,220.39423400000001,220.39423400000001,215.025836,226.134016,5.3683974900000004,5.7397815799999998
378.39999999999998,0.0064360638299999998,0.0071156033000000004,147.717513,163.313984,218.61056099999999,218.61056099999999,213.37286399999999,224.20639499999999,5.2376967299999997,5.5958345999999999
378.5,0.0064718099899999998,0.0071309040300000003,148.53794199999999,163.66515899999999,217.29801800000001,217.29801800000001,212.16525799999999,222.77814100000001,5.13276018,5.4801226999999999
378.60000000000002,0.0065069758200000001,0.0071513592100000004,149.34505200000001,164.134637,216.570438,216.570438,211.51101199999999,221.96947299999999,5.0594256599999996,5.39903523
378.69999999999999,0.0065403833,0.0071735618300000003,150.11180400000001,164.64422099999999,216.16824199999999,216.16824199999999,211.16315399999999,221.507034,5.0050879200000002,5.3387921800000004
378.80000000000001,0.0065725419799999999,0.0071957765099999998,150.849895,165.15408199999999,215.86892399999999,215.86892399999999,210.911483,221.15482800000001,4.95744089,5.28590436
378.89999999999998,0.0066039530499999999,0.0072186164699999996,151.57082800000001,165.67829399999999,215.695673,215.695673,210.77845300000001,220.93683799999999,4.9172195500000004,5.2411657900000002
379,0.0066335511100000001,0.0072407641299999997,152.250148,166.18661599999999,215.59773000000001,215.59773000000001,210.714946,220.800534,4.882784,5.2028036499999999
379.10000000000002,0.0066602540599999998,0.0072608756300000001,152.863022,166.64820599999999,215.52294900000001,215.52294900000001,210.670512,220.69193200000001,4.8524371200000003,5.1689828799999997
379.19999999999999,0.0066829631400000004,0.0072775807400000002,153.38423,167.03161399999999,215.41779299999999,215.41779299999999,210.593369,220.555599,4.8244246300000002,5.1378061199999996
379.30000000000001,0.0067029532100000002,0.0072940544800000002,153.84303299999999,167.40971099999999,215.50975299999999,215.50975299999999,210.700199,220.63083599999999,4.8095540899999998,5.1210823599999999
379.39999999999998,0.0067188204500000003,0.0073085181500000002,154.20721,167.74167499999999,215.72750400000001,215.72750400000001,210.92207500000001,220.84372099999999,4.8054289700000004,5.1162175200000002
379.5,0.0067300587100000003,0.0073207487399999998,154.46514500000001,168.02238600000001,216.088964,216.088964,211.275465,221.213776,4.8134998700000002,5.1248114100000004
379.60000000000002,0.00673651222,0.0073311626299999997,154.61326299999999,168.26140000000001,216.650249,216.650249,211.81335200000001,221.800545,4.8368970999999998,5.1502958799999998
379.69999999999999,0.0067380154100000001,0.0073401646099999999,154.647764,168.468009,217.467062,217.467062,212.588323,222.663152,4.8787390899999998,5.1960899500000002
379.80000000000001,0.0067343928499999997,0.00734814791,154.56462099999999,168.65123800000001,218.59470200000001,218.59470200000001,213.652569,223.86030199999999,4.9421323399999997,5.2655998400000001
379.89999999999998,0.0067338588,0.0073594252400000001,154.55236300000001,168.91006999999999,219.81466800000001,219.81466800000001,214.80729600000001,225.15173200000001,5.0073717499999999,5.3370642100000003
380,0.0067385376400000002,0.0073783849299999997,154.65975,169.345224,221.41190599999999,221.41190599999999,216.324433,226.83659800000001,5.0874733000000001,5.4246922099999999
380.10000000000002,0.0067497625899999997,0.0074053834900000004,154.91738000000001,169.96488299999999,223.315121,223.315121,218.13778300000001,228.83799099999999,5.1773380700000002,5.5228701400000002
380.19999999999999,0.0067689220599999999,0.0074408223799999999,155.35711900000001,170.77825899999999,225.45321100000001,225.45321100000001,220.181388,231.07914600000001,5.2718229599999997,5.6259347799999997
380.30000000000001,0.0067974596099999998,0.0074851478900000001,156.01209900000001,171.79559800000001,227.75527399999999,227.75527399999999,222.389533,233.48344700000001,5.3657408200000001,5.7281733800000003
380.39999999999998,0.0068341041000000002,0.0075369633400000002,156.85314600000001,172.98484099999999,230.179033,230.179033,224.72092799999999,236.00756699999999,5.4581050600000003,5.82853317
380.5,0.0068698370999999998,0.0075893161399999999,157.67327299999999,174.186418,232.73302200000001,232.73302200000001,227.174745,238.67048700000001,5.55827764,5.9374648800000003
380.60000000000002,0.0069045720500000001,0.00764103089,158.470494,175.37335100000001,235.30166299999999,235.30166299999999,229.64144999999999,241.35001299999999,5.6602134,6.0483495100000004
380.69999999999999,0.0069371716799999997,0.0076910179600000001,159.218705,176.52063100000001,237.863822,237.863822,232.099907,244.025036,5.7639148100000002,6.1612146299999999
380.80000000000001,0.0069664719399999998,0.0077381687299999998,159.89119099999999,177.602813,240.39856399999999,240.39856399999999,234.529143,246.67469299999999,5.8694214799999997,6.2761290599999997
380.89999999999998,0.0069912819799999998,0.0077813556200000003,160.46061900000001,178.59401800000001,242.88516000000001,242.88516000000001,236.90834899999999,249.27836199999999,5.9768101600000003,6.3932029000000004
381,0.0070119541300000003,0.00782164074,160.93507700000001,179.51862299999999,245.405743,245.405743,239.315653,251.922562,6.0900895899999998,6.5168189600000002
381.10000000000002,0.0070281532900000002,0.0078579707100000003,161.306872,180.352452,247.877689,247.877689,241.672481,254.52023600000001,6.2052080199999997,6.64254693
381.19999999999999,0.0070383439900000002,0.0078879974499999998,161.540764,181.04161099999999,250.18097800000001,250.18097800000001,243.86366200000001,256.94608799999997,6.3173160800000003,6.7651092000000004
381.30000000000001,0.0070424554199999996,0.00791269281,161.63512800000001,181.608408,252.422763,252.422763,245.99059600000001,259.31357200000002,6.4321674700000004,6.8908089300000004
381.39999999999998,0.0070403927999999998,0.0079329949000000004,161.58778799999999,182.07437200000001,254.70862500000001,254.70862500000001,248.15316799999999,261.734509,6.5554563000000003,7.0258846500000001
381.5,0.0070320373200000001,0.0079498080699999998,161.396017,182.46026000000001,257.14257500000002,257.14257500000002,250.449758,264.31908600000003,6.6928171699999996,7.1765101500000004
381.60000000000002,0.0070220571800000001,0.00796500518,161.166957,182.809057,259.54013600000002,259.54013600000002,252.710283,266.86695099999997,6.8298527900000003,7.3268149400000002
381.69999999999999,0.0070134327399999996,0.0079817392099999999,160.96901299999999,183.193128,261.98771799999997,261.98771799999997,255.01951600000001,269.46624700000001,6.96820241,7.4785292500000002
381.80000000000001,0.0070073263399999999,0.0080012451900000007,160.82886199999999,183.64081999999999,264.51958200000001,264.51958200000001,257.411047,272.15194200000002,7.1085350700000003,7.6323604100000004
381.89999999999998,0.0070049664600000004,0.0080241579499999993,160.774699,184.16670300000001,267.101991,267.101991,259.85414400000002,274.88698399999998,7.2478476599999997,7.7849924499999998
382,0.0070076065000000002,0.0080511071300000004,160.83529200000001,184.78522799999999,269.69863800000002,269.69863800000002,262.31566199999997,277.63157000000001,7.3829759199999998,7.9329323499999997
382.10000000000002,0.0070165248299999998,0.0080827170999999993,161.03998100000001,185.51072500000001,272.27063600000002,272.27063600000002,264.760042,280.34314599999999,7.5105943699999997,8.0725099900000004
382.19999999999999,0.0070268798699999998,0.0081148208600000001,161.27764500000001,186.247556,274.77723800000001,274.77723800000001,267.143913,282.98394000000002,7.6333245600000001,8.2067024100000001
382.30000000000001,0.0070397226899999998,0.0081511037000000005,161.572408,187.08030199999999,277.517383,277.517383,269.75139799999999,285.8691,7.7659851099999999,8.3517165599999998
382.39999999999998,0.0070547775700000002,0.0081902207600000002,161.91793999999999,187.97809899999999,280.37320699999998,280.37320699999998,272.47061100000002,288.87421599999999,7.9025963900000002,8.5010093399999995
382.5,0.0070717591,0.00823082298,162.307692,188.90998200000001,283.22719000000001,283.22719000000001,275.18998299999998,291.87525799999997,8.0372066499999999,8.6480684199999995
382.60000000000002,0.00709037227,0.0082715570600000003,162.734893,189.84489099999999,285.96215899999999,285.96215899999999,277.79826700000001,294.74857100000003,8.1638920299999995,8.7864121999999991
382.69999999999999,0.0071102474300000001,0.0083117309100000005,163.191058,190.766943,288.53598699999998,288.53598699999998,280.25520399999999,297.44998800000002,8.2807831200000006,8.9140013099999997
382.80000000000001,0.0071311932499999999,0.0083538238399999999,163.671797,191.73303999999999,291.22290099999998,291.22290099999998,282.82028600000001,300.269879,8.4026150099999999,9.0469783600000007
382.89999999999998,0.0071544753499999999,0.00839619422,164.20615699999999,192.70550499999999,293.748648,293.748648,285.23505799999998,302.91666199999997,8.5135899500000001,9.1680134100000004
383,0.0071791915100000003,0.0084387216299999998,164.77343099999999,193.68157400000001,296.174082,296.174082,287.55625500000002,305.45571999999999,8.6178271500000001,9.2816376700000003
383.10000000000002,0.0072044463500000001,0.0084813009400000004,165.35306800000001,194.65883400000001,298.56109800000002,298.56109800000002,289.84160400000002,307.95353299999999,8.7194943299999998,9.3924353800000002
383.19999999999999,0.0072293513099999998,0.0085238423899999995,165.92467500000001,195.63522599999999,300.97263400000003,300.97263400000003,292.14982600000002,310.47767800000003,8.8228078199999995,9.50504383
383.30000000000001,0.0072545581099999999,0.0085668598999999995,166.503209,196.62254300000001,303.40927299999998,303.40927299999998,294.48211900000001,313.028051,8.9271546599999994,9.6187774499999996
383.39999999999998,0.0072817385,0.0086108871499999996,167.12704099999999,197.633036,305.79065600000001,305.79065600000001,296.76403499999998,315.51777800000002,9.0266207499999993,9.7271223500000001
383.5,0.00731048245,0.0086557027799999998,167.78675799999999,198.66162299999999,308.12705399999999,308.12705399999999,299.00489800000003,317.95818200000002,9.1221560099999994,9.8311278699999995
383.60000000000002,0.0073408873800000001,0.0087018132500000008,168.48459800000001,199.71992900000001,310.46337599999998,310.46337599999998,301.24732899999998,320.39667100000003,9.2160463400000001,9.9332954900000008
383.69999999999999,0.0073730801699999999,0.0087497420500000003,169.22347199999999,200.81996799999999,312.84391099999999,312.84391099999999,303.53339499999998,322.87996900000002,9.3105156400000002,10.0360581
383.80000000000001,0.0074072172499999997,0.0088000297799999995,170.00697,201.97414900000001,315.31232799999998,315.31232799999998,305.90460200000001,325.45410800000002,9.4077257900000006,10.141780199999999
383.89999999999998,0.0074411596100000003,0.0088503773799999998,170.785999,203.12970300000001,317.80283700000001,317.80283700000001,308.296536,328.05183699999998,9.5063001200000006,10.2490006
384,0.0074709716699999998,0.0088991587799999994,171.47023100000001,204.24931100000001,320.466048,320.466048,310.84793200000001,330.836861,9.6181156399999992,10.370813500000001
384.10000000000002,0.0074956865000000003,0.0089461153500000005,172.037475,205.32703599999999,323.35366399999998,323.35366399999998,313.60679399999998,333.86495400000001,9.7468701299999996,10.5112901
384.19999999999999,0.0075154451600000002,0.0089908537899999995,172.49096599999999,206.35385199999999,326.41317299999997,326.41317299999997,316.52353399999998,337.080397,9.8896387600000004,10.6672238
384.30000000000001,0.0075303647899999998,0.0090329673900000004,172.833395,207.320424,329.59261700000002,329.59261700000002,319.54906699999998,340.42808400000001,10.0435497,10.835466800000001
384.39999999999998,0.0075405385699999997,0.0090720361100000008,173.06689800000001,208.21710999999999,332.84059000000002,332.84059000000002,322.63480499999997,343.85351900000001,10.205784299999999,11.0129298
384.5,0.0075479269499999996,0.0091110441599999998,173.23647299999999,209.112405,336.30888900000002,336.30888900000002,325.92643199999998,347.51515699999999,10.382457499999999,11.2062676
384.60000000000002,0.0075531713700000003,0.0091498588899999993,173.35684000000001,210.00326200000001,339.93148500000001,339.93148500000001,329.36205200000001,351.342421,10.5694333,11.410936
384.69999999999999,0.0075567385399999999,0.0091889265100000006,173.43871300000001,210.899924,343.71694600000001,343.71694600000001,332.95024100000001,355.343863,10.766705,11.626917499999999
384.80000000000001,0.0075590964199999996,0.0092287882200000008,173.492829,211.81481099999999,347.68365499999999,347.68365499999999,336.70886899999999,359.53841899999998,10.974785600000001,11.854763800000001
384.89999999999998,0.0075607036800000001,0.0092699914099999992,173.529718,212.76048700000001,351.85139500000002,351.85139500000002,340.65712400000001,363.94651299999998,11.194271199999999,12.0951176
385,0.00756196205,0.0093127898699999993,173.55860000000001,213.74277799999999,356.21395200000001,356.21395200000001,344.78951699999999,368.561127,11.4244354,12.347174600000001
385.10000000000002,0.0075627948099999997,0.0093539459200000005,173.57771299999999,214.68737200000001,360.439798,360.439798,348.79203000000001,373.03155700000002,11.6477682,12.591759100000001
385.19999999999999,0.0075641400600000002,0.0093944457299999992,173.60858899999999,215.61690400000001,364.55547899999999,364.55547899999999,352.69072699999998,377.38485600000001,11.864751200000001,12.8293777
385.30000000000001,0.0075661255900000002,0.0094337244899999999,173.65415999999999,216.51841200000001,368.491671,368.491671,356.42009000000002,381.54753399999998,12.071580900000001,13.055862100000001
385.39999999999998,0.0075688718299999997,0.0094712064700000001,173.71718999999999,217.378681,372.17851200000001,372.17851200000001,359.91407900000002,385.44553200000001,12.2644325,13.267020499999999
385.5,0.0075724918999999996,0.0095063049999999996,173.800276,218.184246,375.545593,375.545593,363.106133,389.00423000000001,12.4394595,13.458637599999999
385.60000000000002,0.0075766527300000002,0.0095384673600000004,173.89577399999999,218.92242100000001,378.56235400000003,378.56235400000003,365.96698400000002,392.19165900000002,12.5953699,13.6293056
385.69999999999999,0.0075802045800000004,0.0095669068499999992,173.977294,219.57515100000001,381.24027999999998,381.24027999999998,368.506371,395.02124099999997,12.7339088,13.780961
385.80000000000001,0.0075827798399999997,0.0095906558400000001,174.03639999999999,220.120227,383.50833899999998,383.50833899999998,370.65666800000002,397.41822200000001,12.8516715,13.909882899999999
385.89999999999998,0.0075842513800000004,0.0096092622700000001,174.07017400000001,220.54727299999999,385.32971300000003,385.32971300000003,372.382882,399.34378500000003,12.9468306,14.0140726
386,0.0075844715100000003,0.0096222579999999999,174.07522700000001,220.84554499999999,386.66758099999998,386.66758099999998,373.65000199999997,400.75913500000001,13.0175789,14.0915541
386.10000000000002,0.0075832719199999997,0.0096291588099999999,174.04769400000001,221.003929,387.48512399999998,387.48512399999998,374.42299400000002,401.62549799999999,13.0621297,14.140374100000001
386.19999999999999,0.0075821423900000002,0.0096332462699999996,174.02177,221.09774200000001,388.00346300000001,388.00346300000001,374.91272300000003,402.17519800000002,13.0907404,14.1717342
386.30000000000001,0.0075822168300000003,0.0096366525000000005,174.02347800000001,221.17591999999999,388.35276099999999,388.35276099999999,375.24356599999999,402.54470600000002,13.109195,14.1919448
386.39999999999998,0.00758369058,0.0096396602400000003,174.05730299999999,221.24495300000001,388.54662000000002,388.54662000000002,375.42859800000002,402.7482,13.118022099999999,14.2015803
386.5,0.0075870802800000001,0.0096435715500000005,174.13510199999999,221.334723,388.67883599999999,388.67883599999999,375.55714899999998,402.88435500000003,13.1216866,14.205519799999999
386.60000000000002,0.0075928979899999999,0.0096497033300000003,174.26862700000001,221.47545700000001,388.84512699999999,388.84512699999999,375.72036700000001,403.05388599999998,13.124759900000001,14.208758700000001
386.69999999999999,0.0076016510999999997,0.0096593873000000007,174.46952400000001,221.69771900000001,389.14313499999997,389.14313499999997,376.01121499999999,403.35954400000003,13.1319201,14.216409499999999
386.80000000000001,0.0076139803699999996,0.0096719781800000005,174.7525,221.98669899999999,389.45340299999998,389.45340299999998,376.317205,403.67422800000003,13.1361977,14.2208249
386.89999999999998,0.0076343385099999998,0.0096926543299999997,175.219751,222.46124800000001,389.95382999999998,389.95382999999998,376.81119999999999,404.18125600000002,13.1426303,14.2274251
387,0.0076630761599999998,0.0097220812700000003,175.879323,223.136641,390.68531400000001,390.68531400000001,377.53227299999998,404.92351300000001,13.153040799999999,14.2381989
387.10000000000002,0.0076998088799999998,0.0097600214899999996,176.722396,224.007428,391.654359,391.654359,378.48620499999998,405.90830699999998,13.168153999999999,14.2539485
387.19999999999999,0.00774418734,0.0098062815199999997,177.740949,225.069166,392.86920800000001,392.86920800000001,379.68045499999999,407.144746,13.1887524,14.2755384
387.30000000000001,0.0077958972600000002,0.0098607119100000001,178.92777100000001,226.31842700000001,394.33984199999998,394.33984199999998,381.124167,408.64373799999998,13.2156757,14.303895600000001
387.39999999999998,0.0078525836400000007,0.0099174296300000003,180.22881000000001,227.62018499999999,395.64415100000002,395.64415100000002,382.41529100000002,409.96124800000001,13.2288602,14.317096599999999
387.5,0.0079119178100000003,0.0099725958899999998,181.59062,228.886335,396.57114300000001,396.57114300000001,383.35172899999998,410.876597,13.219414499999999,14.305454299999999
387.60000000000002,0.0079737396300000006,0.0100257961,183.00952599999999,230.10736299999999,397.09060299999999,397.09060299999999,383.90470900000003,411.35799300000002,13.185894100000001,14.2673901
387.69999999999999,0.0080378940999999999,0.010076595000000001,184.48196899999999,231.27327299999999,397.169715,397.169715,384.043004,411.37088399999999,13.126711500000001,14.201168600000001
387.80000000000001,0.0081042314000000001,0.010124536,186.00451100000001,232.373593,396.77306499999997,396.77306499999997,383.73292900000001,410.87796300000002,13.0401361,14.1048978
387.89999999999998,0.0081719572199999996,0.010169591800000001,187.55892299999999,233.407692,395.96242100000001,395.96242100000001,383.03219200000001,409.94546400000002,12.9302291,13.983043
388,0.0082380345100000005,0.010211711300000001,189.07549700000001,234.37440100000001,394.97960399999999,394.97960399999999,382.166786,408.83260899999999,12.812818,13.8530055
388.10000000000002,0.0083007035100000001,0.0102486603,190.513847,235.22243599999999,393.73470800000001,393.73470800000001,381.04983600000003,407.446213,12.6848723,13.7115045
388.19999999999999,0.0083596629499999991,0.010280988899999999,191.86705599999999,235.964427,392.30964999999998,392.30964999999998,379.75861600000002,405.87328200000002,12.5510348,13.5636317
388.30000000000001,0.0084145814499999999,0.0103092107,193.12752,236.61215899999999,390.78497199999998,390.78497199999998,378.36906699999997,404.19940400000002,12.4159051,13.414432100000001
388.39999999999998,0.0084650974999999993,0.0103338024,194.28693999999999,237.17657800000001,389.23984000000002,389.23984000000002,376.95580000000001,402.50874399999998,12.284039699999999,13.2689038
388.5,0.0085112432899999996,0.0103558347,195.346057,237.682253,387.78330999999997,387.78330999999997,375.622118,400.91665699999999,12.161191499999999,13.1333471
388.60000000000002,0.0085544801800000007,0.010378884200000001,196.33841000000001,238.211274,386.66961300000003,386.66961300000003,374.61021,399.69053100000002,12.0594023,13.020918500000001
388.69999999999999,0.0085952922599999999,0.010404925000000001,197.27510899999999,238.80895000000001,386.06529399999999,386.06529399999999,374.07826599999999,399.00605300000001,11.9870281,12.9407593
388.80000000000001,0.0086328915700000005,0.0104336966,198.138071,239.469302,386.00730499999997,386.00730499999997,374.060497,398.90319099999999,11.9468072,12.895886000000001
388.89999999999998,0.0086664864500000001,0.010464946899999999,198.90912499999999,240.186545,386.53376300000002,386.53376300000002,374.592219,399.42315000000002,11.9415438,12.889386999999999
389,0.0086952815899999994,0.010498432199999999,199.570018,240.955083,387.68395299999997,387.68395299999997,375.70984600000003,400.60837600000002,11.974107399999999,12.924422399999999
389.10000000000002,0.0087211191899999995,0.010533633800000001,200.16302999999999,241.763014,389.25386700000001,389.25386700000001,377.22201100000001,402.24097399999999,12.0318565,12.9871067
389.19999999999999,0.00874185148,0.010570296599999999,200.638868,242.60448199999999,391.391661,391.391661,379.26688899999999,404.48007899999999,12.124771900000001,13.0884179
389.30000000000001,0.0087572657299999999,0.010608131099999999,200.992648,243.47283999999999,394.084429,394.084429,381.83204999999998,407.31227000000001,12.252378999999999,13.227841099999999
389.39999999999998,0.0087680427299999999,0.010646810200000001,201.23999699999999,244.36058499999999,397.24266699999998,397.24266699999998,384.83341000000001,410.64209299999999,12.4092577,13.3994251
389.5,0.0087748544499999994,0.0106860141,201.39633599999999,245.26037400000001,400.77832599999999,400.77832599999999,388.18825299999997,414.37563899999998,12.5900737,13.5973127
389.60000000000002,0.0087783640099999994,0.010725429999999999,201.47688600000001,246.165029,404.60480899999999,404.60480899999999,391.81522999999999,418.42054999999999,12.789578300000001,13.815740999999999
389.69999999999999,0.0087794708599999993,0.010765836399999999,201.50228999999999,247.09241900000001,408.73014899999998,408.73014899999998,395.72284000000002,422.784333,13.0073092,14.054183999999999
389.80000000000001,0.0087822619300000002,0.010804170300000001,201.566349,247.97224,412.50221800000003,412.50221800000003,399.29758099999998,426.77246200000002,13.2046373,14.2702443
389.89999999999998,0.0087866673400000001,0.010841046300000001,201.66746000000001,248.818602,415.99083200000001,415.99083200000001,402.60549700000001,430.458887,13.385335,14.468055
390,0.0087926394799999995,0.0108770681,201.80453,249.64535599999999,419.26283000000001,419.26283000000001,405.709835,433.91438099999999,13.5529948,14.6515518
390.10000000000002,0.0088001529900000007,0.0109128278,201.97697700000001,250.46609699999999,422.382071,422.382071,408.671042,437.20654300000001,13.711029,14.8244726
390.19999999999999,0.0088090518299999993,0.010948613499999999,202.181219,251.287432,425.391279,425.391279,411.52942100000001,440.38075099999998,13.861858,14.9894718
390.30000000000001,0.0088176584499999999,0.010983045300000001,202.37875399999999,252.077696,428.28303499999998,428.28303499999998,414.27629000000002,443.43100500000003,14.0067456,15.1479701
390.39999999999998,0.0088235534399999996,0.0110154038,202.51405299999999,252.82037199999999,431.17914000000002,431.17914000000002,417.02459800000003,446.488855,14.1545428,15.3097143
390.5,0.0088273017700000005,0.011046163600000001,202.60008300000001,253.52635699999999,434.08314899999999,434.08314899999999,419.77826900000002,449.557436,14.3048798,15.474287199999999
390.60000000000002,0.0088294557200000005,0.011075764,202.649519,254.20573099999999,436.99593499999997,436.99593499999997,422.53867700000001,452.63706500000001,14.4572576,15.6411301
390.69999999999999,0.0088305548199999993,0.011104608300000001,202.674745,254.86775299999999,439.91569099999998,439.91569099999998,425.304644,455.725234,14.6110472,15.8095423
390.80000000000001,0.0088312999400000005,0.0111334191,202.691847,255.52900299999999,442.86074000000002,442.86074000000002,428.09421200000003,458.84055499999999,14.7665282,15.9798147
390.89999999999998,0.0088335108799999992,0.0111643735,202.742591,256.23945400000002,445.91014999999999,445.91014999999999,430.98405300000002,462.06468100000001,14.9260967,16.154531899999999
391,0.0088386136100000005,0.0111989736,202.85970699999999,257.03357899999997,449.10458199999999,449.10458199999999,434.01408099999998,465.43906399999997,15.0905009,16.334482099999999
391.10000000000002,0.0088467597999999995,0.011237133200000001,203.046674,257.909402,452.422709,452.422709,437.16424899999998,468.940968,15.258459800000001,16.518259
391.19999999999999,0.0088581090100000003,0.0112787585,203.30715599999999,258.86476699999997,455.84174999999999,455.84174999999999,440.41314299999999,472.54611299999999,15.4286072,16.7043629
391.30000000000001,0.0088728286999999999,0.0113237479,203.64499499999999,259.89733999999999,459.33747199999999,459.33747199999999,443.73797999999999,476.22867300000001,15.599492400000001,16.891200999999999
391.39999999999998,0.0088916492200000006,0.011373702100000001,204.076955,261.04386699999998,463.01746200000002,463.01746200000002,447.24136099999998,480.10167999999999,15.776100599999999,17.084217599999999
391.5,0.0089162403100000003,0.011432320500000001,204.641358,262.38925,467.13177300000001,467.13177300000001,451.16172699999998,484.42786999999998,15.970046099999999,17.296096599999998
391.60000000000002,0.0089471309800000006,0.011500396,205.350347,263.951685,471.72006699999997,471.72006699999997,455.53715699999998,489.248625,16.18291,17.528558
391.69999999999999,0.0089844005399999996,0.0115776384,206.20573999999999,265.72451699999999,476.74563699999999,476.74563699999999,460.33296999999999,494.52501899999999,16.412666999999999,17.779381900000001
391.80000000000001,0.0090281546399999992,0.0116637982,207.20996299999999,267.70201500000002,482.173834,482.173834,465.51646,500.22027300000002,16.657374900000001,18.046438800000001
391.89999999999998,0.0090785253100000001,0.0117586657,208.36604700000001,269.87937099999999,487.97206599999998,487.97206599999998,471.05689100000001,506.299755,16.915174100000002,18.327689299999999
392,0.0091309401599999999,0.011856254599999999,209.56904800000001,272.11918400000002,493.88784700000002,493.88784700000002,476.71065800000002,512.50135999999998,17.177189299999998,18.613512499999999
392.10000000000002,0.0091818133800000007,0.011950302499999999,210.73666700000001,274.27772900000002,499.55967700000002,499.55967700000002,482.131889,518.44654100000002,17.427787200000001,18.886864899999999
392.19999999999999,0.0092306584100000002,0.0120401125,211.85773499999999,276.33900399999999,504.95441399999999,504.95441399999999,487.288723,524.10077200000001,17.6656908,19.1463581
392.30000000000001,0.0092770655200000007,0.0121251521,212.92284900000001,278.290795,510.04987399999999,510.04987399999999,492.15974599999998,529.44102999999996,17.8901279,19.3911558
392.39999999999998,0.0093205940799999994,0.0122048459,213.921896,280.119888,514.82185900000002,514.82185900000002,496.721609,534.44219799999996,18.100250500000001,19.6203386
392.5,0.0093610129199999999,0.0122789575,214.84957,281.82086199999998,519.26453300000003,519.26453300000003,500.96855599999998,539.09835499999997,18.295977199999999,19.833822300000001
392.60000000000002,0.0093999560199999992,0.0123511196,215.74337399999999,283.47709300000002,523.62391400000001,523.62391400000001,505.13517000000002,543.66800999999998,18.488743599999999,20.044096199999998
392.69999999999999,0.0094370468700000001,0.0124244968,216.59466599999999,285.16121399999997,528.26079200000004,528.26079200000004,509.56273199999998,548.53332799999998,18.698059400000002,20.272535999999999
392.80000000000001,0.0094722626999999993,0.0124982307,217.40292299999999,286.85352,533.08745299999998,533.08745299999998,514.16815799999995,553.60152400000004,18.919294399999998,20.5140712
392.89999999999998,0.0095055634599999998,0.012571481000000001,218.167226,288.53472399999998,538.01949000000002,538.01949000000002,518.87147900000002,558.78333199999997,19.148010899999999,20.7638423
393,0.0095368918099999998,0.0126434254,218.88625999999999,290.18596000000002,542.97580400000004,542.97580400000004,523.59584099999995,563.99300600000004,19.379963799999999,21.017201100000001
393.10000000000002,0.0095669062800000006,0.0127146498,219.57513800000001,291.82066800000001,547.96391200000005,547.96391200000005,528.34901100000002,569.23776899999996,19.614901,21.273857199999998
393.19999999999999,0.0095975713399999996,0.0127844308,220.27894800000001,293.42224900000002,552.74850000000004,552.74850000000004,532.91010000000006,574.26647100000002,19.838400100000001,21.517971599999999
393.30000000000001,0.0096296770500000003,0.012849420699999999,221.01582300000001,294.91386699999998,556.91602399999999,556.91602399999999,536.88828000000001,578.640671,20.0277444,21.7246469
393.39999999999998,0.0096633233099999993,0.012911124899999999,221.78805600000001,296.33007300000003,560.61540300000001,560.61540300000001,540.424668,582.51782700000001,20.190734500000001,21.9024243
393.5,0.0096986167899999996,0.012971036700000001,222.598096,297.70513999999997,563.99375099999997,563.99375099999997,543.658682,586.05348400000003,20.3350686,22.059733000000001
393.60000000000002,0.0097356709500000006,0.013030637499999999,223.448545,299.07306899999998,567.19637899999998,567.19637899999998,546.72803699999997,589.40126899999996,20.4683423,22.2048895
393.69999999999999,0.0097729916699999999,0.013088542200000001,224.30511300000001,300.40206999999998,570.20037200000002,570.20037200000002,549.609556,592.53858400000001,20.590816400000001,22.338211900000001
393.80000000000001,0.00981142248,0.013149417,225.18715900000001,301.79924,573.42389100000003,573.42389100000003,552.70005300000003,595.90695400000004,20.723838300000001,22.483062499999999
393.89999999999998,0.0098512527799999999,0.0132155782,226.101325,303.31774200000001,577.08503700000006,577.08503700000006,556.20634600000005,599.73683000000005,20.878691100000001,22.651792499999999
394,0.0098913563400000008,0.0132856229,227.02176299999999,304.92537499999997,581.12908900000002,581.12908900000002,560.07550400000002,603.97155499999997,21.053584699999998,22.842466000000002
394.10000000000002,0.0099306229900000004,0.0133581775,227.92299299999999,306.59061400000002,585.50308800000005,585.50308800000005,564.25628099999994,608.55632000000003,21.246806899999999,23.053232000000001
394.19999999999999,0.00996795862,0.0134318979,228.77990299999999,308.28260899999998,590.15583900000001,590.15583900000001,568.699116,613.43816300000003,21.456722899999999,23.2823238
394.30000000000001,0.010005894499999999,0.013505291900000001,229.65058999999999,309.96711399999998,594.72569999999996,594.72569999999996,573.06405099999995,618.23163799999998,21.661649000000001,23.505937400000001
394.39999999999998,0.0100426701,0.0135729853,230.49464599999999,311.520781,598.79525999999998,598.79525999999998,576.95407599999999,622.49702600000001,21.8411835,23.701766500000002
394.5,0.010078292399999999,0.013634019799999999,231.31223299999999,312.92161700000003,602.26397799999995,602.26397799999995,580.27399200000002,626.12793999999997,21.989986200000001,23.8639622
394.60000000000002,0.010113135800000001,0.0136880302,232.111941,314.16123800000003,605.06329000000005,605.06329000000005,582.95924000000002,629.05141800000001,22.104050600000001,23.988128199999998
394.69999999999999,0.0101476004,0.0137346407,232.90295599999999,315.231021,607.12143400000002,607.12143400000002,584.94225900000004,631.19108700000004,22.179174700000001,24.069653599999999
394.80000000000001,0.0101819832,0.0137735815,233.69209499999999,316.12477200000001,608.38608199999999,608.38608199999999,586.17379200000005,632.49125200000003,22.212289299999998,24.105170399999999
394.89999999999998,0.010212246499999999,0.013808135399999999,234.386683,316.91783500000003,609.52828299999999,609.52828299999999,587.28530499999999,633.66640500000005,22.242978799999999,24.138121099999999
395,0.010235965200000001,0.0138378715,234.93106399999999,317.600325,610.70043299999998,610.70043299999998,588.41871100000003,634.88046899999995,22.281722200000001,24.1800359
395.10000000000002,0.010253326599999999,0.013863298600000001,235.32953499999999,318.18391700000001,611.94036100000005,611.94036100000005,589.61001999999996,636.17326700000001,22.330341300000001,24.232905899999999
395.19999999999999,0.0102644928,0.0138849347,235.58581699999999,318.68049600000001,613.288905,613.288905,590.89806199999998,637.58782900000006,22.3908421,24.298924599999999
395.30000000000001,0.0102696009,0.0139033067,235.703056,319.10216300000002,614.78990799999997,614.78990799999997,592.32449299999996,639.17039599999998,22.465414899999999,24.380487899999999
395.39999999999998,0.0102698159,0.013919383400000001,235.707989,319.47114800000003,616.44961899999998,616.44961899999998,593.89637900000002,640.92629199999999,22.553240200000001,24.476672900000001
395.5,0.0102689918,0.013935038,235.689075,319.83044599999999,618.14985000000001,618.14985000000001,595.50560900000005,642.72620900000004,22.644241300000001,24.5763587
395.60000000000002,0.010268850600000001,0.0139511641,235.685834,320.20056299999999,619.84369400000003,619.84369400000003,597.109465,644.51861399999996,22.734228999999999,24.674919800000001
395.69999999999999,0.0102698866,0.0139686381,235.70961299999999,320.60161900000003,621.58236999999997,621.58236999999997,598.75693799999999,646.35715600000003,22.825431699999999,24.7747858
395.80000000000001,0.0102726112,0.013988358100000001,235.77214499999999,321.05422299999998,623.41795200000001,623.41795200000001,600.49784499999998,648.29637000000002,22.9201066,24.878417800000001
395.89999999999998,0.010277552299999999,0.014011243200000001,235.88555099999999,321.57947100000001,625.403367,625.403367,602.38282700000002,650.39167499999996,23.020539500000002,24.9883077
396,0.0102840229,0.0140367155,236.03406100000001,322.16409900000002,627.53423399999997,627.53423399999997,604.40705700000001,652.63919299999998,23.127176800000001,25.1049595
396.10000000000002,0.0102904833,0.014064573800000001,236.18233799999999,322.80348900000001,629.91484100000002,629.91484100000002,606.66777000000002,655.15097300000002,23.247071300000002,25.2361313
396.19999999999999,0.010296750299999999,0.014095556400000001,236.32617400000001,323.514588,632.63714900000002,632.63714900000002,609.25186599999995,658.02451599999995,23.385282,25.387367900000001
396.30000000000001,0.0103031309,0.0141298211,236.47262000000001,324.30101500000001,635.69259899999997,635.69259899999997,612.15154700000005,661.25043200000005,23.541051700000001,25.557833299999999
396.39999999999998,0.0103099232,0.0141675351,236.628513,325.16660899999999,639.07440499999996,639.07440499999996,615.360679,664.82120899999995,23.7137259,25.7468042
396.5,0.010317415599999999,0.014208875399999999,236.800476,326.115431,642.77754500000003,642.77754500000003,618.87479199999996,668.73121600000002,23.902753199999999,25.953670299999999
396.60000000000002,0.0103246004,0.014250992299999999,236.96537799999999,327.08207900000002,646.58674499999995,646.58674499999995,622.48903499999994,672.753782,24.097710200000002,26.1670376
396.69999999999999,0.010329422499999999,0.0142892542,237.076052,327.96024899999998,650.18603700000006,650.18603700000006,625.90216999999996,676.55685600000004,24.2838672,26.370818400000001
396.80000000000001,0.010331788999999999,0.014323040699999999,237.130368,328.73570000000001,653.51823999999999,653.51823999999999,629.05995700000005,680.08003299999996,24.458282400000002,26.5617929
396.89999999999998,0.010331999200000001,0.014352518599999999,237.13519099999999,329.41226499999999,656.57643299999995,656.57643299999995,631.95614,683.31566199999997,24.620293499999999,26.739229000000002
397,0.010330313900000001,0.0143778033,237.09650999999999,329.99258500000002,659.35139500000002,659.35139500000002,634.58224199999995,686.25369799999999,24.7691534,26.902302899999999
397.10000000000002,0.0103269556,0.0143989576,237.01943199999999,330.47811000000002,661.83160299999997,661.83160299999997,636.92757200000005,688.88170300000002,24.904031100000001,27.050099599999999
397.19999999999999,0.010324756799999999,0.014421097000000001,236.96896699999999,330.986242,664.32021799999995,664.32021799999995,639.28200900000002,691.51732300000003,25.0382094,27.197104700000001
397.30000000000001,0.010325427099999999,0.0144469269,236.984352,331.57907899999998,666.96038299999998,666.96038299999998,641.78279099999997,694.31013099999996,25.177591899999999,27.349747199999999
397.39999999999998,0.0103293719,0.014476992899999999,237.07489100000001,332.269138,669.77601700000002,669.77601700000002,644.45296900000005,697.284986,25.323047200000001,27.508969
397.5,0.010336985999999999,0.0145118395,237.24964600000001,333.06892299999998,672.79181300000005,672.79181300000005,647.31631800000002,700.46758199999999,25.475494900000001,27.6757691
397.60000000000002,0.0103486537,0.014552010799999999,237.517438,333.99091499999997,676.03324499999997,676.03324499999997,650.39733799999999,703.88444800000002,25.635906500000001,27.851203099999999
397.69999999999999,0.0103648358,0.014597101899999999,237.88884300000001,335.025824,679.42057799999998,679.42057799999998,653.62098000000003,707.45070799999996,25.799597599999998,28.030129899999999
397.80000000000001,0.0103867318,0.0146439267,238.39138700000001,336.100525,682.52383499999996,682.52383499999996,656.58125900000005,710.71008099999995,25.942575300000001,28.186246000000001
397.89999999999998,0.0104157852,0.014693190599999999,239.05820800000001,337.23120799999998,685.29911700000002,685.29911700000002,659.23803199999998,713.61452399999996,26.061084999999999,28.315407199999999
398,0.0104521083,0.014744122199999999,239.89187899999999,338.40016500000002,687.65681900000004,687.65681900000004,661.50655600000005,716.06910300000004,26.1502628,28.412284100000001
398.10000000000002,0.010495819,0.014795928599999999,240.895106,339.589202,689.504636,689.504636,663.29953999999998,717.97601999999995,26.2050959,28.471383899999999
398.19999999999999,0.0105470411,0.0148477959,242.07073099999999,340.77963399999999,690.74756500000001,690.74756500000001,664.52714200000003,719.23461599999996,26.220422800000001,28.4870509
398.30000000000001,0.010605378400000001,0.014902558600000001,243.409662,342.03652399999999,691.71358099999998,691.71358099999998,665.499549,720.19235700000002,26.214031899999998,28.478776100000001
398.39999999999998,0.0106710955,0.0149658758,244.91797099999999,343.48975000000002,692.97151399999996,692.97151399999996,666.75567899999999,721.450828,26.2158348,28.4793141
398.5,0.0107447637,0.0150391695,246.608767,345.17195099999998,694.62324100000001,694.62324100000001,668.39256999999998,723.11719500000004,26.230671300000001,28.4939532
398.60000000000002,0.010825929099999999,0.0151228254,248.47163900000001,347.09198400000002,696.74593500000003,696.74593500000003,670.48285199999998,725.27361199999996,26.263082900000001,28.527677400000002
398.69999999999999,0.010914150799999999,0.0152172839,250.49646100000001,349.25995,699.42141200000003,699.42141200000003,673.103566,728.00713800000005,26.3178454,28.585726900000001
398.80000000000001,0.011008999699999999,0.0153230391,252.67338899999999,351.68719399999998,702.73613599999999,702.73613599999999,676.33616700000005,731.40973399999996,26.399968999999999,28.673598399999999
398.89999999999998,0.011107280400000001,0.0154333626,254.929081,354.21928600000001,706.248199,706.248199,679.75902900000006,735.01734499999998,26.489170000000001,28.769146299999999
399,0.0112056512,0.0155420171,257.18684100000002,356.71307300000001,709.57880699999998,709.57880699999998,683.01014999999995,738.43285900000001,26.568656799999999,28.854052899999999
399.10000000000002,0.0113027974,0.0156473489,259.416495,359.13060000000002,712.66242599999998,712.66242599999998,686.02617399999997,741.58838800000001,26.6362521,28.9259624
399.19999999999999,0.011397777899999999,0.015748369000000002,261.59644400000002,361.44916499999999,715.47244799999999,715.47244799999999,688.78097400000001,744.456816,26.691474299999999,28.984367500000001
399.30000000000001,0.0114896236,0.015844045599999999,263.70444199999997,363.64509099999998,717.98012000000006,717.98012000000006,691.24636499999997,747.00878799999998,26.733755599999999,29.028667899999999
399.39999999999998,0.0115773367,0.015933304700000001,265.71759300000002,365.69372299999998,720.15454399999999,720.15454399999999,693.39210200000002,749.21271400000001,26.762442700000001,29.058169700000001
399.5,0.011662653,0.0160199109,267.67573199999998,367.68146899999999,722.24726399999997,722.24726399999997,695.45809999999994,751.33283400000005,26.7891637,29.0855706
399.60000000000002,0.011744650800000001,0.016101014600000001,269.55770699999999,369.54292299999997,724.03596100000004,724.03596100000004,697.23292500000002,753.13493400000004,26.803036599999999,29.0989723
399.69999999999999,0.0118229843,0.0161770974,271.35558099999997,371.28913799999998,725.59902299999999,725.59902299999999,698.79046200000005,754.70233299999995,26.8085609,29.1033103
399.80000000000001,0.0118973039,0.016248648399999999,273.06133,372.93134400000002,727.01594,727.01594,700.20564200000001,756.11952900000006,26.810298499999998,29.103588800000001
399.89999999999998,0.0119672472,0.0163161252,274.66663399999999,374.48003999999997,728.36393499999997,728.36393499999997,701.55123200000003,757.46862899999996,26.812703599999999,29.1046941
400,0.012032798399999999,0.0163800804,276.17113499999999,375.94790899999998,729.70192199999997,729.70192199999997,702.88300600000002,758.81198800000004,26.8189168,29.110066100000001
400.10000000000002,0.012096594,0.016442913100000001,277.63534099999998,377.390016,731.06568000000004,731.06568000000004,704.23744899999997,760.18455400000005,26.828231500000001,29.118873300000001
400.19999999999999,0.012159860200000001,0.016508692200000001,279.08739800000001,378.89974699999999,732.77989200000002,732.77989200000002,705.92323299999998,761.92851599999995,26.856658400000001,29.148624600000002
400.30000000000001,0.0122224612,0.0165769651,280.52418699999998,380.46671400000002,734.808401,734.808401,707.90598699999998,764.00577099999998,26.902414199999999,29.197369699999999
400.39999999999998,0.012284281500000001,0.016647295400000001,281.94305800000001,382.08090299999998,737.11508000000003,737.11508000000003,710.15138400000001,766.37821699999995,26.963696500000001,29.263137
400.5,0.0123452263,0.016719263200000001,283.34183400000001,383.73267299999998,739.66382899999996,739.66382899999996,712.62514499999997,769.00776299999995,27.038684100000001,29.343934000000001
400.60000000000002,0.0124045214,0.0167924432,284.70274699999999,385.41226599999999,742.47328900000002,742.47328900000002,715.34415799999999,771.914987,27.1291306,29.441698200000001
400.69999999999999,0.012460246600000001,0.016865892699999999,285.98172599999998,387.09804500000001,745.601358,745.601358,718.36135400000001,775.16327100000001,27.240003999999999,29.561913000000001
400.80000000000001,0.012511504499999999,0.016938709100000001,287.15817299999998,388.769293,749.02690099999995,749.02690099999995,721.65583100000003,778.73124199999995,27.37107,29.704340999999999
400.89999999999998,0.012558127800000001,0.017010759199999999,288.22824900000001,390.42295300000001,752.74963100000002,752.74963100000002,725.22715200000005,782.61878100000001,27.522478599999999,29.8691502
401,0.012599946900000001,0.017081915900000001,289.18806000000001,392.05610799999999,756.77009299999997,756.77009299999997,729.07566699999995,786.82665299999996,27.694426199999999,30.056559700000001
401.10000000000002,0.0126367897,0.0171520582,290.033659,393.66598199999999,761.08966999999996,761.08966999999996,733.20251399999995,791.35650999999996,27.8871562,30.2668395
401.19999999999999,0.012669201099999999,0.017220221599999998,290.77755100000002,395.230435,765.56339000000003,765.56339000000003,737.47094900000002,796.05435599999998,28.0924403,30.490966
401.30000000000001,0.012697261600000001,0.0172840114,291.421583,396.69450999999998,769.93488600000001,769.93488600000001,741.63828599999999,800.64884300000006,28.296600399999999,30.713956499999998
401.39999999999998,0.012720932399999999,0.017342682099999999,291.96486399999998,398.04109,774.12952700000005,774.12952700000005,745.63381100000004,805.06104500000004,28.495716000000002,30.931518100000002
401.5,0.012740381800000001,0.017396305800000001,292.41125599999998,399.271837,778.14116899999999,778.14116899999999,749.45187399999998,809.28427799999997,28.6892952,31.1431082
401.60000000000002,0.0127557794,0.017444932199999999,292.764655,400.38788699999998,781.96116400000005,781.96116400000005,753.08445300000005,813.30920100000003,28.8767113,31.348036799999999
401.69999999999999,0.0127672966,0.017488587900000001,293.02899300000001,401.38985200000002,785.578351,785.578351,756.52114800000004,817.12381800000003,29.0572032,31.545466699999999
401.80000000000001,0.012777066300000001,0.017531100899999999,293.25322199999999,402.36559,789.21853199999998,789.21853199999998,759.977891,820.96469400000001,29.240641199999999,31.746161499999999
401.89999999999998,0.012786056000000001,0.017575717300000002,293.45954899999998,403.38960500000002,793.14161999999999,793.14161999999999,763.70176400000003,825.105773,29.439856299999999,31.964152800000001
402,0.012794898000000001,0.017623077099999999,293.662488,404.476586,797.362933,797.362933,767.707897,829.56256599999995,29.655036200000001,32.199632899999997
402.10000000000002,0.0128042429,0.017673664299999999,293.87696799999998,405.63763899999998,801.88001999999994,801.88001999999994,771.99461099999996,834.33176100000003,29.885408399999999,32.451740999999998
402.19999999999999,0.0128147596,0.017727988399999998,294.11833999999999,406.88446099999999,806.69161599999995,806.69161599999995,776.56137100000001,839.41128100000003,30.130244999999999,32.719665399999997
402.30000000000001,0.012827057899999999,0.017786457700000001,294.40060699999998,408.22642000000002,811.79066599999999,811.79066599999999,781.40209700000003,844.79298900000003,30.388569100000002,33.002322900000003
402.39999999999998,0.012840760600000001,0.017847874,294.715104,409.63601799999998,817.08289600000001,817.08289600000001,786.427143,850.37754900000004,30.655752799999998,33.2946533
402.5,0.0128570987,0.017913810499999998,295.09008799999998,411.149362,822.63224400000001,822.63224400000001,791.69827199999997,856.23125500000003,30.9339716,33.599011900000001
402.60000000000002,0.012876378500000001,0.017984123099999999,295.53258899999997,412.76314400000001,828.39874599999996,828.39874599999996,797.17794300000003,862.31148499999995,31.220802899999999,33.912739000000002
402.69999999999999,0.0128989234,0.018058692800000001,296.05002899999999,414.47463199999999,834.34367799999995,834.34367799999995,802.82980399999997,868.57690600000001,31.513873199999999,34.233227999999997
402.80000000000001,0.012925073800000001,0.018137425799999999,296.65022099999999,416.28167400000001,840.42955300000006,840.42955300000006,808.618696,874.98747900000001,31.810857800000001,34.5579252
402.89999999999998,0.0129546408,0.018219658900000001,297.32882899999998,418.16905000000003,846.60256000000004,846.60256000000004,814.493471,881.48647300000005,32.109088900000003,34.883912899999999
403,0.0129865771,0.018303228500000001,298.06181700000002,420.08710100000002,852.72219900000005,852.72219900000005,820.32005100000003,887.92638399999998,32.402148400000002,35.204184699999999
403.10000000000002,0.0130209457,0.0183869433,298.85062799999997,422.00848400000001,858.65906399999994,858.65906399999994,825.975954,894.17021799999998,32.6831101,35.511153299999997
403.19999999999999,0.013057780099999999,0.018470711399999999,299.696034,423.93108899999999,864.40083200000004,864.40083200000004,831.44954499999994,900.20489799999996,32.951287000000001,35.804065700000002
403.30000000000001,0.013097118099999999,0.018554439200000002,300.59890100000001,425.85277000000002,869.93466899999999,869.93466899999999,836.72870799999998,906.01680299999998,33.205961000000002,36.082134500000002
403.39999999999998,0.013139001799999999,0.0186380316,301.56019700000002,427.771344,875.24723200000005,875.24723200000005,841.80084899999997,911.59177,33.446382900000003,36.344538200000002
403.5,0.013182353900000001,0.018720210800000001,302.55519399999997,429.65748200000002,880.292869,880.292869,846.62167299999999,916.88268200000005,33.671195300000001,36.589813599999999
403.60000000000002,0.013225274699999999,0.0187985263,303.54029000000003,431.45494300000001,884.97053100000005,884.97053100000005,851.093616,921.784719,33.876915099999998,36.814187500000003
403.69999999999999,0.013267125499999999,0.018872027400000001,304.500832,433.14190600000001,889.23298899999998,889.23298899999998,855.17132100000003,926.24860999999999,34.061667700000001,37.015620800000001
403.80000000000001,0.0133077735,0.018940509599999999,305.433764,434.71367800000002,893.06973600000003,893.06973600000003,858.84470899999997,930.26338599999997,34.225027300000001,37.193649899999997
403.89999999999998,0.013347064800000001,0.019003736600000001,306.33556099999998,436.16483499999998,896.46862199999998,896.46862199999998,862.10212100000001,933.81636100000003,34.366501200000002,37.3477386
404,0.013384825499999999,0.019061440499999999,307.20222699999999,437.48922599999997,899.41585699999996,899.41585699999996,864.93032700000003,936.89313500000003,34.485529900000003,37.477277899999997
404.10000000000002,0.013422066999999999,0.019115443100000001,308.05697600000002,438.72866900000002,902.01921900000002,902.01921900000002,867.43238799999995,939.60663199999999,34.586831199999999,37.587412899999997
404.19999999999999,0.0134583867,0.019167519500000001,308.89056699999998,439.923902,904.49663499999997,904.49663499999997,869.81427299999996,942.18788300000006,34.682362500000004,37.691248399999999
404.30000000000001,0.0134938809,0.019217813100000002,309.70521500000001,441.078216,906.85521900000003,906.85521900000003,872.08281299999999,944.64431000000002,34.772405800000001,37.789091399999997
404.39999999999998,0.013528803400000001,0.019266249199999998,310.50673899999998,442.18989900000003,909.06655599999999,909.06655599999999,874.21135300000003,946.94556799999998,34.855203600000003,37.879011300000002
404.5,0.013563390200000001,0.0193127513,311.30055800000002,443.25719500000002,911.10345099999995,911.10345099999995,876.17437099999995,949.06261800000004,34.929079799999997,37.959167299999997
404.60000000000002,0.0135978599,0.019357241099999999,312.09169300000002,444.27830299999999,912.93992400000002,912.93992400000002,877.94748400000003,950.96773299999995,34.992440500000001,38.027808800000003
404.69999999999999,0.013633443199999999,0.019403616700000001,312.90838300000001,445.342693,914.882518,914.882518,879.82218799999998,952.98390400000005,35.060330100000002,38.101386300000001
404.80000000000001,0.013672221300000001,0.019453541599999999,313.79839900000002,446.48854599999999,916.935429,916.935429,881.80451300000004,955.11327500000004,35.130915299999998,38.177846199999998
404.89999999999998,0.0137141338,0.019507460099999999,314.760356,447.72605800000002,919.14990899999998,919.14990899999998,883.94293500000003,957.41014199999995,35.206974099999996,38.260232500000001
405,0.0137591256,0.019565851299999999,315.79298599999998,449.06622499999997,921.58043799999996,921.58043799999996,886.28898700000002,959.93220899999994,35.291451000000002,38.351771300000003
405.10000000000002,0.0138071462,0.019629229000000002,316.89513299999999,450.52084200000002,924.284718,924.284718,888.89726199999996,962.740589,35.387456499999999,38.455870500000003
405.19999999999999,0.0138577605,0.019696862200000002,318.05680799999999,452.073128,927.22189900000001,927.22189900000001,891.72864500000003,965.79253600000004,35.493253699999997,38.5706372
405.30000000000001,0.0139102311,0.0197645602,319.26108799999997,453.62689899999998,930.01477499999999,930.01477499999999,894.42521199999999,968.68974600000001,35.5895625,38.674971300000003
405.39999999999998,0.0139656447,0.019831855799999999,320.532916,455.17143600000003,932.52618600000005,932.52618600000005,896.85815200000002,971.28589099999999,35.668033800000003,38.7597047
405.5,0.014023140700000001,0.019898275,321.85253699999998,456.69585899999998,934.77672900000005,934.77672900000005,899.04611799999998,973.60371299999997,35.730610499999997,38.826984199999998
405.60000000000002,0.014081871100000001,0.0199633382,323.200489,458.18916000000002,936.78535399999998,936.78535399999998,901.00621899999999,975.66420100000005,35.779135400000001,38.878846699999997
405.69999999999999,0.0141410007,0.0200265598,324.55760400000003,459.64019200000001,938.56936900000005,938.56936900000005,902.75401699999998,977.48658799999998,35.815351700000001,38.917219600000003
405.80000000000001,0.014200306399999999,0.0200880729,325.91876100000002,461.05201099999999,940.16080599999998,940.16080599999998,904.31962699999997,979.10501599999998,35.841178900000003,38.944210200000001
405.89999999999998,0.014258620099999999,0.020148108800000002,327.25715000000002,462.42992800000002,941.67886699999997,941.67886699999997,905.81477299999995,980.64689999999996,35.864094000000001,38.968032899999997
406,0.0143146627,0.020206334400000001,328.54341299999999,463.76629300000002,943.19286599999998,943.19286599999998,907.30382899999995,982.18699300000003,35.889037299999998,38.994126700000002
406.10000000000002,0.014368355399999999,0.020262567400000001,329.77574099999998,465.05692599999998,944.69021899999996,944.69021899999996,908.77480000000003,983.71206700000005,35.915419200000002,39.021847399999999
406.19999999999999,0.014419622700000001,0.020316627300000001,330.952405,466.297685,946.15822000000003,946.15822000000003,910.21558000000005,985.20875999999998,35.942639999999997,39.050540099999999
406.30000000000001,0.014468393,0.020368335200000001,332.07175699999999,467.48446000000001,947.58404099999996,947.58404099999996,911.61395000000005,986.66357900000003,35.970090399999997,39.079538700000001
406.39999999999998,0.0145150551,0.0204193851,333.14272399999999,468.65613400000001,949.11276899999996,949.11276899999996,913.10768700000006,988.22961199999997,36.005082100000003,39.116842900000002
406.5,0.0145588018,0.020469684500000002,334.14677799999998,469.81058000000002,950.80042300000002,950.80042300000002,914.74903900000004,989.96702100000005,36.051383999999999,39.166598200000003
406.60000000000002,0.014599621599999999,0.020519492800000001,335.08365600000002,470.95375899999999,952.67503199999999,952.67503199999999,916.56453799999997,991.90547700000002,36.110494199999998,39.230445600000003
406.69999999999999,0.014637854299999999,0.020569457400000001,335.96115400000002,472.10052200000001,954.77646400000003,954.77646400000003,918.59227199999998,994.08679099999995,36.184192000000003,39.310326500000002
406.80000000000001,0.014673836399999999,0.020620233799999999,336.78699799999998,473.265919,957.14572899999996,957.14572899999996,920.87140899999997,996.55398100000002,36.274320000000003,39.408251499999999
406.89999999999998,0.014707901400000001,0.0206724862,337.56884200000002,474.465191,959.824974,959.824974,923.44218999999998,999.35127499999999,36.382784399999998,39.5263013
407,0.0147403524,0.020724796399999999,338.31364200000002,475.66579000000002,962.64158799999996,962.64158799999996,926.14145799999994,1002.2957,36.500129999999999,39.654113299999999
407.10000000000002,0.014770186899999999,0.020777236399999999,338.99838899999997,476.86936900000001,965.68465900000001,965.68465900000001,929.05258700000002,1005.48263,36.632072600000001,39.797969700000003
407.19999999999999,0.0147980126,0.020830069199999999,339.63703299999997,478.08196099999998,968.93215799999996,968.93215799999996,932.15531399999998,1008.8880799999999,36.776843399999997,39.955919899999998
407.30000000000001,0.014824422699999999,0.020883549800000002,340.24318499999998,479.30942199999998,972.36244399999998,972.36244399999998,935.42973600000005,1012.4885,36.932708499999997,40.126052000000001
407.39999999999998,0.0148499954,0.020937925600000001,340.83011800000003,480.55743100000001,975.95426899999995,975.95426899999995,938.85630000000003,1016.26076,37.097969499999998,40.306493099999997
407.5,0.014875128099999999,0.020993128900000001,341.40695199999999,481.82443000000001,979.66821700000003,979.66821700000003,942.39807399999995,1020.16273,37.270142999999997,40.494514700000003
407.60000000000002,0.0148994768,0.0210478425,341.96579100000002,483.08019100000001,983.39488100000005,983.39488100000005,945.95111499999996,1024.0790199999999,37.4437657,40.684140599999999
407.69999999999999,0.014923591700000001,0.021102607900000001,342.51926400000002,484.33714099999997,987.14597600000002,987.14597600000002,949.527061,1028.02142,37.618915200000004,40.8754439
407.80000000000001,0.0149477124,0.021157038900000001,343.07287100000002,485.58641499999999,990.86170900000002,990.86170900000002,953.069526,1031.9264000000001,37.792183199999997,41.064686399999999
407.89999999999998,0.0149720588,0.0212107357,343.63165900000001,486.81883900000003,994.48247700000002,994.48247700000002,956.52228600000001,1035.73064,37.960190900000001,41.248162600000001
408,0.0149968311,0.021263284899999998,344.200222,488.024925,997.94887300000005,997.94887300000005,959.82928300000003,1039.3710699999999,38.119589400000002,41.4222003
408.10000000000002,0.015022189199999999,0.0213149345,344.78222699999998,489.21036299999997,1001.2737499999999,1001.2737499999999,963.00284999999997,1042.86112,38.270902599999999,41.58737
408.19999999999999,0.0150495019,0.021366469999999999,345.40909799999997,490.39318100000003,1004.4276599999999,1004.4276599999999,966.01644399999998,1046.1681100000001,38.411215599999998,41.7404492
408.30000000000001,0.0150799903,0.021417770900000001,346.10885100000002,491.57061599999997,1007.29869,1007.29869,968.76530400000001,1049.17228,38.533386700000001,41.873589099999997
408.39999999999998,0.015113234600000001,0.021468715700000002,346.87186000000003,492.73987599999998,1009.9083000000001,1009.9083000000001,971.26933099999997,1051.8968,38.6389681,41.988499099999999
408.5,0.0151488174,0.021519181599999999,347.68853999999999,493.898146,1012.27766,1012.27766,973.54816200000005,1054.3645300000001,38.729495499999999,42.086870400000002
408.60000000000002,0.015186323200000001,0.021569044799999999,348.54935399999999,495.04258299999998,1014.42767,1014.42767,975.62117799999999,1056.5980400000001,38.806488000000002,42.170375700000001
408.69999999999999,0.0152261962,0.0216194496,349.46449999999999,496.19944900000002,1016.44154,1016.44154,977.56762000000003,1058.6849,38.873920900000002,42.243359099999999
408.80000000000001,0.015268806100000001,0.021671216199999999,350.44246399999997,497.38757199999998,1018.37477,1018.37477,979.44039799999996,1060.6834100000001,38.934372099999997,42.308636100000001
408.89999999999998,0.015314025,0.021724592000000001,351.48030599999998,498.61262799999997,1020.26359,1020.26359,981.27369999999996,1062.63204,38.989890199999998,42.368453199999998
409,0.0153616892,0.021779869899999998,352.574274,499.88134000000002,1022.15185,1022.15185,983.10888499999999,1064.5773899999999,39.042962799999998,42.425538400000001
409.10000000000002,0.015411648300000001,0.021837354999999999,353.72091,501.20071200000001,1024.0836400000001,1024.0836400000001,984.98756700000001,1066.5662600000001,39.096077700000002,42.482619800000002
409.19999999999999,0.015463764200000001,0.021897364900000001,354.91705000000002,502.57803100000001,1026.1033299999999,1026.1033299999999,986.95160599999997,1068.6457600000001,39.151723799999999,42.542426300000002
409.30000000000001,0.015518900800000001,0.021959005100000002,356.18252000000001,503.99276900000001,1028.04728,1028.04728,988.84691599999996,1070.6417799999999,39.200368699999999,42.594498700000003
409.39999999999998,0.015577433700000001,0.0220222209,357.52593999999999,505.443667,1029.87925,1029.87925,990.63952900000004,1072.5155600000001,39.2397177,42.636315799999998
409.5,0.0156394654,0.022087084399999998,358.94966099999999,506.93238500000001,1031.5984000000001,1031.5984000000001,992.32877599999995,1074.26612,39.269626700000003,42.667717199999998
409.60000000000002,0.015705112100000002,0.022153667700000001,360.45635399999998,508.46057300000001,1033.2028,1033.2028,993.91292499999997,1075.8912600000001,39.289877099999998,42.6884613
409.69999999999999,0.0157745122,0.022222045400000001,362.049193,510.029946,1034.6889799999999,1034.6889799999999,995.38882999999998,1077.38717,39.300148499999999,42.698193799999999
409.80000000000001,0.015847640199999999,0.022292188800000001,363.72759100000002,511.63984199999999,1036.05601,1036.05601,996.75558899999999,1078.7529,39.300417000000003,42.696889300000002
409.89999999999998,0.015922324299999999,0.022362534600000001,365.44170500000001,513.25438699999995,1037.31753,1037.31753,998.02397699999995,1080.0052700000001,39.293551700000002,42.687737599999998
410,0.015997553300000002,0.022431173200000001,367.16832699999998,514.829748,1038.3566000000001,1038.3566000000001,999.08225300000004,1081.0216600000001,39.274348500000002,42.665061000000001
410.10000000000002,0.016073312900000001,0.022498395500000001,368.90712600000001,516.37260300000003,1039.2047500000001,1039.2047500000001,999.96025499999996,1081.83546,39.2444937,42.630706799999999
410.19999999999999,0.016149586,0.022564467000000001,370.65771000000001,517.88904500000001,1039.89105,1039.89105,1000.6855,1082.4774299999999,39.205546599999998,42.5863832
410.30000000000001,0.0162263528,0.022629627499999999,372.419625,519.38457800000003,1040.4421400000001,1040.4421400000001,1001.2832,1082.9757999999999,39.158939599999997,42.533659399999998
410.39999999999998,0.016302668199999999,0.0226940908,374.17118199999999,520.86410899999998,1040.95722,1040.95722,1001.84635,1083.4365600000001,39.1108683,42.479341599999998
410.5,0.016376038799999999,0.0227587899,375.85514799999999,522.34905300000003,1041.7365400000001,1041.7365400000001,1002.65681,1084.1801599999999,39.0797229,42.443626100000003
410.60000000000002,0.016445481000000001,0.022824805100000001,377.44895200000002,523.86420399999997,1042.97282,1042.97282,1003.89612,1085.4116200000001,39.0766974,42.4387945
410.69999999999999,0.0165105724,0.022891901400000001,378.94290000000001,525.40416600000003,1044.6759300000001,1044.6759300000001,1005.5732,1087.1418100000001,39.1027323,42.465885999999998
410.80000000000001,0.016570860699999999,0.022959833700000001,380.32661000000002,526.96331499999997,1046.85709,1046.85709,1007.69822,1089.3831399999999,39.15887,42.526052200000002
410.89999999999998,0.016625863899999999,0.023028346700000001,381.58901600000002,528.53579300000001,1049.52891,1049.52891,1010.28265,1092.1494700000001,39.246255699999999,42.620558000000003
411,0.016676532599999998,0.023097357900000001,382.75193999999999,530.11970699999995,1052.6054300000001,1052.6054300000001,1013.24604,1095.34878,39.359389899999996,42.743359400000003
411.10000000000002,0.016724238700000001,0.023168967799999999,383.84686900000003,531.76326300000005,1056.1941099999999,1056.1941099999999,1016.69149,1099.0933,39.502618599999998,42.899186
411.19999999999999,0.016769060700000001,0.023243677300000001,384.87560100000002,533.47796100000005,1060.34087,1060.34087,1020.66257,1103.4314899999999,39.678298900000001,43.090617999999999
411.30000000000001,0.016810779000000001,0.023320572099999999,385.833101,535.24281399999995,1064.9681599999999,1064.9681599999999,1025.0856200000001,1108.2815499999999,39.882534399999997,43.313392499999999
411.39999999999998,0.016849169000000001,0.0233987586,386.71420999999998,537.03731300000004,1070.0010400000001,1070.0010400000001,1029.8894700000001,1113.5644500000001,40.111572600000002,43.5634047
411.5,0.0168840003,0.0234773642,387.513642,538.84143099999994,1075.3672300000001,1075.3672300000001,1035.00542,1119.2039400000001,40.3618059,43.836708399999999
411.60000000000002,0.016916293799999999,0.023556880799999999,388.25482799999997,540.66646000000003,1081.0349699999999,1081.0349699999999,1040.40443,1125.1653100000001,40.630542300000002,44.130332799999998
411.69999999999999,0.016946796199999999,0.0236355829,388.954904,542.47279400000002,1086.76349,1086.76349,1045.8592200000001,1131.1929600000001,40.9042721,44.429465299999997
411.80000000000001,0.016975539099999999,0.023713098599999999,389.614598,544.25189699999999,1092.5114100000001,1092.5114100000001,1051.3306399999999,1137.24308,41.180768700000002,44.731666599999997
411.89999999999998,0.017002497700000001,0.0237893268,390.233338,546.00145099999997,1098.2702099999999,1098.2702099999999,1056.81061,1143.3066899999999,41.459605799999999,45.036470299999998
412,0.017027656400000001,0.023864184699999999,390.81076999999999,547.71955500000001,1104.03252,1104.03252,1062.2921100000001,1149.37598,41.740406499999999,45.343463999999997
412.10000000000002,0.017051042999999998,0.023937608799999999,391.34752900000001,549.40475000000004,1109.78945,1109.78945,1067.76677,1155.44155,42.022672800000002,45.652101600000002
412.19999999999999,0.017074077300000001,0.024009351799999998,391.87619999999998,551.05136200000004,1115.39967,1115.39967,1073.1021599999999,1161.3522700000001,42.297505200000003,45.952604999999998
412.30000000000001,0.0170953826,0.0240774209,392.36518999999998,552.613653,1120.76729,1120.76729,1078.2061200000001,1167.0082199999999,42.561177700000002,46.240923299999999
412.39999999999998,0.017115707500000001,0.024142288200000001,392.83167700000001,554.10245499999996,1125.88067,1125.88067,1083.0683300000001,1172.3962200000001,42.812331899999997,46.515552700000001
412.5,0.017135805099999998,0.024204424700000001,393.29294700000003,555.52858200000003,1130.72765,1130.72765,1087.6780699999999,1177.50261,43.0495807,46.774957299999997
412.60000000000002,0.017156432999999999,0.024264300900000001,393.76639,556.90283299999999,1135.2956799999999,1135.2956799999999,1092.0241699999999,1182.3132499999999,43.271508099999998,47.017569799999997
412.69999999999999,0.0171782568,0.024322081700000001,394.26727899999997,558.22899199999995,1139.5477900000001,1139.5477900000001,1096.0723,1186.7882999999999,43.475497099999998,47.240509199999998
412.80000000000001,0.017203795599999998,0.024377806799999999,394.853433,559.50796700000001,1143.28313,1143.28313,1099.63473,1190.71246,43.648404200000002,47.429325300000002
412.89999999999998,0.017237319800000001,0.024432654099999999,395.62286599999999,560.76679799999999,1146.2771,1146.2771,1102.5030099999999,1193.8433600000001,43.774097300000001,47.5662564
413,0.017278285399999999,0.024486527800000001,396.563087,562.00328100000002,1148.5639699999999,1148.5639699999999,1104.70904,1196.21786,43.854931100000002,47.653893199999999
413.10000000000002,0.017326201499999999,0.024539335799999999,397.66283499999997,563.21530600000006,1150.17407,1150.17407,1106.28107,1197.86861,43.893000200000003,47.694540500000002
413.19999999999999,0.017380630899999999,0.024590990600000001,398.91207400000002,564.40086299999996,1151.13384,1151.13384,1107.2437,1198.8240599999999,43.890138899999997,47.690216900000003
413.30000000000001,0.0174396741,0.024641408900000002,400.26720599999999,565.55803900000001,1151.58917,1151.58917,1107.7332100000001,1199.2406699999999,43.855961999999998,47.651494300000003
413.39999999999998,0.017497139599999999,0.024690433099999999,401.58612599999998,566.683221,1152.02747,1152.02747,1108.2050300000001,1199.6409900000001,43.822439799999998,47.613523399999998
413.5,0.0175501237,0.024737948199999998,402.80219399999999,567.77376400000003,1152.6729700000001,1152.6729700000001,1108.8686299999999,1200.2655099999999,43.8043361,47.592537299999996
413.60000000000002,0.017599166900000001,0.024783910900000001,403.92780900000002,568.82867699999997,1153.47721,1153.47721,1109.67866,1201.06233,43.798545900000001,47.585123500000002
413.69999999999999,0.017644783099999999,0.024828281000000001,404.97476999999998,569.84704099999999,1154.39418,1154.39418,1110.5920599999999,1201.9822200000001,43.802120799999997,47.5880419
413.80000000000001,0.017687459900000001,0.024871021699999999,405.95426900000001,570.82800499999996,1155.3803399999999,1155.3803399999999,1111.56807,1202.97857,43.812269700000002,47.598224399999999
413.89999999999998,0.017727540999999999,0.024912179999999999,406.87419299999999,571.772651,1156.41264,1156.41264,1112.58521,1204.0265899999999,43.827430200000002,47.613952599999998
414,0.017766239900000001,0.024950482400000001,407.76239199999998,572.65174999999999,1157.25947,1157.25947,1113.42535,1204.8798999999999,43.834118400000001,47.620431799999999
414.10000000000002,0.017803955999999999,0.024985889000000001,408.62803300000002,573.46438499999999,1157.88418,1157.88418,1114.0541800000001,1205.49927,43.829994999999997,47.615091200000002
414.19999999999999,0.017840827900000002,0.025018718700000001,409.47430000000003,574.21787700000004,1158.3087399999999,1158.3087399999999,1114.4926499999999,1205.90779,43.816089099999999,47.599054899999999
414.30000000000001,0.017876975900000001,0.0250492808,410.30395099999998,574.91932299999996,1158.55564,1158.55564,1114.76217,1206.12914,43.7934749,47.573496800000001
414.39999999999998,0.017912501399999999,0.0250778748,411.11931499999997,575.57560000000001,1158.64788,1158.64788,1114.8846100000001,1206.1875199999999,43.763271600000003,47.539640499999997
414.5,0.017947465700000002,0.025104756799999999,411.92180000000002,576.19258200000002,1158.60717,1158.60717,1114.8806,1206.1058499999999,43.726570500000001,47.498679699999997
414.60000000000002,0.017985147100000001,0.025130710099999998,412.78664600000002,576.78825099999995,1158.2484899999999,1158.2484899999999,1114.57817,1205.6847299999999,43.670318399999999,47.436246500000003
414.69999999999999,0.0180248488,0.025155881299999999,413.69785999999999,577.36596799999995,1157.64381,1157.64381,1114.0447899999999,1205.0011,43.599022099999999,47.357292200000003
414.80000000000001,0.018065883200000001,0.0251804115,414.63966299999998,577.92897300000004,1156.8638000000001,1156.8638000000001,1113.3466900000001,1204.13048,43.517108800000003,47.266680700000002
414.89999999999998,0.018107572200000002,0.025204436100000002,415.59648900000002,578.48037599999998,1155.9777899999999,1155.9777899999999,1112.5488700000001,1203.14698,43.428926500000003,47.169188800000001
415,0.0181494663,0.025228574199999999,416.55802199999999,579.03438200000005,1155.0869299999999,1155.0869299999999,1111.74665,1202.1581200000001,43.340283700000001,47.071187999999999
415.10000000000002,0.0181911295,0.025255956499999999,417.51425799999998,579.66284700000006,1154.5533,1154.5533,1111.2824800000001,1201.5474999999999,43.270818200000001,46.994196000000002
415.19999999999999,0.0182302097,0.025288837799999998,418.41120799999999,580.41752299999996,1154.8035500000001,1154.8035500000001,1111.5580600000001,1201.7691500000001,43.245484599999997,46.965595399999998
415.30000000000001,0.018266902099999999,0.025327349900000001,419.253355,581.30143399999997,1155.8355300000001,1155.8355300000001,1112.5715600000001,1202.8205800000001,43.263976200000002,46.985046099999998
415.39999999999998,0.018301395099999999,0.025371659000000001,420.04502200000002,582.31839600000001,1157.6512700000001,1157.6512700000001,1114.3250499999999,1204.70372,43.326213899999999,47.052457099999998
415.5,0.018333869999999999,0.025421965800000002,420.79037099999999,583.47301400000003,1160.25693,1160.25693,1116.82458,1207.4249199999999,43.432346099999997,47.167987199999999
415.60000000000002,0.018364911899999999,0.0254775985,421.50283000000002,584.74986999999999,1163.5348300000001,1163.5348300000001,1119.95928,1210.85898,43.575552199999997,47.324153500000001
415.69999999999999,0.018395773000000001,0.025535611900000001,422.21113800000001,586.081367,1167.07582,1167.07582,1123.34292,1214.5716199999999,43.732892100000001,47.495803500000001
415.80000000000001,0.0184271165,0.0255945837,422.93052,587.43485999999996,1170.67752,1170.67752,1126.7845500000001,1218.34797,43.8929762,47.670448499999999
415.89999999999998,0.018459124100000002,0.025655117599999999,423.665143,588.82420500000001,1174.38815,1174.38815,1130.32997,1222.23884,44.0581818,47.850688300000002
416,0.018491984400000001,0.025717807200000001,424.41933799999998,590.26302699999997,1178.2542900000001,1178.2542900000001,1134.02349,1226.29331,44.230793900000002,48.039021400000003
416.10000000000002,0.018525893099999999,0.0257832362,425.19759299999998,591.76472200000001,1182.3209099999999,1182.3209099999999,1137.9078999999999,1230.5587499999999,44.413004600000001,48.237844199999998
416.19999999999999,0.0185605098,0.0258493105,425.99209999999999,593.28122900000005,1186.39723,1186.39723,1141.8022000000001,1234.83368,44.595030600000001,48.4364493
416.30000000000001,0.018594505800000001,0.0259132818,426.77236099999999,594.74946799999998,1190.30467,1190.30467,1145.5359599999999,1238.9305899999999,44.768711400000001,48.625928000000002
416.39999999999998,0.018627775499999999,0.025974727400000001,427.53595100000001,596.15974000000006,1194.0077200000001,1194.0077200000001,1149.07545,1242.81206,44.9322686,48.804334799999999
416.5,0.018660690800000001,0.026033760699999998,428.29140799999999,597.51464499999997,1197.48794,1197.48794,1152.4035799999999,1246.45813,45.084355600000002,48.970186699999999
416.60000000000002,0.018693611999999998,0.026090440400000001,429.04699900000003,598.81552999999997,1200.7221400000001,1200.7221400000001,1155.49875,1249.8438799999999,45.223387199999998,49.121739900000001
416.69999999999999,0.018726887000000001,0.026144770599999999,429.81071300000002,600.06249200000002,1203.68244,1203.68244,1158.3349000000001,1252.9394299999999,45.347540100000003,49.256989500000003
416.80000000000001,0.018760364500000001,0.026198553699999998,430.579072,601.29689499999995,1206.56918,1206.56918,1161.10159,1255.9569200000001,45.467591400000003,49.3877424
416.89999999999998,0.018796109700000001,0.026260324200000001,431.39947999999998,602.71462199999996,1210.1046699999999,1210.1046699999999,1164.48486,1259.6583599999999,45.619814900000002,49.553682000000002
417,0.018833992099999999,0.0263288983,432.26893699999999,604.28850199999999,1214.17605,1214.17605,1168.3777,1263.92445,45.798352600000001,49.748395199999997
417.10000000000002,0.0188738102,0.02640282,433.18282399999998,605.98512000000005,1218.6478099999999,1218.6478099999999,1172.6515899999999,1268.61204,45.996215300000003,49.964231599999998
417.19999999999999,0.018915363599999999,0.0264806642,434.13653699999998,607.77176399999996,1223.3875700000001,1223.3875700000001,1177.1809900000001,1273.5812900000001,46.206579699999999,50.193722299999997
417.30000000000001,0.018958714500000001,0.026561340900000001,435.131507,609.62341700000002,1228.27655,1228.27655,1181.85347,1278.7064499999999,46.423084000000003,50.429898399999999
417.39999999999998,0.0190069231,0.026646618899999999,436.23797000000002,611.58067600000004,1233.25027,1233.25027,1186.6109899999999,1283.9159099999999,46.6392837,50.665634699999998
417.5,0.019064108699999999,0.026737850099999998,437.55046700000003,613.67457200000001,1238.1145799999999,1238.1145799999999,1191.27377,1288.9996900000001,46.840811600000002,50.885105799999998
417.60000000000002,0.019129461100000002,0.026833665699999999,439.05040300000002,615.87368700000002,1242.7926,1242.7926,1195.76821,1293.87734,47.024389800000002,51.084738999999999
417.69999999999999,0.019202231600000001,0.0269327714,440.720597,618.14831600000002,1247.2102299999999,1247.2102299999999,1200.0234,1298.47128,47.186827299999997,51.261055900000002
417.80000000000001,0.019281733200000001,0.027033947900000001,442.54527999999999,620.47047099999997,1251.2961499999999,1251.2961499999999,1203.9711299999999,1302.7068200000001,47.325019900000001,51.410671899999997
417.89999999999998,0.019364832500000002,0.027135391700000001,444.45253700000001,622.79876000000002,1255.1171899999999,1255.1171899999999,1207.6715799999999,1306.6581200000001,47.445608100000001,51.540928100000002
418,0.019442567899999999,0.027229383199999999,446.23668199999997,624.95600899999999,1258.59726,1258.59726,1211.04385,1310.2545600000001,47.553409100000003,51.657296600000002
418.10000000000002,0.019509790799999999,0.0273089769,447.77955300000002,626.78280700000005,1261.4307100000001,1261.4307100000001,1213.79341,1313.17841,47.637295899999998,51.747703199999997
418.19999999999999,0.0195660509,0.027375316,449.070807,628.30538999999999,1263.7734599999999,1263.7734599999999,1216.06747,1315.5951600000001,47.705984600000001,51.821703800000002
418.30000000000001,0.019610848300000001,0.027429503399999999,450.09897599999999,629.54907500000002,1265.78124,1265.78124,1218.0130099999999,1317.6701399999999,47.768229499999997,51.8888976
418.39999999999998,0.019643634100000001,0.027472601900000001,450.85145999999997,630.53825099999995,1267.6096,1267.6096,1219.7767799999999,1319.56853,47.832823500000003,51.958926599999998
418.5,0.019668602300000001,0.027505729199999999,451.42451899999998,631.29857300000003,1269.03386,1269.03386,1221.1501499999999,1321.0479700000001,47.8837051,52.014108399999998
418.60000000000002,0.019692516300000001,0.027535325900000001,451.97338100000002,631.97786299999996,1270.1755700000001,1270.1755700000001,1222.2549300000001,1322.2296100000001,47.920641199999999,52.054039500000002
418.69999999999999,0.019717110699999998,0.027563891900000002,452.53786200000002,632.63349500000004,1271.1543799999999,1271.1543799999999,1223.2061100000001,1323.23813,47.948263799999999,52.083755099999998
418.80000000000001,0.019742337700000001,0.0275907362,453.11685899999998,633.24961499999995,1271.90211,1271.90211,1223.93911,1324.00146,47.963004499999997,52.099348200000001
418.89999999999998,0.019768196599999999,0.027615197399999999,453.71035899999998,633.81103499999995,1272.34979,1272.34979,1224.38859,1324.44661,47.961205100000001,52.096812200000002
419,0.0197947339,0.027636642600000001,454.31943100000001,634.30323699999997,1272.4276400000001,1272.4276400000001,1224.4885200000001,1324.4996799999999,47.939117699999997,52.0720411
419.10000000000002,0.0198210113,0.027656039300000001,454.92254000000003,634.74841900000001,1272.3128999999999,1272.3128999999999,1224.4058299999999,1324.3492699999999,47.907071700000003,52.036368699999997
419.19999999999999,0.019843294500000001,0.027668620599999999,455.43397199999998,635.03718000000003,1271.8121900000001,1271.8121900000001,1223.9536900000001,1323.7948799999999,47.858498300000001,51.982682199999999
419.30000000000001,0.019861905199999998,0.027674742299999999,455.86111599999998,635.177682,1270.93642,1270.93642,1223.14276,1322.8476800000001,47.793657899999999,51.911259700000002
419.39999999999998,0.019877585900000001,0.027675340999999999,456.22101099999998,635.19142299999999,1269.72288,1269.72288,1222.00909,1321.5463299999999,47.713796299999998,51.823449400000001
419.5,0.019891085100000001,0.027671350800000001,456.53083900000001,635.09984299999996,1268.20813,1268.20813,1220.5880199999999,1319.92868,47.620111600000001,51.7205473
419.60000000000002,0.019902991299999999,0.027663676700000001,456.80410599999999,634.92371000000003,1266.43867,1266.43867,1218.92418,1318.0432800000001,47.514490199999997,51.604606400000002
419.69999999999999,0.019909737600000001,0.027652429999999999,456.95894299999998,634.66557999999998,1264.7163800000001,1264.7163800000001,1217.29991,1316.2134799999999,47.416468399999999,51.497101800000003
419.80000000000001,0.019909504099999999,0.027637354699999998,456.95358499999998,634.31958099999997,1263.16266,1263.16266,1215.8283699999999,1314.5697500000001,47.334283300000003,51.407094700000002
419.89999999999998,0.019902716899999999,0.0276195113,456.79780699999998,633.91004699999996,1261.8534400000001,1261.8534400000001,1214.5818999999999,1313.1919700000001,47.271542400000001,51.338526799999997
420,0.019889760400000001,0.027599941699999998,456.50043599999998,633.46089400000005,1260.8661500000001,1260.8661500000001,1213.63418,1312.1616200000001,47.231972599999999,51.2954717
420.10000000000002,0.019870977799999998,0.0275796697,456.069345,632.99562100000003,1260.2796900000001,1260.2796900000001,1213.0602699999999,1311.5618199999999,47.219420100000001,51.282134200000002
420.19999999999999,0.019847664000000001,0.027558862199999999,455.53425900000002,632.518056,1260.0060599999999,1260.0060599999999,1212.7781299999999,1311.2980399999999,47.227937799999999,51.291972800000003
420.30000000000001,0.019824030499999999,0.027537828,454.99183499999998,632.03529000000003,1259.7348099999999,1259.7348099999999,1212.49792,1311.03712,47.236897399999997,51.302302300000001
420.39999999999998,0.019802772199999999,0.027519418,454.50392199999999,631.612753,1259.5440599999999,1259.5440599999999,1212.29628,1310.8587500000001,47.247780599999999,51.314686700000003
420.5,0.019784082500000001,0.027503095500000001,454.07496600000002,631.23812499999997,1259.36205,1259.36205,1212.10546,1310.6867999999999,47.256589900000002,51.324743499999997
420.60000000000002,0.019768166399999999,0.027488321999999999,453.70966800000002,630.89905099999999,1259.1159600000001,1259.1159600000001,1211.8567,1310.44397,47.259259800000002,51.328015600000001
420.69999999999999,0.01975524,0.0274745578,453.41298599999999,630.58314099999996,1258.7318700000001,1258.7318700000001,1211.4802199999999,1310.0518500000001,47.251656699999998,51.319971000000002
420.80000000000001,0.019745021799999998,0.0274633806,453.17846300000002,630.32660799999996,1258.3973100000001,1258.3973100000001,1211.1532999999999,1309.70912,47.244004500000003,51.311813399999998
420.89999999999998,0.019736418299999999,0.027455676200000001,452.980999,630.14977899999997,1258.2936400000001,1258.2936400000001,1211.0466300000001,1309.6089199999999,47.247005000000001,51.3152878
421,0.0197291679,0.027451253200000001,452.814593,630.04826600000001,1258.4222,1258.4222,1211.16121,1309.75296,47.260987200000002,51.330759999999998
421.10000000000002,0.019723586000000001,0.0274507121,452.68648000000002,630.03584699999999,1258.81997,1258.81997,1211.5323699999999,1310.1800000000001,47.287600900000001,51.360030399999999
421.19999999999999,0.0197199817,0.027454666799999999,452.60375299999998,630.12661300000002,1259.52584,1259.52584,1212.19724,1310.9308599999999,47.328603999999999,51.405017399999998
421.30000000000001,0.019718657699999999,0.027463744700000001,452.57336600000002,630.33496500000001,1260.5806299999999,1260.5806299999999,1213.1947700000001,1312.0483899999999,47.385862199999998,51.4677577
421.39999999999998,0.019721304799999999,0.027480267799999999,452.63412099999999,630.71419600000002,1262.0890099999999,1262.0890099999999,1214.6257499999999,1313.64147,47.463257300000002,51.552465900000001
421.5,0.019729458599999999,0.027505983899999999,452.82126399999999,631.30442000000005,1264.10834,1264.10834,1216.54602,1315.7691199999999,47.562315300000002,51.660779699999999
421.60000000000002,0.019743753100000001,0.0275419901,453.14934499999998,632.13081699999998,1266.7014899999999,1266.7014899999999,1219.0157400000001,1318.4971399999999,47.685744399999997,51.795651499999998
421.69999999999999,0.019764719199999999,0.027589370500000002,453.63054799999998,633.21826899999996,1269.9383700000001,1269.9383700000001,1222.1016400000001,1321.8989300000001,47.836728999999998,51.960557299999998
421.80000000000001,0.019792899499999999,0.027649240700000001,454.27732900000001,634.59238100000005,1273.8912,1273.8912,1225.87264,1326.0502899999999,48.018563,52.159092800000003
421.89999999999998,0.0198288488,0.027722747499999999,455.10242199999999,636.27947400000005,1278.6344799999999,1278.6344799999999,1230.3998300000001,1331.02945,48.2346504,52.394974099999999
422,0.019870935999999999,0.027801252299999999,456.06838599999998,638.08128099999999,1283.3997300000001,1283.3997300000001,1234.95389,1336.0250799999999,48.445839599999999,52.625356500000002
422.10000000000002,0.019920699399999998,0.0278834744,457.210533,639.96840399999996,1287.92813,1287.92813,1239.29125,1340.76163,48.636882,52.833505600000002
422.19999999999999,0.019977941799999999,0.0279688027,458.52433300000001,641.92682000000002,1292.172,1292.172,1243.3665599999999,1345.18887,48.8054433,53.016869100000001
422.30000000000001,0.020042474599999999,0.028056583699999998,460.00546100000003,643.94152699999995,1296.0784900000001,1296.0784900000001,1247.12958,1349.25107,48.9489059,53.172584100000002
422.39999999999998,0.0201141185,0.028146121,461.64979799999998,645.99654599999997,1299.5895599999999,1299.5895599999999,1250.5251900000001,1352.8870400000001,49.0643691,53.297477700000002
422.5,0.020191376099999998,0.028235932700000001,463.422977,648.05786000000001,1302.6724400000001,1302.6724400000001,1253.5208700000001,1356.0637400000001,49.151573599999999,53.391298599999999
422.60000000000002,0.020268589199999999,0.028323287999999999,465.19513699999999,650.06279800000004,1305.50269,1305.50269,1256.27727,1358.97318,49.2254212,53.4704914
422.69999999999999,0.0203438739,0.028408794000000001,466.92303600000002,652.02529300000003,1308.29693,1308.29693,1258.99767,1361.84665,49.299264100000002,53.549721300000002
422.80000000000001,0.020416041100000001,0.028490223499999998,468.57938300000001,653.89422300000001,1310.91956,1310.91956,1261.5524800000001,1364.54198,49.367083999999998,53.6224226
422.89999999999998,0.020483859199999999,0.0285653095,470.13591300000002,655.61756300000002,1313.23432,1313.23432,1263.8114499999999,1366.9163599999999,49.4228697,53.682038800000001
423,0.020546054099999999,0.028631746100000001,471.563379,657.142383,1315.1043099999999,1315.1043099999999,1265.6436900000001,1368.8263300000001,49.460617800000001,53.7220224
423.10000000000002,0.020605038700000002,0.028693574400000001,472.91716700000001,658.56143899999995,1316.75477,1316.75477,1267.26487,1370.50756,49.489893199999997,53.752796500000002
423.19999999999999,0.020665383799999999,0.0287566873,474.30218000000002,660.00997600000005,1318.4285199999999,1318.4285199999999,1268.9094600000001,1372.2119399999999,49.519059900000002,53.7834219
423.30000000000001,0.0207276001,0.028820727300000001,475.73014000000001,661.47979099999998,1320.04674,1320.04674,1270.5033100000001,1373.8554899999999,49.543432199999998,53.808755300000001
423.39999999999998,0.020791712399999999,0.028886454799999999,477.20161400000001,662.988338,1321.6867199999999,1321.6867199999999,1272.1196299999999,1375.51998,49.567086000000003,53.8332604
423.5,0.0208577699,0.028954675799999999,478.71773400000001,664.55411500000002,1323.4285500000001,1323.4285500000001,1273.8343299999999,1377.29009,49.594220700000001,53.861535400000001
423.60000000000002,0.020925846099999999,0.029026242099999999,480.28018800000001,666.19667100000004,1325.35511,1325.35511,1275.72595,1379.25342,49.629159399999999,53.8983135
423.69999999999999,0.020992324,0.029095514400000001,481.80595799999998,667.78657699999997,1327.1724099999999,1327.1724099999999,1277.51252,1381.1029100000001,49.659881599999999,53.930508400000001
423.80000000000001,0.021054527699999999,0.0291586902,483.23362700000001,669.23655799999995,1328.7014899999999,1328.7014899999999,1279.02196,1382.6521700000001,49.679538700000002,53.950677900000002
423.89999999999998,0.021111525700000001,0.029214877399999999,484.54181899999998,670.52614000000005,1329.9250999999999,1329.9250999999999,1280.23696,1383.8839399999999,49.688134300000002,53.958846100000002
424,0.021162471299999999,0.029263272600000001,485.711097,671.63688400000001,1330.8283100000001,1330.8283100000001,1281.1425999999999,1384.7833900000001,49.685714599999997,53.955082300000001
424.10000000000002,0.021206499899999998,0.029303046400000001,486.72162300000002,672.54975300000001,1331.3949399999999,1331.3949399999999,1281.7226700000001,1385.3343400000001,49.6722745,53.939399799999997
424.19999999999999,0.021242730000000001,0.029333343500000001,487.553158,673.24511700000005,1331.60752,1331.60752,1281.95976,1385.51927,49.647758099999997,53.911756500000003
424.30000000000001,0.021274451,0.029359185900000001,488.281203,673.83824200000004,1331.7222899999999,1331.7222899999999,1282.09978,1385.6056900000001,49.6225083,53.883408500000002
424.39999999999998,0.021300476700000001,0.029382300199999999,488.878534,674.36874899999998,1332.0158799999999,1332.0158799999999,1282.4035100000001,1385.88761,49.612370400000003,53.8717361
424.5,0.021321058800000001,0.029402796299999999,489.35092400000002,674.83916599999998,1332.4793,1332.4793,1282.86268,1386.3552400000001,49.616618799999998,53.875939299999999
424.60000000000002,0.021336451100000001,0.029420811799999998,489.70420100000001,675.25264900000002,1333.1062400000001,1333.1062400000001,1283.4715699999999,1387.00161,49.634667999999998,53.895370900000003
424.69999999999999,0.021346909899999999,0.029436511700000001,489.94424600000002,675.61298699999998,1333.8930700000001,1333.8930700000001,1284.2270000000001,1387.8226099999999,49.666072100000001,53.9295373
424.80000000000001,0.021353065899999999,0.0294503058,490.08553699999999,675.92958099999998,1334.8311900000001,1334.8311900000001,1285.1214399999999,1388.80844,49.709752399999999,53.977243000000001
424.89999999999998,0.021357438400000001,0.029463690000000001,490.18589200000002,676.23676899999998,1335.8716899999999,1335.8716899999999,1286.1110699999999,1389.9045599999999,49.760624900000003,54.032865000000001
425,0.021360496400000002,0.0294769093,490.25607600000001,676.54017299999998,1337.00197,1337.00197,1287.1844100000001,1391.0971300000001,49.817558400000003,54.0951539
425.10000000000002,0.021363102799999999,0.0294906232,490.315899,676.85492699999998,1338.22057,1338.22057,1288.34095,1392.38364,49.8796228,54.163072100000001
425.19999999999999,0.021366138400000002,0.029505525599999999,490.38556999999997,677.19695999999999,1339.5282500000001,1339.5282500000001,1289.5822599999999,1393.76394,49.945988399999997,54.235692
425.30000000000001,0.021370501100000001,0.0295223456,490.48570100000001,677.58300499999996,1340.9279899999999,1340.9279899999999,1290.9120700000001,1395.24019,50.015926299999997,54.312195199999998
425.39999999999998,0.021375630699999999,0.029539858299999999,490.603433,677.98495000000003,1342.3376000000001,1342.3376000000001,1292.25197,1396.7260200000001,50.085629699999998,54.388424899999997
425.5,0.021380059699999999,0.029554059600000002,490.705084,678.31089099999997,1343.45875,1343.45875,1293.3180299999999,1397.90742,50.1407247,54.448670200000002
425.60000000000002,0.0213843435,0.0295638098,490.803404,678.534672,1344.12735,1344.12735,1293.9553900000001,1398.61013,50.171957499999998,54.482784000000002
425.69999999999999,0.021388505700000001,0.029569386199999999,490.898933,678.66265999999996,1344.37042,1344.37042,1294.18968,1398.8627300000001,50.180739099999997,54.492311000000001
425.80000000000001,0.021392566299999999,0.029571044800000001,490.99212999999997,678.70072700000003,1344.2130199999999,1344.2130199999999,1294.04465,1398.6917100000001,50.168378799999999,54.478684700000002
425.89999999999998,0.0213965419,0.029569019700000001,491.08337599999999,678.65424599999994,1343.67824,1343.67824,1293.54216,1398.12147,50.1360843,54.443227700000001
426,0.0214013573,0.0295647401,491.19389699999999,678.55602299999998,1342.8399300000001,1342.8399300000001,1292.75307,1397.2291399999999,50.086859599999997,54.389209600000001
426.10000000000002,0.021407486999999999,0.0295588902,491.33458400000001,678.42175999999995,1341.7308399999999,1341.7308399999999,1291.70886,1396.0488499999999,50.021973500000001,54.3180099
426.19999999999999,0.0214151572,0.029551904699999999,491.510627,678.26143200000001,1340.3779199999999,1340.3779199999999,1290.4352899999999,1394.60887,49.942632099999997,54.2309445
426.30000000000001,0.021424747099999999,0.0295444703,491.730729,678.09080200000005,1338.82197,1338.82197,1288.9713400000001,1392.9519299999999,49.850624000000003,54.129964100000002
426.39999999999998,0.021436639399999999,0.0295372598,492.00367499999999,677.92530899999997,1337.1020100000001,1337.1020100000001,1287.35437,1391.1189300000001,49.747642300000003,54.0169146
426.5,0.021451220100000001,0.029530931900000001,492.338325,677.78007400000001,1335.2553700000001,1335.2553700000001,1285.6200799999999,1389.1488999999999,49.635284300000002,53.893537199999997
426.60000000000002,0.021468273999999999,0.0295258989,492.729739,677.66455800000006,1333.3425500000001,1333.3425500000001,1283.8255799999999,1387.1061400000001,49.516973399999998,53.7635857
426.69999999999999,0.0214893645,0.029526686399999998,493.213797,677.68263400000001,1331.7085099999999,1331.7085099999999,1282.2990500000001,1385.3538900000001,49.409461800000003,53.645373900000003
426.80000000000001,0.0215145645,0.029533328800000001,493.79217599999998,677.83508700000004,1330.35086,1330.35086,1281.0383099999999,1383.8895399999999,49.3125511,53.538682799999997
426.89999999999998,0.021543830399999998,0.029545516000000001,494.46387399999998,678.11480100000006,1329.24081,1329.24081,1280.0160599999999,1382.6827000000001,49.224757699999998,53.441888300000002
427,0.021577129699999999,0.029562958399999999,495.22814299999999,678.515131,1328.3508099999999,1328.3508099999999,1279.20616,1381.70424,49.144651799999998,53.353425399999999
427.10000000000002,0.021614305399999999,0.029585422100000001,496.08138200000002,679.03070600000001,1327.66922,1327.66922,1278.59745,1380.94201,49.071771099999999,53.272790999999998
427.19999999999999,0.021653828399999998,0.029613051000000001,496.988495,679.66483300000004,1327.3354899999999,1327.3354899999999,1278.3204599999999,1380.5452600000001,49.015023100000001,53.209774500000002
427.30000000000001,0.021696786900000001,0.029645346600000001,497.97445900000002,680.40606600000001,1327.20904,1327.20904,1278.24316,1380.3640399999999,48.965876399999999,53.155008100000003
427.39999999999998,0.021742443,0.0296822921,499.02233699999999,681.25402299999996,1327.34818,1327.34818,1278.42003,1380.4608800000001,48.928153000000002,53.112693999999998
427.5,0.021790071899999999,0.0297238911,500.11549300000001,682.20878300000004,1327.8122699999999,1327.8122699999999,1278.9065499999999,1380.8993499999999,48.905716699999999,53.087079699999997
427.60000000000002,0.021838962,0.029770167199999999,501.237595,683.27088900000001,1328.66166,1328.66166,1279.75919,1381.7441200000001,48.902472799999998,53.082458099999997
427.69999999999999,0.0218887309,0.029819966199999999,502.37986699999999,684.41385400000001,1329.80708,1329.80708,1280.89302,1382.9011399999999,48.914062999999999,53.094064299999999
427.80000000000001,0.021937376799999998,0.029868842100000001,503.49636400000003,685.53562999999997,1330.94757,1330.94757,1282.02107,1384.0542,48.926501299999998,53.106623800000001
427.89999999999998,0.021981695999999998,0.029914202000000001,504.51355799999999,686.57671000000005,1332.0733399999999,1332.0733399999999,1283.1309100000001,1385.1964399999999,48.9424329,53.123103899999997
428,0.022022316600000001,0.029956139699999999,505.44586399999997,687.53924300000006,1333.1430399999999,1333.1430399999999,1284.18399,1386.2834499999999,48.959044300000002,53.140409300000002
428.10000000000002,0.022059842499999999,0.029994709099999999,506.307141,688.42447100000004,1334.11319,1334.11319,1285.13975,1387.2685300000001,48.9734324,53.155347499999998
428.19999999999999,0.022094853000000001,0.030029924999999999,507.11068499999999,689.23272999999995,1334.9381599999999,1334.9381599999999,1285.9555600000001,1388.1027899999999,48.982605100000001,53.164628399999998
428.30000000000001,0.022127304099999998,0.030063020900000001,507.85548799999998,689.99233100000004,1335.7502300000001,1335.7502300000001,1286.7566099999999,1388.9262100000001,48.993621500000003,53.1759846
428.39999999999998,0.022157417700000001,0.0300964409,508.54664100000002,690.75937099999999,1336.7863199999999,1336.7863199999999,1287.76749,1389.9892600000001,49.018830299999998,53.202936000000001
428.5,0.022185608900000001,0.030130977600000001,509.19367199999999,691.55204000000003,1338.0953500000001,1338.0953500000001,1289.03493,1391.34321,49.0604157,53.247865699999998
428.60000000000002,0.022212041500000002,0.030166556300000001,509.80033900000001,692.36862599999995,1339.6561899999999,1339.6561899999999,1290.53909,1392.9655600000001,49.117095999999997,53.309366199999999
428.69999999999999,0.022236851299999999,0.030203095499999999,510.36976299999998,693.20725800000002,1341.44928,1341.44928,1292.2615900000001,1394.8354400000001,49.1876988,53.386150800000003
428.80000000000001,0.022260146500000001,0.030240506800000001,510.90442300000001,694.06590300000005,1343.4566,1343.4566,1294.18544,1396.9336599999999,49.271161300000003,53.477052899999997
428.89999999999998,0.022282348399999999,0.030279078399999999,511.41399100000001,694.95118000000002,1345.6739399999999,1345.6739399999999,1296.3071,1399.25531,49.366844299999997,53.5813633
429,0.022307085399999999,0.030321509900000002,511.981742,695.92504799999995,1348.0876800000001,1348.0876800000001,1298.61724,1401.78196,49.4704403,53.694284799999998
429.10000000000002,0.022334265200000002,0.0303676326,512.60556099999997,696.98363600000005,1350.6877199999999,1350.6877199999999,1301.1062099999999,1404.50305,49.581505499999999,53.815333500000001
429.19999999999999,0.022363184000000001,0.030416824499999998,513.26929199999995,698.112664,1353.4664399999999,1353.4664399999999,1303.76611,1407.41128,49.700330399999999,53.944842899999998
429.30000000000001,0.0223931463,0.030468485199999999,513.95697299999995,699.29835700000001,1356.4178099999999,1356.4178099999999,1306.59052,1410.5010400000001,49.827282599999997,54.083230800000003
429.39999999999998,0.022423465300000001,0.030522036799999999,514.65283999999997,700.52744700000005,1359.5374200000001,1359.5374200000001,1309.5746099999999,1413.7684200000001,49.9628066,54.230999099999998
429.5,0.022455288600000001,0.030575449599999999,515.38323400000002,701.75335299999995,1362.5201400000001,1362.5201400000001,1312.43056,1416.8892900000001,50.0895832,54.369154000000002
429.60000000000002,0.0224887156,0.030625251999999999,516.15043400000002,702.89639499999998,1364.9957099999999,1364.9957099999999,1314.8078399999999,1419.4717900000001,50.187874399999998,54.476075600000001
429.69999999999999,0.022523322299999999,0.030671350999999999,516.94471199999998,703.95443699999998,1366.98892,1366.98892,1316.7294999999999,1421.54259,50.259413500000001,54.553671399999999
429.80000000000001,0.022558709999999999,0.030713640899999999,517.75691300000005,704.92505500000004,1368.5211999999999,1368.5211999999999,1318.2154599999999,1423.12482,50.305731700000003,54.603627299999999
429.89999999999998,0.022594505000000001,0.0307520038,518.57846400000005,705.80554299999994,1369.6106400000001,1369.6106400000001,1319.2824900000001,1424.2380499999999,50.328157900000001,54.627406899999997
430,0.022630477999999999,0.030786429300000001,519.40409799999998,706.59565999999995,1370.2748300000001,1370.2748300000001,1319.9469799999999,1424.90112,50.327850900000001,54.626284300000002
430.10000000000002,0.022667185199999999,0.030818107599999998,520.24658499999998,707.32272499999999,1370.59268,1370.59268,1320.28423,1425.1969099999999,50.308447100000002,54.604230100000002
430.19999999999999,0.022705297400000001,0.0308486743,521.12131699999998,708.02427799999998,1370.6802299999999,1370.6802299999999,1320.40479,1425.24748,50.275439800000001,54.567246099999998
430.30000000000001,0.022744338199999999,0.030877478399999998,522.01736400000004,708.68537600000002,1370.5083299999999,1370.5083299999999,1320.2805800000001,1425.0224900000001,50.227752600000002,54.514163799999999
430.39999999999998,0.022783872600000001,0.030903884100000001,522.92473800000005,709.291427,1370.0460499999999,1370.0460499999999,1319.8818799999999,1424.48972,50.164175,54.443666999999998
430.5,0.022823506300000001,0.030927270600000001,523.83439399999997,709.82818299999997,1369.26071,1369.26071,1319.1773499999999,1423.615,50.083362600000001,54.354291799999999
430.60000000000002,0.022862417699999998,0.0309483082,524.72746900000004,710.31102899999996,1368.2891099999999,1368.2891099999999,1318.2957200000001,1422.5440000000001,49.993383999999999,54.254893299999999
430.69999999999999,0.022893986099999999,0.030966576199999998,525.45201299999997,710.73030700000004,1367.62608,1367.62608,1317.6990499999999,1421.8076000000001,49.927027299999999,54.181526699999999
430.80000000000001,0.022914465700000001,0.0309811415,525.92205100000001,711.06460200000004,1367.4791,1367.4791,1317.5800999999999,1421.62949,49.898999199999999,54.150381699999997
430.89999999999998,0.022925501000000001,0.0309925216,526.17532800000004,711.32579399999997,1367.7683500000001,1367.7683500000001,1317.86491,1421.92336,49.9034403,54.155004400000003
431,0.0229286844,0.031001245399999999,526.24839099999997,711.52601800000002,1368.4194199999999,1368.4194199999999,1318.48459,1422.6087399999999,49.934830599999998,54.189314799999998
431.10000000000002,0.022925555600000001,0.031007852700000001,526.17658100000006,711.67766700000004,1369.3633400000001,1369.3633400000001,1319.3753400000001,1423.61094,49.987990500000002,54.247605900000003
431.19999999999999,0.022917951299999999,0.0310135154,526.00205000000005,711.80763400000001,1370.5728899999999,1370.5728899999999,1320.51322,1424.89915,50.059662199999998,54.326269699999997
431.30000000000001,0.022914342399999999,0.0310210359,525.91922099999999,711.98024099999998,1371.65113,1371.65113,1321.53071,1426.04403,50.120421899999997,54.392894900000002
431.39999999999998,0.0229164907,0.031031233799999999,525.96852799999999,712.21429899999998,1372.5402200000001,1372.5402200000001,1322.3747599999999,1426.9823899999999,50.165460000000003,54.442175400000004
431.5,0.022924106499999999,0.0310444003,526.14332100000001,712.51648999999998,1373.2940900000001,1373.2940900000001,1323.09617,1427.7716600000001,50.197924899999997,54.477565800000001
431.60000000000002,0.0229369234,0.0310608637,526.43748900000003,712.89435000000003,1373.96867,1373.96867,1323.7476300000001,1428.47128,50.2210453,54.502607900000001
431.69999999999999,0.0229546991,0.031080989400000002,526.84546799999998,713.35626600000001,1374.6218200000001,1374.6218200000001,1324.3836899999999,1429.14275,50.238130300000002,54.520931400000002
431.80000000000001,0.0229754483,0.031100185499999999,527.32169499999998,713.79684599999996,1374.9360200000001,1374.9360200000001,1324.70172,1429.4522999999999,50.2342978,54.516280399999999
431.89999999999998,0.022996426600000001,0.031112846600000001,527.803179,714.08743600000003,1374.5498,1374.5498,1324.35672,1429.0204900000001,50.193086800000003,54.470686000000001
432,0.023017566499999999,0.0311194835,528.28837199999998,714.23976400000004,1373.52197,1373.52197,1323.4042899999999,1427.9096099999999,50.117682199999997,54.387637900000001
432.10000000000002,0.023038792799999999,0.0311205658,528.77554799999996,714.26460399999996,1371.90762,1371.90762,1321.89654,1426.17804,50.011080900000003,54.270420000000001
432.19999999999999,0.023060022600000001,0.031116521500000001,529.26280399999996,714.17178100000001,1369.7581499999999,1369.7581499999999,1319.8820599999999,1423.8802599999999,49.876091299999999,54.122110300000003
432.30000000000001,0.023080788500000001,0.031107831700000001,529.73941300000001,713.97233800000004,1367.1618000000001,1367.1618000000001,1317.4439400000001,1421.11015,49.717855700000001,53.948350599999998
432.39999999999998,0.023097671399999999,0.0310958886,530.12690099999998,713.69822599999998,1364.5420099999999,1364.5420099999999,1314.9798000000001,1418.31953,49.562213,53.777515800000003
432.5,0.023106428599999999,0.031082596699999999,530.32789200000002,713.39315499999998,1362.44272,1362.44272,1313.0005200000001,1416.08861,49.442207000000003,53.645889099999998
432.60000000000002,0.023107636800000001,0.031067875799999999,530.35562200000004,713.05528700000002,1360.8086499999999,1360.8086499999999,1311.4543100000001,1414.3582699999999,49.354335499999998,53.549622599999999
432.69999999999999,0.0231018032,0.031051626799999999,530.22173399999997,712.68234900000004,1359.58817,1359.58817,1310.2928099999999,1413.0733299999999,49.295359599999998,53.485157399999999
432.80000000000001,0.023089365800000001,0.031033731799999999,529.93627600000002,712.27162999999996,1358.73334,1358.73334,1309.4710399999999,1412.18256,49.262303099999997,53.449224600000001
432.89999999999998,0.023073263900000002,0.031015870800000001,529.56671200000005,711.86169400000006,1358.1802700000001,1358.1802700000001,1308.9313999999999,1411.6151400000001,49.248873400000001,53.434867799999999
433,0.0230640989,0.031002841400000002,529.35636199999999,711.56264799999997,1357.5667599999999,1357.5667599999999,1308.3413700000001,1410.9761000000001,49.225384400000003,53.409342199999998
433.10000000000002,0.023068035099999998,0.030996819299999999,529.44670399999995,711.42443400000002,1356.6181999999999,1356.6181999999999,1307.4470200000001,1409.9680900000001,49.171180800000002,53.349890299999998
433.19999999999999,0.0230840491,0.0309977247,529.81424900000002,711.44521299999997,1355.4095400000001,1355.4095400000001,1306.3182899999999,1408.6715300000001,49.091248100000001,53.261994799999997
433.30000000000001,0.0231111944,0.031005522300000001,530.437276,711.62417900000003,1354.0141100000001,1354.0141100000001,1305.0237,1407.16507,48.990411600000002,53.150961500000001
433.39999999999998,0.023148601800000002,0.031020221800000001,531.29583200000002,711.96155499999998,1352.5036600000001,1352.5036600000001,1303.63033,1405.52558,48.873336600000002,53.021918700000001
433.5,0.0231950987,0.031040413400000001,532.36300800000004,712.42498399999999,1350.82653,1350.82653,1302.08809,1403.6996899999999,48.738439999999997,52.873158500000002
433.60000000000002,0.023243926099999999,0.031064267600000001,533.48366999999996,712.97247500000003,1349.3418799999999,1349.3418799999999,1300.7304300000001,1402.0748799999999,48.611450699999999,52.733007600000001
433.69999999999999,0.0232934024,0.031091359400000001,534.61922700000002,713.59427400000004,1348.1421700000001,1348.1421700000001,1299.6432299999999,1400.7508600000001,48.498935199999998,52.608694700000001
433.80000000000001,0.023344440000000001,0.031121642099999999,535.79061899999999,714.28930700000001,1347.1482900000001,1347.1482900000001,1298.7525000000001,1399.64291,48.395795300000003,52.494616399999998
433.89999999999998,0.023397957300000001,0.031155088300000001,537.01892199999998,715.05694900000003,1346.28268,1346.28268,1297.98567,1398.6679300000001,48.297009299999999,52.385252299999998
434,0.023454878299999999,0.031191690099999999,538.32534599999997,715.89701700000001,1345.4693,1345.4693,1297.2716700000001,1397.7444700000001,48.197631600000001,52.275165800000003
434.10000000000002,0.0235119822,0.0312282755,539.63596900000005,716.73670800000002,1344.63932,1344.63932,1296.54213,1396.80324,48.097192499999998,52.163912799999999
434.19999999999999,0.0235734495,0.031262848500000003,541.04673700000001,717.53020900000001,1343.24434,1343.24434,1295.28187,1395.25936,47.962472699999999,52.015018900000001
434.30000000000001,0.0236385369,0.031294919499999997,542.54059299999994,718.26628900000003,1341.29376,1341.29376,1293.4990499999999,1393.1236100000001,47.794705399999998,51.829850999999998
434.39999999999998,0.023706280100000001,0.0313240334,544.09540200000004,718.93449599999997,1338.8185599999999,1338.8185599999999,1291.22207,1390.42983,47.596486599999999,51.611273300000001
434.5,0.023775728100000001,0.031349719900000003,545.68934000000002,719.52404100000001,1335.84707,1335.84707,1288.4768200000001,1387.2090599999999,47.370258800000002,51.361981900000004
434.60000000000002,0.0238458826,0.031371871099999997,547.29949399999998,720.03244500000005,1332.4492700000001,1332.4492700000001,1285.32855,1383.5364199999999,47.120719399999999,51.087143300000001
434.69999999999999,0.023915009599999999,0.031393786100000001,548.88606500000003,720.53542800000002,1329.1104399999999,1329.1104399999999,1282.2351200000001,1379.92731,46.875323100000003,50.816864799999998
434.80000000000001,0.023981070100000001,0.031417021599999997,550.40225299999997,721.06871799999999,1326.1589100000001,1326.1589100000001,1279.50541,1376.7313899999999,46.653500399999999,50.572472099999999
434.89999999999998,0.024043322200000002,0.031441407599999999,551.83103400000005,721.62841500000002,1323.6373100000001,1323.6373100000001,1277.1790699999999,1373.9945700000001,46.458244999999998,50.357260099999998
435,0.0241010223,0.031466800900000001,553.15533900000003,722.211229,1321.5912000000001,1321.5912000000001,1275.2984899999999,1371.7659000000001,46.292708500000003,50.174697000000002
435.10000000000002,0.0241534248,0.031493084800000001,554.35805700000003,722.81448599999999,1320.0690999999999,1320.0690999999999,1273.9088999999999,1370.09752,46.160201000000001,50.028424100000002
435.19999999999999,0.024199196999999999,0.031519036,555.40860099999998,723.41010600000004,1319.0518099999999,1319.0518099999999,1272.9907900000001,1368.9706000000001,46.0610207,49.918797599999998
435.30000000000001,0.024234412899999998,0.031541589100000003,556.216858,723.92773399999999,1318.5390199999999,1318.5390199999999,1272.53999,1368.38915,45.9990302,49.850133399999997
435.39999999999998,0.0242558875,0.031559515199999999,556.70973400000003,724.33916499999998,1318.6616899999999,1318.6616899999999,1272.6773700000001,1368.4952499999999,45.984322400000003,49.833555400000002
435.5,0.024263417900000001,0.031572370400000001,556.88256799999999,724.63421000000005,1319.39003,1319.39003,1273.3745200000001,1369.2575899999999,46.015516900000001,49.867556200000003
435.60000000000002,0.024256749800000001,0.031579703600000002,556.72952299999997,724.80251999999996,1320.69769,1320.69769,1274.6062199999999,1370.64858,46.091467899999998,49.950886400000002
435.69999999999999,0.024235577000000001,0.031581057099999997,556.24357699999996,724.83358499999997,1322.5617999999999,1322.5617999999999,1276.3505299999999,1372.64435,46.211264200000002,50.082554700000003
435.80000000000001,0.024206469899999999,0.031577797900000003,555.57552299999998,724.75878,1324.59033,1324.59033,1278.24271,1374.82286,46.347620800000001,50.2325339
435.89999999999998,0.0241784198,0.0315691289,554.93173100000001,724.55981499999996,1325.96848,1325.96848,1279.5200400000001,1376.31204,46.448434300000002,50.343561899999997
436,0.024154126299999999,0.031554544800000001,554.37415799999997,724.22508500000004,1326.42383,1326.42383,1279.92724,1376.8206600000001,46.496587900000002,50.396832600000003
436.10000000000002,0.024134681599999999,0.031534847099999999,553.92787299999998,723.77299300000004,1325.9511500000001,1325.9511500000001,1279.4604200000001,1376.3419799999999,46.490724700000001,50.390836
436.19999999999999,0.024121247500000002,0.031510826499999998,553.61953900000003,723.22168399999998,1324.53838,1324.53838,1278.10932,1374.8619699999999,46.4290576,50.323589499999997
436.30000000000001,0.024115055,0.031483262300000002,553.47741299999996,722.58904399999994,1322.1666499999999,1322.1666499999999,1275.8572799999999,1372.3592799999999,46.309369199999999,50.192637599999998
436.39999999999998,0.024109103999999999,0.031450660399999997,553.34082699999999,721.840779,1319.2497000000001,1319.2497000000001,1273.0891799999999,1369.27945,46.160522,50.0297445
436.5,0.024100301000000001,0.0314135605,553.13878599999998,720.989282,1316.0955899999999,1316.0955899999999,1270.0936799999999,1365.95181,46.001911900000003,49.8562212
436.60000000000002,0.0240881781,0.031372104099999999,552.860546,720.03779199999997,1312.75712,1312.75712,1266.9203199999999,1362.4327699999999,45.8368027,49.675652300000003
436.69999999999999,0.024072383999999999,0.031326292999999998,552.49804600000004,718.986358,1309.2630999999999,1309.2630999999999,1263.5960299999999,1358.7532000000001,45.667069400000003,49.490099200000003
436.80000000000001,0.024052556100000001,0.031276105800000002,552.04296599999998,717.83448599999997,1305.6407799999999,1305.6407799999999,1260.14627,1354.9423300000001,45.494515499999999,49.301544999999997
436.89999999999998,0.024028400500000002,0.031221678499999999,551.48855900000001,716.58529499999997,1301.9282700000001,1301.9282700000001,1256.60682,1351.0408,45.321452700000002,49.112528099999999
437,0.024001937300000002,0.0311695918,550.88118799999995,715.38982599999997,1298.6477199999999,1298.6477199999999,1253.47414,1347.59887,45.173582799999998,48.9511538
437.10000000000002,0.023972035199999998,0.031125787799999999,550.19488799999999,714.384456,1296.5111099999999,1296.5111099999999,1251.4213199999999,1345.37114,45.089789099999997,48.860033399999999
437.19999999999999,0.023939100200000001,0.031090103899999999,549.43898100000001,713.56545600000004,1295.4684199999999,1295.4684199999999,1250.4014,1344.30423,45.067017499999999,48.835813000000002
437.30000000000001,0.023903533599999999,0.031062445599999999,548.62267199999997,712.93065799999999,1295.4771499999999,1295.4771499999999,1250.37453,1344.3527300000001,45.102617600000002,48.875581099999998
437.39999999999998,0.0238657314,0.0310427868,547.75505499999997,712.47945700000002,1296.50234,1296.50234,1251.308,1345.47921,45.194342900000002,48.976868500000002
437.5,0.023827802499999998,0.031030478600000001,546.88452700000005,712.19696499999998,1298.3046999999999,1298.3046999999999,1252.9772800000001,1347.42815,45.3274179,49.123446299999998
437.60000000000002,0.023796945900000002,0.0310220459,546.17632200000003,712.003422,1299.93586,1299.93586,1254.49144,1349.18814,45.444424699999999,49.252271200000003
437.69999999999999,0.023777299500000001,0.031014829099999999,545.72540500000002,711.83778400000006,1300.7816700000001,1300.7816700000001,1255.27297,1350.1047699999999,45.508698699999997,49.323096100000001
437.80000000000001,0.023769604600000001,0.031009409599999999,545.54879600000004,711.71339999999998,1300.8424500000001,1300.8424500000001,1255.32293,1350.1775700000001,45.519524500000003,49.335121100000002
437.89999999999998,0.023774681999999998,0.031006383500000002,545.66533100000004,711.64394700000003,1300.11358,1300.11358,1254.6377399999999,1349.40076,45.475846500000003,49.287172300000002
438,0.0237934315,0.031006361,546.09565999999995,711.64342899999997,1298.5855200000001,1298.5855200000001,1253.2092500000001,1347.76322,45.376269000000001,49.177701399999997
438.10000000000002,0.023819567100000001,0.031007665600000001,546.69551300000001,711.67337199999997,1296.5948699999999,1296.5948699999999,1251.3500100000001,1345.62807,45.244857500000002,49.033203100000001
438.19999999999999,0.023841045799999998,0.031005491400000001,547.18848200000002,711.623471,1294.6202499999999,1294.6202499999999,1249.50135,1343.51502,45.118896499999998,48.894776299999997
438.30000000000001,0.023854078000000001,0.030998300900000001,547.48758999999995,711.458438,1292.80963,1292.80963,1247.7996499999999,1341.58483,45.0099795,48.775201299999999
438.39999999999998,0.023858584299999999,0.030986797999999999,547.59101699999997,711.19442700000002,1291.24288,1291.24288,1246.3204599999999,1339.92209,44.922421300000003,48.679205799999998
438.5,0.023854398299999999,0.030971629300000001,547.49494200000004,710.84628299999997,1290.0010299999999,1290.0010299999999,1245.1403499999999,1338.6127100000001,44.860683999999999,48.611680300000003
438.60000000000002,0.023841266400000002,0.030953384600000002,547.19354599999997,710.42754100000002,1289.16625,1289.16625,1244.3368700000001,1337.7439300000001,44.829377000000001,48.5776787
438.69999999999999,0.023825844999999998,0.0309335676,546.83960000000002,709.97271000000001,1288.35374,1288.35374,1243.55222,1336.9012399999999,44.801513100000001,48.5474982
438.80000000000001,0.023816584799999999,0.0309191326,546.62706500000002,709.64140399999997,1287.6013399999999,1287.6013399999999,1242.8305800000001,1336.1153400000001,44.770750999999997,48.514008799999999
438.89999999999998,0.0238147771,0.030910730599999998,546.58557599999995,709.44856500000003,1286.8718899999999,1286.8718899999999,1242.13805,1335.3455200000001,44.733844300000001,48.473626699999997
439,0.023820499200000001,0.0309075454,546.716905,709.37545999999998,1286.0739799999999,1286.0739799999999,1241.3881100000001,1334.4949300000001,44.685866699999998,48.420954799999997
439.10000000000002,0.0238338591,0.030908774,547.02353500000004,709.40365799999995,1285.115,1285.115,1240.4931999999999,1333.4655,44.621800499999999,48.350495000000002
439.19999999999999,0.023854996100000001,0.030913626499999999,547.50866199999996,709.51503000000002,1283.9012399999999,1283.9012399999999,1239.3647100000001,1332.15789,44.536536400000003,48.256648400000003
439.30000000000001,0.023878305700000001,0.030922477199999999,548.04365299999995,709.71816799999999,1282.9278099999999,1282.9278099999999,1238.46594,1331.1021800000001,44.461873900000001,48.174365700000003
439.39999999999998,0.0239005984,0.0309345325,548.55530499999998,709.99485500000003,1282.3714399999999,1282.3714399999999,1237.9611,1330.4888699999999,44.410338500000002,48.117434799999998
439.5,0.023921452499999999,0.030949342099999999,549.03393900000003,710.33475799999997,1282.21948,1282.21948,1237.8378,1330.3050599999999,44.381675700000002,48.085586399999997
439.60000000000002,0.023940416900000001,0.0309664747,549.4692,710.72797800000001,1282.4636499999999,1282.4636499999999,1238.0877499999999,1330.5424800000001,44.375892299999997,48.0788376
439.69999999999999,0.023957010800000001,0.030985518100000001,549.85005699999999,711.16505299999994,1283.10004,1283.10004,1238.70679,1331.1975299999999,44.3932559,48.097492099999997
439.80000000000001,0.023971029099999999,0.0310056677,550.17179799999997,711.62751600000001,1284.06143,1284.06143,1239.63102,1332.1993,44.430402700000002,48.137870200000002
439.89999999999998,0.023983433200000001,0.031023081899999999,550.45649000000003,712.02719999999999,1284.8688099999999,1284.8688099999999,1240.4078300000001,1333.03989,44.4609752,48.171083299999999
440,0.0239942787,0.031033334199999998,550.70541000000003,712.26250600000003,1285.05584,1285.05584,1240.59566,1333.2258200000001,44.460182000000003,48.169977400000001
440.10000000000002,0.024003174499999998,0.031036831599999998,550.909584,712.34277499999996,1284.6968199999999,1284.6968199999999,1240.2644700000001,1332.8361199999999,44.432349500000001,48.139299800000003
440.19999999999999,0.0240097157,0.031033936799999998,551.05971399999999,712.27633600000001,1283.8625400000001,1283.8625400000001,1239.48091,1331.94615,44.381633999999998,48.083611300000001
440.30000000000001,0.024013483299999999,0.031024968699999999,551.14618700000005,712.07050400000003,1282.6203599999999,1282.6203599999999,1238.30834,1330.6276399999999,44.312021600000001,48.007286700000002
440.39999999999998,0.0240163327,0.031010798999999999,551.21158500000001,711.74528899999996,1280.9102399999999,1280.9102399999999,1236.69174,1328.81503,44.218495099999998,47.9047907
440.5,0.024020894500000001,0.030994526299999998,551.316284,711.37180499999999,1278.8413800000001,1278.8413800000001,1234.73713,1326.62094,44.104247999999998,47.779563199999998
440.60000000000002,0.024027437700000001,0.030978003,551.46646199999998,710.992571,1276.5851399999999,1276.5851399999999,1232.6070400000001,1324.2264,43.978104000000002,47.641262400000002
440.69999999999999,0.024036675300000001,0.030960871599999999,551.67847900000004,710.599378,1274.0462,1274.0462,1230.2119,1321.5297700000001,43.834302899999997,47.483564000000001
440.80000000000001,0.024049337099999998,0.030942772100000002,551.96908599999995,710.18396600000005,1271.12763,1271.12763,1227.46065,1318.4276600000001,43.6669816,47.300030599999999
440.89999999999998,0.0240661699,0.030923342100000001,552.35542399999997,709.73802000000001,1267.7308599999999,1267.7308599999999,1224.2606800000001,1314.8149699999999,43.470173899999999,47.084111300000004
441,0.0240846831,0.030904777000000001,552.78033000000005,709.31192099999998,1264.28756,1264.28756,1221.0183199999999,1311.1512,43.269238399999999,46.863634500000003
441.10000000000002,0.024108570400000001,0.030892792700000001,553.32857999999999,709.03686300000004,1261.0935099999999,1261.0935099999999,1218.01729,1307.74521,43.076214399999998,46.651705100000001
441.19999999999999,0.024138251699999998,0.030888217200000002,554.00981100000001,708.93184799999995,1258.2008900000001,1258.2008900000001,1215.3074300000001,1304.6517799999999,42.893456200000003,46.450892400000001
441.30000000000001,0.0241721924,0.030890302599999999,554.78880400000003,708.97970999999995,1255.6565599999999,1255.6565599999999,1212.9315999999999,1301.9221700000001,42.724964399999998,46.265611900000003
441.39999999999998,0.0242088988,0.030898373699999999,555.63127099999997,709.16495499999996,1253.5116499999999,1253.5116499999999,1210.9367299999999,1299.61214,42.574927199999998,46.100483099999998
441.5,0.0242469175,0.030911828200000002,556.50385800000004,709.47375699999998,1251.82158,1251.82158,1209.3738599999999,1297.7819099999999,42.447719900000003,45.960329700000003
441.60000000000002,0.024285871399999999,0.0309292026,557.39791000000002,709.87252599999999,1250.46435,1250.46435,1208.1270999999999,1296.3028300000001,42.337243800000003,45.838480599999997
441.69999999999999,0.024317405800000001,0.030940601099999999,558.12167299999999,710.13414,1249.08743,1249.08743,1206.85438,1294.8111100000001,42.233053400000003,45.723677899999998
441.80000000000001,0.024341859800000001,0.0309472529,558.68292899999994,710.28680699999995,1247.7914699999999,1247.7914699999999,1205.6513199999999,1293.4128599999999,42.140152100000002,45.621394299999999
441.89999999999998,0.024359648000000001,0.0309504863,559.09119599999997,710.36101900000006,1246.6813,1246.6813,1204.61761,1292.21856,42.0636911,45.537262499999997
442,0.0243711715,0.0309516167,559.35567700000001,710.38696400000003,1245.8615299999999,1245.8615299999999,1203.8526999999999,1291.33844,42.008822899999998,45.476916799999998
442.10000000000002,0.0243770476,0.030951023899999999,559.490543,710.37335900000005,1245.3215299999999,1245.3215299999999,1203.3471500000001,1290.7605900000001,41.974374099999999,45.439058799999998
442.19999999999999,0.024378722200000001,0.0309439834,559.52897800000005,710.21176700000001,1244.45075,1244.45075,1202.52422,1289.83737,41.926530200000002,45.386621699999999
442.30000000000001,0.024375174499999999,0.030931551599999999,559.44755199999997,709.92643899999996,1243.4424899999999,1243.4424899999999,1201.56594,1288.7744600000001,41.876553199999996,45.331962500000003
442.39999999999998,0.024367572800000001,0.030913311799999999,559.27308200000004,709.50780799999995,1242.1582000000001,1242.1582000000001,1200.3422599999999,1287.4239399999999,41.815939100000001,45.265741900000002
442.5,0.024357064099999999,0.030888797199999998,559.03188999999998,708.94515999999999,1240.4558500000001,1240.4558500000001,1198.71982,1285.63429,41.736021100000002,45.1784423
442.60000000000002,0.024344773900000002,0.030857490899999999,558.74981100000002,708.22663399999999,1238.1899100000001,1238.1899100000001,1196.56194,1283.25028,41.627968699999997,45.060367900000003
442.69999999999999,0.0243298518,0.030820641400000001,558.40732700000001,707.38088000000005,1235.5598399999999,1235.5598399999999,1194.05664,1280.48389,41.503201099999998,44.9240438
442.80000000000001,0.024312835099999999,0.0307821385,558.01676899999995,706.49718099999996,1232.9277300000001,1232.9277300000001,1191.5473400000001,1277.71765,41.380394500000001,44.789913300000002
442.89999999999998,0.024296944500000001,0.030743173400000001,557.65205500000002,705.60287000000005,1230.1557600000001,1230.1557600000001,1188.90671,1274.8021799999999,41.249056799999998,44.646414700000001
443,0.024280700299999999,0.030703591400000001,557.279225,704.69440399999996,1227.3482200000001,1227.3482200000001,1186.2320400000001,1271.8494599999999,41.116181599999997,44.5012398
443.10000000000002,0.024262624300000001,0.030663240899999999,556.86435400000005,703.76829699999996,1224.6095499999999,1224.6095499999999,1183.62078,1268.97164,40.9887692,44.362088
443.19999999999999,0.024241240099999999,0.0306219727,556.37355400000001,702.82113000000004,1222.0443499999999,1222.0443499999999,1181.1705300000001,1266.2810199999999,40.873826800000003,44.236666100000001
443.30000000000001,0.0242205375,0.030582947799999999,555.89839600000005,701.92544799999996,1219.6577199999999,1219.6577199999999,1178.89004,1263.7785899999999,40.767682700000002,44.120865600000002
443.39999999999998,0.024200239500000002,0.030548775899999998,555.43252600000005,701.14115200000003,1217.7444599999999,1217.7444599999999,1177.0582099999999,1261.77658,40.686248399999997,44.032119399999999
443.5,0.024179757199999999,0.030520339600000002,554.96242600000005,700.48849399999995,1216.4445499999999,1216.4445499999999,1175.80702,1260.4237599999999,40.637530900000002,43.979209900000001
443.60000000000002,0.024160498499999999,0.030498646899999999,554.52040999999997,699.99061300000005,1215.7486100000001,1215.7486100000001,1175.12897,1259.7086400000001,40.619641100000003,43.960037300000003
443.69999999999999,0.024143893199999999,0.030484746,554.13929299999995,699.67156699999998,1215.6496299999999,1215.6496299999999,1175.01883,1259.6222499999999,40.630795499999998,43.972617
443.80000000000001,0.024131392799999998,0.030479724999999999,553.85238900000002,699.55632800000001,1216.14302,1216.14302,1175.4737,1260.1581000000001,40.669316199999997,44.0150796
443.89999999999998,0.024118392200000002,0.030477484199999998,553.55400599999996,699.50489800000003,1216.9671499999999,1216.9671499999999,1176.24128,1261.0444600000001,40.725874900000001,44.077309
444,0.0241063618,0.030480729299999999,553.27788899999996,699.57937800000002,1218.2846500000001,1218.2846500000001,1177.4770100000001,1262.4517800000001,40.8076455,44.167130200000003
444.10000000000002,0.024095134899999999,0.030488476300000001,553.02021500000001,699.75718300000005,1220.0064299999999,1220.0064299999999,1179.09637,1264.2859800000001,40.9100666,44.2795512
444.19999999999999,0.0240842889,0.0304992995,552.77128300000004,700.00559299999998,1222.0181500000001,1222.0181500000001,1180.9906599999999,1266.4265399999999,41.027490700000001,44.408395599999999
444.30000000000001,0.0240733936,0.030511792900000001,552.52121799999998,700.29233399999998,1224.20811,1224.20811,1183.05369,1268.75576,41.1544186,44.547649999999997
444.39999999999998,0.024062177000000001,0.030524592600000001,552.26378099999999,700.58610799999997,1226.4561799999999,1226.4561799999999,1185.1714300000001,1271.14681,41.284746200000001,44.690634899999999
444.5,0.024053211500000001,0.030536379900000001,552.05800799999997,700.85664399999996,1228.41544,1228.41544,1187.01791,1273.2298000000001,41.397530600000003,44.814356699999998
444.60000000000002,0.024048649700000001,0.030544130400000001,551.95330899999999,701.03453100000002,1229.5952299999999,1229.5952299999999,1188.1306099999999,1274.48316,41.464617400000002,44.887932499999998
444.69999999999999,0.024048034900000001,0.030547032200000001,551.93919800000003,701.10113000000001,1229.9479799999999,1229.9479799999999,1188.4640400000001,1274.85708,41.483936300000003,44.909104800000001
444.80000000000001,0.024050943500000001,0.030544277000000002,552.00595399999997,701.03789500000005,1229.4238700000001,1229.4238700000001,1187.9706000000001,1274.2993100000001,41.4532618,44.875445200000001
444.89999999999998,0.0240569853,0.0305350608,552.14462400000002,700.826368,1227.97073,1227.97073,1186.60052,1272.7550900000001,41.370213,44.784354999999998
445,0.024065626900000001,0.030520575599999999,552.34296200000006,700.49391100000003,1225.7563600000001,1225.7563600000001,1184.51215,1270.4025300000001,41.244216999999999,44.646170400000003
445.10000000000002,0.024074337000000001,0.0305038316,552.54287199999999,700.10961099999997,1223.30078,1223.30078,1182.19542,1267.79468,41.105358299999999,44.493896700000001
445.19999999999999,0.024080349099999999,0.030483369999999999,552.68085900000005,699.63998500000002,1220.67689,1220.67689,1179.7166500000001,1265.01171,40.960237300000003,44.334823200000002
445.30000000000001,0.024084204000000001,0.030460493500000001,552.76933499999996,699.11493399999995,1217.9766,1217.9766,1177.1634100000001,1262.1503,40.813195100000002,44.173692799999998
445.39999999999998,0.0240864337,0.030436525400000001,552.82050900000002,698.56483000000003,1215.2946999999999,1215.2946999999999,1174.6259600000001,1259.3101200000001,40.668733500000002,44.015424099999997
445.5,0.024087561,0.0304128096,552.84638299999995,698.02051700000004,1212.7288100000001,1212.7288100000001,1172.1972900000001,1256.59392,40.531514999999999,43.865112500000002
445.60000000000002,0.024088562300000001,0.0303883187,552.86936300000002,697.45841199999995,1210.09231,1210.09231,1169.70164,1253.80315,40.390675600000002,43.710838000000003
445.69999999999999,0.024090539399999999,0.030359838699999999,552.91474100000005,696.804754,1206.9602500000001,1206.9602500000001,1166.73767,1250.48695,40.222585600000002,43.526696200000004
445.80000000000001,0.024094190800000002,0.030327118699999999,552.99854600000003,696.05377899999996,1203.2496000000001,1203.2496000000001,1163.2274500000001,1246.5567000000001,40.022150799999999,43.307092599999997
445.89999999999998,0.024100150000000001,0.030291321699999998,553.13531999999998,695.23218399999996,1199.03016,1199.03016,1159.2377100000001,1242.08554,39.7924474,43.055382399999999
446,0.0241090492,0.0302535728,553.33957099999998,694.36578799999995,1194.3678299999999,1194.3678299999999,1154.83149,1237.1425300000001,39.5363477,42.774697699999997
446.10000000000002,0.024121519000000001,0.030214958399999998,553.62577099999999,693.47952999999995,1189.3246799999999,1189.3246799999999,1150.06816,1231.7926199999999,39.256519599999997,42.467946699999999
446.19999999999999,0.024131870400000002,0.030171306299999999,553.86335199999996,692.47764600000005,1183.92832,1183.92832,1144.9682700000001,1226.07134,38.960049400000003,42.1430151
446.30000000000001,0.024140045400000001,0.030124571700000002,554.05097999999998,691.40501600000005,1178.38751,1178.38751,1139.7294400000001,1220.1995999999999,38.658066499999997,41.812093099999998
446.39999999999998,0.024145007199999999,0.030074304199999999,554.16486099999997,690.25130000000001,1172.7395899999999,1172.7395899999999,1134.3860099999999,1214.2180800000001,38.353576500000003,41.478495600000002
446.5,0.024145152,0.030019238,554.16818499999999,688.98744699999997,1166.9830099999999,1166.9830099999999,1128.9349299999999,1208.12691,38.048082000000001,41.143903199999997
446.60000000000002,0.024138841099999999,0.0299580565,554.02333999999996,687.58323800000005,1161.1137799999999,1161.1137799999999,1123.3707899999999,1201.9236800000001,37.7429895,40.8098922
446.69999999999999,0.024124401,0.0298893925,553.69191799999999,686.00729200000001,1155.12544,1155.12544,1117.6858299999999,1195.60337,37.439609599999997,40.477934699999999
446.80000000000001,0.024109144200000002,0.0298232823,553.34175100000004,684.48996199999999,1149.4699800000001,1149.4699800000001,1112.31529,1189.6361999999999,37.154694300000003,40.166218100000002
446.89999999999998,0.024094399400000001,0.029763596699999999,553.00333499999999,683.12008700000001,1144.4431199999999,1144.4431199999999,1107.5405000000001,1184.33357,36.902616000000002,39.890454699999999
447,0.0240798017,0.029710239900000001,552.66829399999995,681.89546700000005,1140.0645400000001,1140.0645400000001,1103.37976,1179.7167300000001,36.684780099999998,39.652191600000002
447.10000000000002,0.0240650265,0.029663174,552.32918199999995,680.81523400000003,1136.3566900000001,1136.3566900000001,1099.8539900000001,1175.80978,36.502697699999999,39.453091000000001
447.19999999999999,0.024049790299999999,0.029622419300000001,551.97948799999995,679.87985100000003,1133.3447699999999,1133.3447699999999,1096.9867899999999,1172.6396999999999,36.3579857,39.294930000000001
447.30000000000001,0.024034473600000002,0.0295876526,551.62794399999996,679.08190200000001,1130.9641099999999,1130.9641099999999,1094.7172800000001,1170.1376499999999,36.246837900000003,39.173531400000002
447.39999999999998,0.024020106900000001,0.029556594499999998,551.29820800000005,678.36907099999996,1128.8930399999999,1128.8930399999999,1092.7418700000001,1167.9621099999999,36.151172899999999,39.069069499999998
447.5,0.024004963300000001,0.029527339400000002,550.95064000000002,677.69762000000003,1127.0732800000001,1127.0732800000001,1091.0036700000001,1166.0533399999999,36.069606,38.980065400000001
447.60000000000002,0.023990172899999999,0.029500375999999998,550.611177,677.07876899999997,1125.46387,1125.46387,1089.4650200000001,1164.3667600000001,35.998848299999999,38.902892199999997
447.69999999999999,0.023976897,0.0294762142,550.30647499999998,676.52421800000002,1124.02349,1124.02349,1088.0879299999999,1162.85735,35.935560199999998,38.833866899999997
447.80000000000001,0.0239663286,0.029455384599999999,550.06391399999995,676.04614800000002,1122.7104300000001,1122.7104300000001,1086.8340800000001,1161.4796799999999,35.876351,38.769249799999997
447.89999999999998,0.023955686800000001,0.029437290500000001,549.81966699999998,675.63085999999998,1121.6887200000001,1121.6887200000001,1085.8560500000001,1160.4103600000001,35.832668900000002,38.721640100000002
448,0.0239396568,0.029420016899999998,549.45175500000005,675.23440500000004,1121.1910700000001,1121.1910700000001,1085.36897,1159.9014999999999,35.822107799999998,38.710423599999999
448.10000000000002,0.0239171982,0.029403122,548.93629699999997,674.84664099999998,1121.25604,1121.25604,1085.4083000000001,1159.99503,35.847741300000003,38.7389893
448.19999999999999,0.023888345700000001,0.0293870754,548.27408600000001,674.47834799999998,1121.9298200000001,1121.9298200000001,1086.01784,1160.73981,35.911985000000001,38.8099822
448.30000000000001,0.023853086799999999,0.0293723361,547.46484199999998,674.14005799999995,1123.2612799999999,1123.2612799999999,1087.2438400000001,1162.1875399999999,36.017443399999998,38.926254999999998
448.39999999999998,0.023811362700000002,0.0293593521,546.50720799999999,673.84205499999996,1125.30196,1125.30196,1089.1350600000001,1164.39283,36.166909199999999,39.090867699999997
448.5,0.0237674636,0.029348751700000002,545.49965899999995,673.59875899999997,1127.7683,1127.7683,1091.4271900000001,1167.0509,36.341101600000002,39.282609399999998
448.60000000000002,0.0237248771,0.0293417573,544.52223200000003,673.43822799999998,1130.5040300000001,1130.5040300000001,1093.9757400000001,1169.9925900000001,36.5282877,39.488553699999997
448.69999999999999,0.023684676799999999,0.029338887000000001,543.59957299999996,673.37234999999998,1133.4758300000001,1133.4758300000001,1096.75019,1173.1814099999999,36.725638199999999,39.705578199999998
448.80000000000001,0.023647651400000001,0.029340425400000002,542.74978299999998,673.40765899999997,1136.64922,1136.64922,1099.71867,1176.5800300000001,36.930545100000003,39.930809500000002
448.89999999999998,0.023614596500000001,0.0293466558,541.99112300000002,673.55065500000001,1139.989,1139.989,1102.8486399999999,1180.15032,37.140355399999997,40.161324200000003
449,0.023586314800000001,0.029357859699999999,541.34201399999995,673.80780200000004,1143.4592299999999,1143.4592299999999,1106.1068600000001,1183.85338,37.352370299999997,40.394149300000002
449.10000000000002,0.023560745800000001,0.0293689969,540.75516800000003,674.06341899999995,1146.7017599999999,1146.7017599999999,1109.1521399999999,1187.31251,37.5496269,40.610751200000003
449.19999999999999,0.023537176,0.029377970199999999,540.214204,674.26936999999998,1149.5558699999999,1149.5558699999999,1111.8315600000001,1190.3584499999999,37.7243049,40.802580399999997
449.30000000000001,0.023515994799999999,0.0293841515,539.72806500000002,674.41124000000002,1151.9243100000001,1151.9243100000001,1114.0534500000001,1192.88787,37.8708618,40.9635581
449.39999999999998,0.023497570799999999,0.0293868628,539.305205,674.47346700000003,1153.7064,1153.7064,1115.72281,1194.7938300000001,37.983592000000002,41.0874272
449.5,0.023482250900000001,0.029385376099999999,538.95358899999997,674.439345,1154.7979399999999,1154.7979399999999,1116.7413100000001,1195.96569,38.056626199999997,41.167752
449.60000000000002,0.0234698944,0.029379303200000002,538.66998899999999,674.29996400000005,1155.1698799999999,1155.1698799999999,1117.08131,1196.3728799999999,38.088562400000001,41.202999900000002
449.69999999999999,0.023458896199999999,0.029370370100000001,538.41756399999997,674.09493599999996,1155.1328900000001,1155.1328900000001,1117.0354199999999,1196.3458800000001,38.097465800000002,41.212991600000002
449.80000000000001,0.023451248399999999,0.029358945500000001,538.24203499999999,673.83272299999999,1154.5633399999999,1154.5633399999999,1116.4885300000001,1195.7516900000001,38.074810100000001,41.188345400000003
449.89999999999998,0.023445936099999998,0.029344378300000001,538.12010899999996,673.49838299999999,1153.4758999999999,1153.4758999999999,1115.45352,1194.6069299999999,38.022375799999999,41.131033500000001
450,0.023441929199999999,0.029325994899999999,538.028144,673.07645500000001,1151.88411,1151.88411,1113.9422099999999,1192.9270899999999,37.941899399999997,41.042980300000004
450.10000000000002,0.0234381824,0.029303099199999998,537.94214999999997,672.55096600000002,1149.8004100000001,1149.8004100000001,1111.96533,1190.7264700000001,37.835073199999997,40.926062000000002
450.19999999999999,0.0234357556,0.029276725399999998,537.88644999999997,671.94564600000001,1147.2464299999999,1147.2464299999999,1109.5444299999999,1188.0268000000001,37.701997800000001,40.780365799999998
450.30000000000001,0.023438202500000001,0.029250840199999999,537.94261200000005,671.35154199999999,1144.3468399999999,1144.3468399999999,1106.80106,1184.95605,37.545774399999999,40.609210599999997
450.39999999999998,0.023446259800000001,0.029226961499999999,538.12753799999996,670.80348900000001,1141.2000399999999,1141.2000399999999,1103.8291400000001,1181.61754,37.370896000000002,40.4175009
450.5,0.023459489199999999,0.029204480200000001,538.43117400000006,670.287508,1137.7781500000001,1137.7781500000001,1100.6018300000001,1177.98225,37.176315799999998,40.204100099999998
450.60000000000002,0.023477491999999999,0.029182825400000001,538.84436600000004,669.79049599999996,1134.05405,1134.05405,1097.0930599999999,1174.0219199999999,36.9609898,39.967873300000001
450.69999999999999,0.023499908399999998,0.0291614639,539.35885599999995,669.30021899999997,1130.0014100000001,1130.0014100000001,1093.27754,1169.7091,36.723876400000002,39.7076876
450.80000000000001,0.0235263148,0.0291422712,539.964923,668.85971500000005,1125.85034,1125.85034,1089.37274,1165.28772,36.477599900000001,39.437379
450.89999999999998,0.023555064899999999,0.0291265788,540.62478199999998,668.49955299999999,1121.87374,1121.87374,1085.6354799999999,1161.04836,36.238262499999998,39.174619200000002
451,0.0235856534,0.029114673899999999,541.32683499999996,668.22631699999999,1118.14266,1118.14266,1082.1325300000001,1157.06675,36.010132599999999,38.924093900000003
451.10000000000002,0.023618204699999999,0.0291069555,542.073938,668.04916700000001,1114.6886199999999,1114.6886199999999,1078.8938599999999,1153.3761099999999,35.794758600000002,38.687496500000002
451.19999999999999,0.023652866200000001,0.029103886200000002,542.86947099999998,667.97872199999995,1111.5478800000001,1111.5478800000001,1075.9539600000001,1150.01466,35.593919100000001,38.466771799999997
451.30000000000001,0.023689807899999998,0.029105992099999999,543.71734000000004,668.02705500000002,1108.7615000000001,1108.7615000000001,1073.3518799999999,1147.0256199999999,35.4096233,38.264116399999999
451.39999999999998,0.023726205699999999,0.029109529799999999,544.55272500000001,668.10825,1106.16875,1106.16875,1070.9326100000001,1144.24206,35.236135300000001,38.073310200000002
451.5,0.0237617899,0.029112071199999999,545.36943699999995,668.16658099999995,1103.53827,1103.53827,1068.4768200000001,1141.41948,35.061450499999999,37.881210799999998
451.60000000000002,0.0237960264,0.029113594499999999,546.15521799999999,668.20154300000002,1100.9112399999999,1100.9112399999999,1066.02296,1138.60204,34.888279699999998,37.6907991
451.69999999999999,0.023828345899999999,0.029114188999999999,546.89700000000005,668.21518700000001,1098.3433,1098.3433,1063.6231700000001,1135.84924,34.720137200000003,37.505936599999998
451.80000000000001,0.0238581826,0.029113958200000001,547.58179600000005,668.20989099999997,1095.89132,1095.89132,1061.3307199999999,1133.2218700000001,34.5605981,37.330551
451.89999999999998,0.023884809600000001,0.0291126313,548.19292800000005,668.17943500000001,1093.5861399999999,1093.5861399999999,1059.1741300000001,1130.7533800000001,34.412017400000003,37.167237700000001
452,0.023905361999999999,0.029106238100000001,548.66463599999997,668.03270199999997,1091.24675,1091.24675,1056.9791299999999,1128.25539,34.267622899999999,37.008642199999997
452.10000000000002,0.023916271100000001,0.0290936966,548.91501800000003,667.74485500000003,1089.0506399999999,1089.0506399999999,1054.91029,1125.91966,34.140355200000002,36.869015300000001
452.19999999999999,0.0239173398,0.029074447100000001,548.93954599999995,667.30304899999999,1086.9554700000001,1086.9554700000001,1052.9273000000001,1123.7015799999999,34.028162999999999,36.7461147
452.30000000000001,0.023908332599999998,0.029047909300000001,548.73281599999996,666.69396600000005,1084.91986,1084.91986,1050.9907800000001,1121.5576599999999,33.929084899999999,36.637797499999998
452.39999999999998,0.023888975400000002,0.0290134825,548.28854000000001,665.90382,1082.90345,1082.90345,1049.0622000000001,1119.4454699999999,33.841249400000002,36.5420199
452.5,0.0238602859,0.0289716626,547.63007200000004,664.94398799999999,1080.8751500000001,1080.8751500000001,1047.1131399999999,1117.3309999999999,33.762003,36.455853400000002
452.60000000000002,0.023825808600000001,0.0289241004,546.83876499999997,663.85236199999997,1078.71875,1078.71875,1045.0370700000001,1115.0873799999999,33.681679899999999,36.368634
452.69999999999999,0.023786898800000001,0.028870450299999999,545.94572500000004,662.62101099999995,1076.28793,1076.28793,1042.6967500000001,1112.5582999999999,33.591179199999999,36.270364800000003
452.80000000000001,0.023743535600000001,0.028810848600000001,544.95047399999999,661.253061,1073.5986,1073.5986,1040.1072300000001,1109.7605900000001,33.491365199999997,36.161992699999999
452.89999999999998,0.023695705599999999,0.0287454296,543.85270200000002,659.75159299999996,1070.6658399999999,1070.6658399999999,1037.28279,1106.7102500000001,33.383052300000003,36.044409799999997
453,0.0236434027,0.0286743255,542.65227100000004,658.11964599999999,1067.50398,1067.50398,1034.2369699999999,1103.4224300000001,33.267005099999999,35.918453700000001
453.10000000000002,0.023587999500000002,0.028598794300000001,541.38068099999998,656.38608899999997,1064.1325400000001,1064.1325400000001,1030.98963,1099.9162799999999,33.142904199999997,35.783744800000001
453.19999999999999,0.0235304364,0.028519947699999999,540.05952000000002,654.57643900000005,1060.59097,1060.59097,1027.57906,1096.23251,33.011912899999999,35.6415364
453.30000000000001,0.023471054200000001,0.0284382509,538.69660799999997,652.70137299999999,1056.9000900000001,1056.9000900000001,1024.02529,1092.39275,32.874798200000001,35.492661300000002
453.39999999999998,0.023410503400000001,0.028354276500000001,537.30687499999999,650.77403200000003,1053.0666799999999,1053.0666799999999,1020.3354,1088.4034799999999,32.731278000000003,35.336796200000002
453.5,0.023349453700000002,0.028268607599999999,535.90569000000005,648.80779900000005,1049.0971,1049.0971,1016.51607,1084.2706700000001,32.581027499999998,35.173570599999998
453.60000000000002,0.0232885933,0.028181837599999999,534.50885200000005,646.81629499999997,1044.9972299999999,1044.9972299999999,1012.57355,1079.9997900000001,32.423679,35.002566899999998
453.69999999999999,0.0232275947,0.028093749300000002,533.10883999999999,644.794533,1040.77108,1040.77108,1008.51131,1075.59546,32.259768800000003,34.8243796
453.80000000000001,0.023167662200000001,0.028006176099999999,531.73329699999999,642.78459599999996,1036.5119299999999,1036.5119299999999,1004.41887,1071.1550299999999,32.093054700000003,34.643098100000003
453.89999999999998,0.023109218899999999,0.027919427,530.39193399999999,640.79357000000005,1032.2175500000001,1032.2175500000001,1000.29455,1066.6756800000001,31.923000900000002,34.458126200000002
454,0.023052547400000001,0.027833563200000001,529.09123699999998,638.82286499999998,1027.8713600000001,1027.8713600000001,996.12291500000003,1062.1395500000001,31.7484483,34.2681884
454.10000000000002,0.022997949399999999,0.027748664900000001,527.83812999999998,636.87431900000001,1023.45717,1023.45717,991.88892999999996,1057.52918,31.568240100000001,34.072011000000003
454.19999999999999,0.022945764300000001,0.027664853900000001,526.640401,634.95072900000002,1018.96007,1018.96007,987.57882199999995,1052.82843,31.381250600000001,33.868353800000001
454.30000000000001,0.022897140400000002,0.027583116599999999,525.52440899999999,633.07473200000004,1014.38951,1014.38951,983.20266800000002,1048.04601,31.186846299999999,33.656497600000002
454.39999999999998,0.022851702500000001,0.027501632500000001,524.481538,631.20454800000005,1009.58613,1009.58613,978.60918500000002,1043.0137299999999,30.976944499999998,33.427598400000001
454.5,0.0228102258,0.0274212993,523.529585,629.36077799999998,1004.58046,1004.58046,973.82806400000004,1037.76304,30.752399499999999,33.182574899999999
454.60000000000002,0.022773502500000001,0.027343019999999999,522.68672900000001,627.56414900000004,999.40227500000003,999.40227500000003,968.88826800000004,1032.32456,30.514007400000001,32.922281499999997
454.69999999999999,0.022742341199999998,0.027267703099999999,521.97153000000003,625.835511,994.08053199999995,994.08053199999995,963.81802700000003,1026.72804,30.262505699999998,32.647508500000001
454.80000000000001,0.0227165701,0.027195930100000001,521.380043,624.18820900000003,988.689886,988.689886,958.687862,1021.05267,30.0020241,32.362782500000002
454.89999999999998,0.022694619400000001,0.027128358200000001,520.87624200000005,622.63733100000002,983.426647,983.426647,953.68212100000005,1015.50789,29.744526499999999,32.0812411
455,0.022677863400000001,0.027066977799999999,520.49166600000001,621.22855600000003,978.38662299999999,978.38662299999999,948.89288599999998,1010.19356,29.493737100000001,31.806933300000001
455.10000000000002,0.022665955000000002,0.0270119934,520.21834899999999,619.96658200000002,973.61940700000002,973.61940700000002,944.36677799999995,1005.1625299999999,29.252629599999999,31.543123600000001
455.19999999999999,0.022658554300000001,0.026963625299999999,520.04849300000001,618.85645899999997,969.175613,969.175613,940.15138899999999,1000.46874,29.024224400000001,31.293127200000001
455.30000000000001,0.0226553291,0.026922109,519.974469,617.90359699999999,965.10686899999996,965.10686899999996,936.29528000000005,996.16717900000003,28.811588400000002,31.060310600000001
455.39999999999998,0.022654833999999999,0.026885697399999998,519.96310500000004,617.06789500000002,961.34851300000003,961.34851300000003,932.73579299999994,992.19102499999997,28.6127194,30.842512599999999
455.5,0.0226545644,0.0268502737,519.95691799999997,616.25486599999999,957.67486399999996,957.67486399999996,929.25674300000003,988.30425000000002,28.418120900000002,30.629386799999999
455.60000000000002,0.022653374899999999,0.026814381500000001,519.929618,615.43108400000006,954.02719300000001,954.02719300000001,925.80138399999998,984.44597899999997,28.225809099999999,30.418785499999998
455.69999999999999,0.0226507749,0.026778152600000001,519.86994300000003,614.59957799999995,950.45919100000003,950.45919100000003,922.420074,980.67356099999995,28.039116700000001,30.2143698
455.80000000000001,0.0226462534,0.0267416784,519.76616799999999,613.76243799999997,947.02194299999996,947.02194299999996,919.16068499999994,977.04161499999998,27.861258400000001,30.0196714
455.89999999999998,0.022639279299999999,0.026705009200000001,519.60610199999996,612.92082400000004,943.76393099999996,943.76393099999996,916.06859999999995,973.60202400000003,27.695330299999998,29.838093099999998
456,0.022630862099999999,0.026668279900000001,519.412913,612.07783099999995,940.61708499999997,940.61708499999997,913.08036100000004,970.28165200000001,27.536724599999999,29.664566099999998
456.10000000000002,0.022619443199999999,0.0266337096,519.15083400000003,611.28439000000003,937.93972499999995,937.93972499999995,910.53373699999997,967.46135200000003,27.405987700000001,29.521627599999999
456.19999999999999,0.022604794099999999,0.0266013168,518.81461300000001,610.54092500000002,935.75239399999998,935.75239399999998,908.44795899999997,965.16311800000005,27.304435099999999,29.410723600000001
456.30000000000001,0.0225871986,0.026570481699999999,518.41076899999996,609.833212,933.96732799999995,933.96732799999995,906.74019699999997,963.29376999999999,27.227131,29.326441899999999
456.39999999999998,0.0225669158,0.026540567899999999,517.94524899999999,609.14664400000004,932.49704599999995,932.49704599999995,905.32786699999997,961.76045999999997,27.169179,29.263414000000001
456.5,0.0225441802,0.026510922400000001,517.42343200000005,608.46623399999999,931.25435000000004,931.25435000000004,904.12862800000005,960.47066600000005,27.1257223,29.2163155
456.60000000000002,0.022518478200000001,0.026482722100000002,516.83353199999999,607.81899499999997,930.40382,930.40382,903.297822,959.59909500000003,27.105998100000001,29.195274699999999
456.69999999999999,0.022490078399999999,0.026455802099999998,516.18171199999995,607.20114000000001,929.90638100000001,929.90638100000001,902.79871300000002,959.104106,27.1076686,29.1977251
456.80000000000001,0.022458934600000001,0.026429813,515.46691399999997,606.60464899999999,929.72934899999996,929.72934899999996,902.60030300000005,958.95116700000005,27.1290455,29.2218187
456.89999999999998,0.0224249727,0.026404403100000001,514.68743600000005,606.02145399999995,929.84206200000006,929.84206200000006,902.67348600000003,959.10791800000004,27.1685756,29.265855999999999
457,0.0223880908,0.026379218499999999,513.84094100000004,605.44342900000004,930.21588699999995,930.21588699999995,902.99104699999998,959.544173,27.2248409,29.3282861
457.10000000000002,0.022348907599999999,0.026354022099999999,512.94162800000004,604.86513300000001,930.77574500000003,930.77574500000003,903.48249699999997,960.17980899999998,27.2932475,29.404064099999999
457.19999999999999,0.022311502300000001,0.026328969300000001,512.08311800000001,604.29013199999997,931.20591000000002,931.20591000000002,903.852892,960.67625499999997,27.3530184,29.470345200000001
457.30000000000001,0.022278091399999998,0.026303702000000002,511.31628599999999,603.71020899999996,931.28866400000004,931.28866400000004,903.89824799999997,960.80069700000001,27.390415099999998,29.512033800000001
457.39999999999998,0.022248759399999998,0.026278022500000001,510.64307100000002,603.12082699999996,930.99650499999996,930.99650499999996,903.59261000000004,960.52394400000003,27.403895299999999,29.527439099999999
457.5,0.022223612800000001,0.026251733999999999,510.06592000000001,602.51746500000002,930.30021599999998,930.30021599999998,902.908412,959.81496200000004,27.391804,29.5147458
457.60000000000002,0.022202780500000002,0.026224640300000001,509.58778699999999,601.895623,929.168858,929.168858,901.81648600000005,958.64087300000006,27.352372800000001,29.472014699999999
457.69999999999999,0.022185411400000001,0.026196896099999999,509.18913900000001,601.25885200000005,927.68783399999995,927.68783399999995,900.39686200000006,957.09298100000001,27.2909726,29.405146599999998
457.80000000000001,0.0221695521,0.0261663707,508.82514300000003,600.55824600000005,925.79379500000005,925.79379500000005,898.58762200000001,955.10641299999997,27.206172899999999,29.312617400000001
457.89999999999998,0.022154529400000001,0.026131157299999999,508.48034999999999,599.750046,923.34260300000005,923.34260300000005,896.25161000000003,952.52940000000001,27.090993099999999,29.1867965
458,0.022140317999999999,0.026092219400000002,508.154177,598.85636099999999,920.43683399999998,920.43683399999998,893.48593500000004,949.470505,26.950899199999999,29.033670900000001
458.10000000000002,0.022126888599999998,0.026050485599999999,507.84595100000001,597.898505,917.17574200000001,917.17574200000001,890.38455699999997,946.03478099999995,26.7911851,28.859039500000002
458.19999999999999,0.022114208,0.026006849499999998,507.554913,596.89698999999996,913.65526199999999,913.65526199999999,887.03828999999996,942.32377399999996,26.616972199999999,28.668512100000001
458.30000000000001,0.022102779499999999,0.025962349999999999,507.29261000000002,595.87566000000004,909.94283700000005,909.94283700000005,883.51149599999997,938.40828899999997,26.431340899999999,28.4654515
458.39999999999998,0.0220938982,0.025924248899999999,507.08877200000001,595.00117999999998,906.69062899999994,906.69062899999994,880.42302400000005,934.976944,26.267604800000001,28.286315599999998
458.5,0.0220878124,0.025894289800000001,506.949093,594.31357400000002,904.06036900000004,904.06036900000004,877.92627100000004,932.20059500000002,26.1340976,28.140226500000001
458.60000000000002,0.022084378799999999,0.0258715596,506.87028700000002,593.79188099999999,901.96843999999999,901.96843999999999,875.94191499999999,929.99092499999995,26.026525599999999,28.022484599999999
458.69999999999999,0.022083466999999999,0.025855184600000001,506.849358,593.41604800000005,900.33431399999995,900.33431399999995,874.39356799999996,928.26286900000002,25.9407459,27.928555299999999
458.80000000000001,0.0220849592,0.0258443306,506.88360599999999,593.16693299999997,899.08054500000003,899.08054500000003,873.20777799999996,926.93461400000001,25.872766899999998,27.854069500000001
458.89999999999998,0.022087580400000001,0.025836252899999999,506.94376899999997,592.981537,898.02453400000002,898.02453400000002,872.21037200000001,925.81436099999996,25.8141623,27.7898262
459,0.022093403399999999,0.025826437300000001,507.07741499999997,592.75625300000002,896.52668000000006,896.52668000000006,870.79772300000002,924.22306000000003,25.728957600000001,27.696379499999999
459.10000000000002,0.022101616899999999,0.0258143329,507.26592699999998,592.47843899999998,894.59552599999995,894.59552599999995,868.97711800000002,922.17064700000003,25.618407300000001,27.5751211
459.19999999999999,0.0221113722,0.025799463599999999,507.48982599999999,592.13716599999998,892.25046199999997,892.25046199999997,866.76608299999998,919.67857600000002,25.484378499999998,27.428114300000001
459.30000000000001,0.022121846099999998,0.025781350099999999,507.73021699999998,591.72143400000004,889.50847499999998,889.50847499999998,864.17989,916.76572999999996,25.328585400000001,27.257254799999998
459.39999999999998,0.022132381100000001,0.025759845399999998,507.97201200000001,591.22786799999994,886.40772300000003,886.40772300000003,861.25402099999997,913.473208,25.1537015,27.0654851
459.5,0.0221435756,0.025738175799999999,508.22894400000001,590.73051699999996,883.23609599999997,883.23609599999997,858.26168900000005,910.10496599999999,24.974406599999998,26.868869799999999
459.60000000000002,0.022155667699999999,0.025719749300000001,508.50647500000002,590.30760299999997,880.32978300000002,880.32978300000002,855.52148399999999,907.01646000000005,24.808298400000002,26.686677400000001
459.69999999999999,0.022167975199999999,0.025703740900000001,508.78895199999999,589.94018400000004,877.65818899999999,877.65818899999999,853.00376100000005,904.17607199999998,24.654427699999999,26.517883300000001
459.80000000000001,0.0221798593,0.025689381300000001,509.06170900000001,589.61060999999995,875.19307800000001,875.19307800000001,850.68115,901.55463099999997,24.511928099999999,26.361552499999998
459.89999999999998,0.022190723799999999,0.025675957700000002,509.31106499999999,589.30251799999996,872.90857700000004,872.90857700000004,848.52856099999997,899.12541699999997,24.3800159,26.216839799999999
460,0.022199084800000001,0.0256618435,509.50296400000002,588.97857499999998,870.75573999999995,870.75573999999995,846.49817900000005,896.83828000000005,24.257560900000001,26.082539700000002
460.10000000000002,0.022197718599999999,0.025638802700000001,509.47160700000001,588.44975399999998,868.46318099999996,868.46318099999996,844.32587699999999,894.414041,24.1373043,25.9508598
460.19999999999999,0.022180536399999999,0.025599752199999999,509.07724899999999,587.55348500000002,865.78741200000002,865.78741200000002,841.77506600000004,891.60178699999994,24.012345400000001,25.814375699999999
460.30000000000001,0.0221488343,0.0255462937,508.34963800000003,586.32653000000005,862.79005900000004,862.79005900000004,838.90538600000002,888.46529599999997,23.884672900000002,25.675236900000002
460.39999999999998,0.0221038398,0.0254799564,507.31694499999998,584.80398700000001,859.53077099999996,859.53077099999996,835.77453300000002,885.06632400000001,23.756238,25.535553700000001
460.5,0.022046711699999999,0.0254021969,506.00576899999999,583.01928699999996,856.06721500000003,856.06721500000003,832.43826000000001,881.46461199999999,23.628954799999999,25.397397099999999
460.60000000000002,0.0219794723,0.025316648899999999,504.46252099999998,581.05582900000002,852.613922,852.613922,829.10171700000001,877.88491999999997,23.5122052,25.270998299999999
460.69999999999999,0.021910840099999999,0.025233643699999999,502.88730700000002,579.15073400000006,849.53924500000005,849.53924500000005,826.12233000000003,874.70737799999995,23.416914800000001,25.168133000000001
460.80000000000001,0.021843868499999999,0.025156983399999999,501.35020700000001,577.39126399999998,846.99137599999995,846.99137599999995,823.64344800000003,872.08541500000001,23.347927899999998,25.094039800000001
460.89999999999998,0.021777716999999999,0.025086518499999998,499.831928,575.77398600000004,845.02310299999999,845.02310299999999,821.71422800000005,870.07581700000003,23.308874899999999,25.052713600000001
461,0.021711573099999999,0.025022141099999999,498.31382500000001,574.296425,843.68928000000005,843.68928000000005,820.38581199999999,868.73751700000003,23.303467999999999,25.0482376
461.10000000000002,0.021644652899999998,0.0249637851,496.77790499999998,572.95706600000005,843.04681900000003,843.04681900000003,819.71131800000001,868.13160300000004,23.335500700000001,25.0847838
461.19999999999999,0.0215784919,0.024908775899999999,495.25940800000001,571.69452100000001,842.69174299999997,842.69174299999997,819.30971499999998,867.82893100000001,23.382027399999998,25.137187900000001
461.30000000000001,0.021509139399999998,0.024854817099999999,493.66766200000001,570.45608400000003,842.70594600000004,842.70594600000004,819.25465099999997,867.92051500000002,23.451295099999999,25.214568499999999
461.39999999999998,0.021436894000000001,0.024801475100000001,492.00951900000001,569.23180400000001,843.01990599999999,843.01990599999999,819.48058500000002,868.33246299999996,23.5393209,25.312557099999999
461.5,0.0213625668,0.024748468700000002,490.30359600000003,568.01522599999998,843.53827899999999,843.53827899999999,819.89803300000005,868.96299899999997,23.640246300000001,25.424719199999998
461.60000000000002,0.021286977799999999,0.024695524399999998,488.568713,566.800073,844.16580599999998,844.16580599999998,820.417598,869.710421,23.748208200000001,25.544615499999999
461.69999999999999,0.021210939299999999,0.024642371100000001,486.82351199999999,565.58012299999996,844.80810499999995,844.80810499999995,820.95070799999996,870.473972,23.8573977,25.6658662
461.80000000000001,0.021135477199999999,0.0245888641,485.091542,564.35205599999995,845.36660600000005,845.36660600000005,821.405033,871.14821800000004,23.961572799999999,25.781612299999999
461.89999999999998,0.021064402499999999,0.024536019400000001,483.46026899999998,563.13918999999999,845.63717999999994,845.63717999999994,821.59104000000002,871.512969,24.0461408,25.875788
462,0.0209977519,0.024483253,481.93053500000002,561.92812100000003,845.555924,845.555924,821.44824800000004,871.50056400000005,24.1076756,25.9446403
462.10000000000002,0.020935599400000001,0.024430001100000001,480.50404200000003,560.70590600000003,845.05797199999995,845.05797199999995,820.91530899999998,871.04229199999997,24.142663500000001,25.984318999999999
462.19999999999999,0.020878056900000001,0.024375719800000001,479.18335300000001,559.46006799999998,844.07750999999996,844.07750999999996,819.93000700000005,870.06838700000003,24.147502899999999,25.9908772
462.30000000000001,0.020824436000000002,0.024319947599999999,477.95267000000001,558.18001100000004,842.62240399999996,842.62240399999996,818.49911299999997,868.58793600000001,24.123291200000001,25.965531800000001
462.39999999999998,0.0207719242,0.024260768299999999,476.74744399999997,556.82175600000005,840.72159199999999,840.72159199999999,816.64724999999999,866.63466000000005,24.074341700000002,25.913068299999999
462.5,0.020719155199999999,0.0241953733,475.536314,555.32083899999998,838.19324600000004,838.19324600000004,814.20088699999997,864.01767800000005,23.992359400000002,25.824431700000002
462.60000000000002,0.020666192699999999,0.024124220599999999,474.32074399999999,553.68777599999999,835.07997799999998,835.07997799999998,811.20043599999997,860.78200500000003,23.879541700000001,25.7020272
462.69999999999999,0.020613101200000001,0.024047753599999999,473.10221300000001,551.93274199999996,831.42279900000005,831.42279900000005,807.684799,856.97096499999998,23.738000299999999,25.5481661
462.80000000000001,0.020559945999999999,0.0239664011,471.88222000000002,550.06557799999996,827.261121,827.261121,803.69136000000003,852.62618699999996,23.569761100000001,25.365066200000001
462.89999999999998,0.0205074713,0.023883600599999999,470.67784699999999,548.16517899999997,822.89299600000004,822.89299600000004,799.50309700000003,848.06221700000003,23.389898899999999,25.1692213
463,0.020454270100000001,0.023802410999999999,469.456796,546.30175299999996,818.75205400000004,818.75205400000004,795.52924900000005,843.73943099999997,23.2228052,24.987376900000001
463.10000000000002,0.020399690500000001,0.0237239887,468.20411200000001,544.50184200000001,815.011976,815.011976,791.93363999999997,839.84231899999997,23.078336499999999,24.830342300000002
463.19999999999999,0.0203448112,0.023650132300000001,466.944548,542.80672300000003,811.77261799999997,811.77261799999997,788.81189400000005,836.47534599999994,22.9607241,24.702728400000002
463.30000000000001,0.020290689300000001,0.023582655399999999,465.70236699999998,541.25802699999997,809.13718500000004,809.13718500000004,786.262787,833.74654899999996,22.874398100000001,24.609363999999999
463.39999999999998,0.020238360600000001,0.023523387600000001,464.50134300000002,539.897739,807.21223299999997,807.21223299999997,784.38824499999998,831.76752899999997,22.823987200000001,24.555295900000001
463.5,0.0201876894,0.0234664986,463.33836200000002,538.59204999999997,805.40057899999999,805.40057899999999,782.62262999999996,829.90655900000002,22.777948599999998,24.505980399999999
463.60000000000002,0.020137904500000001,0.023409731,462.19572199999999,537.28914599999996,803.52946799999995,803.52946799999995,780.80158800000004,827.98170100000004,22.7278807,24.4522324
463.69999999999999,0.020089702399999999,0.023352986199999998,461.08940999999999,535.98676799999998,801.53194399999995,801.53194399999995,778.86240099999998,825.92133699999999,22.669543600000001,24.389393099999999
463.80000000000001,0.020044001799999999,0.023296108900000001,460.04051299999998,534.68134599999996,799.31702600000006,799.31702600000006,776.71982200000002,823.62818900000002,22.597203799999999,24.311162700000001
463.89999999999998,0.020001677799999999,0.0232388865,459.06911200000002,533.36800400000004,796.79134799999997,796.79134799999997,774.28630399999997,821.00250000000005,22.505044300000002,24.211151300000001
464,0.019963561599999999,0.0231810496,458.19428599999998,532.04055900000003,793.85916399999996,793.85916399999996,771.47199899999998,817.94204200000001,22.387165199999998,24.0828788
464.10000000000002,0.019927625899999999,0.023126641600000001,457.369507,530.79181200000005,791.107257,791.107257,768.83056299999998,815.06993,22.276694500000001,23.962672600000001
464.19999999999999,0.019897605499999999,0.023083366899999999,456.68049200000002,529.79859099999999,789.03548699999999,789.03548699999999,766.83902999999998,812.91093699999999,22.196457200000001,23.8754499
464.30000000000001,0.019872771300000001,0.023049874299999999,456.11050999999998,529.02988500000004,787.56221600000003,787.56221600000003,765.41937299999995,811.37948900000004,22.1428431,23.817272599999999
464.39999999999998,0.019852362200000001,0.023024850699999998,455.64209,528.455556,786.61238800000001,786.61238800000001,764.49976500000002,810.39700800000003,22.1126228,23.784620400000001
464.5,0.019835584999999999,0.0230070211,455.25702699999999,528.04633799999999,786.11752999999999,786.11752999999999,764.01458200000002,809.89192100000002,22.102948000000001,23.7743909
464.60000000000002,0.019821358300000001,0.022994008,454.93050199999999,527.74766899999997,785.91762500000004,785.91762500000004,763.81122600000003,809.69610699999998,22.106399100000001,23.778481599999999
464.69999999999999,0.0198095784,0.022977977199999999,454.66013500000003,527.37973699999998,785.20377900000005,785.20377900000005,763.12360699999999,808.95379200000002,22.080171400000001,23.750013500000001
464.80000000000001,0.019802687400000001,0.0229524472,454.50197700000001,526.79378499999996,783.10110399999996,783.10110399999996,761.12565900000004,806.73656700000004,21.975444799999998,23.635463600000001
464.89999999999998,0.019798356999999999,0.022916660299999999,454.40258699999998,525.97242000000006,779.72001299999999,779.72001299999999,757.91963599999997,803.16382999999996,21.800376499999999,23.4438168
465,0.019794266299999998,0.0228698001,454.30869899999999,524.89690700000006,775.16418999999996,775.16418999999996,753.60143100000005,798.347848,21.562758800000001,23.183658300000001
465.10000000000002,0.0197881024,0.022810991900000001,454.16722800000002,523.54716699999994,769.53058799999997,769.53058799999997,748.26056900000003,792.39376200000004,21.270019699999999,22.863174099999998
465.19999999999999,0.019783416299999999,0.022746183100000001,454.05967600000002,522.059707,763.15072399999997,763.15072399999997,742.21448799999996,785.64842699999997,20.9362359,22.497703699999999
465.30000000000001,0.019784088200000001,0.022684880800000001,454.07509599999997,520.65272500000003,756.70068200000003,756.70068200000003,736.10724600000003,778.82292399999994,20.593436400000002,22.122242
465.39999999999998,0.0197888149,0.022629279400000001,454.183582,519.37658999999996,750.51543500000002,750.51543500000002,730.25475800000004,772.27312300000006,20.2606769,21.757687700000002
465.5,0.019798803800000001,0.022581147499999999,454.41284200000001,518.27188799999999,744.68123200000002,744.68123200000002,724.73989300000005,766.08895099999995,19.941339500000002,21.407718899999999
465.60000000000002,0.019815325700000001,0.022542311499999999,454.79204499999997,517.38054299999999,739.28521899999998,739.28521899999998,719.64642800000001,760.36121500000002,19.638791399999999,21.075995599999999
465.69999999999999,0.019839715000000001,0.022514656300000001,455.35181799999998,516.745814,734.415436,734.415436,715.05905199999995,755.18159500000002,19.356384299999998,20.766159399999999
465.80000000000001,0.019865035100000001,0.0224916384,455.932951,516.21751700000004,729.95370300000002,729.95370300000002,710.85900100000003,750.43270500000006,19.094702300000002,20.479001799999999
465.89999999999998,0.019884126299999999,0.022471551900000001,456.37112500000001,515.75650099999996,726.30465200000003,726.30465200000003,707.42237,746.55058499999996,18.8822817,20.245933300000001
466,0.019895900800000001,0.022454253600000001,456.641366,515.35947799999997,723.541876,723.541876,704.81777499999998,743.61430700000005,18.724101099999999,20.072430499999999
466.10000000000002,0.019900360299999999,0.022438916400000002,456.74372,515.00746600000002,721.57892800000002,721.57892800000002,702.96335499999998,741.53239699999995,18.6155729,19.9534688
466.19999999999999,0.019897450099999998,0.022424704600000001,456.67692599999998,514.68128400000001,720.33310100000006,720.33310100000006,701.78073700000004,740.21740499999999,18.552364300000001,19.884304
466.30000000000001,0.019887058199999998,0.022410774200000001,456.43841600000002,514.36155900000006,719.72542999999996,719.72542999999996,701.19503299999997,739.58590200000003,18.530397300000001,19.860472099999999
466.39999999999998,0.019874108099999999,0.022397734499999999,456.14119199999999,514.06227799999999,719.41885400000001,719.41885400000001,700.89192500000001,739.27581099999998,18.526928900000001,19.856956400000001
466.5,0.019865153100000001,0.022384505900000001,455.93565999999998,513.75866199999996,718.76748699999996,718.76748699999996,700.26626199999998,738.59648700000002,18.5012246,19.828999799999998
466.60000000000002,0.0198598714,0.022370658599999999,455.814438,513.44084499999997,717.75264900000002,717.75264900000002,699.30003799999997,737.52852099999996,18.452611399999999,19.775872199999998
466.69999999999999,0.019857969100000001,0.022355759900000001,455.77077700000001,513.09889699999997,716.35314300000005,716.35314300000005,697.97288700000001,736.04980899999998,18.380255300000002,19.696666700000002
466.80000000000001,0.019859179500000001,0.0223393746,455.79855800000001,512.72283000000004,714.54524900000001,714.54524900000001,696.26208799999995,734.13554899999997,18.283161700000001,19.590299699999999
466.89999999999998,0.019862643199999998,0.022320801099999999,455.87805400000002,512.29653900000005,712.32571299999995,712.32571299999995,694.16370600000005,731.78324399999997,18.162006999999999,19.4575307
467,0.019863619499999999,0.022296245999999999,455.900462,511.73296199999999,709.68455400000005,709.68455400000005,691.66360899999995,728.98756700000001,18.0209449,19.303012800000001
467.10000000000002,0.019859317899999999,0.022259934299999999,455.80173300000001,510.89955300000003,706.24636799999996,706.24636799999996,688.403549,725.35438499999998,17.842819599999999,19.108017100000001
467.19999999999999,0.019849243400000001,0.0222125034,455.57050800000002,509.81094100000001,702.117932,702.117932,684.484148,720.99722499999996,17.633783699999999,18.8792933
467.30000000000001,0.0198328763,0.0221545153,455.19485900000001,508.48002500000001,697.40016000000003,697.40016000000003,680.00045699999998,716.02343800000006,17.3997037,18.623277699999999
467.39999999999998,0.0198096722,0.022086456300000001,454.66228799999999,506.91796900000003,692.18810800000006,692.18810800000006,675.04194800000005,710.53420200000005,17.1461595,18.346093700000001
467.5,0.0197799011,0.0220106648,453.97899699999999,505.17843699999997,686.70372299999997,686.70372299999997,669.81906500000002,704.76405999999997,16.884657199999999,18.060337199999999
467.60000000000002,0.0197446823,0.021935116300000002,453.17066999999997,503.44448399999999,681.68800599999997,681.68800599999997,665.03460900000005,699.49582799999996,16.653396900000001,17.807822099999999
467.69999999999999,0.0197039408,0.021864728,452.235591,501.82896399999998,677.66001100000005,677.66001100000005,661.180026,695.27879600000006,16.4799851,17.6187854
467.80000000000001,0.019657419200000002,0.0217989588,451.16784899999999,500.31945999999999,674.58426199999997,674.58426199999997,658.22146699999996,692.07571199999995,16.362794600000001,17.491450799999999
467.89999999999998,0.019604853200000001,0.021737301099999998,449.96138000000002,498.90432199999998,672.42929700000002,672.42929700000002,656.12887899999998,689.85357899999997,16.300417299999999,17.4242819
468,0.0195459721,0.0216792806,448.60996899999998,497.57266199999998,671.16766500000006,671.16766500000006,654.87599999999998,688.58364800000004,16.2916648,17.415982899999999
468.10000000000002,0.019483237899999999,0.0216254359,447.17012199999999,496.33684499999998,670.65522599999997,670.65522599999997,654.32876699999997,688.11068799999998,16.326459,17.455462199999999
468.19999999999999,0.0194214994,0.021577480600000001,445.753129,495.236197,670.67616399999997,670.67616399999997,654.28760199999999,688.20099300000004,16.388561899999999,17.5248293
468.30000000000001,0.019361949900000001,0.021535633700000001,444.38637599999998,494.27574700000002,671.15624300000002,671.15624300000002,654.68338600000004,688.77469699999995,16.4728569,17.618454199999999
468.39999999999998,0.019304343200000001,0.021499489900000002,443.06421599999999,493.446191,672.07319500000006,672.07319500000006,655.49478899999997,689.80850999999996,16.578406000000001,17.735314800000001
468.5,0.019248493200000001,0.021468704299999999,441.78237200000001,492.73961500000001,673.406203,673.406203,656.70191399999999,691.28061000000002,16.704288999999999,17.8744075
468.60000000000002,0.019194273099999999,0.021442992500000001,440.537938,492.14949000000001,675.13590099999999,675.13590099999999,658.28629699999999,693.17064800000003,16.849603800000001,18.034747100000001
468.69999999999999,0.0191430122,0.021422130599999999,439.36142100000001,491.67067600000001,677.13076100000001,677.13076100000001,660.12470099999996,695.337986,17.006060399999999,18.2072249
468.80000000000001,0.0190874732,0.021401666100000001,438.08671600000002,491.200985,679.51521100000002,679.51521100000002,662.32780200000002,697.92227000000003,17.1874088,18.407058599999999
468.89999999999998,0.019029146699999999,0.021382115899999998,436.74803300000002,490.75227799999999,682.22187399999996,682.22187399999996,664.83327099999997,700.85056199999997,17.3886024,18.628688499999999
469,0.018970126600000001,0.021364351600000001,435.39343300000002,490.34456,685.17128200000002,685.17128200000002,667.56792499999995,704.03646900000001,17.6033574,18.8651865
469.10000000000002,0.018912508299999999,0.021349266499999998,434.07100400000002,489.998334,688.28613800000005,688.28613800000005,670.46063400000003,707.39588700000002,17.825503600000001,19.109749000000001
469.19999999999999,0.018858050500000001,0.021337095899999999,432.82111500000002,489.718999,691.44786399999998,691.44786399999998,673.40085099999999,710.80141000000003,18.0470136,19.3535456
469.30000000000001,0.018805365300000002,0.021319551199999998,431.61191000000002,489.31632300000001,693.90469900000005,693.90469900000005,675.67531699999995,713.45913299999995,18.2293822,19.554434400000002
469.39999999999998,0.018760612900000001,0.021295462500000001,430.58477399999998,488.76345099999998,695.03330600000004,695.03330600000004,676.69984699999998,714.70270800000003,18.3334595,19.669402000000002
469.5,0.0187236738,0.021264023999999999,429.736963,488.04188699999997,694.75934500000005,694.75934500000005,676.40392499999996,714.45360700000003,18.355420200000001,19.694261699999998
469.60000000000002,0.018694448799999999,0.021224380000000001,429.06620600000002,487.13199800000001,693.00162499999999,693.00162499999999,674.71056999999996,712.62603100000001,18.291055499999999,19.624405899999999
469.69999999999999,0.018672859600000001,0.021175625600000001,428.57069999999999,486.01301000000001,689.67210599999999,689.67210599999999,671.53633300000001,709.12691199999995,18.135772899999999,19.454806399999999
469.80000000000001,0.0186567014,0.021119403599999999,428.19984399999998,484.72262899999998,685.12159299999996,685.12159299999996,667.21123399999999,704.32987000000003,17.910358599999999,19.208277299999999
469.89999999999998,0.018639157100000001,0.021061191900000002,427.79717699999998,483.38658099999998,680.47628399999996,680.47628399999996,662.79499799999996,699.43405399999995,17.681285200000001,18.9577709
470,0.0186168411,0.0210017895,427.28499099999999,482.02320500000002,676.095056,676.095056,658.62412200000006,694.82293000000004,17.470933800000001,18.727873899999999
470.10000000000002,0.0185892327,0.020941608899999999,426.65133600000001,480.64196800000002,672.06330100000002,672.06330100000002,654.778953,690.58742299999994,17.284348300000001,18.5241218
470.19999999999999,0.0185557493,0.020881075999999998,425.88283899999999,479.25264600000003,668.47286899999995,668.47286899999995,651.34589200000005,686.82536200000004,17.126976299999999,18.352493899999999
470.30000000000001,0.0185157463,0.020820630400000002,424.96470799999997,477.86532699999998,665.42206599999997,665.42206599999997,648.41739700000005,683.641479,17.004669199999999,18.219412999999999
470.39999999999998,0.018471389299999998,0.020760156799999999,423.94664799999998,476.47736400000002,662.72263099999998,662.72263099999998,645.81732899999997,680.83418200000006,16.905301300000001,18.1115511
470.5,0.018427075500000001,0.020699764200000002,422.92957799999999,475.09126199999997,660.02813900000001,660.02813900000001,643.22198600000002,678.03206799999998,16.806152999999998,18.003928800000001
470.60000000000002,0.018383753999999999,0.0206398161,421.93528400000002,473.71536300000002,657.29927699999996,657.29927699999996,640.59507599999995,675.19249200000002,16.7042012,17.8932143
470.69999999999999,0.0183408813,0.020580526599999999,420.95128899999997,472.354578,654.60260100000005,654.60260100000005,637.99908800000003,672.38647500000002,16.603513400000001,17.783874300000001
470.80000000000001,0.018297918,0.020522118999999998,419.965217,471.01403299999998,652.00528899999995,652.00528899999995,635.49710400000004,669.68569600000001,16.508185699999999,17.680406999999999
470.89999999999998,0.018254329199999999,0.020464825799999999,418.964787,469.69906600000002,649.57514500000002,649.57514500000002,633.15280199999995,667.16248700000006,16.4223432,17.587341800000001
471,0.018213423699999998,0.0204066278,418.02594199999999,468.36333200000001,646.83226100000002,646.83226100000002,630.51499999999999,664.30540699999995,16.317260900000001,17.473145899999999
471.10000000000002,0.018172928000000001,0.020344265600000001,417.09650499999998,466.93202600000001,643.62159999999994,643.62159999999994,627.43463899999995,660.95292099999995,16.186960899999999,17.331321599999999
471.19999999999999,0.0181334826,0.020277582499999999,416.19117199999999,465.40154699999999,639.87469599999997,639.87469599999997,623.84751700000004,657.031881,16.027179,17.157184600000001
471.30000000000001,0.018096386999999999,0.020206826300000001,415.33977299999998,463.77758299999999,635.51163599999995,635.51163599999995,619.67924400000004,652.45629399999996,15.832392199999999,16.944657599999999
471.39999999999998,0.018062945,0.020132209700000001,414.572226,462.06501900000001,630.44855600000005,630.44855600000005,614.85169099999996,647.13598500000001,15.596864200000001,16.687429399999999
471.5,0.018034463800000001,0.020053910899999999,413.91853900000001,460.26794100000001,624.59763899999996,624.59763899999996,609.28299400000003,640.97659399999998,15.3146454,16.3789552
471.60000000000002,0.018005834599999999,0.0199730264,413.26145600000001,458.411518,618.489011,618.489011,603.47010799999998,634.54468299999996,15.0189027,16.055672399999999
471.69999999999999,0.0179777715,0.0198914086,412.61736500000001,456.53826400000003,612.25781600000005,612.25781600000005,597.54171699999995,627.98245999999995,14.716099399999999,15.724644100000001
471.80000000000001,0.017950205,0.019808901399999999,411.98467099999999,454.64459699999998,605.89342399999998,605.89342399999998,591.48768399999994,621.27875400000005,14.4057402,15.385329499999999
471.89999999999998,0.017923029699999999,0.0197253345,411.36095699999998,452.726609,599.38664900000003,599.38664900000003,585.29920700000002,614.42395999999997,14.0874419,15.0373111
472,0.017896104900000001,0.019640523900000002,410.74299100000002,450.78007700000001,592.72974799999997,592.72974799999997,578.96881499999995,607.41004199999998,13.7609329,14.6802946
472.10000000000002,0.017869986599999999,0.0195563204,410.14353699999998,448.84747800000002,586.07054200000005,586.07054200000005,572.63703699999996,600.39279599999998,13.433504900000001,14.3222539
472.19999999999999,0.017848724400000002,0.019479966599999999,409.65553499999999,447.09504199999998,579.83510999999999,579.83510999999999,566.71135200000003,593.81858199999999,13.1237581,13.9834722
472.30000000000001,0.017835930199999999,0.019413901800000001,409.36188900000002,445.57875200000001,573.98399300000005,573.98399300000005,561.157962,587.64166299999999,12.8260313,13.657670100000001
472.39999999999998,0.017830788,0.019359174999999999,409.24386800000002,444.32268800000003,568.69305199999997,568.69305199999997,556.14259300000003,582.04901700000005,12.550458900000001,13.355965100000001
472.5,0.017832513800000001,0.019316896199999999,409.283479,443.35232500000001,564.14187200000003,564.14187200000003,551.83452999999997,577.23152700000003,12.307341299999999,13.089655799999999
472.60000000000002,0.017840356000000002,0.019288236199999999,409.46346899999998,442.69453399999998,560.51376300000004,560.51376300000004,548.40661799999998,573.38398400000005,12.1071446,12.870221300000001
472.69999999999999,0.0178534388,0.019269556899999998,409.76373899999999,442.26581599999997,557.50045399999999,557.50045399999999,545.56607199999996,570.18117299999994,11.934382100000001,12.6807193
472.80000000000001,0.017871073299999998,0.0192555739,410.168477,441.944885,554.60669600000006,554.60669600000006,542.84323199999994,567.09983499999998,11.7634645,12.4931383
472.89999999999998,0.017892652799999999,0.019245587299999999,410.66376000000002,441.71567700000003,551.80883800000004,551.80883800000004,540.215102,564.11561200000006,11.5937363,12.3067738
473,0.017917416799999999,0.019239051699999999,411.23213299999998,441.565675,549.11186999999995,549.11186999999995,537.68565599999999,561.23462500000005,11.4262137,12.1227553
473.10000000000002,0.017944637699999998,0.0192354073,411.85689300000001,441.48203100000001,546.51661100000001,546.51661100000001,535.254952,558.45854399999996,11.261659099999999,11.941933799999999
473.19999999999999,0.0179736206,0.019234080099999998,412.52209399999998,441.45156900000001,544.01970700000004,544.01970700000004,532.91912600000001,555.78458799999999,11.100580799999999,11.7648812
473.30000000000001,0.0180002062,0.019232883400000001,413.132274,441.424104,541.73149899999999,541.73149899999999,530.77855799999998,553.33409900000004,10.952940999999999,11.6025993
473.39999999999998,0.018018340599999998,0.019230343,413.54848800000002,441.36579699999999,539.99080300000003,539.99080300000003,529.14810999999997,551.47225700000001,10.8426923,11.481454299999999
473.5,0.018026341500000001,0.019225412300000001,413.732122,441.25263000000001,538.82534099999998,538.82534099999998,528.05237399999999,550.23025500000006,10.772967400000001,11.404914
473.60000000000002,0.018023487099999999,0.0192169825,413.666608,441.05915399999998,538.178179,538.178179,527.43671900000004,549.54864599999996,10.741459300000001,11.3704675
473.69999999999999,0.018009018599999999,0.019203915700000001,413.33453300000002,440.75925000000001,537.99233900000002,537.99233900000002,527.246444,549.36798199999998,10.745895300000001,11.375642300000001
473.80000000000001,0.017982140300000001,0.019185044799999999,412.71763600000003,440.32613400000002,538.21080900000004,538.21080900000004,527.42677200000003,549.62881300000004,10.784037100000001,11.4180042
473.89999999999998,0.0179513561,0.019164388599999999,412.01109100000002,439.85204199999998,538.56087000000002,538.56087000000002,527.72785199999998,550.03319299999998,10.8330179,11.472322800000001
474,0.017914937999999998,0.019141892899999999,411.17523899999998,439.33573200000001,539.17748099999994,539.17748099999994,528.27577799999995,550.72582699999998,10.901703400000001,11.5483458
474.10000000000002,0.0178745973,0.019117395700000001,410.24936000000002,438.773484,539.90446899999995,539.90446899999995,528.92435,551.53958,10.9801187,11.6351111
474.19999999999999,0.017832050700000001,0.0190907435,409.27284900000001,438.16177399999998,540.58614699999998,540.58614699999998,529.52783699999998,552.30782599999998,11.058310000000001,11.721679200000001
474.30000000000001,0.017789019400000002,0.019061791200000001,408.28521499999999,437.497276,541.06731300000001,541.06731300000001,529.940969,552.86444700000004,11.126344100000001,11.797133499999999
474.39999999999998,0.017745939499999999,0.019030487400000001,407.29646500000001,436.77880499999998,541.30709999999999,541.30709999999999,530.12547800000004,553.16571899999997,11.181622600000001,11.8586183
474.5,0.0176989021,0.018997169599999999,406.21688499999999,436.01411000000002,541.65881899999999,541.65881899999999,530.41207099999997,553.58979299999999,11.246748,11.930974300000001
474.60000000000002,0.017650471800000001,0.018961901199999999,405.10533500000003,435.20464700000002,541.920391,541.920391,530.61192300000005,553.92002100000002,11.308467800000001,11.9996308
474.69999999999999,0.0176002364,0.018924640499999999,403.95235500000001,434.34945699999997,542.12099799999999,542.12099799999999,530.75226099999998,554.18773599999997,11.368736999999999,12.0667381
474.80000000000001,0.017547763800000001,0.0188853587,402.74803100000003,433.447881,542.29280400000005,542.29280400000005,530.86311599999999,554.42744600000003,11.4296886,12.1346416
474.89999999999998,0.017492602400000001,0.018844040499999999,401.48199299999999,432.49956400000002,542.47095300000001,542.47095300000001,530.97731999999996,554.67683399999999,11.4936329,12.205881700000001
475,0.017436232100000001,0.018800416600000001,400.18820799999997,431.49832800000001,542.50693699999999,542.50693699999999,530.95570699999996,554.77713500000004,11.5512307,12.2701972
475.10000000000002,0.0173829299,0.018753114800000002,398.96483999999998,430.41267900000003,541.90956300000005,541.90956300000005,530.33736199999998,554.20389399999999,11.5722016,12.294330499999999
475.19999999999999,0.017334273399999999,0.018701294699999999,397.84809799999999,429.22332899999998,540.46278500000005,540.46278500000005,528.91925800000001,552.72677399999998,11.5435272,12.2639888
475.30000000000001,0.017290078899999999,0.018645244500000002,396.83376800000002,427.93689000000001,538.21159699999998,538.21159699999998,526.74382200000002,550.39358600000003,11.4677755,12.181988799999999
475.39999999999998,0.017250202499999999,0.018585244800000001,395.918544,426.55980599999998,535.19700799999998,535.19700799999998,523.84974299999999,547.24787900000001,11.3472642,12.050871900000001
475.5,0.0172145397,0.018521569000000002,395.10002600000001,425.09834899999998,531.45604100000003,531.45604100000003,520.27197999999999,543.32894499999998,11.184060300000001,11.872904399999999
475.60000000000002,0.017180364,0.018454200800000001,394.31564200000003,423.55214699999999,527.20884599999999,527.20884599999999,516.21631100000002,538.87273100000004,10.992534900000001,11.663885499999999
475.69999999999999,0.017145095199999998,0.018382190699999999,393.50617,421.899405,522.566329,522.566329,511.78520900000001,533.99943599999995,10.7811199,11.4331067
475.80000000000001,0.017107867299999999,0.018305545100000001,392.65173299999998,420.14027099999998,517.59963200000004,517.59963200000004,507.045188,528.78529000000003,10.5544446,11.1856571
475.89999999999998,0.017068072699999999,0.018224697299999999,391.73838499999999,418.28469000000001,512.40340800000001,512.40340800000001,502.08527800000002,523.33111399999996,10.31813,10.927706199999999
476,0.0170251074,0.018140058399999999,390.75226500000002,416.34209800000002,507.06968799999999,507.06968799999999,496.99203299999999,517.73495500000001,10.077654300000001,10.6652673
476.10000000000002,0.016978371400000001,0.018052017600000001,389.67960299999999,414.32142499999998,501.68788799999999,501.68788799999999,491.849535,512.09208599999999,9.8383534899999994,10.4041976
476.19999999999999,0.016931655100000002,0.017963882099999998,388.607392,412.29858200000001,496.29462000000001,496.29462000000001,486.69619599999999,506.43705999999997,9.5984248999999995,10.1424398
476.30000000000001,0.016886670100000001,0.017879255899999998,387.57491900000002,410.35628100000002,491.12656199999998,491.12656199999998,481.75783000000001,501.018417,9.3687318499999996,9.8918546000000003
476.39999999999998,0.016843653199999999,0.017798728999999999,386.58761399999997,408.50806499999999,486.22602899999998,486.22602899999998,477.07474400000001,495.88066800000001,9.1512851800000004,9.6546390599999992
476.5,0.016802844899999999,0.017722798000000001,385.65100200000001,406.765332,481.62523099999999,481.62523099999999,472.67767500000002,491.05763000000002,8.9475556899999997,9.4323988199999995
476.60000000000002,0.016764532499999998,0.017651981000000001,384.77167400000002,405.13997499999999,477.35485799999998,477.35485799999998,468.59597100000002,486.581458,8.7588875399999999,9.22659977
476.69999999999999,0.0167289667,0.017586596400000001,383.95538299999998,403.639298,473.42772200000002,473.42772200000002,464.84200900000002,482.46543200000002,8.5857126699999995,9.0377095199999999
476.80000000000001,0.016695298599999998,0.017525324500000002,383.18265000000002,402.23301400000003,469.775216,469.775216,461.349986,478.63789500000001,8.4252304299999992,8.8626792200000004
476.89999999999998,0.0166620351,0.017468922099999999,382.41920199999998,400.93849299999999,466.59779700000001,466.59779700000001,458.30824799999999,475.31259999999997,8.2895489799999993,8.7148028600000007
477,0.016629970300000001,0.0174174073,381.68326500000001,399.756148,463.83273400000002,463.83273400000002,455.65817700000002,472.42229300000002,8.1745563600000004,8.5895594899999992
477.10000000000002,0.016599919000000001,0.017370810699999999,380.99354199999999,398.68668700000001,461.41692599999999,461.41692599999999,453.34082599999999,469.89931000000001,8.0761004300000003,8.4823837100000006
477.19999999999999,0.0165727172,0.017329176200000001,380.36921799999999,397.731109,459.28690699999999,459.28690699999999,451.29691800000001,467.67557199999999,7.9899888199999998,8.3886656300000002
477.30000000000001,0.016547024600000002,0.017291845300000001,379.77953400000001,396.87430799999998,457.48305599999998,457.48305599999998,449.56336800000003,465.79528599999998,7.9196874700000004,8.3122305399999998
477.39999999999998,0.016517774799999999,0.0172570495,379.10820699999999,396.07569100000001,456.23313400000001,456.23313400000001,448.35085099999998,464.50503700000002,7.8822828999999999,8.2719030199999999
477.5,0.0164834152,0.017224180200000001,378.31960099999998,395.32129200000003,455.60001399999999,455.60001399999999,447.71737000000002,463.873063,7.8826440199999999,8.2730496200000001
477.60000000000002,0.0164440831,0.017193032300000001,377.41686800000002,394.60640000000001,455.55110200000001,455.55110200000001,447.63219600000002,463.86472700000002,7.9189062899999998,8.3136252299999995
477.69999999999999,0.016399868799999998,0.017163392999999999,376.402084,393.92613299999999,456.05685199999999,456.05685199999999,448.06743799999998,464.44866500000001,7.9894130900000002,8.3918134700000007
477.80000000000001,0.016350816000000001,0.0171350423,375.27624600000001,393.27543900000001,457.09076099999999,457.09076099999999,448.99804599999999,465.596788,8.0927156999999994,8.5060267100000004
477.89999999999998,0.016296673500000001,0.017107976399999999,374.033592,392.65423500000003,458.67287800000003,458.67287800000003,450.44275199999998,467.33058499999999,8.2301255399999995,8.6577067400000001
478,0.016239444400000001,0.0170822926,372.720099,392.06475399999999,460.65035,460.65035,452.25879400000002,469.48611199999999,8.3915557599999993,8.8357622800000009
478.10000000000002,0.016179651,0.017057860500000001,371.34774800000002,391.50400000000002,462.96707600000002,462.96707600000002,454.39356099999998,472.00343299999997,8.5735147999999999,9.0363578199999992
478.19999999999999,0.016116361499999999,0.017034469900000002,369.89515699999998,390.96715,465.67694399999999,465.67694399999999,456.89716299999998,474.94059600000003,8.7797814600000006,9.2636524100000006
478.30000000000001,0.0160486239,0.017011907699999999,368.34047600000002,390.44931300000002,468.83519000000001,468.83519000000001,459.820964,478.35709600000001,9.0142262199999994,9.5219059599999998
478.39999999999998,0.015975465599999999,0.016989957600000001,366.66138100000001,389.94552399999998,472.49839700000001,472.49839700000001,463.21758599999998,482.31387599999999,9.2808112200000004,9.8154792299999993
478.5,0.015899882800000001,0.016968267299999999,364.92663900000002,389.447699,476.38600400000001,476.38600400000001,466.82430900000003,486.51076999999998,9.5616945999999992,10.1247656
478.60000000000002,0.015822102899999999,0.0169459395,363.14147100000002,388.93524100000002,480.38587899999999,480.38587899999999,470.53517499999998,490.82887799999997,9.8507035599999995,10.442999500000001
478.69999999999999,0.0157420913,0.016922776899999999,361.30508300000002,388.40362399999998,484.48026700000003,484.48026700000003,474.33333699999997,495.24945500000001,10.146930599999999,10.7691877
478.80000000000001,0.015659890100000001,0.016898655700000001,359.41843899999998,387.85000600000001,488.65283699999998,488.65283699999998,478.20336900000001,499.75517200000002,10.4494679,11.102334900000001
478.89999999999998,0.015575550800000001,0.0168734421,357.48272300000002,387.27131600000001,492.88541600000002,492.88541600000002,482.12811599999998,504.32674500000002,10.757300499999999,11.4413286
479,0.0154892563,0.016846996999999999,355.50213400000001,386.66435999999999,497.148617,497.148617,486.079928,508.93287600000002,11.068688999999999,11.7842594
479.10000000000002,0.015405053199999999,0.016819886900000001,353.56954400000001,386.04214100000002,501.17225999999999,501.17225999999999,489.80695500000002,513.28322400000002,11.3653043,12.1109645
479.19999999999999,0.015323926700000001,0.016795623900000001,351.70756599999999,385.48526700000002,505.24257299999999,505.24257299999999,493.58121699999998,517.67955800000004,11.661355800000001,12.436984799999999
479.30000000000001,0.0152467087,0.016773168599999999,349.935294,384.96988399999998,509.18343099999998,509.18343099999998,497.23675200000002,521.93460100000004,11.9466792,12.7511698
479.39999999999998,0.015174270599999999,0.016751509500000001,348.27273000000002,384.47277600000001,512.81839400000001,512.81839400000001,500.60734000000002,525.86070099999995,12.211054499999999,13.0423072
479.5,0.015107523600000001,0.016729663200000001,346.74078400000002,383.97136799999998,515.97071300000005,515.97071300000005,503.52650599999998,529.26983600000005,12.4442062,13.2991229
479.60000000000002,0.0150463244,0.016706629800000001,345.33616899999998,383.44271800000001,518.54775700000005,518.54775700000005,505.90639499999997,532.06415000000004,12.641362300000001,13.5163935
479.69999999999999,0.0149880937,0.016680945400000001,343.999685,382.85322000000002,520.60666400000002,520.60666400000002,507.798562,534.30695000000003,12.808101799999999,13.700285900000001
479.80000000000001,0.014932460099999999,0.016651036099999999,342.72280899999998,382.16675800000002,522.01348700000005,522.01348700000005,509.07580100000001,535.85691499999996,12.9376864,13.843427999999999
479.89999999999998,0.0148799404,0.016616232200000001,341.51740100000001,381.367954,522.65627600000005,522.65627600000005,509.632608,536.59502199999997,13.023667400000001,13.9387457
480,0.014831052799999999,0.0165758804,340.39535599999999,380.44181900000001,522.42473199999995,522.42473199999995,509.36505,536.40399100000002,13.0596821,13.9792591
480.10000000000002,0.0147863171,0.0165293449,339.368604,379.37375700000001,521.21020899999996,521.21020899999996,508.17075499999999,535.16829199999995,13.039453999999999,13.9580824
480.19999999999999,0.0147444541,0.016477142399999999,338.40778299999999,378.17563200000001,519.17073200000004,519.17073200000004,506.198103,533.05654100000004,12.972629100000001,13.885808300000001
480.30000000000001,0.0147042028,0.016415581299999999,337.48395499999998,376.76270799999998,516.02374399999997,516.02374399999997,503.17827899999997,529.77115700000002,12.8454651,13.747413399999999
480.39999999999998,0.014665578800000001,0.0163423465,336.59747399999998,375.08185900000001,511.52649500000001,511.52649500000001,498.88142499999998,525.05527300000006,12.6450704,13.5287778
480.5,0.0146282826,0.0162588436,335.74146999999999,373.16533800000002,505.849964,505.849964,493.469154,519.09012900000005,12.3808101,13.2401651
480.60000000000002,0.0145919963,0.016166446800000001,334.90864299999998,371.04469,499.16340300000002,499.16340300000002,487.101426,512.055162,12.0619762,12.8917593
480.69999999999999,0.0145563833,0.0160664994,334.09127000000001,368.75074499999999,491.63433800000001,491.63433800000001,479.93655100000001,504.12800199999998,11.697787399999999,12.493664300000001
480.80000000000001,0.0145217761,0.015961527100000001,333.29698100000002,366.34147000000002,483.49920600000002,483.49920600000002,472.19874900000002,495.55845499999998,11.3004567,12.059249100000001
480.89999999999998,0.0144864803,0.0158562862,332.48688900000002,363.92603200000002,475.39208200000002,475.39208200000002,464.48678999999998,487.01930399999998,10.905291999999999,11.627221199999999
481,0.014450289,0.0157523335,331.65624300000002,361.54015700000002,467.49221599999998,467.49221599999998,456.97021000000001,478.70043800000002,10.522005699999999,11.208222599999999
481.10000000000002,0.0144133899,0.015650536499999999,330.80935199999999,359.20376099999999,459.87484899999998,459.87484899999998,449.72044599999998,470.68126599999999,10.154403500000001,10.8064173
481.19999999999999,0.0143759414,0.0155517724,329.94985200000002,356.93697400000002,452.61858999999998,452.61858999999998,442.81209100000001,463.04478699999999,9.8064987099999996,10.4261973
481.30000000000001,0.0143380724,0.0154569275,329.08070099999998,354.76013699999999,445.805408,445.805408,436.32289700000001,455.877591,9.4825118600000007,10.072182400000001
481.39999999999998,0.0142992338,0.015364530600000001,328.18929600000001,352.63948699999997,439.326528,439.326528,430.14931200000001,449.06518699999998,9.1772155600000005,9.7386592299999997
481.5,0.0142649661,0.0152810667,327.40279900000002,350.72386299999999,433.40763700000002,433.40763700000002,424.51052900000002,442.84026,8.8971077100000002,9.4326235199999999
481.60000000000002,0.014233829,0.0152055056,326.68815499999999,348.989621,428.05845499999998,428.05845499999998,419.41432800000001,437.21468499999997,8.6441266900000002,9.1562297099999999
481.69999999999999,0.014204397800000001,0.015136863299999999,326.01266500000003,347.414174,423.29225200000002,423.29225200000002,414.87186800000001,432.20407299999999,8.4203838399999995,8.9118213799999992
481.80000000000001,0.014175263299999999,0.0150742016,325.34398199999998,345.97599200000002,419.12584399999997,419.12584399999997,410.89767999999998,427.82777499999997,8.2281635000000009,8.7019312200000005
481.89999999999998,0.014145598000000001,0.0150164406,324.66311899999999,344.65028999999998,415.513893,415.513893,407.448015,424.03873199999998,8.0658780399999994,8.5248384700000006
482,0.014118262600000001,0.014963221299999999,324.035729,343.42882600000002,412.18616800000001,412.18616800000001,404.26979999999998,420.54785399999997,7.9163673499999998,8.3616862100000002
482.10000000000002,0.014096605999999999,0.0149164203,323.538678,342.354671,409.06591800000001,409.06591800000001,401.29366599999997,417.27023700000001,7.7722517599999996,8.2043187300000007
482.19999999999999,0.0140785033,0.0148741981,323.12319300000001,341.385606,406.134164,406.134164,398.49954100000002,414.18814400000002,7.6346238800000004,8.05397915
482.30000000000001,0.0140619193,0.014834792100000001,322.74256600000001,340.481178,403.37261899999999,403.37261899999999,395.86809499999998,411.284471,7.5045240800000004,7.9118514199999996
482.39999999999998,0.014044909100000001,0.014796516399999999,322.35215599999998,339.60269199999999,400.76368500000001,400.76368500000001,393.38074399999999,408.54274500000002,7.3829404800000002,7.7790602700000004
482.5,0.014026927999999999,0.0147580718,321.93946,338.72032999999999,398.21614,398.21614,390.95056699999998,405.86704700000001,7.2655724599999996,7.6509074000000004
482.60000000000002,0.0139997575,0.0147113856,321.31585699999999,337.64881000000003,395.55655200000001,395.55655200000001,388.405213,403.08294100000001,7.15133945,7.526389
482.69999999999999,0.013956574899999999,0.014650383100000001,320.324749,336.24870900000002,392.70638200000002,392.70638200000002,385.663566,400.11485599999997,7.0428158300000003,7.4084737499999997
482.80000000000001,0.0138996329,0.0145765216,319.01784300000003,334.55347399999999,389.63434899999999,389.63434899999999,382.69823200000002,396.92720600000001,6.9361168099999997,7.2928576500000002
482.89999999999998,0.0138311602,0.014491227799999999,317.44629099999997,332.59585199999998,386.30793399999999,386.30793399999999,379.48061899999999,393.48312499999997,6.8273156500000001,7.17519127
483,0.013753361800000001,0.0143958981,315.66069800000002,330.40788900000001,382.69338299999998,382.69338299999998,375.98093999999998,389.744463,6.7124436799999998,7.0510797700000003
483.10000000000002,0.013665636300000001,0.0142917494,313.64726400000001,328.017518,378.96659899999997,378.96659899999997,372.36517400000002,385.89800500000001,6.6014254499999998,6.9314060199999998
483.19999999999999,0.013565043299999999,0.0141767947,311.33850000000001,325.37913200000003,375.15955500000001,375.15955500000001,368.66069299999998,381.98082799999997,6.4988619400000003,6.8212734900000003
483.30000000000001,0.013452577,0.014051949899999999,308.757226,322.51375100000001,371.28688599999998,371.28688599999998,364.882339,378.00732099999999,6.4045471999999997,6.72043488
483.39999999999998,0.013330353200000001,0.0139192993,305.95200299999999,319.46921700000001,367.39388400000001,367.39388400000001,361.07509099999999,374.02307000000002,6.3187934600000002,6.6291858799999996
483.5,0.013200399,0.0137808592,302.96935500000001,316.29180500000001,363.52594499999998,363.52594499999998,357.28393799999998,370.073871,6.2420061599999999,6.5479262599999997
483.60000000000002,0.013064652600000001,0.0136385776,299.853768,313.02622500000001,359.72856999999999,359.72856999999999,353.55388599999998,366.20573000000002,6.1746839900000001,6.4771598399999997
483.69999999999999,0.012925566100000001,0.013495085400000001,296.661519,309.73285800000002,356.07669800000002,356.07669800000002,349.95831800000002,362.49523199999999,6.1183796900000003,6.4185336099999999
483.80000000000001,0.0127940051,0.013357463,293.64199300000001,306.57421399999998,352.42481800000002,352.42481800000002,346.37017700000001,358.77641699999998,6.0546403499999997,6.3515997400000002
483.89999999999998,0.0126700005,0.0132266135,290.79589900000002,303.57101799999998,348.86461800000001,348.86461800000001,342.87631900000002,355.14626900000002,5.9882989999999996,6.28165087
484,0.0125534663,0.0131033587,288.121261,300.74213300000002,345.48886299999998,345.48886299999998,339.564502,351.703035,5.9243612900000002,6.2141712599999996
484.10000000000002,0.012444308899999999,0.0129885018,285.61592999999999,298.10599100000002,342.38893200000001,342.38893200000001,336.521165,348.54350499999998,5.8677667500000004,6.1545729099999997
484.19999999999999,0.0123423986,0.012882142399999999,283.27693299999999,295.66487899999998,339.58578,339.58578,333.76602500000001,345.68999700000001,5.8197550299999996,6.1042163699999996
484.30000000000001,0.012247135500000001,0.0127806542,281.09050100000002,293.33557000000002,336.74990700000001,336.74990700000001,330.986467,342.79452800000001,5.7634407000000003,6.04462119
484.39999999999998,0.012157441600000001,0.012684791799999999,279.03188799999998,291.135381,334.04776700000002,334.04776700000002,328.33904899999999,340.03441500000002,5.7087183000000001,5.98664782
484.5,0.012073414399999999,0.012593983499999999,277.10333600000001,289.05119200000001,331.41177299999998,331.41177299999998,325.75986699999999,337.33803499999999,5.6519062900000003,5.9262619399999998
484.60000000000002,0.011995131900000001,0.0125076135,275.30663199999998,287.06886800000001,328.77134000000001,328.77134000000001,323.18215700000002,334.63061699999997,5.5891836100000001,5.8592769100000002
484.69999999999999,0.011922652299999999,0.0124250218,273.64311300000003,285.17326300000002,326.052886,326.052886,320.53629699999999,331.83424000000002,5.5165896999999999,5.7813536799999996
484.80000000000001,0.0118565124,0.012346002999999999,272.12510300000002,283.35966100000002,323.19127500000002,323.19127500000002,317.76113600000002,328.879391,5.43013893,5.6881152999999998
484.89999999999998,0.0117976053,0.0122700337,270.77309300000002,281.61604899999998,320.05925400000001,320.05925400000001,314.737054,325.63043699999997,5.3221992699999996,5.57118336
485,0.011746088599999999,0.0121958534,269.59070600000001,279.91349700000001,316.51248500000003,316.51248500000003,311.32752699999998,321.934484,5.1849586800000003,5.4219983799999998
485.10000000000002,0.0117022577,0.012123230400000001,268.58472,278.24668800000001,312.50275499999998,312.50275499999998,307.48718700000001,317.74018799999999,5.01556785,5.2374332199999998
485.19999999999999,0.011666396000000001,0.0120518845,267.761639,276.60919000000001,307.977777,307.977777,303.16680300000002,312.99191400000001,4.8109733200000004,5.01413742
485.30000000000001,0.011638774899999999,0.0119814871,267.12769300000002,274.99346200000002,302.88119,302.88119,298.31327299999998,307.629728,4.5679174600000003,4.7485371699999996
485.39999999999998,0.011619227399999999,0.011917059400000001,266.67904800000002,273.514748,297.75041099999999,297.75041099999999,293.435339,302.22244999999998,4.3150718799999996,4.47203836
485.5,0.011610861599999999,0.0118677965,266.48703899999998,272.38408800000002,293.291808,293.291808,289.204973,297.51405499999998,4.0868346100000004,4.2222470799999998
485.60000000000002,0.011614555699999999,0.011836129900000001,266.57182499999999,271.65729299999998,289.687589,289.687589,285.79558600000001,293.69636800000001,3.8920031399999999,4.0087794800000003
485.69999999999999,0.0116294417,0.0118219047,266.91348199999999,271.33080200000001,286.992209,286.992209,283.25788599999998,290.827967,3.7343234500000002,3.8357572700000002
485.80000000000001,0.0116546744,0.011825041200000001,267.49261100000001,271.40278899999998,285.26614699999999,285.26614699999999,281.64830899999998,288.97377399999999,3.6178385300000002,3.7076269700000002
485.89999999999998,0.0116894315,0.011845535500000001,268.29034000000001,271.87316399999997,284.57590499999998,284.57590499999998,281.02901700000001,288.20506499999999,3.54688837,3.62915988
486,0.011734984800000001,0.01188005,269.33585699999998,272.665325,284.46980200000002,284.46980200000002,280.973544,288.04251299999999,3.4962575400000002,3.57271128
486.10000000000002,0.0117859583,0.0119205291,270.50577800000002,273.594382,284.54488900000001,284.54488900000001,281.09500600000001,288.06569500000001,3.4498830200000001,3.5208058699999998
486.19999999999999,0.0118427312,0.0119672453,271.80880200000001,274.66658999999999,284.79874899999999,284.79874899999999,281.39148699999998,288.27163400000001,3.4072621000000001,3.4728847799999998
486.30000000000001,0.0119062448,0.0120211816,273.26653700000003,275.90451100000001,285.25733000000002,285.25733000000002,281.88848899999999,288.68674600000003,3.3688410900000001,3.4294162400000001
486.39999999999998,0.011977431,0.0120833044,274.90036800000001,277.33032500000002,285.94562999999999,285.94562999999999,282.61060400000002,289.336454,3.3350255199999999,3.3908240300000001
486.5,0.0120567629,0.012154074799999999,276.72115700000001,278.95461399999999,286.87323500000002,286.87323500000002,283.56737800000002,290.23037699999998,3.3058563300000001,3.3571426500000001
486.60000000000002,0.012139255999999999,0.012227313700000001,278.61450000000002,280.635558,287.80112800000001,287.80112800000001,284.52754800000002,291.12111599999997,3.2735794,3.3199884499999999
486.69999999999999,0.012230561399999999,0.012305624100000001,280.71009800000002,282.43290200000001,288.541022,288.541022,285.318398,291.80320699999999,3.22262453,3.2621848299999998
486.80000000000001,0.012328556900000001,0.0123875164,282.95924400000001,284.31245699999999,289.11021,289.11021,285.954204,292.29728799999998,3.1560054499999999,3.1870789300000002
486.89999999999998,0.012431122899999999,0.0124714613,285.31329299999999,286.23912100000001,289.52159999999998,289.52159999999998,286.44509900000003,292.61936100000003,3.0765008599999999,3.0977603999999999
487,0.0125361429,0.0125558895,287.72366199999999,288.17687599999999,289.78372400000001,289.78372400000001,286.79707000000002,292.78078599999998,2.9866543399999999,2.9970613799999999
487.10000000000002,0.01263923,0.012637642399999999,290.08966900000001,290.05323099999998,289.92404399999998,289.92404399999998,287.01684999999998,292.83070199999997,2.9071934399999999,2.9066585100000002
487.19999999999999,0.0127292159,0.012709553,292.15498200000002,291.703689,290.10365000000002,290.10365000000002,287.10576300000002,293.09491200000002,2.9978871800000002,2.9912618499999999
487.30000000000001,0.012798359699999999,0.012766982099999999,293.74194,293.02177399999999,290.468458,290.468458,287.40930700000001,293.51703700000002,3.059151,3.0485784100000002
487.39999999999998,0.012844648700000001,0.012807919399999999,294.80434200000002,293.96134899999998,290.97255699999999,290.97255699999999,287.88204400000001,294.05069300000002,3.0905122600000001,3.0781364899999999
487.5,0.0128659508,0.0128302464,295.29325799999998,294.47378800000001,291.56839200000002,291.56839200000002,288.47696200000001,294.64779199999998,3.0914304700000002,3.0794000100000001
487.60000000000002,0.0128600152,0.012831735800000001,295.15702700000003,294.507971,292.206771,292.206771,289.14547399999998,295.25853999999998,3.06129724,3.05176859
487.69999999999999,0.0128347332,0.012818579700000001,294.57676700000002,294.20601900000003,292.891549,292.891549,289.88304099999999,295.89461399999999,3.0085079000000001,3.0030650400000001
487.80000000000001,0.012802318,0.012803751800000001,293.832787,293.86569600000001,293.98237499999999,293.98237499999999,291.03596599999997,296.92954099999997,2.9464095600000002,2.9471652599999998
487.89999999999998,0.0127653162,0.0127902776,292.98353900000001,293.556442,295.58764300000001,295.58764300000001,292.51952899999998,298.66891199999998,3.06811385,3.0812692799999999
488,0.012723580700000001,0.012776591699999999,292.025645,293.24232999999998,297.55603000000002,297.55603000000002,294.34227399999997,300.79772400000002,3.2137559499999999,3.2416943800000002
488.10000000000002,0.012677031300000001,0.012761218899999999,290.957266,292.8895,299.74014499999998,299.74014499999998,296.36454900000001,303.16011200000003,3.3755968099999998,3.4199662000000002
488.19999999999999,0.012625655,0.0127427737,289.77810099999999,292.46615500000001,301.99652700000001,301.99652700000001,298.45048700000001,305.60429099999999,3.5460395400000002,3.60776465
488.30000000000001,0.0125733375,0.012723876800000001,288.57733400000001,292.032442,304.28237200000001,304.28237200000001,300.56339700000001,308.08068600000001,3.7189750199999998,3.7983138200000002
488.39999999999998,0.0125230928,0.0126954827,287.42414300000002,291.38075300000003,305.40873599999998,305.40873599999998,301.580376,309.32794899999999,3.8283590900000002,3.9192137599999999
488.5,0.0124760253,0.012657903700000001,286.34386999999998,290.518259,305.31836600000003,305.31836600000003,301.44830200000001,309.28428500000001,3.8700641899999999,3.96591965
488.60000000000002,0.0124331579,0.0126134231,285.35999900000002,289.49736100000001,304.16619200000002,304.16619200000002,300.31489499999998,308.11249500000002,3.8512975900000002,3.9463028100000002
488.69999999999999,0.0123956259,0.0125643531,284.498581,288.371128,302.101069,302.101069,298.32223599999998,305.96882699999998,3.7788337099999998,3.8677580499999999
488.80000000000001,0.012364676,0.0125130347,283.78823499999999,287.19329299999998,299.26577400000002,299.26577400000002,295.60676000000001,303.00297799999998,3.6590141699999998,3.7372036799999999
488.89999999999998,0.012330317800000001,0.012456132199999999,282.99966000000001,285.887294,296.125272,296.125272,292.59889900000002,299.71795200000003,3.5263724999999999,3.5926805399999999
489,0.0122870715,0.0123991473,282.007091,284.57940300000001,293.69941699999998,293.69941699999998,290.25899800000002,297.19890400000003,3.4404191599999998,3.4994865100000001
489.10000000000002,0.0122355368,0.0123423149,280.82429300000001,283.275013,291.963932,291.963932,288.56465800000001,295.41948100000002,3.3992738899999999,3.4555491800000002
489.19999999999999,0.012176302599999999,0.0122858968,279.46477700000003,281.98013200000003,290.89820800000001,290.89820800000001,287.49694599999998,294.35723000000002,3.4012619399999999,3.4590214100000001
489.30000000000001,0.0121099468,0.012230181499999999,277.94180899999998,280.70137899999997,290.48531100000002,290.48531100000002,287.04039699999998,293.99359299999998,3.4449140599999999,3.5082814
489.39999999999998,0.0120373935,0.0121751011,276.27659999999997,279.43720100000002,290.642966,290.642966,287.11801300000002,294.24049500000001,3.5249530099999999,3.5975290900000001
489.5,0.011960722999999999,0.0121195572,274.51689499999998,278.16238299999998,291.08729599999998,291.08729599999998,287.46303,294.79527200000001,3.6242658300000001,3.7079762700000001
489.60000000000002,0.0118812734,0.0120634399,272.69340599999998,276.87440500000002,291.69795099999999,291.69795099999999,287.96280400000001,295.52910400000002,3.7351466599999998,3.8311539300000002
489.69999999999999,0.0117997116,0.0120068781,270.821437,275.57622600000002,292.43411099999997,292.43411099999997,288.579339,296.39806499999997,3.8547715,3.9639545300000001
489.80000000000001,0.011716711499999999,0.0119500135,268.91645699999998,274.271096,293.25572499999998,293.25572499999998,289.275374,297.35903200000001,3.98035008,4.1033073199999999
489.89999999999998,0.0116329538,0.0118930006,266.99409100000003,272.96256199999999,294.12350500000002,294.12350500000002,290.01437900000002,298.36968300000001,4.1091258599999998,4.2461783799999999
490,0.011549253900000001,0.0118369241,265.07305000000002,271.675521,295.08428099999998,295.08428099999998,290.84150399999999,299.47867000000002,4.24277748,4.3943883799999996
490.10000000000002,0.0114637957,0.011779499800000001,263.11165299999999,270.35754400000002,296.04752400000001,296.04752400000001,291.66922699999998,300.59220699999997,4.3782970199999998,4.5446826299999996
490.19999999999999,0.0113756962,0.011719032799999999,261.08963399999999,268.96973500000001,296.90827400000001,296.90827400000001,292.39728500000001,301.600212,4.5109892800000004,4.69193807
490.30000000000001,0.0112867121,0.0116574928,259.04731299999997,267.55729700000001,297.72905500000002,297.72905500000002,293.08661999999998,302.56690300000002,4.6424352999999998,4.8378479299999997
490.39999999999998,0.011198567600000001,0.0115968185,257.02426200000002,266.16473000000002,298.571845,298.571845,293.79762599999998,303.55595499999998,4.7742193400000001,4.9841096499999997
490.5,0.0111129542,0.011538918299999999,255.059302,264.83583199999998,299.49807399999997,299.49807399999997,294.59014500000001,304.63049899999999,4.9079288200000004,5.1324248399999997
490.60000000000002,0.0110275931,0.0114797441,253.10013499999999,263.47769399999999,300.27085699999998,300.27085699999998,295.23760700000003,305.54240299999998,5.0332496000000004,5.2715469099999996
490.69999999999999,0.010947913700000001,0.0114248723,251.27137099999999,262.21830199999999,301.030146,301.030146,295.877905,306.43376000000001,5.1522416700000004,5.4036133199999998
490.80000000000001,0.0108747876,0.0113749179,249.593017,261.07177100000001,301.76917400000002,301.76917400000002,296.50548900000001,307.29644300000001,5.2636848000000001,5.5272686000000002
490.89999999999998,0.010807043800000001,0.011328063399999999,248.03819100000001,259.99638900000002,302.39363600000001,302.39363600000001,297.02990199999999,308.03196200000002,5.3637337699999996,5.6383268900000001
491,0.010743506200000001,0.011282481299999999,246.57990699999999,258.95021000000003,302.80855400000002,302.80855400000002,297.36004200000002,308.54112300000003,5.4485122800000001,5.7325684600000004
491.10000000000002,0.010682994499999999,0.011236334000000001,245.19107099999999,257.89105699999999,302.91828199999998,302.91828199999998,297.40416900000002,308.72402199999999,5.5141129900000001,5.8057396199999998
491.19999999999999,0.0106309617,0.011196156000000001,243.996837,256.96891199999999,302.96081500000003,302.96081500000003,297.39304199999998,308.82646299999999,5.5677730399999996,5.8656475800000001
491.30000000000001,0.010590869899999999,0.0111632811,243.07666900000001,256.214383,302.79355199999998,302.79355199999998,297.195044,308.693738,5.5985079899999999,5.9001860600000002
491.39999999999998,0.010562284599999999,0.011137388099999999,242.42059399999999,255.62010000000001,302.41834599999999,302.41834599999999,296.81150100000002,308.32828799999999,5.6068452899999999,5.9099422500000003
491.5,0.0105448418,0.0111182174,242.02025499999999,255.18010200000001,301.83774099999999,301.83774099999999,296.244461,307.73320699999999,5.5932796900000001,5.8954659899999999
491.60000000000002,0.010538247400000001,0.0111055706,241.86890299999999,254.889838,301.05497100000002,301.05497100000002,295.49669799999998,306.91224099999999,5.5582732100000003,5.8572696999999998
491.69999999999999,0.010540796700000001,0.011098538999999999,241.927412,254.728452,300.11395800000003,300.11395800000003,294.60811899999999,305.91374500000001,5.5058397000000001,5.7997868099999996
491.80000000000001,0.0105416112,0.011089955300000001,241.94610800000001,254.531442,299.15217200000001,299.15217200000001,293.69815399999999,304.89518299999997,5.4540179899999996,5.7430118800000001
491.89999999999998,0.010531416599999999,0.0110708209,241.71212499999999,254.09227899999999,297.98555499999998,297.98555499999998,292.583347,303.67204500000003,5.4022074900000003,5.6864899099999997
492,0.0105106166,0.0110426399,241.23473300000001,253.445482,296.738134,296.738134,291.38154600000001,302.375114,5.3565879299999999,5.6369803100000002
492.10000000000002,0.010479529899999999,0.0110068453,240.52124599999999,252.623942,295.53349800000001,295.53349800000001,290.21009800000002,301.13481000000002,5.3234002299999998,5.60131142
492.19999999999999,0.0104383897,0.0109647996,239.57701499999999,251.658928,294.4948,294.4948,289.18585400000001,300.08118100000002,5.3089465499999999,5.5863805099999997
492.30000000000001,0.0103910819,0.0109195445,238.49123,250.62025499999999,293.62316199999998,293.62316199999998,288.313715,299.21112499999998,5.30944737,5.5879631600000002
492.39999999999998,0.0103482503,0.0108809145,237.50817799999999,249.73363699999999,293.07844599999999,293.07844599999999,287.75557800000001,298.68204300000002,5.3228673999999998,5.6035975799999997
492.5,0.010315037799999999,0.010855524700000001,236.745902,249.150903,293.13226900000001,293.13226900000001,287.77373499999999,298.77565499999997,5.35853337,5.6433863200000003
492.60000000000002,0.010291520199999999,0.0108430157,236.20613499999999,248.86380199999999,293.74098600000002,293.74098600000002,288.326931,299.445697,5.4140556000000002,5.7047104800000001
492.69999999999999,0.0102778244,0.010843085000000001,235.89179799999999,248.86539300000001,294.862684,294.862684,289.37559900000002,300.64767799999998,5.4870850400000002,5.7849944799999999
492.80000000000001,0.010274129700000001,0.010855486899999999,235.806997,249.150036,296.45717300000001,296.45717300000001,290.88186000000002,302.33887900000002,5.5753131900000001,5.8817060699999999
492.89999999999998,0.0102761617,0.0108723959,235.85363599999999,249.53812199999999,298.05584499999998,298.05584499999998,292.397739,304.02818400000001,5.65810558,5.9723390399999996
493,0.010275519800000001,0.010886254099999999,235.83890299999999,249.856189,299.55383999999998,299.55383999999998,293.81564100000003,305.61391500000002,5.7381993199999997,6.0600747799999999
493.10000000000002,0.0102702425,0.010894411999999999,235.71778,250.04342600000001,300.83435500000002,300.83435500000002,295.02301799999998,306.974648,5.8113364499999998,6.1402927199999997
493.19999999999999,0.0102607167,0.010894805,235.49914799999999,250.052446,301.65050000000002,301.65050000000002,295.78646099999997,307.84872200000001,5.8640386600000003,6.1982224199999996
493.30000000000001,0.010247270399999999,0.0108853236,235.19053600000001,249.83483200000001,301.755518,301.755518,295.87262500000003,307.97468400000002,5.8828929600000004,6.2191662900000004
493.39999999999998,0.010230172399999999,0.0108638133,234.79811000000001,249.341138,300.90277900000001,300.90277900000001,295.048227,307.09127899999999,5.8545516800000001,6.1884996000000001
493.5,0.0102084477,0.010840002200000001,234.29949500000001,248.79463699999999,300.18650000000002,300.18650000000002,294.34848099999999,306.35736800000001,5.8380195400000003,6.1708678600000004
493.60000000000002,0.0101858574,0.0108118473,233.781013,248.148439,299.08749499999999,299.08749499999999,293.28545300000002,305.21945099999999,5.8020411799999998,6.1319568200000001
493.69999999999999,0.0101616031,0.010780326200000001,233.22434100000001,247.424982,297.77270900000002,297.77270900000002,292.01644900000002,303.85505599999999,5.7562608900000001,6.0823466799999997
493.80000000000001,0.0101345962,0.010746686,232.604489,246.65288899999999,296.46084999999999,296.46084999999999,290.74749500000001,302.49679500000002,5.7133552300000003,6.0359451399999999
493.89999999999998,0.010103714999999999,0.010712190700000001,231.89571900000001,245.86116699999999,295.37502899999998,295.37502899999998,289.688762,301.381981,5.6862668899999997,6.00695201
494,0.0100683987,0.010677592,231.08515700000001,245.06707599999999,294.63933300000002,294.63933300000002,288.957201,300.64252900000002,5.6821320899999996,6.0031954199999999
494.10000000000002,0.0100339226,0.010638692199999999,230.29387800000001,244.17426499999999,293.38654600000001,293.38654600000001,287.736808,299.35501699999998,5.6497387000000003,5.96847058
494.19999999999999,0.010001824499999999,0.010595483899999999,229.557176,243.182568,291.49077699999998,291.49077699999998,285.90988700000003,297.38454300000001,5.5808897699999997,5.8937662700000004
494.30000000000001,0.0099717179399999994,0.0105482262,228.866185,242.09793099999999,289.01048500000002,289.01048500000002,283.53141699999998,294.79338999999999,5.4790678899999996,5.7829051900000001
494.39999999999998,0.0099432466699999993,0.010497151200000001,228.212726,240.92568199999999,285.99888900000002,285.99888900000002,280.65144099999998,291.638261,5.3474480900000003,5.6393725400000001
494.5,0.0099160842999999992,0.010442464300000001,227.58930799999999,239.67053300000001,282.50396899999998,282.50396899999998,277.31507199999999,287.97028499999999,5.1888978000000003,5.4663159800000001
494.60000000000002,0.0098896152799999998,0.0103844503,226.98180300000001,238.33902399999999,278.60553299999998,278.60553299999998,273.59727400000003,283.87458400000003,5.00825838,5.2690514100000003
494.69999999999999,0.0098627229099999998,0.0103268562,226.36458200000001,237.01715100000001,274.785348,274.785348,269.95316000000003,279.86214899999999,4.8321880200000003,5.0768003100000003
494.80000000000001,0.0098348512700000001,0.010273796700000001,225.724886,235.79935599999999,271.51793199999997,271.51793199999997,266.831526,276.435676,4.6864060800000003,4.9177436400000003
494.89999999999998,0.0098056551100000004,0.0102238016,225.054789,234.65189000000001,268.677975,268.677975,264.11336799999998,273.46295800000001,4.5646068,4.7849826499999999
495,0.0097748098699999997,0.010175443500000001,224.34684300000001,233.54199800000001,266.14299899999997,266.14299899999997,261.68238500000001,270.81475899999998,4.4606140700000001,4.6717601100000001
495.10000000000002,0.0097420116899999999,0.010127338600000001,223.594075,232.437917,263.79335600000002,263.79335600000002,259.42497400000002,268.36481600000002,4.3683814500000002,4.5714604000000003
495.19999999999999,0.0097102435099999992,0.010082662399999999,222.864947,231.41253,261.71759800000001,261.71759800000001,257.42793899999998,266.20353399999999,4.2896592599999996,4.4859353000000004
495.30000000000001,0.0096811822299999999,0.0100415265,222.197946,230.46839900000001,259.79091499999998,259.79091499999998,255.57474400000001,264.19699700000001,4.2161703599999996,4.4060827199999997
495.39999999999998,0.0096552670400000002,0.0100031983,221.60315299999999,229.588708,257.90113100000002,257.90113100000002,253.75960000000001,262.22603199999998,4.1415307300000004,4.3249010500000002
495.5,0.0096338583299999999,0.0099690507400000006,221.11179000000001,228.804969,256.08078399999999,256.08078399999999,252.01466199999999,260.32356299999998,4.0661222600000002,4.2427788199999998
495.60000000000002,0.0096183612399999997,0.0099405166199999992,220.75610800000001,228.15006700000001,254.365013,254.365013,250.37459200000001,258.52521899999999,3.9904207500000002,4.1602063899999999
495.69999999999999,0.0096102255700000003,0.0099190885800000007,220.56938199999999,227.65826100000001,252.79155800000001,252.79155800000001,248.87656200000001,256.86933399999998,3.9149958200000001,4.0777759800000002
495.80000000000001,0.0096032782400000006,0.0098972061100000008,220.40993,227.156025,251.073995,251.073995,247.24324200000001,255.05965699999999,3.8307528500000001,3.9856617399999998
495.89999999999998,0.0095953724100000005,0.0098690306900000007,220.22847899999999,226.509355,248.777917,248.777917,245.06114700000001,252.638913,3.7167700400000001,3.86099624
496,0.0095862574699999998,0.0098342749699999992,220.01927699999999,225.711659,245.89373699999999,245.89373699999999,242.32095100000001,249.59723700000001,3.5727865200000002,3.7034992600000001
496.10000000000002,0.0095756953200000008,0.0097931528799999994,219.77686,224.767844,242.46314899999999,242.46314899999999,239.06190000000001,245.979005,3.4012490400000002,3.5158557500000001
496.19999999999999,0.0095634225599999997,0.0097458252600000003,219.495181,223.681602,238.52436800000001,238.52436800000001,235.31992299999999,241.82494500000001,3.2044449199999998,3.3005766599999999
496.30000000000001,0.0095490790900000008,0.0096923770699999991,219.165977,222.45488499999999,234.11555799999999,234.11555799999999,231.13080400000001,237.17583500000001,2.9847542900000001,3.0602766699999999
496.39999999999998,0.0095285884100000003,0.0096314707499999992,218.695684,221.05699100000001,229.428899,229.428899,226.67250100000001,232.23952,2.7563983900000002,2.8106205000000002
496.5,0.0094991508599999996,0.0095609762500000004,218.02004700000001,219.43903499999999,224.469989,224.469989,221.94755000000001,227.025013,2.52243993,2.5550237899999999
496.60000000000002,0.0094601517899999994,0.0094810881999999996,217.12495899999999,217.60548199999999,219.30915300000001,219.30915300000001,217.02193600000001,221.60740300000001,2.28721643,2.2982505500000001
496.69999999999999,0.0094109083799999993,0.0093919211000000006,215.99474699999999,215.55896000000001,214.01389699999999,214.01389699999999,211.78026800000001,216.241128,2.2336288799999999,2.2272311899999999
496.80000000000001,0.0093506696900000005,0.0092935093200000006,214.612177,213.30025900000001,208.64891399999999,208.64891399999999,206.28119599999999,210.99737300000001,2.36771859,2.3484586300000001
496.89999999999998,0.0092818712799999994,0.0091893314600000001,213.03314800000001,210.90921800000001,203.378919,203.378919,200.88990100000001,205.83675700000001,2.48901861,2.4578376799999999
497,0.0092140850600000001,0.0090911806700000007,211.477351,208.656507,198.65533400000001,198.65533400000001,196.06421499999999,201.20504099999999,2.5911188900000002,2.5497067499999999
497.10000000000002,0.0091489416700000006,0.0090026291800000009,209.98221100000001,206.62411499999999,194.718141,194.718141,192.05126999999999,197.335711,2.6668702799999999,2.6175708700000002
497.19999999999999,0.0090878879199999991,0.0089257178300000007,208.58093400000001,204.85888199999999,191.66251600000001,191.66251600000001,188.94821300000001,194.32217700000001,2.7143031299999998,2.6596605699999998
497.30000000000001,0.00903239573,0.0088625226600000002,207.30730299999999,203.408456,189.58527100000001,189.58527100000001,186.853857,192.25944699999999,2.7314143,2.6741762499999999
497.39999999999998,0.0089839620700000004,0.0088151549299999993,206.19567599999999,202.32129399999999,188.58484799999999,188.58484799999999,185.86868100000001,191.244136,2.7161671200000002,2.65928823
497.5,0.0089391904599999995,0.0087790053399999998,205.16809900000001,201.49160599999999,188.45676399999999,188.45676399999999,185.78428299999999,191.07527200000001,2.67248156,2.61850782
497.60000000000002,0.0088974614800000004,0.0087520504600000007,204.21035499999999,200.87295,189.04033100000001,189.04033100000001,186.434675,191.596991,2.6056557699999998,2.5566601100000002
497.69999999999999,0.0088604469800000005,0.0087360099800000007,203.360816,200.504797,190.37890899999999,190.37890899999999,187.863021,192.852869,2.5158881599999998,2.4739596100000001
497.80000000000001,0.0088264259499999994,0.0087290092999999999,202.579981,200.34412,192.41697600000001,192.41697600000001,190.013597,194.787531,2.4033788199999999,2.3705546800000001
497.89999999999998,0.0087936889200000007,0.0087291724400000003,201.82861700000001,200.34786399999999,195.097925,195.097925,192.829545,197.34456700000001,2.26838066,2.2466420899999999
498,0.0087605380500000007,0.0087346220800000006,201.06775300000001,200.47294199999999,198.36406600000001,198.36406600000001,196.25286700000001,200.466533,2.1111993099999999,2.1024670300000001
498.10000000000002,0.0087314782599999998,0.0087450991699999994,200.40078700000001,200.71340699999999,201.821789,201.821789,199.74230600000001,203.90845200000001,2.0794836700000001,2.0866623
498.19999999999999,0.0087045318,0.0087587143300000003,199.78232399999999,201.02589599999999,205.434924,205.434924,203.13716500000001,207.76123899999999,2.2977594099999998,2.32631524
498.30000000000001,0.0086795699900000002,0.0087739894399999994,199.20941199999999,201.37648300000001,209.05973399999999,209.05973399999999,206.545041,211.62419,2.5146937899999999,2.5644556999999999
498.39999999999998,0.0086575963200000005,0.0087897189099999991,198.705083,201.73749900000001,212.48879099999999,212.48879099999999,209.770498,215.27671599999999,2.71829257,2.7879251799999998
498.5,0.0086396454399999996,0.0088047016600000007,198.293083,202.08137600000001,215.512596,215.512596,212.616175,218.49600699999999,2.89642109,2.9834107200000002
498.60000000000002,0.0086267831900000008,0.0088177411300000008,197.997874,202.380651,217.919588,217.919588,214.88278399999999,221.05703299999999,3.0368042499999999,3.13744486
498.69999999999999,0.0086153013899999999,0.0088322936699999997,197.73435000000001,202.714654,220.37209899999999,220.37209899999999,217.193861,223.66469799999999,3.1782381499999999,3.2925996500000001
498.80000000000001,0.0086068533799999996,0.0088453610700000001,197.54045500000001,203.01457099999999,222.42280199999999,222.42280199999999,219.127441,225.84386499999999,3.2953614899999999,3.4210622599999998
498.89999999999998,0.0086012362899999997,0.0088573841600000005,197.41153399999999,203.29051999999999,224.134196,224.134196,220.74250699999999,227.66088400000001,3.39168979,3.5266874800000001
499,0.0085982577099999995,0.0088688169100000006,197.34317100000001,203.552919,225.56929700000001,225.56929700000001,222.09854100000001,229.18264500000001,3.4707557699999998,3.6133486600000002
499.10000000000002,0.0085977356900000003,0.0088801263899999996,197.33118999999999,203.812489,226.79163800000001,226.79163800000001,223.255529,230.47657599999999,3.5361093100000001,3.68493776
499.19999999999999,0.0085990698100000002,0.0088918571800000006,197.36180999999999,204.081728,227.906892,227.906892,224.31294299999999,231.65514899999999,3.5939488000000002,3.7482566099999999
499.30000000000001,0.0086000349300000001,0.0089048242399999995,197.383961,204.37934200000001,229.18114800000001,229.18114800000001,225.52056099999999,233.00236799999999,3.6605869200000001,3.82122012
499.39999999999998,0.0085999638600000004,0.0089196398699999992,197.38233,204.71938299999999,230.732574,230.732574,226.98962299999999,234.644003,3.74295087,3.91142981
499.5,0.0085982780400000007,0.0089368806200000005,197.343638,205.11508499999999,232.668398,232.668398,228.82109800000001,236.694152,3.8473001099999999,4.0257539199999997
499.60000000000002,0.0085943917499999994,0.0089571391499999996,197.25444100000001,205.580049,235.09811300000001,235.09811300000001,231.11809199999999,239.26931300000001,3.98002112,4.1711999799999999
499.69999999999999,0.0085877121800000001,0.0089810242700000004,197.101135,206.12824900000001,238.13347300000001,238.13347300000001,233.98584600000001,242.48838799999999,4.1476274599999998,4.3549148500000001
499.80000000000001,0.0085777768800000005,0.0090050850700000001,196.87310500000001,206.68048099999999,241.45209,241.45209,237.11861400000001,246.01076900000001,4.3334752200000004,4.5586795799999997
499.89999999999998,0.0085634004200000006,0.0090244078099999993,196.54314299999999,207.12396799999999,244.63780299999999,244.63780299999999,240.12114199999999,249.39742799999999,4.5166607399999998,4.7596255999999997
500,0.0085434329199999999,0.0090384475700000001,196.084858,207.446202,247.727329,247.727329,243.027061,252.68848399999999,4.70026761,4.9611553199999996
500.10000000000002,0.0085176344199999997,0.0090456527999999998,195.49274299999999,207.61157299999999,250.57833299999999,250.57833299999999,245.70134999999999,255.733597,4.8769827899999996,5.1552644599999997
500.19999999999999,0.0084857468800000006,0.0090444341000000001,194.760875,207.58360200000001,253.045996,253.045996,248.00661700000001,258.37982099999999,5.0393795600000004,5.3338246399999996
500.30000000000001,0.0084474942000000008,0.0090331642200000006,193.88291799999999,207.324941,254.983023,254.983023,249.80310600000001,260.47160700000001,5.1799174700000004,5.4885833100000001
500.39999999999998,0.0084042099800000006,0.0090139774300000003,192.88947899999999,206.88457500000001,256.50355100000002,256.50355100000002,251.20021800000001,262.12824999999998,5.3033333200000001,5.62469923
500.5,0.0083564861100000002,0.0089885252300000006,191.79414299999999,206.300408,257.73171100000002,257.73171100000002,252.31608399999999,263.48044099999998,5.4156268000000001,5.7487305600000003
500.60000000000002,0.0083044331500000002,0.0089562513699999995,190.599448,205.559673,258.60047300000002,258.60047300000002,253.08734000000001,264.457134,5.5131332100000003,5.8566611599999998
500.69999999999999,0.0082482690800000005,0.0089163640199999995,189.310396,204.64419799999999,259.00949300000002,259.00949300000002,253.41917900000001,264.95191399999999,5.5903144899999999,5.9424207600000001
500.80000000000001,0.0081882081799999999,0.0088680811700000001,187.931907,203.53603200000001,258.85975000000002,258.85975000000002,253.21804399999999,264.85977000000003,5.6417064799999999,6.0000201500000001
500.89999999999998,0.0081244610599999992,0.0088106306499999999,186.46881300000001,202.217455,258.05354899999998,258.05354899999998,252.39162999999999,264.07709999999997,5.6619190100000001,6.0235511600000002
501,0.0080575120100000001,0.0087473152799999992,184.93223,200.76427000000001,256.89605,256.89605,251.229389,262.92625800000002,5.6666605099999998,6.0302077199999999
501.10000000000002,0.0079893089499999993,0.0086774179900000002,183.36686499999999,199.160021,255.15393599999999,255.15393599999999,249.512305,261.15822100000003,5.6416305900000001,6.0042849
501.19999999999999,0.0079198006400000003,0.0086013189900000005,181.77154300000001,197.413432,252.871038,252.871038,247.28183300000001,258.81942400000003,5.5892048499999998,5.9483856599999996
501.30000000000001,0.0078489076300000005,0.0085194611099999994,180.14444,195.53466900000001,250.10002299999999,250.10002299999999,244.58776800000001,255.96568099999999,5.51225538,5.8656573700000001
501.39999999999998,0.0077765633900000004,0.0084323182999999999,178.48402899999999,193.53460799999999,246.89574999999999,246.89574999999999,241.48199199999999,252.65511000000001,5.4137578800000004,5.7593605800000001
501.5,0.0077030214699999999,0.0083407234999999993,176.79612900000001,191.432367,243.32448199999999,243.32448199999999,238.02750499999999,248.95754700000001,5.2969767299999999,5.6330650100000002
501.60000000000002,0.0076301149999999998,0.0082470899499999997,175.122815,189.283334,239.48881,239.48881,234.32326699999999,244.97951699999999,5.16554278,5.4907072599999998
501.69999999999999,0.00755674264,0.0081504019999999993,173.438807,187.06419700000001,235.372401,235.372401,230.352723,240.70495500000001,5.0196776700000001,5.3325541300000001
501.80000000000001,0.0074838125,0.0080523641899999995,171.764948,184.81407999999999,231.07918100000001,231.07918100000001,226.21518399999999,236.24282199999999,4.8639969599999997,5.1636409199999997
501.89999999999998,0.0074122458299999998,0.0079547073800000003,170.12238400000001,182.57270600000001,226.71475899999999,226.71475899999999,222.01156700000001,231.703845,4.7031924199999997,4.9890860899999998
502,0.0073429769899999997,0.0078591887900000008,168.53255799999999,180.38040899999999,222.386425,222.386425,217.844393,227.20051599999999,4.5420320399999996,4.8140913000000003
502.10000000000002,0.0072768409900000001,0.0077667484500000003,167.014635,178.25876099999999,218.12429800000001,218.12429800000001,213.743009,222.76378299999999,4.3812885799999997,4.63948465
502.19999999999999,0.0072135506200000001,0.0076765933100000003,165.56202500000001,176.18956299999999,213.86901700000001,213.86901700000001,209.65092000000001,218.331152,4.2180970599999998,4.4621345799999999
502.30000000000001,0.0071529870300000003,0.0075892150699999996,164.171997,174.18409800000001,209.68154799999999,209.68154799999999,205.62573900000001,213.96726200000001,4.0558086700000002,4.2857140600000001
502.39999999999998,0.0070965372299999999,0.0075064072600000004,162.87638799999999,172.28353300000001,205.63613599999999,205.63613599999999,201.73914400000001,209.74914100000001,3.8969914999999999,4.1130054200000004
502.5,0.0070455798799999997,0.0074299563300000001,161.706839,170.52886699999999,201.80696499999999,201.80696499999999,198.062747,205.75376199999999,3.7442186099999999,3.94679665
502.60000000000002,0.0070014852499999999,0.0073616415799999998,160.69479999999999,168.960939,198.268159,198.268159,194.668091,202.05804000000001,3.6000679600000001,3.78988126
502.69999999999999,0.0069609138799999999,0.0072982735199999997,159.76362499999999,167.50654499999999,194.95871500000001,194.95871500000001,191.494112,198.60111699999999,3.4646029600000001,3.6424017000000002
502.80000000000001,0.0069218421700000003,0.0072381147999999998,158.86686900000001,166.12581,191.862054,191.862054,188.523111,195.367683,3.33894329,3.50562855
502.89999999999998,0.0068843168599999997,0.0071815692099999997,158.005606,164.828002,189.01649900000001,189.01649900000001,185.79142300000001,192.398235,3.2250755199999999,3.38173652
503,0.0068478167300000002,0.0071284082699999999,157.16787199999999,163.607877,186.44062299999999,186.44062299999999,183.316123,189.71300299999999,3.1244998399999999,3.27238008
503.10000000000002,0.0068117668099999997,0.0070783492000000003,156.34047100000001,162.458945,184.15171599999999,184.15171599999999,181.11301399999999,187.33091400000001,3.03870131,3.1791982999999999
503.19999999999999,0.0067755383499999997,0.0070310549499999998,155.508973,161.37347,182.16577699999999,182.16577699999999,179.19662700000001,185.26959199999999,2.9691498699999999,3.10381486
503.30000000000001,0.0067431424599999996,0.0069872769200000004,154.76543699999999,160.368697,180.23479900000001,180.23479900000001,177.336072,183.262193,2.8987274699999999,3.02739373
503.39999999999998,0.0067221069100000001,0.0069553194900000004,154.28263899999999,159.63522499999999,178.612574,178.612574,175.77911499999999,181.56894399999999,2.8334595400000002,2.9563696400000001
503.5,0.0067120587299999996,0.0069340469599999998,154.052018,159.14698799999999,177.210971,177.210971,174.44193100000001,180.097005,2.7690396900000001,2.88603422
503.60000000000002,0.0067119130299999998,0.0069213611900000001,154.04867400000001,158.85583,175.899382,175.899382,173.19977,178.70937900000001,2.6996117499999999,2.8099972700000002
503.69999999999999,0.0067206304499999999,0.0069151968800000001,154.248752,158.71435,174.546922,174.546922,171.927662,177.26872399999999,2.61925987,2.7218022799999999
503.80000000000001,0.0067371077499999996,0.0069137128599999998,154.62693200000001,158.68028899999999,173.05128300000001,173.05128300000001,170.527636,175.66800699999999,2.52364715,2.6167233900000002
503.89999999999998,0.0067578670900000004,0.0069179068799999997,155.10338999999999,158.77654799999999,171.79956300000001,171.79956300000001,169.36282,174.320651,2.4367424899999999,2.5210883000000002
504,0.0067790424999999996,0.00692253468,155.58939799999999,158.88276400000001,170.55923999999999,170.55923999999999,168.20920899999999,172.98489599999999,2.3500314100000002,2.4256561300000001
504.10000000000002,0.0067999931100000003,0.0069273929199999999,156.07024699999999,158.99426700000001,169.36124899999999,169.36124899999999,167.095461,171.69418099999999,2.2657878600000001,2.33293142
504.19999999999999,0.0068200821200000003,0.0069322969899999996,156.53131999999999,159.10682299999999,168.23815300000001,168.23815300000001,166.051785,170.48366200000001,2.1863681800000001,2.24550882
504.30000000000001,0.0068386767799999996,0.0069370810999999999,156.95809600000001,159.21662599999999,167.22414000000001,167.22414000000001,165.10992899999999,169.39021299999999,2.1142110399999998,2.1660731000000002
504.39999999999998,0.0068551856699999997,0.0069415780400000002,157.33700099999999,159.319838,166.349897,166.349897,164.29836900000001,168.446957,2.0515283700000002,2.09705977
504.5,0.0068672423700000002,0.0069429913100000004,157.61372,159.35227399999999,165.51623900000001,165.51623900000001,163.52084199999999,167.551558,1.99539686,2.0353188499999999
504.60000000000002,0.0068716261499999999,0.0069374794699999997,157.71433500000001,159.22576900000001,164.58449100000001,164.58449100000001,162.64284900000001,166.56084000000001,1.9416424800000001,1.97634917
504.69999999999999,0.0068687418700000002,0.0069263480199999996,157.64813599999999,158.97028499999999,163.657905,163.657905,161.762563,165.583608,1.89534212,1.9257023
504.80000000000001,0.0068589581099999996,0.00691086227,157.42358400000001,158.61486400000001,162.838492,162.838492,160.97694899999999,164.72739000000001,1.8615427099999999,1.88889777
504.89999999999998,0.0068426071699999999,0.0068922473300000002,157.048305,158.187622,162.22702200000001,162.22702200000001,160.38176000000001,164.098445,1.8452612100000001,1.87142308
505,0.0068209509099999999,0.0068706798900000001,156.55126100000001,157.69261700000001,161.73924299999999,161.73924299999999,159.898461,163.606234,1.8407820100000001,1.86699069
505.10000000000002,0.0067979056499999999,0.0068505793500000002,156.02233699999999,157.231279,161.517528,161.517528,159.66574,163.397076,1.8517880600000001,1.8795487
505.19999999999999,0.0067751512599999999,0.0068345865199999998,155.50008800000001,156.86421899999999,161.70068000000001,161.70068000000001,159.816697,163.61598699999999,1.8839825400000001,1.91530672
505.30000000000001,0.0067523964899999997,0.0068219034599999997,154.97783200000001,156.57312300000001,162.22915499999999,162.22915499999999,160.29466099999999,164.20028199999999,1.9344947100000001,1.97112698
505.39999999999998,0.0067293625900000003,0.0068117399800000002,154.44916900000001,156.339856,163.04320100000001,163.04320100000001,161.04276999999999,165.08704599999999,2.0004303800000001,2.04384576
505.5,0.0067057833200000003,0.00680331366,153.90798799999999,156.14645899999999,164.082854,164.082854,162.00398200000001,166.21312800000001,2.0788719900000001,2.1302734399999999
505.60000000000002,0.0066817381299999999,0.0067951135299999998,153.35611399999999,155.95825300000001,165.18401900000001,165.18401900000001,163.02298200000001,167.404808,2.16103668,2.2207889500000002
505.69999999999999,0.0066539315599999996,0.0067823057400000003,152.71791099999999,155.66429500000001,166.11056400000001,166.11056400000001,163.87290899999999,168.415876,2.2376547900000001,2.3053118700000002
505.80000000000001,0.0066222770999999998,0.0067640099600000001,151.99139299999999,155.24437900000001,166.777692,166.777692,164.47337899999999,169.15670399999999,2.3043137599999999,2.3790112699999999
505.89999999999998,0.0065874190900000002,0.0067401635999999997,151.191348,154.697068,167.12644,167.12644,164.76919000000001,169.56419,2.3572494000000002,2.4377503800000002
506,0.0065499848200000002,0.00671066766,150.33217400000001,154.02009100000001,167.09543300000001,167.09543300000001,164.70284599999999,169.57270399999999,2.3925864699999999,2.4772711900000002
506.10000000000002,0.0065105845200000003,0.0066753867,149.427877,153.210339,166.62088700000001,166.62088700000001,164.21454800000001,169.114082,2.40633878,2.4931945199999999
506.19999999999999,0.00646769736,0.0066356313599999998,148.44355100000001,152.29789299999999,165.96328800000001,165.96328800000001,163.54946200000001,168.46562,2.4138259099999999,2.5023322100000001
506.30000000000001,0.0064203612500000002,0.0065907773700000002,147.35711499999999,151.26842600000001,165.13579999999999,165.13579999999999,162.71910299999999,167.64231100000001,2.4166966200000002,2.5065110800000001
506.39999999999998,0.0063689988799999998,0.00654105207,146.17827,150.12715399999999,164.12774300000001,164.12774300000001,161.713776,166.63238699999999,2.41396685,2.5046441000000002
506.5,0.00631399092,0.0064866504899999998,144.915753,148.87855400000001,162.92848699999999,162.92848699999999,160.52378999999999,165.42418000000001,2.40469665,2.4956934799999999
506.60000000000002,0.0062556760499999997,0.0064277353799999997,143.577337,147.52636200000001,161.52745100000001,161.52745100000001,159.13946100000001,164.006122,2.3879902099999999,2.47867069
506.69999999999999,0.0061948816100000003,0.0063651532699999999,142.18201199999999,146.09000700000001,159.945626,159.945626,157.58148299999999,162.399508,2.3641435999999998,2.4538819200000002
506.80000000000001,0.0061349251800000004,0.0063032740999999998,140.80591999999999,144.66978599999999,158.368945,158.368945,156.029203,160.79741200000001,2.3397419199999998,2.4284669000000001
506.89999999999998,0.00607844457,0.0062457162200000001,139.509604,143.34874400000001,156.96024199999999,156.96024199999999,154.63942499999999,159.36921599999999,2.3208166600000002,2.40897389
507,0.0060254572800000003,0.0061922144499999996,138.293464,142.12079700000001,155.69042899999999,155.69042899999999,153.38462100000001,158.08412300000001,2.3058076199999999,2.3936937
507.10000000000002,0.0059759829799999999,0.0061425347700000002,137.15795399999999,140.980572,154.533492,154.533492,152.24017599999999,156.91458499999999,2.2933154,2.3810932400000002
507.19999999999999,0.0059300435599999998,0.0060964743499999996,136.10357400000001,139.92341500000001,153.466489,153.466489,151.18438699999999,155.83630400000001,2.2821014900000001,2.3698155600000002
507.30000000000001,0.0058889020300000004,0.0060549325600000002,135.159313,138.969967,152.48047099999999,152.48047099999999,150.210027,154.83841699999999,2.2704434600000001,2.3579465800000001
507.39999999999998,0.0058566543099999998,0.0060192467800000002,134.41917799999999,138.150924,151.38165900000001,151.38165900000001,149.137643,153.711367,2.24401611,2.3297072600000002
507.5,0.00583534424,0.0059897369700000003,133.93007900000001,137.47362899999999,150.03712200000001,150.03712200000001,147.84337300000001,152.312241,2.1937490300000002,2.2751186799999998
507.60000000000002,0.0058246626800000003,0.0059668010399999997,133.684921,136.947214,148.51352399999999,148.51352399999999,146.390041,150.71191899999999,2.12348384,2.1983950600000002
507.69999999999999,0.0058243586100000001,0.0059508842399999999,133.677942,136.58189899999999,146.877746,146.877746,144.84073000000001,148.98144500000001,2.0370161000000002,2.1036989400000001
507.80000000000001,0.0058342390399999996,0.0059424791899999998,133.90471299999999,136.38899000000001,145.19688199999999,145.19688199999999,143.25878599999999,147.19202300000001,1.93809538,1.99514122
507.89999999999998,0.0058530765000000002,0.0059408976199999998,134.337062,136.35269099999999,143.49901199999999,143.49901199999999,141.669588,145.37472,1.8294238700000001,1.8757082599999999
508,0.0058785486599999999,0.0059467149000000004,134.92168699999999,136.48620600000001,142.03314,142.03314,140.306636,143.795569,1.72650393,1.7624295999999999
508.10000000000002,0.0059101934100000003,0.00596029435,135.64798200000001,136.797875,140.87476899999999,140.87476899999999,139.240972,142.53497100000001,1.6337970900000001,1.6602018000000001
508.19999999999999,0.0059481344,0.0059817543300000001,136.51878600000001,137.290415,140.02619000000001,140.02619000000001,138.47488799999999,141.595212,1.55130272,1.56902144
508.30000000000001,0.0059925252000000004,0.0060112567400000001,137.537623,137.96754000000001,139.491793,139.491793,138.01269099999999,140.98076699999999,1.4791019299999999,1.4889740199999999
508.39999999999998,0.0060435493699999999,0.0060490069399999997,138.70870600000001,138.83396500000001,139.27806699999999,139.27806699999999,137.86071000000001,140.69830099999999,1.4173576000000001,1.4202338999999999
508.5,0.00609376133,0.0060851345900000001,139.86114699999999,139.66315,138.961161,138.961161,137.52905200000001,140.39036400000001,1.43210897,1.4292022200000001
508.60000000000002,0.0061411843700000003,0.0061115838099999997,140.949578,140.27019999999999,137.86149499999999,137.86149499999999,136.33723000000001,139.37578600000001,1.52426488,1.51429109
508.69999999999999,0.0061844892700000003,0.0061277292799999999,141.94349199999999,140.64076299999999,136.021998,136.021998,134.382554,137.64231699999999,1.63944399,1.62031894
508.80000000000001,0.0062223175300000003,0.00613286465,142.81170800000001,140.75862799999999,133.479525,133.479525,131.70471699999999,135.22419199999999,1.77480756,1.74466677
508.89999999999998,0.0062532814600000002,0.0061262025600000002,143.522378,140.60572300000001,130.26485500000001,130.26485500000001,128.337144,132.14974699999999,1.92771089,1.8848921700000001
509,0.0062764884700000001,0.00610769213,144.055014,140.18088,126.445313,126.445313,124.35062499999999,128.483125,2.0946875700000001,2.03781232
509.10000000000002,0.0062919200200000002,0.0060811071799999998,144.40919199999999,139.57071500000001,122.41611399999999,122.41611399999999,120.155075,124.60611900000001,2.26103838,2.19000583
509.19999999999999,0.0062932052299999996,0.0060451724499999996,144.43869000000001,138.745958,118.562636,118.562636,116.15707999999999,120.884618,2.4055561299999999,2.32198248
509.30000000000001,0.0062811878699999997,0.00600029133,144.16287299999999,137.715867,114.85830300000001,114.85830300000001,112.32816200000001,117.293797,2.5301409100000001,2.4354939500000001
509.39999999999998,0.0062566416800000002,0.0059468110399999996,143.59950000000001,136.48841300000001,111.276377,111.276377,108.639754,113.808604,2.63662302,2.5322268299999999
509.5,0.0062202703600000003,0.0058850226400000002,142.764723,135.07027500000001,107.789958,107.789958,105.06319499999999,110.403761,2.7267629900000001,2.6138026000000001
509.60000000000002,0.0061749519500000002,0.0058183401700000002,141.72459599999999,133.53980999999999,104.521023,104.521023,101.721878,107.200008,2.7991443399999998,2.67898543
509.69999999999999,0.0061280884000000004,0.0057548329500000002,140.64900600000001,132.082222,101.70908,101.70908,98.856199399999994,104.436193,2.8528801000000001,2.72711317
509.80000000000001,0.0060838208600000002,0.0056981392199999996,139.63299799999999,130.781014,99.396707699999993,99.396707699999993,96.505838199999999,102.157623,2.8908695,2.7609156100000001
509.89999999999998,0.00604252325,0.0056490358500000002,138.68515400000001,129.65401700000001,97.634527700000007,97.634527700000007,94.722890800000002,100.41358099999999,2.9116369500000001,2.7790529400000001
510,0.0060045906899999996,0.0056083402799999996,137.81454400000001,128.71999099999999,96.475666599999997,96.475666599999997,93.562029800000005,99.255788300000006,2.91363672,2.7801217299999998
510.10000000000002,0.0059704394799999999,0.0055769105099999997,137.030722,127.99863000000001,95.975757400000006,95.975757400000006,93.080504399999995,98.738412199999999,2.89525291,2.7626548899999999
510.19999999999999,0.0059374045199999999,0.0055502543700000004,136.27251899999999,127.38683,95.883025900000007,95.883025900000007,93.020072499999998,98.615530500000006,2.8629533399999998,2.7325046400000002
510.30000000000001,0.0059114582500000004,0.0055300315000000001,135.67701199999999,126.922685,95.884613700000003,95.884613700000003,93.049793199999996,98.590913999999998,2.8348205000000002,2.7063002799999998
510.39999999999998,0.0058937322900000002,0.0055165809999999996,135.270174,126.613975,95.9238146,95.9238146,93.109629699999999,98.610919999999993,2.8141849900000002,2.6871053699999998
510.5,0.0058814286500000002,0.00550771539,134.987787,126.41049599999999,96.000099300000002,96.000099300000002,93.202060200000005,98.672217200000006,2.7980390599999998,2.6721178700000001
510.60000000000002,0.00587183168,0.0055012877999999999,134.76752200000001,126.262973,96.110481199999995,96.110481199999995,93.326925900000006,98.769183200000001,2.7835552899999998,2.6587020200000002
510.69999999999999,0.00586230802,0.0054951920600000001,134.54893899999999,126.12306599999999,96.249516999999997,96.249516999999997,93.481430399999994,98.8939053,2.7680865699999999,2.64438832
510.80000000000001,0.0058542333299999999,0.00549184685,134.36361299999999,126.046289,96.557593999999995,96.557593999999995,93.809686900000003,99.183396400000007,2.7479070600000002,2.62580239
510.89999999999998,0.0058312828800000001,0.0054809778599999998,133.83686499999999,125.796829,97.291245099999998,97.291245099999998,94.595419899999996,99.869036399999999,2.6958251600000001,2.57779129
511,0.00579417879,0.0054630562699999998,132.98526899999999,125.385501,98.440866600000007,98.440866600000007,95.827887700000005,100.942275,2.6129789099999998,2.5014085000000001
511.10000000000002,0.0057448102300000003,0.0054393129399999997,131.85218499999999,124.84055499999999,99.981138900000005,99.981138900000005,97.478786099999994,102.380556,2.5023528100000001,2.3994167200000001
511.19999999999999,0.0056850426700000003,0.0054109668399999998,130.48042799999999,124.189969,101.88742999999999,101.88742999999999,99.520549500000001,104.16196100000001,2.3668802100000002,2.27453145
511.30000000000001,0.0056168390000000002,0.0053793041200000001,128.91505000000001,123.463261,104.13419,104.13419,101.924556,106.26378800000001,2.2096339,2.1295974700000002
511.39999999999998,0.0055428251099999999,0.0053467308000000003,127.216318,122.715653,106.758752,106.758752,104.72668299999999,108.72474699999999,2.0320685200000002,1.96599532
511.5,0.0054622365100000002,0.0053159524499999996,125.366686,122.009243,110.105581,110.105581,108.28501799999999,111.87685399999999,1.8205625999999999,1.7712727699999999
511.60000000000002,0.0053778751600000001,0.00528798245,123.430464,121.367289,114.052395,114.052395,112.469705,115.60479599999999,1.5826897200000001,1.55240073
511.69999999999999,0.0052924994699999998,0.0052638435300000003,121.470961,120.81326300000001,118.481426,118.481426,117.15561700000001,119.797579,1.3258086600000001,1.31615316
511.80000000000001,0.0052088243700000002,0.00524456774,119.55049,120.37085500000001,123.279422,123.279422,121.88606,124.691621,1.3933619800000001,1.4121998200000001
511.89999999999998,0.0051283429799999997,0.0052294376699999999,117.70331899999999,120.023596,128.25003599999999,128.25003599999999,126.513504,130.03984700000001,1.7365316399999999,1.7898115999999999
512,0.0050545604199999997,0.0052137850600000001,116.009896,119.664345,132.621028,132.621028,130.57975099999999,134.74622199999999,2.04127715,2.12519335
512.10000000000002,0.0049941513599999999,0.0051956972299999999,114.62341499999999,119.249202,135.64971700000001,135.64971700000001,133.38810699999999,138.01754700000001,2.2616096699999999,2.36783045
512.20000000000005,0.0049470131400000004,0.0051758984799999998,113.541521,118.79479000000001,137.42001500000001,137.42001500000001,135.017934,139.94272699999999,2.40208179,2.5227113000000001
512.29999999999995,0.0049130520699999999,0.0051550513300000003,112.762063,118.316316,138.008669,138.008669,135.54181199999999,140.60306700000001,2.4668568899999999,2.5943978300000001
512.39999999999998,0.0048921833999999997,0.00513375658,112.283095,117.827569,137.48525000000001,137.48525000000001,135.025541,140.07227499999999,2.4597091,2.5870254899999998
512.5,0.0048815010399999997,0.00511258918,112.037918,117.341745,136.146221,136.146221,133.74698599999999,138.66724600000001,2.3992349499999999,2.5210254000000001
512.60000000000002,0.0048795491999999996,0.00509767269,111.993121,116.999388,134.748884,134.748884,132.421841,137.19088500000001,2.3270429300000002,2.44200062
512.70000000000005,0.0048858272299999997,0.0050914217500000001,112.13721099999999,116.85592,133.58588700000001,133.58588700000001,131.32673600000001,135.95339300000001,2.2591508299999998,2.3675053699999999
512.79999999999995,0.0048987690399999997,0.0050924250200000002,112.434245,116.878946,132.63743199999999,132.63743199999999,130.44137699999999,134.93555000000001,2.19605563,2.2981182000000002
512.89999999999998,0.0049168014000000003,0.00509928442,112.848116,117.03637999999999,131.885682,131.885682,129.74731700000001,134.12022200000001,2.1383654299999999,2.2345395099999998
513,0.0049383439600000001,0.0051106151000000002,113.34255,117.296437,131.314761,131.314761,129.22796199999999,133.49235200000001,2.0867993399999998,2.17759145
513.10000000000002,0.0049636698199999997,0.00512407989,113.923817,117.605474,130.65862000000001,130.65862000000001,128.63164499999999,132.77013700000001,2.0269753000000001,2.1115162700000001
513.20000000000005,0.0049884600699999998,0.0051357576600000003,114.49279199999999,117.873497,129.859633,129.859633,127.89953,131.89736600000001,1.9601032199999999,2.0377335099999998
513.29999999999995,0.0050117869800000003,0.0051441877500000002,115.02818000000001,118.06698,128.84090900000001,128.84090900000001,126.957888,130.79370900000001,1.8830210999999999,1.9528003199999999
513.39999999999998,0.0050333562100000001,0.0051482745599999999,115.52322700000001,118.16077900000001,127.5121,127.5121,125.720873,129.36389299999999,1.7912273000000001,1.85179275
513.5,0.0050528477199999998,0.0051469064499999996,115.97058699999999,118.129378,125.783276,125.783276,124.103008,127.513115,1.6802677100000001,1.7298395
513.60000000000002,0.0050699164,0.0051390233899999997,116.36233900000001,117.94844999999999,123.571935,123.571935,122.025828,125.154464,1.5461070699999999,1.5825285499999999
513.70000000000005,0.0050843536399999998,0.0051298206000000004,116.693696,117.73723200000001,121.437043,121.437043,120.01844199999999,122.87960699999999,1.41860122,1.4425636900000001
513.79999999999995,0.0050967258799999998,0.0051161614000000003,116.97765800000001,117.423733,119.00527099999999,119.00527099999999,117.72788300000001,120.292902,1.2773876900000001,1.2876307899999999
513.89999999999998,0.005106396,0.0050989321299999999,117.199602,117.028295,116.42093300000001,116.42093300000001,115.21995699999999,117.619394,1.2009761999999999,1.1984612800000001
514,0.0051127107999999998,0.0050790191699999999,117.34453600000001,116.571262,113.82965299999999,113.82965299999999,112.525598,115.122355,1.304055,1.29270274
514.10000000000002,0.0051150010100000001,0.0050573088899999999,117.39709999999999,116.07297699999999,111.378361,111.378361,109.980782,112.756502,1.3975797000000001,1.37814057
514.20000000000005,0.0051148817600000004,0.0050352355099999996,117.394363,115.56636,109.085257,109.085257,107.60263500000001,110.541043,1.48262191,1.45578542
514.29999999999995,0.0051217044300000004,0.0050181346099999998,117.550954,115.173868,106.74601800000001,106.74601800000001,105.169129,108.288009,1.5768888400000001,1.5419913999999999
514.39999999999998,0.0051406010699999996,0.0050118468099999997,117.984661,115.02955300000001,104.55235399999999,104.55235399999999,102.873541,106.18778399999999,1.6788128,1.6354295700000001
514.5,0.0051712811100000002,0.0050161222199999996,118.68881399999999,115.12768,102.501842,102.501842,100.713673,104.237731,1.78816942,1.7358892500000001
514.60000000000002,0.00521356345,0.0050307922699999999,119.65925900000001,115.46438000000001,100.59162999999999,100.59162999999999,98.686761099999998,102.43491400000001,1.9048686500000001,1.8432846300000001
514.70000000000005,0.0052673765000000004,0.0050557696699999998,120.894351,116.03765,98.818438700000002,98.818438700000002,96.789483799999999,100.776093,2.02895483,1.95765476
514.79999999999995,0.00532939864,0.0050884750899999999,122.317854,116.78828900000001,97.183470999999997,97.183470999999997,95.026681699999997,99.259082100000001,2.1567893200000001,2.0756110900000002
514.89999999999998,0.0053886707700000003,0.0051200695799999999,123.67824,117.513431,95.656383700000006,95.656383700000006,93.378742299999999,97.843520900000001,2.2776413500000001,2.1871372600000001
515,0.0054404462399999997,0.00514665499,124.86656600000001,118.12360700000001,94.216752999999997,94.216752999999997,91.829619399999999,96.504894899999996,2.3871336599999999,2.28814188
515.10000000000002,0.00548608477,0.0051693753699999997,125.91404,118.64507500000001,92.873288700000003,92.873288700000003,90.386874700000007,95.252988700000003,2.4864139500000002,2.3796999900000002
515.20000000000005,0.0055269056900000002,0.0051893352299999997,126.850943,119.103184,91.633858399999994,91.633858399999994,89.057240899999996,94.096732900000006,2.57661753,2.4628745099999998
515.29999999999995,0.0055641880100000003,0.0052075995399999998,127.70662900000001,119.522378,90.505488400000004,90.505488400000004,87.846621099999993,93.044204699999995,2.6588672999999998,2.5387162399999998
515.39999999999998,0.0055893481199999996,0.0052189083799999997,128.28409199999999,119.781933,89.637914899999998,89.637914899999998,86.919600700000004,92.231410999999994,2.7183142500000002,2.5934960600000001
515.5,0.0056013086200000003,0.0052213463300000004,128.558604,119.83788800000001,88.918985500000005,88.918985500000005,86.161027300000001,91.548917000000003,2.7579582299999998,2.6299314499999999
515.60000000000002,0.0055987450700000002,0.0052142110299999997,128.49976599999999,119.674122,88.383199899999994,88.383199899999994,85.608115100000006,91.028717499999999,2.7750847900000002,2.6455175799999999
515.70000000000005,0.0055791522900000001,0.0051964550599999998,128.050082,119.266595,88.125141600000006,88.125141600000006,85.361671299999998,90.759663500000002,2.7634702899999999,2.6345219900000001
515.79999999999995,0.0055399258800000002,0.0051669384400000002,127.149776,118.58914300000001,88.237810300000007,88.237810300000007,85.5209677,90.8289762,2.7168425300000001,2.59116591
515.89999999999998,0.0054783621999999997,0.0051244285899999997,125.736795,117.613477,88.812622599999997,88.812622599999997,86.183741800000007,91.322246800000002,2.62888075,2.50962423
516,0.00541044497,0.0050801832500000001,124.17799100000001,116.597979,89.723391599999999,89.723391599999999,87.201825400000004,92.133677500000005,2.52156621,2.4102858399999998
516.10000000000002,0.0053410375100000004,0.0050475687200000003,122.58498299999999,115.84942599999999,91.968812200000002,91.968812200000002,89.605744999999999,94.232996200000002,2.3630671699999999,2.26418403
516.20000000000005,0.0052702621699999997,0.0050249672899999997,120.960581,115.33068799999999,95.370159000000001,95.370159000000001,93.210004699999999,97.447662100000002,2.1601542899999999,2.07750316
516.29999999999995,0.0051983086700000004,0.0050108637399999996,119.309138,115.00699,99.7539199,99.7539199,97.8344424,101.61023900000001,1.9194774800000001,1.8563186599999999
516.39999999999998,0.0051254340399999997,0.0050038453400000002,117.636554,114.845907,104.951796,104.951796,103.30423,106.558393,1.64756587,1.60659705
516.5,0.00505270202,0.0050022533300000003,115.967243,114.80936800000001,110.704176,110.704176,109.348964,112.04239099999999,1.35521297,1.3382144899999999
516.60000000000002,0.0049852543400000001,0.0050009551399999999,114.41921499999999,114.779573,116.057204,116.057204,114.826069,117.29661299999999,1.2311347500000001,1.23940954
516.70000000000005,0.0049268639099999999,0.0049930764699999998,113.079066,114.59874499999999,119.9867,119.9867,118.489445,121.518852,1.49725548,1.5321515000000001
516.79999999999995,0.0048781325499999998,0.0049788655100000004,111.960606,114.272582,122.469587,122.469587,120.79248699999999,124.199776,1.67709994,1.73018926
516.89999999999998,0.0048397914099999996,0.0049585906299999998,111.080618,113.807242,123.474363,123.474363,121.70608799999999,125.305249,1.768275,1.83088578
517,0.0048127009500000002,0.0049325403500000004,110.458851,113.209349,122.96111399999999,122.96111399999999,121.19329999999999,124.792086,1.7678132200000001,1.83097222
517.10000000000002,0.0047933267500000001,0.0049028225399999998,110.014184,112.52727899999999,121.437347,121.437347,119.73121999999999,123.20118100000001,1.70612662,1.7638342199999999
517.20000000000005,0.0047674825099999997,0.0048667034499999999,109.421019,111.698291,119.772257,119.772257,118.12892100000001,121.467885,1.6433355300000001,1.6956279700000001
517.29999999999995,0.0047282094399999997,0.0048205528199999998,108.519642,110.63906299999999,118.15337700000001,118.15337700000001,116.557115,119.79830699999999,1.59626212,1.6449298800000001
517.39999999999998,0.0046778153299999996,0.0047681043699999998,107.36302000000001,109.43529100000001,116.782436,116.782436,115.209109,118.40334799999999,1.5733269999999999,1.62091205
517.5,0.0046185276000000001,0.0047130397799999999,106.002275,108.171475,115.862272,115.862272,114.279183,117.495172,1.5830889800000001,1.6328997599999999
517.60000000000002,0.00455249331,0.0046589886800000001,104.486687,106.930919,115.59683200000001,115.59683200000001,113.962587,117.28720300000001,1.63424513,1.69037142
517.70000000000005,0.0044798976999999999,0.0046027033899999998,102.82050700000001,105.63908600000001,115.632227,115.632227,113.924386,117.40479000000001,1.70784081,1.77256313
517.79999999999995,0.0044085683300000003,0.0045548189300000002,101.18338900000001,104.540064,116.441002,116.441002,114.619794,118.33929000000001,1.8212086700000001,1.8982871699999999
517.89999999999998,0.0043410244099999998,0.0045187589100000002,99.633152600000003,103.712431,118.17532799999999,118.17532799999999,116.195397,120.248932,1.97993171,2.0736031700000002
518,0.0042765066300000003,0.0044924661599999999,98.152370899999994,103.10897199999999,120.682378,120.682378,118.505725,122.972849,2.17665351,2.2904707200000001
518.10000000000002,0.0042142392199999998,0.0044738992,96.7232384,102.682832,123.812302,123.812302,121.40810999999999,126.353343,2.40419187,2.54104054
518.20000000000005,0.0041534299199999999,0.0044610322500000001,95.327572000000004,102.38751600000001,127.418228,127.418228,124.76268899999999,130.235883,2.6555387499999998,2.8176545000000002
518.29999999999995,0.0040976805699999997,0.0044544051400000001,94.048039099999997,102.23541400000001,131.26337899999999,131.26337899999999,128.348803,134.36596,2.9145762999999998,3.1025809600000001
518.39999999999998,0.0040537297600000003,0.0044495322699999998,93.039300900000001,102.123574,134.33145099999999,134.33145099999999,131.210713,137.66078999999999,3.1207385599999999,3.3293384700000002
518.5,0.0040206254399999999,0.0044455888199999996,92.279506100000006,102.03306600000001,136.61386899999999,136.61386899999999,133.339358,140.11234899999999,3.27451121,3.4984797900000002
518.60000000000002,0.0039972587499999997,0.0044418827100000001,91.743204700000007,101.94800499999999,138.12866,138.12866,134.75071399999999,141.740937,3.3779460100000001,3.6122763099999999
518.70000000000005,0.0039825931499999998,0.00443772869,91.406606800000006,101.852664,138.88868400000001,138.88868400000001,135.45593500000001,142.56130300000001,3.4327490200000002,3.67261924
518.79999999999995,0.0039755325000000001,0.0044328953700000003,91.2445539,101.741732,138.95899900000001,138.95899900000001,135.515545,142.643497,3.4434541099999998,3.6844982000000002
518.89999999999998,0.0039712956399999997,0.0044309900599999999,91.147311599999995,101.698002,139.104995,139.104995,135.64961099999999,142.80265199999999,3.4553839800000001,3.6976568599999999
519,0.00395866632,0.0044328350300000003,90.857449299999999,101.740347,140.325165,140.325165,136.79258200000001,144.10765000000001,3.5325833000000002,3.7824845699999998
519.10000000000002,0.0039394089,0.0044384558300000002,90.415462099999999,101.869353,142.478602,142.478602,138.81276700000001,146.40744900000001,3.6658347400000002,3.9288475799999998
519.20000000000005,0.0039152370300000001,0.0044479234600000002,89.860680900000006,102.08664899999999,145.433266,145.433266,141.58682400000001,149.56044900000001,3.84644151,4.1271833899999999
519.29999999999995,0.00388781365,0.0044613543800000001,89.231272099999998,102.39491,149.065988,149.065988,144.99976000000001,153.43448900000001,4.0662273999999998,4.36850074
519.39999999999998,0.00385590104,0.00447573104,88.498828900000007,102.72487599999999,153.16267999999999,153.16267999999999,148.84762000000001,157.804408,4.3150590199999996,4.6417282100000001
519.5,0.0038154575100000001,0.0044811350900000003,87.570588200000003,102.848907,157.017493,157.017493,152.45800399999999,161.92781299999999,4.5594882400000003,4.9103204900000001
519.60000000000002,0.0037669319699999999,0.0044723057299999999,86.456852799999993,102.64626,160.04506699999999,160.04506699999999,155.27704499999999,165.184842,4.7680217799999998,5.1397751200000004
519.70000000000005,0.0037099363100000001,0.0044493236799999997,85.148714999999996,102.118787,162.285404,162.285404,157.34223900000001,167.61824899999999,4.9431649200000001,5.3328444700000004
519.79999999999995,0.00364398213,0.0044121832000000001,83.634965800000003,101.266356,163.777648,163.777648,158.69017099999999,169.26998900000001,5.0874764099999998,5.4923416400000002
519.89999999999998,0.0035684808199999999,0.00436079212,81.902095099999997,100.08685199999999,164.56008,164.56008,159.35651200000001,170.18122099999999,5.2035684699999996,5.6211405299999999
520,0.0034908913700000001,0.0043017080500000002,80.121298499999995,98.730782000000005,164.70985999999999,164.70985999999999,159.421695,170.42535000000001,5.2881650200000001,5.7154899700000001
520.10000000000002,0.00342453148,0.0042456374200000001,78.598237600000004,97.443875199999994,164.26022699999999,164.26022699999999,158.93035399999999,170.02284700000001,5.3298724999999996,5.7626201999999997
520.20000000000005,0.0033730492800000001,0.0041957836399999998,77.416642300000007,96.299654700000005,163.24851699999999,163.24851699999999,157.92144999999999,169.00918999999999,5.32706737,5.7606732999999997
520.29999999999995,0.0033363078800000001,0.0041526229099999997,76.573370999999995,95.309049900000005,161.73554799999999,161.73554799999999,156.452437,167.448881,5.2831108100000002,5.7133335499999998
520.39999999999998,0.0033142519100000001,0.0041166864600000004,76.0671526,94.484253300000006,159.78124700000001,159.78124700000001,154.58001100000001,165.40539100000001,5.2012363400000003,5.6241436599999997
520.5,0.0033069074699999998,0.00408856058,75.898586600000002,93.838721500000005,157.44465400000001,157.44465400000001,152.36010400000001,162.941159,5.0845498899999999,5.4965047499999997
520.60000000000002,0.0033100561800000002,0.0040678767600000002,75.970854299999999,93.363996099999994,155.03058999999999,155.03058999999999,150.077202,160.38337200000001,4.9533877000000004,5.3527820999999998
520.70000000000005,0.0033135751399999999,0.0040523307300000004,76.051619700000003,93.007190899999998,153.122398,153.122398,148.27370400000001,158.36043699999999,4.8486932200000004,5.2380397900000002
520.79999999999995,0.0033175228599999999,0.00404268213,76.1422259,92.785740700000005,151.794566,151.794566,147.020206,156.95110600000001,4.7743597600000003,5.1565406600000001
520.89999999999998,0.00332306164,0.0040400589299999998,76.269349399999996,92.725534300000007,151.07019,151.07019,146.33972600000001,156.17853400000001,4.7304641700000003,5.1083434600000004
521,0.00333131783,0.0040456111399999996,76.4588416,92.852966100000003,150.97758899999999,150.97758899999999,146.26019299999999,156.071439,4.7173958499999999,5.0938500600000003
521.10000000000002,0.00334322229,0.0040599086200000002,76.732067299999997,93.1811151,151.50046599999999,151.50046599999999,146.76709600000001,156.61155299999999,4.7333707499999997,5.1110861500000002
521.20000000000005,0.0033567646599999999,0.0040692885400000003,77.042885200000001,93.396398599999998,151.377037,151.377037,146.66359199999999,156.466004,4.7134448899999999,5.0889665600000002
521.29999999999995,0.0033773742099999999,0.0040702751100000004,77.515906099999995,93.419041899999996,149.802887,149.802887,145.19330199999999,154.77765199999999,4.6095853099999999,4.9747650700000001
521.39999999999998,0.0034039996100000002,0.00406167626,78.126999600000005,93.221685100000002,146.739206,146.739206,142.318434,151.50659400000001,4.4207719599999997,4.7673874700000001
521.5,0.0034355776300000001,0.0040421975600000003,78.851763599999998,92.774619200000004,142.13747100000001,142.13747100000001,137.99198899999999,146.60265899999999,4.1454813599999998,4.4651884300000004
521.60000000000002,0.0034710332300000001,0.0040104422800000001,79.665523899999997,92.045786899999996,135.939447,135.939447,132.15776,140.00541799999999,3.7816865800000001,4.0659714899999999
521.70000000000005,0.0035080588099999999,0.0039675382199999996,80.515317499999995,91.061073100000002,128.45057,128.45057,125.102701,132.04059899999999,3.34786889,3.5900284500000001
521.79999999999995,0.0035436099399999998,0.0039240128600000002,81.331270399999994,90.062099500000002,121.016857,121.016857,118.098423,124.135775,2.9184339100000001,3.1189177699999999
521.89999999999998,0.0035782112,0.0038871079699999999,82.125422299999997,89.215075799999994,114.35111999999999,114.35111999999999,111.820446,117.04459199999999,2.5306737799999999,2.6934717300000002
522,0.00360896143,0.00385431675,82.831187,88.462467200000006,108.427915,108.427915,106.24181,110.74333,2.1861050099999999,2.3154146999999998
522.10000000000002,0.0036329533399999999,0.0038232053200000001,83.381838200000004,87.748412099999996,103.229901,103.229901,101.343222,105.21684999999999,1.88667987,1.98694843
522.20000000000005,0.0036472735800000002,0.00379141267,83.710509500000001,87.018722100000005,98.747839600000006,98.747839600000006,97.113053199999996,100.458592,1.6347864400000001,1.7107521000000001
522.29999999999995,0.0036583495599999999,0.0037640667200000001,83.964720200000002,86.391090899999995,94.9936778,94.9936778,93.568969100000004,96.474102700000003,1.4247087300000001,1.4804248799999999
522.39999999999998,0.0036656203200000001,0.0037351097799999998,84.131595399999995,85.726484799999994,91.381092800000005,91.381092800000005,90.155192799999995,92.6436159,1.2259000499999999,1.2625230999999999
522.5,0.0036656877699999999,0.00369940843,84.1331433,84.907084100000006,87.651056199999999,87.651056199999999,86.623078599999999,88.696805499999996,1.0279775200000001,1.04574933
522.60000000000002,0.0036622232000000001,0.0036620740600000002,84.053626300000005,84.050203100000004,84.038066599999993,84.038066599999993,83.196910399999993,84.879172600000004,0.84115621299999999,0.84110595899999996
522.70000000000005,0.0036588989899999998,0.0036282155700000001,83.9773304,83.273099200000004,80.776279299999999,80.776279299999999,79.817569500000005,81.724650400000002,0.958709802,0.94837114899999997
522.79999999999995,0.0036593885200000001,0.0036029394199999999,83.988565899999998,82.692972699999999,78.099505699999995,78.099505699999995,77.040844699999994,79.139146499999995,1.05866109,1.03964079
522.89999999999998,0.0036585466499999999,0.0035764887400000001,83.969243800000001,82.085889199999997,75.408541099999994,75.408541099999994,74.250842199999994,76.538590900000003,1.1576989,1.13004981
523,0.0036654329800000001,0.0035550700600000002,84.127295500000002,81.594297699999998,72.613669200000004,72.613669200000004,71.344711200000006,73.845440800000006,1.26895797,1.2317716299999999
523.10000000000002,0.00368138894,0.0035398757999999999,84.493509299999999,81.245566100000005,69.730131299999996,69.730131299999996,68.3368076,71.075772599999993,1.3933236499999999,1.3456413599999999
523.20000000000005,0.0037052159600000001,0.0035297182700000001,85.040375900000001,81.012435400000001,66.731555400000005,66.731555400000005,65.201076799999996,68.202900700000001,1.5304785999999999,1.47134535
523.29999999999995,0.0037357374,0.0035233609,85.740889600000003,80.866523999999998,63.5846825,63.5846825,61.904297499999998,65.193508100000003,1.680385,1.60882558
523.39999999999998,0.0037717985399999998,0.0035195181899999998,86.568547800000005,80.778327899999994,60.2493664,60.2493664,58.406081899999997,62.007646200000003,1.84328457,1.75827972
523.5,0.0038049065600000002,0.0035214863800000001,87.328427700000006,80.823500800000005,57.760577900000001,57.760577900000001,55.789031100000003,59.636627500000003,1.97154688,1.8760495800000001
523.60000000000002,0.00383309237,0.0035374342600000002,87.975335099999995,81.189529100000001,57.130762300000001,57.130762300000001,55.105325499999999,59.056578199999997,2.0254367499999999,1.92581593
523.70000000000005,0.0038536345499999998,0.00356479174,88.446809700000003,81.817425099999994,58.3132436,58.3132436,56.309500399999997,60.219662499999998,2.0037432700000002,1.9064188399999999
523.79999999999995,0.0038637870800000002,0.00360104863,88.679825600000001,82.649576300000007,61.2696015,61.2696015,59.364679299999999,63.085995099999998,1.9049222699999999,1.81639361
523.89999999999998,0.0038607792700000002,0.0036437546699999998,88.610791899999995,83.629745299999996,65.969670899999997,65.969670899999997,64.242574599999998,67.623641599999999,1.72709629,1.65397072
524,0.0038450736899999999,0.0036903089800000002,88.250324800000001,84.698237800000001,72.1044749,72.1044749,70.622232999999994,73.534569399999995,1.4822419099999999,1.4300945599999999
524.10000000000002,0.0038256398400000001,0.0037338369799999999,87.804288,85.697272100000006,78.226942699999995,78.226942699999995,76.993131000000005,79.429821899999993,1.2338117399999999,1.2028791299999999
524.20000000000005,0.0037987512800000001,0.00376408791,87.1871546,86.391577100000006,83.570893400000003,83.570893400000003,82.564661900000004,84.565445299999993,1.00623152,0.99455183199999997
524.29999999999995,0.0037659577000000001,0.00378116,86.434491600000001,86.783407699999998,88.020473800000005,88.020473800000005,87.071958899999998,88.977000799999999,0.94851490599999999,0.95652698000000003
524.39999999999998,0.0037288456400000002,0.00378510023,85.582713200000001,86.873841999999996,91.451480099999998,91.451480099999998,90.284307600000005,92.648300500000005,1.1671725399999999,1.1968204099999999
524.5,0.0036890385900000002,0.0037759043100000001,84.669080500000007,86.662781600000002,93.731358200000003,93.731358200000003,92.403925999999998,95.104571199999995,1.32743221,1.37321307
524.60000000000002,0.00364764112,0.00375761146,83.718945199999993,86.242932800000005,95.191615900000002,95.191615900000002,93.745828700000004,96.695360699999995,1.4457871600000001,1.5037448600000001
524.70000000000005,0.00360606106,0.0037375511600000002,82.764619199999999,85.782518100000004,96.482341599999998,96.482341599999998,94.927011800000002,98.106970799999999,1.5553298499999999,1.6246291100000001
524.79999999999995,0.00356616262,0.0037182055100000002,81.848889,85.338505900000001,97.710783899999996,97.710783899999996,96.050876400000007,99.450822500000001,1.65990748,1.7400386800000001
524.89999999999998,0.003529253,0.00370074307,81.001756700000001,84.937715999999995,98.892480899999995,98.892480899999995,97.133428100000003,100.74191399999999,1.7590528700000001,1.8494333199999999
525,0.0034966760799999999,0.0036863677100000001,80.254066399999999,84.607779699999995,100.043672,100.043672,98.191372400000006,101.99594500000001,1.8522997800000001,1.9522730100000001
525.10000000000002,0.0034698124200000001,0.0036763186799999999,79.637504500000006,84.377139,101.181298,101.181298,99.242114700000002,103.229316,1.9391828900000001,2.0480179399999998
525.20000000000005,0.0034422291200000002,0.0036662216100000001,79.004425400000002,84.145395699999995,102.372472,102.372472,100.342855,104.52014,2.0296174100000002,2.1476682399999998
525.29999999999995,0.0034106758399999998,0.0036564405699999998,78.280229399999996,83.920905899999994,103.919668,103.919668,101.776809,106.192052,2.1428587100000001,2.27238417
525.39999999999998,0.0033744848199999998,0.0036470297400000001,77.449590000000001,83.704913199999993,105.88287699999999,105.88287699999999,103.600128,108.309265,2.2827486700000001,2.42638811
525.5,0.0033327132899999999,0.00363694432,76.490869500000002,83.473437300000001,108.229814,108.229814,105.781308,110.83865900000001,2.4485061400000001,2.6088451099999999
525.60000000000002,0.0032843802,0.0036251481600000001,75.381551299999998,83.202697400000005,110.932215,110.932215,108.292614,113.751411,2.6396010799999998,2.81919611
525.70000000000005,0.0032284662300000001,0.0036106138000000002,74.098240000000004,82.869111399999994,113.96583699999999,113.96583699999999,111.110083,117.02299499999999,2.85575453,3.0571578700000002
525.79999999999995,0.0031741709500000001,0.0035954389899999998,72.852080299999997,82.520826299999996,116.800926,116.800926,113.741148,120.082725,3.0597778799999999,3.2817988900000001
525.89999999999998,0.0031208467500000001,0.0035752937700000002,71.628208200000003,82.058462700000007,119.038456,119.038456,115.807311,122.509108,3.2311450100000001,3.4706523499999999
526,0.0030700552099999999,0.00355068089,70.462464800000006,81.493559399999995,120.603804,120.603804,117.23944899999999,124.221463,3.3643548999999999,3.6176591899999999
526.10000000000002,0.0030234088899999999,0.0035221516800000002,69.391860199999996,80.838770400000001,121.42327,121.42327,117.969365,125.140028,3.4539051600000001,3.7167577199999999
526.20000000000005,0.0029825393999999999,0.0034902538999999999,68.453842899999998,80.106667599999994,121.421228,121.421228,117.927055,125.182981,3.4941723100000002,3.7617532300000001
526.29999999999995,0.0029481308800000001,0.0034558882600000001,67.664114699999999,79.317923500000006,120.63597300000001,120.63597300000001,117.149461,124.39008800000001,3.4865119299999998,3.7541154400000001
526.39999999999998,0.0029156627399999999,0.0034217744500000002,66.9189212,78.534959400000005,119.719095,119.719095,116.24914200000001,123.45578399999999,3.4699527899999998,3.7366889900000002
526.5,0.00288687622,0.0033881028600000001,66.2582266,77.762145000000004,118.548765,118.548765,115.112453,122.249239,3.43631244,3.7004740699999998
526.60000000000002,0.0028616332799999999,0.0033561814400000002,65.6788624,77.029499400000006,117.272667,117.272667,113.87910599999999,120.92686999999999,3.3935609900000001,3.6542028499999999
526.70000000000005,0.00283977992,0.0033273236099999998,65.177294500000002,76.367168100000001,116.040356,116.040356,112.690573,119.64709000000001,3.34978358,3.6067338699999998
526.79999999999995,0.0028211462000000001,0.0033028482999999998,64.749622099999996,75.805422399999998,115.00326,115.00326,111.69007999999999,118.570312,3.3131803899999999,3.56705198
526.89999999999998,0.0028036226699999999,0.00327855539,64.347430399999993,75.247862999999995,113.894851,113.894851,110.623154,117.416853,3.2716977300000001,3.5220016599999999
527,0.0027854287599999999,0.0032460571200000001,63.929852199999999,74.5019779,111.98496900000001,111.98496900000001,108.796605,115.41609800000001,3.1883640099999999,3.4311291100000001
527.10000000000002,0.0027674652300000002,0.0032048964999999998,63.517561700000002,73.557278600000004,109.152638,109.152638,106.096766,112.43904999999999,3.0558724000000002,3.2864119299999999
527.20000000000005,0.0027474816799999999,0.00315292598,63.058908700000003,72.364475799999994,105.35694100000001,105.35694100000001,102.482665,108.44489799999999,2.8742756100000002,3.0879570300000001
527.29999999999995,0.00272321504,0.0030879171399999998,62.501952000000003,70.872423299999994,100.549548,100.549548,97.906302699999998,103.385003,2.6432458200000002,2.8354548799999999
527.39999999999998,0.0026923895399999999,0.0030075605900000001,61.794459699999997,69.028117600000002,94.674722700000004,94.674722700000004,92.312647999999996,97.202902100000003,2.3620747299999998,2.5281794199999998
527.5,0.00266331931,0.002924837,61.127253500000002,67.129484500000004,88.410121899999993,88.410121899999993,86.3516276,90.606444100000004,2.0584943899999999,2.19632213
527.60000000000002,0.0026399491800000001,0.0028533308699999998,60.590873199999997,65.488309599999994,82.851947699999997,82.851947699999997,81.065193199999996,84.751160799999994,1.7867544900000001,1.89921311
527.70000000000005,0.00262264062,0.00279605531,60.193615299999998,64.173747800000001,78.285126599999998,78.285126599999998,76.7235151,79.938132999999993,1.56161159,1.65300639
527.79999999999995,0.0026133545999999998,0.0027545387300000001,59.980486900000002,63.2208787,74.709540399999995,74.709540399999995,73.328418200000002,76.165070799999995,1.3811221300000001,1.45553044
527.89999999999998,0.0026141285600000002,0.0027304441500000001,59.998250400000003,62.667871300000002,72.132890700000004,72.132890700000004,70.889208800000006,73.437874300000004,1.2436818300000001,1.3049836800000001
528,0.0026270764199999999,0.0027255692300000001,60.295423599999999,62.555984299999999,70.570699700000006,70.570699700000006,69.422674000000001,71.770634000000001,1.1480256799999999,1.19993438
528.10000000000002,0.00264188023,0.0027304645400000002,60.635193800000003,62.6683393,69.876764100000003,69.876764100000003,68.780172399999998,71.020042399999994,1.09659171,1.1432783200000001
528.20000000000005,0.0026521375300000002,0.0027365342799999999,60.870614500000002,62.807648899999997,69.675316600000002,69.675316600000002,68.599543800000006,70.795569099999994,1.0757728200000001,1.1202524599999999
528.29999999999995,0.0026578179100000001,0.0027441891200000001,61.000987899999998,62.983339399999998,70.011676399999999,70.011676399999999,68.923673500000007,71.145199599999998,1.0880029499999999,1.13352319
528.39999999999998,0.00265917471,0.0027543916999999999,61.032128499999999,63.217504099999999,70.965653799999998,70.965653799999998,69.828388500000003,72.153101399999997,1.13726529,1.1874475200000001
528.5,0.00265639776,0.0027680864900000001,60.968393300000002,63.531820600000003,72.620335900000001,72.620335900000001,71.392556299999995,73.906978800000005,1.2277795499999999,1.2866428999999999
528.60000000000002,0.0026495549299999999,0.0027855172,60.8113399,63.931882100000003,74.995622499999996,74.995622499999996,73.635088199999998,76.427813,1.36053427,1.4321905100000001
528.70000000000005,0.00263764751,0.0027969961099999999,60.5380465,64.1953405,77.162109999999998,77.162109999999998,75.6748932,78.733308399999999,1.4872168400000001,1.5711983700000001
528.79999999999995,0.0026198145,0.0028024401300000001,60.128751399999999,64.320289099999997,79.181195299999999,79.181195299999999,77.569260700000001,80.889379099999999,1.61193458,1.7081838199999999
528.89999999999998,0.0025959783999999998,0.0028002378,59.5816765,64.269742399999998,80.891066899999998,80.891066899999998,79.164885900000002,82.724898699999997,1.7261809299999999,1.8338318199999999
529,0.0025659842800000001,0.00278869205,58.893265499999998,64.004749599999997,82.127284200000005,82.127284200000005,80.305897799999997,84.066044300000001,1.8213863800000001,1.93876012
529.10000000000002,0.0025295997100000002,0.00276602014,58.058183999999997,63.484394600000002,82.722777399999998,82.722777399999998,80.833858899999996,84.736296600000003,1.88891849,2.0135192100000001
529.20000000000005,0.0024887601800000002,0.0027348109899999998,57.120854399999999,62.768096800000002,82.790138200000001,82.790138200000001,80.857300699999996,84.852651899999998,1.9328374800000001,2.0625137100000002
529.29999999999995,0.0024502960100000002,0.0027041267699999998,56.238042700000001,62.063847199999998,82.718972300000004,82.718972300000004,80.751910499999994,84.819810599999997,1.9670618200000001,2.1008383300000002
529.39999999999998,0.0024172627000000001,0.00267442635,55.479877799999997,61.382176999999999,82.308510799999993,82.308510799999993,80.330587399999999,84.421967199999997,1.9779233599999999,2.1134563900000001
529.5,0.00238975052,0.0026465809999999998,54.848431099999999,60.7430837,81.642306599999998,81.642306599999998,79.672541699999996,83.747428900000003,1.9697648999999999,2.1051223499999998
529.60000000000002,0.0023678586200000002,0.0026214756499999999,54.345978600000002,60.166877399999997,80.8046097,80.8046097,78.857652299999998,82.885231000000005,1.94695744,2.0806212899999998
529.70000000000005,0.0023516950700000002,0.0026000088300000002,53.975000399999999,59.674181099999998,79.880367300000003,79.880367300000003,77.966467100000003,81.925136300000005,1.91390014,2.0447690199999999
529.79999999999995,0.00234070733,0.0025815716200000001,53.722814800000002,59.251018999999999,78.851015700000005,78.851015700000005,76.980861500000003,80.848112700000001,1.8701542099999999,1.99709699
529.89999999999998,0.0023392380399999998,0.0025679465700000001,53.6890924,58.938302999999998,77.549140800000004,77.549140800000004,75.746591600000002,79.472226199999994,1.80254914,1.92308546
530,0.00234917973,0.0025605372700000001,53.917269400000002,58.768248399999997,75.967174,75.967174,74.258360199999998,77.787379700000002,1.7088138399999999,1.82020567
530.10000000000002,0.0023688124999999998,0.0025589199900000002,54.367871600000001,58.731129299999999,74.200861399999994,74.200861399999994,72.605135200000007,75.896779899999999,1.59572615,1.69591855
530.20000000000005,0.0023964842199999999,0.0025626986599999999,55.0029799,58.8178555,72.343323499999997,72.343323499999997,70.873465800000005,73.900781300000006,1.46985773,1.5574577700000001
530.29999999999995,0.0024306105099999998,0.0025715048999999999,55.786230500000002,59.019972099999997,70.485056299999997,70.485056299999997,69.147482199999999,71.896885999999995,1.33757408,1.4118296800000001
530.39999999999998,0.0024689252099999999,0.0025814903999999998,56.665611499999997,59.249154799999999,68.408990099999997,68.408990099999997,67.219390300000001,69.657915000000003,1.18959971,1.24892497
530.5,0.0025014083899999998,0.00259016169,57.411150200000002,59.448174100000003,66.670349700000003,66.670349700000003,65.605064999999996,67.782410200000001,1.06528479,1.1120604599999999
530.60000000000002,0.0025268643099999998,0.00259637352,57.995402400000003,59.590745200000001,65.246960400000006,65.246960400000006,64.282325999999998,66.2482282,0.964634349,1.0012678100000001
530.70000000000005,0.0025457005099999998,0.0025990557599999999,58.427722000000003,59.652306699999997,63.994016000000002,63.994016000000002,63.114451299999999,64.901700500000004,0.87956468799999998,0.90768452099999997
530.79999999999995,0.0025583043700000002,0.0025971295200000002,58.716999899999998,59.608096500000002,62.767439000000003,62.767439000000003,61.965388300000001,63.5899517,0.80205067500000005,0.82251270499999996
530.89999999999998,0.00256504308,0.0025895071499999998,58.871663699999999,59.4331514,61.423880599999997,61.423880599999997,60.699754900000002,62.160899700000002,0.72412575899999998,0.737019062
531,0.0025695573200000001,0.00258002656,58.9752723,59.2155573,60.067476999999997,60.067476999999997,59.419759900000003,60.720711600000001,0.64771707000000001,0.65323467599999996
531.10000000000002,0.00257418558,0.0025663224700000001,59.081497800000001,58.901027499999998,58.261178000000001,58.261178000000001,57.639864899999999,58.8798417,0.62131311300000003,0.61866367
531.20000000000005,0.0025795211800000001,0.0025488112300000002,59.203958100000001,58.499117699999999,56.000137899999999,56.000137899999999,55.289071399999997,56.700856899999998,0.71106654300000005,0.70071894599999995
531.29999999999995,0.0025861728599999999,0.0025279152299999999,59.3566243,58.019522500000001,53.278889100000001,53.278889100000001,52.459551900000001,54.078596599999997,0.81933718799999999,0.79970751299999998
531.39999999999998,0.00259476473,0.0025040629199999998,59.553820799999997,57.472075500000003,50.0913422,50.0913422,49.144315599999999,51.007807100000001,0.94702652300000001,0.91646491100000005
531.5,0.0026053797400000002,0.0024780209700000001,59.797451600000002,56.874372999999999,46.510730700000003,46.510730700000003,45.419226500000001,47.5593219,1.09150423,1.0485911999999999
531.60000000000002,0.0026168216099999998,0.0024501656900000001,60.06006,56.2350517,42.673658500000002,42.673658500000002,41.427256399999997,43.8639066,1.24640215,1.19024811
531.70000000000005,0.0026295294399999998,0.0024188409900000002,60.3517242,55.516101900000002,38.371622799999997,38.371622799999997,36.951683099999997,39.720571800000002,1.41993967,1.3489490399999999
531.79999999999995,0.0026436460099999999,0.0023855747299999998,60.675721000000003,54.752590300000001,33.752399500000003,33.752399500000003,32.1456169,35.272225900000002,1.60678253,1.5198264500000001
531.89999999999998,0.0026593156399999998,0.0023518780199999999,61.035362999999997,53.979199299999998,28.961891399999999,28.961891399999999,27.1602237,30.659969199999999,1.80166772,1.69807785
532,0.0026766842099999999,0.0023192452300000001,61.4339984,53.230226799999997,24.1441278,24.1441278,22.1447243,26.0230937,1.9994034999999999,1.87896587
532.10000000000002,0.0026932256200000002,0.0022877828100000002,61.813648999999998,52.508116100000002,19.515771999999998,19.515771999999998,17.3265627,21.568368899999999,2.1892092500000002,2.0525969100000001
532.20000000000005,0.00270476154,0.0022581093600000002,62.078416099999998,51.827064999999997,15.4813659,15.4813659,13.129827499999999,17.6824066,2.3515383700000001,2.2010407000000001
532.29999999999995,0.00270994698,0.0022316971,62.197429900000003,51.220863299999998,12.303945499999999,12.303945499999999,9.8287796800000002,14.617966900000001,2.4751658299999999,2.3140214399999999
532.39999999999998,0.0027080506100000002,0.0022090197400000001,62.153905199999997,50.700383199999997,10.0924415,10.0924415,7.5371871600000002,12.4795494,2.5552543700000001,2.3871079100000001
532.5,0.00269829148,0.0021905289000000001,61.929918200000003,50.275990200000003,8.9575182800000004,8.9575182800000004,6.3706696000000003,11.3732784,2.5868486800000001,2.4157601099999999
532.60000000000002,0.0026798390500000001,0.0021766541599999999,61.506406800000001,49.9575435,9.0115736299999991,9.0115736299999991,6.44669822,11.4069029,2.56487541,2.39532927
532.70000000000005,0.00265520313,0.0021641987699999999,60.940974799999999,49.671673300000002,9.7168772499999996,9.7168772499999996,7.2048545300000004,12.063458000000001,2.51202272,2.3465807700000001
532.79999999999995,0.0026261874900000001,0.0021550311499999998,60.275021500000001,49.461262499999997,11.121571599999999,11.121571599999999,8.6931174200000001,13.3912715,2.4284541700000002,2.2696999299999998
532.89999999999998,0.0025927798000000002,0.0021487388799999998,59.508263700000001,49.316845100000002,13.1836337,13.1836337,10.8679164,15.3497331,2.3157172400000001,2.16609943
533,0.00255477023,0.0021436721499999999,58.635885899999998,49.200555999999999,15.7480227,15.7480227,13.5686792,17.788848300000002,2.1793434899999999,2.04082564
533.10000000000002,0.00251193997,0.0021381631899999999,57.652866000000003,49.074117000000001,18.658552199999999,18.658552199999999,16.633655000000001,20.5575069,2.0248972900000002,1.8989547
533.20000000000005,0.00246406123,0.0021305262300000002,56.553975600000001,48.898836899999999,21.757890499999998,21.757890499999998,19.8999147,23.5034831,1.85797583,1.7455925400000001
533.29999999999995,0.0024156348000000001,0.0021267197200000002,55.442515,48.811471699999998,25.301409199999998,25.301409199999998,23.627445399999999,26.8780243,1.6739638699999999,1.57661509
533.39999999999998,0.0023736913199999998,0.00213133214,54.479847900000003,48.917333900000003,29.195693500000001,29.195693500000001,27.7117553,30.5979697,1.48393821,1.4022762499999999
533.5,0.0023376309200000001,0.00214325937,53.6522066,49.191082100000003,33.374368099999998,33.374368099999998,32.084653000000003,34.5985905,1.28971513,1.2242224100000001
533.60000000000002,0.0023069323500000002,0.0021614739900000001,52.947627400000002,49.609135500000001,37.772664300000002,37.772664300000002,36.679527999999998,38.816788899999999,1.0931362899999999,1.0441246799999999
533.70000000000005,0.0022811529499999999,0.0021850252899999999,52.355950800000002,50.149673900000003,42.327419399999997,42.327419399999997,41.431350600000002,43.1910983,0.89606874400000003,0.86367891299999999
533.79999999999995,0.0022600926899999998,0.0022127644600000002,51.872585399999998,50.786330300000003,46.935062199999997,46.935062199999997,46.232919199999998,47.621257999999997,0.70214292700000003,0.68619587199999998
533.89999999999998,0.0022424642399999999,0.00223992887,51.467985499999998,51.409795000000003,51.203483300000002,51.203483300000002,50.678953499999999,51.727158899999999,0.52452981799999998,0.523675538
534,0.0022232576800000001,0.00225895804,51.027165599999996,51.846543599999997,54.751611099999998,54.751611099999998,54.0437546,55.478282800000002,0.70785649500000003,0.72667166900000002
534.10000000000002,0.0022040438399999998,0.0022708356400000002,50.586178699999998,52.1191526,57.554241599999997,57.554241599999997,56.678740900000001,58.464943599999998,0.87550070899999999,0.91070200599999995
534.20000000000005,0.0021864174100000001,0.00227652917,50.181624999999997,52.249828000000001,59.582547499999997,59.582547499999997,58.582044000000003,60.630542499999997,1.00050346,1.0479950899999999
534.29999999999995,0.0021719969000000001,0.0022769900499999998,49.850652400000001,52.260405900000002,60.804077599999999,60.804077599999999,59.724533100000002,61.938956599999997,1.0795444599999999,1.13487903
534.39999999999998,0.0021605231899999998,0.0022734085199999999,49.587313000000002,52.178204200000003,61.364091100000003,61.364091100000003,60.2435063,62.5441699,1.1205848300000001,1.1800788200000001
534.5,0.00214931212,0.00226722693,49.330002,52.036327200000002,61.631480400000001,61.631480400000001,60.485636599999999,62.839468799999999,1.1458437699999999,1.2079884400000001
534.60000000000002,0.0021382850799999999,0.0022595354100000001,49.076914500000001,51.859794999999998,61.726371299999997,61.726371299999997,60.564600300000002,62.952044800000003,1.1617709199999999,1.22567351
534.70000000000005,0.0021286324200000001,0.0022513160799999998,48.8553712,51.671148899999999,61.654361000000002,61.654361000000002,60.486873799999998,62.886506199999999,1.1674872000000001,1.2321452100000001
534.79999999999995,0.0021215165100000001,0.00224354087,48.692050100000003,51.492695900000001,61.422258300000003,61.422258300000003,60.260052899999998,62.648774299999999,1.16220546,1.2265159999999999
534.89999999999998,0.0021180717200000002,0.0022371714599999999,48.612986900000003,51.346508200000002,61.0380836,61.0380836,59.892853100000004,62.246083200000001,1.1452304600000001,1.20799963
535,0.0021133999599999998,0.0022301326500000001,48.505762900000001,51.184956700000001,60.683916699999997,60.683916699999997,59.552857400000001,61.876497700000002,1.1310593499999999,1.1925810100000001
535.10000000000002,0.0021064331299999999,0.0022234187200000002,48.3458635,51.030861799999997,60.550401600000001,60.550401600000001,59.419541799999998,61.742916299999997,1.1308598000000001,1.19251475
535.20000000000005,0.0020968638899999999,0.0022174812500000002,48.126234799999999,50.894587700000002,60.709657100000001,60.709657100000001,59.560896200000002,61.921987000000001,1.14876092,1.2123299199999999
535.29999999999995,0.00208306855,0.0022115884499999999,47.809610599999999,50.759338900000003,61.217466700000003,61.217466700000003,60.028140999999998,62.474526300000001,1.1893257500000001,1.2570596300000001
535.39999999999998,0.00206335896,0.00220499335,47.357245499999998,50.607971399999997,62.133272400000003,62.133272400000003,60.875897399999999,63.465293099999997,1.2573750699999999,1.3320206800000001
535.5,0.0020359825899999998,0.0021969338200000001,46.728915800000003,50.422992800000003,63.520175100000003,63.520175100000003,62.162187799999998,64.962988699999997,1.3579873600000001,1.44281353
535.60000000000002,0.0020090951099999998,0.0021871475699999999,46.1118071,50.198383300000003,64.687153499999994,64.687153499999994,63.240702599999999,66.227443600000001,1.4464509999999999,1.54029003
535.70000000000005,0.0019839173900000001,0.0021747111000000002,45.533939699999998,49.9129474,65.438519900000003,65.438519900000003,63.927340000000001,67.050253799999993,1.51117985,1.6117339100000001
535.79999999999995,0.0019607779999999998,0.0021589795400000001,45.002855400000001,49.5518839,65.680257800000007,65.680257800000007,64.133395500000006,67.331578300000004,1.54686229,1.6513205099999999
535.89999999999998,0.00194004242,0.0021393140799999999,44.526942200000001,49.100531699999998,65.315985499999996,65.315985499999996,63.767960700000003,66.969032499999997,1.5480248000000001,1.6530469999999999
536,0.00192208945,0.0021150621800000002,44.114894,48.543913500000002,64.2468006,64.2468006,62.737753599999998,65.857550099999997,1.5090469799999999,1.6107494499999999
536.10000000000002,0.00190713965,0.0020858362400000001,43.7717733,47.8731334,62.414318999999999,62.414318999999999,60.987704999999998,63.935111599999999,1.42661401,1.5207925200000001
536.20000000000005,0.0018950286199999999,0.0020542074600000001,43.493806599999999,47.1472044,60.100160299999999,60.100160299999999,58.784333799999999,61.499878899999999,1.3158265200000001,1.39971859
536.29999999999995,0.0018906719100000001,0.0020216034299999999,43.3938135,46.398891999999996,57.053261300000003,57.053261300000003,55.894750299999998,58.280777200000003,1.1585109899999999,1.22751586
536.39999999999998,0.00189283251,0.0019874988200000001,43.443402300000002,45.616138999999997,53.3194783,53.3194783,52.361156399999999,54.327692200000001,0.95832189199999995,1.00821391
536.5,0.00190032691,0.00195139324,43.615410300000001,44.787460799999998,48.942912499999998,48.942912499999998,48.224144799999998,49.688593699999998,0.71876770400000001,0.74568120699999996
536.60000000000002,0.0019120251800000001,0.0019128112400000001,43.883903500000002,43.901944800000003,43.9659093,43.9659093,43.522698400000003,44.409534499999999,0.44321089299999999,0.44362517099999998
536.70000000000005,0.00192671072,0.0018728084900000001,44.220959200000003,42.9838205,38.597601400000002,38.597601400000002,37.946505000000002,39.230535600000003,0.65109633600000005,0.63293419399999995
536.79999999999995,0.00194161902,0.0018334274,44.5631275,42.079964199999999,33.276021299999996,33.276021299999996,32.411138200000003,34.104449500000001,0.86488302100000003,0.82842828499999999
536.89999999999998,0.0019540360799999998,0.00179396321,44.848117999999999,41.1742007,28.148493899999998,28.148493899999998,27.079727299999998,29.163324599999999,1.06876661,1.0148306899999999
537,0.0019636521699999999,0.00175544848,45.068821999999997,40.2902287,23.347943399999998,23.347943399999998,22.0904685,24.535264900000001,1.25747487,1.1873214700000001
537.10000000000002,0.0019701793500000002,0.0017189531000000001,45.218630699999999,39.4526039,19.009418,19.009418,17.5837377,20.350448499999999,1.42568023,1.3410305499999999
537.20000000000005,0.0019733514299999999,0.00168558431,45.291434899999999,38.686739099999997,15.2700903,15.2700903,13.7020906,16.741128100000001,1.5679997800000001,1.4710378
537.29999999999995,0.0019737681500000001,0.00165524394,45.3009992,37.9903811,12.070917100000001,12.070917100000001,10.3836417,13.650867099999999,1.6872754299999999,1.5799499699999999
537.39999999999998,0.0019677258899999999,0.00162515644,45.162320000000001,37.299827000000001,9.4237156100000004,9.4237156100000004,7.6446546700000004,11.087349100000001,1.7790609399999999,1.66363353
537.5,0.00195388909,0.0015952132999999999,44.844744499999997,36.612586100000001,7.4258429000000001,7.4258429000000001,5.5875477099999999,9.1432836999999996,1.83829518,1.71744081
537.60000000000002,0.00193371607,0.00156709428,44.381742799999998,35.967211599999999,6.1338736000000003,6.1338736000000003,4.26941887,7.87479657,1.8644547300000001,1.7409229799999999
537.70000000000005,0.00190864117,0.0015424649900000001,43.8062355,35.4019318,5.6048552799999998,5.6048552799999998,3.7478826199999999,7.33844633,1.8569726499999999,1.73359105
537.79999999999995,0.0018800747799999999,0.0015229769099999999,43.150593100000002,34.9546505,5.8963084800000001,5.8963084800000001,4.08106992,7.5912243500000001,1.8152385600000001,1.6949158600000001
537.89999999999998,0.0018486942699999999,0.0015056802099999999,42.430362199999998,34.557664799999998,6.6453740000000003,6.6453740000000003,4.8919112,8.2832595799999993,1.7534628000000001,1.6378855800000001
538,0.0018184465699999999,0.00149358379,41.736131200000003,34.280033400000001,7.8447776600000001,7.8447776600000001,6.1685915299999996,9.4115025800000005,1.6761861300000001,1.56672492
538.10000000000002,0.0017902529500000001,0.0014868965999999999,41.0890445,34.126552099999998,9.4413520099999992,9.4413520099999992,7.85497187,10.9255174,1.58638013,1.4841654200000001
538.20000000000005,0.0017645953900000001,0.00148528631,40.500164400000003,34.089593600000001,11.361205999999999,11.361205999999999,9.8738951999999998,12.7544047,1.4873107999999999,1.39319872
538.29999999999995,0.0017419534199999999,0.0014883988800000001,39.980496500000001,34.161031800000003,13.5283842,13.5283842,12.146066100000001,14.8252682,1.38231813,1.2968839400000001
538.39999999999998,0.00172265256,0.0014957503699999999,39.537512300000003,34.329759699999997,15.8659094,15.8659094,14.591296,17.064069100000001,1.2746134600000001,1.1981596699999999
538.5,0.00169979587,0.0015019103299999999,39.012916199999999,34.471140300000002,18.3684802,18.3684802,17.211549000000002,19.458734700000001,1.1569311900000001,1.09025445
538.60000000000002,0.00167302382,0.00150750877,38.398456600000003,34.599632900000003,21.1310763,21.1310763,20.1057217,22.100661200000001,1.02535456,0.96958492699999999
538.70000000000005,0.00164121041,0.00151056705,37.668290300000002,34.669825199999998,24.038903399999999,24.038903399999999,23.155974499999999,24.877812599999999,0.88292896700000001,0.83890920800000002
538.79999999999995,0.00160317996,0.0015090674499999999,36.795433099999997,34.635407100000002,26.977132999999998,26.977132999999998,26.244485699999998,27.678069499999999,0.73264730499999997,0.70093647199999998
538.89999999999998,0.0015577070199999999,0.0015009531199999999,35.7517596,34.449170899999999,29.830901699999998,29.830901699999998,29.253451699999999,30.389228599999999,0.57744995200000004,0.55832695399999999
539,0.0015058202199999999,0.0014871357600000001,34.560878299999999,34.132041299999997,32.611619400000002,32.611619400000002,32.193593300000003,33.023349799999998,0.41802608600000002,0.41173043199999998
539.10000000000002,0.0014523112799999999,0.0014724747999999999,33.332766200000002,33.795549899999997,35.436328199999998,35.436328199999998,34.991402600000001,35.891880499999999,0.44492557700000002,0.45555236300000002
539.20000000000005,0.0013960331499999999,0.0014534593100000001,32.041097000000001,33.359115199999998,38.032088999999999,38.032088999999999,37.3938761,38.700567300000003,0.63821291400000002,0.66847824
539.29999999999995,0.0013377890500000001,0.0014313655200000001,30.704305699999999,32.852028799999999,40.4666833,40.4666833,39.641789799999998,41.340894499999997,0.82489354500000001,0.87421117699999995
539.39999999999998,0.0012783733399999999,0.0014074597900000001,29.340624200000001,32.3033559,42.807586299999997,42.807586299999997,41.799824399999999,43.883380600000002,1.00776186,1.0757943400000001
539.5,0.00121857151,0.00138299867,27.968080700000002,31.741935699999999,45.121966999999998,45.121966999999998,43.9323622,46.398229800000003,1.18960479,1.27626288
539.60000000000002,0.00116040631,0.00135913489,26.633100299999999,31.194225400000001,47.365487000000002,47.365487000000002,45.999414899999998,48.836295100000001,1.36607214,1.4708081200000001
539.70000000000005,0.0011057131300000001,0.0013363303500000001,25.3778082,30.670826399999999,49.436981500000002,49.436981500000002,47.906996999999997,51.088508300000001,1.52998452,1.65152678
539.79999999999995,0.0010554931899999999,0.0013154355599999999,24.2251838,30.191258999999999,51.343707700000003,51.343707700000003,49.6629699,53.161442899999997,1.68073775,1.8177352600000001
539.89999999999998,0.0010111553,0.00129786154,23.207561299999998,29.7879082,53.118228700000003,53.118228700000003,51.299561300000001,55.087998900000002,1.8186673600000001,1.96977023
540,0.00097411043100000005,0.00128499841,22.357324899999998,29.4926797,54.790755699999998,54.790755699999998,52.846773800000001,56.898584999999997,1.9439819199999999,2.1078293000000001
540.10000000000002,0.00094577171299999995,0.00127821546,21.706907999999999,29.337000700000001,56.389147600000001,56.389147600000001,54.332384400000002,58.621118600000003,2.0567631400000002,2.2319710700000002
540.20000000000005,0.00092433515600000001,0.0012758572499999999,21.214906200000001,29.2828762,57.887497000000003,57.887497000000003,55.730077999999999,60.230178799999997,2.1574189800000001,2.34268177
540.29999999999995,0.00091236535200000005,0.00128320514,20.940180900000001,29.4515216,59.628093100000001,59.628093100000001,57.366520899999998,62.085109099999997,2.2615722100000002,2.4570160200000002
540.39999999999998,0.00091046489099999995,0.0013008357199999999,20.896562400000001,29.856170299999999,61.622052699999998,61.622052699999998,59.252835500000003,64.197007099999993,2.36921721,2.5749544599999998
540.5,0.00091843827600000003,0.0013278177,21.079563799999999,30.475448100000001,63.788128800000003,63.788128800000003,61.311891299999999,66.480121600000004,2.4762374399999998,2.6919928
540.60000000000002,0.00093609198599999997,0.00136322869,21.484743399999999,31.288184399999999,66.045838700000004,66.045838700000004,63.467283700000003,68.849507700000004,2.5785549799999998,2.80366896
540.70000000000005,0.00096323447400000004,0.00140615514,22.1077051,32.273412100000002,68.315464199999994,68.315464199999994,65.643333799999994,71.221027300000003,2.6721304699999999,2.9055630799999999
540.79999999999995,0.00100014376,0.0014562105399999999,22.954829799999999,33.422260000000001,70.534058200000004,70.534058200000004,67.780707899999996,73.527769500000005,2.7533503000000001,2.9937113100000001
540.89999999999998,0.0010471109500000001,0.0015152327399999999,24.0327986,34.7769099,72.869668000000004,72.869668000000004,70.0388272,75.947223100000002,2.8308407799999999,3.0775551399999999
541,0.00110395847,0.00158182599,25.337536199999999,36.305326800000003,75.191130000000001,75.191130000000001,72.293310099999999,78.3408005,2.8978198900000001,3.1496705500000002
541.10000000000002,0.0011705174,0.0016546301000000001,26.865165300000001,37.9762925,77.370288900000006,77.370288900000006,74.422632199999995,80.573087599999994,2.9476566700000002,3.2027987200000001
541.20000000000005,0.0012466274399999999,0.00173232045,28.612007200000001,39.759405100000002,79.281997599999997,79.281997599999997,76.308126400000006,82.511843600000006,2.97387114,3.2298460699999998
541.29999999999995,0.0013306811799999999,0.00181314407,30.541169199999999,41.614430800000001,80.874176300000002,80.874176300000002,77.898887500000001,84.103737699999996,2.9752888099999999,3.2295613599999999
541.39999999999998,0.00141573463,0.00189204667,32.493276100000003,43.425366199999999,82.184594599999997,82.184594599999997,79.2238215,85.396398700000006,2.9607731500000001,3.2118040200000002
541.5,0.0014994557299999999,0.0019632501300000001,34.414803499999998,45.059594599999997,82.800217500000002,82.800217500000002,79.889498500000002,85.955370299999998,2.91071904,3.1551527400000001
541.60000000000002,0.0015804754099999999,0.0020263772999999999,36.274329100000003,46.508459799999997,82.793105199999999,82.793105199999999,79.962803800000003,85.858410399999997,2.8303013699999999,3.0653051699999998
541.70000000000005,0.0016573698,0.0020810167900000001,38.039172999999998,47.762519599999997,82.236203000000003,82.236203000000003,79.511406899999997,85.184273899999994,2.7247960899999999,2.9480708799999999
541.79999999999995,0.0017286602699999999,0.0021267229499999998,39.675398299999998,48.811545799999998,81.203341699999996,81.203341699999996,78.603761399999996,84.012713000000005,2.5995802499999998,2.8093713299999998
541.89999999999998,0.0017945386400000001,0.0021642468799999998,41.187407700000001,49.672777500000002,79.757270599999998,79.757270599999998,77.299477800000005,82.409910800000006,2.4577928,2.6526402400000002
542,0.0018571963000000001,0.0021944305299999999,42.625497000000003,50.3655385,77.807504100000003,77.807504100000003,75.515034999999997,80.277705900000001,2.2924691400000001,2.4702017999999999
542.10000000000002,0.0019165332399999999,0.00221686818,43.987370400000003,50.880516900000003,75.319854699999993,75.319854699999993,73.217960000000005,77.580034900000001,2.1018946299999999,2.2601802499999999
542.20000000000005,0.00197123055,0.00223177329,45.242757400000002,51.222611999999998,72.423914699999997,72.423914699999997,70.529668299999997,74.455474899999999,1.8942463199999999,2.0315602400000001
542.29999999999995,0.0020199609000000002,0.0022393362099999998,46.361193499999999,51.396192599999999,69.247553199999999,69.247553199999999,67.569935000000001,71.040788800000001,1.6776181800000001,1.7932356199999999
542.39999999999998,0.0020613884900000001,0.0022397241799999999,47.312019999999997,51.4050972,65.916916000000001,65.916916000000001,64.456894800000001,67.470925399999999,1.46002115,1.5540094600000001
542.5,0.0020994021200000002,0.0022364287100000001,48.184491100000002,51.329460900000001,62.4798081,62.4798081,61.239658900000002,63.7921744,1.24014918,1.3123663400000001
542.60000000000002,0.00213374844,0.0022344655199999998,48.972791600000001,51.2844026,59.480114700000001,59.480114700000001,58.433012300000001,60.580297999999999,1.04710239,1.1001833400000001
542.70000000000005,0.0021642577800000001,0.0022352186199999999,49.6730278,51.3016875,57.076026400000003,57.076026400000003,56.186586900000002,58.002864299999999,0.88943945099999999,0.92683795899999999
542.79999999999995,0.0021918679600000002,0.00223911008,50.306723699999999,51.391002499999999,55.235264000000001,55.235264000000001,54.470742299999998,56.024683699999997,0.76452166799999999,0.78941969400000001
542.89999999999998,0.0022175341100000002,0.0022466028799999998,50.895800899999998,51.562973800000002,53.928404999999998,53.928404999999998,53.258560299999999,54.613570000000003,0.66984477899999995,0.68516490500000005
543,0.0022422286700000001,0.0022582009,51.462578999999998,51.829166200000003,53.128884200000002,53.128884200000002,52.525845199999999,53.7403409,0.60303893799999997,0.61145678800000003
543.10000000000002,0.0022634074399999998,0.0022702452899999999,51.948664200000003,52.105603199999997,52.662023099999999,52.662023099999999,52.104671099999997,53.2229788,0.55735199400000002,0.56095574400000003
543.20000000000005,0.0022821732500000001,0.0022838442799999999,52.379368100000001,52.417721,52.553699100000003,52.553699100000003,52.0206321,53.087646900000003,0.53306707799999997,0.53394776399999999
543.29999999999995,0.00229856746,0.0022983783199999998,52.755640499999998,52.751299299999999,52.735907900000001,52.735907900000001,52.207592200000001,53.264159900000003,0.52831569499999997,0.52825196399999996
543.39999999999998,0.0023126018700000001,0.0023132063,53.077751599999999,53.091624099999997,53.140808399999997,53.140808399999997,52.6066596,53.675275800000001,0.53414883599999996,0.53446738699999996
543.5,0.0023242881500000001,0.0023277108299999999,53.345969500000002,53.424525199999998,53.703040999999999,53.703040999999999,53.150614099999999,54.257271699999997,0.55242685400000002,0.55423071000000002
543.60000000000002,0.0023335400999999999,0.0023409478200000001,53.558315999999998,53.728334400000001,54.331126900000001,54.331126900000001,53.754524000000004,54.911633799999997,0.57660288599999998,0.58050697600000001
543.70000000000005,0.00234001533,0.0023485807800000002,53.706932500000001,53.903522600000002,54.600523899999999,54.600523899999999,54.0160281,55.189534000000002,0.58449580499999998,0.58901005500000003
543.79999999999995,0.0023449275200000002,0.0023454972099999998,53.819674599999999,53.832749999999997,53.879108299999999,53.879108299999999,53.337732000000003,54.4207848,0.54137625499999997,0.54167650199999995
543.89999999999998,0.0023477559300000002,0.0023317244299999999,53.884591100000002,53.516643500000001,52.212102199999997,52.212102199999997,51.611109200000001,52.807693399999998,0.60099299299999998,0.59559124200000002
544,0.0023479894799999998,0.0023072471899999998,53.889951400000001,52.954853399999998,49.639505999999997,49.639505999999997,48.942708099999997,50.322575899999997,0.69679791800000002,0.68306996499999995
544.10000000000002,0.0023451266800000002,0.0022720077000000002,53.824245699999999,52.146053199999997,46.1960981,46.1960981,45.374501500000001,46.993057499999999,0.82159656999999997,0.79695942200000003
544.20000000000005,0.0023397305900000002,0.0022284886299999999,53.700397100000004,51.147224000000001,42.095064700000002,42.095064700000002,41.126984700000001,43.025662099999998,0.968079947,0.93059741500000004
544.29999999999995,0.0023326222199999999,0.0021816236600000001,53.537249299999999,50.071601200000003,37.784303600000001,37.784303600000001,36.663803199999997,38.853925699999998,1.1205004199999999,1.0696220599999999
544.39999999999998,0.0023230314400000001,0.00213241054,53.317126199999997,48.942084899999998,33.430574900000003,33.430574900000003,32.1587441,34.638176799999997,1.27183084,1.2076018900000001
544.5,0.00231146868,0.0020821479100000002,53.051743199999997,47.7884806,29.127822099999999,29.127822099999999,27.708687900000001,30.4696876,1.41913421,1.34186549
544.60000000000002,0.0022984589800000002,0.00203213966,52.753150699999999,46.640714600000003,24.969350200000001,24.969350200000001,23.409837199999998,26.439128100000001,1.55951306,1.46977783
544.70000000000005,0.0022845419800000002,0.00198369494,52.433734100000002,45.5288343,21.047825799999998,21.047825799999998,19.3577163,22.636565999999998,1.6901094299999999,1.58874022
544.79999999999995,0.0022708317899999999,0.00193893102,52.119064199999997,44.501433900000002,17.493471799999998,17.493471799999998,15.6861798,19.188931100000001,1.8072919999999999,1.6954593600000001
544.89999999999998,0.0022605272499999999,0.00190567204,51.882559399999998,43.7380894,14.8622412,14.8622412,12.968368699999999,16.6365467,1.8938725300000001,1.7743054899999999
545,0.0022549506900000002,0.00188701927,51.7545687,43.309979599999998,13.370072800000001,13.370072800000001,11.426811499999999,15.189361099999999,1.94326131,1.81928829
545.10000000000002,0.0022542577899999998,0.0018828545200000001,51.738665699999999,43.214392199999999,12.991967799999999,12.991967799999999,11.0354125,14.823380200000001,1.9565553,1.83141245
545.20000000000005,0.0022586521199999998,0.0018931467500000001,51.839522299999999,43.450614700000003,13.7081243,13.7081243,11.7734141,15.519679,1.9347102300000001,1.8115546600000001
545.29999999999995,0.00226838509,0.00191795209,52.062908800000002,44.019935099999998,15.5039374,15.5039374,13.6253967,17.264400999999999,1.87854063,1.7604636300000001
545.39999999999998,0.0022801112599999999,0.00195050428,52.332042399999999,44.767057800000003,17.945748399999999,17.945748399999999,16.145214599999999,19.6352224,1.80053379,1.68947403
545.5,0.00229153194,0.00198342719,52.594164300000003,45.522688899999999,20.451094300000001,20.451094300000001,18.7312577,22.067116200000001,1.7198365600000001,1.6160219
545.60000000000002,0.0023023216699999999,0.0020159560799999999,52.841805200000003,46.269276699999999,22.9666754,22.9666754,21.328598899999999,24.508262200000001,1.6380764999999999,1.5415867599999999
545.70000000000005,0.0023123018,0.0020478884199999999,53.070864399999998,47.002172799999997,25.485902400000001,25.485902400000001,23.930597299999999,26.952114399999999,1.5553050399999999,1.46621201
545.79999999999995,0.0023212995099999999,0.00207900501,53.277375800000002,47.716346100000003,27.999967999999999,27.999967999999999,26.528305700000001,29.389990099999999,1.4716623,1.3900221399999999
545.89999999999998,0.0023291237800000001,0.0021088987400000002,53.456954600000003,48.402453100000002,30.4819478,30.4819478,29.094006199999999,31.795685500000001,1.38794163,1.31373769
546,0.0023353085900000002,0.0021342899299999999,53.598905600000002,48.985219800000003,32.627606399999998,32.627606399999998,31.312667600000001,33.874812800000001,1.3149388399999999,1.24720641
546.10000000000002,0.0023404688999999999,0.0021556792500000001,53.717342500000001,49.476137299999998,34.439137199999998,34.439137199999998,33.185899399999997,35.630110899999998,1.2532378099999999,1.1909736799999999
546.20000000000005,0.00234414515,0.0021717661600000001,53.801718200000003,49.845356600000002,35.818256400000003,35.818256400000003,34.612264600000003,36.966165799999999,1.20599181,1.1479094000000001
546.29999999999995,0.0023458892400000002,0.0021812241199999998,53.841747599999998,50.062431199999999,36.663036699999999,36.663036699999999,35.486534900000002,37.784055199999997,1.17650181,1.1210185500000001
546.39999999999998,0.00234526446,0.00218270056,53.8274081,50.0963177,36.867906599999998,36.867906599999998,35.699690199999999,37.981347800000002,1.1682164500000001,1.1134411900000001
546.5,0.00234224135,0.0021769305899999999,53.7580229,49.963887999999997,36.511955,36.511955,35.333788699999999,37.634420499999997,1.1781663099999999,1.1224655100000001
546.60000000000002,0.00233675137,0.0021680670000000001,53.6320196,49.760455200000003,36.033999600000001,36.033999600000001,34.844020999999998,37.167140600000003,1.18997854,1.1331410099999999
546.70000000000005,0.0023275952900000002,0.0021557087299999998,53.421873400000003,49.476813900000003,35.489784999999998,35.489784999999998,34.289499900000003,36.632153500000001,1.20028505,1.14236856
546.79999999999995,0.002315059,0.0021400099099999998,53.134146399999999,49.116501999999997,34.872126299999998,34.872126299999998,33.662464200000002,36.022806299999999,1.20966207,1.15067998
546.89999999999998,0.0022994330299999999,0.0021211453899999998,52.7755066,48.683532399999997,34.175623799999997,34.175623799999997,32.9569993,35.334175000000002,1.2186245,1.1585511900000001
547,0.0022810125199999999,0.0020993107199999998,52.352727600000001,48.182393400000002,33.396663099999998,33.396663099999998,32.169037199999998,34.563065299999998,1.2276259199999999,1.1664022300000001
547.10000000000002,0.0022587859299999999,0.0020754180199999998,51.8425935,47.634019199999997,32.712710299999998,32.712710299999998,31.4837299,33.8799055,1.22898036,1.1671952699999999
547.20000000000005,0.0022312457,0.0020496035500000001,51.210503099999997,47.0415378,32.260660899999998,32.260660899999998,31.044688900000001,33.4154293,1.2159719899999999,1.1547684
547.29999999999995,0.0021980700600000001,0.0020220019200000001,50.449071199999999,46.408037999999998,32.080738599999997,32.080738599999997,30.893979900000001,33.208171800000002,1.1867586699999999,1.12743321
547.39999999999998,0.00215919827,0.0019934438700000001,49.556904099999997,45.752586999999998,32.264553599999999,32.264553599999999,31.126681600000001,33.346575399999999,1.13787207,1.08202178
547.5,0.0021145516099999998,0.0019647780700000001,48.532195000000002,45.094663099999998,32.907050099999999,32.907050099999999,31.8413495,33.922285000000002,1.06570056,1.0152349700000001
547.60000000000002,0.0020640333500000002,0.0019368711099999999,47.3727236,44.4541556,34.106505499999997,34.106505499999997,33.140016299999999,35.030147900000003,0.96648921499999996,0.923642407
547.70000000000005,0.0020107990300000001,0.0019075989400000001,46.150914700000001,43.782314599999999,35.384550500000003,35.384550500000003,34.523130399999999,36.211197800000001,0.86142010999999996,0.82664724999999994
547.79999999999995,0.0019567643999999999,0.0018727762499999999,44.910737099999999,42.9830805,36.148661799999999,36.148661799999999,35.374088,36.894936000000001,0.77457374899999998,0.74627427800000001
547.89999999999998,0.00190259777,0.0018326718699999999,43.667529999999999,42.062623600000002,36.372501,36.372501,35.664849500000003,37.056591300000001,0.70765153300000005,0.68409028100000002
548,0.0018489077100000001,0.00178826674,42.435260999999997,41.043458100000002,36.108884400000001,36.108884400000001,35.449534100000001,36.747801799999998,0.65935021699999996,0.63891748699999995
548.10000000000002,0.00179631878,0.0017404964099999999,41.228264600000003,39.947055900000002,35.404588799999999,35.404588799999999,34.775980599999997,36.014387800000002,0.62860817099999999,0.60979904799999995
548.20000000000005,0.00174547153,0.0016902509900000001,40.061242499999999,38.793846600000002,34.300351800000001,34.300351800000001,33.685746399999999,34.8963508,0.61460537900000001,0.59599903799999998
548.29999999999995,0.0016957863400000001,0.0016367404700000001,38.9208912,37.5656982,32.760922999999998,32.760922999999998,32.142899,33.359051700000002,0.61802396599999998,0.59812869700000004
548.39999999999998,0.0016499889999999999,0.00158686495,37.869772300000001,36.420978699999999,31.2843467,31.2843467,30.661031900000001,31.886392000000001,0.62331473199999998,0.60204533500000001
548.5,0.00160794478,0.00153943707,36.904792999999998,35.332436399999999,29.757717400000001,29.757717400000001,29.123192,30.369159499999999,0.63452544700000002,0.61144204999999996
548.60000000000002,0.0015695467299999999,0.0014932700000000001,36.023499000000001,34.272831400000001,28.0659189,28.0659189,27.410102800000001,28.6960339,0.65581609399999996,0.630114956
548.70000000000005,0.00153471573,0.00144717738,35.224074399999999,33.2149353,26.091624100000001,26.091624100000001,25.4001652,26.7535873,0.69145886999999995,0.66196317400000004
548.79999999999995,0.00150293689,0.00140135098,34.494701399999997,32.163149199999999,23.896736900000001,23.896736900000001,23.158139500000001,24.6011053,0.73859738900000005,0.70436842200000005
548.89999999999998,0.0014721651599999999,0.00135929059,33.788443200000003,31.197798899999999,22.012787599999999,22.012787599999999,21.2375109,22.7500316,0.77527665099999998,0.73724401399999995
549,0.00144160611,0.00131951801,33.087066100000001,30.2849574,20.3502087,20.3502087,19.546244900000001,21.113035400000001,0.80396380700000003,0.76282671099999999
549.10000000000002,0.00141099157,0.0012826183900000001,32.384415500000003,29.438054699999999,18.991866600000002,18.991866600000002,18.170575700000001,19.769902600000002,0.82129086399999995,0.77803603700000001
549.20000000000005,0.0013800605200000001,0.0012492025900000001,31.674500599999998,28.671110899999999,18.022729399999999,18.022729399999999,17.198910000000001,18.802456899999999,0.82381947799999999,0.77972742299999998
549.29999999999995,0.00134855906,0.0012199071700000001,30.951494,27.998736099999999,17.529867299999999,17.529867299999999,16.7218263,18.294559499999998,0.80804095099999995,0.76469220900000001
549.39999999999998,0.0013172762499999999,0.00119563626,30.233505600000001,27.4416817,17.5433971,17.5433971,16.7697067,18.276101400000002,0.77369041299999997,0.73270430499999994
549.5,0.00128410559,0.00117549997,29.4721881,26.979522899999999,18.141891900000001,18.141891900000001,17.426321600000001,18.8208679,0.71557025600000002,0.67897602599999995
549.60000000000002,0.0012471085800000001,0.0011590787299999999,28.6230501,26.602630399999999,19.439324299999999,19.439324299999999,18.811974500000002,20.037012799999999,0.62734981700000003,0.59768851199999995
549.70000000000005,0.0012077638199999999,0.0011479407000000001,27.7200278,26.346995700000001,21.4789727,21.4789727,20.969951200000001,21.967837100000001,0.50902148599999997,0.48886432499999999
549.79999999999995,0.0011675207899999999,0.0011436533,26.7963886,26.248593100000001,24.306408999999999,24.306408999999999,23.945948099999999,24.658827899999999,0.36046093899999998,0.35241888199999999
549.89999999999998,0.0011277998100000001,0.0011477831700000001,25.884731200000001,26.34338,27.9694985,27.9694985,27.600054,28.349474900000001,0.36944455900000001,0.37997639799999999
550,0.0010874112699999999,0.0011548697199999999,24.957752500000002,26.5060273,31.995365199999998,31.995365199999998,31.372472399999999,32.653810700000001,0.62289282800000001,0.65844547799999997
550.10000000000002,0.00105053375,0.00116891369,24.111357099999999,26.828357700000002,36.4613601,36.4613601,35.565141400000002,37.419968500000003,0.89621865000000001,0.95860846200000005
550.20000000000005,0.0010181117,0.0011900360699999999,23.367221300000001,27.3131488,41.3032556,41.3032556,40.118173499999997,42.578947100000001,1.1850821199999999,1.2756914800000001
550.29999999999995,0.00098953551700000004,0.0012159443800000001,22.7113543,27.907783999999999,46.331489599999998,46.331489599999998,44.851459200000001,47.930844200000003,1.4800303299999999,1.5993546599999999
550.39999999999998,0.00096418912799999998,0.0012443499200000001,22.1296158,28.5597347,51.357428900000002,51.357428900000002,49.585762799999998,53.276748099999999,1.77166607,1.91931929
550.5,0.00094144993599999996,0.0012729678600000001,21.6077166,29.216560300000001,56.193369599999997,56.193369599999997,54.142721700000003,58.418737399999998,2.0506478399999999,2.2253678300000002
550.60000000000002,0.00092208123799999997,0.00130528174,21.163175299999999,29.958213300000001,61.140620499999997,61.140620499999997,58.808416299999998,63.674782999999998,2.3322042000000001,2.5341624700000001
550.70000000000005,0.00090265843899999996,0.00133190571,20.717392400000001,30.569274100000001,65.4986727,65.4986727,62.916112200000001,68.307459600000001,2.5825605700000001,2.8087868899999999
550.79999999999995,0.00088351254500000002,0.00135364748,20.277964799999999,31.068280900000001,69.324856199999999,69.324856199999999,66.520425200000005,72.377062499999994,2.8044309599999999,3.0522063099999999
550.89999999999998,0.00086495150900000001,0.00137128805,19.851960600000002,31.473158900000001,72.675589200000005,72.675589200000005,69.6750854,75.942947700000005,3.0005037899999998,3.26735848
551,0.00084726023000000002,0.0013855816899999999,19.4459187,31.8012199,75.606378899999996,75.606378899999996,72.432936900000001,79.063532499999994,3.1734419200000001,3.4571536300000001
551.10000000000002,0.00083050892399999998,0.00139694271,19.061450600000001,32.061972699999998,78.154732600000003,78.154732600000003,74.829567100000006,81.778425900000002,3.3251655200000001,3.6236932799999999
551.20000000000005,0.00081407377800000005,0.0014051110499999999,18.6842389,32.249448700000002,80.344283500000003,80.344283500000003,76.886739000000006,84.113322499999995,3.4575444599999998,3.7690389999999998
551.29999999999995,0.00079869814599999999,0.0014129524900000001,18.331344600000001,32.429421699999999,82.413513199999997,82.413513199999997,78.831018799999995,86.319738200000003,3.58249438,3.9062250199999999
551.39999999999998,0.00078410543999999998,0.0014199611,17.996419599999999,32.59028,84.332148500000002,84.332148500000002,80.633465799999996,88.365946399999999,3.6986827099999999,4.0337979099999997
551.5,0.00076999625899999995,0.00142562056,17.672592399999999,32.720173199999998,86.070687199999995,86.070687199999995,82.265846800000006,90.221061300000002,3.8048403300000002,4.15037419
551.60000000000002,0.00075604839100000001,0.0014294041299999999,17.352467399999998,32.807012100000001,87.600397599999994,87.600397599999994,83.700636099999997,91.855037999999993,3.8997614999999999,4.2546403799999997
551.70000000000005,0.00074282424100000001,0.00143110229,17.048953000000001,32.845987399999999,88.853655099999997,88.853655099999997,84.874351599999997,93.195701999999997,3.97930355,4.3420469300000004
551.79999999999995,0.00073255286700000003,0.0014306790799999999,16.813209199999999,32.836274000000003,89.645321699999997,89.645321699999997,85.613877799999997,94.044699300000005,4.0314439100000001,4.3993775700000004
551.89999999999998,0.00072612194499999995,0.00142766533,16.665609700000001,32.767103900000002,89.854219599999993,89.854219599999993,85.8053417,94.272832100000002,4.0488778700000001,4.4186124800000002
552,0.00072317973200000001,0.00142169624,16.598081400000002,32.630104099999997,89.470911700000002,89.470911700000002,85.439459400000004,93.870503499999998,4.0314523600000003,4.3995917100000002
552.10000000000002,0.00072338515700000002,0.0014124011199999999,16.6027962,32.416766899999999,88.484481200000005,88.484481200000005,84.505555900000004,92.8265387,3.9789252400000001,4.34205752
552.20000000000005,0.00072640782399999995,0.00139940344,16.6721711,32.118450199999998,86.882530599999996,86.882530599999996,82.991565300000005,91.128185000000002,3.8909653099999999,4.2456543800000004
552.29999999999995,0.00073236449599999997,0.00138338168,16.808885799999999,31.7507263,84.726342700000004,84.726342700000004,80.955634799999999,88.840156300000004,3.7707078900000002,4.1138136699999999
552.39999999999998,0.00074000578999999995,0.0013668366800000001,16.984265199999999,31.370993299999999,82.378484,82.378484,78.739864800000007,86.347462100000001,3.6386192400000001,3.9689781100000001
552.5,0.000748908693,0.0013501069100000001,17.188600399999999,30.987019499999999,79.908687,79.908687,76.409870799999993,83.724352800000005,3.4988161400000002,3.81566581
552.60000000000002,0.00075929653400000005,0.0013325600699999999,17.427017299999999,30.584292699999999,77.232814700000006,77.232814700000006,73.886199700000006,80.881557000000001,3.3466150099999998,3.6487422600000001
552.70000000000005,0.00077139274600000003,0.0013135943000000001,17.704643900000001,30.148999199999999,74.269895300000002,74.269895300000002,71.092395199999999,77.733151899999996,3.17750003,3.4632566699999998
552.79999999999995,0.00078542086100000003,0.0012926381299999999,18.026610600000001,29.668023000000002,70.942121499999999,70.942121499999999,67.9549983,74.196563499999996,2.9871231800000002,3.2544420399999998
552.89999999999998,0.00080117526100000004,0.0012734432,18.388198200000001,29.22747,67.657615800000002,67.657615800000002,64.860279700000007,70.703851299999997,2.7973360199999999,3.0462355300000001
553,0.000819112213,0.0012507845300000001,18.799878700000001,28.707418799999999,63.834152000000003,63.834152000000003,61.257347699999997,66.638460600000002,2.5768042200000001,2.8043086100000001
553.10000000000002,0.00083930300499999999,0.0012260527000000001,19.263288200000002,28.1397856,59.6110033,59.6110033,57.278158400000002,62.147677100000003,2.3328449600000001,2.5366737600000002
553.20000000000005,0.00086178888799999997,0.00120113409,19.779373700000001,27.567865300000001,55.181608199999999,55.181608199999999,53.105930000000001,57.436131600000003,2.0756782199999999,2.2545234199999999
553.29999999999995,0.00088661119400000002,0.0011779240700000001,20.349083499999999,27.035159799999999,50.7403391,50.7403391,48.924765600000001,52.709443200000003,1.81557345,1.9691041600000001
553.39999999999998,0.00091355806500000004,0.00115762051,20.9675555,26.569161900000001,46.429403100000002,46.429403100000002,44.869119900000001,48.118314499999997,1.5602831699999999,1.6889114700000001
553.5,0.00093987930100000001,0.0011346163500000001,21.5716681,26.0411815,41.887637900000001,41.887637900000001,40.594270999999999,43.2836371,1.2933668899999999,1.39599921
553.60000000000002,0.000965812766,0.00111263127,22.166880800000001,25.536590199999999,37.483741600000002,37.483741600000002,36.4495948,38.595266199999998,1.0341467900000001,1.1115245899999999
553.70000000000005,0.0009905857320000001,0.0010909995,22.735458300000001,25.040107800000001,33.211137899999997,33.211137899999997,32.428100499999999,34.047096500000002,0.783037447,0.83595854199999997
553.79999999999995,0.0010134118200000001,0.00106903935,23.259352100000001,24.536088899999999,29.062701499999999,29.062701499999999,28.522263800000001,29.632456699999999,0.54043776899999996,0.56975516100000001
553.89999999999998,0.00103349102,0.00104605326,23.720200299999998,24.008523,25.0307578,25.0307578,24.724026800000001,25.344109499999998,0.30673101600000002,0.31335169699999998
554,0.0010502428999999999,0.00102224319,24.104681500000002,23.462045499999999,21.183608700000001,21.183608700000001,20.834054399999999,21.523728699999999,0.349554325,0.34011993800000001
554.10000000000002,0.00106092578,0.0009968714249999999,24.349869999999999,22.879724599999999,17.6673908,17.6673908,17.175677,18.137521599999999,0.49171374699999998,0.470130889
554.20000000000005,0.00106179161,0.00096701931999999997,24.369742200000001,22.194573099999999,14.482609800000001,14.482609800000001,13.871669000000001,15.061617399999999,0.61094077599999996,0.57900763099999997
554.29999999999995,0.00105336943,0.00093360648200000004,24.176440199999998,21.427697299999998,11.682154499999999,11.682154499999999,10.976311000000001,12.3476442,0.705843416,0.66548976999999998
554.39999999999998,0.0010361285,0.00089751129400000005,23.780734500000001,20.5992575,9.3194755300000001,9.3194755300000001,8.5445313899999995,10.0477132,0.77494413600000001,0.72823762299999995
554.5,0.0010104783399999999,0.00085957091199999997,23.192024100000001,19.728467699999999,7.4485857800000002,7.4485857800000002,6.6319058999999996,8.2144179899999994,0.816679873,0.76583221700000004
554.60000000000002,0.00098081429199999991,0.00082291552699999997,22.511188799999999,18.8871705,6.0383784499999997,6.0383784499999997,5.2014166900000003,6.8221368499999997,0.83696175699999997,0.78375839899999999
554.70000000000005,0.00095602434600000001,0.00079320830499999997,21.9422216,18.2053443,4.9564157700000004,4.9564157700000004,4.1060901200000002,5.7518811999999997,0.85032565000000004,0.79546543599999997
554.79999999999995,0.00093931363900000005,0.000772860622,21.5586853,17.738333900000001,4.1934515000000001,4.1934515000000001,3.33286857,4.9979487599999999,0.86058293500000005,0.80449725599999999
554.89999999999998,0.00093092495800000004,0.00076260310499999995,21.3661523,17.502908099999999,3.8059517700000001,3.8059517700000001,2.9400527400000001,4.6151354199999997,0.86589902600000002,0.80918365000000003
555,0.000931152185,0.000763188417,21.3713674,17.516342000000002,3.8485242999999998,3.8485242999999998,2.9839606600000002,4.6564932299999997,0.86456364100000005,0.80796892099999995
555.10000000000002,0.00094034028900000005,0.00077539125999999999,21.582248499999999,17.7964159,4.3739184800000004,4.3739184800000004,3.5189276700000001,5.1733303700000004,0.85499080599999999,0.79941189000000001
555.20000000000005,0.00095339868900000001,0.000791437755,21.8819588,18.164707499999999,4.9853620899999997,4.9853620899999997,4.1389525300000001,5.7771995499999997,0.84640955500000004,0.79183746600000005
555.29999999999995,0.000967967765,0.00081123257800000002,22.2163413,18.619029000000001,5.8649215000000003,5.8649215000000003,5.0354170900000002,6.6416146100000004,0.82950440800000003,0.77669311299999999
555.39999999999998,0.00098321912399999996,0.00083333979299999997,22.566383399999999,19.1264234,6.9302015800000003,6.9302015800000003,6.1237621799999999,7.6861397299999998,0.80643939399999998,0.75593815200000003
555.5,0.00099836815899999993,0.00085573700499999995,22.914076900000001,19.640473700000001,8.0340621900000002,8.0340621900000002,7.2522314899999998,8.7678338799999995,0.78183069299999997,0.73377169600000003
555.60000000000002,0.0010126298199999999,0.00087637727799999999,23.241403800000001,20.114199500000002,9.0268388000000002,9.0268388000000002,8.2664510199999999,9.7413168199999998,0.76038777199999996,0.71447802299999996
555.70000000000005,0.00102525795,0.00089329717499999999,23.531238800000001,20.502537100000001,9.7644127699999999,9.7644127699999999,9.0177565800000004,10.466605299999999,0.74665619400000005,0.70219253800000003
555.79999999999995,0.0010394972800000001,0.00091503470100000003,23.858053099999999,21.0014465,10.8734778,10.8734778,10.1526079,11.552410500000001,0.72086988500000004,0.67893271799999999
555.89999999999998,0.0010563063900000001,0.00094082432800000003,24.243848100000001,21.593357900000001,12.1961657,12.1961657,11.506236100000001,12.8471841,0.68992963600000001,0.65101841500000002
556,0.00107541166,0.00097075259399999998,24.682343199999998,22.2802574,13.763771699999999,13.763771699999999,13.1113947,14.380884200000001,0.65237699599999999,0.61711254100000001
556.10000000000002,0.0010965764500000001,0.0010049506499999999,25.168107500000001,23.0651552,15.6092335,15.6092335,15.002500899999999,16.1850931,0.60673254600000004,0.57585960000000003
556.20000000000005,0.00111960116,0.0010435942800000001,25.696559700000002,23.9520856,17.767131899999999,17.767131899999999,17.215636,18.293017599999999,0.55149589899999996,0.52588568499999999
556.29999999999995,0.0011440083000000001,0.0010858424099999999,26.2567409,24.9217449,20.1885771,20.1885771,19.7006108,20.6569447,0.48796630000000002,0.46836753800000003
556.39999999999998,0.00116606712,0.00112601071,26.763024699999999,25.8436688,22.584134200000001,22.584134200000001,22.1612768,22.993494699999999,0.42285737400000001,0.40936052699999997
556.5,0.0011810256299999999,0.0011594382600000001,27.106345399999999,26.610882100000001,24.854239700000001,24.854239700000001,24.4995142,25.201691400000001,0.35472546700000002,0.34745168799999998
556.60000000000002,0.0011901185800000001,0.001187067,27.315042500000001,27.245004000000002,26.996685599999999,26.996685599999999,26.711697000000001,27.280646000000001,0.28498860300000001,0.28396038400000001
556.70000000000005,0.0011945448200000001,0.00120979278,27.4166314,27.766595500000001,29.007377600000002,29.007377600000002,28.6488181,29.373973199999998,0.35855949399999998,0.36659563499999998
556.79999999999995,0.0011954672500000001,0.0012284653600000001,27.437802600000001,28.195159799999999,30.880335200000001,30.880335200000001,30.4233379,31.354723499999999,0.456997294,0.47438829799999999
556.89999999999998,0.0011928589399999999,0.0012439901,27.377937899999999,28.551476300000001,32.712203600000002,32.712203600000002,32.155459999999998,33.2958949,0.55674362899999996,0.58369130199999997
557,0.00119010003,0.00126027042,27.3146168,28.925134499999999,34.635151899999997,34.635151899999997,33.973681900000003,35.333603799999999,0.66146996999999996,0.69845188899999999
557.10000000000002,0.0011898417000000001,0.0012797050700000001,27.308687599999999,29.371189399999999,36.683695999999998,36.683695999999998,35.9133079,37.501444800000002,0.77038806900000001,0.81774878699999998
557.20000000000005,0.0011912933399999999,0.0013019238400000001,27.342005100000002,29.881144299999999,38.883546799999998,38.883546799999998,37.997903999999998,39.827495200000001,0.885642759,0.943948381
557.29999999999995,0.00119366766,0.00132655692,27.396499200000001,30.4465112,41.260190000000001,41.260190000000001,40.2508263,42.339590399999999,1.0093637,1.0794003700000001
557.39999999999998,0.0011961805900000001,0.0013532348899999999,27.454174800000001,31.058811299999999,43.838886299999999,43.838886299999999,42.695220900000002,45.065323999999997,1.1436653999999999,1.22643777
557.5,0.00119963351,0.0013791375500000001,27.533424799999999,31.653317099999999,46.260207899999997,46.260207899999997,44.991517199999997,47.623502600000002,1.26869068,1.3632947500000001
557.60000000000002,0.0012046964400000001,0.0014058456,27.649626699999999,32.266307699999999,48.6345405,48.6345405,47.244907499999997,50.130185099999998,1.38963295,1.49564465
557.70000000000005,0.00121104001,0.0014324761799999999,27.7952212,32.877520199999999,50.896580299999997,50.896580299999997,49.3932267,52.516637500000002,1.5033536000000001,1.6200571699999999
557.79999999999995,0.0012182044699999999,0.0014571232100000001,27.959656599999999,33.443207299999997,52.884887200000001,52.884887200000001,51.283143799999998,54.612547999999997,1.60174339,1.7276608099999999
557.89999999999998,0.0012257543199999999,0.00147789307,28.132937200000001,33.919907299999998,54.437347000000003,54.437347000000003,52.760713600000003,56.246865200000002,1.67663341,1.80951817
558,0.0012332782899999999,0.00149290458,28.305623799999999,34.264444400000002,55.3911722,55.3911722,53.671377200000002,57.247798199999998,1.7197950399999999,1.8566259599999999
558.10000000000002,0.0012396650299999999,0.0015076710200000001,28.452209400000001,34.603356900000001,56.411970599999997,56.411970599999997,54.644337999999998,58.3208506,1.76763268,1.90887995
558.20000000000005,0.00123842789,0.00151643674,28.423815000000001,34.804543600000002,57.427126999999999,57.427126999999999,55.604424199999997,59.396348799999998,1.82270278,1.9692218699999999
558.29999999999995,0.00123044477,0.0015201807700000001,28.240590300000001,34.890474699999999,58.467337700000002,58.467337700000002,56.581571400000001,60.5058036,1.8857663,2.03846594
558.39999999999998,0.0012165606900000001,0.0015198994500000001,27.921929299999999,34.884018099999999,59.5677874,59.5677874,57.609932700000002,61.685510899999997,1.9578547799999999,2.1177234899999999
558.5,0.00119758769,0.00151660648,27.486469899999999,34.808439399999997,60.768149200000003,60.768149200000003,58.727878799999999,62.976552099999999,2.0402703899999999,2.2084029599999999
558.60000000000002,0.00117410069,0.0015104379,26.947407399999999,34.666861099999998,62.035833099999998,62.035833099999998,59.905116599999999,64.343809500000006,2.1307164699999999,2.30797637
558.70000000000005,0.0011468973999999999,0.0014981037699999999,26.323050299999998,34.383773900000001,62.962702700000001,62.962702700000001,60.755946899999998,65.354554899999997,2.2067557899999999,2.3918521899999998
558.79999999999995,0.0011191778600000001,0.00148018005,25.686844499999999,33.972397100000002,63.348447299999997,63.348447299999997,61.093845600000002,65.793308100000004,2.2546017100000002,2.4448607999999998
558.89999999999998,0.00109056119,0.0014565815200000001,25.030048000000001,33.430774700000001,63.215169400000001,63.215169400000001,60.939366499999998,65.6838762,2.2758029199999998,2.4687067200000001
559,0.0010606593700000001,0.0014272096900000001,24.343755600000001,32.7566463,62.584168099999999,62.584168099999999,60.312295499999998,65.049223699999999,2.2718725100000001,2.4650556300000002
559.10000000000002,0.0010290772899999999,0.0013919528200000001,23.618898399999999,31.947447199999999,61.475938499999998,61.475938499999998,59.231650600000002,63.9114729,2.2442879900000001,2.4355343899999999
559.20000000000005,0.00099842642699999999,0.0013533818100000001,22.915414200000001,31.0621835,59.946183699999999,59.946183699999999,57.752759599999997,62.326680099999997,2.1934241299999999,2.3804963699999999
559.29999999999995,0.00097359848200000002,0.0013169309499999999,22.345574899999999,30.225580399999998,58.163781499999999,58.163781499999999,56.040375099999999,60.468134399999997,2.12340631,2.3043529199999999
559.39999999999998,0.00095588074400000005,0.0012846303299999999,21.938925699999999,29.484231699999999,56.235770799999997,56.235770799999997,54.197130299999998,58.447672400000002,2.03864059,2.2119015800000001
559.5,0.00094611749999999996,0.0012571103599999999,21.714844299999999,28.8526062,54.159216600000001,54.159216600000001,52.221079400000001,56.261256400000001,1.9381371700000001,2.1020398299999998
559.60000000000002,0.00094520418699999996,0.0012350544399999999,21.6938824,28.346389200000001,51.932549799999997,51.932549799999997,50.111621499999998,53.906237900000001,1.82092823,1.97368809
559.70000000000005,0.00095408739899999998,0.0012191989800000001,21.897765700000001,27.9824822,49.555567699999997,49.555567699999997,47.869499900000001,51.381357399999999,1.6860678600000001,1.8257896899999999
559.79999999999995,0.00096840765799999999,0.0012073061899999999,22.226437600000001,27.709524500000001,47.149560000000001,47.149560000000001,45.6052635,48.819763299999998,1.5442965099999999,1.67020328
559.89999999999998,0.00098471176500000007,0.00119391018,22.600641799999998,27.402065499999999,44.425295200000001,44.425295200000001,43.041611500000002,45.919232800000003,1.38368369,1.49393759
560,0.0010024411900000001,0.0011784307600000001,23.0075593,27.046789199999999,41.367695300000001,41.367695300000001,40.163713899999998,42.6644285,1.2039813500000001,1.2967331900000001
560.10000000000002,0.0010212366699999999,0.00116199057,23.438944299999999,26.669461699999999,38.123114299999997,38.123114299999997,37.109806599999999,39.210603499999998,1.0133076400000001,1.0874892
560.20000000000005,0.0010407258900000001,0.00114568571,23.886251699999999,26.295240199999999,34.836199299999997,34.836199299999997,34.0164963,35.711219300000003,0.81970300100000004,0.87502000499999999
560.29999999999995,0.0010605234900000001,0.00113058574,24.3406369,25.948672699999999,31.6498907,31.6498907,31.018760400000001,32.317945899999998,0.63113028000000004,0.66805520799999996
560.39999999999998,0.001080527,0.0011139731600000001,24.799748099999999,25.5673885,28.2890227,28.2890227,27.855927900000001,28.739744600000002,0.43309480900000003,0.45072194500000001
560.5,0.00110166243,0.00110089905,25.284838499999999,25.267317599999998,25.205198200000002,25.205198200000002,24.949379199999999,25.460760100000002,0.25581905399999999,0.25556183399999999
560.60000000000002,0.00112335063,0.0010905876299999999,25.782615799999999,25.030654899999998,22.364612099999999,22.364612099999999,21.979820400000001,22.738364399999998,0.38479168000000002,0.373752321
560.70000000000005,0.00114496602,0.0010820536100000001,26.2787221,24.834786099999999,19.715376500000001,19.715376500000001,19.2087982,20.200756800000001,0.50657832999999997,0.48538024600000002
560.79999999999995,0.0011658832300000001,0.0010743013299999999,26.758804099999999,24.656859300000001,17.2045095,17.2045095,16.582039300000002,17.796121599999999,0.62247021300000005,0.59161205699999997
560.89999999999998,0.0011853201800000001,0.0010664245799999999,27.204911899999999,24.476075900000001,14.8011116,14.8011116,14.0683428,15.493819,0.73276880700000002,0.69270740900000005
561,0.0012006862499999999,0.0010574079100000001,27.557586700000002,24.269129499999998,12.610054099999999,12.610054099999999,11.7792782,13.3925529,0.83077588300000005,0.78249881799999998
561.10000000000002,0.00120856114,0.0010432650400000001,27.7383275,23.944528900000002,10.493788500000001,10.493788500000001,9.5758889400000005,11.355992199999999,0.91789955999999995,0.86220369799999996
561.20000000000005,0.00120873452,0.0010239863899999999,27.7423067,23.502054399999999,8.4684327199999991,8.4684327199999991,7.4751191300000004,9.3994961700000008,0.99331359100000005,0.93106344699999999
561.29999999999995,0.0012009578800000001,0.00099952330800000006,27.5638209,22.9405894,6.5491320499999999,6.5491320499999999,5.4929454800000004,7.5374460499999998,1.0561865699999999,0.988313997
561.39999999999998,0.0011849445699999999,0.00096978806200000004,27.196290999999999,22.258120000000002,4.7500591300000004,4.7500591300000004,3.6443772000000001,5.7832449400000003,1.10568193,1.03318581
561.5,0.00116347238,0.00093756390399999995,26.703471499999999,21.5185262,3.1355384000000002,3.1355384000000002,1.9931223,4.2018355300000003,1.14241609,1.0662971400000001
561.60000000000002,0.0011430987200000001,0.00090975756499999999,26.2358647,20.880328200000001,1.89251704,1.89251704,0.72597654599999994,2.9804341700000001,1.1665405,1.0879171299999999
561.70000000000005,0.0011254949900000001,0.00088875790599999996,25.831832299999999,20.3983539,1.13420323,1.13420323,0,2.2300944299999998,1.13420323,1.0958911899999999
561.79999999999995,0.00111184347,0.00087556487699999997,25.518509000000002,20.0955537,0.86871205299999998,0.86871205299999998,0,1.95984775,0.86871205299999998,1.0911356999999999
561.89999999999998,0.0011033584200000001,0.00087121665199999996,25.323764100000002,19.995755299999999,1.1055421400000001,1.1055421400000001,0,2.1800944800000002,1.1055421400000001,1.0745523299999999
562,0.0011012861099999999,0.00087678963399999996,25.276201400000001,20.123663700000002,1.85557569,1.85557569,0.73290435399999998,2.9026038399999998,1.1226713399999999,1.04702815
562.10000000000002,0.0011023381799999999,0.00088972745999999999,25.300348100000001,20.420606599999999,3.1197051400000002,3.1197051400000002,2.0428481700000001,4.1249237699999997,1.07685696,1.0052186299999999
562.20000000000005,0.00110424924,0.00090885068999999995,25.344209800000002,20.859514000000001,4.9592288599999996,4.9592288599999996,3.94862833,5.90399063,1.0106005300000001,0.94476176599999995
562.29999999999995,0.0011070492300000001,0.00093444951199999997,25.408473900000001,21.447046199999999,7.4019842999999996,7.4019842999999996,6.4790838199999996,8.2667279899999997,0.92290048099999999,0.86474369500000003
562.39999999999998,0.0011103246699999999,0.00096615213499999996,25.483650099999998,22.174669900000001,10.442830900000001,10.442830900000001,9.6293305599999997,11.207752899999999,0.81350036100000001,0.76492200300000002
562.5,0.00111364715,0.00100359416,25.559906099999999,23.034021599999999,14.078612700000001,14.078612700000001,13.3965589,14.7235847,0.68205386899999998,0.64497195299999999
562.60000000000002,0.00111657338,0.00104641858,25.627067700000001,24.0169076,18.308158200000001,18.308158200000001,17.780033299999999,18.812644599999999,0.52812486700000005,0.50448648699999998
562.70000000000005,0.0011180266500000001,0.0010901331499999999,25.660422400000002,25.0202238,22.750429,22.750429,22.385728,23.1057314,0.364700998,0.35530239400000002
562.79999999999995,0.00111669506,0.0011309208800000001,25.629860300000001,25.956364799999999,27.113971500000002,27.113971500000002,26.778936999999999,27.4565035,0.33503454999999999,0.34253199200000001
562.89999999999998,0.00111199847,0.0011676216300000001,25.522066500000001,26.798703,31.3249596,31.3249596,30.761917799999999,31.917316499999998,0.56304183699999999,0.59235692299999998
563,0.0011034080800000001,0.00119925668,25.324903899999999,27.524775900000002,35.324322199999997,35.324322199999997,34.540651699999998,36.158507700000001,0.78367041000000004,0.83418552499999998
563.10000000000002,0.0010903693800000001,0.0012248027600000001,25.025645699999998,28.111097600000001,39.050426999999999,39.050426999999999,38.056228099999998,40.115476299999997,0.99419885799999996,1.06504932
563.20000000000005,0.00107260937,0.00124348856,24.6180263,28.5399651,42.445021099999998,42.445021099999998,41.253214200000002,43.726886499999999,1.1918069099999999,1.2818654199999999
563.29999999999995,0.00105721261,0.00126185513,24.264647100000001,28.961506,45.614005599999999,45.614005599999999,44.2388926,47.096971500000002,1.3751130499999999,1.48296585
563.39999999999998,0.0010466627499999999,0.00128324086,24.022511699999999,29.452341400000002,48.703555600000001,48.703555600000001,47.154138199999998,50.377656700000003,1.54941734,1.6741011699999999
563.5,0.0010413648699999999,0.00130710381,23.900917199999999,30.000032600000001,51.624169100000003,51.624169100000003,49.914597000000001,53.473793700000002,1.7095720999999999,1.84962457
563.60000000000002,0.0010417690700000001,0.00133294073,23.910194199999999,30.593029300000001,54.286717299999999,54.286717299999999,52.4363125,56.290578500000002,1.85040487,2.0038611500000001
563.70000000000005,0.0010483705,0.00136028705,24.0617071,31.2206692,56.602443700000002,56.602443700000002,54.635725200000003,58.7335517,1.9667185199999999,2.1311079899999998
563.79999999999995,0.0010603875299999999,0.0013884772699999999,24.337516300000001,31.867678000000002,58.5655243,58.5655243,56.506548000000002,60.797413900000002,2.0589762999999999,2.2318895400000001
563.89999999999998,0.00107497416,0.0014138916900000001,24.6723018,32.450977700000003,60.029919599999999,60.029919599999999,57.907676299999999,62.3307827,2.1222432900000001,2.3008630999999999
564,0.0010924237200000001,0.0014322197300000001,25.072795899999999,32.871634299999997,60.522061600000001,60.522061600000001,58.390951800000003,62.832254200000001,2.1311098099999999,2.3101926000000002
564.10000000000002,0.0011122466100000001,0.00144438812,25.527761600000002,33.150917399999997,60.178469999999997,60.178469999999997,58.085168899999999,62.446819699999999,2.09330105,2.26834969
564.20000000000005,0.00113397298,0.0014512976799999999,26.026414899999999,33.309502500000001,59.131358499999997,59.131358499999997,57.115064099999998,61.3148926,2.0162943499999999,2.1835340799999998
564.29999999999995,0.0011571526799999999,0.0014538233799999999,26.558424599999999,33.367471100000003,57.508635599999998,57.508635599999998,55.601316400000002,59.572309199999999,1.9073191700000001,2.0636736099999999
564.39999999999998,0.0011808611600000001,0.0014513615700000001,27.102570400000001,33.310968899999999,55.322563500000001,55.322563500000001,53.554624099999998,57.2330647,1.7679393400000001,1.91050125
564.5,0.0012022659099999999,0.00144857953,27.593842200000001,33.247116800000001,53.290545000000002,53.290545000000002,51.651538000000002,55.059366799999999,1.63900701,1.7688217500000001
564.60000000000002,0.00121994794,0.0014482773600000001,27.999671800000002,33.240181399999997,51.820169900000003,51.820169900000003,50.276625699999997,53.484050600000003,1.54354418,1.6638807
564.70000000000005,0.00123396457,0.0014487727399999999,28.321375100000001,33.251551200000002,50.731266400000003,50.731266400000003,49.259329200000003,52.316414000000002,1.4719372100000001,1.5851476200000001
564.79999999999995,0.0012443599399999999,0.0014484160600000001,28.559964600000001,33.243364900000003,49.848147699999998,49.848147699999998,48.433324399999997,51.370514900000003,1.41482339,1.52236715
564.89999999999998,0.00125116495,0.0014455904099999999,28.7161501,33.178511800000003,48.999612399999997,48.999612399999997,47.636521500000001,50.465171499999997,1.3630909499999999,1.4655590599999999
565,0.00125500159,0.0014436335499999999,28.804206799999999,33.133598900000003,48.4832617,48.4832617,47.151350299999997,49.9145878,1.3319114000000001,1.43132616
565.10000000000002,0.0012563128700000001,0.0014367475600000001,28.834302699999999,32.975555,47.6581768,47.6581768,46.371326600000003,49.040121499999998,1.2868501999999999,1.3819447499999999
565.20000000000005,0.00125524514,0.00142470394,28.8097967,32.699135499999997,46.488609400000001,46.488609400000001,45.262742799999998,47.8037858,1.2258665399999999,1.31517646
565.29999999999995,0.0012519099499999999,0.00140899931,28.7332489,32.338690100000001,45.121617899999997,45.121617899999997,43.964967100000003,46.361059599999997,1.15665079,1.2394416399999999
565.39999999999998,0.0012464125000000001,0.00139113889,28.607074099999998,31.928766199999998,43.705674399999999,43.705674399999999,42.618699900000003,44.868924200000002,1.0869745500000001,1.1632497399999999
565.5,0.0012388517,0.00137263654,28.4335421,31.504109,42.390664100000002,42.390664100000002,41.365973500000003,43.4858634,1.0246906099999999,1.0951992800000001
565.60000000000002,0.0012277563000000001,0.00134875182,28.1788858,30.955918,40.801759500000003,40.801759500000003,39.850389399999997,41.816897900000001,0.95137011400000004,1.01513842
565.70000000000005,0.00121214353,0.0013219476599999999,27.820548800000001,30.340721500000001,39.2758793,39.2758793,38.390023800000002,40.219604799999999,0.88585544999999999,0.94372555000000002
565.79999999999995,0.0011919637600000001,0.0012919618099999999,27.357392300000001,29.6525006,37.789702599999998,37.789702599999998,36.962744000000001,38.669363199999999,0.82695861800000003,0.87966062
565.89999999999998,0.00116714329,0.0012585158500000001,26.787724499999999,28.884864499999999,36.320178800000001,36.320178800000001,35.546649100000003,37.141864699999999,0.77352973199999997,0.821685836
566,0.0011375843300000001,0.0012213151199999999,26.109300999999999,28.031050700000002,34.844527100000001,34.844527100000001,34.1200701,35.613112800000003,0.72445702199999995,0.76858568400000005
566.10000000000002,0.0011039769999999999,0.0011810527200000001,25.337961499999999,27.1069672,33.378896400000002,33.378896400000002,32.698981099999997,34.099432999999998,0.67991528899999998,0.72053652700000004
566.20000000000005,0.0010697359599999999,0.00114162191,24.552077199999999,26.201969600000002,32.051588099999996,32.051588099999996,31.4082513,32.732810999999998,0.64333677899999997,0.68122284799999999
566.29999999999995,0.00103579325,0.0011036555,23.773040000000002,25.330582499999998,30.852778699999998,30.852778699999998,30.2394991,31.5018238,0.61327963900000004,0.64904510100000001
566.39999999999998,0.0010026294299999999,0.0010677530000000001,23.011879499999999,24.506565200000001,29.805905299999999,29.805905299999999,29.215392900000001,30.4307397,0.59051230799999999,0.62483440400000001
566.5,0.00097073393099999996,0.0010345332899999999,22.279829100000001,23.744122099999998,28.935706499999998,28.935706499999998,28.359843000000001,29.545194200000001,0.57586350100000006,0.60948769899999999
566.60000000000002,0.00094060509100000003,0.00100463469,21.5883261,23.057903400000001,28.2682228,28.2682228,27.6980006,28.8721906,0.57022220599999995,0.60396774399999997
566.70000000000005,0.00091235694700000003,0.00097763828100000004,20.939988,22.438294500000001,27.750471999999998,27.750471999999998,27.1798067,28.3555426,0.57066536899999998,0.60507060899999998
566.79999999999995,0.00088677167699999996,0.00095229639399999999,20.352766899999999,21.856659400000002,27.188642000000002,27.188642000000002,26.622502300000001,27.789315200000001,0.56613970700000005,0.60067321799999995
566.89999999999998,0.00086478570299999998,0.00092863200199999997,19.8481551,21.3135254,26.508928999999998,26.508928999999998,25.9571237,27.094383199999999,0.55180527400000001,0.58545420699999995
567,0.000846423655,0.00090698706000000003,19.426718099999999,20.816740800000002,25.745003499999999,25.745003499999999,25.215579699999999,26.306346000000001,0.52942375200000003,0.56134250100000005
567.10000000000002,0.000831726454,0.00088770064699999996,19.089394800000001,20.374088199999999,24.9289101,24.9289101,24.4282556,25.459064699999999,0.50065449200000001,0.53015458699999995
567.20000000000005,0.00082075130899999995,0.00087110896500000004,18.837498400000001,19.993283699999999,24.091067800000001,24.091067800000001,23.624013300000001,24.584662300000002,0.46705450799999998,0.49359451799999998
567.29999999999995,0.00081270169400000003,0.00085618630199999998,18.652747399999999,19.6507857,23.1892852,23.1892852,22.762112399999999,23.639375600000001,0.42717271099999998,0.45009041700000002
567.39999999999998,0.00080787870900000003,0.00084235996600000003,18.5420525,19.3334501,22.1393144,22.1393144,21.7630716,22.533729900000001,0.37624279799999999,0.39441546399999999
567.5,0.00080622795399999995,0.00082957432300000003,18.504165199999999,19.0400001,20.9397783,20.9397783,20.6255329,21.266328099999999,0.31424546199999998,0.32654970500000002
567.60000000000002,0.00080740343400000005,0.00081775000899999997,18.531144300000001,18.768613999999999,19.610552200000001,19.610552200000001,19.367975399999999,19.858581900000001,0.24257677599999999,0.248029735
567.70000000000005,0.00081107532699999996,0.00080679080599999997,18.615419800000002,18.517083499999998,18.1684366,18.1684366,17.965671100000002,18.369758399999998,0.20276550700000001,0.20132185499999999
567.79999999999995,0.00081692999500000002,0.00079658364500000004,18.749793400000001,18.282813600000001,16.627157700000001,16.627157700000001,16.360810699999998,16.886648999999998,0.266346953,0.25949133099999999
567.89999999999998,0.00082536309800000001,0.00078903309700000001,18.943345999999998,18.109516899999999,15.1532137,15.1532137,14.822996399999999,15.471189799999999,0.33021729100000002,0.31797604200000001
568,0.00083344813599999998,0.00078360361700000004,19.128910000000001,17.984902000000002,13.9288738,13.9288738,13.5444336,14.296519,0.38444014399999998,0.36764523300000002
568.10000000000002,0.00084166133700000001,0.00078077099999999998,19.3174156,17.9198892,12.9650228,12.9650228,12.535896299999999,13.373632600000001,0.42912650299999999,0.40860974700000002
568.20000000000005,0.00085047625300000004,0.00078100155699999997,19.519731400000001,17.9251808,12.271774199999999,12.271774199999999,11.8073611,12.7127781,0.46441311400000002,0.44100389400000001
568.29999999999995,0.00086036375299999998,0.00078475210999999999,19.746664599999999,18.011261699999999,11.858469599999999,11.858469599999999,11.3680071,12.3234551,0.490462487,0.464985447
568.39999999999998,0.00087147470999999999,0.00079188439500000002,20.001678099999999,18.1749586,11.6984075,11.6984075,11.189977900000001,12.1800195,0.508429625,0.48161198700000002
568.5,0.00088226004299999999,0.00079953765899999998,20.249217999999999,18.350612699999999,11.619193900000001,11.619193900000001,11.096152399999999,12.1143625,0.52304153499999995,0.49516855900000001
568.60000000000002,0.00089325505300000003,0.00080959030399999998,20.501570300000001,18.5813363,11.773233899999999,11.773233899999999,11.244017100000001,12.274260099999999,0.52921673400000002,0.50102623099999999
568.70000000000005,0.00090429805899999998,0.00082093742300000004,20.755024200000001,18.84177,12.0584145,12.0584145,11.527841499999999,12.5608994,0.53057299499999999,0.50248496200000003
568.79999999999995,0.00091521384599999999,0.00083246009499999998,21.005558199999999,19.106233,12.3722618,12.3722618,11.841534899999999,12.875105100000001,0.53072685799999997,0.50284331299999996
568.89999999999998,0.00092581366499999999,0.00084302537599999997,21.2488402,19.348722299999999,12.6119407,12.6119407,12.0786471,13.1173392,0.53329362800000002,0.50539844499999997
569,0.00093542384599999999,0.00085457737199999995,21.469408600000001,19.6138583,13.0350891,13.0350891,12.507114,13.5358234,0.52797512499999999,0.50073422899999998
569.10000000000002,0.00094298868500000005,0.00087138911099999996,21.643033200000001,19.999713499999999,14.1733978,14.1733978,13.679517000000001,14.6431535,0.49388084199999999,0.46975565200000002
569.20000000000005,0.000948087926,0.00089346653100000003,21.7600686,20.506423999999999,16.061684100000001,16.061684100000001,15.6324212,16.472542499999999,0.42926286499999999,0.41085840400000001
569.29999999999995,0.00095020831800000005,0.00092142613600000004,21.808734900000001,21.148139700000002,18.806029800000001,18.806029800000001,18.476403999999999,19.125957499999998,0.32962572699999998,0.31992768599999999
569.39999999999998,0.00094881510100000002,0.00095592137300000001,21.776758399999999,21.9398582,22.5181212,22.5181212,22.261017899999999,22.778969700000001,0.25710328799999999,0.26084850799999998
569.5,0.00094335200100000005,0.00099764262600000007,21.651371900000001,22.8974248,27.315248799999999,27.315248799999999,26.798289799999999,27.8608206,0.51695898699999998,0.54557179099999997
569.60000000000002,0.00093547551299999997,0.0010405445599999999,21.4705944,23.8820899,32.431937599999998,32.431937599999998,31.6357879,33.283461899999999,0.79614969199999996,0.851524265
569.70000000000005,0.00092621203400000001,0.0010781838300000001,21.257983400000001,24.745968600000001,37.112461500000002,37.112461500000002,36.058886800000003,38.2461299,1.0535747099999999,1.13366845
569.79999999999995,0.00091558482599999995,0.00110890719,21.0140727,25.4511167,41.1824546,41.1824546,39.902492600000002,42.564303299999999,1.279962,1.3818487399999999
569.89999999999998,0.00090376305100000004,0.0011317521,20.742744900000002,25.9754425,44.527733900000001,44.527733900000001,43.058646099999997,46.116978799999998,1.46908774,1.5892448800000001
570,0.00089091700600000005,0.00114569661,20.4479085,26.2954902,47.027825399999998,47.027825399999998,45.413432100000001,48.776495199999999,1.6143932599999999,1.7486698300000001
570.10000000000002,0.00087721813000000005,0.0011496593299999999,20.133498400000001,26.3864409,48.555964199999998,48.555964199999998,46.8469792,50.408534099999997,1.7089851,1.85256986
570.20000000000005,0.00086269992599999996,0.0011508801199999999,19.800283400000001,26.414459799999999,49.864721699999997,49.864721699999997,48.071972199999998,51.809350899999998,1.7927495,1.9446291899999999
570.29999999999995,0.00085012462900000004,0.00115526499,19.511661100000001,26.515099299999999,51.345471400000001,51.345471400000001,49.461753799999997,53.390007199999999,1.8837176200000001,2.0445358300000001
570.39999999999998,0.00083928343300000003,0.0011629720800000001,19.262839,26.6919887,53.031701300000002,53.031701300000002,51.047829200000002,55.186167099999999,1.98387208,2.1544658000000001
570.5,0.000829749614,0.0011738542399999999,19.044023299999999,26.941751100000001,54.942785899999997,54.942785899999997,52.848123800000003,57.218801599999999,2.0946621599999999,2.2760157200000002
570.60000000000002,0.00082112057800000002,0.0011878105899999999,18.845973699999998,27.262070699999999,57.100959799999998,57.100959799999998,54.883294800000002,59.511881500000001,2.2176649799999999,2.4109217300000001
570.70000000000005,0.00081308703199999997,0.0012045702499999999,18.6615915,27.646730399999999,59.503131699999997,59.503131699999997,57.150109499999999,62.062477299999998,2.3530221299999998,2.5593456400000001
570.79999999999995,0.00080548825999999997,0.0012208872900000001,18.487188100000001,28.021231400000001,61.823748799999997,61.823748799999997,59.340125,64.526300399999997,2.4836237699999999,2.7025516399999998
570.89999999999998,0.00079445610200000005,0.00123458861,18.233983200000001,28.335697700000001,64.150867199999993,64.150867199999993,61.532905,67.000792500000003,2.6179621499999999,2.8499253100000002
571,0.00078082969900000005,0.00124558326,17.921236400000002,28.588041799999999,66.406715500000004,66.406715500000004,63.655632500000003,69.402737700000003,2.7510829700000001,2.9960221800000002
571.10000000000002,0.00076543999599999995,0.0012537876999999999,17.568019100000001,28.776346199999999,68.514960299999998,68.514960299999998,65.636843999999996,71.650450599999999,2.8781163099999998,3.13549034
571.20000000000005,0.00074910974900000002,0.00125912576,17.193214999999999,28.898862999999999,70.400705700000003,70.400705700000003,67.406429200000005,73.663776200000001,2.9942765699999998,3.2630704599999998
571.29999999999995,0.00073245622100000002,0.00126150608,16.810991099999999,28.953494899999999,72.004190500000007,72.004190500000007,68.908406499999998,75.378799799999996,3.0957839900000002,3.37460929
571.39999999999998,0.00071527989199999999,0.00125926273,16.416768000000001,28.9020066,73.167852499999995,73.167852499999995,69.993374500000002,76.629025900000002,3.17447795,3.46117338
571.5,0.00069756569799999996,0.0012502294,16.010200099999999,28.694677899999999,73.666917100000006,73.666917100000006,70.448466699999997,77.176637999999997,3.2184503900000001,3.50972091
571.60000000000002,0.000680243426,0.0012351584199999999,15.6126275,28.348775799999999,73.504210599999993,73.504210599999993,70.277277900000001,77.023600299999998,3.2269326999999999,3.51938971
571.70000000000005,0.00066421897800000005,0.0012147752400000001,15.244841900000001,27.880950500000001,72.681699199999997,72.681699199999997,69.482564999999994,76.170993199999998,3.1991342,3.4892940299999999
571.79999999999995,0.00065037436800000005,0.0011897784199999999,14.927086900000001,27.307235200000001,71.200488300000004,71.200488300000004,68.066246100000001,74.619012699999999,3.1342421900000002,3.41852446
571.89999999999998,0.00063852115799999999,0.0011612026000000001,14.6550376,26.651376500000001,69.183850699999994,69.183850699999994,66.144869,72.498301299999994,3.03898169,3.3144506499999999
572,0.00063233496099999998,0.00113368147,14.5130549,26.019724400000001,66.816097900000003,66.816097900000003,63.896599799999997,69.999820900000003,2.91949814,3.18372294
572.10000000000002,0.00063375509400000001,0.00110932651,14.5456491,25.460740900000001,64.159702499999995,64.159702499999995,61.382513099999997,67.187532500000003,2.7771894600000002,3.0278299999999998
572.20000000000005,0.00064190433399999997,0.0010877031300000001,14.7326867,24.964451100000002,61.240706899999999,61.240706899999999,58.6264033,64.089960099999999,2.6143036400000002,2.8492531099999998
572.29999999999995,0.00065592126799999997,0.0010684032,15.054396799999999,24.521488300000001,58.086631199999999,58.086631199999999,55.653479699999998,60.7371731,2.4331514699999999,2.6505419400000001
572.39999999999998,0.00067496029199999997,0.00105104512,15.4913715,24.123093799999999,54.726472999999999,54.726472999999999,52.4903665,57.160787599999999,2.2361064800000001,2.4343145800000001
572.5,0.00069721698600000003,0.0010352519700000001,16.002196699999999,23.760616800000001,51.267742499999997,51.267742499999997,49.237088499999999,53.476551299999997,2.0306540499999999,2.2088087199999999
572.60000000000002,0.00072220671700000004,0.0010219067,16.575749200000001,23.4543225,47.841991399999998,47.841991399999998,46.017740500000002,49.824193399999999,1.82425097,1.9822019399999999
572.70000000000005,0.00074884977700000004,0.00101064606,17.187248199999999,23.1958734,44.499181,44.499181,42.878566900000003,46.257769600000003,1.6206140499999999,1.75858862
572.79999999999995,0.00077591942900000004,0.0010009029699999999,17.808538200000001,22.972254700000001,41.279977100000004,41.279977100000004,39.856864799999997,42.821662500000002,1.4231122700000001,1.5416854099999999
572.89999999999998,0.00080220386600000004,0.00099214877399999993,18.411806200000001,22.7713325,38.227834799999997,38.227834799999997,36.992587,39.563189399999999,1.23524783,1.3353545499999999
573,0.00082650621299999998,0.00098389317399999996,18.969582299999999,22.581853899999999,35.388998600000001,35.388998600000001,34.328342499999998,36.532602400000002,1.06065611,1.1436038100000001
573.10000000000002,0.00085105071899999995,0.00097674685399999996,19.532916199999999,22.417834899999999,32.646182799999998,32.646182799999998,31.7552643,33.603346899999998,0.89091846900000005,0.95716414000000005
573.20000000000005,0.00087469370699999995,0.00096909366200000004,20.075558999999998,22.242182400000001,29.923847200000001,29.923847200000001,29.200689400000002,30.696756600000001,0.72315779899999999,0.77290943400000001
573.29999999999995,0.00089709385500000001,0.00096112245400000005,20.589676699999998,22.059231,27.269469000000001,27.269469000000001,26.7092393,27.8634436,0.56022967400000001,0.59397468399999998
573.39999999999998,0.00091794310399999997,0.00095305529299999998,21.068198800000001,21.8740773,24.731282700000001,24.731282700000001,24.326285800000001,25.154784899999999,0.404996986,0.42350217299999998
573.5,0.00093696665999999998,0.00094514745099999996,21.504818499999999,21.692580199999998,22.358280700000002,22.358280700000002,22.0979508,22.622922200000001,0.26032994799999998,0.26464147199999999
573.60000000000002,0.00095371884599999997,0.00093680047600000005,21.889306900000001,21.501004399999999,20.124295499999999,20.124295499999999,19.8398349,20.403055599999998,0.28446065300000001,0.27876007600000002
573.70000000000005,0.00096610060499999998,0.00092423623699999997,22.1734872,21.212635899999999,17.805981299999999,17.805981299999999,17.422015900000002,18.1758405,0.38396531900000003,0.36985928800000001
573.79999999999995,0.00097164027299999995,0.00090532878599999995,22.300630999999999,20.778680900000001,15.382676,15.382676,14.9027096,15.840299099999999,0.47996645199999999,0.457623061
573.89999999999998,0.00097075251799999995,0.00088032077000000004,22.280255700000001,20.204708700000001,12.8459512,12.8459512,12.272725400000001,13.3887064,0.57322578000000002,0.54275516400000001
574,0.00096384893599999995,0.00084943620300000002,22.1218079,19.4958606,10.185683900000001,10.185683900000001,9.52111923,10.8116976,0.66456463899999996,0.62601372600000005
574.10000000000002,0.00095133804699999995,0.000812880456,21.834663899999999,18.656850299999999,7.3900567300000004,7.3900567300000004,6.6351927599999998,8.0982679700000002,0.75486397000000005,0.70821123799999997
574.20000000000005,0.000933564408,0.00077132891099999999,21.426731700000001,17.7031788,4.5014911399999997,4.5014911399999997,3.6585701899999998,5.2897474899999999,0.84292095499999997,0.78825635299999997
574.29999999999995,0.00091014006200000001,0.00072543452700000002,20.8891071,16.649832400000001,1.6196768699999999,1.6196768699999999,0.69506375399999998,2.4820541899999999,0.92461311499999999,0.862377324
574.39999999999998,0.00088103082800000004,0.000675443398,20.221005600000002,15.502459500000001,0,-1.22693121,0,0,1.22693121,1.22693121
574.5,0.00084686428499999996,0.00062175905700000004,19.4368312,14.2703218,0,-4.0473025600000003,0,0,4.0473025600000003,4.0473025600000003
574.60000000000002,0.00080825326700000001,0.00056477110199999996,18.550649199999999,12.962361,0,-6.85066094,0,0,6.85066094,6.85066094
574.70000000000005,0.00076579586400000001,0.00050485519300000001,17.5761869,11.587199200000001,0,-9.6464844200000002,0,0,9.6464844200000002,9.6464844200000002
574.79999999999995,0.00072041319700000001,0.00044412325899999998,16.534585199999999,10.193308399999999,0,-12.2894004,0,0,12.2894004,12.2894004
574.89999999999998,0.00067363656199999995,0.00038432030399999998,15.4609899,8.8207390399999994,0,-14.7219684,0,0,14.7219684,14.7219684
575,0.00062615496400000002,0.00032627399300000001,14.371214500000001,7.4884874000000003,0,-16.913908899999999,0,0,16.913908899999999,16.913908899999999
575.10000000000002,0.00057840983100000004,0.000270714522,13.275390700000001,6.2133125099999997,0,-18.824964600000001,0,0,18.824964600000001,18.824964600000001
575.20000000000005,0.00053083934599999999,0.00021837909599999999,12.183575299999999,5.0121343999999999,0,-20.413883200000001,0,0,20.413883200000001,20.413883200000001
575.29999999999995,0.000483878455,0.00017001193200000001,11.105751,3.9020339900000001,0,-21.638417100000002,0,0,21.638417100000002,21.638417100000002
575.39999999999998,0.00043481601600000002,0.000121732374,9.9796928999999999,2.79394425,0,-22.682801000000001,0,0,22.682801000000001,22.682801000000001
575.5,0.00038680274300000001,7.4937082800000001e-05,8.8777148100000005,1.71992072,0,-23.6577129,0,0,23.6577129,23.6577129
575.60000000000002,0.00033884166699999998,2.9033145400000001e-05,7.7769347399999997,0.66635511300000005,0,-24.543881800000001,0,0,24.543881800000001,24.543881800000001
575.70000000000005,0.00028993943500000001,-1.65842691e-05,6.6545536900000002,-0.38063435299999998,0,-25.323573799999998,0,0,25.323573799999998,25.323573799999998
575.79999999999995,0.00023910631000000001,-6.2531907799999995e-05,5.4878556700000001,-1.43520297,0,-25.980592699999999,0,0,25.980592699999999,25.980592699999999
575.89999999999998,0.00018625435699999999,-0.000109043238,4.27482249,-2.5027091600000002,0,-26.532139600000001,0,0,26.532139600000001,26.532139600000001
576,0.000134339394,-0.000155026435,3.08329466,-3.5580938999999998,0,-27.1048352,0,0,27.1048352,27.1048352
576.10000000000002,8.0939586500000007e-05,-0.00020177000800000001,1.8576873599999999,-4.6309304200000003,0,-27.636029799999999,0,0,27.636029799999999,27.636029799999999
576.20000000000005,2.6912724500000001e-05,-0.00024913149500000001,0.61768820700000004,-5.7179490199999998,0,-28.1806628,0,0,28.1806628,28.1806628
576.29999999999995,-2.6871414300000001e-05,-0.000296976682,-0.61674007600000003,-6.8160692699999998,0,-28.7955091,0,0,28.7955091,28.7955091
576.39999999999998,-7.9531065200000002e-05,-0.00034517960100000002,-1.8253596400000001,-7.9224000300000004,0,-29.539179600000001,0,0,29.539179600000001,29.539179600000001
576.5,-0.00012955312000000001,-0.00039173933600000001,-2.9734423400000001,-8.9910171800000001,0,-30.3260553,0,0,30.3260553,30.3260553
576.60000000000002,-0.00017656193100000001,-0.00043575164700000003,-4.0523664799999999,-10.0011671,0,-31.0923692,0,0,31.0923692,31.0923692
576.70000000000005,-0.000220684581,-0.00047828872299999998,-5.0650488300000003,-10.977458,0,-31.939636199999999,0,0,31.939636199999999,31.939636199999999
576.79999999999995,-0.00026000954100000002,-0.00051727502100000001,-5.9676168199999999,-11.872253300000001,0,-32.806873299999999,0,0,32.806873299999999,32.806873299999999
576.89999999999998,-0.00029263019399999998,-0.00055065288099999995,-6.71631073,-12.6383262,0,-33.634562799999998,0,0,33.634562799999998,33.634562799999998
577,-0.00031664484199999998,-0.00057638251699999995,-7.26748365,-13.2288607,0,-34.364652200000002,0,0,34.364652200000002,34.364652200000002
577.10000000000002,-0.00033497934800000002,-0.00059682238899999996,-7.6882885999999999,-13.697987100000001,0,-35.005099800000004,0,0,35.005099800000004,35.005099800000004
577.20000000000005,-0.00034742247899999999,-0.00061190964500000002,-7.9738774899999996,-14.044262700000001,0,-35.566537400000001,0,0,35.566537400000001,35.566537400000001
577.29999999999995,-0.00035316937799999997,-0.000620715863,-8.1057776199999996,-14.2463789,0,-36.017601399999997,0,0,36.017601399999997,36.017601399999997
577.39999999999998,-0.00035241707400000003,-0.00062304471299999998,-8.0885110999999998,-14.2998295,0,-36.3217766,0,0,36.3217766,36.3217766
577.5,-0.00034539685599999998,-0.00061874929099999996,-7.9273863599999999,-14.201243,0,-36.444916599999999,0,0,36.444916599999999,36.444916599999999
577.60000000000002,-0.00033237427400000002,-0.00060773212499999998,-7.6284981700000003,-13.948382199999999,0,-36.355243799999997,0,0,36.355243799999997,36.355243799999997
577.70000000000005,-0.00031464404299999998,-0.000591432766,-7.22156223,-13.574287,0,-36.097583700000001,0,0,36.097583700000001,36.097583700000001
577.79999999999995,-0.00029054671200000001,-0.00056626682400000002,-6.6684916100000002,-12.9966901,0,-35.433030199999997,0,0,35.433030199999997,35.433030199999997
577.89999999999998,-0.00026106175300000001,-0.00053329974299999995,-5.9917666900000004,-12.2400451,0,-34.393032300000002,0,0,34.393032300000002,34.393032300000002
578,-0.000227308886,-0.00049383018300000003,-5.21708675,-11.3341583,0,-33.0219576,0,0,33.0219576,33.0219576
578.10000000000002,-0.00019042945000000001,-0.000449181976,-4.3706472700000001,-10.3094137,0,-31.36504,0,0,31.36504,31.36504
578.20000000000005,-0.00015151034200000001,-0.00040052889299999999,-3.4773941900000001,-9.1927509700000005,0,-29.456288700000002,0,0,29.456288700000002,29.456288700000002
578.29999999999995,-0.000111025035,-0.00034700233099999999,-2.5481944300000001,-7.9642344600000001,0,-27.166558200000001,0,0,27.166558200000001,27.166558200000001
578.39999999999998,-7.0314893999999997e-05,-0.00028786169700000002,-1.6138344099999999,-6.6068664200000002,0,-24.309434499999998,0,0,24.309434499999998,24.309434499999998
578.5,-3.0366389000000001e-05,-0.00022463322600000001,-0.69695509300000003,-5.1556762699999998,0,-20.963869500000001,0,0,20.963869500000001,20.963869500000001
578.60000000000002,7.8150722100000006e-06,-0.00015883509100000001,0.17936786599999999,-3.6455083899999998,0,-17.2064333,0,0,17.2064333,17.2064333
578.70000000000005,4.32051423e-05,-9.1977403599999996e-05,0.99162412700000002,-2.1110221500000002,0,-13.1113135,0,0,13.1113135,13.1113135
578.79999999999995,7.61836753e-05,-2.4386407900000001e-05,1.74853192,-0.55970537600000003,0,-8.7434557999999996,0,0,8.7434557999999996,8.7434557999999996
578.89999999999998,0.000108856173,4.4326957e-05,2.49841574,1.0173714899999999,0,-4.2336035599999997,0,0,4.2336035599999997,4.2336035599999997
579,0.000140967362,0.000112498253,3.2354166499999999,2.5820070500000001,0.26537300899999999,0.26537300899999999,0.122702874,0.39845059199999999,0.142670135,0.133077583
579.10000000000002,0.00017224863499999999,0.00017969451700000001,3.9533697299999999,4.1242641300000003,4.7301624699999998,4.7301624699999998,4.6494226300000001,4.8148264999999997,0.080739833999999996,0.084664039699999999
579.20000000000005,0.000202442881,0.00024550112999999999,4.6463738899999996,5.6346265899999999,9.1384316099999996,9.1384316099999996,8.85368903,9.4458671800000005,0.28474257600000002,0.30743557799999999
579.29999999999995,0.000231304487,0.00030952181599999999,5.3087919100000001,7.1039992999999999,13.468825499999999,13.468825499999999,12.9828945,13.9959794,0.48593104100000001,0.52715394199999999
579.39999999999998,0.000259460335,0.000371596765,5.95501171,8.5287143600000004,17.6536601,17.6536601,16.973564400000001,18.392855099999998,0.68009569299999995,0.73919498800000005
579.5,0.000287101449,0.00043025622900000002,6.5894175600000002,9.8750388099999995,21.524059600000001,21.524059600000001,20.6659696,22.457596500000001,0.85808997300000001,0.93353687900000004
579.60000000000002,0.000314177872,0.00048482702500000002,7.2108629000000004,11.1275221,25.013859199999999,25.013859199999999,23.9974056,26.1202501,1.0164536,1.10639087
579.70000000000005,0.00034092117100000002,0.00053546866800000003,7.8246625300000003,12.2898253,28.120856799999999,28.120856799999999,26.966015899999999,29.378230299999998,1.1548409900000001,1.25737341
579.79999999999995,0.00036757971200000001,0.00058234470700000004,8.4365168399999995,13.3657021,30.841904400000001,30.841904400000001,29.569064600000001,32.2279318,1.2728397899999999,1.38602745
579.89999999999998,0.00039441866100000002,0.00062562272499999997,9.0525117900000005,14.3589988,33.1729074,33.1729074,31.802936500000001,34.664729800000003,1.36997086,1.4918224
580,0.00042080080800000001,0.00066508128200000005,9.6580224300000008,15.264633099999999,35.1426163,35.1426163,33.694227599999998,36.719748299999999,1.4483887499999999,1.5771319500000001
580.10000000000002,0.00044514866700000002,0.00070112399700000003,10.216843000000001,16.0918685,36.921504400000003,36.921504400000003,35.402810000000002,38.575105600000001,1.51869444,1.6536011900000001
580.20000000000005,0.00046767977500000003,0.00073380133300000004,10.7339664,16.841863400000001,38.497134500000001,38.497134500000001,36.917121199999997,40.217401899999999,1.58001331,1.72026743
580.29999999999995,0.00048882620499999998,0.00076310723699999999,11.2193094,17.514478799999999,39.833715599999998,39.833715599999998,38.203695600000003,41.608290099999998,1.6300200300000001,1.7745744400000001
580.39999999999998,0.00050901473300000001,0.00078904008499999995,11.682667,18.109677300000001,40.896350300000002,40.896350300000002,39.229908399999999,42.710374000000002,1.6664418599999999,1.8140236999999999
580.5,0.00052857805800000002,0.00081155642799999998,12.1316752,18.626461800000001,41.6534324,41.6534324,39.966158800000002,43.4898442,1.68727362,1.8364117900000001
580.60000000000002,0.00054373596100000001,0.000828481176,12.479572299999999,19.014910700000001,42.185655799999999,42.185655799999999,40.485125699999998,44.036255400000002,1.70053017,1.8505995200000001
580.70000000000005,0.00055528973600000003,0.00084005833600000004,12.7447491,19.280624199999998,42.453272300000002,42.453272300000002,40.749960799999997,44.3066654,1.70331148,1.85339315
580.79999999999995,0.00056249716100000003,0.00084569895900000005,12.910170600000001,19.410085200000001,42.455236900000003,42.455236900000003,40.7589416,44.3007882,1.69629538,1.8455512999999999
580.89999999999998,0.00056459176400000001,0.00084480894099999999,12.9582449,19.3896579,42.191940299999999,42.191940299999999,40.511680499999997,44.019883,1.6802598,1.8279427399999999
581,0.00056078281899999999,0.00083678901500000005,12.8708238,19.205588299999999,41.665208100000001,41.665208100000001,40.009125300000001,43.466754399999999,1.65608274,1.8015463700000001
581.10000000000002,0.000551403436,0.00082154042899999996,12.6555526,18.855609900000001,40.837631299999998,40.837631299999998,39.2161805,42.601452500000001,1.62145081,1.76382119
581.20000000000005,0.00053903684100000001,0.00079917969399999995,12.3717203,18.3423968,39.5111591,39.5111591,37.947852500000003,41.211568900000003,1.5633066,1.7004097600000001
581.29999999999995,0.00052355001099999997,0.00076812557000000004,12.0162739,17.6296572,37.531652600000001,37.531652600000001,36.058047199999997,39.134156699999998,1.4736053899999999,1.6025041099999999
581.39999999999998,0.00050494572800000004,0.00072860879900000001,11.5892771,16.722686800000002,34.922957599999997,34.922957599999997,33.569348300000001,36.394444100000001,1.3536093,1.4714865100000001
581.5,0.00048323197599999998,0.00068084895600000004,11.0909133,15.626525300000001,31.707331700000001,31.707331700000001,30.502840599999999,33.015972900000001,1.2044910799999999,1.3086412199999999
581.60000000000002,0.00045842193900000002,0.00062505444399999996,10.521485,14.3459559,27.905443900000002,27.905443900000002,26.878109899999998,29.020598400000001,1.0273340799999999,1.1151544499999999
581.70000000000005,0.000432497395,0.00056446396999999999,9.9264770000000002,12.9553118,23.693908,23.693908,22.8643593,24.593007199999999,0.82954874700000003,0.899099129
581.79999999999995,0.00040825350500000001,0.00050315513500000003,9.3700426399999994,11.5481803,19.270668100000002,19.270668100000002,18.6517947,19.939557600000001,0.61887345999999999,0.66888949399999997
581.89999999999998,0.00038665213700000002,0.00044255271399999999,8.8742581900000008,10.1572619,14.7060935,14.7060935,14.308002800000001,15.133645400000001,0.398090636,0.427551933
582,0.000368385433,0.00038397846099999999,8.4550093700000009,8.8128932399999993,10.081754200000001,10.081754200000001,9.91091093,10.2608155,0.170843305,0.179061304
582.10000000000002,0.000354183988,0.00032878868600000002,8.1290644899999993,7.5462034500000001,5.4796961299999998,5.4796961299999998,5.2999976999999996,5.6508377200000002,0.17969843199999999,0.17114158700000001
582.20000000000005,0.00034481685600000001,0.000278374248,7.9140744700000001,6.3891149499999997,0.98244026900000003,0.98244026900000003,0.64583849900000001,1.29665447,0.33660177000000002,0.31421419900000003
582.29999999999995,0.000338603361,0.00023240515000000001,7.7714652600000003,5.3340538200000003,0,-3.30767766,0,0,3.30767766,3.30767766
582.39999999999998,0.00033494501000000003,0.00019293722899999999,7.6875005099999996,4.4282046199999998,0,-7.12748078,0,0,7.12748078,7.12748078
582.5,0.00033406868799999999,0.000161019165,7.6673875599999999,3.69563621,0,-10.3860277,0,0,10.3860277,10.3860277
582.60000000000002,0.00033621970500000002,0.00013730544299999999,7.7167567000000004,3.1513700199999999,0,-13.035000999999999,0,0,13.035000999999999,13.035000999999999
582.70000000000005,0.000341657512,0.00012248469300000001,7.8415626999999999,2.8112111299999998,0,-15.0236717,0,0,15.0236717,15.0236717
582.79999999999995,0.00035065569899999998,0.000117279689,8.0480848399999996,2.6917483099999999,0,-16.2988994,0,0,16.2988994,16.2988994
582.89999999999998,0.00036066376900000002,0.000117465252,8.2777853799999992,2.69600727,0,-17.0939333,0,0,17.0939333,17.0939333
583,0.00037150385099999998,0.00012290830300000001,8.5265818400000004,2.82093361,0,-17.408182799999999,0,0,17.408182799999999,17.408182799999999
583.10000000000002,0.00038288609299999999,0.00013338980700000001,8.7878217000000003,3.06150017,0,-17.240912600000001,0,0,17.240912600000001,17.240912600000001
583.20000000000005,0.00039451556,0.00014869041399999999,9.0547357700000006,3.4126725200000001,0,-16.5910063,0,0,16.5910063,16.5910063
583.29999999999995,0.00040609223700000002,0.00016859045999999999,9.3204382100000007,3.8694090399999999,0,-15.4569671,0,0,15.4569671,15.4569671
583.39999999999998,0.000417398714,0.000192336349,9.5799391699999994,4.4144135200000001,0,-13.8997229,0,0,13.8997229,13.8997229
583.5,0.00042868888099999999,0.00021746679199999999,9.8390657800000003,4.99119563,0,-12.1967076,0,0,12.1967076,12.1967076
583.60000000000002,0.00044012329099999998,0.000243534624,10.101502999999999,5.58949227,0,-10.407636699999999,0,0,10.407636699999999,10.407636699999999
583.70000000000005,0.00045134738900000002,0.00026968125900000002,10.359113199999999,6.1895975500000002,0,-8.5932306599999997,0,0,8.5932306599999997,8.5932306599999997
583.79999999999995,0.00046200986100000002,0.000295032061,10.6038333,6.77143724,0,-6.8161486099999999,0,0,6.8161486099999999,6.8161486099999999
583.89999999999998,0.00047176264100000001,0.00031869634199999997,10.827674500000001,7.3145687099999996,0,-5.1409880799999996,0,0,5.1409880799999996,5.1409880799999996
584,0.00048024292500000002,0.00034064583999999999,11.022309999999999,7.8183432699999997,0,-3.5411750500000001,0,0,3.5411750500000001,3.5411750500000001
584.10000000000002,0.00048550173100000001,0.00036052198200000002,11.143007600000001,8.2745311400000006,0,-1.8955217799999999,0,0,1.8955217799999999,1.8955217799999999
584.20000000000005,0.00048606391499999999,0.00037719932200000001,11.1559106,8.6573016099999993,0,-0.20140296499999999,0,0.295317355,0.20140296499999999,0.49672031999999999
584.29999999999995,0.00048220531700000002,0.00039044931799999999,11.0673499,8.9614092900000006,1.49489271,1.49489271,1.02867028,1.9301983199999999,0.46622242699999999,0.43530561000000001
584.39999999999998,0.00047417889700000001,0.00040002872300000001,10.883131300000001,9.1812713000000006,3.1474041599999998,3.1474041599999998,2.7512444500000002,3.51857927,0.39615970900000003,0.37117510399999998
584.5,0.000462214738,0.00040567958499999998,10.6085355,9.3109672299999993,4.7104979699999996,4.7104979699999996,4.3853404400000002,5.01660621,0.325157535,0.306108241
584.60000000000002,0.00044703391099999999,0.00040873782500000001,10.260112299999999,9.3811585199999996,6.2648678799999997,6.2648678799999997,6.0138689300000001,6.5029631200000004,0.25099895300000002,0.23809524000000001
584.70000000000005,0.00042848671099999998,0.00040887226199999999,9.8344256699999999,9.3842440600000003,7.7881456399999998,7.7881456399999998,7.6137928500000003,7.9558894200000001,0.17435278900000001,0.16774377900000001
584.79999999999995,0.00040679561499999998,0.00040609711299999999,9.3365818199999993,9.3205501500000008,9.2637105799999997,9.2637105799999997,9.1676334900000001,9.3595523200000006,0.096077094399999993,0.095841737199999999
584.89999999999998,0.000382439255,0.00040089036699999999,8.7775660900000005,9.2010473400000006,10.702480899999999,10.702480899999999,10.5125957,10.902090299999999,0.18988514500000001,0.19960944
585,0.00035587095700000002,0.00039371906700000001,8.1677830100000008,9.0364550300000008,12.1162922,12.1162922,11.825165800000001,12.4273658,0.291126465,0.311073565
585.10000000000002,0.00032751874200000002,0.00038503931599999998,7.5170562900000002,8.8372414599999995,13.517898000000001,13.517898000000001,13.124415300000001,13.9416958,0.39348270800000001,0.42379779299999998
585.20000000000005,0.00029956396700000002,0.000374803163,6.8754514200000001,8.6023060900000008,14.724790799999999,14.724790799999999,14.239672799999999,15.2495621,0.48511797000000001,0.52477130500000002
585.29999999999995,0.00027544914699999999,0.00036393926599999999,6.3219794,8.3529630299999997,15.5537232,15.5537232,15.000812,16.1532713,0.55291117000000001,0.59954814300000003
585.39999999999998,0.00025543610200000002,0.00035264331600000002,5.8626493899999996,8.0937037099999998,16.003805400000001,16.003805400000001,15.407248900000001,16.651592999999998,0.59655646399999995,0.64778761100000004
585.5,0.00023973466100000001,0.00034108574199999999,5.5022772900000003,7.8284396899999997,16.075742699999999,16.075742699999999,15.459858799999999,16.745041799999999,0.61588396499999998,0.669299054
585.60000000000002,0.00022856514400000001,0.00032942776500000001,5.2459198000000002,7.5608712899999997,15.7684266,15.7684266,15.1578093,16.4322014,0.61061721199999996,0.66377486799999996
585.70000000000005,0.00022195118999999999,0.000317708526,5.0941194400000001,7.2918968299999998,15.0840166,15.0840166,14.5031692,15.7153311,0.58084741500000003,0.63131443099999995
585.79999999999995,0.00021911436200000001,0.000305584072,5.0290099000000001,7.0136220500000004,14.049974199999999,14.049974199999999,13.521174,14.624346600000001,0.528800253,0.57437241000000006
585.89999999999998,0.00022178030299999999,0.00029422082599999999,5.0901973099999998,6.7528181600000003,12.6475648,12.6475648,12.195787599999999,13.1375204,0.45177719199999999,0.48995554200000002
586,0.00022937327500000001,0.000283221978,5.2644676300000004,6.5003777700000001,10.882241,10.882241,10.5316048,11.2612571,0.35063623500000002,0.37901613299999998
586.10000000000002,0.00024133675699999999,0.000272188931,5.5390478600000002,6.2471524599999997,8.7577051499999996,8.7577051499999996,8.53158159,9.0000887499999997,0.226123566,0.24238359600000001
586.20000000000005,0.000257133445,0.000260721299,5.9016060100000001,5.9839527700000001,6.2759094500000003,6.2759094500000003,6.1970359100000003,6.3566739099999996,0.078873546599999997,0.080764454799999996
586.29999999999995,0.000276315572,0.00024939860699999997,6.34186519,5.7240796500000002,3.53374911,3.53374911,3.3660272999999998,3.6924013499999999,0.167721806,0.158652243
586.39999999999998,0.00029734113500000001,0.00023951962000000001,6.82443402,5.4973417700000002,0.79219651199999996,0.79219651199999996,0.49989738299999997,1.0650129100000001,0.29229912899999999,0.27281640000000001
586.5,0.00031856493600000002,0.000230898446,7.3115527299999998,5.2994726400000003,0,-1.8342658599999999,0,0,1.8342658599999999,1.8342658599999999
586.60000000000002,0.00034010497000000001,0.00022381077299999999,7.8059294699999997,5.13679971,0,-4.32647855,0,0,4.32647855,4.32647855
586.70000000000005,0.00036207742600000002,0.00021854439,8.3102309499999993,5.0159281699999996,0,-6.6638726200000002,0,0,6.6638726200000002,6.6638726200000002
586.79999999999995,0.00038459668699999998,0.00021539918899999999,8.8270824500000007,4.9437409800000003,0,-8.8244697199999997,0,0,8.8244697199999997,8.8244697199999997
586.89999999999998,0.00040733185299999999,0.00021448919299999999,9.3488893100000006,4.92285518,0,-10.769447700000001,0,0,10.769447700000001,10.769447700000001
587,0.00042993284499999999,0.000215880712,9.8676166500000004,4.9547926799999997,0,-12.4634014,0,0,12.4634014,12.4634014
587.10000000000002,0.00045234783200000001,0.00021982451099999999,10.382074899999999,5.0453089000000002,0,-13.875952399999999,0,0,13.875952399999999,13.875952399999999
587.20000000000005,0.00047455744199999999,0.00022662790999999999,10.891819399999999,5.2014573200000003,0,-14.973462899999999,0,0,14.973462899999999,14.973462899999999
587.29999999999995,0.00049653436100000005,0.00023660694199999999,11.3962234,5.4304913600000004,0,-15.720740299999999,0,0,15.720740299999999,15.720740299999999
587.39999999999998,0.000518243336,0.00025008635100000001,11.8944776,5.73986442,0,-16.081036699999999,0,0,16.081036699999999,16.081036699999999
587.5,0.00053966070799999996,0.00026544826800000001,12.386039,6.09244392,0,-16.221211400000001,0,0,16.221211400000001,16.221211400000001
587.60000000000002,0.0005605861,0.00028181992399999999,12.866308800000001,6.4681984799999999,0,-16.216010700000002,0,0,16.216010700000002,16.216010700000002
587.70000000000005,0.00058098405799999998,0.00029914950000000003,13.3344731,6.8659387699999996,0,-16.0679558,0,0,16.0679558,16.0679558
587.79999999999995,0.00060082653299999998,0.00031741832399999998,13.789888299999999,7.2852362399999997,0,-15.7767119,0,0,15.7767119,15.7767119
587.89999999999998,0.000620076246,0.00033659587799999999,14.231698700000001,7.7253904499999999,0,-15.342429599999999,0,0,15.342429599999999,15.342429599999999
588,0.00063867593699999995,0.00035662628800000001,14.65859,8.1851190099999993,0,-14.7662783,0,0,14.7662783,14.7662783
588.10000000000002,0.00065632013099999997,0.00037730543499999998,15.0635513,8.6597370700000003,0,-14.0446951,0,0,14.0446951,14.0446951
588.20000000000005,0.00067266722900000001,0.00039911324,15.4387422,9.1602595699999991,0,-13.099815100000001,0,0,13.099815100000001,13.099815100000001
588.29999999999995,0.00068766149399999998,0.00042176904000000001,15.782883500000001,9.6802448299999995,0,-11.956383199999999,0,0,11.956383199999999,11.956383199999999
588.39999999999998,0.000701234003,0.000444984623,16.094393400000001,10.213077999999999,0,-10.638858300000001,0,0,10.638858300000001,10.638858300000001
588.5,0.000713302642,0.00046846423600000001,16.3713871,10.751970999999999,0,-9.1714131400000003,0,0,9.1714131400000003,9.1714131400000003
588.60000000000002,0.00072356038700000002,0.00049174309099999996,16.606818000000001,11.286256399999999,0,-7.57755315,0,0,7.57755315,7.57755315
588.70000000000005,0.000732116676,0.00051435913600000004,16.803197999999998,11.805329199999999,0,-5.9143872499999999,0,0,5.9143872499999999,5.9143872499999999
588.79999999999995,0.00073981686200000004,0.00053627979900000003,16.979928999999998,12.308441999999999,0,-4.2541029899999998,0,0,4.2541029899999998,4.2541029899999998
588.89999999999998,0.00074596573300000002,0.00055692307999999997,17.121054999999998,12.782236899999999,0,-2.6008456799999999,0,0,2.6008456799999999,2.6008456799999999
589,0.00074986714099999996,0.00057570167699999997,17.210598300000001,13.213234399999999,0,-0.95923761100000005,0,0,0.95923761100000005,0.95923761100000005
589.10000000000002,0.00075082399799999999,0.00059202298299999997,17.232559599999998,13.5878333,0.66562195700000004,0.66562195700000004,0,1.3997835199999999,0.66562195700000004,0.73416156700000001
589.20000000000005,0.00075005996500000002,0.00060627666700000004,17.215023899999998,13.914977199999999,2.2148116899999999,2.2148116899999999,1.4855099599999999,2.8956662099999999,0.72930172800000004,0.68085452099999999
589.29999999999995,0.00074871789,0.00061809704000000002,17.1842212,14.186272900000001,3.5571831899999999,3.5571831899999999,2.8791924,4.1911618099999997,0.67799079299999998,0.63397862000000005
589.39999999999998,0.00074667156699999998,0.00062686482400000005,17.137255,14.3875069,4.6384000800000003,4.6384000800000003,4.0027823299999996,5.2336494299999998,0.63561775300000001,0.59524935000000001
589.5,0.00074403966200000001,0.00063262347099999998,17.076848699999999,14.5196767,5.4533393700000001,5.4533393700000001,4.8508380899999999,6.01829942,0.602501285,0.56496004499999997
589.60000000000002,0.00074096171500000001,0.00063541245900000003,17.006205099999999,14.583688199999999,5.9947645300000003,5.9947645300000003,5.4157033800000001,6.5382612900000003,0.57906115199999997,0.54349675200000003
589.70000000000005,0.00073759813999999999,0.00063526728499999996,16.9290059,14.580356200000001,6.2533254899999999,6.2533254899999999,5.6875072800000002,6.7846637200000002,0.56581820599999999,0.53133823400000002
589.79999999999995,0.00073497460499999997,0.00063364361399999996,16.8687918,14.5430905,6.2974222600000003,6.2974222600000003,5.7360805800000003,6.8246208700000004,0.56134168399999995,0.52719861099999998
589.89999999999998,0.000732846216,0.00063256892100000003,16.819942000000001,14.518424700000001,6.3584995199999996,6.3584995199999996,5.8017293099999998,6.8814817000000001,0.55677021500000001,0.52298218100000005
590,0.00073167859500000005,0.00063238817299999996,16.793143300000001,14.514276199999999,6.4346564500000003,6.4346564500000003,5.8819782399999996,6.9538791399999997,0.55267820300000003,0.51922269200000004
590.10000000000002,0.00073214726799999995,0.00063319735800000004,16.8039001,14.5328482,6.4809371100000002,6.4809371100000002,5.9294707799999999,6.9990626699999998,0.55146633499999997,0.51812555900000001
590.20000000000005,0.000734947653,0.000635114378,16.868173200000001,14.5768468,6.4530531199999999,6.4530531199999999,5.8975210899999997,6.9749467200000002,0.55553202800000001,0.52189360600000001
590.29999999999995,0.00074079505400000004,0.00063827904699999998,17.002379999999999,14.649480799999999,6.30738354,6.30738354,5.7401141200000003,6.84011061,0.56726942499999999,0.53272706700000005
590.39999999999998,0.00074740118699999998,0.00064193859200000001,17.1540009,14.733473,6.1516012599999996,6.1516012599999996,5.5713978800000001,6.69626944,0.58020338000000005,0.54466817999999995
590.5,0.00075532030900000004,0.00064467445800000004,17.3357569,14.7962653,5.7926132800000003,5.7926132800000003,5.19050776,6.3574371300000001,0.60210552299999998,0.56482384600000002
590.60000000000002,0.00076462898000000004,0.00064686910500000002,17.549405100000001,14.8466358,5.26409006,5.26409006,4.6322819700000002,5.8562194300000003,0.63180809100000002,0.59212937300000001
590.70000000000005,0.00077540584800000003,0.00064890773499999999,17.7967507,14.8934254,4.5998177099999999,4.5998177099999999,3.9316764200000001,5.2253359599999998,0.66814129,0.62551825599999999
590.79999999999995,0.00078773165900000003,0.00065117829000000001,18.0796469,14.9455382,3.8336980000000001,3.8336980000000001,3.1237647100000001,4.4976201800000002,0.70993329199999999,0.663922181
590.89999999999998,0.00080103472399999998,0.00065363104900000002,18.384972600000001,15.0018327,3.0070640100000001,3.0070640100000001,2.2520336799999998,3.7124272500000002,0.75503032599999997,0.70536324699999997
591,0.00081312321000000004,0.00065529882099999999,18.662421899999998,15.0401107,2.19737092,2.19737092,1.39918696,2.9423765899999998,0.79818396000000003,0.74500566400000001
591.10000000000002,0.00082386158000000002,0.00065677368999999999,18.908883899999999,15.073961199999999,1.4774168999999999,1.4774168999999999,0.64087325299999998,2.2576609599999999,0.83654365100000005,0.78024405500000005
591.20000000000005,0.00083265313099999995,0.00065787941099999998,19.1106634,15.0993391,0.87737116199999998,0.87737116199999998,0.0090279529699999993,1.68682507,0.86834320899999995,0.80945390299999997
591.29999999999995,0.00083888698900000001,0.00065843623800000001,19.253740000000001,15.1121192,0.42819064800000001,0.42819064800000001,0,1.2591603499999999,0.42819064800000001,0.83096969799999998
591.39999999999998,0.00084193811199999996,0.00065826092300000003,19.323768000000001,15.1080954,0.16162005500000001,0.16162005500000001,0,1.00470499,0.16162005500000001,0.84308493200000001
591.5,0.00084261137299999997,0.00065753446999999995,19.339220300000001,15.0914222,0.031047097499999999,0.031047097499999999,0,0.87923865400000001,0.031047097499999999,0.84819155700000004
591.60000000000002,0.00084219634800000004,0.000655949723,19.3296949,15.0550499,0,-0.10050972599999999,0,0.75172496799999999,0.10050972599999999,0.85223469399999996
591.70000000000005,0.00084057529100000001,0.00065307989899999997,19.292489100000001,14.989183000000001,0,-0.26799330100000002,0,0.588287373,0.26799330100000002,0.85628067399999996
591.79999999999995,0.00083772639900000004,0.00064912230300000001,19.2271027,14.8983501,0,-0.44904543200000002,0,0.410503866,0.44904543200000002,0.85954929800000002
591.89999999999998,0.00083363473999999995,0.00064426664100000004,19.133192900000001,14.7869052,0,-0.62266006299999999,0,0.23865308399999999,0.62266006299999999,0.86131314599999997
592,0.00082829225399999996,0.00063869501500000004,19.010574600000002,14.6590279,0,-0.76918328300000005,0,0.091714299700000002,0.76918328300000005,0.86089758299999997
592.10000000000002,0.00082178359999999996,0.00063268360299999996,18.861191099999999,14.5210568,0,-0.86669203900000003,0,0,0.86669203900000003,0.86669203900000003
592.20000000000005,0.00081484341499999996,0.00062774026700000002,18.7019032,14.4075997,0,-0.81765842,0,0.0313283704,0.81765842,0.84898678999999999
592.29999999999995,0.00080755782400000005,0.00062414664700000003,18.5346878,14.3251206,0,-0.59970844499999998,0,0.23454416,0.59970844499999998,0.83425260400000001
592.39999999999998,0.00079979717400000005,0.000621754372,18.356569,14.2702142,0,-0.217770768,0,0.595707608,0.217770768,0.81347837499999998
592.5,0.00079144689999999999,0.00062042240600000003,18.1649174,14.239643600000001,0.32276358700000002,0.32276358700000002,0,1.10949505,0.32276358700000002,0.78673146100000002
592.60000000000002,0.00078240752500000001,0.00062001704899999996,17.9574499,14.23034,1.0160412299999999,1.0160412299999999,0.20721430099999999,1.77015133,0.80882692599999995,0.75411010499999998
592.70000000000005,0.00077276127099999996,0.00062092580099999998,17.736053600000002,14.2511972,1.89579743,1.89579743,1.1300839499999999,2.6103505500000002,0.76571347899999997,0.71455312500000001
592.79999999999995,0.00076005913699999999,0.00062281599500000001,17.444520199999999,14.294580099999999,3.1266106300000001,3.1266106300000001,2.42035614,3.7866216000000001,0.70625449399999995,0.66001096599999998
592.89999999999998,0.00074479933700000004,0.00062575843300000003,17.094284399999999,14.3621135,4.6753257699999997,4.6753257699999997,4.0431052799999998,5.2674359099999997,0.63222049400000002,0.59211013800000001
593,0.00072747569500000004,0.000629832132,16.696680400000002,14.4556112,6.5100021999999997,6.5100021999999997,5.9646700499999996,7.0224337400000003,0.54533214799999996,0.51243153900000005
593.10000000000002,0.00070857764299999998,0.00063512432500000004,16.262941099999999,14.5770751,8.5999136600000003,8.5999136600000003,8.1526534000000002,9.0224241200000002,0.44726026299999999,0.42251046199999998
593.20000000000005,0.00068864299499999998,0.00064159757100000004,15.805410500000001,14.725645999999999,10.8973902,10.8973902,10.557032899999999,11.221895699999999,0.34035733299999998,0.324505565
593.29999999999995,0.00066837535300000002,0.00064859956500000005,15.3402371,14.886352499999999,13.2771252,13.2771252,13.0470864,13.5005007,0.230038829,0.223375456
593.39999999999998,0.00064806245700000005,0.00065614133700000001,14.874025,15.0594477,15.716855199999999,15.716855199999999,15.523400499999999,15.9145678,0.19345473699999999,0.19771255099999999
593.5,0.00062831797000000001,0.00066415316699999999,14.4208588,15.243331400000001,18.1593707,18.1593707,17.816849399999999,18.520778199999999,0.34252125999999999,0.36140749500000002
593.60000000000002,0.00060975057800000002,0.00067256812800000005,13.9947088,15.4364677,20.5481582,20.5481582,20.060583300000001,21.068840000000002,0.48757497300000002,0.52068172400000001
593.70000000000005,0.00059296399699999998,0.00068132208500000003,13.609431000000001,15.6373844,22.827400699999998,22.827400699999998,22.202342000000002,23.499026799999999,0.62505869599999997,0.67162608499999998
593.79999999999995,0.00057761331899999996,0.00069002020000000002,13.2571095,15.837019400000001,24.983972699999999,24.983972699999999,24.2293558,25.797831500000001,0.75461694599999996,0.81385877600000001
593.89999999999998,0.00056335311100000004,0.00069772519400000004,12.929815899999999,16.0138608,26.948201900000001,26.948201900000001,26.075306699999999,27.891915399999998,0.87289528400000005,0.94371344199999996
594,0.00055098398199999999,0.00070397772,12.645925500000001,16.157365899999999,28.607018199999999,28.607018199999999,27.633913100000001,29.660755600000002,0.97310508399999995,1.05373742
594.10000000000002,0.00054027607800000003,0.00070866993099999995,12.400162699999999,16.265059300000001,29.967874599999998,29.967874599999998,28.912005799999999,31.112492,1.05586877,1.14461743
594.20000000000005,0.00053099094599999997,0.00071168580900000001,12.187054699999999,16.334278300000001,31.0380711,31.0380711,29.916262,32.255111900000003,1.1218091400000001,1.2170407999999999
594.29999999999995,0.000522881541,0.00071290116199999995,12.0009315,16.3621725,31.824754500000001,31.824754500000001,30.653205199999999,33.096449900000003,1.17154932,1.2716954199999999
594.39999999999998,0.00051604257399999996,0.000713226424,11.843966699999999,16.3696378,32.415198799999999,32.415198799999999,31.205573699999999,33.728745799999999,1.20962513,1.3135469900000001
594.5,0.00051217909400000003,0.00071406040699999998,11.7552939,16.388779,32.8165896,32.8165896,31.581856299999998,34.157720400000002,1.23473327,1.3411308399999999
594.60000000000002,0.00051146335699999996,0.00071571425099999997,11.738866700000001,16.426737200000002,33.047369099999997,33.047369099999997,31.799687299999999,34.4026973,1.24768181,1.3553282200000001
594.70000000000005,0.00051324796900000002,0.00071817326100000005,11.7798262,16.483175200000002,33.158685400000003,33.158685400000003,31.906861899999999,34.518510599999999,1.25182343,1.35982526
594.79999999999995,0.00051690108099999995,0.00072143465700000005,11.8636707,16.558029300000001,33.201664100000002,33.201664100000002,31.9511699,34.559953700000001,1.2504942299999999,1.3582896200000001
594.89999999999998,0.00052180638599999996,0.00072550756900000002,11.976255,16.6515089,33.2274089,33.2274089,31.980395099999999,34.581779400000002,1.2470138200000001,1.35437052
595,0.00052843987999999997,0.00072887801500000002,12.128503800000001,16.7288657,33.039239700000003,33.039239700000003,31.808760500000002,34.375355999999996,1.23047927,1.33611624
595.10000000000002,0.00053251479199999997,0.00072911796299999999,12.222029300000001,16.7343729,32.732682099999998,32.732682099999998,31.522489499999999,34.046490499999997,1.21019258,1.3138084000000001
595.20000000000005,0.00053429471999999999,0.00072620252399999998,12.262881399999999,16.667459099999999,32.283689299999999,32.283689299999999,31.099071500000001,33.569448399999999,1.18461781,1.2857590400000001
595.29999999999995,0.00053434839699999996,0.00072023688400000001,12.2641133,16.5305386,31.656955199999999,31.656955199999999,30.5056349,32.906244399999999,1.1513203299999999,1.24928919
595.39999999999998,0.00053323194500000002,0.00071130827999999998,12.238489100000001,16.325613400000002,30.816327099999999,30.816327099999999,29.708494099999999,32.018011799999996,1.10783304,1.2016846699999999
595.5,0.00053144268799999999,0.00069964122499999995,12.197422899999999,16.057836699999999,29.744758300000001,29.744758300000001,28.6919979,30.886164399999998,1.05276042,1.1414061499999999
595.60000000000002,0.00052912372199999998,0.00068716077799999995,12.1441991,15.771391299999999,28.631436600000001,28.631436600000001,27.635440200000001,29.710723300000002,0.99599637299999999,1.07928669
595.70000000000005,0.000527346391,0.00067452111700000005,12.1034066,15.481291799999999,27.457429999999999,27.457429999999999,26.5219518,28.470473899999998,0.93547826999999995,1.0130438100000001
595.79999999999995,0.00052633059899999998,0.000662042827,12.0800926,15.194895900000001,26.238289399999999,26.238289399999999,25.366475699999999,27.181627599999999,0.87181374099999998,0.94333819600000002
595.89999999999998,0.00052628677499999999,0.00065004492899999999,12.079086800000001,14.919525800000001,24.990173200000001,24.990173200000001,24.184521100000001,25.8610495,0.80565201200000003,0.87087630699999996
596,0.00052741588299999999,0.00063884488799999999,12.1050015,14.662467700000001,23.729847700000001,23.729847700000001,22.9921638,24.5262581,0.73768390399999995,0.79641036499999995
596.10000000000002,0.00052970858699999998,0.00062841498699999995,12.1576226,14.423085499999999,22.4551813,22.4551813,21.7873758,23.175008099999999,0.66780556199999996,0.71982682499999995
596.20000000000005,0.00053390478399999999,0.00061940750500000003,12.253931700000001,14.21635,21.1740149,21.1740149,20.578313000000001,21.814779399999999,0.59570194799999998,0.64076447199999997
596.29999999999995,0.00054133811100000003,0.00061336302700000002,12.424538,14.07762,19.938547199999999,19.938547199999999,19.415722899999999,20.4993309,0.52282437299999995,0.56078368599999995
596.39999999999998,0.00055152510799999998,0.00060979459799999998,12.6583451,13.995719100000001,18.737317699999998,18.737317699999998,18.2882751,19.21707,0.44904253599999999,0.47975232200000001
596.5,0.00056398992899999996,0.00060823014800000003,12.9444319,13.959812599999999,17.559798799999999,17.559798799999999,17.185530700000001,17.957382800000001,0.37426811300000001,0.39758404800000002
596.60000000000002,0.00057826434300000003,0.000608212492,13.2720515,13.959407300000001,16.396396200000002,16.396396200000002,16.097941500000001,16.710634599999999,0.29845475799999999,0.31423833899999998
596.70000000000005,0.00059399659499999996,0.00061007139399999995,13.6331308,14.002072,15.3101363,15.3101363,15.0848432,15.543901399999999,0.22529313500000001,0.23376504100000001
596.79999999999995,0.00061096745700000004,0.00061319290899999998,14.022638000000001,14.0737155,14.2548086,14.2548086,14.102259999999999,14.4085301,0.15254863799999999,0.153721518
596.89999999999998,0.00062881306700000004,0.00061708943500000002,14.432222100000001,14.1631468,13.2091525,13.2091525,13.019395400000001,13.394959399999999,0.18975709499999999,0.18580686399999999
597,0.000647094969,0.00062194319799999999,14.8518197,14.274548100000001,12.227857800000001,12.227857800000001,11.9818721,12.465368700000001,0.24598569000000001,0.237510902
597.10000000000002,0.00066538535799999998,0.00062794835200000003,15.2716121,14.4123755,11.365991299999999,11.365991299999999,11.0682037,11.651164700000001,0.297787627,0.28517337700000001
597.20000000000005,0.00068326708399999998,0.00063531096999999996,15.682025100000001,14.5813589,10.6789969,10.6789969,10.3363447,11.005490500000001,0.342652232,0.32649361199999999
597.29999999999995,0.00069951513299999996,0.00064269845199999996,16.054942700000002,14.750912899999999,10.127534600000001,10.127534600000001,9.7468193299999992,10.4891056,0.38071522299999999,0.36157106900000002
597.39999999999998,0.00071116372400000004,0.00064973220100000004,16.322295700000002,14.9123482,9.9134435500000002,9.9134435500000002,9.5121727099999998,10.2940153,0.40127084000000002,0.38057173300000002
597.5,0.00071481749500000005,0.00066109251599999995,16.406155300000002,15.1730848,10.801289499999999,10.801289499999999,10.4290419,11.1554346,0.37224754900000001,0.354145133
597.60000000000002,0.00071719409800000003,0.00067217175299999997,16.460702000000001,15.4273703,11.7637397,11.7637397,11.4246683,12.087641,0.339071387,0.32390128800000001
597.70000000000005,0.00071825951199999997,0.00068276400799999995,16.4851548,15.6704787,12.7820815,12.7820815,12.4796809,13.072521999999999,0.30240057599999998,0.29044050799999999
597.79999999999995,0.00071797971599999995,0.00069266337299999997,16.478733099999999,15.8976843,13.8376021,13.8376021,13.5747088,14.091965200000001,0.26289333799999998,0.25436309800000001
597.89999999999998,0.00071632068999999995,0.00070166394399999996,16.440655899999999,16.1042612,14.9115889,14.9115889,14.690381,15.1278582,0.22120789699999999,0.21626936499999999
598,0.00071324841099999997,0.00070955981400000001,16.370142399999999,16.285483500000002,15.985329,15.985329,15.8073266,16.162088700000002,0.17800247599999999,0.17675961800000001
598.10000000000002,0.00070872885899999998,0.00071614507899999996,16.2664118,16.4366254,17.040109900000001,17.040109900000001,16.836397699999999,17.247730799999999,0.20371226200000001,0.207620834
598.20000000000005,0.00070272801299999996,0.00072121383199999999,16.128683200000001,16.552961,18.057218800000001,18.057218800000001,17.793626700000001,18.330553399999999,0.26359205499999999,0.27333464200000002
598.29999999999995,0.00069521185100000001,0.00072456016800000005,15.9561758,16.6297645,19.017942900000001,19.017942900000001,18.6959649,19.355388399999999,0.32197798,0.33744543199999999
598.39999999999998,0.000686146353,0.00072597818099999999,15.7481087,16.662310099999999,19.903569600000001,19.903569600000001,19.5256586,20.302473299999999,0.37791105000000003,0.39890363000000001
598.5,0.00067549749600000002,0.00072526196499999999,15.503701100000001,16.645871899999999,20.695386200000002,20.695386200000002,20.264953899999998,21.1520458,0.43043227899999997,0.45665966200000002
598.60000000000002,0.00066323125999999996,0.000722205615,15.2221723,16.5757239,21.3746799,21.3746799,20.8960972,21.8843438,0.47858267999999998,0.50966395099999995
598.70000000000005,0.000649313624,0.00071660322499999998,14.902741199999999,16.4471405,21.922737999999999,21.922737999999999,21.4013347,22.479604899999998,0.52140326699999995,0.55686692400000004
598.79999999999995,0.00063371056700000001,0.000708248889,14.544627200000001,16.255395700000001,22.320847799999999,22.320847799999999,21.762912700000001,22.918066799999998,0.55793505300000001,0.597219006
598.89999999999998,0.000616388067,0.00069693670100000001,14.147049300000001,15.995763699999999,22.550296599999999,22.550296599999999,21.963077599999998,23.1799672,0.58721905100000005,0.62967062100000004
599,0.00059731210300000004,0.00068246075699999998,13.7092267,15.6635186,22.592371700000001,22.592371700000001,21.984075399999998,23.245543900000001,0.608296277,0.65317219599999998
599.10000000000002,0.00057644865400000001,0.00066461514999999996,13.230378699999999,15.253934599999999,22.428360399999999,22.428360399999999,21.8081526,23.095034500000001,0.62020774199999995,0.66667415600000002
599.20000000000005,0.0005537637,0.00064319397400000003,12.7097243,14.7622859,22.039549900000001,22.039549900000001,21.417555400000001,22.708676799999999,0.62199446199999997,0.66912692500000004
599.29999999999995,0.00052922321799999999,0.00061799132400000003,12.146482600000001,14.1838465,21.407227500000001,21.407227500000001,20.794530099999999,22.0667084,0.61269744800000003,0.65948092899999999
599.39999999999998,0.00050279318699999998,0.00058880129400000003,11.539873,13.513890699999999,20.512680599999999,20.512680599999999,19.9213229,21.1493672,0.59135771599999998,0.63668659299999997
599.5,0.00047443958699999999,0.00055541797899999999,10.8891145,12.747692499999999,19.3371964,19.3371964,18.780180099999999,19.936890699999999,0.557016277,0.59969434300000002
599.60000000000002,0.000444128396,0.00051763547299999997,10.1934263,11.8805262,17.862062099999999,17.862062099999999,17.353348,18.409516700000001,0.50871414699999995,0.54745460300000004
599.70000000000005,0.00041182559300000001,0.00047524786899999998,9.4520275100000006,10.9076658,16.068565199999998,16.068565199999998,15.6230729,16.547483,0.44549233900000001,0.47891779899999998
599.79999999999995,0.00037749715699999999,0.00042804926299999999,8.6641373799999997,9.8243855799999995,13.9379928,13.9379928,13.571600999999999,14.331027199999999,0.36639186499999998,0.39303435599999997
599.89999999999998,0.00034110906699999998,0.00037583374899999999,7.8289750299999996,8.6259596300000005,11.4516323,11.4516323,11.181178600000001,11.740387,0.27045374,0.28875469999999998
