Wavelength_nm,Absorbance__trans_azobenzene_epsilons_-_Copy,Concentration_M__trans_azobenzene_epsilons_-_Copy,Path_length_cm__trans_azobenzene_epsilons_-_Copy,Epsilon_M-1_cm-1__trans_azobenzene_epsilons_-_Copy,Absorbance__trans_azobenzene_epsilons,Concentration_M__trans_azobenzene_epsilons,Path_length_cm__trans_azobenzene_epsilons,Epsilon_M-1_cm-1__trans_azobenzene_epsilons,Absorbance__trans_azobenzene_epsilons_-_Copy__2,Concentration_M__trans_azobenzene_epsilons_-_Copy__2,Path_length_cm__trans_azobenzene_epsilons_-_Copy__2,Epsilon_M-1_cm-1__trans_azobenzene_epsilons_-_Copy__2,Epsilon_mean_M-1_cm-1,Epsilon_SD_M-1_cm-1,Epsilon_SEM_M-1_cm-1,Epsilon_lower_nonnegative_M-1_cm-1,Epsilon_upper_nonnegative_M-1_cm-1
250,2377,1.01,1,2353.4653499999999,2377,1,1,2377,2377,0.98999999999999999,1,2401.0101,2377.1584800000001,23.772773399999998,13.7252171,2353.38571,2400.9312599999998
250.09999999999999,2376,1.01,1,2352.47525,2376,1,1,2376,2376,0.98999999999999999,1,2400,2376.1584200000002,23.762772300000002,13.719443,2352.3956400000002,2399.92119
250.19999999999999,2373,1.01,1,2349.50495,2373,1,1,2373,2373,0.98999999999999999,1,2396.9697000000001,2373.1582199999998,23.732768799999999,13.7021204,2349.4254500000002,2396.8909800000001
250.30000000000001,2372,1.01,1,2348.51485,2372,1,1,2372,2372,0.98999999999999999,1,2395.9596000000001,2372.1581500000002,23.722767600000001,13.6963463,2348.4353799999999,2395.8809200000001
250.40000000000001,2372,1.01,1,2348.51485,2372,1,1,2372,2372,0.98999999999999999,1,2395.9596000000001,2372.1581500000002,23.722767600000001,13.6963463,2348.4353799999999,2395.8809200000001
250.5,2369,1.01,1,2345.5445500000001,2369,1,1,2369,2369,0.98999999999999999,1,2392.92929,2369.1579499999998,23.692764100000002,13.6790237,2345.4651899999999,2392.8507100000002
250.59999999999999,2367,1.01,1,2343.5643599999999,2367,1,1,2367,2367,0.98999999999999999,1,2390.9090900000001,2367.1578199999999,23.6727618,13.667475400000001,2343.4850499999998,2390.8305799999998
250.69999999999999,2368,1.01,1,2344.5544599999998,2368,1,1,2368,2368,0.98999999999999999,1,2391.9191900000001,2368.1578800000002,23.6827629,13.6732496,2344.4751200000001,2391.8406500000001
250.80000000000001,2367,1.01,1,2343.5643599999999,2367,1,1,2367,2367,0.98999999999999999,1,2390.9090900000001,2367.1578199999999,23.6727618,13.667475400000001,2343.4850499999998,2390.8305799999998
250.90000000000001,2365,1.01,1,2341.5841599999999,2365,1,1,2365,2365,0.98999999999999999,1,2388.8888900000002,2365.1576799999998,23.652759400000001,13.655927,2341.5049199999999,2388.8104400000002
251,2364,1.01,1,2340.5940599999999,2364,1,1,2364,2364,0.98999999999999999,1,2387.8787900000002,2364.15762,23.642758300000001,13.6501529,2340.5148600000002,2387.8003699999999
251.09999999999999,2365,1.01,1,2341.5841599999999,2365,1,1,2365,2365,0.98999999999999999,1,2388.8888900000002,2365.1576799999998,23.652759400000001,13.655927,2341.5049199999999,2388.8104400000002
251.19999999999999,2364,1.01,1,2340.5940599999999,2364,1,1,2364,2364,0.98999999999999999,1,2387.8787900000002,2364.15762,23.642758300000001,13.6501529,2340.5148600000002,2387.8003699999999
251.30000000000001,2366,1.01,1,2342.5742599999999,2366,1,1,2366,2366,0.98999999999999999,1,2389.8989900000001,2366.1577499999999,23.662760599999999,13.6617012,2342.4949900000001,2389.82051
251.40000000000001,2369,1.01,1,2345.5445500000001,2369,1,1,2369,2369,0.98999999999999999,1,2392.92929,2369.1579499999998,23.692764100000002,13.6790237,2345.4651899999999,2392.8507100000002
251.5,2368,1.01,1,2344.5544599999998,2368,1,1,2368,2368,0.98999999999999999,1,2391.9191900000001,2368.1578800000002,23.6827629,13.6732496,2344.4751200000001,2391.8406500000001
251.59999999999999,2366,1.01,1,2342.5742599999999,2366,1,1,2366,2366,0.98999999999999999,1,2389.8989900000001,2366.1577499999999,23.662760599999999,13.6617012,2342.4949900000001,2389.82051
251.69999999999999,2369,1.01,1,2345.5445500000001,2369,1,1,2369,2369,0.98999999999999999,1,2392.92929,2369.1579499999998,23.692764100000002,13.6790237,2345.4651899999999,2392.8507100000002
251.80000000000001,2370,1.01,1,2346.5346500000001,2370,1,1,2370,2370,0.98999999999999999,1,2393.93939,2370.1580199999999,23.702765299999999,13.6847979,2346.45525,2393.86078
251.90000000000001,2371,1.01,1,2347.52475,2371,1,1,2371,2371,0.98999999999999999,1,2394.94949,2371.1580800000002,23.7127664,13.690572100000001,2347.4453199999998,2394.8708499999998
252,2374,1.01,1,2350.49505,2374,1,1,2374,2374,0.98999999999999999,1,2397.9798000000001,2374.1582800000001,23.742769899999999,13.707894599999999,2350.4155099999998,2397.9010499999999
252.09999999999999,2376,1.01,1,2352.47525,2376,1,1,2376,2376,0.98999999999999999,1,2400,2376.1584200000002,23.762772300000002,13.719443,2352.3956400000002,2399.92119
252.19999999999999,2376,1.01,1,2352.47525,2376,1,1,2376,2376,0.98999999999999999,1,2400,2376.1584200000002,23.762772300000002,13.719443,2352.3956400000002,2399.92119
252.30000000000001,2378,1.01,1,2354.4554499999999,2378,1,1,2378,2378,0.98999999999999999,1,2402.0201999999999,2378.1585500000001,23.7827746,13.730991299999999,2354.3757700000001,2401.9413199999999
252.40000000000001,2380,1.01,1,2356.4356400000001,2380,1,1,2380,2380,0.98999999999999999,1,2404.0403999999999,2380.15868,23.802776900000001,13.7425397,2356.3559100000002,2403.96146
252.5,2383,1.01,1,2359.4059400000001,2383,1,1,2383,2383,0.98999999999999999,1,2407.07071,2383.15888,23.832780400000001,13.759862200000001,2359.3261000000002,2406.9916600000001
252.59999999999999,2385,1.01,1,2361.3861400000001,2385,1,1,2385,2385,0.98999999999999999,1,2409.0909099999999,2385.1590200000001,23.8527828,13.771410599999999,2361.3062300000001,2409.0118000000002
252.69999999999999,2387,1.01,1,2363.36634,2387,1,1,2387,2387,0.98999999999999999,1,2411.1111099999998,2387.15915,23.872785100000002,13.782958900000001,2363.2863600000001,2411.0319300000001
252.80000000000001,2391,1.01,1,2367.3267300000002,2391,1,1,2391,2391,0.98999999999999999,1,2415.1515199999999,2391.15942,23.912789799999999,13.806055600000001,2367.2466300000001,2415.0722099999998
252.90000000000001,2390,1.01,1,2366.3366299999998,2390,1,1,2390,2390,0.98999999999999999,1,2414.1414100000002,2390.1593499999999,23.902788600000001,13.800281399999999,2366.2565599999998,2414.06214
253,2396,1.01,1,2372.2772300000001,2396,1,1,2396,2396,0.98999999999999999,1,2420.2020200000002,2396.1597499999998,23.9627956,13.8349265,2372.19695,2420.1225399999998
253.09999999999999,2399,1.01,1,2375.2475199999999,2399,1,1,2399,2399,0.98999999999999999,1,2423.2323200000001,2399.1599500000002,23.992799099999999,13.852249,2375.1671500000002,2423.1527500000002
253.19999999999999,2402,1.01,1,2378.2178199999998,2402,1,1,2402,2402,0.98999999999999999,1,2426.2626300000002,2402.1601500000002,24.022802599999999,13.8695716,2378.13735,2426.1829499999999
253.30000000000001,2407,1.01,1,2383.1683200000002,2407,1,1,2407,2407,0.98999999999999999,1,2431.31313,2407.16048,24.0728084,13.8984424,2383.0876699999999,2431.2332900000001
253.40000000000001,2411,1.01,1,2387.12871,2411,1,1,2411,2411,0.98999999999999999,1,2435.3535400000001,2411.16075,24.1128131,13.9215391,2387.0479399999999,2435.2735600000001
253.5,2413,1.01,1,2389.1089099999999,2413,1,1,2413,2413,0.98999999999999999,1,2437.37374,2413.1608799999999,24.132815399999998,13.933087499999999,2389.0280699999998,2437.2937000000002
253.59999999999999,2416,1.01,1,2392.0792099999999,2416,1,1,2416,2416,0.98999999999999999,1,2440.4040399999999,2416.1610799999999,24.162818900000001,13.95041,2391.9982599999998,2440.3238999999999
253.69999999999999,2421,1.01,1,2397.0297,2421,1,1,2421,2421,0.98999999999999999,1,2445.4545499999999,2421.1614199999999,24.2128248,13.979280899999999,2396.94859,2445.3742400000001
253.80000000000001,2426,1.01,1,2401.9802,2426,1,1,2426,2426,0.98999999999999999,1,2450.5050500000002,2426.1617500000002,24.262830600000001,14.0081518,2401.8989200000001,2450.4245799999999
253.90000000000001,2430,1.01,1,2405.9405900000002,2430,1,1,2430,2430,0.98999999999999999,1,2454.5454500000001,2430.1620200000002,24.302835300000002,14.0312485,2405.8591799999999,2454.4648499999998
254,2435,1.01,1,2410.8910900000001,2435,1,1,2435,2435,0.98999999999999999,1,2459.5959600000001,2435.1623500000001,24.352841099999999,14.0601194,2410.80951,2459.5151900000001
254.09999999999999,2440,1.01,1,2415.8415799999998,2440,1,1,2440,2440,0.98999999999999999,1,2464.6464599999999,2440.1626799999999,24.4028469,14.088990300000001,2415.7598400000002,2464.5655299999999
254.19999999999999,2442,1.01,1,2417.8217800000002,2442,1,1,2442,2442,0.98999999999999999,1,2466.6666700000001,2442.16282,24.422849299999999,14.1005386,2417.7399700000001,2466.5856699999999
254.30000000000001,2447,1.01,1,2422.7722800000001,2447,1,1,2447,2447,0.98999999999999999,1,2471.7171699999999,2447.1631499999999,24.4728551,14.1294095,2422.69029,2471.636
254.40000000000001,2454,1.01,1,2429.7029699999998,2454,1,1,2454,2454,0.98999999999999999,1,2478.7878799999999,2454.1636199999998,24.5428633,14.1698287,2429.62075,2478.7064799999998
254.5,2459,1.01,1,2434.6534700000002,2459,1,1,2459,2459,0.98999999999999999,1,2483.8383800000001,2459.1639500000001,24.592869100000001,14.198699599999999,2434.5710800000002,2483.7568200000001
254.59999999999999,2463,1.01,1,2438.6138599999999,2463,1,1,2463,2463,0.98999999999999999,1,2487.8787900000002,2463.1642200000001,24.632873799999999,14.221796299999999,2438.53134,2487.79709
254.69999999999999,2470,1.01,1,2445.5445500000001,2470,1,1,2470,2470,0.98999999999999999,1,2494.94949,2470.1646799999999,24.702881999999999,14.2622155,2445.4618,2494.8675699999999
254.80000000000001,2476,1.01,1,2451.48515,2476,1,1,2476,2476,0.98999999999999999,1,2501.0101,2476.1650800000002,24.762889000000001,14.2968606,2451.4021899999998,2500.9279700000002
254.90000000000001,2479,1.01,1,2454.4554499999999,2479,1,1,2479,2479,0.98999999999999999,1,2504.0403999999999,2479.1652800000002,24.792892500000001,14.314183099999999,2454.37239,2503.9581800000001
255,2485,1.01,1,2460.3960400000001,2485,1,1,2485,2485,0.98999999999999999,1,2510.1010099999999,2485.1656800000001,24.852899499999999,14.3488282,2460.3127800000002,2510.0185799999999
255.09999999999999,2493,1.01,1,2468.3168300000002,2493,1,1,2493,2493,0.98999999999999999,1,2518.1818199999998,2493.1662200000001,24.9329088,14.3950216,2468.2333100000001,2518.0991300000001
255.19999999999999,2497,1.01,1,2472.2772300000001,2497,1,1,2497,2497,0.98999999999999999,1,2522.2222200000001,2497.1664799999999,24.972913500000001,14.4181183,2472.1935699999999,2522.1394
255.30000000000001,2505,1.01,1,2480.1980199999998,2505,1,1,2505,2505,0.98999999999999999,1,2530.30303,2505.1670199999999,25.052922800000001,14.4643117,2480.11409,2530.21994
255.40000000000001,2512,1.01,1,2487.12871,2512,1,1,2512,2512,0.98999999999999999,1,2537.37374,2512.1674800000001,25.122931000000001,14.504731,2487.0445500000001,2537.2904100000001
255.5,2519,1.01,1,2494.0594099999998,2519,1,1,2519,2519,0.98999999999999999,1,2544.4444400000002,2519.16795,25.1929391,14.5451502,2493.9750100000001,2544.3608899999999
255.59999999999999,2524,1.01,1,2499.0099,2524,1,1,2524,2524,0.98999999999999999,1,2549.4949499999998,2524.1682799999999,25.242944999999999,14.5740211,2498.9253399999998,2549.4112300000002
255.69999999999999,2531,1.01,1,2505.9405900000002,2531,1,1,2531,2531,0.98999999999999999,1,2556.5656600000002,2531.1687499999998,25.312953100000001,14.6144403,2505.8557999999998,2556.4816999999998
255.80000000000001,2537,1.01,1,2511.8811900000001,2537,1,1,2537,2537,0.98999999999999999,1,2562.62626,2537.1691500000002,25.3729601,14.649085400000001,2511.79619,2562.5421099999999
255.90000000000001,2543,1.01,1,2517.8217800000002,2543,1,1,2543,2543,0.98999999999999999,1,2568.68687,2543.1695500000001,25.432967099999999,14.6837304,2517.7365799999998,2568.6025199999999
256,2553,1.01,1,2527.7227699999999,2553,1,1,2553,2553,0.98999999999999999,1,2578.7878799999999,2553.17022,25.532978799999999,14.7414722,2527.63724,2578.7031999999999
256.10000000000002,2560,1.01,1,2534.6534700000002,2560,1,1,2560,2560,0.98999999999999999,1,2585.8585899999998,2560.1706800000002,25.602986999999999,14.781891399999999,2534.5677000000001,2585.77367
256.19999999999999,2565,1.01,1,2539.6039599999999,2565,1,1,2565,2565,0.98999999999999999,1,2590.9090900000001,2565.1710200000002,25.6529928,14.8107623,2539.51802,2590.8240099999998
256.30000000000001,2574,1.01,1,2548.51485,2574,1,1,2574,2574,0.98999999999999999,1,2600,2574.1716200000001,25.743003300000002,14.8627299,2548.4286099999999,2599.91462
256.39999999999998,2583,1.01,1,2557.4257400000001,2583,1,1,2583,2583,0.98999999999999999,1,2609.0909099999999,2583.1722199999999,25.8330138,14.914697500000001,2557.3391999999999,2609.0052300000002
256.5,2590,1.01,1,2564.35644,2590,1,1,2590,2590,0.98999999999999999,1,2616.1616199999999,2590.1726800000001,25.903022,14.9551167,2564.2696599999999,2616.0757100000001
256.60000000000002,2597,1.01,1,2571.2871300000002,2597,1,1,2597,2597,0.98999999999999999,1,2623.2323200000001,2597.1731500000001,25.973030099999999,14.9955359,2571.20012,2623.1461800000002
256.69999999999999,2605,1.01,1,2579.2079199999998,2605,1,1,2605,2605,0.98999999999999999,1,2631.31313,2605.1736799999999,26.053039500000001,15.0417293,2579.1206400000001,2631.2267200000001
256.80000000000001,2616,1.01,1,2590.0990099999999,2616,1,1,2616,2616,0.98999999999999999,1,2642.4242399999998,2616.1744199999998,26.1630523,15.1052453,2590.0113700000002,2642.3374699999999
256.89999999999998,2622,1.01,1,2596.0396000000001,2622,1,1,2622,2622,0.98999999999999999,1,2648.4848499999998,2622.1748200000002,26.223059299999999,15.139890299999999,2595.9517599999999,2648.39788
257,2630,1.01,1,2603.9603999999999,2630,1,1,2630,2630,0.98999999999999999,1,2656.5656600000002,2630.17535,26.3030686,15.1860838,2603.87228,2656.4784199999999
257.10000000000002,2640,1.01,1,2613.86139,2640,1,1,2640,2640,0.98999999999999999,1,2666.6666700000001,2640.1760199999999,26.403080299999999,15.2438255,2613.7729399999998,2666.5790999999999
257.19999999999999,2646,1.01,1,2619.8019800000002,2646,1,1,2646,2646,0.98999999999999999,1,2672.7272699999999,2646.1764199999998,26.463087300000002,15.2784706,2619.71333,2672.6395000000002
257.30000000000001,2657,1.01,1,2630.6930699999998,2657,1,1,2657,2657,0.98999999999999999,1,2683.8383800000001,2657.17715,26.573100100000001,15.341986500000001,2630.6040499999999,2683.7502500000001
257.39999999999998,2665,1.01,1,2638.6138599999999,2665,1,1,2665,2665,0.98999999999999999,1,2691.9191900000001,2665.1776799999998,26.653109499999999,15.388179900000001,2638.52457,2691.83079
257.5,2674,1.01,1,2647.52475,2674,1,1,2674,2674,0.98999999999999999,1,2701.0101,2674.1782800000001,26.743120000000001,15.4401475,2647.43516,2700.9214000000002
257.60000000000002,2682,1.01,1,2655.4455400000002,2682,1,1,2682,2682,0.98999999999999999,1,2709.0909099999999,2682.1788200000001,26.823129300000002,15.4863409,2655.3556899999999,2709.0019499999999
257.69999999999999,2692,1.01,1,2665.3465299999998,2692,1,1,2692,2692,0.98999999999999999,1,2719.1919200000002,2692.1794799999998,26.923141000000001,15.544082700000001,2665.2563399999999,2719.1026299999999
257.80000000000001,2701,1.01,1,2674.2574300000001,2701,1,1,2701,2701,0.98999999999999999,1,2728.2828300000001,2701.1800800000001,27.013151499999999,15.5960503,2674.1669299999999,2728.1932400000001
257.89999999999998,2710,1.01,1,2683.1683200000002,2710,1,1,2710,2710,0.98999999999999999,1,2737.37374,2710.1806799999999,27.103162000000001,15.648017899999999,2683.0775199999998,2737.2838499999998
258,2720,1.01,1,2693.0693099999999,2720,1,1,2720,2720,0.98999999999999999,1,2747.4747499999999,2720.1813499999998,27.2031736,15.7057596,2692.9781800000001,2747.3845299999998
258.10000000000002,2732,1.01,1,2704.9504999999999,2732,1,1,2732,2732,0.98999999999999999,1,2759.5959600000001,2732.1821500000001,27.323187600000001,15.7750497,2704.85896,2759.5053400000002
258.19999999999999,2740,1.01,1,2712.87129,2740,1,1,2740,2740,0.98999999999999999,1,2767.67677,2740.1826799999999,27.403196999999999,15.8212432,2712.7794899999999,2767.5858800000001
258.30000000000001,2750,1.01,1,2722.7722800000001,2750,1,1,2750,2750,0.98999999999999999,1,2777.7777799999999,2750.1833499999998,27.503208699999998,15.878984900000001,2722.6801399999999,2777.6865600000001
258.39999999999998,2760,1.01,1,2732.6732699999998,2760,1,1,2760,2760,0.98999999999999999,1,2787.8787900000002,2760.1840200000001,27.6032203,15.936726699999999,2732.5808000000002,2787.7872400000001
258.5,2770,1.01,1,2742.5742599999999,2770,1,1,2770,2770,0.98999999999999999,1,2797.9798000000001,2770.18469,27.703232,15.994468400000001,2742.4814500000002,2797.8879200000001
258.60000000000002,2780,1.01,1,2752.47525,2780,1,1,2780,2780,0.98999999999999999,1,2808.0808099999999,2780.1853500000002,27.803243699999999,16.052210200000001,2752.38211,2807.9886000000001
258.69999999999999,2791,1.01,1,2763.36634,2791,1,1,2791,2791,0.98999999999999999,1,2819.1919200000002,2791.1860900000001,27.913256499999999,16.1157261,2763.2728299999999,2819.0993400000002
258.80000000000001,2803,1.01,1,2775.2475199999999,2803,1,1,2803,2803,0.98999999999999999,1,2831.31313,2803.1868899999999,28.0332705,16.185016300000001,2775.1536099999998,2831.2201599999999
258.89999999999998,2811,1.01,1,2783.1683200000002,2811,1,1,2811,2811,0.98999999999999999,1,2839.3939399999999,2811.1874200000002,28.113279800000001,16.231209700000001,2783.0741400000002,2839.3006999999998
259,2822,1.01,1,2794.0594099999998,2822,1,1,2822,2822,0.98999999999999999,1,2850.5050500000002,2822.18815,28.223292699999998,16.2947256,2793.96486,2850.4114399999999
259.10000000000002,2834,1.01,1,2805.9405900000002,2834,1,1,2834,2834,0.98999999999999999,1,2862.62626,2834.1889500000002,28.343306699999999,16.364015699999999,2805.8456500000002,2862.53226
259.19999999999999,2846,1.01,1,2817.8217800000002,2846,1,1,2846,2846,0.98999999999999999,1,2874.7474699999998,2846.18975,28.463320700000001,16.433305799999999,2817.7264300000002,2874.6530699999998
259.30000000000001,2857,1.01,1,2828.7128699999998,2857,1,1,2857,2857,0.98999999999999999,1,2885.8585899999998,2857.19049,28.5733335,16.496821799999999,2828.61715,2885.7638200000001
259.39999999999998,2870,1.01,1,2841.5841599999999,2870,1,1,2870,2870,0.98999999999999999,1,2898.9899,2870.1913500000001,28.703348699999999,16.5718861,2841.4879999999998,2898.8946999999998
259.5,2881,1.01,1,2852.47525,2881,1,1,2881,2881,0.98999999999999999,1,2910.1010099999999,2881.19209,28.813361499999999,16.635401999999999,2852.3787200000002,2910.0054500000001
259.60000000000002,2892,1.01,1,2863.36634,2892,1,1,2892,2892,0.98999999999999999,1,2921.2121200000001,2892.1928200000002,28.923374299999999,16.698917999999999,2863.26944,2921.1161900000002
259.69999999999999,2904,1.01,1,2875.2475199999999,2904,1,1,2904,2904,0.98999999999999999,1,2933.3333299999999,2904.19362,29.0433883,16.768208099999999,2875.1502300000002,2933.2370099999998
259.80000000000001,2914,1.01,1,2885.14851,2914,1,1,2914,2914,0.98999999999999999,1,2943.4343399999998,2914.1942899999999,29.1434,16.8259498,2885.05089,2943.3376899999998
259.89999999999998,2926,1.01,1,2897.0297,2926,1,1,2926,2926,0.98999999999999999,1,2955.5555599999998,2926.1950900000002,29.263414000000001,16.895240000000001,2896.9316699999999,2955.4585000000002
260,2939,1.01,1,2909.9009900000001,2939,1,1,2939,2939,0.98999999999999999,1,2968.68687,2939.1959499999998,29.3934292,16.970304200000001,2909.8025200000002,2968.5893799999999
260.10000000000002,2953,1.01,1,2923.7623800000001,2953,1,1,2953,2953,0.98999999999999999,1,2982.8282800000002,2953.1968900000002,29.533445499999999,17.0511427,2923.6634399999998,2982.7303299999999
260.19999999999999,2965,1.01,1,2935.64356,2965,1,1,2965,2965,0.98999999999999999,1,2994.94949,2965.19769,29.6534595,17.1204328,2935.54423,2994.85115
260.30000000000001,2976,1.01,1,2946.5346500000001,2976,1,1,2976,2976,0.98999999999999999,1,3006.06061,2976.1984200000002,29.7634723,17.1839488,2946.4349499999998,3005.96189
260.39999999999998,2991,1.01,1,2961.3861400000001,2991,1,1,2991,2991,0.98999999999999999,1,3021.2121200000001,2991.1994199999999,29.913489800000001,17.270561399999998,2961.28593,3021.1129099999998
260.5,3002,1.01,1,2972.2772300000001,3002,1,1,3002,3002,0.98999999999999999,1,3032.32323,3002.2001500000001,30.023502700000002,17.334077400000002,2972.1766499999999,3032.2236600000001
260.60000000000002,3015,1.01,1,2985.14851,3015,1,1,3015,3015,0.98999999999999999,1,3045.4545499999999,3015.20102,30.153517799999999,17.409141600000002,2985.0475000000001,3045.3545399999998
260.69999999999999,3030,1.01,1,3000,3030,1,1,3030,3030,0.98999999999999999,1,3060.6060600000001,3030.2020200000002,30.3035353,17.495754300000002,2999.8984799999998,3060.5055600000001
260.80000000000001,3044,1.01,1,3013.86139,3044,1,1,3044,3044,0.98999999999999999,1,3074.7474699999998,3044.2029499999999,30.4435517,17.5765928,3013.7593999999999,3074.64651
260.89999999999998,3056,1.01,1,3025.7425699999999,3056,1,1,3056,3056,0.98999999999999999,1,3086.8686899999998,3056.2037500000001,30.563565700000002,17.6458829,3025.6401900000001,3086.7673199999999
261,3070,1.01,1,3039.6039599999999,3070,1,1,3070,3070,0.98999999999999999,1,3101.0101,3070.20469,30.703582000000001,17.726721300000001,3039.5011100000002,3100.9082699999999
261.10000000000002,3085,1.01,1,3054.4554499999999,3085,1,1,3085,3085,0.98999999999999999,1,3116.1616199999999,3085.2056899999998,30.853599500000001,17.813334000000001,3054.3520899999999,3116.0592900000001
261.19999999999999,3097,1.01,1,3066.3366299999998,3097,1,1,3097,3097,0.98999999999999999,1,3128.2828300000001,3097.20649,30.973613499999999,17.882624100000001,3066.2328699999998,3128.1801
261.30000000000001,3110,1.01,1,3079.2079199999998,3110,1,1,3110,3110,0.98999999999999999,1,3141.4141399999999,3110.2073500000001,31.103628700000002,17.957688399999999,3079.1037299999998,3141.3109800000002
261.39999999999998,3127,1.01,1,3096.0396000000001,3127,1,1,3127,3127,0.98999999999999999,1,3158.5858600000001,3127.20849,31.2736485,18.0558494,3095.9348399999999,3158.4821400000001
261.5,3140,1.01,1,3108.9108900000001,3140,1,1,3140,3140,0.98999999999999999,1,3171.7171699999999,3140.2093500000001,31.403663699999999,18.130913700000001,3108.8056900000001,3171.6130199999998
261.60000000000002,3152,1.01,1,3120.7920800000002,3152,1,1,3152,3152,0.98999999999999999,1,3183.8383800000001,3152.2101499999999,31.5236777,18.200203800000001,3120.6864799999998,3183.7338300000001
261.69999999999999,3166,1.01,1,3134.6534700000002,3166,1,1,3166,3166,0.98999999999999999,1,3197.9798000000001,3166.2110899999998,31.663694,18.281042299999999,3134.5473900000002,3197.8747800000001
261.80000000000001,3182,1.01,1,3150.49505,3182,1,1,3182,3182,0.98999999999999999,1,3214.1414100000002,3182.2121499999998,31.823712700000002,18.373429099999999,3150.3884400000002,3214.0358700000002
261.89999999999998,3197,1.01,1,3165.3465299999998,3197,1,1,3197,3197,0.98999999999999999,1,3229.2929300000001,3197.21315,31.973730199999999,18.460041700000001,3165.2394199999999,3229.1868800000002
262,3211,1.01,1,3179.2079199999998,3211,1,1,3211,3211,0.98999999999999999,1,3243.4343399999998,3211.2140899999999,32.113746499999998,18.5408802,3179.10034,3243.3278300000002
262.10000000000002,3227,1.01,1,3195.0495000000001,3227,1,1,3227,3227,0.98999999999999999,1,3259.5959600000001,3227.21515,32.2737652,18.633267,3194.94139,3259.4889199999998
262.19999999999999,3240,1.01,1,3207.9207900000001,3240,1,1,3240,3240,0.98999999999999999,1,3272.7272699999999,3240.2160199999998,32.403780400000002,18.708331300000001,3207.8122400000002,3272.6197999999999
262.30000000000001,3256,1.01,1,3223.7623800000001,3256,1,1,3256,3256,0.98999999999999999,1,3288.8888900000002,3256.2170900000001,32.563799000000003,18.800718100000001,3223.6532900000002,3288.78089
262.39999999999998,3273,1.01,1,3240.5940599999999,3273,1,1,3273,3273,0.98999999999999999,1,3306.06061,3273.2182200000002,32.733818900000003,18.898879099999998,3240.4843999999998,3305.9520400000001
262.5,3288,1.01,1,3255.4455400000002,3288,1,1,3288,3288,0.98999999999999999,1,3321.2121200000001,3288.21922,32.8838364,18.985491799999998,3255.3353900000002,3321.1030599999999
262.60000000000002,3300,1.01,1,3267.3267300000002,3300,1,1,3300,3300,0.98999999999999999,1,3333.3333299999999,3300.2200200000002,33.003850399999997,19.054781899999998,3267.2161700000001,3333.2238699999998
262.69999999999999,3318,1.01,1,3285.14851,3318,1,1,3318,3318,0.98999999999999999,1,3351.5151500000002,3318.2212199999999,33.183871400000001,19.1587171,3285.0373500000001,3351.4050900000002
262.80000000000001,3333,1.01,1,3300,3333,1,1,3333,3333,0.98999999999999999,1,3366.6666700000001,3333.2222200000001,33.333888899999998,19.245329699999999,3299.8883300000002,3366.55611
262.89999999999998,3348,1.01,1,3314.85149,3348,1,1,3348,3348,0.98999999999999999,1,3381.8181800000002,3348.2232199999999,33.483906400000002,19.331942399999999,3314.7393200000001,3381.7071299999998
263,3363,1.01,1,3329.7029699999998,3363,1,1,3363,3363,0.98999999999999999,1,3396.9697000000001,3363.2242200000001,33.633923899999999,19.418555000000001,3329.5902999999998,3396.85815
263.10000000000002,3383,1.01,1,3349.50495,3383,1,1,3383,3383,0.98999999999999999,1,3417.1717199999998,3383.2255599999999,33.833947199999997,19.534038500000001,3349.3916100000001,3417.0594999999998
263.19999999999999,3396,1.01,1,3362.3762400000001,3396,1,1,3396,3396,0.98999999999999999,1,3430.30303,3396.22642,33.9639624,19.609102799999999,3362.2624599999999,3430.1903900000002
263.30000000000001,3416,1.01,1,3382.1782199999998,3416,1,1,3416,3416,0.98999999999999999,1,3450.5050500000002,3416.2277600000002,34.163985699999998,19.7245864,3382.0637700000002,3450.39174
263.39999999999998,3433,1.01,1,3399.0099,3433,1,1,3433,3433,0.98999999999999999,1,3467.67677,3433.2288899999999,34.334005599999998,19.822747400000001,3398.8948799999998,3467.5628999999999
263.5,3449,1.01,1,3414.85149,3449,1,1,3449,3449,0.98999999999999999,1,3483.8383800000001,3449.2299600000001,34.494024199999998,19.915134200000001,3414.7359299999998,3483.7239800000002
263.60000000000002,3465,1.01,1,3430.6930699999998,3465,1,1,3465,3465,0.98999999999999999,1,3500,3465.2310200000002,34.6540429,20.007521000000001,3430.5769799999998,3499.8850699999998
263.69999999999999,3483,1.01,1,3448.51485,3483,1,1,3483,3483,0.98999999999999999,1,3518.1818199999998,3483.2322199999999,34.834063899999997,20.111456199999999,3448.3981600000002,3518.0662900000002
263.80000000000001,3499,1.01,1,3464.35644,3499,1,1,3499,3499,0.98999999999999999,1,3534.3434299999999,3499.2332900000001,34.994082599999999,20.203842999999999,3464.2392100000002,3534.2273700000001
263.89999999999998,3513,1.01,1,3478.2178199999998,3513,1,1,3513,3513,0.98999999999999999,1,3548.4848499999998,3513.2342199999998,35.134098899999998,20.284681500000001,3478.1001200000001,3548.36832
264,3533,1.01,1,3498.0198,3533,1,1,3533,3533,0.98999999999999999,1,3568.68687,3533.2355600000001,35.334122200000003,20.400165000000001,3497.9014299999999,3568.5696800000001
264.10000000000002,3552,1.01,1,3516.8316799999998,3552,1,1,3552,3552,0.98999999999999999,1,3587.8787900000002,3552.2368200000001,35.524144399999997,20.5098743,3516.7126800000001,3587.7609699999998
264.19999999999999,3568,1.01,1,3532.6732699999998,3568,1,1,3568,3568,0.98999999999999999,1,3604.0403999999999,3568.2378899999999,35.684163099999999,20.602261200000001,3532.5537300000001,3603.9220500000001
264.30000000000001,3586,1.01,1,3550.49505,3586,1,1,3586,3586,0.98999999999999999,1,3622.2222200000001,3586.23909,35.864184100000003,20.706196299999998,3550.37491,3622.1032700000001
264.39999999999998,3607,1.01,1,3571.2871300000002,3607,1,1,3607,3607,0.98999999999999999,1,3643.4343399999998,3607.2404900000001,36.074208599999999,20.827453999999999,3571.1662799999999,3643.3146999999999
264.5,3624,1.01,1,3588.1188099999999,3624,1,1,3624,3624,0.98999999999999999,1,3660.6060600000001,3624.2416199999998,36.244228399999997,20.925615000000001,3587.9974000000002,3660.48585
264.60000000000002,3643,1.01,1,3606.9306900000001,3643,1,1,3643,3643,0.98999999999999999,1,3679.7979799999998,3643.24289,36.434250599999999,21.0353244,3606.8086400000002,3679.6771399999998
264.69999999999999,3661,1.01,1,3624.7524800000001,3661,1,1,3661,3661,0.98999999999999999,1,3697.9798000000001,3661.2440900000001,36.614271600000002,21.139259599999999,3624.6298200000001,3697.8583600000002
264.80000000000001,3680,1.01,1,3643.5643599999999,3680,1,1,3680,3680,0.98999999999999999,1,3717.1717199999998,3680.2453599999999,36.804293800000004,21.248968900000001,3643.4410600000001,3717.0496499999999
264.89999999999998,3696,1.01,1,3659.4059400000001,3696,1,1,3696,3696,0.98999999999999999,1,3733.3333299999999,3696.2464199999999,36.964312399999997,21.341355700000001,3659.2821100000001,3733.21074
265,3716,1.01,1,3679.2079199999998,3716,1,1,3716,3716,0.98999999999999999,1,3753.5353500000001,3716.2477600000002,37.164335800000003,21.456839299999999,3679.0834199999999,3753.4120899999998
265.10000000000002,3736,1.01,1,3699.0099,3736,1,1,3736,3736,0.98999999999999999,1,3773.7373699999998,3736.2490899999998,37.364359100000001,21.572322799999998,3698.8847300000002,3773.6134499999998
265.19999999999999,3751,1.01,1,3713.86139,3751,1,1,3751,3751,0.98999999999999999,1,3788.8888900000002,3751.25009,37.514376599999999,21.658935400000001,3713.7357200000001,3788.7644700000001
265.30000000000001,3772,1.01,1,3734.6534700000002,3772,1,1,3772,3772,0.98999999999999999,1,3810.1010099999999,3772.2514900000001,37.724401100000001,21.780193100000002,3734.52709,3809.9758900000002
265.39999999999998,3793,1.01,1,3755.4455400000002,3793,1,1,3793,3793,0.98999999999999999,1,3831.31313,3793.2528900000002,37.934425599999997,21.901450799999999,3755.3184700000002,3831.18732
265.5,3812,1.01,1,3774.2574300000001,3812,1,1,3812,3812,0.98999999999999999,1,3850.5050500000002,3812.25416,38.124447799999999,22.011160199999999,3774.1297100000002,3850.3786100000002
265.60000000000002,3829,1.01,1,3791.0891099999999,3829,1,1,3829,3829,0.98999999999999999,1,3867.67677,3829.2552900000001,38.294467599999997,22.1093212,3790.9608199999998,3867.5497599999999
265.69999999999999,3852,1.01,1,3813.86139,3852,1,1,3852,3852,0.98999999999999999,1,3890.9090900000001,3852.2568299999998,38.524494400000002,22.242127199999999,3813.7323299999998,3890.7813200000001
265.80000000000001,3870,1.01,1,3831.6831699999998,3870,1,1,3870,3870,0.98999999999999999,1,3909.0909099999999,3870.25803,38.704515399999998,22.346062400000001,3831.5535100000002,3908.96254
265.89999999999998,3889,1.01,1,3850.49505,3889,1,1,3889,3889,0.98999999999999999,1,3928.2828300000001,3889.25929,38.8945376,22.455771800000001,3850.3647500000002,3928.1538300000002
266,3910,1.01,1,3871.2871300000002,3910,1,1,3910,3910,0.98999999999999999,1,3949.4949499999998,3910.2606900000001,39.104562100000003,22.577029499999998,3871.1561299999998,3949.3652499999998
266.10000000000002,3929,1.01,1,3890.0990099999999,3929,1,1,3929,3929,0.98999999999999999,1,3968.68687,3929.2619599999998,39.294584299999997,22.686738800000001,3889.96738,3968.55654
266.19999999999999,3947,1.01,1,3907.9207900000001,3947,1,1,3947,3947,0.98999999999999999,1,3986.8686899999998,3947.26316,39.4746053,22.790673999999999,3907.7885500000002,3986.73776
266.30000000000001,3969,1.01,1,3929.7029699999998,3969,1,1,3969,3969,0.98999999999999999,1,4009.0909099999999,3969.2646300000001,39.694631000000001,22.917705900000001,3929.5700000000002,4008.9592600000001
266.39999999999998,3989,1.01,1,3949.50495,3989,1,1,3989,3989,0.98999999999999999,1,4029.2929300000001,3989.2659600000002,39.894654299999999,23.033189400000001,3949.37131,4029.1606099999999
266.5,4007,1.01,1,3967.3267300000002,4007,1,1,4007,4007,0.98999999999999999,1,4047.4747499999999,4007.2671599999999,40.074675300000003,23.1371246,3967.1924800000002,4047.34184
266.60000000000002,4029,1.01,1,3989.1089099999999,4029,1,1,4029,4029,0.98999999999999999,1,4069.69697,4029.26863,40.294701000000003,23.264156400000001,3988.9739300000001,4069.56333
266.69999999999999,4052,1.01,1,4011.8811900000001,4052,1,1,4052,4052,0.98999999999999999,1,4092.92929,4052.27016,40.524727800000001,23.396962500000001,4011.7454299999999,4092.7948900000001
266.80000000000001,4073,1.01,1,4032.6732699999998,4073,1,1,4073,4073,0.98999999999999999,1,4114.1414100000002,4073.2715600000001,40.734752299999997,23.518220199999998,4032.5368100000001,4114.0063099999998
266.89999999999998,4092,1.01,1,4051.48515,4092,1,1,4092,4092,0.98999999999999999,1,4133.3333300000004,4092.2728299999999,40.924774499999998,23.627929600000002,4051.3480500000001,4133.1976000000004
267,4118,1.01,1,4077.2277199999999,4118,1,1,4118,4118,0.98999999999999999,1,4159.5959599999996,4118.2745599999998,41.184804800000002,23.778058099999999,4077.0897599999998,4159.4593699999996
267.10000000000002,4138,1.01,1,4097.0297,4138,1,1,4138,4138,0.98999999999999999,1,4179.7979800000003,4138.2758899999999,41.3848281,23.8935417,4096.8910699999997,4179.6607199999999
267.19999999999999,4160,1.01,1,4118.8118800000002,4160,1,1,4160,4160,0.98999999999999999,1,4202.0201999999999,4160.27736,41.604853800000001,24.020573500000001,4118.6725100000003,4201.8822099999998
267.30000000000001,4185,1.01,1,4143.5643600000003,4185,1,1,4185,4185,0.98999999999999999,1,4227.2727299999997,4185.2790299999997,41.854883000000001,24.164928,4143.4241400000001,4227.1339099999996
267.39999999999998,4208,1.01,1,4166.3366299999998,4208,1,1,4208,4208,0.98999999999999999,1,4250.5050499999998,4208.2805600000002,42.084909799999998,24.297733999999998,4166.1956499999997,4250.3654699999997
267.5,4227,1.01,1,4185.14851,4227,1,1,4227,4227,0.98999999999999999,1,4269.69697,4227.2818299999999,42.274932,24.407443399999998,4185.0069000000003,4269.5567600000004
267.60000000000002,4252,1.01,1,4209.9009900000001,4252,1,1,4252,4252,0.98999999999999999,1,4294.94949,4252.2834999999995,42.5249612,24.551797799999999,4209.7585300000001,4294.8084600000002
267.69999999999999,4274,1.01,1,4231.6831700000002,4274,1,1,4274,4274,0.98999999999999999,1,4317.1717200000003,4274.28496,42.7449868,24.678829700000001,4231.5399799999996,4317.0299500000001
267.80000000000001,4293,1.01,1,4250.4950500000004,4293,1,1,4293,4293,0.98999999999999999,1,4336.3636399999996,4293.2862299999997,42.935009000000001,24.788539,4250.3512199999996,4336.2212399999999
267.89999999999998,4315,1.01,1,4272.2772299999997,4315,1,1,4315,4315,0.98999999999999999,1,4358.5858600000001,4315.2876999999999,43.155034700000002,24.915570899999999,4272.1326600000002,4358.4427299999998
268,4340,1.01,1,4297.0297,4340,1,1,4340,4340,0.98999999999999999,1,4383.8383800000001,4340.2893599999998,43.405063800000001,25.0599253,4296.8842999999997,4383.6944299999996
268.10000000000002,4363,1.01,1,4319.8019800000002,4363,1,1,4363,4363,0.98999999999999999,1,4407.07071,4363.2909,43.635090699999999,25.192731299999998,4319.6558100000002,4406.9259899999997
268.19999999999999,4383,1.01,1,4339.6039600000004,4383,1,1,4383,4383,0.98999999999999999,1,4427.2727299999997,4383.29223,43.835113999999997,25.308214899999999,4339.45712,4427.12734
268.30000000000001,4408,1.01,1,4364.3564399999996,4408,1,1,4408,4408,0.98999999999999999,1,4452.5252499999997,4408.2938999999997,44.085143199999997,25.4525693,4364.2087499999998,4452.3790399999998
268.39999999999998,4433,1.01,1,4389.1089099999999,4433,1,1,4433,4433,0.98999999999999999,1,4477.7777800000003,4433.2955599999996,44.335172300000004,25.596923700000001,4388.9603900000002,4477.6307399999996
268.5,4456,1.01,1,4411.8811900000001,4456,1,1,4456,4456,0.98999999999999999,1,4501.0101000000004,4456.2970999999998,44.565199200000002,25.7297297,4411.7318999999998,4500.8622999999998
268.60000000000002,4480,1.01,1,4435.6435600000004,4480,1,1,4480,4480,0.98999999999999999,1,4525.2525299999998,4480.2987000000003,44.805227199999997,25.868310000000001,4435.4934700000003,4525.1039199999996
268.69999999999999,4507,1.01,1,4462.3762399999996,4507,1,1,4507,4507,0.98999999999999999,1,4552.5252499999997,4507.3005000000003,45.075258699999999,26.0242127,4462.2252399999998,4552.3757599999999
268.80000000000001,4526,1.01,1,4481.1881199999998,4526,1,1,4526,4526,0.98999999999999999,1,4571.7171699999999,4526.3017600000003,45.2652809,26.133922099999999,4481.0364799999998,4571.5670399999999
268.89999999999998,4554,1.01,1,4508.9108900000001,4554,1,1,4554,4554,0.98999999999999999,1,4600,4554.3036300000003,45.545313499999999,26.295598999999999,4508.7583199999999,4599.8489399999999
269,4579,1.01,1,4533.6633700000002,4579,1,1,4579,4579,0.98999999999999999,1,4625.2525299999998,4579.3053,45.795342699999999,26.4399534,4533.5099499999997,4625.1006399999997
269.10000000000002,4601,1.01,1,4555.4455399999997,4601,1,1,4601,4601,0.98999999999999999,1,4647.4747500000003,4601.3067600000004,46.0153684,26.566985299999999,4555.2914000000001,4647.3221299999996
269.19999999999999,4623,1.01,1,4577.2277199999999,4623,1,1,4623,4623,0.98999999999999999,1,4669.69697,4623.3082299999996,46.235393999999999,26.694017200000001,4577.0728399999998,4669.5436200000004
269.30000000000001,4650,1.01,1,4603.9603999999999,4650,1,1,4650,4650,0.98999999999999999,1,4696.9696999999996,4650.3100299999996,46.505425500000001,26.849920000000001,4603.8046100000001,4696.8154599999998
269.39999999999998,4675,1.01,1,4628.7128700000003,4675,1,1,4675,4675,0.98999999999999999,1,4722.2222199999997,4675.3117000000002,46.755454700000001,26.994274399999998,4628.5562399999999,4722.0671499999999
269.5,4696,1.01,1,4649.5049499999996,4696,1,1,4696,4696,0.98999999999999999,1,4743.4343399999998,4696.3131000000003,46.965479199999997,27.115532099999999,4649.3476199999996,4743.2785800000001
269.60000000000002,4723,1.01,1,4676.2376199999999,4723,1,1,4723,4723,0.98999999999999999,1,4770.7070700000004,4723.3149000000003,47.235510699999999,27.271434800000002,4676.0793899999999,4770.5504099999998
269.69999999999999,4750,1.01,1,4702.9703,4750,1,1,4750,4750,0.98999999999999999,1,4797.9798000000001,4750.3167000000003,47.505542200000001,27.427337600000001,4702.8111600000002,4797.8222400000004
269.80000000000001,4775,1.01,1,4727.7227700000003,4775,1,1,4775,4775,0.98999999999999999,1,4823.2323200000001,4775.31837,47.755571400000001,27.571691999999999,4727.5627899999999,4823.0739400000002
269.89999999999998,4800,1.01,1,4752.4752500000004,4800,1,1,4800,4800,0.98999999999999999,1,4848.4848499999998,4800.3200299999999,48.005600600000001,27.7160464,4752.3144300000004,4848.3256300000003
270,4827,1.01,1,4779.2079199999998,4827,1,1,4827,4827,0.98999999999999999,1,4875.7575800000004,4827.3218299999999,48.275632100000003,27.8719492,4779.0461999999998,4875.59746
270.10000000000002,4849,1.01,1,4800.9901,4849,1,1,4849,4849,0.98999999999999999,1,4897.9798000000001,4849.3233,48.495657700000002,27.998981000000001,4800.8276400000004,4897.8189599999996
270.19999999999999,4877,1.01,1,4828.7128700000003,4877,1,1,4877,4877,0.98999999999999999,1,4926.2626300000002,4877.3251700000001,48.775690400000002,28.160658000000002,4828.5494799999997,4926.1008599999996
270.30000000000001,4902,1.01,1,4853.4653500000004,4902,1,1,4902,4902,0.98999999999999999,1,4951.5151500000002,4902.32683,49.025719600000002,28.305012399999999,4853.3011100000003,4951.3525499999996
270.39999999999998,4929,1.01,1,4880.1980199999998,4929,1,1,4929,4929,0.98999999999999999,1,4978.7878799999999,4929.32863,49.295751099999997,28.460915100000001,4880.0328799999997,4978.6243800000002
270.5,4953,1.01,1,4903.9603999999999,4953,1,1,4953,4953,0.98999999999999999,1,5003.0303000000004,4953.3302299999996,49.535779099999999,28.599495399999999,4903.7944500000003,5002.8660099999997
270.60000000000002,4980,1.01,1,4930.6930700000003,4980,1,1,4980,4980,0.98999999999999999,1,5030.30303,4980.3320299999996,49.805810600000001,28.755398100000001,4930.5262199999997,5030.1378400000003
270.69999999999999,5009,1.01,1,4959.4059399999996,5009,1,1,5009,5009,0.98999999999999999,1,5059.5959599999996,5009.3339699999997,50.095844399999997,28.922849299999999,4959.23812,5059.4298099999996
270.80000000000001,5031,1.01,1,4981.1881199999998,5031,1,1,5031,5031,0.98999999999999999,1,5081.8181800000002,5031.3354300000001,50.315870099999998,29.0498811,4981.0195599999997,5081.6513000000004
270.89999999999998,5060,1.01,1,5009.9009900000001,5060,1,1,5060,5060,0.98999999999999999,1,5111.1111099999998,5060.3373700000002,50.605903900000001,29.217332200000001,5009.73146,5110.9432699999998
271,5086,1.01,1,5035.6435600000004,5086,1,1,5086,5086,0.98999999999999999,1,5137.37374,5086.3391000000001,50.865934299999999,29.3674608,5035.4731700000002,5137.2050300000001
271.10000000000002,5114,1.01,1,5063.3663399999996,5114,1,1,5114,5114,0.98999999999999999,1,5165.6565700000001,5114.3409700000002,51.145966899999998,29.529137800000001,5063.1949999999997,5165.48693
271.19999999999999,5141,1.01,1,5090.0990099999999,5141,1,1,5141,5141,0.98999999999999999,1,5192.92929,5141.3427700000002,51.415998399999999,29.685040499999999,5089.92677,5192.7587700000004
271.30000000000001,5170,1.01,1,5118.8118800000002,5170,1,1,5170,5170,0.98999999999999999,1,5222.2222199999997,5170.3446999999996,51.706032299999997,29.8524916,5118.6386700000003,5222.0507299999999
271.39999999999998,5199,1.01,1,5147.5247499999996,5199,1,1,5199,5199,0.98999999999999999,1,5251.5151500000002,5199.34663,51.9960661,30.019942799999999,5147.3505699999996,5251.3427000000001
271.5,5226,1.01,1,5174.2574299999997,5226,1,1,5226,5226,0.98999999999999999,1,5278.7878799999999,5226.34843,52.266097600000002,30.175845500000001,5174.0823399999999,5278.6145299999998
271.60000000000002,5255,1.01,1,5202.9703,5255,1,1,5255,5255,0.98999999999999999,1,5308.0808100000004,5255.3503700000001,52.556131399999998,30.343296599999999,5202.7942400000002,5307.9065000000001
271.69999999999999,5281,1.01,1,5228.7128700000003,5281,1,1,5281,5281,0.98999999999999999,1,5334.3434299999999,5281.3521000000001,52.816161800000003,30.493425200000001,5228.5359399999998,5334.1682600000004
271.80000000000001,5309,1.01,1,5256.4356399999997,5309,1,1,5309,5309,0.98999999999999999,1,5362.62626,5309.3539700000001,53.096194400000002,30.655102200000002,5256.2577700000002,5362.4501600000003
271.89999999999998,5337,1.01,1,5284.1584199999998,5337,1,1,5337,5337,0.98999999999999999,1,5390.9090900000001,5337.3558400000002,53.376227100000001,30.816779100000002,5283.9796100000003,5390.7320600000003
272,5367,1.01,1,5313.86139,5367,1,1,5367,5367,0.98999999999999999,1,5421.2121200000001,5367.3578399999997,53.676262100000002,30.9900044,5313.6815699999997,5421.0340999999999
272.10000000000002,5394,1.01,1,5340.5940600000004,5394,1,1,5394,5394,0.98999999999999999,1,5448.4848499999998,5394.3596399999997,53.946293599999997,31.145907099999999,5340.4133400000001,5448.3059300000004
272.19999999999999,5424,1.01,1,5370.2970299999997,5424,1,1,5424,5424,0.98999999999999999,1,5478.7878799999999,5424.3616400000001,54.246328599999998,31.319132400000001,5370.1153100000001,5478.6079600000003
272.30000000000001,5450,1.01,1,5396.0396000000001,5450,1,1,5450,5450,0.98999999999999999,1,5505.05051,5450.36337,54.506359000000003,31.469260999999999,5395.8570099999997,5504.8697300000003
272.39999999999998,5482,1.01,1,5427.7227700000003,5482,1,1,5482,5482,0.98999999999999999,1,5537.37374,5482.3654999999999,54.826396299999999,31.6540347,5427.5391099999997,5537.1918999999998
272.5,5510,1.01,1,5455.4455399999997,5510,1,1,5510,5510,0.98999999999999999,1,5565.6565700000001,5510.3673699999999,55.106428999999999,31.8157116,5455.2609400000001,5565.4737999999998
272.60000000000002,5540,1.01,1,5485.14851,5540,1,1,5540,5540,0.98999999999999999,1,5595.9596000000001,5540.3693700000003,55.406464,31.988936899999999,5484.9629100000002,5595.7758299999996
272.69999999999999,5570,1.01,1,5514.85149,5570,1,1,5570,5570,0.98999999999999999,1,5626.2626300000002,5570.3713699999998,55.706499000000001,32.162162199999997,5514.6648699999996,5626.0778700000001
272.80000000000001,5602,1.01,1,5546.5346499999996,5602,1,1,5602,5602,0.98999999999999999,1,5658.5858600000001,5602.3734999999997,56.026536299999997,32.346935799999997,5546.3469699999996,5658.4000400000004
272.89999999999998,5629,1.01,1,5573.2673299999997,5629,1,1,5629,5629,0.98999999999999999,1,5685.8585899999998,5629.3752999999997,56.296567799999998,32.502838599999997,5573.0787399999999,5685.6718700000001
273,5659,1.01,1,5602.9703,5659,1,1,5659,5659,0.98999999999999999,1,5716.1616199999999,5659.3773000000001,56.596602799999999,32.676063900000003,5602.7807000000003,5715.9739099999997
273.10000000000002,5688,1.01,1,5631.6831700000002,5688,1,1,5688,5688,0.98999999999999999,1,5745.4545500000004,5688.3792400000002,56.886636699999997,32.843514999999996,5631.4925999999996,5745.2658700000002
273.19999999999999,5719,1.01,1,5662.3762399999996,5719,1,1,5719,5719,0.98999999999999999,1,5776.7676799999999,5719.3813,57.196672800000002,33.0225145,5662.1846299999997,5776.57798
273.30000000000001,5751,1.01,1,5694.0594099999998,5751,1,1,5751,5751,0.98999999999999999,1,5809.0909099999999,5751.3834399999996,57.516710199999999,33.2072881,5693.8667299999997,5808.9001500000004
273.39999999999998,5779,1.01,1,5721.7821800000002,5779,1,1,5779,5779,0.98999999999999999,1,5837.37374,5779.3853099999997,57.796742799999997,33.368965000000003,5721.5885600000001,5837.1820500000003
273.5,5811,1.01,1,5753.4653500000004,5811,1,1,5811,5811,0.98999999999999999,1,5869.69697,5811.3874400000004,58.116780200000001,33.553738699999997,5753.2706600000001,5869.5042199999998
273.60000000000002,5840,1.01,1,5782.1782199999998,5840,1,1,5840,5840,0.98999999999999999,1,5898.9898999999996,5840.3893699999999,58.406813999999997,33.721189799999998,5781.9825600000004,5898.79619
273.69999999999999,5872,1.01,1,5813.86139,5872,1,1,5872,5872,0.98999999999999999,1,5931.3131299999995,5872.3915100000004,58.7268513,33.905963399999997,5813.6646499999997,5931.1183600000004
273.80000000000001,5903,1.01,1,5844.5544600000003,5903,1,1,5903,5903,0.98999999999999999,1,5962.62626,5903.3935700000002,59.036887499999999,34.084962900000001,5844.3566899999996,5962.4304599999996
273.89999999999998,5936,1.01,1,5877.2277199999999,5936,1,1,5936,5936,0.98999999999999999,1,5995.9596000000001,5936.3957700000001,59.366925999999999,34.275510699999998,5877.0288499999997,5995.7627000000002
274,5966,1.01,1,5906.9306900000001,5966,1,1,5966,5966,0.98999999999999999,1,6026.2626300000002,5966.3977699999996,59.666961000000001,34.448735999999997,5906.73081,6026.0647300000001
274.10000000000002,5999,1.01,1,5939.6039600000004,5999,1,1,5999,5999,0.98999999999999999,1,6059.5959599999996,5999.3999700000004,59.996999500000001,34.639283800000001,5939.4029700000001,6059.3969699999998
274.19999999999999,6030,1.01,1,5970.2970299999997,6030,1,1,6030,6030,0.98999999999999999,1,6090.9090900000001,6030.4020399999999,60.3070357,34.818283299999997,5970.0950000000003,6090.7090799999996
274.30000000000001,6062,1.01,1,6001.9802,6062,1,1,6062,6062,0.98999999999999999,1,6123.2323200000001,6062.4041699999998,60.627073000000003,35.003056899999997,6001.7771000000002,6123.03125
274.39999999999998,6093,1.01,1,6032.6732700000002,6093,1,1,6093,6093,0.98999999999999999,1,6154.5454499999996,6093.4062400000003,60.937109200000002,35.1820564,6032.4691300000004,6154.3433500000001
274.5,6126,1.01,1,6065.3465299999998,6126,1,1,6126,6126,0.98999999999999999,1,6187.8787899999998,6126.4084400000002,61.267147700000002,35.372604199999998,6065.1412899999996,6187.6755899999998
274.60000000000002,6157,1.01,1,6096.0396000000001,6157,1,1,6157,6157,0.98999999999999999,1,6219.1919200000002,6157.4105099999997,61.577183900000001,35.551603700000001,6095.8333199999997,6218.9876899999999
274.69999999999999,6187,1.01,1,6125.7425700000003,6187,1,1,6187,6187,0.98999999999999999,1,6249.4949500000002,6187.4125100000001,61.877218900000003,35.724829,6125.5352899999998,6249.2897300000004
274.80000000000001,6223,1.01,1,6161.3861399999996,6223,1,1,6223,6223,0.98999999999999999,1,6285.8585899999998,6223.4149100000004,62.237260900000003,35.932699300000003,6161.1776499999996,6285.6521700000003
274.89999999999998,6254,1.01,1,6192.0792099999999,6254,1,1,6254,6254,0.98999999999999999,1,6317.1717200000003,6254.41698,62.547297100000002,36.111698799999999,6191.8696799999998,6316.9642700000004
275,6291,1.01,1,6228.7128700000003,6291,1,1,6291,6291,0.98999999999999999,1,6354.5454499999996,6291.4194399999997,62.917340199999998,36.3253433,6228.5020999999997,6354.3367799999996
275.10000000000002,6322,1.01,1,6259.4059399999996,6322,1,1,6322,6322,0.98999999999999999,1,6385.8585899999998,6322.4215100000001,63.227376399999997,36.504342800000003,6259.1941299999999,6385.6488900000004
275.19999999999999,6355,1.01,1,6292.0792099999999,6355,1,1,6355,6355,0.98999999999999999,1,6419.1919200000002,6355.42371,63.557414899999998,36.694890600000001,6291.8662899999999,6418.9811200000004
275.30000000000001,6388,1.01,1,6324.7524800000001,6388,1,1,6388,6388,0.98999999999999999,1,6452.5252499999997,6388.4259099999999,63.887453399999998,36.885438399999998,6324.5384599999998,6452.3133600000001
275.39999999999998,6425,1.01,1,6361.3861399999996,6425,1,1,6425,6425,0.98999999999999999,1,6489.8989899999997,6425.4283800000003,64.257496599999996,37.099082899999999,6361.1708799999997,6489.6858700000003
275.5,6457,1.01,1,6393.0693099999999,6457,1,1,6457,6457,0.98999999999999999,1,6522.2222199999997,6457.4305100000001,64.577533900000006,37.2838566,6392.8529799999997,6522.0080399999997
275.60000000000002,6489,1.01,1,6424.7524800000001,6489,1,1,6489,6489,0.98999999999999999,1,6554.5454499999996,6489.43264,64.897571200000002,37.4686302,6424.5350699999999,6554.3302100000001
275.69999999999999,6524,1.01,1,6459.4059399999996,6524,1,1,6524,6524,0.98999999999999999,1,6589.8989899999997,6524.43498,65.247612099999998,37.6707264,6459.1873599999999,6589.6825900000003
275.80000000000001,6557,1.01,1,6492.0792099999999,6557,1,1,6557,6557,0.98999999999999999,1,6623.2323200000001,6557.4371799999999,65.577650599999998,37.861274199999997,6491.8595299999997,6623.0148300000001
275.89999999999998,6591,1.01,1,6525.7425700000003,6591,1,1,6591,6591,0.98999999999999999,1,6657.5757599999997,6591.4394400000001,65.917690300000004,38.057596199999999,6525.5217499999999,6657.3571300000003
276,6625,1.01,1,6559.4059399999996,6625,1,1,6625,6625,0.98999999999999999,1,6691.9191899999996,6625.4417100000001,66.257729900000001,38.253918200000001,6559.1839799999998,6691.6994400000003
276.10000000000002,6660,1.01,1,6594.0594099999998,6660,1,1,6660,6660,0.98999999999999999,1,6727.2727299999997,6660.4440400000003,66.607770799999997,38.456014400000001,6593.8362699999998,6727.0518199999997
276.19999999999999,6690,1.01,1,6623.7623800000001,6690,1,1,6690,6690,0.98999999999999999,1,6757.5757599999997,6690.4460399999998,66.907805800000006,38.629239699999999,6623.5382399999999,6757.3538500000004
276.30000000000001,6728,1.01,1,6661.3861399999996,6728,1,1,6728,6728,0.98999999999999999,1,6795.9596000000001,6728.4485800000002,67.2878501,38.848658399999998,6661.1607299999996,6795.7364299999999
276.39999999999998,6763,1.01,1,6696.0396000000001,6763,1,1,6763,6763,0.98999999999999999,1,6831.3131299999995,6763.4509099999996,67.637890900000002,39.050754499999996,6695.8130199999996,6831.0888000000004
276.5,6798,1.01,1,6730.6930700000003,6798,1,1,6798,6798,0.98999999999999999,1,6866.6666699999996,6798.4532499999996,67.987931799999998,39.252850700000003,6730.4653099999996,6866.4411799999998
276.60000000000002,6830,1.01,1,6762.3762399999996,6830,1,1,6830,6830,0.98999999999999999,1,6898.9898999999996,6830.4553800000003,68.307969099999994,39.437624399999997,6762.1474099999996,6898.7633500000002
276.69999999999999,6872,1.01,1,6803.9603999999999,6872,1,1,6872,6872,0.98999999999999999,1,6941.4141399999999,6872.4581799999996,68.7280181,39.680139799999999,6803.7301600000001,6941.1862000000001
276.80000000000001,6905,1.01,1,6836.6336600000004,6905,1,1,6905,6905,0.98999999999999999,1,6974.7474700000002,6905.4603800000004,69.0580566,39.870687599999997,6836.4023200000001,6974.5184399999998
276.89999999999998,6939,1.01,1,6870.2970299999997,6939,1,1,6939,6939,0.98999999999999999,1,7009.0909099999999,6939.4626500000004,69.398096300000006,40.067009599999999,6870.0645500000001,7008.8607400000001
277,6976,1.01,1,6906.9306900000001,6976,1,1,6976,6976,0.98999999999999999,1,7046.4646499999999,6976.4651100000001,69.768139500000004,40.2806541,6906.69697,7046.2332500000002
277.10000000000002,7013,1.01,1,6943.5643600000003,7013,1,1,7013,7013,0.98999999999999999,1,7083.8383800000001,7013.4675800000005,70.138182599999993,40.4942986,6943.3293999999996,7083.6057600000004
277.19999999999999,7050,1.01,1,6980.1980199999998,7050,1,1,7050,7050,0.98999999999999999,1,7121.2121200000001,7050.4700499999999,70.508225800000005,40.707943200000003,6979.9618200000004,7120.9782699999996
277.30000000000001,7083,1.01,1,7012.87129,7083,1,1,7083,7083,0.98999999999999999,1,7154.5454499999996,7083.4722499999998,70.838264300000006,40.898491,7012.6339799999996,7154.3105100000002
277.39999999999998,7121,1.01,1,7050.4950500000004,7121,1,1,7121,7121,0.98999999999999999,1,7192.92929,7121.4747799999996,71.218308699999994,41.117909699999998,7050.2564700000003,7192.6930899999998
277.5,7152,1.01,1,7081.1881199999998,7152,1,1,7152,7152,0.98999999999999999,1,7224.2424199999996,7152.47685,71.528344799999999,41.296909100000001,7080.9485000000004,7224.0051899999999
277.60000000000002,7190,1.01,1,7118.8118800000002,7190,1,1,7190,7190,0.98999999999999999,1,7262.62626,7190.4793799999998,71.908389200000002,41.516327799999999,7118.5709900000002,7262.3877700000003
277.69999999999999,7228,1.01,1,7156.4356399999997,7228,1,1,7228,7228,0.98999999999999999,1,7301.0101000000004,7228.4819100000004,72.288433499999996,41.735746499999998,7156.1934799999999,7300.7703499999998
277.80000000000001,7266,1.01,1,7194.0594099999998,7266,1,1,7266,7266,0.98999999999999999,1,7339.3939399999999,7266.4844499999999,72.668477800000005,41.955165200000003,7193.8159699999997,7339.1529300000002
277.89999999999998,7302,1.01,1,7229.7029700000003,7302,1,1,7302,7302,0.98999999999999999,1,7375.7575800000004,7302.4868500000002,73.028519799999998,42.163035600000001,7229.4583300000004,7375.5153700000001
278,7341,1.01,1,7268.3168299999998,7341,1,1,7341,7341,0.98999999999999999,1,7415.1515200000003,7341.48945,73.418565299999997,42.388228499999997,7268.0708800000002,7414.9080100000001
278.10000000000002,7377,1.01,1,7303.9603999999999,7377,1,1,7377,7377,0.98999999999999999,1,7451.5151500000002,7377.4918500000003,73.778607399999999,42.5960988,7303.71324,7451.2704599999997
278.19999999999999,7414,1.01,1,7340.5940600000004,7414,1,1,7414,7414,0.98999999999999999,1,7488.8888900000002,7414.4943199999998,74.148650500000002,42.809743300000001,7340.3456699999997,7488.6429699999999
278.30000000000001,7454,1.01,1,7380.1980199999998,7454,1,1,7454,7454,0.98999999999999999,1,7529.2929299999996,7454.4969799999999,74.548697200000007,43.040710400000002,7379.9482900000003,7529.0456800000002
278.39999999999998,7489,1.01,1,7414.85149,7489,1,1,7489,7489,0.98999999999999999,1,7564.6464599999999,7489.4993199999999,74.898737999999994,43.242806600000002,7414.6005800000003,7564.3980499999998
278.5,7529,1.01,1,7454.4554500000004,7529,1,1,7529,7529,0.98999999999999999,1,7605.05051,7529.50198,75.298784699999999,43.473773600000001,7454.2031999999999,7604.8007699999998
278.60000000000002,7565,1.01,1,7490.0990099999999,7565,1,1,7565,7565,0.98999999999999999,1,7641.4141399999999,7565.5043800000003,75.658826700000006,43.681643999999999,7489.8455599999998,7641.1632099999997
278.69999999999999,7602,1.01,1,7526.7326700000003,7602,1,1,7602,7602,0.98999999999999999,1,7678.7878799999999,7602.5068499999998,76.028869900000004,43.895288499999999,7526.4779799999997,7678.5357199999999
278.80000000000001,7639,1.01,1,7563.3663399999996,7639,1,1,7639,7639,0.98999999999999999,1,7716.1616199999999,7639.5093200000001,76.398912999999993,44.108933,7563.1103999999996,7715.90823
278.89999999999998,7678,1.01,1,7601.9802,7678,1,1,7678,7678,0.98999999999999999,1,7755.5555599999998,7678.5119199999999,76.788958600000001,44.334125899999997,7601.7229600000001,7755.3008799999998
279,7717,1.01,1,7640.5940600000004,7717,1,1,7717,7717,0.98999999999999999,1,7794.94949,7717.5145199999997,77.1790041,44.5593188,7640.3355099999999,7794.6935199999998
279.10000000000002,7758,1.01,1,7681.1881199999998,7758,1,1,7758,7758,0.98999999999999999,1,7836.3636399999996,7758.5172499999999,77.589051900000001,44.796059999999997,7680.9282000000003,7836.1063000000004
279.19999999999999,7793,1.01,1,7715.8415800000002,7793,1,1,7793,7793,0.98999999999999999,1,7871.7171699999999,7793.5195899999999,77.939092700000003,44.998156199999997,7715.5804900000003,7871.4586799999997
279.30000000000001,7838,1.01,1,7760.3960399999996,7838,1,1,7838,7838,0.98999999999999999,1,7917.1717200000003,7838.5225899999996,78.389145200000002,45.257994099999998,7760.1334399999996,7916.9117299999998
279.39999999999998,7877,1.01,1,7799.0099,7877,1,1,7877,7877,0.98999999999999999,1,7956.5656600000002,7877.5251900000003,78.779190700000001,45.483187000000001,7798.7460000000001,7956.3043799999996
279.5,7914,1.01,1,7835.6435600000004,7914,1,1,7914,7914,0.98999999999999999,1,7993.9393899999995,7914.52765,79.149233899999999,45.696831500000002,7835.37842,7993.6768899999997
279.60000000000002,7953,1.01,1,7874.2574299999997,7953,1,1,7953,7953,0.98999999999999999,1,8033.3333300000004,7953.5302499999998,79.539279399999998,45.922024399999998,7873.9909699999998,8033.0695299999998
279.69999999999999,7992,1.01,1,7912.87129,7992,1,1,7992,7992,0.98999999999999999,1,8072.7272700000003,7992.5328499999996,79.929324899999997,46.147217300000001,7912.6035300000003,8072.4621800000004
279.80000000000001,8032,1.01,1,7952.4752500000004,8032,1,1,8032,8032,0.98999999999999999,1,8113.1313099999998,8032.5355200000004,80.329371600000002,46.378184300000001,7952.20615,8112.8648899999998
279.89999999999998,8071,1.01,1,7991.0891099999999,8071,1,1,8071,8071,0.98999999999999999,1,8152.5252499999997,8071.5381200000002,80.719417100000001,46.603377199999997,7990.8186999999998,8152.2575399999996
280,8112,1.01,1,8031.6831700000002,8112,1,1,8112,8112,0.98999999999999999,1,8193.9393899999995,8112.5408500000003,81.129464900000002,46.840118400000001,8031.4113900000002,8193.6703199999993
280.10000000000002,8149,1.01,1,8068.3168299999998,8149,1,1,8149,8149,0.98999999999999999,1,8231.3131300000005,8149.5433199999998,81.4995081,47.053762900000002,8068.0438100000001,8231.0428300000003
280.19999999999999,8188,1.01,1,8106.9306900000001,8188,1,1,8188,8188,0.98999999999999999,1,8270.7070700000004,8188.5459199999996,81.889553599999999,47.278955799999999,8106.6563699999997,8270.4354700000004
280.30000000000001,8228,1.01,1,8146.5346499999996,8228,1,1,8228,8228,0.98999999999999999,1,8311.1111099999998,8228.5485900000003,82.289600300000004,47.509922899999999,8146.2589900000003,8310.8381900000004
280.39999999999998,8273,1.01,1,8191.0891099999999,8273,1,1,8273,8273,0.98999999999999999,1,8356.5656600000002,8273.5515899999991,82.739652800000002,47.7697608,8190.8119399999996,8356.2912400000005
280.5,8311,1.01,1,8228.7128699999994,8311,1,1,8311,8311,0.98999999999999999,1,8394.9494900000009,8311.5541200000007,83.119697099999996,47.989179499999999,8228.4344199999996,8394.67382
280.60000000000002,8356,1.01,1,8273.2673300000006,8356,1,1,8356,8356,0.98999999999999999,1,8440.4040399999994,8356.5571199999995,83.569749599999994,48.2490174,8272.9873700000007,8440.1268700000001
280.69999999999999,8395,1.01,1,8311.8811900000001,8395,1,1,8395,8395,0.98999999999999999,1,8479.7979799999994,8395.5597199999993,83.959795099999994,48.474210300000003,8311.5999300000003,8479.5195199999998
280.80000000000001,8436,1.01,1,8352.4752499999995,8436,1,1,8436,8436,0.98999999999999999,1,8521.2121200000001,8436.5624599999992,84.369843000000003,48.710951600000001,8352.1926100000001,8520.9323000000004
280.89999999999998,8474,1.01,1,8390.0990099999999,8474,1,1,8474,8474,0.98999999999999999,1,8559.5959600000006,8474.5649900000008,84.749887299999997,48.9303703,8389.8150999999998,8559.3148799999999
281,8517,1.01,1,8432.6732699999993,8517,1,1,8517,8517,0.98999999999999999,1,8603.0303000000004,8517.5678599999992,85.179937499999994,49.178659799999998,8432.3879199999992,8602.7477899999994
281.10000000000002,8557,1.01,1,8472.2772299999997,8557,1,1,8557,8557,0.98999999999999999,1,8643.4343399999998,8557.5705199999993,85.579984199999998,49.409626899999999,8471.9905400000007,8643.1505099999995
281.19999999999999,8595,1.01,1,8509.9009900000001,8595,1,1,8595,8595,0.98999999999999999,1,8681.8181800000002,8595.5730600000006,85.960028500000007,49.629045599999998,8509.6130300000004,8681.5330900000008
281.30000000000001,8641,1.01,1,8555.4455400000006,8641,1,1,8641,8641,0.98999999999999999,1,8728.2828300000001,8641.5761199999997,86.420082199999996,49.894657700000003,8555.1560399999998,8727.9962099999993
281.39999999999998,8681,1.01,1,8595.0494999999992,8681,1,1,8681,8681,0.98999999999999999,1,8768.6868699999995,8681.5787899999996,86.820128800000006,50.125624799999997,8594.7586599999995,8768.3989199999996
281.5,8721,1.01,1,8634.6534699999993,8721,1,1,8721,8721,0.98999999999999999,1,8809.0909100000008,8721.5814599999994,87.220175499999996,50.356591799999997,8634.3612799999992,8808.8016299999999
281.60000000000002,8763,1.01,1,8676.2376199999999,8763,1,1,8763,8763,0.98999999999999999,1,8851.5151499999993,8763.5842599999996,87.640224500000002,50.599107199999999,8675.9440300000006,8851.2244800000008
281.69999999999999,8810,1.01,1,8722.7722799999992,8810,1,1,8810,8810,0.98999999999999999,1,8898.9899000000005,8810.5873900000006,88.110279300000002,50.870493500000002,8722.4771099999998,8898.6976699999996
281.80000000000001,8846,1.01,1,8758.4158399999997,8846,1,1,8846,8846,0.98999999999999999,1,8935.3535400000001,8846.58979,88.470321400000003,51.078363799999998,8758.1194699999996,8935.0601100000003
281.89999999999998,8892,1.01,1,8803.9603999999999,8892,1,1,8892,8892,0.98999999999999999,1,8981.8181800000002,8892.5928600000007,88.930374999999998,51.343975999999998,8803.6624800000009,8981.5232300000007
282,8935,1.01,1,8846.5346499999996,8935,1,1,8935,8935,0.98999999999999999,1,9025.2525299999998,8935.5957299999991,89.360425199999995,51.592265500000003,8846.2353000000003,9024.95615
282.10000000000002,8977,1.01,1,8888.1188099999999,8977,1,1,8977,8977,0.98999999999999999,1,9067.67677,8977.5985299999993,89.7804742,51.834780899999998,8887.8180499999999,9067.3790000000008
282.19999999999999,9017,1.01,1,8927.7227700000003,9017,1,1,9017,9017,0.98999999999999999,1,9108.0808099999995,9017.6011899999994,90.180520900000005,52.065747999999999,8927.4206699999995,9107.7817099999993
282.30000000000001,9061,1.01,1,8971.2871300000006,9061,1,1,9061,9061,0.98999999999999999,1,9152.5252500000006,9061.6041299999997,90.620572199999998,52.319811799999997,8970.9835500000008,9152.2247000000007
282.39999999999998,9103,1.01,1,9012.8712899999991,9103,1,1,9103,9103,0.98999999999999999,1,9194.9494900000009,9103.6069299999999,91.040621200000004,52.562327199999999,9012.5663100000002,9194.6475499999997
282.5,9142,1.01,1,9051.4851500000004,9142,1,1,9142,9142,0.98999999999999999,1,9234.3434300000008,9142.6095299999997,91.430666700000003,52.787520000000001,9051.17886,9234.0401899999997
282.60000000000002,9190,1.01,1,9099.0098999999991,9190,1,1,9190,9190,0.98999999999999999,1,9282.8282799999997,9190.6127300000007,91.910722699999994,53.064680500000001,9098.7020100000009,9282.5234500000006
282.69999999999999,9232,1.01,1,9140.5940599999994,9232,1,1,9232,9232,0.98999999999999999,1,9325.2525299999998,9232.6155299999991,92.3307717,53.307195900000004,9140.2847600000005,9324.9462999999996
282.80000000000001,9273,1.01,1,9181.1881200000007,9273,1,1,9273,9273,0.98999999999999999,1,9366.6666700000005,9273.6182599999993,92.740819599999995,53.543937100000001,9180.8774400000002,9366.3590800000002
282.89999999999998,9316,1.01,1,9223.7623800000001,9316,1,1,9316,9316,0.98999999999999999,1,9410.1010100000003,9316.6211299999995,93.170869699999997,53.792226700000001,9223.4502599999996,9409.7919999999995
283,9364,1.01,1,9271.2871300000006,9364,1,1,9364,9364,0.98999999999999999,1,9458.5858599999992,9364.6243300000006,93.650925700000002,54.069387200000001,9270.9734000000008,9458.2752500000006
283.10000000000002,9407,1.01,1,9313.86139,9407,1,1,9407,9407,0.98999999999999999,1,9502.0202000000008,9407.6272000000008,94.080975899999999,54.317676800000001,9313.5462200000002,9501.7081699999999
283.19999999999999,9454,1.01,1,9360.3960399999996,9454,1,1,9454,9454,0.98999999999999999,1,9549.4949500000002,9454.63033,94.551030800000007,54.589063099999997,9360.0792999999994,9549.1813600000005
283.30000000000001,9498,1.01,1,9403.9603999999999,9498,1,1,9498,9498,0.98999999999999999,1,9593.9393899999995,9498.6332600000005,94.9910821,54.8431268,9403.6421800000007,9593.62435
283.39999999999998,9542,1.01,1,9447.5247500000005,9542,1,1,9542,9542,0.98999999999999999,1,9638.3838400000004,9542.6362000000008,95.431133399999993,55.097190599999998,9447.2050600000002,9638.0673299999999
283.5,9585,1.01,1,9490.0990099999999,9585,1,1,9585,9585,0.98999999999999999,1,9681.8181800000002,9585.6390599999995,95.861183600000004,55.345480199999997,9489.7778799999996,9681.5002499999991
283.60000000000002,9632,1.01,1,9536.6336599999995,9632,1,1,9632,9632,0.98999999999999999,1,9729.2929299999996,9632.6422000000002,96.331238400000004,55.616866399999999,9536.3109600000007,9728.9734399999998
283.69999999999999,9673,1.01,1,9577.2277200000008,9673,1,1,9673,9673,0.98999999999999999,1,9770.7070700000004,9673.6449300000004,96.741286299999999,55.853607699999998,9576.9036400000005,9770.3862200000003
283.80000000000001,9717,1.01,1,9620.7920799999993,9717,1,1,9717,9717,0.98999999999999999,1,9815.1515199999994,9717.6478599999991,97.181337600000006,56.107671400000001,9620.4665299999997,9814.8292000000001
283.89999999999998,9760,1.01,1,9663.3663400000005,9760,1,1,9760,9760,0.98999999999999999,1,9858.5858599999992,9760.6507299999994,97.611387800000003,56.355961000000001,9663.0393399999994,9858.2621199999994
284,9808,1.01,1,9710.8910899999992,9808,1,1,9808,9808,0.98999999999999999,1,9907.07071,9808.6539300000004,98.091443799999993,56.633121500000001,9710.5624900000003,9906.7453800000003
284.10000000000002,9853,1.01,1,9755.4455400000006,9853,1,1,9853,9853,0.98999999999999999,1,9952.5252500000006,9853.6569299999992,98.541496300000006,56.892959400000002,9755.1154399999996,9952.1984300000004
284.19999999999999,9895,1.01,1,9797.0296999999991,9895,1,1,9895,9895,0.98999999999999999,1,9994.9494900000009,9895.6597299999994,98.961545299999997,57.135474799999997,9796.6981899999992,9994.6212799999994
284.30000000000001,9944,1.01,1,9845.5445500000005,9944,1,1,9944,9944,0.98999999999999999,1,10044.4444,9944.6630000000005,99.451602500000007,57.418409500000003,9845.2114000000001,10044.114600000001
284.39999999999998,9988,1.01,1,9889.1089100000008,9988,1,1,9988,9988,0.98999999999999999,1,10088.8889,9988.6659299999992,99.8916538,57.672473199999999,9888.7742799999996,10088.5576
284.5,10040,1.01,1,9940.5940599999994,10040,1,1,10040,10040,0.98999999999999999,1,10141.4141,10040.669400000001,100.411714,57.972730400000003,9940.2576900000004,10141.081099999999
284.60000000000002,10080,1.01,1,9980.1980199999998,10080,1,1,10080,10080,0.98999999999999999,1,10181.8182,10080.6721,100.811761,58.203697400000003,9979.86031,10181.4838
284.69999999999999,10130,1.01,1,10029.703,10130,1,1,10130,10130,0.98999999999999999,1,10232.323200000001,10130.6754,101.31182,58.492406299999999,10029.363600000001,10231.9872
284.80000000000001,10170,1.01,1,10069.3069,10170,1,1,10170,10170,0.98999999999999999,1,10272.7273,10170.678099999999,101.711866,58.723373299999999,10068.966200000001,10272.3899
284.89999999999998,10220,1.01,1,10118.811900000001,10220,1,1,10220,10220,0.98999999999999999,1,10323.2323,10220.681399999999,102.21192499999999,59.012082100000001,10118.469499999999,10322.8933
285,10260,1.01,1,10158.415800000001,10260,1,1,10260,10260,0.98999999999999999,1,10363.636399999999,10260.6841,102.611971,59.243049200000002,10158.072099999999,10363.296
285.10000000000002,10310,1.01,1,10207.9208,10310,1,1,10310,10310,0.98999999999999999,1,10414.1414,10310.687400000001,103.11203,59.531758000000004,10207.5754,10413.7994
285.19999999999999,10350,1.01,1,10247.524799999999,10350,1,1,10350,10350,0.98999999999999999,1,10454.5455,10350.6901,103.51207599999999,59.762725099999997,10247.178,10454.2021
285.30000000000001,10400,1.01,1,10297.029699999999,10400,1,1,10400,10400,0.98999999999999999,1,10505.050499999999,10400.6934,104.012135,60.051433899999999,10296.6813,10504.7055
285.39999999999998,10450,1.01,1,10346.5347,10450,1,1,10450,10450,0.98999999999999999,1,10555.5556,10450.6967,104.512193,60.340142700000001,10346.184499999999,10555.2089
285.5,10490,1.01,1,10386.1386,10490,1,1,10490,10490,0.98999999999999999,1,10595.9596,10490.6994,104.91224,60.571109700000001,10385.787200000001,10595.6116
285.60000000000002,10540,1.01,1,10435.643599999999,10540,1,1,10540,10540,0.98999999999999999,1,10646.464599999999,10540.7027,105.41229800000001,60.859818599999997,10435.2904,10646.115
285.69999999999999,10590,1.01,1,10485.148499999999,10590,1,1,10590,10590,0.98999999999999999,1,10696.9697,10590.706099999999,105.912356,61.148527399999999,10484.7937,10696.618399999999
285.80000000000001,10640,1.01,1,10534.6535,10640,1,1,10640,10640,0.98999999999999999,1,10747.474700000001,10640.7094,106.412415,61.437236200000001,10534.297,10747.121800000001
285.89999999999998,10680,1.01,1,10574.2574,10680,1,1,10680,10680,0.98999999999999999,1,10787.8788,10680.712100000001,106.812461,61.668203200000001,10573.899600000001,10787.5245
286,10730,1.01,1,10623.7624,10730,1,1,10730,10730,0.98999999999999999,1,10838.3838,10730.715399999999,107.31252000000001,61.956912099999997,10623.402899999999,10838.027899999999
286.10000000000002,10780,1.01,1,10673.2673,10780,1,1,10780,10780,0.98999999999999999,1,10888.8889,10780.718699999999,107.812578,62.245620899999999,10672.906199999999,10888.531300000001
286.19999999999999,10830,1.01,1,10722.772300000001,10830,1,1,10830,10830,0.98999999999999999,1,10939.393899999999,10830.722100000001,108.312636,62.534329700000001,10722.4094,10939.0347
286.30000000000001,10880,1.01,1,10772.2772,10880,1,1,10880,10880,0.98999999999999999,1,10989.898999999999,10880.725399999999,108.81269500000001,62.823038500000003,10771.912700000001,10989.5381
286.39999999999998,10920,1.01,1,10811.8812,10920,1,1,10920,10920,0.98999999999999999,1,11030.303,10920.7281,109.21274099999999,63.054005600000004,10811.515299999999,11029.9408
286.5,10970,1.01,1,10861.3861,10970,1,1,10970,10970,0.98999999999999999,1,11080.8081,10970.731400000001,109.7128,63.342714399999998,10861.018599999999,11080.4442
286.60000000000002,11010,1.01,1,10900.990100000001,11010,1,1,11010,11010,0.98999999999999999,1,11121.212100000001,11010.7341,110.112846,63.573681399999998,10900.6212,11120.8469
286.69999999999999,11070,1.01,1,10960.396000000001,11070,1,1,11070,11070,0.98999999999999999,1,11181.8182,11070.7381,110.71291600000001,63.920132000000002,10960.0252,11181.450999999999
286.80000000000001,11110,1.01,1,11000,11110,1,1,11110,11110,0.98999999999999999,1,11222.2222,11110.7407,111.11296299999999,64.151099099999996,10999.6278,11221.8537
286.89999999999998,11160,1.01,1,11049.504999999999,11160,1,1,11160,11160,0.98999999999999999,1,11272.7273,11160.7441,111.613021,64.439807900000005,11049.131100000001,11272.357099999999
287,11210,1.01,1,11099.009899999999,11210,1,1,11210,11210,0.98999999999999999,1,11323.2323,11210.7474,112.11308,64.7285167,11098.6343,11322.860500000001
287.10000000000002,11260,1.01,1,11148.5149,11260,1,1,11260,11260,0.98999999999999999,1,11373.7374,11260.750700000001,112.61313800000001,65.017225499999995,11148.1376,11373.3639
287.19999999999999,11310,1.01,1,11198.0198,11310,1,1,11310,11310,0.98999999999999999,1,11424.242399999999,11310.7541,113.113196,65.305934300000004,11197.6409,11423.8673
287.30000000000001,11360,1.01,1,11247.524799999999,11360,1,1,11360,11360,0.98999999999999999,1,11474.747499999999,11360.7574,113.613255,65.594643199999993,11247.144200000001,11474.370699999999
287.39999999999998,11400,1.01,1,11287.128699999999,11400,1,1,11400,11400,0.98999999999999999,1,11515.1515,11400.7601,114.013301,65.8256102,11286.746800000001,11514.7734
287.5,11450,1.01,1,11336.6337,11450,1,1,11450,11450,0.98999999999999999,1,11565.6566,11450.7634,114.51336000000001,66.114318999999995,11336.250099999999,11565.2768
287.60000000000002,11500,1.01,1,11386.1386,11500,1,1,11500,11500,0.98999999999999999,1,11616.161599999999,11500.7667,115.013418,66.403027800000004,11385.7533,11615.780199999999
287.69999999999999,11550,1.01,1,11435.643599999999,11550,1,1,11550,11550,0.98999999999999999,1,11666.6667,11550.7701,115.513476,66.691736700000007,11435.256600000001,11666.283600000001
287.80000000000001,11600,1.01,1,11485.148499999999,11600,1,1,11600,11600,0.98999999999999999,1,11717.171700000001,11600.7734,116.013535,66.980445500000002,11484.759899999999,11716.786899999999
287.89999999999998,11640,1.01,1,11524.752500000001,11640,1,1,11640,11640,0.98999999999999999,1,11757.575800000001,11640.776099999999,116.41358099999999,67.211412499999994,11524.362499999999,11757.189700000001
288,11700,1.01,1,11584.1584,11700,1,1,11700,11700,0.98999999999999999,1,11818.1818,11700.7801,117.013651,67.557863100000006,11583.7664,11817.7937
288.10000000000002,11740,1.01,1,11623.7624,11740,1,1,11740,11740,0.98999999999999999,1,11858.5859,11740.7827,117.413698,67.788830200000007,11623.369000000001,11858.196400000001
288.19999999999999,11800,1.01,1,11683.168299999999,11800,1,1,11800,11800,0.98999999999999999,1,11919.1919,11800.786700000001,118.013768,68.135280699999996,11682.772999999999,11918.800499999999
288.30000000000001,11840,1.01,1,11722.772300000001,11840,1,1,11840,11840,0.98999999999999999,1,11959.596,11840.7894,118.413815,68.366247799999996,11722.375599999999,11959.2032
288.39999999999998,11900,1.01,1,11782.1782,11900,1,1,11900,11900,0.98999999999999999,1,12020.201999999999,11900.7934,119.013885,68.712698399999994,11781.779500000001,12019.8073
288.5,11940,1.01,1,11821.7822,11940,1,1,11940,11940,0.98999999999999999,1,12060.606100000001,11940.7961,119.41393100000001,68.9436654,11821.382100000001,12060.209999999999
288.60000000000002,12000,1.01,1,11881.188099999999,12000,1,1,12000,12000,0.98999999999999999,1,12121.212100000001,12000.8001,120.01400099999999,69.290115999999998,11880.786099999999,12120.8141
288.69999999999999,12040,1.01,1,11920.792100000001,12040,1,1,12040,12040,0.98999999999999999,1,12161.6162,12040.8027,120.41404799999999,69.521083099999998,11920.3887,12161.2168
288.80000000000001,12090,1.01,1,11970.297,12090,1,1,12090,12090,0.98999999999999999,1,12212.1212,12090.8061,120.914106,69.809791899999993,11969.892,12211.7202
288.89999999999998,12140,1.01,1,12019.802,12140,1,1,12140,12140,0.98999999999999999,1,12262.6263,12140.8094,121.414165,70.098500700000002,12019.395200000001,12262.223599999999
289,12190,1.01,1,12069.3069,12190,1,1,12190,12190,0.98999999999999999,1,12313.131299999999,12190.8127,121.91422300000001,70.387209499999997,12068.898499999999,12312.727000000001
289.10000000000002,12240,1.01,1,12118.811900000001,12240,1,1,12240,12240,0.98999999999999999,1,12363.636399999999,12240.8161,122.414281,70.675918300000006,12118.4018,12363.2304
289.19999999999999,12280,1.01,1,12158.415800000001,12280,1,1,12280,12280,0.98999999999999999,1,12404.0404,12280.8187,122.814328,70.906885399999993,12158.0044,12403.633099999999
289.30000000000001,12340,1.01,1,12217.8218,12340,1,1,12340,12340,0.98999999999999999,1,12464.646500000001,12340.822700000001,123.41439800000001,71.253336000000004,12217.4084,12464.2371
289.39999999999998,12380,1.01,1,12257.4257,12380,1,1,12380,12380,0.98999999999999999,1,12505.050499999999,12380.8254,123.81444500000001,71.484302999999997,12257.011,12504.6399
289.5,12430,1.01,1,12306.930700000001,12430,1,1,12430,12430,0.98999999999999999,1,12555.5556,12430.8287,124.314503,71.773011800000006,12306.5142,12555.1433
289.60000000000002,12480,1.01,1,12356.435600000001,12480,1,1,12480,12480,0.98999999999999999,1,12606.060600000001,12480.8321,124.814561,72.061720600000001,12356.0175,12605.6466
289.69999999999999,12540,1.01,1,12415.8416,12540,1,1,12540,12540,0.98999999999999999,1,12666.6667,12540.8361,125.414631,72.408171199999998,12415.4215,12666.250700000001
289.80000000000001,12580,1.01,1,12455.4455,12580,1,1,12580,12580,0.98999999999999999,1,12707.0707,12580.8388,125.814678,72.639138299999999,12455.024100000001,12706.653399999999
289.89999999999998,12630,1.01,1,12504.950500000001,12630,1,1,12630,12630,0.98999999999999999,1,12757.575800000001,12630.8421,126.314736,72.927847099999994,12504.5273,12757.156800000001
290,12680,1.01,1,12554.455400000001,12680,1,1,12680,12680,0.98999999999999999,1,12808.0808,12680.8454,126.814795,73.216555900000003,12554.0306,12807.6602
290.10000000000002,12730,1.01,1,12603.9604,12730,1,1,12730,12730,0.98999999999999999,1,12858.5859,12730.8488,127.314853,73.505264699999998,12603.5339,12858.1636
290.19999999999999,12780,1.01,1,12653.4653,12780,1,1,12780,12780,0.98999999999999999,1,12909.090899999999,12780.8521,127.814911,73.793973500000007,12653.037200000001,12908.666999999999
290.30000000000001,12830,1.01,1,12702.970300000001,12830,1,1,12830,12830,0.98999999999999999,1,12959.596,12830.8554,128.31496999999999,74.082682399999996,12702.5404,12959.170400000001
290.39999999999998,12880,1.01,1,12752.475200000001,12880,1,1,12880,12880,0.98999999999999999,1,13010.101000000001,12880.8588,128.81502800000001,74.371391200000005,12752.0437,13009.6738
290.5,12930,1.01,1,12801.9802,12930,1,1,12930,12930,0.98999999999999999,1,13060.606100000001,12930.8621,129.31508600000001,74.6601,12801.547,13060.1772
290.60000000000002,12980,1.01,1,12851.4851,12980,1,1,12980,12980,0.98999999999999999,1,13111.1111,12980.865400000001,129.815145,74.948808799999995,12851.050300000001,13110.6806
290.69999999999999,13030,1.01,1,12900.990100000001,13030,1,1,13030,13030,0.98999999999999999,1,13161.6162,13030.8688,130.315203,75.237517600000004,12900.553599999999,13161.183999999999
290.80000000000001,13080,1.01,1,12950.495000000001,13080,1,1,13080,13080,0.98999999999999999,1,13212.1212,13080.872100000001,130.81526199999999,75.526226399999999,12950.0568,13211.6873
290.89999999999998,13130,1.01,1,13000,13130,1,1,13130,13130,0.98999999999999999,1,13262.6263,13130.875400000001,131.31532000000001,75.814935300000002,12999.560100000001,13262.190699999999
291,13180,1.01,1,13049.504999999999,13180,1,1,13180,13180,0.98999999999999999,1,13313.131299999999,13180.8788,131.81537800000001,76.103644099999997,13049.063399999999,13312.694100000001
291.10000000000002,13230,1.01,1,13099.009899999999,13230,1,1,13230,13230,0.98999999999999999,1,13363.636399999999,13230.882100000001,132.315437,76.392352900000006,13098.566699999999,13363.1975
291.19999999999999,13280,1.01,1,13148.5149,13280,1,1,13280,13280,0.98999999999999999,1,13414.1414,13280.885399999999,132.815495,76.681061700000001,13148.0699,13413.7009
291.30000000000001,13330,1.01,1,13198.0198,13330,1,1,13330,13330,0.98999999999999999,1,13464.646500000001,13330.888800000001,133.31555299999999,76.969770499999996,13197.573200000001,13464.204299999999
291.39999999999998,13390,1.01,1,13257.4257,13390,1,1,13390,13390,0.98999999999999999,1,13525.252500000001,13390.8928,133.91562300000001,77.316221100000007,13256.9771,13524.8084
291.5,13430,1.01,1,13297.029699999999,13430,1,1,13430,13430,0.98999999999999999,1,13565.6566,13430.895399999999,134.31567000000001,77.547188199999994,13296.5798,13565.2111
291.60000000000002,13470,1.01,1,13336.6337,13470,1,1,13470,13470,0.98999999999999999,1,13606.060600000001,13470.8981,134.71571700000001,77.7781552,13336.1824,13605.613799999999
291.69999999999999,13530,1.01,1,13396.0396,13530,1,1,13530,13530,0.98999999999999999,1,13666.6667,13530.902099999999,135.315787,78.124605799999998,13395.586300000001,13666.2179
291.80000000000001,13580,1.01,1,13445.544599999999,13580,1,1,13580,13580,0.98999999999999999,1,13717.171700000001,13580.9054,135.815845,78.413314600000007,13445.089599999999,13716.721299999999
291.89999999999998,13630,1.01,1,13495.049499999999,13630,1,1,13630,13630,0.98999999999999999,1,13767.676799999999,13630.908799999999,136.31590299999999,78.702023400000002,13494.5929,13767.224700000001
292,13680,1.01,1,13544.5545,13680,1,1,13680,13680,0.98999999999999999,1,13818.1818,13680.9121,136.81596200000001,78.990732199999997,13544.096100000001,13817.7281
292.10000000000002,13730,1.01,1,13594.0594,13730,1,1,13730,13730,0.98999999999999999,1,13868.686900000001,13730.9154,137.31602000000001,79.2794411,13593.599399999999,13868.231400000001
292.19999999999999,13780,1.01,1,13643.564399999999,13780,1,1,13780,13780,0.98999999999999999,1,13919.1919,13780.918799999999,137.816078,79.568149899999995,13643.102699999999,13918.7348
292.30000000000001,13830,1.01,1,13693.069299999999,13830,1,1,13830,13830,0.98999999999999999,1,13969.697,13830.9221,138.316137,79.856858700000004,13692.606,13969.2382
292.39999999999998,13880,1.01,1,13742.5743,13880,1,1,13880,13880,0.98999999999999999,1,14020.201999999999,13880.9254,138.81619499999999,80.145567499999999,13742.109200000001,14019.741599999999
292.5,13930,1.01,1,13792.0792,13930,1,1,13930,13930,0.98999999999999999,1,14070.7071,13930.9288,139.31625299999999,80.434276299999993,13791.612499999999,14070.245000000001
292.60000000000002,13980,1.01,1,13841.584199999999,13980,1,1,13980,13980,0.98999999999999999,1,14121.212100000001,13980.9321,139.81631200000001,80.722985100000002,13841.1158,14120.7484
292.69999999999999,14030,1.01,1,13891.089099999999,14030,1,1,14030,14030,0.98999999999999999,1,14171.717199999999,14030.9354,140.31637000000001,81.011694000000006,13890.6191,14171.2518
292.80000000000001,14080,1.01,1,13940.5941,14080,1,1,14080,14080,0.98999999999999999,1,14222.2222,14080.9388,140.816428,81.300402800000001,13940.122300000001,14221.7552
292.89999999999998,14120,1.01,1,13980.198,14120,1,1,14120,14120,0.98999999999999999,1,14262.6263,14120.9414,141.216475,81.531369799999993,13979.725,14262.1579
293,14180,1.01,1,14039.603999999999,14180,1,1,14180,14180,0.98999999999999999,1,14323.2323,14180.945400000001,141.81654499999999,81.877820400000004,14039.1289,14322.762000000001
293.10000000000002,14230,1.01,1,14089.108899999999,14230,1,1,14230,14230,0.98999999999999999,1,14373.7374,14230.9488,142.31660299999999,82.166529199999999,14088.6322,14373.2654
293.19999999999999,14280,1.01,1,14138.6139,14280,1,1,14280,14280,0.98999999999999999,1,14424.242399999999,14280.9521,142.81666200000001,82.455237999999994,14138.135399999999,14423.7688
293.30000000000001,14320,1.01,1,14178.2178,14320,1,1,14320,14320,0.98999999999999999,1,14464.646500000001,14320.9548,143.21670800000001,82.686205099999995,14177.7381,14464.1715
293.39999999999998,14380,1.01,1,14237.623799999999,14380,1,1,14380,14380,0.98999999999999999,1,14525.252500000001,14380.9588,143.816778,83.032655700000007,14237.142,14524.7755
293.5,14420,1.01,1,14277.227699999999,14420,1,1,14420,14420,0.98999999999999999,1,14565.6566,14420.9614,144.216825,83.263622699999999,14276.7446,14565.1783
293.60000000000002,14480,1.01,1,14336.6337,14480,1,1,14480,14480,0.98999999999999999,1,14626.2626,14480.965399999999,144.81689499999999,83.610073299999996,14336.148499999999,14625.782300000001
293.69999999999999,14520,1.01,1,14376.2376,14520,1,1,14520,14520,0.98999999999999999,1,14666.6667,14520.9681,145.21694199999999,83.841040399999997,14375.751200000001,14666.184999999999
293.80000000000001,14580,1.01,1,14435.643599999999,14580,1,1,14580,14580,0.98999999999999999,1,14727.2727,14580.972100000001,145.81701200000001,84.1874909,14435.1551,14726.7891
293.89999999999998,14630,1.01,1,14485.148499999999,14630,1,1,14630,14630,0.98999999999999999,1,14777.7778,14630.975399999999,146.31707,84.476199800000003,14484.6584,14777.2925
294,14680,1.01,1,14534.6535,14680,1,1,14680,14680,0.98999999999999999,1,14828.282800000001,14680.978800000001,146.817128,84.764908599999998,14534.161599999999,14827.795899999999
294.10000000000002,14730,1.01,1,14584.1584,14730,1,1,14730,14730,0.98999999999999999,1,14878.787899999999,14730.982099999999,147.31718699999999,85.053617399999993,14583.6649,14878.299300000001
294.19999999999999,14780,1.01,1,14633.663399999999,14780,1,1,14780,14780,0.98999999999999999,1,14929.2929,14780.9854,147.81724500000001,85.342326200000002,14633.1682,14928.8027
294.30000000000001,14830,1.01,1,14683.168299999999,14830,1,1,14830,14830,0.98999999999999999,1,14979.798000000001,14830.988799999999,148.31730300000001,85.631034999999997,14682.6715,14979.3061
294.39999999999998,14880,1.01,1,14732.6733,14880,1,1,14880,14880,0.98999999999999999,1,15030.303,14880.992099999999,148.817362,85.919743800000006,14732.1747,15029.809499999999
294.5,14930,1.01,1,14782.1782,14930,1,1,14930,14930,0.98999999999999999,1,15080.8081,14930.9954,149.31742,86.208452699999995,14781.678,15080.312900000001
294.60000000000002,14980,1.01,1,14831.683199999999,14980,1,1,14980,14980,0.98999999999999999,1,15131.313099999999,14980.998799999999,149.81747799999999,86.497161500000004,14831.1813,15130.816199999999
294.69999999999999,15030,1.01,1,14881.188099999999,15030,1,1,15030,15030,0.98999999999999999,1,15181.8182,15031.0021,150.31753699999999,86.785870299999999,14880.684600000001,15181.319600000001
294.80000000000001,15080,1.01,1,14930.6931,15080,1,1,15080,15080,0.98999999999999999,1,15232.323200000001,15081.0054,150.81759500000001,87.074579099999994,14930.1878,15231.823
294.89999999999998,15130,1.01,1,14980.198,15130,1,1,15130,15130,0.98999999999999999,1,15282.828299999999,15131.0088,151.31765300000001,87.363287900000003,14979.6911,15282.3264
295,15180,1.01,1,15029.703,15180,1,1,15180,15180,0.98999999999999999,1,15333.3333,15181.0121,151.817712,87.651996699999998,15029.1944,15332.8298
295.10000000000002,15230,1.01,1,15079.207899999999,15230,1,1,15230,15230,0.98999999999999999,1,15383.838400000001,15231.0154,152.31777,87.940705600000001,15078.697700000001,15383.333199999999
295.19999999999999,15280,1.01,1,15128.7129,15280,1,1,15280,15280,0.98999999999999999,1,15434.3434,15281.0188,152.81782799999999,88.229414399999996,15128.2009,15433.836600000001
295.30000000000001,15340,1.01,1,15188.1188,15340,1,1,15340,15340,0.98999999999999999,1,15494.949500000001,15341.022800000001,153.41789800000001,88.575864999999993,15187.6049,15494.440699999999
295.39999999999998,15380,1.01,1,15227.7228,15380,1,1,15380,15380,0.98999999999999999,1,15535.353499999999,15381.0254,153.81794500000001,88.806832,15227.2075,15534.8434
295.5,15430,1.01,1,15277.227699999999,15430,1,1,15430,15430,0.98999999999999999,1,15585.8586,15431.0288,154.318003,89.095540799999995,15276.710800000001,15585.346799999999
295.60000000000002,15490,1.01,1,15336.6337,15490,1,1,15490,15490,0.98999999999999999,1,15646.464599999999,15491.032800000001,154.91807299999999,89.441991400000006,15336.1147,15645.950800000001
295.69999999999999,15540,1.01,1,15386.1386,15540,1,1,15540,15540,0.98999999999999999,1,15696.9697,15541.036099999999,155.41813200000001,89.730700200000001,15385.618,15696.4542
295.80000000000001,15590,1.01,1,15435.643599999999,15590,1,1,15590,15590,0.98999999999999999,1,15747.474700000001,15591.0394,155.91819000000001,90.019408999999996,15435.1212,15746.9576
295.89999999999998,15640,1.01,1,15485.148499999999,15640,1,1,15640,15640,0.98999999999999999,1,15797.979799999999,15641.042799999999,156.41824800000001,90.308117899999999,15484.6245,15797.460999999999
296,15690,1.01,1,15534.6535,15690,1,1,15690,15690,0.98999999999999999,1,15848.4848,15691.0461,156.918307,90.596826699999994,15534.1278,15847.964400000001
296.10000000000002,15730,1.01,1,15574.2574,15730,1,1,15730,15730,0.98999999999999999,1,15888.8889,15731.0488,157.318353,90.827793700000001,15573.7304,15888.367099999999
296.19999999999999,15790,1.01,1,15633.663399999999,15790,1,1,15790,15790,0.98999999999999999,1,15949.4949,15791.052799999999,157.91842299999999,91.174244299999998,15633.1343,15948.9712
296.30000000000001,15840,1.01,1,15683.168299999999,15840,1,1,15840,15840,0.98999999999999999,1,16000,15841.0561,158.41848200000001,91.462953099999993,15682.6376,15999.4746
296.39999999999998,15890,1.01,1,15732.6733,15890,1,1,15890,15890,0.98999999999999999,1,16050.5051,15891.0594,158.91854000000001,91.751661900000002,15732.1409,16049.977999999999
296.5,15940,1.01,1,15782.1782,15940,1,1,15940,15940,0.98999999999999999,1,16101.0101,15941.0628,159.418599,92.040370800000005,15781.644200000001,16100.481400000001
296.60000000000002,16000,1.01,1,15841.584199999999,16000,1,1,16000,16000,0.98999999999999999,1,16161.6162,16001.066800000001,160.01866899999999,92.386821299999994,15841.0481,16161.0854
296.69999999999999,16050,1.01,1,15891.089099999999,16050,1,1,16050,16050,0.98999999999999999,1,16212.1212,16051.070100000001,160.51872700000001,92.675530199999997,15890.5514,16211.5888
296.80000000000001,16090,1.01,1,15930.6931,16090,1,1,16090,16090,0.98999999999999999,1,16252.525299999999,16091.0728,160.91877400000001,92.906497200000004,15930.154,16251.9915
296.89999999999998,16150,1.01,1,15990.099,16150,1,1,16150,16150,0.98999999999999999,1,16313.131299999999,16151.076800000001,161.518844,93.252947800000001,15989.5579,16312.595600000001
297,16200,1.01,1,16039.603999999999,16200,1,1,16200,16200,0.98999999999999999,1,16363.636399999999,16201.080099999999,162.018902,93.541656599999996,16039.0612,16363.099
297.10000000000002,16250,1.01,1,16089.108899999999,16250,1,1,16250,16250,0.98999999999999999,1,16414.1414,16251.0834,162.51895999999999,93.830365400000005,16088.5645,16413.6024
297.19999999999999,16290,1.01,1,16128.7129,16290,1,1,16290,16290,0.98999999999999999,1,16454.5455,16291.0861,162.91900699999999,94.061332500000006,16128.167100000001,16454.005099999998
297.30000000000001,16350,1.01,1,16188.1188,16350,1,1,16350,16350,0.98999999999999999,1,16515.1515,16351.090099999999,163.51907700000001,94.407783100000003,16187.571,16514.609199999999
297.39999999999998,16400,1.01,1,16237.623799999999,16400,1,1,16400,16400,0.98999999999999999,1,16565.656599999998,16401.093400000002,164.01913500000001,94.696491899999998,16237.0743,16565.1126
297.5,16450,1.01,1,16287.128699999999,16450,1,1,16450,16450,0.98999999999999999,1,16616.161599999999,16451.096799999999,164.519194,94.985200699999993,16286.577600000001,16615.616000000002
297.60000000000002,16500,1.01,1,16336.6337,16500,1,1,16500,16500,0.98999999999999999,1,16666.666700000002,16501.1001,165.01925199999999,95.273909500000002,16336.080900000001,16666.1194
297.69999999999999,16560,1.01,1,16396.0396,16560,1,1,16560,16560,0.98999999999999999,1,16727.272700000001,16561.1041,165.61932200000001,95.620360099999999,16395.484799999998,16726.723399999999
297.80000000000001,16600,1.01,1,16435.643599999999,16600,1,1,16600,16600,0.98999999999999999,1,16767.676800000001,16601.106800000001,166.01936900000001,95.851327100000006,16435.0874,16767.126100000001
297.89999999999998,16660,1.01,1,16495.049500000001,16660,1,1,16660,16660,0.98999999999999999,1,16828.282800000001,16661.110799999999,166.619439,96.197777700000003,16494.491300000002,16827.730200000002
298,16710,1.01,1,16544.554499999998,16710,1,1,16710,16710,0.98999999999999999,1,16878.787899999999,16711.114099999999,167.119497,96.486486499999998,16543.994600000002,16878.2336
298.10000000000002,16760,1.01,1,16594.059399999998,16760,1,1,16760,16760,0.98999999999999999,1,16929.2929,16761.117399999999,167.61955499999999,96.775195400000001,16593.497899999998,16928.737000000001
298.19999999999999,16810,1.01,1,16643.564399999999,16810,1,1,16810,16810,0.98999999999999999,1,16979.797999999999,16811.120800000001,168.11961400000001,97.063904199999996,16643.001199999999,16979.240399999999
298.30000000000001,16860,1.01,1,16693.069299999999,16860,1,1,16860,16860,0.98999999999999999,1,17030.303,16861.124100000001,168.61967200000001,97.352613000000005,16692.504400000002,17029.7438
298.39999999999998,16920,1.01,1,16752.475200000001,16920,1,1,16920,16920,0.98999999999999999,1,17090.909100000001,16921.128100000002,169.219742,97.699063600000002,16751.9084,17090.347900000001
298.5,16960,1.01,1,16792.0792,16960,1,1,16960,16960,0.98999999999999999,1,17131.313099999999,16961.130799999999,169.619789,97.930030599999995,16791.510999999999,17130.750599999999
298.60000000000002,17010,1.01,1,16841.584200000001,17010,1,1,17010,17010,0.98999999999999999,1,17181.818200000002,17011.134099999999,170.11984699999999,98.218739400000004,16841.014299999999,17181.254000000001
298.69999999999999,17060,1.01,1,16891.089100000001,17060,1,1,17060,17060,0.98999999999999999,1,17232.323199999999,17061.1374,170.61990499999999,98.507448299999993,16890.517500000002,17231.757399999999
298.80000000000001,17110,1.01,1,16940.594099999998,17110,1,1,17110,17110,0.98999999999999999,1,17282.828300000001,17111.140800000001,171.11996400000001,98.796157100000002,16940.020799999998,17282.260699999999
298.89999999999998,17170,1.01,1,17000,17170,1,1,17170,17170,0.98999999999999999,1,17343.434300000001,17171.144799999998,171.720034,99.142607699999999,16999.4247,17342.864799999999
299,17220,1.01,1,17049.505000000001,17220,1,1,17220,17220,0.98999999999999999,1,17393.939399999999,17221.148099999999,172.22009199999999,99.431316499999994,17048.928,17393.368200000001
299.10000000000002,17270,1.01,1,17099.009900000001,17270,1,1,17270,17270,0.98999999999999999,1,17444.4444,17271.151399999999,172.72014999999999,99.720025300000003,17098.4313,17443.871599999999
299.19999999999999,17330,1.01,1,17158.415799999999,17330,1,1,17330,17330,0.98999999999999999,1,17505.050500000001,17331.1554,173.32022000000001,100.06647599999999,17157.835200000001,17504.475699999999
299.30000000000001,17380,1.01,1,17207.9208,17380,1,1,17380,17380,0.98999999999999999,1,17555.5556,17381.158800000001,173.820279,100.35518500000001,17207.338500000002,17554.9791
299.39999999999998,17420,1.01,1,17247.524799999999,17420,1,1,17420,17420,0.98999999999999999,1,17595.959599999998,17421.161400000001,174.220325,100.586152,17246.9411,17595.381799999999
299.5,17460,1.01,1,17287.128700000001,17460,1,1,17460,17460,0.98999999999999999,1,17636.363600000001,17461.164100000002,174.620372,100.81711900000001,17286.543699999998,17635.784500000002
299.60000000000002,17520,1.01,1,17346.5347,17520,1,1,17520,17520,0.98999999999999999,1,17696.969700000001,17521.168099999999,175.22044199999999,101.163569,17345.947700000001,17696.388599999998
299.69999999999999,17570,1.01,1,17396.0396,17570,1,1,17570,17570,0.98999999999999999,1,17747.474699999999,17571.1715,175.72049999999999,101.45227800000001,17395.451000000001,17746.892
299.80000000000001,17620,1.01,1,17445.544600000001,17620,1,1,17620,17620,0.98999999999999999,1,17797.979800000001,17621.174800000001,176.22055900000001,101.740987,17444.9542,17797.3953
299.89999999999998,17670,1.01,1,17495.049500000001,17670,1,1,17670,17670,0.98999999999999999,1,17848.484799999998,17671.178100000001,176.720617,102.029696,17494.4575,17847.898700000002
300,17720,1.01,1,17544.554499999998,17720,1,1,17720,17720,0.98999999999999999,1,17898.9899,17721.181499999999,177.220675,102.318405,17543.960800000001,17898.402099999999
300.10000000000002,17770,1.01,1,17594.059399999998,17770,1,1,17770,17770,0.98999999999999999,1,17949.494900000002,17771.184799999999,177.72073399999999,102.607113,17593.464100000001,17948.905500000001
300.19999999999999,17820,1.01,1,17643.564399999999,17820,1,1,17820,17820,0.98999999999999999,1,18000,17821.188099999999,178.22079199999999,102.895822,17642.9673,17999.408899999999
300.30000000000001,17870,1.01,1,17693.069299999999,17870,1,1,17870,17870,0.98999999999999999,1,18050.505099999998,17871.191500000001,178.72085000000001,103.18453100000001,17692.470600000001,18049.9123
300.39999999999998,17920,1.01,1,17742.5743,17920,1,1,17920,17920,0.98999999999999999,1,18101.0101,17921.194800000001,179.22090900000001,103.47324,17741.973900000001,18100.415700000001
300.5,17970,1.01,1,17792.0792,17970,1,1,17970,17970,0.98999999999999999,1,18151.515200000002,17971.198100000001,179.720967,103.761949,17791.477200000001,18150.919099999999
300.60000000000002,18010,1.01,1,17831.683199999999,18010,1,1,18010,18010,0.98999999999999999,1,18191.9192,18011.200799999999,180.121014,103.99291599999999,17831.0798,18191.321800000002
300.69999999999999,18070,1.01,1,17891.089100000001,18070,1,1,18070,18070,0.98999999999999999,1,18252.525300000001,18071.2048,180.72108399999999,104.339366,17890.483700000001,18251.925899999998
300.80000000000001,18110,1.01,1,17930.6931,18110,1,1,18110,18110,0.98999999999999999,1,18292.9293,18111.2075,181.12112999999999,104.57033300000001,17930.086299999999,18292.328600000001
300.89999999999998,18160,1.01,1,17980.198,18160,1,1,18160,18160,0.98999999999999999,1,18343.434300000001,18161.210800000001,181.62118899999999,104.859042,17979.589599999999,18342.831999999999
301,18200,1.01,1,18019.802,18200,1,1,18200,18200,0.98999999999999999,1,18383.838400000001,18201.213500000002,182.02123499999999,105.09000899999999,18019.192200000001,18383.234700000001
301.10000000000002,18250,1.01,1,18069.3069,18250,1,1,18250,18250,0.98999999999999999,1,18434.343400000002,18251.216799999998,182.52129400000001,105.37871800000001,18068.695500000002,18433.738099999999
301.19999999999999,18300,1.01,1,18118.811900000001,18300,1,1,18300,18300,0.98999999999999999,1,18484.8485,18301.220099999999,183.02135200000001,105.667427,18118.198799999998,18484.2415
301.30000000000001,18340,1.01,1,18158.415799999999,18340,1,1,18340,18340,0.98999999999999999,1,18525.252499999999,18341.2228,183.42139900000001,105.898394,18157.8014,18524.644199999999
301.39999999999998,18390,1.01,1,18207.9208,18390,1,1,18390,18390,0.98999999999999999,1,18575.757600000001,18391.2261,183.921457,106.18710299999999,18207.304700000001,18575.1476
301.5,18440,1.01,1,18257.4257,18440,1,1,18440,18440,0.98999999999999999,1,18626.262599999998,18441.229500000001,184.421515,106.475812,18256.8079,18625.651000000002
301.60000000000002,18490,1.01,1,18306.930700000001,18490,1,1,18490,18490,0.98999999999999999,1,18676.7677,18491.232800000002,184.92157399999999,106.76452,18306.3112,18676.154399999999
301.69999999999999,18540,1.01,1,18356.435600000001,18540,1,1,18540,18540,0.98999999999999999,1,18727.272700000001,18541.236099999998,185.42163199999999,107.053229,18355.8145,18726.657800000001
301.80000000000001,18580,1.01,1,18396.0396,18580,1,1,18580,18580,0.98999999999999999,1,18767.676800000001,18581.238799999999,185.82167899999999,107.28419599999999,18395.417099999999,18767.0605
301.89999999999998,18630,1.01,1,18445.544600000001,18630,1,1,18630,18630,0.98999999999999999,1,18818.181799999998,18631.242099999999,186.32173700000001,107.57290500000001,18444.920399999999,18817.563900000001
302,18670,1.01,1,18485.148499999999,18670,1,1,18670,18670,0.98999999999999999,1,18858.585899999998,18671.2448,186.72178400000001,107.803872,18484.523000000001,18857.9666
302.10000000000002,18720,1.01,1,18534.6535,18720,1,1,18720,18720,0.98999999999999999,1,18909.090899999999,18721.248100000001,187.22184200000001,108.092581,18534.026300000001,18908.470000000001
302.19999999999999,18760,1.01,1,18574.257399999999,18760,1,1,18760,18760,0.98999999999999999,1,18949.494900000002,18761.250800000002,187.62188900000001,108.323548,18573.6289,18948.8727
302.30000000000001,18810,1.01,1,18623.7624,18810,1,1,18810,18810,0.98999999999999999,1,19000,18811.254099999998,188.12194700000001,108.612257,18623.1322,18999.376100000001
302.39999999999998,18850,1.01,1,18663.366300000002,18850,1,1,18850,18850,0.98999999999999999,1,19040.403999999999,18851.256799999999,188.52199400000001,108.84322400000001,18662.734799999998,19039.7788
302.5,18900,1.01,1,18712.871299999999,18900,1,1,18900,18900,0.98999999999999999,1,19090.909100000001,18901.2601,189.022052,109.131933,18712.238099999999,19090.282200000001
302.60000000000002,18940,1.01,1,18752.475200000001,18940,1,1,18940,18940,0.98999999999999999,1,19131.313099999999,18941.2628,189.422099,109.3629,18751.840700000001,19130.6849
302.69999999999999,18980,1.01,1,18792.0792,18980,1,1,18980,18980,0.98999999999999999,1,19171.717199999999,18981.265500000001,189.822146,109.593867,18791.443299999999,19171.087599999999
302.80000000000001,19020,1.01,1,18831.683199999999,19020,1,1,19020,19020,0.98999999999999999,1,19212.121200000001,19021.268100000001,190.22219200000001,109.824834,18831.045900000001,19211.490300000001
302.89999999999998,19060,1.01,1,18871.287100000001,19060,1,1,19060,19060,0.98999999999999999,1,19252.525300000001,19061.270799999998,190.62223900000001,110.055801,18870.6486,19251.893
303,19110,1.01,1,18920.792099999999,19110,1,1,19110,19110,0.98999999999999999,1,19303.030299999999,19111.274099999999,191.122297,110.34451,18920.1518,19302.396400000001
303.10000000000002,19150,1.01,1,18960.396000000001,19150,1,1,19150,19150,0.98999999999999999,1,19343.434300000001,19151.2768,191.522344,110.57547700000001,18959.754499999999,19342.7991
303.19999999999999,19200,1.01,1,19009.901000000002,19200,1,1,19200,19200,0.98999999999999999,1,19393.939399999999,19201.2801,192.022402,110.864186,19009.257699999998,19393.302500000002
303.30000000000001,19250,1.01,1,19059.405900000002,19250,1,1,19250,19250,0.98999999999999999,1,19444.4444,19251.283500000001,192.52246099999999,111.152894,19058.760999999999,19443.805899999999
303.39999999999998,19280,1.01,1,19089.108899999999,19280,1,1,19280,19280,0.98999999999999999,1,19474.747500000001,19281.285500000002,192.822496,111.32612,19088.463,19474.108
303.5,19320,1.01,1,19128.712899999999,19320,1,1,19320,19320,0.98999999999999999,1,19515.1515,19321.288100000002,193.222542,111.557087,19128.065600000002,19514.510699999999
303.60000000000002,19360,1.01,1,19168.316800000001,19360,1,1,19360,19360,0.98999999999999999,1,19555.5556,19361.290799999999,193.622589,111.788054,19167.6682,19554.913400000001
303.69999999999999,19410,1.01,1,19217.821800000002,19410,1,1,19410,19410,0.98999999999999999,1,19606.060600000001,19411.294099999999,194.122647,112.076763,19217.1715,19605.416799999999
303.80000000000001,19440,1.01,1,19247.524799999999,19440,1,1,19440,19440,0.98999999999999999,1,19636.363600000001,19441.2961,194.42268200000001,112.249988,19246.8734,19635.718799999999
303.89999999999998,19480,1.01,1,19287.128700000001,19480,1,1,19480,19480,0.98999999999999999,1,19676.7677,19481.2988,194.82272900000001,112.48095499999999,19286.4761,19676.121500000001
304,19530,1.01,1,19336.633699999998,19530,1,1,19530,19530,0.98999999999999999,1,19727.272700000001,19531.302100000001,195.32278700000001,112.76966400000001,19335.979299999999,19726.624899999999
304.10000000000002,19560,1.01,1,19366.336599999999,19560,1,1,19560,19560,0.98999999999999999,1,19757.575799999999,19561.304100000001,195.62282200000001,112.94288899999999,19365.6813,19756.927
304.19999999999999,19600,1.01,1,19405.940600000002,19600,1,1,19600,19600,0.98999999999999999,1,19797.979800000001,19601.306799999998,196.02286899999999,113.173856,19405.283899999999,19797.329699999998
304.30000000000001,19640,1.01,1,19445.544600000001,19640,1,1,19640,19640,0.98999999999999999,1,19838.3838,19641.309499999999,196.42291599999999,113.40482299999999,19444.886500000001,19837.732400000001
304.39999999999998,19690,1.01,1,19495.049500000001,19690,1,1,19690,19690,0.98999999999999999,1,19888.888900000002,19691.3128,196.92297400000001,113.693532,19494.389800000001,19888.235799999999
304.5,19720,1.01,1,19524.752499999999,19720,1,1,19720,19720,0.98999999999999999,1,19919.191900000002,19721.3148,197.22300899999999,113.86675700000001,19524.091799999998,19918.537799999998
304.60000000000002,19770,1.01,1,19574.257399999999,19770,1,1,19770,19770,0.98999999999999999,1,19969.697,19771.3181,197.72306699999999,114.155466,19573.595099999999,19969.0412
304.69999999999999,19800,1.01,1,19603.9604,19800,1,1,19800,19800,0.98999999999999999,1,20000,19801.320100000001,198.02310199999999,114.32869100000001,19603.296999999999,19999.343199999999
304.80000000000001,19830,1.01,1,19633.663400000001,19830,1,1,19830,19830,0.98999999999999999,1,20030.303,19831.322100000001,198.323137,114.50191700000001,19632.999,20029.6453
304.89999999999998,19870,1.01,1,19673.2673,19870,1,1,19870,19870,0.98999999999999999,1,20070.7071,19871.324799999999,198.723184,114.732884,19672.601600000002,20070.047999999999
305,19910,1.01,1,19712.871299999999,19910,1,1,19910,19910,0.98999999999999999,1,20111.111099999998,19911.327499999999,199.123231,114.96385100000001,19712.2042,20110.450700000001
305.10000000000002,19940,1.01,1,19742.5743,19940,1,1,19940,19940,0.98999999999999999,1,20141.414100000002,19941.3295,199.42326600000001,115.13707599999999,19741.906200000001,20140.752700000001
305.19999999999999,19990,1.01,1,19792.0792,19990,1,1,19990,19990,0.98999999999999999,1,20191.9192,19991.3328,199.92332400000001,115.425785,19791.409500000002,20191.256099999999
305.30000000000001,20020,1.01,1,19821.782200000001,20020,1,1,20020,20020,0.98999999999999999,1,20222.2222,20021.334800000001,200.22335899999999,115.59901000000001,19821.111400000002,20221.558199999999
305.39999999999998,20060,1.01,1,19861.3861,20060,1,1,20060,20060,0.98999999999999999,1,20262.6263,20061.337500000001,200.62340599999999,115.829977,19860.714100000001,20261.960899999998
305.5,20100,1.01,1,19900.990099999999,20100,1,1,20100,20100,0.98999999999999999,1,20303.030299999999,20101.340100000001,201.02345199999999,116.06094400000001,19900.316699999999,20302.363600000001
305.60000000000002,20130,1.01,1,19930.6931,20130,1,1,20130,20130,0.98999999999999999,1,20333.333299999998,20131.342100000002,201.323487,116.23417000000001,19930.018599999999,20332.6656
305.69999999999999,20170,1.01,1,19970.296999999999,20170,1,1,20170,20170,0.98999999999999999,1,20373.737400000002,20171.344799999999,201.723534,116.465137,19969.621299999999,20373.068299999999
305.80000000000001,20200,1.01,1,20000,20200,1,1,20200,20200,0.98999999999999999,1,20404.040400000002,20201.346799999999,202.02356900000001,116.638362,19999.323199999999,20403.3704
305.89999999999998,20240,1.01,1,20039.603999999999,20240,1,1,20240,20240,0.98999999999999999,1,20444.4444,20241.3495,202.42361600000001,116.86932899999999,20038.925899999998,20443.773099999999
306,20270,1.01,1,20069.3069,20270,1,1,20270,20270,0.98999999999999999,1,20474.747500000001,20271.351500000001,202.72365099999999,117.042554,20068.627799999998,20474.075099999998
306.10000000000002,20310,1.01,1,20108.910899999999,20310,1,1,20310,20310,0.98999999999999999,1,20515.1515,20311.3541,203.12369699999999,117.273521,20108.2304,20514.477800000001
306.19999999999999,20330,1.01,1,20128.712899999999,20330,1,1,20330,20330,0.98999999999999999,1,20535.353500000001,20331.355500000001,203.32372100000001,117.389005,20128.0317,20534.679199999999
306.30000000000001,20370,1.01,1,20168.316800000001,20370,1,1,20370,20370,0.98999999999999999,1,20575.757600000001,20371.358100000001,203.72376700000001,117.619972,20167.634399999999,20575.081900000001
306.39999999999998,20410,1.01,1,20207.9208,20410,1,1,20410,20410,0.98999999999999999,1,20616.161599999999,20411.360799999999,204.12381400000001,117.850939,20207.237000000001,20615.4846
306.5,20440,1.01,1,20237.623800000001,20440,1,1,20440,20440,0.98999999999999999,1,20646.464599999999,20441.362799999999,204.42384899999999,118.024164,20236.938999999998,20645.786700000001
306.60000000000002,20480,1.01,1,20277.227699999999,20480,1,1,20480,20480,0.98999999999999999,1,20686.868699999999,20481.3655,204.82389599999999,118.25513100000001,20276.5416,20686.189399999999
306.69999999999999,20500,1.01,1,20297.029699999999,20500,1,1,20500,20500,0.98999999999999999,1,20707.0707,20501.3668,205.02391900000001,118.370615,20296.3429,20706.3907
306.80000000000001,20540,1.01,1,20336.633699999998,20540,1,1,20540,20540,0.98999999999999999,1,20747.474699999999,20541.369500000001,205.42396600000001,118.60158199999999,20335.945500000002,20746.793399999999
306.89999999999998,20570,1.01,1,20366.336599999999,20570,1,1,20570,20570,0.98999999999999999,1,20777.7778,20571.371500000001,205.72400099999999,118.774807,20365.647499999999,20777.095499999999
307,20600,1.01,1,20396.0396,20600,1,1,20600,20600,0.98999999999999999,1,20808.0808,20601.373500000002,206.024036,118.948032,20395.349399999999,20807.397499999999
307.10000000000002,20640,1.01,1,20435.643599999999,20640,1,1,20640,20640,0.98999999999999999,1,20848.484799999998,20641.376100000001,206.424082,119.179,20434.952099999999,20847.800200000001
307.19999999999999,20670,1.01,1,20465.3465,20670,1,1,20670,20670,0.98999999999999999,1,20878.787899999999,20671.378100000002,206.72411700000001,119.352225,20464.653999999999,20878.102299999999
307.30000000000001,20710,1.01,1,20504.950499999999,20710,1,1,20710,20710,0.98999999999999999,1,20919.191900000002,20711.380799999999,207.12416400000001,119.583192,20504.256600000001,20918.505000000001
307.39999999999998,20740,1.01,1,20534.6535,20740,1,1,20740,20740,0.98999999999999999,1,20949.494900000002,20741.382799999999,207.42419899999999,119.756417,20533.958600000002,20948.807000000001
307.5,20770,1.01,1,20564.356400000001,20770,1,1,20770,20770,0.98999999999999999,1,20979.797999999999,20771.3848,207.724234,119.929642,20563.660599999999,20979.109
307.60000000000002,20810,1.01,1,20603.9604,20810,1,1,20810,20810,0.98999999999999999,1,21020.202000000001,20811.387500000001,208.124281,120.16061000000001,20603.263200000001,21019.5118
307.69999999999999,20840,1.01,1,20633.663400000001,20840,1,1,20840,20840,0.98999999999999999,1,21050.505099999998,20841.389500000001,208.424316,120.33383499999999,20632.965199999999,21049.8138
307.80000000000001,20860,1.01,1,20653.4653,20860,1,1,20860,20860,0.98999999999999999,1,21070.7071,20861.390800000001,208.62433899999999,120.44931800000001,20652.766500000002,21070.015100000001
307.89999999999998,20900,1.01,1,20693.069299999999,20900,1,1,20900,20900,0.98999999999999999,1,21111.111099999998,20901.393499999998,209.02438599999999,120.680285,20692.3691,21110.4179
308,20930,1.01,1,20722.772300000001,20930,1,1,20930,20930,0.98999999999999999,1,21141.414100000002,20931.395499999999,209.324421,120.853511,20722.071100000001,21140.7199
308.10000000000002,20960,1.01,1,20752.475200000001,20960,1,1,20960,20960,0.98999999999999999,1,21171.717199999999,20961.397499999999,209.62445600000001,121.026736,20751.773000000001,21171.0219
308.19999999999999,20990,1.01,1,20782.178199999998,20990,1,1,20990,20990,0.98999999999999999,1,21202.020199999999,20991.3995,209.92449099999999,121.199961,20781.474999999999,21201.324000000001
308.30000000000001,21020,1.01,1,20811.8812,21020,1,1,21020,21020,0.98999999999999999,1,21232.323199999999,21021.4015,210.224526,121.373187,20811.176899999999,21231.626
308.39999999999998,21060,1.01,1,20851.485100000002,21060,1,1,21060,21060,0.98999999999999999,1,21272.727299999999,21061.4041,210.624572,121.60415399999999,20850.779600000002,21272.028699999999
308.5,21090,1.01,1,20881.188099999999,21090,1,1,21090,21090,0.98999999999999999,1,21303.030299999999,21091.4061,210.92460700000001,121.777379,20880.481500000002,21302.330699999999
308.60000000000002,21120,1.01,1,20910.891100000001,21120,1,1,21120,21120,0.98999999999999999,1,21333.333299999998,21121.408100000001,211.22464199999999,121.950604,20910.183499999999,21332.632799999999
308.69999999999999,21160,1.01,1,20950.494999999999,21160,1,1,21160,21160,0.98999999999999999,1,21373.737400000002,21161.410800000001,211.62468899999999,122.18157100000001,20949.786100000001,21373.035500000002
308.80000000000001,21190,1.01,1,20980.198,21190,1,1,21190,21190,0.98999999999999999,1,21404.040400000002,21191.412799999998,211.924724,122.354797,20979.488099999999,21403.337500000001
308.89999999999998,21210,1.01,1,21000,21210,1,1,21210,21210,0.98999999999999999,1,21424.242399999999,21211.414100000002,212.12474700000001,122.47028,20999.289400000001,21423.5389
309,21250,1.01,1,21039.603999999999,21250,1,1,21250,21250,0.98999999999999999,1,21464.646499999999,21251.416799999999,212.52479400000001,122.701247,21038.892,21463.941599999998
309.10000000000002,21280,1.01,1,21069.3069,21280,1,1,21280,21280,0.98999999999999999,1,21494.949499999999,21281.418799999999,212.82482899999999,122.874472,21068.594000000001,21494.243600000002
309.19999999999999,21310,1.01,1,21099.009900000001,21310,1,1,21310,21310,0.98999999999999999,1,21525.252499999999,21311.4208,213.124864,123.047698,21098.295900000001,21524.545699999999
309.30000000000001,21340,1.01,1,21128.712899999999,21340,1,1,21340,21340,0.98999999999999999,1,21555.5556,21341.4228,213.42489900000001,123.220923,21127.997899999998,21554.847699999998
309.39999999999998,21370,1.01,1,21158.415799999999,21370,1,1,21370,21370,0.98999999999999999,1,21585.8586,21371.424800000001,213.72493399999999,123.394148,21157.6999,21585.149700000002
309.5,21400,1.01,1,21188.1188,21400,1,1,21400,21400,0.98999999999999999,1,21616.161599999999,21401.426800000001,214.024969,123.567374,21187.4018,21615.451799999999
309.60000000000002,21440,1.01,1,21227.7228,21440,1,1,21440,21440,0.98999999999999999,1,21656.565699999999,21441.429499999998,214.425016,123.79834099999999,21227.004499999999,21655.854500000001
309.69999999999999,21460,1.01,1,21247.524799999999,21460,1,1,21460,21460,0.98999999999999999,1,21676.7677,21461.430799999998,214.62503899999999,123.91382400000001,21246.805799999998,21676.055799999998
309.80000000000001,21490,1.01,1,21277.227699999999,21490,1,1,21490,21490,0.98999999999999999,1,21707.0707,21491.432799999999,214.925074,124.08704899999999,21276.507699999998,21706.357899999999
309.89999999999998,21520,1.01,1,21306.930700000001,21520,1,1,21520,21520,0.98999999999999999,1,21737.3737,21521.434799999999,215.225109,124.26027499999999,21306.209699999999,21736.659899999999
310,21560,1.01,1,21346.5347,21560,1,1,21560,21560,0.98999999999999999,1,21777.7778,21561.4375,215.625156,124.491242,21345.812300000001,21777.062600000001
310.10000000000002,21590,1.01,1,21376.2376,21590,1,1,21590,21590,0.98999999999999999,1,21808.0808,21591.4395,215.92519100000001,124.664467,21375.514299999999,21807.364699999998
310.19999999999999,21610,1.01,1,21396.0396,21610,1,1,21610,21610,0.98999999999999999,1,21828.282800000001,21611.4408,216.125214,124.779951,21395.315600000002,21827.565999999999
310.30000000000001,21650,1.01,1,21435.643599999999,21650,1,1,21650,21650,0.98999999999999999,1,21868.686900000001,21651.443500000001,216.525261,125.010918,21434.9182,21867.968700000001
310.39999999999998,21670,1.01,1,21455.445500000002,21670,1,1,21670,21670,0.98999999999999999,1,21888.888900000002,21671.444800000001,216.72528399999999,125.126401,21454.719499999999,21888.170099999999
310.5,21700,1.01,1,21485.148499999999,21700,1,1,21700,21700,0.98999999999999999,1,21919.191900000002,21701.446800000002,217.025319,125.299626,21484.4215,21918.472099999999
310.60000000000002,21740,1.01,1,21524.752499999999,21740,1,1,21740,21740,0.98999999999999999,1,21959.596000000001,21741.449499999999,217.425366,125.530593,21524.024099999999,21958.874800000001
310.69999999999999,21770,1.01,1,21554.455399999999,21770,1,1,21770,21770,0.98999999999999999,1,21989.899000000001,21771.451499999999,217.72540100000001,125.703819,21553.7261,21989.176899999999
310.80000000000001,21780,1.01,1,21564.356400000001,21780,1,1,21780,21780,0.98999999999999999,1,22000,21781.452099999999,217.825413,125.761561,21563.626700000001,21999.277600000001
310.89999999999998,21820,1.01,1,21603.9604,21820,1,1,21820,21820,0.98999999999999999,1,22040.403999999999,21821.4548,218.225459,125.99252799999999,21603.2294,22039.6803
311,21860,1.01,1,21643.564399999999,21860,1,1,21860,21860,0.98999999999999999,1,22080.808099999998,21861.4575,218.625506,126.223495,21642.831999999999,22080.082999999999
311.10000000000002,21890,1.01,1,21673.2673,21890,1,1,21890,21890,0.98999999999999999,1,22111.111099999998,21891.459500000001,218.92554100000001,126.39672,21672.533899999999,22110.384999999998
311.19999999999999,21920,1.01,1,21702.970300000001,21920,1,1,21920,21920,0.98999999999999999,1,22141.414100000002,21921.461500000001,219.22557599999999,126.569945,21702.2359,22140.687099999999
311.30000000000001,21950,1.01,1,21732.673299999999,21950,1,1,21950,21950,0.98999999999999999,1,22171.717199999999,21951.463500000002,219.525611,126.743171,21731.937900000001,22170.989099999999
311.39999999999998,21980,1.01,1,21762.376199999999,21980,1,1,21980,21980,0.98999999999999999,1,22202.020199999999,21981.465499999998,219.82564600000001,126.91639600000001,21761.639800000001,22201.291099999999
311.5,22000,1.01,1,21782.178199999998,22000,1,1,22000,22000,0.98999999999999999,1,22222.2222,22001.466799999998,220.02566899999999,127.031879,21781.4411,22221.4925
311.60000000000002,22040,1.01,1,21821.782200000001,22040,1,1,22040,22040,0.98999999999999999,1,22262.6263,22041.469499999999,220.42571599999999,127.262846,21821.043799999999,22261.895199999999
311.69999999999999,22060,1.01,1,21841.584200000001,22060,1,1,22060,22060,0.98999999999999999,1,22282.828300000001,22061.470799999999,220.62573900000001,127.37833000000001,21840.845099999999,22282.096600000001
311.80000000000001,22080,1.01,1,21861.3861,22080,1,1,22080,22080,0.98999999999999999,1,22303.030299999999,22081.472099999999,220.82576299999999,127.493813,21860.646400000001,22302.297900000001
311.89999999999998,22120,1.01,1,21900.990099999999,22120,1,1,22120,22120,0.98999999999999999,1,22343.434300000001,22121.4748,221.225809,127.72478099999999,21900.249,22342.7006
312,22140,1.01,1,21920.792099999999,22140,1,1,22140,22140,0.98999999999999999,1,22363.636399999999,22141.4761,221.42583300000001,127.840264,21920.050299999999,22362.901999999998
312.10000000000002,22170,1.01,1,21950.494999999999,22170,1,1,22170,22170,0.98999999999999999,1,22393.939399999999,22171.4781,221.72586799999999,128.01348899999999,21949.7523,22393.204000000002
312.19999999999999,22200,1.01,1,21980.198,22200,1,1,22200,22200,0.98999999999999999,1,22424.242399999999,22201.480100000001,222.025903,128.18671499999999,21979.4542,22423.506099999999
312.30000000000001,22230,1.01,1,22009.901000000002,22230,1,1,22230,22230,0.98999999999999999,1,22454.5455,22231.482100000001,222.32593800000001,128.35993999999999,22009.156200000001,22453.808099999998
312.39999999999998,22250,1.01,1,22029.703000000001,22250,1,1,22250,22250,0.98999999999999999,1,22474.747500000001,22251.483499999998,222.525961,128.47542300000001,22028.9575,22474.009399999999
312.5,22270,1.01,1,22049.505000000001,22270,1,1,22270,22270,0.98999999999999999,1,22494.949499999999,22271.484799999998,222.72598400000001,128.59090699999999,22048.7588,22494.210800000001
312.60000000000002,22310,1.01,1,22089.108899999999,22310,1,1,22310,22310,0.98999999999999999,1,22535.353500000001,22311.487499999999,223.12603100000001,128.82187400000001,22088.361499999999,22534.613499999999
312.69999999999999,22330,1.01,1,22108.910899999999,22330,1,1,22330,22330,0.98999999999999999,1,22555.5556,22331.488799999999,223.326054,128.93735799999999,22108.162799999998,22554.814900000001
312.80000000000001,22360,1.01,1,22138.6139,22360,1,1,22360,22360,0.98999999999999999,1,22585.8586,22361.4908,223.62608900000001,129.11058299999999,22137.864699999998,22585.116900000001
312.89999999999998,22390,1.01,1,22168.316800000001,22390,1,1,22390,22390,0.98999999999999999,1,22616.161599999999,22391.4928,223.92612399999999,129.28380799999999,22167.566699999999,22615.418900000001
313,22400,1.01,1,22178.217799999999,22400,1,1,22400,22400,0.98999999999999999,1,22626.262599999998,22401.4935,224.02613600000001,129.34155000000001,22177.4673,22625.5196
313.10000000000002,22430,1.01,1,22207.9208,22430,1,1,22430,22430,0.98999999999999999,1,22656.565699999999,22431.495500000001,224.32617099999999,129.51477499999999,22207.169300000001,22655.8217
313.19999999999999,22460,1.01,1,22237.623800000001,22460,1,1,22460,22460,0.98999999999999999,1,22686.868699999999,22461.497500000001,224.626206,129.68799999999999,22236.871299999999,22686.1237
313.30000000000001,22480,1.01,1,22257.4257,22480,1,1,22480,22480,0.98999999999999999,1,22707.0707,22481.498800000001,224.82622900000001,129.803484,22256.672600000002,22706.325000000001
313.39999999999998,22500,1.01,1,22277.227699999999,22500,1,1,22500,22500,0.98999999999999999,1,22727.272700000001,22501.500199999999,225.026253,129.91896800000001,22276.473900000001,22726.526399999999
313.5,22510,1.01,1,22287.128700000001,22510,1,1,22510,22510,0.98999999999999999,1,22737.3737,22511.500800000002,225.12626399999999,129.976709,22286.374599999999,22736.627100000002
313.60000000000002,22540,1.01,1,22316.831699999999,22540,1,1,22540,22540,0.98999999999999999,1,22767.676800000001,22541.502799999998,225.426299,130.149935,22316.076499999999,22766.929100000001
313.69999999999999,22580,1.01,1,22356.435600000001,22580,1,1,22580,22580,0.98999999999999999,1,22808.0808,22581.505499999999,225.826346,130.38090199999999,22355.679100000001,22807.3318
313.80000000000001,22590,1.01,1,22366.336599999999,22590,1,1,22590,22590,0.98999999999999999,1,22818.181799999998,22591.5062,225.92635799999999,130.43864300000001,22365.5798,22817.432499999999
313.89999999999998,22620,1.01,1,22396.0396,22620,1,1,22620,22620,0.98999999999999999,1,22848.484799999998,22621.5082,226.226393,130.61186900000001,22395.281800000001,22847.734499999999
314,22630,1.01,1,22405.940600000002,22630,1,1,22630,22630,0.98999999999999999,1,22858.585899999998,22631.5088,226.326404,130.66961000000001,22405.182400000002,22857.835200000001
314.10000000000002,22650,1.01,1,22425.742600000001,22650,1,1,22650,22650,0.98999999999999999,1,22878.787899999999,22651.510200000001,226.52642800000001,130.78509399999999,22424.983700000001,22878.036599999999
314.19999999999999,22670,1.01,1,22445.544600000001,22670,1,1,22670,22670,0.98999999999999999,1,22898.9899,22671.511500000001,226.726451,130.900577,22444.785,22898.2379
314.30000000000001,22690,1.01,1,22465.3465,22690,1,1,22690,22690,0.98999999999999999,1,22919.191900000002,22691.5128,226.92647400000001,131.01606100000001,22464.586299999999,22918.439299999998
314.39999999999998,22710,1.01,1,22485.148499999999,22710,1,1,22710,22710,0.98999999999999999,1,22939.393899999999,22711.514200000001,227.126498,131.13154499999999,22484.387699999999,22938.640599999999
314.5,22720,1.01,1,22495.049500000001,22720,1,1,22720,22720,0.98999999999999999,1,22949.494900000002,22721.514800000001,227.22650899999999,131.18928600000001,22494.2883,22948.741300000002
314.60000000000002,22750,1.01,1,22524.752499999999,22750,1,1,22750,22750,0.98999999999999999,1,22979.797999999999,22751.516800000001,227.526544,131.36251200000001,22523.990300000001,22979.043399999999
314.69999999999999,22760,1.01,1,22534.6535,22760,1,1,22760,22760,0.98999999999999999,1,22989.899000000001,22761.517500000002,227.62655599999999,131.420253,22533.890899999999,22989.144
314.80000000000001,22780,1.01,1,22554.455399999999,22780,1,1,22780,22780,0.98999999999999999,1,23010.100999999999,22781.518800000002,227.82657900000001,131.53573700000001,22553.692200000001,23009.345399999998
314.89999999999998,22800,1.01,1,22574.257399999999,22800,1,1,22800,22800,0.98999999999999999,1,23030.303,22801.520199999999,228.02660299999999,131.65122,22573.4935,23029.5468
315,22810,1.01,1,22584.1584,22810,1,1,22810,22810,0.98999999999999999,1,23040.403999999999,22811.520799999998,228.12661399999999,131.70896200000001,22583.394199999999,23039.647400000002
315.10000000000002,22810,1.01,1,22584.1584,22810,1,1,22810,22810,0.98999999999999999,1,23040.403999999999,22811.520799999998,228.12661399999999,131.70896200000001,22583.394199999999,23039.647400000002
315.19999999999999,22840,1.01,1,22613.861400000002,22840,1,1,22840,22840,0.98999999999999999,1,23070.7071,22841.522799999999,228.426649,131.88218699999999,22613.0962,23069.949499999999
315.30000000000001,22860,1.01,1,22633.663400000001,22860,1,1,22860,22860,0.98999999999999999,1,23090.909100000001,22861.5242,228.62667300000001,131.997671,22632.897499999999,23090.150799999999
315.39999999999998,22860,1.01,1,22633.663400000001,22860,1,1,22860,22860,0.98999999999999999,1,23090.909100000001,22861.5242,228.62667300000001,131.997671,22632.897499999999,23090.150799999999
315.5,22870,1.01,1,22643.564399999999,22870,1,1,22870,22870,0.98999999999999999,1,23101.0101,22871.524799999999,228.72668400000001,132.05541299999999,22642.7981,23100.251499999998
315.60000000000002,22870,1.01,1,22643.564399999999,22870,1,1,22870,22870,0.98999999999999999,1,23101.0101,22871.524799999999,228.72668400000001,132.05541299999999,22642.7981,23100.251499999998
315.69999999999999,22890,1.01,1,22663.366300000002,22890,1,1,22890,22890,0.98999999999999999,1,23121.212100000001,22891.5262,228.92670799999999,132.170896,22662.599399999999,23120.4529
315.80000000000001,22890,1.01,1,22663.366300000002,22890,1,1,22890,22890,0.98999999999999999,1,23121.212100000001,22891.5262,228.92670799999999,132.170896,22662.599399999999,23120.4529
315.89999999999998,22920,1.01,1,22693.069299999999,22920,1,1,22920,22920,0.98999999999999999,1,23151.515200000002,22921.528200000001,229.226743,132.344122,22692.3014,23150.7549
316,22910,1.01,1,22683.168300000001,22910,1,1,22910,22910,0.98999999999999999,1,23141.414100000002,22911.5275,229.12673100000001,132.28638000000001,22682.400799999999,23140.654200000001
316.10000000000002,22920,1.01,1,22693.069299999999,22920,1,1,22920,22920,0.98999999999999999,1,23151.515200000002,22921.528200000001,229.226743,132.344122,22692.3014,23150.7549
316.19999999999999,22930,1.01,1,22702.970300000001,22930,1,1,22930,22930,0.98999999999999999,1,23161.6162,22931.5288,229.32675399999999,132.40186299999999,22702.202099999999,23160.855599999999
316.30000000000001,22930,1.01,1,22702.970300000001,22930,1,1,22930,22930,0.98999999999999999,1,23161.6162,22931.5288,229.32675399999999,132.40186299999999,22702.202099999999,23160.855599999999
316.39999999999998,22930,1.01,1,22702.970300000001,22930,1,1,22930,22930,0.98999999999999999,1,23161.6162,22931.5288,229.32675399999999,132.40186299999999,22702.202099999999,23160.855599999999
316.5,22930,1.01,1,22702.970300000001,22930,1,1,22930,22930,0.98999999999999999,1,23161.6162,22931.5288,229.32675399999999,132.40186299999999,22702.202099999999,23160.855599999999
316.60000000000002,22940,1.01,1,22712.871299999999,22940,1,1,22940,22940,0.98999999999999999,1,23171.717199999999,22941.529500000001,229.42676599999999,132.45960500000001,22712.102699999999,23170.956300000002
316.69999999999999,22940,1.01,1,22712.871299999999,22940,1,1,22940,22940,0.98999999999999999,1,23171.717199999999,22941.529500000001,229.42676599999999,132.45960500000001,22712.102699999999,23170.956300000002
316.80000000000001,22930,1.01,1,22702.970300000001,22930,1,1,22930,22930,0.98999999999999999,1,23161.6162,22931.5288,229.32675399999999,132.40186299999999,22702.202099999999,23160.855599999999
316.89999999999998,22950,1.01,1,22722.772300000001,22950,1,1,22950,22950,0.98999999999999999,1,23181.818200000002,22951.530200000001,229.52677800000001,132.517347,22722.003400000001,23181.0569
317,22950,1.01,1,22722.772300000001,22950,1,1,22950,22950,0.98999999999999999,1,23181.818200000002,22951.530200000001,229.52677800000001,132.517347,22722.003400000001,23181.0569
317.10000000000002,22940,1.01,1,22712.871299999999,22940,1,1,22940,22940,0.98999999999999999,1,23171.717199999999,22941.529500000001,229.42676599999999,132.45960500000001,22712.102699999999,23170.956300000002
317.19999999999999,22930,1.01,1,22702.970300000001,22930,1,1,22930,22930,0.98999999999999999,1,23161.6162,22931.5288,229.32675399999999,132.40186299999999,22702.202099999999,23160.855599999999
317.30000000000001,22940,1.01,1,22712.871299999999,22940,1,1,22940,22940,0.98999999999999999,1,23171.717199999999,22941.529500000001,229.42676599999999,132.45960500000001,22712.102699999999,23170.956300000002
317.39999999999998,22930,1.01,1,22702.970300000001,22930,1,1,22930,22930,0.98999999999999999,1,23161.6162,22931.5288,229.32675399999999,132.40186299999999,22702.202099999999,23160.855599999999
317.5,22920,1.01,1,22693.069299999999,22920,1,1,22920,22920,0.98999999999999999,1,23151.515200000002,22921.528200000001,229.226743,132.344122,22692.3014,23150.7549
317.60000000000002,22920,1.01,1,22693.069299999999,22920,1,1,22920,22920,0.98999999999999999,1,23151.515200000002,22921.528200000001,229.226743,132.344122,22692.3014,23150.7549
317.69999999999999,22900,1.01,1,22673.2673,22900,1,1,22900,22900,0.98999999999999999,1,23131.313099999999,22901.5268,229.02671900000001,132.22863799999999,22672.500100000001,23130.553500000002
317.80000000000001,22900,1.01,1,22673.2673,22900,1,1,22900,22900,0.98999999999999999,1,23131.313099999999,22901.5268,229.02671900000001,132.22863799999999,22672.500100000001,23130.553500000002
317.89999999999998,22900,1.01,1,22673.2673,22900,1,1,22900,22900,0.98999999999999999,1,23131.313099999999,22901.5268,229.02671900000001,132.22863799999999,22672.500100000001,23130.553500000002
318,22880,1.01,1,22653.4653,22880,1,1,22880,22880,0.98999999999999999,1,23111.111099999998,22881.5255,228.826696,132.11315500000001,22652.698799999998,23110.352200000001
318.10000000000002,22870,1.01,1,22643.564399999999,22870,1,1,22870,22870,0.98999999999999999,1,23101.0101,22871.524799999999,228.72668400000001,132.05541299999999,22642.7981,23100.251499999998
318.19999999999999,22870,1.01,1,22643.564399999999,22870,1,1,22870,22870,0.98999999999999999,1,23101.0101,22871.524799999999,228.72668400000001,132.05541299999999,22642.7981,23100.251499999998
318.30000000000001,22860,1.01,1,22633.663400000001,22860,1,1,22860,22860,0.98999999999999999,1,23090.909100000001,22861.5242,228.62667300000001,131.997671,22632.897499999999,23090.150799999999
318.39999999999998,22850,1.01,1,22623.7624,22850,1,1,22850,22850,0.98999999999999999,1,23080.808099999998,22851.523499999999,228.52666099999999,131.93992900000001,22622.996800000001,23080.0501
318.5,22830,1.01,1,22603.9604,22830,1,1,22830,22830,0.98999999999999999,1,23060.606100000001,22831.522199999999,228.326638,131.82444599999999,22603.195500000002,23059.8488
318.60000000000002,22810,1.01,1,22584.1584,22810,1,1,22810,22810,0.98999999999999999,1,23040.403999999999,22811.520799999998,228.12661399999999,131.70896200000001,22583.394199999999,23039.647400000002
318.69999999999999,22800,1.01,1,22574.257399999999,22800,1,1,22800,22800,0.98999999999999999,1,23030.303,22801.520199999999,228.02660299999999,131.65122,22573.4935,23029.5468
318.80000000000001,22780,1.01,1,22554.455399999999,22780,1,1,22780,22780,0.98999999999999999,1,23010.100999999999,22781.518800000002,227.82657900000001,131.53573700000001,22553.692200000001,23009.345399999998
318.89999999999998,22770,1.01,1,22544.554499999998,22770,1,1,22770,22770,0.98999999999999999,1,23000,22771.518199999999,227.72656799999999,131.47799499999999,22543.7916,22999.244699999999
319,22760,1.01,1,22534.6535,22760,1,1,22760,22760,0.98999999999999999,1,22989.899000000001,22761.517500000002,227.62655599999999,131.420253,22533.890899999999,22989.144
319.10000000000002,22740,1.01,1,22514.851500000001,22740,1,1,22740,22740,0.98999999999999999,1,22969.697,22741.516199999998,227.42653300000001,131.30476999999999,22514.089599999999,22968.9427
319.19999999999999,22720,1.01,1,22495.049500000001,22720,1,1,22720,22720,0.98999999999999999,1,22949.494900000002,22721.514800000001,227.22650899999999,131.18928600000001,22494.2883,22948.741300000002
319.30000000000001,22700,1.01,1,22475.247500000001,22700,1,1,22700,22700,0.98999999999999999,1,22929.2929,22701.513500000001,227.02648600000001,131.073803,22474.487000000001,22928.540000000001
319.39999999999998,22680,1.01,1,22455.445500000002,22680,1,1,22680,22680,0.98999999999999999,1,22909.090899999999,22681.512200000001,226.82646299999999,130.95831899999999,22454.685700000002,22908.338599999999
319.5,22670,1.01,1,22445.544600000001,22670,1,1,22670,22670,0.98999999999999999,1,22898.9899,22671.511500000001,226.726451,130.900577,22444.785,22898.2379
319.60000000000002,22660,1.01,1,22435.643599999999,22660,1,1,22660,22660,0.98999999999999999,1,22888.888900000002,22661.5108,226.626439,130.84283600000001,22434.884399999999,22888.137299999999
319.69999999999999,22630,1.01,1,22405.940600000002,22630,1,1,22630,22630,0.98999999999999999,1,22858.585899999998,22631.5088,226.326404,130.66961000000001,22405.182400000002,22857.835200000001
319.80000000000001,22600,1.01,1,22376.2376,22600,1,1,22600,22600,0.98999999999999999,1,22828.282800000001,22601.506799999999,226.02636899999999,130.496385,22375.4804,22827.533200000002
319.89999999999998,22580,1.01,1,22356.435600000001,22580,1,1,22580,22580,0.98999999999999999,1,22808.0808,22581.505499999999,225.826346,130.38090199999999,22355.679100000001,22807.3318
320,22570,1.01,1,22346.5347,22570,1,1,22570,22570,0.98999999999999999,1,22797.979800000001,22571.504799999999,225.72633400000001,130.32316,22345.7785,22797.231199999998
320.10000000000002,22540,1.01,1,22316.831699999999,22540,1,1,22540,22540,0.98999999999999999,1,22767.676800000001,22541.502799999998,225.426299,130.149935,22316.076499999999,22766.929100000001
320.19999999999999,22520,1.01,1,22297.029699999999,22520,1,1,22520,22520,0.98999999999999999,1,22747.474699999999,22521.501499999998,225.22627600000001,130.03445099999999,22296.2752,22746.727800000001
320.30000000000001,22500,1.01,1,22277.227699999999,22500,1,1,22500,22500,0.98999999999999999,1,22727.272700000001,22501.500199999999,225.026253,129.91896800000001,22276.473900000001,22726.526399999999
320.39999999999998,22470,1.01,1,22247.524799999999,22470,1,1,22470,22470,0.98999999999999999,1,22696.969700000001,22471.498100000001,224.72621799999999,129.74574200000001,22246.7719,22696.224399999999
320.5,22450,1.01,1,22227.7228,22450,1,1,22450,22450,0.98999999999999999,1,22676.7677,22451.496800000001,224.526194,129.630259,22226.970600000001,22676.023000000001
320.60000000000002,22430,1.01,1,22207.9208,22430,1,1,22430,22430,0.98999999999999999,1,22656.565699999999,22431.495500000001,224.32617099999999,129.51477499999999,22207.169300000001,22655.8217
320.69999999999999,22400,1.01,1,22178.217799999999,22400,1,1,22400,22400,0.98999999999999999,1,22626.262599999998,22401.4935,224.02613600000001,129.34155000000001,22177.4673,22625.5196
320.80000000000001,22380,1.01,1,22158.415799999999,22380,1,1,22380,22380,0.98999999999999999,1,22606.060600000001,22381.492099999999,223.82611299999999,129.226066,22157.666000000001,22605.318299999999
320.89999999999998,22360,1.01,1,22138.6139,22360,1,1,22360,22360,0.98999999999999999,1,22585.8586,22361.4908,223.62608900000001,129.11058299999999,22137.864699999998,22585.116900000001
321,22320,1.01,1,22099.009900000001,22320,1,1,22320,22320,0.98999999999999999,1,22545.4545,22321.488099999999,223.226043,128.879616,22098.2621,22544.714199999999
321.10000000000002,22310,1.01,1,22089.108899999999,22310,1,1,22310,22310,0.98999999999999999,1,22535.353500000001,22311.487499999999,223.12603100000001,128.82187400000001,22088.361499999999,22534.613499999999
321.19999999999999,22290,1.01,1,22069.3069,22290,1,1,22290,22290,0.98999999999999999,1,22515.1515,22291.486099999998,222.926008,128.70639,22068.560099999999,22514.412199999999
321.30000000000001,22250,1.01,1,22029.703000000001,22250,1,1,22250,22250,0.98999999999999999,1,22474.747500000001,22251.483499999998,222.525961,128.47542300000001,22028.9575,22474.009399999999
321.39999999999998,22220,1.01,1,22000,22220,1,1,22220,22220,0.98999999999999999,1,22444.4444,22221.481500000002,222.22592599999999,128.302198,21999.2556,22443.707399999999
321.5,22200,1.01,1,21980.198,22200,1,1,22200,22200,0.98999999999999999,1,22424.242399999999,22201.480100000001,222.025903,128.18671499999999,21979.4542,22423.506099999999
321.60000000000002,22180,1.01,1,21960.396000000001,22180,1,1,22180,22180,0.98999999999999999,1,22404.040400000002,22181.478800000001,221.82587899999999,128.07123100000001,21959.652900000001,22403.304700000001
321.69999999999999,22150,1.01,1,21930.6931,22150,1,1,22150,22150,0.98999999999999999,1,22373.737400000002,22151.4768,221.52584400000001,127.898006,21929.951000000001,22373.002700000001
321.80000000000001,22120,1.01,1,21900.990099999999,22120,1,1,22120,22120,0.98999999999999999,1,22343.434300000001,22121.4748,221.225809,127.72478099999999,21900.249,22342.7006
321.89999999999998,22100,1.01,1,21881.188099999999,22100,1,1,22100,22100,0.98999999999999999,1,22323.2323,22101.4735,221.02578600000001,127.609297,21880.447700000001,22322.499299999999
322,22070,1.01,1,21851.485100000002,22070,1,1,22070,22070,0.98999999999999999,1,22292.9293,22071.4715,220.725751,127.436072,21850.745699999999,22292.197199999999
322.10000000000002,22050,1.01,1,21831.683199999999,22050,1,1,22050,22050,0.98999999999999999,1,22272.727299999999,22051.470099999999,220.52572799999999,127.320588,21830.9444,22271.995900000002
322.19999999999999,22030,1.01,1,21811.8812,22030,1,1,22030,22030,0.98999999999999999,1,22252.525300000001,22031.468799999999,220.325704,127.205105,21811.143100000001,22251.7945
322.30000000000001,21990,1.01,1,21772.2772,21990,1,1,21990,21990,0.98999999999999999,1,22212.121200000001,21991.466100000001,219.925658,126.974138,21771.540499999999,22211.391800000001
322.39999999999998,21970,1.01,1,21752.475200000001,21970,1,1,21970,21970,0.98999999999999999,1,22191.9192,21971.464800000002,219.72563400000001,126.858654,21751.7392,22191.190399999999
322.5,21950,1.01,1,21732.673299999999,21950,1,1,21950,21950,0.98999999999999999,1,22171.717199999999,21951.463500000002,219.525611,126.743171,21731.937900000001,22170.989099999999
322.60000000000002,21930,1.01,1,21712.871299999999,21930,1,1,21930,21930,0.98999999999999999,1,22151.515200000002,21931.462100000001,219.32558800000001,126.62768699999999,21712.136600000002,22150.787700000001
322.69999999999999,21900,1.01,1,21683.168300000001,21900,1,1,21900,21900,0.98999999999999999,1,22121.212100000001,21901.4601,219.025553,126.45446200000001,21682.434600000001,22120.485700000001
322.80000000000001,21870,1.01,1,21653.4653,21870,1,1,21870,21870,0.98999999999999999,1,22090.909100000001,21871.4581,218.72551799999999,126.28123600000001,21652.732599999999,22090.183700000001
322.89999999999998,21850,1.01,1,21633.663400000001,21850,1,1,21850,21850,0.98999999999999999,1,22070.7071,21851.4568,218.52549400000001,126.165753,21632.9313,22069.9823
323,21820,1.01,1,21603.9604,21820,1,1,21820,21820,0.98999999999999999,1,22040.403999999999,21821.4548,218.225459,125.99252799999999,21603.2294,22039.6803
323.10000000000002,21800,1.01,1,21584.1584,21800,1,1,21800,21800,0.98999999999999999,1,22020.202000000001,21801.4535,218.02543600000001,125.877044,21583.428,22019.478899999998
323.19999999999999,21780,1.01,1,21564.356400000001,21780,1,1,21780,21780,0.98999999999999999,1,22000,21781.452099999999,217.825413,125.761561,21563.626700000001,21999.277600000001
323.30000000000001,21740,1.01,1,21524.752499999999,21740,1,1,21740,21740,0.98999999999999999,1,21959.596000000001,21741.449499999999,217.425366,125.530593,21524.024099999999,21958.874800000001
323.39999999999998,21730,1.01,1,21514.851500000001,21730,1,1,21730,21730,0.98999999999999999,1,21949.494900000002,21731.448799999998,217.325354,125.472852,21514.123500000002,21948.7742
323.5,21710,1.01,1,21495.049500000001,21710,1,1,21710,21710,0.98999999999999999,1,21929.2929,21711.447499999998,217.12533099999999,125.35736799999999,21494.322100000001,21928.572800000002
323.60000000000002,21690,1.01,1,21475.247500000001,21690,1,1,21690,21690,0.98999999999999999,1,21909.090899999999,21691.446100000001,216.925308,125.241885,21474.520799999998,21908.371500000001
323.69999999999999,21660,1.01,1,21445.544600000001,21660,1,1,21660,21660,0.98999999999999999,1,21878.787899999999,21661.444100000001,216.625272,125.068659,21444.818899999998,21878.0694
323.80000000000001,21640,1.01,1,21425.742600000001,21640,1,1,21640,21640,0.98999999999999999,1,21858.585899999998,21641.442800000001,216.42524900000001,124.953176,21425.017599999999,21857.8681
323.89999999999998,21610,1.01,1,21396.0396,21610,1,1,21610,21610,0.98999999999999999,1,21828.282800000001,21611.4408,216.125214,124.779951,21395.315600000002,21827.565999999999
324,21600,1.01,1,21386.138599999998,21600,1,1,21600,21600,0.98999999999999999,1,21818.181799999998,21601.4401,216.02520200000001,124.72220900000001,21385.4149,21817.4653
324.10000000000002,21570,1.01,1,21356.435600000001,21570,1,1,21570,21570,0.98999999999999999,1,21787.878799999999,21571.438099999999,215.725167,124.548984,21355.713,21787.1633
324.19999999999999,21560,1.01,1,21346.5347,21560,1,1,21560,21560,0.98999999999999999,1,21777.7778,21561.4375,215.625156,124.491242,21345.812300000001,21777.062600000001
324.30000000000001,21520,1.01,1,21306.930700000001,21520,1,1,21520,21520,0.98999999999999999,1,21737.3737,21521.434799999999,215.225109,124.26027499999999,21306.209699999999,21736.659899999999
324.39999999999998,21500,1.01,1,21287.128700000001,21500,1,1,21500,21500,0.98999999999999999,1,21717.171699999999,21501.433499999999,215.02508599999999,124.144791,21286.4084,21716.458600000002
324.5,21480,1.01,1,21267.326700000001,21480,1,1,21480,21480,0.98999999999999999,1,21696.969700000001,21481.432100000002,214.825062,124.029308,21266.607100000001,21696.2572
324.60000000000002,21450,1.01,1,21237.623800000001,21450,1,1,21450,21450,0.98999999999999999,1,21666.666700000002,21451.430100000001,214.52502699999999,123.856082,21236.9051,21665.9552
324.69999999999999,21440,1.01,1,21227.7228,21440,1,1,21440,21440,0.98999999999999999,1,21656.565699999999,21441.429499999998,214.425016,123.79834099999999,21227.004499999999,21655.854500000001
324.80000000000001,21420,1.01,1,21207.9208,21420,1,1,21420,21420,0.98999999999999999,1,21636.363600000001,21421.428100000001,214.22499199999999,123.682857,21207.2032,21635.6531
324.89999999999998,21410,1.01,1,21198.019799999998,21410,1,1,21410,21410,0.98999999999999999,1,21626.262599999998,21411.427500000002,214.12498099999999,123.62511499999999,21197.302500000002,21625.552500000002
325,21380,1.01,1,21168.316800000001,21380,1,1,21380,21380,0.98999999999999999,1,21595.959599999998,21381.425500000001,213.82494600000001,123.45189000000001,21167.6005,21595.250400000001
325.10000000000002,21350,1.01,1,21138.6139,21350,1,1,21350,21350,0.98999999999999999,1,21565.656599999998,21351.423500000001,213.524911,123.278665,21137.8986,21564.948400000001
325.19999999999999,21340,1.01,1,21128.712899999999,21340,1,1,21340,21340,0.98999999999999999,1,21555.5556,21341.4228,213.42489900000001,123.220923,21127.997899999998,21554.847699999998
325.30000000000001,21320,1.01,1,21108.910899999999,21320,1,1,21320,21320,0.98999999999999999,1,21535.353500000001,21321.4215,213.22487599999999,123.105439,21108.196599999999,21534.646400000001
325.39999999999998,21300,1.01,1,21089.108899999999,21300,1,1,21300,21300,0.98999999999999999,1,21515.1515,21301.420099999999,213.02485200000001,122.98995600000001,21088.3953,21514.445
325.5,21280,1.01,1,21069.3069,21280,1,1,21280,21280,0.98999999999999999,1,21494.949499999999,21281.418799999999,212.82482899999999,122.874472,21068.594000000001,21494.243600000002
325.60000000000002,21260,1.01,1,21049.505000000001,21260,1,1,21260,21260,0.98999999999999999,1,21474.747500000001,21261.4175,212.62480600000001,122.758989,21048.792700000002,21474.042300000001
325.69999999999999,21230,1.01,1,21019.802,21230,1,1,21230,21230,0.98999999999999999,1,21444.4444,21231.415499999999,212.324771,122.585764,21019.090700000001,21443.7402
325.80000000000001,21220,1.01,1,21009.901000000002,21220,1,1,21220,21220,0.98999999999999999,1,21434.343400000002,21221.414799999999,212.22475900000001,122.52802200000001,21009.189999999999,21433.639599999999
325.89999999999998,21210,1.01,1,21000,21210,1,1,21210,21210,0.98999999999999999,1,21424.242399999999,21211.414100000002,212.12474700000001,122.47028,20999.289400000001,21423.5389
326,21190,1.01,1,20980.198,21190,1,1,21190,21190,0.98999999999999999,1,21404.040400000002,21191.412799999998,211.924724,122.354797,20979.488099999999,21403.337500000001
326.10000000000002,21160,1.01,1,20950.494999999999,21160,1,1,21160,21160,0.98999999999999999,1,21373.737400000002,21161.410800000001,211.62468899999999,122.18157100000001,20949.786100000001,21373.035500000002
326.19999999999999,21150,1.01,1,20940.594099999998,21150,1,1,21150,21150,0.98999999999999999,1,21363.636399999999,21151.410100000001,211.524677,122.123829,20939.8855,21362.934799999999
326.30000000000001,21130,1.01,1,20920.792099999999,21130,1,1,21130,21130,0.98999999999999999,1,21343.434300000001,21131.408800000001,211.32465400000001,122.008346,20920.084200000001,21342.733499999998
326.39999999999998,21110,1.01,1,20900.990099999999,21110,1,1,21110,21110,0.98999999999999999,1,21323.2323,21111.407500000001,211.12463099999999,121.89286199999999,20900.282800000001,21322.5321
326.5,21100,1.01,1,20891.089100000001,21100,1,1,21100,21100,0.98999999999999999,1,21313.131300000001,21101.406800000001,211.024619,121.835121,20890.3822,21312.431400000001
326.60000000000002,21070,1.01,1,20861.3861,21070,1,1,21070,21070,0.98999999999999999,1,21282.828300000001,21071.4048,210.72458399999999,121.661895,20860.680199999999,21282.129400000002
326.69999999999999,21050,1.01,1,20841.584200000001,21050,1,1,21050,21050,0.98999999999999999,1,21262.6263,21051.4035,210.52456100000001,121.546412,20840.8789,21261.928
326.80000000000001,21030,1.01,1,20821.782200000001,21030,1,1,21030,21030,0.98999999999999999,1,21242.424200000001,21031.402099999999,210.32453699999999,121.43092799999999,20821.077600000001,21241.726699999999
326.89999999999998,21020,1.01,1,20811.8812,21020,1,1,21020,21020,0.98999999999999999,1,21232.323199999999,21021.4015,210.224526,121.373187,20811.176899999999,21231.626
327,21000,1.01,1,20792.0792,21000,1,1,21000,21000,0.98999999999999999,1,21212.121200000001,21001.400099999999,210.02450200000001,121.25770300000001,20791.375599999999,21211.424599999998
327.10000000000002,20980,1.01,1,20772.2772,20980,1,1,20980,20980,0.98999999999999999,1,21191.9192,20981.398799999999,209.824479,121.142219,20771.5743,21191.223300000001
327.19999999999999,20960,1.01,1,20752.475200000001,20960,1,1,20960,20960,0.98999999999999999,1,21171.717199999999,20961.397499999999,209.62445600000001,121.026736,20751.773000000001,21171.0219
327.30000000000001,20930,1.01,1,20722.772300000001,20930,1,1,20930,20930,0.98999999999999999,1,21141.414100000002,20931.395499999999,209.324421,120.853511,20722.071100000001,21140.7199
327.39999999999998,20920,1.01,1,20712.871299999999,20920,1,1,20920,20920,0.98999999999999999,1,21131.313099999999,20921.394799999998,209.22440900000001,120.79576900000001,20712.170399999999,21130.619200000001
327.5,20890,1.01,1,20683.168300000001,20890,1,1,20890,20890,0.98999999999999999,1,21101.0101,20891.392800000001,208.924374,120.622544,20682.468400000002,21100.317200000001
327.60000000000002,20870,1.01,1,20663.366300000002,20870,1,1,20870,20870,0.98999999999999999,1,21080.808099999998,20871.391500000002,208.72435100000001,120.50706,20662.667099999999,21080.1158
327.69999999999999,20850,1.01,1,20643.564399999999,20850,1,1,20850,20850,0.98999999999999999,1,21060.606100000001,20851.390100000001,208.524327,120.391577,20642.8658,21059.914499999999
327.80000000000001,20830,1.01,1,20623.7624,20830,1,1,20830,20830,0.98999999999999999,1,21040.403999999999,20831.388800000001,208.32430400000001,120.276093,20623.0645,21039.713100000001
327.89999999999998,20810,1.01,1,20603.9604,20810,1,1,20810,20810,0.98999999999999999,1,21020.202000000001,20811.387500000001,208.124281,120.16061000000001,20603.263200000001,21019.5118
328,20790,1.01,1,20584.1584,20790,1,1,20790,20790,0.98999999999999999,1,21000,20791.3861,207.92425700000001,120.045126,20583.461899999998,20999.310399999998
328.10000000000002,20750,1.01,1,20544.554499999998,20750,1,1,20750,20750,0.98999999999999999,1,20959.596000000001,20751.3835,207.52421100000001,119.814159,20543.8593,20958.9077
328.19999999999999,20730,1.01,1,20524.752499999999,20730,1,1,20730,20730,0.98999999999999999,1,20939.393899999999,20731.382099999999,207.32418699999999,119.69867499999999,20524.058000000001,20938.706300000002
328.30000000000001,20710,1.01,1,20504.950499999999,20710,1,1,20710,20710,0.98999999999999999,1,20919.191900000002,20711.380799999999,207.12416400000001,119.583192,20504.256600000001,20918.505000000001
328.39999999999998,20680,1.01,1,20475.247500000001,20680,1,1,20680,20680,0.98999999999999999,1,20888.888900000002,20681.378799999999,206.824129,119.40996699999999,20474.554700000001,20888.2029
328.5,20660,1.01,1,20455.445500000002,20660,1,1,20660,20660,0.98999999999999999,1,20868.686900000001,20661.377499999999,206.62410600000001,119.294483,20454.753400000001,20868.0016
328.60000000000002,20620,1.01,1,20415.8416,20620,1,1,20620,20620,0.98999999999999999,1,20828.282800000001,20621.374800000001,206.22405900000001,119.06351600000001,20415.150699999998,20827.598900000001
328.69999999999999,20610,1.01,1,20405.940600000002,20610,1,1,20610,20610,0.98999999999999999,1,20818.181799999998,20611.374100000001,206.12404699999999,119.005774,20405.250100000001,20817.498200000002
328.80000000000001,20570,1.01,1,20366.336599999999,20570,1,1,20570,20570,0.98999999999999999,1,20777.7778,20571.371500000001,205.72400099999999,118.774807,20365.647499999999,20777.095499999999
328.89999999999998,20540,1.01,1,20336.633699999998,20540,1,1,20540,20540,0.98999999999999999,1,20747.474699999999,20541.369500000001,205.42396600000001,118.60158199999999,20335.945500000002,20746.793399999999
329,20520,1.01,1,20316.831699999999,20520,1,1,20520,20520,0.98999999999999999,1,20727.272700000001,20521.3681,205.22394199999999,118.486098,20316.144199999999,20726.592100000002
329.10000000000002,20490,1.01,1,20287.128700000001,20490,1,1,20490,20490,0.98999999999999999,1,20696.969700000001,20491.366099999999,204.92390700000001,118.312873,20286.442200000001,20696.290000000001
329.19999999999999,20450,1.01,1,20247.524799999999,20450,1,1,20450,20450,0.98999999999999999,1,20656.565699999999,20451.363499999999,204.52386100000001,118.081906,20246.839599999999,20655.887299999999
329.30000000000001,20420,1.01,1,20217.821800000002,20420,1,1,20420,20420,0.98999999999999999,1,20626.262599999998,20421.361499999999,204.223826,117.908681,20217.137599999998,20625.585299999999
329.39999999999998,20380,1.01,1,20178.217799999999,20380,1,1,20380,20380,0.98999999999999999,1,20585.8586,20381.358800000002,203.823779,117.67771399999999,20177.535,20585.1826
329.5,20340,1.01,1,20138.6139,20340,1,1,20340,20340,0.98999999999999999,1,20545.4545,20341.356100000001,203.423732,117.446747,20137.932400000002,20544.779900000001
329.60000000000002,20310,1.01,1,20108.910899999999,20310,1,1,20310,20310,0.98999999999999999,1,20515.1515,20311.3541,203.12369699999999,117.273521,20108.2304,20514.477800000001
329.69999999999999,20280,1.01,1,20079.207900000001,20280,1,1,20280,20280,0.98999999999999999,1,20484.8485,20281.3521,202.82366200000001,117.100296,20078.5285,20484.175800000001
329.80000000000001,20230,1.01,1,20029.703000000001,20230,1,1,20230,20230,0.98999999999999999,1,20434.343400000002,20231.3488,202.32360399999999,116.811587,20029.0252,20433.672399999999
329.89999999999998,20200,1.01,1,20000,20200,1,1,20200,20200,0.98999999999999999,1,20404.040400000002,20201.346799999999,202.02356900000001,116.638362,19999.323199999999,20403.3704
330,20160,1.01,1,19960.396000000001,20160,1,1,20160,20160,0.98999999999999999,1,20363.636399999999,20161.344099999998,201.62352200000001,116.40739499999999,19959.720600000001,20362.967700000001
330.10000000000002,20110,1.01,1,19910.891100000001,20110,1,1,20110,20110,0.98999999999999999,1,20313.131300000001,20111.340800000002,201.12346400000001,116.118686,19910.2173,20312.4643
330.19999999999999,20080,1.01,1,19881.188099999999,20080,1,1,20080,20080,0.98999999999999999,1,20282.828300000001,20081.338800000001,200.823429,115.94546099999999,19880.5154,20282.162199999999
330.30000000000001,20040,1.01,1,19841.584200000001,20040,1,1,20040,20040,0.98999999999999999,1,20242.424200000001,20041.3361,200.423382,115.714494,19840.912799999998,20241.7595
330.39999999999998,19990,1.01,1,19792.0792,19990,1,1,19990,19990,0.98999999999999999,1,20191.9192,19991.3328,199.92332400000001,115.425785,19791.409500000002,20191.256099999999
330.5,19940,1.01,1,19742.5743,19940,1,1,19940,19940,0.98999999999999999,1,20141.414100000002,19941.3295,199.42326600000001,115.13707599999999,19741.906200000001,20140.752700000001
330.60000000000002,19890,1.01,1,19693.069299999999,19890,1,1,19890,19890,0.98999999999999999,1,20090.909100000001,19891.326099999998,198.92320699999999,114.848367,19692.402900000001,20090.249299999999
330.69999999999999,19850,1.01,1,19653.4653,19850,1,1,19850,19850,0.98999999999999999,1,20050.505099999998,19851.323499999999,198.52316099999999,114.6174,19652.800299999999,20049.846600000001
330.80000000000001,19800,1.01,1,19603.9604,19800,1,1,19800,19800,0.98999999999999999,1,20000,19801.320100000001,198.02310199999999,114.32869100000001,19603.296999999999,19999.343199999999
330.89999999999998,19740,1.01,1,19544.554499999998,19740,1,1,19740,19740,0.98999999999999999,1,19939.393899999999,19741.3161,197.42303200000001,113.982241,19543.893100000001,19938.7392
331,19690,1.01,1,19495.049500000001,19690,1,1,19690,19690,0.98999999999999999,1,19888.888900000002,19691.3128,196.92297400000001,113.693532,19494.389800000001,19888.235799999999
331.10000000000002,19640,1.01,1,19445.544600000001,19640,1,1,19640,19640,0.98999999999999999,1,19838.3838,19641.309499999999,196.42291599999999,113.40482299999999,19444.886500000001,19837.732400000001
331.19999999999999,19580,1.01,1,19386.138599999998,19580,1,1,19580,19580,0.98999999999999999,1,19777.7778,19581.305499999999,195.822846,113.058373,19385.482599999999,19777.1283
331.30000000000001,19530,1.01,1,19336.633699999998,19530,1,1,19530,19530,0.98999999999999999,1,19727.272700000001,19531.302100000001,195.32278700000001,112.76966400000001,19335.979299999999,19726.624899999999
331.39999999999998,19470,1.01,1,19277.227699999999,19470,1,1,19470,19470,0.98999999999999999,1,19666.666700000002,19471.2981,194.72271699999999,112.423213,19276.575400000002,19666.020799999998
331.5,19420,1.01,1,19227.7228,19420,1,1,19420,19420,0.98999999999999999,1,19616.161599999999,19421.2948,194.22265899999999,112.13450400000001,19227.072100000001,19615.517500000002
331.60000000000002,19360,1.01,1,19168.316800000001,19360,1,1,19360,19360,0.98999999999999999,1,19555.5556,19361.290799999999,193.622589,111.788054,19167.6682,19554.913400000001
331.69999999999999,19300,1.01,1,19108.910899999999,19300,1,1,19300,19300,0.98999999999999999,1,19494.949499999999,19301.286800000002,193.02251899999999,111.441603,19108.264299999999,19494.309300000001
331.80000000000001,19230,1.01,1,19039.603999999999,19230,1,1,19230,19230,0.98999999999999999,1,19424.242399999999,19231.2821,192.32243700000001,111.03741100000001,19038.959699999999,19423.604599999999
331.89999999999998,19170,1.01,1,18980.198,19170,1,1,19170,19170,0.98999999999999999,1,19363.636399999999,19171.2781,191.72236699999999,110.69096,18979.555799999998,19363.000499999998
332,19100,1.01,1,18910.891100000001,19100,1,1,19100,19100,0.98999999999999999,1,19292.9293,19101.273499999999,191.02228600000001,110.286768,18910.251199999999,19292.295699999999
332.10000000000002,19040,1.01,1,18851.485100000002,19040,1,1,19040,19040,0.98999999999999999,1,19232.323199999999,19041.269499999999,190.42221599999999,109.94031699999999,18850.8472,19231.691699999999
332.19999999999999,18960,1.01,1,18772.2772,18960,1,1,18960,18960,0.98999999999999999,1,19151.515200000002,18961.2641,189.62212199999999,109.47838299999999,18771.642,19150.886200000001
332.30000000000001,18900,1.01,1,18712.871299999999,18900,1,1,18900,18900,0.98999999999999999,1,19090.909100000001,18901.2601,189.022052,109.131933,18712.238099999999,19090.282200000001
332.39999999999998,18830,1.01,1,18643.564399999999,18830,1,1,18830,18830,0.98999999999999999,1,19020.202000000001,18831.255499999999,188.32197099999999,108.72774,18642.933499999999,19019.577399999998
332.5,18760,1.01,1,18574.257399999999,18760,1,1,18760,18760,0.98999999999999999,1,18949.494900000002,18761.250800000002,187.62188900000001,108.323548,18573.6289,18948.8727
332.60000000000002,18690,1.01,1,18504.950499999999,18690,1,1,18690,18690,0.98999999999999999,1,18878.787899999999,18691.2461,186.921807,107.91935599999999,18504.3243,18878.1679
332.69999999999999,18620,1.01,1,18435.643599999999,18620,1,1,18620,18620,0.98999999999999999,1,18808.0808,18621.2415,186.22172499999999,107.515163,18435.019700000001,18807.463199999998
332.80000000000001,18540,1.01,1,18356.435600000001,18540,1,1,18540,18540,0.98999999999999999,1,18727.272700000001,18541.236099999998,185.42163199999999,107.053229,18355.8145,18726.657800000001
332.89999999999998,18470,1.01,1,18287.128700000001,18470,1,1,18470,18470,0.98999999999999999,1,18656.565699999999,18471.231500000002,184.72155000000001,106.64903700000001,18286.509900000001,18655.953000000001
333,18390,1.01,1,18207.9208,18390,1,1,18390,18390,0.98999999999999999,1,18575.757600000001,18391.2261,183.921457,106.18710299999999,18207.304700000001,18575.1476
333.10000000000002,18320,1.01,1,18138.6139,18320,1,1,18320,18320,0.98999999999999999,1,18505.050500000001,18321.2215,183.22137499999999,105.78291,18138.000100000001,18504.442800000001
333.19999999999999,18230,1.01,1,18049.505000000001,18230,1,1,18230,18230,0.98999999999999999,1,18414.1414,18231.215499999998,182.32127,105.26323499999999,18048.894199999999,18413.536700000001
333.30000000000001,18160,1.01,1,17980.198,18160,1,1,18160,18160,0.98999999999999999,1,18343.434300000001,18161.210800000001,181.62118899999999,104.859042,17979.589599999999,18342.831999999999
333.39999999999998,18070,1.01,1,17891.089100000001,18070,1,1,18070,18070,0.98999999999999999,1,18252.525300000001,18071.2048,180.72108399999999,104.339366,17890.483700000001,18251.925899999998
333.5,17990,1.01,1,17811.8812,17990,1,1,17990,17990,0.98999999999999999,1,18171.717199999999,17991.199499999999,179.92098999999999,103.877432,17811.2785,18171.1204
333.60000000000002,17910,1.01,1,17732.673299999999,17910,1,1,17910,17910,0.98999999999999999,1,18090.909100000001,17911.194100000001,179.12089700000001,103.415498,17732.073199999999,18090.314999999999
333.69999999999999,17830,1.01,1,17653.4653,17830,1,1,17830,17830,0.98999999999999999,1,18010.100999999999,17831.1888,178.32080400000001,102.953564,17652.867999999999,18009.509600000001
333.80000000000001,17730,1.01,1,17554.455399999999,17730,1,1,17730,17730,0.98999999999999999,1,17909.090899999999,17731.182100000002,177.32068699999999,102.37614600000001,17553.861400000002,17908.502799999998
333.89999999999998,17660,1.01,1,17485.148499999999,17660,1,1,17660,17660,0.98999999999999999,1,17838.3838,17661.177500000002,176.62060500000001,101.971954,17484.556799999998,17837.7981
334,17580,1.01,1,17405.940600000002,17580,1,1,17580,17580,0.98999999999999999,1,17757.575799999999,17581.1721,175.82051200000001,101.51002,17405.351600000002,17756.992600000001
334.10000000000002,17490,1.01,1,17316.831699999999,17490,1,1,17490,17490,0.98999999999999999,1,17666.666700000002,17491.166099999999,174.92040700000001,100.99034399999999,17316.245699999999,17666.086500000001
334.19999999999999,17410,1.01,1,17237.623800000001,17410,1,1,17410,17410,0.98999999999999999,1,17585.8586,17411.160800000001,174.12031400000001,100.52840999999999,17237.040499999999,17585.2811
334.30000000000001,17320,1.01,1,17148.514899999998,17320,1,1,17320,17320,0.98999999999999999,1,17494.949499999999,17321.1548,173.22020900000001,100.008734,17147.934600000001,17494.375
334.39999999999998,17230,1.01,1,17059.405900000002,17230,1,1,17230,17230,0.98999999999999999,1,17404.040400000002,17231.148799999999,172.32010399999999,99.489058200000002,17058.828699999998,17403.4689
334.5,17140,1.01,1,16970.296999999999,17140,1,1,17140,17140,0.98999999999999999,1,17313.131300000001,17141.142800000001,171.41999899999999,98.969382400000001,16969.7228,17312.5628
334.60000000000002,17060,1.01,1,16891.089100000001,17060,1,1,17060,17060,0.98999999999999999,1,17232.323199999999,17061.1374,170.61990499999999,98.507448299999993,16890.517500000002,17231.757399999999
334.69999999999999,16960,1.01,1,16792.0792,16960,1,1,16960,16960,0.98999999999999999,1,17131.313099999999,16961.130799999999,169.619789,97.930030599999995,16791.510999999999,17130.750599999999
334.80000000000001,16870,1.01,1,16702.970300000001,16870,1,1,16870,16870,0.98999999999999999,1,17040.403999999999,16871.124800000001,168.719684,97.410354799999993,16702.4051,17039.844499999999
334.89999999999998,16780,1.01,1,16613.861400000002,16780,1,1,16780,16780,0.98999999999999999,1,16949.494900000002,16781.1188,167.819579,96.890678899999997,16613.299200000001,16948.938399999999
335,16690,1.01,1,16524.752499999999,16690,1,1,16690,16690,0.98999999999999999,1,16858.585899999998,16691.112799999999,166.91947400000001,96.371003000000002,16524.193299999999,16858.032299999999
335.10000000000002,16600,1.01,1,16435.643599999999,16600,1,1,16600,16600,0.98999999999999999,1,16767.676800000001,16601.106800000001,166.01936900000001,95.851327100000006,16435.0874,16767.126100000001
335.19999999999999,16510,1.01,1,16346.5347,16510,1,1,16510,16510,0.98999999999999999,1,16676.7677,16511.1008,165.11926399999999,95.331651300000004,16345.9815,16676.220000000001
335.30000000000001,16420,1.01,1,16257.4257,16420,1,1,16420,16420,0.98999999999999999,1,16585.8586,16421.094799999999,164.21915899999999,94.811975399999994,16256.875599999999,16585.313900000001
335.39999999999998,16330,1.01,1,16168.316800000001,16330,1,1,16330,16330,0.98999999999999999,1,16494.949499999999,16331.0888,163.31905399999999,94.292299499999999,16167.769700000001,16494.407800000001
335.5,16240,1.01,1,16079.207899999999,16240,1,1,16240,16240,0.98999999999999999,1,16404.040400000002,16241.0828,162.418949,93.772623699999997,16078.6638,16403.501700000001
335.60000000000002,16150,1.01,1,15990.099,16150,1,1,16150,16150,0.98999999999999999,1,16313.131299999999,16151.076800000001,161.518844,93.252947800000001,15989.5579,16312.595600000001
335.69999999999999,16060,1.01,1,15900.990100000001,16060,1,1,16060,16060,0.98999999999999999,1,16222.2222,16061.0708,160.61873900000001,92.733271900000005,15900.451999999999,16221.6895
335.80000000000001,15970,1.01,1,15811.8812,15970,1,1,15970,15970,0.98999999999999999,1,16131.313099999999,15971.0648,159.71863400000001,92.213596100000004,15811.346100000001,16130.7834
335.89999999999998,15880,1.01,1,15722.772300000001,15880,1,1,15880,15880,0.98999999999999999,1,16040.404,15881.058800000001,158.81852799999999,91.693920199999994,15722.2402,16039.8773
336,15780,1.01,1,15623.7624,15780,1,1,15780,15780,0.98999999999999999,1,15939.393899999999,15781.052100000001,157.818412,91.116502499999996,15623.233700000001,15938.870500000001
336.10000000000002,15690,1.01,1,15534.6535,15690,1,1,15690,15690,0.98999999999999999,1,15848.4848,15691.0461,156.918307,90.596826699999994,15534.1278,15847.964400000001
336.19999999999999,15600,1.01,1,15445.544599999999,15600,1,1,15600,15600,0.98999999999999999,1,15757.575800000001,15601.0401,156.018202,90.077150799999998,15445.0219,15757.058300000001
336.30000000000001,15510,1.01,1,15356.435600000001,15510,1,1,15510,15510,0.98999999999999999,1,15666.6667,15511.034100000001,155.11809700000001,89.557474900000003,15355.915999999999,15666.1522
336.39999999999998,15420,1.01,1,15267.3267,15420,1,1,15420,15420,0.98999999999999999,1,15575.757600000001,15421.0281,154.21799200000001,89.037799100000001,15266.810100000001,15575.2461
336.5,15330,1.01,1,15178.2178,15330,1,1,15330,15330,0.98999999999999999,1,15484.8485,15331.0221,153.31788700000001,88.518123200000005,15177.7042,15484.34
336.60000000000002,15240,1.01,1,15089.108899999999,15240,1,1,15240,15240,0.98999999999999999,1,15393.939399999999,15241.016100000001,152.41778199999999,87.998447299999995,15088.5983,15393.4339
336.69999999999999,15150,1.01,1,15000,15150,1,1,15150,15150,0.98999999999999999,1,15303.0303,15151.0101,151.51767699999999,87.478771499999993,14999.492399999999,15302.5278
336.80000000000001,15070,1.01,1,14920.792100000001,15070,1,1,15070,15070,0.98999999999999999,1,15222.2222,15071.004800000001,150.71758299999999,87.016837300000006,14920.287200000001,15221.722400000001
336.89999999999998,14980,1.01,1,14831.683199999999,14980,1,1,14980,14980,0.98999999999999999,1,15131.313099999999,14980.998799999999,149.81747799999999,86.497161500000004,14831.1813,15130.816199999999
337,14890,1.01,1,14742.5743,14890,1,1,14890,14890,0.98999999999999999,1,15040.404,14890.9928,148.917373,85.977485599999994,14742.0754,15039.910099999999
337.10000000000002,14800,1.01,1,14653.4653,14800,1,1,14800,14800,0.98999999999999999,1,14949.4949,14800.986800000001,148.017268,85.457809699999999,14652.969499999999,14949.004000000001
337.19999999999999,14720,1.01,1,14574.2574,14720,1,1,14720,14720,0.98999999999999999,1,14868.686900000001,14720.981400000001,147.217175,84.995875600000005,14573.764300000001,14868.1986
337.30000000000001,14630,1.01,1,14485.148499999999,14630,1,1,14630,14630,0.98999999999999999,1,14777.7778,14630.975399999999,146.31707,84.476199800000003,14484.6584,14777.2925
337.39999999999998,14550,1.01,1,14405.9406,14550,1,1,14550,14550,0.98999999999999999,1,14696.9697,14550.9701,145.516977,84.014265699999996,14405.453100000001,14696.4871
337.5,14460,1.01,1,14316.831700000001,14460,1,1,14460,14460,0.98999999999999999,1,14606.060600000001,14460.964099999999,144.616872,83.4945898,14316.3472,14605.581
337.60000000000002,14380,1.01,1,14237.623799999999,14380,1,1,14380,14380,0.98999999999999999,1,14525.252500000001,14380.9588,143.816778,83.032655700000007,14237.142,14524.7755
337.69999999999999,14290,1.01,1,14148.5149,14290,1,1,14290,14290,0.98999999999999999,1,14434.3434,14290.952799999999,142.916673,82.512979799999997,14148.036099999999,14433.8694
337.80000000000001,14210,1.01,1,14069.3069,14210,1,1,14210,14210,0.98999999999999999,1,14353.535400000001,14210.947399999999,142.11658,82.051045700000003,14068.8308,14353.064
337.89999999999998,14130,1.01,1,13990.099,14130,1,1,14130,14130,0.98999999999999999,1,14272.7273,14130.9421,141.316487,81.589111599999995,13989.625599999999,14272.258599999999
338,14050,1.01,1,13910.891100000001,14050,1,1,14050,14050,0.98999999999999999,1,14191.9192,14050.936799999999,140.51639299999999,81.127177500000002,13910.420400000001,14191.4532
338.10000000000002,13960,1.01,1,13821.7822,13960,1,1,13960,13960,0.98999999999999999,1,14101.0101,13960.9308,139.616288,80.607501600000006,13821.3145,14100.547
338.19999999999999,13890,1.01,1,13752.475200000001,13890,1,1,13890,13890,0.98999999999999999,1,14030.303,13890.926100000001,138.91620700000001,80.203309300000001,13752.009899999999,14029.8423
338.30000000000001,13810,1.01,1,13673.2673,13810,1,1,13810,13810,0.98999999999999999,1,13949.4949,13810.9208,138.11611300000001,79.741375199999993,13672.804599999999,13949.036899999999
338.39999999999998,13730,1.01,1,13594.0594,13730,1,1,13730,13730,0.98999999999999999,1,13868.686900000001,13730.9154,137.31602000000001,79.2794411,13593.599399999999,13868.231400000001
338.5,13660,1.01,1,13524.752500000001,13660,1,1,13660,13660,0.98999999999999999,1,13797.979799999999,13660.9108,136.615938,78.8752487,13524.2948,13797.5267
338.60000000000002,13580,1.01,1,13445.544599999999,13580,1,1,13580,13580,0.98999999999999999,1,13717.171700000001,13580.9054,135.815845,78.413314600000007,13445.089599999999,13716.721299999999
338.69999999999999,13500,1.01,1,13366.336600000001,13500,1,1,13500,13500,0.98999999999999999,1,13636.363600000001,13500.900100000001,135.01575199999999,77.951380499999999,13365.8843,13635.915800000001
338.80000000000001,13420,1.01,1,13287.128699999999,13420,1,1,13420,13420,0.98999999999999999,1,13555.5556,13420.8948,134.21565799999999,77.489446400000006,13286.679099999999,13555.1104
338.89999999999998,13360,1.01,1,13227.7228,13360,1,1,13360,13360,0.98999999999999999,1,13494.949500000001,13360.890799999999,133.615588,77.142995799999994,13227.2752,13494.506299999999
339,13280,1.01,1,13148.5149,13280,1,1,13280,13280,0.98999999999999999,1,13414.1414,13280.885399999999,132.815495,76.681061700000001,13148.0699,13413.7009
339.10000000000002,13210,1.01,1,13079.207899999999,13210,1,1,13210,13210,0.98999999999999999,1,13343.434300000001,13210.880800000001,132.11541299999999,76.276869399999995,13078.765299999999,13342.9962
339.19999999999999,13140,1.01,1,13009.901,13140,1,1,13140,13140,0.98999999999999999,1,13272.7273,13140.876099999999,131.41533200000001,75.872676999999996,13009.460800000001,13272.2914
339.30000000000001,13070,1.01,1,12940.5941,13070,1,1,13070,13070,0.98999999999999999,1,13202.020200000001,13070.8714,130.71525,75.468484700000005,12940.156199999999,13201.5867
339.39999999999998,13000,1.01,1,12871.2871,13000,1,1,13000,13000,0.98999999999999999,1,13131.313099999999,13000.8668,130.01516799999999,75.064292300000005,12870.8516,13130.8819
339.5,12940,1.01,1,12811.8812,12940,1,1,12940,12940,0.98999999999999999,1,13070.7071,12940.862800000001,129.415098,74.717841800000002,12811.447700000001,13070.277899999999
339.60000000000002,12880,1.01,1,12752.475200000001,12880,1,1,12880,12880,0.98999999999999999,1,13010.101000000001,12880.8588,128.81502800000001,74.371391200000005,12752.0437,13009.6738
339.69999999999999,12810,1.01,1,12683.168299999999,12810,1,1,12810,12810,0.98999999999999999,1,12939.393899999999,12810.8541,128.114946,73.967198800000006,12682.739100000001,12938.968999999999
339.80000000000001,12740,1.01,1,12613.8614,12740,1,1,12740,12740,0.98999999999999999,1,12868.686900000001,12740.849399999999,127.41486500000001,73.5630065,12613.434600000001,12868.264300000001
339.89999999999998,12680,1.01,1,12554.455400000001,12680,1,1,12680,12680,0.98999999999999999,1,12808.0808,12680.8454,126.814795,73.216555900000003,12554.0306,12807.6602
340,12620,1.01,1,12495.049499999999,12620,1,1,12620,12620,0.98999999999999999,1,12747.474700000001,12620.841399999999,126.214725,72.870105300000006,12494.626700000001,12747.0561
340.10000000000002,12550,1.01,1,12425.7426,12550,1,1,12550,12550,0.98999999999999999,1,12676.7677,12550.836799999999,125.51464300000001,72.465913,12425.322099999999,12676.3514
340.19999999999999,12500,1.01,1,12376.2376,12500,1,1,12500,12500,0.98999999999999999,1,12626.2626,12500.8334,125.014585,72.177204200000006,12375.818799999999,12625.848
340.30000000000001,12430,1.01,1,12306.930700000001,12430,1,1,12430,12430,0.98999999999999999,1,12555.5556,12430.8287,124.314503,71.773011800000006,12306.5142,12555.1433
340.39999999999998,12370,1.01,1,12247.524799999999,12370,1,1,12370,12370,0.98999999999999999,1,12494.949500000001,12370.824699999999,123.714433,71.426561199999995,12247.1103,12494.539199999999
340.5,12310,1.01,1,12188.1188,12310,1,1,12310,12310,0.98999999999999999,1,12434.3434,12310.8207,123.114363,71.080110700000006,12187.706399999999,12433.935100000001
340.60000000000002,12260,1.01,1,12138.6139,12260,1,1,12260,12260,0.98999999999999999,1,12383.838400000001,12260.8174,122.614305,70.791401899999997,12138.203100000001,12383.431699999999
340.69999999999999,12200,1.01,1,12079.207899999999,12200,1,1,12200,12200,0.98999999999999999,1,12323.2323,12200.813399999999,122.014235,70.4449513,12078.799199999999,12322.827600000001
340.80000000000001,12140,1.01,1,12019.802,12140,1,1,12140,12140,0.98999999999999999,1,12262.6263,12140.8094,121.414165,70.098500700000002,12019.395200000001,12262.223599999999
340.89999999999998,12100,1.01,1,11980.198,12100,1,1,12100,12100,0.98999999999999999,1,12222.2222,12100.806699999999,121.014118,69.867533600000002,11979.792600000001,12221.820900000001
341,12040,1.01,1,11920.792100000001,12040,1,1,12040,12040,0.98999999999999999,1,12161.6162,12040.8027,120.41404799999999,69.521083099999998,11920.3887,12161.2168
341.10000000000002,11980,1.01,1,11861.3861,11980,1,1,11980,11980,0.98999999999999999,1,12101.0101,11980.798699999999,119.81397800000001,69.174632500000001,11860.9848,12100.6127
341.19999999999999,11930,1.01,1,11811.8812,11930,1,1,11930,11930,0.98999999999999999,1,12050.5051,11930.795400000001,119.31392,68.885923700000006,11811.4815,12050.1093
341.30000000000001,11880,1.01,1,11762.376200000001,11880,1,1,11880,11880,0.98999999999999999,1,12000,11880.792100000001,118.813861,68.597214800000003,11761.9782,11999.6059
341.39999999999998,11830,1.01,1,11712.871300000001,11830,1,1,11830,11830,0.98999999999999999,1,11949.4949,11830.788699999999,118.31380299999999,68.308505999999994,11712.474899999999,11949.102500000001
341.5,11770,1.01,1,11653.4653,11770,1,1,11770,11770,0.98999999999999999,1,11888.8889,11770.7847,117.713733,67.962055399999997,11653.071,11888.4985
341.60000000000002,11720,1.01,1,11603.9604,11720,1,1,11720,11720,0.98999999999999999,1,11838.3838,11720.7814,117.21367499999999,67.673346600000002,11603.5677,11837.9951
341.69999999999999,11680,1.01,1,11564.356400000001,11680,1,1,11680,11680,0.98999999999999999,1,11797.979799999999,11680.778700000001,116.81362799999999,67.442379599999995,11563.965099999999,11797.5924
341.80000000000001,11630,1.01,1,11514.851500000001,11630,1,1,11630,11630,0.98999999999999999,1,11747.474700000001,11630.7754,116.31357,67.1536708,11514.461799999999,11747.089
341.89999999999998,11580,1.01,1,11465.3465,11580,1,1,11580,11580,0.98999999999999999,1,11696.9697,11580.7721,115.81351100000001,66.864961899999997,11464.9586,11696.5856
342,11540,1.01,1,11425.7426,11540,1,1,11540,11540,0.98999999999999999,1,11656.565699999999,11540.769399999999,115.413465,66.633994900000005,11425.3559,11656.1829
342.10000000000002,11480,1.01,1,11366.336600000001,11480,1,1,11480,11480,0.98999999999999999,1,11595.9596,11480.7654,114.813395,66.287544299999993,11365.951999999999,11595.578799999999
342.19999999999999,11440,1.01,1,11326.7327,11440,1,1,11440,11440,0.98999999999999999,1,11555.5556,11440.762699999999,114.413348,66.056577300000001,11326.349399999999,11555.176100000001
342.30000000000001,11390,1.01,1,11277.227699999999,11390,1,1,11390,11390,0.98999999999999999,1,11505.050499999999,11390.759400000001,113.91329,65.767868399999998,11276.846100000001,11504.672699999999
342.39999999999998,11340,1.01,1,11227.7228,11340,1,1,11340,11340,0.98999999999999999,1,11454.5455,11340.756100000001,113.413231,65.479159600000003,11227.3428,11454.1693
342.5,11300,1.01,1,11188.1188,11300,1,1,11300,11300,0.98999999999999999,1,11414.1414,11300.7534,113.01318499999999,65.248192599999996,11187.7402,11413.766600000001
342.60000000000002,11260,1.01,1,11148.5149,11260,1,1,11260,11260,0.98999999999999999,1,11373.7374,11260.750700000001,112.61313800000001,65.017225499999995,11148.1376,11373.3639
342.69999999999999,11210,1.01,1,11099.009899999999,11210,1,1,11210,11210,0.98999999999999999,1,11323.2323,11210.7474,112.11308,64.7285167,11098.6343,11322.860500000001
342.80000000000001,11170,1.01,1,11059.4059,11170,1,1,11170,11170,0.98999999999999999,1,11282.828299999999,11170.744699999999,111.713033,64.497549599999999,11059.0317,11282.4578
342.89999999999998,11120,1.01,1,11009.901,11120,1,1,11120,11120,0.98999999999999999,1,11232.323200000001,11120.741400000001,111.212975,64.208840800000004,11009.528399999999,11231.954400000001
343,11080,1.01,1,10970.297,11080,1,1,11080,11080,0.98999999999999999,1,11191.9192,11080.7387,110.812928,63.977873799999998,10969.925800000001,11191.5517
343.10000000000002,11030,1.01,1,10920.792100000001,11030,1,1,11030,11030,0.98999999999999999,1,11141.4141,11030.7354,110.31287,63.689165000000003,10920.422500000001,11141.0483
343.19999999999999,10990,1.01,1,10881.188099999999,10990,1,1,10990,10990,0.98999999999999999,1,11101.0101,10990.7327,109.912823,63.458197900000002,10880.8199,11100.6456
343.30000000000001,10950,1.01,1,10841.584199999999,10950,1,1,10950,10950,0.98999999999999999,1,11060.606100000001,10950.730100000001,109.512776,63.227230900000002,10841.2173,11060.2428
343.39999999999998,10900,1.01,1,10792.0792,10900,1,1,10900,10900,0.98999999999999999,1,11010.101000000001,10900.726699999999,109.01271800000001,62.938521999999999,10791.714,11009.7395
343.5,10870,1.01,1,10762.376200000001,10870,1,1,10870,10870,0.98999999999999999,1,10979.798000000001,10870.724700000001,108.712683,62.7652967,10762.0121,10979.437400000001
343.60000000000002,10820,1.01,1,10712.871300000001,10820,1,1,10820,10820,0.98999999999999999,1,10929.2929,10820.7214,108.212625,62.476587899999998,10712.5088,10928.933999999999
343.69999999999999,10780,1.01,1,10673.2673,10780,1,1,10780,10780,0.98999999999999999,1,10888.8889,10780.718699999999,107.812578,62.245620899999999,10672.906199999999,10888.531300000001
343.80000000000001,10730,1.01,1,10623.7624,10730,1,1,10730,10730,0.98999999999999999,1,10838.3838,10730.715399999999,107.31252000000001,61.956912099999997,10623.402899999999,10838.027899999999
343.89999999999998,10690,1.01,1,10584.1584,10690,1,1,10690,10690,0.98999999999999999,1,10797.979799999999,10690.7127,106.91247300000001,61.725945000000003,10583.800300000001,10797.6252
344,10650,1.01,1,10544.5545,10650,1,1,10650,10650,0.98999999999999999,1,10757.575800000001,10650.7101,106.512426,61.494978000000003,10544.1976,10757.2225
344.10000000000002,10600,1.01,1,10495.049499999999,10600,1,1,10600,10600,0.98999999999999999,1,10707.0707,10600.706700000001,106.012368,61.2062691,10494.6944,10706.7191
344.19999999999999,10550,1.01,1,10445.544599999999,10550,1,1,10550,10550,0.98999999999999999,1,10656.565699999999,10550.7034,105.51231,60.917560299999998,10445.1911,10656.215700000001
344.30000000000001,10510,1.01,1,10405.9406,10510,1,1,10510,10510,0.98999999999999999,1,10616.161599999999,10510.700699999999,105.112263,60.686593299999998,10405.5885,10615.813
344.39999999999998,10460,1.01,1,10356.435600000001,10460,1,1,10460,10460,0.98999999999999999,1,10565.6566,10460.697399999999,104.612205,60.397884500000004,10356.0852,10565.309600000001
344.5,10420,1.01,1,10316.831700000001,10420,1,1,10420,10420,0.98999999999999999,1,10525.252500000001,10420.6947,104.212158,60.166917400000003,10316.482599999999,10524.9069
344.60000000000002,10380,1.01,1,10277.227699999999,10380,1,1,10380,10380,0.98999999999999999,1,10484.8485,10380.6921,103.812111,59.935950300000002,10276.879999999999,10484.504199999999
344.69999999999999,10330,1.01,1,10227.7228,10330,1,1,10330,10330,0.98999999999999999,1,10434.3434,10330.688700000001,103.31205300000001,59.6472415,10227.376700000001,10434.0008
344.80000000000001,10290,1.01,1,10188.1188,10290,1,1,10290,10290,0.98999999999999999,1,10393.939399999999,10290.686100000001,102.91200600000001,59.4162745,10187.774100000001,10393.598099999999
344.89999999999998,10240,1.01,1,10138.6139,10240,1,1,10240,10240,0.98999999999999999,1,10343.434300000001,10240.682699999999,102.411948,59.127565699999998,10138.2708,10343.0947
345,10200,1.01,1,10099.009899999999,10200,1,1,10200,10200,0.98999999999999999,1,10303.0303,10200.6801,102.01190099999999,58.896598599999997,10098.6682,10302.691999999999
345.10000000000002,10150,1.01,1,10049.504999999999,10150,1,1,10150,10150,0.98999999999999999,1,10252.525299999999,10150.6767,101.511843,58.607889800000002,10049.1649,10252.188599999999
345.19999999999999,10100,1.01,1,10000,10100,1,1,10100,10100,0.98999999999999999,1,10202.020200000001,10100.6734,101.01178400000001,58.319181,9999.6616200000008,10201.6852
345.30000000000001,10050,1.01,1,9950.4950499999995,10050,1,1,10050,10050,0.98999999999999999,1,10151.5152,10050.670099999999,100.511726,58.030472199999998,9950.15834,10151.1818
345.39999999999998,10000,1.01,1,9900.9901000000009,10000,1,1,10000,10000,0.98999999999999999,1,10101.0101,10000.6667,100.011668,57.741763300000002,9900.6550700000007,10100.678400000001
345.5,9954,1.01,1,9855.4455400000006,9954,1,1,9954,9954,0.98999999999999999,1,10054.5455,9954.6636699999999,99.551614099999995,57.476151199999997,9855.1120499999997,10054.2153
345.60000000000002,9905,1.01,1,9806.9306899999992,9905,1,1,9905,9905,0.98999999999999999,1,10005.050499999999,9905.6604000000007,99.061556999999993,57.1932166,9806.5988400000006,10004.722
345.69999999999999,9851,1.01,1,9753.4653500000004,9851,1,1,9851,9851,0.98999999999999999,1,9950.5050499999998,9851.6568000000007,98.521494000000004,56.881411100000001,9753.1353099999997,9950.1782899999998
345.80000000000001,9805,1.01,1,9707.9207900000001,9805,1,1,9805,9805,0.98999999999999999,1,9904.0403999999999,9805.65373,98.061440300000001,56.615799000000003,9707.5922900000005,9903.7151699999995
345.89999999999998,9750,1.01,1,9653.4653500000004,9750,1,1,9750,9750,0.98999999999999999,1,9848.4848500000007,9750.6500699999997,97.511376100000007,56.2982193,9653.1386899999998,9848.1614399999999
346,9701,1.01,1,9604.9505000000008,9701,1,1,9701,9701,0.98999999999999999,1,9798.9899000000005,9701.6468000000004,97.021319000000005,56.015284600000001,9604.6254800000006,9798.6681200000003
346.10000000000002,9650,1.01,1,9554.4554499999995,9650,1,1,9650,9650,0.98999999999999999,1,9747.4747499999994,9650.6434000000008,96.5112594,55.720801600000001,9554.1321399999997,9747.1546600000001
346.19999999999999,9596,1.01,1,9500.9901000000009,9596,1,1,9596,9596,0.98999999999999999,1,9692.92929,9596.6398000000008,95.971196399999997,55.408996100000003,9500.6686000000009,9692.6109899999992
346.30000000000001,9542,1.01,1,9447.5247500000005,9542,1,1,9542,9542,0.98999999999999999,1,9638.3838400000004,9542.6362000000008,95.431133399999993,55.097190599999998,9447.2050600000002,9638.0673299999999
346.39999999999998,9488,1.01,1,9394.0594099999998,9488,1,1,9488,9488,0.98999999999999999,1,9583.8383799999992,9488.6326000000008,94.891070400000004,54.785385099999999,9393.7415299999993,9583.5236700000005
346.5,9433,1.01,1,9339.6039600000004,9433,1,1,9433,9433,0.98999999999999999,1,9528.2828300000001,9433.6289300000008,94.341006300000004,54.467805400000003,9339.2879200000007,9527.9699400000009
346.60000000000002,9372,1.01,1,9279.2079200000007,9372,1,1,9372,9372,0.98999999999999999,1,9466.6666700000005,9372.6248599999999,93.730935099999996,54.115580600000001,9278.8939300000002,9466.3557999999994
346.69999999999999,9319,1.01,1,9226.7326699999994,9319,1,1,9319,9319,0.98999999999999999,1,9413.1313100000007,9319.6213299999999,93.200873200000004,53.8095493,9226.4204599999994,9412.8222000000005
346.80000000000001,9257,1.01,1,9165.3465300000007,9257,1,1,9257,9257,0.98999999999999999,1,9350.5050499999998,9257.6172000000006,92.5808009,53.451550300000001,9165.0363899999993,9350.1980000000003
346.89999999999998,9196,1.01,1,9104.9505000000008,9196,1,1,9196,9196,0.98999999999999999,1,9288.8888900000002,9196.6131299999997,91.970729700000007,53.0993256,9104.6424000000006,9288.5838600000006
347,9142,1.01,1,9051.4851500000004,9142,1,1,9142,9142,0.98999999999999999,1,9234.3434300000008,9142.6095299999997,91.430666700000003,52.787520000000001,9051.17886,9234.0401899999997
347.10000000000002,9081,1.01,1,8991.0891100000008,9081,1,1,9081,9081,0.98999999999999999,1,9172.7272699999994,9081.6054600000007,90.820595499999996,52.4352953,8990.7848599999998,9172.4260599999998
347.19999999999999,9017,1.01,1,8927.7227700000003,9017,1,1,9017,9017,0.98999999999999999,1,9108.0808099999995,9017.6011899999994,90.180520900000005,52.065747999999999,8927.4206699999995,9107.7817099999993
347.30000000000001,8960,1.01,1,8871.2871300000006,8960,1,1,8960,8960,0.98999999999999999,1,9050.5050499999998,8960.5973900000008,89.610454399999995,51.736620000000002,8870.9869400000007,9050.2078500000007
347.39999999999998,8894,1.01,1,8805.9405900000002,8894,1,1,8894,8894,0.98999999999999999,1,8983.8383799999992,8894.5929899999992,88.950377399999994,51.355524299999999,8805.6426200000005,8983.5433699999994
347.5,8833,1.01,1,8745.5445500000005,8833,1,1,8833,8833,0.98999999999999999,1,8922.2222199999997,8833.5889299999999,88.340306200000001,51.003299599999998,8745.2486200000003,8921.9292299999997
347.60000000000002,8770,1.01,1,8683.1683200000007,8770,1,1,8770,8770,0.98999999999999999,1,8858.5858599999992,8770.5847300000005,87.710232700000006,50.639526400000001,8682.8744900000002,8858.2949599999993
347.69999999999999,8705,1.01,1,8618.8118799999993,8705,1,1,8705,8705,0.98999999999999999,1,8792.92929,8705.5803899999992,87.060156800000001,50.264204999999997,8618.5202300000001,8792.6405500000001
347.80000000000001,8640,1.01,1,8554.4554499999995,8640,1,1,8640,8640,0.98999999999999999,1,8727.2727300000006,8640.5760599999994,86.410081000000005,49.888883499999999,8554.1659799999998,8726.9861400000009
347.89999999999998,8568,1.01,1,8483.1683200000007,8568,1,1,8568,8568,0.98999999999999999,1,8654.5454499999996,8568.5712600000006,85.689997000000005,49.473142799999998,8482.8812600000001,8654.2612499999996
348,8501,1.01,1,8416.8316799999993,8501,1,1,8501,8501,0.98999999999999999,1,8586.8686899999993,8501.5667900000008,85.019918799999999,49.086272999999998,8416.5468700000001,8586.5867099999996
348.10000000000002,8433,1.01,1,8349.5049500000005,8433,1,1,8433,8433,0.98999999999999999,1,8518.1818199999998,8433.5622600000006,84.339839499999997,48.693629000000001,8349.2224200000001,8517.9020999999993
348.19999999999999,8364,1.01,1,8281.1881200000007,8364,1,1,8364,8364,0.98999999999999999,1,8448.4848500000007,8364.5576600000004,83.649759000000003,48.295210900000001,8280.9079000000002,8448.2074100000009
348.30000000000001,8293,1.01,1,8210.8910899999992,8293,1,1,8293,8293,0.98999999999999999,1,8376.7676800000008,8293.5529200000001,82.9396761,47.885244299999997,8210.6132500000003,8376.4925999999996
348.39999999999998,8226,1.01,1,8144.5544600000003,8226,1,1,8226,8226,0.98999999999999999,1,8309.0909100000008,8226.5484500000002,82.269597899999994,47.498374499999997,8144.2788600000003,8308.8180499999999
348.5,8156,1.01,1,8075.2475199999999,8156,1,1,8156,8156,0.98999999999999999,1,8238.3838400000004,8156.5437899999997,81.569516300000004,47.094182199999999,8074.9742699999997,8238.1133000000009
348.60000000000002,8084,1.01,1,8003.9603999999999,8084,1,1,8084,8084,0.98999999999999999,1,8165.6565700000001,8084.53899,80.849432300000004,46.678441499999998,8003.6895500000001,8165.3884200000002
348.69999999999999,8013,1.01,1,7933.6633700000002,8013,1,1,8013,8013,0.98999999999999999,1,8093.9393899999995,8013.5342499999997,80.1393494,46.268475000000002,7933.3949000000002,8093.6736000000001
348.80000000000001,7934,1.01,1,7855.4455399999997,7934,1,1,7934,7934,0.98999999999999999,1,8014.1414100000002,7934.5289899999998,79.349257199999997,45.812314999999998,7855.1797299999998,8013.87824
348.89999999999998,7863,1.01,1,7785.14851,7863,1,1,7863,7863,0.98999999999999999,1,7942.4242400000003,7863.5242500000004,78.639174400000002,45.402348500000002,7784.88508,7942.1634299999996
349,7791,1.01,1,7713.86139,7791,1,1,7791,7791,0.98999999999999999,1,7869.69697,7791.5194499999998,77.919090400000002,44.986607800000002,7713.6003600000004,7869.4385400000001
349.10000000000002,7715,1.01,1,7638.6138600000004,7715,1,1,7715,7715,0.98999999999999999,1,7792.92929,7715.5143799999996,77.159001700000005,44.547770399999997,7638.35538,7792.6733899999999
349.19999999999999,7632,1.01,1,7556.4356399999997,7632,1,1,7632,7632,0.98999999999999999,1,7709.0909099999999,7632.5088500000002,76.328904899999998,44.068513799999998,7556.1799499999997,7708.8377600000003
349.30000000000001,7562,1.01,1,7487.12871,7562,1,1,7562,7562,0.98999999999999999,1,7638.3838400000004,7562.5041799999999,75.628823199999999,43.664321399999999,7486.87536,7638.1330099999996
349.39999999999998,7476,1.01,1,7401.9802,7476,1,1,7476,7476,0.98999999999999999,1,7551.5151500000002,7476.49845,74.7687229,43.1677423,7401.72973,7551.2671700000001
349.5,7401,1.01,1,7327.7227700000003,7401,1,1,7401,7401,0.98999999999999999,1,7475.7575800000004,7401.4934499999999,74.018635399999994,42.734679,7327.4748099999997,7475.5120800000004
349.60000000000002,7321,1.01,1,7248.5148499999996,7321,1,1,7321,7321,0.98999999999999999,1,7394.94949,7321.48812,73.218541999999999,42.272744899999999,7248.2695700000004,7394.7066599999998
349.69999999999999,7248,1.01,1,7176.2376199999999,7248,1,1,7248,7248,0.98999999999999999,1,7321.2121200000001,7248.4832500000002,72.488456799999994,41.851230100000002,7175.9947899999997,7320.9717099999998
349.80000000000001,7166,1.01,1,7095.0495000000001,7166,1,1,7166,7166,0.98999999999999999,1,7238.3838400000004,7166.4777800000002,71.668361200000007,41.377747599999999,7094.8094199999996,7238.1461399999998
349.89999999999998,7091,1.01,1,7020.7920800000002,7091,1,1,7091,7091,0.98999999999999999,1,7162.62626,7091.4727800000001,70.9182737,40.9446844,7020.5545099999999,7162.3910500000002
350,7011,1.01,1,6941.5841600000003,7011,1,1,7011,7011,0.98999999999999999,1,7081.8181800000002,7011.4674500000001,70.118180300000006,40.482750299999999,6941.3492699999997,7081.5856299999996
350.10000000000002,6927,1.01,1,6858.4158399999997,6927,1,1,6927,6927,0.98999999999999999,1,6996.9696999999996,6927.4618499999997,69.278082299999994,39.997719500000002,6858.1837599999999,6996.7399299999997
350.19999999999999,6851,1.01,1,6783.1683199999998,6851,1,1,6851,6851,0.98999999999999999,1,6920.2020199999997,6851.4567800000004,68.517993599999997,39.558882099999998,6782.9387900000002,6919.9747699999998
350.30000000000001,6768,1.01,1,6700.9901,6768,1,1,6768,6768,0.98999999999999999,1,6836.3636399999996,6768.4512500000001,67.687896800000004,39.079625399999998,6700.7633500000002,6836.1391400000002
350.39999999999998,6693,1.01,1,6626.7326700000003,6693,1,1,6693,6693,0.98999999999999999,1,6760.6060600000001,6693.4462400000002,66.937809299999998,38.646562199999998,6626.5084399999996,6760.3840499999997
350.5,6602,1.01,1,6536.6336600000004,6602,1,1,6602,6602,0.98999999999999999,1,6668.6868700000005,6602.4401799999996,66.027703099999997,38.121112199999999,6536.4124700000002,6668.4678800000002
350.60000000000002,6524,1.01,1,6459.4059399999996,6524,1,1,6524,6524,0.98999999999999999,1,6589.8989899999997,6524.43498,65.247612099999998,37.6707264,6459.1873599999999,6589.6825900000003
350.69999999999999,6434,1.01,1,6370.2970299999997,6434,1,1,6434,6434,0.98999999999999999,1,6498.9898999999996,6434.4289799999997,64.347507100000001,37.151050499999997,6370.0814700000001,6498.7764800000004
350.80000000000001,6359,1.01,1,6296.0396000000001,6359,1,1,6359,6359,0.98999999999999999,1,6423.2323200000001,6359.4239799999996,63.597419600000002,36.717987299999997,6295.8265600000004,6423.0213999999996
350.89999999999998,6272,1.01,1,6209.9009900000001,6272,1,1,6272,6272,0.98999999999999999,1,6335.3535400000001,6272.4181799999997,62.727318099999998,36.215634000000001,6209.6908599999997,6335.1454899999999
351,6195,1.01,1,6133.6633700000002,6195,1,1,6195,6195,0.98999999999999999,1,6257.5757599999997,6195.4130400000004,61.957228200000003,35.7710224,6133.4558100000004,6257.3702700000003
351.10000000000002,6110,1.01,1,6049.5049499999996,6110,1,1,6110,6110,0.98999999999999999,1,6171.7171699999999,6110.4073699999999,61.107129,35.280217399999998,6049.3002500000002,6171.5145000000002
351.19999999999999,6030,1.01,1,5970.2970299999997,6030,1,1,6030,6030,0.98999999999999999,1,6090.9090900000001,6030.4020399999999,60.3070357,34.818283299999997,5970.0950000000003,6090.7090799999996
351.30000000000001,5948,1.01,1,5889.1089099999999,5948,1,1,5948,5948,0.98999999999999999,1,6008.0808100000004,5948.3965699999999,59.486939999999997,34.344800800000002,5888.9096300000001,6007.8835099999997
351.39999999999998,5864,1.01,1,5805.9405900000002,5864,1,1,5864,5864,0.98999999999999999,1,5923.2323200000001,5864.3909700000004,58.646841999999999,33.859769999999997,5805.74413,5923.0378099999998
351.5,5784,1.01,1,5726.7326700000003,5784,1,1,5784,5784,0.98999999999999999,1,5842.4242400000003,5784.3856400000004,57.846748699999999,33.397835899999997,5726.5388899999998,5842.2323900000001
351.60000000000002,5702,1.01,1,5645.5445499999996,5702,1,1,5702,5702,0.98999999999999999,1,5759.5959599999996,5702.3801700000004,57.026653000000003,32.924353500000002,5645.3535199999997,5759.4068200000002
351.69999999999999,5623,1.01,1,5567.3267299999998,5623,1,1,5623,5623,0.98999999999999999,1,5679.7979800000003,5623.3748999999998,56.236560799999999,32.468193499999998,5567.1383400000004,5679.6114600000001
351.80000000000001,5533,1.01,1,5478.2178199999998,5533,1,1,5533,5533,0.98999999999999999,1,5588.8888900000002,5533.3689000000004,55.336455800000003,31.9485177,5478.0324499999997,5588.7053599999999
351.89999999999998,5454,1.01,1,5400,5454,1,1,5454,5454,0.98999999999999999,1,5509.0909099999999,5454.3636399999996,54.546363599999999,31.492357699999999,5399.8172699999996,5508.9099999999999
352,5373,1.01,1,5319.8019800000002,5373,1,1,5373,5373,0.98999999999999999,1,5427.2727299999997,5373.3582399999996,53.736269100000001,31.024649400000001,5319.6219700000001,5427.0945000000002
352.10000000000002,5290,1.01,1,5237.6237600000004,5290,1,1,5290,5290,0.98999999999999999,1,5343.4343399999998,5290.3527000000004,52.906172300000001,30.545392799999998,5237.4465300000002,5343.2588699999997
352.19999999999999,5203,1.01,1,5151.4851500000004,5203,1,1,5203,5203,0.98999999999999999,1,5255.5555599999998,5203.3468999999996,52.036070799999997,30.043039499999999,5151.3108300000004,5255.3829699999997
352.30000000000001,5129,1.01,1,5078.2178199999998,5129,1,1,5129,5129,0.98999999999999999,1,5180.8080799999998,5129.3419700000004,51.295984400000002,29.6157504,5078.0459799999999,5180.6379500000003
352.39999999999998,5046,1.01,1,4996.0396000000001,5046,1,1,5046,5046,0.98999999999999999,1,5096.9696999999996,5046.3364300000003,50.465887600000002,29.1364938,4995.8705499999996,5096.8023199999998
352.5,4967,1.01,1,4917.8217800000002,4967,1,1,4967,4967,0.98999999999999999,1,5017.1717200000003,4967.3311700000004,49.675795399999998,28.6803338,4917.6553700000004,5017.0069599999997
352.60000000000002,4893,1.01,1,4844.5544600000003,4893,1,1,4893,4893,0.98999999999999999,1,4942.4242400000003,4893.3262299999997,48.935709099999997,28.253044800000001,4844.3905199999999,4942.2619400000003
352.69999999999999,4808,1.01,1,4760.3960399999996,4808,1,1,4808,4808,0.98999999999999999,1,4856.5656600000002,4808.3205699999999,48.085609900000001,27.7622398,4760.2349599999998,4856.4061799999999
352.80000000000001,4731,1.01,1,4684.1584199999998,4731,1,1,4731,4731,0.98999999999999999,1,4778.7878799999999,4731.3154299999997,47.315519999999999,27.317628200000001,4683.9999100000005,4778.6309499999998
352.89999999999998,4651,1.01,1,4604.9504999999999,4651,1,1,4651,4651,0.98999999999999999,1,4697.9798000000001,4651.3100999999997,46.515426699999999,26.855694100000001,4604.7946700000002,4697.8255200000003
353,4582,1.01,1,4536.6336600000004,4582,1,1,4582,4582,0.98999999999999999,1,4628.2828300000001,4582.3055000000004,45.825346199999998,26.457276,4536.4801500000003,4628.1308399999998
353.10000000000002,4496,1.01,1,4451.4851500000004,4496,1,1,4496,4496,0.98999999999999999,1,4541.4141399999999,4496.2997599999999,44.965245899999999,25.960696800000001,4451.3345200000003,4541.2650100000001
353.19999999999999,4423,1.01,1,4379.2079199999998,4423,1,1,4423,4423,0.98999999999999999,1,4467.67677,4423.2948999999999,44.235160700000002,25.539181899999999,4379.0597399999997,4467.53006
353.30000000000001,4343,1.01,1,4300,4343,1,1,4343,4343,0.98999999999999999,1,4386.8686900000002,4343.2895600000002,43.4350673,25.077247799999999,4299.8544899999997,4386.7246299999997
353.39999999999998,4268,1.01,1,4225.7425700000003,4268,1,1,4268,4268,0.98999999999999999,1,4311.1111099999998,4268.2845600000001,42.684979800000001,24.644184599999999,4225.5995800000001,4310.9695400000001
353.5,4191,1.01,1,4149.5049499999996,4191,1,1,4191,4191,0.98999999999999999,1,4233.3333300000004,4191.2794299999996,41.91489,24.199573000000001,4149.3645399999996,4233.1943199999996
353.60000000000002,4120,1.01,1,4079.2079199999998,4120,1,1,4120,4120,0.98999999999999999,1,4161.6161599999996,4120.2746900000002,41.204807099999996,23.789606500000001,4079.0698900000002,4161.4795000000004
353.69999999999999,4046,1.01,1,4005.9405900000002,4046,1,1,4046,4046,0.98999999999999999,1,4086.8686899999998,4046.2697600000001,40.464720800000002,23.362317399999998,4005.8050400000002,4086.7344800000001
353.80000000000001,3974,1.01,1,3934.6534700000002,3974,1,1,3974,3974,0.98999999999999999,1,4014.1414100000002,3974.26496,39.744636800000002,22.946576799999999,3934.5203200000001,4014.0095999999999
353.89999999999998,3906,1.01,1,3867.3267300000002,3906,1,1,3906,3906,0.98999999999999999,1,3945.4545499999999,3906.2604299999998,39.064557499999999,22.553932799999998,3867.19587,3945.3249799999999
354,3831,1.01,1,3793.0693099999999,3831,1,1,3831,3831,0.98999999999999999,1,3869.69697,3831.2554300000002,38.314469899999999,22.120869500000001,3792.9409599999999,3869.5699
354.10000000000002,3763,1.01,1,3725.7425699999999,3763,1,1,3763,3763,0.98999999999999999,1,3801.0101,3763.2508899999998,37.634390600000003,21.728225500000001,3725.6165000000001,3800.88528
354.19999999999999,3693,1.01,1,3656.4356400000001,3693,1,1,3693,3693,0.98999999999999999,1,3730.30303,3693.24622,36.934308899999998,21.324033199999999,3656.3119200000001,3730.1805300000001
354.30000000000001,3625,1.01,1,3589.1089099999999,3625,1,1,3625,3625,0.98999999999999999,1,3661.61616,3625.2416899999998,36.254229600000002,20.931389200000002,3588.9874599999998,3661.4959199999998
354.39999999999998,3555,1.01,1,3519.8019800000002,3555,1,1,3555,3555,0.98999999999999999,1,3590.9090900000001,3555.23702,35.554147899999997,20.5271969,3519.6828799999998,3590.79117
354.5,3489,1.01,1,3454.4554499999999,3489,1,1,3489,3489,0.98999999999999999,1,3524.24242,3489.2326200000002,34.894070900000003,20.1461012,3454.3385499999999,3524.1266900000001
354.60000000000002,3418,1.01,1,3384.1584200000002,3418,1,1,3418,3418,0.98999999999999999,1,3452.5252500000001,3418.2278900000001,34.183988100000001,19.736134700000001,3384.0439000000001,3452.4118800000001
354.69999999999999,3355,1.01,1,3321.7821800000002,3355,1,1,3355,3355,0.98999999999999999,1,3388.8888900000002,3355.2236899999998,33.553914599999999,19.372361600000001,3321.66977,3388.7775999999999
354.80000000000001,3289,1.01,1,3256.4356400000001,3289,1,1,3289,3289,0.98999999999999999,1,3322.2222200000001,3289.21929,32.893837499999997,18.991266,3256.3254499999998,3322.1131300000002
354.89999999999998,3226,1.01,1,3194.0594099999998,3226,1,1,3226,3226,0.98999999999999999,1,3258.5858600000001,3226.2150900000001,32.263764000000002,18.6274929,3193.9513200000001,3258.47885
355,3160,1.01,1,3128.7128699999998,3160,1,1,3160,3160,0.98999999999999999,1,3191.9191900000001,3160.2106899999999,31.603687000000001,18.246397200000001,3128.607,3191.8143700000001
355.10000000000002,3100,1.01,1,3069.3069300000002,3100,1,1,3100,3100,0.98999999999999999,1,3131.31313,3100.20669,31.003616999999998,17.8999466,3069.20307,3131.2103000000002
355.19999999999999,3042,1.01,1,3011.8811900000001,3042,1,1,3042,3042,0.98999999999999999,1,3072.7272699999999,3042.20282,30.423549399999999,17.565044400000001,3011.77927,3072.62637
355.30000000000001,2979,1.01,1,2949.50495,2979,1,1,2979,2979,0.98999999999999999,1,3009.0909099999999,2979.1986200000001,29.7934758,17.201271299999998,2949.4051399999998,3008.9920999999999
355.39999999999998,2923,1.01,1,2894.0594099999998,2923,1,1,2923,2923,0.98999999999999999,1,2952.5252500000001,2923.1948900000002,29.233410500000002,16.877917400000001,2893.9614799999999,2952.4283
355.5,2858,1.01,1,2829.7029699999998,2858,1,1,2858,2858,0.98999999999999999,1,2886.8686899999998,2858.1905499999998,28.583334700000002,16.502596,2829.6072199999999,2886.7738899999999
355.60000000000002,2807,1.01,1,2779.2079199999998,2807,1,1,2807,2807,0.98999999999999999,1,2835.3535400000001,2807.1871500000002,28.073275200000001,16.208113000000001,2779.1138799999999,2835.2604299999998
355.69999999999999,2747,1.01,1,2719.8019800000002,2747,1,1,2747,2747,0.98999999999999999,1,2774.7474699999998,2747.1831499999998,27.473205199999999,15.8616624,2719.7099499999999,2774.6563599999999
355.80000000000001,2695,1.01,1,2668.3168300000002,2695,1,1,2695,2695,0.98999999999999999,1,2722.2222200000001,2695.1796800000002,26.953144500000001,15.561405199999999,2668.2265400000001,2722.13283
355.89999999999998,2633,1.01,1,2606.9306900000001,2633,1,1,2633,2633,0.98999999999999999,1,2659.5959600000001,2633.1755499999999,26.333072099999999,15.203406299999999,2606.8424799999998,2659.5086200000001
356,2583,1.01,1,2557.4257400000001,2583,1,1,2583,2583,0.98999999999999999,1,2609.0909099999999,2583.1722199999999,25.8330138,14.914697500000001,2557.3391999999999,2609.0052300000002
356.10000000000002,2524,1.01,1,2499.0099,2524,1,1,2524,2524,0.98999999999999999,1,2549.4949499999998,2524.1682799999999,25.242944999999999,14.5740211,2498.9253399999998,2549.4112300000002
356.19999999999999,2475,1.01,1,2450.49505,2475,1,1,2475,2475,0.98999999999999999,1,2500,2475.1650199999999,24.7528878,14.291086399999999,2450.4121300000002,2499.9178999999999
356.30000000000001,2424,1.01,1,2400,2424,1,1,2424,2424,0.98999999999999999,1,2448.4848499999998,2424.1616199999999,24.242828299999999,13.9966034,2399.9187900000002,2448.4044399999998
356.39999999999998,2374,1.01,1,2350.49505,2374,1,1,2374,2374,0.98999999999999999,1,2397.9798000000001,2374.1582800000001,23.742769899999999,13.707894599999999,2350.4155099999998,2397.9010499999999
356.5,2324,1.01,1,2300.9901,2324,1,1,2324,2324,0.98999999999999999,1,2347.4747499999999,2324.1549500000001,23.2427116,13.419185799999999,2300.9122400000001,2347.3976600000001
356.60000000000002,2276,1.01,1,2253.4653499999999,2276,1,1,2276,2276,0.98999999999999999,1,2298.9899,2276.15175,22.762655599999999,13.1420253,2253.3890900000001,2298.9144000000001
356.69999999999999,2227,1.01,1,2204.9504999999999,2227,1,1,2227,2227,0.98999999999999999,1,2249.4949499999998,2227.1484799999998,22.2725984,12.859090699999999,2204.8758800000001,2249.4210800000001
356.80000000000001,2184,1.01,1,2162.3762400000001,2184,1,1,2184,2184,0.98999999999999999,1,2206.06061,2184.14561,21.842548300000001,12.6108011,2162.3030699999999,2205.9881599999999
356.89999999999998,2138,1.01,1,2116.8316799999998,2138,1,1,2138,2138,0.98999999999999999,1,2159.5959600000001,2138.14255,21.382494600000001,12.345189,2116.7600499999999,2159.52504
357,2090,1.01,1,2069.3069300000002,2090,1,1,2090,2090,0.98999999999999999,1,2111.1111099999998,2090.1393499999999,20.9024386,12.0680285,2069.2369100000001,2111.0417900000002
357.10000000000002,2046,1.01,1,2025.7425699999999,2046,1,1,2046,2046,0.98999999999999999,1,2066.6666700000001,2046.1364100000001,20.462387199999998,11.813964800000001,2025.6740299999999,2066.5988000000002
357.19999999999999,2002,1.01,1,1982.17822,2002,1,1,2002,2002,0.98999999999999999,1,2022.2222200000001,2002.13348,20.022335900000002,11.559901,1982.11114,2022.1558199999999
357.30000000000001,1959,1.01,1,1939.6039599999999,1959,1,1,1959,1959,0.98999999999999999,1,1978.7878800000001,1959.1306099999999,19.592285700000001,11.3116114,1939.5383300000001,1978.7229
357.39999999999998,1911,1.01,1,1892.0792100000001,1911,1,1,1911,1911,0.98999999999999999,1,1930.30303,1911.1274100000001,19.1122297,11.034451000000001,1892.0151800000001,1930.23964
357.5,1872,1.01,1,1853.4653499999999,1872,1,1,1872,1872,0.98999999999999999,1,1890.9090900000001,1872.12481,18.722184200000001,10.809258099999999,1853.40263,1890.847
357.60000000000002,1830,1.01,1,1811.8811900000001,1830,1,1,1830,1830,0.98999999999999999,1,1848.4848500000001,1830.12201,18.302135199999999,10.566742700000001,1811.81988,1848.4241500000001
357.69999999999999,1793,1.01,1,1775.2475199999999,1793,1,1,1793,1793,0.98999999999999999,1,1811.1111100000001,1793.1195499999999,17.932092000000001,10.3530982,1775.1874499999999,1811.0516399999999
357.80000000000001,1756,1.01,1,1738.6138599999999,1756,1,1,1756,1756,0.98999999999999999,1,1773.7373700000001,1756.11708,17.562048900000001,10.1394536,1738.55503,1773.67913
357.89999999999998,1716,1.01,1,1699.0099,1716,1,1,1716,1716,0.98999999999999999,1,1733.3333299999999,1716.1144099999999,17.1620022,9.9084865900000008,1698.9524100000001,1733.2764099999999
358,1681,1.01,1,1664.35644,1681,1,1,1681,1681,0.98999999999999999,1,1697.9798000000001,1681.1120800000001,16.811961400000001,9.70639042,1664.3001200000001,1697.9240400000001
358.10000000000002,1645,1.01,1,1628.7128700000001,1645,1,1,1645,1645,0.98999999999999999,1,1661.61616,1645.10968,16.451919400000001,9.4985200699999996,1628.6577600000001,1661.5616
358.19999999999999,1611,1.01,1,1595.0495000000001,1611,1,1,1611,1611,0.98999999999999999,1,1627.2727299999999,1611.1074100000001,16.111879699999999,9.3021980699999993,1594.9955299999999,1627.21929
358.30000000000001,1574,1.01,1,1558.4158399999999,1574,1,1,1574,1574,0.98999999999999999,1,1589.8989899999999,1574.1049399999999,15.7418365,9.0885535500000003,1558.36311,1589.8467800000001
358.39999999999998,1539,1.01,1,1523.7623799999999,1539,1,1,1539,1539,0.98999999999999999,1,1554.5454500000001,1539.1026099999999,15.391795699999999,8.8864573799999995,1523.71081,1554.49441
358.5,1507,1.01,1,1492.0792100000001,1507,1,1,1507,1507,0.98999999999999999,1,1522.2222200000001,1507.1004800000001,15.071758300000001,8.7016837299999992,1492.02872,1522.1722400000001
358.60000000000002,1471,1.01,1,1456.4356399999999,1471,1,1,1471,1471,0.98999999999999999,1,1485.85859,1471.09808,14.711716300000001,8.4938133899999997,1456.38636,1485.80979
358.69999999999999,1438,1.01,1,1423.7623799999999,1438,1,1,1438,1438,0.98999999999999999,1,1452.5252499999999,1438.0958800000001,14.3816778,8.3032655700000007,1423.7141999999999,1452.4775500000001
358.80000000000001,1407,1.01,1,1393.0693100000001,1407,1,1,1407,1407,0.98999999999999999,1,1421.2121199999999,1407.0938100000001,14.071641700000001,8.1242660999999998,1393.02217,1421.16545
358.89999999999998,1356,1.01,1,1342.5742600000001,1356,1,1,1356,1356,0.98999999999999999,1,1369.69697,1356.09041,13.5615822,7.8297831100000002,1342.52883,1369.6519900000001
359,1326,1.01,1,1312.87129,1326,1,1,1326,1326,0.98999999999999999,1,1339.3939399999999,1326.0884100000001,13.261547200000001,7.6565578199999997,1312.8268599999999,1339.34996
359.10000000000002,1298,1.01,1,1285.14851,1298,1,1,1298,1298,0.98999999999999999,1,1311.1111100000001,1298.08654,12.981514499999999,7.4948808800000002,1285.1050299999999,1311.0680600000001
359.19999999999999,1270,1.01,1,1257.4257399999999,1270,1,1,1270,1270,0.98999999999999999,1,1282.8282799999999,1270.0846799999999,12.7014818,7.3332039399999998,1257.38319,1282.7861600000001
359.30000000000001,1241,1.01,1,1228.7128700000001,1241,1,1,1241,1241,0.98999999999999999,1,1253.5353500000001,1241.0827400000001,12.411448,7.1657528299999997,1228.67129,1253.4941899999999
359.39999999999998,1213,1.01,1,1200.9901,1213,1,1,1213,1213,0.98999999999999999,1,1225.25253,1213.08087,12.1314153,7.0040758900000002,1200.94946,1225.2122899999999
359.5,1191,1.01,1,1179.2079200000001,1191,1,1,1191,1191,0.98999999999999999,1,1203.0302999999999,1191.0794100000001,11.9113896,6.8770440099999997,1179.1680200000001,1202.9908
359.60000000000002,1164,1.01,1,1152.47525,1164,1,1,1164,1164,0.98999999999999999,1,1175.75758,1164.07761,11.6413581,6.7211412499999996,1152.43625,1175.7189699999999
359.69999999999999,1138,1.01,1,1126.7326700000001,1138,1,1,1138,1138,0.98999999999999999,1,1149.49495,1138.0758699999999,11.381327799999999,6.57101267,1126.6945499999999,1149.4572000000001
359.80000000000001,1115,1.01,1,1103.9603999999999,1115,1,1,1115,1115,0.98999999999999999,1,1126.2626299999999,1115.0743399999999,11.151301,6.4382066099999999,1103.9230399999999,1126.2256400000001
359.89999999999998,1085,1.01,1,1074.2574300000001,1085,1,1,1085,1085,0.98999999999999999,1,1095.9595999999999,1085.0723399999999,10.851266000000001,6.2649813200000004,1074.2210700000001,1095.9236100000001
360,1036,1.01,1,1025.7425699999999,1036,1,1,1036,1036,0.98999999999999999,1,1046.4646499999999,1036.06907,10.3612088,5.9820466799999998,1025.70786,1046.43028
360.10000000000002,1014,1.01,1,1003.9604,1014,1,1,1014,1014,0.98999999999999999,1,1024.24242,1014.0676099999999,10.141183099999999,5.8550148000000002,1003.92642,1024.2087899999999
360.19999999999999,990.5,1.01,1,980.69306900000004,990.5,1,1,990.5,990.5,0.98999999999999999,1,1000.50505,990.56604000000004,9.9061556999999993,5.7193216600000003,980.65988400000003,1000.4722
360.30000000000001,970.70000000000005,1.01,1,961.08910900000001,970.70000000000005,1,1,970.70000000000005,970.70000000000005,0.98999999999999999,1,980.50505099999998,970.76472000000001,9.7081326000000008,5.6049929699999996,961.05658700000004,980.47285199999999
360.39999999999998,948.89999999999998,1.01,1,939.50495000000001,948.89999999999998,1,1,948.89999999999998,948.89999999999998,0.98999999999999999,1,958.48484800000006,948.96326599999998,9.4901071600000009,5.4791159199999999,939.47315900000001,958.45337300000006
360.5,928.70000000000005,1.01,1,919.50495000000001,928.70000000000005,1,1,928.70000000000005,928.70000000000005,0.98999999999999999,1,938.08080800000005,928.76192000000003,9.2880835899999994,5.3624775600000003,919.47383600000001,938.05000299999995
360.60000000000002,908,1.01,1,899.00990100000001,908,1,1,908,908,0.98999999999999999,1,917.17171699999994,908.06053899999995,9.0810594400000006,5.2429521100000001,898.97947999999997,917.14159900000004
360.69999999999999,889.5,1.01,1,880.69306900000004,889.5,1,1,889.5,889.5,0.98999999999999999,1,898.48484800000006,889.55930599999999,8.8960378500000008,5.1361298499999997,880.66326800000002,898.45534399999997
360.80000000000001,870.60000000000002,1.01,1,861.98019799999997,870.60000000000002,1,1,870.60000000000002,870.60000000000002,0.98999999999999999,1,879.39393900000005,870.65804600000001,8.7070158000000006,5.0269979200000003,861.95102999999995,879.36506199999997
360.89999999999998,851.89999999999998,1.01,1,843.46534699999995,851.89999999999998,1,1,851.89999999999998,851.89999999999998,0.98999999999999999,1,860.50505099999998,851.95679900000005,8.5199939800000006,4.9190208200000001,843.43680500000005,860.47679300000004
361,834.10000000000002,1.01,1,825.84158400000001,834.10000000000002,1,1,834.10000000000002,834.10000000000002,0.98999999999999999,1,842.52525300000002,834.15561200000002,8.3419732100000008,4.8162404800000003,825.81363899999997,842.49758499999996
361.10000000000002,815.89999999999998,1.01,1,807.82178199999998,815.89999999999998,1,1,815.89999999999998,815.89999999999998,0.98999999999999999,1,824.14141400000005,815.95439899999997,8.1599519800000007,4.7111504699999998,807.79444699999999,824.11435100000006
361.19999999999999,799.10000000000002,1.01,1,791.18811900000003,799.10000000000002,1,1,799.10000000000002,799.10000000000002,0.98999999999999999,1,807.17171699999994,799.153279,7.9919323799999997,4.6141443100000004,791.16134599999998,807.14521100000002
361.30000000000001,781.79999999999995,1.01,1,774.05940599999997,781.79999999999995,1,1,781.79999999999995,781.79999999999995,0.98999999999999999,1,789.69696999999996,781.852125,7.8189121899999998,4.5142510600000003,774.03321300000005,789.67103699999996
361.39999999999998,765.70000000000005,1.01,1,758.11881200000005,765.70000000000005,1,1,765.70000000000005,765.70000000000005,0.98999999999999999,1,773.43434300000001,765.75105199999996,7.6578933999999999,4.4212868199999997,758.09315800000002,773.40894500000002
361.5,748.5,1.01,1,741.08910900000001,748.5,1,1,748.5,748.5,0.98999999999999999,1,756.06060600000001,748.54990499999997,7.4858733400000004,4.3219709899999996,741.064032,756.03577800000005
361.60000000000002,733.79999999999995,1.01,1,726.53465300000005,733.79999999999995,1,1,733.79999999999995,733.79999999999995,0.98999999999999999,1,741.21212100000002,733.84892500000001,7.3388561799999996,4.2370905900000002,726.51006900000004,741.18778099999997
361.69999999999999,717.79999999999995,1.01,1,710.69306900000004,717.79999999999995,1,1,717.79999999999995,717.79999999999995,0.98999999999999999,1,725.05050500000004,717.84785799999997,7.1788375200000001,4.1447037699999996,710.66902100000004,725.02669600000002
361.80000000000001,702.70000000000005,1.01,1,695.74257399999999,702.70000000000005,1,1,702.70000000000005,702.70000000000005,0.98999999999999999,1,709.79798000000005,702.74685099999999,7.0278198999999999,4.0575137100000003,695.71903099999997,709.77467100000001
361.89999999999998,687.60000000000002,1.01,1,680.79207899999994,687.60000000000002,1,1,687.60000000000002,687.60000000000002,0.98999999999999999,1,694.54545499999995,687.64584500000001,6.8768022799999997,3.9703236500000001,680.76904200000001,694.52264700000001
362,674,1.01,1,667.32673299999999,674,1,1,674,674,0.98999999999999999,1,680.80808100000002,674.044938,6.7407864100000001,3.8917948500000001,667.30415100000005,680.78572399999996
362.10000000000002,660,1.01,1,653.46534699999995,660,1,1,660,660,0.98999999999999999,1,666.66666699999996,660.04400399999997,6.6007700800000002,3.8109563799999999,653.44323399999996,666.64477399999998
362.19999999999999,646.29999999999995,1.01,1,639.90098999999998,646.29999999999995,1,1,646.29999999999995,646.29999999999995,0.98999999999999999,1,652.82828300000006,646.34309099999996,6.4637540900000001,3.73185016,639.87933699999996,652.80684499999995
362.30000000000001,633.20000000000005,1.01,1,626.93069300000002,633.20000000000005,1,1,633.20000000000005,633.20000000000005,0.98999999999999999,1,639.59595999999999,633.24221799999998,6.3327388100000004,3.6562084499999998,626.90947900000003,639.57495600000004
362.39999999999998,619.70000000000005,1.01,1,613.56435599999998,619.70000000000005,1,1,619.70000000000005,619.70000000000005,0.98999999999999999,1,625.95959600000003,619.74131699999998,6.1977230499999996,3.5782570699999998,613.54359399999998,625.93904099999997
362.5,607.60000000000002,1.01,1,601.584158,607.60000000000002,1,1,607.60000000000002,607.60000000000002,0.98999999999999999,1,613.73737400000005,607.64051099999995,6.0767089399999996,3.50838954,601.56380200000001,613.71722
362.60000000000002,594.79999999999995,1.01,1,588.91089099999999,594.79999999999995,1,1,594.79999999999995,594.79999999999995,0.98999999999999999,1,600.80808100000002,594.83965699999999,5.9486939999999997,3.4344800800000002,588.89096300000006,600.78835100000003
362.69999999999999,583,1.01,1,577.22772299999997,583,1,1,583,583,0.98999999999999999,1,588.88888899999995,583.03887099999997,5.8306802299999996,3.3663447999999998,577.20818999999995,588.869551
362.80000000000001,570.10000000000002,1.01,1,564.45544600000005,570.10000000000002,1,1,570.10000000000002,570.10000000000002,0.98999999999999999,1,575.85858599999995,570.13801000000001,5.70166518,3.2918579299999999,564.43634499999996,575.83967600000005
362.89999999999998,559.10000000000002,1.01,1,553.56435599999998,559.10000000000002,1,1,559.10000000000002,559.10000000000002,0.98999999999999999,1,564.74747500000001,559.13727700000004,5.5916523500000004,3.2283419900000001,553.54562499999997,564.72892899999999
363,547.39999999999998,1.01,1,541.98019799999997,547.39999999999998,1,1,547.39999999999998,547.39999999999998,0.98999999999999999,1,552.92929300000003,547.43649700000003,5.4746386999999999,3.1607841300000001,541.96185800000001,552.91113600000006
363.10000000000002,536.5,1.01,1,531.18811900000003,536.5,1,1,536.5,536.5,0.98999999999999999,1,541.91919199999995,536.53576999999996,5.3656259799999999,3.0978455999999999,531.17014400000005,541.90139599999998
363.19999999999999,525.20000000000005,1.01,1,520,525.20000000000005,1,1,525.20000000000005,525.20000000000005,0.98999999999999999,1,530.50505099999998,525.23501699999997,5.2526127899999997,3.0325974100000002,519.98240399999997,530.48762999999997
363.30000000000001,515.10000000000002,1.01,1,510,515.10000000000002,1,1,515.10000000000002,515.10000000000002,0.98999999999999999,1,520.30303000000004,515.13434299999994,5.1516010100000003,2.9742782299999999,509.98274199999997,520.28594399999997
363.39999999999998,505,1.01,1,500,505,1,1,505,505,0.98999999999999999,1,510.10100999999997,505.03366999999997,5.05058922,2.9159590500000001,499.98308100000003,510.08425899999997
363.5,494.69999999999999,1.01,1,489.80198000000001,494.69999999999999,1,1,494.69999999999999,494.69999999999999,0.98999999999999999,1,499.69697000000002,494.73298299999999,4.9475772100000004,2.85648503,489.78540600000002,499.68056100000001
363.60000000000002,485,1.01,1,480.19801999999999,485,1,1,485,485,0.98999999999999999,1,489.89899000000003,485.03233699999998,4.8505658900000004,2.80047552,480.18177100000003,489.882902
363.69999999999999,475.19999999999999,1.01,1,470.49504999999999,475.19999999999999,1,1,475.19999999999999,475.19999999999999,0.98999999999999999,1,480,475.23168299999998,4.7525544499999999,2.7438885900000001,470.479129,479.984238
363.80000000000001,466.30000000000001,1.01,1,461.68316800000002,466.30000000000001,1,1,466.30000000000001,466.30000000000001,0.98999999999999999,1,471.01010100000002,466.33109000000002,4.6635440700000004,2.6924984200000002,461.66754600000002,470.99463400000002
363.89999999999998,456.60000000000002,1.01,1,452.07920799999999,456.60000000000002,1,1,456.60000000000002,456.60000000000002,0.98999999999999999,1,461.21212100000002,456.63044300000001,4.5665327500000004,2.6364889100000002,452.06391000000002,461.19697600000001
364,448.19999999999999,1.01,1,443.76237600000002,448.19999999999999,1,1,448.19999999999999,448.19999999999999,0.98999999999999999,1,452.72727300000003,448.22988299999997,4.4825229499999999,2.58798583,443.74736000000001,452.71240599999999
364.10000000000002,438.5,1.01,1,434.15841599999999,438.5,1,1,438.5,438.5,0.98999999999999999,1,442.92929299999997,438.52923600000003,4.3855116299999999,2.5319763200000001,434.14372500000002,442.91474799999997
364.19999999999999,430.30000000000001,1.01,1,426.039604,430.30000000000001,1,1,430.30000000000001,430.30000000000001,0.98999999999999999,1,434.64646499999998,430.32868999999999,4.3035020700000004,2.4846280799999998,426.02518700000002,434.63219199999997
364.30000000000001,421.80000000000001,1.01,1,417.623762,421.80000000000001,1,1,421.80000000000001,421.80000000000001,0.98999999999999999,1,426.06060600000001,421.82812300000001,4.2184921500000003,2.4355475800000002,417.60963099999998,426.04661499999997
364.39999999999998,413.89999999999998,1.01,1,409.80198000000001,413.89999999999998,1,1,413.89999999999998,413.89999999999998,0.98999999999999999,1,418.08080799999999,413.92759599999999,4.1394829299999998,2.3899315799999998,409.78811300000001,418.06707899999998
364.5,405.89999999999998,1.01,1,401.88118800000001,405.89999999999998,1,1,405.89999999999998,405.89999999999998,0.98999999999999999,1,410,405.92706299999998,4.0594735999999996,2.34373817,401.86758900000001,409.986536
364.60000000000002,398,1.01,1,394.05940600000002,398,1,1,398,398,0.98999999999999999,1,402.02020199999998,398.02653600000002,3.9804643799999999,2.29812218,394.04607199999998,402.00700000000001
364.69999999999999,390.30000000000001,1.01,1,386.43564400000002,390.30000000000001,1,1,390.30000000000001,390.30000000000001,0.98999999999999999,1,394.24242400000003,390.32602300000002,3.90345539,2.25366102,386.42256700000002,394.22947799999997
364.80000000000001,382.80000000000001,1.01,1,379.00990100000001,382.80000000000001,1,1,382.80000000000001,382.80000000000001,0.98999999999999999,1,386.66666700000002,382.82552299999998,3.8284466400000001,2.2103546999999999,378.99707599999999,386.65396900000002
364.89999999999998,375.89999999999998,1.01,1,372.17821800000002,375.89999999999998,1,1,375.89999999999998,375.89999999999998,0.98999999999999999,1,379.69697000000002,375.92506300000002,3.7594385899999998,2.17051288,372.16562399999998,379.68450100000001
365,368.80000000000001,1.01,1,365.14851499999997,368.80000000000001,1,1,368.80000000000001,368.80000000000001,0.98999999999999999,1,372.52525300000002,368.824589,3.6884303100000002,2.1295162300000001,365.13615900000002,372.51301899999999
365.10000000000002,362,1.01,1,358.415842,362,1,1,362,362,0.98999999999999999,1,365.656566,362.024136,3.6204223799999999,2.0902518300000001,358.40371299999998,365.64455800000002
365.19999999999999,355.10000000000002,1.01,1,351.584158,355.10000000000002,1,1,355.10000000000002,355.10000000000002,0.98999999999999999,1,358.686869,355.12367599999999,3.5514143200000001,2.0504100200000002,351.57226100000003,358.67509000000001
365.30000000000001,348.80000000000001,1.01,1,345.34653500000002,348.80000000000001,1,1,348.80000000000001,348.80000000000001,0.98999999999999999,1,352.32323200000002,348.82325600000001,3.4884069700000002,2.0140327099999999,345.33484900000002,352.31166300000001
365.39999999999998,342,1.01,1,338.61386099999999,342,1,1,342,342,0.98999999999999999,1,345.454545,342.02280200000001,3.4203990399999999,1.97476831,338.60240299999998,345.44320099999999
365.5,335.80000000000001,1.01,1,332.47524800000002,335.80000000000001,1,1,335.80000000000001,335.80000000000001,0.98999999999999999,1,339.19191899999998,335.82238899999999,3.3583918100000001,1.93896841,332.46399700000001,339.18078100000002
365.60000000000002,329.39999999999998,1.01,1,326.13861400000002,329.39999999999998,1,1,329.39999999999998,329.39999999999998,0.98999999999999999,1,332.72727300000003,329.42196200000001,3.2943843400000001,1.90201368,326.12757800000003,332.71634699999998
365.69999999999999,323.80000000000001,1.01,1,320.59405900000002,323.80000000000001,1,1,323.80000000000001,323.80000000000001,0.98999999999999999,1,327.07070700000003,323.82158900000002,3.2383777999999999,1.8696782999999999,320.58321100000001,327.05996699999997
365.80000000000001,317.5,1.01,1,314.35643599999997,317.5,1,1,317.5,317.5,0.98999999999999999,1,320.70707099999998,317.52116899999999,3.17537045,1.8333009899999999,314.345798,320.69653899999997
365.89999999999998,312,1.01,1,308.91089099999999,312,1,1,312,312,0.98999999999999999,1,315.15151500000002,312.020802,3.1203640400000001,1.80154302,308.90043800000001,315.141166
366,306.39999999999998,1.01,1,303.36633699999999,306.39999999999998,1,1,306.39999999999998,306.39999999999998,0.98999999999999999,1,309.49494900000002,306.42042900000001,3.0643574999999998,1.7692076299999999,303.35607099999999,309.48478599999999
366.10000000000002,301.10000000000002,1.01,1,298.11881199999999,301.10000000000002,1,1,301.10000000000002,301.10000000000002,0.98999999999999999,1,304.141414,301.12007499999999,3.0113513200000002,1.7386044899999999,298.108724,304.13142699999997
366.19999999999999,295.89999999999998,1.01,1,292.97029700000002,295.89999999999998,1,1,295.89999999999998,295.89999999999998,0.98999999999999999,1,298.88888900000001,295.91972900000002,2.9593452500000001,1.7085787800000001,292.96038299999998,298.879074
366.30000000000001,290.60000000000002,1.01,1,287.72277200000002,290.60000000000002,1,1,290.60000000000002,290.60000000000002,0.98999999999999999,1,293.53535399999998,290.61937499999999,2.90633907,1.6779756400000001,287.71303599999999,293.52571399999999
366.39999999999998,285.69999999999999,1.01,1,282.871287,285.69999999999999,1,1,285.69999999999999,285.69999999999999,0.98999999999999999,1,288.58585900000003,285.71904899999998,2.8573333500000002,1.6496821800000001,282.861715,288.57638200000002
366.5,280.5,1.01,1,277.72277200000002,280.5,1,1,280.5,280.5,0.98999999999999999,1,283.33333299999998,280.51870200000002,2.8053272800000002,1.6196564600000001,277.71337499999998,283.324029
366.60000000000002,275.89999999999998,1.01,1,273.168317,275.89999999999998,1,1,275.89999999999998,275.89999999999998,0.98999999999999999,1,278.686869,275.91839499999998,2.7593219200000001,1.59309525,273.15907299999998,278.67771699999997
366.69999999999999,270.89999999999998,1.01,1,268.21782200000001,270.89999999999998,1,1,270.89999999999998,270.89999999999998,0.98999999999999999,1,273.63636400000001,270.91806200000002,2.7093160799999998,1.56422437,268.20874600000002,273.62737800000002
366.80000000000001,266.39999999999998,1.01,1,263.76237600000002,266.39999999999998,1,1,266.39999999999998,266.39999999999998,0.98999999999999999,1,269.09090900000001,266.41776199999998,2.6643108299999998,1.5382405800000001,263.75345099999998,269.08207299999998
366.89999999999998,261.89999999999998,1.01,1,259.30693100000002,261.89999999999998,1,1,261.89999999999998,261.89999999999998,0.98999999999999999,1,264.545455,261.917462,2.6193055799999998,1.51225678,259.29815600000001,264.536767
367,257.60000000000002,1.01,1,255.04950500000001,257.60000000000002,1,1,257.60000000000002,257.60000000000002,0.98999999999999999,1,260.20202,257.61717499999997,2.57630056,1.48742782,255.040874,260.19347599999998
367.10000000000002,253.40000000000001,1.01,1,250.89108899999999,253.40000000000001,1,1,253.40000000000001,253.40000000000001,0.98999999999999999,1,255.959596,253.41689500000001,2.5342956600000002,1.4631762800000001,250.882599,255.95119099999999
367.19999999999999,249.30000000000001,1.01,1,246.831683,249.30000000000001,1,1,249.30000000000001,249.30000000000001,0.98999999999999999,1,251.81818200000001,249.316622,2.49329088,1.43950216,246.823331,251.80991299999999
367.30000000000001,245,1.01,1,242.57425699999999,245,1,1,245,245,0.98999999999999999,1,247.47474700000001,245.016335,2.4502858600000001,1.4146732,242.56604899999999,247.466621
367.39999999999998,241.19999999999999,1.01,1,238.811881,241.19999999999999,1,1,241.19999999999999,241.19999999999999,0.98999999999999999,1,243.63636399999999,241.216082,2.4122814300000002,1.3927313299999999,238.8038,243.62836300000001
367.5,237.5,1.01,1,235.148515,237.5,1,1,237.5,237.5,0.98999999999999999,1,239.89899,237.51583500000001,2.3752771099999999,1.3713668800000001,235.140558,239.89111199999999
367.60000000000002,233.90000000000001,1.01,1,231.584158,233.90000000000001,1,1,233.90000000000001,233.90000000000001,0.98999999999999999,1,236.26262600000001,233.915595,2.33927291,1.35057984,231.576322,236.25486799999999
367.69999999999999,230.30000000000001,1.01,1,228.019802,230.30000000000001,1,1,230.30000000000001,230.30000000000001,0.98999999999999999,1,232.62626299999999,230.31535500000001,2.3032687100000002,1.32979281,228.01208600000001,232.61862400000001
367.80000000000001,226.69999999999999,1.01,1,224.45544599999999,226.69999999999999,1,1,226.69999999999999,226.69999999999999,0.98999999999999999,1,228.98989900000001,226.715115,2.26726451,1.30900577,224.44784999999999,228.98237900000001
367.89999999999998,223.19999999999999,1.01,1,220.99009899999999,223.19999999999999,1,1,223.19999999999999,223.19999999999999,0.98999999999999999,1,225.454545,223.21488099999999,2.2322604300000002,1.28879616,220.98262099999999,225.44714200000001
368,219.69999999999999,1.01,1,217.52475200000001,219.69999999999999,1,1,219.69999999999999,219.69999999999999,0.98999999999999999,1,221.91919200000001,219.71464800000001,2.19725634,1.26858654,217.517392,221.91190399999999
368.10000000000002,216.59999999999999,1.01,1,214.45544599999999,216.59999999999999,1,1,216.59999999999999,216.59999999999999,0.98999999999999999,1,218.787879,216.614441,2.1662527200000001,1.2506865899999999,214.44818900000001,218.78069400000001
368.19999999999999,213.09999999999999,1.01,1,210.99009899999999,213.09999999999999,1,1,213.09999999999999,213.09999999999999,0.98999999999999999,1,215.25252499999999,213.11420799999999,2.1312486399999999,1.2304769799999999,210.98295899999999,215.24545699999999
368.30000000000001,209.90000000000001,1.01,1,207.82178200000001,209.90000000000001,1,1,209.90000000000001,209.90000000000001,0.98999999999999999,1,212.02020200000001,209.913995,2.0992449099999999,1.2119996099999999,207.81475,212.01324
368.39999999999998,206.80000000000001,1.01,1,204.752475,206.80000000000001,1,1,206.80000000000001,206.80000000000001,0.98999999999999999,1,208.88888900000001,206.81378799999999,2.06824129,1.1940996699999999,204.74554699999999,208.88202899999999
368.5,203.90000000000001,1.01,1,201.88118800000001,203.90000000000001,1,1,203.90000000000001,203.90000000000001,0.98999999999999999,1,205.959596,203.91359499999999,2.0392379100000002,1.17735455,201.874357,205.952833
368.60000000000002,201.09999999999999,1.01,1,199.10891100000001,201.09999999999999,1,1,201.09999999999999,201.09999999999999,0.98999999999999999,1,203.13131300000001,201.11340799999999,2.0112346400000001,1.1611868599999999,199.10217299999999,203.12464299999999
368.69999999999999,198.19999999999999,1.01,1,196.23762400000001,198.19999999999999,1,1,198.19999999999999,198.19999999999999,0.98999999999999999,1,200.20202,198.21321499999999,1.9822312600000001,1.1444417499999999,196.23098300000001,200.195446
368.80000000000001,195.5,1.01,1,193.564356,195.5,1,1,195.5,195.5,0.98999999999999999,1,197.47474700000001,195.513035,1.95522811,1.1288514700000001,193.557807,197.46826300000001
368.89999999999998,192.90000000000001,1.01,1,190.99009899999999,192.90000000000001,1,1,192.90000000000001,192.90000000000001,0.98999999999999999,1,194.84848500000001,192.91286099999999,1.92922507,1.11383861,190.98363599999999,194.84208599999999
369,190.30000000000001,1.01,1,188.415842,190.30000000000001,1,1,190.30000000000001,190.30000000000001,0.98999999999999999,1,192.22222199999999,190.31268800000001,1.9032220399999999,1.09882576,188.40946600000001,192.21591000000001
369.10000000000002,187.69999999999999,1.01,1,185.84158400000001,187.69999999999999,1,1,187.69999999999999,187.69999999999999,0.98999999999999999,1,189.59595999999999,187.712515,1.877219,1.0838129000000001,185.835296,189.58973399999999
369.19999999999999,185.59999999999999,1.01,1,183.76237599999999,185.59999999999999,1,1,185.59999999999999,185.59999999999999,0.98999999999999999,1,187.47474700000001,185.61237499999999,1.8562165500000001,1.0716871299999999,183.756158,187.468591
369.30000000000001,183.09999999999999,1.01,1,181.28712899999999,183.09999999999999,1,1,183.09999999999999,183.09999999999999,0.98999999999999999,1,184.94949500000001,183.11220800000001,1.8312136400000001,1.05725169,181.28099399999999,184.943422
369.39999999999998,180.69999999999999,1.01,1,178.91089099999999,180.69999999999999,1,1,180.69999999999999,180.69999999999999,0.98999999999999999,1,182.52525299999999,180.71204800000001,1.80721084,1.04339366,178.90483699999999,182.51925900000001
369.5,178,1.01,1,176.23762400000001,178,1,1,178,178,0.98999999999999999,1,179.79798,178.01186799999999,1.7802076899999999,1.0278033900000001,176.23166000000001,179.79207600000001
369.60000000000002,175.80000000000001,1.01,1,174.059406,175.80000000000001,1,1,175.80000000000001,175.80000000000001,0.98999999999999999,1,177.57575800000001,175.81172100000001,1.75820512,1.0151002,174.053516,177.56992600000001
369.69999999999999,173.40000000000001,1.01,1,171.68316799999999,173.40000000000001,1,1,173.40000000000001,173.40000000000001,0.98999999999999999,1,175.15151499999999,173.41156100000001,1.7342023200000001,1.00124218,171.677359,175.14576299999999
369.80000000000001,171.59999999999999,1.01,1,169.90099000000001,171.59999999999999,1,1,171.59999999999999,171.59999999999999,0.98999999999999999,1,173.33333300000001,171.61144100000001,1.7162002199999999,0.99084865899999996,169.895241,173.327641
369.89999999999998,169.5,1.01,1,167.82178200000001,169.5,1,1,169.5,169.5,0.98999999999999999,1,171.212121,169.511301,1.69519777,0.97872288900000004,167.816103,171.20649900000001
370,167.5,1.01,1,165.84158400000001,167.5,1,1,167.5,167.5,0.98999999999999999,1,169.19191900000001,167.511168,1.67519544,0.96717453600000003,165.835972,169.186363
370.10000000000002,165.69999999999999,1.01,1,164.059406,165.69999999999999,1,1,165.69999999999999,165.69999999999999,0.98999999999999999,1,167.37373700000001,165.71104800000001,1.6571933400000001,0.95678101900000001,164.053854,167.36824100000001
370.19999999999999,163.59999999999999,1.01,1,161.980198,163.59999999999999,1,1,163.59999999999999,163.59999999999999,0.98999999999999999,1,165.25252499999999,163.61090799999999,1.63619089,0.944655248,161.974717,165.24709899999999
370.30000000000001,162,1.01,1,160.39604,162,1,1,162,162,0.98999999999999999,1,163.63636399999999,162.01080099999999,1.62018902,0.935416566,160.390612,163.63099
370.39999999999998,160.40000000000001,1.01,1,158.811881,160.40000000000001,1,1,160.40000000000001,160.40000000000001,0.98999999999999999,1,162.02020200000001,160.41069400000001,1.60418715,0.92617788400000001,158.80650700000001,162.014882
370.5,158.5,1.01,1,156.93069299999999,158.5,1,1,158.5,158.5,0.98999999999999999,1,160.10101,158.51056800000001,1.58518493,0.91520694899999999,156.92538300000001,160.095753
370.60000000000002,156.80000000000001,1.01,1,155.247525,156.80000000000001,1,1,156.80000000000001,156.80000000000001,0.98999999999999999,1,158.383838,156.81045399999999,1.56818295,0.905390849,155.24227099999999,158.378637
370.69999999999999,155.19999999999999,1.01,1,153.663366,155.19999999999999,1,1,155.19999999999999,155.19999999999999,0.98999999999999999,1,156.76767699999999,155.21034800000001,1.55218108,0.896152167,153.65816699999999,156.762529
370.80000000000001,153.5,1.01,1,151.980198,153.5,1,1,153.5,153.5,0.98999999999999999,1,155.05050499999999,153.510234,1.5351790999999999,0.88633606700000001,151.975055,155.045413
370.89999999999998,152,1.01,1,150.49504999999999,152,1,1,152,152,0.98999999999999999,1,153.53535400000001,152.01013399999999,1.52017735,0.877674803,150.489957,153.53031200000001
371,150.59999999999999,1.01,1,149.10891100000001,150.59999999999999,1,1,150.59999999999999,150.59999999999999,0.98999999999999999,1,152.12121200000001,150.610041,1.5061757200000001,0.86959095600000003,149.10386500000001,152.11621700000001
371.10000000000002,149.19999999999999,1.01,1,147.72277199999999,149.19999999999999,1,1,149.19999999999999,149.19999999999999,0.98999999999999999,1,150.70707100000001,149.209948,1.4921740800000001,0.86150710900000005,147.71777399999999,150.702122
371.19999999999999,147.69999999999999,1.01,1,146.23762400000001,147.69999999999999,1,1,147.69999999999999,147.69999999999999,0.98999999999999999,1,149.19191900000001,147.70984799999999,1.4771723299999999,0.85284584399999996,146.232675,149.18701999999999
371.30000000000001,146.5,1.01,1,145.04950500000001,146.5,1,1,146.5,146.5,0.98999999999999999,1,147.97979799999999,146.50976800000001,1.46517093,0.84591683299999998,145.04459700000001,147.97493900000001
371.39999999999998,145,1.01,1,143.564356,145,1,1,145,145,0.98999999999999999,1,146.46464599999999,145.009668,1.4501691800000001,0.83725556800000001,143.55949799999999,146.45983699999999
371.5,143.59999999999999,1.01,1,142.17821799999999,143.59999999999999,1,1,143.59999999999999,143.59999999999999,0.98999999999999999,1,145.05050499999999,143.60957400000001,1.43616755,0.829171722,142.173407,145.04574199999999
371.60000000000002,142.59999999999999,1.01,1,141.188119,142.59999999999999,1,1,142.59999999999999,142.59999999999999,0.98999999999999999,1,144.040404,142.60950800000001,1.42616638,0.82339754499999995,141.18334100000001,144.035674
371.69999999999999,141.40000000000001,1.01,1,140,141.40000000000001,1,1,141.40000000000001,141.40000000000001,0.98999999999999999,1,142.828283,141.40942799999999,1.41416498,0.81646853399999997,139.99526299999999,142.82359299999999
371.80000000000001,140.30000000000001,1.01,1,138.91089099999999,140.30000000000001,1,1,140.30000000000001,140.30000000000001,0.98999999999999999,1,141.71717200000001,140.30935400000001,1.4031636999999999,0.81011694000000001,138.90619100000001,141.71251799999999
371.89999999999998,138.90000000000001,1.01,1,137.52475200000001,138.90000000000001,1,1,138.90000000000001,138.90000000000001,0.98999999999999999,1,140.30303000000001,138.90926099999999,1.38916207,0.80203309300000003,137.52009899999999,140.29842300000001
372,137.80000000000001,1.01,1,136.435644,137.80000000000001,1,1,137.80000000000001,137.80000000000001,0.98999999999999999,1,139.19191900000001,137.80918800000001,1.37816078,0.79568149899999996,136.431027,139.18734799999999
372.10000000000002,136.69999999999999,1.01,1,135.34653499999999,136.69999999999999,1,1,136.69999999999999,136.69999999999999,0.98999999999999999,1,138.08080799999999,136.709114,1.3671595000000001,0.789329905,135.34195500000001,138.07627400000001
372.19999999999999,135.80000000000001,1.01,1,134.45544599999999,135.80000000000001,1,1,135.80000000000001,135.80000000000001,0.98999999999999999,1,137.171717,135.809054,1.3581584499999999,0.78413314599999995,134.450896,137.167213
372.30000000000001,134.80000000000001,1.01,1,133.46534700000001,134.80000000000001,1,1,134.80000000000001,134.80000000000001,0.98999999999999999,1,136.16161600000001,134.808988,1.3481572799999999,0.77835896999999998,133.46082999999999,136.15714500000001
372.39999999999998,133.90000000000001,1.01,1,132.57425699999999,133.90000000000001,1,1,133.90000000000001,133.90000000000001,0.98999999999999999,1,135.25252499999999,133.908928,1.3391562299999999,0.77316221100000004,132.569771,135.24808400000001
372.5,132.80000000000001,1.01,1,131.48514900000001,132.80000000000001,1,1,132.80000000000001,132.80000000000001,0.98999999999999999,1,134.141414,132.808854,1.3281549500000001,0.76681061699999997,131.48069899999999,134.13700900000001
372.60000000000002,132,1.01,1,130.69306900000001,132,1,1,132,132,0.98999999999999999,1,133.33333300000001,132.00880100000001,1.3201540199999999,0.76219127600000003,130.688647,133.32895500000001
372.69999999999999,131.09999999999999,1.01,1,129.80197999999999,131.09999999999999,1,1,131.09999999999999,131.09999999999999,0.98999999999999999,1,132.42424199999999,131.10874100000001,1.31115297,0.75699451699999998,129.79758799999999,132.419894
372.80000000000001,130.40000000000001,1.01,1,129.10891100000001,130.40000000000001,1,1,130.40000000000001,130.40000000000001,0.98999999999999999,1,131.71717200000001,130.408694,1.30415215,0.75295259400000003,129.10454200000001,131.71284600000001
372.89999999999998,129.5,1.01,1,128.21782200000001,129.5,1,1,129.5,129.5,0.98999999999999999,1,130.80808099999999,129.508634,1.2951511,0.74775583499999998,128.213483,130.803785
373,128.69999999999999,1.01,1,127.425743,128.69999999999999,1,1,128.69999999999999,128.69999999999999,0.98999999999999999,1,130,128.70858100000001,1.2871501599999999,0.74313649400000004,127.421431,129.99573100000001
373.10000000000002,127.90000000000001,1.01,1,126.633663,127.90000000000001,1,1,127.90000000000001,127.90000000000001,0.98999999999999999,1,129.19191900000001,127.908528,1.27914923,0.73851715299999998,126.629378,129.18767700000001
373.19999999999999,127.59999999999999,1.01,1,126.336634,127.59999999999999,1,1,127.59999999999999,127.59999999999999,0.98999999999999999,1,128.88888900000001,127.608508,1.27614888,0.73678489999999996,126.332359,128.88465600000001
373.30000000000001,126.7,1.01,1,125.445545,126.7,1,1,126.7,126.7,0.98999999999999999,1,127.979798,126.708448,1.2671478300000001,0.73158814100000003,125.4413,127.975595
373.39999999999998,126,1.01,1,124.752475,126,1,1,126,126,0.98999999999999999,1,127.272727,126.00840100000001,1.2601470100000001,0.72754621799999997,124.748254,127.268548
373.5,125.40000000000001,1.01,1,124.158416,125.40000000000001,1,1,125.40000000000001,125.40000000000001,0.98999999999999999,1,126.666667,125.408361,1.2541463100000001,0.72408171200000004,124.15421499999999,126.66250700000001
373.60000000000002,124.7,1.01,1,123.46534699999999,124.7,1,1,124.7,124.7,0.98999999999999999,1,125.959596,124.708314,1.2471455,0.72003978899999999,123.461169,125.95546
373.69999999999999,124.3,1.01,1,123.06930699999999,124.3,1,1,124.3,124.3,0.98999999999999999,1,125.555556,124.30828700000001,1.24314503,0.71773011799999997,123.06514199999999,125.551433
373.80000000000001,123.7,1.01,1,122.47524799999999,123.7,1,1,123.7,123.7,0.98999999999999999,1,124.949495,123.708247,1.23714433,0.71426561200000005,122.471103,124.945392
373.89999999999998,123.2,1.01,1,121.980198,123.2,1,1,123.2,123.2,0.98999999999999999,1,124.444444,123.208214,1.2321437500000001,0.71137852400000001,121.97607000000001,124.440358
374,122.8,1.01,1,121.584158,122.8,1,1,122.8,122.8,0.98999999999999999,1,124.040404,122.808187,1.2281432800000001,0.70906885399999997,121.580044,124.036331
374.10000000000002,122.3,1.01,1,121.08910899999999,122.3,1,1,122.3,122.3,0.98999999999999999,1,123.535354,122.308154,1.2231426999999999,0.70618176600000004,121.08501099999999,123.531297
374.19999999999999,121.8,1.01,1,120.594059,121.8,1,1,121.8,121.8,0.98999999999999999,1,123.030303,121.808121,1.2181421100000001,0.70329467700000003,120.589979,123.026263
374.30000000000001,121.3,1.01,1,120.09901000000001,121.3,1,1,121.3,121.3,0.98999999999999999,1,122.52525300000001,121.308087,1.2131415299999999,0.700407589,120.09494599999999,122.52122900000001
374.39999999999998,121.09999999999999,1.01,1,119.90098999999999,121.09999999999999,1,1,121.09999999999999,121.09999999999999,0.98999999999999999,1,122.323232,121.108074,1.2111413,0.69925275399999998,119.896933,122.319215
374.5,120.5,1.01,1,119.30693100000001,120.5,1,1,120.5,120.5,0.98999999999999999,1,121.71717200000001,120.50803399999999,1.2051406,0.69578824800000005,119.30289399999999,121.71317500000001
374.60000000000002,120.09999999999999,1.01,1,118.91089100000001,120.09999999999999,1,1,120.09999999999999,120.09999999999999,0.98999999999999999,1,121.313131,120.108007,1.20114013,0.69347857800000001,118.90686700000001,121.30914799999999
374.69999999999999,119.7,1.01,1,118.51485099999999,119.7,1,1,119.7,119.7,0.98999999999999999,1,120.909091,119.707981,1.1971396599999999,0.691168907,118.510841,120.90512
374.80000000000001,119.40000000000001,1.01,1,118.217822,119.40000000000001,1,1,119.40000000000001,119.40000000000001,0.98999999999999999,1,120.606061,119.407961,1.19413931,0.68943665399999998,118.213821,120.60209999999999
374.89999999999998,119.3,1.01,1,118.11881200000001,119.3,1,1,119.3,119.3,0.98999999999999999,1,120.50505099999999,119.307954,1.1931392000000001,0.68885923699999996,118.11481499999999,120.501093
375,118.90000000000001,1.01,1,117.72277200000001,118.90000000000001,1,1,118.90000000000001,118.90000000000001,0.98999999999999999,1,120.10101,118.907927,1.18913873,0.68654956600000006,117.718789,120.097066
375.10000000000002,118.8,1.01,1,117.623762,118.8,1,1,118.8,118.8,0.98999999999999999,1,120,118.80792099999999,1.18813861,0.68597214799999995,117.619782,119.996059
375.19999999999999,118.2,1.01,1,117.029703,118.2,1,1,118.2,118.2,0.98999999999999999,1,119.393939,118.207881,1.18213791,0.682507643,117.02574300000001,119.390019
375.30000000000001,117.90000000000001,1.01,1,116.73267300000001,117.90000000000001,1,1,117.90000000000001,117.90000000000001,0.98999999999999999,1,119.090909,117.907861,1.17913756,0.68077538999999998,116.728723,119.08699799999999
375.39999999999998,117.8,1.01,1,116.633663,117.8,1,1,117.8,117.8,0.98999999999999999,1,118.98989899999999,117.80785400000001,1.1781374499999999,0.68019797199999998,116.629717,118.985992
375.5,117.59999999999999,1.01,1,116.435644,117.59999999999999,1,1,117.59999999999999,117.59999999999999,0.98999999999999999,1,118.787879,117.60784099999999,1.17613721,0.67904313699999996,116.431704,118.783978
375.60000000000002,117.7,1.01,1,116.53465300000001,117.7,1,1,117.7,117.7,0.98999999999999999,1,118.88888900000001,117.707847,1.1771373300000001,0.67962055399999999,116.53071,118.884985
375.69999999999999,117.40000000000001,1.01,1,116.237624,117.40000000000001,1,1,117.40000000000001,117.40000000000001,0.98999999999999999,1,118.585859,117.407827,1.1741369800000001,0.67788830200000005,116.23369,118.581964
375.80000000000001,117.09999999999999,1.01,1,115.940594,117.09999999999999,1,1,117.09999999999999,117.09999999999999,0.98999999999999999,1,118.28282799999999,117.10780699999999,1.1711366299999999,0.67615604900000004,115.936671,118.278944
375.89999999999998,116.90000000000001,1.01,1,115.742574,116.90000000000001,1,1,116.90000000000001,116.90000000000001,0.98999999999999999,1,118.080808,116.907794,1.1691364,0.67500121300000004,115.738658,118.076931
376,117,1.01,1,115.841584,117,1,1,117,117,0.98999999999999999,1,118.18181800000001,117.007801,1.1701365100000001,0.67557863100000004,115.837664,118.177937
376.10000000000002,116.7,1.01,1,115.54455400000001,116.7,1,1,116.7,116.7,0.98999999999999999,1,117.878788,116.707781,1.1671361600000001,0.67384637800000002,115.540645,117.874917
376.19999999999999,116.59999999999999,1.01,1,115.445545,116.59999999999999,1,1,116.59999999999999,116.59999999999999,0.98999999999999999,1,117.777778,116.60777400000001,1.16613605,0.673268961,115.441638,117.77391
376.30000000000001,116.59999999999999,1.01,1,115.445545,116.59999999999999,1,1,116.59999999999999,116.59999999999999,0.98999999999999999,1,117.777778,116.60777400000001,1.16613605,0.673268961,115.441638,117.77391
376.39999999999998,116.5,1.01,1,115.346535,116.5,1,1,116.5,116.5,0.98999999999999999,1,117.676768,116.507767,1.1651359299999999,0.672691543,115.34263199999999,117.67290300000001
376.5,116.40000000000001,1.01,1,115.247525,116.40000000000001,1,1,116.40000000000001,116.40000000000001,0.98999999999999999,1,117.57575799999999,116.40776099999999,1.1641358100000001,0.67211412500000001,115.24362499999999,117.57189700000001
376.60000000000002,116.5,1.01,1,115.346535,116.5,1,1,116.5,116.5,0.98999999999999999,1,117.676768,116.507767,1.1651359299999999,0.672691543,115.34263199999999,117.67290300000001
376.69999999999999,116.3,1.01,1,115.148515,116.3,1,1,116.3,116.3,0.98999999999999999,1,117.47474699999999,116.307754,1.1631357,0.67153670799999998,115.14461799999999,117.47089
376.80000000000001,116.3,1.01,1,115.148515,116.3,1,1,116.3,116.3,0.98999999999999999,1,117.47474699999999,116.307754,1.1631357,0.67153670799999998,115.14461799999999,117.47089
376.89999999999998,116.3,1.01,1,115.148515,116.3,1,1,116.3,116.3,0.98999999999999999,1,117.47474699999999,116.307754,1.1631357,0.67153670799999998,115.14461799999999,117.47089
377,116.2,1.01,1,115.049505,116.2,1,1,116.2,116.2,0.98999999999999999,1,117.37373700000001,116.207747,1.1621355799999999,0.67095928999999999,115.04561200000001,117.369883
377.10000000000002,116.2,1.01,1,115.049505,116.2,1,1,116.2,116.2,0.98999999999999999,1,117.37373700000001,116.207747,1.1621355799999999,0.67095928999999999,115.04561200000001,117.369883
377.19999999999999,116.2,1.01,1,115.049505,116.2,1,1,116.2,116.2,0.98999999999999999,1,117.37373700000001,116.207747,1.1621355799999999,0.67095928999999999,115.04561200000001,117.369883
377.30000000000001,116.3,1.01,1,115.148515,116.3,1,1,116.3,116.3,0.98999999999999999,1,117.47474699999999,116.307754,1.1631357,0.67153670799999998,115.14461799999999,117.47089
377.39999999999998,116.2,1.01,1,115.049505,116.2,1,1,116.2,116.2,0.98999999999999999,1,117.37373700000001,116.207747,1.1621355799999999,0.67095928999999999,115.04561200000001,117.369883
377.5,116.3,1.01,1,115.148515,116.3,1,1,116.3,116.3,0.98999999999999999,1,117.47474699999999,116.307754,1.1631357,0.67153670799999998,115.14461799999999,117.47089
377.60000000000002,116.40000000000001,1.01,1,115.247525,116.40000000000001,1,1,116.40000000000001,116.40000000000001,0.98999999999999999,1,117.57575799999999,116.40776099999999,1.1641358100000001,0.67211412500000001,115.24362499999999,117.57189700000001
377.69999999999999,116.5,1.01,1,115.346535,116.5,1,1,116.5,116.5,0.98999999999999999,1,117.676768,116.507767,1.1651359299999999,0.672691543,115.34263199999999,117.67290300000001
377.80000000000001,116.5,1.01,1,115.346535,116.5,1,1,116.5,116.5,0.98999999999999999,1,117.676768,116.507767,1.1651359299999999,0.672691543,115.34263199999999,117.67290300000001
377.89999999999998,116.7,1.01,1,115.54455400000001,116.7,1,1,116.7,116.7,0.98999999999999999,1,117.878788,116.707781,1.1671361600000001,0.67384637800000002,115.540645,117.874917
378,117,1.01,1,115.841584,117,1,1,117,117,0.98999999999999999,1,118.18181800000001,117.007801,1.1701365100000001,0.67557863100000004,115.837664,118.177937
378.10000000000002,117.40000000000001,1.01,1,116.237624,117.40000000000001,1,1,117.40000000000001,117.40000000000001,0.98999999999999999,1,118.585859,117.407827,1.1741369800000001,0.67788830200000005,116.23369,118.581964
378.19999999999999,117.2,1.01,1,116.039604,117.2,1,1,117.2,117.2,0.98999999999999999,1,118.383838,117.207814,1.1721367499999999,0.67673346599999995,116.03567700000001,118.37995100000001
378.30000000000001,117.2,1.01,1,116.039604,117.2,1,1,117.2,117.2,0.98999999999999999,1,118.383838,117.207814,1.1721367499999999,0.67673346599999995,116.03567700000001,118.37995100000001
378.39999999999998,117.40000000000001,1.01,1,116.237624,117.40000000000001,1,1,117.40000000000001,117.40000000000001,0.98999999999999999,1,118.585859,117.407827,1.1741369800000001,0.67788830200000005,116.23369,118.581964
378.5,117.59999999999999,1.01,1,116.435644,117.59999999999999,1,1,117.59999999999999,117.59999999999999,0.98999999999999999,1,118.787879,117.60784099999999,1.17613721,0.67904313699999996,116.431704,118.783978
378.60000000000002,117.7,1.01,1,116.53465300000001,117.7,1,1,117.7,117.7,0.98999999999999999,1,118.88888900000001,117.707847,1.1771373300000001,0.67962055399999999,116.53071,118.884985
378.69999999999999,118,1.01,1,116.831683,118,1,1,118,118,0.98999999999999999,1,119.191919,118.007867,1.1801376800000001,0.681352807,116.82773,119.188005
378.80000000000001,118.3,1.01,1,117.128713,118.3,1,1,118.3,118.3,0.98999999999999999,1,119.49494900000001,118.30788699999999,1.1831380300000001,0.68308506000000002,117.12474899999999,119.49102499999999
378.89999999999998,118.5,1.01,1,117.326733,118.5,1,1,118.5,118.5,0.98999999999999999,1,119.69696999999999,118.507901,1.18513826,0.68423989600000001,117.32276299999999,119.693039
379,118.59999999999999,1.01,1,117.425743,118.59999999999999,1,1,118.59999999999999,118.59999999999999,0.98999999999999999,1,119.79798,118.607907,1.18613838,0.68481731300000004,117.421769,119.79404599999999
379.10000000000002,118.8,1.01,1,117.623762,118.8,1,1,118.8,118.8,0.98999999999999999,1,120,118.80792099999999,1.18813861,0.68597214799999995,117.619782,119.996059
379.19999999999999,119,1.01,1,117.821782,119,1,1,119,119,0.98999999999999999,1,120.20202,119.00793400000001,1.1901388500000001,0.68712698400000005,117.817795,120.19807299999999
379.30000000000001,119.40000000000001,1.01,1,118.217822,119.40000000000001,1,1,119.40000000000001,119.40000000000001,0.98999999999999999,1,120.606061,119.407961,1.19413931,0.68943665399999998,118.213821,120.60209999999999
379.39999999999998,119.5,1.01,1,118.31683200000001,119.5,1,1,119.5,119.5,0.98999999999999999,1,120.707071,119.50796699999999,1.19513943,0.69001407199999998,118.312828,120.703107
379.5,119.59999999999999,1.01,1,118.415842,119.59999999999999,1,1,119.59999999999999,119.59999999999999,0.98999999999999999,1,120.808081,119.607974,1.1961395500000001,0.69059148999999997,118.411835,120.804114
379.60000000000002,120.09999999999999,1.01,1,118.91089100000001,120.09999999999999,1,1,120.09999999999999,120.09999999999999,0.98999999999999999,1,121.313131,120.108007,1.20114013,0.69347857800000001,118.90686700000001,121.30914799999999
379.69999999999999,120.3,1.01,1,119.10891100000001,120.3,1,1,120.3,120.3,0.98999999999999999,1,121.515152,120.308021,1.2031403599999999,0.69463341300000003,119.10487999999999,121.511161
379.80000000000001,120.3,1.01,1,119.10891100000001,120.3,1,1,120.3,120.3,0.98999999999999999,1,121.515152,120.308021,1.2031403599999999,0.69463341300000003,119.10487999999999,121.511161
379.89999999999998,120.7,1.01,1,119.50494999999999,120.7,1,1,120.7,120.7,0.98999999999999999,1,121.919192,120.70804699999999,1.2071408299999999,0.69694308299999996,119.500907,121.915188
380,120.90000000000001,1.01,1,119.70296999999999,120.90000000000001,1,1,120.90000000000001,120.90000000000001,0.98999999999999999,1,122.121212,120.908061,1.2091410600000001,0.69809791899999996,119.69892,122.11720200000001
380.10000000000002,121,1.01,1,119.80198,121,1,1,121,121,0.98999999999999999,1,122.222222,121.008067,1.2101411799999999,0.69867533599999998,119.797926,122.218209
380.19999999999999,121.5,1.01,1,120.29703000000001,121.5,1,1,121.5,121.5,0.98999999999999999,1,122.727273,121.508101,1.2151417600000001,0.70156242499999999,120.292959,122.723243
380.30000000000001,121.90000000000001,1.01,1,120.69306899999999,121.90000000000001,1,1,121.90000000000001,121.90000000000001,0.98999999999999999,1,123.13131300000001,121.90812699999999,1.2191422300000001,0.70387209500000003,120.688985,123.12727
380.39999999999998,122.2,1.01,1,120.990099,122.2,1,1,122.2,122.2,0.98999999999999999,1,123.434343,122.208147,1.2221425800000001,0.70560434800000005,120.98600500000001,123.43029
380.5,122.40000000000001,1.01,1,121.188119,122.40000000000001,1,1,122.40000000000001,122.40000000000001,0.98999999999999999,1,123.636364,122.40816100000001,1.22414281,0.70675918299999996,121.18401799999999,123.632304
380.60000000000002,122.5,1.01,1,121.28712899999999,122.5,1,1,122.5,122.5,0.98999999999999999,1,123.737374,122.508167,1.2251429300000001,0.70733660099999995,121.28302499999999,123.73331
380.69999999999999,122.90000000000001,1.01,1,121.68316799999999,122.90000000000001,1,1,122.90000000000001,122.90000000000001,0.98999999999999999,1,124.141414,122.90819399999999,1.2291434000000001,0.709646271,121.679051,124.137338
380.80000000000001,123.3,1.01,1,122.07920799999999,123.3,1,1,123.3,123.3,0.98999999999999999,1,124.545455,123.308221,1.23314386,0.71195594200000001,122.07507699999999,124.541365
380.89999999999998,123.59999999999999,1.01,1,122.376238,123.59999999999999,1,1,123.59999999999999,123.59999999999999,0.98999999999999999,1,124.848485,123.60824100000001,1.23614421,0.71368819500000003,122.372097,124.844385
381,123.90000000000001,1.01,1,122.673267,123.90000000000001,1,1,123.90000000000001,123.90000000000001,0.98999999999999999,1,125.151515,123.908261,1.23914456,0.71542044800000004,122.669116,125.14740500000001
381.10000000000002,124.3,1.01,1,123.06930699999999,124.3,1,1,124.3,124.3,0.98999999999999999,1,125.555556,124.30828700000001,1.24314503,0.71773011799999997,123.06514199999999,125.551433
381.19999999999999,124.59999999999999,1.01,1,123.366337,124.59999999999999,1,1,124.59999999999999,124.59999999999999,0.98999999999999999,1,125.858586,124.608307,1.24614538,0.71946237099999999,123.362162,125.85445300000001
381.30000000000001,124.90000000000001,1.01,1,123.663366,124.90000000000001,1,1,124.90000000000001,124.90000000000001,0.98999999999999999,1,126.161616,124.908327,1.24914573,0.72119462400000001,123.659182,126.157473
381.39999999999998,125.3,1.01,1,124.059406,125.3,1,1,125.3,125.3,0.98999999999999999,1,126.565657,125.30835399999999,1.2531462,0.72350429500000002,124.05520799999999,126.5615
381.5,125.90000000000001,1.01,1,124.653465,125.90000000000001,1,1,125.90000000000001,125.90000000000001,0.98999999999999999,1,127.171717,125.908394,1.2591469,0.72696879999999997,124.649247,127.167541
381.60000000000002,126,1.01,1,124.752475,126,1,1,126,126,0.98999999999999999,1,127.272727,126.00840100000001,1.2601470100000001,0.72754621799999997,124.748254,127.268548
381.69999999999999,126.5,1.01,1,125.247525,126.5,1,1,126.5,126.5,0.98999999999999999,1,127.777778,126.50843399999999,1.2651475999999999,0.730433306,125.243287,127.773582
381.80000000000001,126.8,1.01,1,125.54455400000001,126.8,1,1,126.8,126.8,0.98999999999999999,1,128.08080799999999,126.808454,1.2681479499999999,0.73216555900000002,125.540306,128.07660200000001
381.89999999999998,127.2,1.01,1,125.940594,127.2,1,1,127.2,127.2,0.98999999999999999,1,128.484848,127.20848100000001,1.27214841,0.73447523000000003,125.93633199999999,128.48062899999999
382,127.7,1.01,1,126.435644,127.7,1,1,127.7,127.7,0.98999999999999999,1,128.98989900000001,127.70851399999999,1.2771490000000001,0.73736231799999996,126.431365,128.98566299999999
382.10000000000002,128,1.01,1,126.73267300000001,128,1,1,128,128,0.98999999999999999,1,129.29292899999999,128.008534,1.2801493500000001,0.73909457099999998,126.728385,129.28868399999999
382.19999999999999,128.40000000000001,1.01,1,127.128713,128.40000000000001,1,1,128.40000000000001,128.40000000000001,0.98999999999999999,1,129.69696999999999,128.40856099999999,1.2841498099999999,0.74140424100000002,127.12441099999999,129.692711
382.30000000000001,128.80000000000001,1.01,1,127.52475200000001,128.80000000000001,1,1,128.80000000000001,128.80000000000001,0.98999999999999999,1,130.10101,128.80858799999999,1.28815028,0.74371391200000003,127.520437,130.09673799999999
382.39999999999998,129,1.01,1,127.72277200000001,129,1,1,129,129,0.98999999999999999,1,130.30303000000001,129.008601,1.2901505099999999,0.74486874700000005,127.71845,130.29875100000001
382.5,129.59999999999999,1.01,1,128.31683200000001,129.59999999999999,1,1,129.59999999999999,129.59999999999999,0.98999999999999999,1,130.90909099999999,129.60864100000001,1.2961512100000001,0.74833325299999998,128.31249,130.90479199999999
382.60000000000002,129.90000000000001,1.01,1,128.61386100000001,129.90000000000001,1,1,129.90000000000001,129.90000000000001,0.98999999999999999,1,131.212121,129.908661,1.2991515600000001,0.75006550599999999,128.609509,131.20781199999999
382.69999999999999,130.30000000000001,1.01,1,129.00990100000001,130.30000000000001,1,1,130.30000000000001,130.30000000000001,0.98999999999999999,1,131.616162,130.30868799999999,1.3031520299999999,0.75237517600000003,129.00553600000001,131.61184
382.80000000000001,131.09999999999999,1.01,1,129.80197999999999,131.09999999999999,1,1,131.09999999999999,131.09999999999999,0.98999999999999999,1,132.42424199999999,131.10874100000001,1.31115297,0.75699451699999998,129.79758799999999,132.419894
382.89999999999998,131.40000000000001,1.01,1,130.09900999999999,131.40000000000001,1,1,131.40000000000001,131.40000000000001,0.98999999999999999,1,132.727273,131.408761,1.31415332,0.75872676999999999,130.09460799999999,132.722914
383,131.69999999999999,1.01,1,130.39604,131.69999999999999,1,1,131.69999999999999,131.69999999999999,0.98999999999999999,1,133.030303,131.70878099999999,1.3171536699999999,0.76045902300000001,130.391627,133.025935
383.10000000000002,132.19999999999999,1.01,1,130.89108899999999,132.19999999999999,1,1,132.19999999999999,132.19999999999999,0.98999999999999999,1,133.53535400000001,132.20881399999999,1.3221542500000001,0.76334611100000005,130.88666000000001,133.530968
383.19999999999999,132.69999999999999,1.01,1,131.38613899999999,132.69999999999999,1,1,132.69999999999999,132.69999999999999,0.98999999999999999,1,134.040404,132.70884799999999,1.32715483,0.76623319899999998,131.38169300000001,134.036002
383.30000000000001,133,1.01,1,131.68316799999999,133,1,1,133,133,0.98999999999999999,1,134.343434,133.00886800000001,1.33015518,0.76796545199999999,131.67871199999999,134.339023
383.39999999999998,133.5,1.01,1,132.17821799999999,133.5,1,1,133.5,133.5,0.98999999999999999,1,134.84848500000001,133.50890100000001,1.3351557700000001,0.770852541,132.173745,134.84405699999999
383.5,134,1.01,1,132.67326700000001,134,1,1,134,134,0.98999999999999999,1,135.35353499999999,134.00893400000001,1.34015635,0.77373962900000004,132.668778,135.34909099999999
383.60000000000002,134.40000000000001,1.01,1,133.06930700000001,134.40000000000001,1,1,134.40000000000001,134.40000000000001,0.98999999999999999,1,135.757576,134.40896100000001,1.34415682,0.77604929899999997,133.06480400000001,135.753118
383.69999999999999,134.69999999999999,1.01,1,133.36633699999999,134.69999999999999,1,1,134.69999999999999,134.69999999999999,0.98999999999999999,1,136.06060600000001,134.70898099999999,1.34715717,0.77778155199999999,133.36182400000001,136.056138
383.80000000000001,135.30000000000001,1.01,1,133.960396,135.30000000000001,1,1,135.30000000000001,135.30000000000001,0.98999999999999999,1,136.66666699999999,135.309021,1.35315787,0.78124605800000002,133.95586299999999,136.66217900000001
383.89999999999998,135.69999999999999,1.01,1,134.356436,135.69999999999999,1,1,135.69999999999999,135.69999999999999,0.98999999999999999,1,137.070707,135.709048,1.3571583300000001,0.78355572799999995,134.351889,137.06620599999999
384,136.5,1.01,1,135.148515,136.5,1,1,136.5,136.5,0.98999999999999999,1,137.87878799999999,136.50910099999999,1.3651592699999999,0.78817506999999998,135.14394200000001,137.87425999999999
384.10000000000002,136.90000000000001,1.01,1,135.54455400000001,136.90000000000001,1,1,136.90000000000001,136.90000000000001,0.98999999999999999,1,138.28282799999999,136.90912800000001,1.36915973,0.79048474000000002,135.53996799999999,138.27828700000001
384.19999999999999,137.40000000000001,1.01,1,136.039604,137.40000000000001,1,1,137.40000000000001,137.40000000000001,0.98999999999999999,1,138.787879,137.40916100000001,1.3741603200000001,0.79337182799999995,136.03500099999999,138.783321
384.30000000000001,137.80000000000001,1.01,1,136.435644,137.80000000000001,1,1,137.80000000000001,137.80000000000001,0.98999999999999999,1,139.19191900000001,137.80918800000001,1.37816078,0.79568149899999996,136.431027,139.18734799999999
384.39999999999998,138.19999999999999,1.01,1,136.831683,138.19999999999999,1,1,138.19999999999999,138.19999999999999,0.98999999999999999,1,139.59595999999999,138.209214,1.38216125,0.797991169,136.82705300000001,139.591376
384.5,138.69999999999999,1.01,1,137.32673299999999,138.69999999999999,1,1,138.69999999999999,138.69999999999999,0.98999999999999999,1,140.10101,138.709248,1.3871618299999999,0.80087825700000004,137.32208600000001,140.09640899999999
384.60000000000002,138.90000000000001,1.01,1,137.52475200000001,138.90000000000001,1,1,138.90000000000001,138.90000000000001,0.98999999999999999,1,140.30303000000001,138.90926099999999,1.38916207,0.80203309300000003,137.52009899999999,140.29842300000001
384.69999999999999,139.80000000000001,1.01,1,138.415842,139.80000000000001,1,1,139.80000000000001,139.80000000000001,0.98999999999999999,1,141.212121,139.80932100000001,1.39816312,0.807229851,138.411158,141.20748399999999
384.80000000000001,140.09999999999999,1.01,1,138.71287100000001,140.09999999999999,1,1,140.09999999999999,140.09999999999999,0.98999999999999999,1,141.515152,140.109341,1.40116347,0.80896210400000002,138.70817700000001,141.510504
384.89999999999998,140.59999999999999,1.01,1,139.207921,140.59999999999999,1,1,140.59999999999999,140.59999999999999,0.98999999999999999,1,142.02020200000001,140.609374,1.4061640500000001,0.81184919300000002,139.20321000000001,142.01553799999999
385,141,1.01,1,139.60396,141,1,1,141,141,0.98999999999999999,1,142.42424199999999,141.009401,1.4101645199999999,0.81415886299999995,139.59923599999999,142.41956500000001
385.10000000000002,141.69999999999999,1.01,1,140.29703000000001,141.69999999999999,1,1,141.69999999999999,141.69999999999999,0.98999999999999999,1,143.13131300000001,141.70944800000001,1.41716533,0.81820078600000001,140.292282,143.12661299999999
385.19999999999999,142.19999999999999,1.01,1,140.792079,142.19999999999999,1,1,142.19999999999999,142.19999999999999,0.98999999999999999,1,143.63636399999999,142.20948100000001,1.4221659200000001,0.82108787500000002,140.78731500000001,143.63164699999999
385.30000000000001,142.69999999999999,1.01,1,141.28712899999999,142.69999999999999,1,1,142.69999999999999,142.69999999999999,0.98999999999999999,1,144.141414,142.70951400000001,1.4271665,0.82397496299999995,141.28234800000001,144.13668100000001
385.39999999999998,143.19999999999999,1.01,1,141.78217799999999,143.19999999999999,1,1,143.19999999999999,143.19999999999999,0.98999999999999999,1,144.64646500000001,143.20954800000001,1.4321670799999999,0.82686205099999999,141.77738099999999,144.641715
385.5,143.59999999999999,1.01,1,142.17821799999999,143.59999999999999,1,1,143.59999999999999,143.59999999999999,0.98999999999999999,1,145.05050499999999,143.60957400000001,1.43616755,0.829171722,142.173407,145.04574199999999
385.60000000000002,144.09999999999999,1.01,1,142.67326700000001,144.09999999999999,1,1,144.09999999999999,144.09999999999999,0.98999999999999999,1,145.555556,144.10960800000001,1.4411681300000001,0.83205881000000004,142.66843900000001,145.55077600000001
385.69999999999999,144.69999999999999,1.01,1,143.26732699999999,144.69999999999999,1,1,144.69999999999999,144.69999999999999,0.98999999999999999,1,146.16161600000001,144.70964799999999,1.4471688300000001,0.83552331499999999,143.26247900000001,146.15681599999999
385.80000000000001,145.40000000000001,1.01,1,143.960396,145.40000000000001,1,1,145.40000000000001,145.40000000000001,0.98999999999999999,1,146.86868699999999,145.409694,1.4541696500000001,0.83956523900000002,143.95552499999999,146.86386400000001
385.89999999999998,145.80000000000001,1.01,1,144.356436,145.80000000000001,1,1,145.80000000000001,145.80000000000001,0.98999999999999999,1,147.272727,145.809721,1.4581701199999999,0.84187490899999995,144.351551,147.26789099999999
386,146.5,1.01,1,145.04950500000001,146.5,1,1,146.5,146.5,0.98999999999999999,1,147.97979799999999,146.50976800000001,1.46517093,0.84591683299999998,145.04459700000001,147.97493900000001
386.10000000000002,146.69999999999999,1.01,1,145.247525,146.69999999999999,1,1,146.69999999999999,146.69999999999999,0.98999999999999999,1,148.18181799999999,146.70978099999999,1.4671711700000001,0.847071668,145.24261000000001,148.176952
386.19999999999999,147.40000000000001,1.01,1,145.940594,147.40000000000001,1,1,147.40000000000001,147.40000000000001,0.98999999999999999,1,148.88888900000001,147.409828,1.4741719799999999,0.85111359200000003,145.93565599999999,148.88399999999999
386.30000000000001,148,1.01,1,146.53465299999999,148,1,1,148,148,0.98999999999999999,1,149.49494899999999,148.00986800000001,1.4801726799999999,0.85457809699999998,146.529695,149.49003999999999
386.39999999999998,148.5,1.01,1,147.02970300000001,148.5,1,1,148.5,148.5,0.98999999999999999,1,150,148.50990100000001,1.48517327,0.85746518599999999,147.02472800000001,149.99507399999999
386.5,149.09999999999999,1.01,1,147.623762,149.09999999999999,1,1,149.09999999999999,149.09999999999999,0.98999999999999999,1,150.60606100000001,149.10994099999999,1.49117397,0.86092969100000005,147.61876699999999,150.60111499999999
386.60000000000002,149.69999999999999,1.01,1,148.21782200000001,149.69999999999999,1,1,149.69999999999999,149.69999999999999,0.98999999999999999,1,151.212121,149.709981,1.4971746699999999,0.86439419699999998,148.212806,151.207156
386.69999999999999,150.19999999999999,1.01,1,148.71287100000001,150.19999999999999,1,1,150.19999999999999,150.19999999999999,0.98999999999999999,1,151.71717200000001,150.210014,1.5021752500000001,0.86728128500000001,148.70783900000001,151.71218999999999
386.80000000000001,150.69999999999999,1.01,1,149.207921,150.69999999999999,1,1,150.69999999999999,150.69999999999999,0.98999999999999999,1,152.22222199999999,150.710048,1.50717583,0.87016837300000005,149.20287200000001,152.21722399999999
386.89999999999998,151.30000000000001,1.01,1,149.80197999999999,151.30000000000001,1,1,151.30000000000001,151.30000000000001,0.98999999999999999,1,152.828283,151.31008800000001,1.51317653,0.87363287899999997,149.79691099999999,152.82326399999999
387,151.90000000000001,1.01,1,150.39604,151.90000000000001,1,1,151.90000000000001,151.90000000000001,0.98999999999999999,1,153.43434300000001,151.91012799999999,1.5191772299999999,0.87709738500000001,150.39095,153.429305
387.10000000000002,152.5,1.01,1,150.99009899999999,152.5,1,1,152.5,152.5,0.98999999999999999,1,154.040404,152.51016799999999,1.5251779299999999,0.88056189100000004,150.98499000000001,154.035346
387.19999999999999,152.90000000000001,1.01,1,151.38613899999999,152.90000000000001,1,1,152.90000000000001,152.90000000000001,0.98999999999999999,1,154.444444,152.91019399999999,1.5291783999999999,0.88287156099999997,151.38101599999999,154.43937299999999
387.30000000000001,153.59999999999999,1.01,1,152.07920799999999,153.59999999999999,1,1,153.59999999999999,153.59999999999999,0.98999999999999999,1,155.15151499999999,153.610241,1.53617922,0.886913485,152.074062,155.14642000000001
387.39999999999998,154.19999999999999,1.01,1,152.67326700000001,154.19999999999999,1,1,154.19999999999999,154.19999999999999,0.98999999999999999,1,155.757576,154.21028100000001,1.5421799199999999,0.89037799100000004,152.66810100000001,155.75246100000001
387.5,155,1.01,1,153.46534700000001,155,1,1,155,155,0.98999999999999999,1,156.56565699999999,155.010334,1.5501808500000001,0.89499733199999998,153.46015399999999,156.56051500000001
387.60000000000002,155.59999999999999,1.01,1,154.059406,155.59999999999999,1,1,155.59999999999999,155.59999999999999,0.98999999999999999,1,157.171717,155.61037400000001,1.55618155,0.89846183800000001,154.054193,157.16655600000001
387.69999999999999,156.09999999999999,1.01,1,154.55445499999999,156.09999999999999,1,1,156.09999999999999,156.09999999999999,0.98999999999999999,1,157.67676800000001,156.11040800000001,1.5611821299999999,0.90134892600000005,154.549226,157.67159000000001
387.80000000000001,156.69999999999999,1.01,1,155.148515,156.69999999999999,1,1,156.69999999999999,156.69999999999999,0.98999999999999999,1,158.28282799999999,156.71044800000001,1.5671828299999999,0.90481343199999997,155.14326500000001,158.27763100000001
387.89999999999998,157.30000000000001,1.01,1,155.74257399999999,157.30000000000001,1,1,157.30000000000001,157.30000000000001,0.98999999999999999,1,158.88888900000001,157.31048799999999,1.5731835300000001,0.90827793700000004,155.73730399999999,158.88367099999999
388,157.80000000000001,1.01,1,156.23762400000001,157.80000000000001,1,1,157.80000000000001,157.80000000000001,0.98999999999999999,1,159.39393899999999,157.81052099999999,1.57818412,0.91116502499999996,156.232337,159.38870499999999
388.10000000000002,158.5,1.01,1,156.93069299999999,158.5,1,1,158.5,158.5,0.98999999999999999,1,160.10101,158.51056800000001,1.58518493,0.91520694899999999,156.92538300000001,160.095753
388.19999999999999,158.90000000000001,1.01,1,157.32673299999999,158.90000000000001,1,1,158.90000000000001,158.90000000000001,0.98999999999999999,1,160.50505100000001,158.910594,1.5891854000000001,0.91751661900000003,157.32140899999999,160.49977999999999
388.30000000000001,159.5,1.01,1,157.92079200000001,159.5,1,1,159.5,159.5,0.98999999999999999,1,161.11111099999999,159.51063400000001,1.5951861000000001,0.92098112499999996,157.915448,161.10581999999999
388.39999999999998,160.19999999999999,1.01,1,158.61386100000001,160.19999999999999,1,1,160.19999999999999,160.19999999999999,0.98999999999999999,1,161.81818200000001,160.21068099999999,1.6021869200000001,0.92502304899999999,158.60849400000001,161.81286800000001
388.5,160.80000000000001,1.01,1,159.207921,160.80000000000001,1,1,160.80000000000001,160.80000000000001,0.98999999999999999,1,162.42424199999999,160.810721,1.60818762,0.92848755400000005,159.20253299999999,162.41890900000001
388.60000000000002,161.40000000000001,1.01,1,159.80197999999999,161.40000000000001,1,1,161.40000000000001,161.40000000000001,0.98999999999999999,1,163.030303,161.41076100000001,1.61418832,0.93195205999999997,159.796573,163.02494899999999
388.69999999999999,162,1.01,1,160.39604,162,1,1,162,162,0.98999999999999999,1,163.63636399999999,162.01080099999999,1.62018902,0.935416566,160.390612,163.63099
388.80000000000001,162.59999999999999,1.01,1,160.99009899999999,162.59999999999999,1,1,162.59999999999999,162.59999999999999,0.98999999999999999,1,164.242424,162.61084099999999,1.6261897199999999,0.93888107200000004,160.98465100000001,164.237031
388.89999999999998,163.19999999999999,1.01,1,161.584158,163.19999999999999,1,1,163.19999999999999,163.19999999999999,0.98999999999999999,1,164.84848500000001,163.210881,1.6321904199999999,0.94234557799999996,161.57869099999999,164.84307200000001
389,163.90000000000001,1.01,1,162.27722800000001,163.90000000000001,1,1,163.90000000000001,163.90000000000001,0.98999999999999999,1,165.555556,163.91092800000001,1.6391912399999999,0.94638750100000002,162.271737,165.550119
389.10000000000002,164.40000000000001,1.01,1,162.772277,164.40000000000001,1,1,164.40000000000001,164.40000000000001,0.98999999999999999,1,166.06060600000001,164.41096099999999,1.6441918200000001,0.94927458899999995,162.76676900000001,166.05515299999999
389.19999999999999,165,1.01,1,163.36633699999999,165,1,1,165,165,0.98999999999999999,1,166.66666699999999,165.01100099999999,1.6501925200000001,0.95273909499999998,163.36080899999999,166.66119399999999
389.30000000000001,165.80000000000001,1.01,1,164.15841599999999,165.80000000000001,1,1,165.80000000000001,165.80000000000001,0.98999999999999999,1,167.47474700000001,165.81105400000001,1.65819345,0.95735843600000003,164.152861,167.46924799999999
389.39999999999998,166.40000000000001,1.01,1,164.752475,166.40000000000001,1,1,166.40000000000001,166.40000000000001,0.98999999999999999,1,168.08080799999999,166.41109399999999,1.6641941499999999,0.96082294199999996,164.74690000000001,168.075289
389.5,167,1.01,1,165.34653499999999,167,1,1,167,167,0.98999999999999999,1,168.686869,167.011134,1.6701948499999999,0.96428744799999999,165.34093999999999,168.68132900000001
389.60000000000002,167.59999999999999,1.01,1,165.940594,167.59999999999999,1,1,167.59999999999999,167.59999999999999,0.98999999999999999,1,169.29292899999999,167.61117400000001,1.6761955500000001,0.96775195400000003,165.934979,169.28737000000001
389.69999999999999,168.09999999999999,1.01,1,166.435644,168.09999999999999,1,1,168.09999999999999,168.09999999999999,0.98999999999999999,1,169.79798,168.111208,1.68119614,0.97063904199999995,166.430012,169.792404
389.80000000000001,168.90000000000001,1.01,1,167.227723,168.90000000000001,1,1,168.90000000000001,168.90000000000001,0.98999999999999999,1,170.60606100000001,168.911261,1.6891970700000001,0.97525838300000001,167.22206399999999,170.600458
389.89999999999998,169.69999999999999,1.01,1,168.019802,169.69999999999999,1,1,169.69999999999999,169.69999999999999,0.98999999999999999,1,171.414141,169.71131399999999,1.697198,0.97987772399999995,168.014116,171.408512
390,170.09999999999999,1.01,1,168.415842,170.09999999999999,1,1,170.09999999999999,170.09999999999999,0.98999999999999999,1,171.81818200000001,170.11134100000001,1.70119847,0.98218739399999999,168.41014300000001,171.81254000000001
390.10000000000002,170.80000000000001,1.01,1,169.10891100000001,170.80000000000001,1,1,170.80000000000001,170.80000000000001,0.98999999999999999,1,172.52525299999999,170.81138799999999,1.70819929,0.98622931800000002,169.10318899999999,172.519587
390.19999999999999,171.5,1.01,1,169.80197999999999,171.5,1,1,171.5,171.5,0.98999999999999999,1,173.23232300000001,171.51143400000001,1.7152000999999999,0.99027124099999997,169.796234,173.22663499999999
390.30000000000001,172.09999999999999,1.01,1,170.39604,172.09999999999999,1,1,172.09999999999999,172.09999999999999,0.98999999999999999,1,173.83838399999999,172.11147399999999,1.7212008000000001,0.993735747,170.39027400000001,173.83267499999999
390.39999999999998,172.80000000000001,1.01,1,171.08910900000001,172.80000000000001,1,1,172.80000000000001,172.80000000000001,0.98999999999999999,1,174.545455,172.811521,1.7282016200000001,0.99777766999999995,171.08331999999999,174.53972300000001
390.5,173.5,1.01,1,171.78217799999999,173.5,1,1,173.5,173.5,0.98999999999999999,1,175.25252499999999,173.51156800000001,1.7352024399999999,1.00181959,171.776365,175.24677
390.60000000000002,174.09999999999999,1.01,1,172.376238,174.09999999999999,1,1,174.09999999999999,174.09999999999999,0.98999999999999999,1,175.858586,174.11160799999999,1.7412031400000001,1.0052840999999999,172.37040500000001,175.852811
390.69999999999999,174.80000000000001,1.01,1,173.06930700000001,174.80000000000001,1,1,174.80000000000001,174.80000000000001,0.98999999999999999,1,176.56565699999999,174.811654,1.74820395,1.00932602,173.06345099999999,176.55985799999999
390.80000000000001,175.40000000000001,1.01,1,173.663366,175.40000000000001,1,1,175.40000000000001,175.40000000000001,0.98999999999999999,1,177.171717,175.41169500000001,1.7542046499999999,1.01279053,173.65749,177.165899
390.89999999999998,176.30000000000001,1.01,1,174.55445499999999,176.30000000000001,1,1,176.30000000000001,176.30000000000001,0.98999999999999999,1,178.08080799999999,176.31175500000001,1.7632057000000001,1.01798729,174.54854900000001,178.07496
391,176.90000000000001,1.01,1,175.148515,176.90000000000001,1,1,176.90000000000001,176.90000000000001,0.98999999999999999,1,178.686869,176.91179500000001,1.7692064000000001,1.02145179,175.14258799999999,178.68100100000001
391.10000000000002,177.40000000000001,1.01,1,175.643564,177.40000000000001,1,1,177.40000000000001,177.40000000000001,0.98999999999999999,1,179.19191900000001,177.41182800000001,1.7742069899999999,1.02433888,175.637621,179.186035
391.19999999999999,178,1.01,1,176.23762400000001,178,1,1,178,178,0.98999999999999999,1,179.79798,178.01186799999999,1.7802076899999999,1.0278033900000001,176.23166000000001,179.79207600000001
391.30000000000001,178.80000000000001,1.01,1,177.02970300000001,178.80000000000001,1,1,178.80000000000001,178.80000000000001,0.98999999999999999,1,180.60606100000001,178.81192100000001,1.78820862,1.03242273,177.02371299999999,180.60013000000001
391.39999999999998,179.40000000000001,1.01,1,177.623762,179.40000000000001,1,1,179.40000000000001,179.40000000000001,0.98999999999999999,1,181.212121,179.41196099999999,1.79420932,1.0358872299999999,177.617752,181.20617100000001
391.5,180.09999999999999,1.01,1,178.31683200000001,180.09999999999999,1,1,180.09999999999999,180.09999999999999,0.98999999999999999,1,181.91919200000001,180.112008,1.80121014,1.03992916,178.31079800000001,181.913218
391.60000000000002,180.80000000000001,1.01,1,179.00990100000001,180.80000000000001,1,1,180.80000000000001,180.80000000000001,0.98999999999999999,1,182.62626299999999,180.81205499999999,1.8082109500000001,1.0439710799999999,179.00384399999999,182.62026499999999
391.69999999999999,181.5,1.01,1,179.70296999999999,181.5,1,1,181.5,181.5,0.98999999999999999,1,183.33333300000001,181.512101,1.8152117699999999,1.0480130000000001,179.696889,183.327313
391.80000000000001,182.09999999999999,1.01,1,180.29703000000001,182.09999999999999,1,1,182.09999999999999,182.09999999999999,0.98999999999999999,1,183.93939399999999,182.11214100000001,1.8212124700000001,1.05147751,180.29092900000001,183.93335400000001
391.89999999999998,182.90000000000001,1.01,1,181.08910900000001,182.90000000000001,1,1,182.90000000000001,182.90000000000001,0.98999999999999999,1,184.74747500000001,182.912195,1.8292134,1.0560968500000001,181.08298099999999,184.74140800000001
392,183.59999999999999,1.01,1,181.78217799999999,183.59999999999999,1,1,183.59999999999999,183.59999999999999,0.98999999999999999,1,185.454545,183.61224100000001,1.83621422,1.06013877,181.776027,185.448455
392.10000000000002,184.09999999999999,1.01,1,182.27722800000001,184.09999999999999,1,1,184.09999999999999,184.09999999999999,0.98999999999999999,1,185.959596,184.11227500000001,1.8412147999999999,1.06302586,182.27106000000001,185.95348899999999
392.19999999999999,184.90000000000001,1.01,1,183.06930700000001,184.90000000000001,1,1,184.90000000000001,184.90000000000001,0.98999999999999999,1,186.76767699999999,184.912328,1.84921574,1.0676452000000001,183.06311199999999,186.76154399999999
392.30000000000001,185.69999999999999,1.01,1,183.86138600000001,185.69999999999999,1,1,185.69999999999999,185.69999999999999,0.98999999999999999,1,187.57575800000001,185.71238099999999,1.8572166699999999,1.0722645500000001,183.855165,187.56959800000001
392.39999999999998,186.30000000000001,1.01,1,184.45544599999999,186.30000000000001,1,1,186.30000000000001,186.30000000000001,0.98999999999999999,1,188.18181799999999,186.312421,1.8632173700000001,1.0757290500000001,184.44920400000001,188.17563899999999
392.5,187.09999999999999,1.01,1,185.247525,187.09999999999999,1,1,187.09999999999999,187.09999999999999,0.98999999999999999,1,188.98989900000001,187.11247499999999,1.8712183,1.0803483899999999,185.24125599999999,188.98369299999999
392.60000000000002,187.69999999999999,1.01,1,185.84158400000001,187.69999999999999,1,1,187.69999999999999,187.69999999999999,0.98999999999999999,1,189.59595999999999,187.712515,1.877219,1.0838129000000001,185.835296,189.58973399999999
392.69999999999999,188.5,1.01,1,186.63366300000001,188.5,1,1,188.5,188.5,0.98999999999999999,1,190.40404000000001,188.51256799999999,1.88521994,1.0884322399999999,186.62734800000001,190.39778799999999
392.80000000000001,189.09999999999999,1.01,1,187.227723,189.09999999999999,1,1,189.09999999999999,189.09999999999999,0.98999999999999999,1,191.01010099999999,189.11260799999999,1.89122064,1.0918967399999999,187.22138699999999,191.003829
392.89999999999998,189.80000000000001,1.01,1,187.92079200000001,189.80000000000001,1,1,189.80000000000001,189.80000000000001,0.98999999999999999,1,191.71717200000001,189.81265500000001,1.89822146,1.09593867,187.914433,191.71087600000001
393,190.5,1.01,1,188.61386100000001,190.5,1,1,190.5,190.5,0.98999999999999999,1,192.42424199999999,190.51270099999999,1.9052222700000001,1.0999805899999999,188.60747900000001,192.417924
393.10000000000002,191.30000000000001,1.01,1,189.40594100000001,191.30000000000001,1,1,191.30000000000001,191.30000000000001,0.98999999999999999,1,193.23232300000001,191.31275500000001,1.91322321,1.10459993,189.399531,193.225978
393.19999999999999,192,1.01,1,190.09900999999999,192,1,1,192,192,0.98999999999999999,1,193.93939399999999,192.012801,1.92022402,1.1086418600000001,190.09257700000001,193.93302499999999
393.30000000000001,192.80000000000001,1.01,1,190.89108899999999,192.80000000000001,1,1,192.80000000000001,192.80000000000001,0.98999999999999999,1,194.74747500000001,192.81285500000001,1.9282249600000001,1.1132612,190.88462999999999,194.74108000000001
393.39999999999998,193.5,1.01,1,191.584158,193.5,1,1,193.5,193.5,0.98999999999999999,1,195.454545,193.512901,1.93522577,1.1173031200000001,191.577676,195.448127
393.5,194.30000000000001,1.01,1,192.376238,194.30000000000001,1,1,194.30000000000001,194.30000000000001,0.98999999999999999,1,196.26262600000001,194.31295499999999,1.94322671,1.12192246,192.36972800000001,196.256181
393.60000000000002,195,1.01,1,193.06930700000001,195,1,1,195,195,0.98999999999999999,1,196.969697,195.013001,1.9502275200000001,1.12596439,193.06277399999999,196.96322900000001
393.69999999999999,195.59999999999999,1.01,1,193.663366,195.59999999999999,1,1,195.59999999999999,195.59999999999999,0.98999999999999999,1,197.57575800000001,195.61304100000001,1.9562282200000001,1.12942889,193.656813,197.56926999999999
393.80000000000001,196.30000000000001,1.01,1,194.356436,196.30000000000001,1,1,196.30000000000001,196.30000000000001,0.98999999999999999,1,198.28282799999999,196.31308799999999,1.9632290400000001,1.1334708099999999,194.34985900000001,198.27631700000001
393.89999999999998,197.19999999999999,1.01,1,195.247525,197.19999999999999,1,1,197.19999999999999,197.19999999999999,0.98999999999999999,1,199.19191900000001,197.21314799999999,1.97223009,1.13866757,195.24091799999999,199.18537799999999
394,197.80000000000001,1.01,1,195.84158400000001,197.80000000000001,1,1,197.80000000000001,197.80000000000001,0.98999999999999999,1,199.79798,197.813188,1.97823079,1.1421320800000001,195.834957,199.79141899999999
394.10000000000002,198.40000000000001,1.01,1,196.435644,198.40000000000001,1,1,198.40000000000001,198.40000000000001,0.98999999999999999,1,200.40404000000001,198.413228,1.98423149,1.1455965800000001,196.42899600000001,200.397459
394.19999999999999,199.19999999999999,1.01,1,197.227723,199.19999999999999,1,1,199.19999999999999,199.19999999999999,0.98999999999999999,1,201.212121,199.21328099999999,1.9922324199999999,1.1502159300000001,197.22104899999999,201.20551399999999
394.30000000000001,199.59999999999999,1.01,1,197.623762,199.59999999999999,1,1,199.59999999999999,199.59999999999999,0.98999999999999999,1,201.616162,199.61330799999999,1.9962328899999999,1.1525255999999999,197.617075,201.60954100000001
394.39999999999998,200.59999999999999,1.01,1,198.61386100000001,200.59999999999999,1,1,200.59999999999999,200.59999999999999,0.98999999999999999,1,202.62626299999999,200.61337499999999,2.0062340600000002,1.15829977,198.60714100000001,202.619609
394.5,201.40000000000001,1.01,1,199.40594100000001,201.40000000000001,1,1,201.40000000000001,201.40000000000001,0.98999999999999999,1,203.43434300000001,201.41342800000001,2.0142349899999998,1.16291911,199.399193,203.427663
394.60000000000002,202.19999999999999,1.01,1,200.19802000000001,202.19999999999999,1,1,202.19999999999999,202.19999999999999,0.98999999999999999,1,204.242424,202.213481,2.02223592,1.1675384499999999,200.19124500000001,204.23571699999999
394.69999999999999,202.80000000000001,1.01,1,200.792079,202.80000000000001,1,1,202.80000000000001,202.80000000000001,0.98999999999999999,1,204.84848500000001,202.81352100000001,2.0282366199999999,1.17100296,200.78528499999999,204.841758
394.80000000000001,203.69999999999999,1.01,1,201.68316799999999,203.69999999999999,1,1,203.69999999999999,203.69999999999999,0.98999999999999999,1,205.757576,203.713581,2.0372376700000001,1.1761997200000001,201.676344,205.75081900000001
394.89999999999998,204.40000000000001,1.01,1,202.376238,204.40000000000001,1,1,204.40000000000001,204.40000000000001,0.98999999999999999,1,206.46464599999999,204.41362799999999,2.0442384900000001,1.18024164,202.36939000000001,206.45786699999999
395,205.09999999999999,1.01,1,203.06930700000001,205.09999999999999,1,1,205.09999999999999,205.09999999999999,0.98999999999999999,1,207.171717,205.113675,2.0512393100000001,1.1842835700000001,203.06243499999999,207.16491400000001
395.10000000000002,206.09999999999999,1.01,1,204.059406,206.09999999999999,1,1,206.09999999999999,206.09999999999999,0.98999999999999999,1,208.18181799999999,206.113741,2.06124047,1.1900577400000001,204.05250100000001,208.174982
395.19999999999999,206.5,1.01,1,204.45544599999999,206.5,1,1,206.5,206.5,0.98999999999999999,1,208.585859,206.513768,2.0652409399999998,1.1923674099999999,204.44852700000001,208.57900900000001
395.30000000000001,207.40000000000001,1.01,1,205.34653499999999,207.40000000000001,1,1,207.40000000000001,207.40000000000001,0.98999999999999999,1,209.49494899999999,207.413828,2.07424199,1.1975641699999999,205.339586,209.48806999999999
395.39999999999998,207.90000000000001,1.01,1,205.84158400000001,207.90000000000001,1,1,207.90000000000001,207.90000000000001,0.98999999999999999,1,210,207.913861,2.0792425699999999,1.2004512599999999,205.834619,209.99310399999999
395.5,208.80000000000001,1.01,1,206.73267300000001,208.80000000000001,1,1,208.80000000000001,208.80000000000001,0.98999999999999999,1,210.90909099999999,208.81392099999999,2.0882436200000001,1.2056480199999999,206.72567799999999,210.902165
395.60000000000002,209.69999999999999,1.01,1,207.623762,209.69999999999999,1,1,209.69999999999999,209.69999999999999,0.98999999999999999,1,211.81818200000001,209.71398099999999,2.0972446699999998,1.21084478,207.616737,211.811226
395.69999999999999,210.30000000000001,1.01,1,208.21782200000001,210.30000000000001,1,1,210.30000000000001,210.30000000000001,0.98999999999999999,1,212.42424199999999,210.314021,2.1032453699999998,1.2143092799999999,208.21077600000001,212.41726700000001
395.80000000000001,211,1.01,1,208.91089099999999,211,1,1,211,211,0.98999999999999999,1,213.13131300000001,211.01406800000001,2.1102461899999998,1.21835121,208.90382199999999,213.124314
395.89999999999998,211.19999999999999,1.01,1,209.10891100000001,211.19999999999999,1,1,211.19999999999999,211.19999999999999,0.98999999999999999,1,213.33333300000001,211.21408099999999,2.11224642,1.21950604,209.10183499999999,213.32632799999999
396,212.5,1.01,1,210.39604,212.5,1,1,212.5,212.5,0.98999999999999999,1,214.64646500000001,212.51416800000001,2.1252479399999999,1.22701247,210.38892000000001,214.63941600000001
396.10000000000002,213.30000000000001,1.01,1,211.188119,213.30000000000001,1,1,213.30000000000001,213.30000000000001,0.98999999999999999,1,215.454545,213.314221,2.1332488700000001,1.2316318100000001,211.18097299999999,215.44747000000001
396.19999999999999,214.09999999999999,1.01,1,211.980198,214.09999999999999,1,1,214.09999999999999,214.09999999999999,0.98999999999999999,1,216.26262600000001,214.11427499999999,2.1412498100000001,1.23625115,211.97302500000001,216.25552500000001
396.30000000000001,214.80000000000001,1.01,1,212.67326700000001,214.80000000000001,1,1,214.80000000000001,214.80000000000001,0.98999999999999999,1,216.969697,214.81432100000001,2.1482506200000002,1.24029308,212.66607099999999,216.96257199999999
396.39999999999998,215.5,1.01,1,213.36633699999999,215.5,1,1,215.5,215.5,0.98999999999999999,1,217.67676800000001,215.51436799999999,2.1552514399999998,1.244335,213.359117,217.66962000000001
396.5,216.30000000000001,1.01,1,214.15841599999999,216.30000000000001,1,1,216.30000000000001,216.30000000000001,0.98999999999999999,1,218.484848,216.31442100000001,2.1632523699999999,1.2489543400000001,214.15116900000001,218.47767400000001
396.60000000000002,217,1.01,1,214.851485,217,1,1,217,217,0.98999999999999999,1,219.19191900000001,217.01446799999999,2.1702531899999999,1.25299626,214.84421499999999,219.184721
396.69999999999999,217.80000000000001,1.01,1,215.643564,217.80000000000001,1,1,217.80000000000001,217.80000000000001,0.98999999999999999,1,220,217.81452100000001,2.17825413,1.25761561,215.636267,219.99277599999999
396.80000000000001,218.69999999999999,1.01,1,216.53465299999999,218.69999999999999,1,1,218.69999999999999,218.69999999999999,0.98999999999999999,1,220.90909099999999,218.71458100000001,2.1872551800000002,1.2628123600000001,216.52732599999999,220.901837
396.89999999999998,219.30000000000001,1.01,1,217.128713,219.30000000000001,1,1,219.30000000000001,219.30000000000001,0.98999999999999999,1,221.515152,219.31462099999999,2.1932558800000002,1.26627687,217.12136599999999,221.50787700000001
397,220.09999999999999,1.01,1,217.92079200000001,220.09999999999999,1,1,220.09999999999999,220.09999999999999,0.98999999999999999,1,222.32323199999999,220.11467500000001,2.2012568099999998,1.2708962100000001,217.91341800000001,222.315932
397.10000000000002,221,1.01,1,218.811881,221,1,1,221,221,0.98999999999999999,1,223.23232300000001,221.014735,2.21025786,1.2760929700000001,218.80447699999999,223.22499300000001
397.19999999999999,222.09999999999999,1.01,1,219.90099000000001,222.09999999999999,1,1,222.09999999999999,222.09999999999999,0.98999999999999999,1,224.343434,222.11480800000001,2.2212591399999999,1.2824445600000001,219.89354900000001,224.33606700000001
397.30000000000001,222.80000000000001,1.01,1,220.59405899999999,222.80000000000001,1,1,222.80000000000001,222.80000000000001,0.98999999999999999,1,225.05050499999999,222.81485499999999,2.2282599599999999,1.2864864899999999,220.58659499999999,225.043115
397.39999999999998,223.40000000000001,1.01,1,221.188119,223.40000000000001,1,1,223.40000000000001,223.40000000000001,0.98999999999999999,1,225.656566,223.414895,2.2342606599999999,1.2899509899999999,221.180634,225.64915500000001
397.5,224.19999999999999,1.01,1,221.980198,224.19999999999999,1,1,224.19999999999999,224.19999999999999,0.98999999999999999,1,226.46464599999999,224.21494799999999,2.24226159,1.29457033,221.97268700000001,226.45721
397.60000000000002,225,1.01,1,222.772277,225,1,1,225,225,0.98999999999999999,1,227.272727,225.01500200000001,2.2502625300000001,1.29918968,222.76473899999999,227.265264
397.69999999999999,225.69999999999999,1.01,1,223.46534700000001,225.69999999999999,1,1,225.69999999999999,225.69999999999999,0.98999999999999999,1,227.97979799999999,225.715048,2.2572633400000002,1.3032315999999999,223.457785,227.97231199999999
397.80000000000001,226.40000000000001,1.01,1,224.15841599999999,226.40000000000001,1,1,226.40000000000001,226.40000000000001,0.98999999999999999,1,228.686869,226.41509500000001,2.2642641600000002,1.3072735200000001,224.15083100000001,228.67935900000001
397.89999999999998,227.30000000000001,1.01,1,225.04950500000001,227.30000000000001,1,1,227.30000000000001,227.30000000000001,0.98999999999999999,1,229.59595999999999,227.315155,2.2732652099999999,1.3124702800000001,225.04189,229.58842000000001
398,228,1.01,1,225.74257399999999,228,1,1,228,228,0.98999999999999999,1,230.30303000000001,228.01520199999999,2.2802660299999999,1.3165122,225.73493500000001,230.295468
398.10000000000002,228.80000000000001,1.01,1,226.53465299999999,228.80000000000001,1,1,228.80000000000001,228.80000000000001,0.98999999999999999,1,231.11111099999999,228.81525500000001,2.2882669600000001,1.32113155,226.52698799999999,231.103522
398.19999999999999,229.59999999999999,1.01,1,227.32673299999999,229.59999999999999,1,1,229.59999999999999,229.59999999999999,0.98999999999999999,1,231.91919200000001,229.615308,2.2962678900000002,1.3257508899999999,227.31904,231.911576
398.30000000000001,230.40000000000001,1.01,1,228.11881199999999,230.40000000000001,1,1,230.40000000000001,230.40000000000001,0.98999999999999999,1,232.727273,230.41536199999999,2.3042688299999998,1.33037023,228.11109300000001,232.71963
398.39999999999998,231.19999999999999,1.01,1,228.91089099999999,231.19999999999999,1,1,231.19999999999999,231.19999999999999,0.98999999999999999,1,233.53535400000001,231.21541500000001,2.31226976,1.3349895700000001,228.90314499999999,233.52768499999999
398.5,231.90000000000001,1.01,1,229.60396,231.90000000000001,1,1,231.90000000000001,231.90000000000001,0.98999999999999999,1,234.242424,231.91546199999999,2.31927058,1.33903149,229.596191,234.23473200000001
398.60000000000002,232.69999999999999,1.01,1,230.39604,232.69999999999999,1,1,232.69999999999999,232.69999999999999,0.98999999999999999,1,235.05050499999999,232.71551500000001,2.3272715100000001,1.3436508300000001,230.38824299999999,235.04278600000001
398.69999999999999,233.59999999999999,1.01,1,231.28712899999999,233.59999999999999,1,1,233.59999999999999,233.59999999999999,0.98999999999999999,1,235.959596,233.61557500000001,2.3362725599999998,1.3488475900000001,231.279302,235.95184699999999
398.80000000000001,234.40000000000001,1.01,1,232.07920799999999,234.40000000000001,1,1,234.40000000000001,234.40000000000001,0.98999999999999999,1,236.76767699999999,234.415628,2.34427349,1.35346693,232.07135500000001,236.75990200000001
398.89999999999998,235.19999999999999,1.01,1,232.871287,235.19999999999999,1,1,235.19999999999999,235.19999999999999,0.98999999999999999,1,237.57575800000001,235.21568199999999,2.35227443,1.35808627,232.863407,237.56795600000001
399,235.80000000000001,1.01,1,233.46534700000001,235.80000000000001,1,1,235.80000000000001,235.80000000000001,0.98999999999999999,1,238.18181799999999,235.81572199999999,2.35827513,1.36155078,233.457446,238.17399700000001
399.10000000000002,236.80000000000001,1.01,1,234.45544599999999,236.80000000000001,1,1,236.80000000000001,236.80000000000001,0.98999999999999999,1,239.19191900000001,236.815788,2.3682762899999998,1.3673249599999999,234.44751199999999,239.184065
399.19999999999999,237.40000000000001,1.01,1,235.04950500000001,237.40000000000001,1,1,237.40000000000001,237.40000000000001,0.98999999999999999,1,239.79798,237.415828,2.3742769899999998,1.3707894599999999,235.041551,239.79010500000001
399.30000000000001,238.30000000000001,1.01,1,235.940594,238.30000000000001,1,1,238.30000000000001,238.30000000000001,0.98999999999999999,1,240.70707100000001,238.315888,2.38327804,1.3759862199999999,235.93261000000001,240.69916599999999
399.39999999999998,239,1.01,1,236.63366300000001,239,1,1,239,239,0.98999999999999999,1,241.414141,239.01593500000001,2.39027886,1.3800281400000001,236.62565599999999,241.40621400000001
399.5,239.80000000000001,1.01,1,237.42574300000001,239.80000000000001,1,1,239.80000000000001,239.80000000000001,0.98999999999999999,1,242.22222199999999,239.815988,2.3982797900000001,1.3846474799999999,237.417708,242.214268
399.60000000000002,240.80000000000001,1.01,1,238.415842,240.80000000000001,1,1,240.80000000000001,240.80000000000001,0.98999999999999999,1,243.23232300000001,240.81605500000001,2.4082809599999999,1.3904216599999999,238.40777399999999,243.22433599999999
399.69999999999999,241.40000000000001,1.01,1,239.00990100000001,241.40000000000001,1,1,241.40000000000001,241.40000000000001,0.98999999999999999,1,243.83838399999999,241.41609500000001,2.4142816599999999,1.39388617,239.001813,243.830377
399.80000000000001,242.30000000000001,1.01,1,239.90099000000001,242.30000000000001,1,1,242.30000000000001,242.30000000000001,0.98999999999999999,1,244.74747500000001,242.31615500000001,2.4232827100000001,1.3990829300000001,239.89287200000001,244.73943800000001
399.89999999999998,243.09999999999999,1.01,1,240.69306900000001,243.09999999999999,1,1,243.09999999999999,243.09999999999999,0.98999999999999999,1,245.555556,243.116208,2.4312836400000002,1.4037022699999999,240.68492499999999,245.54749200000001
400,243.80000000000001,1.01,1,241.38613899999999,243.80000000000001,1,1,243.80000000000001,243.80000000000001,0.98999999999999999,1,246.26262600000001,243.81625500000001,2.4382844600000002,1.4077441900000001,241.37797,246.25453899999999
400.10000000000002,244.59999999999999,1.01,1,242.17821799999999,244.59999999999999,1,1,244.59999999999999,244.59999999999999,0.98999999999999999,1,247.070707,244.616308,2.4462853899999999,1.4123635299999999,242.17002299999999,247.06259399999999
400.19999999999999,245.40000000000001,1.01,1,242.97029699999999,245.40000000000001,1,1,245.40000000000001,245.40000000000001,0.98999999999999999,1,247.87878799999999,245.41636199999999,2.45428633,1.41698287,242.962075,247.87064799999999
400.30000000000001,246.09999999999999,1.01,1,243.663366,246.09999999999999,1,1,246.09999999999999,246.09999999999999,0.98999999999999999,1,248.585859,246.11640800000001,2.46128715,1.4210248000000001,243.65512100000001,248.57769500000001
400.39999999999998,247.09999999999999,1.01,1,244.65346500000001,247.09999999999999,1,1,247.09999999999999,247.09999999999999,0.98999999999999999,1,249.59595999999999,247.11647500000001,2.4712883099999998,1.4267989700000001,244.64518699999999,249.587763
400.5,247.90000000000001,1.01,1,245.44554500000001,247.90000000000001,1,1,247.90000000000001,247.90000000000001,0.98999999999999999,1,250.40404000000001,247.916528,2.4792892499999999,1.43141831,245.43723900000001,250.39581799999999
400.60000000000002,248.69999999999999,1.01,1,246.23762400000001,248.69999999999999,1,1,248.69999999999999,248.69999999999999,0.98999999999999999,1,251.212121,248.71658199999999,2.48729018,1.4360376500000001,246.22929099999999,251.20387199999999
400.69999999999999,249.59999999999999,1.01,1,247.128713,249.59999999999999,1,1,249.59999999999999,249.59999999999999,0.98999999999999999,1,252.12121200000001,249.61664200000001,2.4962912300000002,1.4412344100000001,247.12035,252.112933
400.80000000000001,250.40000000000001,1.01,1,247.92079200000001,250.40000000000001,1,1,250.40000000000001,250.40000000000001,0.98999999999999999,1,252.929293,250.416695,2.5042921599999999,1.4458537499999999,247.91240300000001,252.920987
400.89999999999998,251.19999999999999,1.01,1,248.71287100000001,251.19999999999999,1,1,251.19999999999999,251.19999999999999,0.98999999999999999,1,253.73737399999999,251.216748,2.5122930999999999,1.4504731,248.704455,253.729041
401,252,1.01,1,249.50495000000001,252,1,1,252,252,0.98999999999999999,1,254.545455,252.01680200000001,2.5202940300000001,1.45509244,249.49650800000001,254.53709599999999
401.10000000000002,253,1.01,1,250.49504999999999,253,1,1,253,253,0.98999999999999999,1,255.555556,253.01686799999999,2.5302951999999999,1.4608666100000001,250.48657299999999,255.54716400000001
401.19999999999999,253.69999999999999,1.01,1,251.188119,253.69999999999999,1,1,253.69999999999999,253.69999999999999,0.98999999999999999,1,256.26262600000001,253.716915,2.5372960099999999,1.4649085399999999,251.179619,256.254211
401.30000000000001,254.59999999999999,1.01,1,252.07920799999999,254.59999999999999,1,1,254.59999999999999,254.59999999999999,0.98999999999999999,1,257.171717,254.616975,2.5462970600000001,1.47010529,252.07067799999999,257.16327200000001
401.39999999999998,255.19999999999999,1.01,1,252.67326700000001,255.19999999999999,1,1,255.19999999999999,255.19999999999999,0.98999999999999999,1,257.77777800000001,255.217015,2.5522977600000001,1.4735697999999999,252.664717,257.76931300000001
401.5,255.90000000000001,1.01,1,253.36633699999999,255.90000000000001,1,1,255.90000000000001,255.90000000000001,0.98999999999999999,1,258.484848,255.91706199999999,2.5592985800000001,1.4776117200000001,253.35776300000001,258.47636
401.60000000000002,256.69999999999999,1.01,1,254.15841599999999,256.69999999999999,1,1,256.69999999999999,256.69999999999999,0.98999999999999999,1,259.29292900000002,256.71711499999998,2.5672995099999998,1.4822310599999999,254.14981599999999,259.28441500000002
401.69999999999999,257.69999999999999,1.01,1,255.148515,257.69999999999999,1,1,257.69999999999999,257.69999999999999,0.98999999999999999,1,260.30302999999998,257.71718199999998,2.57730068,1.4880052399999999,255.139881,260.29448200000002
401.80000000000001,258.5,1.01,1,255.940594,258.5,1,1,258.5,258.5,0.98999999999999999,1,261.11111099999999,258.51723500000003,2.5853016100000001,1.49262458,255.93193299999999,261.10253699999998
401.89999999999998,259.19999999999999,1.01,1,256.63366300000001,259.19999999999999,1,1,259.19999999999999,259.19999999999999,0.98999999999999999,1,261.81818199999998,259.21728200000001,2.5923024300000002,1.4966665100000001,256.624979,261.80958399999997
402,260,1.01,1,257.42574300000001,260,1,1,260,260,0.98999999999999999,1,262.62626299999999,260.017335,2.6003033599999998,1.5012858499999999,257.41703200000001,262.617638
402.10000000000002,261,1.01,1,258.415842,261,1,1,261,261,0.98999999999999999,1,263.63636400000001,261.017402,2.6103045300000001,1.5070600199999999,258.40709700000002,263.62770599999999
402.19999999999999,261.80000000000001,1.01,1,259.207921,261.80000000000001,1,1,261.80000000000001,261.80000000000001,0.98999999999999999,1,264.44444399999998,261.817455,2.6183054600000002,1.51167936,259.19914999999997,264.43576100000001
402.30000000000001,262.60000000000002,1.01,1,260,262.60000000000002,1,1,262.60000000000002,262.60000000000002,0.98999999999999999,1,265.25252499999999,262.61750799999999,2.6263063999999998,1.51629871,259.99120199999999,265.24381499999998
402.39999999999998,263.5,1.01,1,260.89108900000002,263.5,1,1,263.5,263.5,0.98999999999999999,1,266.16161599999998,263.51756799999998,2.63530745,1.5214954599999999,260.88226100000003,266.15287599999999
402.5,264.39999999999998,1.01,1,261.78217799999999,264.39999999999998,1,1,264.39999999999998,264.39999999999998,0.98999999999999999,1,267.07070700000003,264.41762799999998,2.6443085000000002,1.5266922199999999,261.77332000000001,267.061937
402.60000000000002,265.10000000000002,1.01,1,262.47524800000002,265.10000000000002,1,1,265.10000000000002,265.10000000000002,0.98999999999999999,1,267.77777800000001,265.11767500000002,2.6513093099999998,1.53073415,262.46636599999999,267.76898399999999
402.69999999999999,265.89999999999998,1.01,1,263.26732700000002,265.89999999999998,1,1,265.89999999999998,265.89999999999998,0.98999999999999999,1,268.58585900000003,265.91772800000001,2.6593102499999999,1.5353534900000001,263.25841800000001,268.57703900000001
402.80000000000001,266.80000000000001,1.01,1,264.15841599999999,266.80000000000001,1,1,266.80000000000001,266.80000000000001,0.98999999999999999,1,269.49494900000002,266.81778800000001,2.6683113000000001,1.5405502499999999,264.14947699999999,269.48610000000002
402.89999999999998,267.80000000000001,1.01,1,265.14851499999997,267.80000000000001,1,1,267.80000000000001,267.80000000000001,0.98999999999999999,1,270.50505099999998,267.81785500000001,2.6783124599999999,1.5463244199999999,265.139543,270.49616800000001
403,268.69999999999999,1.01,1,266.039604,268.69999999999999,1,1,268.69999999999999,268.69999999999999,0.98999999999999999,1,271.41414099999997,268.717915,2.6873135100000001,1.5515211799999999,266.03060199999999,271.40522900000002
403.10000000000002,269.30000000000001,1.01,1,266.63366300000001,269.30000000000001,1,1,269.30000000000001,269.30000000000001,0.98999999999999999,1,272.02020199999998,269.31795499999998,2.69331421,1.5549856900000001,266.624641,272.01126900000003
403.19999999999999,270.10000000000002,1.01,1,267.42574300000001,270.10000000000002,1,1,270.10000000000002,270.10000000000002,0.98999999999999999,1,272.828283,270.11800799999997,2.7013151500000001,1.5596050299999999,267.41669300000001,272.81932399999999
403.30000000000001,271,1.01,1,268.31683199999998,271,1,1,271,271,0.98999999999999999,1,273.73737399999999,271.01806800000003,2.7103161999999998,1.56480179,268.30775199999999,273.728385
403.39999999999998,271.69999999999999,1.01,1,269.00990100000001,271.69999999999999,1,1,271.69999999999999,271.69999999999999,0.98999999999999999,1,274.44444399999998,271.71811500000001,2.7173170099999999,1.5688437099999999,269.00079799999997,274.43543199999999
403.5,272.39999999999998,1.01,1,269.70296999999999,272.39999999999998,1,1,272.39999999999998,272.39999999999998,0.98999999999999999,1,275.15151500000002,272.418162,2.7243178299999999,1.57288563,269.69384400000001,275.14247999999998
403.60000000000002,273.39999999999998,1.01,1,270.69306899999998,273.39999999999998,1,1,273.39999999999998,273.39999999999998,0.98999999999999999,1,276.16161599999998,273.418228,2.7343190000000002,1.57865981,270.68390900000003,276.15254700000003
403.69999999999999,274.30000000000001,1.01,1,271.584158,274.30000000000001,1,1,274.30000000000001,274.30000000000001,0.98999999999999999,1,277.07070700000003,274.318288,2.7433200499999999,1.58385657,271.57496800000001,277.06160899999998
403.80000000000001,275.10000000000002,1.01,1,272.376238,275.10000000000002,1,1,275.10000000000002,275.10000000000002,0.98999999999999999,1,277.87878799999999,275.11834199999998,2.75132098,1.5884759100000001,272.36702100000002,277.869663
403.89999999999998,276,1.01,1,273.26732700000002,276,1,1,276,276,0.98999999999999999,1,278.78787899999998,276.01840199999998,2.7603220300000002,1.5936726699999999,273.25808000000001,278.77872400000001
404,276.80000000000001,1.01,1,274.05940600000002,276.80000000000001,1,1,276.80000000000001,276.80000000000001,0.98999999999999999,1,279.59595999999999,276.81845499999997,2.7683229699999998,1.59829201,274.05013200000002,279.58677799999998
404.10000000000002,278,1.01,1,275.247525,278,1,1,278,278,0.98999999999999999,1,280.80808100000002,278.01853499999999,2.7803243700000002,1.6052210200000001,275.23821099999998,280.79885999999999
404.19999999999999,278.5,1.01,1,275.74257399999999,278.5,1,1,278.5,278.5,0.98999999999999999,1,281.313131,278.51856900000001,2.7853249500000001,1.6081081100000001,275.73324400000001,281.30389300000002
404.30000000000001,279.30000000000001,1.01,1,276.53465299999999,279.30000000000001,1,1,279.30000000000001,279.30000000000001,0.98999999999999999,1,282.12121200000001,279.318622,2.7933258799999998,1.61272745,276.52529600000003,282.11194799999998
404.39999999999998,280.10000000000002,1.01,1,277.32673299999999,280.10000000000002,1,1,280.10000000000002,280.10000000000002,0.98999999999999999,1,282.92929299999997,280.118675,2.8013268199999999,1.61734679,277.31734799999998,282.92000200000001
404.5,280.89999999999998,1.01,1,278.11881199999999,280.89999999999998,1,1,280.89999999999998,280.89999999999998,0.98999999999999999,1,283.73737399999999,280.91872899999998,2.80932775,1.6219661299999999,278.10940099999999,283.72805599999998
404.60000000000002,281.80000000000001,1.01,1,279.00990100000001,281.80000000000001,1,1,281.80000000000001,281.80000000000001,0.98999999999999999,1,284.64646499999998,281.81878899999998,2.8183288000000002,1.6271628899999999,279.00045999999998,284.63711699999999
404.69999999999999,282.5,1.01,1,279.70296999999999,282.5,1,1,282.5,282.5,0.98999999999999999,1,285.35353500000002,282.51883500000002,2.8253296200000002,1.6312048100000001,279.69350600000001,285.34416499999998
404.80000000000001,283.5,1.01,1,280.69306899999998,283.5,1,1,283.5,283.5,0.98999999999999999,1,286.36363599999999,283.51890200000003,2.8353307800000001,1.63697899,280.68357099999997,286.35423300000002
404.89999999999998,284.30000000000001,1.01,1,281.48514899999998,284.30000000000001,1,1,284.30000000000001,284.30000000000001,0.98999999999999999,1,287.171717,284.31895500000002,2.8433317200000001,1.6415983300000001,281.47562399999998,287.16228699999999
405,285.39999999999998,1.01,1,282.57425699999999,285.39999999999998,1,1,285.39999999999998,285.39999999999998,0.98999999999999999,1,288.28282799999999,285.41902900000002,2.854333,1.64794993,282.56469600000003,288.27336200000002
405.10000000000002,285.89999999999998,1.01,1,283.06930699999998,285.89999999999998,1,1,285.89999999999998,285.89999999999998,0.98999999999999999,1,288.78787899999998,285.919062,2.8593335799999999,1.65083701,283.05972800000001,288.77839499999999
405.19999999999999,286.80000000000001,1.01,1,283.960396,286.80000000000001,1,1,286.80000000000001,286.80000000000001,0.98999999999999999,1,289.69697000000002,286.81912199999999,2.8683346300000001,1.6560337700000001,283.95078699999999,289.68745699999999
405.30000000000001,287.69999999999999,1.01,1,284.85148500000003,287.69999999999999,1,1,287.69999999999999,287.69999999999999,0.98999999999999999,1,290.60606100000001,287.71918199999999,2.8773356799999998,1.6612305300000001,284.84184599999998,290.596518
405.39999999999998,288.5,1.01,1,285.64356400000003,288.5,1,1,288.5,288.5,0.98999999999999999,1,291.41414099999997,288.51923499999998,2.8853366199999999,1.66584987,285.63389899999999,291.40457199999997
405.5,289.30000000000001,1.01,1,286.43564400000002,289.30000000000001,1,1,289.30000000000001,289.30000000000001,0.98999999999999999,1,292.22222199999999,289.31928900000003,2.89333755,1.67046921,286.425951,292.212626
405.60000000000002,290.19999999999999,1.01,1,287.32673299999999,290.19999999999999,1,1,290.19999999999999,290.19999999999999,0.98999999999999999,1,293.13131299999998,290.21934900000002,2.9023386000000002,1.6756659700000001,287.31700999999998,293.12168700000001
405.69999999999999,290.80000000000001,1.01,1,287.92079200000001,290.80000000000001,1,1,290.80000000000001,290.80000000000001,0.98999999999999999,1,293.73737399999999,290.819389,2.9083393000000002,1.67913048,287.91104899999999,293.72772800000001
405.80000000000001,291.69999999999999,1.01,1,288.81188100000003,291.69999999999999,1,1,291.69999999999999,291.69999999999999,0.98999999999999999,1,294.64646499999998,291.719449,2.9173403499999999,1.68432724,288.80210799999998,294.63678900000002
405.89999999999998,292.5,1.01,1,289.60395999999997,292.5,1,1,292.5,292.5,0.98999999999999999,1,295.454545,292.51950199999999,2.92534128,1.6889465800000001,289.59416099999999,295.44484299999999
406,293.39999999999998,1.01,1,290.49504999999999,293.39999999999998,1,1,293.39999999999998,293.39999999999998,0.98999999999999999,1,296.36363599999999,293.41956199999998,2.9343423300000002,1.6941433400000001,290.48522000000003,296.353904
406.10000000000002,294.30000000000001,1.01,1,291.38613900000001,294.30000000000001,1,1,294.30000000000001,294.30000000000001,0.98999999999999999,1,297.27272699999997,294.31962199999998,2.94334338,1.6993400999999999,291.37627900000001,297.26296500000001
406.19999999999999,295.19999999999999,1.01,1,292.27722799999998,295.19999999999999,1,1,295.19999999999999,295.19999999999999,0.98999999999999999,1,298.18181800000002,295.21968199999998,2.9523444300000001,1.70453685,292.267338,298.17202600000002
406.30000000000001,296,1.01,1,293.06930699999998,296,1,1,296,296,0.98999999999999999,1,298.98989899999998,296.01973500000003,2.9603453700000002,1.7091561900000001,293.05939000000001,298.98008099999998
406.39999999999998,296.69999999999999,1.01,1,293.76237600000002,296.69999999999999,1,1,296.69999999999999,296.69999999999999,0.98999999999999999,1,299.69697000000002,296.71978200000001,2.9673461799999998,1.7131981199999999,293.75243599999999,299.68712799999997
406.5,297.69999999999999,1.01,1,294.752475,297.69999999999999,1,1,297.69999999999999,297.69999999999999,0.98999999999999999,1,300.70707099999998,297.71984900000001,2.9773473500000001,1.71897229,294.742501,300.69719600000002
406.60000000000002,298.5,1.01,1,295.54455400000001,298.5,1,1,298.5,298.5,0.98999999999999999,1,301.515152,298.519902,2.9853482800000002,1.72359164,295.53455400000001,301.50524999999999
406.69999999999999,299.39999999999998,1.01,1,296.43564400000002,299.39999999999998,1,1,299.39999999999998,299.39999999999998,0.98999999999999999,1,302.42424199999999,299.419962,2.9943493299999999,1.7287883900000001,296.425613,302.414311
406.80000000000001,300.10000000000002,1.01,1,297.128713,300.10000000000002,1,1,300.10000000000002,300.10000000000002,0.98999999999999999,1,303.13131299999998,300.12000899999998,3.0013501499999999,1.7328303199999999,297.11865899999998,303.12135899999998
406.89999999999998,301.10000000000002,1.01,1,298.11881199999999,301.10000000000002,1,1,301.10000000000002,301.10000000000002,0.98999999999999999,1,304.141414,301.12007499999999,3.0113513200000002,1.7386044899999999,298.108724,304.13142699999997
407,301.89999999999998,1.01,1,298.91089099999999,301.89999999999998,1,1,301.89999999999998,301.89999999999998,0.98999999999999999,1,304.94949500000001,301.92012899999997,3.0193522499999998,1.74322384,298.90077600000001,304.939481
407.10000000000002,302.80000000000001,1.01,1,299.80198000000001,302.80000000000001,1,1,302.80000000000001,302.80000000000001,0.98999999999999999,1,305.858586,302.82018900000003,3.0283533,1.7484205900000001,299.79183499999999,305.84854200000001
407.19999999999999,303.69999999999999,1.01,1,300.69306899999998,303.69999999999999,1,1,303.69999999999999,303.69999999999999,0.98999999999999999,1,306.76767699999999,303.72024900000002,3.0373543500000002,1.7536173500000001,300.68289399999998,306.75760300000002
407.30000000000001,304.5,1.01,1,301.48514899999998,304.5,1,1,304.5,304.5,0.98999999999999999,1,307.57575800000001,304.52030200000002,3.0453552899999998,1.7582366899999999,301.47494699999999,307.56565699999999
407.39999999999998,305.10000000000002,1.01,1,302.07920799999999,305.10000000000002,1,1,305.10000000000002,305.10000000000002,0.98999999999999999,1,308.18181800000002,305.12034199999999,3.0513559899999998,1.7617012000000001,302.068986,308.17169799999999
407.5,306,1.01,1,302.97029700000002,306,1,1,306,306,0.98999999999999999,1,309.09090900000001,306.02040199999999,3.06035704,1.7668979600000001,302.96004499999998,309.080759
407.60000000000002,306.89999999999998,1.01,1,303.86138599999998,306.89999999999998,1,1,306.89999999999998,306.89999999999998,0.98999999999999999,1,310,306.92046199999999,3.0693580900000001,1.7720947199999999,303.85110400000002,309.98982000000001
407.69999999999999,307.60000000000002,1.01,1,304.55445500000002,307.60000000000002,1,1,307.60000000000002,307.60000000000002,0.98999999999999999,1,310.70707099999998,307.62050900000003,3.0763588999999998,1.77613664,304.54415,310.69686799999999
407.80000000000001,308.60000000000002,1.01,1,305.54455400000001,308.60000000000002,1,1,308.60000000000002,308.60000000000002,0.98999999999999999,1,311.71717200000001,308.62057499999997,3.08636007,1.78191082,305.53421500000002,311.70693499999999
407.89999999999998,309.30000000000001,1.01,1,306.23762399999998,309.30000000000001,1,1,309.30000000000001,309.30000000000001,0.98999999999999999,1,312.42424199999999,309.32062200000001,3.09336089,1.7859527399999999,306.227261,312.41398299999997
408,310.19999999999999,1.01,1,307.128713,310.19999999999999,1,1,310.19999999999999,310.19999999999999,0.98999999999999999,1,313.33333299999998,310.22068200000001,3.1023619400000002,1.7911495,307.11831999999998,313.32304399999998
408.10000000000002,311,1.01,1,307.92079200000001,311,1,1,311,311,0.98999999999999999,1,314.141414,311.020735,3.1103628699999999,1.79576884,307.91037299999999,314.13109800000001
408.19999999999999,311.89999999999998,1.01,1,308.81188100000003,311.89999999999998,1,1,311.89999999999998,311.89999999999998,0.98999999999999999,1,315.05050499999999,311.920795,3.1193639200000001,1.8009656000000001,308.80143099999998,315.04015900000002
408.30000000000001,312.69999999999999,1.01,1,309.60395999999997,312.69999999999999,1,1,312.69999999999999,312.69999999999999,0.98999999999999999,1,315.858586,312.72084899999999,3.1273648500000002,1.8055849399999999,309.59348399999999,315.84821399999998
408.39999999999998,313.5,1.01,1,310.39604000000003,313.5,1,1,313.5,313.5,0.98999999999999999,1,316.66666700000002,313.52090199999998,3.1353657899999998,1.81020428,310.385536,316.65626800000001
408.5,314.39999999999998,1.01,1,311.28712899999999,314.39999999999998,1,1,314.39999999999998,314.39999999999998,0.98999999999999999,1,317.57575800000001,314.42096199999997,3.14436684,1.81540104,311.27659499999999,317.56532900000002
408.60000000000002,315.19999999999999,1.01,1,312.07920799999999,315.19999999999999,1,1,315.19999999999999,315.19999999999999,0.98999999999999999,1,318.38383800000003,315.22101500000002,3.1523677700000001,1.8200203800000001,312.068648,318.37338299999999
408.69999999999999,316,1.01,1,312.871287,316,1,1,316,316,0.98999999999999999,1,319.19191899999998,316.02106900000001,3.1603686999999998,1.82463972,312.86070000000001,319.18143700000002
408.80000000000001,316.80000000000001,1.01,1,313.663366,316.80000000000001,1,1,316.80000000000001,316.80000000000001,0.98999999999999999,1,320,316.821122,3.1683696399999999,1.82925906,313.65275200000002,319.98949199999998
408.89999999999998,317.89999999999998,1.01,1,314.752475,317.89999999999998,1,1,317.89999999999998,317.89999999999998,0.98999999999999999,1,321.11111099999999,317.92119500000001,3.1793709200000002,1.8356106599999999,314.74182500000001,321.10056600000001
409,318.60000000000002,1.01,1,315.44554499999998,318.60000000000002,1,1,318.60000000000002,318.60000000000002,0.98999999999999999,1,321.81818199999998,318.621242,3.1863717399999998,1.8396525800000001,315.43486999999999,321.807614
409.10000000000002,319.60000000000002,1.01,1,316.43564400000002,319.60000000000002,1,1,319.60000000000002,319.60000000000002,0.98999999999999999,1,322.828283,319.621309,3.1963729000000001,1.8454267600000001,316.424936,322.81768199999999
409.19999999999999,320.30000000000001,1.01,1,317.128713,320.30000000000001,1,1,320.30000000000001,320.30000000000001,0.98999999999999999,1,323.53535399999998,320.32135499999998,3.2033737200000001,1.84946868,317.11798199999998,323.52472899999998
409.30000000000001,321.30000000000001,1.01,1,318.11881199999999,321.30000000000001,1,1,321.30000000000001,321.30000000000001,0.98999999999999999,1,324.545455,321.32142199999998,3.2133748899999999,1.8552428599999999,318.108047,324.53479700000003
409.39999999999998,321.80000000000001,1.01,1,318.61386099999999,321.80000000000001,1,1,321.80000000000001,321.80000000000001,0.98999999999999999,1,325.05050499999999,321.82145500000001,3.2183754699999998,1.85812994,318.60307999999998,325.03983099999999
409.5,322.69999999999999,1.01,1,319.50495000000001,322.69999999999999,1,1,322.69999999999999,322.69999999999999,0.98999999999999999,1,325.95959599999998,322.72151500000001,3.22737652,1.8633267,319.49413900000002,325.948892
409.60000000000002,324,1.01,1,320.792079,324,1,1,324,324,0.98999999999999999,1,327.27272699999997,324.02160199999997,3.24037804,1.8708331300000001,320.78122400000001,327.26197999999999
409.69999999999999,324.60000000000002,1.01,1,321.38613900000001,324.60000000000002,1,1,324.60000000000002,324.60000000000002,0.98999999999999999,1,327.87878799999999,324.62164200000001,3.2463787399999999,1.87429764,321.37526300000002,327.868021
409.80000000000001,325.30000000000001,1.01,1,322.07920799999999,325.30000000000001,1,1,325.30000000000001,325.30000000000001,0.98999999999999999,1,328.58585900000003,325.32168899999999,3.25337955,1.8783395599999999,322.068309,328.57506799999999
409.89999999999998,326.10000000000002,1.01,1,322.871287,326.10000000000002,1,1,326.10000000000002,326.10000000000002,0.98999999999999999,1,329.39393899999999,326.12174199999998,3.2613804900000001,1.8829589,322.86036200000001,329.38312300000001
410,327,1.01,1,323.76237600000002,327,1,1,327,327,0.98999999999999999,1,330.30302999999998,327.02180199999998,3.2703815399999998,1.88815566,323.75142099999999,330.29218400000002
410.10000000000002,327.60000000000002,1.01,1,324.35643599999997,327.60000000000002,1,1,327.60000000000002,327.60000000000002,0.98999999999999999,1,330.90909099999999,327.62184200000002,3.2763822399999998,1.8916201699999999,324.34546,330.89822400000003
410.19999999999999,328.69999999999999,1.01,1,325.44554499999998,328.69999999999999,1,1,328.69999999999999,328.69999999999999,0.98999999999999999,1,332.02020199999998,328.72191600000002,3.2873835200000001,1.8979717599999999,325.43453199999999,332.009299
410.30000000000001,329.39999999999998,1.01,1,326.13861400000002,329.39999999999998,1,1,329.39999999999998,329.39999999999998,0.98999999999999999,1,332.72727300000003,329.42196200000001,3.2943843400000001,1.90201368,326.12757800000003,332.71634699999998
410.39999999999998,330.19999999999999,1.01,1,326.93069300000002,330.19999999999999,1,1,330.19999999999999,330.19999999999999,0.98999999999999999,1,333.53535399999998,330.222016,3.3023852699999998,1.9066330300000001,326.91962999999998,333.52440100000001
410.5,331.19999999999999,1.01,1,327.92079200000001,331.19999999999999,1,1,331.19999999999999,331.19999999999999,0.98999999999999999,1,334.545455,331.222082,3.31238644,1.9124072000000001,327.909696,334.534469
410.60000000000002,332,1.01,1,328.71287100000001,332,1,1,332,332,0.98999999999999999,1,335.35353500000002,332.02213599999999,3.3203873700000002,1.9170265399999999,328.70174800000001,335.34252300000003
410.69999999999999,332.80000000000001,1.01,1,329.50495000000001,332.80000000000001,1,1,332.80000000000001,332.80000000000001,0.98999999999999999,1,336.16161599999998,332.82218899999998,3.3283883099999998,1.92164588,329.49380100000002,336.150577
410.80000000000001,333.69999999999999,1.01,1,330.39604000000003,333.69999999999999,1,1,333.69999999999999,333.69999999999999,0.98999999999999999,1,337.07070700000003,333.72224899999998,3.33738936,1.9268426400000001,330.38486,337.05963800000001
410.89999999999998,334.30000000000001,1.01,1,330.99009899999999,334.30000000000001,1,1,334.30000000000001,334.30000000000001,0.98999999999999999,1,337.67676799999998,334.32228900000001,3.3433900599999999,1.93030715,330.97889900000001,337.66567900000001
411,335.5,1.01,1,332.17821800000002,335.5,1,1,335.5,335.5,0.98999999999999999,1,338.88888900000001,335.52236900000003,3.3553914599999999,1.9372361600000001,332.16697699999997,338.87776000000002
411.10000000000002,335.89999999999998,1.01,1,332.57425699999999,335.89999999999998,1,1,335.89999999999998,335.89999999999998,0.98999999999999999,1,339.29292900000002,335.92239599999999,3.3593919200000002,1.9395458299999999,332.56300399999998,339.28178700000001
411.19999999999999,337,1.01,1,333.663366,337,1,1,337,337,0.98999999999999999,1,340.40404000000001,337.022469,3.37039321,1.9458974200000001,333.65207600000002,340.39286199999998
411.30000000000001,338,1.01,1,334.65346499999998,338,1,1,338,338,0.98999999999999999,1,341.41414099999997,338.022536,3.3803943699999999,1.9516716000000001,334.64214099999998,341.40293000000003
411.39999999999998,338.69999999999999,1.01,1,335.34653500000002,338.69999999999999,1,1,338.69999999999999,338.69999999999999,0.98999999999999999,1,342.12121200000001,338.72258199999999,3.3873951899999999,1.95571352,335.33518700000002,342.10997700000001
411.5,339.30000000000001,1.01,1,335.94059399999998,339.30000000000001,1,1,339.30000000000001,339.30000000000001,0.98999999999999999,1,342.72727300000003,339.32262200000002,3.3933958899999999,1.9591780299999999,335.92922600000003,342.71601800000002
411.60000000000002,340.19999999999999,1.01,1,336.831683,340.19999999999999,1,1,340.19999999999999,340.19999999999999,0.98999999999999999,1,343.63636400000001,340.22268200000002,3.40239694,1.9643747899999999,336.82028500000001,343.62507900000003
411.69999999999999,341,1.01,1,337.623762,341,1,1,341,341,0.98999999999999999,1,344.44444399999998,341.02273600000001,3.4103978700000002,1.96899413,337.61233800000002,344.433133
411.80000000000001,341.80000000000001,1.01,1,338.415842,341.80000000000001,1,1,341.80000000000001,341.80000000000001,0.98999999999999999,1,345.25252499999999,341.822789,3.4183988099999998,1.9736134700000001,338.40438999999998,345.24118800000002
411.89999999999998,342.69999999999999,1.01,1,339.30693100000002,342.69999999999999,1,1,342.69999999999999,342.69999999999999,0.98999999999999999,1,346.16161599999998,342.722849,3.42739986,1.9788102299999999,339.29544900000002,346.15024899999997
412,343.39999999999998,1.01,1,340,343.39999999999998,1,1,343.39999999999998,343.39999999999998,0.98999999999999999,1,346.86868700000002,343.42289599999998,3.43440067,1.98285215,339.988495,346.85729600000002
412.10000000000002,344.19999999999999,1.01,1,340.792079,344.19999999999999,1,1,344.19999999999999,344.19999999999999,0.98999999999999999,1,347.67676799999998,344.22294900000003,3.4424016100000001,1.9874714899999999,340.78054700000001,347.66535099999999
412.19999999999999,345,1.01,1,341.584158,345,1,1,345,345,0.98999999999999999,1,348.484848,345.02300200000002,3.4504025399999998,1.9920908399999999,341.57260000000002,348.47340500000001
412.30000000000001,345.89999999999998,1.01,1,342.47524800000002,345.89999999999998,1,1,345.89999999999998,345.89999999999998,0.98999999999999999,1,349.39393899999999,345.92306200000002,3.45940359,1.99728759,342.46365900000001,349.38246600000002
412.39999999999998,346.69999999999999,1.01,1,343.26732700000002,346.69999999999999,1,1,346.69999999999999,346.69999999999999,0.98999999999999999,1,350.20202,346.723116,3.4674045200000001,2.0019069300000001,343.25571100000002,350.19051999999999
412.5,347.60000000000002,1.01,1,344.15841599999999,347.60000000000002,1,1,347.60000000000002,347.60000000000002,0.98999999999999999,1,351.11111099999999,347.623176,3.4764055699999998,2.0071036900000001,344.14677,351.099581
412.60000000000002,348.39999999999998,1.01,1,344.95049499999999,348.39999999999998,1,1,348.39999999999998,348.39999999999998,0.98999999999999999,1,351.91919200000001,348.42322899999999,3.4844065099999999,2.0117230300000002,344.93882200000002,351.90763500000003
412.69999999999999,349.10000000000002,1.01,1,345.64356400000003,349.10000000000002,1,1,349.10000000000002,349.10000000000002,0.98999999999999999,1,352.62626299999999,349.12327599999998,3.49140732,2.0157649599999998,345.631868,352.61468300000001
412.80000000000001,350,1.01,1,346.53465299999999,350,1,1,350,350,0.98999999999999999,1,353.53535399999998,350.02333599999997,3.5004083700000002,2.0209617199999999,346.52292699999998,353.52374400000002
412.89999999999998,351,1.01,1,347.52475199999998,351,1,1,351,351,0.98999999999999999,1,354.545455,351.02340199999998,3.5104095399999999,2.0267358899999999,347.51299299999999,354.53381200000001
413,351.60000000000002,1.01,1,348.11881199999999,351.60000000000002,1,1,351.60000000000002,351.60000000000002,0.98999999999999999,1,355.15151500000002,351.62344200000001,3.5164102399999999,2.0302004,348.107032,355.13985300000002
413.10000000000002,352.5,1.01,1,349.00990100000001,352.5,1,1,352.5,352.5,0.98999999999999999,1,356.06060600000001,352.52350200000001,3.5254112900000001,2.03539716,348.99809099999999,356.04891400000002
413.19999999999999,353.39999999999998,1.01,1,349.90098999999998,353.39999999999998,1,1,353.39999999999998,353.39999999999998,0.98999999999999999,1,356.969697,353.423562,3.5344123399999998,2.0405939200000001,349.88914999999997,356.95797499999998
413.30000000000001,354,1.01,1,350.49504999999999,354,1,1,354,354,0.98999999999999999,1,357.57575800000001,354.02360199999998,3.5404130399999998,2.0440584199999998,350.48318899999998,357.56401499999998
413.39999999999998,355.10000000000002,1.01,1,351.584158,355.10000000000002,1,1,355.10000000000002,355.10000000000002,0.98999999999999999,1,358.686869,355.12367599999999,3.5514143200000001,2.0504100200000002,351.57226100000003,358.67509000000001
413.5,355.80000000000001,1.01,1,352.27722799999998,355.80000000000001,1,1,355.80000000000001,355.80000000000001,0.98999999999999999,1,359.39393899999999,355.82372199999998,3.5584151400000001,2.0544519399999999,352.26530700000001,359.382138
413.60000000000002,356.60000000000002,1.01,1,353.06930699999998,356.60000000000002,1,1,356.60000000000002,356.60000000000002,0.98999999999999999,1,360.20202,356.62377600000002,3.5664160699999998,2.0590712799999999,353.05736000000002,360.19019200000002
413.69999999999999,357.39999999999998,1.01,1,353.86138599999998,357.39999999999998,1,1,357.39999999999998,357.39999999999998,0.98999999999999999,1,361.01010100000002,357.42382900000001,3.5744170099999999,2.06369062,353.84941199999997,360.99824599999999
413.80000000000001,358.10000000000002,1.01,1,354.55445500000002,358.10000000000002,1,1,358.10000000000002,358.10000000000002,0.98999999999999999,1,361.71717200000001,358.123876,3.58141782,2.0677325500000001,354.54245800000001,361.70529399999998
413.89999999999998,359,1.01,1,355.44554499999998,359,1,1,359,359,0.98999999999999999,1,362.62626299999999,359.02393599999999,3.5904188700000002,2.0729293000000002,355.43351699999999,362.61435499999999
414,359.89999999999998,1.01,1,356.336634,359.89999999999998,1,1,359.89999999999998,359.89999999999998,0.98999999999999999,1,363.53535399999998,359.92399599999999,3.5994199199999999,2.0781260600000002,356.32457599999998,363.523416
414.10000000000002,360.60000000000002,1.01,1,357.02970299999998,360.60000000000002,1,1,360.60000000000002,360.60000000000002,0.98999999999999999,1,364.24242400000003,360.62404199999997,3.6064207399999999,2.0821679899999999,357.01762200000002,364.23046299999999
414.19999999999999,361.30000000000001,1.01,1,357.72277200000002,361.30000000000001,1,1,361.30000000000001,361.30000000000001,0.98999999999999999,1,364.94949500000001,361.32408900000001,3.6134215599999999,2.08620991,357.710668,364.93751099999997
414.30000000000001,362,1.01,1,358.415842,362,1,1,362,362,0.98999999999999999,1,365.656566,362.024136,3.6204223799999999,2.0902518300000001,358.40371299999998,365.64455800000002
414.39999999999998,362.80000000000001,1.01,1,359.207921,362.80000000000001,1,1,362.80000000000001,362.80000000000001,0.98999999999999999,1,366.46464600000002,362.82418899999999,3.6284233100000001,2.0948711699999998,359.19576599999999,366.45261199999999
414.5,363.69999999999999,1.01,1,360.09901000000002,363.69999999999999,1,1,363.69999999999999,363.69999999999999,0.98999999999999999,1,367.37373700000001,363.72424899999999,3.6374243599999998,2.1000679299999998,360.08682499999998,367.361673
414.60000000000002,364.5,1.01,1,360.89108900000002,364.5,1,1,364.5,364.5,0.98999999999999999,1,368.18181800000002,364.52430199999998,3.6454252899999999,2.1046872699999999,360.87887699999999,368.16972800000002
414.69999999999999,365.10000000000002,1.01,1,361.48514899999998,365.10000000000002,1,1,365.10000000000002,365.10000000000002,0.98999999999999999,1,368.78787899999998,365.12434200000001,3.6514259899999999,2.10815178,361.472916,368.77576800000003
414.80000000000001,365.89999999999998,1.01,1,362.27722799999998,365.89999999999998,1,1,365.89999999999998,365.89999999999998,0.98999999999999999,1,369.59595999999999,365.924396,3.65942693,2.1127711200000001,362.26496900000001,369.583823
414.89999999999998,366.69999999999999,1.01,1,363.06930699999998,366.69999999999999,1,1,366.69999999999999,366.69999999999999,0.98999999999999999,1,370.40404000000001,366.72444899999999,3.6674278600000001,2.1173904600000002,363.05702100000002,370.39187700000002
415,367.60000000000002,1.01,1,363.960396,367.60000000000002,1,1,367.60000000000002,367.60000000000002,0.98999999999999999,1,371.313131,367.62450899999999,3.6764289099999998,2.1225872200000002,363.94808,371.30093799999997
415.10000000000002,368.19999999999999,1.01,1,364.55445500000002,368.19999999999999,1,1,368.19999999999999,368.19999999999999,0.98999999999999999,1,371.91919200000001,368.22454900000002,3.6824296099999998,2.1260517299999999,364.54212000000001,371.90697899999998
415.19999999999999,369.10000000000002,1.01,1,365.44554499999998,369.10000000000002,1,1,369.10000000000002,369.10000000000002,0.98999999999999999,1,372.828283,369.12460900000002,3.69143066,2.13124848,365.433178,372.81603999999999
415.30000000000001,369.89999999999998,1.01,1,366.23762399999998,369.89999999999998,1,1,369.89999999999998,369.89999999999998,0.98999999999999999,1,373.63636400000001,369.92466200000001,3.6994315900000001,2.13586783,366.22523100000001,373.62409400000001
415.39999999999998,370.69999999999999,1.01,1,367.02970299999998,370.69999999999999,1,1,370.69999999999999,370.69999999999999,0.98999999999999999,1,374.44444399999998,370.724716,3.7074325300000002,2.1404871700000001,367.01728300000002,374.43214799999998
415.5,371.39999999999998,1.01,1,367.72277200000002,371.39999999999998,1,1,371.39999999999998,371.39999999999998,0.98999999999999999,1,375.15151500000002,371.42476199999999,3.7144333399999998,2.1445290899999998,367.710329,375.13919600000003
415.60000000000002,372.39999999999998,1.01,1,368.71287100000001,372.39999999999998,1,1,372.39999999999998,372.39999999999998,0.98999999999999999,1,376.16161599999998,372.42482899999999,3.72443451,2.1503032700000002,368.70039500000001,376.14926400000002
415.69999999999999,373.10000000000002,1.01,1,369.40594099999998,373.10000000000002,1,1,373.10000000000002,373.10000000000002,0.98999999999999999,1,376.86868700000002,373.12487599999997,3.7314353300000001,2.1543451899999999,369.39344,376.85631100000001
415.80000000000001,373.80000000000001,1.01,1,370.09901000000002,373.80000000000001,1,1,373.80000000000001,373.80000000000001,0.98999999999999999,1,377.57575800000001,373.82492200000002,3.7384361400000001,2.1583871100000001,370.08648599999998,377.56335899999999
415.89999999999998,374.60000000000002,1.01,1,370.89108900000002,374.60000000000002,1,1,374.60000000000002,374.60000000000002,0.98999999999999999,1,378.38383800000003,374.624976,3.7464370800000002,2.1630064500000001,370.87853899999999,378.37141300000002
416,375.30000000000001,1.01,1,371.584158,375.30000000000001,1,1,375.30000000000001,375.30000000000001,0.98999999999999999,1,379.09090900000001,375.32502299999999,3.7534378899999998,2.1670483800000002,371.57158500000003,379.07846000000001
416.10000000000002,376.19999999999999,1.01,1,372.47524800000002,376.19999999999999,1,1,376.19999999999999,376.19999999999999,0.98999999999999999,1,380,376.22508299999998,3.76243894,2.1722451399999998,372.46264400000001,379.98752100000002
416.19999999999999,376.89999999999998,1.01,1,373.168317,376.89999999999998,1,1,376.89999999999998,376.89999999999998,0.98999999999999999,1,380.70707099999998,376.92512900000003,3.76943976,2.1762870599999999,373.155689,380.694569
416.30000000000001,377.69999999999999,1.01,1,373.960396,377.69999999999999,1,1,377.69999999999999,377.69999999999999,0.98999999999999999,1,381.515152,377.72518300000002,3.7774406900000002,2.1809064,373.94774200000001,381.50262300000003
416.39999999999998,378.30000000000001,1.01,1,374.55445500000002,378.30000000000001,1,1,378.30000000000001,378.30000000000001,0.98999999999999999,1,382.12121200000001,378.32522299999999,3.7834413900000001,2.1843709100000002,374.54178100000001,382.10866399999998
416.5,379.19999999999999,1.01,1,375.44554499999998,379.19999999999999,1,1,379.19999999999999,379.19999999999999,0.98999999999999999,1,383.030303,379.22528299999999,3.7924424399999999,2.1895676700000002,375.43284,383.01772499999998
416.60000000000002,379.89999999999998,1.01,1,376.13861400000002,379.89999999999998,1,1,379.89999999999998,379.89999999999998,0.98999999999999999,1,383.73737399999999,379.92532899999998,3.7994432599999999,2.1936095899999999,376.12588599999998,383.72477199999997
416.69999999999999,380.89999999999998,1.01,1,377.128713,380.89999999999998,1,1,380.89999999999998,380.89999999999998,0.98999999999999999,1,384.74747500000001,380.92539599999998,3.8094444300000001,2.1993837699999998,377.115951,384.73484000000002
416.80000000000001,381.5,1.01,1,377.72277200000002,381.5,1,1,381.5,381.5,0.98999999999999999,1,385.35353500000002,381.52543600000001,3.8154451300000001,2.2028482700000001,377.709991,385.34088100000002
416.89999999999998,382.39999999999998,1.01,1,378.61386099999999,382.39999999999998,1,1,382.39999999999998,382.39999999999998,0.98999999999999999,1,386.26262600000001,382.42549600000001,3.8244461799999998,2.2080450300000001,378.60104999999999,386.24994199999998
417,383.10000000000002,1.01,1,379.30693100000002,383.10000000000002,1,1,383.10000000000002,383.10000000000002,0.98999999999999999,1,386.969697,383.12554299999999,3.8314469899999999,2.2120869500000002,379.29409600000002,386.95699000000002
417.10000000000002,383.89999999999998,1.01,1,380.09901000000002,383.89999999999998,1,1,383.89999999999998,383.89999999999998,0.98999999999999999,1,387.77777800000001,383.92559599999998,3.83944793,2.2167062899999999,380.08614799999998,387.76504399999999
417.19999999999999,384.5,1.01,1,380.69306899999998,384.5,1,1,384.5,384.5,0.98999999999999999,1,388.38383800000003,384.52563600000002,3.8454486299999999,2.2201708,380.68018699999999,388.37108499999999
417.30000000000001,385.30000000000001,1.01,1,381.48514899999998,385.30000000000001,1,1,385.30000000000001,385.30000000000001,0.98999999999999999,1,389.19191899999998,385.32568900000001,3.8534495600000001,2.2247901400000001,381.47224,389.17913900000002
417.39999999999998,386.30000000000001,1.01,1,382.47524800000002,386.30000000000001,1,1,386.30000000000001,386.30000000000001,0.98999999999999999,1,390.20202,386.32575600000001,3.8634507299999998,2.23056432,382.46230500000001,390.18920700000001
417.5,387.10000000000002,1.01,1,383.26732700000002,387.10000000000002,1,1,387.10000000000002,387.10000000000002,0.98999999999999999,1,391.01010100000002,387.125809,3.87145166,2.2351836600000001,383.25435800000002,390.99726099999998
417.60000000000002,387.80000000000001,1.01,1,383.960396,387.80000000000001,1,1,387.80000000000001,387.80000000000001,0.98999999999999999,1,391.71717200000001,387.82585599999999,3.87845248,2.2392255799999998,383.94740300000001,391.70430800000003
417.69999999999999,388.5,1.01,1,384.65346499999998,388.5,1,1,388.5,388.5,0.98999999999999999,1,392.42424199999999,388.52590300000003,3.8854532900000001,2.2432675099999999,384.64044899999999,392.41135600000001
417.80000000000001,389,1.01,1,385.14851499999997,389,1,1,389,389,0.98999999999999999,1,392.92929299999997,389.025936,3.8904538799999999,2.2461545900000002,385.13548200000002,392.91638999999998
417.89999999999998,389.80000000000001,1.01,1,385.94059399999998,389.80000000000001,1,1,389.80000000000001,389.80000000000001,0.98999999999999999,1,393.73737399999999,389.82598899999999,3.89845481,2.2507739299999998,385.92753399999998,393.72444400000001
418,390.60000000000002,1.01,1,386.73267299999998,390.60000000000002,1,1,390.60000000000002,390.60000000000002,0.98999999999999999,1,394.545455,390.62604299999998,3.9064557500000001,2.2553932799999998,386.71958699999999,394.53249799999998
418.10000000000002,391.39999999999998,1.01,1,387.52475199999998,391.39999999999998,1,1,391.39999999999998,391.39999999999998,0.98999999999999999,1,395.35353500000002,391.42609599999997,3.9144566799999998,2.2600126199999999,387.511639,395.340553
418.19999999999999,392.10000000000002,1.01,1,388.21782200000001,392.10000000000002,1,1,392.10000000000002,392.10000000000002,0.98999999999999999,1,396.06060600000001,392.12614300000001,3.9214574999999998,2.2640545400000001,388.20468499999998,396.04759999999999
418.30000000000001,392.89999999999998,1.01,1,389.00990100000001,392.89999999999998,1,1,392.89999999999998,392.89999999999998,0.98999999999999999,1,396.86868700000002,392.926196,3.9294584299999999,2.2686738800000001,388.99673799999999,396.85565400000002
418.39999999999998,393.5,1.01,1,389.60395999999997,393.5,1,1,393.5,393.5,0.98999999999999999,1,397.47474699999998,393.52623599999998,3.9354591299999999,2.2721383899999998,389.590777,397.46169500000002
418.5,394.30000000000001,1.01,1,390.39604000000003,394.30000000000001,1,1,394.30000000000001,394.30000000000001,0.98999999999999999,1,398.28282799999999,394.32628899999997,3.94346006,2.2767577299999999,390.38282900000002,398.26974899999999
418.60000000000002,395.10000000000002,1.01,1,391.18811899999997,395.10000000000002,1,1,395.10000000000002,395.10000000000002,0.98999999999999999,1,399.09090900000001,395.12634300000002,3.9514610000000001,2.28137707,391.17488200000003,399.07780400000001
418.69999999999999,395.69999999999999,1.01,1,391.78217799999999,395.69999999999999,1,1,395.69999999999999,395.69999999999999,0.98999999999999999,1,399.69697000000002,395.726383,3.9574617000000001,2.2848415800000001,391.76892099999998,399.68384400000002
418.80000000000001,396.30000000000001,1.01,1,392.376238,396.30000000000001,1,1,396.30000000000001,396.30000000000001,0.98999999999999999,1,400.30302999999998,396.32642299999998,3.9634624000000001,2.2883060799999999,392.36295999999999,400.28988500000003
418.89999999999998,397.30000000000001,1.01,1,393.36633699999999,397.30000000000001,1,1,397.30000000000001,397.30000000000001,0.98999999999999999,1,401.313131,397.32648899999998,3.9734635599999999,2.2940802599999999,393.353026,401.29995300000002
419,397.89999999999998,1.01,1,393.960396,397.89999999999998,1,1,397.89999999999998,397.89999999999998,0.98999999999999999,1,401.91919200000001,397.92652900000002,3.9794642599999999,2.2975447600000001,393.94706500000001,401.90599400000002
419.10000000000002,398.80000000000001,1.01,1,394.85148500000003,398.80000000000001,1,1,398.80000000000001,398.80000000000001,0.98999999999999999,1,402.828283,398.82658900000001,3.98846531,2.3027415200000001,394.83812399999999,402.81505499999997
419.19999999999999,399.39999999999998,1.01,1,395.44554499999998,399.39999999999998,1,1,399.39999999999998,399.39999999999998,0.98999999999999999,1,403.43434300000001,399.42662899999999,3.99446601,2.3062060299999998,395.432163,403.42109499999998
419.30000000000001,400.10000000000002,1.01,1,396.13861400000002,400.10000000000002,1,1,400.10000000000002,400.10000000000002,0.98999999999999999,1,404.141414,400.12667599999997,4.00146683,2.3102479499999999,396.12520899999998,404.12814300000002
419.39999999999998,400.80000000000001,1.01,1,396.831683,400.80000000000001,1,1,400.80000000000001,400.80000000000001,0.98999999999999999,1,404.84848499999998,400.82672300000002,4.00846765,2.3142898700000001,396.81825500000002,404.83519000000001
419.5,401.80000000000001,1.01,1,397.82178199999998,401.80000000000001,1,1,401.80000000000001,401.80000000000001,0.98999999999999999,1,405.858586,401.82678900000002,4.0184688099999999,2.32006405,397.80832099999998,405.845258
419.60000000000002,402.39999999999998,1.01,1,398.415842,402.39999999999998,1,1,402.39999999999998,402.39999999999998,0.98999999999999999,1,406.46464600000002,402.426829,4.0244695100000003,2.3235285600000002,398.40235999999999,406.45129900000001
419.69999999999999,403,1.01,1,399.00990100000001,403,1,1,403,403,0.98999999999999999,1,407.07070700000003,403.02686899999998,4.0304702099999998,2.3269930599999999,398.996399,407.05734000000001
419.80000000000001,403.69999999999999,1.01,1,399.70296999999999,403.69999999999999,1,1,403.69999999999999,403.69999999999999,0.98999999999999999,1,407.77777800000001,403.72691600000002,4.0374710299999998,2.33103499,399.68944499999998,407.764387
419.89999999999998,404.5,1.01,1,400.49504999999999,404.5,1,1,404.5,404.5,0.98999999999999999,1,408.58585900000003,404.52696900000001,4.0454719600000004,2.3356543300000001,400.48149699999999,408.57244100000003
420,405.10000000000002,1.01,1,401.08910900000001,405.10000000000002,1,1,405.10000000000002,405.10000000000002,0.98999999999999999,1,409.19191899999998,405.12700899999999,4.0514726599999999,2.3391188299999999,401.075537,409.17848199999997
420.10000000000002,405.80000000000001,1.01,1,401.78217799999999,405.80000000000001,1,1,405.80000000000001,405.80000000000001,0.98999999999999999,1,409.89899000000003,405.82705600000003,4.05847348,2.34316076,401.76858299999998,409.88553000000002
420.19999999999999,406.5,1.01,1,402.47524800000002,406.5,1,1,406.5,406.5,0.98999999999999999,1,410.60606100000001,406.52710300000001,4.0654743,2.3472026800000001,402.46162800000002,410.59257700000001
420.30000000000001,407.10000000000002,1.01,1,403.06930699999998,407.10000000000002,1,1,407.10000000000002,407.10000000000002,0.98999999999999999,1,411.21212100000002,407.12714299999999,4.0714750000000004,2.3506671899999998,403.05566800000003,411.19861800000001
420.39999999999998,407.80000000000001,1.01,1,403.76237600000002,407.80000000000001,1,1,407.80000000000001,407.80000000000001,0.98999999999999999,1,411.91919200000001,407.82718899999998,4.0784758099999996,2.3547091099999999,403.74871400000001,411.905665
420.5,408.5,1.01,1,404.45544599999999,408.5,1,1,408.5,408.5,0.98999999999999999,1,412.62626299999999,408.52723600000002,4.0854766299999996,2.3587510300000001,404.44175899999999,412.61271299999999
420.60000000000002,409.19999999999999,1.01,1,405.14851499999997,409.19999999999999,1,1,409.19999999999999,409.19999999999999,0.98999999999999999,1,413.33333299999998,409.227283,4.0924774499999996,2.3627929600000002,405.13480499999997,413.31975999999997
420.69999999999999,409.89999999999998,1.01,1,405.84158400000001,409.89999999999998,1,1,409.89999999999998,409.89999999999998,0.98999999999999999,1,414.04040400000002,409.92732899999999,4.0994782599999997,2.3668348799999999,405.82785100000001,414.02680800000002
420.80000000000001,410.60000000000002,1.01,1,406.53465299999999,410.60000000000002,1,1,410.60000000000002,410.60000000000002,0.98999999999999999,1,414.74747500000001,410.62737600000003,4.1064790799999997,2.3708768,406.52089699999999,414.73385500000001
420.89999999999998,411.19999999999999,1.01,1,407.128713,411.19999999999999,1,1,411.19999999999999,411.19999999999999,0.98999999999999999,1,415.35353500000002,411.22741600000001,4.1124797800000001,2.3743413100000001,407.114936,415.33989600000001
421,412,1.01,1,407.92079200000001,412,1,1,412,412,0.98999999999999999,1,416.16161599999998,412.027469,4.1204807099999998,2.3789606499999998,407.90698900000001,416.14794999999998
421.10000000000002,412.60000000000002,1.01,1,408.51485100000002,412.60000000000002,1,1,412.60000000000002,412.60000000000002,0.98999999999999999,1,416.76767699999999,412.62750899999998,4.1264814100000002,2.3824251599999999,408.50102800000002,416.75399099999998
421.19999999999999,413.5,1.01,1,409.40594099999998,413.5,1,1,413.5,413.5,0.98999999999999999,1,417.67676799999998,413.52756900000003,4.1354824600000004,2.38762191,409.392087,417.66305199999999
421.30000000000001,414,1.01,1,409.90098999999998,414,1,1,414,414,0.98999999999999999,1,418.18181800000002,414.027603,4.1404830500000003,2.3905090000000002,409.88711999999998,418.16808600000002
421.39999999999998,414.60000000000002,1.01,1,410.49504999999999,414.60000000000002,1,1,414.60000000000002,414.60000000000002,0.98999999999999999,1,418.78787899999998,414.62764299999998,4.1464837499999998,2.3939735099999999,410.48115899999999,418.77412700000002
421.5,415.39999999999998,1.01,1,411.28712899999999,415.39999999999998,1,1,415.39999999999998,415.39999999999998,0.98999999999999999,1,419.59595999999999,415.42769600000003,4.1544846800000004,2.39859285,411.273211,419.58218099999999
421.60000000000002,416,1.01,1,411.88118800000001,416,1,1,416,416,0.98999999999999999,1,420.20202,416.027736,4.1604853799999999,2.4020573500000002,411.86725100000001,420.188221
421.69999999999999,416.60000000000002,1.01,1,412.47524800000002,416.60000000000002,1,1,416.60000000000002,416.60000000000002,0.98999999999999999,1,420.80808100000002,416.62777599999998,4.1664860800000003,2.4055218599999999,412.46129000000002,420.794262
421.80000000000001,417.30000000000001,1.01,1,413.168317,417.30000000000001,1,1,417.30000000000001,417.30000000000001,0.98999999999999999,1,421.515152,417.32782300000002,4.1734869000000003,2.40956378,413.154336,421.50130999999999
421.89999999999998,418,1.01,1,413.86138599999998,418,1,1,418,418,0.98999999999999999,1,422.22222199999999,418.02786900000001,4.1804877100000004,2.4136057100000001,413.84738199999998,422.20835699999998
422,418.60000000000002,1.01,1,414.45544599999999,418.60000000000002,1,1,418.60000000000002,418.60000000000002,0.98999999999999999,1,422.828283,418.62790899999999,4.1864884099999999,2.4170702099999999,414.44142099999999,422.81439799999998
422.10000000000002,419.39999999999998,1.01,1,415.247525,419.39999999999998,1,1,419.39999999999998,419.39999999999998,0.98999999999999999,1,423.63636400000001,419.42796299999998,4.1944893499999996,2.42168955,415.233473,423.62245200000001
422.19999999999999,420.10000000000002,1.01,1,415.94059399999998,420.10000000000002,1,1,420.10000000000002,420.10000000000002,0.98999999999999999,1,424.343434,420.12800900000002,4.2014901699999996,2.4257314800000001,415.92651899999998,424.3295
422.30000000000001,420.69999999999999,1.01,1,416.53465299999999,420.69999999999999,1,1,420.69999999999999,420.69999999999999,0.98999999999999999,1,424.94949500000001,420.728049,4.20749087,2.4291959799999998,416.52055899999999,424.93554
422.39999999999998,421.30000000000001,1.01,1,417.128713,421.30000000000001,1,1,421.30000000000001,421.30000000000001,0.98999999999999999,1,425.55555600000002,421.32808899999998,4.2134915700000004,2.43266049,417.114598,425.54158100000001
422.5,421.89999999999998,1.01,1,417.72277200000002,421.89999999999998,1,1,421.89999999999998,421.89999999999998,0.98999999999999999,1,426.16161599999998,421.92812900000001,4.2194922699999999,2.4361250000000001,417.70863700000001,426.14762200000001
422.60000000000002,422.5,1.01,1,418.31683199999998,422.5,1,1,422.5,422.5,0.98999999999999999,1,426.76767699999999,422.52816899999999,4.2254929700000003,2.4395894999999999,418.30267700000002,426.75366200000002
422.69999999999999,423.19999999999999,1.01,1,419.00990100000001,423.19999999999999,1,1,423.19999999999999,423.19999999999999,0.98999999999999999,1,427.47474699999998,423.22821599999997,4.2324937800000004,2.44363142,418.995722,427.46071000000001
422.80000000000001,423.89999999999998,1.01,1,419.70296999999999,423.89999999999998,1,1,423.89999999999998,423.89999999999998,0.98999999999999999,1,428.18181800000002,423.92826300000002,4.2394945999999996,2.4476733500000001,419.68876799999998,428.16775699999999
422.89999999999998,424.39999999999998,1.01,1,420.19801999999999,424.39999999999998,1,1,424.39999999999998,424.39999999999998,0.98999999999999999,1,428.686869,424.42829599999999,4.2444951800000004,2.4505604399999998,420.18380100000002,428.67279100000002
423,425.10000000000002,1.01,1,420.89108900000002,425.10000000000002,1,1,425.10000000000002,425.10000000000002,0.98999999999999999,1,429.39393899999999,425.12834299999997,4.2514960000000004,2.45460236,420.876847,429.379839
423.10000000000002,425.60000000000002,1.01,1,421.38613900000001,425.60000000000002,1,1,425.60000000000002,425.60000000000002,0.98999999999999999,1,429.89899000000003,425.628376,4.2564965800000003,2.4574894500000002,421.37187999999998,429.88487300000003
423.19999999999999,426.39999999999998,1.01,1,422.17821800000002,426.39999999999998,1,1,426.39999999999998,426.39999999999998,0.98999999999999999,1,430.70707099999998,426.42842999999999,4.2644975199999999,2.4621087899999998,422.16393199999999,430.692927
423.30000000000001,427,1.01,1,422.77227699999997,427,1,1,427,427,0.98999999999999999,1,431.313131,427.02847000000003,4.2704982200000003,2.46557329,422.757971,431.298968
423.39999999999998,427.80000000000001,1.01,1,423.56435599999998,427.80000000000001,1,1,427.80000000000001,427.80000000000001,0.98999999999999999,1,432.12121200000001,427.82852300000002,4.27849915,2.4701926400000001,423.55002400000001,432.10702199999997
423.5,428.19999999999999,1.01,1,423.960396,428.19999999999999,1,1,428.19999999999999,428.19999999999999,0.98999999999999999,1,432.52525300000002,428.22854999999998,4.2824996200000003,2.4725023099999999,423.94605000000001,432.51104900000001
423.60000000000002,428.89999999999998,1.01,1,424.65346499999998,428.89999999999998,1,1,428.89999999999998,428.89999999999998,0.98999999999999999,1,433.23232300000001,428.92859600000003,4.2895004300000004,2.47654423,424.639096,433.218097
423.69999999999999,429.5,1.01,1,425.247525,429.5,1,1,429.5,429.5,0.98999999999999999,1,433.83838400000002,429.52863600000001,4.2955011299999999,2.4800087400000002,425.233135,433.82413700000001
423.80000000000001,430.10000000000002,1.01,1,425.84158400000001,430.10000000000002,1,1,430.10000000000002,430.10000000000002,0.98999999999999999,1,434.44444399999998,430.12867599999998,4.3015018300000003,2.4834732399999999,425.82717400000001,434.43017800000001
423.89999999999998,430.80000000000001,1.01,1,426.53465299999999,430.80000000000001,1,1,430.80000000000001,430.80000000000001,0.98999999999999999,1,435.15151500000002,430.82872300000002,4.3085026500000003,2.4875151600000001,426.52021999999999,435.137226
424,431.5,1.01,1,427.22772300000003,431.5,1,1,431.5,431.5,0.98999999999999999,1,435.858586,431.52877000000001,4.3155034700000003,2.4915570900000001,427.21326599999998,435.84427299999999
424.10000000000002,432,1.01,1,427.72277200000002,432,1,1,432,432,0.98999999999999999,1,436.36363599999999,432.02880299999998,4.3205040500000003,2.4944441799999999,427.70829900000001,436.34930700000001
424.19999999999999,432.60000000000002,1.01,1,428.31683199999998,432.60000000000002,1,1,432.60000000000002,432.60000000000002,0.98999999999999999,1,436.969697,432.62884300000002,4.3265047499999998,2.4979086800000001,428.30233800000002,436.95534800000001
424.30000000000001,433.19999999999999,1.01,1,428.91089099999999,433.19999999999999,1,1,433.19999999999999,433.19999999999999,0.98999999999999999,1,437.57575800000001,433.228883,4.3325054500000002,2.5013731899999998,428.89637699999997,437.56138800000002
424.39999999999998,433.80000000000001,1.01,1,429.50495000000001,433.80000000000001,1,1,433.80000000000001,433.80000000000001,0.98999999999999999,1,438.18181800000002,433.82892299999997,4.3385061499999997,2.50483769,429.49041699999998,438.16742900000003
424.5,434.39999999999998,1.01,1,430.09901000000002,434.39999999999998,1,1,434.39999999999998,434.39999999999998,0.98999999999999999,1,438.78787899999998,434.42896300000001,4.3445068500000001,2.5083022000000001,430.08445599999999,438.77346999999997
424.60000000000002,435,1.01,1,430.69306899999998,435,1,1,435,435,0.98999999999999999,1,439.39393899999999,435.02900299999999,4.3505075499999997,2.5117667099999998,430.678495,439.37950999999998
424.69999999999999,435.69999999999999,1.01,1,431.38613900000001,435.69999999999999,1,1,435.69999999999999,435.69999999999999,0.98999999999999999,1,440.10100999999997,435.72904999999997,4.3575083699999997,2.51580863,431.37154099999998,440.08655800000003
424.80000000000001,436.10000000000002,1.01,1,431.78217799999999,436.10000000000002,1,1,436.10000000000002,436.10000000000002,0.98999999999999999,1,440.50505099999998,436.129076,4.36150883,2.5181182999999998,431.76756699999999,440.49058500000001
424.89999999999998,436.89999999999998,1.01,1,432.57425699999999,436.89999999999998,1,1,436.89999999999998,436.89999999999998,0.98999999999999999,1,441.313131,436.92912999999999,4.3695097699999996,2.5227376399999999,432.55962,441.29863899999998
425,437.5,1.01,1,433.168317,437.5,1,1,437.5,437.5,0.98999999999999999,1,441.91919200000001,437.52917000000002,4.37551047,2.52620215,433.153659,441.90467999999998
425.10000000000002,438,1.01,1,433.663366,438,1,1,438,438,0.98999999999999999,1,442.42424199999999,438.029203,4.38051105,2.5290892299999999,433.64869199999998,442.40971400000001
425.19999999999999,438.60000000000002,1.01,1,434.25742600000001,438.60000000000002,1,1,438.60000000000002,438.60000000000002,0.98999999999999999,1,443.030303,438.62924299999997,4.3865117500000004,2.53255374,434.24273099999999,443.01575500000001
425.30000000000001,439.10000000000002,1.01,1,434.752475,439.10000000000002,1,1,439.10000000000002,439.10000000000002,0.98999999999999999,1,443.53535399999998,439.129276,4.3915123300000003,2.5354408300000002,434.73776400000003,443.52078899999998
425.39999999999998,439.69999999999999,1.01,1,435.34653500000002,439.69999999999999,1,1,439.69999999999999,439.69999999999999,0.98999999999999999,1,444.141414,439.72931599999998,4.3975130299999998,2.53890533,435.33180299999998,444.12682899999999
425.5,440.39999999999998,1.01,1,436.039604,440.39999999999998,1,1,440.39999999999998,440.39999999999998,0.98999999999999999,1,444.84848499999998,440.42936300000002,4.4045138499999998,2.54294726,436.02484900000002,444.83387699999997
425.60000000000002,440.89999999999998,1.01,1,436.53465299999999,440.89999999999998,1,1,440.89999999999998,440.89999999999998,0.98999999999999999,1,445.35353500000002,440.929396,4.4095144299999998,2.5458343499999998,436.519882,445.338911
425.69999999999999,441.39999999999998,1.01,1,437.02970299999998,441.39999999999998,1,1,441.39999999999998,441.39999999999998,0.98999999999999999,1,445.858586,441.42943000000002,4.4145150199999996,2.5487214300000001,437.01491499999997,445.84394500000002
425.80000000000001,442,1.01,1,437.623762,442,1,1,442,442,0.98999999999999999,1,446.46464600000002,442.02947,4.42051572,2.5521859400000002,437.60895399999998,446.44998500000003
425.89999999999998,442.60000000000002,1.01,1,438.21782200000001,442.60000000000002,1,1,442.60000000000002,442.60000000000002,0.98999999999999999,1,447.07070700000003,442.62950999999998,4.4265164199999996,2.5556504499999999,438.20299299999999,447.05602599999997
426,443.10000000000002,1.01,1,438.71287100000001,443.10000000000002,1,1,443.10000000000002,443.10000000000002,0.98999999999999999,1,447.57575800000001,443.12954300000001,4.4315170000000004,2.5585375300000002,438.69802600000003,447.56106
426.10000000000002,443.60000000000002,1.01,1,439.207921,443.60000000000002,1,1,443.60000000000002,443.60000000000002,0.98999999999999999,1,448.08080799999999,443.62957599999999,4.4365175800000003,2.5614246199999999,439.19305900000001,448.06609400000002
426.19999999999999,444.30000000000001,1.01,1,439.90098999999998,444.30000000000001,1,1,444.30000000000001,444.30000000000001,0.98999999999999999,1,448.78787899999998,444.32962300000003,4.4435184000000003,2.56546655,439.88610499999999,448.77314100000001
426.30000000000001,444.80000000000001,1.01,1,440.39604000000003,444.80000000000001,1,1,444.80000000000001,444.80000000000001,0.98999999999999999,1,449.29292900000002,444.829656,4.4485189800000002,2.5683536299999998,440.38113700000002,449.27817499999998
426.39999999999998,445.30000000000001,1.01,1,440.89108900000002,445.30000000000001,1,1,445.30000000000001,445.30000000000001,0.98999999999999999,1,449.79798,445.32969000000003,4.4535195700000001,2.57124072,440.87617,449.783209
426.5,445.80000000000001,1.01,1,441.38613900000001,445.80000000000001,1,1,445.80000000000001,445.80000000000001,0.98999999999999999,1,450.30302999999998,445.829723,4.45852015,2.5741278099999998,441.37120299999998,450.28824300000002
426.60000000000002,446.30000000000001,1.01,1,441.88118800000001,446.30000000000001,1,1,446.30000000000001,446.30000000000001,0.98999999999999999,1,450.80808100000002,446.32975599999997,4.4635207299999999,2.5770149,441.86623600000001,450.79327699999999
426.69999999999999,447,1.01,1,442.57425699999999,447,1,1,447,447,0.98999999999999999,1,451.515152,447.02980300000002,4.47052155,2.5810568200000001,442.559281,451.50032499999998
426.80000000000001,447.5,1.01,1,443.06930699999998,447.5,1,1,447.5,447.5,0.98999999999999999,1,452.02020199999998,447.52983599999999,4.4755221299999999,2.5839439099999999,443.05431399999998,452.005358
426.89999999999998,448,1.01,1,443.56435599999998,448,1,1,448,448,0.98999999999999999,1,452.52525300000002,448.02987000000002,4.4805227199999997,2.5868310000000001,443.54934700000001,452.51039200000002
427,448.5,1.01,1,444.05940600000002,448.5,1,1,448.5,448.5,0.98999999999999999,1,453.030303,448.52990299999999,4.4855232999999997,2.5897180899999999,444.04437999999999,453.01542599999999
427.10000000000002,449,1.01,1,444.55445500000002,449,1,1,449,449,0.98999999999999999,1,453.53535399999998,449.02993600000002,4.4905238900000004,2.5926051700000001,444.53941200000003,453.52046000000001
427.19999999999999,449.60000000000002,1.01,1,445.14851499999997,449.60000000000002,1,1,449.60000000000002,449.60000000000002,0.98999999999999999,1,454.141414,449.629976,4.4965245899999999,2.5960696799999998,445.13345199999998,454.12650100000002
427.30000000000001,450.30000000000001,1.01,1,445.84158400000001,450.30000000000001,1,1,450.30000000000001,450.30000000000001,0.98999999999999999,1,454.84848499999998,450.33002299999998,4.5035254,2.6001116,445.82649800000002,454.83354800000001
427.39999999999998,450.69999999999999,1.01,1,446.23762399999998,450.69999999999999,1,1,450.69999999999999,450.69999999999999,0.98999999999999999,1,455.25252499999999,450.73005000000001,4.5075258700000003,2.6024212699999998,446.22252400000002,455.23757599999999
427.5,451.19999999999999,1.01,1,446.73267299999998,451.19999999999999,1,1,451.19999999999999,451.19999999999999,0.98999999999999999,1,455.75757599999997,451.23008299999998,4.5125264500000002,2.60530836,446.717557,455.74260900000002
427.60000000000002,451.5,1.01,1,447.02970299999998,451.5,1,1,451.5,451.5,0.98999999999999999,1,456.06060600000001,451.530103,4.5155268,2.6070406099999999,447.01457599999998,456.04563000000002
427.69999999999999,452.10000000000002,1.01,1,447.623762,452.10000000000002,1,1,452.10000000000002,452.10000000000002,0.98999999999999999,1,456.66666700000002,452.13014299999998,4.5215275000000004,2.61050512,447.60861599999998,456.65167100000002
427.80000000000001,452.60000000000002,1.01,1,448.11881199999999,452.60000000000002,1,1,452.60000000000002,452.60000000000002,0.98999999999999999,1,457.171717,452.63017600000001,4.5265280900000002,2.6133922100000002,448.10364800000002,457.15670399999999
427.89999999999998,453.19999999999999,1.01,1,448.71287100000001,453.19999999999999,1,1,453.19999999999999,453.19999999999999,0.98999999999999999,1,457.77777800000001,453.23021599999998,4.5325287899999998,2.61685671,448.69768800000003,457.762745
428,453.69999999999999,1.01,1,449.207921,453.69999999999999,1,1,453.69999999999999,453.69999999999999,0.98999999999999999,1,458.28282799999999,453.73025000000001,4.5375293699999997,2.6197438000000002,449.19272000000001,458.26777900000002
428.10000000000002,454.30000000000001,1.01,1,449.80198000000001,454.30000000000001,1,1,454.30000000000001,454.30000000000001,0.98999999999999999,1,458.88888900000001,454.33028999999999,4.5435300700000001,2.6232083099999999,449.78676000000002,458.87382000000002
428.19999999999999,454.69999999999999,1.01,1,450.19801999999999,454.69999999999999,1,1,454.69999999999999,454.69999999999999,0.98999999999999999,1,459.29292900000002,454.73031600000002,4.5475305400000003,2.6255179800000001,450.18278600000002,459.27784700000001
428.30000000000001,455.10000000000002,1.01,1,450.59405900000002,455.10000000000002,1,1,455.10000000000002,455.10000000000002,0.98999999999999999,1,459.69697000000002,455.13034299999998,4.5515309999999998,2.62782765,450.57881200000003,459.68187399999999
428.39999999999998,455.69999999999999,1.01,1,451.18811899999997,455.69999999999999,1,1,455.69999999999999,455.69999999999999,0.98999999999999999,1,460.30302999999998,455.73038300000002,4.5575317000000002,2.6312921600000001,451.17285099999998,460.287915
428.5,456.30000000000001,1.01,1,451.78217799999999,456.30000000000001,1,1,456.30000000000001,456.30000000000001,0.98999999999999999,1,460.90909099999999,456.330423,4.5635323999999997,2.6347566599999999,451.76689099999999,460.89395500000001
428.60000000000002,456.60000000000002,1.01,1,452.07920799999999,456.60000000000002,1,1,456.60000000000002,456.60000000000002,0.98999999999999999,1,461.21212100000002,456.63044300000001,4.5665327500000004,2.6364889100000002,452.06391000000002,461.19697600000001
428.69999999999999,457.10000000000002,1.01,1,452.57425699999999,457.10000000000002,1,1,457.10000000000002,457.10000000000002,0.98999999999999999,1,461.71717200000001,457.13047599999999,4.5715333400000002,2.6393759999999999,452.558943,461.70200999999997
428.80000000000001,457.60000000000002,1.01,1,453.06930699999998,457.60000000000002,1,1,457.60000000000002,457.60000000000002,0.98999999999999999,1,462.22222199999999,457.63051000000002,4.5765339200000001,2.6422630900000001,453.05397599999998,462.207044
428.89999999999998,458,1.01,1,453.46534700000001,458,1,1,458,458,0.98999999999999999,1,462.62626299999999,458.03053599999998,4.5805343900000004,2.64457276,453.45000199999998,462.61107099999998
429,458.39999999999998,1.01,1,453.86138599999998,458.39999999999998,1,1,458.39999999999998,458.39999999999998,0.98999999999999999,1,463.030303,458.43056300000001,4.5845348499999998,2.6468824299999998,453.84602799999999,463.01509800000002
429.10000000000002,458.89999999999998,1.01,1,454.35643599999997,458.89999999999998,1,1,458.89999999999998,458.89999999999998,0.98999999999999999,1,463.53535399999998,458.93059599999998,4.5895354399999997,2.64976952,454.34106100000002,463.52013199999999
429.19999999999999,459.39999999999998,1.01,1,454.85148500000003,459.39999999999998,1,1,459.39999999999998,459.39999999999998,0.98999999999999999,1,464.04040400000002,459.43063000000001,4.5945360199999996,2.6526566100000002,454.836094,464.02516600000001
429.30000000000001,459.89999999999998,1.01,1,455.34653500000002,459.89999999999998,1,1,459.89999999999998,459.89999999999998,0.98999999999999999,1,464.545455,459.93066299999998,4.5995366000000004,2.6555437,455.33112599999998,464.53019999999998
429.39999999999998,460.30000000000001,1.01,1,455.74257399999999,460.30000000000001,1,1,460.30000000000001,460.30000000000001,0.98999999999999999,1,464.94949500000001,460.33069,4.6035370699999998,2.6578533700000002,455.72715299999999,464.93422700000002
429.5,460.80000000000001,1.01,1,456.23762399999998,460.80000000000001,1,1,460.80000000000001,460.80000000000001,0.98999999999999999,1,465.454545,460.83072299999998,4.6085376499999997,2.66074045,456.22218500000002,465.43926099999999
429.60000000000002,461.19999999999999,1.01,1,456.63366300000001,461.19999999999999,1,1,461.19999999999999,461.19999999999999,0.98999999999999999,1,465.858586,461.23075,4.61253812,2.6630501299999998,456.61821200000003,465.84328799999997
429.69999999999999,461.60000000000002,1.01,1,457.02970299999998,461.60000000000002,1,1,461.60000000000002,461.60000000000002,0.98999999999999999,1,466.26262600000001,461.63077600000003,4.6165385900000002,2.6653598000000001,457.01423799999998,466.24731500000001
429.80000000000001,462,1.01,1,457.42574300000001,462,1,1,462,462,0.98999999999999999,1,466.66666700000002,462.03080299999999,4.6205390499999996,2.6676694699999999,457.41026399999998,466.651342
429.89999999999998,462.5,1.01,1,457.92079200000001,462.5,1,1,462.5,462.5,0.98999999999999999,1,467.171717,462.53083600000002,4.6255396400000004,2.6705565500000001,457.90529700000002,467.15637600000002
430,463.10000000000002,1.01,1,458.51485100000002,463.10000000000002,1,1,463.10000000000002,463.10000000000002,0.98999999999999999,1,467.77777800000001,463.130876,4.6315403399999999,2.6740210599999998,458.49933600000003,467.76241700000003
430.10000000000002,463.5,1.01,1,458.91089099999999,463.5,1,1,463.5,463.5,0.98999999999999999,1,468.18181800000002,463.53090300000002,4.6355408000000002,2.6763307300000001,458.89536199999998,468.16644400000001
430.19999999999999,463.89999999999998,1.01,1,459.30693100000002,463.89999999999998,1,1,463.89999999999998,463.89999999999998,0.98999999999999999,1,468.58585900000003,463.93092999999999,4.6395412699999996,2.6786403999999999,459.29138799999998,468.570471
430.30000000000001,464.5,1.01,1,459.90098999999998,464.5,1,1,464.5,464.5,0.98999999999999999,1,469.19191899999998,464.53097000000002,4.64554197,2.6821049100000001,459.88542799999999,469.176512
430.39999999999998,465.19999999999999,1.01,1,460.59405900000002,465.19999999999999,1,1,465.19999999999999,465.19999999999999,0.98999999999999999,1,469.89899000000003,465.23101600000001,4.65254279,2.6861468300000002,460.57847400000003,469.88355899999999
430.5,465.30000000000001,1.01,1,460.69306899999998,465.30000000000001,1,1,465.30000000000001,465.30000000000001,0.98999999999999999,1,470,465.33102300000002,4.6535428999999997,2.6867242500000001,460.67748,469.98456599999997
430.60000000000002,465.60000000000002,1.01,1,460.99009899999999,465.60000000000002,1,1,465.60000000000002,465.60000000000002,0.98999999999999999,1,470.30302999999998,465.63104299999998,4.6565432500000004,2.6884565,460.97449999999998,470.28758599999998
430.69999999999999,465.80000000000001,1.01,1,461.18811899999997,465.80000000000001,1,1,465.80000000000001,465.80000000000001,0.98999999999999999,1,470.50505099999998,465.83105599999999,4.6585434899999996,2.6896113399999999,461.17251299999998,470.4896
430.80000000000001,466.30000000000001,1.01,1,461.68316800000002,466.30000000000001,1,1,466.30000000000001,466.30000000000001,0.98999999999999999,1,471.01010100000002,466.33109000000002,4.6635440700000004,2.6924984200000002,461.66754600000002,470.99463400000002
430.89999999999998,466.69999999999999,1.01,1,462.07920799999999,466.69999999999999,1,1,466.69999999999999,466.69999999999999,0.98999999999999999,1,471.41414099999997,466.73111599999999,4.6675445399999997,2.69480809,462.06357200000002,471.398661
431,467.30000000000001,1.01,1,462.67326700000001,467.30000000000001,1,1,467.30000000000001,467.30000000000001,0.98999999999999999,1,472.02020199999998,467.33115600000002,4.6735452400000002,2.6982726000000001,462.65761099999997,472.00470200000001
431.10000000000002,467.69999999999999,1.01,1,463.06930699999998,467.69999999999999,1,1,467.69999999999999,467.69999999999999,0.98999999999999999,1,472.42424199999999,467.73118299999999,4.6775456999999996,2.70058227,463.05363699999998,472.40872899999999
431.19999999999999,468.19999999999999,1.01,1,463.56435599999998,468.19999999999999,1,1,468.19999999999999,468.19999999999999,0.98999999999999999,1,472.92929299999997,468.23121600000002,4.6825462900000003,2.7034693600000002,463.54867000000002,472.91376300000002
431.30000000000001,468.60000000000002,1.01,1,463.960396,468.60000000000002,1,1,468.60000000000002,468.60000000000002,0.98999999999999999,1,473.33333299999998,468.63124299999998,4.6865467499999998,2.70577903,463.94469600000002,473.31779
431.39999999999998,469,1.01,1,464.35643599999997,469,1,1,469,469,0.98999999999999999,1,473.73737399999999,469.03127000000001,4.69054722,2.7080886999999998,464.34072300000003,473.72181699999999
431.5,469.19999999999999,1.01,1,464.55445500000002,469.19999999999999,1,1,469.19999999999999,469.19999999999999,0.98999999999999999,1,473.93939399999999,469.23128300000002,4.6925474500000002,2.7092435400000001,464.53873599999997,473.92383100000001
431.60000000000002,469.69999999999999,1.01,1,465.04950500000001,469.69999999999999,1,1,469.69999999999999,469.69999999999999,0.98999999999999999,1,474.44444399999998,469.73131599999999,4.69754804,2.7121306199999999,465.03376800000001,474.42886499999997
431.69999999999999,469.89999999999998,1.01,1,465.247525,469.89999999999998,1,1,469.89999999999998,469.89999999999998,0.98999999999999999,1,474.64646499999998,469.93133,4.6995482700000002,2.7132854599999998,465.23178200000001,474.630878
431.80000000000001,470.30000000000001,1.01,1,465.64356400000003,470.30000000000001,1,1,470.30000000000001,470.30000000000001,0.98999999999999999,1,475.05050499999999,470.33135600000003,4.7035487399999996,2.7155951300000001,465.62780800000002,475.03490499999998
431.89999999999998,470.69999999999999,1.01,1,466.039604,470.69999999999999,1,1,470.69999999999999,470.69999999999999,0.98999999999999999,1,475.454545,470.73138299999999,4.7075491999999999,2.7179047999999999,466.02383400000002,475.43893200000002
432,471.30000000000001,1.01,1,466.63366300000001,471.30000000000001,1,1,471.30000000000001,471.30000000000001,0.98999999999999999,1,476.06060600000001,471.33142299999997,4.7135499000000003,2.72136931,466.61787299999997,476.04497300000003
432.10000000000002,471.5,1.01,1,466.831683,471.5,1,1,471.5,471.5,0.98999999999999999,1,476.26262600000001,471.53143599999999,4.7155501400000004,2.72252414,466.81588599999998,476.24698699999999
432.19999999999999,471.80000000000001,1.01,1,467.128713,471.80000000000001,1,1,471.80000000000001,471.80000000000001,0.98999999999999999,1,476.56565699999999,471.831456,4.7185504900000002,2.7242563899999999,467.11290600000001,476.55000699999999
432.30000000000001,472.19999999999999,1.01,1,467.52475199999998,472.19999999999999,1,1,472.19999999999999,472.19999999999999,0.98999999999999999,1,476.969697,472.23148300000003,4.7225509499999996,2.7265660600000001,467.50893200000002,476.95403399999998
432.39999999999998,472.60000000000002,1.01,1,467.92079200000001,472.60000000000002,1,1,472.60000000000002,472.60000000000002,0.98999999999999999,1,477.37373700000001,472.63150999999999,4.7265514199999998,2.7288757399999999,467.90495800000002,477.35806100000002
432.5,473.10000000000002,1.01,1,468.415842,473.10000000000002,1,1,473.10000000000002,473.10000000000002,0.98999999999999999,1,477.87878799999999,473.13154300000002,4.7315519999999998,2.7317628200000001,468.399991,477.86309499999999
432.60000000000002,473.30000000000001,1.01,1,468.61386099999999,473.30000000000001,1,1,473.30000000000001,473.30000000000001,0.98999999999999999,1,478.08080799999999,473.33155599999998,4.7335522399999999,2.73291766,468.598004,478.06510900000001
432.69999999999999,473.5,1.01,1,468.81188100000003,473.5,1,1,473.5,473.5,0.98999999999999999,1,478.28282799999999,473.53156999999999,4.73555247,2.73407249,468.79601700000001,478.26712199999997
432.80000000000001,474,1.01,1,469.30693100000002,474,1,1,474,474,0.98999999999999999,1,478.78787899999998,474.03160300000002,4.7405530499999999,2.7369595800000002,469.29104999999998,478.772156
432.89999999999998,474.19999999999999,1.01,1,469.50495000000001,474.19999999999999,1,1,474.19999999999999,474.19999999999999,0.98999999999999999,1,478.98989899999998,474.23161599999997,4.74255329,2.73811442,469.48906299999999,478.97417000000002
433,474.60000000000002,1.01,1,469.90098999999998,474.60000000000002,1,1,474.60000000000002,474.60000000000002,0.98999999999999999,1,479.39393899999999,474.631643,4.7465537500000003,2.7404240899999999,469.88508899999999,479.378197
433.10000000000002,474.89999999999998,1.01,1,470.19801999999999,474.89999999999998,1,1,474.89999999999998,474.89999999999998,0.98999999999999999,1,479.69697000000002,474.93166300000001,4.7495541000000001,2.7421563400000002,470.18210900000003,479.681217
433.19999999999999,475.30000000000001,1.01,1,470.59405900000002,475.30000000000001,1,1,475.30000000000001,475.30000000000001,0.98999999999999999,1,480.10100999999997,475.33168999999998,4.7535545700000004,2.74446601,470.57813499999997,480.08524399999999
433.30000000000001,475.60000000000002,1.01,1,470.89108900000002,475.60000000000002,1,1,475.60000000000002,475.60000000000002,0.98999999999999999,1,480.40404000000001,475.63171,4.7565549200000001,2.7461982599999999,470.87515500000001,480.38826499999999
433.39999999999998,475.80000000000001,1.01,1,471.08910900000001,475.80000000000001,1,1,475.80000000000001,475.80000000000001,0.98999999999999999,1,480.60606100000001,475.83172300000001,4.7585551500000003,2.7473531000000002,471.07316800000001,480.59027800000001
433.5,476.19999999999999,1.01,1,471.48514899999998,476.19999999999999,1,1,476.19999999999999,476.19999999999999,0.98999999999999999,1,481.01010100000002,476.23174999999998,4.7625556199999997,2.74966277,471.46919400000002,480.994305
433.60000000000002,476.5,1.01,1,471.78217799999999,476.5,1,1,476.5,476.5,0.98999999999999999,1,481.313131,476.53176999999999,4.7655559700000003,2.7513950199999999,471.76621399999999,481.297326
433.69999999999999,476.80000000000001,1.01,1,472.07920799999999,476.80000000000001,1,1,476.80000000000001,476.80000000000001,0.98999999999999999,1,481.61616199999997,476.83179000000001,4.7685563200000001,2.7531272800000002,472.06323400000002,481.600346
433.80000000000001,477.10000000000002,1.01,1,472.376238,477.10000000000002,1,1,477.10000000000002,477.10000000000002,0.98999999999999999,1,481.91919200000001,477.13180999999997,4.7715566699999998,2.7548595300000001,472.360253,481.903367
433.89999999999998,477.5,1.01,1,472.77227699999997,477.5,1,1,477.5,477.5,0.98999999999999999,1,482.32323200000002,477.531837,4.7755571400000001,2.7571691999999999,472.75627900000001,482.30739399999999
434,477.89999999999998,1.01,1,473.168317,477.89999999999998,1,1,477.89999999999998,477.89999999999998,0.98999999999999999,1,482.72727300000003,477.93186300000002,4.7795576100000003,2.7594788700000001,473.15230600000001,482.71142099999997
434.10000000000002,478.19999999999999,1.01,1,473.46534700000001,478.19999999999999,1,1,478.19999999999999,478.19999999999999,0.98999999999999999,1,483.030303,478.23188299999998,4.7825579600000001,2.76121112,473.44932499999999,483.01444099999998
434.19999999999999,478.30000000000001,1.01,1,473.56435599999998,478.30000000000001,1,1,478.30000000000001,478.30000000000001,0.98999999999999999,1,483.13131299999998,478.33188999999999,4.7835580699999998,2.76178854,473.54833200000002,483.11544800000001
434.30000000000001,478.60000000000002,1.01,1,473.86138599999998,478.60000000000002,1,1,478.60000000000002,478.60000000000002,0.98999999999999999,1,483.43434300000001,478.63191,4.7865584200000004,2.7635207899999998,473.84535099999999,483.41846800000002
434.39999999999998,479,1.01,1,474.25742600000001,479,1,1,479,479,0.98999999999999999,1,483.83838400000002,479.03193700000003,4.7905588899999998,2.7658304600000001,474.241378,483.822495
434.5,479.39999999999998,1.01,1,474.65346499999998,479.39999999999998,1,1,479.39999999999998,479.39999999999998,0.98999999999999999,1,484.24242400000003,479.431963,4.79455936,2.7681401299999999,474.637404,484.22652299999999
434.60000000000002,479.5,1.01,1,474.752475,479.5,1,1,479.5,479.5,0.98999999999999999,1,484.343434,479.53197,4.7955594699999997,2.7687175499999999,474.73640999999998,484.32752900000003
434.69999999999999,479.80000000000001,1.01,1,475.04950500000001,479.80000000000001,1,1,479.80000000000001,479.80000000000001,0.98999999999999999,1,484.64646499999998,479.83199000000002,4.7985598200000004,2.7704498000000002,475.03343000000001,484.63055000000003
434.80000000000001,480.19999999999999,1.01,1,475.44554499999998,480.19999999999999,1,1,480.19999999999999,480.19999999999999,0.98999999999999999,1,485.05050499999999,480.23201699999998,4.8025602899999997,2.7727594799999999,475.42945600000002,485.03457700000001
434.89999999999998,480.39999999999998,1.01,1,475.64356400000003,480.39999999999998,1,1,480.39999999999998,480.39999999999998,0.98999999999999999,1,485.25252499999999,480.43203,4.8045605199999999,2.7739143099999999,475.62746900000002,485.23658999999998
435,480.60000000000002,1.01,1,475.84158400000001,480.60000000000002,1,1,480.60000000000002,480.60000000000002,0.98999999999999999,1,485.454545,480.63204300000001,4.80656076,2.7750691500000002,475.82548200000002,485.438604
435.10000000000002,480.89999999999998,1.01,1,476.13861400000002,480.89999999999998,1,1,480.89999999999998,480.89999999999998,0.98999999999999999,1,485.75757599999997,480.93206300000003,4.8095611099999998,2.7768014000000001,476.122502,485.741624
435.19999999999999,481.10000000000002,1.01,1,476.336634,481.10000000000002,1,1,481.10000000000002,481.10000000000002,0.98999999999999999,1,485.95959599999998,481.13207699999998,4.8115613399999999,2.77795623,476.320515,485.94363800000002
435.30000000000001,481.39999999999998,1.01,1,476.63366300000001,481.39999999999998,1,1,481.39999999999998,481.39999999999998,0.98999999999999999,1,486.26262600000001,481.432097,4.8145616899999997,2.7796884899999998,476.61753499999998,486.24665800000002
435.39999999999998,481.69999999999999,1.01,1,476.93069300000002,481.69999999999999,1,1,481.69999999999999,481.69999999999999,0.98999999999999999,1,486.56565699999999,481.73211700000002,4.8175620400000003,2.7814207400000002,476.91455500000001,486.54967900000003
435.5,482.19999999999999,1.01,1,477.42574300000001,482.19999999999999,1,1,482.19999999999999,482.19999999999999,0.98999999999999999,1,487.07070700000003,482.23214999999999,4.8225626200000002,2.7843078299999999,477.40958699999999,487.05471299999999
435.60000000000002,482.5,1.01,1,477.72277200000002,482.5,1,1,482.5,482.5,0.98999999999999999,1,487.37373700000001,482.53217000000001,4.82556297,2.7860400799999998,477.70660700000002,487.357733
435.69999999999999,482.60000000000002,1.01,1,477.82178199999998,482.60000000000002,1,1,482.60000000000002,482.60000000000002,0.98999999999999999,1,487.47474699999998,482.63217700000001,4.8265630899999996,2.7866175000000002,477.80561299999999,487.45873999999998
435.80000000000001,482.80000000000001,1.01,1,478.01980200000003,482.80000000000001,1,1,482.80000000000001,482.80000000000001,0.98999999999999999,1,487.67676799999998,482.83219000000003,4.8285633199999998,2.7877723300000001,478.00362699999999,487.660753
435.89999999999998,483.19999999999999,1.01,1,478.415842,483.19999999999999,1,1,483.19999999999999,483.19999999999999,0.98999999999999999,1,488.08080799999999,483.23221699999999,4.83256379,2.790082,478.399653,488.06477999999998
436,483.60000000000002,1.01,1,478.81188100000003,483.60000000000002,1,1,483.60000000000002,483.60000000000002,0.98999999999999999,1,488.484848,483.63224300000002,4.8365642600000003,2.7923916800000002,478.79567900000001,488.46880700000003
436.10000000000002,483.60000000000002,1.01,1,478.81188100000003,483.60000000000002,1,1,483.60000000000002,483.60000000000002,0.98999999999999999,1,488.484848,483.63224300000002,4.8365642600000003,2.7923916800000002,478.79567900000001,488.46880700000003
436.19999999999999,483.80000000000001,1.01,1,479.00990100000001,483.80000000000001,1,1,483.80000000000001,483.80000000000001,0.98999999999999999,1,488.686869,483.83225700000003,4.8385644900000004,2.7935465100000001,478.99369200000001,488.67082099999999
436.30000000000001,483.89999999999998,1.01,1,479.10891099999998,483.89999999999998,1,1,483.89999999999998,483.89999999999998,0.98999999999999999,1,488.78787899999998,483.93226299999998,4.83956461,2.79412393,479.09269899999998,488.77182800000003
436.39999999999998,484.10000000000002,1.01,1,479.30693100000002,484.10000000000002,1,1,484.10000000000002,484.10000000000002,0.98999999999999999,1,488.98989899999998,484.13227699999999,4.8415648400000002,2.79527876,479.29071199999998,488.97384099999999
436.5,484.30000000000001,1.01,1,479.50495000000001,484.30000000000001,1,1,484.30000000000001,484.30000000000001,0.98999999999999999,1,489.19191899999998,484.33229,4.8435650700000004,2.7964335999999999,479.48872499999999,489.17585500000001
436.60000000000002,484.60000000000002,1.01,1,479.80198000000001,484.60000000000002,1,1,484.60000000000002,484.60000000000002,0.98999999999999999,1,489.49494900000002,484.63231000000002,4.8465654200000001,2.7981658500000002,479.78574400000002,489.47887500000002
436.69999999999999,484.60000000000002,1.01,1,479.80198000000001,484.60000000000002,1,1,484.60000000000002,484.60000000000002,0.98999999999999999,1,489.49494900000002,484.63231000000002,4.8465654200000001,2.7981658500000002,479.78574400000002,489.47887500000002
436.80000000000001,484.89999999999998,1.01,1,480.09901000000002,484.89999999999998,1,1,484.89999999999998,484.89999999999998,0.98999999999999999,1,489.79798,484.93232999999998,4.8495657699999999,2.7998981000000001,480.082764,489.78189600000002
436.89999999999998,485.10000000000002,1.01,1,480.29703000000001,485.10000000000002,1,1,485.10000000000002,485.10000000000002,0.98999999999999999,1,490,485.13234299999999,4.85156601,2.8010529399999999,480.280777,489.98390899999998
437,485.19999999999999,1.01,1,480.39604000000003,485.19999999999999,1,1,485.19999999999999,485.19999999999999,0.98999999999999999,1,490.10100999999997,485.23235,4.8525661199999996,2.8016303599999999,480.37978399999997,490.08491600000002
437.10000000000002,485.60000000000002,1.01,1,480.792079,485.60000000000002,1,1,485.60000000000002,485.60000000000002,0.98999999999999999,1,490.50505099999998,485.63237700000002,4.8565665899999999,2.8039400300000001,480.77580999999998,490.48894300000001
437.19999999999999,485.69999999999999,1.01,1,480.89108900000002,485.69999999999999,1,1,485.69999999999999,485.69999999999999,0.98999999999999999,1,490.60606100000001,485.73238300000003,4.8575667100000004,2.8045174500000001,480.87481700000001,490.58994999999999
437.30000000000001,485.89999999999998,1.01,1,481.08910900000001,485.89999999999998,1,1,485.89999999999998,485.89999999999998,0.98999999999999999,1,490.80808100000002,485.93239699999998,4.8595669399999997,2.80567228,481.07283000000001,490.79196400000001
437.39999999999998,486.10000000000002,1.01,1,481.28712899999999,486.10000000000002,1,1,486.10000000000002,486.10000000000002,0.98999999999999999,1,491.01010100000002,486.13240999999999,4.8615671699999998,2.8068271199999999,481.27084300000001,490.99397699999997
437.5,486.19999999999999,1.01,1,481.38613900000001,486.19999999999999,1,1,486.19999999999999,486.19999999999999,0.98999999999999999,1,491.11111099999999,486.232417,4.8625672900000003,2.8074045299999999,481.36984899999999,491.09498400000001
437.60000000000002,486.5,1.01,1,481.68316800000002,486.5,1,1,486.5,486.5,0.98999999999999999,1,491.41414099999997,486.53243700000002,4.8655676400000001,2.8091367900000002,481.66686900000002,491.39800400000001
437.69999999999999,486.5,1.01,1,481.68316800000002,486.5,1,1,486.5,486.5,0.98999999999999999,1,491.41414099999997,486.53243700000002,4.8655676400000001,2.8091367900000002,481.66686900000002,491.39800400000001
437.80000000000001,487,1.01,1,482.17821800000002,487,1,1,487,487,0.98999999999999999,1,491.91919200000001,487.03246999999999,4.87056822,2.81202387,482.161902,491.90303799999998
437.89999999999998,487,1.01,1,482.17821800000002,487,1,1,487,487,0.98999999999999999,1,491.91919200000001,487.03246999999999,4.87056822,2.81202387,482.161902,491.90303799999998
438,487.19999999999999,1.01,1,482.376238,487.19999999999999,1,1,487.19999999999999,487.19999999999999,0.98999999999999999,1,492.12121200000001,487.232483,4.8725684600000001,2.8131787099999999,482.359915,492.105052
438.10000000000002,487.30000000000001,1.01,1,482.47524800000002,487.30000000000001,1,1,487.30000000000001,487.30000000000001,0.98999999999999999,1,492.22222199999999,487.33249000000001,4.8735685699999998,2.8137561299999998,482.45892099999998,492.20605799999998
438.19999999999999,487.60000000000002,1.01,1,482.77227699999997,487.60000000000002,1,1,487.60000000000002,487.60000000000002,0.98999999999999999,1,492.52525300000002,487.63251000000002,4.8765689200000004,2.8154883800000001,482.75594100000001,492.50907899999999
438.30000000000001,487.60000000000002,1.01,1,482.77227699999997,487.60000000000002,1,1,487.60000000000002,487.60000000000002,0.98999999999999999,1,492.52525300000002,487.63251000000002,4.8765689200000004,2.8154883800000001,482.75594100000001,492.50907899999999
438.39999999999998,487.69999999999999,1.01,1,482.871287,487.69999999999999,1,1,487.69999999999999,487.69999999999999,0.98999999999999999,1,492.62626299999999,487.73251699999997,4.87756904,2.8160658000000001,482.85494799999998,492.61008600000002
438.5,487.89999999999998,1.01,1,483.06930699999998,487.89999999999998,1,1,487.89999999999998,487.89999999999998,0.98999999999999999,1,492.828283,487.93252999999999,4.8795692700000002,2.81722063,483.05296099999998,492.81209899999999
438.60000000000002,488,1.01,1,483.168317,488,1,1,488,488,0.98999999999999999,1,492.92929299999997,488.03253699999999,4.8805693899999998,2.8177980499999999,483.15196700000001,492.91310600000003
438.69999999999999,488,1.01,1,483.168317,488,1,1,488,488,0.98999999999999999,1,492.92929299999997,488.03253699999999,4.8805693899999998,2.8177980499999999,483.15196700000001,492.91310600000003
438.80000000000001,488.30000000000001,1.01,1,483.46534700000001,488.30000000000001,1,1,488.30000000000001,488.30000000000001,0.98999999999999999,1,493.23232300000001,488.33255700000001,4.8835697400000004,2.8195302999999998,483.44898699999999,493.21612599999997
438.89999999999998,488.5,1.01,1,483.663366,488.5,1,1,488.5,488.5,0.98999999999999999,1,493.43434300000001,488.53257000000002,4.8855699699999997,2.8206851400000001,483.64699999999999,493.41813999999999
439,488.5,1.01,1,483.663366,488.5,1,1,488.5,488.5,0.98999999999999999,1,493.43434300000001,488.53257000000002,4.8855699699999997,2.8206851400000001,483.64699999999999,493.41813999999999
439.10000000000002,488.5,1.01,1,483.663366,488.5,1,1,488.5,488.5,0.98999999999999999,1,493.43434300000001,488.53257000000002,4.8855699699999997,2.8206851400000001,483.64699999999999,493.41813999999999
439.19999999999999,488.80000000000001,1.01,1,483.960396,488.80000000000001,1,1,488.80000000000001,488.80000000000001,0.98999999999999999,1,493.73737399999999,488.83258999999998,4.8885703200000004,2.82241739,483.94402000000002,493.72116
439.30000000000001,489,1.01,1,484.15841599999999,489,1,1,489,489,0.98999999999999999,1,493.93939399999999,489.03260299999999,4.8905705599999996,2.8235722299999999,484.14203300000003,493.92317400000002
439.39999999999998,489.30000000000001,1.01,1,484.45544599999999,489.30000000000001,1,1,489.30000000000001,489.30000000000001,0.98999999999999999,1,494.24242400000003,489.33262300000001,4.8935709100000002,2.8253044799999998,484.439052,494.22619400000002
439.5,489.30000000000001,1.01,1,484.45544599999999,489.30000000000001,1,1,489.30000000000001,489.30000000000001,0.98999999999999999,1,494.24242400000003,489.33262300000001,4.8935709100000002,2.8253044799999998,484.439052,494.22619400000002
439.60000000000002,489.30000000000001,1.01,1,484.45544599999999,489.30000000000001,1,1,489.30000000000001,489.30000000000001,0.98999999999999999,1,494.24242400000003,489.33262300000001,4.8935709100000002,2.8253044799999998,484.439052,494.22619400000002
439.69999999999999,489.30000000000001,1.01,1,484.45544599999999,489.30000000000001,1,1,489.30000000000001,489.30000000000001,0.98999999999999999,1,494.24242400000003,489.33262300000001,4.8935709100000002,2.8253044799999998,484.439052,494.22619400000002
439.80000000000001,489.39999999999998,1.01,1,484.55445500000002,489.39999999999998,1,1,489.39999999999998,489.39999999999998,0.98999999999999999,1,494.343434,489.43263000000002,4.8945710199999999,2.8258819000000002,484.53805899999998,494.327201
439.89999999999998,489.60000000000002,1.01,1,484.752475,489.60000000000002,1,1,489.60000000000002,489.60000000000002,0.98999999999999999,1,494.545455,489.63264299999997,4.89657126,2.8270367300000001,484.73607199999998,494.52921500000002
440,490,1.01,1,485.14851499999997,490,1,1,490,490,0.98999999999999999,1,494.94949500000001,490.03267,4.9005717200000003,2.8293463999999999,485.13209799999998,494.93324200000001
440.10000000000002,489.69999999999999,1.01,1,484.85148500000003,489.69999999999999,1,1,489.69999999999999,489.69999999999999,0.98999999999999999,1,494.64646499999998,489.73264999999998,4.8975713699999996,2.82761415,484.83507900000001,494.63022100000001
440.19999999999999,489.80000000000001,1.01,1,484.95049499999999,489.80000000000001,1,1,489.80000000000001,489.80000000000001,0.98999999999999999,1,494.74747500000001,489.83265699999998,4.8985714900000001,2.82819157,484.93408499999998,494.73122799999999
440.30000000000001,489.89999999999998,1.01,1,485.04950500000001,489.89999999999998,1,1,489.89999999999998,489.89999999999998,0.98999999999999999,1,494.84848499999998,489.93266299999999,4.8995716099999997,2.8287689899999999,485.03309200000001,494.83223500000003
440.39999999999998,489.89999999999998,1.01,1,485.04950500000001,489.89999999999998,1,1,489.89999999999998,489.89999999999998,0.98999999999999999,1,494.84848499999998,489.93266299999999,4.8995716099999997,2.8287689899999999,485.03309200000001,494.83223500000003
440.5,490.10000000000002,1.01,1,485.247525,490.10000000000002,1,1,490.10000000000002,490.10000000000002,0.98999999999999999,1,495.05050499999999,490.132677,4.9015718399999999,2.8299238199999999,485.23110500000001,495.03424799999999
440.60000000000002,489.80000000000001,1.01,1,484.95049499999999,489.80000000000001,1,1,489.80000000000001,489.80000000000001,0.98999999999999999,1,494.74747500000001,489.83265699999998,4.8985714900000001,2.82819157,484.93408499999998,494.73122799999999
440.69999999999999,490,1.01,1,485.14851499999997,490,1,1,490,490,0.98999999999999999,1,494.94949500000001,490.03267,4.9005717200000003,2.8293463999999999,485.13209799999998,494.93324200000001
440.80000000000001,490.10000000000002,1.01,1,485.247525,490.10000000000002,1,1,490.10000000000002,490.10000000000002,0.98999999999999999,1,495.05050499999999,490.132677,4.9015718399999999,2.8299238199999999,485.23110500000001,495.03424799999999
440.89999999999998,490.30000000000001,1.01,1,485.44554499999998,490.30000000000001,1,1,490.30000000000001,490.30000000000001,0.98999999999999999,1,495.25252499999999,490.33269000000001,4.9035720700000001,2.8310786600000002,485.42911800000002,495.23626200000001
441,490.30000000000001,1.01,1,485.44554499999998,490.30000000000001,1,1,490.30000000000001,490.30000000000001,0.98999999999999999,1,495.25252499999999,490.33269000000001,4.9035720700000001,2.8310786600000002,485.42911800000002,495.23626200000001
441.10000000000002,490.39999999999998,1.01,1,485.54455400000001,490.39999999999998,1,1,490.39999999999998,490.39999999999998,0.98999999999999999,1,495.35353500000002,490.43269700000002,4.9045721899999997,2.8316560700000002,485.52812399999999,495.33726899999999
441.19999999999999,490.39999999999998,1.01,1,485.54455400000001,490.39999999999998,1,1,490.39999999999998,490.39999999999998,0.98999999999999999,1,495.35353500000002,490.43269700000002,4.9045721899999997,2.8316560700000002,485.52812399999999,495.33726899999999
441.30000000000001,490.30000000000001,1.01,1,485.44554499999998,490.30000000000001,1,1,490.30000000000001,490.30000000000001,0.98999999999999999,1,495.25252499999999,490.33269000000001,4.9035720700000001,2.8310786600000002,485.42911800000002,495.23626200000001
441.39999999999998,490.30000000000001,1.01,1,485.44554499999998,490.30000000000001,1,1,490.30000000000001,490.30000000000001,0.98999999999999999,1,495.25252499999999,490.33269000000001,4.9035720700000001,2.8310786600000002,485.42911800000002,495.23626200000001
441.5,490.30000000000001,1.01,1,485.44554499999998,490.30000000000001,1,1,490.30000000000001,490.30000000000001,0.98999999999999999,1,495.25252499999999,490.33269000000001,4.9035720700000001,2.8310786600000002,485.42911800000002,495.23626200000001
441.60000000000002,490.39999999999998,1.01,1,485.54455400000001,490.39999999999998,1,1,490.39999999999998,490.39999999999998,0.98999999999999999,1,495.35353500000002,490.43269700000002,4.9045721899999997,2.8316560700000002,485.52812399999999,495.33726899999999
441.69999999999999,490.5,1.01,1,485.64356400000003,490.5,1,1,490.5,490.5,0.98999999999999999,1,495.454545,490.53270300000003,4.9055723100000002,2.8322334900000001,485.62713100000002,495.43827599999997
441.80000000000001,490.39999999999998,1.01,1,485.54455400000001,490.39999999999998,1,1,490.39999999999998,490.39999999999998,0.98999999999999999,1,495.35353500000002,490.43269700000002,4.9045721899999997,2.8316560700000002,485.52812399999999,495.33726899999999
441.89999999999998,490.39999999999998,1.01,1,485.54455400000001,490.39999999999998,1,1,490.39999999999998,490.39999999999998,0.98999999999999999,1,495.35353500000002,490.43269700000002,4.9045721899999997,2.8316560700000002,485.52812399999999,495.33726899999999
442,490.5,1.01,1,485.64356400000003,490.5,1,1,490.5,490.5,0.98999999999999999,1,495.454545,490.53270300000003,4.9055723100000002,2.8322334900000001,485.62713100000002,495.43827599999997
442.10000000000002,490.60000000000002,1.01,1,485.74257399999999,490.60000000000002,1,1,490.60000000000002,490.60000000000002,0.98999999999999999,1,495.55555600000002,490.63270999999997,4.9065724199999998,2.8328109100000001,485.72613799999999,495.53928200000001
442.19999999999999,490.80000000000001,1.01,1,485.94059399999998,490.80000000000001,1,1,490.80000000000001,490.80000000000001,0.98999999999999999,1,495.75757599999997,490.83272299999999,4.9085726599999999,2.83396574,485.92415099999999,495.74129599999998
442.30000000000001,490.69999999999999,1.01,1,485.84158400000001,490.69999999999999,1,1,490.69999999999999,490.69999999999999,0.98999999999999999,1,495.656566,490.73271699999998,4.9075725400000003,2.83338833,485.82514400000002,495.640289
442.39999999999998,490.69999999999999,1.01,1,485.84158400000001,490.69999999999999,1,1,490.69999999999999,490.69999999999999,0.98999999999999999,1,495.656566,490.73271699999998,4.9075725400000003,2.83338833,485.82514400000002,495.640289
442.5,490.60000000000002,1.01,1,485.74257399999999,490.60000000000002,1,1,490.60000000000002,490.60000000000002,0.98999999999999999,1,495.55555600000002,490.63270999999997,4.9065724199999998,2.8328109100000001,485.72613799999999,495.53928200000001
442.60000000000002,490.5,1.01,1,485.64356400000003,490.5,1,1,490.5,490.5,0.98999999999999999,1,495.454545,490.53270300000003,4.9055723100000002,2.8322334900000001,485.62713100000002,495.43827599999997
442.69999999999999,490.39999999999998,1.01,1,485.54455400000001,490.39999999999998,1,1,490.39999999999998,490.39999999999998,0.98999999999999999,1,495.35353500000002,490.43269700000002,4.9045721899999997,2.8316560700000002,485.52812399999999,495.33726899999999
442.80000000000001,490.39999999999998,1.01,1,485.54455400000001,490.39999999999998,1,1,490.39999999999998,490.39999999999998,0.98999999999999999,1,495.35353500000002,490.43269700000002,4.9045721899999997,2.8316560700000002,485.52812399999999,495.33726899999999
442.89999999999998,490.5,1.01,1,485.64356400000003,490.5,1,1,490.5,490.5,0.98999999999999999,1,495.454545,490.53270300000003,4.9055723100000002,2.8322334900000001,485.62713100000002,495.43827599999997
443,490.5,1.01,1,485.64356400000003,490.5,1,1,490.5,490.5,0.98999999999999999,1,495.454545,490.53270300000003,4.9055723100000002,2.8322334900000001,485.62713100000002,495.43827599999997
443.10000000000002,490.69999999999999,1.01,1,485.84158400000001,490.69999999999999,1,1,490.69999999999999,490.69999999999999,0.98999999999999999,1,495.656566,490.73271699999998,4.9075725400000003,2.83338833,485.82514400000002,495.640289
443.19999999999999,490.5,1.01,1,485.64356400000003,490.5,1,1,490.5,490.5,0.98999999999999999,1,495.454545,490.53270300000003,4.9055723100000002,2.8322334900000001,485.62713100000002,495.43827599999997
443.30000000000001,490.69999999999999,1.01,1,485.84158400000001,490.69999999999999,1,1,490.69999999999999,490.69999999999999,0.98999999999999999,1,495.656566,490.73271699999998,4.9075725400000003,2.83338833,485.82514400000002,495.640289
443.39999999999998,490.39999999999998,1.01,1,485.54455400000001,490.39999999999998,1,1,490.39999999999998,490.39999999999998,0.98999999999999999,1,495.35353500000002,490.43269700000002,4.9045721899999997,2.8316560700000002,485.52812399999999,495.33726899999999
443.5,490.39999999999998,1.01,1,485.54455400000001,490.39999999999998,1,1,490.39999999999998,490.39999999999998,0.98999999999999999,1,495.35353500000002,490.43269700000002,4.9045721899999997,2.8316560700000002,485.52812399999999,495.33726899999999
443.60000000000002,490.30000000000001,1.01,1,485.44554499999998,490.30000000000001,1,1,490.30000000000001,490.30000000000001,0.98999999999999999,1,495.25252499999999,490.33269000000001,4.9035720700000001,2.8310786600000002,485.42911800000002,495.23626200000001
443.69999999999999,490.19999999999999,1.01,1,485.34653500000002,490.19999999999999,1,1,490.19999999999999,490.19999999999999,0.98999999999999999,1,495.15151500000002,490.23268300000001,4.9025719600000004,2.8305012399999998,485.33011099999999,495.13525499999997
443.80000000000001,490.10000000000002,1.01,1,485.247525,490.10000000000002,1,1,490.10000000000002,490.10000000000002,0.98999999999999999,1,495.05050499999999,490.132677,4.9015718399999999,2.8299238199999999,485.23110500000001,495.03424799999999
443.89999999999998,490,1.01,1,485.14851499999997,490,1,1,490,490,0.98999999999999999,1,494.94949500000001,490.03267,4.9005717200000003,2.8293463999999999,485.13209799999998,494.93324200000001
444,490,1.01,1,485.14851499999997,490,1,1,490,490,0.98999999999999999,1,494.94949500000001,490.03267,4.9005717200000003,2.8293463999999999,485.13209799999998,494.93324200000001
444.10000000000002,490.10000000000002,1.01,1,485.247525,490.10000000000002,1,1,490.10000000000002,490.10000000000002,0.98999999999999999,1,495.05050499999999,490.132677,4.9015718399999999,2.8299238199999999,485.23110500000001,495.03424799999999
444.19999999999999,489.89999999999998,1.01,1,485.04950500000001,489.89999999999998,1,1,489.89999999999998,489.89999999999998,0.98999999999999999,1,494.84848499999998,489.93266299999999,4.8995716099999997,2.8287689899999999,485.03309200000001,494.83223500000003
444.30000000000001,489.69999999999999,1.01,1,484.85148500000003,489.69999999999999,1,1,489.69999999999999,489.69999999999999,0.98999999999999999,1,494.64646499999998,489.73264999999998,4.8975713699999996,2.82761415,484.83507900000001,494.63022100000001
444.39999999999998,489.80000000000001,1.01,1,484.95049499999999,489.80000000000001,1,1,489.80000000000001,489.80000000000001,0.98999999999999999,1,494.74747500000001,489.83265699999998,4.8985714900000001,2.82819157,484.93408499999998,494.73122799999999
444.5,489.80000000000001,1.01,1,484.95049499999999,489.80000000000001,1,1,489.80000000000001,489.80000000000001,0.98999999999999999,1,494.74747500000001,489.83265699999998,4.8985714900000001,2.82819157,484.93408499999998,494.73122799999999
444.60000000000002,489.69999999999999,1.01,1,484.85148500000003,489.69999999999999,1,1,489.69999999999999,489.69999999999999,0.98999999999999999,1,494.64646499999998,489.73264999999998,4.8975713699999996,2.82761415,484.83507900000001,494.63022100000001
444.69999999999999,489.60000000000002,1.01,1,484.752475,489.60000000000002,1,1,489.60000000000002,489.60000000000002,0.98999999999999999,1,494.545455,489.63264299999997,4.89657126,2.8270367300000001,484.73607199999998,494.52921500000002
444.80000000000001,489.5,1.01,1,484.65346499999998,489.5,1,1,489.5,489.5,0.98999999999999999,1,494.44444399999998,489.53263700000002,4.8955711400000004,2.8264593200000001,484.63706500000001,494.42820799999998
444.89999999999998,489.30000000000001,1.01,1,484.45544599999999,489.30000000000001,1,1,489.30000000000001,489.30000000000001,0.98999999999999999,1,494.24242400000003,489.33262300000001,4.8935709100000002,2.8253044799999998,484.439052,494.22619400000002
445,489.30000000000001,1.01,1,484.45544599999999,489.30000000000001,1,1,489.30000000000001,489.30000000000001,0.98999999999999999,1,494.24242400000003,489.33262300000001,4.8935709100000002,2.8253044799999998,484.439052,494.22619400000002
445.10000000000002,489.30000000000001,1.01,1,484.45544599999999,489.30000000000001,1,1,489.30000000000001,489.30000000000001,0.98999999999999999,1,494.24242400000003,489.33262300000001,4.8935709100000002,2.8253044799999998,484.439052,494.22619400000002
445.19999999999999,489.10000000000002,1.01,1,484.25742600000001,489.10000000000002,1,1,489.10000000000002,489.10000000000002,0.98999999999999999,1,494.04040400000002,489.13261,4.8915706700000001,2.8241496399999999,484.241039,494.024181
445.30000000000001,488.89999999999998,1.01,1,484.05940600000002,488.89999999999998,1,1,488.89999999999998,488.89999999999998,0.98999999999999999,1,493.83838400000002,488.93259699999999,4.88957044,2.82299481,484.043026,493.82216699999998
445.39999999999998,488.80000000000001,1.01,1,483.960396,488.80000000000001,1,1,488.80000000000001,488.80000000000001,0.98999999999999999,1,493.73737399999999,488.83258999999998,4.8885703200000004,2.82241739,483.94402000000002,493.72116
445.5,488.69999999999999,1.01,1,483.86138599999998,488.69999999999999,1,1,488.69999999999999,488.69999999999999,0.98999999999999999,1,493.63636400000001,488.73258299999998,4.8875702099999998,2.8218399700000001,483.84501299999999,493.62015300000002
445.60000000000002,488.60000000000002,1.01,1,483.76237600000002,488.60000000000002,1,1,488.60000000000002,488.60000000000002,0.98999999999999999,1,493.53535399999998,488.63257700000003,4.8865700900000002,2.8212625600000001,483.74600700000002,493.51914699999998
445.69999999999999,488.5,1.01,1,483.663366,488.5,1,1,488.5,488.5,0.98999999999999999,1,493.43434300000001,488.53257000000002,4.8855699699999997,2.8206851400000001,483.64699999999999,493.41813999999999
445.80000000000001,488.39999999999998,1.01,1,483.56435599999998,488.39999999999998,1,1,488.39999999999998,488.39999999999998,0.98999999999999999,1,493.33333299999998,488.43256300000002,4.88456986,2.8201077200000002,483.54799300000002,493.31713300000001
445.89999999999998,488.10000000000002,1.01,1,483.26732700000002,488.10000000000002,1,1,488.10000000000002,488.10000000000002,0.98999999999999999,1,493.030303,488.132543,4.8815695100000003,2.8183754699999999,483.25097399999999,493.01411300000001
446,488.10000000000002,1.01,1,483.26732700000002,488.10000000000002,1,1,488.10000000000002,488.10000000000002,0.98999999999999999,1,493.030303,488.132543,4.8815695100000003,2.8183754699999999,483.25097399999999,493.01411300000001
446.10000000000002,488.10000000000002,1.01,1,483.26732700000002,488.10000000000002,1,1,488.10000000000002,488.10000000000002,0.98999999999999999,1,493.030303,488.132543,4.8815695100000003,2.8183754699999999,483.25097399999999,493.01411300000001
446.19999999999999,487.89999999999998,1.01,1,483.06930699999998,487.89999999999998,1,1,487.89999999999998,487.89999999999998,0.98999999999999999,1,492.828283,487.93252999999999,4.8795692700000002,2.81722063,483.05296099999998,492.81209899999999
446.30000000000001,487.80000000000001,1.01,1,482.97029700000002,487.80000000000001,1,1,487.80000000000001,487.80000000000001,0.98999999999999999,1,492.72727300000003,487.83252299999998,4.8785691599999996,2.81664322,482.95395400000001,492.71109200000001
446.39999999999998,487.69999999999999,1.01,1,482.871287,487.69999999999999,1,1,487.69999999999999,487.69999999999999,0.98999999999999999,1,492.62626299999999,487.73251699999997,4.87756904,2.8160658000000001,482.85494799999998,492.61008600000002
446.5,487.5,1.01,1,482.67326700000001,487.5,1,1,487.5,487.5,0.98999999999999999,1,492.42424199999999,487.53250300000002,4.8755688099999999,2.8149109600000002,482.65693399999998,492.408072
446.60000000000002,487.30000000000001,1.01,1,482.47524800000002,487.30000000000001,1,1,487.30000000000001,487.30000000000001,0.98999999999999999,1,492.22222199999999,487.33249000000001,4.8735685699999998,2.8137561299999998,482.45892099999998,492.20605799999998
446.69999999999999,487.19999999999999,1.01,1,482.376238,487.19999999999999,1,1,487.19999999999999,487.19999999999999,0.98999999999999999,1,492.12121200000001,487.232483,4.8725684600000001,2.8131787099999999,482.359915,492.105052
446.80000000000001,487,1.01,1,482.17821800000002,487,1,1,487,487,0.98999999999999999,1,491.91919200000001,487.03246999999999,4.87056822,2.81202387,482.161902,491.90303799999998
446.89999999999998,486.80000000000001,1.01,1,481.98019799999997,486.80000000000001,1,1,486.80000000000001,486.80000000000001,0.98999999999999999,1,491.71717200000001,486.83245699999998,4.8685679899999998,2.81086904,481.96388899999999,491.70102500000002
447,486.60000000000002,1.01,1,481.78217799999999,486.60000000000002,1,1,486.60000000000002,486.60000000000002,0.98999999999999999,1,491.515152,486.63244300000002,4.8665677599999997,2.8097142000000002,481.76587499999999,491.499011
447.10000000000002,486.5,1.01,1,481.68316800000002,486.5,1,1,486.5,486.5,0.98999999999999999,1,491.41414099999997,486.53243700000002,4.8655676400000001,2.8091367900000002,481.66686900000002,491.39800400000001
447.19999999999999,486.19999999999999,1.01,1,481.38613900000001,486.19999999999999,1,1,486.19999999999999,486.19999999999999,0.98999999999999999,1,491.11111099999999,486.232417,4.8625672900000003,2.8074045299999999,481.36984899999999,491.09498400000001
447.30000000000001,486.5,1.01,1,481.68316800000002,486.5,1,1,486.5,486.5,0.98999999999999999,1,491.41414099999997,486.53243700000002,4.8655676400000001,2.8091367900000002,481.66686900000002,491.39800400000001
447.39999999999998,486.30000000000001,1.01,1,481.48514899999998,486.30000000000001,1,1,486.30000000000001,486.30000000000001,0.98999999999999999,1,491.21212100000002,486.33242300000001,4.8635674099999999,2.8079819499999998,481.46885600000002,491.19599099999999
447.5,485.69999999999999,1.01,1,480.89108900000002,485.69999999999999,1,1,485.69999999999999,485.69999999999999,0.98999999999999999,1,490.60606100000001,485.73238300000003,4.8575667100000004,2.8045174500000001,480.87481700000001,490.58994999999999
447.60000000000002,485.5,1.01,1,480.69306899999998,485.5,1,1,485.5,485.5,0.98999999999999999,1,490.40404000000001,485.53237000000001,4.8555664700000003,2.8033626100000002,480.67680300000001,490.38793600000002
447.69999999999999,485.30000000000001,1.01,1,480.49504999999999,485.30000000000001,1,1,485.30000000000001,485.30000000000001,0.98999999999999999,1,490.20202,485.332357,4.8535662400000001,2.8022077699999999,480.47879,490.185923
447.80000000000001,485.5,1.01,1,480.69306899999998,485.5,1,1,485.5,485.5,0.98999999999999999,1,490.40404000000001,485.53237000000001,4.8555664700000003,2.8033626100000002,480.67680300000001,490.38793600000002
447.89999999999998,485,1.01,1,480.19801999999999,485,1,1,485,485,0.98999999999999999,1,489.89899000000003,485.03233699999998,4.8505658900000004,2.80047552,480.18177100000003,489.882902
448,484.80000000000001,1.01,1,480,484.80000000000001,1,1,484.80000000000001,484.80000000000001,0.98999999999999999,1,489.69697000000002,484.83232299999997,4.8485656600000002,2.7993206900000001,479.98375800000002,489.68088899999998
448.10000000000002,484.5,1.01,1,479.70296999999999,484.5,1,1,484.5,484.5,0.98999999999999999,1,489.39393899999999,484.53230300000001,4.8455653099999996,2.7975884299999998,479.68673799999999,489.37786899999998
448.19999999999999,484.39999999999998,1.01,1,479.60395999999997,484.39999999999998,1,1,484.39999999999998,484.39999999999998,0.98999999999999999,1,489.29292900000002,484.43229700000001,4.84456519,2.7970110199999998,479.58773100000002,489.27686199999999
448.30000000000001,484,1.01,1,479.207921,484,1,1,484,484,0.98999999999999999,1,488.88888900000001,484.03226999999998,4.8405647199999997,2.79470135,479.19170500000001,488.87283500000001
448.39999999999998,483.80000000000001,1.01,1,479.00990100000001,483.80000000000001,1,1,483.80000000000001,483.80000000000001,0.98999999999999999,1,488.686869,483.83225700000003,4.8385644900000004,2.7935465100000001,478.99369200000001,488.67082099999999
448.5,483.5,1.01,1,478.71287100000001,483.5,1,1,483.5,483.5,0.98999999999999999,1,488.38383800000003,483.53223700000001,4.8355641399999998,2.7918142600000002,478.69667199999998,488.36780099999999
448.60000000000002,483.39999999999998,1.01,1,478.61386099999999,483.39999999999998,1,1,483.39999999999998,483.39999999999998,0.98999999999999999,1,488.28282799999999,483.43223,4.8345640200000002,2.7912368399999998,478.597666,488.266794
448.69999999999999,483.19999999999999,1.01,1,478.415842,483.19999999999999,1,1,483.19999999999999,483.19999999999999,0.98999999999999999,1,488.08080799999999,483.23221699999999,4.83256379,2.790082,478.399653,488.06477999999998
448.80000000000001,482.89999999999998,1.01,1,478.11881199999999,482.89999999999998,1,1,482.89999999999998,482.89999999999998,0.98999999999999999,1,487.77777800000001,482.93219699999997,4.8295634400000003,2.7883497500000001,478.10263300000003,487.76175999999998
448.89999999999998,482.69999999999999,1.01,1,477.92079200000001,482.69999999999999,1,1,482.69999999999999,482.69999999999999,0.98999999999999999,1,487.57575800000001,482.73218300000002,4.8275632100000001,2.7871949200000001,477.90462000000002,487.55974600000002
449,482.39999999999998,1.01,1,477.623762,482.39999999999998,1,1,482.39999999999998,482.39999999999998,0.98999999999999999,1,487.27272699999997,482.432163,4.8245628600000003,2.7854626599999999,477.60759999999999,487.25672600000001
449.10000000000002,482.30000000000001,1.01,1,477.52475199999998,482.30000000000001,1,1,482.30000000000001,482.30000000000001,0.98999999999999999,1,487.171717,482.332157,4.8235627399999998,2.7848852499999999,477.50859400000002,487.15571899999998
449.19999999999999,481.89999999999998,1.01,1,477.128713,481.89999999999998,1,1,481.89999999999998,481.89999999999998,0.98999999999999999,1,486.76767699999999,481.93212999999997,4.8195622699999996,2.78257558,477.11256800000001,486.75169199999999
449.30000000000001,481.69999999999999,1.01,1,476.93069300000002,481.69999999999999,1,1,481.69999999999999,481.69999999999999,0.98999999999999999,1,486.56565699999999,481.73211700000002,4.8175620400000003,2.7814207400000002,476.91455500000001,486.54967900000003
449.39999999999998,481.5,1.01,1,476.73267299999998,481.5,1,1,481.5,481.5,0.98999999999999999,1,486.36363599999999,481.53210300000001,4.8155618100000002,2.7802658999999998,476.71654100000001,486.34766500000001
449.5,481.30000000000001,1.01,1,476.53465299999999,481.30000000000001,1,1,481.30000000000001,481.30000000000001,0.98999999999999999,1,486.16161599999998,481.33208999999999,4.8135615700000001,2.7791110699999999,476.518528,486.14565099999999
449.60000000000002,480.89999999999998,1.01,1,476.13861400000002,480.89999999999998,1,1,480.89999999999998,480.89999999999998,0.98999999999999999,1,485.75757599999997,480.93206300000003,4.8095611099999998,2.7768014000000001,476.122502,485.741624
449.69999999999999,480.69999999999999,1.01,1,475.94059399999998,480.69999999999999,1,1,480.69999999999999,480.69999999999999,0.98999999999999999,1,485.55555600000002,480.73205000000002,4.8075608699999997,2.7756465600000002,475.92448899999999,485.53961099999998
449.80000000000001,480.5,1.01,1,475.74257399999999,480.5,1,1,480.5,480.5,0.98999999999999999,1,485.35353500000002,480.532037,4.8055606400000004,2.7744917299999998,475.72647599999999,485.33759700000002
449.89999999999998,480.39999999999998,1.01,1,475.64356400000003,480.39999999999998,1,1,480.39999999999998,480.39999999999998,0.98999999999999999,1,485.25252499999999,480.43203,4.8045605199999999,2.7739143099999999,475.62746900000002,485.23658999999998
450,480.10000000000002,1.01,1,475.34653500000002,480.10000000000002,1,1,480.10000000000002,480.10000000000002,0.98999999999999999,1,484.94949500000001,480.13200999999998,4.8015601700000001,2.77218206,475.33044999999998,484.93356999999997
450.10000000000002,479.69999999999999,1.01,1,474.95049499999999,479.69999999999999,1,1,479.69999999999999,479.69999999999999,0.98999999999999999,1,484.545455,479.73198300000001,4.7975597099999998,2.7698723900000002,474.93442299999998,484.52954299999999
450.19999999999999,479.60000000000002,1.01,1,474.85148500000003,479.60000000000002,1,1,479.60000000000002,479.60000000000002,0.98999999999999999,1,484.44444399999998,479.63197700000001,4.7965595900000002,2.7692949699999998,474.83541700000001,484.42853600000001
450.30000000000001,479.5,1.01,1,474.752475,479.5,1,1,479.5,479.5,0.98999999999999999,1,484.343434,479.53197,4.7955594699999997,2.7687175499999999,474.73640999999998,484.32752900000003
450.39999999999998,479,1.01,1,474.25742600000001,479,1,1,479,479,0.98999999999999999,1,483.83838400000002,479.03193700000003,4.7905588899999998,2.7658304600000001,474.241378,483.822495
450.5,478.5,1.01,1,473.76237600000002,478.5,1,1,478.5,478.5,0.98999999999999999,1,483.33333299999998,478.531903,4.7855583099999999,2.7629433799999998,473.74634500000002,483.31746099999998
450.60000000000002,478.39999999999998,1.01,1,473.663366,478.39999999999998,1,1,478.39999999999998,478.39999999999998,0.98999999999999999,1,483.23232300000001,478.43189699999999,4.7845581900000003,2.7623659599999999,473.64733799999999,483.216455
450.69999999999999,477.89999999999998,1.01,1,473.168317,477.89999999999998,1,1,477.89999999999998,477.89999999999998,0.98999999999999999,1,482.72727300000003,477.93186300000002,4.7795576100000003,2.7594788700000001,473.15230600000001,482.71142099999997
450.80000000000001,477.69999999999999,1.01,1,472.97029700000002,477.69999999999999,1,1,477.69999999999999,477.69999999999999,0.98999999999999999,1,482.52525300000002,477.73185000000001,4.7775573700000002,2.7583240299999998,472.95429200000001,482.50940700000001
450.89999999999998,477.30000000000001,1.01,1,472.57425699999999,477.30000000000001,1,1,477.30000000000001,477.30000000000001,0.98999999999999999,1,482.12121200000001,477.33182299999999,4.7735569099999999,2.75601436,472.558266,482.10538000000003
451,477.10000000000002,1.01,1,472.376238,477.10000000000002,1,1,477.10000000000002,477.10000000000002,0.98999999999999999,1,481.91919200000001,477.13180999999997,4.7715566699999998,2.7548595300000001,472.360253,481.903367
451.10000000000002,476.89999999999998,1.01,1,472.17821800000002,476.89999999999998,1,1,476.89999999999998,476.89999999999998,0.98999999999999999,1,481.71717200000001,476.93179700000002,4.7695564399999997,2.7537046900000002,472.16224,481.70135299999998
451.19999999999999,476.80000000000001,1.01,1,472.07920799999999,476.80000000000001,1,1,476.80000000000001,476.80000000000001,0.98999999999999999,1,481.61616199999997,476.83179000000001,4.7685563200000001,2.7531272800000002,472.06323400000002,481.600346
451.30000000000001,476.30000000000001,1.01,1,471.584158,476.30000000000001,1,1,476.30000000000001,476.30000000000001,0.98999999999999999,1,481.11111099999999,476.33175699999998,4.7635557400000001,2.75024019,471.56820099999999,481.09531199999998
451.39999999999998,476,1.01,1,471.28712899999999,476,1,1,476,476,0.98999999999999999,1,480.80808100000002,476.03173700000002,4.7605553900000004,2.7485079300000002,471.27118100000001,480.79229199999997
451.5,475.69999999999999,1.01,1,470.99009899999999,475.69999999999999,1,1,475.69999999999999,475.69999999999999,0.98999999999999999,1,480.50505099999998,475.731717,4.7575550399999997,2.7467756799999998,470.97416099999998,480.48927200000003
451.60000000000002,475.30000000000001,1.01,1,470.59405900000002,475.30000000000001,1,1,475.30000000000001,475.30000000000001,0.98999999999999999,1,480.10100999999997,475.33168999999998,4.7535545700000004,2.74446601,470.57813499999997,480.08524399999999
451.69999999999999,474.89999999999998,1.01,1,470.19801999999999,474.89999999999998,1,1,474.89999999999998,474.89999999999998,0.98999999999999999,1,479.69697000000002,474.93166300000001,4.7495541000000001,2.7421563400000002,470.18210900000003,479.681217
451.80000000000001,474.5,1.01,1,469.80198000000001,474.5,1,1,474.5,474.5,0.98999999999999999,1,479.29292900000002,474.53163599999999,4.7455536399999998,2.7398466699999999,469.78608300000002,479.27719000000002
451.89999999999998,474.19999999999999,1.01,1,469.50495000000001,474.19999999999999,1,1,474.19999999999999,474.19999999999999,0.98999999999999999,1,478.98989899999998,474.23161599999997,4.74255329,2.73811442,469.48906299999999,478.97417000000002
452,473.80000000000001,1.01,1,469.10891099999998,473.80000000000001,1,1,473.80000000000001,473.80000000000001,0.98999999999999999,1,478.58585900000003,473.83159000000001,4.7385528199999998,2.7358047499999998,469.09303699999998,478.57014299999997
452.10000000000002,473.5,1.01,1,468.81188100000003,473.5,1,1,473.5,473.5,0.98999999999999999,1,478.28282799999999,473.53156999999999,4.73555247,2.73407249,468.79601700000001,478.26712199999997
452.19999999999999,473.19999999999999,1.01,1,468.51485100000002,473.19999999999999,1,1,473.19999999999999,473.19999999999999,0.98999999999999999,1,477.97979800000002,473.23155000000003,4.7325521200000003,2.7323402400000001,468.49899799999997,477.96410200000003
452.30000000000001,472.89999999999998,1.01,1,468.21782200000001,472.89999999999998,1,1,472.89999999999998,472.89999999999998,0.98999999999999999,1,477.67676799999998,472.93153000000001,4.7295517699999996,2.7306079900000002,468.201978,477.66108200000002
452.39999999999998,472.69999999999999,1.01,1,468.01980200000003,472.69999999999999,1,1,472.69999999999999,472.69999999999999,0.98999999999999999,1,477.47474699999998,472.731516,4.7275515400000003,2.7294531499999999,468.00396499999999,477.459068
452.5,472.30000000000001,1.01,1,467.623762,472.30000000000001,1,1,472.30000000000001,472.30000000000001,0.98999999999999999,1,477.07070700000003,472.33148999999997,4.7235510700000001,2.7271434800000001,467.60793899999999,477.05504100000002
452.60000000000002,471.69999999999999,1.01,1,467.02970299999998,471.69999999999999,1,1,471.69999999999999,471.69999999999999,0.98999999999999999,1,476.46464600000002,471.73145,4.7175503699999997,2.7236789799999999,467.01389899999998,476.44900000000001
452.69999999999999,471.39999999999998,1.01,1,466.73267299999998,471.39999999999998,1,1,471.39999999999998,471.39999999999998,0.98999999999999999,1,476.16161599999998,471.43142999999998,4.7145500199999999,2.72194672,466.71688,476.14598000000001
452.80000000000001,471.10000000000002,1.01,1,466.43564400000002,471.10000000000002,1,1,471.10000000000002,471.10000000000002,0.98999999999999999,1,475.858586,471.13141000000002,4.7115496700000001,2.7202144700000002,466.41986000000003,475.84295900000001
452.89999999999998,470.60000000000002,1.01,1,465.94059399999998,470.60000000000002,1,1,470.60000000000002,470.60000000000002,0.98999999999999999,1,475.35353500000002,470.63137599999999,4.7065490900000002,2.71732738,465.92482699999999,475.33792599999998
453,470.19999999999999,1.01,1,465.54455400000001,470.19999999999999,1,1,470.19999999999999,470.19999999999999,0.98999999999999999,1,474.94949500000001,470.23135000000002,4.70254862,2.7150177100000001,465.52880099999999,474.933898
453.10000000000002,469.89999999999998,1.01,1,465.247525,469.89999999999998,1,1,469.89999999999998,469.89999999999998,0.98999999999999999,1,474.64646499999998,469.93133,4.6995482700000002,2.7132854599999998,465.23178200000001,474.630878
453.19999999999999,469.60000000000002,1.01,1,464.95049499999999,469.60000000000002,1,1,469.60000000000002,469.60000000000002,0.98999999999999999,1,474.343434,469.63130999999998,4.6965479200000004,2.7115532099999999,464.93476199999998,474.32785799999999
453.30000000000001,469.19999999999999,1.01,1,464.55445500000002,469.19999999999999,1,1,469.19999999999999,469.19999999999999,0.98999999999999999,1,473.93939399999999,469.23128300000002,4.6925474500000002,2.7092435400000001,464.53873599999997,473.92383100000001
453.39999999999998,469,1.01,1,464.35643599999997,469,1,1,469,469,0.98999999999999999,1,473.73737399999999,469.03127000000001,4.69054722,2.7080886999999998,464.34072300000003,473.72181699999999
453.5,468.5,1.01,1,463.86138599999998,468.5,1,1,468.5,468.5,0.98999999999999999,1,473.23232300000001,468.53123599999998,4.6855466400000001,2.70520161,463.84568999999999,473.21678300000002
453.60000000000002,468,1.01,1,463.36633699999999,468,1,1,468,468,0.98999999999999999,1,472.72727300000003,468.031203,4.6805460500000002,2.7023145199999998,463.35065700000001,472.711749
453.69999999999999,467.69999999999999,1.01,1,463.06930699999998,467.69999999999999,1,1,467.69999999999999,467.69999999999999,0.98999999999999999,1,472.42424199999999,467.73118299999999,4.6775456999999996,2.70058227,463.05363699999998,472.40872899999999
453.80000000000001,467.19999999999999,1.01,1,462.57425699999999,467.19999999999999,1,1,467.19999999999999,467.19999999999999,0.98999999999999999,1,471.91919200000001,467.23115000000001,4.6725451199999997,2.6976951800000002,462.558605,471.90369500000003
453.89999999999998,466.89999999999998,1.01,1,462.27722799999998,466.89999999999998,1,1,466.89999999999998,466.89999999999998,0.98999999999999999,1,471.61616199999997,466.93113,4.6695447699999999,2.6959629299999999,462.26158500000003,471.60067500000002
454,466.30000000000001,1.01,1,461.68316800000002,466.30000000000001,1,1,466.30000000000001,466.30000000000001,0.98999999999999999,1,471.01010100000002,466.33109000000002,4.6635440700000004,2.6924984200000002,461.66754600000002,470.99463400000002
454.10000000000002,466,1.01,1,461.38613900000001,466,1,1,466,466,0.98999999999999999,1,470.70707099999998,466.03107,4.6605437199999997,2.6907661699999998,461.37052599999998,470.69161300000002
454.19999999999999,465.69999999999999,1.01,1,461.08910900000001,465.69999999999999,1,1,465.69999999999999,465.69999999999999,0.98999999999999999,1,470.40404000000001,465.73104999999998,4.65754337,2.68903392,461.07350600000001,470.38859300000001
454.30000000000001,465.30000000000001,1.01,1,460.69306899999998,465.30000000000001,1,1,465.30000000000001,465.30000000000001,0.98999999999999999,1,470,465.33102300000002,4.6535428999999997,2.6867242500000001,460.67748,469.98456599999997
454.39999999999998,464.89999999999998,1.01,1,460.29703000000001,464.89999999999998,1,1,464.89999999999998,464.89999999999998,0.98999999999999999,1,469.59595999999999,464.93099599999999,4.6495424400000003,2.6844145799999999,460.281454,469.58053899999999
454.5,464.5,1.01,1,459.90098999999998,464.5,1,1,464.5,464.5,0.98999999999999999,1,469.19191899999998,464.53097000000002,4.64554197,2.6821049100000001,459.88542799999999,469.176512
454.60000000000002,464,1.01,1,459.40594099999998,464,1,1,464,464,0.98999999999999999,1,468.686869,464.030936,4.6405413900000001,2.6792178199999999,459.39039500000001,468.67147799999998
454.69999999999999,463.60000000000002,1.01,1,459.00990100000001,463.60000000000002,1,1,463.60000000000002,463.60000000000002,0.98999999999999999,1,468.28282799999999,463.63090999999997,4.6365409199999998,2.67690815,458.99436900000001,468.26745099999999
454.80000000000001,463.30000000000001,1.01,1,458.71287100000001,463.30000000000001,1,1,463.30000000000001,463.30000000000001,0.98999999999999999,1,467.97979800000002,463.33089000000001,4.6335405700000001,2.6751759000000002,458.69734899999997,467.96442999999999
454.89999999999998,462.89999999999998,1.01,1,458.31683199999998,462.89999999999998,1,1,462.89999999999998,462.89999999999998,0.98999999999999999,1,467.57575800000001,462.93086299999999,4.6295400999999998,2.67286622,458.30132300000002,467.56040300000001
455,462.30000000000001,1.01,1,457.72277200000002,462.30000000000001,1,1,462.30000000000001,462.30000000000001,0.98999999999999999,1,466.969697,462.33082300000001,4.6235394000000003,2.6694017200000002,457.70728400000002,466.954362
455.10000000000002,461.89999999999998,1.01,1,457.32673299999999,461.89999999999998,1,1,461.89999999999998,461.89999999999998,0.98999999999999999,1,466.56565699999999,461.93079599999999,4.61953894,2.6670920499999999,457.31125700000001,466.55033500000002
455.19999999999999,461.30000000000001,1.01,1,456.73267299999998,461.30000000000001,1,1,461.30000000000001,461.30000000000001,0.98999999999999999,1,465.95959599999998,461.33075600000001,4.6135382399999996,2.6636275399999998,456.717218,465.94429500000001
455.30000000000001,461.10000000000002,1.01,1,456.53465299999999,461.10000000000002,1,1,461.10000000000002,461.10000000000002,0.98999999999999999,1,465.75757599999997,461.130743,4.6115380000000004,2.6624727099999999,456.519205,465.74228099999999
455.39999999999998,460.60000000000002,1.01,1,456.039604,460.60000000000002,1,1,460.60000000000002,460.60000000000002,0.98999999999999999,1,465.25252499999999,460.63071000000002,4.6065374200000004,2.6595856200000001,456.02417200000002,465.23724700000002
455.5,460,1.01,1,455.44554499999998,460,1,1,460,460,0.98999999999999999,1,464.64646499999998,460.03066999999999,4.60053672,2.65612111,455.43013300000001,464.63120600000002
455.60000000000002,459.60000000000002,1.01,1,455.04950500000001,459.60000000000002,1,1,459.60000000000002,459.60000000000002,0.98999999999999999,1,464.24242400000003,459.63064300000002,4.5965362499999998,2.6538114400000001,455.03410700000001,464.22717899999998
455.69999999999999,459.10000000000002,1.01,1,454.55445500000002,459.10000000000002,1,1,459.10000000000002,459.10000000000002,0.98999999999999999,1,463.73737399999999,459.13060999999999,4.5915356699999998,2.6509243499999999,454.53907400000003,463.72214500000001
455.80000000000001,458.80000000000001,1.01,1,454.25742600000001,458.80000000000001,1,1,458.80000000000001,458.80000000000001,0.98999999999999999,1,463.43434300000001,458.83058999999997,4.5885353200000001,2.6491921,454.242054,463.41912500000001
455.89999999999998,458.19999999999999,1.01,1,453.663366,458.19999999999999,1,1,458.19999999999999,458.19999999999999,0.98999999999999999,1,462.828283,458.23054999999999,4.5825346199999997,2.6457275999999998,453.64801499999999,462.813084
456,457.80000000000001,1.01,1,453.26732700000002,457.80000000000001,1,1,457.80000000000001,457.80000000000001,0.98999999999999999,1,462.42424199999999,457.83052300000003,4.5785341500000003,2.64341793,453.25198899999998,462.40905700000002
456.10000000000002,457.39999999999998,1.01,1,452.871287,457.39999999999998,1,1,457.39999999999998,457.39999999999998,0.98999999999999999,1,462.02020199999998,457.43049600000001,4.57453369,2.6411082600000002,452.85596299999997,462.00502999999998
456.19999999999999,457.10000000000002,1.01,1,452.57425699999999,457.10000000000002,1,1,457.10000000000002,457.10000000000002,0.98999999999999999,1,461.71717200000001,457.13047599999999,4.5715333400000002,2.6393759999999999,452.558943,461.70200999999997
456.30000000000001,456.69999999999999,1.01,1,452.17821800000002,456.69999999999999,1,1,456.69999999999999,456.69999999999999,0.98999999999999999,1,461.313131,456.73045000000002,4.56753287,2.6370663300000001,452.16291699999999,461.29798299999999
456.39999999999998,456.10000000000002,1.01,1,451.584158,456.10000000000002,1,1,456.10000000000002,456.10000000000002,0.98999999999999999,1,460.70707099999998,456.13040999999998,4.5615321700000004,2.6336018299999999,451.56887799999998,460.69194199999998
456.5,455.69999999999999,1.01,1,451.18811899999997,455.69999999999999,1,1,455.69999999999999,455.69999999999999,0.98999999999999999,1,460.30302999999998,455.73038300000002,4.5575317000000002,2.6312921600000001,451.17285099999998,460.287915
456.60000000000002,455.19999999999999,1.01,1,450.69306899999998,455.19999999999999,1,1,455.19999999999999,455.19999999999999,0.98999999999999999,1,459.79798,455.23034999999999,4.5525311200000003,2.6284050699999999,450.677819,459.78288099999997
456.69999999999999,454.60000000000002,1.01,1,450.09901000000002,454.60000000000002,1,1,454.60000000000002,454.60000000000002,0.98999999999999999,1,459.19191899999998,454.63031000000001,4.5465304199999999,2.6249405600000002,450.08377899999999,459.17684000000003
456.80000000000001,454.10000000000002,1.01,1,449.60395999999997,454.10000000000002,1,1,454.10000000000002,454.10000000000002,0.98999999999999999,1,458.686869,454.13027599999998,4.5415298399999999,2.62205347,449.58874700000001,458.671806
456.89999999999998,453.5,1.01,1,449.00990100000001,453.5,1,1,453.5,453.5,0.98999999999999999,1,458.08080799999999,453.530236,4.5355291400000004,2.6185889699999998,448.99470700000001,458.065765
457,453.10000000000002,1.01,1,448.61386099999999,453.10000000000002,1,1,453.10000000000002,453.10000000000002,0.98999999999999999,1,457.67676799999998,453.13020999999998,4.5315286700000001,2.6162793,448.598681,457.66173800000001
457.10000000000002,452.80000000000001,1.01,1,448.31683199999998,452.80000000000001,1,1,452.80000000000001,452.80000000000001,0.98999999999999999,1,457.37373700000001,452.83019000000002,4.5285283200000004,2.6145470400000002,448.30166100000002,457.35871800000001
457.19999999999999,452.19999999999999,1.01,1,447.72277200000002,452.19999999999999,1,1,452.19999999999999,452.19999999999999,0.98999999999999999,1,456.76767699999999,452.23014999999998,4.52252762,2.61108254,447.70762200000001,456.75267700000001
457.30000000000001,451.89999999999998,1.01,1,447.42574300000001,451.89999999999998,1,1,451.89999999999998,451.89999999999998,0.98999999999999999,1,456.46464600000002,451.93013000000002,4.5195272700000002,2.6093502900000001,447.41060199999998,456.449657
457.39999999999998,451.30000000000001,1.01,1,446.831683,451.30000000000001,1,1,451.30000000000001,451.30000000000001,0.98999999999999999,1,455.858586,451.33008999999998,4.5135265699999998,2.6058857799999999,446.81656299999997,455.843616
457.5,450.80000000000001,1.01,1,446.336634,450.80000000000001,1,1,450.80000000000001,450.80000000000001,0.98999999999999999,1,455.35353500000002,450.83005600000001,4.5085259899999999,2.6029986900000002,446.32153,455.33858199999997
457.60000000000002,450.19999999999999,1.01,1,445.74257399999999,450.19999999999999,1,1,450.19999999999999,450.19999999999999,0.98999999999999999,1,454.74747500000001,450.23001599999998,4.5025252900000003,2.59953419,445.72749099999999,454.73254200000002
457.69999999999999,449.80000000000001,1.01,1,445.34653500000002,449.80000000000001,1,1,449.80000000000001,449.80000000000001,0.98999999999999999,1,454.343434,449.82999000000001,4.4985248200000001,2.5972245100000002,445.33146499999998,454.32851399999998
457.80000000000001,449.10000000000002,1.01,1,444.65346499999998,449.10000000000002,1,1,449.10000000000002,449.10000000000002,0.98999999999999999,1,453.63636400000001,449.12994300000003,4.4915240000000001,2.5931825900000001,444.638419,453.621467
457.89999999999998,448.69999999999999,1.01,1,444.25742600000001,448.69999999999999,1,1,448.69999999999999,448.69999999999999,0.98999999999999999,1,453.23232300000001,448.729916,4.4875235399999998,2.5908729199999998,444.24239299999999,453.21744000000001
458,448.30000000000001,1.01,1,443.86138599999998,448.30000000000001,1,1,448.30000000000001,448.30000000000001,0.98999999999999999,1,452.828283,448.32988999999998,4.4835230700000004,2.58856325,443.84636699999999,452.81341300000003
458.10000000000002,447.69999999999999,1.01,1,443.26732700000002,447.69999999999999,1,1,447.69999999999999,447.69999999999999,0.98999999999999999,1,452.22222199999999,447.72985,4.47752237,2.5850987399999998,443.25232699999998,452.20737200000002
458.19999999999999,447.10000000000002,1.01,1,442.67326700000001,447.10000000000002,1,1,447.10000000000002,447.10000000000002,0.98999999999999999,1,451.61616199999997,447.12981000000002,4.4715216699999996,2.5816342400000001,442.65828800000003,451.60133100000002
458.30000000000001,446.60000000000002,1.01,1,442.17821800000002,446.60000000000002,1,1,446.60000000000002,446.60000000000002,0.98999999999999999,1,451.11111099999999,446.62977599999999,4.4665210799999997,2.5787471499999999,442.16325499999999,451.09629699999999
458.39999999999998,446,1.01,1,441.584158,446,1,1,446,446,0.98999999999999999,1,450.50505099999998,446.02973600000001,4.4605203800000002,2.5752826400000002,441.56921599999998,450.49025699999999
458.5,445.60000000000002,1.01,1,441.18811899999997,445.60000000000002,1,1,445.60000000000002,445.60000000000002,0.98999999999999999,1,450.10100999999997,445.62970999999999,4.4565199199999999,2.5729729699999999,441.17318999999998,450.08623
458.60000000000002,445,1.01,1,440.59405900000002,445,1,1,445,445,0.98999999999999999,1,449.49494900000002,445.02967000000001,4.4505192200000003,2.5695084700000002,440.57915000000003,449.480189
458.69999999999999,444.60000000000002,1.01,1,440.19801999999999,444.60000000000002,1,1,444.60000000000002,444.60000000000002,0.98999999999999999,1,449.09090900000001,444.62964299999999,4.4465187500000001,2.5671987999999999,440.18312400000002,449.07616200000001
458.80000000000001,444.19999999999999,1.01,1,439.80198000000001,444.19999999999999,1,1,444.19999999999999,444.19999999999999,0.98999999999999999,1,448.686869,444.22961600000002,4.4425182799999998,2.5648891300000001,439.78709800000001,448.67213500000003
458.89999999999998,443.60000000000002,1.01,1,439.207921,443.60000000000002,1,1,443.60000000000002,443.60000000000002,0.98999999999999999,1,448.08080799999999,443.62957599999999,4.4365175800000003,2.5614246199999999,439.19305900000001,448.06609400000002
459,443.10000000000002,1.01,1,438.71287100000001,443.10000000000002,1,1,443.10000000000002,443.10000000000002,0.98999999999999999,1,447.57575800000001,443.12954300000001,4.4315170000000004,2.5585375300000002,438.69802600000003,447.56106
459.10000000000002,442.39999999999998,1.01,1,438.01980200000003,442.39999999999998,1,1,442.39999999999998,442.39999999999998,0.98999999999999999,1,446.86868700000002,442.42949599999997,4.4245161800000004,2.55449561,438.00497999999999,446.85401200000001
459.19999999999999,441.80000000000001,1.01,1,437.42574300000001,441.80000000000001,1,1,441.80000000000001,441.80000000000001,0.98999999999999999,1,446.26262600000001,441.82945599999999,4.4185154799999999,2.5510310999999999,437.41094099999998,446.247972
459.30000000000001,441.30000000000001,1.01,1,436.93069300000002,441.30000000000001,1,1,441.30000000000001,441.30000000000001,0.98999999999999999,1,445.75757599999997,441.32942300000002,4.4135149,2.5481440200000001,436.915908,445.74293799999998
459.39999999999998,440.69999999999999,1.01,1,436.336634,440.69999999999999,1,1,440.69999999999999,440.69999999999999,0.98999999999999999,1,445.15151500000002,440.72938299999998,4.4075141999999996,2.5446795099999999,436.32186899999999,445.13689699999998
459.5,440.39999999999998,1.01,1,436.039604,440.39999999999998,1,1,440.39999999999998,440.39999999999998,0.98999999999999999,1,444.84848499999998,440.42936300000002,4.4045138499999998,2.54294726,436.02484900000002,444.83387699999997
459.60000000000002,439.60000000000002,1.01,1,435.247525,439.60000000000002,1,1,439.60000000000002,439.60000000000002,0.98999999999999999,1,444.04040400000002,439.62930999999998,4.3965129200000002,2.53832792,435.23279700000001,444.025823
459.69999999999999,439.10000000000002,1.01,1,434.752475,439.10000000000002,1,1,439.10000000000002,439.10000000000002,0.98999999999999999,1,443.53535399999998,439.129276,4.3915123300000003,2.5354408300000002,434.73776400000003,443.52078899999998
459.80000000000001,438.69999999999999,1.01,1,434.35643599999997,438.69999999999999,1,1,438.69999999999999,438.69999999999999,0.98999999999999999,1,443.13131299999998,438.72924999999998,4.38751187,2.5331311599999999,434.34173800000002,443.116761
459.89999999999998,438.19999999999999,1.01,1,433.86138599999998,438.19999999999999,1,1,438.19999999999999,438.19999999999999,0.98999999999999999,1,442.62626299999999,438.22921600000001,4.3825112800000001,2.5302440700000002,433.84670499999999,442.61172800000003
460,437.5,1.01,1,433.168317,437.5,1,1,437.5,437.5,0.98999999999999999,1,441.91919200000001,437.52917000000002,4.37551047,2.52620215,433.153659,441.90467999999998
460.10000000000002,437.10000000000002,1.01,1,432.77227699999997,437.10000000000002,1,1,437.10000000000002,437.10000000000002,0.98999999999999999,1,441.515152,437.129143,4.3715099999999998,2.5238924800000002,432.757633,441.500653
460.19999999999999,436.30000000000001,1.01,1,431.98019799999997,436.30000000000001,1,1,436.30000000000001,436.30000000000001,0.98999999999999999,1,440.70707099999998,436.32909000000001,4.3635090700000001,2.5192731300000002,431.96558099999999,440.69259899999997
460.30000000000001,435.80000000000001,1.01,1,431.48514899999998,435.80000000000001,1,1,435.80000000000001,435.80000000000001,0.98999999999999999,1,440.20202,435.82905599999998,4.3585084800000002,2.5163860499999999,431.47054800000001,440.18756500000001
460.39999999999998,435.19999999999999,1.01,1,430.89108900000002,435.19999999999999,1,1,435.19999999999999,435.19999999999999,0.98999999999999999,1,439.59595999999999,435.229016,4.3525077799999998,2.5129215399999998,430.876508,439.581524
460.5,434.60000000000002,1.01,1,430.29703000000001,434.60000000000002,1,1,434.60000000000002,434.60000000000002,0.98999999999999999,1,438.98989899999998,434.62897600000002,4.3465070800000003,2.5094570300000001,430.28246899999999,438.975483
460.60000000000002,433.89999999999998,1.01,1,429.60395999999997,433.89999999999998,1,1,433.89999999999998,433.89999999999998,0.98999999999999999,1,438.28282799999999,433.92892999999998,4.3395062700000002,2.5054151099999999,429.58942300000001,438.26843600000001
460.69999999999999,433.39999999999998,1.01,1,429.10891099999998,433.39999999999998,1,1,433.39999999999998,433.39999999999998,0.98999999999999999,1,437.77777800000001,433.42889600000001,4.3345056800000004,2.5025280200000002,429.09439099999997,437.76340199999999
460.80000000000001,432.80000000000001,1.01,1,428.51485100000002,432.80000000000001,1,1,432.80000000000001,432.80000000000001,0.98999999999999999,1,437.171717,432.82885599999997,4.3285049799999999,2.49906352,428.50035100000002,437.15736099999998
460.89999999999998,432.10000000000002,1.01,1,427.82178199999998,432.10000000000002,1,1,432.10000000000002,432.10000000000002,0.98999999999999999,1,436.46464600000002,432.12880999999999,4.3215041699999999,2.4950215899999999,427.80730499999999,436.45031399999999
461,431.5,1.01,1,427.22772300000003,431.5,1,1,431.5,431.5,0.98999999999999999,1,435.858586,431.52877000000001,4.3155034700000003,2.4915570900000001,427.21326599999998,435.84427299999999
461.10000000000002,430.89999999999998,1.01,1,426.63366300000001,430.89999999999998,1,1,430.89999999999998,430.89999999999998,0.98999999999999999,1,435.25252499999999,430.92872999999997,4.3095027699999999,2.48809258,426.61922700000002,435.23823199999998
461.19999999999999,430.5,1.01,1,426.23762399999998,430.5,1,1,430.5,430.5,0.98999999999999999,1,434.84848499999998,430.52870300000001,4.3055022999999997,2.4857829100000002,426.22320100000002,434.834205
461.30000000000001,429.89999999999998,1.01,1,425.64356400000003,429.89999999999998,1,1,429.89999999999998,429.89999999999998,0.98999999999999999,1,434.24242400000003,429.92866299999997,4.2995016000000001,2.48231841,425.62916100000001,434.22816399999999
461.39999999999998,429.30000000000001,1.01,1,425.04950500000001,429.30000000000001,1,1,429.30000000000001,429.30000000000001,0.98999999999999999,1,433.63636400000001,429.32862299999999,4.2935008999999997,2.4788538999999998,425.035122,433.62212399999999
461.5,428.5,1.01,1,424.25742600000001,428.5,1,1,428.5,428.5,0.98999999999999999,1,432.828283,428.52857,4.28549997,2.4742345600000002,424.24306999999999,432.81406900000002
461.60000000000002,428,1.01,1,423.76237600000002,428,1,1,428,428,0.98999999999999999,1,432.32323200000002,428.02853599999997,4.2804993800000002,2.47134747,423.74803700000001,432.30903599999999
461.69999999999999,427.39999999999998,1.01,1,423.168317,427.39999999999998,1,1,427.39999999999998,427.39999999999998,0.98999999999999999,1,431.71717200000001,427.428496,4.2744986799999998,2.4678829699999998,423.153998,431.70299499999999
461.80000000000001,426.80000000000001,1.01,1,422.57425699999999,426.80000000000001,1,1,426.80000000000001,426.80000000000001,0.98999999999999999,1,431.11111099999999,426.82845600000002,4.2684979800000002,2.4644184600000001,422.55995799999999,431.09695399999998
461.89999999999998,426.19999999999999,1.01,1,421.98019799999997,426.19999999999999,1,1,426.19999999999999,426.19999999999999,0.98999999999999999,1,430.50505099999998,426.22841599999998,4.2624972799999998,2.4609539499999999,421.96591899999999,430.49091299999998
462,425.60000000000002,1.01,1,421.38613900000001,425.60000000000002,1,1,425.60000000000002,425.60000000000002,0.98999999999999999,1,429.89899000000003,425.628376,4.2564965800000003,2.4574894500000002,421.37187999999998,429.88487300000003
462.10000000000002,424.89999999999998,1.01,1,420.69306899999998,424.89999999999998,1,1,424.89999999999998,424.89999999999998,0.98999999999999999,1,429.19191899999998,424.92832900000002,4.2494957700000002,2.4534475200000001,420.67883399999999,429.17782499999998
462.19999999999999,424.30000000000001,1.01,1,420.09901000000002,424.30000000000001,1,1,424.30000000000001,424.30000000000001,0.98999999999999999,1,428.58585900000003,424.32828899999998,4.2434950699999998,2.4499830199999999,420.08479399999999,428.57178499999998
462.30000000000001,423.69999999999999,1.01,1,419.50495000000001,423.69999999999999,1,1,423.69999999999999,423.69999999999999,0.98999999999999999,1,427.97979800000002,423.72824900000001,4.2374943700000003,2.4465185100000002,419.49075499999998,427.96574399999997
462.39999999999998,423.10000000000002,1.01,1,418.91089099999999,423.10000000000002,1,1,423.10000000000002,423.10000000000002,0.98999999999999999,1,427.37373700000001,423.12820900000003,4.2314936699999999,2.44305401,418.89671600000003,427.35970300000002
462.5,422.69999999999999,1.01,1,418.51485100000002,422.69999999999999,1,1,422.69999999999999,422.69999999999999,0.98999999999999999,1,426.969697,422.728183,4.2274931999999996,2.4407443400000002,418.50069000000002,426.95567599999998
462.60000000000002,422,1.01,1,417.82178199999998,422,1,1,422,422,0.98999999999999999,1,426.26262600000001,422.02813600000002,4.2204923799999996,2.4367024100000001,417.80764399999998,426.24862899999999
462.69999999999999,421.30000000000001,1.01,1,417.128713,421.30000000000001,1,1,421.30000000000001,421.30000000000001,0.98999999999999999,1,425.55555600000002,421.32808899999998,4.2134915700000004,2.43266049,417.114598,425.54158100000001
462.80000000000001,420.69999999999999,1.01,1,416.53465299999999,420.69999999999999,1,1,420.69999999999999,420.69999999999999,0.98999999999999999,1,424.94949500000001,420.728049,4.20749087,2.4291959799999998,416.52055899999999,424.93554
462.89999999999998,420.10000000000002,1.01,1,415.94059399999998,420.10000000000002,1,1,420.10000000000002,420.10000000000002,0.98999999999999999,1,424.343434,420.12800900000002,4.2014901699999996,2.4257314800000001,415.92651899999998,424.3295
463,419.39999999999998,1.01,1,415.247525,419.39999999999998,1,1,419.39999999999998,419.39999999999998,0.98999999999999999,1,423.63636400000001,419.42796299999998,4.1944893499999996,2.42168955,415.233473,423.62245200000001
463.10000000000002,418.80000000000001,1.01,1,414.65346499999998,418.80000000000001,1,1,418.80000000000001,418.80000000000001,0.98999999999999999,1,423.030303,418.827923,4.18848865,2.4182250500000002,414.63943399999999,423.01641100000001
463.19999999999999,418.10000000000002,1.01,1,413.960396,418.10000000000002,1,1,418.10000000000002,418.10000000000002,0.98999999999999999,1,422.32323200000002,418.12787600000001,4.18148783,2.4141831300000001,413.94638800000001,422.30936400000002
463.30000000000001,417.5,1.01,1,413.36633699999999,417.5,1,1,417.5,417.5,0.98999999999999999,1,421.71717200000001,417.52783599999998,4.1754871299999996,2.4107186199999999,413.352349,421.70332300000001
463.39999999999998,416.89999999999998,1.01,1,412.77227699999997,416.89999999999998,1,1,416.89999999999998,416.89999999999998,0.98999999999999999,1,421.11111099999999,416.927796,4.1694864300000001,2.4072541099999998,412.75830999999999,421.097283
463.5,416.30000000000001,1.01,1,412.17821800000002,416.30000000000001,1,1,416.30000000000001,416.30000000000001,0.98999999999999999,1,420.50505099999998,416.32775600000002,4.1634857299999997,2.40378961,412.16426999999999,420.491242
463.60000000000002,415.69999999999999,1.01,1,411.584158,415.69999999999999,1,1,415.69999999999999,415.69999999999999,0.98999999999999999,1,419.89899000000003,415.72771599999999,4.1574850300000001,2.4003250999999999,411.57023099999998,419.885201
463.69999999999999,415,1.01,1,410.89108900000002,415,1,1,415,415,0.98999999999999999,1,419.19191899999998,415.027669,4.1504842100000001,2.3962831800000002,410.877185,419.17815400000001
463.80000000000001,414.5,1.01,1,410.39604000000003,414.5,1,1,414.5,414.5,0.98999999999999999,1,418.686869,414.52763599999997,4.1454836300000002,2.39339609,410.38215200000002,418.67311999999998
463.89999999999998,413.80000000000001,1.01,1,409.70296999999999,413.80000000000001,1,1,413.80000000000001,413.80000000000001,0.98999999999999999,1,417.97979800000002,413.82758899999999,4.1384828100000002,2.3893541699999998,409.68910699999998,417.966072
464,413.39999999999998,1.01,1,409.30693100000002,413.39999999999998,1,1,413.39999999999998,413.39999999999998,0.98999999999999999,1,417.57575800000001,413.42756300000002,4.1344823499999999,2.3870445,409.29307999999997,417.56204500000001
464.10000000000002,412.89999999999998,1.01,1,408.81188100000003,412.89999999999998,1,1,412.89999999999998,412.89999999999998,0.98999999999999999,1,417.07070700000003,412.92752899999999,4.12948176,2.3841574099999998,408.79804799999999,417.05701099999999
464.19999999999999,411.89999999999998,1.01,1,407.82178199999998,411.89999999999998,1,1,411.89999999999998,411.89999999999998,0.98999999999999999,1,416.06060600000001,411.92746299999999,4.1194806000000002,2.3783832299999998,407.80798199999998,416.046943
464.30000000000001,411.10000000000002,1.01,1,407.02970299999998,411.10000000000002,1,1,411.10000000000002,411.10000000000002,0.98999999999999999,1,415.25252499999999,411.127409,4.1114796599999996,2.3737638900000002,407.01593000000003,415.23888899999997
464.39999999999998,410.39999999999998,1.01,1,406.336634,410.39999999999998,1,1,410.39999999999998,410.39999999999998,0.98999999999999999,1,414.545455,410.42736300000001,4.1044788499999996,2.3697219700000001,406.32288399999999,414.53184199999998
464.5,410,1.01,1,405.94059399999998,410,1,1,410,410,0.98999999999999999,1,414.141414,410.02733599999999,4.1004783800000002,2.3674122999999998,405.92685799999998,414.127814
464.60000000000002,409,1.01,1,404.95049499999999,409,1,1,409,409,0.98999999999999999,1,413.13131299999998,409.02726899999999,4.0904772100000004,2.3616381199999998,404.93679200000003,413.11774700000001
464.69999999999999,408.5,1.01,1,404.45544599999999,408.5,1,1,408.5,408.5,0.98999999999999999,1,412.62626299999999,408.52723600000002,4.0854766299999996,2.3587510300000001,404.44175899999999,412.61271299999999
464.80000000000001,407.89999999999998,1.01,1,403.86138599999998,407.89999999999998,1,1,407.89999999999998,407.89999999999998,0.98999999999999999,1,412.02020199999998,407.92719599999998,4.0794759300000001,2.3552865299999999,403.84771999999998,412.00667199999998
464.89999999999998,407.19999999999999,1.01,1,403.168317,407.19999999999999,1,1,407.19999999999999,407.19999999999999,0.98999999999999999,1,411.313131,407.227149,4.0724751100000001,2.3512445999999998,403.154674,411.29962399999999
465,406.60000000000002,1.01,1,402.57425699999999,406.60000000000002,1,1,406.60000000000002,406.60000000000002,0.98999999999999999,1,410.70707099999998,406.62710900000002,4.0664744099999997,2.3477801,402.56063499999999,410.69358399999999
465.10000000000002,405.69999999999999,1.01,1,401.68316800000002,405.69999999999999,1,1,405.69999999999999,405.69999999999999,0.98999999999999999,1,409.79798,405.72704900000002,4.0574733600000004,2.34258334,401.66957600000001,409.78452299999998
465.19999999999999,405.10000000000002,1.01,1,401.08910900000001,405.10000000000002,1,1,405.10000000000002,405.10000000000002,0.98999999999999999,1,409.19191899999998,405.12700899999999,4.0514726599999999,2.3391188299999999,401.075537,409.17848199999997
465.30000000000001,404.5,1.01,1,400.49504999999999,404.5,1,1,404.5,404.5,0.98999999999999999,1,408.58585900000003,404.52696900000001,4.0454719600000004,2.3356543300000001,400.48149699999999,408.57244100000003
465.39999999999998,403.89999999999998,1.01,1,399.90098999999998,403.89999999999998,1,1,403.89999999999998,403.89999999999998,0.98999999999999999,1,407.97979800000002,403.92692899999997,4.03947126,2.33218982,399.88745799999998,407.96640100000002
465.5,403.30000000000001,1.01,1,399.30693100000002,403.30000000000001,1,1,403.30000000000001,403.30000000000001,0.98999999999999999,1,407.37373700000001,403.32688899999999,4.0334705599999996,2.3287253200000002,399.29341899999997,407.36036000000001
465.60000000000002,402.60000000000002,1.01,1,398.61386099999999,402.60000000000002,1,1,402.60000000000002,402.60000000000002,0.98999999999999999,1,406.66666700000002,402.62684300000001,4.0264697500000004,2.3246833900000001,398.60037299999999,406.65331200000003
465.69999999999999,401.89999999999998,1.01,1,397.92079200000001,401.89999999999998,1,1,401.89999999999998,401.89999999999998,0.98999999999999999,1,405.95959599999998,401.92679600000002,4.0194689300000004,2.32064147,397.90732700000001,405.94626499999998
465.80000000000001,401.19999999999999,1.01,1,397.22772300000003,401.19999999999999,1,1,401.19999999999999,401.19999999999999,0.98999999999999999,1,405.25252499999999,401.22674899999998,4.0124681100000004,2.3165995499999998,397.21428100000003,405.239217
465.89999999999998,400.80000000000001,1.01,1,396.831683,400.80000000000001,1,1,400.80000000000001,400.80000000000001,0.98999999999999999,1,404.84848499999998,400.82672300000002,4.00846765,2.3142898700000001,396.81825500000002,404.83519000000001
466,400,1.01,1,396.039604,400,1,1,400,400,0.98999999999999999,1,404.04040400000002,400.02666900000003,4.0004667100000004,2.30967053,396.02620300000001,404.02713599999998
466.10000000000002,399.10000000000002,1.01,1,395.14851499999997,399.10000000000002,1,1,399.10000000000002,399.10000000000002,0.98999999999999999,1,403.13131299999998,399.12660899999997,3.9914656599999998,2.30447377,395.13514400000003,403.11807499999998
466.19999999999999,398.5,1.01,1,394.55445500000002,398.5,1,1,398.5,398.5,0.98999999999999999,1,402.52525300000002,398.52656899999999,3.9854649599999998,2.3010092700000002,394.54110400000002,402.51203400000003
466.30000000000001,397.69999999999999,1.01,1,393.76237600000002,397.69999999999999,1,1,397.69999999999999,397.69999999999999,0.98999999999999999,1,401.71717200000001,397.726516,3.9774640300000002,2.2963899300000001,393.74905200000001,401.70398
466.39999999999998,397,1.01,1,393.06930699999998,397,1,1,397,397,0.98999999999999999,1,401.01010100000002,397.02646900000002,3.9704632100000001,2.2923480000000001,393.05600600000002,400.99693300000001
466.5,396.19999999999999,1.01,1,392.27722799999998,396.19999999999999,1,1,396.19999999999999,396.19999999999999,0.98999999999999999,1,400.20202,396.22641599999997,3.96246228,2.28772866,392.26395400000001,400.18887799999999
466.60000000000002,395.80000000000001,1.01,1,391.88118800000001,395.80000000000001,1,1,395.80000000000001,395.80000000000001,0.98999999999999999,1,399.79798,395.82638900000001,3.9584618100000002,2.2854189900000002,391.86792700000001,399.784851
466.69999999999999,394.89999999999998,1.01,1,390.99009899999999,394.89999999999998,1,1,394.89999999999998,394.89999999999998,0.98999999999999999,1,398.88888900000001,394.92632900000001,3.94946076,2.2802222300000001,390.97686900000002,398.87578999999999
466.80000000000001,394.10000000000002,1.01,1,390.19801999999999,394.10000000000002,1,1,394.10000000000002,394.10000000000002,0.98999999999999999,1,398.08080799999999,394.12627600000002,3.9414598299999999,2.27560289,390.18481600000001,398.06773600000002
466.89999999999998,393.39999999999998,1.01,1,389.50495000000001,393.39999999999998,1,1,393.39999999999998,393.39999999999998,0.98999999999999999,1,397.37373700000001,393.42622899999998,3.9344590099999999,2.2715609699999999,389.49176999999997,397.36068799999998
467,392.80000000000001,1.01,1,388.91089099999999,392.80000000000001,1,1,392.80000000000001,392.80000000000001,0.98999999999999999,1,396.76767699999999,392.826189,3.9284583099999999,2.2680964600000002,388.89773100000002,396.75464799999997
467.10000000000002,392.30000000000001,1.01,1,388.415842,392.30000000000001,1,1,392.30000000000001,392.30000000000001,0.98999999999999999,1,396.26262600000001,392.32615600000003,3.92345773,2.2652093799999999,388.40269799999999,396.24961400000001
467.19999999999999,391.60000000000002,1.01,1,387.72277200000002,391.60000000000002,1,1,391.60000000000002,391.60000000000002,0.98999999999999999,1,395.55555600000002,391.62610899999999,3.91645691,2.2611674499999999,387.70965200000001,395.54256600000002
467.30000000000001,390.69999999999999,1.01,1,386.831683,390.69999999999999,1,1,390.69999999999999,390.69999999999999,0.98999999999999999,1,394.64646499999998,390.72604899999999,3.9074558599999998,2.2559706899999998,386.81859300000002,394.63350500000001
467.39999999999998,389.89999999999998,1.01,1,386.039604,389.89999999999998,1,1,389.89999999999998,389.89999999999998,0.98999999999999999,1,393.83838400000002,389.925996,3.8994549300000001,2.2513513500000002,386.02654100000001,393.82545099999999
467.5,389.30000000000001,1.01,1,385.44554499999998,389.30000000000001,1,1,389.30000000000001,389.30000000000001,0.98999999999999999,1,393.23232300000001,389.32595600000002,3.8934542300000001,2.24788685,385.432502,393.21940999999998
467.60000000000002,388.60000000000002,1.01,1,384.752475,388.60000000000002,1,1,388.60000000000002,388.60000000000002,0.98999999999999999,1,392.52525300000002,388.62590899999998,3.8864534100000001,2.2438449199999999,384.73945600000002,392.51236299999999
467.69999999999999,387.89999999999998,1.01,1,384.05940600000002,387.89999999999998,1,1,387.89999999999998,387.89999999999998,0.98999999999999999,1,391.81818199999998,387.92586299999999,3.8794525900000001,2.2398030000000002,384.04640999999998,391.80531500000001
467.80000000000001,387.19999999999999,1.01,1,383.36633699999999,387.19999999999999,1,1,387.19999999999999,387.19999999999999,0.98999999999999999,1,391.11111099999999,387.22581600000001,3.87245178,2.2357610800000001,383.353364,391.09826800000002
467.89999999999998,386.39999999999998,1.01,1,382.57425699999999,386.39999999999998,1,1,386.39999999999998,386.39999999999998,0.98999999999999999,1,390.30302999999998,386.42576300000002,3.8644508399999999,2.23114174,382.56131199999999,390.29021299999999
468,385.69999999999999,1.01,1,381.88118800000001,385.69999999999999,1,1,385.69999999999999,385.69999999999999,0.98999999999999999,1,389.59595999999999,385.72571599999998,3.8574500299999999,2.2270998099999999,381.86826600000001,389.58316600000001
468.10000000000002,385.19999999999999,1.01,1,381.38613900000001,385.19999999999999,1,1,385.19999999999999,385.19999999999999,0.98999999999999999,1,389.09090900000001,385.225683,3.85244944,2.2242127200000001,381.37323300000003,389.07813199999998
468.19999999999999,384.30000000000001,1.01,1,380.49504999999999,384.30000000000001,1,1,384.30000000000001,384.30000000000001,0.98999999999999999,1,388.18181800000002,384.32562300000001,3.8434483899999998,2.2190159700000001,380.48217399999999,388.16907099999997
468.30000000000001,383.60000000000002,1.01,1,379.80198000000001,383.60000000000002,1,1,383.60000000000002,383.60000000000002,0.98999999999999999,1,387.47474699999998,383.62557600000002,3.8364475800000002,2.21497404,379.78912800000001,387.46202299999999
468.39999999999998,382.80000000000001,1.01,1,379.00990100000001,382.80000000000001,1,1,382.80000000000001,382.80000000000001,0.98999999999999999,1,386.66666700000002,382.82552299999998,3.8284466400000001,2.2103546999999999,378.99707599999999,386.65396900000002
468.5,382.39999999999998,1.01,1,378.61386099999999,382.39999999999998,1,1,382.39999999999998,382.39999999999998,0.98999999999999999,1,386.26262600000001,382.42549600000001,3.8244461799999998,2.2080450300000001,378.60104999999999,386.24994199999998
468.60000000000002,381.39999999999998,1.01,1,377.623762,381.39999999999998,1,1,381.39999999999998,381.39999999999998,0.98999999999999999,1,385.25252499999999,381.42542900000001,3.81444501,2.2022708500000001,377.61098399999997,385.23987399999999
468.69999999999999,380.80000000000001,1.01,1,377.02970299999998,380.80000000000001,1,1,380.80000000000001,380.80000000000001,0.98999999999999999,1,384.64646499999998,380.82538899999997,3.8084443100000001,2.1988063499999999,377.01694500000002,384.63383399999998
468.80000000000001,380.10000000000002,1.01,1,376.336634,380.10000000000002,1,1,380.10000000000002,380.10000000000002,0.98999999999999999,1,383.93939399999999,380.12534299999999,3.80144349,2.1947644199999998,376.32389899999998,383.92678599999999
468.89999999999998,379.19999999999999,1.01,1,375.44554499999998,379.19999999999999,1,1,379.19999999999999,379.19999999999999,0.98999999999999999,1,383.030303,379.22528299999999,3.7924424399999999,2.1895676700000002,375.43284,383.01772499999998
469,378.5,1.01,1,374.752475,378.5,1,1,378.5,378.5,0.98999999999999999,1,382.32323200000002,378.52523600000001,3.7854416299999998,2.1855257400000001,374.73979400000002,382.310677
469.10000000000002,377.80000000000001,1.01,1,374.05940600000002,377.80000000000001,1,1,377.80000000000001,377.80000000000001,0.98999999999999999,1,381.61616199999997,377.82518900000002,3.7784408100000002,2.18148382,374.04674799999998,381.60363000000001
469.19999999999999,377.19999999999999,1.01,1,373.46534700000001,377.19999999999999,1,1,377.19999999999999,377.19999999999999,0.98999999999999999,1,381.01010100000002,377.22514899999999,3.7724401099999998,2.1780193099999998,373.45270900000003,380.997589
469.30000000000001,376.39999999999998,1.01,1,372.67326700000001,376.39999999999998,1,1,376.39999999999998,376.39999999999998,0.98999999999999999,1,380.20202,376.425096,3.7644391800000001,2.1733999700000002,372.66065700000001,380.18953499999998
469.39999999999998,375.60000000000002,1.01,1,371.88118800000001,375.60000000000002,1,1,375.60000000000002,375.60000000000002,0.98999999999999999,1,379.39393899999999,375.62504300000001,3.75643824,2.1687806300000001,371.868604,379.38148100000001
469.5,375,1.01,1,371.28712899999999,375,1,1,375,375,0.98999999999999999,1,378.78787899999998,375.02500300000003,3.7504375400000001,2.1653161299999999,371.274565,378.77544
469.60000000000002,374.10000000000002,1.01,1,370.39604000000003,374.10000000000002,1,1,374.10000000000002,374.10000000000002,0.98999999999999999,1,377.87878799999999,374.12494199999998,3.7414364899999999,2.1601193699999999,370.38350600000001,377.86637899999999
469.69999999999999,373.39999999999998,1.01,1,369.70296999999999,373.39999999999998,1,1,373.39999999999998,373.39999999999998,0.98999999999999999,1,377.171717,373.42489599999999,3.7344356799999998,2.1560774399999998,369.69045999999997,377.15933100000001
469.80000000000001,372.80000000000001,1.01,1,369.10891099999998,372.80000000000001,1,1,372.80000000000001,372.80000000000001,0.98999999999999999,1,376.56565699999999,372.82485600000001,3.7284349799999998,2.15261294,369.09642100000002,376.553291
469.89999999999998,371.89999999999998,1.01,1,368.21782200000001,371.89999999999998,1,1,371.89999999999998,371.89999999999998,0.98999999999999999,1,375.656566,371.92479600000001,3.7194339300000001,2.14741618,368.20536199999998,375.64422999999999
470,371.19999999999999,1.01,1,367.52475199999998,371.19999999999999,1,1,371.19999999999999,371.19999999999999,0.98999999999999999,1,374.94949500000001,371.22474899999997,3.7124331100000001,2.1433742599999999,367.512316,374.93718200000001
470.10000000000002,370.60000000000002,1.01,1,366.93069300000002,370.60000000000002,1,1,370.60000000000002,370.60000000000002,0.98999999999999999,1,374.343434,370.624709,3.7064324100000001,2.1399097500000002,366.91827699999999,374.331142
470.19999999999999,369.80000000000001,1.01,1,366.13861400000002,369.80000000000001,1,1,369.80000000000001,369.80000000000001,0.98999999999999999,1,373.53535399999998,369.824656,3.69843148,2.1352904100000001,366.12622399999998,373.52308699999998
470.30000000000001,369,1.01,1,365.34653500000002,369,1,1,369,369,0.98999999999999999,1,372.72727300000003,369.02460200000002,3.6904305399999999,2.13067107,365.33417200000002,372.71503300000001
470.39999999999998,368.19999999999999,1.01,1,364.55445500000002,368.19999999999999,1,1,368.19999999999999,368.19999999999999,0.98999999999999999,1,371.91919200000001,368.22454900000002,3.6824296099999998,2.1260517299999999,364.54212000000001,371.90697899999998
470.5,367.5,1.01,1,363.86138599999998,367.5,1,1,367.5,367.5,0.98999999999999999,1,371.21212100000002,367.52450199999998,3.6754287899999998,2.1220097999999998,363.84907399999997,371.19993099999999
470.60000000000002,366.69999999999999,1.01,1,363.06930699999998,366.69999999999999,1,1,366.69999999999999,366.69999999999999,0.98999999999999999,1,370.40404000000001,366.72444899999999,3.6674278600000001,2.1173904600000002,363.05702100000002,370.39187700000002
470.69999999999999,366.10000000000002,1.01,1,362.47524800000002,366.10000000000002,1,1,366.10000000000002,366.10000000000002,0.98999999999999999,1,369.79798,366.12440900000001,3.6614271600000001,2.11392596,362.46298200000001,369.78583600000002
470.80000000000001,365.30000000000001,1.01,1,361.68316800000002,365.30000000000001,1,1,365.30000000000001,365.30000000000001,0.98999999999999999,1,368.98989899999998,365.32435600000002,3.65342623,2.10930661,361.67093,368.97778199999999
470.89999999999998,364.39999999999998,1.01,1,360.792079,364.39999999999998,1,1,364.39999999999998,364.39999999999998,0.98999999999999999,1,368.08080799999999,364.42429600000003,3.6444251799999998,2.1041098599999999,360.77987100000001,368.06872099999998
471,363.69999999999999,1.01,1,360.09901000000002,363.69999999999999,1,1,363.69999999999999,363.69999999999999,0.98999999999999999,1,367.37373700000001,363.72424899999999,3.6374243599999998,2.1000679299999998,360.08682499999998,367.361673
471.10000000000002,363.30000000000001,1.01,1,359.70296999999999,363.30000000000001,1,1,363.30000000000001,363.30000000000001,0.98999999999999999,1,366.969697,363.32422200000002,3.63342389,2.09775826,359.69079900000003,366.95764600000001
471.19999999999999,362.39999999999998,1.01,1,358.81188100000003,362.39999999999998,1,1,362.39999999999998,362.39999999999998,0.98999999999999999,1,366.06060600000001,362.42416200000002,3.6244228399999998,2.0925615,358.79973999999999,366.048585
471.30000000000001,361.5,1.01,1,357.92079200000001,361.5,1,1,361.5,361.5,0.98999999999999999,1,365.15151500000002,361.52410200000003,3.6154217900000001,2.0873647399999999,357.908681,365.13952399999999
471.39999999999998,360.80000000000001,1.01,1,357.22772300000003,360.80000000000001,1,1,360.80000000000001,360.80000000000001,0.98999999999999999,1,364.44444399999998,360.82405599999998,3.6084209700000001,2.0833228199999998,357.21563500000002,364.43247700000001
471.5,360,1.01,1,356.43564400000002,360,1,1,360,360,0.98999999999999999,1,363.63636400000001,360.024002,3.6004200399999999,2.0787034800000002,356.42358200000001,363.62442199999998
471.60000000000002,359.39999999999998,1.01,1,355.84158400000001,359.39999999999998,1,1,359.39999999999998,359.39999999999998,0.98999999999999999,1,363.030303,359.42396200000002,3.59441934,2.07523897,355.829543,363.01838199999997
471.69999999999999,358.60000000000002,1.01,1,355.04950500000001,358.60000000000002,1,1,358.60000000000002,358.60000000000002,0.98999999999999999,1,362.22222199999999,358.62390900000003,3.5864184099999998,2.0706196299999999,355.03749099999999,362.21032700000001
471.80000000000001,357.80000000000001,1.01,1,354.25742600000001,357.80000000000001,1,1,357.80000000000001,357.80000000000001,0.98999999999999999,1,361.41414099999997,357.82385599999998,3.5784174700000002,2.0660002899999999,354.24543799999998,361.40227299999998
471.89999999999998,357.10000000000002,1.01,1,353.56435599999998,357.10000000000002,1,1,357.10000000000002,357.10000000000002,0.98999999999999999,1,360.70707099999998,357.12380899999999,3.5714166600000001,2.0619583700000002,353.552392,360.69522599999999
472,356.30000000000001,1.01,1,352.77227699999997,356.30000000000001,1,1,356.30000000000001,356.30000000000001,0.98999999999999999,1,359.89899000000003,356.323756,3.5634157200000001,2.0573390300000001,352.76033999999999,359.88717100000002
472.10000000000002,355.60000000000002,1.01,1,352.07920799999999,355.60000000000002,1,1,355.60000000000002,355.60000000000002,0.98999999999999999,1,359.19191899999998,355.62370900000002,3.55641491,2.0532971,352.067294,359.18012399999998
472.19999999999999,354.60000000000002,1.01,1,351.08910900000001,354.60000000000002,1,1,354.60000000000002,354.60000000000002,0.98999999999999999,1,358.18181800000002,354.62364200000002,3.5464137400000002,2.04752293,351.07722899999999,358.17005599999999
472.30000000000001,353.89999999999998,1.01,1,350.39604000000003,353.89999999999998,1,1,353.89999999999998,353.89999999999998,0.98999999999999999,1,357.47474699999998,353.92359599999997,3.5394129200000002,2.0434809999999999,350.38418300000001,357.463009
472.39999999999998,353.10000000000002,1.01,1,349.60395999999997,353.10000000000002,1,1,353.10000000000002,353.10000000000002,0.98999999999999999,1,356.66666700000002,353.12354199999999,3.5314119900000001,2.0388616599999998,349.59213,356.65495399999998
472.5,352.39999999999998,1.01,1,348.91089099999999,352.39999999999998,1,1,352.39999999999998,352.39999999999998,0.98999999999999999,1,355.95959599999998,352.423496,3.52441117,2.0348197400000001,348.89908500000001,355.94790699999999
472.60000000000002,351.60000000000002,1.01,1,348.11881199999999,351.60000000000002,1,1,351.60000000000002,351.60000000000002,0.98999999999999999,1,355.15151500000002,351.62344200000001,3.5164102399999999,2.0302004,348.107032,355.13985300000002
472.69999999999999,350.89999999999998,1.01,1,347.42574300000001,350.89999999999998,1,1,350.89999999999998,350.89999999999998,0.98999999999999999,1,354.44444399999998,350.92339600000003,3.5094094199999999,2.0261584799999999,347.41398600000002,354.43280499999997
472.80000000000001,350.19999999999999,1.01,1,346.73267299999998,350.19999999999999,1,1,350.19999999999999,350.19999999999999,0.98999999999999999,1,353.73737399999999,350.22334899999998,3.5024086099999998,2.0221165499999998,346.72093999999998,353.72575799999998
472.89999999999998,349.39999999999998,1.01,1,345.94059399999998,349.39999999999998,1,1,349.39999999999998,349.39999999999998,0.98999999999999999,1,352.92929299999997,349.42329599999999,3.4944076700000002,2.0174972100000002,345.92888799999997,352.91770300000002
473,348.80000000000001,1.01,1,345.34653500000002,348.80000000000001,1,1,348.80000000000001,348.80000000000001,0.98999999999999999,1,352.32323200000002,348.82325600000001,3.4884069700000002,2.0140327099999999,345.33484900000002,352.31166300000001
473.10000000000002,347.89999999999998,1.01,1,344.45544599999999,347.89999999999998,1,1,347.89999999999998,347.89999999999998,0.98999999999999999,1,351.41414099999997,347.92319600000002,3.47940592,2.0088359499999999,344.44378999999998,351.402602
473.19999999999999,347,1.01,1,343.56435599999998,347,1,1,347,347,0.98999999999999999,1,350.50505099999998,347.02313600000002,3.4704048699999999,2.0036391899999999,343.55273099999999,350.49354099999999
473.30000000000001,346.30000000000001,1.01,1,342.871287,346.30000000000001,1,1,346.30000000000001,346.30000000000001,0.98999999999999999,1,349.79798,346.32308899999998,3.4634040599999998,1.99959726,342.85968500000001,349.78649300000001
473.39999999999998,345.60000000000002,1.01,1,342.17821800000002,345.60000000000002,1,1,345.60000000000002,345.60000000000002,0.98999999999999999,1,349.09090900000001,345.623042,3.4564032400000002,1.9955553399999999,342.16663899999998,349.07944600000002
473.5,344.80000000000001,1.01,1,341.38613900000001,344.80000000000001,1,1,344.80000000000001,344.80000000000001,0.98999999999999999,1,348.28282799999999,344.82298900000001,3.4484023100000001,1.990936,341.37458700000002,348.27139099999999
473.60000000000002,344,1.01,1,340.59405900000002,344,1,1,344,344,0.98999999999999999,1,347.47474699999998,344.02293600000002,3.44040137,1.98631666,340.58253400000001,347.46333700000002
473.69999999999999,343.19999999999999,1.01,1,339.80198000000001,343.19999999999999,1,1,343.19999999999999,343.19999999999999,0.98999999999999999,1,346.66666700000002,343.22288200000003,3.4324004399999999,1.9816973200000001,339.790482,346.655283
473.80000000000001,342.39999999999998,1.01,1,339.00990100000001,342.39999999999998,1,1,342.39999999999998,342.39999999999998,0.98999999999999999,1,345.858586,342.42282899999998,3.4243995100000002,1.97707798,338.99842899999999,345.84722799999997
473.89999999999998,341.80000000000001,1.01,1,338.415842,341.80000000000001,1,1,341.80000000000001,341.80000000000001,0.98999999999999999,1,345.25252499999999,341.822789,3.4183988099999998,1.9736134700000001,338.40438999999998,345.24118800000002
474,341,1.01,1,337.623762,341,1,1,341,341,0.98999999999999999,1,344.44444399999998,341.02273600000001,3.4103978700000002,1.96899413,337.61233800000002,344.433133
474.10000000000002,340.19999999999999,1.01,1,336.831683,340.19999999999999,1,1,340.19999999999999,340.19999999999999,0.98999999999999999,1,343.63636400000001,340.22268200000002,3.40239694,1.9643747899999999,336.82028500000001,343.62507900000003
474.19999999999999,339.39999999999998,1.01,1,336.039604,339.39999999999998,1,1,339.39999999999998,339.39999999999998,0.98999999999999999,1,342.828283,339.42262899999997,3.3943960099999999,1.9597554500000001,336.028233,342.817025
474.30000000000001,338.60000000000002,1.01,1,335.247525,338.60000000000002,1,1,338.60000000000002,338.60000000000002,0.98999999999999999,1,342.02020199999998,338.62257599999998,3.3863950699999998,1.95513611,335.23618099999999,342.00897099999997
474.39999999999998,337.80000000000001,1.01,1,334.45544599999999,337.80000000000001,1,1,337.80000000000001,337.80000000000001,0.98999999999999999,1,341.21212100000002,337.82252199999999,3.3783941400000002,1.9505167699999999,334.44412799999998,341.20091600000001
474.5,337,1.01,1,333.663366,337,1,1,337,337,0.98999999999999999,1,340.40404000000001,337.022469,3.37039321,1.9458974200000001,333.65207600000002,340.39286199999998
474.60000000000002,336.30000000000001,1.01,1,332.97029700000002,336.30000000000001,1,1,336.30000000000001,336.30000000000001,0.98999999999999999,1,339.69697000000002,336.32242200000002,3.36339239,1.9418555,332.95902999999998,339.68581499999999
474.69999999999999,335.5,1.01,1,332.17821800000002,335.5,1,1,335.5,335.5,0.98999999999999999,1,338.88888900000001,335.52236900000003,3.3553914599999999,1.9372361600000001,332.16697699999997,338.87776000000002
474.80000000000001,334.80000000000001,1.01,1,331.48514899999998,334.80000000000001,1,1,334.80000000000001,334.80000000000001,0.98999999999999999,1,338.18181800000002,334.82232199999999,3.3483906399999999,1.93319424,331.47393199999999,338.17071299999998
474.89999999999998,334,1.01,1,330.69306899999998,334,1,1,334,334,0.98999999999999999,1,337.37373700000001,334.02226899999999,3.3403897100000002,1.9285749000000001,330.68187899999998,337.36265900000001
475,333.30000000000001,1.01,1,330,333.30000000000001,1,1,333.30000000000001,333.30000000000001,0.98999999999999999,1,336.66666700000002,333.32222200000001,3.3333888900000002,1.92453297,329.988833,336.65561100000002
475.10000000000002,332.39999999999998,1.01,1,329.10891099999998,332.39999999999998,1,1,332.39999999999998,332.39999999999998,0.98999999999999999,1,335.75757599999997,332.42216200000001,3.32438784,1.91933621,329.09777400000002,335.74655000000001
475.19999999999999,331.80000000000001,1.01,1,328.51485100000002,331.80000000000001,1,1,331.80000000000001,331.80000000000001,0.98999999999999999,1,335.15151500000002,331.82212199999998,3.31838714,1.91587171,328.50373500000001,335.14050900000001
475.30000000000001,330.89999999999998,1.01,1,327.623762,330.89999999999998,1,1,330.89999999999998,330.89999999999998,0.98999999999999999,1,334.24242400000003,330.92206199999998,3.3093860899999998,1.91067495,327.61267600000002,334.231448
475.39999999999998,330.10000000000002,1.01,1,326.831683,330.10000000000002,1,1,330.10000000000002,330.10000000000002,0.98999999999999999,1,333.43434300000001,330.12200899999999,3.3013851500000002,1.9060556099999999,326.82062400000001,333.42339399999997
475.5,329.19999999999999,1.01,1,325.94059399999998,329.19999999999999,1,1,329.19999999999999,329.19999999999999,0.98999999999999999,1,332.52525300000002,329.221949,3.2923841,1.9008588500000001,325.92956500000003,332.51433300000002
475.60000000000002,328.39999999999998,1.01,1,325.14851499999997,328.39999999999998,1,1,328.39999999999998,328.39999999999998,0.98999999999999999,1,331.71717200000001,328.421896,3.2843831699999999,1.89623951,325.13751200000002,331.70627899999999
475.69999999999999,327.60000000000002,1.01,1,324.35643599999997,327.60000000000002,1,1,327.60000000000002,327.60000000000002,0.98999999999999999,1,330.90909099999999,327.62184200000002,3.2763822399999998,1.8916201699999999,324.34546,330.89822400000003
475.80000000000001,326.89999999999998,1.01,1,323.663366,326.89999999999998,1,1,326.89999999999998,326.89999999999998,0.98999999999999999,1,330.20202,326.92179599999997,3.2693814200000002,1.8875782400000001,323.65241400000002,330.19117699999998
475.89999999999998,326,1.01,1,322.77227699999997,326,1,1,326,326,0.98999999999999999,1,329.29292900000002,326.02173599999998,3.26038037,1.8823814800000001,322.76135499999998,329.28211599999997
476,325.19999999999999,1.01,1,321.98019799999997,325.19999999999999,1,1,325.19999999999999,325.19999999999999,0.98999999999999999,1,328.484848,325.22168199999999,3.2523794399999999,1.87776214,321.96930300000002,328.474062
476.10000000000002,324.5,1.01,1,321.28712899999999,324.5,1,1,324.5,324.5,0.98999999999999999,1,327.77777800000001,324.521635,3.2453786199999999,1.87372022,321.27625699999999,327.76701400000002
476.19999999999999,323.69999999999999,1.01,1,320.49504999999999,323.69999999999999,1,1,323.69999999999999,323.69999999999999,0.98999999999999999,1,326.969697,323.72158200000001,3.2373776900000002,1.86910088,320.48420399999998,326.95895999999999
476.30000000000001,322.89999999999998,1.01,1,319.70296999999999,322.89999999999998,1,1,322.89999999999998,322.89999999999998,0.98999999999999999,1,326.16161599999998,322.92152900000002,3.2293767500000001,1.8644815400000001,319.69215200000002,326.15090600000002
476.39999999999998,322.10000000000002,1.01,1,318.91089099999999,322.10000000000002,1,1,322.10000000000002,322.10000000000002,0.98999999999999999,1,325.35353500000002,322.12147499999998,3.22137582,1.8598622,318.90010000000001,325.342851
476.5,321.39999999999998,1.01,1,318.21782200000001,321.39999999999998,1,1,321.39999999999998,321.39999999999998,0.98999999999999999,1,324.64646499999998,321.42142899999999,3.214375,1.8558202699999999,318.20705400000003,324.63580400000001
476.60000000000002,320.60000000000002,1.01,1,317.42574300000001,320.60000000000002,1,1,320.60000000000002,320.60000000000002,0.98999999999999999,1,323.83838400000002,320.621375,3.2063740699999999,1.8512009300000001,317.41500100000002,323.82774999999998
476.69999999999999,319.89999999999998,1.01,1,316.73267299999998,319.89999999999998,1,1,319.89999999999998,319.89999999999998,0.98999999999999999,1,323.13131299999998,319.92132900000001,3.1993732499999998,1.8471590099999999,316.72195599999998,323.12070199999999
476.80000000000001,319.10000000000002,1.01,1,315.94059399999998,319.10000000000002,1,1,319.10000000000002,319.10000000000002,0.98999999999999999,1,322.32323200000002,319.12127500000003,3.1913723200000002,1.8425396700000001,315.92990300000002,322.31264800000002
476.89999999999998,318.10000000000002,1.01,1,314.95049499999999,318.10000000000002,1,1,318.10000000000002,318.10000000000002,0.98999999999999999,1,321.313131,318.12120900000002,3.1813711499999999,1.8367654899999999,314.93983800000001,321.30257999999998
477,317.5,1.01,1,314.35643599999997,317.5,1,1,317.5,317.5,0.98999999999999999,1,320.70707099999998,317.52116899999999,3.17537045,1.8333009899999999,314.345798,320.69653899999997
477.10000000000002,316.69999999999999,1.01,1,313.56435599999998,316.69999999999999,1,1,316.69999999999999,316.69999999999999,0.98999999999999999,1,319.89899000000003,316.721115,3.1673695199999998,1.8286816400000001,313.55374599999999,319.888485
477.19999999999999,315.80000000000001,1.01,1,312.67326700000001,315.80000000000001,1,1,315.80000000000001,315.80000000000001,0.98999999999999999,1,318.98989899999998,315.821055,3.1583684700000001,1.82348489,312.66268700000001,318.97942399999999
477.30000000000001,315,1.01,1,311.88118800000001,315,1,1,315,315,0.98999999999999999,1,318.18181800000002,315.02100200000001,3.15036754,1.8188655499999999,311.87063499999999,318.17137000000002
477.39999999999998,314.30000000000001,1.01,1,311.18811899999997,314.30000000000001,1,1,314.30000000000001,314.30000000000001,0.98999999999999999,1,317.47474699999998,314.32095500000003,3.1433667199999999,1.8148236200000001,311.17758900000001,317.46432199999998
477.5,313.5,1.01,1,310.39604000000003,313.5,1,1,313.5,313.5,0.98999999999999999,1,316.66666700000002,313.52090199999998,3.1353657899999998,1.81020428,310.385536,316.65626800000001
477.60000000000002,312.69999999999999,1.01,1,309.60395999999997,312.69999999999999,1,1,312.69999999999999,312.69999999999999,0.98999999999999999,1,315.858586,312.72084899999999,3.1273648500000002,1.8055849399999999,309.59348399999999,315.84821399999998
477.69999999999999,311.89999999999998,1.01,1,308.81188100000003,311.89999999999998,1,1,311.89999999999998,311.89999999999998,0.98999999999999999,1,315.05050499999999,311.920795,3.1193639200000001,1.8009656000000001,308.80143099999998,315.04015900000002
477.80000000000001,311.10000000000002,1.01,1,308.01980200000003,311.10000000000002,1,1,311.10000000000002,311.10000000000002,0.98999999999999999,1,314.24242400000003,311.12074200000001,3.1113629899999999,1.79634626,308.00937900000002,314.23210499999999
477.89999999999998,310.30000000000001,1.01,1,307.22772300000003,310.30000000000001,1,1,310.30000000000001,310.30000000000001,0.98999999999999999,1,313.43434300000001,310.32068900000002,3.1033620499999999,1.7917269199999999,307.21732700000001,313.42405100000002
478,309.60000000000002,1.01,1,306.53465299999999,309.60000000000002,1,1,309.60000000000002,309.60000000000002,0.98999999999999999,1,312.72727300000003,309.62064199999998,3.0963612399999998,1.78768499,306.52428099999997,312.71700299999998
478.10000000000002,308.89999999999998,1.01,1,305.84158400000001,308.89999999999998,1,1,308.89999999999998,308.89999999999998,0.98999999999999999,1,312.02020199999998,308.92059499999999,3.0893604200000002,1.7836430700000001,305.83123499999999,312.00995599999999
478.19999999999999,308,1.01,1,304.95049499999999,308,1,1,308,308,0.98999999999999999,1,311.11111099999999,308.020535,3.08035937,1.7784463100000001,304.94017600000001,311.10089499999998
478.30000000000001,307.30000000000001,1.01,1,304.25742600000001,307.30000000000001,1,1,307.30000000000001,307.30000000000001,0.98999999999999999,1,310.40404000000001,307.32048900000001,3.07335855,1.7744043899999999,304.24713000000003,310.39384699999999
478.39999999999998,306.69999999999999,1.01,1,303.663366,306.69999999999999,1,1,306.69999999999999,306.69999999999999,0.98999999999999999,1,309.79798,306.72044899999997,3.0673578500000001,1.77093988,303.65309100000002,309.78780699999999
478.5,305.69999999999999,1.01,1,302.67326700000001,305.69999999999999,1,1,305.69999999999999,305.69999999999999,0.98999999999999999,1,308.78787899999998,305.72038199999997,3.0573566900000002,1.76516571,302.663025,308.777739
478.60000000000002,304.69999999999999,1.01,1,301.68316800000002,304.69999999999999,1,1,304.69999999999999,304.69999999999999,0.98999999999999999,1,307.77777800000001,304.72031500000003,3.04735552,1.75939153,301.67295999999999,307.76767100000001
478.69999999999999,304,1.01,1,300.99009899999999,304,1,1,304,304,0.98999999999999999,1,307.07070700000003,304.02026899999998,3.0403547,1.7553496099999999,300.97991400000001,307.06062300000002
478.80000000000001,303.30000000000001,1.01,1,300.29703000000001,303.30000000000001,1,1,303.30000000000001,303.30000000000001,0.98999999999999999,1,306.36363599999999,303.320222,3.0333538799999999,1.75130768,300.28686800000003,306.35357599999998
478.89999999999998,302.39999999999998,1.01,1,299.40594099999998,302.39999999999998,1,1,302.39999999999998,302.39999999999998,0.98999999999999999,1,305.454545,302.420162,3.0243528300000002,1.74611092,299.39580899999999,305.44451500000002
479,301.5,1.01,1,298.51485100000002,301.5,1,1,301.5,301.5,0.98999999999999999,1,304.545455,301.52010200000001,3.01535178,1.74091416,298.50475,304.53545400000002
479.10000000000002,300.80000000000001,1.01,1,297.82178199999998,300.80000000000001,1,1,300.80000000000001,300.80000000000001,0.98999999999999999,1,303.83838400000002,300.82005500000002,3.00835097,1.7368722400000001,297.81170400000002,303.82840599999997
479.19999999999999,300.10000000000002,1.01,1,297.128713,300.10000000000002,1,1,300.10000000000002,300.10000000000002,0.98999999999999999,1,303.13131299999998,300.12000899999998,3.0013501499999999,1.7328303199999999,297.11865899999998,303.12135899999998
479.30000000000001,299.30000000000001,1.01,1,296.336634,299.30000000000001,1,1,299.30000000000001,299.30000000000001,0.98999999999999999,1,302.32323200000002,299.31995499999999,2.9933492199999998,1.7282109800000001,296.32660600000003,302.31330500000001
479.39999999999998,298.5,1.01,1,295.54455400000001,298.5,1,1,298.5,298.5,0.98999999999999999,1,301.515152,298.519902,2.9853482800000002,1.72359164,295.53455400000001,301.50524999999999
479.5,297.60000000000002,1.01,1,294.65346499999998,297.60000000000002,1,1,297.60000000000002,297.60000000000002,0.98999999999999999,1,300.60606100000001,297.61984200000001,2.97634723,1.71839488,294.64349499999997,300.59618899999998
479.60000000000002,296.89999999999998,1.01,1,293.960396,296.89999999999998,1,1,296.89999999999998,296.89999999999998,0.98999999999999999,1,299.89899000000003,296.91979500000002,2.9693464199999999,1.7143529500000001,293.95044899999999,299.88914199999999
479.69999999999999,296.19999999999999,1.01,1,293.26732700000002,296.19999999999999,1,1,296.19999999999999,296.19999999999999,0.98999999999999999,1,299.19191899999998,296.21974899999998,2.9623455999999999,1.71031103,293.25740300000001,299.18209400000001
479.80000000000001,295.69999999999999,1.01,1,292.77227699999997,295.69999999999999,1,1,295.69999999999999,295.69999999999999,0.98999999999999999,1,298.686869,295.71971500000001,2.95734502,1.70742394,292.76236999999998,298.67705999999998
479.89999999999998,294.5,1.01,1,291.584158,294.5,1,1,294.5,294.5,0.98999999999999999,1,297.47474699999998,294.51963499999999,2.9453436200000001,1.7004949300000001,291.57429200000001,297.46497900000003
480,293.69999999999999,1.01,1,290.792079,293.69999999999999,1,1,293.69999999999999,293.69999999999999,0.98999999999999999,1,296.66666700000002,293.719582,2.93734268,1.69587559,290.782239,296.656925
480.10000000000002,293.19999999999999,1.01,1,290.29703000000001,293.19999999999999,1,1,293.19999999999999,293.19999999999999,0.98999999999999999,1,296.16161599999998,293.21954899999997,2.9323421000000001,1.6929885,290.28720700000002,296.15189099999998
480.19999999999999,292.5,1.01,1,289.60395999999997,292.5,1,1,292.5,292.5,0.98999999999999999,1,295.454545,292.51950199999999,2.92534128,1.6889465800000001,289.59416099999999,295.44484299999999
480.30000000000001,291.39999999999998,1.01,1,288.51485100000002,291.39999999999998,1,1,291.39999999999998,291.39999999999998,0.98999999999999999,1,294.343434,291.41942899999998,2.9143400000000002,1.68259498,288.505089,294.33376900000002
480.39999999999998,290.5,1.01,1,287.623762,290.5,1,1,290.5,290.5,0.98999999999999999,1,293.43434300000001,290.51936899999998,2.90533895,1.6773982199999999,287.61403000000001,293.42470800000001
480.5,289.60000000000002,1.01,1,286.73267299999998,289.60000000000002,1,1,289.60000000000002,289.60000000000002,0.98999999999999999,1,292.52525300000002,289.61930899999999,2.8963378999999998,1.6722014700000001,286.72297099999997,292.515646
480.60000000000002,288.80000000000001,1.01,1,285.94059399999998,288.80000000000001,1,1,288.80000000000001,288.80000000000001,0.98999999999999999,1,291.71717200000001,288.819255,2.8883369700000001,1.66758213,285.93091800000002,291.70759199999998
480.69999999999999,288.30000000000001,1.01,1,285.44554499999998,288.30000000000001,1,1,288.30000000000001,288.30000000000001,0.98999999999999999,1,291.21212100000002,288.31922200000002,2.8833363799999998,1.66469504,285.43588599999998,291.20255800000001
480.80000000000001,287.30000000000001,1.01,1,284.45544599999999,287.30000000000001,1,1,287.30000000000001,287.30000000000001,0.98999999999999999,1,290.20202,287.31915500000002,2.87333522,1.6589208600000001,284.44582000000003,290.19249000000002
480.89999999999998,286.5,1.01,1,283.663366,286.5,1,1,286.5,286.5,0.98999999999999999,1,289.39393899999999,286.51910199999998,2.8653342799999999,1.65430152,283.65376800000001,289.38443599999999
481,285.80000000000001,1.01,1,282.97029700000002,285.80000000000001,1,1,285.80000000000001,285.80000000000001,0.98999999999999999,1,288.686869,285.81905499999999,2.8583334699999998,1.6502596,282.96072199999998,288.67738900000001
481.10000000000002,284.89999999999998,1.01,1,282.07920799999999,284.89999999999998,1,1,284.89999999999998,284.89999999999998,0.98999999999999999,1,287.77777800000001,284.918995,2.8493324200000001,1.64506284,282.06966299999999,287.768328
481.19999999999999,284.19999999999999,1.01,1,281.38613900000001,284.19999999999999,1,1,284.19999999999999,284.19999999999999,0.98999999999999999,1,287.07070700000003,284.21894900000001,2.8423316000000001,1.6410209099999999,281.37661700000001,287.06128000000001
481.30000000000001,283.30000000000001,1.01,1,280.49504999999999,283.30000000000001,1,1,283.30000000000001,283.30000000000001,0.98999999999999999,1,286.16161599999998,283.31888900000001,2.8333305499999999,1.6358241600000001,280.48555800000003,286.152219
481.39999999999998,282.39999999999998,1.01,1,279.60395999999997,282.39999999999998,1,1,282.39999999999998,282.39999999999998,0.98999999999999999,1,285.25252499999999,282.41882900000002,2.8243295000000002,1.6306274000000001,279.59449899999998,285.24315799999999
481.5,281.80000000000001,1.01,1,279.00990100000001,281.80000000000001,1,1,281.80000000000001,281.80000000000001,0.98999999999999999,1,284.64646499999998,281.81878899999998,2.8183288000000002,1.6271628899999999,279.00045999999998,284.63711699999999
481.60000000000002,281,1.01,1,278.21782200000001,281,1,1,281,281,0.98999999999999999,1,283.83838400000002,281.01873499999999,2.8103278700000001,1.6225435500000001,278.20840700000002,283.82906300000002
481.69999999999999,280.30000000000001,1.01,1,277.52475199999998,280.30000000000001,1,1,280.30000000000001,280.30000000000001,0.98999999999999999,1,283.13131299999998,280.31868900000001,2.80332705,1.6185016299999999,277.51536099999998,283.12201599999997
481.80000000000001,279.5,1.01,1,276.73267299999998,279.5,1,1,279.5,279.5,0.98999999999999999,1,282.32323200000002,279.51863500000002,2.7953261199999999,1.6138822900000001,276.72330899999997,282.31396100000001
481.89999999999998,278.60000000000002,1.01,1,275.84158400000001,278.60000000000002,1,1,278.60000000000002,278.60000000000002,0.98999999999999999,1,281.41414099999997,278.61857500000002,2.7863250700000002,1.60868553,275.83224999999999,281.4049
482,278,1.01,1,275.247525,278,1,1,278,278,0.98999999999999999,1,280.80808100000002,278.01853499999999,2.7803243700000002,1.6052210200000001,275.23821099999998,280.79885999999999
482.10000000000002,277.69999999999999,1.01,1,274.95049499999999,277.69999999999999,1,1,277.69999999999999,277.69999999999999,0.98999999999999999,1,280.50505099999998,277.71851500000002,2.77732402,1.60348877,274.941191,280.49583899999999
482.19999999999999,276.60000000000002,1.01,1,273.86138599999998,276.60000000000002,1,1,276.60000000000002,276.60000000000002,0.98999999999999999,1,279.39393899999999,276.61844200000002,2.7663227300000002,1.5971371700000001,273.85211900000002,279.38476500000002
482.30000000000001,275.60000000000002,1.01,1,272.871287,275.60000000000002,1,1,275.60000000000002,275.60000000000002,0.98999999999999999,1,278.38383800000003,275.61837500000001,2.7563215699999999,1.5913630000000001,272.862054,278.37469700000003
482.39999999999998,274.69999999999999,1.01,1,271.98019799999997,274.69999999999999,1,1,274.69999999999999,274.69999999999999,0.98999999999999999,1,277.47474699999998,274.71831500000002,2.7473205200000002,1.5861662400000001,271.97099500000002,277.46563600000002
482.5,274.10000000000002,1.01,1,271.38613900000001,274.10000000000002,1,1,274.10000000000002,274.10000000000002,0.98999999999999999,1,276.86868700000002,274.11827499999998,2.7413198099999998,1.5827017299999999,271.37695500000001,276.85959500000001
482.60000000000002,273.19999999999999,1.01,1,270.49504999999999,273.19999999999999,1,1,273.19999999999999,273.19999999999999,0.98999999999999999,1,275.95959599999998,273.21821499999999,2.7323187600000001,1.5775049699999999,270.48589600000003,275.950534
482.69999999999999,272.39999999999998,1.01,1,269.70296999999999,272.39999999999998,1,1,272.39999999999998,272.39999999999998,0.98999999999999999,1,275.15151500000002,272.418162,2.7243178299999999,1.57288563,269.69384400000001,275.14247999999998
482.80000000000001,271.60000000000002,1.01,1,268.91089099999999,271.60000000000002,1,1,271.60000000000002,271.60000000000002,0.98999999999999999,1,274.343434,271.61810800000001,2.7163168999999998,1.56826629,268.901792,274.33442500000001
482.89999999999998,270.69999999999999,1.01,1,268.01980200000003,270.69999999999999,1,1,270.69999999999999,270.69999999999999,0.98999999999999999,1,273.43434300000001,270.71804800000001,2.7073158500000001,1.5630695299999999,268.01073300000002,273.425364
483,269.89999999999998,1.01,1,267.22772300000003,269.89999999999998,1,1,269.89999999999998,269.89999999999998,0.98999999999999999,1,272.62626299999999,269.91799500000002,2.69931491,1.5584501900000001,267.21868000000001,272.61730999999997
483.10000000000002,269.19999999999999,1.01,1,266.53465299999999,269.19999999999999,1,1,269.19999999999999,269.19999999999999,0.98999999999999999,1,271.91919200000001,269.21794799999998,2.6923140999999999,1.5544082699999999,266.52563400000003,271.91026299999999
483.19999999999999,268.39999999999998,1.01,1,265.74257399999999,268.39999999999998,1,1,268.39999999999998,268.39999999999998,0.98999999999999999,1,271.11111099999999,268.41789499999999,2.6843131599999999,1.5497889300000001,265.73358200000001,271.10220800000002
483.30000000000001,267.80000000000001,1.01,1,265.14851499999997,267.80000000000001,1,1,267.80000000000001,267.80000000000001,0.98999999999999999,1,270.50505099999998,267.81785500000001,2.6783124599999999,1.5463244199999999,265.139543,270.49616800000001
483.39999999999998,267.10000000000002,1.01,1,264.45544599999999,267.10000000000002,1,1,267.10000000000002,267.10000000000002,0.98999999999999999,1,269.79798,267.11780800000003,2.6713116499999998,1.5422825,264.44649700000002,269.78912000000003
483.5,266.19999999999999,1.01,1,263.56435599999998,266.19999999999999,1,1,266.19999999999999,266.19999999999999,0.98999999999999999,1,268.88888900000001,266.21774799999997,2.6623106000000001,1.53708574,263.55543799999998,268.88005900000002
483.60000000000002,265.30000000000001,1.01,1,262.67326700000001,265.30000000000001,1,1,265.30000000000001,265.30000000000001,0.98999999999999999,1,267.97979800000002,265.31768799999998,2.6533095499999999,1.53188898,262.664379,267.97099800000001
483.69999999999999,264.60000000000002,1.01,1,261.98019799999997,264.60000000000002,1,1,264.60000000000002,264.60000000000002,0.98999999999999999,1,267.27272699999997,264.61764199999999,2.6463087299999999,1.52784706,261.97133300000002,267.26395000000002
483.80000000000001,263.69999999999999,1.01,1,261.08910900000001,263.69999999999999,1,1,263.69999999999999,263.69999999999999,0.98999999999999999,1,266.36363599999999,263.71758199999999,2.6373076800000002,1.5226503,261.08027399999997,266.35488900000001
483.89999999999998,263.19999999999999,1.01,1,260.59405900000002,263.19999999999999,1,1,263.19999999999999,263.19999999999999,0.98999999999999999,1,265.858586,263.21754800000002,2.6323070999999998,1.51976321,260.585241,265.84985599999999
484,262.19999999999999,1.01,1,259.60395999999997,262.19999999999999,1,1,262.19999999999999,262.19999999999999,0.98999999999999999,1,264.84848499999998,262.21748200000002,2.62230593,1.5139890300000001,259.59517599999998,264.839788
484.10000000000002,261.30000000000001,1.01,1,258.71287100000001,261.30000000000001,1,1,261.30000000000001,261.30000000000001,0.98999999999999999,1,263.93939399999999,261.31742200000002,2.6133048799999998,1.50879228,258.704117,263.93072699999999
484.19999999999999,260.60000000000002,1.01,1,258.01980200000003,260.60000000000002,1,1,260.60000000000002,260.60000000000002,0.98999999999999999,1,263.23232300000001,260.61737499999998,2.6063040599999998,1.5047503499999999,258.01107100000002,263.223679
484.30000000000001,259.89999999999998,1.01,1,257.32673299999999,259.89999999999998,1,1,259.89999999999998,259.89999999999998,0.98999999999999999,1,262.52525300000002,259.917328,2.5993032500000002,1.50070843,257.31802499999998,262.51663200000002
484.39999999999998,259.10000000000002,1.01,1,256.53465299999999,259.10000000000002,1,1,259.10000000000002,259.10000000000002,0.98999999999999999,1,261.71717200000001,259.11727500000001,2.5913023100000001,1.4960890899999999,256.52597300000002,261.70857699999999
484.5,258.19999999999999,1.01,1,255.643564,258.19999999999999,1,1,258.19999999999999,258.19999999999999,0.98999999999999999,1,260.80808100000002,258.21721500000001,2.5823012599999999,1.4908923300000001,255.63491400000001,260.79951599999998
484.60000000000002,257.69999999999999,1.01,1,255.148515,257.69999999999999,1,1,257.69999999999999,257.69999999999999,0.98999999999999999,1,260.30302999999998,257.71718199999998,2.57730068,1.4880052399999999,255.139881,260.29448200000002
484.69999999999999,256.69999999999999,1.01,1,254.15841599999999,256.69999999999999,1,1,256.69999999999999,256.69999999999999,0.98999999999999999,1,259.29292900000002,256.71711499999998,2.5672995099999998,1.4822310599999999,254.14981599999999,259.28441500000002
484.80000000000001,255.90000000000001,1.01,1,253.36633699999999,255.90000000000001,1,1,255.90000000000001,255.90000000000001,0.98999999999999999,1,258.484848,255.91706199999999,2.5592985800000001,1.4776117200000001,253.35776300000001,258.47636
484.89999999999998,255.09999999999999,1.01,1,252.57425699999999,255.09999999999999,1,1,255.09999999999999,255.09999999999999,0.98999999999999999,1,257.67676799999998,255.117008,2.55129765,1.47299238,252.56571099999999,257.66830599999997
485,254.5,1.01,1,251.980198,254.5,1,1,254.5,254.5,0.98999999999999999,1,257.07070700000003,254.51696799999999,2.54529695,1.46952788,251.97167099999999,257.06226500000002
485.10000000000002,253.69999999999999,1.01,1,251.188119,253.69999999999999,1,1,253.69999999999999,253.69999999999999,0.98999999999999999,1,256.26262600000001,253.716915,2.5372960099999999,1.4649085399999999,251.179619,256.254211
485.19999999999999,252.80000000000001,1.01,1,250.29703000000001,252.80000000000001,1,1,252.80000000000001,252.80000000000001,0.98999999999999999,1,255.35353499999999,252.816855,2.5282949600000002,1.4597117799999999,250.28855999999999,255.34514999999999
485.30000000000001,252.09999999999999,1.01,1,249.60396,252.09999999999999,1,1,252.09999999999999,252.09999999999999,0.98999999999999999,1,254.64646500000001,252.11680799999999,2.5212941500000001,1.45566985,249.59551400000001,254.638102
485.39999999999998,251.30000000000001,1.01,1,248.811881,251.30000000000001,1,1,251.30000000000001,251.30000000000001,0.98999999999999999,1,253.83838399999999,251.316755,2.5132932100000001,1.45105051,248.803462,253.83004800000001
485.5,250.40000000000001,1.01,1,247.92079200000001,250.40000000000001,1,1,250.40000000000001,250.40000000000001,0.98999999999999999,1,252.929293,250.416695,2.5042921599999999,1.4458537499999999,247.91240300000001,252.920987
485.60000000000002,249.59999999999999,1.01,1,247.128713,249.59999999999999,1,1,249.59999999999999,249.59999999999999,0.98999999999999999,1,252.12121200000001,249.61664200000001,2.4962912300000002,1.4412344100000001,247.12035,252.112933
485.69999999999999,249,1.01,1,246.53465299999999,249,1,1,249,249,0.98999999999999999,1,251.515152,249.01660200000001,2.4902905299999998,1.4377699100000001,246.52631099999999,251.50689199999999
485.80000000000001,248.19999999999999,1.01,1,245.74257399999999,248.19999999999999,1,1,248.19999999999999,248.19999999999999,0.98999999999999999,1,250.70707100000001,248.21654799999999,2.4822896000000001,1.43315057,245.73425900000001,250.69883799999999
485.89999999999998,247.5,1.01,1,245.04950500000001,247.5,1,1,247.5,247.5,0.98999999999999999,1,250,247.516502,2.4752887800000001,1.4291086399999999,245.041213,249.99179000000001
486,246.69999999999999,1.01,1,244.25742600000001,246.69999999999999,1,1,246.69999999999999,246.69999999999999,0.98999999999999999,1,249.19191900000001,246.71644800000001,2.4672878499999999,1.4244893000000001,244.24915999999999,249.18373600000001
486.10000000000002,245.90000000000001,1.01,1,243.46534700000001,245.90000000000001,1,1,245.90000000000001,245.90000000000001,0.98999999999999999,1,248.383838,245.91639499999999,2.4592869099999999,1.41986996,243.45710800000001,248.37568200000001
486.19999999999999,245.09999999999999,1.01,1,242.67326700000001,245.09999999999999,1,1,245.09999999999999,245.09999999999999,0.98999999999999999,1,247.57575800000001,245.116342,2.4512859800000002,1.4152506199999999,242.66505599999999,247.56762800000001
486.30000000000001,244.40000000000001,1.01,1,241.980198,244.40000000000001,1,1,244.40000000000001,244.40000000000001,0.98999999999999999,1,246.86868699999999,244.41629499999999,2.4442851600000002,1.4112087,241.97201000000001,246.86058
486.39999999999998,243.80000000000001,1.01,1,241.38613899999999,243.80000000000001,1,1,243.80000000000001,243.80000000000001,0.98999999999999999,1,246.26262600000001,243.81625500000001,2.4382844600000002,1.4077441900000001,241.37797,246.25453899999999
486.5,242.90000000000001,1.01,1,240.49504999999999,242.90000000000001,1,1,242.90000000000001,242.90000000000001,0.98999999999999999,1,245.35353499999999,242.91619499999999,2.42928341,1.40254743,240.48691199999999,245.34547800000001
486.60000000000002,242,1.01,1,239.60396,242,1,1,242,242,0.98999999999999999,1,244.444444,242.01613499999999,2.4202823599999999,1.39735067,239.59585300000001,244.43641700000001
486.69999999999999,241.19999999999999,1.01,1,238.811881,241.19999999999999,1,1,241.19999999999999,241.19999999999999,0.98999999999999999,1,243.63636399999999,241.216082,2.4122814300000002,1.3927313299999999,238.8038,243.62836300000001
486.80000000000001,240.40000000000001,1.01,1,238.019802,240.40000000000001,1,1,240.40000000000001,240.40000000000001,0.98999999999999999,1,242.828283,240.41602800000001,2.4042804900000001,1.3881119900000001,238.01174800000001,242.82030900000001
486.89999999999998,239.69999999999999,1.01,1,237.32673299999999,239.69999999999999,1,1,239.69999999999999,239.69999999999999,0.98999999999999999,1,242.12121200000001,239.715982,2.39727968,1.3840700699999999,237.318702,242.11326099999999
487,239.30000000000001,1.01,1,236.93069299999999,239.30000000000001,1,1,239.30000000000001,239.30000000000001,0.98999999999999999,1,241.71717200000001,239.315955,2.3932792100000002,1.3817604000000001,236.922676,241.70923400000001
487.10000000000002,238.69999999999999,1.01,1,236.336634,238.69999999999999,1,1,238.69999999999999,238.69999999999999,0.98999999999999999,1,241.11111099999999,238.715915,2.3872785099999998,1.37829589,236.32863599999999,241.103193
487.19999999999999,237.59999999999999,1.01,1,235.247525,237.59999999999999,1,1,237.59999999999999,237.59999999999999,0.98999999999999999,1,240,237.61584199999999,2.3762772299999999,1.3719443,235.239564,239.992119
487.30000000000001,236.80000000000001,1.01,1,234.45544599999999,236.80000000000001,1,1,236.80000000000001,236.80000000000001,0.98999999999999999,1,239.19191900000001,236.815788,2.3682762899999998,1.3673249599999999,234.44751199999999,239.184065
487.39999999999998,236.19999999999999,1.01,1,233.86138600000001,236.19999999999999,1,1,236.19999999999999,236.19999999999999,0.98999999999999999,1,238.585859,236.21574799999999,2.3622755899999999,1.36386045,233.85347300000001,238.578024
487.5,235.30000000000001,1.01,1,232.97029699999999,235.30000000000001,1,1,235.30000000000001,235.30000000000001,0.98999999999999999,1,237.67676800000001,235.31568799999999,2.3532745400000001,1.35866369,232.962414,237.66896299999999
487.60000000000002,234.69999999999999,1.01,1,232.376238,234.69999999999999,1,1,234.69999999999999,234.69999999999999,0.98999999999999999,1,237.070707,234.71564799999999,2.3472738400000002,1.35519919,232.36837399999999,237.06292199999999
487.69999999999999,233.80000000000001,1.01,1,231.48514900000001,233.80000000000001,1,1,233.80000000000001,233.80000000000001,0.98999999999999999,1,236.16161600000001,233.81558799999999,2.33827279,1.35000243,231.477315,236.15386100000001
487.80000000000001,232.90000000000001,1.01,1,230.59405899999999,232.90000000000001,1,1,232.90000000000001,232.90000000000001,0.98999999999999999,1,235.25252499999999,232.91552799999999,2.3292717399999998,1.34480567,230.58625599999999,235.2448
487.89999999999998,232.19999999999999,1.01,1,229.90099000000001,232.19999999999999,1,1,232.19999999999999,232.19999999999999,0.98999999999999999,1,234.545455,232.21548200000001,2.3222709300000002,1.3407637400000001,229.89321100000001,234.53775200000001
488,231.69999999999999,1.01,1,229.40594100000001,231.69999999999999,1,1,231.69999999999999,231.69999999999999,0.98999999999999999,1,234.040404,231.71544800000001,2.3172703399999999,1.3378766600000001,229.398178,234.03271899999999
488.10000000000002,230.80000000000001,1.01,1,228.51485099999999,230.80000000000001,1,1,230.80000000000001,230.80000000000001,0.98999999999999999,1,233.13131300000001,230.81538800000001,2.3082692900000001,1.3326799,228.50711899999999,233.12365700000001
488.19999999999999,229.80000000000001,1.01,1,227.52475200000001,229.80000000000001,1,1,229.80000000000001,229.80000000000001,0.98999999999999999,1,232.12121200000001,229.81532200000001,2.2982681299999999,1.3269057200000001,227.517053,232.11358999999999
488.30000000000001,229.30000000000001,1.01,1,227.02970300000001,229.30000000000001,1,1,229.30000000000001,229.30000000000001,0.98999999999999999,1,231.616162,229.31528800000001,2.29326754,1.3240186300000001,227.022021,231.60855599999999
488.39999999999998,228.30000000000001,1.01,1,226.039604,228.30000000000001,1,1,228.30000000000001,228.30000000000001,0.98999999999999999,1,230.60606100000001,228.31522200000001,2.2832663800000002,1.3182444600000001,226.03195500000001,230.598488
488.5,227.59999999999999,1.01,1,225.34653499999999,227.59999999999999,1,1,227.59999999999999,227.59999999999999,0.98999999999999999,1,229.89899,227.61517499999999,2.2762655600000001,1.31420253,225.338909,229.89143999999999
488.60000000000002,226.80000000000001,1.01,1,224.55445499999999,226.80000000000001,1,1,226.80000000000001,226.80000000000001,0.98999999999999999,1,229.09090900000001,226.815122,2.26826463,1.3095831899999999,224.54685699999999,229.08338599999999
488.69999999999999,226.09999999999999,1.01,1,223.86138600000001,226.09999999999999,1,1,226.09999999999999,226.09999999999999,0.98999999999999999,1,228.383838,226.11507499999999,2.26126381,1.30554127,223.85381100000001,228.376339
488.80000000000001,225.40000000000001,1.01,1,223.168317,225.40000000000001,1,1,225.40000000000001,225.40000000000001,0.98999999999999999,1,227.67676800000001,225.41502800000001,2.25426299,1.3014993500000001,223.160765,227.66929099999999
488.89999999999998,224.59999999999999,1.01,1,222.376238,224.59999999999999,1,1,224.59999999999999,224.59999999999999,0.98999999999999999,1,226.86868699999999,224.61497499999999,2.2462620599999998,1.29688,222.36871300000001,226.86123699999999
489,223.80000000000001,1.01,1,221.584158,223.80000000000001,1,1,223.80000000000001,223.80000000000001,0.98999999999999999,1,226.06060600000001,223.814921,2.2382611300000002,1.2922606599999999,221.57666,226.05318299999999
489.10000000000002,223.09999999999999,1.01,1,220.89108899999999,223.09999999999999,1,1,223.09999999999999,223.09999999999999,0.98999999999999999,1,225.35353499999999,223.11487500000001,2.2312603100000001,1.28821874,220.88361499999999,225.346135
489.19999999999999,222.30000000000001,1.01,1,220.09900999999999,222.30000000000001,1,1,222.30000000000001,222.30000000000001,0.98999999999999999,1,224.545455,222.31482099999999,2.22325938,1.2835993999999999,220.09156200000001,224.53808100000001
489.30000000000001,221.59999999999999,1.01,1,219.40594100000001,221.59999999999999,1,1,221.59999999999999,221.59999999999999,0.98999999999999999,1,223.83838399999999,221.61477500000001,2.21625856,1.27955748,219.398516,223.83103299999999
489.39999999999998,221,1.01,1,218.811881,221,1,1,221,221,0.98999999999999999,1,223.23232300000001,221.014735,2.21025786,1.2760929700000001,218.80447699999999,223.22499300000001
489.5,220.09999999999999,1.01,1,217.92079200000001,220.09999999999999,1,1,220.09999999999999,220.09999999999999,0.98999999999999999,1,222.32323199999999,220.11467500000001,2.2012568099999998,1.2708962100000001,217.91341800000001,222.315932
489.60000000000002,219.40000000000001,1.01,1,217.227723,219.40000000000001,1,1,219.40000000000001,219.40000000000001,0.98999999999999999,1,221.616162,219.41462799999999,2.1942559899999998,1.2668542899999999,217.220372,221.60888399999999
489.69999999999999,218.80000000000001,1.01,1,216.63366300000001,218.80000000000001,1,1,218.80000000000001,218.80000000000001,0.98999999999999999,1,221.01010099999999,218.81458799999999,2.1882552899999999,1.26338978,216.62633299999999,221.00284300000001
489.80000000000001,218,1.01,1,215.84158400000001,218,1,1,218,218,0.98999999999999999,1,220.20202,218.014535,2.1802543600000002,1.2587704399999999,215.83428000000001,220.19478899999999
489.89999999999998,217.09999999999999,1.01,1,214.95049499999999,217.09999999999999,1,1,217.09999999999999,217.09999999999999,0.98999999999999999,1,219.29292899999999,217.114475,2.17125331,1.2535736799999999,214.94322099999999,219.28572800000001
490,216.5,1.01,1,214.356436,216.5,1,1,216.5,216.5,0.98999999999999999,1,218.686869,216.51443499999999,2.16525261,1.2501091799999999,214.34918200000001,218.679687
490.10000000000002,215.80000000000001,1.01,1,213.663366,215.80000000000001,1,1,215.80000000000001,215.80000000000001,0.98999999999999999,1,217.97979799999999,215.81438800000001,2.15825179,1.2460672500000001,213.656136,217.97264000000001
490.19999999999999,215,1.01,1,212.871287,215,1,1,215,215,0.98999999999999999,1,217.171717,215.01433499999999,2.1502508599999999,1.24144791,212.86408399999999,217.16458600000001
490.30000000000001,214.19999999999999,1.01,1,212.07920799999999,214.19999999999999,1,1,214.19999999999999,214.19999999999999,0.98999999999999999,1,216.36363600000001,214.214281,2.1422499199999998,1.2368285699999999,212.07203200000001,216.35653099999999
490.39999999999998,213.59999999999999,1.01,1,211.48514900000001,213.59999999999999,1,1,213.59999999999999,213.59999999999999,0.98999999999999999,1,215.757576,213.61424099999999,2.1362492199999998,1.23336406,211.477992,215.75049100000001
490.5,212.80000000000001,1.01,1,210.69306900000001,212.80000000000001,1,1,212.80000000000001,212.80000000000001,0.98999999999999999,1,214.94949500000001,212.814188,2.1282482900000002,1.2287447199999999,210.68593999999999,214.94243599999999
490.60000000000002,212.09999999999999,1.01,1,210,212.09999999999999,1,1,212.09999999999999,212.09999999999999,0.98999999999999999,1,214.242424,212.11414099999999,2.1212474700000001,1.2247028,209.99289400000001,214.235389
490.69999999999999,211.5,1.01,1,209.40594100000001,211.5,1,1,211.5,211.5,0.98999999999999999,1,213.63636399999999,211.51410100000001,2.1152467700000002,1.2212382900000001,209.398855,213.62934799999999
490.80000000000001,210.5,1.01,1,208.415842,210.5,1,1,210.5,210.5,0.98999999999999999,1,212.62626299999999,210.51403500000001,2.1052456099999999,1.21546412,208.40878900000001,212.61928
490.89999999999998,209.90000000000001,1.01,1,207.82178200000001,209.90000000000001,1,1,209.90000000000001,209.90000000000001,0.98999999999999999,1,212.02020200000001,209.913995,2.0992449099999999,1.2119996099999999,207.81475,212.01324
491,209.09999999999999,1.01,1,207.02970300000001,209.09999999999999,1,1,209.09999999999999,209.09999999999999,0.98999999999999999,1,211.212121,209.11394100000001,2.0912439699999998,1.20738027,207.02269699999999,211.205185
491.10000000000002,208.40000000000001,1.01,1,206.336634,208.40000000000001,1,1,208.40000000000001,208.40000000000001,0.98999999999999999,1,210.50505100000001,208.413895,2.0842431600000002,1.2033383499999999,206.32965200000001,210.49813800000001
491.19999999999999,207.59999999999999,1.01,1,205.54455400000001,207.59999999999999,1,1,207.59999999999999,207.59999999999999,0.98999999999999999,1,209.69696999999999,207.61384100000001,2.0762422200000001,1.19871901,205.537599,209.69008400000001
491.30000000000001,207,1.01,1,204.95049499999999,207,1,1,207,207,0.98999999999999999,1,209.09090900000001,207.013801,2.0702415200000002,1.1952545000000001,204.94355999999999,209.08404300000001
491.39999999999998,206.19999999999999,1.01,1,204.15841599999999,206.19999999999999,1,1,206.19999999999999,206.19999999999999,0.98999999999999999,1,208.28282799999999,206.21374800000001,2.06224059,1.19063516,204.15150700000001,208.27598900000001
491.5,205.59999999999999,1.01,1,203.564356,205.59999999999999,1,1,205.59999999999999,205.59999999999999,0.98999999999999999,1,207.67676800000001,205.613708,2.0562398900000001,1.1871706500000001,203.557468,207.66994800000001
491.60000000000002,205,1.01,1,202.97029699999999,205,1,1,205,205,0.98999999999999999,1,207.070707,205.013668,2.0502391900000001,1.1837061499999999,202.96342899999999,207.063907
491.69999999999999,204.19999999999999,1.01,1,202.17821799999999,204.19999999999999,1,1,204.19999999999999,204.19999999999999,0.98999999999999999,1,206.26262600000001,204.213615,2.04223826,1.17908681,202.17137600000001,206.255853
491.80000000000001,203.40000000000001,1.01,1,201.38613899999999,203.40000000000001,1,1,203.40000000000001,203.40000000000001,0.98999999999999999,1,205.454545,203.41356099999999,2.0342373199999999,1.17446747,201.379324,205.447799
491.89999999999998,202.69999999999999,1.01,1,200.69306900000001,202.69999999999999,1,1,202.69999999999999,202.69999999999999,0.98999999999999999,1,204.74747500000001,202.713515,2.0272365099999998,1.1704255400000001,200.68627799999999,204.74075099999999
492,202.09999999999999,1.01,1,200.09900999999999,202.09999999999999,1,1,202.09999999999999,202.09999999999999,0.98999999999999999,1,204.141414,202.11347499999999,2.0212358099999999,1.1669610399999999,200.09223900000001,204.13471000000001
492.10000000000002,201.19999999999999,1.01,1,199.207921,201.19999999999999,1,1,201.19999999999999,201.19999999999999,0.98999999999999999,1,203.23232300000001,201.213415,2.0122347600000001,1.1617642800000001,199.20117999999999,203.225649
492.19999999999999,200.59999999999999,1.01,1,198.61386100000001,200.59999999999999,1,1,200.59999999999999,200.59999999999999,0.98999999999999999,1,202.62626299999999,200.61337499999999,2.0062340600000002,1.15829977,198.60714100000001,202.619609
492.30000000000001,199.80000000000001,1.01,1,197.82178200000001,199.80000000000001,1,1,199.80000000000001,199.80000000000001,0.98999999999999999,1,201.81818200000001,199.813321,1.9982331200000001,1.1536804300000001,197.815088,201.811554
492.39999999999998,199.09999999999999,1.01,1,197.128713,199.09999999999999,1,1,199.09999999999999,199.09999999999999,0.98999999999999999,1,201.11111099999999,199.11327499999999,1.99123231,1.1496385099999999,197.12204199999999,201.10450700000001
492.5,198.30000000000001,1.01,1,196.336634,198.30000000000001,1,1,198.30000000000001,198.30000000000001,0.98999999999999999,1,200.30303000000001,198.313221,1.9832313699999999,1.1450191700000001,196.32999000000001,200.29645300000001
492.60000000000002,197.59999999999999,1.01,1,195.643564,197.59999999999999,1,1,197.59999999999999,197.59999999999999,0.98999999999999999,1,199.59595999999999,197.61317500000001,1.9762305600000001,1.14097724,195.636944,199.589405
492.69999999999999,196.90000000000001,1.01,1,194.95049499999999,196.90000000000001,1,1,196.90000000000001,196.90000000000001,0.98999999999999999,1,198.88888900000001,196.913128,1.9692297400000001,1.1369353200000001,194.94389799999999,198.88235800000001
492.80000000000001,196.19999999999999,1.01,1,194.25742600000001,196.19999999999999,1,1,196.19999999999999,196.19999999999999,0.98999999999999999,1,198.18181799999999,196.21308099999999,1.96222892,1.1328933999999999,194.25085200000001,198.17531
492.89999999999998,195.5,1.01,1,193.564356,195.5,1,1,195.5,195.5,0.98999999999999999,1,197.47474700000001,195.513035,1.95522811,1.1288514700000001,193.557807,197.46826300000001
493,194.80000000000001,1.01,1,192.871287,194.80000000000001,1,1,194.80000000000001,194.80000000000001,0.98999999999999999,1,196.76767699999999,194.81298799999999,1.9482272899999999,1.1248095499999999,192.86476099999999,196.76121499999999
493.10000000000002,194.09999999999999,1.01,1,192.17821799999999,194.09999999999999,1,1,194.09999999999999,194.09999999999999,0.98999999999999999,1,196.06060600000001,194.11294100000001,1.9412264699999999,1.12076763,192.17171500000001,196.054168
493.19999999999999,193.80000000000001,1.01,1,191.88118800000001,193.80000000000001,1,1,193.80000000000001,193.80000000000001,0.98999999999999999,1,195.757576,193.81292099999999,1.9382261199999999,1.11903537,191.874695,195.751147
493.30000000000001,192.90000000000001,1.01,1,190.99009899999999,192.90000000000001,1,1,192.90000000000001,192.90000000000001,0.98999999999999999,1,194.84848500000001,192.91286099999999,1.92922507,1.11383861,190.98363599999999,194.84208599999999
493.39999999999998,192,1.01,1,190.09900999999999,192,1,1,192,192,0.98999999999999999,1,193.93939399999999,192.012801,1.92022402,1.1086418600000001,190.09257700000001,193.93302499999999
493.5,191.30000000000001,1.01,1,189.40594100000001,191.30000000000001,1,1,191.30000000000001,191.30000000000001,0.98999999999999999,1,193.23232300000001,191.31275500000001,1.91322321,1.10459993,189.399531,193.225978
493.60000000000002,190.80000000000001,1.01,1,188.91089099999999,190.80000000000001,1,1,190.80000000000001,190.80000000000001,0.98999999999999999,1,192.727273,190.81272100000001,1.9082226200000001,1.10171284,188.90449899999999,192.720944
493.69999999999999,189.90000000000001,1.01,1,188.019802,189.90000000000001,1,1,189.90000000000001,189.90000000000001,0.98999999999999999,1,191.81818200000001,189.91266100000001,1.8992215699999999,1.0965160899999999,188.01344,191.81188299999999
493.80000000000001,189.40000000000001,1.01,1,187.52475200000001,189.40000000000001,1,1,189.40000000000001,189.40000000000001,0.98999999999999999,1,191.313131,189.41262800000001,1.89422099,1.093629,187.518407,191.306849
493.89999999999998,188.59999999999999,1.01,1,186.73267300000001,188.59999999999999,1,1,188.59999999999999,188.59999999999999,0.98999999999999999,1,190.50505100000001,188.61257499999999,1.8862200600000001,1.0890096600000001,186.72635500000001,190.498795
494,187.80000000000001,1.01,1,185.940594,187.80000000000001,1,1,187.80000000000001,187.80000000000001,0.98999999999999999,1,189.69696999999999,187.812521,1.87821912,1.08439032,185.934302,189.69074000000001
494.10000000000002,187.40000000000001,1.01,1,185.54455400000001,187.40000000000001,1,1,187.40000000000001,187.40000000000001,0.98999999999999999,1,189.29292899999999,187.41249500000001,1.87421865,1.08208064,185.538276,189.28671299999999
494.19999999999999,186.40000000000001,1.01,1,184.55445499999999,186.40000000000001,1,1,186.40000000000001,186.40000000000001,0.98999999999999999,1,188.28282799999999,186.41242800000001,1.8642174899999999,1.07630647,184.54821000000001,188.276645
494.30000000000001,185.90000000000001,1.01,1,184.059406,185.90000000000001,1,1,185.90000000000001,185.90000000000001,0.98999999999999999,1,187.77777800000001,185.912395,1.8592169000000001,1.07341938,184.053178,187.77161100000001
494.39999999999998,185,1.01,1,183.168317,185,1,1,185,185,0.98999999999999999,1,186.86868699999999,185.01233500000001,1.8502158500000001,1.06822262,183.16211899999999,186.86255
494.5,184.30000000000001,1.01,1,182.47524799999999,184.30000000000001,1,1,184.30000000000001,184.30000000000001,0.98999999999999999,1,186.16161600000001,184.312288,1.84321504,1.0641807000000001,182.46907300000001,186.15550300000001
494.60000000000002,183.69999999999999,1.01,1,181.88118800000001,183.69999999999999,1,1,183.69999999999999,183.69999999999999,0.98999999999999999,1,185.555556,183.71224799999999,1.8372143400000001,1.0607161899999999,181.875034,185.54946200000001
494.69999999999999,182.90000000000001,1.01,1,181.08910900000001,182.90000000000001,1,1,182.90000000000001,182.90000000000001,0.98999999999999999,1,184.74747500000001,182.912195,1.8292134,1.0560968500000001,181.08298099999999,184.74140800000001
494.80000000000001,182.30000000000001,1.01,1,180.49504999999999,182.30000000000001,1,1,182.30000000000001,182.30000000000001,0.98999999999999999,1,184.141414,182.31215499999999,1.8232127,1.0526323500000001,180.48894200000001,184.135367
494.89999999999998,181.69999999999999,1.01,1,179.90099000000001,181.69999999999999,1,1,181.69999999999999,181.69999999999999,0.98999999999999999,1,183.53535400000001,181.71211500000001,1.817212,1.04916784,179.894903,183.52932699999999
495,181.09999999999999,1.01,1,179.30693099999999,181.09999999999999,1,1,181.09999999999999,181.09999999999999,0.98999999999999999,1,182.929293,181.112075,1.8112113000000001,1.04570333,179.30086299999999,182.92328599999999
495.10000000000002,180.30000000000001,1.01,1,178.51485099999999,180.30000000000001,1,1,180.30000000000001,180.30000000000001,0.98999999999999999,1,182.12121200000001,180.31202099999999,1.80321037,1.04108399,178.50881100000001,182.11523199999999
495.19999999999999,179.90000000000001,1.01,1,178.11881199999999,179.90000000000001,1,1,179.90000000000001,179.90000000000001,0.98999999999999999,1,181.71717200000001,179.91199499999999,1.7992098999999999,1.0387743199999999,178.112785,181.71120400000001
495.30000000000001,179,1.01,1,177.227723,179,1,1,179,179,0.98999999999999999,1,180.80808099999999,179.01193499999999,1.79020885,1.0335775599999999,177.22172599999999,180.802143
495.39999999999998,178.30000000000001,1.01,1,176.53465299999999,178.30000000000001,1,1,178.30000000000001,178.30000000000001,0.98999999999999999,1,180.10101,178.31188800000001,1.7832080400000001,1.02953564,176.52868000000001,180.09509600000001
495.5,177.59999999999999,1.01,1,175.84158400000001,177.59999999999999,1,1,177.59999999999999,177.59999999999999,0.98999999999999999,1,179.39393899999999,177.611841,1.7762072200000001,1.0254937200000001,175.835634,179.388048
495.60000000000002,176.90000000000001,1.01,1,175.148515,176.90000000000001,1,1,176.90000000000001,176.90000000000001,0.98999999999999999,1,178.686869,176.91179500000001,1.7692064000000001,1.02145179,175.14258799999999,178.68100100000001
495.69999999999999,176.19999999999999,1.01,1,174.45544599999999,176.19999999999999,1,1,176.19999999999999,176.19999999999999,0.98999999999999999,1,177.97979799999999,176.211748,1.76220559,1.01740987,174.44954200000001,177.97395299999999
495.80000000000001,175.59999999999999,1.01,1,173.86138600000001,175.59999999999999,1,1,175.59999999999999,175.59999999999999,0.98999999999999999,1,177.37373700000001,175.61170799999999,1.75620489,1.0139453599999999,173.855503,177.36791299999999
495.89999999999998,174.90000000000001,1.01,1,173.168317,174.90000000000001,1,1,174.90000000000001,174.90000000000001,0.98999999999999999,1,176.66666699999999,174.91166100000001,1.74920407,1.00990344,173.16245699999999,176.660865
496,174.30000000000001,1.01,1,172.57425699999999,174.30000000000001,1,1,174.30000000000001,174.30000000000001,0.98999999999999999,1,176.06060600000001,174.311621,1.74320337,1.0064389300000001,172.56841800000001,176.05482499999999
496.10000000000002,173.80000000000001,1.01,1,172.07920799999999,173.80000000000001,1,1,173.80000000000001,173.80000000000001,0.98999999999999999,1,175.555556,173.811588,1.7382027900000001,1.00355185,172.073385,175.549791
496.19999999999999,172.90000000000001,1.01,1,171.188119,172.90000000000001,1,1,172.90000000000001,172.90000000000001,0.98999999999999999,1,174.64646500000001,172.911528,1.7292017399999999,0.99835508799999995,171.18232599999999,174.64072999999999
496.30000000000001,172.09999999999999,1.01,1,170.39604,172.09999999999999,1,1,172.09999999999999,172.09999999999999,0.98999999999999999,1,173.83838399999999,172.11147399999999,1.7212008000000001,0.993735747,170.39027400000001,173.83267499999999
496.39999999999998,171.59999999999999,1.01,1,169.90099000000001,171.59999999999999,1,1,171.59999999999999,171.59999999999999,0.98999999999999999,1,173.33333300000001,171.61144100000001,1.7162002199999999,0.99084865899999996,169.895241,173.327641
496.5,170.90000000000001,1.01,1,169.207921,170.90000000000001,1,1,170.90000000000001,170.90000000000001,0.98999999999999999,1,172.62626299999999,170.911394,1.7091993999999999,0.98680673500000005,169.20219499999999,172.62059400000001
496.60000000000002,170.30000000000001,1.01,1,168.61386100000001,170.30000000000001,1,1,170.30000000000001,170.30000000000001,0.98999999999999999,1,172.02020200000001,170.31135399999999,1.7031987,0.98334222999999998,168.60815600000001,172.01455300000001
496.69999999999999,169.69999999999999,1.01,1,168.019802,169.69999999999999,1,1,169.69999999999999,169.69999999999999,0.98999999999999999,1,171.414141,169.71131399999999,1.697198,0.97987772399999995,168.014116,171.408512
496.80000000000001,169,1.01,1,167.32673299999999,169,1,1,169,169,0.98999999999999999,1,170.70707100000001,169.011268,1.6901971899999999,0.97583580000000003,167.32107099999999,170.70146500000001
496.89999999999998,168.59999999999999,1.01,1,166.93069299999999,168.59999999999999,1,1,168.59999999999999,168.59999999999999,0.98999999999999999,1,170.30303000000001,168.61124100000001,1.6861967200000001,0.97352612999999999,166.92504400000001,170.297438
497,167.69999999999999,1.01,1,166.039604,167.69999999999999,1,1,167.69999999999999,167.69999999999999,0.98999999999999999,1,169.39393899999999,167.71118100000001,1.6771956699999999,0.96832937100000005,166.033985,169.38837699999999
497.10000000000002,166.80000000000001,1.01,1,165.148515,166.80000000000001,1,1,166.80000000000001,166.80000000000001,0.98999999999999999,1,168.484848,166.81112100000001,1.66819462,0.963132612,165.14292599999999,168.47931600000001
497.19999999999999,166.19999999999999,1.01,1,164.55445499999999,166.19999999999999,1,1,166.19999999999999,166.19999999999999,0.98999999999999999,1,167.87878799999999,166.21108100000001,1.66219392,0.95966810700000005,164.54888700000001,167.87327500000001
497.30000000000001,165.69999999999999,1.01,1,164.059406,165.69999999999999,1,1,165.69999999999999,165.69999999999999,0.98999999999999999,1,167.37373700000001,165.71104800000001,1.6571933400000001,0.95678101900000001,164.053854,167.36824100000001
497.39999999999998,165,1.01,1,163.36633699999999,165,1,1,165,165,0.98999999999999999,1,166.66666699999999,165.01100099999999,1.6501925200000001,0.95273909499999998,163.36080899999999,166.66119399999999
497.5,164.5,1.01,1,162.871287,164.5,1,1,164.5,164.5,0.98999999999999999,1,166.16161600000001,164.51096799999999,1.6451919399999999,0.94985200700000005,162.86577600000001,166.15616
497.60000000000002,163.80000000000001,1.01,1,162.17821799999999,163.80000000000001,1,1,163.80000000000001,163.80000000000001,0.98999999999999999,1,165.454545,163.81092100000001,1.6381911199999999,0.94581008300000002,162.17273,165.44911200000001
497.69999999999999,163,1.01,1,161.38613899999999,163,1,1,163,163,0.98999999999999999,1,164.64646500000001,163.01086799999999,1.63019019,0.94119074199999997,161.38067799999999,164.64105799999999
497.80000000000001,162.30000000000001,1.01,1,160.69306900000001,162.30000000000001,1,1,162.30000000000001,162.30000000000001,0.98999999999999999,1,163.93939399999999,162.310821,1.62318937,0.93714881900000002,160.68763200000001,163.93401
497.89999999999998,161.69999999999999,1.01,1,160.09900999999999,161.69999999999999,1,1,161.69999999999999,161.69999999999999,0.98999999999999999,1,163.33333300000001,161.710781,1.61718867,0.93368431299999999,160.093592,163.32796999999999
498,161.19999999999999,1.01,1,159.60396,161.19999999999999,1,1,161.19999999999999,161.19999999999999,0.98999999999999999,1,162.828283,161.210748,1.6121880900000001,0.93079722499999995,159.59855999999999,162.822936
498.10000000000002,160.40000000000001,1.01,1,158.811881,160.40000000000001,1,1,160.40000000000001,160.40000000000001,0.98999999999999999,1,162.02020200000001,160.41069400000001,1.60418715,0.92617788400000001,158.80650700000001,162.014882
498.19999999999999,160.09999999999999,1.01,1,158.51485099999999,160.09999999999999,1,1,160.09999999999999,160.09999999999999,0.98999999999999999,1,161.71717200000001,160.11067399999999,1.6011868,0.92444563099999999,158.509488,161.711861
498.30000000000001,159.19999999999999,1.01,1,157.623762,159.19999999999999,1,1,159.19999999999999,159.19999999999999,0.98999999999999999,1,160.80808099999999,159.21061399999999,1.5921857500000001,0.91924887200000005,157.61842899999999,160.80279999999999
498.39999999999998,158.69999999999999,1.01,1,157.128713,158.69999999999999,1,1,158.69999999999999,158.69999999999999,0.98999999999999999,1,160.30303000000001,158.71058099999999,1.5871851699999999,0.91636178400000001,157.12339600000001,160.297766
498.5,158,1.01,1,156.435644,158,1,1,158,158,0.98999999999999999,1,159.59595999999999,158.01053400000001,1.5801843499999999,0.91231986099999995,156.43035,159.59071900000001
498.60000000000002,157.30000000000001,1.01,1,155.74257399999999,157.30000000000001,1,1,157.30000000000001,157.30000000000001,0.98999999999999999,1,158.88888900000001,157.31048799999999,1.5731835300000001,0.90827793700000004,155.73730399999999,158.88367099999999
498.69999999999999,156.59999999999999,1.01,1,155.04950500000001,156.59999999999999,1,1,156.59999999999999,156.59999999999999,0.98999999999999999,1,158.18181799999999,156.61044100000001,1.56618272,0.90423601399999998,155.04425800000001,158.176624
498.80000000000001,155.90000000000001,1.01,1,154.356436,155.90000000000001,1,1,155.90000000000001,155.90000000000001,0.98999999999999999,1,157.47474700000001,155.910394,1.5591819,0.90019408999999995,154.351212,157.46957599999999
498.89999999999998,155.40000000000001,1.01,1,153.86138600000001,155.40000000000001,1,1,155.40000000000001,155.40000000000001,0.98999999999999999,1,156.969697,155.41036099999999,1.5541813200000001,0.89730700200000002,153.85617999999999,156.96454199999999
499,154.69999999999999,1.01,1,153.168317,154.69999999999999,1,1,154.69999999999999,154.69999999999999,0.98999999999999999,1,156.26262600000001,154.71031400000001,1.5471805000000001,0.89326507899999996,153.16313400000001,156.25749500000001
499.10000000000002,154.19999999999999,1.01,1,152.67326700000001,154.19999999999999,1,1,154.19999999999999,154.19999999999999,0.98999999999999999,1,155.757576,154.21028100000001,1.5421799199999999,0.89037799100000004,152.66810100000001,155.75246100000001
499.19999999999999,153.59999999999999,1.01,1,152.07920799999999,153.59999999999999,1,1,153.59999999999999,153.59999999999999,0.98999999999999999,1,155.15151499999999,153.610241,1.53617922,0.886913485,152.074062,155.14642000000001
499.30000000000001,152.90000000000001,1.01,1,151.38613899999999,152.90000000000001,1,1,152.90000000000001,152.90000000000001,0.98999999999999999,1,154.444444,152.91019399999999,1.5291783999999999,0.88287156099999997,151.38101599999999,154.43937299999999
499.39999999999998,152.30000000000001,1.01,1,150.792079,152.30000000000001,1,1,152.30000000000001,152.30000000000001,0.98999999999999999,1,153.83838399999999,152.31015400000001,1.5231777,0.87940705600000002,150.78697700000001,153.83333200000001
499.5,151.59999999999999,1.01,1,150.09900999999999,151.59999999999999,1,1,151.59999999999999,151.59999999999999,0.98999999999999999,1,153.13131300000001,151.610108,1.5161768799999999,0.87536513199999999,150.093931,153.126285
499.60000000000002,151.09999999999999,1.01,1,149.60396,151.09999999999999,1,1,151.09999999999999,151.09999999999999,0.98999999999999999,1,152.62626299999999,151.110074,1.5111763,0.87247804399999995,149.59889799999999,152.621251
499.69999999999999,150.40000000000001,1.01,1,148.91089099999999,150.40000000000001,1,1,150.40000000000001,150.40000000000001,0.98999999999999999,1,151.91919200000001,150.41002800000001,1.50417548,0.86843612100000001,148.90585200000001,151.91420299999999
499.80000000000001,149.80000000000001,1.01,1,148.31683200000001,149.80000000000001,1,1,149.80000000000001,149.80000000000001,0.98999999999999999,1,151.313131,149.809988,1.49817478,0.86497161499999997,148.311813,151.30816200000001
499.89999999999998,149,1.01,1,147.52475200000001,149,1,1,149,149,0.98999999999999999,1,150.50505100000001,149.00993399999999,1.4901738499999999,0.86035227400000003,147.51975999999999,150.50010800000001
500,148.40000000000001,1.01,1,146.93069299999999,148.40000000000001,1,1,148.40000000000001,148.40000000000001,0.98999999999999999,1,149.89899,148.40989400000001,1.4841731499999999,0.85688776799999999,146.92572100000001,149.89406700000001
500.10000000000002,147.69999999999999,1.01,1,146.23762400000001,147.69999999999999,1,1,147.69999999999999,147.69999999999999,0.98999999999999999,1,149.19191900000001,147.70984799999999,1.4771723299999999,0.85284584399999996,146.232675,149.18701999999999
500.19999999999999,147.30000000000001,1.01,1,145.84158400000001,147.30000000000001,1,1,147.30000000000001,147.30000000000001,0.98999999999999999,1,148.787879,147.309821,1.47317187,0.85053617400000003,145.83664899999999,148.782993
500.30000000000001,146.69999999999999,1.01,1,145.247525,146.69999999999999,1,1,146.69999999999999,146.69999999999999,0.98999999999999999,1,148.18181799999999,146.70978099999999,1.4671711700000001,0.847071668,145.24261000000001,148.176952
500.39999999999998,146.19999999999999,1.01,1,144.752475,146.19999999999999,1,1,146.19999999999999,146.19999999999999,0.98999999999999999,1,147.67676800000001,146.20974799999999,1.46217058,0.84418457999999996,144.74757700000001,147.67191800000001
500.5,145.69999999999999,1.01,1,144.25742600000001,145.69999999999999,1,1,145.69999999999999,145.69999999999999,0.98999999999999999,1,147.171717,145.70971399999999,1.4571700000000001,0.84129749200000004,144.252544,147.16688400000001
500.60000000000002,145,1.01,1,143.564356,145,1,1,145,145,0.98999999999999999,1,146.46464599999999,145.009668,1.4501691800000001,0.83725556800000001,143.55949799999999,146.45983699999999
500.69999999999999,144.19999999999999,1.01,1,142.772277,144.19999999999999,1,1,144.19999999999999,144.19999999999999,0.98999999999999999,1,145.656566,144.20961399999999,1.4421682499999999,0.83263622699999995,142.76744600000001,145.65178299999999
500.80000000000001,143.5,1.01,1,142.07920799999999,143.5,1,1,143.5,143.5,0.98999999999999999,1,144.94949500000001,143.509568,1.4351674299999999,0.828594304,142.0744,144.94473500000001
500.89999999999998,143.30000000000001,1.01,1,141.88118800000001,143.30000000000001,1,1,143.30000000000001,143.30000000000001,0.98999999999999999,1,144.74747500000001,143.30955399999999,1.4331672,0.82743946899999998,141.87638699999999,144.74272099999999
501,142.40000000000001,1.01,1,140.99009899999999,142.40000000000001,1,1,142.40000000000001,142.40000000000001,0.98999999999999999,1,143.83838399999999,142.409494,1.42416615,0.82224271000000004,140.98532800000001,143.83366000000001
501.10000000000002,141.90000000000001,1.01,1,140.49504999999999,141.90000000000001,1,1,141.90000000000001,141.90000000000001,0.98999999999999999,1,143.33333300000001,141.90946099999999,1.4191655700000001,0.81935562200000001,140.490295,143.32862700000001
501.19999999999999,141.19999999999999,1.01,1,139.80197999999999,141.19999999999999,1,1,141.19999999999999,141.19999999999999,0.98999999999999999,1,142.62626299999999,141.20941400000001,1.4121647500000001,0.81531369799999998,139.79724999999999,142.621579
501.30000000000001,140.59999999999999,1.01,1,139.207921,140.59999999999999,1,1,140.59999999999999,140.59999999999999,0.98999999999999999,1,142.02020200000001,140.609374,1.4061640500000001,0.81184919300000002,139.20321000000001,142.01553799999999
501.39999999999998,140.09999999999999,1.01,1,138.71287100000001,140.09999999999999,1,1,140.09999999999999,140.09999999999999,0.98999999999999999,1,141.515152,140.109341,1.40116347,0.80896210400000002,138.70817700000001,141.510504
501.5,139.59999999999999,1.01,1,138.21782200000001,139.59999999999999,1,1,139.59999999999999,139.59999999999999,0.98999999999999999,1,141.01010099999999,139.609308,1.3961628800000001,0.80607501599999998,138.213145,141.00547
501.60000000000002,138.90000000000001,1.01,1,137.52475200000001,138.90000000000001,1,1,138.90000000000001,138.90000000000001,0.98999999999999999,1,140.30303000000001,138.90926099999999,1.38916207,0.80203309300000003,137.52009899999999,140.29842300000001
501.69999999999999,138.30000000000001,1.01,1,136.93069299999999,138.30000000000001,1,1,138.30000000000001,138.30000000000001,0.98999999999999999,1,139.69696999999999,138.30922100000001,1.3831613700000001,0.798568587,136.92606000000001,139.69238200000001
501.80000000000001,137.69999999999999,1.01,1,136.336634,137.69999999999999,1,1,137.69999999999999,137.69999999999999,0.98999999999999999,1,139.09090900000001,137.709181,1.3771606700000001,0.79510408099999996,136.33202,139.086342
501.89999999999998,137.19999999999999,1.01,1,135.84158400000001,137.19999999999999,1,1,137.19999999999999,137.19999999999999,0.98999999999999999,1,138.585859,137.209148,1.37216008,0.79221699300000004,135.83698699999999,138.58130800000001
502,136.69999999999999,1.01,1,135.34653499999999,136.69999999999999,1,1,136.69999999999999,136.69999999999999,0.98999999999999999,1,138.08080799999999,136.709114,1.3671595000000001,0.789329905,135.34195500000001,138.07627400000001
502.10000000000002,136,1.01,1,134.65346500000001,136,1,1,136,136,0.98999999999999999,1,137.37373700000001,136.00906800000001,1.3601586800000001,0.78528798099999997,134.648909,137.369226
502.19999999999999,135.40000000000001,1.01,1,134.059406,135.40000000000001,1,1,135.40000000000001,135.40000000000001,0.98999999999999999,1,136.76767699999999,135.40902800000001,1.3541579800000001,0.78182347600000002,134.05486999999999,136.76318599999999
502.30000000000001,135,1.01,1,133.663366,135,1,1,135,135,0.98999999999999999,1,136.36363600000001,135.00900100000001,1.35015752,0.779513805,133.65884299999999,136.35915800000001
502.39999999999998,134.30000000000001,1.01,1,132.97029699999999,134.30000000000001,1,1,134.30000000000001,134.30000000000001,0.98999999999999999,1,135.656566,134.308954,1.3431567,0.77547188199999995,132.96579800000001,135.65211099999999
502.5,133.69999999999999,1.01,1,132.376238,133.69999999999999,1,1,133.69999999999999,133.69999999999999,0.98999999999999999,1,135.05050499999999,133.70891399999999,1.337156,0.77200737600000002,132.371758,135.04606999999999
502.60000000000002,133.19999999999999,1.01,1,131.88118800000001,133.19999999999999,1,1,133.19999999999999,133.19999999999999,0.98999999999999999,1,134.545455,133.20888099999999,1.3321554200000001,0.76912028799999999,131.87672499999999,134.54103599999999
502.69999999999999,133.19999999999999,1.01,1,131.88118800000001,133.19999999999999,1,1,133.19999999999999,133.19999999999999,0.98999999999999999,1,134.545455,133.20888099999999,1.3321554200000001,0.76912028799999999,131.87672499999999,134.54103599999999
502.80000000000001,132.30000000000001,1.01,1,130.99009899999999,132.30000000000001,1,1,132.30000000000001,132.30000000000001,0.98999999999999999,1,133.63636399999999,132.30882099999999,1.3231543699999999,0.76392352900000005,130.98566700000001,133.63197500000001
502.89999999999998,131.5,1.01,1,130.19802000000001,131.5,1,1,131.5,131.5,0.98999999999999999,1,132.828283,131.508768,1.3151534300000001,0.75930418799999999,130.193614,132.82392100000001
503,130.90000000000001,1.01,1,129.60396,130.90000000000001,1,1,130.90000000000001,130.90000000000001,0.98999999999999999,1,132.22222199999999,130.908728,1.3091527300000001,0.75583968199999996,129.59957499999999,132.21788000000001
503.10000000000002,130.19999999999999,1.01,1,128.91089099999999,130.19999999999999,1,1,130.19999999999999,130.19999999999999,0.98999999999999999,1,131.515152,130.20868100000001,1.30215192,0.75179775900000001,128.90652900000001,131.51083299999999
503.19999999999999,129.90000000000001,1.01,1,128.61386100000001,129.90000000000001,1,1,129.90000000000001,129.90000000000001,0.98999999999999999,1,131.212121,129.908661,1.2991515600000001,0.75006550599999999,128.609509,131.20781199999999
503.30000000000001,129.30000000000001,1.01,1,128.019802,129.30000000000001,1,1,129.30000000000001,129.30000000000001,0.98999999999999999,1,130.60606100000001,129.30862099999999,1.2931508599999999,0.74660099999999996,128.01546999999999,130.60177200000001
503.39999999999998,128.40000000000001,1.01,1,127.128713,128.40000000000001,1,1,128.40000000000001,128.40000000000001,0.98999999999999999,1,129.69696999999999,128.40856099999999,1.2841498099999999,0.74140424100000002,127.12441099999999,129.692711
503.5,127.90000000000001,1.01,1,126.633663,127.90000000000001,1,1,127.90000000000001,127.90000000000001,0.98999999999999999,1,129.19191900000001,127.908528,1.27914923,0.73851715299999998,126.629378,129.18767700000001
503.60000000000002,127.3,1.01,1,126.039604,127.3,1,1,127.3,127.3,0.98999999999999999,1,128.585859,127.308488,1.2731485300000001,0.73505264699999995,126.03533899999999,128.581636
503.69999999999999,126.8,1.01,1,125.54455400000001,126.8,1,1,126.8,126.8,0.98999999999999999,1,128.08080799999999,126.808454,1.2681479499999999,0.73216555900000002,125.540306,128.07660200000001
503.80000000000001,126.3,1.01,1,125.049505,126.3,1,1,126.3,126.3,0.98999999999999999,1,127.57575799999999,126.308421,1.2631473600000001,0.72927847099999998,125.04527299999999,127.571568
503.89999999999998,125.7,1.01,1,124.45544599999999,125.7,1,1,125.7,125.7,0.98999999999999999,1,126.969697,125.708381,1.2571466600000001,0.72581396499999995,124.451234,126.96552800000001
504,125.09999999999999,1.01,1,123.861386,125.09999999999999,1,1,125.09999999999999,125.09999999999999,0.98999999999999999,1,126.363636,125.108341,1.2511459599999999,0.72234945900000003,123.857195,126.359487
504.10000000000002,124.59999999999999,1.01,1,123.366337,124.59999999999999,1,1,124.59999999999999,124.59999999999999,0.98999999999999999,1,125.858586,124.608307,1.24614538,0.71946237099999999,123.362162,125.85445300000001
504.19999999999999,124,1.01,1,122.772277,124,1,1,124,124,0.98999999999999999,1,125.25252500000001,124.008267,1.24014468,0.71599786499999996,122.768123,125.248412
504.30000000000001,123.40000000000001,1.01,1,122.178218,123.40000000000001,1,1,123.40000000000001,123.40000000000001,0.98999999999999999,1,124.64646500000001,123.408227,1.23414398,0.71253336,122.17408399999999,124.642371
504.39999999999998,122.8,1.01,1,121.584158,122.8,1,1,122.8,122.8,0.98999999999999999,1,124.040404,122.808187,1.2281432800000001,0.70906885399999997,121.580044,124.036331
504.5,122.3,1.01,1,121.08910899999999,122.3,1,1,122.3,122.3,0.98999999999999999,1,123.535354,122.308154,1.2231426999999999,0.70618176600000004,121.08501099999999,123.531297
504.60000000000002,121.8,1.01,1,120.594059,121.8,1,1,121.8,121.8,0.98999999999999999,1,123.030303,121.808121,1.2181421100000001,0.70329467700000003,120.589979,123.026263
504.69999999999999,121.2,1.01,1,120,121.2,1,1,121.2,121.2,0.98999999999999999,1,122.42424200000001,121.20808100000001,1.2121414100000001,0.69983017199999997,119.99593900000001,122.420222
504.80000000000001,120.5,1.01,1,119.30693100000001,120.5,1,1,120.5,120.5,0.98999999999999999,1,121.71717200000001,120.50803399999999,1.2051406,0.69578824800000005,119.30289399999999,121.71317500000001
504.89999999999998,120.2,1.01,1,119.009901,120.2,1,1,120.2,120.2,0.98999999999999999,1,121.414141,120.20801400000001,1.20214025,0.69405599500000004,119.00587400000001,121.41015400000001
505,119.5,1.01,1,118.31683200000001,119.5,1,1,119.5,119.5,0.98999999999999999,1,120.707071,119.50796699999999,1.19513943,0.69001407199999998,118.312828,120.703107
505.10000000000002,119,1.01,1,117.821782,119,1,1,119,119,0.98999999999999999,1,120.20202,119.00793400000001,1.1901388500000001,0.68712698400000005,117.817795,120.19807299999999
505.19999999999999,118.5,1.01,1,117.326733,118.5,1,1,118.5,118.5,0.98999999999999999,1,119.69696999999999,118.507901,1.18513826,0.68423989600000001,117.32276299999999,119.693039
505.30000000000001,117.90000000000001,1.01,1,116.73267300000001,117.90000000000001,1,1,117.90000000000001,117.90000000000001,0.98999999999999999,1,119.090909,117.907861,1.17913756,0.68077538999999998,116.728723,119.08699799999999
505.39999999999998,117.40000000000001,1.01,1,116.237624,117.40000000000001,1,1,117.40000000000001,117.40000000000001,0.98999999999999999,1,118.585859,117.407827,1.1741369800000001,0.67788830200000005,116.23369,118.581964
505.5,116.90000000000001,1.01,1,115.742574,116.90000000000001,1,1,116.90000000000001,116.90000000000001,0.98999999999999999,1,118.080808,116.907794,1.1691364,0.67500121300000004,115.738658,118.076931
505.60000000000002,116.3,1.01,1,115.148515,116.3,1,1,116.3,116.3,0.98999999999999999,1,117.47474699999999,116.307754,1.1631357,0.67153670799999998,115.14461799999999,117.47089
505.69999999999999,115.90000000000001,1.01,1,114.752475,115.90000000000001,1,1,115.90000000000001,115.90000000000001,0.98999999999999999,1,117.070707,115.90772699999999,1.15913523,0.66922703699999997,114.748592,117.066863
505.80000000000001,115.3,1.01,1,114.158416,115.3,1,1,115.3,115.3,0.98999999999999999,1,116.464646,115.307687,1.15313453,0.66576253100000005,114.15455300000001,116.46082199999999
505.89999999999998,114.90000000000001,1.01,1,113.762376,114.90000000000001,1,1,114.90000000000001,114.90000000000001,0.98999999999999999,1,116.06060600000001,114.907661,1.14913406,0.663452861,113.758527,116.05679499999999
506,114.40000000000001,1.01,1,113.26732699999999,114.40000000000001,1,1,114.40000000000001,114.40000000000001,0.98999999999999999,1,115.555556,114.40762700000001,1.14413348,0.66056577299999997,113.26349399999999,115.551761
506.10000000000002,113.7,1.01,1,112.574257,113.7,1,1,113.7,113.7,0.98999999999999999,1,114.848485,113.707581,1.13713266,0.65652384900000005,112.570448,114.844713
506.19999999999999,113.2,1.01,1,112.07920799999999,113.2,1,1,113.2,113.2,0.98999999999999999,1,114.343434,113.20754700000001,1.1321320800000001,0.65363676100000001,112.07541500000001,114.33968
506.30000000000001,112.59999999999999,1.01,1,111.48514900000001,112.59999999999999,1,1,112.59999999999999,112.59999999999999,0.98999999999999999,1,113.737374,112.607507,1.1261313799999999,0.65017225499999998,111.481376,113.733639
506.39999999999998,112.09999999999999,1.01,1,110.990099,112.09999999999999,1,1,112.09999999999999,112.09999999999999,0.98999999999999999,1,113.23232299999999,112.107474,1.1211308,0.64728516700000005,110.98634300000001,113.228605
506.5,111.59999999999999,1.01,1,110.49505000000001,111.59999999999999,1,1,111.59999999999999,111.59999999999999,0.98999999999999999,1,112.727273,111.60744099999999,1.1161302099999999,0.64439807900000001,110.491311,112.72357100000001
506.60000000000002,111.09999999999999,1.01,1,110,111.09999999999999,1,1,111.09999999999999,111.09999999999999,0.98999999999999999,1,112.222222,111.10740699999999,1.11112963,0.64151099099999997,109.996278,112.218537
506.69999999999999,110.7,1.01,1,109.60396,110.7,1,1,110.7,110.7,0.98999999999999999,1,111.81818199999999,110.707381,1.1071291599999999,0.63920131999999996,109.600252,111.81451
506.80000000000001,110.2,1.01,1,109.10891100000001,110.2,1,1,110.2,110.2,0.98999999999999999,1,111.313131,110.207347,1.10212858,0.63631423200000004,109.10521900000001,111.309476
506.89999999999998,109.7,1.01,1,108.613861,109.7,1,1,109.7,109.7,0.98999999999999999,1,110.808081,109.707314,1.0971280000000001,0.633427144,108.610186,110.80444199999999
507,109.3,1.01,1,108.217822,109.3,1,1,109.3,109.3,0.98999999999999999,1,110.40403999999999,109.307287,1.0931275300000001,0.63111747299999998,108.21416000000001,110.400415
507.10000000000002,108.59999999999999,1.01,1,107.52475200000001,108.59999999999999,1,1,108.59999999999999,108.59999999999999,0.98999999999999999,1,109.69696999999999,108.607241,1.0861267100000001,0.62707555000000004,107.521114,109.69336699999999
507.19999999999999,108,1.01,1,106.93069300000001,108,1,1,108,108,0.98999999999999999,1,109.090909,108.00720099999999,1.0801260100000001,0.623611044,106.927075,109.087327
507.30000000000001,107.7,1.01,1,106.633663,107.7,1,1,107.7,107.7,0.98999999999999999,1,108.787879,107.70718100000001,1.0771256600000001,0.62187879099999999,106.630055,108.784306
507.39999999999998,107.09999999999999,1.01,1,106.039604,107.09999999999999,1,1,107.09999999999999,107.09999999999999,0.98999999999999999,1,108.18181800000001,107.107141,1.0711249599999999,0.61841428499999995,106.036016,108.17826599999999
507.5,106.5,1.01,1,105.445545,106.5,1,1,106.5,106.5,0.98999999999999999,1,107.57575799999999,106.50710100000001,1.0651242599999999,0.61494978,105.441976,107.572225
507.60000000000002,106.09999999999999,1.01,1,105.049505,106.09999999999999,1,1,106.09999999999999,106.09999999999999,0.98999999999999999,1,107.171717,106.107074,1.0611238000000001,0.61264010899999999,105.04595,107.168198
507.69999999999999,105.59999999999999,1.01,1,104.554455,105.59999999999999,1,1,105.59999999999999,105.59999999999999,0.98999999999999999,1,106.666667,105.607041,1.05612321,0.60975302099999995,104.550917,106.66316399999999
507.80000000000001,105.09999999999999,1.01,1,104.059406,105.09999999999999,1,1,105.09999999999999,105.09999999999999,0.98999999999999999,1,106.161616,105.107007,1.0511226300000001,0.60686593300000002,104.055885,106.15813
507.89999999999998,104.59999999999999,1.01,1,103.564356,104.59999999999999,1,1,104.59999999999999,104.59999999999999,0.98999999999999999,1,105.656566,104.60697399999999,1.0461220499999999,0.60397884499999999,103.560852,105.65309600000001
508,104.09999999999999,1.01,1,103.06930699999999,104.09999999999999,1,1,104.09999999999999,104.09999999999999,0.98999999999999999,1,105.151515,104.10694100000001,1.0411214600000001,0.60109175599999998,103.065819,105.148062
508.10000000000002,103.59999999999999,1.01,1,102.574257,103.59999999999999,1,1,103.59999999999999,103.59999999999999,0.98999999999999999,1,104.64646500000001,103.60690700000001,1.0361208799999999,0.59820466800000005,102.570786,104.643028
508.19999999999999,103.2,1.01,1,102.178218,103.2,1,1,103.2,103.2,0.98999999999999999,1,104.242424,103.206881,1.0321204100000001,0.59589499800000001,102.17476000000001,104.239001
508.30000000000001,102.7,1.01,1,101.68316799999999,102.7,1,1,102.7,102.7,0.98999999999999999,1,103.737374,102.706847,1.02711983,0.593007909,101.679728,103.73396700000001
508.39999999999998,102.09999999999999,1.01,1,101.08910899999999,102.09999999999999,1,1,102.09999999999999,102.09999999999999,0.98999999999999999,1,103.13131300000001,102.106807,1.02111913,0.58954340400000005,101.085688,103.127926
508.5,101.7,1.01,1,100.69306899999999,101.7,1,1,101.7,101.7,0.98999999999999999,1,102.727273,101.70678100000001,1.01711866,0.58723373300000004,100.689662,102.723899
508.60000000000002,101.2,1.01,1,100.19802,101.2,1,1,101.2,101.2,0.98999999999999999,1,102.222222,101.20674699999999,1.01211808,0.584346645,100.19462900000001,102.21886499999999
508.69999999999999,100.7,1.01,1,99.702970300000004,100.7,1,1,100.7,100.7,0.98999999999999999,1,101.71717200000001,100.70671400000001,1.0071174899999999,0.58145955699999996,99.699596499999998,101.713831
508.80000000000001,100.09999999999999,1.01,1,99.108910899999998,100.09999999999999,1,1,100.09999999999999,100.09999999999999,0.98999999999999999,1,101.11111099999999,100.106674,1.00111679,0.57799505100000004,99.105557200000007,101.10779100000001
508.89999999999998,99.629999999999995,1.01,1,98.643564400000002,99.629999999999995,1,1,99.629999999999995,99.629999999999995,0.98999999999999999,1,100.636364,99.636642699999996,0.99641624600000001,0.57528118800000005,98.640226400000003,100.633059
509,99.340000000000003,1.01,1,98.356435599999998,99.340000000000003,1,1,99.340000000000003,99.340000000000003,0.98999999999999999,1,100.343434,99.346623300000005,0.993515908,0.57360667700000001,98.353107399999999,100.34013899999999
509.10000000000002,98.75,1.01,1,97.772277200000005,98.75,1,1,98.75,98.75,0.98999999999999999,1,99.747474699999998,98.756584000000004,0.98761522000000002,0.57019991299999995,97.768968799999996,99.744199199999997
509.19999999999999,98.340000000000003,1.01,1,97.366336599999997,98.340000000000003,1,1,98.340000000000003,98.340000000000003,0.98999999999999999,1,99.333333300000007,98.346556699999994,0.98351474100000003,0.56783250100000005,97.363041899999999,99.330071399999994
509.30000000000001,97.870000000000005,1.01,1,96.900990100000001,97.870000000000005,1,1,97.870000000000005,97.870000000000005,0.98999999999999999,1,98.858585899999994,97.876525299999997,0.97881419300000005,0.56511863799999995,96.897711099999995,98.855339499999999
509.39999999999998,97.379999999999995,1.01,1,96.415841599999993,97.379999999999995,1,1,97.379999999999995,97.379999999999995,0.98999999999999999,1,98.363636400000004,97.386492599999997,0.97391362100000001,0.56228929100000002,96.412578999999994,98.360406299999994
509.5,96.790000000000006,1.01,1,95.831683200000001,96.790000000000006,1,1,96.790000000000006,96.790000000000006,0.98999999999999999,1,97.767676800000004,96.796453299999996,0.96801293300000002,0.55888252699999996,95.828440400000005,97.764466200000001
509.60000000000002,96.599999999999994,1.01,1,95.643564400000002,96.599999999999994,1,1,96.599999999999994,96.599999999999994,0.98999999999999999,1,97.575757600000003,96.606440599999999,0.96611271099999996,0.55778543400000002,95.640327900000003,97.572553400000004
509.69999999999999,95.959999999999994,1.01,1,95.009900999999999,95.959999999999994,1,1,95.959999999999994,95.959999999999994,0.98999999999999999,1,96.929292899999993,95.966397999999998,0.95971196400000003,0.55408996099999996,95.006686000000002,96.9261099
509.80000000000001,95.549999999999997,1.01,1,94.603960400000005,95.549999999999997,1,1,95.549999999999997,95.549999999999997,0.98999999999999999,1,96.515151500000002,95.556370599999994,0.95561148600000001,0.55172254899999995,94.600759199999999,96.511982099999997
509.89999999999998,95.079999999999998,1.01,1,94.138613899999996,95.079999999999998,1,1,95.079999999999998,95.079999999999998,0.98999999999999999,1,96.040403999999995,95.086339300000006,0.95091093800000004,0.54900868599999997,94.135428399999995,96.037250200000003
510,94.579999999999998,1.01,1,93.643564400000002,94.579999999999998,1,1,94.579999999999998,94.579999999999998,0.98999999999999999,1,95.535353499999999,94.586305999999993,0.94591035400000001,0.54612159800000004,93.640395600000005,95.532216300000002
510.10000000000002,94.170000000000002,1.01,1,93.237623799999994,94.170000000000002,1,1,94.170000000000002,94.170000000000002,0.98999999999999999,1,95.121212099999994,94.176278600000003,0.94180987599999999,0.54375418499999995,93.234468800000002,95.118088499999999
510.19999999999999,93.780000000000001,1.01,1,92.851485100000005,93.780000000000001,1,1,93.780000000000001,93.780000000000001,0.98999999999999999,1,94.7272727,93.786252599999997,0.93790942099999997,0.54150225699999999,92.848343200000002,94.724162000000007
510.30000000000001,93.189999999999998,1.01,1,92.267326699999998,93.189999999999998,1,1,93.189999999999998,93.189999999999998,0.98999999999999999,1,94.1313131,93.196213299999997,0.93200873200000001,0.53809549300000004,92.264204599999999,94.128221999999994
510.39999999999998,92.840000000000003,1.01,1,91.9207921,92.840000000000003,1,1,92.840000000000003,92.840000000000003,0.98999999999999999,1,93.777777799999996,92.846190000000007,0.92850832400000005,0.53607453100000002,91.917681599999995,93.774698299999997
510.5,92.189999999999998,1.01,1,91.277227699999997,92.189999999999998,1,1,92.189999999999998,92.189999999999998,0.98999999999999999,1,93.121212099999994,92.196146600000006,0.922007566,0.53232131599999999,91.274139000000005,93.118154200000006
510.60000000000002,91.75,1.01,1,90.8415842,91.75,1,1,91.75,91.75,0.98999999999999999,1,92.676767699999999,91.7561173,0.91760705200000003,0.52978067900000003,90.838510200000002,92.673724300000003
510.69999999999999,91.269999999999996,1.01,1,90.366336599999997,91.269999999999996,1,1,91.269999999999996,91.269999999999996,0.98999999999999999,1,92.191919200000001,91.276085300000005,0.91280649199999997,0.52700907399999997,90.363278800000003,92.188891799999993
510.80000000000001,90.819999999999993,1.01,1,89.9207921,90.819999999999993,1,1,90.819999999999993,90.819999999999993,0.98999999999999999,1,91.737373700000006,90.826055299999993,0.90830596699999999,0.52441069500000004,89.917749299999997,91.734361199999995
510.89999999999998,90.349999999999994,1.01,1,89.455445499999996,90.349999999999994,1,1,90.349999999999994,90.349999999999994,0.98999999999999999,1,91.262626299999994,90.356023899999997,0.90360541900000002,0.52169683200000005,89.452418499999993,91.259629399999994
511,90.090000000000003,1.01,1,89.198019799999997,90.090000000000003,1,1,90.090000000000003,90.090000000000003,0.98999999999999999,1,91,90.096006599999996,0.90100511500000002,0.52019554599999995,89.195001500000004,90.997011700000002
511.10000000000002,89.579999999999998,1.01,1,88.693069300000005,89.579999999999998,1,1,89.579999999999998,89.579999999999998,0.98999999999999999,1,90.484848499999998,89.585972600000005,0.89590451999999998,0.51725071600000005,88.690068100000005,90.481877100000005
511.19999999999999,89.120000000000005,1.01,1,88.237623799999994,89.120000000000005,1,1,89.120000000000005,89.120000000000005,0.98999999999999999,1,90.020201999999998,89.125941900000001,0.89130398399999999,0.51459459500000004,88.234637899999996,90.017245900000006
511.30000000000001,88.650000000000006,1.01,1,87.772277200000005,88.650000000000006,1,1,88.650000000000006,88.650000000000006,0.98999999999999999,1,89.545454500000005,88.655910599999999,0.88660343500000005,0.51188073199999995,87.7693072,89.542513999999997
511.39999999999998,88.150000000000006,1.01,1,87.277227699999997,88.150000000000006,1,1,88.150000000000006,88.150000000000006,0.98999999999999999,1,89.040403999999995,88.1558773,0.88160285199999999,0.50899364400000002,87.274274399999996,89.037480099999996
511.5,87.760000000000005,1.01,1,86.891089100000002,87.760000000000005,1,1,87.760000000000005,87.760000000000005,0.98999999999999999,1,88.646464600000002,87.765851299999994,0.87770239699999997,0.50674171499999998,86.888148900000004,88.643553600000004
511.60000000000002,87.340000000000003,1.01,1,86.475247499999995,87.340000000000003,1,1,87.340000000000003,87.340000000000003,0.98999999999999999,1,88.222222200000004,87.345823199999998,0.87350190699999997,0.504316561,86.472321300000004,88.2193252
511.69999999999999,86.849999999999994,1.01,1,85.990099000000001,86.849999999999994,1,1,86.849999999999994,86.849999999999994,0.98999999999999999,1,87.7272727,86.855790600000006,0.86860133500000003,0.50148721500000004,85.987189200000003,87.724391900000001
511.80000000000001,86.459999999999994,1.01,1,85.603960400000005,86.459999999999994,1,1,86.459999999999994,86.459999999999994,0.98999999999999999,1,87.333333300000007,86.4657646,0.86470088000000001,0.499235286,85.601063699999997,87.330465500000003
511.89999999999998,86,1.01,1,85.148514899999995,86,1,1,86,86,0.98999999999999999,1,86.8686869,86.005733899999996,0.86010034300000004,0.49657916499999999,85.145633599999996,86.865834199999995
512,85.510000000000005,1.01,1,84.663366300000007,85.510000000000005,1,1,85.510000000000005,85.510000000000005,0.98999999999999999,1,86.373737399999996,85.515701199999995,0.85519977199999997,0.49374981800000001,84.660501499999995,86.370901000000003
512.10000000000002,85.170000000000002,1.01,1,84.326732699999994,85.170000000000002,1,1,85.170000000000002,85.170000000000002,0.98999999999999999,1,86.030303000000004,85.175678599999998,0.85179937500000003,0.49178659800000002,84.323879199999993,86.027477899999994
512.20000000000005,84.739999999999995,1.01,1,83.900990100000001,84.739999999999995,1,1,84.739999999999995,84.739999999999995,0.98999999999999999,1,85.5959596,84.745649900000004,0.84749887300000004,0.48930370299999998,83.898150999999999,85.593148799999994
512.29999999999995,84.200000000000003,1.01,1,83.366336599999997,84.200000000000003,1,1,84.200000000000003,84.200000000000003,0.98999999999999999,1,85.050505099999995,84.205613900000003,0.84209824300000002,0.486185647,83.363515699999994,85.047712099999998
512.39999999999998,83.739999999999995,1.01,1,82.910891100000001,83.739999999999995,1,1,83.739999999999995,83.739999999999995,0.98999999999999999,1,84.585858599999995,83.745583199999999,0.83749770599999995,0.48352952599999999,82.908085499999999,84.583080899999999
512.5,83.359999999999999,1.01,1,82.534653500000005,83.359999999999999,1,1,83.359999999999999,83.359999999999999,0.98999999999999999,1,84.202020200000007,83.365557899999999,0.83369726300000002,0.48133533899999997,82.531860600000002,84.199255199999996
512.60000000000002,82.920000000000002,1.01,1,82.099009899999999,82.920000000000002,1,1,82.920000000000002,82.920000000000002,0.98999999999999999,1,83.757575799999998,82.925528600000007,0.82929675000000003,0.47879470200000002,82.096231799999998,83.754825299999993
512.70000000000005,82.590000000000003,1.01,1,81.772277200000005,82.590000000000003,1,1,82.590000000000003,82.590000000000003,0.98999999999999999,1,83.424242399999997,82.595506599999993,0.82599636499999995,0.47688922299999997,81.769510199999999,83.421502899999993
512.79999999999995,82.090000000000003,1.01,1,81.277227699999997,82.090000000000003,1,1,82.090000000000003,82.090000000000003,0.98999999999999999,1,82.919191900000001,82.095473200000001,0.82099578100000004,0.47400213499999999,81.274477399999995,82.916469000000006
512.89999999999998,81.719999999999999,1.01,1,80.910891100000001,81.719999999999999,1,1,81.719999999999999,81.719999999999999,0.98999999999999999,1,82.545454500000005,81.725448499999999,0.817295349,0.47186569,80.908153200000001,82.542743900000005
513,81.299999999999997,1.01,1,80.495049499999993,81.299999999999997,1,1,81.299999999999997,81.299999999999997,0.98999999999999999,1,82.121212099999994,81.305420499999997,0.813094859,0.46944053600000002,80.492325699999995,82.118515400000007
513.10000000000002,80.909999999999997,1.01,1,80.108910899999998,80.909999999999997,1,1,80.909999999999997,80.909999999999997,0.98999999999999999,1,81.7272727,80.915394500000005,0.80919440399999998,0.46718860699999998,80.106200099999995,81.724588900000001
513.20000000000005,80.540000000000006,1.01,1,79.742574300000001,80.540000000000006,1,1,80.540000000000006,80.540000000000006,0.98999999999999999,1,81.353535399999998,80.545369899999997,0.80549397300000003,0.46505216199999999,79.739875900000001,81.350863799999999
513.29999999999995,80.109999999999999,1.01,1,79.316831699999994,80.109999999999999,1,1,80.109999999999999,80.109999999999999,0.98999999999999999,1,80.919191900000001,80.115341200000003,0.80119347100000005,0.46256926599999998,79.314147700000007,80.9165347
513.39999999999998,79.730000000000004,1.01,1,78.940594099999998,79.730000000000004,1,1,79.730000000000004,79.730000000000004,0.98999999999999999,1,80.535353499999999,79.735315900000003,0.797393028,0.46037507900000002,78.937922799999996,80.532708900000003
513.5,79.170000000000002,1.01,1,78.386138599999995,79.170000000000002,1,1,79.170000000000002,79.170000000000002,0.98999999999999999,1,79.969696999999996,79.175278500000005,0.79179237400000002,0.45714154000000001,78.383486199999993,79.967070899999996
513.60000000000002,78.799999999999997,1.01,1,78.019801999999999,78.799999999999997,1,1,78.799999999999997,78.799999999999997,0.98999999999999999,1,79.5959596,78.805253899999997,0.78809194199999999,0.45500509500000003,78.017161900000005,79.593345799999994
513.70000000000005,78.379999999999995,1.01,1,77.603960400000005,78.379999999999995,1,1,78.379999999999995,78.379999999999995,0.98999999999999999,1,79.171717200000003,78.385225899999995,0.78389145199999999,0.45257994099999999,77.601334399999999,79.169117299999996
513.79999999999995,78.060000000000002,1.01,1,77.287128699999997,78.060000000000002,1,1,78.060000000000002,78.060000000000002,0.98999999999999999,1,78.848484799999994,78.065204499999993,0.78069107900000001,0.450732205,77.284513399999994,78.845895600000006
513.89999999999998,77.569999999999993,1.01,1,76.801980200000003,77.569999999999993,1,1,77.569999999999993,77.569999999999993,0.98999999999999999,1,78.353535399999998,77.575171900000001,0.77579050699999996,0.44790285800000001,76.799381299999993,78.3509624
514,77.180000000000007,1.01,1,76.415841599999993,77.180000000000007,1,1,77.180000000000007,77.180000000000007,0.98999999999999999,1,77.959596000000005,77.185145800000001,0.77189005200000005,0.44565092899999997,76.413255800000002,77.957035899999994
514.10000000000002,76.959999999999994,1.01,1,76.198019799999997,76.959999999999994,1,1,76.959999999999994,76.959999999999994,0.98999999999999999,1,77.737373700000006,76.965131200000002,0.76968979599999998,0.44438061099999998,76.195441400000007,77.734820999999997
514.20000000000005,76.340000000000003,1.01,1,75.584158400000007,76.340000000000003,1,1,76.340000000000003,76.340000000000003,0.98999999999999999,1,77.111111100000002,76.345089799999997,0.76348907200000005,0.440800621,75.581600800000004,77.108578899999998
514.29999999999995,76.069999999999993,1.01,1,75.316831699999994,76.069999999999993,1,1,76.069999999999993,76.069999999999993,0.98999999999999999,1,76.838383800000003,76.075071800000003,0.76078875700000004,0.43924159400000001,75.314283099999997,76.835860600000004
514.39999999999998,75.599999999999994,1.01,1,74.851485100000005,75.599999999999994,1,1,75.599999999999994,75.599999999999994,0.98999999999999999,1,76.363636400000004,75.605040500000001,0.75608820899999996,0.43652773099999997,74.848952299999993,76.361128699999995
514.5,75.230000000000004,1.01,1,74.485148499999994,75.230000000000004,1,1,75.230000000000004,75.230000000000004,0.98999999999999999,1,75.989898999999994,75.235015799999999,0.75238777700000004,0.43439128599999999,74.482628099999999,75.987403599999993
514.60000000000002,74.75,1.01,1,74.009900999999999,74.75,1,1,74.75,74.75,0.98999999999999999,1,75.505050499999996,74.754983800000005,0.74758721699999997,0.43161968099999998,74.007396600000007,75.502571000000003
514.70000000000005,74.459999999999994,1.01,1,73.722772300000003,74.459999999999994,1,1,74.459999999999994,74.459999999999994,0.98999999999999999,1,75.212121199999999,74.464964499999994,0.74468687899999997,0.42994516999999999,73.720277600000003,75.209651399999998
514.79999999999995,73.959999999999994,1.01,1,73.227722799999995,73.959999999999994,1,1,73.959999999999994,73.959999999999994,0.98999999999999999,1,74.707070700000003,73.964931199999995,0.73968629500000005,0.42705808200000001,73.225244900000007,74.704617499999998
514.89999999999998,73.620000000000005,1.01,1,72.891089100000002,73.620000000000005,1,1,73.620000000000005,73.620000000000005,0.98999999999999999,1,74.363636400000004,73.624908500000004,0.73628589799999999,0.42509486200000002,72.888622600000005,74.361194400000002
515,73.200000000000003,1.01,1,72.475247499999995,73.200000000000003,1,1,73.200000000000003,73.200000000000003,0.98999999999999999,1,73.939393899999999,73.204880500000002,0.73208540799999999,0.42266970799999998,72.472795099999999,73.936965900000004
515.10000000000002,72.950000000000003,1.01,1,72.227722799999995,72.950000000000003,1,1,72.950000000000003,72.950000000000003,0.98999999999999999,1,73.686868700000005,72.954863799999998,0.72958511699999995,0.42122616400000001,72.225278700000004,73.684448900000007
515.20000000000005,72.700000000000003,1.01,1,71.980198000000001,72.700000000000003,1,1,72.700000000000003,72.700000000000003,0.98999999999999999,1,73.434343400000003,72.704847200000003,0.72708482500000005,0.41978261900000002,71.977762299999995,73.431932000000003
515.29999999999995,72.180000000000007,1.01,1,71.465346499999995,72.180000000000007,1,1,72.180000000000007,72.180000000000007,0.98999999999999999,1,72.909090899999995,72.184812500000007,0.72188421800000002,0.41678004800000001,71.462928300000002,72.906696699999998
515.39999999999998,71.599999999999994,1.01,1,70.891089100000002,71.599999999999994,1,1,71.599999999999994,71.599999999999994,0.98999999999999999,1,72.323232300000001,71.604773800000004,0.71608354200000002,0.41343102500000001,70.888690299999993,72.320857399999994
515.5,71.219999999999999,1.01,1,70.514851500000006,71.219999999999999,1,1,71.219999999999999,71.219999999999999,0.98999999999999999,1,71.939393899999999,71.224748500000004,0.712283098,0.41123683799999999,70.512465399999996,71.937031599999997
515.60000000000002,71,1.01,1,70.297029699999996,71,1,1,71,71,0.98999999999999999,1,71.717171699999994,71.004733799999997,0.71008284200000005,0.40996652,70.294651000000002,71.714816600000006
515.70000000000005,70.590000000000003,1.01,1,69.891089100000002,70.590000000000003,1,1,70.590000000000003,70.590000000000003,0.98999999999999999,1,71.303030300000003,70.594706500000001,0.70598236299999995,0.40759910700000002,69.888724100000005,71.300688800000003
515.79999999999995,70.120000000000005,1.01,1,69.425742600000007,70.120000000000005,1,1,70.120000000000005,70.120000000000005,0.98999999999999999,1,70.828282799999997,70.124675100000005,0.70128181499999998,0.404885245,69.423393300000001,70.825956899999994
515.89999999999998,69.900000000000006,1.01,1,69.207920799999997,69.900000000000006,1,1,69.900000000000006,69.900000000000006,0.98999999999999999,1,70.606060600000006,69.904660500000006,0.69908155800000005,0.40361492599999998,69.205578900000006,70.603741999999997
516,69.530000000000001,1.01,1,68.8415842,69.530000000000001,1,1,69.530000000000001,69.530000000000001,0.98999999999999999,1,70.232323199999996,69.534635800000004,0.69538112600000002,0.40147848000000003,68.839254699999998,70.230016899999995
516.10000000000002,68.980000000000004,1.01,1,68.297029699999996,68.980000000000004,1,1,68.980000000000004,68.980000000000004,0.98999999999999999,1,69.676767699999999,68.984599099999997,0.68988048499999999,0.39830268400000002,68.294718599999996,69.674479599999998
516.20000000000005,68.620000000000005,1.01,1,67.940594099999998,68.620000000000005,1,1,68.620000000000005,68.620000000000005,0.98999999999999999,1,69.313131299999995,68.624575100000001,0.68628006500000005,0.39622397999999998,67.938295100000005,69.310855200000006
516.29999999999995,68.260000000000005,1.01,1,67.584158400000007,68.260000000000005,1,1,68.260000000000005,68.260000000000005,0.98999999999999999,1,68.949494900000005,68.264551100000006,0.682679645,0.39414527700000002,67.581871500000005,68.9472308
516.39999999999998,67.909999999999997,1.01,1,67.237623799999994,67.909999999999997,1,1,67.909999999999997,67.909999999999997,0.98999999999999999,1,68.5959596,67.914527800000002,0.67917923599999996,0.392124315,67.235348500000001,68.593706999999995
516.5,67.540000000000006,1.01,1,66.871287100000004,67.540000000000006,1,1,67.540000000000006,67.540000000000006,0.98999999999999999,1,68.222222200000004,67.5445031,0.67547880400000004,0.38998787000000001,66.869024300000007,68.219981899999993
516.60000000000002,67.180000000000007,1.01,1,66.514851500000006,67.180000000000007,1,1,67.180000000000007,67.180000000000007,0.98999999999999999,1,67.858585899999994,67.184479100000004,0.671878384,0.38790916600000003,66.512600699999993,67.856357500000001
516.70000000000005,66.799999999999997,1.01,1,66.138613899999996,66.799999999999997,1,1,66.799999999999997,66.799999999999997,0.98999999999999999,1,67.474747500000007,66.804453800000005,0.66807794099999995,0.38571497900000001,66.136375799999996,67.472531700000005
516.79999999999995,66.540000000000006,1.01,1,65.881188100000003,66.540000000000006,1,1,66.540000000000006,66.540000000000006,0.98999999999999999,1,67.212121199999999,66.544436399999995,0.66547763800000004,0.38421369300000002,65.878958800000007,67.209914100000006
516.89999999999998,66.5,1.01,1,65.8415842,66.5,1,1,66.5,66.5,0.98999999999999999,1,67.171717200000003,66.504433800000001,0.66507759099999997,0.383982726,65.839356199999997,67.169511400000005
517,66,1.01,1,65.346534700000007,66,1,1,66,66,0.98999999999999999,1,66.666666699999993,66.004400399999994,0.66007700800000002,0.38109563800000001,65.344323399999993,66.664477399999996
517.10000000000002,65.480000000000004,1.01,1,64.831683200000001,65.480000000000004,1,1,65.480000000000004,65.480000000000004,0.98999999999999999,1,66.141414100000006,65.484365800000006,0.654876401,0.37809306599999998,64.8294894,66.139242199999998
517.20000000000005,65.049999999999997,1.01,1,64.405940599999994,65.049999999999997,1,1,65.049999999999997,65.049999999999997,0.98999999999999999,1,65.707070700000003,65.054337099999998,0.65057589900000001,0.37561017099999999,64.403761200000005,65.704913000000005
517.29999999999995,64.840000000000003,1.01,1,64.198019799999997,64.840000000000003,1,1,64.840000000000003,64.840000000000003,0.98999999999999999,1,65.494949500000004,64.844323099999997,0.64847565399999996,0.37439759299999997,64.195847400000005,65.492798800000003
517.39999999999998,64.519999999999996,1.01,1,63.881188100000003,64.519999999999996,1,1,64.519999999999996,64.519999999999996,0.98999999999999999,1,65.171717200000003,64.524301800000003,0.64527528099999998,0.37254985699999998,63.879026500000002,65.169577000000004
517.5,64,1.01,1,63.366336599999997,64,1,1,64,64,0.98999999999999999,1,64.646464600000002,64.004267100000007,0.64007467399999995,0.369547285,63.3641924,64.644341800000007
517.60000000000002,63.659999999999997,1.01,1,63.029702999999998,63.659999999999997,1,1,63.659999999999997,63.659999999999997,0.98999999999999999,1,64.303030300000003,63.664244400000001,0.63667427700000001,0.36758406500000002,63.027570099999998,64.300918699999997
517.70000000000005,63.299999999999997,1.01,1,62.673267299999999,63.299999999999997,1,1,63.299999999999997,63.299999999999997,0.98999999999999999,1,63.939393899999999,63.304220399999998,0.63307385699999996,0.365505362,62.6711466,63.937294299999998
517.79999999999995,62.979999999999997,1.01,1,62.356435599999998,62.979999999999997,1,1,62.979999999999997,62.979999999999997,0.98999999999999999,1,63.616161599999998,62.984199099999998,0.62987348399999998,0.36365762600000001,62.354325600000003,63.6140726
517.89999999999998,62.490000000000002,1.01,1,61.871287100000004,62.490000000000002,1,1,62.490000000000002,62.490000000000002,0.98999999999999999,1,63.121212100000001,62.494166399999997,0.62497291200000005,0.36082827899999997,61.869193500000002,63.119139300000001
518,62.189999999999998,1.01,1,61.5742574,62.189999999999998,1,1,62.189999999999998,62.189999999999998,0.98999999999999999,1,62.818181799999998,62.194146400000001,0.62197256199999995,0.35909602600000001,61.572173900000003,62.816119
518.10000000000002,61.969999999999999,1.01,1,61.356435599999998,61.969999999999999,1,1,61.969999999999999,61.969999999999999,0.98999999999999999,1,62.5959596,61.974131700000001,0.61977230500000002,0.35782570699999999,61.3543594,62.593904100000003
518.20000000000005,61.539999999999999,1.01,1,60.930693099999999,61.539999999999999,1,1,61.539999999999999,61.539999999999999,0.98999999999999999,1,62.161616199999997,61.544103100000001,0.61547180400000001,0.35534281200000001,60.928631299999999,62.159574900000003
518.29999999999995,61.310000000000002,1.01,1,60.702970299999997,61.310000000000002,1,1,61.310000000000002,61.310000000000002,0.98999999999999999,1,61.9292929,61.314087700000002,0.61317153499999999,0.35401475100000002,60.700916200000002,61.927259300000003
518.39999999999998,60.950000000000003,1.01,1,60.346534699999999,60.950000000000003,1,1,60.950000000000003,60.950000000000003,0.98999999999999999,1,61.565656599999997,60.954063699999999,0.60957111500000005,0.351936048,60.344492600000002,61.563634899999997
518.5,60.649999999999999,1.01,1,60.049505000000003,60.649999999999999,1,1,60.649999999999999,60.649999999999999,0.98999999999999999,1,61.262626300000001,60.654043700000003,0.60657076499999996,0.35020379499999998,60.047472999999997,61.260614500000003
518.60000000000002,60.289999999999999,1.01,1,59.693069299999998,60.289999999999999,1,1,60.289999999999999,60.289999999999999,0.98999999999999999,1,60.898989899999997,60.2940197,0.60297034500000002,0.348125091,59.691049399999997,60.896990099999996
518.70000000000005,59.770000000000003,1.01,1,59.178217799999999,59.770000000000003,1,1,59.770000000000003,59.770000000000003,0.98999999999999999,1,60.373737400000003,59.773985099999997,0.59776973899999997,0.34512251900000002,59.176215300000003,60.371754799999998
518.79999999999995,59.479999999999997,1.01,1,58.891089100000002,59.479999999999997,1,1,59.479999999999997,59.479999999999997,0.98999999999999999,1,60.080808099999999,59.483965699999999,0.59486939999999999,0.34344800800000003,58.889096299999999,60.078835099999999
518.89999999999998,59.25,1.01,1,58.6633663,59.25,1,1,59.25,59.25,0.98999999999999999,1,59.848484800000001,59.253950400000001,0.59256913200000005,0.34211994800000001,58.661381300000002,59.846519499999999
519,58.859999999999999,1.01,1,58.277227699999997,58.859999999999999,1,1,58.859999999999999,58.859999999999999,0.98999999999999999,1,59.454545500000002,58.863924400000002,0.58866867700000003,0.33986801900000002,58.275255700000002,59.452593100000001
519.10000000000002,58.390000000000001,1.01,1,57.811881200000002,58.390000000000001,1,1,58.390000000000001,58.390000000000001,0.98999999999999999,1,58.979798000000002,58.3938931,0.58396812799999998,0.33715415599999998,57.809924899999999,58.9778612
519.20000000000005,58.159999999999997,1.01,1,57.5841584,58.159999999999997,1,1,58.159999999999997,58.159999999999997,0.98999999999999999,1,58.747474699999998,58.1638777,0.58166786000000004,0.33582609600000002,57.582209900000002,58.7455456
519.29999999999995,57.810000000000002,1.01,1,57.237623800000001,57.810000000000002,1,1,57.810000000000002,57.810000000000002,0.98999999999999999,1,58.393939400000001,57.813854399999997,0.57816745199999997,0.333805134,57.235686899999997,58.392021800000002
519.39999999999998,57.43,1.01,1,56.861386099999997,57.43,1,1,57.43,57.43,0.98999999999999999,1,58.010100999999999,57.433829000000003,0.57436700799999996,0.33161094699999999,56.859462000000001,58.008196099999999
519.5,57.149999999999999,1.01,1,56.5841584,57.149999999999999,1,1,57.149999999999999,57.149999999999999,0.98999999999999999,1,57.7272727,57.153810399999998,0.57156668200000005,0.329994177,56.582243699999999,57.725377100000003
519.60000000000002,56.869999999999997,1.01,1,56.306930700000002,56.869999999999997,1,1,56.869999999999997,56.869999999999997,0.98999999999999999,1,57.444444400000002,56.873791699999998,0.56876635499999995,0.32837740799999998,56.305025399999998,57.442558099999999
519.70000000000005,56.530000000000001,1.01,1,55.970297000000002,56.530000000000001,1,1,56.530000000000001,56.530000000000001,0.98999999999999999,1,57.101010100000003,56.533768999999999,0.565365958,0.32641418799999999,55.968403100000003,57.099134999999997
519.79999999999995,56.140000000000001,1.01,1,55.5841584,56.140000000000001,1,1,56.140000000000001,56.140000000000001,0.98999999999999999,1,56.707070700000003,56.143743000000001,0.56146550299999998,0.32416225900000001,55.582277499999996,56.705208499999998
519.89999999999998,55.939999999999998,1.01,1,55.386138600000002,55.939999999999998,1,1,55.939999999999998,55.939999999999998,0.98999999999999999,1,56.505050500000003,55.943729699999999,0.55946527000000001,0.32300742399999999,55.384264399999999,56.503194999999998
520,55.520000000000003,1.01,1,54.970297000000002,55.520000000000003,1,1,55.520000000000003,55.520000000000003,0.98999999999999999,1,56.080808099999999,55.523701699999997,0.55526478000000001,0.32058227,54.9684369,56.0789665
520.10000000000002,55.210000000000001,1.01,1,54.6633663,55.210000000000001,1,1,55.210000000000001,55.210000000000001,0.98999999999999999,1,55.767676799999997,55.213681000000001,0.55216441800000005,0.31879227500000001,54.661516599999999,55.765845499999998
520.20000000000005,54.909999999999997,1.01,1,54.366336599999997,54.909999999999997,1,1,54.909999999999997,54.909999999999997,0.98999999999999999,1,55.464646500000001,54.913660999999998,0.54916406799999995,0.317060022,54.364497,55.462825100000003
520.29999999999995,54.619999999999997,1.01,1,54.0792079,54.619999999999997,1,1,54.619999999999997,54.619999999999997,0.98999999999999999,1,55.171717200000003,54.6236417,0.54626372999999995,0.31538551100000001,54.077378000000003,55.169905399999998
520.39999999999998,54.32,1.01,1,53.782178199999997,54.32,1,1,54.32,54.32,0.98999999999999999,1,54.8686869,54.323621699999997,0.54326337999999996,0.31365325799999999,53.780358300000003,54.866885099999998
520.5,54.119999999999997,1.01,1,53.5841584,54.119999999999997,1,1,54.119999999999997,54.119999999999997,0.98999999999999999,1,54.6666667,54.123608400000002,0.54126314600000003,0.31249842300000003,53.582345199999999,54.664871499999997
520.60000000000002,53.640000000000001,1.01,1,53.108910899999998,53.640000000000001,1,1,53.640000000000001,53.640000000000001,0.98999999999999999,1,54.181818200000002,53.643576400000001,0.53646258599999996,0.30972681899999999,53.1071138,54.1800389
520.70000000000005,53.479999999999997,1.01,1,52.950494999999997,53.479999999999997,1,1,53.479999999999997,53.479999999999997,0.98999999999999999,1,54.020201999999998,53.4835657,0.53486239899999999,0.30880295000000002,52.948703299999998,54.018428100000001
520.79999999999995,53.140000000000001,1.01,1,52.613861399999998,53.140000000000001,1,1,53.140000000000001,53.140000000000001,0.98999999999999999,1,53.676767699999999,53.143543000000001,0.53146200300000002,0.30683972999999998,52.612081000000003,53.675004999999999
520.89999999999998,52.789999999999999,1.01,1,52.267326699999998,52.789999999999999,1,1,52.789999999999999,52.789999999999999,0.98999999999999999,1,53.323232300000001,52.793519699999997,0.52796159399999998,0.30481876899999999,52.2655581,53.321481300000002
521,52.560000000000002,1.01,1,52.039603999999997,52.560000000000002,1,1,52.560000000000002,52.560000000000002,0.98999999999999999,1,53.090909099999998,52.563504399999999,0.52566132600000004,0.303490708,52.037843000000002,53.089165700000002
521.10000000000002,52.25,1.01,1,51.732673300000002,52.25,1,1,52.25,52.25,0.98999999999999999,1,52.777777800000003,52.253483699999997,0.52256096399999996,0.30170071300000001,51.730922700000001,52.776044599999999
521.20000000000005,51.880000000000003,1.01,1,51.366336599999997,51.880000000000003,1,1,51.880000000000003,51.880000000000003,0.98999999999999999,1,52.4040404,51.883459000000002,0.51886053300000001,0.29956426800000002,51.3645985,52.402319499999997
521.29999999999995,51.780000000000001,1.01,1,51.267326699999998,51.780000000000001,1,1,51.780000000000001,51.780000000000001,0.98999999999999999,1,52.303030300000003,51.7834523,0.51786041599999999,0.298986851,51.265591899999997,52.301312799999998
521.39999999999998,51.32,1.01,1,50.811881200000002,51.32,1,1,51.32,51.32,0.98999999999999999,1,51.838383800000003,51.323421699999997,0.51325987900000003,0.29633072900000001,50.810161800000003,51.836681599999999
521.5,50.950000000000003,1.01,1,50.445544599999998,50.950000000000003,1,1,50.950000000000003,50.950000000000003,0.98999999999999999,1,51.464646500000001,50.953397000000002,0.50955944799999997,0.29419428399999997,50.443837600000002,51.462956499999997
521.60000000000002,50.68,1.01,1,50.178217799999999,50.68,1,1,50.68,50.68,0.98999999999999999,1,51.191919200000001,50.683379000000002,0.50685913299999996,0.29263525699999998,50.176519900000002,51.190238100000002
521.70000000000005,50.240000000000002,1.01,1,49.742574300000001,50.240000000000002,1,1,50.240000000000002,50.240000000000002,0.98999999999999999,1,50.747474699999998,50.243349700000003,0.502458619,0.290094619,49.740890999999998,50.7458083
521.79999999999995,50.060000000000002,1.01,1,49.564356400000001,50.060000000000002,1,1,50.060000000000002,50.060000000000002,0.98999999999999999,1,50.565656599999997,50.063337699999998,0.50065840900000003,0.289055267,49.562679299999999,50.563996099999997
521.89999999999998,49.810000000000002,1.01,1,49.316831700000002,49.810000000000002,1,1,49.810000000000002,49.810000000000002,0.98999999999999999,1,50.313131300000002,49.813321000000002,0.49815811700000001,0.28761172299999999,49.315162899999997,50.3114791
522,49.409999999999997,1.01,1,48.9207921,49.409999999999997,1,1,49.409999999999997,49.409999999999997,0.98999999999999999,1,49.909090900000002,49.413294299999997,0.49415765099999998,0.285302053,48.919136700000003,49.907451999999999
522.10000000000002,49.109999999999999,1.01,1,48.623762399999997,49.109999999999999,1,1,49.109999999999999,49.109999999999999,0.98999999999999999,1,49.606060599999999,49.1132743,0.49115730099999999,0.28356979999999998,48.622117000000003,49.604431599999998
522.20000000000005,48.75,1.01,1,48.267326699999998,48.75,1,1,48.75,48.75,0.98999999999999999,1,49.242424200000002,48.753250299999998,0.487556881,0.281491096,48.265693400000004,49.240807199999999
522.29999999999995,48.549999999999997,1.01,1,48.069306900000001,48.549999999999997,1,1,48.549999999999997,48.549999999999997,0.98999999999999999,1,49.040404000000002,48.553237000000003,0.48555664700000001,0.28033626099999998,48.067680299999999,49.038793599999998
522.39999999999998,48.340000000000003,1.01,1,47.861386099999997,48.340000000000003,1,1,48.340000000000003,48.340000000000003,0.98999999999999999,1,48.828282799999997,48.343223000000002,0.48345640200000001,0.27912368399999998,47.8597666,48.826679400000003
522.5,48.100000000000001,1.01,1,47.623762399999997,48.100000000000001,1,1,48.100000000000001,48.100000000000001,0.98999999999999999,1,48.585858600000002,48.103206999999998,0.48105612199999997,0.27773788199999999,47.622150900000001,48.584263100000001
522.60000000000002,47.640000000000001,1.01,1,47.168316799999999,47.640000000000001,1,1,47.640000000000001,47.640000000000001,0.98999999999999999,1,48.121212100000001,47.6431763,0.47645558500000001,0.27508176099999998,47.166720699999999,48.119631900000002
522.70000000000005,47.409999999999997,1.01,1,46.940594099999998,47.409999999999997,1,1,47.409999999999997,47.409999999999997,0.98999999999999999,1,47.888888899999998,47.413161000000002,0.47415531700000002,0.27375369999999999,46.939005700000003,47.887316300000002
522.79999999999995,47.200000000000003,1.01,1,46.732673300000002,47.200000000000003,1,1,47.200000000000003,47.200000000000003,0.98999999999999999,1,47.676767699999999,47.203147000000001,0.47205507200000002,0.272541123,46.731091900000003,47.6752021
522.89999999999998,46.990000000000002,1.01,1,46.524752499999998,46.990000000000002,1,1,46.990000000000002,46.990000000000002,0.98999999999999999,1,47.464646500000001,46.993133,0.46995482700000002,0.271328546,46.523178199999997,47.463087799999997
523,46.619999999999997,1.01,1,46.1584158,46.619999999999997,1,1,46.619999999999997,46.619999999999997,0.98999999999999999,1,47.090909099999998,46.623108299999998,0.46625439499999999,0.26919210100000002,46.156853900000002,47.089362700000002
523.10000000000002,46.409999999999997,1.01,1,45.950494999999997,46.409999999999997,1,1,46.409999999999997,46.409999999999997,0.98999999999999999,1,46.878787899999999,46.413094299999997,0.46415414999999999,0.26797952400000002,45.948940200000003,46.8772485
523.20000000000005,46.100000000000001,1.01,1,45.643564400000002,46.100000000000001,1,1,46.100000000000001,46.100000000000001,0.98999999999999999,1,46.565656599999997,46.103073600000002,0.46105378899999999,0.26618952899999998,45.642019900000001,46.564127399999997
523.29999999999995,45.829999999999998,1.01,1,45.376237600000003,45.829999999999998,1,1,45.829999999999998,45.829999999999998,0.98999999999999999,1,46.292929299999997,45.833055600000002,0.45835347399999998,0.26463050100000002,45.374702200000002,46.291409100000003
523.39999999999998,45.420000000000002,1.01,1,44.970297000000002,45.420000000000002,1,1,45.420000000000002,45.420000000000002,0.98999999999999999,1,45.878787899999999,45.423028299999999,0.45425299499999999,0.262263089,44.968775299999997,45.8772813
523.5,45.18,1.01,1,44.732673300000002,45.18,1,1,45.18,45.18,0.98999999999999999,1,45.636363600000003,45.183012300000001,0.45185271500000002,0.26087728700000001,44.731159599999998,45.634864999999998
523.60000000000002,44.850000000000001,1.01,1,44.405940600000001,44.850000000000001,1,1,44.850000000000001,44.850000000000001,0.98999999999999999,1,45.303030300000003,44.852990300000002,0.44855233,0.258971809,44.404437999999999,45.301542599999998
523.70000000000005,44.579999999999998,1.01,1,44.138613900000003,44.579999999999998,1,1,44.579999999999998,44.579999999999998,0.98999999999999999,1,45.030303000000004,44.582972300000002,0.44585201499999999,0.25741278099999998,44.137120299999999,45.028824299999997
523.79999999999995,44.350000000000001,1.01,1,43.910891100000001,44.350000000000001,1,1,44.350000000000001,44.350000000000001,0.98999999999999999,1,44.7979798,44.352957000000004,0.443551747,0.25608471999999999,43.909405200000002,44.796508699999997
523.89999999999998,44.140000000000001,1.01,1,43.702970299999997,44.140000000000001,1,1,44.140000000000001,44.140000000000001,0.98999999999999999,1,44.585858600000002,44.142943000000002,0.441451502,0.254872143,43.701491500000003,44.584394500000002
524,43.810000000000002,1.01,1,43.376237600000003,43.810000000000002,1,1,43.810000000000002,43.810000000000002,0.98999999999999999,1,44.252525300000002,43.812921000000003,0.43815111699999998,0.25296666499999998,43.374769800000003,44.251072100000002
524.10000000000002,43.530000000000001,1.01,1,43.099009899999999,43.530000000000001,1,1,43.530000000000001,43.530000000000001,0.98999999999999999,1,43.969696999999996,43.532902300000003,0.43535078999999999,0.25134989600000002,43.097551500000002,43.968253099999998
524.20000000000005,43.159999999999997,1.01,1,42.732673300000002,43.159999999999997,1,1,43.159999999999997,43.159999999999997,0.98999999999999999,1,43.5959596,43.162877600000002,0.43165035800000001,0.249213451,42.7312273,43.594527999999997
524.29999999999995,42.990000000000002,1.01,1,42.564356400000001,42.990000000000002,1,1,42.990000000000002,42.990000000000002,0.98999999999999999,1,43.424242399999997,42.992866300000003,0.42995016000000003,0.24823184100000001,42.562916100000002,43.422816400000002
524.39999999999998,42.770000000000003,1.01,1,42.346534699999999,42.770000000000003,1,1,42.770000000000003,42.770000000000003,0.98999999999999999,1,43.2020202,42.772851600000003,0.42774990299999999,0.24696152199999999,42.345101700000001,43.200601499999998
524.5,42.509999999999998,1.01,1,42.089108899999999,42.509999999999998,1,1,42.509999999999998,42.509999999999998,0.98999999999999999,1,42.939393899999999,42.512834300000002,0.42514960000000002,0.245460236,42.087684699999997,42.937983899999999
524.60000000000002,42.270000000000003,1.01,1,41.851485099999998,42.270000000000003,1,1,42.270000000000003,42.270000000000003,0.98999999999999999,1,42.696969699999997,42.272818299999997,0.42274931999999998,0.24407443400000001,41.850068999999998,42.695567599999997
524.70000000000005,42.030000000000001,1.01,1,41.613861399999998,42.030000000000001,1,1,42.030000000000001,42.030000000000001,0.98999999999999999,1,42.454545500000002,42.0328023,0.42034904000000001,0.24268863099999999,41.612453199999997,42.453151300000002
524.79999999999995,41.810000000000002,1.01,1,41.396039600000002,41.810000000000002,1,1,41.810000000000002,41.810000000000002,0.98999999999999999,1,42.232323200000003,41.8127876,0.41814878300000002,0.241418313,41.394638800000003,42.230936399999997
524.89999999999998,41.439999999999998,1.01,1,41.029702999999998,41.439999999999998,1,1,41.439999999999998,41.439999999999998,0.98999999999999999,1,41.858585900000001,41.442762899999998,0.41444835099999999,0.23928186700000001,41.028314600000002,41.857211300000003
525,41.259999999999998,1.01,1,40.851485099999998,41.259999999999998,1,1,41.259999999999998,41.259999999999998,0.98999999999999999,1,41.676767699999999,41.2627509,0.41264814100000002,0.23824251599999999,40.850102800000002,41.6753991
525.10000000000002,40.990000000000002,1.01,1,40.5841584,40.990000000000002,1,1,40.990000000000002,40.990000000000002,0.98999999999999999,1,41.4040404,40.9927329,0.40994782600000002,0.236683488,40.582785100000002,41.402680799999999
525.20000000000005,40.829999999999998,1.01,1,40.4257426,40.829999999999998,1,1,40.829999999999998,40.829999999999998,0.98999999999999999,1,41.242424200000002,40.8327223,0.40834764000000001,0.23575962,40.4243746,41.241069899999999
525.29999999999995,40.700000000000003,1.01,1,40.297029700000003,40.700000000000003,1,1,40.700000000000003,40.700000000000003,0.98999999999999999,1,41.111111100000002,40.702713600000003,0.40704748800000001,0.23500897700000001,40.295666099999998,41.1097611
525.39999999999998,40.189999999999998,1.01,1,39.792079200000003,40.189999999999998,1,1,40.189999999999998,40.189999999999998,0.98999999999999999,1,40.5959596,40.192679599999998,0.40194689300000003,0.232064147,39.7907327,40.594626499999997
525.5,39.990000000000002,1.01,1,39.594059399999999,39.990000000000002,1,1,39.990000000000002,39.990000000000002,0.98999999999999999,1,40.393939400000001,39.992666300000003,0.39994666000000001,0.23090931200000001,39.592719600000002,40.392612900000003
525.60000000000002,39.710000000000001,1.01,1,39.316831700000002,39.710000000000001,1,1,39.710000000000001,39.710000000000001,0.98999999999999999,1,40.111111100000002,39.712647599999997,0.39714633300000002,0.22929254199999999,39.315501300000001,40.1097939
525.70000000000005,39.390000000000001,1.01,1,39,39.390000000000001,1,1,39.390000000000001,39.390000000000001,0.98999999999999999,1,39.787878800000001,39.392626300000003,0.39394595999999998,0.227444806,38.998680299999997,39.786572200000002
525.79999999999995,39.210000000000001,1.01,1,38.821782200000001,39.210000000000001,1,1,39.210000000000001,39.210000000000001,0.98999999999999999,1,39.606060599999999,39.212614299999998,0.39214575000000002,0.22640545400000001,38.820468499999997,39.604759999999999
525.89999999999998,39.009999999999998,1.01,1,38.623762399999997,39.009999999999998,1,1,39.009999999999998,39.009999999999998,0.98999999999999999,1,39.4040404,39.012600900000002,0.39014551600000003,0.22525061900000001,38.6224554,39.402746399999998
526,38.700000000000003,1.01,1,38.316831700000002,38.700000000000003,1,1,38.700000000000003,38.700000000000003,0.98999999999999999,1,39.090909099999998,38.702580300000001,0.387045154,0.223460624,38.315535099999998,39.089625400000003
526.10000000000002,38.390000000000001,1.01,1,38.009900999999999,38.390000000000001,1,1,38.390000000000001,38.390000000000001,0.98999999999999999,1,38.777777800000003,38.392559599999998,0.38394479300000001,0.22167062900000001,38.008614799999997,38.7765044
526.20000000000005,38.200000000000003,1.01,1,37.821782200000001,38.200000000000003,1,1,38.200000000000003,38.200000000000003,0.98999999999999999,1,38.585858600000002,38.202546900000002,0.382044571,0.22057353599999999,37.820502400000002,38.584591500000002
526.29999999999995,38.030000000000001,1.01,1,37.653465300000001,38.030000000000001,1,1,38.030000000000001,38.030000000000001,0.98999999999999999,1,38.414141399999998,38.032535600000003,0.38034437300000001,0.21959192599999999,37.652191199999997,38.412880000000001
526.39999999999998,37.850000000000001,1.01,1,37.475247500000002,37.850000000000001,1,1,37.850000000000001,37.850000000000001,0.98999999999999999,1,38.232323200000003,37.852523599999998,0.37854416299999999,0.218552574,37.473979399999997,38.231067699999997
526.5,37.640000000000001,1.01,1,37.267326699999998,37.640000000000001,1,1,37.640000000000001,37.640000000000001,0.98999999999999999,1,38.020201999999998,37.642509599999997,0.37644391799999999,0.21733999700000001,37.266065699999999,38.018953500000002
526.60000000000002,37.270000000000003,1.01,1,36.900990100000001,37.270000000000003,1,1,37.270000000000003,37.270000000000003,0.98999999999999999,1,37.646464600000002,37.272484900000002,0.37274348600000001,0.21520355199999999,36.899741400000003,37.645228400000001
526.70000000000005,36.969999999999999,1.01,1,36.603960399999998,36.969999999999999,1,1,36.969999999999999,36.969999999999999,0.98999999999999999,1,37.343434299999998,36.972464899999999,0.36974313599999997,0.213471299,36.602721799999998,37.342207999999999
526.79999999999995,36.93,1.01,1,36.564356400000001,36.93,1,1,36.93,36.93,0.98999999999999999,1,37.303030300000003,36.932462200000003,0.36934308900000001,0.213240332,36.563119200000003,37.301805299999998
526.89999999999998,36.57,1.01,1,36.207920799999997,36.57,1,1,36.57,36.57,0.98999999999999999,1,36.939393899999999,36.572438200000001,0.36574266900000002,0.21116162899999999,36.206695600000003,36.938180899999999
527,36.280000000000001,1.01,1,35.9207921,36.280000000000001,1,1,36.280000000000001,36.280000000000001,0.98999999999999999,1,36.646464600000002,36.282418900000003,0.36284233100000002,0.209487117,35.919576599999999,36.6452612
527.10000000000002,36.140000000000001,1.01,1,35.782178199999997,36.140000000000001,1,1,36.140000000000001,36.140000000000001,0.98999999999999999,1,36.505050500000003,36.142409600000001,0.36144216699999998,0.20867873300000001,35.780967400000002,36.503851699999998
527.20000000000005,35.869999999999997,1.01,1,35.514851499999999,35.869999999999997,1,1,35.869999999999997,35.869999999999997,0.98999999999999999,1,36.232323200000003,35.8723916,0.35874185200000003,0.20711970499999999,35.513649700000002,36.231133399999997
527.29999999999995,35.700000000000003,1.01,1,35.346534699999999,35.700000000000003,1,1,35.700000000000003,35.700000000000003,0.98999999999999999,1,36.060606100000001,35.7023802,0.35704165399999999,0.20613809499999999,35.345338599999998,36.059421899999997
527.39999999999998,35.350000000000001,1.01,1,35,35.350000000000001,1,1,35.350000000000001,35.350000000000001,0.98999999999999999,1,35.707070700000003,35.352356899999997,0.35354124599999998,0.20411713300000001,34.998815700000002,35.705898099999999
527.5,35.289999999999999,1.01,1,34.940594099999998,35.289999999999999,1,1,35.289999999999999,35.289999999999999,0.98999999999999999,1,35.646464600000002,35.292352899999997,0.35294117600000002,0.20377068300000001,34.939411700000001,35.645294100000001
527.60000000000002,35.030000000000001,1.01,1,34.683168299999998,35.030000000000001,1,1,35.030000000000001,35.030000000000001,0.98999999999999999,1,35.383838400000002,35.032335600000003,0.35034087200000003,0.20226939699999999,34.681994699999997,35.382676400000001
527.70000000000005,34.810000000000002,1.01,1,34.465346500000003,34.810000000000002,1,1,34.810000000000002,34.810000000000002,0.98999999999999999,1,35.161616199999997,34.812320900000003,0.34814061600000001,0.200999078,34.464180300000002,35.160461499999997
527.79999999999995,34.479999999999997,1.01,1,34.138613900000003,34.479999999999997,1,1,34.479999999999997,34.479999999999997,0.98999999999999999,1,34.828282799999997,34.482298900000004,0.344840231,0.19909360000000001,34.137458700000003,34.827139099999997
527.89999999999998,34.259999999999998,1.01,1,33.9207921,34.259999999999998,1,1,34.259999999999998,34.259999999999998,0.98999999999999999,1,34.606060599999999,34.262284200000003,0.34263997400000001,0.19782328099999999,33.919644300000002,34.604924199999999
528,34.149999999999999,1.01,1,33.811881200000002,34.149999999999999,1,1,34.149999999999999,34.149999999999999,0.98999999999999999,1,34.494949499999997,34.152276899999997,0.34153984599999998,0.19718812199999999,33.810737000000003,34.493816700000004
528.10000000000002,34.049999999999997,1.01,1,33.712871300000003,34.049999999999997,1,1,34.049999999999997,34.049999999999997,0.98999999999999999,1,34.393939400000001,34.052270200000002,0.34053972900000001,0.196610704,33.711730500000002,34.392809999999997
528.20000000000005,33.840000000000003,1.01,1,33.5049505,33.840000000000003,1,1,33.840000000000003,33.840000000000003,0.98999999999999999,1,34.181818200000002,33.842256200000001,0.33843948400000001,0.195398127,33.503816700000002,34.180695700000001
528.29999999999995,33.539999999999999,1.01,1,33.207920799999997,33.539999999999999,1,1,33.539999999999999,33.539999999999999,0.98999999999999999,1,33.878787899999999,33.542236199999998,0.33543913400000003,0.19366587399999999,33.206797100000003,33.877675400000001
528.39999999999998,33.32,1.01,1,32.990099000000001,33.32,1,1,33.32,33.32,0.98999999999999999,1,33.656565700000002,33.322221599999999,0.33323887699999999,0.192395555,32.988982700000001,33.655460400000003
528.5,33.020000000000003,1.01,1,32.693069299999998,33.020000000000003,1,1,33.020000000000003,33.020000000000003,0.98999999999999999,1,33.353535399999998,33.022201600000002,0.330238527,0.19066330300000001,32.691963000000001,33.352440100000003
528.60000000000002,32.780000000000001,1.01,1,32.455445500000003,32.780000000000001,1,1,32.780000000000001,32.780000000000001,0.98999999999999999,1,33.111111100000002,32.782185599999998,0.32783824700000003,0.18927749999999999,32.454347300000002,33.1100238
528.70000000000005,32.539999999999999,1.01,1,32.217821800000003,32.539999999999999,1,1,32.539999999999999,32.539999999999999,0.98999999999999999,1,32.8686869,32.542169600000001,0.32543796699999999,0.187891698,32.216731600000003,32.867607499999998
528.79999999999995,32.280000000000001,1.01,1,31.960395999999999,32.280000000000001,1,1,32.280000000000001,32.280000000000001,0.98999999999999999,1,32.606060599999999,32.282152199999999,0.32283766400000002,0.18639041200000001,31.959314599999999,32.6049899
528.89999999999998,32.270000000000003,1.01,1,31.950495,32.270000000000003,1,1,32.270000000000003,32.270000000000003,0.98999999999999999,1,32.5959596,32.2721515,0.32273765199999999,0.18633267000000001,31.9494139,32.594889199999997
529,31.859999999999999,1.01,1,31.5445545,31.859999999999999,1,1,31.859999999999999,31.859999999999999,0.98999999999999999,1,32.181818200000002,31.8621242,0.31863717400000002,0.18396525799999999,31.543486999999999,32.180761400000002
529.10000000000002,31.800000000000001,1.01,1,31.485148500000001,31.800000000000001,1,1,31.800000000000001,31.800000000000001,0.98999999999999999,1,32.121212100000001,31.802120200000001,0.31803710400000001,0.18361880699999999,31.484083099999999,32.120157300000002
529.20000000000005,31.579999999999998,1.01,1,31.267326700000002,31.579999999999998,1,1,31.579999999999998,31.579999999999998,0.98999999999999999,1,31.8989899,31.582105500000001,0.31583684699999998,0.182348489,31.266268700000001,31.897942400000002
529.29999999999995,31.25,1.01,1,30.940594099999998,31.25,1,1,31.25,31.25,0.98999999999999999,1,31.565656600000001,31.252083500000001,0.31253646200000001,0.18044300999999999,30.939547099999999,31.564620000000001
529.39999999999998,30.98,1.01,1,30.673267299999999,30.98,1,1,30.98,30.98,0.98999999999999999,1,31.292929300000001,30.982065500000001,0.30983614700000001,0.178883983,30.672229399999999,31.2919017
529.5,30.800000000000001,1.01,1,30.4950495,30.800000000000001,1,1,30.800000000000001,30.800000000000001,0.98999999999999999,1,31.111111099999999,30.8020535,0.30803593699999998,0.177844631,30.494017599999999,31.110089500000001
529.60000000000002,30.710000000000001,1.01,1,30.405940600000001,30.710000000000001,1,1,30.710000000000001,30.710000000000001,0.98999999999999999,1,31.020202000000001,30.712047500000001,0.307135832,0.17732495500000001,30.4049117,31.019183399999999
529.70000000000005,30.449999999999999,1.01,1,30.148514899999999,30.449999999999999,1,1,30.449999999999999,30.449999999999999,0.98999999999999999,1,30.757575800000001,30.452030199999999,0.30453552900000003,0.17582366899999999,30.147494699999999,30.756565699999999
529.79999999999995,30.199999999999999,1.01,1,29.900990100000001,30.199999999999999,1,1,30.199999999999999,30.199999999999999,0.98999999999999999,1,30.505050499999999,30.2020135,0.30203523700000001,0.174380125,29.899978300000001,30.5040488
529.89999999999998,29.949999999999999,1.01,1,29.653465300000001,29.949999999999999,1,1,29.949999999999999,29.949999999999999,0.98999999999999999,1,30.252525299999999,29.951996900000001,0.299534945,0.17293658100000001,29.652461899999999,30.251531799999999
530,29.82,1.01,1,29.524752500000002,29.82,1,1,29.82,29.82,0.98999999999999999,1,30.121212100000001,29.8219882,0.298234793,0.17218593800000001,29.5237534,30.120222999999999
530.10000000000002,29.649999999999999,1.01,1,29.356435600000001,29.649999999999999,1,1,29.649999999999999,29.649999999999999,0.98999999999999999,1,29.949494900000001,29.651976900000001,0.29653459500000001,0.17120432799999999,29.3554423,29.948511499999999
530.20000000000005,29.489999999999998,1.01,1,29.198019800000001,29.489999999999998,1,1,29.489999999999998,29.489999999999998,0.98999999999999999,1,29.787878800000001,29.4919662,0.29493440799999998,0.17028045999999999,29.197031800000001,29.786900599999999
530.29999999999995,29.219999999999999,1.01,1,28.930693099999999,29.219999999999999,1,1,29.219999999999999,29.219999999999999,0.98999999999999999,1,29.515151500000002,29.2219482,0.29223409299999997,0.168721432,28.929714100000002,29.514182300000002
530.39999999999998,28.969999999999999,1.01,1,28.683168299999998,28.969999999999999,1,1,28.969999999999999,28.969999999999999,0.98999999999999999,1,29.262626300000001,28.9719315,0.28973380199999998,0.16727788800000001,28.6821977,29.261665300000001
530.5,28.760000000000002,1.01,1,28.475247499999998,28.760000000000002,1,1,28.760000000000002,28.760000000000002,0.98999999999999999,1,29.050505099999999,28.761917499999999,0.28763355699999998,0.16606531099999999,28.474284000000001,29.049551099999999
530.60000000000002,28.760000000000002,1.01,1,28.475247499999998,28.760000000000002,1,1,28.760000000000002,28.760000000000002,0.98999999999999999,1,29.050505099999999,28.761917499999999,0.28763355699999998,0.16606531099999999,28.474284000000001,29.049551099999999
530.70000000000005,28.539999999999999,1.01,1,28.257425699999999,28.539999999999999,1,1,28.539999999999999,28.539999999999999,0.98999999999999999,1,28.8282828,28.5419029,0.2854333,0.164794993,28.256469599999999,28.827336200000001
530.79999999999995,28.359999999999999,1.01,1,28.0792079,28.359999999999999,1,1,28.359999999999999,28.359999999999999,0.98999999999999999,1,28.646464600000002,28.361890899999999,0.28363308999999998,0.16375564100000001,28.078257799999999,28.645523900000001
530.89999999999998,28.210000000000001,1.01,1,27.930693099999999,28.210000000000001,1,1,28.210000000000001,28.210000000000001,0.98999999999999999,1,28.494949500000001,28.211880900000001,0.28213291499999998,0.16288951400000001,27.929747899999999,28.494013800000001
531,28.149999999999999,1.01,1,27.8712871,28.149999999999999,1,1,28.149999999999999,28.149999999999999,0.98999999999999999,1,28.434343399999999,28.151876900000001,0.28153284499999998,0.16254306399999999,27.870343999999999,28.433409699999999
531.10000000000002,27.859999999999999,1.01,1,27.5841584,27.859999999999999,1,1,27.859999999999999,27.859999999999999,0.98999999999999999,1,28.141414099999999,27.861857499999999,0.27863250699999997,0.160868553,27.583224999999999,28.14049
531.20000000000005,27.800000000000001,1.01,1,27.524752500000002,27.800000000000001,1,1,27.800000000000001,27.800000000000001,0.98999999999999999,1,28.080808099999999,27.8018535,0.27803243700000002,0.160522102,27.523821099999999,28.079885999999998
531.29999999999995,27.460000000000001,1.01,1,27.188118800000002,27.460000000000001,1,1,27.460000000000001,27.460000000000001,0.98999999999999999,1,27.737373699999999,27.461830800000001,0.27463204000000002,0.15855888200000001,27.187198800000001,27.736462899999999
531.39999999999998,27.120000000000001,1.01,1,26.851485100000001,27.120000000000001,1,1,27.120000000000001,27.120000000000001,0.98999999999999999,1,27.393939400000001,27.1218082,0.27123164300000002,0.156595662,26.850576499999999,27.3930398
531.5,27.02,1.01,1,26.752475199999999,27.02,1,1,27.02,27.02,0.98999999999999999,1,27.292929300000001,27.021801499999999,0.270231526,0.156018245,26.751570000000001,27.292033
531.60000000000002,26.690000000000001,1.01,1,26.4257426,26.690000000000001,1,1,26.690000000000001,26.690000000000001,0.98999999999999999,1,26.959596000000001,26.691779499999999,0.26693114099999998,0.15411276600000001,26.424848399999998,26.958710700000001
531.70000000000005,26.77,1.01,1,26.5049505,26.77,1,1,26.77,26.77,0.98999999999999999,1,27.040403999999999,26.771784799999999,0.26773123500000001,0.15457470000000001,26.504053599999999,27.0395161
531.79999999999995,26.460000000000001,1.01,1,26.198019800000001,26.460000000000001,1,1,26.460000000000001,26.460000000000001,0.98999999999999999,1,26.7272727,26.461764200000001,0.26463087299999999,0.15278470599999999,26.197133300000001,26.726395
531.89999999999998,26.239999999999998,1.01,1,25.980198000000001,26.239999999999998,1,1,26.239999999999998,26.239999999999998,0.98999999999999999,1,26.505050499999999,26.241749500000001,0.26243061600000001,0.151514387,25.979318899999999,26.504180099999999
532,26.100000000000001,1.01,1,25.8415842,26.100000000000001,1,1,26.100000000000001,26.100000000000001,0.98999999999999999,1,26.363636400000001,26.101740199999998,0.261030453,0.15070600200000001,25.840709700000001,26.362770600000001
532.10000000000002,25.899999999999999,1.01,1,25.643564399999999,25.899999999999999,1,1,25.899999999999999,25.899999999999999,0.98999999999999999,1,26.161616200000001,25.901726799999999,0.25903021999999998,0.14955116700000001,25.642696600000001,26.160757100000001
532.20000000000005,25.800000000000001,1.01,1,25.5445545,25.800000000000001,1,1,25.800000000000001,25.800000000000001,0.98999999999999999,1,26.060606100000001,25.801720199999998,0.25803010300000001,0.14897374899999999,25.543690099999999,26.059750300000001
532.29999999999995,25.600000000000001,1.01,1,25.346534699999999,25.600000000000001,1,1,25.600000000000001,25.600000000000001,0.98999999999999999,1,25.858585900000001,25.601706799999999,0.25602986999999999,0.147818914,25.345676999999998,25.8577367
532.39999999999998,25.52,1.01,1,25.267326700000002,25.52,1,1,25.52,25.52,0.98999999999999999,1,25.777777799999999,25.521701499999999,0.25522977600000002,0.14735698,25.2664717,25.776931300000001
532.5,25.260000000000002,1.01,1,25.009900999999999,25.260000000000002,1,1,25.260000000000002,25.260000000000002,0.98999999999999999,1,25.515151500000002,25.261684200000001,0.25262947299999999,0.14585569400000001,25.0090547,25.514313600000001
532.60000000000002,25.09,1.01,1,24.8415842,25.09,1,1,25.09,25.09,0.98999999999999999,1,25.343434299999998,25.091672800000001,0.25092927500000001,0.14487408399999999,24.8407436,25.342602100000001
532.70000000000005,24.940000000000001,1.01,1,24.693069300000001,24.940000000000001,1,1,24.940000000000001,24.940000000000001,0.98999999999999999,1,25.191919200000001,24.9416628,0.24942909999999999,0.14400795799999999,24.692233699999999,25.1910919
532.79999999999995,24.850000000000001,1.01,1,24.603960399999998,24.850000000000001,1,1,24.850000000000001,24.850000000000001,0.98999999999999999,1,25.1010101,24.851656800000001,0.248528995,0.14348828199999999,24.603127799999999,25.100185799999998
532.89999999999998,24.57,1.01,1,24.326732700000001,24.57,1,1,24.57,24.57,0.98999999999999999,1,24.818181800000001,24.571638199999999,0.24572866800000001,0.141871513,24.325909500000002,24.817366799999999
533,24.460000000000001,1.01,1,24.217821799999999,24.460000000000001,1,1,24.460000000000001,24.460000000000001,0.98999999999999999,1,24.707070699999999,24.461630799999998,0.24462853900000001,0.14123635300000001,24.217002300000001,24.7062594
533.10000000000002,24.170000000000002,1.01,1,23.930693099999999,24.170000000000002,1,1,24.170000000000002,24.170000000000002,0.98999999999999999,1,24.414141399999998,24.171611500000001,0.241728201,0.13956184199999999,23.9298833,24.413339700000002
533.20000000000005,24.109999999999999,1.01,1,23.8712871,24.109999999999999,1,1,24.109999999999999,24.109999999999999,0.98999999999999999,1,24.353535399999998,24.111607500000002,0.241128131,0.13921539099999999,23.870479400000001,24.352735599999999
533.29999999999995,23.920000000000002,1.01,1,23.683168299999998,23.920000000000002,1,1,23.920000000000002,23.920000000000002,0.98999999999999999,1,24.161616200000001,23.921594800000001,0.23922790899999999,0.138118298,23.682366900000002,24.160822700000001
533.39999999999998,23.77,1.01,1,23.534653500000001,23.77,1,1,23.77,23.77,0.98999999999999999,1,24.010100999999999,23.771584799999999,0.237727734,0.13725217100000001,23.533857099999999,24.009312600000001
533.5,23.57,1.01,1,23.3366337,23.57,1,1,23.57,23.57,0.98999999999999999,1,23.808080799999999,23.571571500000001,0.23572750100000001,0.13609733600000001,23.335844000000002,23.807299
533.60000000000002,23.350000000000001,1.01,1,23.118811900000001,23.350000000000001,1,1,23.350000000000001,23.350000000000001,0.98999999999999999,1,23.585858600000002,23.351556800000001,0.23352724399999999,0.13482701699999999,23.1180296,23.5850841
533.70000000000005,23.16,1.01,1,22.930693099999999,23.16,1,1,23.16,23.16,0.98999999999999999,1,23.393939400000001,23.161544200000002,0.23162702299999999,0.133729924,22.929917100000001,23.393171200000001
533.79999999999995,23.140000000000001,1.01,1,22.910891100000001,23.140000000000001,1,1,23.140000000000001,23.140000000000001,0.98999999999999999,1,23.3737374,23.1415428,0.23142699899999999,0.13361444,22.9101158,23.3729698
533.89999999999998,22.859999999999999,1.01,1,22.6336634,22.859999999999999,1,1,22.859999999999999,22.859999999999999,0.98999999999999999,1,23.090909100000001,22.861524200000002,0.228626673,0.13199767100000001,22.632897499999999,23.0901508
534,22.629999999999999,1.01,1,22.405940600000001,22.629999999999999,1,1,22.629999999999999,22.629999999999999,0.98999999999999999,1,22.858585900000001,22.631508799999999,0.22632640400000001,0.13066960999999999,22.405182400000001,22.8578352
534.10000000000002,22.510000000000002,1.01,1,22.2871287,22.510000000000002,1,1,22.510000000000002,22.510000000000002,0.98999999999999999,1,22.737373699999999,22.5115008,0.22512626399999999,0.129976709,22.286374599999998,22.7366271
534.20000000000005,22.420000000000002,1.01,1,22.198019800000001,22.420000000000002,1,1,22.420000000000002,22.420000000000002,0.98999999999999999,1,22.646464600000002,22.421494800000001,0.22422615900000001,0.129457033,22.197268699999999,22.645721000000002
534.29999999999995,22.27,1.01,1,22.049505,22.27,1,1,22.27,22.27,0.98999999999999999,1,22.494949500000001,22.2714848,0.22272598399999999,0.128590907,22.048758800000002,22.494210800000001
534.39999999999998,22.100000000000001,1.01,1,21.881188099999999,22.100000000000001,1,1,22.100000000000001,22.100000000000001,0.98999999999999999,1,22.323232300000001,22.101473500000001,0.221025786,0.12760929700000001,21.880447700000001,22.3224993
534.5,22.039999999999999,1.01,1,21.821782200000001,22.039999999999999,1,1,22.039999999999999,22.039999999999999,0.98999999999999999,1,22.262626300000001,22.041469500000002,0.22042571599999999,0.12726284600000001,21.821043800000002,22.261895200000001
534.60000000000002,21.75,1.01,1,21.534653500000001,21.75,1,1,21.75,21.75,0.98999999999999999,1,21.969697,21.7514501,0.21752537799999999,0.125588335,21.533924800000001,21.968975499999999
534.70000000000005,21.640000000000001,1.01,1,21.4257426,21.640000000000001,1,1,21.640000000000001,21.640000000000001,0.98999999999999999,1,21.858585900000001,21.6414428,0.21642524899999999,0.124953176,21.4250176,21.857868100000001
534.79999999999995,21.460000000000001,1.01,1,21.247524800000001,21.460000000000001,1,1,21.460000000000001,21.460000000000001,0.98999999999999999,1,21.676767699999999,21.461430799999999,0.21462503899999999,0.12391382400000001,21.246805800000001,21.6760558
534.89999999999998,21.399999999999999,1.01,1,21.188118800000002,21.399999999999999,1,1,21.399999999999999,21.399999999999999,0.98999999999999999,1,21.616161600000002,21.401426799999999,0.21402496900000001,0.12356737399999999,21.1874018,21.615451799999999
535,21.18,1.01,1,20.970296999999999,21.18,1,1,21.18,21.18,0.98999999999999999,1,21.393939400000001,21.181412099999999,0.211824712,0.122297055,20.969587400000002,21.393236900000002
535.10000000000002,21.120000000000001,1.01,1,20.910891100000001,21.120000000000001,1,1,21.120000000000001,21.120000000000001,0.98999999999999999,1,21.3333333,21.1214081,0.21122464199999999,0.121950604,20.910183499999999,21.332632799999999
535.20000000000005,21.16,1.01,1,20.950495,21.16,1,1,21.16,21.16,0.98999999999999999,1,21.3737374,21.161410799999999,0.211624689,0.122181571,20.949786100000001,21.3730355
535.29999999999995,20.710000000000001,1.01,1,20.5049505,20.710000000000001,1,1,20.710000000000001,20.710000000000001,0.98999999999999999,1,20.919191900000001,20.711380800000001,0.207124164,0.119583192,20.504256600000001,20.918505
535.39999999999998,20.489999999999998,1.01,1,20.2871287,20.489999999999998,1,1,20.489999999999998,20.489999999999998,0.98999999999999999,1,20.6969697,20.4913661,0.20492390699999999,0.118312873,20.2864422,20.696290000000001
535.5,20.640000000000001,1.01,1,20.435643599999999,20.640000000000001,1,1,20.640000000000001,20.640000000000001,0.98999999999999999,1,20.848484800000001,20.641376099999999,0.20642408200000001,0.11917899999999999,20.4349521,20.847800199999998
535.60000000000002,20.620000000000001,1.01,1,20.4158416,20.620000000000001,1,1,20.620000000000001,20.620000000000001,0.98999999999999999,1,20.8282828,20.621374800000002,0.20622405899999999,0.11906351599999999,20.415150700000002,20.827598900000002
535.70000000000005,20.359999999999999,1.01,1,20.1584158,20.359999999999999,1,1,20.359999999999999,20.359999999999999,0.98999999999999999,1,20.565656600000001,20.3613575,0.20362375599999999,0.11756223,20.157733700000001,20.564981199999998
535.79999999999995,20.16,1.01,1,19.960395999999999,20.16,1,1,20.16,20.16,0.98999999999999999,1,20.363636400000001,20.161344100000001,0.201623522,0.116407395,19.959720600000001,20.362967699999999
535.89999999999998,19.850000000000001,1.01,1,19.653465300000001,19.850000000000001,1,1,19.850000000000001,19.850000000000001,0.98999999999999999,1,20.050505099999999,19.851323499999999,0.198523161,0.11461739999999999,19.652800299999999,20.049846599999999
536,19.920000000000002,1.01,1,19.722772299999999,19.920000000000002,1,1,19.920000000000002,19.920000000000002,0.98999999999999999,1,20.121212100000001,19.9213281,0.19922324199999999,0.11502159300000001,19.722104900000001,20.1205514
536.10000000000002,19.57,1.01,1,19.3762376,19.57,1,1,19.57,19.57,0.98999999999999999,1,19.7676768,19.5713048,0.19572283400000001,0.113000631,19.375582000000001,19.767027599999999
536.20000000000005,19.379999999999999,1.01,1,19.188118800000002,19.379999999999999,1,1,19.379999999999999,19.379999999999999,0.98999999999999999,1,19.575757599999999,19.3812921,0.19382261200000001,0.111903537,19.187469499999999,19.5751147
536.29999999999995,19.25,1.01,1,19.059405900000002,19.25,1,1,19.25,19.25,0.98999999999999999,1,19.444444399999998,19.2512835,0.19252246100000001,0.111152894,19.058761000000001,19.443805900000001
536.39999999999998,19.140000000000001,1.01,1,18.950495,19.140000000000001,1,1,19.140000000000001,19.140000000000001,0.98999999999999999,1,19.3333333,19.141276099999999,0.191422332,0.11051773500000001,18.9498538,19.332698499999999
536.5,18.98,1.01,1,18.7920792,18.98,1,1,18.98,18.98,0.98999999999999999,1,19.1717172,18.981265499999999,0.189822146,0.109593867,18.791443300000001,19.1710876
536.60000000000002,18.82,1.01,1,18.6336634,18.82,1,1,18.82,18.82,0.98999999999999999,1,19.010100999999999,18.821254799999998,0.18822195899999999,0.108669999,18.633032799999999,19.009476800000002
536.70000000000005,18.640000000000001,1.01,1,18.4554455,18.640000000000001,1,1,18.640000000000001,18.640000000000001,0.98999999999999999,1,18.8282828,18.641242800000001,0.186421749,0.107630647,18.454820999999999,18.827664500000001
536.79999999999995,18.530000000000001,1.01,1,18.346534699999999,18.530000000000001,1,1,18.530000000000001,18.530000000000001,0.98999999999999999,1,18.717171700000002,18.531235500000001,0.18532161999999999,0.106995487,18.345913800000002,18.716557099999999
536.89999999999998,18.399999999999999,1.01,1,18.217821799999999,18.399999999999999,1,1,18.399999999999999,18.399999999999999,0.98999999999999999,1,18.585858600000002,18.4012268,0.18402146899999999,0.106244845,18.2172053,18.5852483
537,18.27,1.01,1,18.089108899999999,18.27,1,1,18.27,18.27,0.98999999999999999,1,18.454545499999998,18.271218099999999,0.18272131699999999,0.105494202,18.088496800000001,18.453939399999999
537.10000000000002,18.280000000000001,1.01,1,18.099009899999999,18.280000000000001,1,1,18.280000000000001,18.280000000000001,0.98999999999999999,1,18.464646500000001,18.281218800000001,0.182821329,0.105551943,18.098397500000001,18.464040099999998
537.20000000000005,18.030000000000001,1.01,1,17.851485100000001,18.030000000000001,1,1,18.030000000000001,18.030000000000001,0.98999999999999999,1,18.212121199999999,18.031202100000002,0.18032103699999999,0.104108399,17.850881099999999,18.211523199999998
537.29999999999995,17.890000000000001,1.01,1,17.7128713,17.890000000000001,1,1,17.890000000000001,17.890000000000001,0.98999999999999999,1,18.0707071,17.891192799999999,0.17892087400000001,0.103300015,17.712271900000001,18.0701137
537.39999999999998,17.68,1.01,1,17.5049505,17.68,1,1,17.68,17.68,0.98999999999999999,1,17.858585900000001,17.681178800000001,0.17682062900000001,0.102087438,17.504358199999999,17.857999400000001
537.5,17.84,1.01,1,17.6633663,17.84,1,1,17.84,17.84,0.98999999999999999,1,18.020202000000001,17.841189499999999,0.17842081500000001,0.103011306,17.6627686,18.0196103
537.60000000000002,17.239999999999998,1.01,1,17.069306900000001,17.239999999999998,1,1,17.239999999999998,17.239999999999998,0.98999999999999999,1,17.414141399999998,17.241149400000001,0.17242011500000001,0.099546800000000005,17.068729300000001,17.413569599999999
537.70000000000005,17.460000000000001,1.01,1,17.2871287,17.460000000000001,1,1,17.460000000000001,17.460000000000001,0.98999999999999999,1,17.636363599999999,17.461164100000001,0.174620372,0.100817119,17.286543699999999,17.6357845
537.79999999999995,17.239999999999998,1.01,1,17.069306900000001,17.239999999999998,1,1,17.239999999999998,17.239999999999998,0.98999999999999999,1,17.414141399999998,17.241149400000001,0.17242011500000001,0.099546800000000005,17.068729300000001,17.413569599999999
537.89999999999998,17.16,1.01,1,16.990099000000001,17.16,1,1,17.16,17.16,0.98999999999999999,1,17.3333333,17.161144100000001,0.17162002200000001,0.099084865899999999,16.989524100000001,17.332764099999999
538,17.129999999999999,1.01,1,16.960395999999999,17.129999999999999,1,1,17.129999999999999,17.129999999999999,0.98999999999999999,1,17.3030303,17.131142100000002,0.17131998700000001,0.098911640600000003,16.9598221,17.3024621
538.10000000000002,16.84,1.01,1,16.673267299999999,16.84,1,1,16.84,16.84,0.98999999999999999,1,17.010100999999999,16.841122800000001,0.168419649,0.097237129500000005,16.6727031,17.009542400000001
538.20000000000005,16.75,1.01,1,16.5841584,16.75,1,1,16.75,16.75,0.98999999999999999,1,16.919191900000001,16.751116799999998,0.16751954399999999,0.096717453600000003,16.5835972,16.918636299999999
538.29999999999995,16.609999999999999,1.01,1,16.445544600000002,16.609999999999999,1,1,16.609999999999999,16.609999999999999,0.98999999999999999,1,16.777777799999999,16.611107400000002,0.16611938000000001,0.095909068900000005,16.4449881,16.777226800000001
538.39999999999998,16.719999999999999,1.01,1,16.554455399999998,16.719999999999999,1,1,16.719999999999999,16.719999999999999,0.98999999999999999,1,16.888888900000001,16.721114799999999,0.16721950899999999,0.096544228300000007,16.553895300000001,16.8883343
538.5,16.539999999999999,1.01,1,16.3762376,16.539999999999999,1,1,16.539999999999999,16.539999999999999,0.98999999999999999,1,16.707070699999999,16.541102800000001,0.16541929899999999,0.095504876599999997,16.375683500000001,16.706522100000001
538.60000000000002,16.260000000000002,1.01,1,16.099009899999999,16.260000000000002,1,1,16.260000000000002,16.260000000000002,0.98999999999999999,1,16.424242400000001,16.261084100000001,0.162618972,0.093888107200000001,16.098465099999999,16.423703100000001
538.70000000000005,16.100000000000001,1.01,1,15.9405941,16.100000000000001,1,1,16.100000000000001,16.100000000000001,0.98999999999999999,1,16.262626300000001,16.101073400000001,0.161018785,0.092964239000000004,15.940054699999999,16.262092200000001
538.79999999999995,15.970000000000001,1.01,1,15.8118812,15.970000000000001,1,1,15.970000000000001,15.970000000000001,0.98999999999999999,1,16.1313131,15.971064800000001,0.159718634,0.092213596100000003,15.8113461,16.130783399999999
538.89999999999998,15.74,1.01,1,15.5841584,15.74,1,1,15.74,15.74,0.98999999999999999,1,15.8989899,15.7410494,0.157418365,0.090885535500000003,15.5836311,15.898467800000001
539,15.68,1.01,1,15.5247525,15.68,1,1,15.68,15.68,0.98999999999999999,1,15.838383800000001,15.6810454,0.156818295,0.090539084899999997,15.524227099999999,15.8378637
539.10000000000002,15.75,1.01,1,15.594059400000001,15.75,1,1,15.75,15.75,0.98999999999999999,1,15.909090900000001,15.7510501,0.15751837699999999,0.0909432773,15.5935317,15.908568499999999
539.20000000000005,15.6,1.01,1,15.4455446,15.6,1,1,15.6,15.6,0.98999999999999999,1,15.7575758,15.601040100000001,0.15601820199999999,0.090077150800000005,15.4450219,15.757058300000001
539.29999999999995,15.449999999999999,1.01,1,15.2970297,15.449999999999999,1,1,15.449999999999999,15.449999999999999,0.98999999999999999,1,15.606060599999999,15.451030100000001,0.154518027,0.089211024400000005,15.296512099999999,15.6055481
539.39999999999998,15.449999999999999,1.01,1,15.2970297,15.449999999999999,1,1,15.449999999999999,15.449999999999999,0.98999999999999999,1,15.606060599999999,15.451030100000001,0.154518027,0.089211024400000005,15.296512099999999,15.6055481
539.5,15.359999999999999,1.01,1,15.2079208,15.359999999999999,1,1,15.359999999999999,15.359999999999999,0.98999999999999999,1,15.5151515,15.3610241,0.15361792199999999,0.088691348500000003,15.207406199999999,15.514642
539.60000000000002,15.119999999999999,1.01,1,14.970297,15.119999999999999,1,1,15.119999999999999,15.119999999999999,0.98999999999999999,1,15.2727273,15.121008099999999,0.15121764200000001,0.0873055462,14.9697905,15.2722257
539.70000000000005,14.890000000000001,1.01,1,14.742574299999999,14.890000000000001,1,1,14.890000000000001,14.890000000000001,0.98999999999999999,1,15.040404000000001,14.890992799999999,0.14891737299999999,0.0859774856,14.742075399999999,15.0399101
539.79999999999995,14.880000000000001,1.01,1,14.7326733,14.880000000000001,1,1,14.880000000000001,14.880000000000001,0.98999999999999999,1,15.030303,14.8809921,0.14881736200000001,0.085919743800000004,14.7321747,15.029809500000001
539.89999999999998,14.710000000000001,1.01,1,14.564356399999999,14.710000000000001,1,1,14.710000000000001,14.710000000000001,0.98999999999999999,1,14.8585859,14.7109808,0.147117163,0.084938133900000004,14.563863599999999,14.858097900000001
540,14.6,1.01,1,14.4554455,14.6,1,1,14.6,14.6,0.98999999999999999,1,14.7474747,14.600973400000001,0.14601703499999999,0.084302974500000002,14.4549564,14.746990500000001
540.10000000000002,14.91,1.01,1,14.7623762,14.91,1,1,14.91,14.91,0.98999999999999999,1,15.060606099999999,14.9109941,0.14911739700000001,0.0860929691,14.7618767,15.0601115
540.20000000000005,14.640000000000001,1.01,1,14.4950495,14.640000000000001,1,1,14.640000000000001,14.640000000000001,0.98999999999999999,1,14.7878788,14.6409761,0.146417082,0.084533941500000001,14.494559000000001,14.7873932
540.29999999999995,14.32,1.01,1,14.178217800000001,14.32,1,1,14.32,14.32,0.98999999999999999,1,14.464646500000001,14.320954800000001,0.143216708,0.082686205099999993,14.177738099999999,14.464171500000001
540.39999999999998,14.199999999999999,1.01,1,14.0594059,14.199999999999999,1,1,14.199999999999999,14.199999999999999,0.98999999999999999,1,14.3434343,14.200946800000001,0.14201656800000001,0.081993303899999995,14.058930200000001,14.342963299999999
540.5,14.33,1.01,1,14.1881188,14.33,1,1,14.33,14.33,0.98999999999999999,1,14.474747499999999,14.330955400000001,0.14331672000000001,0.082743946900000004,14.187638700000001,14.4742721
540.60000000000002,13.9,1.01,1,13.7623762,13.9,1,1,13.9,13.9,0.98999999999999999,1,14.040404000000001,13.900926800000001,0.139016218,0.080261051,13.761910500000001,14.039942999999999
540.70000000000005,14.029999999999999,1.01,1,13.8910891,14.029999999999999,1,1,14.029999999999999,14.029999999999999,0.98999999999999999,1,14.1717172,14.030935400000001,0.14031637,0.081011693999999995,13.8906191,14.1712518
540.79999999999995,13.81,1.01,1,13.673267299999999,13.81,1,1,13.81,13.81,0.98999999999999999,1,13.949494899999999,13.8109208,0.13811611300000001,0.079741375200000006,13.672804599999999,13.949036899999999
540.89999999999998,13.58,1.01,1,13.4455446,13.58,1,1,13.58,13.58,0.98999999999999999,1,13.7171717,13.580905400000001,0.13581584499999999,0.078413314600000006,13.445089599999999,13.7167213
541,13.68,1.01,1,13.5445545,13.68,1,1,13.68,13.68,0.98999999999999999,1,13.8181818,13.6809121,0.13681596200000001,0.078990732199999997,13.544096100000001,13.8177281
541.10000000000002,13.48,1.01,1,13.346534699999999,13.48,1,1,13.48,13.48,0.98999999999999999,1,13.6161616,13.4808988,0.134815728,0.077835897000000001,13.346083,13.615714499999999
541.20000000000005,13.32,1.01,1,13.1881188,13.32,1,1,13.32,13.32,0.98999999999999999,1,13.4545455,13.320888099999999,0.13321554199999999,0.076912028800000004,13.1876725,13.4541036
541.29999999999995,13.27,1.01,1,13.138613899999999,13.27,1,1,13.27,13.27,0.98999999999999999,1,13.4040404,13.270884799999999,0.132715483,0.0766233199,13.138169299999999,13.4036002
541.39999999999998,13.16,1.01,1,13.029703,13.16,1,1,13.16,13.16,0.98999999999999999,1,13.292929300000001,13.1608774,0.13161535499999999,0.075988160599999993,13.0292621,13.2924928
541.5,13.25,1.01,1,13.118811900000001,13.25,1,1,13.25,13.25,0.98999999999999999,1,13.3838384,13.250883399999999,0.13251546,0.076507836400000001,13.118368,13.3833989
541.60000000000002,13.23,1.01,1,13.0990099,13.23,1,1,13.23,13.23,0.98999999999999999,1,13.363636400000001,13.230882100000001,0.13231543700000001,0.076392352900000002,13.098566699999999,13.3631975
541.70000000000005,13,1.01,1,12.8712871,13,1,1,13,13,0.98999999999999999,1,13.1313131,13.000866800000001,0.13001516799999999,0.075064292300000002,12.8708516,13.1308819
541.79999999999995,12.789999999999999,1.01,1,12.6633663,12.789999999999999,1,1,12.789999999999999,12.789999999999999,0.98999999999999999,1,12.9191919,12.7908528,0.12791492300000001,0.073851715299999995,12.6629378,12.9187677
541.89999999999998,12.859999999999999,1.01,1,12.7326733,12.859999999999999,1,1,12.859999999999999,12.859999999999999,0.98999999999999999,1,12.989898999999999,12.8608574,0.128615005,0.074255907699999998,12.732242400000001,12.9894724
542,12.58,1.01,1,12.4554455,12.58,1,1,12.58,12.58,0.98999999999999999,1,12.707070699999999,12.5808388,0.12581467800000001,0.072639138300000003,12.455024099999999,12.7066534
542.10000000000002,12.6,1.01,1,12.4752475,12.6,1,1,12.6,12.6,0.98999999999999999,1,12.7272727,12.600840099999999,0.12601470100000001,0.072754621800000002,12.4748254,12.7268548
542.20000000000005,12.69,1.01,1,12.564356399999999,12.69,1,1,12.69,12.69,0.98999999999999999,1,12.8181818,12.6908461,0.12691480599999999,0.073274297700000005,12.5639313,12.8177609
542.29999999999995,12.460000000000001,1.01,1,12.3366337,12.460000000000001,1,1,12.460000000000001,12.460000000000001,0.98999999999999999,1,12.5858586,12.460830700000001,0.124614538,0.071946237100000004,12.336216200000001,12.5854453
542.39999999999998,12.07,1.01,1,11.950495,12.07,1,1,12.07,12.07,0.98999999999999999,1,12.191919199999999,12.0708047,0.120714083,0.069694308299999994,11.950090700000001,12.191518800000001
542.5,12.09,1.01,1,11.970297,12.09,1,1,12.09,12.09,0.98999999999999999,1,12.2121212,12.0908061,0.12091410599999999,0.069809791900000001,11.969892,12.2117202
542.60000000000002,11.949999999999999,1.01,1,11.831683200000001,11.949999999999999,1,1,11.949999999999999,11.949999999999999,0.98999999999999999,1,12.0707071,11.9507967,0.119513943,0.069001407200000003,11.8312828,12.0703107
542.70000000000005,11.83,1.01,1,11.7128713,11.83,1,1,11.83,11.83,0.98999999999999999,1,11.949494899999999,11.830788699999999,0.118313803,0.068308506000000005,11.7124749,11.9491025
542.79999999999995,11.76,1.01,1,11.643564400000001,11.76,1,1,11.76,11.76,0.98999999999999999,1,11.878787900000001,11.7607841,0.117613721,0.067904313699999996,11.643170400000001,11.8783978
542.89999999999998,11.66,1.01,1,11.5445545,11.66,1,1,11.66,11.66,0.98999999999999999,1,11.777777800000001,11.660777400000001,0.116613605,0.067326896100000005,11.5441638,11.777391
543,11.48,1.01,1,11.3663366,11.48,1,1,11.48,11.48,0.98999999999999999,1,11.5959596,11.480765399999999,0.114813395,0.066287544300000001,11.365952,11.5955788
543.10000000000002,11.4,1.01,1,11.2871287,11.4,1,1,11.4,11.4,0.98999999999999999,1,11.5151515,11.400760099999999,0.114013301,0.065825610199999995,11.2867468,11.514773399999999
543.20000000000005,11.35,1.01,1,11.2376238,11.35,1,1,11.35,11.35,0.98999999999999999,1,11.464646500000001,11.3507567,0.113513243,0.0655369014,11.2372435,11.464270000000001
543.29999999999995,11.210000000000001,1.01,1,11.0990099,11.210000000000001,1,1,11.210000000000001,11.210000000000001,0.98999999999999999,1,11.323232300000001,11.210747400000001,0.11211308,0.064728516700000002,11.098634300000001,11.322860500000001
543.39999999999998,11.18,1.01,1,11.069306900000001,11.18,1,1,11.18,11.18,0.98999999999999999,1,11.292929300000001,11.180745399999999,0.111813045,0.064555291400000006,11.0689324,11.2925585
543.5,11.109999999999999,1.01,1,11,11.109999999999999,1,1,11.109999999999999,11.109999999999999,0.98999999999999999,1,11.222222199999999,11.110740699999999,0.111112963,0.064151099099999997,10.999627800000001,11.2218537
543.60000000000002,11.01,1.01,1,10.9009901,11.01,1,1,11.01,11.01,0.98999999999999999,1,11.121212099999999,11.010734100000001,0.110112846,0.063573681399999998,10.9006212,11.1208469
543.70000000000005,10.859999999999999,1.01,1,10.752475199999999,10.859999999999999,1,1,10.859999999999999,10.859999999999999,0.98999999999999999,1,10.969697,10.860724100000001,0.10861267099999999,0.062707554999999998,10.7521114,10.969336699999999
543.79999999999995,10.82,1.01,1,10.7128713,10.82,1,1,10.82,10.82,0.98999999999999999,1,10.9292929,10.8207214,0.10821262500000001,0.062476587899999998,10.7125088,10.928934
543.89999999999998,10.66,1.01,1,10.5544554,10.66,1,1,10.66,10.66,0.98999999999999999,1,10.7676768,10.660710699999999,0.106612438,0.061552719700000001,10.5540983,10.7673232
544,10.82,1.01,1,10.7128713,10.82,1,1,10.82,10.82,0.98999999999999999,1,10.9292929,10.8207214,0.10821262500000001,0.062476587899999998,10.7125088,10.928934
544.10000000000002,10.619999999999999,1.01,1,10.514851500000001,10.619999999999999,1,1,10.619999999999999,10.619999999999999,0.98999999999999999,1,10.7272727,10.6207081,0.106212391,0.061321752700000003,10.514495699999999,10.7269205
544.20000000000005,10.640000000000001,1.01,1,10.534653499999999,10.640000000000001,1,1,10.640000000000001,10.640000000000001,0.98999999999999999,1,10.7474747,10.6407094,0.106412415,0.061437236200000002,10.534297,10.7471218
544.29999999999995,10.359999999999999,1.01,1,10.257425700000001,10.359999999999999,1,1,10.359999999999999,10.359999999999999,0.98999999999999999,1,10.464646500000001,10.360690699999999,0.103612088,0.059820466799999999,10.2570786,10.4643028
544.39999999999998,10.17,1.01,1,10.069306900000001,10.17,1,1,10.17,10.17,0.98999999999999999,1,10.2727273,10.1706781,0.101711866,0.058723373299999999,10.0689662,10.2723899
544.5,10.1,1.01,1,10,10.1,1,1,10.1,10.1,0.98999999999999999,1,10.2020202,10.1006734,0.10101178399999999,0.058319180999999998,9.9996616199999995,10.2016852
544.60000000000002,10.050000000000001,1.01,1,9.9504950500000007,10.050000000000001,1,1,10.050000000000001,10.050000000000001,0.98999999999999999,1,10.1515152,10.0506701,0.100511726,0.058030472200000002,9.9501583399999998,10.1511818
544.70000000000005,9.9380000000000006,1.01,1,9.8396039599999998,9.9380000000000006,1,1,9.9380000000000006,9.9380000000000006,0.98999999999999999,1,10.0383838,9.9386626000000007,0.099391595499999999,0.057383764400000002,9.8392710000000001,10.038054199999999
544.79999999999995,9.7940000000000005,1.01,1,9.6970296999999999,9.7940000000000005,1,1,9.7940000000000005,9.7940000000000005,0.98999999999999999,1,9.8929292899999997,9.7946530000000003,0.097951427499999993,0.056552283000000002,9.6967015700000001,9.8926044300000004
544.89999999999998,9.8420000000000005,1.01,1,9.7445544599999998,9.8420000000000005,1,1,9.8420000000000005,9.8420000000000005,0.98999999999999999,1,9.9414141399999991,9.8426562000000004,0.0984314835,0.0568294435,9.7442247200000001,9.9410876800000008
545,9.8399999999999999,1.01,1,9.7425742599999996,9.8399999999999999,1,1,9.8399999999999999,9.8399999999999999,0.98999999999999999,1,9.9393939400000004,9.8406560699999996,0.098411481100000003,0.056817895100000002,9.7422445799999995,9.9390675500000008
545.10000000000002,9.8339999999999996,1.01,1,9.7366336600000007,9.8339999999999996,1,1,9.8339999999999996,9.8339999999999996,0.98999999999999999,1,9.93333333,9.8346556700000001,0.098351474100000003,0.056783250100000002,9.7363041900000002,9.9330071400000008
545.20000000000005,9.7550000000000008,1.01,1,9.65841584,9.7550000000000008,1,1,9.7550000000000008,9.7550000000000008,0.98999999999999999,1,9.8535353499999996,9.7556504000000004,0.097561382000000002,0.056327090099999998,9.6580890200000002,9.8532117800000005
545.29999999999995,9.8879999999999999,1.01,1,9.7900990100000005,9.8879999999999999,1,1,9.8879999999999999,9.8879999999999999,0.98999999999999999,1,9.9878787899999999,9.8886592699999998,0.098891537099999996,0.0570950556,9.7897677299999994,9.9875507999999993
545.39999999999998,9.6669999999999998,1.01,1,9.57128713,9.6669999999999998,1,1,9.6669999999999998,9.6669999999999998,0.98999999999999999,1,9.7646464599999998,9.6676445300000005,0.096681279300000006,0.055818962600000001,9.5709632500000001,9.7643258100000008
545.5,9.2949999999999999,1.01,1,9.2029703000000005,9.2949999999999999,1,1,9.2949999999999999,9.2949999999999999,0.98999999999999999,1,9.3888888900000005,9.2956197300000003,0.092960845200000003,0.053670968999999999,9.2026588799999995,9.3885805700000002
545.60000000000002,8.9120000000000008,1.01,1,8.8237623799999998,8.9120000000000008,1,1,8.9120000000000008,8.9120000000000008,0.98999999999999999,1,9.0020202000000005,8.9125941900000001,0.089130398400000005,0.051459459499999999,8.8234637899999999,9.0017245900000002
545.70000000000005,8.8079999999999998,1.01,1,8.7207920800000007,8.8079999999999998,1,1,8.8079999999999998,8.8079999999999998,0.98999999999999999,1,8.8969696999999996,8.8085872599999995,0.088090276999999995,0.050858945099999997,8.7204969800000001,8.8966775400000007
545.79999999999995,9.1500000000000004,1.01,1,9.0594059399999995,9.1500000000000004,1,1,9.1500000000000004,9.1500000000000004,0.98999999999999999,1,9.2424242400000001,9.15061006,0.091510676099999994,0.052833713499999997,9.0590993799999993,9.2421207400000007
545.89999999999998,9.0299999999999994,1.01,1,8.9405940600000005,9.0299999999999994,1,1,9.0299999999999994,9.0299999999999994,0.98999999999999999,1,9.1212121199999991,9.0306020599999997,0.090310535999999997,0.052140812299999999,8.9402915200000006,9.1209126000000005
546,8.9290000000000003,1.01,1,8.8405940600000008,8.9290000000000003,1,1,8.9290000000000003,8.9290000000000003,0.98999999999999999,1,9.0191919200000008,8.9295953299999997,0.089300418199999995,0.051557620499999998,8.8402949100000008,9.0188957399999996
546.10000000000002,9.0489999999999995,1.01,1,8.9594059399999999,9.0489999999999995,1,1,9.0489999999999995,9.0489999999999995,0.98999999999999999,1,9.14040404,9.0496033300000001,0.090500558199999998,0.052250521600000002,8.9591027699999994,9.1401038900000007
546.20000000000005,9,1.01,1,8.9108910899999998,9,1,1,9,9,0.98999999999999999,1,9.0909090900000002,9.00060006,0.090010501000000007,0.051967587000000003,8.91058956,9.09061056
546.29999999999995,8.7050000000000001,1.01,1,8.6188118800000009,8.7050000000000001,1,1,8.7050000000000001,8.7050000000000001,0.98999999999999999,1,8.79292929,8.7055803899999997,0.087060156799999996,0.050264204999999999,8.6185202299999997,8.7926405499999998
546.39999999999998,8.734,1.01,1,8.6475247500000005,8.734,1,1,8.734,8.734,0.98999999999999999,1,8.8222222200000004,8.7345823199999995,0.087350190699999997,0.0504316561,8.6472321300000008,8.8219325200000007
546.5,8.6989999999999998,1.01,1,8.6128712899999993,8.6989999999999998,1,1,8.6989999999999998,8.6989999999999998,0.98999999999999999,1,8.7868686900000004,8.6995799900000002,0.087000149799999996,0.050229559899999998,8.6125798400000004,8.7865801399999999
546.60000000000002,8.5370000000000008,1.01,1,8.4524752500000009,8.5370000000000008,1,1,8.5370000000000008,8.5370000000000008,0.98999999999999999,1,8.6232323199999996,8.5375691899999993,0.085379960800000002,0.049294143399999997,8.4521892300000001,8.6229491500000002
546.70000000000005,8.5199999999999996,1.01,1,8.4356435600000008,8.5199999999999996,1,1,8.5199999999999996,8.5199999999999996,0.98999999999999999,1,8.6060606100000001,8.5205680600000004,0.085209940999999997,0.049195982399999998,8.4353581200000001,8.6057780000000008
546.79999999999995,8.4000000000000004,1.01,1,8.3168316799999999,8.4000000000000004,1,1,8.4000000000000004,8.4000000000000004,0.98999999999999999,1,8.4848484800000001,8.4005600600000001,0.084009800999999995,0.048503081199999999,8.3165502599999996,8.4845698600000006
546.89999999999998,8.3620000000000001,1.01,1,8.2792079199999993,8.3620000000000001,1,1,8.3620000000000001,8.3620000000000001,0.98999999999999999,1,8.4464646499999994,8.3625575199999993,0.083629756599999994,0.048283662499999998,8.2789277699999992,8.4461872800000002
547,8.2170000000000005,1.01,1,8.1356435600000001,8.2170000000000005,1,1,8.2170000000000005,8.2170000000000005,0.98999999999999999,1,8.3000000000000007,8.2175478500000008,0.082179587400000004,0.047446406900000002,8.1353682700000007,8.2997274399999998
547.10000000000002,8.1430000000000007,1.01,1,8.0623762400000007,8.1430000000000007,1,1,8.1430000000000007,8.1430000000000007,0.98999999999999999,1,8.2252525300000006,8.1435429199999998,0.081439501100000006,0.047019117899999997,8.0621034199999997,8.2249824199999999
547.20000000000005,8.0980000000000008,1.01,1,8.0178217800000002,8.0980000000000008,1,1,8.0980000000000008,8.0980000000000008,0.98999999999999999,1,8.17979798,8.0985399200000003,0.0809894486,0.04675928,8.0175504699999998,8.1795293699999991
547.29999999999995,7.9530000000000003,1.01,1,7.8742574300000001,7.9530000000000003,1,1,7.9530000000000003,7.9530000000000003,0.98999999999999999,1,8.0333333299999996,7.95353025,0.079539279399999996,0.045922024399999997,7.8739909700000004,8.0330695300000006
547.39999999999998,7.9770000000000003,1.01,1,7.8980198000000001,7.9770000000000003,1,1,7.9770000000000003,7.9770000000000003,0.98999999999999999,1,8.0575757600000006,7.9775318500000001,0.079779307399999999,0.046060604599999999,7.8977525499999999,8.0573111599999994
547.5,7.7990000000000004,1.01,1,7.7217821799999999,7.7990000000000004,1,1,7.7990000000000004,7.7990000000000004,0.98999999999999999,1,7.8777777799999997,7.7995199900000003,0.077999099700000005,0.0450328012,7.7215208899999999,7.8775190899999998
547.60000000000002,7.8399999999999999,1.01,1,7.76237624,7.8399999999999999,1,1,7.8399999999999999,7.8399999999999999,0.98999999999999999,1,7.9191919200000003,7.8405227200000001,0.078409147600000006,0.045269542500000003,7.7621135700000004,7.9189318699999998
547.70000000000005,7.7839999999999998,1.01,1,7.7069306900000001,7.7839999999999998,1,1,7.7839999999999998,7.7839999999999998,0.98999999999999999,1,7.8626262599999999,7.7845189899999996,0.077849082200000003,0.044946188599999999,7.7066698999999996,7.8623680699999996
547.79999999999995,7.8090000000000002,1.01,1,7.7316831700000002,7.8090000000000002,1,1,7.8090000000000002,7.8090000000000002,0.98999999999999999,1,7.8878787900000003,7.8095206499999996,0.078099111400000004,0.045090542999999997,7.7314215400000004,7.8876197599999998
547.89999999999998,7.5750000000000002,1.01,1,7.5,7.5750000000000002,1,1,7.5750000000000002,7.5750000000000002,0.98999999999999999,1,7.6515151499999998,7.5755050500000003,0.0757588384,0.043739385700000001,7.4997462099999996,7.6512638900000001
548,7.665,1.01,1,7.5891089100000002,7.665,1,1,7.665,7.665,0.98999999999999999,1,7.7424242400000001,7.6655110500000001,0.076658943399999999,0.044259061600000003,7.5888521100000004,7.7421699899999998
548.10000000000002,7.7670000000000003,1.01,1,7.69009901,7.7670000000000003,1,1,7.7670000000000003,7.7670000000000003,0.98999999999999999,1,7.8454545500000004,7.7675178499999999,0.077679062399999999,0.0448480276,7.6898387899999996,7.8451969100000003
548.20000000000005,7.6219999999999999,1.01,1,7.5465346499999999,7.6219999999999999,1,1,7.6219999999999999,7.6219999999999999,0.98999999999999999,1,7.6989898999999999,7.6225081799999996,0.076228893199999995,0.044010771999999997,7.5462792900000002,7.6987370799999999
548.29999999999995,7.2990000000000004,1.01,1,7.2267326699999996,7.2990000000000004,1,1,7.2990000000000004,7.2990000000000004,0.98999999999999999,1,7.3727272700000004,7.2994866500000004,0.072998516299999996,0.042145713100000003,7.2264881299999999,7.37248517
548.39999999999998,7.3070000000000004,1.01,1,7.2346534699999996,7.3070000000000004,1,1,7.3070000000000004,7.3070000000000004,0.98999999999999999,1,7.3808080800000004,7.3074871799999999,0.073078525699999994,0.042191906500000001,7.2344086599999997,7.3805657099999999
548.5,7.3710000000000004,1.01,1,7.2980197999999996,7.3710000000000004,1,1,7.3710000000000004,7.3710000000000004,0.98999999999999999,1,7.44545455,7.3714914499999997,0.073718600300000006,0.042561453800000003,7.2977728500000003,7.44521005
548.60000000000002,7.3600000000000003,1.01,1,7.2871287100000002,7.3600000000000003,1,1,7.3600000000000003,7.3600000000000003,0.98999999999999999,1,7.4343434300000002,7.3604907199999996,0.073608587500000003,0.042497937800000003,7.2868821300000004,7.4340992999999997
548.70000000000005,7.2910000000000004,1.01,1,7.2188118799999996,7.2910000000000004,1,1,7.2910000000000004,7.2910000000000004,0.98999999999999999,1,7.3646464600000003,7.2914861200000001,0.072918506999999994,0.042099519600000003,7.21856761,7.3644046200000002
548.79999999999995,7.085,1.01,1,7.0148514899999999,7.085,1,1,7.085,7.085,0.98999999999999999,1,7.1565656600000001,7.0854723799999997,0.070858266700000005,0.040910039299999999,7.0146141100000001,7.1563306500000001
548.89999999999998,6.9610000000000003,1.01,1,6.8920792100000003,6.9610000000000003,1,1,6.9610000000000003,6.9610000000000003,0.98999999999999999,1,7.03131313,6.9614641099999996,0.069618122000000005,0.0401940415,6.8918459900000002,7.0310822399999999
549,7.25,1.01,1,7.1782178200000004,7.25,1,1,7.25,7.25,0.98999999999999999,1,7.3232323199999998,7.2504833800000004,0.0725084592,0.041862778400000002,7.1779749199999996,7.3229918400000003
549.10000000000002,7.2329999999999997,1.01,1,7.1613861400000003,7.2329999999999997,1,1,7.2329999999999997,7.2329999999999997,0.98999999999999999,1,7.3060606100000003,7.2334822499999998,0.072338439300000001,0.041764617400000002,7.1611438100000004,7.30582069
549.20000000000005,7.0599999999999996,1.01,1,6.9900990099999998,7.0599999999999996,1,1,7.0599999999999996,7.0599999999999996,0.98999999999999999,1,7.1313131299999997,7.0604707099999997,0.070608237500000004,0.040765684900000002,6.9898624800000002,7.13107895
549.29999999999995,6.7990000000000004,1.01,1,6.7316831700000002,6.7990000000000004,1,1,6.7990000000000004,6.7990000000000004,0.98999999999999999,1,6.8676767700000001,6.7994533099999996,0.067997932999999997,0.039258624899999997,6.7314553799999999,6.8674512400000003
549.39999999999998,6.8550000000000004,1.01,1,6.7871287100000002,6.8550000000000004,1,1,6.8550000000000004,6.8550000000000004,0.98999999999999999,1,6.9242424199999997,6.8554570500000001,0.068557998300000006,0.039581978800000001,6.7868990499999997,6.9240150399999996
549.5,6.6449999999999996,1.01,1,6.57920792,6.6449999999999996,1,1,6.6449999999999996,6.6449999999999996,0.98999999999999999,1,6.7121212100000003,6.64544304,0.066457753300000005,0.0383694017,6.5789852900000003,6.7119007999999996
549.60000000000002,6.6390000000000002,1.01,1,6.5732673300000002,6.6390000000000002,1,1,6.6390000000000002,6.6390000000000002,0.98999999999999999,1,6.7060606099999998,6.6394426400000004,0.066397746300000005,0.0383347567,6.5730449000000002,6.7058403899999997
549.70000000000005,6.6150000000000002,1.01,1,6.5495049500000002,6.6150000000000002,1,1,6.6150000000000002,6.6150000000000002,0.98999999999999999,1,6.6818181799999996,6.6154410400000003,0.066157718300000001,0.038196176399999997,6.5492833299999997,6.68159876
549.79999999999995,6.5309999999999997,1.01,1,6.4663366299999998,6.5309999999999997,1,1,6.5309999999999997,6.5309999999999997,0.98999999999999999,1,6.5969696999999998,6.5314354400000001,0.065317620300000004,0.037711145600000003,6.46611782,6.5967530600000002
549.89999999999998,6.7000000000000002,1.01,1,6.6336633699999998,6.7000000000000002,1,1,6.7000000000000002,6.7000000000000002,0.98999999999999999,1,6.7676767699999996,6.7004467099999996,0.067007817400000003,0.038686981400000001,6.6334388899999999,6.7674545300000002
550,6.8250000000000002,1.01,1,6.7574257400000004,6.8250000000000002,1,1,6.8250000000000002,6.8250000000000002,0.98999999999999999,1,6.8939393899999999,6.8254550500000004,0.068257963300000002,0.039408753499999997,6.7571970800000001,6.8937130099999999
550.10000000000002,6.5970000000000004,1.01,1,6.53168317,6.5970000000000004,1,1,6.5970000000000004,6.5970000000000004,0.98999999999999999,1,6.6636363599999999,6.5974398399999998,0.065977697299999999,0.038092241300000003,6.5314621500000003,6.6634175400000002
550.20000000000005,6.3940000000000001,1.01,1,6.3306930699999997,6.3940000000000001,1,1,6.3940000000000001,6.3940000000000001,0.98999999999999999,1,6.4585858600000003,6.3944263100000001,0.063947460400000003,0.036920083499999999,6.3304788500000004,6.4583737699999997
550.29999999999995,6.1120000000000001,1.01,1,6.0514851500000004,6.1120000000000001,1,1,6.1120000000000001,6.1120000000000001,0.98999999999999999,1,6.1737373699999996,6.1124075099999997,0.0611271314,0.0352917658,6.0512803799999997,6.1735346399999997
550.39999999999998,6.1440000000000001,1.01,1,6.0831683200000004,6.1440000000000001,1,1,6.1440000000000001,6.1440000000000001,0.98999999999999999,1,6.2060606099999998,6.1444096400000001,0.061447168699999999,0.0354765394,6.08296247,6.2058568100000002
550.5,6.1050000000000004,1.01,1,6.0445544599999996,6.1050000000000004,1,1,6.1050000000000004,6.1050000000000004,0.98999999999999999,1,6.1666666699999997,6.1054070400000002,0.061057123200000001,0.035251346500000003,6.0443499200000002,6.1664641600000003
550.60000000000002,5.9279999999999999,1.01,1,5.8693069299999996,5.9279999999999999,1,1,5.9279999999999999,5.9279999999999999,0.98999999999999999,1,5.9878787899999999,5.9283952400000004,0.059286916699999997,0.034229317299999999,5.8691083199999996,5.9876821600000003
550.70000000000005,6.0300000000000002,1.01,1,5.9702970300000002,6.0300000000000002,1,1,6.0300000000000002,6.0300000000000002,0.98999999999999999,1,6.0909090900000002,6.0304020400000002,0.060307035699999997,0.034818283300000002,5.9700949999999997,6.0907090799999999
550.79999999999995,5.9420000000000002,1.01,1,5.8831683200000002,5.9420000000000002,1,1,5.9420000000000002,5.9420000000000002,0.98999999999999999,1,6.0020201999999996,5.9423961700000003,0.059426933000000001,0.034310155799999999,5.8829692400000004,6.0018231100000001
550.89999999999998,5.9359999999999999,1.01,1,5.8772277199999996,5.9359999999999999,1,1,5.9359999999999999,5.9359999999999999,0.98999999999999999,1,5.9959595999999999,5.9363957699999998,0.059366926,0.034275510699999998,5.8770288500000003,5.9957627000000002
551,5.8259999999999996,1.01,1,5.7683168299999998,5.8259999999999996,1,1,5.8259999999999996,5.8259999999999996,0.98999999999999999,1,5.8848484799999996,5.8263884399999997,0.058266797699999998,0.033640351300000003,5.7681216400000004,5.8846552399999998
551.10000000000002,5.8869999999999996,1.01,1,5.8287128700000004,5.8869999999999996,1,1,5.8869999999999996,5.8869999999999996,0.98999999999999999,1,5.9464646500000002,5.8873925099999997,0.058876868800000003,0.033992576099999998,5.82851564,5.9462693700000004
551.20000000000005,5.6269999999999998,1.01,1,5.57128713,5.6269999999999998,1,1,5.6269999999999998,5.6269999999999998,0.98999999999999999,1,5.6838383800000001,5.6273751699999996,0.0562765655,0.032491290200000002,5.57109861,5.6836517400000002
551.29999999999995,5.6630000000000003,1.01,1,5.6069306900000004,5.6630000000000003,1,1,5.6630000000000003,5.6630000000000003,0.98999999999999999,1,5.7202020200000003,5.6633775699999997,0.056636607499999998,0.032699160599999999,5.6067409599999998,5.7200141799999997
551.39999999999998,5.5970000000000004,1.01,1,5.5415841600000002,5.5970000000000004,1,1,5.5970000000000004,5.5970000000000004,0.98999999999999999,1,5.6535353500000003,5.59737317,0.055976530500000003,0.032318064899999999,5.5413966400000003,5.6533496999999997
551.5,5.6299999999999999,1.01,1,5.5742574300000003,5.6299999999999999,1,1,5.6299999999999999,5.6299999999999999,0.98999999999999999,1,5.6868686899999998,5.6303753700000003,0.056306569000000001,0.032508612800000003,5.5740688,5.6866819399999997
551.60000000000002,5.5129999999999999,1.01,1,5.4584158399999998,5.5129999999999999,1,1,5.5129999999999999,5.5129999999999999,0.98999999999999999,1,5.5686868699999996,5.5133675699999998,0.055136432499999999,0.031833034099999998,5.4582311399999996,5.5685039999999999
551.70000000000005,5.4630000000000001,1.01,1,5.4089108899999996,5.4630000000000001,1,1,5.4630000000000001,5.4630000000000001,0.98999999999999999,1,5.5181818199999997,5.4633642399999998,0.054636374100000003,0.031544325300000002,5.4087278599999999,5.5180006099999996
551.79999999999995,5.4720000000000004,1.01,1,5.4178217799999997,5.4720000000000004,1,1,5.4720000000000004,5.4720000000000004,0.98999999999999999,1,5.52727273,5.47236484,0.054726384599999997,0.031596292900000003,5.4176384500000001,5.52709122
551.89999999999998,5.2530000000000001,1.01,1,5.2009901000000003,5.2530000000000001,1,1,5.2530000000000001,5.2530000000000001,0.98999999999999999,1,5.3060606100000003,5.2533502399999996,0.052536129100000002,0.030331748299999999,5.2008141099999996,5.3058863599999997
552,5.2430000000000003,1.01,1,5.1910891100000001,5.2430000000000003,1,1,5.2430000000000003,5.2430000000000003,0.98999999999999999,1,5.2959595999999998,5.2433495700000003,0.052436117400000003,0.030274006499999999,5.19091345,5.2957856899999998
552.10000000000002,5.0819999999999999,1.01,1,5.03168317,5.0819999999999999,1,1,5.0819999999999999,5.0819999999999999,0.98999999999999999,1,5.1333333300000001,5.0823388300000003,0.0508259296,0.029344364099999999,5.0315129000000001,5.1331647599999997
552.20000000000005,5.141,1.01,1,5.0900990100000003,5.141,1,1,5.141,5.141,0.98999999999999999,1,5.1929292900000004,5.1413427699999996,0.051415998400000003,0.029685040499999999,5.0899267699999999,5.1927587700000002
552.29999999999995,5.1239999999999997,1.01,1,5.0732673300000002,5.1239999999999997,1,1,5.1239999999999997,5.1239999999999997,0.98999999999999999,1,5.17575758,5.12434163,0.051245978599999999,0.0295868795,5.0730956599999999,5.17558761
552.39999999999998,5.093,1.01,1,5.0425742600000003,5.093,1,1,5.093,5.093,0.98999999999999999,1,5.14444444,5.0933395700000004,0.050935942400000003,0.029407880099999999,5.04240362,5.1442755099999999
552.5,4.9509999999999996,1.01,1,4.9019801999999997,4.9509999999999996,1,1,4.9509999999999996,4.9509999999999996,0.98999999999999999,1,5.0010101000000002,4.9513300999999998,0.0495157767,0.028587946999999999,4.9018143199999997,5.00084588
552.60000000000002,5.0110000000000001,1.01,1,4.9613861400000001,5.0110000000000001,1,1,5.0110000000000001,5.0110000000000001,0.98999999999999999,1,5.0616161599999998,5.0113341,0.050115846700000001,0.028934397600000002,4.9612182499999999,5.0614499500000001
552.70000000000005,5.1360000000000001,1.01,1,5.0851485099999998,5.1360000000000001,1,1,5.1360000000000001,5.1360000000000001,0.98999999999999999,1,5.1878787900000001,5.13634243,0.0513659926,0.029656169699999999,5.0849764400000002,5.1877084299999998
552.79999999999995,5.0880000000000001,1.01,1,5.0376237599999998,5.0880000000000001,1,1,5.0880000000000001,5.0880000000000001,0.98999999999999999,1,5.1393939399999997,5.0883392299999999,0.050885936600000001,0.0293790092,5.0374533000000001,5.1392251699999996
552.89999999999998,4.8419999999999996,1.01,1,4.79405941,4.8419999999999996,1,1,4.8419999999999996,4.8419999999999996,0.98999999999999999,1,4.8909090900000001,4.8423228299999996,0.048425649600000002,0.0279585618,4.7938971800000001,4.8907484800000001
553,4.8150000000000004,1.01,1,4.7673267299999997,4.8150000000000004,1,1,4.8150000000000004,4.8150000000000004,0.98999999999999999,1,4.8636363600000001,4.8153210299999998,0.048155618099999999,0.027802659,4.7671654099999996,4.86347665
553.10000000000002,4.7869999999999999,1.01,1,4.7396039600000002,4.7869999999999999,1,1,4.7869999999999999,4.7869999999999999,0.98999999999999999,1,4.8353535399999998,4.78731917,0.047875585399999997,0.027640982099999999,4.7394435799999997,4.8351947500000003
553.20000000000005,4.6959999999999997,1.01,1,4.6495049499999999,4.6959999999999997,1,1,4.6959999999999997,4.6959999999999997,0.98999999999999999,1,4.7434343400000003,4.6963131000000002,0.0469654792,0.027115532099999999,4.6493476200000003,4.7432785800000001
553.29999999999995,4.7160000000000002,1.01,1,4.6693069300000003,4.7160000000000002,1,1,4.7160000000000002,4.7160000000000002,0.98999999999999999,1,4.7636363599999996,4.7163144299999997,0.047165502499999998,0.027231015599999998,4.6691489300000004,4.7634799299999999
553.39999999999998,4.6820000000000004,1.01,1,4.6356435600000001,4.6820000000000004,1,1,4.6820000000000004,4.6820000000000004,0.98999999999999999,1,4.7292929299999997,4.6823121600000004,0.046825462900000003,0.0270346936,4.6354867000000004,4.7291376300000003
553.5,4.5170000000000003,1.01,1,4.4722772300000004,4.5170000000000003,1,1,4.5170000000000003,4.5170000000000003,0.98999999999999999,1,4.56262626,4.5173011599999997,0.045175270400000002,0.026081954500000001,4.47212589,4.5624764300000002
553.60000000000002,4.609,1.01,1,4.56336634,4.609,1,1,4.609,4.609,0.98999999999999999,1,4.6555555599999998,4.6093073000000002,0.046095377700000002,0.0266131787,4.5632119199999996,4.6554026799999999
553.70000000000005,4.5709999999999997,1.01,1,4.5257425700000002,4.5709999999999997,1,1,4.5709999999999997,4.5709999999999997,0.98999999999999999,1,4.61717172,4.5713047600000003,0.045715333400000002,0.026393759999999999,4.5255894300000001,4.6170201000000004
553.79999999999995,4.4029999999999996,1.01,1,4.3594059400000003,4.4029999999999996,1,1,4.4029999999999996,4.4029999999999996,0.98999999999999999,1,4.4474747499999996,4.4032935599999998,0.044035137299999999,0.0254236984,4.3592584299999997,4.4473286999999999
553.89999999999998,4.5149999999999997,1.01,1,4.4702970300000002,4.5149999999999997,1,1,4.5149999999999997,4.5149999999999997,0.98999999999999999,1,4.5606060599999996,4.5153010299999998,0.045155267999999998,0.026070406099999999,4.4701457600000003,4.5604563000000002
554,4.6539999999999999,1.01,1,4.6079207899999997,4.6539999999999999,1,1,4.6539999999999999,4.6539999999999999,0.98999999999999999,1,4.7010101000000004,4.6543102999999997,0.046545430200000001,0.026873016699999999,4.6077648699999996,4.7008557299999998
554.10000000000002,4.3659999999999997,1.01,1,4.3227722799999997,4.3659999999999997,1,1,4.3659999999999997,4.3659999999999997,0.98999999999999999,1,4.41010101,4.3662910999999998,0.043665094199999997,0.025210053900000001,4.3226259999999996,4.4099561899999999
554.20000000000005,4.2729999999999997,1.01,1,4.2306930700000001,4.2729999999999997,1,1,4.2729999999999997,4.2729999999999997,0.98999999999999999,1,4.3161616199999999,4.2732849000000002,0.042734985699999999,0.024673055499999999,4.2305499099999997,4.3160198799999998
554.29999999999995,4.3639999999999999,1.01,1,4.3207920800000004,4.3639999999999999,1,1,4.3639999999999999,4.3639999999999999,0.98999999999999999,1,4.4080808100000004,4.3642909599999999,0.043645091800000001,0.025198505499999999,4.3206458699999999,4.40793605
554.39999999999998,4.1449999999999996,1.01,1,4.1039604000000001,4.1449999999999996,1,1,4.1449999999999996,4.1449999999999996,0.98999999999999999,1,4.1868686899999998,4.1452763600000004,0.041454836299999999,0.023933960899999999,4.1038215200000003,4.1867311999999997
554.5,4.194,1.01,1,4.1524752500000002,4.194,1,1,4.194,4.194,0.98999999999999999,1,4.2363636400000004,4.1942796299999996,0.041944893499999997,0.024216895499999998,4.1523347299999998,4.2362245200000004
554.60000000000002,4.0259999999999998,1.01,1,3.9861386099999998,4.0259999999999998,1,1,4.0259999999999998,4.0259999999999998,0.98999999999999999,1,4.06666667,4.02626843,0.040264697500000002,0.0232468339,3.9860037300000002,4.0665331199999999
554.70000000000005,4.2000000000000002,1.01,1,4.15841584,4.2000000000000002,1,1,4.2000000000000002,4.2000000000000002,0.98999999999999999,1,4.2424242400000001,4.2002800300000001,0.042004900499999998,0.0242515406,4.1582751299999998,4.2422849300000003
554.79999999999995,4.2709999999999999,1.01,1,4.2287128699999998,4.2709999999999999,1,1,4.2709999999999999,4.2709999999999999,0.98999999999999999,1,4.3141414100000004,4.2712847600000003,0.042714983300000002,0.024661507100000001,4.2285697799999999,4.3139997499999998
554.89999999999998,4.165,1.01,1,4.1237623799999996,4.165,1,1,4.165,4.165,0.98999999999999999,1,4.20707071,4.1652776899999999,0.041654859599999997,0.024049444400000002,4.1236228300000004,4.2069325500000003
555,4.1310000000000002,1.01,1,4.0900990100000003,4.1310000000000002,1,1,4.1310000000000002,4.1310000000000002,0.98999999999999999,1,4.1727272700000002,4.1312754299999996,0.041314820000000002,0.023853122399999999,4.0899606100000003,4.1725902499999998
555.10000000000002,3.9590000000000001,1.01,1,3.9198019799999999,3.9590000000000001,1,1,3.9590000000000001,3.9590000000000001,0.98999999999999999,1,3.9989899000000002,3.9592639599999999,0.039594619300000002,0.022859964100000001,3.91966934,3.9988585799999998
555.20000000000005,3.8900000000000001,1.01,1,3.8514851499999998,3.8900000000000001,1,1,3.8900000000000001,3.8900000000000001,0.98999999999999999,1,3.9292929299999999,3.8902593599999999,0.038904538799999999,0.022461545900000001,3.8513548200000001,3.9291638999999998
555.29999999999995,3.9390000000000001,1.01,1,3.8999999999999999,3.9390000000000001,1,1,3.9390000000000001,3.9390000000000001,0.98999999999999999,1,3.9787878800000001,3.93926263,0.039394595999999997,0.022744480599999999,3.8998680299999999,3.9786572200000001
555.39999999999998,3.9830000000000001,1.01,1,3.9435643599999999,3.9830000000000001,1,1,3.9830000000000001,3.9830000000000001,0.98999999999999999,1,4.02323232,3.98326556,0.039834647299999998,0.0229985443,3.94343091,4.02310021
555.5,3.9039999999999999,1.01,1,3.8653465300000001,3.9039999999999999,1,1,3.9039999999999999,3.9039999999999999,0.98999999999999999,1,3.94343434,3.9042602899999999,0.039044555100000003,0.022542384400000001,3.86521574,3.9433048500000001
555.60000000000002,3.7320000000000002,1.01,1,3.6950495000000001,3.7320000000000002,1,1,3.7320000000000002,3.7320000000000002,0.98999999999999999,1,3.76969697,3.7322488200000001,0.037324354400000002,0.021549226099999999,3.6949244700000001,3.7695731800000001
555.70000000000005,3.7890000000000001,1.01,1,3.7514851500000002,3.7890000000000001,1,1,3.7890000000000001,3.7890000000000001,0.98999999999999999,1,3.8272727299999998,3.78925263,0.037894420900000003,0.0218783541,3.7513581999999999,3.8271470500000002
555.79999999999995,3.7509999999999999,1.01,1,3.7138613899999999,3.7509999999999999,1,1,3.7509999999999999,3.7509999999999999,0.98999999999999999,1,3.78888889,3.7512500900000001,0.037514376600000003,0.021658935399999999,3.7137357199999999,3.7887644699999998
555.89999999999998,3.7109999999999999,1.01,1,3.6742574299999999,3.7109999999999999,1,1,3.7109999999999999,3.7109999999999999,0.98999999999999999,1,3.7484848500000001,3.7112474199999999,0.0371143299,0.0214279684,3.6741330900000002,3.7483617499999999
556,3.7050000000000001,1.01,1,3.6683168300000002,3.7050000000000001,1,1,3.7050000000000001,3.7050000000000001,0.98999999999999999,1,3.7424242400000001,3.7052470199999998,0.037054322899999999,0.021393323299999999,3.6681927000000001,3.74230135
556.10000000000002,3.8370000000000002,1.01,1,3.7990099000000002,3.8370000000000002,1,1,3.8370000000000002,3.8370000000000002,0.98999999999999999,1,3.8757575800000001,3.8372558300000001,0.038374476900000003,0.022155514599999999,3.7988813499999998,3.8756303000000001
556.20000000000005,3.7160000000000002,1.01,1,3.6792079200000001,3.7160000000000002,1,1,3.7160000000000002,3.7160000000000002,0.98999999999999999,1,3.7535353499999999,3.7162477599999999,0.037164335799999997,0.021456839299999999,3.67908342,3.7534120899999999
556.29999999999995,3.6160000000000001,1.01,1,3.5801980200000001,3.6160000000000001,1,1,3.6160000000000001,3.6160000000000001,0.98999999999999999,1,3.6525252500000001,3.6162410899999999,0.036164219099999999,0.0208794216,3.5800768700000001,3.6524053099999998
556.39999999999998,3.8490000000000002,1.01,1,3.8108910900000001,3.8490000000000002,1,1,3.8490000000000002,3.8490000000000002,0.98999999999999999,1,3.8878787899999998,3.8492566300000002,0.038494490899999997,0.0222248047,3.8107621300000001,3.8877511199999999
556.5,3.6280000000000001,1.01,1,3.5920792100000001,3.6280000000000001,1,1,3.6280000000000001,3.6280000000000001,0.98999999999999999,1,3.6646464600000002,3.62824189,0.0362842331,0.020948711700000001,3.5919576599999998,3.6645261200000001
556.60000000000002,3.4700000000000002,1.01,1,3.4356435599999999,3.4700000000000002,1,1,3.4700000000000002,3.4700000000000002,0.98999999999999999,1,3.5050505099999998,3.4702313600000001,0.034704048699999997,0.020036391899999999,3.4355273099999999,3.5049354099999999
556.70000000000005,3.4209999999999998,1.01,1,3.3871287099999998,3.4209999999999998,1,1,3.4209999999999998,3.4209999999999998,0.98999999999999999,1,3.4555555600000001,3.4212280900000001,0.0342139916,0.019753457200000001,3.3870141,3.4554420800000001
556.79999999999995,3.351,1.01,1,3.3178217800000001,3.351,1,1,3.351,3.351,0.98999999999999999,1,3.38484848,3.3512234200000002,0.0335139099,0.0193492649,3.3177095099999998,3.3847373300000001
556.89999999999998,3.2719999999999998,1.01,1,3.2396039600000002,3.2719999999999998,1,1,3.2719999999999998,3.2719999999999998,0.98999999999999999,1,3.3050505100000001,3.27221816,0.032723817699999998,0.018893105,3.2394943399999998,3.3049419699999998
557,3.1099999999999999,1.01,1,3.07920792,3.1099999999999999,1,1,3.1099999999999999,3.1099999999999999,0.98999999999999999,1,3.1414141400000002,3.11020735,0.0311036287,0.017957688400000001,3.0791037299999999,3.1413109800000001
557.10000000000002,3.2869999999999999,1.01,1,3.25445545,3.2869999999999999,1,1,3.2869999999999999,3.2869999999999999,0.98999999999999999,1,3.32020202,3.2872191599999998,0.0328738352,0.018979717600000001,3.2543453200000001,3.32009299
557.20000000000005,3.2069999999999999,1.01,1,3.1752475200000001,3.2069999999999999,1,1,3.2069999999999999,3.2069999999999999,0.98999999999999999,1,3.2393939399999998,3.2072138200000002,0.032073741900000001,0.018517783499999999,3.1751400799999998,3.2392875600000002
557.29999999999995,3.1909999999999998,1.01,1,3.1594059400000001,3.1909999999999998,1,1,3.1909999999999998,3.1909999999999998,0.98999999999999999,1,3.2232323200000002,3.19121275,0.031913723200000001,0.018425396699999999,3.1592990300000001,3.2231264799999999
557.39999999999998,3.2130000000000001,1.01,1,3.1811881199999998,3.2130000000000001,1,1,3.2130000000000001,3.2130000000000001,0.98999999999999999,1,3.2454545499999998,3.2132142199999998,0.032133748900000002,0.0185524286,3.1810804699999999,3.2453479700000001
557.5,3.141,1.01,1,3.1099009899999999,3.141,1,1,3.141,3.141,0.98999999999999999,1,3.1727272700000002,3.14120942,0.031413664899999999,0.0181366879,3.1097957599999999,3.1726230900000001
557.60000000000002,2.9540000000000002,1.01,1,2.92475248,2.9540000000000002,1,1,2.9540000000000002,2.9540000000000002,0.98999999999999999,1,2.9838383799999999,2.95419695,0.0295434467,0.0170569169,2.9246535100000002,2.9837403999999998
557.70000000000005,3.0960000000000001,1.01,1,3.0653465299999998,3.0960000000000001,1,1,3.0960000000000001,3.0960000000000001,0.98999999999999999,1,3.1272727300000001,3.0962064200000001,0.0309636124,0.017876849899999998,3.06524281,3.1271700299999998
557.79999999999995,3.0419999999999998,1.01,1,3.01188119,3.0419999999999998,1,1,3.0419999999999998,3.0419999999999998,0.98999999999999999,1,3.0727272700000001,3.04220282,0.0304235494,0.0175650444,3.0117792699999999,3.0726263700000001
557.89999999999998,3.0209999999999999,1.01,1,2.9910891099999999,3.0209999999999999,1,1,3.0209999999999999,3.0209999999999999,0.98999999999999999,1,3.0515151500000002,3.0212014200000001,0.030213524799999999,0.017443786700000002,2.9909878999999999,3.0514149399999999
558,3.004,1.01,1,2.9742574300000002,3.004,1,1,3.004,3.004,0.98999999999999999,1,3.0343434299999998,3.00420029,0.030043505000000002,0.017345625699999999,2.9741567799999999,3.0342437900000001
558.10000000000002,2.9100000000000001,1.01,1,2.88118812,2.9100000000000001,1,1,2.9100000000000001,2.9100000000000001,0.98999999999999999,1,2.93939394,2.91019402,0.029103395300000001,0.016802853100000001,2.8810906200000002,2.93929741
558.20000000000005,3.0859999999999999,1.01,1,3.05544554,3.0859999999999999,1,1,3.0859999999999999,3.0859999999999999,0.98999999999999999,1,3.11717172,3.08620575,0.0308636007,0.017819108199999999,3.05534215,3.11706935
558.29999999999995,3.0670000000000002,1.01,1,3.0366336600000001,3.0670000000000002,1,1,3.0670000000000002,3.0670000000000002,0.98999999999999999,1,3.0979798000000001,3.06720449,0.0306735785,0.017709398800000001,3.0365309100000002,3.0978780700000002
558.39999999999998,2.9350000000000001,1.01,1,2.9059405900000002,2.9350000000000001,1,1,2.9350000000000001,2.9350000000000001,0.98999999999999999,1,2.96464646,2.93519569,0.029353424499999999,0.016947207499999999,2.90584226,2.9645491100000001
558.5,2.8220000000000001,1.01,1,2.79405941,2.8220000000000001,1,1,2.8220000000000001,2.8220000000000001,0.98999999999999999,1,2.8505050500000002,2.8221881500000001,0.028223292699999999,0.016294725600000001,2.79396486,2.8504114399999998
558.60000000000002,2.8140000000000001,1.01,1,2.7861386100000001,2.8140000000000001,1,1,2.8140000000000001,2.8140000000000001,0.98999999999999999,1,2.8424242400000002,2.8141876199999998,0.028143283299999999,0.016248532199999999,2.7860443400000001,2.8423308999999999
558.70000000000005,2.9769999999999999,1.01,1,2.9475247499999999,2.9769999999999999,1,1,2.9769999999999999,2.9769999999999999,0.98999999999999999,1,3.0070707099999998,2.9771984900000001,0.029773473500000001,0.017189722899999999,2.9474250099999999,3.00697196
558.79999999999995,2.7509999999999999,1.01,1,2.7237623800000001,2.7509999999999999,1,1,2.7509999999999999,2.7509999999999999,0.98999999999999999,1,2.7787878799999999,2.7511834199999998,0.027513209800000001,0.0158847591,2.7236702099999999,2.7786966299999998
558.89999999999998,2.6989999999999998,1.01,1,2.6722772300000002,2.6989999999999998,1,1,2.6989999999999998,2.6989999999999998,0.98999999999999999,1,2.7262626299999999,2.69917995,0.026993149099999999,0.0155845019,2.6721868,2.7261731
559,2.7530000000000001,1.01,1,2.72574257,2.7530000000000001,1,1,2.7530000000000001,2.7530000000000001,0.98999999999999999,1,2.7808080799999999,2.7531835500000001,0.027533212200000001,0.0158963074,2.7256503400000001,2.7807167599999998
559.10000000000002,2.7770000000000001,1.01,1,2.7495049499999999,2.7770000000000001,1,1,2.7770000000000001,2.7770000000000001,0.98999999999999999,1,2.8050505100000001,2.7771851500000002,0.0277732402,0.0160348877,2.7494119100000001,2.8049583899999999
559.20000000000005,2.7149999999999999,1.01,1,2.6881188100000002,2.7149999999999999,1,1,2.7149999999999999,2.7149999999999999,0.98999999999999999,1,2.7424242400000001,2.7151810200000002,0.027153167799999999,0.015676888699999999,2.6880278500000001,2.7423341899999998
559.29999999999995,2.7429999999999999,1.01,1,2.7158415800000002,2.7429999999999999,1,1,2.7429999999999999,2.7429999999999999,0.98999999999999999,1,2.7707070699999998,2.74318288,0.027433200500000001,0.015838565700000001,2.7157496800000001,2.7706160899999999
559.39999999999998,2.7370000000000001,1.01,1,2.70990099,2.7370000000000001,1,1,2.7370000000000001,2.7370000000000001,0.98999999999999999,1,2.7646464599999998,2.73718248,0.0273731935,0.0158039206,2.7098092899999999,2.76455568
559.5,2.6989999999999998,1.01,1,2.6722772300000002,2.6989999999999998,1,1,2.6989999999999998,2.6989999999999998,0.98999999999999999,1,2.7262626299999999,2.69917995,0.026993149099999999,0.0155845019,2.6721868,2.7261731
559.60000000000002,2.5859999999999999,1.01,1,2.5603960400000001,2.5859999999999999,1,1,2.5859999999999999,2.5859999999999999,0.98999999999999999,1,2.6121212100000002,2.58617242,0.025863017299999999,0.014932020000000001,2.5603094,2.6120354300000002
559.70000000000005,2.6309999999999998,1.01,1,2.6049505000000002,2.6309999999999998,1,1,2.6309999999999998,2.6309999999999998,0.98999999999999999,1,2.6575757599999998,2.6311754199999999,0.026313069800000002,0.015191857899999999,2.6048623499999999,2.65748849
559.79999999999995,2.472,1.01,1,2.4475247499999999,2.472,1,1,2.472,2.472,0.98999999999999999,1,2.4969697000000002,2.4721648200000002,0.024722884300000001,0.0142737639,2.4474419300000001,2.4968876999999998
559.89999999999998,2.532,1.01,1,2.5069306899999999,2.532,1,1,2.532,2.532,0.98999999999999999,1,2.5575757600000002,2.5321688199999999,0.025322954299999999,0.014620214499999999,2.5068458599999999,2.5574917699999999
560,2.3610000000000002,1.01,1,2.3376237600000001,2.3610000000000002,1,1,2.3610000000000002,2.3610000000000002,0.98999999999999999,1,2.38484848,2.3611574200000001,0.0236127548,0.013632830300000001,2.3375446599999998,2.3847701699999999
560.10000000000002,2.484,1.01,1,2.4594059399999999,2.484,1,1,2.484,2.484,0.98999999999999999,1,2.5090909099999998,2.4841656200000002,0.024842898299999999,0.014343053999999999,2.4593227199999999,2.5090085100000001
560.20000000000005,2.2959999999999998,1.01,1,2.2732673299999999,2.2959999999999998,1,1,2.2959999999999998,2.2959999999999998,0.98999999999999999,1,2.3191919200000002,2.2961530799999998,0.022962678899999998,0.013257508899999999,2.2731903999999998,2.3191157599999999
560.29999999999995,2.3290000000000002,1.01,1,2.3059405900000001,2.3290000000000002,1,1,2.3290000000000002,2.3290000000000002,0.98999999999999999,1,2.3525252499999998,2.3291552800000002,0.023292717399999999,0.013448056700000001,2.30586256,2.3524479999999999
560.39999999999998,2.363,1.01,1,2.3396039599999998,2.363,1,1,2.363,2.363,0.98999999999999999,1,2.38686869,2.3631575499999999,0.023632757099999999,0.013644378699999999,2.33952479,2.3867903099999999
560.5,2.2959999999999998,1.01,1,2.2732673299999999,2.2959999999999998,1,1,2.2959999999999998,2.2959999999999998,0.98999999999999999,1,2.3191919200000002,2.2961530799999998,0.022962678899999998,0.013257508899999999,2.2731903999999998,2.3191157599999999
560.60000000000002,2.282,1.01,1,2.2594059400000002,2.282,1,1,2.282,2.282,0.98999999999999999,1,2.3050505100000001,2.2821521499999999,0.022822662600000002,0.0131766704,2.2593294899999998,2.30497481
560.70000000000005,2.2090000000000001,1.01,1,2.1871287100000001,2.2090000000000001,1,1,2.2090000000000001,2.2090000000000001,0.98999999999999999,1,2.2313131300000002,2.2091472799999998,0.022092577400000001,0.0127551555,2.1870547,2.2312398600000001
560.79999999999995,2.2829999999999999,1.01,1,2.2603960399999998,2.2829999999999999,1,1,2.2829999999999999,2.2829999999999999,0.98999999999999999,1,2.3060606099999998,2.2831522199999998,0.0228326638,0.013182444600000001,2.2603195500000002,2.30598488
560.89999999999998,2.1619999999999999,1.01,1,2.1405940600000002,2.1619999999999999,1,1,2.1619999999999999,2.1619999999999999,0.98999999999999999,1,2.1838383800000001,2.16214415,0.021622522599999999,0.0124837692,2.1405216299999998,2.1837666699999998
561,2.1960000000000002,1.01,1,2.1742574299999999,2.1960000000000002,1,1,2.1960000000000002,2.1960000000000002,0.98999999999999999,1,2.2181818199999999,2.1961464099999999,0.021962562299999999,0.0126800912,2.1741838499999999,2.2181089799999998
561.10000000000002,2.1150000000000002,1.01,1,2.0940594099999998,2.1150000000000002,1,1,2.1150000000000002,2.1150000000000002,0.98999999999999999,1,2.1363636399999999,2.1151410099999999,0.0211524677,0.012212382900000001,2.0939885500000002,2.13629348
561.20000000000005,2.0539999999999998,1.01,1,2.0336633700000002,2.0539999999999998,1,1,2.0539999999999998,2.0539999999999998,0.98999999999999999,1,2.0747474700000001,2.0541369500000002,0.020542396599999999,0.0118601582,2.0335945500000001,2.0746793399999999
561.29999999999995,2.1019999999999999,1.01,1,2.0811881200000002,2.1019999999999999,1,1,2.1019999999999999,2.1019999999999999,0.98999999999999999,1,2.1232323200000001,2.1021401499999999,0.021022452600000002,0.0121373187,2.0811176900000001,2.1231626000000001
561.39999999999998,2.1499999999999999,1.01,1,2.1287128700000002,2.1499999999999999,1,1,2.1499999999999999,2.1499999999999999,0.98999999999999999,1,2.17171717,2.15014335,0.021502508600000001,0.0124144791,2.1286408400000001,2.1716458599999999
561.5,2.097,1.01,1,2.0762376200000001,2.097,1,1,2.097,2.097,0.98999999999999999,1,2.1181818200000002,2.0971398099999998,0.020972446700000001,0.0121084478,2.0761673699999998,2.1181122600000002
561.60000000000002,2.028,1.01,1,2.00792079,2.028,1,1,2.028,2.028,0.98999999999999999,1,2.0484848499999999,2.0281352099999999,0.020282366199999999,0.0117100296,2.0078528499999999,2.0484175800000002
561.70000000000005,2.0619999999999998,1.01,1,2.0415841600000002,2.0619999999999998,1,1,2.0619999999999998,2.0619999999999998,0.98999999999999999,1,2.0828282800000002,2.0621374800000001,0.020622405900000002,0.0119063516,2.04151507,2.0827598900000002
561.79999999999995,2.04,1.01,1,2.01980198,2.04,1,1,2.04,2.04,0.98999999999999999,1,2.06060606,2.0401360099999999,0.0204023802,0.011779319700000001,2.0197336300000002,2.0605383900000001
561.89999999999998,2.056,1.01,1,2.03564356,2.056,1,1,2.056,2.056,0.98999999999999999,1,2.0767676800000001,2.0561370800000001,0.020562398900000001,0.011871706500000001,2.0355746799999999,2.0766994799999998
562,2.0899999999999999,1.01,1,2.0693069300000002,2.0899999999999999,1,1,2.0899999999999999,2.0899999999999999,0.98999999999999999,1,2.11111111,2.0901393499999998,0.0209024386,0.012068028499999999,2.0692369099999999,2.1110417899999998
562.10000000000002,2.2069999999999999,1.01,1,2.1851485099999999,2.2069999999999999,1,1,2.2069999999999999,2.2069999999999999,0.98999999999999999,1,2.2292929300000002,2.2071471499999999,0.022072575099999998,0.0127436072,2.1850745699999998,2.2292197200000001
562.20000000000005,2.1720000000000002,1.01,1,2.15049505,2.1720000000000002,1,1,2.1720000000000002,2.1720000000000002,0.98999999999999999,1,2.1939393900000002,2.1721448099999998,0.021722534299999999,0.012541511,2.1504222799999999,2.1938673500000001
562.29999999999995,2.0609999999999999,1.01,1,2.0405940600000001,2.0609999999999999,1,1,2.0609999999999999,2.0609999999999999,0.98999999999999999,1,2.08181818,2.0611374100000002,0.0206124047,0.011900577400000001,2.0405250100000001,2.0817498200000002
562.39999999999998,1.8340000000000001,1.01,1,1.8158415800000001,1.8340000000000001,1,1,1.8340000000000001,1.8340000000000001,0.98999999999999999,1,1.85252525,1.8341222800000001,0.018342139899999998,0.0105898394,1.81578014,1.85246442
562.5,2.02,1.01,1,2,2.02,1,1,2.02,2.02,0.98999999999999999,1,2.0404040399999999,2.02013468,0.020202356899999999,0.0116638362,1.9999323200000001,2.0403370399999998
562.60000000000002,1.8029999999999999,1.01,1,1.78514851,1.8029999999999999,1,1,1.8029999999999999,1.8029999999999999,0.98999999999999999,1,1.82121212,1.8031202099999999,0.0180321037,0.0104108399,1.78508811,1.8211523199999999
562.70000000000005,1.8660000000000001,1.01,1,1.84752475,1.8660000000000001,1,1,1.8660000000000001,1.8660000000000001,0.98999999999999999,1,1.88484848,1.8661244100000001,0.018662177200000001,0.010774613000000001,1.84746224,1.88478659
562.79999999999995,1.841,1.01,1,1.8227722799999999,1.841,1,1,1.841,1.841,0.98999999999999999,1,1.85959596,1.84112275,0.018412148,0.010630258599999999,1.8227106,1.8595348899999999
562.89999999999998,1.7350000000000001,1.01,1,1.71782178,1.7350000000000001,1,1,1.7350000000000001,1.7350000000000001,0.98999999999999999,1,1.7525252499999999,1.73511568,0.017352024399999999,0.0100181959,1.71776365,1.7524677
563,1.857,1.01,1,1.8386138599999999,1.857,1,1,1.857,1.857,0.98999999999999999,1,1.8757575799999999,1.85712381,0.0185721667,0.010722645499999999,1.8385516500000001,1.8756959799999999
563.10000000000002,1.732,1.01,1,1.71485149,1.732,1,1,1.732,1.732,0.98999999999999999,1,1.7494949500000001,1.73211548,0.017322020899999999,0.010000873400000001,1.7147934600000001,1.7494375
563.20000000000005,1.8340000000000001,1.01,1,1.8158415800000001,1.8340000000000001,1,1,1.8340000000000001,1.8340000000000001,0.98999999999999999,1,1.85252525,1.8341222800000001,0.018342139899999998,0.0105898394,1.81578014,1.85246442
563.29999999999995,1.728,1.01,1,1.7108910900000001,1.728,1,1,1.728,1.728,0.98999999999999999,1,1.74545455,1.7281152099999999,0.0172820162,0.0099777766999999996,1.7108331999999999,1.74539723
563.39999999999998,1.726,1.01,1,1.7089108900000001,1.726,1,1,1.726,1.726,0.98999999999999999,1,1.7434343400000001,1.72611508,0.017262013900000001,0.0099662283500000001,1.70885306,1.7433770900000001
563.5,1.792,1.01,1,1.77425743,1.792,1,1,1.792,1.792,0.98999999999999999,1,1.8101010099999999,1.79211948,0.0179220909,0.010347324,1.7741973900000001,1.8100415700000001
563.60000000000002,1.6719999999999999,1.01,1,1.6554455400000001,1.6719999999999999,1,1,1.6719999999999999,1.6719999999999999,0.98999999999999999,1,1.6888888900000001,1.6721114800000001,0.016721950900000001,0.0096544228300000003,1.6553895300000001,1.6888334300000001
563.70000000000005,1.671,1.01,1,1.6544554499999999,1.671,1,1,1.671,1.671,0.98999999999999999,1,1.6878787900000001,1.67111141,0.016711949699999999,0.0096486486499999993,1.65439946,1.6878233600000001
563.79999999999995,1.6819999999999999,1.01,1,1.6653465300000001,1.6819999999999999,1,1,1.6819999999999999,1.6819999999999999,0.98999999999999999,1,1.6989898999999999,1.6821121400000001,0.016821962499999999,0.0097121645900000008,1.66529018,1.6989341099999999
563.89999999999998,1.589,1.01,1,1.57326733,1.589,1,1,1.589,1.589,0.98999999999999999,1,1.6050505100000001,1.5891059400000001,0.015891854,0.0091751661900000003,1.57321409,1.6049978
564,1.661,1.01,1,1.6445544599999999,1.661,1,1,1.661,1.661,0.98999999999999999,1,1.67777778,1.66111074,0.016611938,0.0095909068900000005,1.64449881,1.67772268
564.10000000000002,1.6819999999999999,1.01,1,1.6653465300000001,1.6819999999999999,1,1,1.6819999999999999,1.6819999999999999,0.98999999999999999,1,1.6989898999999999,1.6821121400000001,0.016821962499999999,0.0097121645900000008,1.66529018,1.6989341099999999
564.20000000000005,1.5469999999999999,1.01,1,1.53168317,1.5469999999999999,1,1,1.5469999999999999,1.5469999999999999,0.98999999999999999,1,1.56262626,1.5471031399999999,0.015471805,0.0089326507899999998,1.5316313399999999,1.5625749499999999
564.29999999999995,1.5880000000000001,1.01,1,1.5722772300000001,1.5880000000000001,1,1,1.5880000000000001,1.5880000000000001,0.98999999999999999,1,1.6040403999999999,1.5881058800000001,0.015881852799999999,0.0091693920200000001,1.5722240199999999,1.6039877300000001
564.39999999999998,1.645,1.01,1,1.62871287,1.645,1,1,1.645,1.645,0.98999999999999999,1,1.6616161599999999,1.64510968,0.016451919400000001,0.0094985200700000005,1.6286577600000001,1.6615616
564.5,1.528,1.01,1,1.5128712900000001,1.528,1,1,1.528,1.528,0.98999999999999999,1,1.5434343399999999,1.5281018799999999,0.015281782799999999,0.0088229414400000008,1.51282009,1.5433836599999999
564.60000000000002,1.512,1.01,1,1.4970296999999999,1.512,1,1,1.512,1.512,0.98999999999999999,1,1.52727273,1.51210081,0.0151217642,0.0087305546200000007,1.49697905,1.5272225699999999
564.70000000000005,1.649,1.01,1,1.63267327,1.649,1,1,1.649,1.649,0.98999999999999999,1,1.6656565699999999,1.64910994,0.016491924000000002,0.0095216167699999996,1.63261802,1.6656018699999999
564.79999999999995,1.575,1.01,1,1.55940594,1.575,1,1,1.575,1.575,0.98999999999999999,1,1.59090909,1.5751050099999999,0.0157518377,0.0090943277300000007,1.5593531700000001,1.59085685
564.89999999999998,1.5649999999999999,1.01,1,1.54950495,1.5649999999999999,1,1,1.5649999999999999,1.5649999999999999,0.98999999999999999,1,1.5808080799999999,1.56510434,0.015651826000000001,0.0090365859599999994,1.54945252,1.5807561699999999
565,1.647,1.01,1,1.63069307,1.647,1,1,1.647,1.647,0.98999999999999999,1,1.6636363599999999,1.6471098099999999,0.016471921699999999,0.0095100684200000001,1.63063789,1.66358173
565.10000000000002,1.538,1.01,1,1.5227722800000001,1.538,1,1,1.538,1.538,0.98999999999999999,1,1.55353535,1.5381025399999999,0.0153817945,0.0088806831999999995,1.52272075,1.55348434
565.20000000000005,1.5700000000000001,1.01,1,1.5544554500000001,1.5700000000000001,1,1,1.5700000000000001,1.5700000000000001,0.98999999999999999,1,1.58585859,1.57010468,0.0157018318,0.0090654568399999996,1.55440285,1.5858065100000001
565.29999999999995,1.5669999999999999,1.01,1,1.55148515,1.5669999999999999,1,1,1.5669999999999999,1.5669999999999999,0.98999999999999999,1,1.58282828,1.56710448,0.015671828299999999,0.0090481343199999998,1.55143265,1.5827763100000001
565.39999999999998,1.552,1.01,1,1.5366336599999999,1.552,1,1,1.552,1.552,0.98999999999999999,1,1.5676767700000001,1.55210348,0.015521810800000001,0.00896152167,1.5365816699999999,1.5676252900000001
565.5,1.659,1.01,1,1.64257426,1.659,1,1,1.659,1.659,0.98999999999999999,1,1.67575758,1.6591106099999999,0.016591935700000001,0.0095793585399999992,1.64251868,1.67570255
565.60000000000002,1.4079999999999999,1.01,1,1.3940594100000001,1.4079999999999999,1,1,1.4079999999999999,1.4079999999999999,0.98999999999999999,1,1.4222222200000001,1.40809388,0.0140816428,0.0081300402800000005,1.39401223,1.4221755199999999
565.70000000000005,1.5029999999999999,1.01,1,1.48811881,1.5029999999999999,1,1,1.5029999999999999,1.5029999999999999,0.98999999999999999,1,1.5181818199999999,1.5031002099999999,0.015031753700000001,0.0086785870300000005,1.48806846,1.5181319600000001
565.79999999999995,1.4399999999999999,1.01,1,1.4257425699999999,1.4399999999999999,1,1,1.4399999999999999,1.4399999999999999,0.98999999999999999,1,1.4545454499999999,1.44009601,0.014401680199999999,0.0083148139200000006,1.42569433,1.45449769
565.89999999999998,1.7070000000000001,1.01,1,1.69009901,1.7070000000000001,1,1,1.7070000000000001,1.7070000000000001,0.98999999999999999,1,1.7242424199999999,1.7071138100000001,0.017071991700000001,0.0098565189999999994,1.69004182,1.7241858000000001
566,1.2949999999999999,1.01,1,1.28217822,1.2949999999999999,1,1,1.2949999999999999,1.2949999999999999,0.98999999999999999,1,1.3080808100000001,1.2950863399999999,0.012951511000000001,0.0074775583499999999,1.2821348299999999,1.3080378500000001
566.10000000000002,1.3460000000000001,1.01,1,1.3326732699999999,1.3460000000000001,1,1,1.3460000000000001,1.3460000000000001,0.98999999999999999,1,1.35959596,1.34608974,0.013461570500000001,0.0077720413499999998,1.33262817,1.3595513100000001
566.20000000000005,1.4199999999999999,1.01,1,1.4059405899999999,1.4199999999999999,1,1,1.4199999999999999,1.4199999999999999,0.98999999999999999,1,1.43434343,1.4200946800000001,0.0142016568,0.0081993303900000005,1.4058930199999999,1.43429633
566.29999999999995,1.284,1.01,1,1.2712871299999999,1.284,1,1,1.284,1.284,0.98999999999999999,1,1.2969697,1.28408561,0.012841498099999999,0.0074140424100000001,1.27124411,1.2969271099999999
566.39999999999998,1.4670000000000001,1.01,1,1.45247525,1.4670000000000001,1,1,1.4670000000000001,1.4670000000000001,0.98999999999999999,1,1.4818181800000001,1.4670978100000001,0.014671711699999999,0.0084707166800000004,1.4524261000000001,1.4817695200000001
566.5,1.629,1.01,1,1.61287129,1.629,1,1,1.629,1.629,0.98999999999999999,1,1.64545455,1.6291086100000001,0.0162919007,0.0094061332500000004,1.6128167099999999,1.64540051
566.60000000000002,1.448,1.01,1,1.4336633700000001,1.448,1,1,1.448,1.448,0.98999999999999999,1,1.46262626,1.4480965400000001,0.0144816895,0.0083610073299999997,1.4336148500000001,1.4625782300000001
566.70000000000005,1.2849999999999999,1.01,1,1.27227723,1.2849999999999999,1,1,1.2849999999999999,1.2849999999999999,0.98999999999999999,1,1.2979798,1.2850856799999999,0.012851499299999999,0.0074198165900000003,1.2722341800000001,1.29793717
566.79999999999995,1.2669999999999999,1.01,1,1.25445545,1.2669999999999999,1,1,1.2669999999999999,1.2669999999999999,0.98999999999999999,1,1.2797979799999999,1.2670844800000001,0.0126714783,0.0073158814099999999,1.254413,1.27975595
566.89999999999998,1.238,1.01,1,1.22574257,1.238,1,1,1.238,1.238,0.98999999999999999,1,1.2505050499999999,1.23808254,0.0123814445,0.0071484303000000004,1.2257011,1.2504639900000001
567,1.3240000000000001,1.01,1,1.3108910899999999,1.3240000000000001,1,1,1.3240000000000001,1.3240000000000001,0.98999999999999999,1,1.3373737400000001,1.32408828,0.013241544799999999,0.0076450094700000002,1.31084673,1.3373298199999999
567.10000000000002,1.2430000000000001,1.01,1,1.2306930700000001,1.2430000000000001,1,1,1.2430000000000001,1.2430000000000001,0.98999999999999999,1,1.2555555599999999,1.2430828700000001,0.012431450300000001,0.0071773011799999998,1.2306514200000001,1.25551433
567.20000000000005,1.1339999999999999,1.01,1,1.12277228,1.1339999999999999,1,1,1.1339999999999999,1.1339999999999999,0.98999999999999999,1,1.14545455,1.13407561,0.0113413231,0.0065479159600000001,1.12273428,1.1454169300000001
567.29999999999995,1.079,1.01,1,1.0683168300000001,1.079,1,1,1.079,1.079,0.98999999999999999,1,1.08989899,1.07907194,0.010791258999999999,0.0062303362600000002,1.06828068,1.0898631999999999
567.39999999999998,1.1910000000000001,1.01,1,1.1792079200000001,1.1910000000000001,1,1,1.1910000000000001,1.1910000000000001,0.98999999999999999,1,1.2030303,1.1910794099999999,0.011911389600000001,0.0068770440099999997,1.1791680200000001,1.2029908
567.5,1.119,1.01,1,1.1079207900000001,1.119,1,1,1.119,1.119,0.98999999999999999,1,1.1303030300000001,1.11907461,0.0111913056,0.0064613033200000003,1.1078832999999999,1.1302659100000001
567.60000000000002,1.0509999999999999,1.01,1,1.0405940600000001,1.0509999999999999,1,1,1.0509999999999999,1.0509999999999999,0.98999999999999999,1,1.06161616,1.05107007,0.010511226300000001,0.0060686593300000001,1.04055885,1.0615813000000001
567.70000000000005,1.1439999999999999,1.01,1,1.13267327,1.1439999999999999,1,1,1.1439999999999999,1.1439999999999999,0.98999999999999999,1,1.15555556,1.14407627,0.011441334799999999,0.0066056577299999997,1.13263494,1.15551761
567.79999999999995,1.0669999999999999,1.01,1,1.0564356399999999,1.0669999999999999,1,1,1.0669999999999999,1.0669999999999999,0.98999999999999999,1,1.0777777799999999,1.0670711399999999,0.010671244999999999,0.0061610461500000002,1.0563998999999999,1.0777423900000001
567.89999999999998,1.022,1.01,1,1.01188119,1.022,1,1,1.022,1.022,0.98999999999999999,1,1.03232323,1.02206814,0.0102211925,0.0059012082099999998,1.01184695,1.03228933
568,0.97819999999999996,1.01,1,0.96851485100000001,0.97819999999999996,1,1,0.97819999999999996,0.97819999999999996,0.98999999999999999,1,0.98808080799999998,0.97826522000000005,0.0097831413499999999,0.0056482992900000004,0.96848207900000005,0.98804836100000004
568.10000000000002,1.0629999999999999,1.01,1,1.0524752500000001,1.0629999999999999,1,1,1.0629999999999999,1.0629999999999999,0.98999999999999999,1,1.0737373699999999,1.06307087,0.010631240300000001,0.0061379494400000002,1.0524396300000001,1.0737021099999999
568.20000000000005,0.97270000000000001,1.01,1,0.96306930700000004,0.97270000000000001,1,1,0.97270000000000001,0.97270000000000001,0.98999999999999999,1,0.98252525300000004,0.97276485300000004,0.00972813493,0.0056165413199999997,0.96303671800000001,0.98249298799999996
568.29999999999995,1.054,1.01,1,1.04356436,1.054,1,1,1.054,1.054,0.98999999999999999,1,1.0646464600000001,1.05407027,0.010541229799999999,0.0060859818599999999,1.0435290399999999,1.0646115
568.39999999999998,0.92910000000000004,1.01,1,0.91990099000000003,0.92910000000000004,1,1,0.92910000000000004,0.92910000000000004,0.98999999999999999,1,0.93848484799999998,0.92916194600000002,0.0092920840600000006,0.0053647872300000001,0.91986986199999998,0.93845403000000005
568.5,0.88319999999999999,1.01,1,0.87445544600000003,0.88319999999999999,1,1,0.88319999999999999,0.88319999999999999,0.98999999999999999,1,0.89212121200000005,0.88325888600000002,0.0088330305000000001,0.0050997525400000004,0.87442585500000003,0.89209191600000004
568.60000000000002,1.052,1.01,1,1.04158416,1.052,1,1,1.052,1.052,0.98999999999999999,1,1.06262626,1.0520701400000001,0.010521227500000001,0.0060744335000000003,1.0415489099999999,1.06259137
568.70000000000005,0.76839999999999997,1.01,1,0.76079207900000001,0.76839999999999997,1,1,0.76839999999999997,0.76839999999999997,0.98999999999999999,1,0.776161616,0.76845123199999998,0.0076848965599999996,0.0044368770900000002,0.76076633500000002,0.77613612799999998
568.79999999999995,0.87160000000000004,1.01,1,0.86297029700000005,0.87160000000000004,1,1,0.87160000000000004,0.87160000000000004,0.98999999999999999,1,0.88040404000000005,0.87165811199999998,0.0087170169699999998,0.0050327720900000001,0.86294109600000002,0.88037512900000003
568.89999999999998,0.84470000000000001,1.01,1,0.83633663400000002,0.84470000000000001,1,1,0.84470000000000001,0.84470000000000001,0.98999999999999999,1,0.85323232299999996,0.84475631900000003,0.0084479855799999993,0.0048774467500000002,0.83630833299999996,0.853204305
569,0.92349999999999999,1.01,1,0.91435643600000005,0.92349999999999999,1,1,0.92349999999999999,0.92349999999999999,0.98999999999999999,1,0.93282828299999998,0.92356157299999997,0.0092360775200000002,0.0053324518400000003,0.91432549500000004,0.93279765000000003
569.10000000000002,0.81759999999999999,1.01,1,0.80950495,0.81759999999999999,1,1,0.81759999999999999,0.81759999999999999,0.98999999999999999,1,0.82585858599999995,0.81765451200000006,0.0081769539600000003,0.0047209665700000004,0.80947755799999999,0.82583146600000001
569.20000000000005,0.85119999999999996,1.01,1,0.84277227700000001,0.85119999999999996,1,1,0.85119999999999996,0.85119999999999996,0.98999999999999999,1,0.85979797999999996,0.85125675199999995,0.0085129931599999993,0.0049149789000000003,0.84274375899999998,0.859769746
569.29999999999995,0.92100000000000004,1.01,1,0.91188118799999995,0.92100000000000004,1,1,0.92100000000000004,0.92100000000000004,0.98999999999999999,1,0.93030303000000003,0.92106140599999997,0.0092110746099999998,0.0053180164000000002,0.91185033199999999,0.93027248100000004
569.39999999999998,0.80430000000000001,1.01,1,0.79633663399999999,0.80430000000000001,1,1,0.80430000000000001,0.80430000000000001,0.98999999999999999,1,0.81242424199999996,0.80435362499999996,0.0080439384400000005,0.0046441700300000003,0.79630968700000004,0.81239756399999996
569.5,0.76249999999999996,1.01,1,0.754950495,0.76249999999999996,1,1,0.76249999999999996,0.76249999999999996,0.98999999999999999,1,0.77020202000000004,0.76255083800000001,0.0076258896700000002,0.0044028094499999997,0.75492494899999996,0.77017672800000003
569.60000000000002,0.78400000000000003,1.01,1,0.77623762399999996,0.78400000000000003,1,1,0.78400000000000003,0.78400000000000003,0.98999999999999999,1,0.79191919200000005,0.78405227200000005,0.0078409147599999996,0.0045269542499999996,0.77621135699999999,0.791893187
569.70000000000005,0.8962,1.01,1,0.88732673299999998,0.8962,1,1,0.8962,0.8962,0.98999999999999999,1,0.90525252499999997,0.89625975300000005,0.0089630456699999993,0.0051748168299999998,0.88729670699999996,0.90522279800000005
569.79999999999995,0.94920000000000004,1.01,1,0.93980198000000004,0.94920000000000004,1,1,0.94920000000000004,0.94920000000000004,0.98999999999999999,1,0.95878787899999995,0.94926328599999998,0.0094931075099999995,0.0054808481800000001,0.93977017900000004,0.95875639400000001
569.89999999999998,0.78739999999999999,1.01,1,0.77960395999999998,0.78739999999999999,1,1,0.78739999999999999,0.78739999999999999,0.98999999999999999,1,0.79535353499999994,0.78745249900000003,0.0078749187200000004,0.00454658645,0.77957757999999999,0.79532741699999998
570,0.76019999999999999,1.01,1,0.75267326700000003,0.76019999999999999,1,1,0.76019999999999999,0.76019999999999999,0.98999999999999999,1,0.76787878799999998,0.76025068500000004,0.0076028869900000001,0.0043895288500000003,0.75264779800000003,0.76785357200000004
570.10000000000002,0.79110000000000003,1.01,1,0.78326732700000001,0.79110000000000003,1,1,0.79110000000000003,0.79110000000000003,0.98999999999999999,1,0.79909090900000002,0.79115274499999999,0.0079119230399999994,0.0045679509000000002,0.783240822,0.79906466799999998
570.20000000000005,0.73050000000000004,1.01,1,0.72326732699999996,0.73050000000000004,1,1,0.73050000000000004,0.73050000000000004,0.98999999999999999,1,0.73787878799999995,0.73054870500000002,0.0073058523300000002,0.0042180358100000004,0.72324285300000002,0.73785455700000002
570.29999999999995,0.77849999999999997,1.01,1,0.77079207900000002,0.77849999999999997,1,1,0.77849999999999997,0.77849999999999997,0.98999999999999999,1,0.78636363600000003,0.77855190500000004,0.0077859083399999997,0.0044951962799999997,0.77076599700000004,0.78633781400000002
570.39999999999998,0.64680000000000004,1.01,1,0.64039604000000006,0.64680000000000004,1,1,0.64680000000000004,0.64680000000000004,0.98999999999999999,1,0.65333333299999996,0.64684312399999999,0.0064687546700000001,0.00373473725,0.64037436999999997,0.65331187899999998
570.5,0.7278,1.01,1,0.72059405899999995,0.7278,1,1,0.7278,0.7278,0.98999999999999999,1,0.73515151499999998,0.72784852499999997,0.0072788491799999997,0.0042024455400000004,0.72056967599999999,0.73512737399999994
570.60000000000002,0.70699999999999996,1.01,1,0.69999999999999996,0.70699999999999996,1,1,0.70699999999999996,0.70699999999999996,0.98999999999999999,1,0.71414141399999997,0.70704713799999996,0.0070708249099999997,0.00408234267,0.69997631299999996,0.71411796299999997
570.70000000000005,0.74460000000000004,1.01,1,0.73722772299999995,0.74460000000000004,1,1,0.74460000000000004,0.74460000000000004,0.98999999999999999,1,0.75212121200000004,0.74464964499999997,0.00744686879,0.0042994516999999999,0.73720277599999995,0.75209651399999999
570.79999999999995,0.71850000000000003,1.01,1,0.71138613900000003,0.71850000000000003,1,1,0.71850000000000003,0.71850000000000003,0.98999999999999999,1,0.72575757600000002,0.71854790499999999,0.0071858383300000004,0.0041487457000000004,0.71136206599999996,0.72573374300000004
570.89999999999998,0.63829999999999998,1.01,1,0.63198019800000005,0.63829999999999998,1,1,0.63829999999999998,0.63829999999999998,0.98999999999999999,1,0.64474747499999996,0.63834255799999995,0.0063837447599999998,0.0036856567499999999,0.63195881300000001,0.64472630200000003
571,0.68999999999999995,1.01,1,0.68316831700000002,0.68999999999999995,1,1,0.68999999999999995,0.68999999999999995,0.98999999999999999,1,0.696969697,0.69004600500000002,0.00690080508,0.0039841816699999998,0.68314520000000001,0.69694681000000003
571.10000000000002,0.75619999999999998,1.01,1,0.74871287099999995,0.75619999999999998,1,1,0.75619999999999998,0.75619999999999998,0.98999999999999999,1,0.76383838400000004,0.75625041800000004,0.0075628823200000004,0.0043664321400000003,0.74868753600000004,0.763813301
571.20000000000005,0.67059999999999997,1.01,1,0.66396039600000001,0.67059999999999997,1,1,0.67059999999999997,0.67059999999999997,0.98999999999999999,1,0.67737373700000003,0.670644711,0.0067067824399999997,0.0038721626500000002,0.66393792900000004,0.67735149400000005
571.29999999999995,0.65380000000000005,1.01,1,0.64732673299999999,0.65380000000000005,1,1,0.65380000000000005,0.65380000000000005,0.98999999999999999,1,0.66040403999999997,0.653843591,0.0065387628400000002,0.0037751564900000002,0.647304828,0.660382354
571.39999999999998,0.56389999999999996,1.01,1,0.55831683200000004,0.56389999999999996,1,1,0.56389999999999996,0.56389999999999996,0.98999999999999999,1,0.56959596000000001,0.56393759700000001,0.0056396579499999999,0.0032560580299999999,0.55829793900000002,0.569577255
571.5,0.57899999999999996,1.01,1,0.57326732700000005,0.57899999999999996,1,1,0.57899999999999996,0.57899999999999996,0.98999999999999999,1,0.58484848499999997,0.57903860399999996,0.0057906755699999998,0.0033432481000000001,0.57324792800000002,0.58482927900000004
571.60000000000002,0.46129999999999999,1.01,1,0.45673267299999998,0.46129999999999999,1,1,0.46129999999999999,0.46129999999999999,0.98999999999999999,1,0.46595959599999998,0.46133075600000001,0.0046135382400000003,0.00266362754,0.45671721799999998,0.46594429500000001
571.70000000000005,0.6724,1.01,1,0.66574257400000003,0.6724,1,1,0.6724,0.6724,0.98999999999999999,1,0.67919191899999998,0.67244483099999997,0.0067247845399999997,0.0038825561699999999,0.66572004699999998,0.67916961600000003
571.79999999999995,0.55079999999999996,1.01,1,0.54534653499999997,0.55079999999999996,1,1,0.55079999999999996,0.55079999999999996,0.98999999999999999,1,0.55636363600000005,0.55083672400000006,0.0055086426600000002,0.0031804163200000002,0.54532808099999996,0.55634536599999995
571.89999999999998,0.85229999999999995,1.01,1,0.84386138600000005,0.85229999999999995,1,1,0.85229999999999995,0.85229999999999995,0.98999999999999999,1,0.86090909100000002,0.85235682599999996,0.0085239944500000008,0.0049213304899999996,0.84383283099999995,0.86088081999999999
572,0.54800000000000004,1.01,1,0.54257425699999995,0.54800000000000004,1,1,0.54800000000000004,0.54800000000000004,0.98999999999999999,1,0.55353535399999998,0.54803653699999999,0.0054806394,0.0031642486299999998,0.54255589800000004,0.55351717600000006
572.10000000000002,0.53310000000000002,1.01,1,0.52782178199999996,0.53310000000000002,1,1,0.53310000000000002,0.53310000000000002,0.98999999999999999,1,0.53848484799999996,0.53313554399999996,0.0053316220100000002,0.0030782133999999999,0.52780392200000004,0.538467166
572.20000000000005,0.57930000000000004,1.01,1,0.573564356,0.57930000000000004,1,1,0.57930000000000004,0.57930000000000004,0.98999999999999999,1,0.58515151499999996,0.57933862400000002,0.0057936759199999997,0.0033449803499999999,0.573544948,0.58513230000000005
572.29999999999995,0.69240000000000002,1.01,1,0.68554455400000003,0.69240000000000002,1,1,0.69240000000000002,0.69240000000000002,0.98999999999999999,1,0.69939393900000002,0.692446165,0.0069248078799999998,0.00399803969,0.68552135700000005,0.69937097199999998
572.39999999999998,0.58730000000000004,1.01,1,0.58148514900000003,0.58730000000000004,1,1,0.58730000000000004,0.58730000000000004,0.98999999999999999,1,0.59323232299999995,0.58733915699999995,0.0058736852499999999,0.0033911737599999999,0.58146547199999998,0.59321284299999999
572.5,0.50019999999999998,1.01,1,0.49524752500000002,0.50019999999999998,1,1,0.50019999999999998,0.50019999999999998,0.98999999999999999,1,0.50525252499999995,0.50023335000000002,0.0050025836199999998,0.002888243,0.49523076599999999,0.505235934
572.60000000000002,0.72330000000000005,1.01,1,0.71613861400000001,0.72330000000000005,1,1,0.72330000000000005,0.72330000000000005,0.98999999999999999,1,0.73060606100000003,0.72334822499999996,0.00723384393,0.0041764617399999999,0.71611438100000002,0.730582069
572.70000000000005,0.6845,1.01,1,0.67772277199999997,0.6845,1,1,0.6845,0.6845,0.98999999999999999,1,0.69141414099999998,0.68454563800000001,0.0068457986600000001,0.0039524236999999999,0.67769983899999997,0.69139143700000005
572.79999999999995,0.4214,1.01,1,0.41722772299999999,0.4214,1,1,0.4214,0.4214,0.98999999999999999,1,0.42565656600000001,0.42142809599999997,0.0042144916799999998,0.0024332379099999998,0.41721360400000002,0.42564258799999999
572.89999999999998,0.51649999999999996,1.01,1,0.51138613899999996,0.51649999999999996,1,1,0.51649999999999996,0.51649999999999996,0.98999999999999999,1,0.52171717200000001,0.51653443700000001,0.0051656026400000001,0.0029823620799999998,0.51136883399999999,0.52170003899999995
573,0.44130000000000003,1.01,1,0.43693069299999998,0.44130000000000003,1,1,0.44130000000000003,0.44130000000000003,0.98999999999999999,1,0.44575757599999999,0.441329423,0.0044135149000000002,0.0025481440199999999,0.43691590800000002,0.44574293799999998
573.10000000000002,0.54449999999999998,1.01,1,0.53910891100000002,0.54449999999999998,1,1,0.54449999999999998,0.54449999999999998,0.98999999999999999,1,0.55000000000000004,0.54453630399999997,0.0054456353100000004,0.0031440390099999999,0.53909066800000005,0.54998193900000003
573.20000000000005,0.58840000000000003,1.01,1,0.58257425699999998,0.58840000000000003,1,1,0.58840000000000003,0.58840000000000003,0.98999999999999999,1,0.594343434,0.58843923099999995,0.0058846865299999997,0.0033975253500000001,0.58255454399999995,0.59432391699999998
573.29999999999995,0.54420000000000002,1.01,1,0.53881188099999999,0.54420000000000002,1,1,0.54420000000000002,0.54420000000000002,0.98999999999999999,1,0.54969696999999995,0.54423628400000001,0.0054426349599999996,0.0031423067600000001,0.53879364900000004,0.54967891899999999
573.39999999999998,0.49719999999999998,1.01,1,0.49227722800000001,0.49719999999999998,1,1,0.49719999999999998,0.49719999999999998,0.98999999999999999,1,0.502222222,0.49723315000000001,0.0049725801200000003,0.0028709204700000002,0.49226057000000001,0.50220573000000002
573.5,0.37540000000000001,1.01,1,0.37168316800000001,0.37540000000000001,1,1,0.37540000000000001,0.37540000000000001,0.98999999999999999,1,0.37919191899999999,0.37542502900000002,0.0037544380100000001,0.0021676258000000001,0.37167059099999999,0.37917946699999999
573.60000000000002,0.57809999999999995,1.01,1,0.57237623800000004,0.57809999999999995,1,1,0.57809999999999995,0.57809999999999995,0.98999999999999999,1,0.58393939399999994,0.57813854399999998,0.0057816745200000002,0.0033380513399999998,0.57235686900000005,0.58392021800000005
573.70000000000005,0.36830000000000002,1.01,1,0.36465346500000001,0.36830000000000002,1,1,0.36830000000000002,0.36830000000000002,0.98999999999999999,1,0.37202020200000002,0.36832455600000003,0.0036834297299999999,0.00212662914,0.36464112599999998,0.37200798600000001
573.79999999999995,0.48609999999999998,1.01,1,0.48128712899999998,0.48609999999999998,1,1,0.48609999999999998,0.48609999999999998,0.98999999999999999,1,0.49101010099999998,0.48613241000000001,0.00486156717,0.00280682712,0.481270843,0.49099397700000003
573.89999999999998,0.35239999999999999,1.01,1,0.348910891,0.35239999999999999,1,1,0.35239999999999999,0.35239999999999999,0.98999999999999999,1,0.35595959599999999,0.352423496,0.0035244111700000001,0.0020348197399999999,0.348899085,0.35594790700000001
574,0.67230000000000001,1.01,1,0.66564356400000002,0.67230000000000001,1,1,0.67230000000000001,0.67230000000000001,0.98999999999999999,1,0.67909090900000002,0.67234482399999995,0.00672378443,0.0038819787499999999,0.66562104,0.67906860899999999
574.10000000000002,0.4859,1.01,1,0.48108910900000001,0.4859,1,1,0.4859,0.4859,0.98999999999999999,1,0.49080808100000001,0.48593239700000002,0.0048595669399999998,0.0028056722800000001,0.48107283000000001,0.49079196400000002
574.20000000000005,0.504,1.01,1,0.49900990099999998,0.504,1,1,0.504,0.504,0.98999999999999999,1,0.50909090899999998,0.504033603,0.0050405880600000001,0.0029101848700000001,0.49899301499999998,0.50907419099999995
574.29999999999995,0.38400000000000001,1.01,1,0.38019802000000003,0.38400000000000001,1,1,0.38400000000000001,0.38400000000000001,0.98999999999999999,1,0.38787878799999997,0.38402560299999999,0.0038404480400000001,0.0022172837100000002,0.380185155,0.38786605099999999
574.39999999999998,0.52439999999999998,1.01,1,0.51920792100000002,0.52439999999999998,1,1,0.52439999999999998,0.52439999999999998,0.98999999999999999,1,0.52969697000000004,0.52443496300000003,0.0052446118599999998,0.0030279780699999999,0.51919035199999997,0.52967957499999996
574.5,0.53790000000000004,1.01,1,0.53257425700000005,0.53790000000000004,1,1,0.53790000000000004,0.53790000000000004,0.98999999999999999,1,0.54333333299999997,0.53793586400000004,0.0053796276099999998,0.0031059294499999998,0.53255623600000002,0.54331549099999998
574.60000000000002,0.57989999999999997,1.01,1,0.57415841599999995,0.57989999999999997,1,1,0.57989999999999997,0.57989999999999997,0.98999999999999999,1,0.585757576,0.57993866400000005,0.0057996766200000003,0.0033484448599999999,0.57413898699999999,0.58573834000000002
574.70000000000005,0.4098,1.01,1,0.40574257400000002,0.4098,1,1,0.4098,0.4098,0.98999999999999999,1,0.41393939400000002,0.40982732300000002,0.0040984781500000003,0.00236625746,0.405728845,0.41392580099999998
574.79999999999995,0.4194,1.01,1,0.41524752500000001,0.4194,1,1,0.4194,0.4194,0.98999999999999999,1,0.42363636399999999,0.41942796300000001,0.0041944893500000004,0.0024216895499999998,0.41523347300000002,0.42362245199999998
574.89999999999998,0.53969999999999996,1.01,1,0.53435643600000005,0.53969999999999996,1,1,0.53969999999999996,0.53969999999999996,0.98999999999999999,1,0.54515151500000003,0.539735984,0.0053976297099999999,0.00311632297,0.53433835399999996,0.54513361299999996
575,0.50980000000000003,1.01,1,0.50475247499999998,0.50980000000000003,1,1,0.50980000000000003,0.50980000000000003,0.98999999999999999,1,0.51494949499999998,0.50983398999999996,0.0050985948299999998,0.0029436750899999998,0.50473539499999998,0.51493258500000005
575.10000000000002,0.49730000000000002,1.01,1,0.49237623800000002,0.49730000000000002,1,1,0.49730000000000002,0.49730000000000002,0.98999999999999999,1,0.50232323199999995,0.49733315700000003,0.0049735802399999999,0.0028714978900000001,0.49235957600000002,0.50230673699999995
575.20000000000005,0.53620000000000001,1.01,1,0.53089108900000004,0.53620000000000001,1,1,0.53620000000000001,0.53620000000000001,0.98999999999999999,1,0.54161616199999996,0.53623575000000001,0.0053626256300000003,0.0030961133500000001,0.53087312499999995,0.54159837600000005
575.29999999999995,0.47160000000000002,1.01,1,0.46693069300000001,0.47160000000000002,1,1,0.47160000000000002,0.47160000000000002,0.98999999999999999,1,0.47636363599999998,0.47163144299999998,0.0047165502499999998,0.0027231015599999998,0.466914893,0.47634799300000003
575.39999999999998,0.51300000000000001,1.01,1,0.50792079199999995,0.51300000000000001,1,1,0.51300000000000001,0.51300000000000001,0.98999999999999999,1,0.51818181799999996,0.51303420300000002,0.0051305985599999996,0.0029621524599999999,0.50790360499999998,0.51816480200000004
575.5,0.47720000000000001,1.01,1,0.47247524800000001,0.47720000000000001,1,1,0.47720000000000001,0.47720000000000001,0.98999999999999999,1,0.48202020200000001,0.477231817,0.0047725567900000002,0.0027554369500000001,0.47245925999999999,0.48200437299999999
575.60000000000002,0.45040000000000002,1.01,1,0.44594059400000002,0.45040000000000002,1,1,0.45040000000000002,0.45040000000000002,0.98999999999999999,1,0.45494949499999998,0.45043002999999998,0.0045045255200000002,0.0026006890200000001,0.44592550399999997,0.45493455500000002
575.70000000000005,0.312,1.01,1,0.30891089100000002,0.312,1,1,0.312,0.312,0.98999999999999999,1,0.31515151499999999,0.31202080199999999,0.0031203640399999999,0.00180154302,0.308900438,0.31514116599999997
575.79999999999995,0.35270000000000001,1.01,1,0.34920792099999998,0.35270000000000001,1,1,0.35270000000000001,0.35270000000000001,0.98999999999999999,1,0.35626262600000003,0.35272351600000001,0.0035274115199999999,0.0020365519900000001,0.34919610400000001,0.356250927
575.89999999999998,0.51400000000000001,1.01,1,0.50891089099999998,0.51400000000000001,1,1,0.51400000000000001,0.51400000000000001,0.98999999999999999,1,0.51919191899999995,0.51403427000000002,0.0051405997299999997,0.0029679266400000001,0.50889366999999996,0.51917486999999996
576,0.37380000000000002,1.01,1,0.37009901000000001,0.37380000000000002,1,1,0.37380000000000002,0.37380000000000002,0.98999999999999999,1,0.37757575799999998,0.373824922,0.0037384361399999998,0.0021583871099999999,0.37008648599999999,0.37756335899999999
576.10000000000002,0.50900000000000001,1.01,1,0.50396039599999998,0.50900000000000001,1,1,0.50900000000000001,0.50900000000000001,0.98999999999999999,1,0.51414141400000002,0.50903393699999999,0.0050905938899999999,0.0029390557499999999,0.50394334299999999,0.514124531
576.20000000000005,0.51559999999999995,1.01,1,0.51049504999999995,0.51559999999999995,1,1,0.51559999999999995,0.51559999999999995,0.98999999999999999,1,0.52080808099999998,0.51563437700000003,0.0051566015899999996,0.00297716532,0.51047777500000002,0.52079097799999996
576.29999999999995,0.47049999999999997,1.01,1,0.46584158399999998,0.47049999999999997,1,1,0.47049999999999997,0.47049999999999997,0.98999999999999999,1,0.47525252499999998,0.47053137,0.00470554897,0.0027167499700000001,0.46582582099999997,0.47523691899999998
576.39999999999998,0.3609,1.01,1,0.35732673300000001,0.3609,1,1,0.3609,0.3609,0.98999999999999999,1,0.36454545500000002,0.36092406199999999,0.0036094210899999999,0.00208390024,0.35731464099999999,0.36453348299999999
576.5,0.36649999999999999,1.01,1,0.36287128699999999,0.36649999999999999,1,1,0.36649999999999999,0.36649999999999999,0.98999999999999999,1,0.37020202000000002,0.36652443600000001,0.0036654276299999998,0.0021162356299999998,0.36285900799999998,0.37018986300000001
576.60000000000002,0.38779999999999998,1.01,1,0.38396039599999998,0.38779999999999998,1,1,0.38779999999999998,0.38779999999999998,0.98999999999999999,1,0.391717172,0.38782585600000002,0.0038784524799999999,0.0022392255799999999,0.38394740300000002,0.391704308
576.70000000000005,0.59119999999999995,1.01,1,0.585346535,0.59119999999999995,1,1,0.59119999999999995,0.59119999999999995,0.98999999999999999,1,0.59717171700000005,0.59123941700000004,0.0059126897999999999,0.00341369305,0.58532672699999999,0.59715210699999999
576.79999999999995,0.45329999999999998,1.01,1,0.44881188100000002,0.45329999999999998,1,1,0.45329999999999998,0.45329999999999998,0.98999999999999999,1,0.45787878799999998,0.45333022299999998,0.0045335289000000001,0.00261743413,0.448796694,0.45786375200000001
576.89999999999998,0.30480000000000002,1.01,1,0.30178217800000001,0.30480000000000002,1,1,0.30480000000000002,0.30480000000000002,0.98999999999999999,1,0.30787878800000001,0.30482032199999998,0.00304835564,0.0017599689500000001,0.301771966,0.30786867800000001
577,0.21240000000000001,1.01,1,0.21029703,0.21240000000000001,1,1,0.21240000000000001,0.21240000000000001,0.98999999999999999,1,0.214545455,0.21241416099999999,0.0021242478199999999,0.0012264350499999999,0.21028991399999999,0.21453840900000001
577.10000000000002,0.48370000000000002,1.01,1,0.47891089100000001,0.48370000000000002,1,1,0.48370000000000002,0.48370000000000002,0.98999999999999999,1,0.48858585900000001,0.48373224999999997,0.0048375643700000002,0.0027929690899999998,0.47889468600000001,0.48856981399999999
577.20000000000005,0.75849999999999995,1.01,1,0.75099009900000002,0.75849999999999995,1,1,0.75849999999999995,0.75849999999999995,0.98999999999999999,1,0.76616161599999999,0.75855057199999998,0.0075858849999999997,0.0043797127499999996,0.75096468699999996,0.76613645699999999
577.29999999999995,0.50929999999999997,1.01,1,0.50425742600000001,0.50929999999999997,1,1,0.50929999999999997,0.50929999999999997,0.98999999999999999,1,0.514444444,0.50933395699999995,0.0050935942399999998,0.0029407880100000001,0.504240362,0.51442755100000004
577.39999999999998,0.3296,1.01,1,0.32633663400000001,0.3296,1,1,0.3296,0.3296,0.98999999999999999,1,0.33292929300000002,0.32962197599999998,0.0032963845700000002,0.0019031685200000001,0.32632559100000003,0.33291836000000002
577.5,0.30620000000000003,1.01,1,0.30316831700000002,0.30620000000000003,1,1,0.30620000000000003,0.30620000000000003,0.98999999999999999,1,0.30929292899999999,0.30622041500000002,0.0030623572700000001,0.0017680527900000001,0.30315805800000001,0.30928277300000001
577.60000000000002,0.16470000000000001,1.01,1,0.163069307,0.16470000000000001,1,1,0.16470000000000001,0.16470000000000001,0.98999999999999999,1,0.16636363600000001,0.16471098100000001,0.00164719217,0.00095100684200000001,0.16306378899999999,0.166358173
577.70000000000005,0.19539999999999999,1.01,1,0.19346534700000001,0.19539999999999999,1,1,0.19539999999999999,0.19539999999999999,0.98999999999999999,1,0.19737373699999999,0.19541302799999999,0.0019542279900000002,0.0011282740600000001,0.19345879999999999,0.19736725599999999
577.79999999999995,0.28889999999999999,1.01,1,0.286039604,0.28889999999999999,1,1,0.28889999999999999,0.28889999999999999,0.98999999999999999,1,0.29181818199999998,0.28891926200000001,0.0028893370800000002,0.00166815954,0.28602992500000002,0.291808599
577.89999999999998,0.2974,1.01,1,0.29445544600000001,0.2974,1,1,0.2974,0.2974,0.98999999999999999,1,0.30040403999999998,0.29741982900000002,0.002974347,0.0017172400399999999,0.29444548199999998,0.30039417600000001
578,0.25190000000000001,1.01,1,0.24940594099999999,0.25190000000000001,1,1,0.25190000000000001,0.25190000000000001,0.98999999999999999,1,0.25444444399999999,0.25191679500000003,0.00251929391,0.0014545150199999999,0.24939750099999999,0.25443608899999998
578.10000000000002,0.19989999999999999,1.01,1,0.19792079200000001,0.19989999999999999,1,1,0.19989999999999999,0.19989999999999999,0.98999999999999999,1,0.201919192,0.199913328,0.0019992332399999999,0.00115425785,0.19791409500000001,0.20191256099999999
578.20000000000005,0.25640000000000002,1.01,1,0.25386138600000002,0.25640000000000002,1,1,0.25640000000000002,0.25640000000000002,0.98999999999999999,1,0.25898989900000002,0.25641709499999998,0.0025642991600000001,0.00148049881,0.25385279599999999,0.25898139399999998
578.29999999999995,0.2069,1.01,1,0.204851485,0.2069,1,1,0.2069,0.2069,0.98999999999999999,1,0.20898989900000001,0.20691379500000001,0.00206924141,0.00119467708,0.20484455300000001,0.20898303600000001
578.39999999999998,0.25280000000000002,1.01,1,0.25029702999999998,0.25280000000000002,1,1,0.25280000000000002,0.25280000000000002,0.98999999999999999,1,0.25535353500000002,0.25281685500000001,0.00252829496,0.00145971178,0.25028855999999999,0.25534515000000002
578.5,0.1691,1.01,1,0.16742574299999999,0.1691,1,1,0.1691,0.1691,0.98999999999999999,1,0.170808081,0.16911127400000001,0.0016911973000000001,0.00097641321799999997,0.167420077,0.17080247200000001
578.60000000000002,0.27779999999999999,1.01,1,0.27504950500000003,0.27779999999999999,1,1,0.27779999999999999,0.27779999999999999,0.98999999999999999,1,0.28060606100000002,0.27781852200000001,0.0027783241299999999,0.00160406619,0.27504019800000001,0.28059684600000001
578.70000000000005,0.1699,1.01,1,0.16821782199999999,0.1699,1,1,0.1699,0.1699,0.98999999999999999,1,0.17161616199999999,0.169911328,0.00169919824,0.00098103255900000011,0.16821212999999999,0.17161052600000001
578.79999999999995,0.21460000000000001,1.01,1,0.21247524800000001,0.21460000000000001,1,1,0.21460000000000001,0.21460000000000001,0.98999999999999999,1,0.21676767699999999,0.214614308,0.0021462503899999999,0.00123913824,0.21246805799999999,0.21676055799999999
578.89999999999998,0.25919999999999999,1.01,1,0.25663366300000001,0.25919999999999999,1,1,0.25919999999999999,0.25919999999999999,0.98999999999999999,1,0.26181818200000001,0.25921728199999999,0.0025923024299999999,0.0014966665099999999,0.25662497899999998,0.26180958399999998
579,0.29189999999999999,1.01,1,0.28900990100000001,0.29189999999999999,1,1,0.29189999999999999,0.29189999999999999,0.98999999999999999,1,0.29484848499999999,0.29191946200000002,0.0029193405800000002,0.00168548207,0.289000121,0.29483880299999998
579.10000000000002,0.32729999999999998,1.01,1,0.32405940599999999,0.32729999999999998,1,1,0.32729999999999998,0.32729999999999998,0.98999999999999999,1,0.33060606100000001,0.32732182199999998,0.00327338189,0.0018898879100000001,0.32404843999999999,0.33059520399999998
579.20000000000005,0.33660000000000001,1.01,1,0.333267327,0.33660000000000001,1,1,0.33660000000000001,0.33660000000000001,0.98999999999999999,1,0.34000000000000002,0.33662244200000002,0.0033663927399999998,0.0019435877499999999,0.33325605000000003,0.33998883499999999
579.29999999999995,0.53110000000000002,1.01,1,0.52584158400000003,0.53110000000000002,1,1,0.53110000000000002,0.53110000000000002,0.98999999999999999,1,0.53646464599999999,0.53113540999999997,0.0053116196799999999,0.0030666650499999999,0.52582379099999998,0.53644703000000005
579.39999999999998,0.40749999999999997,1.01,1,0.40346534699999997,0.40749999999999997,1,1,0.40749999999999997,0.40749999999999997,0.98999999999999999,1,0.41161616200000001,0.40752716900000002,0.0040754754600000002,0.0023529768600000001,0.40345169400000003,0.41160264499999999
579.5,0.43140000000000001,1.01,1,0.42712871299999999,0.43140000000000001,1,1,0.43140000000000001,0.43140000000000001,0.98999999999999999,1,0.43575757599999998,0.43142876299999999,0.0043145033500000003,0.0024909796699999999,0.42711426000000002,0.43574326600000002
579.60000000000002,0.25419999999999998,1.01,1,0.25168316800000001,0.25419999999999998,1,1,0.25419999999999998,0.25419999999999998,0.98999999999999999,1,0.25676767700000003,0.254216948,0.0025422966000000001,0.0014677956199999999,0.251674652,0.25675924500000002
579.70000000000005,0.26350000000000001,1.01,1,0.26089108900000002,0.26350000000000001,1,1,0.26350000000000001,0.26350000000000001,0.98999999999999999,1,0.26616161599999999,0.26351756799999998,0.0026353074499999999,0.00152149546,0.260882261,0.26615287599999998
579.79999999999995,0.24560000000000001,1.01,1,0.24316831699999999,0.24560000000000001,1,1,0.24560000000000001,0.24560000000000001,0.98999999999999999,1,0.24808080800000001,0.245616375,0.0024562865600000002,0.0014181377100000001,0.243160088,0.248072662
579.89999999999998,0.2233,1.01,1,0.22108910900000001,0.2233,1,1,0.2233,0.2233,0.98999999999999999,1,0.22555555599999999,0.22331488799999999,0.0022332605399999999,0.00128937358,0.221081628,0.225548149
580,0.094990000000000005,1.01,1,0.094049505000000005,0.094990000000000005,1,1,0.094990000000000005,0.094990000000000005,0.98999999999999999,1,0.095949494900000001,0.094996333299999999,0.00095001083299999997,0.00054848900999999995,0.094046322500000001,0.095946344099999997
580.10000000000002,0.12180000000000001,1.01,1,0.120594059,0.12180000000000001,1,1,0.12180000000000001,0.12180000000000001,0.98999999999999999,1,0.12303030299999999,0.12180812100000001,0.00121814211,0.00070329467700000004,0.120589979,0.123026263
580.20000000000005,0.13769999999999999,1.01,1,0.13633663400000001,0.13769999999999999,1,1,0.13769999999999999,0.13769999999999999,0.98999999999999999,1,0.13909090900000001,0.13770918100000001,0.00137716067,0.00079510408100000004,0.13633202,0.139086342
580.29999999999995,0.16589999999999999,1.01,1,0.16425742600000001,0.16589999999999999,1,1,0.16589999999999999,0.16589999999999999,0.98999999999999999,1,0.16757575799999999,0.165911061,0.0016591935700000001,0.00095793585399999999,0.164251868,0.167570255
580.39999999999998,0.34189999999999998,1.01,1,0.33851485100000001,0.34189999999999998,1,1,0.34189999999999998,0.34189999999999998,0.98999999999999999,1,0.34535353499999999,0.34192279599999997,0.0034193989199999999,0.0019741908900000001,0.33850339699999998,0.34534219500000002
580.5,0.37590000000000001,1.01,1,0.37217821800000001,0.37590000000000001,1,1,0.37590000000000001,0.37590000000000001,0.98999999999999999,1,0.37969697000000002,0.375925063,0.0037594385900000002,0.0021705128799999998,0.37216562399999997,0.37968450100000001
580.60000000000002,0.2107,1.01,1,0.20861386100000001,0.2107,1,1,0.2107,0.2107,0.98999999999999999,1,0.21282828300000001,0.21071404799999999,0.0021072458399999999,0.0012166189499999999,0.20860680200000001,0.21282129399999999
580.70000000000005,0.317,1.01,1,0.31386138600000002,0.317,1,1,0.317,0.317,0.98999999999999999,1,0.32020201999999998,0.31702113500000001,0.0031703698700000001,0.0018304139,0.313850766,0.32019150499999999
580.79999999999995,0.22070000000000001,1.01,1,0.21851485100000001,0.22070000000000001,1,1,0.22070000000000001,0.22070000000000001,0.98999999999999999,1,0.222929293,0.22071471500000001,0.0022072575099999999,0.0012743607199999999,0.21850745699999999,0.222921972
580.89999999999998,0.059319999999999998,1.01,1,0.058732673300000003,0.059319999999999998,1,1,0.059319999999999998,0.059319999999999998,0.98999999999999999,1,0.059919191900000002,0.059323955099999999,0.00059326921400000001,0.00034252414000000001,0.058730685800000001,0.059917224300000002
581,0.19239999999999999,1.01,1,0.19049505,0.19239999999999999,1,1,0.19239999999999999,0.19239999999999999,0.98999999999999999,1,0.19434343400000001,0.19241282800000001,0.00192422449,0.00111095153,0.19048860300000001,0.19433705200000001
581.10000000000002,0.109,1.01,1,0.107920792,0.109,1,1,0.109,0.109,0.98999999999999999,1,0.11010101,0.109007267,0.0010901271799999999,0.00062938521999999998,0.10791713999999999,0.110097395
581.20000000000005,0.16009999999999999,1.01,1,0.15851485100000001,0.16009999999999999,1,1,0.16009999999999999,0.16009999999999999,0.98999999999999999,1,0.16171717199999999,0.16011067400000001,0.0016011867999999999,0.00092444563099999995,0.158509488,0.16171186100000001
581.29999999999995,0.19320000000000001,1.01,1,0.191287129,0.19320000000000001,1,1,0.19320000000000001,0.19320000000000001,0.98999999999999999,1,0.195151515,0.193212881,0.0019322254199999999,0.00111557087,0.19128065599999999,0.19514510700000001
581.39999999999998,0.06411,1.01,1,0.063475247499999998,0.06411,1,1,0.06411,0.06411,0.98999999999999999,1,0.064757575799999995,0.064114274400000004,0.00064117480200000005,0.000370182445,0.063473099599999999,0.064755449199999995
581.5,0.22600000000000001,1.01,1,0.22376237600000001,0.22600000000000001,1,1,0.22600000000000001,0.22600000000000001,0.98999999999999999,1,0.22828282799999999,0.22601506800000001,0.00226026369,0.00130496385,0.223754804,0.228275332
581.60000000000002,0.1162,1.01,1,0.115049505,0.1162,1,1,0.1162,0.1162,0.98999999999999999,1,0.11737373700000001,0.116207747,0.00116213558,0.00067095928999999998,0.11504561200000001,0.11736988299999999
581.70000000000005,0.08931,1.01,1,0.088425742599999996,0.08931,1,1,0.08931,0.08931,0.98999999999999999,1,0.090212121199999995,0.089315954599999997,0.00089320420500000003,0.00051569168800000005,0.0884227504,0.090209158799999994
581.79999999999995,0.1096,1.01,1,0.108514851,0.1096,1,1,0.1096,0.1096,0.98999999999999999,1,0.110707071,0.109607307,0.0010961278800000001,0.00063284972600000002,0.10851118,0.110703435
581.89999999999998,0.1206,1.01,1,0.119405941,0.1206,1,1,0.1206,0.1206,0.98999999999999999,1,0.121818182,0.120608041,0.0012061407100000001,0.00069636566600000005,0.11940190000000001,0.12181418199999999
582,0.25690000000000002,1.01,1,0.25435643600000002,0.25690000000000002,1,1,0.25690000000000002,0.25690000000000002,0.98999999999999999,1,0.25949494899999997,0.25691712799999999,0.0025692997500000002,0.0014833858999999999,0.25434782900000003,0.25948642799999999
582.10000000000002,0.002944,1.01,1,0.0029148514900000002,0.002944,1,1,0.002944,0.002944,0.98999999999999999,1,0.00297373737,0.0029441962900000002,2.9443434999999999e-05,1.6999175100000001e-05,0.0029147528500000001,0.0029736397199999999
582.20000000000005,0.075579999999999994,1.01,1,0.074831683199999999,0.075579999999999994,1,1,0.075579999999999994,0.075579999999999994,0.98999999999999999,1,0.076343434299999999,0.075585039199999995,0.00075588818500000004,0.000436412247,0.074829150999999997,0.076340927399999994
582.29999999999995,0.044229999999999998,1.01,1,0.0437920792,0.044229999999999998,1,1,0.044229999999999998,0.044229999999999998,0.98999999999999999,1,0.044676767700000002,0.044232949000000001,0.00044235160700000002,0.00025539181899999997,0.043790597399999999,0.044675300600000002
582.39999999999998,0.12870000000000001,1.01,1,0.12742574300000001,0.12870000000000001,1,1,0.12870000000000001,0.12870000000000001,0.98999999999999999,1,0.13,0.12870858099999999,0.0012871501599999999,0.00074313649400000001,0.127421431,0.129995731
582.5,0.1007,1.01,1,0.099702970299999999,0.1007,1,1,0.1007,0.1007,0.98999999999999999,1,0.10171717199999999,0.100706714,0.0010071174900000001,0.00058145955700000004,0.099699596500000001,0.101713831
582.60000000000002,0.073840000000000003,1.01,1,0.073108910900000004,0.073840000000000003,1,1,0.073840000000000003,0.073840000000000003,0.98999999999999999,1,0.074585858599999999,0.073844923199999996,0.00073848615500000003,0.00042636517999999999,0.073106436999999996,0.0745834093
582.70000000000005,0.30320000000000003,1.01,1,0.30019802000000001,0.30320000000000003,1,1,0.30320000000000003,0.30320000000000003,0.98999999999999999,1,0.30626262599999998,0.30322021500000002,0.0030323537700000002,0.0017507302600000001,0.30018786200000003,0.30625256899999997
582.79999999999995,0.31890000000000002,1.01,1,0.315742574,0.31890000000000002,1,1,0.31890000000000002,0.31890000000000002,0.98999999999999999,1,0.32212121199999999,0.31892126199999998,0.0031893720899999999,0.0018413848300000001,0.31573189000000002,0.32211063400000001
582.89999999999998,0.2414,1.01,1,0.239009901,0.2414,1,1,0.2414,0.2414,0.98999999999999999,1,0.24383838399999999,0.241416095,0.0024142816599999999,0.00139388617,0.23900181300000001,0.24383037699999999
583,0.035450000000000002,1.01,1,0.035099009899999999,0.035450000000000002,1,1,0.035450000000000002,0.035450000000000002,0.98999999999999999,1,0.035808080800000003,0.035452363600000002,0.00035454136200000001,0.000204694551,0.035097822200000003,0.035806904899999999
583.10000000000002,0.083159999999999998,1.01,1,0.082336633699999995,0.083159999999999998,1,1,0.083159999999999998,0.083159999999999998,0.98999999999999999,1,0.084000000000000005,0.083165544600000002,0.00083169703000000005,0.00048018050400000002,0.082333847500000001,0.083997241599999994
583.20000000000005,0.3009,1.01,1,0.29792079199999999,0.3009,1,1,0.3009,0.3009,0.98999999999999999,1,0.30393939399999997,0.30092006199999999,0.0030093510800000001,0.00173744966,0.29791071099999999,0.30392941299999998
583.29999999999995,0.31309999999999999,1.01,1,0.31,0.31309999999999999,1,1,0.31309999999999999,0.31309999999999999,0.98999999999999999,1,0.31626262599999999,0.31312087500000002,0.0031313653200000001,0.0018078946099999999,0.30998951000000002,0.31625224099999999
583.39999999999998,0.1113,1.01,1,0.11019801999999999,0.1113,1,1,0.1113,0.1113,0.98999999999999999,1,0.11242424199999999,0.111307421,0.0011131298600000001,0.00064266582600000001,0.110194291,0.11242055099999999
583.5,0.23960000000000001,1.01,1,0.237227723,0.23960000000000001,1,1,0.23960000000000001,0.23960000000000001,0.98999999999999999,1,0.24202020199999999,0.23961597500000001,0.0023962795599999998,0.0013834926500000001,0.23721969500000001,0.24201225400000001
583.60000000000002,0.10349999999999999,1.01,1,0.102475248,0.10349999999999999,1,1,0.10349999999999999,0.10349999999999999,0.98999999999999999,1,0.104545455,0.103506901,0.00103512076,0.00059762725099999996,0.10247178,0.104542021
583.70000000000005,0.23300000000000001,1.01,1,0.230693069,0.23300000000000001,1,1,0.23300000000000001,0.23300000000000001,0.98999999999999999,1,0.235353535,0.233015535,0.0023302718600000001,0.00134538309,0.230685263,0.23534580699999999
583.79999999999995,0.22750000000000001,1.01,1,0.225247525,0.22750000000000001,1,1,0.22750000000000001,0.22750000000000001,0.98999999999999999,1,0.22979798000000001,0.22751516799999999,0.0022752654399999998,0.0013136251200000001,0.22523990299999999,0.22979043399999999
583.89999999999998,0.1152,1.01,1,0.114059406,0.1152,1,1,0.1152,0.1152,0.98999999999999999,1,0.11636363600000001,0.11520768100000001,0.0011521344100000001,0.00066518511399999997,0.11405554599999999,0.11635981500000001
584,0.055820000000000002,1.01,1,0.055267326700000001,0.055820000000000002,1,1,0.055820000000000002,0.055820000000000002,0.98999999999999999,1,0.056383838399999997,0.055823721700000002,0.00055826512999999998,0.000322314523,0.055265456599999999,0.056381986799999999
584.10000000000002,0.14180000000000001,1.01,1,0.14039604,0.14180000000000001,1,1,0.14180000000000001,0.14180000000000001,0.98999999999999999,1,0.14323232299999999,0.141809454,0.00141816545,0.00081877820399999998,0.140391289,0.14322762
584.20000000000005,0.090060000000000001,1.01,1,0.089168316799999994,0.090060000000000001,1,1,0.090060000000000001,0.090060000000000001,0.98999999999999999,1,0.090969697000000002,0.090066004599999999,0.00090070508000000002,0.00052002232099999999,0.089165299500000003,0.090966709699999995
584.29999999999995,-0.02963,1.01,1,-0.0293366337,-0.02963,1,1,-0.02963,-0.02963,0.98999999999999999,1,-0.029929292900000001,-0.029631975500000001,0.00029633457199999998,0.000171088845,0,0
584.39999999999998,-0.0043579999999999999,1.01,1,-0.0043148514900000004,-0.0043579999999999999,1,1,-0.0043579999999999999,-0.0043579999999999999,0.98999999999999999,1,-0.0044020201999999996,-0.0043582905600000003,4.35850848e-05,2.51638605e-05,0,0
584.5,0.067960000000000007,1.01,1,0.067287128700000004,0.067960000000000007,1,1,0.067960000000000007,0.067960000000000007,0.98999999999999999,1,0.068646464599999998,0.067964531100000003,0.000679679295,0.000392413024,0.067284851800000003,0.068644210400000003
584.60000000000002,0.15390000000000001,1.01,1,0.152376238,0.15390000000000001,1,1,0.15390000000000001,0.15390000000000001,0.98999999999999999,1,0.155454545,0.15391026099999999,0.00153917957,0.00088864573799999995,0.15237108099999999,0.15544944099999999
584.70000000000005,0.1661,1.01,1,0.16445544600000001,0.1661,1,1,0.1661,0.1661,0.98999999999999999,1,0.16777777799999999,0.166111074,0.0016611938000000001,0.00095909068899999997,0.16444988099999999,0.167772268
584.79999999999995,0.1138,1.01,1,0.11267326699999999,0.1138,1,1,0.1138,0.1138,0.98999999999999999,1,0.114949495,0.113807587,0.00113813278,0.00065710126700000001,0.112669455,0.11494572
584.89999999999998,0.1358,1.01,1,0.13445544600000001,0.1358,1,1,0.1358,0.1358,0.98999999999999999,1,0.137171717,0.13580905400000001,0.0013581584500000001,0.00078413314599999997,0.13445089599999999,0.13716721300000001
585,0.031690000000000003,1.01,1,0.031376237600000002,0.031690000000000003,1,1,0.031690000000000003,0.031690000000000003,0.98999999999999999,1,0.032010100999999999,0.0316921129,0.00031693697499999998,0.00018298364799999999,0.031375175900000003,0.032009049900000003
585.10000000000002,0.44979999999999998,1.01,1,0.44534653499999999,0.44979999999999998,1,1,0.44979999999999998,0.44979999999999998,0.98999999999999999,1,0.45434343399999999,0.44982999000000001,0.0044985248199999996,0.0025972245100000001,0.44533146499999998,0.45432851400000002
585.20000000000005,0.095899999999999999,1.01,1,0.094950494999999996,0.095899999999999999,1,1,0.095899999999999999,0.095899999999999999,0.98999999999999999,1,0.096868686900000001,0.095906394000000006,0.00095911189400000002,0.00055374351000000001,0.094947282100000002,0.096865505899999996
585.29999999999995,0.079369999999999996,1.01,1,0.078584158400000007,0.079369999999999996,1,1,0.079369999999999996,0.079369999999999996,0.98999999999999999,1,0.080171717200000006,0.079375291900000006,0.00079379260700000005,0.00045829637599999998,0.078581499299999996,0.080169084500000001
585.39999999999998,0.16550000000000001,1.01,1,0.163861386,0.16550000000000001,1,1,0.16550000000000001,0.16550000000000001,0.98999999999999999,1,0.167171717,0.165511034,0.0016551930999999999,0.00095562618300000003,0.163855841,0.167166228
585.5,0.049869999999999998,1.01,1,0.049376237599999998,0.049869999999999998,1,1,0.049869999999999998,0.049869999999999998,0.98999999999999999,1,0.0503737374,0.049873325000000003,0.00049875818699999998,0.00028795817400000001,0.049374566799999998,0.050372083200000001
585.60000000000002,0.1991,1.01,1,0.19712871300000001,0.1991,1,1,0.1991,0.1991,0.98999999999999999,1,0.20111111100000001,0.19911327500000001,0.00199123231,0.00114963851,0.197122042,0.20110450699999999
585.70000000000005,0.10050000000000001,1.01,1,0.099504950499999995,0.10050000000000001,1,1,0.10050000000000001,0.10050000000000001,0.98999999999999999,1,0.101515152,0.100506701,0.0010051172600000001,0.00058030472199999995,0.099501583399999996,0.101511818
585.79999999999995,0.019769999999999999,1.01,1,0.0195742574,0.019769999999999999,1,1,0.019769999999999999,0.019769999999999999,0.98999999999999999,1,0.019969697000000002,0.019771318100000001,0.00019772306699999999,0.000114155466,0.019573595100000001,0.019969041199999999
585.89999999999998,0.0969,1.01,1,0.095940594099999998,0.0969,1,1,0.0969,0.0969,0.98999999999999999,1,0.0978787879,0.096906460599999994,0.00096911306100000004,0.00055951768700000001,0.0959373476,0.097875573699999996
586,0.035479999999999998,1.01,1,0.035128712899999998,0.035479999999999998,1,1,0.035479999999999998,0.035479999999999998,0.98999999999999999,1,0.035838383799999998,0.035482365600000003,0.00035484139699999999,0.000204867776,0.035127524200000003,0.035837207000000003
586.10000000000002,0.046899999999999997,1.01,1,0.0464356436,0.046899999999999997,1,1,0.046899999999999997,0.046899999999999997,0.98999999999999999,1,0.047373737399999997,0.046903127000000003,0.00046905472199999999,0.00027080886999999998,0.046434072299999997,0.047372181700000002
586.20000000000005,0.033079999999999998,1.01,1,0.032752475199999999,0.033079999999999998,1,1,0.033079999999999998,0.033079999999999998,0.98999999999999999,1,0.0334141414,0.033082205599999998,0.00033083859700000002,0.00019100975299999999,0.032751367000000003,0.033413044199999999
586.29999999999995,0.057299999999999997,1.01,1,0.056732673300000001,0.057299999999999997,1,1,0.057299999999999997,0.057299999999999997,0.98999999999999999,1,0.057878787899999999,0.057303820399999997,0.00057306685700000005,0.00033086030400000002,0.056730753500000002,0.057876887199999998
586.39999999999998,-0.017829999999999999,1.01,1,-0.017653465300000001,-0.017829999999999999,1,1,-0.017829999999999999,-0.017829999999999999,0.98999999999999999,1,-0.018010101000000001,-0.017831188800000002,0.000178320804,0.000102953564,0,0
586.5,0.1245,1.01,1,0.123267327,0.1245,1,1,0.1245,0.1245,0.98999999999999999,1,0.12575757600000001,0.124508301,0.0012451452600000001,0.00071888495400000002,0.123263156,0.12575344599999999
586.60000000000002,0.035189999999999999,1.01,1,0.034841584199999998,0.035189999999999999,1,1,0.035189999999999999,0.035189999999999999,0.98999999999999999,1,0.035545454499999997,0.035192346200000002,0.00035194105900000002,0.000203193265,0.034840405200000001,0.035544287299999998
586.70000000000005,-0.073649999999999993,1.01,1,-0.072920792100000006,-0.073649999999999993,1,1,-0.073649999999999993,-0.073649999999999993,0.98999999999999999,1,-0.074393939399999998,-0.073654910500000004,0.00073658593299999995,0.000425268087,0,0
586.79999999999995,0.1467,1.01,1,0.14524752499999999,0.1467,1,1,0.1467,0.1467,0.98999999999999999,1,0.14818181799999999,0.14670978100000001,0.0014671711699999999,0.00084707166799999995,0.14524260999999999,0.148176952
586.89999999999998,0.067100000000000007,1.01,1,0.066435643599999997,0.067100000000000007,1,1,0.067100000000000007,0.067100000000000007,0.98999999999999999,1,0.067777777799999994,0.067104473799999995,0.000671078291,0.00038744723200000001,0.066433395500000006,0.067775552099999997
587,-0.069400000000000003,1.01,1,-0.068712871300000006,-0.069400000000000003,1,1,-0.069400000000000003,-0.069400000000000003,0.98999999999999999,1,-0.0701010101,-0.069404627100000005,0.00069408097500000003,0.00040072783799999999,0,0
587.10000000000002,-0.097420000000000007,1.01,1,-0.096455445500000001,-0.097420000000000007,1,1,-0.097420000000000007,-0.097420000000000007,0.98999999999999999,1,-0.098404040400000004,-0.097426495299999999,0.00097431366800000002,0.000562520258,0,0
587.20000000000005,0.01244,1.01,1,0.012316831699999999,0.01244,1,1,0.01244,0.01244,0.98999999999999999,1,0.012565656600000001,0.012440829400000001,0.00012441451499999999,7.1830753599999998e-05,0.012316414899999999,0.0125652439
587.29999999999995,0.041939999999999998,1.01,1,0.041524752499999998,0.041939999999999998,1,1,0.041939999999999998,0.041939999999999998,0.98999999999999999,1,0.042363636400000002,0.041942796300000001,0.000419448935,0.000242168955,0.041523347299999999,0.042362245200000002
587.39999999999998,0.066659999999999997,1.01,1,0.066000000000000003,0.066659999999999997,1,1,0.066659999999999997,0.066659999999999997,0.98999999999999999,1,0.067333333300000006,0.066664444399999995,0.000666677778,0.00038490659399999998,0.065997766700000002,0.067331122199999996
587.5,-0.015520000000000001,1.01,1,-0.015366336600000001,-0.015520000000000001,1,1,-0.015520000000000001,-0.015520000000000001,0.98999999999999999,1,-0.0156767677,-0.0155210348,0.00015521810799999999,8.96152167e-05,0,0
587.60000000000002,-0.080159999999999995,1.01,1,-0.079366336600000004,-0.080159999999999995,1,1,-0.080159999999999995,-0.080159999999999995,0.98999999999999999,1,-0.080969696999999993,-0.080165344499999999,0.00080169352899999997,0.00046285797500000001,0,0
587.70000000000005,0.1535,1.01,1,0.15198019800000001,0.1535,1,1,0.1535,0.1535,0.98999999999999999,1,0.15505050500000001,0.153510234,0.0015351791,0.000886336067,0.151975055,0.15504541299999999
587.79999999999995,0.14119999999999999,1.01,1,0.13980197999999999,0.14119999999999999,1,1,0.14119999999999999,0.14119999999999999,0.98999999999999999,1,0.142626263,0.14120941400000001,0.0014121647500000001,0.00081531369800000005,0.13979725000000001,0.142621579
587.89999999999998,0.099820000000000006,1.01,1,0.098831683200000006,0.099820000000000006,1,1,0.099820000000000006,0.099820000000000006,0.98999999999999999,1,0.100828283,0.099826655299999997,0.00099831646800000004,0.00057637828199999996,0.098828338900000007,0.100824972
588,0.02674,1.01,1,0.0264752475,0.02674,1,1,0.02674,0.02674,0.98999999999999999,1,0.027010101000000002,0.026741782799999999,0.00026743120000000001,0.000154401475,0.026474351600000001,0.027009214
588.10000000000002,0.1605,1.01,1,0.158910891,0.1605,1,1,0.1605,0.1605,0.98999999999999999,1,0.16212121199999999,0.16051070100000001,0.0016051872699999999,0.00092675530200000001,0.158905514,0.16211588800000001
588.20000000000005,-0.006953,1.01,1,-0.0068841584199999997,-0.006953,1,1,-0.006953,-0.006953,0.98999999999999999,1,-0.0070232323200000004,-0.0069534635800000003,6.95381126e-05,4.0147848e-05,0,0
588.29999999999995,0.095100000000000004,1.01,1,0.094158415800000006,0.095100000000000004,1,1,0.095100000000000004,0.095100000000000004,0.98999999999999999,1,0.096060606100000001,0.095106340600000006,0.00095111096099999997,0.00054912416899999998,0.094155229699999995,0.096057451599999996
588.39999999999998,0.1046,1.01,1,0.103564356,0.1046,1,1,0.1046,0.1046,0.98999999999999999,1,0.10565656599999999,0.10460697400000001,0.00104612205,0.00060397884500000001,0.10356085199999999,0.105653096
588.5,0.01108,1.01,1,0.010970297,0.01108,1,1,0.01108,0.01108,0.98999999999999999,1,0.011191919200000001,0.0110807387,0.000110812928,6.3977873799999995e-05,0.0109699258,0.0111915517
588.60000000000002,-0.034759999999999999,1.01,1,-0.034415841599999997,-0.034759999999999999,1,1,-0.034759999999999999,-0.034759999999999999,0.98999999999999999,1,-0.035111111100000002,-0.034762317600000002,0.00034764055700000002,0.00020071036900000001,0,0
588.70000000000005,-0.0057670000000000004,1.01,1,-0.0057099009899999999,-0.0057670000000000004,1,1,-0.0057670000000000004,-0.0057670000000000004,0.98999999999999999,1,-0.00582525253,-0.0057673845100000001,5.7676728799999999e-05,3.3299674900000002e-05,0,0
588.79999999999995,0.043040000000000002,1.01,1,0.042613861400000001,0.043040000000000002,1,1,0.043040000000000002,0.043040000000000002,0.98999999999999999,1,0.043474747500000001,0.043042869599999999,0.00043045021800000002,0.00024852054899999999,0.042612419399999997,0.0434733198
588.89999999999998,0.098799999999999999,1.01,1,0.097821782199999999,0.098799999999999999,1,1,0.098799999999999999,0.098799999999999999,0.98999999999999999,1,0.099797979800000006,0.098806587299999998,0.0009881152780000001,0.00057048862199999997,0.097818472000000004,0.099794702599999993
589,0.0064819999999999999,1.01,1,0.0064178217800000001,0.0064819999999999999,1,1,0.0064819999999999999,0.0064819999999999999,0.98999999999999999,1,0.0065474747499999998,0.0064824321799999999,6.48275631e-05,3.7428210999999999e-05,0.0064176046099999997,0.0065472597400000002
589.10000000000002,0.0024229999999999998,1.01,1,0.0023990099,0.0024229999999999998,1,1,0.0024229999999999998,0.0024229999999999998,0.98999999999999999,1,0.0024474747499999999,0.00242316155,2.4232827100000002e-05,1.3990829300000001e-05,0.00239892872,0.0024473943800000001
589.20000000000005,0.081040000000000001,1.01,1,0.080237623800000005,0.081040000000000001,1,1,0.081040000000000001,0.081040000000000001,0.98999999999999999,1,0.081858585900000003,0.081045403200000005,0.00081049455599999998,0.00046793924999999998,0.080234908699999996,0.081855897799999994
589.29999999999995,0.088410000000000002,1.01,1,0.087534653500000004,0.088410000000000002,1,1,0.088410000000000002,0.088410000000000002,0.98999999999999999,1,0.089303030300000003,0.088415894600000003,0.00088420315499999999,0.00051049492999999998,0.0875316914,0.089300097699999997
589.39999999999998,-0.032809999999999999,1.01,1,-0.032485148499999998,-0.032809999999999999,1,1,-0.032809999999999999,-0.032809999999999999,0.98999999999999999,1,-0.033141414100000002,-0.032812187600000001,0.00032813828200000002,0.000189450726,0,0
589.5,0.050439999999999999,1.01,1,0.049940594099999999,0.050439999999999999,1,1,0.050439999999999999,0.050439999999999999,0.98999999999999999,1,0.050949494900000003,0.050443362999999998,0.00050445885200000001,0.00029124945400000002,0.049938904200000002,0.050947821900000002
589.60000000000002,-0.0051450000000000003,1.01,1,-0.0050940594099999998,-0.0051450000000000003,1,1,-0.0051450000000000003,-0.0051450000000000003,0.98999999999999999,1,-0.0051969696999999999,-0.00514534303,5.1456003100000003e-05,2.9708137199999999e-05,0,0
589.70000000000005,0.1905,1.01,1,0.18861386099999999,0.1905,1,1,0.1905,0.1905,0.98999999999999999,1,0.192424242,0.19051270100000001,0.00190522227,0.00109998059,0.18860747899999999,0.19241792399999999
589.79999999999995,0.083140000000000006,1.01,1,0.082316831699999995,0.083140000000000006,1,1,0.083140000000000006,0.083140000000000006,0.98999999999999999,1,0.083979797999999994,0.083145543200000005,0.00083149700600000003,0.00048006501999999998,0.082314046200000004,0.083977040200000005
589.89999999999998,-0.034869999999999998,1.01,1,-0.034524752499999999,-0.034869999999999998,1,1,-0.034869999999999998,-0.034869999999999998,0.98999999999999999,1,-0.0352222222,-0.034872324900000001,0.00034874068600000002,0.00020134552899999999,0,0
590,-0.035159999999999997,1.01,1,-0.034811881199999999,-0.035159999999999997,1,1,-0.035159999999999997,-0.035159999999999997,0.98999999999999999,1,-0.035515151500000001,-0.035162344200000001,0.00035164102399999999,0.00020302003999999999,0,0
590.10000000000002,0.059650000000000002,1.01,1,0.0590594059,0.059650000000000002,1,1,0.059650000000000002,0.059650000000000002,0.98999999999999999,1,0.060252525299999998,0.059653977099999998,0.00059656959900000002,0.00034442961800000002,0.059057407499999999,0.060250546699999998
590.20000000000005,0.031710000000000002,1.01,1,0.031396039600000002,0.031710000000000002,1,1,0.031710000000000002,0.031710000000000002,0.98999999999999999,1,0.032030303000000003,0.031712114200000002,0.000317136999,0.000183099132,0.0313949772,0.032029251199999997
590.29999999999995,-0.066699999999999995,1.01,1,-0.066039604000000002,-0.066699999999999995,1,1,-0.066699999999999995,-0.066699999999999995,0.98999999999999999,1,-0.067373737399999994,-0.066704447099999994,0.00066707782400000004,0.000385137561,0,0
590.39999999999998,0.049820000000000003,1.01,1,0.049326732700000001,0.049820000000000003,1,1,0.049820000000000003,0.049820000000000003,0.98999999999999999,1,0.0503232323,0.049823321699999999,0.00049825812900000004,0.00028766946499999998,0.049325063500000002,0.050321579800000002
590.5,0.1794,1.01,1,0.17762376199999999,0.1794,1,1,0.1794,0.1794,0.98999999999999999,1,0.181212121,0.17941196100000001,0.00179420932,0.00103588723,0.17761775199999999,0.181206171
590.60000000000002,0.052609999999999997,1.01,1,0.0520891089,0.052609999999999997,1,1,0.052609999999999997,0.052609999999999997,0.98999999999999999,1,0.053141414099999999,0.052613507699999999,0.00052616138400000002,0.00030377941700000002,0.052087346299999997,0.053139669100000002
590.70000000000005,-0.029440000000000001,1.01,1,-0.029148514899999999,-0.029440000000000001,1,1,-0.029440000000000001,-0.029440000000000001,0.98999999999999999,1,-0.0297373737,-0.0294419629,0.00029443435,0.00016999175099999999,0,0
590.79999999999995,-0.043090000000000003,1.01,1,-0.042663366299999998,-0.043090000000000003,1,1,-0.043090000000000003,-0.043090000000000003,0.98999999999999999,1,-0.0435252525,-0.043092872999999997,0.00043095027700000002,0.00024880925800000001,0,0
590.89999999999998,0.2334,1.01,1,0.23108910899999999,0.2334,1,1,0.2334,0.2334,0.98999999999999999,1,0.235757576,0.23341556199999999,0.0023342723300000001,0.0013476927599999999,0.231081289,0.23574983399999999
591,0.0032290000000000001,1.01,1,0.0031970296999999999,0.0032290000000000001,1,1,0.0032290000000000001,0.0032290000000000001,0.98999999999999999,1,0.00326161616,0.0032292152899999998,3.22937675e-05,1.8644815399999999e-05,0.0031969215199999998,0.0032615090599999999
591.10000000000002,-0.069360000000000005,1.01,1,-0.068673267299999993,-0.069360000000000005,1,1,-0.069360000000000005,-0.069360000000000005,0.98999999999999999,1,-0.070060606100000006,-0.069364624499999999,0.00069368092799999999,0.00040049687100000001,0,0
591.20000000000005,-0.057849999999999999,1.01,1,-0.057277227700000002,-0.057849999999999999,1,1,-0.057849999999999999,-0.057849999999999999,0.98999999999999999,1,-0.058434343399999998,-0.057853857100000003,0.00057856749799999995,0.00033403610099999999,0,0
591.29999999999995,0.0026250000000000002,1.01,1,0.0025990099000000001,0.0026250000000000002,1,1,0.0026250000000000002,0.0026250000000000002,0.98999999999999999,1,0.00265151515,0.0026251750199999999,2.62530628e-05,1.51572129e-05,0.0025989219499999998,0.0026514280800000001
591.39999999999998,-0.0178,1.01,1,-0.0176237624,-0.0178,1,1,-0.0178,-0.0178,0.98999999999999999,1,-0.017979798000000002,-0.0178011868,0.000178020769,0.000102780339,0,0
591.5,0.032689999999999997,1.01,1,0.032366336599999997,0.032689999999999997,1,1,0.032689999999999997,0.032689999999999997,0.98999999999999999,1,0.033020201999999998,0.032692179600000003,0.00032693814200000001,0.000188757824,0.032365241400000001,0.033019117700000003
591.60000000000002,-0.077539999999999998,1.01,1,-0.076772277200000003,-0.077539999999999998,1,1,-0.077539999999999998,-0.077539999999999998,0.98999999999999999,1,-0.078323232300000004,-0.077545169900000002,0.00077549047199999995,0.00044772963299999997,0,0
591.70000000000005,-0.040390000000000002,1.01,1,-0.039990099000000001,-0.040390000000000002,1,1,-0.040390000000000002,-0.040390000000000002,0.98999999999999999,1,-0.040797979800000002,-0.040392692899999999,0.00040394712600000003,0.000233218982,0,0
591.79999999999995,0.079250000000000001,1.01,1,0.078465346500000005,0.079250000000000001,1,1,0.079250000000000001,0.079250000000000001,0.98999999999999999,1,0.080050505100000002,0.079255283900000001,0.00079259246700000003,0.00045760347400000001,0.078462691400000006,0.080047876300000001
591.89999999999998,-0.055739999999999998,1.01,1,-0.055188118799999998,-0.055739999999999998,1,1,-0.055739999999999998,-0.055739999999999998,0.98999999999999999,1,-0.056303030300000001,-0.055743716399999997,0.00055746503600000001,0.000321852589,0,0
592,-0.13780000000000001,1.01,1,-0.13643564399999999,-0.13780000000000001,1,1,-0.13780000000000001,-0.13780000000000001,0.98999999999999999,1,-0.139191919,-0.137809188,0.0013781607799999999,0.00079568149899999997,0,0
592.10000000000002,-0.1211,1.01,1,-0.11990099,-0.1211,1,1,-0.1211,-0.1211,0.98999999999999999,1,-0.122323232,-0.121108074,0.0012111413000000001,0.00069925275399999995,0,0
592.20000000000005,0.084889999999999993,1.01,1,0.084049504999999997,0.084889999999999993,1,1,0.084889999999999993,0.084889999999999993,0.98999999999999999,1,0.085747474700000006,0.084895659900000003,0.00084899904800000005,0.00049016982899999998,0.0840466609,0.085744658900000006
592.29999999999995,-0.11269999999999999,1.01,1,-0.111584158,-0.11269999999999999,1,1,-0.11269999999999999,-0.11269999999999999,0.98999999999999999,1,-0.113838384,-0.11270751399999999,0.0011271314999999999,0.00065074967299999997,0,0
592.39999999999998,-0.12139999999999999,1.01,1,-0.12019802,-0.12139999999999999,1,1,-0.12139999999999999,-0.12139999999999999,0.98999999999999999,1,-0.122626263,-0.12140809399999999,0.00121414165,0.00070098500699999997,0,0
592.5,0.1221,1.01,1,0.12089108899999999,0.1221,1,1,0.1221,0.1221,0.98999999999999999,1,0.123333333,0.122108141,0.00122114246,0.00070502692999999995,0.120886998,0.123329283
592.60000000000002,0.061629999999999997,1.01,1,0.061019801999999998,0.061629999999999997,1,1,0.061629999999999997,0.061629999999999997,0.98999999999999999,1,0.0622525253,0.061634109100000001,0.00061637190900000005,0.00035586248699999998,0.061017737199999998,0.062250481000000003
592.70000000000005,0.037379999999999997,1.01,1,0.037009900999999998,0.037379999999999997,1,1,0.037379999999999997,0.037379999999999997,0.98999999999999999,1,0.037757575799999998,0.037382492199999999,0.00037384361399999999,0.00021583871099999999,0.037008648599999999,0.0377563359
592.79999999999995,0.047190000000000003,1.01,1,0.0467227723,0.047190000000000003,1,1,0.047190000000000003,0.047190000000000003,0.98999999999999999,1,0.047666666699999999,0.047193146300000002,0.00047195506000000001,0.00027248338100000001,0.046721191299999999,0.0476651014
592.89999999999998,0.01949,1.01,1,0.019297029699999999,0.01949,1,1,0.01949,0.01949,0.98999999999999999,1,0.019686868699999999,0.0194912995,0.00019492274100000001,0.00011253869700000001,0.019296376699999999,0.019686222199999999
593,-0.01431,1.01,1,-0.014168316800000001,-0.01431,1,1,-0.01431,-0.01431,0.98999999999999999,1,-0.014454545500000001,-0.0143109541,0.000143116697,8.2628463300000004e-05,0,0
593.10000000000002,0.1857,1.01,1,0.18386138599999999,0.1857,1,1,0.1857,0.1857,0.98999999999999999,1,0.18757575800000001,0.18571238100000001,0.00185721667,0.00107226455,0.18385516499999999,0.187569598
593.20000000000005,0.085569999999999993,1.01,1,0.084722772299999999,0.085569999999999993,1,1,0.085569999999999993,0.085569999999999993,0.98999999999999999,1,0.086434343400000002,0.085575705200000005,0.00085579984199999997,0.00049409626899999998,0.084719905400000003,0.0864315051
593.29999999999995,0.0052890000000000003,1.01,1,0.0052366336600000001,0.0052890000000000003,1,1,0.0052890000000000003,0.0052890000000000003,0.98999999999999999,1,0.00534242424,0.0052893526399999998,5.2896171100000002e-05,3.05396186e-05,0.0052364564600000003,0.0053422488100000002
593.39999999999998,-0.076719999999999997,1.01,1,-0.075960395999999999,-0.076719999999999997,1,1,-0.076719999999999997,-0.076719999999999997,0.98999999999999999,1,-0.077494949499999993,-0.076725115199999999,0.00076728951599999999,0.00044299480800000002,0,0
593.5,0.1313,1.01,1,0.13,0.1313,1,1,0.1313,0.1313,0.98999999999999999,1,0.13262626299999999,0.131308754,0.0013131531999999999,0.00075814935299999995,0.12999560099999999,0.13262190700000001
593.60000000000002,0.036490000000000002,1.01,1,0.036128712899999998,0.036490000000000002,1,1,0.036490000000000002,0.036490000000000002,0.98999999999999999,1,0.036858585899999997,0.036492432900000003,0.00036494257600000002,0.000210699694,0.036127490300000002,0.036857375499999998
593.70000000000005,-0.14399999999999999,1.01,1,-0.14257425700000001,-0.14399999999999999,1,1,-0.14399999999999999,-0.14399999999999999,0.98999999999999999,1,-0.14545454499999999,-0.14400960099999999,0.0014401680200000001,0.00083148139199999997,0,0
593.79999999999995,0.01797,1.01,1,0.017792079200000002,0.01797,1,1,0.01797,0.01797,0.98999999999999999,1,0.018151515199999999,0.017971198099999999,0.00017972096700000001,0.000103761949,0.017791477199999999,0.018150919099999999
593.89999999999998,-0.06096,1.01,1,-0.060356435600000001,-0.06096,1,1,-0.06096,-0.06096,0.98999999999999999,1,-0.061575757600000003,-0.060964064399999997,0.00060967112700000003,0.00035199378899999998,0,0
594,0.0436,1.01,1,0.043168316800000002,0.0436,1,1,0.0436,0.0436,0.98999999999999999,1,0.044040403999999998,0.043602907000000003,0.00043605087199999999,0.000251754088,0.043166856099999998,0.0440389578
594.10000000000002,0.01474,1.01,1,0.0145940594,0.01474,1,1,0.01474,0.01474,0.98999999999999999,1,0.014888888899999999,0.0147409828,0.000147417198,8.5111359200000004e-05,0.0145935656,0.0148884
594.20000000000005,-0.036920000000000001,1.01,1,-0.036554455399999998,-0.036920000000000001,1,1,-0.036920000000000001,-0.036920000000000001,0.98999999999999999,1,-0.0372929293,-0.036922461599999998,0.00036924307800000002,0.00021318258999999999,0,0
594.29999999999995,-0.0044330000000000003,1.01,1,-0.0043891089099999999,-0.0044330000000000003,1,1,-0.0044330000000000003,-0.0044330000000000003,0.98999999999999999,1,-0.00447777778,-0.0044332955599999998,4.43351723e-05,2.55969237e-05,0,0
594.39999999999998,-0.030630000000000001,1.01,1,-0.030326732700000001,-0.030630000000000001,1,1,-0.030630000000000001,-0.030630000000000001,0.98999999999999999,1,-0.030939393900000001,-0.030632042200000001,0.000306335739,0.000176863021,0,0
594.5,0.0407,1.01,1,0.040297029700000001,0.0407,1,1,0.0407,0.0407,0.98999999999999999,1,0.0411111111,0.040702713600000003,0.00040704748800000001,0.00023500897700000001,0.040295666100000002,0.041109761100000003
594.60000000000002,-0.07936,1.01,1,-0.0785742574,-0.07936,1,1,-0.07936,-0.07936,0.98999999999999999,1,-0.080161616199999994,-0.079365291199999993,0.00079369259600000003,0.00045823863399999999,0,0
594.70000000000005,0.0424,1.01,1,0.041980198000000003,0.0424,1,1,0.0424,0.0424,0.98999999999999999,1,0.042828282799999999,0.042402826900000003,0.00042404947199999998,0.00024482507700000002,0.041978777500000002,0.042826876399999998
594.79999999999995,0.0224,1.01,1,0.0221782178,0.0224,1,1,0.0224,0.0224,0.98999999999999999,1,0.022626262599999999,0.022401493500000001,0.000224026136,0.00012934154999999999,0.0221774673,0.022625519600000001
594.89999999999998,-0.0044860000000000004,1.01,1,-0.0044415841600000004,-0.0044860000000000004,1,1,-0.0044860000000000004,-0.0044860000000000004,0.98999999999999999,1,-0.0045313131299999998,-0.0044862990999999996,4.4865234200000002e-05,2.5902954999999999e-05,0,0
595,0.1192,1.01,1,0.11801980199999999,0.1192,1,1,0.1192,0.1192,0.98999999999999999,1,0.12040404,0.11920794699999999,0.0011921390799999999,0.00068828181899999999,0.118015808,0.120400087
595.10000000000002,0.093689999999999996,1.01,1,0.092762376199999996,0.093689999999999996,1,1,0.093689999999999996,0.093689999999999996,0.98999999999999999,1,0.094636363599999995,0.093696246600000005,0.00093700931599999997,0.00054098258100000003,0.092759237300000005,0.094633255900000005
595.20000000000005,-0.0143,1.01,1,-0.014158415800000001,-0.0143,1,1,-0.0143,-0.0143,0.98999999999999999,1,-0.014444444400000001,-0.0143009534,0.00014301668499999999,8.2570721599999999e-05,0,0
595.29999999999995,-0.049169999999999998,1.01,1,-0.048683168300000003,-0.049169999999999998,1,1,-0.049169999999999998,-0.049169999999999998,0.98999999999999999,1,-0.049666666700000001,-0.049173278299999998,0.00049175737100000004,0.00028391624999999997,0,0
595.39999999999998,0.19589999999999999,1.01,1,0.19396039600000001,0.19589999999999999,1,1,0.19589999999999999,0.19589999999999999,0.98999999999999999,1,0.197878788,0.195913061,0.0019592285699999998,0.00113116114,0.19395383299999999,0.19787229000000001
595.5,-0.054460000000000001,1.01,1,-0.053920792100000003,-0.054460000000000001,1,1,-0.054460000000000001,-0.054460000000000001,0.98999999999999999,1,-0.055010100999999999,-0.054463630999999998,0.00054466354300000003,0.00031446164300000002,0,0
595.60000000000002,0.036490000000000002,1.01,1,0.036128712899999998,0.036490000000000002,1,1,0.036490000000000002,0.036490000000000002,0.98999999999999999,1,0.036858585899999997,0.036492432900000003,0.00036494257600000002,0.000210699694,0.036127490300000002,0.036857375499999998
595.70000000000005,0.058610000000000002,1.01,1,0.058029703000000002,0.058610000000000002,1,1,0.058610000000000002,0.058610000000000002,0.98999999999999999,1,0.059202020199999997,0.058613907700000002,0.00058616838499999996,0.00033842447499999998,0.058027739299999999,0.059200076099999999
595.79999999999995,-0.037740000000000003,1.01,1,-0.037366336600000001,-0.037740000000000003,1,1,-0.037740000000000003,-0.037740000000000003,0.98999999999999999,1,-0.038121212100000003,-0.037742516300000001,0.00037744403400000003,0.000217917415,0,0
595.89999999999998,-0.01308,1.01,1,-0.012950494999999999,-0.01308,1,1,-0.01308,-0.01308,0.98999999999999999,1,-0.013212121199999999,-0.0130808721,0.00013081526200000001,7.5526226400000006e-05,0,0
596,0.059630000000000002,1.01,1,0.059039604000000002,0.059630000000000002,1,1,0.059630000000000002,0.059630000000000002,0.98999999999999999,1,0.0602323232,0.059633975700000001,0.000596369575,0.00034431413500000003,0.059037606200000002,0.060230345300000002
596.10000000000002,0.13589999999999999,1.01,1,0.13455445499999999,0.13589999999999999,1,1,0.13589999999999999,0.13589999999999999,0.98999999999999999,1,0.13727272700000001,0.135909061,0.00135915857,0.00078471056400000001,0.134549902,0.137268219
596.20000000000005,-0.061440000000000002,1.01,1,-0.0608316832,-0.061440000000000002,1,1,-0.061440000000000002,-0.061440000000000002,0.98999999999999999,1,-0.062060606099999999,-0.061444096400000002,0.00061447168699999997,0.00035476539399999999,0,0
596.29999999999995,-0.1094,1.01,1,-0.108316832,-0.1094,1,1,-0.1094,-0.1094,0.98999999999999999,1,-0.11050505100000001,-0.109407294,0.0010941276500000001,0.00063169489100000004,0,0
596.39999999999998,-0.1328,1.01,1,-0.131485149,-0.1328,1,1,-0.1328,-0.1328,0.98999999999999999,1,-0.13414141399999999,-0.132808854,0.0013281549499999999,0.00076681061699999996,0,0
596.5,-0.042029999999999998,1.01,1,-0.0416138614,-0.042029999999999998,1,1,-0.042029999999999998,-0.042029999999999998,0.98999999999999999,1,-0.042454545500000003,-0.042032802299999998,0.00042034903999999999,0.00024268863099999999,0,0
596.60000000000002,-0.058020000000000002,1.01,1,-0.057445544600000002,-0.058020000000000002,1,1,-0.058020000000000002,-0.058020000000000002,0.98999999999999999,1,-0.058606060600000003,-0.058023868399999998,0.00058026769700000001,0.00033501771099999999,0,0
596.70000000000005,0.10580000000000001,1.01,1,0.104752475,0.10580000000000001,1,1,0.10580000000000001,0.10580000000000001,0.98999999999999999,1,0.106868687,0.105807054,0.0010581234499999999,0.00061090785599999999,0.104748931,0.10686517700000001
596.79999999999995,0.036760000000000001,1.01,1,0.036396039599999999,0.036760000000000001,1,1,0.036760000000000001,0.036760000000000001,0.98999999999999999,1,0.0371313131,0.0367624509,0.00036764289100000002,0.00021225872199999999,0.036394808000000001,0.0371300938
596.89999999999998,-0.1206,1.01,1,-0.119405941,-0.1206,1,1,-0.1206,-0.1206,0.98999999999999999,1,-0.121818182,-0.120608041,0.0012061407100000001,0.00069636566600000005,0,0
597,-0.086400000000000005,1.01,1,-0.085544554499999995,-0.086400000000000005,1,1,-0.086400000000000005,-0.086400000000000005,0.98999999999999999,1,-0.087272727300000005,-0.086405760600000006,0.00086410081000000004,0.00049888883499999998,0,0
597.10000000000002,0.10290000000000001,1.01,1,0.101881188,0.10290000000000001,1,1,0.10290000000000001,0.10290000000000001,0.98999999999999999,1,0.103939394,0.102906861,0.0010291200600000001,0.00059416274500000003,0.10187774099999999,0.103935981
597.20000000000005,0.070739999999999997,1.01,1,0.070039604000000005,0.070739999999999997,1,1,0.070739999999999997,0.070739999999999997,0.98999999999999999,1,0.071454545499999994,0.070744716499999999,0.00070748253799999996,0.00040846523399999999,0.070037233899999995,0.071452198999999994
597.29999999999995,0.093439999999999995,1.01,1,0.092514851499999995,0.093439999999999995,1,1,0.093439999999999995,0.093439999999999995,0.98999999999999999,1,0.094383838400000003,0.093446230000000005,0.00093450902400000005,0.00053953903699999997,0.092511720899999997,0.094380739000000005
597.39999999999998,0.047399999999999998,1.01,1,0.046930693099999997,0.047399999999999998,1,1,0.047399999999999998,0.047399999999999998,0.98999999999999999,1,0.047878787899999997,0.047403160299999997,0.000474055305,0.00027369595799999998,0.046929104999999999,0.047877215600000002
597.5,-0.13539999999999999,1.01,1,-0.13405940599999999,-0.13539999999999999,1,1,-0.13539999999999999,-0.13539999999999999,0.98999999999999999,1,-0.136767677,-0.13540902799999999,0.0013541579799999999,0.00078182347600000001,0,0
597.60000000000002,0.036720000000000003,1.01,1,0.036356435600000001,0.036720000000000003,1,1,0.036720000000000003,0.036720000000000003,0.98999999999999999,1,0.0370909091,0.0367224482,0.00036724284399999998,0.00021202775500000001,0.0363552054,0.037089691100000002
597.70000000000005,0.074300000000000005,1.01,1,0.073564356400000003,0.074300000000000005,1,1,0.074300000000000005,0.074300000000000005,0.98999999999999999,1,0.075050505099999998,0.074304953800000004,0.00074308669199999995,0.00042902130200000001,0.073561867099999997,0.075048040499999996
597.79999999999995,-0.041410000000000002,1.01,1,-0.041000000000000002,-0.041410000000000002,1,1,-0.041410000000000002,-0.041410000000000002,0.98999999999999999,1,-0.041828282799999998,-0.041412760899999998,0.00041414831600000002,0.00023910864200000001,0,0
597.89999999999998,0.016379999999999999,1.01,1,0.016217821800000001,0.016379999999999999,1,1,0.016379999999999999,0.016379999999999999,0.98999999999999999,1,0.016545454500000001,0.016381092100000001,0.00016381911200000001,9.4581008300000005e-05,0.016217273000000001,0.016544911200000002
598,-0.024279999999999999,1.01,1,-0.024039603999999999,-0.024279999999999999,1,1,-0.024279999999999999,-0.024279999999999999,0.98999999999999999,1,-0.024525252500000001,-0.024281618800000002,0.00024282832900000001,0.000140197001,0,0
598.10000000000002,-0.089840000000000003,1.01,1,-0.088950495000000004,-0.089840000000000003,1,1,-0.089840000000000003,-0.089840000000000003,0.98999999999999999,1,-0.090747474699999997,-0.089845989900000006,0.00089850482400000002,0.00051875200200000003,0,0
598.20000000000005,0.019210000000000001,1.01,1,0.019019801999999999,0.019210000000000001,1,1,0.019210000000000001,0.019210000000000001,0.98999999999999999,1,0.019404040399999999,0.019211280800000001,0.000192122414,0.000110921927,0.0190191584,0.019403403199999999
598.29999999999995,-0.0028210000000000002,1.01,1,-0.0027930693100000001,-0.0028210000000000002,1,1,-0.0028210000000000002,-0.0028210000000000002,0.98999999999999999,1,-0.0028494949499999998,-0.0028211880900000002,2.82132915e-05,1.6288951399999998e-05,0,0
598.39999999999998,0.027320000000000001,1.01,1,0.027049505000000001,0.027320000000000001,1,1,0.027320000000000001,0.027320000000000001,0.98999999999999999,1,0.027595959600000001,0.027321821499999999,0.000273231876,0.00015775049700000001,0.027048589599999999,0.0275950534
598.5,0.002709,1.01,1,0.0026821782199999999,0.002709,1,1,0.002709,0.002709,0.98999999999999999,1,0.0027363636399999999,0.00270918062,2.70931608e-05,1.56422437e-05,0.00268208746,0.0027362737799999999
598.60000000000002,-0.0465,1.01,1,-0.046039603999999998,-0.0465,1,1,-0.0465,-0.0465,0.98999999999999999,1,-0.046969696999999998,-0.046503100300000003,0.00046505425500000002,0.00026849920000000002,0,0
598.70000000000005,-0.016039999999999999,1.01,1,-0.015881188099999999,-0.016039999999999999,1,1,-0.016039999999999999,-0.016039999999999999,0.98999999999999999,1,-0.0162020202,-0.0160410694,0.000160418715,9.26177884e-05,0,0
598.79999999999995,0.066460000000000005,1.01,1,0.065801980199999999,0.066460000000000005,1,1,0.066460000000000005,0.066460000000000005,0.98999999999999999,1,0.067131313100000006,0.066464431099999999,0.00066467754400000001,0.000383751759,0.065799753599999997,0.067129108699999995
598.89999999999998,-0.14180000000000001,1.01,1,-0.14039604,-0.14180000000000001,1,1,-0.14180000000000001,-0.14180000000000001,0.98999999999999999,1,-0.14323232299999999,-0.141809454,0.00141816545,0.00081877820399999998,0,0
599,-0.054530000000000002,1.01,1,-0.053990099,-0.054530000000000002,1,1,-0.054530000000000002,-0.054530000000000002,0.98999999999999999,1,-0.055080808100000003,-0.054533635699999999,0.00054536362499999999,0.00031486583500000003,0,0
599.10000000000002,-0.08362,1.01,1,-0.082792079199999993,-0.08362,1,1,-0.08362,-0.08362,0.98999999999999999,1,-0.084464646500000004,-0.083625575199999996,0.00083629756599999997,0.00048283662499999999,0,0
599.20000000000005,0.012370000000000001,1.01,1,0.012247524799999999,0.012370000000000001,1,1,0.012370000000000001,0.012370000000000001,0.98999999999999999,1,0.0124949495,0.0123708247,0.00012371443300000001,7.1426561199999995e-05,0.012247110300000001,0.0124945392
599.29999999999995,0.089520000000000002,1.01,1,0.088633663400000007,0.089520000000000002,1,1,0.089520000000000002,0.089520000000000002,0.98999999999999999,1,0.090424242399999993,0.089525968600000005,0.00089530445000000002,0.00051690426500000002,0.088630664100000006,0.090421272999999996
599.39999999999998,-0.030939999999999999,1.01,1,-0.0306336634,-0.030939999999999999,1,1,-0.030939999999999999,-0.030939999999999999,0.98999999999999999,1,-0.0312525253,-0.030942062900000001,0.00030943609999999999,0.00017865301599999999,0,0
599.5,-0.10440000000000001,1.01,1,-0.103366337,-0.10440000000000001,1,1,-0.10440000000000001,-0.10440000000000001,0.98999999999999999,1,-0.105454545,-0.10440696100000001,0.0010441218100000001,0.00060282400900000003,0,0
599.60000000000002,-0.088400000000000006,1.01,1,-0.087524752499999997,-0.088400000000000006,1,1,-0.088400000000000006,-0.088400000000000006,0.98999999999999999,1,-0.089292929300000004,-0.088405893900000004,0.00088410314399999998,0.00051043718799999999,0,0
599.70000000000005,0.02631,1.01,1,0.026049505000000001,0.02631,1,1,0.02631,0.02631,0.98999999999999999,1,0.0265757576,0.026311754199999999,0.00026313069800000001,0.00015191857900000001,0.0260486235,0.026574884900000002
599.79999999999995,-0.1615,1.01,1,-0.15990098999999999,-0.1615,1,1,-0.1615,-0.1615,0.98999999999999999,1,-0.163131313,-0.161510768,0.00161518844,0.00093252947800000002,0,0
599.89999999999998,-0.003473,1.01,1,-0.0034386138600000001,-0.003473,1,1,-0.003473,-0.003473,0.98999999999999999,1,-0.00350808081,-0.0034732315600000002,3.4734052200000002e-05,2.0053714399999999e-05,0,0
