Wavelength [nm]	Wavenumbers [1/cm]	2107362U1_0001	2107362U1_0002	2107362U1_0003	2107362U1_0004	2107362U1_0005	2107362U1_0006	2107362U1_0007	2107362U1_0008	2107362U1_0009	2107362U1_0010	2107362U1_0011	2107362U1_0012	2107362U1_0013	2107362U1_0014	2107362U1_0015	2107362U1_0016	2107362U1_0017	2107362U1_0018	2107362U1_0019	2107362U1_0020	2107362U1_0021	2107362U1_0022	2107362U1_0023	2107362U1_0024	2107362U1_0025	2107362U1_0026	2107362U1_0027	2107362U1_0028	2107362U1_0029	2107362U1_0030	2107362U1_0031	2107362U1_0032	2107362U1_0033	2107362U1_0034	2107362U1_0035
175.355	57027.31	-0.04737	-0.0416	-0.009709	0.0879	-0.03159	0.02442	0.04883	0.06487	-0.05132	0.2187	-0.005087	-0.02889	-0.02891	-0.07205	-0.0209	-0.06017	-0.07064	0.001572	0.07135	0.0154	-0.05622	0.00452	-0.02889	0.0253	0.09255	0.1341	0.03174	0.3646	0.1273	0.2605	0.1136	0.1193	0.1471	0.09371	0.2063
175.931	56840.38	-0.0221	1.199	-0.1941	0.02551	0.1662	-0.09058	-0.1425	-0.03669	0.132	-0.128	-0.3535	0.04093	0.1382	-0.03017	0.0004524	-0.07477	-0.09782	0.1657	0.08772	0.9554	0.1078	-0.1761	3.824	-0.01929	-0.3525	-0.3102	-0.4679	-0.4773	-0.3753	-0.4294	-0.3157	-0.2336	-0.4442	-0.4	-0.3972
176.508	56654.66	-0.4264	3.76	3.631	0.07882	3.665	3.641	0.1555	3.645	-0.07248	3.636	-0.09159	-0.3429	3.662	3.646	0.6504	-0.0256	3.64	-0.3454	0.1016	3.737	0.1649	3.633	1.032	-0.1555	-0.594	-0.4959	-0.5641	-0.5966	-0.4805	-0.521	-0.6616	-0.3999	-0.5619	-0.5567	-0.6763
177.085	56470.15	0.05609	0.5532	0.5394	0.1526	0.4838	1.464	0.3811	0.4615	0.003169	0.9559	0.0952	0.4135	0.4827	0.8593	0.4949	0.1619	0.3677	-0.07827	0.05366	0.5434	0.1965	0.4327	0.2711	0.5343	0.7398	0.4338	0.1047	3.393	3.408	0.6802	3.381	0.1247	3.397	3.397	3.38
177.661	56286.85	-0.0291	-0.06551	-0.05622	-0.01209	-0.0953	0.1098	0.03529	-0.05485	0.05958	0.07506	-0.0005135	0.02045	-0.01807	0.0104	0.07669	0.02483	-0.04879	-0.03803	-0.1042	-0.08995	0.003841	0.01346	0.005121	0.1004	0.2408	0.2777	0.1387	0.8031	0.8276	0.3783	0.788	0.1082	0.8109	0.8222	0.9133
178.238	56104.72	0.1043	0.02742	0.01477	-0.0824	-0.04159	-0.01566	0.05689	0.1009	0.05044	0.2208	0.1549	0.08272	-0.05696	-0.07383	0.02846	0.02541	-0.0695	0.002215	-0.01905	0.004579	0.06398	0.1446	-0.02089	-0.06578	0.2255	0.1823	0.6173	0.2739	0.1442	0.5057	0.2019	0.2136	0.3894	0.4805	0.4801
178.815	55923.78	0.07656	-0.1596	-0.1549	-0.07672	-0.09466	-0.1705	0.1275	-0.03588	-0.1486	0.006245	-0.0323	-0.0735	-0.164	-0.1585	-0.1289	-0.1192	-0.07565	0.05886	-0.1515	-0.1189	-0.09754	-0.09616	-0.02782	-0.1635	0.3465	0.1095	0.2412	0.3489	0.09721	0.234	0.2707	-0.0007969	0.402	0.3766	0.2021
179.392	55743.99	0.1529	-0.07387	-0.03747	0.05158	0.02727	-0.0757	0.01819	0.02751	-0.06044	-0.0529	0.005126	-0.1163	0.1564	0.07041	-0.09754	0.004188	-0.005056	0.01428	0.08566	0.02827	-0.09055	0.01015	0.02884	0.0835	-0.01259	-0.09658	-0.085	-0.05928	-0.05234	-0.1109	0.03232	-0.08119	0.01393	0.0171	-0.09959
179.968	55565.36	-0.1033	0.05601	-0.198	-0.2856	-0.3487	-0.2232	-0.02827	-0.09218	-0.1833	-0.01681	-0.06582	-0.102	-0.2527	-0.001547	-0.2539	0.1525	-0.2994	-0.1398	-0.0148	-0.2607	-0.03929	-0.2072	-0.3339	-0.0997	-0.07802	0.02372	0.04319	2.507	0.6695	-0.09627	1.012	0.02409	-0.1378	-0.1806	2.531
180.545	55387.87	-0.03764	0.152	-0.08451	-0.09601	-0.187	-0.09687	-0.08852	0.03064	-0.1326	-0.05776	-0.03685	-0.04103	0.04168	-0.02244	-0.01164	0.09675	-0.0369	0.005144	-0.07775	-0.2004	-0.06211	-0.1502	-0.246	-0.09102	-0.0868	-0.07593	-0.03237	1.46	0.3157	-0.1768	0.5924	-0.07584	-0.1942	-0.2579	1.468
181.122	55211.51	0.07598	0.08873	0.2063	0.1341	0.0985	0.1133	-0.09847	0.2834	0.1176	0.0309	0.04069	0.03634	0.3465	0.1261	0.1693	0.0749	0.1774	0.2846	0.1248	0.1425	-0.08086	0.2176	0.1377	0.01739	-0.08634	-0.1134	-0.0005363	-0.1746	-0.1257	-0.2514	-0.1443	-0.133	-0.19	-0.2182	-0.2218
181.698	55036.27	-0.007047	-0.0003697	0.0981	0.03496	0.01163	0.05587	-0.04385	0.142	0.1059	0.07401	0.02013	0.03059	0.115	0.05583	0.01799	0.0297	0.0309	0.1931	0.07569	0.1187	-0.07933	0.1519	0.1101	0.002265	0.008626	0.004546	0.07552	-0.02136	-0.03933	-0.07556	-0.07372	-0.04825	-0.05285	-0.0558	-0.09618
182.275	54862.14	-0.202	0.2518	-0.1526	-0.1243	-0.01228	-0.09335	-0.1672	-0.04915	-0.002451	-0.1189	-0.09691	-0.0678	-0.1306	-0.0202	-0.16	-0.08072	-0.06611	-0.1666	-0.05519	-0.01667	-0.1206	0.1393	-0.06487	-0.1186	-0.2033	-0.2276	-0.1788	-0.1984	-0.1861	-0.1453	-0.1903	-0.131	-0.257	-0.2289	-0.215
182.852	54689.10	-0.1946	0.3331	-0.111	-0.163	0.06119	-0.1179	-0.126	0.005598	0.03911	-0.09475	-0.1152	-0.05934	-0.1218	-0.0346	-0.1429	-0.0946	-0.05378	-0.208	-0.01906	0.01001	-0.09919	0.247	-0.09637	-0.1266	-0.2082	-0.2728	-0.1619	-0.2257	-0.1592	-0.12	-0.1833	-0.08547	-0.2424	-0.2431	-0.2133
183.428	54517.16	0.08928	0.1499	0.1384	-0.1409	-0.01382	-0.03717	0.148	0.05811	0.1092	0.1075	0.06405	0.08068	-0.04566	-0.1328	0.03908	-0.07565	-0.05237	0.282	-0.01173	-0.009293	0.5515	-0.02728	0.04082	0.08472	1.655	1.584	0.5629	1.653	0.6178	0.498	1.652	0.285	0.4784	1.634	1.649
184.005	54346.29	0.1342	0.1877	0.202	-0.1742	-0.06844	-0.02972	0.115	0.06702	0.1153	0.04446	0.1173	0.07081	-0.1289	-0.09749	0.05802	-0.08277	-0.08148	0.4691	-0.02386	-0.06654	0.9519	-0.1437	0.1788	0.07814	2.648	2.669	0.7969	2.681	0.9493	0.6171	2.651	0.3333	0.6076	2.642	2.681
184.582	54176.49	0.1404	0.09337	0.09391	0.0747	0.125	0.04543	0.1567	0.1434	0.1224	0.14	0.09856	0.07438	0.08416	0.0751	0.05525	0.08049	0.08497	0.05812	0.05374	0.07031	0.1055	0.07051	0.06611	0.02814	0.1146	0.1624	0.1505	0.1824	0.1678	0.1327	0.1388	0.1352	0.1372	0.1098	0.1865
185.159	54007.75	0.3671	0.3403	0.3429	0.353	0.3435	0.3563	0.352	0.3424	0.319	0.3216	0.3303	0.3359	0.3863	0.361	0.3297	0.3293	0.3355	0.3145	0.3389	0.3504	0.3328	0.3219	0.322	0.3364	0.2744	0.2838	0.3035	0.2657	0.2716	0.2937	0.3283	0.2851	0.2866	0.2836	0.2825
185.735	53840.05	0.3131	0.3114	0.2799	0.3079	0.2769	0.3001	0.2829	0.2839	0.265	0.2708	0.2902	0.2807	0.307	0.2809	0.2879	0.2932	0.2871	0.2614	0.3143	0.3073	0.2849	0.2668	0.2769	0.3019	0.2554	0.2413	0.238	0.2298	0.2609	0.2448	0.281	0.242	0.2388	0.2342	0.2429
186.312	53673.40	0.3148	0.3153	0.331	0.3204	0.3164	0.3127	0.2979	0.3045	0.2803	0.2726	0.2903	0.2998	0.3236	0.3069	0.3148	0.3134	0.3235	0.3127	0.3432	0.3376	0.2876	0.3006	0.3182	0.3115	0.2848	0.2562	0.2523	0.2595	0.2594	0.2656	0.2476	0.2689	0.2683	0.2777	0.2614
186.889	53507.77	0.2654	0.2826	0.2866	0.2795	0.2605	0.2815	0.2688	0.2659	0.2639	0.2642	0.2452	0.2622	0.2827	0.279	0.2758	0.2804	0.2766	0.2594	0.2578	0.2692	0.2562	0.2549	0.2543	0.2692	0.2424	0.2245	0.2239	0.2336	0.2388	0.239	0.2164	0.2609	0.2373	0.2354	0.2271
187.465	53343.16	0.3328	0.3267	0.3146	0.3295	0.3489	0.3383	0.3092	0.2961	0.3281	0.2974	0.3221	0.3111	0.3041	0.3417	0.3326	0.3593	0.3409	0.312	0.3068	0.3038	0.3225	0.3157	0.3407	0.3063	0.2827	0.2697	0.2679	0.2809	0.2924	0.2676	0.2693	0.2929	0.2891	0.2737	0.2752
188.042	53179.56	0.3476	0.3368	0.3208	0.3455	0.3426	0.3155	0.2887	0.3065	0.3086	0.3079	0.3187	0.3157	0.3138	0.299	0.3159	0.3242	0.3514	0.3314	0.3514	0.329	0.3133	0.3044	0.3057	0.3201	0.2755	0.2835	0.2577	0.2657	0.2785	0.2936	0.2856	0.2962	0.3095	0.2816	0.2564
188.619	53016.96	0.5287	0.5226	0.529	0.5223	0.5401	0.5425	0.5247	0.5385	0.5162	0.4476	0.5313	0.5172	0.5887	0.5228	0.5071	0.5746	0.5254	0.5236	0.529	0.4888	0.5323	0.523	0.5075	0.5868	0.4558	0.4254	0.4645	0.4253	0.4445	0.4593	0.4533	0.481	0.4484	0.4506	0.4119
189.196	52855.36	0.3273	0.3411	0.3507	0.3515	0.3504	0.3425	0.3159	0.3201	0.3151	0.3377	0.3111	0.3226	0.3482	0.3347	0.3205	0.3332	0.3432	0.3493	0.3161	0.3332	0.3231	0.3321	0.3289	0.3287	0.2827	0.2874	0.3041	0.2743	0.311	0.2785	0.2841	0.2818	0.3062	0.2927	0.296
189.772	52694.73	0.2956	0.2774	0.2801	0.2771	0.3049	0.299	0.2716	0.2507	0.2524	0.2713	0.2639	0.2771	0.2837	0.2731	0.2834	0.2828	0.2725	0.2809	0.2732	0.2751	0.2595	0.276	0.2714	0.2848	0.2588	0.2335	0.2422	0.2462	0.2465	0.2309	0.221	0.2312	0.2276	0.2304	0.2356
190.349	52535.08	0.286	0.2932	0.2783	0.2809	0.2876	0.291	0.2679	0.2606	0.2588	0.2742	0.2619	0.2444	0.2725	0.2745	0.2827	0.2927	0.27	0.2731	0.2569	0.2886	0.2586	0.2675	0.2727	0.3011	0.2388	0.2557	0.2275	0.2348	0.2351	0.2285	0.2333	0.2403	0.2205	0.2338	0.238
190.926	52376.39	0.3125	0.3058	0.3206	0.3267	0.2964	0.3345	0.3047	0.3046	0.3142	0.2909	0.2882	0.2824	0.3014	0.3092	0.3186	0.3081	0.3155	0.2917	0.3163	0.3233	0.2953	0.2941	0.3148	0.3111	0.2628	0.2688	0.2674	0.2733	0.25	0.2638	0.2603	0.2743	0.2591	0.2539	0.2668
191.502	52218.66	0.3051	0.3158	0.3081	0.3276	0.3056	0.3248	0.3097	0.3149	0.3119	0.305	0.287	0.285	0.2901	0.3356	0.3	0.307	0.3262	0.2995	0.3311	0.325	0.3106	0.3029	0.3278	0.3162	0.2681	0.2785	0.2779	0.2744	0.2663	0.2613	0.2656	0.2931	0.2801	0.281	0.2671
192.079	52061.88	0.3233	0.3428	0.3214	0.3425	0.3567	0.3435	0.3245	0.3196	0.3124	0.3279	0.3117	0.3185	0.3041	0.3306	0.3055	0.3297	0.339	0.2994	0.3241	0.3136	0.3131	0.3159	0.3295	0.308	0.2702	0.289	0.3032	0.2806	0.2787	0.277	0.2747	0.3048	0.2821	0.2908	0.2752
192.656	51906.03	0.3062	0.3146	0.297	0.3164	0.3219	0.3055	0.2948	0.2966	0.2915	0.2942	0.2804	0.2981	0.3009	0.3059	0.2935	0.3086	0.292	0.2722	0.2931	0.2861	0.2938	0.3005	0.3075	0.2855	0.2601	0.2633	0.2812	0.2603	0.2763	0.2505	0.26	0.2738	0.2632	0.2631	0.2621
193.233	51751.12	0.3205	0.3203	0.3253	0.3415	0.3282	0.3367	0.2923	0.3108	0.296	0.2836	0.2906	0.3042	0.3035	0.3159	0.3109	0.309	0.2972	0.2929	0.3079	0.2885	0.2835	0.3139	0.2987	0.3066	0.2849	0.2689	0.2679	0.2742	0.281	0.2582	0.2796	0.279	0.278	0.2768	0.2728
193.809	51597.12	0.3445	0.3485	0.3466	0.3491	0.3303	0.3509	0.314	0.3161	0.3176	0.3052	0.3191	0.3199	0.3125	0.3121	0.3249	0.3191	0.3227	0.3256	0.3179	0.3226	0.3081	0.3281	0.3277	0.323	0.2995	0.2892	0.2843	0.2906	0.2865	0.2804	0.2984	0.3034	0.296	0.29	0.3024
194.386	51444.04	0.352	0.341	0.3274	0.3397	0.3428	0.3334	0.3245	0.3141	0.3139	0.3194	0.3286	0.3111	0.3159	0.3207	0.3196	0.3251	0.3395	0.3209	0.3206	0.3345	0.3264	0.3302	0.337	0.327	0.2931	0.2924	0.2915	0.2887	0.3011	0.2933	0.297	0.3078	0.286	0.2876	0.3031
194.963	51291.87	0.3508	0.3357	0.3235	0.3356	0.3475	0.3338	0.3244	0.3224	0.3125	0.3293	0.3266	0.3075	0.3243	0.339	0.3281	0.3394	0.3498	0.302	0.333	0.3295	0.3206	0.328	0.3339	0.3291	0.2919	0.2894	0.2804	0.2854	0.2997	0.2941	0.283	0.3037	0.2827	0.3006	0.3016
195.539	51140.59	0.367	0.361	0.3543	0.3576	0.3519	0.3741	0.3379	0.3569	0.3489	0.3551	0.3475	0.3459	0.3592	0.3532	0.3529	0.3669	0.3707	0.348	0.3681	0.3573	0.3439	0.3417	0.3612	0.3533	0.3274	0.3122	0.3035	0.3131	0.327	0.313	0.3049	0.3346	0.3172	0.3384	0.326
196.116	50990.21	0.3806	0.3753	0.3727	0.388	0.3643	0.3938	0.362	0.3888	0.374	0.3656	0.3638	0.3645	0.367	0.3612	0.3574	0.3766	0.3728	0.3788	0.3848	0.3786	0.3757	0.3585	0.3807	0.3712	0.3481	0.3324	0.3325	0.3334	0.3494	0.3292	0.328	0.3565	0.3354	0.3452	0.3401
196.693	50840.70	0.3937	0.3974	0.4001	0.4045	0.3874	0.3958	0.387	0.4033	0.3901	0.3731	0.3731	0.3657	0.3766	0.384	0.3697	0.3821	0.3792	0.3688	0.3795	0.3895	0.3858	0.3754	0.3985	0.384	0.3532	0.3388	0.3438	0.338	0.3482	0.3374	0.3339	0.3594	0.3368	0.3457	0.3526
197.270	50692.07	0.4206	0.4306	0.4321	0.4153	0.4141	0.4187	0.3965	0.4039	0.4096	0.3885	0.3972	0.3885	0.4217	0.4125	0.3962	0.4035	0.4122	0.3954	0.3934	0.4046	0.3963	0.3952	0.4221	0.4002	0.3815	0.3552	0.3666	0.3542	0.3736	0.3546	0.3627	0.3789	0.3544	0.3786	0.3705
197.846	50544.31	0.4133	0.4141	0.3985	0.4072	0.3874	0.4016	0.383	0.3795	0.3847	0.3699	0.3831	0.3687	0.3969	0.3914	0.3871	0.3986	0.3897	0.3773	0.3919	0.3743	0.3917	0.384	0.3929	0.3746	0.3661	0.3665	0.3631	0.3437	0.3591	0.3443	0.3599	0.3645	0.3494	0.3708	0.3567
198.423	50397.40	0.4138	0.4221	0.4103	0.4211	0.403	0.4158	0.3987	0.4116	0.3967	0.3982	0.3878	0.3939	0.3971	0.4016	0.4113	0.4105	0.3976	0.3954	0.4087	0.3969	0.4026	0.3913	0.3967	0.4067	0.3758	0.3945	0.3755	0.367	0.3775	0.375	0.3687	0.381	0.3762	0.3831	0.3716
199.000	50251.35	0.4099	0.4337	0.4243	0.4097	0.4081	0.4037	0.3934	0.4081	0.3914	0.4064	0.3941	0.4096	0.3982	0.4166	0.408	0.4162	0.4126	0.4117	0.4076	0.4087	0.3961	0.3967	0.4066	0.4035	0.3885	0.3768	0.3838	0.3756	0.3849	0.383	0.3681	0.3996	0.3843	0.3734	0.382
199.576	50106.14	0.4673	0.4816	0.4865	0.4783	0.4616	0.4738	0.4577	0.4641	0.4749	0.4456	0.4551	0.4521	0.4617	0.4746	0.47	0.4785	0.4759	0.4694	0.4659	0.4596	0.468	0.4609	0.4688	0.4723	0.4358	0.442	0.4372	0.4404	0.4361	0.4339	0.427	0.4482	0.4413	0.4416	0.4368
200.153	49961.76	0.5669	0.5679	0.5587	0.5575	0.5702	0.564	0.5591	0.5673	0.5584	0.5428	0.553	0.5466	0.564	0.5736	0.5706	0.5877	0.5809	0.5549	0.5786	0.5783	0.5763	0.5511	0.566	0.5583	0.552	0.5215	0.5247	0.5338	0.5356	0.5166	0.5273	0.5299	0.5417	0.5184	0.5376
200.730	49818.22	0.6217	0.628	0.6299	0.624	0.6175	0.6317	0.6095	0.627	0.6052	0.6034	0.611	0.5998	0.6107	0.6019	0.6108	0.6266	0.6231	0.6081	0.63	0.6237	0.6057	0.6018	0.6286	0.6193	0.5857	0.5964	0.598	0.5861	0.5846	0.5827	0.5772	0.5881	0.5891	0.5793	0.5992
201.306	49675.50	0.674	0.6914	0.6869	0.6769	0.6781	0.7014	0.6732	0.6906	0.6593	0.6697	0.644	0.6642	0.6756	0.684	0.6831	0.6728	0.6751	0.6715	0.6735	0.6803	0.6606	0.6711	0.6611	0.6732	0.6561	0.6651	0.653	0.6473	0.6549	0.6466	0.6484	0.6581	0.6551	0.6313	0.6656
201.883	49533.59	0.8385	0.8707	0.8476	0.8665	0.8422	0.8348	0.851	0.8169	0.8583	0.8326	0.8145	0.8306	0.8316	0.8376	0.8322	0.8289	0.8482	0.8426	0.8446	0.8413	0.8161	0.8484	0.8408	0.8354	0.8334	0.8206	0.808	0.8042	0.7894	0.8046	0.8038	0.838	0.8103	0.8112	0.8125
202.460	49392.50	0.8164	0.8186	0.8178	0.8275	0.8218	0.8236	0.8229	0.822	0.816	0.8191	0.7957	0.8248	0.818	0.8048	0.8214	0.8193	0.8288	0.8008	0.8194	0.8239	0.8094	0.8202	0.8212	0.7985	0.7923	0.7771	0.7943	0.7828	0.7879	0.7795	0.7763	0.8126	0.774	0.7988	0.795
203.037	49252.20	0.8766	0.8549	0.8681	0.8537	0.8704	0.886	0.845	0.8656	0.8457	0.8582	0.8286	0.8405	0.8718	0.8644	0.8548	0.8398	0.8497	0.859	0.8722	0.8565	0.8594	0.8548	0.8593	0.8306	0.8142	0.8532	0.8272	0.8167	0.8334	0.8372	0.8294	0.8345	0.8324	0.8381	0.8407
203.613	49112.70	0.9329	0.923	0.9316	0.9429	0.9296	0.9425	0.9192	0.93	0.9335	0.9028	0.9146	0.9302	0.9439	0.9223	0.9316	0.9276	0.9324	0.9162	0.9391	0.9306	0.9071	0.9245	0.948	0.9273	0.9096	0.8992	0.8893	0.8947	0.9101	0.8958	0.9009	0.9197	0.8984	0.896	0.8842
204.190	48973.99	1.042	1.02	1.016	1.044	1.031	1.035	1.017	1.024	1.021	0.9912	1.016	1.015	1.029	1.028	1.024	1.022	1.006	1.035	1.017	1.029	0.9946	1.026	1.021	1.034	0.9826	0.9961	0.973	0.9764	0.9789	0.9709	0.9737	1.003	0.9816	0.975	0.9822
204.767	48836.06	1.056	1.054	1.069	1.071	1.07	1.046	1.037	1.046	1.062	1.036	1.047	1.029	1.062	1.053	1.067	1.06	1.045	1.044	1.064	1.051	1.029	1.048	1.055	1.067	1.024	1.026	1.025	1.003	1.02	1.007	1.015	1.034	1.013	1.019	1.031
205.343	48698.90	1.076	1.08	1.09	1.08	1.082	1.073	1.067	1.061	1.068	1.058	1.069	1.055	1.072	1.083	1.063	1.077	1.073	1.061	1.079	1.068	1.054	1.076	1.075	1.079	1.046	1.044	1.036	1.027	1.051	1.047	1.042	1.058	1.036	1.042	1.039
205.920	48562.51	1.086	1.076	1.077	1.073	1.084	1.068	1.077	1.066	1.065	1.05	1.068	1.054	1.071	1.069	1.061	1.086	1.07	1.068	1.067	1.059	1.054	1.074	1.092	1.083	1.035	1.039	1.032	1.027	1.046	1.055	1.042	1.044	1.043	1.039	1.045
206.497	48426.89	1.108	1.102	1.108	1.11	1.113	1.114	1.113	1.106	1.11	1.1	1.089	1.103	1.115	1.101	1.109	1.116	1.104	1.107	1.098	1.102	1.1	1.109	1.121	1.12	1.087	1.083	1.075	1.063	1.082	1.089	1.08	1.088	1.078	1.072	1.099
207.074	48292.02	1.116	1.108	1.116	1.121	1.104	1.108	1.115	1.112	1.097	1.1	1.091	1.094	1.107	1.117	1.11	1.121	1.11	1.11	1.121	1.11	1.099	1.116	1.108	1.118	1.09	1.091	1.071	1.088	1.088	1.086	1.089	1.086	1.082	1.073	1.091
207.650	48157.89	1.152	1.15	1.147	1.159	1.133	1.134	1.137	1.136	1.136	1.126	1.119	1.123	1.138	1.145	1.136	1.137	1.145	1.148	1.139	1.146	1.124	1.137	1.141	1.138	1.106	1.11	1.096	1.114	1.115	1.115	1.125	1.116	1.107	1.102	1.11
208.227	48024.51	1.196	1.196	1.187	1.209	1.184	1.193	1.188	1.188	1.193	1.178	1.177	1.189	1.202	1.191	1.188	1.181	1.189	1.197	1.187	1.198	1.177	1.187	1.203	1.18	1.165	1.157	1.16	1.158	1.166	1.164	1.172	1.177	1.16	1.16	1.17
208.804	47891.87	1.237	1.222	1.238	1.242	1.228	1.231	1.238	1.235	1.224	1.22	1.224	1.232	1.241	1.228	1.237	1.243	1.229	1.229	1.237	1.235	1.221	1.234	1.25	1.223	1.216	1.197	1.212	1.209	1.208	1.213	1.216	1.216	1.208	1.206	1.214
209.380	47759.96	1.275	1.244	1.268	1.264	1.262	1.255	1.26	1.258	1.25	1.251	1.257	1.254	1.262	1.258	1.263	1.279	1.263	1.256	1.263	1.262	1.253	1.267	1.281	1.265	1.248	1.228	1.236	1.234	1.239	1.254	1.253	1.24	1.238	1.235	1.242
209.957	47628.77	1.3	1.286	1.283	1.289	1.296	1.29	1.277	1.284	1.28	1.283	1.29	1.284	1.289	1.295	1.284	1.297	1.296	1.288	1.293	1.291	1.281	1.292	1.309	1.309	1.287	1.267	1.26	1.259	1.272	1.278	1.279	1.272	1.271	1.274	1.272
210.534	47498.31	1.295	1.308	1.298	1.299	1.306	1.307	1.293	1.303	1.296	1.294	1.292	1.301	1.303	1.308	1.298	1.304	1.309	1.297	1.304	1.308	1.295	1.296	1.317	1.32	1.294	1.28	1.277	1.283	1.284	1.281	1.287	1.285	1.292	1.297	1.282
211.111	47368.55	1.282	1.284	1.281	1.289	1.281	1.294	1.286	1.289	1.289	1.28	1.281	1.287	1.292	1.29	1.286	1.292	1.293	1.282	1.289	1.304	1.286	1.292	1.299	1.29	1.27	1.268	1.274	1.274	1.279	1.277	1.279	1.277	1.28	1.279	1.279
211.687	47239.50	1.312	1.317	1.318	1.313	1.315	1.321	1.319	1.321	1.318	1.309	1.318	1.307	1.318	1.308	1.319	1.331	1.326	1.321	1.326	1.332	1.311	1.323	1.327	1.322	1.314	1.305	1.309	1.298	1.322	1.316	1.313	1.316	1.302	1.304	1.314
212.264	47111.16	1.281	1.295	1.295	1.288	1.292	1.294	1.289	1.29	1.297	1.279	1.286	1.295	1.297	1.289	1.297	1.302	1.3	1.293	1.304	1.311	1.295	1.299	1.304	1.301	1.296	1.285	1.287	1.278	1.298	1.285	1.284	1.296	1.278	1.296	1.298
212.841	46983.50	1.237	1.252	1.257	1.25	1.25	1.25	1.244	1.264	1.249	1.243	1.252	1.247	1.248	1.249	1.252	1.264	1.249	1.247	1.253	1.262	1.253	1.257	1.259	1.262	1.248	1.25	1.254	1.246	1.253	1.253	1.249	1.255	1.247	1.257	1.258
213.417	46856.54	1.263	1.266	1.26	1.266	1.264	1.272	1.259	1.269	1.261	1.259	1.269	1.273	1.268	1.263	1.271	1.27	1.276	1.271	1.273	1.278	1.269	1.278	1.274	1.29	1.271	1.271	1.271	1.272	1.281	1.271	1.271	1.271	1.272	1.283	1.267
213.994	46730.26	1.207	1.204	1.206	1.21	1.209	1.208	1.198	1.197	1.21	1.203	1.2	1.206	1.218	1.206	1.214	1.219	1.226	1.225	1.221	1.228	1.222	1.224	1.219	1.233	1.224	1.216	1.219	1.22	1.211	1.212	1.22	1.221	1.216	1.232	1.208
214.571	46604.67	1.164	1.165	1.16	1.163	1.152	1.152	1.151	1.156	1.16	1.156	1.155	1.165	1.16	1.15	1.171	1.168	1.174	1.171	1.165	1.191	1.169	1.173	1.174	1.174	1.175	1.165	1.171	1.165	1.179	1.174	1.161	1.178	1.163	1.18	1.163
215.147	46479.74	1.054	1.056	1.054	1.069	1.058	1.072	1.066	1.066	1.055	1.058	1.061	1.048	1.078	1.06	1.068	1.072	1.065	1.078	1.071	1.074	1.068	1.07	1.077	1.077	1.067	1.068	1.062	1.057	1.076	1.065	1.065	1.091	1.08	1.065	1.069
215.724	46355.48	0.9791	0.9868	0.9759	0.9894	0.9767	0.9767	0.9768	0.9797	0.9724	0.9747	0.9788	0.9776	0.9809	0.9787	0.9802	0.9955	0.9918	0.9857	0.986	0.9854	0.9874	0.9947	0.9837	0.9993	0.9947	0.984	0.983	0.9863	0.9888	0.9919	0.9868	0.9963	0.9957	0.9932	0.9959
216.301	46231.89	1.209	1.222	1.214	1.202	1.212	1.203	1.203	1.213	1.214	1.219	1.207	1.22	1.219	1.235	1.231	1.243	1.242	1.238	1.237	1.248	1.255	1.254	1.258	1.25	1.256	1.248	1.255	1.261	1.248	1.262	1.258	1.28	1.268	1.273	1.287
216.878	46108.95	1.283	1.276	1.278	1.276	1.274	1.269	1.267	1.275	1.275	1.279	1.278	1.286	1.292	1.295	1.304	1.306	1.31	1.309	1.313	1.327	1.33	1.333	1.337	1.338	1.334	1.337	1.342	1.343	1.355	1.358	1.356	1.365	1.362	1.366	1.372
217.454	45986.67	1.314	1.309	1.301	1.296	1.291	1.295	1.293	1.29	1.296	1.303	1.306	1.309	1.317	1.325	1.329	1.336	1.344	1.343	1.353	1.362	1.367	1.372	1.375	1.382	1.384	1.392	1.392	1.395	1.401	1.411	1.415	1.422	1.424	1.427	1.427
218.031	45865.03	1.253	1.242	1.233	1.228	1.221	1.221	1.218	1.219	1.22	1.223	1.228	1.232	1.24	1.244	1.25	1.253	1.265	1.265	1.27	1.281	1.284	1.291	1.298	1.301	1.304	1.31	1.313	1.318	1.324	1.329	1.336	1.34	1.341	1.347	1.355
218.608	45744.03	1.167	1.152	1.143	1.135	1.127	1.125	1.121	1.123	1.123	1.126	1.127	1.133	1.136	1.138	1.146	1.148	1.155	1.158	1.161	1.168	1.171	1.178	1.181	1.186	1.191	1.193	1.197	1.205	1.208	1.213	1.216	1.223	1.226	1.228	1.235
219.184	45623.67	1.088	1.074	1.061	1.053	1.046	1.041	1.035	1.037	1.035	1.037	1.037	1.04	1.043	1.045	1.049	1.052	1.056	1.059	1.065	1.067	1.07	1.075	1.076	1.081	1.086	1.089	1.094	1.096	1.101	1.104	1.109	1.113	1.116	1.12	1.122
219.761	45503.94	1.009	0.9952	0.9822	0.9748	0.9665	0.9604	0.9547	0.9564	0.9521	0.9528	0.9535	0.9561	0.9562	0.9582	0.9596	0.9627	0.9664	0.9678	0.9719	0.9747	0.9769	0.9803	0.9814	0.9852	0.9861	0.9887	0.9933	0.9943	0.9973	1.001	1.003	1.008	1.009	1.012	1.013
220.338	45384.84	0.938	0.9251	0.9134	0.9055	0.8977	0.8931	0.8872	0.8866	0.8826	0.8839	0.8827	0.8849	0.8838	0.8849	0.8853	0.8868	0.8897	0.8906	0.8929	0.8959	0.8977	0.8998	0.9005	0.9037	0.9033	0.9051	0.908	0.9094	0.9115	0.9149	0.9165	0.9183	0.9194	0.921	0.9245
220.915	45266.36	0.884	0.8713	0.8598	0.8519	0.8457	0.8415	0.8356	0.8333	0.8306	0.8301	0.829	0.8295	0.8288	0.8303	0.8303	0.8311	0.8327	0.8334	0.8343	0.836	0.8373	0.8399	0.8393	0.8416	0.8422	0.8432	0.8452	0.846	0.847	0.8501	0.8524	0.8518	0.8535	0.8558	0.8568
221.491	45148.50	0.8355	0.8249	0.813	0.8068	0.8009	0.7965	0.7908	0.7891	0.7867	0.7855	0.784	0.7837	0.7834	0.7847	0.7848	0.785	0.7862	0.7863	0.7879	0.7877	0.7889	0.7907	0.7906	0.7921	0.7919	0.7927	0.7946	0.795	0.7959	0.7977	0.7993	0.7992	0.8003	0.8019	0.8018
222.068	45031.25	0.7931	0.7834	0.7739	0.7681	0.7632	0.7579	0.7537	0.7515	0.7496	0.7487	0.7478	0.7472	0.7472	0.7474	0.7477	0.7474	0.748	0.7483	0.7494	0.7502	0.7504	0.7512	0.752	0.7528	0.7509	0.7526	0.7542	0.7546	0.755	0.756	0.7565	0.7572	0.7578	0.7581	0.7584
222.645	44914.61	0.7563	0.7489	0.742	0.7354	0.7312	0.7269	0.7242	0.722	0.7193	0.719	0.7183	0.7184	0.7183	0.7176	0.7178	0.7179	0.718	0.718	0.7183	0.7197	0.7197	0.7209	0.7206	0.7213	0.7199	0.7217	0.7221	0.7222	0.7217	0.7233	0.7245	0.7245	0.7254	0.7251	0.7255
223.221	44798.57	0.7229	0.7181	0.7122	0.7074	0.7028	0.7009	0.6981	0.6969	0.6939	0.6941	0.6923	0.6933	0.6921	0.6921	0.6923	0.693	0.6929	0.6921	0.693	0.693	0.6932	0.6952	0.6941	0.6949	0.6948	0.6955	0.6955	0.6953	0.6948	0.6961	0.6982	0.6969	0.6977	0.6978	0.6982
223.798	44683.12	0.6944	0.69	0.6851	0.6831	0.679	0.6779	0.675	0.6739	0.6724	0.6726	0.6706	0.6713	0.67	0.6705	0.6707	0.6715	0.6707	0.6709	0.6717	0.6709	0.6712	0.6728	0.6724	0.6731	0.6732	0.6727	0.6735	0.6733	0.6737	0.6736	0.6748	0.6736	0.6743	0.6741	0.675
224.375	44568.28	0.6677	0.6648	0.6616	0.6597	0.6574	0.6566	0.655	0.6537	0.6529	0.6528	0.652	0.6526	0.6521	0.6517	0.6514	0.6522	0.6514	0.6522	0.6527	0.6518	0.6524	0.6527	0.6535	0.6534	0.654	0.6529	0.6541	0.6533	0.6547	0.6541	0.6546	0.6545	0.6551	0.6538	0.6552
224.952	44454.02	0.6435	0.642	0.6411	0.6393	0.6385	0.6385	0.6372	0.6371	0.6364	0.6361	0.6363	0.6373	0.6365	0.6356	0.6358	0.6363	0.6365	0.6365	0.6366	0.6364	0.6365	0.6367	0.6376	0.6375	0.6374	0.6377	0.6377	0.6372	0.6382	0.6383	0.6382	0.6391	0.6391	0.638	0.639
225.528	44340.34	0.625	0.6246	0.6247	0.6246	0.625	0.6247	0.624	0.6251	0.6238	0.6251	0.6248	0.6252	0.6244	0.6239	0.6251	0.6251	0.6252	0.6256	0.6259	0.6256	0.6254	0.6261	0.6264	0.6269	0.6262	0.6267	0.6259	0.6268	0.6275	0.6269	0.6272	0.6278	0.6273	0.6269	0.6278
226.105	44227.25	0.6079	0.609	0.6101	0.6116	0.6126	0.6137	0.6143	0.6144	0.6144	0.6152	0.6159	0.6165	0.6153	0.6152	0.616	0.6159	0.6164	0.6165	0.6171	0.6171	0.617	0.6171	0.6178	0.6174	0.6179	0.617	0.618	0.6174	0.6179	0.6181	0.6182	0.6178	0.6178	0.6178	0.6184
226.682	44114.73	0.5935	0.5952	0.5985	0.6009	0.6028	0.6049	0.6059	0.6071	0.607	0.6079	0.6084	0.6088	0.6083	0.6095	0.6103	0.6097	0.6096	0.6101	0.6101	0.6113	0.6108	0.6102	0.6101	0.6115	0.6115	0.6115	0.6116	0.6108	0.6115	0.6121	0.6121	0.6111	0.6106	0.6117	0.6118
227.258	44002.78	0.5798	0.5845	0.5889	0.593	0.5951	0.5973	0.5995	0.6007	0.6016	0.603	0.6032	0.6042	0.605	0.6049	0.6064	0.6059	0.6058	0.6063	0.6063	0.6067	0.6066	0.6069	0.6065	0.6076	0.6074	0.6069	0.6076	0.6074	0.6076	0.6077	0.6079	0.6081	0.6072	0.6074	0.608
227.835	43891.39	0.5684	0.5757	0.5805	0.5853	0.5897	0.5924	0.5956	0.5967	0.5986	0.6001	0.6011	0.602	0.6029	0.6024	0.6046	0.6039	0.6036	0.6038	0.6053	0.6045	0.6044	0.6043	0.6046	0.6046	0.6057	0.6054	0.6052	0.6053	0.6055	0.6055	0.6058	0.6056	0.6062	0.6054	0.6058
228.412	43780.57	0.5588	0.5681	0.5749	0.5807	0.5873	0.5903	0.594	0.5965	0.5982	0.6004	0.6011	0.6027	0.6024	0.6038	0.6047	0.6043	0.6044	0.6039	0.6051	0.6058	0.6066	0.6067	0.6064	0.6063	0.6066	0.6058	0.6062	0.606	0.6063	0.6067	0.6069	0.6072	0.6074	0.6063	0.607
228.989	43670.31	0.5511	0.5624	0.5706	0.5788	0.5848	0.5903	0.5934	0.5975	0.5996	0.6015	0.6037	0.604	0.6054	0.6063	0.6062	0.6071	0.6075	0.6078	0.6085	0.6092	0.6082	0.6081	0.6085	0.6087	0.6088	0.6088	0.6089	0.6096	0.6094	0.6092	0.6093	0.6097	0.61	0.61	0.6104
229.565	43560.60	0.544	0.5566	0.5675	0.5766	0.584	0.5903	0.5946	0.5985	0.6018	0.6034	0.6053	0.6077	0.6078	0.6096	0.6108	0.6104	0.6106	0.6114	0.6118	0.6125	0.6126	0.6117	0.6129	0.613	0.6129	0.6125	0.6124	0.6137	0.6126	0.613	0.614	0.6133	0.6138	0.6137	0.6136
230.142	43451.45	0.5391	0.5534	0.5666	0.577	0.586	0.5926	0.5994	0.6035	0.6066	0.6087	0.6113	0.6141	0.6146	0.6154	0.6171	0.6173	0.6181	0.6182	0.6185	0.6193	0.619	0.6191	0.6196	0.6193	0.6197	0.6194	0.619	0.6206	0.619	0.6204	0.6203	0.6209	0.6205	0.6199	0.6201
230.719	43342.83	0.5346	0.551	0.5663	0.5779	0.5886	0.5969	0.6036	0.6087	0.6119	0.616	0.6177	0.6205	0.6217	0.6227	0.6243	0.624	0.6255	0.625	0.6256	0.6264	0.6267	0.6272	0.6266	0.6274	0.6268	0.6273	0.6275	0.6274	0.6275	0.629	0.6288	0.6275	0.6284	0.6286	0.628
231.295	43234.76	0.5308	0.5502	0.5662	0.5802	0.5922	0.602	0.6092	0.6147	0.619	0.6231	0.6254	0.628	0.6293	0.6306	0.6312	0.6319	0.6335	0.6339	0.633	0.6345	0.6347	0.6353	0.6354	0.6353	0.6357	0.6357	0.6356	0.6354	0.6358	0.6377	0.6367	0.6363	0.6366	0.6369	0.6371
231.872	43127.23	0.5287	0.5503	0.5682	0.5833	0.5965	0.6068	0.6154	0.6212	0.6263	0.6309	0.6341	0.6365	0.6377	0.6394	0.64	0.6414	0.6429	0.6427	0.6433	0.6443	0.6437	0.6443	0.6438	0.6449	0.6445	0.6449	0.6445	0.6453	0.6445	0.6457	0.6461	0.6461	0.6456	0.6464	0.6461
232.449	43020.23	0.5279	0.5517	0.5715	0.5892	0.6029	0.6146	0.6232	0.6308	0.6359	0.6413	0.6448	0.6475	0.6485	0.6507	0.6515	0.653	0.6542	0.6539	0.6547	0.6553	0.6553	0.6557	0.6555	0.6559	0.6564	0.6562	0.6557	0.6565	0.6566	0.6571	0.6578	0.657	0.6577	0.6574	0.658
233.025	42913.76	0.5271	0.5537	0.575	0.5938	0.6087	0.6206	0.631	0.6388	0.6442	0.6506	0.6538	0.6573	0.6589	0.661	0.6624	0.6629	0.6639	0.6637	0.6649	0.6662	0.6656	0.6664	0.6658	0.6668	0.6669	0.6671	0.6665	0.6671	0.6678	0.6682	0.6685	0.668	0.6675	0.6679	0.6687
233.602	42807.82	0.528	0.5563	0.5801	0.5998	0.6163	0.6292	0.6412	0.6493	0.6557	0.6615	0.6648	0.6685	0.6707	0.6728	0.6741	0.6748	0.6764	0.6767	0.6776	0.6783	0.6771	0.679	0.6783	0.6789	0.6793	0.6792	0.6794	0.6794	0.6794	0.6799	0.6808	0.6803	0.6806	0.6804	0.6811
234.179	42702.40	0.5293	0.5602	0.5854	0.607	0.6246	0.6395	0.6518	0.6605	0.6674	0.6739	0.6772	0.6807	0.6833	0.6854	0.6865	0.6879	0.6894	0.6894	0.6905	0.6913	0.6911	0.6922	0.6919	0.6921	0.6928	0.6926	0.6925	0.693	0.6932	0.6936	0.6944	0.6939	0.6943	0.6946	0.6942
234.756	42597.49	0.532	0.5651	0.5911	0.6152	0.6333	0.6493	0.6621	0.672	0.6789	0.6858	0.6896	0.6941	0.6959	0.6985	0.7001	0.7016	0.7028	0.703	0.7034	0.7045	0.7055	0.7056	0.7057	0.7056	0.706	0.707	0.7059	0.707	0.7071	0.7077	0.7084	0.7075	0.7078	0.7088	0.7086
235.332	42493.10	0.536	0.5714	0.5991	0.6243	0.6442	0.6611	0.6741	0.6853	0.6932	0.6999	0.7044	0.7095	0.7108	0.7137	0.7155	0.7166	0.7184	0.7189	0.7189	0.7195	0.7209	0.7215	0.7213	0.7214	0.7212	0.7228	0.7219	0.7228	0.7224	0.7229	0.7237	0.724	0.7236	0.7244	0.7249
235.909	42389.22	0.5396	0.577	0.6073	0.6334	0.6553	0.673	0.6866	0.6977	0.7068	0.7138	0.7192	0.724	0.726	0.7282	0.731	0.732	0.7334	0.7341	0.7345	0.7354	0.7359	0.7369	0.7363	0.7371	0.7371	0.7381	0.7378	0.7384	0.7377	0.7385	0.7392	0.7397	0.7398	0.7398	0.7403
236.486	42285.85	0.5434	0.5826	0.6146	0.6423	0.6653	0.684	0.6988	0.7097	0.7194	0.7273	0.7326	0.7375	0.7401	0.7427	0.7452	0.747	0.7476	0.7485	0.7492	0.7504	0.7503	0.7513	0.751	0.7516	0.7521	0.7524	0.7525	0.7535	0.7531	0.7537	0.7542	0.7537	0.7547	0.7545	0.7548
237.062	42182.98	0.5479	0.589	0.6224	0.6513	0.6756	0.6956	0.7111	0.7234	0.7325	0.741	0.7461	0.7513	0.7543	0.7574	0.7593	0.7617	0.7627	0.7633	0.7642	0.7654	0.7654	0.7661	0.7664	0.7665	0.7669	0.767	0.7673	0.7687	0.7684	0.7688	0.7698	0.7687	0.7692	0.7696	0.7699
237.639	42080.61	0.5532	0.5961	0.6312	0.662	0.6874	0.7082	0.7246	0.7377	0.7473	0.7558	0.7609	0.7667	0.7697	0.7729	0.7752	0.7769	0.7782	0.7788	0.7799	0.7814	0.7811	0.7821	0.7825	0.7826	0.7827	0.7831	0.783	0.784	0.784	0.7848	0.7857	0.7854	0.7852	0.7856	0.7859
238.216	41978.73	0.5588	0.6036	0.6404	0.6732	0.6991	0.7207	0.7381	0.7509	0.7622	0.7707	0.7761	0.7821	0.7852	0.7886	0.791	0.7924	0.7937	0.7945	0.7959	0.7971	0.7965	0.7984	0.7982	0.7988	0.7994	0.7997	0.7992	0.7996	0.8001	0.8012	0.8011	0.8016	0.8011	0.802	0.8022
238.793	41877.35	0.5641	0.6106	0.6498	0.6831	0.7099	0.7329	0.7504	0.7641	0.7755	0.7842	0.7911	0.7961	0.8001	0.8032	0.8056	0.8074	0.8094	0.8103	0.8114	0.8121	0.812	0.8136	0.8137	0.8141	0.8152	0.8154	0.8151	0.8155	0.8159	0.8164	0.8164	0.8169	0.8164	0.8178	0.8179
239.369	41776.46	0.571	0.6184	0.6595	0.6941	0.7219	0.7457	0.7639	0.779	0.7901	0.7992	0.8066	0.8114	0.8158	0.8195	0.8214	0.8233	0.8257	0.8265	0.8274	0.8283	0.8287	0.8296	0.8302	0.8303	0.8304	0.8305	0.8318	0.8318	0.8323	0.8322	0.8325	0.834	0.8334	0.834	0.8336
239.946	41676.05	0.5785	0.6272	0.67	0.7054	0.7346	0.7591	0.7786	0.7943	0.8049	0.8144	0.8223	0.8279	0.8322	0.8357	0.8382	0.8409	0.8425	0.8434	0.8435	0.845	0.8452	0.8467	0.8475	0.8473	0.8485	0.8478	0.8491	0.8489	0.8495	0.8492	0.8498	0.8505	0.8506	0.8513	0.8513
240.523	41576.12	0.5868	0.6374	0.6819	0.7179	0.7481	0.7728	0.794	0.8091	0.8216	0.8309	0.839	0.8439	0.8491	0.8523	0.855	0.8581	0.8597	0.8607	0.8611	0.8627	0.8631	0.8639	0.8653	0.8651	0.8662	0.8658	0.8661	0.8667	0.8675	0.8677	0.8682	0.8684	0.8693	0.8691	0.8696
241.099	41476.67	0.5932	0.6468	0.6912	0.7297	0.7605	0.786	0.8073	0.8222	0.8359	0.8456	0.8538	0.859	0.8634	0.8676	0.8701	0.8732	0.8743	0.8761	0.8774	0.8792	0.8783	0.8799	0.8794	0.8811	0.881	0.8812	0.8817	0.883	0.8833	0.884	0.8843	0.8847	0.8848	0.8856	0.8847
241.676	41377.69	0.601	0.6568	0.7021	0.7414	0.7737	0.7989	0.8217	0.8379	0.8505	0.8615	0.8678	0.8753	0.8802	0.883	0.8872	0.8892	0.8911	0.8924	0.8944	0.8952	0.8954	0.8962	0.8971	0.898	0.8976	0.8983	0.8993	0.8989	0.8999	0.8997	0.9009	0.9018	0.9021	0.9026	0.9013
242.253	41279.19	0.6104	0.6661	0.7131	0.7529	0.7862	0.8128	0.8337	0.8504	0.8644	0.8755	0.8822	0.8896	0.895	0.8988	0.9017	0.9028	0.906	0.9062	0.909	0.9111	0.9112	0.9115	0.9131	0.9124	0.9143	0.9138	0.9137	0.9135	0.9156	0.9155	0.917	0.9166	0.9165	0.9165	0.9181
242.830	41181.15	0.6173	0.6729	0.7218	0.7628	0.796	0.8239	0.8448	0.8624	0.876	0.8865	0.8936	0.9028	0.9067	0.9101	0.9128	0.9152	0.9171	0.9194	0.9213	0.9222	0.9231	0.9231	0.9239	0.9246	0.9268	0.9263	0.9252	0.9259	0.9271	0.9266	0.9306	0.9304	0.9287	0.9289	0.9307
243.406	41083.58	0.6246	0.6819	0.7311	0.7721	0.8079	0.8337	0.8563	0.8746	0.8879	0.8978	0.9073	0.9145	0.9199	0.9226	0.9264	0.9275	0.9309	0.9324	0.934	0.9346	0.9356	0.9356	0.9373	0.9376	0.9379	0.9379	0.9382	0.9394	0.94	0.9408	0.9412	0.9413	0.9419	0.9425	0.9437
243.983	40986.47	0.6306	0.689	0.7397	0.78	0.8168	0.8438	0.8655	0.8839	0.8989	0.9095	0.9173	0.9242	0.9291	0.9327	0.9369	0.9396	0.9412	0.9422	0.9435	0.945	0.9468	0.9458	0.949	0.9476	0.9495	0.9498	0.9496	0.951	0.9527	0.9515	0.952	0.954	0.9528	0.9519	0.9559
244.560	40889.82	0.6356	0.695	0.7445	0.7861	0.8215	0.848	0.8717	0.8905	0.9034	0.915	0.9239	0.9306	0.9352	0.9403	0.9441	0.9457	0.9494	0.9484	0.9512	0.9515	0.9532	0.9536	0.9552	0.9548	0.9563	0.956	0.9572	0.9569	0.959	0.9588	0.9592	0.9602	0.9608	0.9602	0.9623
245.136	40793.62	0.6409	0.7012	0.7517	0.7936	0.828	0.8577	0.8802	0.8987	0.9127	0.9239	0.9324	0.9391	0.9455	0.9486	0.9522	0.9542	0.9578	0.957	0.9599	0.9615	0.9617	0.965	0.9639	0.9642	0.9651	0.965	0.9661	0.9658	0.969	0.9683	0.9669	0.9695	0.9705	0.969	0.9711
245.713	40697.87	0.6479	0.7082	0.7583	0.8009	0.837	0.8653	0.8887	0.907	0.9212	0.9328	0.9413	0.9477	0.9546	0.9575	0.9609	0.9638	0.9665	0.9678	0.9693	0.9704	0.9718	0.9725	0.9724	0.9744	0.9747	0.9745	0.9766	0.9739	0.9777	0.9769	0.9778	0.9801	0.9798	0.9796	0.9806
246.290	40602.58	0.6546	0.7152	0.7664	0.8098	0.8451	0.8733	0.897	0.9161	0.9293	0.9415	0.9508	0.9582	0.964	0.968	0.9713	0.9734	0.9762	0.9783	0.9787	0.9799	0.9814	0.9826	0.9841	0.984	0.9849	0.985	0.9865	0.9874	0.9892	0.9888	0.9887	0.9911	0.9897	0.9912	0.9912
246.866	40507.72	0.6586	0.7198	0.7698	0.8141	0.8493	0.8781	0.9017	0.9201	0.9339	0.9477	0.9555	0.9616	0.9695	0.9711	0.9755	0.9771	0.9797	0.9832	0.9832	0.9854	0.986	0.9869	0.9885	0.9889	0.9901	0.9893	0.9906	0.9914	0.993	0.9932	0.9941	0.9952	0.9947	0.9966	0.9967
247.443	40413.31	0.6634	0.725	0.7754	0.8188	0.8541	0.883	0.9062	0.9255	0.9391	0.953	0.9601	0.969	0.9748	0.9772	0.9812	0.9835	0.986	0.9879	0.99	0.9912	0.9912	0.9934	0.995	0.9952	0.9949	0.9962	0.9977	0.9977	0.9997	0.9992	1.001	1.001	1.003	1.003	1.004
248.020	40319.34	0.6668	0.7272	0.7787	0.822	0.8576	0.8867	0.91	0.93	0.942	0.9553	0.9648	0.9721	0.9772	0.9807	0.9851	0.9877	0.9902	0.9918	0.9941	0.9956	0.9959	0.9977	0.9991	1	1	1.001	1.001	1.002	1.004	1.003	1.006	1.005	1.008	1.008	1.008
248.597	40225.81	0.6694	0.7297	0.7811	0.8242	0.8616	0.8896	0.9133	0.9318	0.9458	0.9574	0.9667	0.9746	0.9793	0.984	0.9874	0.9901	0.9931	0.9945	0.9969	0.9985	0.9992	0.9999	1.001	1.002	1.004	1.003	1.003	1.005	1.006	1.006	1.008	1.008	1.01	1.011	1.011
249.173	40132.71	0.6696	0.73	0.7816	0.8251	0.8613	0.8904	0.9126	0.9304	0.9458	0.9574	0.9659	0.975	0.9794	0.9829	0.9864	0.9898	0.9924	0.994	0.9956	0.9981	0.9988	0.9997	1.001	1.002	1.002	1.002	1.003	1.005	1.006	1.006	1.007	1.008	1.008	1.01	1.01
249.750	40040.03	0.6709	0.7308	0.7823	0.8262	0.8621	0.8915	0.9132	0.9311	0.9466	0.9579	0.967	0.9749	0.9798	0.9846	0.9871	0.9898	0.9929	0.9948	0.996	0.9993	0.9989	1.001	1.003	1.003	1.003	1.003	1.005	1.006	1.007	1.007	1.008	1.009	1.009	1.01	1.01
250.327	39947.79	0.6719	0.7326	0.784	0.8272	0.8622	0.8912	0.9149	0.9317	0.9475	0.9582	0.9673	0.9744	0.98	0.9851	0.9879	0.9906	0.9937	0.9959	0.9971	0.9997	0.9988	1.002	1.003	1.003	1.004	1.005	1.007	1.007	1.007	1.008	1.009	1.011	1.011	1.012	1.012
250.903	39855.97	0.6727	0.7333	0.7854	0.8276	0.8628	0.8911	0.9155	0.9328	0.9477	0.9597	0.9679	0.9754	0.9817	0.9849	0.9887	0.9924	0.9948	0.9962	0.9985	1	1	1.003	1.004	1.004	1.005	1.006	1.008	1.008	1.008	1.01	1.011	1.013	1.012	1.015	1.015
251.480	39764.57	0.6738	0.7339	0.7847	0.8275	0.8632	0.8911	0.9141	0.9328	0.9469	0.9595	0.967	0.9748	0.9807	0.9845	0.9889	0.992	0.9944	0.9952	0.9988	0.9997	1.001	1.002	1.004	1.005	1.006	1.007	1.007	1.008	1.009	1.01	1.012	1.013	1.012	1.015	1.016
252.057	39673.58	0.6744	0.7338	0.7834	0.8264	0.8616	0.8896	0.9125	0.9307	0.9453	0.9568	0.9655	0.9728	0.9778	0.9827	0.9876	0.9903	0.9924	0.9943	0.9966	0.9973	0.9992	1	1.002	1.004	1.005	1.005	1.005	1.007	1.007	1.01	1.011	1.012	1.011	1.014	1.014
252.634	39583.02	0.6742	0.7335	0.7832	0.8255	0.8604	0.8886	0.9126	0.9294	0.9448	0.9557	0.9659	0.9722	0.9776	0.9816	0.9863	0.9896	0.9927	0.9948	0.9954	0.9967	0.9987	1	1.002	1.004	1.004	1.004	1.006	1.007	1.008	1.01	1.01	1.012	1.012	1.014	1.015
253.210	39492.86	0.6736	0.733	0.782	0.8238	0.8582	0.8868	0.9102	0.9272	0.9422	0.9538	0.9628	0.9695	0.9758	0.979	0.9836	0.9865	0.9909	0.9918	0.9934	0.9947	0.996	0.9988	0.9995	1.001	1.001	1.002	1.004	1.005	1.007	1.007	1.009	1.009	1.011	1.012	1.014
253.787	39403.12	0.6716	0.7296	0.7785	0.8192	0.8533	0.8816	0.9037	0.9214	0.9352	0.948	0.9561	0.9637	0.9695	0.973	0.9769	0.98	0.9832	0.9842	0.9868	0.9878	0.9897	0.9935	0.9934	0.9952	0.995	0.9964	0.9979	0.9981	0.9999	1.001	1.003	1.003	1.004	1.006	1.008
254.364	39313.78	0.6686	0.7265	0.7751	0.8148	0.8492	0.8764	0.8981	0.9147	0.9303	0.9418	0.9497	0.9573	0.9625	0.9669	0.9705	0.9741	0.977	0.9783	0.98	0.9825	0.9843	0.9864	0.9874	0.989	0.9893	0.991	0.9908	0.9922	0.9945	0.9958	0.996	0.998	0.9982	0.9999	1.002
254.940	39224.85	0.6668	0.7238	0.7712	0.8109	0.8438	0.871	0.8928	0.91	0.9243	0.9357	0.9436	0.9513	0.9563	0.9613	0.9652	0.9699	0.9706	0.9722	0.9744	0.9761	0.9783	0.9804	0.9811	0.9822	0.984	0.9858	0.9859	0.9874	0.9891	0.9913	0.9911	0.9933	0.9937	0.9948	0.9966
255.517	39136.32	0.6618	0.7177	0.7641	0.8033	0.835	0.8621	0.8823	0.9001	0.9136	0.9249	0.933	0.9403	0.9456	0.9496	0.9535	0.9572	0.959	0.9611	0.9626	0.9647	0.9666	0.9687	0.9694	0.9705	0.9718	0.9729	0.9745	0.9756	0.977	0.9784	0.9795	0.9822	0.9819	0.9838	0.9846
256.094	39048.19	0.6576	0.7117	0.757	0.7955	0.8263	0.8517	0.8728	0.8894	0.9022	0.9128	0.921	0.929	0.9332	0.937	0.9416	0.9442	0.9468	0.949	0.9499	0.9528	0.9541	0.9559	0.9571	0.9586	0.9595	0.9609	0.9607	0.9624	0.9639	0.9658	0.9672	0.9686	0.969	0.9719	0.9726
256.671	38960.45	0.6547	0.7057	0.7498	0.7864	0.8168	0.8413	0.8613	0.8776	0.8902	0.9003	0.9086	0.915	0.9194	0.9234	0.9277	0.9304	0.9334	0.9352	0.9363	0.9388	0.94	0.9419	0.9429	0.9456	0.9462	0.9463	0.9476	0.9484	0.9506	0.9517	0.953	0.9545	0.955	0.9566	0.9589
257.247	38873.11	0.652	0.701	0.7417	0.7764	0.8061	0.8298	0.8493	0.8638	0.8761	0.8851	0.8933	0.8993	0.9043	0.9078	0.9115	0.9154	0.9181	0.9188	0.9217	0.9233	0.9244	0.9265	0.9285	0.9299	0.9306	0.9319	0.9315	0.9344	0.9355	0.9368	0.9382	0.9402	0.9405	0.9406	0.9436
257.824	38786.15	0.6501	0.6957	0.734	0.7673	0.7953	0.817	0.8342	0.8484	0.8603	0.8691	0.8773	0.8827	0.887	0.8908	0.8947	0.8965	0.9012	0.9019	0.9037	0.9061	0.907	0.9089	0.9112	0.9105	0.9126	0.9139	0.9158	0.9166	0.9187	0.9194	0.9211	0.9217	0.9225	0.9233	0.9262
258.401	38699.59	0.6497	0.6918	0.7268	0.7571	0.7817	0.8024	0.8195	0.8321	0.8426	0.8519	0.8578	0.8634	0.867	0.8713	0.8747	0.8772	0.8796	0.8817	0.8838	0.885	0.8867	0.8884	0.8906	0.8924	0.8929	0.8938	0.8944	0.8964	0.8989	0.8994	0.9014	0.9019	0.9021	0.9042	0.9056
258.977	38613.41	0.6484	0.6867	0.7185	0.7446	0.7678	0.7853	0.8008	0.8128	0.8208	0.829	0.8354	0.8409	0.8452	0.848	0.8508	0.854	0.8565	0.8581	0.8598	0.8617	0.8631	0.8652	0.867	0.867	0.869	0.8705	0.8718	0.8738	0.875	0.8762	0.8773	0.8788	0.8792	0.8816	0.8824
259.554	38527.61	0.6485	0.6805	0.7084	0.7321	0.7522	0.7678	0.78	0.792	0.7991	0.806	0.812	0.8168	0.82	0.824	0.8265	0.8284	0.831	0.8323	0.8342	0.8368	0.8378	0.8387	0.8408	0.8426	0.8441	0.844	0.847	0.8479	0.8492	0.8507	0.8523	0.8538	0.8553	0.8563	0.8576
260.131	38442.20	0.6495	0.6778	0.7011	0.7211	0.7377	0.7509	0.7617	0.7713	0.7784	0.7841	0.7898	0.7935	0.7974	0.7994	0.8031	0.8052	0.8067	0.8085	0.8109	0.8133	0.8133	0.8161	0.8177	0.8193	0.8201	0.8207	0.8232	0.8241	0.8263	0.8269	0.8286	0.8303	0.831	0.833	0.834
260.708	38357.16	0.6516	0.6738	0.6932	0.7094	0.7223	0.7336	0.7424	0.7508	0.7568	0.7615	0.7661	0.7693	0.7726	0.7757	0.7783	0.7807	0.7821	0.7846	0.7864	0.7878	0.7889	0.7912	0.7927	0.7949	0.7964	0.7966	0.7989	0.8006	0.8016	0.8033	0.8052	0.8063	0.8076	0.809	0.8103
261.284	38272.50	0.6528	0.6691	0.6841	0.6976	0.7069	0.7144	0.7233	0.7285	0.7333	0.7379	0.7415	0.7448	0.7469	0.7499	0.7525	0.7536	0.7561	0.7578	0.7593	0.7618	0.7634	0.7655	0.766	0.7682	0.7698	0.7704	0.7723	0.774	0.775	0.7775	0.7793	0.7806	0.7813	0.7832	0.785
261.861	38188.21	0.6496	0.6616	0.6711	0.6798	0.6877	0.6929	0.6984	0.7027	0.7061	0.7102	0.7125	0.7154	0.717	0.7193	0.721	0.7232	0.7249	0.7263	0.7277	0.73	0.731	0.7332	0.7343	0.7357	0.7376	0.7385	0.7403	0.7414	0.7435	0.7449	0.7464	0.7475	0.749	0.751	0.752
262.438	38104.29	0.6431	0.6503	0.6559	0.6606	0.665	0.6683	0.6718	0.6746	0.6763	0.6791	0.681	0.6835	0.685	0.6853	0.6875	0.6896	0.6909	0.6921	0.6929	0.6949	0.6967	0.6987	0.6991	0.7002	0.7022	0.7028	0.704	0.706	0.7076	0.7092	0.7099	0.7115	0.7128	0.7142	0.715
263.014	38020.74	0.6358	0.6384	0.6399	0.6415	0.6432	0.6443	0.6463	0.6473	0.6479	0.6493	0.6509	0.6526	0.6534	0.6541	0.6557	0.6565	0.6585	0.6594	0.66	0.6619	0.6635	0.665	0.6655	0.6667	0.6682	0.6693	0.6704	0.6714	0.6735	0.6743	0.6753	0.6773	0.6774	0.6788	0.6801
263.591	37937.55	0.6299	0.6283	0.6258	0.6249	0.6241	0.6235	0.6232	0.6231	0.6228	0.623	0.6245	0.625	0.6259	0.626	0.6276	0.6281	0.6299	0.6311	0.6316	0.6331	0.634	0.6352	0.6367	0.6377	0.6387	0.6398	0.6408	0.6415	0.643	0.6443	0.6457	0.6467	0.6467	0.6486	0.6498
264.168	37854.73	0.6237	0.6179	0.6127	0.6094	0.6061	0.6036	0.6017	0.6003	0.5991	0.599	0.5995	0.5997	0.6	0.6	0.6013	0.6022	0.603	0.604	0.6049	0.6063	0.607	0.6086	0.6094	0.6108	0.6113	0.612	0.6133	0.6142	0.6152	0.6165	0.6179	0.6186	0.6193	0.6205	0.6219
264.744	37772.27	0.615	0.6055	0.5975	0.5917	0.5862	0.5826	0.5794	0.5768	0.5752	0.5744	0.5732	0.5735	0.5738	0.5739	0.5748	0.575	0.5756	0.5761	0.5771	0.5785	0.579	0.5802	0.5807	0.582	0.5826	0.5835	0.5846	0.5854	0.5864	0.5875	0.5887	0.5891	0.5901	0.5914	0.5921
265.321	37690.17	0.6051	0.5927	0.5827	0.574	0.5673	0.5621	0.5578	0.5544	0.5519	0.5508	0.5492	0.5488	0.5484	0.5487	0.5487	0.5491	0.5497	0.55	0.5505	0.5522	0.5528	0.553	0.5541	0.5549	0.5557	0.5564	0.5571	0.558	0.5589	0.56	0.561	0.5616	0.562	0.5634	0.5642
265.898	37608.42	0.5963	0.5816	0.5696	0.5593	0.5508	0.5444	0.5392	0.5354	0.532	0.5307	0.529	0.5281	0.5271	0.5271	0.527	0.5275	0.5282	0.5283	0.5287	0.5303	0.5307	0.5315	0.5319	0.5327	0.5335	0.5339	0.5348	0.5357	0.5364	0.5376	0.5384	0.5393	0.5396	0.5403	0.5416
266.475	37527.03	0.5912	0.5748	0.5606	0.5497	0.5398	0.5326	0.5264	0.5221	0.5182	0.5163	0.5146	0.5138	0.5129	0.5123	0.5128	0.5132	0.5137	0.5141	0.5146	0.5157	0.516	0.5177	0.5176	0.5187	0.5193	0.5198	0.5209	0.522	0.5227	0.5237	0.5245	0.5253	0.5264	0.5268	0.5282
267.051	37445.99	0.5904	0.5729	0.5574	0.5454	0.5349	0.5269	0.5197	0.5151	0.5111	0.5088	0.5073	0.5065	0.5058	0.5051	0.5061	0.5065	0.5068	0.5076	0.5084	0.5095	0.51	0.5118	0.5121	0.5136	0.5142	0.515	0.5159	0.5171	0.5183	0.5193	0.5206	0.5216	0.5226	0.5233	0.5251
267.628	37365.29	0.5898	0.5709	0.5546	0.5414	0.5301	0.5212	0.5137	0.5092	0.5053	0.5027	0.5009	0.5002	0.4998	0.4993	0.5003	0.5008	0.5014	0.5019	0.5034	0.5045	0.5052	0.5073	0.5077	0.509	0.5105	0.5114	0.5122	0.5134	0.5153	0.5163	0.518	0.5193	0.5202	0.5215	0.5229
268.205	37284.95	0.5834	0.5626	0.545	0.5312	0.5191	0.509	0.5021	0.4968	0.4923	0.4893	0.4873	0.4868	0.4863	0.4859	0.4863	0.4869	0.4879	0.4879	0.4895	0.4905	0.4916	0.4937	0.4941	0.4951	0.4968	0.4978	0.4989	0.5001	0.5021	0.5027	0.5043	0.5055	0.507	0.5084	0.5091
268.781	37204.95	0.5692	0.5469	0.528	0.5132	0.4999	0.4894	0.4821	0.4757	0.4707	0.4671	0.4651	0.464	0.4629	0.4628	0.4627	0.4626	0.464	0.4637	0.4647	0.4659	0.4669	0.4684	0.4687	0.4701	0.4709	0.4719	0.4729	0.4743	0.4751	0.4763	0.4777	0.4787	0.4796	0.4807	0.4817
269.358	37125.29	0.5512	0.5277	0.5078	0.4914	0.4774	0.4665	0.4578	0.4513	0.4462	0.4419	0.4396	0.4376	0.4362	0.436	0.4357	0.4355	0.4358	0.4361	0.4362	0.4375	0.4376	0.4392	0.439	0.4401	0.4408	0.4414	0.442	0.443	0.4439	0.4451	0.4457	0.4463	0.4471	0.4482	0.4491
269.935	37045.97	0.5332	0.5082	0.4878	0.4708	0.4564	0.4445	0.4354	0.4284	0.4227	0.4184	0.4153	0.4135	0.4118	0.4106	0.4102	0.4102	0.41	0.4099	0.4098	0.4109	0.4109	0.4117	0.4114	0.4122	0.4126	0.4137	0.4137	0.4145	0.4152	0.4155	0.4163	0.4167	0.4176	0.4178	0.4185
270.512	36967.00	0.5158	0.4911	0.4696	0.4522	0.437	0.4255	0.4157	0.4081	0.4025	0.3985	0.3947	0.3925	0.3904	0.3893	0.3885	0.3881	0.3883	0.3876	0.3875	0.388	0.3883	0.3888	0.3884	0.389	0.3891	0.3893	0.3901	0.3904	0.3912	0.3908	0.3918	0.3914	0.3922	0.3924	0.3929
271.088	36888.35	0.4979	0.4736	0.4519	0.4344	0.4195	0.4078	0.398	0.3901	0.3837	0.3799	0.3766	0.3742	0.372	0.3707	0.37	0.3693	0.3689	0.3684	0.3684	0.369	0.3685	0.3692	0.3685	0.3693	0.3695	0.3691	0.3697	0.3698	0.3702	0.3698	0.3708	0.3711	0.371	0.3713	0.3718
271.665	36810.04	0.4812	0.4563	0.4359	0.4184	0.4036	0.3918	0.3824	0.3751	0.3689	0.3647	0.3611	0.359	0.3567	0.3551	0.3541	0.3534	0.3531	0.3527	0.3529	0.3527	0.3527	0.353	0.3526	0.3532	0.353	0.3529	0.353	0.353	0.3541	0.3532	0.3541	0.3541	0.3541	0.354	0.3545
272.242	36732.07	0.4631	0.4394	0.4196	0.4023	0.3886	0.3768	0.3678	0.3606	0.3549	0.3507	0.347	0.3446	0.3425	0.3411	0.3402	0.3398	0.3392	0.3392	0.3383	0.3385	0.3384	0.3388	0.3385	0.3385	0.3387	0.3386	0.3387	0.3389	0.3394	0.3389	0.34	0.3396	0.3392	0.3397	0.3398
272.818	36654.42	0.4428	0.4205	0.4009	0.3857	0.3723	0.3614	0.3521	0.3451	0.34	0.3361	0.3324	0.3304	0.3286	0.3272	0.3266	0.3256	0.3255	0.3245	0.3242	0.3248	0.3246	0.3243	0.3244	0.3239	0.3243	0.3242	0.324	0.3243	0.3243	0.325	0.3251	0.3251	0.3248	0.3252	0.3251
273.395	36577.10	0.4232	0.4022	0.3847	0.3703	0.3575	0.3477	0.3389	0.3328	0.3273	0.3233	0.3206	0.3185	0.3166	0.315	0.3144	0.3136	0.3137	0.3129	0.3128	0.3127	0.3125	0.3128	0.3124	0.3125	0.3123	0.3122	0.3124	0.3123	0.3124	0.3128	0.3132	0.3131	0.3136	0.3128	0.3129
273.972	36500.10	0.4035	0.3843	0.3674	0.3543	0.3424	0.333	0.3258	0.3196	0.3149	0.3111	0.3085	0.3068	0.305	0.3037	0.3029	0.3019	0.3018	0.3014	0.3011	0.3013	0.3009	0.3014	0.3011	0.3013	0.3007	0.3009	0.3009	0.3006	0.3011	0.3014	0.3011	0.3014	0.3014	0.3009	0.3014
274.549	36423.43	0.3849	0.367	0.3517	0.3395	0.3292	0.3203	0.3136	0.3078	0.3032	0.3006	0.2974	0.2958	0.2946	0.293	0.2927	0.2917	0.2918	0.2912	0.2913	0.2911	0.2907	0.2907	0.2908	0.2908	0.2911	0.2907	0.2904	0.2907	0.2908	0.2909	0.291	0.291	0.2909	0.2916	0.2912
275.125	36347.08	0.3668	0.3508	0.3369	0.3254	0.316	0.3079	0.3016	0.2967	0.2923	0.2901	0.2872	0.2857	0.2844	0.2831	0.2829	0.2817	0.2818	0.2815	0.2811	0.2809	0.2806	0.2813	0.281	0.2811	0.2811	0.2807	0.2807	0.2811	0.2808	0.2811	0.2809	0.281	0.2805	0.281	0.2807
275.702	36271.05	0.3507	0.3364	0.3234	0.3136	0.3048	0.2974	0.2916	0.2869	0.283	0.2808	0.2783	0.2772	0.276	0.2746	0.274	0.2738	0.273	0.2733	0.2727	0.2732	0.2723	0.273	0.2725	0.273	0.273	0.2724	0.2724	0.2724	0.2728	0.2727	0.2728	0.2728	0.2728	0.2722	0.2728
276.279	36195.34	0.3372	0.3239	0.3119	0.3029	0.2944	0.288	0.2826	0.2784	0.2748	0.2725	0.2704	0.2693	0.2681	0.267	0.2666	0.2659	0.2658	0.2656	0.2651	0.2656	0.2651	0.265	0.2647	0.265	0.2649	0.2649	0.2646	0.2652	0.2648	0.2649	0.2654	0.265	0.2648	0.2646	0.2649
276.855	36119.94	0.3257	0.3132	0.3023	0.2939	0.2859	0.2802	0.275	0.2713	0.2678	0.2657	0.2641	0.2633	0.2615	0.2605	0.2603	0.2597	0.2595	0.2594	0.2589	0.2591	0.2589	0.2591	0.2587	0.259	0.2588	0.2586	0.2583	0.259	0.2587	0.2589	0.259	0.2588	0.2588	0.2588	0.2588
277.432	36044.86	0.3156	0.3041	0.2942	0.2859	0.2788	0.2735	0.2687	0.2652	0.2623	0.2598	0.258	0.2577	0.2556	0.2547	0.2549	0.2543	0.2541	0.2539	0.2535	0.2536	0.2533	0.2539	0.2532	0.2532	0.2533	0.2532	0.253	0.2533	0.2537	0.2535	0.2535	0.2534	0.2533	0.2534	0.2532
278.009	35970.09	0.3075	0.2968	0.2872	0.2798	0.2734	0.2679	0.2636	0.2595	0.257	0.2551	0.2531	0.2526	0.2507	0.25	0.2499	0.2497	0.2495	0.2489	0.249	0.2491	0.2487	0.2495	0.2487	0.249	0.2485	0.2488	0.2486	0.2486	0.2488	0.2485	0.2492	0.2488	0.2487	0.2489	0.2491
278.586	35895.62	0.3013	0.2909	0.2816	0.2745	0.2685	0.263	0.2591	0.2552	0.2525	0.2507	0.2491	0.2483	0.2472	0.2465	0.2462	0.2458	0.2457	0.2453	0.2451	0.2452	0.2449	0.2454	0.245	0.2449	0.2449	0.245	0.2448	0.245	0.245	0.245	0.2449	0.2452	0.2447	0.2448	0.2451
279.162	35821.47	0.2971	0.287	0.278	0.2711	0.2652	0.2598	0.2562	0.2527	0.2496	0.2481	0.2465	0.2457	0.2446	0.2438	0.2437	0.2433	0.2434	0.2429	0.2424	0.2429	0.2424	0.2426	0.2423	0.2421	0.2423	0.2423	0.2423	0.2421	0.2424	0.2428	0.2422	0.2425	0.2421	0.2421	0.2424
279.739	35747.62	0.2941	0.2841	0.2757	0.2688	0.2627	0.2575	0.2541	0.2507	0.2481	0.2462	0.2446	0.244	0.2428	0.242	0.2419	0.2415	0.2415	0.2409	0.2406	0.2413	0.2406	0.2408	0.2405	0.2403	0.2403	0.2403	0.2404	0.2403	0.2404	0.2406	0.2406	0.2407	0.2403	0.2405	0.2405
280.316	35674.07	0.2926	0.2823	0.2743	0.2673	0.2613	0.2566	0.2527	0.2494	0.2471	0.2452	0.2435	0.2427	0.2415	0.2408	0.2409	0.2403	0.2401	0.2395	0.2395	0.2399	0.2394	0.2398	0.2391	0.2392	0.2394	0.2388	0.239	0.2393	0.2394	0.2395	0.2393	0.2396	0.2391	0.2397	0.2396
280.892	35600.83	0.2916	0.2817	0.2733	0.2667	0.2603	0.2558	0.2517	0.2485	0.2462	0.2442	0.2428	0.2416	0.2406	0.24	0.2398	0.2394	0.2392	0.2384	0.2385	0.2387	0.2383	0.2388	0.2381	0.2384	0.2386	0.2381	0.238	0.2386	0.2386	0.2384	0.2384	0.2386	0.2382	0.2386	0.2386
281.469	35527.89	0.291	0.2816	0.2729	0.2662	0.2598	0.2552	0.2511	0.2479	0.2455	0.2436	0.2423	0.2413	0.2397	0.2394	0.2391	0.2386	0.2386	0.238	0.2378	0.2381	0.2376	0.2381	0.2377	0.2378	0.2378	0.2378	0.2375	0.2378	0.2376	0.2376	0.2379	0.2379	0.2375	0.2378	0.2376
282.046	35455.24	0.2912	0.2813	0.2726	0.2654	0.2593	0.2547	0.2507	0.2473	0.2446	0.243	0.2415	0.2406	0.2391	0.2388	0.2387	0.2378	0.2379	0.2377	0.2371	0.2377	0.2374	0.2374	0.237	0.2372	0.2371	0.2371	0.237	0.2367	0.2369	0.2369	0.2371	0.2371	0.2368	0.2371	0.2369
282.622	35382.89	0.2913	0.281	0.2718	0.2648	0.2585	0.2541	0.2499	0.2464	0.2437	0.2419	0.2404	0.2395	0.2382	0.2378	0.2377	0.2368	0.2369	0.2367	0.2363	0.2366	0.2364	0.2364	0.236	0.2363	0.236	0.236	0.2359	0.2358	0.2362	0.236	0.236	0.2361	0.236	0.236	0.236
283.199	35310.84	0.291	0.2807	0.2713	0.2645	0.2582	0.2534	0.2488	0.2456	0.243	0.2409	0.2394	0.2385	0.2371	0.2366	0.2363	0.2357	0.2357	0.2354	0.2354	0.2353	0.2351	0.2356	0.2347	0.2352	0.2349	0.2348	0.2348	0.235	0.2351	0.235	0.2349	0.235	0.2349	0.2349	0.2351
283.776	35239.08	0.2905	0.2801	0.2707	0.2636	0.2573	0.252	0.2477	0.2447	0.2417	0.2399	0.2382	0.2373	0.2362	0.2355	0.2348	0.2345	0.2346	0.234	0.2339	0.234	0.2339	0.2343	0.2334	0.2337	0.2337	0.2335	0.2335	0.2335	0.2336	0.2336	0.2337	0.2337	0.2335	0.2337	0.2338
284.353	35167.61	0.2897	0.2793	0.2699	0.2625	0.256	0.2508	0.2466	0.2433	0.2406	0.2383	0.2369	0.2361	0.2348	0.2341	0.2336	0.2331	0.2333	0.2327	0.2324	0.2328	0.2324	0.2326	0.2324	0.2325	0.2322	0.2324	0.232	0.2323	0.2321	0.2324	0.2324	0.2325	0.232	0.232	0.2325
284.929	35096.43	0.2888	0.2783	0.2687	0.2614	0.2551	0.2498	0.2455	0.2417	0.2392	0.2374	0.2356	0.2347	0.2335	0.2328	0.2323	0.232	0.2317	0.2314	0.2315	0.2313	0.2311	0.2316	0.231	0.2316	0.2309	0.2311	0.231	0.2312	0.231	0.231	0.231	0.2314	0.2309	0.2308	0.2311
285.506	35025.53	0.2879	0.2775	0.2677	0.2608	0.2545	0.2488	0.2447	0.2412	0.2385	0.2371	0.235	0.2341	0.2332	0.2322	0.2317	0.2316	0.231	0.2307	0.2307	0.2306	0.2303	0.2308	0.2304	0.2306	0.2305	0.2303	0.2301	0.2302	0.2304	0.2304	0.2304	0.2304	0.2301	0.2301	0.2304
286.083	34954.92	0.2868	0.2763	0.2672	0.2597	0.2531	0.2478	0.2439	0.2406	0.2376	0.2362	0.2341	0.2334	0.2324	0.2315	0.2312	0.2306	0.2303	0.2303	0.23	0.2301	0.2299	0.2302	0.2297	0.2299	0.23	0.2295	0.2297	0.2296	0.2296	0.2295	0.2299	0.2297	0.2297	0.2297	0.2296
286.659	34884.60	0.2846	0.2743	0.2649	0.2575	0.2517	0.2466	0.2423	0.2389	0.2363	0.2343	0.2328	0.2318	0.2307	0.2298	0.2296	0.2293	0.2292	0.2289	0.2287	0.2285	0.2282	0.2288	0.228	0.2286	0.2285	0.2278	0.2281	0.2286	0.2282	0.2281	0.2285	0.2285	0.2283	0.2279	0.2281
287.236	34814.56	0.2819	0.2716	0.2631	0.256	0.2494	0.2447	0.2407	0.2369	0.2344	0.2327	0.2312	0.2303	0.229	0.2286	0.2282	0.2275	0.228	0.2271	0.2272	0.2274	0.2268	0.2274	0.2268	0.2265	0.227	0.2266	0.2266	0.2268	0.2266	0.2269	0.2266	0.2268	0.2269	0.2265	0.2269
287.813	34744.80	0.2786	0.2689	0.26	0.253	0.2471	0.2418	0.2384	0.2353	0.2324	0.2312	0.2292	0.2282	0.2273	0.2269	0.2261	0.226	0.2261	0.2252	0.2254	0.2255	0.2248	0.2253	0.2247	0.225	0.2251	0.2247	0.2248	0.2249	0.2254	0.2251	0.2251	0.2249	0.2251	0.2249	0.2251
288.390	34675.32	0.276	0.2668	0.2585	0.2515	0.2459	0.2409	0.2377	0.2339	0.2312	0.2299	0.2283	0.2274	0.2269	0.226	0.2253	0.2252	0.2251	0.2248	0.2246	0.2249	0.2239	0.225	0.2247	0.2244	0.2243	0.2242	0.2238	0.2239	0.2241	0.2242	0.2248	0.2243	0.2239	0.2243	0.2242
288.966	34606.12	0.2735	0.264	0.2562	0.2498	0.2443	0.239	0.2356	0.2326	0.2298	0.2285	0.2275	0.2261	0.2253	0.2244	0.2244	0.2239	0.2237	0.2233	0.223	0.2234	0.2227	0.2236	0.2232	0.2229	0.2231	0.2232	0.2227	0.2226	0.2229	0.2231	0.2227	0.2234	0.2229	0.2231	0.2229
289.543	34537.19	0.2713	0.2623	0.2541	0.2484	0.2425	0.2384	0.234	0.2316	0.229	0.2273	0.2263	0.2258	0.2246	0.2232	0.2231	0.2231	0.2231	0.2227	0.2224	0.2225	0.2222	0.2225	0.2217	0.2221	0.222	0.2222	0.2222	0.2221	0.222	0.2223	0.2221	0.2221	0.222	0.2221	0.2219
290.120	34468.53	0.2688	0.2597	0.2523	0.2463	0.2414	0.2368	0.2334	0.2306	0.2279	0.2262	0.2248	0.2245	0.2235	0.2229	0.2226	0.2223	0.2222	0.2218	0.2211	0.2215	0.2216	0.2214	0.2214	0.2216	0.2212	0.2212	0.2214	0.221	0.2215	0.2217	0.2211	0.2211	0.2212	0.2212	0.2212
290.696	34400.15	0.2655	0.2568	0.249	0.2431	0.238	0.2338	0.2303	0.2277	0.2253	0.2239	0.2224	0.2219	0.2209	0.2199	0.2199	0.2198	0.2194	0.2193	0.2188	0.2193	0.2191	0.2189	0.219	0.2188	0.2188	0.2188	0.2185	0.2188	0.2185	0.2187	0.2193	0.2191	0.2186	0.219	0.2189
291.273	34332.04	0.2615	0.2531	0.2453	0.2397	0.2343	0.2305	0.2272	0.2243	0.2223	0.2206	0.2191	0.2187	0.2176	0.2169	0.2167	0.2162	0.2165	0.2162	0.2159	0.2158	0.2157	0.2158	0.2154	0.2156	0.2156	0.2154	0.2154	0.2155	0.2156	0.2157	0.2155	0.2155	0.2156	0.2155	0.2156
291.850	34264.20	0.2585	0.2499	0.2428	0.237	0.2316	0.2273	0.2243	0.2217	0.2193	0.218	0.2164	0.2161	0.2149	0.2143	0.2139	0.2138	0.2137	0.2131	0.213	0.2134	0.2128	0.2132	0.2129	0.2131	0.2132	0.213	0.2125	0.2128	0.2129	0.2131	0.2128	0.2127	0.2129	0.2127	0.213
292.427	34196.62	0.2563	0.248	0.2407	0.2348	0.2297	0.2256	0.2219	0.2193	0.2172	0.2157	0.2143	0.214	0.2126	0.2117	0.2114	0.2116	0.211	0.211	0.2109	0.2112	0.211	0.2111	0.2107	0.2108	0.2109	0.2109	0.2104	0.2105	0.2108	0.2109	0.2108	0.2104	0.2109	0.2105	0.2108
293.003	34129.32	0.2535	0.245	0.238	0.2316	0.2271	0.2225	0.2193	0.2164	0.2143	0.2131	0.2115	0.2108	0.2095	0.209	0.2089	0.2086	0.2082	0.2086	0.208	0.2084	0.2081	0.2085	0.2078	0.2081	0.208	0.2078	0.2076	0.2078	0.2077	0.2078	0.2079	0.2077	0.2077	0.2077	0.208
293.580	34062.27	0.2517	0.2434	0.2361	0.2299	0.2252	0.2206	0.2174	0.2147	0.2123	0.211	0.2092	0.2086	0.208	0.2073	0.2071	0.2066	0.2062	0.206	0.2058	0.2062	0.2059	0.2062	0.2057	0.2061	0.2056	0.2058	0.2059	0.2058	0.2056	0.2058	0.2061	0.206	0.2058	0.2059	0.2055
294.157	33995.49	0.2488	0.2403	0.233	0.2268	0.2218	0.2175	0.214	0.2119	0.2091	0.2077	0.206	0.2056	0.2043	0.2041	0.2038	0.2033	0.2033	0.2027	0.2026	0.203	0.2025	0.203	0.2026	0.2027	0.2024	0.2025	0.2022	0.2026	0.2026	0.2026	0.203	0.2024	0.2027	0.2024	0.2024
294.733	33928.97	0.2458	0.2373	0.2297	0.224	0.2189	0.2148	0.2111	0.2088	0.2062	0.2048	0.2035	0.2026	0.2017	0.2013	0.2007	0.2008	0.2006	0.2002	0.1998	0.2003	0.1996	0.2004	0.1994	0.2002	0.1999	0.1998	0.1994	0.1999	0.1999	0.1999	0.1999	0.1998	0.1998	0.1997	0.1997
295.310	33862.71	0.2413	0.2332	0.2256	0.22	0.2152	0.211	0.2078	0.205	0.2027	0.2012	0.2	0.199	0.1985	0.1977	0.1972	0.1975	0.1971	0.1968	0.1963	0.1968	0.1963	0.1969	0.196	0.1966	0.1965	0.1964	0.1962	0.1966	0.1964	0.1963	0.1966	0.1965	0.1963	0.1964	0.1964
295.887	33796.71	0.2355	0.2279	0.2205	0.2151	0.2104	0.2065	0.2033	0.2005	0.1983	0.197	0.1959	0.1951	0.1942	0.1938	0.1936	0.1932	0.193	0.1927	0.1926	0.1928	0.1926	0.1928	0.1924	0.1924	0.1926	0.1923	0.1922	0.1926	0.1925	0.1924	0.1926	0.1923	0.1923	0.1922	0.1926
296.463	33730.97	0.2297	0.2224	0.2154	0.2105	0.2058	0.2021	0.1989	0.1964	0.1943	0.1929	0.1918	0.1914	0.1904	0.1898	0.1898	0.1894	0.1892	0.1887	0.1888	0.1892	0.1889	0.189	0.1887	0.1889	0.1888	0.1884	0.1884	0.1887	0.1886	0.1887	0.1887	0.1885	0.1885	0.1886	0.1886
297.040	33665.48	0.223	0.2161	0.2095	0.2047	0.2006	0.1972	0.1943	0.1918	0.1902	0.1886	0.1874	0.1871	0.1864	0.1857	0.1857	0.1854	0.1851	0.1847	0.1847	0.1849	0.1847	0.1849	0.1843	0.1847	0.1847	0.1843	0.1843	0.1845	0.1843	0.1846	0.1845	0.1847	0.1844	0.1843	0.1843
297.617	33600.24	0.2158	0.2095	0.2035	0.199	0.1951	0.192	0.1893	0.187	0.1855	0.1841	0.183	0.1824	0.1818	0.1814	0.1811	0.1809	0.1807	0.1806	0.1803	0.1804	0.1803	0.1806	0.1802	0.1802	0.1805	0.1801	0.1799	0.1801	0.1801	0.1799	0.18	0.1804	0.18	0.1799	0.18
298.194	33535.26	0.2087	0.2027	0.1975	0.1935	0.1895	0.1867	0.1845	0.1823	0.1808	0.1796	0.1788	0.1781	0.1771	0.177	0.1768	0.1764	0.1766	0.1762	0.1761	0.1763	0.176	0.1762	0.1762	0.176	0.1763	0.176	0.1756	0.1758	0.176	0.1756	0.1758	0.176	0.1759	0.1759	0.176
298.770	33470.53	0.2012	0.1955	0.1909	0.1873	0.1838	0.1814	0.1794	0.1774	0.176	0.1749	0.1741	0.1737	0.1728	0.1724	0.1727	0.172	0.1723	0.1718	0.1719	0.1718	0.1716	0.1719	0.1717	0.1717	0.1719	0.1716	0.1715	0.1715	0.1716	0.1716	0.1716	0.1717	0.1718	0.1716	0.1718
299.347	33406.04	0.1939	0.1889	0.1846	0.1814	0.1783	0.1762	0.1742	0.1723	0.1712	0.1702	0.1693	0.1692	0.1683	0.1678	0.1681	0.1676	0.1677	0.1676	0.1674	0.1675	0.167	0.168	0.1673	0.1672	0.1676	0.1671	0.1672	0.1673	0.1672	0.1675	0.1672	0.1676	0.1673	0.1673	0.1674
299.924	33341.81	0.187	0.1826	0.1786	0.1757	0.173	0.1711	0.1694	0.1678	0.1665	0.1658	0.1649	0.165	0.1639	0.1638	0.1636	0.1634	0.1635	0.1632	0.1632	0.1634	0.163	0.1638	0.1631	0.163	0.1634	0.1633	0.163	0.1633	0.1633	0.1633	0.1633	0.1632	0.1631	0.1631	0.1634
300.500	33277.82	0.1807	0.1766	0.1734	0.1707	0.1685	0.1665	0.1652	0.1638	0.1622	0.1617	0.1609	0.161	0.1603	0.16	0.1599	0.1597	0.1597	0.1595	0.1595	0.1598	0.1594	0.1597	0.1591	0.1593	0.1596	0.1595	0.1593	0.1595	0.1594	0.1595	0.1595	0.1594	0.1594	0.1591	0.1595
301.077	33214.08	0.1748	0.1712	0.1683	0.1662	0.1639	0.1624	0.1609	0.1596	0.1585	0.1582	0.157	0.157	0.1565	0.1563	0.156	0.1561	0.1559	0.1557	0.1555	0.1558	0.1556	0.1557	0.1554	0.1556	0.1554	0.1555	0.1556	0.1557	0.1557	0.1557	0.1559	0.1557	0.1557	0.1557	0.1555
301.654	33150.58	0.1701	0.167	0.1637	0.1619	0.1599	0.1583	0.1567	0.1556	0.1545	0.1543	0.1533	0.1533	0.1527	0.1525	0.1524	0.1524	0.1527	0.1523	0.1519	0.1524	0.1518	0.1526	0.1521	0.1522	0.1519	0.1521	0.1518	0.1518	0.1523	0.1522	0.1523	0.152	0.1518	0.152	0.1521
302.231	33087.32	0.1664	0.1631	0.1601	0.1585	0.1562	0.1548	0.1532	0.1522	0.1511	0.1512	0.1505	0.1502	0.1497	0.1494	0.1494	0.1491	0.1496	0.1487	0.1491	0.1492	0.1488	0.1494	0.149	0.1491	0.1492	0.1489	0.1488	0.1489	0.1489	0.1488	0.1488	0.149	0.1488	0.1489	0.1492
302.807	33024.30	0.1623	0.1595	0.1564	0.1546	0.1524	0.1512	0.1498	0.1486	0.148	0.1474	0.1465	0.1462	0.1458	0.1458	0.1458	0.1455	0.1457	0.1453	0.1454	0.1453	0.1452	0.1456	0.1455	0.1454	0.1453	0.1448	0.1453	0.1449	0.145	0.1454	0.1451	0.1456	0.1453	0.145	0.1453
303.384	32961.53	0.1592	0.1565	0.1532	0.1513	0.1494	0.1478	0.1463	0.1452	0.1448	0.1439	0.1431	0.1432	0.1427	0.1422	0.1423	0.1423	0.1421	0.1417	0.1414	0.142	0.1418	0.1421	0.1416	0.1419	0.142	0.142	0.1418	0.142	0.1417	0.1421	0.1419	0.1421	0.1417	0.142	0.1423
303.961	32898.99	0.1569	0.1539	0.1504	0.1484	0.1461	0.1447	0.1431	0.1421	0.1413	0.1407	0.1399	0.1396	0.1393	0.1391	0.1388	0.1385	0.1387	0.1385	0.1384	0.1387	0.1384	0.139	0.1384	0.1384	0.1388	0.1385	0.1384	0.1383	0.1384	0.1385	0.1385	0.1383	0.1385	0.1388	0.139
304.537	32836.69	0.1547	0.1513	0.1478	0.1459	0.1439	0.1416	0.1405	0.1389	0.138	0.1375	0.1361	0.1366	0.1361	0.1356	0.1354	0.1351	0.1351	0.1348	0.1349	0.135	0.1346	0.1353	0.1349	0.1349	0.1351	0.1347	0.135	0.135	0.1351	0.1351	0.1349	0.135	0.1349	0.1348	0.1349
305.114	32774.62	0.1533	0.1493	0.1455	0.1429	0.1406	0.1385	0.1368	0.1355	0.1345	0.1339	0.1328	0.1329	0.1321	0.1316	0.1316	0.1318	0.132	0.1311	0.1314	0.1313	0.1313	0.1312	0.1313	0.1314	0.1314	0.1314	0.1307	0.1312	0.131	0.1313	0.1314	0.1313	0.1308	0.1312	0.1313
305.691	32712.79	0.1512	0.1471	0.1433	0.1405	0.1378	0.1357	0.1338	0.1322	0.1306	0.1305	0.1292	0.1293	0.1287	0.1285	0.1283	0.1281	0.1281	0.1276	0.1278	0.1276	0.128	0.1276	0.1275	0.1276	0.1275	0.1273	0.1277	0.1275	0.1274	0.1276	0.1275	0.1276	0.1273	0.1275	0.1274
306.268	32651.19	0.1497	0.1451	0.1409	0.1378	0.1345	0.1329	0.1308	0.1286	0.128	0.1269	0.1264	0.1257	0.1253	0.125	0.1247	0.1247	0.1247	0.1244	0.1238	0.1242	0.1242	0.1247	0.1243	0.1245	0.1241	0.1242	0.1242	0.1242	0.1243	0.1242	0.1241	0.1244	0.1242	0.1243	0.1243
306.844	32589.82	0.1477	0.1429	0.1386	0.1353	0.1324	0.1298	0.128	0.1263	0.1251	0.1242	0.123	0.1231	0.1225	0.1215	0.1218	0.1215	0.1216	0.1208	0.1211	0.1215	0.1212	0.1214	0.121	0.121	0.121	0.1212	0.121	0.121	0.1212	0.1214	0.1211	0.1214	0.121	0.1211	0.1212
307.421	32528.69	0.1448	0.1405	0.1358	0.1325	0.1293	0.1269	0.1247	0.1231	0.1216	0.121	0.12	0.1197	0.1191	0.1185	0.1186	0.1185	0.1182	0.1182	0.118	0.1183	0.118	0.1186	0.1179	0.118	0.1179	0.1177	0.118	0.1178	0.1182	0.118	0.1181	0.1181	0.1177	0.1178	0.1185
307.998	32467.78	0.1409	0.1363	0.1316	0.1282	0.1254	0.1228	0.1206	0.1193	0.1178	0.1172	0.1159	0.1161	0.1151	0.1147	0.1145	0.1148	0.1145	0.1141	0.1141	0.1143	0.1138	0.1148	0.114	0.1142	0.1141	0.114	0.1139	0.1139	0.1143	0.1139	0.1143	0.1142	0.1137	0.1137	0.1141
308.574	32407.10	0.1365	0.1319	0.1278	0.1247	0.1217	0.1192	0.1174	0.1159	0.1141	0.1138	0.1126	0.1124	0.1116	0.1112	0.1112	0.111	0.1112	0.1104	0.1107	0.1105	0.1106	0.111	0.1107	0.1108	0.1108	0.1108	0.1109	0.1102	0.1108	0.1111	0.1109	0.1107	0.1103	0.1107	0.1106
309.151	32346.64	0.1318	0.1276	0.1236	0.1205	0.1176	0.1155	0.1137	0.1122	0.1107	0.1102	0.1093	0.109	0.1082	0.1081	0.1081	0.108	0.1079	0.1075	0.1075	0.1075	0.1071	0.1078	0.1071	0.1075	0.107	0.1075	0.1074	0.107	0.1075	0.1076	0.1076	0.1077	0.1071	0.1074	0.1072
309.728	32286.41	0.1265	0.1222	0.1185	0.1159	0.1131	0.111	0.1094	0.1083	0.107	0.1062	0.1055	0.105	0.1043	0.1043	0.1042	0.104	0.1039	0.1038	0.1039	0.104	0.1034	0.1042	0.1035	0.1037	0.1037	0.1036	0.1034	0.1033	0.1038	0.1036	0.1036	0.1039	0.1034	0.1035	0.1035
310.305	32226.41	0.1207	0.117	0.1137	0.1112	0.1087	0.1068	0.1051	0.1038	0.1027	0.1024	0.1017	0.1012	0.1005	0.1005	0.1005	0.09993	0.1001	0.09976	0.1001	0.1001	0.09969	0.1006	0.0999	0.09981	0.09984	0.09994	0.09958	0.09978	0.09983	0.0997	0.09955	0.1001	0.09946	0.09952	0.09961
310.881	32166.63	0.115	0.112	0.109	0.1067	0.1042	0.1027	0.1013	0.09968	0.09884	0.09852	0.09787	0.09753	0.09691	0.09667	0.09662	0.09633	0.09662	0.0961	0.09627	0.0963	0.09614	0.09669	0.09613	0.09616	0.09619	0.09612	0.09599	0.09606	0.09616	0.09586	0.09593	0.09642	0.09583	0.09613	0.09602
311.458	32107.07	0.1101	0.1068	0.104	0.1021	0.0999	0.09864	0.09724	0.09563	0.09484	0.09459	0.09385	0.09387	0.09299	0.09293	0.09269	0.09265	0.09281	0.09229	0.09256	0.09264	0.09235	0.09282	0.09239	0.09234	0.09266	0.09246	0.09233	0.09258	0.09248	0.09251	0.09244	0.09255	0.09231	0.09245	0.09226
312.035	32047.72	0.1056	0.1026	0.09985	0.09797	0.09616	0.09459	0.09332	0.09204	0.09107	0.09091	0.09029	0.09042	0.08941	0.08943	0.08918	0.08911	0.08918	0.0889	0.08905	0.08924	0.0891	0.08927	0.08889	0.08885	0.08898	0.08905	0.08886	0.08904	0.08908	0.0892	0.08899	0.08902	0.08898	0.08896	0.08883
312.611	31988.60	0.1015	0.0987	0.09613	0.09429	0.09271	0.09076	0.08995	0.08875	0.08775	0.08752	0.08704	0.08711	0.08626	0.08602	0.08592	0.08591	0.08581	0.08589	0.08574	0.08613	0.08559	0.08588	0.08557	0.08571	0.08566	0.08583	0.08564	0.08557	0.08567	0.08573	0.08588	0.08584	0.08585	0.08558	0.08575
313.188	31929.70	0.09799	0.0954	0.093	0.09114	0.08965	0.08791	0.08691	0.08608	0.08503	0.08482	0.08435	0.08401	0.08354	0.08315	0.08318	0.08311	0.08312	0.08296	0.08297	0.08329	0.08237	0.08322	0.08272	0.08301	0.08282	0.08309	0.08283	0.08269	0.08275	0.0828	0.08319	0.08306	0.08295	0.08273	0.08287
313.765	31871.01	0.09516	0.09308	0.09035	0.08844	0.0869	0.08545	0.08416	0.08334	0.08255	0.0823	0.08176	0.08125	0.08102	0.08076	0.0806	0.08065	0.08068	0.0801	0.08045	0.08052	0.0801	0.08074	0.08032	0.0804	0.08011	0.08043	0.08028	0.08018	0.08033	0.08037	0.08066	0.08057	0.08039	0.0802	0.08021
314.341	31812.54	0.09318	0.09068	0.08792	0.08607	0.08416	0.08288	0.08183	0.08062	0.07989	0.07956	0.07913	0.07864	0.0782	0.07826	0.07797	0.07806	0.07813	0.0775	0.07803	0.07788	0.07775	0.07808	0.07787	0.07778	0.07772	0.0777	0.07763	0.0776	0.07782	0.07794	0.07793	0.07791	0.07794	0.07767	0.07756
314.918	31754.28	0.0917	0.08855	0.08599	0.08421	0.0821	0.08075	0.07993	0.0785	0.07766	0.07727	0.07696	0.07643	0.07584	0.07586	0.07567	0.07558	0.07596	0.07536	0.07587	0.07571	0.07538	0.0757	0.07541	0.07561	0.07574	0.07544	0.07531	0.07516	0.07546	0.07552	0.07538	0.07538	0.07581	0.07543	0.0754
315.495	31696.23	0.09037	0.08723	0.08447	0.08248	0.08064	0.07893	0.07811	0.07652	0.07577	0.07534	0.07479	0.07453	0.07405	0.07384	0.07356	0.07346	0.07385	0.07338	0.0736	0.07369	0.07339	0.07352	0.07329	0.07357	0.07364	0.07343	0.07335	0.07329	0.07339	0.07321	0.0734	0.07329	0.07371	0.07327	0.07355
316.072	31638.40	0.0893	0.08602	0.0831	0.08096	0.07893	0.07729	0.07613	0.07493	0.07373	0.07323	0.0727	0.07238	0.07203	0.07174	0.07161	0.07131	0.07165	0.07152	0.07133	0.07164	0.07123	0.07152	0.07136	0.07151	0.07136	0.07147	0.07127	0.07139	0.07148	0.07126	0.07135	0.0714	0.07129	0.07127	0.07121
316.648	31580.78	0.08877	0.08512	0.08186	0.08	0.0777	0.07587	0.07453	0.07327	0.07217	0.07136	0.07097	0.07058	0.07043	0.0698	0.06984	0.06959	0.06972	0.06979	0.06955	0.06977	0.06936	0.06971	0.06942	0.06968	0.06934	0.0697	0.0695	0.06915	0.06964	0.0696	0.06934	0.06971	0.06947	0.0694	0.06939
317.225	31523.37	0.08842	0.08457	0.08111	0.07888	0.07666	0.07447	0.07317	0.07138	0.07079	0.0698	0.06907	0.06889	0.06866	0.06851	0.06793	0.0679	0.06784	0.06771	0.06776	0.06774	0.0677	0.06814	0.06757	0.06786	0.06761	0.06763	0.06772	0.06751	0.06752	0.06777	0.06761	0.06795	0.06743	0.06758	0.06789
317.802	31466.16	0.08812	0.08405	0.08033	0.07802	0.07529	0.07313	0.07166	0.06988	0.06923	0.06821	0.0675	0.06727	0.06686	0.06643	0.06599	0.06626	0.06598	0.06578	0.06584	0.06608	0.06589	0.06632	0.06564	0.06587	0.06608	0.06607	0.06546	0.06561	0.06563	0.06596	0.06588	0.06587	0.0655	0.06552	0.06577
318.378	31409.16	0.08839	0.08406	0.0801	0.07749	0.07443	0.07222	0.07043	0.06892	0.06748	0.06696	0.06651	0.06609	0.06557	0.06492	0.06474	0.06491	0.06477	0.06431	0.06468	0.0648	0.06444	0.06484	0.06425	0.06459	0.06431	0.06463	0.06395	0.06402	0.06427	0.06425	0.06448	0.06459	0.06414	0.06424	0.06425
318.955	31352.37	0.08886	0.08414	0.08	0.07685	0.07397	0.07171	0.06955	0.06805	0.06664	0.06585	0.06509	0.06467	0.06417	0.06404	0.06376	0.06345	0.0634	0.06353	0.06331	0.06328	0.06321	0.06334	0.06309	0.06323	0.06298	0.06286	0.06269	0.06302	0.06294	0.06303	0.06307	0.06328	0.06275	0.06304	0.06304
319.532	31295.78	0.08894	0.08404	0.07973	0.07628	0.07318	0.07068	0.06872	0.06683	0.06538	0.06453	0.06377	0.06325	0.06286	0.06236	0.06201	0.06193	0.06187	0.06165	0.06194	0.06149	0.06158	0.0617	0.06138	0.06143	0.0617	0.06169	0.06108	0.06169	0.06156	0.06155	0.06172	0.06158	0.06144	0.06129	0.06176
320.109	31239.40	0.08968	0.08461	0.07935	0.07604	0.0726	0.06998	0.06771	0.06579	0.06437	0.06346	0.06265	0.06218	0.06157	0.06081	0.06096	0.06084	0.0609	0.06047	0.0606	0.06036	0.06031	0.06046	0.06009	0.06036	0.06014	0.06016	0.06008	0.05992	0.06008	0.06002	0.06029	0.06021	0.05984	0.06007	0.06016
320.685	31183.22	0.09093	0.08502	0.07998	0.07612	0.07248	0.06969	0.06747	0.06549	0.06392	0.0628	0.06182	0.06157	0.06107	0.06041	0.06003	0.06032	0.06004	0.05975	0.0594	0.0596	0.05917	0.05999	0.05952	0.05954	0.05953	0.05942	0.05959	0.05927	0.05926	0.05964	0.05954	0.05957	0.05947	0.05964	0.05952
321.262	31127.24	0.0911	0.08531	0.07972	0.07562	0.07236	0.06903	0.06662	0.06427	0.06297	0.0616	0.06109	0.06025	0.05955	0.05916	0.05871	0.05901	0.05897	0.05825	0.05851	0.0588	0.05819	0.05876	0.05831	0.05858	0.05838	0.05812	0.05834	0.05824	0.0585	0.05812	0.05825	0.05822	0.05851	0.05824	0.05818
321.839	31071.47	0.09179	0.08541	0.08029	0.0757	0.07207	0.06841	0.06635	0.0641	0.06247	0.06105	0.06001	0.05976	0.05867	0.05806	0.05792	0.05833	0.05826	0.05803	0.05752	0.05786	0.05718	0.05782	0.05766	0.05758	0.05724	0.0573	0.05698	0.05734	0.05749	0.05763	0.0576	0.05783	0.05749	0.05727	0.05713
322.415	31015.89	0.093	0.0867	0.08059	0.07612	0.07188	0.06854	0.06591	0.06398	0.06198	0.06116	0.05985	0.05937	0.05882	0.05806	0.05774	0.05729	0.0577	0.05709	0.05698	0.05732	0.05694	0.05693	0.05676	0.05697	0.057	0.05676	0.05674	0.0567	0.05656	0.05714	0.05706	0.05657	0.05693	0.05654	0.0566
322.992	30960.51	0.09384	0.08708	0.08072	0.07609	0.07181	0.06811	0.06542	0.06296	0.06134	0.06032	0.0592	0.05843	0.05771	0.05754	0.05689	0.05682	0.05705	0.05628	0.05628	0.05646	0.05616	0.05648	0.0561	0.05621	0.05649	0.05608	0.05593	0.05588	0.05584	0.05592	0.05604	0.05632	0.05588	0.05601	0.05605
323.569	30905.33	0.09524	0.08779	0.08129	0.0766	0.07216	0.06883	0.06551	0.06302	0.06118	0.06039	0.05892	0.05831	0.05735	0.05684	0.05666	0.05662	0.05634	0.05623	0.05606	0.05605	0.05572	0.05604	0.056	0.05558	0.05584	0.05594	0.05555	0.05572	0.05569	0.05601	0.05568	0.0558	0.05563	0.05574	0.05604
324.146	30850.34	0.09558	0.08852	0.08154	0.07662	0.07189	0.0684	0.06572	0.06285	0.06118	0.05971	0.05846	0.05789	0.0567	0.05654	0.05626	0.05584	0.05593	0.05564	0.05495	0.05533	0.05496	0.05556	0.05515	0.05498	0.05516	0.0552	0.05511	0.055	0.05508	0.05515	0.05536	0.05517	0.05509	0.055	0.05518
324.722	30795.55	0.09682	0.08913	0.08239	0.07707	0.07219	0.06858	0.06566	0.06297	0.06095	0.05927	0.0581	0.05747	0.0567	0.05608	0.05582	0.05551	0.05565	0.05482	0.05475	0.05484	0.05498	0.05529	0.05475	0.05511	0.05505	0.05478	0.05493	0.05503	0.05501	0.05454	0.05509	0.05473	0.05492	0.05482	0.055
325.299	30740.95	0.09799	0.0903	0.08306	0.07723	0.07279	0.06864	0.06557	0.06303	0.06092	0.05923	0.05809	0.05758	0.05644	0.05597	0.05547	0.05534	0.05556	0.05504	0.05474	0.05482	0.05457	0.05507	0.05442	0.05489	0.05499	0.05451	0.05441	0.05442	0.0543	0.0544	0.05481	0.05454	0.05479	0.05447	0.05466
325.876	30686.55	0.09923	0.09174	0.08414	0.07821	0.07343	0.06903	0.06594	0.0631	0.0611	0.06002	0.05832	0.05795	0.0568	0.05615	0.05598	0.05561	0.0556	0.05527	0.05475	0.05522	0.0547	0.05535	0.05486	0.05487	0.05511	0.05477	0.05461	0.05466	0.05491	0.05486	0.05516	0.0548	0.05469	0.0547	0.05513
326.452	30632.34	0.1006	0.0923	0.08486	0.07915	0.07414	0.06998	0.06642	0.06357	0.06119	0.06003	0.05859	0.05781	0.05697	0.05651	0.05618	0.05558	0.05559	0.05533	0.0551	0.05529	0.05487	0.05535	0.05491	0.05503	0.05528	0.0552	0.05494	0.05481	0.0549	0.05494	0.05532	0.05489	0.05483	0.05478	0.05502
327.029	30578.32	0.1024	0.09367	0.08617	0.0803	0.07479	0.07087	0.0672	0.06447	0.06197	0.06019	0.05898	0.05837	0.0572	0.05684	0.05645	0.05638	0.05616	0.0558	0.05563	0.05608	0.05538	0.05562	0.05519	0.05533	0.05595	0.05554	0.0553	0.05527	0.05555	0.05533	0.05549	0.05519	0.05526	0.0552	0.05532
327.606	30524.49	0.1034	0.09461	0.08696	0.08062	0.07552	0.07113	0.06745	0.06475	0.06222	0.06056	0.05923	0.05841	0.05748	0.05685	0.05639	0.05629	0.05598	0.05565	0.05579	0.05585	0.05538	0.05569	0.05528	0.0553	0.05584	0.05527	0.05506	0.05535	0.05559	0.05524	0.05529	0.05514	0.05503	0.05527	0.05541
328.182	30470.85	0.1048	0.09579	0.08796	0.08163	0.07626	0.0717	0.06807	0.06507	0.06258	0.06125	0.05964	0.05872	0.05805	0.0572	0.05681	0.05643	0.05601	0.05612	0.05588	0.05594	0.05567	0.0561	0.0556	0.05567	0.05575	0.05544	0.05539	0.05558	0.05569	0.05547	0.05553	0.05565	0.05527	0.05554	0.05577
328.759	30417.40	0.1065	0.09704	0.08926	0.08266	0.07709	0.07249	0.06884	0.06562	0.06327	0.06169	0.06013	0.05919	0.0583	0.05764	0.05725	0.05698	0.05667	0.05671	0.05648	0.05661	0.05589	0.05656	0.0561	0.05589	0.056	0.0561	0.056	0.05579	0.05634	0.05593	0.05624	0.05595	0.05614	0.05596	0.05617
329.336	30364.14	0.1086	0.09871	0.09094	0.08382	0.07819	0.0736	0.06973	0.06638	0.06415	0.06261	0.06092	0.05994	0.05894	0.05844	0.05781	0.05778	0.05768	0.05729	0.05719	0.05754	0.05653	0.05713	0.05676	0.05687	0.05669	0.05669	0.05683	0.05647	0.05685	0.05688	0.05711	0.05648	0.05691	0.05651	0.05676
329.913	30311.06	0.1107	0.1007	0.09275	0.08551	0.07975	0.07489	0.0709	0.06768	0.06514	0.06381	0.06219	0.06095	0.05985	0.05953	0.05883	0.0589	0.05849	0.05805	0.05797	0.05803	0.05779	0.05811	0.05781	0.05796	0.05775	0.05754	0.05789	0.05749	0.05764	0.05793	0.05805	0.05781	0.05761	0.05753	0.0577
330.489	30258.16	0.1127	0.1028	0.09435	0.08722	0.08105	0.07595	0.07217	0.06873	0.06627	0.06461	0.06325	0.06195	0.0609	0.06037	0.05991	0.05981	0.05933	0.05901	0.05883	0.0587	0.0588	0.05912	0.05876	0.05859	0.05843	0.05852	0.05858	0.05817	0.05857	0.05857	0.05875	0.05888	0.05837	0.05852	0.05855
331.066	30205.45	0.1147	0.1047	0.09578	0.08894	0.08213	0.07728	0.07336	0.06971	0.06747	0.06547	0.06419	0.06287	0.06202	0.061	0.06093	0.06071	0.06028	0.06011	0.0598	0.05981	0.05966	0.05989	0.05957	0.05961	0.05936	0.0594	0.05927	0.05907	0.05932	0.05918	0.05945	0.05961	0.05906	0.05941	0.05935
331.643	30152.93	0.1172	0.1065	0.09759	0.09049	0.08384	0.07873	0.07448	0.0712	0.06856	0.0666	0.06512	0.06401	0.06303	0.06197	0.06205	0.06166	0.06121	0.06091	0.0608	0.06093	0.06064	0.06072	0.06041	0.06057	0.06048	0.06036	0.06022	0.06012	0.0603	0.06016	0.06048	0.06048	0.06002	0.06033	0.06034
332.219	30100.59	0.1198	0.1089	0.09984	0.09202	0.08588	0.08001	0.07609	0.07259	0.06981	0.06796	0.06606	0.06536	0.06405	0.06338	0.06312	0.06255	0.06238	0.06196	0.06182	0.06213	0.06165	0.06201	0.06144	0.06148	0.06141	0.06148	0.06126	0.06125	0.06152	0.06148	0.06177	0.06151	0.0614	0.06143	0.06152
332.796	30048.42	0.1222	0.1117	0.102	0.09409	0.08762	0.08213	0.0781	0.07398	0.07136	0.06941	0.06758	0.0668	0.06525	0.06475	0.06431	0.06395	0.0637	0.06353	0.06312	0.06319	0.06298	0.06347	0.06289	0.06314	0.0629	0.06272	0.06262	0.06288	0.06284	0.06273	0.06308	0.06282	0.06271	0.06298	0.06282
333.373	29996.44	0.1254	0.1142	0.1043	0.09636	0.08933	0.08463	0.07988	0.0758	0.07294	0.07101	0.06934	0.06847	0.06695	0.06627	0.06583	0.0656	0.06531	0.06485	0.06468	0.06466	0.06451	0.06476	0.06429	0.06469	0.06432	0.06417	0.06428	0.06443	0.06425	0.06413	0.06442	0.06432	0.06406	0.0645	0.06421
333.950	29944.64	0.129	0.1173	0.1072	0.09909	0.09172	0.08658	0.08189	0.07803	0.07497	0.07331	0.0711	0.07	0.06857	0.06814	0.06758	0.06726	0.06714	0.06653	0.0665	0.06673	0.06608	0.0664	0.06589	0.0663	0.06594	0.06599	0.06629	0.06625	0.06588	0.06615	0.06641	0.06615	0.06585	0.06602	0.06601
334.526	29893.02	0.1324	0.1209	0.1104	0.1022	0.09428	0.0892	0.08387	0.07999	0.07709	0.07512	0.07281	0.07204	0.07045	0.06974	0.06948	0.06879	0.0688	0.06817	0.06799	0.06854	0.06766	0.06833	0.06764	0.06809	0.0679	0.06769	0.06792	0.06764	0.0677	0.06767	0.06802	0.06767	0.06769	0.06751	0.06786
335.103	29841.57	0.136	0.1241	0.113	0.1046	0.09697	0.09129	0.08603	0.08207	0.07904	0.07681	0.07498	0.07391	0.07242	0.0717	0.07104	0.07077	0.07006	0.0698	0.06957	0.06983	0.06967	0.0702	0.06948	0.0696	0.06985	0.06963	0.06941	0.06912	0.06925	0.06956	0.06952	0.06948	0.06948	0.06941	0.06933
335.680	29790.30	0.1403	0.1278	0.1164	0.1078	0.1001	0.09408	0.08901	0.08485	0.08166	0.07904	0.0773	0.07625	0.07478	0.07408	0.07361	0.07314	0.07268	0.07264	0.07232	0.07226	0.07218	0.0722	0.07203	0.07178	0.07215	0.07151	0.07181	0.07154	0.07154	0.07189	0.07168	0.07219	0.07169	0.07195	0.07179
336.256	29739.21	0.1447	0.1316	0.1204	0.1109	0.1034	0.09688	0.09169	0.08714	0.08401	0.08158	0.07989	0.07876	0.07732	0.07658	0.07556	0.07554	0.07497	0.07498	0.07413	0.07445	0.07415	0.07435	0.0745	0.07402	0.07443	0.07389	0.07379	0.07377	0.07381	0.074	0.0742	0.07379	0.07382	0.07387	0.07433
336.833	29688.29	0.1488	0.1353	0.124	0.1142	0.1064	0.09931	0.09411	0.08981	0.08639	0.08403	0.08146	0.0807	0.07906	0.07867	0.07784	0.07743	0.07717	0.07691	0.07664	0.07643	0.07614	0.07646	0.07616	0.07606	0.07586	0.07605	0.07621	0.07615	0.07598	0.076	0.07584	0.07569	0.07606	0.07586	0.07611
337.410	29637.55	0.154	0.14	0.128	0.1181	0.1097	0.103	0.0975	0.09276	0.08931	0.08705	0.08467	0.08348	0.08205	0.08108	0.08074	0.08021	0.07965	0.07923	0.07913	0.07918	0.07864	0.07907	0.07863	0.07903	0.07843	0.07873	0.07832	0.07864	0.07878	0.07867	0.07834	0.07876	0.0787	0.07864	0.07832
337.987	29586.98	0.1589	0.1445	0.1321	0.1219	0.1133	0.1067	0.1002	0.09552	0.09206	0.08952	0.08773	0.08608	0.08461	0.08355	0.08283	0.0827	0.08198	0.08202	0.08108	0.08139	0.081	0.08157	0.08111	0.08154	0.08092	0.08103	0.081	0.081	0.08081	0.08092	0.08126	0.08116	0.081	0.08091	0.08084
338.563	29536.58	0.1637	0.149	0.1362	0.126	0.1166	0.1095	0.1034	0.09842	0.09473	0.09236	0.09008	0.08844	0.08701	0.08615	0.08594	0.08458	0.08453	0.08425	0.08358	0.08413	0.08373	0.084	0.08383	0.08371	0.08375	0.08337	0.08324	0.0833	0.08318	0.08313	0.08366	0.08396	0.08322	0.08324	0.08393
339.140	29486.35	0.169	0.1539	0.1408	0.1299	0.1203	0.1133	0.1068	0.1017	0.09828	0.09546	0.093	0.09152	0.09051	0.08947	0.08839	0.08825	0.088	0.08741	0.0865	0.08699	0.08644	0.08709	0.0869	0.08663	0.08652	0.08685	0.08653	0.08671	0.08616	0.08584	0.08641	0.08611	0.08609	0.08613	0.08634
339.717	29436.29	0.1748	0.1585	0.1449	0.134	0.1248	0.1166	0.11	0.1053	0.1013	0.09825	0.0957	0.09427	0.093	0.09153	0.09129	0.09045	0.09026	0.08977	0.08955	0.09007	0.08917	0.08954	0.08921	0.08908	0.08948	0.08874	0.08858	0.08891	0.08895	0.08891	0.08898	0.08862	0.089	0.08884	0.08877
340.293	29386.41	0.1805	0.1637	0.1498	0.1384	0.1285	0.1207	0.1138	0.1087	0.1044	0.1016	0.09905	0.09794	0.09616	0.09456	0.0945	0.09388	0.09373	0.09323	0.09287	0.09277	0.09225	0.0925	0.09208	0.09195	0.09214	0.09228	0.09141	0.09194	0.09212	0.09163	0.09217	0.09192	0.09195	0.09179	0.09181
340.870	29336.69	0.1865	0.1692	0.1551	0.1432	0.1329	0.1249	0.1176	0.1122	0.1079	0.1048	0.1021	0.1009	0.09912	0.09799	0.09735	0.09679	0.09633	0.09631	0.09567	0.09568	0.09474	0.09538	0.09506	0.09543	0.09489	0.09479	0.09494	0.09529	0.09497	0.09447	0.0951	0.09491	0.09473	0.09501	0.09528
341.447	29287.14	0.1928	0.1744	0.1601	0.1476	0.1371	0.1287	0.1218	0.116	0.1115	0.1085	0.1059	0.1038	0.1021	0.1011	0.1001	0.09984	0.09963	0.09883	0.09904	0.09845	0.09787	0.09844	0.098	0.09824	0.09786	0.09811	0.09812	0.09812	0.09829	0.09813	0.0979	0.09797	0.09795	0.09812	0.09809
342.024	29237.76	0.199	0.181	0.1656	0.1525	0.1416	0.1326	0.1258	0.1197	0.1151	0.1122	0.1093	0.1075	0.1056	0.1046	0.1034	0.1031	0.1028	0.1023	0.1022	0.1017	0.1013	0.1017	0.1011	0.1017	0.1011	0.1012	0.1012	0.1006	0.1011	0.1011	0.1014	0.1011	0.101	0.1012	0.1013
342.600	29188.54	0.2057	0.1871	0.1707	0.1575	0.1467	0.1372	0.1299	0.1235	0.119	0.1157	0.1126	0.1108	0.1091	0.1078	0.107	0.1061	0.106	0.1052	0.1054	0.1048	0.1049	0.105	0.1047	0.1048	0.1044	0.1045	0.1045	0.1043	0.1045	0.104	0.1047	0.1045	0.1045	0.1046	0.1043
343.177	29139.49	0.2128	0.194	0.1769	0.1628	0.1513	0.1421	0.1341	0.1278	0.1233	0.1199	0.1167	0.1149	0.1126	0.1117	0.1107	0.11	0.11	0.109	0.1087	0.1089	0.1083	0.1088	0.1082	0.1083	0.1079	0.1079	0.108	0.108	0.1078	0.1076	0.1082	0.1081	0.1076	0.1079	0.108
343.754	29090.60	0.2201	0.2005	0.1829	0.1684	0.1566	0.1467	0.1389	0.1324	0.1274	0.1237	0.1206	0.1185	0.117	0.1154	0.1147	0.1139	0.1135	0.1129	0.1128	0.1122	0.1121	0.1123	0.1118	0.1118	0.1122	0.1119	0.1117	0.1116	0.1114	0.1115	0.1116	0.1118	0.1116	0.1117	0.1117
344.330	29041.88	0.2273	0.2063	0.1887	0.1743	0.1616	0.1516	0.1433	0.1366	0.1314	0.1274	0.1245	0.1222	0.1207	0.1189	0.1179	0.1172	0.1167	0.1163	0.1162	0.1157	0.1156	0.116	0.1152	0.1156	0.1158	0.1152	0.1149	0.1149	0.115	0.1149	0.1152	0.1152	0.1154	0.1151	0.1153
344.907	28993.32	0.2354	0.2139	0.1952	0.1802	0.1673	0.157	0.148	0.1417	0.1362	0.1321	0.1289	0.1261	0.1246	0.1231	0.1224	0.1214	0.1207	0.1206	0.1201	0.1201	0.1194	0.1202	0.1194	0.1197	0.1193	0.1194	0.119	0.119	0.1189	0.1193	0.1193	0.1194	0.1192	0.1192	0.1193
345.484	28944.92	0.2435	0.2216	0.2021	0.1865	0.1729	0.1622	0.153	0.1467	0.1411	0.1366	0.1332	0.1308	0.129	0.1277	0.1268	0.1257	0.125	0.1246	0.124	0.1247	0.1237	0.1243	0.1239	0.1238	0.1234	0.1238	0.1236	0.1234	0.1234	0.1237	0.1234	0.1236	0.1234	0.1234	0.1234
346.060	28896.68	0.2516	0.2291	0.2095	0.1929	0.1791	0.1679	0.1583	0.1512	0.1455	0.1409	0.1375	0.1354	0.133	0.1317	0.1307	0.1297	0.1294	0.1287	0.1281	0.1287	0.1278	0.1284	0.1279	0.1277	0.1275	0.1279	0.1277	0.1274	0.1273	0.1275	0.1275	0.1274	0.1274	0.1272	0.1275
346.637	28848.61	0.26	0.2363	0.2159	0.1989	0.1845	0.1729	0.163	0.1556	0.1495	0.1454	0.1416	0.1392	0.1369	0.1355	0.1344	0.1337	0.1331	0.1327	0.1321	0.1319	0.1315	0.1319	0.1315	0.1316	0.1312	0.1313	0.1314	0.1312	0.1311	0.1309	0.1309	0.1312	0.1309	0.1309	0.1312
347.214	28800.69	0.2686	0.2439	0.2227	0.2053	0.1905	0.1781	0.1685	0.1606	0.1544	0.15	0.1461	0.1436	0.1411	0.14	0.1387	0.1381	0.1374	0.1367	0.1365	0.1361	0.1357	0.1361	0.1356	0.1358	0.1355	0.1354	0.1354	0.1355	0.1354	0.1349	0.1352	0.1354	0.1351	0.135	0.1353
347.791	28752.93	0.277	0.2518	0.2297	0.2117	0.1964	0.184	0.1738	0.1658	0.1595	0.1548	0.151	0.1483	0.1456	0.1443	0.1432	0.1426	0.1419	0.1411	0.1407	0.1405	0.1402	0.1402	0.1398	0.14	0.1398	0.1396	0.1395	0.1398	0.1395	0.1393	0.1399	0.1397	0.1396	0.1395	0.1395
348.367	28705.33	0.286	0.2599	0.2372	0.2183	0.2024	0.1898	0.1791	0.1709	0.1642	0.1597	0.1557	0.153	0.1504	0.1487	0.1476	0.1466	0.1461	0.1455	0.1448	0.1446	0.1446	0.1442	0.1441	0.1443	0.1439	0.1437	0.1437	0.1438	0.1438	0.1437	0.144	0.1437	0.1439	0.1436	0.1438
348.944	28657.89	0.2956	0.2683	0.2451	0.2255	0.209	0.1956	0.1851	0.1762	0.1696	0.1648	0.1604	0.1576	0.1551	0.1533	0.1523	0.1509	0.1507	0.1498	0.1493	0.1494	0.1488	0.149	0.1487	0.149	0.1483	0.1481	0.1482	0.1482	0.1485	0.1486	0.1482	0.1483	0.1482	0.148	0.1483
349.521	28610.61	0.3049	0.2769	0.2523	0.2324	0.2155	0.2012	0.1906	0.1813	0.1749	0.1694	0.1649	0.1622	0.1599	0.1577	0.1569	0.1555	0.1552	0.1543	0.1537	0.1542	0.1528	0.1538	0.1533	0.1533	0.1528	0.1525	0.1525	0.1526	0.1529	0.153	0.1526	0.1529	0.1523	0.1526	0.1528
350.097	28563.48	0.3144	0.2857	0.2603	0.2392	0.2222	0.2073	0.1963	0.1869	0.1798	0.1742	0.1698	0.167	0.1647	0.1627	0.1613	0.1601	0.1596	0.159	0.158	0.1586	0.1573	0.1582	0.1579	0.1575	0.1575	0.1572	0.157	0.157	0.1576	0.1571	0.1572	0.1571	0.1568	0.1569	0.1571
350.674	28516.50	0.3243	0.2943	0.2685	0.2466	0.2287	0.2137	0.2023	0.1927	0.1853	0.1797	0.1752	0.1717	0.1695	0.1677	0.1662	0.165	0.1643	0.1635	0.1632	0.1632	0.1625	0.1627	0.1625	0.1624	0.1619	0.1622	0.1618	0.1619	0.1621	0.162	0.162	0.162	0.1618	0.1616	0.1616
351.251	28469.68	0.3341	0.3026	0.2761	0.2541	0.2353	0.2201	0.2081	0.1981	0.1908	0.1847	0.1804	0.177	0.1742	0.1721	0.1708	0.1698	0.169	0.1679	0.1681	0.168	0.1672	0.1676	0.1666	0.1673	0.1666	0.1668	0.1666	0.1665	0.1663	0.1666	0.1667	0.1666	0.1664	0.1663	0.1665
351.828	28423.02	0.344	0.3117	0.2843	0.2621	0.2424	0.227	0.2142	0.2039	0.1965	0.1905	0.186	0.1825	0.1797	0.177	0.1758	0.1747	0.174	0.1732	0.1728	0.1727	0.1719	0.1724	0.1714	0.1722	0.1716	0.1716	0.1718	0.1716	0.1714	0.1716	0.1716	0.1715	0.1713	0.1714	0.1713
352.404	28376.50	0.3534	0.3203	0.2924	0.2698	0.2494	0.2332	0.2203	0.2101	0.2016	0.1957	0.1909	0.1872	0.1844	0.1821	0.1807	0.1795	0.1787	0.1778	0.1775	0.1773	0.1767	0.177	0.1763	0.1766	0.1764	0.1762	0.1761	0.1762	0.1759	0.176	0.1759	0.1761	0.1759	0.176	0.1757
352.981	28330.14	0.3637	0.3299	0.3007	0.2774	0.256	0.2397	0.2262	0.216	0.2071	0.201	0.196	0.1925	0.1896	0.1871	0.1853	0.1846	0.1836	0.1826	0.1823	0.182	0.1818	0.1819	0.1812	0.181	0.1814	0.1811	0.1808	0.1813	0.1806	0.1809	0.1808	0.1808	0.1808	0.1811	0.1803
353.558	28283.93	0.3754	0.3407	0.3098	0.2858	0.2638	0.2471	0.233	0.2221	0.213	0.2067	0.2016	0.1983	0.1951	0.1928	0.1908	0.1903	0.1891	0.188	0.1874	0.1877	0.1872	0.187	0.1868	0.1866	0.1867	0.186	0.1863	0.1862	0.1862	0.1865	0.1861	0.1862	0.1858	0.1862	0.1864
354.134	28237.87	0.3851	0.3495	0.3179	0.2924	0.271	0.253	0.2388	0.2277	0.2186	0.2116	0.2067	0.2031	0.1996	0.1979	0.1956	0.1946	0.1933	0.1924	0.1921	0.192	0.1915	0.1916	0.1911	0.1915	0.191	0.1906	0.1911	0.1911	0.1907	0.1908	0.1914	0.1904	0.1905	0.1904	0.1908
354.711	28191.96	0.3957	0.3589	0.327	0.3011	0.2787	0.2597	0.2459	0.2341	0.2246	0.2181	0.2123	0.2094	0.2055	0.2026	0.2014	0.2005	0.1993	0.1983	0.1976	0.1974	0.197	0.197	0.1964	0.1967	0.1962	0.1966	0.1965	0.1957	0.1961	0.1961	0.1959	0.196	0.196	0.196	0.1965
355.288	28146.19	0.407	0.3692	0.3365	0.3093	0.2868	0.2675	0.2524	0.241	0.2311	0.2242	0.2186	0.2146	0.2108	0.2083	0.2068	0.2059	0.2045	0.2034	0.203	0.2032	0.2025	0.2024	0.202	0.2019	0.2015	0.2017	0.2016	0.2014	0.2018	0.2021	0.2016	0.2018	0.2013	0.2016	0.2014
355.865	28100.58	0.4183	0.3793	0.3457	0.3183	0.294	0.2747	0.2595	0.2471	0.2371	0.2299	0.2244	0.2194	0.2167	0.214	0.2126	0.2109	0.21	0.2091	0.2083	0.2084	0.2075	0.208	0.207	0.2073	0.2071	0.2066	0.2068	0.2065	0.2063	0.2068	0.2064	0.2065	0.207	0.2067	0.2068
356.441	28055.12	0.4288	0.389	0.3543	0.3257	0.3016	0.282	0.2658	0.253	0.2435	0.2358	0.2299	0.2256	0.2224	0.2197	0.2178	0.2166	0.2154	0.2143	0.2137	0.2129	0.2133	0.2136	0.2127	0.2128	0.2126	0.2123	0.2123	0.2124	0.2122	0.2119	0.2121	0.212	0.2122	0.2117	0.2125
357.018	28009.80	0.4381	0.3976	0.362	0.3325	0.3079	0.2878	0.2722	0.2591	0.2487	0.241	0.2354	0.2306	0.2275	0.2241	0.2226	0.221	0.2197	0.2191	0.2183	0.2181	0.2171	0.2173	0.2174	0.2171	0.217	0.2165	0.2165	0.2169	0.2166	0.2168	0.2167	0.217	0.2168	0.2164	0.2166
357.595	27964.62	0.4482	0.4072	0.3708	0.3414	0.3153	0.2951	0.2783	0.265	0.2548	0.2469	0.2407	0.2363	0.2324	0.2296	0.2279	0.2265	0.2257	0.225	0.2235	0.2229	0.2231	0.2229	0.2224	0.222	0.2228	0.2223	0.2225	0.2221	0.2218	0.2219	0.222	0.2218	0.2218	0.2218	0.2217
358.171	27919.60	0.458	0.4154	0.3789	0.3485	0.3218	0.3012	0.284	0.2703	0.2603	0.2525	0.2456	0.2411	0.2373	0.2343	0.2329	0.2308	0.2296	0.2287	0.2285	0.2282	0.2275	0.228	0.2271	0.227	0.2269	0.2269	0.2264	0.2261	0.2264	0.2267	0.2268	0.227	0.2264	0.2262	0.2265
358.748	27874.71	0.4688	0.425	0.3876	0.3564	0.3289	0.3088	0.2908	0.2774	0.2669	0.2585	0.2515	0.2475	0.2428	0.2405	0.2383	0.2366	0.2359	0.2344	0.2341	0.2343	0.2323	0.2331	0.2327	0.233	0.2321	0.2318	0.2315	0.232	0.2319	0.232	0.2322	0.2321	0.2321	0.2318	0.2318
359.325	27829.98	0.4837	0.438	0.3995	0.3675	0.3395	0.3173	0.2992	0.2852	0.2735	0.2656	0.2588	0.2543	0.2498	0.2471	0.2442	0.2433	0.2424	0.2413	0.2403	0.2402	0.2397	0.2398	0.2393	0.2388	0.2383	0.239	0.2384	0.2383	0.2388	0.2384	0.2388	0.238	0.2387	0.2388	0.2386
359.901	27785.38	0.494	0.4483	0.4083	0.3753	0.3475	0.3249	0.3063	0.2918	0.2801	0.2709	0.2643	0.2596	0.2554	0.2524	0.2502	0.2489	0.2473	0.2463	0.2455	0.2452	0.245	0.2445	0.2446	0.2444	0.2441	0.2441	0.2435	0.2436	0.2438	0.2438	0.2437	0.2434	0.2433	0.2434	0.244
360.478	27740.93	0.5057	0.459	0.4175	0.384	0.3552	0.3316	0.3129	0.2985	0.2865	0.2772	0.2702	0.2654	0.2615	0.2585	0.256	0.2543	0.2536	0.2517	0.2505	0.2508	0.2501	0.2505	0.2501	0.2494	0.2498	0.2492	0.249	0.2496	0.2491	0.2491	0.2488	0.2493	0.2489	0.2487	0.2492
361.055	27696.62	0.5169	0.469	0.4273	0.3927	0.3628	0.3393	0.3203	0.3047	0.2932	0.2831	0.2763	0.2708	0.2666	0.2634	0.2612	0.2598	0.2586	0.2578	0.2563	0.2561	0.2558	0.2558	0.255	0.2552	0.2549	0.2545	0.2546	0.2545	0.2541	0.2544	0.2549	0.2547	0.2543	0.2545	0.2544
361.632	27652.45	0.5288	0.4796	0.4373	0.4017	0.3709	0.347	0.3275	0.3111	0.2992	0.2894	0.2822	0.2768	0.2731	0.2695	0.2672	0.2654	0.2642	0.2632	0.2623	0.2616	0.2613	0.2618	0.2605	0.2605	0.2604	0.2601	0.2601	0.2595	0.2598	0.2601	0.2604	0.2601	0.2598	0.2597	0.2599
362.208	27608.42	0.5413	0.4908	0.4466	0.4105	0.3797	0.355	0.3346	0.3181	0.3059	0.2956	0.2889	0.283	0.2791	0.2756	0.2733	0.2715	0.2698	0.2688	0.2679	0.2675	0.2665	0.2673	0.2659	0.2661	0.2659	0.2659	0.2659	0.2656	0.2656	0.2654	0.2659	0.2657	0.2656	0.2656	0.2654
362.785	27564.53	0.5535	0.5013	0.4565	0.42	0.3874	0.3622	0.342	0.3251	0.3126	0.3023	0.2948	0.2893	0.2847	0.2817	0.279	0.2775	0.2761	0.2745	0.2737	0.2737	0.2726	0.2732	0.2719	0.272	0.2719	0.2718	0.2719	0.2716	0.2712	0.2712	0.2717	0.2713	0.2712	0.2715	0.2715
363.362	27520.78	0.5646	0.5115	0.4648	0.4278	0.3953	0.3689	0.3482	0.3318	0.3187	0.3086	0.3005	0.2948	0.2904	0.2869	0.284	0.2825	0.2812	0.2798	0.2787	0.2786	0.2775	0.2777	0.2774	0.2769	0.2774	0.2767	0.2766	0.2768	0.2768	0.2763	0.2767	0.2762	0.2764	0.2768	0.2764
363.938	27477.17	0.5755	0.5221	0.4746	0.4365	0.4033	0.3765	0.3545	0.3387	0.3247	0.3149	0.3067	0.3006	0.2962	0.2921	0.2898	0.2883	0.2866	0.2855	0.2844	0.2841	0.283	0.2831	0.2823	0.2826	0.2827	0.2821	0.2817	0.2818	0.2822	0.2816	0.2818	0.2817	0.2821	0.2819	0.2822
364.515	27433.70	0.5867	0.5324	0.4844	0.4451	0.4112	0.384	0.3616	0.3449	0.3303	0.3209	0.3122	0.3064	0.3018	0.2975	0.2956	0.2936	0.292	0.2908	0.2898	0.2895	0.2886	0.2887	0.2875	0.2883	0.2877	0.2876	0.2872	0.2873	0.2876	0.2871	0.2869	0.2873	0.2873	0.2872	0.2878
365.092	27390.37	0.5982	0.5429	0.4937	0.4533	0.4188	0.3913	0.3691	0.3513	0.3364	0.3266	0.3177	0.3119	0.3072	0.3032	0.3009	0.2985	0.2971	0.2961	0.2949	0.2948	0.2938	0.2939	0.2929	0.2934	0.2934	0.2926	0.2923	0.2927	0.2925	0.2924	0.2923	0.2927	0.2919	0.2923	0.2926
365.669	27347.17	0.6104	0.5536	0.5033	0.4627	0.4269	0.3989	0.3761	0.358	0.3436	0.3326	0.324	0.318	0.3127	0.309	0.3063	0.3042	0.3029	0.3019	0.3004	0.3003	0.2994	0.2996	0.2986	0.299	0.2986	0.298	0.298	0.2981	0.2982	0.2981	0.2982	0.2981	0.2976	0.2979	0.298
366.245	27304.11	0.6233	0.5643	0.5136	0.4719	0.4358	0.4069	0.3829	0.365	0.3506	0.339	0.3305	0.324	0.3186	0.3149	0.3122	0.3106	0.3091	0.3077	0.3068	0.306	0.3054	0.3059	0.3047	0.3047	0.3045	0.3042	0.304	0.3039	0.3043	0.3037	0.3041	0.3036	0.3037	0.3039	0.3042
366.822	27261.18	0.6349	0.5744	0.5232	0.4803	0.4437	0.4145	0.3898	0.3715	0.3565	0.3451	0.3363	0.3297	0.3245	0.3206	0.318	0.3164	0.3146	0.3131	0.3123	0.3111	0.3107	0.3112	0.3102	0.3099	0.3103	0.3096	0.3093	0.3089	0.3092	0.309	0.3091	0.3092	0.3088	0.3088	0.3094
367.399	27218.39	0.6471	0.5855	0.5332	0.4897	0.4517	0.422	0.3973	0.3784	0.3629	0.3518	0.3425	0.3362	0.3302	0.3265	0.3239	0.3217	0.3204	0.3187	0.3177	0.3168	0.3163	0.3164	0.3161	0.3156	0.3153	0.315	0.3151	0.3147	0.3146	0.3147	0.3144	0.3151	0.3146	0.3141	0.3148
367.975	27175.73	0.6611	0.5981	0.5441	0.5001	0.4616	0.4304	0.406	0.3864	0.3705	0.3593	0.3496	0.343	0.3371	0.333	0.3306	0.3281	0.3269	0.3252	0.3244	0.3237	0.3228	0.3227	0.3224	0.322	0.3215	0.3215	0.3215	0.3214	0.3211	0.3211	0.3209	0.3215	0.3209	0.3207	0.3214
368.552	27133.20	0.673	0.6093	0.5539	0.5089	0.4702	0.4382	0.4134	0.3932	0.3771	0.3652	0.3558	0.349	0.3437	0.3387	0.3363	0.3342	0.3324	0.331	0.3302	0.3297	0.3284	0.3284	0.3279	0.3277	0.3277	0.3276	0.3273	0.327	0.3266	0.3268	0.3269	0.3269	0.3265	0.3267	0.3267
369.129	27090.81	0.6836	0.6191	0.5632	0.5165	0.4774	0.4454	0.4189	0.3995	0.3832	0.3707	0.3616	0.3547	0.3484	0.3443	0.3417	0.3392	0.3373	0.3357	0.3353	0.3349	0.3335	0.3336	0.3331	0.3325	0.3324	0.3325	0.3325	0.3322	0.3317	0.3316	0.332	0.3317	0.332	0.3318	0.3313
369.706	27048.55	0.6952	0.6295	0.573	0.5258	0.4858	0.4536	0.4263	0.406	0.3897	0.3773	0.3675	0.3604	0.3544	0.3501	0.3477	0.3446	0.3431	0.3414	0.341	0.3403	0.3389	0.3393	0.3387	0.3381	0.3379	0.3375	0.3378	0.3376	0.3375	0.3377	0.3376	0.3374	0.3373	0.3371	0.3368
370.282	27006.43	0.706	0.6398	0.5819	0.5341	0.4928	0.4601	0.4336	0.4123	0.3956	0.3825	0.3729	0.3656	0.3603	0.3553	0.3532	0.35	0.3485	0.3465	0.3464	0.3455	0.3445	0.3444	0.3439	0.3435	0.343	0.3426	0.3421	0.3427	0.3429	0.3427	0.3427	0.3426	0.3429	0.3425	0.3418
370.859	26964.43	0.7154	0.6487	0.5898	0.5416	0.4998	0.4662	0.4392	0.418	0.4011	0.3883	0.3786	0.3709	0.365	0.3603	0.3575	0.3547	0.3532	0.3516	0.3514	0.3503	0.3494	0.3489	0.3488	0.3484	0.3477	0.3476	0.3475	0.3475	0.3481	0.3476	0.3474	0.3477	0.3474	0.3473	0.3469
371.436	26922.56	0.7286	0.6593	0.6003	0.5505	0.5081	0.4742	0.4469	0.4252	0.4072	0.3945	0.3839	0.3768	0.3712	0.3657	0.3629	0.361	0.3588	0.3568	0.3563	0.3559	0.3547	0.3546	0.3541	0.3537	0.3539	0.3528	0.3528	0.353	0.3532	0.353	0.3531	0.3527	0.3527	0.352	0.3525
372.012	26880.83	0.738	0.6693	0.6083	0.5581	0.5158	0.4817	0.4532	0.4312	0.4135	0.4002	0.39	0.3818	0.3765	0.3714	0.3691	0.3659	0.3644	0.3619	0.362	0.3609	0.36	0.3601	0.3593	0.3591	0.3587	0.3587	0.3582	0.3575	0.3583	0.3584	0.3584	0.3579	0.358	0.3577	0.3578
372.589	26839.22	0.7499	0.6793	0.6178	0.5661	0.5229	0.487	0.4594	0.4374	0.4196	0.4056	0.3957	0.3873	0.3815	0.3771	0.3737	0.3711	0.369	0.3676	0.3666	0.3657	0.365	0.3653	0.3639	0.364	0.3643	0.3639	0.3626	0.3636	0.3638	0.3633	0.3635	0.3631	0.3634	0.3633	0.3628
373.166	26797.74	0.7602	0.6895	0.6269	0.5749	0.531	0.4948	0.4658	0.4438	0.425	0.4118	0.401	0.3927	0.3869	0.3828	0.3787	0.3766	0.3744	0.3729	0.3717	0.3713	0.3705	0.3709	0.3695	0.3691	0.3692	0.3683	0.3682	0.3691	0.3687	0.3687	0.3689	0.3682	0.3678	0.3685	0.368
373.743	26756.39	0.7713	0.7002	0.6357	0.5839	0.5377	0.5026	0.472	0.4501	0.4311	0.4174	0.4066	0.3989	0.392	0.3871	0.3844	0.3815	0.3797	0.3778	0.377	0.3765	0.3752	0.3764	0.3743	0.3745	0.3737	0.3739	0.3729	0.3739	0.3732	0.3736	0.3732	0.3735	0.3731	0.3731	0.373
374.319	26715.17	0.7778	0.7045	0.6419	0.5882	0.5435	0.5074	0.4777	0.455	0.4357	0.4218	0.4114	0.4026	0.3955	0.3918	0.3876	0.3857	0.3835	0.3817	0.3804	0.3805	0.3787	0.379	0.3783	0.3787	0.3777	0.378	0.3774	0.378	0.3772	0.3773	0.3772	0.3775	0.3771	0.3772	0.3779
374.896	26674.07	0.7905	0.7163	0.651	0.5974	0.552	0.5143	0.4842	0.4603	0.4417	0.4273	0.4158	0.4082	0.4018	0.3968	0.3932	0.39	0.3899	0.3872	0.385	0.3849	0.3836	0.3843	0.3833	0.3832	0.3828	0.3824	0.3824	0.3829	0.3826	0.3823	0.383	0.3824	0.3819	0.3819	0.3822
375.473	26633.10	0.7965	0.7211	0.6554	0.6013	0.5562	0.5182	0.4886	0.4651	0.4461	0.4311	0.4204	0.4117	0.4047	0.401	0.3969	0.394	0.3926	0.3905	0.3897	0.3885	0.3881	0.3873	0.3866	0.3871	0.3869	0.3863	0.3865	0.3859	0.3866	0.386	0.3857	0.3858	0.3858	0.3854	0.3847
376.049	26592.26	0.8042	0.7292	0.663	0.6087	0.5626	0.525	0.4937	0.4698	0.4504	0.436	0.425	0.4167	0.4095	0.4053	0.4024	0.399	0.397	0.3954	0.3942	0.3938	0.3926	0.3927	0.3914	0.3912	0.3908	0.3908	0.3908	0.3906	0.3906	0.3901	0.3906	0.3903	0.3898	0.3894	0.3893
376.626	26551.54	0.8174	0.7393	0.6718	0.6176	0.5707	0.5321	0.5016	0.4771	0.4579	0.4427	0.4319	0.4224	0.4158	0.4108	0.4076	0.4048	0.4018	0.4005	0.3998	0.3994	0.3984	0.3983	0.3964	0.3962	0.3968	0.3966	0.3959	0.3963	0.396	0.3965	0.3966	0.3963	0.3963	0.3958	0.3949
377.203	26510.94	0.8238	0.7467	0.6791	0.6242	0.5759	0.5373	0.5066	0.4819	0.4621	0.447	0.4358	0.4266	0.42	0.4155	0.4109	0.4087	0.4068	0.4045	0.4036	0.4036	0.4022	0.4012	0.4	0.3997	0.4001	0.4005	0.3996	0.3997	0.3996	0.3995	0.4005	0.4	0.4001	0.3996	0.3994
377.779	26470.47	0.8313	0.7531	0.6859	0.6295	0.5824	0.5431	0.5112	0.486	0.4664	0.4512	0.4394	0.4301	0.4243	0.4191	0.4145	0.4122	0.4101	0.4086	0.4082	0.4064	0.4054	0.4053	0.4047	0.4046	0.4042	0.4034	0.4042	0.4034	0.4041	0.4028	0.4039	0.4036	0.4033	0.4032	0.4034
378.356	26430.12	0.8396	0.7613	0.6937	0.6357	0.5871	0.5476	0.5153	0.4902	0.4705	0.4556	0.4442	0.4354	0.4282	0.4235	0.4194	0.4163	0.4142	0.4126	0.4111	0.4103	0.4098	0.4099	0.4079	0.4082	0.408	0.4079	0.4087	0.4069	0.4077	0.4076	0.4068	0.4073	0.4073	0.4081	0.4076
378.933	26389.90	0.848	0.7689	0.699	0.6429	0.5931	0.5531	0.5214	0.4958	0.4756	0.4605	0.4482	0.4394	0.4334	0.4275	0.4237	0.421	0.4181	0.4164	0.4155	0.4153	0.414	0.4133	0.4124	0.4131	0.412	0.4116	0.4123	0.4119	0.4118	0.4124	0.4118	0.4118	0.4112	0.411	0.4113
379.510	26349.79	0.8578	0.7773	0.707	0.6489	0.5997	0.5586	0.526	0.5011	0.4803	0.4655	0.4538	0.4443	0.4371	0.4317	0.4284	0.4251	0.4231	0.4208	0.4195	0.4188	0.4175	0.4176	0.4175	0.4181	0.4169	0.4166	0.4156	0.4164	0.4163	0.4167	0.4161	0.4163	0.4157	0.4156	0.4154
380.086	26309.81	0.8651	0.7838	0.7132	0.6546	0.6048	0.5639	0.5307	0.5055	0.4851	0.469	0.4575	0.4486	0.4409	0.436	0.4326	0.4285	0.4268	0.4244	0.4241	0.4231	0.4218	0.4218	0.4208	0.4216	0.4209	0.4204	0.4199	0.4195	0.4203	0.4208	0.4197	0.42	0.4198	0.4196	0.4193
380.663	26269.95	0.8727	0.7922	0.7213	0.6605	0.6099	0.5699	0.5369	0.5102	0.4897	0.4733	0.4614	0.4527	0.4453	0.4397	0.4352	0.4326	0.4312	0.4291	0.4275	0.4269	0.4262	0.4257	0.4244	0.4248	0.4249	0.4242	0.4235	0.4241	0.4245	0.4246	0.4242	0.4239	0.4243	0.4235	0.4234
381.240	26230.22	0.8795	0.7974	0.7257	0.6658	0.6144	0.5733	0.5401	0.5142	0.4933	0.477	0.4648	0.4558	0.4488	0.4438	0.439	0.436	0.4344	0.4325	0.4307	0.4306	0.4297	0.4287	0.4286	0.4286	0.4285	0.4277	0.4276	0.4276	0.4274	0.4278	0.4266	0.4279	0.4279	0.427	0.4273
381.816	26190.60	0.885	0.8017	0.7285	0.6705	0.6184	0.5776	0.5435	0.5174	0.4969	0.4802	0.4679	0.4589	0.4516	0.4465	0.4424	0.4391	0.4369	0.4355	0.4341	0.4336	0.4322	0.4312	0.431	0.431	0.4308	0.4306	0.4307	0.4302	0.4308	0.43	0.43	0.4306	0.4298	0.4296	0.4309
382.393	26151.10	0.8916	0.8074	0.7351	0.6751	0.6237	0.5823	0.548	0.5213	0.5006	0.4843	0.4711	0.4617	0.4549	0.4498	0.4457	0.4427	0.4408	0.4386	0.4375	0.4367	0.4353	0.4349	0.4342	0.4337	0.4339	0.4335	0.4339	0.4335	0.434	0.4325	0.4336	0.4335	0.4325	0.4327	0.4334
382.970	26111.72	0.8989	0.8156	0.7426	0.6817	0.629	0.587	0.5535	0.526	0.5052	0.4889	0.4759	0.4662	0.4595	0.4533	0.4502	0.4476	0.445	0.4423	0.4413	0.4406	0.4396	0.4397	0.4391	0.4378	0.4379	0.4375	0.4371	0.4378	0.4374	0.4371	0.4374	0.4371	0.437	0.4373	0.4369
383.547	26072.45	0.9058	0.8222	0.7482	0.6865	0.6339	0.5914	0.5576	0.5303	0.5089	0.4927	0.4799	0.4704	0.4627	0.4573	0.4534	0.4504	0.4483	0.4457	0.4443	0.4438	0.4433	0.4434	0.4421	0.4416	0.4415	0.4413	0.4404	0.4411	0.4403	0.4408	0.4409	0.4411	0.4408	0.441	0.4413
384.123	26033.31	0.9128	0.8281	0.7532	0.691	0.6389	0.596	0.5618	0.5345	0.513	0.4968	0.4844	0.4747	0.4663	0.4616	0.4573	0.4536	0.4523	0.4497	0.4483	0.4473	0.4468	0.4474	0.4458	0.4458	0.4451	0.445	0.4447	0.4446	0.4442	0.4443	0.4448	0.4446	0.4442	0.4444	0.4451
384.700	25994.28	0.9191	0.8342	0.7576	0.696	0.6434	0.6007	0.5658	0.5383	0.5166	0.5004	0.4873	0.4779	0.4696	0.4646	0.4607	0.4572	0.4557	0.4533	0.4522	0.4512	0.4501	0.4501	0.4495	0.4493	0.4483	0.4484	0.4482	0.4478	0.4485	0.4478	0.4481	0.4472	0.4474	0.4474	0.4481
385.277	25955.37	0.9269	0.8401	0.763	0.7018	0.6478	0.6046	0.5697	0.5419	0.5202	0.5037	0.4897	0.4811	0.473	0.4678	0.4645	0.4607	0.4588	0.4561	0.4554	0.4545	0.4533	0.4529	0.4523	0.4522	0.4515	0.4515	0.4512	0.4509	0.4515	0.451	0.451	0.4504	0.4509	0.4506	0.4509
385.853	25916.58	0.9317	0.8449	0.7684	0.7056	0.6523	0.6086	0.5732	0.5458	0.524	0.5072	0.4933	0.4849	0.4763	0.4713	0.4677	0.4644	0.4618	0.4591	0.4581	0.4576	0.4563	0.4563	0.4554	0.4552	0.4547	0.4547	0.4547	0.4542	0.4544	0.4543	0.4537	0.4536	0.4541	0.454	0.4538
386.430	25877.90	0.9358	0.8498	0.7737	0.7093	0.6567	0.6131	0.5771	0.5498	0.5271	0.5112	0.4971	0.488	0.4793	0.4746	0.4698	0.4673	0.4648	0.4625	0.4611	0.4606	0.459	0.4589	0.4588	0.4587	0.4579	0.4579	0.4576	0.4575	0.4574	0.4571	0.4565	0.4567	0.4572	0.4572	0.4569
387.007	25839.34	0.9437	0.8561	0.7798	0.7155	0.6616	0.6177	0.5818	0.554	0.5315	0.5151	0.5017	0.4916	0.4834	0.4783	0.4732	0.4705	0.4682	0.4664	0.4648	0.4638	0.4626	0.4626	0.4622	0.4627	0.4616	0.4616	0.4607	0.4611	0.4608	0.4606	0.4602	0.4607	0.4612	0.4609	0.4605
387.584	25800.89	0.9481	0.8607	0.7832	0.7196	0.6649	0.6207	0.5847	0.5564	0.5345	0.5173	0.5049	0.4948	0.4864	0.4807	0.4763	0.4732	0.471	0.4692	0.4673	0.467	0.466	0.4656	0.4645	0.4648	0.4642	0.4643	0.4643	0.4634	0.4638	0.4636	0.4634	0.4637	0.4636	0.4633	0.4633
388.160	25762.56	0.9539	0.8665	0.7876	0.7238	0.6684	0.6243	0.5881	0.5589	0.5372	0.5201	0.507	0.4975	0.4894	0.4832	0.4793	0.476	0.4745	0.4718	0.4704	0.4702	0.4687	0.4683	0.4673	0.4672	0.4668	0.4667	0.4673	0.4662	0.4661	0.4659	0.4662	0.4666	0.4659	0.4657	0.4661
388.737	25724.34	0.963	0.874	0.7954	0.7302	0.6742	0.6296	0.5929	0.5642	0.5426	0.5248	0.511	0.5017	0.4942	0.4874	0.4834	0.4803	0.4781	0.4764	0.4749	0.4739	0.4726	0.4728	0.4721	0.4714	0.4707	0.4703	0.4709	0.4707	0.4703	0.4702	0.47	0.4704	0.4702	0.4702	0.4706
389.314	25686.23	0.9655	0.8771	0.7982	0.7333	0.6773	0.6325	0.5949	0.5678	0.5457	0.5272	0.5136	0.5044	0.4964	0.4906	0.4858	0.4829	0.4806	0.4784	0.4772	0.4759	0.4747	0.4751	0.4743	0.4736	0.473	0.4728	0.4733	0.4725	0.4731	0.4721	0.4721	0.4726	0.4729	0.4725	0.4727
389.890	25648.24	0.9717	0.8825	0.8023	0.7369	0.6811	0.6368	0.5984	0.5709	0.5483	0.5303	0.5169	0.5066	0.4989	0.4932	0.4887	0.486	0.4837	0.4809	0.4798	0.4791	0.4777	0.4779	0.4767	0.4768	0.4765	0.4762	0.4762	0.476	0.4757	0.4748	0.4754	0.476	0.476	0.4758	0.4754
390.467	25610.35	0.9768	0.8864	0.8062	0.7416	0.6856	0.6396	0.6031	0.574	0.5514	0.5332	0.5205	0.5095	0.5028	0.4963	0.4925	0.4891	0.4868	0.4844	0.4828	0.4817	0.481	0.4807	0.4802	0.4796	0.4793	0.479	0.4793	0.4787	0.4791	0.4787	0.4792	0.4788	0.4784	0.4789	0.4786
391.044	25572.58	0.9861	0.8936	0.8131	0.7472	0.6912	0.6459	0.6081	0.5787	0.5559	0.5377	0.5249	0.5147	0.5073	0.5001	0.4965	0.4937	0.4905	0.4884	0.4872	0.4855	0.485	0.4858	0.4841	0.4844	0.4833	0.483	0.4825	0.4829	0.4827	0.4834	0.4825	0.4828	0.4824	0.4831	0.4831
391.620	25534.93	0.9884	0.8962	0.8169	0.7497	0.6935	0.6476	0.6108	0.5805	0.5581	0.5406	0.5268	0.5168	0.5089	0.5026	0.4991	0.4952	0.4928	0.4903	0.4895	0.4886	0.4868	0.4874	0.4861	0.4865	0.4857	0.4854	0.4851	0.4846	0.4844	0.4843	0.4849	0.4849	0.4848	0.4849	0.4852
392.197	25497.38	0.9898	0.8999	0.8206	0.7523	0.696	0.6506	0.6128	0.5832	0.5609	0.5427	0.5291	0.5197	0.5107	0.5046	0.5005	0.4974	0.4947	0.4924	0.4912	0.4911	0.489	0.4896	0.4886	0.4884	0.4885	0.4874	0.4875	0.4869	0.4865	0.4864	0.4873	0.4874	0.4871	0.4866	0.4868
392.774	25459.94	0.9961	0.9038	0.823	0.7563	0.6996	0.6531	0.6155	0.5859	0.5646	0.5463	0.5322	0.5218	0.5147	0.5077	0.5032	0.5002	0.4982	0.4957	0.4933	0.4935	0.4924	0.4927	0.4906	0.491	0.4908	0.4905	0.4897	0.4897	0.4902	0.4895	0.4891	0.4903	0.4906	0.4895	0.4895
393.351	25422.61	1	0.9094	0.8271	0.7601	0.7042	0.6581	0.6188	0.5897	0.5673	0.5497	0.5351	0.5252	0.5176	0.5106	0.5065	0.5035	0.5012	0.4988	0.4972	0.4965	0.4952	0.4945	0.4941	0.4935	0.4937	0.4937	0.4929	0.4933	0.4928	0.4933	0.4926	0.4933	0.4935	0.4934	0.4924
393.927	25385.39	1	0.9087	0.8277	0.7618	0.7048	0.6593	0.6214	0.592	0.5686	0.5514	0.5367	0.5276	0.5193	0.5135	0.5097	0.5053	0.5027	0.5011	0.4989	0.4987	0.4969	0.4967	0.4958	0.4959	0.4955	0.4951	0.4947	0.495	0.4945	0.4952	0.4947	0.4957	0.4948	0.4943	0.4951
394.504	25348.28	1.004	0.9123	0.8309	0.7644	0.7069	0.6613	0.6235	0.5946	0.5709	0.553	0.5388	0.5298	0.5211	0.5155	0.5114	0.5076	0.5055	0.5022	0.5014	0.5013	0.4998	0.4994	0.4982	0.4993	0.4989	0.4977	0.4977	0.4972	0.498	0.4978	0.4979	0.4981	0.4966	0.4974	0.4966
395.081	25311.28	1.004	0.9125	0.8325	0.7651	0.7093	0.6637	0.627	0.596	0.5735	0.5565	0.542	0.5314	0.5239	0.5176	0.5135	0.5108	0.5084	0.5048	0.5052	0.5031	0.5031	0.5023	0.5014	0.5015	0.5003	0.4995	0.5008	0.4989	0.4995	0.4994	0.4999	0.4994	0.4997	0.4996	0.4996
395.657	25274.39	1.012	0.9172	0.8368	0.7698	0.7131	0.6672	0.6283	0.5999	0.5763	0.5588	0.5449	0.5351	0.5262	0.5209	0.5166	0.5127	0.5105	0.5088	0.5078	0.506	0.5051	0.5044	0.5044	0.5042	0.504	0.5036	0.5039	0.503	0.5037	0.5027	0.5031	0.503	0.5025	0.5032	0.5027
396.234	25237.60	1.012	0.9184	0.8378	0.7711	0.715	0.6688	0.6313	0.6017	0.5789	0.5608	0.547	0.5381	0.5294	0.5228	0.5179	0.5156	0.5135	0.5096	0.5089	0.5084	0.5075	0.5076	0.5069	0.5065	0.5057	0.5057	0.5057	0.5049	0.5057	0.5051	0.5046	0.5051	0.5043	0.5044	0.5045
396.811	25200.92	1.01	0.9184	0.8371	0.7716	0.714	0.6685	0.6315	0.6021	0.5787	0.5623	0.5481	0.5374	0.53	0.5239	0.5194	0.5162	0.5139	0.5117	0.5116	0.5092	0.5082	0.5083	0.5076	0.5074	0.5071	0.5064	0.5061	0.5055	0.5057	0.506	0.5062	0.5055	0.5053	0.5055	0.5052
397.388	25164.35	1.012	0.9201	0.8404	0.7734	0.7166	0.6717	0.6335	0.6049	0.5819	0.5644	0.5505	0.5408	0.5317	0.5266	0.5223	0.5187	0.5161	0.5142	0.513	0.5117	0.5112	0.5114	0.5102	0.5097	0.5095	0.5091	0.5092	0.5084	0.5085	0.5079	0.509	0.5083	0.5076	0.5083	0.5084
397.964	25127.88	1.016	0.9237	0.8422	0.7765	0.7198	0.6737	0.6366	0.6075	0.5848	0.5675	0.5528	0.5427	0.5346	0.5282	0.5252	0.5215	0.5182	0.5162	0.5153	0.5149	0.5138	0.5135	0.5129	0.5118	0.5116	0.5116	0.5111	0.512	0.511	0.5108	0.5113	0.5112	0.51	0.5099	0.5113
398.541	25091.52	1.013	0.9232	0.8415	0.7762	0.7196	0.6744	0.6373	0.6078	0.5854	0.5676	0.5541	0.5436	0.5354	0.5295	0.5256	0.5227	0.5203	0.5185	0.5163	0.5156	0.5151	0.5148	0.5139	0.5133	0.5126	0.5124	0.5113	0.512	0.5122	0.5116	0.5128	0.5126	0.5117	0.512	0.5121
399.118	25055.27	1.014	0.9235	0.8438	0.7777	0.722	0.6764	0.6398	0.6113	0.5875	0.5695	0.5559	0.5461	0.5378	0.5329	0.529	0.5245	0.5221	0.5208	0.5194	0.5183	0.5166	0.5169	0.5155	0.516	0.515	0.5151	0.5143	0.5141	0.5138	0.5139	0.5149	0.5149	0.5145	0.5137	0.5143
399.694	25019.11	1.015	0.924	0.844	0.7792	0.7233	0.6775	0.6407	0.612	0.5889	0.571	0.5572	0.5483	0.5399	0.5338	0.5298	0.5266	0.524	0.5223	0.5209	0.52	0.5184	0.5191	0.5178	0.518	0.5168	0.5169	0.5168	0.5166	0.517	0.5163	0.5167	0.5166	0.5161	0.5159	0.5166
400.271	24983.07	1.012	0.9227	0.8435	0.7773	0.7223	0.6778	0.6402	0.612	0.5891	0.5719	0.5585	0.5477	0.5409	0.5347	0.5302	0.5275	0.525	0.5229	0.5209	0.5205	0.5191	0.519	0.5188	0.5187	0.5178	0.518	0.5175	0.5174	0.5168	0.5176	0.5172	0.5169	0.5172	0.5169	0.5168
400.848	24947.12	1.015	0.9262	0.8459	0.7806	0.7245	0.6796	0.6423	0.6148	0.5915	0.5739	0.5611	0.5511	0.5429	0.5379	0.5332	0.5298	0.528	0.5256	0.5234	0.5233	0.5215	0.5215	0.5214	0.5206	0.5205	0.521	0.5203	0.52	0.5188	0.5197	0.5201	0.5199	0.5194	0.5194	0.5191
401.425	24911.28	1.01	0.9217	0.8435	0.7794	0.724	0.6794	0.6424	0.6148	0.5916	0.574	0.5614	0.5518	0.5439	0.5385	0.5334	0.53	0.5278	0.5258	0.5245	0.524	0.5226	0.5215	0.5214	0.5206	0.5207	0.521	0.5203	0.5208	0.5197	0.52	0.5208	0.5199	0.5197	0.5202	0.5199
402.001	24875.54	1.01	0.9219	0.8441	0.7793	0.7246	0.6798	0.6436	0.6153	0.5933	0.5759	0.5629	0.5529	0.545	0.5394	0.5354	0.5313	0.5295	0.5271	0.5262	0.5255	0.5241	0.5241	0.5229	0.5224	0.5217	0.522	0.5219	0.5226	0.521	0.5213	0.5214	0.522	0.5212	0.5212	0.5209
402.578	24839.91	1.01	0.9227	0.8448	0.7797	0.7255	0.6817	0.6439	0.6169	0.5948	0.5769	0.5644	0.5539	0.547	0.5407	0.5369	0.5334	0.5317	0.5292	0.5276	0.527	0.5262	0.5257	0.5252	0.5245	0.5237	0.5233	0.5233	0.5236	0.5235	0.5229	0.5236	0.5237	0.5239	0.5232	0.5231
403.155	24804.38	1.006	0.918	0.8416	0.7782	0.7248	0.68	0.6435	0.6162	0.594	0.5772	0.5635	0.554	0.5473	0.5401	0.5367	0.5341	0.5319	0.5292	0.5282	0.5273	0.5266	0.5264	0.5252	0.5252	0.5239	0.5242	0.5232	0.5234	0.5242	0.5234	0.524	0.5238	0.5241	0.5243	0.5239
403.731	24768.94	1.006	0.9184	0.842	0.7792	0.7254	0.681	0.6449	0.617	0.5954	0.579	0.565	0.5559	0.5486	0.5418	0.5381	0.5359	0.5336	0.5306	0.53	0.5286	0.5277	0.5281	0.5269	0.5262	0.526	0.5259	0.5255	0.525	0.5257	0.5251	0.5255	0.5255	0.5251	0.5252	0.5253
404.308	24733.61	1.008	0.9205	0.8436	0.7807	0.7261	0.6831	0.6463	0.6187	0.5971	0.5804	0.5671	0.5571	0.5502	0.544	0.5393	0.5375	0.5349	0.532	0.5309	0.5304	0.5294	0.5296	0.5285	0.5276	0.528	0.5279	0.5273	0.5269	0.5277	0.5272	0.5274	0.527	0.5265	0.5268	0.5266
404.885	24698.38	1.006	0.9181	0.8421	0.7801	0.726	0.6827	0.6468	0.6191	0.5974	0.5811	0.5677	0.5576	0.5508	0.5453	0.5405	0.538	0.5359	0.5332	0.5319	0.5311	0.5302	0.5305	0.5293	0.5296	0.5282	0.5287	0.5282	0.5282	0.5288	0.528	0.5285	0.5278	0.5276	0.5279	0.5281
405.462	24663.25	1.001	0.9138	0.8394	0.7781	0.7244	0.6814	0.6466	0.6189	0.5967	0.5808	0.5669	0.5583	0.5509	0.5452	0.5421	0.5379	0.5361	0.5336	0.5328	0.5313	0.5305	0.531	0.5297	0.5306	0.5285	0.5284	0.5285	0.5287	0.5289	0.5281	0.5287	0.5286	0.5283	0.5283	0.5289
406.038	24628.22	0.9968	0.9121	0.838	0.7765	0.7231	0.6813	0.6459	0.619	0.5967	0.5815	0.5673	0.5596	0.5518	0.5452	0.543	0.539	0.5361	0.5345	0.5335	0.5325	0.5314	0.5315	0.531	0.5308	0.5302	0.5295	0.5292	0.5291	0.5296	0.5291	0.5292	0.5297	0.5294	0.5292	0.5297
406.615	24593.29	0.9958	0.9121	0.8376	0.7756	0.7228	0.6818	0.6461	0.6199	0.5985	0.5823	0.569	0.5606	0.5529	0.547	0.5435	0.5402	0.5371	0.5364	0.5343	0.5331	0.5323	0.5323	0.5323	0.5317	0.5314	0.531	0.5306	0.5304	0.5304	0.5305	0.5302	0.5311	0.531	0.5305	0.5306
407.192	24558.46	0.9939	0.9101	0.8358	0.7749	0.7226	0.6815	0.6468	0.6206	0.6	0.5818	0.5699	0.5611	0.5534	0.5483	0.5438	0.5409	0.5382	0.5373	0.5355	0.5339	0.5332	0.5332	0.5326	0.533	0.5318	0.5317	0.5316	0.5317	0.5313	0.5318	0.5314	0.5316	0.5321	0.5317	0.5308
407.768	24523.73	0.9914	0.9078	0.8341	0.7745	0.7228	0.6818	0.6469	0.6205	0.6005	0.5828	0.5709	0.5615	0.5543	0.5483	0.5443	0.5423	0.5395	0.5377	0.5369	0.5355	0.5346	0.5343	0.534	0.5338	0.5327	0.5324	0.5323	0.5324	0.5325	0.5326	0.5327	0.5316	0.5329	0.5325	0.5316
408.345	24489.09	0.9899	0.9067	0.8341	0.7746	0.7229	0.6818	0.647	0.6209	0.6008	0.5838	0.5717	0.5622	0.5555	0.5485	0.5454	0.5423	0.5404	0.5382	0.5371	0.5362	0.5352	0.5358	0.5347	0.534	0.5336	0.5335	0.5334	0.5329	0.5333	0.5334	0.5337	0.5324	0.5335	0.5336	0.5329
408.922	24454.56	0.988	0.9045	0.8329	0.7742	0.7227	0.6805	0.6468	0.6211	0.6004	0.5834	0.5718	0.5627	0.5557	0.5494	0.5459	0.5425	0.5407	0.5386	0.5375	0.5371	0.5355	0.5361	0.534	0.5346	0.5339	0.5347	0.5339	0.5336	0.534	0.5345	0.5336	0.5332	0.5335	0.5336	0.5328
409.498	24420.12	0.9867	0.9034	0.8315	0.7728	0.7217	0.6804	0.6466	0.6207	0.6004	0.5837	0.5722	0.5622	0.5552	0.5506	0.5464	0.5436	0.5408	0.5394	0.5381	0.5375	0.5364	0.5363	0.5348	0.5353	0.5344	0.5345	0.5336	0.534	0.5341	0.5341	0.5334	0.5344	0.5341	0.5336	0.5331
410.075	24385.77	0.9838	0.9024	0.831	0.7727	0.7205	0.6812	0.6476	0.6215	0.6012	0.5848	0.5735	0.5635	0.557	0.5519	0.5478	0.5443	0.5419	0.5407	0.5388	0.5389	0.5372	0.5377	0.5365	0.5365	0.5355	0.5363	0.5352	0.5353	0.5353	0.5349	0.5355	0.5357	0.5354	0.5354	0.5353
410.652	24351.53	0.98	0.8992	0.8283	0.7701	0.7189	0.679	0.6457	0.6213	0.6	0.5847	0.5725	0.5638	0.5565	0.5513	0.5477	0.5448	0.542	0.5399	0.5394	0.5388	0.5376	0.5373	0.5366	0.537	0.5357	0.5361	0.5359	0.5357	0.5353	0.5359	0.5353	0.5355	0.5347	0.5349	0.5351
411.229	24317.37	0.9797	0.8987	0.8283	0.7697	0.72	0.6795	0.6462	0.622	0.6008	0.5854	0.5725	0.5647	0.5573	0.5526	0.5487	0.5461	0.5431	0.5414	0.541	0.5394	0.5391	0.5391	0.538	0.538	0.5371	0.5367	0.537	0.5368	0.536	0.5366	0.5369	0.5362	0.5358	0.5358	0.5361
411.805	24283.32	0.9764	0.8969	0.8265	0.7671	0.7189	0.6789	0.6452	0.6217	0.6007	0.5847	0.5721	0.5643	0.5573	0.5525	0.5483	0.5459	0.5431	0.5411	0.5402	0.539	0.5386	0.539	0.537	0.5371	0.5368	0.5363	0.5364	0.5362	0.5367	0.5368	0.537	0.5366	0.5364	0.5361	0.5364
412.382	24249.36	0.9713	0.8919	0.8232	0.7661	0.7166	0.6769	0.6447	0.6206	0.6009	0.5844	0.5724	0.5638	0.5565	0.5522	0.5475	0.5451	0.5428	0.5405	0.54	0.5391	0.5388	0.5388	0.5384	0.5362	0.5369	0.5366	0.5355	0.5356	0.5361	0.5361	0.5365	0.5368	0.5358	0.5361	0.5352
412.959	24215.50	0.9713	0.8911	0.8222	0.7661	0.717	0.6767	0.6457	0.621	0.6005	0.5849	0.5735	0.5644	0.5573	0.553	0.549	0.5454	0.5446	0.5411	0.5396	0.54	0.5394	0.5395	0.5391	0.5385	0.5387	0.5374	0.5368	0.5374	0.5371	0.5368	0.5368	0.537	0.537	0.5374	0.5359
413.535	24181.72	0.97	0.8904	0.8218	0.7651	0.7164	0.6769	0.6467	0.6206	0.5995	0.5854	0.5736	0.5649	0.5576	0.5537	0.5493	0.5459	0.544	0.5433	0.5417	0.5408	0.5394	0.5393	0.5402	0.5392	0.538	0.5381	0.5379	0.5381	0.5381	0.5374	0.5372	0.5375	0.5373	0.5369	0.5369
414.112	24148.05	0.9664	0.8883	0.8185	0.7629	0.7143	0.6768	0.6438	0.6196	0.6	0.5849	0.5735	0.5648	0.5584	0.5528	0.5496	0.5458	0.5441	0.5428	0.5412	0.5417	0.5394	0.5394	0.5388	0.5388	0.5377	0.538	0.5375	0.5381	0.5383	0.5376	0.5371	0.5377	0.538	0.537	0.5372
414.689	24114.47	0.9624	0.8831	0.8177	0.762	0.7141	0.6756	0.6434	0.6197	0.6003	0.5849	0.5735	0.5652	0.5578	0.5531	0.55	0.547	0.5453	0.5432	0.5416	0.5417	0.5407	0.5396	0.5396	0.5399	0.5383	0.5388	0.5376	0.5381	0.5376	0.5375	0.5378	0.5384	0.5375	0.538	0.5374
415.266	24080.98	0.9573	0.8821	0.8149	0.7583	0.7131	0.6737	0.6427	0.6177	0.5997	0.5836	0.5734	0.5645	0.5583	0.5528	0.549	0.5472	0.5437	0.5431	0.5419	0.5412	0.5399	0.54	0.5385	0.5391	0.5375	0.5383	0.5377	0.5377	0.5382	0.5392	0.5385	0.5385	0.5373	0.5368	0.537
415.842	24047.58	0.9563	0.8793	0.815	0.7589	0.7109	0.6744	0.6428	0.6188	0.599	0.5847	0.5733	0.5644	0.5583	0.5543	0.5509	0.5462	0.5442	0.5435	0.5423	0.5402	0.5405	0.54	0.5392	0.5387	0.5378	0.5387	0.5386	0.5394	0.5387	0.5378	0.5382	0.5385	0.5385	0.538	0.5376
416.419	24014.28	0.9516	0.8747	0.8096	0.7557	0.7099	0.6709	0.6404	0.6174	0.5979	0.5838	0.5717	0.5635	0.5568	0.5515	0.5494	0.5462	0.5443	0.5417	0.5412	0.5407	0.5387	0.5399	0.5382	0.5377	0.5388	0.5378	0.5383	0.5376	0.5376	0.5372	0.5376	0.5381	0.5364	0.537	0.5374
416.996	23981.06	0.9511	0.8721	0.8088	0.754	0.7081	0.6708	0.6403	0.6169	0.5982	0.5835	0.5725	0.565	0.5575	0.5535	0.5495	0.5463	0.5444	0.5423	0.5408	0.5409	0.5413	0.5393	0.5391	0.54	0.5386	0.5381	0.5382	0.5376	0.5395	0.5388	0.5388	0.5389	0.5383	0.5377	0.5376
417.572	23947.94	0.9389	0.8644	0.8012	0.7479	0.7028	0.6649	0.6375	0.6135	0.5953	0.579	0.569	0.5625	0.5547	0.5508	0.5467	0.543	0.542	0.5396	0.5388	0.5382	0.5376	0.5374	0.5377	0.5375	0.5364	0.5363	0.535	0.5362	0.5348	0.5349	0.5368	0.5363	0.5362	0.535	0.5355
418.149	23914.91	0.9408	0.8661	0.8019	0.7495	0.7034	0.6669	0.6365	0.6135	0.5964	0.5818	0.5713	0.5623	0.5556	0.5514	0.5478	0.5449	0.5433	0.5414	0.5401	0.5401	0.5383	0.5392	0.5388	0.5369	0.5369	0.5374	0.5375	0.5371	0.537	0.5365	0.5358	0.5377	0.5374	0.536	0.5367
418.726	23881.98	0.9313	0.8595	0.7973	0.7436	0.6999	0.6627	0.6321	0.6102	0.5925	0.5778	0.5682	0.5597	0.5536	0.5487	0.5457	0.5428	0.5404	0.5391	0.5383	0.5378	0.5362	0.5363	0.5353	0.5354	0.5336	0.5341	0.5348	0.5341	0.5342	0.5346	0.5355	0.5356	0.5344	0.5353	0.5344
419.303	23849.13	0.9291	0.857	0.7947	0.743	0.6988	0.6634	0.634	0.6119	0.5926	0.5791	0.5695	0.5602	0.5549	0.5503	0.5453	0.5431	0.542	0.5415	0.5395	0.5384	0.5377	0.5374	0.537	0.5364	0.5362	0.5356	0.5362	0.5354	0.5362	0.5362	0.5365	0.5355	0.5352	0.5354	0.5353
419.879	23816.37	0.9256	0.8534	0.7909	0.7404	0.6969	0.661	0.632	0.6095	0.5907	0.5769	0.5673	0.5588	0.5533	0.5487	0.5448	0.5419	0.5411	0.5384	0.5379	0.5364	0.5362	0.5362	0.5353	0.5358	0.5351	0.5337	0.5344	0.5343	0.5353	0.5346	0.5346	0.5337	0.5339	0.5336	0.5343
420.456	23783.70	0.9218	0.8511	0.7883	0.7387	0.6944	0.6584	0.6303	0.6087	0.5911	0.5767	0.5677	0.5582	0.5523	0.5483	0.5441	0.542	0.5393	0.5386	0.5376	0.5367	0.5351	0.5359	0.5349	0.5347	0.5343	0.5338	0.5344	0.5333	0.5349	0.5336	0.5341	0.5342	0.5339	0.5328	0.5326
421.033	23751.13	0.915	0.8452	0.7849	0.7343	0.6917	0.6566	0.6285	0.6073	0.5882	0.576	0.5656	0.5571	0.5513	0.5472	0.5435	0.5411	0.5401	0.5373	0.5373	0.536	0.5356	0.5352	0.534	0.5342	0.5337	0.5332	0.5342	0.5332	0.5335	0.5327	0.5334	0.5333	0.5331	0.5334	0.5325
421.609	23718.64	0.9107	0.8411	0.7811	0.7319	0.6889	0.6548	0.6274	0.6057	0.5869	0.5744	0.5642	0.5558	0.5503	0.5455	0.5431	0.5404	0.5378	0.537	0.5362	0.5349	0.5349	0.5344	0.5332	0.5331	0.5336	0.532	0.5322	0.5321	0.5328	0.5324	0.5322	0.5324	0.5325	0.5322	0.5324
422.186	23686.24	0.9035	0.8349	0.7758	0.7267	0.6843	0.6499	0.6229	0.6022	0.5843	0.571	0.5613	0.5529	0.5479	0.5427	0.5408	0.5376	0.5354	0.5342	0.5332	0.5326	0.5324	0.5316	0.5318	0.5315	0.531	0.5307	0.5303	0.5295	0.5299	0.5293	0.5296	0.5296	0.5307	0.5304	0.5299
422.763	23653.93	0.8983	0.831	0.7726	0.7239	0.6819	0.6481	0.6214	0.5998	0.5819	0.5694	0.5595	0.5527	0.546	0.5416	0.5395	0.5359	0.5349	0.5336	0.5317	0.5319	0.5318	0.5301	0.5308	0.5305	0.53	0.5298	0.5293	0.5295	0.5288	0.5281	0.5291	0.5286	0.529	0.5296	0.5291
423.339	23621.70	0.8907	0.8239	0.7666	0.719	0.6781	0.6441	0.6181	0.5968	0.5803	0.5673	0.5579	0.5504	0.5442	0.5399	0.537	0.5343	0.5328	0.5314	0.5305	0.5304	0.5293	0.5285	0.5282	0.5278	0.5282	0.5281	0.5277	0.5273	0.527	0.5266	0.5271	0.5267	0.528	0.5278	0.5272
423.916	23589.57	0.8855	0.8181	0.7626	0.7145	0.6752	0.6418	0.6161	0.5946	0.579	0.5661	0.5572	0.5488	0.5436	0.5382	0.5352	0.5333	0.5323	0.5298	0.5298	0.5292	0.5274	0.528	0.5269	0.5266	0.5264	0.5265	0.5259	0.5256	0.526	0.5251	0.5257	0.5256	0.5278	0.5261	0.5264
424.493	23557.52	0.8798	0.8136	0.7587	0.7116	0.6726	0.6403	0.6133	0.5926	0.5776	0.5648	0.5552	0.5481	0.5419	0.5381	0.5348	0.5326	0.5314	0.5296	0.5291	0.528	0.5268	0.527	0.5264	0.5258	0.5257	0.526	0.5258	0.5248	0.526	0.5248	0.5252	0.526	0.5265	0.5251	0.5256
425.070	23525.56	0.8726	0.809	0.7535	0.7071	0.6686	0.6368	0.6104	0.5907	0.5751	0.5627	0.5533	0.5461	0.5402	0.5363	0.5335	0.5308	0.5289	0.5275	0.5272	0.5263	0.5241	0.5254	0.5245	0.5242	0.5238	0.5241	0.5243	0.5232	0.5238	0.5232	0.5237	0.5245	0.5244	0.5238	0.5238
425.646	23493.68	0.8633	0.801	0.7466	0.7009	0.663	0.6316	0.6067	0.5862	0.5713	0.5587	0.5495	0.5428	0.538	0.5337	0.5303	0.5277	0.5261	0.5248	0.5242	0.5238	0.5216	0.5226	0.5219	0.5219	0.5208	0.5211	0.521	0.5212	0.5205	0.521	0.5215	0.5216	0.5212	0.5207	0.5208
426.223	23461.89	0.8551	0.7927	0.74	0.6962	0.6581	0.627	0.6026	0.5831	0.5682	0.5551	0.5462	0.5396	0.5359	0.5311	0.5277	0.5252	0.5242	0.522	0.5217	0.5215	0.5195	0.5198	0.5199	0.5195	0.5191	0.5189	0.5185	0.5186	0.5182	0.5191	0.5191	0.5192	0.5187	0.5181	0.5178
426.800	23430.19	0.8497	0.7878	0.7364	0.693	0.6554	0.6255	0.6002	0.581	0.5664	0.5539	0.5452	0.5385	0.5345	0.5291	0.5262	0.5249	0.5226	0.5207	0.5208	0.52	0.5188	0.5188	0.518	0.5189	0.5188	0.5181	0.5171	0.5175	0.5172	0.5185	0.5175	0.5181	0.5179	0.517	0.5168
427.376	23398.57	0.8436	0.7827	0.732	0.6881	0.6517	0.6226	0.5978	0.5778	0.5636	0.5521	0.5428	0.5364	0.5322	0.5266	0.5246	0.5226	0.5207	0.5196	0.5188	0.5182	0.5172	0.5178	0.5165	0.5177	0.5165	0.516	0.5153	0.5159	0.5154	0.5161	0.5159	0.5155	0.516	0.5153	0.5156
427.953	23367.04	0.8351	0.7758	0.725	0.6828	0.6468	0.6177	0.5934	0.5747	0.5604	0.5488	0.5397	0.5329	0.5293	0.524	0.5223	0.5198	0.5187	0.5168	0.516	0.5157	0.5145	0.5154	0.5141	0.515	0.5136	0.5137	0.5133	0.5129	0.513	0.5127	0.5137	0.5126	0.5136	0.5131	0.5129
428.530	23335.60	0.8266	0.7692	0.7186	0.678	0.6422	0.6136	0.5888	0.5715	0.5573	0.546	0.5372	0.5305	0.5264	0.522	0.5194	0.5178	0.5156	0.514	0.5138	0.5131	0.5126	0.5123	0.5117	0.5122	0.5113	0.5115	0.511	0.5103	0.5105	0.5105	0.5108	0.5108	0.5112	0.511	0.5102
429.107	23304.23	0.8192	0.7632	0.7134	0.673	0.6375	0.6093	0.5858	0.5677	0.5539	0.5435	0.5343	0.5286	0.5235	0.5195	0.517	0.5148	0.5129	0.5118	0.5115	0.5107	0.5101	0.5096	0.5097	0.5096	0.5088	0.5088	0.5087	0.5082	0.5078	0.5081	0.5079	0.5087	0.5085	0.5086	0.5081
429.683	23272.96	0.8116	0.7566	0.7075	0.6677	0.6325	0.6053	0.5825	0.5639	0.5511	0.54	0.5316	0.5261	0.5207	0.5171	0.5148	0.5124	0.5111	0.5093	0.5089	0.5086	0.5074	0.5081	0.5072	0.5073	0.5062	0.506	0.5066	0.5057	0.5058	0.5062	0.5062	0.5065	0.5064	0.5056	0.506
430.260	23241.76	0.8041	0.7491	0.7015	0.6621	0.6281	0.6012	0.5787	0.5608	0.5482	0.5367	0.5295	0.5232	0.5183	0.5146	0.5124	0.5108	0.5091	0.5073	0.5066	0.5065	0.5055	0.5059	0.5059	0.5049	0.5042	0.5036	0.5042	0.5032	0.5041	0.5045	0.5042	0.5038	0.5042	0.5032	0.5034
430.837	23210.65	0.7962	0.742	0.6959	0.6571	0.6239	0.5971	0.5754	0.5577	0.5445	0.534	0.5267	0.5204	0.5163	0.5125	0.5098	0.5084	0.5076	0.5056	0.5046	0.5052	0.5035	0.5031	0.5037	0.5022	0.5025	0.5023	0.5018	0.5021	0.5021	0.5017	0.5018	0.5011	0.502	0.5012	0.5017
431.413	23179.62	0.7854	0.7339	0.6879	0.6503	0.6179	0.5923	0.5699	0.5536	0.5404	0.5309	0.5222	0.5168	0.5134	0.5093	0.5063	0.5045	0.504	0.5019	0.5012	0.5021	0.4995	0.5003	0.4994	0.4995	0.4989	0.4986	0.499	0.4986	0.4988	0.4987	0.4993	0.4981	0.4985	0.4978	0.4991
431.990	23148.68	0.7757	0.7259	0.6804	0.6441	0.6124	0.5865	0.5661	0.5494	0.5362	0.5271	0.5188	0.514	0.5095	0.5062	0.5045	0.5025	0.5011	0.4988	0.4983	0.4984	0.4958	0.4972	0.4966	0.4975	0.497	0.4954	0.4968	0.4953	0.4953	0.4965	0.4961	0.4957	0.496	0.4958	0.4954
432.567	23117.81	0.7688	0.7186	0.673	0.6391	0.6067	0.5821	0.5618	0.5455	0.5334	0.5237	0.5164	0.5105	0.5068	0.5039	0.5015	0.4995	0.4988	0.4968	0.4956	0.4959	0.4938	0.495	0.4939	0.4942	0.4938	0.4931	0.4935	0.4934	0.4931	0.4929	0.4935	0.4933	0.4928	0.4925	0.4932
433.144	23087.03	0.758	0.7094	0.6664	0.6319	0.6005	0.5773	0.5575	0.5415	0.5295	0.519	0.5119	0.5072	0.5026	0.4997	0.4979	0.4955	0.4939	0.4934	0.4918	0.4923	0.4919	0.4921	0.4902	0.4904	0.49	0.4897	0.4895	0.4897	0.4896	0.4896	0.4901	0.4894	0.4894	0.489	0.4906
433.720	23056.34	0.7514	0.704	0.6609	0.6266	0.5976	0.5737	0.5541	0.5387	0.5272	0.5168	0.5097	0.5055	0.5	0.4978	0.4956	0.4933	0.4926	0.4907	0.49	0.4897	0.4895	0.4901	0.4891	0.4892	0.4882	0.4873	0.488	0.4874	0.4875	0.4879	0.4871	0.4868	0.4872	0.4871	0.4877
434.297	23025.72	0.7411	0.6941	0.6513	0.6194	0.5903	0.5676	0.5479	0.533	0.5216	0.5119	0.5051	0.5011	0.4961	0.4941	0.4908	0.4895	0.4875	0.4871	0.4858	0.4854	0.4839	0.4851	0.4858	0.4849	0.484	0.4852	0.4845	0.4841	0.4835	0.4841	0.4836	0.4838	0.4834	0.4833	0.4831
434.874	22995.18	0.7307	0.6863	0.647	0.6134	0.585	0.5621	0.5437	0.5293	0.5168	0.5084	0.5021	0.4969	0.4941	0.49	0.4876	0.4863	0.4848	0.4838	0.4831	0.4826	0.4823	0.4822	0.4818	0.4823	0.4804	0.4815	0.4806	0.4804	0.4811	0.4809	0.4803	0.482	0.4806	0.4801	0.4806
435.450	22964.73	0.7224	0.6783	0.6388	0.6067	0.5797	0.5577	0.5382	0.5241	0.5131	0.5046	0.4987	0.4935	0.4906	0.4871	0.484	0.4833	0.4822	0.4806	0.4803	0.4797	0.48	0.4788	0.4782	0.4789	0.4772	0.4775	0.4774	0.4784	0.4779	0.4777	0.478	0.4783	0.4775	0.4771	0.4769
436.027	22934.35	0.7104	0.669	0.6305	0.6	0.5723	0.5513	0.5323	0.5195	0.5082	0.4992	0.4928	0.4897	0.4854	0.4824	0.4802	0.4801	0.4782	0.4775	0.476	0.4748	0.4752	0.4757	0.4743	0.4749	0.475	0.4746	0.4744	0.474	0.474	0.4737	0.4745	0.4743	0.4742	0.4727	0.4742
436.604	22904.06	0.7064	0.6611	0.6235	0.5947	0.5659	0.547	0.5295	0.5159	0.5055	0.4968	0.4901	0.4868	0.4824	0.4789	0.4778	0.4774	0.4759	0.4745	0.4741	0.4732	0.4734	0.4727	0.4722	0.4727	0.472	0.4721	0.4707	0.4719	0.4719	0.4715	0.4712	0.4714	0.4708	0.4709	0.4712
437.181	22873.85	0.6914	0.6511	0.6123	0.5842	0.5581	0.5384	0.5223	0.5083	0.4986	0.4894	0.4841	0.4797	0.476	0.4731	0.4717	0.4706	0.4694	0.4692	0.4681	0.4671	0.4677	0.4675	0.4661	0.4665	0.4659	0.4653	0.4652	0.4655	0.465	0.4651	0.4649	0.4652	0.4653	0.4657	0.4651
437.757	22843.71	0.6815	0.6415	0.6061	0.5775	0.5534	0.532	0.5171	0.5035	0.4945	0.4876	0.4795	0.4766	0.4739	0.4705	0.4692	0.467	0.4658	0.4639	0.4647	0.4636	0.4635	0.4644	0.4627	0.4632	0.4629	0.4625	0.4628	0.4625	0.4625	0.4621	0.4617	0.463	0.4617	0.4621	0.4619
438.334	22813.66	0.6719	0.6334	0.599	0.5718	0.5468	0.5276	0.5126	0.5003	0.4901	0.4831	0.4772	0.4726	0.4689	0.4673	0.4646	0.464	0.4623	0.4616	0.4616	0.461	0.4594	0.46	0.4596	0.4599	0.459	0.4596	0.4588	0.459	0.4586	0.4586	0.4587	0.4592	0.4593	0.4579	0.4588
438.911	22783.68	0.6626	0.6245	0.5907	0.5645	0.5396	0.5216	0.506	0.4941	0.4868	0.479	0.4744	0.4684	0.4659	0.4641	0.4608	0.461	0.4597	0.4579	0.4577	0.4581	0.4568	0.4557	0.4566	0.4556	0.4554	0.4548	0.4569	0.454	0.4553	0.4542	0.4564	0.4553	0.4561	0.4555	0.4555
439.487	22753.78	0.648	0.6119	0.5808	0.5562	0.5336	0.516	0.4997	0.4887	0.4797	0.4716	0.4675	0.4629	0.4605	0.4569	0.4556	0.4555	0.4525	0.4543	0.4532	0.4518	0.4518	0.4519	0.4525	0.4519	0.4501	0.4503	0.4501	0.45	0.4503	0.4495	0.451	0.4503	0.4513	0.4501	0.4512
440.064	22723.96	0.6382	0.6028	0.571	0.5469	0.5249	0.5086	0.4949	0.4835	0.4746	0.4672	0.4617	0.4581	0.4558	0.4532	0.4517	0.45	0.4497	0.4484	0.4475	0.4488	0.4471	0.4473	0.4469	0.4469	0.4469	0.4461	0.4462	0.4474	0.4458	0.447	0.4463	0.4461	0.4454	0.4463	0.4459
440.641	22694.22	0.6301	0.5958	0.5659	0.5421	0.5198	0.5034	0.4898	0.4805	0.4714	0.4648	0.4599	0.4568	0.4528	0.4502	0.4491	0.448	0.447	0.4461	0.4456	0.4458	0.445	0.4457	0.4439	0.4435	0.444	0.444	0.4434	0.4435	0.444	0.4432	0.4441	0.4446	0.4437	0.4429	0.443
441.217	22664.56	0.6188	0.5871	0.5576	0.5334	0.5128	0.4976	0.4843	0.4723	0.4652	0.4598	0.4551	0.4505	0.448	0.4462	0.4441	0.4433	0.4421	0.4411	0.4404	0.441	0.4399	0.44	0.4407	0.4401	0.4384	0.4385	0.4393	0.4398	0.4386	0.4391	0.439	0.4402	0.4379	0.4384	0.4388
441.794	22634.97	0.6108	0.5778	0.5499	0.5276	0.5091	0.4933	0.4795	0.4705	0.4621	0.4561	0.4515	0.4474	0.4454	0.4433	0.4416	0.4402	0.4395	0.4384	0.4371	0.4373	0.4373	0.4363	0.437	0.4377	0.4356	0.4372	0.4361	0.4354	0.436	0.4356	0.4365	0.4366	0.4364	0.4356	0.4364
442.371	22605.47	0.5965	0.5658	0.5404	0.518	0.4998	0.4848	0.4726	0.4638	0.4553	0.4497	0.4451	0.4414	0.439	0.4376	0.4357	0.435	0.4336	0.4342	0.4323	0.4319	0.432	0.4315	0.431	0.4314	0.4316	0.4313	0.431	0.4311	0.4321	0.4312	0.4309	0.4304	0.4314	0.4311	0.4307
442.948	22576.03	0.5875	0.5591	0.5329	0.5114	0.4937	0.4805	0.4667	0.4592	0.4511	0.4459	0.4412	0.4381	0.436	0.4333	0.4326	0.4314	0.4313	0.4297	0.4296	0.4298	0.4285	0.4297	0.4282	0.4285	0.4283	0.4279	0.4278	0.4275	0.4284	0.4266	0.4278	0.4283	0.4281	0.4272	0.4281
443.524	22546.68	0.5762	0.5494	0.524	0.5043	0.4867	0.4735	0.4612	0.4529	0.4451	0.4412	0.4364	0.4328	0.4312	0.428	0.4272	0.4271	0.426	0.4258	0.4256	0.4246	0.4235	0.424	0.4242	0.4238	0.4238	0.4235	0.4231	0.4232	0.4238	0.4232	0.4239	0.4238	0.4229	0.4234	0.4238
444.101	22517.40	0.5658	0.5394	0.5155	0.4974	0.4802	0.4667	0.4569	0.4469	0.4411	0.4357	0.431	0.4286	0.4269	0.4242	0.4235	0.4222	0.4215	0.421	0.4211	0.4209	0.4194	0.4202	0.4198	0.4202	0.4188	0.4188	0.4191	0.4188	0.4194	0.4191	0.4195	0.4194	0.4186	0.418	0.4195
444.678	22488.20	0.5547	0.5293	0.5071	0.489	0.4731	0.4613	0.4503	0.4416	0.4353	0.4303	0.427	0.4247	0.4225	0.4208	0.4191	0.4187	0.4174	0.417	0.4167	0.4164	0.4158	0.4167	0.4158	0.4163	0.4153	0.4153	0.4144	0.4152	0.4151	0.4148	0.4155	0.4149	0.415	0.4145	0.416
445.254	22459.07	0.5429	0.5185	0.4977	0.48	0.4649	0.4542	0.4435	0.4355	0.4294	0.4249	0.4215	0.4186	0.417	0.4148	0.4141	0.4132	0.412	0.4114	0.4122	0.4108	0.411	0.4114	0.4107	0.4107	0.4104	0.4105	0.409	0.4102	0.4103	0.4097	0.4101	0.4102	0.4109	0.4108	0.4105
445.831	22430.02	0.5329	0.5099	0.4888	0.4724	0.4585	0.4477	0.4383	0.4297	0.4242	0.4197	0.4168	0.4134	0.4126	0.4104	0.4098	0.4084	0.4086	0.4078	0.4074	0.4067	0.4068	0.4072	0.4059	0.406	0.4061	0.4061	0.4046	0.406	0.4056	0.4057	0.4057	0.4053	0.4062	0.4063	0.4058
446.408	22401.04	0.522	0.4997	0.4803	0.4644	0.451	0.4404	0.4316	0.424	0.4192	0.4143	0.4112	0.4086	0.4076	0.4054	0.4049	0.4037	0.4039	0.4023	0.403	0.4017	0.4026	0.4026	0.4016	0.4015	0.401	0.4008	0.4007	0.4017	0.401	0.4005	0.4014	0.4002	0.4006	0.4012	0.4004
446.985	22372.14	0.5105	0.4899	0.4716	0.4568	0.4445	0.4339	0.4244	0.4181	0.4133	0.4091	0.4062	0.4042	0.4028	0.4004	0.4002	0.3998	0.3991	0.3979	0.3982	0.3977	0.3977	0.3981	0.3974	0.397	0.3965	0.3962	0.3967	0.397	0.3963	0.3961	0.3968	0.3964	0.3968	0.3969	0.3964
447.561	22343.31	0.4994	0.4794	0.4632	0.4498	0.4375	0.4288	0.4188	0.4134	0.4088	0.4041	0.4017	0.4001	0.3977	0.3969	0.3955	0.3951	0.3952	0.3937	0.3939	0.3941	0.3929	0.3935	0.3933	0.3935	0.3926	0.392	0.3929	0.3928	0.3923	0.3922	0.3928	0.3925	0.3924	0.3929	0.3928
448.138	22314.56	0.4885	0.4695	0.4541	0.4411	0.4301	0.4214	0.4131	0.4072	0.4031	0.3986	0.3966	0.3951	0.3925	0.3924	0.3911	0.3905	0.3905	0.3887	0.3892	0.3889	0.3881	0.3888	0.3885	0.3883	0.3883	0.3881	0.3874	0.3883	0.3876	0.3879	0.388	0.3875	0.388	0.3877	0.3874
448.715	22285.88	0.4779	0.4601	0.4458	0.4335	0.4232	0.4141	0.4065	0.4017	0.3972	0.3937	0.3918	0.3893	0.388	0.3867	0.3871	0.3864	0.3857	0.3845	0.3848	0.3841	0.3846	0.3849	0.3842	0.3838	0.3837	0.3837	0.3829	0.3841	0.3838	0.3837	0.3833	0.3835	0.384	0.3828	0.3836
449.291	22257.27	0.4678	0.4515	0.4374	0.4258	0.4158	0.4079	0.401	0.3963	0.3921	0.3889	0.3864	0.3845	0.3838	0.3819	0.3822	0.3821	0.3807	0.3807	0.3806	0.3797	0.3799	0.381	0.3802	0.3795	0.3791	0.3795	0.3798	0.3793	0.3798	0.3795	0.3793	0.3791	0.3796	0.3789	0.3801
449.868	22228.74	0.4571	0.4426	0.4282	0.4179	0.4083	0.4014	0.3951	0.3905	0.387	0.3836	0.3808	0.3799	0.3786	0.3776	0.3767	0.377	0.376	0.3757	0.3758	0.3755	0.3748	0.3762	0.3756	0.3751	0.3752	0.3749	0.3754	0.3745	0.3749	0.3742	0.3755	0.374	0.3741	0.3743	0.3747
450.445	22200.28	0.4462	0.4332	0.4195	0.4107	0.402	0.3947	0.3893	0.3849	0.382	0.3789	0.3766	0.3748	0.3742	0.3728	0.3723	0.3722	0.3715	0.3716	0.3714	0.3707	0.3704	0.3708	0.3711	0.3714	0.3708	0.3706	0.3703	0.3699	0.3702	0.3699	0.3711	0.3693	0.3697	0.37	0.3703
451.022	22171.89	0.4347	0.4222	0.4108	0.402	0.3946	0.3878	0.3831	0.3784	0.3758	0.3733	0.3714	0.3694	0.3689	0.3672	0.3669	0.3669	0.3659	0.3668	0.3666	0.3655	0.365	0.3653	0.3658	0.3665	0.365	0.3657	0.3651	0.365	0.365	0.3656	0.3654	0.365	0.3645	0.3653	0.3654
451.598	22143.58	0.4238	0.4125	0.4035	0.3951	0.3877	0.3823	0.3772	0.373	0.3705	0.3681	0.3668	0.3654	0.3649	0.3634	0.3625	0.3631	0.3626	0.3621	0.3624	0.3619	0.3612	0.3619	0.3619	0.3619	0.361	0.361	0.3613	0.3613	0.3611	0.3611	0.361	0.3615	0.3606	0.361	0.3613
452.175	22115.33	0.4139	0.4042	0.3956	0.3884	0.3814	0.3765	0.3716	0.3676	0.3654	0.3635	0.3621	0.3613	0.3614	0.3595	0.3589	0.3593	0.3592	0.3583	0.3583	0.3581	0.3575	0.3581	0.3576	0.3573	0.3575	0.3571	0.3573	0.3571	0.3571	0.3567	0.3571	0.3572	0.3574	0.3572	0.3573
452.752	22087.16	0.4031	0.3943	0.3859	0.3795	0.3735	0.3687	0.365	0.3617	0.3589	0.3576	0.3559	0.3559	0.3553	0.3539	0.3534	0.3534	0.3535	0.3534	0.3529	0.3525	0.3522	0.3527	0.3516	0.3519	0.352	0.3522	0.3521	0.3519	0.3514	0.352	0.3519	0.3518	0.3518	0.3522	0.3515
453.328	22059.07	0.3925	0.3848	0.3773	0.3718	0.3662	0.3623	0.3587	0.3561	0.3533	0.3522	0.3508	0.3506	0.3499	0.3494	0.3485	0.3486	0.3485	0.348	0.348	0.3478	0.3476	0.348	0.3474	0.3479	0.3474	0.3468	0.3478	0.347	0.3469	0.3474	0.3475	0.3472	0.3468	0.3471	0.3469
453.905	22031.04	0.3826	0.3752	0.3687	0.3642	0.3593	0.3563	0.3525	0.3496	0.3486	0.3473	0.3455	0.3451	0.345	0.3445	0.3441	0.344	0.3436	0.343	0.343	0.3437	0.343	0.3429	0.3433	0.3435	0.3429	0.3425	0.3431	0.3422	0.3424	0.342	0.3426	0.3428	0.3425	0.3421	0.3418
454.482	22003.08	0.3725	0.3665	0.3606	0.3567	0.3527	0.3496	0.3467	0.3449	0.3443	0.3426	0.3412	0.3407	0.3407	0.3397	0.3396	0.3393	0.3392	0.3398	0.3383	0.3394	0.3389	0.3386	0.339	0.3389	0.339	0.3385	0.3386	0.3383	0.3379	0.3377	0.3379	0.338	0.3387	0.3381	0.3373
455.058	21975.20	0.3625	0.3584	0.3528	0.3498	0.3467	0.3445	0.3419	0.3395	0.339	0.338	0.3371	0.3368	0.3358	0.3357	0.3347	0.3344	0.335	0.3354	0.3349	0.3345	0.3345	0.3347	0.3342	0.3347	0.3349	0.3341	0.334	0.3342	0.3334	0.334	0.3337	0.3338	0.3344	0.3345	0.3335
455.635	21947.38	0.3531	0.3493	0.3456	0.3432	0.3404	0.3384	0.3369	0.334	0.3336	0.3332	0.3323	0.3326	0.3313	0.3316	0.3305	0.3314	0.331	0.3305	0.3305	0.3307	0.3301	0.3306	0.331	0.3308	0.3303	0.3308	0.3294	0.3302	0.3298	0.3301	0.3305	0.3298	0.3301	0.3297	0.33
456.212	21919.64	0.3427	0.3407	0.337	0.3351	0.3335	0.3313	0.3299	0.3292	0.3279	0.327	0.3263	0.3269	0.3266	0.3257	0.3261	0.3256	0.3262	0.325	0.3252	0.3265	0.3246	0.3257	0.3259	0.325	0.3253	0.3255	0.3243	0.3251	0.3247	0.3247	0.3262	0.3247	0.3252	0.3249	0.325
456.789	21891.96	0.3313	0.3303	0.3273	0.3261	0.3249	0.3237	0.3224	0.3216	0.3217	0.3209	0.3197	0.32	0.3198	0.3197	0.32	0.319	0.3195	0.3191	0.3195	0.3198	0.3194	0.3196	0.3191	0.3195	0.3189	0.3187	0.3187	0.3189	0.3183	0.3183	0.3192	0.3185	0.3191	0.3181	0.3187
457.365	21864.36	0.3231	0.3218	0.3202	0.3203	0.3189	0.3176	0.3174	0.3166	0.316	0.3169	0.3154	0.316	0.316	0.3156	0.3152	0.3149	0.315	0.3151	0.3157	0.3161	0.3148	0.3156	0.3155	0.316	0.3153	0.3153	0.3155	0.3148	0.315	0.3148	0.3151	0.3155	0.3152	0.3146	0.3149
457.942	21836.82	0.3142	0.3138	0.3128	0.3134	0.3125	0.3123	0.3124	0.3117	0.312	0.3122	0.3117	0.3114	0.3115	0.3114	0.3119	0.3115	0.3113	0.3109	0.3114	0.3113	0.3108	0.312	0.3119	0.3112	0.311	0.3106	0.3107	0.3112	0.3108	0.3109	0.3113	0.3122	0.311	0.3107	0.3111
458.519	21809.36	0.3047	0.3047	0.3049	0.3056	0.3057	0.3063	0.3057	0.3059	0.3061	0.3053	0.3062	0.3059	0.3068	0.3065	0.3061	0.3064	0.3056	0.3067	0.3061	0.3062	0.3057	0.3067	0.3065	0.3069	0.3063	0.306	0.3066	0.3069	0.3059	0.3063	0.3065	0.306	0.3058	0.3059	0.3059
459.095	21781.96	0.2943	0.296	0.2965	0.298	0.2977	0.2992	0.2998	0.2998	0.2995	0.3003	0.3002	0.3009	0.3014	0.3013	0.3003	0.3006	0.3011	0.3016	0.302	0.3014	0.3014	0.3011	0.3011	0.3013	0.3008	0.3013	0.3005	0.3015	0.3006	0.3013	0.3013	0.3007	0.3007	0.3014	0.3011
459.672	21754.63	0.2866	0.2886	0.2896	0.2921	0.292	0.2942	0.2951	0.295	0.2954	0.2952	0.2962	0.2973	0.2958	0.2973	0.2974	0.2971	0.2973	0.2978	0.2964	0.2973	0.2971	0.2973	0.2974	0.2976	0.2968	0.2969	0.2964	0.2975	0.2969	0.2965	0.2961	0.2966	0.2968	0.2962	0.296
460.249	21727.38	0.2784	0.28	0.2834	0.2846	0.2863	0.2893	0.2901	0.2896	0.29	0.2907	0.2915	0.292	0.2915	0.2919	0.2928	0.2929	0.2932	0.2935	0.2925	0.2929	0.2919	0.2943	0.2931	0.2934	0.2924	0.2923	0.2924	0.2933	0.2923	0.2933	0.2925	0.2926	0.2924	0.2925	0.2925
460.826	21700.18	0.2682	0.2737	0.2758	0.2789	0.2817	0.2835	0.2842	0.2855	0.2859	0.2866	0.2872	0.2878	0.2879	0.2884	0.2885	0.2891	0.2882	0.2898	0.2893	0.2888	0.2889	0.2896	0.2889	0.2888	0.2883	0.2888	0.2888	0.29	0.2888	0.2891	0.289	0.2891	0.2891	0.2887	0.289
461.402	21673.06	0.2609	0.2666	0.2696	0.2734	0.2756	0.2782	0.2803	0.281	0.2814	0.2827	0.2835	0.2843	0.2844	0.2842	0.2856	0.2847	0.2852	0.286	0.2871	0.2858	0.286	0.2859	0.2852	0.2854	0.2857	0.285	0.2845	0.2862	0.2855	0.2846	0.2858	0.2849	0.2854	0.285	0.2846
461.979	21646.01	0.2496	0.2562	0.2595	0.2646	0.2667	0.2698	0.2713	0.2733	0.2746	0.2748	0.2761	0.2771	0.2765	0.2771	0.2779	0.2781	0.2781	0.2787	0.2785	0.2787	0.2785	0.2782	0.2786	0.2778	0.2783	0.2782	0.2782	0.278	0.2777	0.2775	0.2778	0.2778	0.2776	0.2768	0.2781
462.556	21619.02	0.2418	0.2479	0.2523	0.2569	0.2607	0.2634	0.2656	0.2666	0.2682	0.2703	0.2706	0.2721	0.2725	0.2727	0.2729	0.273	0.273	0.2734	0.2733	0.2745	0.2719	0.2747	0.2745	0.2735	0.2737	0.2733	0.2736	0.273	0.2734	0.2736	0.2735	0.2732	0.2728	0.2725	0.2733
463.132	21592.10	0.2321	0.2395	0.2453	0.2503	0.2543	0.2586	0.2599	0.2627	0.2637	0.2656	0.2657	0.2682	0.2681	0.2682	0.2684	0.2683	0.2675	0.2682	0.2688	0.2688	0.2673	0.2688	0.2693	0.268	0.2687	0.269	0.2683	0.2684	0.269	0.2684	0.2688	0.2688	0.2684	0.2688	0.2684
463.709	21565.24	0.2238	0.2327	0.2382	0.2446	0.2487	0.2522	0.2543	0.2569	0.2591	0.2612	0.2613	0.2617	0.2639	0.2636	0.2628	0.2644	0.2644	0.2636	0.2642	0.2646	0.2646	0.2652	0.2641	0.2647	0.2658	0.2648	0.2643	0.2643	0.2645	0.2641	0.2652	0.265	0.2645	0.2643	0.2659
464.286	21538.46	0.217	0.2244	0.2327	0.238	0.2432	0.2466	0.2498	0.2525	0.2544	0.2564	0.2568	0.2589	0.2595	0.2595	0.2592	0.2606	0.2602	0.2601	0.2606	0.2611	0.2601	0.2619	0.2606	0.2612	0.2601	0.2603	0.2599	0.2604	0.2604	0.2597	0.2607	0.2603	0.2599	0.2602	0.2603
464.863	21511.74	0.2079	0.2184	0.226	0.232	0.2374	0.2417	0.2453	0.2471	0.2492	0.2514	0.2522	0.2539	0.2537	0.2546	0.2545	0.2551	0.2559	0.2555	0.2566	0.2571	0.2564	0.2567	0.2562	0.2561	0.2561	0.2561	0.2561	0.2559	0.2567	0.2561	0.2564	0.2563	0.2561	0.2571	0.2563
465.439	21485.08	0.2006	0.2104	0.2186	0.2257	0.2305	0.2351	0.2396	0.2427	0.2442	0.2459	0.2477	0.2487	0.249	0.2501	0.2495	0.2499	0.2503	0.2508	0.2506	0.2513	0.2525	0.252	0.2517	0.2507	0.2511	0.2511	0.2511	0.2512	0.2519	0.252	0.2513	0.2511	0.2514	0.2503	0.2508
466.016	21458.49	0.1934	0.2039	0.2118	0.2199	0.2263	0.2303	0.2346	0.2371	0.2402	0.2419	0.2431	0.2436	0.245	0.2459	0.2457	0.2464	0.2472	0.2469	0.2468	0.2478	0.2468	0.2466	0.2479	0.2475	0.2465	0.2467	0.2472	0.2474	0.2464	0.2468	0.2471	0.2465	0.2477	0.2473	0.2468
466.593	21431.97	0.1861	0.1978	0.2068	0.2141	0.22	0.2255	0.2299	0.2329	0.2357	0.2368	0.2387	0.2396	0.2414	0.2412	0.2412	0.2415	0.2429	0.2419	0.2426	0.2438	0.2425	0.2433	0.2435	0.2434	0.2437	0.2425	0.2427	0.243	0.2432	0.2426	0.2423	0.2436	0.2433	0.243	0.2419
467.169	21405.51	0.1785	0.1907	0.1996	0.2079	0.2142	0.2204	0.2245	0.2274	0.2308	0.2325	0.2341	0.2354	0.2356	0.2368	0.237	0.2375	0.2378	0.2383	0.2381	0.239	0.2388	0.2388	0.2395	0.2389	0.2389	0.2386	0.2388	0.2378	0.2386	0.2388	0.2381	0.2394	0.2391	0.2385	0.2389
467.746	21379.12	0.1709	0.183	0.193	0.2018	0.2086	0.2147	0.2183	0.2227	0.2245	0.2269	0.2285	0.2304	0.2311	0.2323	0.2327	0.2331	0.2329	0.2327	0.2335	0.2341	0.2333	0.2337	0.2337	0.234	0.2331	0.2337	0.2333	0.233	0.2338	0.2336	0.234	0.2336	0.2335	0.2339	0.2335
468.323	21352.79	0.1661	0.1782	0.1883	0.1978	0.2041	0.2105	0.215	0.2185	0.2214	0.2241	0.2253	0.2271	0.2279	0.2289	0.2288	0.2298	0.2295	0.2303	0.2301	0.2311	0.2297	0.2318	0.2305	0.2306	0.2308	0.2311	0.2306	0.2305	0.2311	0.2308	0.2301	0.2308	0.2316	0.2305	0.2304
468.900	21326.53	0.1585	0.1711	0.1818	0.1914	0.1986	0.2044	0.2097	0.2134	0.2167	0.2175	0.2202	0.2217	0.223	0.2232	0.2244	0.225	0.2239	0.2255	0.2259	0.225	0.2249	0.226	0.2257	0.2258	0.2252	0.2266	0.2263	0.226	0.2262	0.2252	0.2256	0.2256	0.2251	0.2252	0.2259
469.476	21300.33	0.152	0.165	0.1764	0.1862	0.1934	0.2001	0.2048	0.2081	0.211	0.2134	0.2153	0.2177	0.2184	0.2186	0.2202	0.2202	0.2206	0.221	0.2216	0.2208	0.2206	0.2218	0.2214	0.2206	0.2209	0.2211	0.2213	0.2205	0.2212	0.2212	0.2212	0.2215	0.22	0.2214	0.2221
470.053	21274.20	0.1455	0.1591	0.1699	0.1808	0.1882	0.1946	0.2002	0.2035	0.2069	0.2096	0.2111	0.2136	0.2145	0.2142	0.2153	0.2156	0.2167	0.2165	0.217	0.2169	0.2163	0.2168	0.2168	0.2166	0.2164	0.217	0.2165	0.2168	0.2171	0.2169	0.2165	0.2172	0.2168	0.2166	0.2169
470.630	21248.13	0.1391	0.153	0.1644	0.1746	0.1826	0.1894	0.1946	0.1987	0.2023	0.2055	0.2063	0.2096	0.2098	0.2106	0.2104	0.2114	0.212	0.2118	0.2126	0.2128	0.212	0.2125	0.2121	0.2118	0.2122	0.213	0.2126	0.2129	0.2124	0.2121	0.2128	0.2129	0.2123	0.2118	0.2121
471.206	21222.13	0.1326	0.1473	0.1588	0.1698	0.1776	0.1849	0.1903	0.1945	0.1976	0.2005	0.2027	0.2044	0.2058	0.2064	0.2071	0.2074	0.2075	0.208	0.2086	0.2084	0.2091	0.2087	0.2091	0.2087	0.2084	0.2087	0.2086	0.2086	0.2085	0.2082	0.2084	0.2079	0.2078	0.2082	0.2085
471.783	21196.18	0.1273	0.1422	0.154	0.1656	0.1736	0.1807	0.1866	0.1906	0.1934	0.1969	0.1989	0.2003	0.2016	0.2027	0.2031	0.2039	0.2048	0.2045	0.2052	0.2046	0.2053	0.2054	0.2054	0.2054	0.2047	0.2053	0.2047	0.2051	0.2051	0.2042	0.2051	0.2048	0.2043	0.2053	0.2047
472.360	21170.30	0.1209	0.1358	0.1483	0.16	0.1685	0.1752	0.1812	0.186	0.1886	0.1919	0.194	0.1954	0.1959	0.1978	0.198	0.1986	0.1998	0.1997	0.2002	0.1999	0.2	0.2004	0.2004	0.1999	0.1994	0.2	0.1999	0.2005	0.2001	0.1996	0.1997	0.2004	0.1999	0.2002	0.1997
472.936	21144.49	0.1158	0.1309	0.1434	0.1546	0.1639	0.1711	0.1766	0.1819	0.1852	0.1873	0.1901	0.1917	0.1927	0.1933	0.1943	0.1946	0.1961	0.1955	0.1959	0.1964	0.1964	0.1963	0.1964	0.1956	0.196	0.1958	0.196	0.1964	0.196	0.1968	0.1961	0.1967	0.1962	0.1961	0.1962
473.513	21118.74	0.1107	0.1261	0.1393	0.1498	0.1598	0.1675	0.1727	0.1783	0.1809	0.1832	0.1866	0.1881	0.1891	0.1903	0.1906	0.191	0.1921	0.192	0.1929	0.1923	0.1929	0.1928	0.1923	0.1922	0.1927	0.1918	0.1923	0.1923	0.1923	0.1925	0.1931	0.1927	0.1925	0.1929	0.1924
474.090	21093.05	0.105	0.1207	0.134	0.1446	0.1548	0.1627	0.1681	0.173	0.1762	0.1792	0.1816	0.1833	0.1841	0.186	0.1864	0.1867	0.1866	0.1877	0.1883	0.1873	0.1876	0.1882	0.188	0.1881	0.1879	0.1873	0.1882	0.1879	0.1881	0.1872	0.1888	0.188	0.188	0.1883	0.1878
474.667	21067.42	0.09971	0.1159	0.1289	0.1405	0.1501	0.1581	0.164	0.1685	0.1725	0.1759	0.1773	0.1796	0.1802	0.182	0.1829	0.1828	0.183	0.184	0.1839	0.1838	0.1834	0.1842	0.1845	0.1843	0.1841	0.1841	0.1841	0.1844	0.1838	0.1837	0.1844	0.1847	0.1842	0.1843	0.1843
475.243	21041.85	0.09462	0.1111	0.1244	0.1364	0.1459	0.1537	0.1598	0.1647	0.1687	0.1719	0.1732	0.1757	0.1768	0.1782	0.1783	0.1789	0.1798	0.1799	0.1797	0.1802	0.1803	0.1807	0.1806	0.1803	0.1801	0.1807	0.1799	0.1807	0.1802	0.1805	0.1804	0.1808	0.1807	0.1803	0.1806
475.820	21016.35	0.09016	0.1071	0.1204	0.1326	0.1421	0.15	0.1562	0.1608	0.1648	0.1677	0.1695	0.1716	0.1732	0.1747	0.1742	0.1756	0.1764	0.1761	0.176	0.1766	0.1771	0.1768	0.1771	0.1768	0.1763	0.1768	0.1768	0.1767	0.1767	0.1769	0.1771	0.1764	0.1771	0.1767	0.1775
476.397	20990.91	0.08623	0.103	0.1161	0.1284	0.1383	0.1462	0.1527	0.1572	0.1611	0.1637	0.1658	0.1682	0.1697	0.1709	0.1712	0.1724	0.1728	0.1729	0.1728	0.1728	0.1735	0.173	0.1731	0.1734	0.1731	0.1733	0.1737	0.1731	0.173	0.173	0.1736	0.1729	0.1729	0.1731	0.1741
476.973	20965.53	0.08165	0.09788	0.111	0.1239	0.1338	0.1416	0.1484	0.1529	0.1569	0.1595	0.1617	0.1639	0.1656	0.1665	0.1678	0.1682	0.168	0.1681	0.1689	0.1683	0.1689	0.1693	0.1691	0.1689	0.1695	0.1692	0.1691	0.169	0.1691	0.1689	0.1696	0.1692	0.1687	0.1692	0.1691
477.550	20940.21	0.07682	0.09334	0.1074	0.1191	0.1291	0.1375	0.1441	0.1489	0.1522	0.1558	0.1583	0.1594	0.1616	0.1625	0.1637	0.164	0.1646	0.1639	0.1647	0.1645	0.1649	0.1652	0.1656	0.1652	0.1656	0.1652	0.1647	0.1649	0.1649	0.1653	0.1657	0.1649	0.1646	0.1655	0.165
478.127	20914.95	0.07241	0.08932	0.1042	0.1153	0.1252	0.1338	0.1404	0.1449	0.1481	0.1522	0.1542	0.1561	0.1578	0.1584	0.1595	0.1603	0.1611	0.1606	0.1609	0.1616	0.1615	0.161	0.1617	0.1619	0.1616	0.1618	0.1611	0.1613	0.1612	0.1612	0.1619	0.1609	0.1609	0.1616	0.1617
478.704	20889.75	0.06841	0.08495	0.09981	0.1121	0.1217	0.13	0.1367	0.1406	0.1449	0.1485	0.15	0.1528	0.1535	0.1544	0.1558	0.1563	0.1563	0.1565	0.1574	0.1579	0.1573	0.1578	0.1581	0.1578	0.1574	0.1581	0.1574	0.1574	0.1577	0.157	0.1582	0.1574	0.1573	0.1578	0.1577
479.280	20864.62	0.06474	0.08131	0.09564	0.108	0.1181	0.1263	0.1326	0.1374	0.1419	0.1448	0.1467	0.1491	0.1497	0.151	0.1521	0.1527	0.153	0.1533	0.1535	0.1537	0.1533	0.1548	0.1547	0.1543	0.1535	0.1542	0.1537	0.1538	0.1537	0.1538	0.1543	0.1543	0.1536	0.1539	0.1538
479.857	20839.54	0.06144	0.0785	0.09212	0.1047	0.1146	0.1229	0.1295	0.1342	0.1387	0.1412	0.1435	0.1461	0.1473	0.1479	0.1484	0.1496	0.1503	0.1503	0.1498	0.1507	0.1503	0.1514	0.1515	0.151	0.1503	0.151	0.1507	0.1507	0.1507	0.1504	0.1509	0.1513	0.1505	0.1507	0.151
480.434	20814.53	0.0587	0.076	0.08958	0.1018	0.1117	0.1201	0.1267	0.131	0.1356	0.1384	0.1409	0.1431	0.1443	0.1455	0.1454	0.1465	0.1473	0.1473	0.147	0.1478	0.1476	0.1482	0.1483	0.1474	0.1479	0.1475	0.1476	0.1478	0.148	0.1474	0.1479	0.1482	0.1481	0.1475	0.148
481.010	20789.57	0.05523	0.07284	0.08676	0.0986	0.1084	0.1168	0.1231	0.1275	0.1322	0.135	0.1374	0.1398	0.1402	0.1418	0.1424	0.1429	0.1436	0.1435	0.1436	0.144	0.1443	0.1447	0.1449	0.1443	0.1446	0.144	0.1437	0.1449	0.1445	0.1439	0.1445	0.1448	0.1447	0.1443	0.1444
481.587	20764.68	0.05207	0.06912	0.08291	0.09505	0.105	0.1125	0.1196	0.1234	0.1286	0.1315	0.1336	0.1364	0.137	0.1382	0.1389	0.1391	0.1399	0.1391	0.1403	0.1404	0.1408	0.1414	0.1412	0.1415	0.1408	0.1408	0.1404	0.1408	0.1408	0.1399	0.1405	0.1412	0.141	0.1406	0.1406
482.164	20739.84	0.04954	0.06602	0.07946	0.09159	0.1024	0.1095	0.1165	0.1214	0.1257	0.129	0.1306	0.1323	0.1336	0.1351	0.135	0.1363	0.1368	0.1364	0.1368	0.1373	0.1375	0.1378	0.138	0.1381	0.1379	0.1379	0.1374	0.1371	0.1378	0.1369	0.1378	0.1375	0.1373	0.1373	0.1375
482.741	20715.06	0.04693	0.0634	0.07662	0.08977	0.09898	0.1074	0.1135	0.1186	0.1224	0.1256	0.127	0.1297	0.1308	0.1316	0.1329	0.1331	0.1338	0.134	0.1341	0.1347	0.135	0.1347	0.1345	0.1352	0.1343	0.1349	0.1349	0.1344	0.1345	0.1342	0.1349	0.1343	0.1345	0.1341	0.1348
483.317	20690.34	0.04275	0.06061	0.07415	0.08595	0.09525	0.104	0.1094	0.1144	0.118	0.1212	0.1234	0.1261	0.1276	0.1275	0.1285	0.1293	0.1293	0.1301	0.1298	0.1303	0.1303	0.1305	0.1303	0.1311	0.1307	0.1308	0.1313	0.1302	0.1314	0.1306	0.1305	0.1305	0.1304	0.1305	0.1309
483.894	20665.69	0.04112	0.05792	0.07148	0.08298	0.09253	0.1006	0.1073	0.1117	0.1153	0.1181	0.1209	0.1229	0.1246	0.1249	0.1253	0.1261	0.1263	0.1265	0.1276	0.1273	0.1268	0.1286	0.1276	0.1273	0.1278	0.128	0.1279	0.1272	0.1281	0.1282	0.1279	0.1277	0.1276	0.1277	0.1276
484.471	20641.08	0.03853	0.05464	0.0683	0.07971	0.08957	0.09758	0.1041	0.1089	0.1116	0.1152	0.1175	0.1199	0.1209	0.1217	0.1223	0.1229	0.1236	0.1233	0.1247	0.1242	0.1241	0.1251	0.1242	0.1239	0.1243	0.1252	0.1242	0.1244	0.1249	0.1245	0.1246	0.1244	0.1239	0.1241	0.1243
485.047	20616.54	0.03386	0.04952	0.06345	0.07518	0.08453	0.0922	0.09835	0.103	0.1068	0.1097	0.1119	0.114	0.1149	0.1161	0.117	0.1172	0.1177	0.118	0.118	0.1184	0.1181	0.119	0.1187	0.1185	0.1188	0.1188	0.1186	0.1191	0.1186	0.1189	0.1189	0.119	0.1187	0.1185	0.1188
485.624	20592.06	0.03314	0.04899	0.06269	0.07378	0.08341	0.09094	0.09696	0.1016	0.1052	0.1084	0.1105	0.1121	0.1135	0.1146	0.1154	0.1154	0.1162	0.1164	0.1167	0.1172	0.1171	0.1177	0.1174	0.1172	0.1172	0.1173	0.117	0.1175	0.1174	0.1173	0.1175	0.1172	0.1173	0.1168	0.1173
486.201	20567.63	0.03312	0.04929	0.06292	0.07472	0.08334	0.0915	0.09775	0.102	0.1055	0.1086	0.1111	0.1126	0.1139	0.1152	0.1162	0.1167	0.1165	0.1171	0.1175	0.1177	0.1178	0.1182	0.1181	0.1186	0.118	0.118	0.1178	0.1185	0.1177	0.1179	0.1184	0.1183	0.1183	0.1179	0.1177
486.777	20543.27	0.0309	0.04665	0.06009	0.07084	0.08051	0.08767	0.09456	0.09864	0.1017	0.1051	0.1076	0.1088	0.1107	0.1112	0.112	0.1119	0.1129	0.1138	0.1136	0.1138	0.1136	0.1151	0.1143	0.1149	0.1146	0.114	0.1144	0.1141	0.1138	0.1134	0.1147	0.1144	0.1144	0.114	0.1142
487.354	20518.96	0.03057	0.04482	0.05863	0.07015	0.07918	0.08631	0.09238	0.09694	0.1007	0.1036	0.1056	0.1063	0.1086	0.1094	0.1097	0.1102	0.1111	0.1103	0.1113	0.1111	0.1116	0.1126	0.1125	0.112	0.1123	0.1119	0.1116	0.1117	0.1112	0.1119	0.1126	0.112	0.1123	0.1119	0.1119
487.931	20494.70	0.02783	0.0433	0.05571	0.06722	0.07682	0.08397	0.08924	0.09384	0.09732	0.101	0.1024	0.1045	0.1055	0.1059	0.1079	0.1079	0.1078	0.1077	0.1084	0.1093	0.108	0.1087	0.1095	0.1092	0.1084	0.1093	0.1081	0.1087	0.1088	0.1085	0.1091	0.1087	0.1086	0.1088	0.1087
488.508	20470.51	0.02593	0.04108	0.05328	0.06498	0.07319	0.08142	0.08633	0.09088	0.09444	0.0972	0.09955	0.1009	0.102	0.1026	0.1038	0.1029	0.1044	0.1045	0.1054	0.1065	0.1051	0.1054	0.1051	0.1056	0.1054	0.1053	0.1049	0.1064	0.1058	0.1053	0.1056	0.1054	0.1051	0.1051	0.1053
489.084	20446.37	0.02601	0.04016	0.05316	0.06371	0.07257	0.07998	0.08511	0.0891	0.09352	0.09526	0.0978	0.09982	0.1012	0.1014	0.102	0.1033	0.1043	0.1037	0.1039	0.1044	0.1034	0.1034	0.1039	0.1042	0.1044	0.104	0.1039	0.1036	0.104	0.1042	0.1043	0.1037	0.1041	0.1034	0.1038
489.661	20422.29	0.02263	0.03854	0.05042	0.06114	0.06964	0.0772	0.08165	0.08595	0.09022	0.09316	0.09384	0.09717	0.09681	0.09829	0.09933	0.1002	0.09984	0.09954	0.1003	0.1003	0.09995	0.1006	0.1013	0.1008	0.1009	0.1005	0.1008	0.1008	0.1004	0.1007	0.1011	0.1006	0.1006	0.101	0.1007
490.238	20398.27	0.02302	0.03785	0.04896	0.0603	0.06894	0.07536	0.07991	0.08478	0.08842	0.09088	0.09227	0.09461	0.09447	0.09599	0.09706	0.09698	0.09806	0.09803	0.09842	0.09845	0.09834	0.09856	0.0988	0.09913	0.09916	0.09917	0.09816	0.09893	0.09926	0.09907	0.09894	0.09931	0.09834	0.09917	0.09939
490.814	20374.30	0.0214	0.03514	0.04668	0.05703	0.06552	0.07239	0.07811	0.08285	0.08606	0.0884	0.09039	0.09227	0.09296	0.09388	0.09438	0.09451	0.0952	0.09546	0.095	0.09567	0.09539	0.09706	0.09585	0.09644	0.0959	0.09605	0.09631	0.09551	0.0954	0.09512	0.09706	0.09526	0.0963	0.09552	0.09607
491.391	20350.39	0.02108	0.03474	0.04636	0.05648	0.06428	0.07093	0.07733	0.08066	0.08377	0.08586	0.08863	0.08976	0.09194	0.09197	0.09245	0.0929	0.09271	0.09359	0.09401	0.09417	0.09353	0.09451	0.09434	0.09487	0.09447	0.09377	0.09402	0.0934	0.09416	0.09374	0.09423	0.09471	0.09493	0.09343	0.09445
491.968	20326.53	0.01991	0.03279	0.04434	0.05481	0.06151	0.06859	0.07438	0.0779	0.0811	0.08346	0.08542	0.08765	0.08899	0.08935	0.09013	0.09045	0.09018	0.09092	0.09141	0.09122	0.09167	0.09178	0.09197	0.09227	0.09191	0.09096	0.09185	0.09097	0.09126	0.09185	0.09118	0.09237	0.09079	0.09085	0.09132
492.545	20302.73	0.01743	0.03128	0.04207	0.05195	0.05998	0.06609	0.07158	0.07602	0.07839	0.08202	0.08277	0.08476	0.08518	0.0865	0.08657	0.0872	0.08798	0.08751	0.08893	0.08829	0.08797	0.08858	0.0885	0.08833	0.08924	0.08821	0.08793	0.08858	0.08804	0.08894	0.08829	0.08922	0.08834	0.08795	0.0883
493.121	20278.99	0.01728	0.03057	0.04081	0.05029	0.0587	0.06477	0.06951	0.07311	0.07719	0.0787	0.08069	0.08256	0.08351	0.08347	0.08475	0.08452	0.08545	0.08607	0.08628	0.08552	0.0858	0.08636	0.08699	0.08671	0.08699	0.08571	0.0866	0.08609	0.08583	0.08595	0.08674	0.08666	0.08679	0.08587	0.08673
493.698	20255.30	0.01554	0.0281	0.03952	0.0482	0.0552	0.06189	0.06705	0.0705	0.07502	0.07653	0.07857	0.07963	0.08123	0.08141	0.08187	0.08235	0.08297	0.08275	0.08347	0.08247	0.08319	0.08437	0.08329	0.08405	0.08373	0.08384	0.08317	0.08321	0.08379	0.08328	0.08256	0.08338	0.0835	0.08341	0.08372
494.275	20231.66	0.01462	0.02735	0.03803	0.04714	0.05458	0.06084	0.06647	0.06915	0.07259	0.07534	0.07644	0.07756	0.0792	0.07984	0.07989	0.08049	0.08056	0.08085	0.08114	0.08124	0.08241	0.08237	0.082	0.08198	0.08169	0.08137	0.08225	0.08125	0.08186	0.08174	0.0811	0.08126	0.08126	0.08164	0.08153
494.851	20208.09	0.01423	0.02674	0.03668	0.04592	0.05328	0.05953	0.06489	0.06821	0.07077	0.07274	0.07463	0.07671	0.07753	0.07793	0.07849	0.07878	0.07877	0.07959	0.08023	0.07974	0.07962	0.08012	0.07981	0.08016	0.07996	0.08028	0.07999	0.07968	0.07912	0.08013	0.07993	0.07912	0.07932	0.0799	0.07929
495.428	20184.56	0.01244	0.02499	0.03464	0.04392	0.05039	0.05697	0.06183	0.06487	0.06837	0.07003	0.07198	0.07401	0.07474	0.07549	0.07561	0.07632	0.07557	0.0767	0.07726	0.07675	0.07743	0.07726	0.07694	0.07714	0.07757	0.07703	0.0771	0.07672	0.07665	0.07709	0.07674	0.07663	0.07684	0.07666	0.07616
496.005	20161.09	0.01281	0.02468	0.03511	0.04394	0.05025	0.0557	0.06042	0.06317	0.06703	0.06785	0.07072	0.07182	0.07312	0.07361	0.07413	0.07423	0.07465	0.07497	0.07573	0.07426	0.07536	0.07557	0.07533	0.07558	0.07544	0.07516	0.07519	0.07519	0.07559	0.07455	0.0756	0.07512	0.07536	0.07524	0.07549
496.582	20137.68	0.01267	0.02435	0.03416	0.04235	0.04961	0.05556	0.05928	0.06298	0.06509	0.06734	0.06909	0.06972	0.07083	0.07178	0.0724	0.07261	0.07328	0.07304	0.07415	0.07343	0.07319	0.07488	0.074	0.07388	0.07382	0.07438	0.07452	0.07319	0.07412	0.07345	0.07401	0.07441	0.07268	0.07365	0.07434
497.158	20114.32	0.012	0.02304	0.03222	0.04114	0.04748	0.05343	0.05766	0.06025	0.0636	0.06547	0.06735	0.06856	0.06878	0.06985	0.07061	0.07084	0.07144	0.07111	0.0719	0.07203	0.07138	0.07126	0.0716	0.0713	0.07205	0.07191	0.07199	0.07201	0.07176	0.07142	0.07099	0.07215	0.07137	0.07174	0.07132
497.735	20091.01	0.01072	0.02167	0.0314	0.03974	0.04568	0.05202	0.0564	0.05869	0.06142	0.06367	0.0648	0.06638	0.0674	0.06785	0.06862	0.06871	0.06949	0.06946	0.06968	0.06969	0.06945	0.06967	0.06942	0.07007	0.06949	0.06977	0.06928	0.06968	0.06946	0.06932	0.06897	0.06945	0.07032	0.06962	0.06974
498.312	20067.76	0.0105	0.02128	0.0303	0.0384	0.04505	0.0499	0.05414	0.05733	0.05886	0.06164	0.06286	0.06456	0.06545	0.06644	0.06727	0.06698	0.06739	0.06774	0.06769	0.06784	0.06832	0.06849	0.06814	0.06803	0.06773	0.06818	0.06721	0.06863	0.06693	0.06756	0.06751	0.06814	0.06799	0.06756	0.06767
498.888	20044.56	0.01058	0.02075	0.02974	0.03745	0.04349	0.04904	0.05276	0.05571	0.05805	0.06024	0.06133	0.06339	0.06373	0.06401	0.06476	0.06553	0.06564	0.06605	0.06585	0.06608	0.06636	0.06634	0.06601	0.06665	0.06606	0.06615	0.06556	0.06702	0.06573	0.06576	0.06584	0.06627	0.06681	0.066	0.06607
499.465	20021.42	0.008768	0.01949	0.02829	0.03619	0.04206	0.04751	0.05125	0.05396	0.05641	0.05858	0.05984	0.06123	0.06172	0.06211	0.06284	0.06359	0.06312	0.06381	0.06377	0.06405	0.06438	0.06449	0.0638	0.06462	0.06437	0.06442	0.06408	0.0642	0.06342	0.06372	0.06413	0.06408	0.06469	0.06434	0.06424
500.042	19998.33	0.009143	0.01983	0.02804	0.03524	0.04181	0.04676	0.05001	0.05257	0.05547	0.05767	0.05893	0.05884	0.06042	0.06069	0.06159	0.06169	0.06261	0.06249	0.06264	0.06281	0.06304	0.06309	0.06275	0.06333	0.06337	0.06268	0.06279	0.0629	0.06271	0.06285	0.06347	0.06263	0.06304	0.06265	0.06314
500.619	19975.29	0.008923	0.01857	0.02705	0.03368	0.04	0.04469	0.04859	0.05105	0.05354	0.05557	0.05654	0.0577	0.05898	0.05944	0.05961	0.06004	0.06095	0.06013	0.0603	0.06055	0.06041	0.06126	0.06105	0.06132	0.06135	0.06103	0.06109	0.06095	0.06082	0.06085	0.06104	0.06068	0.0605	0.06087	0.06097
501.195	19952.31	0.008144	0.01808	0.02551	0.03276	0.03866	0.04338	0.04754	0.04989	0.0517	0.05356	0.05552	0.05648	0.05668	0.05763	0.0578	0.05878	0.05827	0.05799	0.05833	0.05906	0.05857	0.05948	0.05898	0.0593	0.05928	0.05877	0.05959	0.05873	0.05874	0.05929	0.05888	0.0588	0.05895	0.05922	0.05935
501.772	19929.37	0.00779	0.01753	0.02494	0.03232	0.0373	0.04236	0.04606	0.04843	0.05035	0.05264	0.05423	0.05465	0.0554	0.0559	0.05634	0.05722	0.05684	0.05662	0.05713	0.05786	0.05788	0.05801	0.05757	0.05805	0.05784	0.0577	0.05795	0.05655	0.05791	0.05733	0.05706	0.05766	0.05732	0.05805	0.05799
502.349	19906.49	0.007471	0.01676	0.02453	0.03173	0.03702	0.04162	0.0449	0.0475	0.04935	0.05138	0.05266	0.05375	0.05427	0.05406	0.05515	0.0551	0.05535	0.05527	0.05586	0.05681	0.05663	0.05698	0.05664	0.05701	0.0563	0.05633	0.05628	0.05543	0.05662	0.05641	0.05694	0.05606	0.05586	0.05651	0.05631
502.925	19883.67	0.007137	0.01621	0.02378	0.03017	0.03606	0.03995	0.04311	0.04596	0.04773	0.04977	0.05099	0.05265	0.05304	0.05295	0.05377	0.0535	0.05367	0.05381	0.05439	0.055	0.05496	0.05525	0.05518	0.05477	0.05489	0.05488	0.05453	0.05402	0.05452	0.05478	0.05494	0.05449	0.05487	0.05468	0.0545
503.502	19860.89	0.00664	0.01591	0.02333	0.02945	0.03558	0.03867	0.04212	0.045	0.04595	0.04804	0.04993	0.05082	0.05146	0.05195	0.05227	0.05255	0.05286	0.05321	0.05265	0.05306	0.05281	0.05323	0.05363	0.05287	0.05384	0.0539	0.05256	0.0531	0.05276	0.0531	0.05309	0.05295	0.05292	0.05345	0.05316
504.079	19838.17	0.006158	0.01518	0.02156	0.02822	0.03401	0.03787	0.04129	0.0436	0.04492	0.04675	0.04802	0.04915	0.0496	0.05007	0.05059	0.05082	0.05135	0.05142	0.0507	0.05122	0.05103	0.05147	0.05131	0.05141	0.05228	0.05174	0.05032	0.05137	0.0511	0.05121	0.05146	0.05143	0.05149	0.05151	0.05154
504.655	19815.50	0.00591	0.01423	0.02071	0.02729	0.03189	0.03678	0.03962	0.04176	0.04404	0.04523	0.04581	0.04754	0.04849	0.04858	0.04931	0.04915	0.05002	0.04943	0.04967	0.04924	0.04959	0.05042	0.04953	0.04975	0.05013	0.04989	0.04957	0.04919	0.04982	0.04949	0.04968	0.04999	0.0499	0.04934	0.04957
505.232	19792.88	0.00569	0.01372	0.02043	0.02656	0.03139	0.03531	0.03859	0.04048	0.04298	0.04371	0.04496	0.04626	0.04677	0.04746	0.04783	0.04781	0.04875	0.04819	0.04868	0.04802	0.04862	0.04946	0.04877	0.04852	0.04818	0.04875	0.04829	0.04776	0.04834	0.04821	0.04874	0.04867	0.04804	0.04848	0.04822
505.809	19770.31	0.005482	0.01313	0.01986	0.02587	0.03114	0.03408	0.0379	0.03908	0.04132	0.0426	0.04405	0.04504	0.04537	0.04582	0.04624	0.04653	0.04687	0.04699	0.04722	0.04701	0.04763	0.04757	0.04699	0.04725	0.04714	0.04729	0.04668	0.04664	0.04649	0.04673	0.04786	0.04721	0.04673	0.04712	0.04693
506.386	19747.80	0.005431	0.01249	0.01961	0.02521	0.03006	0.03334	0.03664	0.03812	0.03985	0.04132	0.04281	0.04377	0.04476	0.04451	0.04545	0.04581	0.04545	0.04591	0.04587	0.04574	0.04636	0.04589	0.0452	0.04618	0.04595	0.0455	0.04587	0.04596	0.04533	0.04572	0.04677	0.04582	0.04579	0.04561	0.04556
506.962	19725.33	0.005509	0.01252	0.01903	0.02442	0.02942	0.03265	0.0354	0.03713	0.03905	0.04025	0.04209	0.04287	0.04383	0.04419	0.04432	0.04451	0.04431	0.04474	0.04487	0.04473	0.04548	0.04489	0.04451	0.04552	0.04411	0.04405	0.04459	0.04519	0.04478	0.04475	0.04531	0.04481	0.04459	0.04469	0.0449
507.539	19702.92	0.005477	0.01269	0.01845	0.02408	0.02907	0.03159	0.0343	0.03594	0.03787	0.0399	0.04052	0.04177	0.04243	0.0435	0.04243	0.04306	0.0432	0.04333	0.04318	0.04342	0.04402	0.0438	0.04311	0.04395	0.04275	0.04292	0.04302	0.04406	0.04345	0.04345	0.04347	0.04334	0.04293	0.04313	0.04382
508.116	19680.56	0.00561	0.01267	0.01813	0.02362	0.02829	0.03089	0.03369	0.03513	0.03701	0.03927	0.0391	0.04008	0.04111	0.04174	0.04121	0.04238	0.04221	0.04238	0.04194	0.04192	0.04243	0.0426	0.04205	0.04275	0.04197	0.04194	0.04174	0.043	0.04204	0.04251	0.04199	0.04199	0.04224	0.04187	0.04235
508.692	19658.24	0.005325	0.01203	0.01776	0.02306	0.0272	0.03086	0.03343	0.03409	0.03643	0.03763	0.03823	0.03901	0.04008	0.04046	0.04051	0.04114	0.04104	0.0413	0.04139	0.04097	0.04146	0.04139	0.04157	0.04189	0.04143	0.04112	0.04101	0.04149	0.04147	0.04136	0.04098	0.04133	0.04164	0.04126	0.04138
509.269	19635.98	0.004551	0.01148	0.01676	0.02266	0.02631	0.02969	0.03246	0.03407	0.03553	0.03678	0.03681	0.03878	0.03875	0.0397	0.03953	0.03986	0.04003	0.03975	0.03999	0.04067	0.04034	0.04085	0.03992	0.04074	0.04072	0.04005	0.04046	0.04001	0.04034	0.04005	0.04032	0.04066	0.0407	0.04065	0.03995
509.846	19613.77	0.004636	0.01164	0.01626	0.02252	0.02578	0.02851	0.03136	0.03382	0.03454	0.03662	0.03693	0.03747	0.03783	0.03853	0.03911	0.03902	0.0388	0.03919	0.03934	0.04028	0.03915	0.0402	0.03908	0.04024	0.03968	0.03952	0.04011	0.03924	0.03929	0.03931	0.03978	0.03985	0.04008	0.03956	0.03861
510.423	19591.61	0.004565	0.01071	0.01614	0.02149	0.02437	0.02852	0.03094	0.03205	0.03313	0.03552	0.03619	0.03584	0.03611	0.03743	0.03847	0.03784	0.0374	0.03795	0.0375	0.03894	0.03809	0.03837	0.03846	0.03815	0.03832	0.03821	0.03882	0.03848	0.03829	0.03835	0.03829	0.03855	0.0383	0.0384	0.03781
510.999	19569.50	0.004132	0.01056	0.01564	0.02085	0.02422	0.02752	0.03029	0.03095	0.03214	0.03414	0.03407	0.03451	0.03529	0.03589	0.03656	0.03631	0.03671	0.03656	0.0366	0.03736	0.03722	0.03708	0.03715	0.0366	0.0367	0.03642	0.03698	0.03758	0.03699	0.0366	0.03684	0.03722	0.03677	0.03769	0.03699
511.576	19547.44	0.003723	0.009758	0.0149	0.01933	0.02291	0.02574	0.0281	0.02922	0.03092	0.03196	0.03224	0.03379	0.03478	0.03458	0.03511	0.03389	0.03474	0.03551	0.03517	0.03544	0.03512	0.03641	0.03544	0.03494	0.03485	0.03464	0.03539	0.03579	0.03533	0.03505	0.03526	0.03508	0.03528	0.03621	0.03531
512.153	19525.43	0.004665	0.01067	0.01441	0.01963	0.02342	0.02563	0.02765	0.02858	0.03075	0.03158	0.0328	0.03359	0.03445	0.03399	0.03447	0.03342	0.0342	0.03559	0.03464	0.03485	0.03457	0.03587	0.0346	0.03522	0.03416	0.03468	0.03541	0.03444	0.03476	0.03544	0.03453	0.03409	0.0349	0.03445	0.03467
512.729	19503.47	0.00337	0.009777	0.01382	0.01856	0.02163	0.02459	0.02574	0.02796	0.02942	0.03062	0.0317	0.0319	0.03171	0.03267	0.03284	0.0336	0.03341	0.03339	0.03357	0.03373	0.03268	0.0338	0.03365	0.03403	0.03377	0.03366	0.03348	0.03308	0.03354	0.03281	0.03293	0.03318	0.03313	0.03279	0.03297
513.306	19481.55	0.004043	0.01002	0.01397	0.01823	0.02148	0.02407	0.02678	0.02818	0.02957	0.02998	0.03063	0.03129	0.03212	0.03255	0.03275	0.03287	0.03309	0.03348	0.03316	0.03354	0.03246	0.03384	0.0333	0.03369	0.03355	0.03282	0.03364	0.03341	0.0329	0.03296	0.03317	0.03352	0.03304	0.03298	0.03232
513.883	19459.69	0.004797	0.009535	0.01449	0.01799	0.0212	0.02348	0.02567	0.02733	0.02846	0.02912	0.02996	0.03005	0.03121	0.03099	0.03176	0.03212	0.03205	0.03244	0.03216	0.03199	0.032	0.03313	0.03238	0.03191	0.03223	0.03123	0.03272	0.03223	0.03158	0.03192	0.03193	0.033	0.03229	0.0321	0.03173
514.460	19437.87	0.00429	0.00849	0.01339	0.01677	0.02046	0.0226	0.02452	0.02659	0.02732	0.02762	0.02846	0.02946	0.02995	0.03004	0.03089	0.03086	0.03099	0.03067	0.03088	0.03031	0.03049	0.03076	0.03191	0.03098	0.03127	0.03023	0.03079	0.0313	0.03082	0.03073	0.03081	0.03129	0.03138	0.03049	0.03142
515.036	19416.11	0.003516	0.008541	0.01322	0.01633	0.0203	0.02188	0.02397	0.02559	0.02668	0.02771	0.02842	0.02921	0.02916	0.02928	0.02987	0.03025	0.02965	0.03044	0.03021	0.03033	0.0303	0.03046	0.03038	0.03015	0.03019	0.03006	0.02978	0.02993	0.02989	0.0299	0.03026	0.02986	0.03128	0.03003	0.0299
515.613	19394.39	0.00313	0.007904	0.01117	0.01557	0.01885	0.0206	0.02184	0.0237	0.02468	0.02606	0.02654	0.02693	0.02694	0.02802	0.02763	0.02871	0.02856	0.02858	0.02863	0.02884	0.02813	0.02911	0.02822	0.02912	0.02892	0.02764	0.02831	0.02774	0.02797	0.02851	0.02885	0.02856	0.02894	0.02749	0.02807
516.190	19372.72	0.003193	0.008347	0.01245	0.01605	0.01834	0.02046	0.02171	0.0225	0.02481	0.02554	0.02625	0.02617	0.02707	0.02727	0.02758	0.02821	0.02762	0.028	0.02736	0.02836	0.02853	0.02814	0.02738	0.02763	0.02735	0.02881	0.02804	0.0274	0.0266	0.02711	0.02828	0.02818	0.02715	0.02715	0.02734
516.766	19351.10	0.00327	0.008325	0.01155	0.01408	0.01806	0.02108	0.0226	0.02281	0.02474	0.02536	0.0264	0.02649	0.02677	0.02724	0.02682	0.02764	0.02711	0.02781	0.02775	0.02751	0.0278	0.02793	0.02723	0.02792	0.02807	0.02816	0.0275	0.02696	0.02727	0.02729	0.02767	0.02758	0.02713	0.02786	0.02696
517.343	19329.53	0.003543	0.008532	0.01172	0.01542	0.01776	0.02067	0.02221	0.02218	0.02471	0.02487	0.02599	0.02627	0.02709	0.02665	0.02654	0.0274	0.02737	0.02677	0.02761	0.02752	0.02762	0.02721	0.02742	0.02783	0.02699	0.02697	0.02605	0.02776	0.02719	0.02725	0.02771	0.02798	0.02686	0.02694	0.02712
517.920	19308.01	0.002955	0.007531	0.01004	0.0143	0.01687	0.01906	0.02006	0.02125	0.02304	0.02458	0.02405	0.02417	0.02549	0.02558	0.02478	0.02504	0.02523	0.02507	0.02678	0.02564	0.02663	0.02616	0.02632	0.0269	0.02537	0.02532	0.02601	0.02514	0.02593	0.02646	0.02581	0.02539	0.02596	0.0254	0.02597
518.496	19286.53	0.002231	0.007281	0.01078	0.01427	0.01637	0.01929	0.01875	0.02115	0.02181	0.02239	0.02242	0.02309	0.02487	0.02447	0.02575	0.02506	0.02525	0.02451	0.0251	0.02575	0.02532	0.02497	0.02518	0.02571	0.02456	0.0249	0.02497	0.02505	0.02447	0.02461	0.02503	0.02528	0.02438	0.02512	0.02562
519.073	19265.11	0.003064	0.006867	0.01001	0.01297	0.01643	0.01811	0.01956	0.02112	0.02199	0.02094	0.02301	0.02314	0.02401	0.02425	0.02412	0.02466	0.02474	0.02487	0.02393	0.02477	0.02517	0.02523	0.02551	0.02535	0.02474	0.02428	0.02515	0.02462	0.02358	0.02495	0.02501	0.02492	0.02497	0.02491	0.02442
519.650	19243.72	0.001396	0.005437	0.008316	0.01177	0.01381	0.01535	0.01756	0.01828	0.01963	0.02016	0.02119	0.02059	0.02132	0.02143	0.02207	0.02171	0.022	0.02211	0.0222	0.022	0.02145	0.02214	0.02171	0.02234	0.02251	0.02295	0.02159	0.02245	0.02275	0.02295	0.02201	0.02125	0.0229	0.02229	0.02187
520.227	19222.39	0.001521	0.005975	0.009	0.01186	0.01437	0.01613	0.01753	0.01784	0.01866	0.0197	0.02044	0.0202	0.02109	0.02108	0.02212	0.02216	0.02275	0.02203	0.02242	0.02255	0.02204	0.02355	0.02178	0.02156	0.02251	0.02207	0.02199	0.02207	0.02176	0.0223	0.02232	0.02145	0.02306	0.02233	0.02272
520.803	19201.11	0.00295	0.00606	0.008768	0.01243	0.01493	0.01642	0.01718	0.01801	0.01951	0.02127	0.02135	0.02128	0.02192	0.0215	0.02187	0.02237	0.02235	0.02322	0.02363	0.02167	0.02209	0.02237	0.02201	0.02295	0.02206	0.02185	0.0223	0.02308	0.02292	0.0225	0.02221	0.02256	0.02304	0.02229	0.02334
521.380	19179.87	0.002177	0.005299	0.009201	0.01114	0.01314	0.01449	0.01615	0.01712	0.01841	0.01948	0.01985	0.02023	0.02115	0.02109	0.02131	0.02117	0.02103	0.02057	0.02048	0.02089	0.02026	0.02075	0.02087	0.02102	0.02054	0.02116	0.02076	0.0212	0.02047	0.02121	0.02088	0.02123	0.02163	0.02014	0.02028
521.957	19158.68	0.001265	0.006909	0.008306	0.01092	0.01337	0.01583	0.01617	0.01729	0.01865	0.01887	0.02024	0.02062	0.02157	0.0194	0.02002	0.02073	0.02094	0.02072	0.02032	0.02118	0.02113	0.02085	0.02127	0.02064	0.02126	0.02042	0.02045	0.02034	0.02046	0.02047	0.02104	0.02042	0.01999	0.01991	0.02013
522.533	19137.53	0.002954	0.005721	0.007981	0.0117	0.01221	0.01517	0.01542	0.01662	0.01787	0.01892	0.01833	0.01949	0.01986	0.02031	0.01999	0.02073	0.02101	0.02045	0.02032	0.02075	0.01958	0.02145	0.0207	0.02019	0.01972	0.02144	0.02032	0.02033	0.02045	0.01992	0.0202	0.0207	0.01997	0.01919	0.01997
523.110	19116.43	0.00225	0.005284	0.008926	0.01057	0.01212	0.01514	0.01589	0.01659	0.01762	0.01728	0.01767	0.01861	0.01899	0.01972	0.01961	0.01961	0.01881	0.01967	0.0193	0.01927	0.01967	0.02001	0.01964	0.01964	0.01931	0.02042	0.01939	0.01979	0.01978	0.01949	0.01973	0.01907	0.02043	0.01975	0.01987
523.687	19095.38	0.001622	0.005167	0.007724	0.01037	0.01131	0.01311	0.01546	0.01497	0.01518	0.01666	0.01635	0.01788	0.01681	0.01787	0.01951	0.01903	0.01789	0.01831	0.01871	0.01756	0.01789	0.01853	0.01819	0.01914	0.01811	0.01879	0.01863	0.0174	0.01841	0.01815	0.01847	0.01825	0.01896	0.01812	0.01783
524.264	19074.37	0.002926	0.004712	0.008312	0.01017	0.01207	0.01363	0.01536	0.01601	0.01668	0.01611	0.01766	0.01792	0.01835	0.01796	0.01792	0.01868	0.01816	0.01827	0.01887	0.0183	0.01931	0.01802	0.01971	0.01898	0.01811	0.01804	0.01869	0.01728	0.01869	0.01901	0.01889	0.01839	0.01878	0.01746	0.01921
524.840	19053.42	0.001712	0.005242	0.006954	0.009175	0.01085	0.01295	0.01378	0.01462	0.01609	0.01607	0.01594	0.01672	0.01675	0.01781	0.01682	0.01721	0.01748	0.01724	0.01725	0.01734	0.01824	0.01708	0.01803	0.01675	0.01758	0.01703	0.01796	0.01686	0.01709	0.0179	0.01661	0.01709	0.01754	0.01723	0.01703
525.417	19032.50	0.00159	0.004688	0.006678	0.009821	0.01161	0.01353	0.01346	0.01438	0.01553	0.01498	0.01629	0.01636	0.01711	0.01753	0.01712	0.01661	0.01672	0.01656	0.01774	0.01742	0.01697	0.01818	0.01766	0.01809	0.01759	0.01869	0.0169	0.01717	0.01701	0.01732	0.01721	0.01723	0.01783	0.017	0.01739
525.994	19011.63	0.001099	0.003975	0.006901	0.008786	0.0102	0.01226	0.0127	0.0132	0.01469	0.01459	0.01571	0.01581	0.01651	0.01689	0.01626	0.01593	0.01667	0.01596	0.01639	0.01701	0.0162	0.01647	0.01671	0.01672	0.01655	0.01535	0.01573	0.0162	0.01676	0.01589	0.01632	0.01716	0.01722	0.01634	0.01619
526.570	18990.81	0.001627	0.004481	0.005966	0.008075	0.01013	0.01197	0.01192	0.01337	0.01476	0.01408	0.01559	0.01437	0.01511	0.01628	0.01549	0.01548	0.01599	0.01581	0.01584	0.01638	0.01559	0.01591	0.01592	0.01574	0.01629	0.01595	0.01528	0.01506	0.01571	0.01588	0.0155	0.01615	0.01582	0.01671	0.01587
527.147	18970.04	0.002214	0.004998	0.007531	0.009693	0.01106	0.01212	0.01252	0.01512	0.01465	0.01562	0.01536	0.01545	0.01588	0.01624	0.01629	0.01667	0.01615	0.01661	0.01686	0.01712	0.01613	0.01669	0.01631	0.01589	0.01655	0.0161	0.01629	0.01653	0.01636	0.01587	0.01595	0.01675	0.01637	0.01618	0.01648
527.724	18949.30	0.002173	0.004547	0.0065	0.009141	0.0103	0.01177	0.01213	0.0142	0.01431	0.01403	0.01499	0.01503	0.01543	0.01559	0.01566	0.01608	0.01544	0.01588	0.01583	0.01576	0.015	0.01667	0.016	0.01605	0.0159	0.01554	0.01517	0.01603	0.01623	0.01529	0.01559	0.01528	0.01563	0.01581	0.01532
528.301	18928.62	0.001237	0.00381	0.0063	0.008759	0.009757	0.01182	0.01236	0.01333	0.01288	0.01311	0.01425	0.01488	0.01556	0.01525	0.01428	0.01509	0.01446	0.01521	0.0152	0.01476	0.0152	0.01632	0.01537	0.0157	0.01564	0.01525	0.01473	0.01574	0.01534	0.01474	0.01539	0.0142	0.01501	0.01435	0.01496
528.877	18907.98	0.001678	0.003211	0.006441	0.008588	0.009502	0.01081	0.01131	0.01113	0.01161	0.01267	0.01301	0.01403	0.01308	0.01383	0.0138	0.01476	0.01485	0.01428	0.01404	0.01421	0.01401	0.01511	0.0142	0.01443	0.01411	0.01442	0.01365	0.0136	0.01421	0.01396	0.01376	0.01416	0.01397	0.01378	0.01321
529.454	18887.38	0.001353	0.003188	0.005228	0.007213	0.008853	0.009898	0.01025	0.01063	0.01148	0.01295	0.01205	0.01246	0.01292	0.01375	0.01337	0.01366	0.01325	0.01366	0.01309	0.01385	0.01384	0.01405	0.01312	0.01337	0.0127	0.01416	0.01292	0.013	0.01313	0.01317	0.0134	0.01409	0.0131	0.01282	0.01271
530.031	18866.83	0.001123	0.003397	0.005713	0.007713	0.008302	0.01022	0.01075	0.01065	0.0117	0.01262	0.01218	0.01202	0.01226	0.01315	0.01256	0.01308	0.01273	0.0118	0.01277	0.0129	0.01361	0.01312	0.01295	0.01336	0.0136	0.01339	0.0135	0.01236	0.01357	0.01268	0.01354	0.01332	0.01372	0.01332	0.01304
530.607	18846.33	0.001833	0.004826	0.006269	0.007624	0.009011	0.009912	0.01095	0.01042	0.01181	0.01227	0.01238	0.01259	0.01265	0.01387	0.01295	0.01294	0.01322	0.01258	0.01295	0.01334	0.01312	0.01364	0.01363	0.01296	0.01378	0.0139	0.01369	0.01361	0.01305	0.01311	0.0136	0.01328	0.01306	0.01344	0.0133
531.184	18825.86	0.001639	0.003908	0.005467	0.006695	0.009131	0.009437	0.01051	0.01112	0.0111	0.01115	0.01197	0.01238	0.01295	0.01304	0.013	0.01245	0.01338	0.01309	0.01251	0.01234	0.01267	0.01324	0.01324	0.01307	0.01323	0.01277	0.01305	0.01277	0.01252	0.01224	0.01311	0.01313	0.01194	0.0127	0.0124
531.761	18805.45	0.001948	0.003882	0.005607	0.007361	0.009018	0.009245	0.01048	0.01062	0.0106	0.01111	0.01219	0.01268	0.01313	0.01179	0.01268	0.01187	0.01247	0.0123	0.01282	0.01187	0.01253	0.01272	0.01353	0.01253	0.01307	0.01198	0.01257	0.01211	0.01224	0.0124	0.01205	0.0127	0.01252	0.0119	0.01281
532.338	18785.07	0.0007542	0.002589	0.004422	0.005839	0.00738	0.008194	0.009223	0.009393	0.009817	0.01078	0.01031	0.01153	0.01124	0.01094	0.01149	0.01066	0.01113	0.01147	0.01182	0.01094	0.01162	0.01179	0.01111	0.01157	0.01067	0.01171	0.01098	0.01145	0.01089	0.0116	0.01143	0.01125	0.01167	0.01163	0.01103
532.914	18764.75	0.0002484	0.002651	0.00448	0.005509	0.006749	0.008344	0.009163	0.00938	0.009687	0.01026	0.0106	0.01084	0.01084	0.01137	0.01131	0.01139	0.01076	0.01109	0.01149	0.01048	0.01143	0.01161	0.01138	0.0117	0.01068	0.01105	0.01087	0.01048	0.01078	0.01159	0.01125	0.01109	0.01091	0.01071	0.01096
533.491	18744.46	0.001673	0.003427	0.005315	0.005858	0.007205	0.00857	0.009424	0.01037	0.01005	0.01088	0.0113	0.01124	0.01138	0.0114	0.01163	0.01195	0.01151	0.01129	0.01168	0.01199	0.0112	0.01173	0.01183	0.01222	0.0119	0.01112	0.0114	0.01111	0.01185	0.01161	0.01168	0.01106	0.01183	0.01074	0.01086
534.068	18724.22	0.001401	0.003134	0.004735	0.005817	0.006431	0.007947	0.008337	0.009099	0.009038	0.01051	0.01067	0.01026	0.0106	0.01045	0.01101	0.01106	0.01029	0.01075	0.0105	0.01084	0.01074	0.01115	0.01108	0.01174	0.01117	0.01041	0.01109	0.01048	0.01118	0.01055	0.01084	0.01067	0.01144	0.01148	0.01018
534.644	18704.02	0.001048	0.003234	0.00428	0.005598	0.006404	0.007292	0.008349	0.009058	0.009061	0.009453	0.01018	0.009825	0.01021	0.01004	0.01077	0.01064	0.009454	0.01115	0.01052	0.009986	0.01024	0.01067	0.01015	0.01036	0.01059	0.01043	0.01068	0.009524	0.0103	0.01027	0.01014	0.0105	0.01059	0.01099	0.01058
535.221	18683.87	0.0008149	0.003067	0.004398	0.005359	0.006637	0.00725	0.007687	0.008651	0.008411	0.00872	0.00937	0.009832	0.01018	0.009367	0.01028	0.009818	0.009665	0.01069	0.01002	0.0106	0.009918	0.01015	0.009892	0.00943	0.01054	0.01031	0.009766	0.009561	0.009542	0.009645	0.01035	0.009906	0.0099	0.01001	0.01012
535.798	18663.76	0.0008353	0.002481	0.004475	0.005383	0.007047	0.00754	0.007157	0.008545	0.008724	0.008907	0.009198	0.009652	0.009865	0.01025	0.009678	0.009919	0.009964	0.01046	0.009826	0.01022	0.009615	0.009885	0.009987	0.009896	0.009691	0.009816	0.009506	0.009304	0.01009	0.009546	0.01071	0.009523	0.009977	0.01016	0.009763
536.374	18643.69	0.00117	0.003355	0.004348	0.005664	0.006778	0.007296	0.00753	0.009194	0.009019	0.009312	0.009055	0.009457	0.009725	0.009745	0.008931	0.01016	0.009903	0.01033	0.009683	0.01003	0.009876	0.009907	0.009901	0.01009	0.009842	0.009207	0.009576	0.009011	0.01057	0.009702	0.0098	0.009532	0.01002	0.009149	0.009682
536.951	18623.67	0.001589	0.003227	0.004291	0.005691	0.006402	0.006625	0.00773	0.008377	0.008481	0.009032	0.009181	0.00892	0.009589	0.009082	0.008954	0.009451	0.01002	0.009624	0.009284	0.009907	0.009948	0.009751	0.009463	0.009643	0.00957	0.008761	0.009415	0.009139	0.009561	0.009522	0.009092	0.009511	0.009147	0.008716	0.009252
537.528	18603.69	0.001525	0.002546	0.003783	0.005463	0.005607	0.006376	0.007289	0.007557	0.008192	0.008041	0.008742	0.008628	0.009063	0.009126	0.0088	0.008346	0.009087	0.009273	0.009075	0.00929	0.009429	0.008867	0.008752	0.008971	0.008683	0.008849	0.008547	0.008742	0.008796	0.008723	0.008813	0.009331	0.008202	0.008969	0.009108
538.105	18583.75	0.001341	0.002569	0.003395	0.005427	0.005335	0.006633	0.007557	0.007371	0.007711	0.007534	0.00827	0.007996	0.008814	0.00842	0.008461	0.00803	0.008677	0.008894	0.008677	0.008611	0.009267	0.008634	0.00834	0.009052	0.008797	0.008631	0.008712	0.008128	0.008315	0.008419	0.009098	0.009062	0.008276	0.008923	0.008738
538.681	18563.85	0.000786	0.002279	0.003455	0.004823	0.005604	0.006538	0.007427	0.006919	0.007146	0.007379	0.008105	0.007578	0.008641	0.008091	0.008487	0.008162	0.008871	0.008443	0.008289	0.008511	0.008974	0.008717	0.008093	0.008824	0.00882	0.00792	0.008222	0.007949	0.007703	0.008115	0.008862	0.008348	0.008817	0.008641	0.008176
539.258	18544.00	0.0006172	0.002312	0.003124	0.004164	0.005175	0.005515	0.006738	0.006588	0.006661	0.0068	0.007753	0.007365	0.007911	0.007988	0.007514	0.00805	0.008021	0.008373	0.008274	0.007891	0.008024	0.008651	0.007614	0.007839	0.008089	0.007235	0.00673	0.007629	0.0079	0.007222	0.00757	0.007232	0.00802	0.007935	0.007887
539.835	18524.19	0.001024	0.002247	0.00325	0.004253	0.004994	0.005143	0.006403	0.006472	0.006297	0.006774	0.007186	0.007464	0.007688	0.007763	0.006946	0.007769	0.007353	0.007734	0.008056	0.007513	0.007344	0.008278	0.007798	0.007487	0.00728	0.007187	0.006898	0.007587	0.00789	0.007018	0.007416	0.007336	0.0073	0.007316	0.007494
540.411	18504.42	0.001333	0.002105	0.003416	0.004342	0.005386	0.005755	0.006492	0.006466	0.006457	0.007009	0.00724	0.007756	0.007932	0.008036	0.007476	0.00829	0.007206	0.007646	0.007593	0.008025	0.007726	0.008185	0.008536	0.007812	0.007125	0.007698	0.007449	0.007509	0.007476	0.007417	0.007877	0.007753	0.007134	0.007528	0.007117
540.988	18484.69	0.0008372	0.001959	0.002444	0.003614	0.004258	0.005029	0.005955	0.005813	0.006008	0.00636	0.006653	0.006611	0.007136	0.007057	0.006753	0.007251	0.006809	0.007178	0.007028	0.007007	0.007255	0.007019	0.007774	0.00717	0.006643	0.006995	0.006462	0.006478	0.006948	0.006857	0.007156	0.007178	0.006498	0.006619	0.006361
541.565	18465.01	0.000101	0.001826	0.002245	0.002995	0.003568	0.003891	0.005009	0.005183	0.005711	0.005886	0.005664	0.006044	0.006148	0.005954	0.005798	0.005624	0.006676	0.006443	0.00695	0.006009	0.006518	0.006066	0.006619	0.006282	0.006152	0.006208	0.005976	0.005875	0.006154	0.006219	0.006629	0.006625	0.006358	0.006001	0.006161
542.142	18445.37	0.0001129	0.001589	0.00269	0.003445	0.004492	0.004322	0.004712	0.005484	0.00577	0.005822	0.005941	0.006624	0.006062	0.005894	0.006064	0.00629	0.006406	0.006339	0.007037	0.006515	0.006535	0.006836	0.006707	0.006295	0.006323	0.006449	0.006303	0.005819	0.005877	0.006129	0.006287	0.006106	0.006448	0.006394	0.006533
542.718	18425.77	0.0002853	0.001101	0.002347	0.003708	0.004413	0.004619	0.004779	0.005502	0.005384	0.00555	0.006002	0.006174	0.005861	0.005796	0.006133	0.006308	0.005918	0.005776	0.006301	0.00629	0.006412	0.006658	0.006572	0.006354	0.006031	0.006147	0.005962	0.006037	0.00629	0.005944	0.005544	0.00569	0.006128	0.005909	0.0062
543.295	18406.21	0.0003462	0.001526	0.002476	0.003407	0.004381	0.004453	0.005204	0.005135	0.005582	0.005407	0.006022	0.005826	0.00573	0.006179	0.005943	0.005668	0.006154	0.006004	0.005769	0.005784	0.006557	0.006212	0.006475	0.006285	0.006032	0.005785	0.005928	0.006384	0.006258	0.006079	0.005648	0.005852	0.005852	0.006067	0.006006
543.872	18386.69	-0.0002301	0.00155	0.002433	0.003245	0.00386	0.004273	0.004763	0.004692	0.004861	0.005165	0.005384	0.005446	0.005655	0.005583	0.00576	0.005702	0.006049	0.005963	0.005647	0.005434	0.00583	0.005581	0.006386	0.00573	0.005876	0.005261	0.005728	0.005855	0.005223	0.005541	0.005606	0.005799	0.005542	0.005519	0.005681
544.448	18367.21	-0.0001852	0.001641	0.001736	0.003292	0.003283	0.003939	0.004626	0.004679	0.004528	0.005419	0.005026	0.005141	0.005458	0.005412	0.005751	0.006421	0.005661	0.005881	0.005846	0.005365	0.005498	0.005647	0.005682	0.005904	0.005674	0.005116	0.005791	0.005773	0.005322	0.005258	0.005661	0.005631	0.005392	0.005223	0.005748
545.025	18347.78	0.0005156	0.001995	0.002003	0.003079	0.003984	0.004205	0.004934	0.004914	0.005313	0.005858	0.005981	0.005664	0.005896	0.005987	0.00592	0.0065	0.005618	0.005633	0.006113	0.006009	0.005436	0.005939	0.005461	0.006237	0.005891	0.005604	0.005983	0.00561	0.005716	0.005715	0.005803	0.005848	0.005764	0.005368	0.00602
545.602	18328.38	0.0003667	0.001379	0.002325	0.002528	0.003505	0.003603	0.004269	0.004304	0.004668	0.005174	0.005208	0.005396	0.00516	0.005558	0.005244	0.00553	0.004975	0.00545	0.00574	0.005675	0.005294	0.005477	0.005255	0.005773	0.00521	0.00508	0.005311	0.0052	0.004895	0.005371	0.004968	0.00542	0.005544	0.005113	0.005746
546.179	18309.03	0.0001691	0.00111	0.00167	0.002538	0.003038	0.003597	0.004174	0.003585	0.003989	0.004491	0.004767	0.005058	0.004695	0.005441	0.005007	0.004942	0.004638	0.005426	0.005191	0.00521	0.005379	0.005035	0.0052	0.005523	0.00489	0.004479	0.005197	0.005154	0.004127	0.004903	0.004933	0.00525	0.005241	0.004971	0.005228
546.755	18289.72	0.0002793	0.001321	0.001802	0.00261	0.003331	0.003848	0.004346	0.00362	0.00402	0.004418	0.005107	0.004792	0.004964	0.005292	0.00486	0.005226	0.004757	0.005198	0.005071	0.005006	0.005261	0.00528	0.005268	0.005026	0.005045	0.004468	0.005036	0.005362	0.004116	0.005074	0.004771	0.004437	0.004907	0.00502	0.004704
547.332	18270.45	0.0005907	0.001462	0.002399	0.002645	0.003203	0.003813	0.00442	0.003764	0.004304	0.004579	0.004792	0.004394	0.004914	0.004884	0.005195	0.004876	0.004899	0.004834	0.005143	0.005027	0.005126	0.005111	0.004832	0.005062	0.004852	0.004801	0.005056	0.004996	0.004594	0.004802	0.005178	0.004506	0.004932	0.00512	0.004684
547.909	18251.22	0.000669	0.001543	0.002477	0.002232	0.003081	0.003858	0.004051	0.004378	0.004989	0.004445	0.004363	0.004629	0.00521	0.005273	0.004847	0.004763	0.004948	0.00501	0.005127	0.004962	0.004597	0.004698	0.005061	0.005043	0.004775	0.004712	0.004921	0.004543	0.004526	0.004246	0.005248	0.004714	0.00488	0.005051	0.004559
548.485	18232.03	0.0005167	0.001296	0.002189	0.002315	0.002939	0.00423	0.003656	0.004333	0.004427	0.004599	0.004862	0.004735	0.005054	0.005158	0.004778	0.004968	0.005112	0.005243	0.005031	0.005051	0.004329	0.004956	0.005043	0.004626	0.005177	0.004965	0.004892	0.004711	0.004991	0.004266	0.004787	0.004537	0.004715	0.005225	0.005117
549.062	18212.88	0.0003396	0.001123	0.001847	0.002452	0.00279	0.003679	0.003356	0.003878	0.003589	0.004348	0.00445	0.003798	0.004488	0.004507	0.00436	0.004461	0.00458	0.00441	0.004491	0.00418	0.003949	0.004597	0.005183	0.004221	0.00483	0.004735	0.004241	0.004285	0.004311	0.004605	0.004444	0.004866	0.003996	0.005017	0.004679
549.639	18193.77	0.0006233	0.001633	0.002342	0.002384	0.002448	0.003208	0.003915	0.004174	0.003688	0.004387	0.004318	0.003894	0.003828	0.004781	0.004447	0.004578	0.004011	0.004324	0.004574	0.004553	0.004616	0.004385	0.004587	0.00455	0.004189	0.004235	0.003821	0.004171	0.004147	0.004624	0.004438	0.004465	0.003968	0.00426	0.004261
550.215	18174.70	0.0007331	0.001735	0.002561	0.00301	0.003123	0.003526	0.003885	0.004486	0.00418	0.004645	0.004665	0.004587	0.004318	0.004912	0.00455	0.005302	0.004529	0.004793	0.004502	0.005111	0.004993	0.00558	0.00444	0.004645	0.005034	0.004836	0.004838	0.004312	0.00433	0.004661	0.005082	0.004929	0.004838	0.004934	0.00463
550.792	18155.67	0.0009118	0.001569	0.002083	0.002773	0.003553	0.00343	0.003625	0.003677	0.004191	0.003851	0.003858	0.004221	0.004283	0.004503	0.004223	0.004216	0.004277	0.003924	0.004513	0.004784	0.004632	0.004832	0.004696	0.004807	0.004655	0.004512	0.004734	0.004102	0.00406	0.004502	0.004427	0.004591	0.00433	0.00446	0.004637
551.369	18136.68	0.00063	0.001634	0.00196	0.002434	0.002841	0.003137	0.003559	0.003401	0.003671	0.003166	0.003766	0.004157	0.004213	0.004017	0.004034	0.004234	0.003963	0.004287	0.003905	0.004451	0.004778	0.003907	0.004352	0.004034	0.004343	0.004245	0.003839	0.004395	0.004119	0.003911	0.004236	0.003838	0.003738	0.003991	0.004376
551.946	18117.73	0.0009419	0.00163	0.00265	0.002859	0.002793	0.003079	0.003528	0.003411	0.003334	0.003554	0.003999	0.003905	0.004493	0.00427	0.004067	0.00457	0.004511	0.004373	0.003857	0.004582	0.004872	0.004651	0.004114	0.003682	0.004222	0.004422	0.004027	0.004334	0.004295	0.004094	0.003725	0.004454	0.004126	0.004406	0.00431
552.522	18098.82	0.001077	0.001382	0.002028	0.002237	0.002695	0.003125	0.00329	0.003197	0.003627	0.003437	0.003639	0.003866	0.004266	0.003874	0.003904	0.00392	0.003936	0.003867	0.003742	0.004345	0.004229	0.004442	0.004013	0.004093	0.004135	0.003709	0.003323	0.003592	0.00428	0.003696	0.004083	0.003996	0.004407	0.004378	0.004353
553.099	18079.94	0.0005662	0.0005894	0.001565	0.002256	0.002083	0.002793	0.002439	0.003056	0.003169	0.003159	0.003357	0.003073	0.00321	0.003766	0.003749	0.003807	0.003598	0.003481	0.003877	0.0039	0.003418	0.003608	0.003822	0.003261	0.003446	0.003218	0.003421	0.00314	0.003909	0.003024	0.003369	0.003726	0.003205	0.003362	0.003819
553.676	18061.11	0.0008762	0.001204	0.001418	0.00222	0.002456	0.00288	0.002691	0.003161	0.003645	0.003236	0.003476	0.003104	0.003961	0.003892	0.003648	0.003645	0.003689	0.003436	0.003475	0.003646	0.004072	0.003645	0.00359	0.003092	0.003361	0.003629	0.003559	0.003629	0.003734	0.003361	0.003113	0.003448	0.00357	0.003612	0.00364
554.252	18042.32	-0.000179	0.0008825	0.0008445	0.001722	0.002075	0.002276	0.002572	0.003008	0.003015	0.002835	0.00286	0.002889	0.003387	0.002875	0.002723	0.003134	0.003179	0.003092	0.003635	0.003494	0.003116	0.003055	0.003328	0.003125	0.003053	0.003087	0.003026	0.002875	0.003283	0.00266	0.002823	0.003568	0.003104	0.002971	0.003395
554.829	18023.57	-0.0002939	0.0007317	0.0005362	0.001518	0.001971	0.002196	0.00198	0.002587	0.002495	0.003349	0.002206	0.002603	0.003027	0.002589	0.00256	0.003002	0.002976	0.002855	0.002644	0.003237	0.002751	0.003288	0.002761	0.003065	0.003004	0.002681	0.002947	0.002891	0.002767	0.002866	0.002924	0.003351	0.003035	0.002824	0.002606
555.406	18004.85	0.0004584	0.0007144	0.001251	0.001827	0.001954	0.002129	0.002518	0.002374	0.002827	0.003306	0.002665	0.002911	0.003419	0.003036	0.003192	0.003412	0.003483	0.002643	0.002801	0.002745	0.002756	0.003135	0.00368	0.002963	0.00289	0.003503	0.003021	0.002888	0.003031	0.003025	0.003007	0.002842	0.003552	0.003181	0.003042
555.983	17986.17	-0.0001698	0.0003267	0.001606	0.001455	0.001361	0.002134	0.002389	0.002374	0.002641	0.002838	0.002668	0.002392	0.002737	0.003001	0.003017	0.002734	0.002825	0.00283	0.002862	0.002458	0.003356	0.003246	0.002873	0.002588	0.002765	0.002959	0.002326	0.002647	0.002971	0.002839	0.003167	0.002617	0.002606	0.002746	0.002751
556.559	17967.54	0.001056	0.00125	0.002057	0.002195	0.001851	0.003061	0.003386	0.002694	0.003443	0.003507	0.003128	0.0035	0.00332	0.003189	0.003713	0.003449	0.003186	0.003814	0.00357	0.003365	0.003406	0.003336	0.0035	0.003228	0.003457	0.002875	0.003252	0.003525	0.003614	0.003826	0.003535	0.003575	0.003644	0.003675	0.003668
557.136	17948.94	0.0008253	0.001262	0.002181	0.002385	0.002382	0.002459	0.003024	0.002754	0.003435	0.003152	0.002911	0.003212	0.003876	0.003744	0.003572	0.003083	0.003835	0.00297	0.00312	0.002941	0.003297	0.003219	0.003311	0.00372	0.003132	0.003338	0.003463	0.003654	0.00369	0.00346	0.003478	0.003037	0.003618	0.003379	0.003656
557.713	17930.38	0.0002272	5.712E-5	0.001189	0.000708	0.001505	0.00161	0.001765	0.001603	0.001938	0.00165	0.001945	0.002095	0.002101	0.002254	0.001977	0.002103	0.00208	0.002176	0.002113	0.001869	0.002236	0.001948	0.002179	0.002617	0.002171	0.002111	0.002568	0.002352	0.002216	0.002069	0.002152	0.002098	0.002044	0.002177	0.002237
558.289	17911.86	-0.0001732	-0.000255	0.0008233	0.0009376	0.0008798	0.001792	0.0007146	0.001572	0.001774	0.001866	0.00183	0.002403	0.00212	0.002231	0.001924	0.001899	0.002032	0.00217	0.002513	0.001641	0.001638	0.002227	0.002036	0.001795	0.002084	0.001835	0.001999	0.002373	0.00235	0.002199	0.001897	0.002181	0.00178	0.001881	0.002225
558.866	17893.37	-0.0005285	-0.000494	0.001001	0.0004777	0.0007871	0.001025	0.0008446	0.001446	0.001571	0.001378	0.001708	0.001415	0.001806	0.00155	0.0021	0.001973	0.001704	0.001946	0.001733	0.001498	0.001961	0.001935	0.001953	0.002082	0.001878	0.001371	0.001575	0.001894	0.001579	0.001272	0.001837	0.001655	0.001488	0.001983	0.001598
559.443	17874.93	-0.0002113	0.000557	0.001033	0.001262	0.001757	0.001518	0.002135	0.002147	0.001952	0.002643	0.002205	0.002225	0.002439	0.002114	0.002587	0.002576	0.002429	0.002462	0.002408	0.002256	0.002019	0.002452	0.002208	0.002417	0.001933	0.002446	0.001568	0.00228	0.002607	0.001704	0.001314	0.002203	0.002144	0.002426	0.00238
560.020	17856.52	-6.694E-5	0.0006468	0.0008416	0.001152	0.001802	0.001725	0.001673	0.001622	0.001963	0.002121	0.002292	0.002395	0.001471	0.002073	0.002235	0.001762	0.002071	0.002434	0.002622	0.001857	0.002111	0.002132	0.002033	0.001932	0.002283	0.002308	0.002434	0.001703	0.00222	0.002034	0.001938	0.002022	0.001858	0.002364	0.001774
560.596	17838.15	-0.0007146	-0.0003526	0.0006914	0.0001556	0.0007544	0.001291	0.0007406	0.0007232	0.00102	0.00165	0.00176	0.001574	0.001885	0.00136	0.001749	0.001515	0.001476	0.001416	0.001441	0.001184	0.00172	0.001864	0.001286	0.001564	0.001519	0.001006	0.001389	0.001329	0.001821	0.001519	0.001342	0.001275	0.001554	0.00137	0.001545
561.173	17819.82	-3.135E-5	0.0001356	0.0004822	0.0009	0.000973	0.001111	0.001313	0.001113	0.001432	0.00159	0.002042	0.002013	0.001422	0.001942	0.00193	0.002173	0.001786	0.002388	0.002055	0.001762	0.001792	0.001721	0.002242	0.00193	0.002263	0.00207	0.001968	0.001725	0.001434	0.001226	0.001835	0.001551	0.002036	0.002042	0.001988
561.750	17801.52	0.00023	0.0008367	0.001037	0.001055	0.001382	0.001374	0.001652	0.002071	0.001548	0.001722	0.00209	0.002138	0.001815	0.001852	0.002171	0.002022	0.00195	0.002079	0.001778	0.001839	0.002004	0.002424	0.002233	0.002181	0.002177	0.002002	0.00202	0.001584	0.002067	0.002176	0.001715	0.002361	0.001821	0.001882	0.001965
562.326	17783.27	0.0002116	0.0008321	0.0006868	0.0009779	0.001418	0.001582	0.001353	0.00172	0.001515	0.002003	0.001887	0.002399	0.002075	0.001982	0.001886	0.002198	0.002137	0.002275	0.002497	0.002662	0.00192	0.002124	0.002115	0.002361	0.00223	0.002572	0.002461	0.001746	0.001928	0.002339	0.001859	0.002168	0.002117	0.00146	0.002118
562.903	17765.05	0.0001747	0.0008095	0.000697	0.001665	0.001713	0.001304	0.001861	0.001797	0.001823	0.001758	0.001593	0.002211	0.001746	0.002543	0.001998	0.002309	0.001864	0.001681	0.00221	0.0018	0.002258	0.002182	0.002017	0.002043	0.002001	0.001876	0.002106	0.001889	0.002154	0.002041	0.001657	0.001564	0.002128	0.001643	0.002331
563.480	17746.86	6.575E-5	0.0006864	0.0006876	0.00108	0.001732	0.001715	0.00156	0.002167	0.001994	0.002043	0.001708	0.001771	0.001563	0.002123	0.002359	0.001734	0.00193	0.00216	0.001723	0.002396	0.00209	0.002464	0.00181	0.002097	0.001963	0.002059	0.001881	0.001696	0.002016	0.002156	0.001959	0.002224	0.002222	0.001832	0.001863
564.057	17728.72	0.0004216	0.0004312	0.0007947	0.001179	0.001337	0.001214	0.001741	0.001842	0.00178	0.00158	0.001848	0.001692	0.002003	0.001823	0.001862	0.001555	0.001742	0.001827	0.001727	0.001594	0.002017	0.001957	0.0019	0.0018	0.001708	0.002169	0.002216	0.001755	0.002056	0.001804	0.001671	0.001821	0.001712	0.001531	0.001834
564.633	17710.61	0.0005719	0.0006462	0.00105	0.001137	0.00104	0.001371	0.001765	0.001647	0.00182	0.00208	0.001533	0.001838	0.001858	0.002226	0.002138	0.001662	0.001687	0.001576	0.002188	0.001806	0.002057	0.001584	0.001828	0.002026	0.00219	0.002068	0.002158	0.001737	0.001843	0.002018	0.001737	0.001821	0.0017	0.001986	0.001861
565.210	17692.54	0.0002836	0.0008115	0.001059	0.0008737	0.001195	0.001172	0.001265	0.001341	0.001327	0.001865	0.001611	0.001497	0.001545	0.001566	0.001309	0.001478	0.001676	0.002066	0.00165	0.001529	0.001749	0.001767	0.001594	0.001513	0.001737	0.001635	0.001483	0.001223	0.001646	0.001824	0.001958	0.001639	0.001525	0.001233	0.001702
565.787	17674.51	0.0002455	0.000254	0.0003643	0.0007304	0.00114	0.0005523	0.001408	0.001202	0.001143	0.001487	0.001578	0.001176	0.0009996	0.001855	0.001311	0.001554	0.001328	0.001689	0.001447	0.001167	0.001366	0.001492	0.001676	0.001502	0.001371	0.001444	0.001754	0.001099	0.0009585	0.001256	0.001511	0.001615	0.001587	0.00173	0.00147
566.363	17656.51	-0.0003372	0.0002795	0.0003627	0.0004663	0.0005319	0.0003855	0.0009054	0.00137	0.0009527	0.0008112	0.001024	0.0009091	0.001107	0.001207	0.001141	0.001419	0.001006	0.0007955	0.001178	0.001194	0.001392	0.0014	0.00127	0.001231	0.0008949	0.001537	0.001312	0.0008868	0.001104	0.0008934	0.001183	0.001279	0.001426	0.001045	0.001076
566.940	17638.55	-0.0004188	-9.4E-6	3.526E-5	0.0001356	-6.559E-5	0.0003628	0.0003852	0.0007016	0.0003991	0.0009104	0.0008219	0.0007197	0.0004569	0.0005953	0.0008524	0.001145	0.0006651	0.0008525	0.0006268	0.0008672	0.0005974	0.0007897	0.0006934	0.000684	0.0003865	0.0009843	0.000697	0.001174	0.0007965	0.0007826	0.001053	0.0009122	0.0006176	0.0006493	0.0006164
567.517	17620.62	0.0001039	3.271E-5	0.000432	0.0006635	0.0006011	0.0009977	0.001102	0.001217	0.001151	0.001407	0.001193	0.001273	0.001191	0.0009488	0.001346	0.001577	0.001231	0.001491	0.001307	0.001375	0.001438	0.001125	0.001428	0.001252	0.001358	0.001178	0.001307	0.001348	0.00144	0.001337	0.001685	0.001432	0.001374	0.0009174	0.001223
568.093	17602.74	-2.688E-5	-0.000114	0.0006456	0.0001682	0.0003485	0.0005473	0.001127	0.0009077	0.000927	0.00124	0.001051	0.001197	0.0009259	0.0009977	0.001109	0.0009901	0.0008125	0.001246	0.0009191	0.001028	0.001179	0.001059	0.0009368	0.0009597	0.001599	0.001089	0.001048	0.001237	0.001381	0.0008849	0.001451	0.001033	0.0008922	0.0011	0.001104
568.670	17584.89	0.0003735	0.0003369	0.0009137	0.0002697	0.000742	0.00101	0.001216	0.001226	0.001128	0.001295	0.001001	0.001087	0.001346	0.001407	0.001587	0.001256	0.001077	0.001196	0.001343	0.001354	0.001128	0.001116	0.00129	0.001262	0.001207	0.001365	0.001537	0.001112	0.001329	0.001493	0.001343	0.001355	0.001472	0.001278	0.001535
569.247	17567.07	0.0002264	0.0008359	0.0007325	0.0006711	0.001029	0.001051	0.001328	0.001454	0.001027	0.001187	0.001329	0.001179	0.001353	0.001311	0.001384	0.001254	0.001452	0.001011	0.001471	0.001502	0.001575	0.001368	0.001454	0.001583	0.001543	0.001199	0.001149	0.001211	0.001446	0.001633	0.001609	0.001048	0.001604	0.00143	0.001303
569.824	17549.29	-0.0001	0.0003859	0.000452	0.0006085	0.00104	0.0007555	0.0007685	0.0009796	0.0008793	0.0009874	0.001476	0.001224	0.001204	0.001042	0.001029	0.001007	0.001004	0.00109	0.0008557	0.001273	0.001224	0.001333	0.001667	0.0008665	0.001206	0.001134	0.001031	0.001469	0.001212	0.0009219	0.001024	0.0008025	0.001282	0.001321	0.001304
570.400	17531.55	5.068E-5	2.709E-5	0.0004465	0.0004355	0.0007259	0.0009677	0.0008346	0.0008908	0.001388	0.001203	0.001051	0.001362	0.001294	0.001149	0.001276	0.0009851	0.001161	0.0009543	0.001198	0.001279	0.001077	0.001594	0.001377	0.001245	0.001154	0.001181	0.001258	0.00149	0.001194	0.001336	0.001321	0.001303	0.001199	0.001062	0.001134
570.977	17513.84	-0.0001407	0.0005675	0.0003952	0.0001969	0.0006379	0.0009277	0.000763	0.0007769	0.001086	0.001068	0.0007628	0.0007927	0.001032	0.001139	0.000926	0.0009232	0.0007093	0.001177	0.0008767	0.0009106	0.001002	0.00131	0.0007991	0.001129	0.001285	0.0007082	0.001132	0.001088	0.0008635	0.001237	0.001513	0.00119	0.001075	0.001128	0.001003
571.554	17496.17	-0.0002217	0.0001756	0.000803	0.0007632	0.0008643	0.001014	0.0008582	0.0007341	0.001268	0.001359	0.001075	0.00105	0.0007831	0.001262	0.0009533	0.0009146	0.001102	0.001411	0.0009953	0.001374	0.0007374	0.001026	0.0007574	0.001284	0.001258	0.001101	0.001172	0.001205	0.001297	0.001156	0.001328	0.001375	0.001379	0.001553	0.001179
572.130	17478.53	-0.000387	-0.0001945	0.0003088	0.0007827	0.0004997	0.0008988	0.000512	0.000793	0.0009046	0.00125	0.001036	0.0009618	0.00112	0.001121	0.0009329	0.001064	0.0005843	0.001096	0.0008461	0.001064	0.0008928	0.0007649	0.0009511	0.001066	0.001041	0.0007674	0.0009388	0.001172	0.0009138	0.0004348	0.0008645	0.000911	0.001087	0.0007663	0.0008392
572.707	17460.93	-0.0001838	1.129E-5	0.000108	0.0004553	0.0004877	0.000595	0.0005878	0.0008574	0.0009208	0.0009577	0.0006519	0.001267	0.0009158	0.001152	0.001151	0.001229	0.0009288	0.001023	0.001004	0.0007651	0.0011	0.0008518	0.001224	0.0008934	0.001141	0.0009996	0.0009429	0.001438	0.001044	0.00073	0.0008294	0.0006536	0.001102	0.001023	0.001088
573.284	17443.37	8.34E-5	0.0003299	0.0003953	0.0005639	0.0005686	0.000776	0.001087	0.0008846	0.0009382	0.001081	0.000602	0.001156	0.00133	0.001184	0.001526	0.00126	0.0008877	0.0008851	0.001162	0.0009392	0.001055	0.001037	0.001232	0.001133	0.001062	0.0011	0.001282	0.001451	0.001109	0.001083	0.001133	0.0007917	0.0009204	0.000969	0.001117
573.861	17425.84	0.0004551	0.0006154	0.0006072	0.0007222	0.0006652	0.001129	0.001222	0.001335	0.0009859	0.001275	0.0008004	0.0008486	0.001285	0.001422	0.001395	0.00107	0.001153	0.001414	0.001342	0.001336	0.001361	0.001484	0.001221	0.001109	0.001318	0.001286	0.001463	0.001489	0.001129	0.001232	0.001179	0.001272	0.001116	0.001031	0.001262
574.437	17408.34	0.0003376	0.0005981	0.0003901	0.000484	0.0009546	0.001094	0.000903	0.0009079	0.0008854	0.001357	0.001042	0.0008533	0.001084	0.001154	0.00129	0.001086	0.0009804	0.001261	0.0008873	0.0009055	0.001248	0.001528	0.0008931	0.000684	0.001051	0.001015	0.001033	0.000924	0.0008672	0.001042	0.0009054	0.001124	0.0008756	0.001167	0.001233
575.014	17390.88	-0.0003915	-8.633E-5	-0.0001451	8.742E-5	0.0002298	0.0003395	0.0001759	6.482E-5	0.000222	0.0006562	0.0003267	0.0005713	0.0003844	0.0008049	0.0005789	0.0005277	0.0002557	0.0003259	0.0002091	0.0003071	0.0003806	0.0002704	0.0003109	0.0002363	0.0002811	0.0002403	0.0004695	0.0001723	0.000335	0.0003704	0.0005241	0.0002924	0.0004545	0.0001896	0.0002222
575.591	17373.46	-0.0007796	-0.0007101	-0.0002158	-0.0001954	-5.417E-5	-1.306E-5	-6.165E-5	-0.0001685	0.0002939	0.0003	0.0004127	0.0001029	0.0001464	0.0005204	0.000347	0.000306	3.514E-6	6.777E-5	0.000202	0.0004818	0.0001768	0.0001678	0.0002527	0.0002121	0.0002755	0.0001413	0.0005967	3.854E-5	0.0003722	6.578E-5	0.0004136	0.0001527	0.00016	-4.162E-5	0.0001412
576.167	17356.07	-0.0002449	-0.0002717	-0.0002777	-9.531E-5	0.0001576	0.0001948	0.000438	0.0002823	0.0004376	0.0004254	0.0004893	0.0004659	0.0003149	0.0005768	0.000405	0.0005049	0.0002607	9.609E-5	0.00051	0.0005742	0.0003939	0.0004222	0.0003333	0.0003826	0.0004405	4.082E-6	0.0006627	0.000128	0.0004175	0.0004543	0.0005399	0.0003738	0.0003033	0.0003288	0.0004413
576.744	17338.71	0.0001365	3.272E-5	-0.0001104	8.134E-5	0.0005187	0.0003755	0.0006562	0.0005972	0.0005307	0.0004123	0.0006341	0.0007518	0.0007106	0.0007646	0.0006569	0.0006063	0.0005872	0.0005147	0.0005963	0.0004897	0.0005852	0.0005553	0.0005443	0.0006278	0.0006026	0.0002388	0.0005625	0.0002246	0.000623	0.0007005	0.0006874	0.0005679	0.0003264	0.0004398	0.0005118
577.321	17321.39	-0.0001614	8.859E-5	4.443E-5	-9.884E-5	0.0003049	0.0003075	0.0006162	0.0005542	0.000578	0.0002637	0.0006529	0.000458	0.0004362	0.000838	0.0004521	0.0002073	0.0005376	0.0005996	0.000304	0.0005553	0.0004278	0.0002853	0.0001805	0.0004368	0.000686	0.0004119	0.000351	0.0004335	0.0005505	0.0005069	0.0007025	0.0003374	0.0002324	0.0004089	0.000653
577.898	17304.11	-1.975E-5	1.785E-5	8.496E-5	0.0002539	0.000414	0.0007714	0.0009752	0.0006992	0.0007695	0.0003845	0.0009497	0.0006799	0.0006677	0.0009196	0.0007091	0.0003779	0.0006881	0.0007006	0.0005266	0.0006923	0.0005021	0.0005337	0.0003529	0.0007431	0.0008787	0.0006321	0.0004917	0.0007475	0.0004788	0.0006485	0.0008236	0.0006601	0.0003388	0.0005984	0.0007431
578.474	17286.85	0.0002347	3.15E-5	0.0002719	0.000626	0.0004588	0.00106	0.0009357	0.0008682	0.0007071	0.0004931	0.001085	0.0008793	0.0008335	0.0007595	0.0009164	0.0006891	0.0006855	0.0007605	0.0005523	0.0008574	0.0006884	0.0007995	0.0005923	0.0006438	0.001207	0.0006615	0.0007387	0.0006784	0.0006328	0.0006908	0.0009172	0.001058	0.000519	0.001012	0.0009042
579.051	17269.64	1.858E-5	0.0003325	0.0002468	0.000487	0.0003072	0.0007813	0.0006187	0.0006517	0.0005951	0.0005839	0.0007228	0.0008219	0.0008098	0.000695	0.0007166	0.0007581	0.0008404	0.0006897	0.0004291	0.0007751	0.0006117	0.0007862	0.0007519	0.0005978	0.001111	0.0004867	0.000903	0.0005251	0.0007913	0.0005999	0.0006801	0.001125	0.0008644	0.0009125	0.0005906
579.628	17252.45	-0.0005588	1.979E-5	7.743E-5	7.786E-5	0.0002402	0.000431	0.0003224	0.0002286	0.0002794	0.0001708	0.0002683	0.0003772	0.0004988	0.000464	0.0003412	0.0002959	0.0004907	0.0002852	0.0001564	0.0004428	0.0004873	0.0006571	0.0005728	0.0004301	0.0006337	0.0002489	0.0007457	0.0001157	0.0003941	0.0003388	2.313E-5	0.0005694	0.0006217	0.0007292	0.0002201
580.204	17235.31	-0.0005227	-9.771E-5	0.0002182	0.0002059	0.0003279	0.000317	0.0003308	0.0003625	0.0003341	8.388E-5	0.0004036	0.000422	0.000451	0.0005177	0.0004497	0.0002154	0.0002983	0.0002314	0.0002851	0.0004521	0.0004421	0.0006754	0.00068	0.0003663	0.000551	0.0004006	0.0004944	0.0002084	0.0004959	0.0003728	0.0002636	0.0005258	0.0006016	0.0006595	0.0005352
580.781	17218.19	4.122E-5	-0.000146	0.0002546	0.000436	0.0002899	0.0004376	0.0006345	0.0003247	0.0002871	0.000364	0.0005855	0.0003943	0.0005513	0.0006512	0.0006898	0.0004397	0.000513	0.000354	0.0005684	0.0004164	0.0002325	0.0005755	0.0007306	0.0004722	0.000562	0.0005216	0.0005781	0.0004498	0.0005227	0.0003368	0.0003034	0.0007112	0.0005051	0.0006549	0.000511
581.358	17201.11	0.0001494	-0.0002626	0.0001985	0.0003467	0.0002114	0.000219	0.0003955	0.0001906	0.0002059	0.0002846	0.0004008	0.0003643	0.0005202	0.000657	0.0004122	0.0004366	0.0003653	0.0003072	0.0005658	0.0002984	9.032E-5	0.0005202	0.0004323	0.0004296	0.0005484	0.0003649	0.0006496	0.0003596	0.0002133	0.0004249	0.000346	0.0005483	0.0003434	0.0005137	0.0003121
581.934	17184.06	-0.0001832	-0.000206	0.0001493	7.843E-5	0.0001656	0.0001607	0.0002224	0.0002522	0.0002961	0.00035	0.0003634	0.0004495	0.0003924	0.0002488	0.0002525	0.0005142	0.0003183	0.0003507	0.0001924	0.0003826	0.0001481	0.0005768	0.0002039	0.0003014	0.0002763	0.0002858	0.0005348	0.000299	0.0002016	0.0004453	0.0005188	0.0004591	0.000465	0.0003637	0.0002807
582.511	17167.05	-6.267E-5	0.0001403	4.398E-5	0.0001763	0.000262	0.0004536	0.0005627	0.0003982	0.0005291	0.0004603	0.0006628	0.0004318	0.0004373	5.377E-5	0.0004472	0.0004461	0.0004396	0.0004838	0.0002505	0.0004899	0.0003721	0.0004691	0.0001949	0.0004372	0.0002739	0.0005147	0.00043	0.0007125	0.0004081	0.0005267	0.0005256	0.000508	0.0004525	0.0003031	0.0005058
583.088	17150.07	6.978E-5	0.0002534	0.0001235	0.0001294	0.0002225	0.0004592	0.000511	0.0004547	0.0005073	0.0005249	0.0005177	0.000279	0.0004042	0.0001717	0.0005852	0.0004088	0.0004397	0.0004103	0.0004197	0.0004353	0.0006048	0.0003291	0.0005888	0.0003731	0.0004765	0.0004552	0.0004417	0.0006763	0.0004291	0.0004209	0.0006239	0.0004881	0.0004579	0.0001359	0.0006857
583.665	17133.13	8.969E-5	0.0001592	0.0004779	0.0003058	0.0003751	0.0003252	0.0003095	0.0003939	0.0005284	0.0005445	0.0004925	0.000119	0.0004845	0.0005351	0.0006726	0.0004195	0.0006307	0.0005683	0.000279	0.0006347	0.0006952	0.000332	0.0006955	0.0003075	0.0005483	0.0003897	0.0005762	0.0003174	0.0005356	0.0004656	0.0005964	0.0003287	0.0004823	0.0001274	0.0006424
584.241	17116.21	4.577E-5	9.089E-6	0.0005858	0.0004037	0.0004914	0.0004022	0.0003625	0.0006437	0.0005018	0.0006085	0.000571	0.0003044	0.0006561	0.00052	0.0006071	0.0004085	0.0004569	0.0007966	0.0003499	0.0006314	0.0005328	0.0005718	0.0004162	0.0003972	0.0006761	0.0005726	0.0005182	0.0002848	0.0006036	0.0004801	0.0005564	0.0002565	0.0003973	0.0005335	0.000747
584.818	17099.34	-0.0001125	-0.0002531	0.0001576	8.767E-5	0.0002589	0.0002744	0.0002757	0.000604	0.0003234	0.0005135	0.0003657	0.0004189	0.0004289	0.0001711	0.0002257	0.0003784	0.0001878	0.0004064	0.0004327	0.0003363	0.0003572	0.0003378	0.0004006	0.0001685	0.0005075	0.0004531	0.0003544	0.000245	0.0003365	0.0002841	0.000334	0.0002574	0.0003252	0.0006072	0.0006726
585.395	17082.49	-0.000316	-0.0002631	-0.0001221	-6.074E-5	5.365E-5	-1.523E-5	-4.397E-5	5.805E-5	0.0001479	0.0001578	0.0002883	0.0001072	0.0001652	0.0003727	4.438E-5	0.0001528	0.0002645	-9.533E-5	0.000235	0.0002657	0.0002378	3.323E-5	0.000179	5.292E-5	0.0002881	0.0003636	0.0003435	0.0001037	0.0001701	0.0002107	3.866E-5	5.677E-5	0.0001494	0.0001813	0.0003833
585.971	17065.68	-0.0003454	0.0001459	0.0002484	3.975E-5	0.0002565	0.0001119	0.000148	0.0001141	0.0002877	0.0004513	0.0003186	0.0001493	0.0003178	0.0005846	0.0001946	0.0002677	0.0002734	0.0001548	0.00014	0.0004303	0.0004983	0.0004659	0.0001544	0.0001792	0.0004905	0.0005135	0.000557	0.000175	0.0003547	0.0001501	0.000284	7.741E-5	0.0003718	0.0003871	0.000386
586.548	17048.90	-0.0001771	0.0002044	0.00035	0.000242	0.0004113	0.0003579	0.0003302	0.0003656	0.0004635	0.0004617	0.0002742	0.0004091	0.0004122	0.000592	0.0002505	0.0004347	3.991E-5	0.0004993	0.0002124	0.0005182	0.0004766	0.0007033	0.0002634	1.07E-5	0.000411	0.0004521	0.0005924	0.0002751	0.0003429	0.000236	0.0003137	0.0002314	0.0004995	0.0005295	0.0003957
587.125	17032.15	5.062E-5	1.199E-5	7.997E-5	0.0001829	0.0001912	0.0004148	0.000125	0.0003174	0.0003532	0.0001293	0.0002366	0.0003239	0.0003281	0.0006592	0.0002308	0.0002503	-0.0001019	0.0002087	0.0001082	0.0004273	0.0001844	0.0004308	0.0002338	-2.794E-5	0.0002943	0.000362	0.0003513	0.0002913	0.0001186	0.0002989	5.675E-5	0.0002535	0.0003746	0.0002147	0.0002302
587.702	17015.44	-2.777E-5	-4.527E-5	-1.151E-5	2.481E-5	0.0001336	0.0001599	0.0001892	0.0002577	0.0003728	0.0002171	0.0002146	-2.322E-5	0.000279	0.0004627	0.0001529	0.0001028	-5.17E-5	-1.9E-5	-2.527E-5	0.0004176	0.0001748	6.495E-5	0.0001562	0.0001024	0.0004446	0.0003388	0.0003319	0.0003092	0.0001071	0.0002176	0.0001363	0.0002271	0.0002638	0.000205	0.0002346
588.278	16998.76	-0.0003135	-0.0002386	-1.041E-5	0.0001224	0.0002933	0.0001463	0.0002144	0.0003041	0.0002713	0.0001969	0.0001521	-8.4E-5	0.0003932	0.0002922	0.0002712	0.0002336	2.942E-5	9.75E-5	0.0001317	0.0004189	0.00015	6.935E-5	9.021E-6	0.0001257	0.000287	0.0003095	0.0003375	0.0003079	0.0003318	0.0002358	0.0004013	0.0002715	-3.221E-5	0.0002564	0.0003364
588.855	16982.11	-8.309E-5	-1.665E-5	0.0001272	0.0003407	0.0002907	0.0004074	0.0001089	0.000447	0.0004537	0.0004119	0.0002487	0.0003287	0.0005855	0.0003216	0.0003694	0.0003835	0.0002676	0.0002492	0.0002296	0.0003681	0.0003589	0.0003639	8.702E-5	0.0003449	0.0001987	0.0002998	0.0002292	0.000399	0.0004435	0.0004605	0.0004091	0.0004566	9.793E-5	0.0002915	0.0001338
589.432	16965.49	-8.894E-5	4.095E-5	0.0001063	9.955E-5	-0.0001041	0.0001479	-0.0001528	0.0001514	0.0003823	0.000169	0.0001135	0.000238	0.0001642	0.0001931	0.0001463	6.48E-5	2.089E-5	0.000168	9.297E-6	4.123E-5	9.339E-5	0.0004502	-9.749E-5	0.0002033	4.825E-5	5.39E-5	8.347E-5	0.0001276	0.0001666	0.0002975	-2.994E-5	0.000284	0.0001229	0.0001998	-0.0002005
590.008	16948.91	-8.635E-5	4.691E-5	0.0001991	8.426E-5	4.332E-5	3.516E-5	6.325E-5	5.755E-5	0.0002037	9.657E-5	0.0001667	9.675E-5	7.209E-5	0.0003739	0.0001406	-1.339E-5	-4.958E-5	0.000135	6.763E-5	6.77E-5	0.0001302	0.0004494	0.0003691	0.000165	0.0002107	0.0002533	0.0002092	0.0002251	0.000278	0.0002636	0.0002009	0.0002731	0.0003825	0.0003182	6.303E-7
590.585	16932.36	-0.0001655	-0.0001629	0.0002062	0.0001196	0.0001297	0.0001018	0.00023	4.588E-5	0.000258	0.0003846	0.000331	0.0001028	0.000285	0.0003113	0.0001481	0.0001463	0.0002301	0.0002532	3.431E-5	0.0002006	6.873E-5	0.0002697	0.0004993	0.0003119	0.0003816	0.0005655	0.0004737	0.0003472	0.0001666	0.0003941	0.0003144	0.000418	0.0003669	0.0002355	0.0001427
591.162	16915.84	-6.9E-5	-0.0002828	0.000199	0.0001916	0.0001482	0.0002731	3.964E-5	-5.661E-5	0.0001834	0.0003792	0.0003754	0.0002596	0.0002632	0.0002033	0.0003711	0.0002694	0.0002929	0.0002569	7.811E-6	0.0001368	4.588E-5	0.0003481	0.0002334	0.0003506	0.0001706	0.0004335	0.0004437	0.0001542	9.887E-5	0.0003866	0.0001263	0.0003986	0.0001567	0.0002907	8.152E-5
591.739	16899.36	5.607E-6	0.0001402	0.0002119	0.0004181	0.0002004	0.0001254	0.0001387	-1.784E-5	0.0001345	0.0004889	0.0004115	0.0002699	0.000178	2.621E-5	0.0005052	0.000244	0.0001859	0.0002209	0.0001478	0.000301	0.0001275	0.0004543	0.000382	0.0004414	0.0002909	0.0002659	0.0002315	0.0001198	0.0002699	0.0003945	5.19E-5	0.0002479	0.0001808	0.000386	0.0001754
592.315	16882.90	-0.000116	-0.0001608	0.0001167	5.44E-5	1.945E-5	-8.347E-5	7.648E-5	-1.393E-5	1.415E-5	6.834E-5	0.0001602	0.0002457	9.384E-5	-8.092E-5	0.0002293	6.365E-5	-1.046E-6	0.0001142	0.0001085	0.0001447	-0.0002102	1.157E-5	0.0003555	0.0001683	0.000149	9.513E-5	9.754E-5	0.000107	6.804E-5	0.0001422	7.385E-5	0.0002217	1.06E-5	3.167E-5	0.0001161
592.892	16866.48	-0.0002138	-0.0005091	-0.0003069	-0.0002663	-0.0003802	-0.0001695	-0.0003344	-4.225E-5	-9.311E-5	-0.0001377	-0.0001509	-0.0001565	-5.898E-5	0.0001846	8.059E-5	-0.0001401	-0.0002072	-0.0001157	-1.588E-5	-4.094E-5	-0.0002851	-0.0002209	-0.0001367	-0.0002787	-0.000252	-9.075E-5	0.0002418	0.0001454	-0.0002579	-2.366E-5	-4.855E-5	-0.0002587	-0.0001335	3.138E-5	3.737E-5
593.469	16850.09	0.000107	-0.0001321	3.022E-5	2.698E-5	-0.0001226	0.0001214	9.345E-5	7.453E-5	0.0002061	0.000191	0.000146	-9.795E-5	0.0002653	0.0002792	0.0003196	5.164E-5	-0.0001988	8.209E-5	-2.236E-6	8.193E-5	0.0001082	5.462E-5	0.0002163	0.0001109	0.000172	0.000163	0.0004145	0.0003171	-3.993E-5	0.0001849	0.0002449	0.0001057	0.000273	0.0002675	0.0001912
594.045	16833.73	0.0002004	-9.741E-5	0.0002684	0.0003491	0.0001793	0.000113	0.0002366	3.548E-5	0.0003208	0.000344	0.0002718	0.0002655	0.0002493	0.0002128	0.0005088	0.0002388	0.0001434	0.0001098	9.662E-5	0.0002699	0.000285	0.0001629	0.0004796	0.000451	0.0004754	0.000298	0.000177	0.0003373	0.0001088	0.0003279	0.0005707	0.0003934	0.0004013	0.0003921	0.0003984
594.622	16817.40	6.84E-5	-0.0001034	-0.0001233	8.32E-5	7.41E-5	-0.0001956	0.0003249	-3.301E-5	0.0001535	2.217E-5	-5.998E-5	0.0002841	0.0001427	0.0003246	0.0003436	6.377E-5	0.0001772	9.555E-5	6.127E-5	0.0003181	0.0001638	0.0001617	0.0002574	0.0001441	0.0002014	-0.0001338	4.962E-5	2.92E-5	7.859E-5	0.0002628	0.0001395	-3.532E-5	-1.571E-5	-0.0001341	0.0002808
595.199	16801.11	-0.0001323	-0.0001457	-0.0002801	-8.684E-5	-7.628E-5	-0.0003199	-1.679E-5	-0.0001666	-0.0001073	-0.0002372	-0.0001804	-7.255E-5	5.878E-5	0.000127	0.0001473	-0.0002014	-0.000142	-3.64E-5	-5.444E-5	0.0001143	-5.78E-5	-4.051E-5	-0.000267	-0.0001687	-4.507E-5	-0.0002071	-0.0001399	-0.000262	3.946E-6	-6.007E-5	-6.14E-5	-0.0002302	-0.0002459	-0.0005033	-0.0001612
595.776	16784.85	-0.0003038	-0.000172	-0.0002594	-0.0001868	2.503E-5	5.83E-5	-4.772E-5	-8.905E-5	2.057E-5	0.0001595	-5.564E-5	-0.0001558	7.425E-5	-8.113E-5	9.028E-5	-7.8E-5	1.463E-6	-4.731E-5	-1.759E-5	-9.195E-5	-0.0002382	-1.526E-5	6.724E-5	-0.0001237	-9.329E-5	0.0002725	-0.000191	-0.0001488	-0.0001948	-5.811E-5	1.767E-5	4.527E-5	-0.0001076	-0.0001827	-4.861E-5
596.352	16768.61	0.0001491	0.0001085	4.588E-5	0.0002121	0.0002835	0.0001697	0.000485	0.0002363	0.0004526	0.0002233	0.0002706	0.0001096	0.0001736	0.0004707	0.0003252	0.0003184	0.0002636	0.0003008	0.0002377	0.0002747	0.0002496	0.0004972	0.0001415	0.0002621	0.0002058	0.0002728	0.0001426	0.0001946	0.0001632	0.000144	6.618E-5	0.0002148	0.0002758	4.628E-5	0.0003644
596.929	16752.41	0.0002266	5.731E-6	0.0001607	5.885E-5	0.0002579	-9.76E-6	0.0001571	0.0003573	6.377E-5	0.0002758	0.0002058	0.000385	0.0002088	0.0005333	0.0001383	0.0005312	-6.821E-5	0.00049	0.0002895	0.0006284	0.0001589	0.0002617	0.0001459	0.0001896	0.0001963	0.0001178	0.0001536	0.0004084	0.0001937	-0.0001376	0.0002195	-6.301E-5	0.00019	9.504E-5	0.000236
597.506	16736.24	1.105E-5	8.158E-5	-0.0001834	-3.123E-5	7.227E-5	-3.814E-5	-5.037E-5	0.0002823	-3.587E-5	-3.273E-5	0.0001168	8.684E-5	0.0002839	9.317E-5	6.442E-5	3.725E-5	-6.268E-5	5.551E-5	4.142E-5	-7.989E-5	-8.797E-5	-0.0002679	-4.78E-6	6.015E-5	8.317E-5	-7.701E-5	-0.0001637	9.122E-5	2.977E-5	-0.0001994	5.752E-5	6.635E-5	-0.0002184	-4.241E-5	-9.169E-5
598.082	16720.11	-0.0001263	-0.0004109	-0.0001205	-0.0003055	-0.0004704	-0.0002619	-0.0001744	-5.087E-5	5.482E-6	-6.043E-5	-0.0001147	9.838E-6	2.786E-6	-7.097E-5	8.874E-5	-0.0003519	-0.0002791	-0.0001683	-0.0002016	-0.000276	-0.0002434	-0.0001216	-0.0003174	-0.0003898	-0.0002118	-0.0001803	-0.0002916	-0.0002575	-0.0002443	-0.0001628	-0.0002749	-0.0003444	-0.0002284	-0.0001571	-0.0001668
598.659	16704.00	-0.0002694	-0.0003375	7.555E-5	-0.0003992	-0.0002326	-0.0001852	-0.0002918	-0.0002151	-0.0003204	7.787E-5	-0.0001938	-0.0001414	-0.0001706	0.0002094	-0.0001636	-0.0003628	-2.87E-5	-0.0001445	-6.094E-5	-0.0001547	-0.0001261	-0.0001441	-0.0002311	-0.0003424	2.301E-5	-8.622E-5	0.0001986	-0.0001891	3.733E-5	-0.0002548	-0.0003246	-0.0001155	-0.0003416	-1.491E-5	-0.0001398
599.236	16687.92	-2.729E-6	4.041E-5	-7.999E-5	-8.19E-5	-0.00012	3.986E-5	-1.074E-5	-8.597E-5	-0.0001588	0.0002917	-0.0001923	4.41E-5	0.0001102	0.0001121	0.0002162	-9.307E-5	1.417E-5	7.713E-5	-7.163E-5	0.0001674	5.689E-5	-0.0002091	-0.0001013	-4.53E-5	4.507E-5	0.0001456	0.0001203	-8.335E-5	-8.96E-6	-1.623E-5	8.806E-6	-7.5E-5	-9.544E-5	-0.0001214	1.149E-5
599.812	16671.88	-0.000339	-0.0001875	-0.0002447	-0.0001698	-0.0002787	-8.727E-5	-8.672E-5	-0.0001713	-0.0001378	-0.0001147	0.0001554	-0.0001436	2.796E-6	-1.482E-8	-2.169E-5	1.337E-5	-2.326E-5	-0.0002253	5.448E-5	-0.0002031	-8.585E-5	-7.91E-5	-0.0001603	-4.347E-5	-8.725E-5	-0.000377	-0.0003446	2.484E-5	0.0001488	-8.56E-5	-7.74E-5	-0.0001334	-0.0002411	-0.0002502	-3.307E-5
600.389	16655.86	-0.0004026	-0.0004075	-0.0004076	-0.0001553	-8.999E-5	-4.154E-5	1.96E-6	-1.773E-5	3.037E-5	-0.0001159	0.0002377	9.058E-6	-0.0001062	-3.499E-6	7.541E-5	-9.861E-5	-4.402E-5	0.0001418	7.312E-5	-0.0002921	-0.0001991	-9.433E-5	0.0001587	-8.604E-5	-0.0001278	-0.0001814	-0.0004996	-0.0002261	0.0001538	-3.463E-5	-5.224E-5	-0.000113	-0.0003192	-0.000208	-0.0002875
600.966	16639.88	-6.604E-5	-2.228E-5	-0.000168	0.0001874	9.117E-5	0.0003227	0.0002623	0.0001948	0.0003816	0.0001237	0.0002818	0.0006153	7.748E-5	0.0002915	0.0003237	0.000424	0.0005989	0.0005197	0.0002813	0.0003613	0.0006263	4.07E-5	0.0005239	0.0003485	9.57E-5	2.063E-5	0.0001232	0.0002353	0.0001389	0.0006722	0.0003719	0.0002891	-1.653E-5	4.758E-5	4.963E-5
601.543	16623.93	-9.436E-5	0.0002281	-0.0001032	0.0001395	0.0001729	0.0001873	0.000133	5.53E-5	-0.0001383	0.0002699	0.0001918	0.0005485	0.0004455	0.0002773	-1.943E-5	0.0003111	0.0004665	0.000242	0.0004532	0.0002708	0.0004638	0.000195	0.000211	0.0003042	-6.267E-6	0.000129	0.0001465	0.0001572	-4.503E-5	0.0001104	0.0002727	-5.525E-6	5.368E-5	-0.0001451	2.165E-5
602.119	16608.00	-0.0003049	-0.0001443	-0.0001117	-0.0001302	-1.682E-5	-0.0001525	-0.000224	-9.295E-5	-0.0002383	0.0001647	8.406E-5	-7.943E-5	5.675E-5	3.489E-5	-6.088E-5	0.0001833	3.502E-5	-1.112E-6	5.478E-5	-0.0001505	7.289E-5	-3.548E-5	-0.0003424	6.986E-5	-0.0002377	-0.0002748	-0.0002986	-0.00015	-0.000266	-0.0003001	-0.0001462	-0.0003742	-0.0004172	-0.0003327	-0.0004138
602.696	16592.11	-0.0002937	0.000238	-0.000125	0.0001981	1.05E-5	0.0001214	-4.627E-5	-0.0001758	-3.579E-5	0.0001369	-2.825E-5	5.983E-5	-0.000122	0.0001181	0.0002463	0.0004852	8.003E-5	0.0002335	0.0002274	-4.447E-5	-1.827E-5	0.0001539	-0.0001709	-4.223E-5	0.0001756	-0.0001173	2.408E-5	0.0001154	-1.108E-5	0.000243	-5.144E-5	5.383E-6	0.0001066	2.952E-5	-6.737E-5
603.273	16576.25	-0.0002623	-0.0001151	-0.0001711	-0.0001414	-1.264E-5	-0.0001398	-0.0001634	-0.0002658	-0.0003132	6.368E-5	7.997E-6	4.886E-5	0.0001516	0.000259	-9.899E-6	2.028E-5	-0.0001188	0.0001797	0.0001725	-0.0002994	-0.0003087	6.621E-5	-3.527E-5	0.00026	-0.0001115	-0.0002161	0.0002494	0.0001327	4.098E-5	0.0001009	0.0001429	-7.695E-5	-9.545E-5	-0.0001393	-4.458E-5
603.849	16560.42	-0.0001872	-0.0002973	-0.0001883	-0.0001673	-0.0003449	-0.000294	-0.0001794	-0.0001904	-0.000128	0.0001593	-0.000267	-0.0001405	2.737E-5	1.147E-5	-4.546E-5	-0.0002095	-0.0003254	-0.0001388	4.282E-5	-3.236E-5	-0.0002489	-0.0001673	-0.0003175	-2.605E-7	-0.0001353	-0.00034	7.74E-5	0.0002168	-0.0001981	-0.0001355	-8.854E-5	1.453E-5	-0.0004176	-2.802E-5	-0.0003941
604.426	16544.62	0.000514	0.0003509	0.0002344	0.0004245	9.946E-5	9.325E-6	0.0004329	-5.068E-5	0.0003198	9.615E-5	0.0001427	0.0004492	0.0006211	0.0004869	0.0001771	0.000136	-0.0001214	0.0001684	0.0003652	0.0002218	0.0002657	0.0002621	0.0005164	4.794E-5	0.0004011	0.0005256	0.000206	0.0005461	0.0004647	0.0001356	0.0002915	0.000286	0.0003395	0.0001639	0.0002914
605.003	16528.85	2.044E-5	-0.0002108	0.0001069	0.0002067	-0.000156	-0.0001425	4.982E-5	-0.00014	2.871E-5	8.654E-6	-0.0003355	-0.0002077	4.716E-5	0.0001447	-0.0001719	1.634E-5	-0.0002149	-0.0001149	-0.000236	-0.0001518	-0.0002025	-0.0004085	0.0001634	5.362E-5	-0.0002847	-0.0001704	-3.212E-5	-0.0001843	-0.0001688	-0.0002868	-0.0002152	0.0001718	-9.709E-6	3.455E-5	-0.0003643
605.580	16513.11	-0.0002055	-0.000269	-0.0006049	-0.0003116	-0.0003511	-0.0002838	-0.0002649	-0.0002315	-0.000329	-0.0002639	-0.000309	-0.0002458	-0.0004457	-0.0002417	-0.0003602	7.423E-5	-0.0003752	-0.0003341	-0.0001315	-0.0001564	-0.0005514	6.95E-5	-0.0002197	-3.185E-5	-0.0003064	-0.0002659	-0.0002638	-0.0003658	-0.0001847	-0.0003114	8.042E-5	-3.098E-5	-0.0005653	-0.0004099	-0.0004269
606.156	16497.40	0.0001409	-9.614E-5	-0.0001548	1.29E-5	0.0002771	9.698E-5	4.637E-5	9.017E-5	0.0001503	7.28E-5	0.0001208	2.702E-6	2.871E-5	-9.749E-5	0.0001355	0.0002353	0.0001497	9.73E-5	0.0001401	0.0003513	0.000292	1.422E-5	0.0001738	5.924E-5	0.0002766	-0.000352	-0.0001357	-3.26E-5	-0.0001437	0.0001381	4.503E-5	8.935E-5	7.463E-5	0.0002761	-1.25E-5
606.733	16481.71	-0.0004392	-0.0004628	-0.0008203	-0.0006055	4.698E-5	-0.0003327	-0.0004041	-0.000278	-0.0003843	-0.0001541	-0.0003716	-1.133E-6	-0.000403	-0.0001519	-0.0003003	-0.0002271	-0.0004554	-0.0006741	-0.0002874	-0.0003585	-0.0002527	-0.0003544	-0.0003857	-0.0005367	-0.0004314	-0.0002767	-0.0005486	-0.0001455	-0.0002085	-1.862E-5	-0.0005556	-0.0003358	-0.0004787	-0.0003117	-0.0002655
607.310	16466.06	-0.0004213	-0.0004189	-0.0004353	-0.0006684	-0.0004863	-7.191E-5	-0.0004417	-3.398E-6	-0.0005764	-4.669E-5	-0.0002858	-0.000355	2.312E-5	-0.0001697	-0.0002894	-0.0003222	-0.000175	-0.000418	-0.000483	-0.0003621	-0.0002227	-0.0003718	-0.0005384	-0.0004201	-0.0001404	-0.0003	-0.0002998	-0.0003133	-0.0001218	-0.000164	-0.0002858	-0.0001955	-0.0003139	-0.0002763	-0.0001165
607.886	16450.44	-0.0005179	-0.0001502	-0.0002701	-0.0001153	-0.000663	-2.154E-6	-0.0003483	-0.0001276	-0.0001142	-0.0003443	-0.0003542	-0.000403	-0.0001642	6.018E-5	-0.0003273	-0.0004131	-0.0003859	-0.000305	-0.0005934	-0.0002522	-0.0001931	-0.0001504	-0.0002403	-0.0003179	-9.251E-5	-0.0002623	-0.000338	-0.0005197	-0.0001121	-0.0001691	-0.0003783	-0.0005481	-2.582E-5	-0.0003538	-0.000309
608.463	16434.85	-0.0001853	-0.0001411	-9.551E-5	0.0001158	-0.0003247	-6.252E-6	3.436E-5	-0.0001959	-0.0003324	-0.0003504	-8.301E-5	-0.0003857	-0.0004804	-0.0002498	-0.0001743	-0.0002147	-9.7E-5	-0.0003096	-0.0004138	-0.0002193	-0.0001104	-2.072E-5	-2.841E-5	-0.0001585	6.559E-5	-0.000104	-0.0002108	-6.785E-5	-0.0001537	-0.0002641	-2.514E-5	-0.0003304	-0.0002164	-0.0001638	-0.0003013
609.040	16419.29	-0.000623	-0.0003053	-0.0003816	-0.0003616	-0.0003601	-0.0003561	-0.0004278	-0.0005711	-0.0004805	-0.0002478	-0.0004438	-0.0006884	-0.0003294	-0.0002255	-0.000397	-0.0001991	-0.0004736	-0.0001748	-0.0006476	-0.0006234	-0.0004366	-0.0002958	-0.0004239	-0.0005304	-0.0002613	-0.0004278	-0.0005735	-0.0005951	-0.0001596	-0.0004802	-0.0002482	-0.0003804	-0.000304	-6.661E-5	-0.0004308
609.617	16403.75	-0.0006313	-0.00059	-0.0002993	-0.000358	-0.0005214	5.019E-5	-0.0003543	-0.0003224	-0.0005031	-0.0004736	-0.000245	-0.0004623	-0.0004348	-0.0001391	-0.0003437	-0.0002544	-0.000341	-0.0005046	-0.0004267	-0.0006407	-0.0004627	-0.0005116	-0.0002371	-0.0004534	-7.305E-5	-0.0003974	-0.0004271	-0.0002974	2.155E-5	-0.0004236	-0.0001142	-0.0004726	-0.0002994	-0.0004266	-0.000502
610.193	16388.25	-0.0001331	4.479E-5	0.0001622	-0.0001134	-0.0003081	5.947E-5	-7.306E-5	-8.962E-5	9.927E-5	-0.0004842	4.421E-5	-0.0001497	0.0001706	8.238E-5	-5.793E-5	2.289E-5	-9.741E-5	-0.0002515	-9.494E-5	-5.68E-5	-0.0002695	7.477E-5	-0.0002931	-0.000309	4.56E-5	0.0004005	3.593E-5	-4.826E-5	-8.438E-5	-0.0001097	-6.879E-5	-0.0004086	-3.032E-5	-0.0003373	-0.0002374
610.770	16372.78	-2.798E-5	-0.0002484	0.0001014	-0.0003189	9.083E-6	7.222E-5	-0.000134	0.000148	0.0002281	6.494E-5	-0.00013	-0.0001706	-2.711E-5	0.0001291	-7.098E-5	-1.631E-5	-0.0004138	-0.0002343	-0.0003789	-3.35E-5	-7.414E-5	-2.732E-5	-4.588E-5	0.0001389	-6.508E-5	9.031E-6	0.000275	-0.0001156	3.903E-5	-9.921E-6	-0.0001249	-0.0002289	-0.000116	-0.0003035	-6.679E-5
611.347	16357.33	8.114E-5	-1.728E-5	-7.439E-5	3.621E-5	0.0001191	-7.785E-5	4.594E-6	0.00014	7.544E-5	7.289E-5	-0.0002369	0.0001939	0.0002247	-0.0001502	-0.0001392	-4.779E-5	-8.43E-5	-0.0001178	-9.526E-5	-2.34E-5	-0.0001879	2.586E-5	5.62E-5	0.000317	0.0002352	0.000154	0.0003683	-0.0001789	5.914E-5	-0.0003526	0.0002116	-4.541E-5	-9.167E-5	-0.0001044	-0.0002041
611.923	16341.92	0.0001939	-0.0003628	0.0001875	8.685E-5	-0.0001699	-0.0002601	0.0001159	0.0003112	0.0003484	0.000243	-5.062E-5	2.035E-6	0.000427	3.828E-5	0.0001488	-0.0001703	6.186E-5	-2.639E-5	6.216E-5	0.0001361	-0.0001416	-8.976E-5	-9.223E-5	-6.325E-5	0.0001937	-0.000152	0.0002541	5.264E-5	0.0001402	-0.0001548	-3.928E-6	8.61E-5	9.943E-5	-0.000303	3.719E-5
612.500	16326.53	-0.0005672	-0.0003822	-0.0001416	0.0002153	-0.0001863	-0.0002677	-0.0001662	-0.000558	-0.0005179	-1.432E-5	-0.0003321	-0.0003701	-0.0001872	-0.000441	-0.0001923	-0.0005405	-0.0002417	-0.0003274	-0.0001327	-0.0001672	-0.0005541	-0.0005003	-0.000436	-0.0001454	-0.0003208	-0.0001787	-0.0004604	-0.0003943	-0.0004907	-0.0004202	-0.0002803	-0.0005331	-0.0004504	-0.0004035	-0.0005944
613.077	16311.17	1.601E-5	0.0004212	-1.651E-5	0.0004983	0.0003872	0.0004488	0.0003888	0.0001863	0.0001787	0.0003336	0.0001436	0.0001052	0.000413	0.0002368	0.0003228	0.0001499	0.0002743	0.0007035	-3.291E-5	0.0004047	-0.0001945	7.079E-5	0.0005217	9.128E-5	0.0003429	5.487E-6	0.000391	0.0001191	8.415E-5	0.0001034	0.0003771	-0.0001015	0.000181	1.726E-5	-0.000175
613.653	16295.84	-0.0002051	-0.000434	-0.0003332	-0.0003056	-0.0003119	-0.0001268	-5.348E-5	-0.0001873	-0.0005074	-0.0001288	-0.0003231	-0.0003082	3.054E-5	-0.0002713	-0.0002377	-0.0003778	-0.0001096	-0.000177	-0.0004889	-0.000248	-0.0001051	-0.0002198	-0.0008375	-0.000161	-0.0001763	-0.0005616	-7.744E-5	-5.703E-5	-0.0001222	-0.0001338	-0.000197	-0.0003023	-9.296E-5	-0.000411	-0.0001367
614.230	16280.54	0.000538	0.0002741	0.0004957	0.0005716	0.0006776	0.0005395	0.0005468	0.0005387	0.0003555	0.0003387	0.000609	0.0005389	0.0004999	0.0003476	0.0002178	0.0006214	0.0007989	0.0005341	0.0003699	0.0005757	0.0006769	0.0004073	0.0006753	0.0006461	0.0008431	0.0007325	0.0007837	0.0004854	0.0007279	0.0002228	0.0004162	0.0003216	0.0004689	0.0007191	0.0005717
614.807	16265.27	0.0002085	-0.000201	5.86E-5	2.46E-5	3.056E-5	-7.631E-5	-0.0001932	0.0001532	0.0001738	0.0002065	-0.0001604	-0.0001125	4.879E-5	0.0001931	-0.000333	-0.0003701	-0.0001425	-0.000301	3.761E-5	-4.557E-5	3.492E-5	0.0004314	5.014E-5	0.0002141	4.479E-5	0.0003039	0.0001004	0.000103	-6.655E-5	-0.0002143	0.000212	-1.69E-5	-5.885E-5	-8.963E-5	-7.927E-5
615.384	16250.03	0.0002624	9.066E-6	-4.832E-5	0.0001193	-8.003E-5	-4.796E-5	0.0004221	0.0002532	0.0004188	0.0004502	9.235E-5	-2.757E-5	0.000296	0.0001225	-3.903E-5	-3.811E-5	-0.000412	9.132E-5	-0.0001682	0.000363	0.0001948	-3.215E-6	-0.0001037	0.000113	0.0002969	0.0002536	-0.0001292	-5.442E-5	0.0001217	8.334E-5	-0.0001372	-8.976E-5	0.0001828	-5.203E-6	9.99E-5
615.960	16234.81	0.0002806	9.23E-5	7.456E-5	-0.0001511	-2.504E-5	0.0002779	0.0001423	-8.79E-5	0.0002351	2.154E-5	0.0001446	0.0001289	-5.465E-5	-0.000182	1.537E-6	0.0004374	3.185E-5	-0.0001902	-9.857E-5	0.0001424	-6.733E-5	-9.783E-5	7.093E-5	0.0001262	0.0002977	0.0001256	0.0001331	0.0002958	0.0001207	-5.898E-5	-7.064E-6	-1.942E-6	0.0003642	0.0001641	0.0001692
616.537	16219.63	7.072E-5	-0.0002069	0.0002894	0.0001826	0.0001933	-0.0001521	-2.447E-5	-5.358E-5	0.0003251	-0.0001755	-5.12E-5	3.441E-5	2.504E-5	0.0001039	0.0006023	7.292E-5	-4.288E-6	0.0001414	-2.553E-5	-0.000232	-6.895E-5	0.0003583	4.576E-5	-2.393E-5	-0.0001273	-0.0001262	-0.0001295	4.002E-5	1.245E-5	0.0001765	-1.085E-5	-7.768E-5	-0.0001815	0.0001611	0.0002674
617.114	16204.47	0.0001522	0.0003959	0.0003626	0.0002908	0.0003711	0.0003966	0.000157	9.601E-5	0.0005883	0.000172	0.0004288	-6.468E-5	3.924E-5	0.0005706	0.000341	0.0001159	0.0003158	6.969E-5	0.0005969	0.0001953	-0.0001244	9.449E-5	0.0003765	0.0006298	0.0007198	0.0003766	0.0001384	0.0001489	-2.655E-5	0.000234	0.0002002	0.0001526	1.519E-5	0.0001895	0.000247
617.690	16189.34	-7.357E-5	6.695E-6	-7.361E-5	-3.847E-5	3.598E-5	0.000242	1.671E-5	0.000294	-0.0001041	0.0002572	-9.738E-5	-5.055E-5	0.0002305	-0.0001351	-6.567E-5	-0.0002739	-0.0001986	-0.0001484	8.361E-5	-0.0001801	8.624E-5	5.216E-5	-2.872E-5	0.0003437	4.764E-5	-0.0004489	0.0002856	-0.0003091	-0.0001253	-0.0002544	0.0001636	-6.083E-5	0.0002101	0.0001367	0.0002216
618.267	16174.24	4.019E-5	-0.0001017	-7.741E-6	-0.0001115	0.0001993	-6.618E-6	-0.0001376	0.000233	0.0002792	0.0001755	-5.335E-5	5.143E-5	0.0001277	-0.0004395	-0.0001599	-0.0001585	-4.474E-5	-0.0001984	-5.453E-5	7.022E-5	0.0002415	3.202E-5	0.0001038	-9.561E-5	-5.332E-5	-3.364E-5	-3.973E-5	0.0002676	-9.982E-5	0.000289	-0.0002552	-0.0003251	0.0002777	-8.859E-5	-7.354E-5
618.844	16159.16	-0.0004564	-0.000365	-0.0005563	-0.0001412	-0.0005381	-0.0003092	-0.00022	-0.0002311	-0.0004401	-0.0003185	-7.001E-5	-0.0001995	-0.0002334	-0.0002733	-0.0001728	-0.0005404	-3.15E-5	-0.000133	-1.176E-5	0.000278	-0.0002398	-0.0005263	-0.0001323	-0.0002599	-0.0001149	-0.0005441	-0.0004055	-0.0001688	-0.0002838	-0.000412	-0.0003885	-0.0004387	-0.0002318	-0.0001582	-0.000316
619.421	16144.12	-0.0006752	-0.0005153	-0.001035	-0.0004403	-0.0005101	-0.0008189	-0.0006303	-0.0008213	-0.0004785	-0.0005154	-0.0005499	-0.0004152	-0.0006119	-0.000553	-0.0004646	-0.0001803	-0.0004046	-0.0005654	-0.0006579	-0.0005104	-0.0009405	-0.0006085	-0.0005011	-0.000293	-0.0002891	-0.000885	-0.000686	-0.0007174	-0.0007183	-0.0005429	-0.0004697	-0.000689	-0.000699	-0.0004976	-0.0008727
619.997	16129.10	-0.0006233	-0.0003973	-0.0008729	-0.0003731	-0.0004781	-0.0004323	-0.0007301	-0.0007085	-0.0005191	-0.0007877	-0.000606	-0.0006942	-0.0007006	-0.0003933	-0.0007951	-0.0005216	-0.0003491	-0.0005926	-0.0005153	-0.000544	-0.0007674	-0.000685	-0.0009419	-0.0002687	-0.0003757	-0.0009909	-0.0007489	-0.000574	-0.001011	-0.0008637	-0.0007878	-0.000803	-0.0005164	-0.0003825	-0.000973
620.574	16114.11	-0.0003038	-0.0003726	-0.0004814	4.287E-5	-7.727E-5	9.144E-5	-0.000226	-5.889E-6	-0.0003029	-0.0001754	0.0001464	0.0002078	-0.0002012	6.419E-5	-4.369E-5	-0.0001336	0.0001895	-0.000224	4.536E-5	6.528E-5	-0.0002763	-0.0003415	-0.000262	0.0003045	-0.0002966	-7.606E-5	-0.0001443	7.056E-5	5.816E-5	-0.0002917	-0.0001896	-0.0003166	-0.0003584	-0.0002113	-0.0003503
621.151	16099.15	-0.000524	-0.000124	-0.000936	8.885E-5	-0.0007953	-0.0004558	2.806E-6	-0.0003719	-0.0004502	-6.52E-5	-0.0003092	-0.00041	-0.000393	-0.000144	-0.0005533	-0.0005481	-0.0005574	-0.0002247	-0.0003485	-0.0004648	-0.0003736	-0.0002012	-0.0005512	-5.884E-5	-0.0006188	-0.0003317	-0.0005409	-0.000312	5.164E-6	-0.0003136	-0.0004941	-0.0006221	-0.0004332	-0.0008459	-0.0004494
621.727	16084.22	-0.0006214	-0.0001495	-0.0007038	-0.0005806	-0.0001064	-0.0005302	5.97E-5	-0.0001768	-0.0003127	-0.0003381	-0.0004183	-0.0005797	-0.0006554	-0.0004612	-0.0004075	-0.0005148	-0.0004755	-0.0003289	-0.0003691	-0.0004408	-0.0004231	-0.0001098	-0.0006173	-0.0003476	-0.0004436	-0.0005792	-0.0003383	-0.0004736	-0.0006783	-0.0004395	-0.0004431	-0.0006593	-0.0004724	-0.000631	-0.0002713
622.304	16069.31	-0.0008806	-3.711E-5	-0.0004987	-0.0005093	-0.0007455	-9.625E-5	-0.0006866	-0.0001707	-0.0008339	-0.0004539	-0.0005434	-0.0006513	-0.0004208	-0.0003612	-0.000406	-0.0002234	-0.0003697	-0.0003036	-0.000522	-0.0004743	-0.0005451	-0.0006117	-0.0003282	-0.0002409	-0.0007555	-0.0005727	-0.0007695	-0.0004725	-0.0003323	-0.0004087	-0.0007744	-0.0003861	-0.000152	-0.0004973	-0.0007322
622.881	16054.43	-0.0005093	-5.349E-5	-0.0006378	-0.000617	-0.0003051	-0.0002927	-0.0005529	-0.0005567	-0.0005296	-0.00033	-0.0003819	6.804E-5	-0.0001783	-0.0004217	-0.000188	0.0001191	-0.0001094	8.998E-5	-0.0001614	4.996E-5	-0.0005097	-0.0005713	-0.0001875	-0.0004082	-0.0004332	-0.0001417	-0.0005597	-0.0002627	-0.0004524	-7.34E-5	-0.0005534	-0.0003329	-0.0003729	-0.0005603	-0.000464
623.458	16039.58	-0.0004841	-6.818E-5	-0.0007964	-0.0003548	-0.0001122	6.509E-5	-0.0001393	-7.193E-5	-0.0002685	-0.0004212	-1.683E-5	-0.0003777	-0.0001168	-0.0002551	-9.781E-5	5.24E-5	-5.755E-5	-0.0001706	-0.0004665	-0.0002383	0.0001287	-0.0004033	-0.0005176	-0.0001157	-0.0004042	-0.0003284	-0.0006152	-0.000352	-0.0002129	-0.0004915	-0.0005171	-0.000333	-0.0002715	-3.734E-5	-0.0001759
624.034	16024.76	-0.0003185	0.0004188	-0.0001852	0.0002406	4.137E-5	0.0001275	-1.483E-5	7.126E-5	-0.0002801	-0.0002541	-0.0003044	0.0001492	0.0002778	-0.0001271	0.0001617	6.574E-5	-8.323E-5	2.937E-5	-0.0002165	1.005E-5	-5.313E-5	0.0003866	8.799E-5	-0.0001505	-0.0001342	-0.0004078	-0.0003934	-0.0001491	-0.0001932	-0.0001938	-0.0002091	-0.000254	-0.0001009	-5.827E-5	-0.0002624
624.611	16009.97	-0.00037	-0.000418	-0.0003607	-0.0001842	-0.0004299	-0.0004175	-0.0004994	-0.0005112	-0.0001882	-0.0002908	-0.0003188	-0.0002376	-0.0005476	-0.0001465	-0.0003117	2.652E-5	-0.000333	-0.0002668	6.301E-5	-0.0002425	-0.0004842	-0.0001212	-0.0003613	-0.0004244	-0.0005616	-0.0003027	-0.0003481	-0.0004668	-0.0007227	-0.0004862	-0.0004986	-0.0007126	-0.0003724	-0.0008165	-0.0003292
625.188	15995.20	-0.0006047	-0.0004093	-0.0007344	-0.0006952	-0.0004411	-0.0003798	-0.0004969	-0.0002385	-0.0002263	-0.0005149	-0.0001516	-0.0003407	-0.0002671	-0.0003064	-0.0004471	-0.0002725	0.0001185	-0.0001993	-0.0003413	-0.0001988	-0.0002938	-0.0001205	-0.0005903	-0.0003888	-0.0001536	-0.0006346	-0.0006545	-0.0003376	-0.0005612	-0.0003019	-0.0003152	-0.0004996	-0.0004205	-0.0002338	-0.0002272
625.764	15980.46	-0.0004865	0.0002609	-0.0005019	-0.0001391	-0.0001744	-0.000406	-0.0001492	-0.0004086	0.0001146	-0.0001339	-0.0001652	-4.427E-5	8.553E-5	-0.0002837	-0.000441	3.955E-5	-7.819E-5	3.295E-5	0.000282	0.0002197	-0.0001461	-0.000174	-0.0001311	0.0001046	0.0002	-5.537E-5	-0.0002949	-9.303E-5	6.159E-5	-0.0002446	-0.0004853	-0.000318	9.855E-6	-0.0002494	-0.000264
626.341	15965.74	-0.000312	-0.0001237	-0.0006578	-0.0001388	-0.000399	-0.0002332	-5.084E-6	-0.0003764	-0.0002909	-0.0004024	-0.0003343	5.358E-5	-6.464E-5	-0.0001849	-0.0002361	-0.0001443	-0.0002405	-0.0005286	-0.0002114	-1.539E-5	-0.0002699	-3.714E-5	-0.000293	-0.0003634	-0.000423	-0.0005036	-0.0005038	-0.0001074	-5.543E-5	-0.0002002	-0.0001561	-0.0002342	-7.419E-5	-0.0004467	-0.0005201
626.918	15951.05	-0.0002261	0.0002664	-0.0005302	5.568E-5	-3.464E-5	6.713E-5	0.0003203	-0.0001019	0.000173	0.0002495	6.312E-5	0.0001659	0.0001052	-0.0003292	-0.0001752	7.051E-6	2.037E-5	-0.0002355	-4.967E-5	8.468E-5	-6.645E-5	-0.0002817	1.415E-6	-0.0003797	0.0001135	6.906E-5	6.874E-5	-0.0003306	-0.0001182	-3.356E-5	-3.973E-5	-0.0001394	-0.0002688	3.515E-5	-0.0001111
627.495	15936.39	7.385E-5	0.0003155	-5.618E-5	0.0001335	-3.922E-5	-4.248E-5	0.0002592	6.426E-5	0.0001603	0.000202	0.0001293	0.0001189	0.0001705	0.0001323	0.0002299	8.694E-5	0.000464	0.0001758	0.0004162	0.0002317	0.0001577	0.0003829	0.0001335	-0.0001639	0.0002048	0.0002248	0.0001582	1.648E-5	0.0001286	0.000145	0.0003243	0.0001643	0.0001144	-7.516E-5	-9.897E-5
628.071	15921.76	-0.000248	-2.081E-5	-0.0005011	-0.000133	-0.0003519	-0.0004595	-0.0002581	-0.000164	0.0002366	-0.0001241	1.327E-5	-0.0001301	-0.0002183	-0.0001322	-0.0003309	-1.984E-6	0.0001128	-0.0003126	-9.315E-5	3.793E-5	-0.00019	-0.0001661	-0.0004661	-3.763E-5	-0.0002589	-9.321E-5	0.0001205	-0.0001697	-7.102E-5	-1.274E-5	-0.0002581	-0.0003563	-0.0002594	-0.0003717	-0.0003054
628.648	15907.15	-0.0002142	3.88E-5	-8.242E-5	-0.0002156	-0.0001275	0.00016	-0.0002116	6.914E-6	0.0001199	0.0001916	-9.232E-5	0.0002967	-7.634E-5	-3.775E-5	0.0001231	-0.000151	-0.0002542	-0.0001006	0.000168	0.0001162	8.702E-5	3.49E-6	-8.974E-5	-0.0001563	3.887E-5	-0.0003282	1.998E-5	-6.816E-5	-5.86E-5	-4.307E-5	-0.0003206	-0.0001104	-0.0002238	-0.0001329	-0.0002012
629.225	15892.58	5.085E-6	-0.0001719	0.0001348	-7.469E-6	-0.0002686	-8.77E-5	-0.0001438	7.092E-5	-0.0002833	2.519E-5	-0.0003474	-3.778E-5	-0.00016	-0.0001581	-9.68E-5	-4.962E-5	-0.0005021	-0.0002872	8.987E-5	0.0002048	-0.0002083	-1.723E-5	0.0001037	-0.0003922	-0.0004062	-1.89E-5	-5.862E-5	-0.000369	-0.00023	7.91E-5	-0.0002345	-8.462E-5	-0.0002271	-0.0002251	0.0002261
629.801	15878.02	0.0001351	-0.0003024	1.566E-5	-7.854E-5	6.717E-5	0.0001308	-7.852E-5	-4.478E-5	9.942E-5	0.0001138	-8.063E-6	7.987E-5	-0.0004391	-0.0001495	-0.0002307	-9.906E-5	-0.0001955	2.167E-5	5.811E-6	-0.0001072	-4.881E-5	7.274E-5	-0.0001704	1.636E-5	1.512E-5	-2.804E-5	0.0002172	-0.0003632	-0.0003346	-5.947E-5	-8.484E-5	-0.0003061	-0.0001696	-9.012E-5	-0.0002698
630.378	15863.50	-0.000194	-0.0005445	0.0001726	-0.000584	-0.0002678	-0.0003241	-0.0005143	-0.0002988	-0.0004493	-0.0004543	-0.0004696	-0.000424	-0.0005803	-0.0003383	-0.0001091	-0.0004233	-0.0007776	-0.0003893	-0.0004657	-0.0007156	-0.0006284	-0.0005465	-0.0004852	-0.0006739	-0.0003763	-7.72E-5	-6.264E-5	-0.0006371	-0.0007677	-0.0005824	-0.0006303	-0.0005459	-0.000283	-0.0005496	-0.0006328
630.955	15849.00	-0.0003957	-0.0002857	-0.0003877	-0.0004429	-0.0005274	-0.0005828	-0.0004454	-0.0007068	-0.0005951	-0.0006683	-0.000508	-0.0004516	-0.0004319	-0.0005287	-0.0004171	-0.0005982	-0.0007948	-0.0007532	-0.0006743	-0.0005548	-0.0004727	-0.0002681	-0.0005	-0.0008301	-0.000532	-0.0003368	-0.0003038	-0.0006539	-0.0009081	-0.0004738	-0.0008577	-0.0002251	-0.0004911	-0.0002918	-0.0005236
631.531	15834.52	-0.0002578	-0.0001594	-0.0001755	-0.000479	-5.95E-5	-0.0002212	-0.0003473	-0.0002096	-0.0004403	-0.000566	-0.000316	-0.0003371	-0.0001691	-0.0002591	-0.000343	-0.000294	-0.0001682	-0.0001942	-0.0005087	-0.0004178	-0.0006469	-0.0002509	-7.83E-5	-0.0002369	-0.0005233	-9.369E-5	-2.254E-5	-0.0004475	-0.0003991	-0.0001863	-0.0004594	3.386E-5	-0.0005265	-0.0001667	-0.0003526
632.108	15820.08	-0.0001883	0.0002291	2.981E-6	3.854E-5	5.263E-5	0.000398	6.865E-5	-8.543E-5	-7.843E-5	2.972E-6	0.0004825	0.0002793	0.0001986	-0.0002716	2.211E-5	3.421E-5	-6.99E-5	0.0001863	-0.0001658	2.682E-5	-0.0001161	0.0001783	0.0002442	0.0001634	0.0002318	-0.0001751	7.691E-5	0.0001191	-5.054E-5	-7.801E-5	0.0001147	7.211E-5	0.0001447	1.782E-5	-0.0003825
632.685	15805.66	-0.0001631	0.0001542	-0.0001605	-0.0001561	-0.0003237	0.0001509	-9.29E-5	1.26E-5	-0.0003805	9.074E-5	0.0001006	9.762E-5	-8.24E-5	9.333E-6	-0.0001805	-0.0001283	-0.0002621	1.818E-5	-0.0001927	-0.0002848	-0.0001452	0.0001402	-3.143E-5	-3.522E-5	-3.918E-6	-0.0002466	-0.0003206	-4.829E-5	-0.0001153	-0.0002195	-0.0001124	-2.025E-5	1.678E-5	-0.0002278	-0.0002255
633.262	15791.26	-0.000154	1.51E-5	-0.0004753	-0.0003912	-0.0003274	3.998E-6	0.0001034	-0.0003632	-0.0002349	-0.000459	-0.000112	-0.0001451	-0.0001919	3.882E-5	-0.0001915	0.0001939	-0.0001974	-0.0001773	-0.0001676	-0.0001103	-0.000121	-0.0001153	-8.955E-5	-0.0003971	-8.629E-5	-0.0003226	-0.0003392	-0.0003168	-0.0004714	-0.0002943	-0.00039	-0.0001126	-0.000105	-0.0004094	-0.0004197
633.838	15776.89	-6.872E-5	-1.449E-5	-0.000402	-0.0001027	5.882E-5	-1.893E-5	0.0001615	7.659E-6	-0.0001659	0.0001015	-0.0002856	-3.475E-5	0.0003589	0.0002186	0.0002086	0.000273	0.0004123	0.0001065	0.0001478	3.225E-5	-0.0002624	0.0001067	0.0001977	-0.0001106	0.0004061	-0.000321	-0.0002083	-0.000124	0.0001722	-0.0002337	5.479E-5	-3.542E-5	-0.0002083	1.359E-6	-0.0002165
634.415	15762.55	-0.0005531	-0.0003922	-0.0006065	-0.0006417	-0.0004554	-0.0003911	-0.000372	-0.0007151	-0.0004631	-0.0003282	-0.0007044	-0.0002678	-0.000216	-4.453E-5	-2.528E-5	-0.0003059	-0.0001731	-0.000316	-0.0002053	-0.0006755	-0.0004136	-0.0002568	-0.0002068	-0.0003372	-0.0001968	-0.0006141	-0.0005711	-0.0008171	-0.000105	-0.0004337	-0.0006355	-0.0005544	-0.0006015	-0.0004515	-0.0007517
634.992	15748.24	-0.0003887	-0.0005952	-0.000504	-0.0003054	-0.0006578	-0.0004222	-0.0007634	-0.0005058	-0.000793	-0.0005742	-0.0005331	-0.0003887	-0.0004976	-0.0003286	-0.0001292	-0.0003674	-0.0004972	-0.0005683	-0.000449	-0.0006099	-0.0004665	-0.0005168	-0.0004024	-0.0006609	-0.0003386	-0.0007987	-0.0004511	-0.0004832	-0.0003953	-0.0006179	-0.000707	-0.000499	-0.0003602	-0.0005341	-0.0006917
635.568	15733.95	-1.095E-5	-0.0001055	1.83E-5	4.916E-5	-0.0003499	-0.000227	-0.0003306	-0.0003051	-0.0004431	-0.00028	-8.381E-5	-0.000218	0.0001792	-0.00021	-0.0002718	-0.0002121	-7.421E-5	-0.0002826	-0.0002924	-0.000371	-0.0003704	-0.0002176	-0.0003768	-0.0002694	-5.437E-5	-0.0002919	-0.0004173	-0.0002262	-0.000266	-0.0004376	-0.0003632	-9.728E-5	-0.0003937	-0.0003429	-0.0003569
636.145	15719.68	-0.000281	-0.0003337	-0.0001771	-0.0003809	-0.0004967	-0.0001932	-0.000276	-0.0005343	-0.0003707	-0.000101	-0.0003633	-0.0002584	5.806E-5	-0.0002526	-0.0003351	-0.0001496	-0.0002021	-0.0002795	-0.0005047	-0.0005071	-0.0003487	-0.000289	-0.0004653	-0.0002466	-0.0002632	1.163E-5	-0.0002927	-0.0002163	-0.0003334	-0.0006384	-0.0002451	-0.0002773	-0.0003507	-0.0004101	-0.0005509
636.722	15705.44	-0.0001136	-0.0003876	-0.0002144	-0.0001526	-0.0002637	-8.076E-5	3.122E-5	5.223E-5	-3.447E-5	-0.0001735	-0.0001794	-0.0001072	-0.0001796	-0.0003373	-1.36E-5	-0.0001369	5.384E-5	-0.0002641	-0.0001119	-0.0002551	-0.0003583	-6.637E-5	-0.0003935	4.567E-5	-0.0001017	-0.0001641	-0.0002565	-0.0001361	-0.0001438	-0.0003522	6.762E-5	-0.0001386	-0.0002917	-0.0001001	-9.119E-5
637.299	15691.23	6.822E-5	2.53E-5	0.000127	0.0002098	8.458E-5	-5.122E-5	7.127E-5	0.0003129	0.000124	2.99E-5	0.0001625	4.343E-5	0.0002002	0.0002601	0.0003648	0.000167	0.0002605	5.853E-5	0.0004706	-0.0002651	8.244E-5	0.0002125	-3.824E-5	0.0003444	0.0002438	0.0001869	-0.0002482	0.0002923	0.0001771	0.0001482	0.0001216	0.0001871	-9.404E-5	-1.586E-5	8.16E-5
637.875	15677.05	-5.431E-5	-0.0003231	-3.618E-5	0.0003699	5.724E-5	3.084E-5	-3.543E-5	8.769E-5	-0.000178	6.71E-5	2.895E-5	0.0001245	0.0003339	0.0002535	-8.898E-5	0.000183	0.000189	5.571E-5	0.0001818	-0.000172	7.299E-5	5.985E-5	-0.0001242	9.681E-5	0.0001505	0.0003538	-0.0001018	0.0002634	-6.739E-5	0.0001997	-6.542E-5	-8.393E-5	6.741E-5	0.000115	8.867E-5
638.452	15662.88	-0.0002963	-0.0002193	-0.0003271	3.489E-6	-0.0003596	-0.0002313	-0.0002815	-0.0002488	-0.0003188	3.819E-5	-3.868E-5	4.869E-5	0.0002065	0.0001771	-3.078E-5	-0.0002141	-0.0003666	-9.353E-5	-0.0001907	-0.0001387	3.75E-5	-0.0002676	-0.0001145	-6.202E-5	0.0001334	-8.735E-5	-6.454E-5	3.719E-5	-0.0001204	-0.0001372	-0.0001862	-0.0002725	-8.25E-5	-0.000199	-0.0002204
639.029	15648.75	-0.000461	-0.0005	-0.0003551	-0.0003424	-0.0004513	-0.0002081	-0.0003171	-0.000158	-0.0002304	-0.0003549	-0.0001956	-0.000276	-0.0003138	-2.093E-5	-0.0002193	-0.000295	-0.0002681	-0.000165	-0.0002456	-0.0003752	-0.0002692	-0.0002218	-0.0003274	-0.0002059	-0.000258	-0.0003024	-0.0002452	-7.572E-5	-0.0001505	-8.955E-5	-0.000406	-0.0002682	-0.0003612	-0.0007043	-0.0004443
639.605	15634.64	-0.0002944	-4.523E-5	-0.0002165	-0.0001646	-0.0002943	-0.0001831	-0.0002555	-1.667E-5	-9.187E-5	-0.0002066	8.385E-5	-0.0002707	-9.29E-5	-8.566E-5	-0.0001991	-0.0002223	-0.0003927	-0.0003609	-3.649E-5	-0.0001514	-0.0005093	-0.0004142	-0.0004106	-0.0003663	-0.0001686	-0.0002254	-0.0002245	-0.0001476	-0.0002248	-0.0001703	-0.0002802	-0.000172	-0.0001979	-0.0005865	-0.0003795
640.182	15620.56	-0.0005458	-0.0002927	-0.0002696	-0.0001297	-0.0005216	-5.402E-5	-0.0003177	-0.0002542	2.51E-5	-0.0001291	3.441E-5	-0.0003828	-0.0003404	-0.0002849	-0.0002369	-0.0001411	-0.0004322	-9.675E-5	-0.0001758	-0.0003811	-0.0004614	-0.0002261	-0.0003204	-0.0002205	-0.0003128	-0.0003001	-0.0005092	-0.0001083	-0.0005975	-0.0002528	-0.0002608	-0.0004123	-0.0002587	-0.0006087	-0.0003572
640.759	15606.50	-0.0004204	9.641E-5	-0.0001614	1.21E-5	-0.0002698	-6.496E-5	-0.0001595	-0.0001429	-0.0001613	-0.0001394	-7.362E-5	-0.0001965	2.115E-5	-0.0001159	-0.0002075	-0.0004401	-0.0001048	-0.0001848	-0.0002587	-7.368E-6	-0.0002472	5.502E-5	-0.0004195	-0.000132	-7.721E-5	-0.0001952	-7.531E-5	-0.0002835	-0.0002108	-0.0003932	-0.0002539	2.692E-5	-0.0002337	-0.00038	-0.0003056
641.336	15592.46	-0.0002518	0.000468	8.454E-5	0.0002863	0.0002695	5.494E-5	6.32E-5	3.933E-5	0.0001629	0.0001015	0.0002813	5.301E-5	4.501E-5	0.0001231	0.0001295	-0.0001133	0.0002001	5.916E-5	-0.0002273	0.0002559	0.0002863	0.0001643	5.977E-5	-3.66E-5	3.582E-5	0.000119	0.0001102	2.099E-5	0.0002386	-8.896E-5	0.0002271	0.0001096	0.0001348	0.0001546	-2.719E-6
641.912	15578.45	-0.0003183	5.992E-5	-0.0003792	-0.0001405	1.961E-5	-0.0001512	-4.964E-5	-3.882E-5	-0.0001744	-0.0001222	-0.0001393	-9.069E-5	1.026E-5	-5.003E-5	9.536E-6	9.975E-7	-0.0002494	-0.0001402	-0.00017	-0.0002253	-4.594E-5	-0.0002129	-0.0001475	-5.227E-5	-0.0002723	-0.000142	-9.561E-5	-0.0001856	-4.195E-5	-0.0002469	-9.664E-5	-0.0002206	-0.0002139	9.309E-6	-0.00017
642.489	15564.47	-0.000238	2.203E-5	-0.0001518	-0.0001894	-0.0002946	-0.0001863	-0.0004216	-0.0001291	-0.000152	-0.0001087	-0.0002174	-0.0002473	-0.0003908	-0.0002154	-0.0003526	-0.0003517	-0.0001338	-0.0002894	-0.0002074	-0.0003423	1.343E-5	-0.000318	-0.000277	-0.0004858	-0.0003029	-0.0002542	-0.000168	-0.0002848	-0.0003366	-0.0004219	-0.000124	-0.0005095	-0.0004659	-0.0002306	-0.0003723
643.066	15550.51	-0.0001953	0.0001346	-2.604E-5	-0.0002074	-0.0003772	-0.0001974	-0.0001807	-8.305E-5	2.081E-5	-0.0002406	-0.0002595	-0.0002347	-0.0002798	-0.0001861	-0.0002707	-0.0001914	-1.109E-5	-9.711E-5	-0.0001017	-0.0001489	-0.0002167	-6.945E-5	-0.000192	-6.21E-5	-0.0002974	-0.0004115	-0.0001807	-0.0005919	-0.0002538	-0.000137	-0.0003256	-0.0002055	7.781E-5	-0.0001904	-0.0003793
643.642	15536.58	-0.0004303	-2.553E-5	-0.0007437	-0.0002624	-0.0003918	-0.0004583	-0.0001704	-0.0003278	-6.001E-5	-0.0004111	-0.0001895	-0.0004051	-0.0005081	-0.0004828	-0.0003305	-0.0001949	-8.03E-6	-0.000384	-0.000281	-0.0002001	-0.0008447	-0.0003944	-0.0003891	-0.0002411	-0.0007469	-0.0005442	-0.0005047	-0.0005841	-0.0002251	-0.0003579	-0.0003058	-0.0002841	-0.0004939	-0.0004142	-0.0007647
644.219	15522.67	-0.0004607	-4.367E-5	-0.0003286	-0.000332	-7.263E-5	-0.0003169	5.387E-5	-0.0002394	0.0002071	-0.0002054	9.883E-5	-7.481E-5	-0.0002302	-0.0002411	-0.0002776	-0.0002966	3.166E-5	-9.191E-5	0.0001364	4.922E-5	-0.0003258	-0.0002754	-0.0001306	-0.0001102	1.148E-5	-0.0002275	-0.0003839	0.0001262	-0.000146	-0.0001134	-0.000182	-0.000132	-0.0003618	-0.0004695	-0.0003954
644.796	15508.79	-0.0005528	-4.066E-5	-4.859E-5	-0.0001742	-0.0001969	-0.000348	-0.0002782	-8.903E-5	-1.002E-5	-0.0002636	-5.82E-5	2.358E-5	-5.113E-5	-0.0001925	-0.0001708	-0.0001282	-0.0001837	-0.0003004	7.609E-5	-0.0001326	-0.0003755	-0.0001767	-7.883E-5	-0.0003768	-0.0001149	-0.0005505	-0.0003127	0.0001754	-0.0002384	4.92E-5	-0.0001435	-0.0002333	-0.0002168	-0.0001607	-1.909E-5
645.373	15494.93	-0.0006223	-8.958E-5	-0.0005043	-0.0002524	-0.0001279	-0.00026	-0.0004504	-4.026E-7	-0.0003933	-0.0001497	-0.0002145	0.0001094	-0.0002697	0.0001338	-0.000277	-0.0003297	-0.0001216	-0.0002669	0.0002922	-0.0002647	-0.0003898	-0.0002572	-0.0001663	-0.0003285	5.439E-7	-0.0003532	-0.0004024	-0.0003563	-9.243E-7	-0.0002277	-7.991E-5	-0.0003006	-0.0004295	-0.0001393	-0.0003726
645.949	15481.09	-0.0006394	-8.34E-5	-0.0006469	-0.0002852	-0.0002866	-0.0001596	-0.0002443	-0.0002801	-0.0002942	7.18E-5	0.0001175	6.451E-5	-0.0001335	-4.146E-5	-9.143E-5	-0.0003784	-1.878E-5	-0.0002344	5.094E-5	-1.256E-5	-0.0004258	-0.0005523	-0.0006245	-0.0001757	-0.0002296	-0.0006304	-0.000401	-0.0004732	-0.000235	0.0001535	-0.0003398	-0.0002508	-0.000287	-0.0002909	-0.0001152
646.526	15467.28	-0.0004958	-2.774E-5	-0.0003074	-0.0003498	-0.0001756	-0.000314	-0.0001674	-0.0004928	-0.0003334	-0.0002794	-0.0002317	-0.0001983	-0.0001283	-0.0001399	-0.0001149	-0.0002986	-0.0001453	-0.0002486	0.0001195	0.0001634	-0.0002821	-0.0004405	-0.0005706	-0.0004164	-0.0002266	-0.0006125	-0.0005449	-0.0002759	-0.0005445	-0.0002121	-0.0004311	-0.000205	-0.0002404	-0.0004439	-0.0002208
647.103	15453.50	-0.0006048	0.0001274	-4.211E-5	-0.0003446	-0.0001537	-8.442E-5	-0.0005297	-0.0004784	-0.0002621	-0.000334	-2.466E-5	-0.0003883	0.000161	2.2E-5	-0.0001884	-0.0002413	-8.734E-5	-0.0001925	9.689E-5	1.576E-6	-0.0002038	-0.0002861	-0.0004775	-0.0003607	-0.0001465	-0.0003094	-0.0002426	-0.0001501	-0.0002118	-0.0006226	-0.0005319	-0.0003153	-0.0002066	-0.0001745	-0.0002114
647.679	15439.74	-0.0003572	-0.0002218	-0.0003901	-0.0005746	-0.000372	3.759E-6	-0.0003949	-0.0003175	-0.0003342	-8.609E-5	-0.0001501	-0.0001996	9.254E-5	-5.342E-5	-0.0002667	-8.387E-5	-0.0001041	-7.803E-5	-0.0002139	-0.0002543	-0.0002249	-0.00034	-0.0004371	-0.000168	-0.0001101	-0.0001895	-0.0002914	-0.000205	-4.395E-5	-0.0002206	-0.0004798	-0.0004177	-0.0002748	-0.0002758	-0.0003495
648.256	15426.00	-0.0003136	-0.0002205	-0.0001155	-0.0003578	-0.0002033	4.952E-5	-0.0001842	-0.0002949	-0.0003705	-0.0002796	-0.0002089	-4.623E-5	-0.0001853	-4.808E-5	-0.0002778	-0.0003228	-0.0002704	-0.0003056	-0.000164	-0.000385	-0.0002624	6.873E-5	-7.346E-5	7.863E-5	-1.488E-5	-0.0001237	-0.0004619	-0.0001178	-0.0001939	-0.0002574	-0.0003155	-0.0002683	2.225E-5	-0.0002284	-0.0004216
648.833	15412.29	0.0002909	9.319E-5	0.0001128	9.449E-5	0.0001425	0.0001565	0.0001531	6.835E-5	-0.0001305	-0.000217	-2.339E-5	-0.0001027	9.501E-5	7.072E-5	0.0001385	0.0001233	6.669E-5	-0.0001337	7.227E-5	2.952E-5	0.0001097	0.0001509	0.0002211	0.0001728	0.0001018	0.0001051	-5.17E-5	0.0001992	-0.0001952	-0.000247	-4.713E-5	-0.0001464	0.0001932	0.0001238	0.000174
649.409	15398.61	0.0002931	6.538E-5	0.0001395	0.0001917	0.0002836	0.0002937	0.0002148	9.911E-5	0.0001543	0.00019	0.0001983	0.0001166	0.0002591	0.0003538	0.000186	0.0001818	0.0001573	5.634E-5	9.431E-5	0.0002209	0.0001738	-3.145E-7	0.0002622	0.0001444	0.0001524	0.0002822	0.0003067	8.383E-5	-0.0001436	3.972E-5	7.53E-5	0.0001779	0.0003911	-4.06E-6	0.0002203
649.986	15384.94	-0.000127	9.762E-5	9.835E-5	5.277E-5	0.000251	0.0002103	-2.873E-5	0.0001338	7.714E-5	0.000127	9.488E-5	8.473E-5	-8.581E-5	0.0002518	-0.0001839	0.0002146	-0.0001206	-0.0001409	-7.527E-6	0.0001214	-0.0002622	0.0002503	-1.823E-5	-4.491E-5	7.556E-5	-0.0001198	2.738E-5	-0.0002241	-0.0002053	0.0001075	-0.0002808	-9.449E-5	-0.0001796	-0.0001607	-0.000202
650.563	15371.30	-0.0002014	4.521E-5	-0.0002637	-0.0001765	-3.22E-5	7.963E-6	8.839E-5	-0.0003041	-0.000107	0.0001666	4.262E-5	0.000112	-0.0002821	-6.086E-5	3.135E-5	-2.655E-5	-8.372E-5	-0.0002044	-0.0001979	6.625E-5	-0.0002077	5.414E-5	-0.0002187	-5.93E-5	-3.833E-5	-0.000255	-0.0002154	-5.999E-5	-8.866E-5	5.727E-5	-0.0004303	-0.0002527	-0.0002833	-0.0002671	-0.0002725
651.140	15357.69	-4.906E-5	-6.735E-5	-0.000261	-0.000357	-7.223E-5	-0.000173	1.812E-5	2.891E-5	-2.665E-5	-6.909E-5	-0.0001618	-0.0002955	-0.0002546	-3.779E-6	6.478E-6	-0.0002474	-5.326E-5	1.686E-5	-7.489E-5	5.468E-5	-1.876E-5	-0.0002838	-0.0003289	-2.937E-6	-2.74E-5	-0.0002458	-0.0002712	-0.0001133	7.526E-6	-0.0001979	-0.0001154	-0.0001764	-9.614E-5	-0.0004146	-8.622E-5
651.716	15344.10	-0.000307	-6.933E-5	-0.0001219	-0.0005364	-0.0001973	-0.0002986	-0.000213	-5.054E-5	-0.0002581	-0.000387	-0.0002537	-0.0005007	-0.0003969	-0.0002815	-0.0002632	-0.0003913	-0.0003395	-0.0001644	-9.389E-5	-0.0002189	-0.0004427	-0.0004483	-0.0005641	-0.0003618	-0.0002053	-0.0004038	-0.0002044	-0.0001593	-0.00026	-0.0002383	-0.0003286	-0.0005343	-0.0001049	-0.0003722	-2.564E-5
652.293	15330.53	-0.0006789	-0.0004799	-0.0003939	-0.000404	-0.00058	-0.000694	-0.0004262	-0.0003369	-0.0005912	-0.0004776	-0.0005511	-0.0005812	-0.0005065	-0.0007808	-0.000493	-0.0005292	-0.0006308	-0.0005474	-0.0004047	-0.0006141	-0.0007774	-0.0006851	-0.0006875	-0.0004605	-0.0005759	-0.0004844	-0.0003509	-0.0005528	-0.0008534	-0.0005135	-0.0007357	-0.0007254	-0.0006237	-0.0008219	-0.0004012
652.870	15316.99	-0.001007	-0.0006886	-0.0006313	-0.0002643	-0.0008426	-0.0009491	-0.0005918	-0.0006363	-0.0008151	-0.0006499	-0.0005256	-0.0007371	-0.0006332	-0.0006206	-0.0004794	-0.0007043	-0.0005412	-0.000701	-0.0006072	-0.0004039	-0.0008034	-0.000526	-0.0005382	-0.0005257	-0.0008201	-0.0004935	-0.0006233	-0.0007707	-0.0008456	-0.0006962	-0.0009517	-0.000764	-0.0008849	-0.0006852	-0.0006978
653.446	15303.47	-0.0005477	-0.0005497	-0.0004845	-0.0003112	-0.0006302	-0.0004768	-0.0006229	-0.0005463	-0.0006857	-0.0005215	-0.0002726	-0.0004188	-0.0002337	-0.0001735	-0.0004296	-0.0004544	-0.0005197	-0.0006189	-0.0002305	-0.000333	-0.0004344	-0.0003559	-0.0003685	-0.0004263	-0.0005817	-0.0006784	-0.0005473	-0.0006344	-0.0007551	-0.0003832	-0.0004956	-0.0005861	-0.000519	-0.0003927	-0.0007192
654.023	15289.98	7.65E-5	-9.861E-5	-0.0001846	-5.187E-5	-0.0003533	-0.000289	-0.0003742	-0.0001783	-0.0002598	-0.0002062	-4.743E-5	-0.0001854	-0.0001566	-1.445E-5	-7.984E-5	0.0001102	-0.0003211	-0.0004105	-8.691E-5	-0.0001993	-0.000133	-0.0002766	-4.946E-5	-0.0002671	-0.0003579	-0.0002939	-0.0002856	-0.000481	-0.0002268	-0.0003486	-0.0002466	-0.0002994	-0.0001861	-5.351E-5	-0.0004628
654.600	15276.51	-0.0001744	-0.0002613	-0.0003197	-5.404E-5	-0.000368	-0.0004135	-0.0002254	-0.0004803	-0.0002224	-0.0003807	-0.0002847	-0.0001296	-0.0001247	-0.0001876	6.138E-5	-0.0003423	-0.0003905	-0.0003436	-0.000282	-0.0003727	-0.0002731	-0.0002577	-0.0004059	-0.0003702	-0.0006109	-2.732E-5	-0.0003665	-0.0003473	-0.0002843	-0.000293	-0.0004125	-0.0005312	-0.0001344	-0.0002268	-0.0003432
655.177	15263.06	-9.735E-5	-0.0003777	-0.0003141	6.322E-5	-0.0003042	-0.0001644	-8.555E-5	-0.0001427	-0.0001965	-0.0002225	-0.0003009	-2.844E-5	0.0001311	-0.0002412	1.795E-5	-0.0002158	-1.355E-5	-9.287E-5	-9.424E-5	-0.0002729	1.78E-5	9.934E-5	-8.038E-5	-0.0001241	-0.0001997	2.603E-5	-0.0003134	-9.055E-5	-0.0001954	-0.0002965	-0.0001119	-0.0002541	-0.0002956	-0.000263	-0.0001481
655.753	15249.64	0.0001411	-0.0001262	0.0001304	1.62E-5	-9.482E-5	0.0002272	0.0003797	0.0001388	0.0001952	-7.438E-5	-0.0001094	0.0001098	0.0001857	-7.974E-5	0.0001126	0.0001584	4.57E-6	0.0001368	0.0001626	-8.447E-5	0.0002324	0.0003336	-2.999E-5	0.000179	-1.738E-6	0.0001902	-0.0001583	-8.557E-5	0.0001757	-0.0001728	3.979E-5	-0.0001175	-0.0001498	-0.0001353	5.196E-5
656.330	15236.24	-2.597E-5	-0.0003346	0.0001756	-4.175E-5	0.0001315	0.0001895	8.514E-5	-5.681E-5	-9.441E-5	-7.327E-5	-7.077E-6	8.799E-6	8.203E-5	1.757E-5	5.246E-5	1.741E-5	-3.58E-5	8.47E-5	0.000127	-0.0001523	3.647E-5	8.327E-5	-0.0001132	3.57E-5	-0.0002465	1.299E-5	-0.0001118	-0.0002898	7.708E-5	-0.0001547	-0.0002745	-0.0002906	-8.697E-5	-1.075E-5	-9.225E-5
656.907	15222.86	-0.0004971	-0.0004221	-0.000251	-0.0002857	-0.0001063	-0.0002506	-0.0002444	-5.209E-5	-0.0004124	-0.000303	-0.0001536	-0.0005075	-0.0003515	-0.0003738	-0.0002633	-0.0001925	-8.881E-5	-0.0004061	-0.0001837	-0.00019	-4.455E-5	-0.0005133	-0.0001218	-0.0003857	-0.0003518	-0.0003506	-0.0003403	-0.0003212	-0.0002715	-0.000524	-0.0003586	-0.0004723	-0.0002833	-0.0002225	-0.0001512
657.483	15209.51	-0.0005568	-0.0004648	-0.000153	-0.0005728	-0.0003753	-0.0005476	-0.0004796	-0.0003587	-0.0004665	-0.0002243	-0.0004741	-0.0005093	-0.0004447	-0.0003601	-0.0003451	-0.0003095	-0.0003617	-0.0005541	-0.000559	-0.000436	-0.0003719	-0.0005061	-0.0002888	-0.0005293	-0.0004152	-0.0006787	-0.000248	-0.0003995	-0.0003197	-0.0006811	-0.0003005	-0.0004326	-0.0004477	-0.0005078	-0.0001958
658.060	15196.18	-0.0002679	-0.0002794	-1.404E-5	-0.0003182	-0.000352	-0.0004382	-0.0001984	-0.0002707	-0.0005723	-0.0001484	-0.0002678	-0.0002353	-0.0003946	-0.0002909	-0.000396	-0.0002143	-0.0003717	-0.0005963	-0.0005175	-0.0005524	-0.0002132	-0.0003204	-0.0004693	-0.0002901	-0.0003398	-0.0005622	-0.0001179	-0.0003338	-0.0002452	-0.0003646	-0.0001794	-0.0002031	-0.0003541	-0.0002932	5.182E-6
658.637	15182.87	0.0001564	-0.0001041	0.0001458	-9.333E-5	-0.0001167	-6.687E-6	3.896E-5	0.0001153	-0.0001751	-0.0001529	1.258E-5	-0.0001208	-0.0001946	-9.425E-5	-1.383E-5	-6.017E-5	-0.0001487	-0.0001777	-0.0003333	-0.000348	8.039E-5	6.385E-5	-0.0002044	-0.0001587	-0.0001313	3.72E-5	-3.246E-5	8.924E-5	1.308E-5	-7.822E-5	-2.015E-5	5.879E-6	-0.0003051	0.0001096	3.684E-5
659.214	15169.59	0.0004165	0.0001695	0.0001615	9.451E-5	5.998E-5	0.0005989	5.776E-5	0.0003939	-2.308E-5	0.0001896	9.899E-5	6.331E-5	0.0001841	0.0003036	0.000272	-6.179E-5	0.000287	0.0003268	-7.009E-6	3.733E-5	0.0003391	0.0002098	1.76E-5	0.0001633	-5.808E-5	0.0001734	0.0003231	0.0002497	0.0001519	-4.277E-5	0.0001546	0.0001963	0.0001012	0.0002648	0.0001306
659.790	15156.33	0.0001496	8.608E-5	0.0002356	0.000155	0.0001251	0.0003307	-3.423E-5	0.0001014	-4.441E-5	0.0001941	0.0001022	0.0001854	0.0003135	-1.602E-5	2.942E-5	-2.316E-5	0.0002104	0.0001185	-0.0001644	8.944E-5	0.0002541	9.286E-5	5.357E-5	0.0001178	9.13E-5	-4.1E-5	0.0001834	-0.0001493	-7.982E-6	-1.165E-5	9.7E-5	-0.0001218	2.313E-5	8.814E-5	0.0003341
660.367	15143.10	-0.0001225	-3.607E-5	-0.0001556	-0.0002209	-2.938E-5	-0.0001769	-0.0001089	-2.502E-5	-0.0002816	-0.0002328	-0.0001828	-0.0001279	-0.0003114	-0.0002037	-0.0005034	-0.0001843	-0.0001826	-0.0002997	-0.0003805	-0.0002995	-0.000135	-0.0001974	-6.739E-5	-0.0003163	8.769E-5	-0.0003046	-0.0001153	-0.0003376	-0.0001334	-0.0001948	-0.0002373	-0.000427	-0.0001465	-0.0002489	-1.201E-5
660.944	15129.88	-0.0003011	-0.0002305	-7.722E-5	-0.0005217	-0.0001698	-0.0002008	-0.0001929	-0.0001594	-0.0004474	-0.0005107	-0.0003075	-0.0003701	-0.0005715	-0.0002012	-0.0005197	-0.0004163	-0.0003591	-0.0005638	-0.0004507	-0.0003615	-0.0005739	-0.0003051	-0.0001237	-0.0004185	-0.0003219	-0.0001959	-0.0001462	-0.0005089	-0.0003359	-0.0004154	-0.0004526	-0.0005737	-0.0001942	-0.0004368	-0.0003765
661.520	15116.69	-0.0001968	-0.0002426	-7.979E-5	-0.0002499	-0.000205	-0.0001589	-0.0002547	-0.0001821	-0.0004236	-0.0001781	-0.0002162	-0.0001714	-0.0004485	-6.186E-5	-0.0003648	-0.0003848	-0.0004489	-0.0003953	4.818E-5	-0.00025	-0.0005317	-0.0002002	-0.0001342	-0.0001881	-0.0003548	3.546E-5	-0.0001991	-0.0002486	-0.0003392	-0.0003395	-0.000408	-0.0004586	7.65E-5	-0.0002753	-0.0002095
662.097	15103.53	-0.0001306	0.0001474	-0.0002089	5.416E-6	-3.227E-5	2.218E-5	0.0001222	-0.0001268	-0.0001119	-4.313E-5	-6.188E-6	-0.000101	-1.813E-5	-1.297E-5	-0.0002206	-0.0002754	-0.0003498	-0.000259	-8.787E-5	-0.0001856	-0.0003101	-0.0002095	5.407E-5	-0.0001297	-9.937E-5	7.201E-5	-0.0002048	-0.0002418	-0.0003551	7.34E-6	-0.0001073	-0.0003378	3.137E-5	7.201E-5	-0.0002621
662.674	15090.38	-7.376E-5	-9.878E-6	-4.679E-5	-2.647E-5	5.92E-6	-8.536E-5	8.219E-5	-0.0001612	-0.0001592	2.209E-5	-0.0002444	-0.0001482	-0.0002054	-0.0003217	-0.000263	-0.0002592	-0.0004128	-0.0001251	-0.0003276	-0.0002254	-0.0002467	-0.0002171	-2.602E-5	-0.0002115	-9.924E-5	-4.566E-5	-0.0003267	-0.0003061	-0.0004537	-1.1E-5	-6.822E-5	-0.0004385	-0.0001768	-0.0002029	-0.000455
663.250	15077.26	-8.769E-5	-0.000276	-3.478E-5	-0.000106	-1.376E-5	1.123E-6	5.212E-5	-0.0002239	-1.932E-6	4.343E-5	-9.091E-5	-6.55E-5	-0.0001731	-0.0003257	-0.0001138	-0.0001172	-0.0001846	-0.0001461	-0.0004575	-0.0004327	-0.0002505	-0.0002716	-0.0001723	-0.0003525	-0.0003668	0.0001091	-0.0001693	-8.882E-5	-0.0002561	3.711E-5	-0.0002625	-0.0002425	-0.0001512	-0.0002009	-0.0003545
663.827	15064.16	-5.553E-5	-0.0002764	-4.086E-5	-0.0002151	-8.74E-5	-0.000119	3.291E-5	-0.0002456	0.0001013	-0.0001783	-3.842E-5	-9.365E-5	-8.068E-5	-0.0002712	-0.0002604	-0.0001889	4.041E-5	-0.0002162	-0.0003368	-0.0002762	-0.0002616	-0.0001919	-9.74E-5	7.092E-5	-0.0002643	1.435E-5	-2.066E-5	-0.0001451	-0.0001193	-7.481E-5	-0.0002501	-0.0002096	-0.0001768	-7.868E-5	-0.0001584
664.404	15051.09	-4.704E-5	-0.000249	-0.0001234	-0.0003678	-0.0003183	-0.0002523	-0.0001213	-0.0002195	-0.0002961	-0.0003026	-0.0003645	-0.0002855	-0.0002633	-0.0002945	-0.0004367	-0.0002973	-0.0001942	1.794E-5	-0.0003531	-0.0003185	-0.0003183	-0.0001804	-0.0001312	-4.04E-6	-0.0001249	-7.858E-5	-3.758E-5	-0.0003893	-0.0002307	-0.0003451	-7.184E-5	-0.0001748	-0.0002972	-0.0001364	-0.0002553
664.981	15038.03	-0.0002356	-0.0001854	-0.0004074	-0.0001929	-0.0001339	-0.0002801	-0.0002368	-0.0001574	-0.0002114	-0.0001594	-0.0002211	-0.0002974	-0.0002663	-0.0002194	-0.0002275	-0.0002756	-0.000219	2.104E-5	-0.0004003	-0.0003548	-0.0002273	-0.0004947	-0.0003632	-0.0001811	-0.0001367	-0.0001426	-5.849E-5	-0.0005419	-2.178E-5	-0.0003777	-0.0002835	-0.0002023	-0.0002155	-0.0002613	-0.0003124
665.557	15025.00	1.223E-6	-3.004E-5	-0.000155	7.06E-5	0.0003148	0.0002529	0.0001586	0.0002033	0.0002243	9.773E-5	0.0002576	0.0001844	0.0001212	0.0001143	9.029E-5	0.0002202	0.0001112	0.0001534	7.723E-5	0.0002298	4.83E-5	3.354E-5	6.368E-5	0.000172	0.0001005	7.978E-5	-6.169E-5	-6.271E-5	0.0001141	-0.0001266	1.179E-5	-0.0001766	-7.749E-6	4.769E-5	-5.687E-5
666.134	15011.99	-2.16E-5	-7.403E-5	-1.545E-5	3.866E-5	7.152E-6	7.295E-5	3.249E-5	0.0002231	-0.0001887	-0.0001392	8.768E-6	5.523E-5	3.335E-6	0.000252	1.286E-5	0.0002173	8.873E-6	-8.318E-6	0.0001837	9.913E-5	-0.0001103	0.0001164	-2.19E-5	9.698E-5	0.0001117	-3.32E-5	-0.0001438	3.133E-5	-2.642E-5	4.268E-5	-0.0001998	-0.0003744	0.0001324	-0.0001984	-7.358E-5
666.711	14999.01	4.336E-5	0.0001673	7.862E-6	0.0001474	0.0001176	0.0001453	0.0001206	0.0002136	-6.039E-5	6.071E-5	8.739E-5	0.0001203	2.426E-5	0.0001298	-3.733E-5	0.000277	3.42E-5	9.804E-5	0.000192	3.527E-5	7.53E-5	8.281E-6	0.0001265	2.085E-5	7.509E-5	-0.0002142	0.0001031	9.525E-5	-7.409E-6	0.0002996	-7.89E-5	-0.0002051	0.0001263	-0.0001083	0.0001269
667.287	14986.05	1.638E-5	0.0003393	-4.262E-5	0.0003472	0.0002244	0.0001875	0.0002796	-0.0001099	3.054E-5	-2.915E-5	8.159E-5	-8.335E-5	7.597E-5	-2.73E-5	-0.0001375	2.93E-5	0.0001124	0.0001549	-4.602E-5	-6.212E-5	0.0001029	2.225E-5	0.0001775	2.185E-5	-7.601E-5	-0.000164	-0.0001435	9.245E-5	4.124E-5	4.281E-5	2.457E-5	-0.0001886	-4.392E-5	-0.0002041	-0.0001413
667.864	14973.10	-0.0002549	0.0001421	-0.0003125	0.000115	-0.0001538	-0.0001599	-0.0002457	-0.0001921	-0.0002063	-3.273E-5	-7.762E-5	-0.0002673	-0.0001975	-6.821E-5	-0.0002305	-0.0003234	-0.0002836	-0.0001165	-0.0001031	-0.0001874	5.092E-5	-6.902E-5	-0.0002686	-0.000437	-0.0004159	-0.000403	-0.0003646	-0.0002202	-0.0003541	-0.0003831	-0.0001934	-0.0003171	-0.000439	-0.000549	-0.0002644
668.441	14960.19	-0.0002547	-1.178E-5	-0.0003	-0.0002287	-0.0003385	-0.0002901	-0.0003746	-0.0001936	-0.0001123	4.94E-5	2.786E-6	-0.0002968	-0.000121	-9.952E-5	-0.0002689	-0.0002602	-0.0003267	-0.0002673	-9.863E-5	-0.0001676	-0.0001841	-0.0002697	-0.0002485	-0.0004916	-0.0001562	-0.0003869	-0.0003471	-0.0002245	-0.0003535	-0.0003542	-0.0003015	-0.0003867	-0.0004443	-0.000293	-0.0001371
669.018	14947.29	-0.0003956	-5.568E-5	-0.0003918	-0.0003863	-0.0003867	-0.0003751	-0.0004085	-0.0003927	-0.0003292	-0.0002442	-0.0003155	-0.0003951	-0.0003395	-0.0004237	-0.0003757	-0.0002344	-0.0003171	-0.0002439	-0.0004569	-0.0003637	-0.0006065	-0.0005649	-0.0002659	-0.0004235	-0.0003313	-0.0002423	-0.0003798	-0.0002322	-0.0002799	-0.0004315	-0.0003392	-0.0005386	-0.0003044	-0.0003425	-0.0003765
669.594	14934.42	-0.0004898	-0.0003065	-0.0006789	-0.0003939	-0.0004542	-0.0003583	-0.0004976	-0.0003732	-0.0005192	-0.0005177	-0.0005237	-0.0005166	-0.0005151	-0.000324	-0.0003783	-0.0004711	-0.0003124	-0.0004794	-0.0005226	-0.0003599	-0.0007087	-0.0006162	-0.0003936	-0.0003375	-0.0006099	-0.000514	-0.0004971	-0.0004978	-0.0004949	-0.0004729	-0.0004227	-0.0007097	-0.0004765	-0.0004918	-0.000564
670.171	14921.56	-0.0002961	-0.0002582	-0.000517	-0.0004378	-0.0003856	-0.0002231	-0.0002996	-0.0003886	-0.0003543	-0.0003742	-0.0004376	-0.0003768	-0.0002417	-0.0002621	-0.0003769	-0.0003596	-0.0003479	-0.0005251	-0.0002712	-0.0004963	-0.0007216	-0.0004062	-0.0004594	-0.0004111	-0.0005726	-0.0003717	-0.0005139	-0.0004126	-0.0004541	-0.0003067	-0.0005198	-0.0006006	-0.0004325	-0.000185	-0.0003259
670.748	14908.74	-0.0004042	-0.0002576	-0.000639	-0.0008893	-0.0005942	-0.0003388	-0.0004957	-0.0006545	-0.0005838	-0.0003512	-0.0005114	-0.0004481	-0.0005444	-0.0005115	-0.0005656	-0.0004686	-0.0007225	-0.0006245	-0.0005111	-0.0007903	-0.0006169	-0.0004208	-0.0007453	-0.0003756	-0.0004057	-0.0005923	-0.0006105	-0.0005815	-0.0005537	-0.0003648	-0.0006282	-0.0005439	-0.0005538	-0.000422	-0.0005622
671.324	14895.93	-0.0003152	-0.0001246	-0.0004448	-0.0007141	-0.0005227	-0.0003912	-0.0003851	-0.0005593	-0.0004395	-0.0001977	-0.0003454	-0.0004239	-0.0005094	-0.0003288	-0.0005277	-0.000392	-0.0006847	-0.000599	-0.0005161	-0.000568	-0.0004091	-0.0002337	-0.0004276	-0.0004775	-0.0001906	-0.0006151	-0.0006587	-0.0003178	-0.0004602	-0.0005329	-0.0004414	-0.000394	-0.0004434	-0.0006564	-0.0003738
671.901	14883.14	-0.0002682	0.0001555	-0.0001572	-0.0002091	-0.0002644	-4.598E-5	-0.0002453	-0.0002444	-0.0001014	-0.0002795	-0.0001305	-0.0002362	-8.953E-5	-0.0001827	-0.0002694	-0.0001918	-0.0002355	-0.0003809	-0.0004611	-5.864E-5	-0.0003058	-0.0002262	-0.0001378	-0.0002961	-0.0002129	-0.0003661	-0.0004162	-0.0002203	-0.0003528	-0.0004305	-0.0002118	-0.0001132	-0.0001586	-0.0005838	-0.0001295
672.478	14870.38	-0.0002603	-8.835E-5	-0.0002735	-0.0002314	-0.0003247	-0.0002118	-0.0003302	-0.0001368	-0.0002811	-0.0004585	-0.0002559	-0.0001818	-9.724E-5	-0.0002825	-0.0002447	-0.0004282	-0.0002681	-0.0003504	-0.000359	-4.04E-6	-0.0002873	-0.0003314	-0.0001884	-0.0002271	-0.0001059	-0.0002159	-0.0002408	-0.0001956	-0.0001783	-0.0002034	-0.0002278	-0.0004012	-0.000199	-0.0005282	-0.0001674
673.055	14857.64	-0.0001877	-0.0004083	-0.0003109	-0.0004351	-0.0003721	-0.000458	-0.0004551	-0.0005316	-0.0003934	-0.0003907	-0.0003249	-0.0002843	-0.0004672	-0.000267	-0.0001807	-0.0006027	-0.0004413	-0.0004863	-0.0004155	-0.0005328	-0.0003532	-0.0004538	-0.0003518	-0.0002435	-0.0003026	-0.0003242	-0.0004074	-0.0003219	-0.000155	-0.0002577	-0.0003704	-0.0005512	-0.000401	-0.0004353	-0.000395
673.631	14844.92	-0.0001011	-0.0005606	-0.0001651	-0.0003664	-0.0002399	-0.0004726	-0.0003747	-0.0005688	-0.0003843	-0.0004672	-0.0004339	-0.0003793	-0.0006828	-0.0003638	-0.000471	-0.0005259	-0.0005041	-0.0003899	-0.0003772	-0.0006011	-0.00031	-0.0004364	-0.0002418	-0.0004429	-0.0005427	-0.0005102	-0.0004073	-0.0003553	-0.000403	-0.00058	-0.0002841	-0.0003301	-0.0005905	-0.0005682	-0.0003183
674.208	14832.22	7.383E-5	-0.0004641	-4.211E-5	-0.0004536	-0.0002045	-0.000388	-0.0003162	-0.0003329	-0.0005028	-0.0003312	-0.0002793	-0.0003905	-0.0004399	-0.0004998	-0.0005388	-0.0004609	-0.0003954	-0.0003636	-0.0004215	-0.0003822	-0.0001333	-0.0004653	-0.0005011	-0.0005339	-0.0003753	-0.0004397	-0.0001099	-0.0003835	-0.0004412	-0.0005608	-0.0003075	-0.0003095	-0.0005058	-0.0005961	-0.0001293
674.785	14819.54	0.0002442	4.182E-5	8.421E-5	-0.0003176	-3.769E-5	-0.000133	-6.647E-5	-0.0001532	-0.0003069	-0.0001673	-0.0002449	-0.0002188	-0.0002072	-0.0003205	-0.0001973	-0.0001581	-0.0001672	-0.0002024	-0.0004902	-0.0001589	-0.0001885	-0.0003984	-0.0002944	-0.000142	-1.874E-5	-0.0001804	0.0001796	-0.0004205	-0.0001324	-0.0002612	-0.000115	-0.0002443	-0.0002739	-0.0002112	6.708E-6
675.361	14806.89	0.0003813	7.104E-5	0.0001665	-0.0001644	-1.534E-5	0.0001814	-6.762E-5	1.229E-5	-0.0001218	-0.0001516	-0.0001368	-0.0002052	-0.0001106	-0.0002905	-8.217E-5	-0.0001848	-0.0002236	2.391E-6	-0.0003244	-0.0002583	-0.0002042	-0.0002453	-0.0001038	-3.213E-5	8.108E-5	-0.0001169	0.0001615	-0.0001897	1.571E-5	-0.0002423	-0.0001542	3.924E-6	-8.123E-5	4.384E-5	4.432E-5
675.938	14794.25	1.07E-6	1.965E-5	0.000219	-0.0001669	-0.0001333	1.825E-5	-0.0001825	-0.0001458	-0.0002535	-0.0001867	-0.0002164	-0.0003188	-9.542E-5	-0.0003245	-0.0003269	-0.0004536	-0.0004606	-0.000248	-9.416E-5	-0.0001709	-0.0003132	-0.0002907	-0.0003651	-0.0001707	-0.000253	-0.000243	-0.0001261	-0.0001075	-0.0003922	-0.0002306	-0.0002203	-0.0001489	-0.0001903	-0.0001234	4.187E-6
676.515	14781.64	3.736E-6	0.0001894	1.144E-5	-9.923E-5	-0.0002977	4.15E-5	-0.0001187	-0.0001461	-0.0003734	0.0001153	-6.363E-5	-0.0001232	-7.769E-5	-0.0003055	-1.764E-5	-0.0003691	-0.0003088	-0.000158	6.566E-5	1.165E-5	-0.0001643	-0.0001798	-0.0002496	-0.0001394	-1.454E-5	-0.0001737	-0.0001827	-9.688E-5	-0.0002143	1.495E-5	-0.0002025	-0.0002379	-0.0001895	1.386E-5	5.165E-5
677.092	14769.05	-0.0001806	-0.0003351	-0.0003373	-0.0002503	-0.0005144	-0.0001405	-0.0001842	-0.0002449	-0.000403	-4.857E-5	-9.267E-5	-0.0001574	-0.0004172	-0.0002831	-0.0001647	-0.000293	-0.0003502	-0.0004152	-0.0002289	-0.00027	-0.0004016	-0.0003544	-0.0004166	-0.0002818	-0.0001107	-0.0003124	-0.0004251	-0.0003367	-0.0002546	-0.0002045	-0.0003779	-0.0003617	-0.0002923	-0.0002886	-0.0001742
677.668	14756.48	0.0002105	-9.588E-5	0.0002812	4.17E-5	-3.57E-5	-4.115E-6	4.216E-6	5.707E-5	-0.0001314	-9.714E-5	0.0001226	-3.801E-5	-0.0002191	1.659E-5	-8.403E-5	-6.06E-5	-0.000114	-0.0001157	-4.025E-5	-0.0001808	-0.0002401	8.234E-6	-0.0002067	-5.358E-7	-4.137E-5	8.122E-5	-7.204E-5	-1.549E-5	-0.0001571	-3.391E-5	-2.17E-5	-4.665E-5	-3.027E-5	-0.0002682	-0.0001319
678.245	14743.94	-6.536E-5	-0.0003477	-2.192E-5	-0.0001559	8.231E-5	-7.919E-5	-0.0001734	-0.0001164	-0.0001245	-0.0003334	-8.52E-5	-0.0002183	-0.0004684	-9.294E-5	-0.0002217	-0.0001965	-0.0002511	-0.0002213	-0.0001272	-0.0001165	-0.0002824	-5.761E-5	6.72E-6	-0.0002766	-0.0002199	-0.000311	-0.0002266	-0.0002077	-0.0001655	-0.0001629	-0.0001721	-0.0003193	-6.246E-5	-0.0004514	-0.0003591
678.822	14731.41	-2.731E-5	-0.0003183	-0.0002351	-0.0002266	-0.0001008	-0.0001244	-0.000375	-0.0002006	-6.611E-5	-0.0001889	-0.0001929	-0.0004249	-0.000484	-0.0003396	-0.0002098	-0.0002185	-0.000244	-0.0003551	-0.0002187	-0.0002167	-0.0003281	-5.801E-5	-0.0003154	-0.0002624	-0.0002966	-0.0002396	-0.0001931	-0.0003018	-5.634E-5	-0.0002774	-0.000268	-0.0003902	-0.0001508	-0.0002583	-0.0002903
679.398	14718.91	6.583E-5	-0.0001462	9.372E-5	-0.0001261	-0.0002119	-0.000224	-0.0002512	-4.672E-5	-5.541E-5	-5.419E-5	-7.641E-5	-0.000306	-0.0002705	-6.539E-5	-5.729E-5	-3.559E-6	-0.000258	-7.292E-5	-0.0002619	-0.0001333	-0.0001835	1.901E-5	-0.0002246	-0.0001395	4.294E-6	7.4E-6	0.0001093	-0.0002562	-1.521E-5	-0.0002998	-0.0001394	-0.0001103	-4.604E-5	7.283E-6	2.608E-5
679.975	14706.42	-4.535E-6	-0.0002003	0.0001639	1.242E-5	-0.0002274	-0.0002529	-6.694E-5	-0.0001046	-9.671E-5	-8.974E-5	2.442E-5	-0.0001238	-0.0002459	-0.0001515	-0.0001641	-9.728E-5	-0.0003575	-1.68E-5	-0.0002952	-5.074E-6	-0.0001426	-0.0001018	-5.344E-5	-0.0002063	3.081E-5	-2.524E-5	1.158E-5	-0.0002714	-0.0001591	-0.0003446	-3.836E-5	0.0001272	-7.064E-5	-0.0001629	-7.037E-7
680.552	14693.96	-0.0001426	-0.000198	5.176E-5	-8.257E-5	-0.0003428	-0.0001618	-0.0002978	-0.0004025	-0.0001197	-0.0001648	-0.0002577	-0.0003605	-0.00021	-0.0003839	-0.0001407	-0.0002538	-0.0003874	-0.0001402	-0.0003345	-0.0001174	-0.0002274	-0.0002573	-0.000224	-0.000166	-4.495E-5	-0.000152	-0.0001461	-0.0004475	-0.000436	-0.0002756	1.171E-5	-0.0001407	-0.0001268	-0.0003519	-0.0001021
681.128	14681.52	0.0001004	3.111E-6	8.294E-5	-0.0001056	-1.218E-5	4.191E-5	-4.95E-6	-0.0001176	-0.0001614	-1.133E-5	2.203E-5	-5.7E-5	0.000116	5.051E-5	1.883E-5	2.899E-5	-0.0001161	-9.468E-5	-6.832E-5	-0.0001637	-0.0001185	9.258E-5	4.084E-5	5.739E-6	-5.078E-5	4.721E-6	6.465E-6	-0.0002699	-0.0002711	7.495E-6	-9.822E-5	-0.0001283	1.672E-5	-0.0001581	-5.573E-5
681.705	14669.10	-0.0001206	-0.0001116	-0.0001314	-0.000383	-0.0001065	-0.0003222	1.38E-5	-0.0001581	-0.0003993	-0.0001344	-9.432E-5	1.898E-5	-7.225E-5	-0.0002124	-0.0002074	-0.0002847	-0.0002177	-0.0002811	-1.751E-5	-0.0001095	-0.000121	0.0001321	-5.522E-5	-9.93E-5	-0.0004833	-6.895E-5	-0.0002235	-8.333E-5	-0.0002348	2.796E-5	-0.0002498	-0.0002583	-4.482E-5	-0.0002066	-0.0002574
682.282	14656.70	-0.0004912	-0.0002103	-0.0005554	-0.0004227	-0.0003538	-0.0005679	-0.0003615	-0.0002958	-0.000357	-0.0001996	-0.0002122	-0.0004121	-0.0003702	-0.00026	-0.0002441	-0.0004171	-0.0002124	-0.000191	3.795E-6	-0.0002604	-0.0001003	-0.0002425	-0.0002726	-0.0002444	-0.0004994	-0.0003564	-0.0004814	-0.0002463	-0.0003803	-0.0003592	-0.0003102	-0.0005944	-0.0002415	-0.0003391	-0.000259
682.859	14644.32	-0.0006413	-0.0002727	-0.0007843	-0.0004757	-0.000439	-0.0005975	-0.0004969	-0.0003673	-0.0004213	-0.0003385	-0.0003644	-0.0005473	-0.0005765	-0.0002614	-0.000306	-0.0002277	-0.0002494	-0.0005653	-0.0002476	-0.0004196	-0.0004849	-0.0005302	-0.000394	-0.0003619	-0.0003588	-0.0005106	-0.0007203	-0.0002969	-0.0003629	-0.0004675	-0.000567	-0.0005062	-0.00049	-0.0004784	-0.000566
683.435	14631.96	-0.0004582	-0.0001699	-0.0005304	-0.000363	-0.0005577	-0.0005847	-0.0003715	-0.0002628	-0.0001946	-0.0002301	-0.0003801	-0.0003233	-0.0004532	-0.0002059	-0.0002058	-0.0003028	-0.0002569	-0.0006791	-6.609E-5	-0.000361	-0.0004618	-0.0002154	-0.0002103	-0.0003244	-0.0001897	-0.0004076	-0.0006832	-0.000165	-0.0004546	-0.0003359	-0.0004626	-0.0002558	-0.0004653	-0.0004689	-0.0005302
684.012	14619.63	-0.0002163	9.863E-5	-0.0002844	-9.112E-5	-0.0003029	-0.000264	-0.0001665	-7.323E-6	-6.449E-5	9.235E-6	-0.0001781	-0.000272	-0.0002429	2.703E-5	-0.0002163	-0.0004499	-0.0001155	-0.0002976	3.724E-5	-0.0002743	-0.0003451	-8.174E-5	-0.0001443	-7.303E-5	-4.335E-5	-0.0003943	-0.0002591	-0.0001721	-0.0003016	-0.0002429	-0.0003111	-0.0001589	-0.0004198	-0.0003087	-0.0002349
684.589	14607.31	-0.0001804	-0.0001353	-0.0002895	-0.000446	-0.0002083	-0.0001406	-0.0002767	-0.0002895	-0.0001711	-0.000138	-0.0003109	-0.000393	-0.0002237	-0.0001456	-0.0001087	-0.0003614	-0.0002396	-0.0002125	-0.0002673	-0.0003627	-0.0004449	-0.0003125	-0.0003482	-0.000121	-0.0002038	-0.0004844	-0.0002567	-0.0004238	-0.0003764	-0.0002397	-0.0002028	-0.0002985	-0.0003828	-0.0002916	-0.0003759
685.165	14595.02	-0.0003274	-0.0003654	-0.0002921	-0.0004102	-0.0004593	-0.0003103	-0.0004176	-0.0004337	-0.0001682	-0.000371	-0.000256	-0.0004811	-0.0001855	-0.0002567	-0.000268	-0.0002898	-0.0004798	-0.0003081	-0.0003426	-0.0001703	-0.0004816	-0.0005373	-0.0003468	-0.0001141	-0.0003036	-0.0004556	-0.0004353	-0.0003737	-0.0004082	-0.0002636	-0.0003018	-0.000449	-0.0002932	-0.0005222	-0.0004641
685.742	14582.74	-0.0004151	-0.0003977	-0.000368	-0.0004384	-0.0004101	-0.000432	-0.0003496	-0.0003877	-0.0001995	-0.0004634	-0.0001288	-0.0003854	-0.0002286	-0.0002752	-0.0004106	-0.0002117	-0.000283	-0.0004232	-0.0003567	-9.372E-5	-0.0004948	-0.0005896	-0.0003085	-0.0003071	-0.0003898	-0.0004381	-0.0005526	-0.000232	-0.0003333	-0.0003431	-0.0004607	-0.0005438	-0.000356	-0.0005298	-0.0004513
686.319	14570.49	-0.0006064	-0.0004193	-0.0004538	-0.0005257	-0.0003559	-0.0004407	-0.0003989	-0.0004164	-0.0003751	-0.0003859	-0.0002017	-0.0003669	-0.0002843	-0.0002776	-0.000251	-0.0001548	-0.0002274	-0.0003013	-0.0003489	-0.0003373	-0.0004585	-0.0004192	-0.0003468	-0.0004497	-0.0004631	-0.0005382	-0.0006238	-0.0002404	-0.0003851	-0.0004204	-0.0003549	-0.0004253	-0.0003678	-0.0003441	-0.0003417
686.896	14558.25	-0.0006099	-0.0004114	-0.0004749	-0.0003402	-0.0003431	-0.0002559	-0.000299	-0.0004433	-0.0003463	-0.000278	-0.0003491	-0.0002936	-0.0002922	-0.0002246	-0.0002856	-0.0001982	-0.0004561	-0.0003148	-0.0002258	-0.0004766	-0.000423	-0.0003798	-0.000225	-0.0004024	-0.000523	-0.0004915	-0.0004801	-0.0001858	-0.0002144	-0.0003342	-0.0004878	-7.637E-5	-0.0002471	-0.0004331	-0.0004567
687.472	14546.04	-0.0003164	-6.197E-5	-0.0003444	-9.835E-5	-8.242E-5	-0.0001426	-3.099E-5	-7.203E-5	-0.0001522	-0.0001228	-0.0001785	-0.0001336	-0.0001196	-0.0001017	1.201E-5	-0.0001296	-0.0003201	-7.335E-5	-0.0001256	-0.0001124	-0.0002446	-8.842E-5	-0.0001196	-0.0001894	-0.0001635	-0.0002796	-0.0002462	-9.981E-5	-8.912E-5	-0.0001456	-0.0003045	-0.0001314	3.868E-5	-0.0001438	-0.0003433
688.049	14533.85	-0.0004173	3.613E-7	-0.0003355	-0.0001495	-0.0001271	-0.0001184	-4.965E-5	7.515E-5	-2.286E-5	-0.0001197	-0.0001267	2.372E-5	-0.0002408	5.06E-5	9.866E-5	-8.669E-5	-0.0003055	-0.0001074	-0.00027	-7.168E-5	-9.64E-5	-6.48E-5	-0.0001186	-3.312E-6	-0.0001386	-0.0002227	-0.0003713	-4.035E-5	-0.000373	-9.33E-5	-0.0001365	-0.0003352	-0.0001554	-0.0001831	-8.368E-5
688.626	14521.68	-0.0007673	-0.0003482	-0.0006851	-0.0003085	-0.0002966	-0.0002841	-0.0002447	-0.0004622	-0.0002606	-0.0002157	-0.0003213	-0.0002561	-0.0004544	-0.0002813	-0.0002883	-0.0004168	-0.0006957	-0.0003055	-0.0003534	-0.0004446	-0.0002254	-0.0003307	-0.0004045	-0.0003117	-0.0004308	-0.0005134	-0.0003293	-0.0003211	-0.0005697	-0.0004666	-0.0003887	-0.0005791	-0.0004826	-0.0005086	-0.0004221
689.202	14509.53	-0.0007321	-0.0002581	-0.0007891	-0.0004225	-0.0003541	-0.0002614	-0.0002433	-0.0004723	-0.0004158	-0.0002662	-0.0003407	-0.0002984	-0.0003423	-0.0004208	-0.0004442	-0.0002882	-0.0006116	-0.0003413	-0.0002746	-0.0005235	-0.0004308	-0.000306	-0.0006271	-0.0003528	-0.00042	-0.0005126	-0.000225	-0.0004048	-0.0005784	-0.0006377	-0.0003354	-0.0005651	-0.0005898	-0.0004912	-0.0003763
689.779	14497.39	-0.0007097	-0.0003167	-0.0007558	-0.0003836	-0.0005182	-0.0005149	-0.0004317	-0.0004902	-0.0004983	-0.0004603	-0.0003561	-0.0004165	-0.0004324	-0.0004815	-0.0003479	-0.0002739	-0.0005805	-0.000364	-0.0003644	-0.0005241	-0.0004953	-0.000369	-0.000553	-0.0004327	-0.0004127	-0.0004802	-0.0003145	-0.0004519	-0.0005647	-0.0004369	-0.0005497	-0.0004097	-0.0004091	-0.0005747	-0.0003886
690.356	14485.28	-0.0004717	-0.0001291	-0.0005263	-0.0002537	-0.000407	-0.0004594	-0.0004307	-0.0002359	-0.0005754	-0.0004045	-0.0004629	-0.0005483	-0.0004152	-0.0003155	-0.0003442	-0.000302	-0.0004562	-0.0003612	-0.0004035	-0.0003165	-0.000449	-0.0003912	-0.0004611	-0.0002754	-0.0003884	-0.0004371	-0.0005544	-0.0003799	-0.0006828	-0.0003012	-0.000508	-0.000535	-0.0005671	-0.0004527	-0.0003327
690.933	14473.19	-0.0003888	-5.655E-5	-0.0004364	-0.0001825	-0.0001716	-0.0001159	-0.0002492	-0.000239	-0.0004976	-0.000224	-0.0004645	-0.0004503	-8.632E-5	-0.0002205	-0.0003705	-0.0003006	-0.0003288	-0.0002523	-0.0003292	-0.0001842	-0.0003597	-0.0003549	-0.0004153	-0.0002252	-0.0001893	-0.0005037	-0.0006079	-0.0004418	-0.0004487	-0.000283	-0.000461	-0.0005835	-0.0003287	-0.0003714	-0.00043
691.509	14461.12	-0.0003782	-0.000396	-0.0005146	-0.0003104	-0.0002553	-0.0004067	-0.0004657	-0.0005674	-0.0004197	-0.0002835	-0.0004606	-0.0005622	-0.0004167	-0.000454	-0.0005684	-0.0005933	-0.0005557	-0.0003495	-0.0004703	-0.0004963	-0.0003116	-0.0004788	-0.0003763	-0.0001939	-0.0003677	-0.0006917	-0.000622	-0.0006501	-0.0004267	-0.0004064	-0.0006309	-0.0006766	-0.0003556	-0.0004512	-0.0006725
692.086	14449.07	-0.0001752	-0.0001986	-0.0003988	-0.0002138	2.304E-5	-0.0002376	-0.0002678	-0.0003756	-0.0001355	-0.0002635	-0.000397	-0.000187	-0.0003788	-0.0004444	-0.0003418	-0.0004192	-0.0003358	-0.0001861	-0.0005427	-0.0001904	-0.0003013	-0.0003816	-0.0001303	-0.0002917	-0.0002213	-0.0005066	-0.0003536	-0.0005017	-0.0004904	-0.0004019	-0.0003002	-0.0005992	-0.0003334	-0.0001746	-0.0004134
692.663	14437.04	-0.0001374	-0.0002017	-0.0002833	-0.000218	-0.0002657	-0.0002034	-0.0002409	-0.0003241	-0.0002772	-0.0003254	-0.0005287	-0.0002687	-0.0003436	-0.0006112	-0.0003631	-0.0003978	-0.0002939	-0.000166	-0.0005171	-0.0003222	-0.0004021	-0.0004277	-0.0002048	-0.0003504	-0.0001281	-0.0005775	-0.0003187	-0.000572	-0.0004652	-0.0003671	-0.0003079	-0.0004929	-0.0003536	-0.0002258	-0.0002802
693.239	14425.03	-8.04E-5	-0.0004601	-3.163E-5	-0.0003413	-0.0003651	-0.0003025	-0.0002891	-0.0003891	-0.0004003	-0.0003851	-0.0002911	-0.0002879	-0.0002831	-0.0004765	-0.0004305	-0.0005967	-0.0003725	-0.0002455	-0.0004397	-0.0004875	-0.0003039	-0.0003641	-0.0004134	-0.0002639	-0.0002147	-0.0002658	-0.0002534	-0.000421	-0.0003157	-0.0003607	-0.0001574	-0.0003878	-0.0004432	-0.0002477	-0.0003026
693.816	14413.04	7.206E-5	-0.0004977	2.897E-5	-0.0002669	-0.0004301	-0.0001522	-0.000159	-0.0004148	-0.0003025	-0.0004184	-0.0004168	-0.0002675	-0.0001695	-0.0003598	-0.0004723	-0.0004455	-0.0005238	-0.0002716	-0.0004571	-0.0001824	-0.0002832	-0.0002924	-0.0003315	-0.0004175	-0.0004572	-0.0001897	-0.000219	-0.0005319	-0.0002052	-0.0003532	-0.0002924	-0.0003375	-0.0005416	-0.0001215	-0.0001119
694.393	14401.07	0.0001999	-0.0003179	-2.318E-5	-0.000245	-0.0002226	2.454E-5	-0.0002254	-0.0001834	-0.0002392	-0.0002446	-0.0002037	-0.0001737	-0.000248	-0.0001681	-0.0002279	-0.0003518	-0.0004701	-0.0002133	-0.000346	-1.63E-5	-0.0003074	-0.0001005	-0.000224	-0.0002044	-0.0002933	-0.0001139	-3.857E-6	-0.000445	-0.0001068	-0.0002668	-0.0002363	-0.0001665	-0.0002756	5.652E-5	-5.223E-5
694.969	14389.12	0.0002306	0.0001033	4.095E-5	-3.862E-6	-7.596E-5	0.0002057	-3.033E-5	2.18E-5	-0.0001181	-0.0001176	8.377E-5	-2.577E-5	-0.0001406	2.982E-5	3.532E-5	-3.308E-5	-0.0001099	-2.822E-5	-0.000112	-7.675E-6	3.422E-5	-6.645E-5	3.361E-5	5.163E-5	-4.982E-5	9.963E-5	-2.886E-5	0.0001813	5.87E-5	-1.454E-5	-0.000153	-0.000105	-3.446E-5	-0.0001094	-7.261E-5
695.546	14377.19	-0.0001262	8.436E-5	-0.0001191	4.148E-5	-0.0002572	6.003E-5	-0.000183	-7.198E-5	-6.161E-5	-0.0003596	-8.789E-5	3.461E-5	-5.483E-5	2.518E-5	-7.274E-5	4.942E-5	9.305E-5	1.507E-5	5.918E-5	-0.0001909	2.194E-5	-0.0001477	-0.0001012	0.0001632	-1.837E-6	-3.487E-5	-0.0002965	5.075E-5	-2.005E-8	8.513E-6	-2.939E-5	-0.0001352	1.815E-5	-0.0001763	-0.0001094
696.123	14365.28	-0.0003154	-0.0002215	-0.0003263	-0.0001507	-5.485E-5	-0.000198	-4.037E-5	-0.0002059	-6.579E-5	-0.0002948	-0.0001209	-2.287E-5	-0.0001743	-7.339E-5	1.93E-6	-0.0002576	6.146E-5	-1.029E-5	2.237E-5	-0.0001995	-0.0001205	-4.266E-5	-0.0002746	-0.0001741	-1.331E-5	-0.0002557	-0.0002689	-0.0001732	1.219E-5	-0.0001281	-0.0001333	-0.000183	-9.959E-5	-4.76E-5	-0.0002721
696.700	14353.39	-0.0003573	-2.741E-6	-5.814E-5	1.074E-6	2.566E-6	-4.924E-5	0.0003213	-4.242E-5	-5.539E-5	-6.635E-5	-5.915E-5	-5.367E-5	-2.967E-6	1.621E-5	2.958E-5	7.788E-6	-7.642E-5	0.0001396	0.0001235	3.082E-5	7.508E-5	0.0001807	-0.0001581	-9.824E-5	-4.307E-5	-0.0001675	-0.0001271	-2.097E-7	0.0002429	6.523E-5	0.0002026	3.556E-5	-9.352E-5	-8.834E-5	-0.0002198
697.276	14341.52	-0.0001546	0.0002991	-5.485E-5	4.644E-5	0.0002025	0.0003205	0.000309	0.0001625	-1.685E-5	0.0001575	0.0001444	0.0001656	0.0002067	0.0002646	8.424E-5	0.0001601	0.0001598	0.0001227	0.0001434	2.549E-5	0.0001811	0.0003575	2.254E-5	0.0001868	5.724E-5	-9.989E-6	-3.155E-5	0.0001153	0.0001413	0.0001585	0.0003889	3.058E-5	0.0001928	7.432E-5	-6.926E-5
697.853	14329.66	0.0001863	0.0002821	-0.0002288	0.0002081	9.174E-5	0.0004539	0.0003328	0.0003728	0.0001895	0.0002312	0.0003421	0.0002191	0.0002547	0.0001698	0.0002454	0.0002373	0.0002305	0.0002073	0.0002544	0.0001316	0.0002769	0.0004596	0.0001834	-1.939E-5	0.0001474	2.293E-5	0.0002018	3.196E-6	-3.325E-5	0.0001039	0.0001677	0.000176	0.0002229	0.0002008	1.958E-5
698.430	14317.83	-0.0002941	4.155E-5	-0.000333	2.276E-5	-0.0002859	2.658E-5	6.275E-5	0.0002751	-4.511E-5	-6.325E-5	0.0002291	-1.45E-5	2.095E-5	-0.0001345	-0.0001139	-4.65E-5	-0.0002385	-3.097E-5	0.0001418	0.0001024	-1.03E-5	0.0001224	-9.5E-5	-0.0003665	1.032E-5	-0.0002194	-0.0001631	-0.0001983	-0.0002643	-0.0001437	7.804E-5	-0.0001555	-0.0001327	-0.0001452	-0.0003133
699.006	14306.02	-0.0004549	5.341E-5	-0.0003332	-0.0001555	-0.0002226	-6.227E-5	5.585E-6	-0.000121	-2.865E-5	-7.549E-5	0.000111	-8.715E-6	-2.757E-5	-0.0001701	-8.625E-6	-0.0001086	-2.255E-5	-9.82E-5	6.978E-5	9.635E-5	-3.141E-5	3.498E-5	-3.153E-5	-0.0001573	-4.662E-6	-0.0002798	-0.0001965	-4.157E-5	-0.0002483	-0.0002357	0.0001545	-0.0002231	-0.0002621	-0.0003326	-0.0003535
699.583	14294.23	-0.0002619	0.0001262	-0.0003647	-6.508E-5	0.0001372	3.978E-5	4.959E-5	-8.554E-5	9.252E-5	-0.0001397	0.0001186	-3.717E-5	0.0001339	-3.199E-5	0.0002967	0.000118	-3.689E-5	0.0001335	3.745E-5	0.0001857	0.0001037	0.0001084	0.0001341	0.0001143	0.0001334	-0.0001231	2.607E-5	0.0001714	-1.175E-5	0.0001182	0.0002655	7.514E-5	4.019E-5	-0.000195	-0.0002513
700.160	14282.45	-0.0003508	-8.006E-5	-0.0004617	-0.0001278	2.021E-5	8.497E-5	0.0001316	-8.566E-5	2.51E-5	8.652E-5	5.789E-5	-7.528E-5	5.255E-5	-5.287E-5	0.0001637	0.0001447	-0.0001528	8.652E-5	8.144E-5	-1.512E-5	0.0001007	8.819E-5	-3.377E-5	-0.000148	-1.334E-5	-0.000314	-0.0002444	-0.0001377	0.0001024	-2.246E-5	-2.198E-5	5.141E-5	-4.97E-5	-0.0003081	-0.0004369
700.737	14270.70	-0.0005714	-1.505E-6	-0.0005565	-0.000191	-2.13E-5	-0.0001063	1.461E-5	-0.0001451	-0.0001034	0.0001277	-1.186E-6	-0.0002738	-0.0001651	-6.613E-5	-2.106E-6	2.889E-5	-8.972E-5	5.998E-6	5.941E-5	-1.186E-5	0.0002449	-7.519E-5	-9.674E-5	-0.0002011	-0.0001975	-0.0004477	-0.0005076	-0.0002755	-0.0001434	-0.0002203	-0.0001282	-0.0001066	-0.0001522	-0.0004296	-0.0005214
701.313	14258.96	-0.0004499	-5.14E-5	-0.0006121	-0.0002081	-9.779E-5	-0.0005562	-0.0001824	-0.0001296	-0.0002458	-0.0002239	-0.0001879	-0.0004574	-0.0005341	-0.0002388	-0.0002525	-0.0002898	-0.0001539	-0.0002243	-0.0002164	-0.0001504	-6.202E-5	-0.0002646	-0.0001676	-0.0003783	-0.0002304	-0.0004994	-0.0006114	-0.0003126	-0.0003175	-0.0002722	-0.0004893	-0.0004131	-0.0002271	-0.0005824	-0.0006201
701.890	14247.25	-0.0001239	-0.0002405	-0.000521	-0.0003229	-0.0003239	-0.0004375	-0.0001824	-9.054E-5	-0.000334	-0.0001083	-0.0002305	-0.0002198	-0.0003788	-0.0002238	-0.0003118	-0.0004694	-0.0002388	-0.0003139	-0.000236	-0.0001482	-0.0003249	-7.512E-5	-0.0003067	-0.0003117	-0.0002401	-0.0003353	-0.0005169	-0.0001776	-0.0001989	-0.0001721	-0.0004595	-0.0002852	-0.0002379	-0.0003774	-0.0005112
702.467	14235.55	1.933E-5	-0.000158	-0.0006025	-0.0002462	-0.0002286	-0.0001703	-6.954E-5	-0.0002127	-0.0002821	-3.252E-5	-0.0001326	-0.0002076	-0.0001767	-0.0001879	-4.908E-5	-0.0004356	-9.685E-5	-0.0002128	-0.0002452	-0.0002362	-0.0003983	-0.0001033	-0.0003236	-9.476E-5	-9.726E-5	-0.0001721	-0.0003694	-0.0002872	-0.0001105	-0.0003833	-0.0002873	-0.0001649	-0.0002434	-0.0004834	-0.0001648
703.043	14223.87	0.0001816	0.0001567	-1.255E-5	-3.849E-5	8.214E-5	0.0001791	2.946E-6	-8.085E-5	8.164E-5	4.225E-5	0.0002763	-0.0001481	5.032E-5	-5.829E-7	0.0001222	-3.978E-5	9.033E-5	-3.541E-5	1.263E-5	1.669E-5	-7.737E-5	-5.101E-5	-0.000226	-6.361E-5	0.0001303	7.418E-5	-0.0001204	0.000128	-0.0002409	-1.434E-5	-4.361E-5	1.258E-5	-2.707E-5	-0.0002082	-8.753E-5
703.620	14212.21	0.0001784	2.433E-5	0.0002289	0.0001384	0.0002299	7.557E-5	0.0002255	5.623E-5	0.000125	0.0001048	0.0001891	6.91E-5	4.491E-5	0.000106	0.0001268	-8.257E-5	0.0001531	-8.75E-5	-0.0001291	0.000206	2.304E-6	-7.408E-5	-5.575E-5	-8.235E-5	1.147E-5	-1.665E-5	-2.126E-5	1.089E-5	-5.436E-5	5.393E-5	-0.0001823	0.0001262	2.093E-5	0.0001332	-8.337E-5
704.197	14200.58	-0.0002204	-0.0004778	-0.0001762	-0.0002178	-0.0002529	-0.0003132	-0.0001532	-0.0003376	-0.0003449	-0.0003202	-0.0004375	-0.0003841	-0.0004787	-0.0004964	-0.0003891	-0.0006602	-0.0005754	-0.0005369	-0.0006705	-0.0004882	-0.000463	-0.0005175	-0.0005159	-0.0004052	-0.0002644	-0.0003662	-0.0005228	-0.000412	-0.0004655	-0.0005729	-0.0005112	-0.0002541	-0.0004037	-0.0003823	-0.0002959
704.774	14188.95	-0.0003801	-0.0005742	-0.0002726	-0.0002548	-0.0003942	-0.0003107	-0.0003674	-0.0005221	-0.000276	-0.0003216	-0.0005167	-0.0003052	-0.0004467	-0.0005362	-0.0002499	-0.0004384	-0.0004901	-0.0005741	-0.0003746	-0.0005366	-0.0003658	-0.0005551	-0.0006065	-0.0002706	-0.0003068	-0.0003952	-0.0003732	-0.0003437	-0.0004781	-0.000505	-0.0005066	-0.0003346	-0.00045	-0.0004296	-0.0002313
705.350	14177.35	-0.0004	-0.0003802	-0.0002049	-0.0003147	-0.0002919	-9.155E-5	-0.0004159	-0.0004704	-0.0002357	-0.0004759	-0.0004302	-0.000283	-0.0003528	-0.000464	-0.0001833	-0.0003373	-0.0003954	-0.0003528	-0.0002135	-0.000332	-0.000346	-0.0002501	-0.000452	-0.0002669	-0.0002638	-0.0003204	-9.321E-5	-0.0003848	-0.000386	-0.0004071	-0.0003828	-0.0003557	-0.0003299	-0.0003622	-0.0004155
705.927	14165.77	-0.0006169	-0.0004071	-0.0003119	-0.0003024	-0.0002338	-0.0002821	-0.0003748	-0.0004543	-0.0003989	-0.0003848	-0.0003541	-0.0004723	-0.0004347	-0.0004706	-0.0004136	-0.0005038	-0.000515	-0.0003516	-0.0003554	-0.0003723	-0.0004667	-0.0004753	-0.000525	-0.0002912	-0.0002804	-0.0002122	-0.0004755	-0.0005973	-0.000392	-0.000522	-0.0004291	-0.0004936	-0.0005448	-0.0002145	-0.0004675
706.504	14154.21	-0.0003741	-0.000206	-0.0002158	-0.0002392	-0.0003059	-0.0002078	-0.0002193	-0.0003671	-0.0002584	-0.0002337	-2.206E-5	-0.0004817	-0.0003879	-0.0003425	-0.0003335	-0.0001957	-0.0003749	-1.616E-5	-0.000495	-0.0001306	-0.0003179	-0.000407	-0.0001621	-0.0002737	-0.0002461	-2.747E-5	-0.0002258	-0.0002152	-0.0001892	-0.0003926	-0.0002001	-0.0001609	-0.0002894	-0.0001194	-0.0001433
707.080	14142.66	-0.0003212	-0.0002292	-0.000141	-0.0003294	-0.0001774	-0.0001224	-0.0002158	-0.000386	-0.0001209	-0.0002631	-4.645E-5	-0.000447	-0.0003423	-0.0002467	-0.0002927	-0.0002495	-0.0002986	-0.000188	-0.0004353	-0.0001278	-0.0003886	-0.0001665	-0.0002728	-0.0003239	-0.000164	-6.18E-5	4.321E-5	-2.552E-5	-0.0001381	-0.0003884	-0.0003455	-1.428E-5	-0.0001483	-0.0001429	-0.0002087
707.657	14131.14	-0.0002446	-0.0001124	-0.0003206	-0.0003285	-0.0003592	-0.0002768	-0.0002703	-0.0003628	-6.665E-5	-9.969E-5	-0.0002341	-0.0002606	-0.0003356	-0.0002262	-0.0004879	-0.0002109	-0.0004173	-0.0002199	-0.0001875	-0.0003056	-0.0003102	-0.0002605	-0.0003859	-0.0003617	-0.0002199	-0.0004184	-9.348E-5	-8.965E-5	-0.0002969	-0.0003478	-0.0003184	-0.0001281	-0.000124	-0.0001879	-0.0003454
708.234	14119.63	-0.0003362	-0.0002505	-0.0005216	-0.0002971	-0.000426	-0.0004039	-0.0002924	-0.0004162	-0.000228	-0.0002041	-0.0003394	-0.0002892	-0.0005602	-0.0003866	-0.0003503	-0.0004604	-0.0004484	-0.0004462	-0.0004525	-0.0005688	-0.000423	-0.0002166	-0.0003517	-0.0004366	-0.0003102	-0.0005264	-0.000217	-0.0002764	-0.0003968	-0.0004064	-0.0003551	-0.000287	-0.0003612	-0.0003226	-0.0003698
708.811	14108.14	-0.0004087	-0.0003414	-0.0003311	-0.000487	-0.0002631	-0.0001247	-0.0002562	-0.000247	-0.0003769	-0.0001097	-0.0003558	-0.000395	-0.0003068	-0.0002466	-0.0002701	-0.0003671	-0.0002339	-0.0003364	-0.0003269	-0.0003776	-0.0002792	-0.0002202	-0.0004768	-0.0003476	-0.0001851	-0.0002962	-0.0002701	-0.0003525	-0.0003552	-0.0001739	-0.0002635	-0.0005236	-0.0003732	-0.0003177	-0.0002016
709.387	14096.67	-0.0005236	-0.000572	-0.0005593	-0.0005841	-0.0006387	-0.0005968	-0.0005092	-0.0005709	-0.0007362	-0.000554	-0.000777	-0.000549	-0.0005375	-0.0004699	-0.0004529	-0.0005589	-0.0005942	-0.000731	-0.0004558	-0.0006035	-0.0004677	-0.0007465	-0.0008236	-0.0006233	-0.0004788	-0.000586	-0.0004845	-0.0006149	-0.0005028	-0.0005199	-0.0006622	-0.0007038	-0.0005419	-0.0004489	-0.0004749
709.964	14085.22	-0.000276	-0.0003523	-0.0004635	-0.0003573	-0.0004068	-0.0004546	-0.0003238	-0.0005902	-0.0003724	-0.0002748	-0.0005761	-0.0004636	-0.0003405	-0.0006822	-0.0001919	-0.0003314	-0.000414	-0.0004239	-0.0005306	-0.0005118	-0.0003158	-0.0005852	-0.0004509	-0.0002083	-0.0004094	-0.0003432	-0.0001856	-0.000256	-0.0002936	-0.0004609	-0.0004741	-0.0003062	-0.0003099	-0.0002511	-0.0005266
710.541	14073.79	-0.0001306	-0.0002758	-0.0002327	-0.0003513	-0.000207	-0.0003103	-0.0002197	-0.0002725	-0.0002443	-0.0001541	-0.0003108	-0.000343	-7.956E-5	-0.0005618	-0.0001862	-0.0002611	-0.0002732	-0.0004308	-0.0003574	-9.773E-5	-0.0002296	-0.0003109	-0.0003702	-0.0002537	-0.0003118	1.693E-5	-1.894E-5	-0.0002717	-0.0002089	-0.0004092	-0.0002565	-0.0001842	-0.0001399	-0.0002454	-0.0003298
711.117	14062.38	-0.0001515	-0.0003165	-0.0002418	-0.0004104	-0.0001259	-0.0002833	-0.0002197	-0.0002335	-0.0002849	-0.0001082	-0.0002612	-0.0001974	-0.0002396	-7.114E-5	-0.0001675	-0.0004156	-0.0002205	-0.000296	-0.0004774	-0.0004335	-0.0002234	-0.0004458	-0.0003575	-0.0002516	-0.0001613	6.208E-7	-5.166E-5	-0.0001302	-0.0001919	-0.0004164	-0.000231	-0.0003105	2.68E-5	-0.0001011	-0.0001327
711.694	14050.98	5.077E-5	-0.0003382	-8.939E-5	-0.0001691	-3.023E-5	-0.0001384	-0.0002632	-7.178E-5	-0.0002059	-0.0001923	-0.0001471	-0.0001583	-0.0002203	-0.0001603	-7.75E-5	-0.0002042	-0.0001588	-0.0002178	-0.0003918	-0.0003607	-0.0001041	-0.0002852	-0.0003187	-0.0003077	-3.579E-5	-0.0001796	-0.000144	-0.0001433	-0.0002977	-0.0002827	-0.000246	-0.0003983	-8.569E-5	-2.045E-5	8.167E-6
712.271	14039.60	-0.0001947	-0.0004959	-7.666E-5	-0.000526	-0.0003404	-0.000106	-0.0003273	-0.0004351	-0.0002685	-0.0002605	-0.000161	-0.0003088	-0.0002832	-0.0001422	-0.000234	-0.000387	-0.0003624	-0.0002227	-0.0005049	-0.0005209	-0.0004447	-0.000252	-0.000363	-0.0003405	-4.385E-5	-0.000191	-0.00024	-0.0005147	-0.0004586	-0.0002148	-0.0004371	-0.0003284	-0.0002474	-0.0001033	-0.0001577
712.847	14028.25	-6.075E-5	-0.0004741	-9.221E-5	-0.0004593	-0.0004724	-0.0003941	-0.0003608	-0.000208	-0.0004275	-0.0003951	-0.0003753	-0.0004684	-0.0003381	-0.0002535	-0.0001111	-0.0003815	-0.000524	-0.0005659	-0.0005341	-0.0004001	-0.0003689	-0.0001462	-0.000374	-0.000474	-0.0001413	-0.0002652	-0.0002841	-0.0006	-0.0004322	-0.0001483	-0.0003641	-0.0003298	-0.0003492	-0.0002051	-0.0004929
713.424	14016.91	1.006E-5	-0.0003338	-7.337E-5	-0.0002672	-0.0004684	-6.237E-5	-0.0002086	-0.0003722	-0.0004384	-0.0002984	-0.0002379	-0.0003927	-0.0002275	-0.0003226	-4.692E-5	-0.0003305	-0.0002873	-0.0004405	-0.0005558	-0.0001269	-0.0002039	-0.0004241	-0.0003368	-0.0001857	-0.0001292	-0.0002277	-0.0002381	-0.0003164	-0.0005606	-0.0002351	-0.0002806	-0.0002864	-0.0001998	-0.0002375	-0.0002743
714.001	14005.58	7.051E-5	-0.0001606	0.000209	-2.91E-5	-0.0002824	0.0001933	3.498E-5	-0.0001384	-0.0002096	-0.0001626	5.314E-5	-0.0002036	-0.0001632	-3.482E-5	-0.0002356	-0.0003963	-0.0002104	-1.189E-5	-0.0003453	-9.62E-5	-0.0001478	-0.0001799	-0.0002357	1.15E-5	-8.71E-5	3.352E-5	-1.011E-5	-0.0001725	-0.0003129	-0.0002009	3.806E-5	-0.0001344	-0.0003708	-5.249E-5	-9.942E-5
714.578	13994.28	2.569E-5	-0.0002584	0.0001074	-7.149E-6	-0.0001228	-0.0001693	-0.0002833	-0.0002038	-0.0002103	-0.0003548	-0.0002422	-0.0001253	-0.0003778	-0.0001888	-0.0004766	-0.0005212	-0.0002617	-0.000266	-0.0003909	-0.0002473	-0.0004114	-0.0003331	-0.0002788	-0.0001086	-0.0002926	1.558E-5	-6.491E-5	-0.0003231	-0.000289	-0.0001981	-7.138E-5	-0.0003923	-0.0004255	-0.0001409	-0.0002012
715.154	13983.00	0.0001331	-6.527E-5	0.0001865	7.017E-5	-1.096E-5	-3.875E-5	-6.093E-5	9.292E-5	0.0001257	-6.611E-5	4.481E-5	-6.376E-5	5.294E-6	-0.0002297	-0.0001303	-0.0001816	-0.0001611	-0.0001405	-0.0001727	-3.759E-5	-0.0001324	1.664E-5	-8.024E-5	0.0001106	-8.207E-5	1.844E-5	0.0001271	5.676E-5	8.432E-5	-0.0001394	0.0001082	1.157E-5	-6.207E-5	-5.178E-5	3.457E-5
715.731	13971.73	-0.0001406	-0.0001593	0.0001658	7.084E-5	6.016E-5	-0.0001132	-6.669E-5	0.0001609	-0.0001089	-1.049E-5	-0.0001486	-0.0002066	-0.000125	-0.0001562	-4.94E-5	-0.0003061	-0.0001076	1.49E-5	-0.0002357	4.104E-5	-1.385E-5	-7.603E-5	1.991E-6	-0.0001676	-0.0001504	7.506E-5	6.04E-5	-0.0001694	-0.0001456	-0.0001715	2.97E-5	-1.453E-5	-0.0001653	-0.000123	0.0002777
716.308	13960.48	-0.0001399	-9.329E-5	-3.265E-5	-0.0001201	-7.947E-5	-0.0001732	7.716E-5	-4.296E-5	-0.0002215	8.973E-5	-9.026E-5	8.177E-6	1.501E-5	0.0001753	-3.848E-6	-4.677E-5	-0.0002426	-0.0001064	-0.0001646	0.0002543	-0.0001171	0.0001501	-0.0002888	-5.446E-5	5.917E-6	-2.506E-7	-0.0001016	-0.0001286	-0.0002252	-0.0001278	1.67E-5	4.913E-5	-5.142E-5	-0.0002641	-6.686E-5
716.884	13949.25	-0.0004757	-0.0002151	-0.0002362	-0.0002723	-0.0001525	-0.0001963	-0.0001725	-0.00025	-0.0003675	1.185E-5	-0.0001248	-5.575E-5	-0.0001028	-1.341E-5	-0.000224	-0.0001596	-0.0003489	-0.0001438	-0.0002495	0.0001013	-0.0002327	-0.0001976	-0.0003593	-0.0001566	-0.0001701	-3.306E-5	-0.000334	-4.28E-5	-0.0003851	-0.0002434	-0.000369	-0.0002471	-0.0002061	-0.0003896	-0.0003926
717.461	13938.04	-0.0004023	2.979E-5	-0.0003978	-0.0001218	-0.0001165	-1.892E-5	-5.623E-5	-0.0001513	-0.0002903	-0.0001569	-0.0003357	-3.786E-5	-0.0002491	-0.0002476	-0.0004316	-0.0003046	-0.0003104	-0.0001204	6.532E-6	-4.616E-5	-0.0001866	-0.0001306	-0.0002176	-0.0001977	-0.0001587	-0.0002477	-0.0003417	-9.59E-5	-0.0001172	-0.0002443	-0.0001392	-0.0001163	-0.0001995	-0.0001652	-0.0002278
718.038	13926.84	-0.0003684	-0.000191	-0.0004093	-0.0001326	-0.0001661	-9.038E-5	-0.0001586	-0.0003067	-0.0002731	-0.0002853	-0.0004605	-0.000127	-0.0003719	-0.0002494	-0.0001848	-0.0002153	-0.0002617	-0.0002118	-7.331E-5	-0.0001611	-0.0002108	-0.0003244	-0.0001956	-0.0001668	-0.000289	-0.0003259	-0.0004906	-0.0001176	-0.0001408	-0.0003896	-0.000193	-0.0001086	-0.0002486	-0.0002464	-0.0003214
718.615	13915.67	-0.000683	-0.000261	-0.0006422	-0.0004657	-0.0003917	-0.0003188	-0.0003546	-0.0005513	-0.0004244	-0.0003485	-0.0007052	-0.0004298	-0.0006541	-0.0005732	-0.0003968	-0.0002989	-0.0005494	-0.000457	-0.0004988	-0.0005303	-0.0004299	-0.0005163	-0.0003009	-0.0006139	-0.0003463	-0.0006965	-0.0006265	-0.0005403	-0.0004732	-0.0004111	-0.0006265	-0.0003915	-0.0004293	-0.0006404	-0.0005048
719.191	13904.51	-0.0006636	-0.0004984	-0.0006899	-0.000493	-0.0006344	-0.000682	-0.0005375	-0.0005644	-0.0007331	-0.0005889	-0.0005761	-0.0005826	-0.0007242	-0.0006232	-0.0005498	-0.0002375	-0.0005368	-0.0004314	-0.000709	-0.0006951	-0.0008004	-0.0006528	-0.0006057	-0.0006264	-0.0004766	-0.0006623	-0.0004669	-0.0006499	-0.0005443	-0.0005942	-0.0006129	-0.0004089	-0.000445	-0.0006325	-0.0006891
719.768	13893.37	-0.0004297	-0.0002187	-0.0001422	-0.0002019	-0.0004931	-0.0003009	-0.0004553	-0.0003176	-0.0002761	-0.0002014	-0.0004359	-0.0003224	-0.000319	-0.0002569	-0.0002412	-5.714E-5	-0.0005392	-0.0002371	-0.0005201	-0.0004711	-0.0005848	-0.0003247	-0.0003645	-0.000328	-0.0002385	-0.0002511	-0.0003194	-0.0004251	-0.0003315	-0.0002987	-0.0003354	-0.0001932	-0.0003465	-0.0004418	-0.0003947
720.345	13882.24	-0.000218	5.467E-5	2.248E-5	9.028E-5	-5.256E-5	0.0001055	-3.044E-5	-2.312E-5	-9.879E-5	1.609E-5	-5.317E-5	-0.0001695	6.854E-5	-3.698E-5	8.783E-5	2.704E-5	-0.0001242	5.893E-5	-0.0001368	-9.855E-5	-0.0002927	-0.0001028	-3.846E-5	-9.126E-5	-0.0001233	0.000146	-0.0001036	6.875E-5	-0.0003424	-0.0001674	-0.0001349	-3.116E-5	-0.0001954	-9.292E-6	-0.0001224
720.921	13871.14	-0.0003035	-6.214E-5	-0.0001563	-0.0001228	-0.0002148	-0.0001823	-7.551E-5	-0.0003982	-0.0002173	7.202E-6	-0.0001649	-2.151E-5	5.857E-5	8.602E-5	-6.08E-5	-0.0001741	-7.405E-5	-0.0001262	-0.0002009	-6.003E-5	-0.0004519	-0.0002269	-0.0001772	-9.952E-5	-0.0001754	-0.0002779	-0.0001505	-1.834E-5	-3.045E-5	-0.0003171	-0.0001534	-0.000212	-0.0002341	-0.0002394	-0.0004845
721.498	13860.05	-0.0005086	-0.0001937	-0.0004748	-0.0005205	-0.0002278	-0.0002846	-0.0003934	-0.0003553	-0.0003688	-0.000208	-0.0002133	-0.0002418	-0.0001665	-0.0001205	-0.0001407	-0.0002007	-8.493E-5	-0.0002787	-0.0003691	-0.0003272	-0.0002706	-0.0002356	-0.0003269	-0.0002143	-0.0002715	-0.0003003	-0.0004255	-0.0003483	-0.0002189	-0.0003429	-0.0003668	-0.0002984	-0.0003723	-0.0005284	-0.0006886
722.075	13848.98	-0.0007527	-5.645E-5	-0.0006197	-0.0004129	-0.0001251	-0.0003403	-0.0004267	-0.0003984	-0.0002061	-0.000293	-0.0003081	-0.0004021	-0.0001394	-0.0001423	-0.0002961	-0.0001255	-0.0001682	-0.0001866	-6.49E-5	5.168E-5	-0.000338	-0.0002039	-0.0002612	-0.0001503	-0.0002809	-0.0005187	-0.000585	-0.0004774	-0.0002744	-0.0002214	-0.0003511	-0.0004591	-0.0003178	-0.0005011	-0.0004402
722.652	13837.93	-0.0007549	-4.99E-5	-0.0009052	-0.0006493	-0.0002798	-0.0005051	-0.0004678	-0.0006109	-0.000309	-0.0001578	-0.0005708	-0.0003265	-0.0003794	-0.000365	-0.000575	-0.0002851	-0.0002931	-0.0001389	-0.0001622	-0.0001832	-0.0003979	-0.0002839	-0.0002988	-0.0001965	-0.0005511	-0.0005363	-0.0004761	-0.0006041	-0.000404	-0.0003846	-0.0002739	-0.0005489	-0.0002693	-0.0003745	-0.0006739
723.228	13826.89	-0.0007304	-0.0002366	-0.001011	-0.0005824	-0.0002618	-0.0004386	-0.0003887	-0.0003616	-0.0004342	-0.0003952	-0.0005454	-0.0003897	-0.0005002	-0.0004941	-0.0005675	-0.000337	-0.0001609	-0.0002504	-0.0002304	-0.0002925	-0.0005895	-0.0002431	-0.0002001	-0.0003541	-0.0005232	-0.0005634	-0.0006636	-0.0004801	-0.0004552	-0.0004311	-0.0001823	-0.0004689	-0.000389	-0.0004648	-0.0005126
723.805	13815.88	-0.0007774	-3.096E-5	-0.0007279	-0.0003117	-0.0003468	-0.0003021	-0.000268	-0.0002979	-0.0003966	-0.0001401	-0.000208	-0.0003491	-0.0004256	-0.0003851	-0.0002871	-0.0002085	-0.0001558	-5.284E-5	-5.456E-5	-9.187E-5	-0.0003125	-0.0001833	-0.0002563	-0.0003364	-0.0002178	-0.0003308	-0.000502	-0.0001945	-0.0002064	-0.0002322	-0.0002142	-0.0002322	-0.0004332	-0.0003162	-0.0004531
724.382	13804.88	-0.0007432	-0.0002034	-0.0008354	-0.0004003	-0.0004115	-0.0004305	-0.000558	-0.0003947	-0.0004151	-0.0003743	-0.0004247	-0.0003111	-0.0005481	-0.0004389	-0.0004051	-0.0002776	-0.0006217	-0.0004298	-0.0002195	-0.0001949	-0.0005182	-0.0006274	-0.0004773	-0.0003525	-0.000379	-0.0006602	-0.0005749	-0.0005117	-0.0005496	-0.0005081	-0.0006118	-0.0005277	-0.0006701	-0.0004192	-0.0004293
724.958	13793.90	-0.0006843	-7.217E-5	-0.0005297	-0.0001903	-0.0002998	-0.0002847	-0.000408	-0.0003209	-0.0003258	-0.0002427	-0.0002851	-0.0003544	-0.0003123	-0.0003329	-0.0002382	-0.0002427	-0.0004034	1.841E-5	-0.0002364	-0.0002156	-0.0004239	-0.0001243	-0.0003771	-0.0002398	-0.000217	-0.0006946	-0.0005092	-0.000518	-0.000519	-0.0004068	-0.0003853	-0.0004875	-0.000504	-0.0004523	-0.0003461
725.535	13782.93	-0.0002386	-2.979E-5	-0.0001116	-8.534E-5	-0.0002267	1.988E-5	-7.407E-5	-0.0001301	4.806E-5	0.0001124	-0.0001171	-0.0001042	5.094E-5	-9.204E-5	3.001E-5	9.122E-6	8.752E-5	0.0002866	0.0001734	0.0002222	8.747E-5	0.0001457	3.542E-6	-8.893E-5	-0.0001019	-0.0002035	-0.0002523	6.93E-5	-0.0001272	-0.0001019	-0.0002998	-0.0001366	-0.0001329	-0.0003377	-0.0001246
726.112	13771.98	3.673E-5	0.0002356	-0.0003938	-0.0001447	-7.611E-5	-0.0001386	-0.0001537	6.933E-5	0.0001026	2.617E-5	-0.0001492	-8.64E-5	-0.0001608	-9.815E-5	0.0002657	0.0001703	0.0001955	3.94E-5	0.0001286	0.0002064	4.526E-5	5.956E-5	9.234E-5	-1.578E-5	-9.095E-5	-0.0001222	-0.0003084	0.0001982	2.003E-5	7.879E-5	-9.733E-5	-0.0002323	9.55E-5	-2.528E-5	-9.974E-5
726.688	13761.05	-0.0004564	-1.868E-5	-0.0007039	-0.000279	-0.0002634	-0.0003293	-0.0002287	-0.0003021	-0.0003168	-0.0005113	-0.0004663	-0.0003925	-0.0003384	-0.0002138	-0.0004281	-0.0001373	-0.0001952	-0.0003541	-0.000385	-0.0003744	-0.0001195	-0.000328	-0.0003282	-0.0003173	-0.0004317	-0.0005023	-0.000604	-0.000325	-0.0006945	-0.0005146	-0.0003387	-0.0003664	-0.0003056	-0.0005643	-0.0003877
727.265	13750.14	-0.0006874	-0.0003023	-0.0009181	-0.0004751	-0.0003069	-0.000512	-0.0004755	-0.0002785	-0.0005145	-0.0005212	-0.0006404	-0.000385	-0.0005378	-0.0003388	-0.0005382	-0.0005968	-0.0005513	-0.0004372	-0.000368	-0.0003998	-0.0005179	-0.0004879	-0.0006652	-0.0003877	-0.0005338	-0.0005399	-0.0006753	-0.0004655	-0.000524	-0.0003884	-0.0004346	-0.0003162	-0.0003746	-0.0006591	-0.0004533
727.842	13739.25	-0.0003933	-1.937E-5	-0.0005364	-9.462E-5	-0.0003958	-0.0001758	-2.607E-5	-0.0003105	-0.0003908	-0.0001453	-0.0001624	-0.0001204	-0.0002287	-0.0003607	-0.0003582	-0.0003128	-0.0004269	-0.0001296	-0.0003104	-0.0001909	-0.000371	-9.854E-5	-0.0003358	-0.0003022	-0.0004461	-0.0001711	-0.0002194	-0.0004224	-0.0002996	-0.0001634	-0.0001882	-0.0003587	-0.0003764	-0.0001025	-0.0002429
728.419	13728.37	-0.0001764	1.562E-5	-0.000283	-5.565E-5	-5.473E-5	-5.606E-5	0.0001664	-0.0001271	-0.0001802	4.022E-5	-0.000295	0.0001471	-0.0001586	-3.109E-5	0.0001399	-0.0001164	4.546E-5	1.677E-5	-1.822E-5	-5.87E-5	-6.099E-5	0.0001213	-0.0002442	-7.55E-5	-0.0001928	-0.000225	-0.0001047	-9.238E-5	-0.0001723	-0.0001475	4.981E-5	-0.0002151	-5.488E-5	-0.0001948	-0.0002038
728.995	13717.51	-0.0004195	-7.629E-5	-0.0004592	-0.0002599	-0.0001339	-0.0002422	3.956E-5	-0.0001132	-0.0002919	-9.244E-5	-0.0003083	-0.0001636	-0.0001184	-0.0003056	-0.0002318	-0.000137	-0.0004016	0.0001286	-6.544E-5	-0.000249	-8.797E-5	-0.0002251	-9.85E-5	-0.0002531	-0.0002258	-0.0002536	-0.0003922	-0.000144	3.732E-5	-0.0001421	-0.0002486	-0.0002117	-0.000229	-0.0001566	-0.0001993
729.572	13706.67	-0.0005011	-0.0002863	-0.0006097	-0.0001151	-0.0002685	-0.0002786	-0.0002496	-0.0002141	-0.0002341	-0.0001103	-0.000304	-0.0002341	-0.0001289	-0.0002147	-0.0003668	-0.0002448	-0.0003358	-0.0003328	-5.987E-5	-0.0003233	-0.0001168	-0.0005002	-0.000254	-0.0004322	-0.0001847	-0.0003068	-0.0001925	-0.0003637	-0.0002335	-0.0002716	-0.0002729	-0.0002524	-0.0002278	-0.0003277	-0.000111
730.149	13695.84	-0.0003725	-5.829E-5	-0.000456	-0.0001404	-0.0002287	-0.0004241	-0.0003002	-0.0002888	-0.0002008	-0.0004144	-0.0001545	-0.0003105	-0.0002977	-0.000228	-3.109E-5	-0.0001877	-0.0002754	-0.0002634	-0.0002265	-0.0001996	-0.0002537	-0.0003444	-0.0002488	-0.0005155	-0.0002113	-0.0004579	-0.0002377	-0.0005252	-0.0003711	-0.0001587	-0.0003699	-0.0003314	-0.0003125	-0.0003117	-0.0003919
730.725	13685.03	-0.0005814	-0.0001809	-0.0003226	-0.0002091	-3.827E-6	-0.0001471	-0.0002156	-0.0003432	-0.0003299	-0.0002829	-7.634E-5	-0.0003811	-0.0001543	1.931E-5	-0.0003123	-0.0001444	-0.0001329	-0.0002487	-0.0001444	-0.0001474	-0.0002994	-7.687E-5	-0.0003938	-0.0001213	-0.0005042	-0.0002909	-0.0003556	-0.000339	6.466E-6	-0.0003159	-6.359E-5	-0.0001662	-0.0001999	-0.0001631	-0.0001966
731.302	13674.24	-0.000789	-0.0001564	-0.0006706	-0.0004248	-0.0003943	-0.00052	-0.0004222	-0.0003437	-0.0002455	-0.0003229	-0.0002694	-0.000346	-0.0002109	-6.501E-5	-0.000111	-0.0003501	-0.0002954	-0.0003385	-0.0001036	-0.0003001	-0.0001497	-0.0002846	-0.0003105	-0.0004253	-0.0004431	-0.0002	-0.0004029	-0.0002712	-0.000456	-5.879E-5	-0.000168	-0.0003657	-0.0003096	-0.0002755	-0.0001846
731.879	13663.46	-0.0004149	2.588E-5	-0.0004324	-0.0001501	4.981E-5	-0.0001991	2.857E-5	-0.0001489	-0.0001385	6.872E-6	-0.0002417	0.0001263	0.0002372	0.0001013	-0.0001897	0.0002453	0.0001175	-2.41E-5	-8.969E-5	0.000123	-0.0001239	-0.000254	-8.036E-5	-0.0001024	-0.0001558	-0.000181	-0.0001722	-0.0002593	-0.0001523	-0.0001694	-5.213E-5	-0.0002176	-0.0001618	-0.00028	-0.000302
732.456	13652.71	-0.0003006	0.0001304	-0.0003029	-6.825E-5	7.756E-5	7.029E-5	3.07E-5	0.0001892	5.03E-5	0.0001601	5.579E-5	-0.00016	0.0001822	9.687E-5	0.00012	0.0001887	0.0001428	0.0002362	-8.422E-5	-0.0001817	-0.000121	0.0001808	0.0002362	-6.1E-5	-0.0001831	-5.188E-5	-8.466E-5	0.0001034	-9.463E-5	-0.0001533	-0.0001875	-4.178E-6	4.669E-5	-7.79E-5	-5.938E-5
733.032	13641.96	-7.175E-5	-0.0001118	-0.0001444	0.0002232	0.0001052	0.0001186	5.361E-5	6.466E-5	-9.693E-5	-5.045E-6	0.000105	5.218E-5	0.0001071	0.0001246	-8.422E-5	3.446E-5	0.0001111	0.0001523	-0.0001343	-3.6E-5	-2.425E-5	0.0001313	2.274E-5	3.232E-5	-2.702E-5	-9.095E-6	4.863E-5	-0.0001487	2.607E-5	-0.0001228	-9.431E-5	-0.0001113	-5.699E-5	-3.256E-5	-6.583E-5
733.609	13631.24	-0.0003941	-6.454E-5	-0.0003077	-0.0005539	-0.0004392	-0.0001001	-0.0002418	-0.0002317	-0.0003128	-0.0001539	-0.0001478	-0.0003927	-0.0002894	-0.0003271	-0.0003444	-0.0003961	-0.0002198	-0.0002896	-0.0004978	-0.0003576	-0.000443	-0.0003663	-0.0004157	-0.0002778	3.558E-5	-0.0001548	-0.0003986	-8.898E-5	-0.0005336	-0.0002758	-0.0003544	-0.0003957	-0.0002006	-0.0003431	-8.323E-5
734.186	13620.53	1.301E-6	-3.94E-5	-5.454E-5	-0.0001396	0.0001235	-0.000236	9.143E-6	3.442E-5	2.491E-5	-0.0001459	-5.957E-5	-6.838E-5	-9.062E-5	-0.0001624	-0.0002194	-0.000343	-0.000234	-0.0001393	0.0001136	-8.964E-5	-0.0001768	-0.0001223	-4.682E-5	-0.0001273	-0.0001604	-0.0002638	-0.0002854	2.321E-5	6.006E-6	-0.0001304	-1.497E-5	-0.0001282	-0.0001042	-0.0001636	-5.507E-5
734.762	13609.84	-0.0004721	-0.0004667	-0.000387	-0.0003545	-0.0001577	-0.0003209	-0.0002363	-0.0003953	-0.000263	-0.0002472	-0.0002258	-0.0002984	-0.0004147	-0.0001213	-0.0004269	-0.0002089	-0.0001806	-0.0003217	-0.0002954	-0.0001287	-0.0004972	-0.0004821	-0.0005172	-0.0004955	-0.0001839	-0.0004499	-0.0006008	-0.0003613	-0.0003791	-0.0002348	-0.000182	-0.0004221	-0.0003657	-0.0004313	-0.0004357
735.339	13599.17	-0.00016	-0.0001216	-9.05E-5	-3.348E-5	2.181E-5	-5.989E-5	5.684E-5	-5.629E-5	-8.969E-5	0.0001264	3.697E-5	0.0002812	0.0001333	3.539E-5	-8.245E-5	0.0001024	3.158E-5	4.492E-5	-0.0001467	0.0001824	-5.261E-5	-5.975E-5	6.328E-5	-7.735E-5	0.0001561	8.525E-6	-0.0001014	-0.0001706	-8.6E-5	0.000291	-3.756E-5	-2.645E-5	-0.0003685	-3.768E-6	-0.0001346
735.916	13588.51	0.0001481	0.0002519	0.0001257	0.0001188	0.0001393	0.0001631	0.0001766	4.669E-5	-7.396E-5	0.0002569	0.0002166	0.0002629	0.0002608	0.0003564	0.0001351	9.261E-5	0.0001748	0.0001126	-0.0001111	2.61E-5	8.296E-6	0.0001943	0.0001195	0.000375	0.0003389	0.0001443	-4.116E-5	1.692E-5	0.0001717	2.537E-5	0.0001663	4.41E-5	7.216E-5	0.000206	-4.539E-5
736.493	13577.87	0.0004604	0.0002183	0.0003247	0.0002549	0.0003239	0.0003285	0.0002039	0.0006735	0.0001898	0.0004214	0.000375	0.0003135	0.0003547	0.0002559	0.0003553	0.0001896	0.0004627	3.697E-5	0.0002705	0.0001394	0.0003181	0.0003044	0.0001925	0.0002202	0.0003724	0.0003568	0.0005368	0.0004284	0.0002866	0.0002922	0.0003881	0.000357	0.0002931	0.0002065	0.0003026
737.069	13567.25	0.0005827	0.000383	0.0005393	0.0003977	0.0004777	0.0006846	0.0006402	0.0005236	0.0004563	0.0007343	0.000637	0.0004573	0.0004773	0.000588	0.0003351	0.0007478	0.0004159	0.0008111	0.0003574	0.0002659	0.000385	0.0006152	0.0003596	0.0005063	0.0004513	0.0007739	0.0006524	0.0006962	0.0004106	0.0003383	0.0005086	0.000303	0.0003383	0.0006047	0.0004132
737.646	13556.64	0.0001476	-0.0002316	1.569E-5	3.948E-6	-6.612E-5	-0.0002324	-6.761E-5	-0.0003049	-0.0003954	1.642E-5	-0.0001457	-0.0001855	-7.762E-5	-8.568E-5	-5.888E-5	0.0001125	-0.00024	6.09E-5	-0.0001874	-0.0001826	-0.0001852	0.0001001	-0.000541	5.923E-5	3.042E-5	-0.000273	-0.0002363	5.434E-5	-0.0002096	-4.255E-5	-8.355E-5	-0.0001155	-0.0002665	2.262E-5	-0.0001128
738.223	13546.05	9.005E-5	0.0001753	6.634E-5	0.0002503	0.0001259	1.162E-5	0.0002483	2.094E-5	-9.943E-5	0.0001303	3.073E-5	-8.109E-5	0.0001419	-2.626E-5	0.0001191	-2.682E-5	2.802E-5	8.281E-5	-3.705E-6	4.167E-5	6.646E-5	-0.0001239	9.059E-5	0.0002619	7.742E-5	5.22E-5	-7.939E-5	-5.362E-5	-0.0001152	-0.0001785	0.0002653	-5.831E-6	-0.0001848	-0.000105	5.979E-5
738.799	13535.47	-0.0004991	-0.0001459	-0.0004823	-0.0006615	-0.000417	-0.0006601	-0.0004066	-0.0002025	-0.0001715	-0.0002971	-0.0004084	-0.0002309	-0.0002986	-0.0002607	-0.0004069	-0.0004589	-0.0004524	-0.0003121	-0.0003045	-0.0004255	-0.0004247	-0.0004564	-0.0003455	-0.0003361	-0.0003784	-0.0006347	-0.0004893	-0.0006043	-0.0003221	-0.0004622	-0.0003392	-0.0004487	-0.000121	-0.0003511	-0.0008223
739.376	13524.92	-0.000788	-0.0005902	-0.0007844	-0.0007925	-0.0006739	-0.0007067	-0.0006965	-0.0007519	-0.000343	-0.000647	-0.0009624	-0.0007569	-0.0009042	-0.0006048	-0.0005563	-0.0007673	-0.0008423	-0.0003775	-0.0006861	-0.0008375	-0.0006991	-0.0006038	-0.0007593	-0.0006488	-0.0006388	-0.0006523	-0.0008889	-0.0006951	-0.0008043	-0.0006738	-0.0008019	-0.000759	-0.0005801	-0.000672	-0.0006359
739.953	13514.38	-0.0001185	-0.0003737	-9.454E-5	-3.22E-6	-0.0001533	-0.0002094	-0.00015	-0.0002869	-0.0002187	-1.222E-6	-0.0001453	-0.0002901	-0.0002542	-0.0003517	-0.0002363	-0.0003993	-9.263E-5	-0.000106	-0.0004135	-0.0002348	-0.0001713	-0.0002764	-0.0002429	-0.0002061	-0.0003288	-0.0001174	-7.435E-6	-0.0004193	7.195E-5	-0.000193	-0.0002716	-0.0001123	-0.0002004	-0.0001701	-0.0001038
740.530	13503.85	0.0001643	0.0002952	7.558E-5	-0.0001534	9.868E-5	-0.0001105	2.829E-5	6.617E-5	0.000144	-7.136E-5	9.835E-5	-0.0001206	-0.0002532	-9.294E-5	-0.0001347	-4.487E-5	2.634E-5	0.0001068	-0.0001427	0.0001245	-0.000254	1.408E-5	-0.000106	-2.299E-5	9.817E-5	0.0001582	-0.0001877	-8.257E-5	-0.0002509	4.626E-5	-0.0001388	-0.0001542	-0.0002263	9.159E-5	6.489E-5
741.106	13493.34	-5.181E-5	-0.0002558	4.899E-6	-3.686E-5	-2.669E-5	-5.04E-5	-0.0001518	-0.000225	-0.0002774	5.775E-5	9.087E-5	-0.0001016	-9.663E-5	-4.452E-6	-0.0001349	-0.000297	-0.0001888	-0.0003151	-9.697E-5	-0.0001448	-0.0003239	-9.785E-5	-0.0001344	-0.0002251	-1.775E-5	8.172E-5	-0.0002515	-0.0003285	-1.711E-5	-0.000231	-0.00031	-0.000158	1.918E-5	-4.775E-5	9.653E-5
741.683	13482.85	-2.778E-5	-0.000204	-8.393E-5	-0.0002842	-8.329E-5	-0.0002026	0.0001318	-0.0004003	-6.975E-5	1.626E-5	-0.000152	-0.0002473	-0.000446	-0.0002031	-0.0004102	-0.000254	-7.911E-5	-0.0001758	-0.000318	-0.0002474	0.0002154	-0.0002305	-0.0003421	6.808E-5	5.23E-5	0.0001768	-1.394E-5	-0.0003487	-0.0002754	-0.0002601	-2.722E-6	-0.000234	-0.000303	-1.301E-5	-0.0002297
742.260	13472.37	-4.127E-6	9.055E-5	-8.657E-5	-0.0001	-0.0002369	-0.0002634	-0.000383	-0.0001755	-0.0003535	-9.048E-5	-0.0003869	-0.0001279	-0.0003939	-0.0002093	-0.0001122	-0.0002178	-0.0002779	-0.0002009	-0.0002798	-0.0001585	-0.0003867	5.837E-6	-0.0003595	-0.0003641	-9.238E-5	-0.0002833	-0.000248	-7.364E-5	-0.0003765	-0.0005305	-0.0003315	-0.000121	-0.0002911	-0.000437	-0.0001723
742.836	13461.92	9.563E-5	5.841E-5	-2.36E-5	0.0002	-7.967E-5	-0.0001968	-0.0001053	-0.0003132	-4.58E-5	5.976E-5	-0.0001463	-8.447E-5	6.662E-5	-7.909E-5	8.186E-5	-0.0001477	0.00033	-7.855E-5	-0.0001844	0.0001976	-4.139E-5	-0.0002493	-0.0004367	-0.0002077	2.518E-5	2.831E-5	-0.0001761	-7.8E-5	-0.0001602	-0.0001124	-0.0001406	-0.000166	-0.0002871	-0.000293	-0.0001345
743.413	13451.47	-0.0003094	-0.0003999	-0.0004129	-0.0004871	-0.0002985	-0.0004435	-0.000476	-0.000279	-0.0004434	-0.0002197	-0.0003848	-0.0002216	-0.0001674	-0.0006009	-0.0002262	-0.0003304	-0.0003077	-0.0005302	-0.0001953	-0.0003824	-0.0002131	-0.0003263	-0.0002911	-0.0005056	-0.0001985	-0.000552	-0.0003818	-0.0002772	-0.0002004	-0.0004153	-0.0004055	-0.0003905	-3.364E-5	-0.0004072	-0.0003818
743.990	13441.05	-0.0005423	-0.0006361	-0.0007494	-0.0006926	-0.0004847	-0.0005927	-0.0004793	-0.0006897	-0.0006904	-0.000593	-0.0005912	-0.0006473	-0.0005833	-0.0006073	-0.0006401	-0.0003328	-0.0006669	-0.0007921	-0.0005342	-0.0005	-0.0004424	-0.0003525	-0.0005484	-0.0005436	-0.0004244	-0.000721	-0.0007833	-0.0003555	-0.0007531	-0.0006758	-0.0003401	-0.0006507	-0.0006042	-0.0007253	-0.0007895
744.566	13430.63	-0.000333	-0.0003322	-0.0004984	-0.0002286	-0.0003594	-0.000418	-0.0001717	-7.919E-5	-0.0003309	-0.0002125	-0.0002555	-6.302E-5	-4.418E-5	-0.0003704	-0.0005626	6.704E-5	-0.0001633	-0.0002156	-0.0002495	-0.00024	-0.0004557	-4.689E-5	-0.0001743	-8.639E-5	-0.0002263	-0.00035	-0.0004828	-0.0003019	-9.844E-5	-0.0002661	-0.0004012	-0.0003229	-0.0001697	-0.0005519	-0.0005476
745.143	13420.24	-0.0003718	6.957E-5	-0.000494	-0.0002078	-5.129E-5	-0.0004382	-0.0005743	-0.0003681	-0.0002797	-0.0002047	-0.0002388	-0.0001075	-0.000344	-0.0003086	-0.000182	-0.0002353	-0.0001308	-2.341E-5	-0.0001333	-0.0002594	-7.289E-5	9.052E-6	-5.96E-5	-0.0002799	-0.0003362	-0.0004794	-0.0003976	-0.0003227	-0.000341	-0.0003064	-0.0004715	-0.0001578	-0.0001045	-0.0002202	-0.0003574
745.720	13409.86	-0.0005567	-0.0001619	-0.0005628	-0.0004879	-0.0001647	-0.0003887	-0.0003741	-0.0004076	-0.0003091	-0.000318	-0.0004931	-0.0002756	-0.0004519	-0.0002953	-2.825E-5	-0.0002538	-0.000264	-0.0001659	-0.0002489	-0.0003161	-0.0002134	-0.0001006	-0.0003838	-0.0004425	-0.000494	-0.0005559	-0.0002773	-0.0004884	-0.0003419	-0.0005288	-0.0001862	-0.0001716	-4.893E-5	-0.0005865	-0.0004867
746.297	13399.50	-0.0004138	-0.0001922	-0.0005998	-4.956E-5	-0.0002453	-0.0003643	-0.0001823	-0.0002433	-0.0002364	-0.000273	-0.0001687	-0.0001725	-0.0003616	-0.0003963	-0.0003285	2.042E-7	7.331E-5	0.0003136	-0.0002679	-0.0001731	-0.0003558	-0.0003151	-0.0001555	-0.0001216	-3.106E-5	-0.0004784	-0.000625	-0.0002761	-0.0003177	-0.0005045	-0.0002998	-0.0002546	-0.0003691	-0.0005816	-0.0006928
746.873	13389.15	-0.0002459	0.0002175	-0.0002874	0.000291	0.0002311	0.0003028	7.589E-5	0.0001682	0.000236	0.0002369	0.0004136	0.0001315	0.0001485	0.0002306	0.0004574	0.000567	0.0004562	0.0003608	0.000421	0.0005067	0.0002121	0.0002849	0.0003353	0.0001559	0.0001588	-2.617E-5	7.021E-6	0.0002366	8.127E-5	0.0002212	0.0002648	-2.547E-6	0.0002051	4.76E-5	5.526E-6
747.450	13378.82	-0.0004083	7.592E-5	-0.0003514	-0.0001306	-2.197E-5	-0.0001527	0.0001044	-0.0002777	0.0001419	-4.001E-5	-0.0001085	5.586E-5	-3.86E-5	0.0001968	0.0002857	-2.46E-5	0.0002167	0.0001441	6.674E-5	8.374E-5	-7.36E-5	-0.0002355	-4.528E-6	-0.0002049	1.663E-5	-0.0004282	-0.0004475	-0.0002092	-0.0001578	-0.0002086	-0.0002314	-0.0002019	-0.0002979	3.197E-5	-0.000127
748.027	13368.51	-0.0002366	0.0002408	-0.0001034	-0.0001931	-3.201E-5	-0.0001011	6.4E-5	-9.448E-5	1.401E-5	-2.298E-5	-0.000223	-4.578E-5	5.704E-5	0.0001624	0.0001711	0.000222	0.0001248	-0.000203	0.0001566	3.683E-5	8.654E-5	0.0001354	-0.000232	-0.0002187	1.777E-5	-0.0004018	-0.0001082	3.713E-5	1.756E-5	-8.594E-5	-2.67E-5	-0.0002261	-5.377E-5	1.559E-6	-0.0002849
748.603	13358.21	0.0001393	0.0005011	7.81E-6	0.0003543	0.0004562	0.0003512	0.0002378	0.0004249	0.0004477	0.0004184	0.000277	0.0004072	0.0002666	0.000407	0.0005726	0.0006977	0.0005706	0.0002941	0.0005521	0.0004078	0.000305	0.000305	0.0003883	0.0002979	0.0003514	0.0002286	0.0001487	0.0005172	0.0005401	0.0004615	0.0002442	0.0002425	0.000263	0.0005479	0.0003112
749.180	13347.92	-2.948E-5	0.0003768	-0.0001086	0.0003007	0.0002036	0.0001951	-1.55E-5	0.0002176	0.0001618	5.908E-5	0.000185	0.0002542	0.00019	0.0001294	0.0002123	0.00014	0.0003463	0.0003965	0.0003083	0.0002923	0.0003339	0.000178	0.0001766	0.0001435	4.637E-5	-0.0002299	3.271E-5	0.0001115	0.0001795	0.0002813	0.0002652	0.0002039	3.121E-5	-6.219E-5	-0.0001303
749.757	13337.66	-0.0001495	0.0002056	-0.0004015	9.029E-5	1.959E-5	-0.0002872	-0.0001165	0.0003214	-8.828E-5	0.0001077	4.477E-5	0.0001126	6.044E-5	-1.25E-5	-0.0001081	0.0001042	0.0003114	0.0001697	-3.951E-5	0.000211	3.19E-6	0.0001595	-0.0001802	8.224E-5	-0.0001744	-0.0002548	-0.0002438	-6.833E-5	-4.662E-5	-0.0001661	-7.93E-5	6.641E-5	3.273E-6	-9.921E-5	-0.0001549
750.334	13327.41	-0.0004088	-3.565E-5	-0.0003196	-0.0002842	-0.0001888	-0.0002188	0.0001463	-8.856E-6	-0.0003064	8.943E-5	-0.0002213	-0.0001349	-0.0002836	-0.0002232	-0.0001234	-9.561E-5	-7.048E-5	-8.967E-5	-0.0001959	2.248E-5	-0.0001053	-3.685E-5	-0.0003076	-0.0001777	-0.0002091	-0.0003526	-0.0003375	-0.0001698	-0.0002053	-0.0002948	-6.735E-5	-0.0002446	-0.0002048	-0.0003001	-0.0004482
750.910	13317.17	-0.0002295	-0.0001364	-0.0003383	4.254E-5	-4.46E-5	-0.0002012	-6.718E-5	-0.0001683	-2.283E-5	-0.00033	-0.0002381	-8.895E-5	-1.518E-6	-0.0001899	-0.0002968	-0.0001471	2.683E-5	-0.0001191	4.709E-6	-2.013E-5	-0.0004544	-0.000182	-0.0001122	3.522E-5	-0.0002769	-0.0003871	-0.0003822	-0.0001419	-4.301E-5	-9.092E-5	-0.0001354	-0.0001035	-0.000108	-0.000187	-0.0002836
751.487	13306.95	-0.0001019	6.262E-5	-0.0003839	-2.314E-5	-0.0001213	-9.031E-5	-0.0001798	-4.505E-5	-3.641E-5	-3.693E-5	-9.659E-5	-0.0001588	3.704E-5	9.458E-5	-5.595E-5	-0.0001276	5.126E-5	0.0001741	-2.282E-5	-0.0001067	-0.0001282	-5.713E-6	-0.0001129	-0.0001133	-5.109E-5	-0.0001958	-0.000336	-0.0003114	0.0001409	-2.201E-5	-0.0002176	8.584E-5	-0.0002501	-0.0001887	-0.0002826
752.064	13296.75	-0.0008198	-0.0003822	-0.0005216	-0.0003196	-0.0005963	-0.0005305	-0.0004519	-0.0004102	-0.0003053	-0.0004401	-0.0002979	-0.0004482	-0.0003612	-0.0001421	-0.00021	-0.0004955	-0.0002961	-0.000328	-0.0003496	-0.0003838	-0.0005518	-0.0006172	-0.000718	-0.0004963	-0.0003763	-0.0006376	-0.0005953	-0.000586	-0.0004746	-0.0003767	-0.0006023	-0.0002924	-0.0004674	-0.0005344	-0.0006272
752.640	13286.56	-0.0005892	-0.0004365	-0.0004771	-0.0005796	-0.0003246	-0.0005368	-0.0003376	-0.0005046	-0.0007105	-0.0006436	-0.0005844	-0.000591	-0.0005879	-0.0005266	-0.0004402	-0.0003533	-0.0001643	-0.0006382	-0.0003416	-0.000557	-0.0004117	-0.0004845	-0.000641	-0.0005069	-0.0006101	-0.0005605	-0.0006949	-0.0004215	-0.0004213	-0.0007212	-0.0003327	-0.0006496	-0.0004715	-0.0007197	-0.0006723
753.217	13276.38	-0.0005979	-0.0003897	-0.0005329	-0.0002727	-0.0003722	-0.0004447	-0.0003677	-0.0006087	-0.0003926	-0.0003236	-0.0003607	-0.0002167	-0.0004532	-0.0004858	-0.0001396	-0.0002533	-0.0003216	-0.0001681	-0.0005215	-0.0003667	-0.0002397	-0.000396	-0.0003615	-0.0003536	-0.0003857	-0.0004097	-0.0006067	-0.0003608	-0.0003653	-0.0004231	-0.0001183	-0.0005339	-0.0003111	-0.0003681	-0.0004801
753.794	13266.23	-0.0005824	-0.0003644	-0.0004218	-0.0002724	-0.0001876	-0.0003352	-0.0004184	-0.0003827	-0.0003856	-0.0002112	-0.0005439	-0.0001989	-0.0003338	-0.0002947	-0.000122	-0.000426	-0.0005993	-0.0003578	-0.0004354	-0.0005741	-0.0002602	-0.0004726	-0.0003049	-0.0002969	-0.0005213	-0.000328	-0.0004787	-0.000471	-0.0003638	-0.0004051	-0.0002556	-0.0002102	-0.0001703	-7.339E-5	-0.0006498
754.371	13256.09	-0.0004755	-0.000394	-0.0006953	-0.0003714	-0.0003161	-0.0003092	-0.000536	-0.0003052	-0.0007955	-0.0003883	-0.0003282	-0.0003606	-0.0004124	-0.0005026	-0.0005069	-0.0004283	-0.0004839	-0.0005185	-0.0005347	-0.0004308	-0.0004261	-0.0005281	-0.0004274	-0.0004157	-0.0004121	-0.0006138	-0.0005648	-0.0003379	-0.0004206	-0.0005125	-0.0002163	-0.0004067	-0.0004291	-0.0003925	-0.0005098
754.947	13245.96	-0.0004332	-5.984E-5	-0.0003655	-0.0001801	-0.0002593	-0.0001964	-7.419E-6	-0.0002472	-0.0001658	-0.0003532	-0.0003566	-6.259E-5	-0.0003296	-0.0001738	-0.0003072	-0.0001767	-0.0001362	-0.0003835	-0.0001545	-0.0001907	2.271E-5	-0.0001552	-2.663E-5	-0.0002008	-0.0001023	-0.0004246	-0.0002706	-1.546E-5	-0.0002422	-0.0001399	-0.0002495	-0.00012	-0.0002328	-0.0004371	-0.0002565
755.524	13235.85	-0.0005676	-0.0002427	-0.0003995	-0.0002299	-0.0004938	-0.0002695	-9.021E-5	-0.0003596	-0.0003962	-0.0001061	-0.0003351	-8.781E-5	-0.0003244	-0.0003676	-0.0001806	-0.0003025	-0.0003788	-0.0005225	-0.0002411	-0.000335	-0.0002271	-0.0004431	-0.0002904	-0.0004162	-0.0003393	-0.0002444	-0.0002728	-0.0003493	-0.0002935	-0.0003671	-0.0002098	-0.0001392	-0.0002516	-0.0003814	-0.0005963
756.101	13225.75	-8.971E-5	9.031E-5	-0.0001845	0.0002248	-4.418E-5	9.873E-5	0.0001135	-3.506E-5	0.0001527	0.000185	-2.203E-5	-8.344E-5	0.0001315	-4.164E-5	5.587E-5	-6.797E-5	5.669E-5	-7.6E-5	-0.0001356	-1.239E-5	0.0002209	-1.92E-5	0.0002423	-2.664E-5	-5.891E-5	5.496E-5	0.0001185	-8.174E-5	-0.0001472	0.0001323	2.664E-5	0.000189	-6.431E-5	-7.557E-6	-6.053E-5
756.677	13215.67	0.0001083	0.0002047	-9.654E-5	0.0001621	0.000198	0.0001515	0.0004205	0.0001396	3.71E-5	0.000342	7.168E-5	3.693E-5	0.0003156	0.0001919	1.583E-5	0.0003293	0.000201	0.0003182	0.0001112	0.0002326	0.0002061	0.0002711	0.0002656	0.0002413	6.326E-5	0.0003226	0.0003166	0.0001372	1.356E-6	0.000233	0.0001089	0.0001239	0.0001485	0.0001873	0.0001462
757.254	13205.61	-0.0001605	5.806E-5	-2.776E-5	-0.0001071	-1.364E-5	-0.0001886	7.219E-5	0.0001138	-2.75E-6	6.641E-6	-0.0001038	7.243E-5	-1.29E-5	-4.048E-5	-2.533E-5	-3.719E-5	-6.703E-5	-4.741E-6	3.672E-5	0.000121	-5.944E-5	-0.0001287	8.653E-5	0.0001379	2.104E-5	0.0001343	-4.91E-5	-0.0001244	-0.0001565	2.49E-5	9.713E-5	-0.000116	-0.0001302	1.102E-5	2.969E-5
757.831	13195.56	-0.0005143	-8.048E-5	-0.0002835	-0.0001743	-0.000203	-0.0002587	-5.343E-6	5.118E-5	-4.142E-5	-4.553E-5	-2.681E-5	-0.0001848	-0.0003232	-4.113E-5	-7.56E-5	-2.104E-5	-3.959E-5	-0.0001901	-4.784E-5	4.12E-5	-0.0001621	-0.0001668	0.00012	7.805E-6	-0.0001512	-0.0001168	-0.0004263	-0.000479	-5.15E-5	-0.0001251	-0.0001472	-0.0001597	-0.0001836	-0.0001891	-0.0003062
758.407	13185.52	-0.0002975	2.272E-5	-8.154E-5	5.02E-5	-0.0001085	-0.0001366	6.831E-5	-1.046E-5	-4.109E-5	-6.826E-5	-3.594E-5	-0.0001035	0.0001439	-3.244E-5	-2.13E-5	-8.513E-5	-9.26E-6	-6.705E-5	-2.971E-5	9.266E-5	0.0001141	-0.0001465	0.0001426	-3.563E-5	-0.0001552	-0.0001834	-0.0004564	-0.0001273	-0.000146	-9.434E-5	3.242E-6	-0.0002185	-3.706E-5	-0.0002154	4.1E-5
758.984	13175.50	-0.0001053	-0.0001059	0.0001287	0.0001505	0.0001225	9.369E-6	6.733E-5	0.000108	-0.000151	0.0001451	4.072E-5	-6.523E-5	0.0002255	-4.401E-6	-5.061E-5	-7.059E-5	8.253E-5	-2.479E-5	-1.76E-5	4.627E-5	0.0001498	0.0001331	1.065E-5	-0.0001049	-2.109E-5	-0.0001718	-0.0003557	5.869E-5	-0.0002007	-7.095E-5	0.0002326	-0.0001256	0.0001154	-5.197E-5	3.646E-5
759.561	13165.50	-0.0001157	-5.836E-6	5.773E-5	-4.149E-5	5.567E-5	-0.0001442	3.816E-5	1.91E-5	-0.0001121	5.58E-6	1.43E-5	4.66E-5	-6.814E-5	-0.0003056	-8.968E-5	-9.029E-5	-0.0001067	-5.316E-6	-0.0001025	-8.994E-5	-0.0001621	7.327E-5	-0.0001396	-0.0001224	4.729E-5	-0.0002238	-0.0001874	0.0001003	-4.788E-5	8.71E-5	-6.195E-5	-0.000123	-0.0001825	9.441E-7	-0.0001486
760.138	13155.51	0.000238	0.0001795	5.821E-5	-0.0002014	-6.138E-5	-0.000135	-7.632E-5	-6.739E-5	-4.795E-5	-2.861E-5	-0.0001212	-2.858E-5	-3.133E-6	-0.0001121	-0.0001403	-0.0002133	-0.0001083	-6.251E-5	6.379E-5	-0.0001666	-0.0001614	5.664E-5	-0.0001609	-6.459E-5	-2.115E-5	-8.582E-5	7.512E-5	1.946E-5	-5.438E-5	-0.0001408	-3.94E-5	-0.0001142	-0.0002052	-2.996E-5	-1.186E-5
760.714	13145.54	0.0002993	-1.765E-5	0.0001802	-1.354E-5	0.0001276	0.0001038	-0.0001132	-0.0001486	1.535E-5	1.996E-5	-0.00014	8.397E-5	-0.0001647	-4.686E-5	8.777E-5	-1.04E-6	-6.668E-6	-0.0002073	-0.0001793	-0.0001643	2.65E-5	7.143E-5	-0.0001514	-1.302E-5	1.859E-5	-0.000198	0.000246	-2.845E-5	-0.0001905	-0.0002434	-7.578E-5	-0.0001405	8.218E-5	-9.023E-5	-0.0001215
761.291	13135.58	0.0002311	-3E-5	0.0001528	1.692E-5	0.0001324	5.048E-6	-0.0001104	4.563E-5	-0.0001222	6.968E-5	-3.839E-5	0.0002422	6.01E-5	-5.308E-5	5.394E-5	-5.834E-5	-2.388E-5	-0.0002962	-6.87E-5	-0.0001667	-5.737E-5	7.691E-5	-0.0003087	-0.0001184	6.073E-5	-0.0001719	0.0001199	-0.0001904	-8.236E-5	-8.357E-5	-1.768E-5	-8.653E-6	-6.416E-8	-0.000339	-5.75E-5
761.868	13125.64	0.0003514	0.0001422	0.0002979	7.33E-5	7.167E-5	0.0001943	0.0001079	0.0001825	-4.804E-6	0.0001356	-8.977E-5	8.736E-5	8.649E-5	1.002E-5	6.297E-5	-3.161E-5	0.0001223	-2.809E-5	-0.0001023	0.0001225	6.06E-6	9.7E-5	-4.528E-5	-3.419E-6	7.972E-6	-1.807E-5	-5.058E-5	-1.752E-5	-6.408E-5	0.0002001	0.0001373	4.927E-5	5.922E-5	8.294E-5	0.0001435
762.444	13115.71	0.0001589	0.0001109	0.0001007	8.017E-5	3.995E-5	3.088E-6	-2.007E-5	0.0001657	1.733E-5	0.00013	-8.362E-5	5.034E-5	0.000127	-0.0001	-0.0001212	0.0001126	-4.556E-5	-0.0001628	-0.0001856	-8.83E-6	-3.469E-5	-4.074E-5	-8.895E-6	-0.0001486	2.208E-5	-5.444E-5	-0.000109	4.511E-5	-4.125E-5	4.665E-5	-3.19E-5	3.564E-5	9.186E-5	-3.012E-5	1.154E-5
763.021	13105.80	4.177E-5	0.0001513	-0.0001352	0.0001361	2.692E-5	-0.0001153	-8.675E-6	3.794E-5	-4.022E-5	6.888E-5	-3.297E-6	1.769E-7	1.391E-5	-0.0001804	-8.693E-5	-5.231E-5	8.226E-5	-0.0003323	8.998E-6	-3.691E-5	-0.0001062	-5.287E-5	-0.000117	-5.812E-5	-4.442E-5	-8.782E-5	-7.195E-5	-8.045E-5	-0.0002302	-1.228E-5	0.0001273	-0.0001273	-5.77E-5	1.239E-5	-8.369E-5
763.598	13095.90	-3.668E-5	0.0002825	-9.648E-5	7.236E-5	4.773E-7	0.0001097	5.924E-5	-7.953E-5	-6.909E-5	0.0001163	1.111E-5	-5.177E-5	-0.0001541	-5.238E-5	-3.012E-5	7.42E-5	6.325E-5	-4.38E-5	1.442E-5	4.692E-5	-0.0002922	-0.000161	9.579E-5	-2.311E-5	-0.0001205	-5.586E-5	-0.0002248	6.557E-6	-0.0001288	-0.0001091	6.137E-5	3.584E-5	-0.0001579	0.0001004	-9.823E-5
764.175	13086.01	-0.0001559	0.0004612	2.097E-6	7.164E-5	-4.93E-5	2.386E-5	-8.241E-5	2.816E-5	-7.543E-5	-1.492E-6	-1.429E-5	0.0001995	-3.274E-5	-1.874E-5	0.0001843	0.00029	8.834E-5	1.099E-5	5.005E-5	-3.674E-5	-0.0001943	-3.068E-5	0.0002198	-5.011E-5	2.062E-5	-0.000115	-9.83E-5	4.713E-5	-3.998E-5	1.945E-5	0.0001013	0.0001414	-6.95E-5	2.147E-5	-0.0001714
764.751	13076.15	-0.0002164	0.0002255	-0.0001623	8.965E-5	-4.469E-5	2.745E-6	-0.0001779	-5.737E-5	-0.0002046	-0.0001403	-0.0001164	5.061E-5	3.068E-5	-4.515E-5	6.396E-5	-7.837E-5	-6.877E-5	-4.839E-5	-0.0001565	-8.83E-5	-0.0002312	5.109E-5	1.658E-5	-0.0001923	-5.808E-5	-0.0001822	-0.00019	-0.0001192	3.424E-5	0.0001014	-5.969E-5	8.08E-5	-8.079E-5	-0.0001239	-0.0002171
765.328	13066.29	-6.662E-5	0.0003588	0.0001893	0.0004483	0.0002631	0.0001916	0.0002158	-1.539E-6	1.951E-5	0.0001125	9.78E-5	0.0001957	0.0002885	0.0001237	0.0002149	-1.339E-5	0.0001147	0.0002415	6.875E-5	0.0001647	6.974E-5	7.446E-5	0.0001505	0.0001717	0.000189	0.0003198	0.0001956	0.0001364	0.0003317	0.0003541	0.0002148	0.0002411	0.0001532	4.971E-5	0.0001494
765.905	13056.45	0.00032	0.0002151	0.0002711	0.0003511	0.0003034	0.0002829	0.0003063	0.0002519	0.0003368	0.0001238	0.0003142	0.0003823	0.0003944	0.0001566	0.000192	3.121E-5	0.0002786	0.0003745	0.0002698	0.0002623	0.0003169	0.0002682	0.0001606	0.0001717	0.0003175	0.0002204	0.000351	0.0003262	0.0003558	0.0004403	0.0003249	0.0001144	0.0002202	0.0003063	0.0002759
766.481	13046.63	0.0002047	0.0002278	0.0001639	0.0003398	0.0003483	0.0003861	0.000235	0.0003402	0.0004099	0.0003377	0.000279	0.0002404	0.0002403	0.0002246	0.0001876	0.0001822	0.0002086	0.0002074	0.0002656	0.0002098	0.0002347	0.0003322	0.0001723	0.0002171	0.0002851	6.289E-5	0.0001427	0.0001979	0.0003504	0.0002776	0.0003164	0.0001445	0.0003559	0.0002577	0.0002232
767.058	13036.82	0.0002133	0.000315	0.0002277	0.0001883	0.0003139	0.0003	0.0002292	0.0002068	0.0003012	0.0002821	0.0002706	6.513E-5	8.781E-5	0.0001692	7.909E-5	9.922E-5	0.000296	0.000127	0.000365	0.0001648	0.0002574	0.0002447	6.163E-5	4.921E-5	0.0002151	5.85E-5	4.24E-5	0.0001256	4.69E-5	8.684E-5	0.000267	5.547E-5	0.000274	0.0001041	0.0001236
767.635	13027.03	0.000542	0.000335	0.000411	0.0003046	0.0002821	0.0003361	0.000373	0.0002381	0.0002388	0.000259	0.0003917	9.193E-5	0.000244	0.0001869	0.0001139	0.0001609	0.0003365	0.0003677	0.0003464	0.0002644	0.0004636	0.000383	0.0001009	0.0001449	0.0002415	0.0001157	0.0001372	0.0004239	0.0001641	0.0002037	0.0002366	0.0004187	0.000224	2.443E-5	0.0002146
768.212	13017.25	0.0005261	0.0004634	0.0005526	0.000481	0.0004795	0.0004165	0.000562	0.0005986	0.0004204	0.0005258	0.0005837	0.0005082	0.0006593	0.0005611	0.0004507	0.0005141	0.0004984	0.0004215	0.000459	0.0006445	0.0005036	0.0004451	0.0003397	0.0005222	0.0004782	0.0004089	0.0003609	0.000726	0.0006616	0.000545	0.0004048	0.0005874	0.0004507	0.0003241	0.0005509
768.788	13007.48	7.021E-5	-3.715E-5	5.105E-5	4.634E-5	8.7E-6	-2.641E-5	0.0001219	8.972E-5	0.0001191	7.061E-5	0.000133	0.0002194	0.0001268	0.0001211	-2.175E-6	0.0002344	0.0001947	-2.419E-5	-8.625E-6	0.0001265	-0.0001556	2.764E-7	-2.433E-5	8.761E-5	-9.502E-6	0.0001438	9.973E-5	0.0002533	0.0002012	0.0001349	-3.3E-5	-9.53E-5	4.782E-5	-8.929E-5	0.0001418
769.365	12997.73	-0.0001523	-0.0001863	-0.000111	-5.806E-5	-0.0002792	-0.0001869	-0.0001014	-0.0001655	-5.244E-5	-8.488E-5	-0.0002108	-0.0001237	-0.000165	-0.0002859	-0.000187	-0.00016	-0.0001206	-0.0002032	-0.0001313	-0.0001864	-0.000233	-0.0001943	-0.0001474	-0.0002777	-0.000175	-0.0001429	-7.947E-5	-0.0001815	-0.000177	-0.000125	-0.0001841	-0.0003279	-0.0002084	-0.0002172	-8.811E-5
769.942	12988.00	-4.486E-5	-0.0001233	-0.0001399	-4.981E-5	-0.0002608	-0.0002089	-0.0002003	-0.0001083	-0.0001504	-5.069E-5	-0.0001233	-0.0003892	-6.757E-5	-0.0002701	-3.806E-5	-0.0001016	-3.463E-5	-0.0001831	-0.0001644	-0.0001699	0.0001219	-0.0001937	-0.000193	-0.0002179	-6.627E-5	-0.000133	-0.0001623	-0.0001818	-4.508E-5	-8.497E-5	-7.468E-5	-0.0003213	-1.951E-5	-5.225E-5	-0.0001657
770.518	12978.28	-0.0001855	-0.0002092	-0.0004015	-0.0004078	-0.0003602	-0.0003472	-0.0004139	-0.0004719	-0.0003516	-0.0004312	-0.0002643	-0.0004864	-0.00041	-0.0003112	-0.0002223	-0.0003729	-0.0002609	-0.0003077	-0.0004119	-0.0002097	-1.068E-5	-0.000321	-0.0003752	-0.0003698	-0.0003134	-0.000381	-0.0003586	-0.000381	-0.000285	-0.0002558	-0.0003217	-0.0004101	-2.262E-5	-0.0003734	-0.0003863
771.095	12968.57	-0.0006613	-0.0002884	-0.0004114	-0.0003555	-0.0003418	-0.0002672	-0.0003547	-0.0004806	-0.0002653	-0.0004422	-0.0004653	-0.0003783	-0.0003915	-0.0003779	-0.0002541	-0.0003591	-0.0004136	-0.0003329	-0.0003869	-0.0001748	-0.0002612	-0.0005236	-0.0004671	-0.0006051	-0.000564	-0.0005857	-0.0003891	-0.0003684	-0.0006116	-0.0002794	-0.0003212	-0.0004459	-0.0002715	-0.0003697	-0.0003801
771.672	12958.88	-0.0006523	-9.101E-5	-0.0003884	-0.0002248	-0.0001601	-0.0002171	-0.0001464	-0.0002354	-0.0002879	-0.0001631	-0.0002982	-0.0001602	-0.0001821	-0.0001873	-0.0003157	-8.112E-5	-0.0004037	-0.0002891	-0.0002809	-0.000163	-0.0003028	-0.0002805	-0.0003789	-0.0003213	-0.0004957	-0.0003593	-0.0004106	-0.0001252	-0.000463	-0.0001242	-0.0001048	-0.0002644	-0.0002505	-0.0003529	-0.0002596
772.249	12949.20	-0.0004814	-0.0001262	-0.000218	-0.0002834	-0.0001215	-0.0002358	2.963E-6	-3.83E-5	-0.0001785	-0.0001073	-9.842E-5	-0.0001089	-9.806E-5	-0.0002117	-0.000334	-9.92E-5	-0.0001606	-0.0002028	-0.0001451	-0.000185	-0.0002605	-5.596E-5	-0.0001778	-0.000149	-0.0003003	-0.0002516	-0.0004995	-5.978E-5	-0.0001977	5.528E-5	-1.247E-5	-0.0002277	-0.000139	-0.000317	-0.0001601
772.825	12939.54	-0.0003359	-0.0001226	-0.0001044	-0.0001347	-0.000128	-0.0003691	-7.427E-5	3.88E-5	-3.068E-5	-0.0003033	-0.0001342	-0.0001198	-0.0001876	-0.0001934	-0.0003782	-6.75E-5	-4.719E-5	-6.47E-5	-7.004E-6	-0.0001565	-0.0001381	-2.14E-5	-0.0001859	-0.0002024	-0.000362	-0.0002488	-0.000408	-0.0001659	-0.0001739	8.71E-5	-4.65E-6	-9.812E-5	-0.000199	-0.0001639	-0.0001499
773.402	12929.89	0.0001038	3.274E-5	-4.83E-5	5.432E-5	6.858E-5	-0.0001646	3.374E-5	3.742E-5	0.0001856	7.902E-6	-3.39E-5	-1.805E-5	-0.0001762	8.277E-5	-6.563E-5	0.0001545	6.525E-5	0.0001782	4.426E-5	-0.0001222	-7.316E-5	9.357E-6	-2.25E-5	-0.0001017	-0.0002329	-0.0001538	-0.0001299	-6.108E-5	6.016E-5	6.801E-5	4.487E-5	-7.65E-5	-0.000127	-9.812E-5	-8.955E-5
773.979	12920.25	0.000255	6.335E-5	0.0002692	0.0003672	0.0003427	0.0002491	0.0004429	0.0001622	0.0002932	0.0003763	0.0001075	0.0001694	0.0001438	0.0003898	0.0001739	0.0002057	0.0003328	0.000425	0.0002862	0.0001366	3.511E-5	0.0001098	0.0001355	0.0002417	0.0002638	0.0001105	0.0001747	0.0002275	0.0002464	0.0002071	0.000268	0.0001353	0.0001967	9.515E-5	-2.156E-5
774.555	12910.63	0.0001559	0.0001616	0.0001969	0.0004242	0.0003586	0.0003558	0.0003479	0.0001471	0.0002004	0.0004498	0.0001262	0.0002055	0.0001822	0.0002938	0.0002977	0.0001244	0.0003786	0.0003434	0.0003562	0.0001825	8.144E-5	0.0001995	0.0001673	0.0003094	0.0002684	0.0003008	0.0002823	0.000217	0.0001122	0.0001495	0.0003213	0.0002802	0.0001741	0.0003306	0.0001762
775.132	12901.03	0.0001164	0.0001724	6.357E-5	0.0002807	0.000156	0.0001667	0.0001368	0.000223	0.0001047	0.000407	8.238E-5	0.0001636	0.0001257	0.0001752	0.0002577	0.0001223	0.0002441	0.000295	0.0003054	0.0002294	0.0001922	-2.408E-5	5.799E-5	0.0001526	-2.404E-5	0.0001696	0.0001547	1.76E-5	0.000223	-6.618E-5	0.0002154	0.0001535	9.69E-5	0.0002253	0.0003176
775.709	12891.44	-9.961E-5	0.0001752	-2.87E-5	2.532E-5	4.527E-5	-0.000115	0.0001642	4.507E-5	3.891E-5	0.0001468	3.239E-5	0.0001727	3.678E-5	2.065E-5	0.0001687	0.000257	2.909E-5	0.0001226	0.000114	0.000179	4.759E-5	-0.0001756	-4.854E-5	6.463E-5	-0.0001985	-1.088E-5	-9.628E-5	-5.014E-5	0.0001833	-9.842E-5	-4.294E-5	-6.381E-5	5.478E-5	1.72E-5	7.72E-5
776.285	12881.86	-0.0002422	0.0001039	-0.0001032	-8.599E-5	2.565E-5	-0.000244	-1.709E-5	-0.000246	-3.636E-5	-0.0001158	3.184E-5	6.682E-5	-0.000105	-2.532E-5	0.0002123	0.0002844	3.952E-5	-4.356E-5	8.087E-5	-8.361E-5	1.432E-5	-3.455E-5	-8.491E-5	-0.000133	-7.693E-5	-0.0001635	-5.095E-5	-0.0001188	3.88E-5	-8.861E-6	-0.0001644	-0.0001428	-6.487E-5	-9.319E-5	-9.387E-5
776.862	12872.30	-0.0001089	0.0002044	-0.0001861	1.138E-5	0.0002033	-9.495E-5	7.81E-5	-2.967E-5	1.135E-5	1.283E-5	7.208E-5	0.0001124	-3.091E-5	9.565E-5	0.0001589	8.848E-5	0.0001708	0.0002791	0.0001876	2.99E-5	7.374E-5	0.0001492	-0.0001054	-9.87E-6	-4.285E-5	3.082E-5	4.02E-6	0.0001477	0.0001223	-2.361E-5	3.127E-5	1.773E-5	0.0001374	-7.661E-5	1.166E-5
777.439	12862.75	-0.0001145	5.72E-5	-0.0001783	5.874E-5	0.0002178	3.359E-5	0.0001375	-4.07E-5	-6.139E-5	3.44E-5	-0.0001584	7.734E-5	8.656E-6	-2.915E-6	5.221E-6	5.405E-5	2.343E-5	0.0001397	5.035E-6	-1.525E-5	-2.543E-5	0.0001712	1.015E-5	-3.947E-6	-2.501E-5	7.478E-5	2.3E-7	0.0002188	0.0002221	-0.0001239	0.0001069	-4.41E-5	3.586E-5	-0.0001649	-1.532E-5
778.016	12853.21	-0.0002944	-0.0003578	-0.0002687	-0.0002419	-0.0001319	-5.984E-5	-9.476E-5	-0.0003949	-0.000419	-0.0002858	-0.000255	-0.0001112	-0.000132	-7.209E-5	-0.0001656	-0.0001287	-0.0002781	-0.0002855	-0.0003651	-0.0003478	-0.0003179	-0.0001027	-7.213E-5	-5.724E-5	-0.0002301	-0.0001333	-0.00012	-0.0002844	-0.0001625	-0.0003064	-0.0001501	-0.0001419	-0.0001389	-0.0002963	3.332E-6
778.592	12843.69	-0.0002516	-0.0003768	-0.000196	-0.0004751	-0.0001295	-0.0001536	-0.0001591	-0.0005089	-0.0003706	-0.0002584	-0.0002019	-0.0002012	-0.0001361	-0.000268	-0.0002181	-0.0003199	-0.0003981	-0.0002409	-0.0004678	-0.0003316	-0.0002963	-0.0002384	-0.0002434	2.283E-5	-0.0002508	-0.000233	-0.000281	-0.0004056	-0.0002421	-0.0002509	-0.0002839	-0.0003201	-0.0001878	-0.0001794	-0.0001968
779.169	12834.19	-0.0003508	-0.0003264	-0.0003711	-0.0003492	-0.000359	-0.0002233	-0.0003753	-0.0004087	-0.0003245	-0.0001471	-0.0003997	-0.0003082	-0.0004199	-0.0004615	-0.0002428	-0.0006147	-0.0005181	-0.0003806	-0.0005264	-0.0003477	-0.0002665	-0.0004209	-0.0003734	-0.0002587	-0.0003062	-0.0003372	-0.0005182	-0.0003695	-0.0001839	-0.0001074	-0.0003214	-0.0004446	-0.0004363	-0.0002361	-0.0003811
779.746	12824.69	-0.0001067	-0.0002383	-0.0002691	-1.692E-5	-0.0001783	-0.0001652	-0.000131	9.667E-5	-0.0002465	-1.957E-5	5.604E-5	-1.353E-5	-9.604E-5	-0.0002087	-0.0002259	-0.000265	-0.0002849	-0.0001853	-0.0001844	-1.088E-5	0.0001861	-0.0001365	-0.0001484	-8.019E-5	-0.00021	-0.0002615	-0.0001531	-0.0002825	1.231E-5	-0.0002663	6.959E-5	-2.449E-5	-0.0001473	2.05E-5	-3.104E-5
780.322	12815.22	-0.0002033	-0.000305	-6.701E-5	-8.667E-5	-0.000116	-0.000354	-9.304E-5	5.447E-6	-0.0001819	-0.0001605	-8.261E-5	-0.0001243	-4.506E-5	-0.0002052	-0.000107	-0.0002906	-0.0003619	-0.0002201	-0.0002308	8.208E-5	6.517E-5	-2.691E-5	-0.0002634	-0.0001948	-0.0001749	-0.0002876	-0.0001096	-0.0002245	-6.065E-5	-0.00029	3.582E-6	-4.447E-5	-0.0002395	-1.397E-5	-0.00011
780.899	12805.75	-0.0001055	6.764E-5	-5.562E-5	-0.0002188	0.0001732	-2.621E-5	-2.848E-6	-8.268E-5	-0.0001441	-0.0001677	-0.0001026	-0.0001183	-0.0001113	-0.0003781	-0.0001503	-0.0003588	-0.000316	-0.0002324	6.897E-6	6.804E-5	0.0001518	-9.679E-5	-9.873E-6	-0.0002342	-0.0002714	3.022E-5	0.0001086	-0.0001228	-0.0001476	2.338E-5	-0.0001041	5.116E-5	-0.0002085	6.391E-5	-2.821E-5
781.476	12796.30	-7.843E-5	-5.264E-5	-0.0001229	-0.0003485	-0.0001707	-0.0002583	-0.0003452	-0.0002774	-0.0002501	-0.0002822	-0.0001269	-0.0003954	-0.0004186	-0.0003713	-0.0005314	-0.0005361	-0.0004552	-0.0002778	-0.0003559	-0.0003157	-0.0001448	-0.0001588	-0.0001196	-0.0001529	-0.0004438	4.358E-5	-0.0001628	-0.000457	-0.0001964	-7.925E-5	-0.0002304	-0.0002185	-0.0003121	2.005E-5	-8.891E-5
782.053	12786.86	-0.0005391	-0.000796	-0.0002976	-0.00047	-0.0006285	-0.0005573	-0.000544	-0.0005418	-0.0003789	-0.0006783	-0.0003072	-0.0004364	-0.000536	-0.0005371	-0.000652	-0.0005996	-0.0006697	-0.0004322	-0.0006852	-0.0007246	-0.0006295	-0.000241	-0.0006694	-0.0003357	-0.0005222	-0.0002892	-0.0004754	-0.0004774	-0.0004872	-0.0002707	-0.0004618	-0.0004484	-0.0004678	-0.0004093	-0.0003455
782.629	12777.44	-0.000336	-0.0006914	-0.0001333	-0.0002826	-0.000436	-0.0004403	-0.0004335	-0.000457	-0.0003744	-0.0005295	-0.0002622	-0.0004104	-0.0005727	-0.0007103	-0.0005043	-0.0005214	-0.0004293	-0.0003488	-0.0004798	-0.0004969	-0.0005086	-0.0003841	-0.0005333	-0.0002918	-0.0002635	-0.0001228	-0.0001574	-0.0003607	-0.0004378	-0.0003672	-0.0002807	-0.0005086	-8.751E-5	-0.0005	-0.0001421
783.206	12768.03	-0.0001588	-0.0006579	-0.000217	-0.0003282	-0.0004504	-0.0003054	-0.0004023	-0.0003414	-0.0003133	-0.0003923	-0.0003463	-0.0003516	-0.0005701	-0.0005169	-0.0004472	-0.0004505	-0.0003354	-0.0004136	-0.0004386	-0.0005188	-0.0003986	-0.0004117	-0.0004525	-0.000493	-0.0003322	-0.0001763	-0.0002185	-0.00032	-0.0003211	-0.00039	-0.0002258	-0.0002999	-0.0001129	-0.0004029	-0.0001487
783.783	12758.64	-0.0002999	-0.0002236	-0.0001855	-5.579E-5	-0.0003476	-0.0001613	-0.000358	-0.000173	-0.0001096	-0.0002389	-2.654E-5	-0.0004586	-0.0003247	-0.0002784	-0.0002953	-0.0002946	-0.0005187	-0.0002727	-0.0002914	-0.000297	-0.0001827	-0.0002761	-0.0002987	-0.0002479	1.964E-6	-9.657E-5	-3.126E-5	-9.076E-5	-7.559E-5	-0.000165	-0.0001125	-0.0001228	-0.0004274	-0.0001292	-0.0001336
784.359	12749.26	-0.0006076	-0.0005907	-0.0005541	-0.0006311	-0.0008657	-0.0005123	-0.0006147	-0.0006818	-0.0008182	-0.0006044	-0.0004694	-0.0005842	-0.0006194	-0.0005433	-0.0007334	-0.0004558	-0.0008923	-0.0007953	-0.0005521	-0.0006993	-0.0007887	-0.0006228	-0.0004836	-0.0005353	-0.0006021	-0.0005166	-0.0004865	-0.000364	-0.0005058	-0.0004753	-0.0005062	-0.0005046	-0.0006015	-0.0004532	-0.0007492
784.936	12739.89	-0.000198	-0.0001186	-0.000171	-0.0001075	-0.0002456	5.651E-5	-8.952E-5	-6.163E-5	-0.0003556	6.485E-5	6.392E-5	-4.076E-5	8.362E-5	-5.484E-5	2.013E-5	-3.821E-5	-0.0003389	-0.0001623	0.0001087	-0.0003523	-0.0003115	-1.457E-5	0.0001168	-0.0001482	-0.0001862	-0.0001795	4.15E-5	8.141E-5	-0.0001455	-5.329E-5	-1.266E-5	-4.897E-5	-1.468E-5	0.0001306	6.726E-5
785.513	12730.54	0.0003026	-0.0001545	8.892E-5	0.0002065	-0.0001071	0.0002738	7.4E-5	-4.854E-5	-9.48E-5	3.176E-5	8.486E-6	1.233E-5	-0.0001017	6.945E-5	0.000145	-9.057E-5	-7.131E-5	-0.000145	0.0002154	-0.0002107	-4.801E-5	-3.322E-5	8.633E-5	-1.974E-5	0.0001399	0.0002302	0.0003181	0.000155	1.898E-6	-9.108E-5	9.98E-5	2.676E-5	0.000148	0.0001967	0.0003003
786.090	12721.20	0.0003296	7.574E-6	0.0003084	0.0003122	4.881E-5	6.865E-5	0.0003301	1.631E-5	-5.228E-5	1.113E-5	0.0001341	9.588E-5	-0.0001431	0.000182	-4.971E-5	6.45E-5	2.387E-5	-5.58E-5	0.0001836	6.419E-6	6.373E-5	0.0001111	5.686E-5	0.0001349	0.0002706	0.0002968	0.0001884	8.155E-5	9.313E-5	3.996E-5	0.0002943	9.232E-5	0.0001149	0.0001032	0.000137
786.666	12711.87	-2.154E-5	-0.0001348	9.478E-5	0.000173	-4.997E-5	-0.0001058	4.447E-5	-5.473E-5	-9.663E-5	-0.000206	-0.0001269	-0.0002757	-1.098E-5	-0.0001362	-0.0001622	-0.0002982	-0.0002845	-0.0001306	8.995E-5	-0.0002216	-0.0001015	-0.0001501	-0.0001439	-1.124E-6	2.983E-5	3.998E-5	0.0001027	-3.008E-5	-0.0002954	-0.0001104	0.0001957	3.319E-5	2.131E-5	-1.692E-5	0.0001377
787.243	12702.56	-0.0004082	-0.0003424	-0.0004348	-7.562E-5	-0.0003862	-0.0006152	-0.0004268	-0.0003842	-0.0004064	-0.000571	-0.0005951	-0.0005254	-0.0003176	-0.0005104	-0.000477	-0.0003548	-0.0003645	-0.0004308	-0.0004739	-0.0005069	-0.0003456	-0.0004086	-0.0003917	-0.0005833	-0.0005362	-0.0001602	-0.0002985	-0.0002814	-0.0003479	-0.0001782	-0.0004671	-0.0002326	-0.0002666	-0.0003558	-0.0006435
787.820	12693.26	-0.0005682	-0.0002508	-0.0001059	-0.0002766	-0.000306	-0.000423	-0.0002794	-0.0003166	-0.0002613	-0.0003053	-0.0002217	-0.0003267	-0.0001278	-0.0001634	-0.0002749	-0.0002712	-0.0004703	-0.000365	-0.0002127	-0.0002246	-0.0002655	-0.000188	-0.0002595	-0.0003308	-0.0001586	5.239E-5	-0.0002573	-0.0003871	-0.0002534	-0.0001686	-0.0001655	-0.0001814	-0.0002187	-0.0004064	-0.0001089
788.396	12683.98	-0.0001642	-0.0003192	-0.0002832	-0.0002349	-0.0002242	-0.000321	-0.0003638	-0.000342	-0.0002864	-0.0001549	-0.0004995	-0.0002342	-0.0003939	-0.0002334	-0.0002602	7.932E-5	-0.0002659	-0.0005095	-0.0002756	-0.0002028	-2.126E-5	-0.0001731	-0.000249	-0.0002922	-0.0003109	-5.959E-5	-0.0002546	-9.09E-5	-0.0003567	-0.0003864	-7.977E-5	-4.643E-6	-0.0002338	-0.0005088	-2.738E-5
788.973	12674.70	-0.0002026	-0.0003332	-0.0003014	-0.0002208	-0.0002801	-0.0003804	-0.0004937	-0.0002093	-0.0004246	-0.0003666	-0.0003435	-0.000323	-0.0004528	-0.0002927	-0.0002602	-0.000365	-0.0002932	-0.0004376	-0.0001678	-9.79E-5	-0.0002599	-6.011E-5	-0.0002379	-0.0004487	-0.0004536	-0.0003836	-0.0003637	-0.0001474	-0.0002149	-0.0001647	-0.0004362	-0.0002986	-0.0003887	-0.0004757	-0.0003067
789.550	12665.45	4.342E-5	-0.0001791	-0.0001826	-0.0003251	-0.0004822	-0.0004027	-0.0002368	-0.0003662	-6.731E-5	-0.0004572	-0.0003681	-0.0003768	-0.0001802	-0.0003639	-0.0001537	-0.000218	-0.000414	-0.0004916	-0.0002559	-0.0001677	-0.0001807	-0.0002914	-0.0001229	-0.00044	-0.0002655	-0.0001901	-0.0005583	-0.0001444	-0.0001585	-0.0001629	-0.0002828	-0.000414	-6.151E-5	4.215E-5	-0.0002899
790.126	12656.20	-0.000405	-5.289E-5	2.643E-5	-0.0001255	-0.0002397	9.107E-5	0.0002464	-3.98E-5	-0.0002163	0.0001716	-5.332E-5	-0.0002254	-0.0001021	8.908E-5	-0.0002071	-0.0003192	-0.0003243	-2.62E-5	-0.0001086	-0.000284	-0.0002955	-0.0001529	-0.0001625	0.0001569	7.11E-6	-6.41E-5	2.298E-5	-0.000161	-0.0002294	-0.0001036	5.945E-5	-5.024E-5	0.0001842	-9.532E-5	0.0002606
790.703	12646.97	-0.0006741	-0.000152	-0.0005364	-0.0004743	-0.0005227	-0.0004746	-0.0004045	-0.000463	-0.0005887	-0.0002983	-0.0006104	-0.0004604	-0.0001035	-0.0004452	-0.0005634	-0.0004368	-0.0004433	-0.0002879	-0.0005276	-0.0004069	-0.0003918	-0.0002508	-0.0004046	-0.0005941	-0.0002076	-0.0003338	-0.0003216	-0.0005854	-0.0003629	-0.0003853	-0.0003383	-0.0004444	-0.0003245	-0.0003251	-0.000345
791.280	12637.75	-0.0006025	-0.0004477	-0.0007295	-0.0005191	-0.000605	-0.0006915	-0.0005015	-0.0007625	-0.0004909	-0.0003349	-0.0006371	-0.0006001	-0.0006152	-0.0005352	-0.0005665	-0.0003851	-0.0005241	-0.0005393	-0.0003892	-0.0003386	-0.0006118	-0.0005899	-0.0003951	-0.0005949	-0.0006133	-0.0003359	-0.0003841	-0.0005475	-0.0002889	-0.0002809	-0.0005083	-0.0003613	-0.0005475	-0.0005271	-0.0003595
791.857	12628.55	-0.0003299	8.678E-5	-0.0003135	-0.0001878	-0.0001857	-0.0002034	-8.689E-5	-0.0002401	-0.0003412	-0.0003577	-0.000213	-0.0001356	-7.463E-5	-8.028E-5	-0.0002532	-0.000165	-0.000103	-0.0002208	-0.0001873	-0.0001444	-0.0001517	-0.0005267	0.0001046	-0.0001399	-5.022E-5	-0.0001662	-0.000271	-7.468E-5	0.0001419	-5.796E-5	-4.636E-5	-0.0003432	-0.0003296	-0.0001435	-0.0001703
792.433	12619.36	-0.0005398	-0.0001637	-0.0004939	-0.0001082	-0.0001114	-0.0003623	-0.0001608	-0.0001631	-4.601E-6	6.167E-5	-0.0002822	-0.0002552	-9.651E-5	-0.0004014	-0.000226	-8.911E-5	6.692E-5	-7.928E-5	-4.962E-5	-0.0002351	-0.0002006	-0.0003928	-4.689E-5	-0.0002473	-0.0001543	-0.0002824	-0.000524	-0.0002582	2.942E-5	-0.0004484	-0.0001702	-2.734E-5	-0.0004148	-0.0001317	-0.0004485
793.010	12610.18	4.792E-5	-0.0001361	-0.0001763	-0.000141	-0.0002782	-0.0002294	-8.273E-5	8.228E-6	9.14E-5	-0.0003433	-0.0001547	3.316E-5	-1.006E-5	-0.0001805	-0.0002274	0.000166	-8.193E-5	-0.0002609	7.883E-5	0.0002227	-0.0002118	-0.0002709	-0.0001821	-0.0003262	-0.0002101	-3.741E-5	-0.00027	-4.305E-5	4.748E-5	-8.675E-6	0.0001965	-0.0003848	0.0001598	-0.000242	-0.0001318
793.587	12601.02	-0.0005165	-0.0007781	-0.0006592	-0.0003678	-0.0003684	-0.0004542	-0.0005637	-0.0005287	-0.0004496	-0.0006114	-0.0007604	-0.0002705	-0.0005001	-0.0004136	-0.0006991	-0.0006476	-0.0003301	-0.0005287	-0.0001865	-0.0003879	-0.0007806	-0.0006886	-0.0005124	-0.0005659	-0.0001371	-0.000424	-0.0005959	-0.0005441	-0.0001698	-0.0004867	-0.0007247	-0.0003845	-0.0005943	-0.0007456	-0.0004752
794.163	12591.87	-6.71E-5	1.405E-5	-0.0002175	-0.0001965	-0.0001562	-2.493E-5	5.382E-5	2.925E-5	-7.052E-5	-0.0003345	6.676E-5	0.0001528	-0.000117	0.0001008	0.0001284	-0.000165	-0.0002953	0.000119	-0.0001339	-0.0001152	-0.0001225	3.333E-5	-0.0003005	-0.0001169	-0.0001351	-6.981E-5	2.284E-5	-9.647E-5	0.0003639	-0.0001147	-0.0002547	2.768E-5	-4.19E-6	-7.959E-5	-1.465E-5
794.740	12582.73	-0.000311	-0.0005949	-0.0005089	6.667E-5	-0.0003004	0.0001231	-0.000311	-0.0001785	-0.0003302	-0.00016	-0.0002031	-0.0002316	-0.0001772	-0.000151	-0.0005745	-0.0002304	-0.0002179	-9.855E-5	-0.0001892	-7.577E-5	-0.0002573	-0.0003502	-0.0002472	-0.0003273	6.519E-5	-0.0001751	-0.0004102	-0.0005592	3.91E-5	-0.0004691	-0.0002662	-6.546E-5	-0.0002448	-0.0002011	3.69E-5
795.317	12573.60	-0.000327	-0.0005516	-0.0005544	-0.0003068	-0.0004172	-0.0003869	-0.0004566	-0.0005062	-0.0003875	-0.0005674	-0.0006262	-0.0005144	-0.0003997	-0.0004012	-0.0002105	-0.0004266	-1.476E-6	-0.0004049	-0.0002847	-0.0004521	-0.0005995	-0.0002609	-0.0004425	-0.0001259	-0.0002976	-0.0006026	-9.15E-5	-0.0004202	-0.0004361	-0.0004789	-0.0003937	-0.0005713	-0.0007473	-0.0004011	-0.0002367
795.894	12564.49	-5.68E-5	0.0001184	-2.15E-5	4.322E-5	4.206E-5	-0.0002848	0.0001117	1.818E-5	2.63E-5	-1.595E-5	0.0001298	6.768E-5	5.362E-5	-0.0002049	-0.000217	0.0002095	0.000124	6.053E-5	0.0001645	1.995E-5	0.0004519	-7.537E-5	-1.002E-5	9.261E-5	-9.584E-5	-0.0001919	-0.0002928	-5.006E-5	0.000135	-0.0001771	0.0001451	6.996E-5	0.0001241	-1.747E-5	-1.355E-5
796.470	12555.40	-0.0004577	-0.0001095	-0.0005678	-0.0005838	-0.0003144	-0.0004333	-0.0001332	-0.0005589	-0.0003931	-0.0002874	-0.0003249	-0.0001794	-0.0007276	1.469E-5	-0.0002562	-0.0002094	-0.0002359	-0.000399	-0.0003573	-0.0001723	-0.000382	-0.0003442	-0.0002098	-0.0002688	-0.0002442	-0.0004831	-0.0005336	-0.0004591	-0.0003819	-0.0004365	-0.0004201	-0.0003906	-0.0002943	-0.0002014	-0.0005836
797.047	12546.31	-0.000224	-0.0003438	-8.193E-5	0.0002176	7.386E-5	9.526E-5	4.338E-5	0.0001104	-7.55E-6	-0.0001044	-0.0001936	-3.167E-5	2.821E-5	-0.000161	2.881E-5	-5.939E-6	7.018E-5	0.0001471	-2.615E-5	8.327E-6	-3.757E-5	-0.0002053	-0.0002607	0.0001919	4.404E-6	-0.0001107	-0.0002778	0.0003971	0.0002109	-0.0001592	5.558E-5	-0.0003533	-0.0002854	-1.838E-7	6.313E-5
797.624	12537.24	0.0001828	0.0001198	-0.0002737	0.0001702	0.0001436	-9.491E-6	0.0001094	0.0002971	-0.0001547	5.707E-5	-7.293E-5	0.0002239	0.0003571	0.000384	0.0002518	0.0003026	0.0001005	0.0002388	0.0001535	0.0003774	0.0002461	0.0002338	0.0001179	-2.712E-5	0.0002857	0.0001422	2.15E-5	0.0002144	-3.249E-5	5.364E-5	5.822E-5	6.225E-5	0.0004469	0.0002132	4.494E-5
798.200	12528.18	-0.0003168	0.0001896	-6.942E-6	-9.339E-5	6.578E-5	6.217E-5	-4.162E-5	0.0001408	0.0001573	0.000237	0.0002665	-0.000167	0.000206	1.351E-5	0.0001066	0.000201	8.2E-5	0.0002852	0.0001228	0.0001149	0.0004006	0.0002114	0.0001566	3.839E-6	-0.0001434	4.974E-5	-0.000306	0.0001456	-6.178E-5	0.0002386	4.431E-5	0.0001956	0.0001128	-8.627E-6	-7.496E-5
798.777	12519.14	0.0003203	0.0006108	0.0002555	0.0005859	0.0002986	0.0005569	0.000187	0.000654	0.000466	0.0004644	0.0005204	0.0004386	0.0005412	0.0003439	0.0003836	0.0005943	0.0002865	0.0006022	0.0004027	0.0004881	0.0003544	9.873E-5	0.0002839	0.0004609	0.0003918	0.0001503	0.0001779	0.0004593	0.0004773	0.0001083	0.0002997	4.125E-5	0.0003393	0.0003751	0.000244
799.354	12510.10	0.0001456	4.034E-7	-0.0001029	-0.0002201	-6.29E-6	0.00011	-0.0001972	-7.938E-5	-0.0001091	5.717E-5	-0.0001943	0.0001269	0.0001324	0.0001963	-7.889E-5	0.0001302	-0.0002441	-9.557E-5	5.909E-5	-0.0001243	-5.218E-5	0.000259	-1.696E-5	-0.0002339	0.0001426	0.0001934	-0.0003459	0.0001371	-8.057E-5	-0.0001104	-2.933E-5	-4.898E-5	-1.25E-5	-4.346E-5	8.163E-6
799.931	12501.09	-2.271E-7	-0.0003321	-0.0001646	-0.0003853	-0.0002008	-0.0002202	-0.0002812	-0.0001694	-0.0001893	-0.0002402	-0.0002872	-0.0003121	-3.697E-5	0.0002178	-0.0002041	8.509E-5	-0.000181	-0.0002816	-5.765E-5	8.95E-5	-3.724E-5	-0.0001487	-0.0001898	-0.0001156	-6.258E-5	-0.0002367	-0.0002814	-0.0001611	-0.000315	-0.0001886	-0.0001205	-0.0001555	-0.000283	-7.296E-5	-0.0002454
800.507	12492.08	-8.127E-6	-0.0003002	3.088E-5	-0.0003019	-0.0002756	-0.0004799	-9.893E-5	-0.0003349	-0.0001853	5.835E-5	-2.448E-5	-0.0001645	-0.0001099	-0.0002169	-0.0002256	-0.0003283	-0.0002261	-0.0001139	-0.0003637	-9.602E-5	-0.0002795	-0.0001216	-5.565E-5	-0.0003932	-0.0002376	-0.000234	-0.000186	-6.769E-5	-6.366E-5	-0.0002035	0.0001779	-0.0001107	-0.000278	-0.000246	-0.0001104
801.084	12483.09	-0.0002091	-0.00017	2.88E-5	-0.0002927	-0.0002709	-0.0002932	4.421E-5	-6.94E-5	-0.0003172	-0.0003561	-0.0003367	-0.0003302	8.41E-5	-0.0001468	-0.0004568	-0.0002709	-0.0001961	0.0001379	-0.0002518	-0.0002886	-0.0003558	-0.0002778	-0.0003503	-0.0004023	-0.0003516	-0.0004627	-0.0003543	-0.000246	-5.231E-5	-0.0003756	-0.0001992	-0.0002446	2.556E-5	-0.0002982	-0.0002387
801.661	12474.11	2.507E-6	-0.0001828	-0.0001745	-0.0002775	-0.0003061	-0.0003737	-0.0002296	6.221E-5	-0.0002735	-0.0002321	-0.0004797	-0.0004627	-0.000419	-0.000187	-0.0002713	-0.0002911	4.092E-5	-4.395E-5	-0.0003847	-0.000294	-0.0004658	-0.0002849	-0.0003722	-0.0002386	-0.0004665	-0.0001542	-0.0002014	-0.0002308	-0.0002151	-0.0002561	-0.0003393	-0.0001857	-0.0001146	-0.0001878	-2.725E-5
802.237	12465.14	-6.752E-5	-0.00013	-0.0001846	-0.0002598	-0.0003405	-0.0002821	-0.0002339	-0.0002045	-0.0004395	-0.0003012	-0.000322	-0.0003898	-0.0002543	-8.075E-5	-0.0002709	-0.0005277	-0.0002633	-9.003E-5	-0.0003291	-0.0003387	-0.0004853	-0.0001827	-0.000458	-0.0005322	-0.0003499	-0.0002753	-0.0004224	-0.0003184	-0.0004674	-0.0004113	-0.0002488	-0.0004431	-0.0001627	-0.0003062	-0.0002746
802.814	12456.18	1.435E-5	-7.638E-5	-0.0003639	-8.026E-5	-0.0001771	-0.0003176	-0.0003868	-0.0001483	-0.0003951	-7.703E-5	-0.0004969	-0.0002816	-0.0003037	-0.0001598	-0.0003005	-0.0001863	-0.0002541	-0.0001372	-6.816E-5	-0.0004092	-0.0001705	-0.0003277	-0.0001398	-0.0002883	-0.000399	-0.0004349	-0.000209	-0.0001879	-0.0003168	-0.0001252	-0.000322	-0.0003924	-1.546E-5	-0.0002636	-0.0001706
803.391	12447.24	-0.0002194	2.074E-5	-0.0002932	-9.196E-5	-9.602E-5	-0.0002389	-0.0001677	-0.0001583	-0.0005773	-0.0002755	-0.0003088	-0.0002426	-0.0001492	2.786E-5	-0.0002388	8.321E-5	-0.0002131	7.388E-6	-0.0001675	-0.0003366	-0.0004395	-0.0001797	-0.0004543	-0.000204	-0.0001157	-0.0003024	-0.0003341	-0.000175	-0.0002324	-0.0001421	-0.000141	-5.721E-5	-0.0004623	-0.000299	-0.0001757
803.968	12438.31	2.537E-5	0.0001961	-0.0001052	-6.017E-5	0.0001044	-0.0002144	1.792E-5	-0.0001057	-3.826E-5	-1.892E-5	-0.0001394	8.666E-5	3.477E-5	1.546E-6	0.0001772	3.276E-5	0.0001088	7.069E-5	-3.232E-5	-4.384E-5	3.845E-5	-1.975E-5	-0.0002562	-0.0001943	-0.000359	-8.839E-5	-0.0001155	-0.0001566	-0.0002095	-0.0001656	-0.0001012	-0.0001902	-0.0002237	-7.376E-5	-0.0001224
804.544	12429.40	0.0003433	0.0002592	4.283E-5	1.609E-5	6.23E-5	0.0002441	0.000255	9.51E-5	8.219E-5	9.861E-5	0.0001461	0.0005244	0.0002655	0.0001004	0.0002087	0.000464	0.000145	0.0003833	0.0002612	0.0001568	0.0001507	5.328E-5	0.0001177	-1.06E-5	0.0001137	-3.289E-5	0.0001751	0.000127	0.0002504	0.0002527	0.0001389	0.000223	0.0003409	0.0001753	0.0001923
805.121	12420.49	-6.768E-5	0.0005333	0.0002061	0.00038	0.0001389	0.0003299	0.0002549	0.000357	0.0002511	0.0003401	0.0003423	0.0005221	0.000399	0.0003009	0.0002105	0.0005654	0.0003308	0.0003775	0.0005169	0.0005087	0.000153	0.0005091	0.000357	0.0002211	0.0003877	-6.38E-5	0.0001892	0.000248	0.0002342	0.0001454	0.000363	0.0003349	0.0003864	0.00043	0.0001083
805.698	12411.60	-0.0002613	4.2E-5	-3.419E-6	0.0001701	-3.065E-5	0.0002412	-8.157E-5	0.0003634	6.772E-5	0.0004079	0.0001555	-5.9E-5	8.095E-5	0.0004266	0.0001882	0.0004754	0.0001815	0.0002903	0.0005234	0.0005033	0.0001332	0.0004178	0.0001893	0.0002337	0.0002576	8.591E-5	4.494E-5	0.0003705	0.0003563	0.000115	0.0002365	0.0002167	0.0002816	0.0003128	3.874E-5
806.274	12402.73	-0.0008411	-0.0002522	-0.0006293	-0.0003336	-0.0002151	-0.0003327	-0.0005497	-0.0003922	-0.0002892	-0.0002	-0.0003364	-0.0005323	-0.0004983	-0.0003664	-0.0003225	-9.679E-5	-0.0003318	-0.0003234	-0.0001484	-0.0003171	-0.0003203	-0.0004386	-0.0004341	-0.0002323	-0.0003345	-0.0004089	-0.0004446	-0.0004508	9.131E-5	-0.0003044	-0.0002238	-0.000319	-0.0003259	-0.0005053	-0.000533
806.851	12393.86	-0.0006783	-7.866E-5	-0.0006095	-0.000457	-0.0002146	-0.0003051	-0.0004715	-0.0004854	-0.0001826	8.685E-5	-0.0002205	-0.000533	-0.0002562	-0.0003098	-0.0001157	-0.0001211	-0.0003663	-0.0003806	-3.891E-5	-0.0004193	-0.0004014	-0.0002035	-0.0003117	-0.0002871	-0.0001575	-0.0002881	-0.0004818	-0.0003074	-0.0001661	-0.0002066	-0.0001711	-0.0003758	-0.0004959	-0.0005337	-0.0003878
807.428	12385.01	-0.0002884	-7.272E-5	-0.0002677	-0.0005934	2.485E-5	-0.0001829	-0.0002665	-0.0001752	-0.0001926	0.00022	-6.881E-5	-0.0002893	4.915E-5	4.232E-5	-0.0001516	-9.527E-5	0.0001884	-5.604E-5	6.868E-5	-0.0002664	-3.497E-5	2.442E-5	-5.349E-5	-0.0001308	-4.286E-5	-7.3E-6	-0.0001847	-0.0001936	-8.256E-5	-0.0001471	2.729E-5	-0.000106	-0.0003785	-0.0003255	-0.0002193
808.004	12376.17	-0.0001487	3.906E-5	0.0001293	3.637E-5	0.0001154	-7.272E-5	2.642E-5	-2.709E-5	9.816E-5	-0.0001173	-9.988E-5	-3.736E-5	0.0001786	0.0001504	-0.0001454	-8.92E-5	0.0003432	4.18E-5	0.0001235	1.877E-5	7.145E-5	3.221E-5	2.196E-5	-5.728E-5	-4.616E-5	-4.894E-5	8.884E-5	1.917E-5	-5.88E-5	4.544E-5	0.0001137	1.936E-5	1.833E-5	-1.005E-5	0.0001668
808.581	12367.34	7.801E-5	0.0004524	0.000236	0.0004501	2.186E-5	0.0001984	0.0002208	-8.013E-5	0.000342	0.0001096	0.0001983	0.0001816	0.0002597	0.0002469	0.0003564	0.000204	0.0003	0.0001901	0.0002178	0.0002522	0.000306	0.0002505	9.398E-5	0.0003839	0.0001801	0.0001707	0.0003334	0.0004413	0.0003373	0.0002441	9.841E-5	0.000272	0.0002144	0.0002326	0.0002146
809.158	12358.53	8.429E-5	0.0003134	0.0001111	0.0002894	0.0001081	0.0001972	8.289E-5	-6.438E-6	0.0001856	0.0003263	0.0002997	0.0002069	0.0002262	0.0001238	0.0002872	0.0002263	0.000274	0.0002237	0.0003996	0.0002059	0.0004211	0.0004097	0.0002226	0.000429	4.432E-5	0.0002423	0.0004287	0.0002826	0.0004231	0.0001734	6.758E-5	0.0003384	0.0002559	0.0002412	0.0001311
809.735	12349.73	-0.0001106	0.0001144	-0.0002358	0.0002297	0.000256	-0.0002522	-0.0001448	-0.0002468	3.336E-5	1.41E-5	0.0001579	6.644E-5	0.0002277	0.0001121	7.654E-5	0.0002745	0.0001265	0.0001603	0.0004014	0.0002484	0.0003159	2.518E-5	0.0003019	9.176E-5	-4.589E-5	9.974E-5	-5.18E-5	0.0001396	0.0001862	0.000109	0.0002141	0.0001725	2.004E-5	2.393E-5	5.667E-5
810.311	12340.94	-0.0003025	0.0001244	-0.0002966	0.0002149	7.193E-5	-0.0003439	-0.0002645	-0.0002033	-8.544E-6	-8.984E-5	7.087E-5	-2.496E-5	0.0001183	-3.458E-5	-6.312E-5	0.0001579	1.31E-5	0.0001421	0.0001653	0.0002077	-4.805E-5	-0.0001117	9.986E-5	-6.624E-5	1.266E-5	-0.00028	-0.0001339	-1.614E-5	-0.0001082	6E-5	0.0001674	0.0001132	-3.519E-5	5.908E-5	-7.801E-6
810.888	12332.16	-0.0003461	-0.0002419	-0.00024	-0.000141	-0.0002619	-0.0002362	-0.0001879	-7.873E-5	-0.0001265	-0.0001449	-0.000139	-0.0001362	-0.0001629	-0.0002218	-0.0001586	-0.0002247	-0.0002135	1.216E-5	-0.0001183	1.924E-5	-0.0002181	-0.0001351	-5.304E-5	-8.433E-5	-0.0003041	-0.000238	-0.0003614	-0.0002447	-0.0002033	-9.551E-5	-0.0001342	-0.0002212	-0.0003322	-0.0001135	-0.000144
811.465	12323.39	-0.0001307	-3.872E-5	-0.0001381	2.743E-5	5.071E-5	-1.336E-5	2.099E-5	9.62E-5	5.096E-5	8.711E-5	0.0001299	5.592E-5	5.571E-5	-7.732E-5	0.0001102	-8.05E-5	-5.639E-6	0.0001785	0.0001113	7.401E-5	8.784E-5	0.0001954	0.0002105	0.0002493	-9.095E-5	2.474E-7	-0.0001777	-6.489E-5	-6.143E-5	-2.933E-6	-2.878E-5	-3.828E-5	7.698E-5	-2.127E-6	8.879E-5
812.041	12314.64	0.0001183	0.0001972	8.131E-5	0.0004769	0.0004916	0.0002113	0.0002894	0.0002015	0.0004042	0.0004618	0.0005458	0.0003812	0.0002525	0.0003175	0.000465	0.0003408	0.0004327	0.0004097	0.0003693	0.0003701	0.0003512	0.0004728	0.0005036	0.0005571	0.0002555	0.0002918	0.0001088	0.0002324	0.0001734	0.0002466	0.0003838	0.0003282	0.0004812	0.000292	0.0002619
812.618	12305.90	0.0002212	0.000348	0.000342	0.0006322	0.0006463	0.000664	0.0004529	0.0004552	0.0006311	0.0006157	0.0005736	0.0007878	0.0004626	0.0007363	0.0006625	0.0005901	0.0006511	0.0004304	0.0004533	0.0006778	0.0005228	0.000654	0.0006985	0.0008492	0.0002328	0.0006585	0.0004107	0.0003792	0.0004853	0.0006066	0.000581	0.0004534	0.000572	0.0003636	0.0003033
813.195	12297.18	0.0001812	0.0004183	2.773E-5	0.0004167	0.0003658	0.0006659	0.0003541	0.0003924	0.0004858	0.0005436	0.0002835	0.0006382	0.0004557	0.0006373	0.0004659	0.0006492	0.0005425	0.0003469	0.0004966	0.0005602	0.0004965	0.0005639	0.0004429	0.0007098	0.0003389	0.0003223	0.0003412	0.0004175	0.0005853	0.0006432	0.0006324	0.0003409	0.0004025	0.0002547	0.000211
813.772	12288.46	8.263E-5	0.0003422	-5.871E-5	0.0002799	0.0002725	0.0005089	0.0003299	0.0002216	0.0003298	0.0005664	0.0003252	0.0004673	0.0004747	0.0004452	0.000258	0.0006521	0.0005737	0.0003041	0.0005022	0.0002646	0.0002883	0.0003691	0.0003369	0.0005693	0.0004578	0.0002324	0.0001902	0.0003257	0.0004099	0.0003707	0.000475	0.0002217	0.0003721	0.0002539	0.0002732
814.348	12279.76	-0.0001168	0.0001404	-0.000165	0.0002231	0.0002494	0.0002858	6.934E-5	0.0001163	2.246E-6	0.0001614	0.0001039	0.0002756	0.0002569	0.0001664	0.000181	0.0004118	0.0004978	1.532E-5	0.0001629	0.0001366	0.0001988	-5.188E-5	0.0001033	0.0003221	0.0001539	0.0001684	-2.178E-5	0.0001483	0.0001278	9.585E-5	0.0001742	0.0001066	0.0001847	3.336E-5	0.0001512
814.925	12271.07	-9.571E-5	0.0002269	-0.000214	8.419E-5	0.0002208	0.0001396	-4.311E-5	4.458E-5	9.803E-7	0.0001096	-0.0001689	0.0001686	0.0002199	0.0001769	0.0001013	0.0004832	0.000382	6.331E-5	-4.451E-5	0.0001912	0.0001944	-2.928E-5	-7.242E-5	0.0002083	-0.0001579	3.171E-5	2.04E-6	0.0001316	-8.288E-5	0.0002718	0.0001458	5.749E-5	3.534E-5	8.895E-5	-8.753E-5
815.502	12262.39	0.0003894	0.0004972	4.961E-5	0.0002676	0.0005347	0.0003062	0.0003319	0.0003358	0.0003695	0.0005108	0.0002801	0.0005301	0.0006387	0.0004512	0.000324	0.0005343	0.0004988	0.0005372	0.0003628	0.0002726	0.0003475	0.0003289	0.0002308	0.0004209	0.0001847	0.0003372	0.0003537	0.0003835	0.0002628	0.0005401	0.0004584	0.0003391	0.0003273	0.000399	5.75E-5
816.078	12253.72	0.0003765	0.0003172	8.966E-5	0.0004484	0.0004386	0.0001623	0.000181	0.0004491	0.00049	0.0005715	0.0004535	0.0004251	0.0005797	0.0001722	0.0004183	0.0003099	0.000292	0.0004548	0.0003977	0.0002087	0.0001951	7.732E-5	0.0002244	0.0002542	0.0002695	0.0001689	0.0001753	0.000345	0.0003243	0.0004321	0.0003744	0.000338	0.0001975	0.0002086	4.351E-5
816.655	12245.07	-1.646E-5	-3.616E-5	-0.0001063	0.0002442	8.759E-5	-9.581E-5	7.148E-6	0.0002339	0.0001928	0.0001216	-8.965E-5	-0.0001907	6.41E-5	0.00011	-0.0001883	0.0001352	9.157E-5	-8.707E-5	9.351E-5	8.173E-5	-4.998E-5	-0.0002484	-8.405E-5	-0.0001165	-0.0001184	-0.0004062	-0.000346	-6.47E-5	0.0002416	-3.501E-5	-3.505E-5	-0.0001476	-4.036E-5	-9.009E-5	-0.0002087
817.232	12236.43	-0.0002548	-0.0002215	-0.0003972	-0.0001544	-0.0003091	-0.0003365	-0.0002244	-7.854E-5	-0.0002107	-0.0002041	-0.0002457	-0.0003512	-0.0002549	-0.0001079	-0.0003943	-0.0001177	3.126E-5	-0.0001756	-0.000103	-0.0001902	-0.000206	-0.000198	-0.0002857	-0.0003492	-0.0003442	-0.0005615	-0.0004866	-0.000294	-0.0001201	-0.0004289	-0.0003149	-0.0003764	-0.0002909	-0.0001638	-0.0003134
817.809	12227.80	-0.0002493	-0.0001459	-0.0005281	-0.0003397	-0.0003048	-0.0002682	-0.000395	-0.0002521	-0.0001187	-0.0002988	-0.0004792	-0.0001762	-6.709E-5	-0.0001261	-0.0003136	-0.0001883	-1.949E-5	4.987E-6	-0.0001445	-0.0001883	-0.0001994	-0.0003114	-0.0005035	-0.0002854	-0.0004595	-0.0004555	-0.0003825	-0.0001667	-0.0003341	-0.0001887	-0.0004166	-0.000303	-0.0003142	-0.0003555	-0.0003761
818.385	12219.18	-0.0001122	-8.66E-5	-0.0003348	-0.0001473	-0.000185	-8.01E-5	6.521E-5	-5.443E-5	-9.11E-5	-0.0003464	-0.0003427	2.648E-5	-0.0001278	7.655E-5	-0.0001548	4.31E-5	4.744E-5	7.119E-5	4.623E-5	-0.0002178	-0.0001317	-0.0002861	-0.0003939	-0.0001413	-0.0002501	-5.129E-5	-0.0002513	-3.652E-5	-0.0001945	-0.0001221	-0.0003776	-0.0002535	-3.883E-6	-7.966E-5	-0.0002571
818.962	12210.58	-3.744E-5	0.0001803	0.0001176	-5.525E-6	6.929E-5	-9.455E-5	0.0001916	0.0001242	0.0002102	2.631E-5	-6.328E-5	2.661E-5	0.0001662	0.0003577	4.1E-5	0.0001724	0.000244	0.0002067	0.000291	1.509E-5	0.0002038	4.043E-5	0.0002032	0.0001737	-3.008E-5	0.000253	-1.471E-5	0.0003723	8.911E-5	7.895E-6	6.686E-5	6.963E-5	1.647E-5	0.0001233	-0.0002651
819.539	12201.99	-8.183E-5	0.0002398	-0.0001	-0.0002062	-1.883E-5	-4.948E-5	-0.0001893	0.0001218	-3.981E-5	5.208E-5	0.0001261	-7.047E-5	2.103E-5	0.0001495	-8.077E-5	-7.628E-6	0.0001354	0.0003397	0.0001522	1.407E-5	5.556E-5	-0.0001511	6.764E-5	0.0002232	-2.162E-5	-0.0003093	-0.0003567	0.0001616	4.78E-5	-7.363E-5	9.744E-5	-6.079E-5	-0.0003947	-5.586E-5	-0.0002972
820.115	12193.41	-0.000163	0.0003401	-0.0002057	-6.081E-5	8.421E-5	-0.0001072	-0.0001462	2.753E-5	-0.0001931	-5.051E-6	8.479E-6	0.0002404	-0.0001062	-6.121E-5	-0.000117	5.416E-5	0.0003746	0.0003269	-7.709E-5	-2.01E-6	-0.0002925	-0.0001227	-5.832E-5	-0.000135	-0.0003737	-0.0004152	-0.0002724	-8.54E-5	-1.294E-5	-6.935E-5	1.783E-5	-0.0002484	-0.0001727	-4.235E-5	-0.0001912
820.692	12184.84	-0.0002586	0.0001281	-2.7E-5	9.045E-5	2.914E-5	-0.0002649	-0.0001193	5.911E-5	-6.883E-5	-0.0001038	-8.484E-5	0.0002544	-7.967E-5	2.58E-5	0.0001386	-3.072E-5	1.042E-5	3.931E-5	-0.0001665	0.0001758	-0.0004614	1.043E-5	-0.0001661	-0.000139	-0.0002482	-0.0005796	-0.0003987	-8.941E-5	3.526E-5	-0.0001764	-5.31E-5	-0.0003895	-0.0001291	-0.0002683	-0.000285
821.269	12176.28	-0.0004052	-0.0001633	-0.0005092	-0.0002605	-0.0003619	-0.0002369	-0.0004011	-0.0003798	-0.0001617	-0.00016	-0.0004756	8.469E-5	-7.598E-5	-0.0001802	-7.182E-5	-0.0002074	-0.0002866	-0.0001874	-0.0002949	-0.0002877	-0.0002662	-0.00022	-0.0005136	-0.0002213	-0.0003266	-0.0005998	-0.0004817	-0.0003428	-0.0002117	-0.0003251	-0.0005342	-0.0005823	-0.000785	-0.0006395	-0.000444
821.845	12167.74	-0.000344	-0.0002716	-0.0004138	-0.000221	-0.0001576	3.372E-5	-0.0002165	-8.525E-5	-8.707E-5	-0.0001816	-0.0002397	5.925E-5	-0.0001163	-2.184E-5	-0.000112	-0.0001749	-3.002E-5	-0.0001218	0.0001337	-0.0001335	0.0001361	0.0001455	-2.921E-5	-0.000209	-0.0002703	-0.000636	-0.0003217	-0.0001188	9.514E-5	9.861E-5	-0.00014	-0.0001966	-0.0004556	-0.0002752	-0.0001861
822.422	12159.20	-0.0001924	0.0001969	-0.0005126	-7.783E-5	7.562E-6	-2.111E-5	-9.812E-5	-0.00015	0.0001084	-3.575E-5	-0.0003438	-0.0003038	-2.489E-5	-0.0002057	0.0001061	0.0001499	0.0001816	0.0001233	1.892E-5	1.294E-5	1.358E-5	0.0001344	-3.905E-5	0.0001819	-0.000241	-0.000287	-0.0002773	-7.324E-5	-9.729E-5	-0.0001725	-0.0001759	-0.0003842	-0.0003694	-0.0004262	-0.0001111
822.999	12150.68	-0.0004356	1.316E-5	-0.0005997	1.112E-5	-5.349E-5	-0.0002474	-8.046E-5	-0.0003558	-7.54E-6	-5.658E-5	-0.0002647	-9.589E-5	-0.0001857	-0.0001978	2.793E-6	-0.000207	-0.0001462	0.0001355	6.687E-5	-0.0001924	-0.0002952	-4.668E-5	-0.0002095	1.629E-5	-0.0004726	-0.000276	-0.0003298	-0.00013	-0.0002673	-0.0002254	-0.0002998	-0.0004722	-0.0003121	-0.0004994	-0.0003493
823.576	12142.18	-0.0005292	-0.0003994	-0.0003374	-0.0002741	-0.000193	-0.0004803	-0.0002049	-0.0004705	-0.0003576	-0.0005357	-0.0003667	-0.0003301	-0.0003333	-0.0004304	-0.0001884	-0.0005508	-0.0001973	-0.0002369	-0.0001798	-0.0002386	-0.0002292	-0.0003262	-0.0003463	-0.0002692	-0.0006334	-0.0005493	-0.0004322	-0.0003279	-0.0006111	-0.0002239	-0.0004966	-0.0005421	-0.0005598	-0.0004071	-0.0005203
824.152	12133.68	-0.000491	7.236E-5	-0.0001814	-2.206E-5	-0.0001773	-0.0002457	-0.0001862	-0.0002852	-0.0001775	-0.0001849	6.981E-5	-2.698E-5	-0.0001983	3.022E-5	1.972E-5	-0.0001789	-9.94E-5	-5.219E-5	0.0001597	0.0001149	-0.0001624	3.669E-5	-0.000112	-0.0001322	-0.0004194	-0.0001741	-8.856E-5	4.821E-5	-0.0002731	-4.778E-5	-0.0001996	-3.954E-5	-0.000166	-0.0001859	-0.0001699
824.729	12125.19	-0.0004469	-0.0002035	1.644E-5	-0.0004932	-4.523E-5	-5.758E-6	-1.55E-5	-0.0002285	-0.0001084	-0.0001204	-0.0004403	-0.0002886	-0.0002017	-0.0001158	-0.000253	-9.219E-5	-0.0004463	-0.0005047	3.023E-5	-0.0001177	-6.535E-5	-0.0002874	-0.0002661	9.824E-5	9.398E-5	-0.0001751	-0.0001828	-0.0001903	0.0001255	-0.0001513	-0.0003548	-0.00018	-0.0002268	-0.0002322	-0.000191
825.306	12116.72	0.0001715	-1.338E-5	0.000452	5.11E-5	0.0001494	0.0001766	0.0001016	0.0001074	0.0001041	0.0003286	2.956E-5	-0.0001461	0.0003354	0.0001207	-4.95E-5	0.000104	-6.331E-5	-9.551E-6	5.072E-5	0.0002986	0.0003763	6.424E-5	0.0002694	5.814E-5	0.0001441	0.0004519	0.0002922	0.0004752	0.000221	7.181E-5	3.517E-6	0.0003226	0.0001786	6.27E-5	0.0003137
825.882	12108.26	0.0004368	0.0003032	0.0003037	0.0001527	0.0003503	0.0002726	0.0001946	0.0001035	0.0001972	0.0003414	0.0002793	0.0003591	0.0002746	0.0004335	0.0005233	8.268E-5	0.0002811	0.0004085	6.711E-5	0.0002312	0.0003928	0.0002475	0.000607	0.0005055	0.0002951	0.0006138	0.0005463	0.0001887	0.0002349	0.0001924	0.0001871	0.0004106	0.0002927	0.0004003	0.0003707
826.459	12099.81	0.0005507	0.0004455	0.000203	0.0003456	0.0005824	0.0008909	0.0003736	0.0005047	0.0004656	0.0003546	0.0006643	0.0004846	0.0005449	0.000614	0.0009087	0.0004943	0.0004161	0.0003463	0.0004824	0.0008892	0.0005767	0.0006093	0.0007326	0.0005425	0.0009019	0.0009187	0.0006011	0.0003961	0.0005898	0.0006088	0.0006261	0.0005565	0.0005879	0.0007941	0.0005537
827.036	12091.37	0.0007893	0.0003651	0.0007952	0.0007099	0.0008348	0.0009422	0.001025	0.0009124	0.000611	0.0006	0.0005945	0.0007832	0.001029	0.0007238	0.0009883	0.0007392	0.0004281	0.0006456	0.0004416	0.0008702	0.0006373	0.0005668	0.000936	0.0007116	0.0006711	0.0007787	0.000686	0.0008246	0.000741	0.0009763	0.0006571	0.0007605	0.0009742	0.0008084	0.0005554
827.613	12082.95	0.0002409	0.0004682	0.0001839	0.0002462	0.0004221	0.0003742	0.0002596	0.000452	0.0003817	0.0003498	0.0003401	0.0003285	0.0005355	0.0002468	0.0002151	0.0005872	0.0001304	0.0003621	0.000414	0.0002585	0.0005517	0.0003957	0.000271	0.0004569	0.0002901	0.0005863	0.0004396	0.0004068	0.0004449	0.0003163	0.000633	0.0004705	0.0004816	0.0003247	0.0004135
828.189	12074.53	0.0006627	0.0003244	0.0006454	0.0002931	0.0003623	0.0001565	0.0005792	9.871E-5	-2.115E-5	0.0004418	0.0003997	0.0003344	0.0007573	0.0003428	0.0001726	0.0006741	5.766E-5	0.0004438	0.0001131	0.000337	0.0006559	0.0006081	0.0004652	0.0005175	0.0005631	0.000667	0.0002101	0.0003822	0.0006198	0.0004133	0.0004725	0.0003515	0.0006186	0.0004689	0.0002163
828.766	12066.13	-9.687E-5	0.0002838	0.0003316	0.0002148	9.563E-5	0.0001642	0.0003058	-7.536E-5	0.0001586	0.0002659	0.0002588	0.0003582	1.891E-5	0.0003144	0.0002592	0.0002553	0.0003148	0.000157	0.0001855	0.0003048	-9.445E-5	0.000157	0.0001161	3.081E-5	0.0005406	0.0004947	0.000153	0.0002915	-5.731E-5	-0.0001362	0.0002236	0.0005412	-7.486E-6	0.0001576	0.000151
829.343	12057.74	0.0006388	0.0005212	0.0004	0.000286	0.0003366	0.0004143	0.0002904	0.0003588	0.0003857	0.0002946	0.0007041	0.0002406	0.0004763	0.0004031	0.000364	9.919E-5	0.0004124	0.0006053	0.0002629	0.0002853	0.0004704	0.000322	0.0003936	0.0005658	0.0003626	0.0004141	0.0004391	0.0004372	0.0002622	0.0005506	0.0003063	0.0003102	0.0003021	0.0003338	0.0005651
829.919	12049.36	0.0002944	-0.0003323	0.0001049	0.0001187	0.0001181	0.0003866	1.647E-5	0.0001806	0.0001049	-0.0004733	0.0001774	7.71E-5	-6.859E-5	-0.0001773	-4.323E-5	0.000355	0.0001471	5.292E-5	1.218E-5	-0.0001357	-3.311E-5	-0.0001961	0.0001012	2.934E-5	-0.0001112	-0.0001485	0.0001748	-0.0001523	-3.919E-5	-4.802E-5	0.0001492	-4.027E-5	0.0001149	-9.777E-5	-1.516E-5
830.496	12041.00	0.0001483	-2.276E-5	0.0001973	3.696E-5	-6.988E-5	0.0001782	0.0001111	6.396E-5	0.0002805	5.474E-5	-0.0002075	0.0001771	5.92E-5	0.0001073	0.0001711	6.543E-5	0.0004775	-6.714E-5	-0.0001357	0.0001738	0.0002086	6.983E-5	0.0003406	-1.431E-5	6.751E-5	0.0001078	0.0001566	0.000188	1.786E-6	0.0001524	8.387E-5	4.352E-6	0.0001385	0.0001165	0.0003569
831.073	12032.64	-0.0006445	-0.0004531	-0.0005854	-0.00062	-0.000609	-0.0005332	-0.0005598	-0.0003625	-0.0007625	-0.0007167	-0.0005437	-0.000927	-0.0005255	-0.0008446	-0.0005033	-0.0004473	-0.0007418	-0.0008168	-0.0008353	-0.0004538	-0.0005025	-0.0004245	-0.0005877	-0.0005951	-0.0003161	-0.0005904	-0.0005696	-0.0003194	-0.0004983	-0.0005286	-0.0008017	-0.0005069	-0.0007064	-0.0005078	-0.0007185
831.650	12024.30	-0.0006954	-0.0005345	-0.0005282	-0.0007085	-0.0004346	-0.000376	-0.0004269	-0.0007055	-0.0002835	-0.0005183	-0.0007356	-0.0002759	-0.0002063	-0.0002486	-0.0002941	-0.0003199	-0.0001682	-0.0002846	-0.0002722	-0.0005632	-0.0003227	-0.0001967	-0.0002558	-0.0003182	-0.0002332	-0.0002946	-0.0003562	-0.0004701	-0.0004511	-0.0003577	-0.0001924	-0.0003016	-0.0004923	-0.0004085	-0.0004864
832.226	12015.96	-0.0005342	-0.0002086	-0.0004407	-0.0005606	-0.0005216	-0.0005251	-0.0004286	-0.000447	-0.0002795	-0.0005006	-0.0001496	-8.12E-5	-0.0003941	-0.0002575	-0.000128	-0.0004094	-0.0004595	-0.0001778	-0.0002432	-0.0003142	-0.0003858	-0.0005065	-0.0005752	-0.0005471	-0.0001463	-9.742E-5	-0.0002923	-0.0003341	-0.0005473	-0.0004019	-0.0004869	-0.0004303	-0.000377	-0.0002912	-0.0003496
832.803	12007.64	-0.0005628	6.656E-5	0.0001215	4.363E-5	-0.0001125	-0.0001233	-6.9E-5	7.621E-5	-6.623E-6	-0.0002342	0.0002421	0.0003012	-0.0001333	0.0002671	0.0001416	8.877E-5	-8.574E-5	6.993E-5	-0.0001903	-0.000122	-0.0003201	0.0002251	-1.422E-6	-0.0001136	-4.229E-5	5.052E-5	-0.0003296	4.946E-5	2.657E-5	-2.97E-5	-9.407E-5	-0.000168	-0.0001255	-7.369E-6	-0.0002436
833.380	11999.33	0.0003933	0.0003813	0.0004052	0.0003054	0.0002078	0.0005007	0.0001021	0.0003338	0.0002854	5.289E-5	0.000396	0.0001925	0.0003534	0.0002288	6.929E-5	0.0004814	0.0004443	0.0002849	0.0002161	0.0001783	0.0005352	0.0004043	0.0003915	0.0004594	0.0004124	0.000949	0.0007656	1.225E-5	0.0005019	0.0005384	0.0005593	0.00019	0.0003567	0.0001662	0.0003631
833.956	11991.03	0.000508	0.000368	0.0004449	-2.824E-7	0.0003006	0.0002767	0.0005943	8.909E-5	0.0002607	0.000388	0.0004477	0.0001355	0.0002648	0.0004713	6.749E-5	0.0002155	0.0002751	0.0006738	0.0001545	0.0003463	0.0001127	0.0003042	0.0003451	0.0003185	0.0004274	0.0003264	0.0006542	0.0003195	0.0004783	0.0003523	0.0003102	0.0002712	0.0003077	-2.388E-6	0.0005596
834.533	11982.75	0.0002037	-0.000105	8.715E-5	-1.969E-5	6.596E-5	2.594E-5	-0.0001788	-0.0001455	6.148E-5	-0.0002085	0.0001187	-3.117E-5	-0.0001055	3.682E-5	-0.0001668	-5.627E-5	0.0002368	3.523E-5	-0.0002284	0.000207	-4.35E-5	-5.591E-5	-9.672E-5	-6.468E-5	0.0002042	2.297E-5	0.0002436	0.000102	-2.079E-5	0.0003021	5.134E-5	4.659E-5	2.409E-5	0.000274	6.536E-5
835.110	11974.47	5.696E-5	0.0001713	0.0001508	4.932E-5	0.0003591	1.565E-5	0.0001047	0.0001072	0.0001568	-0.0001572	0.0002385	-0.0002051	-0.0002133	-5.647E-6	0.0001714	4.141E-5	0.0001657	-0.0002103	9.147E-5	0.0003666	0.0002672	0.0004605	-1.895E-5	0.0001366	0.0001248	0.0001795	0.000402	0.0001039	1.895E-5	2.005E-5	-1.337E-5	0.0001143	-0.0001384	0.0001041	0.0001385
835.687	11966.21	-0.0004426	-0.0001735	-0.0003647	-0.000452	-0.0001586	-0.0004327	-0.0001801	-0.0004125	-0.0005502	-0.0004331	-0.0006019	-0.0003014	-0.0003259	-0.0003629	-0.0003038	-0.0007549	-0.0001875	-0.0003682	-0.0002336	-0.0003171	-0.0003219	-0.0001064	-0.0003867	-0.0003386	-0.0003437	-0.0004727	-0.0005158	-0.0004847	-0.0005088	-0.0002159	-0.0002149	-0.0002928	-0.0003741	-0.0002371	-0.0003114
836.263	11957.96	-0.0002958	-9.864E-5	-0.0004352	1.99E-5	-0.0002919	-0.000291	-0.0001882	-0.0003663	-0.0003262	-0.0003283	-0.0004968	-0.0001501	-0.0003025	-0.0002172	-0.0003257	-0.0004521	-0.0001605	-0.0003747	-0.0002413	2.506E-5	-0.0002292	-6.933E-5	-0.0002256	-0.0001885	-0.0002494	-0.0002729	-0.0004223	-0.0002233	-0.0002066	-0.0004256	-9.884E-5	-0.0003075	-0.0001541	-0.0002706	-0.0003047
836.840	11949.72	5.013E-6	0.0001744	-0.0001194	0.0001272	-1.443E-5	9.272E-6	-0.0001208	-4.779E-5	9.353E-5	-8.621E-5	-0.0001367	-0.000221	-2.494E-5	-0.000141	-0.0001169	-0.000163	0.0001276	-0.0001868	0.000155	0.0003065	3.167E-5	7.116E-5	-3.12E-5	0.000143	0.00021	3.727E-5	-8.904E-5	-0.0001622	-0.0001308	-1.6E-5	2.203E-6	-6.34E-5	-0.0001096	0.0001299	-0.0002688
837.417	11941.49	-8.794E-5	0.0004701	4.624E-5	0.0002855	0.0002262	0.0003342	0.0002024	0.0003467	0.0002378	0.0002898	0.0002834	0.0004949	0.0004044	0.0002515	0.0002565	0.000108	0.0003753	0.00025	0.0003422	0.0005131	0.0004214	0.0004606	0.0003685	0.0001882	0.0004824	0.0004413	0.0002423	-6.155E-6	0.0001812	0.0001601	9.441E-5	0.0004055	0.0002374	0.0004457	-9.065E-5
837.993	11933.27	-2.062E-5	0.0004522	-1.713E-5	0.0001569	0.0007142	0.0004549	0.0008279	0.0006895	0.0005117	0.0004915	0.0006502	0.0008316	0.0007636	0.0005706	0.0004698	0.0003289	0.0005637	0.0005662	0.0006327	0.0007377	0.0007497	0.0005318	0.0006088	0.0006068	0.0005219	0.0002343	0.0004243	0.0002927	0.0004354	0.0002639	0.0002295	0.000331	0.0006121	0.0004015	0.0003539
838.570	11925.06	0.0002393	0.0004869	0.0001145	0.0003549	0.0006636	0.0006832	0.0007906	0.0007377	0.0005282	0.0005247	0.000647	0.00074	0.0005999	0.0005638	0.0004949	0.000465	0.0006282	0.0006618	0.0006398	0.0005962	0.0005884	0.0004364	0.0006284	0.000628	0.0005323	0.0004368	0.0004099	0.000611	0.0002054	0.0004517	0.00037	0.0004895	0.0006581	0.0005802	0.0004894
839.147	11916.87	0.0002116	0.0002842	-6.675E-6	0.0001336	0.0004529	0.0003681	0.0003435	0.0002326	0.0003275	0.0003257	0.0004125	2.064E-5	0.0004632	0.0002824	0.0002975	0.0002715	0.00039	0.0005308	0.0003234	0.0004205	0.0003686	0.0004053	0.0003752	4.902E-5	0.0004184	0.0002272	0.0001956	0.0002352	6.277E-5	0.0003332	0.0003244	0.0003524	0.0003224	0.0004742	0.0001835
839.723	11908.68	0.0004137	0.0004354	0.0003829	0.0002382	0.0003784	0.0003894	0.0004197	0.0002734	0.0003331	0.0004474	0.0002943	9.684E-5	0.0005431	0.0001935	0.0002356	9.522E-5	0.0004477	0.0004308	0.0004382	0.0005961	0.0004886	0.0002758	0.0003187	0.0004296	0.0003921	0.0003311	0.0001175	1.984E-5	0.0002826	0.0003404	0.0003087	0.0001721	0.0003767	0.0003426	0.0001677
840.300	11900.51	0.0003563	0.0003888	-6.318E-5	0.0003406	0.0002383	0.0002141	0.0005805	0.0001945	0.0001715	0.0003182	0.0001983	0.0003671	0.0002965	0.0002199	0.0002392	0.0001411	0.0002336	0.0004315	0.0002817	0.0002366	0.000113	0.0002473	0.0003856	0.0004131	2.844E-5	0.0002715	0.0002623	0.000257	0.0004757	7.749E-5	0.0002196	0.0001475	0.0003646	0.0002351	1.145E-5
840.877	11892.35	0.000161	0.0002183	-3.675E-5	7.013E-5	2.959E-5	-6.293E-5	0.0002481	2.032E-5	-0.0001291	-4.277E-5	-4.579E-5	8.411E-5	0.0001382	-1.691E-5	-4.225E-5	-3.341E-5	-0.0001595	0.0001227	7.832E-5	3.608E-5	-0.0002371	-0.000179	8.857E-5	7.761E-5	-0.000132	0.0001514	0.0002209	-1.969E-5	0.0001122	-0.0003714	-9.46E-6	0.0001139	1.184E-5	-5.278E-8	-9.454E-5
841.454	11884.20	-2.026E-5	0.0001983	0.000338	-2.664E-5	5.527E-5	9.191E-5	0.0002416	0.0001568	9.085E-6	-0.0001248	-3.106E-5	-0.0001136	0.0001144	0.0001501	6.257E-5	-0.0001345	-0.0001326	2.369E-5	1.458E-5	0.0004385	-0.0001532	-0.0001251	0.0001561	4.268E-5	0.0002135	0.0001997	0.000189	-0.0001326	-0.0001449	5.219E-5	5.535E-5	7.188E-5	0.0001861	-3.573E-5	0.0002275
842.030	11876.06	-3.547E-6	-2.288E-5	0.0003258	-7.507E-5	7.379E-5	0.0002191	0.0001702	0.00018	0.0002168	-0.0002019	5.454E-5	-2.757E-6	-6.726E-5	0.0001105	0.0001562	-7.539E-5	-0.000127	7.85E-5	-0.0001805	0.0003514	-2.582E-5	-0.0001465	1.985E-5	0.0001394	0.0002719	1.048E-5	0.0001794	-5.622E-5	-3.676E-5	1.765E-6	0.0002469	-5.115E-5	0.0003896	-5.485E-5	7.881E-5
842.607	11867.93	0.0002517	-0.0001215	6.632E-5	1.86E-6	-0.0001927	0.0002314	1.293E-5	3.955E-5	0.0001377	-0.0001978	2.119E-6	-7.728E-5	-5.169E-5	-8.562E-6	-0.0001352	-0.0001194	-0.0002315	6.928E-5	-7.065E-5	-6.103E-5	1.176E-5	-0.0001126	-0.0001928	0.000271	7.763E-5	3.73E-5	1.758E-5	-0.0001731	-0.0001107	-0.0002239	0.0002385	-0.0001012	-9.9E-6	3.383E-5	-0.0001723
843.184	11859.81	0.0002245	-0.000238	5.139E-5	0.000163	-0.0001961	0.0001623	6.046E-5	6.981E-5	4.072E-5	-3.714E-5	4.51E-5	-0.0002201	4.943E-5	-9.186E-5	-0.0002991	-0.0001059	-0.0002191	-0.0001268	4.244E-5	-0.0002119	2.711E-5	-5.654E-5	-0.0001594	5.439E-5	1.633E-5	9.075E-7	-2E-5	-6.765E-5	-6.638E-5	-0.0001794	7.516E-6	-2.929E-5	-0.0002847	0.0003674	-8.066E-6
843.760	11851.71	3.64E-5	-7.12E-5	0.0001608	0.0001267	-6.159E-5	-0.0001108	-4.547E-5	-1.237E-5	0.0001856	-8.245E-5	0.0001538	-6.716E-5	0.0002068	4.656E-5	-0.000236	3.355E-5	-3.113E-5	-7.105E-5	3.835E-5	-0.0001089	0.0001413	-3.525E-6	-0.0001953	-6.482E-5	0.0001446	0.0002346	0.0001408	-3.454E-5	4.35E-6	-6.686E-5	-4.426E-5	5.713E-5	-3.039E-5	0.0001791	0.0001452
844.337	11843.61	0.0003099	1.44E-5	6.624E-5	8.04E-5	8.185E-5	6.852E-5	-0.0002016	-8.469E-8	0.0002755	9.192E-5	0.0002452	-1.383E-5	0.0001093	0.0001819	-3.428E-5	-6.709E-5	4.288E-5	0.0002689	0.0001832	6.139E-6	0.0002691	8.529E-5	-5.759E-5	0.0002105	0.0001473	0.0004616	0.0001816	0.0001191	0.0001471	-6.705E-5	3.83E-5	0.0001128	0.0001051	2.491E-5	0.0003888
844.914	11835.53	0.0006674	0.000364	0.0005842	0.0003998	0.0005425	0.0004634	0.0003401	0.0002291	0.0005227	0.0002211	0.0004662	0.0003357	0.0003773	0.0004198	0.0004914	0.0003085	0.0004207	0.0004455	0.0005522	0.0003852	0.0004578	0.0004019	0.0002536	0.0005272	0.0003813	0.0007615	0.0004285	0.0002955	0.0004705	0.0002077	0.0003959	0.0003301	0.0004745	0.0006138	0.000611
845.491	11827.45	0.0009023	0.000474	0.0008303	0.0004869	0.0005441	0.0006253	0.0005644	0.000502	0.0005899	0.0002687	0.0004536	0.0004908	0.0006262	0.0004515	0.0005452	0.0003722	0.0006478	0.000694	0.000514	0.0003193	0.0004242	0.0005451	0.0004245	0.0003889	0.0005496	0.0008305	0.0002206	0.0003828	0.0003211	0.0002909	0.0005194	0.0003909	0.0005004	0.0005962	0.0006392
846.067	11819.39	0.0006062	0.0003775	0.0006192	0.0003585	0.0002476	0.0007205	0.0003083	0.0004376	0.0004154	0.0002217	0.0005069	0.0003291	0.0005543	0.0004206	0.0005557	0.0003789	0.000518	0.0005491	0.0001969	0.0003653	0.0005606	0.0002943	0.0004755	0.0003451	0.0006259	0.0003147	0.0003451	0.0003421	0.0005339	0.0004117	0.0003536	0.000215	-7.626E-5	0.0004998	0.0004563
846.644	11811.34	0.0002768	0.0002388	0.0002414	2.814E-5	4.182E-5	0.0003823	6.422E-5	0.000119	8.922E-5	0.0001314	0.0003437	0.0004792	7.653E-5	0.0001371	0.0001532	0.0004003	0.0002868	0.0003874	0.0002198	5.141E-5	0.0002979	0.0001448	0.0003558	-9.897E-5	0.000357	5.441E-5	0.0002242	0.0002831	0.0003637	0.0004512	0.0003211	0.0004051	-8.939E-5	0.0002403	0.0002418
847.221	11803.30	0.0003896	-2.275E-5	0.0003607	-0.0002004	0.0002744	0.0001685	0.0001204	0.0002962	2.194E-6	6.833E-5	0.0001045	0.0001595	-5.259E-5	2.243E-6	-0.0001332	0.0001321	1.466E-5	6.354E-6	0.0001094	-0.0002002	2.918E-5	0.0001115	8.4E-5	0.0001753	0.0001116	-6.479E-5	8.809E-5	6.065E-5	-3.19E-5	0.0001337	0.0003089	0.0002	0.0001169	-1.182E-5	7.299E-5
847.797	11795.27	0.0001803	0.0001569	-0.0002556	-0.000314	0.0002451	-9.43E-5	3.254E-5	3.123E-5	-6.73E-5	0.0002146	-8.557E-5	7.224E-5	-5.997E-5	-3.383E-5	-0.0001402	-5.164E-5	0.0001109	-9.756E-5	0.0001104	0.0001012	1.334E-5	0.0002228	0.0002499	9.629E-5	0.0003221	-0.0001482	-9.809E-5	0.0001164	0.0001352	-0.0002066	-8.504E-5	0.000289	4.436E-5	2.813E-5	-9.619E-5
848.374	11787.25	2.965E-5	-0.0004112	-2.704E-6	-0.0003785	-0.0002432	-0.0004856	-8.798E-5	-7.798E-5	-9.437E-5	-0.0002147	-0.0002266	-0.0001996	-0.0003015	-0.0001678	-0.0001329	-0.0002532	-1.493E-5	-0.0004224	-0.0002438	-0.0001602	-0.0003965	-0.0002366	-4.886E-5	-0.000186	-0.0002184	-0.00015	-2.37E-5	-0.0001614	-0.0001027	-0.0004838	-0.0005022	-8.868E-5	2.444E-5	-0.0002296	-0.0002397
848.951	11779.25	0.0003549	-0.0003943	0.0007243	-0.0001465	-0.0001038	-0.0002519	-0.0001398	-9.293E-5	0.0001812	0.0001924	9.535E-5	-0.0002807	-0.0003386	-0.0002899	0.0003205	-0.0002326	-6.533E-6	-0.0003585	-0.0001297	-0.0003545	2.461E-5	-6.099E-5	-0.0001527	4.879E-5	-0.0002991	9.165E-6	0.0002748	0.0001165	-0.0002785	-0.0002282	-0.0002605	2.505E-5	-8.712E-5	9.476E-5	0.0001152
849.528	11771.25	0.0006339	-0.0001079	0.0003109	5.578E-5	8.051E-5	7.469E-5	-0.0003545	5.52E-5	0.0001363	0.0002506	4.33E-5	0.0002408	-0.0001664	-1.826E-5	0.0002133	-8.996E-5	-0.0001152	8.564E-6	1.93E-5	2.331E-5	0.000235	0.0001997	-2.538E-5	0.0002841	2.498E-5	0.0001539	0.0003613	0.0003154	-4.851E-5	-0.0001392	0.0002271	0.0002038	0.0002626	0.0004377	0.0001187
850.104	11763.26	0.0004996	0.0002115	0.0004128	-0.0001578	0.000148	7.65E-5	-0.0001964	0.0001815	1.972E-6	0.0001158	-0.0001233	0.0002307	7.543E-5	-0.0001856	-7.588E-5	-0.0001184	-9.71E-5	-9.119E-5	-1.859E-5	-3.221E-5	9.491E-5	-3.416E-5	-7.113E-5	0.0001958	0.0002673	0.0002423	0.0003745	0.0002087	-4.625E-5	-8.487E-5	4.65E-5	0.0003085	0.0001581	0.0002863	0.0002554
850.681	11755.29	0.0007901	0.0005537	0.0007985	0.0003426	0.0005159	0.0001622	0.0006678	0.0004293	0.0004176	0.0005424	0.0003504	0.0004448	0.0003644	-0.0001434	0.0005534	0.0001754	0.0005114	0.0001902	0.0001283	0.0003004	0.0003948	0.0003681	0.0002847	0.000415	0.0008045	0.0006658	0.0004324	0.0003813	0.0006736	0.000446	0.0002726	0.0006278	0.0004691	0.0002844	0.0007086
851.258	11747.32	0.0003856	5.927E-6	0.0002862	7.817E-5	0.0002025	0.000438	0.0001013	9.676E-5	0.0002856	0.0002838	0.0003562	0.0003893	0.0003132	6.772E-5	9.086E-5	-3.812E-5	-5.42E-5	1.833E-5	-8.908E-6	-8.75E-5	9.084E-5	0.0002131	-4.321E-6	0.0001558	0.0002009	0.0005762	0.0003454	1.756E-5	-8.203E-5	3.144E-5	0.0001374	0.0001801	0.0003922	0.0001927	0.0004009
851.834	11739.37	0.0003375	-0.0003099	0.0002015	0.0001814	-9.549E-5	-5.1E-6	3.471E-5	-0.0001066	9.163E-5	8.455E-5	0.0004584	0.000187	0.0001178	-9.867E-5	5.513E-5	-0.0003509	-0.0001646	-0.0002493	0.0002046	-0.0002397	-0.000167	0.0001367	3.131E-5	-0.000127	9.323E-5	0.000327	0.0004664	0.0001371	1.075E-5	0.0001228	5.109E-5	0.0003619	0.0001059	0.0002739	0.0003052
852.411	11731.43	0.000431	0.0001882	0.0004067	0.00046	5.215E-5	0.0002818	0.0004467	0.0004003	0.000258	0.0001896	0.0002831	0.000275	0.00027	0.0001182	0.0003222	0.0003538	0.0002888	0.0006575	0.0004322	-2.493E-6	0.0003468	0.000236	0.0003423	0.0002785	0.0005423	0.000453	0.0007525	0.0004106	0.0003504	0.0005429	0.0005485	0.0003822	0.0003956	0.0002061	0.0001692
852.988	11723.50	8.145E-7	-8.418E-5	-0.0005971	-0.0003269	-0.0002022	-0.0002582	-0.000238	-0.0002552	-0.0002223	-0.0001316	-0.0003588	-0.0005205	-0.0005476	-6.15E-5	-0.0001365	-0.0001499	-1.398E-5	-0.0001158	-0.0003793	-0.0004352	-3.88E-5	-0.0005613	-0.0002665	-0.000175	-2.587E-5	-0.0004322	-0.0002366	-0.0003211	-0.0004431	-0.0007202	-8.057E-5	-0.0004585	-0.0004591	-0.0001036	-0.0002303
853.564	11715.58	-0.0001478	-9.866E-5	-0.0002765	1.635E-5	-0.0003952	-0.0001389	-0.0002224	-8.892E-5	-5.673E-5	0.000253	-2.528E-5	-0.0002572	-4.968E-6	-0.0002078	-0.0001764	5.612E-5	-6.474E-5	-4.39E-5	0.0001473	-0.0002807	-0.0001236	-0.0001525	-9.66E-5	5.397E-6	0.0001466	-7.759E-5	-4.774E-5	-1.217E-5	-0.0003981	-0.0002	-3.386E-5	-0.0003396	-0.0001593	-0.0001969	-4.266E-5
854.141	11707.67	0.0003703	-3.978E-5	0.0004997	0.0002569	0.0004247	6.484E-5	0.0004361	0.0004415	0.0004234	0.0002905	0.0001496	0.0003703	0.0002144	4.202E-5	0.0005111	0.0001098	0.0002455	0.0001884	0.0003787	0.0002076	0.0004822	0.0001762	0.0002736	0.0002004	0.0005346	9.74E-7	0.0002023	1.845E-5	0.000117	9.974E-5	0.0002261	0.0001598	0.000181	0.0001673	0.0002678
854.718	11699.77	0.0003814	0.00034	0.000561	0.0004032	0.0002064	0.0005819	0.0003378	0.0004731	0.0005081	0.0004013	0.0003112	-5.374E-5	9.181E-5	-0.0001369	0.0004646	0.0001154	0.0001205	0.0002811	0.0002117	0.0003409	0.001042	0.0005026	0.0003242	0.0005057	0.0003735	0.0002708	0.0006247	0.0003162	9.091E-5	0.0001536	0.0003728	0.0006056	0.0002788	0.0003801	0.0002277
855.295	11691.88	0.0009015	-6.852E-5	0.0007404	0.0004096	0.0003855	0.0005542	0.0005692	0.0001819	0.0002354	0.0003542	0.0005303	0.0002374	0.0003342	0.000283	0.0005129	-3.253E-5	4.813E-5	0.0001218	7.594E-5	0.0003422	6.183E-5	-5.367E-5	0.0004268	0.0002171	0.0003197	0.0003973	0.0002289	0.000331	0.0003176	0.0002729	0.0003234	0.0004662	0.0004685	0.0006163	0.0004599
855.871	11684.00	0.001154	0.0004022	0.0009945	0.0007905	0.0006109	0.0004298	0.001033	0.0007117	0.0008069	0.0006756	0.0009324	0.0005027	0.0007587	0.0009011	0.0009084	0.0008786	0.0005692	0.0004047	0.000579	0.00104	0.0008902	0.0007752	0.000644	0.000763	0.0009894	0.0008609	0.0009585	0.0007949	0.0006373	0.000705	0.00067	0.0007555	0.0006925	0.0008197	0.0006951
856.448	11676.13	3.664E-5	-0.0002694	0.0003976	-0.0003811	8.906E-5	2.433E-5	-0.0001411	-0.0002481	-0.0003365	-0.0002713	7.329E-5	0.0001097	-0.0001009	9.467E-5	-0.0001704	-0.0002289	-0.0006614	-0.0006023	-0.0002854	0.0001606	-5.739E-5	0.0001688	-2.729E-5	-0.0003796	2.459E-5	7.991E-5	0.0005202	-0.0002458	-0.0001668	0.0001448	-0.0004394	0.0004196	-0.0001054	-9.473E-5	3.168E-5
857.025	11668.27	0.0004182	-0.0002034	0.0001934	0.0009239	0.0001328	0.0002691	0.0002864	0.001001	0.0004214	0.0002407	0.0002867	0.0001419	0.0001523	0.0001214	0.0001131	0.0003094	0.0003606	0.0002723	0.0005386	0.0003508	-0.0002383	0.0004677	0.0003127	0.0005129	0.0001244	0.0006654	0.0004504	0.0003249	0.0003556	0.0006555	0.0004326	0.000259	0.0003231	0.0004275	0.0005642
857.601	11660.43	0.0004126	-5.957E-5	0.0002181	0.0001812	0.0003921	0.0001571	0.0003388	-0.0002323	0.0001779	-9.27E-5	1.887E-5	-7.525E-5	0.0002361	-0.000295	0.0003163	4.672E-5	4.486E-5	0.0001297	0.0001325	0.0001527	0.0004106	1.879E-5	0.0001087	0.0002702	0.0002318	0.0004468	0.0003086	8.929E-5	9.556E-5	0.0002454	0.0003653	0.0002122	0.0003116	0.0001277	0.0002851
858.178	11652.59	-0.000217	-4.407E-5	-6.396E-5	-0.0002645	2.213E-5	-6.021E-5	-0.0001739	-7.388E-5	-6.56E-5	-0.0004499	7.92E-5	0.0001301	-0.0005571	-0.000301	0.0001062	0.0002822	-0.0005782	-0.0004541	-0.0004173	-0.0003887	0.0001353	0.0002355	-8.882E-5	9.152E-5	-4.604E-5	-0.0002345	-0.0001773	-0.0001441	-0.000377	-0.0001266	-6.199E-5	-0.0001622	-0.0002175	0.0002695	-3.487E-6
858.755	11644.77	-4.416E-5	0.0001397	0.0004332	0.0001522	0.0002119	0.000195	-5.36E-5	0.0001678	6.893E-5	0.0003403	0.0002656	5.907E-5	0.0002659	0.0002237	0.0001335	-7.829E-5	-6.512E-5	0.0002855	-0.00027	-3.547E-5	0.0002689	0.0002944	0.0005456	-0.0003285	0.0002539	1.984E-5	6.988E-6	0.0002548	0.0001149	0.0004372	0.0004412	7.206E-5	1.201E-5	0.0002402	4.223E-5
859.332	11636.95	0.0002406	0.0002525	0.0001654	0.0001903	0.0004341	7.955E-6	0.0001106	-6.175E-6	0.0001695	2.382E-5	0.0002076	-0.0001874	2.091E-5	4.038E-5	-0.0002449	0.0002288	-5.063E-6	0.0003829	0.0001144	-0.0001698	5.585E-5	4.602E-5	0.0004506	5.367E-5	9.694E-5	7.693E-5	0.0003805	0.0004568	0.000254	0.0001753	-6.946E-6	0.0001482	0.000261	-5.531E-5	0.000311
859.908	11629.15	7.101E-5	8.48E-5	0.0002715	-2.677E-5	0.0003287	1.764E-5	0.0001998	-0.000359	-0.0001249	9.145E-5	0.0001265	-0.0001291	-0.0001989	0.0002315	0.0003236	0.0002217	3.864E-5	9.785E-6	0.000154	-0.0001812	0.0002169	0.0001413	0.0001553	-3.628E-5	9.717E-5	0.0001615	0.0005698	0.0002732	0.0002904	0.000118	0.0001228	0.0001229	4.821E-5	0.0004379	0.0001488
860.485	11621.35	-0.0003747	-0.0004368	-0.0002209	-0.0001934	-0.0004449	-0.0001286	-0.0003335	-0.0003435	-0.0006349	-0.0002201	-0.0003072	-0.000457	-0.0003147	-4.631E-5	-2.366E-5	-0.0001499	-0.0004105	-0.0004652	-0.0003097	-0.0005399	-3.968E-5	-6.851E-5	-8.02E-5	-0.0002802	-0.0004199	-0.0001744	-0.0002684	-0.0001568	-5.449E-5	1.59E-5	-7.183E-5	0.0002158	-0.0002208	-0.0003261	-2.677E-5
861.062	11613.57	-0.0001577	-0.0001542	6.991E-5	-0.0001475	0.0001079	-0.0001229	-0.0001151	-6.64E-5	0.0001448	9.325E-5	7.532E-5	0.000243	-0.000126	-0.0001995	-4.678E-5	-2.851E-5	-0.0001808	3.593E-5	-8.829E-6	4.637E-5	0.0002961	-0.000152	-5.601E-5	-7.628E-5	-0.0001807	-5.149E-5	0.0001688	6.419E-5	0.0002053	2.492E-5	-0.0001915	0.0001472	9.333E-5	-0.0004638	0.0001251
861.638	11605.80	0.0002111	0.000126	0.0001501	0.000274	0.0002749	0.000214	4.765E-5	0.0002079	0.0001881	0.0001593	6.251E-6	0.0002992	-6.621E-5	-3.73E-5	0.0002812	0.0002179	0.0002518	0.0002821	2.566E-5	-0.0003817	0.0002534	0.0001339	0.000148	0.0001116	0.000261	5.949E-6	0.0003342	0.0001921	0.0001245	0.0002682	-6.071E-5	0.0001159	-0.0001405	0.0002493	8.152E-6
862.215	11598.03	0.0002745	-5.494E-5	0.0003701	-5.958E-5	-0.0002408	-0.0001082	-0.0001188	7.402E-5	-0.0001455	0.0001734	9.247E-5	2.982E-5	-0.0001401	-0.0001127	9.057E-5	-8.437E-5	0.0001968	-0.0001729	-0.0001636	0.0001053	-0.0001553	-1.012E-5	-0.000217	0.0001282	-3.42E-5	9.177E-5	0.0002464	4.223E-6	-0.0001239	8.636E-5	9.714E-6	-3.336E-5	6.628E-5	0.0001011	-0.0001967
862.792	11590.28	0.0002626	-0.0001773	0.0004107	0.0001562	-0.0002297	5.264E-7	-0.0001258	0.0001472	2.724E-5	-0.0001438	0.0003074	3.269E-6	4.297E-5	-1.441E-5	-0.0001675	-0.0002271	-0.0002652	-0.0003293	-0.0005311	-0.0001548	-0.0001154	-0.0002073	0.0001529	4.208E-5	-0.0001184	6.182E-5	0.00022	-1.491E-5	-0.000177	-5.133E-5	-0.0001968	-9.675E-5	0.0002556	-1.504E-5	0.0001114
863.369	11582.54	0.0003426	-0.0003215	0.0005604	-0.0001889	0.0001379	2.489E-5	0.0001028	0.0002104	0.0001005	-0.0002452	0.0001995	0.0001014	0.0001362	-0.0001648	-0.0001692	-0.0001827	-8.365E-5	-0.0002815	-0.0003439	-0.0002468	0.0002712	2.592E-5	0.0001521	0.0002137	6.583E-5	0.0004308	0.0003218	0.0003565	0.0002531	0.0001692	7.804E-5	-0.0001414	0.0002993	0.0001148	8.803E-5
863.945	11574.81	0.0002883	-0.0002534	0.0002862	-0.0002426	-0.0003435	-0.0001637	-9.131E-5	-9.585E-5	-6.693E-5	-0.0002534	-6.75E-5	-0.0003788	-0.0003645	-9.856E-5	-0.0002211	-0.0004045	-0.0004238	-0.0005809	-0.0002103	-1.068E-5	-7.411E-5	-0.0001697	-0.0002661	-0.0001873	-0.0001834	0.0002111	7.983E-5	-5.813E-5	-0.0001204	-9.76E-5	-0.0001225	-0.0002986	-8.25E-5	0.0001314	0.0001059
864.522	11567.09	0.0005315	0.0002023	0.0004285	0.0001235	-0.0002357	9.377E-6	-0.0001141	0.0001331	-0.0001092	-3.961E-5	4.43E-5	-0.0001372	-7.006E-5	0.0001087	-0.0001983	-0.0001412	1.886E-6	-0.0002719	1.831E-5	0.0004086	-0.000167	-3.077E-5	0.0001122	6.205E-5	-7.082E-5	0.0001663	0.0001555	-1.087E-5	0.0001289	0.0003036	6.47E-5	-0.0002007	0.0001962	0.0002962	-9.053E-6
865.099	11559.37	-9.948E-5	3.2E-5	-3.525E-5	-0.0002802	-0.0003408	-0.0001587	-0.0003814	-0.0001597	-0.0002815	-0.0004278	-9.536E-5	-0.0003256	-1.492E-5	-4.176E-5	-0.0005211	-0.0004248	-0.0003138	-6.683E-5	-0.0005676	-0.0001143	-0.000376	-0.0002252	-6.434E-5	-0.0001291	-0.0003639	-4.903E-5	-0.0003169	-0.0002744	-0.0004639	9.483E-6	-0.0003856	-0.0004872	-0.0004055	-0.0001365	-0.0003585
865.675	11551.67	-0.0002887	-0.0004567	-0.0003122	-0.0005783	-0.0006224	-0.0004077	-0.0005913	-0.0004517	-0.0005063	-0.0007294	-0.0001831	-0.0003236	-0.0003252	-0.0004487	-0.0006591	-0.0007233	-0.0004726	-0.0004831	-0.0006831	-0.0001997	-0.0005125	-0.0003404	-0.000476	-0.0005836	-0.0005356	-0.0002669	-0.0003989	-0.0004778	-0.0004034	-0.0004211	-0.0007429	-0.0007521	-0.0005272	-0.0005203	-0.0005083
866.252	11543.98	4.957E-6	-0.0003465	5.968E-6	-0.0004402	-0.0005547	1.079E-5	-0.0001425	-0.0002523	-0.0003895	-0.0006095	-7.623E-5	0.0001552	-0.000422	-0.0002481	-0.0003593	-0.0004217	-0.0002387	-6.966E-5	-0.0002299	-4.051E-5	-0.0004299	1.206E-5	-0.0003382	-0.0004563	-0.0001207	-0.0001384	7.942E-5	-4.419E-5	-4.236E-5	-0.0001082	-0.0003121	-0.0001276	-0.0002016	-0.0003053	-0.0001416
866.829	11536.30	-0.0001846	-0.0003545	-0.0003487	-0.0006116	-0.0007061	-0.0001413	-0.0003012	-0.0004397	-0.0006948	-0.0005826	-0.0004498	-0.0005842	-0.0006684	-0.0005737	-0.0003636	-0.0004661	-0.0003506	-0.0003355	-0.0003954	-0.0004677	-0.0006572	-0.000162	-0.0004647	-0.0004084	-0.0003543	-0.0005042	-0.0003724	-0.0004277	-0.0005753	-0.0002438	-0.0005993	-0.0003137	-0.0003554	-0.000331	-0.0003441
867.406	11528.63	0.0001867	-0.000259	2.455E-5	-0.0003849	-0.0005575	-8.341E-5	-0.0003242	-0.0003664	-0.0005752	-0.0003325	-0.0004878	-0.0005501	-0.0004188	-0.0003987	-0.0002586	-0.0004704	-5.488E-5	-0.000241	-0.0004213	-0.0005226	-0.0002648	-0.0001971	-0.0002988	-0.000276	-0.0003321	-0.000566	-0.0001262	-0.0004414	-0.0003671	-0.0002173	-0.0006692	-0.0002152	-0.0001998	-0.0002883	3.907E-5
867.982	11520.97	0.000393	-1.419E-5	0.0004455	0.0001236	0.0001665	0.0002825	-6.522E-6	4.955E-5	0.0001215	0.0001	0.0001705	0.0002229	7.185E-5	0.0001176	-0.0001131	-1.117E-5	0.0002342	-0.000119	-0.0002833	-1.801E-5	0.0001154	0.0001923	0.0001489	0.0001885	7.412E-5	0.0002132	0.0004085	0.0001287	0.0004348	0.0001739	0.0001136	0.0002798	0.000175	6.273E-5	0.0004509
868.559	11513.32	0.0005726	5.088E-5	0.0005161	0.0004945	0.0005281	0.0004439	2.694E-5	0.0003517	0.0004605	0.0004777	0.0004272	0.0001655	7.781E-5	0.000354	3.517E-5	0.0003533	0.0002148	7.079E-5	5.467E-5	5.402E-5	0.0001279	0.0004488	0.000272	0.0003684	0.0002005	0.0006312	0.0006496	0.0003993	0.0003627	0.0001894	0.0003331	0.0003284	0.0004484	0.0004996	0.0003241
869.136	11505.68	0.0003694	0.0001556	0.0001854	0.0003341	0.0002061	0.0002255	-0.0001246	0.0002383	0.00017	0.0003661	0.0002253	-2.487E-5	-0.000286	6.134E-5	-1.632E-5	0.000101	8.708E-5	0.0001154	-6.628E-5	-0.0002112	-9.484E-5	0.0001493	-8.566E-6	0.000172	-4.289E-6	7.246E-5	0.000294	6.384E-5	8.174E-5	-1.484E-5	8.384E-5	4.239E-5	0.0001418	0.0002799	0.0003254
869.712	11498.05	0.0001194	0.0001878	-0.0001609	3.629E-5	9.021E-7	0.0002048	9.197E-6	0.00011	5.042E-5	9.96E-5	0.0001822	6.361E-5	-0.0002166	0.0003075	-0.0001276	0.0001549	-0.0001908	0.0001097	9.125E-5	-3.493E-5	-0.0001297	0.0001701	-6.289E-5	9.088E-5	-0.0001132	3.282E-5	0.0001415	0.0001149	0.0003598	-9.51E-5	7.078E-5	1.976E-5	8.162E-5	-6.397E-5	0.0001512
870.289	11490.44	9.566E-5	0.0001021	8.658E-6	0.0002325	0.0001195	0.0002759	0.0002796	0.0004553	0.0002561	0.0003629	0.000196	0.0001262	0.0001139	0.0002829	9.821E-5	0.000231	-0.0001473	0.0001975	0.0004112	0.0001615	0.0001659	0.0003917	-8.099E-6	0.0003077	0.0003608	6.262E-5	-3.056E-5	0.0002763	0.0004247	0.0002587	5.616E-5	3.152E-5	0.0002279	-0.0001198	6.276E-6
870.866	11482.83	6.879E-5	0.0001322	0.0001584	0.0003537	0.0002096	-1.66E-5	0.0001399	0.000208	0.0001579	0.0002002	0.0002202	0.0001206	0.0001674	0.0003591	0.0002974	0.0002371	9.277E-5	-1.632E-5	0.0002854	0.0001899	0.0002908	0.0002469	0.0001273	0.000398	0.0001161	0.0002186	-4.529E-5	2.222E-5	9.968E-5	8.376E-5	8.015E-5	9.449E-6	0.000169	7.986E-5	0.0001055
871.442	11475.23	-0.000238	-0.000131	-0.0001609	0.000118	-0.0002823	-0.0002782	-0.0003835	-0.0001711	-0.0002316	-0.0002119	-0.0001242	-5.749E-5	-0.0002122	4.435E-5	2.724E-5	-0.000118	-9.892E-5	-0.0001603	-0.0002908	-0.0002617	-3.533E-5	-0.0002045	5.516E-5	-4.296E-5	-0.0003001	-0.0003667	-0.0001301	-0.0002227	-0.0004057	-0.0003762	-0.0003566	-0.0004899	-0.0004656	-0.0002818	-0.000308
872.019	11467.64	-0.0003518	-0.0002854	-0.0003991	-0.0004107	-0.0007176	-0.0004536	-0.0003134	-0.0004154	-0.0005401	-0.0004498	-0.0004738	-0.0003011	-0.0003184	-0.0001079	-3.482E-5	-0.0006927	-0.0005209	-0.000363	-0.0005857	-0.0004636	-0.0002054	-0.0005612	-0.0003337	-0.0002445	-0.0005702	-0.0004032	-0.0004063	-0.0004843	-0.0005373	-0.0006154	-0.0005115	-0.0003025	-0.0005307	-0.0002845	-0.0004556
872.596	11460.06	-0.0002407	-0.0005327	-0.0002215	-0.0005465	-0.0006413	-0.0002831	-0.0005494	-0.000426	-0.0004938	-0.0005137	-0.0003317	-0.0002006	-0.0004224	-0.0004738	-0.0003395	-0.0006569	-0.0006566	-0.0005927	-0.0005077	-0.0007815	-0.0007035	-0.0008262	-0.0003356	-0.0006481	-0.0004901	-0.0005295	-0.0003493	-0.0006125	-0.0005008	-0.0002692	-0.0003978	-0.0003962	-0.0004551	-0.0003366	-0.0004502
873.173	11452.49	-0.0003614	-0.0006908	-0.000441	-0.0002842	-0.0004481	-0.0002089	-0.0004801	-0.0004232	-0.0005654	-0.0003388	-0.0003726	7.145E-6	-0.0001493	-0.0004957	-0.0004673	-0.0002642	-0.0004081	-0.0003847	-0.0002524	-0.0004608	-0.0004452	-0.0005765	-2.296E-5	-0.0004635	-0.0001623	-0.0001379	-0.0002863	-0.0005755	-0.0002377	-0.0003163	-0.0005486	-0.0004133	-0.0005289	-0.0002448	-0.0002844
873.749	11444.93	-0.0004183	-0.0003735	-0.0003101	-0.0002044	-0.0002642	-0.0003442	-0.0004005	-0.00043	-0.000129	-0.0003437	-0.0004039	-0.0002802	-0.0002416	-0.0005255	-0.0004625	-0.0002103	-0.0002383	-0.0001968	-0.0001157	-0.000231	-0.0003425	-0.0004626	-0.0001542	-0.0003412	-0.0002767	4.911E-5	-0.0003094	-0.0003005	-2.542E-5	-0.0005246	-0.0004587	-0.0002141	-0.0004118	-0.0001663	-0.0001025
874.326	11437.38	0.0004607	-0.0001804	0.000275	-3.254E-5	5.281E-5	0.0001836	-2.81E-5	0.000134	0.0002661	2.762E-5	0.0001214	0.0001769	-1.749E-5	-0.0001279	0.0001636	0.0002877	0.0001527	-0.0001557	0.0003783	-0.000168	-3.615E-5	-7.718E-6	0.0002322	4.067E-5	0.0002411	0.0001952	5.356E-5	-9.552E-5	0.0002801	-0.0001334	0.0001072	0.0002704	0.0002803	0.0003535	0.0001404
874.903	11429.84	-0.000131	-0.000124	-0.0001155	-0.0002518	-0.0001884	-0.0003116	5.503E-5	8.134E-5	0.0001916	0.0001099	-0.0004625	-9.566E-5	-0.0002819	-0.000159	-0.000245	-0.0002103	0.000102	-0.0003667	-0.0001992	-5.229E-5	0.0001934	-4.314E-5	-6.889E-5	-0.0002472	-9.953E-5	-0.0002245	-0.0003558	-0.0003592	-0.0002386	-0.0004518	-7.099E-5	-0.0001767	-0.000234	-0.0003206	-0.0002301
875.479	11422.31	-0.0003269	3.944E-5	-0.000506	-5.772E-5	-4.238E-5	-9.934E-5	-2.969E-5	0.0001144	-0.0002511	0.000136	-0.0002565	-8.419E-5	-0.0003424	-3.482E-5	-4.512E-5	7.791E-5	-2.838E-5	-0.0002495	-0.0003412	-0.0001618	-8.271E-5	-5.799E-5	-0.0002518	-0.0004023	-0.0002203	-0.0004201	-1.024E-6	-0.000259	-0.0003253	-7.091E-5	-8.013E-5	0.0003087	-0.0003565	-0.000314	-0.0001905
876.056	11414.79	-0.000477	-7.348E-5	-0.0004538	-0.0002435	-0.000239	-9.771E-5	-0.000277	-0.0003595	3.781E-5	-0.0001854	-6.684E-5	-0.00038	-0.0007599	-0.0002731	7.242E-5	-0.000219	1.744E-5	-0.0003472	-0.0001987	-3.651E-5	-6.855E-5	-0.0003196	-0.0001703	-2.454E-5	-7.532E-5	-0.0002009	-1.093E-5	-0.0002988	-0.0001738	-0.0002121	-0.0001554	0.0001349	-0.0004144	-0.0001292	-0.0005233
876.633	11407.28	-3.298E-5	0.0003904	0.0003357	0.0002385	9.717E-5	-0.0001286	0.0002811	0.0002167	0.0006018	6.665E-5	0.0004114	0.0002744	7.806E-5	-0.0001653	0.0002759	8.061E-5	0.000224	0.0004082	0.0002743	0.0004783	0.0001917	1.817E-5	0.0001628	0.0001765	0.000204	-0.0001289	0.0001274	0.0002406	0.0001817	0.0002721	0.0003709	0.0001326	0.0006128	0.0004181	0.0002548
877.210	11399.78	0.0001709	-0.0002955	0.0001473	-6.89E-5	-3.614E-5	-6.39E-5	3.224E-5	-0.0001777	0.000255	-1.646E-5	-0.0001985	0.0001394	-0.0003149	0.0002755	-0.0002394	-2.135E-5	5.308E-5	-0.0001916	-6.826E-5	5.632E-5	-0.0001539	-4.193E-5	-0.0002351	-0.0001253	0.0001468	-0.0001362	0.0001424	-4.792E-5	-3.773E-6	0.0001484	-0.0001822	1.495E-5	7.589E-5	-8.597E-5	-0.0002301
877.786	11392.29	0.0001618	-0.0002247	-0.0003084	0.0002623	0.0001959	0.0001569	7.776E-5	0.0001976	-4.107E-5	0.000206	-0.0002153	-0.0002126	0.0001495	6.89E-5	-4.12E-5	0.0001864	0.0002527	-0.0003375	-9.308E-5	-0.0001984	-0.0003101	0.0001166	0.0001331	0.0002121	9.928E-5	-7.653E-5	0.000212	-9.785E-6	-4.254E-5	0.0001698	-0.0004059	0.0001516	-0.0002377	-6.22E-5	9.41E-5
878.363	11384.81	-2.216E-5	8.645E-5	0.0001365	-0.0003123	-7.014E-5	-0.0001504	-0.0002451	0.0003879	-5.203E-5	-0.0001503	0.0002054	0.0002524	7.734E-5	5.264E-5	6.526E-5	6.925E-5	0.0001277	-0.0001091	5.831E-5	0.0001065	-8.595E-5	-0.0002137	0.0002174	-3.201E-5	-8.036E-5	4.977E-6	-1.322E-5	0.0001484	0.0001329	0.0003215	-0.0001196	0.0003081	0.0001584	-5.496E-5	2.267E-5
878.940	11377.34	-0.0003967	-3.155E-5	0.0001309	-5.49E-5	0.0006069	0.0004146	0.0001713	0.0002738	-0.0001031	0.0001507	0.0001665	-6.326E-5	0.0001308	0.0002522	-7.574E-5	-1.391E-5	6.529E-5	0.0002937	6.203E-5	-8.293E-5	-2.51E-5	-7.37E-5	0.0003497	-0.0002536	0.00019	-8.429E-5	0.0003939	0.0002656	-0.0003614	0.0002581	-0.000282	2.246E-5	-2.077E-5	-0.0002023	-0.000153
879.516	11369.88	0.0001562	-0.0002619	-0.0003967	0.0005872	7.788E-5	8.268E-5	0.0001468	0.0001227	0.0001617	0.0001565	5.313E-5	0.0001814	0.0003452	0.0001804	0.0002587	5.109E-6	-0.000223	0.0002867	-6.608E-5	-9.917E-5	-0.0001909	-5.795E-5	0.0003523	-0.0001321	3.975E-5	-6.641E-5	-0.0001622	-5.673E-6	-3.047E-6	0.0002589	-0.0001555	0.0003793	0.0002923	0.0001107	0.000321
880.093	11362.43	0.0002553	0.0004305	0.0003902	0.0001213	-0.0002233	0.0001883	0.0002077	-4.834E-5	-5.315E-5	0.0002329	0.0001923	0.0003032	-0.0001994	0.0006896	0.0003601	0.000503	0.0004412	0.0003228	-1.775E-6	-1.958E-7	-0.0002566	5.243E-5	-6.421E-5	8.034E-5	0.0001279	-0.0001092	-0.000259	1.963E-5	0.0003538	0.0003664	0.0003992	0.0002002	0.0003464	0.0002275	0.0002753
880.670	11354.99	-0.0005636	-0.0001018	-0.0001347	0.0001736	-7.332E-6	0.0001768	5.501E-5	-6.116E-5	0.0002001	5.13E-5	0.0001565	-0.0001897	-0.0001369	-0.0001731	0.0002579	-0.000119	6.433E-5	-0.0001549	0.0001121	0.000156	-9.771E-5	-0.0002589	0.0001448	-0.0001953	8.833E-5	-0.0001395	7.821E-5	0.0002894	-0.0002757	-0.0002615	-0.0002332	0.0002057	-0.000287	-0.0001149	6.463E-5
881.247	11347.56	3.096E-5	0.0001001	0.0002277	0.0001415	0.0002856	0.0001744	0.0004865	0.0003087	0.0003948	0.0002188	0.0002119	0.0003257	0.0002162	-8.828E-5	0.0007353	0.000305	9.822E-5	0.0005558	0.0003613	0.000293	0.0003443	0.0002568	0.0002708	0.0004474	0.0003809	0.0002067	0.0004421	-0.0001373	7.999E-5	-1.621E-5	0.0002469	0.0003144	0.0003952	0.0002044	0.0003599
881.823	11340.14	0.0001867	0.0001872	0.0005028	9.707E-5	4.422E-5	0.0005871	0.0003965	0.0003577	0.0007068	0.0002565	0.0001659	3.224E-5	0.0006122	0.0002358	0.0001932	0.0007384	0.0003997	0.0007559	0.00041	0.0003161	0.000242	0.0001704	0.0002492	2.366E-7	0.0004887	0.0004216	0.0005493	0.0002092	-2.296E-5	0.0005381	0.0002556	0.0004656	0.0007874	0.0002057	0.0004763
882.400	11332.73	4.864E-5	0.0003001	0.0004545	-2.996E-5	0.0002166	-0.0001071	-0.000149	0.0002279	0.0005947	0.0003694	0.000214	0.0001247	0.0005002	0.0005457	0.0003342	0.000152	0.0002361	0.0001083	0.0001913	0.0001819	0.0003545	6.189E-5	0.0002012	0.0001625	0.0001567	0.0003177	0.0003657	0.000365	0.0001627	0.0002831	3.891E-5	0.000415	0.0003887	0.0005562	0.0002171
882.977	11325.33	0.0006663	0.0004248	0.0008703	0.0004442	0.0008169	0.0004743	0.0005228	0.0002855	0.0006355	0.0005423	0.0002852	7.618E-5	0.000324	0.0005747	0.0009668	0.0006793	0.0002906	0.0004177	0.0003534	0.0004386	0.0005544	0.0003424	0.0003508	0.0003053	0.0002468	0.0004253	0.000556	0.0005994	0.0004209	0.0004249	0.0001367	0.0009331	0.000732	0.0005519	0.0005735
883.553	11317.94	0.0002193	0.0005396	0.00018	-0.000169	0.0003356	-4.222E-5	-0.0001018	-2.056E-5	2.342E-5	0.0001912	0.0002351	-0.0003186	0.0002591	0.0003817	0.0001851	3.716E-5	1.439E-5	7.285E-5	-0.0001795	0.0002511	7.153E-5	0.0001569	-0.0005199	7.816E-5	0.0001524	0.000204	0.0004455	0.000222	-1.746E-5	0.0003779	0.0002444	4.728E-5	-1.546E-5	-4.483E-5	0.0001274
884.130	11310.55	-0.0001991	-0.0004668	-0.0006895	-0.0004432	-0.0002732	-0.0005741	-0.0003676	-0.000378	-9.403E-5	-0.0003823	-0.0002309	-0.0003649	6.274E-7	7.8E-5	0.0001268	4.28E-5	-0.0002536	-0.000379	-0.0003725	-6.636E-5	-0.0003852	-0.0004096	-0.0004428	-0.0001518	-0.0002025	-0.0003923	-0.0003408	-0.0004264	-9.787E-5	-0.0004336	-0.0003882	-0.0002167	-1.693E-5	-0.0001144	-0.0003406
884.707	11303.18	0.000113	0.000159	-0.0004872	-0.0003865	-0.0003503	-0.0002334	-0.0002419	-0.0003217	-0.0001772	5.062E-5	7.887E-5	0.0001025	-3.383E-5	0.0001349	0.0001114	9.812E-5	-1.864E-5	-8.282E-5	-0.0002054	6.674E-6	-0.0001365	-9.684E-5	-4.099E-5	-0.0001309	9.835E-5	-9.353E-5	-0.0004361	-0.0001714	-7.613E-5	-0.0003752	-5.878E-5	2.85E-5	0.0001113	-0.0001872	-0.0002643
885.283	11295.82	-0.0002757	0.0001851	1.817E-6	-0.0001579	-9.26E-5	1.765E-5	-6.683E-7	-3.9E-5	1.914E-5	-5.72E-5	-0.0003094	2.147E-5	0.000116	0.0002588	8.551E-6	-0.0001144	0.0001477	0.000119	-0.0002563	0.0001905	-0.0001894	-5.634E-5	7.565E-5	-4.006E-6	-0.0003214	6.522E-5	-3.636E-5	-0.0002118	-4.073E-5	-1.18E-5	-4.742E-5	-2.262E-5	-2.062E-5	-0.0001315	-0.0002613
885.860	11288.46	0.0003998	-4.043E-5	7.76E-5	8.192E-5	6.041E-5	0.0002283	0.0002573	0.0001625	-7.199E-5	0.0002522	0.0001398	0.0002107	0.0001949	0.00047	0.0004495	0.0002552	0.0003447	0.0001269	-0.0001581	0.0002202	0.0002415	5.575E-5	0.0004313	0.0002468	-0.0001831	-0.0001326	0.0003394	0.0004988	-1.945E-5	-1.721E-5	0.0002928	0.0002486	0.0002107	0.0002425	0.0002518
886.437	11281.12	-0.0002462	-0.0003288	1.501E-5	-8.115E-5	-0.0001057	2.397E-5	-0.0002215	-0.0001028	-0.000219	3.596E-5	-0.000224	-0.0001214	-0.000283	4.096E-6	9.22E-5	9.874E-5	3.074E-5	-0.0001918	-0.0002151	-0.0002284	3.156E-5	-0.0004278	8.211E-5	-0.0002515	-0.0002228	-4.279E-5	-9.184E-5	-8.751E-5	-0.0002766	-0.0004102	-0.0002402	8.572E-6	4.072E-5	-0.0001687	-0.0001148
887.014	11273.78	-2.139E-5	-0.0005141	-0.0001995	-0.0003371	-0.0005671	-0.0002887	-0.0004267	-0.0002568	-0.0001466	-7.9E-5	-0.0003364	-0.0004912	-4.279E-5	-0.0002868	-0.0002999	-5.071E-5	-0.000328	-0.0002396	-0.0002542	-0.0005687	-0.0001467	-0.0003109	-0.0001112	-0.0006831	-0.0003117	-0.000301	-0.0002991	-0.0004292	-0.0003162	-0.0006131	-0.0003975	-0.0003335	-0.0003153	-0.0004848	-0.0004235
887.590	11266.46	0.0003357	6.774E-5	0.0002316	-0.0001668	-4.41E-5	0.0002204	-5.783E-5	-5.278E-5	3.71E-5	0.0002537	-0.0001111	9.789E-5	0.0002497	-4.011E-5	-1.051E-6	0.0003248	0.0001901	-0.0001583	0.000252	0.0001168	0.0001294	0.0001742	5.074E-5	-5.334E-5	0.0002078	0.0001777	0.0001707	-9.122E-6	0.0001885	1.585E-5	0.0001605	0.0001254	-0.0002171	0.0001105	6.802E-5
888.167	11259.14	0.0003526	0.0003167	0.0005196	7.801E-5	0.0003965	0.000371	0.0001269	0.0001047	0.0002406	0.0003099	0.0001716	0.0003597	0.0003523	0.0001598	0.0002428	0.0002598	0.0001748	0.0004983	9.986E-5	0.0004045	0.0002573	0.000341	0.000466	0.0002446	0.000518	0.0001897	0.00025	2.975E-5	0.0004477	0.0002113	0.0002072	0.0003707	6.932E-5	0.000142	0.0003773
888.744	11251.84	-0.0001265	-0.0001499	-3.382E-5	-0.0003681	1.889E-6	8.745E-6	-0.0002147	-6.77E-5	-0.0002243	-0.0002409	7.024E-5	-8.136E-5	-5.769E-5	-0.000204	-0.0001147	-0.0003031	-0.0004228	6.801E-6	-0.0002812	-1.069E-5	-0.0002179	-0.0002642	5.033E-5	-3.851E-5	0.0001896	-0.0002429	-9.403E-5	-0.0002768	0.0002087	-8.416E-5	-0.0001735	-0.0003985	-0.0001639	-0.0003472	-8.232E-5
889.320	11244.54	-0.0004458	-0.0003871	-0.0002342	-0.0005678	-0.0001683	-0.0001192	-0.0002733	-0.0004457	-0.0005042	-0.0002144	-0.0002339	-0.0002367	-0.0001408	-0.0006133	-0.000288	-0.0003868	-0.0006629	-0.0001799	-7.607E-5	-0.0001877	-0.0002005	-0.0003509	-0.000225	-0.0002615	-0.0001765	-0.0002473	-0.0001438	-0.000546	-5.335E-5	-0.0002722	-0.0001743	-0.0004192	-0.0003135	-0.0004167	-0.0005772
889.897	11237.25	-0.0003955	-0.0003024	-0.0001646	-0.000184	-0.0002924	1.745E-5	-0.0002164	-0.0003427	-0.0003347	-0.0003538	-0.0001487	-0.0002682	-8.645E-5	-0.000604	-0.0001324	-0.0003034	-0.0005479	0.0001298	-0.0002224	-4.539E-5	-0.0002609	-0.0001311	-0.0001132	-0.0002922	-9.925E-5	-0.0002033	-0.0002525	-0.0003569	-0.0001554	-0.0002127	-0.0003927	-0.0001605	-0.0004062	-0.0002826	-0.0001849
890.474	11229.98	-0.0007478	-0.0004469	-0.0006746	-0.0005814	-0.0007156	-0.0004098	-0.0007877	-0.0007095	-0.0006781	-0.0007741	-0.0003643	-0.0005789	-0.0005583	-0.0006037	-0.0004508	-0.0005621	-0.0006948	-0.0003633	-0.0002406	-0.0002297	-0.0006979	-0.0006402	-0.0005056	-0.0006141	-0.0002826	-0.0004785	-0.0005493	-0.0004941	-0.0004045	-0.0005164	-0.0005441	-0.0003235	-0.0005752	-0.0006965	-0.0003073
891.051	11222.71	-0.0007454	-0.0002701	-0.0006962	-0.0003029	-0.000542	-0.0003198	-0.0005475	-0.0003853	-0.0002356	-0.0005724	-0.0002323	-0.0002606	-0.0007269	-0.0001065	-0.0002455	-0.0003377	-0.0004873	-0.0004847	-0.0001704	-0.0001249	-0.0002634	-0.0005705	-0.0003933	-0.0005183	-0.0002722	-0.0003232	-0.0004587	-0.0005982	-0.0004904	-0.0005059	-0.0004539	-0.0003625	-0.0003798	-0.0005203	-0.0002914
891.627	11215.45	-0.0005873	-0.0001003	-0.0006734	-0.0002115	-0.0004255	-0.0004154	-0.0002887	-0.0003556	6.311E-5	-0.0004515	-0.000313	-0.0002154	-0.0005015	-0.0002279	-0.000321	-0.0001806	-0.0004754	-0.0003538	-0.0003577	-0.0003629	-0.0002095	-0.0005364	-0.0002938	-0.0003989	-0.0003481	-0.0005657	-0.0004969	-0.0005174	-0.0004671	-0.0004925	-0.0003278	-0.0002903	-0.0004397	-0.0004667	-0.0003458
892.204	11208.20	-0.0005596	-0.0002911	-0.0004526	-0.0002919	-0.0002905	-0.0006044	-0.0001636	-0.0001617	-0.0002081	-0.0003914	-0.0004251	-0.0002456	-0.0001966	-0.0003308	-0.0004389	-0.0002859	-0.0002959	-0.0004342	-0.0002697	-0.0005441	-0.0006126	-0.0005755	-0.0002862	-0.000253	-0.0002718	-0.0004725	-0.0003374	-0.0002308	-0.0003759	-0.0003981	-0.0003178	-0.0004898	-0.0003628	-0.0003142	-0.0004349
892.781	11200.96	-0.0001585	3.544E-5	-3.316E-6	0.0003264	0.0005183	-0.000352	0.000374	7.777E-5	0.0001642	0.0001008	0.0002184	0.0003074	0.0003392	0.0002174	6.876E-5	0.0003621	0.0002177	9.003E-5	8.869E-5	0.0002544	-4.151E-5	0.0001775	0.0001483	6.563E-5	0.0003115	0.0004564	0.0002611	0.0002595	0.0001693	-0.0001287	0.000219	0.0002208	9.054E-5	0.0002956	0.0002614
893.357	11193.73	7.057E-5	0.0002765	-0.0001438	0.0001808	7.818E-5	-6.444E-5	0.0005492	-0.0001886	2.234E-5	0.0003356	0.0003702	0.0004001	0.0002879	0.0001244	0.0004461	0.0004498	0.0001863	0.0004022	0.0002131	0.0005802	0.0003232	0.0001185	0.000132	0.0002468	0.000176	0.0005831	0.0003721	2.87E-6	6.848E-5	0.0002443	0.0003858	0.0002077	7.949E-5	0.0001705	9.797E-5
893.934	11186.51	0.0001869	0.0001886	-0.0002748	-0.0001189	-6.486E-5	7.596E-5	3.464E-5	6.877E-5	-7.034E-5	-7.613E-5	0.0003948	-0.0001518	9.732E-5	5.956E-5	0.0001783	0.0002656	0.0002502	5.548E-5	6.436E-5	0.0001148	0.0002576	-0.0001857	-4.939E-6	6.631E-5	0.0001376	0.0001206	0.0001836	-0.0002334	-0.0001423	7.637E-5	0.0001444	-5.807E-5	-5.867E-5	8.093E-5	0.0002292
894.511	11179.29	0.000515	0.0005651	0.0002984	0.0001937	0.0005087	0.0005606	0.0003627	0.0006403	0.00047	0.0003599	0.000558	0.0005867	0.0005691	0.000296	0.0005614	0.0002418	0.0004854	0.0003692	0.0003816	0.0006746	0.0003548	0.0002853	0.0002141	0.0007654	0.000775	0.0005951	0.0003469	0.00029	0.0003539	0.0005623	0.0004579	0.0004385	0.0005122	0.0003307	0.0005223
895.088	11172.09	0.0007052	0.0008222	0.0005806	0.0004195	0.0008242	0.0008144	0.0005016	0.0005565	0.0007859	0.0006759	0.0007553	0.0007087	0.0005547	0.0003051	0.0005356	0.0004762	0.000597	0.0004671	0.0004061	0.0005707	0.0005686	0.0005091	0.0004889	0.0009155	0.0006723	0.000708	0.0008426	0.0007777	0.0003684	0.0006814	0.0006513	0.0008128	0.0005903	0.0004528	0.0004601
895.664	11164.90	0.0004292	0.000815	0.0004454	0.000697	0.0007406	0.0008151	0.0006434	0.0005767	0.0007851	0.0007582	0.0004937	0.0006186	0.0007494	0.000664	0.0007084	0.0005004	0.0006295	0.0007496	0.0006419	0.0005946	0.001186	0.0005323	0.000738	0.000855	0.000395	0.0005902	0.0005807	0.000929	0.0003969	0.000894	0.0005101	0.0001965	0.000762	0.000467	0.0008812
896.241	11157.71	0.000527	0.0007137	-0.0001247	0.0004746	0.0004032	0.0002752	0.0005608	7.236E-5	0.0005387	-2.643E-5	0.0003969	0.0004519	0.0006353	0.0004141	0.0003357	0.0004945	0.0004931	0.0005642	0.0001883	0.000338	0.0004398	0.0004236	0.0003788	0.0006446	0.0002488	0.0004308	0.0004802	0.000354	9.396E-5	0.0006585	0.0004083	0.0002624	0.0004714	0.0003511	0.0005908
896.818	11150.54	-0.0001136	-3.784E-5	-0.0001521	0.0002084	3.476E-5	-8.364E-6	2.305E-5	-0.0002684	-4.957E-5	-0.0002277	-5.664E-5	0.0003286	-0.0001192	-3.612E-6	0.000147	5.096E-5	0.000147	0.0001307	0.0001515	0.000288	0.0002545	6.403E-5	0.0001892	0.0002058	-0.0001726	-0.000166	6.398E-5	-0.0004012	-7.251E-5	-8.853E-5	-6.787E-5	-0.0001026	5.183E-5	-0.0001831	-4.489E-5
897.394	11143.37	-3.137E-5	0.0006175	2.387E-5	9.715E-5	0.0003152	2.697E-5	0.0004199	0.0005564	0.0001746	0.000435	0.0003652	0.0004353	0.000506	0.0002451	0.0003933	0.0003632	0.0004774	0.0002089	0.0001963	0.0005723	0.0002487	0.000192	0.000421	0.0003478	0.0001409	0.0002104	-0.0001082	0.0002986	0.0005375	0.0002695	9.379E-5	-1.879E-5	7.856E-5	0.0001805	-0.0001477
897.971	11136.22	0.0004545	0.0002511	0.0003702	0.0003888	0.0004957	0.0005647	0.0002225	0.0007331	0.0002414	0.000602	0.0002242	-4.282E-5	0.0008037	0.0004411	0.0001954	0.0006188	0.0005895	0.0005318	0.0004378	0.0006052	0.0006361	0.0004544	0.0003074	0.0003828	0.0004632	0.0001747	4.16E-6	0.000756	0.0004265	0.0001916	0.0003896	0.0005888	0.0003454	0.0003356	0.0002539
898.548	11129.07	0.0001929	-0.0001703	9.353E-5	3.978E-5	-0.0003085	0.0003341	-6.303E-5	-1.207E-5	0.0001315	-0.0001246	-0.000125	0.0005034	0.0002912	0.0003219	0.0005228	0.0002625	-6.762E-5	0.0003089	-4.441E-5	-0.0001433	-4.323E-5	7.087E-5	0.000334	-0.0003187	0.000195	0.0002112	-0.0004594	-0.0001828	-2.705E-6	2.196E-5	6.041E-5	-0.000215	0.0002436	0.000265	-9.501E-6
899.125	11121.93	0.0001992	-5.038E-6	-3.19E-5	-0.0002395	2.46E-5	-0.0001678	-0.0003193	-5.261E-5	-0.0002111	-0.0001772	-0.000301	6.592E-5	2.541E-6	3.596E-5	-0.000209	4.411E-5	0.0001923	0.0001481	-0.0001764	-0.0002198	-0.0002457	6.293E-5	0.0001436	-9.072E-5	-0.0005015	-0.0002383	-0.000611	-0.0001052	0.0001942	0.0002116	-0.0003904	-0.0001533	-0.0002723	2.681E-5	-0.0002225
899.701	11114.80	-0.0003285	-0.0002245	-0.0003954	-6.429E-5	-0.000295	-0.000169	-0.0003921	-0.0002093	-0.0004076	-0.0003916	-0.000469	-0.0003682	-0.0002408	5.823E-5	0.0001693	-0.0004271	0.0001119	-0.0002732	-0.0002501	-4.788E-5	-6.894E-5	-0.0007716	8.881E-5	-9.758E-5	-0.0004145	-0.0007947	-0.0003745	-0.0003021	-0.0005412	-0.0002733	-0.0002788	-0.00012	-2.925E-5	-0.0001995	-0.0004114
900.278	11107.68	-0.0001306	-0.0004782	-6.113E-5	-0.0007355	-0.000339	0.0001365	-0.0001931	7.595E-5	0.0002154	-0.0002445	-0.0001581	2.305E-5	-0.0001734	-0.0002905	-0.0002773	-0.0001576	-5.071E-5	-0.0001782	-0.0003476	-0.0001819	-0.0001058	-0.0001346	-0.0001711	-3.048E-5	-0.0001811	-1.292E-6	-0.0002883	-9.434E-5	-1.535E-5	-0.0002381	-6.207E-5	-0.0003276	-0.0004313	-0.0002251	-0.0001883
900.855	11100.57	-0.000759	8.821E-5	-0.0005958	-0.0003417	-0.0002842	-0.0001516	-0.0004167	-0.000235	-0.0001309	-9.511E-5	-0.0004785	-1.521E-5	-0.000166	-0.0002788	-2.768E-5	-1.455E-5	-0.0001683	-0.0001332	-0.0001352	-0.0002908	0.0001171	-0.0004062	-0.0004736	-0.0002542	-0.000111	-0.0004685	-0.000396	-6.978E-5	-0.0005047	-0.0006077	-0.000491	-0.0002176	-0.0003592	-0.0003421	-0.0005944
901.431	11093.47	-8.73E-5	8.121E-5	-0.0003749	7.5E-5	-0.0002419	-0.0003653	-0.0001379	-7.775E-5	-4.257E-5	0.0001158	-0.0001922	0.0001788	3.539E-5	-3.776E-6	0.0004427	-0.0001356	0.000198	-2.129E-5	0.0003544	-0.0001081	-0.0001887	-0.000148	-9.304E-5	1.117E-6	-0.0001951	-9.149E-5	-0.0005401	-3.951E-5	-7.84E-5	-8.605E-5	-0.0004246	-0.0001305	-0.000233	0.0001285	-0.0004259
902.008	11086.38	-0.0007397	-0.0001465	-0.0005737	-4.212E-5	-0.0001887	-0.0006123	-0.0004155	-9.181E-5	-0.0003626	-0.0003998	-0.0001109	-2.061E-5	0.0001719	-0.0001235	-0.0001788	-0.0002006	0.0001471	-3.174E-5	0.0004474	0.0001394	7.453E-5	-0.0001888	-0.0002896	-0.0003221	-0.0004221	-5.161E-8	-0.0001955	-0.0002278	-5.963E-5	-0.0001004	0.0001494	-0.0002927	-0.000157	-0.0001621	-0.0003531
902.585	11079.29	-0.0002627	0.0002433	1.945E-5	0.0002856	-4.431E-5	0.0002223	-0.0002614	0.0001233	0.0001004	0.0001778	-0.0003139	0.0002605	0.0004223	8.421E-5	3.34E-5	-1.495E-5	0.0003814	0.0001057	0.0003127	0.0003785	0.0003433	0.0001219	0.0001581	-5.61E-5	0.0001715	9.07E-5	6.047E-6	0.0002618	0.0001126	0.0001683	0.00066	0.0003674	0.0003554	4.595E-5	1.056E-5
903.161	11072.22	0.0005186	0.0006294	0.0002206	0.0006721	0.0004544	0.0006608	0.0007662	0.0005781	0.000643	0.0004456	0.0004381	0.0008627	0.000849	0.0005996	0.0007672	0.0003207	0.0006763	0.0009399	0.0006417	0.0004728	0.000645	0.0008336	0.000305	0.0003952	0.0003852	0.0003067	0.0002892	0.0007254	0.0007652	0.0008214	0.000904	0.0004197	0.0006468	0.0008027	0.0004627
903.738	11065.15	0.000271	0.0004027	0.000264	0.0003105	0.0002644	0.0001729	0.0005939	0.0003734	0.0004259	-3.363E-5	0.0002501	0.0002604	0.000727	9.673E-6	0.0004158	0.0004006	0.0004294	0.0002723	0.0005633	0.0003895	0.0005842	0.0002553	0.000284	9.297E-5	0.0006291	-0.0001338	0.0005833	0.0004061	0.0003676	0.0005427	0.0004453	-0.0001321	0.000601	0.0002356	0.0004181
904.315	11058.09	0.0007167	0.0008735	0.0005962	0.0005187	0.0007694	0.000545	0.0005998	0.0007403	0.0005362	0.0005642	0.0008766	0.000473	0.0007692	0.0004854	0.0005912	0.0005687	0.0009275	0.0008537	0.0007174	0.0008133	0.0007043	0.0006967	0.0006964	0.0007166	0.0004494	0.0005964	0.0007231	0.0006325	0.0008471	0.0001983	0.0009115	0.0006643	0.0008586	0.0006351	0.0006185
904.892	11051.05	0.0005137	0.000454	0.0005533	0.0007064	0.0006816	0.000444	0.000534	0.0005572	0.001061	0.0007316	0.0005806	0.0005504	0.0005772	0.0007959	0.0006134	0.0004005	0.0002809	0.0008848	0.0007776	0.0007458	0.0005314	0.0007305	0.0007436	0.0005921	0.0008595	0.0007191	0.0004791	0.0004898	0.0007147	0.0003914	0.0009535	0.000588	0.0006506	0.0005022	0.0007048
905.468	11044.01	0.000618	0.0005396	0.0003037	0.0008182	0.0007407	0.0006884	0.0007338	0.0006478	0.0008594	0.0006197	0.0006287	0.0008641	0.0007949	0.0007514	0.0008545	0.0007223	0.0006883	0.0005299	0.0006573	0.0003849	0.000748	0.0003072	0.0005639	0.0007808	0.0007213	0.0006316	0.0004916	0.0005444	0.0005987	0.0004955	0.0006814	0.000677	0.0006931	0.0008863	0.0005512
906.045	11036.98	0.0006082	0.000818	0.0003785	0.0006584	0.0005002	0.0004337	0.0006727	0.0005423	0.00043	0.0006074	0.0006908	0.0005816	0.0008848	0.0005298	0.0007865	0.0003743	0.0006976	0.0007363	0.0001724	0.0005943	0.0009063	0.0003247	0.0005917	0.0005973	0.0006342	0.0005983	0.0003694	0.000902	0.0006636	0.0004429	0.0003995	0.0005431	0.000457	0.0006136	0.0005131
906.622	11029.96	0.0003102	0.0002036	0.0001365	0.0001446	0.0001739	0.000184	0.0002283	0.0002041	0.0002679	0.0002672	0.0002049	0.0003662	0.0004411	9.538E-5	0.0005061	-7.042E-5	0.0001614	0.0002842	1.924E-6	0.0003523	0.000225	0.0001792	0.0003816	0.0002776	8.511E-5	0.0003764	0.0003235	0.000654	0.0001649	0.0002053	0.0002782	0.0003286	0.0002862	0.000138	0.0002861
907.198	11022.95	0.0005552	0.0001752	0.0003559	0.0003454	0.000497	0.0003172	0.000426	0.0003691	0.0004689	0.0003431	0.0004544	0.0005832	0.0004473	0.0003323	0.0003954	7.774E-5	0.0002808	0.00045	0.0002154	0.0004521	0.0003544	0.0002421	0.000264	0.0005046	0.000278	0.0003803	0.0002709	0.0004308	0.0003763	0.0004905	0.0003237	0.0004332	0.0001888	0.0003397	0.0005663
907.775	11015.94	3.95E-5	-0.0001719	0.000141	-0.0001078	0.0001075	3.059E-5	0.0001936	4.186E-5	-2.929E-5	3.822E-5	0.0003663	0.000181	0.0001073	-3.07E-5	-0.0001467	-0.0002717	-9.205E-5	8.042E-5	-0.0001177	0.0001998	0.0003069	-0.0002558	-0.0002968	4.025E-6	-0.0001091	-0.000285	-0.000181	-0.0001111	1.789E-6	0.0002241	0.0001254	7.882E-5	-0.0001234	7.004E-5	8.842E-5
908.352	11008.95	-0.0003346	-0.0005274	-0.0002174	-1.153E-5	-0.0002309	-0.0004026	-0.0001065	-7.419E-5	-0.000271	-0.0004689	5.982E-5	-0.0003311	-0.0003553	-0.000465	-0.0005016	-0.0004265	-0.000341	-0.000453	-0.000563	-0.0003178	-0.0002695	-0.0003224	-0.0005782	-0.0005561	-0.0007431	-0.0006169	-0.0003076	-0.000354	-0.0002656	-0.0003412	-0.0002156	-0.0002903	-0.0002811	-0.0002487	-0.0004722
908.929	11001.96	-4.578E-5	-0.0003915	-0.0003053	-0.0001541	-0.0004722	-0.0004702	-0.000108	0.0001513	-0.0003195	-0.0004773	-0.000226	-0.0001665	-0.0006699	-0.0005709	-0.0004048	-0.0002226	-0.0004138	-0.0002942	-0.0005812	-0.000297	-0.0002519	-0.0001997	-0.0006703	-0.0002527	-0.0004673	-0.0006637	-0.0005384	-0.0003128	-0.0002385	-0.0004803	-0.0004222	-0.0003359	-0.00066	-0.0003633	-0.0005341
909.505	10994.99	0.0001081	-0.0002233	-1.028E-5	-0.0001397	-0.0004607	-2.206E-7	-3.888E-5	-1.136E-5	-0.0002203	-0.0001396	-5.161E-5	-4.837E-5	-0.0002213	-0.0002056	5.741E-5	3.104E-5	-0.0003409	-4.966E-5	-0.0002134	-3.977E-5	-0.0002764	-0.0001203	-0.00042	5.781E-5	-0.0001221	-0.0003566	-0.0003665	-0.0001153	-0.0001146	-0.0002541	-0.0001929	-0.000325	-0.000411	-0.0003593	-0.0002648
910.082	10988.02	3.816E-5	-0.0002499	-2.478E-5	-0.0002484	-0.0002005	-0.0001618	-0.0001113	-0.0001299	-0.0001972	-0.0003797	-2.687E-5	-0.0003609	-0.0001745	-0.0001953	-3.238E-5	-0.0001811	-0.0001167	-0.0004856	-0.0003101	-4.601E-5	-0.0003056	-0.0002109	-0.0003974	0.0001682	-5.596E-5	-0.0004346	-0.0001437	-0.0001643	-0.0003289	-0.0001113	-0.0001931	-0.0001084	0.0002929	-0.0003834	2.736E-5
910.659	10981.06	0.0003325	-5.825E-5	-8.396E-5	-8.929E-5	-7.195E-5	0.0002737	-8.268E-5	0.0004045	0.0001233	-0.0001954	0.0001547	-1.461E-5	5.228E-5	-5.255E-6	3.195E-5	0.0001442	0.0002871	-0.0001277	-3.172E-6	-3.983E-6	0.0003467	0.0001701	-0.0001181	0.0004704	4.673E-5	-0.0002407	-0.0001315	7.944E-5	-0.0001133	-0.0002092	0.0001474	0.0002537	0.0005581	-0.0001628	0.0002461
911.235	10974.11	0.0002972	0.0002463	0.0001586	0.000174	-1.226E-5	0.0005046	0.0002347	0.0004025	0.000468	2.342E-5	0.000372	0.0005855	0.0002621	0.0002555	0.0002858	0.0005261	0.000471	0.0003426	0.0005219	0.0002614	0.0004923	0.0002634	0.0002016	0.000401	0.0001944	0.0001491	-4.152E-5	8.096E-5	0.0002043	-0.0001774	0.00028	0.0006489	0.0003892	0.0003865	0.0002742
911.812	10967.17	0.0005875	0.000547	0.0004897	6.925E-5	0.0003327	0.0002809	0.0003424	0.0004237	0.000475	0.000245	0.0004617	0.0005025	0.0007549	0.0004802	0.000647	0.0006513	0.0003715	0.0003006	0.0006114	0.0006593	0.0005329	0.0003306	0.0004808	0.0003696	0.0002279	0.0001666	0.0004134	0.0002293	0.0003897	1.866E-5	0.0002472	0.0002277	0.0003916	0.0005248	0.0003309
912.389	10960.24	0.0005501	0.0005249	0.0003997	-8.253E-5	0.0004323	0.0002586	0.0005128	0.0003357	0.000323	0.0002815	0.0003433	0.0003138	0.0004729	0.0005295	0.0006889	0.0005916	0.0002698	6.237E-5	0.0003833	0.0003614	0.0003865	0.0003703	0.0004947	0.0004787	0.0001938	0.000238	0.0002237	0.0006294	0.000177	0.0001796	0.0004497	0.0001637	0.0004449	0.000379	0.0003746
912.966	10953.32	0.0005637	0.0002794	0.0004199	0.0003471	0.0004519	0.0005257	0.0005975	0.0003423	0.0005037	0.0003777	0.0002878	0.0005435	0.0004542	0.0005691	0.0003138	0.000752	0.0004383	0.0004582	0.0001855	0.0002178	0.0004151	0.0003196	0.0003827	0.0002245	0.0003371	0.0003309	0.0003545	0.0001316	3.956E-5	0.0001769	0.0002933	0.0005552	0.0005275	0.0003905	0.0003927
913.542	10946.40	0.000917	0.0006596	0.0005898	0.0006872	0.0003494	0.0007389	0.0009629	0.0004509	0.0006508	0.0004256	0.0005493	0.0008287	0.0006154	0.0004301	0.0005173	0.0007763	0.0005426	0.0006607	0.0003818	0.0005292	0.0006118	0.0006527	0.0003961	0.000235	0.0009643	0.0005408	0.0007703	0.0006901	0.0005599	0.00064	0.0005416	0.0007396	0.0007872	0.000578	0.0005838
914.119	10939.50	0.0009016	0.0007949	0.0005427	0.0006987	0.0005731	0.0005914	0.001214	0.0007469	0.000764	0.0005574	0.0009459	0.0009408	0.0009284	0.0005297	0.0007344	0.0009775	0.0007453	0.000659	0.000736	0.0005603	0.0009874	0.0005147	0.0005778	0.0007686	0.000941	0.0006802	0.000612	0.0009557	0.0007228	0.0007782	0.0007707	0.001092	0.0008362	0.0009061	0.0004969
914.696	10932.60	0.0006196	0.0008081	0.0005587	0.0007936	0.0008697	0.0007142	0.0007592	0.0008089	0.0006106	0.0007111	0.001023	0.0004687	0.0006914	0.000801	0.001026	0.000661	0.0002851	0.0006685	0.0007654	0.0004652	0.001004	0.000447	0.0006257	0.0008985	0.001007	0.0005104	0.0002862	0.0007397	0.0005236	0.00113	0.0006647	0.0008781	0.0004962	0.0004022	0.0007189
915.272	10925.71	0.0005561	0.0007057	0.0004461	0.000465	0.0004873	0.0008462	0.0003528	0.0007868	0.000456	0.0008565	0.0009495	0.0006604	0.0004559	0.0008514	0.001094	0.0007345	0.0004277	0.0005225	0.0006348	0.0007659	0.0008551	0.0005698	0.001074	0.0005056	0.001038	0.0007446	0.0004278	0.0009921	0.0007936	0.0006843	0.0005138	0.0007531	0.0006885	0.0007407	0.0004735
915.849	10918.83	0.0009473	0.0004254	0.0002155	0.0008036	0.000285	0.000796	0.0004619	0.0005318	0.0003226	0.0002598	0.0007708	0.0002228	0.0001635	0.0003978	0.0003589	0.0007711	4.087E-5	0.0003085	0.0007211	0.0004209	0.0003881	0.0003253	0.0003692	2.324E-5	0.0005534	0.0001852	0.0002756	0.0006548	0.0005147	0.0006803	0.0005662	0.0002384	0.0002071	0.0002362	0.0001494
916.426	10911.96	0.0004109	0.0006874	0.0001303	0.0005778	0.0006972	0.000637	4.14E-6	0.0003598	0.0001968	0.00061	9.117E-6	0.0003388	0.0005957	0.0004202	0.0003401	0.0005263	0.0005829	0.0007055	0.0004004	0.0006701	0.0001551	0.0002291	0.0002546	0.0003888	0.0004334	5.105E-5	9.803E-5	0.0004645	0.0006477	9.684E-6	0.0004492	0.0002023	0.0002107	7.468E-6	0.0002438
917.002	10905.10	0.0008197	0.0008582	0.0002116	0.0006686	0.0006555	0.001095	0.0003509	0.0007762	0.0006938	0.0008664	0.0006221	0.0009705	0.0008805	0.0007569	0.0008274	0.0008279	0.0006027	0.0005855	0.0004417	0.0004742	0.0005209	0.000755	0.0005919	0.000443	0.0003651	9.186E-5	0.0005203	0.0003825	0.0007469	0.0004027	0.0005948	0.0007748	0.000655	0.0005599	0.0008336
917.579	10898.24	0.000971	0.0008231	0.0005165	0.0007256	0.0009391	0.001006	0.0008149	0.00116	0.0007251	0.0008613	0.0009893	0.0008159	0.0009757	0.001007	0.001151	0.0008473	0.0009265	0.0009128	0.0008097	0.000701	0.0006918	0.001006	0.001146	0.0008999	0.0006031	0.0007084	0.0007169	0.0009298	0.001282	0.001093	0.0009263	0.0005848	0.001031	0.001165	0.0004611
918.156	10891.40	0.0009578	0.0008634	0.0005905	0.0008535	0.0009203	0.0008703	0.00106	0.001393	0.0009222	0.000346	0.0011	0.001149	0.0009555	0.0007414	0.001127	0.0009505	0.0008552	0.0006996	0.0009827	0.0007466	0.0008011	0.001182	0.0008919	0.0008894	0.001124	0.0008881	0.0004239	0.0008097	0.0007739	0.0007595	0.0005893	0.001008	0.001332	0.001047	0.001088
918.733	10884.56	0.0008656	0.0004521	0.0009795	0.0003182	0.0007873	0.0008438	0.0008723	0.0005254	0.0006495	0.0007542	0.0007741	0.0005747	0.0009227	0.00101	0.00112	0.001073	0.0007907	0.0007942	0.0003642	0.0006505	0.000667	0.000826	0.0008921	0.0005518	0.0007741	0.0006865	0.0008798	0.0003068	0.001131	0.001171	0.0008108	0.001096	0.0006785	0.0006052	0.0005778
919.309	10877.73	0.0003467	0.0003114	0.000849	0.0004951	0.0002333	0.0006157	0.0005101	0.0004989	0.0002753	0.0008865	0.0003807	0.0007169	0.0005971	0.0002653	0.0001058	0.0004173	0.0005733	0.0002441	0.0006026	0.0004076	0.0006956	0.0007601	0.0004362	0.0007718	0.0005969	0.0004692	-0.0001026	0.0003065	0.0007332	0.0003282	0.0003972	0.0005155	0.0002118	0.0003879	0.000547
919.886	10870.91	0.001014	0.0005599	0.001392	0.0007943	0.0008798	0.001311	0.0009084	0.0008514	0.001054	0.001038	0.0003993	0.0006845	0.0006397	0.0004515	0.0005314	0.0006324	0.0005419	0.0007461	0.0005685	0.000846	0.0006992	0.0008448	0.0007647	0.0008887	0.001112	0.001216	0.001191	0.0004869	0.0008721	0.000666	0.0006411	0.0007919	0.0001845	0.001011	0.0007209
920.463	10864.10	0.0006716	0.0007258	0.001076	0.0007084	0.0004726	0.0008331	0.001016	0.0005634	0.0006673	0.0006354	0.0007071	0.0006019	0.0005842	0.0008666	0.0008486	0.000615	0.0007787	0.0008352	0.0006218	0.000702	0.000721	0.001129	0.001045	0.0008872	0.0009119	0.0007516	0.0005156	0.0008758	0.0007272	0.0007756	0.0007883	0.0005073	0.0008283	0.0009519	0.0008587
921.039	10857.30	0.0008194	0.0008829	0.0005968	0.0001886	0.0006992	0.0007255	0.001095	0.0006597	0.0007608	0.0006309	0.0009119	0.0004191	0.001117	0.0007155	0.0006908	0.0008687	0.0009052	0.0007027	0.0006626	0.0008016	0.0007374	0.0005813	0.001298	0.001031	0.0005768	0.0006225	0.0004568	0.0007823	0.0007884	0.0006984	0.0008746	0.000768	0.0006185	0.0009017	0.0008509
921.616	10850.50	0.000443	0.000285	0.0004184	0.0002842	0.0001693	0.0005355	0.0005005	0.0006253	0.0005754	0.0009236	0.0004803	0.0008645	0.0004963	0.0005716	0.0005943	0.0006964	0.0004734	0.0003154	0.0002548	0.0006118	9.667E-5	0.0004359	0.0005772	0.0007516	0.0004851	0.0009521	0.0001946	0.0003826	0.0004231	0.0002669	0.000409	0.0002954	0.0003473	0.0005137	0.0004997
922.193	10843.72	0.0006642	0.0005206	0.0002344	0.000498	0.000348	0.0003578	0.0004212	0.0008348	0.0009988	0.000728	0.0007444	0.0007423	0.001026	0.000426	0.000587	0.0007106	0.0004716	0.0006061	0.0006605	0.0004147	0.0005076	0.0007684	0.000513	0.0007954	0.0004986	0.0006739	0.0004016	0.0006062	0.0005101	0.0004424	0.001094	6.822E-5	0.0007468	0.0006656	0.0004563
922.770	10836.94	0.0006807	0.001176	0.0005797	0.0006269	0.0006324	0.001012	0.000879	0.0008288	0.0008136	0.0007049	0.0008785	0.001165	0.001067	0.0006893	0.001155	0.0009389	0.0007696	0.001035	0.0009291	0.0009243	0.000884	0.0007033	0.000885	0.0009789	0.0006652	0.0006287	0.000818	0.0008494	0.0007768	0.0008339	0.001123	0.0004282	0.0006872	0.0007287	0.0005804
923.346	10830.17	0.0002919	0.0004239	0.0005225	0.0003903	0.000384	0.0008651	0.0003423	0.0009323	0.0005946	0.0005073	0.0005453	0.0006693	0.0005272	0.0005921	0.0005106	0.0004119	0.0006574	0.0006184	0.0005213	0.0002848	0.0004825	0.0004703	0.0007479	0.0008728	0.0002651	0.0004409	0.0003412	0.0005639	0.0004281	0.0003494	0.0006488	0.0006465	0.0003195	0.0004237	0.0002147
923.923	10823.41	0.0005671	0.0004148	0.0001392	0.0003962	0.0004897	0.0003012	0.0004357	0.0007208	0.0005469	0.0003846	0.0004175	0.0006351	0.0003772	0.0006416	0.0006729	0.0005159	0.0003213	0.0002984	0.0003053	0.0004927	0.0007874	0.0003854	0.0001236	0.0004355	0.0004356	0.0002729	4.735E-5	0.000522	0.0005287	0.000254	0.0003004	0.00074	0.0004491	0.0003653	0.0001417
924.500	10816.66	0.0006732	0.0003436	0.0004647	0.0004015	0.0001598	0.0004451	0.0005701	0.0004907	0.0005171	0.0005567	0.0002307	0.0007959	0.0003684	0.0006453	0.0007555	0.0005957	0.0003562	0.00037	0.0006068	0.0003998	0.0005791	0.000286	0.0002828	0.0002469	0.0006198	0.0001867	0.0001101	0.0004677	0.000435	0.0004082	0.0002977	6.699E-5	0.0002509	0.0002983	0.0003552
925.076	10809.92	-3.253E-5	-0.0002805	-7.913E-5	9.847E-5	6.369E-5	-0.0001292	0.0003206	-0.0002141	-0.0001215	8.007E-5	3.8E-5	0.0001807	0.0001979	-8.829E-5	0.0003106	0.0002917	0.0001819	0.0001996	-5.415E-5	0.0001673	-7.312E-5	-7.802E-5	-3.351E-5	4.518E-5	3.997E-6	-0.0005377	-0.0002153	-0.0002471	0.0002239	-4.963E-5	-0.0001842	-0.0001652	-0.0003453	-0.0001763	-0.0002159
925.653	10803.18	-7.758E-5	-0.0001108	-0.0003524	-4.004E-6	0.0001348	3.814E-5	-0.0001667	-0.0005831	-0.000345	-4.098E-5	-0.0002204	3.283E-5	-5.066E-6	3.799E-5	-2.238E-5	0.0001634	3.242E-5	-5.075E-6	-0.0001802	0.0003313	-0.0002008	-0.0001174	0.0001155	-0.0001463	-0.000189	-0.0004535	9.898E-6	-0.0001593	6.929E-5	-0.0001293	-4.423E-5	-0.0001171	-0.0001965	-0.000234	-0.0002628
926.230	10796.46	-7.034E-5	6.989E-6	-0.0001468	1.032E-6	-1.285E-5	8.13E-5	-0.0001485	-0.000464	-2.885E-6	3.499E-5	0.0002487	-1.048E-5	0.0002212	0.0003057	-5.712E-5	0.0002964	8.5E-5	0.0003721	-2.966E-5	0.0001027	0.0001796	4.338E-6	4.239E-5	0.0002244	0.0001137	-0.0003847	-0.0001854	4.823E-5	0.0001449	0.0001663	0.0001908	8.162E-5	0.0003033	-0.0001752	-0.0001194
926.807	10789.74	0.0002633	0.0004565	0.0001397	0.0005319	0.0005542	0.0004298	0.0001224	0.0003182	0.0005437	0.0002693	0.0005032	8.418E-5	0.0005536	0.0004579	0.0002854	0.0006186	0.000121	0.0004644	0.0005359	0.0002546	0.0005726	0.0005717	0.0003119	0.0009757	0.000426	0.0005223	-0.0002339	0.0001186	0.0001672	0.0005131	0.0003681	0.0004858	0.0004354	0.0003172	6.06E-5
927.383	10783.03	7.732E-5	0.0007212	-0.0001041	0.0006661	0.0005922	0.0001205	-3.874E-5	0.0004663	0.0002689	0.000218	0.0004183	0.0004665	0.000518	0.0004811	0.0005875	0.0003938	0.0003065	0.000365	0.0007483	9.041E-5	0.0004127	0.0003287	0.0002274	0.0009533	0.0004174	0.0004216	-4.246E-5	0.0001903	0.0003911	0.0003586	0.0003603	0.0005918	0.0002139	0.0005625	0.0003182
927.960	10776.33	-0.0002399	0.0002573	-0.0004517	0.0002033	0.0001039	-0.0001474	-0.0002482	0.0002631	-0.0001516	-7.338E-5	0.000152	0.0002323	0.0002072	0.0002173	0.0002039	0.0001838	-3.743E-5	0.0001422	0.0002747	-0.0001833	-0.0002184	1.529E-5	-0.0002099	7.066E-5	-3.772E-5	-0.0001742	-0.0003487	9.426E-5	-0.0001335	0.0002484	-3.735E-5	-0.0001963	-0.0001812	8.977E-5	-0.0003001
928.537	10769.63	-0.000305	0.0001288	-0.0006736	-9.405E-5	-9.13E-5	-0.0001638	-0.0006985	-0.0001623	-0.0001661	-9.833E-5	-0.00028	-0.000136	9.287E-5	0.0002978	0.0001079	0.0003012	1.604E-5	8.509E-5	-0.0001402	9.305E-5	-0.0002554	4.393E-5	-7.839E-5	-0.0003065	2.651E-5	-0.0001839	-0.0005372	-0.000188	-0.0002444	-6.58E-5	-8.885E-5	-0.0003947	-0.0003785	-0.0001502	-0.0005387
929.113	10762.95	-0.0006003	-7.5E-5	-0.001079	-0.0005206	-0.0004841	-0.0004884	-0.0004832	-0.0003849	-0.000146	-0.0003622	-0.0002869	-0.0007777	-0.0003767	7.284E-5	-0.0003212	0.0001497	1.842E-5	-4.478E-5	-0.0003863	0.0001282	5.467E-5	-8.771E-5	-0.0002637	-0.0003288	-0.0001232	-0.0006232	-0.0006716	-0.0002551	-0.0003912	-0.0002163	-0.0001151	-1.208E-5	-0.0005168	-0.0003622	-0.0005954
929.690	10756.27	-0.0009209	-0.0003319	-0.001554	-0.0006227	-0.0006937	-0.0006219	-0.0002712	-0.0004124	-0.0004704	-0.000738	-0.0003227	-0.0008398	-0.0004665	-0.0001129	-0.0005774	-5.863E-5	-0.0002053	1.127E-5	-0.0003058	-0.0002811	-0.0004138	-0.000398	-0.0005933	-0.000619	-0.0003134	-0.001122	-0.0007503	-0.0003772	-0.0004903	-0.0001452	-0.0003245	-0.0002699	-0.0006256	-0.0008139	-0.0009293
930.267	10749.60	-0.0009402	-0.0002515	-0.00121	-0.0004883	-0.0004359	-1.233E-5	-0.0003437	-0.0001155	-0.0002957	-0.0007065	-0.0003043	-0.0002455	-0.0005706	-0.0001844	-9.686E-5	-0.0001741	-5.794E-5	-0.0001634	0.0001051	-0.0002158	-0.0006694	-0.0003354	-0.0003003	-0.0003307	-6.616E-5	-0.0005348	-0.0006142	-0.0001768	-0.0003375	-0.0001642	-0.000403	-0.0003584	-0.0002185	-0.0004223	-0.001124
930.844	10742.94	-0.0006027	0.00042	-0.0008066	0.0002318	1.798E-5	0.0003311	-8.62E-5	9.515E-5	0.000393	-1.033E-5	0.0001016	8.757E-5	0.0001647	0.0003517	0.0004324	0.0001697	0.0006807	0.0001032	0.0006895	0.0006124	0.0003059	-8.35E-5	0.000608	0.0005657	0.0002762	3.107E-6	-0.0001732	0.0002403	-1.631E-5	7.449E-5	0.0001247	-0.0001349	0.0004978	-3.112E-5	-0.000437
931.420	10736.29	-1.208E-5	0.000413	-0.0002778	0.000515	1.935E-5	0.000245	7.808E-5	0.0001586	-6.056E-5	0.0001767	0.0001975	0.0003605	-4.693E-5	1.933E-5	0.0002305	0.0003713	0.0005235	0.0007101	0.0007811	0.0003522	0.0001582	0.0002638	0.0002283	0.0006872	0.0002992	-0.00024	-0.0002226	-6.021E-6	-6.666E-5	-0.0001041	-2.521E-5	-0.0001585	0.0001331	0.0001467	-0.0003417
931.997	10729.65	-0.000106	2.835E-5	-0.0002142	-1.291E-5	-4.41E-5	0.0001331	-0.0002353	0.0001849	-0.0003285	6.132E-5	-0.0001443	0.0002441	-2.965E-6	-0.0002752	-0.0001551	0.0002102	0.0001179	0.00044	0.000141	8.383E-5	6.32E-6	-9.289E-5	0.0001241	0.0004571	-0.0001854	-0.0002026	-0.0001726	-0.0002551	-0.0001471	-0.0002881	-0.0001084	-0.0003087	-1.997E-6	8.189E-5	-0.000389
932.574	10723.01	0.0005461	0.0009853	4.937E-6	0.0002596	0.0002714	0.0006319	0.0002732	0.0002816	0.0007025	0.0007265	0.0004077	0.0008142	0.0006712	0.000554	0.0006793	0.0001871	0.0006397	0.0006651	0.0002845	0.0004447	0.0003306	0.0006635	0.0005384	0.0007223	0.0002337	-4.729E-5	0.0005163	0.0004696	0.0002909	0.0004277	0.000518	0.0007589	3.484E-5	0.0001014	0.000528
933.150	10716.39	0.0007382	0.0008746	0.0005667	0.0009781	0.0004563	0.0008415	0.0009142	0.0008626	0.0005284	0.001059	0.0007895	0.001078	0.0004599	0.001298	0.0007891	0.0008215	0.001255	0.0005341	0.001136	0.0007217	0.0006646	0.0009287	0.0008387	0.0008856	0.001066	0.0002274	0.0003493	0.0008346	0.000767	0.0009365	0.0008459	0.0009384	0.001101	0.0004672	0.001003
933.727	10709.77	0.0005154	0.0002427	0.0004658	0.0005776	0.0003341	0.0005718	0.0006578	0.0005566	0.0008462	0.0005142	0.000609	0.0005059	0.0003848	0.001104	0.0004192	0.0006674	0.0001796	0.0005723	0.0006537	0.000623	0.0001035	0.0009572	0.0009252	0.0006633	0.0008188	0.0004685	0.0002376	0.0004816	0.0005281	0.0004698	0.0002736	0.0002874	0.0009129	0.0005354	0.0004408
934.304	10703.16	0.0005343	0.0003396	0.0003913	-8.119E-5	0.0005106	0.0003807	0.0006027	0.0002871	0.0004521	0.000231	0.0003495	0.0003576	0.0001861	0.0002886	0.0002575	0.0001458	0.000252	0.0002911	0.0001394	0.0004957	-4.712E-5	0.0003827	2.971E-5	0.0003446	0.0004338	0.0004243	0.0005293	0.0002591	0.0004624	0.0002548	0.0002501	0.0001371	0.0001875	0.0006617	0.0002059
934.880	10696.55	-0.000128	0.0002609	5.34E-5	8.602E-5	0.0004528	0.0001499	0.0003021	0.000867	0.0005196	0.0002713	0.0006013	-3.123E-5	0.0003996	0.000378	0.0007065	0.000474	-4.792E-5	0.0003742	0.0002879	0.0006058	0.0007528	0.0003899	0.0006218	0.0005276	0.0002946	-5.765E-5	0.0004589	-4.345E-5	0.0004522	4.651E-5	0.0004197	-6.534E-5	0.0003797	8.304E-5	6.679E-5
935.457	10689.96	-0.0004464	-0.0004829	-7.202E-5	-0.0001967	0.0002357	-0.0002342	-0.0001176	-0.0004591	-0.000281	-0.0002382	-0.0001156	-2.655E-5	3.533E-5	-6.516E-5	-5.26E-5	8.138E-5	3.756E-5	-0.000249	-4.441E-5	-5.291E-5	0.0002763	-0.0002726	0.0002126	-0.0003014	-5.447E-5	4.743E-5	-0.0002767	-0.000385	0.0002239	0.0001563	-0.0003219	-0.0003043	-0.0003354	-0.0002495	-0.0002303
936.034	10683.37	0.0001212	0.0004471	-0.0004699	-0.0003282	0.0001302	0.0001083	-0.0002279	-3.064E-5	-2.015E-5	-0.0004513	-0.0001901	7.705E-6	-0.0001182	5.383E-5	0.0002302	0.0003058	-0.000583	-0.0001302	3.279E-5	-0.0005662	-0.0003327	-0.0002834	8.487E-6	0.0001202	-8.591E-5	0.0001633	-1.16E-5	0.0003838	-0.0001504	-0.0002858	0.0001072	0.0002263	5.987E-5	-0.0001644	-8.479E-5
936.611	10676.80	-0.0004051	-0.0001807	-0.0001433	-0.0003568	0.0001523	-0.0001604	-0.0004539	-0.0002932	-0.0003181	-0.0001429	0.0002422	-0.0004708	-0.0001828	8.883E-6	-0.000203	-0.0001883	-0.0003294	-1.251E-5	-0.0004282	-6.83E-5	-0.000376	0.0001978	0.0001142	-0.0003726	-0.0001649	0.0002678	-0.0004166	-0.0001166	-0.0001318	0.0003911	2.554E-5	-0.000119	7.407E-5	-0.0002606	-8.191E-5
937.187	10670.23	-0.0003929	0.000236	-0.000197	-0.0001707	6.046E-5	-0.0003455	-0.0001314	0.000161	-0.0002388	-9.093E-5	-0.0001436	0.0001084	-0.0003474	0.0003139	-1.551E-5	0.0002609	2.278E-5	0.0001169	0.0001297	-0.0003057	0.0002052	5.34E-5	-0.0005408	3.832E-5	-0.0001979	-1.116E-6	3.044E-5	0.000449	8.698E-6	2.623E-5	-0.0003046	0.0002046	0.0002074	0.0005012	-0.0001741
937.764	10663.66	0.0005014	0.0001956	0.000798	-0.000127	0.0003548	0.0001851	0.0002803	0.000262	0.0002652	0.0004466	0.0003573	0.0001179	-4E-5	0.0004527	0.000407	0.0004951	0.0003872	0.0002599	-6.153E-5	0.0001316	0.0002845	3.201E-5	0.0006827	0.0004235	-2.37E-5	0.0003796	0.0003957	0.0005835	0.0004259	0.0003958	0.0001161	-0.0001775	0.0003815	0.0002755	-3.538E-5
938.341	10657.11	-0.0002027	-4.92E-5	8.625E-5	-7.236E-5	0.0002901	-0.0003028	-0.0001594	-0.0002428	0.0001547	0.0001133	0.0002158	-0.0002158	-6.813E-5	-9.411E-5	0.0001939	0.0001525	-0.0005106	-0.0001552	0.0002125	4.165E-5	0.000272	-0.0003336	0.0003431	0.0002692	0.0002452	-0.0001225	0.0001741	0.0002916	8.205E-6	1.653E-5	6.059E-5	4.755E-5	0.0003056	-3.607E-5	-0.0003098
938.917	10650.56	0.0001648	0.0001001	0.0003409	0.0003029	-0.000117	-0.0001702	0.0003644	-0.0001872	0.0002968	0.0002154	0.0005689	0.0001868	0.0002465	2.965E-5	-9.794E-5	0.0001524	-1.911E-5	0.0002316	-0.0002135	0.0003668	0.0003502	-0.0001166	3.863E-5	-0.0003326	0.0002086	0.000203	0.0001718	-0.0002187	0.0001587	0.0001024	0.0002781	0.000356	8.005E-5	0.000185	9.602E-6
939.494	10644.03	0.001007	0.0002099	0.0009448	7.006E-5	0.0004508	0.0002112	0.0003272	0.0004972	0.0006357	0.0007245	0.0002475	0.0002305	0.0006449	0.0006176	0.00032	0.0005365	0.0004196	7.121E-5	0.0001315	0.0003642	0.0003877	0.0001469	0.0004797	0.0002256	0.0002038	0.0003787	0.0005832	0.000687	0.0003298	0.0001588	0.0006438	0.000329	0.0005698	0.000631	0.0003041
940.071	10637.50	0.0007423	0.0003232	0.0006273	8.435E-5	0.000404	0.0002718	0.0001494	0.0003157	0.000341	9.584E-5	0.0002483	0.0001026	0.0003641	0.0004745	0.000428	0.0005914	0.000483	0.0002339	0.0003594	0.0006848	0.0003739	0.0004397	-0.0001964	0.0004042	-0.000118	0.0002018	0.0006138	0.0002818	0.0001174	4.726E-5	0.0005009	0.0004543	0.0003064	4.902E-5	0.0003593
940.648	10630.97	0.0007922	0.0003216	0.0004835	2.674E-5	0.0003931	0.0004277	0.0003054	0.0005808	0.0004988	0.0003685	0.0007339	0.0001072	0.0004099	0.0004017	0.0003394	0.0004246	0.0006585	0.0006167	0.0001373	0.0004148	0.0004281	0.0004032	0.0003018	0.0004753	0.0002919	0.0003897	0.0004798	0.0004828	0.0006069	-3.933E-5	0.0004683	0.0004238	9.715E-5	0.0001694	0.0005911
941.224	10624.46	0.000832	0.0003992	0.0002994	-1.203E-5	0.000222	-6.316E-5	0.0002951	0.0003659	0.0002752	0.0001737	0.0005561	2.012E-5	0.0004666	0.0002341	0.0001342	-7.394E-6	0.0001418	-2.807E-5	2.262E-5	0.0001057	0.0003852	0.000412	0.0001175	0.0006138	0.0005992	0.0005153	0.0003378	0.0001074	0.0003761	-5.131E-5	0.0001407	3.994E-5	0.0003169	0.0006585	0.0007248
941.801	10617.95	0.0008181	0.0001304	0.0005762	0.0003346	0.0003536	0.0002232	0.0003608	0.0003125	0.0002426	0.0003453	0.0006392	0.0002282	0.0003103	0.0001465	0.0002781	0.0002618	0.0002471	-1.075E-5	-0.0002329	0.0002964	0.0001057	0.0002644	0.0002501	0.0004613	0.0001505	0.0003087	0.0005901	0.0007114	0.0005083	0.0003933	2.184E-5	0.0002846	0.0006345	0.0005911	0.0004021
942.378	10611.46	0.001542	0.000531	0.001248	0.001016	0.0008121	0.0009161	0.001052	0.0005467	0.001036	0.0008228	0.00102	0.0007634	0.000611	0.0004988	0.0008648	0.0005926	0.000881	0.0005511	0.0001821	0.0009719	0.0007275	0.000579	0.0008641	0.0005332	0.0007192	0.0008168	0.0009846	0.001101	0.0008414	0.001216	0.0007921	0.000723	0.001026	0.0007476	0.00108
942.954	10604.97	0.001066	0.0002884	0.001383	0.0005388	0.0002685	0.0003396	0.0004064	2.383E-5	0.0006054	0.0004007	0.0006742	0.0003316	0.0004264	0.0002052	0.0005425	0.0003384	0.0004353	0.0005589	6.632E-5	0.0004675	0.000753	0.0004041	0.0003901	8.427E-5	0.0005925	0.0006103	0.0006147	0.0004	0.000231	0.0006886	0.0005726	0.0004889	0.0005631	0.0001715	0.0009123
943.531	10598.48	0.0009183	0.0003685	0.001211	0.0004301	0.0002501	0.0001595	0.0002526	0.0001781	0.0004189	0.0001712	0.0005898	0.0002772	0.0004921	0.0002335	0.0004502	0.0004052	0.0003218	0.0003983	0.0001544	0.0004206	0.0007638	0.0004113	0.0002411	0.0004705	0.0007206	0.0009012	0.000688	0.0005074	0.0002721	0.0005373	0.0009023	0.0004709	0.0006942	0.0004708	0.0005386
944.108	10592.01	0.0009193	0.0004342	0.001223	0.0007594	0.0007289	0.0006742	0.0006632	0.0005119	0.0003404	0.0005557	0.0009144	0.0006968	0.0005067	0.0007927	0.0003571	0.0006079	0.0005451	0.0004601	0.0004708	0.000657	0.001088	0.0004113	0.0003557	0.0006761	0.0008894	0.001018	0.0009581	0.000671	8.854E-5	0.0008652	0.0007976	0.0004161	0.0008053	0.0006158	0.0005721
944.685	10585.54	0.0008735	0.0003599	0.001087	0.0005826	0.0007233	0.0008373	0.0004107	0.0008271	0.0007922	0.0008004	0.0006142	0.0008304	0.0005217	0.0008216	0.0004064	0.0008459	0.0006188	0.0006265	0.000584	0.0008459	0.001202	0.0004144	0.0005594	0.000555	0.0009336	0.0008627	0.0008668	0.0006665	0.0001552	0.0007376	0.0005449	0.0006804	0.0006146	0.0006103	0.0004613
945.261	10579.09	0.000244	0.0001113	0.0004631	6.062E-5	0.0002278	0.0001736	-6.441E-5	0.0003128	0.0006462	0.0004949	9.589E-5	0.0003228	0.0003006	0.000167	-9.287E-5	0.0003649	0.0002252	0.0003206	-0.0002042	0.0004285	0.0004744	0.0001603	0.0003491	-1.682E-5	0.0003865	0.0002015	0.000286	0.0002713	0.0002185	0.0001047	0.000332	0.0002966	0.0003081	0.0003634	6.289E-5
945.838	10572.64	0.0005796	0.0003654	0.0005914	0.0002818	0.0001179	0.000151	0.0003289	0.0005146	0.0006792	0.0006859	0.0001443	0.0002109	0.0005691	7.821E-5	0.0005383	0.000474	0.0005289	0.0006156	0.0002096	0.0007467	0.0005064	7.897E-5	0.0005616	0.0006781	0.0002201	8.921E-5	0.0005904	0.0006398	0.0003818	0.0005139	0.0006142	0.0002856	0.0005071	0.0006271	0.0005927
946.415	10566.19	0.0007372	0.0002121	0.0003281	0.0002707	0.000653	0.0005318	0.0006912	0.0004851	0.0003756	0.0005342	0.0002087	0.0003416	0.0002079	0.0003989	0.0007644	0.0004186	0.0005567	0.0008555	0.0006529	0.0003899	0.0004003	0.0001325	0.0008058	0.0007492	0.0003139	0.0004239	0.000811	0.0004009	0.0002866	0.0004672	0.00064	0.0003409	0.0006118	0.0005921	0.0006079
946.991	10559.76	0.000541	0.0003371	0.000714	0.0007409	0.0006112	0.0008801	0.0009541	0.0009538	0.000531	0.0006673	0.0005683	0.0007828	0.0003802	0.0005738	0.0004335	0.0007065	0.0005187	0.0008226	0.0006767	0.0005029	0.0006026	0.0006708	0.0008077	0.0002841	0.0006197	0.0003467	0.0009038	0.0005338	0.001105	0.0006402	0.0002134	0.0007312	0.0007072	0.0006957	0.0003569
947.568	10553.33	0.001116	0.001064	0.001621	0.0009479	0.0005588	0.000768	0.0008257	0.001394	0.0009751	0.0009113	0.0007812	0.0007606	0.0006157	0.0006233	0.0006749	0.000879	0.001088	0.00102	0.0009803	0.000484	0.001021	0.001356	0.0008443	0.0008692	0.0009693	0.0004407	0.001211	0.0007727	0.001123	0.001265	0.0007124	0.0009371	0.001442	0.0008645	0.0008936
948.145	10546.91	0.001126	0.0008319	0.001144	0.000693	0.00102	0.0008893	0.000918	0.001095	0.001152	0.001158	0.001109	0.0008518	0.0008946	0.00085	0.0008321	0.0006897	0.001121	0.001141	0.0008135	0.0007735	0.0008939	0.001109	0.0009337	0.001325	0.001256	0.0007009	0.001044	0.0009379	0.0008683	0.001228	0.001324	0.001143	0.0008548	0.0008085	0.001101
948.721	10540.50	0.001428	0.001049	0.0009683	0.0008775	0.000889	0.00117	0.0008487	0.001032	0.001069	0.001169	0.001048	0.0006401	0.0005825	0.001167	0.001139	0.0005884	0.001211	0.001305	0.001109	0.001187	0.001255	0.001241	0.0009705	0.001038	0.001202	0.001096	0.001051	0.001013	0.001083	0.0008613	0.001244	0.00132	0.0008323	0.0009557	0.001178
949.298	10534.10	0.0008307	0.0007115	0.0008409	0.0005715	0.0004825	0.0008387	0.0007098	0.0005753	0.0008777	0.0006327	0.0004223	0.0006649	0.0007901	0.0002358	0.0009788	0.001099	0.000598	0.0004706	0.0004576	0.0007317	0.0009555	0.001016	0.0005861	0.000589	0.0002975	0.0006769	0.0007139	0.0005808	0.0004965	0.0008567	0.0008939	0.000821	0.001231	0.0007924	0.0008301
949.875	10527.70	0.001177	0.0002408	0.0005243	0.0003358	0.0007018	0.0003441	0.0005737	0.0009351	0.000406	0.0002699	0.0002528	-5.779E-5	0.0007332	0.0002943	0.0008186	0.0004322	0.0003504	0.0002949	-0.0003001	0.0005635	0.0006744	0.000414	0.0005865	0.0004584	0.0007036	0.0003506	0.0006214	0.0004027	0.0007907	-0.0001694	0.0002232	0.00104	0.0001112	0.0003424	0.001173
950.452	10521.31	-3.467E-5	0.0001776	0.0003912	8.586E-5	-0.0005752	-0.0002836	-0.0003179	-0.0004096	1.93E-5	1.43E-5	0.0001556	-0.0002059	-0.000225	-0.0001279	-0.0002785	9.877E-5	8.413E-5	0.0001335	-0.0003395	0.000218	9.532E-5	-0.0002344	-4.937E-5	-0.0001969	-6.899E-5	-9.979E-5	0.0001402	-0.0001936	-0.0002619	-0.0003148	2.828E-5	0.000291	-0.000208	-0.0001103	-0.0003669
951.028	10514.93	-0.0004751	0.000262	-0.0003593	-0.0002864	-0.0004828	-0.0005784	-0.0007522	-0.0001707	-0.0005718	-0.0003538	-0.0001983	-0.0001066	8.824E-5	-0.0005493	-2.133E-5	-0.0007657	1.125E-5	-0.0002886	-6.783E-5	-0.0006158	-0.0001069	-0.0002967	-0.0007507	-0.0002107	-0.0002724	-0.0001143	-0.0003875	-1.984E-5	-0.0001483	-0.0001397	9.762E-5	-0.0001918	-7.968E-5	-3.954E-5	-0.0004763
951.605	10508.56	-0.000172	-4.354E-5	-2.261E-5	-8.709E-5	0.0002606	0.0001855	0.0001638	-0.0001888	-0.0003144	4.879E-5	8.7E-5	5.675E-5	5.57E-5	0.0001659	-0.0001637	-6.281E-5	0.0002081	0.0003659	-0.0004934	-0.000249	-0.0001093	-0.0002174	0.0001235	0.0005153	-0.0003476	-0.0004608	0.0002988	-0.0004526	0.0004917	0.0001875	-0.0004671	-7.86E-5	4.373E-5	0.0002075	0.0006072
952.182	10502.20	0.0002764	-0.000266	-0.0001076	2.056E-5	-8.549E-5	-0.0003787	8.377E-5	3.089E-5	-3.733E-6	0.0002576	0.0002123	6.799E-5	-0.0005234	0.0001825	0.0004452	-2.506E-5	0.0001143	-0.0003382	0.0001809	-0.000169	0.0003208	-0.0004953	-7.552E-5	-0.000471	0.0001173	-0.0001436	-2.838E-5	7.001E-5	-0.0003408	-0.000291	1.343E-5	0.0001381	-0.0002284	-0.0001528	0.0002216
952.758	10495.84	-0.0008335	-0.0002127	-0.0006359	-4.01E-5	-0.000554	-5.073E-5	-5.621E-5	-0.0003534	-0.0001948	-0.0004473	-0.0002736	-0.0005065	-0.0006669	-0.0001411	6.448E-5	-0.0001357	-3.532E-5	0.0001746	-0.0001054	-0.00017	0.0001496	9.997E-5	-0.0005881	2.518E-6	-0.0006873	-0.0002177	2.72E-5	-0.0002811	0.0003909	9.554E-5	-0.0004855	-0.0001976	-0.0005636	-0.0002909	0.0004829
953.335	10489.49	2.304E-5	0.0001583	-0.0004079	-0.0008117	-2.669E-5	-0.0001128	-0.0001126	-0.0007369	-0.0002559	0.0003292	-0.0004742	-0.0002084	-0.0003363	-0.0003079	0.0003316	6.346E-5	-0.0004069	5.02E-5	-0.0004499	-7.556E-5	-0.0003668	-0.0004878	-8.022E-6	-2.862E-5	-0.0002117	-0.0005782	-9.01E-5	-6.274E-5	-0.0004405	-0.0002452	-0.000466	-0.0002396	-0.0004039	-3.429E-5	-0.0007633
953.912	10483.15	0.0002889	0.0002625	0.0003222	0.0004143	0.0006211	0.0002322	0.0005863	0.000504	-5.963E-5	0.0007209	0.000376	0.000515	0.0002571	0.0004957	0.001189	0.0007148	0.0009661	0.0006491	0.0006434	0.0007803	0.0003268	0.000828	0.0002335	0.0008731	0.00016	4.172E-5	0.0005825	0.0003324	0.0008654	0.0006425	0.0004796	0.0004017	0.0003358	0.0002675	0.0002195
954.489	10476.81	0.001125	0.0007459	0.0007416	0.001167	0.00091	0.0009743	0.0009532	0.0008286	0.0009953	0.0009458	0.0009828	0.001201	0.001058	0.000727	0.001205	0.0009655	0.0008398	0.0007348	0.0009245	0.0009971	0.001097	0.001196	0.001204	0.000966	0.0007825	0.001129	0.0009754	0.0008472	0.001155	0.0012	0.0006378	0.001136	0.001145	0.0008315	0.0006251
955.065	10470.49	0.0007139	0.0006646	0.0005641	0.000692	0.0005802	0.0003854	0.000737	0.0005588	0.000821	0.0005071	0.0006424	0.0004607	0.0009012	0.0005429	0.0007892	0.0005641	0.000668	0.0008995	0.001062	0.0008663	0.0007438	0.0007849	0.0006919	0.0009984	0.0006788	0.0005521	0.0003708	0.0004495	0.0007811	0.0006934	0.0006867	0.0007493	0.0006792	0.0007285	0.00022
955.642	10464.17	0.001161	0.0006819	0.0006228	0.0008484	0.0009781	0.001281	0.001082	0.001106	0.0007405	0.0006528	0.001069	0.0008995	0.0007681	0.0008866	0.0009983	0.00101	0.000687	0.0007853	0.001373	0.001066	0.001183	0.0008072	0.001035	0.001058	0.00108	0.0006191	0.0005117	0.0007873	0.001017	0.0008394	0.001052	0.0008728	0.00113	0.0008142	0.0006698
956.219	10457.86	0.000419	0.0004502	0.0001955	0.000306	0.0007421	0.0005898	0.000621	0.0004487	0.0005307	0.0003823	0.000172	0.0003869	0.0002339	0.0005107	0.0002912	0.0005063	0.0003048	0.0001108	0.0007403	0.0003666	0.0006435	0.0004147	0.000298	0.0006416	0.0001731	0.0003624	-6.437E-5	0.0003696	0.0004257	0.0002906	0.0004948	0.0002998	0.0001621	0.0001525	0.0001608
956.795	10451.55	8.982E-5	0.0002735	7.983E-5	0.0004693	0.0003561	0.0003592	0.0003316	0.0002659	0.0003294	5.164E-5	0.0003039	0.0001716	0.0002475	0.0005999	0.0002291	0.000913	0.0006297	-4.311E-5	0.0005872	6.385E-5	0.000639	0.0004347	0.0001888	0.0005532	8.887E-5	0.0003328	0.0002732	0.0002426	0.0004068	0.0001772	0.0002703	0.000337	-0.0001459	0.0003072	0.0002196
957.372	10445.26	0.0001404	0.0001661	-1.386E-5	0.0004739	0.0002067	0.0004089	0.0004356	0.0002672	0.0005062	7.874E-5	0.0003956	0.000276	0.0004704	0.0005724	0.0005078	0.0006484	0.0003855	0.0004738	0.0004162	0.0001702	0.0006059	0.0006291	0.0003628	0.0005766	0.0005819	0.0001004	-4.547E-5	0.0003438	0.0006517	0.0001744	0.0001876	0.0002284	-0.0001102	0.0003033	0.0002616
957.949	10438.97	0.000236	0.0007849	0.0004127	0.0004918	0.0002722	0.0005631	0.000578	0.0004527	0.0005231	0.0002813	0.0005283	0.0004295	0.0006138	0.0005807	0.0004584	0.0001226	0.0003539	0.0008034	0.0003215	0.0003479	0.0005418	0.0005313	0.0005923	0.0003844	0.0005327	0.0002576	5.717E-5	0.0004309	0.0006902	0.0005256	0.0001236	0.0002424	0.0005511	0.0002661	0.0005769
958.526	10432.69	0.0006392	0.0009565	0.0007486	0.0007396	0.0004387	0.0006686	0.0009769	0.0008276	0.0008631	0.0004124	0.0008106	0.0007019	0.0005565	0.0008502	0.0008501	0.000489	0.0006821	0.0008596	0.0008237	0.000883	0.001015	0.0009582	0.0007461	0.0009257	0.0007403	0.0005687	0.0004972	0.0006232	0.0008283	0.0006995	0.0007316	0.001048	0.0006102	0.0007001	0.0006784
959.102	10426.42	0.000586	0.0004119	0.0006407	0.0009224	0.0004036	0.0007308	0.0006635	0.001002	0.000832	0.0002985	0.000534	0.0009619	0.000861	0.000942	0.0005499	0.000773	0.0009348	0.0007876	0.00113	0.001007	0.00092	0.001014	0.0005012	0.0009202	0.0007666	0.0007065	0.0007191	0.0004107	0.0009014	0.0008682	0.0009043	0.0007519	0.0003765	0.0005533	0.0008546
959.679	10420.15	0.000329	0.0001168	8.076E-5	0.000561	0.0002414	0.0005056	0.0004014	0.0006965	0.0003053	-1.044E-5	0.0004277	0.0004637	0.0004644	0.0003021	0.0003495	0.0004569	0.0006729	0.0002653	0.0007789	0.0003755	0.0005615	0.0004274	0.0004078	0.0006842	0.0005099	0.0006807	0.0005166	-9.563E-5	0.0003182	0.0005201	0.0005402	0.0002977	0.0002777	0.0002671	0.0006933
960.256	10413.89	5.207E-5	2.196E-5	7.967E-5	-7.499E-6	2.002E-5	0.000321	0.0003127	0.000176	0.000117	7.045E-6	0.000389	7.729E-5	0.0003956	3.45E-5	0.0002946	-0.0001055	0.0002027	-4.25E-5	0.000437	0.000324	0.0005993	0.0003825	0.0001848	0.0006821	0.0003042	0.0005704	0.0002846	-1.175E-5	0.0002256	0.0001096	1.773E-7	0.0003536	0.0002406	0.0002938	0.000416
960.832	10407.64	-8.097E-5	-0.0005052	7.63E-5	-0.0001329	-0.0002172	-0.0001648	0.0001482	-7.453E-5	0.0003056	-0.0001193	-0.0001506	0.0003761	-4.898E-5	8.205E-5	-8.274E-5	-0.0002829	-0.0001373	-0.0002721	9.781E-5	0.0001868	0.000408	0.0002462	-0.0003278	0.00014	0.0003995	0.000393	-0.0001547	3.917E-5	9.495E-5	-0.0002674	-0.0001635	-0.0003231	0.0001552	0.000146	0.0002049
961.409	10401.40	0.0002193	1.386E-6	-1.826E-5	0.0002073	-0.0002296	-0.0003233	-0.0001828	-3.562E-5	-5.286E-5	-2.265E-5	-1.466E-5	0.0002036	-0.000191	2.928E-7	-0.0001142	-0.0001808	-0.0001481	-0.0001933	-3.276E-5	-8.525E-5	-0.0002435	-0.000174	3.575E-5	0.00014	0.0001812	1.313E-5	-0.0001723	-0.0003594	-5.737E-5	-0.0005542	9.513E-5	-0.0001892	0.0003682	0.0002232	1.212E-5
961.986	10395.16	0.0008016	0.0002442	0.0008898	0.0004269	0.0003351	0.000491	-2.014E-5	0.0005294	0.0001613	0.0001689	0.0004352	0.0001118	0.0007714	0.0002657	0.0001738	0.0001403	0.0004415	0.0003114	0.0001557	0.0004104	0.0003016	0.0004111	0.0004247	0.0004881	0.0003599	0.0004971	0.0003913	0.0001904	0.0002053	-6.585E-5	0.0003177	0.0006817	0.0003724	0.0004766	0.0004108
962.563	10388.94	0.0008734	0.000484	0.0007319	0.0004327	0.0005671	0.0006721	0.0006759	0.0004984	0.0007814	0.0002035	0.0004572	4.579E-5	0.0007534	0.0006347	0.0003049	0.0002342	0.0008634	0.0006684	0.0004367	0.0004612	0.0004832	0.0006098	0.0001832	0.0007111	0.0003583	0.0007111	0.0008191	0.0006298	0.0001239	0.0004972	0.0003238	0.0004892	0.0005096	0.0002301	0.0003159
963.139	10382.71	0.001173	0.0009365	0.0008184	0.0007003	0.0009413	0.0009754	0.001044	0.001001	0.000479	0.00133	0.001447	0.0009518	0.0009564	0.0005996	0.0008592	0.0008383	0.000872	0.001245	0.001068	0.00099	0.0009663	0.001021	0.001083	0.001149	0.0008297	0.001186	0.001172	0.0007515	0.000978	0.0004073	0.000854	0.0006758	0.001218	0.001064	0.0008068
963.716	10376.50	0.0007749	0.0009377	0.001152	0.0008771	0.0006082	0.0004248	0.0009979	0.001321	0.001126	0.001048	0.0009353	0.0009849	0.001018	0.0009153	0.0005553	0.0009742	0.0003681	0.001211	0.000725	0.001147	0.0007168	0.0009848	0.00119	0.001244	0.0009653	0.000783	0.001436	0.0009707	0.000681	0.0004963	0.001114	0.0008079	0.0007711	0.0007794	0.001233
964.293	10370.30	0.000585	0.00122	0.001578	0.0008275	0.0008858	0.001224	0.0006443	0.0009991	0.0008295	0.00118	0.0007419	0.0009886	0.001203	0.001171	0.001408	0.001153	0.001003	0.0007977	0.0006985	0.001176	0.001111	0.0009444	0.0008723	0.0009399	0.0011	0.0007769	0.001416	0.0007932	0.0009307	0.0009861	0.001319	0.001022	0.001207	0.000615	0.001145
964.869	10364.10	0.0009623	0.0006102	0.0007876	0.0004574	0.000102	0.0004935	0.000609	0.0003361	0.0009482	0.0007865	0.0005625	0.0006932	0.0007032	0.0002104	0.001031	0.0009168	0.0001427	0.0003173	-5.683E-5	0.0005595	0.0008141	0.001197	0.000557	0.0008735	0.0005291	0.0009572	0.000895	0.0004597	0.0004437	0.0004914	0.000434	0.0003779	0.0006919	0.0009994	0.001051
965.446	10357.91	0.0009962	0.0009461	0.0005988	0.000574	0.0009396	0.0006787	0.0006552	0.0004492	0.0004197	0.0004049	0.00102	0.0004628	0.0005968	0.001049	0.001409	0.001071	0.0006908	0.0008773	0.000344	0.000525	0.001143	0.0008815	0.0008788	0.0007119	0.0009293	0.0009007	0.001018	0.0006728	0.0008994	0.0004412	0.0007959	0.001126	0.0004192	0.0006737	0.0011
966.023	10351.72	0.0006238	-0.000208	0.000793	-0.0004184	0.0006144	0.0001134	0.0004659	0.000617	0.0004241	0.0004303	0.0003406	0.000289	-2.291E-5	0.0003918	0.000456	9.505E-5	-3.668E-5	-0.0003296	0.0004782	0.0002571	0.0004526	0.0003479	0.0003766	-0.0002693	0.0003274	0.001018	0.0004537	0.0003133	0.0002885	0.0004956	-0.0001855	0.0002484	0.0004582	0.0006744	0.0003488
966.599	10345.55	0.001346	0.001273	0.001762	0.00134	0.0007485	0.0009903	0.000741	0.001342	0.001533	0.0006434	0.0008244	0.0008159	0.001561	0.0008384	0.0007456	0.001135	0.001215	0.00123	0.001233	0.0005986	0.001287	0.001009	0.001562	0.0006858	0.0005982	0.001363	0.001372	0.001409	0.0005127	0.001272	0.0008511	0.001124	0.0013	0.001225	0.00113
967.176	10339.38	0.0006386	0.0003872	0.0003374	0.0006081	0.0005339	0.0006147	0.0003212	0.001045	0.0003705	0.001096	0.0004859	0.0001612	0.000731	0.0001178	0.0002454	0.0002676	0.0007665	0.0005919	0.0004146	0.0007797	0.0003725	0.0009019	0.0002232	0.0004895	0.001066	0.0003629	0.0005008	0.0002866	0.0007374	0.0006462	0.0007692	0.0009066	4.337E-5	0.0007426	0.0004081
967.753	10333.22	0.0005108	0.0002812	0.0004472	0.0001466	0.0004516	0.0006523	0.0001277	0.0007953	0.0007465	-1.444E-5	0.0004879	0.0001664	0.0005717	0.0004473	2.207E-6	9.258E-5	6.411E-5	2.02E-5	0.0006792	0.0004061	8.605E-5	0.0002773	0.0002283	0.0007102	-0.0001298	0.0007085	0.0005375	0.0001655	0.0003972	0.0002259	4.398E-5	0.0003848	0.000387	0.0001661	0.0001787
968.330	10327.06	0.0006827	0.0003971	0.001033	0.0007338	0.0008609	0.0007784	0.0008486	0.00083	0.0009935	0.0001924	0.0004275	-5.42E-5	-0.0002247	0.0006796	0.0004722	0.0005366	0.0002591	0.0007402	0.0008406	0.0006136	0.0001675	0.0004145	0.0006066	0.0002246	0.0003307	0.0003763	0.0006068	0.0006415	0.0002771	0.0004294	-0.0002062	0.0004371	0.0008007	0.0003099	0.0004496
968.906	10320.92	0.001226	0.0008574	0.001367	0.0009847	0.001276	0.001222	0.001489	0.001201	0.001535	0.0006525	0.001353	0.0006678	0.0008367	0.0008859	0.0007251	0.001185	0.001061	0.001004	0.001025	0.001042	0.001267	0.00156	0.001476	0.0008472	0.001359	0.001146	0.001278	0.001038	0.001079	0.001206	0.001475	0.001118	0.0007667	0.0003431	0.001229
969.483	10314.78	0.001255	0.001149	0.001004	0.001245	0.001456	0.0008495	0.001236	0.00102	0.001331	0.001147	0.001147	0.001133	0.0008871	0.0009886	0.0007512	0.0007562	0.0008603	0.0017	0.001245	0.001432	0.001458	0.001105	0.001317	0.001313	0.001309	0.001059	0.0009518	0.001252	0.001284	0.001326	0.0007359	0.001162	0.0009255	0.0005405	0.001185
970.060	10308.64	0.001218	0.0006616	0.0009591	0.0006226	0.001063	0.0005599	0.0008857	0.0008351	0.0006954	0.000846	0.0005976	0.0007872	0.0007098	0.0006042	0.0006283	0.00072	0.0003514	0.0008041	0.0004072	0.0009873	0.0008683	0.001052	0.0003153	0.0008628	0.0004942	0.0001732	0.0008193	0.000898	0.0007631	0.0002358	-0.0002288	0.0006055	0.0007793	0.0004167	0.0008888
970.636	10302.52	0.0009536	0.0003866	0.0004668	0.0003809	0.0005571	0.0006459	0.001203	0.000571	0.0005958	0.0004784	0.0008165	0.0004197	0.0005478	0.0004558	0.0002835	0.0004536	0.0005246	0.0004022	0.0008485	0.0005795	0.0006044	0.0006282	0.0002023	0.0009515	0.0002422	0.0007233	0.0007045	0.0004028	0.0003719	0.0004909	-0.0001819	0.0004784	0.0005911	0.0002389	0.0001918
971.213	10296.40	0.0003709	0.0001066	0.0004558	0.0002641	0.0001382	-1.06E-5	0.0005467	0.0005132	0.0005562	0.0001923	0.0005926	0.000241	0.000238	5.801E-5	-0.0002846	0.0004165	0.0004709	0.0001929	0.0005018	0.0005203	0.0004253	0.000301	0.0005236	0.0009291	0.0001277	0.0002667	0.0001648	-0.0001286	0.0002468	8.564E-5	0.0001874	0.0002009	0.0005724	0.0002359	0.0001985
971.790	10290.29	0.0004678	0.0005055	0.0006733	0.0001695	0.0007083	0.0002842	0.0002003	0.0006662	0.0009159	0.0005945	0.0009192	0.0002745	0.000445	0.0004242	0.0003995	0.0004221	0.0005609	0.0006032	0.0004615	0.0006738	0.0009035	0.0004862	0.0006588	0.0009017	0.0004308	0.0005179	0.0001501	0.0003677	0.0009187	0.0005936	0.0007917	0.0007142	0.0006747	0.000927	0.0008923
972.367	10284.19	0.0004967	0.0006843	0.0006799	0.0008182	0.0007198	0.0004245	0.0003629	0.0009968	0.001426	0.0008067	0.0009993	0.0006805	0.0006632	0.0009228	0.0007936	0.0005378	0.0008417	0.0009569	0.0007566	0.0007199	0.001082	0.0007486	0.0008549	0.0008539	0.0007783	0.000802	0.0005665	0.000269	0.000756	0.000504	0.0008791	0.001287	0.0007047	0.0006136	0.0004366
972.943	10278.09	0.0004646	0.0003272	0.0006464	0.0005642	0.0004637	0.0002558	0.0001365	0.0004098	0.0007859	0.00068	0.0005508	0.0007063	0.0004876	0.000829	0.0005612	0.0006	0.0004457	0.0009181	0.0006483	0.0008895	0.0009874	0.0003185	0.000677	0.0009349	0.0001481	0.0005503	0.0004312	6.726E-5	0.0003078	0.0002039	0.0003086	0.0008625	0.0006436	0.0006536	0.0004805
973.520	10272.00	0.00015	0.0002769	0.00048	0.0003083	0.0008754	0.0002614	0.0001208	0.0002821	0.0006273	0.0006223	0.0005481	0.0004159	0.0005048	0.0006415	0.0007738	0.0003832	0.0005701	0.0007938	0.000944	0.0006049	0.0009253	7.166E-5	0.0006299	0.00092	4.608E-5	0.0003219	0.0001193	7.941E-5	0.000399	0.0005179	0.000148	0.0005187	0.0006187	0.000614	0.0006186
974.097	10265.92	7.391E-5	0.000101	0.0009278	0.0004148	0.0007662	0.0003852	0.0005716	0.000449	0.0008403	0.0001741	0.0007026	0.0001885	0.0006706	0.0003003	0.0005357	0.0007269	0.0007492	0.0009837	0.001161	0.0003561	0.0007215	0.000247	0.0007003	0.0007186	0.0003509	0.000486	0.0006394	0.0002017	0.0003701	0.0007296	0.0006315	0.0007149	0.000626	0.0002967	0.0007179
974.673	10259.85	0.000628	0.0003376	0.0007755	0.0005671	0.0002655	0.0005974	0.000579	0.000398	0.000915	0.0002672	0.000722	0.0005891	0.0006516	0.0001098	0.0005805	0.0009701	0.0004993	0.0007622	0.0007451	0.0007332	0.0005558	0.0006197	0.0005248	0.0007587	0.0001715	0.0003834	0.0004997	0.000541	0.0003168	0.0003963	0.00092	0.0003628	0.0005128	0.000335	0.0005499
975.250	10253.78	0.0008389	0.0002962	0.0001286	0.00045	-3.415E-5	0.0004378	6.34E-5	0.0002936	0.0004385	0.0004582	0.0007088	0.0003816	0.0002198	5.757E-5	0.0008464	0.0005862	0.0006336	0.0001515	0.0003314	0.0004526	0.0003665	0.0004563	0.0006646	0.0005667	-8.445E-5	0.0002316	0.0002996	-5.661E-5	0.0005298	-0.0001492	0.0006708	2.443E-5	0.0004174	0.0002757	0.0002334
975.827	10247.72	0.0005116	-6.983E-5	0.0001246	-7.109E-5	-0.0002201	0.0002124	-0.0004618	1.557E-5	0.0001335	0.0001107	0.0002174	-0.0002381	0.0003135	4.099E-6	0.0004046	0.0002674	0.0001902	-0.0001064	-0.0004332	-6.555E-5	-8.253E-5	0.0001216	0.0002243	-5.576E-6	-0.0004193	0.0001296	0.0001055	-4.404E-5	0.0002634	-1.483E-5	-0.0001646	0.000233	0.0002759	-1.115E-5	0.0003401
976.404	10241.67	7.205E-5	0.0004552	0.0001283	-0.0002431	-0.0001241	0.000122	-0.0004351	-9.024E-5	-0.0004231	-0.0002241	1.258E-5	-0.0002942	-0.000172	-6.498E-5	0.0001241	-0.000249	-6.113E-5	-0.0002807	-0.0003644	-0.0002886	5.159E-5	0.0002633	-0.0002516	-7.426E-6	-5.097E-5	0.000192	6.297E-5	-8.8E-5	-8.435E-5	-0.0004055	-0.0003319	0.0003664	-6.137E-5	-0.0004979	-7.46E-6
976.980	10235.62	0.0008226	0.0008217	0.001104	0.0002559	0.0007949	0.0001097	0.0003031	-0.00021	0.0004909	0.000504	0.0006755	0.0001687	0.0005262	0.000573	0.0005318	0.0003448	0.000494	0.0003362	0.0001097	0.0001664	0.0001511	0.0007163	0.0007166	0.0007218	0.0005837	0.000583	0.0008833	0.0001437	0.0003424	0.0004951	0.0003815	0.0005045	0.0002973	0.0003276	0.0005387
977.557	10229.58	0.001282	0.0004676	0.0009241	0.0005315	0.0007194	0.000775	0.000508	0.0004105	0.0006625	0.0008716	0.000206	0.0003788	0.0007034	0.0005597	0.0003267	0.0008534	0.000825	0.0004441	0.0005355	0.0008762	0.0006101	0.0006271	0.001038	0.001076	0.000931	0.0009212	0.0008719	0.0008058	0.0004957	0.0008637	0.0004156	0.0006697	0.0008387	0.0009443	0.0008012
978.134	10223.55	0.001084	0.0003747	0.0009784	0.0007942	0.0002496	0.0008638	0.0002517	0.0006987	0.0006824	0.0002341	0.0001074	0.0008615	0.001089	0.0006561	0.0007716	0.0004557	0.0005629	0.0006341	0.0006646	0.0002469	0.0004779	0.0008681	0.0007608	0.0008502	0.0007315	0.0009987	0.0007598	0.0005799	0.0003492	0.0001027	0.0002486	0.0005825	0.0005765	0.0008208	0.0008044
978.710	10217.53	0.001132	0.0008122	0.001472	0.001006	0.0006527	0.0007963	0.001117	0.0008646	0.001033	0.00124	0.0005203	0.0005939	0.00101	0.0006901	0.0004592	0.001269	0.0006889	0.001098	0.0001775	0.0008866	0.00124	0.001078	0.001147	0.0007289	0.0009604	0.001216	0.001114	0.0008704	0.0005182	0.0005667	0.001176	0.002152	0.0007317	0.00163	0.00131
979.287	10211.51	0.0005213	0.0002816	0.0005748	0.0002449	-4.007E-5	-8.526E-5	0.0002286	0.000257	0.0003845	-2.54E-5	0.0005033	-0.0003178	-0.0004973	-0.0002618	-0.0005016	-0.0001578	0.0002206	2.058E-5	-0.0003843	-0.0006541	0.0001745	4.907E-5	-0.000467	-0.0002585	-0.0005341	-0.0004142	-9.904E-5	-0.0002403	-0.0006268	-0.000488	-0.0001411	0.0001116	-0.0001711	0.0001732	-0.0001247
979.864	10205.50	0.0006001	0.0005388	0.0008665	0.0005251	0.0006609	0.0006269	0.0007032	5.912E-5	0.000363	0.0002451	0.0006763	8.983E-5	0.0005521	0.0005192	0.0004227	0.0002845	0.0002249	-0.0003939	0.000719	0.0001515	0.0002384	0.0003297	0.0008194	0.000259	0.001298	0.0006705	0.0002863	0.000226	8.824E-5	0.0004923	-0.0003475	0.000598	0.0009189	0.0008626	0.0005005
980.440	10199.50	0.00124	0.000524	0.0009344	0.0009899	0.0007424	0.001126	0.0007448	0.0005318	0.00097	0.0008767	0.001108	0.0007508	0.001115	0.0008325	0.001322	0.001096	0.0001402	0.0008742	0.0004375	0.0007313	0.0006281	0.0004144	0.001017	0.001225	0.001272	0.001347	0.0015	0.0003799	0.0005783	0.0004969	0.001167	0.0006789	0.001418	0.001086	0.001367
981.017	10193.50	0.0005653	8.744E-5	0.0007035	0.0004987	0.0006726	0.0006923	0.0005116	0.0009258	0.0008355	0.0005052	0.001133	0.0006589	0.0008359	0.0008003	0.0007221	0.0006041	0.0008669	0.001265	0.0009902	0.0009317	0.001716	0.001266	0.001098	0.0006846	0.0003209	0.0003495	0.0007613	0.001097	0.000742	0.001006	0.0009151	0.0008522	0.001271	0.001199	0.001519
981.594	10187.51	-0.0001869	0.0001934	0.001127	0.00032	-0.0002764	0.0002002	-0.0001449	-7.048E-5	-4.881E-5	0.0008296	0.0001788	0.0003343	4.576E-5	0.0005005	0.0006314	0.0001225	-0.0005003	3.63E-5	-8.516E-5	0.0005954	-0.0002948	0.0004296	0.0006393	-0.0002333	0.0003045	0.0003434	0.0001969	1.176E-5	5.968E-5	0.000201	0.0002901	3.165E-5	-0.0003147	2.571E-5	0.0006625
982.171	10181.53	-6.955E-5	0.0005637	0.0007333	-0.0002765	-0.0002139	4.208E-5	-0.0002465	-0.0005943	-8.786E-6	0.0002474	-8.749E-5	3.259E-5	0.000261	0.0003593	1.383E-5	-0.0001729	0.0001889	-0.0002214	0.0005784	0.0007199	0.000465	-0.000399	0.0003183	-0.0002679	-0.0001944	2.042E-5	-0.0003274	-0.0002217	-0.0003461	-0.0001941	-9.339E-6	0.0005523	-9.32E-5	-0.000205	0.0003411
982.747	10175.56	0.001335	0.001048	0.0009886	2.719E-5	0.000616	0.0005585	0.0005095	0.0006934	0.001012	0.001033	0.001302	0.0006202	0.000453	0.0007956	0.0008406	0.0008929	0.001081	0.001024	0.000697	0.001132	0.0009515	0.001284	0.0009612	0.000981	0.0004966	0.0009968	0.0007451	0.001001	0.0006314	0.0007047	0.0009379	0.001455	0.0006754	4.531E-5	0.0009291
983.324	10169.59	0.0009592	0.0008693	0.0005264	7.968E-5	0.0005177	0.0007587	0.0001596	1.64E-5	-0.0001189	0.0005137	0.0008364	0.0002946	0.00117	0.0004263	0.0008648	0.0005341	0.0003478	0.0007112	0.0008877	0.0004717	0.0005753	0.0005419	0.0008555	0.0009626	0.0009317	0.0002999	0.0004511	0.000241	-0.0001956	0.0006035	0.0004718	0.0007179	0.0007773	0.0005182	0.001333
983.901	10163.63	0.001253	0.0009186	0.0009078	0.0002095	0.001273	0.0009342	0.001014	0.0007466	0.0008032	0.0005191	0.0009544	0.0006478	0.0008595	0.0004929	0.0008111	0.0003022	0.001097	0.001207	0.001083	0.0007008	0.001423	0.001213	0.001325	0.0003992	0.000482	0.0005142	0.001213	0.000748	0.000879	0.001025	0.0005018	0.0007574	0.000823	0.001272	0.0009766
984.477	10157.67	0.0006159	0.0001401	0.001059	1.893E-5	0.0002641	0.000343	0.0005639	2.203E-5	0.0006296	0.000255	0.0008167	0.0003388	0.0003898	0.0002183	0.0006701	-0.0002173	0.0002725	0.0006742	0.0001345	0.0001668	0.0003912	0.0006758	0.0008127	0.0005685	0.0005691	0.0002094	0.001014	0.0006002	5.005E-5	0.0007391	-0.000111	0.0001287	0.0001589	0.001019	0.000455
985.054	10151.73	0.000466	-3.807E-6	0.0008227	-5.447E-5	-2.873E-5	0.0003359	2.678E-5	4.525E-5	0.000512	0.0005524	0.0003804	-0.0002358	-7.051E-5	0.0005497	0.0003204	-1.418E-5	-0.0002622	0.0001525	0.0004132	-2.154E-5	0.0002965	0.0003022	0.0001411	0.0006008	0.0003752	0.0003111	0.0006036	0.0003735	0.0001459	0.0006049	-3.124E-5	4.658E-5	0.0003407	0.0005456	0.0004971
985.631	10145.79	-0.0001496	-0.000129	0.0002847	-0.0006753	-0.0004342	8.751E-5	-0.0002596	-0.0001904	-0.000158	-0.0003196	-9.76E-5	-0.0007154	-0.0003098	0.0001541	-4.196E-5	-0.0002134	-0.0005803	-0.0001396	0.0002627	-0.0006893	-0.0001833	-0.0003232	-0.0001622	-7.255E-5	-2.398E-5	0.0001249	8.144E-5	-0.0001066	-0.0002447	-0.0003287	-0.0002385	-0.0001741	-0.0001037	-0.0001836	-0.0001962
986.208	10139.85	-0.0006888	-0.0003305	0.0004571	-0.0004805	-0.0003922	0.0001431	0.0001737	-0.0001827	-0.0002362	-0.000198	-0.0001315	-0.0003817	-0.0003264	-0.0001159	0.0001185	-0.0001955	-0.0004195	-0.0005071	-0.0003525	-0.0006598	-0.000125	-0.0004076	0.0001577	-0.0001896	-0.0001126	0.0001064	9.466E-6	-0.0005327	-8.906E-5	-0.0003394	1.43E-5	-0.0006225	-0.0005371	6.648E-5	-0.0002547
986.784	10133.93	-3.665E-5	1.907E-5	0.0002742	-0.0001121	0.0001132	0.0001613	0.0002757	0.0001933	-0.0002233	-1.249E-5	-0.0003211	-0.0002777	0.000106	-4.927E-5	0.0001545	2.486E-5	0.0002007	-0.0003972	-0.0001344	-6.278E-5	0.0001206	0.0001345	0.000257	0.000119	0.0002068	0.0007846	0.0001364	-0.0005104	0.0001948	-9.963E-5	-6.383E-5	-0.0001615	-0.0002452	0.0003585	-0.0001989
987.361	10128.01	0.0005292	0.0001688	0.0001155	0.0003066	0.0002887	0.0002561	0.0002505	0.0001617	0.0005977	0.0001986	0.0003355	-0.0001506	0.0005772	0.0005743	0.0005559	0.0003947	0.0004828	-1.042E-5	0.0003447	0.0002367	0.0002886	0.0004255	0.0005927	0.0006201	0.0006979	0.0004957	0.0002801	0.000254	0.0003684	1.594E-5	-1.39E-5	0.0005418	0.0002926	0.0001559	0.0002306
987.938	10122.10	0.0005667	-0.000293	5.75E-5	0.0003107	0.0004176	0.0003026	0.00036	0.0001108	0.0004264	7.256E-5	0.000389	-0.0002063	0.0004922	0.0006524	0.0008212	0.0006814	8.549E-5	4.059E-5	0.0003823	0.0003592	-0.0002654	0.0002546	0.0003027	0.0006254	0.0002806	0.0003375	-1.192E-5	0.0003186	0.000103	-0.0003514	-4.224E-5	0.0004005	0.0003172	2.841E-5	0.0005479
988.514	10116.19	0.0009205	7.502E-5	0.001048	0.000441	0.0007852	0.0009351	0.0006949	0.0004242	0.000603	0.0005806	0.0005755	0.0006649	0.0006327	0.0009239	0.000995	0.001044	0.0008095	0.0002721	0.001	0.0004868	0.0004672	0.0008746	0.0009337	0.0009248	0.0006003	0.001147	0.0007227	0.0005487	0.000475	0.0002125	7.533E-5	0.0008415	0.0007959	0.000915	0.0008626
989.091	10110.29	0.0006965	0.0003506	0.0007399	0.0002519	0.000888	0.0008909	0.0002257	0.0004952	0.0001398	0.0005563	0.0003335	0.0008602	0.0008036	0.001047	0.0008071	0.0007455	0.0007557	0.0002293	0.001076	0.0006547	0.001405	0.0002427	0.001064	0.0001765	0.0006915	0.0008902	0.00068	0.0008536	0.0001807	0.000502	0.0002055	0.0006268	0.0007318	0.0006883	0.0003729
989.668	10104.40	0.0001488	-0.000462	-0.0002954	0.0001814	0.0003215	0.0004004	-0.0005605	-0.0004371	5.583E-5	-0.0001561	-0.0003781	-0.0004276	-1.596E-6	0.0006084	-0.0001032	-8.163E-5	0.0001935	7.344E-5	2.771E-5	0.0001375	0.0006465	-0.0005074	0.0004645	-0.0003266	-0.0001486	0.0001868	0.0001982	-0.000194	-0.0001648	-0.0004352	0.0001363	-0.0002415	0.000126	-0.0002233	-0.0007033
990.245	10098.52	0.0009139	-0.00034	0.0004282	0.0007809	-8.511E-6	0.0007201	0.0005628	-0.000202	0.0006831	0.0005445	0.0006611	0.0003664	0.0007305	0.00101	0.0003848	0.0001616	0.000395	0.0006055	0.0008472	0.000686	0.0004195	0.0002208	0.0002359	8.602E-5	0.0003896	0.0002154	0.0002443	0.0001559	0.0002665	0.0006547	0.0002172	0.0005668	0.0005576	0.0008994	0.0002666
990.821	10092.64	0.00123	0.0008358	0.001084	0.001323	0.001042	0.0009838	0.0008874	0.0007934	0.0008548	0.001244	0.00128	0.001007	0.001029	0.0009062	0.0007077	0.001522	0.001091	0.001302	0.001481	0.00146	0.001445	0.001079	0.001217	0.0007021	0.0006161	0.0006281	0.0006701	0.0007634	0.0006913	0.001001	0.001075	0.0009006	0.0008458	0.001545	0.0005695
991.398	10086.77	0.001228	0.00164	0.001494	0.001209	0.001412	0.001773	0.001306	0.001754	0.001926	0.001625	0.001889	0.00141	0.001819	0.00144	0.001345	0.001538	0.001301	0.001468	0.001072	0.001846	0.001416	0.001539	0.0008204	0.002133	0.001103	0.0008984	0.001349	0.001136	0.001998	0.00102	0.0007169	0.001754	0.0009543	0.0009494	0.001559
991.975	10080.90	0.0004494	0.001179	0.001114	0.001186	0.001074	0.000742	0.0008889	0.0007657	0.0007273	0.0009635	0.0006637	0.0006781	0.001242	0.0011	0.001012	0.0008786	0.0008637	0.001249	0.001365	0.001314	0.001096	0.001223	0.001806	0.001118	0.0005857	0.000792	0.0007465	0.001094	0.001044	0.0009346	0.001119	0.001006	0.000882	0.000469	0.001446
992.551	10075.05	0.00105	0.001437	0.0003037	0.001069	0.001528	0.00066	0.0007546	0.001314	0.0009449	0.0008904	0.001167	0.0007006	0.001582	0.0007048	0.0003175	0.00101	0.0008773	0.001826	0.0008742	0.001797	0.0006858	0.0008167	0.001208	0.001086	0.0004614	0.001182	0.0007651	0.0005189	0.0005212	0.0001364	0.001186	0.001318	0.0004235	0.0007665	0.000535
993.128	10069.19	0.000969	0.0002325	0.0002648	0.0004896	0.0007023	0.0004856	0.0003517	0.0001558	0.0004452	0.0005089	0.0003235	0.0007088	0.0003366	0.0009147	0.0007373	0.001047	0.0004895	0.001246	0.0005096	0.001091	0.0008424	0.0004598	0.0003489	0.0006933	4.669E-5	7.145E-5	3.044E-5	0.0004765	0.0008184	0.001134	0.0002872	0.0009552	9.612E-5	0.0004375	0.0002763
993.705	10063.35	0.0001571	0.0006451	0.0008353	0.0006368	0.0002778	0.001087	0.0008366	0.0008504	0.001135	0.001001	0.00045	0.0009706	0.0006743	0.00133	0.001395	0.001608	0.001046	0.001314	0.0008365	0.0005617	0.001105	0.0005841	0.0005891	0.0007212	0.0007076	0.0002161	0.0004489	0.001052	0.0007153	0.0005348	0.0009439	-9.373E-6	0.0002077	0.0003839	0.0007208
994.282	10057.51	0.0006725	0.0006301	0.0007751	0.0009902	0.001011	0.0008364	0.0006441	0.0004843	0.000324	0.001107	0.0007993	0.0007857	0.001439	0.0002659	0.001335	0.001559	0.001146	0.001905	0.001085	0.001613	0.0007018	0.001046	0.001477	0.0007479	0.0007232	0.0009361	0.0005854	0.0006382	0.001049	0.0006879	0.000787	0.001015	0.0007234	0.000373	0.000441
994.858	10051.68	0.0006264	0.0009056	0.000699	0.0001478	0.001198	0.0009407	0.001189	0.0005871	8.742E-5	0.0006062	0.0003103	0.0006118	0.0006637	0.0002738	0.0006864	0.001058	4.725E-5	0.001115	0.000428	0.001126	0.0001364	0.0005423	0.0004725	0.0003913	0.0002071	0.0003692	0.0006462	-8.316E-5	0.0003361	0.0003596	0.001	0.001007	0.0003597	0.0006739	0.0009209
995.435	10045.86	6.033E-5	0.0007106	0.0005475	0.000513	0.000765	0.0009006	0.000768	0.0004154	0.00118	0.0006118	0.0004332	0.0005832	0.0007057	0.0003525	0.0003318	0.0006027	0.0005265	0.001284	0.0001728	6.276E-5	0.0007043	0.0007592	0.001112	0.0001051	0.0004287	0.0006069	0.0003342	0.0004403	0.000524	0.000983	0.001058	0.0004252	0.0001156	0.0008681	0.0006414
996.012	10040.04	0.0003314	-3.128E-5	0.0005689	0.0009142	0.0001015	0.0003614	0.0006242	-5.266E-5	0.0003719	-0.0007563	0.000231	0.000188	0.0001356	0.0003571	0.0008334	-0.0002714	0.0006127	-0.00022	0.0005269	-0.0001396	0.0008744	0.000999	0.001005	0.001024	0.0001968	-8.33E-5	-0.0007328	0.0001802	0.0002847	0.0007685	0.0004155	0.0003178	0.0002263	0.0003071	0.0006271
996.588	10034.23	0.001203	0.0004458	0.0005638	0.00142	0.001199	0.001391	0.001192	0.0007796	0.0009587	0.0008403	0.0008578	0.0009203	0.001428	0.001551	0.001387	0.001322	0.001301	0.001032	0.001208	0.001775	0.00116	0.0008338	0.001511	0.001683	0.001039	0.0007692	0.001075	0.0008288	0.000884	0.000687	0.000903	0.0008105	0.0009416	0.0007996	0.0008088
997.165	10028.43	0.0003943	0.0005581	0.0006025	0.0006187	0.0006719	0.0003644	0.0008961	0.0005058	0.0004697	0.0005019	0.000929	0.0003612	0.0008929	0.001076	0.0002105	0.0005526	0.0004995	6.792E-5	0.0006495	0.001033	0.0009402	0.0005179	0.0004503	0.0006195	0.0006539	9.319E-5	0.0008212	0.0004456	0.0002905	-0.0001203	-0.0001145	0.0002784	4.094E-5	0.0004917	0.0004068
997.742	10022.63	-7.1E-5	0.0003695	-5.727E-5	0.0003294	0.0006768	0.0004524	0.0002994	0.001101	0.0004443	0.0003219	0.0007923	0.0002415	0.0005611	0.0003699	-0.0002753	0.0005604	-0.0002219	0.0006222	0.001084	0.0008327	0.0007486	0.0002569	0.0005143	4.144E-5	-0.0004101	0.000169	0.000208	0.0002273	0.0005106	-0.000511	0.0002144	0.0004931	-0.0002078	0.0001489	0.0003227
998.318	10016.84	-0.0007407	0.0001502	-0.0002533	-0.0002203	6.921E-5	0.0003347	-0.0001128	0.0003157	1.312E-5	-0.0002731	-5.366E-6	-0.0006445	-0.0001612	-0.0001572	-0.0006109	7.572E-5	-0.0002925	-6.329E-5	0.000484	2.332E-5	0.0003826	0.0001356	-2.484E-5	-0.0004142	-0.001028	-0.0002988	-0.0003175	-0.0003307	-0.0002179	-0.0003448	-0.0004578	0.0001846	-0.0002005	-0.000189	-0.0003477
998.895	10011.06	5.123E-5	0.0001879	0.0003109	9.65E-5	0.0001907	0.0008912	0.000663	1.032E-5	0.0008069	0.0005439	0.0001006	7.712E-5	0.0003242	0.0003061	0.0003255	0.0003159	0.0007025	0.0009562	0.0005809	0.00084	0.0004983	0.0005872	0.0001143	0.0004729	-5.677E-5	-1.636E-5	0.0004676	-7.258E-5	0.000149	0.0003718	0.0003866	0.0002904	0.0005437	-0.0003258	0.0001513
999.472	10005.28	0.0003841	0.0001796	-0.0001851	0.0003427	1.803E-5	0.0001837	0.0001937	0.0001327	0.0001088	0.0002665	9.137E-5	0.0001706	0.0005131	0.000192	0.0006627	-9.773E-5	0.0005684	0.0006576	0.0006767	0.000705	0.0004096	8.528E-5	-0.0002251	0.0007414	0.0003726	0.0001639	6.961E-5	0.0001093	-0.0004094	0.0003661	0.0005009	-0.0004247	0.0002361	-6.99E-6	5.237E-5
1000.049	9999.51	-7.909E-5	0.0002907	-0.0007406	-1.238E-5	-0.0001132	-0.0002565	-7.888E-5	0.0002462	-0.0002801	-0.0002001	0.0004447	0.0003087	0.0004656	0.0003541	-0.0002041	0.0001126	-0.0001363	0.000304	0.0004564	8.885E-5	0.0005449	-0.000417	0.0002913	0.0002629	-0.0001133	-0.0002109	-8.652E-5	-0.0004291	-0.0007614	-0.0002744	0.0001505	-0.0005746	-0.0005616	0.0003572	-9.958E-5
1000.625	9993.75	-0.0003198	0.0003431	-0.0003356	0.0006062	0.000305	0.0002161	0.0004232	-3.945E-5	0.0001518	0.0001591	0.0004254	0.0003229	0.0005192	0.0006473	-3.599E-5	0.0004313	-0.0001233	-9.535E-6	0.0005469	0.0002592	-9.413E-6	9.139E-5	0.0007385	0.0001894	-0.0002986	-0.0005667	0.0003047	6.092E-5	-0.000192	-6.617E-5	0.0005019	-0.0001122	0.0001731	0.0005294	0.0002531
1001.202	9987.99	0.0005157	0.0007723	0.0005678	0.001285	0.0008995	0.0009855	0.00106	0.0006291	0.0006522	0.0007391	0.0004668	0.0003205	0.0008035	0.001294	0.001084	0.0008257	0.0008628	0.0002876	0.00109	0.001167	0.0003983	0.00125	0.001114	0.0008566	-0.0001146	0.0006101	0.0008322	0.0006483	0.0006208	0.0003777	0.0009319	0.000794	0.001199	0.0006989	0.0005078
1001.779	9982.24	0.00137	0.001718	0.0005785	0.0009198	0.001146	0.0007841	0.0006689	0.0006682	0.0004555	0.0007718	0.001188	0.0005647	0.001236	0.001289	0.001298	0.0009504	0.001265	0.0009044	0.0008422	0.001371	0.00134	0.001054	0.001591	0.001142	0.0002848	0.001399	0.0005512	0.0009438	0.0007256	0.0009219	0.001321	0.0008727	0.001315	0.0009799	0.0005059
1002.355	9976.50	0.0006788	0.001016	0.0004552	0.0006898	0.0005073	0.0004765	0.0007836	0.0001495	0.000535	0.000694	0.0009223	0.0008044	0.0006865	0.001085	0.000801	0.001296	0.0004269	0.0005495	0.0005284	0.0009019	0.00115	0.0001483	0.001092	0.0006353	0.0001071	0.0009112	0.0001727	0.0005997	0.0003862	0.0006834	0.0005115	1.39E-5	0.0007125	0.0004053	-0.0001577
1002.932	9970.76	0.0006098	0.001456	0.0008976	0.001617	0.00118	0.001157	0.0007198	0.0007142	0.001313	0.001405	0.001723	0.001517	0.001014	0.001718	0.001526	0.001077	0.0009886	0.001328	0.0009393	0.001416	0.001606	0.001093	0.00128	0.001077	0.0003428	0.0008871	0.0007644	0.0006949	0.0008213	0.001215	0.0007661	0.0002244	0.001545	0.0004739	0.0003797
1003.509	9965.03	0.0004861	0.001408	0.0001582	0.001025	0.0004908	0.0008366	0.0002013	0.0002415	0.0007834	0.0004723	0.0008128	0.0002374	0.0008937	0.001206	0.0007476	0.0009127	0.0004608	0.0008103	0.0003289	0.0003218	0.0003079	0.0008553	0.000693	0.0008265	-0.0003516	-0.0001803	0.0001722	0.0008767	0.0004919	0.0002063	0.0006023	0.0002196	0.001569	-5.62E-5	0.0001015
1004.086	9959.31	0.0004599	-3.626E-5	0.0001335	0.0008637	-0.0002268	-0.0002917	0.0007694	-0.0002018	0.0001134	0.0005992	0.000362	0.000354	0.0005283	-4.071E-5	-0.0003891	0.0001093	0.0005421	0.000183	0.0003911	0.00031	7.747E-5	0.0002994	0.0003328	0.0005083	-0.0001877	-4.123E-5	-0.0004601	0.0007425	8.225E-5	-0.0003844	0.0001225	0.0007104	-1.485E-5	0.0008944	4.062E-5
1004.662	9953.59	0.001112	2.785E-5	0.0007704	0.001076	0.001077	0.0006752	0.0004361	0.0008945	0.0009086	0.0003271	0.0003203	0.0006398	0.001433	0.0008757	0.0005804	0.001436	0.0004861	0.0006259	0.0006284	0.0009577	0.0003848	0.001175	0.0008803	0.0004893	0.0005412	0.000735	-0.0003184	0.000679	0.0002214	0.0005761	0.0004771	0.0007613	0.0001125	0.001092	0.0006486
1005.239	9947.88	0.001173	0.001482	0.0004907	0.0009623	0.0007206	0.001378	0.0004728	0.001002	0.001054	0.0007626	0.0008829	0.0006646	0.001161	0.0004497	0.00106	0.001321	0.000544	0.001276	0.0008734	0.001051	0.001623	0.00231	0.0008185	0.001062	3.63E-7	0.00123	0.0007608	0.001028	0.0006762	0.0007598	0.0007778	0.00124	0.001142	0.001152	0.001211
1005.816	9942.18	0.001937	0.001293	0.001646	0.001876	0.001986	0.001369	0.001295	0.001894	0.001779	0.001954	0.002351	0.001439	0.001781	0.0008826	0.00157	0.001205	0.0004916	0.002026	0.0005245	0.001531	0.001497	0.00135	0.003063	0.002067	0.001287	0.001175	0.001861	0.0006166	0.001741	0.001138	0.000893	0.002148	0.001599	0.001372	0.001778
1006.392	9936.48	0.0001675	0.000342	0.0003492	0.0006495	-5.68E-5	-0.000109	0.0009335	0.0003373	-0.0006636	-0.0005466	0.0009863	-0.0003649	0.0006635	0.0005268	0.0006319	0.0006247	-0.0002886	-0.000113	0.0002294	0.0004099	0.0001665	0.001356	0.0004425	0.0006589	0.0002351	0.0003444	0.0001561	0.0001198	0.00085	6.571E-5	0.0002791	-0.0001028	0.0004844	0.0007896	0.0006951
1006.969	9930.79	0.000411	0.0004787	0.0009203	0.0002267	0.000737	4.015E-5	0.0004955	0.0009488	-0.0007025	0.0005213	-7.566E-5	0.001178	-7.594E-5	0.0003236	0.001427	0.001042	0.0009827	-0.0005215	0.0005463	0.0004135	0.001301	0.001185	0.001194	0.0006596	0.000122	0.0003268	1.634E-5	-0.0005067	0.0001887	0.0003383	0.0007016	0.0004537	0.0008804	0.0008106	0.001012
1007.546	9925.11	0.0007582	0.0005469	0.0003676	0.0008736	0.0005045	0.001002	0.0007806	-0.0003041	-3.959E-6	0.0008747	0.0009631	0.0007852	0.001033	0.001077	0.001302	0.0005427	-8.438E-5	0.000489	0.0005608	0.000769	0.001286	0.0008741	0.001076	0.0005246	0.001181	0.0004173	0.0001794	-0.0001425	-0.0001257	0.0001873	0.001065	0.0002624	0.0007601	0.001027	0.001032
1008.123	9919.43	0.00168	0.001901	0.001259	0.00164	0.001406	0.001559	0.001093	0.0006547	0.001186	0.0007472	0.001231	0.001659	0.001409	0.001617	0.0009637	0.001238	0.0008728	0.0007086	0.001358	0.001641	0.001357	0.001276	0.001664	0.001813	0.0006716	0.001144	0.001441	0.001009	0.001648	0.001051	0.001825	0.0009004	0.0009007	0.001415	0.001328
1008.699	9913.76	0.001478	0.001848	0.001023	0.001066	0.001377	0.00107	0.0008432	0.0007754	0.0008535	0.0007267	0.001449	0.001422	0.001142	0.00138	0.0007014	0.001523	0.0005837	0.001123	0.001069	0.0007387	0.0009941	0.001284	0.0009622	0.0006465	0.0006295	0.00135	0.001219	0.0009402	0.0006774	0.0007343	0.001373	0.0004978	0.0007614	0.0015	0.0008971
1009.276	9908.09	0.001523	0.001391	0.001361	0.0009559	0.001098	0.001164	0.0007368	0.0006233	0.0005916	0.0006526	0.001021	0.00128	0.001114	0.001011	0.001007	0.001173	0.0005915	0.001096	0.001013	0.0007036	0.001157	0.001301	0.0006158	0.001029	0.0008869	0.00108	0.001121	0.0006348	0.00113	0.001672	0.0005182	0.000922	0.001056	0.00146	0.00119
1009.853	9902.43	0.0006835	0.0003981	0.0009053	0.0004055	0.0004146	0.0003923	0.0002018	3.621E-5	0.000173	0.0004799	0.0005827	0.0008692	-0.00026	0.0006211	0.0004863	0.0005865	-0.0004367	0.0006001	0.0005096	0.0005013	0.0009022	0.001049	0.0003276	8.097E-5	0.0005669	0.001187	0.001109	0.0005205	0.0002116	0.0003331	-0.0001812	0.000687	0.0002547	0.0003361	0.0003256
1010.429	9896.78	0.001275	0.0003518	0.0009963	0.0007788	0.0006447	0.0009111	0.0007469	0.001273	0.0004147	0.001381	0.0002226	0.001023	8.633E-5	0.0009691	0.000573	0.0004564	0.0007663	0.001023	0.0006005	0.00119	0.0008793	0.0004837	0.0003803	0.001203	0.000984	0.001235	0.001065	0.000898	0.000613	0.0005532	0.0008062	0.0005672	0.0003095	0.001056	0.0009382
1011.006	9891.14	0.0006326	0.0005754	0.0009193	0.001198	0.0003775	0.0002539	0.0005718	0.00087	-9.652E-5	0.001102	0.0004779	0.000408	-0.000177	0.000909	0.0005812	0.0003292	0.0006747	0.0008803	0.0009604	0.001191	0.0007003	0.0005364	0.0004488	0.001443	0.0009538	0.0007862	0.001124	0.000123	0.0003932	0.0001535	0.0004973	0.0003595	5.982E-5	0.0007052	0.0009794
1011.583	9885.50	0.0007968	0.000511	0.001206	0.001793	0.001341	0.00111	0.0006596	0.0008988	0.0004056	0.000821	0.0007059	0.001197	0.0005245	0.0005311	0.0002784	0.001133	0.0009334	0.001134	0.0008338	0.001088	0.0005063	0.0008868	0.0009206	0.001127	0.0008962	0.000926	0.001446	0.0005696	0.0009012	0.0007439	0.0006235	0.000913	0.0006328	0.000818	0.0005214
1012.160	9879.87	0.00148	0.001323	0.001612	0.001713	0.001746	0.001239	0.0009695	0.001669	0.0008273	0.001331	0.00125	0.001895	0.001465	0.001532	0.001057	0.001704	0.001177	0.0009256	0.001075	0.001573	0.001347	0.001472	0.001744	0.001563	0.001695	0.001346	0.001585	0.001428	0.00163	0.001007	0.001337	0.001061	0.001303	0.001418	0.001006
1012.736	9874.24	0.001323	0.0007879	0.001107	0.0006377	0.0003787	0.0006161	0.0007547	0.001286	0.000296	0.0003739	0.0001027	0.001045	0.001321	0.001363	0.001206	0.001684	0.0004662	0.0004244	0.0008718	0.001576	0.001041	0.0007063	0.001054	0.001291	0.0008858	0.00114	0.0007691	0.0007744	0.0006908	0.0007081	0.0007918	0.001073	0.0006139	0.0006016	0.0005607
1013.313	9868.62	0.000755	0.000374	0.0005771	0.0002047	0.001405	0.0003308	0.0004569	0.0007218	0.0005031	-0.0001229	0.0003857	9.108E-5	0.0008423	0.0004786	0.001008	0.00161	0.0006277	0.0005087	0.001162	0.001044	0.0005151	0.0007679	0.0009742	0.001278	0.0002975	0.0005779	0.0003698	0.0003716	0.0003934	0.0006239	0.0004359	0.000962	0.0004118	0.000227	0.0004322
1013.890	9863.01	0.001244	0.0007431	0.0005362	0.0004694	0.001578	0.001149	0.0009937	0.0006362	0.001222	0.0005582	0.001437	7.209E-5	0.0005306	0.0007509	0.001219	0.001725	0.001404	0.0006466	0.001641	0.0008095	0.0006374	0.00117	0.0009187	0.001357	0.0005755	0.0008556	0.0007605	0.0007597	0.0002723	0.0009291	0.001133	0.0008435	0.0008018	0.0006569	0.001115
1014.466	9857.40	0.0009215	0.0007895	0.0008853	0.0004432	0.0009922	0.001134	0.001256	0.001292	0.0009275	0.0007258	0.001011	0.0008278	0.001161	0.0009975	0.001347	0.0009848	0.000692	0.0004969	0.000538	0.0008892	0.0008122	0.001204	0.0006397	0.001419	0.001163	0.000771	0.0009567	0.0004975	0.001001	0.0005115	0.001053	0.0008908	0.0006697	0.001328	0.0009835
1015.043	9851.80	0.001055	0.0006527	0.001513	0.0009693	0.0009688	0.001177	0.001572	0.001244	0.001243	0.001453	0.001295	0.001357	0.001977	0.001419	0.001443	0.001385	0.001139	0.001001	0.0004703	0.001167	0.001557	0.001697	0.001874	0.001148	0.0009008	0.001147	0.001996	0.000989	0.001007	0.001232	0.0008246	0.001289	0.001374	0.00147	0.001406
1015.620	9846.20	0.001612	0.001268	0.001798	0.001735	0.00182	0.002104	0.001208	0.001408	0.001656	0.002034	0.0006686	0.0006963	0.001098	0.001722	0.001648	0.001359	0.001506	0.001403	0.001217	0.001343	0.001788	0.001461	0.0009869	0.001355	0.001283	0.0015	0.001797	0.001436	0.0004949	0.001303	0.001429	0.001532	0.0007666	0.001084	0.001411
1016.196	9840.62	0.0007228	0.00124	0.0006619	0.0006481	0.0009768	0.001184	0.0008512	0.000837	0.0006695	0.0007439	0.0005	0.0003359	0.0007057	0.0009873	0.001056	0.0007306	0.001247	0.0003963	0.001065	0.0007438	0.001208	0.0007984	0.001275	0.0006485	9.809E-5	0.001271	0.000685	0.0005513	0.0008764	0.0005459	0.0001129	0.0006339	0.0005413	0.0004339	0.0004596
1016.773	9835.04	0.001215	0.000682	0.0006255	0.0008444	0.0008516	0.0008811	0.0008109	0.0002731	0.0009305	-5.25E-5	0.0005238	0.0007924	0.001225	0.0003278	0.00112	0.0008625	0.0009779	0.000991	0.001803	0.0008215	0.001347	0.000767	0.001074	0.0006106	0.001174	0.0004828	0.001173	0.0005045	0.001225	0.0001935	0.001287	0.0005346	0.001619	0.001084	0.001058
1017.350	9829.46	0.000476	-0.0006131	0.000211	0.0009605	-0.0001006	0.0003263	0.0002391	0.0008986	0.0002018	-0.000336	0.0001409	-0.0001653	0.0002934	0.0004674	0.0009491	0.0003415	-6.89E-5	0.0004054	0.0002615	0.0002393	0.000258	-1.353E-5	-4.994E-5	-0.000107	-1.993E-5	-0.0002942	9.501E-5	0.0004772	0.0003705	8.333E-5	0.0003431	0.000216	-0.0002042	3.652E-5	0.001006
1017.927	9823.89	0.0003479	0.0001101	0.00141	0.0006608	0.0007166	0.001185	0.0007412	0.001508	0.0005261	0.0007289	0.001186	0.001392	0.0007358	0.0009151	0.0009774	0.0002237	0.00125	0.001249	0.001017	8.137E-5	0.001129	0.0005238	0.000837	0.001772	0.0007146	0.001071	-0.0001152	0.0008261	0.0008738	0.0009507	0.001251	0.0005991	0.0004128	-3.812E-6	0.0005007
1018.503	9818.33	-0.0003608	-0.0001791	-8.092E-5	6.207E-5	-0.0004401	0.000821	-0.0005233	-0.0002328	-0.0004083	-0.0002189	6.981E-5	-0.0006754	-0.0005428	-7.846E-5	-0.0006166	0.0005894	-0.0001131	0.0005697	-0.0008405	2.845E-5	-0.0003107	-0.0003155	-0.0001805	-0.0003399	-0.0004968	-0.0005279	-0.001386	-0.0004324	-0.0001394	-0.0007292	-0.00118	-7.998E-5	-0.0003628	-0.0003571	-0.0003334
1019.080	9812.77	0.001082	0.0002855	0.0006803	0.001193	0.001074	-0.0001819	0.001192	0.0008806	0.0002379	0.0005166	0.0003214	0.000308	-3.846E-5	0.0008864	-7.567E-5	0.0001682	0.0003587	0.001383	0.0008074	0.001018	0.0007123	0.0009321	0.001001	0.0002547	-9.879E-5	-0.0002392	0.0004248	0.0007877	0.0005755	0.0001263	0.0005098	-0.0002586	0.0005729	0.0009175	-0.0002305
1019.657	9807.22	0.0003162	0.0009811	0.0008357	0.001056	0.001161	0.001251	0.0009863	0.0006801	0.001355	0.0008535	0.001061	0.0005564	0.0003628	0.000631	0.001324	0.001089	0.001256	0.0007985	0.0007	0.0005446	0.0005124	0.001138	0.001088	0.0007727	0.0001119	0.0007441	0.0002058	9.158E-5	0.0006361	0.0007527	0.0003864	0.0006311	0.0005358	0.0002109	0.0006135
1020.233	9801.68	-0.0001625	0.001012	0.0001109	0.0006383	0.0005729	0.0002796	0.001184	0.0007386	2.471E-5	0.0001475	-0.0003786	0.0005898	0.0005416	0.000699	2.587E-5	0.0006009	0.000667	0.0004249	0.0002729	0.0009271	0.0005502	0.0003365	0.001461	0.0005047	-0.0003754	0.00021	-0.0005499	-0.0001371	0.0002298	-0.0003641	0.000226	0.0005131	0.0006595	-0.0005738	0.0007547
1020.810	9796.14	0.0008062	0.001374	0.0006556	0.0009135	0.0009208	0.0006951	0.0001881	0.0001438	0.001172	0.0004943	0.0008679	0.000916	0.001286	0.0006948	0.0002838	0.0008527	0.0006851	0.001693	0.00072	0.001047	0.0007215	0.0007355	0.0007087	0.001198	0.0003034	0.0006153	0.0004281	0.0002661	7.145E-5	0.0008644	0.0006257	0.00165	0.0003275	-0.0002574	0.0003284
1021.387	9790.61	0.0001901	0.0003419	-0.000346	0.0003065	-1.517E-5	0.0002536	0.0002716	7.37E-5	0.001033	0.0002823	0.0007159	0.0005963	0.000675	0.0007071	0.0007436	0.001169	0.0003607	0.0009782	0.0002446	8.343E-5	0.0004858	0.0004704	0.0006098	0.0005752	0.0005907	0.0003536	0.000517	-0.0001196	0.0007143	-6.04E-5	8.019E-5	0.0005731	0.000168	3.125E-5	-0.0001243
1021.964	9785.08	0.0003097	0.001095	0.0005852	0.0009004	0.0003724	0.001424	0.0005731	0.0009061	0.001727	0.001412	0.001647	0.00134	0.0009341	0.001331	0.001678	0.001657	0.001876	0.001001	0.001307	0.001137	0.001101	0.001439	0.0007129	0.001699	0.001015	0.0004869	0.000818	0.001347	0.001265	0.0005057	1.285E-5	0.001576	0.0008691	0.001007	0.001096
1022.540	9779.57	0.0003131	0.0005403	-4.782E-5	0.0006405	6.09E-5	0.00079	0.0001371	4.815E-5	0.001	0.0004457	0.0005865	0.0002177	0.0006297	0.000463	0.0005581	0.0006083	0.001166	0.0006434	0.0002825	0.000743	0.0002545	0.00104	0.0001564	0.001238	0.0004196	-0.0003826	4.511E-6	0.0002323	0.0008687	-0.0001968	-0.000702	0.001118	0.0005472	7.3E-5	9.139E-5
1023.117	9774.05	0.0008569	0.0003109	0.0003328	0.0009192	0.0008896	0.0006595	-0.0001428	0.0005811	0.001544	0.000985	0.000288	0.0001742	0.0001484	0.0008874	0.000323	0.0004641	0.001257	0.0007355	0.0005109	0.0004199	7.483E-5	0.0009856	0.0007797	0.0008076	0.000472	3.336E-5	0.0005567	0.0003634	0.0005163	0.000227	0.0001889	0.0007566	0.0003842	0.0002638	0.0002884
1023.694	9768.55	0.000761	0.000885	0.0007616	0.001263	0.001325	0.0007394	0.0001963	0.001368	0.001425	0.001008	0.0001828	0.0001437	0.001035	0.001114	0.001239	0.001195	0.0008812	0.0009814	0.0008104	0.0005104	0.001043	0.001474	0.001222	0.001104	0.001362	0.001126	0.000896	0.000511	0.001206	0.0003729	0.001185	0.0009181	0.0007825	0.0004609	0.001004
1024.270	9763.05	0.0004852	0.001348	0.0003525	0.0004574	0.0008174	0.0009626	0.0001736	0.001138	0.0009075	0.0009479	0.0007523	0.0004347	0.0009709	0.001026	0.0008422	0.001288	0.0004345	0.0009381	0.001167	0.001207	0.0007788	0.0008365	0.0008327	0.0009665	0.00107	0.001068	0.0003728	0.0004741	0.00119	0.0003913	0.001334	0.0008434	0.001001	0.0004191	0.00105
1024.847	9757.55	0.0007135	0.0009329	0.001146	0.001099	0.0007717	0.00145	0.0005174	0.0007638	0.0008161	0.0008698	0.0009568	0.0008542	0.0006242	0.001564	0.001193	0.0009617	0.001033	0.001147	0.001179	0.00111	0.0007564	0.0009779	0.0007004	0.001287	0.0003871	0.0008311	0.0009159	0.0005532	0.001151	0.001144	0.001589	0.0009502	0.0004115	0.0006107	0.001295
1025.424	9752.07	0.0002466	0.0008895	0.0007568	0.001018	0.000603	0.001168	0.0005671	0.0007831	0.0007641	0.00048	0.0006377	0.0007652	0.0008895	0.000931	0.0004893	0.0004597	0.0007163	0.0006358	0.0008561	0.0009019	0.0008007	0.0008919	0.0005381	0.0009725	-6.568E-5	-0.000223	0.0001116	0.0003898	0.001008	0.001037	0.0009323	0.0002665	0.0004734	0.0005682	0.0004528
1026.001	9746.58	0.0005547	0.001686	0.001035	0.00156	0.001171	0.001404	0.001684	0.001294	0.001046	0.001175	0.001272	0.001636	0.001326	0.001136	0.0009175	0.001295	0.001318	0.001171	0.001295	0.001247	0.001295	0.002058	0.001799	0.0009667	0.000297	0.0006239	9.743E-5	0.0005118	0.001118	0.001025	0.0009813	0.000714	0.0009873	0.0007067	0.0005278
1026.577	9741.11	0.0007864	0.0006122	0.0007907	0.001177	0.001474	0.001332	0.001026	0.0008541	0.0001926	0.0008469	0.0007305	0.001476	0.001185	0.001165	0.0003671	0.001484	0.0009404	0.0008959	0.0007055	0.0008923	0.001203	0.001388	0.0009437	0.001323	0.0008118	0.0002979	0.0003278	0.000318	0.0007833	0.0008556	0.0009391	0.00069	0.001011	0.001242	0.0004424
1027.154	9735.64	0.0009892	0.00109	0.001269	0.001686	0.001795	0.001924	0.0005635	0.001651	0.0007102	0.0008132	0.00162	0.0007476	0.001438	0.001486	0.001349	0.0009611	0.001513	0.001031	0.001383	0.0006588	0.0006816	0.001277	0.000953	0.001293	0.001217	9.587E-5	0.0007665	0.001284	0.0007962	0.0008804	0.001402	0.001262	0.0007293	0.001228	0.001304
1027.731	9730.18	0.0009298	0.001095	0.00115	0.001422	0.0007612	0.001772	0.001272	0.0006029	0.001425	0.000844	0.001478	0.001458	0.001575	0.0008891	0.001259	0.00146	0.001364	0.001115	0.001468	0.001154	0.001148	0.0008386	0.001048	0.001273	0.0005449	0.0005322	7.136E-5	0.000715	0.000688	0.0007868	0.001168	0.0008875	0.0007535	0.001689	0.0007448
1028.307	9724.72	0.0002892	0.0007023	0.000264	0.0009124	0.0005437	0.0005858	0.000782	0.000432	0.0005781	0.0002333	0.0009096	0.0006445	0.0004221	0.000996	0.001434	0.0007662	0.0009857	0.001016	0.001588	0.0005222	0.0006864	0.001065	0.001663	0.0008441	0.001061	0.0007356	0.000649	0.0008094	0.001493	0.0005762	0.0001454	0.0009179	0.0007641	0.0006867	-0.0001215
1028.884	9719.27	0.0009971	0.001278	0.001853	0.001674	0.001641	0.00139	0.001971	0.001712	0.001685	0.00136	0.00158	0.001721	0.001121	0.001185	0.001793	0.002089	0.002665	0.001278	0.00264	0.001999	0.002086	0.001396	0.001976	0.001616	0.001795	0.002098	0.0006154	0.001772	0.001526	0.001316	0.001216	0.0009226	0.001433	0.0009887	0.0008223
1029.461	9713.82	0.001314	0.001428	0.0009056	0.00134	0.001014	0.001357	0.001315	0.0001613	0.0008078	0.001705	0.001596	0.001209	0.001634	0.0008538	0.001021	0.001196	0.001308	0.001175	0.002342	0.001309	0.001841	0.001326	0.001213	0.001467	0.0006695	0.0003162	0.001448	-0.0004667	0.001606	0.001445	0.001306	0.0005626	0.001403	0.0009568	0.0004506
1030.037	9708.38	-8.47E-5	0.0006346	0.001281	-0.0001346	0.0005721	0.0003199	0.001189	0.001129	0.001351	0.001222	0.001197	0.001354	0.001032	0.0009791	0.0007291	0.0008312	0.001063	0.001456	0.0008337	0.0002918	0.0008413	0.0003724	0.001217	0.001257	5.491E-6	0.0007921	0.0003218	0.0008837	0.0005058	0.0004039	-0.0007286	0.0009094	0.0008588	0.0004976	-4.195E-5
1030.614	9702.95	-0.000265	0.0001805	0.000743	0.001202	0.0005154	0.0006969	7.575E-5	0.0005261	0.000283	0.0005013	0.0001726	0.0006558	0.001074	0.0008917	0.001292	0.0006618	0.0007893	0.0006312	0.001273	0.0006115	0.0006986	0.000388	0.001037	0.0002098	0.0009401	0.0006933	0.0008936	0.0001872	-0.0009193	0.0004357	0.0002853	7.341E-5	0.0005469	0.0009643	-0.0007031
1031.191	9697.53	3.035E-6	0.001079	0.0001922	-0.0001739	0.0005509	-2.821E-5	0.0003896	4.952E-5	0.0007636	0.0002146	0.0001718	0.0001979	0.0009272	-0.0004494	0.001119	0.0005141	0.0008143	0.0005362	0.0009081	0.0006508	0.001068	0.001049	0.0007449	0.0004781	3.638E-5	-0.0001937	-0.0002501	-0.0005871	-0.0004524	-0.0001092	9.144E-5	0.0005032	0.0001869	-0.0001833	8.901E-5
1031.768	9692.10	0.0002886	0.0009054	0.0002701	0.0006899	0.001029	0.0006371	-1.009E-5	0.000637	0.0002617	0.0003415	0.0003622	0.001145	0.0007302	0.0006081	0.001311	0.001124	0.000642	0.001125	0.001816	0.001722	0.0004336	0.0006025	0.0004617	0.0002325	-1.102E-5	0.0006338	0.0002986	0.0003578	0.000835	-0.0002275	0.0009357	0.0009798	0.0004682	8.37E-5	0.000543
1032.344	9686.69	0.0005342	0.001205	0.0008272	0.0003918	0.0001847	0.000765	0.0003348	0.001474	-9.721E-5	0.0003064	0.0006547	0.0007462	0.0008469	0.0008244	0.0008401	0.0009946	0.0009476	0.0007613	0.001412	0.001127	0.000676	0.0005817	-0.0001573	0.0002448	0.001156	0.0004932	0.0003291	0.0006437	0.0002707	0.0002669	0.0003086	0.0006511	0.0003267	-6.815E-5	0.0004541
1032.921	9681.28	0.0001786	-0.0003982	-0.0003085	-1.809E-5	-0.0002023	0.0001427	-0.000734	8.064E-5	-0.000529	-0.000504	-0.0005896	0.000138	-4.93E-5	-8.989E-5	0.000343	0.0002846	0.0005481	0.0003434	-7.796E-5	-0.0003502	-0.0003313	9.139E-5	0.0001692	-0.0002667	-0.000844	-0.0007317	0.0002105	-0.0001668	-0.0005953	0.0001994	-0.0001316	-0.0002982	1.86E-6	-0.0002807	0.0003148
1033.498	9675.88	-0.0001789	-0.0003645	-0.00055	-0.000111	0.0005222	-0.0001148	0.0001651	2.293E-5	5.516E-5	-0.0002652	-0.000353	-2.4E-5	-0.000143	0.0003834	5.942E-5	-9.767E-5	-0.0002491	0.0005111	-0.0004985	0.0002324	-0.0003621	-0.0001163	0.0002025	-1.394E-5	-0.0003844	0.0003145	0.0001914	0.0004426	-0.0007832	-9.955E-5	0.0001131	-0.0003082	-0.001027	0.0002701	0.0003132
1034.074	9670.48	0.0003458	0.0005693	0.000147	0.0001203	0.0006475	0.0001453	0.001171	0.000885	-1.322E-5	0.0004404	0.0002282	0.0002639	0.0008157	0.001016	7.378E-5	0.0006552	0.0005121	0.001038	-0.0001321	0.0003995	0.001036	0.0007302	0.0008259	0.0001824	0.0001212	0.0003131	0.0006377	-0.0005794	0.0007428	-2.311E-5	0.0004062	0.0005119	-0.0001327	0.0005134	0.0005444
1034.651	9665.09	0.0008366	0.00115	0.001101	0.001181	0.001197	-4.28E-5	0.001342	0.001124	0.0002162	0.000702	0.00104	0.000418	0.0009989	0.001372	0.0004177	0.0004597	0.0008803	0.001023	0.0008371	0.0006963	0.001393	0.001134	0.000903	0.001238	0.0002871	0.000425	0.0008001	-0.0009846	0.001435	0.0003233	0.0005279	0.0006919	0.0008053	0.0008133	0.000811
1035.228	9659.71	0.001621	0.001358	0.001631	0.001586	0.001382	0.0005146	0.0007345	0.0007668	0.001511	0.001486	0.001397	0.000655	0.001375	0.001407	0.0006564	0.0005324	0.0008573	0.0008211	0.001384	0.0009606	0.001125	0.001072	0.0007949	0.001401	0.001199	0.0005099	0.000976	0.0003184	0.001382	0.0009746	0.0005576	0.0007766	0.0005732	0.001448	0.0008146
1035.805	9654.33	0.001188	0.0007115	0.000878	0.0005161	0.0006866	-0.0001643	0.0006525	0.0001536	0.0007904	0.0003792	0.0005913	0.0001253	0.001262	0.0004176	0.0004826	0.0006762	0.00017	0.0002573	0.0007017	-8.211E-5	0.0007551	0.000722	0.0003706	0.0002877	0.001086	-0.0002482	0.0006228	0.0001212	-0.0003881	0.0005925	0.0004423	-5.48E-6	-1.233E-5	0.0004748	-9.572E-5
1036.381	9648.96	0.000637	0.000526	-0.0001676	0.001233	-5.795E-5	6.914E-5	0.0005513	9.86E-5	2.272E-5	0.0001048	-0.0002083	-9.43E-5	0.0009395	0.0006601	0.000878	0.0006922	0.0002153	0.0004254	0.0003209	-0.0004522	0.0002846	0.0001526	4.261E-5	-0.0003381	0.0003179	-0.0003596	0.0004386	0.0001124	-0.0004971	5.372E-6	7.118E-5	-0.0002256	1.618E-5	0.0004707	-2.119E-5
1036.958	9643.59	0.001787	0.001306	0.001554	0.002151	0.0006513	0.001355	0.001264	0.001493	0.001228	0.001384	0.0008651	0.0008261	0.001439	0.001871	0.001746	0.001777	0.001766	0.001496	0.001768	0.0006683	0.001245	0.001537	0.001491	0.001295	0.001439	0.0008829	0.00144	0.00133	0.001168	0.0006763	0.001333	0.001011	0.001263	0.001393	0.001171
1037.535	9638.23	0.001038	0.0004049	0.001146	0.00129	0.001364	0.0005723	0.0008888	0.0009417	0.001725	0.0006686	0.001429	0.0006626	0.0009378	0.001152	0.0006303	0.0008889	0.001426	0.0008473	0.001374	0.000239	0.000967	0.001003	0.0009451	0.0008259	0.001071	0.0007889	0.0007277	0.001016	0.0004654	0.0004571	0.0004202	0.0002363	0.0006893	-0.000293	0.0002438
1038.111	9632.88	0.0007578	-0.0004044	0.0003737	0.001095	0.0002798	0.0003372	0.0006404	0.0005287	0.0007556	-0.0008726	0.0007524	0.0003331	0.001581	-1.94E-6	0.0006719	0.000211	0.0006228	0.0008696	0.0004943	3.605E-5	0.0005837	0.001026	-0.0004508	0.001033	0.0003496	-0.0002961	-0.0001978	-0.0001411	0.000868	0.000446	-0.0001898	0.0001789	0.0003115	-0.0003341	1.775E-5
1038.688	9627.53	0.0006995	0.0003824	0.0001937	0.0004619	0.0003213	0.0006774	0.000273	0.00154	0.0001834	0.000806	0.0003901	0.001101	0.0006101	0.001199	0.0009697	0.0004242	0.0005926	0.0003817	-2.81E-5	0.0001869	0.001259	0.0007789	0.0001571	0.002055	0.0009869	0.0007158	0.000559	-0.0003411	3.264E-5	0.0005782	0.0004712	0.0002337	0.0001395	0.0006037	0.001397
1039.265	9622.19	0.001275	0.0004291	0.0005165	0.0004385	0.0003883	0.0009523	0.0005733	0.002025	0.0002765	0.001031	0.0007372	0.0006601	0.0009481	3.152E-5	0.001227	0.000374	0.001138	0.001059	0.00133	0.001685	0.00113	0.0002378	0.0002413	0.0008177	0.0008208	-0.0001738	-0.0001003	0.001293	0.0003095	-7.215E-6	0.00103	0.000837	-9.089E-5	0.001175	0.0006191
1039.842	9616.85	0.0008739	0.0006033	0.0002372	0.0004789	-0.0005074	0.000576	0.001598	0.001651	0.001201	0.0003092	0.001337	0.001726	0.0006077	0.001068	0.001073	0.001407	0.000733	-0.0003	0.001775	0.001364	0.0008163	0.0003229	0.001299	0.0002565	-0.000689	0.001442	0.0009146	0.0002078	0.0006904	0.001175	0.002248	0.0008751	0.0001445	0.0007864	0.001816
1040.418	9611.52	0.001153	0.001296	0.001573	0.0007272	0.0005944	0.0007758	0.0007009	0.001585	0.0008788	0.001482	0.000806	0.001873	0.001872	0.001789	0.00149	0.00187	0.001797	0.001026	0.001429	0.001161	0.001158	0.0003152	0.001354	0.0007293	0.0009677	0.000443	0.0006377	3.95E-5	0.001682	0.001566	0.00132	0.00132	0.001286	0.0008484	0.0009503
1040.995	9606.19	0.0008787	0.0007128	0.002259	0.000793	0.0002209	0.001158	0.0002471	0.0006601	0.0003849	0.0003447	0.0007349	0.0002352	0.001021	9.492E-6	0.001292	0.0008175	0.001095	0.0001076	0.001531	-0.0004465	0.0008208	0.001491	0.001508	0.0008966	0.00109	0.00157	0.0001205	0.001802	0.0005692	0.001212	0.001543	0.0004225	0.001059	0.001114	0.000345
1041.572	9600.88	0.001572	0.00144	0.00172	0.001036	0.0009404	0.0009513	0.001905	0.001898	0.001764	0.002466	0.001709	0.001187	0.002423	0.001767	0.0007161	0.002385	0.00133	0.001267	0.001792	0.001938	0.001538	0.001603	0.00238	0.00144	0.001245	0.000653	0.0009978	0.001226	0.0003013	0.001322	0.0007171	0.001311	0.001737	0.0013	0.00126
1042.148	9595.56	-6.408E-5	0.001198	0.0008208	0.001124	0.00128	0.001012	0.0005496	0.0008517	0.0002909	0.000456	0.0008555	0.000215	0.001338	0.001186	0.0007266	0.0003154	0.001026	0.00105	6.95E-5	0.0012	0.0008208	0.001123	0.0008743	0.001071	0.0004181	-0.0006538	0.0003988	0.001057	0.0005045	0.0007049	0.0002609	0.0003262	-0.0004193	0.000114	0.0001328
1042.725	9590.26	0.0006374	0.0005761	2.847E-5	0.0004164	2.464E-5	0.000397	-0.0002813	-0.0004345	0.0002879	0.0005574	0.0006168	-0.0003839	0.0002923	-0.0001843	0.0009824	0.0003007	0.001226	0.0005975	0.001115	-0.0001939	0.0001863	0.001274	0.0001072	0.0006346	0.0003768	0.0002758	-0.001087	0.0007663	0.0007147	0.0004851	-2.433E-5	0.000355	0.0003405	-0.000534	-0.0004757
1043.302	9584.95	0.0004439	0.001616	0.000688	0.001239	0.0003329	0.001039	0.0007663	0.001011	0.000854	0.001015	0.0007788	0.0008259	5.021E-5	0.00133	0.0005637	0.0007967	0.001001	0.001948	0.001249	0.001344	0.0008492	0.0006394	0.001159	0.001972	0.0008294	0.001079	0.0002046	7.891E-5	0.001224	0.0008796	0.0008925	0.001156	-0.0003407	-0.0003173	1.218E-5
1043.879	9579.66	0.001476	0.001217	0.0009645	0.001183	0.001339	0.001374	0.00134	0.001293	0.001169	0.001467	0.001562	0.001368	0.0004632	0.00161	0.001078	0.001003	0.0005555	0.001707	0.001261	0.00109	0.0008294	0.001008	0.001692	0.0007282	0.000654	0.001499	0.0008135	-4.716E-5	0.001985	0.000444	0.001316	0.0009025	0.0002286	0.001245	0.0009122
1044.455	9574.37	0.0008323	-4.875E-5	0.0008268	0.0006383	0.001109	0.0005166	0.0009597	0.001097	0.00042	0.001124	0.0006752	0.000592	0.0009071	0.0005224	0.001685	0.0004179	0.0005982	0.0002207	0.000541	0.0004228	0.0005059	0.001228	0.0009396	-0.0005961	0.0003023	-0.0004325	0.0002163	0.0006765	-0.0001239	0.0001751	-9.538E-5	-0.0002835	0.0001294	0.0006825	0.0004893
1045.032	9569.09	0.001727	0.0006434	0.002186	0.001038	0.001949	0.001057	0.00145	0.002118	0.001436	0.001926	0.001733	0.000662	0.001976	0.001332	0.002725	0.00145	0.002137	0.001473	0.001327	0.001905	0.0009973	0.001814	0.002022	0.0004218	0.001002	0.0003544	0.0007973	0.001204	0.0009507	0.00116	0.001249	0.001444	0.001181	0.001538	0.001422
1045.609	9563.81	0.001654	0.00162	0.001859	0.001102	0.002367	0.001641	0.001815	0.001162	0.001554	0.001656	0.0006212	0.001662	0.001639	0.001092	0.001944	0.001569	0.002313	0.001125	0.0004917	0.001936	0.0009061	0.001351	0.002296	0.001186	0.001324	0.0007681	0.001341	0.0008072	0.00131	0.001432	0.001246	0.001729	0.001711	0.001182	0.001385
1046.185	9558.54	0.001773	0.001162	0.001361	0.001244	0.001831	0.001909	0.0014	0.001004	0.001158	0.001686	0.000414	0.001144	0.001303	0.001337	0.001821	0.001241	0.001452	0.0008294	0.000986	0.001907	0.001421	0.001327	0.001286	0.001738	0.001342	0.001179	0.001178	0.0006013	0.001306	0.001146	0.001141	0.001077	0.0008913	0.001228	0.001138
1046.762	9553.27	0.001618	0.0009772	0.002635	0.00128	0.001169	0.002288	0.001859	0.002671	0.0006278	0.002041	0.001313	0.001641	0.002159	0.001829	0.002055	0.001585	0.001041	0.001949	0.001756	0.001833	0.001564	0.001393	0.001354	0.001692	0.00185	0.001726	0.0006719	0.001733	0.000832	0.000923	0.001832	0.001384	0.001367	0.001713	0.001158
1047.339	9548.01	0.002623	0.001634	0.003156	0.002127	0.002293	0.002538	0.002397	0.00324	0.001518	0.002473	0.001612	0.002498	0.002816	0.002528	0.002357	0.002233	0.00172	0.002008	0.002338	0.00203	0.001997	0.001671	0.00218	0.001828	0.002532	0.001953	0.001615	0.003036	0.0007212	0.001143	0.002725	0.001804	0.002833	0.00183	0.0018
1047.915	9542.75	0.002699	0.001877	0.001577	0.001985	0.002223	0.002356	0.00306	0.002334	0.001755	0.002665	0.002376	0.002445	0.002382	0.002526	0.002456	0.00277	0.00231	0.002475	0.002689	0.002847	0.002143	0.002814	0.002353	0.002681	0.002306	0.002627	0.002334	0.003005	0.002036	0.001775	0.002955	0.001673	0.00215	0.002407	0.002039
1048.492	9537.51	0.001484	0.002755	0.001257	0.001445	0.001583	0.001536	0.002185	0.002507	0.001191	0.002482	0.002537	0.001336	0.002502	0.001886	0.001511	0.003167	0.002457	0.002941	0.00266	0.002133	0.002165	0.002106	0.002362	0.002263	0.001245	0.001467	0.001736	0.001732	0.001479	0.001937	0.00176	0.001114	0.001364	0.001884	0.001999
1049.069	9532.26	0.0003764	0.002514	0.001428	0.001372	0.001249	0.001655	0.001152	0.0007732	0.0004283	0.001774	0.00137	7.402E-5	0.001144	0.001123	0.001116	0.002067	0.001186	0.001033	0.0008533	0.000371	0.001525	0.001926	0.001333	0.001087	9.648E-5	0.0004937	0.0008225	0.001821	0.0003342	0.0005994	0.0006018	0.0004368	0.0009627	1.212E-5	0.001085
1049.646	9527.03	0.002497	0.002271	0.002107	0.002929	0.003037	0.002573	0.003384	0.0016	0.002544	0.002057	0.002873	0.00252	0.002239	0.001505	0.002559	0.001585	0.003047	0.002132	0.001483	0.001889	0.002886	0.002165	0.002438	0.002742	0.002451	0.001577	0.002136	0.001675	0.001684	0.002167	0.002788	0.00242	0.002496	0.002132	0.00268
1050.222	9521.79	0.003089	0.003191	0.001814	0.002496	0.002686	0.003241	0.003861	0.002455	0.002161	0.001774	0.002933	0.001873	0.002687	0.001994	0.002902	0.002028	0.00203	0.002009	0.002984	0.00249	0.002038	0.002812	0.002486	0.001877	0.001828	0.002046	0.002182	0.001115	0.002025	0.002284	0.001636	0.00199	0.00273	0.001641	0.003203
1050.799	9516.57	0.002804	0.002055	0.003311	0.002534	0.001352	0.001973	0.001914	0.002843	0.002001	0.001545	0.00206	0.001922	0.002283	0.002102	0.001111	0.002424	0.001495	0.002449	0.002884	0.002595	0.001597	0.003331	0.002262	0.002009	0.0005837	0.002643	0.001394	0.0007019	0.001722	0.001501	0.0007553	0.0006695	0.00209	0.001256	0.002698
1051.376	9511.35	0.001975	0.001813	0.002729	0.003538	0.002335	0.001733	0.002535	0.002509	0.001965	0.001419	0.002508	0.002891	0.002205	0.003361	0.002465	0.002591	0.00397	0.002127	0.001841	0.001742	0.001483	0.001863	0.002904	0.002946	0.001214	0.0002337	0.001635	0.003266	0.003062	0.003124	0.002851	0.001734	0.00285	0.001602	0.00249
1051.952	9506.13	0.0003983	0.001154	0.002186	0.002775	0.002054	0.001477	0.001871	0.002193	0.001198	0.002163	0.002847	0.00239	0.001864	0.001692	0.002968	0.003287	0.001424	0.00148	0.002353	0.001914	0.002062	0.00271	0.002197	0.001546	0.0007575	0.002699	0.001189	0.001493	0.002297	0.0009846	0.001431	0.001619	0.0007027	0.001068	0.0002214
1052.529	9500.92	0.002636	0.002842	0.001641	0.003615	0.003742	0.004862	0.002882	0.004265	0.003225	0.002804	0.002812	0.002786	0.004176	0.00279	0.00356	0.004382	0.002693	0.004352	0.004251	0.002393	0.003633	0.003812	0.003854	0.004509	0.003334	0.002057	0.003887	0.003856	0.002508	0.003677	0.00302	0.003962	0.002299	0.002976	0.003079
1053.106	9495.72	0.001478	0.002651	0.001468	0.002037	0.001322	0.002573	0.0008024	0.002556	0.001787	0.0014	0.0005633	0.003069	0.002653	0.001457	0.00334	0.004281	0.002363	0.001364	0.003058	0.002488	0.00188	0.001798	0.002223	0.002637	0.001698	0.0006263	0.001214	0.001971	0.002002	0.001667	0.001806	0.0006215	0.001235	0.001526	0.0005925
1053.683	9490.52	0.001304	0.001773	0.001876	0.003237	0.001369	0.002697	0.001301	0.003269	0.002228	0.001818	0.002053	0.000479	0.002544	0.002621	0.002428	0.003441	0.002348	0.002564	0.002011	0.002464	0.002557	0.001908	0.002399	0.002268	0.002066	0.001896	0.001632	0.0009419	0.001445	0.002071	0.002736	0.0008484	0.001328	0.001363	0.001171
1054.259	9485.33	0.001515	0.001896	0.0005664	0.002736	0.001753	0.001288	0.002288	0.001979	0.001356	0.001993	0.002122	0.002833	0.002848	0.001858	0.00152	0.002132	0.00174	0.001161	0.002572	0.001367	0.002455	0.002427	0.003086	0.001924	0.0005454	0.000359	0.001241	0.002217	0.0007812	0.001486	0.001472	0.001122	0.001312	0.001389	0.0004326
1054.836	9480.15	0.001738	0.002342	0.0009847	0.00129	0.002548	0.001725	0.002343	0.001822	0.0031	0.002048	0.002813	0.00327	0.001969	0.00232	0.002292	0.003902	0.001406	0.001557	0.002451	0.002129	0.002329	0.002358	0.003156	0.002766	0.001246	0.001781	0.0008238	0.002182	0.002187	0.001911	0.001378	0.00218	0.001461	0.0003565	0.001264
1055.413	9474.97	0.0005386	0.0007627	0.0005953	-0.0002601	0.002315	0.001391	0.001848	0.001107	0.001395	0.001372	0.0009964	0.001157	0.0008694	0.0008807	0.0007346	0.002361	0.001129	0.001538	0.0007871	0.001798	0.001541	0.001319	0.00214	0.0007003	0.0006052	0.001406	0.000469	0.0009743	0.0005504	0.0009568	0.001296	0.0009053	0.001104	0.0001866	0.0005393
1055.989	9469.79	-0.0002052	0.001124	-0.0004687	-1.075E-5	0.001236	0.002204	0.0006899	0.0003716	0.0005773	0.0006558	0.0008426	0.0004898	0.001361	0.001035	0.0008214	0.001736	0.001554	0.001195	0.000755	0.001379	0.0008544	0.0005782	0.001224	0.001504	-0.0003484	0.0004276	0.0002335	0.000444	0.0002746	-0.0003442	0.0005942	0.001311	0.0005851	0.00116	0.0003002
1056.566	9464.62	-0.0007616	0.00061	-0.0002305	0.0009583	0.0009427	0.002704	0.001394	0.0005092	0.0007914	0.0007818	0.001143	0.0003761	0.002218	0.001804	0.0007896	0.001928	0.0005844	0.001326	0.0008732	0.00108	0.001197	0.001508	0.001402	0.002236	-0.0004673	0.000287	-0.0001326	0.001041	0.0004373	0.0005811	-0.0001336	0.001088	0.0004128	0.0006544	8.659E-5
1057.143	9459.46	-0.001096	0.0006474	-0.0003724	2.512E-5	0.001039	0.001146	0.0006226	0.0002958	0.0004582	-0.0006958	7.106E-5	6.552E-5	0.001132	0.0007413	0.0006987	0.001388	0.0002795	0.0002621	0.000769	0.0005058	0.0005875	0.0006632	0.0005867	0.001016	-0.0003329	8.433E-5	-0.0008467	-0.0002774	-0.0009118	0.0002999	-0.0009245	-0.0003175	-3.24E-5	-3.637E-5	-0.001355
1057.720	9454.30	0.0005523	0.0009113	0.0002517	-0.0001314	0.002534	0.0005426	0.0007004	0.001292	0.000982	0.0005639	0.0008057	0.0009896	0.00108	0.001231	0.00133	0.003006	0.00203	0.0005953	0.002232	0.00144	0.001387	0.0008228	0.00125	0.001864	9.393E-5	0.001173	0.000182	0.0006789	0.0003884	0.0004273	9.887E-5	0.0007825	0.0002009	0.0005477	-0.0005442
1058.296	9449.15	0.001788	0.001157	0.0009462	0.001935	0.002678	0.002246	0.00173	0.002531	0.001534	0.002512	0.002105	0.002523	0.001682	0.001789	0.001622	0.003709	0.00262	0.002228	0.002642	0.002539	0.001871	0.001662	0.003071	0.001885	0.001535	0.001134	0.000734	0.001189	0.001249	0.001549	0.001986	0.0005616	0.0002406	0.001318	0.001277
1058.873	9444.00	0.0004477	0.0006067	-0.0001567	0.001185	-3.994E-5	0.001045	-3.232E-5	0.0002392	0.000742	0.001427	0.0002486	0.0009665	0.0007308	0.000492	0.0006968	0.002059	0.002169	0.0006849	0.0007848	0.001667	0.001134	0.0005977	0.000619	0.0005994	-0.0003714	-0.000921	-0.0005744	-0.0001373	7.774E-5	0.0005233	0.0004283	4.354E-5	-0.0001459	0.0004734	0.0001127
1059.450	9438.86	-6.368E-5	0.001544	0.0003241	0.001894	0.001187	0.00234	0.001142	0.001197	0.0021	0.0008907	0.0005355	0.001582	0.001711	0.001654	0.001362	0.00121	0.001268	0.00104	0.0009997	0.0007617	0.002554	0.0009382	0.001167	0.00145	-0.0003428	-0.0005977	0.001039	-0.0001048	0.002474	0.0009299	0.0003861	0.0002583	0.0004904	0.001086	0.001135
1060.026	9433.73	-0.0004742	0.0009176	0.0001158	0.001764	0.001686	0.001564	6.177E-5	0.001392	0.00188	0.0007503	0.001584	0.001817	0.002172	0.001642	0.002444	0.001083	0.001059	0.0004673	0.0004977	0.002229	0.0009497	0.001465	0.0009401	0.001025	0.001707	-0.000519	0.001086	0.0009869	0.001026	0.001565	0.0009464	0.001138	-0.0002632	0.0008743	0.0001648
1060.603	9428.60	0.001205	0.003011	0.001165	0.001094	0.002053	0.001148	0.00058	0.001724	0.001037	0.0008153	0.001767	0.001255	0.001285	0.001268	0.002052	0.00141	0.001557	0.0009983	0.002406	0.001095	0.0009709	0.001133	0.0006975	0.001626	0.0009586	-0.000583	0.0005141	0.0007532	0.001318	0.002273	0.0009711	0.001782	0.001362	0.0001924	0.000354
1061.180	9423.47	-0.0006293	0.002016	0.000767	0.0006252	0.0007506	0.0001456	0.0006505	0.001268	0.001139	0.001688	0.0007397	0.00184	0.0009877	0.001798	0.002321	0.001216	0.0008877	0.0001633	0.002512	0.001423	0.0005737	0.003312	0.000813	0.00146	0.0004342	-0.0007892	0.001233	-0.0006335	0.0003104	0.001112	0.002529	0.00169	0.0005193	0.001561	-0.0004771
1061.756	9418.36	0.001289	0.001118	-0.0005232	0.0009943	-0.0003597	0.000878	0.0009067	0.000606	0.000696	-0.0009003	0.0007199	0.001057	-0.0004195	0.001403	0.001409	-2.805E-5	0.001841	0.001346	0.001438	0.002487	0.001071	0.0003664	0.001484	0.00071	0.0007554	0.000962	-0.001263	0.000304	0.0005229	-0.0004669	-0.0009061	0.0002892	0.0005227	-0.0008869	0.0001009
1062.333	9413.24	0.0005467	0.001862	0.0009841	0.003075	0.0005678	0.001524	0.002061	0.0003847	0.001478	0.001846	0.001874	0.001192	0.0007277	0.001014	0.001807	0.00248	0.003013	7.216E-5	0.001672	0.002616	0.001601	0.0008637	0.001122	0.0009233	-0.0003467	-4.648E-5	0.0003383	-0.0003346	0.0007818	0.0009332	-5.306E-5	0.0004009	0.0005958	0.001136	-0.0004734
1062.910	9408.14	4.748E-5	0.002265	0.0006625	0.001086	0.001386	0.001179	0.001076	0.0008692	0.001643	-0.0004574	0.000727	0.00253	0.002101	0.0002349	0.000828	0.002051	0.001438	0.0003997	0.001883	0.001471	0.001235	0.0001797	0.002257	0.0007964	0.0006506	-0.0006679	0.0004596	-2.18E-6	0.0003914	0.0001135	0.0004023	0.001307	-0.000461	3.176E-5	0.001568
1063.487	9403.03	0.002674	0.002479	0.001656	0.002077	0.001648	0.001592	0.001343	0.001867	0.002414	0.001976	0.001825	0.002785	0.002174	0.003262	0.001873	0.002778	0.002409	0.001435	0.001118	0.002005	0.001858	0.002972	0.002908	0.002776	0.002006	0.002046	0.000787	0.001995	0.0001681	0.001468	0.002589	0.001215	0.0002225	0.001494	0.001256
1064.063	9397.94	0.001423	0.0006475	0.001454	0.001236	0.0008877	0.001722	-0.0002506	0.0006587	0.001313	0.0001132	0.0003187	0.001979	0.001027	0.000258	0.001212	0.0009776	0.001511	-0.0003971	0.001382	0.001563	0.001671	0.001633	0.002088	0.0009018	0.0004581	0.0007044	-0.0002657	0.0003473	-0.0001073	0.0006333	6.223E-5	0.0001374	0.0006872	2.924E-5	-0.0001526
1064.640	9392.85	0.0009421	0.0004621	0.0004505	0.0003317	0.0003205	0.001896	0.0006373	0.0003915	0.0005997	-0.000618	0.001382	0.001177	0.002003	0.001206	0.001332	0.001488	0.0003579	0.001104	0.002391	0.001615	0.0004162	0.0006338	0.001168	0.0008742	0.0006304	-1.753E-6	-0.0003937	-0.0006215	-0.001774	0.001142	0.0006059	0.0001621	-0.0006148	0.0001955	-0.0003294
1065.217	9387.76	0.0005691	0.001369	0.0007927	0.001557	2.865E-5	0.001034	-4.541E-5	-7.365E-5	0.0004969	0.001147	0.0004743	0.001254	0.0005023	0.001206	0.001839	0.002303	0.0004937	0.000383	0.001602	0.001416	-0.0003584	0.001731	0.001868	0.002161	0.0005729	1.027E-5	-0.0009985	-0.000991	-0.0005955	0.0003868	0.0006545	0.0005836	-0.0007842	-0.0009	-0.0004556
1065.793	9382.68	-0.001388	-0.0006017	0.0001468	-0.001282	-0.0006718	-0.0004576	-0.001215	-0.0004056	-0.0001881	-0.0001827	-0.0009291	0.0001277	-0.0008463	-0.0006802	0.0006275	0.0009202	-0.0003965	-0.0007245	0.0003403	0.0004232	-0.0002431	0.00117	0.0009968	-0.0002328	-0.0005078	-0.0007804	-0.001788	-0.001206	-0.001152	-0.001725	-0.0007388	-7.251E-5	-0.0009791	-0.001144	-0.0002016
1066.370	9377.61	-0.0009258	0.0001562	0.000898	-0.0002956	0.0006993	0.001057	-0.0007336	0.0006575	0.001257	0.0002305	0.0001232	0.0003194	0.0004509	0.0005716	0.001142	0.00171	0.0006234	0.000127	0.0003302	0.0003023	0.001085	0.002088	0.0007072	9.897E-5	0.0005787	0.0007223	-0.0007648	-0.001162	-0.000204	-8.653E-6	-0.0005331	-2.348E-5	-0.0002547	-5.5E-6	0.0007661
1066.947	9372.54	0.0001045	0.00163	0.0007314	0.001544	0.0005093	0.001898	0.0003546	0.001242	0.001311	0.0005636	0.0003654	0.0009251	0.0007625	0.001491	0.0009652	0.001255	0.0008961	0.0007354	0.0008417	0.001322	0.0009715	0.002245	-5.572E-5	0.001311	0.0007887	0.001353	3.964E-5	-3.13E-5	0.0006711	0.0009069	0.00029	-0.001038	0.0004746	0.0002464	0.0001281
1067.524	9367.47	0.001499	0.002298	0.001173	0.002181	0.001966	0.003086	0.001235	0.002168	0.002302	0.0008662	0.001581	0.001148	0.002048	0.001987	0.000901	0.001966	0.0007241	0.001869	0.002352	0.002223	0.002503	0.001871	0.001873	0.001808	0.001131	0.001249	0.0007931	0.001283	-0.0002924	0.001006	0.0001385	0.0001466	5.553E-5	0.0009612	0.0007313
1068.100	9362.42	0.0005104	0.001047	0.000899	0.00086	0.001329	0.002629	0.001373	0.001474	0.000956	0.0007055	0.001745	0.001009	0.001585	0.001713	0.001461	0.001715	0.001626	0.001857	0.002499	0.002365	0.00241	0.001463	0.002618	0.001644	0.001234	8.779E-5	0.0003529	-0.0003635	-0.0003106	0.0009033	-0.0006476	2.615E-5	-0.001556	-0.000135	0.0005218
1068.677	9357.36	-0.0008433	-1.898E-5	-0.0005985	0.001026	0.0008739	0.001098	0.0005963	0.001269	0.000745	-0.0002848	0.0005639	0.0002739	0.0008128	6.854E-5	0.001807	0.001112	0.001082	0.001919	0.001637	0.001684	0.001079	0.001208	0.002094	0.001744	-0.0001621	-0.001322	-0.0006949	-0.001375	-0.0005581	-2.847E-5	-0.0003259	0.0001284	-0.001293	7.638E-5	-0.0007008
1069.254	9352.32	0.0005103	0.0006828	2.34E-5	0.001871	0.002159	0.001766	0.0006719	0.001858	0.001175	0.001324	0.0007515	0.002505	0.001582	0.002134	0.002183	0.001917	0.002126	0.002478	0.001864	0.002976	0.001631	0.002111	0.001587	0.003087	5.08E-5	-0.0003048	-0.0004993	-0.0003023	0.0008513	0.001033	0.0005927	-8.749E-5	0.0002107	4.453E-5	0.0007617
1069.830	9347.28	0.001558	0.002538	0.001011	0.001979	2.283E-5	0.003614	0.001182	0.002758	0.003209	0.001878	0.001278	0.002409	0.002604	0.002046	0.001674	0.001753	0.002468	0.002639	0.002633	0.003562	0.002207	0.002289	0.00163	0.003429	0.001039	0.001396	0.001432	0.001522	0.00193	0.0003647	0.0007066	-0.000682	0.001196	-0.0002313	0.00116
1070.407	9342.24	0.001927	0.002964	0.00223	0.002702	0.0002909	0.003531	0.002698	0.00166	0.00227	0.002159	0.003221	0.002638	0.003861	0.001767	0.001822	0.003793	0.00178	0.001991	0.00407	0.003511	0.002803	0.002241	0.002394	0.002664	0.001826	0.0007562	0.001112	0.0009624	0.0009152	0.0009373	0.0018	0.001925	0.0003263	0.001063	0.0007507
1070.984	9337.21	-0.000304	0.001431	0.0003387	0.0007388	0.001174	0.001283	0.0005274	-0.0004317	0.001519	0.001133	0.001033	0.0001789	0.00186	0.001125	0.0008946	-0.0001222	0.0007142	0.001132	0.002691	0.001161	0.001632	0.001507	0.002914	0.0002792	0.0002339	-0.0007171	-0.0007467	-0.0005113	-0.0001321	-0.0005616	-0.0006973	-0.0002957	-0.000681	-0.0008263	-0.001759
1071.561	9332.18	0.0003612	0.001929	0.001281	0.001743	0.003131	0.001234	0.001034	0.0006485	0.001826	0.002679	0.003469	0.001781	0.002629	0.00112	0.002868	0.002559	0.001012	0.001805	0.002929	0.002014	0.003512	0.002924	0.002046	0.001683	-0.0002269	0.0005721	-0.001418	-7.865E-5	0.001451	0.001111	0.001555	0.0008629	0.001404	0.0004797	0.0006033
1072.137	9327.16	-0.001116	-0.001445	-0.0008658	-0.001132	0.0006855	-0.0002727	-0.001387	-0.0007119	-0.0006622	0.0004893	0.001403	0.0004569	0.0004304	0.00103	0.000985	0.002486	-0.0002425	0.0008409	-0.0003079	0.0006859	-0.0002013	0.0004996	0.00176	0.00146	-0.0003015	0.0003993	-0.001618	-0.001134	0.001385	-0.002366	-0.001782	0.0002158	-0.001553	-0.001806	-0.002729
1072.714	9322.15	-0.001055	-0.0003871	-0.001953	-0.0002507	-4.998E-5	0.001168	-0.0002532	-0.0007725	-0.001509	-0.0006627	-0.0007219	0.0002139	0.0002432	-0.0004406	0.001594	0.001157	-0.0004434	-0.0008813	6.019E-6	-0.000108	8.885E-5	-0.001887	-0.0007736	0.0002964	-0.002024	-0.0006297	-0.001911	-0.0009677	-0.001765	-0.001239	-0.001289	-0.0004637	-0.0007521	-0.002243	-0.003256
1073.291	9317.14	0.0008628	0.001254	-0.001044	0.0003625	-0.001355	-6.068E-5	-0.0015	0.0003465	-0.0003207	-0.0004378	-0.0009037	0.001254	0.002037	0.0008234	0.002299	0.0002862	0.0007975	0.001995	0.001839	0.001456	0.001249	0.001085	-0.0001123	0.001341	0.0001725	-0.0001087	0.0001668	1.336E-5	-9.949E-5	-0.0008405	0.001264	0.0005062	-5.103E-5	1.526E-5	-0.0003538
1073.867	9312.14	0.0002652	0.002524	0.0006781	0.000961	0.002132	0.001745	6.926E-5	0.001646	0.0008486	0.001046	0.000867	0.002868	0.002176	0.001972	0.001513	0.001901	0.0007996	0.003228	0.002596	0.001767	0.003996	0.001927	0.002311	0.002222	0.0005892	8.724E-5	-0.0001086	0.001344	0.001473	-0.000584	0.001708	0.001235	9.301E-5	-0.0005081	-0.0005599
1074.444	9307.14	-2.798E-5	0.001906	-0.0001367	0.0002853	-0.0002728	0.0007356	0.001407	0.001487	0.0006964	0.001163	-0.0004104	0.001781	0.00168	0.002476	0.002219	0.001314	0.0006204	0.00256	0.002142	0.001904	0.002243	0.001738	0.0004629	0.002121	0.0007377	-0.001674	-0.0001656	0.0006254	0.0007868	0.0004602	0.0003444	0.0003425	-0.0007928	0.0001836	3.26E-5
1075.021	9302.15	0.001772	0.003641	0.002462	0.0036	0.001876	0.001471	0.003015	0.002395	0.002083	0.001225	0.002143	0.002392	0.003794	0.002966	0.002438	0.004112	0.003089	0.002137	0.003926	0.003188	0.0006663	0.003383	0.003168	0.0007764	0.0009467	1.514E-5	8.176E-5	0.0004476	0.0008752	0.001561	0.0006673	0.001659	0.001307	-0.0008831	-0.0006874
1075.598	9297.16	0.002736	0.003573	0.003467	0.002415	0.002616	0.0009085	0.001696	0.002646	0.002881	0.002398	0.002554	0.00129	0.004238	0.002857	0.003356	0.004175	0.003418	0.002018	0.002635	0.002333	0.003817	0.004171	0.002646	0.00255	0.001182	0.0008131	0.001233	0.0007297	0.001391	0.001683	-0.0002559	0.002589	0.001764	-0.001221	0.0006276
1076.174	9292.18	0.002814	0.002026	0.001523	0.002154	0.00143	0.0007577	0.0009623	0.002444	0.00128	0.001719	0.001971	0.001016	0.003377	0.002306	0.002841	0.0025	0.003457	0.00325	0.001795	0.001383	0.002275	0.002231	0.002035	0.001271	-0.0005195	0.0007517	0.0001111	0.000967	0.001794	0.0007931	0.0001458	0.002056	0.001275	-0.001386	0.0006333
1076.751	9287.20	0.002898	0.002305	0.0007541	0.003715	0.0009655	0.0008546	0.001519	0.001384	0.001352	0.001397	0.002925	0.001549	0.003187	0.003623	0.00248	0.003018	0.003091	0.002513	0.003383	0.001842	0.001847	0.002471	0.003245	0.00301	8.902E-5	0.000237	-0.0005986	0.0006713	0.001469	-0.001103	0.0007461	0.001543	0.001088	0.001119	0.001019
1077.328	9282.23	0.0002511	0.0007486	-0.001534	0.0018	0.0004695	-0.0007452	0.001028	-0.0003235	0.0003267	-0.0005305	0.0008168	0.001523	0.0007584	0.001028	0.0008075	0.002201	0.001728	0.0001047	0.00195	0.001284	0.0003761	0.001302	0.001044	0.002931	-0.0007533	-0.001594	-0.001616	-0.0003511	-0.0003333	-0.001795	-0.0003877	0.0001137	-0.001094	-0.0001514	0.0002987
1077.904	9277.26	0.0006607	0.001458	-0.0003458	0.001426	0.001673	0.001082	0.001404	0.001359	0.001264	0.00142	0.002002	0.002158	0.0004938	0.002007	0.001199	0.002794	0.001433	0.00121	0.002945	0.001878	0.001092	0.002359	0.002132	0.003048	-0.0002013	0.0001175	-0.0001724	-0.0004928	0.000232	-5.677E-5	0.001292	0.0008402	-0.0001998	0.0001552	0.0005419
1078.481	9272.30	0.003055	0.001921	0.001129	0.002442	0.002442	0.002781	0.002113	0.002214	0.001875	0.003494	0.00296	0.002516	0.001623	0.003459	0.002392	0.003279	0.00274	0.002527	0.00145	0.00269	0.002528	0.002662	0.002724	0.002173	6.451E-5	0.001427	0.0001612	0.0006493	0.001267	0.001931	0.001478	0.001693	0.001898	0.0009211	0.001694
1079.058	9267.34	0.003466	0.002621	0.0004718	0.002343	0.0009307	0.003378	0.002223	0.001488	0.001776	0.002495	0.002307	0.002455	0.001227	0.003604	0.0008612	0.003218	0.002284	0.00191	0.002791	0.002522	0.002672	0.001119	0.002624	0.002132	0.000718	0.0002168	-0.0003472	0.0007917	0.001647	0.0006769	0.001284	0.00246	0.0004578	-0.0001319	0.001841
1079.634	9262.39	0.0008923	0.002403	0.0005782	0.002774	0.001101	0.001944	0.0003466	0.001954	0.0003671	0.00117	0.0007751	0.0001891	0.002255	0.001686	0.001203	0.0007956	0.0003788	7.734E-5	0.00383	0.0007356	0.001577	0.0007101	0.0006103	0.002322	0.0003852	-0.001395	-0.0005505	0.0008317	-0.0003782	-0.0001088	-0.0006148	5.29E-5	-0.0006096	-0.001035	0.0009171
1080.211	9257.45	0.0017	0.001788	0.002346	0.001796	0.002003	0.001198	0.002169	0.001801	0.002374	0.0008486	0.001432	0.002426	0.004444	0.003718	0.001348	0.003765	0.002567	0.004215	0.004163	0.001322	0.002057	0.003564	0.00214	0.003594	0.0005761	0.000128	0.0008012	0.0007359	0.002391	0.001773	0.001096	0.00149	0.001161	0.001632	0.0009083
1080.788	9252.51	0.001722	0.001492	0.0004182	0.002813	0.001579	0.003114	0.0017	0.0008697	-0.000317	0.001561	2.503E-5	0.001479	0.000762	0.001049	0.002184	0.001858	0.00155	0.003485	0.002554	0.002471	0.001047	0.00181	0.001327	9.109E-5	0.0008113	-0.0004742	-0.002081	-0.001202	0.0007273	-0.0004777	0.00265	0.001756	0.001174	-0.0008984	0.001286
1081.365	9247.57	0.0007529	0.0009645	-0.001162	9.241E-5	7.958E-5	0.001556	-0.0006874	8.782E-5	-0.0009875	-0.0003014	-0.000186	0.0004334	0.001291	0.001749	0.0003921	0.002891	0.001026	0.0003811	-0.001171	-0.000873	-0.00212	-0.0007816	0.0004898	0.0005925	-0.0006403	-0.001957	-0.002355	-0.0004137	-0.00119	-0.002171	-0.0003294	6.564E-5	-0.0008851	-0.001775	-0.001979
1081.941	9242.65	0.0009629	0.00206	0.0002252	0.003079	0.0004991	0.001139	0.001314	0.001095	0.001864	0.001039	0.001988	0.001199	0.001521	0.002134	0.001465	0.001147	0.001114	0.002336	0.002092	0.001728	0.0008205	0.0021	0.002986	0.002017	0.0005346	-0.0002016	-0.0002126	0.002301	-0.0006245	9.165E-5	0.00308	0.001644	-0.001662	0.001838	9.667E-5
1082.518	9237.72	0.0006728	0.0009723	0.002177	0.0007701	0.003699	0.003367	0.002424	0.0009877	0.002288	0.001305	0.0008552	0.001428	0.002923	0.001361	0.001087	0.004805	0.00201	0.001463	0.002728	0.00314	0.0002869	0.001532	0.001487	0.0005024	0.001154	0.003055	0.0001805	-0.0008195	8.504E-5	0.001593	0.0003046	0.0002087	0.001929	-0.0004634	0.0003698
1083.095	9232.80	0.0005981	0.001732	0.0002776	0.002367	0.0005927	0.002523	-0.0002901	0.001475	0.002719	0.001035	0.001631	0.003434	0.001906	7.938E-5	0.002432	0.003013	0.0001624	0.003243	0.002759	0.002571	0.0008936	0.001413	0.001328	0.001071	-0.0003915	-0.0001398	-0.001054	-0.0009094	0.001601	0.00022	0.001364	-0.000992	0.0003944	-0.0002622	-0.0007002
1083.671	9227.89	0.0001362	0.0001716	0.0004993	0.001597	0.001432	0.000554	-0.0001754	0.0005993	0.0007879	0.0009625	0.0004783	0.0001952	0.0007617	0.001711	0.003207	-0.0006559	0.001374	0.0001857	0.001728	0.002647	0.002573	0.001669	0.0006107	0.002263	-0.0007787	0.0002739	-0.001092	0.001021	0.001219	0.0002989	0.0002594	0.0004838	-0.0005625	0.001521	-0.001247
1084.248	9222.98	-0.001012	-0.0005034	0.0006541	0.001153	0.000307	0.0009699	0.0003679	0.0001985	0.002154	0.0004542	-0.0002418	0.0007836	0.002226	0.001033	0.001994	0.001649	0.001251	0.0005058	0.0005356	0.002477	0.001886	2.701E-5	-0.0004202	0.003305	-0.0001841	-0.0001567	-0.00124	-0.001379	-0.0005369	-0.001301	-0.0002572	0.0004152	-0.001369	0.0006144	-0.0006475
1084.825	9218.08	0.0004329	0.00302	0.0007593	0.003585	0.00253	0.002852	0.00125	0.001735	0.00281	0.001083	0.003508	0.00117	0.002817	0.002445	0.003303	0.003589	0.002451	0.003047	0.003262	0.003602	0.002607	0.003498	0.002327	0.002754	0.001762	0.001233	0.0006164	0.0003247	0.0001092	-0.0001984	0.001764	0.002442	-0.001071	0.000707	0.00018
1085.402	9213.18	0.000239	0.002286	0.0003154	0.001382	0.002735	0.000751	0.001299	0.0003191	0.0004918	0.00258	0.00238	0.000222	0.001397	0.0007738	0.001764	0.002025	0.002542	0.002765	0.002475	0.002412	0.0007987	0.0008984	0.00189	0.0001855	0.001272	-0.001071	-0.0003616	-0.000263	-0.002148	0.0003246	-0.0005987	0.001525	-0.001151	-0.0002519	-6.228E-5
1085.978	9208.29	0.000929	0.0009477	-0.0002315	0.0004569	0.001635	0.0008145	0.001486	2.988E-5	-0.0001036	0.0001407	0.001332	0.0003464	0.001222	-0.0004288	0.0009461	0.001485	0.0009066	0.0009722	0.0005678	0.001519	0.001958	4.176E-5	0.0007843	0.0001392	-0.001065	-2.813E-5	-0.0003814	-0.001233	-0.002326	-0.0008166	-0.001727	0.0009377	-0.001673	-0.0009392	-0.001258
1086.555	9203.40	0.0001549	0.0003412	0.001433	0.00104	0.001887	0.001659	0.0008863	-0.0001714	-0.0008658	-0.0004894	0.0009899	0.0008954	0.00169	0.0009997	0.001503	0.0003278	-0.0002003	0.0006068	0.0004937	0.001634	0.001602	6.316E-6	0.0008995	-3.496E-5	0.0003477	-0.001216	-0.001479	-0.001079	-0.001613	0.0003963	0.0006353	0.0004543	-0.001434	-0.0009497	-0.001548
1087.132	9198.52	0.002607	0.002371	0.002844	0.00217	0.002881	0.004244	0.002203	0.001379	0.001558	0.0006348	0.001093	0.001776	0.002573	0.003125	0.001936	0.002459	0.001212	0.001371	0.002244	0.003113	0.001858	0.001216	0.00202	0.0007881	0.0009303	-0.002017	0.000676	-0.0009195	-0.0002032	0.001627	0.001492	0.001136	-0.000198	-0.0006125	-0.0001093
1087.708	9193.64	0.001131	0.001867	0.0009944	0.002397	0.002	0.002246	0.0004854	0.001612	0.0006106	-0.0005496	-0.0003393	-0.0001567	0.002458	0.001991	0.0008042	0.002931	0.0003489	0.001063	0.002683	0.003359	0.001007	0.0008275	0.001911	0.001283	-0.000768	-0.001267	0.0008239	5.416E-5	-0.001008	-0.001634	-0.0001861	0.0005104	-1.595E-5	-0.0008821	-0.001156
1088.285	9188.77	0.001175	0.0008451	0.0007733	0.001375	0.001308	0.002763	0.0006486	0.001279	-0.0009791	-0.0008059	7.757E-5	-0.0001821	0.001318	0.002071	0.001566	0.001465	0.001233	0.002313	0.00207	0.003583	0.001705	0.0007317	0.001615	0.001736	0.000742	-0.001514	0.001189	-0.0002807	0.0003644	-0.0006977	-0.0003911	0.0006159	-0.0004579	-0.0002444	-0.001186
1088.862	9183.90	0.001887	0.001608	0.001169	0.001025	0.00258	0.002708	-0.0007269	0.001789	0.001967	5.4E-5	0.001603	0.001007	0.001702	0.004459	0.00114	0.001876	0.001859	0.002004	0.003253	0.003044	0.001979	0.001962	0.00144	0.003031	0.002222	-0.002238	0.001114	-0.001219	-0.001036	0.001438	0.0003996	-0.0009487	-0.0004922	-0.0006644	8.291E-5
1089.439	9179.04	0.0008635	0.0002729	-6.421E-5	0.0009643	0.0003317	-0.00117	-0.0006332	-0.0002914	0.0004455	-0.000104	0.001429	-0.001265	-0.0006931	0.003122	-0.0002094	0.002077	-0.0009753	-1.757E-6	0.002706	0.000483	0.001436	0.000879	0.0009374	0.001102	0.0004864	-0.003709	-0.000258	-0.001953	-0.0009405	-0.001288	-0.001195	-0.00201	-0.001253	-0.0006668	-0.0007257
1090.015	9174.18	0.0001657	0.0002665	-0.0002365	-9.518E-5	0.002497	-0.0006034	0.0006438	-0.001754	-0.0002783	0.001033	-0.0004122	0.001115	0.001115	-0.0004735	-0.0006907	0.001624	0.001474	0.0002958	0.001155	7.261E-5	-0.0003336	0.001534	0.001453	0.001806	-0.001008	-0.002117	-0.0004837	0.0001296	-0.002949	-0.001084	0.000792	-4.272E-5	-0.00132	-0.001429	-0.001004
1090.592	9169.33	0.001926	0.002129	0.002591	0.002739	0.001339	0.00244	0.0006426	0.001932	0.001403	0.001188	0.003589	0.0007359	0.003331	0.002228	0.002262	0.002702	0.000832	0.002332	0.00443	0.0008134	0.002917	0.000977	-0.0004552	0.00414	0.001187	0.001931	0.0006477	-0.001913	0.0007925	0.001021	0.001004	0.001374	-0.0006383	-0.001457	0.0004215
1091.169	9164.49	-0.0003995	0.001639	0.0007598	-0.00109	0.0003205	0.0004996	0.000362	0.001306	-0.003219	-0.0006617	0.0001963	-0.0008471	0.0003793	-0.001771	0.002132	0.0003806	-0.002918	-0.001373	-0.000805	0.00173	-0.001352	-0.001105	-0.0002704	-0.0009071	-0.002369	-0.001217	-0.001486	-0.002496	-0.002276	-0.002174	-0.0009867	-0.0006257	-0.002586	-0.0006655	-0.002201
1091.745	9159.65	-0.0008973	0.0005757	-1.242E-5	-0.0006484	0.0003793	0.002294	0.00011	0.0001885	-0.002219	-0.001939	0.0004693	0.0004203	-0.002402	0.001444	-0.0008301	0.001142	0.0006907	-0.001254	-3.532E-5	0.001885	0.0009389	0.0002325	0.0003254	0.00125	-0.00261	-0.0003364	-0.003216	-0.002404	-0.001871	-0.002853	-0.001607	-0.001011	-0.002085	-0.003745	-0.002974
1092.322	9154.81	0.003266	0.002696	0.003688	0.005017	0.002319	0.001428	0.003034	0.004009	0.004156	0.003117	0.003826	0.00419	0.003662	0.00484	0.002394	0.003765	0.004057	0.003458	0.005247	0.003475	0.004471	0.003445	0.004002	0.002639	0.001256	0.0005536	0.001776	0.0001701	0.001368	0.0004259	0.002492	0.00206	0.001229	0.001283	0.001622
1092.899	9149.98	0.0005722	-0.0001563	0.001117	0.000986	-0.0003218	0.0007489	-1.037E-5	0.001755	0.001488	0.0008574	0.0009105	0.0004297	0.001519	0.006208	-0.0002776	0.002138	0.002007	-0.0002949	0.002599	0.0007726	0.001314	6.602E-5	0.002415	-0.0005321	-0.002118	-0.000612	-0.001055	-0.0006332	-0.002495	-0.001704	-0.0005215	-0.001604	-0.0007962	-0.00206	-0.001865
1093.475	9145.15	0.0005377	0.001275	-0.0009596	0.001005	0.0001055	0.001085	-0.0001372	0.00105	0.001174	-0.0009371	0.001205	0.001879	0.0007467	0.002344	0.001564	0.002834	0.001095	0.002022	0.00271	0.001176	-0.0003176	0.00307	7.226E-5	0.003369	0.001687	-0.0003876	-0.0008912	-0.001453	-0.001499	-0.0009088	-0.0009442	-0.001362	-0.003912	-0.002226	-0.001737
1094.052	9140.33	0.002316	0.002061	0.0008776	0.003906	0.002446	0.002492	0.001272	0.002948	0.002657	0.0008471	0.0004396	0.002084	0.001476	0.003136	0.001592	0.00335	0.002862	0.003952	0.001697	0.00289	0.001853	0.003196	0.00233	0.003361	0.001152	-0.0004259	0.001509	-0.001529	0.0007221	-2.727E-5	-0.0006229	0.002103	-0.0005206	0.001212	-0.001548
1094.629	9135.52	0.0004018	0.0001328	0.001385	0.001756	0.0006241	0.001633	0.001734	0.001534	0.0003703	-0.00175	0.001193	0.001188	0.0012	0.001621	0.002258	0.002491	0.001671	0.003044	-0.0003838	0.002432	-0.0002451	0.001574	0.002679	0.002271	-0.0008108	-0.001492	-0.0002796	-0.003071	6.414E-5	-0.0004923	4.191E-5	0.001372	-0.001633	-0.0001992	-0.002597
1095.206	9130.71	0.0008768	0.001421	0.001531	0.001751	0.0006276	0.001592	0.000762	0.002069	0.0005913	-0.001541	0.00106	0.00065	0.001631	0.001302	0.001832	0.002441	0.001662	0.002342	0.001539	0.001577	0.001628	0.002154	0.001733	0.004045	-0.0002978	0.0004715	-0.001423	-0.002593	-0.0006425	-0.0004931	-1.486E-6	0.0007602	-0.00167	0.0002169	-0.001872
1095.782	9125.90	0.001173	0.00175	0.003458	0.003246	0.002698	0.002523	0.002112	0.003062	0.001864	0.001249	0.001824	0.002696	0.002541	0.001828	0.001931	0.004599	0.003368	0.00305	0.002274	0.001837	0.001873	0.001144	0.002567	0.002921	0.001489	0.001405	0.0005711	-0.001285	3.709E-5	0.001234	0.0008118	0.001872	-0.0006922	0.0004157	-0.001296
1096.359	9121.10	0.003161	0.001796	0.002953	0.004425	0.003871	0.003407	0.004751	0.002734	0.003554	0.00172	0.002157	0.004867	0.003549	0.004289	0.003855	0.005334	0.003958	0.003577	0.003255	0.003327	0.003768	0.004553	0.00209	0.002698	0.001659	0.0007319	0.0005146	0.0019	0.002347	0.001569	0.002122	0.002278	0.001319	0.0007358	5.575E-6
1096.936	9116.30	0.003862	0.002762	0.004477	0.004792	0.004254	0.004387	0.004209	0.003764	0.003988	0.002067	0.002565	0.004749	0.00417	0.006789	0.005342	0.003344	0.002303	0.00302	0.003491	0.002496	0.005167	0.005604	0.002851	0.004208	0.002344	0.001504	0.000265	0.002146	0.003353	0.002353	0.003369	0.002401	0.000805	0.001717	0.0008963
1097.512	9111.51	0.004426	0.003659	0.004537	0.003944	0.002032	0.002936	9.447E-5	0.0007504	0.002729	0.0022	0.0009844	0.002303	0.00385	0.003337	0.004708	0.001705	0.002341	0.00248	0.003424	0.001793	0.002233	0.002042	0.003551	0.005024	0.001602	0.00116	-0.0002936	-0.000541	0.0005962	-0.0009713	0.0001598	0.001708	-0.00233	-0.0007834	0.0008077
1098.089	9106.73	0.003993	0.004119	0.004936	0.00289	0.001722	0.003031	0.00472	0.001187	0.00138	0.002005	0.001753	0.002248	0.004006	0.002859	0.003472	0.002507	0.002711	0.002899	0.003999	0.002139	0.001169	0.002743	0.00471	0.004376	0.002073	0.001474	0.0006288	-0.000279	-0.0002511	-0.000178	0.0008198	-0.0002788	0.0003914	0.0005121	0.0007767
1098.666	9101.95	0.00198	0.004701	0.002283	0.002575	-0.0009721	0.00135	0.002813	-0.000881	0.000845	-0.001927	0.002798	0.001881	0.005636	0.001518	0.002402	0.001844	0.001621	0.0001402	0.003499	0.000813	0.00148	0.003011	0.001672	-0.0007182	0.0006677	-0.002276	-0.0005862	-0.00288	0.0005869	-0.002303	-0.002056	0.0007843	-0.0003134	0.002115	-0.0001519
1099.243	9097.17	0.004063	0.00555	0.004019	0.003367	0.005735	0.003363	0.00201	0.001219	0.001538	0.001593	0.004275	0.001497	0.004898	0.00299	0.004948	0.005268	0.003623	0.004952	0.005018	0.005402	0.003113	0.003789	0.00536	0.003668	0.003996	1.7E-5	0.00304	0.002606	0.00123	0.0007413	0.0003852	0.002318	0.00248	0.002134	0.002248
1099.819	9092.40	0.002148	0.001996	0.004351	0.003032	0.0007544	0.007257	0.001283	0.004855	0.003988	0.004277	0.002917	0.002691	0.004785	0.004675	0.004251	0.006404	0.00678	0.004681	0.005454	0.004282	0.002741	0.003331	0.006463	0.004777	0.0005788	0.003684	-0.0001665	0.002367	0.001214	0.001721	0.001108	0.00309	0.001199	-0.0006731	0.0002856
