Wavelength_nm	Reactant_normalized	PSS_normalized_to_reactant	Reactant_reconstructed_M-1_cm-1	Reactant_lower_M-1_cm-1	Reactant_upper_M-1_cm-1	PSS_reconstructed_M-1_cm-1	Product_epsilon_M-1_cm-1	Product_epsilon_raw_M-1_cm-1	Product_lower_nonnegative_M-1_cm-1	Product_upper_nonnegative_M-1_cm-1	Product_error_lower_M-1_cm-1	Product_error_upper_M-1_cm-1
2.50584122e+02	6.62542427e-01	9.98963599e-01	9.95536388e+03	9.83207593e+03	1.00786518e+04	1.50104291e+04	1.65203837e+04	1.65203837e+04	1.62326694e+04	1.68124249e+04	2.87714228e+02	2.92041235e+02
2.51184402e+02	6.63821400e-01	1.00030713e+00	9.97458174e+03	9.85105579e+03	1.00981077e+04	1.50306170e+04	1.65408613e+04	1.65408613e+04	1.62528775e+04	1.68331729e+04	2.87983775e+02	2.92311613e+02
2.51784653e+02	6.64524673e-01	1.00092464e+00	9.98514911e+03	9.86149230e+03	1.01088059e+04	1.50398958e+04	1.65497552e+04	1.65497552e+04	1.62616824e+04	1.68421546e+04	2.88072728e+02	2.92399463e+02
2.52384872e+02	6.64596229e-01	1.00052918e+00	9.98622432e+03	9.86255419e+03	1.01098945e+04	1.50339536e+04	1.65417169e+04	1.65417169e+04	1.62538591e+04	1.68338954e+04	2.87857789e+02	2.92178517e+02
2.52985077e+02	6.63980054e-01	9.98833791e-01	9.97696567e+03	9.85341020e+03	1.01005211e+04	1.50084786e+04	1.65113981e+04	1.65113981e+04	1.62241824e+04	1.68029206e+04	2.87215660e+02	2.91522507e+02
2.53585251e+02	6.62618894e-01	9.95498958e-01	9.95651287e+03	9.83321069e+03	1.00798151e+04	1.49583694e+04	1.64524305e+04	1.64524305e+04	1.61664327e+04	1.67427097e+04	2.85997736e+02	2.90279198e+02
2.54185394e+02	6.60204187e-01	9.90317610e-01	9.92022949e+03	9.79737664e+03	1.00430823e+04	1.48805145e+04	1.63621580e+04	1.63621580e+04	1.60779618e+04	1.66506001e+04	2.84196201e+02	2.88442078e+02
2.54785522e+02	6.57005226e-01	9.82756477e-01	9.87216190e+03	9.74990432e+03	9.99441947e+03	1.47669009e+04	1.62289658e+04	1.62289658e+04	1.59474968e+04	1.65146244e+04	2.81468911e+02	2.85658683e+02
2.55385620e+02	6.53306778e-01	9.72914155e-01	9.81658900e+03	9.69501965e+03	9.93815836e+03	1.46190101e+04	1.60534995e+04	1.60534995e+04	1.57757217e+04	1.63353882e+04	2.77777866e+02	2.81888616e+02
2.55985687e+02	6.49458616e-01	9.61362362e-01	9.75876652e+03	9.63791324e+03	9.87961980e+03	1.44454329e+04	1.58453462e+04	1.58453462e+04	1.55720495e+04	1.61226545e+04	2.73296629e+02	2.77308296e+02
2.56585754e+02	6.46070341e-01	9.47715418e-01	9.70785428e+03	9.58763150e+03	9.82807706e+03	1.42403738e+04	1.55942433e+04	1.55942433e+04	1.53265911e+04	1.58657752e+04	2.67652191e+02	2.71531912e+02
2.57185760e+02	6.43136534e-01	9.31578219e-01	9.66377090e+03	9.54409406e+03	9.78344774e+03	1.39978963e+04	1.52925051e+04	1.52925051e+04	1.50318520e+04	1.55568681e+04	2.60653084e+02	2.64362985e+02
2.57785767e+02	6.41108513e-01	9.13125918e-01	9.63329784e+03	9.51399838e+03	9.75259731e+03	1.37206319e+04	1.49415239e+04	1.49415239e+04	1.46892756e+04	1.51972709e+04	2.52248316e+02	2.55746970e+02
2.58385742e+02	6.39851645e-01	8.92271680e-01	9.61441215e+03	9.49534656e+03	9.73347773e+03	1.34072761e+04	1.45402095e+04	1.45402095e+04	1.42977733e+04	1.47858923e+04	2.42436195e+02	2.45682790e+02
2.58985657e+02	6.39488850e-01	8.69640321e-01	9.60896078e+03	9.48996271e+03	9.72795885e+03	1.30672173e+04	1.41002030e+04	1.41002030e+04	1.38687181e+04	1.43346481e+04	2.31484896e+02	2.34445075e+02
2.59585602e+02	6.40268268e-01	8.46128045e-01	9.62067232e+03	9.50152921e+03	9.73981543e+03	1.27139218e+04	1.36378794e+04	1.36378794e+04	1.34181221e+04	1.38602845e+04	2.19757336e+02	2.22405079e+02
2.60185486e+02	6.41464880e-01	8.21312977e-01	9.63865262e+03	9.51928684e+03	9.75801840e+03	1.23410505e+04	1.31482603e+04	1.31482603e+04	1.29409935e+04	1.33578402e+04	2.07266763e+02	2.09579947e+02
2.60785339e+02	6.41907242e-01	7.94219474e-01	9.64529955e+03	9.52585146e+03	9.76474764e+03	1.19339435e+04	1.26175644e+04	1.26175644e+04	1.24236735e+04	1.28134143e+04	1.93890890e+02	1.95849911e+02
2.61385193e+02	6.40860552e-01	7.64313010e-01	9.62957199e+03	9.51031866e+03	9.74882531e+03	1.14845689e+04	1.20386589e+04	1.20386589e+04	1.18590680e+04	1.22198376e+04	1.79590868e+02	1.81178698e+02
2.61985016e+02	6.37842761e-01	7.32059635e-01	9.58422666e+03	9.46553489e+03	9.70291842e+03	1.09999296e+04	1.14228019e+04	1.14228019e+04	1.12580615e+04	1.15887541e+04	1.64740379e+02	1.65952185e+02
2.62584778e+02	6.32983338e-01	6.98288450e-01	9.51120896e+03	9.39342145e+03	9.62899646e+03	1.04924837e+04	1.07855917e+04	1.07855917e+04	1.06358863e+04	1.09361372e+04	1.49705462e+02	1.50545409e+02
2.63184540e+02	6.26385560e-01	6.64033059e-01	9.41207073e+03	9.29551095e+03	9.52863050e+03	9.97776212e+03	1.01467349e+04	1.01467349e+04	1.00117748e+04	1.02821791e+04	1.34960034e+02	1.35444251e+02
2.63784302e+02	6.18500491e-01	6.30557131e-01	9.29358965e+03	9.17849716e+03	9.40868215e+03	9.47475276e+03	9.52886641e+03	9.52886641e+03	9.40788122e+03	9.65000667e+03	1.20985191e+02	1.21140262e+02
2.64384003e+02	6.09960354e-01	5.99313787e-01	9.16526554e+03	9.05176223e+03	9.27876886e+03	9.00529022e+03	8.95750538e+03	8.95750538e+03	8.84387514e+03	9.07113236e+03	1.13630233e+02	1.13626978e+02
2.64983673e+02	6.01425408e-01	5.71528578e-01	9.03701943e+03	8.92510432e+03	9.14893454e+03	8.58778960e+03	8.45360407e+03	8.45360407e+03	8.34133257e+03	8.56586644e+03	1.12271501e+02	1.12262363e+02
2.65583344e+02	5.93949695e-01	5.49143064e-01	8.92468935e+03	8.81416534e+03	9.03521335e+03	8.25142483e+03	8.05031984e+03	8.05031984e+03	7.93926171e+03	8.16136428e+03	1.11058133e+02	1.11044438e+02
2.66182983e+02	5.88372372e-01	5.33324785e-01	8.84088448e+03	8.73139832e+03	8.95037064e+03	8.01373933e+03	7.76667000e+03	7.76667000e+03	7.65652763e+03	7.87679554e+03	1.10142368e+02	1.10125542e+02
2.66782593e+02	5.84388233e-01	5.22572908e-01	8.78101880e+03	8.67227402e+03	8.88976358e+03	7.85218160e+03	7.57473672e+03	7.57473672e+03	7.46525506e+03	7.68419949e+03	1.09481663e+02	1.09462769e+02
2.67382172e+02	5.80286775e-01	5.12871294e-01	8.71939029e+03	8.61140872e+03	8.82737185e+03	7.70640513e+03	7.40382514e+03	7.40382514e+03	7.29503993e+03	7.51258975e+03	1.08785210e+02	1.08764603e+02
2.67981720e+02	5.73924781e-01	4.99604889e-01	8.62379496e+03	8.51699725e+03	8.73059266e+03	7.50706410e+03	7.17349515e+03	7.17349515e+03	7.06581149e+03	7.28115609e+03	1.07683656e+02	1.07660939e+02
2.68581238e+02	5.63811007e-01	4.79941233e-01	8.47182536e+03	8.36690965e+03	8.57674106e+03	7.21159797e+03	6.83516641e+03	6.83516641e+03	6.72925092e+03	6.94105627e+03	1.05915495e+02	1.05889859e+02
2.69180756e+02	5.49384554e-01	4.53732084e-01	8.25505344e+03	8.15282226e+03	8.35728463e+03	6.81777924e+03	6.38846357e+03	6.38846357e+03	6.28509213e+03	6.49180576e+03	1.03371435e+02	1.03342197e+02
2.69780243e+02	5.31865592e-01	4.24026647e-01	7.99181349e+03	7.89284229e+03	8.09078469e+03	6.37142527e+03	5.88741321e+03	5.88741321e+03	5.78715648e+03	5.98763697e+03	1.00256724e+02	1.00223762e+02
2.70379669e+02	5.13317530e-01	3.95675990e-01	7.71311027e+03	7.61759055e+03	7.80862999e+03	5.94542824e+03	5.41741932e+03	5.41741932e+03	5.32049722e+03	5.51430546e+03	9.69220972e+01	9.68861388e+01
2.70979095e+02	4.94799876e-01	3.71555987e-01	7.43486396e+03	7.34279006e+03	7.52693786e+03	5.58300103e+03	5.02984717e+03	5.02984717e+03	4.93630411e+03	5.12335256e+03	9.35430588e+01	9.35053880e+01
2.71578491e+02	4.76376542e-01	3.51999915e-01	7.15803491e+03	7.06938929e+03	7.24668054e+03	5.28915145e+03	4.73091353e+03	4.73091353e+03	4.64078524e+03	4.82100380e+03	9.01282908e+01	9.00902738e+01
2.72177887e+02	4.57457596e-01	3.35738328e-01	6.87375879e+03	6.78863366e+03	6.95888392e+03	5.04480481e+03	4.49849388e+03	4.49849388e+03	4.41191776e+03	4.58503279e+03	8.65761167e+01	8.65389119e+01
2.72777222e+02	4.37939374e-01	3.21676841e-01	6.58047794e+03	6.49898483e+03	6.66197106e+03	4.83351688e+03	4.31169734e+03	4.31169734e+03	4.22881828e+03	4.39454086e+03	8.28790569e+01	8.28435201e+01
2.73376556e+02	4.17941868e-01	3.08833001e-01	6.27999538e+03	6.20222346e+03	6.35776730e+03	4.64052531e+03	4.15081347e+03	4.15081347e+03	4.07174089e+03	4.22985270e+03	7.90725818e+01	7.90392316e+01
2.73975830e+02	3.97783481e-01	2.97053528e-01	5.97709541e+03	5.90307462e+03	6.05111620e+03	4.46352693e+03	4.01142205e+03	4.01142205e+03	3.93620049e+03	4.08661283e+03	7.52215634e+01	7.51907743e+01
2.74575104e+02	3.78441221e-01	2.86237548e-01	5.68645858e+03	5.61603706e+03	5.75688010e+03	4.30100599e+03	3.88716950e+03	3.88716950e+03	3.81564884e+03	3.95866197e+03	7.15206560e+01	7.14924729e+01
2.75174347e+02	3.60692066e-01	2.76623318e-01	5.41975974e+03	5.35264104e+03	5.48687844e+03	4.15654255e+03	3.77921793e+03	3.77921793e+03	3.71109707e+03	3.84731310e+03	6.81208636e+01	6.80951671e+01
2.75773560e+02	3.44674746e-01	2.67957726e-01	5.17908345e+03	5.11494530e+03	5.24322160e+03	4.02633335e+03	3.68200539e+03	3.68200539e+03	3.61695272e+03	3.74703462e+03	6.50526727e+01	6.50292233e+01
2.76372742e+02	3.30720982e-01	2.60471220e-01	4.96941416e+03	4.90787257e+03	5.03095575e+03	3.91384109e+03	3.59854004e+03	3.59854004e+03	3.53616102e+03	3.66089759e+03	6.23790183e+01	6.23575457e+01
2.76971924e+02	3.18903877e-01	2.54066237e-01	4.79185032e+03	4.73250770e+03	4.85119295e+03	3.81759981e+03	3.52658992e+03	3.52658992e+03	3.46647438e+03	3.58668564e+03	6.01155381e+01	6.00957198e+01
2.77571045e+02	3.09319335e-01	2.48801889e-01	4.64783297e+03	4.59027387e+03	4.70539208e+03	3.73849770e+03	3.46687808e+03	3.46687808e+03	3.40859756e+03	3.52514009e+03	5.82805167e+01	5.82620189e+01
2.78170166e+02	3.01717385e-01	2.44417373e-01	4.53360606e+03	4.47746155e+03	4.58975057e+03	3.67261595e+03	3.41543709e+03	3.41543709e+03	3.35860952e+03	3.47224714e+03	5.68275680e+01	5.68100537e+01
2.78769226e+02	2.95976345e-01	2.41121958e-01	4.44734117e+03	4.39226497e+03	4.50241737e+03	3.62309904e+03	3.37689684e+03	3.37689684e+03	3.32116674e+03	3.43261018e+03	5.57301037e+01	5.57133368e+01
2.79368286e+02	2.91950439e-01	2.38646730e-01	4.38684790e+03	4.33252086e+03	4.44117495e+03	3.58590626e+03	3.34666395e+03	3.34666395e+03	3.29170148e+03	3.40161012e+03	5.49624653e+01	5.49461725e+01
2.79967316e+02	2.89392472e-01	2.36906631e-01	4.34841188e+03	4.29456083e+03	4.40226293e+03	3.55975953e+03	3.32418805e+03	3.32418805e+03	3.26971132e+03	3.37864872e+03	5.44767212e+01	5.44606784e+01
2.80566315e+02	2.87968261e-01	2.35680431e-01	4.32701169e+03	4.27342566e+03	4.38059772e+03	3.54133464e+03	3.30665189e+03	3.30665189e+03	3.25244255e+03	3.36084524e+03	5.42093393e+01	5.41933570e+01
2.81165314e+02	2.87318446e-01	2.34823082e-01	4.31724757e+03	4.26378246e+03	4.37071268e+03	3.52845212e+03	3.29283790e+03	3.29283790e+03	3.23874700e+03	3.34691274e+03	5.40908937e+01	5.40748479e+01
2.81764252e+02	2.87099500e-01	2.34031586e-01	4.31395768e+03	4.26053331e+03	4.36738205e+03	3.51655910e+03	3.27837510e+03	3.27837510e+03	3.22431813e+03	3.33241586e+03	5.40569766e+01	5.40407559e+01
2.82363190e+02	2.87027974e-01	2.33161246e-01	4.31288294e+03	4.25947188e+03	4.36629400e+03	3.50348136e+03	3.26171206e+03	3.26171206e+03	3.20765887e+03	3.31574878e+03	5.40531895e+01	5.40367245e+01
2.82962067e+02	2.86873547e-01	2.32112825e-01	4.31056251e+03	4.25718019e+03	4.36394483e+03	3.48772779e+03	3.24194599e+03	3.24194599e+03	3.18791088e+03	3.29596436e+03	5.40351101e+01	5.40183720e+01
2.83560944e+02	2.86548325e-01	2.30969211e-01	4.30567572e+03	4.25235392e+03	4.35899753e+03	3.47054385e+03	3.22108887e+03	3.22108887e+03	3.16710453e+03	3.27505623e+03	5.39843477e+01	5.39673594e+01
2.84159790e+02	2.86028030e-01	2.29825400e-01	4.29785777e+03	4.24463279e+03	4.35108276e+03	3.45335693e+03	3.20110343e+03	3.20110343e+03	3.14720847e+03	3.25498122e+03	5.38949625e+01	5.38777835e+01
2.84758606e+02	2.85265634e-01	2.28662525e-01	4.28640200e+03	4.23331889e+03	4.33948512e+03	3.43588357e+03	3.18183261e+03	3.18183261e+03	3.12807475e+03	3.23557318e+03	5.37578674e+01	5.37405660e+01
2.85357391e+02	2.84234828e-01	2.27551594e-01	4.27091312e+03	4.21802182e+03	4.32380442e+03	3.41919073e+03	3.16478014e+03	3.16478014e+03	3.11121314e+03	3.21832982e+03	5.35670071e+01	5.35496813e+01
2.85956177e+02	2.82718224e-01	2.26369019e-01	4.24812463e+03	4.19551554e+03	4.30073371e+03	3.40142135e+03	3.14850999e+03	3.14850999e+03	3.09522918e+03	3.20177357e+03	5.32808108e+01	5.32635871e+01
2.86554901e+02	2.80695371e-01	2.25172075e-01	4.21772922e+03	4.16549655e+03	4.26996189e+03	3.38343607e+03	3.13423162e+03	3.13423162e+03	3.08133708e+03	3.18710920e+03	5.28945464e+01	5.28775751e+01
2.87153625e+02	2.78205354e-01	2.23891857e-01	4.18031423e+03	4.12854491e+03	4.23208355e+03	3.36419951e+03	3.12042498e+03	3.12042498e+03	3.06800821e+03	3.17282515e+03	5.24167747e+01	5.24001732e+01
2.87752289e+02	2.75445895e-01	2.22498107e-01	4.13885059e+03	4.08759476e+03	4.19010641e+03	3.34325702e+03	3.10561219e+03	3.10561219e+03	3.05372518e+03	3.15748301e+03	5.18870056e+01	5.18708216e+01
2.88350952e+02	2.72677513e-01	2.21296068e-01	4.09725288e+03	4.04651220e+03	4.14799356e+03	3.32519518e+03	3.09458054e+03	3.09458054e+03	3.04322736e+03	3.14591802e+03	5.13531846e+01	5.13374793e+01
2.88949585e+02	2.70035574e-01	2.20255280e-01	4.05755510e+03	4.00730604e+03	4.10780416e+03	3.30955630e+03	3.08612808e+03	3.08612808e+03	3.03528561e+03	3.13695535e+03	5.08424775e+01	5.08272616e+01
2.89548187e+02	2.67281174e-01	2.18966960e-01	4.01616748e+03	3.96643097e+03	4.06590399e+03	3.29019800e+03	3.07334998e+03	3.07334998e+03	3.02303752e+03	3.12364766e+03	5.03124534e+01	5.02976856e+01
2.90146790e+02	2.64354245e-01	2.17335556e-01	3.97218744e+03	3.92299558e+03	4.02137930e+03	3.26568451e+03	3.05465117e+03	3.05465117e+03	3.00489881e+03	3.10438916e+03	4.97523577e+01	4.97379859e+01
2.90745331e+02	2.61253267e-01	2.15271613e-01	3.92559213e+03	3.87697731e+03	3.97420695e+03	3.23467171e+03	3.02829288e+03	3.02829288e+03	2.97912993e+03	3.07744178e+03	4.91629557e+01	4.91489010e+01
2.91343842e+02	2.58042678e-01	2.12856134e-01	3.87734982e+03	3.82933243e+03	3.92536720e+03	3.19837672e+03	2.99556657e+03	2.99556657e+03	2.94701053e+03	3.04410880e+03	4.85560411e+01	4.85422293e+01
2.91942352e+02	2.54977428e-01	2.10145832e-01	3.83129136e+03	3.78384437e+03	3.87873835e+03	3.15765171e+03	2.95643467e+03	2.95643467e+03	2.90845325e+03	3.00440238e+03	4.79814186e+01	4.79677153e+01
2.92540833e+02	2.52211559e-01	2.07276726e-01	3.78973141e+03	3.74279910e+03	3.83666372e+03	3.11454051e+03	2.91286011e+03	2.91286011e+03	2.86539214e+03	2.96031434e+03	4.74679678e+01	4.74542329e+01
2.93139252e+02	2.49802239e-01	2.04588361e-01	3.75352896e+03	3.70704498e+03	3.80001294e+03	3.07414513e+03	2.87121230e+03	2.87121230e+03	2.82418934e+03	2.91822144e+03	4.70229604e+01	4.70091403e+01
2.93737671e+02	2.47349109e-01	2.01914570e-01	3.71666823e+03	3.67064073e+03	3.76269572e+03	3.03396874e+03	2.83004552e+03	2.83004552e+03	2.78347641e+03	2.87660074e+03	4.65691048e+01	4.65552173e+01
2.94336060e+02	2.44283136e-01	1.98970037e-01	3.67059891e+03	3.62514194e+03	3.71605587e+03	2.98972419e+03	2.78634603e+03	2.78634603e+03	2.74034890e+03	2.83232931e+03	4.59971313e+01	4.59832809e+01
2.94934448e+02	2.40430478e-01	1.95726781e-01	3.61270886e+03	3.56796881e+03	3.65744891e+03	2.94099102e+03	2.74034803e+03	2.74034803e+03	2.69507508e+03	2.78560732e+03	4.52729522e+01	4.52592881e+01
2.95532776e+02	2.35672811e-01	1.92175111e-01	3.54122014e+03	3.49736542e+03	3.58507487e+03	2.88762362e+03	2.69239349e+03	2.69239349e+03	2.64802023e+03	2.73675345e+03	4.43732544e+01	4.43599588e+01
2.96131073e+02	2.29933126e-01	1.88285127e-01	3.45497562e+03	3.41218895e+03	3.49776229e+03	2.82917272e+03	2.64224457e+03	2.64224457e+03	2.59896143e+03	2.68551499e+03	4.32831461e+01	4.32704159e+01
2.96729370e+02	2.23463963e-01	1.84177687e-01	3.35776997e+03	3.31618710e+03	3.39935284e+03	2.76745431e+03	2.59112626e+03	2.59112626e+03	2.54907507e+03	2.63316544e+03	4.20511906e+01	4.20391824e+01
2.97327606e+02	2.16412543e-01	1.79869459e-01	3.25181533e+03	3.21154461e+03	3.29208605e+03	2.70271887e+03	2.53870304e+03	2.53870304e+03	2.49799670e+03	2.57939821e+03	4.07063397e+01	4.06951699e+01
2.97925842e+02	2.09066381e-01	1.75511283e-01	3.14143187e+03	3.10252815e+03	3.18033559e+03	2.63723290e+03	2.48662801e+03	2.48662801e+03	2.44732428e+03	2.52592148e+03	3.93037239e+01	3.92934674e+01
2.98524048e+02	2.01580768e-01	1.71187918e-01	3.02895303e+03	2.99144226e+03	3.06646381e+03	2.57227002e+03	2.43585821e+03	2.43585821e+03	2.39798512e+03	2.47372200e+03	3.78730813e+01	3.78637914e+01
2.99122223e+02	1.94103530e-01	1.66895410e-01	2.91660005e+03	2.88048066e+03	2.95271944e+03	2.50777078e+03	2.38565295e+03	2.38565295e+03	2.34920922e+03	2.42208836e+03	3.64437294e+01	3.64354129e+01
2.99720367e+02	1.86898281e-01	1.62647989e-01	2.80833396e+03	2.77355535e+03	2.84311257e+03	2.44394903e+03	2.33510677e+03	2.33510677e+03	2.30003908e+03	2.37016706e+03	3.50676946e+01	3.50602823e+01
3.00318481e+02	1.80277655e-01	1.58609423e-01	2.70885242e+03	2.67530579e+03	2.74239905e+03	2.38326553e+03	2.28601230e+03	2.28601230e+03	2.25220737e+03	2.31981060e+03	3.38049279e+01	3.37983048e+01
3.00916595e+02	1.74334596e-01	1.54723778e-01	2.61955200e+03	2.58711128e+03	2.65199272e+03	2.32487982e+03	2.23686085e+03	2.23686085e+03	2.20418635e+03	2.26952936e+03	3.26744990e+01	3.26685048e+01
3.01514648e+02	1.69100187e-01	1.51060162e-01	2.54089976e+03	2.50943308e+03	2.57236645e+03	2.26983030e+03	2.18886150e+03	2.18886150e+03	2.15717976e+03	2.22053773e+03	3.16817390e+01	3.16762248e+01
3.02112701e+02	1.64620790e-01	1.47624633e-01	2.47359233e+03	2.44295918e+03	2.50422548e+03	2.21820804e+03	2.14192442e+03	2.14192442e+03	2.11108866e+03	2.17275498e+03	3.08357551e+01	3.08305600e+01
3.02710693e+02	1.60801473e-01	1.44216660e-01	2.41620327e+03	2.38628083e+03	2.44612571e+03	2.16699983e+03	2.09256243e+03	2.09256243e+03	2.06244229e+03	2.12267750e+03	3.01201413e+01	3.01150719e+01
3.03308685e+02	1.57708525e-01	1.40800714e-01	2.36972863e+03	2.34038174e+03	2.39907552e+03	2.11567183e+03	2.03978473e+03	2.03978473e+03	2.01023628e+03	2.06932801e+03	2.95484463e+01	2.95432782e+01
3.03906647e+02	1.55068093e-01	1.37162668e-01	2.33005349e+03	2.30119793e+03	2.35890904e+03	2.06100653e+03	1.98064185e+03	1.98064185e+03	1.95157285e+03	2.00970538e+03	2.90689987e+01	2.90635257e+01
3.04504578e+02	1.52867510e-01	1.33398016e-01	2.29698753e+03	2.26854146e+03	2.32543359e+03	2.00443886e+03	1.91705420e+03	1.91705420e+03	1.88837605e+03	1.94572640e+03	2.86781523e+01	2.86722013e+01
3.05102478e+02	1.51113760e-01	1.29694960e-01	2.27063567e+03	2.24251595e+03	2.29875538e+03	1.94879673e+03	1.85266303e+03	1.85266303e+03	1.82428798e+03	1.88103153e+03	2.83750462e+01	2.83684993e+01
3.05700348e+02	1.49459738e-01	1.26157764e-01	2.24578234e+03	2.21797040e+03	2.27359427e+03	1.89564682e+03	1.79106089e+03	1.79106089e+03	1.76297118e+03	1.81914347e+03	2.80897096e+01	2.80825871e+01
3.06298218e+02	1.47553622e-01	1.22676639e-01	2.21714104e+03	2.18968380e+03	2.24459827e+03	1.84333944e+03	1.73168442e+03	1.73168442e+03	1.70393063e+03	1.75943060e+03	2.77537890e+01	2.77461851e+01
3.06896027e+02	1.45170284e-01	1.19295018e-01	2.18132899e+03	2.15431526e+03	2.20834273e+03	1.79252719e+03	1.67639158e+03	1.67639158e+03	1.64906939e+03	1.70370586e+03	2.73221903e+01	2.73142813e+01
3.07493835e+02	1.42113714e-01	1.15882306e-01	2.13540097e+03	2.10895601e+03	2.16184593e+03	1.74124778e+03	1.62351371e+03	1.62351371e+03	1.59675605e+03	1.65026335e+03	2.67576598e+01	2.67496419e+01
3.08091583e+02	1.38395380e-01	1.12408325e-01	2.07952926e+03	2.05377622e+03	2.10528230e+03	1.68904772e+03	1.57241038e+03	1.57241038e+03	1.54634755e+03	1.59846527e+03	2.60628276e+01	2.60548844e+01
3.08689331e+02	1.33831209e-01	1.08709216e-01	2.01094802e+03	1.98604429e+03	2.03585175e+03	1.63346490e+03	1.52071021e+03	1.52071021e+03	1.49550701e+03	1.54590573e+03	2.52032003e+01	2.51955215e+01
3.09287048e+02	1.28638859e-01	1.04905657e-01	1.93292776e+03	1.90899024e+03	1.95686528e+03	1.57631261e+03	1.46979121e+03	1.46979121e+03	1.44557077e+03	1.49400439e+03	2.42204363e+01	2.42131820e+01
3.09884735e+02	1.23127528e-01	1.01049755e-01	1.85011449e+03	1.82720254e+03	1.87302645e+03	1.51837382e+03	1.41928246e+03	1.41928246e+03	1.39610732e+03	1.44245084e+03	2.31751368e+01	2.31683885e+01
3.10482391e+02	1.17557273e-01	9.73218244e-02	1.76641583e+03	1.74454041e+03	1.78829125e+03	1.46235794e+03	1.37153545e+03	1.37153545e+03	1.34941880e+03	1.39364591e+03	2.21166445e+01	2.21104593e+01
3.11080017e+02	1.12116495e-01	9.35624432e-02	1.68466269e+03	1.66379971e+03	1.70552568e+03	1.40586947e+03	1.32259357e+03	1.32259357e+03	1.30150940e+03	1.34367206e+03	2.10841642e+01	2.10784929e+01
3.11677612e+02	1.07024509e-01	8.99508788e-02	1.60815050e+03	1.58823505e+03	1.62806596e+03	1.35160209e+03	1.27497075e+03	1.27497075e+03	1.25485176e+03	1.29508451e+03	2.01189839e+01	2.01137651e+01
3.12275208e+02	1.02511469e-01	8.65725465e-02	1.54033755e+03	1.52126190e+03	1.55941320e+03	1.30083926e+03	1.22930081e+03	1.22930081e+03	1.21003516e+03	1.24856160e+03	1.92656568e+01	1.92607849e+01
3.12872742e+02	9.87025687e-02	8.34227612e-02	1.48310500e+03	1.46473812e+03	1.50147188e+03	1.25351058e+03	1.18493043e+03	1.18493043e+03	1.16638140e+03	1.20347479e+03	1.85490275e+01	1.85443571e+01
3.13470276e+02	9.55717547e-02	8.05630759e-02	1.43606139e+03	1.41827710e+03	1.45384567e+03	1.21054095e+03	1.14317770e+03	1.14317770e+03	1.12521449e+03	1.16113631e+03	1.79632039e+01	1.79586163e+01
3.14067749e+02	9.30417297e-02	7.79689488e-02	1.39804522e+03	1.38073173e+03	1.41535872e+03	1.17156159e+03	1.10391063e+03	1.10391063e+03	1.08641746e+03	1.12139920e+03	1.74931731e+01	1.74885659e+01
3.14665222e+02	9.10979729e-02	7.55368623e-02	1.36883833e+03	1.35188654e+03	1.38579012e+03	1.13501705e+03	1.06517433e+03	1.06517433e+03	1.04803704e+03	1.08230687e+03	1.71372941e+01	1.71325376e+01
3.15262665e+02	8.96730126e-02	7.33226286e-02	1.34742687e+03	1.33074024e+03	1.36411351e+03	1.10174597e+03	1.02836076e+03	1.02836076e+03	1.01147922e+03	1.04523731e+03	1.68815418e+01	1.68765441e+01
3.15860077e+02	8.86144827e-02	7.12523921e-02	1.33152140e+03	1.31503174e+03	1.34801106e+03	1.07063859e+03	9.92712557e+02	9.92712557e+02	9.76015930e+02	1.00940388e+03	1.66966275e+01	1.66913206e+01
3.16457458e+02	8.78408181e-02	6.92725528e-02	1.31989631e+03	1.30355062e+03	1.33624201e+03	1.04088952e+03	9.57549831e+02	9.57549831e+02	9.40982791e+02	9.74111195e+02	1.65670401e+01	1.65613646e+01
3.17054810e+02	8.73925140e-02	6.73919531e-02	1.31316010e+03	1.29689783e+03	1.32942237e+03	1.01263163e+03	9.22863382e+02	9.22863382e+02	9.06362690e+02	9.39357961e+02	1.65006924e+01	1.64945790e+01
3.17652130e+02	8.71994876e-02	6.56553655e-02	1.31025968e+03	1.29403333e+03	1.32648603e+03	9.86537659e+02	8.89841470e+02	8.89841470e+02	8.73358297e+02	9.06318059e+02	1.64831738e+01	1.64765887e+01
3.18249451e+02	8.72082802e-02	6.40060891e-02	1.31039180e+03	1.29416381e+03	1.32661979e+03	9.61755628e+02	8.57617551e+02	8.57617551e+02	8.41112975e+02	8.74115034e+02	1.65045754e+01	1.64974835e+01
3.18846710e+02	8.75343692e-02	6.25300002e-02	1.31529161e+03	1.29900295e+03	1.33158028e+03	9.39575913e+02	8.27349145e+02	8.27349145e+02	8.10762407e+02	8.43928241e+02	1.65867384e+01	1.65790956e+01
3.19443970e+02	8.80285118e-02	6.11554440e-02	1.32271660e+03	1.30633598e+03	1.33909722e+03	9.18921828e+02	7.98307806e+02	7.98307806e+02	7.81606839e+02	8.15000558e+02	1.67009663e+01	1.66927523e+01
3.20041168e+02	8.86011559e-02	5.98895277e-02	1.33132115e+03	1.31483397e+03	1.34780833e+03	8.99900168e+02	7.71034160e+02	7.71034160e+02	7.54204717e+02	7.87854827e+02	1.68294428e+01	1.68206667e+01
3.20638367e+02	8.92745792e-02	5.87072474e-02	1.34144001e+03	1.32482752e+03	1.35805250e+03	8.82135221e+02	7.44940283e+02	7.44940283e+02	7.27963407e+02	7.61907817e+02	1.69768769e+01	1.69675336e+01
3.21235535e+02	9.00042734e-02	5.75966157e-02	1.35240440e+03	1.33565612e+03	1.36915267e+03	8.65446867e+02	7.19992019e+02	7.19992019e+02	7.02857421e+02	7.37116712e+02	1.71345987e+01	1.71246930e+01
3.21832672e+02	9.09441816e-02	5.67548098e-02	1.36652746e+03	1.34960429e+03	1.38345064e+03	8.52797890e+02	6.99346200e+02	6.99346200e+02	6.82015461e+02	7.16666489e+02	1.73307391e+01	1.73202888e+01
3.22429749e+02	9.18192842e-02	5.60703249e-02	1.37967675e+03	1.36259074e+03	1.39676277e+03	8.42512819e+02	6.82061254e+02	6.82061254e+02	6.64549081e+02	6.99562499e+02	1.75121724e+01	1.75012453e+01
3.23026855e+02	9.27066875e-02	5.54642326e-02	1.39301088e+03	1.37575973e+03	1.41026203e+03	8.33405674e+02	6.66250873e+02	6.66250873e+02	6.48555766e+02	6.83934596e+02	1.76951068e+01	1.76837232e+01
3.23623901e+02	9.37529745e-02	5.50160077e-02	1.40873239e+03	1.39128654e+03	1.42617823e+03	8.26670647e+02	6.52808048e+02	6.52808048e+02	6.34900429e+02	6.70703826e+02	1.79076188e+01	1.78957785e+01
3.24220917e+02	9.47817873e-02	5.47099015e-02	1.42419133e+03	1.40655404e+03	1.44182862e+03	8.22071094e+02	6.42216997e+02	6.42216997e+02	6.24102020e+02	6.60319725e+02	1.81149768e+01	1.81027284e+01
3.24817902e+02	9.58249784e-02	5.44665835e-02	1.43986632e+03	1.42203492e+03	1.45769773e+03	8.18414996e+02	6.32786677e+02	6.32786677e+02	6.14462244e+02	6.51098469e+02	1.83244332e+01	1.83117915e+01
3.25414886e+02	9.70539463e-02	5.43573820e-02	1.45833280e+03	1.44027270e+03	1.47639290e+03	8.16774134e+02	6.25139728e+02	6.25139728e+02	6.06570653e+02	6.43695753e+02	1.85690753e+01	1.85560247e+01
3.26011810e+02	9.83386653e-02	5.43433383e-02	1.47763699e+03	1.45933783e+03	1.49593615e+03	8.16563114e+02	6.19099489e+02	6.19099489e+02	6.00275867e+02	6.37909664e+02	1.88236221e+01	1.88101744e+01
3.26608734e+02	9.97541862e-02	5.45174680e-02	1.49890661e+03	1.48034404e+03	1.51746918e+03	8.19179588e+02	6.16144244e+02	6.16144244e+02	5.97042419e+02	6.35232242e+02	1.91018249e+01	1.90879978e+01
3.27205627e+02	1.01142789e-01	5.47127220e-02	1.51977176e+03	1.50095079e+03	1.53859272e+03	8.22113475e+02	6.13722040e+02	6.13722040e+02	5.94347594e+02	6.33082294e+02	1.93744460e+01	1.93602542e+01
3.27802460e+02	1.02653605e-01	5.49870465e-02	1.54247328e+03	1.52337118e+03	1.56157538e+03	8.26235475e+02	6.12294313e+02	6.12294313e+02	5.92623990e+02	6.31950067e+02	1.96703233e+01	1.96557535e+01
3.28399292e+02	1.04305579e-01	5.53565447e-02	1.56729585e+03	1.54788634e+03	1.58670535e+03	8.31787555e+02	6.12090273e+02	6.12090273e+02	5.92097257e+02	6.32068327e+02	1.99930159e+01	1.99780541e+01
3.28996094e+02	1.06071049e-01	5.59140899e-02	1.59382380e+03	1.57408576e+03	1.61356183e+03	8.40165231e+02	6.15046439e+02	6.15046439e+02	5.94710500e+02	6.35367047e+02	2.03359393e+01	2.03206083e+01
3.29592865e+02	1.07982621e-01	5.65838802e-02	1.62254709e+03	1.60245334e+03	1.64264083e+03	8.50229501e+02	6.19537235e+02	6.19537235e+02	5.98830782e+02	6.40227979e+02	2.07064536e+01	2.06907430e+01
3.30189606e+02	1.10121006e-01	5.73862717e-02	1.65467847e+03	1.63418681e+03	1.67517013e+03	8.62286238e+02	6.25597650e+02	6.25597650e+02	6.04477353e+02	6.46701828e+02	2.11202970e+01	2.11041781e+01
3.30786316e+02	1.12331981e-01	5.82927234e-02	1.68790059e+03	1.66699750e+03	1.70880367e+03	8.75906583e+02	6.33362920e+02	6.33362920e+02	6.11815647e+02	6.54893675e+02	2.15472731e+01	2.15307554e+01
3.31383026e+02	1.14604613e-01	5.92872721e-02	1.72204916e+03	1.70072318e+03	1.74337514e+03	8.90850673e+02	6.42570606e+02	6.42570606e+02	6.20585199e+02	6.64539105e+02	2.19854072e+01	2.19684989e+01
3.31979675e+02	1.17071242e-01	6.03810444e-02	1.75911272e+03	1.73732774e+03	1.78089770e+03	9.07285699e+02	6.52843861e+02	6.52843861e+02	6.30383090e+02	6.75287303e+02	2.24607706e+01	2.24434426e+01
3.32576294e+02	1.19823297e-01	6.16683401e-02	1.80046510e+03	1.77816801e+03	1.82276219e+03	9.26628607e+02	6.65612511e+02	6.65612511e+02	6.42622168e+02	6.88585077e+02	2.29903425e+01	2.29725669e+01
3.33172913e+02	1.22822829e-01	6.30907513e-02	1.84553608e+03	1.82268083e+03	1.86839134e+03	9.48001761e+02	6.79907093e+02	6.79907093e+02	6.56339788e+02	7.03456141e+02	2.35673053e+01	2.35490476e+01
3.33769470e+02	1.26076424e-01	6.46579147e-02	1.89442461e+03	1.87096392e+03	1.91788530e+03	9.71549960e+02	6.95886105e+02	6.95886105e+02	6.71693257e+02	7.20060179e+02	2.41928479e+01	2.41740747e+01
3.34366028e+02	1.29661948e-01	6.64777836e-02	1.94830071e+03	1.92417281e+03	1.97242860e+03	9.98895314e+02	7.15306691e+02	7.15306691e+02	6.90425589e+02	7.40168479e+02	2.48811014e+01	2.48617885e+01
3.34962555e+02	1.33483666e-01	6.84618624e-02	2.00572585e+03	1.98088679e+03	2.03056490e+03	1.02870809e+03	7.36871613e+02	7.36871613e+02	7.11257449e+02	7.62465903e+02	2.56141646e+01	2.55942900e+01
3.35559052e+02	1.37559002e-01	7.05413546e-02	2.06696185e+03	2.04136444e+03	2.09255926e+03	1.05995454e+03	7.59160150e+02	7.59160150e+02	7.32763842e+02	7.85535973e+02	2.63963077e+01	2.63758231e+01
3.36155518e+02	1.41903762e-01	7.26544673e-02	2.13224622e+03	2.10584033e+03	2.15865211e+03	1.09170618e+03	7.80895515e+02	7.80895515e+02	7.53664118e+02	8.08105745e+02	2.72313970e+01	2.72102303e+01
3.36751953e+02	1.46496362e-01	7.49660634e-02	2.20125463e+03	2.17399414e+03	2.22851513e+03	1.12644022e+03	8.05391764e+02	8.05391764e+02	7.77278570e+02	8.33483094e+02	2.81131936e+01	2.80913296e+01
3.37348358e+02	1.51271297e-01	7.74481296e-02	2.27300282e+03	2.24485379e+03	2.30115185e+03	1.16373576e+03	8.32396243e+02	8.32396243e+02	8.03367182e+02	8.61402739e+02	2.90290611e+01	2.90064963e+01
3.37944733e+02	1.56240353e-01	7.98983385e-02	2.34766787e+03	2.31859418e+03	2.37674156e+03	1.20055260e+03	8.57907780e+02	8.57907780e+02	8.27924035e+02	8.87868190e+02	2.99837451e+01	2.99604103e+01
3.38541077e+02	1.61434897e-01	8.24136857e-02	2.42572110e+03	2.39568080e+03	2.45576141e+03	1.23834821e+03	8.83678388e+02	8.83678388e+02	8.52696088e+02	9.14636535e+02	3.09823001e+01	3.09581464e+01
3.39137390e+02	1.66884773e-01	8.52144024e-02	2.50761094e+03	2.47655651e+03	2.53866538e+03	1.28043179e+03	9.13871779e+02	9.13871779e+02	8.81843769e+02	9.45874825e+02	3.20280099e+01	3.20030465e+01
3.39733704e+02	1.72520707e-01	8.81096951e-02	2.59229650e+03	2.56019331e+03	2.62439969e+03	1.32393646e+03	9.45075672e+02	9.45075672e+02	9.11966240e+02	9.78159304e+02	3.31094325e+01	3.30836313e+01
3.40329956e+02	1.78414215e-01	9.10765524e-02	2.68085237e+03	2.64765250e+03	2.71405224e+03	1.36851647e+03	9.76520026e+02	9.76520026e+02	9.42279023e+02	1.01073433e+03	3.42410028e+01	3.42143071e+01
3.40926178e+02	1.84555947e-01	9.40606267e-02	2.77313804e+03	2.73879530e+03	2.80748078e+03	1.41335517e+03	1.00718626e+03	1.00718626e+03	9.71764747e+02	1.04258012e+03	3.54215169e+01	3.53938560e+01
3.41522400e+02	1.90908324e-01	9.72533583e-02	2.86858887e+03	2.83306406e+03	2.90411368e+03	1.46132916e+03	1.04097886e+03	1.04097886e+03	1.00433761e+03	1.07759149e+03	3.66412523e+01	3.66126257e+01
3.42118591e+02	1.97492630e-01	1.00574976e-01	2.96752467e+03	2.93077463e+03	3.00427472e+03	1.51123979e+03	1.07624561e+03	1.07624561e+03	1.03834023e+03	1.11412136e+03	3.79053743e+01	3.78757504e+01
3.42714722e+02	2.04337614e-01	1.03934035e-01	3.07037741e+03	3.03235363e+03	3.10840119e+03	1.56171302e+03	1.11107301e+03	1.11107301e+03	1.07185234e+03	1.15026298e+03	3.92206650e+01	3.91899756e+01
3.43310852e+02	2.11485927e-01	1.07433902e-01	3.17778799e+03	3.13843403e+03	3.21714194e+03	1.61430204e+03	1.14728676e+03	1.14728676e+03	1.10669242e+03	1.18784929e+03	4.05943376e+01	4.05625330e+01
3.43906952e+02	2.18959452e-01	1.11207139e-01	3.29008518e+03	3.24934052e+03	3.33082983e+03	1.67099870e+03	1.18737547e+03	1.18737547e+03	1.14534632e+03	1.22937168e+03	4.20291445e+01	4.19962088e+01
3.44503021e+02	2.26741818e-01	1.15135133e-01	3.40702303e+03	3.36483021e+03	3.44921586e+03	1.73002074e+03	1.22909798e+03	1.22909798e+03	1.18557472e+03	1.27258712e+03	4.35232585e+01	4.34891447e+01
3.45099060e+02	2.34766969e-01	1.19148365e-01	3.52760897e+03	3.48392280e+03	3.57129514e+03	1.79032358e+03	1.27139418e+03	1.27139418e+03	1.22632975e+03	1.31642327e+03	4.50644286e+01	4.50290886e+01
3.45695068e+02	2.43008191e-01	1.23164815e-01	3.65144159e+03	3.60622187e+03	3.69666131e+03	1.85067476e+03	1.31278337e+03	1.31278337e+03	1.26613503e+03	1.35939509e+03	4.66483433e+01	4.66117119e+01
3.46291046e+02	2.51409551e-01	1.27237039e-01	3.77768043e+03	3.73089736e+03	3.82446350e+03	1.91186401e+03	1.35454223e+03	1.35454223e+03	1.30627893e+03	1.40276757e+03	4.82633009e+01	4.82253463e+01
3.46886993e+02	2.59993970e-01	1.31363888e-01	3.90666993e+03	3.85828944e+03	3.95505041e+03	1.97387405e+03	1.39654541e+03	1.39654541e+03	1.34663156e+03	1.44641995e+03	4.99138539e+01	4.98745368e+01
3.47482910e+02	2.68768282e-01	1.35560475e-01	4.03851276e+03	3.98849953e+03	4.08852600e+03	2.03693198e+03	1.43905720e+03	1.43905720e+03	1.38745603e+03	1.49061766e+03	5.16011751e+01	5.15604588e+01
3.48078827e+02	2.77785606e-01	1.39863217e-01	4.17400710e+03	4.12231589e+03	4.22569831e+03	2.10158499e+03	1.48254982e+03	1.48254982e+03	1.42921447e+03	1.53584301e+03	5.33353483e+01	5.32931908e+01
3.48674683e+02	2.87056282e-01	1.44262756e-01	4.31330829e+03	4.25989197e+03	4.36672462e+03	2.16769247e+03	1.52679424e+03	1.52679424e+03	1.47167570e+03	1.58186912e+03	5.51185321e+01	5.50748858e+01
3.49270508e+02	2.96570425e-01	1.48759545e-01	4.45626782e+03	4.40108108e+03	4.51145457e+03	2.23526124e+03	1.57184369e+03	1.57184369e+03	1.51489492e+03	1.62874727e+03	5.69487640e+01	5.69035841e+01
3.49866333e+02	3.06347968e-01	1.53356006e-01	4.60318520e+03	4.54617902e+03	4.66019138e+03	2.30432766e+03	1.61765593e+03	1.61765593e+03	1.55882597e+03	1.67643913e+03	5.88299620e+01	5.87831984e+01
3.50462097e+02	3.16207488e-01	1.58021179e-01	4.75133437e+03	4.69249349e+03	4.81017524e+03	2.37442656e+03	1.66444111e+03	1.66444111e+03	1.60371454e+03	1.72511933e+03	6.07265726e+01	6.06782213e+01
3.51057861e+02	3.25979075e-01	1.62608126e-01	4.89816225e+03	4.83750305e+03	4.95882145e+03	2.44335004e+03	1.71009445e+03	1.71009445e+03	1.64748774e+03	1.77265121e+03	6.26067047e+01	6.25567687e+01
3.51653595e+02	3.36035750e-01	1.67383581e-01	5.04927387e+03	4.98674330e+03	5.11180445e+03	2.51510603e+03	1.75814680e+03	1.75814680e+03	1.69360577e+03	1.82263629e+03	6.45410383e+01	6.44894879e+01
3.52249268e+02	3.46290827e-01	1.72247939e-01	5.20336668e+03	5.13892781e+03	5.26780555e+03	2.58819790e+03	1.80704358e+03	1.80704358e+03	1.74052999e+03	1.87350398e+03	6.65135962e+01	6.64603982e+01
3.52844940e+02	3.56630335e-01	1.77278558e-01	5.35872815e+03	5.29236527e+03	5.42509103e+03	2.66378799e+03	1.85880586e+03	1.85880586e+03	1.79030497e+03	1.92725193e+03	6.85008900e+01	6.84460693e+01
3.53440582e+02	3.67167290e-01	1.82375015e-01	5.51705646e+03	5.44873283e+03	5.58538009e+03	2.74036735e+03	1.91096670e+03	1.91096670e+03	1.84044021e+03	1.98143671e+03	7.05264943e+01	7.04700106e+01
3.54036194e+02	3.78035183e-01	1.87557692e-01	5.68035744e+03	5.61001148e+03	5.75070340e+03	2.81824227e+03	1.96332476e+03	1.96332476e+03	1.89070816e+03	2.03588313e+03	7.26165976e+01	7.25583761e+01
3.54631775e+02	3.89238851e-01	1.93036589e-01	5.84870378e+03	5.77627301e+03	5.92113456e+03	2.90056818e+03	2.01995625e+03	2.01995625e+03	1.94518660e+03	2.09466593e+03	7.47696546e+01	7.47096833e+01
3.55227325e+02	4.00287864e-01	1.98425103e-01	6.01472627e+03	5.94023946e+03	6.08921308e+03	2.98153602e+03	2.07551815e+03	2.07551815e+03	1.99862498e+03	2.15234961e+03	7.68931667e+01	7.68314652e+01
3.55822845e+02	4.11081439e-01	2.03640315e-01	6.17691056e+03	6.10041525e+03	6.25340587e+03	3.05989979e+03	2.12884463e+03	2.12884463e+03	2.04987646e+03	2.20774939e+03	7.89681671e+01	7.89047606e+01
3.56418335e+02	4.21679594e-01	2.08807543e-01	6.33615845e+03	6.25769101e+03	6.41462590e+03	3.13754258e+03	2.18211186e+03	2.18211186e+03	2.10110681e+03	2.26305184e+03	8.10050454e+01	8.09399788e+01
3.57013794e+02	4.31738703e-01	2.13720914e-01	6.48730665e+03	6.40696738e+03	6.56764593e+03	3.21137090e+03	2.23284463e+03	2.23284463e+03	2.14990641e+03	2.31571621e+03	8.29382169e+01	8.28715775e+01
3.57609222e+02	4.42230680e-01	2.18868366e-01	6.64495911e+03	6.56266745e+03	6.72725077e+03	3.28871652e+03	2.28620251e+03	2.28620251e+03	2.20124820e+03	2.37108854e+03	8.49543072e+01	8.48860341e+01
3.58204651e+02	4.53097146e-01	2.24184726e-01	6.80823866e+03	6.72392493e+03	6.89255238e+03	3.36860016e+03	2.34117567e+03	2.34117567e+03	2.25413313e+03	2.42814823e+03	8.70425345e+01	8.69725650e+01
3.58800018e+02	4.64558245e-01	2.29682811e-01	6.98045315e+03	6.89400671e+03	7.06689959e+03	3.45121440e+03	2.39702620e+03	2.39702620e+03	2.30777986e+03	2.48620074e+03	8.92463350e+01	8.91745429e+01
3.59395386e+02	4.76471748e-01	2.35442482e-01	7.15946548e+03	7.07080213e+03	7.24812882e+03	3.53775922e+03	2.45595086e+03	2.45595086e+03	2.36441427e+03	2.54741378e+03	9.15365951e+01	9.14629219e+01
3.59990692e+02	4.88509737e-01	2.41130522e-01	7.34034833e+03	7.24944492e+03	7.43125174e+03	3.62322772e+03	2.51291897e+03	2.51291897e+03	2.41906661e+03	2.60669571e+03	9.38523578e+01	9.37767437e+01
3.60585968e+02	5.00700660e-01	2.46800510e-01	7.52352915e+03	7.43035722e+03	7.61670108e+03	3.70842498e+03	2.56884841e+03	2.56884841e+03	2.47264979e+03	2.66496941e+03	9.61986169e+01	9.61210097e+01
3.61181244e+02	5.12774946e-01	2.52386183e-01	7.70495740e+03	7.60953864e+03	7.80037615e+03	3.79235531e+03	2.62365599e+03	2.62365599e+03	2.52513320e+03	2.72209919e+03	9.85227868e+01	9.84431962e+01
3.61776489e+02	5.24566886e-01	2.57798966e-01	7.88214311e+03	7.78453008e+03	7.97975615e+03	3.87368779e+03	2.67635699e+03	2.67635699e+03	2.57556387e+03	2.77706856e+03	1.00793112e+02	1.00711572e+02
3.62371674e+02	5.36695486e-01	2.63426793e-01	8.06438749e+03	7.96451752e+03	8.16425745e+03	3.95825154e+03	2.73174340e+03	2.73174340e+03	2.62861586e+03	2.83478740e+03	1.03127534e+02	1.03044006e+02
3.62966858e+02	5.48545904e-01	2.69129811e-01	8.24245190e+03	8.14037677e+03	8.34452702e+03	4.04394509e+03	2.78984566e+03	2.78984566e+03	2.68443968e+03	2.89516623e+03	1.05405978e+02	1.05320572e+02
3.63562012e+02	5.60188288e-01	2.74715946e-01	8.41739037e+03	8.31314880e+03	8.52163195e+03	4.12788237e+03	2.84660076e+03	2.84660076e+03	2.73895613e+03	2.95415812e+03	1.07644624e+02	1.07557366e+02
3.64157135e+02	5.71712785e-01	2.80215901e-01	8.59055749e+03	8.48417140e+03	8.69694358e+03	4.21052471e+03	2.90220322e+03	2.90220322e+03	2.79234227e+03	3.01197508e+03	1.09860955e+02	1.09771856e+02
3.64752197e+02	5.83354999e-01	2.85724962e-01	8.76549343e+03	8.65694092e+03	8.87404594e+03	4.29330387e+03	2.95745504e+03	2.95745504e+03	2.84535455e+03	3.06946455e+03	1.12100487e+02	1.12009513e+02
3.65347260e+02	5.95178574e-01	2.91184652e-01	8.94315450e+03	8.83240182e+03	9.05390717e+03	4.37534118e+03	3.01092941e+03	3.01092941e+03	2.89655290e+03	3.12521301e+03	1.14376517e+02	1.14283598e+02
3.65942291e+02	6.07427137e-01	2.96763634e-01	9.12720143e+03	9.01416950e+03	9.24023336e+03	4.45917099e+03	3.06482423e+03	3.06482423e+03	2.94808896e+03	3.18146455e+03	1.16735274e+02	1.16640316e+02
3.66537292e+02	6.20149803e-01	3.02492349e-01	9.31837223e+03	9.20297282e+03	9.43377163e+03	4.54525067e+03	3.11951306e+03	3.11951306e+03	3.00032694e+03	3.23860209e+03	1.19186120e+02	1.19089025e+02
3.67132263e+02	6.32962999e-01	3.08306048e-01	9.51090334e+03	9.39311962e+03	9.62868706e+03	4.63260731e+03	3.17545395e+03	3.17545395e+03	3.05380007e+03	3.29700860e+03	1.21653879e+02	1.21554644e+02
3.67727203e+02	6.45617630e-01	3.14074932e-01	9.70105185e+03	9.58091332e+03	9.82119039e+03	4.71929058e+03	3.23123201e+03	3.23123201e+03	3.10714124e+03	3.35522145e+03	1.24090775e+02	1.23989436e+02
3.68322113e+02	6.58054353e-01	3.19656875e-01	9.88792608e+03	9.76547328e+03	1.00103789e+04	4.80316486e+03	3.28434008e+03	3.28434008e+03	3.15785333e+03	3.41072340e+03	1.26486753e+02	1.26383319e+02
3.68917023e+02	6.69885108e-01	3.25073000e-01	1.00656950e+04	9.94104073e+03	1.01903493e+04	4.88454758e+03	3.33693210e+03	3.33693210e+03	3.20816738e+03	3.46559143e+03	1.28764724e+02	1.28659329e+02
3.69511871e+02	6.81457918e-01	3.30397804e-01	1.02395881e+04	1.01127803e+04	1.03663959e+04	4.96455809e+03	3.38889978e+03	3.38889978e+03	3.25790707e+03	3.51978518e+03	1.30992710e+02	1.30885404e+02
3.70106689e+02	6.92478012e-01	3.35609782e-01	1.04051760e+04	1.02763176e+04	1.05340345e+04	5.04287328e+03	3.44114648e+03	3.44114648e+03	3.30803388e+03	3.57415000e+03	1.33112600e+02	1.33003520e+02
3.70701477e+02	7.03473631e-01	3.40856938e-01	1.05703962e+04	1.04394917e+04	1.07013008e+04	5.12171706e+03	3.49418951e+03	3.49418951e+03	3.35896229e+03	3.62930590e+03	1.35227225e+02	1.35116388e+02
3.71296265e+02	7.14572382e-01	3.46234339e-01	1.07371661e+04	1.06041962e+04	1.08701359e+04	5.20251790e+03	3.54931129e+03	3.54931129e+03	3.41195058e+03	3.68655943e+03	1.37360718e+02	1.37248132e+02
3.71890991e+02	7.26014166e-01	3.51580786e-01	1.09090904e+04	1.07739914e+04	1.10441893e+04	5.28285362e+03	3.60228939e+03	3.60228939e+03	3.46272689e+03	3.74173745e+03	1.39562502e+02	1.39448052e+02
3.72485687e+02	7.36792781e-01	3.56933310e-01	1.10710499e+04	1.09339452e+04	1.12081546e+04	5.36328066e+03	3.65836259e+03	3.65836259e+03	3.51672969e+03	3.79987939e+03	1.41632903e+02	1.41516795e+02
3.73080383e+02	7.47830485e-01	3.62330832e-01	1.12369024e+04	1.10977438e+04	1.13760610e+04	5.44438383e+03	3.71415100e+03	3.71415100e+03	3.57039693e+03	3.85778724e+03	1.43754069e+02	1.43636237e+02
3.73675018e+02	7.58092324e-01	3.67207849e-01	1.13910968e+04	1.12500287e+04	1.15321650e+04	5.51766590e+03	3.76326445e+03	3.76326445e+03	3.61753664e+03	3.90887279e+03	1.45727815e+02	1.45608337e+02
3.74269653e+02	7.67350706e-01	3.71623881e-01	1.15302133e+04	1.13874223e+04	1.16730043e+04	5.58402121e+03	3.80788591e+03	3.80788591e+03	3.66037754e+03	3.95527332e+03	1.47508368e+02	1.47387410e+02
3.74864227e+02	7.76694711e-01	3.75961201e-01	1.16706163e+04	1.15260866e+04	1.18151461e+04	5.64919378e+03	3.85058705e+03	3.85058705e+03	3.70128024e+03	3.99977137e+03	1.49306813e+02	1.49184324e+02
3.75458801e+02	7.85890506e-01	3.80283046e-01	1.18087924e+04	1.16625514e+04	1.19550333e+04	5.71413384e+03	3.89365141e+03	3.89365141e+03	3.74257532e+03	4.04460353e+03	1.51076096e+02	1.50952118e+02
3.76053314e+02	7.94791109e-01	3.84618701e-01	1.19425329e+04	1.17946357e+04	1.20904301e+04	5.77928140e+03	3.93831018e+03	3.93831018e+03	3.78552342e+03	4.09097158e+03	1.52786765e+02	1.52661392e+02
3.76647827e+02	8.03723801e-01	3.89060225e-01	1.20767555e+04	1.19271961e+04	1.22263149e+04	5.84601974e+03	3.98489088e+03	3.98489088e+03	3.83038835e+03	4.13926666e+03	1.54502527e+02	1.54375780e+02
3.77242310e+02	8.11958776e-01	3.93599733e-01	1.22004942e+04	1.20494024e+04	1.23515861e+04	5.91423040e+03	4.03651523e+03	4.03651523e+03	3.88043626e+03	4.19246632e+03	1.56078969e+02	1.55951093e+02
3.77836761e+02	8.20914455e-01	3.98210300e-01	1.23350623e+04	1.21823040e+04	1.24878206e+04	5.98350880e+03	4.08629152e+03	4.08629152e+03	3.92849426e+03	4.24395958e+03	1.57797267e+02	1.57668063e+02
3.78431152e+02	8.29481781e-01	4.02383209e-01	1.24637950e+04	1.23094424e+04	1.26181475e+04	6.04621093e+03	4.12927025e+03	4.12927025e+03	3.96982636e+03	4.28858359e+03	1.59443886e+02	1.59313339e+02
3.79025543e+02	8.37533374e-01	4.06329895e-01	1.25847782e+04	1.24289274e+04	1.27406290e+04	6.10551385e+03	4.17014917e+03	4.17014917e+03	4.00915809e+03	4.33100845e+03	1.60991085e+02	1.60859283e+02
3.79619904e+02	8.46170227e-01	4.10385116e-01	1.27145556e+04	1.25570976e+04	1.28720136e+04	6.16644761e+03	4.21051925e+03	4.21051925e+03	4.04786637e+03	4.37303892e+03	1.62652874e+02	1.62519672e+02
3.80214233e+02	8.54176576e-01	4.14456226e-01	1.28348590e+04	1.26759112e+04	1.29938068e+04	6.22762011e+03	4.25402928e+03	4.25402928e+03	4.08983965e+03	4.41808450e+03	1.64189631e+02	1.64055226e+02
3.80808533e+02	8.61500134e-01	4.18277130e-01	1.29449028e+04	1.27845922e+04	1.31052134e+04	6.28503302e+03	4.29572126e+03	4.29572126e+03	4.13012709e+03	4.46117996e+03	1.65594176e+02	1.65458701e+02
3.81402802e+02	8.68327129e-01	4.21919777e-01	1.30474852e+04	1.28859042e+04	1.32090663e+04	6.33976745e+03	4.33616343e+03	4.33616343e+03	4.16926091e+03	4.50292951e+03	1.66902525e+02	1.66766075e+02
3.81997040e+02	8.74886066e-01	4.25499658e-01	1.31460399e+04	1.29832383e+04	1.33088414e+04	6.39355874e+03	4.37658387e+03	4.37658387e+03	4.20842532e+03	4.54460505e+03	1.68158545e+02	1.68021185e+02
3.82591217e+02	8.81578811e-01	4.29115404e-01	1.32466050e+04	1.30825581e+04	1.34106520e+04	6.44788895e+03	4.41710362e+03	4.41710362e+03	4.24766299e+03	4.58640595e+03	1.69440631e+02	1.69302331e+02
3.83185394e+02	8.88407333e-01	4.32699039e-01	1.33492104e+04	1.31838928e+04	1.35145280e+04	6.50173666e+03	4.45638735e+03	4.45638735e+03	4.28563737e+03	4.62699805e+03	1.70749985e+02	1.70610693e+02
3.83779541e+02	8.95607782e-01	4.36239801e-01	1.34574044e+04	1.32907469e+04	1.36240619e+04	6.55494015e+03	4.49316511e+03	4.49316511e+03	4.32103162e+03	4.66515820e+03	1.72133494e+02	1.71993083e+02
3.84373688e+02	9.02553026e-01	4.39707325e-01	1.35617636e+04	1.33938138e+04	1.37297135e+04	6.60704318e+03	4.52965915e+03	4.52965915e+03	4.35619180e+03	4.70298502e+03	1.73467343e+02	1.73325870e+02
3.84967773e+02	9.09055889e-01	4.43079116e-01	1.36594757e+04	1.34903157e+04	1.38286356e+04	6.65770772e+03	4.56627054e+03	4.56627054e+03	4.39155580e+03	4.74084285e+03	1.74714741e+02	1.74572310e+02
3.85561829e+02	9.15264582e-01	4.46229570e-01	1.37527675e+04	1.35824522e+04	1.39230828e+04	6.70504645e+03	4.59988301e+03	4.59988301e+03	4.42397648e+03	4.77564618e+03	1.75906530e+02	1.75763165e+02
3.86155853e+02	9.20960910e-01	4.49164916e-01	1.38383605e+04	1.36669853e+04	1.40097358e+04	6.74915295e+03	4.63159744e+03	4.63159744e+03	4.45459800e+03	4.80845266e+03	1.76999434e+02	1.76855225e+02
3.86749847e+02	9.26851135e-01	4.52291427e-01	1.39268671e+04	1.37543957e+04	1.40993384e+04	6.79613191e+03	4.66617206e+03	4.66617206e+03	4.48804361e+03	4.84415546e+03	1.78128451e+02	1.77983397e+02
3.87343811e+02	9.32770820e-01	4.55602100e-01	1.40158163e+04	1.38422434e+04	1.41893892e+04	6.84587810e+03	4.70420826e+03	4.70420826e+03	4.52494715e+03	4.88332351e+03	1.79261106e+02	1.79115254e+02
3.87937744e+02	9.38764444e-01	4.58864088e-01	1.41058765e+04	1.39311883e+04	1.42805647e+04	6.89489275e+03	4.74096254e+03	4.74096254e+03	4.56055355e+03	4.92122483e+03	1.80408981e+02	1.80262294e+02
3.88531677e+02	9.44597841e-01	4.61928096e-01	1.41935291e+04	1.40177554e+04	1.43693028e+04	6.94093253e+03	4.77457251e+03	4.77457251e+03	4.59304502e+03	4.95595247e+03	1.81527491e+02	1.81379958e+02
3.89125549e+02	9.50661297e-01	4.65096649e-01	1.42846386e+04	1.41077366e+04	1.44615406e+04	6.98854322e+03	4.80919005e+03	4.80919005e+03	4.62649974e+03	4.99173194e+03	1.82690307e+02	1.82541889e+02
3.89719391e+02	9.57008794e-01	4.68430509e-01	1.43800161e+04	1.42019330e+04	1.45580993e+04	7.03863780e+03	4.84575856e+03	4.84575856e+03	4.66185117e+03	5.02951662e+03	1.83907394e+02	1.83758055e+02
3.90313202e+02	9.62637215e-01	4.71614065e-01	1.44645888e+04	1.42854583e+04	1.46437193e+04	7.08647393e+03	4.88262143e+03	4.88262143e+03	4.69763754e+03	5.06745524e+03	1.84983892e+02	1.84833806e+02
3.90907013e+02	9.67622434e-01	4.74481776e-01	1.45394967e+04	1.43594385e+04	1.47195549e+04	7.12956415e+03	4.91620767e+03	4.91620767e+03	4.73027087e+03	5.10199374e+03	1.85936800e+02	1.85786066e+02
3.91500763e+02	9.72908008e-01	4.77322613e-01	1.46189177e+04	1.44378760e+04	1.47999595e+04	7.17225057e+03	4.94792142e+03	4.94792142e+03	4.76097192e+03	5.13471944e+03	1.86949499e+02	1.86798018e+02
3.92094482e+02	9.77232402e-01	4.80168106e-01	1.46838961e+04	1.45020497e+04	1.48657425e+04	7.21500696e+03	4.98404007e+03	4.98404007e+03	4.79626824e+03	5.17165996e+03	1.87771825e+02	1.87619892e+02
3.92688202e+02	9.80982726e-01	4.82627737e-01	1.47402485e+04	1.45577042e+04	1.49227928e+04	7.25196538e+03	5.01520549e+03	5.01520549e+03	4.82672041e+03	5.20353824e+03	1.88485083e+02	1.88332756e+02
3.93281860e+02	9.83161257e-01	4.84850889e-01	1.47729831e+04	1.45900334e+04	1.49559328e+04	7.28537047e+03	5.04881085e+03	5.04881085e+03	4.85992091e+03	5.23754848e+03	1.88889939e+02	1.88737625e+02
3.93875488e+02	9.86342165e-01	4.87432847e-01	1.48207794e+04	1.46372378e+04	1.50043210e+04	7.32416697e+03	5.08491909e+03	5.08491909e+03	4.89543010e+03	5.27425559e+03	1.89488992e+02	1.89336496e+02
3.94469116e+02	9.89858579e-01	4.90236422e-01	1.48736171e+04	1.46894211e+04	1.50578130e+04	7.36629350e+03	5.12384620e+03	5.12384620e+03	4.93369437e+03	5.31384532e+03	1.90151835e+02	1.89999120e+02
3.95062683e+02	9.92145295e-01	4.92579674e-01	1.49079773e+04	1.47233558e+04	1.50925987e+04	7.40150321e+03	5.15930966e+03	5.15930966e+03	4.96873298e+03	5.34973364e+03	1.90576681e+02	1.90423983e+02
3.95656250e+02	9.93994122e-01	4.94762537e-01	1.49357577e+04	1.47507922e+04	1.51207233e+04	7.43430292e+03	5.19360862e+03	5.19360862e+03	5.00269188e+03	5.38437276e+03	1.90916734e+02	1.90764139e+02
3.96249756e+02	9.96417590e-01	4.97115954e-01	1.49721728e+04	1.47867563e+04	1.51575893e+04	7.46966536e+03	5.22865664e+03	5.22865664e+03	5.03728811e+03	5.41987256e+03	1.91368536e+02	1.91215919e+02
3.96843262e+02	9.97775544e-01	4.99380441e-01	1.49925774e+04	1.48069082e+04	1.51782466e+04	7.50369154e+03	5.26675161e+03	5.26675161e+03	5.07514119e+03	5.45820969e+03	1.91610421e+02	1.91458081e+02
3.97436707e+02	9.98749247e-01	5.01390942e-01	1.50072083e+04	1.48213579e+04	1.51930586e+04	7.53390134e+03	5.30161486e+03	5.30161486e+03	5.10983561e+03	5.49324209e+03	1.91779252e+02	1.91627229e+02
3.98030151e+02	9.98832233e-01	5.03470230e-01	1.50084552e+04	1.48225894e+04	1.51943210e+04	7.56514472e+03	5.34181821e+03	5.34181821e+03	5.15004731e+03	5.53343769e+03	1.91770896e+02	1.91619484e+02
3.98623535e+02	9.99309721e-01	5.05504651e-01	1.50156299e+04	1.48296753e+04	1.52015846e+04	7.59571394e+03	5.37937540e+03	5.37937540e+03	5.18753421e+03	5.57106565e+03	1.91841189e+02	1.91690252e+02
3.99216919e+02	1.00000000e+00	5.07491078e-01	1.50260021e+04	1.48399190e+04	1.52120852e+04	7.62556199e+03	5.41504092e+03	5.41504092e+03	5.22308673e+03	5.60684457e+03	1.91954187e+02	1.91803647e+02
3.99810242e+02	9.99429135e-01	5.08961569e-01	1.50174243e+04	1.48314474e+04	1.52034011e+04	7.64765759e+03	5.44629871e+03	5.44629871e+03	5.25447508e+03	5.63797242e+03	1.91823624e+02	1.91673708e+02
4.00403564e+02	9.98516269e-01	5.10304028e-01	1.50037075e+04	1.48179005e+04	1.51895145e+04	7.66782938e+03	5.47659306e+03	5.47659306e+03	5.28496619e+03	5.66807070e+03	1.91626870e+02	1.91477643e+02
4.00996826e+02	9.98002178e-01	5.11778207e-01	1.49959828e+04	1.48102714e+04	1.51816941e+04	7.68998040e+03	5.50766800e+03	5.50766800e+03	5.31616050e+03	5.69902689e+03	1.91507505e+02	1.91358885e+02
4.01590088e+02	9.96483268e-01	5.13039430e-01	1.49731597e+04	1.47877310e+04	1.51585884e+04	7.70893155e+03	5.53909718e+03	5.53909718e+03	5.34790546e+03	5.73014113e+03	1.91191720e+02	1.91043950e+02
4.02183289e+02	9.94940692e-01	5.14333007e-01	1.49499809e+04	1.47648393e+04	1.51351226e+04	7.72836884e+03	5.57126393e+03	5.57126393e+03	5.38039307e+03	5.76198790e+03	1.90870864e+02	1.90723961e+02
4.02776489e+02	9.94047354e-01	5.15758008e-01	1.49365576e+04	1.47515822e+04	1.51215330e+04	7.74978090e+03	5.60308136e+03	5.60308136e+03	5.41240437e+03	5.79361216e+03	1.90676992e+02	1.90530798e+02
4.03369659e+02	9.93219286e-01	5.17099637e-01	1.49241151e+04	1.47392937e+04	1.51089364e+04	7.76994022e+03	5.63297891e+03	5.63297891e+03	5.44248187e+03	5.82333041e+03	1.90497038e+02	1.90351507e+02
4.03962769e+02	9.92383457e-01	5.18496276e-01	1.49115559e+04	1.47268901e+04	1.50962217e+04	7.79092611e+03	5.66398475e+03	5.66398475e+03	5.47366986e+03	5.85415480e+03	1.90314892e+02	1.90170043e+02
4.04555878e+02	9.90530223e-01	5.19752768e-01	1.48837092e+04	1.46993883e+04	1.50680301e+04	7.80980617e+03	5.69682215e+03	5.69682215e+03	5.50688919e+03	5.88661122e+03	1.89932966e+02	1.89789068e+02
4.05148926e+02	9.88420699e-01	5.20842332e-01	1.48520115e+04	1.46680831e+04	1.50359399e+04	7.82617796e+03	5.72755237e+03	5.72755237e+03	5.53805009e+03	5.91691174e+03	1.89502284e+02	1.89359363e+02
4.05741974e+02	9.85945055e-01	5.21781684e-01	1.48148124e+04	1.46313447e+04	1.49982802e+04	7.84029267e+03	5.75699456e+03	5.75699456e+03	5.56799366e+03	5.94585358e+03	1.89000899e+02	1.88859022e+02
4.06334991e+02	9.82866372e-01	5.22596836e-01	1.47685521e+04	1.45856573e+04	1.49514470e+04	7.85254115e+03	5.78671968e+03	5.78671968e+03	5.59833809e+03	5.97496059e+03	1.88381590e+02	1.88240904e+02
4.06927948e+02	9.80018814e-01	5.23344065e-01	1.47257647e+04	1.45433998e+04	1.49081297e+04	7.86376901e+03	5.81408197e+03	5.81408197e+03	5.62627312e+03	6.00175124e+03	1.87808855e+02	1.87669268e+02
4.07520905e+02	9.78042061e-01	5.23893180e-01	1.46960620e+04	1.45140649e+04	1.48780591e+04	7.87202001e+03	5.83366980e+03	5.83366980e+03	5.64625889e+03	6.02094189e+03	1.87410905e+02	1.87272089e+02
4.08113800e+02	9.76537382e-01	5.24549561e-01	1.46734527e+04	1.44917356e+04	1.48551698e+04	7.88188279e+03	5.85323202e+03	5.85323202e+03	5.66612688e+03	6.04019902e+03	1.87105148e+02	1.86966993e+02
4.08706696e+02	9.74537236e-01	5.25245081e-01	1.46433985e+04	1.44620536e+04	1.48247434e+04	7.89233368e+03	5.87578184e+03	5.87578184e+03	5.68908102e+03	6.06234533e+03	1.86700820e+02	1.86563489e+02
4.09299561e+02	9.72395106e-01	5.26020315e-01	1.46112109e+04	1.44302646e+04	1.47921572e+04	7.90398235e+03	5.90052447e+03	5.90052447e+03	5.71425704e+03	6.08665546e+03	1.86267429e+02	1.86130990e+02
4.09892365e+02	9.70436530e-01	5.26904975e-01	1.45817813e+04	1.44011995e+04	1.47623632e+04	7.91727525e+03	5.92657864e+03	5.92657864e+03	5.74070956e+03	6.11231215e+03	1.85869077e+02	1.85733507e+02
4.10485168e+02	9.67843577e-01	5.27524365e-01	1.45428196e+04	1.43627203e+04	1.47229189e+04	7.92658221e+03	5.95030351e+03	5.95030351e+03	5.76495523e+03	6.13551720e+03	1.85348279e+02	1.85213691e+02
4.11077942e+02	9.64973947e-01	5.27957693e-01	1.44997005e+04	1.43201352e+04	1.46792659e+04	7.93309339e+03	5.97163931e+03	5.97163931e+03	5.78686440e+03	6.15628065e+03	1.84774916e+02	1.84641337e+02
4.11670654e+02	9.62355212e-01	5.28284484e-01	1.44603514e+04	1.42812734e+04	1.46394295e+04	7.93800375e+03	5.98977004e+03	5.98977004e+03	5.80551754e+03	6.17388986e+03	1.84252500e+02	1.84119822e+02
4.12263367e+02	9.60060625e-01	5.28420825e-01	1.44258729e+04	1.42472219e+04	1.46045240e+04	7.94005241e+03	6.00272939e+03	6.00272939e+03	5.81893285e+03	6.18639399e+03	1.83796538e+02	1.83664603e+02
4.12856018e+02	9.57902311e-01	5.28710804e-01	1.43934421e+04	1.42151927e+04	1.45716916e+04	7.94440963e+03	6.01807526e+03	6.01807526e+03	5.83470953e+03	6.20130980e+03	1.83365727e+02	1.83234540e+02
4.13448669e+02	9.54905980e-01	5.28914447e-01	1.43484192e+04	1.41707274e+04	1.45261111e+04	7.94746957e+03	6.03549759e+03	6.03549759e+03	5.85272758e+03	6.21813740e+03	1.82770014e+02	1.82639805e+02
4.14041290e+02	9.52130649e-01	5.29240468e-01	1.43067171e+04	1.41295417e+04	1.44838925e+04	7.95236837e+03	6.05431615e+03	6.05431615e+03	5.87209955e+03	6.23640349e+03	1.82216601e+02	1.82087341e+02
4.14633850e+02	9.48907614e-01	5.29635748e-01	1.42582878e+04	1.40817121e+04	1.44348634e+04	7.95830785e+03	6.07649567e+03	6.07649567e+03	5.89492195e+03	6.25794123e+03	1.81573716e+02	1.81445561e+02
4.15226410e+02	9.46098090e-01	5.29983098e-01	1.42160719e+04	1.40400190e+04	1.43921247e+04	7.96352713e+03	6.09588389e+03	6.09588389e+03	5.91487061e+03	6.27676998e+03	1.81013279e+02	1.80886089e+02
4.15818909e+02	9.41792288e-01	5.29791909e-01	1.41513729e+04	1.39761212e+04	1.43266245e+04	7.96065433e+03	6.11147865e+03	6.11147865e+03	5.93131566e+03	6.29151571e+03	1.80162992e+02	1.80037060e+02
4.16411407e+02	9.38241713e-01	5.29737863e-01	1.40980219e+04	1.39234310e+04	1.42726129e+04	7.95984223e+03	6.12635998e+03	6.12635998e+03	5.94689937e+03	6.30569572e+03	1.79460609e+02	1.79335746e+02
4.17003876e+02	9.33936096e-01	5.29305675e-01	1.40333257e+04	1.38595360e+04	1.42071154e+04	7.95334818e+03	6.13725099e+03	6.13725099e+03	5.95863776e+03	6.31574054e+03	1.78613232e+02	1.78489553e+02
4.17596283e+02	9.29306975e-01	5.28900647e-01	1.39637685e+04	1.37908402e+04	1.41366969e+04	7.94726222e+03	6.15012397e+03	6.15012397e+03	5.97242250e+03	6.32770306e+03	1.77701477e+02	1.77579088e+02
4.18188690e+02	9.24254656e-01	5.28358052e-01	1.38878524e+04	1.37158642e+04	1.40598406e+04	7.93910919e+03	6.16221187e+03	6.16221187e+03	5.98550430e+03	6.33879843e+03	1.76707566e+02	1.76586556e+02
4.18781036e+02	9.19783133e-01	5.27651088e-01	1.38206633e+04	1.36495072e+04	1.39918194e+04	7.92848635e+03	6.16848545e+03	6.16848545e+03	5.99265484e+03	6.34419621e+03	1.75830615e+02	1.75710755e+02
4.19373383e+02	9.15126870e-01	5.26929232e-01	1.37506982e+04	1.35804086e+04	1.39209879e+04	7.91763974e+03	6.17529759e+03	6.17529759e+03	6.00038033e+03	6.35009619e+03	1.74917262e+02	1.74798605e+02
4.19965668e+02	9.11500984e-01	5.26499031e-01	1.36962157e+04	1.35266007e+04	1.38658306e+04	7.91117553e+03	6.18317653e+03	6.18317653e+03	6.00897208e+03	6.35726330e+03	1.74204450e+02	1.74086771e+02
4.20557953e+02	9.06289875e-01	5.25614924e-01	1.36179135e+04	1.34492683e+04	1.37865588e+04	7.89789094e+03	6.18931277e+03	6.18931277e+03	6.01612960e+03	6.36237958e+03	1.73183170e+02	1.73066813e+02
4.21150177e+02	9.01657495e-01	5.24860110e-01	1.35483074e+04	1.33805242e+04	1.37160906e+04	7.88654910e+03	6.19537455e+03	6.19537455e+03	6.02309961e+03	6.36753431e+03	1.72274939e+02	1.72159767e+02
4.21742401e+02	8.95633322e-01	5.23596540e-01	1.34577882e+04	1.32911259e+04	1.36244504e+04	7.86756269e+03	6.19775508e+03	6.19775508e+03	6.02665789e+03	6.36873856e+03	1.71097192e+02	1.70983475e+02
4.22334564e+02	8.89397804e-01	5.22434679e-01	1.33640933e+04	1.31985913e+04	1.35295952e+04	7.85010457e+03	6.20306898e+03	6.20306898e+03	6.03319260e+03	6.37283320e+03	1.69876386e+02	1.69764220e+02
4.22926727e+02	8.83273836e-01	5.21304012e-01	1.32720745e+04	1.31077122e+04	1.34364368e+04	7.83311517e+03	6.20849096e+03	6.20849096e+03	6.03981366e+03	6.37705761e+03	1.68677295e+02	1.68566655e+02
4.23518829e+02	8.77234005e-01	5.20005044e-01	1.31813200e+04	1.30180816e+04	1.33445584e+04	7.81359686e+03	6.21025100e+03	6.21025100e+03	6.04275413e+03	6.37763868e+03	1.67496870e+02	1.67387679e+02
4.24110931e+02	8.70525652e-01	5.18524711e-01	1.30805203e+04	1.29185301e+04	1.32425104e+04	7.79135338e+03	6.21147237e+03	6.21147237e+03	6.04528613e+03	6.37755101e+03	1.66186236e+02	1.66078644e+02
4.24702972e+02	8.63423105e-01	5.16815842e-01	1.29737974e+04	1.28131289e+04	1.31344658e+04	7.76567591e+03	6.21000326e+03	6.21000326e+03	6.04520299e+03	6.37469760e+03	1.64800276e+02	1.64694331e+02
4.25295013e+02	8.56114697e-01	5.14864720e-01	1.28639812e+04	1.27046727e+04	1.30232897e+04	7.73635836e+03	6.20473075e+03	6.20473075e+03	6.04135431e+03	6.36800289e+03	1.63376441e+02	1.63272135e+02
4.25886993e+02	8.48881187e-01	5.12892475e-01	1.27552905e+04	1.25973280e+04	1.29132529e+04	7.70672340e+03	6.19870986e+03	6.19870986e+03	6.03674217e+03	6.36057485e+03	1.61967689e+02	1.61864991e+02
4.26478943e+02	8.41339833e-01	5.10714730e-01	1.26419741e+04	1.24854150e+04	1.27985332e+04	7.67400059e+03	6.19006046e+03	6.19006046e+03	6.02956003e+03	6.35045983e+03	1.60500432e+02	1.60399373e+02
4.27070892e+02	8.33817627e-01	5.08514259e-01	1.25289454e+04	1.23737860e+04	1.26841048e+04	7.64093632e+03	6.18088166e+03	6.18088166e+03	6.02184442e+03	6.33981946e+03	1.59037238e+02	1.58937805e+02
4.27662781e+02	8.26462012e-01	5.06464710e-01	1.24184199e+04	1.22646293e+04	1.25722105e+04	7.61013979e+03	6.17390027e+03	6.17390027e+03	6.01629504e+03	6.33140769e+03	1.57605230e+02	1.57507419e+02
4.28254639e+02	8.19055828e-01	5.04391594e-01	1.23071346e+04	1.21547221e+04	1.24595470e+04	7.57898915e+03	6.16668597e+03	6.16668597e+03	6.01052248e+03	6.32275328e+03	1.56163490e+02	1.56067309e+02
4.28846497e+02	8.11413745e-01	5.02117946e-01	1.21923046e+04	1.20413142e+04	1.23432950e+04	7.54482530e+03	6.15661719e+03	6.15661719e+03	6.00193976e+03	6.31120008e+03	1.54677431e+02	1.54582892e+02
4.29438293e+02	8.03457304e-01	4.99785781e-01	1.20727511e+04	1.19232413e+04	1.22222609e+04	7.50978218e+03	6.14681743e+03	6.14681743e+03	5.99368761e+03	6.29985444e+03	1.53129826e+02	1.53037006e+02
4.30030060e+02	7.95132369e-01	4.97445394e-01	1.19476606e+04	1.17996999e+04	1.20956213e+04	7.47461552e+03	6.13851114e+03	6.13851114e+03	5.98700178e+03	6.28992950e+03	1.51509356e+02	1.51418365e+02
4.30621796e+02	7.86752365e-01	4.95053265e-01	1.18217427e+04	1.16753413e+04	1.19681440e+04	7.43867139e+03	6.12944230e+03	6.12944230e+03	5.97956371e+03	6.27923174e+03	1.49878599e+02	1.49789438e+02
4.31213531e+02	7.77792067e-01	4.92528225e-01	1.16871052e+04	1.15423713e+04	1.18318392e+04	7.40073013e+03	6.12038433e+03	6.12038433e+03	5.97224980e+03	6.26843166e+03	1.48134526e+02	1.48047332e+02
4.31805206e+02	7.68699677e-01	4.89986235e-01	1.15504829e+04	1.14074409e+04	1.16935250e+04	7.36253419e+03	6.11158845e+03	6.11158845e+03	5.96522395e+03	6.25786776e+03	1.46364500e+02	1.46279308e+02
4.32396851e+02	7.59641567e-01	4.87161636e-01	1.14143758e+04	1.12730193e+04	1.15557322e+04	7.32009176e+03	6.09712381e+03	6.09712381e+03	5.95251918e+03	6.24164515e+03	1.44604631e+02	1.44521344e+02
4.32988464e+02	7.50436658e-01	4.84126671e-01	1.12760628e+04	1.11364192e+04	1.14157064e+04	7.27448836e+03	6.07921288e+03	6.07921288e+03	5.93639468e+03	6.22194968e+03	1.42818202e+02	1.42736802e+02
4.33580048e+02	7.41631154e-01	4.80916396e-01	1.11437513e+04	1.10057462e+04	1.12817563e+04	7.22625076e+03	6.05608827e+03	6.05608827e+03	5.91497533e+03	6.19712153e+03	1.41112947e+02	1.41033257e+02
4.34171600e+02	7.32009314e-01	4.77691745e-01	1.09991735e+04	1.08629589e+04	1.11353880e+04	7.17779715e+03	6.03634708e+03	6.03634708e+03	5.89710085e+03	6.17551557e+03	1.39246226e+02	1.39168491e+02
4.34763153e+02	7.22861768e-01	4.74588208e-01	1.08617224e+04	1.07272101e+04	1.09962348e+04	7.13116340e+03	6.01684058e+03	6.01684058e+03	5.87936860e+03	6.15423666e+03	1.37471973e+02	1.37396086e+02
4.35354645e+02	7.13520428e-01	4.71118941e-01	1.07213594e+04	1.05885853e+04	1.08541335e+04	7.07903419e+03	5.99106691e+03	5.99106691e+03	5.85540320e+03	6.12665652e+03	1.35663708e+02	1.35589615e+02
4.35946106e+02	7.03581818e-01	4.67452580e-01	1.05720219e+04	1.04410972e+04	1.07029466e+04	7.02394344e+03	5.96412780e+03	5.96412780e+03	5.83038827e+03	6.09779516e+03	1.33739530e+02	1.33667355e+02
4.36537537e+02	6.93569034e-01	4.63789192e-01	1.04215697e+04	1.02925083e+04	1.05506312e+04	6.96889736e+03	5.93757964e+03	5.93757964e+03	5.80577901e+03	6.06931003e+03	1.31800631e+02	1.31730396e+02
4.37128937e+02	6.83964163e-01	4.60023205e-01	1.02772469e+04	1.01499728e+04	1.04045211e+04	6.91230963e+03	5.90719848e+03	5.90719848e+03	5.77725476e+03	6.03707376e+03	1.29943723e+02	1.29875273e+02
4.37720306e+02	6.73421691e-01	4.56332669e-01	1.01188357e+04	9.99352332e+03	1.02441481e+04	6.85685563e+03	5.88249794e+03	5.88249794e+03	5.75459768e+03	6.01033185e+03	1.27900266e+02	1.27833911e+02
4.38311615e+02	6.62378171e-01	4.52258430e-01	9.95289578e+03	9.82963839e+03	1.00761532e+04	6.79563611e+03	5.85255855e+03	5.85255855e+03	5.72679637e+03	5.97825650e+03	1.25762175e+02	1.25697949e+02
4.38902924e+02	6.50987153e-01	4.48289942e-01	9.78173431e+03	9.66059660e+03	9.90287202e+03	6.73600560e+03	5.82624248e+03	5.82624248e+03	5.70268846e+03	5.94973454e+03	1.23554016e+02	1.23492060e+02
4.39494202e+02	6.40450041e-01	4.44456129e-01	9.62340364e+03	9.50422671e+03	9.74258058e+03	6.67839872e+03	5.79872192e+03	5.79872192e+03	5.67720859e+03	5.92017534e+03	1.21513330e+02	1.21453422e+02
4.40085449e+02	6.30169296e-01	4.40583741e-01	9.46892516e+03	9.35166130e+03	9.58618902e+03	6.62021221e+03	5.76929795e+03	5.76929795e+03	5.64977408e+03	5.88876386e+03	1.19523864e+02	1.19465915e+02
4.40676666e+02	6.19515945e-01	4.36447366e-01	9.30884788e+03	9.19356642e+03	9.42412933e+03	6.55805902e+03	5.73639482e+03	5.73639482e+03	5.61893105e+03	5.85380263e+03	1.17463768e+02	1.17407811e+02
4.41267853e+02	6.09102818e-01	4.32516210e-01	9.15238021e+03	9.03903647e+03	9.26572396e+03	6.49898947e+03	5.70641821e+03	5.70641821e+03	5.59096942e+03	5.82181302e+03	1.15448791e+02	1.15394816e+02
4.41858978e+02	5.99059652e-01	4.28795633e-01	9.00147158e+03	8.88999670e+03	9.11294646e+03	6.44308408e+03	5.67889041e+03	5.67889041e+03	5.56538585e+03	5.79234292e+03	1.13504558e+02	1.13452515e+02
4.42450104e+02	5.88287459e-01	4.25086202e-01	8.83960858e+03	8.73013823e+03	8.94907894e+03	6.38734616e+03	5.65485219e+03	5.65485219e+03	5.54343635e+03	5.76621814e+03	1.11415841e+02	1.11365957e+02
4.43041199e+02	5.77194243e-01	4.21177157e-01	8.67292189e+03	8.56551579e+03	8.78032798e+03	6.32860884e+03	5.62835949e+03	5.62835949e+03	5.51909355e+03	5.73757774e+03	1.09265940e+02	1.09218252e+02
4.43632233e+02	5.66111710e-01	4.17165835e-01	8.50639574e+03	8.40105191e+03	8.61173956e+03	6.26833470e+03	5.59982296e+03	5.59982296e+03	5.49270358e+03	5.70689680e+03	1.07119374e+02	1.07073847e+02
4.44223267e+02	5.54928649e-01	4.12843485e-01	8.33835903e+03	8.23509618e+03	8.44162187e+03	6.20338706e+03	5.56566816e+03	5.56566816e+03	5.46071155e+03	5.67058134e+03	1.04956610e+02	1.04913180e+02
4.44814240e+02	5.44250329e-01	4.08387576e-01	8.17790657e+03	8.07663078e+03	8.27918236e+03	6.13643257e+03	5.52664164e+03	5.52664164e+03	5.42374626e+03	5.62949549e+03	1.02895379e+02	1.02853851e+02
4.45405212e+02	5.33056186e-01	4.03530106e-01	8.00970335e+03	7.91051060e+03	8.10889610e+03	6.06344422e+03	5.48209408e+03	5.48209408e+03	5.38135728e+03	5.58279129e+03	1.00736800e+02	1.00697209e+02
4.45996124e+02	5.21955103e-01	3.98831824e-01	7.84289847e+03	7.74577144e+03	7.94002549e+03	5.99284782e+03	5.44023529e+03	5.44023529e+03	5.34164054e+03	5.53879241e+03	9.85947501e+01	9.85571162e+01
4.46587036e+02	5.10754274e-01	3.94037006e-01	7.67459478e+03	7.57955203e+03	7.76963752e+03	5.92080086e+03	5.39694034e+03	5.39694034e+03	5.30050624e+03	5.49333877e+03	9.64341004e+01	9.63984246e+01
4.47177887e+02	4.99672370e-01	3.89423304e-01	7.50807807e+03	7.41509748e+03	7.60105866e+03	5.85147538e+03	5.35664600e+03	5.35664600e+03	5.26235117e+03	5.45090715e+03	9.42948395e+01	9.42611407e+01
4.47768738e+02	4.88708385e-01	3.85188820e-01	7.34333321e+03	7.25239284e+03	7.43427359e+03	5.78784801e+03	5.32322256e+03	5.32322256e+03	5.23104815e+03	5.41536532e+03	9.21744064e+01	9.21427646e+01
4.48359528e+02	4.77794139e-01	3.80957467e-01	7.17933572e+03	7.09042631e+03	7.26824514e+03	5.72426769e+03	5.28963697e+03	5.28963697e+03	5.19957319e+03	5.37967116e+03	9.00637844e+01	9.00341852e+01
4.48950287e+02	4.67070264e-01	3.76644678e-01	7.01819875e+03	6.93128487e+03	7.10511264e+03	5.65946372e+03	5.25360780e+03	5.25360780e+03	5.16561597e+03	5.34157199e+03	8.79918273e+01	8.79641878e+01
4.49541016e+02	4.56294026e-01	3.72082686e-01	6.85627499e+03	6.77136638e+03	6.94118360e+03	5.59091522e+03	5.21295061e+03	5.21295061e+03	5.12703814e+03	5.29883735e+03	8.59124730e+01	8.58867330e+01
4.50131744e+02	4.45420628e-01	3.67605564e-01	6.69289129e+03	6.61000603e+03	6.77577654e+03	5.52364197e+03	5.17438567e+03	5.17438567e+03	5.09057281e+03	5.25817476e+03	8.38128689e+01	8.37890839e+01
4.50722412e+02	4.34514976e-01	3.63137463e-01	6.52902294e+03	6.44816704e+03	6.60987883e+03	5.45650427e+03	5.13614155e+03	5.13614155e+03	5.05443478e+03	5.21782651e+03	8.17067708e+01	8.16849535e+01
4.51313049e+02	4.23534265e-01	3.58446792e-01	6.36402674e+03	6.28521417e+03	6.44283932e+03	5.38602225e+03	5.09389103e+03	5.09389103e+03	5.01430257e+03	5.17345960e+03	7.95884639e+01	7.95685692e+01
4.51903656e+02	4.12624550e-01	3.53731387e-01	6.20009735e+03	6.12331489e+03	6.27687980e+03	5.31516856e+03	5.05083918e+03	5.05083918e+03	4.97335467e+03	5.12830569e+03	7.74845094e+01	7.74665080e+01
4.52494232e+02	4.01945228e-01	3.48937966e-01	6.03962983e+03	5.96483461e+03	6.11442505e+03	5.24314260e+03	5.00523084e+03	5.00523084e+03	4.92980373e+03	5.08064174e+03	7.54271035e+01	7.54109013e+01
4.53084778e+02	3.91467779e-01	3.44025619e-01	5.88219566e+03	5.80935012e+03	5.95504120e+03	5.16932967e+03	4.95639568e+03	4.95639568e+03	4.88298459e+03	5.02979226e+03	7.34110870e+01	7.33965858e+01
4.53675293e+02	3.81207137e-01	3.39261038e-01	5.72801924e+03	5.65708303e+03	5.79895545e+03	5.09773705e+03	4.90947095e+03	4.90947095e+03	4.83803471e+03	4.98089436e+03	7.14362377e+01	7.14234165e+01
4.54265778e+02	3.71115441e-01	3.34776576e-01	5.57638138e+03	5.50732307e+03	5.64543970e+03	5.03035353e+03	4.86725430e+03	4.86725430e+03	4.79776280e+03	4.93673469e+03	6.94915010e+01	6.94803936e+01
4.54856232e+02	3.60900215e-01	3.30354228e-01	5.42288739e+03	5.35572995e+03	5.49004482e+03	4.96390331e+03	4.82680417e+03	4.82680417e+03	4.75928260e+03	4.89431640e+03	6.75215646e+01	6.75122279e+01
4.55446655e+02	3.50686377e-01	3.25835222e-01	5.26941423e+03	5.20415742e+03	5.33467104e+03	4.89600073e+03	4.78446163e+03	4.78446163e+03	4.71890858e+03	4.85000709e+03	6.55530551e+01	6.55454591e+01
4.56037018e+02	3.40597673e-01	3.21346535e-01	5.11782134e+03	5.05444187e+03	5.18120081e+03	4.82855371e+03	4.74214909e+03	4.74214909e+03	4.67854013e+03	4.80575217e+03	6.36089612e+01	6.36030769e+01
4.56627380e+02	3.30769090e-01	3.16774455e-01	4.97013703e+03	4.90858649e+03	5.03168757e+03	4.75985362e+03	4.69704169e+03	4.69704169e+03	4.63532433e+03	4.75875478e+03	6.17173665e+01	6.17130889e+01
4.57217712e+02	3.20904871e-01	3.12043769e-01	4.82191726e+03	4.76220228e+03	4.88163223e+03	4.68877032e+03	4.64899916e+03	4.64899916e+03	4.58917855e+03	4.70881706e+03	5.98206063e+01	5.98178978e+01
4.57807983e+02	3.11186921e-01	3.07107353e-01	4.67589532e+03	4.61798869e+03	4.73380195e+03	4.61459572e+03	4.59628545e+03	4.59628545e+03	4.53833019e+03	4.65423946e+03	5.79552605e+01	5.79540135e+01
4.58398254e+02	3.02026998e-01	3.02323915e-01	4.53825830e+03	4.48205617e+03	4.59446042e+03	4.54271978e+03	4.54405243e+03	4.54405243e+03	4.48770518e+03	4.60040348e+03	5.63472407e+01	5.63510596e+01
4.58988464e+02	2.92945197e-01	2.97888302e-01	4.40179513e+03	4.34728298e+03	4.45630729e+03	4.47607025e+03	4.49825632e+03	4.49825632e+03	4.44132822e+03	4.55524800e+03	5.69281013e+01	5.69916789e+01
4.59578674e+02	2.84064760e-01	2.93620803e-01	4.26835767e+03	4.21549801e+03	4.32121732e+03	4.41194680e+03	4.45483706e+03	4.45483706e+03	4.39730687e+03	4.51249015e+03	5.75301813e+01	5.76530899e+01
4.60168823e+02	2.74959875e-01	2.89191273e-01	4.13154766e+03	4.08038227e+03	4.18271305e+03	4.34538868e+03	4.40926327e+03	4.40926327e+03	4.35114226e+03	4.46756731e+03	5.81210017e+01	5.83040441e+01
4.60758972e+02	2.66059657e-01	2.84756878e-01	3.99781296e+03	3.94830375e+03	4.04732217e+03	4.27875744e+03	4.36267592e+03	4.36267592e+03	4.30402843e+03	4.42156390e+03	5.86474980e+01	5.88879794e+01
4.61349060e+02	2.57039124e-01	2.79936547e-01	3.86227040e+03	3.81443977e+03	3.91010104e+03	4.20632714e+03	4.30909733e+03	4.30909733e+03	4.25007555e+03	4.36841362e+03	5.90217835e+01	5.93162873e+01
4.61939117e+02	2.47575349e-01	2.75297306e-01	3.72006771e+03	3.67399812e+03	3.76613730e+03	4.13661789e+03	4.26104197e+03	4.26104197e+03	4.20142324e+03	4.32101726e+03	5.96187316e+01	5.99752880e+01
4.62529144e+02	2.38489423e-01	2.70386341e-01	3.58354257e+03	3.53916372e+03	3.62792142e+03	4.06282572e+03	4.20598822e+03	4.20598822e+03	4.14601971e+03	4.26636699e+03	5.99685118e+01	6.03787660e+01
4.63119141e+02	2.29690018e-01	2.65649459e-01	3.45132269e+03	3.40858126e+03	3.49406412e+03	3.99164932e+03	4.15304558e+03	4.15304558e+03	4.09272893e+03	4.21382474e+03	6.03166543e+01	6.07791602e+01
4.63709137e+02	2.21008548e-01	2.61051318e-01	3.32087490e+03	3.27974894e+03	3.36200086e+03	3.92255764e+03	4.10228106e+03	4.10228106e+03	4.04158415e+03	4.16349299e+03	6.06969117e+01	6.12119368e+01
4.64299072e+02	2.13021364e-01	2.56764861e-01	3.20085946e+03	3.16121978e+03	3.24049914e+03	3.85814934e+03	4.05448268e+03	4.05448268e+03	3.99346332e+03	4.11606467e+03	6.10193670e+01	6.15819904e+01
4.64888977e+02	2.05120346e-01	2.52175322e-01	3.08213874e+03	3.04396931e+03	3.12030817e+03	3.78918691e+03	4.00038311e+03	4.00038311e+03	3.93921550e+03	4.06215593e+03	6.11676103e+01	6.17728255e+01
4.65478821e+02	1.97570475e-01	2.47673091e-01	2.96869436e+03	2.93192983e+03	3.00545889e+03	3.72153639e+03	3.94641128e+03	3.94641128e+03	3.88515903e+03	4.00830794e+03	6.12522453e+01	6.18966589e+01
4.66068665e+02	1.89831970e-01	2.42881037e-01	2.85241557e+03	2.81709105e+03	2.88774009e+03	3.64953096e+03	3.88763036e+03	3.88763036e+03	3.82637804e+03	3.94956499e+03	6.12523214e+01	6.19346319e+01
4.66658478e+02	1.82423949e-01	2.38609656e-01	2.74110264e+03	2.70715663e+03	2.77504866e+03	3.58534919e+03	3.83752673e+03	3.83752673e+03	3.77611988e+03	3.89965623e+03	6.14068507e+01	6.21295043e+01
4.67248260e+02	1.75450824e-01	2.34352055e-01	2.63632445e+03	2.60367601e+03	2.66897288e+03	3.52137446e+03	3.78574005e+03	3.78574005e+03	3.72430356e+03	3.84793411e+03	6.14364856e+01	6.21940659e+01
4.67838013e+02	1.68490504e-01	2.30406282e-01	2.53173867e+03	2.50038543e+03	2.56309190e+03	3.46208528e+03	3.73998102e+03	3.73998102e+03	3.67836636e+03	3.80239202e+03	6.16146516e+01	6.24110046e+01
4.68427704e+02	1.61707964e-01	2.26251883e-01	2.42982420e+03	2.39973308e+03	2.45991532e+03	3.39966126e+03	3.68935285e+03	3.68935285e+03	3.62771580e+03	3.75182004e+03	6.16370425e+01	6.24671984e+01
4.69017395e+02	1.55089278e-01	2.21935774e-01	2.33037181e+03	2.30151232e+03	2.35923131e+03	3.33480740e+03	3.63483361e+03	3.63483361e+03	3.57330281e+03	3.69722419e+03	6.15308044e+01	6.23905757e+01
4.69607025e+02	1.48558931e-01	2.17472722e-01	2.23224680e+03	2.20460249e+03	2.25989111e+03	3.26774558e+03	3.57705041e+03	3.57705041e+03	3.51572440e+03	3.63926278e+03	6.13260106e+01	6.22123712e+01
4.70196655e+02	1.42080079e-01	2.13186998e-01	2.13489556e+03	2.10845685e+03	2.16133426e+03	3.20334827e+03	3.52249649e+03	3.52249649e+03	3.46130419e+03	3.58460335e+03	6.11922995e+01	6.21068678e+01
4.70786224e+02	1.35523619e-01	2.08657792e-01	2.03637818e+03	2.01115953e+03	2.06159684e+03	3.13529241e+03	3.46353952e+03	3.46353952e+03	3.40257644e+03	3.52544324e+03	6.09630758e+01	6.19037184e+01
4.71375763e+02	1.29436331e-01	2.04348613e-01	1.94491058e+03	1.92082466e+03	1.96899649e+03	3.07054269e+03	3.40677046e+03	3.40677046e+03	3.34607107e+03	3.46843336e+03	6.06993876e+01	6.16629001e+01
4.71965302e+02	1.23551533e-01	2.00174259e-01	1.85648559e+03	1.83349473e+03	1.87947644e+03	3.00781883e+03	3.35172356e+03	3.35172356e+03	3.29128325e+03	3.41314938e+03	6.04403076e+01	6.14258196e+01
4.72554779e+02	1.17873522e-01	1.96132633e-01	1.77116778e+03	1.74923351e+03	1.79310205e+03	2.94708935e+03	3.29833865e+03	3.29833865e+03	3.23815514e+03	3.35952872e+03	6.01835110e+01	6.11900700e+01
4.73144226e+02	1.12337669e-01	1.92045399e-01	1.68798605e+03	1.66708191e+03	1.70889019e+03	2.88567457e+03	3.24342569e+03	3.24342569e+03	3.18356429e+03	3.30431228e+03	5.98613969e+01	6.08865878e+01
4.73733643e+02	1.06875103e-01	1.87953585e-01	1.60590552e+03	1.58601787e+03	1.62579317e+03	2.82419096e+03	3.18809441e+03	3.18809441e+03	3.12857955e+03	3.24865209e+03	5.95148624e+01	6.05576838e+01
4.74323029e+02	1.01569019e-01	1.84167398e-01	1.52617628e+03	1.50727601e+03	1.54507656e+03	2.76729970e+03	3.13802488e+03	3.13802488e+03	3.07875454e+03	3.19835759e+03	5.92703413e+01	6.03327114e+01
4.74912384e+02	9.65785558e-02	1.80563243e-01	1.45118958e+03	1.43321794e+03	1.46916122e+03	2.71314366e+03	3.09009098e+03	3.09009098e+03	3.03107172e+03	3.15019044e+03	5.90192600e+01	6.00994606e+01
4.75501709e+02	9.17363397e-02	1.76795906e-01	1.37843043e+03	1.36135985e+03	1.39550101e+03	2.65653565e+03	3.03830734e+03	3.03830734e+03	2.97966379e+03	3.09804492e+03	5.86435542e+01	5.97375798e+01
4.76090973e+02	8.70856643e-02	1.73023112e-01	1.30854937e+03	1.29234420e+03	1.32475454e+03	2.59984564e+03	2.98555752e+03	2.98555752e+03	2.92735031e+03	3.04487004e+03	5.82072078e+01	5.93125245e+01
4.76680237e+02	8.25752091e-02	1.69207040e-01	1.24077526e+03	1.22540941e+03	1.25614111e+03	2.54250533e+03	2.93133379e+03	2.93133379e+03	2.87362653e+03	2.99015531e+03	5.77072687e+01	5.88215166e+01
4.77269470e+02	7.81199073e-02	1.65189556e-01	1.17382989e+03	1.15929309e+03	1.18836668e+03	2.48213860e+03	2.87293212e+03	2.87293212e+03	2.81583992e+03	2.93114419e+03	5.70921962e+01	5.82120751e+01
4.77858643e+02	7.37162641e-02	1.61113328e-01	1.10766074e+03	1.09394339e+03	1.12137809e+03	2.42088920e+03	2.81315224e+03	2.81315224e+03	2.75671946e+03	2.87070911e+03	5.64327772e+01	5.75568674e+01
4.78447815e+02	6.95102458e-02	1.57219365e-01	1.04446110e+03	1.03152642e+03	1.05739578e+03	2.36237850e+03	2.75604214e+03	2.75604214e+03	2.70023952e+03	2.81297287e+03	5.58026258e+01	5.69307295e+01
4.79036926e+02	6.56511512e-02	1.53691053e-01	9.86474334e+02	9.74257764e+02	9.98690904e+02	2.30936208e+03	2.70451037e+03	2.70451037e+03	2.64926418e+03	2.76088891e+03	5.52461839e+01	5.63785422e+01
4.79626038e+02	6.21150052e-02	1.50308094e-01	9.33340197e+02	9.21781644e+02	9.44898750e+02	2.25852974e+03	2.65436557e+03	2.65436557e+03	2.59970254e+03	2.71016294e+03	5.46630374e+01	5.57973660e+01
4.80215088e+02	5.88209005e-02	1.46859442e-01	8.83842973e+02	8.72897397e+02	8.94788549e+02	2.20671028e+03	2.60185246e+03	2.60185246e+03	2.54787793e+03	2.65695932e+03	5.39745248e+01	5.51068655e+01
4.80804108e+02	5.58151057e-02	1.43556591e-01	8.38677894e+02	8.28291645e+02	8.49064142e+02	2.15708164e+03	2.55089055e+03	2.55089055e+03	2.49762054e+03	2.60528908e+03	5.32700108e+01	5.43985309e+01
4.81393097e+02	5.27588180e-02	1.40305938e-01	7.92754108e+02	7.82936583e+02	8.02571633e+02	2.10823731e+03	2.50117385e+03	2.50117385e+03	2.44856756e+03	2.55490616e+03	5.26062906e+01	5.37323108e+01
4.81982056e+02	4.97108863e-02	1.36940829e-01	7.46955881e+02	7.37705525e+02	7.56206237e+02	2.05767317e+03	2.44918613e+03	2.44918613e+03	2.39730203e+03	2.50219217e+03	5.18841012e+01	5.30060419e+01
4.82570984e+02	4.68940494e-02	1.33691942e-01	7.04630084e+02	6.95903893e+02	7.13356274e+02	2.00885540e+03	2.39842919e+03	2.39842919e+03	2.34728042e+03	2.45069435e+03	5.11487706e+01	5.22651543e+01
4.83159882e+02	4.38967257e-02	1.30162881e-01	6.59592291e+02	6.51423852e+02	6.67760730e+02	1.95582772e+03	2.34301493e+03	2.34301493e+03	2.29268380e+03	2.39445561e+03	5.03311321e+01	5.14406767e+01
4.83748749e+02	4.07718669e-02	1.26323803e-01	6.12638157e+02	6.05051201e+02	6.20225113e+02	1.89814172e+03	2.28212330e+03	2.28212330e+03	2.23272273e+03	2.33262423e+03	4.94005728e+01	5.05009312e+01
4.84337585e+02	3.79954622e-02	1.22883536e-01	5.70919893e+02	5.63849580e+02	5.77990207e+02	1.84644827e+03	2.22745025e+03	2.22745025e+03	2.17889078e+03	2.27710154e+03	4.85594676e+01	4.96512874e+01
4.84926361e+02	3.55350208e-02	1.19789042e-01	5.33949297e+02	5.27336830e+02	5.40561764e+02	1.79995039e+03	2.17810656e+03	2.17810656e+03	2.13031483e+03	2.22698195e+03	4.77917268e+01	4.88753915e+01
4.85515137e+02	3.37897895e-02	1.17226798e-01	5.07725448e+02	5.01437739e+02	5.14013157e+02	1.76145012e+03	2.13593930e+03	2.13593930e+03	2.08887165e+03	2.18408011e+03	4.70676531e+01	4.81408095e+01
4.86103882e+02	3.22391499e-02	1.14986957e-01	4.84425534e+02	4.78426373e+02	4.90424695e+02	1.72779425e+03	2.09919010e+03	2.09919010e+03	2.05274785e+03	2.14669665e+03	4.64422569e+01	4.75065489e+01
4.86692566e+02	3.07562588e-02	1.12706486e-01	4.62143608e+02	4.56420388e+02	4.67866828e+02	1.69352789e+03	2.06134398e+03	2.06134398e+03	2.01556748e+03	2.10817451e+03	4.57764978e+01	4.68305314e+01
4.87281219e+02	2.98028289e-02	1.10597031e-01	4.47817369e+02	4.42271566e+02	4.53363172e+02	1.66183122e+03	2.02445873e+03	2.02445873e+03	1.97942466e+03	2.07053197e+03	4.50340719e+01	4.60732369e+01
4.87869873e+02	2.81544234e-02	1.07820066e-01	4.23048424e+02	4.17809361e+02	4.28287486e+02	1.62010454e+03	1.97766676e+03	1.97766676e+03	1.93349101e+03	2.02286715e+03	4.41757467e+01	4.52003963e+01
4.88458466e+02	2.64692279e-02	1.04943387e-01	3.97726673e+02	3.92801197e+02	4.02652149e+02	1.57687955e+03	1.92909405e+03	1.92909405e+03	1.88581423e+03	1.97338320e+03	4.32798212e+01	4.42891460e+01
4.89047028e+02	2.49292554e-02	1.02320017e-01	3.74587043e+02	3.69948130e+02	3.79225956e+02	1.53746079e+03	1.88481269e+03	1.88481269e+03	1.84234894e+03	1.92827182e+03	4.24637463e+01	4.34591367e+01
4.89635559e+02	2.35426917e-02	9.99265866e-02	3.53752534e+02	3.49371637e+02	3.58133432e+02	1.50149710e+03	1.84432989e+03	1.84432989e+03	1.80261627e+03	1.88702595e+03	4.17136228e+01	4.26960630e+01
4.90224060e+02	2.26585218e-02	9.76880471e-02	3.40466995e+02	3.36250627e+02	3.44683363e+02	1.46786080e+03	1.80461479e+03	1.80461479e+03	1.76372765e+03	1.84646696e+03	4.08871439e+01	4.18521643e+01
4.90812531e+02	2.15430087e-02	9.52759268e-02	3.23705293e+02	3.19696503e+02	3.27714083e+02	1.43161627e+03	1.76255072e+03	1.76255072e+03	1.72250488e+03	1.80354491e+03	4.00458474e+01	4.09941910e+01
4.91400970e+02	2.03905001e-02	9.27483670e-02	3.06387697e+02	3.02593369e+02	3.10182025e+02	1.39363715e+03	1.71839998e+03	1.71839998e+03	1.67924065e+03	1.75848996e+03	3.91593269e+01	4.00899848e+01
4.91989349e+02	1.94132854e-02	9.02379850e-02	2.91704067e+02	2.88091583e+02	2.95316551e+02	1.35591615e+03	1.67379768e+03	1.67379768e+03	1.63556954e+03	1.71293677e+03	3.82281463e+01	3.91390848e+01
4.92577728e+02	1.80050716e-02	8.75861048e-02	2.70544243e+02	2.67193803e+02	2.73894683e+02	1.31606899e+03	1.62836859e+03	1.62836859e+03	1.59101033e+03	1.66662179e+03	3.73582580e+01	3.82532006e+01
4.93166046e+02	1.68615714e-02	8.51785388e-02	2.53362007e+02	2.50224353e+02	2.56499660e+02	1.27989290e+03	1.58651901e+03	1.58651901e+03	1.54999135e+03	1.62392536e+03	3.65276582e+01	3.74063425e+01
4.93754364e+02	1.55147061e-02	8.24773396e-02	2.33124006e+02	2.30236981e+02	2.36011031e+02	1.23930468e+03	1.53985215e+03	1.53985215e+03	1.50423705e+03	1.57632851e+03	3.56150969e+01	3.64763619e+01
4.94342621e+02	1.44819906e-02	8.01170390e-02	2.17606421e+02	2.14911567e+02	2.20301275e+02	1.20383879e+03	1.49842769e+03	1.49842769e+03	1.46365362e+03	1.53404594e+03	3.47740671e+01	3.56182569e+01
4.94930847e+02	1.38118240e-02	7.80461098e-02	2.07536496e+02	2.04966349e+02	2.10106644e+02	1.17272101e+03	1.46102287e+03	1.46102287e+03	1.42705814e+03	1.49581378e+03	3.39647359e+01	3.47909092e+01
4.95519073e+02	1.31505293e-02	7.59442295e-02	1.97599880e+02	1.95152789e+02	2.00046971e+02	1.14113815e+03	1.42297426e+03	1.42297426e+03	1.38983666e+03	1.45691949e+03	3.31375921e+01	3.39452368e+01
4.96107239e+02	1.26393792e-02	7.40979637e-02	1.89919339e+02	1.87567364e+02	1.92271314e+02	1.11339616e+03	1.38923988e+03	1.38923988e+03	1.35684995e+03	1.42242029e+03	3.23899362e+01	3.31804088e+01
4.96695374e+02	1.21068710e-02	7.22316604e-02	1.81917869e+02	1.79664985e+02	1.84170753e+02	1.08535308e+03	1.35521035e+03	1.35521035e+03	1.32357140e+03	1.38762262e+03	3.16389513e+01	3.24122689e+01
4.97283478e+02	1.16704458e-02	7.04182312e-02	1.75360143e+02	1.73188470e+02	1.77531816e+02	1.05810449e+03	1.32178137e+03	1.32178137e+03	1.29089664e+03	1.35342170e+03	3.08847275e+01	3.16403342e+01
4.97871521e+02	1.11295391e-02	6.85861905e-02	1.67232477e+02	1.65161458e+02	1.69303496e+02	1.03057624e+03	1.28845814e+03	1.28845814e+03	1.25830511e+03	1.31935018e+03	3.01530306e+01	3.08920309e+01
4.98459564e+02	1.04204913e-02	6.66333458e-02	1.56578324e+02	1.54639247e+02	1.58517402e+02	1.00123279e+03	1.25353218e+03	1.25353218e+03	1.22411900e+03	1.28366836e+03	2.94131814e+01	3.01361842e+01
4.99047577e+02	9.86259792e-03	6.48297411e-02	1.48195417e+02	1.46360154e+02	1.50030680e+02	9.74131825e+02	1.22084010e+03	1.22084010e+03	1.19213958e+03	1.25024761e+03	2.87005239e+01	2.94075045e+01
4.99635529e+02	9.41372460e-03	6.32062692e-02	1.41450645e+02	1.39698910e+02	1.43202381e+02	9.49737532e+02	1.19117387e+03	1.19117387e+03	1.16313096e+03	1.21990866e+03	2.80429096e+01	2.87347826e+01
5.00223480e+02	9.00553564e-03	6.15544095e-02	1.35317197e+02	1.33641419e+02	1.36992975e+02	9.24916685e+02	1.16077108e+03	1.16077108e+03	1.13341197e+03	1.18880606e+03	2.73591069e+01	2.80349839e+01
5.00811371e+02	8.54473570e-03	5.99436366e-02	1.28393216e+02	1.26803185e+02	1.29983247e+02	9.00713208e+02	1.13140619e+03	1.13140619e+03	1.10469488e+03	1.15877859e+03	2.67113091e+01	2.73723953e+01
5.01399231e+02	8.17354021e-03	5.82889627e-02	1.22815632e+02	1.21294674e+02	1.24336590e+02	8.75850074e+02	1.10078244e+03	1.10078244e+03	1.07476751e+03	1.12744195e+03	2.60149341e+01	2.66595125e+01
5.01987091e+02	7.84908416e-03	5.66661712e-02	1.17940355e+02	1.16479773e+02	1.19400937e+02	8.51466006e+02	1.07057107e+03	1.07057107e+03	1.04525108e+03	1.09651895e+03	2.53199953e+01	2.59478746e+01
5.02574890e+02	7.35785262e-03	5.50435874e-02	1.10559109e+02	1.09189937e+02	1.11928281e+02	8.27085059e+02	1.04111229e+03	1.04111229e+03	1.01643666e+03	1.06640125e+03	2.46756355e+01	2.52889635e+01
5.03162659e+02	6.94535932e-03	5.34345693e-02	1.04360984e+02	1.03068569e+02	1.05653398e+02	8.02907949e+02	1.01156484e+03	1.01156484e+03	9.87550761e+02	1.03617685e+03	2.40140745e+01	2.46120129e+01
5.03750366e+02	6.57753100e-03	5.17752081e-02	9.88339945e+01	9.76100271e+01	1.00057962e+02	7.77974384e+02	9.80834500e+02	9.80834500e+02	9.57520111e+02	1.00473022e+03	2.33143895e+01	2.38957164e+01
5.04338074e+02	6.20793691e-03	5.01237425e-02	9.32804729e+01	9.21252807e+01	9.44356650e+01	7.53159459e+02	9.50266169e+02	9.50266169e+02	9.27647071e+02	9.73450107e+02	2.26190979e+01	2.31839376e+01
5.04925751e+02	5.90773578e-03	4.85713770e-02	8.87696500e+01	8.76703202e+01	8.98689799e+01	7.29833612e+02	9.21320250e+02	9.21320250e+02	8.99369011e+02	9.43820223e+02	2.19512387e+01	2.24999731e+01
5.05513367e+02	5.70795682e-03	4.71775830e-02	8.57677710e+01	8.47056166e+01	8.68299253e+01	7.08890460e+02	8.95018016e+02	8.95018016e+02	8.73687530e+02	9.16881880e+02	2.13304868e+01	2.18638640e+01
5.06100983e+02	5.62634595e-03	4.59097879e-02	8.45414859e+01	8.34945180e+01	8.55884539e+01	6.89840568e+02	8.70644190e+02	8.70644190e+02	8.49908639e+02	8.91897862e+02	2.07355513e+01	2.12536720e+01
5.06688538e+02	5.64422218e-03	4.47899762e-02	8.48100942e+01	8.37597998e+01	8.58603886e+01	6.73014275e+02	8.48711627e+02	8.48711627e+02	8.28528796e+02	8.69397947e+02	2.01828314e+01	2.06863192e+01
5.07276093e+02	5.62329802e-03	4.37207878e-02	8.44956877e+01	8.34492870e+01	8.55420885e+01	6.56948649e+02	8.27941092e+02	8.27941092e+02	8.08274494e+02	8.48097694e+02	1.96665973e+01	2.01566025e+01
5.07863586e+02	5.52111188e-03	4.25699037e-02	8.29602386e+01	8.19328530e+01	8.39876243e+01	6.39655461e+02	8.05941047e+02	8.05941047e+02	7.86806017e+02	8.25552594e+02	1.91350297e+01	1.96115466e+01
5.08451050e+02	5.37372046e-03	4.13614994e-02	8.07455348e+01	7.97455762e+01	8.17454934e+01	6.21497976e+02	7.83021432e+02	7.83021432e+02	7.64432401e+02	8.02073333e+02	1.85890312e+01	1.90519016e+01
5.09038483e+02	5.17004884e-03	4.01685291e-02	7.76851646e+01	7.67231059e+01	7.86472234e+01	6.03572401e+02	7.60655601e+02	7.60655601e+02	7.42587991e+02	7.79173358e+02	1.80676104e+01	1.85177565e+01
5.09625885e+02	4.82860972e-03	3.89573367e-02	7.25546997e+01	7.16561770e+01	7.34532224e+01	5.85373022e+02	7.38552520e+02	7.38552520e+02	7.20973539e+02	7.56570461e+02	1.75789813e+01	1.80179408e+01
5.10213226e+02	4.60267782e-03	3.78542620e-02	6.91598464e+01	6.83033658e+01	7.00163270e+01	5.68798219e+02	7.18040850e+02	7.18040850e+02	7.00932615e+02	7.35576762e+02	1.71082346e+01	1.75359123e+01
5.10800568e+02	4.39422190e-03	3.67223022e-02	6.60275874e+01	6.52098970e+01	6.68452779e+01	5.51789389e+02	6.96887070e+02	6.96887070e+02	6.80268989e+02	7.13920950e+02	1.66180808e+01	1.70338805e+01
5.11387878e+02	4.20556336e-03	3.55708953e-02	6.31928038e+01	6.24102195e+01	6.39753881e+01	5.34488347e+02	6.75264938e+02	6.75264938e+02	6.59152508e+02	6.91780785e+02	1.61124301e+01	1.65158471e+01
5.11975128e+02	4.14509852e-03	3.44357735e-02	6.22842589e+01	6.15129261e+01	6.30555917e+01	5.17432005e+02	6.53385228e+02	6.53385228e+02	6.37809289e+02	6.69350761e+02	1.55759387e+01	1.59655336e+01
5.12562378e+02	4.22187354e-03	3.34254955e-02	6.34378806e+01	6.26522613e+01	6.42235000e+01	5.02251564e+02	6.33325781e+02	6.33325781e+02	6.18266855e+02	6.48760321e+02	1.50589266e+01	1.54345400e+01
5.13149536e+02	4.33296288e-03	3.25626851e-02	6.51071092e+01	6.43008180e+01	6.59134004e+01	4.89286974e+02	6.15990050e+02	6.15990050e+02	6.01386446e+02	6.30956741e+02	1.46036038e+01	1.49666909e+01
5.13736694e+02	4.31931437e-03	3.16986037e-02	6.49020267e+01	6.40982753e+01	6.57057782e+01	4.76303285e+02	5.99189376e+02	5.99189376e+02	5.85003962e+02	6.13726939e+02	1.41854139e+01	1.45375629e+01
5.14323853e+02	4.12201672e-03	3.06967248e-02	6.19374317e+01	6.11703941e+01	6.27044694e+01	4.61249050e+02	5.80523949e+02	5.80523949e+02	5.66768489e+02	5.94621209e+02	1.37554600e+01	1.40972606e+01
5.14910950e+02	3.94994016e-03	2.96482388e-02	5.93518090e+01	5.86167919e+01	6.00868262e+01	4.45494498e+02	5.60835821e+02	5.60835821e+02	5.47540728e+02	5.74461443e+02	1.32950932e+01	1.36256216e+01
5.15497986e+02	3.72800789e-03	2.86863629e-02	5.60170543e+01	5.53233350e+01	5.67107736e+01	4.31041349e+02	5.43061592e+02	5.43061592e+02	5.30169445e+02	5.56274751e+02	1.28921470e+01	1.32131583e+01
5.16085022e+02	3.50716479e-03	2.77439755e-02	5.26986654e+01	5.20460413e+01	5.33512896e+01	4.16881034e+02	5.25662780e+02	5.25662780e+02	5.13164384e+02	5.38472907e+02	1.24983961e+01	1.28101270e+01
5.16671997e+02	3.28964636e-03	2.69973304e-02	4.94302331e+01	4.88180855e+01	5.00423807e+01	4.05661942e+02	5.12068816e+02	5.12068816e+02	4.99869508e+02	5.24573050e+02	1.21993083e+01	1.25042336e+01
5.17258972e+02	3.34423559e-03	2.66100497e-02	5.02504909e+01	4.96281852e+01	5.08727967e+01	3.99842662e+02	5.04266298e+02	5.04266298e+02	4.92272796e+02	5.16559042e+02	1.19935019e+01	1.22927440e+01
5.17845886e+02	3.19564943e-03	2.59139759e-02	4.80178350e+01	4.74231786e+01	4.86124914e+01	3.89383456e+02	4.91349810e+02	4.91349810e+02	4.79651542e+02	5.03340277e+02	1.16982673e+01	1.19904676e+01
5.18432800e+02	2.74126823e-03	2.49526517e-02	4.11903021e+01	4.06801984e+01	4.17004058e+01	3.74938597e+02	4.74629646e+02	4.74629646e+02	4.63263700e+02	4.86281271e+02	1.13659456e+01	1.16516257e+01
5.19019653e+02	2.48097403e-03	2.42816772e-02	3.72791209e+01	3.68174535e+01	3.77407882e+01	3.64856531e+02	4.62704329e+02	4.62704329e+02	4.51587541e+02	4.74101516e+02	1.11167887e+01	1.13971866e+01
5.19606445e+02	2.36669210e-03	2.33489830e-02	3.55619204e+01	3.51215189e+01	3.60023218e+01	3.50841866e+02	4.45016396e+02	4.45016396e+02	4.34320873e+02	4.55981790e+02	1.06955227e+01	1.09653943e+01
5.20193237e+02	2.13538154e-03	2.24627343e-02	3.20862475e+01	3.16888890e+01	3.24836059e+01	3.37525093e+02	4.28760073e+02	4.28760073e+02	4.18427695e+02	4.39353898e+02	1.03323779e+01	1.05938258e+01
5.20780029e+02	2.19115782e-03	2.16131631e-02	3.29243420e+01	3.25166045e+01	3.33320794e+01	3.24759433e+02	4.11930954e+02	4.11930954e+02	4.02030687e+02	4.22081025e+02	9.90026719e+00	1.01500706e+01
5.21366760e+02	2.25612234e-03	2.11550853e-02	3.39004990e+01	3.34806728e+01	3.43203253e+01	3.17876355e+02	4.02700313e+02	4.02700313e+02	3.93043594e+02	4.12600107e+02	9.65671839e+00	9.89979450e+00
5.21953430e+02	2.35237431e-03	2.04975782e-02	3.53467813e+01	3.49090442e+01	3.57845184e+01	3.07996652e+02	3.89437523e+02	3.89437523e+02	3.80131294e+02	3.98977133e+02	9.30622855e+00	9.53960990e+00
5.22540100e+02	2.44469476e-03	1.97926842e-02	3.67339885e+01	3.62790721e+01	3.71889049e+01	2.97404913e+02	3.75267657e+02	3.75267657e+02	3.66333889e+02	3.84424553e+02	8.93376825e+00	9.15689593e+00
5.23126709e+02	2.34531908e-03	1.90593656e-02	3.52407694e+01	3.48043451e+01	3.56771937e+01	2.86386067e+02	3.61403493e+02	3.61403493e+02	3.52798058e+02	3.70223903e+02	8.60543572e+00	8.82040970e+00
5.23713257e+02	2.43150542e-03	1.88158471e-02	3.65358054e+01	3.60833433e+01	3.69882675e+01	2.82726958e+02	3.56264575e+02	3.56264575e+02	3.47804245e+02	3.64935638e+02	8.46032989e+00	8.67106326e+00
5.24299805e+02	2.30021075e-03	1.81779179e-02	3.45629714e+01	3.41349411e+01	3.49910018e+01	2.73141432e+02	3.44405127e+02	3.44405127e+02	3.36216848e+02	3.52797624e+02	8.18827988e+00	8.39249697e+00
5.24886353e+02	1.88309315e-03	1.74476505e-02	2.82953615e+01	2.79449497e+01	2.86457733e+01	2.62168433e+02	3.32026623e+02	3.32026623e+02	3.24069014e+02	3.40184421e+02	7.95760900e+00	8.15779840e+00
5.25472839e+02	1.85320160e-03	1.69570214e-02	2.78462111e+01	2.75013616e+01	2.81910606e+01	2.54796239e+02	3.22586508e+02	3.22586508e+02	3.14859647e+02	3.30507632e+02	7.72686064e+00	7.92112409e+00
5.26059265e+02	1.90914855e-03	1.66371053e-02	2.86868701e+01	2.83316098e+01	2.90421304e+01	2.49989179e+02	3.16092466e+02	3.16092466e+02	3.08538898e+02	3.23835463e+02	7.55356786e+00	7.74299701e+00
5.26645691e+02	1.77423270e-03	1.61462693e-02	2.66596242e+01	2.63294695e+01	2.69897789e+01	2.42613876e+02	3.07119691e+02	3.07119691e+02	2.99765185e+02	3.14659048e+02	7.35450586e+00	7.53935721e+00
5.27232056e+02	1.94132096e-03	1.57908482e-02	2.91702927e+01	2.88090457e+01	2.95315398e+01	2.37273318e+02	2.99433962e+02	2.99433962e+02	2.92303741e+02	3.06742314e+02	7.13022107e+00	7.30835196e+00
5.27818420e+02	1.96265940e-03	1.50442868e-02	2.94909242e+01	2.91257064e+01	2.98561419e+01	2.26055484e+02	2.84769574e+02	2.84769574e+02	2.78010694e+02	2.91696708e+02	6.75887976e+00	6.92713402e+00
5.28404724e+02	1.86425904e-03	1.44084486e-02	2.80123602e+01	2.76654531e+01	2.83592673e+01	2.16501378e+02	2.72803292e+02	2.72803292e+02	2.66325397e+02	2.79442530e+02	6.47789567e+00	6.63923748e+00
5.28991028e+02	1.68829544e-03	1.37724840e-02	2.53683308e+01	2.50541675e+01	2.56824940e+01	2.06945373e+02	2.61182672e+02	2.61182672e+02	2.54962346e+02	2.67558423e+02	6.22032577e+00	6.37575110e+00
5.29577271e+02	1.58986098e-03	1.31919062e-02	2.38892544e+01	2.35934081e+01	2.41851007e+01	1.98221609e+02	2.50294910e+02	2.50294910e+02	2.44328550e+02	2.56410495e+02	5.96636058e+00	6.11558465e+00
5.30163452e+02	1.72669502e-03	1.30033541e-02	2.59453230e+01	2.56240142e+01	2.62666318e+01	1.95388426e+02	2.46001301e+02	2.46001301e+02	2.40168511e+02	2.51979131e+02	5.83279024e+00	5.97782922e+00
5.30749634e+02	1.77678449e-03	1.27456792e-02	2.66979675e+01	2.63673379e+01	2.70285971e+01	1.91516603e+02	2.40748143e+02	2.40748143e+02	2.35056452e+02	2.46580915e+02	5.69169082e+00	5.83277138e+00
5.31335754e+02	1.56044323e-03	1.25275113e-02	2.34472232e+01	2.31568510e+01	2.37375953e+01	1.88238411e+02	2.37461752e+02	2.37461752e+02	2.31811212e+02	2.43253350e+02	5.65054056e+00	5.79159763e+00
5.31921875e+02	1.49113921e-03	1.20897773e-02	2.24058608e+01	2.21283850e+01	2.26833367e+01	1.81661020e+02	2.29230742e+02	2.29230742e+02	2.23773169e+02	2.34824634e+02	5.45757367e+00	5.59389203e+00
5.32507935e+02	1.41185958e-03	1.14972240e-02	2.12146050e+01	2.09518818e+01	2.14773283e+01	1.72757312e+02	2.18023316e+02	2.18023316e+02	2.12831358e+02	2.23344990e+02	5.19195790e+00	5.32167461e+00
5.33093994e+02	1.28370468e-03	1.10359501e-02	1.92889492e+01	1.90500734e+01	1.95278249e+01	1.65826209e+02	2.09597078e+02	2.09597078e+02	2.04591780e+02	2.14727809e+02	5.00529808e+00	5.13073024e+00
5.33679993e+02	1.21574849e-03	1.07061174e-02	1.82678393e+01	1.80416091e+01	1.84940696e+01	1.60870143e+02	2.03465636e+02	2.03465636e+02	1.98600976e+02	2.08452360e+02	4.86466013e+00	4.98672408e+00
5.34265930e+02	1.18693682e-03	1.04405156e-02	1.78349151e+01	1.76140462e+01	1.80557840e+01	1.56879209e+02	1.98411920e+02	1.98411920e+02	1.93668353e+02	2.03274505e+02	4.74356726e+00	4.86258564e+00
5.34851868e+02	1.27532326e-03	1.03285493e-02	1.91630099e+01	1.89256938e+01	1.94003260e+01	1.55196803e+02	1.95830274e+02	1.95830274e+02	1.91168182e+02	2.00608807e+02	4.66209184e+00	4.77853331e+00
5.35437744e+02	1.28092116e-03	1.00867193e-02	1.92471240e+01	1.90087662e+01	1.94854818e+01	1.51563066e+02	1.91086010e+02	1.91086010e+02	1.86543807e+02	1.95741471e+02	4.54220284e+00	4.65546192e+00
5.36023621e+02	1.28189086e-03	9.86966198e-03	1.92616947e+01	1.90231564e+01	1.95002329e+01	1.48301561e+02	1.86845937e+02	1.86845937e+02	1.82410115e+02	1.91392214e+02	4.43582227e+00	4.54627712e+00
5.36609436e+02	1.43850074e-03	9.61610827e-03	2.16149150e+01	2.13472343e+01	2.18825957e+01	1.44491663e+02	1.81195107e+02	1.81195107e+02	1.76930610e+02	1.85564783e+02	4.26449675e+00	4.36967612e+00
5.37195251e+02	1.50540834e-03	9.27912154e-03	2.26202689e+01	2.23401378e+01	2.29004000e+01	1.39428099e+02	1.74318750e+02	1.74318750e+02	1.70239207e+02	1.78498278e+02	4.07954326e+00	4.17952779e+00
5.37781006e+02	1.43862779e-03	8.96468033e-03	2.16168241e+01	2.13491198e+01	2.18845284e+01	1.34703305e+02	1.68482384e+02	1.68482384e+02	1.64536312e+02	1.72525255e+02	3.94607206e+00	4.04287122e+00
5.38366760e+02	1.32914475e-03	8.61784983e-03	1.99717318e+01	1.97244004e+01	2.02190632e+01	1.29491830e+02	1.62205625e+02	1.62205625e+02	1.58395930e+02	1.66109067e+02	3.80969525e+00	3.90344167e+00
5.38952454e+02	1.24704438e-03	8.22363919e-03	1.87380914e+01	1.85060375e+01	1.89701453e+01	1.23568420e+02	1.54881375e+02	1.54881375e+02	1.51239501e+02	1.58612980e+02	3.64187347e+00	3.73160556e+00
5.39538086e+02	1.15974558e-03	7.74730925e-03	1.74263395e+01	1.72105305e+01	1.76421486e+01	1.16411085e+02	1.45977957e+02	1.45977957e+02	1.42542468e+02	1.49498174e+02	3.43548917e+00	3.52021759e+00
5.40123718e+02	1.04414044e-03	7.28674943e-03	1.56892564e+01	1.54949595e+01	1.58835533e+01	1.09490712e+02	1.37509329e+02	1.37509329e+02	1.34263949e+02	1.40835000e+02	3.24537997e+00	3.32567163e+00
5.40709290e+02	9.23902113e-04	6.94042088e-03	1.38825551e+01	1.37106325e+01	1.40544776e+01	1.04286779e+02	1.31290638e+02	1.31290638e+02	1.28178134e+02	1.34480525e+02	3.11250376e+00	3.18988748e+00
5.41294861e+02	8.16831309e-04	6.67379451e-03	1.22737089e+01	1.21217104e+01	1.24257075e+01	1.00280450e+02	1.26568178e+02	1.26568178e+02	1.23553581e+02	1.29658106e+02	3.01459671e+00	3.08992824e+00
5.41880371e+02	6.23164522e-04	6.44857848e-03	9.36367140e+00	9.24771101e+00	9.47963179e+00	9.68963537e+01	1.23042480e+02	1.23042480e+02	1.20079341e+02	1.26080544e+02	2.96313886e+00	3.03806461e+00
5.42465820e+02	3.47199720e-04	6.26313863e-03	5.21702372e+00	5.15241571e+00	5.28163172e+00	9.41099341e+01	1.20662362e+02	1.20662362e+02	1.17706331e+02	1.23694483e+02	2.95603066e+00	3.03212073e+00
5.43051270e+02	2.18528948e-04	6.17557384e-03	3.28361643e+00	3.24295188e+00	3.32428098e+00	9.27941854e+01	1.19531109e+02	1.19531109e+02	1.16578931e+02	1.22559905e+02	2.95217780e+00	3.02879657e+00
5.43636719e+02	2.72145771e-04	6.13907010e-03	4.08926292e+00	4.03862119e+00	4.13990465e+00	9.22456801e+01	1.18578116e+02	1.18578116e+02	1.15660008e+02	1.21571684e+02	2.91810845e+00	2.99356810e+00
5.44222107e+02	3.23445615e-04	6.05339313e-03	4.86009448e+00	4.79990671e+00	4.92028224e+00	9.09582977e+01	1.16675943e+02	1.16675943e+02	1.13815236e+02	1.19610348e+02	2.86070689e+00	2.93440476e+00
5.44807434e+02	3.21419293e-04	5.91801238e-03	4.82964697e+00	4.76983627e+00	4.88945767e+00	8.89240664e+01	1.14043179e+02	1.14043179e+02	1.11248026e+02	1.16910314e+02	2.79515268e+00	2.86713536e+00
5.45392761e+02	3.65136713e-04	5.74470060e-03	5.48654500e+00	5.41859923e+00	5.55449078e+00	8.63198831e+01	1.10464906e+02	1.10464906e+02	1.07767692e+02	1.13231312e+02	2.69721445e+00	2.76640574e+00
5.45978027e+02	5.08825873e-04	5.47867522e-03	7.64561862e+00	7.55093472e+00	7.74030252e+00	8.23225853e+01	1.04628692e+02	1.04628692e+02	1.02104988e+02	1.07216318e+02	2.52370408e+00	2.58762566e+00
5.46563232e+02	6.35125143e-04	5.22919331e-03	9.54339171e+00	9.42520565e+00	9.66157777e+00	7.85738696e+01	9.91933630e+01	9.91933630e+01	9.68298203e+01	1.01615994e+02	2.36354271e+00	2.42263105e+00
5.47148438e+02	6.34448845e-04	5.03254373e-03	9.53322967e+00	9.41516945e+00	9.65128988e+00	7.56190125e+01	9.53589217e+01	9.53589217e+01	9.30912870e+01	9.76831241e+01	2.26763467e+00	2.32420242e+00
5.47733643e+02	6.52581178e-04	4.87362472e-03	9.80568614e+00	9.68425181e+00	9.92712047e+00	7.32310951e+01	9.21763472e+01	9.21763472e+01	8.99918724e+01	9.44151124e+01	2.18447472e+00	2.23876526e+00
5.48318787e+02	7.06502311e-04	4.81266000e-03	1.06159052e+01	1.04844371e+01	1.07473733e+01	7.23150391e+01	9.07446505e+01	9.07446505e+01	8.86062926e+01	9.29358213e+01	2.13835793e+00	2.19117082e+00
5.48903870e+02	7.72749255e-04	4.82982312e-03	1.16113319e+01	1.14675363e+01	1.17551275e+01	7.25729322e+01	9.07822414e+01	9.07822414e+01	8.86555458e+01	9.29611186e+01	2.12669559e+00	2.17887716e+00
5.49488953e+02	7.82352238e-04	4.80935730e-03	1.17556264e+01	1.16100438e+01	1.19012089e+01	7.22654128e+01	9.03397646e+01	9.03397646e+01	8.82259782e+01	9.25053458e+01	2.11378637e+00	2.16558121e+00
5.50073975e+02	8.15158696e-04	4.73679005e-03	1.22485763e+01	1.20968890e+01	1.24002635e+01	7.11750171e+01	8.87764216e+01	8.87764216e+01	8.67080320e+01	9.08952507e+01	2.06838957e+00	2.11882910e+00
5.50658936e+02	9.52445028e-04	4.66226553e-03	1.43114410e+01	1.41342070e+01	1.44886749e+01	7.00552115e+01	8.67059481e+01	8.67059481e+01	8.47155347e+01	8.87440768e+01	1.99041341e+00	2.03812866e+00
5.51243896e+02	1.02923750e-03	4.62432325e-03	1.54653249e+01	1.52738012e+01	1.56568486e+01	6.94850908e+01	8.56208650e+01	8.56208650e+01	8.36722386e+01	8.76157310e+01	1.94862644e+00	1.99486598e+00
5.51828857e+02	1.11775587e-03	4.55438669e-03	1.67954020e+01	1.65874066e+01	1.70033975e+01	6.84342239e+01	8.38588071e+01	8.38588071e+01	8.19711539e+01	8.57906617e+01	1.88765316e+00	1.93185468e+00
5.52413696e+02	1.07939871e-03	4.40153901e-03	1.62190473e+01	1.60181894e+01	1.64199052e+01	6.61375343e+01	8.10482512e+01	8.10482512e+01	7.92236930e+01	8.29155383e+01	1.82455815e+00	1.86728711e+00
5.52998596e+02	8.49772562e-04	4.09488297e-03	1.27686843e+01	1.26105560e+01	1.29268126e+01	6.15297200e+01	7.60947047e+01	7.60947047e+01	7.43505245e+01	7.78806230e+01	1.74418015e+00	1.78591836e+00
5.53583374e+02	7.00318322e-04	3.80986414e-03	1.05229846e+01	1.03926671e+01	1.06533020e+01	5.72470264e+01	7.12035584e+01	7.12035584e+01	6.95534465e+01	7.28936649e+01	1.65011188e+00	1.69010647e+00
5.54168152e+02	3.80196398e-04	3.42913558e-03	5.71283187e+00	5.64208374e+00	5.78357999e+00	5.15261984e+01	6.52107105e+01	6.52107105e+01	6.36497894e+01	6.68108466e+01	1.56092103e+00	1.60013610e+00
5.54752930e+02	2.51917722e-04	3.19607845e-03	3.78531621e+00	3.73843858e+00	3.83219384e+00	4.80242815e+01	6.12385178e+01	6.12385178e+01	5.97526779e+01	6.27622252e+01	1.48583993e+00	1.52370736e+00
5.55337646e+02	3.71897575e-04	3.29425504e-03	5.58813374e+00	5.51892988e+00	5.65733759e+00	4.94994830e+01	6.26158601e+01	6.26158601e+01	6.11183503e+01	6.41509568e+01	1.49750978e+00	1.53509677e+00
5.55922302e+02	5.21421646e-04	3.32076349e-03	7.83488274e+00	7.73785498e+00	7.93191050e+00	4.98977990e+01	6.24620467e+01	6.24620467e+01	6.09968371e+01	6.39632612e+01	1.46520964e+00	1.50121443e+00
5.56506958e+02	7.33249914e-04	3.34333041e-03	1.10178147e+01	1.08813693e+01	1.11542602e+01	5.02368897e+01	6.19516783e+01	6.19516783e+01	6.05395527e+01	6.33973744e+01	1.41212558e+00	1.44569611e+00
5.57091553e+02	6.80869704e-04	3.16733887e-03	1.02307496e+01	1.01040512e+01	1.03574479e+01	4.75924405e+01	5.87524260e+01	5.87524260e+01	5.74104627e+01	6.01263700e+01	1.34196331e+00	1.37394397e+00
5.57676147e+02	4.47674711e-04	2.91763089e-03	6.72676113e+00	6.64345643e+00	6.81006583e+00	4.38403278e+01	5.49261983e+01	5.49261983e+01	5.36356994e+01	5.62484655e+01	1.29049892e+00	1.32226719e+00
5.58260681e+02	3.29774921e-04	2.63448289e-03	4.95519864e+00	4.89383310e+00	5.01656419e+00	3.95857453e+01	4.99299346e+01	4.99299346e+01	4.87421401e+01	5.11473719e+01	1.18779449e+00	1.21743735e+00
5.58845215e+02	-6.03885506e-05	2.19043198e-03	-9.07398487e-01	-9.18635776e-01	-8.96161198e-01	3.29134355e+01	4.30157626e+01	4.30157626e+01	4.19269085e+01	4.41335665e+01	1.08885411e+00	1.11780388e+00
5.59429626e+02	-2.18575720e-04	1.98997448e-03	-3.28431922e+00	-3.32499247e+00	-3.24364597e+00	2.99013606e+01	3.98139663e+01	3.98139663e+01	3.87752078e+01	4.08811308e+01	1.03875846e+00	1.06716456e+00
5.60014099e+02	-1.63059669e-04	2.03103263e-03	-2.45013493e+00	-2.48047758e+00	-2.41979228e+00	3.05183004e+01	4.03660149e+01	4.03660149e+01	3.93239922e+01	4.14362578e+01	1.04202275e+00	1.07024289e+00
5.60598511e+02	-2.20936136e-05	2.02673959e-03	-3.31978684e-01	-3.36089932e-01	-3.27867435e-01	3.04537933e+01	3.96495434e+01	3.96495434e+01	3.86522848e+01	4.06731538e+01	9.97258582e-01	1.02361042e+00
5.61182861e+02	1.37584651e-04	2.15801657e-03	2.06734725e+00	2.04174507e+00	2.09294943e+00	3.24263615e+01	4.14946385e+01	4.14946385e+01	4.04815477e+01	4.25337159e+01	1.01309085e+00	1.03907739e+00
5.61767151e+02	1.88370483e-04	2.15658363e-03	2.83045527e+00	2.79540270e+00	2.86550783e+00	3.24048301e+01	4.12387342e+01	4.12387342e+01	4.02417150e+01	4.22610684e+01	9.97019239e-01	1.02233415e+00
5.62351440e+02	2.92647308e-04	2.26831703e-03	4.39731906e+00	4.34286234e+00	4.45177578e+00	3.40837363e+01	4.29511077e+01	4.29511077e+01	4.19310399e+01	4.39965864e+01	1.02006780e+00	1.04547862e+00
5.62935730e+02	4.88365933e-04	2.30287156e-03	7.33818752e+00	7.24731087e+00	7.42906417e+00	3.46029528e+01	4.27469736e+01	4.27469736e+01	4.17692550e+01	4.37480301e+01	9.77718578e-01	1.00105652e+00
5.63519958e+02	5.00903508e-04	2.22633618e-03	7.52657715e+00	7.43336747e+00	7.61978683e+00	3.34529321e+01	4.11971680e+01	4.11971680e+01	4.02606509e+01	4.21558774e+01	9.36517092e-01	9.58709392e-01
5.64104126e+02	5.60369151e-04	2.15392946e-03	8.42010803e+00	8.31583280e+00	8.52438327e+00	3.23649485e+01	3.95173035e+01	3.95173035e+01	3.86341736e+01	4.04209295e+01	8.83129857e-01	9.03626032e-01
5.64688293e+02	5.43416739e-04	1.99535986e-03	8.16538104e+00	8.06426037e+00	8.26650172e+00	2.99822813e+01	3.64990178e+01	3.64990178e+01	3.56882581e+01	3.73284522e+01	8.10759717e-01	8.29434429e-01
5.65272400e+02	4.09548657e-04	1.71892907e-03	6.15387897e+00	6.07766888e+00	6.23008906e+00	2.58286318e+01	3.17055060e+01	3.17055060e+01	3.09893346e+01	3.24385185e+01	7.16171426e-01	7.33012514e-01
5.65856445e+02	2.77682751e-04	1.54249482e-03	4.17246160e+00	4.12078953e+00	4.22413367e+00	2.31775303e+01	2.88543691e+01	2.88543691e+01	2.81845185e+01	2.95404875e+01	6.69850573e-01	6.86118428e-01
5.66440491e+02	9.61311587e-05	1.33798264e-03	1.44446699e+00	1.42657861e+00	1.46235538e+00	2.01045299e+01	2.56783150e+01	2.56783150e+01	2.50534701e+01	2.63191324e+01	6.24844874e-01	6.40817413e-01
5.67024536e+02	5.98277982e-05	1.25920813e-03	8.98972620e-01	8.87839677e-01	9.10105562e-01	1.89208640e+01	2.43040264e+01	2.43040264e+01	2.37066948e+01	2.49167843e+01	5.97331604e-01	6.12757884e-01
5.67608459e+02	1.49545499e-04	1.28369092e-03	2.24707098e+00	2.21924309e+00	2.27489887e+00	1.92887424e+01	2.43791118e+01	2.43791118e+01	2.37969689e+01	2.49758419e+01	5.82142905e-01	5.96730143e-01
5.68192444e+02	2.35068366e-04	1.39256485e-03	3.53213775e+00	3.48839550e+00	3.57588000e+00	2.09246823e+01	2.61198579e+01	2.61198579e+01	2.55103878e+01	2.67442156e+01	6.09470127e-01	6.24357703e-01
5.68776306e+02	3.59028289e-04	1.51312246e-03	5.39475982e+00	5.32795072e+00	5.46156892e+00	2.27361813e+01	2.79160864e+01	2.79160864e+01	2.72852123e+01	2.85618043e+01	6.30874092e-01	6.45717908e-01
5.69360168e+02	3.59610422e-04	1.54758878e-03	5.40350695e+00	5.33658952e+00	5.47042437e+00	2.32540723e+01	2.85860593e+01	2.85860593e+01	2.79385160e+01	2.92488823e+01	6.47543357e-01	6.62822987e-01
5.69944031e+02	2.59281406e-04	1.47380511e-03	3.89596295e+00	3.84771506e+00	3.94421084e+00	2.21453987e+01	2.75965288e+01	2.75965288e+01	2.69546809e+01	2.82539978e+01	6.41847893e-01	6.57468946e-01
5.70527832e+02	1.36630461e-04	1.38010013e-03	2.05300959e+00	2.02758497e+00	2.07843421e+00	2.07373874e+01	2.63184353e+01	2.63184353e+01	2.56852633e+01	2.69676007e+01	6.33172000e-01	6.49165352e-01
5.71111572e+02	-1.38009966e-05	1.26774922e-03	-2.07373804e-01	-2.09941936e-01	-2.04805671e-01	1.90492024e+01	2.48011668e+01	2.48011668e+01	2.41773756e+01	2.54414411e+01	6.23791165e-01	6.40274304e-01
5.71695312e+02	-4.53702295e-05	1.23720550e-03	-6.81733162e-01	-6.90175796e-01	-6.73290529e-01	1.85902524e+01	2.43468195e+01	2.43468195e+01	2.37284016e+01	2.49817337e+01	6.18417882e-01	6.34914212e-01
5.72278992e+02	5.26187340e-05	1.27376086e-03	7.90649206e-01	7.80857748e-01	8.00440663e-01	1.91395334e+01	2.46203689e+01	2.46203689e+01	2.40137427e+01	2.52427013e+01	6.06626224e-01	6.22332402e-01
5.72862610e+02	2.03903208e-04	1.37320659e-03	3.06385003e+00	3.02590708e+00	3.10179297e+00	2.06338051e+01	2.58819735e+01	2.58819735e+01	2.52725320e+01	2.65064544e+01	6.09441456e-01	6.24480890e-01
5.73446228e+02	3.00671023e-04	1.32959259e-03	4.51788342e+00	4.46193362e+00	4.57383322e+00	1.99784610e+01	2.45965556e+01	2.45965556e+01	2.40377191e+01	2.51686260e+01	5.58836519e-01	5.72070380e-01
5.74029846e+02	2.45923339e-04	1.16932139e-03	3.69524460e+00	3.64948242e+00	3.74100678e+00	1.75702256e+01	2.17147005e+01	2.17147005e+01	2.12176263e+01	2.22236512e+01	4.97074148e-01	5.08950779e-01
5.74613342e+02	1.48448897e-04	9.91934748e-04	2.23059344e+00	2.20296961e+00	2.25821727e+00	1.49048136e+01	1.86906196e+01	1.86906196e+01	1.82507410e+01	1.91413470e+01	4.39878613e-01	4.50727423e-01
5.75196899e+02	3.84662198e-05	7.77439159e-04	5.77993499e-01	5.70835586e-01	5.85151413e-01	1.16818024e+01	1.49985246e+01	1.49985246e+01	1.46301927e+01	1.53763610e+01	3.68331876e-01	3.77836454e-01
5.75780334e+02	-8.08806329e-05	6.30922084e-04	-1.21531256e+00	-1.23036308e+00	-1.20026204e+00	9.48023654e+00	1.26750109e+01	1.26750109e+01	1.23421670e+01	1.30170100e+01	3.32843962e-01	3.41999080e-01
5.76363770e+02	-1.07697652e-04	6.00060709e-04	-1.61826514e+00	-1.63830586e+00	-1.59822443e+00	9.01651347e+00	1.21931356e+01	1.21931356e+01	1.18672586e+01	1.25281158e+01	3.25877084e-01	3.34980184e-01
5.76947205e+02	5.19736861e-05	7.46877361e-04	7.80956716e-01	7.71285291e-01	7.90628141e-01	1.12225808e+01	1.43415075e+01	1.43415075e+01	1.39922010e+01	1.46997517e+01	3.49306479e-01	3.58244243e-01
5.77530579e+02	2.45985992e-04	9.17434367e-04	3.69618602e+00	3.65041218e+00	3.74195986e+00	1.37853707e+01	1.67990233e+01	1.67990233e+01	1.64250782e+01	1.71816044e+01	3.73945084e-01	3.82581169e-01
5.78113892e+02	2.35736279e-04	9.18627614e-04	3.54217381e+00	3.49830727e+00	3.58604035e+00	1.38033004e+01	1.68683123e+01	1.68683123e+01	1.64906817e+01	1.72547261e+01	3.77630546e-01	3.86413810e-01
5.78697205e+02	8.20623222e-05	8.72315897e-04	1.23306862e+00	1.21779821e+00	1.24833904e+00	1.31074205e+01	1.66543048e+01	1.66543048e+01	1.62527969e+01	1.70659768e+01	4.01507850e-01	4.11671993e-01
5.79280457e+02	1.39137670e-05	8.13467353e-04	2.09068292e-01	2.06479175e-01	2.11657409e-01	1.22231621e+01	1.58117876e+01	1.58117876e+01	1.54184156e+01	1.62154433e+01	3.93371948e-01	4.03655706e-01
5.79863647e+02	1.12614681e-05	7.12744895e-04	1.69214844e-01	1.67119275e-01	1.71310413e-01	1.07097063e+01	1.38581648e+01	1.38581648e+01	1.35132183e+01	1.42121336e+01	3.44946485e-01	3.53968877e-01
5.80446838e+02	-2.02031752e-05	6.09492523e-04	-3.03572952e-01	-3.07332422e-01	-2.99813483e-01	9.15823592e+00	1.19844905e+01	1.19844905e+01	1.16804854e+01	1.22965947e+01	3.04005103e-01	3.12104170e-01
5.81029968e+02	8.45550638e-06	5.81192780e-04	1.27052456e-01	1.25479029e-01	1.28625883e-01	8.73300392e+00	1.13036128e+01	1.13036128e+01	1.10221133e+01	1.15924788e+01	2.81499497e-01	2.88865972e-01
5.81613098e+02	1.25322688e-04	6.36187806e-04	1.88309896e+00	1.85977853e+00	1.90641940e+00	9.55935929e+00	1.18522682e+01	1.18522682e+01	1.15792618e+01	1.21318453e+01	2.73006410e-01	2.79577094e-01
5.82196167e+02	2.31213317e-04	6.90957154e-04	3.47421178e+00	3.43118689e+00	3.51723668e+00	1.03823236e+01	1.24457856e+01	1.24457856e+01	1.21780603e+01	1.27194241e+01	2.67725276e-01	2.73638444e-01
5.82779236e+02	2.45067411e-04	7.59221369e-04	3.68238342e+00	3.63678052e+00	3.72798633e+00	1.14080619e+01	1.37157320e+01	1.37157320e+01	1.34188357e+01	1.40192413e+01	2.96896305e-01	3.03509289e-01
5.83362244e+02	2.14394549e-04	8.52183159e-04	3.22149294e+00	3.18159774e+00	3.26138814e+00	1.28049059e+01	1.56674838e+01	1.56674838e+01	1.53158686e+01	1.60273022e+01	3.51615197e-01	3.59818354e-01
5.83945190e+02	1.83856369e-04	8.91681759e-04	2.76262619e+00	2.72841362e+00	2.79683875e+00	1.33984120e+01	1.65753350e+01	1.65753350e+01	1.61951719e+01	1.69646021e+01	3.80163122e-01	3.89267084e-01
5.84528137e+02	1.13565668e-04	8.61769140e-04	1.70643797e+00	1.68530531e+00	1.72757062e+00	1.29489449e+01	1.63070963e+01	1.63070963e+01	1.59202783e+01	1.67035377e+01	3.86818049e-01	3.96441349e-01
5.85111023e+02	2.82148933e-05	7.80077564e-04	4.23957045e-01	4.18706730e-01	4.29207360e-01	1.17214471e+01	1.50960221e+01	1.50960221e+01	1.47232979e+01	1.54784166e+01	3.72724150e-01	3.82394514e-01
5.85693909e+02	4.42858380e-06	6.77502478e-04	6.65439094e-02	6.57198247e-02	6.73679940e-02	1.01801536e+01	1.32011020e+01	1.32011020e+01	1.28713122e+01	1.35395488e+01	3.29789805e-01	3.38446798e-01
5.86276733e+02	5.80926185e-06	5.92552330e-04	8.72899807e-02	8.62089752e-02	8.83709862e-02	8.90369254e+00	1.15371634e+01	1.15371634e+01	1.12493110e+01	1.18325625e+01	2.87852425e-01	2.95399042e-01
5.86859497e+02	2.64047013e-05	5.50520351e-04	3.96757097e-01	3.91843628e-01	4.01670566e-01	8.27211994e+00	1.06245010e+01	1.06245010e+01	1.03634254e+01	1.08923178e+01	2.61075658e-01	2.67816769e-01
5.87442261e+02	7.22124188e-05	5.08471520e-04	1.08506395e+00	1.07162644e+00	1.09850147e+00	7.64029411e+00	9.59834987e+00	9.59834987e+00	9.37169017e+00	9.83062068e+00	2.26659701e-01	2.32270811e-01
5.88024963e+02	1.07053405e-04	4.25853898e-04	1.60858469e+00	1.58866386e+00	1.62850552e+00	6.39888156e+00	7.82974945e+00	7.82974945e+00	7.65401448e+00	8.00958480e+00	1.75734976e-01	1.79835348e-01
5.88607666e+02	9.57319739e-05	3.43725964e-04	1.43846884e+00	1.42065473e+00	1.45628294e+00	5.16482704e+00	6.27789508e+00	6.27789508e+00	6.13887360e+00	6.42010623e+00	1.39021481e-01	1.42211148e-01
5.89190308e+02	6.03763464e-05	2.90723457e-04	9.07215106e-01	8.95980088e-01	9.18450124e-01	4.36841127e+00	5.40227507e+00	5.40227507e+00	5.27845760e+00	5.52905522e+00	1.23817461e-01	1.26780157e-01
5.89772888e+02	6.91401365e-05	2.63026484e-04	1.03889983e+00	1.02603402e+00	1.05176565e+00	3.95223650e+00	4.82245394e+00	4.82245394e+00	4.71482593e+00	4.93257569e+00	1.07628010e-01	1.10121752e-01
5.90355469e+02	1.17967182e-04	2.60598294e-04	1.77257512e+00	1.75062342e+00	1.79452682e+00	3.91575051e+00	4.55591978e+00	4.55591978e+00	4.46425694e+00	4.64941712e+00	9.16628369e-02	9.34973405e-02
5.90937988e+02	1.08381032e-04	2.86978902e-04	1.62853362e+00	1.60836574e+00	1.64870150e+00	4.31214557e+00	5.11374395e+00	5.11374395e+00	5.00628613e+00	5.22349887e+00	1.07457815e-01	1.09754918e-01
5.91520508e+02	8.52106014e-05	3.26631259e-04	1.28037467e+00	1.26451842e+00	1.29623093e+00	4.90796197e+00	5.99152701e+00	5.99152701e+00	5.85767610e+00	6.12848303e+00	1.33850906e-01	1.36956029e-01
5.92102966e+02	1.13817281e-04	3.56679354e-04	1.71021870e+00	1.68903923e+00	1.73139818e+00	5.35946471e+00	6.44949924e+00	6.44949924e+00	6.30962062e+00	6.59250152e+00	1.39878620e-01	1.43002281e-01
5.92685425e+02	1.76995968e-04	4.08104005e-04	2.65954178e+00	2.62660582e+00	2.69247774e+00	6.13217162e+00	7.16945066e+00	7.16945066e+00	7.02356036e+00	7.31831345e+00	1.45890306e-01	1.48862789e-01
5.93267761e+02	2.26551472e-04	4.37465604e-04	3.40416289e+00	3.36200549e+00	3.44632030e+00	6.57335907e+00	7.52000209e+00	7.52000209e+00	7.37476013e+00	7.66795679e+00	1.45241951e-01	1.47954703e-01
5.93850159e+02	2.04412799e-04	3.95460726e-04	3.07150714e+00	3.03346938e+00	3.10954491e+00	5.94219369e+00	6.79967149e+00	6.79967149e+00	6.66825881e+00	6.93354141e+00	1.31412686e-01	1.33869920e-01
5.94432434e+02	1.83785596e-04	3.72640641e-04	2.76156275e+00	2.72736335e+00	2.79576214e+00	5.59929904e+00	6.44693456e+00	6.44693456e+00	6.32043202e+00	6.57586612e+00	1.26502538e-01	1.28931568e-01
5.95014771e+02	1.99393986e-04	3.93343195e-04	2.99609445e+00	2.95899059e+00	3.03319830e+00	5.91037566e+00	6.78087524e+00	6.78087524e+00	6.64897847e+00	6.91526657e+00	1.31896774e-01	1.34391325e-01
5.95596985e+02	1.96364647e-04	3.79611872e-04	2.95057559e+00	2.91403545e+00	2.98711573e+00	5.70404877e+00	6.52651479e+00	6.52651479e+00	6.40041233e+00	6.65497415e+00	1.26102457e-01	1.28459360e-01
5.96179199e+02	1.96996169e-04	3.25894442e-04	2.96006484e+00	2.92340718e+00	2.99672250e+00	4.89689056e+00	5.47542292e+00	5.47542292e+00	5.37576607e+00	5.57673765e+00	9.96568539e-02	1.01314727e-01
5.96761353e+02	1.89598107e-04	2.80698540e-04	2.84890155e+00	2.81362055e+00	2.88418256e+00	4.21777684e+00	4.62666167e+00	4.62666167e+00	4.54685521e+00	4.70763985e+00	7.98064570e-02	8.09781794e-02
5.97343506e+02	2.14954856e-04	2.72961483e-04	3.22991212e+00	3.18991265e+00	3.26991159e+00	4.10151981e+00	4.36187016e+00	4.36187016e+00	4.29351988e+00	4.43096652e+00	6.83502799e-02	6.90963539e-02
5.97925598e+02	2.02362649e-04	2.42185784e-04	3.04070158e+00	3.00304531e+00	3.07835785e+00	3.63908410e+00	3.81782173e+00	3.81782173e+00	3.76070185e+00	3.87545381e+00	5.71198783e-02	5.76320786e-02
5.98507690e+02	7.14583124e-05	1.33878869e-04	1.07373275e+00	1.06043557e+00	1.08702994e+00	2.01166417e+00	2.29182550e+00	2.29182550e+00	2.24802019e+00	2.33643366e+00	4.38053112e-02	4.46081566e-02
5.99089661e+02	-2.74509194e-05	9.43059366e-05	-4.12477572e-01	-4.17585724e-01	-4.07369419e-01	1.41704120e+00	1.96352083e+00	1.96352083e+00	1.90912017e+00	2.01948752e+00	5.44006656e-02	5.59666872e-02
5.99671692e+02	-2.92791172e-05	1.59506905e-04	-4.39948076e-01	-4.45396425e-01	-4.34499727e-01	2.39675109e+00	3.24407681e+00	3.24407681e+00	3.15725576e+00	3.33332602e+00	8.68210591e-02	8.92492015e-02
6.00253601e+02	-1.40951427e-05	1.59631290e-04	-2.11793644e-01	-2.14416512e-01	-2.09170776e-01	2.39862009e+00	3.17835407e+00	3.17835407e+00	3.09606792e+00	3.26287466e+00	8.22861466e-02	8.45205943e-02
6.00835571e+02	-1.18989123e-05	1.28345755e-04	-1.78793082e-01	-1.81007268e-01	-1.76578895e-01	1.92852358e+00	2.55798180e+00	2.55798180e+00	2.49165123e+00	2.62611618e+00	6.63305726e-02	6.81343821e-02
6.01417419e+02	-3.91306623e-05	1.24394003e-04	-5.87977413e-01	-5.95258968e-01	-5.80695858e-01	1.86914455e+00	2.60309007e+00	2.60309007e+00	2.53044874e+00	2.67783464e+00	7.26413328e-02	7.47445667e-02
6.01999268e+02	-7.30247242e-05	6.49926822e-05	-1.09726966e+00	-1.11085833e+00	-1.08368099e+00	9.76580178e-01	1.59604182e+00	1.59604182e+00	1.54217430e+00	1.65168449e+00	5.38675151e-02	5.56426778e-02
6.02581055e+02	-7.15987699e-06	1.12436056e-04	-1.07584327e-01	-1.08916659e-01	-1.06251994e-01	1.68946442e+00	2.22624521e+00	2.22624521e+00	2.16912488e+00	2.28490377e+00	5.71203321e-02	5.86585601e-02
6.03162842e+02	6.55004282e-05	1.11968251e-04	9.84209570e-01	9.72021046e-01	9.96398093e-01	1.68243517e+00	1.89099606e+00	1.89099606e+00	1.85609633e+00	1.92649346e+00	3.48997305e-02	3.54973938e-02
6.03744568e+02	1.16704297e-04	7.06797669e-05	1.75359901e+00	1.73188231e+00	1.77531571e+00	1.06203432e+00	8.55463054e-01	8.55463054e-01	8.33197709e-01	8.77714332e-01	2.22653456e-02	2.22512777e-02
6.04326294e+02	2.43083832e-04	9.86279962e-05	3.65257817e+00	3.60734437e+00	3.69781196e+00	1.48198448e+00	8.33625320e-01	8.33625320e-01	7.86669502e-01	8.80536984e-01	4.69558180e-02	4.69116635e-02
6.04907959e+02	2.82258186e-04	5.05375306e-05	4.24121209e+00	4.18868861e+00	4.29373557e+00	7.59377039e-01	0.00000000e+00	-2.80651611e-01	0.00000000e+00	0.00000000e+00	2.80651611e-01	2.80651611e-01
6.05489563e+02	2.35893729e-04	4.23957053e-05	3.54453966e+00	3.50064382e+00	3.58843550e+00	6.37037955e-01	0.00000000e+00	-2.31436579e-01	0.00000000e+00	0.00000000e+00	2.31436579e-01	2.31436579e-01
6.06071167e+02	7.53031070e-05	4.78701745e-05	1.13150464e+00	1.11749201e+00	1.14551728e+00	7.19297341e-01	5.96170485e-01	5.96170485e-01	5.81830828e-01	6.10501758e-01	1.43396575e-02	1.43312723e-02
6.06652710e+02	-7.36547543e-05	-3.81719809e-06	-1.10673649e+00	-1.12044240e+00	-1.09303059e+00	-5.73572265e-02	2.56093723e-01	2.56093723e-01	2.35666434e-01	2.77419253e-01	2.04272888e-02	2.13255308e-02
6.07234192e+02	-1.28421599e-04	3.27223613e-05	-1.92966321e+00	-1.95356030e+00	-1.90576612e+00	4.91686269e-01	1.21494650e+00	1.21494650e+00	1.16008428e+00	1.27188134e+00	5.48622251e-02	5.69348387e-02
6.07815674e+02	-2.36270960e-04	-2.28799132e-05	-3.55020794e+00	-3.59417397e+00	-3.50624190e+00	-3.43793623e-01	6.13966496e-01	6.13966496e-01	5.53637385e-01	6.77040216e-01	6.03291109e-02	6.30737200e-02
6.08397095e+02	-3.20957450e-04	-1.27579006e-04	-4.82270731e+00	-4.88243207e+00	-4.76298255e+00	-1.91700241e+00	0.00000000e+00	-1.04906458e+00	0.00000000e+00	0.00000000e+00	1.04906458e+00	1.04906458e+00
6.08978516e+02	-2.60671543e-04	-1.23687670e-04	-3.91685115e+00	-3.96535772e+00	-3.86834458e+00	-1.85853119e+00	0.00000000e+00	-1.24370835e+00	0.00000000e+00	0.00000000e+00	1.24370835e+00	1.24370835e+00
6.09559875e+02	-1.83531896e-04	-1.32059526e-04	-2.75775065e+00	-2.79190283e+00	-2.72359846e+00	-1.98432671e+00	0.00000000e+00	-1.75330397e+00	0.00000000e+00	0.00000000e+00	1.75330397e+00	1.75330397e+00
6.10141174e+02	4.50583691e-06	-1.04699347e-05	6.77047148e-02	6.68662547e-02	6.85431750e-02	-1.57321260e-01	0.00000000e+00	-2.24536811e-01	0.00000000e+00	0.00000000e+00	2.24536811e-01	2.24536811e-01
6.10722473e+02	4.51204875e-05	1.33265116e-05	6.77980539e-01	6.69584379e-01	6.86376700e-01	2.00244190e-01	5.75437225e-02	5.75437225e-02	4.87685537e-02	6.63091732e-02	8.77516884e-03	8.76545068e-03
6.11303772e+02	1.63773894e-04	4.05716641e-05	2.46086688e+00	2.43039132e+00	2.49134243e+00	6.09629909e-01	5.66630221e-02	5.66630221e-02	2.47188029e-02	8.85695833e-02	3.19442193e-02	3.19065612e-02
6.11884949e+02	1.20046470e-04	-1.15065085e-05	1.80381851e+00	1.78147989e+00	1.82615713e+00	-1.72896821e-01	0.00000000e+00	-7.63344258e-01	0.00000000e+00	0.00000000e+00	7.63344258e-01	7.63344258e-01
6.12466125e+02	1.09343946e-04	5.15338274e-05	1.64300235e+00	1.62265529e+00	1.66334942e+00	7.74347398e-01	5.14879035e-01	5.14879035e-01	4.93842833e-01	5.35897566e-01	2.10362016e-02	2.10185314e-02
6.13047302e+02	1.41190333e-04	9.89830124e-05	2.12152624e+00	2.09525311e+00	2.14779938e+00	1.48731895e+00	1.29788041e+00	1.29788041e+00	1.27110413e+00	1.32464379e+00	2.67762792e-02	2.67633781e-02
6.13628418e+02	2.06559692e-04	1.83077541e-04	3.10376637e+00	3.06532910e+00	3.14220364e+00	2.75092351e+00	2.64552888e+00	2.64552888e+00	2.60681169e+00	2.68423890e+00	3.87171943e-02	3.87100168e-02
6.14209473e+02	3.34175861e-04	2.56751540e-04	5.02132719e+00	4.95914270e+00	5.08351167e+00	3.85794918e+00	3.51044665e+00	3.51044665e+00	3.44733921e+00	3.57353043e+00	6.31074392e-02	6.30837736e-02
6.14790466e+02	4.80388639e-04	4.00533612e-04	7.21832068e+00	7.12892847e+00	7.30771289e+00	6.01841889e+00	5.66000666e+00	5.66000666e+00	5.56966252e+00	5.75032640e+00	9.03441428e-02	9.03197343e-02
6.15371521e+02	4.79561899e-04	4.19561589e-04	7.20589809e+00	7.11665972e+00	7.29513646e+00	6.30433331e+00	6.03503474e+00	6.03503474e+00	5.94508112e+00	6.12497001e+00	8.99536172e-02	8.99352775e-02
6.15952454e+02	4.46498054e-04	4.52774195e-04	6.70908069e+00	6.62599494e+00	6.79216643e+00	6.80338600e+00	6.83155511e+00	6.83155511e+00	6.74540190e+00	6.91778905e+00	8.61532169e-02	8.62339398e-02
6.16533386e+02	3.56355353e-04	4.18245212e-04	5.35459628e+00	5.28828457e+00	5.42090799e+00	6.28455342e+00	6.56233282e+00	6.56233282e+00	6.46577237e+00	6.65968930e+00	9.65604581e-02	9.73564777e-02
6.17114258e+02	3.15870455e-04	4.90030602e-04	4.74627012e+00	4.68749196e+00	4.80504828e+00	7.36320085e+00	8.14488145e+00	8.14488145e+00	8.00098230e+00	8.29102063e+00	1.43899148e-01	1.46139175e-01
6.17695068e+02	1.64185160e-04	3.49091885e-04	2.46704655e+00	2.43649447e+00	2.49759864e+00	5.24545539e+00	6.07536972e+00	6.07536972e+00	5.95444424e+00	6.19867345e+00	1.20925481e-01	1.23303729e-01
6.18275879e+02	-3.40588220e-05	5.75028994e-05	-5.11767930e-01	-5.18105701e-01	-5.05430158e-01	8.64038685e-01	1.27499391e+00	1.27499391e+00	1.23658077e+00	1.31458470e+00	3.84131362e-02	3.95907917e-02
6.18856689e+02	-1.49536352e-04	-1.83788539e-04	-2.24693353e+00	-2.27475972e+00	-2.21910735e+00	-2.76160696e+00	0.00000000e+00	-2.91534058e+00	0.00000000e+00	0.00000000e+00	2.91534058e+00	2.91534058e+00
6.19437439e+02	-2.59167534e-04	-3.64590326e-04	-3.89425191e+00	-3.94247861e+00	-3.84602521e+00	-5.47833500e+00	0.00000000e+00	-5.95150268e+00	0.00000000e+00	0.00000000e+00	5.95150268e+00	5.95150268e+00
6.20018127e+02	-3.01987111e-04	-3.97564631e-04	-4.53765896e+00	-4.59385366e+00	-4.48146426e+00	-5.97380698e+00	0.00000000e+00	-6.40278626e+00	0.00000000e+00	0.00000000e+00	6.40278626e+00	6.40278626e+00
6.20598755e+02	-3.98882746e-04	-3.89628419e-04	-5.99361298e+00	-6.06783832e+00	-5.91938763e+00	-5.85455743e+00	0.00000000e+00	-5.81302135e+00	0.00000000e+00	0.00000000e+00	5.81302135e+00	5.81302135e+00
6.21179382e+02	-3.86369318e-04	-3.40471647e-04	-5.80558618e+00	-5.87748298e+00	-5.73368937e+00	-5.11592768e+00	0.00000000e+00	-4.90992579e+00	0.00000000e+00	0.00000000e+00	4.90992579e+00	4.90992579e+00
6.21760010e+02	-3.94586079e-04	-2.08431269e-04	-5.92905124e+00	-6.00247704e+00	-5.85562544e+00	-3.13188868e+00	0.00000000e+00	-2.29637259e+00	0.00000000e+00	0.00000000e+00	2.29637259e+00	2.29637259e+00
6.22340515e+02	-3.97038493e-04	-1.47093915e-04	-5.96590123e+00	-6.03978338e+00	-5.89201907e+00	-2.21023347e+00	0.00000000e+00	-1.08841063e+00	0.00000000e+00	0.00000000e+00	1.08841063e+00	1.08841063e+00
6.22921021e+02	-3.70293098e-04	-1.74836002e-04	-5.56402487e+00	-5.63293016e+00	-5.49511958e+00	-2.62708613e+00	0.00000000e+00	-1.74981872e+00	0.00000000e+00	0.00000000e+00	1.74981872e+00	1.74981872e+00
6.23501526e+02	-3.04905443e-04	-1.17451143e-04	-4.58150981e+00	-4.63824756e+00	-4.52477206e+00	-1.76482111e+00	0.00000000e+00	-9.23472543e-01	0.00000000e+00	0.00000000e+00	9.23472543e-01	9.23472543e-01
6.24081970e+02	-2.61381031e-04	-5.53979835e-05	-3.92751191e+00	-3.97615051e+00	-3.87887332e+00	-8.32410215e-01	9.21006816e-02	9.21006816e-02	4.00647997e-02	1.46785892e-01	5.20358818e-02	5.46852101e-02
6.24662354e+02	-2.23505686e-04	-2.43032994e-05	-3.35839690e+00	-3.39998754e+00	-3.31680627e+00	-3.65181427e-01	5.28895923e-01	5.28895923e-01	4.73126136e-01	5.87227827e-01	5.57697871e-02	5.83319034e-02
6.25242737e+02	-2.51996506e-04	-5.82040744e-05	-3.78650002e+00	-3.83339231e+00	-3.73960772e+00	-8.74574543e-01	0.00000000e+00	-4.77862292e-03	0.00000000e+00	4.55379155e-02	4.77862292e-03	5.03165384e-02
6.25823059e+02	-1.77674268e-04	-5.73893277e-05	-2.66973391e+00	-2.70279609e+00	-2.63667173e+00	-8.62332157e-01	0.00000000e+00	-3.22458904e-01	0.00000000e+00	0.00000000e+00	3.22458904e-01	3.22458904e-01
6.26403320e+02	-1.16822709e-04	-3.96483153e-05	-1.75537826e+00	-1.77711699e+00	-1.73363953e+00	-5.95755668e-01	0.00000000e+00	-2.49374893e-01	0.00000000e+00	0.00000000e+00	2.49374893e-01	2.49374893e-01
6.26983582e+02	-4.51785775e-05	-3.97188256e-05	-6.78853400e-01	-6.87260370e-01	-6.70446430e-01	-5.96815155e-01	0.00000000e+00	-5.72310225e-01	0.00000000e+00	0.00000000e+00	5.72310225e-01	5.72310225e-01
6.27563782e+02	4.28413864e-05	4.54517452e-05	6.43734761e-01	6.35762703e-01	6.51706820e-01	6.82958018e-01	6.94674055e-01	6.94674055e-01	6.85426181e-01	7.03955504e-01	9.24787443e-03	9.28144854e-03
6.28143982e+02	1.22017942e-04	1.36991704e-04	1.83344185e+00	1.81073637e+00	1.85614733e+00	2.05843763e+00	2.12564416e+00	2.12564416e+00	2.09562023e+00	2.15586067e+00	3.00239227e-02	3.02165134e-02
6.28724121e+02	1.55564924e-04	1.33043187e-04	2.33751886e+00	2.30857086e+00	2.36646687e+00	1.99910720e+00	1.89802320e+00	1.89802320e+00	1.86880672e+00	1.92723280e+00	2.92164805e-02	2.92095965e-02
6.29304199e+02	1.21265885e-04	1.65711139e-05	1.82214143e+00	1.79957590e+00	1.84470697e+00	2.48997592e-01	0.00000000e+00	-2.20902516e-01	0.00000000e+00	0.00000000e+00	2.20902516e-01	2.20902516e-01
6.29884277e+02	6.34092304e-05	-5.85122358e-05	9.52787228e-01	9.40987841e-01	9.64586615e-01	-8.79204977e-01	0.00000000e+00	-1.42642343e+00	0.00000000e+00	0.00000000e+00	1.42642343e+00	1.42642343e+00
6.30464294e+02	5.13493570e-05	-1.26839494e-04	7.71575545e-01	7.62020297e-01	7.81130793e-01	-1.90589050e+00	0.00000000e+00	-2.70565308e+00	0.00000000e+00	0.00000000e+00	2.70565308e+00	2.70565308e+00
6.31044250e+02	-1.16567161e-06	-1.90209364e-04	-1.75153840e-02	-1.77322958e-02	-1.72984722e-02	-2.85808630e+00	0.00000000e+00	-3.70656852e+00	0.00000000e+00	0.00000000e+00	3.70656852e+00	3.70656852e+00
6.31624207e+02	-4.91138117e-05	-2.29503366e-04	-7.37984237e-01	-7.47123488e-01	-7.28844986e-01	-3.44851805e+00	0.00000000e+00	-4.25815802e+00	0.00000000e+00	0.00000000e+00	4.25815802e+00	4.25815802e+00
6.32204163e+02	-1.28150471e-05	-1.07792427e-04	-1.92558925e-01	-1.94943589e-01	-1.90174261e-01	-1.61968924e+00	0.00000000e+00	-2.04597492e+00	0.00000000e+00	0.00000000e+00	2.04597492e+00	2.04597492e+00
6.32783997e+02	9.32743278e-06	-7.91190680e-05	1.40154024e-01	1.38418347e-01	1.41889702e-01	-1.18884328e+00	0.00000000e+00	-1.58581650e+00	0.00000000e+00	0.00000000e+00	1.58581650e+00	1.58581650e+00
6.33363831e+02	-2.34261498e-05	-1.59157880e-04	-3.52001375e-01	-3.56360586e-01	-3.47642165e-01	-2.39150664e+00	0.00000000e+00	-3.00070951e+00	0.00000000e+00	0.00000000e+00	3.00070951e+00	3.00070951e+00
6.33943665e+02	-4.52088833e-05	-2.26621231e-04	-6.79308774e-01	-6.87721384e-01	-6.70896165e-01	-3.40521108e+00	0.00000000e+00	-4.21944164e+00	0.00000000e+00	0.00000000e+00	4.21944164e+00	4.21944164e+00
6.34523376e+02	-7.86646359e-05	-3.08001061e-04	-1.18201498e+00	-1.19665314e+00	-1.16737682e+00	-4.62802459e+00	0.00000000e+00	-5.65735213e+00	0.00000000e+00	0.00000000e+00	5.65735213e+00	5.65735213e+00
6.35103149e+02	-8.73106277e-05	-3.27582965e-04	-1.31192967e+00	-1.32817671e+00	-1.29568264e+00	-4.92226231e+00	0.00000000e+00	-6.00067336e+00	0.00000000e+00	0.00000000e+00	6.00067336e+00	6.00067336e+00
6.35682800e+02	-3.34698728e-05	-2.32246577e-04	-5.02918379e-01	-5.09146557e-01	-4.96690201e-01	-3.48973754e+00	0.00000000e+00	-4.38190431e+00	0.00000000e+00	0.00000000e+00	4.38190431e+00	4.38190431e+00
6.36262451e+02	6.30727382e-05	-6.91964675e-05	9.47731095e-01	9.35994323e-01	9.59467866e-01	-1.03974626e+00	0.00000000e+00	-1.63340833e+00	0.00000000e+00	0.00000000e+00	1.63340833e+00	1.63340833e+00
6.36842041e+02	1.47852392e-04	1.19628505e-04	2.22163035e+00	2.19411752e+00	2.24914318e+00	1.79753816e+00	1.67086127e+00	1.67086127e+00	1.64301199e+00	1.69870193e+00	2.78492826e-02	2.78406557e-02
6.37421631e+02	9.95222724e-05	1.63238646e-04	1.49542187e+00	1.47690246e+00	1.51394129e+00	2.45282423e+00	2.73880156e+00	2.73880156e+00	2.68914068e+00	2.78928194e+00	4.96608719e-02	5.04803840e-02
6.38001160e+02	3.59815998e-05	1.29006157e-04	5.40659593e-01	5.33964025e-01	5.47355161e-01	1.93844678e+00	2.35596763e+00	2.35596763e+00	2.30380619e+00	2.40932554e+00	5.21614383e-02	5.33579085e-02
6.38580688e+02	-4.01330699e-05	5.81353424e-05	-6.03039592e-01	-6.10507679e-01	-5.95571506e-01	8.73541775e-01	1.31459855e+00	1.31459855e+00	1.27403782e+00	1.35642319e+00	4.05607250e-02	4.18246411e-02
6.39160156e+02	-1.60787528e-04	-7.97212184e-05	-2.41599373e+00	-2.44591357e+00	-2.38607389e+00	-1.19789119e+00	0.00000000e+00	-8.34042383e-01	0.00000000e+00	0.00000000e+00	8.34042383e-01	8.34042383e-01
6.39739563e+02	-2.26470697e-04	-1.14490205e-04	-3.40294916e+00	-3.44509153e+00	-3.36080679e+00	-1.72033006e+00	0.00000000e+00	-1.21772954e+00	0.00000000e+00	0.00000000e+00	1.21772954e+00	1.21772954e+00
6.40318909e+02	-2.24640911e-04	-7.22627630e-05	-3.37545479e+00	-3.41725667e+00	-3.33365291e+00	-1.08582043e+00	0.00000000e+00	-4.01903669e-01	0.00000000e+00	0.00000000e+00	4.01903669e-01	4.01903669e-01
6.40898254e+02	-1.73816832e-04	2.87151614e-06	-2.61177208e+00	-2.64411645e+00	-2.57942770e+00	4.31474076e-02	8.36175306e-01	8.36175306e-01	7.82163027e-01	8.92460128e-01	5.40122785e-02	5.62848220e-02
6.41477600e+02	-1.09718059e-04	4.29997580e-05	-1.64862378e+00	-1.66904046e+00	-1.62820710e+00	6.46114453e-01	1.33155574e+00	1.33155574e+00	1.27733139e+00	1.38774433e+00	5.42243497e-02	5.61885872e-02
6.42056885e+02	-8.00363560e-05	-3.99584151e-05	-1.20262645e+00	-1.21751987e+00	-1.18773304e+00	-6.00415228e-01	0.00000000e+00	-4.20533953e-01	0.00000000e+00	0.00000000e+00	4.20533953e-01	4.20533953e-01
6.42636108e+02	-5.98418457e-05	-1.33144403e-04	-8.99183698e-01	-9.10319255e-01	-8.88048142e-01	-2.00062807e+00	0.00000000e+00	-2.32963093e+00	0.00000000e+00	0.00000000e+00	2.32963093e+00	2.32963093e+00
6.43215271e+02	-1.11318696e-04	-1.77032567e-04	-1.67267496e+00	-1.69338949e+00	-1.65196043e+00	-2.66009171e+00	0.00000000e+00	-2.95503438e+00	0.00000000e+00	0.00000000e+00	2.95503438e+00	2.95503438e+00
6.43794434e+02	-1.94820634e-04	-2.11036813e-04	-2.92737524e+00	-2.96362807e+00	-2.89112242e+00	-3.17103959e+00	0.00000000e+00	-3.24382245e+00	0.00000000e+00	0.00000000e+00	3.24382245e+00	3.24382245e+00
6.44373535e+02	-2.80440867e-04	-1.45108772e-04	-4.21390505e+00	-4.26609036e+00	-4.16171974e+00	-2.18040471e+00	0.00000000e+00	-1.57299551e+00	0.00000000e+00	0.00000000e+00	1.57299551e+00	1.57299551e+00
6.44952637e+02	-3.54566770e-04	-5.62342708e-05	-5.32772103e+00	-5.39369991e+00	-5.26174214e+00	-8.44976270e-01	4.94025411e-01	4.94025411e-01	4.14193909e-01	5.77694028e-01	7.98315019e-02	8.36686174e-02
6.45531677e+02	-4.03364283e-04	3.09955339e-05	-6.06095255e+00	-6.13601183e+00	-5.98589327e+00	4.65738957e-01	2.41527019e+00	2.41527019e+00	2.27803555e+00	2.55809150e+00	1.37234633e-01	1.42821315e-01
6.46110657e+02	-4.01871368e-04	5.57621117e-05	-6.03852001e+00	-6.11330148e+00	-5.96373854e+00	8.37881606e-01	2.89187170e+00	2.89187170e+00	2.74298423e+00	3.04664520e+00	1.48887472e-01	1.54773497e-01
6.46689636e+02	-3.83217738e-04	-3.91117244e-05	-5.75823052e+00	-5.82954087e+00	-5.68692018e+00	-5.87692852e-01	9.56753466e-01	9.56753466e-01	8.59881562e-01	1.05805122e+00	9.68719040e-02	1.01297753e-01
6.47268555e+02	-2.44055956e-04	-3.77327244e-05	-3.66718530e+00	-3.71259999e+00	-3.62177061e+00	-5.66971996e-01	3.59065744e-01	3.59065744e-01	3.03639693e-01	4.17145499e-01	5.54260509e-02	5.80797547e-02
6.47847473e+02	-3.94033432e-05	6.19671138e-05	-5.92074717e-01	-5.99407014e-01	-5.84742421e-01	9.31117981e-01	1.38609762e+00	1.38609762e+00	1.34388498e+00	1.42961408e+00	4.22126431e-02	4.35164573e-02
6.48426331e+02	1.16464657e-04	1.06280791e-04	1.74999818e+00	1.72832608e+00	1.77167029e+00	1.59697539e+00	1.55126728e+00	1.55126728e+00	1.52947377e+00	1.57305767e+00	2.17935046e-02	2.17903918e-02
6.49005127e+02	2.12693321e-04	1.41613806e-04	3.19593028e+00	3.15635165e+00	3.23550892e+00	2.12788934e+00	1.80886413e+00	1.80886413e+00	1.76843817e+00	1.84926836e+00	4.04259557e-02	4.04042295e-02
6.49583923e+02	2.80524214e-04	1.78442139e-04	4.21515743e+00	4.16295661e+00	4.26735825e+00	2.68127195e+00	2.22309836e+00	2.22309836e+00	2.16968065e+00	2.27648487e+00	5.34177132e-02	5.33865107e-02
6.50162659e+02	2.56262897e-04	2.20657051e-04	3.85060683e+00	3.80292063e+00	3.89829302e+00	3.31559330e+00	3.15578406e+00	3.15578406e+00	3.10767342e+00	3.20388383e+00	4.81106447e-02	4.80997614e-02
6.50741333e+02	1.10131682e-04	1.67782020e-04	1.65483889e+00	1.63434524e+00	1.67533253e+00	2.52109297e+00	2.77984420e+00	2.77984420e+00	2.73117388e+00	2.82925601e+00	4.86703212e-02	4.94118126e-02
6.51320007e+02	-1.61246568e-04	1.49201954e-05	-2.42289127e+00	-2.45289653e+00	-2.39288601e+00	2.24190887e-01	1.01487777e+00	1.01487777e+00	9.58781298e-01	1.07324007e+00	5.60964672e-02	5.83623022e-02
6.51898621e+02	-3.32890782e-04	-1.09919284e-04	-5.00201759e+00	-5.06396294e+00	-4.94007223e+00	-1.65164740e+00	0.00000000e+00	-6.50887471e-01	0.00000000e+00	0.00000000e+00	6.50887471e-01	6.50887471e-01
6.52477234e+02	-3.57783508e-04	-1.99684734e-04	-5.37605573e+00	-5.44263320e+00	-5.30947827e+00	-3.00046323e+00	0.00000000e+00	-2.29087067e+00	0.00000000e+00	0.00000000e+00	2.29087067e+00	2.29087067e+00
6.53055725e+02	-3.52056260e-04	-2.95808456e-04	-5.28999810e+00	-5.35550982e+00	-5.22448637e+00	-4.44481848e+00	0.00000000e+00	-4.19236223e+00	0.00000000e+00	0.00000000e+00	4.19236223e+00	4.19236223e+00
6.53634277e+02	-2.66580093e-04	-3.25626835e-04	-4.00563304e+00	-4.05523909e+00	-3.95602698e+00	-4.89286949e+00	0.00000000e+00	-5.15788817e+00	0.00000000e+00	0.00000000e+00	5.15788817e+00	5.15788817e+00
6.54212708e+02	-5.11295631e-05	-2.23513199e-04	-7.68272921e-01	-7.77787269e-01	-7.58758573e-01	-3.35850980e+00	0.00000000e+00	-4.13221691e+00	0.00000000e+00	0.00000000e+00	4.13221691e+00	4.13221691e+00
6.54791138e+02	1.64854312e-04	-5.02071469e-05	2.47710123e+00	2.44642463e+00	2.50777783e+00	-7.54412694e-01	0.00000000e+00	-1.71967010e+00	0.00000000e+00	0.00000000e+00	1.71967010e+00	1.71967010e+00
6.55369568e+02	2.11963775e-04	8.43484211e-05	3.18496812e+00	3.14552524e+00	3.22441099e+00	1.26741955e+00	6.94645303e-01	6.94645303e-01	6.53681153e-01	7.35570446e-01	4.09641496e-02	4.09251427e-02
6.55947876e+02	7.41809862e-05	1.35657130e-04	1.11464365e+00	1.10083982e+00	1.12844748e+00	2.03838431e+00	2.31430685e+00	2.31430685e+00	2.27045647e+00	2.35894792e+00	4.38503715e-02	4.46410700e-02
6.56526245e+02	-6.64575961e-05	1.46452592e-04	-9.98591976e-01	-1.01095861e+00	-9.86225340e-01	2.20059695e+00	3.15619884e+00	3.15619884e+00	3.06450535e+00	3.25063075e+00	9.16934888e-02	9.44319132e-02
6.57104492e+02	-8.93283557e-05	1.43321982e-04	-1.34224806e+00	-1.35887056e+00	-1.32562556e+00	2.15355639e+00	3.19775772e+00	3.19775772e+00	3.10067207e+00	3.29783569e+00	9.70856499e-02	1.00077970e-01
6.57682739e+02	-3.37409611e-05	1.57975903e-04	-5.06991752e-01	-5.13270375e-01	-5.00713129e-01	2.37374624e+00	3.23422642e+00	3.23422642e+00	3.14680319e+00	3.32411550e+00	8.74232379e-02	8.98890763e-02
6.58260925e+02	8.69857508e-05	2.46178829e-04	1.30704807e+00	1.29086149e+00	1.32323465e+00	3.69908359e+00	4.41358771e+00	4.41358771e+00	4.31959531e+00	4.50962763e+00	9.39923978e-02	9.60399194e-02
6.58839111e+02	2.36681281e-04	3.32752545e-04	3.55637343e+00	3.51233104e+00	3.60041581e+00	4.99994043e+00	5.43113577e+00	5.43113577e+00	5.34013843e+00	5.52336877e+00	9.09973402e-02	9.22329969e-02
6.59417236e+02	3.14904509e-04	3.34360759e-04	4.73175581e+00	4.67315740e+00	4.79035422e+00	5.02410546e+00	5.11143069e+00	5.11143069e+00	5.04332301e+00	5.17978861e+00	6.81076762e-02	6.83579201e-02
6.59995300e+02	2.71981879e-04	2.85088444e-04	4.08680028e+00	4.03618905e+00	4.13741151e+00	4.28373956e+00	4.34256558e+00	4.34256558e+00	4.28554849e+00	4.39975123e+00	5.70170834e-02	5.71856584e-02
6.60573364e+02	1.52244305e-04	1.86657333e-04	2.28762325e+00	2.25929315e+00	2.31595334e+00	2.80471348e+00	2.95916900e+00	2.95916900e+00	2.91401949e+00	3.00476112e+00	4.51495043e-02	4.55921204e-02
6.61151367e+02	3.73622502e-05	5.16741864e-05	5.61405249e-01	5.54452766e-01	5.68357733e-01	7.76456432e-01	8.40692500e-01	8.40692500e-01	8.26745039e-01	8.54824038e-01	1.39474606e-02	1.41315389e-02
6.61729309e+02	-2.43408407e-06	-7.43995086e-05	-3.65745523e-02	-3.70274942e-02	-3.61216103e-02	-1.11792717e+00	0.00000000e+00	-1.44092860e+00	0.00000000e+00	0.00000000e+00	1.44092860e+00	1.44092860e+00
6.62307251e+02	4.61863353e-05	-1.15633412e-04	6.93995970e-01	6.85401473e-01	7.02590466e-01	-1.73750789e+00	0.00000000e+00	-2.46380125e+00	0.00000000e+00	0.00000000e+00	2.46380125e+00	2.46380125e+00
6.62885132e+02	1.03816919e-04	-8.95756736e-05	1.55995325e+00	1.54063467e+00	1.57927182e+00	-1.34596426e+00	0.00000000e+00	-2.21396559e+00	0.00000000e+00	0.00000000e+00	2.21396559e+00	2.21396559e+00
6.63463013e+02	1.14855897e-04	-7.51895197e-05	1.72582495e+00	1.70445221e+00	1.74719769e+00	-1.12979788e+00	0.00000000e+00	-1.98277613e+00	0.00000000e+00	0.00000000e+00	1.98277613e+00	1.98277613e+00
6.64040833e+02	1.09773099e-04	-5.57653763e-05	1.64945082e+00	1.62902390e+00	1.66987774e+00	-8.37930659e-01	0.00000000e+00	-1.58091474e+00	0.00000000e+00	0.00000000e+00	1.58091474e+00	1.58091474e+00
6.64618591e+02	1.09856308e-04	1.17067851e-05	1.65070111e+00	1.63025870e+00	1.67114351e+00	1.75906178e-01	0.00000000e+00	-2.64616983e-01	0.00000000e+00	0.00000000e+00	2.64616983e-01	2.64616983e-01
6.65196350e+02	1.35172818e-04	1.04961200e-04	2.03110704e+00	2.00595366e+00	2.05626042e+00	1.57714721e+00	1.44154882e+00	1.44154882e+00	1.41603530e+00	1.46705311e+00	2.55135233e-02	2.55042888e-02
6.65774048e+02	1.69046275e-04	1.45367890e-04	2.54008967e+00	2.50863302e+00	2.57154633e+00	2.18429822e+00	2.07802285e+00	2.07802285e+00	2.04628393e+00	2.10975453e+00	3.17389202e-02	3.17316827e-02
6.66351685e+02	1.74641076e-04	1.63688416e-04	2.62415717e+00	2.59165941e+00	2.65665492e+00	2.45958248e+00	2.41042381e+00	2.41042381e+00	2.37779549e+00	2.44304878e+00	3.26283179e-02	3.26249701e-02
6.66929321e+02	1.64097865e-04	1.86210174e-04	2.46573485e+00	2.43519901e+00	2.49627069e+00	2.79799446e+00	2.89724083e+00	2.89724083e+00	2.85589757e+00	2.93886850e+00	4.13432596e-02	4.16276653e-02
6.67506897e+02	9.70793490e-05	1.32982917e-04	1.45871450e+00	1.44064967e+00	1.47677933e+00	1.99820159e+00	2.15934708e+00	2.15934708e+00	2.12373434e+00	2.19542161e+00	3.56127414e-02	3.60745286e-02
6.68084412e+02	-1.84989363e-05	2.49956857e-05	-2.77965056e-01	-2.81407395e-01	-2.74522716e-01	3.75585226e-01	5.70801544e-01	5.70801544e-01	5.52985832e-01	5.89176678e-01	1.78157122e-02	1.83751347e-02
6.68661926e+02	-1.07940685e-04	-6.94355646e-05	-1.62191695e+00	-1.64200289e+00	-1.60183101e+00	-1.04333894e+00	0.00000000e+00	-8.70516933e-01	0.00000000e+00	0.00000000e+00	8.70516933e-01	8.70516933e-01
6.69239380e+02	-1.80863959e-04	-1.66608021e-04	-2.71766223e+00	-2.75131795e+00	-2.68400650e+00	-2.50345246e+00	0.00000000e+00	-2.43946773e+00	0.00000000e+00	0.00000000e+00	2.43946773e+00	2.43946773e+00
6.69816833e+02	-1.99241447e-04	-2.06626820e-04	-2.99380240e+00	-3.03087786e+00	-2.95672693e+00	-3.10477503e+00	0.00000000e+00	-3.13792270e+00	0.00000000e+00	0.00000000e+00	3.13792270e+00	3.13792270e+00
6.70394226e+02	-1.80917550e-04	-1.96593018e-04	-2.71846748e+00	-2.75213318e+00	-2.68480178e+00	-2.95400710e+00	0.00000000e+00	-3.02436308e+00	0.00000000e+00	0.00000000e+00	3.02436308e+00	3.02436308e+00
6.70971558e+02	-1.53858589e-04	-1.44040056e-04	-2.31187948e+00	-2.34050997e+00	-2.28324900e+00	-2.16434618e+00	0.00000000e+00	-2.12027780e+00	0.00000000e+00	0.00000000e+00	2.12027780e+00	2.12027780e+00
6.71548889e+02	-1.11365323e-04	-8.52201453e-05	-1.67337558e+00	-1.69409879e+00	-1.65265238e+00	-1.28051808e+00	0.00000000e+00	-1.16317103e+00	0.00000000e+00	0.00000000e+00	1.16317103e+00	1.16317103e+00
6.72126160e+02	-7.64066888e-05	-6.12247032e-05	-1.14808707e+00	-1.16230506e+00	-1.13386907e+00	-9.19962518e-01	0.00000000e+00	-8.51821419e-01	0.00000000e+00	0.00000000e+00	8.51821419e-01	8.51821419e-01
6.72703369e+02	-2.29873038e-05	-3.62354950e-05	-3.45407275e-01	-3.49684824e-01	-3.41129726e-01	-5.44474624e-01	0.00000000e+00	-6.03936299e-01	0.00000000e+00	0.00000000e+00	6.03936299e-01	6.03936299e-01
6.73280579e+02	8.89953275e-05	1.29897320e-05	1.33724398e+00	1.32068345e+00	1.35380450e+00	1.95183739e-01	0.00000000e+00	-1.45951136e-01	0.00000000e+00	0.00000000e+00	1.45951136e-01	1.45951136e-01
6.73857727e+02	2.21032882e-04	4.47722563e-05	3.32124055e+00	3.28011006e+00	3.36237103e+00	6.72748017e-01	0.00000000e+00	-1.18360142e-01	0.00000000e+00	0.00000000e+00	1.18360142e-01	1.18360142e-01
6.74434875e+02	3.22520359e-04	1.06835373e-04	4.84619159e+00	4.78617600e+00	4.90620718e+00	1.60530854e+00	6.37252565e-01	6.37252565e-01	5.74665846e-01	6.99773358e-01	6.25867194e-02	6.25207930e-02
6.75011902e+02	3.62249892e-04	2.01562144e-04	5.44316763e+00	5.37575905e+00	5.51057622e+00	3.02867320e+00	2.30746058e+00	2.30746058e+00	2.23813647e+00	2.37673557e+00	6.93241053e-02	6.92749894e-02
6.75588989e+02	3.37284556e-04	2.57958062e-04	5.06803843e+00	5.00527548e+00	5.13080139e+00	3.87607838e+00	3.52003837e+00	3.52003837e+00	3.45632978e+00	3.58372271e+00	6.37085900e-02	6.36843430e-02
6.76165955e+02	3.01783618e-04	2.45683310e-04	4.53460127e+00	4.47844443e+00	4.59075810e+00	3.69163792e+00	3.43984367e+00	3.43984367e+00	3.38301808e+00	3.49665212e+00	5.68255914e-02	5.68084437e-02
6.76742920e+02	2.30509356e-04	1.61211007e-04	3.46363406e+00	3.42074016e+00	3.50652796e+00	2.42235692e+00	2.11132609e+00	2.11132609e+00	2.06760610e+00	2.15502489e+00	4.37199860e-02	4.36988042e-02
6.77319824e+02	1.73889870e-04	6.85508102e-05	2.61286954e+00	2.58051158e+00	2.64522751e+00	1.03004462e+00	5.57252755e-01	5.57252755e-01	5.23639066e-01	5.90834246e-01	3.36136888e-02	3.35814908e-02
6.77896729e+02	1.81780543e-04	3.19647479e-05	2.73143482e+00	2.69760853e+00	2.76526111e+00	4.80302368e-01	0.00000000e+00	-1.92113820e-01	0.00000000e+00	0.00000000e+00	1.92113820e-01	1.92113820e-01
6.78473572e+02	2.07894902e-04	3.53073061e-05	3.12382923e+00	3.08514350e+00	3.16251496e+00	5.30527655e-01	0.00000000e+00	-2.44094892e-01	0.00000000e+00	0.00000000e+00	2.44094892e-01	2.44094892e-01
6.79050354e+02	2.04039825e-04	7.38222579e-05	3.06590284e+00	3.02793448e+00	3.10387120e+00	1.10925340e+00	5.24799673e-01	5.24799673e-01	4.85279016e-01	5.64280527e-01	3.95206569e-02	3.94808546e-02
6.79627136e+02	2.11887412e-04	1.34017491e-04	3.18382070e+00	3.14439203e+00	3.22324936e+00	2.01374711e+00	1.66424460e+00	1.66424460e+00	1.62388767e+00	1.70457774e+00	4.03569365e-02	4.03331348e-02
6.80203857e+02	2.04915026e-04	1.73510894e-04	3.07905360e+00	3.04092238e+00	3.11718483e+00	2.60717505e+00	2.46622431e+00	2.46622431e+00	2.42771872e+00	2.50472030e+00	3.85055857e-02	3.84959867e-02
6.80780518e+02	1.59342900e-04	1.75267883e-04	2.39428674e+00	2.36463572e+00	2.42393776e+00	2.63357558e+00	2.70505147e+00	2.70505147e+00	2.66761709e+00	2.74269067e+00	3.74343778e-02	3.76392029e-02
6.81357178e+02	2.61080439e-05	6.75555507e-05	3.92299521e-01	3.87441255e-01	3.97157787e-01	1.01508984e+00	1.20111812e+00	1.20111812e+00	1.17600234e+00	1.22676700e+00	2.51157875e-02	2.56488802e-02
6.81933777e+02	-1.07288912e-04	-6.12874507e-05	-1.61212341e+00	-1.63208807e+00	-1.59215876e+00	-9.20905362e-01	0.00000000e+00	-7.14437632e-01	0.00000000e+00	0.00000000e+00	7.14437632e-01	7.14437632e-01
6.82510376e+02	-1.80838340e-04	-1.24773795e-04	-2.71727728e+00	-2.75092824e+00	-2.68362632e+00	-1.87485130e+00	0.00000000e+00	-1.62321756e+00	0.00000000e+00	0.00000000e+00	1.62321756e+00	1.62321756e+00
6.83086914e+02	-2.11781293e-04	-1.66235863e-04	-3.18222615e+00	-3.22163507e+00	-3.14281722e+00	-2.49786042e+00	0.00000000e+00	-2.29343950e+00	0.00000000e+00	0.00000000e+00	2.29343950e+00	2.29343950e+00
6.83663391e+02	-1.98116007e-04	-1.92998888e-04	-2.97689153e+00	-3.01375757e+00	-2.94002549e+00	-2.90000169e+00	0.00000000e+00	-2.87703459e+00	0.00000000e+00	0.00000000e+00	2.87703459e+00	2.87703459e+00
6.84239868e+02	-1.31123658e-04	-1.89662316e-04	-1.97026436e+00	-1.99466425e+00	-1.94586446e+00	-2.84986636e+00	0.00000000e+00	-3.11260462e+00	0.00000000e+00	0.00000000e+00	3.11260462e+00	3.11260462e+00
6.84816223e+02	-1.11654586e-04	-1.66949647e-04	-1.67772205e+00	-1.69849908e+00	-1.65694502e+00	-2.50858574e+00	0.00000000e+00	-2.75676580e+00	0.00000000e+00	0.00000000e+00	2.75676580e+00	2.75676580e+00
6.85392639e+02	-1.65314021e-04	-1.64274736e-04	-2.48400882e+00	-2.51477096e+00	-2.45324667e+00	-2.46839252e+00	0.00000000e+00	-2.46372792e+00	0.00000000e+00	0.00000000e+00	2.46372792e+00	2.46372792e+00
6.85968933e+02	-2.23295210e-04	-1.79149966e-04	-3.35523428e+00	-3.39678575e+00	-3.31368282e+00	-2.69190777e+00	0.00000000e+00	-2.49377128e+00	0.00000000e+00	0.00000000e+00	2.49377128e+00	2.49377128e+00
6.86545227e+02	-2.64289564e-04	-1.47295385e-04	-3.97121554e+00	-4.02039537e+00	-3.92203572e+00	-2.21326075e+00	0.00000000e+00	-1.68815738e+00	0.00000000e+00	0.00000000e+00	1.68815738e+00	1.68815738e+00
6.87121521e+02	-3.03951349e-04	-1.02160378e-04	-4.56717361e+00	-4.62373382e+00	-4.51061340e+00	-1.53506206e+00	0.00000000e+00	-6.29366402e-01	0.00000000e+00	0.00000000e+00	6.29366402e-01	6.29366402e-01
6.87697693e+02	-3.45585942e-04	-7.94251363e-05	-5.19277508e+00	-5.25708278e+00	-5.12846737e+00	-1.19344226e+00	1.16364305e-03	1.16364305e-03	0.00000000e+00	7.03656963e-02	1.16364305e-03	6.92020532e-02
6.88273865e+02	-3.90724480e-04	-7.95532686e-05	-5.87102685e+00	-5.94373408e+00	-5.79831963e+00	-1.19536758e+00	2.01257917e-01	2.01257917e-01	1.21879818e-01	2.84638263e-01	7.93780998e-02	8.33803452e-02
6.88850037e+02	-4.15964620e-04	-7.48827324e-05	-6.25028525e+00	-6.32768924e+00	-6.17288126e+00	-1.12518809e+00	4.05685085e-01	4.05685085e-01	3.16384867e-01	4.99372255e-01	8.93002172e-02	9.36871700e-02
6.89426147e+02	-4.39432855e-04	-9.76146998e-05	-6.60291899e+00	-6.68469002e+00	-6.52114796e+00	-1.46675868e+00	6.74190718e-02	6.74190718e-02	0.00000000e+00	1.57108521e-01	6.74190718e-02	8.96894492e-02
6.90002197e+02	-4.20734354e-04	-1.81869250e-04	-6.32195527e+00	-6.40024683e+00	-6.24366372e+00	-2.73276772e+00	0.00000000e+00	-1.66067274e+00	0.00000000e+00	0.00000000e+00	1.66067274e+00	1.66067274e+00
6.90578186e+02	-3.09784517e-04	-2.26787615e-04	-4.65482279e+00	-4.71246845e+00	-4.59717712e+00	-3.40771118e+00	0.00000000e+00	-3.03519732e+00	0.00000000e+00	0.00000000e+00	3.03519732e+00	3.03519732e+00
6.91154175e+02	-1.80650455e-04	-2.22700570e-04	-2.71445411e+00	-2.74807011e+00	-2.68083811e+00	-3.34629923e+00	0.00000000e+00	-3.53503219e+00	0.00000000e+00	0.00000000e+00	3.53503219e+00	3.53503219e+00
6.91730103e+02	-8.11242600e-05	-2.20637795e-04	-1.21897330e+00	-1.23406915e+00	-1.20387745e+00	-3.31530396e+00	0.00000000e+00	-3.94148066e+00	0.00000000e+00	0.00000000e+00	3.94148066e+00	3.94148066e+00
6.92306030e+02	9.98560892e-06	-1.73564446e-04	1.50043780e-01	1.48185627e-01	1.51901933e-01	-2.60797972e+00	0.00000000e+00	-3.43180492e+00	0.00000000e+00	0.00000000e+00	3.43180492e+00	3.43180492e+00
6.92881897e+02	1.15781717e-04	-8.25985963e-05	1.73973633e+00	1.71819131e+00	1.76128135e+00	-1.24112668e+00	0.00000000e+00	-2.13151433e+00	0.00000000e+00	0.00000000e+00	2.13151433e+00	2.13151433e+00
6.93457703e+02	2.40485204e-04	3.81452338e-05	3.61353118e+00	3.56878095e+00	3.65828141e+00	5.73170362e-01	0.00000000e+00	-3.34989363e-01	0.00000000e+00	0.00000000e+00	3.34989363e-01	3.34989363e-01
6.94033447e+02	3.02649179e-04	1.21254119e-04	4.54760719e+00	4.49128929e+00	4.60392508e+00	1.82196464e+00	1.00781168e+00	1.00781168e+00	9.49331410e-01	1.06623650e+00	5.84802663e-02	5.84248210e-02
6.94609192e+02	2.76656812e-04	1.23547925e-04	4.15704584e+00	4.10556468e+00	4.20852699e+00	1.85643138e+00	1.16923485e+00	1.16923485e+00	1.11592852e+00	1.22249439e+00	5.33063334e-02	5.32595340e-02
6.95184937e+02	1.84388288e-04	1.04793694e-04	2.77061880e+00	2.73630726e+00	2.80493035e+00	1.57463026e+00	1.21738693e+00	1.21738693e+00	1.18212656e+00	1.25262297e+00	3.52603735e-02	3.52360446e-02
6.95760559e+02	8.79617662e-05	9.47869847e-05	1.32171368e+00	1.30534548e+00	1.33808188e+00	1.42426943e+00	1.45490296e+00	1.45490296e+00	1.43519893e+00	1.47469478e+00	1.97040329e-02	1.97918180e-02
6.96336182e+02	4.83780541e-05	9.74239014e-05	7.26928742e-01	7.17926403e-01	7.35931080e-01	1.46389174e+00	1.68402355e+00	1.68402355e+00	1.65104999e+00	1.71762793e+00	3.29735587e-02	3.36043803e-02
6.96911743e+02	1.21081271e-05	8.65730019e-05	1.81936743e-01	1.79683625e-01	1.84189860e-01	1.30084611e+00	1.63506579e+00	1.63506579e+00	1.59641787e+00	1.67467146e+00	3.86479201e-02	3.96056780e-02
6.97487305e+02	-3.97634986e-06	7.08341246e-05	-5.97486413e-02	-6.04885728e-02	-5.90087097e-02	1.06435370e+00	1.40012453e+00	1.40012453e+00	1.36430075e+00	1.43691052e+00	3.58237828e-02	3.67859859e-02
6.98062805e+02	2.47558554e-05	5.79759623e-05	3.71981534e-01	3.67374887e-01	3.76588180e-01	8.71146930e-01	1.02024828e+00	1.02024828e+00	9.99405266e-01	1.04151857e+00	2.08430159e-02	2.12702888e-02
6.98638245e+02	2.33677108e-05	2.58820154e-05	3.51123270e-01	3.46774934e-01	3.55471607e-01	3.88903217e-01	4.00188136e-01	4.00188136e-01	3.94610930e-01	4.05797680e-01	5.57720578e-03	5.60954445e-03
6.99213684e+02	-4.05899446e-05	-3.44099127e-05	-6.09904593e-01	-6.17457696e-01	-6.02351490e-01	-5.17043420e-01	0.00000000e+00	-4.89305667e-01	0.00000000e+00	0.00000000e+00	4.89305667e-01	4.89305667e-01
6.99789062e+02	-1.99566272e-04	-1.31862019e-04	-2.99868322e+00	-3.03581913e+00	-2.96154730e+00	-1.98135896e+00	0.00000000e+00	-1.67748289e+00	0.00000000e+00	0.00000000e+00	1.67748289e+00	1.67748289e+00
